timestamp,value,variable
1764787928205,,currents.a
1764787928205,,currents.b
1764787928205,,currents.c
1764787928205,0,currents.a
1764787928208,0,currents.a
1764787928210,0,currents.a
1764787928212,0,currents.a
1764787928215,0,currents.a
1764787928218,0,currents.a
1764787928221,0,currents.a
1764787928223,0,currents.a
1764787928225,0,currents.a
1764787928227,0,currents.a
1764787928228,0,currents.a
1764787928230,0,currents.a
1764787928233,0,currents.a
1764787928235,0,currents.a
1764787928238,0,currents.a
1764787928240,0,currents.a
1764787928242,0,currents.a
1764787928244,0,currents.a
1764787928247,0,currents.a
1764787928249,0,currents.a
1764787928252,0,currents.a
1764787928255,0,currents.a
1764787928258,0,currents.a
1764787928260,0,currents.a
1764787928205,0,currents.b
1764787928208,0,currents.b
1764787928210,0,currents.b
1764787928212,0,currents.b
1764787928215,0,currents.b
1764787928218,0,currents.b
1764787928221,0,currents.b
1764787928223,0,currents.b
1764787928225,0,currents.b
1764787928227,0,currents.b
1764787928228,0,currents.b
1764787928230,0,currents.b
1764787928233,0,currents.b
1764787928235,0,currents.b
1764787928238,0,currents.b
1764787928240,0,currents.b
1764787928242,0,currents.b
1764787928244,0,currents.b
1764787928247,0,currents.b
1764787928249,0,currents.b
1764787928252,0,currents.b
1764787928255,0,currents.b
1764787928258,0,currents.b
1764787928260,0,currents.b
1764787928205,0,currents.c
1764787928208,0,currents.c
1764787928210,0,currents.c
1764787928212,0,currents.c
1764787928215,0,currents.c
1764787928218,0,currents.c
1764787928221,0,currents.c
1764787928223,0,currents.c
1764787928225,0,currents.c
1764787928227,0,currents.c
1764787928228,0,currents.c
1764787928230,0,currents.c
1764787928233,0,currents.c
1764787928235,0,currents.c
1764787928238,0,currents.c
1764787928240,0,currents.c
1764787928242,0,currents.c
1764787928244,0,currents.c
1764787928247,0,currents.c
1764787928249,0,currents.c
1764787928252,0,currents.c
1764787928255,0,currents.c
1764787928258,0,currents.c
1764787928260,0,currents.c
1764787928262,0,currents.a
1764787928265,0,currents.a
1764787928268,0,currents.a
1764787928270,0,currents.a
1764787928274,0,currents.a
1764787928276,0,currents.a
1764787928279,0,currents.a
1764787928281,0,currents.a
1764787928284,0,currents.a
1764787928286,0,currents.a
1764787928288,0,currents.a
1764787928289,0,currents.a
1764787928291,0,currents.a
1764787928292,0,currents.a
1764787928294,0,currents.a
1764787928296,0,currents.a
1764787928298,0,currents.a
1764787928300,0,currents.a
1764787928304,0,currents.a
1764787928306,0,currents.a
1764787928308,0,currents.a
1764787928310,0,currents.a
1764787928311,0,currents.a
1764787928313,0,currents.a
1764787928262,0,currents.b
1764787928265,0,currents.b
1764787928268,0,currents.b
1764787928270,0,currents.b
1764787928274,0,currents.b
1764787928276,0,currents.b
1764787928279,0,currents.b
1764787928281,0,currents.b
1764787928284,0,currents.b
1764787928286,0,currents.b
1764787928288,0,currents.b
1764787928289,0,currents.b
1764787928291,0,currents.b
1764787928292,0,currents.b
1764787928294,0,currents.b
1764787928296,0,currents.b
1764787928298,0,currents.b
1764787928300,0,currents.b
1764787928304,0,currents.b
1764787928306,0,currents.b
1764787928308,0,currents.b
1764787928310,0,currents.b
1764787928311,0,currents.b
1764787928313,0,currents.b
1764787928262,0,currents.c
1764787928265,0,currents.c
1764787928268,0,currents.c
1764787928270,0,currents.c
1764787928274,0,currents.c
1764787928276,0,currents.c
1764787928279,0,currents.c
1764787928281,0,currents.c
1764787928284,0,currents.c
1764787928286,0,currents.c
1764787928288,0,currents.c
1764787928289,0,currents.c
1764787928291,0,currents.c
1764787928292,0,currents.c
1764787928294,0,currents.c
1764787928296,0,currents.c
1764787928298,0,currents.c
1764787928300,0,currents.c
1764787928304,0,currents.c
1764787928306,0,currents.c
1764787928308,0,currents.c
1764787928310,0,currents.c
1764787928311,0,currents.c
1764787928313,0,currents.c
1764787928315,0,currents.a
1764787928317,0,currents.a
1764787928319,0,currents.a
1764787928321,0,currents.a
1764787928324,0,currents.a
1764787928327,0,currents.a
1764787928329,0,currents.a
1764787928331,0,currents.a
1764787928335,0,currents.a
1764787928337,0,currents.a
1764787928340,0,currents.a
1764787928342,0,currents.a
1764787928345,0,currents.a
1764787928348,0,currents.a
1764787928350,0,currents.a
1764787928353,0,currents.a
1764787928355,0,currents.a
1764787928358,0,currents.a
1764787928360,0,currents.a
1764787928362,0,currents.a
1764787928364,0,currents.a
1764787928366,0,currents.a
1764787928315,0,currents.b
1764787928317,0,currents.b
1764787928319,0,currents.b
1764787928321,0,currents.b
1764787928324,0,currents.b
1764787928327,0,currents.b
1764787928329,0,currents.b
1764787928331,0,currents.b
1764787928335,0,currents.b
1764787928337,0,currents.b
1764787928340,0,currents.b
1764787928342,0,currents.b
1764787928345,0,currents.b
1764787928348,0,currents.b
1764787928350,0,currents.b
1764787928353,0,currents.b
1764787928355,0,currents.b
1764787928358,0,currents.b
1764787928360,0,currents.b
1764787928362,0,currents.b
1764787928364,0,currents.b
1764787928366,0,currents.b
1764787928315,0,currents.c
1764787928317,0,currents.c
1764787928319,0,currents.c
1764787928321,0,currents.c
1764787928324,0,currents.c
1764787928327,0,currents.c
1764787928329,0,currents.c
1764787928331,0,currents.c
1764787928335,0,currents.c
1764787928337,0,currents.c
1764787928340,0,currents.c
1764787928342,0,currents.c
1764787928345,0,currents.c
1764787928348,0,currents.c
1764787928350,0,currents.c
1764787928353,0,currents.c
1764787928355,0,currents.c
1764787928358,0,currents.c
1764787928360,0,currents.c
1764787928362,0,currents.c
1764787928364,0,currents.c
1764787928366,0,currents.c
1764787928369,0,currents.a
1764787928374,0,currents.a
1764787928376,0,currents.a
1764787928378,0,currents.a
1764787928381,0,currents.a
1764787928383,0,currents.a
1764787928386,0,currents.a
1764787928388,0,currents.a
1764787928390,0,currents.a
1764787928392,0,currents.a
1764787928394,0,currents.a
1764787928397,0,currents.a
1764787928399,0,currents.a
1764787928402,0,currents.a
1764787928405,0,currents.a
1764787928407,0,currents.a
1764787928410,0,currents.a
1764787928413,0,currents.a
1764787928415,0,currents.a
1764787928369,0,currents.b
1764787928374,0,currents.b
1764787928376,0,currents.b
1764787928378,0,currents.b
1764787928381,0,currents.b
1764787928383,0,currents.b
1764787928386,0,currents.b
1764787928388,0,currents.b
1764787928390,0,currents.b
1764787928392,0,currents.b
1764787928394,0,currents.b
1764787928397,0,currents.b
1764787928399,0,currents.b
1764787928402,0,currents.b
1764787928405,0,currents.b
1764787928407,0,currents.b
1764787928410,0,currents.b
1764787928413,0,currents.b
1764787928415,0,currents.b
1764787928369,0,currents.c
1764787928374,0,currents.c
1764787928376,0,currents.c
1764787928378,0,currents.c
1764787928381,0,currents.c
1764787928383,0,currents.c
1764787928386,0,currents.c
1764787928388,0,currents.c
1764787928390,0,currents.c
1764787928392,0,currents.c
1764787928394,0,currents.c
1764787928397,0,currents.c
1764787928399,0,currents.c
1764787928402,0,currents.c
1764787928405,0,currents.c
1764787928407,0,currents.c
1764787928410,0,currents.c
1764787928413,0,currents.c
1764787928415,0,currents.c
1764787928420,0,currents.a
1764787928423,0,currents.a
1764787928425,0,currents.a
1764787928427,0,currents.a
1764787928429,0,currents.a
1764787928431,0,currents.a
1764787928434,0,currents.a
1764787928436,0,currents.a
1764787928438,0,currents.a
1764787928440,0,currents.a
1764787928441,0,currents.a
1764787928443,0,currents.a
1764787928444,0,currents.a
1764787928446,0,currents.a
1764787928449,0,currents.a
1764787928452,0,currents.a
1764787928454,0,currents.a
1764787928456,0,currents.a
1764787928457,0,currents.a
1764787928459,0,currents.a
1764787928461,0,currents.a
1764787928463,0,currents.a
1764787928464,0,currents.a
1764787928467,0,currents.a
1764787928469,0,currents.a
1764787928420,0,currents.b
1764787928423,0,currents.b
1764787928425,0,currents.b
1764787928427,0,currents.b
1764787928429,0,currents.b
1764787928431,0,currents.b
1764787928434,0,currents.b
1764787928436,0,currents.b
1764787928438,0,currents.b
1764787928440,0,currents.b
1764787928441,0,currents.b
1764787928443,0,currents.b
1764787928444,0,currents.b
1764787928446,0,currents.b
1764787928449,0,currents.b
1764787928452,0,currents.b
1764787928454,0,currents.b
1764787928456,0,currents.b
1764787928457,0,currents.b
1764787928459,0,currents.b
1764787928461,0,currents.b
1764787928463,0,currents.b
1764787928464,0,currents.b
1764787928467,0,currents.b
1764787928469,0,currents.b
1764787928420,0,currents.c
1764787928423,0,currents.c
1764787928425,0,currents.c
1764787928427,0,currents.c
1764787928429,0,currents.c
1764787928431,0,currents.c
1764787928434,0,currents.c
1764787928436,0,currents.c
1764787928438,0,currents.c
1764787928440,0,currents.c
1764787928441,0,currents.c
1764787928443,0,currents.c
1764787928444,0,currents.c
1764787928446,0,currents.c
1764787928449,0,currents.c
1764787928452,0,currents.c
1764787928454,0,currents.c
1764787928456,0,currents.c
1764787928457,0,currents.c
1764787928459,0,currents.c
1764787928461,0,currents.c
1764787928463,0,currents.c
1764787928464,0,currents.c
1764787928467,0,currents.c
1764787928469,0,currents.c
1764787928471,0,currents.a
1764787928474,0,currents.a
1764787928475,0,currents.a
1764787928478,0,currents.a
1764787928479,0,currents.a
1764787928482,0,currents.a
1764787928485,0,currents.a
1764787928487,0,currents.a
1764787928490,0,currents.a
1764787928492,0,currents.a
1764787928494,0,currents.a
1764787928496,0,currents.a
1764787928498,0,currents.a
1764787928501,0,currents.a
1764787928503,0,currents.a
1764787928505,0,currents.a
1764787928508,0,currents.a
1764787928510,0,currents.a
1764787928512,0,currents.a
1764787928514,0,currents.a
1764787928516,0,currents.a
1764787928519,0,currents.a
1764787928471,0,currents.b
1764787928474,0,currents.b
1764787928475,0,currents.b
1764787928478,0,currents.b
1764787928479,0,currents.b
1764787928482,0,currents.b
1764787928485,0,currents.b
1764787928487,0,currents.b
1764787928490,0,currents.b
1764787928492,0,currents.b
1764787928494,0,currents.b
1764787928496,0,currents.b
1764787928498,0,currents.b
1764787928501,0,currents.b
1764787928503,0,currents.b
1764787928505,0,currents.b
1764787928508,0,currents.b
1764787928510,0,currents.b
1764787928512,0,currents.b
1764787928514,0,currents.b
1764787928516,0,currents.b
1764787928519,0,currents.b
1764787928471,0,currents.c
1764787928474,0,currents.c
1764787928475,0,currents.c
1764787928478,0,currents.c
1764787928479,0,currents.c
1764787928482,0,currents.c
1764787928485,0,currents.c
1764787928487,0,currents.c
1764787928490,0,currents.c
1764787928492,0,currents.c
1764787928494,0,currents.c
1764787928496,0,currents.c
1764787928498,0,currents.c
1764787928501,0,currents.c
1764787928503,0,currents.c
1764787928505,0,currents.c
1764787928508,0,currents.c
1764787928510,0,currents.c
1764787928512,0,currents.c
1764787928514,0,currents.c
1764787928516,0,currents.c
1764787928519,0,currents.c
1764787928522,0,currents.a
1764787928524,0,currents.a
1764787928527,0,currents.a
1764787928529,0,currents.a
1764787928531,0,currents.a
1764787928533,0,currents.a
1764787928535,0,currents.a
1764787928538,0,currents.a
1764787928540,0,currents.a
1764787928542,0,currents.a
1764787928544,0,currents.a
1764787928546,0,currents.a
1764787928548,0,currents.a
1764787928551,0,currents.a
1764787928553,0,currents.a
1764787928556,0,currents.a
1764787928558,0,currents.a
1764787928560,0,currents.a
1764787928562,0,currents.a
1764787928564,0,currents.a
1764787928566,0,currents.a
1764787928569,0,currents.a
1764787928571,0,currents.a
1764787928522,0,currents.b
1764787928524,0,currents.b
1764787928527,0,currents.b
1764787928529,0,currents.b
1764787928531,0,currents.b
1764787928533,0,currents.b
1764787928535,0,currents.b
1764787928538,0,currents.b
1764787928540,0,currents.b
1764787928542,0,currents.b
1764787928544,0,currents.b
1764787928546,0,currents.b
1764787928548,0,currents.b
1764787928551,0,currents.b
1764787928553,0,currents.b
1764787928556,0,currents.b
1764787928558,0,currents.b
1764787928560,0,currents.b
1764787928562,0,currents.b
1764787928564,0,currents.b
1764787928566,0,currents.b
1764787928569,0,currents.b
1764787928571,0,currents.b
1764787928522,0,currents.c
1764787928524,0,currents.c
1764787928527,0,currents.c
1764787928529,0,currents.c
1764787928531,0,currents.c
1764787928533,0,currents.c
1764787928535,0,currents.c
1764787928538,0,currents.c
1764787928540,0,currents.c
1764787928542,0,currents.c
1764787928544,0,currents.c
1764787928546,0,currents.c
1764787928548,0,currents.c
1764787928551,0,currents.c
1764787928553,0,currents.c
1764787928556,0,currents.c
1764787928558,0,currents.c
1764787928560,0,currents.c
1764787928562,0,currents.c
1764787928564,0,currents.c
1764787928566,0,currents.c
1764787928569,0,currents.c
1764787928571,0,currents.c
1764787928573,0,currents.a
1764787928574,0,currents.a
1764787928576,0,currents.a
1764787928577,0,currents.a
1764787928579,0,currents.a
1764787928581,0,currents.a
1764787928584,0,currents.a
1764787928585,0,currents.a
1764787928587,0,currents.a
1764787928590,0,currents.a
1764787928592,0,currents.a
1764787928594,0,currents.a
1764787928597,0,currents.a
1764787928599,0,currents.a
1764787928601,0,currents.a
1764787928604,0,currents.a
1764787928606,0,currents.a
1764787928608,0,currents.a
1764787928611,0,currents.a
1764787928613,0,currents.a
1764787928616,0,currents.a
1764787928618,0,currents.a
1764787928620,0,currents.a
1764787928622,0,currents.a
1764787928624,0,currents.a
1764787928573,0,currents.b
1764787928574,0,currents.b
1764787928576,0,currents.b
1764787928577,0,currents.b
1764787928579,0,currents.b
1764787928581,0,currents.b
1764787928584,0,currents.b
1764787928585,0,currents.b
1764787928587,0,currents.b
1764787928590,0,currents.b
1764787928592,0,currents.b
1764787928594,0,currents.b
1764787928597,0,currents.b
1764787928599,0,currents.b
1764787928601,0,currents.b
1764787928604,0,currents.b
1764787928606,0,currents.b
1764787928608,0,currents.b
1764787928611,0,currents.b
1764787928613,0,currents.b
1764787928616,0,currents.b
1764787928618,0,currents.b
1764787928620,0,currents.b
1764787928622,0,currents.b
1764787928624,0,currents.b
1764787928573,0,currents.c
1764787928574,0,currents.c
1764787928576,0,currents.c
1764787928577,0,currents.c
1764787928579,0,currents.c
1764787928581,0,currents.c
1764787928584,0,currents.c
1764787928585,0,currents.c
1764787928587,0,currents.c
1764787928590,0,currents.c
1764787928592,0,currents.c
1764787928594,0,currents.c
1764787928597,0,currents.c
1764787928599,0,currents.c
1764787928601,0,currents.c
1764787928604,0,currents.c
1764787928606,0,currents.c
1764787928608,0,currents.c
1764787928611,0,currents.c
1764787928613,0,currents.c
1764787928616,0,currents.c
1764787928618,0,currents.c
1764787928620,0,currents.c
1764787928622,0,currents.c
1764787928624,0,currents.c
1764787928626,0,currents.a
1764787928628,0,currents.a
1764787928630,0,currents.a
1764787928632,0,currents.a
1764787928634,0,currents.a
1764787928636,0,currents.a
1764787928638,0,currents.a
1764787928640,0,currents.a
1764787928642,0,currents.a
1764787928644,0,currents.a
1764787928646,0,currents.a
1764787928647,0,currents.a
1764787928649,0,currents.a
1764787928651,0,currents.a
1764787928653,0,currents.a
1764787928655,0,currents.a
1764787928657,0,currents.a
1764787928658,0,currents.a
1764787928660,0,currents.a
1764787928661,0,currents.a
1764787928663,0,currents.a
1764787928665,0,currents.a
1764787928667,0,currents.a
1764787928669,0,currents.a
1764787928626,0,currents.b
1764787928628,0,currents.b
1764787928630,0,currents.b
1764787928632,0,currents.b
1764787928634,0,currents.b
1764787928636,0,currents.b
1764787928638,0,currents.b
1764787928640,0,currents.b
1764787928642,0,currents.b
1764787928644,0,currents.b
1764787928646,0,currents.b
1764787928647,0,currents.b
1764787928649,0,currents.b
1764787928651,0,currents.b
1764787928653,0,currents.b
1764787928655,0,currents.b
1764787928657,0,currents.b
1764787928658,0,currents.b
1764787928660,0,currents.b
1764787928661,0,currents.b
1764787928663,0,currents.b
1764787928665,0,currents.b
1764787928667,0,currents.b
1764787928669,0,currents.b
1764787928626,0,currents.c
1764787928628,0,currents.c
1764787928630,0,currents.c
1764787928632,0,currents.c
1764787928634,0,currents.c
1764787928636,0,currents.c
1764787928638,0,currents.c
1764787928640,0,currents.c
1764787928642,0,currents.c
1764787928644,0,currents.c
1764787928646,0,currents.c
1764787928647,0,currents.c
1764787928649,0,currents.c
1764787928651,0,currents.c
1764787928653,0,currents.c
1764787928655,0,currents.c
1764787928657,0,currents.c
1764787928658,0,currents.c
1764787928660,0,currents.c
1764787928661,0,currents.c
1764787928663,0,currents.c
1764787928665,0,currents.c
1764787928667,0,currents.c
1764787928669,0,currents.c
1764787928672,0,currents.a
1764787928674,0,currents.a
1764787928676,0,currents.a
1764787928678,0,currents.a
1764787928680,0,currents.a
1764787928682,0,currents.a
1764787928685,0,currents.a
1764787928687,0,currents.a
1764787928689,0,currents.a
1764787928691,0,currents.a
1764787928692,0,currents.a
1764787928694,0,currents.a
1764787928695,0,currents.a
1764787928697,0,currents.a
1764787928698,0,currents.a
1764787928701,0,currents.a
1764787928703,0,currents.a
1764787928704,0,currents.a
1764787928706,0,currents.a
1764787928708,0,currents.a
1764787928710,0,currents.a
1764787928712,0,currents.a
1764787928713,0,currents.a
1764787928715,0,currents.a
1764787928718,0,currents.a
1764787928720,0,currents.a
1764787928722,0,currents.a
1764787928724,0,currents.a
1764787928725,0,currents.a
1764787928727,0,currents.a
1764787928672,0,currents.b
1764787928674,0,currents.b
1764787928676,0,currents.b
1764787928678,0,currents.b
1764787928680,0,currents.b
1764787928682,0,currents.b
1764787928685,0,currents.b
1764787928687,0,currents.b
1764787928689,0,currents.b
1764787928691,0,currents.b
1764787928692,0,currents.b
1764787928694,0,currents.b
1764787928695,0,currents.b
1764787928697,0,currents.b
1764787928698,0,currents.b
1764787928701,0,currents.b
1764787928703,0,currents.b
1764787928704,0,currents.b
1764787928706,0,currents.b
1764787928708,0,currents.b
1764787928710,0,currents.b
1764787928712,0,currents.b
1764787928713,0,currents.b
1764787928715,0,currents.b
1764787928718,0,currents.b
1764787928720,0,currents.b
1764787928722,0,currents.b
1764787928724,0,currents.b
1764787928725,0,currents.b
1764787928727,0,currents.b
1764787928672,0,currents.c
1764787928674,0,currents.c
1764787928676,0,currents.c
1764787928678,0,currents.c
1764787928680,0,currents.c
1764787928682,0,currents.c
1764787928685,0,currents.c
1764787928687,0,currents.c
1764787928689,0,currents.c
1764787928691,0,currents.c
1764787928692,0,currents.c
1764787928694,0,currents.c
1764787928695,0,currents.c
1764787928697,0,currents.c
1764787928698,0,currents.c
1764787928701,0,currents.c
1764787928703,0,currents.c
1764787928704,0,currents.c
1764787928706,0,currents.c
1764787928708,0,currents.c
1764787928710,0,currents.c
1764787928712,0,currents.c
1764787928713,0,currents.c
1764787928715,0,currents.c
1764787928718,0,currents.c
1764787928720,0,currents.c
1764787928722,0,currents.c
1764787928724,0,currents.c
1764787928725,0,currents.c
1764787928727,0,currents.c
1764787928729,0,currents.a
1764787928731,0,currents.a
1764787928733,0,currents.a
1764787928735,0,currents.a
1764787928737,0,currents.a
1764787928738,0,currents.a
1764787928740,0,currents.a
1764787928742,0,currents.a
1764787928743,0,currents.a
1764787928745,0,currents.a
1764787928747,0,currents.a
1764787928750,0,currents.a
1764787928752,0,currents.a
1764787928754,0,currents.a
1764787928755,0,currents.a
1764787928757,0,currents.a
1764787928759,0,currents.a
1764787928761,0,currents.a
1764787928762,0,currents.a
1764787928764,0,currents.a
1764787928767,0,currents.a
1764787928769,0,currents.a
1764787928771,0,currents.a
1764787928772,0,currents.a
1764787928774,0,currents.a
1764787928776,0,currents.a
1764787928778,0,currents.a
1764787928729,0,currents.b
1764787928731,0,currents.b
1764787928733,0,currents.b
1764787928735,0,currents.b
1764787928737,0,currents.b
1764787928738,0,currents.b
1764787928740,0,currents.b
1764787928742,0,currents.b
1764787928743,0,currents.b
1764787928745,0,currents.b
1764787928747,0,currents.b
1764787928750,0,currents.b
1764787928752,0,currents.b
1764787928754,0,currents.b
1764787928755,0,currents.b
1764787928757,0,currents.b
1764787928759,0,currents.b
1764787928761,0,currents.b
1764787928762,0,currents.b
1764787928764,0,currents.b
1764787928767,0,currents.b
1764787928769,0,currents.b
1764787928771,0,currents.b
1764787928772,0,currents.b
1764787928774,0,currents.b
1764787928776,0,currents.b
1764787928778,0,currents.b
1764787928729,0,currents.c
1764787928731,0,currents.c
1764787928733,0,currents.c
1764787928735,0,currents.c
1764787928737,0,currents.c
1764787928738,0,currents.c
1764787928740,0,currents.c
1764787928742,0,currents.c
1764787928743,0,currents.c
1764787928745,0,currents.c
1764787928747,0,currents.c
1764787928750,0,currents.c
1764787928752,0,currents.c
1764787928754,0,currents.c
1764787928755,0,currents.c
1764787928757,0,currents.c
1764787928759,0,currents.c
1764787928761,0,currents.c
1764787928762,0,currents.c
1764787928764,0,currents.c
1764787928767,0,currents.c
1764787928769,0,currents.c
1764787928771,0,currents.c
1764787928772,0,currents.c
1764787928774,0,currents.c
1764787928776,0,currents.c
1764787928778,0,currents.c
1764787928779,0,currents.a
1764787928782,0,currents.a
1764787928784,0,currents.a
1764787928786,0,currents.a
1764787928787,0,currents.a
1764787928788,0,currents.a
1764787928790,0,currents.a
1764787928791,0,currents.a
1764787928793,0,currents.a
1764787928795,0,currents.a
1764787928796,0,currents.a
1764787928798,0,currents.a
1764787928800,0,currents.a
1764787928802,0,currents.a
1764787928804,0,currents.a
1764787928805,0,currents.a
1764787928807,0,currents.a
1764787928809,0,currents.a
1764787928810,0,currents.a
1764787928812,0,currents.a
1764787928813,0,currents.a
1764787928815,0,currents.a
1764787928817,0,currents.a
1764787928819,0,currents.a
1764787928821,0,currents.a
1764787928824,0,currents.a
1764787928825,0,currents.a
1764787928827,0,currents.a
1764787928779,0,currents.b
1764787928782,0,currents.b
1764787928784,0,currents.b
1764787928786,0,currents.b
1764787928787,0,currents.b
1764787928788,0,currents.b
1764787928790,0,currents.b
1764787928791,0,currents.b
1764787928793,0,currents.b
1764787928795,0,currents.b
1764787928796,0,currents.b
1764787928798,0,currents.b
1764787928800,0,currents.b
1764787928802,0,currents.b
1764787928804,0,currents.b
1764787928805,0,currents.b
1764787928807,0,currents.b
1764787928809,0,currents.b
1764787928810,0,currents.b
1764787928812,0,currents.b
1764787928813,0,currents.b
1764787928815,0,currents.b
1764787928817,0,currents.b
1764787928819,0,currents.b
1764787928821,0,currents.b
1764787928824,0,currents.b
1764787928825,0,currents.b
1764787928827,0,currents.b
1764787928779,0,currents.c
1764787928782,0,currents.c
1764787928784,0,currents.c
1764787928786,0,currents.c
1764787928787,0,currents.c
1764787928788,0,currents.c
1764787928790,0,currents.c
1764787928791,0,currents.c
1764787928793,0,currents.c
1764787928795,0,currents.c
1764787928796,0,currents.c
1764787928798,0,currents.c
1764787928800,0,currents.c
1764787928802,0,currents.c
1764787928804,0,currents.c
1764787928805,0,currents.c
1764787928807,0,currents.c
1764787928809,0,currents.c
1764787928810,0,currents.c
1764787928812,0,currents.c
1764787928813,0,currents.c
1764787928815,0,currents.c
1764787928817,0,currents.c
1764787928819,0,currents.c
1764787928821,0,currents.c
1764787928824,0,currents.c
1764787928825,0,currents.c
1764787928827,0,currents.c
1764787928829,0,currents.a
1764787928831,0,currents.a
1764787928833,0,currents.a
1764787928835,0,currents.a
1764787928838,0,currents.a
1764787928839,0,currents.a
1764787928841,0,currents.a
1764787928842,0,currents.a
1764787928844,0,currents.a
1764787928845,0,currents.a
1764787928847,0,currents.a
1764787928849,0,currents.a
1764787928851,0,currents.a
1764787928853,0,currents.a
1764787928855,0,currents.a
1764787928857,0,currents.a
1764787928859,0,currents.a
1764787928861,0,currents.a
1764787928863,0,currents.a
1764787928865,0,currents.a
1764787928867,0,currents.a
1764787928869,0,currents.a
1764787928871,0,currents.a
1764787928873,0,currents.a
1764787928875,0,currents.a
1764787928877,0,currents.a
1764787928878,0,currents.a
1764787928880,0,currents.a
1764787928882,0,currents.a
1764787928829,0,currents.b
1764787928831,0,currents.b
1764787928833,0,currents.b
1764787928835,0,currents.b
1764787928838,0,currents.b
1764787928839,0,currents.b
1764787928841,0,currents.b
1764787928842,0,currents.b
1764787928844,0,currents.b
1764787928845,0,currents.b
1764787928847,0,currents.b
1764787928849,0,currents.b
1764787928851,0,currents.b
1764787928853,0,currents.b
1764787928855,0,currents.b
1764787928857,0,currents.b
1764787928859,0,currents.b
1764787928861,0,currents.b
1764787928863,0,currents.b
1764787928865,0,currents.b
1764787928867,0,currents.b
1764787928869,0,currents.b
1764787928871,0,currents.b
1764787928873,0,currents.b
1764787928875,0,currents.b
1764787928877,0,currents.b
1764787928878,0,currents.b
1764787928880,0,currents.b
1764787928882,0,currents.b
1764787928829,0,currents.c
1764787928831,0,currents.c
1764787928833,0,currents.c
1764787928835,0,currents.c
1764787928838,0,currents.c
1764787928839,0,currents.c
1764787928841,0,currents.c
1764787928842,0,currents.c
1764787928844,0,currents.c
1764787928845,0,currents.c
1764787928847,0,currents.c
1764787928849,0,currents.c
1764787928851,0,currents.c
1764787928853,0,currents.c
1764787928855,0,currents.c
1764787928857,0,currents.c
1764787928859,0,currents.c
1764787928861,0,currents.c
1764787928863,0,currents.c
1764787928865,0,currents.c
1764787928867,0,currents.c
1764787928869,0,currents.c
1764787928871,0,currents.c
1764787928873,0,currents.c
1764787928875,0,currents.c
1764787928877,0,currents.c
1764787928878,0,currents.c
1764787928880,0,currents.c
1764787928882,0,currents.c
1764787928884,0,currents.a
1764787928885,0,currents.a
1764787928887,0,currents.a
1764787928889,0,currents.a
1764787928890,0,currents.a
1764787928891,0,currents.a
1764787928893,0,currents.a
1764787928894,0,currents.a
1764787928895,0,currents.a
1764787928897,0,currents.a
1764787928899,0,currents.a
1764787928901,0,currents.a
1764787928903,0,currents.a
1764787928904,0,currents.a
1764787928906,0,currents.a
1764787928908,0,currents.a
1764787928909,0,currents.a
1764787928910,0,currents.a
1764787928912,0,currents.a
1764787928913,0,currents.a
1764787928915,0,currents.a
1764787928917,0,currents.a
1764787928919,0,currents.a
1764787928921,0,currents.a
1764787928924,0,currents.a
1764787928926,0,currents.a
1764787928927,0,currents.a
1764787928928,0,currents.a
1764787928930,0,currents.a
1764787928932,0,currents.a
1764787928884,0,currents.b
1764787928885,0,currents.b
1764787928887,0,currents.b
1764787928889,0,currents.b
1764787928890,0,currents.b
1764787928891,0,currents.b
1764787928893,0,currents.b
1764787928894,0,currents.b
1764787928895,0,currents.b
1764787928897,0,currents.b
1764787928899,0,currents.b
1764787928901,0,currents.b
1764787928903,0,currents.b
1764787928904,0,currents.b
1764787928906,0,currents.b
1764787928908,0,currents.b
1764787928909,0,currents.b
1764787928910,0,currents.b
1764787928912,0,currents.b
1764787928913,0,currents.b
1764787928915,0,currents.b
1764787928917,0,currents.b
1764787928919,0,currents.b
1764787928921,0,currents.b
1764787928924,0,currents.b
1764787928926,0,currents.b
1764787928927,0,currents.b
1764787928928,0,currents.b
1764787928930,0,currents.b
1764787928932,0,currents.b
1764787928884,0,currents.c
1764787928885,0,currents.c
1764787928887,0,currents.c
1764787928889,0,currents.c
1764787928890,0,currents.c
1764787928891,0,currents.c
1764787928893,0,currents.c
1764787928894,0,currents.c
1764787928895,0,currents.c
1764787928897,0,currents.c
1764787928899,0,currents.c
1764787928901,0,currents.c
1764787928903,0,currents.c
1764787928904,0,currents.c
1764787928906,0,currents.c
1764787928908,0,currents.c
1764787928909,0,currents.c
1764787928910,0,currents.c
1764787928912,0,currents.c
1764787928913,0,currents.c
1764787928915,0,currents.c
1764787928917,0,currents.c
1764787928919,0,currents.c
1764787928921,0,currents.c
1764787928924,0,currents.c
1764787928926,0,currents.c
1764787928927,0,currents.c
1764787928928,0,currents.c
1764787928930,0,currents.c
1764787928932,0,currents.c
1764787928934,0,currents.a
1764787928935,0,currents.a
1764787928937,0,currents.a
1764787928939,0,currents.a
1764787928940,0,currents.a
1764787928942,0,currents.a
1764787928943,0,currents.a
1764787928945,0,currents.a
1764787928946,0,currents.a
1764787928949,0,currents.a
1764787928951,0,currents.a
1764787928953,0,currents.a
1764787928955,0,currents.a
1764787928956,0,currents.a
1764787928958,0,currents.a
1764787928959,0,currents.a
1764787928961,0,currents.a
1764787928963,0,currents.a
1764787928965,0,currents.a
1764787928966,0,currents.a
1764787928968,0,currents.a
1764787928970,0,currents.a
1764787928972,0,currents.a
1764787928974,0,currents.a
1764787928976,0,currents.a
1764787928978,0,currents.a
1764787928980,0,currents.a
1764787928982,0,currents.a
1764787928984,0,currents.a
1764787928934,0,currents.b
1764787928935,0,currents.b
1764787928937,0,currents.b
1764787928939,0,currents.b
1764787928940,0,currents.b
1764787928942,0,currents.b
1764787928943,0,currents.b
1764787928945,0,currents.b
1764787928946,0,currents.b
1764787928949,0,currents.b
1764787928951,0,currents.b
1764787928953,0,currents.b
1764787928955,0,currents.b
1764787928956,0,currents.b
1764787928958,0,currents.b
1764787928959,0,currents.b
1764787928961,0,currents.b
1764787928963,0,currents.b
1764787928965,0,currents.b
1764787928966,0,currents.b
1764787928968,0,currents.b
1764787928970,0,currents.b
1764787928972,0,currents.b
1764787928974,0,currents.b
1764787928976,0,currents.b
1764787928978,0,currents.b
1764787928980,0,currents.b
1764787928982,0,currents.b
1764787928984,0,currents.b
1764787928934,0,currents.c
1764787928935,0,currents.c
1764787928937,0,currents.c
1764787928939,0,currents.c
1764787928940,0,currents.c
1764787928942,0,currents.c
1764787928943,0,currents.c
1764787928945,0,currents.c
1764787928946,0,currents.c
1764787928949,0,currents.c
1764787928951,0,currents.c
1764787928953,0,currents.c
1764787928955,0,currents.c
1764787928956,0,currents.c
1764787928958,0,currents.c
1764787928959,0,currents.c
1764787928961,0,currents.c
1764787928963,0,currents.c
1764787928965,0,currents.c
1764787928966,0,currents.c
1764787928968,0,currents.c
1764787928970,0,currents.c
1764787928972,0,currents.c
1764787928974,0,currents.c
1764787928976,0,currents.c
1764787928978,0,currents.c
1764787928980,0,currents.c
1764787928982,0,currents.c
1764787928984,0,currents.c
1764787928986,0,currents.a
1764787928989,0,currents.a
1764787928991,0,currents.a
1764787928993,0,currents.a
1764787928995,0,currents.a
1764787928997,0,currents.a
1764787928999,0,currents.a
1764787929001,0,currents.a
1764787929003,0,currents.a
1764787929004,0,currents.a
1764787929006,0,currents.a
1764787929008,0,currents.a
1764787929010,0,currents.a
1764787929012,0,currents.a
1764787929014,0,currents.a
1764787929016,0,currents.a
1764787929018,0,currents.a
1764787929019,0,currents.a
1764787929021,0,currents.a
1764787929023,0,currents.a
1764787929025,0,currents.a
1764787929027,0,currents.a
1764787929029,0,currents.a
1764787929032,0,currents.a
1764787928986,0,currents.b
1764787928989,0,currents.b
1764787928991,0,currents.b
1764787928993,0,currents.b
1764787928995,0,currents.b
1764787928997,0,currents.b
1764787928999,0,currents.b
1764787929001,0,currents.b
1764787929003,0,currents.b
1764787929004,0,currents.b
1764787929006,0,currents.b
1764787929008,0,currents.b
1764787929010,0,currents.b
1764787929012,0,currents.b
1764787929014,0,currents.b
1764787929016,0,currents.b
1764787929018,0,currents.b
1764787929019,0,currents.b
1764787929021,0,currents.b
1764787929023,0,currents.b
1764787929025,0,currents.b
1764787929027,0,currents.b
1764787929029,0,currents.b
1764787929032,0,currents.b
1764787928986,0,currents.c
1764787928989,0,currents.c
1764787928991,0,currents.c
1764787928993,0,currents.c
1764787928995,0,currents.c
1764787928997,0,currents.c
1764787928999,0,currents.c
1764787929001,0,currents.c
1764787929003,0,currents.c
1764787929004,0,currents.c
1764787929006,0,currents.c
1764787929008,0,currents.c
1764787929010,0,currents.c
1764787929012,0,currents.c
1764787929014,0,currents.c
1764787929016,0,currents.c
1764787929018,0,currents.c
1764787929019,0,currents.c
1764787929021,0,currents.c
1764787929023,0,currents.c
1764787929025,0,currents.c
1764787929027,0,currents.c
1764787929029,0,currents.c
1764787929032,0,currents.c
1764787929034,0,currents.a
1764787929036,0,currents.a
1764787929038,0,currents.a
1764787929040,0,currents.a
1764787929042,0,currents.a
1764787929043,0,currents.a
1764787929045,0,currents.a
1764787929047,0,currents.a
1764787929049,0,currents.a
1764787929051,0,currents.a
1764787929053,0,currents.a
1764787929055,0,currents.a
1764787929057,0,currents.a
1764787929059,0,currents.a
1764787929061,0,currents.a
1764787929062,0,currents.a
1764787929064,0,currents.a
1764787929066,0,currents.a
1764787929069,0,currents.a
1764787929071,0,currents.a
1764787929072,0,currents.a
1764787929074,0,currents.a
1764787929076,0,currents.a
1764787929077,0,currents.a
1764787929078,0,currents.a
1764787929080,0,currents.a
1764787929083,0,currents.a
1764787929034,0,currents.b
1764787929036,0,currents.b
1764787929038,0,currents.b
1764787929040,0,currents.b
1764787929042,0,currents.b
1764787929043,0,currents.b
1764787929045,0,currents.b
1764787929047,0,currents.b
1764787929049,0,currents.b
1764787929051,0,currents.b
1764787929053,0,currents.b
1764787929055,0,currents.b
1764787929057,0,currents.b
1764787929059,0,currents.b
1764787929061,0,currents.b
1764787929062,0,currents.b
1764787929064,0,currents.b
1764787929066,0,currents.b
1764787929069,0,currents.b
1764787929071,0,currents.b
1764787929072,0,currents.b
1764787929074,0,currents.b
1764787929076,0,currents.b
1764787929077,0,currents.b
1764787929078,0,currents.b
1764787929080,0,currents.b
1764787929083,0,currents.b
1764787929034,0,currents.c
1764787929036,0,currents.c
1764787929038,0,currents.c
1764787929040,0,currents.c
1764787929042,0,currents.c
1764787929043,0,currents.c
1764787929045,0,currents.c
1764787929047,0,currents.c
1764787929049,0,currents.c
1764787929051,0,currents.c
1764787929053,0,currents.c
1764787929055,0,currents.c
1764787929057,0,currents.c
1764787929059,0,currents.c
1764787929061,0,currents.c
1764787929062,0,currents.c
1764787929064,0,currents.c
1764787929066,0,currents.c
1764787929069,0,currents.c
1764787929071,0,currents.c
1764787929072,0,currents.c
1764787929074,0,currents.c
1764787929076,0,currents.c
1764787929077,0,currents.c
1764787929078,0,currents.c
1764787929080,0,currents.c
1764787929083,0,currents.c
1764787929085,0,currents.a
1764787929086,0,currents.a
1764787929087,0,currents.a
1764787929089,0,currents.a
1764787929091,0,currents.a
1764787929092,0,currents.a
1764787929094,0,currents.a
1764787929096,0,currents.a
1764787929098,0,currents.a
1764787929101,0,currents.a
1764787929103,0,currents.a
1764787929106,0,currents.a
1764787929107,0,currents.a
1764787929109,0,currents.a
1764787929112,0,currents.a
1764787929115,0,currents.a
1764787929117,0,currents.a
1764787929119,0,currents.a
1764787929122,0,currents.a
1764787929125,0,currents.a
1764787929127,0,currents.a
1764787929129,0,currents.a
1764787929131,0,currents.a
1764787929134,0,currents.a
1764787929137,0,currents.a
1764787929139,0,currents.a
1764787929085,0,currents.b
1764787929086,0,currents.b
1764787929087,0,currents.b
1764787929089,0,currents.b
1764787929091,0,currents.b
1764787929092,0,currents.b
1764787929094,0,currents.b
1764787929096,0,currents.b
1764787929098,0,currents.b
1764787929101,0,currents.b
1764787929103,0,currents.b
1764787929106,0,currents.b
1764787929107,0,currents.b
1764787929109,0,currents.b
1764787929112,0,currents.b
1764787929115,0,currents.b
1764787929117,0,currents.b
1764787929119,0,currents.b
1764787929122,0,currents.b
1764787929125,0,currents.b
1764787929127,0,currents.b
1764787929129,0,currents.b
1764787929131,0,currents.b
1764787929134,0,currents.b
1764787929137,0,currents.b
1764787929139,0,currents.b
1764787929085,0,currents.c
1764787929086,0,currents.c
1764787929087,0,currents.c
1764787929089,0,currents.c
1764787929091,0,currents.c
1764787929092,0,currents.c
1764787929094,0,currents.c
1764787929096,0,currents.c
1764787929098,0,currents.c
1764787929101,0,currents.c
1764787929103,0,currents.c
1764787929106,0,currents.c
1764787929107,0,currents.c
1764787929109,0,currents.c
1764787929112,0,currents.c
1764787929115,0,currents.c
1764787929117,0,currents.c
1764787929119,0,currents.c
1764787929122,0,currents.c
1764787929125,0,currents.c
1764787929127,0,currents.c
1764787929129,0,currents.c
1764787929131,0,currents.c
1764787929134,0,currents.c
1764787929137,0,currents.c
1764787929139,0,currents.c
1764787929141,0,currents.a
1764787929144,0,currents.a
1764787929146,0,currents.a
1764787929148,0,currents.a
1764787929151,0,currents.a
1764787929154,0,currents.a
1764787929157,0,currents.a
1764787929159,0,currents.a
1764787929162,0,currents.a
1764787929165,0,currents.a
1764787929169,0,currents.a
1764787929171,0,currents.a
1764787929173,0,currents.a
1764787929175,0,currents.a
1764787929178,0,currents.a
1764787929180,0,currents.a
1764787929183,0,currents.a
1764787929186,0,currents.a
1764787929189,0,currents.a
1764787929141,0,currents.b
1764787929144,0,currents.b
1764787929146,0,currents.b
1764787929148,0,currents.b
1764787929151,0,currents.b
1764787929154,0,currents.b
1764787929157,0,currents.b
1764787929159,0,currents.b
1764787929162,0,currents.b
1764787929165,0,currents.b
1764787929169,0,currents.b
1764787929171,0,currents.b
1764787929173,0,currents.b
1764787929175,0,currents.b
1764787929178,0,currents.b
1764787929180,0,currents.b
1764787929183,0,currents.b
1764787929186,0,currents.b
1764787929189,0,currents.b
1764787929141,0,currents.c
1764787929144,0,currents.c
1764787929146,0,currents.c
1764787929148,0,currents.c
1764787929151,0,currents.c
1764787929154,0,currents.c
1764787929157,0,currents.c
1764787929159,0,currents.c
1764787929162,0,currents.c
1764787929165,0,currents.c
1764787929169,0,currents.c
1764787929171,0,currents.c
1764787929173,0,currents.c
1764787929175,0,currents.c
1764787929178,0,currents.c
1764787929180,0,currents.c
1764787929183,0,currents.c
1764787929186,0,currents.c
1764787929189,0,currents.c
1764787929191,0,currents.a
1764787929193,0,currents.a
1764787929195,0,currents.a
1764787929198,0,currents.a
1764787929200,0,currents.a
1764787929202,0,currents.a
1764787929204,0,currents.a
1764787929206,0,currents.a
1764787929208,0,currents.a
1764787929210,0,currents.a
1764787929212,0,currents.a
1764787929213,0,currents.a
1764787929216,0,currents.a
1764787929218,0,currents.a
1764787929221,0,currents.a
1764787929223,0,currents.a
1764787929225,0,currents.a
1764787929227,0,currents.a
1764787929229,0,currents.a
1764787929231,0,currents.a
1764787929233,0,currents.a
1764787929235,0,currents.a
1764787929238,0,currents.a
1764787929240,0,currents.a
1764787929242,0,currents.a
1764787929191,0,currents.b
1764787929193,0,currents.b
1764787929195,0,currents.b
1764787929198,0,currents.b
1764787929200,0,currents.b
1764787929202,0,currents.b
1764787929204,0,currents.b
1764787929206,0,currents.b
1764787929208,0,currents.b
1764787929210,0,currents.b
1764787929212,0,currents.b
1764787929213,0,currents.b
1764787929216,0,currents.b
1764787929218,0,currents.b
1764787929221,0,currents.b
1764787929223,0,currents.b
1764787929225,0,currents.b
1764787929227,0,currents.b
1764787929229,0,currents.b
1764787929231,0,currents.b
1764787929233,0,currents.b
1764787929235,0,currents.b
1764787929238,0,currents.b
1764787929240,0,currents.b
1764787929242,0,currents.b
1764787929191,0,currents.c
1764787929193,0,currents.c
1764787929195,0,currents.c
1764787929198,0,currents.c
1764787929200,0,currents.c
1764787929202,0,currents.c
1764787929204,0,currents.c
1764787929206,0,currents.c
1764787929208,0,currents.c
1764787929210,0,currents.c
1764787929212,0,currents.c
1764787929213,0,currents.c
1764787929216,0,currents.c
1764787929218,0,currents.c
1764787929221,0,currents.c
1764787929223,0,currents.c
1764787929225,0,currents.c
1764787929227,0,currents.c
1764787929229,0,currents.c
1764787929231,0,currents.c
1764787929233,0,currents.c
1764787929235,0,currents.c
1764787929238,0,currents.c
1764787929240,0,currents.c
1764787929242,0,currents.c
1764787929245,0,currents.a
1764787929247,0,currents.a
1764787929249,0,currents.a
1764787929251,0,currents.a
1764787929254,0,currents.a
1764787929256,0,currents.a
1764787929257,0,currents.a
1764787929259,0,currents.a
1764787929262,0,currents.a
1764787929264,0,currents.a
1764787929266,0,currents.a
1764787929269,0,currents.a
1764787929271,0,currents.a
1764787929273,0,currents.a
1764787929275,0,currents.a
1764787929277,0,currents.a
1764787929279,0,currents.a
1764787929282,0,currents.a
1764787929283,0,currents.a
1764787929285,0,currents.a
1764787929288,0,currents.a
1764787929290,0,currents.a
1764787929291,0,currents.a
1764787929245,0,currents.b
1764787929247,0,currents.b
1764787929249,0,currents.b
1764787929251,0,currents.b
1764787929254,0,currents.b
1764787929256,0,currents.b
1764787929257,0,currents.b
1764787929259,0,currents.b
1764787929262,0,currents.b
1764787929264,0,currents.b
1764787929266,0,currents.b
1764787929269,0,currents.b
1764787929271,0,currents.b
1764787929273,0,currents.b
1764787929275,0,currents.b
1764787929277,0,currents.b
1764787929279,0,currents.b
1764787929282,0,currents.b
1764787929283,0,currents.b
1764787929285,0,currents.b
1764787929288,0,currents.b
1764787929290,0,currents.b
1764787929291,0,currents.b
1764787929245,0,currents.c
1764787929247,0,currents.c
1764787929249,0,currents.c
1764787929251,0,currents.c
1764787929254,0,currents.c
1764787929256,0,currents.c
1764787929257,0,currents.c
1764787929259,0,currents.c
1764787929262,0,currents.c
1764787929264,0,currents.c
1764787929266,0,currents.c
1764787929269,0,currents.c
1764787929271,0,currents.c
1764787929273,0,currents.c
1764787929275,0,currents.c
1764787929277,0,currents.c
1764787929279,0,currents.c
1764787929282,0,currents.c
1764787929283,0,currents.c
1764787929285,0,currents.c
1764787929288,0,currents.c
1764787929290,0,currents.c
1764787929291,0,currents.c
1764787929294,0,currents.a
1764787929297,0,currents.a
1764787929299,0,currents.a
1764787929301,0,currents.a
1764787929303,0,currents.a
1764787929305,0,currents.a
1764787929307,0,currents.a
1764787929309,0,currents.a
1764787929312,0,currents.a
1764787929314,0,currents.a
1764787929317,0,currents.a
1764787929319,0,currents.a
1764787929322,0,currents.a
1764787929324,0,currents.a
1764787929327,0,currents.a
1764787929330,0,currents.a
1764787929332,0,currents.a
1764787929335,0,currents.a
1764787929337,0,currents.a
1764787929339,0,currents.a
1764787929341,0,currents.a
1764787929343,0,currents.a
1764787929294,0,currents.b
1764787929297,0,currents.b
1764787929299,0,currents.b
1764787929301,0,currents.b
1764787929303,0,currents.b
1764787929305,0,currents.b
1764787929307,0,currents.b
1764787929309,0,currents.b
1764787929312,0,currents.b
1764787929314,0,currents.b
1764787929317,0,currents.b
1764787929319,0,currents.b
1764787929322,0,currents.b
1764787929324,0,currents.b
1764787929327,0,currents.b
1764787929330,0,currents.b
1764787929332,0,currents.b
1764787929335,0,currents.b
1764787929337,0,currents.b
1764787929339,0,currents.b
1764787929341,0,currents.b
1764787929343,0,currents.b
1764787929294,0,currents.c
1764787929297,0,currents.c
1764787929299,0,currents.c
1764787929301,0,currents.c
1764787929303,0,currents.c
1764787929305,0,currents.c
1764787929307,0,currents.c
1764787929309,0,currents.c
1764787929312,0,currents.c
1764787929314,0,currents.c
1764787929317,0,currents.c
1764787929319,0,currents.c
1764787929322,0,currents.c
1764787929324,0,currents.c
1764787929327,0,currents.c
1764787929330,0,currents.c
1764787929332,0,currents.c
1764787929335,0,currents.c
1764787929337,0,currents.c
1764787929339,0,currents.c
1764787929341,0,currents.c
1764787929343,0,currents.c
1764787929345,0,currents.a
1764787929347,0,currents.a
1764787929350,0,currents.a
1764787929352,0,currents.a
1764787929354,0,currents.a
1764787929356,0,currents.a
1764787929358,0,currents.a
1764787929360,0,currents.a
1764787929363,0,currents.a
1764787929365,0,currents.a
1764787929368,0,currents.a
1764787929370,0,currents.a
1764787929373,0,currents.a
1764787929375,0,currents.a
1764787929377,0,currents.a
1764787929379,0,currents.a
1764787929381,0,currents.a
1764787929383,0,currents.a
1764787929385,0,currents.a
1764787929387,0,currents.a
1764787929390,0,currents.a
1764787929391,0,currents.a
1764787929393,0,currents.a
1764787929345,0,currents.b
1764787929347,0,currents.b
1764787929350,0,currents.b
1764787929352,0,currents.b
1764787929354,0,currents.b
1764787929356,0,currents.b
1764787929358,0,currents.b
1764787929360,0,currents.b
1764787929363,0,currents.b
1764787929365,0,currents.b
1764787929368,0,currents.b
1764787929370,0,currents.b
1764787929373,0,currents.b
1764787929375,0,currents.b
1764787929377,0,currents.b
1764787929379,0,currents.b
1764787929381,0,currents.b
1764787929383,0,currents.b
1764787929385,0,currents.b
1764787929387,0,currents.b
1764787929390,0,currents.b
1764787929391,0,currents.b
1764787929393,0,currents.b
1764787929345,0,currents.c
1764787929347,0,currents.c
1764787929350,0,currents.c
1764787929352,0,currents.c
1764787929354,0,currents.c
1764787929356,0,currents.c
1764787929358,0,currents.c
1764787929360,0,currents.c
1764787929363,0,currents.c
1764787929365,0,currents.c
1764787929368,0,currents.c
1764787929370,0,currents.c
1764787929373,0,currents.c
1764787929375,0,currents.c
1764787929377,0,currents.c
1764787929379,0,currents.c
1764787929381,0,currents.c
1764787929383,0,currents.c
1764787929385,0,currents.c
1764787929387,0,currents.c
1764787929390,0,currents.c
1764787929391,0,currents.c
1764787929393,0,currents.c
1764787929395,0,currents.a
1764787929397,0,currents.a
1764787929400,0,currents.a
1764787929402,0,currents.a
1764787929404,0,currents.a
1764787929406,0,currents.a
1764787929408,0,currents.a
1764787929410,0,currents.a
1764787929412,0,currents.a
1764787929414,0,currents.a
1764787929417,0,currents.a
1764787929419,0,currents.a
1764787929422,0,currents.a
1764787929424,0,currents.a
1764787929426,0,currents.a
1764787929428,0,currents.a
1764787929430,0,currents.a
1764787929433,0,currents.a
1764787929435,0,currents.a
1764787929437,0,currents.a
1764787929439,0,currents.a
1764787929441,0,currents.a
1764787929443,0,currents.a
1764787929445,0,currents.a
1764787929395,0,currents.b
1764787929397,0,currents.b
1764787929400,0,currents.b
1764787929402,0,currents.b
1764787929404,0,currents.b
1764787929406,0,currents.b
1764787929408,0,currents.b
1764787929410,0,currents.b
1764787929412,0,currents.b
1764787929414,0,currents.b
1764787929417,0,currents.b
1764787929419,0,currents.b
1764787929422,0,currents.b
1764787929424,0,currents.b
1764787929426,0,currents.b
1764787929428,0,currents.b
1764787929430,0,currents.b
1764787929433,0,currents.b
1764787929435,0,currents.b
1764787929437,0,currents.b
1764787929439,0,currents.b
1764787929441,0,currents.b
1764787929443,0,currents.b
1764787929445,0,currents.b
1764787929395,0,currents.c
1764787929397,0,currents.c
1764787929400,0,currents.c
1764787929402,0,currents.c
1764787929404,0,currents.c
1764787929406,0,currents.c
1764787929408,0,currents.c
1764787929410,0,currents.c
1764787929412,0,currents.c
1764787929414,0,currents.c
1764787929417,0,currents.c
1764787929419,0,currents.c
1764787929422,0,currents.c
1764787929424,0,currents.c
1764787929426,0,currents.c
1764787929428,0,currents.c
1764787929430,0,currents.c
1764787929433,0,currents.c
1764787929435,0,currents.c
1764787929437,0,currents.c
1764787929439,0,currents.c
1764787929441,0,currents.c
1764787929443,0,currents.c
1764787929445,0,currents.c
1764787929448,0,currents.a
1764787929450,0,currents.a
1764787929452,0,currents.a
1764787929455,0,currents.a
1764787929457,0,currents.a
1764787929460,0,currents.a
1764787929463,0,currents.a
1764787929465,0,currents.a
1764787929467,0,currents.a
1764787929469,0,currents.a
1764787929471,0,currents.a
1764787929473,0,currents.a
1764787929474,0,currents.a
1764787929477,0,currents.a
1764787929479,0,currents.a
1764787929481,0,currents.a
1764787929483,0,currents.a
1764787929486,0,currents.a
1764787929488,0,currents.a
1764787929490,0,currents.a
1764787929492,0,currents.a
1764787929494,0,currents.a
1764787929496,0,currents.a
1764787929448,0,currents.b
1764787929450,0,currents.b
1764787929452,0,currents.b
1764787929455,0,currents.b
1764787929457,0,currents.b
1764787929460,0,currents.b
1764787929463,0,currents.b
1764787929465,0,currents.b
1764787929467,0,currents.b
1764787929469,0,currents.b
1764787929471,0,currents.b
1764787929473,0,currents.b
1764787929474,0,currents.b
1764787929477,0,currents.b
1764787929479,0,currents.b
1764787929481,0,currents.b
1764787929483,0,currents.b
1764787929486,0,currents.b
1764787929488,0,currents.b
1764787929490,0,currents.b
1764787929492,0,currents.b
1764787929494,0,currents.b
1764787929496,0,currents.b
1764787929448,0,currents.c
1764787929450,0,currents.c
1764787929452,0,currents.c
1764787929455,0,currents.c
1764787929457,0,currents.c
1764787929460,0,currents.c
1764787929463,0,currents.c
1764787929465,0,currents.c
1764787929467,0,currents.c
1764787929469,0,currents.c
1764787929471,0,currents.c
1764787929473,0,currents.c
1764787929474,0,currents.c
1764787929477,0,currents.c
1764787929479,0,currents.c
1764787929481,0,currents.c
1764787929483,0,currents.c
1764787929486,0,currents.c
1764787929488,0,currents.c
1764787929490,0,currents.c
1764787929492,0,currents.c
1764787929494,0,currents.c
1764787929496,0,currents.c
1764787929498,0,currents.a
1764787929501,0,currents.a
1764787929503,0,currents.a
1764787929506,0,currents.a
1764787929508,0,currents.a
1764787929511,0,currents.a
1764787929513,0,currents.a
1764787929515,0,currents.a
1764787929518,0,currents.a
1764787929520,0,currents.a
1764787929522,0,currents.a
1764787929525,0,currents.a
1764787929527,0,currents.a
1764787929529,0,currents.a
1764787929531,0,currents.a
1764787929534,0,currents.a
1764787929536,0,currents.a
1764787929538,0,currents.a
1764787929540,0,currents.a
1764787929543,0,currents.a
1764787929545,0,currents.a
1764787929498,0,currents.b
1764787929501,0,currents.b
1764787929503,0,currents.b
1764787929506,0,currents.b
1764787929508,0,currents.b
1764787929511,0,currents.b
1764787929513,0,currents.b
1764787929515,0,currents.b
1764787929518,0,currents.b
1764787929520,0,currents.b
1764787929522,0,currents.b
1764787929525,0,currents.b
1764787929527,0,currents.b
1764787929529,0,currents.b
1764787929531,0,currents.b
1764787929534,0,currents.b
1764787929536,0,currents.b
1764787929538,0,currents.b
1764787929540,0,currents.b
1764787929543,0,currents.b
1764787929545,0,currents.b
1764787929498,0,currents.c
1764787929501,0,currents.c
1764787929503,0,currents.c
1764787929506,0,currents.c
1764787929508,0,currents.c
1764787929511,0,currents.c
1764787929513,0,currents.c
1764787929515,0,currents.c
1764787929518,0,currents.c
1764787929520,0,currents.c
1764787929522,0,currents.c
1764787929525,0,currents.c
1764787929527,0,currents.c
1764787929529,0,currents.c
1764787929531,0,currents.c
1764787929534,0,currents.c
1764787929536,0,currents.c
1764787929538,0,currents.c
1764787929540,0,currents.c
1764787929543,0,currents.c
1764787929545,0,currents.c
1764787929548,0,currents.a
1764787929551,0,currents.a
1764787929553,0,currents.a
1764787929555,0,currents.a
1764787929558,0,currents.a
1764787929560,0,currents.a
1764787929562,0,currents.a
1764787929564,0,currents.a
1764787929567,0,currents.a
1764787929569,0,currents.a
1764787929571,0,currents.a
1764787929574,0,currents.a
1764787929576,0,currents.a
1764787929578,0,currents.a
1764787929580,0,currents.a
1764787929582,0,currents.a
1764787929585,0,currents.a
1764787929587,0,currents.a
1764787929589,0,currents.a
1764787929592,0,currents.a
1764787929594,0,currents.a
1764787929596,0,currents.a
1764787929598,0,currents.a
1764787929548,0,currents.b
1764787929551,0,currents.b
1764787929553,0,currents.b
1764787929555,0,currents.b
1764787929558,0,currents.b
1764787929560,0,currents.b
1764787929562,0,currents.b
1764787929564,0,currents.b
1764787929567,0,currents.b
1764787929569,0,currents.b
1764787929571,0,currents.b
1764787929574,0,currents.b
1764787929576,0,currents.b
1764787929578,0,currents.b
1764787929580,0,currents.b
1764787929582,0,currents.b
1764787929585,0,currents.b
1764787929587,0,currents.b
1764787929589,0,currents.b
1764787929592,0,currents.b
1764787929594,0,currents.b
1764787929596,0,currents.b
1764787929598,0,currents.b
1764787929548,0,currents.c
1764787929551,0,currents.c
1764787929553,0,currents.c
1764787929555,0,currents.c
1764787929558,0,currents.c
1764787929560,0,currents.c
1764787929562,0,currents.c
1764787929564,0,currents.c
1764787929567,0,currents.c
1764787929569,0,currents.c
1764787929571,0,currents.c
1764787929574,0,currents.c
1764787929576,0,currents.c
1764787929578,0,currents.c
1764787929580,0,currents.c
1764787929582,0,currents.c
1764787929585,0,currents.c
1764787929587,0,currents.c
1764787929589,0,currents.c
1764787929592,0,currents.c
1764787929594,0,currents.c
1764787929596,0,currents.c
1764787929598,0,currents.c
1764787929600,0,currents.a
1764787929603,0,currents.a
1764787929605,0,currents.a
1764787929607,0,currents.a
1764787929609,0,currents.a
1764787929610,0,currents.a
1764787929613,0,currents.a
1764787929615,0,currents.a
1764787929617,0,currents.a
1764787929619,0,currents.a
1764787929621,0,currents.a
1764787929624,0,currents.a
1764787929626,0,currents.a
1764787929628,0,currents.a
1764787929631,0,currents.a
1764787929633,0,currents.a
1764787929635,0,currents.a
1764787929637,0,currents.a
1764787929639,0,currents.a
1764787929641,0,currents.a
1764787929643,0,currents.a
1764787929645,0,currents.a
1764787929647,0,currents.a
1764787929650,0,currents.a
1764787929600,0,currents.b
1764787929603,0,currents.b
1764787929605,0,currents.b
1764787929607,0,currents.b
1764787929609,0,currents.b
1764787929610,0,currents.b
1764787929613,0,currents.b
1764787929615,0,currents.b
1764787929617,0,currents.b
1764787929619,0,currents.b
1764787929621,0,currents.b
1764787929624,0,currents.b
1764787929626,0,currents.b
1764787929628,0,currents.b
1764787929631,0,currents.b
1764787929633,0,currents.b
1764787929635,0,currents.b
1764787929637,0,currents.b
1764787929639,0,currents.b
1764787929641,0,currents.b
1764787929643,0,currents.b
1764787929645,0,currents.b
1764787929647,0,currents.b
1764787929650,0,currents.b
1764787929600,0,currents.c
1764787929603,0,currents.c
1764787929605,0,currents.c
1764787929607,0,currents.c
1764787929609,0,currents.c
1764787929610,0,currents.c
1764787929613,0,currents.c
1764787929615,0,currents.c
1764787929617,0,currents.c
1764787929619,0,currents.c
1764787929621,0,currents.c
1764787929624,0,currents.c
1764787929626,0,currents.c
1764787929628,0,currents.c
1764787929631,0,currents.c
1764787929633,0,currents.c
1764787929635,0,currents.c
1764787929637,0,currents.c
1764787929639,0,currents.c
1764787929641,0,currents.c
1764787929643,0,currents.c
1764787929645,0,currents.c
1764787929647,0,currents.c
1764787929650,0,currents.c
1764787929652,0,currents.a
1764787929654,0,currents.a
1764787929657,0,currents.a
1764787929659,0,currents.a
1764787929661,0,currents.a
1764787929662,0,currents.a
1764787929664,0,currents.a
1764787929666,0,currents.a
1764787929669,0,currents.a
1764787929671,0,currents.a
1764787929673,0,currents.a
1764787929675,0,currents.a
1764787929676,0,currents.a
1764787929678,0,currents.a
1764787929680,0,currents.a
1764787929682,0,currents.a
1764787929684,0,currents.a
1764787929686,0,currents.a
1764787929688,0,currents.a
1764787929690,0,currents.a
1764787929692,0,currents.a
1764787929694,0,currents.a
1764787929696,0,currents.a
1764787929698,0,currents.a
1764787929700,0,currents.a
1764787929652,0,currents.b
1764787929654,0,currents.b
1764787929657,0,currents.b
1764787929659,0,currents.b
1764787929661,0,currents.b
1764787929662,0,currents.b
1764787929664,0,currents.b
1764787929666,0,currents.b
1764787929669,0,currents.b
1764787929671,0,currents.b
1764787929673,0,currents.b
1764787929675,0,currents.b
1764787929676,0,currents.b
1764787929678,0,currents.b
1764787929680,0,currents.b
1764787929682,0,currents.b
1764787929684,0,currents.b
1764787929686,0,currents.b
1764787929688,0,currents.b
1764787929690,0,currents.b
1764787929692,0,currents.b
1764787929694,0,currents.b
1764787929696,0,currents.b
1764787929698,0,currents.b
1764787929700,0,currents.b
1764787929652,0,currents.c
1764787929654,0,currents.c
1764787929657,0,currents.c
1764787929659,0,currents.c
1764787929661,0,currents.c
1764787929662,0,currents.c
1764787929664,0,currents.c
1764787929666,0,currents.c
1764787929669,0,currents.c
1764787929671,0,currents.c
1764787929673,0,currents.c
1764787929675,0,currents.c
1764787929676,0,currents.c
1764787929678,0,currents.c
1764787929680,0,currents.c
1764787929682,0,currents.c
1764787929684,0,currents.c
1764787929686,0,currents.c
1764787929688,0,currents.c
1764787929690,0,currents.c
1764787929692,0,currents.c
1764787929694,0,currents.c
1764787929696,0,currents.c
1764787929698,0,currents.c
1764787929700,0,currents.c
1764787929703,0,currents.a
1764787929705,0,currents.a
1764787929707,0,currents.a
1764787929709,0,currents.a
1764787929711,0,currents.a
1764787929712,0,currents.a
1764787929715,0,currents.a
1764787929716,0,currents.a
1764787929718,0,currents.a
1764787929720,0,currents.a
1764787929723,0,currents.a
1764787929724,0,currents.a
1764787929726,0,currents.a
1764787929728,0,currents.a
1764787929730,0,currents.a
1764787929733,0,currents.a
1764787929735,0,currents.a
1764787929737,0,currents.a
1764787929739,0,currents.a
1764787929741,0,currents.a
1764787929743,0,currents.a
1764787929744,0,currents.a
1764787929746,0,currents.a
1764787929748,0,currents.a
1764787929750,0,currents.a
1764787929703,0,currents.b
1764787929705,0,currents.b
1764787929707,0,currents.b
1764787929709,0,currents.b
1764787929711,0,currents.b
1764787929712,0,currents.b
1764787929715,0,currents.b
1764787929716,0,currents.b
1764787929718,0,currents.b
1764787929720,0,currents.b
1764787929723,0,currents.b
1764787929724,0,currents.b
1764787929726,0,currents.b
1764787929728,0,currents.b
1764787929730,0,currents.b
1764787929733,0,currents.b
1764787929735,0,currents.b
1764787929737,0,currents.b
1764787929739,0,currents.b
1764787929741,0,currents.b
1764787929743,0,currents.b
1764787929744,0,currents.b
1764787929746,0,currents.b
1764787929748,0,currents.b
1764787929750,0,currents.b
1764787929703,0,currents.c
1764787929705,0,currents.c
1764787929707,0,currents.c
1764787929709,0,currents.c
1764787929711,0,currents.c
1764787929712,0,currents.c
1764787929715,0,currents.c
1764787929716,0,currents.c
1764787929718,0,currents.c
1764787929720,0,currents.c
1764787929723,0,currents.c
1764787929724,0,currents.c
1764787929726,0,currents.c
1764787929728,0,currents.c
1764787929730,0,currents.c
1764787929733,0,currents.c
1764787929735,0,currents.c
1764787929737,0,currents.c
1764787929739,0,currents.c
1764787929741,0,currents.c
1764787929743,0,currents.c
1764787929744,0,currents.c
1764787929746,0,currents.c
1764787929748,0,currents.c
1764787929750,0,currents.c
1764787929752,0,currents.a
1764787929754,0,currents.a
1764787929756,0,currents.a
1764787929758,0,currents.a
1764787929762,0,currents.a
1764787929765,0,currents.a
1764787929767,0,currents.a
1764787929771,0,currents.a
1764787929773,0,currents.a
1764787929775,0,currents.a
1764787929777,0,currents.a
1764787929780,0,currents.a
1764787929783,0,currents.a
1764787929784,0,currents.a
1764787929786,0,currents.a
1764787929789,0,currents.a
1764787929791,0,currents.a
1764787929793,0,currents.a
1764787929795,0,currents.a
1764787929797,0,currents.a
1764787929799,0,currents.a
1764787929801,0,currents.a
1764787929752,0,currents.b
1764787929754,0,currents.b
1764787929756,0,currents.b
1764787929758,0,currents.b
1764787929762,0,currents.b
1764787929765,0,currents.b
1764787929767,0,currents.b
1764787929771,0,currents.b
1764787929773,0,currents.b
1764787929775,0,currents.b
1764787929777,0,currents.b
1764787929780,0,currents.b
1764787929783,0,currents.b
1764787929784,0,currents.b
1764787929786,0,currents.b
1764787929789,0,currents.b
1764787929791,0,currents.b
1764787929793,0,currents.b
1764787929795,0,currents.b
1764787929797,0,currents.b
1764787929799,0,currents.b
1764787929801,0,currents.b
1764787929752,0,currents.c
1764787929754,0,currents.c
1764787929756,0,currents.c
1764787929758,0,currents.c
1764787929762,0,currents.c
1764787929765,0,currents.c
1764787929767,0,currents.c
1764787929771,0,currents.c
1764787929773,0,currents.c
1764787929775,0,currents.c
1764787929777,0,currents.c
1764787929780,0,currents.c
1764787929783,0,currents.c
1764787929784,0,currents.c
1764787929786,0,currents.c
1764787929789,0,currents.c
1764787929791,0,currents.c
1764787929793,0,currents.c
1764787929795,0,currents.c
1764787929797,0,currents.c
1764787929799,0,currents.c
1764787929801,0,currents.c
1764787929803,0,currents.a
1764787929805,0,currents.a
1764787929807,0,currents.a
1764787929809,0,currents.a
1764787929810,0,currents.a
1764787929812,0,currents.a
1764787929813,0,currents.a
1764787929815,0,currents.a
1764787929817,0,currents.a
1764787929819,0,currents.a
1764787929821,0,currents.a
1764787929823,0,currents.a
1764787929826,0,currents.a
1764787929827,0,currents.a
1764787929830,0,currents.a
1764787929832,0,currents.a
1764787929835,0,currents.a
1764787929837,0,currents.a
1764787929839,0,currents.a
1764787929841,0,currents.a
1764787929843,0,currents.a
1764787929845,0,currents.a
1764787929847,0,currents.a
1764787929850,0,currents.a
1764787929852,0,currents.a
1764787929803,0,currents.b
1764787929805,0,currents.b
1764787929807,0,currents.b
1764787929809,0,currents.b
1764787929810,0,currents.b
1764787929812,0,currents.b
1764787929813,0,currents.b
1764787929815,0,currents.b
1764787929817,0,currents.b
1764787929819,0,currents.b
1764787929821,0,currents.b
1764787929823,0,currents.b
1764787929826,0,currents.b
1764787929827,0,currents.b
1764787929830,0,currents.b
1764787929832,0,currents.b
1764787929835,0,currents.b
1764787929837,0,currents.b
1764787929839,0,currents.b
1764787929841,0,currents.b
1764787929843,0,currents.b
1764787929845,0,currents.b
1764787929847,0,currents.b
1764787929850,0,currents.b
1764787929852,0,currents.b
1764787929803,0,currents.c
1764787929805,0,currents.c
1764787929807,0,currents.c
1764787929809,0,currents.c
1764787929810,0,currents.c
1764787929812,0,currents.c
1764787929813,0,currents.c
1764787929815,0,currents.c
1764787929817,0,currents.c
1764787929819,0,currents.c
1764787929821,0,currents.c
1764787929823,0,currents.c
1764787929826,0,currents.c
1764787929827,0,currents.c
1764787929830,0,currents.c
1764787929832,0,currents.c
1764787929835,0,currents.c
1764787929837,0,currents.c
1764787929839,0,currents.c
1764787929841,0,currents.c
1764787929843,0,currents.c
1764787929845,0,currents.c
1764787929847,0,currents.c
1764787929850,0,currents.c
1764787929852,0,currents.c
1764787929854,0,currents.a
1764787929856,0,currents.a
1764787929858,0,currents.a
1764787929861,0,currents.a
1764787929863,0,currents.a
1764787929865,0,currents.a
1764787929867,0,currents.a
1764787929869,0,currents.a
1764787929871,0,currents.a
1764787929873,0,currents.a
1764787929875,0,currents.a
1764787929877,0,currents.a
1764787929880,0,currents.a
1764787929882,0,currents.a
1764787929884,0,currents.a
1764787929886,0,currents.a
1764787929887,0,currents.a
1764787929889,0,currents.a
1764787929891,0,currents.a
1764787929892,0,currents.a
1764787929895,0,currents.a
1764787929896,0,currents.a
1764787929898,0,currents.a
1764787929901,0,currents.a
1764787929903,0,currents.a
1764787929854,0,currents.b
1764787929856,0,currents.b
1764787929858,0,currents.b
1764787929861,0,currents.b
1764787929863,0,currents.b
1764787929865,0,currents.b
1764787929867,0,currents.b
1764787929869,0,currents.b
1764787929871,0,currents.b
1764787929873,0,currents.b
1764787929875,0,currents.b
1764787929877,0,currents.b
1764787929880,0,currents.b
1764787929882,0,currents.b
1764787929884,0,currents.b
1764787929886,0,currents.b
1764787929887,0,currents.b
1764787929889,0,currents.b
1764787929891,0,currents.b
1764787929892,0,currents.b
1764787929895,0,currents.b
1764787929896,0,currents.b
1764787929898,0,currents.b
1764787929901,0,currents.b
1764787929903,0,currents.b
1764787929854,0,currents.c
1764787929856,0,currents.c
1764787929858,0,currents.c
1764787929861,0,currents.c
1764787929863,0,currents.c
1764787929865,0,currents.c
1764787929867,0,currents.c
1764787929869,0,currents.c
1764787929871,0,currents.c
1764787929873,0,currents.c
1764787929875,0,currents.c
1764787929877,0,currents.c
1764787929880,0,currents.c
1764787929882,0,currents.c
1764787929884,0,currents.c
1764787929886,0,currents.c
1764787929887,0,currents.c
1764787929889,0,currents.c
1764787929891,0,currents.c
1764787929892,0,currents.c
1764787929895,0,currents.c
1764787929896,0,currents.c
1764787929898,0,currents.c
1764787929901,0,currents.c
1764787929903,0,currents.c
1764787929905,0,currents.a
1764787929907,0,currents.a
1764787929909,0,currents.a
1764787929911,0,currents.a
1764787929913,0,currents.a
1764787929915,0,currents.a
1764787929916,0,currents.a
1764787929918,0,currents.a
1764787929920,0,currents.a
1764787929923,0,currents.a
1764787929925,0,currents.a
1764787929927,0,currents.a
1764787929929,0,currents.a
1764787929931,0,currents.a
1764787929933,0,currents.a
1764787929936,0,currents.a
1764787929938,0,currents.a
1764787929940,0,currents.a
1764787929941,0,currents.a
1764787929943,0,currents.a
1764787929945,0,currents.a
1764787929947,0,currents.a
1764787929949,0,currents.a
1764787929952,0,currents.a
1764787929905,0,currents.b
1764787929907,0,currents.b
1764787929909,0,currents.b
1764787929911,0,currents.b
1764787929913,0,currents.b
1764787929915,0,currents.b
1764787929916,0,currents.b
1764787929918,0,currents.b
1764787929920,0,currents.b
1764787929923,0,currents.b
1764787929925,0,currents.b
1764787929927,0,currents.b
1764787929929,0,currents.b
1764787929931,0,currents.b
1764787929933,0,currents.b
1764787929936,0,currents.b
1764787929938,0,currents.b
1764787929940,0,currents.b
1764787929941,0,currents.b
1764787929943,0,currents.b
1764787929945,0,currents.b
1764787929947,0,currents.b
1764787929949,0,currents.b
1764787929952,0,currents.b
1764787929905,0,currents.c
1764787929907,0,currents.c
1764787929909,0,currents.c
1764787929911,0,currents.c
1764787929913,0,currents.c
1764787929915,0,currents.c
1764787929916,0,currents.c
1764787929918,0,currents.c
1764787929920,0,currents.c
1764787929923,0,currents.c
1764787929925,0,currents.c
1764787929927,0,currents.c
1764787929929,0,currents.c
1764787929931,0,currents.c
1764787929933,0,currents.c
1764787929936,0,currents.c
1764787929938,0,currents.c
1764787929940,0,currents.c
1764787929941,0,currents.c
1764787929943,0,currents.c
1764787929945,0,currents.c
1764787929947,0,currents.c
1764787929949,0,currents.c
1764787929952,0,currents.c
1764787929954,0,currents.a
1764787929956,0,currents.a
1764787929958,0,currents.a
1764787929960,0,currents.a
1764787929962,0,currents.a
1764787929964,0,currents.a
1764787929967,0,currents.a
1764787929969,0,currents.a
1764787929971,0,currents.a
1764787929973,0,currents.a
1764787929975,0,currents.a
1764787929977,0,currents.a
1764787929979,0,currents.a
1764787929982,0,currents.a
1764787929984,0,currents.a
1764787929985,0,currents.a
1764787929987,0,currents.a
1764787929989,0,currents.a
1764787929991,0,currents.a
1764787929994,0,currents.a
1764787929995,0,currents.a
1764787929997,0,currents.a
1764787930000,0,currents.a
1764787930001,0,currents.a
1764787929954,0,currents.b
1764787929956,0,currents.b
1764787929958,0,currents.b
1764787929960,0,currents.b
1764787929962,0,currents.b
1764787929964,0,currents.b
1764787929967,0,currents.b
1764787929969,0,currents.b
1764787929971,0,currents.b
1764787929973,0,currents.b
1764787929975,0,currents.b
1764787929977,0,currents.b
1764787929979,0,currents.b
1764787929982,0,currents.b
1764787929984,0,currents.b
1764787929985,0,currents.b
1764787929987,0,currents.b
1764787929989,0,currents.b
1764787929991,0,currents.b
1764787929994,0,currents.b
1764787929995,0,currents.b
1764787929997,0,currents.b
1764787930000,0,currents.b
1764787930001,0,currents.b
1764787929954,0,currents.c
1764787929956,0,currents.c
1764787929958,0,currents.c
1764787929960,0,currents.c
1764787929962,0,currents.c
1764787929964,0,currents.c
1764787929967,0,currents.c
1764787929969,0,currents.c
1764787929971,0,currents.c
1764787929973,0,currents.c
1764787929975,0,currents.c
1764787929977,0,currents.c
1764787929979,0,currents.c
1764787929982,0,currents.c
1764787929984,0,currents.c
1764787929985,0,currents.c
1764787929987,0,currents.c
1764787929989,0,currents.c
1764787929991,0,currents.c
1764787929994,0,currents.c
1764787929995,0,currents.c
1764787929997,0,currents.c
1764787930000,0,currents.c
1764787930001,0,currents.c
1764787930003,0,currents.a
1764787930004,0,currents.a
1764787930006,0,currents.a
1764787930008,0,currents.a
1764787930010,0,currents.a
1764787930012,0,currents.a
1764787930014,0,currents.a
1764787930016,0,currents.a
1764787930018,0,currents.a
1764787930020,0,currents.a
1764787930022,0,currents.a
1764787930024,0,currents.a
1764787930026,0,currents.a
1764787930028,0,currents.a
1764787930030,0,currents.a
1764787930032,0,currents.a
1764787930034,0,currents.a
1764787930036,0,currents.a
1764787930039,0,currents.a
1764787930041,0,currents.a
1764787930043,0,currents.a
1764787930044,0,currents.a
1764787930047,0,currents.a
1764787930049,0,currents.a
1764787930051,0,currents.a
1764787930053,0,currents.a
1764787930003,0,currents.b
1764787930004,0,currents.b
1764787930006,0,currents.b
1764787930008,0,currents.b
1764787930010,0,currents.b
1764787930012,0,currents.b
1764787930014,0,currents.b
1764787930016,0,currents.b
1764787930018,0,currents.b
1764787930020,0,currents.b
1764787930022,0,currents.b
1764787930024,0,currents.b
1764787930026,0,currents.b
1764787930028,0,currents.b
1764787930030,0,currents.b
1764787930032,0,currents.b
1764787930034,0,currents.b
1764787930036,0,currents.b
1764787930039,0,currents.b
1764787930041,0,currents.b
1764787930043,0,currents.b
1764787930044,0,currents.b
1764787930047,0,currents.b
1764787930049,0,currents.b
1764787930051,0,currents.b
1764787930053,0,currents.b
1764787930003,0,currents.c
1764787930004,0,currents.c
1764787930006,0,currents.c
1764787930008,0,currents.c
1764787930010,0,currents.c
1764787930012,0,currents.c
1764787930014,0,currents.c
1764787930016,0,currents.c
1764787930018,0,currents.c
1764787930020,0,currents.c
1764787930022,0,currents.c
1764787930024,0,currents.c
1764787930026,0,currents.c
1764787930028,0,currents.c
1764787930030,0,currents.c
1764787930032,0,currents.c
1764787930034,0,currents.c
1764787930036,0,currents.c
1764787930039,0,currents.c
1764787930041,0,currents.c
1764787930043,0,currents.c
1764787930044,0,currents.c
1764787930047,0,currents.c
1764787930049,0,currents.c
1764787930051,0,currents.c
1764787930053,0,currents.c
1764787930056,0,currents.a
1764787930058,0,currents.a
1764787930060,0,currents.a
1764787930061,0,currents.a
1764787930063,0,currents.a
1764787930065,0,currents.a
1764787930067,0,currents.a
1764787930068,0,currents.a
1764787930071,0,currents.a
1764787930073,0,currents.a
1764787930075,0,currents.a
1764787930077,0,currents.a
1764787930079,0,currents.a
1764787930081,0,currents.a
1764787930083,0,currents.a
1764787930085,0,currents.a
1764787930087,0,currents.a
1764787930089,0,currents.a
1764787930091,0,currents.a
1764787930093,0,currents.a
1764787930095,0,currents.a
1764787930097,0,currents.a
1764787930099,0,currents.a
1764787930101,0,currents.a
1764787930104,0,currents.a
1764787930056,0,currents.b
1764787930058,0,currents.b
1764787930060,0,currents.b
1764787930061,0,currents.b
1764787930063,0,currents.b
1764787930065,0,currents.b
1764787930067,0,currents.b
1764787930068,0,currents.b
1764787930071,0,currents.b
1764787930073,0,currents.b
1764787930075,0,currents.b
1764787930077,0,currents.b
1764787930079,0,currents.b
1764787930081,0,currents.b
1764787930083,0,currents.b
1764787930085,0,currents.b
1764787930087,0,currents.b
1764787930089,0,currents.b
1764787930091,0,currents.b
1764787930093,0,currents.b
1764787930095,0,currents.b
1764787930097,0,currents.b
1764787930099,0,currents.b
1764787930101,0,currents.b
1764787930104,0,currents.b
1764787930056,0,currents.c
1764787930058,0,currents.c
1764787930060,0,currents.c
1764787930061,0,currents.c
1764787930063,0,currents.c
1764787930065,0,currents.c
1764787930067,0,currents.c
1764787930068,0,currents.c
1764787930071,0,currents.c
1764787930073,0,currents.c
1764787930075,0,currents.c
1764787930077,0,currents.c
1764787930079,0,currents.c
1764787930081,0,currents.c
1764787930083,0,currents.c
1764787930085,0,currents.c
1764787930087,0,currents.c
1764787930089,0,currents.c
1764787930091,0,currents.c
1764787930093,0,currents.c
1764787930095,0,currents.c
1764787930097,0,currents.c
1764787930099,0,currents.c
1764787930101,0,currents.c
1764787930104,0,currents.c
1764787930106,0,currents.a
1764787930109,0,currents.a
1764787930111,0,currents.a
1764787930113,0,currents.a
1764787930115,0,currents.a
1764787930117,0,currents.a
1764787930119,0,currents.a
1764787930121,0,currents.a
1764787930124,0,currents.a
1764787930126,0,currents.a
1764787930129,0,currents.a
1764787930131,0,currents.a
1764787930134,0,currents.a
1764787930136,0,currents.a
1764787930139,0,currents.a
1764787930141,0,currents.a
1764787930143,0,currents.a
1764787930145,0,currents.a
1764787930148,0,currents.a
1764787930150,0,currents.a
1764787930152,0,currents.a
1764787930154,0,currents.a
1764787930156,0,currents.a
1764787930106,0,currents.b
1764787930109,0,currents.b
1764787930111,0,currents.b
1764787930113,0,currents.b
1764787930115,0,currents.b
1764787930117,0,currents.b
1764787930119,0,currents.b
1764787930121,0,currents.b
1764787930124,0,currents.b
1764787930126,0,currents.b
1764787930129,0,currents.b
1764787930131,0,currents.b
1764787930134,0,currents.b
1764787930136,0,currents.b
1764787930139,0,currents.b
1764787930141,0,currents.b
1764787930143,0,currents.b
1764787930145,0,currents.b
1764787930148,0,currents.b
1764787930150,0,currents.b
1764787930152,0,currents.b
1764787930154,0,currents.b
1764787930156,0,currents.b
1764787930106,0,currents.c
1764787930109,0,currents.c
1764787930111,0,currents.c
1764787930113,0,currents.c
1764787930115,0,currents.c
1764787930117,0,currents.c
1764787930119,0,currents.c
1764787930121,0,currents.c
1764787930124,0,currents.c
1764787930126,0,currents.c
1764787930129,0,currents.c
1764787930131,0,currents.c
1764787930134,0,currents.c
1764787930136,0,currents.c
1764787930139,0,currents.c
1764787930141,0,currents.c
1764787930143,0,currents.c
1764787930145,0,currents.c
1764787930148,0,currents.c
1764787930150,0,currents.c
1764787930152,0,currents.c
1764787930154,0,currents.c
1764787930156,0,currents.c
1764787930159,0,currents.a
1764787930161,0,currents.a
1764787930164,0,currents.a
1764787930166,0,currents.a
1764787930168,0,currents.a
1764787930171,0,currents.a
1764787930172,0,currents.a
1764787930175,0,currents.a
1764787930177,0,currents.a
1764787930179,0,currents.a
1764787930182,0,currents.a
1764787930184,0,currents.a
1764787930186,0,currents.a
1764787930189,0,currents.a
1764787930190,0,currents.a
1764787930192,0,currents.a
1764787930194,0,currents.a
1764787930196,0,currents.a
1764787930199,0,currents.a
1764787930201,0,currents.a
1764787930204,0,currents.a
1764787930205,0,currents.a
1764787930159,0,currents.b
1764787930161,0,currents.b
1764787930164,0,currents.b
1764787930166,0,currents.b
1764787930168,0,currents.b
1764787930171,0,currents.b
1764787930172,0,currents.b
1764787930175,0,currents.b
1764787930177,0,currents.b
1764787930179,0,currents.b
1764787930182,0,currents.b
1764787930184,0,currents.b
1764787930186,0,currents.b
1764787930189,0,currents.b
1764787930190,0,currents.b
1764787930192,0,currents.b
1764787930194,0,currents.b
1764787930196,0,currents.b
1764787930199,0,currents.b
1764787930201,0,currents.b
1764787930204,0,currents.b
1764787930205,0,currents.b
1764787930159,0,currents.c
1764787930161,0,currents.c
1764787930164,0,currents.c
1764787930166,0,currents.c
1764787930168,0,currents.c
1764787930171,0,currents.c
1764787930172,0,currents.c
1764787930175,0,currents.c
1764787930177,0,currents.c
1764787930179,0,currents.c
1764787930182,0,currents.c
1764787930184,0,currents.c
1764787930186,0,currents.c
1764787930189,0,currents.c
1764787930190,0,currents.c
1764787930192,0,currents.c
1764787930194,0,currents.c
1764787930196,0,currents.c
1764787930199,0,currents.c
1764787930201,0,currents.c
1764787930204,0,currents.c
1764787930205,0,currents.c
1764787930207,0,currents.a
1764787930210,0,currents.a
1764787930212,0,currents.a
1764787930214,0,currents.a
1764787930216,0,currents.a
1764787930218,0,currents.a
1764787930220,0,currents.a
1764787930222,0,currents.a
1764787930224,0,currents.a
1764787930226,0,currents.a
1764787930228,0,currents.a
1764787930231,0,currents.a
1764787930233,0,currents.a
1764787930235,0,currents.a
1764787930238,0,currents.a
1764787930240,0,currents.a
1764787930242,0,currents.a
1764787930244,0,currents.a
1764787930247,0,currents.a
1764787930249,0,currents.a
1764787930251,0,currents.a
1764787930253,0,currents.a
1764787930255,0,currents.a
1764787930207,0,currents.b
1764787930210,0,currents.b
1764787930212,0,currents.b
1764787930214,0,currents.b
1764787930216,0,currents.b
1764787930218,0,currents.b
1764787930220,0,currents.b
1764787930222,0,currents.b
1764787930224,0,currents.b
1764787930226,0,currents.b
1764787930228,0,currents.b
1764787930231,0,currents.b
1764787930233,0,currents.b
1764787930235,0,currents.b
1764787930238,0,currents.b
1764787930240,0,currents.b
1764787930242,0,currents.b
1764787930244,0,currents.b
1764787930247,0,currents.b
1764787930249,0,currents.b
1764787930251,0,currents.b
1764787930253,0,currents.b
1764787930255,0,currents.b
1764787930207,0,currents.c
1764787930210,0,currents.c
1764787930212,0,currents.c
1764787930214,0,currents.c
1764787930216,0,currents.c
1764787930218,0,currents.c
1764787930220,0,currents.c
1764787930222,0,currents.c
1764787930224,0,currents.c
1764787930226,0,currents.c
1764787930228,0,currents.c
1764787930231,0,currents.c
1764787930233,0,currents.c
1764787930235,0,currents.c
1764787930238,0,currents.c
1764787930240,0,currents.c
1764787930242,0,currents.c
1764787930244,0,currents.c
1764787930247,0,currents.c
1764787930249,0,currents.c
1764787930251,0,currents.c
1764787930253,0,currents.c
1764787930255,0,currents.c
1764787930258,0,currents.a
1764787930260,0,currents.a
1764787930262,0,currents.a
1764787930265,0,currents.a
1764787930266,0,currents.a
1764787930268,0,currents.a
1764787930270,0,currents.a
1764787930272,0,currents.a
1764787930273,0,currents.a
1764787930275,0,currents.a
1764787930277,0,currents.a
1764787930280,7.42688186092153e-44,currents.a
1764787930282,7.42688186092153e-44,currents.a
1764787930284,7.42688186092153e-44,currents.a
1764787930286,7.42688186092153e-44,currents.a
1764787930289,7.42688186092153e-44,currents.a
1764787930291,7.42688186092153e-44,currents.a
1764787930293,7.42688186092153e-44,currents.a
1764787930294,7.42688186092153e-44,currents.a
1764787930297,7.42688186092153e-44,currents.a
1764787930299,7.42688186092153e-44,currents.a
1764787930301,7.42688186092153e-44,currents.a
1764787930303,7.42688186092153e-44,currents.a
1764787930305,7.42688186092153e-44,currents.a
1764787930258,0,currents.b
1764787930260,0,currents.b
1764787930262,0,currents.b
1764787930265,0,currents.b
1764787930266,0,currents.b
1764787930268,0,currents.b
1764787930270,0,currents.b
1764787930272,0,currents.b
1764787930273,0,currents.b
1764787930275,0,currents.b
1764787930277,0,currents.b
1764787930280,0,currents.b
1764787930282,0,currents.b
1764787930284,0,currents.b
1764787930286,0,currents.b
1764787930289,0,currents.b
1764787930291,0,currents.b
1764787930293,0,currents.b
1764787930294,0,currents.b
1764787930297,0,currents.b
1764787930299,0,currents.b
1764787930301,0,currents.b
1764787930303,0,currents.b
1764787930305,0,currents.b
1764787930258,0,currents.c
1764787930260,0,currents.c
1764787930262,0,currents.c
1764787930265,0,currents.c
1764787930266,0,currents.c
1764787930268,0,currents.c
1764787930270,0,currents.c
1764787930272,0,currents.c
1764787930273,0,currents.c
1764787930275,0,currents.c
1764787930277,0,currents.c
1764787930280,0,currents.c
1764787930282,0,currents.c
1764787930284,0,currents.c
1764787930286,0,currents.c
1764787930289,0,currents.c
1764787930291,0,currents.c
1764787930293,0,currents.c
1764787930294,0,currents.c
1764787930297,0,currents.c
1764787930299,0,currents.c
1764787930301,0,currents.c
1764787930303,0,currents.c
1764787930305,0,currents.c
1764787930307,7.42688186092153e-44,currents.a
1764787930309,7.42688186092153e-44,currents.a
1764787930311,7.42688186092153e-44,currents.a
1764787930313,7.42688186092153e-44,currents.a
1764787930315,7.42688186092153e-44,currents.a
1764787930317,7.42688186092153e-44,currents.a
1764787930320,7.42688186092153e-44,currents.a
1764787930322,7.42688186092153e-44,currents.a
1764787930323,7.42688186092153e-44,currents.a
1764787930325,7.42688186092153e-44,currents.a
1764787930327,7.42688186092153e-44,currents.a
1764787930329,7.42688186092153e-44,currents.a
1764787930332,7.42688186092153e-44,currents.a
1764787930334,7.42688186092153e-44,currents.a
1764787930336,7.42688186092153e-44,currents.a
1764787930338,7.42688186092153e-44,currents.a
1764787930341,7.42688186092153e-44,currents.a
1764787930342,7.42688186092153e-44,currents.a
1764787930345,7.42688186092153e-44,currents.a
1764787930346,7.42688186092153e-44,currents.a
1764787930349,7.42688186092153e-44,currents.a
1764787930351,7.42688186092153e-44,currents.a
1764787930353,7.42688186092153e-44,currents.a
1764787930355,7.42688186092153e-44,currents.a
1764787930357,7.42688186092153e-44,currents.a
1764787930307,0,currents.b
1764787930309,0,currents.b
1764787930311,0,currents.b
1764787930313,0,currents.b
1764787930315,0,currents.b
1764787930317,0,currents.b
1764787930320,0,currents.b
1764787930322,0,currents.b
1764787930323,0,currents.b
1764787930325,0,currents.b
1764787930327,0,currents.b
1764787930329,0,currents.b
1764787930332,0,currents.b
1764787930334,0,currents.b
1764787930336,0,currents.b
1764787930338,0,currents.b
1764787930341,0,currents.b
1764787930342,0,currents.b
1764787930345,0,currents.b
1764787930346,0,currents.b
1764787930349,0,currents.b
1764787930351,0,currents.b
1764787930353,0,currents.b
1764787930355,0,currents.b
1764787930357,0,currents.b
1764787930307,0,currents.c
1764787930309,0,currents.c
1764787930311,0,currents.c
1764787930313,0,currents.c
1764787930315,0,currents.c
1764787930317,0,currents.c
1764787930320,0,currents.c
1764787930322,0,currents.c
1764787930323,0,currents.c
1764787930325,0,currents.c
1764787930327,0,currents.c
1764787930329,0,currents.c
1764787930332,0,currents.c
1764787930334,0,currents.c
1764787930336,0,currents.c
1764787930338,0,currents.c
1764787930341,0,currents.c
1764787930342,0,currents.c
1764787930345,0,currents.c
1764787930346,0,currents.c
1764787930349,0,currents.c
1764787930351,0,currents.c
1764787930353,0,currents.c
1764787930355,0,currents.c
1764787930357,0,currents.c
1764787930360,7.42688186092153e-44,currents.a
1764787930362,7.42688186092153e-44,currents.a
1764787930364,7.42688186092153e-44,currents.a
1764787930366,7.42688186092153e-44,currents.a
1764787930368,7.42688186092153e-44,currents.a
1764787930369,7.42688186092153e-44,currents.a
1764787930370,7.42688186092153e-44,currents.a
1764787930372,7.42688186092153e-44,currents.a
1764787930375,7.42688186092153e-44,currents.a
1764787930377,7.42688186092153e-44,currents.a
1764787930379,7.42688186092153e-44,currents.a
1764787930381,7.42688186092153e-44,currents.a
1764787930383,7.42688186092153e-44,currents.a
1764787930385,7.42688186092153e-44,currents.a
1764787930387,7.42688186092153e-44,currents.a
1764787930389,7.42688186092153e-44,currents.a
1764787930391,7.42688186092153e-44,currents.a
1764787930394,7.42688186092153e-44,currents.a
1764787930396,7.42688186092153e-44,currents.a
1764787930398,7.42688186092153e-44,currents.a
1764787930400,7.42688186092153e-44,currents.a
1764787930402,7.42688186092153e-44,currents.a
1764787930404,7.42688186092153e-44,currents.a
1764787930406,7.42688186092153e-44,currents.a
1764787930408,7.42688186092153e-44,currents.a
1764787930360,0,currents.b
1764787930362,0,currents.b
1764787930364,0,currents.b
1764787930366,0,currents.b
1764787930368,0,currents.b
1764787930369,0,currents.b
1764787930370,0,currents.b
1764787930372,0,currents.b
1764787930375,0,currents.b
1764787930377,0,currents.b
1764787930379,0,currents.b
1764787930381,0,currents.b
1764787930383,0,currents.b
1764787930385,0,currents.b
1764787930387,0,currents.b
1764787930389,0,currents.b
1764787930391,0,currents.b
1764787930394,0,currents.b
1764787930396,0,currents.b
1764787930398,0,currents.b
1764787930400,0,currents.b
1764787930402,0,currents.b
1764787930404,0,currents.b
1764787930406,0,currents.b
1764787930408,0,currents.b
1764787930360,0,currents.c
1764787930362,0,currents.c
1764787930364,0,currents.c
1764787930366,0,currents.c
1764787930368,0,currents.c
1764787930369,0,currents.c
1764787930370,0,currents.c
1764787930372,0,currents.c
1764787930375,0,currents.c
1764787930377,0,currents.c
1764787930379,0,currents.c
1764787930381,0,currents.c
1764787930383,0,currents.c
1764787930385,0,currents.c
1764787930387,0,currents.c
1764787930389,0,currents.c
1764787930391,0,currents.c
1764787930394,0,currents.c
1764787930396,0,currents.c
1764787930398,0,currents.c
1764787930400,0,currents.c
1764787930402,0,currents.c
1764787930404,0,currents.c
1764787930406,0,currents.c
1764787930408,0,currents.c
1764787930410,7.42688186092153e-44,currents.a
1764787930413,7.42688186092153e-44,currents.a
1764787930415,7.42688186092153e-44,currents.a
1764787930417,7.42688186092153e-44,currents.a
1764787930419,7.42688186092153e-44,currents.a
1764787930420,7.42688186092153e-44,currents.a
1764787930423,7.42688186092153e-44,currents.a
1764787930425,7.42688186092153e-44,currents.a
1764787930427,7.42688186092153e-44,currents.a
1764787930429,7.42688186092153e-44,currents.a
1764787930432,7.42688186092153e-44,currents.a
1764787930434,7.42688186092153e-44,currents.a
1764787930436,7.42688186092153e-44,currents.a
1764787930439,7.42688186092153e-44,currents.a
1764787930441,7.42688186092153e-44,currents.a
1764787930443,7.42688186092153e-44,currents.a
1764787930445,7.42688186092153e-44,currents.a
1764787930448,7.42688186092153e-44,currents.a
1764787930450,7.42688186092153e-44,currents.a
1764787930452,7.42688186092153e-44,currents.a
1764787930455,7.42688186092153e-44,currents.a
1764787930457,7.42688186092153e-44,currents.a
1764787930459,7.42688186092153e-44,currents.a
1764787930410,0,currents.b
1764787930413,0,currents.b
1764787930415,0,currents.b
1764787930417,0,currents.b
1764787930419,0,currents.b
1764787930420,0,currents.b
1764787930423,0,currents.b
1764787930425,0,currents.b
1764787930427,0,currents.b
1764787930429,0,currents.b
1764787930432,0,currents.b
1764787930434,0,currents.b
1764787930436,0,currents.b
1764787930439,0,currents.b
1764787930441,0,currents.b
1764787930443,0,currents.b
1764787930445,0,currents.b
1764787930448,0,currents.b
1764787930450,0,currents.b
1764787930452,0,currents.b
1764787930455,0,currents.b
1764787930457,0,currents.b
1764787930459,0,currents.b
1764787930410,0,currents.c
1764787930413,0,currents.c
1764787930415,0,currents.c
1764787930417,0,currents.c
1764787930419,0,currents.c
1764787930420,0,currents.c
1764787930423,0,currents.c
1764787930425,0,currents.c
1764787930427,0,currents.c
1764787930429,0,currents.c
1764787930432,0,currents.c
1764787930434,0,currents.c
1764787930436,0,currents.c
1764787930439,0,currents.c
1764787930441,0,currents.c
1764787930443,0,currents.c
1764787930445,0,currents.c
1764787930448,0,currents.c
1764787930450,0,currents.c
1764787930452,0,currents.c
1764787930455,0,currents.c
1764787930457,0,currents.c
1764787930459,0,currents.c
1764787930461,7.42688186092153e-44,currents.a
1764787930463,7.42688186092153e-44,currents.a
1764787930465,7.42688186092153e-44,currents.a
1764787930468,7.42688186092153e-44,currents.a
1764787930471,7.42688186092153e-44,currents.a
1764787930473,7.42688186092153e-44,currents.a
1764787930475,7.42688186092153e-44,currents.a
1764787930477,7.42688186092153e-44,currents.a
1764787930479,7.42688186092153e-44,currents.a
1764787930482,7.42688186092153e-44,currents.a
1764787930485,7.42688186092153e-44,currents.a
1764787930486,7.42688186092153e-44,currents.a
1764787930488,7.42688186092153e-44,currents.a
1764787930490,7.42688186092153e-44,currents.a
1764787930493,7.42688186092153e-44,currents.a
1764787930495,7.42688186092153e-44,currents.a
1764787930497,7.42688186092153e-44,currents.a
1764787930499,7.42688186092153e-44,currents.a
1764787930501,7.42688186092153e-44,currents.a
1764787930504,7.42688186092153e-44,currents.a
1764787930505,7.42688186092153e-44,currents.a
1764787930507,7.42688186092153e-44,currents.a
1764787930509,7.42688186092153e-44,currents.a
1764787930461,0,currents.b
1764787930463,0,currents.b
1764787930465,0,currents.b
1764787930468,0,currents.b
1764787930471,0,currents.b
1764787930473,0,currents.b
1764787930475,0,currents.b
1764787930477,0,currents.b
1764787930479,0,currents.b
1764787930482,0,currents.b
1764787930485,0,currents.b
1764787930486,0,currents.b
1764787930488,0,currents.b
1764787930490,0,currents.b
1764787930493,0,currents.b
1764787930495,0,currents.b
1764787930497,0,currents.b
1764787930499,0,currents.b
1764787930501,0,currents.b
1764787930504,0,currents.b
1764787930505,0,currents.b
1764787930507,0,currents.b
1764787930509,0,currents.b
1764787930461,0,currents.c
1764787930463,0,currents.c
1764787930465,0,currents.c
1764787930468,0,currents.c
1764787930471,0,currents.c
1764787930473,0,currents.c
1764787930475,0,currents.c
1764787930477,0,currents.c
1764787930479,0,currents.c
1764787930482,0,currents.c
1764787930485,0,currents.c
1764787930486,0,currents.c
1764787930488,0,currents.c
1764787930490,0,currents.c
1764787930493,0,currents.c
1764787930495,0,currents.c
1764787930497,0,currents.c
1764787930499,0,currents.c
1764787930501,0,currents.c
1764787930504,0,currents.c
1764787930505,0,currents.c
1764787930507,0,currents.c
1764787930509,0,currents.c
1764787930511,7.42688186092153e-44,currents.a
1764787930513,7.42688186092153e-44,currents.a
1764787930516,7.42688186092153e-44,currents.a
1764787930518,7.42688186092153e-44,currents.a
1764787930521,7.42688186092153e-44,currents.a
1764787930523,7.42688186092153e-44,currents.a
1764787930525,7.42688186092153e-44,currents.a
1764787930527,7.42688186092153e-44,currents.a
1764787930530,7.42688186092153e-44,currents.a
1764787930532,7.42688186092153e-44,currents.a
1764787930534,7.42688186092153e-44,currents.a
1764787930536,0,currents.a
1764787930538,0,currents.a
1764787930540,0,currents.a
1764787930542,0,currents.a
1764787930544,0,currents.a
1764787930547,0,currents.a
1764787930549,0,currents.a
1764787930551,0,currents.a
1764787930553,0,currents.a
1764787930555,0,currents.a
1764787930556,0,currents.a
1764787930558,0,currents.a
1764787930560,0,currents.a
1764787930511,0,currents.b
1764787930513,0,currents.b
1764787930516,0,currents.b
1764787930518,0,currents.b
1764787930521,0,currents.b
1764787930523,0,currents.b
1764787930525,0,currents.b
1764787930527,0,currents.b
1764787930530,0,currents.b
1764787930532,0,currents.b
1764787930534,0,currents.b
1764787930536,0,currents.b
1764787930538,0,currents.b
1764787930540,0,currents.b
1764787930542,0,currents.b
1764787930544,0,currents.b
1764787930547,0,currents.b
1764787930549,0,currents.b
1764787930551,0,currents.b
1764787930553,0,currents.b
1764787930555,0,currents.b
1764787930556,0,currents.b
1764787930558,0,currents.b
1764787930560,0,currents.b
1764787930511,0,currents.c
1764787930513,0,currents.c
1764787930516,0,currents.c
1764787930518,0,currents.c
1764787930521,0,currents.c
1764787930523,0,currents.c
1764787930525,0,currents.c
1764787930527,0,currents.c
1764787930530,0,currents.c
1764787930532,0,currents.c
1764787930534,0,currents.c
1764787930536,0,currents.c
1764787930538,0,currents.c
1764787930540,0,currents.c
1764787930542,0,currents.c
1764787930544,0,currents.c
1764787930547,0,currents.c
1764787930549,0,currents.c
1764787930551,0,currents.c
1764787930553,0,currents.c
1764787930555,0,currents.c
1764787930556,0,currents.c
1764787930558,0,currents.c
1764787930560,0,currents.c
1764787930562,0,currents.a
1764787930564,0,currents.a
1764787930567,0,currents.a
1764787930569,0,currents.a
1764787930571,0,currents.a
1764787930573,0,currents.a
1764787930574,0,currents.a
1764787930576,0,currents.a
1764787930578,0,currents.a
1764787930581,0,currents.a
1764787930583,0,currents.a
1764787930585,0,currents.a
1764787930587,0,currents.a
1764787930589,0,currents.a
1764787930591,0,currents.a
1764787930594,0,currents.a
1764787930596,0,currents.a
1764787930599,0,currents.a
1764787930600,0,currents.a
1764787930602,0,currents.a
1764787930604,0,currents.a
1764787930606,0,currents.a
1764787930608,0,currents.a
1764787930611,0,currents.a
1764787930562,0,currents.b
1764787930564,0,currents.b
1764787930567,0,currents.b
1764787930569,0,currents.b
1764787930571,0,currents.b
1764787930573,0,currents.b
1764787930574,0,currents.b
1764787930576,0,currents.b
1764787930578,0,currents.b
1764787930581,0,currents.b
1764787930583,0,currents.b
1764787930585,0,currents.b
1764787930587,0,currents.b
1764787930589,0,currents.b
1764787930591,0,currents.b
1764787930594,0,currents.b
1764787930596,0,currents.b
1764787930599,0,currents.b
1764787930600,0,currents.b
1764787930602,0,currents.b
1764787930604,0,currents.b
1764787930606,0,currents.b
1764787930608,0,currents.b
1764787930611,0,currents.b
1764787930562,0,currents.c
1764787930564,0,currents.c
1764787930567,0,currents.c
1764787930569,0,currents.c
1764787930571,0,currents.c
1764787930573,0,currents.c
1764787930574,0,currents.c
1764787930576,0,currents.c
1764787930578,0,currents.c
1764787930581,0,currents.c
1764787930583,0,currents.c
1764787930585,0,currents.c
1764787930587,0,currents.c
1764787930589,0,currents.c
1764787930591,0,currents.c
1764787930594,0,currents.c
1764787930596,0,currents.c
1764787930599,0,currents.c
1764787930600,0,currents.c
1764787930602,0,currents.c
1764787930604,0,currents.c
1764787930606,0,currents.c
1764787930608,0,currents.c
1764787930611,0,currents.c
1764787930613,0,currents.a
1764787930615,0,currents.a
1764787930617,0,currents.a
1764787930618,0,currents.a
1764787930620,0,currents.a
1764787930621,0,currents.a
1764787930623,0,currents.a
1764787930625,0,currents.a
1764787930627,0,currents.a
1764787930629,0,currents.a
1764787930631,0,currents.a
1764787930634,0,currents.a
1764787930636,0,currents.a
1764787930639,0,currents.a
1764787930640,0,currents.a
1764787930643,0,currents.a
1764787930645,0,currents.a
1764787930647,0,currents.a
1764787930649,0,currents.a
1764787930651,0,currents.a
1764787930653,0,currents.a
1764787930655,0,currents.a
1764787930657,0,currents.a
1764787930659,0,currents.a
1764787930661,0,currents.a
1764787930613,0,currents.b
1764787930615,0,currents.b
1764787930617,0,currents.b
1764787930618,0,currents.b
1764787930620,0,currents.b
1764787930621,0,currents.b
1764787930623,0,currents.b
1764787930625,0,currents.b
1764787930627,0,currents.b
1764787930629,0,currents.b
1764787930631,0,currents.b
1764787930634,0,currents.b
1764787930636,0,currents.b
1764787930639,0,currents.b
1764787930640,0,currents.b
1764787930643,0,currents.b
1764787930645,0,currents.b
1764787930647,0,currents.b
1764787930649,0,currents.b
1764787930651,0,currents.b
1764787930653,0,currents.b
1764787930655,0,currents.b
1764787930657,0,currents.b
1764787930659,0,currents.b
1764787930661,0,currents.b
1764787930613,0,currents.c
1764787930615,0,currents.c
1764787930617,0,currents.c
1764787930618,0,currents.c
1764787930620,0,currents.c
1764787930621,0,currents.c
1764787930623,0,currents.c
1764787930625,0,currents.c
1764787930627,0,currents.c
1764787930629,0,currents.c
1764787930631,0,currents.c
1764787930634,0,currents.c
1764787930636,0,currents.c
1764787930639,0,currents.c
1764787930640,0,currents.c
1764787930643,0,currents.c
1764787930645,0,currents.c
1764787930647,0,currents.c
1764787930649,0,currents.c
1764787930651,0,currents.c
1764787930653,0,currents.c
1764787930655,0,currents.c
1764787930657,0,currents.c
1764787930659,0,currents.c
1764787930661,0,currents.c
1764787930663,0,currents.a
1764787930666,0,currents.a
1764787930667,0,currents.a
1764787930669,0,currents.a
1764787930671,0,currents.a
1764787930672,0,currents.a
1764787930674,0,currents.a
1764787930676,0,currents.a
1764787930678,0,currents.a
1764787930681,0,currents.a
1764787930683,0,currents.a
1764787930685,0,currents.a
1764787930687,0,currents.a
1764787930689,0,currents.a
1764787930691,0,currents.a
1764787930693,0,currents.a
1764787930695,0,currents.a
1764787930697,0,currents.a
1764787930699,0,currents.a
1764787930701,0,currents.a
1764787930703,0,currents.a
1764787930705,0,currents.a
1764787930707,0,currents.a
1764787930709,0,currents.a
1764787930663,0,currents.b
1764787930666,0,currents.b
1764787930667,0,currents.b
1764787930669,0,currents.b
1764787930671,0,currents.b
1764787930672,0,currents.b
1764787930674,0,currents.b
1764787930676,0,currents.b
1764787930678,0,currents.b
1764787930681,0,currents.b
1764787930683,0,currents.b
1764787930685,0,currents.b
1764787930687,0,currents.b
1764787930689,0,currents.b
1764787930691,0,currents.b
1764787930693,0,currents.b
1764787930695,0,currents.b
1764787930697,0,currents.b
1764787930699,0,currents.b
1764787930701,0,currents.b
1764787930703,0,currents.b
1764787930705,0,currents.b
1764787930707,0,currents.b
1764787930709,0,currents.b
1764787930663,0,currents.c
1764787930666,0,currents.c
1764787930667,0,currents.c
1764787930669,0,currents.c
1764787930671,0,currents.c
1764787930672,0,currents.c
1764787930674,0,currents.c
1764787930676,0,currents.c
1764787930678,0,currents.c
1764787930681,0,currents.c
1764787930683,0,currents.c
1764787930685,0,currents.c
1764787930687,0,currents.c
1764787930689,0,currents.c
1764787930691,0,currents.c
1764787930693,0,currents.c
1764787930695,0,currents.c
1764787930697,0,currents.c
1764787930699,0,currents.c
1764787930701,0,currents.c
1764787930703,0,currents.c
1764787930705,0,currents.c
1764787930707,0,currents.c
1764787930709,0,currents.c
1764787930711,0,currents.a
1764787930713,0,currents.a
1764787930715,0,currents.a
1764787930717,0,currents.a
1764787930718,0,currents.a
1764787930720,0,currents.a
1764787930721,0,currents.a
1764787930723,0,currents.a
1764787930725,0,currents.a
1764787930727,0,currents.a
1764787930730,0,currents.a
1764787930733,0,currents.a
1764787930735,0,currents.a
1764787930737,0,currents.a
1764787930739,0,currents.a
1764787930741,0,currents.a
1764787930744,0,currents.a
1764787930746,0,currents.a
1764787930749,0,currents.a
1764787930751,0,currents.a
1764787930753,0,currents.a
1764787930755,0,currents.a
1764787930757,0,currents.a
1764787930759,0,currents.a
1764787930762,0,currents.a
1764787930711,0,currents.b
1764787930713,0,currents.b
1764787930715,0,currents.b
1764787930717,0,currents.b
1764787930718,0,currents.b
1764787930720,0,currents.b
1764787930721,0,currents.b
1764787930723,0,currents.b
1764787930725,0,currents.b
1764787930727,0,currents.b
1764787930730,0,currents.b
1764787930733,0,currents.b
1764787930735,0,currents.b
1764787930737,0,currents.b
1764787930739,0,currents.b
1764787930741,0,currents.b
1764787930744,0,currents.b
1764787930746,0,currents.b
1764787930749,0,currents.b
1764787930751,0,currents.b
1764787930753,0,currents.b
1764787930755,0,currents.b
1764787930757,0,currents.b
1764787930759,0,currents.b
1764787930762,0,currents.b
1764787930711,0,currents.c
1764787930713,0,currents.c
1764787930715,0,currents.c
1764787930717,0,currents.c
1764787930718,0,currents.c
1764787930720,0,currents.c
1764787930721,0,currents.c
1764787930723,0,currents.c
1764787930725,0,currents.c
1764787930727,0,currents.c
1764787930730,0,currents.c
1764787930733,0,currents.c
1764787930735,0,currents.c
1764787930737,0,currents.c
1764787930739,0,currents.c
1764787930741,0,currents.c
1764787930744,0,currents.c
1764787930746,0,currents.c
1764787930749,0,currents.c
1764787930751,0,currents.c
1764787930753,0,currents.c
1764787930755,0,currents.c
1764787930757,0,currents.c
1764787930759,0,currents.c
1764787930762,0,currents.c
1764787930765,0,currents.a
1764787930767,0,currents.a
1764787930769,0,currents.a
1764787930771,0,currents.a
1764787930772,0,currents.a
1764787930774,0,currents.a
1764787930776,0,currents.a
1764787930778,0,currents.a
1764787930780,0,currents.a
1764787930783,0,currents.a
1764787930785,0,currents.a
1764787930787,0,currents.a
1764787930789,0,currents.a
1764787930791,0,currents.a
1764787930793,0,currents.a
1764787930795,0,currents.a
1764787930797,0,currents.a
1764787930799,0,currents.a
1764787930800,0,currents.a
1764787930802,0,currents.a
1764787930804,0,currents.a
1764787930806,0,currents.a
1764787930808,0,currents.a
1764787930810,0,currents.a
1764787930812,0,currents.a
1764787930814,0,currents.a
1764787930765,0,currents.b
1764787930767,0,currents.b
1764787930769,0,currents.b
1764787930771,0,currents.b
1764787930772,0,currents.b
1764787930774,0,currents.b
1764787930776,0,currents.b
1764787930778,0,currents.b
1764787930780,0,currents.b
1764787930783,0,currents.b
1764787930785,0,currents.b
1764787930787,0,currents.b
1764787930789,0,currents.b
1764787930791,0,currents.b
1764787930793,0,currents.b
1764787930795,0,currents.b
1764787930797,0,currents.b
1764787930799,0,currents.b
1764787930800,0,currents.b
1764787930802,0,currents.b
1764787930804,0,currents.b
1764787930806,0,currents.b
1764787930808,0,currents.b
1764787930810,0,currents.b
1764787930812,0,currents.b
1764787930814,0,currents.b
1764787930765,0,currents.c
1764787930767,0,currents.c
1764787930769,0,currents.c
1764787930771,0,currents.c
1764787930772,0,currents.c
1764787930774,0,currents.c
1764787930776,0,currents.c
1764787930778,0,currents.c
1764787930780,0,currents.c
1764787930783,0,currents.c
1764787930785,0,currents.c
1764787930787,0,currents.c
1764787930789,0,currents.c
1764787930791,0,currents.c
1764787930793,0,currents.c
1764787930795,0,currents.c
1764787930797,0,currents.c
1764787930799,0,currents.c
1764787930800,0,currents.c
1764787930802,0,currents.c
1764787930804,0,currents.c
1764787930806,0,currents.c
1764787930808,0,currents.c
1764787930810,0,currents.c
1764787930812,0,currents.c
1764787930814,0,currents.c
1764787930816,0,currents.a
1764787930818,0,currents.a
1764787930820,0,currents.a
1764787930822,0,currents.a
1764787930824,0,currents.a
1764787930826,0,currents.a
1764787930827,0,currents.a
1764787930829,0,currents.a
1764787930832,0,currents.a
1764787930834,0,currents.a
1764787930836,0,currents.a
1764787930838,0,currents.a
1764787930840,0,currents.a
1764787930842,0,currents.a
1764787930844,0,currents.a
1764787930846,0,currents.a
1764787930848,0,currents.a
1764787930850,0,currents.a
1764787930852,0,currents.a
1764787930854,0,currents.a
1764787930856,0,currents.a
1764787930858,0,currents.a
1764787930860,0,currents.a
1764787930862,0,currents.a
1764787930816,0,currents.b
1764787930818,0,currents.b
1764787930820,0,currents.b
1764787930822,0,currents.b
1764787930824,0,currents.b
1764787930826,0,currents.b
1764787930827,0,currents.b
1764787930829,0,currents.b
1764787930832,0,currents.b
1764787930834,0,currents.b
1764787930836,0,currents.b
1764787930838,0,currents.b
1764787930840,0,currents.b
1764787930842,0,currents.b
1764787930844,0,currents.b
1764787930846,0,currents.b
1764787930848,0,currents.b
1764787930850,0,currents.b
1764787930852,0,currents.b
1764787930854,0,currents.b
1764787930856,0,currents.b
1764787930858,0,currents.b
1764787930860,0,currents.b
1764787930862,0,currents.b
1764787930816,0,currents.c
1764787930818,0,currents.c
1764787930820,0,currents.c
1764787930822,0,currents.c
1764787930824,0,currents.c
1764787930826,0,currents.c
1764787930827,0,currents.c
1764787930829,0,currents.c
1764787930832,0,currents.c
1764787930834,0,currents.c
1764787930836,0,currents.c
1764787930838,0,currents.c
1764787930840,0,currents.c
1764787930842,0,currents.c
1764787930844,0,currents.c
1764787930846,0,currents.c
1764787930848,0,currents.c
1764787930850,0,currents.c
1764787930852,0,currents.c
1764787930854,0,currents.c
1764787930856,0,currents.c
1764787930858,0,currents.c
1764787930860,0,currents.c
1764787930862,0,currents.c
1764787930864,0,currents.a
1764787930866,0,currents.a
1764787930868,0,currents.a
1764787930870,0,currents.a
1764787930872,0,currents.a
1764787930874,0,currents.a
1764787930876,0,currents.a
1764787930878,0,currents.a
1764787930880,0,currents.a
1764787930882,0,currents.a
1764787930884,0,currents.a
1764787930886,0,currents.a
1764787930888,0,currents.a
1764787930890,0,currents.a
1764787930892,0,currents.a
1764787930894,0,currents.a
1764787930896,0,currents.a
1764787930899,0,currents.a
1764787930901,0,currents.a
1764787930902,0,currents.a
1764787930904,0,currents.a
1764787930906,0,currents.a
1764787930908,0,currents.a
1764787930910,0,currents.a
1764787930912,0,currents.a
1764787930914,0,currents.a
1764787930864,0,currents.b
1764787930866,0,currents.b
1764787930868,0,currents.b
1764787930870,0,currents.b
1764787930872,0,currents.b
1764787930874,0,currents.b
1764787930876,0,currents.b
1764787930878,0,currents.b
1764787930880,0,currents.b
1764787930882,0,currents.b
1764787930884,0,currents.b
1764787930886,0,currents.b
1764787930888,0,currents.b
1764787930890,0,currents.b
1764787930892,0,currents.b
1764787930894,0,currents.b
1764787930896,0,currents.b
1764787930899,0,currents.b
1764787930901,0,currents.b
1764787930902,0,currents.b
1764787930904,0,currents.b
1764787930906,0,currents.b
1764787930908,0,currents.b
1764787930910,0,currents.b
1764787930912,0,currents.b
1764787930914,0,currents.b
1764787930864,0,currents.c
1764787930866,0,currents.c
1764787930868,0,currents.c
1764787930870,0,currents.c
1764787930872,0,currents.c
1764787930874,0,currents.c
1764787930876,0,currents.c
1764787930878,0,currents.c
1764787930880,0,currents.c
1764787930882,0,currents.c
1764787930884,0,currents.c
1764787930886,0,currents.c
1764787930888,0,currents.c
1764787930890,0,currents.c
1764787930892,0,currents.c
1764787930894,0,currents.c
1764787930896,0,currents.c
1764787930899,0,currents.c
1764787930901,0,currents.c
1764787930902,0,currents.c
1764787930904,0,currents.c
1764787930906,0,currents.c
1764787930908,0,currents.c
1764787930910,0,currents.c
1764787930912,0,currents.c
1764787930914,0,currents.c
1764787930916,0,currents.a
1764787930919,0,currents.a
1764787930920,0,currents.a
1764787930923,0,currents.a
1764787930924,0,currents.a
1764787930926,0,currents.a
1764787930930,0,currents.a
1764787930932,0,currents.a
1764787930934,0,currents.a
1764787930936,0,currents.a
1764787930939,0,currents.a
1764787930941,0,currents.a
1764787930943,0,currents.a
1764787930945,0,currents.a
1764787930947,0,currents.a
1764787930949,0,currents.a
1764787930951,0,currents.a
1764787930954,0,currents.a
1764787930956,0,currents.a
1764787930957,0,currents.a
1764787930960,0,currents.a
1764787930961,0,currents.a
1764787930963,0,currents.a
1764787930916,0,currents.b
1764787930919,0,currents.b
1764787930920,0,currents.b
1764787930923,0,currents.b
1764787930924,0,currents.b
1764787930926,0,currents.b
1764787930930,0,currents.b
1764787930932,0,currents.b
1764787930934,0,currents.b
1764787930936,0,currents.b
1764787930939,0,currents.b
1764787930941,0,currents.b
1764787930943,0,currents.b
1764787930945,0,currents.b
1764787930947,0,currents.b
1764787930949,0,currents.b
1764787930951,0,currents.b
1764787930954,0,currents.b
1764787930956,0,currents.b
1764787930957,0,currents.b
1764787930960,0,currents.b
1764787930961,0,currents.b
1764787930963,0,currents.b
1764787930916,0,currents.c
1764787930919,0,currents.c
1764787930920,0,currents.c
1764787930923,0,currents.c
1764787930924,0,currents.c
1764787930926,0,currents.c
1764787930930,0,currents.c
1764787930932,0,currents.c
1764787930934,0,currents.c
1764787930936,0,currents.c
1764787930939,0,currents.c
1764787930941,0,currents.c
1764787930943,0,currents.c
1764787930945,0,currents.c
1764787930947,0,currents.c
1764787930949,0,currents.c
1764787930951,0,currents.c
1764787930954,0,currents.c
1764787930956,0,currents.c
1764787930957,0,currents.c
1764787930960,0,currents.c
1764787930961,0,currents.c
1764787930963,0,currents.c
1764787930966,0,currents.a
1764787930968,0,currents.a
1764787930970,0,currents.a
1764787930972,0,currents.a
1764787930974,0,currents.a
1764787930976,0,currents.a
1764787930978,0,currents.a
1764787930981,0,currents.a
1764787930983,0,currents.a
1764787930985,0,currents.a
1764787930987,0,currents.a
1764787930989,0,currents.a
1764787930992,0,currents.a
1764787930994,0,currents.a
1764787930996,0,currents.a
1764787930999,0,currents.a
1764787931001,0,currents.a
1764787931003,0,currents.a
1764787931006,0,currents.a
1764787931008,0,currents.a
1764787931010,0,currents.a
1764787931012,0,currents.a
1764787931014,0,currents.a
1764787930966,0,currents.b
1764787930968,0,currents.b
1764787930970,0,currents.b
1764787930972,0,currents.b
1764787930974,0,currents.b
1764787930976,0,currents.b
1764787930978,0,currents.b
1764787930981,0,currents.b
1764787930983,0,currents.b
1764787930985,0,currents.b
1764787930987,0,currents.b
1764787930989,0,currents.b
1764787930992,0,currents.b
1764787930994,0,currents.b
1764787930996,0,currents.b
1764787930999,0,currents.b
1764787931001,0,currents.b
1764787931003,0,currents.b
1764787931006,0,currents.b
1764787931008,0,currents.b
1764787931010,0,currents.b
1764787931012,0,currents.b
1764787931014,0,currents.b
1764787930966,0,currents.c
1764787930968,0,currents.c
1764787930970,0,currents.c
1764787930972,0,currents.c
1764787930974,0,currents.c
1764787930976,0,currents.c
1764787930978,0,currents.c
1764787930981,0,currents.c
1764787930983,0,currents.c
1764787930985,0,currents.c
1764787930987,0,currents.c
1764787930989,0,currents.c
1764787930992,0,currents.c
1764787930994,0,currents.c
1764787930996,0,currents.c
1764787930999,0,currents.c
1764787931001,0,currents.c
1764787931003,0,currents.c
1764787931006,0,currents.c
1764787931008,0,currents.c
1764787931010,0,currents.c
1764787931012,0,currents.c
1764787931014,0,currents.c
1764787931017,0,currents.a
1764787931019,0,currents.a
1764787931021,0,currents.a
1764787931023,0,currents.a
1764787931025,0,currents.a
1764787931027,0,currents.a
1764787931029,0,currents.a
1764787931032,0,currents.a
1764787931034,0,currents.a
1764787931036,0,currents.a
1764787931038,0,currents.a
1764787931040,0,currents.a
1764787931042,0,currents.a
1764787931044,0,currents.a
1764787931047,0,currents.a
1764787931049,0,currents.a
1764787931051,0,currents.a
1764787931053,0,currents.a
1764787931055,0,currents.a
1764787931057,0,currents.a
1764787931059,0,currents.a
1764787931061,0,currents.a
1764787931017,0,currents.b
1764787931019,0,currents.b
1764787931021,0,currents.b
1764787931023,0,currents.b
1764787931025,0,currents.b
1764787931027,0,currents.b
1764787931029,0,currents.b
1764787931032,0,currents.b
1764787931034,0,currents.b
1764787931036,0,currents.b
1764787931038,0,currents.b
1764787931040,0,currents.b
1764787931042,0,currents.b
1764787931044,0,currents.b
1764787931047,0,currents.b
1764787931049,0,currents.b
1764787931051,0,currents.b
1764787931053,0,currents.b
1764787931055,0,currents.b
1764787931057,0,currents.b
1764787931059,0,currents.b
1764787931061,0,currents.b
1764787931017,0,currents.c
1764787931019,0,currents.c
1764787931021,0,currents.c
1764787931023,0,currents.c
1764787931025,0,currents.c
1764787931027,0,currents.c
1764787931029,0,currents.c
1764787931032,0,currents.c
1764787931034,0,currents.c
1764787931036,0,currents.c
1764787931038,0,currents.c
1764787931040,0,currents.c
1764787931042,0,currents.c
1764787931044,0,currents.c
1764787931047,0,currents.c
1764787931049,0,currents.c
1764787931051,0,currents.c
1764787931053,0,currents.c
1764787931055,0,currents.c
1764787931057,0,currents.c
1764787931059,0,currents.c
1764787931061,0,currents.c
1764787931064,0,currents.a
1764787931066,0,currents.a
1764787931068,0,currents.a
1764787931070,0,currents.a
1764787931072,0,currents.a
1764787931074,0,currents.a
1764787931076,0,currents.a
1764787931077,0,currents.a
1764787931079,0,currents.a
1764787931081,0,currents.a
1764787931083,0,currents.a
1764787931085,0,currents.a
1764787931087,0,currents.a
1764787931089,0,currents.a
1764787931091,0,currents.a
1764787931093,0,currents.a
1764787931096,0,currents.a
1764787931098,0,currents.a
1764787931100,0,currents.a
1764787931102,0,currents.a
1764787931105,0,currents.a
1764787931107,0,currents.a
1764787931109,0,currents.a
1764787931111,0,currents.a
1764787931113,0,currents.a
1764787931116,0,currents.a
1764787931064,0,currents.b
1764787931066,0,currents.b
1764787931068,0,currents.b
1764787931070,0,currents.b
1764787931072,0,currents.b
1764787931074,0,currents.b
1764787931076,0,currents.b
1764787931077,0,currents.b
1764787931079,0,currents.b
1764787931081,0,currents.b
1764787931083,0,currents.b
1764787931085,0,currents.b
1764787931087,0,currents.b
1764787931089,0,currents.b
1764787931091,0,currents.b
1764787931093,0,currents.b
1764787931096,0,currents.b
1764787931098,0,currents.b
1764787931100,0,currents.b
1764787931102,0,currents.b
1764787931105,0,currents.b
1764787931107,0,currents.b
1764787931109,0,currents.b
1764787931111,0,currents.b
1764787931113,0,currents.b
1764787931116,0,currents.b
1764787931064,0,currents.c
1764787931066,0,currents.c
1764787931068,0,currents.c
1764787931070,0,currents.c
1764787931072,0,currents.c
1764787931074,0,currents.c
1764787931076,0,currents.c
1764787931077,0,currents.c
1764787931079,0,currents.c
1764787931081,0,currents.c
1764787931083,0,currents.c
1764787931085,0,currents.c
1764787931087,0,currents.c
1764787931089,0,currents.c
1764787931091,0,currents.c
1764787931093,0,currents.c
1764787931096,0,currents.c
1764787931098,0,currents.c
1764787931100,0,currents.c
1764787931102,0,currents.c
1764787931105,0,currents.c
1764787931107,0,currents.c
1764787931109,0,currents.c
1764787931111,0,currents.c
1764787931113,0,currents.c
1764787931116,0,currents.c
1764787931118,0,currents.a
1764787931120,0,currents.a
1764787931121,0,currents.a
1764787931123,0,currents.a
1764787931125,0,currents.a
1764787931127,0,currents.a
1764787931129,0,currents.a
1764787931131,0,currents.a
1764787931134,0,currents.a
1764787931136,0,currents.a
1764787931139,0,currents.a
1764787931142,0,currents.a
1764787931144,0,currents.a
1764787931146,0,currents.a
1764787931149,0,currents.a
1764787931152,0,currents.a
1764787931154,0,currents.a
1764787931156,0,currents.a
1764787931158,0,currents.a
1764787931160,0,currents.a
1764787931162,0,currents.a
1764787931164,0,currents.a
1764787931166,0,currents.a
1764787931118,0,currents.b
1764787931120,0,currents.b
1764787931121,0,currents.b
1764787931123,0,currents.b
1764787931125,0,currents.b
1764787931127,0,currents.b
1764787931129,0,currents.b
1764787931131,0,currents.b
1764787931134,0,currents.b
1764787931136,0,currents.b
1764787931139,0,currents.b
1764787931142,0,currents.b
1764787931144,0,currents.b
1764787931146,0,currents.b
1764787931149,0,currents.b
1764787931152,0,currents.b
1764787931154,0,currents.b
1764787931156,0,currents.b
1764787931158,0,currents.b
1764787931160,0,currents.b
1764787931162,0,currents.b
1764787931164,0,currents.b
1764787931166,0,currents.b
1764787931118,0,currents.c
1764787931120,0,currents.c
1764787931121,0,currents.c
1764787931123,0,currents.c
1764787931125,0,currents.c
1764787931127,0,currents.c
1764787931129,0,currents.c
1764787931131,0,currents.c
1764787931134,0,currents.c
1764787931136,0,currents.c
1764787931139,0,currents.c
1764787931142,0,currents.c
1764787931144,0,currents.c
1764787931146,0,currents.c
1764787931149,0,currents.c
1764787931152,0,currents.c
1764787931154,0,currents.c
1764787931156,0,currents.c
1764787931158,0,currents.c
1764787931160,0,currents.c
1764787931162,0,currents.c
1764787931164,0,currents.c
1764787931166,0,currents.c
1764787931168,0,currents.a
1764787931170,0,currents.a
1764787931172,0,currents.a
1764787931174,0,currents.a
1764787931176,0,currents.a
1764787931178,0,currents.a
1764787931180,0,currents.a
1764787931183,0,currents.a
1764787931185,0,currents.a
1764787931186,0,currents.a
1764787931189,0,currents.a
1764787931190,0,currents.a
1764787931193,0,currents.a
1764787931195,0,currents.a
1764787931197,0,currents.a
1764787931200,0,currents.a
1764787931202,0,currents.a
1764787931204,0,currents.a
1764787931206,0,currents.a
1764787931208,0,currents.a
1764787931210,0,currents.a
1764787931212,0,currents.a
1764787931215,0,currents.a
1764787931216,0,currents.a
1764787931168,0,currents.b
1764787931170,0,currents.b
1764787931172,0,currents.b
1764787931174,0,currents.b
1764787931176,0,currents.b
1764787931178,0,currents.b
1764787931180,0,currents.b
1764787931183,0,currents.b
1764787931185,0,currents.b
1764787931186,0,currents.b
1764787931189,0,currents.b
1764787931190,0,currents.b
1764787931193,0,currents.b
1764787931195,0,currents.b
1764787931197,0,currents.b
1764787931200,0,currents.b
1764787931202,0,currents.b
1764787931204,0,currents.b
1764787931206,0,currents.b
1764787931208,0,currents.b
1764787931210,0,currents.b
1764787931212,0,currents.b
1764787931215,0,currents.b
1764787931216,0,currents.b
1764787931168,0,currents.c
1764787931170,0,currents.c
1764787931172,0,currents.c
1764787931174,0,currents.c
1764787931176,0,currents.c
1764787931178,0,currents.c
1764787931180,0,currents.c
1764787931183,0,currents.c
1764787931185,0,currents.c
1764787931186,0,currents.c
1764787931189,0,currents.c
1764787931190,0,currents.c
1764787931193,0,currents.c
1764787931195,0,currents.c
1764787931197,0,currents.c
1764787931200,0,currents.c
1764787931202,0,currents.c
1764787931204,0,currents.c
1764787931206,0,currents.c
1764787931208,0,currents.c
1764787931210,0,currents.c
1764787931212,0,currents.c
1764787931215,0,currents.c
1764787931216,0,currents.c
1764787931219,0,currents.a
1764787931221,0,currents.a
1764787931222,0,currents.a
1764787931224,0,currents.a
1764787931226,0,currents.a
1764787931227,0,currents.a
1764787931230,0,currents.a
1764787931233,0,currents.a
1764787931235,0,currents.a
1764787931237,0,currents.a
1764787931239,0,currents.a
1764787931242,0,currents.a
1764787931244,0,currents.a
1764787931246,0,currents.a
1764787931248,0,currents.a
1764787931250,0,currents.a
1764787931252,0,currents.a
1764787931254,0,currents.a
1764787931256,0,currents.a
1764787931258,0,currents.a
1764787931260,0,currents.a
1764787931263,0,currents.a
1764787931265,0,currents.a
1764787931267,0,currents.a
1764787931219,0,currents.b
1764787931221,0,currents.b
1764787931222,0,currents.b
1764787931224,0,currents.b
1764787931226,0,currents.b
1764787931227,0,currents.b
1764787931230,0,currents.b
1764787931233,0,currents.b
1764787931235,0,currents.b
1764787931237,0,currents.b
1764787931239,0,currents.b
1764787931242,0,currents.b
1764787931244,0,currents.b
1764787931246,0,currents.b
1764787931248,0,currents.b
1764787931250,0,currents.b
1764787931252,0,currents.b
1764787931254,0,currents.b
1764787931256,0,currents.b
1764787931258,0,currents.b
1764787931260,0,currents.b
1764787931263,0,currents.b
1764787931265,0,currents.b
1764787931267,0,currents.b
1764787931219,0,currents.c
1764787931221,0,currents.c
1764787931222,0,currents.c
1764787931224,0,currents.c
1764787931226,0,currents.c
1764787931227,0,currents.c
1764787931230,0,currents.c
1764787931233,0,currents.c
1764787931235,0,currents.c
1764787931237,0,currents.c
1764787931239,0,currents.c
1764787931242,0,currents.c
1764787931244,0,currents.c
1764787931246,0,currents.c
1764787931248,0,currents.c
1764787931250,0,currents.c
1764787931252,0,currents.c
1764787931254,0,currents.c
1764787931256,0,currents.c
1764787931258,0,currents.c
1764787931260,0,currents.c
1764787931263,0,currents.c
1764787931265,0,currents.c
1764787931267,0,currents.c
1764787931269,0,currents.a
1764787931271,0,currents.a
1764787931273,0,currents.a
1764787931275,0,currents.a
1764787931277,0,currents.a
1764787931279,0,currents.a
1764787931282,0,currents.a
1764787931284,0,currents.a
1764787931286,0,currents.a
1764787931287,0,currents.a
1764787931290,0,currents.a
1764787931291,0,currents.a
1764787931293,0,currents.a
1764787931296,0,currents.a
1764787931298,0,currents.a
1764787931300,0,currents.a
1764787931302,0,currents.a
1764787931304,0,currents.a
1764787931306,0,currents.a
1764787931308,0,currents.a
1764787931310,0,currents.a
1764787931313,0,currents.a
1764787931315,0,currents.a
1764787931317,0,currents.a
1764787931269,0,currents.b
1764787931271,0,currents.b
1764787931273,0,currents.b
1764787931275,0,currents.b
1764787931277,0,currents.b
1764787931279,0,currents.b
1764787931282,0,currents.b
1764787931284,0,currents.b
1764787931286,0,currents.b
1764787931287,0,currents.b
1764787931290,0,currents.b
1764787931291,0,currents.b
1764787931293,0,currents.b
1764787931296,0,currents.b
1764787931298,0,currents.b
1764787931300,0,currents.b
1764787931302,0,currents.b
1764787931304,0,currents.b
1764787931306,0,currents.b
1764787931308,0,currents.b
1764787931310,0,currents.b
1764787931313,0,currents.b
1764787931315,0,currents.b
1764787931317,0,currents.b
1764787931269,0,currents.c
1764787931271,0,currents.c
1764787931273,0,currents.c
1764787931275,0,currents.c
1764787931277,0,currents.c
1764787931279,0,currents.c
1764787931282,0,currents.c
1764787931284,0,currents.c
1764787931286,0,currents.c
1764787931287,0,currents.c
1764787931290,0,currents.c
1764787931291,0,currents.c
1764787931293,0,currents.c
1764787931296,0,currents.c
1764787931298,0,currents.c
1764787931300,0,currents.c
1764787931302,0,currents.c
1764787931304,0,currents.c
1764787931306,0,currents.c
1764787931308,0,currents.c
1764787931310,0,currents.c
1764787931313,0,currents.c
1764787931315,0,currents.c
1764787931317,0,currents.c
1764787931319,0,currents.a
1764787931321,0,currents.a
1764787931322,0,currents.a
1764787931324,0,currents.a
1764787931326,0,currents.a
1764787931328,0,currents.a
1764787931329,0,currents.a
1764787931332,0,currents.a
1764787931334,0,currents.a
1764787931336,0,currents.a
1764787931338,0,currents.a
1764787931341,0,currents.a
1764787931343,0,currents.a
1764787931345,0,currents.a
1764787931347,0,currents.a
1764787931349,0,currents.a
1764787931351,0,currents.a
1764787931353,0,currents.a
1764787931355,0,currents.a
1764787931357,0,currents.a
1764787931359,0,currents.a
1764787931361,0,currents.a
1764787931363,0,currents.a
1764787931365,0,currents.a
1764787931367,0,currents.a
1764787931319,0,currents.b
1764787931321,0,currents.b
1764787931322,0,currents.b
1764787931324,0,currents.b
1764787931326,0,currents.b
1764787931328,0,currents.b
1764787931329,0,currents.b
1764787931332,0,currents.b
1764787931334,0,currents.b
1764787931336,0,currents.b
1764787931338,0,currents.b
1764787931341,0,currents.b
1764787931343,0,currents.b
1764787931345,0,currents.b
1764787931347,0,currents.b
1764787931349,0,currents.b
1764787931351,0,currents.b
1764787931353,0,currents.b
1764787931355,0,currents.b
1764787931357,0,currents.b
1764787931359,0,currents.b
1764787931361,0,currents.b
1764787931363,0,currents.b
1764787931365,0,currents.b
1764787931367,0,currents.b
1764787931319,0,currents.c
1764787931321,0,currents.c
1764787931322,0,currents.c
1764787931324,0,currents.c
1764787931326,0,currents.c
1764787931328,0,currents.c
1764787931329,0,currents.c
1764787931332,0,currents.c
1764787931334,0,currents.c
1764787931336,0,currents.c
1764787931338,0,currents.c
1764787931341,0,currents.c
1764787931343,0,currents.c
1764787931345,0,currents.c
1764787931347,0,currents.c
1764787931349,0,currents.c
1764787931351,0,currents.c
1764787931353,0,currents.c
1764787931355,0,currents.c
1764787931357,0,currents.c
1764787931359,0,currents.c
1764787931361,0,currents.c
1764787931363,0,currents.c
1764787931365,0,currents.c
1764787931367,0,currents.c
1764787931369,0,currents.a
1764787931371,0,currents.a
1764787931373,0,currents.a
1764787931375,0,currents.a
1764787931377,0,currents.a
1764787931379,0,currents.a
1764787931381,0,currents.a
1764787931383,0,currents.a
1764787931385,0,currents.a
1764787931387,0,currents.a
1764787931389,0,currents.a
1764787931391,0,currents.a
1764787931393,0,currents.a
1764787931396,0,currents.a
1764787931398,0,currents.a
1764787931400,0,currents.a
1764787931402,0,currents.a
1764787931404,0,currents.a
1764787931406,0,currents.a
1764787931408,0,currents.a
1764787931409,0,currents.a
1764787931411,0,currents.a
1764787931413,0,currents.a
1764787931416,0,currents.a
1764787931369,0,currents.b
1764787931371,0,currents.b
1764787931373,0,currents.b
1764787931375,0,currents.b
1764787931377,0,currents.b
1764787931379,0,currents.b
1764787931381,0,currents.b
1764787931383,0,currents.b
1764787931385,0,currents.b
1764787931387,0,currents.b
1764787931389,0,currents.b
1764787931391,0,currents.b
1764787931393,0,currents.b
1764787931396,0,currents.b
1764787931398,0,currents.b
1764787931400,0,currents.b
1764787931402,0,currents.b
1764787931404,0,currents.b
1764787931406,0,currents.b
1764787931408,0,currents.b
1764787931409,0,currents.b
1764787931411,0,currents.b
1764787931413,0,currents.b
1764787931416,0,currents.b
1764787931369,0,currents.c
1764787931371,0,currents.c
1764787931373,0,currents.c
1764787931375,0,currents.c
1764787931377,0,currents.c
1764787931379,0,currents.c
1764787931381,0,currents.c
1764787931383,0,currents.c
1764787931385,0,currents.c
1764787931387,0,currents.c
1764787931389,0,currents.c
1764787931391,0,currents.c
1764787931393,0,currents.c
1764787931396,0,currents.c
1764787931398,0,currents.c
1764787931400,0,currents.c
1764787931402,0,currents.c
1764787931404,0,currents.c
1764787931406,0,currents.c
1764787931408,0,currents.c
1764787931409,0,currents.c
1764787931411,0,currents.c
1764787931413,0,currents.c
1764787931416,0,currents.c
1764787931418,0,currents.a
1764787931420,0,currents.a
1764787931422,0,currents.a
1764787931424,0,currents.a
1764787931426,0,currents.a
1764787931427,0,currents.a
1764787931429,0,currents.a
1764787931432,0,currents.a
1764787931434,0,currents.a
1764787931437,0,currents.a
1764787931439,0,currents.a
1764787931441,0,currents.a
1764787931443,0,currents.a
1764787931445,0,currents.a
1764787931447,0,currents.a
1764787931449,0,currents.a
1764787931451,0,currents.a
1764787931453,0,currents.a
1764787931455,0,currents.a
1764787931457,0,currents.a
1764787931459,0,currents.a
1764787931462,0,currents.a
1764787931464,0,currents.a
1764787931466,0,currents.a
1764787931469,0,currents.a
1764787931418,0,currents.b
1764787931420,0,currents.b
1764787931422,0,currents.b
1764787931424,0,currents.b
1764787931426,0,currents.b
1764787931427,0,currents.b
1764787931429,0,currents.b
1764787931432,0,currents.b
1764787931434,0,currents.b
1764787931437,0,currents.b
1764787931439,0,currents.b
1764787931441,0,currents.b
1764787931443,0,currents.b
1764787931445,0,currents.b
1764787931447,0,currents.b
1764787931449,0,currents.b
1764787931451,0,currents.b
1764787931453,0,currents.b
1764787931455,0,currents.b
1764787931457,0,currents.b
1764787931459,0,currents.b
1764787931462,0,currents.b
1764787931464,0,currents.b
1764787931466,0,currents.b
1764787931469,0,currents.b
1764787931418,0,currents.c
1764787931420,0,currents.c
1764787931422,0,currents.c
1764787931424,0,currents.c
1764787931426,0,currents.c
1764787931427,0,currents.c
1764787931429,0,currents.c
1764787931432,0,currents.c
1764787931434,0,currents.c
1764787931437,0,currents.c
1764787931439,0,currents.c
1764787931441,0,currents.c
1764787931443,0,currents.c
1764787931445,0,currents.c
1764787931447,0,currents.c
1764787931449,0,currents.c
1764787931451,0,currents.c
1764787931453,0,currents.c
1764787931455,0,currents.c
1764787931457,0,currents.c
1764787931459,0,currents.c
1764787931462,0,currents.c
1764787931464,0,currents.c
1764787931466,0,currents.c
1764787931469,0,currents.c
1764787931471,0,currents.a
1764787931473,0,currents.a
1764787931475,0,currents.a
1764787931477,0,currents.a
1764787931479,0,currents.a
1764787931481,0,currents.a
1764787931482,0,currents.a
1764787931484,0,currents.a
1764787931485,0,currents.a
1764787931487,0,currents.a
1764787931490,0,currents.a
1764787931492,0,currents.a
1764787931494,0,currents.a
1764787931497,0,currents.a
1764787931499,0,currents.a
1764787931501,0,currents.a
1764787931503,0,currents.a
1764787931505,0,currents.a
1764787931507,0,currents.a
1764787931509,0,currents.a
1764787931512,0,currents.a
1764787931515,0,currents.a
1764787931517,0,currents.a
1764787931519,0,currents.a
1764787931471,0,currents.b
1764787931473,0,currents.b
1764787931475,0,currents.b
1764787931477,0,currents.b
1764787931479,0,currents.b
1764787931481,0,currents.b
1764787931482,0,currents.b
1764787931484,0,currents.b
1764787931485,0,currents.b
1764787931487,0,currents.b
1764787931490,0,currents.b
1764787931492,0,currents.b
1764787931494,0,currents.b
1764787931497,0,currents.b
1764787931499,0,currents.b
1764787931501,0,currents.b
1764787931503,0,currents.b
1764787931505,0,currents.b
1764787931507,0,currents.b
1764787931509,0,currents.b
1764787931512,0,currents.b
1764787931515,0,currents.b
1764787931517,0,currents.b
1764787931519,0,currents.b
1764787931471,0,currents.c
1764787931473,0,currents.c
1764787931475,0,currents.c
1764787931477,0,currents.c
1764787931479,0,currents.c
1764787931481,0,currents.c
1764787931482,0,currents.c
1764787931484,0,currents.c
1764787931485,0,currents.c
1764787931487,0,currents.c
1764787931490,0,currents.c
1764787931492,0,currents.c
1764787931494,0,currents.c
1764787931497,0,currents.c
1764787931499,0,currents.c
1764787931501,0,currents.c
1764787931503,0,currents.c
1764787931505,0,currents.c
1764787931507,0,currents.c
1764787931509,0,currents.c
1764787931512,0,currents.c
1764787931515,0,currents.c
1764787931517,0,currents.c
1764787931519,0,currents.c
1764787931521,0,currents.a
1764787931523,0,currents.a
1764787931525,0,currents.a
1764787931526,0,currents.a
1764787931528,0,currents.a
1764787931530,0,currents.a
1764787931532,0,currents.a
1764787931534,0,currents.a
1764787931536,0,currents.a
1764787931538,0,currents.a
1764787931540,0,currents.a
1764787931542,0,currents.a
1764787931544,0,currents.a
1764787931546,0,currents.a
1764787931548,0,currents.a
1764787931550,0,currents.a
1764787931552,0,currents.a
1764787931554,0,currents.a
1764787931557,0,currents.a
1764787931558,0,currents.a
1764787931560,0,currents.a
1764787931563,0,currents.a
1764787931565,0,currents.a
1764787931567,0,currents.a
1764787931569,0,currents.a
1764787931521,0,currents.b
1764787931523,0,currents.b
1764787931525,0,currents.b
1764787931526,0,currents.b
1764787931528,0,currents.b
1764787931530,0,currents.b
1764787931532,0,currents.b
1764787931534,0,currents.b
1764787931536,0,currents.b
1764787931538,0,currents.b
1764787931540,0,currents.b
1764787931542,0,currents.b
1764787931544,0,currents.b
1764787931546,0,currents.b
1764787931548,0,currents.b
1764787931550,0,currents.b
1764787931552,0,currents.b
1764787931554,0,currents.b
1764787931557,0,currents.b
1764787931558,0,currents.b
1764787931560,0,currents.b
1764787931563,0,currents.b
1764787931565,0,currents.b
1764787931567,0,currents.b
1764787931569,0,currents.b
1764787931521,0,currents.c
1764787931523,0,currents.c
1764787931525,0,currents.c
1764787931526,0,currents.c
1764787931528,0,currents.c
1764787931530,0,currents.c
1764787931532,0,currents.c
1764787931534,0,currents.c
1764787931536,0,currents.c
1764787931538,0,currents.c
1764787931540,0,currents.c
1764787931542,0,currents.c
1764787931544,0,currents.c
1764787931546,0,currents.c
1764787931548,0,currents.c
1764787931550,0,currents.c
1764787931552,0,currents.c
1764787931554,0,currents.c
1764787931557,0,currents.c
1764787931558,0,currents.c
1764787931560,0,currents.c
1764787931563,0,currents.c
1764787931565,0,currents.c
1764787931567,0,currents.c
1764787931569,0,currents.c
1764787931571,0,currents.a
1764787931573,0,currents.a
1764787931575,0,currents.a
1764787931577,0,currents.a
1764787931579,0,currents.a
1764787931581,0,currents.a
1764787931583,0,currents.a
1764787931585,0,currents.a
1764787931587,0,currents.a
1764787931589,0,currents.a
1764787931591,0,currents.a
1764787931593,0,currents.a
1764787931595,0,currents.a
1764787931597,0,currents.a
1764787931599,0,currents.a
1764787931602,0,currents.a
1764787931604,0,currents.a
1764787931605,0,currents.a
1764787931607,0,currents.a
1764787931609,0,currents.a
1764787931610,0,currents.a
1764787931613,0,currents.a
1764787931615,0,currents.a
1764787931617,0,currents.a
1764787931619,0,currents.a
1764787931621,0,currents.a
1764787931571,0,currents.b
1764787931573,0,currents.b
1764787931575,0,currents.b
1764787931577,0,currents.b
1764787931579,0,currents.b
1764787931581,0,currents.b
1764787931583,0,currents.b
1764787931585,0,currents.b
1764787931587,0,currents.b
1764787931589,0,currents.b
1764787931591,0,currents.b
1764787931593,0,currents.b
1764787931595,0,currents.b
1764787931597,0,currents.b
1764787931599,0,currents.b
1764787931602,0,currents.b
1764787931604,0,currents.b
1764787931605,0,currents.b
1764787931607,0,currents.b
1764787931609,0,currents.b
1764787931610,0,currents.b
1764787931613,0,currents.b
1764787931615,0,currents.b
1764787931617,0,currents.b
1764787931619,0,currents.b
1764787931621,0,currents.b
1764787931571,0,currents.c
1764787931573,0,currents.c
1764787931575,0,currents.c
1764787931577,0,currents.c
1764787931579,0,currents.c
1764787931581,0,currents.c
1764787931583,0,currents.c
1764787931585,0,currents.c
1764787931587,0,currents.c
1764787931589,0,currents.c
1764787931591,0,currents.c
1764787931593,0,currents.c
1764787931595,0,currents.c
1764787931597,0,currents.c
1764787931599,0,currents.c
1764787931602,0,currents.c
1764787931604,0,currents.c
1764787931605,0,currents.c
1764787931607,0,currents.c
1764787931609,0,currents.c
1764787931610,0,currents.c
1764787931613,0,currents.c
1764787931615,0,currents.c
1764787931617,0,currents.c
1764787931619,0,currents.c
1764787931621,0,currents.c
1764787931622,0,currents.a
1764787931624,0,currents.a
1764787931626,0,currents.a
1764787931628,0,currents.a
1764787931630,0,currents.a
1764787931632,0,currents.a
1764787931633,0,currents.a
1764787931635,0,currents.a
1764787931637,0,currents.a
1764787931639,0,currents.a
1764787931641,0,currents.a
1764787931643,0,currents.a
1764787931645,0,currents.a
1764787931647,0,currents.a
1764787931650,0,currents.a
1764787931652,0,currents.a
1764787931654,0,currents.a
1764787931656,0,currents.a
1764787931657,0,currents.a
1764787931659,0,currents.a
1764787931661,0,currents.a
1764787931663,0,currents.a
1764787931665,0,currents.a
1764787931667,0,currents.a
1764787931669,0,currents.a
1764787931671,0,currents.a
1764787931622,0,currents.b
1764787931624,0,currents.b
1764787931626,0,currents.b
1764787931628,0,currents.b
1764787931630,0,currents.b
1764787931632,0,currents.b
1764787931633,0,currents.b
1764787931635,0,currents.b
1764787931637,0,currents.b
1764787931639,0,currents.b
1764787931641,0,currents.b
1764787931643,0,currents.b
1764787931645,0,currents.b
1764787931647,0,currents.b
1764787931650,0,currents.b
1764787931652,0,currents.b
1764787931654,0,currents.b
1764787931656,0,currents.b
1764787931657,0,currents.b
1764787931659,0,currents.b
1764787931661,0,currents.b
1764787931663,0,currents.b
1764787931665,0,currents.b
1764787931667,0,currents.b
1764787931669,0,currents.b
1764787931671,0,currents.b
1764787931622,0,currents.c
1764787931624,0,currents.c
1764787931626,0,currents.c
1764787931628,0,currents.c
1764787931630,0,currents.c
1764787931632,0,currents.c
1764787931633,0,currents.c
1764787931635,0,currents.c
1764787931637,0,currents.c
1764787931639,0,currents.c
1764787931641,0,currents.c
1764787931643,0,currents.c
1764787931645,0,currents.c
1764787931647,0,currents.c
1764787931650,0,currents.c
1764787931652,0,currents.c
1764787931654,0,currents.c
1764787931656,0,currents.c
1764787931657,0,currents.c
1764787931659,0,currents.c
1764787931661,0,currents.c
1764787931663,0,currents.c
1764787931665,0,currents.c
1764787931667,0,currents.c
1764787931669,0,currents.c
1764787931671,0,currents.c
1764787931673,0,currents.a
1764787931675,0,currents.a
1764787931676,0,currents.a
1764787931678,0,currents.a
1764787931680,0,currents.a
1764787931682,0,currents.a
1764787931684,0,currents.a
1764787931686,0,currents.a
1764787931688,0,currents.a
1764787931689,0,currents.a
1764787931691,0,currents.a
1764787931693,0,currents.a
1764787931694,0,currents.a
1764787931696,0,currents.a
1764787931698,0,currents.a
1764787931700,0,currents.a
1764787931702,0,currents.a
1764787931704,0,currents.a
1764787931706,0,currents.a
1764787931708,0,currents.a
1764787931710,0,currents.a
1764787931712,0,currents.a
1764787931714,0,currents.a
1764787931716,0,currents.a
1764787931718,0,currents.a
1764787931720,0,currents.a
1764787931722,0,currents.a
1764787931673,0,currents.b
1764787931675,0,currents.b
1764787931676,0,currents.b
1764787931678,0,currents.b
1764787931680,0,currents.b
1764787931682,0,currents.b
1764787931684,0,currents.b
1764787931686,0,currents.b
1764787931688,0,currents.b
1764787931689,0,currents.b
1764787931691,0,currents.b
1764787931693,0,currents.b
1764787931694,0,currents.b
1764787931696,0,currents.b
1764787931698,0,currents.b
1764787931700,0,currents.b
1764787931702,0,currents.b
1764787931704,0,currents.b
1764787931706,0,currents.b
1764787931708,0,currents.b
1764787931710,0,currents.b
1764787931712,0,currents.b
1764787931714,0,currents.b
1764787931716,0,currents.b
1764787931718,0,currents.b
1764787931720,0,currents.b
1764787931722,0,currents.b
1764787931673,0,currents.c
1764787931675,0,currents.c
1764787931676,0,currents.c
1764787931678,0,currents.c
1764787931680,0,currents.c
1764787931682,0,currents.c
1764787931684,0,currents.c
1764787931686,0,currents.c
1764787931688,0,currents.c
1764787931689,0,currents.c
1764787931691,0,currents.c
1764787931693,0,currents.c
1764787931694,0,currents.c
1764787931696,0,currents.c
1764787931698,0,currents.c
1764787931700,0,currents.c
1764787931702,0,currents.c
1764787931704,0,currents.c
1764787931706,0,currents.c
1764787931708,0,currents.c
1764787931710,0,currents.c
1764787931712,0,currents.c
1764787931714,0,currents.c
1764787931716,0,currents.c
1764787931718,0,currents.c
1764787931720,0,currents.c
1764787931722,0,currents.c
1764787931724,0,currents.a
1764787931726,0,currents.a
1764787931728,0,currents.a
1764787931730,0,currents.a
1764787931732,0,currents.a
1764787931734,0,currents.a
1764787931735,0,currents.a
1764787931737,0,currents.a
1764787931739,0,currents.a
1764787931741,0,currents.a
1764787931744,0,currents.a
1764787931746,0,currents.a
1764787931749,0,currents.a
1764787931750,0,currents.a
1764787931752,0,currents.a
1764787931755,0,currents.a
1764787931756,0,currents.a
1764787931759,0,currents.a
1764787931761,0,currents.a
1764787931763,0,currents.a
1764787931765,0,currents.a
1764787931767,0,currents.a
1764787931769,0,currents.a
1764787931724,0,currents.b
1764787931726,0,currents.b
1764787931728,0,currents.b
1764787931730,0,currents.b
1764787931732,0,currents.b
1764787931734,0,currents.b
1764787931735,0,currents.b
1764787931737,0,currents.b
1764787931739,0,currents.b
1764787931741,0,currents.b
1764787931744,0,currents.b
1764787931746,0,currents.b
1764787931749,0,currents.b
1764787931750,0,currents.b
1764787931752,0,currents.b
1764787931755,0,currents.b
1764787931756,0,currents.b
1764787931759,0,currents.b
1764787931761,0,currents.b
1764787931763,0,currents.b
1764787931765,0,currents.b
1764787931767,0,currents.b
1764787931769,0,currents.b
1764787931724,0,currents.c
1764787931726,0,currents.c
1764787931728,0,currents.c
1764787931730,0,currents.c
1764787931732,0,currents.c
1764787931734,0,currents.c
1764787931735,0,currents.c
1764787931737,0,currents.c
1764787931739,0,currents.c
1764787931741,0,currents.c
1764787931744,0,currents.c
1764787931746,0,currents.c
1764787931749,0,currents.c
1764787931750,0,currents.c
1764787931752,0,currents.c
1764787931755,0,currents.c
1764787931756,0,currents.c
1764787931759,0,currents.c
1764787931761,0,currents.c
1764787931763,0,currents.c
1764787931765,0,currents.c
1764787931767,0,currents.c
1764787931769,0,currents.c
1764787931771,0,currents.a
1764787931773,0,currents.a
1764787931775,0,currents.a
1764787931777,0,currents.a
1764787931780,0,currents.a
1764787931782,0,currents.a
1764787931784,0,currents.a
1764787931785,0,currents.a
1764787931787,0,currents.a
1764787931789,0,currents.a
1764787931790,0,currents.a
1764787931792,0,currents.a
1764787931794,0,currents.a
1764787931797,0,currents.a
1764787931799,0,currents.a
1764787931801,0,currents.a
1764787931803,0,currents.a
1764787931805,0,currents.a
1764787931807,0,currents.a
1764787931809,0,currents.a
1764787931811,0,currents.a
1764787931814,0,currents.a
1764787931816,0,currents.a
1764787931818,0,currents.a
1764787931820,0,currents.a
1764787931822,0,currents.a
1764787931771,0,currents.b
1764787931773,0,currents.b
1764787931775,0,currents.b
1764787931777,0,currents.b
1764787931780,0,currents.b
1764787931782,0,currents.b
1764787931784,0,currents.b
1764787931785,0,currents.b
1764787931787,0,currents.b
1764787931789,0,currents.b
1764787931790,0,currents.b
1764787931792,0,currents.b
1764787931794,0,currents.b
1764787931797,0,currents.b
1764787931799,0,currents.b
1764787931801,0,currents.b
1764787931803,0,currents.b
1764787931805,0,currents.b
1764787931807,0,currents.b
1764787931809,0,currents.b
1764787931811,0,currents.b
1764787931814,0,currents.b
1764787931816,0,currents.b
1764787931818,0,currents.b
1764787931820,0,currents.b
1764787931822,0,currents.b
1764787931771,0,currents.c
1764787931773,0,currents.c
1764787931775,0,currents.c
1764787931777,0,currents.c
1764787931780,0,currents.c
1764787931782,0,currents.c
1764787931784,0,currents.c
1764787931785,0,currents.c
1764787931787,0,currents.c
1764787931789,0,currents.c
1764787931790,0,currents.c
1764787931792,0,currents.c
1764787931794,0,currents.c
1764787931797,0,currents.c
1764787931799,0,currents.c
1764787931801,0,currents.c
1764787931803,0,currents.c
1764787931805,0,currents.c
1764787931807,0,currents.c
1764787931809,0,currents.c
1764787931811,0,currents.c
1764787931814,0,currents.c
1764787931816,0,currents.c
1764787931818,0,currents.c
1764787931820,0,currents.c
1764787931822,0,currents.c
1764787931823,0,currents.a
1764787931825,0,currents.a
1764787931827,0,currents.a
1764787931829,0,currents.a
1764787931831,0,currents.a
1764787931834,0,currents.a
1764787931835,0,currents.a
1764787931836,0,currents.a
1764787931839,0,currents.a
1764787931841,0,currents.a
1764787931843,0,currents.a
1764787931845,0,currents.a
1764787931847,0,currents.a
1764787931849,0,currents.a
1764787931852,0,currents.a
1764787931854,0,currents.a
1764787931856,0,currents.a
1764787931858,0,currents.a
1764787931860,0,currents.a
1764787931862,0,currents.a
1764787931864,0,currents.a
1764787931866,0,currents.a
1764787931868,0,currents.a
1764787931870,0,currents.a
1764787931823,0,currents.b
1764787931825,0,currents.b
1764787931827,0,currents.b
1764787931829,0,currents.b
1764787931831,0,currents.b
1764787931834,0,currents.b
1764787931835,0,currents.b
1764787931836,0,currents.b
1764787931839,0,currents.b
1764787931841,0,currents.b
1764787931843,0,currents.b
1764787931845,0,currents.b
1764787931847,0,currents.b
1764787931849,0,currents.b
1764787931852,0,currents.b
1764787931854,0,currents.b
1764787931856,0,currents.b
1764787931858,0,currents.b
1764787931860,0,currents.b
1764787931862,0,currents.b
1764787931864,0,currents.b
1764787931866,0,currents.b
1764787931868,0,currents.b
1764787931870,0,currents.b
1764787931823,0,currents.c
1764787931825,0,currents.c
1764787931827,0,currents.c
1764787931829,0,currents.c
1764787931831,0,currents.c
1764787931834,0,currents.c
1764787931835,0,currents.c
1764787931836,0,currents.c
1764787931839,0,currents.c
1764787931841,0,currents.c
1764787931843,0,currents.c
1764787931845,0,currents.c
1764787931847,0,currents.c
1764787931849,0,currents.c
1764787931852,0,currents.c
1764787931854,0,currents.c
1764787931856,0,currents.c
1764787931858,0,currents.c
1764787931860,0,currents.c
1764787931862,0,currents.c
1764787931864,0,currents.c
1764787931866,0,currents.c
1764787931868,0,currents.c
1764787931870,0,currents.c
1764787931872,0,currents.a
1764787931874,0,currents.a
1764787931876,0,currents.a
1764787931877,0,currents.a
1764787931880,0,currents.a
1764787931882,0,currents.a
1764787931883,0,currents.a
1764787931885,0,currents.a
1764787931887,0,currents.a
1764787931889,0,currents.a
1764787931891,0,currents.a
1764787931892,0,currents.a
1764787931894,0,currents.a
1764787931897,0,currents.a
1764787931899,0,currents.a
1764787931901,0,currents.a
1764787931903,0,currents.a
1764787931906,0,currents.a
1764787931908,0,currents.a
1764787931909,0,currents.a
1764787931911,0,currents.a
1764787931914,0,currents.a
1764787931916,0,currents.a
1764787931918,0,currents.a
1764787931920,0,currents.a
1764787931872,0,currents.b
1764787931874,0,currents.b
1764787931876,0,currents.b
1764787931877,0,currents.b
1764787931880,0,currents.b
1764787931882,0,currents.b
1764787931883,0,currents.b
1764787931885,0,currents.b
1764787931887,0,currents.b
1764787931889,0,currents.b
1764787931891,0,currents.b
1764787931892,0,currents.b
1764787931894,0,currents.b
1764787931897,0,currents.b
1764787931899,0,currents.b
1764787931901,0,currents.b
1764787931903,0,currents.b
1764787931906,0,currents.b
1764787931908,0,currents.b
1764787931909,0,currents.b
1764787931911,0,currents.b
1764787931914,0,currents.b
1764787931916,0,currents.b
1764787931918,0,currents.b
1764787931920,0,currents.b
1764787931872,0,currents.c
1764787931874,0,currents.c
1764787931876,0,currents.c
1764787931877,0,currents.c
1764787931880,0,currents.c
1764787931882,0,currents.c
1764787931883,0,currents.c
1764787931885,0,currents.c
1764787931887,0,currents.c
1764787931889,0,currents.c
1764787931891,0,currents.c
1764787931892,0,currents.c
1764787931894,0,currents.c
1764787931897,0,currents.c
1764787931899,0,currents.c
1764787931901,0,currents.c
1764787931903,0,currents.c
1764787931906,0,currents.c
1764787931908,0,currents.c
1764787931909,0,currents.c
1764787931911,0,currents.c
1764787931914,0,currents.c
1764787931916,0,currents.c
1764787931918,0,currents.c
1764787931920,0,currents.c
1764787931923,0,currents.a
1764787931925,0,currents.a
1764787931926,0,currents.a
1764787931928,0,currents.a
1764787931930,0,currents.a
1764787931932,0,currents.a
1764787931933,0,currents.a
1764787931935,0,currents.a
1764787931937,0,currents.a
1764787931939,0,currents.a
1764787931942,0,currents.a
1764787931945,0,currents.a
1764787931948,0,currents.a
1764787931950,0,currents.a
1764787931954,0,currents.a
1764787931955,0,currents.a
1764787931958,0,currents.a
1764787931959,0,currents.a
1764787931961,0,currents.a
1764787931963,0,currents.a
1764787931965,0,currents.a
1764787931967,0,currents.a
1764787931969,0,currents.a
1764787931971,0,currents.a
1764787931923,0,currents.b
1764787931925,0,currents.b
1764787931926,0,currents.b
1764787931928,0,currents.b
1764787931930,0,currents.b
1764787931932,0,currents.b
1764787931933,0,currents.b
1764787931935,0,currents.b
1764787931937,0,currents.b
1764787931939,0,currents.b
1764787931942,0,currents.b
1764787931945,0,currents.b
1764787931948,0,currents.b
1764787931950,0,currents.b
1764787931954,0,currents.b
1764787931955,0,currents.b
1764787931958,0,currents.b
1764787931959,0,currents.b
1764787931961,0,currents.b
1764787931963,0,currents.b
1764787931965,0,currents.b
1764787931967,0,currents.b
1764787931969,0,currents.b
1764787931971,0,currents.b
1764787931923,0,currents.c
1764787931925,0,currents.c
1764787931926,0,currents.c
1764787931928,0,currents.c
1764787931930,0,currents.c
1764787931932,0,currents.c
1764787931933,0,currents.c
1764787931935,0,currents.c
1764787931937,0,currents.c
1764787931939,0,currents.c
1764787931942,0,currents.c
1764787931945,0,currents.c
1764787931948,0,currents.c
1764787931950,0,currents.c
1764787931954,0,currents.c
1764787931955,0,currents.c
1764787931958,0,currents.c
1764787931959,0,currents.c
1764787931961,0,currents.c
1764787931963,0,currents.c
1764787931965,0,currents.c
1764787931967,0,currents.c
1764787931969,0,currents.c
1764787931971,0,currents.c
1764787931973,0,currents.a
1764787931975,0,currents.a
1764787931977,0,currents.a
1764787931979,0,currents.a
1764787931982,0,currents.a
1764787931984,0,currents.a
1764787931985,0,currents.a
1764787931987,0,currents.a
1764787931988,0,currents.a
1764787931990,0,currents.a
1764787931992,0,currents.a
1764787931993,0,currents.a
1764787931996,0,currents.a
1764787931998,0,currents.a
1764787932000,0,currents.a
1764787932002,0,currents.a
1764787932004,0,currents.a
1764787932006,0,currents.a
1764787932008,0,currents.a
1764787932010,0,currents.a
1764787932012,0,currents.a
1764787932014,0,currents.a
1764787932016,0,currents.a
1764787932018,0,currents.a
1764787932021,0,currents.a
1764787932022,0,currents.a
1764787932024,0,currents.a
1764787931973,0,currents.b
1764787931975,0,currents.b
1764787931977,0,currents.b
1764787931979,0,currents.b
1764787931982,0,currents.b
1764787931984,0,currents.b
1764787931985,0,currents.b
1764787931987,0,currents.b
1764787931988,0,currents.b
1764787931990,0,currents.b
1764787931992,0,currents.b
1764787931993,0,currents.b
1764787931996,0,currents.b
1764787931998,0,currents.b
1764787932000,0,currents.b
1764787932002,0,currents.b
1764787932004,0,currents.b
1764787932006,0,currents.b
1764787932008,0,currents.b
1764787932010,0,currents.b
1764787932012,0,currents.b
1764787932014,0,currents.b
1764787932016,0,currents.b
1764787932018,0,currents.b
1764787932021,0,currents.b
1764787932022,0,currents.b
1764787932024,0,currents.b
1764787931973,0,currents.c
1764787931975,0,currents.c
1764787931977,0,currents.c
1764787931979,0,currents.c
1764787931982,0,currents.c
1764787931984,0,currents.c
1764787931985,0,currents.c
1764787931987,0,currents.c
1764787931988,0,currents.c
1764787931990,0,currents.c
1764787931992,0,currents.c
1764787931993,0,currents.c
1764787931996,0,currents.c
1764787931998,0,currents.c
1764787932000,0,currents.c
1764787932002,0,currents.c
1764787932004,0,currents.c
1764787932006,0,currents.c
1764787932008,0,currents.c
1764787932010,0,currents.c
1764787932012,0,currents.c
1764787932014,0,currents.c
1764787932016,0,currents.c
1764787932018,0,currents.c
1764787932021,0,currents.c
1764787932022,0,currents.c
1764787932024,0,currents.c
1764787932026,0,currents.a
1764787932028,0,currents.a
1764787932030,0,currents.a
1764787932032,0,currents.a
1764787932034,0,currents.a
1764787932036,0,currents.a
1764787932038,0,currents.a
1764787932040,0,currents.a
1764787932042,0,currents.a
1764787932044,0,currents.a
1764787932047,0,currents.a
1764787932049,0,currents.a
1764787932051,0,currents.a
1764787932053,0,currents.a
1764787932055,0,currents.a
1764787932057,0,currents.a
1764787932059,0,currents.a
1764787932061,0,currents.a
1764787932064,0,currents.a
1764787932066,0,currents.a
1764787932068,0,currents.a
1764787932070,0,currents.a
1764787932072,0,currents.a
1764787932026,0,currents.b
1764787932028,0,currents.b
1764787932030,0,currents.b
1764787932032,0,currents.b
1764787932034,0,currents.b
1764787932036,0,currents.b
1764787932038,0,currents.b
1764787932040,0,currents.b
1764787932042,0,currents.b
1764787932044,0,currents.b
1764787932047,0,currents.b
1764787932049,0,currents.b
1764787932051,0,currents.b
1764787932053,0,currents.b
1764787932055,0,currents.b
1764787932057,0,currents.b
1764787932059,0,currents.b
1764787932061,0,currents.b
1764787932064,0,currents.b
1764787932066,0,currents.b
1764787932068,0,currents.b
1764787932070,0,currents.b
1764787932072,0,currents.b
1764787932026,0,currents.c
1764787932028,0,currents.c
1764787932030,0,currents.c
1764787932032,0,currents.c
1764787932034,0,currents.c
1764787932036,0,currents.c
1764787932038,0,currents.c
1764787932040,0,currents.c
1764787932042,0,currents.c
1764787932044,0,currents.c
1764787932047,0,currents.c
1764787932049,0,currents.c
1764787932051,0,currents.c
1764787932053,0,currents.c
1764787932055,0,currents.c
1764787932057,0,currents.c
1764787932059,0,currents.c
1764787932061,0,currents.c
1764787932064,0,currents.c
1764787932066,0,currents.c
1764787932068,0,currents.c
1764787932070,0,currents.c
1764787932072,0,currents.c
1764787932074,0,currents.a
1764787932076,0,currents.a
1764787932077,0,currents.a
1764787932079,0,currents.a
1764787932082,0,currents.a
1764787932083,0,currents.a
1764787932085,0,currents.a
1764787932087,0,currents.a
1764787932088,0,currents.a
1764787932090,0,currents.a
1764787932092,0,currents.a
1764787932094,0,currents.a
1764787932096,0,currents.a
1764787932098,0,currents.a
1764787932100,0,currents.a
1764787932102,0,currents.a
1764787932104,0,currents.a
1764787932106,0,currents.a
1764787932108,0,currents.a
1764787932110,0,currents.a
1764787932112,0,currents.a
1764787932114,0,currents.a
1764787932116,0,currents.a
1764787932118,0,currents.a
1764787932120,0,currents.a
1764787932122,0,currents.a
1764787932074,0,currents.b
1764787932076,0,currents.b
1764787932077,0,currents.b
1764787932079,0,currents.b
1764787932082,0,currents.b
1764787932083,0,currents.b
1764787932085,0,currents.b
1764787932087,0,currents.b
1764787932088,0,currents.b
1764787932090,0,currents.b
1764787932092,0,currents.b
1764787932094,0,currents.b
1764787932096,0,currents.b
1764787932098,0,currents.b
1764787932100,0,currents.b
1764787932102,0,currents.b
1764787932104,0,currents.b
1764787932106,0,currents.b
1764787932108,0,currents.b
1764787932110,0,currents.b
1764787932112,0,currents.b
1764787932114,0,currents.b
1764787932116,0,currents.b
1764787932118,0,currents.b
1764787932120,0,currents.b
1764787932122,0,currents.b
1764787932074,0,currents.c
1764787932076,0,currents.c
1764787932077,0,currents.c
1764787932079,0,currents.c
1764787932082,0,currents.c
1764787932083,0,currents.c
1764787932085,0,currents.c
1764787932087,0,currents.c
1764787932088,0,currents.c
1764787932090,0,currents.c
1764787932092,0,currents.c
1764787932094,0,currents.c
1764787932096,0,currents.c
1764787932098,0,currents.c
1764787932100,0,currents.c
1764787932102,0,currents.c
1764787932104,0,currents.c
1764787932106,0,currents.c
1764787932108,0,currents.c
1764787932110,0,currents.c
1764787932112,0,currents.c
1764787932114,0,currents.c
1764787932116,0,currents.c
1764787932118,0,currents.c
1764787932120,0,currents.c
1764787932122,0,currents.c
1764787932124,0,currents.a
1764787932126,0,currents.a
1764787932128,0,currents.a
1764787932131,0,currents.a
1764787932133,0,currents.a
1764787932135,0,currents.a
1764787932137,0,currents.a
1764787932138,0,currents.a
1764787932139,0,currents.a
1764787932141,0,currents.a
1764787932143,0,currents.a
1764787932146,0,currents.a
1764787932148,0,currents.a
1764787932150,0,currents.a
1764787932152,0,currents.a
1764787932155,0,currents.a
1764787932157,0,currents.a
1764787932159,0,currents.a
1764787932161,0,currents.a
1764787932163,0,currents.a
1764787932165,0,currents.a
1764787932167,0,currents.a
1764787932170,0,currents.a
1764787932172,0,currents.a
1764787932174,0,currents.a
1764787932124,0,currents.b
1764787932126,0,currents.b
1764787932128,0,currents.b
1764787932131,0,currents.b
1764787932133,0,currents.b
1764787932135,0,currents.b
1764787932137,0,currents.b
1764787932138,0,currents.b
1764787932139,0,currents.b
1764787932141,0,currents.b
1764787932143,0,currents.b
1764787932146,0,currents.b
1764787932148,0,currents.b
1764787932150,0,currents.b
1764787932152,0,currents.b
1764787932155,0,currents.b
1764787932157,0,currents.b
1764787932159,0,currents.b
1764787932161,0,currents.b
1764787932163,0,currents.b
1764787932165,0,currents.b
1764787932167,0,currents.b
1764787932170,0,currents.b
1764787932172,0,currents.b
1764787932174,0,currents.b
1764787932124,0,currents.c
1764787932126,0,currents.c
1764787932128,0,currents.c
1764787932131,0,currents.c
1764787932133,0,currents.c
1764787932135,0,currents.c
1764787932137,0,currents.c
1764787932138,0,currents.c
1764787932139,0,currents.c
1764787932141,0,currents.c
1764787932143,0,currents.c
1764787932146,0,currents.c
1764787932148,0,currents.c
1764787932150,0,currents.c
1764787932152,0,currents.c
1764787932155,0,currents.c
1764787932157,0,currents.c
1764787932159,0,currents.c
1764787932161,0,currents.c
1764787932163,0,currents.c
1764787932165,0,currents.c
1764787932167,0,currents.c
1764787932170,0,currents.c
1764787932172,0,currents.c
1764787932174,0,currents.c
1764787932176,0,currents.a
1764787932178,0,currents.a
1764787932180,0,currents.a
1764787932182,0,currents.a
1764787932184,0,currents.a
1764787932186,0,currents.a
1764787932188,0,currents.a
1764787932190,0,currents.a
1764787932192,0,currents.a
1764787932193,0,currents.a
1764787932196,0,currents.a
1764787932198,0,currents.a
1764787932200,0,currents.a
1764787932202,0,currents.a
1764787932203,0,currents.a
1764787932205,0,currents.a
1764787932207,0,currents.a
1764787932209,0,currents.a
1764787932211,0,currents.a
1764787932214,0,currents.a
1764787932216,0,currents.a
1764787932217,0,currents.a
1764787932219,0,currents.a
1764787932221,0,currents.a
1764787932223,0,currents.a
1764787932225,0,currents.a
1764787932176,0,currents.b
1764787932178,0,currents.b
1764787932180,0,currents.b
1764787932182,0,currents.b
1764787932184,0,currents.b
1764787932186,0,currents.b
1764787932188,0,currents.b
1764787932190,0,currents.b
1764787932192,0,currents.b
1764787932193,0,currents.b
1764787932196,0,currents.b
1764787932198,0,currents.b
1764787932200,0,currents.b
1764787932202,0,currents.b
1764787932203,0,currents.b
1764787932205,0,currents.b
1764787932207,0,currents.b
1764787932209,0,currents.b
1764787932211,0,currents.b
1764787932214,0,currents.b
1764787932216,0,currents.b
1764787932217,0,currents.b
1764787932219,0,currents.b
1764787932221,0,currents.b
1764787932223,0,currents.b
1764787932225,0,currents.b
1764787932176,0,currents.c
1764787932178,0,currents.c
1764787932180,0,currents.c
1764787932182,0,currents.c
1764787932184,0,currents.c
1764787932186,0,currents.c
1764787932188,0,currents.c
1764787932190,0,currents.c
1764787932192,0,currents.c
1764787932193,0,currents.c
1764787932196,0,currents.c
1764787932198,0,currents.c
1764787932200,0,currents.c
1764787932202,0,currents.c
1764787932203,0,currents.c
1764787932205,0,currents.c
1764787932207,0,currents.c
1764787932209,0,currents.c
1764787932211,0,currents.c
1764787932214,0,currents.c
1764787932216,0,currents.c
1764787932217,0,currents.c
1764787932219,0,currents.c
1764787932221,0,currents.c
1764787932223,0,currents.c
1764787932225,0,currents.c
1764787932226,0,currents.a
1764787932229,0,currents.a
1764787932231,0,currents.a
1764787932232,0,currents.a
1764787932234,0,currents.a
1764787932236,0,currents.a
1764787932238,0,currents.a
1764787932240,0,currents.a
1764787932241,0,currents.a
1764787932243,0,currents.a
1764787932245,0,currents.a
1764787932247,0,currents.a
1764787932250,0,currents.a
1764787932252,0,currents.a
1764787932254,0,currents.a
1764787932256,0,currents.a
1764787932257,0,currents.a
1764787932259,0,currents.a
1764787932261,0,currents.a
1764787932264,0,currents.a
1764787932266,0,currents.a
1764787932268,0,currents.a
1764787932270,0,currents.a
1764787932272,0,currents.a
1764787932273,0,currents.a
1764787932275,0,currents.a
1764787932277,0,currents.a
1764787932226,0,currents.b
1764787932229,0,currents.b
1764787932231,0,currents.b
1764787932232,0,currents.b
1764787932234,0,currents.b
1764787932236,0,currents.b
1764787932238,0,currents.b
1764787932240,0,currents.b
1764787932241,0,currents.b
1764787932243,0,currents.b
1764787932245,0,currents.b
1764787932247,0,currents.b
1764787932250,0,currents.b
1764787932252,0,currents.b
1764787932254,0,currents.b
1764787932256,0,currents.b
1764787932257,0,currents.b
1764787932259,0,currents.b
1764787932261,0,currents.b
1764787932264,0,currents.b
1764787932266,0,currents.b
1764787932268,0,currents.b
1764787932270,0,currents.b
1764787932272,0,currents.b
1764787932273,0,currents.b
1764787932275,0,currents.b
1764787932277,0,currents.b
1764787932226,0,currents.c
1764787932229,0,currents.c
1764787932231,0,currents.c
1764787932232,0,currents.c
1764787932234,0,currents.c
1764787932236,0,currents.c
1764787932238,0,currents.c
1764787932240,0,currents.c
1764787932241,0,currents.c
1764787932243,0,currents.c
1764787932245,0,currents.c
1764787932247,0,currents.c
1764787932250,0,currents.c
1764787932252,0,currents.c
1764787932254,0,currents.c
1764787932256,0,currents.c
1764787932257,0,currents.c
1764787932259,0,currents.c
1764787932261,0,currents.c
1764787932264,0,currents.c
1764787932266,0,currents.c
1764787932268,0,currents.c
1764787932270,0,currents.c
1764787932272,0,currents.c
1764787932273,0,currents.c
1764787932275,0,currents.c
1764787932277,0,currents.c
1764787932280,0,currents.a
1764787932282,0,currents.a
1764787932284,0,currents.a
1764787932286,0,currents.a
1764787932287,0,currents.a
1764787932289,0,currents.a
1764787932290,0,currents.a
1764787932292,0,currents.a
1764787932294,0,currents.a
1764787932296,0,currents.a
1764787932298,0,currents.a
1764787932300,0,currents.a
1764787932302,0,currents.a
1764787932304,0,currents.a
1764787932306,0,currents.a
1764787932308,0,currents.a
1764787932310,0,currents.a
1764787932312,0,currents.a
1764787932314,0,currents.a
1764787932316,0,currents.a
1764787932318,0,currents.a
1764787932320,0,currents.a
1764787932322,0,currents.a
1764787932324,0,currents.a
1764787932326,0,currents.a
1764787932328,0,currents.a
1764787932280,0,currents.b
1764787932282,0,currents.b
1764787932284,0,currents.b
1764787932286,0,currents.b
1764787932287,0,currents.b
1764787932289,0,currents.b
1764787932290,0,currents.b
1764787932292,0,currents.b
1764787932294,0,currents.b
1764787932296,0,currents.b
1764787932298,0,currents.b
1764787932300,0,currents.b
1764787932302,0,currents.b
1764787932304,0,currents.b
1764787932306,0,currents.b
1764787932308,0,currents.b
1764787932310,0,currents.b
1764787932312,0,currents.b
1764787932314,0,currents.b
1764787932316,0,currents.b
1764787932318,0,currents.b
1764787932320,0,currents.b
1764787932322,0,currents.b
1764787932324,0,currents.b
1764787932326,0,currents.b
1764787932328,0,currents.b
1764787932280,0,currents.c
1764787932282,0,currents.c
1764787932284,0,currents.c
1764787932286,0,currents.c
1764787932287,0,currents.c
1764787932289,0,currents.c
1764787932290,0,currents.c
1764787932292,0,currents.c
1764787932294,0,currents.c
1764787932296,0,currents.c
1764787932298,0,currents.c
1764787932300,0,currents.c
1764787932302,0,currents.c
1764787932304,0,currents.c
1764787932306,0,currents.c
1764787932308,0,currents.c
1764787932310,0,currents.c
1764787932312,0,currents.c
1764787932314,0,currents.c
1764787932316,0,currents.c
1764787932318,0,currents.c
1764787932320,0,currents.c
1764787932322,0,currents.c
1764787932324,0,currents.c
1764787932326,0,currents.c
1764787932328,0,currents.c
1764787932330,0,currents.a
1764787932332,0,currents.a
1764787932334,0,currents.a
1764787932336,0,currents.a
1764787932338,0,currents.a
1764787932340,0,currents.a
1764787932341,0,currents.a
1764787932343,0,currents.a
1764787932345,0,currents.a
1764787932347,0,currents.a
1764787932349,0,currents.a
1764787932351,0,currents.a
1764787932353,0,currents.a
1764787932355,0,currents.a
1764787932357,0,currents.a
1764787932360,0,currents.a
1764787932362,0,currents.a
1764787932364,0,currents.a
1764787932366,0,currents.a
1764787932368,0,currents.a
1764787932370,0,currents.a
1764787932372,0,currents.a
1764787932374,0,currents.a
1764787932377,0,currents.a
1764787932330,0,currents.b
1764787932332,0,currents.b
1764787932334,0,currents.b
1764787932336,0,currents.b
1764787932338,0,currents.b
1764787932340,0,currents.b
1764787932341,0,currents.b
1764787932343,0,currents.b
1764787932345,0,currents.b
1764787932347,0,currents.b
1764787932349,0,currents.b
1764787932351,0,currents.b
1764787932353,0,currents.b
1764787932355,0,currents.b
1764787932357,0,currents.b
1764787932360,0,currents.b
1764787932362,0,currents.b
1764787932364,0,currents.b
1764787932366,0,currents.b
1764787932368,0,currents.b
1764787932370,0,currents.b
1764787932372,0,currents.b
1764787932374,0,currents.b
1764787932377,0,currents.b
1764787932330,0,currents.c
1764787932332,0,currents.c
1764787932334,0,currents.c
1764787932336,0,currents.c
1764787932338,0,currents.c
1764787932340,0,currents.c
1764787932341,0,currents.c
1764787932343,0,currents.c
1764787932345,0,currents.c
1764787932347,0,currents.c
1764787932349,0,currents.c
1764787932351,0,currents.c
1764787932353,0,currents.c
1764787932355,0,currents.c
1764787932357,0,currents.c
1764787932360,0,currents.c
1764787932362,0,currents.c
1764787932364,0,currents.c
1764787932366,0,currents.c
1764787932368,0,currents.c
1764787932370,0,currents.c
1764787932372,0,currents.c
1764787932374,0,currents.c
1764787932377,0,currents.c
1764787932379,0,currents.a
1764787932381,0,currents.a
1764787932383,0,currents.a
1764787932385,0,currents.a
1764787932387,0,currents.a
1764787932389,0,currents.a
1764787932391,0,currents.a
1764787932393,0,currents.a
1764787932395,0,currents.a
1764787932397,0,currents.a
1764787932399,0,currents.a
1764787932401,0,currents.a
1764787932403,0,currents.a
1764787932405,0,currents.a
1764787932407,0,currents.a
1764787932409,0,currents.a
1764787932411,0,currents.a
1764787932413,0,currents.a
1764787932415,0,currents.a
1764787932417,0,currents.a
1764787932419,0,currents.a
1764787932422,0,currents.a
1764787932424,0,currents.a
1764787932426,0,currents.a
1764787932379,0,currents.b
1764787932381,0,currents.b
1764787932383,0,currents.b
1764787932385,0,currents.b
1764787932387,0,currents.b
1764787932389,0,currents.b
1764787932391,0,currents.b
1764787932393,0,currents.b
1764787932395,0,currents.b
1764787932397,0,currents.b
1764787932399,0,currents.b
1764787932401,0,currents.b
1764787932403,0,currents.b
1764787932405,0,currents.b
1764787932407,0,currents.b
1764787932409,0,currents.b
1764787932411,0,currents.b
1764787932413,0,currents.b
1764787932415,0,currents.b
1764787932417,0,currents.b
1764787932419,0,currents.b
1764787932422,0,currents.b
1764787932424,0,currents.b
1764787932426,0,currents.b
1764787932379,0,currents.c
1764787932381,0,currents.c
1764787932383,0,currents.c
1764787932385,0,currents.c
1764787932387,0,currents.c
1764787932389,0,currents.c
1764787932391,0,currents.c
1764787932393,0,currents.c
1764787932395,0,currents.c
1764787932397,0,currents.c
1764787932399,0,currents.c
1764787932401,0,currents.c
1764787932403,0,currents.c
1764787932405,0,currents.c
1764787932407,0,currents.c
1764787932409,0,currents.c
1764787932411,0,currents.c
1764787932413,0,currents.c
1764787932415,0,currents.c
1764787932417,0,currents.c
1764787932419,0,currents.c
1764787932422,0,currents.c
1764787932424,0,currents.c
1764787932426,0,currents.c
1764787932428,0,currents.a
1764787932431,0,currents.a
1764787932432,0,currents.a
1764787932434,0,currents.a
1764787932436,0,currents.a
1764787932438,0,currents.a
1764787932441,0,currents.a
1764787932443,0,currents.a
1764787932445,0,currents.a
1764787932448,0,currents.a
1764787932450,0,currents.a
1764787932452,0,currents.a
1764787932454,0,currents.a
1764787932456,0,currents.a
1764787932458,0,currents.a
1764787932460,0,currents.a
1764787932463,0,currents.a
1764787932465,0,currents.a
1764787932467,0,currents.a
1764787932470,0,currents.a
1764787932472,0,currents.a
1764787932474,0,currents.a
1764787932476,0,currents.a
1764787932428,0,currents.b
1764787932431,0,currents.b
1764787932432,0,currents.b
1764787932434,0,currents.b
1764787932436,0,currents.b
1764787932438,0,currents.b
1764787932441,0,currents.b
1764787932443,0,currents.b
1764787932445,0,currents.b
1764787932448,0,currents.b
1764787932450,0,currents.b
1764787932452,0,currents.b
1764787932454,0,currents.b
1764787932456,0,currents.b
1764787932458,0,currents.b
1764787932460,0,currents.b
1764787932463,0,currents.b
1764787932465,0,currents.b
1764787932467,0,currents.b
1764787932470,0,currents.b
1764787932472,0,currents.b
1764787932474,0,currents.b
1764787932476,0,currents.b
1764787932428,0,currents.c
1764787932431,0,currents.c
1764787932432,0,currents.c
1764787932434,0,currents.c
1764787932436,0,currents.c
1764787932438,0,currents.c
1764787932441,0,currents.c
1764787932443,0,currents.c
1764787932445,0,currents.c
1764787932448,0,currents.c
1764787932450,0,currents.c
1764787932452,0,currents.c
1764787932454,0,currents.c
1764787932456,0,currents.c
1764787932458,0,currents.c
1764787932460,0,currents.c
1764787932463,0,currents.c
1764787932465,0,currents.c
1764787932467,0,currents.c
1764787932470,0,currents.c
1764787932472,0,currents.c
1764787932474,0,currents.c
1764787932476,0,currents.c
1764787932479,0,currents.a
1764787932481,0,currents.a
1764787932483,0,currents.a
1764787932484,0,currents.a
1764787932487,0,currents.a
1764787932489,0,currents.a
1764787932491,0,currents.a
1764787932493,0,currents.a
1764787932495,0,currents.a
1764787932497,0,currents.a
1764787932499,0,currents.a
1764787932501,0,currents.a
1764787932503,0,currents.a
1764787932506,0,currents.a
1764787932508,0,currents.a
1764787932510,0,currents.a
1764787932512,0,currents.a
1764787932514,0,currents.a
1764787932517,0,currents.a
1764787932519,0,currents.a
1764787932521,0,currents.a
1764787932523,0,currents.a
1764787932525,0,currents.a
1764787932527,0,currents.a
1764787932479,0,currents.b
1764787932481,0,currents.b
1764787932483,0,currents.b
1764787932484,0,currents.b
1764787932487,0,currents.b
1764787932489,0,currents.b
1764787932491,0,currents.b
1764787932493,0,currents.b
1764787932495,0,currents.b
1764787932497,0,currents.b
1764787932499,0,currents.b
1764787932501,0,currents.b
1764787932503,0,currents.b
1764787932506,0,currents.b
1764787932508,0,currents.b
1764787932510,0,currents.b
1764787932512,0,currents.b
1764787932514,0,currents.b
1764787932517,0,currents.b
1764787932519,0,currents.b
1764787932521,0,currents.b
1764787932523,0,currents.b
1764787932525,0,currents.b
1764787932527,0,currents.b
1764787932479,0,currents.c
1764787932481,0,currents.c
1764787932483,0,currents.c
1764787932484,0,currents.c
1764787932487,0,currents.c
1764787932489,0,currents.c
1764787932491,0,currents.c
1764787932493,0,currents.c
1764787932495,0,currents.c
1764787932497,0,currents.c
1764787932499,0,currents.c
1764787932501,0,currents.c
1764787932503,0,currents.c
1764787932506,0,currents.c
1764787932508,0,currents.c
1764787932510,0,currents.c
1764787932512,0,currents.c
1764787932514,0,currents.c
1764787932517,0,currents.c
1764787932519,0,currents.c
1764787932521,0,currents.c
1764787932523,0,currents.c
1764787932525,0,currents.c
1764787932527,0,currents.c
1764787932530,0,currents.a
1764787932532,0,currents.a
1764787932534,0,currents.a
1764787932536,0,currents.a
1764787932538,0,currents.a
1764787932540,0,currents.a
1764787932542,0,currents.a
1764787932543,0,currents.a
1764787932545,0,currents.a
1764787932547,0,currents.a
1764787932549,0,currents.a
1764787932550,0,currents.a
1764787932552,0,currents.a
1764787932554,0,currents.a
1764787932555,0,currents.a
1764787932558,0,currents.a
1764787932560,0,currents.a
1764787932561,0,currents.a
1764787932563,0,currents.a
1764787932566,0,currents.a
1764787932567,0,currents.a
1764787932569,0,currents.a
1764787932571,0,currents.a
1764787932573,0,currents.a
1764787932575,0,currents.a
1764787932577,0,currents.a
1764787932578,0,currents.a
1764787932580,0,currents.a
1764787932582,0,currents.a
1764787932530,0,currents.b
1764787932532,0,currents.b
1764787932534,0,currents.b
1764787932536,0,currents.b
1764787932538,0,currents.b
1764787932540,0,currents.b
1764787932542,0,currents.b
1764787932543,0,currents.b
1764787932545,0,currents.b
1764787932547,0,currents.b
1764787932549,0,currents.b
1764787932550,0,currents.b
1764787932552,0,currents.b
1764787932554,0,currents.b
1764787932555,0,currents.b
1764787932558,0,currents.b
1764787932560,0,currents.b
1764787932561,0,currents.b
1764787932563,0,currents.b
1764787932566,0,currents.b
1764787932567,0,currents.b
1764787932569,0,currents.b
1764787932571,0,currents.b
1764787932573,0,currents.b
1764787932575,0,currents.b
1764787932577,0,currents.b
1764787932578,0,currents.b
1764787932580,0,currents.b
1764787932582,0,currents.b
1764787932530,0,currents.c
1764787932532,0,currents.c
1764787932534,0,currents.c
1764787932536,0,currents.c
1764787932538,0,currents.c
1764787932540,0,currents.c
1764787932542,0,currents.c
1764787932543,0,currents.c
1764787932545,0,currents.c
1764787932547,0,currents.c
1764787932549,0,currents.c
1764787932550,0,currents.c
1764787932552,0,currents.c
1764787932554,0,currents.c
1764787932555,0,currents.c
1764787932558,0,currents.c
1764787932560,0,currents.c
1764787932561,0,currents.c
1764787932563,0,currents.c
1764787932566,0,currents.c
1764787932567,0,currents.c
1764787932569,0,currents.c
1764787932571,0,currents.c
1764787932573,0,currents.c
1764787932575,0,currents.c
1764787932577,0,currents.c
1764787932578,0,currents.c
1764787932580,0,currents.c
1764787932582,0,currents.c
1764787932584,0,currents.a
1764787932586,0,currents.a
1764787932587,0,currents.a
1764787932589,0,currents.a
1764787932591,0,currents.a
1764787932593,0,currents.a
1764787932595,0,currents.a
1764787932597,0,currents.a
1764787932599,0,currents.a
1764787932601,0,currents.a
1764787932602,0,currents.a
1764787932604,0,currents.a
1764787932606,0,currents.a
1764787932607,0,currents.a
1764787932609,0,currents.a
1764787932611,0,currents.a
1764787932613,0,currents.a
1764787932615,0,currents.a
1764787932617,0,currents.a
1764787932619,0,currents.a
1764787932620,0,currents.a
1764787932622,0,currents.a
1764787932624,0,currents.a
1764787932626,0,currents.a
1764787932628,0,currents.a
1764787932630,0,currents.a
1764787932631,0,currents.a
1764787932584,0,currents.b
1764787932586,0,currents.b
1764787932587,0,currents.b
1764787932589,0,currents.b
1764787932591,0,currents.b
1764787932593,0,currents.b
1764787932595,0,currents.b
1764787932597,0,currents.b
1764787932599,0,currents.b
1764787932601,0,currents.b
1764787932602,0,currents.b
1764787932604,0,currents.b
1764787932606,0,currents.b
1764787932607,0,currents.b
1764787932609,0,currents.b
1764787932611,0,currents.b
1764787932613,0,currents.b
1764787932615,0,currents.b
1764787932617,0,currents.b
1764787932619,0,currents.b
1764787932620,0,currents.b
1764787932622,0,currents.b
1764787932624,0,currents.b
1764787932626,0,currents.b
1764787932628,0,currents.b
1764787932630,0,currents.b
1764787932631,0,currents.b
1764787932584,0,currents.c
1764787932586,0,currents.c
1764787932587,0,currents.c
1764787932589,0,currents.c
1764787932591,0,currents.c
1764787932593,0,currents.c
1764787932595,0,currents.c
1764787932597,0,currents.c
1764787932599,0,currents.c
1764787932601,0,currents.c
1764787932602,0,currents.c
1764787932604,0,currents.c
1764787932606,0,currents.c
1764787932607,0,currents.c
1764787932609,0,currents.c
1764787932611,0,currents.c
1764787932613,0,currents.c
1764787932615,0,currents.c
1764787932617,0,currents.c
1764787932619,0,currents.c
1764787932620,0,currents.c
1764787932622,0,currents.c
1764787932624,0,currents.c
1764787932626,0,currents.c
1764787932628,0,currents.c
1764787932630,0,currents.c
1764787932631,0,currents.c
1764787932633,0,currents.a
1764787932634,0,currents.a
1764787932636,0,currents.a
1764787932638,0,currents.a
1764787932640,0,currents.a
1764787932642,0,currents.a
1764787932644,0,currents.a
1764787932646,0,currents.a
1764787932648,0,currents.a
1764787932649,0,currents.a
1764787932651,0,currents.a
1764787932653,0,currents.a
1764787932654,0,currents.a
1764787932656,0,currents.a
1764787932658,0,currents.a
1764787932659,0,currents.a
1764787932662,0,currents.a
1764787932664,0,currents.a
1764787932666,0,currents.a
1764787932668,0,currents.a
1764787932670,0,currents.a
1764787932672,0,currents.a
1764787932673,0,currents.a
1764787932675,0,currents.a
1764787932677,0,currents.a
1764787932679,0,currents.a
1764787932681,0,currents.a
1764787932633,0,currents.b
1764787932634,0,currents.b
1764787932636,0,currents.b
1764787932638,0,currents.b
1764787932640,0,currents.b
1764787932642,0,currents.b
1764787932644,0,currents.b
1764787932646,0,currents.b
1764787932648,0,currents.b
1764787932649,0,currents.b
1764787932651,0,currents.b
1764787932653,0,currents.b
1764787932654,0,currents.b
1764787932656,0,currents.b
1764787932658,0,currents.b
1764787932659,0,currents.b
1764787932662,0,currents.b
1764787932664,0,currents.b
1764787932666,0,currents.b
1764787932668,0,currents.b
1764787932670,0,currents.b
1764787932672,0,currents.b
1764787932673,0,currents.b
1764787932675,0,currents.b
1764787932677,0,currents.b
1764787932679,0,currents.b
1764787932681,0,currents.b
1764787932633,0,currents.c
1764787932634,0,currents.c
1764787932636,0,currents.c
1764787932638,0,currents.c
1764787932640,0,currents.c
1764787932642,0,currents.c
1764787932644,0,currents.c
1764787932646,0,currents.c
1764787932648,0,currents.c
1764787932649,0,currents.c
1764787932651,0,currents.c
1764787932653,0,currents.c
1764787932654,0,currents.c
1764787932656,0,currents.c
1764787932658,0,currents.c
1764787932659,0,currents.c
1764787932662,0,currents.c
1764787932664,0,currents.c
1764787932666,0,currents.c
1764787932668,0,currents.c
1764787932670,0,currents.c
1764787932672,0,currents.c
1764787932673,0,currents.c
1764787932675,0,currents.c
1764787932677,0,currents.c
1764787932679,0,currents.c
1764787932681,0,currents.c
1764787932683,0,currents.a
1764787932684,0,currents.a
1764787932687,0,currents.a
1764787932689,0,currents.a
1764787932690,0,currents.a
1764787932692,0,currents.a
1764787932694,0,currents.a
1764787932696,0,currents.a
1764787932698,0,currents.a
1764787932700,0,currents.a
1764787932702,0,currents.a
1764787932704,0,currents.a
1764787932706,0,currents.a
1764787932708,0,currents.a
1764787932711,0,currents.a
1764787932714,0,currents.a
1764787932716,0,currents.a
1764787932718,0,currents.a
1764787932720,0,currents.a
1764787932722,0,currents.a
1764787932724,0,currents.a
1764787932726,0,currents.a
1764787932729,0,currents.a
1764787932731,0,currents.a
1764787932733,0,currents.a
1764787932735,0,currents.a
1764787932683,0,currents.b
1764787932684,0,currents.b
1764787932687,0,currents.b
1764787932689,0,currents.b
1764787932690,0,currents.b
1764787932692,0,currents.b
1764787932694,0,currents.b
1764787932696,0,currents.b
1764787932698,0,currents.b
1764787932700,0,currents.b
1764787932702,0,currents.b
1764787932704,0,currents.b
1764787932706,0,currents.b
1764787932708,0,currents.b
1764787932711,0,currents.b
1764787932714,0,currents.b
1764787932716,0,currents.b
1764787932718,0,currents.b
1764787932720,0,currents.b
1764787932722,0,currents.b
1764787932724,0,currents.b
1764787932726,0,currents.b
1764787932729,0,currents.b
1764787932731,0,currents.b
1764787932733,0,currents.b
1764787932735,0,currents.b
1764787932683,0,currents.c
1764787932684,0,currents.c
1764787932687,0,currents.c
1764787932689,0,currents.c
1764787932690,0,currents.c
1764787932692,0,currents.c
1764787932694,0,currents.c
1764787932696,0,currents.c
1764787932698,0,currents.c
1764787932700,0,currents.c
1764787932702,0,currents.c
1764787932704,0,currents.c
1764787932706,0,currents.c
1764787932708,0,currents.c
1764787932711,0,currents.c
1764787932714,0,currents.c
1764787932716,0,currents.c
1764787932718,0,currents.c
1764787932720,0,currents.c
1764787932722,0,currents.c
1764787932724,0,currents.c
1764787932726,0,currents.c
1764787932729,0,currents.c
1764787932731,0,currents.c
1764787932733,0,currents.c
1764787932735,0,currents.c
1764787932736,0,currents.a
1764787932738,0,currents.a
1764787932740,0,currents.a
1764787932741,0,currents.a
1764787932743,0,currents.a
1764787932745,0,currents.a
1764787932750,0,currents.a
1764787932752,0,currents.a
1764787932755,0,currents.a
1764787932757,0,currents.a
1764787932758,0,currents.a
1764787932760,0,currents.a
1764787932763,0,currents.a
1764787932765,0,currents.a
1764787932768,0,currents.a
1764787932770,0,currents.a
1764787932772,0,currents.a
1764787932774,0,currents.a
1764787932776,0,currents.a
1764787932778,0,currents.a
1764787932780,0,currents.a
1764787932782,0,currents.a
1764787932784,0,currents.a
1764787932785,0,currents.a
1764787932736,0,currents.b
1764787932738,0,currents.b
1764787932740,0,currents.b
1764787932741,0,currents.b
1764787932743,0,currents.b
1764787932745,0,currents.b
1764787932750,0,currents.b
1764787932752,0,currents.b
1764787932755,0,currents.b
1764787932757,0,currents.b
1764787932758,0,currents.b
1764787932760,0,currents.b
1764787932763,0,currents.b
1764787932765,0,currents.b
1764787932768,0,currents.b
1764787932770,0,currents.b
1764787932772,0,currents.b
1764787932774,0,currents.b
1764787932776,0,currents.b
1764787932778,0,currents.b
1764787932780,0,currents.b
1764787932782,0,currents.b
1764787932784,0,currents.b
1764787932785,0,currents.b
1764787932736,0,currents.c
1764787932738,0,currents.c
1764787932740,0,currents.c
1764787932741,0,currents.c
1764787932743,0,currents.c
1764787932745,0,currents.c
1764787932750,0,currents.c
1764787932752,0,currents.c
1764787932755,0,currents.c
1764787932757,0,currents.c
1764787932758,0,currents.c
1764787932760,0,currents.c
1764787932763,0,currents.c
1764787932765,0,currents.c
1764787932768,0,currents.c
1764787932770,0,currents.c
1764787932772,0,currents.c
1764787932774,0,currents.c
1764787932776,0,currents.c
1764787932778,0,currents.c
1764787932780,0,currents.c
1764787932782,0,currents.c
1764787932784,0,currents.c
1764787932785,0,currents.c
1764787932787,0,currents.a
1764787932789,0,currents.a
1764787932791,0,currents.a
1764787932792,0,currents.a
1764787932794,0,currents.a
1764787932796,0,currents.a
1764787932798,0,currents.a
1764787932801,0,currents.a
1764787932803,0,currents.a
1764787932805,0,currents.a
1764787932807,0,currents.a
1764787932809,0,currents.a
1764787932812,0,currents.a
1764787932814,0,currents.a
1764787932816,0,currents.a
1764787932818,0,currents.a
1764787932820,0,currents.a
1764787932823,0,currents.a
1764787932825,0,currents.a
1764787932827,0,currents.a
1764787932829,0,currents.a
1764787932831,0,currents.a
1764787932834,0,currents.a
1764787932836,0,currents.a
1764787932787,0,currents.b
1764787932789,0,currents.b
1764787932791,0,currents.b
1764787932792,0,currents.b
1764787932794,0,currents.b
1764787932796,0,currents.b
1764787932798,0,currents.b
1764787932801,0,currents.b
1764787932803,0,currents.b
1764787932805,0,currents.b
1764787932807,0,currents.b
1764787932809,0,currents.b
1764787932812,0,currents.b
1764787932814,0,currents.b
1764787932816,0,currents.b
1764787932818,0,currents.b
1764787932820,0,currents.b
1764787932823,0,currents.b
1764787932825,0,currents.b
1764787932827,0,currents.b
1764787932829,0,currents.b
1764787932831,0,currents.b
1764787932834,0,currents.b
1764787932836,0,currents.b
1764787932787,0,currents.c
1764787932789,0,currents.c
1764787932791,0,currents.c
1764787932792,0,currents.c
1764787932794,0,currents.c
1764787932796,0,currents.c
1764787932798,0,currents.c
1764787932801,0,currents.c
1764787932803,0,currents.c
1764787932805,0,currents.c
1764787932807,0,currents.c
1764787932809,0,currents.c
1764787932812,0,currents.c
1764787932814,0,currents.c
1764787932816,0,currents.c
1764787932818,0,currents.c
1764787932820,0,currents.c
1764787932823,0,currents.c
1764787932825,0,currents.c
1764787932827,0,currents.c
1764787932829,0,currents.c
1764787932831,0,currents.c
1764787932834,0,currents.c
1764787932836,0,currents.c
1764787932838,0,currents.a
1764787932840,0,currents.a
1764787932842,0,currents.a
1764787932844,0,currents.a
1764787932846,0,currents.a
1764787932848,0,currents.a
1764787932851,0,currents.a
1764787932853,0,currents.a
1764787932855,0,currents.a
1764787932857,0,currents.a
1764787932859,0,currents.a
1764787932861,0,currents.a
1764787932863,0,currents.a
1764787932865,0,currents.a
1764787932867,0,currents.a
1764787932870,0,currents.a
1764787932871,0,currents.a
1764787932873,0,currents.a
1764787932875,0,currents.a
1764787932876,0,currents.a
1764787932879,0,currents.a
1764787932881,0,currents.a
1764787932883,0,currents.a
1764787932885,0,currents.a
1764787932838,0,currents.b
1764787932840,0,currents.b
1764787932842,0,currents.b
1764787932844,0,currents.b
1764787932846,0,currents.b
1764787932848,0,currents.b
1764787932851,0,currents.b
1764787932853,0,currents.b
1764787932855,0,currents.b
1764787932857,0,currents.b
1764787932859,0,currents.b
1764787932861,0,currents.b
1764787932863,0,currents.b
1764787932865,0,currents.b
1764787932867,0,currents.b
1764787932870,0,currents.b
1764787932871,0,currents.b
1764787932873,0,currents.b
1764787932875,0,currents.b
1764787932876,0,currents.b
1764787932879,0,currents.b
1764787932881,0,currents.b
1764787932883,0,currents.b
1764787932885,0,currents.b
1764787932838,0,currents.c
1764787932840,0,currents.c
1764787932842,0,currents.c
1764787932844,0,currents.c
1764787932846,0,currents.c
1764787932848,0,currents.c
1764787932851,0,currents.c
1764787932853,0,currents.c
1764787932855,0,currents.c
1764787932857,0,currents.c
1764787932859,0,currents.c
1764787932861,0,currents.c
1764787932863,0,currents.c
1764787932865,0,currents.c
1764787932867,0,currents.c
1764787932870,0,currents.c
1764787932871,0,currents.c
1764787932873,0,currents.c
1764787932875,0,currents.c
1764787932876,0,currents.c
1764787932879,0,currents.c
1764787932881,0,currents.c
1764787932883,0,currents.c
1764787932885,0,currents.c
1764787932887,0,currents.a
1764787932888,0,currents.a
1764787932890,0,currents.a
1764787932892,0,currents.a
1764787932894,0,currents.a
1764787932896,0,currents.a
1764787932898,0,currents.a
1764787932900,0,currents.a
1764787932902,0,currents.a
1764787932904,0,currents.a
1764787932906,0,currents.a
1764787932908,0,currents.a
1764787932911,0,currents.a
1764787932914,0,currents.a
1764787932916,0,currents.a
1764787932918,0,currents.a
1764787932920,0,currents.a
1764787932922,0,currents.a
1764787932924,0,currents.a
1764787932926,0,currents.a
1764787932927,0,currents.a
1764787932930,0,currents.a
1764787932932,0,currents.a
1764787932934,0,currents.a
1764787932936,0,currents.a
1764787932887,0,currents.b
1764787932888,0,currents.b
1764787932890,0,currents.b
1764787932892,0,currents.b
1764787932894,0,currents.b
1764787932896,0,currents.b
1764787932898,0,currents.b
1764787932900,0,currents.b
1764787932902,0,currents.b
1764787932904,0,currents.b
1764787932906,0,currents.b
1764787932908,0,currents.b
1764787932911,0,currents.b
1764787932914,0,currents.b
1764787932916,0,currents.b
1764787932918,0,currents.b
1764787932920,0,currents.b
1764787932922,0,currents.b
1764787932924,0,currents.b
1764787932926,0,currents.b
1764787932927,0,currents.b
1764787932930,0,currents.b
1764787932932,0,currents.b
1764787932934,0,currents.b
1764787932936,0,currents.b
1764787932887,0,currents.c
1764787932888,0,currents.c
1764787932890,0,currents.c
1764787932892,0,currents.c
1764787932894,0,currents.c
1764787932896,0,currents.c
1764787932898,0,currents.c
1764787932900,0,currents.c
1764787932902,0,currents.c
1764787932904,0,currents.c
1764787932906,0,currents.c
1764787932908,0,currents.c
1764787932911,0,currents.c
1764787932914,0,currents.c
1764787932916,0,currents.c
1764787932918,0,currents.c
1764787932920,0,currents.c
1764787932922,0,currents.c
1764787932924,0,currents.c
1764787932926,0,currents.c
1764787932927,0,currents.c
1764787932930,0,currents.c
1764787932932,0,currents.c
1764787932934,0,currents.c
1764787932936,0,currents.c
1764787932938,0,currents.a
1764787932941,0,currents.a
1764787932943,0,currents.a
1764787932944,0,currents.a
1764787932947,0,currents.a
1764787932948,0,currents.a
1764787932950,0,currents.a
1764787932952,0,currents.a
1764787932954,0,currents.a
1764787932956,0,currents.a
1764787932958,0,currents.a
1764787932959,0,currents.a
1764787932961,0,currents.a
1764787932964,0,currents.a
1764787932966,0,currents.a
1764787932968,0,currents.a
1764787932970,0,currents.a
1764787932973,0,currents.a
1764787932974,0,currents.a
1764787932976,0,currents.a
1764787932978,0,currents.a
1764787932980,0,currents.a
1764787932982,0,currents.a
1764787932984,0,currents.a
1764787932986,0,currents.a
1764787932938,0,currents.b
1764787932941,0,currents.b
1764787932943,0,currents.b
1764787932944,0,currents.b
1764787932947,0,currents.b
1764787932948,0,currents.b
1764787932950,0,currents.b
1764787932952,0,currents.b
1764787932954,0,currents.b
1764787932956,0,currents.b
1764787932958,0,currents.b
1764787932959,0,currents.b
1764787932961,0,currents.b
1764787932964,0,currents.b
1764787932966,0,currents.b
1764787932968,0,currents.b
1764787932970,0,currents.b
1764787932973,0,currents.b
1764787932974,0,currents.b
1764787932976,0,currents.b
1764787932978,0,currents.b
1764787932980,0,currents.b
1764787932982,0,currents.b
1764787932984,0,currents.b
1764787932986,0,currents.b
1764787932938,0,currents.c
1764787932941,0,currents.c
1764787932943,0,currents.c
1764787932944,0,currents.c
1764787932947,0,currents.c
1764787932948,0,currents.c
1764787932950,0,currents.c
1764787932952,0,currents.c
1764787932954,0,currents.c
1764787932956,0,currents.c
1764787932958,0,currents.c
1764787932959,0,currents.c
1764787932961,0,currents.c
1764787932964,0,currents.c
1764787932966,0,currents.c
1764787932968,0,currents.c
1764787932970,0,currents.c
1764787932973,0,currents.c
1764787932974,0,currents.c
1764787932976,0,currents.c
1764787932978,0,currents.c
1764787932980,0,currents.c
1764787932982,0,currents.c
1764787932984,0,currents.c
1764787932986,0,currents.c
1764787932988,0,currents.a
1764787932989,0,currents.a
1764787932991,0,currents.a
1764787932993,0,currents.a
1764787932996,0,currents.a
1764787932997,0,currents.a
1764787932999,0,currents.a
1764787933000,0,currents.a
1764787933002,0,currents.a
1764787933004,0,currents.a
1764787933006,0,currents.a
1764787933008,0,currents.a
1764787933009,0,currents.a
1764787933011,0,currents.a
1764787933013,0,currents.a
1764787933015,0,currents.a
1764787933018,0,currents.a
1764787933019,0,currents.a
1764787933021,0,currents.a
1764787933023,0,currents.a
1764787933025,0,currents.a
1764787933027,0,currents.a
1764787933029,0,currents.a
1764787933031,0,currents.a
1764787933033,0,currents.a
1764787933035,0,currents.a
1764787932988,0,currents.b
1764787932989,0,currents.b
1764787932991,0,currents.b
1764787932993,0,currents.b
1764787932996,0,currents.b
1764787932997,0,currents.b
1764787932999,0,currents.b
1764787933000,0,currents.b
1764787933002,0,currents.b
1764787933004,0,currents.b
1764787933006,0,currents.b
1764787933008,0,currents.b
1764787933009,0,currents.b
1764787933011,0,currents.b
1764787933013,0,currents.b
1764787933015,0,currents.b
1764787933018,0,currents.b
1764787933019,0,currents.b
1764787933021,0,currents.b
1764787933023,0,currents.b
1764787933025,0,currents.b
1764787933027,0,currents.b
1764787933029,0,currents.b
1764787933031,0,currents.b
1764787933033,0,currents.b
1764787933035,0,currents.b
1764787932988,0,currents.c
1764787932989,0,currents.c
1764787932991,0,currents.c
1764787932993,0,currents.c
1764787932996,0,currents.c
1764787932997,0,currents.c
1764787932999,0,currents.c
1764787933000,0,currents.c
1764787933002,0,currents.c
1764787933004,0,currents.c
1764787933006,0,currents.c
1764787933008,0,currents.c
1764787933009,0,currents.c
1764787933011,0,currents.c
1764787933013,0,currents.c
1764787933015,0,currents.c
1764787933018,0,currents.c
1764787933019,0,currents.c
1764787933021,0,currents.c
1764787933023,0,currents.c
1764787933025,0,currents.c
1764787933027,0,currents.c
1764787933029,0,currents.c
1764787933031,0,currents.c
1764787933033,0,currents.c
1764787933035,0,currents.c
1764787933037,0,currents.a
1764787933039,0,currents.a
1764787933041,0,currents.a
1764787933043,0,currents.a
1764787933045,0,currents.a
1764787933047,0,currents.a
1764787933049,0,currents.a
1764787933051,0,currents.a
1764787933053,0,currents.a
1764787933055,0,currents.a
1764787933057,0,currents.a
1764787933059,0,currents.a
1764787933061,0,currents.a
1764787933063,0,currents.a
1764787933065,0,currents.a
1764787933067,0,currents.a
1764787933069,0,currents.a
1764787933071,0,currents.a
1764787933073,0,currents.a
1764787933075,0,currents.a
1764787933077,0,currents.a
1764787933079,0,currents.a
1764787933081,0,currents.a
1764787933083,0,currents.a
1764787933037,0,currents.b
1764787933039,0,currents.b
1764787933041,0,currents.b
1764787933043,0,currents.b
1764787933045,0,currents.b
1764787933047,0,currents.b
1764787933049,0,currents.b
1764787933051,0,currents.b
1764787933053,0,currents.b
1764787933055,0,currents.b
1764787933057,0,currents.b
1764787933059,0,currents.b
1764787933061,0,currents.b
1764787933063,0,currents.b
1764787933065,0,currents.b
1764787933067,0,currents.b
1764787933069,0,currents.b
1764787933071,0,currents.b
1764787933073,0,currents.b
1764787933075,0,currents.b
1764787933077,0,currents.b
1764787933079,0,currents.b
1764787933081,0,currents.b
1764787933083,0,currents.b
1764787933037,0,currents.c
1764787933039,0,currents.c
1764787933041,0,currents.c
1764787933043,0,currents.c
1764787933045,0,currents.c
1764787933047,0,currents.c
1764787933049,0,currents.c
1764787933051,0,currents.c
1764787933053,0,currents.c
1764787933055,0,currents.c
1764787933057,0,currents.c
1764787933059,0,currents.c
1764787933061,0,currents.c
1764787933063,0,currents.c
1764787933065,0,currents.c
1764787933067,0,currents.c
1764787933069,0,currents.c
1764787933071,0,currents.c
1764787933073,0,currents.c
1764787933075,0,currents.c
1764787933077,0,currents.c
1764787933079,0,currents.c
1764787933081,0,currents.c
1764787933083,0,currents.c
1764787933085,0,currents.a
1764787933087,0,currents.a
1764787933090,0,currents.a
1764787933091,0,currents.a
1764787933093,0,currents.a
1764787933096,0,currents.a
1764787933097,0,currents.a
1764787933099,0,currents.a
1764787933100,0,currents.a
1764787933101,0,currents.a
1764787933103,0,currents.a
1764787933105,0,currents.a
1764787933107,0,currents.a
1764787933109,0,currents.a
1764787933112,0,currents.a
1764787933114,0,currents.a
1764787933115,0,currents.a
1764787933117,0,currents.a
1764787933119,0,currents.a
1764787933120,0,currents.a
1764787933123,0,currents.a
1764787933125,0,currents.a
1764787933127,0,currents.a
1764787933129,0,currents.a
1764787933131,0,currents.a
1764787933132,0,currents.a
1764787933134,0,currents.a
1764787933136,0,currents.a
1764787933085,0,currents.b
1764787933087,0,currents.b
1764787933090,0,currents.b
1764787933091,0,currents.b
1764787933093,0,currents.b
1764787933096,0,currents.b
1764787933097,0,currents.b
1764787933099,0,currents.b
1764787933100,0,currents.b
1764787933101,0,currents.b
1764787933103,0,currents.b
1764787933105,0,currents.b
1764787933107,0,currents.b
1764787933109,0,currents.b
1764787933112,0,currents.b
1764787933114,0,currents.b
1764787933115,0,currents.b
1764787933117,0,currents.b
1764787933119,0,currents.b
1764787933120,0,currents.b
1764787933123,0,currents.b
1764787933125,0,currents.b
1764787933127,0,currents.b
1764787933129,0,currents.b
1764787933131,0,currents.b
1764787933132,0,currents.b
1764787933134,0,currents.b
1764787933136,0,currents.b
1764787933085,0,currents.c
1764787933087,0,currents.c
1764787933090,0,currents.c
1764787933091,0,currents.c
1764787933093,0,currents.c
1764787933096,0,currents.c
1764787933097,0,currents.c
1764787933099,0,currents.c
1764787933100,0,currents.c
1764787933101,0,currents.c
1764787933103,0,currents.c
1764787933105,0,currents.c
1764787933107,0,currents.c
1764787933109,0,currents.c
1764787933112,0,currents.c
1764787933114,0,currents.c
1764787933115,0,currents.c
1764787933117,0,currents.c
1764787933119,0,currents.c
1764787933120,0,currents.c
1764787933123,0,currents.c
1764787933125,0,currents.c
1764787933127,0,currents.c
1764787933129,0,currents.c
1764787933131,0,currents.c
1764787933132,0,currents.c
1764787933134,0,currents.c
1764787933136,0,currents.c
1764787933139,0,currents.a
1764787933141,0,currents.a
1764787933143,0,currents.a
1764787933145,0,currents.a
1764787933147,0,currents.a
1764787933149,0,currents.a
1764787933151,0,currents.a
1764787933153,0,currents.a
1764787933154,0,currents.a
1764787933157,0,currents.a
1764787933158,0,currents.a
1764787933160,0,currents.a
1764787933162,0,currents.a
1764787933164,0,currents.a
1764787933167,0,currents.a
1764787933169,0,currents.a
1764787933171,0,currents.a
1764787933173,0,currents.a
1764787933175,0,currents.a
1764787933178,0,currents.a
1764787933180,0,currents.a
1764787933182,0,currents.a
1764787933185,0,currents.a
1764787933188,0,currents.a
1764787933139,0,currents.b
1764787933141,0,currents.b
1764787933143,0,currents.b
1764787933145,0,currents.b
1764787933147,0,currents.b
1764787933149,0,currents.b
1764787933151,0,currents.b
1764787933153,0,currents.b
1764787933154,0,currents.b
1764787933157,0,currents.b
1764787933158,0,currents.b
1764787933160,0,currents.b
1764787933162,0,currents.b
1764787933164,0,currents.b
1764787933167,0,currents.b
1764787933169,0,currents.b
1764787933171,0,currents.b
1764787933173,0,currents.b
1764787933175,0,currents.b
1764787933178,0,currents.b
1764787933180,0,currents.b
1764787933182,0,currents.b
1764787933185,0,currents.b
1764787933188,0,currents.b
1764787933139,0,currents.c
1764787933141,0,currents.c
1764787933143,0,currents.c
1764787933145,0,currents.c
1764787933147,0,currents.c
1764787933149,0,currents.c
1764787933151,0,currents.c
1764787933153,0,currents.c
1764787933154,0,currents.c
1764787933157,0,currents.c
1764787933158,0,currents.c
1764787933160,0,currents.c
1764787933162,0,currents.c
1764787933164,0,currents.c
1764787933167,0,currents.c
1764787933169,0,currents.c
1764787933171,0,currents.c
1764787933173,0,currents.c
1764787933175,0,currents.c
1764787933178,0,currents.c
1764787933180,0,currents.c
1764787933182,0,currents.c
1764787933185,0,currents.c
1764787933188,0,currents.c
1764787933189,0,currents.a
1764787933191,0,currents.a
1764787933194,0,currents.a
1764787933196,0,currents.a
1764787933198,0,currents.a
1764787933200,0,currents.a
1764787933202,0,currents.a
1764787933204,0,currents.a
1764787933205,0,currents.a
1764787933207,0,currents.a
1764787933209,0,currents.a
1764787933210,0,currents.a
1764787933213,0,currents.a
1764787933215,0,currents.a
1764787933217,0,currents.a
1764787933219,0,currents.a
1764787933221,0,currents.a
1764787933223,0,currents.a
1764787933225,0,currents.a
1764787933227,0,currents.a
1764787933229,0,currents.a
1764787933231,0,currents.a
1764787933233,0,currents.a
1764787933235,0,currents.a
1764787933238,0,currents.a
1764787933189,0,currents.b
1764787933191,0,currents.b
1764787933194,0,currents.b
1764787933196,0,currents.b
1764787933198,0,currents.b
1764787933200,0,currents.b
1764787933202,0,currents.b
1764787933204,0,currents.b
1764787933205,0,currents.b
1764787933207,0,currents.b
1764787933209,0,currents.b
1764787933210,0,currents.b
1764787933213,0,currents.b
1764787933215,0,currents.b
1764787933217,0,currents.b
1764787933219,0,currents.b
1764787933221,0,currents.b
1764787933223,0,currents.b
1764787933225,0,currents.b
1764787933227,0,currents.b
1764787933229,0,currents.b
1764787933231,0,currents.b
1764787933233,0,currents.b
1764787933235,0,currents.b
1764787933238,0,currents.b
1764787933189,0,currents.c
1764787933191,0,currents.c
1764787933194,0,currents.c
1764787933196,0,currents.c
1764787933198,0,currents.c
1764787933200,0,currents.c
1764787933202,0,currents.c
1764787933204,0,currents.c
1764787933205,0,currents.c
1764787933207,0,currents.c
1764787933209,0,currents.c
1764787933210,0,currents.c
1764787933213,0,currents.c
1764787933215,0,currents.c
1764787933217,0,currents.c
1764787933219,0,currents.c
1764787933221,0,currents.c
1764787933223,0,currents.c
1764787933225,0,currents.c
1764787933227,0,currents.c
1764787933229,0,currents.c
1764787933231,0,currents.c
1764787933233,0,currents.c
1764787933235,0,currents.c
1764787933238,0,currents.c
1764787933240,0,currents.a
1764787933241,0,currents.a
1764787933244,0,currents.a
1764787933246,0,currents.a
1764787933248,0,currents.a
1764787933250,0,currents.a
1764787933252,0,currents.a
1764787933253,0,currents.a
1764787933255,0,currents.a
1764787933258,0,currents.a
1764787933259,0,currents.a
1764787933261,0,currents.a
1764787933264,0,currents.a
1764787933266,0,currents.a
1764787933268,0,currents.a
1764787933270,0,currents.a
1764787933272,0,currents.a
1764787933275,0,currents.a
1764787933277,0,currents.a
1764787933279,0,currents.a
1764787933281,0,currents.a
1764787933283,0,currents.a
1764787933285,0,currents.a
1764787933287,0,currents.a
1764787933240,0,currents.b
1764787933241,0,currents.b
1764787933244,0,currents.b
1764787933246,0,currents.b
1764787933248,0,currents.b
1764787933250,0,currents.b
1764787933252,0,currents.b
1764787933253,0,currents.b
1764787933255,0,currents.b
1764787933258,0,currents.b
1764787933259,0,currents.b
1764787933261,0,currents.b
1764787933264,0,currents.b
1764787933266,0,currents.b
1764787933268,0,currents.b
1764787933270,0,currents.b
1764787933272,0,currents.b
1764787933275,0,currents.b
1764787933277,0,currents.b
1764787933279,0,currents.b
1764787933281,0,currents.b
1764787933283,0,currents.b
1764787933285,0,currents.b
1764787933287,0,currents.b
1764787933240,0,currents.c
1764787933241,0,currents.c
1764787933244,0,currents.c
1764787933246,0,currents.c
1764787933248,0,currents.c
1764787933250,0,currents.c
1764787933252,0,currents.c
1764787933253,0,currents.c
1764787933255,0,currents.c
1764787933258,0,currents.c
1764787933259,0,currents.c
1764787933261,0,currents.c
1764787933264,0,currents.c
1764787933266,0,currents.c
1764787933268,0,currents.c
1764787933270,0,currents.c
1764787933272,0,currents.c
1764787933275,0,currents.c
1764787933277,0,currents.c
1764787933279,0,currents.c
1764787933281,0,currents.c
1764787933283,0,currents.c
1764787933285,0,currents.c
1764787933287,0,currents.c
1764787933289,0,currents.a
1764787933291,0,currents.a
1764787933292,0,currents.a
1764787933294,0,currents.a
1764787933296,0,currents.a
1764787933298,0,currents.a
1764787933300,0,currents.a
1764787933302,0,currents.a
1764787933304,0,currents.a
1764787933305,0,currents.a
1764787933308,0,currents.a
1764787933310,0,currents.a
1764787933312,0,currents.a
1764787933314,0,currents.a
1764787933316,0,currents.a
1764787933318,0,currents.a
1764787933320,0,currents.a
1764787933322,0,currents.a
1764787933324,0,currents.a
1764787933326,0,currents.a
1764787933329,0,currents.a
1764787933331,0,currents.a
1764787933332,0,currents.a
1764787933334,0,currents.a
1764787933336,0,currents.a
1764787933338,0,currents.a
1764787933339,0,currents.a
1764787933289,0,currents.b
1764787933291,0,currents.b
1764787933292,0,currents.b
1764787933294,0,currents.b
1764787933296,0,currents.b
1764787933298,0,currents.b
1764787933300,0,currents.b
1764787933302,0,currents.b
1764787933304,0,currents.b
1764787933305,0,currents.b
1764787933308,0,currents.b
1764787933310,0,currents.b
1764787933312,0,currents.b
1764787933314,0,currents.b
1764787933316,0,currents.b
1764787933318,0,currents.b
1764787933320,0,currents.b
1764787933322,0,currents.b
1764787933324,0,currents.b
1764787933326,0,currents.b
1764787933329,0,currents.b
1764787933331,0,currents.b
1764787933332,0,currents.b
1764787933334,0,currents.b
1764787933336,0,currents.b
1764787933338,0,currents.b
1764787933339,0,currents.b
1764787933289,0,currents.c
1764787933291,0,currents.c
1764787933292,0,currents.c
1764787933294,0,currents.c
1764787933296,0,currents.c
1764787933298,0,currents.c
1764787933300,0,currents.c
1764787933302,0,currents.c
1764787933304,0,currents.c
1764787933305,0,currents.c
1764787933308,0,currents.c
1764787933310,0,currents.c
1764787933312,0,currents.c
1764787933314,0,currents.c
1764787933316,0,currents.c
1764787933318,0,currents.c
1764787933320,0,currents.c
1764787933322,0,currents.c
1764787933324,0,currents.c
1764787933326,0,currents.c
1764787933329,0,currents.c
1764787933331,0,currents.c
1764787933332,0,currents.c
1764787933334,0,currents.c
1764787933336,0,currents.c
1764787933338,0,currents.c
1764787933339,0,currents.c
1764787933341,0,currents.a
1764787933343,0,currents.a
1764787933346,0,currents.a
1764787933348,0,currents.a
1764787933349,0,currents.a
1764787933351,0,currents.a
1764787933353,0,currents.a
1764787933354,0,currents.a
1764787933356,0,currents.a
1764787933358,0,currents.a
1764787933360,0,currents.a
1764787933362,0,currents.a
1764787933364,0,currents.a
1764787933366,0,currents.a
1764787933368,0,currents.a
1764787933369,0,currents.a
1764787933371,0,currents.a
1764787933373,0,currents.a
1764787933375,0,currents.a
1764787933378,0,currents.a
1764787933380,0,currents.a
1764787933382,0,currents.a
1764787933383,0,currents.a
1764787933386,0,currents.a
1764787933387,0,currents.a
1764787933389,0,currents.a
1764787933341,0,currents.b
1764787933343,0,currents.b
1764787933346,0,currents.b
1764787933348,0,currents.b
1764787933349,0,currents.b
1764787933351,0,currents.b
1764787933353,0,currents.b
1764787933354,0,currents.b
1764787933356,0,currents.b
1764787933358,0,currents.b
1764787933360,0,currents.b
1764787933362,0,currents.b
1764787933364,0,currents.b
1764787933366,0,currents.b
1764787933368,0,currents.b
1764787933369,0,currents.b
1764787933371,0,currents.b
1764787933373,0,currents.b
1764787933375,0,currents.b
1764787933378,0,currents.b
1764787933380,0,currents.b
1764787933382,0,currents.b
1764787933383,0,currents.b
1764787933386,0,currents.b
1764787933387,0,currents.b
1764787933389,0,currents.b
1764787933341,0,currents.c
1764787933343,0,currents.c
1764787933346,0,currents.c
1764787933348,0,currents.c
1764787933349,0,currents.c
1764787933351,0,currents.c
1764787933353,0,currents.c
1764787933354,0,currents.c
1764787933356,0,currents.c
1764787933358,0,currents.c
1764787933360,0,currents.c
1764787933362,0,currents.c
1764787933364,0,currents.c
1764787933366,0,currents.c
1764787933368,0,currents.c
1764787933369,0,currents.c
1764787933371,0,currents.c
1764787933373,0,currents.c
1764787933375,0,currents.c
1764787933378,0,currents.c
1764787933380,0,currents.c
1764787933382,0,currents.c
1764787933383,0,currents.c
1764787933386,0,currents.c
1764787933387,0,currents.c
1764787933389,0,currents.c
1764787933391,0,currents.a
1764787933392,0,currents.a
1764787933394,0,currents.a
1764787933396,0,currents.a
1764787933398,0,currents.a
1764787933399,0,currents.a
1764787933401,0,currents.a
1764787933403,0,currents.a
1764787933404,0,currents.a
1764787933405,0,currents.a
1764787933407,0,currents.a
1764787933409,0,currents.a
1764787933411,0,currents.a
1764787933413,0,currents.a
1764787933415,0,currents.a
1764787933416,0,currents.a
1764787933418,0,currents.a
1764787933420,0,currents.a
1764787933422,0,currents.a
1764787933424,0,currents.a
1764787933426,0,currents.a
1764787933428,0,currents.a
1764787933430,0,currents.a
1764787933432,0,currents.a
1764787933433,0,currents.a
1764787933435,0,currents.a
1764787933437,0,currents.a
1764787933439,0,currents.a
1764787933441,0,currents.a
1764787933391,0,currents.b
1764787933392,0,currents.b
1764787933394,0,currents.b
1764787933396,0,currents.b
1764787933398,0,currents.b
1764787933399,0,currents.b
1764787933401,0,currents.b
1764787933403,0,currents.b
1764787933404,0,currents.b
1764787933405,0,currents.b
1764787933407,0,currents.b
1764787933409,0,currents.b
1764787933411,0,currents.b
1764787933413,0,currents.b
1764787933415,0,currents.b
1764787933416,0,currents.b
1764787933418,0,currents.b
1764787933420,0,currents.b
1764787933422,0,currents.b
1764787933424,0,currents.b
1764787933426,0,currents.b
1764787933428,0,currents.b
1764787933430,0,currents.b
1764787933432,0,currents.b
1764787933433,0,currents.b
1764787933435,0,currents.b
1764787933437,0,currents.b
1764787933439,0,currents.b
1764787933441,0,currents.b
1764787933391,0,currents.c
1764787933392,0,currents.c
1764787933394,0,currents.c
1764787933396,0,currents.c
1764787933398,0,currents.c
1764787933399,0,currents.c
1764787933401,0,currents.c
1764787933403,0,currents.c
1764787933404,0,currents.c
1764787933405,0,currents.c
1764787933407,0,currents.c
1764787933409,0,currents.c
1764787933411,0,currents.c
1764787933413,0,currents.c
1764787933415,0,currents.c
1764787933416,0,currents.c
1764787933418,0,currents.c
1764787933420,0,currents.c
1764787933422,0,currents.c
1764787933424,0,currents.c
1764787933426,0,currents.c
1764787933428,0,currents.c
1764787933430,0,currents.c
1764787933432,0,currents.c
1764787933433,0,currents.c
1764787933435,0,currents.c
1764787933437,0,currents.c
1764787933439,0,currents.c
1764787933441,0,currents.c
1764787933442,0,currents.a
1764787933444,0,currents.a
1764787933446,0,currents.a
1764787933448,0,currents.a
1764787933450,0,currents.a
1764787933452,0,currents.a
1764787933453,0,currents.a
1764787933455,0,currents.a
1764787933457,0,currents.a
1764787933458,0,currents.a
1764787933460,0,currents.a
1764787933462,0,currents.a
1764787933464,0,currents.a
1764787933466,0,currents.a
1764787933468,0,currents.a
1764787933470,0,currents.a
1764787933472,0,currents.a
1764787933474,0,currents.a
1764787933476,0,currents.a
1764787933478,0,currents.a
1764787933480,0,currents.a
1764787933481,0,currents.a
1764787933483,0,currents.a
1764787933485,0,currents.a
1764787933487,0,currents.a
1764787933488,0,currents.a
1764787933490,0,currents.a
1764787933492,0,currents.a
1764787933442,0,currents.b
1764787933444,0,currents.b
1764787933446,0,currents.b
1764787933448,0,currents.b
1764787933450,0,currents.b
1764787933452,0,currents.b
1764787933453,0,currents.b
1764787933455,0,currents.b
1764787933457,0,currents.b
1764787933458,0,currents.b
1764787933460,0,currents.b
1764787933462,0,currents.b
1764787933464,0,currents.b
1764787933466,0,currents.b
1764787933468,0,currents.b
1764787933470,0,currents.b
1764787933472,0,currents.b
1764787933474,0,currents.b
1764787933476,0,currents.b
1764787933478,0,currents.b
1764787933480,0,currents.b
1764787933481,0,currents.b
1764787933483,0,currents.b
1764787933485,0,currents.b
1764787933487,0,currents.b
1764787933488,0,currents.b
1764787933490,0,currents.b
1764787933492,0,currents.b
1764787933442,0,currents.c
1764787933444,0,currents.c
1764787933446,0,currents.c
1764787933448,0,currents.c
1764787933450,0,currents.c
1764787933452,0,currents.c
1764787933453,0,currents.c
1764787933455,0,currents.c
1764787933457,0,currents.c
1764787933458,0,currents.c
1764787933460,0,currents.c
1764787933462,0,currents.c
1764787933464,0,currents.c
1764787933466,0,currents.c
1764787933468,0,currents.c
1764787933470,0,currents.c
1764787933472,0,currents.c
1764787933474,0,currents.c
1764787933476,0,currents.c
1764787933478,0,currents.c
1764787933480,0,currents.c
1764787933481,0,currents.c
1764787933483,0,currents.c
1764787933485,0,currents.c
1764787933487,0,currents.c
1764787933488,0,currents.c
1764787933490,0,currents.c
1764787933492,0,currents.c
1764787933493,0,currents.a
1764787933495,0,currents.a
1764787933497,0,currents.a
1764787933499,0,currents.a
1764787933501,0,currents.a
1764787933503,0,currents.a
1764787933505,0,currents.a
1764787933507,0,currents.a
1764787933509,0,currents.a
1764787933511,0,currents.a
1764787933513,0,currents.a
1764787933515,0,currents.a
1764787933516,0,currents.a
1764787933518,0,currents.a
1764787933521,0,currents.a
1764787933523,0,currents.a
1764787933524,0,currents.a
1764787933526,0,currents.a
1764787933528,0,currents.a
1764787933530,0,currents.a
1764787933532,0,currents.a
1764787933534,0,currents.a
1764787933536,0,currents.a
1764787933537,0,currents.a
1764787933539,0,currents.a
1764787933541,0,currents.a
1764787933493,0,currents.b
1764787933495,0,currents.b
1764787933497,0,currents.b
1764787933499,0,currents.b
1764787933501,0,currents.b
1764787933503,0,currents.b
1764787933505,0,currents.b
1764787933507,0,currents.b
1764787933509,0,currents.b
1764787933511,0,currents.b
1764787933513,0,currents.b
1764787933515,0,currents.b
1764787933516,0,currents.b
1764787933518,0,currents.b
1764787933521,0,currents.b
1764787933523,0,currents.b
1764787933524,0,currents.b
1764787933526,0,currents.b
1764787933528,0,currents.b
1764787933530,0,currents.b
1764787933532,0,currents.b
1764787933534,0,currents.b
1764787933536,0,currents.b
1764787933537,0,currents.b
1764787933539,0,currents.b
1764787933541,0,currents.b
1764787933493,0,currents.c
1764787933495,0,currents.c
1764787933497,0,currents.c
1764787933499,0,currents.c
1764787933501,0,currents.c
1764787933503,0,currents.c
1764787933505,0,currents.c
1764787933507,0,currents.c
1764787933509,0,currents.c
1764787933511,0,currents.c
1764787933513,0,currents.c
1764787933515,0,currents.c
1764787933516,0,currents.c
1764787933518,0,currents.c
1764787933521,0,currents.c
1764787933523,0,currents.c
1764787933524,0,currents.c
1764787933526,0,currents.c
1764787933528,0,currents.c
1764787933530,0,currents.c
1764787933532,0,currents.c
1764787933534,0,currents.c
1764787933536,0,currents.c
1764787933537,0,currents.c
1764787933539,0,currents.c
1764787933541,0,currents.c
1764787933543,0,currents.a
1764787933545,0,currents.a
1764787933547,0,currents.a
1764787933549,0,currents.a
1764787933551,0,currents.a
1764787933553,0,currents.a
1764787933554,0,currents.a
1764787933556,0,currents.a
1764787933557,0,currents.a
1764787933559,0,currents.a
1764787933561,0,currents.a
1764787933563,0,currents.a
1764787933565,0,currents.a
1764787933566,0,currents.a
1764787933569,0,currents.a
1764787933571,0,currents.a
1764787933573,0,currents.a
1764787933574,0,currents.a
1764787933576,0,currents.a
1764787933578,0,currents.a
1764787933580,0,currents.a
1764787933582,0,currents.a
1764787933584,0,currents.a
1764787933586,0,currents.a
1764787933588,0,currents.a
1764787933590,0,currents.a
1764787933543,0,currents.b
1764787933545,0,currents.b
1764787933547,0,currents.b
1764787933549,0,currents.b
1764787933551,0,currents.b
1764787933553,0,currents.b
1764787933554,0,currents.b
1764787933556,0,currents.b
1764787933557,0,currents.b
1764787933559,0,currents.b
1764787933561,0,currents.b
1764787933563,0,currents.b
1764787933565,0,currents.b
1764787933566,0,currents.b
1764787933569,0,currents.b
1764787933571,0,currents.b
1764787933573,0,currents.b
1764787933574,0,currents.b
1764787933576,0,currents.b
1764787933578,0,currents.b
1764787933580,0,currents.b
1764787933582,0,currents.b
1764787933584,0,currents.b
1764787933586,0,currents.b
1764787933588,0,currents.b
1764787933590,0,currents.b
1764787933543,0,currents.c
1764787933545,0,currents.c
1764787933547,0,currents.c
1764787933549,0,currents.c
1764787933551,0,currents.c
1764787933553,0,currents.c
1764787933554,0,currents.c
1764787933556,0,currents.c
1764787933557,0,currents.c
1764787933559,0,currents.c
1764787933561,0,currents.c
1764787933563,0,currents.c
1764787933565,0,currents.c
1764787933566,0,currents.c
1764787933569,0,currents.c
1764787933571,0,currents.c
1764787933573,0,currents.c
1764787933574,0,currents.c
1764787933576,0,currents.c
1764787933578,0,currents.c
1764787933580,0,currents.c
1764787933582,0,currents.c
1764787933584,0,currents.c
1764787933586,0,currents.c
1764787933588,0,currents.c
1764787933590,0,currents.c
1764787933591,0,currents.a
1764787933593,0,currents.a
1764787933596,0,currents.a
1764787933598,0,currents.a
1764787933600,0,currents.a
1764787933602,0,currents.a
1764787933603,0,currents.a
1764787933605,0,currents.a
1764787933607,0,currents.a
1764787933609,0,currents.a
1764787933610,0,currents.a
1764787933612,0,currents.a
1764787933615,0,currents.a
1764787933617,0,currents.a
1764787933619,0,currents.a
1764787933621,0,currents.a
1764787933622,0,currents.a
1764787933624,0,currents.a
1764787933626,0,currents.a
1764787933628,0,currents.a
1764787933631,0,currents.a
1764787933632,0,currents.a
1764787933634,0,currents.a
1764787933635,0,currents.a
1764787933637,0,currents.a
1764787933639,0,currents.a
1764787933641,0,currents.a
1764787933643,0,currents.a
1764787933591,0,currents.b
1764787933593,0,currents.b
1764787933596,0,currents.b
1764787933598,0,currents.b
1764787933600,0,currents.b
1764787933602,0,currents.b
1764787933603,0,currents.b
1764787933605,0,currents.b
1764787933607,0,currents.b
1764787933609,0,currents.b
1764787933610,0,currents.b
1764787933612,0,currents.b
1764787933615,0,currents.b
1764787933617,0,currents.b
1764787933619,0,currents.b
1764787933621,0,currents.b
1764787933622,0,currents.b
1764787933624,0,currents.b
1764787933626,0,currents.b
1764787933628,0,currents.b
1764787933631,0,currents.b
1764787933632,0,currents.b
1764787933634,0,currents.b
1764787933635,0,currents.b
1764787933637,0,currents.b
1764787933639,0,currents.b
1764787933641,0,currents.b
1764787933643,0,currents.b
1764787933591,0,currents.c
1764787933593,0,currents.c
1764787933596,0,currents.c
1764787933598,0,currents.c
1764787933600,0,currents.c
1764787933602,0,currents.c
1764787933603,0,currents.c
1764787933605,0,currents.c
1764787933607,0,currents.c
1764787933609,0,currents.c
1764787933610,0,currents.c
1764787933612,0,currents.c
1764787933615,0,currents.c
1764787933617,0,currents.c
1764787933619,0,currents.c
1764787933621,0,currents.c
1764787933622,0,currents.c
1764787933624,0,currents.c
1764787933626,0,currents.c
1764787933628,0,currents.c
1764787933631,0,currents.c
1764787933632,0,currents.c
1764787933634,0,currents.c
1764787933635,0,currents.c
1764787933637,0,currents.c
1764787933639,0,currents.c
1764787933641,0,currents.c
1764787933643,0,currents.c
1764787933645,0,currents.a
1764787933647,0,currents.a
1764787933648,0,currents.a
1764787933650,0,currents.a
1764787933651,0,currents.a
1764787933653,0,currents.a
1764787933654,0,currents.a
1764787933656,0,currents.a
1764787933658,0,currents.a
1764787933660,0,currents.a
1764787933662,0,currents.a
1764787933664,0,currents.a
1764787933666,0,currents.a
1764787933667,0,currents.a
1764787933670,0,currents.a
1764787933671,0,currents.a
1764787933673,0,currents.a
1764787933675,0,currents.a
1764787933678,0,currents.a
1764787933680,0,currents.a
1764787933682,0,currents.a
1764787933684,0,currents.a
1764787933685,0,currents.a
1764787933687,0,currents.a
1764787933689,0,currents.a
1764787933645,0,currents.b
1764787933647,0,currents.b
1764787933648,0,currents.b
1764787933650,0,currents.b
1764787933651,0,currents.b
1764787933653,0,currents.b
1764787933654,0,currents.b
1764787933656,0,currents.b
1764787933658,0,currents.b
1764787933660,0,currents.b
1764787933662,0,currents.b
1764787933664,0,currents.b
1764787933666,0,currents.b
1764787933667,0,currents.b
1764787933670,0,currents.b
1764787933671,0,currents.b
1764787933673,0,currents.b
1764787933675,0,currents.b
1764787933678,0,currents.b
1764787933680,0,currents.b
1764787933682,0,currents.b
1764787933684,0,currents.b
1764787933685,0,currents.b
1764787933687,0,currents.b
1764787933689,0,currents.b
1764787933645,0,currents.c
1764787933647,0,currents.c
1764787933648,0,currents.c
1764787933650,0,currents.c
1764787933651,0,currents.c
1764787933653,0,currents.c
1764787933654,0,currents.c
1764787933656,0,currents.c
1764787933658,0,currents.c
1764787933660,0,currents.c
1764787933662,0,currents.c
1764787933664,0,currents.c
1764787933666,0,currents.c
1764787933667,0,currents.c
1764787933670,0,currents.c
1764787933671,0,currents.c
1764787933673,0,currents.c
1764787933675,0,currents.c
1764787933678,0,currents.c
1764787933680,0,currents.c
1764787933682,0,currents.c
1764787933684,0,currents.c
1764787933685,0,currents.c
1764787933687,0,currents.c
1764787933689,0,currents.c
1764787933691,0,currents.a
1764787933693,0,currents.a
1764787933695,0,currents.a
1764787933697,0,currents.a
1764787933699,0,currents.a
1764787933701,0,currents.a
1764787933703,0,currents.a
1764787933705,0,currents.a
1764787933707,0,currents.a
1764787933708,0,currents.a
1764787933711,0,currents.a
1764787933713,0,currents.a
1764787933715,0,currents.a
1764787933717,0,currents.a
1764787933719,0,currents.a
1764787933720,0,currents.a
1764787933722,0,currents.a
1764787933724,0,currents.a
1764787933725,0,currents.a
1764787933727,0,currents.a
1764787933729,0,currents.a
1764787933731,0,currents.a
1764787933732,0,currents.a
1764787933734,0,currents.a
1764787933735,0,currents.a
1764787933737,0,currents.a
1764787933739,0,currents.a
1764787933741,0,currents.a
1764787933743,0,currents.a
1764787933691,0,currents.b
1764787933693,0,currents.b
1764787933695,0,currents.b
1764787933697,0,currents.b
1764787933699,0,currents.b
1764787933701,0,currents.b
1764787933703,0,currents.b
1764787933705,0,currents.b
1764787933707,0,currents.b
1764787933708,0,currents.b
1764787933711,0,currents.b
1764787933713,0,currents.b
1764787933715,0,currents.b
1764787933717,0,currents.b
1764787933719,0,currents.b
1764787933720,0,currents.b
1764787933722,0,currents.b
1764787933724,0,currents.b
1764787933725,0,currents.b
1764787933727,0,currents.b
1764787933729,0,currents.b
1764787933731,0,currents.b
1764787933732,0,currents.b
1764787933734,0,currents.b
1764787933735,0,currents.b
1764787933737,0,currents.b
1764787933739,0,currents.b
1764787933741,0,currents.b
1764787933743,0,currents.b
1764787933691,0,currents.c
1764787933693,0,currents.c
1764787933695,0,currents.c
1764787933697,0,currents.c
1764787933699,0,currents.c
1764787933701,0,currents.c
1764787933703,0,currents.c
1764787933705,0,currents.c
1764787933707,0,currents.c
1764787933708,0,currents.c
1764787933711,0,currents.c
1764787933713,0,currents.c
1764787933715,0,currents.c
1764787933717,0,currents.c
1764787933719,0,currents.c
1764787933720,0,currents.c
1764787933722,0,currents.c
1764787933724,0,currents.c
1764787933725,0,currents.c
1764787933727,0,currents.c
1764787933729,0,currents.c
1764787933731,0,currents.c
1764787933732,0,currents.c
1764787933734,0,currents.c
1764787933735,0,currents.c
1764787933737,0,currents.c
1764787933739,0,currents.c
1764787933741,0,currents.c
1764787933743,0,currents.c
1764787933745,0,currents.a
1764787933747,0,currents.a
1764787933749,0,currents.a
1764787933751,0,currents.a
1764787933753,0,currents.a
1764787933755,0,currents.a
1764787933757,0,currents.a
1764787933758,0,currents.a
1764787933760,0,currents.a
1764787933762,0,currents.a
1764787933764,0,currents.a
1764787933765,0,currents.a
1764787933767,0,currents.a
1764787933770,0,currents.a
1764787933771,0,currents.a
1764787933773,0,currents.a
1764787933775,0,currents.a
1764787933777,0,currents.a
1764787933779,0,currents.a
1764787933781,0,currents.a
1764787933783,0,currents.a
1764787933784,0,currents.a
1764787933786,0,currents.a
1764787933788,0,currents.a
1764787933790,0,currents.a
1764787933793,0,currents.a
1764787933745,0,currents.b
1764787933747,0,currents.b
1764787933749,0,currents.b
1764787933751,0,currents.b
1764787933753,0,currents.b
1764787933755,0,currents.b
1764787933757,0,currents.b
1764787933758,0,currents.b
1764787933760,0,currents.b
1764787933762,0,currents.b
1764787933764,0,currents.b
1764787933765,0,currents.b
1764787933767,0,currents.b
1764787933770,0,currents.b
1764787933771,0,currents.b
1764787933773,0,currents.b
1764787933775,0,currents.b
1764787933777,0,currents.b
1764787933779,0,currents.b
1764787933781,0,currents.b
1764787933783,0,currents.b
1764787933784,0,currents.b
1764787933786,0,currents.b
1764787933788,0,currents.b
1764787933790,0,currents.b
1764787933793,0,currents.b
1764787933745,0,currents.c
1764787933747,0,currents.c
1764787933749,0,currents.c
1764787933751,0,currents.c
1764787933753,0,currents.c
1764787933755,0,currents.c
1764787933757,0,currents.c
1764787933758,0,currents.c
1764787933760,0,currents.c
1764787933762,0,currents.c
1764787933764,0,currents.c
1764787933765,0,currents.c
1764787933767,0,currents.c
1764787933770,0,currents.c
1764787933771,0,currents.c
1764787933773,0,currents.c
1764787933775,0,currents.c
1764787933777,0,currents.c
1764787933779,0,currents.c
1764787933781,0,currents.c
1764787933783,0,currents.c
1764787933784,0,currents.c
1764787933786,0,currents.c
1764787933788,0,currents.c
1764787933790,0,currents.c
1764787933793,0,currents.c
1764787933795,0,currents.a
1764787933797,0,currents.a
1764787933799,0,currents.a
1764787933801,0,currents.a
1764787933803,0,currents.a
1764787933805,0,currents.a
1764787933806,0,currents.a
1764787933808,0,currents.a
1764787933809,0,currents.a
1764787933812,0,currents.a
1764787933813,0,currents.a
1764787933815,0,currents.a
1764787933817,0,currents.a
1764787933819,0,currents.a
1764787933821,0,currents.a
1764787933823,0,currents.a
1764787933824,0,currents.a
1764787933826,0,currents.a
1764787933828,0,currents.a
1764787933830,0,currents.a
1764787933832,0,currents.a
1764787933834,0,currents.a
1764787933836,0,currents.a
1764787933837,0,currents.a
1764787933839,0,currents.a
1764787933841,0,currents.a
1764787933843,0,currents.a
1764787933795,0,currents.b
1764787933797,0,currents.b
1764787933799,0,currents.b
1764787933801,0,currents.b
1764787933803,0,currents.b
1764787933805,0,currents.b
1764787933806,0,currents.b
1764787933808,0,currents.b
1764787933809,0,currents.b
1764787933812,0,currents.b
1764787933813,0,currents.b
1764787933815,0,currents.b
1764787933817,0,currents.b
1764787933819,0,currents.b
1764787933821,0,currents.b
1764787933823,0,currents.b
1764787933824,0,currents.b
1764787933826,0,currents.b
1764787933828,0,currents.b
1764787933830,0,currents.b
1764787933832,0,currents.b
1764787933834,0,currents.b
1764787933836,0,currents.b
1764787933837,0,currents.b
1764787933839,0,currents.b
1764787933841,0,currents.b
1764787933843,0,currents.b
1764787933795,0,currents.c
1764787933797,0,currents.c
1764787933799,0,currents.c
1764787933801,0,currents.c
1764787933803,0,currents.c
1764787933805,0,currents.c
1764787933806,0,currents.c
1764787933808,0,currents.c
1764787933809,0,currents.c
1764787933812,0,currents.c
1764787933813,0,currents.c
1764787933815,0,currents.c
1764787933817,0,currents.c
1764787933819,0,currents.c
1764787933821,0,currents.c
1764787933823,0,currents.c
1764787933824,0,currents.c
1764787933826,0,currents.c
1764787933828,0,currents.c
1764787933830,0,currents.c
1764787933832,0,currents.c
1764787933834,0,currents.c
1764787933836,0,currents.c
1764787933837,0,currents.c
1764787933839,0,currents.c
1764787933841,0,currents.c
1764787933843,0,currents.c
1764787933844,0,currents.a
1764787933846,0,currents.a
1764787933848,0,currents.a
1764787933850,0,currents.a
1764787933851,0,currents.a
1764787933853,0,currents.a
1764787933855,0,currents.a
1764787933857,0,currents.a
1764787933859,0,currents.a
1764787933860,0,currents.a
1764787933862,0,currents.a
1764787933864,0,currents.a
1764787933865,0,currents.a
1764787933867,0,currents.a
1764787933869,0,currents.a
1764787933871,0,currents.a
1764787933873,0,currents.a
1764787933875,0,currents.a
1764787933876,0,currents.a
1764787933878,0,currents.a
1764787933880,0,currents.a
1764787933882,0,currents.a
1764787933884,0,currents.a
1764787933886,0,currents.a
1764787933887,0,currents.a
1764787933889,0,currents.a
1764787933891,0,currents.a
1764787933893,0,currents.a
1764787933844,0,currents.b
1764787933846,0,currents.b
1764787933848,0,currents.b
1764787933850,0,currents.b
1764787933851,0,currents.b
1764787933853,0,currents.b
1764787933855,0,currents.b
1764787933857,0,currents.b
1764787933859,0,currents.b
1764787933860,0,currents.b
1764787933862,0,currents.b
1764787933864,0,currents.b
1764787933865,0,currents.b
1764787933867,0,currents.b
1764787933869,0,currents.b
1764787933871,0,currents.b
1764787933873,0,currents.b
1764787933875,0,currents.b
1764787933876,0,currents.b
1764787933878,0,currents.b
1764787933880,0,currents.b
1764787933882,0,currents.b
1764787933884,0,currents.b
1764787933886,0,currents.b
1764787933887,0,currents.b
1764787933889,0,currents.b
1764787933891,0,currents.b
1764787933893,0,currents.b
1764787933844,0,currents.c
1764787933846,0,currents.c
1764787933848,0,currents.c
1764787933850,0,currents.c
1764787933851,0,currents.c
1764787933853,0,currents.c
1764787933855,0,currents.c
1764787933857,0,currents.c
1764787933859,0,currents.c
1764787933860,0,currents.c
1764787933862,0,currents.c
1764787933864,0,currents.c
1764787933865,0,currents.c
1764787933867,0,currents.c
1764787933869,0,currents.c
1764787933871,0,currents.c
1764787933873,0,currents.c
1764787933875,0,currents.c
1764787933876,0,currents.c
1764787933878,0,currents.c
1764787933880,0,currents.c
1764787933882,0,currents.c
1764787933884,0,currents.c
1764787933886,0,currents.c
1764787933887,0,currents.c
1764787933889,0,currents.c
1764787933891,0,currents.c
1764787933893,0,currents.c
1764787933895,0,currents.a
1764787933897,0,currents.a
1764787933899,0,currents.a
1764787933901,0,currents.a
1764787933903,0,currents.a
1764787933905,0,currents.a
1764787933907,0,currents.a
1764787933908,0,currents.a
1764787933909,0,currents.a
1764787933911,0,currents.a
1764787933913,0,currents.a
1764787933915,0,currents.a
1764787933917,0,currents.a
1764787933918,0,currents.a
1764787933920,0,currents.a
1764787933922,0,currents.a
1764787933924,0,currents.a
1764787933926,0,currents.a
1764787933928,0,currents.a
1764787933930,0,currents.a
1764787933931,0,currents.a
1764787933933,0,currents.a
1764787933935,0,currents.a
1764787933937,0,currents.a
1764787933939,0,currents.a
1764787933941,0,currents.a
1764787933943,0,currents.a
1764787933944,0,currents.a
1764787933895,0,currents.b
1764787933897,0,currents.b
1764787933899,0,currents.b
1764787933901,0,currents.b
1764787933903,0,currents.b
1764787933905,0,currents.b
1764787933907,0,currents.b
1764787933908,0,currents.b
1764787933909,0,currents.b
1764787933911,0,currents.b
1764787933913,0,currents.b
1764787933915,0,currents.b
1764787933917,0,currents.b
1764787933918,0,currents.b
1764787933920,0,currents.b
1764787933922,0,currents.b
1764787933924,0,currents.b
1764787933926,0,currents.b
1764787933928,0,currents.b
1764787933930,0,currents.b
1764787933931,0,currents.b
1764787933933,0,currents.b
1764787933935,0,currents.b
1764787933937,0,currents.b
1764787933939,0,currents.b
1764787933941,0,currents.b
1764787933943,0,currents.b
1764787933944,0,currents.b
1764787933895,0,currents.c
1764787933897,0,currents.c
1764787933899,0,currents.c
1764787933901,0,currents.c
1764787933903,0,currents.c
1764787933905,0,currents.c
1764787933907,0,currents.c
1764787933908,0,currents.c
1764787933909,0,currents.c
1764787933911,0,currents.c
1764787933913,0,currents.c
1764787933915,0,currents.c
1764787933917,0,currents.c
1764787933918,0,currents.c
1764787933920,0,currents.c
1764787933922,0,currents.c
1764787933924,0,currents.c
1764787933926,0,currents.c
1764787933928,0,currents.c
1764787933930,0,currents.c
1764787933931,0,currents.c
1764787933933,0,currents.c
1764787933935,0,currents.c
1764787933937,0,currents.c
1764787933939,0,currents.c
1764787933941,0,currents.c
1764787933943,0,currents.c
1764787933944,0,currents.c
1764787933946,0,currents.a
1764787933948,0,currents.a
1764787933950,0,currents.a
1764787933952,0,currents.a
1764787933954,0,currents.a
1764787933955,0,currents.a
1764787933957,0,currents.a
1764787933959,0,currents.a
1764787933961,0,currents.a
1764787933963,0,currents.a
1764787933965,0,currents.a
1764787933966,0,currents.a
1764787933968,0,currents.a
1764787933970,0,currents.a
1764787933971,0,currents.a
1764787933973,0,currents.a
1764787933975,0,currents.a
1764787933977,0,currents.a
1764787933979,0,currents.a
1764787933981,0,currents.a
1764787933983,0,currents.a
1764787933985,0,currents.a
1764787933987,0,currents.a
1764787933988,0,currents.a
1764787933991,0,currents.a
1764787933992,0,currents.a
1764787933994,0,currents.a
1764787933996,0,currents.a
1764787933998,0,currents.a
1764787934000,0,currents.a
1764787933946,0,currents.b
1764787933948,0,currents.b
1764787933950,0,currents.b
1764787933952,0,currents.b
1764787933954,0,currents.b
1764787933955,0,currents.b
1764787933957,0,currents.b
1764787933959,0,currents.b
1764787933961,0,currents.b
1764787933963,0,currents.b
1764787933965,0,currents.b
1764787933966,0,currents.b
1764787933968,0,currents.b
1764787933970,0,currents.b
1764787933971,0,currents.b
1764787933973,0,currents.b
1764787933975,0,currents.b
1764787933977,0,currents.b
1764787933979,0,currents.b
1764787933981,0,currents.b
1764787933983,0,currents.b
1764787933985,0,currents.b
1764787933987,0,currents.b
1764787933988,0,currents.b
1764787933991,0,currents.b
1764787933992,0,currents.b
1764787933994,0,currents.b
1764787933996,0,currents.b
1764787933998,0,currents.b
1764787934000,0,currents.b
1764787933946,0,currents.c
1764787933948,0,currents.c
1764787933950,0,currents.c
1764787933952,0,currents.c
1764787933954,0,currents.c
1764787933955,0,currents.c
1764787933957,0,currents.c
1764787933959,0,currents.c
1764787933961,0,currents.c
1764787933963,0,currents.c
1764787933965,0,currents.c
1764787933966,0,currents.c
1764787933968,0,currents.c
1764787933970,0,currents.c
1764787933971,0,currents.c
1764787933973,0,currents.c
1764787933975,0,currents.c
1764787933977,0,currents.c
1764787933979,0,currents.c
1764787933981,0,currents.c
1764787933983,0,currents.c
1764787933985,0,currents.c
1764787933987,0,currents.c
1764787933988,0,currents.c
1764787933991,0,currents.c
1764787933992,0,currents.c
1764787933994,0,currents.c
1764787933996,0,currents.c
1764787933998,0,currents.c
1764787934000,0,currents.c
1764787934001,0,currents.a
1764787934003,0,currents.a
1764787934005,0,currents.a
1764787934007,0,currents.a
1764787934008,0,currents.a
1764787934010,0,currents.a
1764787934012,0,currents.a
1764787934013,0,currents.a
1764787934015,0,currents.a
1764787934017,0,currents.a
1764787934018,0,currents.a
1764787934020,0,currents.a
1764787934021,0,currents.a
1764787934024,0,currents.a
1764787934025,0,currents.a
1764787934028,0,currents.a
1764787934030,0,currents.a
1764787934031,0,currents.a
1764787934033,0,currents.a
1764787934035,0,currents.a
1764787934036,0,currents.a
1764787934038,0,currents.a
1764787934039,0,currents.a
1764787934041,0,currents.a
1764787934043,0,currents.a
1764787934045,0,currents.a
1764787934047,0,currents.a
1764787934048,0,currents.a
1764787934001,0,currents.b
1764787934003,0,currents.b
1764787934005,0,currents.b
1764787934007,0,currents.b
1764787934008,0,currents.b
1764787934010,0,currents.b
1764787934012,0,currents.b
1764787934013,0,currents.b
1764787934015,0,currents.b
1764787934017,0,currents.b
1764787934018,0,currents.b
1764787934020,0,currents.b
1764787934021,0,currents.b
1764787934024,0,currents.b
1764787934025,0,currents.b
1764787934028,0,currents.b
1764787934030,0,currents.b
1764787934031,0,currents.b
1764787934033,0,currents.b
1764787934035,0,currents.b
1764787934036,0,currents.b
1764787934038,0,currents.b
1764787934039,0,currents.b
1764787934041,0,currents.b
1764787934043,0,currents.b
1764787934045,0,currents.b
1764787934047,0,currents.b
1764787934048,0,currents.b
1764787934001,0,currents.c
1764787934003,0,currents.c
1764787934005,0,currents.c
1764787934007,0,currents.c
1764787934008,0,currents.c
1764787934010,0,currents.c
1764787934012,0,currents.c
1764787934013,0,currents.c
1764787934015,0,currents.c
1764787934017,0,currents.c
1764787934018,0,currents.c
1764787934020,0,currents.c
1764787934021,0,currents.c
1764787934024,0,currents.c
1764787934025,0,currents.c
1764787934028,0,currents.c
1764787934030,0,currents.c
1764787934031,0,currents.c
1764787934033,0,currents.c
1764787934035,0,currents.c
1764787934036,0,currents.c
1764787934038,0,currents.c
1764787934039,0,currents.c
1764787934041,0,currents.c
1764787934043,0,currents.c
1764787934045,0,currents.c
1764787934047,0,currents.c
1764787934048,0,currents.c
1764787934050,0,currents.a
1764787934052,0,currents.a
1764787934053,0,currents.a
1764787934055,0,currents.a
1764787934057,0,currents.a
1764787934058,0,currents.a
1764787934060,0,currents.a
1764787934062,0,currents.a
1764787934064,0,currents.a
1764787934066,0,currents.a
1764787934067,0,currents.a
1764787934069,0,currents.a
1764787934071,0,currents.a
1764787934073,0,currents.a
1764787934075,0,currents.a
1764787934077,0,currents.a
1764787934080,0,currents.a
1764787934082,0,currents.a
1764787934083,0,currents.a
1764787934085,0,currents.a
1764787934087,0,currents.a
1764787934089,0,currents.a
1764787934090,0,currents.a
1764787934092,0,currents.a
1764787934094,0,currents.a
1764787934096,0,currents.a
1764787934098,0,currents.a
1764787934099,0,currents.a
1764787934101,0,currents.a
1764787934103,0,currents.a
1764787934050,0,currents.b
1764787934052,0,currents.b
1764787934053,0,currents.b
1764787934055,0,currents.b
1764787934057,0,currents.b
1764787934058,0,currents.b
1764787934060,0,currents.b
1764787934062,0,currents.b
1764787934064,0,currents.b
1764787934066,0,currents.b
1764787934067,0,currents.b
1764787934069,0,currents.b
1764787934071,0,currents.b
1764787934073,0,currents.b
1764787934075,0,currents.b
1764787934077,0,currents.b
1764787934080,0,currents.b
1764787934082,0,currents.b
1764787934083,0,currents.b
1764787934085,0,currents.b
1764787934087,0,currents.b
1764787934089,0,currents.b
1764787934090,0,currents.b
1764787934092,0,currents.b
1764787934094,0,currents.b
1764787934096,0,currents.b
1764787934098,0,currents.b
1764787934099,0,currents.b
1764787934101,0,currents.b
1764787934103,0,currents.b
1764787934050,0,currents.c
1764787934052,0,currents.c
1764787934053,0,currents.c
1764787934055,0,currents.c
1764787934057,0,currents.c
1764787934058,0,currents.c
1764787934060,0,currents.c
1764787934062,0,currents.c
1764787934064,0,currents.c
1764787934066,0,currents.c
1764787934067,0,currents.c
1764787934069,0,currents.c
1764787934071,0,currents.c
1764787934073,0,currents.c
1764787934075,0,currents.c
1764787934077,0,currents.c
1764787934080,0,currents.c
1764787934082,0,currents.c
1764787934083,0,currents.c
1764787934085,0,currents.c
1764787934087,0,currents.c
1764787934089,0,currents.c
1764787934090,0,currents.c
1764787934092,0,currents.c
1764787934094,0,currents.c
1764787934096,0,currents.c
1764787934098,0,currents.c
1764787934099,0,currents.c
1764787934101,0,currents.c
1764787934103,0,currents.c
1764787934105,0,currents.a
1764787934107,0,currents.a
1764787934109,0,currents.a
1764787934111,0,currents.a
1764787934113,0,currents.a
1764787934115,0,currents.a
1764787934117,0,currents.a
1764787934118,0,currents.a
1764787934120,0,currents.a
1764787934122,0,currents.a
1764787934124,0,currents.a
1764787934126,0,currents.a
1764787934128,0,currents.a
1764787934130,0,currents.a
1764787934132,0,currents.a
1764787934133,0,currents.a
1764787934135,0,currents.a
1764787934137,0,currents.a
1764787934139,0,currents.a
1764787934140,0,currents.a
1764787934142,0,currents.a
1764787934144,0,currents.a
1764787934146,0,currents.a
1764787934148,0,currents.a
1764787934149,0,currents.a
1764787934151,0,currents.a
1764787934152,0,currents.a
1764787934105,0,currents.b
1764787934107,0,currents.b
1764787934109,0,currents.b
1764787934111,0,currents.b
1764787934113,0,currents.b
1764787934115,0,currents.b
1764787934117,0,currents.b
1764787934118,0,currents.b
1764787934120,0,currents.b
1764787934122,0,currents.b
1764787934124,0,currents.b
1764787934126,0,currents.b
1764787934128,0,currents.b
1764787934130,0,currents.b
1764787934132,0,currents.b
1764787934133,0,currents.b
1764787934135,0,currents.b
1764787934137,0,currents.b
1764787934139,0,currents.b
1764787934140,0,currents.b
1764787934142,0,currents.b
1764787934144,0,currents.b
1764787934146,0,currents.b
1764787934148,0,currents.b
1764787934149,0,currents.b
1764787934151,0,currents.b
1764787934152,0,currents.b
1764787934105,0,currents.c
1764787934107,0,currents.c
1764787934109,0,currents.c
1764787934111,0,currents.c
1764787934113,0,currents.c
1764787934115,0,currents.c
1764787934117,0,currents.c
1764787934118,0,currents.c
1764787934120,0,currents.c
1764787934122,0,currents.c
1764787934124,0,currents.c
1764787934126,0,currents.c
1764787934128,0,currents.c
1764787934130,0,currents.c
1764787934132,0,currents.c
1764787934133,0,currents.c
1764787934135,0,currents.c
1764787934137,0,currents.c
1764787934139,0,currents.c
1764787934140,0,currents.c
1764787934142,0,currents.c
1764787934144,0,currents.c
1764787934146,0,currents.c
1764787934148,0,currents.c
1764787934149,0,currents.c
1764787934151,0,currents.c
1764787934152,0,currents.c
1764787934154,0,currents.a
1764787934156,0,currents.a
1764787934158,0,currents.a
1764787934159,0,currents.a
1764787934161,0,currents.a
1764787934163,0,currents.a
1764787934164,0,currents.a
1764787934166,0,currents.a
1764787934168,0,currents.a
1764787934170,0,currents.a
1764787934171,0,currents.a
1764787934173,0,currents.a
1764787934175,0,currents.a
1764787934178,0,currents.a
1764787934180,0,currents.a
1764787934182,0,currents.a
1764787934183,0,currents.a
1764787934185,0,currents.a
1764787934187,0,currents.a
1764787934189,0,currents.a
1764787934191,0,currents.a
1764787934193,0,currents.a
1764787934195,0,currents.a
1764787934196,0,currents.a
1764787934198,0,currents.a
1764787934200,0,currents.a
1764787934154,0,currents.b
1764787934156,0,currents.b
1764787934158,0,currents.b
1764787934159,0,currents.b
1764787934161,0,currents.b
1764787934163,0,currents.b
1764787934164,0,currents.b
1764787934166,0,currents.b
1764787934168,0,currents.b
1764787934170,0,currents.b
1764787934171,0,currents.b
1764787934173,0,currents.b
1764787934175,0,currents.b
1764787934178,0,currents.b
1764787934180,0,currents.b
1764787934182,0,currents.b
1764787934183,0,currents.b
1764787934185,0,currents.b
1764787934187,0,currents.b
1764787934189,0,currents.b
1764787934191,0,currents.b
1764787934193,0,currents.b
1764787934195,0,currents.b
1764787934196,0,currents.b
1764787934198,0,currents.b
1764787934200,0,currents.b
1764787934154,0,currents.c
1764787934156,0,currents.c
1764787934158,0,currents.c
1764787934159,0,currents.c
1764787934161,0,currents.c
1764787934163,0,currents.c
1764787934164,0,currents.c
1764787934166,0,currents.c
1764787934168,0,currents.c
1764787934170,0,currents.c
1764787934171,0,currents.c
1764787934173,0,currents.c
1764787934175,0,currents.c
1764787934178,0,currents.c
1764787934180,0,currents.c
1764787934182,0,currents.c
1764787934183,0,currents.c
1764787934185,0,currents.c
1764787934187,0,currents.c
1764787934189,0,currents.c
1764787934191,0,currents.c
1764787934193,0,currents.c
1764787934195,0,currents.c
1764787934196,0,currents.c
1764787934198,0,currents.c
1764787934200,0,currents.c
1764787934202,0,currents.a
1764787934204,0,currents.a
1764787934206,0,currents.a
1764787934208,0,currents.a
1764787934210,0,currents.a
1764787934212,0,currents.a
1764787934214,0,currents.a
1764787934215,0,currents.a
1764787934217,0,currents.a
1764787934219,0,currents.a
1764787934221,0,currents.a
1764787934223,0,currents.a
1764787934224,0,currents.a
1764787934227,0,currents.a
1764787934229,0,currents.a
1764787934230,0,currents.a
1764787934232,0,currents.a
1764787934234,0,currents.a
1764787934236,0,currents.a
1764787934238,0,currents.a
1764787934240,0,currents.a
1764787934242,0,currents.a
1764787934244,0,currents.a
1764787934246,0,currents.a
1764787934248,0,currents.a
1764787934250,0,currents.a
1764787934252,0,currents.a
1764787934202,0,currents.b
1764787934204,0,currents.b
1764787934206,0,currents.b
1764787934208,0,currents.b
1764787934210,0,currents.b
1764787934212,0,currents.b
1764787934214,0,currents.b
1764787934215,0,currents.b
1764787934217,0,currents.b
1764787934219,0,currents.b
1764787934221,0,currents.b
1764787934223,0,currents.b
1764787934224,0,currents.b
1764787934227,0,currents.b
1764787934229,0,currents.b
1764787934230,0,currents.b
1764787934232,0,currents.b
1764787934234,0,currents.b
1764787934236,0,currents.b
1764787934238,0,currents.b
1764787934240,0,currents.b
1764787934242,0,currents.b
1764787934244,0,currents.b
1764787934246,0,currents.b
1764787934248,0,currents.b
1764787934250,0,currents.b
1764787934252,0,currents.b
1764787934202,0,currents.c
1764787934204,0,currents.c
1764787934206,0,currents.c
1764787934208,0,currents.c
1764787934210,0,currents.c
1764787934212,0,currents.c
1764787934214,0,currents.c
1764787934215,0,currents.c
1764787934217,0,currents.c
1764787934219,0,currents.c
1764787934221,0,currents.c
1764787934223,0,currents.c
1764787934224,0,currents.c
1764787934227,0,currents.c
1764787934229,0,currents.c
1764787934230,0,currents.c
1764787934232,0,currents.c
1764787934234,0,currents.c
1764787934236,0,currents.c
1764787934238,0,currents.c
1764787934240,0,currents.c
1764787934242,0,currents.c
1764787934244,0,currents.c
1764787934246,0,currents.c
1764787934248,0,currents.c
1764787934250,0,currents.c
1764787934252,0,currents.c
1764787934254,0,currents.a
1764787934255,0,currents.a
1764787934257,0,currents.a
1764787934259,0,currents.a
1764787934261,0,currents.a
1764787934263,0,currents.a
1764787934264,0,currents.a
1764787934266,0,currents.a
1764787934268,0,currents.a
1764787934269,0,currents.a
1764787934271,0,currents.a
1764787934273,0,currents.a
1764787934275,0,currents.a
1764787934277,0,currents.a
1764787934279,0,currents.a
1764787934281,0,currents.a
1764787934283,0,currents.a
1764787934285,0,currents.a
1764787934287,0,currents.a
1764787934289,0,currents.a
1764787934291,0,currents.a
1764787934293,0,currents.a
1764787934295,0,currents.a
1764787934297,0,currents.a
1764787934299,0,currents.a
1764787934254,0,currents.b
1764787934255,0,currents.b
1764787934257,0,currents.b
1764787934259,0,currents.b
1764787934261,0,currents.b
1764787934263,0,currents.b
1764787934264,0,currents.b
1764787934266,0,currents.b
1764787934268,0,currents.b
1764787934269,0,currents.b
1764787934271,0,currents.b
1764787934273,0,currents.b
1764787934275,0,currents.b
1764787934277,0,currents.b
1764787934279,0,currents.b
1764787934281,0,currents.b
1764787934283,0,currents.b
1764787934285,0,currents.b
1764787934287,0,currents.b
1764787934289,0,currents.b
1764787934291,0,currents.b
1764787934293,0,currents.b
1764787934295,0,currents.b
1764787934297,0,currents.b
1764787934299,0,currents.b
1764787934254,0,currents.c
1764787934255,0,currents.c
1764787934257,0,currents.c
1764787934259,0,currents.c
1764787934261,0,currents.c
1764787934263,0,currents.c
1764787934264,0,currents.c
1764787934266,0,currents.c
1764787934268,0,currents.c
1764787934269,0,currents.c
1764787934271,0,currents.c
1764787934273,0,currents.c
1764787934275,0,currents.c
1764787934277,0,currents.c
1764787934279,0,currents.c
1764787934281,0,currents.c
1764787934283,0,currents.c
1764787934285,0,currents.c
1764787934287,0,currents.c
1764787934289,0,currents.c
1764787934291,0,currents.c
1764787934293,0,currents.c
1764787934295,0,currents.c
1764787934297,0,currents.c
1764787934299,0,currents.c
1764787934301,0,currents.a
1764787934302,0,currents.a
1764787934304,0,currents.a
1764787934306,0,currents.a
1764787934308,0,currents.a
1764787934310,0,currents.a
1764787934312,0,currents.a
1764787934314,0,currents.a
1764787934316,0,currents.a
1764787934318,0,currents.a
1764787934320,0,currents.a
1764787934322,0,currents.a
1764787934324,0,currents.a
1764787934326,0,currents.a
1764787934328,0,currents.a
1764787934330,0,currents.a
1764787934331,0,currents.a
1764787934333,0,currents.a
1764787934335,0,currents.a
1764787934337,0,currents.a
1764787934338,0,currents.a
1764787934340,0,currents.a
1764787934342,0,currents.a
1764787934344,0,currents.a
1764787934346,0,currents.a
1764787934348,0,currents.a
1764787934350,0,currents.a
1764787934352,0,currents.a
1764787934301,0,currents.b
1764787934302,0,currents.b
1764787934304,0,currents.b
1764787934306,0,currents.b
1764787934308,0,currents.b
1764787934310,0,currents.b
1764787934312,0,currents.b
1764787934314,0,currents.b
1764787934316,0,currents.b
1764787934318,0,currents.b
1764787934320,0,currents.b
1764787934322,0,currents.b
1764787934324,0,currents.b
1764787934326,0,currents.b
1764787934328,0,currents.b
1764787934330,0,currents.b
1764787934331,0,currents.b
1764787934333,0,currents.b
1764787934335,0,currents.b
1764787934337,0,currents.b
1764787934338,0,currents.b
1764787934340,0,currents.b
1764787934342,0,currents.b
1764787934344,0,currents.b
1764787934346,0,currents.b
1764787934348,0,currents.b
1764787934350,0,currents.b
1764787934352,0,currents.b
1764787934301,0,currents.c
1764787934302,0,currents.c
1764787934304,0,currents.c
1764787934306,0,currents.c
1764787934308,0,currents.c
1764787934310,0,currents.c
1764787934312,0,currents.c
1764787934314,0,currents.c
1764787934316,0,currents.c
1764787934318,0,currents.c
1764787934320,0,currents.c
1764787934322,0,currents.c
1764787934324,0,currents.c
1764787934326,0,currents.c
1764787934328,0,currents.c
1764787934330,0,currents.c
1764787934331,0,currents.c
1764787934333,0,currents.c
1764787934335,0,currents.c
1764787934337,0,currents.c
1764787934338,0,currents.c
1764787934340,0,currents.c
1764787934342,0,currents.c
1764787934344,0,currents.c
1764787934346,0,currents.c
1764787934348,0,currents.c
1764787934350,0,currents.c
1764787934352,0,currents.c
1764787934354,0,currents.a
1764787934356,0,currents.a
1764787934357,0,currents.a
1764787934359,0,currents.a
1764787934361,0,currents.a
1764787934363,0,currents.a
1764787934364,0,currents.a
1764787934365,0,currents.a
1764787934367,0,currents.a
1764787934368,0,currents.a
1764787934370,0,currents.a
1764787934372,0,currents.a
1764787934374,0,currents.a
1764787934376,0,currents.a
1764787934378,0,currents.a
1764787934380,0,currents.a
1764787934382,0,currents.a
1764787934383,0,currents.a
1764787934385,0,currents.a
1764787934387,0,currents.a
1764787934388,0,currents.a
1764787934391,0,currents.a
1764787934392,0,currents.a
1764787934394,0,currents.a
1764787934396,0,currents.a
1764787934398,0,currents.a
1764787934399,0,currents.a
1764787934401,0,currents.a
1764787934354,0,currents.b
1764787934356,0,currents.b
1764787934357,0,currents.b
1764787934359,0,currents.b
1764787934361,0,currents.b
1764787934363,0,currents.b
1764787934364,0,currents.b
1764787934365,0,currents.b
1764787934367,0,currents.b
1764787934368,0,currents.b
1764787934370,0,currents.b
1764787934372,0,currents.b
1764787934374,0,currents.b
1764787934376,0,currents.b
1764787934378,0,currents.b
1764787934380,0,currents.b
1764787934382,0,currents.b
1764787934383,0,currents.b
1764787934385,0,currents.b
1764787934387,0,currents.b
1764787934388,0,currents.b
1764787934391,0,currents.b
1764787934392,0,currents.b
1764787934394,0,currents.b
1764787934396,0,currents.b
1764787934398,0,currents.b
1764787934399,0,currents.b
1764787934401,0,currents.b
1764787934354,0,currents.c
1764787934356,0,currents.c
1764787934357,0,currents.c
1764787934359,0,currents.c
1764787934361,0,currents.c
1764787934363,0,currents.c
1764787934364,0,currents.c
1764787934365,0,currents.c
1764787934367,0,currents.c
1764787934368,0,currents.c
1764787934370,0,currents.c
1764787934372,0,currents.c
1764787934374,0,currents.c
1764787934376,0,currents.c
1764787934378,0,currents.c
1764787934380,0,currents.c
1764787934382,0,currents.c
1764787934383,0,currents.c
1764787934385,0,currents.c
1764787934387,0,currents.c
1764787934388,0,currents.c
1764787934391,0,currents.c
1764787934392,0,currents.c
1764787934394,0,currents.c
1764787934396,0,currents.c
1764787934398,0,currents.c
1764787934399,0,currents.c
1764787934401,0,currents.c
1764787934403,0,currents.a
1764787934405,0,currents.a
1764787934406,0,currents.a
1764787934408,0,currents.a
1764787934410,0,currents.a
1764787934412,0,currents.a
1764787934414,0,currents.a
1764787934415,0,currents.a
1764787934417,0,currents.a
1764787934419,0,currents.a
1764787934421,0,currents.a
1764787934422,0,currents.a
1764787934424,0,currents.a
1764787934426,0,currents.a
1764787934428,0,currents.a
1764787934430,0,currents.a
1764787934432,0,currents.a
1764787934434,0,currents.a
1764787934435,0,currents.a
1764787934437,0,currents.a
1764787934439,0,currents.a
1764787934441,0,currents.a
1764787934443,0,currents.a
1764787934445,0,currents.a
1764787934447,0,currents.a
1764787934449,0,currents.a
1764787934450,0,currents.a
1764787934452,0,currents.a
1764787934454,0,currents.a
1764787934403,0,currents.b
1764787934405,0,currents.b
1764787934406,0,currents.b
1764787934408,0,currents.b
1764787934410,0,currents.b
1764787934412,0,currents.b
1764787934414,0,currents.b
1764787934415,0,currents.b
1764787934417,0,currents.b
1764787934419,0,currents.b
1764787934421,0,currents.b
1764787934422,0,currents.b
1764787934424,0,currents.b
1764787934426,0,currents.b
1764787934428,0,currents.b
1764787934430,0,currents.b
1764787934432,0,currents.b
1764787934434,0,currents.b
1764787934435,0,currents.b
1764787934437,0,currents.b
1764787934439,0,currents.b
1764787934441,0,currents.b
1764787934443,0,currents.b
1764787934445,0,currents.b
1764787934447,0,currents.b
1764787934449,0,currents.b
1764787934450,0,currents.b
1764787934452,0,currents.b
1764787934454,0,currents.b
1764787934403,0,currents.c
1764787934405,0,currents.c
1764787934406,0,currents.c
1764787934408,0,currents.c
1764787934410,0,currents.c
1764787934412,0,currents.c
1764787934414,0,currents.c
1764787934415,0,currents.c
1764787934417,0,currents.c
1764787934419,0,currents.c
1764787934421,0,currents.c
1764787934422,0,currents.c
1764787934424,0,currents.c
1764787934426,0,currents.c
1764787934428,0,currents.c
1764787934430,0,currents.c
1764787934432,0,currents.c
1764787934434,0,currents.c
1764787934435,0,currents.c
1764787934437,0,currents.c
1764787934439,0,currents.c
1764787934441,0,currents.c
1764787934443,0,currents.c
1764787934445,0,currents.c
1764787934447,0,currents.c
1764787934449,0,currents.c
1764787934450,0,currents.c
1764787934452,0,currents.c
1764787934454,0,currents.c
1764787934455,0,currents.a
1764787934456,0,currents.a
1764787934458,0,currents.a
1764787934460,0,currents.a
1764787934462,0,currents.a
1764787934463,0,currents.a
1764787934465,0,currents.a
1764787934466,0,currents.a
1764787934468,0,currents.a
1764787934469,0,currents.a
1764787934471,0,currents.a
1764787934473,0,currents.a
1764787934475,0,currents.a
1764787934477,0,currents.a
1764787934480,0,currents.a
1764787934481,0,currents.a
1764787934483,0,currents.a
1764787934485,0,currents.a
1764787934487,0,currents.a
1764787934488,0,currents.a
1764787934490,0,currents.a
1764787934492,0,currents.a
1764787934494,0,currents.a
1764787934496,0,currents.a
1764787934498,0,currents.a
1764787934499,0,currents.a
1764787934501,0,currents.a
1764787934503,0,currents.a
1764787934455,0,currents.b
1764787934456,0,currents.b
1764787934458,0,currents.b
1764787934460,0,currents.b
1764787934462,0,currents.b
1764787934463,0,currents.b
1764787934465,0,currents.b
1764787934466,0,currents.b
1764787934468,0,currents.b
1764787934469,0,currents.b
1764787934471,0,currents.b
1764787934473,0,currents.b
1764787934475,0,currents.b
1764787934477,0,currents.b
1764787934480,0,currents.b
1764787934481,0,currents.b
1764787934483,0,currents.b
1764787934485,0,currents.b
1764787934487,0,currents.b
1764787934488,0,currents.b
1764787934490,0,currents.b
1764787934492,0,currents.b
1764787934494,0,currents.b
1764787934496,0,currents.b
1764787934498,0,currents.b
1764787934499,0,currents.b
1764787934501,0,currents.b
1764787934503,0,currents.b
1764787934455,0,currents.c
1764787934456,0,currents.c
1764787934458,0,currents.c
1764787934460,0,currents.c
1764787934462,0,currents.c
1764787934463,0,currents.c
1764787934465,0,currents.c
1764787934466,0,currents.c
1764787934468,0,currents.c
1764787934469,0,currents.c
1764787934471,0,currents.c
1764787934473,0,currents.c
1764787934475,0,currents.c
1764787934477,0,currents.c
1764787934480,0,currents.c
1764787934481,0,currents.c
1764787934483,0,currents.c
1764787934485,0,currents.c
1764787934487,0,currents.c
1764787934488,0,currents.c
1764787934490,0,currents.c
1764787934492,0,currents.c
1764787934494,0,currents.c
1764787934496,0,currents.c
1764787934498,0,currents.c
1764787934499,0,currents.c
1764787934501,0,currents.c
1764787934503,0,currents.c
1764787934505,0,currents.a
1764787934507,0,currents.a
1764787934509,0,currents.a
1764787934511,0,currents.a
1764787934513,0,currents.a
1764787934515,0,currents.a
1764787934516,0,currents.a
1764787934518,0,currents.a
1764787934520,0,currents.a
1764787934521,0,currents.a
1764787934523,0,currents.a
1764787934525,0,currents.a
1764787934528,0,currents.a
1764787934530,0,currents.a
1764787934531,0,currents.a
1764787934533,0,currents.a
1764787934534,0,currents.a
1764787934536,0,currents.a
1764787934538,0,currents.a
1764787934540,0,currents.a
1764787934542,0,currents.a
1764787934544,0,currents.a
1764787934546,0,currents.a
1764787934548,0,currents.a
1764787934550,0,currents.a
1764787934552,0,currents.a
1764787934554,0,currents.a
1764787934556,0,currents.a
1764787934505,0,currents.b
1764787934507,0,currents.b
1764787934509,0,currents.b
1764787934511,0,currents.b
1764787934513,0,currents.b
1764787934515,0,currents.b
1764787934516,0,currents.b
1764787934518,0,currents.b
1764787934520,0,currents.b
1764787934521,0,currents.b
1764787934523,0,currents.b
1764787934525,0,currents.b
1764787934528,0,currents.b
1764787934530,0,currents.b
1764787934531,0,currents.b
1764787934533,0,currents.b
1764787934534,0,currents.b
1764787934536,0,currents.b
1764787934538,0,currents.b
1764787934540,0,currents.b
1764787934542,0,currents.b
1764787934544,0,currents.b
1764787934546,0,currents.b
1764787934548,0,currents.b
1764787934550,0,currents.b
1764787934552,0,currents.b
1764787934554,0,currents.b
1764787934556,0,currents.b
1764787934505,0,currents.c
1764787934507,0,currents.c
1764787934509,0,currents.c
1764787934511,0,currents.c
1764787934513,0,currents.c
1764787934515,0,currents.c
1764787934516,0,currents.c
1764787934518,0,currents.c
1764787934520,0,currents.c
1764787934521,0,currents.c
1764787934523,0,currents.c
1764787934525,0,currents.c
1764787934528,0,currents.c
1764787934530,0,currents.c
1764787934531,0,currents.c
1764787934533,0,currents.c
1764787934534,0,currents.c
1764787934536,0,currents.c
1764787934538,0,currents.c
1764787934540,0,currents.c
1764787934542,0,currents.c
1764787934544,0,currents.c
1764787934546,0,currents.c
1764787934548,0,currents.c
1764787934550,0,currents.c
1764787934552,0,currents.c
1764787934554,0,currents.c
1764787934556,0,currents.c
1764787934557,0,currents.a
1764787934559,0,currents.a
1764787934561,0,currents.a
1764787934563,0,currents.a
1764787934564,0,currents.a
1764787934566,0,currents.a
1764787934568,0,currents.a
1764787934569,0,currents.a
1764787934571,0,currents.a
1764787934573,0,currents.a
1764787934574,0,currents.a
1764787934576,0,currents.a
1764787934578,0,currents.a
1764787934580,0,currents.a
1764787934582,0,currents.a
1764787934585,0,currents.a
1764787934586,0,currents.a
1764787934589,0,currents.a
1764787934591,0,currents.a
1764787934593,0,currents.a
1764787934595,0,currents.a
1764787934597,0,currents.a
1764787934599,0,currents.a
1764787934600,0,currents.a
1764787934602,0,currents.a
1764787934604,0,currents.a
1764787934606,0,currents.a
1764787934557,0,currents.b
1764787934559,0,currents.b
1764787934561,0,currents.b
1764787934563,0,currents.b
1764787934564,0,currents.b
1764787934566,0,currents.b
1764787934568,0,currents.b
1764787934569,0,currents.b
1764787934571,0,currents.b
1764787934573,0,currents.b
1764787934574,0,currents.b
1764787934576,0,currents.b
1764787934578,0,currents.b
1764787934580,0,currents.b
1764787934582,0,currents.b
1764787934585,0,currents.b
1764787934586,0,currents.b
1764787934589,0,currents.b
1764787934591,0,currents.b
1764787934593,0,currents.b
1764787934595,0,currents.b
1764787934597,0,currents.b
1764787934599,0,currents.b
1764787934600,0,currents.b
1764787934602,0,currents.b
1764787934604,0,currents.b
1764787934606,0,currents.b
1764787934557,0,currents.c
1764787934559,0,currents.c
1764787934561,0,currents.c
1764787934563,0,currents.c
1764787934564,0,currents.c
1764787934566,0,currents.c
1764787934568,0,currents.c
1764787934569,0,currents.c
1764787934571,0,currents.c
1764787934573,0,currents.c
1764787934574,0,currents.c
1764787934576,0,currents.c
1764787934578,0,currents.c
1764787934580,0,currents.c
1764787934582,0,currents.c
1764787934585,0,currents.c
1764787934586,0,currents.c
1764787934589,0,currents.c
1764787934591,0,currents.c
1764787934593,0,currents.c
1764787934595,0,currents.c
1764787934597,0,currents.c
1764787934599,0,currents.c
1764787934600,0,currents.c
1764787934602,0,currents.c
1764787934604,0,currents.c
1764787934606,0,currents.c
1764787934608,0,currents.a
1764787934610,0,currents.a
1764787934612,0,currents.a
1764787934614,0,currents.a
1764787934616,0,currents.a
1764787934617,0,currents.a
1764787934619,0,currents.a
1764787934620,0,currents.a
1764787934622,0,currents.a
1764787934624,0,currents.a
1764787934625,0,currents.a
1764787934628,0,currents.a
1764787934630,0,currents.a
1764787934632,0,currents.a
1764787934634,0,currents.a
1764787934636,0,currents.a
1764787934638,0,currents.a
1764787934640,0,currents.a
1764787934641,0,currents.a
1764787934643,0,currents.a
1764787934645,0,currents.a
1764787934647,0,currents.a
1764787934649,0,currents.a
1764787934651,0,currents.a
1764787934652,0,currents.a
1764787934654,0,currents.a
1764787934655,0,currents.a
1764787934608,0,currents.b
1764787934610,0,currents.b
1764787934612,0,currents.b
1764787934614,0,currents.b
1764787934616,0,currents.b
1764787934617,0,currents.b
1764787934619,0,currents.b
1764787934620,0,currents.b
1764787934622,0,currents.b
1764787934624,0,currents.b
1764787934625,0,currents.b
1764787934628,0,currents.b
1764787934630,0,currents.b
1764787934632,0,currents.b
1764787934634,0,currents.b
1764787934636,0,currents.b
1764787934638,0,currents.b
1764787934640,0,currents.b
1764787934641,0,currents.b
1764787934643,0,currents.b
1764787934645,0,currents.b
1764787934647,0,currents.b
1764787934649,0,currents.b
1764787934651,0,currents.b
1764787934652,0,currents.b
1764787934654,0,currents.b
1764787934655,0,currents.b
1764787934608,0,currents.c
1764787934610,0,currents.c
1764787934612,0,currents.c
1764787934614,0,currents.c
1764787934616,0,currents.c
1764787934617,0,currents.c
1764787934619,0,currents.c
1764787934620,0,currents.c
1764787934622,0,currents.c
1764787934624,0,currents.c
1764787934625,0,currents.c
1764787934628,0,currents.c
1764787934630,0,currents.c
1764787934632,0,currents.c
1764787934634,0,currents.c
1764787934636,0,currents.c
1764787934638,0,currents.c
1764787934640,0,currents.c
1764787934641,0,currents.c
1764787934643,0,currents.c
1764787934645,0,currents.c
1764787934647,0,currents.c
1764787934649,0,currents.c
1764787934651,0,currents.c
1764787934652,0,currents.c
1764787934654,0,currents.c
1764787934655,0,currents.c
1764787934657,0,currents.a
1764787934659,0,currents.a
1764787934661,0,currents.a
1764787934662,0,currents.a
1764787934664,0,currents.a
1764787934666,0,currents.a
1764787934667,0,currents.a
1764787934669,0,currents.a
1764787934671,0,currents.a
1764787934673,0,currents.a
1764787934675,0,currents.a
1764787934677,0,currents.a
1764787934679,0,currents.a
1764787934681,0,currents.a
1764787934683,0,currents.a
1764787934685,0,currents.a
1764787934687,0,currents.a
1764787934689,0,currents.a
1764787934691,0,currents.a
1764787934693,0,currents.a
1764787934695,0,currents.a
1764787934697,0,currents.a
1764787934699,0,currents.a
1764787934701,0,currents.a
1764787934703,0,currents.a
1764787934705,0,currents.a
1764787934707,0,currents.a
1764787934657,0,currents.b
1764787934659,0,currents.b
1764787934661,0,currents.b
1764787934662,0,currents.b
1764787934664,0,currents.b
1764787934666,0,currents.b
1764787934667,0,currents.b
1764787934669,0,currents.b
1764787934671,0,currents.b
1764787934673,0,currents.b
1764787934675,0,currents.b
1764787934677,0,currents.b
1764787934679,0,currents.b
1764787934681,0,currents.b
1764787934683,0,currents.b
1764787934685,0,currents.b
1764787934687,0,currents.b
1764787934689,0,currents.b
1764787934691,0,currents.b
1764787934693,0,currents.b
1764787934695,0,currents.b
1764787934697,0,currents.b
1764787934699,0,currents.b
1764787934701,0,currents.b
1764787934703,0,currents.b
1764787934705,0,currents.b
1764787934707,0,currents.b
1764787934657,0,currents.c
1764787934659,0,currents.c
1764787934661,0,currents.c
1764787934662,0,currents.c
1764787934664,0,currents.c
1764787934666,0,currents.c
1764787934667,0,currents.c
1764787934669,0,currents.c
1764787934671,0,currents.c
1764787934673,0,currents.c
1764787934675,0,currents.c
1764787934677,0,currents.c
1764787934679,0,currents.c
1764787934681,0,currents.c
1764787934683,0,currents.c
1764787934685,0,currents.c
1764787934687,0,currents.c
1764787934689,0,currents.c
1764787934691,0,currents.c
1764787934693,0,currents.c
1764787934695,0,currents.c
1764787934697,0,currents.c
1764787934699,0,currents.c
1764787934701,0,currents.c
1764787934703,0,currents.c
1764787934705,0,currents.c
1764787934707,0,currents.c
1764787934709,0,currents.a
1764787934711,0,currents.a
1764787934713,0,currents.a
1764787934715,0,currents.a
1764787934716,0,currents.a
1764787934718,0,currents.a
1764787934719,0,currents.a
1764787934720,0,currents.a
1764787934722,0,currents.a
1764787934723,0,currents.a
1764787934725,0,currents.a
1764787934728,0,currents.a
1764787934730,0,currents.a
1764787934731,0,currents.a
1764787934733,0,currents.a
1764787934735,0,currents.a
1764787934737,0,currents.a
1764787934739,0,currents.a
1764787934741,0,currents.a
1764787934743,0,currents.a
1764787934745,0,currents.a
1764787934747,0,currents.a
1764787934748,0,currents.a
1764787934751,0,currents.a
1764787934752,0,currents.a
1764787934754,0,currents.a
1764787934756,0,currents.a
1764787934709,0,currents.b
1764787934711,0,currents.b
1764787934713,0,currents.b
1764787934715,0,currents.b
1764787934716,0,currents.b
1764787934718,0,currents.b
1764787934719,0,currents.b
1764787934720,0,currents.b
1764787934722,0,currents.b
1764787934723,0,currents.b
1764787934725,0,currents.b
1764787934728,0,currents.b
1764787934730,0,currents.b
1764787934731,0,currents.b
1764787934733,0,currents.b
1764787934735,0,currents.b
1764787934737,0,currents.b
1764787934739,0,currents.b
1764787934741,0,currents.b
1764787934743,0,currents.b
1764787934745,0,currents.b
1764787934747,0,currents.b
1764787934748,0,currents.b
1764787934751,0,currents.b
1764787934752,0,currents.b
1764787934754,0,currents.b
1764787934756,0,currents.b
1764787934709,0,currents.c
1764787934711,0,currents.c
1764787934713,0,currents.c
1764787934715,0,currents.c
1764787934716,0,currents.c
1764787934718,0,currents.c
1764787934719,0,currents.c
1764787934720,0,currents.c
1764787934722,0,currents.c
1764787934723,0,currents.c
1764787934725,0,currents.c
1764787934728,0,currents.c
1764787934730,0,currents.c
1764787934731,0,currents.c
1764787934733,0,currents.c
1764787934735,0,currents.c
1764787934737,0,currents.c
1764787934739,0,currents.c
1764787934741,0,currents.c
1764787934743,0,currents.c
1764787934745,0,currents.c
1764787934747,0,currents.c
1764787934748,0,currents.c
1764787934751,0,currents.c
1764787934752,0,currents.c
1764787934754,0,currents.c
1764787934756,0,currents.c
1764787934758,0,currents.a
1764787934760,0,currents.a
1764787934761,0,currents.a
1764787934763,0,currents.a
1764787934765,0,currents.a
1764787934767,0,currents.a
1764787934769,0,currents.a
1764787934770,0,currents.a
1764787934772,0,currents.a
1764787934774,0,currents.a
1764787934776,0,currents.a
1764787934778,0,currents.a
1764787934780,0,currents.a
1764787934782,0,currents.a
1764787934783,0,currents.a
1764787934785,0,currents.a
1764787934787,0,currents.a
1764787934789,0,currents.a
1764787934791,0,currents.a
1764787934793,0,currents.a
1764787934795,0,currents.a
1764787934797,0,currents.a
1764787934798,0,currents.a
1764787934801,0,currents.a
1764787934802,0,currents.a
1764787934805,0,currents.a
1764787934806,0,currents.a
1764787934758,0,currents.b
1764787934760,0,currents.b
1764787934761,0,currents.b
1764787934763,0,currents.b
1764787934765,0,currents.b
1764787934767,0,currents.b
1764787934769,0,currents.b
1764787934770,0,currents.b
1764787934772,0,currents.b
1764787934774,0,currents.b
1764787934776,0,currents.b
1764787934778,0,currents.b
1764787934780,0,currents.b
1764787934782,0,currents.b
1764787934783,0,currents.b
1764787934785,0,currents.b
1764787934787,0,currents.b
1764787934789,0,currents.b
1764787934791,0,currents.b
1764787934793,0,currents.b
1764787934795,0,currents.b
1764787934797,0,currents.b
1764787934798,0,currents.b
1764787934801,0,currents.b
1764787934802,0,currents.b
1764787934805,0,currents.b
1764787934806,0,currents.b
1764787934758,0,currents.c
1764787934760,0,currents.c
1764787934761,0,currents.c
1764787934763,0,currents.c
1764787934765,0,currents.c
1764787934767,0,currents.c
1764787934769,0,currents.c
1764787934770,0,currents.c
1764787934772,0,currents.c
1764787934774,0,currents.c
1764787934776,0,currents.c
1764787934778,0,currents.c
1764787934780,0,currents.c
1764787934782,0,currents.c
1764787934783,0,currents.c
1764787934785,0,currents.c
1764787934787,0,currents.c
1764787934789,0,currents.c
1764787934791,0,currents.c
1764787934793,0,currents.c
1764787934795,0,currents.c
1764787934797,0,currents.c
1764787934798,0,currents.c
1764787934801,0,currents.c
1764787934802,0,currents.c
1764787934805,0,currents.c
1764787934806,0,currents.c
1764787934808,0,currents.a
1764787934810,0,currents.a
1764787934812,0,currents.a
1764787934813,0,currents.a
1764787934815,0,currents.a
1764787934817,0,currents.a
1764787934819,0,currents.a
1764787934821,0,currents.a
1764787934822,0,currents.a
1764787934823,0,currents.a
1764787934825,0,currents.a
1764787934827,0,currents.a
1764787934829,0,currents.a
1764787934831,0,currents.a
1764787934833,0,currents.a
1764787934834,0,currents.a
1764787934836,0,currents.a
1764787934838,0,currents.a
1764787934840,0,currents.a
1764787934842,0,currents.a
1764787934844,0,currents.a
1764787934846,0,currents.a
1764787934848,0,currents.a
1764787934850,0,currents.a
1764787934852,0,currents.a
1764787934853,0,currents.a
1764787934855,0,currents.a
1764787934808,0,currents.b
1764787934810,0,currents.b
1764787934812,0,currents.b
1764787934813,0,currents.b
1764787934815,0,currents.b
1764787934817,0,currents.b
1764787934819,0,currents.b
1764787934821,0,currents.b
1764787934822,0,currents.b
1764787934823,0,currents.b
1764787934825,0,currents.b
1764787934827,0,currents.b
1764787934829,0,currents.b
1764787934831,0,currents.b
1764787934833,0,currents.b
1764787934834,0,currents.b
1764787934836,0,currents.b
1764787934838,0,currents.b
1764787934840,0,currents.b
1764787934842,0,currents.b
1764787934844,0,currents.b
1764787934846,0,currents.b
1764787934848,0,currents.b
1764787934850,0,currents.b
1764787934852,0,currents.b
1764787934853,0,currents.b
1764787934855,0,currents.b
1764787934808,0,currents.c
1764787934810,0,currents.c
1764787934812,0,currents.c
1764787934813,0,currents.c
1764787934815,0,currents.c
1764787934817,0,currents.c
1764787934819,0,currents.c
1764787934821,0,currents.c
1764787934822,0,currents.c
1764787934823,0,currents.c
1764787934825,0,currents.c
1764787934827,0,currents.c
1764787934829,0,currents.c
1764787934831,0,currents.c
1764787934833,0,currents.c
1764787934834,0,currents.c
1764787934836,0,currents.c
1764787934838,0,currents.c
1764787934840,0,currents.c
1764787934842,0,currents.c
1764787934844,0,currents.c
1764787934846,0,currents.c
1764787934848,0,currents.c
1764787934850,0,currents.c
1764787934852,0,currents.c
1764787934853,0,currents.c
1764787934855,0,currents.c
1764787934857,0,currents.a
1764787934858,0,currents.a
1764787934860,0,currents.a
1764787934862,0,currents.a
1764787934864,0,currents.a
1764787934866,0,currents.a
1764787934867,0,currents.a
1764787934869,0,currents.a
1764787934871,0,currents.a
1764787934873,0,currents.a
1764787934874,0,currents.a
1764787934876,0,currents.a
1764787934878,0,currents.a
1764787934880,0,currents.a
1764787934881,0,currents.a
1764787934883,0,currents.a
1764787934885,0,currents.a
1764787934887,0,currents.a
1764787934889,0,currents.a
1764787934891,0,currents.a
1764787934893,0,currents.a
1764787934895,0,currents.a
1764787934897,0,currents.a
1764787934899,0,currents.a
1764787934901,0,currents.a
1764787934903,0,currents.a
1764787934904,0,currents.a
1764787934906,0,currents.a
1764787934908,0,currents.a
1764787934857,0,currents.b
1764787934858,0,currents.b
1764787934860,0,currents.b
1764787934862,0,currents.b
1764787934864,0,currents.b
1764787934866,0,currents.b
1764787934867,0,currents.b
1764787934869,0,currents.b
1764787934871,0,currents.b
1764787934873,0,currents.b
1764787934874,0,currents.b
1764787934876,0,currents.b
1764787934878,0,currents.b
1764787934880,0,currents.b
1764787934881,0,currents.b
1764787934883,0,currents.b
1764787934885,0,currents.b
1764787934887,0,currents.b
1764787934889,0,currents.b
1764787934891,0,currents.b
1764787934893,0,currents.b
1764787934895,0,currents.b
1764787934897,0,currents.b
1764787934899,0,currents.b
1764787934901,0,currents.b
1764787934903,0,currents.b
1764787934904,0,currents.b
1764787934906,0,currents.b
1764787934908,0,currents.b
1764787934857,0,currents.c
1764787934858,0,currents.c
1764787934860,0,currents.c
1764787934862,0,currents.c
1764787934864,0,currents.c
1764787934866,0,currents.c
1764787934867,0,currents.c
1764787934869,0,currents.c
1764787934871,0,currents.c
1764787934873,0,currents.c
1764787934874,0,currents.c
1764787934876,0,currents.c
1764787934878,0,currents.c
1764787934880,0,currents.c
1764787934881,0,currents.c
1764787934883,0,currents.c
1764787934885,0,currents.c
1764787934887,0,currents.c
1764787934889,0,currents.c
1764787934891,0,currents.c
1764787934893,0,currents.c
1764787934895,0,currents.c
1764787934897,0,currents.c
1764787934899,0,currents.c
1764787934901,0,currents.c
1764787934903,0,currents.c
1764787934904,0,currents.c
1764787934906,0,currents.c
1764787934908,0,currents.c
1764787934910,0,currents.a
1764787934912,0,currents.a
1764787934914,0,currents.a
1764787934916,0,currents.a
1764787934918,0,currents.a
1764787934920,0,currents.a
1764787934921,0,currents.a
1764787934923,0,currents.a
1764787934925,0,currents.a
1764787934927,0,currents.a
1764787934928,0,currents.a
1764787934930,0,currents.a
1764787934932,0,currents.a
1764787934934,0,currents.a
1764787934936,0,currents.a
1764787934937,0,currents.a
1764787934939,0,currents.a
1764787934941,0,currents.a
1764787934943,0,currents.a
1764787934945,0,currents.a
1764787934947,0,currents.a
1764787934949,0,currents.a
1764787934951,0,currents.a
1764787934953,0,currents.a
1764787934955,0,currents.a
1764787934956,0,currents.a
1764787934958,0,currents.a
1764787934910,0,currents.b
1764787934912,0,currents.b
1764787934914,0,currents.b
1764787934916,0,currents.b
1764787934918,0,currents.b
1764787934920,0,currents.b
1764787934921,0,currents.b
1764787934923,0,currents.b
1764787934925,0,currents.b
1764787934927,0,currents.b
1764787934928,0,currents.b
1764787934930,0,currents.b
1764787934932,0,currents.b
1764787934934,0,currents.b
1764787934936,0,currents.b
1764787934937,0,currents.b
1764787934939,0,currents.b
1764787934941,0,currents.b
1764787934943,0,currents.b
1764787934945,0,currents.b
1764787934947,0,currents.b
1764787934949,0,currents.b
1764787934951,0,currents.b
1764787934953,0,currents.b
1764787934955,0,currents.b
1764787934956,0,currents.b
1764787934958,0,currents.b
1764787934910,0,currents.c
1764787934912,0,currents.c
1764787934914,0,currents.c
1764787934916,0,currents.c
1764787934918,0,currents.c
1764787934920,0,currents.c
1764787934921,0,currents.c
1764787934923,0,currents.c
1764787934925,0,currents.c
1764787934927,0,currents.c
1764787934928,0,currents.c
1764787934930,0,currents.c
1764787934932,0,currents.c
1764787934934,0,currents.c
1764787934936,0,currents.c
1764787934937,0,currents.c
1764787934939,0,currents.c
1764787934941,0,currents.c
1764787934943,0,currents.c
1764787934945,0,currents.c
1764787934947,0,currents.c
1764787934949,0,currents.c
1764787934951,0,currents.c
1764787934953,0,currents.c
1764787934955,0,currents.c
1764787934956,0,currents.c
1764787934958,0,currents.c
1764787934960,0,currents.a
1764787934962,0,currents.a
1764787934964,0,currents.a
1764787934966,0,currents.a
1764787934968,0,currents.a
1764787934969,0,currents.a
1764787934971,0,currents.a
1764787934973,0,currents.a
1764787934974,0,currents.a
1764787934976,0,currents.a
1764787934978,0,currents.a
1764787934979,0,currents.a
1764787934981,0,currents.a
1764787934983,0,currents.a
1764787934985,0,currents.a
1764787934987,0,currents.a
1764787934989,0,currents.a
1764787934991,0,currents.a
1764787934993,0,currents.a
1764787934995,0,currents.a
1764787934997,0,currents.a
1764787934999,0,currents.a
1764787935001,0,currents.a
1764787935003,0,currents.a
1764787935005,0,currents.a
1764787935006,0,currents.a
1764787934960,0,currents.b
1764787934962,0,currents.b
1764787934964,0,currents.b
1764787934966,0,currents.b
1764787934968,0,currents.b
1764787934969,0,currents.b
1764787934971,0,currents.b
1764787934973,0,currents.b
1764787934974,0,currents.b
1764787934976,0,currents.b
1764787934978,0,currents.b
1764787934979,0,currents.b
1764787934981,0,currents.b
1764787934983,0,currents.b
1764787934985,0,currents.b
1764787934987,0,currents.b
1764787934989,0,currents.b
1764787934991,0,currents.b
1764787934993,0,currents.b
1764787934995,0,currents.b
1764787934997,0,currents.b
1764787934999,0,currents.b
1764787935001,0,currents.b
1764787935003,0,currents.b
1764787935005,0,currents.b
1764787935006,0,currents.b
1764787934960,0,currents.c
1764787934962,0,currents.c
1764787934964,0,currents.c
1764787934966,0,currents.c
1764787934968,0,currents.c
1764787934969,0,currents.c
1764787934971,0,currents.c
1764787934973,0,currents.c
1764787934974,0,currents.c
1764787934976,0,currents.c
1764787934978,0,currents.c
1764787934979,0,currents.c
1764787934981,0,currents.c
1764787934983,0,currents.c
1764787934985,0,currents.c
1764787934987,0,currents.c
1764787934989,0,currents.c
1764787934991,0,currents.c
1764787934993,0,currents.c
1764787934995,0,currents.c
1764787934997,0,currents.c
1764787934999,0,currents.c
1764787935001,0,currents.c
1764787935003,0,currents.c
1764787935005,0,currents.c
1764787935006,0,currents.c
1764787935008,0,currents.a
1764787935010,0,currents.a
1764787935012,0,currents.a
1764787935014,0,currents.a
1764787935016,0,currents.a
1764787935018,0,currents.a
1764787935020,0,currents.a
1764787935021,0,currents.a
1764787935023,0,currents.a
1764787935024,0,currents.a
1764787935026,0,currents.a
1764787935028,0,currents.a
1764787935030,0,currents.a
1764787935032,0,currents.a
1764787935034,0,currents.a
1764787935036,0,currents.a
1764787935038,0,currents.a
1764787935039,0,currents.a
1764787935042,0,currents.a
1764787935044,0,currents.a
1764787935046,0,currents.a
1764787935047,0,currents.a
1764787935049,0,currents.a
1764787935050,0,currents.a
1764787935052,0,currents.a
1764787935054,0,currents.a
1764787935056,0,currents.a
1764787935057,0,currents.a
1764787935059,0,currents.a
1764787935008,0,currents.b
1764787935010,0,currents.b
1764787935012,0,currents.b
1764787935014,0,currents.b
1764787935016,0,currents.b
1764787935018,0,currents.b
1764787935020,0,currents.b
1764787935021,0,currents.b
1764787935023,0,currents.b
1764787935024,0,currents.b
1764787935026,0,currents.b
1764787935028,0,currents.b
1764787935030,0,currents.b
1764787935032,0,currents.b
1764787935034,0,currents.b
1764787935036,0,currents.b
1764787935038,0,currents.b
1764787935039,0,currents.b
1764787935042,0,currents.b
1764787935044,0,currents.b
1764787935046,0,currents.b
1764787935047,0,currents.b
1764787935049,0,currents.b
1764787935050,0,currents.b
1764787935052,0,currents.b
1764787935054,0,currents.b
1764787935056,0,currents.b
1764787935057,0,currents.b
1764787935059,0,currents.b
1764787935008,0,currents.c
1764787935010,0,currents.c
1764787935012,0,currents.c
1764787935014,0,currents.c
1764787935016,0,currents.c
1764787935018,0,currents.c
1764787935020,0,currents.c
1764787935021,0,currents.c
1764787935023,0,currents.c
1764787935024,0,currents.c
1764787935026,0,currents.c
1764787935028,0,currents.c
1764787935030,0,currents.c
1764787935032,0,currents.c
1764787935034,0,currents.c
1764787935036,0,currents.c
1764787935038,0,currents.c
1764787935039,0,currents.c
1764787935042,0,currents.c
1764787935044,0,currents.c
1764787935046,0,currents.c
1764787935047,0,currents.c
1764787935049,0,currents.c
1764787935050,0,currents.c
1764787935052,0,currents.c
1764787935054,0,currents.c
1764787935056,0,currents.c
1764787935057,0,currents.c
1764787935059,0,currents.c
1764787935061,0,currents.a
1764787935063,0,currents.a
1764787935064,0,currents.a
1764787935066,0,currents.a
1764787935068,0,currents.a
1764787935070,0,currents.a
1764787935072,0,currents.a
1764787935074,0,currents.a
1764787935076,0,currents.a
1764787935078,0,currents.a
1764787935080,0,currents.a
1764787935082,0,currents.a
1764787935083,0,currents.a
1764787935085,0,currents.a
1764787935087,0,currents.a
1764787935089,0,currents.a
1764787935091,0,currents.a
1764787935094,0,currents.a
1764787935096,0,currents.a
1764787935098,0,currents.a
1764787935100,0,currents.a
1764787935102,0,currents.a
1764787935104,0,currents.a
1764787935106,0,currents.a
1764787935108,0,currents.a
1764787935110,0,currents.a
1764787935061,0,currents.b
1764787935063,0,currents.b
1764787935064,0,currents.b
1764787935066,0,currents.b
1764787935068,0,currents.b
1764787935070,0,currents.b
1764787935072,0,currents.b
1764787935074,0,currents.b
1764787935076,0,currents.b
1764787935078,0,currents.b
1764787935080,0,currents.b
1764787935082,0,currents.b
1764787935083,0,currents.b
1764787935085,0,currents.b
1764787935087,0,currents.b
1764787935089,0,currents.b
1764787935091,0,currents.b
1764787935094,0,currents.b
1764787935096,0,currents.b
1764787935098,0,currents.b
1764787935100,0,currents.b
1764787935102,0,currents.b
1764787935104,0,currents.b
1764787935106,0,currents.b
1764787935108,0,currents.b
1764787935110,0,currents.b
1764787935061,0,currents.c
1764787935063,0,currents.c
1764787935064,0,currents.c
1764787935066,0,currents.c
1764787935068,0,currents.c
1764787935070,0,currents.c
1764787935072,0,currents.c
1764787935074,0,currents.c
1764787935076,0,currents.c
1764787935078,0,currents.c
1764787935080,0,currents.c
1764787935082,0,currents.c
1764787935083,0,currents.c
1764787935085,0,currents.c
1764787935087,0,currents.c
1764787935089,0,currents.c
1764787935091,0,currents.c
1764787935094,0,currents.c
1764787935096,0,currents.c
1764787935098,0,currents.c
1764787935100,0,currents.c
1764787935102,0,currents.c
1764787935104,0,currents.c
1764787935106,0,currents.c
1764787935108,0,currents.c
1764787935110,0,currents.c
1764787935112,0,currents.a
1764787935114,0,currents.a
1764787935116,0,currents.a
1764787935118,0,currents.a
1764787935119,0,currents.a
1764787935121,0,currents.a
1764787935123,0,currents.a
1764787935124,0,currents.a
1764787935126,0,currents.a
1764787935128,0,currents.a
1764787935130,0,currents.a
1764787935131,0,currents.a
1764787935133,0,currents.a
1764787935135,0,currents.a
1764787935137,0,currents.a
1764787935139,0,currents.a
1764787935140,0,currents.a
1764787935143,0,currents.a
1764787935145,0,currents.a
1764787935146,0,currents.a
1764787935148,0,currents.a
1764787935150,0,currents.a
1764787935152,0,currents.a
1764787935154,0,currents.a
1764787935156,0,currents.a
1764787935158,0,currents.a
1764787935160,0,currents.a
1764787935112,0,currents.b
1764787935114,0,currents.b
1764787935116,0,currents.b
1764787935118,0,currents.b
1764787935119,0,currents.b
1764787935121,0,currents.b
1764787935123,0,currents.b
1764787935124,0,currents.b
1764787935126,0,currents.b
1764787935128,0,currents.b
1764787935130,0,currents.b
1764787935131,0,currents.b
1764787935133,0,currents.b
1764787935135,0,currents.b
1764787935137,0,currents.b
1764787935139,0,currents.b
1764787935140,0,currents.b
1764787935143,0,currents.b
1764787935145,0,currents.b
1764787935146,0,currents.b
1764787935148,0,currents.b
1764787935150,0,currents.b
1764787935152,0,currents.b
1764787935154,0,currents.b
1764787935156,0,currents.b
1764787935158,0,currents.b
1764787935160,0,currents.b
1764787935112,0,currents.c
1764787935114,0,currents.c
1764787935116,0,currents.c
1764787935118,0,currents.c
1764787935119,0,currents.c
1764787935121,0,currents.c
1764787935123,0,currents.c
1764787935124,0,currents.c
1764787935126,0,currents.c
1764787935128,0,currents.c
1764787935130,0,currents.c
1764787935131,0,currents.c
1764787935133,0,currents.c
1764787935135,0,currents.c
1764787935137,0,currents.c
1764787935139,0,currents.c
1764787935140,0,currents.c
1764787935143,0,currents.c
1764787935145,0,currents.c
1764787935146,0,currents.c
1764787935148,0,currents.c
1764787935150,0,currents.c
1764787935152,0,currents.c
1764787935154,0,currents.c
1764787935156,0,currents.c
1764787935158,0,currents.c
1764787935160,0,currents.c
1764787935162,0,currents.a
1764787935164,0,currents.a
1764787935166,0,currents.a
1764787935168,0,currents.a
1764787935170,0,currents.a
1764787935172,0,currents.a
1764787935174,0,currents.a
1764787935176,0,currents.a
1764787935178,0,currents.a
1764787935180,0,currents.a
1764787935182,0,currents.a
1764787935184,0,currents.a
1764787935186,0,currents.a
1764787935188,0,currents.a
1764787935190,0,currents.a
1764787935192,0,currents.a
1764787935194,0,currents.a
1764787935197,0,currents.a
1764787935199,0,currents.a
1764787935201,0,currents.a
1764787935203,0,currents.a
1764787935205,0,currents.a
1764787935207,0,currents.a
1764787935210,0,currents.a
1764787935212,0,currents.a
1764787935162,0,currents.b
1764787935164,0,currents.b
1764787935166,0,currents.b
1764787935168,0,currents.b
1764787935170,0,currents.b
1764787935172,0,currents.b
1764787935174,0,currents.b
1764787935176,0,currents.b
1764787935178,0,currents.b
1764787935180,0,currents.b
1764787935182,0,currents.b
1764787935184,0,currents.b
1764787935186,0,currents.b
1764787935188,0,currents.b
1764787935190,0,currents.b
1764787935192,0,currents.b
1764787935194,0,currents.b
1764787935197,0,currents.b
1764787935199,0,currents.b
1764787935201,0,currents.b
1764787935203,0,currents.b
1764787935205,0,currents.b
1764787935207,0,currents.b
1764787935210,0,currents.b
1764787935212,0,currents.b
1764787935162,0,currents.c
1764787935164,0,currents.c
1764787935166,0,currents.c
1764787935168,0,currents.c
1764787935170,0,currents.c
1764787935172,0,currents.c
1764787935174,0,currents.c
1764787935176,0,currents.c
1764787935178,0,currents.c
1764787935180,0,currents.c
1764787935182,0,currents.c
1764787935184,0,currents.c
1764787935186,0,currents.c
1764787935188,0,currents.c
1764787935190,0,currents.c
1764787935192,0,currents.c
1764787935194,0,currents.c
1764787935197,0,currents.c
1764787935199,0,currents.c
1764787935201,0,currents.c
1764787935203,0,currents.c
1764787935205,0,currents.c
1764787935207,0,currents.c
1764787935210,0,currents.c
1764787935212,0,currents.c
1764787935214,0,currents.a
1764787935215,0,currents.a
1764787935217,0,currents.a
1764787935219,0,currents.a
1764787935221,0,currents.a
1764787935223,0,currents.a
1764787935225,0,currents.a
1764787935227,0,currents.a
1764787935229,0,currents.a
1764787935231,0,currents.a
1764787935233,0,currents.a
1764787935236,0,currents.a
1764787935238,0,currents.a
1764787935240,0,currents.a
1764787935242,0,currents.a
1764787935244,0,currents.a
1764787935247,0,currents.a
1764787935249,0,currents.a
1764787935251,0,currents.a
1764787935253,0,currents.a
1764787935255,0,currents.a
1764787935258,0,currents.a
1764787935260,0,currents.a
1764787935262,0,currents.a
1764787935264,0,currents.a
1764787935214,0,currents.b
1764787935215,0,currents.b
1764787935217,0,currents.b
1764787935219,0,currents.b
1764787935221,0,currents.b
1764787935223,0,currents.b
1764787935225,0,currents.b
1764787935227,0,currents.b
1764787935229,0,currents.b
1764787935231,0,currents.b
1764787935233,0,currents.b
1764787935236,0,currents.b
1764787935238,0,currents.b
1764787935240,0,currents.b
1764787935242,0,currents.b
1764787935244,0,currents.b
1764787935247,0,currents.b
1764787935249,0,currents.b
1764787935251,0,currents.b
1764787935253,0,currents.b
1764787935255,0,currents.b
1764787935258,0,currents.b
1764787935260,0,currents.b
1764787935262,0,currents.b
1764787935264,0,currents.b
1764787935214,0,currents.c
1764787935215,0,currents.c
1764787935217,0,currents.c
1764787935219,0,currents.c
1764787935221,0,currents.c
1764787935223,0,currents.c
1764787935225,0,currents.c
1764787935227,0,currents.c
1764787935229,0,currents.c
1764787935231,0,currents.c
1764787935233,0,currents.c
1764787935236,0,currents.c
1764787935238,0,currents.c
1764787935240,0,currents.c
1764787935242,0,currents.c
1764787935244,0,currents.c
1764787935247,0,currents.c
1764787935249,0,currents.c
1764787935251,0,currents.c
1764787935253,0,currents.c
1764787935255,0,currents.c
1764787935258,0,currents.c
1764787935260,0,currents.c
1764787935262,0,currents.c
1764787935264,0,currents.c
1764787935266,0,currents.a
1764787935268,0,currents.a
1764787935271,0,currents.a
1764787935273,0,currents.a
1764787935275,0,currents.a
1764787935277,0,currents.a
1764787935279,0,currents.a
1764787935282,0,currents.a
1764787935284,0,currents.a
1764787935286,0,currents.a
1764787935288,0,currents.a
1764787935291,0,currents.a
1764787935293,0,currents.a
1764787935295,0,currents.a
1764787935297,0,currents.a
1764787935300,0,currents.a
1764787935302,0,currents.a
1764787935305,0,currents.a
1764787935307,0,currents.a
1764787935310,0,currents.a
1764787935312,0,currents.a
1764787935314,0,currents.a
1764787935316,0,currents.a
1764787935318,0,currents.a
1764787935266,0,currents.b
1764787935268,0,currents.b
1764787935271,0,currents.b
1764787935273,0,currents.b
1764787935275,0,currents.b
1764787935277,0,currents.b
1764787935279,0,currents.b
1764787935282,0,currents.b
1764787935284,0,currents.b
1764787935286,0,currents.b
1764787935288,0,currents.b
1764787935291,0,currents.b
1764787935293,0,currents.b
1764787935295,0,currents.b
1764787935297,0,currents.b
1764787935300,0,currents.b
1764787935302,0,currents.b
1764787935305,0,currents.b
1764787935307,0,currents.b
1764787935310,0,currents.b
1764787935312,0,currents.b
1764787935314,0,currents.b
1764787935316,0,currents.b
1764787935318,0,currents.b
1764787935266,0,currents.c
1764787935268,0,currents.c
1764787935271,0,currents.c
1764787935273,0,currents.c
1764787935275,0,currents.c
1764787935277,0,currents.c
1764787935279,0,currents.c
1764787935282,0,currents.c
1764787935284,0,currents.c
1764787935286,0,currents.c
1764787935288,0,currents.c
1764787935291,0,currents.c
1764787935293,0,currents.c
1764787935295,0,currents.c
1764787935297,0,currents.c
1764787935300,0,currents.c
1764787935302,0,currents.c
1764787935305,0,currents.c
1764787935307,0,currents.c
1764787935310,0,currents.c
1764787935312,0,currents.c
1764787935314,0,currents.c
1764787935316,0,currents.c
1764787935318,0,currents.c
1764787935320,0,currents.a
1764787935322,0,currents.a
1764787935324,0,currents.a
1764787935326,0,currents.a
1764787935328,0,currents.a
1764787935330,0,currents.a
1764787935333,0,currents.a
1764787935335,0,currents.a
1764787935338,0,currents.a
1764787935340,0,currents.a
1764787935343,0,currents.a
1764787935345,0,currents.a
1764787935347,0,currents.a
1764787935349,0,currents.a
1764787935351,0,currents.a
1764787935353,0,currents.a
1764787935355,0,currents.a
1764787935358,0,currents.a
1764787935360,0,currents.a
1764787935362,0,currents.a
1764787935364,0,currents.a
1764787935367,0,currents.a
1764787935320,0,currents.b
1764787935322,0,currents.b
1764787935324,0,currents.b
1764787935326,0,currents.b
1764787935328,0,currents.b
1764787935330,0,currents.b
1764787935333,0,currents.b
1764787935335,0,currents.b
1764787935338,0,currents.b
1764787935340,0,currents.b
1764787935343,0,currents.b
1764787935345,0,currents.b
1764787935347,0,currents.b
1764787935349,0,currents.b
1764787935351,0,currents.b
1764787935353,0,currents.b
1764787935355,0,currents.b
1764787935358,0,currents.b
1764787935360,0,currents.b
1764787935362,0,currents.b
1764787935364,0,currents.b
1764787935367,0,currents.b
1764787935320,0,currents.c
1764787935322,0,currents.c
1764787935324,0,currents.c
1764787935326,0,currents.c
1764787935328,0,currents.c
1764787935330,0,currents.c
1764787935333,0,currents.c
1764787935335,0,currents.c
1764787935338,0,currents.c
1764787935340,0,currents.c
1764787935343,0,currents.c
1764787935345,0,currents.c
1764787935347,0,currents.c
1764787935349,0,currents.c
1764787935351,0,currents.c
1764787935353,0,currents.c
1764787935355,0,currents.c
1764787935358,0,currents.c
1764787935360,0,currents.c
1764787935362,0,currents.c
1764787935364,0,currents.c
1764787935367,0,currents.c
1764787935368,0,currents.a
1764787935370,0,currents.a
1764787935372,0,currents.a
1764787935374,0,currents.a
1764787935376,0,currents.a
1764787935378,0,currents.a
1764787935381,0,currents.a
1764787935383,0,currents.a
1764787935385,0,currents.a
1764787935388,0,currents.a
1764787935390,0,currents.a
1764787935392,0,currents.a
1764787935395,0,currents.a
1764787935397,0,currents.a
1764787935399,0,currents.a
1764787935402,0,currents.a
1764787935404,0,currents.a
1764787935406,0,currents.a
1764787935408,0,currents.a
1764787935411,0,currents.a
1764787935413,0,currents.a
1764787935415,0,currents.a
1764787935368,0,currents.b
1764787935370,0,currents.b
1764787935372,0,currents.b
1764787935374,0,currents.b
1764787935376,0,currents.b
1764787935378,0,currents.b
1764787935381,0,currents.b
1764787935383,0,currents.b
1764787935385,0,currents.b
1764787935388,0,currents.b
1764787935390,0,currents.b
1764787935392,0,currents.b
1764787935395,0,currents.b
1764787935397,0,currents.b
1764787935399,0,currents.b
1764787935402,0,currents.b
1764787935404,0,currents.b
1764787935406,0,currents.b
1764787935408,0,currents.b
1764787935411,0,currents.b
1764787935413,0,currents.b
1764787935415,0,currents.b
1764787935368,0,currents.c
1764787935370,0,currents.c
1764787935372,0,currents.c
1764787935374,0,currents.c
1764787935376,0,currents.c
1764787935378,0,currents.c
1764787935381,0,currents.c
1764787935383,0,currents.c
1764787935385,0,currents.c
1764787935388,0,currents.c
1764787935390,0,currents.c
1764787935392,0,currents.c
1764787935395,0,currents.c
1764787935397,0,currents.c
1764787935399,0,currents.c
1764787935402,0,currents.c
1764787935404,0,currents.c
1764787935406,0,currents.c
1764787935408,0,currents.c
1764787935411,0,currents.c
1764787935413,0,currents.c
1764787935415,0,currents.c
1764787935417,0,currents.a
1764787935420,0,currents.a
1764787935422,0,currents.a
1764787935424,0,currents.a
1764787935426,0,currents.a
1764787935428,0,currents.a
1764787935430,0,currents.a
1764787935432,0,currents.a
1764787935435,0,currents.a
1764787935437,0,currents.a
1764787935439,0,currents.a
1764787935442,0,currents.a
1764787935444,0,currents.a
1764787935446,0,currents.a
1764787935448,0,currents.a
1764787935450,0,currents.a
1764787935452,0,currents.a
1764787935454,0,currents.a
1764787935457,0,currents.a
1764787935459,0,currents.a
1764787935461,0,currents.a
1764787935463,0,currents.a
1764787935465,0,currents.a
1764787935417,0,currents.b
1764787935420,0,currents.b
1764787935422,0,currents.b
1764787935424,0,currents.b
1764787935426,0,currents.b
1764787935428,0,currents.b
1764787935430,0,currents.b
1764787935432,0,currents.b
1764787935435,0,currents.b
1764787935437,0,currents.b
1764787935439,0,currents.b
1764787935442,0,currents.b
1764787935444,0,currents.b
1764787935446,0,currents.b
1764787935448,0,currents.b
1764787935450,0,currents.b
1764787935452,0,currents.b
1764787935454,0,currents.b
1764787935457,0,currents.b
1764787935459,0,currents.b
1764787935461,0,currents.b
1764787935463,0,currents.b
1764787935465,0,currents.b
1764787935417,0,currents.c
1764787935420,0,currents.c
1764787935422,0,currents.c
1764787935424,0,currents.c
1764787935426,0,currents.c
1764787935428,0,currents.c
1764787935430,0,currents.c
1764787935432,0,currents.c
1764787935435,0,currents.c
1764787935437,0,currents.c
1764787935439,0,currents.c
1764787935442,0,currents.c
1764787935444,0,currents.c
1764787935446,0,currents.c
1764787935448,0,currents.c
1764787935450,0,currents.c
1764787935452,0,currents.c
1764787935454,0,currents.c
1764787935457,0,currents.c
1764787935459,0,currents.c
1764787935461,0,currents.c
1764787935463,0,currents.c
1764787935465,0,currents.c
1764787935467,0,currents.a
1764787935470,0,currents.a
1764787935472,0,currents.a
1764787935474,0,currents.a
1764787935476,0,currents.a
1764787935478,0,currents.a
1764787935480,0,currents.a
1764787935482,0,currents.a
1764787935485,0,currents.a
1764787935487,0,currents.a
1764787935489,0,currents.a
1764787935492,0,currents.a
1764787935494,0,currents.a
1764787935496,0,currents.a
1764787935498,0,currents.a
1764787935501,0,currents.a
1764787935503,0,currents.a
1764787935505,0,currents.a
1764787935507,0,currents.a
1764787935509,0,currents.a
1764787935511,0,currents.a
1764787935513,0,currents.a
1764787935516,0,currents.a
1764787935518,0,currents.a
1764787935467,0,currents.b
1764787935470,0,currents.b
1764787935472,0,currents.b
1764787935474,0,currents.b
1764787935476,0,currents.b
1764787935478,0,currents.b
1764787935480,0,currents.b
1764787935482,0,currents.b
1764787935485,0,currents.b
1764787935487,0,currents.b
1764787935489,0,currents.b
1764787935492,0,currents.b
1764787935494,0,currents.b
1764787935496,0,currents.b
1764787935498,0,currents.b
1764787935501,0,currents.b
1764787935503,0,currents.b
1764787935505,0,currents.b
1764787935507,0,currents.b
1764787935509,0,currents.b
1764787935511,0,currents.b
1764787935513,0,currents.b
1764787935516,0,currents.b
1764787935518,0,currents.b
1764787935467,0,currents.c
1764787935470,0,currents.c
1764787935472,0,currents.c
1764787935474,0,currents.c
1764787935476,0,currents.c
1764787935478,0,currents.c
1764787935480,0,currents.c
1764787935482,0,currents.c
1764787935485,0,currents.c
1764787935487,0,currents.c
1764787935489,0,currents.c
1764787935492,0,currents.c
1764787935494,0,currents.c
1764787935496,0,currents.c
1764787935498,0,currents.c
1764787935501,0,currents.c
1764787935503,0,currents.c
1764787935505,0,currents.c
1764787935507,0,currents.c
1764787935509,0,currents.c
1764787935511,0,currents.c
1764787935513,0,currents.c
1764787935516,0,currents.c
1764787935518,0,currents.c
1764787935520,0,currents.a
1764787935522,0,currents.a
1764787935524,0,currents.a
1764787935526,0,currents.a
1764787935528,0,currents.a
1764787935531,0,currents.a
1764787935533,0,currents.a
1764787935535,0,currents.a
1764787935537,0,currents.a
1764787935539,0,currents.a
1764787935542,0,currents.a
1764787935544,0,currents.a
1764787935546,0,currents.a
1764787935548,0,currents.a
1764787935551,0,currents.a
1764787935553,0,currents.a
1764787935555,0,currents.a
1764787935557,0,currents.a
1764787935559,0,currents.a
1764787935561,0,currents.a
1764787935564,0,currents.a
1764787935566,0,currents.a
1764787935568,0,currents.a
1764787935570,0,currents.a
1764787935572,0,currents.a
1764787935520,0,currents.b
1764787935522,0,currents.b
1764787935524,0,currents.b
1764787935526,0,currents.b
1764787935528,0,currents.b
1764787935531,0,currents.b
1764787935533,0,currents.b
1764787935535,0,currents.b
1764787935537,0,currents.b
1764787935539,0,currents.b
1764787935542,0,currents.b
1764787935544,0,currents.b
1764787935546,0,currents.b
1764787935548,0,currents.b
1764787935551,0,currents.b
1764787935553,0,currents.b
1764787935555,0,currents.b
1764787935557,0,currents.b
1764787935559,0,currents.b
1764787935561,0,currents.b
1764787935564,0,currents.b
1764787935566,0,currents.b
1764787935568,0,currents.b
1764787935570,0,currents.b
1764787935572,0,currents.b
1764787935520,0,currents.c
1764787935522,0,currents.c
1764787935524,0,currents.c
1764787935526,0,currents.c
1764787935528,0,currents.c
1764787935531,0,currents.c
1764787935533,0,currents.c
1764787935535,0,currents.c
1764787935537,0,currents.c
1764787935539,0,currents.c
1764787935542,0,currents.c
1764787935544,0,currents.c
1764787935546,0,currents.c
1764787935548,0,currents.c
1764787935551,0,currents.c
1764787935553,0,currents.c
1764787935555,0,currents.c
1764787935557,0,currents.c
1764787935559,0,currents.c
1764787935561,0,currents.c
1764787935564,0,currents.c
1764787935566,0,currents.c
1764787935568,0,currents.c
1764787935570,0,currents.c
1764787935572,0,currents.c
1764787935575,0,currents.a
1764787935577,0,currents.a
1764787935580,0,currents.a
1764787935582,0,currents.a
1764787935584,0,currents.a
1764787935587,0,currents.a
1764787935589,0,currents.a
1764787935591,0,currents.a
1764787935594,0,currents.a
1764787935596,0,currents.a
1764787935598,0,currents.a
1764787935600,0,currents.a
1764787935603,0,currents.a
1764787935605,0,currents.a
1764787935607,0,currents.a
1764787935609,0,currents.a
1764787935612,0,currents.a
1764787935614,0,currents.a
1764787935616,0,currents.a
1764787935619,0,currents.a
1764787935621,0,currents.a
1764787935575,0,currents.b
1764787935577,0,currents.b
1764787935580,0,currents.b
1764787935582,0,currents.b
1764787935584,0,currents.b
1764787935587,0,currents.b
1764787935589,0,currents.b
1764787935591,0,currents.b
1764787935594,0,currents.b
1764787935596,0,currents.b
1764787935598,0,currents.b
1764787935600,0,currents.b
1764787935603,0,currents.b
1764787935605,0,currents.b
1764787935607,0,currents.b
1764787935609,0,currents.b
1764787935612,0,currents.b
1764787935614,0,currents.b
1764787935616,0,currents.b
1764787935619,0,currents.b
1764787935621,0,currents.b
1764787935575,0,currents.c
1764787935577,0,currents.c
1764787935580,0,currents.c
1764787935582,0,currents.c
1764787935584,0,currents.c
1764787935587,0,currents.c
1764787935589,0,currents.c
1764787935591,0,currents.c
1764787935594,0,currents.c
1764787935596,0,currents.c
1764787935598,0,currents.c
1764787935600,0,currents.c
1764787935603,0,currents.c
1764787935605,0,currents.c
1764787935607,0,currents.c
1764787935609,0,currents.c
1764787935612,0,currents.c
1764787935614,0,currents.c
1764787935616,0,currents.c
1764787935619,0,currents.c
1764787935621,0,currents.c
1764787935624,0,currents.a
1764787935626,0,currents.a
1764787935628,0,currents.a
1764787935630,0,currents.a
1764787935633,0,currents.a
1764787935635,0,currents.a
1764787935637,0,currents.a
1764787935640,0,currents.a
1764787935642,0,currents.a
1764787935644,0,currents.a
1764787935647,0,currents.a
1764787935649,0,currents.a
1764787935651,0,currents.a
1764787935653,0,currents.a
1764787935656,0,currents.a
1764787935658,0,currents.a
1764787935660,0,currents.a
1764787935663,0,currents.a
1764787935665,0,currents.a
1764787935668,0,currents.a
1764787935670,0,currents.a
1764787935624,0,currents.b
1764787935626,0,currents.b
1764787935628,0,currents.b
1764787935630,0,currents.b
1764787935633,0,currents.b
1764787935635,0,currents.b
1764787935637,0,currents.b
1764787935640,0,currents.b
1764787935642,0,currents.b
1764787935644,0,currents.b
1764787935647,0,currents.b
1764787935649,0,currents.b
1764787935651,0,currents.b
1764787935653,0,currents.b
1764787935656,0,currents.b
1764787935658,0,currents.b
1764787935660,0,currents.b
1764787935663,0,currents.b
1764787935665,0,currents.b
1764787935668,0,currents.b
1764787935670,0,currents.b
1764787935624,0,currents.c
1764787935626,0,currents.c
1764787935628,0,currents.c
1764787935630,0,currents.c
1764787935633,0,currents.c
1764787935635,0,currents.c
1764787935637,0,currents.c
1764787935640,0,currents.c
1764787935642,0,currents.c
1764787935644,0,currents.c
1764787935647,0,currents.c
1764787935649,0,currents.c
1764787935651,0,currents.c
1764787935653,0,currents.c
1764787935656,0,currents.c
1764787935658,0,currents.c
1764787935660,0,currents.c
1764787935663,0,currents.c
1764787935665,0,currents.c
1764787935668,0,currents.c
1764787935670,0,currents.c
1764787935672,0,currents.a
1764787935675,0,currents.a
1764787935677,0,currents.a
1764787935679,0,currents.a
1764787935682,0,currents.a
1764787935684,0,currents.a
1764787935686,0,currents.a
1764787935689,0,currents.a
1764787935691,0,currents.a
1764787935693,0,currents.a
1764787935696,0,currents.a
1764787935698,0,currents.a
1764787935702,0,currents.a
1764787935704,0,currents.a
1764787935707,0,currents.a
1764787935709,0,currents.a
1764787935711,0,currents.a
1764787935714,0,currents.a
1764787935672,0,currents.b
1764787935675,0,currents.b
1764787935677,0,currents.b
1764787935679,0,currents.b
1764787935682,0,currents.b
1764787935684,0,currents.b
1764787935686,0,currents.b
1764787935689,0,currents.b
1764787935691,0,currents.b
1764787935693,0,currents.b
1764787935696,0,currents.b
1764787935698,0,currents.b
1764787935702,0,currents.b
1764787935704,0,currents.b
1764787935707,0,currents.b
1764787935709,0,currents.b
1764787935711,0,currents.b
1764787935714,0,currents.b
1764787935672,0,currents.c
1764787935675,0,currents.c
1764787935677,0,currents.c
1764787935679,0,currents.c
1764787935682,0,currents.c
1764787935684,0,currents.c
1764787935686,0,currents.c
1764787935689,0,currents.c
1764787935691,0,currents.c
1764787935693,0,currents.c
1764787935696,0,currents.c
1764787935698,0,currents.c
1764787935702,0,currents.c
1764787935704,0,currents.c
1764787935707,0,currents.c
1764787935709,0,currents.c
1764787935711,0,currents.c
1764787935714,0,currents.c
1764787935716,0,currents.a
1764787935718,0,currents.a
1764787935720,0,currents.a
1764787935723,0,currents.a
1764787935726,0,currents.a
1764787935728,0,currents.a
1764787935730,0,currents.a
1764787935733,0,currents.a
1764787935735,0,currents.a
1764787935737,0,currents.a
1764787935740,0,currents.a
1764787935742,0,currents.a
1764787935744,0,currents.a
1764787935747,0,currents.a
1764787935749,0,currents.a
1764787935751,0,currents.a
1764787935753,0,currents.a
1764787935756,0,currents.a
1764787935758,0,currents.a
1764787935760,0,currents.a
1764787935762,0,currents.a
1764787935764,0,currents.a
1764787935767,0,currents.a
1764787935769,0,currents.a
1764787935771,0,currents.a
1764787935774,0,currents.a
1764787935776,0,currents.a
1764787935778,0,currents.a
1764787935716,0,currents.b
1764787935718,0,currents.b
1764787935720,0,currents.b
1764787935723,0,currents.b
1764787935726,0,currents.b
1764787935728,0,currents.b
1764787935730,0,currents.b
1764787935733,0,currents.b
1764787935735,0,currents.b
1764787935737,0,currents.b
1764787935740,0,currents.b
1764787935742,0,currents.b
1764787935744,0,currents.b
1764787935747,0,currents.b
1764787935749,0,currents.b
1764787935751,0,currents.b
1764787935753,0,currents.b
1764787935756,0,currents.b
1764787935758,0,currents.b
1764787935760,0,currents.b
1764787935762,0,currents.b
1764787935764,0,currents.b
1764787935767,0,currents.b
1764787935769,0,currents.b
1764787935771,0,currents.b
1764787935774,0,currents.b
1764787935776,0,currents.b
1764787935778,0,currents.b
1764787935716,0,currents.c
1764787935718,0,currents.c
1764787935720,0,currents.c
1764787935723,0,currents.c
1764787935726,0,currents.c
1764787935728,0,currents.c
1764787935730,0,currents.c
1764787935733,0,currents.c
1764787935735,0,currents.c
1764787935737,0,currents.c
1764787935740,0,currents.c
1764787935742,0,currents.c
1764787935744,0,currents.c
1764787935747,0,currents.c
1764787935749,0,currents.c
1764787935751,0,currents.c
1764787935753,0,currents.c
1764787935756,0,currents.c
1764787935758,0,currents.c
1764787935760,0,currents.c
1764787935762,0,currents.c
1764787935764,0,currents.c
1764787935767,0,currents.c
1764787935769,0,currents.c
1764787935771,0,currents.c
1764787935774,0,currents.c
1764787935776,0,currents.c
1764787935778,0,currents.c
1764787935781,0,currents.a
1764787935783,0,currents.a
1764787935785,0,currents.a
1764787935788,0,currents.a
1764787935790,0,currents.a
1764787935792,0,currents.a
1764787935794,0,currents.a
1764787935796,0,currents.a
1764787935798,0,currents.a
1764787935800,0,currents.a
1764787935802,0,currents.a
1764787935804,0,currents.a
1764787935806,0,currents.a
1764787935808,0,currents.a
1764787935811,0,currents.a
1764787935813,0,currents.a
1764787935815,0,currents.a
1764787935817,0,currents.a
1764787935819,0,currents.a
1764787935821,0,currents.a
1764787935823,0,currents.a
1764787935825,0,currents.a
1764787935828,0,currents.a
1764787935830,0,currents.a
1764787935781,0,currents.b
1764787935783,0,currents.b
1764787935785,0,currents.b
1764787935788,0,currents.b
1764787935790,0,currents.b
1764787935792,0,currents.b
1764787935794,0,currents.b
1764787935796,0,currents.b
1764787935798,0,currents.b
1764787935800,0,currents.b
1764787935802,0,currents.b
1764787935804,0,currents.b
1764787935806,0,currents.b
1764787935808,0,currents.b
1764787935811,0,currents.b
1764787935813,0,currents.b
1764787935815,0,currents.b
1764787935817,0,currents.b
1764787935819,0,currents.b
1764787935821,0,currents.b
1764787935823,0,currents.b
1764787935825,0,currents.b
1764787935828,0,currents.b
1764787935830,0,currents.b
1764787935781,0,currents.c
1764787935783,0,currents.c
1764787935785,0,currents.c
1764787935788,0,currents.c
1764787935790,0,currents.c
1764787935792,0,currents.c
1764787935794,0,currents.c
1764787935796,0,currents.c
1764787935798,0,currents.c
1764787935800,0,currents.c
1764787935802,0,currents.c
1764787935804,0,currents.c
1764787935806,0,currents.c
1764787935808,0,currents.c
1764787935811,0,currents.c
1764787935813,0,currents.c
1764787935815,0,currents.c
1764787935817,0,currents.c
1764787935819,0,currents.c
1764787935821,0,currents.c
1764787935823,0,currents.c
1764787935825,0,currents.c
1764787935828,0,currents.c
1764787935830,0,currents.c
1764787935832,0,currents.a
1764787935834,0,currents.a
1764787935836,0,currents.a
1764787935838,0,currents.a
1764787935840,0,currents.a
1764787935842,0,currents.a
1764787935844,0,currents.a
1764787935846,0,currents.a
1764787935847,0,currents.a
1764787935849,0,currents.a
1764787935851,0,currents.a
1764787935852,0,currents.a
1764787935855,0,currents.a
1764787935857,0,currents.a
1764787935858,0,currents.a
1764787935861,0,currents.a
1764787935862,0,currents.a
1764787935864,0,currents.a
1764787935866,0,currents.a
1764787935868,0,currents.a
1764787935870,0,currents.a
1764787935873,0,currents.a
1764787935875,0,currents.a
1764787935877,0,currents.a
1764787935879,0,currents.a
1764787935881,0,currents.a
1764787935882,0,currents.a
1764787935832,0,currents.b
1764787935834,0,currents.b
1764787935836,0,currents.b
1764787935838,0,currents.b
1764787935840,0,currents.b
1764787935842,0,currents.b
1764787935844,0,currents.b
1764787935846,0,currents.b
1764787935847,0,currents.b
1764787935849,0,currents.b
1764787935851,0,currents.b
1764787935852,0,currents.b
1764787935855,0,currents.b
1764787935857,0,currents.b
1764787935858,0,currents.b
1764787935861,0,currents.b
1764787935862,0,currents.b
1764787935864,0,currents.b
1764787935866,0,currents.b
1764787935868,0,currents.b
1764787935870,0,currents.b
1764787935873,0,currents.b
1764787935875,0,currents.b
1764787935877,0,currents.b
1764787935879,0,currents.b
1764787935881,0,currents.b
1764787935882,0,currents.b
1764787935832,0,currents.c
1764787935834,0,currents.c
1764787935836,0,currents.c
1764787935838,0,currents.c
1764787935840,0,currents.c
1764787935842,0,currents.c
1764787935844,0,currents.c
1764787935846,0,currents.c
1764787935847,0,currents.c
1764787935849,0,currents.c
1764787935851,0,currents.c
1764787935852,0,currents.c
1764787935855,0,currents.c
1764787935857,0,currents.c
1764787935858,0,currents.c
1764787935861,0,currents.c
1764787935862,0,currents.c
1764787935864,0,currents.c
1764787935866,0,currents.c
1764787935868,0,currents.c
1764787935870,0,currents.c
1764787935873,0,currents.c
1764787935875,0,currents.c
1764787935877,0,currents.c
1764787935879,0,currents.c
1764787935881,0,currents.c
1764787935882,0,currents.c
1764787935884,0,currents.a
1764787935886,0,currents.a
1764787935888,0,currents.a
1764787935890,0,currents.a
1764787935892,0,currents.a
1764787935894,0,currents.a
1764787935896,0,currents.a
1764787935898,0,currents.a
1764787935900,0,currents.a
1764787935902,0,currents.a
1764787935904,0,currents.a
1764787935906,0,currents.a
1764787935907,0,currents.a
1764787935910,0,currents.a
1764787935912,0,currents.a
1764787935914,0,currents.a
1764787935916,0,currents.a
1764787935919,0,currents.a
1764787935921,0,currents.a
1764787935923,0,currents.a
1764787935925,0,currents.a
1764787935927,0,currents.a
1764787935929,0,currents.a
1764787935931,0,currents.a
1764787935933,0,currents.a
1764787935935,0,currents.a
1764787935884,0,currents.b
1764787935886,0,currents.b
1764787935888,0,currents.b
1764787935890,0,currents.b
1764787935892,0,currents.b
1764787935894,0,currents.b
1764787935896,0,currents.b
1764787935898,0,currents.b
1764787935900,0,currents.b
1764787935902,0,currents.b
1764787935904,0,currents.b
1764787935906,0,currents.b
1764787935907,0,currents.b
1764787935910,0,currents.b
1764787935912,0,currents.b
1764787935914,0,currents.b
1764787935916,0,currents.b
1764787935919,0,currents.b
1764787935921,0,currents.b
1764787935923,0,currents.b
1764787935925,0,currents.b
1764787935927,0,currents.b
1764787935929,0,currents.b
1764787935931,0,currents.b
1764787935933,0,currents.b
1764787935935,0,currents.b
1764787935884,0,currents.c
1764787935886,0,currents.c
1764787935888,0,currents.c
1764787935890,0,currents.c
1764787935892,0,currents.c
1764787935894,0,currents.c
1764787935896,0,currents.c
1764787935898,0,currents.c
1764787935900,0,currents.c
1764787935902,0,currents.c
1764787935904,0,currents.c
1764787935906,0,currents.c
1764787935907,0,currents.c
1764787935910,0,currents.c
1764787935912,0,currents.c
1764787935914,0,currents.c
1764787935916,0,currents.c
1764787935919,0,currents.c
1764787935921,0,currents.c
1764787935923,0,currents.c
1764787935925,0,currents.c
1764787935927,0,currents.c
1764787935929,0,currents.c
1764787935931,0,currents.c
1764787935933,0,currents.c
1764787935935,0,currents.c
1764787935937,0,currents.a
1764787935939,0,currents.a
1764787935940,0,currents.a
1764787935942,0,currents.a
1764787935944,0,currents.a
1764787935946,0,currents.a
1764787935948,0,currents.a
1764787935950,0,currents.a
1764787935952,0,currents.a
1764787935954,0,currents.a
1764787935956,0,currents.a
1764787935958,0,currents.a
1764787935961,0,currents.a
1764787935963,0,currents.a
1764787935964,0,currents.a
1764787935966,0,currents.a
1764787935968,0,currents.a
1764787935970,0,currents.a
1764787935972,0,currents.a
1764787935974,0,currents.a
1764787935976,0,currents.a
1764787935978,0,currents.a
1764787935980,0,currents.a
1764787935982,0,currents.a
1764787935984,0,currents.a
1764787935937,0,currents.b
1764787935939,0,currents.b
1764787935940,0,currents.b
1764787935942,0,currents.b
1764787935944,0,currents.b
1764787935946,0,currents.b
1764787935948,0,currents.b
1764787935950,0,currents.b
1764787935952,0,currents.b
1764787935954,0,currents.b
1764787935956,0,currents.b
1764787935958,0,currents.b
1764787935961,0,currents.b
1764787935963,0,currents.b
1764787935964,0,currents.b
1764787935966,0,currents.b
1764787935968,0,currents.b
1764787935970,0,currents.b
1764787935972,0,currents.b
1764787935974,0,currents.b
1764787935976,0,currents.b
1764787935978,0,currents.b
1764787935980,0,currents.b
1764787935982,0,currents.b
1764787935984,0,currents.b
1764787935937,0,currents.c
1764787935939,0,currents.c
1764787935940,0,currents.c
1764787935942,0,currents.c
1764787935944,0,currents.c
1764787935946,0,currents.c
1764787935948,0,currents.c
1764787935950,0,currents.c
1764787935952,0,currents.c
1764787935954,0,currents.c
1764787935956,0,currents.c
1764787935958,0,currents.c
1764787935961,0,currents.c
1764787935963,0,currents.c
1764787935964,0,currents.c
1764787935966,0,currents.c
1764787935968,0,currents.c
1764787935970,0,currents.c
1764787935972,0,currents.c
1764787935974,0,currents.c
1764787935976,0,currents.c
1764787935978,0,currents.c
1764787935980,0,currents.c
1764787935982,0,currents.c
1764787935984,0,currents.c
1764787935986,0,currents.a
1764787935988,0,currents.a
1764787935990,0,currents.a
1764787935992,0,currents.a
1764787935994,0,currents.a
1764787935996,0,currents.a
1764787935998,0,currents.a
1764787936000,0,currents.a
1764787936002,0,currents.a
1764787936004,0,currents.a
1764787936005,0,currents.a
1764787936008,0,currents.a
1764787936010,0,currents.a
1764787936012,0,currents.a
1764787936014,0,currents.a
1764787936016,0,currents.a
1764787936018,0,currents.a
1764787936020,0,currents.a
1764787936021,0,currents.a
1764787936023,0,currents.a
1764787936026,0,currents.a
1764787936028,0,currents.a
1764787936030,0,currents.a
1764787936032,0,currents.a
1764787936034,0,currents.a
1764787936036,0,currents.a
1764787936038,0,currents.a
1764787935986,0,currents.b
1764787935988,0,currents.b
1764787935990,0,currents.b
1764787935992,0,currents.b
1764787935994,0,currents.b
1764787935996,0,currents.b
1764787935998,0,currents.b
1764787936000,0,currents.b
1764787936002,0,currents.b
1764787936004,0,currents.b
1764787936005,0,currents.b
1764787936008,0,currents.b
1764787936010,0,currents.b
1764787936012,0,currents.b
1764787936014,0,currents.b
1764787936016,0,currents.b
1764787936018,0,currents.b
1764787936020,0,currents.b
1764787936021,0,currents.b
1764787936023,0,currents.b
1764787936026,0,currents.b
1764787936028,0,currents.b
1764787936030,0,currents.b
1764787936032,0,currents.b
1764787936034,0,currents.b
1764787936036,0,currents.b
1764787936038,0,currents.b
1764787935986,0,currents.c
1764787935988,0,currents.c
1764787935990,0,currents.c
1764787935992,0,currents.c
1764787935994,0,currents.c
1764787935996,0,currents.c
1764787935998,0,currents.c
1764787936000,0,currents.c
1764787936002,0,currents.c
1764787936004,0,currents.c
1764787936005,0,currents.c
1764787936008,0,currents.c
1764787936010,0,currents.c
1764787936012,0,currents.c
1764787936014,0,currents.c
1764787936016,0,currents.c
1764787936018,0,currents.c
1764787936020,0,currents.c
1764787936021,0,currents.c
1764787936023,0,currents.c
1764787936026,0,currents.c
1764787936028,0,currents.c
1764787936030,0,currents.c
1764787936032,0,currents.c
1764787936034,0,currents.c
1764787936036,0,currents.c
1764787936038,0,currents.c
1764787936040,0,currents.a
1764787936041,0,currents.a
1764787936044,0,currents.a
1764787936046,0,currents.a
1764787936048,0,currents.a
1764787936050,0,currents.a
1764787936052,0,currents.a
1764787936053,0,currents.a
1764787936055,0,currents.a
1764787936057,0,currents.a
1764787936059,0,currents.a
1764787936061,0,currents.a
1764787936063,0,currents.a
1764787936064,0,currents.a
1764787936067,0,currents.a
1764787936068,0,currents.a
1764787936070,0,currents.a
1764787936072,0,currents.a
1764787936074,0,currents.a
1764787936077,0,currents.a
1764787936079,0,currents.a
1764787936081,0,currents.a
1764787936083,0,currents.a
1764787936085,0,currents.a
1764787936088,0,currents.a
1764787936040,0,currents.b
1764787936041,0,currents.b
1764787936044,0,currents.b
1764787936046,0,currents.b
1764787936048,0,currents.b
1764787936050,0,currents.b
1764787936052,0,currents.b
1764787936053,0,currents.b
1764787936055,0,currents.b
1764787936057,0,currents.b
1764787936059,0,currents.b
1764787936061,0,currents.b
1764787936063,0,currents.b
1764787936064,0,currents.b
1764787936067,0,currents.b
1764787936068,0,currents.b
1764787936070,0,currents.b
1764787936072,0,currents.b
1764787936074,0,currents.b
1764787936077,0,currents.b
1764787936079,0,currents.b
1764787936081,0,currents.b
1764787936083,0,currents.b
1764787936085,0,currents.b
1764787936088,0,currents.b
1764787936040,0,currents.c
1764787936041,0,currents.c
1764787936044,0,currents.c
1764787936046,0,currents.c
1764787936048,0,currents.c
1764787936050,0,currents.c
1764787936052,0,currents.c
1764787936053,0,currents.c
1764787936055,0,currents.c
1764787936057,0,currents.c
1764787936059,0,currents.c
1764787936061,0,currents.c
1764787936063,0,currents.c
1764787936064,0,currents.c
1764787936067,0,currents.c
1764787936068,0,currents.c
1764787936070,0,currents.c
1764787936072,0,currents.c
1764787936074,0,currents.c
1764787936077,0,currents.c
1764787936079,0,currents.c
1764787936081,0,currents.c
1764787936083,0,currents.c
1764787936085,0,currents.c
1764787936088,0,currents.c
1764787936090,0,currents.a
1764787936092,0,currents.a
1764787936094,0,currents.a
1764787936096,0,currents.a
1764787936098,0,currents.a
1764787936100,0,currents.a
1764787936103,0,currents.a
1764787936105,0,currents.a
1764787936106,0,currents.a
1764787936108,0,currents.a
1764787936110,0,currents.a
1764787936112,0,currents.a
1764787936114,0,currents.a
1764787936116,0,currents.a
1764787936118,0,currents.a
1764787936120,0,currents.a
1764787936122,0,currents.a
1764787936124,0,currents.a
1764787936126,0,currents.a
1764787936129,0,currents.a
1764787936130,0,currents.a
1764787936132,0,currents.a
1764787936135,0,currents.a
1764787936137,0,currents.a
1764787936139,0,currents.a
1764787936141,0,currents.a
1764787936090,0,currents.b
1764787936092,0,currents.b
1764787936094,0,currents.b
1764787936096,0,currents.b
1764787936098,0,currents.b
1764787936100,0,currents.b
1764787936103,0,currents.b
1764787936105,0,currents.b
1764787936106,0,currents.b
1764787936108,0,currents.b
1764787936110,0,currents.b
1764787936112,0,currents.b
1764787936114,0,currents.b
1764787936116,0,currents.b
1764787936118,0,currents.b
1764787936120,0,currents.b
1764787936122,0,currents.b
1764787936124,0,currents.b
1764787936126,0,currents.b
1764787936129,0,currents.b
1764787936130,0,currents.b
1764787936132,0,currents.b
1764787936135,0,currents.b
1764787936137,0,currents.b
1764787936139,0,currents.b
1764787936141,0,currents.b
1764787936090,0,currents.c
1764787936092,0,currents.c
1764787936094,0,currents.c
1764787936096,0,currents.c
1764787936098,0,currents.c
1764787936100,0,currents.c
1764787936103,0,currents.c
1764787936105,0,currents.c
1764787936106,0,currents.c
1764787936108,0,currents.c
1764787936110,0,currents.c
1764787936112,0,currents.c
1764787936114,0,currents.c
1764787936116,0,currents.c
1764787936118,0,currents.c
1764787936120,0,currents.c
1764787936122,0,currents.c
1764787936124,0,currents.c
1764787936126,0,currents.c
1764787936129,0,currents.c
1764787936130,0,currents.c
1764787936132,0,currents.c
1764787936135,0,currents.c
1764787936137,0,currents.c
1764787936139,0,currents.c
1764787936141,0,currents.c
1764787936143,0,currents.a
1764787936145,0,currents.a
1764787936147,0,currents.a
1764787936149,0,currents.a
1764787936150,0,currents.a
1764787936152,0,currents.a
1764787936154,0,currents.a
1764787936156,0,currents.a
1764787936157,0,currents.a
1764787936160,0,currents.a
1764787936161,0,currents.a
1764787936163,0,currents.a
1764787936166,0,currents.a
1764787936168,0,currents.a
1764787936169,0,currents.a
1764787936171,0,currents.a
1764787936174,0,currents.a
1764787936176,0,currents.a
1764787936178,0,currents.a
1764787936180,0,currents.a
1764787936182,0,currents.a
1764787936184,0,currents.a
1764787936186,0,currents.a
1764787936188,0,currents.a
1764787936190,0,currents.a
1764787936143,0,currents.b
1764787936145,0,currents.b
1764787936147,0,currents.b
1764787936149,0,currents.b
1764787936150,0,currents.b
1764787936152,0,currents.b
1764787936154,0,currents.b
1764787936156,0,currents.b
1764787936157,0,currents.b
1764787936160,0,currents.b
1764787936161,0,currents.b
1764787936163,0,currents.b
1764787936166,0,currents.b
1764787936168,0,currents.b
1764787936169,0,currents.b
1764787936171,0,currents.b
1764787936174,0,currents.b
1764787936176,0,currents.b
1764787936178,0,currents.b
1764787936180,0,currents.b
1764787936182,0,currents.b
1764787936184,0,currents.b
1764787936186,0,currents.b
1764787936188,0,currents.b
1764787936190,0,currents.b
1764787936143,0,currents.c
1764787936145,0,currents.c
1764787936147,0,currents.c
1764787936149,0,currents.c
1764787936150,0,currents.c
1764787936152,0,currents.c
1764787936154,0,currents.c
1764787936156,0,currents.c
1764787936157,0,currents.c
1764787936160,0,currents.c
1764787936161,0,currents.c
1764787936163,0,currents.c
1764787936166,0,currents.c
1764787936168,0,currents.c
1764787936169,0,currents.c
1764787936171,0,currents.c
1764787936174,0,currents.c
1764787936176,0,currents.c
1764787936178,0,currents.c
1764787936180,0,currents.c
1764787936182,0,currents.c
1764787936184,0,currents.c
1764787936186,0,currents.c
1764787936188,0,currents.c
1764787936190,0,currents.c
1764787936192,0,currents.a
1764787936195,0,currents.a
1764787936197,0,currents.a
1764787936198,0,currents.a
1764787936200,0,currents.a
1764787936202,0,currents.a
1764787936203,0,currents.a
1764787936204,0,currents.a
1764787936206,0,currents.a
1764787936207,0,currents.a
1764787936209,0,currents.a
1764787936211,0,currents.a
1764787936213,0,currents.a
1764787936215,0,currents.a
1764787936217,0,currents.a
1764787936219,0,currents.a
1764787936221,0,currents.a
1764787936223,0,currents.a
1764787936225,0,currents.a
1764787936227,0,currents.a
1764787936230,0,currents.a
1764787936231,0,currents.a
1764787936233,0,currents.a
1764787936235,0,currents.a
1764787936237,0,currents.a
1764787936239,0,currents.a
1764787936241,0,currents.a
1764787936192,0,currents.b
1764787936195,0,currents.b
1764787936197,0,currents.b
1764787936198,0,currents.b
1764787936200,0,currents.b
1764787936202,0,currents.b
1764787936203,0,currents.b
1764787936204,0,currents.b
1764787936206,0,currents.b
1764787936207,0,currents.b
1764787936209,0,currents.b
1764787936211,0,currents.b
1764787936213,0,currents.b
1764787936215,0,currents.b
1764787936217,0,currents.b
1764787936219,0,currents.b
1764787936221,0,currents.b
1764787936223,0,currents.b
1764787936225,0,currents.b
1764787936227,0,currents.b
1764787936230,0,currents.b
1764787936231,0,currents.b
1764787936233,0,currents.b
1764787936235,0,currents.b
1764787936237,0,currents.b
1764787936239,0,currents.b
1764787936241,0,currents.b
1764787936192,0,currents.c
1764787936195,0,currents.c
1764787936197,0,currents.c
1764787936198,0,currents.c
1764787936200,0,currents.c
1764787936202,0,currents.c
1764787936203,0,currents.c
1764787936204,0,currents.c
1764787936206,0,currents.c
1764787936207,0,currents.c
1764787936209,0,currents.c
1764787936211,0,currents.c
1764787936213,0,currents.c
1764787936215,0,currents.c
1764787936217,0,currents.c
1764787936219,0,currents.c
1764787936221,0,currents.c
1764787936223,0,currents.c
1764787936225,0,currents.c
1764787936227,0,currents.c
1764787936230,0,currents.c
1764787936231,0,currents.c
1764787936233,0,currents.c
1764787936235,0,currents.c
1764787936237,0,currents.c
1764787936239,0,currents.c
1764787936241,0,currents.c
1764787936243,0,currents.a
1764787936245,0,currents.a
1764787936247,0,currents.a
1764787936249,0,currents.a
1764787936251,0,currents.a
1764787936252,0,currents.a
1764787936255,0,currents.a
1764787936256,0,currents.a
1764787936259,0,currents.a
1764787936262,0,currents.a
1764787936263,0,currents.a
1764787936265,0,currents.a
1764787936268,0,currents.a
1764787936270,0,currents.a
1764787936271,0,currents.a
1764787936273,0,currents.a
1764787936276,0,currents.a
1764787936278,0,currents.a
1764787936280,0,currents.a
1764787936282,0,currents.a
1764787936284,0,currents.a
1764787936286,0,currents.a
1764787936288,0,currents.a
1764787936290,0,currents.a
1764787936293,0,currents.a
1764787936294,0,currents.a
1764787936296,0,currents.a
1764787936243,0,currents.b
1764787936245,0,currents.b
1764787936247,0,currents.b
1764787936249,0,currents.b
1764787936251,0,currents.b
1764787936252,0,currents.b
1764787936255,0,currents.b
1764787936256,0,currents.b
1764787936259,0,currents.b
1764787936262,0,currents.b
1764787936263,0,currents.b
1764787936265,0,currents.b
1764787936268,0,currents.b
1764787936270,0,currents.b
1764787936271,0,currents.b
1764787936273,0,currents.b
1764787936276,0,currents.b
1764787936278,0,currents.b
1764787936280,0,currents.b
1764787936282,0,currents.b
1764787936284,0,currents.b
1764787936286,0,currents.b
1764787936288,0,currents.b
1764787936290,0,currents.b
1764787936293,0,currents.b
1764787936294,0,currents.b
1764787936296,0,currents.b
1764787936243,0,currents.c
1764787936245,0,currents.c
1764787936247,0,currents.c
1764787936249,0,currents.c
1764787936251,0,currents.c
1764787936252,0,currents.c
1764787936255,0,currents.c
1764787936256,0,currents.c
1764787936259,0,currents.c
1764787936262,0,currents.c
1764787936263,0,currents.c
1764787936265,0,currents.c
1764787936268,0,currents.c
1764787936270,0,currents.c
1764787936271,0,currents.c
1764787936273,0,currents.c
1764787936276,0,currents.c
1764787936278,0,currents.c
1764787936280,0,currents.c
1764787936282,0,currents.c
1764787936284,0,currents.c
1764787936286,0,currents.c
1764787936288,0,currents.c
1764787936290,0,currents.c
1764787936293,0,currents.c
1764787936294,0,currents.c
1764787936296,0,currents.c
1764787936298,0,currents.a
1764787936299,0,currents.a
1764787936301,0,currents.a
1764787936304,0,currents.a
1764787936305,0,currents.a
1764787936307,0,currents.a
1764787936309,0,currents.a
1764787936311,0,currents.a
1764787936313,0,currents.a
1764787936315,0,currents.a
1764787936317,0,currents.a
1764787936319,0,currents.a
1764787936321,0,currents.a
1764787936323,0,currents.a
1764787936325,0,currents.a
1764787936327,0,currents.a
1764787936329,0,currents.a
1764787936331,0,currents.a
1764787936334,0,currents.a
1764787936336,0,currents.a
1764787936338,0,currents.a
1764787936340,0,currents.a
1764787936342,0,currents.a
1764787936344,0,currents.a
1764787936346,0,currents.a
1764787936347,0,currents.a
1764787936298,0,currents.b
1764787936299,0,currents.b
1764787936301,0,currents.b
1764787936304,0,currents.b
1764787936305,0,currents.b
1764787936307,0,currents.b
1764787936309,0,currents.b
1764787936311,0,currents.b
1764787936313,0,currents.b
1764787936315,0,currents.b
1764787936317,0,currents.b
1764787936319,0,currents.b
1764787936321,0,currents.b
1764787936323,0,currents.b
1764787936325,0,currents.b
1764787936327,0,currents.b
1764787936329,0,currents.b
1764787936331,0,currents.b
1764787936334,0,currents.b
1764787936336,0,currents.b
1764787936338,0,currents.b
1764787936340,0,currents.b
1764787936342,0,currents.b
1764787936344,0,currents.b
1764787936346,0,currents.b
1764787936347,0,currents.b
1764787936298,0,currents.c
1764787936299,0,currents.c
1764787936301,0,currents.c
1764787936304,0,currents.c
1764787936305,0,currents.c
1764787936307,0,currents.c
1764787936309,0,currents.c
1764787936311,0,currents.c
1764787936313,0,currents.c
1764787936315,0,currents.c
1764787936317,0,currents.c
1764787936319,0,currents.c
1764787936321,0,currents.c
1764787936323,0,currents.c
1764787936325,0,currents.c
1764787936327,0,currents.c
1764787936329,0,currents.c
1764787936331,0,currents.c
1764787936334,0,currents.c
1764787936336,0,currents.c
1764787936338,0,currents.c
1764787936340,0,currents.c
1764787936342,0,currents.c
1764787936344,0,currents.c
1764787936346,0,currents.c
1764787936347,0,currents.c
1764787936350,0,currents.a
1764787936352,0,currents.a
1764787936353,0,currents.a
1764787936354,0,currents.a
1764787936356,0,currents.a
1764787936358,0,currents.a
1764787936360,0,currents.a
1764787936362,0,currents.a
1764787936364,0,currents.a
1764787936366,0,currents.a
1764787936368,0,currents.a
1764787936370,0,currents.a
1764787936372,0,currents.a
1764787936374,0,currents.a
1764787936376,0,currents.a
1764787936378,0,currents.a
1764787936379,0,currents.a
1764787936381,0,currents.a
1764787936383,0,currents.a
1764787936385,0,currents.a
1764787936387,0,currents.a
1764787936389,0,currents.a
1764787936391,0,currents.a
1764787936394,0,currents.a
1764787936396,0,currents.a
1764787936397,0,currents.a
1764787936350,0,currents.b
1764787936352,0,currents.b
1764787936353,0,currents.b
1764787936354,0,currents.b
1764787936356,0,currents.b
1764787936358,0,currents.b
1764787936360,0,currents.b
1764787936362,0,currents.b
1764787936364,0,currents.b
1764787936366,0,currents.b
1764787936368,0,currents.b
1764787936370,0,currents.b
1764787936372,0,currents.b
1764787936374,0,currents.b
1764787936376,0,currents.b
1764787936378,0,currents.b
1764787936379,0,currents.b
1764787936381,0,currents.b
1764787936383,0,currents.b
1764787936385,0,currents.b
1764787936387,0,currents.b
1764787936389,0,currents.b
1764787936391,0,currents.b
1764787936394,0,currents.b
1764787936396,0,currents.b
1764787936397,0,currents.b
1764787936350,0,currents.c
1764787936352,0,currents.c
1764787936353,0,currents.c
1764787936354,0,currents.c
1764787936356,0,currents.c
1764787936358,0,currents.c
1764787936360,0,currents.c
1764787936362,0,currents.c
1764787936364,0,currents.c
1764787936366,0,currents.c
1764787936368,0,currents.c
1764787936370,0,currents.c
1764787936372,0,currents.c
1764787936374,0,currents.c
1764787936376,0,currents.c
1764787936378,0,currents.c
1764787936379,0,currents.c
1764787936381,0,currents.c
1764787936383,0,currents.c
1764787936385,0,currents.c
1764787936387,0,currents.c
1764787936389,0,currents.c
1764787936391,0,currents.c
1764787936394,0,currents.c
1764787936396,0,currents.c
1764787936397,0,currents.c
1764787936399,0,currents.a
1764787936401,0,currents.a
1764787936404,0,currents.a
1764787936405,0,currents.a
1764787936407,0,currents.a
1764787936409,0,currents.a
1764787936411,0,currents.a
1764787936413,0,currents.a
1764787936414,0,currents.a
1764787936416,0,currents.a
1764787936418,0,currents.a
1764787936420,0,currents.a
1764787936422,0,currents.a
1764787936424,0,currents.a
1764787936426,0,currents.a
1764787936428,0,currents.a
1764787936430,0,currents.a
1764787936432,0,currents.a
1764787936434,0,currents.a
1764787936436,0,currents.a
1764787936438,0,currents.a
1764787936441,0,currents.a
1764787936443,0,currents.a
1764787936445,0,currents.a
1764787936447,0,currents.a
1764787936450,0,currents.a
1764787936399,0,currents.b
1764787936401,0,currents.b
1764787936404,0,currents.b
1764787936405,0,currents.b
1764787936407,0,currents.b
1764787936409,0,currents.b
1764787936411,0,currents.b
1764787936413,0,currents.b
1764787936414,0,currents.b
1764787936416,0,currents.b
1764787936418,0,currents.b
1764787936420,0,currents.b
1764787936422,0,currents.b
1764787936424,0,currents.b
1764787936426,0,currents.b
1764787936428,0,currents.b
1764787936430,0,currents.b
1764787936432,0,currents.b
1764787936434,0,currents.b
1764787936436,0,currents.b
1764787936438,0,currents.b
1764787936441,0,currents.b
1764787936443,0,currents.b
1764787936445,0,currents.b
1764787936447,0,currents.b
1764787936450,0,currents.b
1764787936399,0,currents.c
1764787936401,0,currents.c
1764787936404,0,currents.c
1764787936405,0,currents.c
1764787936407,0,currents.c
1764787936409,0,currents.c
1764787936411,0,currents.c
1764787936413,0,currents.c
1764787936414,0,currents.c
1764787936416,0,currents.c
1764787936418,0,currents.c
1764787936420,0,currents.c
1764787936422,0,currents.c
1764787936424,0,currents.c
1764787936426,0,currents.c
1764787936428,0,currents.c
1764787936430,0,currents.c
1764787936432,0,currents.c
1764787936434,0,currents.c
1764787936436,0,currents.c
1764787936438,0,currents.c
1764787936441,0,currents.c
1764787936443,0,currents.c
1764787936445,0,currents.c
1764787936447,0,currents.c
1764787936450,0,currents.c
1764787936451,0,currents.a
1764787936454,0,currents.a
1764787936456,0,currents.a
1764787936458,0,currents.a
1764787936460,0,currents.a
1764787936462,0,currents.a
1764787936464,0,currents.a
1764787936466,0,currents.a
1764787936468,0,currents.a
1764787936469,0,currents.a
1764787936472,0,currents.a
1764787936474,0,currents.a
1764787936476,0,currents.a
1764787936479,0,currents.a
1764787936481,0,currents.a
1764787936483,0,currents.a
1764787936485,0,currents.a
1764787936488,0,currents.a
1764787936489,0,currents.a
1764787936492,0,currents.a
1764787936494,0,currents.a
1764787936496,0,currents.a
1764787936498,0,currents.a
1764787936500,0,currents.a
1764787936451,0,currents.b
1764787936454,0,currents.b
1764787936456,0,currents.b
1764787936458,0,currents.b
1764787936460,0,currents.b
1764787936462,0,currents.b
1764787936464,0,currents.b
1764787936466,0,currents.b
1764787936468,0,currents.b
1764787936469,0,currents.b
1764787936472,0,currents.b
1764787936474,0,currents.b
1764787936476,0,currents.b
1764787936479,0,currents.b
1764787936481,0,currents.b
1764787936483,0,currents.b
1764787936485,0,currents.b
1764787936488,0,currents.b
1764787936489,0,currents.b
1764787936492,0,currents.b
1764787936494,0,currents.b
1764787936496,0,currents.b
1764787936498,0,currents.b
1764787936500,0,currents.b
1764787936451,0,currents.c
1764787936454,0,currents.c
1764787936456,0,currents.c
1764787936458,0,currents.c
1764787936460,0,currents.c
1764787936462,0,currents.c
1764787936464,0,currents.c
1764787936466,0,currents.c
1764787936468,0,currents.c
1764787936469,0,currents.c
1764787936472,0,currents.c
1764787936474,0,currents.c
1764787936476,0,currents.c
1764787936479,0,currents.c
1764787936481,0,currents.c
1764787936483,0,currents.c
1764787936485,0,currents.c
1764787936488,0,currents.c
1764787936489,0,currents.c
1764787936492,0,currents.c
1764787936494,0,currents.c
1764787936496,0,currents.c
1764787936498,0,currents.c
1764787936500,0,currents.c
1764787936502,0,currents.a
1764787936503,0,currents.a
1764787936505,0,currents.a
1764787936507,0,currents.a
1764787936509,0,currents.a
1764787936511,0,currents.a
1764787936512,0,currents.a
1764787936514,0,currents.a
1764787936516,0,currents.a
1764787936517,0,currents.a
1764787936520,0,currents.a
1764787936522,0,currents.a
1764787936524,0,currents.a
1764787936527,0,currents.a
1764787936529,0,currents.a
1764787936531,0,currents.a
1764787936533,0,currents.a
1764787936535,0,currents.a
1764787936537,0,currents.a
1764787936539,0,currents.a
1764787936541,0,currents.a
1764787936543,0,currents.a
1764787936546,0,currents.a
1764787936547,0,currents.a
1764787936549,0,currents.a
1764787936502,0,currents.b
1764787936503,0,currents.b
1764787936505,0,currents.b
1764787936507,0,currents.b
1764787936509,0,currents.b
1764787936511,0,currents.b
1764787936512,0,currents.b
1764787936514,0,currents.b
1764787936516,0,currents.b
1764787936517,0,currents.b
1764787936520,0,currents.b
1764787936522,0,currents.b
1764787936524,0,currents.b
1764787936527,0,currents.b
1764787936529,0,currents.b
1764787936531,0,currents.b
1764787936533,0,currents.b
1764787936535,0,currents.b
1764787936537,0,currents.b
1764787936539,0,currents.b
1764787936541,0,currents.b
1764787936543,0,currents.b
1764787936546,0,currents.b
1764787936547,0,currents.b
1764787936549,0,currents.b
1764787936502,0,currents.c
1764787936503,0,currents.c
1764787936505,0,currents.c
1764787936507,0,currents.c
1764787936509,0,currents.c
1764787936511,0,currents.c
1764787936512,0,currents.c
1764787936514,0,currents.c
1764787936516,0,currents.c
1764787936517,0,currents.c
1764787936520,0,currents.c
1764787936522,0,currents.c
1764787936524,0,currents.c
1764787936527,0,currents.c
1764787936529,0,currents.c
1764787936531,0,currents.c
1764787936533,0,currents.c
1764787936535,0,currents.c
1764787936537,0,currents.c
1764787936539,0,currents.c
1764787936541,0,currents.c
1764787936543,0,currents.c
1764787936546,0,currents.c
1764787936547,0,currents.c
1764787936549,0,currents.c
1764787936551,0,currents.a
1764787936554,0,currents.a
1764787936556,0,currents.a
1764787936558,0,currents.a
1764787936561,0,currents.a
1764787936562,0,currents.a
1764787936564,0,currents.a
1764787936566,0,currents.a
1764787936568,0,currents.a
1764787936570,0,currents.a
1764787936573,0,currents.a
1764787936575,0,currents.a
1764787936577,0,currents.a
1764787936579,0,currents.a
1764787936581,0,currents.a
1764787936583,0,currents.a
1764787936585,0,currents.a
1764787936587,0,currents.a
1764787936589,0,currents.a
1764787936592,0,currents.a
1764787936594,0,currents.a
1764787936597,0,currents.a
1764787936598,0,currents.a
1764787936600,0,currents.a
1764787936551,0,currents.b
1764787936554,0,currents.b
1764787936556,0,currents.b
1764787936558,0,currents.b
1764787936561,0,currents.b
1764787936562,0,currents.b
1764787936564,0,currents.b
1764787936566,0,currents.b
1764787936568,0,currents.b
1764787936570,0,currents.b
1764787936573,0,currents.b
1764787936575,0,currents.b
1764787936577,0,currents.b
1764787936579,0,currents.b
1764787936581,0,currents.b
1764787936583,0,currents.b
1764787936585,0,currents.b
1764787936587,0,currents.b
1764787936589,0,currents.b
1764787936592,0,currents.b
1764787936594,0,currents.b
1764787936597,0,currents.b
1764787936598,0,currents.b
1764787936600,0,currents.b
1764787936551,0,currents.c
1764787936554,0,currents.c
1764787936556,0,currents.c
1764787936558,0,currents.c
1764787936561,0,currents.c
1764787936562,0,currents.c
1764787936564,0,currents.c
1764787936566,0,currents.c
1764787936568,0,currents.c
1764787936570,0,currents.c
1764787936573,0,currents.c
1764787936575,0,currents.c
1764787936577,0,currents.c
1764787936579,0,currents.c
1764787936581,0,currents.c
1764787936583,0,currents.c
1764787936585,0,currents.c
1764787936587,0,currents.c
1764787936589,0,currents.c
1764787936592,0,currents.c
1764787936594,0,currents.c
1764787936597,0,currents.c
1764787936598,0,currents.c
1764787936600,0,currents.c
1764787936602,0,currents.a
1764787936604,0,currents.a
1764787936606,0,currents.a
1764787936607,0,currents.a
1764787936609,0,currents.a
1764787936611,0,currents.a
1764787936613,0,currents.a
1764787936615,0,currents.a
1764787936618,0,currents.a
1764787936620,0,currents.a
1764787936622,0,currents.a
1764787936623,0,currents.a
1764787936626,0,currents.a
1764787936628,0,currents.a
1764787936629,0,currents.a
1764787936631,0,currents.a
1764787936633,0,currents.a
1764787936636,0,currents.a
1764787936637,0,currents.a
1764787936639,0,currents.a
1764787936641,0,currents.a
1764787936643,0,currents.a
1764787936645,0,currents.a
1764787936647,0,currents.a
1764787936602,0,currents.b
1764787936604,0,currents.b
1764787936606,0,currents.b
1764787936607,0,currents.b
1764787936609,0,currents.b
1764787936611,0,currents.b
1764787936613,0,currents.b
1764787936615,0,currents.b
1764787936618,0,currents.b
1764787936620,0,currents.b
1764787936622,0,currents.b
1764787936623,0,currents.b
1764787936626,0,currents.b
1764787936628,0,currents.b
1764787936629,0,currents.b
1764787936631,0,currents.b
1764787936633,0,currents.b
1764787936636,0,currents.b
1764787936637,0,currents.b
1764787936639,0,currents.b
1764787936641,0,currents.b
1764787936643,0,currents.b
1764787936645,0,currents.b
1764787936647,0,currents.b
1764787936602,0,currents.c
1764787936604,0,currents.c
1764787936606,0,currents.c
1764787936607,0,currents.c
1764787936609,0,currents.c
1764787936611,0,currents.c
1764787936613,0,currents.c
1764787936615,0,currents.c
1764787936618,0,currents.c
1764787936620,0,currents.c
1764787936622,0,currents.c
1764787936623,0,currents.c
1764787936626,0,currents.c
1764787936628,0,currents.c
1764787936629,0,currents.c
1764787936631,0,currents.c
1764787936633,0,currents.c
1764787936636,0,currents.c
1764787936637,0,currents.c
1764787936639,0,currents.c
1764787936641,0,currents.c
1764787936643,0,currents.c
1764787936645,0,currents.c
1764787936647,0,currents.c
1764787936649,0,currents.a
1764787936650,0,currents.a
1764787936652,0,currents.a
1764787936654,0,currents.a
1764787936656,0,currents.a
1764787936658,0,currents.a
1764787936661,0,currents.a
1764787936663,0,currents.a
1764787936665,0,currents.a
1764787936666,0,currents.a
1764787936668,0,currents.a
1764787936670,0,currents.a
1764787936672,0,currents.a
1764787936674,0,currents.a
1764787936676,0,currents.a
1764787936679,0,currents.a
1764787936681,0,currents.a
1764787936683,0,currents.a
1764787936684,0,currents.a
1764787936686,0,currents.a
1764787936689,0,currents.a
1764787936690,0,currents.a
1764787936693,0,currents.a
1764787936695,0,currents.a
1764787936697,0,currents.a
1764787936698,0,currents.a
1764787936700,0,currents.a
1764787936649,0,currents.b
1764787936650,0,currents.b
1764787936652,0,currents.b
1764787936654,0,currents.b
1764787936656,0,currents.b
1764787936658,0,currents.b
1764787936661,0,currents.b
1764787936663,0,currents.b
1764787936665,0,currents.b
1764787936666,0,currents.b
1764787936668,0,currents.b
1764787936670,0,currents.b
1764787936672,0,currents.b
1764787936674,0,currents.b
1764787936676,0,currents.b
1764787936679,0,currents.b
1764787936681,0,currents.b
1764787936683,0,currents.b
1764787936684,0,currents.b
1764787936686,0,currents.b
1764787936689,0,currents.b
1764787936690,0,currents.b
1764787936693,0,currents.b
1764787936695,0,currents.b
1764787936697,0,currents.b
1764787936698,0,currents.b
1764787936700,0,currents.b
1764787936649,0,currents.c
1764787936650,0,currents.c
1764787936652,0,currents.c
1764787936654,0,currents.c
1764787936656,0,currents.c
1764787936658,0,currents.c
1764787936661,0,currents.c
1764787936663,0,currents.c
1764787936665,0,currents.c
1764787936666,0,currents.c
1764787936668,0,currents.c
1764787936670,0,currents.c
1764787936672,0,currents.c
1764787936674,0,currents.c
1764787936676,0,currents.c
1764787936679,0,currents.c
1764787936681,0,currents.c
1764787936683,0,currents.c
1764787936684,0,currents.c
1764787936686,0,currents.c
1764787936689,0,currents.c
1764787936690,0,currents.c
1764787936693,0,currents.c
1764787936695,0,currents.c
1764787936697,0,currents.c
1764787936698,0,currents.c
1764787936700,0,currents.c
1764787936702,0,currents.a
1764787936704,0,currents.a
1764787936706,0,currents.a
1764787936708,0,currents.a
1764787936710,0,currents.a
1764787936711,0,currents.a
1764787936712,0,currents.a
1764787936714,0,currents.a
1764787936716,0,currents.a
1764787936718,0,currents.a
1764787936720,0,currents.a
1764787936723,0,currents.a
1764787936725,0,currents.a
1764787936727,0,currents.a
1764787936729,0,currents.a
1764787936731,0,currents.a
1764787936733,0,currents.a
1764787936734,0,currents.a
1764787936736,0,currents.a
1764787936738,0,currents.a
1764787936741,0,currents.a
1764787936743,0,currents.a
1764787936745,0,currents.a
1764787936746,0,currents.a
1764787936748,0,currents.a
1764787936702,0,currents.b
1764787936704,0,currents.b
1764787936706,0,currents.b
1764787936708,0,currents.b
1764787936710,0,currents.b
1764787936711,0,currents.b
1764787936712,0,currents.b
1764787936714,0,currents.b
1764787936716,0,currents.b
1764787936718,0,currents.b
1764787936720,0,currents.b
1764787936723,0,currents.b
1764787936725,0,currents.b
1764787936727,0,currents.b
1764787936729,0,currents.b
1764787936731,0,currents.b
1764787936733,0,currents.b
1764787936734,0,currents.b
1764787936736,0,currents.b
1764787936738,0,currents.b
1764787936741,0,currents.b
1764787936743,0,currents.b
1764787936745,0,currents.b
1764787936746,0,currents.b
1764787936748,0,currents.b
1764787936702,0,currents.c
1764787936704,0,currents.c
1764787936706,0,currents.c
1764787936708,0,currents.c
1764787936710,0,currents.c
1764787936711,0,currents.c
1764787936712,0,currents.c
1764787936714,0,currents.c
1764787936716,0,currents.c
1764787936718,0,currents.c
1764787936720,0,currents.c
1764787936723,0,currents.c
1764787936725,0,currents.c
1764787936727,0,currents.c
1764787936729,0,currents.c
1764787936731,0,currents.c
1764787936733,0,currents.c
1764787936734,0,currents.c
1764787936736,0,currents.c
1764787936738,0,currents.c
1764787936741,0,currents.c
1764787936743,0,currents.c
1764787936745,0,currents.c
1764787936746,0,currents.c
1764787936748,0,currents.c
1764787936750,0,currents.a
1764787936752,0,currents.a
1764787936754,0,currents.a
1764787936756,0,currents.a
1764787936758,0,currents.a
1764787936760,0,currents.a
1764787936761,0,currents.a
1764787936763,0,currents.a
1764787936764,0,currents.a
1764787936766,0,currents.a
1764787936767,0,currents.a
1764787936769,0,currents.a
1764787936772,0,currents.a
1764787936775,0,currents.a
1764787936777,0,currents.a
1764787936779,0,currents.a
1764787936781,0,currents.a
1764787936784,0,currents.a
1764787936786,0,currents.a
1764787936788,0,currents.a
1764787936789,0,currents.a
1764787936791,0,currents.a
1764787936793,0,currents.a
1764787936795,0,currents.a
1764787936798,0,currents.a
1764787936799,0,currents.a
1764787936750,0,currents.b
1764787936752,0,currents.b
1764787936754,0,currents.b
1764787936756,0,currents.b
1764787936758,0,currents.b
1764787936760,0,currents.b
1764787936761,0,currents.b
1764787936763,0,currents.b
1764787936764,0,currents.b
1764787936766,0,currents.b
1764787936767,0,currents.b
1764787936769,0,currents.b
1764787936772,0,currents.b
1764787936775,0,currents.b
1764787936777,0,currents.b
1764787936779,0,currents.b
1764787936781,0,currents.b
1764787936784,0,currents.b
1764787936786,0,currents.b
1764787936788,0,currents.b
1764787936789,0,currents.b
1764787936791,0,currents.b
1764787936793,0,currents.b
1764787936795,0,currents.b
1764787936798,0,currents.b
1764787936799,0,currents.b
1764787936750,0,currents.c
1764787936752,0,currents.c
1764787936754,0,currents.c
1764787936756,0,currents.c
1764787936758,0,currents.c
1764787936760,0,currents.c
1764787936761,0,currents.c
1764787936763,0,currents.c
1764787936764,0,currents.c
1764787936766,0,currents.c
1764787936767,0,currents.c
1764787936769,0,currents.c
1764787936772,0,currents.c
1764787936775,0,currents.c
1764787936777,0,currents.c
1764787936779,0,currents.c
1764787936781,0,currents.c
1764787936784,0,currents.c
1764787936786,0,currents.c
1764787936788,0,currents.c
1764787936789,0,currents.c
1764787936791,0,currents.c
1764787936793,0,currents.c
1764787936795,0,currents.c
1764787936798,0,currents.c
1764787936799,0,currents.c
1764787936801,0,currents.a
1764787936803,0,currents.a
1764787936805,0,currents.a
1764787936807,0,currents.a
1764787936809,0,currents.a
1764787936811,0,currents.a
1764787936813,0,currents.a
1764787936814,0,currents.a
1764787936816,0,currents.a
1764787936818,0,currents.a
1764787936819,0,currents.a
1764787936822,0,currents.a
1764787936823,0,currents.a
1764787936825,0,currents.a
1764787936827,0,currents.a
1764787936829,0,currents.a
1764787936831,0,currents.a
1764787936833,0,currents.a
1764787936835,0,currents.a
1764787936837,0,currents.a
1764787936839,0,currents.a
1764787936841,0,currents.a
1764787936843,0,currents.a
1764787936845,0,currents.a
1764787936848,0,currents.a
1764787936849,0,currents.a
1764787936801,0,currents.b
1764787936803,0,currents.b
1764787936805,0,currents.b
1764787936807,0,currents.b
1764787936809,0,currents.b
1764787936811,0,currents.b
1764787936813,0,currents.b
1764787936814,0,currents.b
1764787936816,0,currents.b
1764787936818,0,currents.b
1764787936819,0,currents.b
1764787936822,0,currents.b
1764787936823,0,currents.b
1764787936825,0,currents.b
1764787936827,0,currents.b
1764787936829,0,currents.b
1764787936831,0,currents.b
1764787936833,0,currents.b
1764787936835,0,currents.b
1764787936837,0,currents.b
1764787936839,0,currents.b
1764787936841,0,currents.b
1764787936843,0,currents.b
1764787936845,0,currents.b
1764787936848,0,currents.b
1764787936849,0,currents.b
1764787936801,0,currents.c
1764787936803,0,currents.c
1764787936805,0,currents.c
1764787936807,0,currents.c
1764787936809,0,currents.c
1764787936811,0,currents.c
1764787936813,0,currents.c
1764787936814,0,currents.c
1764787936816,0,currents.c
1764787936818,0,currents.c
1764787936819,0,currents.c
1764787936822,0,currents.c
1764787936823,0,currents.c
1764787936825,0,currents.c
1764787936827,0,currents.c
1764787936829,0,currents.c
1764787936831,0,currents.c
1764787936833,0,currents.c
1764787936835,0,currents.c
1764787936837,0,currents.c
1764787936839,0,currents.c
1764787936841,0,currents.c
1764787936843,0,currents.c
1764787936845,0,currents.c
1764787936848,0,currents.c
1764787936849,0,currents.c
1764787936851,0,currents.a
1764787936853,0,currents.a
1764787936855,0,currents.a
1764787936857,0,currents.a
1764787936859,0,currents.a
1764787936860,0,currents.a
1764787936862,0,currents.a
1764787936864,0,currents.a
1764787936866,0,currents.a
1764787936868,0,currents.a
1764787936870,0,currents.a
1764787936872,0,currents.a
1764787936874,0,currents.a
1764787936877,0,currents.a
1764787936879,0,currents.a
1764787936881,0,currents.a
1764787936883,0,currents.a
1764787936885,0,currents.a
1764787936887,0,currents.a
1764787936888,0,currents.a
1764787936891,0,currents.a
1764787936893,0,currents.a
1764787936895,0,currents.a
1764787936896,0,currents.a
1764787936899,0,currents.a
1764787936900,0,currents.a
1764787936902,0,currents.a
1764787936851,0,currents.b
1764787936853,0,currents.b
1764787936855,0,currents.b
1764787936857,0,currents.b
1764787936859,0,currents.b
1764787936860,0,currents.b
1764787936862,0,currents.b
1764787936864,0,currents.b
1764787936866,0,currents.b
1764787936868,0,currents.b
1764787936870,0,currents.b
1764787936872,0,currents.b
1764787936874,0,currents.b
1764787936877,0,currents.b
1764787936879,0,currents.b
1764787936881,0,currents.b
1764787936883,0,currents.b
1764787936885,0,currents.b
1764787936887,0,currents.b
1764787936888,0,currents.b
1764787936891,0,currents.b
1764787936893,0,currents.b
1764787936895,0,currents.b
1764787936896,0,currents.b
1764787936899,0,currents.b
1764787936900,0,currents.b
1764787936902,0,currents.b
1764787936851,0,currents.c
1764787936853,0,currents.c
1764787936855,0,currents.c
1764787936857,0,currents.c
1764787936859,0,currents.c
1764787936860,0,currents.c
1764787936862,0,currents.c
1764787936864,0,currents.c
1764787936866,0,currents.c
1764787936868,0,currents.c
1764787936870,0,currents.c
1764787936872,0,currents.c
1764787936874,0,currents.c
1764787936877,0,currents.c
1764787936879,0,currents.c
1764787936881,0,currents.c
1764787936883,0,currents.c
1764787936885,0,currents.c
1764787936887,0,currents.c
1764787936888,0,currents.c
1764787936891,0,currents.c
1764787936893,0,currents.c
1764787936895,0,currents.c
1764787936896,0,currents.c
1764787936899,0,currents.c
1764787936900,0,currents.c
1764787936902,0,currents.c
1764787936904,0,currents.a
1764787936906,0,currents.a
1764787936908,0,currents.a
1764787936910,0,currents.a
1764787936911,0,currents.a
1764787936913,0,currents.a
1764787936915,0,currents.a
1764787936917,0,currents.a
1764787936919,0,currents.a
1764787936921,0,currents.a
1764787936923,0,currents.a
1764787936925,0,currents.a
1764787936927,0,currents.a
1764787936929,0,currents.a
1764787936931,0,currents.a
1764787936933,0,currents.a
1764787936934,0,currents.a
1764787936936,0,currents.a
1764787936938,0,currents.a
1764787936940,0,currents.a
1764787936941,0,currents.a
1764787936944,0,currents.a
1764787936946,0,currents.a
1764787936948,0,currents.a
1764787936904,0,currents.b
1764787936906,0,currents.b
1764787936908,0,currents.b
1764787936910,0,currents.b
1764787936911,0,currents.b
1764787936913,0,currents.b
1764787936915,0,currents.b
1764787936917,0,currents.b
1764787936919,0,currents.b
1764787936921,0,currents.b
1764787936923,0,currents.b
1764787936925,0,currents.b
1764787936927,0,currents.b
1764787936929,0,currents.b
1764787936931,0,currents.b
1764787936933,0,currents.b
1764787936934,0,currents.b
1764787936936,0,currents.b
1764787936938,0,currents.b
1764787936940,0,currents.b
1764787936941,0,currents.b
1764787936944,0,currents.b
1764787936946,0,currents.b
1764787936948,0,currents.b
1764787936904,0,currents.c
1764787936906,0,currents.c
1764787936908,0,currents.c
1764787936910,0,currents.c
1764787936911,0,currents.c
1764787936913,0,currents.c
1764787936915,0,currents.c
1764787936917,0,currents.c
1764787936919,0,currents.c
1764787936921,0,currents.c
1764787936923,0,currents.c
1764787936925,0,currents.c
1764787936927,0,currents.c
1764787936929,0,currents.c
1764787936931,0,currents.c
1764787936933,0,currents.c
1764787936934,0,currents.c
1764787936936,0,currents.c
1764787936938,0,currents.c
1764787936940,0,currents.c
1764787936941,0,currents.c
1764787936944,0,currents.c
1764787936946,0,currents.c
1764787936948,0,currents.c
1764787936950,0,currents.a
1764787936952,0,currents.a
1764787936954,0,currents.a
1764787936955,0,currents.a
1764787936957,0,currents.a
1764787936960,0,currents.a
1764787936961,0,currents.a
1764787936963,0,currents.a
1764787936964,0,currents.a
1764787936966,0,currents.a
1764787936967,0,currents.a
1764787936969,0,currents.a
1764787936971,0,currents.a
1764787936973,0,currents.a
1764787936975,0,currents.a
1764787936977,0,currents.a
1764787936979,0,currents.a
1764787936981,0,currents.a
1764787936983,0,currents.a
1764787936985,0,currents.a
1764787936987,0,currents.a
1764787936989,0,currents.a
1764787936991,0,currents.a
1764787936994,0,currents.a
1764787936995,0,currents.a
1764787936997,0,currents.a
1764787936999,0,currents.a
1764787937001,0,currents.a
1764787936950,0,currents.b
1764787936952,0,currents.b
1764787936954,0,currents.b
1764787936955,0,currents.b
1764787936957,0,currents.b
1764787936960,0,currents.b
1764787936961,0,currents.b
1764787936963,0,currents.b
1764787936964,0,currents.b
1764787936966,0,currents.b
1764787936967,0,currents.b
1764787936969,0,currents.b
1764787936971,0,currents.b
1764787936973,0,currents.b
1764787936975,0,currents.b
1764787936977,0,currents.b
1764787936979,0,currents.b
1764787936981,0,currents.b
1764787936983,0,currents.b
1764787936985,0,currents.b
1764787936987,0,currents.b
1764787936989,0,currents.b
1764787936991,0,currents.b
1764787936994,0,currents.b
1764787936995,0,currents.b
1764787936997,0,currents.b
1764787936999,0,currents.b
1764787937001,0,currents.b
1764787936950,0,currents.c
1764787936952,0,currents.c
1764787936954,0,currents.c
1764787936955,0,currents.c
1764787936957,0,currents.c
1764787936960,0,currents.c
1764787936961,0,currents.c
1764787936963,0,currents.c
1764787936964,0,currents.c
1764787936966,0,currents.c
1764787936967,0,currents.c
1764787936969,0,currents.c
1764787936971,0,currents.c
1764787936973,0,currents.c
1764787936975,0,currents.c
1764787936977,0,currents.c
1764787936979,0,currents.c
1764787936981,0,currents.c
1764787936983,0,currents.c
1764787936985,0,currents.c
1764787936987,0,currents.c
1764787936989,0,currents.c
1764787936991,0,currents.c
1764787936994,0,currents.c
1764787936995,0,currents.c
1764787936997,0,currents.c
1764787936999,0,currents.c
1764787937001,0,currents.c
1764787937003,0,currents.a
1764787937005,0,currents.a
1764787937006,0,currents.a
1764787937008,0,currents.a
1764787937010,0,currents.a
1764787937012,0,currents.a
1764787937013,0,currents.a
1764787937015,0,currents.a
1764787937017,0,currents.a
1764787937018,0,currents.a
1764787937020,0,currents.a
1764787937022,0,currents.a
1764787937023,0,currents.a
1764787937026,0,currents.a
1764787937028,0,currents.a
1764787937030,0,currents.a
1764787937032,0,currents.a
1764787937034,0,currents.a
1764787937036,0,currents.a
1764787937038,0,currents.a
1764787937040,0,currents.a
1764787937042,0,currents.a
1764787937044,0,currents.a
1764787937046,0,currents.a
1764787937048,0,currents.a
1764787937050,0,currents.a
1764787937052,0,currents.a
1764787937003,0,currents.b
1764787937005,0,currents.b
1764787937006,0,currents.b
1764787937008,0,currents.b
1764787937010,0,currents.b
1764787937012,0,currents.b
1764787937013,0,currents.b
1764787937015,0,currents.b
1764787937017,0,currents.b
1764787937018,0,currents.b
1764787937020,0,currents.b
1764787937022,0,currents.b
1764787937023,0,currents.b
1764787937026,0,currents.b
1764787937028,0,currents.b
1764787937030,0,currents.b
1764787937032,0,currents.b
1764787937034,0,currents.b
1764787937036,0,currents.b
1764787937038,0,currents.b
1764787937040,0,currents.b
1764787937042,0,currents.b
1764787937044,0,currents.b
1764787937046,0,currents.b
1764787937048,0,currents.b
1764787937050,0,currents.b
1764787937052,0,currents.b
1764787937003,0,currents.c
1764787937005,0,currents.c
1764787937006,0,currents.c
1764787937008,0,currents.c
1764787937010,0,currents.c
1764787937012,0,currents.c
1764787937013,0,currents.c
1764787937015,0,currents.c
1764787937017,0,currents.c
1764787937018,0,currents.c
1764787937020,0,currents.c
1764787937022,0,currents.c
1764787937023,0,currents.c
1764787937026,0,currents.c
1764787937028,0,currents.c
1764787937030,0,currents.c
1764787937032,0,currents.c
1764787937034,0,currents.c
1764787937036,0,currents.c
1764787937038,0,currents.c
1764787937040,0,currents.c
1764787937042,0,currents.c
1764787937044,0,currents.c
1764787937046,0,currents.c
1764787937048,0,currents.c
1764787937050,0,currents.c
1764787937052,0,currents.c
1764787937054,0,currents.a
1764787937056,0,currents.a
1764787937058,0,currents.a
1764787937061,0,currents.a
1764787937063,0,currents.a
1764787937064,0,currents.a
1764787937066,0,currents.a
1764787937068,0,currents.a
1764787937070,0,currents.a
1764787937072,0,currents.a
1764787937074,0,currents.a
1764787937076,0,currents.a
1764787937078,0,currents.a
1764787937080,0,currents.a
1764787937083,0,currents.a
1764787937084,0,currents.a
1764787937086,0,currents.a
1764787937088,0,currents.a
1764787937090,0,currents.a
1764787937092,0,currents.a
1764787937094,0,currents.a
1764787937096,0,currents.a
1764787937098,0,currents.a
1764787937100,0,currents.a
1764787937102,0,currents.a
1764787937054,0,currents.b
1764787937056,0,currents.b
1764787937058,0,currents.b
1764787937061,0,currents.b
1764787937063,0,currents.b
1764787937064,0,currents.b
1764787937066,0,currents.b
1764787937068,0,currents.b
1764787937070,0,currents.b
1764787937072,0,currents.b
1764787937074,0,currents.b
1764787937076,0,currents.b
1764787937078,0,currents.b
1764787937080,0,currents.b
1764787937083,0,currents.b
1764787937084,0,currents.b
1764787937086,0,currents.b
1764787937088,0,currents.b
1764787937090,0,currents.b
1764787937092,0,currents.b
1764787937094,0,currents.b
1764787937096,0,currents.b
1764787937098,0,currents.b
1764787937100,0,currents.b
1764787937102,0,currents.b
1764787937054,0,currents.c
1764787937056,0,currents.c
1764787937058,0,currents.c
1764787937061,0,currents.c
1764787937063,0,currents.c
1764787937064,0,currents.c
1764787937066,0,currents.c
1764787937068,0,currents.c
1764787937070,0,currents.c
1764787937072,0,currents.c
1764787937074,0,currents.c
1764787937076,0,currents.c
1764787937078,0,currents.c
1764787937080,0,currents.c
1764787937083,0,currents.c
1764787937084,0,currents.c
1764787937086,0,currents.c
1764787937088,0,currents.c
1764787937090,0,currents.c
1764787937092,0,currents.c
1764787937094,0,currents.c
1764787937096,0,currents.c
1764787937098,0,currents.c
1764787937100,0,currents.c
1764787937102,0,currents.c
1764787937104,0,currents.a
1764787937106,0,currents.a
1764787937107,0,currents.a
1764787937109,0,currents.a
1764787937111,0,currents.a
1764787937113,0,currents.a
1764787937115,0,currents.a
1764787937117,0,currents.a
1764787937119,0,currents.a
1764787937121,0,currents.a
1764787937123,0,currents.a
1764787937126,0,currents.a
1764787937128,0,currents.a
1764787937129,0,currents.a
1764787937132,0,currents.a
1764787937134,0,currents.a
1764787937136,0,currents.a
1764787937138,0,currents.a
1764787937140,0,currents.a
1764787937142,0,currents.a
1764787937144,0,currents.a
1764787937146,0,currents.a
1764787937148,0,currents.a
1764787937150,0,currents.a
1764787937152,0,currents.a
1764787937104,0,currents.b
1764787937106,0,currents.b
1764787937107,0,currents.b
1764787937109,0,currents.b
1764787937111,0,currents.b
1764787937113,0,currents.b
1764787937115,0,currents.b
1764787937117,0,currents.b
1764787937119,0,currents.b
1764787937121,0,currents.b
1764787937123,0,currents.b
1764787937126,0,currents.b
1764787937128,0,currents.b
1764787937129,0,currents.b
1764787937132,0,currents.b
1764787937134,0,currents.b
1764787937136,0,currents.b
1764787937138,0,currents.b
1764787937140,0,currents.b
1764787937142,0,currents.b
1764787937144,0,currents.b
1764787937146,0,currents.b
1764787937148,0,currents.b
1764787937150,0,currents.b
1764787937152,0,currents.b
1764787937104,0,currents.c
1764787937106,0,currents.c
1764787937107,0,currents.c
1764787937109,0,currents.c
1764787937111,0,currents.c
1764787937113,0,currents.c
1764787937115,0,currents.c
1764787937117,0,currents.c
1764787937119,0,currents.c
1764787937121,0,currents.c
1764787937123,0,currents.c
1764787937126,0,currents.c
1764787937128,0,currents.c
1764787937129,0,currents.c
1764787937132,0,currents.c
1764787937134,0,currents.c
1764787937136,0,currents.c
1764787937138,0,currents.c
1764787937140,0,currents.c
1764787937142,0,currents.c
1764787937144,0,currents.c
1764787937146,0,currents.c
1764787937148,0,currents.c
1764787937150,0,currents.c
1764787937152,0,currents.c
1764787937154,0,currents.a
1764787937156,0,currents.a
1764787937157,0,currents.a
1764787937159,0,currents.a
1764787937162,0,currents.a
1764787937163,0,currents.a
1764787937165,0,currents.a
1764787937167,0,currents.a
1764787937169,0,currents.a
1764787937171,0,currents.a
1764787937173,0,currents.a
1764787937175,0,currents.a
1764787937177,0,currents.a
1764787937179,0,currents.a
1764787937181,0,currents.a
1764787937183,0,currents.a
1764787937184,0,currents.a
1764787937186,0,currents.a
1764787937188,0,currents.a
1764787937190,0,currents.a
1764787937192,0,currents.a
1764787937194,0,currents.a
1764787937195,0,currents.a
1764787937197,0,currents.a
1764787937199,0,currents.a
1764787937201,0,currents.a
1764787937204,0,currents.a
1764787937206,0,currents.a
1764787937154,0,currents.b
1764787937156,0,currents.b
1764787937157,0,currents.b
1764787937159,0,currents.b
1764787937162,0,currents.b
1764787937163,0,currents.b
1764787937165,0,currents.b
1764787937167,0,currents.b
1764787937169,0,currents.b
1764787937171,0,currents.b
1764787937173,0,currents.b
1764787937175,0,currents.b
1764787937177,0,currents.b
1764787937179,0,currents.b
1764787937181,0,currents.b
1764787937183,0,currents.b
1764787937184,0,currents.b
1764787937186,0,currents.b
1764787937188,0,currents.b
1764787937190,0,currents.b
1764787937192,0,currents.b
1764787937194,0,currents.b
1764787937195,0,currents.b
1764787937197,0,currents.b
1764787937199,0,currents.b
1764787937201,0,currents.b
1764787937204,0,currents.b
1764787937206,0,currents.b
1764787937154,0,currents.c
1764787937156,0,currents.c
1764787937157,0,currents.c
1764787937159,0,currents.c
1764787937162,0,currents.c
1764787937163,0,currents.c
1764787937165,0,currents.c
1764787937167,0,currents.c
1764787937169,0,currents.c
1764787937171,0,currents.c
1764787937173,0,currents.c
1764787937175,0,currents.c
1764787937177,0,currents.c
1764787937179,0,currents.c
1764787937181,0,currents.c
1764787937183,0,currents.c
1764787937184,0,currents.c
1764787937186,0,currents.c
1764787937188,0,currents.c
1764787937190,0,currents.c
1764787937192,0,currents.c
1764787937194,0,currents.c
1764787937195,0,currents.c
1764787937197,0,currents.c
1764787937199,0,currents.c
1764787937201,0,currents.c
1764787937204,0,currents.c
1764787937206,0,currents.c
1764787937208,0,currents.a
1764787937210,0,currents.a
1764787937212,0,currents.a
1764787937213,0,currents.a
1764787937215,0,currents.a
1764787937217,0,currents.a
1764787937218,0,currents.a
1764787937220,0,currents.a
1764787937222,0,currents.a
1764787937223,0,currents.a
1764787937225,0,currents.a
1764787937227,0,currents.a
1764787937229,0,currents.a
1764787937231,0,currents.a
1764787937233,0,currents.a
1764787937235,0,currents.a
1764787937237,0,currents.a
1764787937239,0,currents.a
1764787937241,0,currents.a
1764787937243,0,currents.a
1764787937245,0,currents.a
1764787937247,0,currents.a
1764787937249,0,currents.a
1764787937251,0,currents.a
1764787937253,0,currents.a
1764787937208,0,currents.b
1764787937210,0,currents.b
1764787937212,0,currents.b
1764787937213,0,currents.b
1764787937215,0,currents.b
1764787937217,0,currents.b
1764787937218,0,currents.b
1764787937220,0,currents.b
1764787937222,0,currents.b
1764787937223,0,currents.b
1764787937225,0,currents.b
1764787937227,0,currents.b
1764787937229,0,currents.b
1764787937231,0,currents.b
1764787937233,0,currents.b
1764787937235,0,currents.b
1764787937237,0,currents.b
1764787937239,0,currents.b
1764787937241,0,currents.b
1764787937243,0,currents.b
1764787937245,0,currents.b
1764787937247,0,currents.b
1764787937249,0,currents.b
1764787937251,0,currents.b
1764787937253,0,currents.b
1764787937208,0,currents.c
1764787937210,0,currents.c
1764787937212,0,currents.c
1764787937213,0,currents.c
1764787937215,0,currents.c
1764787937217,0,currents.c
1764787937218,0,currents.c
1764787937220,0,currents.c
1764787937222,0,currents.c
1764787937223,0,currents.c
1764787937225,0,currents.c
1764787937227,0,currents.c
1764787937229,0,currents.c
1764787937231,0,currents.c
1764787937233,0,currents.c
1764787937235,0,currents.c
1764787937237,0,currents.c
1764787937239,0,currents.c
1764787937241,0,currents.c
1764787937243,0,currents.c
1764787937245,0,currents.c
1764787937247,0,currents.c
1764787937249,0,currents.c
1764787937251,0,currents.c
1764787937253,0,currents.c
1764787937255,0,currents.a
1764787937257,0,currents.a
1764787937259,0,currents.a
1764787937261,0,currents.a
1764787937263,0,currents.a
1764787937265,0,currents.a
1764787937266,0,currents.a
1764787937268,0,currents.a
1764787937270,0,currents.a
1764787937272,0,currents.a
1764787937274,0,currents.a
1764787937276,0,currents.a
1764787937278,0,currents.a
1764787937280,0,currents.a
1764787937281,0,currents.a
1764787937283,0,currents.a
1764787937284,0,currents.a
1764787937286,0,currents.a
1764787937288,0,currents.a
1764787937290,0,currents.a
1764787937292,0,currents.a
1764787937294,0,currents.a
1764787937296,0,currents.a
1764787937298,0,currents.a
1764787937300,0,currents.a
1764787937302,0,currents.a
1764787937304,0,currents.a
1764787937255,0,currents.b
1764787937257,0,currents.b
1764787937259,0,currents.b
1764787937261,0,currents.b
1764787937263,0,currents.b
1764787937265,0,currents.b
1764787937266,0,currents.b
1764787937268,0,currents.b
1764787937270,0,currents.b
1764787937272,0,currents.b
1764787937274,0,currents.b
1764787937276,0,currents.b
1764787937278,0,currents.b
1764787937280,0,currents.b
1764787937281,0,currents.b
1764787937283,0,currents.b
1764787937284,0,currents.b
1764787937286,0,currents.b
1764787937288,0,currents.b
1764787937290,0,currents.b
1764787937292,0,currents.b
1764787937294,0,currents.b
1764787937296,0,currents.b
1764787937298,0,currents.b
1764787937300,0,currents.b
1764787937302,0,currents.b
1764787937304,0,currents.b
1764787937255,0,currents.c
1764787937257,0,currents.c
1764787937259,0,currents.c
1764787937261,0,currents.c
1764787937263,0,currents.c
1764787937265,0,currents.c
1764787937266,0,currents.c
1764787937268,0,currents.c
1764787937270,0,currents.c
1764787937272,0,currents.c
1764787937274,0,currents.c
1764787937276,0,currents.c
1764787937278,0,currents.c
1764787937280,0,currents.c
1764787937281,0,currents.c
1764787937283,0,currents.c
1764787937284,0,currents.c
1764787937286,0,currents.c
1764787937288,0,currents.c
1764787937290,0,currents.c
1764787937292,0,currents.c
1764787937294,0,currents.c
1764787937296,0,currents.c
1764787937298,0,currents.c
1764787937300,0,currents.c
1764787937302,0,currents.c
1764787937304,0,currents.c
1764787937305,0,currents.a
1764787937307,0,currents.a
1764787937310,0,currents.a
1764787937312,0,currents.a
1764787937314,0,currents.a
1764787937316,0,currents.a
1764787937318,0,currents.a
1764787937319,0,currents.a
1764787937321,0,currents.a
1764787937323,0,currents.a
1764787937325,0,currents.a
1764787937327,0,currents.a
1764787937329,0,currents.a
1764787937331,0,currents.a
1764787937333,0,currents.a
1764787937335,0,currents.a
1764787937337,0,currents.a
1764787937340,0,currents.a
1764787937342,0,currents.a
1764787937344,0,currents.a
1764787937346,0,currents.a
1764787937348,0,currents.a
1764787937350,0,currents.a
1764787937351,0,currents.a
1764787937353,0,currents.a
1764787937355,0,currents.a
1764787937305,0,currents.b
1764787937307,0,currents.b
1764787937310,0,currents.b
1764787937312,0,currents.b
1764787937314,0,currents.b
1764787937316,0,currents.b
1764787937318,0,currents.b
1764787937319,0,currents.b
1764787937321,0,currents.b
1764787937323,0,currents.b
1764787937325,0,currents.b
1764787937327,0,currents.b
1764787937329,0,currents.b
1764787937331,0,currents.b
1764787937333,0,currents.b
1764787937335,0,currents.b
1764787937337,0,currents.b
1764787937340,0,currents.b
1764787937342,0,currents.b
1764787937344,0,currents.b
1764787937346,0,currents.b
1764787937348,0,currents.b
1764787937350,0,currents.b
1764787937351,0,currents.b
1764787937353,0,currents.b
1764787937355,0,currents.b
1764787937305,0,currents.c
1764787937307,0,currents.c
1764787937310,0,currents.c
1764787937312,0,currents.c
1764787937314,0,currents.c
1764787937316,0,currents.c
1764787937318,0,currents.c
1764787937319,0,currents.c
1764787937321,0,currents.c
1764787937323,0,currents.c
1764787937325,0,currents.c
1764787937327,0,currents.c
1764787937329,0,currents.c
1764787937331,0,currents.c
1764787937333,0,currents.c
1764787937335,0,currents.c
1764787937337,0,currents.c
1764787937340,0,currents.c
1764787937342,0,currents.c
1764787937344,0,currents.c
1764787937346,0,currents.c
1764787937348,0,currents.c
1764787937350,0,currents.c
1764787937351,0,currents.c
1764787937353,0,currents.c
1764787937355,0,currents.c
1764787937357,0,currents.a
1764787937359,0,currents.a
1764787937361,0,currents.a
1764787937363,0,currents.a
1764787937365,0,currents.a
1764787937366,0,currents.a
1764787937368,0,currents.a
1764787937370,0,currents.a
1764787937372,0,currents.a
1764787937375,0,currents.a
1764787937377,0,currents.a
1764787937379,0,currents.a
1764787937381,0,currents.a
1764787937383,0,currents.a
1764787937384,0,currents.a
1764787937386,0,currents.a
1764787937388,0,currents.a
1764787937390,0,currents.a
1764787937392,0,currents.a
1764787937394,0,currents.a
1764787937396,0,currents.a
1764787937398,0,currents.a
1764787937400,0,currents.a
1764787937402,0,currents.a
1764787937404,0,currents.a
1764787937405,0,currents.a
1764787937407,0,currents.a
1764787937357,0,currents.b
1764787937359,0,currents.b
1764787937361,0,currents.b
1764787937363,0,currents.b
1764787937365,0,currents.b
1764787937366,0,currents.b
1764787937368,0,currents.b
1764787937370,0,currents.b
1764787937372,0,currents.b
1764787937375,0,currents.b
1764787937377,0,currents.b
1764787937379,0,currents.b
1764787937381,0,currents.b
1764787937383,0,currents.b
1764787937384,0,currents.b
1764787937386,0,currents.b
1764787937388,0,currents.b
1764787937390,0,currents.b
1764787937392,0,currents.b
1764787937394,0,currents.b
1764787937396,0,currents.b
1764787937398,0,currents.b
1764787937400,0,currents.b
1764787937402,0,currents.b
1764787937404,0,currents.b
1764787937405,0,currents.b
1764787937407,0,currents.b
1764787937357,0,currents.c
1764787937359,0,currents.c
1764787937361,0,currents.c
1764787937363,0,currents.c
1764787937365,0,currents.c
1764787937366,0,currents.c
1764787937368,0,currents.c
1764787937370,0,currents.c
1764787937372,0,currents.c
1764787937375,0,currents.c
1764787937377,0,currents.c
1764787937379,0,currents.c
1764787937381,0,currents.c
1764787937383,0,currents.c
1764787937384,0,currents.c
1764787937386,0,currents.c
1764787937388,0,currents.c
1764787937390,0,currents.c
1764787937392,0,currents.c
1764787937394,0,currents.c
1764787937396,0,currents.c
1764787937398,0,currents.c
1764787937400,0,currents.c
1764787937402,0,currents.c
1764787937404,0,currents.c
1764787937405,0,currents.c
1764787937407,0,currents.c
1764787937409,0,currents.a
1764787937411,0,currents.a
1764787937413,0,currents.a
1764787937415,0,currents.a
1764787937417,0,currents.a
1764787937418,0,currents.a
1764787937420,0,currents.a
1764787937422,0,currents.a
1764787937424,0,currents.a
1764787937427,0,currents.a
1764787937429,0,currents.a
1764787937431,0,currents.a
1764787937433,0,currents.a
1764787937435,0,currents.a
1764787937437,0,currents.a
1764787937439,0,currents.a
1764787937441,0,currents.a
1764787937444,0,currents.a
1764787937446,0,currents.a
1764787937448,0,currents.a
1764787937449,0,currents.a
1764787937451,0,currents.a
1764787937453,0,currents.a
1764787937456,0,currents.a
1764787937459,0,currents.a
1764787937409,0,currents.b
1764787937411,0,currents.b
1764787937413,0,currents.b
1764787937415,0,currents.b
1764787937417,0,currents.b
1764787937418,0,currents.b
1764787937420,0,currents.b
1764787937422,0,currents.b
1764787937424,0,currents.b
1764787937427,0,currents.b
1764787937429,0,currents.b
1764787937431,0,currents.b
1764787937433,0,currents.b
1764787937435,0,currents.b
1764787937437,0,currents.b
1764787937439,0,currents.b
1764787937441,0,currents.b
1764787937444,0,currents.b
1764787937446,0,currents.b
1764787937448,0,currents.b
1764787937449,0,currents.b
1764787937451,0,currents.b
1764787937453,0,currents.b
1764787937456,0,currents.b
1764787937459,0,currents.b
1764787937409,0,currents.c
1764787937411,0,currents.c
1764787937413,0,currents.c
1764787937415,0,currents.c
1764787937417,0,currents.c
1764787937418,0,currents.c
1764787937420,0,currents.c
1764787937422,0,currents.c
1764787937424,0,currents.c
1764787937427,0,currents.c
1764787937429,0,currents.c
1764787937431,0,currents.c
1764787937433,0,currents.c
1764787937435,0,currents.c
1764787937437,0,currents.c
1764787937439,0,currents.c
1764787937441,0,currents.c
1764787937444,0,currents.c
1764787937446,0,currents.c
1764787937448,0,currents.c
1764787937449,0,currents.c
1764787937451,0,currents.c
1764787937453,0,currents.c
1764787937456,0,currents.c
1764787937459,0,currents.c
1764787937461,0,currents.a
1764787937463,0,currents.a
1764787937464,0,currents.a
1764787937467,0,currents.a
1764787937468,0,currents.a
1764787937470,0,currents.a
1764787937472,0,currents.a
1764787937473,0,currents.a
1764787937476,0,currents.a
1764787937478,0,currents.a
1764787937480,0,currents.a
1764787937482,0,currents.a
1764787937484,0,currents.a
1764787937486,0,currents.a
1764787937488,0,currents.a
1764787937490,0,currents.a
1764787937493,0,currents.a
1764787937495,0,currents.a
1764787937498,0,currents.a
1764787937500,0,currents.a
1764787937502,0,currents.a
1764787937504,0,currents.a
1764787937506,0,currents.a
1764787937508,0,currents.a
1764787937510,0,currents.a
1764787937461,0,currents.b
1764787937463,0,currents.b
1764787937464,0,currents.b
1764787937467,0,currents.b
1764787937468,0,currents.b
1764787937470,0,currents.b
1764787937472,0,currents.b
1764787937473,0,currents.b
1764787937476,0,currents.b
1764787937478,0,currents.b
1764787937480,0,currents.b
1764787937482,0,currents.b
1764787937484,0,currents.b
1764787937486,0,currents.b
1764787937488,0,currents.b
1764787937490,0,currents.b
1764787937493,0,currents.b
1764787937495,0,currents.b
1764787937498,0,currents.b
1764787937500,0,currents.b
1764787937502,0,currents.b
1764787937504,0,currents.b
1764787937506,0,currents.b
1764787937508,0,currents.b
1764787937510,0,currents.b
1764787937461,0,currents.c
1764787937463,0,currents.c
1764787937464,0,currents.c
1764787937467,0,currents.c
1764787937468,0,currents.c
1764787937470,0,currents.c
1764787937472,0,currents.c
1764787937473,0,currents.c
1764787937476,0,currents.c
1764787937478,0,currents.c
1764787937480,0,currents.c
1764787937482,0,currents.c
1764787937484,0,currents.c
1764787937486,0,currents.c
1764787937488,0,currents.c
1764787937490,0,currents.c
1764787937493,0,currents.c
1764787937495,0,currents.c
1764787937498,0,currents.c
1764787937500,0,currents.c
1764787937502,0,currents.c
1764787937504,0,currents.c
1764787937506,0,currents.c
1764787937508,0,currents.c
1764787937510,0,currents.c
1764787937513,0,currents.a
1764787937515,0,currents.a
1764787937517,0,currents.a
1764787937519,0,currents.a
1764787937521,0,currents.a
1764787937523,0,currents.a
1764787937525,0,currents.a
1764787937527,0,currents.a
1764787937529,0,currents.a
1764787937531,0,currents.a
1764787937534,0,currents.a
1764787937537,0,currents.a
1764787937539,0,currents.a
1764787937541,0,currents.a
1764787937544,0,currents.a
1764787937546,0,currents.a
1764787937548,0,currents.a
1764787937550,0,currents.a
1764787937552,0,currents.a
1764787937554,0,currents.a
1764787937556,0,currents.a
1764787937558,0,currents.a
1764787937561,0,currents.a
1764787937513,0,currents.b
1764787937515,0,currents.b
1764787937517,0,currents.b
1764787937519,0,currents.b
1764787937521,0,currents.b
1764787937523,0,currents.b
1764787937525,0,currents.b
1764787937527,0,currents.b
1764787937529,0,currents.b
1764787937531,0,currents.b
1764787937534,0,currents.b
1764787937537,0,currents.b
1764787937539,0,currents.b
1764787937541,0,currents.b
1764787937544,0,currents.b
1764787937546,0,currents.b
1764787937548,0,currents.b
1764787937550,0,currents.b
1764787937552,0,currents.b
1764787937554,0,currents.b
1764787937556,0,currents.b
1764787937558,0,currents.b
1764787937561,0,currents.b
1764787937513,0,currents.c
1764787937515,0,currents.c
1764787937517,0,currents.c
1764787937519,0,currents.c
1764787937521,0,currents.c
1764787937523,0,currents.c
1764787937525,0,currents.c
1764787937527,0,currents.c
1764787937529,0,currents.c
1764787937531,0,currents.c
1764787937534,0,currents.c
1764787937537,0,currents.c
1764787937539,0,currents.c
1764787937541,0,currents.c
1764787937544,0,currents.c
1764787937546,0,currents.c
1764787937548,0,currents.c
1764787937550,0,currents.c
1764787937552,0,currents.c
1764787937554,0,currents.c
1764787937556,0,currents.c
1764787937558,0,currents.c
1764787937561,0,currents.c
1764787937563,0,currents.a
1764787937565,0,currents.a
1764787937566,0,currents.a
1764787937567,0,currents.a
1764787937569,0,currents.a
1764787937571,0,currents.a
1764787937573,0,currents.a
1764787937575,0,currents.a
1764787937577,0,currents.a
1764787937579,0,currents.a
1764787937581,0,currents.a
1764787937583,0,currents.a
1764787937585,0,currents.a
1764787937587,0,currents.a
1764787937588,0,currents.a
1764787937591,0,currents.a
1764787937593,0,currents.a
1764787937595,0,currents.a
1764787937597,0,currents.a
1764787937599,0,currents.a
1764787937601,0,currents.a
1764787937603,0,currents.a
1764787937605,0,currents.a
1764787937607,0,currents.a
1764787937610,0,currents.a
1764787937563,0,currents.b
1764787937565,0,currents.b
1764787937566,0,currents.b
1764787937567,0,currents.b
1764787937569,0,currents.b
1764787937571,0,currents.b
1764787937573,0,currents.b
1764787937575,0,currents.b
1764787937577,0,currents.b
1764787937579,0,currents.b
1764787937581,0,currents.b
1764787937583,0,currents.b
1764787937585,0,currents.b
1764787937587,0,currents.b
1764787937588,0,currents.b
1764787937591,0,currents.b
1764787937593,0,currents.b
1764787937595,0,currents.b
1764787937597,0,currents.b
1764787937599,0,currents.b
1764787937601,0,currents.b
1764787937603,0,currents.b
1764787937605,0,currents.b
1764787937607,0,currents.b
1764787937610,0,currents.b
1764787937563,0,currents.c
1764787937565,0,currents.c
1764787937566,0,currents.c
1764787937567,0,currents.c
1764787937569,0,currents.c
1764787937571,0,currents.c
1764787937573,0,currents.c
1764787937575,0,currents.c
1764787937577,0,currents.c
1764787937579,0,currents.c
1764787937581,0,currents.c
1764787937583,0,currents.c
1764787937585,0,currents.c
1764787937587,0,currents.c
1764787937588,0,currents.c
1764787937591,0,currents.c
1764787937593,0,currents.c
1764787937595,0,currents.c
1764787937597,0,currents.c
1764787937599,0,currents.c
1764787937601,0,currents.c
1764787937603,0,currents.c
1764787937605,0,currents.c
1764787937607,0,currents.c
1764787937610,0,currents.c
1764787937612,0,currents.a
1764787937613,0,currents.a
1764787937615,0,currents.a
1764787937617,0,currents.a
1764787937618,0,currents.a
1764787937620,0,currents.a
1764787937621,0,currents.a
1764787937623,0,currents.a
1764787937624,0,currents.a
1764787937627,0,currents.a
1764787937628,0,currents.a
1764787937630,0,currents.a
1764787937632,0,currents.a
1764787937635,0,currents.a
1764787937637,0,currents.a
1764787937639,0,currents.a
1764787937641,0,currents.a
1764787937644,0,currents.a
1764787937645,0,currents.a
1764787937647,0,currents.a
1764787937649,0,currents.a
1764787937651,0,currents.a
1764787937653,0,currents.a
1764787937656,0,currents.a
1764787937657,0,currents.a
1764787937659,0,currents.a
1764787937662,0,currents.a
1764787937663,0,currents.a
1764787937612,0,currents.b
1764787937613,0,currents.b
1764787937615,0,currents.b
1764787937617,0,currents.b
1764787937618,0,currents.b
1764787937620,0,currents.b
1764787937621,0,currents.b
1764787937623,0,currents.b
1764787937624,0,currents.b
1764787937627,0,currents.b
1764787937628,0,currents.b
1764787937630,0,currents.b
1764787937632,0,currents.b
1764787937635,0,currents.b
1764787937637,0,currents.b
1764787937639,0,currents.b
1764787937641,0,currents.b
1764787937644,0,currents.b
1764787937645,0,currents.b
1764787937647,0,currents.b
1764787937649,0,currents.b
1764787937651,0,currents.b
1764787937653,0,currents.b
1764787937656,0,currents.b
1764787937657,0,currents.b
1764787937659,0,currents.b
1764787937662,0,currents.b
1764787937663,0,currents.b
1764787937612,0,currents.c
1764787937613,0,currents.c
1764787937615,0,currents.c
1764787937617,0,currents.c
1764787937618,0,currents.c
1764787937620,0,currents.c
1764787937621,0,currents.c
1764787937623,0,currents.c
1764787937624,0,currents.c
1764787937627,0,currents.c
1764787937628,0,currents.c
1764787937630,0,currents.c
1764787937632,0,currents.c
1764787937635,0,currents.c
1764787937637,0,currents.c
1764787937639,0,currents.c
1764787937641,0,currents.c
1764787937644,0,currents.c
1764787937645,0,currents.c
1764787937647,0,currents.c
1764787937649,0,currents.c
1764787937651,0,currents.c
1764787937653,0,currents.c
1764787937656,0,currents.c
1764787937657,0,currents.c
1764787937659,0,currents.c
1764787937662,0,currents.c
1764787937663,0,currents.c
1764787937665,0,currents.a
1764787937667,0,currents.a
1764787937669,0,currents.a
1764787937671,0,currents.a
1764787937673,0,currents.a
1764787937675,0,currents.a
1764787937677,0,currents.a
1764787937679,0,currents.a
1764787937680,0,currents.a
1764787937682,0,currents.a
1764787937684,0,currents.a
1764787937686,0,currents.a
1764787937688,0,currents.a
1764787937690,0,currents.a
1764787937692,0,currents.a
1764787937695,0,currents.a
1764787937696,0,currents.a
1764787937698,0,currents.a
1764787937700,0,currents.a
1764787937702,0,currents.a
1764787937704,0,currents.a
1764787937706,0,currents.a
1764787937708,0,currents.a
1764787937710,0,currents.a
1764787937712,0,currents.a
1764787937665,0,currents.b
1764787937667,0,currents.b
1764787937669,0,currents.b
1764787937671,0,currents.b
1764787937673,0,currents.b
1764787937675,0,currents.b
1764787937677,0,currents.b
1764787937679,0,currents.b
1764787937680,0,currents.b
1764787937682,0,currents.b
1764787937684,0,currents.b
1764787937686,0,currents.b
1764787937688,0,currents.b
1764787937690,0,currents.b
1764787937692,0,currents.b
1764787937695,0,currents.b
1764787937696,0,currents.b
1764787937698,0,currents.b
1764787937700,0,currents.b
1764787937702,0,currents.b
1764787937704,0,currents.b
1764787937706,0,currents.b
1764787937708,0,currents.b
1764787937710,0,currents.b
1764787937712,0,currents.b
1764787937665,0,currents.c
1764787937667,0,currents.c
1764787937669,0,currents.c
1764787937671,0,currents.c
1764787937673,0,currents.c
1764787937675,0,currents.c
1764787937677,0,currents.c
1764787937679,0,currents.c
1764787937680,0,currents.c
1764787937682,0,currents.c
1764787937684,0,currents.c
1764787937686,0,currents.c
1764787937688,0,currents.c
1764787937690,0,currents.c
1764787937692,0,currents.c
1764787937695,0,currents.c
1764787937696,0,currents.c
1764787937698,0,currents.c
1764787937700,0,currents.c
1764787937702,0,currents.c
1764787937704,0,currents.c
1764787937706,0,currents.c
1764787937708,0,currents.c
1764787937710,0,currents.c
1764787937712,0,currents.c
1764787937715,0,currents.a
1764787937717,0,currents.a
1764787937718,0,currents.a
1764787937720,0,currents.a
1764787937723,0,currents.a
1764787937724,0,currents.a
1764787937726,0,currents.a
1764787937727,0,currents.a
1764787937729,0,currents.a
1764787937730,0,currents.a
1764787937732,0,currents.a
1764787937735,0,currents.a
1764787937737,0,currents.a
1764787937739,0,currents.a
1764787937742,0,currents.a
1764787937744,0,currents.a
1764787937746,0,currents.a
1764787937748,0,currents.a
1764787937749,0,currents.a
1764787937751,0,currents.a
1764787937753,0,currents.a
1764787937755,0,currents.a
1764787937757,0,currents.a
1764787937759,0,currents.a
1764787937760,0,currents.a
1764787937762,0,currents.a
1764787937764,0,currents.a
1764787937715,0,currents.b
1764787937717,0,currents.b
1764787937718,0,currents.b
1764787937720,0,currents.b
1764787937723,0,currents.b
1764787937724,0,currents.b
1764787937726,0,currents.b
1764787937727,0,currents.b
1764787937729,0,currents.b
1764787937730,0,currents.b
1764787937732,0,currents.b
1764787937735,0,currents.b
1764787937737,0,currents.b
1764787937739,0,currents.b
1764787937742,0,currents.b
1764787937744,0,currents.b
1764787937746,0,currents.b
1764787937748,0,currents.b
1764787937749,0,currents.b
1764787937751,0,currents.b
1764787937753,0,currents.b
1764787937755,0,currents.b
1764787937757,0,currents.b
1764787937759,0,currents.b
1764787937760,0,currents.b
1764787937762,0,currents.b
1764787937764,0,currents.b
1764787937715,0,currents.c
1764787937717,0,currents.c
1764787937718,0,currents.c
1764787937720,0,currents.c
1764787937723,0,currents.c
1764787937724,0,currents.c
1764787937726,0,currents.c
1764787937727,0,currents.c
1764787937729,0,currents.c
1764787937730,0,currents.c
1764787937732,0,currents.c
1764787937735,0,currents.c
1764787937737,0,currents.c
1764787937739,0,currents.c
1764787937742,0,currents.c
1764787937744,0,currents.c
1764787937746,0,currents.c
1764787937748,0,currents.c
1764787937749,0,currents.c
1764787937751,0,currents.c
1764787937753,0,currents.c
1764787937755,0,currents.c
1764787937757,0,currents.c
1764787937759,0,currents.c
1764787937760,0,currents.c
1764787937762,0,currents.c
1764787937764,0,currents.c
1764787937766,0,currents.a
1764787937768,0,currents.a
1764787937770,0,currents.a
1764787937772,0,currents.a
1764787937774,0,currents.a
1764787937776,0,currents.a
1764787937778,0,currents.a
1764787937779,0,currents.a
1764787937781,0,currents.a
1764787937783,0,currents.a
1764787937785,0,currents.a
1764787937787,0,currents.a
1764787937789,0,currents.a
1764787937791,0,currents.a
1764787937793,0,currents.a
1764787937795,0,currents.a
1764787937797,0,currents.a
1764787937799,0,currents.a
1764787937800,0,currents.a
1764787937802,0,currents.a
1764787937804,0,currents.a
1764787937806,0,currents.a
1764787937808,0,currents.a
1764787937810,0,currents.a
1764787937812,0,currents.a
1764787937814,0,currents.a
1764787937766,0,currents.b
1764787937768,0,currents.b
1764787937770,0,currents.b
1764787937772,0,currents.b
1764787937774,0,currents.b
1764787937776,0,currents.b
1764787937778,0,currents.b
1764787937779,0,currents.b
1764787937781,0,currents.b
1764787937783,0,currents.b
1764787937785,0,currents.b
1764787937787,0,currents.b
1764787937789,0,currents.b
1764787937791,0,currents.b
1764787937793,0,currents.b
1764787937795,0,currents.b
1764787937797,0,currents.b
1764787937799,0,currents.b
1764787937800,0,currents.b
1764787937802,0,currents.b
1764787937804,0,currents.b
1764787937806,0,currents.b
1764787937808,0,currents.b
1764787937810,0,currents.b
1764787937812,0,currents.b
1764787937814,0,currents.b
1764787937766,0,currents.c
1764787937768,0,currents.c
1764787937770,0,currents.c
1764787937772,0,currents.c
1764787937774,0,currents.c
1764787937776,0,currents.c
1764787937778,0,currents.c
1764787937779,0,currents.c
1764787937781,0,currents.c
1764787937783,0,currents.c
1764787937785,0,currents.c
1764787937787,0,currents.c
1764787937789,0,currents.c
1764787937791,0,currents.c
1764787937793,0,currents.c
1764787937795,0,currents.c
1764787937797,0,currents.c
1764787937799,0,currents.c
1764787937800,0,currents.c
1764787937802,0,currents.c
1764787937804,0,currents.c
1764787937806,0,currents.c
1764787937808,0,currents.c
1764787937810,0,currents.c
1764787937812,0,currents.c
1764787937814,0,currents.c
1764787937816,0,currents.a
1764787937818,0,currents.a
1764787937820,0,currents.a
1764787937821,0,currents.a
1764787937824,0,currents.a
1764787937825,0,currents.a
1764787937827,0,currents.a
1764787937829,0,currents.a
1764787937831,0,currents.a
1764787937832,0,currents.a
1764787937834,0,currents.a
1764787937842,0,currents.a
1764787937844,0,currents.a
1764787937845,0,currents.a
1764787937847,0,currents.a
1764787937849,0,currents.a
1764787937852,0,currents.a
1764787937854,0,currents.a
1764787937856,0,currents.a
1764787937858,0,currents.a
1764787937861,0,currents.a
1764787937863,0,currents.a
1764787937816,0,currents.b
1764787937818,0,currents.b
1764787937820,0,currents.b
1764787937821,0,currents.b
1764787937824,0,currents.b
1764787937825,0,currents.b
1764787937827,0,currents.b
1764787937829,0,currents.b
1764787937831,0,currents.b
1764787937832,0,currents.b
1764787937834,0,currents.b
1764787937842,0,currents.b
1764787937844,0,currents.b
1764787937845,0,currents.b
1764787937847,0,currents.b
1764787937849,0,currents.b
1764787937852,0,currents.b
1764787937854,0,currents.b
1764787937856,0,currents.b
1764787937858,0,currents.b
1764787937861,0,currents.b
1764787937863,0,currents.b
1764787937816,0,currents.c
1764787937818,0,currents.c
1764787937820,0,currents.c
1764787937821,0,currents.c
1764787937824,0,currents.c
1764787937825,0,currents.c
1764787937827,0,currents.c
1764787937829,0,currents.c
1764787937831,0,currents.c
1764787937832,0,currents.c
1764787937834,0,currents.c
1764787937842,0,currents.c
1764787937844,0,currents.c
1764787937845,0,currents.c
1764787937847,0,currents.c
1764787937849,0,currents.c
1764787937852,0,currents.c
1764787937854,0,currents.c
1764787937856,0,currents.c
1764787937858,0,currents.c
1764787937861,0,currents.c
1764787937863,0,currents.c
1764787937865,0,currents.a
1764787937866,0,currents.a
1764787937868,0,currents.a
1764787937871,0,currents.a
1764787937873,0,currents.a
1764787937874,0,currents.a
1764787937876,0,currents.a
1764787937878,0,currents.a
1764787937879,0,currents.a
1764787937881,0,currents.a
1764787937883,0,currents.a
1764787937885,0,currents.a
1764787937887,0,currents.a
1764787937889,0,currents.a
1764787937891,0,currents.a
1764787937893,0,currents.a
1764787937895,0,currents.a
1764787937897,0,currents.a
1764787937899,0,currents.a
1764787937901,0,currents.a
1764787937903,0,currents.a
1764787937905,0,currents.a
1764787937907,0,currents.a
1764787937910,0,currents.a
1764787937912,0,currents.a
1764787937914,0,currents.a
1764787937916,0,currents.a
1764787937865,0,currents.b
1764787937866,0,currents.b
1764787937868,0,currents.b
1764787937871,0,currents.b
1764787937873,0,currents.b
1764787937874,0,currents.b
1764787937876,0,currents.b
1764787937878,0,currents.b
1764787937879,0,currents.b
1764787937881,0,currents.b
1764787937883,0,currents.b
1764787937885,0,currents.b
1764787937887,0,currents.b
1764787937889,0,currents.b
1764787937891,0,currents.b
1764787937893,0,currents.b
1764787937895,0,currents.b
1764787937897,0,currents.b
1764787937899,0,currents.b
1764787937901,0,currents.b
1764787937903,0,currents.b
1764787937905,0,currents.b
1764787937907,0,currents.b
1764787937910,0,currents.b
1764787937912,0,currents.b
1764787937914,0,currents.b
1764787937916,0,currents.b
1764787937865,0,currents.c
1764787937866,0,currents.c
1764787937868,0,currents.c
1764787937871,0,currents.c
1764787937873,0,currents.c
1764787937874,0,currents.c
1764787937876,0,currents.c
1764787937878,0,currents.c
1764787937879,0,currents.c
1764787937881,0,currents.c
1764787937883,0,currents.c
1764787937885,0,currents.c
1764787937887,0,currents.c
1764787937889,0,currents.c
1764787937891,0,currents.c
1764787937893,0,currents.c
1764787937895,0,currents.c
1764787937897,0,currents.c
1764787937899,0,currents.c
1764787937901,0,currents.c
1764787937903,0,currents.c
1764787937905,0,currents.c
1764787937907,0,currents.c
1764787937910,0,currents.c
1764787937912,0,currents.c
1764787937914,0,currents.c
1764787937916,0,currents.c
1764787937918,0,currents.a
1764787937919,0,currents.a
1764787937921,0,currents.a
1764787937923,0,currents.a
1764787937925,0,currents.a
1764787937926,0,currents.a
1764787937928,0,currents.a
1764787937930,0,currents.a
1764787937932,0,currents.a
1764787937934,0,currents.a
1764787937935,0,currents.a
1764787937937,0,currents.a
1764787937940,0,currents.a
1764787937942,0,currents.a
1764787937944,0,currents.a
1764787937946,0,currents.a
1764787937948,0,currents.a
1764787937950,0,currents.a
1764787937952,0,currents.a
1764787937953,0,currents.a
1764787937956,0,currents.a
1764787937958,0,currents.a
1764787937960,0,currents.a
1764787937962,0,currents.a
1764787937964,0,currents.a
1764787937918,0,currents.b
1764787937919,0,currents.b
1764787937921,0,currents.b
1764787937923,0,currents.b
1764787937925,0,currents.b
1764787937926,0,currents.b
1764787937928,0,currents.b
1764787937930,0,currents.b
1764787937932,0,currents.b
1764787937934,0,currents.b
1764787937935,0,currents.b
1764787937937,0,currents.b
1764787937940,0,currents.b
1764787937942,0,currents.b
1764787937944,0,currents.b
1764787937946,0,currents.b
1764787937948,0,currents.b
1764787937950,0,currents.b
1764787937952,0,currents.b
1764787937953,0,currents.b
1764787937956,0,currents.b
1764787937958,0,currents.b
1764787937960,0,currents.b
1764787937962,0,currents.b
1764787937964,0,currents.b
1764787937918,0,currents.c
1764787937919,0,currents.c
1764787937921,0,currents.c
1764787937923,0,currents.c
1764787937925,0,currents.c
1764787937926,0,currents.c
1764787937928,0,currents.c
1764787937930,0,currents.c
1764787937932,0,currents.c
1764787937934,0,currents.c
1764787937935,0,currents.c
1764787937937,0,currents.c
1764787937940,0,currents.c
1764787937942,0,currents.c
1764787937944,0,currents.c
1764787937946,0,currents.c
1764787937948,0,currents.c
1764787937950,0,currents.c
1764787937952,0,currents.c
1764787937953,0,currents.c
1764787937956,0,currents.c
1764787937958,0,currents.c
1764787937960,0,currents.c
1764787937962,0,currents.c
1764787937964,0,currents.c
1764787937967,0,currents.a
1764787937968,0,currents.a
1764787937971,0,currents.a
1764787937973,0,currents.a
1764787937975,0,currents.a
1764787937977,0,currents.a
1764787937979,0,currents.a
1764787937980,0,currents.a
1764787937982,0,currents.a
1764787937984,0,currents.a
1764787937986,0,currents.a
1764787937988,0,currents.a
1764787937990,0,currents.a
1764787937992,0,currents.a
1764787937994,0,currents.a
1764787937996,0,currents.a
1764787937998,0,currents.a
1764787938000,0,currents.a
1764787938002,0,currents.a
1764787938004,0,currents.a
1764787938005,0,currents.a
1764787938008,0,currents.a
1764787938010,0,currents.a
1764787938012,0,currents.a
1764787938014,0,currents.a
1764787938016,0,currents.a
1764787937967,0,currents.b
1764787937968,0,currents.b
1764787937971,0,currents.b
1764787937973,0,currents.b
1764787937975,0,currents.b
1764787937977,0,currents.b
1764787937979,0,currents.b
1764787937980,0,currents.b
1764787937982,0,currents.b
1764787937984,0,currents.b
1764787937986,0,currents.b
1764787937988,0,currents.b
1764787937990,0,currents.b
1764787937992,0,currents.b
1764787937994,0,currents.b
1764787937996,0,currents.b
1764787937998,0,currents.b
1764787938000,0,currents.b
1764787938002,0,currents.b
1764787938004,0,currents.b
1764787938005,0,currents.b
1764787938008,0,currents.b
1764787938010,0,currents.b
1764787938012,0,currents.b
1764787938014,0,currents.b
1764787938016,0,currents.b
1764787937967,0,currents.c
1764787937968,0,currents.c
1764787937971,0,currents.c
1764787937973,0,currents.c
1764787937975,0,currents.c
1764787937977,0,currents.c
1764787937979,0,currents.c
1764787937980,0,currents.c
1764787937982,0,currents.c
1764787937984,0,currents.c
1764787937986,0,currents.c
1764787937988,0,currents.c
1764787937990,0,currents.c
1764787937992,0,currents.c
1764787937994,0,currents.c
1764787937996,0,currents.c
1764787937998,0,currents.c
1764787938000,0,currents.c
1764787938002,0,currents.c
1764787938004,0,currents.c
1764787938005,0,currents.c
1764787938008,0,currents.c
1764787938010,0,currents.c
1764787938012,0,currents.c
1764787938014,0,currents.c
1764787938016,0,currents.c
1764787938018,0,currents.a
1764787938020,0,currents.a
1764787938021,0,currents.a
1764787938023,0,currents.a
1764787938025,0,currents.a
1764787938027,0,currents.a
1764787938029,0,currents.a
1764787938030,0,currents.a
1764787938032,0,currents.a
1764787938034,0,currents.a
1764787938036,0,currents.a
1764787938038,0,currents.a
1764787938040,0,currents.a
1764787938042,0,currents.a
1764787938044,0,currents.a
1764787938046,0,currents.a
1764787938048,0,currents.a
1764787938050,0,currents.a
1764787938053,0,currents.a
1764787938055,0,currents.a
1764787938057,0,currents.a
1764787938059,0,currents.a
1764787938061,0,currents.a
1764787938063,0,currents.a
1764787938065,0,currents.a
1764787938018,0,currents.b
1764787938020,0,currents.b
1764787938021,0,currents.b
1764787938023,0,currents.b
1764787938025,0,currents.b
1764787938027,0,currents.b
1764787938029,0,currents.b
1764787938030,0,currents.b
1764787938032,0,currents.b
1764787938034,0,currents.b
1764787938036,0,currents.b
1764787938038,0,currents.b
1764787938040,0,currents.b
1764787938042,0,currents.b
1764787938044,0,currents.b
1764787938046,0,currents.b
1764787938048,0,currents.b
1764787938050,0,currents.b
1764787938053,0,currents.b
1764787938055,0,currents.b
1764787938057,0,currents.b
1764787938059,0,currents.b
1764787938061,0,currents.b
1764787938063,0,currents.b
1764787938065,0,currents.b
1764787938018,0,currents.c
1764787938020,0,currents.c
1764787938021,0,currents.c
1764787938023,0,currents.c
1764787938025,0,currents.c
1764787938027,0,currents.c
1764787938029,0,currents.c
1764787938030,0,currents.c
1764787938032,0,currents.c
1764787938034,0,currents.c
1764787938036,0,currents.c
1764787938038,0,currents.c
1764787938040,0,currents.c
1764787938042,0,currents.c
1764787938044,0,currents.c
1764787938046,0,currents.c
1764787938048,0,currents.c
1764787938050,0,currents.c
1764787938053,0,currents.c
1764787938055,0,currents.c
1764787938057,0,currents.c
1764787938059,0,currents.c
1764787938061,0,currents.c
1764787938063,0,currents.c
1764787938065,0,currents.c
1764787938067,0,currents.a
1764787938068,0,currents.a
1764787938071,0,currents.a
1764787938073,0,currents.a
1764787938075,0,currents.a
1764787938077,0,currents.a
1764787938079,0,currents.a
1764787938080,0,currents.a
1764787938081,0,currents.a
1764787938083,0,currents.a
1764787938084,0,currents.a
1764787938086,0,currents.a
1764787938088,0,currents.a
1764787938090,0,currents.a
1764787938092,0,currents.a
1764787938094,0,currents.a
1764787938096,0,currents.a
1764787938097,0,currents.a
1764787938099,0,currents.a
1764787938101,0,currents.a
1764787938103,0,currents.a
1764787938105,0,currents.a
1764787938107,0,currents.a
1764787938110,0,currents.a
1764787938113,0,currents.a
1764787938115,0,currents.a
1764787938117,0,currents.a
1764787938119,0,currents.a
1764787938067,0,currents.b
1764787938068,0,currents.b
1764787938071,0,currents.b
1764787938073,0,currents.b
1764787938075,0,currents.b
1764787938077,0,currents.b
1764787938079,0,currents.b
1764787938080,0,currents.b
1764787938081,0,currents.b
1764787938083,0,currents.b
1764787938084,0,currents.b
1764787938086,0,currents.b
1764787938088,0,currents.b
1764787938090,0,currents.b
1764787938092,0,currents.b
1764787938094,0,currents.b
1764787938096,0,currents.b
1764787938097,0,currents.b
1764787938099,0,currents.b
1764787938101,0,currents.b
1764787938103,0,currents.b
1764787938105,0,currents.b
1764787938107,0,currents.b
1764787938110,0,currents.b
1764787938113,0,currents.b
1764787938115,0,currents.b
1764787938117,0,currents.b
1764787938119,0,currents.b
1764787938067,0,currents.c
1764787938068,0,currents.c
1764787938071,0,currents.c
1764787938073,0,currents.c
1764787938075,0,currents.c
1764787938077,0,currents.c
1764787938079,0,currents.c
1764787938080,0,currents.c
1764787938081,0,currents.c
1764787938083,0,currents.c
1764787938084,0,currents.c
1764787938086,0,currents.c
1764787938088,0,currents.c
1764787938090,0,currents.c
1764787938092,0,currents.c
1764787938094,0,currents.c
1764787938096,0,currents.c
1764787938097,0,currents.c
1764787938099,0,currents.c
1764787938101,0,currents.c
1764787938103,0,currents.c
1764787938105,0,currents.c
1764787938107,0,currents.c
1764787938110,0,currents.c
1764787938113,0,currents.c
1764787938115,0,currents.c
1764787938117,0,currents.c
1764787938119,0,currents.c
1764787938121,0,currents.a
1764787938123,0,currents.a
1764787938125,0,currents.a
1764787938127,0,currents.a
1764787938129,0,currents.a
1764787938130,0,currents.a
1764787938132,0,currents.a
1764787938133,0,currents.a
1764787938135,0,currents.a
1764787938136,0,currents.a
1764787938139,0,currents.a
1764787938142,0,currents.a
1764787938144,0,currents.a
1764787938146,0,currents.a
1764787938148,0,currents.a
1764787938150,0,currents.a
1764787938151,0,currents.a
1764787938154,0,currents.a
1764787938155,0,currents.a
1764787938158,0,currents.a
1764787938160,0,currents.a
1764787938163,0,currents.a
1764787938165,0,currents.a
1764787938121,0,currents.b
1764787938123,0,currents.b
1764787938125,0,currents.b
1764787938127,0,currents.b
1764787938129,0,currents.b
1764787938130,0,currents.b
1764787938132,0,currents.b
1764787938133,0,currents.b
1764787938135,0,currents.b
1764787938136,0,currents.b
1764787938139,0,currents.b
1764787938142,0,currents.b
1764787938144,0,currents.b
1764787938146,0,currents.b
1764787938148,0,currents.b
1764787938150,0,currents.b
1764787938151,0,currents.b
1764787938154,0,currents.b
1764787938155,0,currents.b
1764787938158,0,currents.b
1764787938160,0,currents.b
1764787938163,0,currents.b
1764787938165,0,currents.b
1764787938121,0,currents.c
1764787938123,0,currents.c
1764787938125,0,currents.c
1764787938127,0,currents.c
1764787938129,0,currents.c
1764787938130,0,currents.c
1764787938132,0,currents.c
1764787938133,0,currents.c
1764787938135,0,currents.c
1764787938136,0,currents.c
1764787938139,0,currents.c
1764787938142,0,currents.c
1764787938144,0,currents.c
1764787938146,0,currents.c
1764787938148,0,currents.c
1764787938150,0,currents.c
1764787938151,0,currents.c
1764787938154,0,currents.c
1764787938155,0,currents.c
1764787938158,0,currents.c
1764787938160,0,currents.c
1764787938163,0,currents.c
1764787938165,0,currents.c
1764787938167,0,currents.a
1764787938169,0,currents.a
1764787938171,0,currents.a
1764787938173,0,currents.a
1764787938175,0,currents.a
1764787938177,0,currents.a
1764787938179,0,currents.a
1764787938180,0,currents.a
1764787938181,0,currents.a
1764787938182,0,currents.a
1764787938183,0,currents.a
1764787938184,0,currents.a
1764787938186,0,currents.a
1764787938188,0,currents.a
1764787938190,0,currents.a
1764787938192,0,currents.a
1764787938195,0,currents.a
1764787938197,0,currents.a
1764787938199,0,currents.a
1764787938200,0,currents.a
1764787938202,0,currents.a
1764787938204,0,currents.a
1764787938206,0,currents.a
1764787938208,0,currents.a
1764787938210,0,currents.a
1764787938212,0,currents.a
1764787938214,0,currents.a
1764787938216,0,currents.a
1764787938167,0,currents.b
1764787938169,0,currents.b
1764787938171,0,currents.b
1764787938173,0,currents.b
1764787938175,0,currents.b
1764787938177,0,currents.b
1764787938179,0,currents.b
1764787938180,0,currents.b
1764787938181,0,currents.b
1764787938182,0,currents.b
1764787938183,0,currents.b
1764787938184,0,currents.b
1764787938186,0,currents.b
1764787938188,0,currents.b
1764787938190,0,currents.b
1764787938192,0,currents.b
1764787938195,0,currents.b
1764787938197,0,currents.b
1764787938199,0,currents.b
1764787938200,0,currents.b
1764787938202,0,currents.b
1764787938204,0,currents.b
1764787938206,0,currents.b
1764787938208,0,currents.b
1764787938210,0,currents.b
1764787938212,0,currents.b
1764787938214,0,currents.b
1764787938216,0,currents.b
1764787938167,0,currents.c
1764787938169,0,currents.c
1764787938171,0,currents.c
1764787938173,0,currents.c
1764787938175,0,currents.c
1764787938177,0,currents.c
1764787938179,0,currents.c
1764787938180,0,currents.c
1764787938181,0,currents.c
1764787938182,0,currents.c
1764787938183,0,currents.c
1764787938184,0,currents.c
1764787938186,0,currents.c
1764787938188,0,currents.c
1764787938190,0,currents.c
1764787938192,0,currents.c
1764787938195,0,currents.c
1764787938197,0,currents.c
1764787938199,0,currents.c
1764787938200,0,currents.c
1764787938202,0,currents.c
1764787938204,0,currents.c
1764787938206,0,currents.c
1764787938208,0,currents.c
1764787938210,0,currents.c
1764787938212,0,currents.c
1764787938214,0,currents.c
1764787938216,0,currents.c
1764787938218,0,currents.a
1764787938220,0,currents.a
1764787938222,0,currents.a
1764787938223,0,currents.a
1764787938225,0,currents.a
1764787938227,0,currents.a
1764787938229,0,currents.a
1764787938230,0,currents.a
1764787938232,0,currents.a
1764787938233,0,currents.a
1764787938235,0,currents.a
1764787938238,0,currents.a
1764787938240,0,currents.a
1764787938242,0,currents.a
1764787938244,0,currents.a
1764787938246,0,currents.a
1764787938248,0,currents.a
1764787938250,0,currents.a
1764787938252,0,currents.a
1764787938254,0,currents.a
1764787938256,0,currents.a
1764787938258,0,currents.a
1764787938260,0,currents.a
1764787938262,0,currents.a
1764787938264,0,currents.a
1764787938265,0,currents.a
1764787938267,0,currents.a
1764787938269,0,currents.a
1764787938218,0,currents.b
1764787938220,0,currents.b
1764787938222,0,currents.b
1764787938223,0,currents.b
1764787938225,0,currents.b
1764787938227,0,currents.b
1764787938229,0,currents.b
1764787938230,0,currents.b
1764787938232,0,currents.b
1764787938233,0,currents.b
1764787938235,0,currents.b
1764787938238,0,currents.b
1764787938240,0,currents.b
1764787938242,0,currents.b
1764787938244,0,currents.b
1764787938246,0,currents.b
1764787938248,0,currents.b
1764787938250,0,currents.b
1764787938252,0,currents.b
1764787938254,0,currents.b
1764787938256,0,currents.b
1764787938258,0,currents.b
1764787938260,0,currents.b
1764787938262,0,currents.b
1764787938264,0,currents.b
1764787938265,0,currents.b
1764787938267,0,currents.b
1764787938269,0,currents.b
1764787938218,0,currents.c
1764787938220,0,currents.c
1764787938222,0,currents.c
1764787938223,0,currents.c
1764787938225,0,currents.c
1764787938227,0,currents.c
1764787938229,0,currents.c
1764787938230,0,currents.c
1764787938232,0,currents.c
1764787938233,0,currents.c
1764787938235,0,currents.c
1764787938238,0,currents.c
1764787938240,0,currents.c
1764787938242,0,currents.c
1764787938244,0,currents.c
1764787938246,0,currents.c
1764787938248,0,currents.c
1764787938250,0,currents.c
1764787938252,0,currents.c
1764787938254,0,currents.c
1764787938256,0,currents.c
1764787938258,0,currents.c
1764787938260,0,currents.c
1764787938262,0,currents.c
1764787938264,0,currents.c
1764787938265,0,currents.c
1764787938267,0,currents.c
1764787938269,0,currents.c
1764787938271,0,currents.a
1764787938273,0,currents.a
1764787938276,0,currents.a
1764787938278,0,currents.a
1764787938280,0,currents.a
1764787938281,0,currents.a
1764787938283,0,currents.a
1764787938285,0,currents.a
1764787938286,0,currents.a
1764787938288,0,currents.a
1764787938291,0,currents.a
1764787938293,0,currents.a
1764787938295,0,currents.a
1764787938297,0,currents.a
1764787938299,0,currents.a
1764787938301,0,currents.a
1764787938303,0,currents.a
1764787938305,0,currents.a
1764787938306,0,currents.a
1764787938309,0,currents.a
1764787938311,0,currents.a
1764787938313,0,currents.a
1764787938315,0,currents.a
1764787938316,0,currents.a
1764787938271,0,currents.b
1764787938273,0,currents.b
1764787938276,0,currents.b
1764787938278,0,currents.b
1764787938280,0,currents.b
1764787938281,0,currents.b
1764787938283,0,currents.b
1764787938285,0,currents.b
1764787938286,0,currents.b
1764787938288,0,currents.b
1764787938291,0,currents.b
1764787938293,0,currents.b
1764787938295,0,currents.b
1764787938297,0,currents.b
1764787938299,0,currents.b
1764787938301,0,currents.b
1764787938303,0,currents.b
1764787938305,0,currents.b
1764787938306,0,currents.b
1764787938309,0,currents.b
1764787938311,0,currents.b
1764787938313,0,currents.b
1764787938315,0,currents.b
1764787938316,0,currents.b
1764787938271,0,currents.c
1764787938273,0,currents.c
1764787938276,0,currents.c
1764787938278,0,currents.c
1764787938280,0,currents.c
1764787938281,0,currents.c
1764787938283,0,currents.c
1764787938285,0,currents.c
1764787938286,0,currents.c
1764787938288,0,currents.c
1764787938291,0,currents.c
1764787938293,0,currents.c
1764787938295,0,currents.c
1764787938297,0,currents.c
1764787938299,0,currents.c
1764787938301,0,currents.c
1764787938303,0,currents.c
1764787938305,0,currents.c
1764787938306,0,currents.c
1764787938309,0,currents.c
1764787938311,0,currents.c
1764787938313,0,currents.c
1764787938315,0,currents.c
1764787938316,0,currents.c
1764787938318,0,currents.a
1764787938321,0,currents.a
1764787938323,0,currents.a
1764787938325,0,currents.a
1764787938326,0,currents.a
1764787938328,0,currents.a
1764787938329,0,currents.a
1764787938330,0,currents.a
1764787938332,0,currents.a
1764787938333,0,currents.a
1764787938334,0,currents.a
1764787938336,0,currents.a
1764787938338,0,currents.a
1764787938340,0,currents.a
1764787938343,0,currents.a
1764787938345,0,currents.a
1764787938347,0,currents.a
1764787938349,0,currents.a
1764787938351,0,currents.a
1764787938353,0,currents.a
1764787938355,0,currents.a
1764787938357,0,currents.a
1764787938359,0,currents.a
1764787938361,0,currents.a
1764787938363,0,currents.a
1764787938365,0,currents.a
1764787938367,0,currents.a
1764787938369,0,currents.a
1764787938318,0,currents.b
1764787938321,0,currents.b
1764787938323,0,currents.b
1764787938325,0,currents.b
1764787938326,0,currents.b
1764787938328,0,currents.b
1764787938329,0,currents.b
1764787938330,0,currents.b
1764787938332,0,currents.b
1764787938333,0,currents.b
1764787938334,0,currents.b
1764787938336,0,currents.b
1764787938338,0,currents.b
1764787938340,0,currents.b
1764787938343,0,currents.b
1764787938345,0,currents.b
1764787938347,0,currents.b
1764787938349,0,currents.b
1764787938351,0,currents.b
1764787938353,0,currents.b
1764787938355,0,currents.b
1764787938357,0,currents.b
1764787938359,0,currents.b
1764787938361,0,currents.b
1764787938363,0,currents.b
1764787938365,0,currents.b
1764787938367,0,currents.b
1764787938369,0,currents.b
1764787938318,0,currents.c
1764787938321,0,currents.c
1764787938323,0,currents.c
1764787938325,0,currents.c
1764787938326,0,currents.c
1764787938328,0,currents.c
1764787938329,0,currents.c
1764787938330,0,currents.c
1764787938332,0,currents.c
1764787938333,0,currents.c
1764787938334,0,currents.c
1764787938336,0,currents.c
1764787938338,0,currents.c
1764787938340,0,currents.c
1764787938343,0,currents.c
1764787938345,0,currents.c
1764787938347,0,currents.c
1764787938349,0,currents.c
1764787938351,0,currents.c
1764787938353,0,currents.c
1764787938355,0,currents.c
1764787938357,0,currents.c
1764787938359,0,currents.c
1764787938361,0,currents.c
1764787938363,0,currents.c
1764787938365,0,currents.c
1764787938367,0,currents.c
1764787938369,0,currents.c
1764787938371,0,currents.a
1764787938373,0,currents.a
1764787938375,0,currents.a
1764787938377,0,currents.a
1764787938379,0,currents.a
1764787938381,0,currents.a
1764787938382,0,currents.a
1764787938384,0,currents.a
1764787938386,0,currents.a
1764787938388,0,currents.a
1764787938390,0,currents.a
1764787938393,0,currents.a
1764787938395,0,currents.a
1764787938396,0,currents.a
1764787938398,0,currents.a
1764787938401,0,currents.a
1764787938403,0,currents.a
1764787938405,0,currents.a
1764787938407,0,currents.a
1764787938409,0,currents.a
1764787938411,0,currents.a
1764787938413,0,currents.a
1764787938415,0,currents.a
1764787938417,0,currents.a
1764787938419,0,currents.a
1764787938371,0,currents.b
1764787938373,0,currents.b
1764787938375,0,currents.b
1764787938377,0,currents.b
1764787938379,0,currents.b
1764787938381,0,currents.b
1764787938382,0,currents.b
1764787938384,0,currents.b
1764787938386,0,currents.b
1764787938388,0,currents.b
1764787938390,0,currents.b
1764787938393,0,currents.b
1764787938395,0,currents.b
1764787938396,0,currents.b
1764787938398,0,currents.b
1764787938401,0,currents.b
1764787938403,0,currents.b
1764787938405,0,currents.b
1764787938407,0,currents.b
1764787938409,0,currents.b
1764787938411,0,currents.b
1764787938413,0,currents.b
1764787938415,0,currents.b
1764787938417,0,currents.b
1764787938419,0,currents.b
1764787938371,0,currents.c
1764787938373,0,currents.c
1764787938375,0,currents.c
1764787938377,0,currents.c
1764787938379,0,currents.c
1764787938381,0,currents.c
1764787938382,0,currents.c
1764787938384,0,currents.c
1764787938386,0,currents.c
1764787938388,0,currents.c
1764787938390,0,currents.c
1764787938393,0,currents.c
1764787938395,0,currents.c
1764787938396,0,currents.c
1764787938398,0,currents.c
1764787938401,0,currents.c
1764787938403,0,currents.c
1764787938405,0,currents.c
1764787938407,0,currents.c
1764787938409,0,currents.c
1764787938411,0,currents.c
1764787938413,0,currents.c
1764787938415,0,currents.c
1764787938417,0,currents.c
1764787938419,0,currents.c
1764787938421,0,currents.a
1764787938423,0,currents.a
1764787938425,0,currents.a
1764787938428,0,currents.a
1764787938429,0,currents.a
1764787938431,0,currents.a
1764787938433,0,currents.a
1764787938435,0,currents.a
1764787938436,0,currents.a
1764787938437,0,currents.a
1764787938439,0,currents.a
1764787938441,0,currents.a
1764787938444,0,currents.a
1764787938446,0,currents.a
1764787938448,0,currents.a
1764787938450,0,currents.a
1764787938452,0,currents.a
1764787938454,0,currents.a
1764787938456,0,currents.a
1764787938459,0,currents.a
1764787938461,0,currents.a
1764787938463,0,currents.a
1764787938465,0,currents.a
1764787938466,0,currents.a
1764787938467,0,currents.a
1764787938470,0,currents.a
1764787938421,0,currents.b
1764787938423,0,currents.b
1764787938425,0,currents.b
1764787938428,0,currents.b
1764787938429,0,currents.b
1764787938431,0,currents.b
1764787938433,0,currents.b
1764787938435,0,currents.b
1764787938436,0,currents.b
1764787938437,0,currents.b
1764787938439,0,currents.b
1764787938441,0,currents.b
1764787938444,0,currents.b
1764787938446,0,currents.b
1764787938448,0,currents.b
1764787938450,0,currents.b
1764787938452,0,currents.b
1764787938454,0,currents.b
1764787938456,0,currents.b
1764787938459,0,currents.b
1764787938461,0,currents.b
1764787938463,0,currents.b
1764787938465,0,currents.b
1764787938466,0,currents.b
1764787938467,0,currents.b
1764787938470,0,currents.b
1764787938421,0,currents.c
1764787938423,0,currents.c
1764787938425,0,currents.c
1764787938428,0,currents.c
1764787938429,0,currents.c
1764787938431,0,currents.c
1764787938433,0,currents.c
1764787938435,0,currents.c
1764787938436,0,currents.c
1764787938437,0,currents.c
1764787938439,0,currents.c
1764787938441,0,currents.c
1764787938444,0,currents.c
1764787938446,0,currents.c
1764787938448,0,currents.c
1764787938450,0,currents.c
1764787938452,0,currents.c
1764787938454,0,currents.c
1764787938456,0,currents.c
1764787938459,0,currents.c
1764787938461,0,currents.c
1764787938463,0,currents.c
1764787938465,0,currents.c
1764787938466,0,currents.c
1764787938467,0,currents.c
1764787938470,0,currents.c
1764787938472,0,currents.a
1764787938473,0,currents.a
1764787938476,0,currents.a
1764787938478,0,currents.a
1764787938480,0,currents.a
1764787938482,0,currents.a
1764787938484,0,currents.a
1764787938485,0,currents.a
1764787938487,0,currents.a
1764787938488,0,currents.a
1764787938491,0,currents.a
1764787938493,0,currents.a
1764787938495,0,currents.a
1764787938497,0,currents.a
1764787938499,0,currents.a
1764787938501,0,currents.a
1764787938504,0,currents.a
1764787938505,0,currents.a
1764787938507,0,currents.a
1764787938509,0,currents.a
1764787938511,0,currents.a
1764787938513,0,currents.a
1764787938515,0,currents.a
1764787938517,0,currents.a
1764787938519,0,currents.a
1764787938521,0,currents.a
1764787938472,0,currents.b
1764787938473,0,currents.b
1764787938476,0,currents.b
1764787938478,0,currents.b
1764787938480,0,currents.b
1764787938482,0,currents.b
1764787938484,0,currents.b
1764787938485,0,currents.b
1764787938487,0,currents.b
1764787938488,0,currents.b
1764787938491,0,currents.b
1764787938493,0,currents.b
1764787938495,0,currents.b
1764787938497,0,currents.b
1764787938499,0,currents.b
1764787938501,0,currents.b
1764787938504,0,currents.b
1764787938505,0,currents.b
1764787938507,0,currents.b
1764787938509,0,currents.b
1764787938511,0,currents.b
1764787938513,0,currents.b
1764787938515,0,currents.b
1764787938517,0,currents.b
1764787938519,0,currents.b
1764787938521,0,currents.b
1764787938472,0,currents.c
1764787938473,0,currents.c
1764787938476,0,currents.c
1764787938478,0,currents.c
1764787938480,0,currents.c
1764787938482,0,currents.c
1764787938484,0,currents.c
1764787938485,0,currents.c
1764787938487,0,currents.c
1764787938488,0,currents.c
1764787938491,0,currents.c
1764787938493,0,currents.c
1764787938495,0,currents.c
1764787938497,0,currents.c
1764787938499,0,currents.c
1764787938501,0,currents.c
1764787938504,0,currents.c
1764787938505,0,currents.c
1764787938507,0,currents.c
1764787938509,0,currents.c
1764787938511,0,currents.c
1764787938513,0,currents.c
1764787938515,0,currents.c
1764787938517,0,currents.c
1764787938519,0,currents.c
1764787938521,0,currents.c
1764787938523,0,currents.a
1764787938525,0,currents.a
1764787938526,0,currents.a
1764787938528,0,currents.a
1764787938530,0,currents.a
1764787938531,0,currents.a
1764787938533,0,currents.a
1764787938535,0,currents.a
1764787938537,0,currents.a
1764787938539,0,currents.a
1764787938541,0,currents.a
1764787938545,0,currents.a
1764787938546,0,currents.a
1764787938549,0,currents.a
1764787938551,0,currents.a
1764787938553,0,currents.a
1764787938555,0,currents.a
1764787938558,0,currents.a
1764787938560,0,currents.a
1764787938562,0,currents.a
1764787938564,0,currents.a
1764787938566,0,currents.a
1764787938568,0,currents.a
1764787938570,0,currents.a
1764787938572,0,currents.a
1764787938574,0,currents.a
1764787938523,0,currents.b
1764787938525,0,currents.b
1764787938526,0,currents.b
1764787938528,0,currents.b
1764787938530,0,currents.b
1764787938531,0,currents.b
1764787938533,0,currents.b
1764787938535,0,currents.b
1764787938537,0,currents.b
1764787938539,0,currents.b
1764787938541,0,currents.b
1764787938545,0,currents.b
1764787938546,0,currents.b
1764787938549,0,currents.b
1764787938551,0,currents.b
1764787938553,0,currents.b
1764787938555,0,currents.b
1764787938558,0,currents.b
1764787938560,0,currents.b
1764787938562,0,currents.b
1764787938564,0,currents.b
1764787938566,0,currents.b
1764787938568,0,currents.b
1764787938570,0,currents.b
1764787938572,0,currents.b
1764787938574,0,currents.b
1764787938523,0,currents.c
1764787938525,0,currents.c
1764787938526,0,currents.c
1764787938528,0,currents.c
1764787938530,0,currents.c
1764787938531,0,currents.c
1764787938533,0,currents.c
1764787938535,0,currents.c
1764787938537,0,currents.c
1764787938539,0,currents.c
1764787938541,0,currents.c
1764787938545,0,currents.c
1764787938546,0,currents.c
1764787938549,0,currents.c
1764787938551,0,currents.c
1764787938553,0,currents.c
1764787938555,0,currents.c
1764787938558,0,currents.c
1764787938560,0,currents.c
1764787938562,0,currents.c
1764787938564,0,currents.c
1764787938566,0,currents.c
1764787938568,0,currents.c
1764787938570,0,currents.c
1764787938572,0,currents.c
1764787938574,0,currents.c
1764787938576,0,currents.a
1764787938578,0,currents.a
1764787938580,0,currents.a
1764787938581,0,currents.a
1764787938583,0,currents.a
1764787938586,0,currents.a
1764787938587,0,currents.a
1764787938589,0,currents.a
1764787938591,0,currents.a
1764787938593,0,currents.a
1764787938595,0,currents.a
1764787938597,0,currents.a
1764787938599,0,currents.a
1764787938601,0,currents.a
1764787938603,0,currents.a
1764787938605,0,currents.a
1764787938607,0,currents.a
1764787938610,0,currents.a
1764787938612,0,currents.a
1764787938614,0,currents.a
1764787938616,0,currents.a
1764787938618,0,currents.a
1764787938619,0,currents.a
1764787938621,0,currents.a
1764787938623,0,currents.a
1764787938576,0,currents.b
1764787938578,0,currents.b
1764787938580,0,currents.b
1764787938581,0,currents.b
1764787938583,0,currents.b
1764787938586,0,currents.b
1764787938587,0,currents.b
1764787938589,0,currents.b
1764787938591,0,currents.b
1764787938593,0,currents.b
1764787938595,0,currents.b
1764787938597,0,currents.b
1764787938599,0,currents.b
1764787938601,0,currents.b
1764787938603,0,currents.b
1764787938605,0,currents.b
1764787938607,0,currents.b
1764787938610,0,currents.b
1764787938612,0,currents.b
1764787938614,0,currents.b
1764787938616,0,currents.b
1764787938618,0,currents.b
1764787938619,0,currents.b
1764787938621,0,currents.b
1764787938623,0,currents.b
1764787938576,0,currents.c
1764787938578,0,currents.c
1764787938580,0,currents.c
1764787938581,0,currents.c
1764787938583,0,currents.c
1764787938586,0,currents.c
1764787938587,0,currents.c
1764787938589,0,currents.c
1764787938591,0,currents.c
1764787938593,0,currents.c
1764787938595,0,currents.c
1764787938597,0,currents.c
1764787938599,0,currents.c
1764787938601,0,currents.c
1764787938603,0,currents.c
1764787938605,0,currents.c
1764787938607,0,currents.c
1764787938610,0,currents.c
1764787938612,0,currents.c
1764787938614,0,currents.c
1764787938616,0,currents.c
1764787938618,0,currents.c
1764787938619,0,currents.c
1764787938621,0,currents.c
1764787938623,0,currents.c
1764787938625,0,currents.a
1764787938627,0,currents.a
1764787938629,0,currents.a
1764787938631,0,currents.a
1764787938633,0,currents.a
1764787938634,0,currents.a
1764787938636,0,currents.a
1764787938638,0,currents.a
1764787938642,0,currents.a
1764787938644,0,currents.a
1764787938647,0,currents.a
1764787938649,0,currents.a
1764787938651,0,currents.a
1764787938653,0,currents.a
1764787938656,0,currents.a
1764787938659,0,currents.a
1764787938661,0,currents.a
1764787938664,0,currents.a
1764787938667,0,currents.a
1764787938670,0,currents.a
1764787938673,0,currents.a
1764787938625,0,currents.b
1764787938627,0,currents.b
1764787938629,0,currents.b
1764787938631,0,currents.b
1764787938633,0,currents.b
1764787938634,0,currents.b
1764787938636,0,currents.b
1764787938638,0,currents.b
1764787938642,0,currents.b
1764787938644,0,currents.b
1764787938647,0,currents.b
1764787938649,0,currents.b
1764787938651,0,currents.b
1764787938653,0,currents.b
1764787938656,0,currents.b
1764787938659,0,currents.b
1764787938661,0,currents.b
1764787938664,0,currents.b
1764787938667,0,currents.b
1764787938670,0,currents.b
1764787938673,0,currents.b
1764787938625,0,currents.c
1764787938627,0,currents.c
1764787938629,0,currents.c
1764787938631,0,currents.c
1764787938633,0,currents.c
1764787938634,0,currents.c
1764787938636,0,currents.c
1764787938638,0,currents.c
1764787938642,0,currents.c
1764787938644,0,currents.c
1764787938647,0,currents.c
1764787938649,0,currents.c
1764787938651,0,currents.c
1764787938653,0,currents.c
1764787938656,0,currents.c
1764787938659,0,currents.c
1764787938661,0,currents.c
1764787938664,0,currents.c
1764787938667,0,currents.c
1764787938670,0,currents.c
1764787938673,0,currents.c
1764787938676,0,currents.a
1764787938677,0,currents.a
1764787938679,0,currents.a
1764787938681,0,currents.a
1764787938684,0,currents.a
1764787938686,0,currents.a
1764787938687,0,currents.a
1764787938689,0,currents.a
1764787938690,0,currents.a
1764787938692,0,currents.a
1764787938694,0,currents.a
1764787938696,0,currents.a
1764787938698,0,currents.a
1764787938701,0,currents.a
1764787938703,0,currents.a
1764787938705,0,currents.a
1764787938708,0,currents.a
1764787938710,0,currents.a
1764787938712,0,currents.a
1764787938714,0,currents.a
1764787938716,0,currents.a
1764787938719,0,currents.a
1764787938720,0,currents.a
1764787938723,0,currents.a
1764787938725,0,currents.a
1764787938676,0,currents.b
1764787938677,0,currents.b
1764787938679,0,currents.b
1764787938681,0,currents.b
1764787938684,0,currents.b
1764787938686,0,currents.b
1764787938687,0,currents.b
1764787938689,0,currents.b
1764787938690,0,currents.b
1764787938692,0,currents.b
1764787938694,0,currents.b
1764787938696,0,currents.b
1764787938698,0,currents.b
1764787938701,0,currents.b
1764787938703,0,currents.b
1764787938705,0,currents.b
1764787938708,0,currents.b
1764787938710,0,currents.b
1764787938712,0,currents.b
1764787938714,0,currents.b
1764787938716,0,currents.b
1764787938719,0,currents.b
1764787938720,0,currents.b
1764787938723,0,currents.b
1764787938725,0,currents.b
1764787938676,0,currents.c
1764787938677,0,currents.c
1764787938679,0,currents.c
1764787938681,0,currents.c
1764787938684,0,currents.c
1764787938686,0,currents.c
1764787938687,0,currents.c
1764787938689,0,currents.c
1764787938690,0,currents.c
1764787938692,0,currents.c
1764787938694,0,currents.c
1764787938696,0,currents.c
1764787938698,0,currents.c
1764787938701,0,currents.c
1764787938703,0,currents.c
1764787938705,0,currents.c
1764787938708,0,currents.c
1764787938710,0,currents.c
1764787938712,0,currents.c
1764787938714,0,currents.c
1764787938716,0,currents.c
1764787938719,0,currents.c
1764787938720,0,currents.c
1764787938723,0,currents.c
1764787938725,0,currents.c
1764787938727,0,currents.a
1764787938728,0,currents.a
1764787938730,0,currents.a
1764787938732,0,currents.a
1764787938734,0,currents.a
1764787938737,0,currents.a
1764787938738,0,currents.a
1764787938740,0,currents.a
1764787938742,0,currents.a
1764787938744,0,currents.a
1764787938746,0,currents.a
1764787938748,0,currents.a
1764787938750,0,currents.a
1764787938752,0,currents.a
1764787938754,0,currents.a
1764787938756,0,currents.a
1764787938759,0,currents.a
1764787938761,0,currents.a
1764787938763,0,currents.a
1764787938765,0,currents.a
1764787938767,0,currents.a
1764787938769,0,currents.a
1764787938771,0,currents.a
1764787938773,0,currents.a
1764787938776,0,currents.a
1764787938727,0,currents.b
1764787938728,0,currents.b
1764787938730,0,currents.b
1764787938732,0,currents.b
1764787938734,0,currents.b
1764787938737,0,currents.b
1764787938738,0,currents.b
1764787938740,0,currents.b
1764787938742,0,currents.b
1764787938744,0,currents.b
1764787938746,0,currents.b
1764787938748,0,currents.b
1764787938750,0,currents.b
1764787938752,0,currents.b
1764787938754,0,currents.b
1764787938756,0,currents.b
1764787938759,0,currents.b
1764787938761,0,currents.b
1764787938763,0,currents.b
1764787938765,0,currents.b
1764787938767,0,currents.b
1764787938769,0,currents.b
1764787938771,0,currents.b
1764787938773,0,currents.b
1764787938776,0,currents.b
1764787938727,0,currents.c
1764787938728,0,currents.c
1764787938730,0,currents.c
1764787938732,0,currents.c
1764787938734,0,currents.c
1764787938737,0,currents.c
1764787938738,0,currents.c
1764787938740,0,currents.c
1764787938742,0,currents.c
1764787938744,0,currents.c
1764787938746,0,currents.c
1764787938748,0,currents.c
1764787938750,0,currents.c
1764787938752,0,currents.c
1764787938754,0,currents.c
1764787938756,0,currents.c
1764787938759,0,currents.c
1764787938761,0,currents.c
1764787938763,0,currents.c
1764787938765,0,currents.c
1764787938767,0,currents.c
1764787938769,0,currents.c
1764787938771,0,currents.c
1764787938773,0,currents.c
1764787938776,0,currents.c
1764787938778,0,currents.a
1764787938780,0,currents.a
1764787938782,0,currents.a
1764787938784,0,currents.a
1764787938786,0,currents.a
1764787938788,0,currents.a
1764787938790,0,currents.a
1764787938792,0,currents.a
1764787938793,0,currents.a
1764787938795,0,currents.a
1764787938797,0,currents.a
1764787938799,0,currents.a
1764787938801,0,currents.a
1764787938803,0,currents.a
1764787938805,0,currents.a
1764787938807,0,currents.a
1764787938809,0,currents.a
1764787938811,0,currents.a
1764787938813,0,currents.a
1764787938815,0,currents.a
1764787938817,0,currents.a
1764787938819,0,currents.a
1764787938821,0,currents.a
1764787938824,0,currents.a
1764787938826,0,currents.a
1764787938828,0,currents.a
1764787938778,0,currents.b
1764787938780,0,currents.b
1764787938782,0,currents.b
1764787938784,0,currents.b
1764787938786,0,currents.b
1764787938788,0,currents.b
1764787938790,0,currents.b
1764787938792,0,currents.b
1764787938793,0,currents.b
1764787938795,0,currents.b
1764787938797,0,currents.b
1764787938799,0,currents.b
1764787938801,0,currents.b
1764787938803,0,currents.b
1764787938805,0,currents.b
1764787938807,0,currents.b
1764787938809,0,currents.b
1764787938811,0,currents.b
1764787938813,0,currents.b
1764787938815,0,currents.b
1764787938817,0,currents.b
1764787938819,0,currents.b
1764787938821,0,currents.b
1764787938824,0,currents.b
1764787938826,0,currents.b
1764787938828,0,currents.b
1764787938778,0,currents.c
1764787938780,0,currents.c
1764787938782,0,currents.c
1764787938784,0,currents.c
1764787938786,0,currents.c
1764787938788,0,currents.c
1764787938790,0,currents.c
1764787938792,0,currents.c
1764787938793,0,currents.c
1764787938795,0,currents.c
1764787938797,0,currents.c
1764787938799,0,currents.c
1764787938801,0,currents.c
1764787938803,0,currents.c
1764787938805,0,currents.c
1764787938807,0,currents.c
1764787938809,0,currents.c
1764787938811,0,currents.c
1764787938813,0,currents.c
1764787938815,0,currents.c
1764787938817,0,currents.c
1764787938819,0,currents.c
1764787938821,0,currents.c
1764787938824,0,currents.c
1764787938826,0,currents.c
1764787938828,0,currents.c
1764787938829,0,currents.a
1764787938831,0,currents.a
1764787938833,0,currents.a
1764787938835,0,currents.a
1764787938837,0,currents.a
1764787938839,0,currents.a
1764787938841,0,currents.a
1764787938842,0,currents.a
1764787938844,0,currents.a
1764787938846,0,currents.a
1764787938848,0,currents.a
1764787938850,0,currents.a
1764787938852,0,currents.a
1764787938854,0,currents.a
1764787938855,0,currents.a
1764787938857,0,currents.a
1764787938859,0,currents.a
1764787938861,0,currents.a
1764787938864,0,currents.a
1764787938866,0,currents.a
1764787938868,0,currents.a
1764787938870,0,currents.a
1764787938873,0,currents.a
1764787938875,0,currents.a
1764787938877,0,currents.a
1764787938829,0,currents.b
1764787938831,0,currents.b
1764787938833,0,currents.b
1764787938835,0,currents.b
1764787938837,0,currents.b
1764787938839,0,currents.b
1764787938841,0,currents.b
1764787938842,0,currents.b
1764787938844,0,currents.b
1764787938846,0,currents.b
1764787938848,0,currents.b
1764787938850,0,currents.b
1764787938852,0,currents.b
1764787938854,0,currents.b
1764787938855,0,currents.b
1764787938857,0,currents.b
1764787938859,0,currents.b
1764787938861,0,currents.b
1764787938864,0,currents.b
1764787938866,0,currents.b
1764787938868,0,currents.b
1764787938870,0,currents.b
1764787938873,0,currents.b
1764787938875,0,currents.b
1764787938877,0,currents.b
1764787938829,0,currents.c
1764787938831,0,currents.c
1764787938833,0,currents.c
1764787938835,0,currents.c
1764787938837,0,currents.c
1764787938839,0,currents.c
1764787938841,0,currents.c
1764787938842,0,currents.c
1764787938844,0,currents.c
1764787938846,0,currents.c
1764787938848,0,currents.c
1764787938850,0,currents.c
1764787938852,0,currents.c
1764787938854,0,currents.c
1764787938855,0,currents.c
1764787938857,0,currents.c
1764787938859,0,currents.c
1764787938861,0,currents.c
1764787938864,0,currents.c
1764787938866,0,currents.c
1764787938868,0,currents.c
1764787938870,0,currents.c
1764787938873,0,currents.c
1764787938875,0,currents.c
1764787938877,0,currents.c
1764787938879,0,currents.a
1764787938881,0,currents.a
1764787938883,0,currents.a
1764787938884,0,currents.a
1764787938885,0,currents.a
1764787938887,0,currents.a
1764787938889,0,currents.a
1764787938891,0,currents.a
1764787938893,0,currents.a
1764787938895,0,currents.a
1764787938897,0,currents.a
1764787938899,0,currents.a
1764787938901,0,currents.a
1764787938903,0,currents.a
1764787938905,0,currents.a
1764787938907,0,currents.a
1764787938909,0,currents.a
1764787938911,0,currents.a
1764787938913,0,currents.a
1764787938915,0,currents.a
1764787938917,0,currents.a
1764787938918,0,currents.a
1764787938921,0,currents.a
1764787938924,0,currents.a
1764787938926,0,currents.a
1764787938928,0,currents.a
1764787938930,0,currents.a
1764787938932,0,currents.a
1764787938879,0,currents.b
1764787938881,0,currents.b
1764787938883,0,currents.b
1764787938884,0,currents.b
1764787938885,0,currents.b
1764787938887,0,currents.b
1764787938889,0,currents.b
1764787938891,0,currents.b
1764787938893,0,currents.b
1764787938895,0,currents.b
1764787938897,0,currents.b
1764787938899,0,currents.b
1764787938901,0,currents.b
1764787938903,0,currents.b
1764787938905,0,currents.b
1764787938907,0,currents.b
1764787938909,0,currents.b
1764787938911,0,currents.b
1764787938913,0,currents.b
1764787938915,0,currents.b
1764787938917,0,currents.b
1764787938918,0,currents.b
1764787938921,0,currents.b
1764787938924,0,currents.b
1764787938926,0,currents.b
1764787938928,0,currents.b
1764787938930,0,currents.b
1764787938932,0,currents.b
1764787938879,0,currents.c
1764787938881,0,currents.c
1764787938883,0,currents.c
1764787938884,0,currents.c
1764787938885,0,currents.c
1764787938887,0,currents.c
1764787938889,0,currents.c
1764787938891,0,currents.c
1764787938893,0,currents.c
1764787938895,0,currents.c
1764787938897,0,currents.c
1764787938899,0,currents.c
1764787938901,0,currents.c
1764787938903,0,currents.c
1764787938905,0,currents.c
1764787938907,0,currents.c
1764787938909,0,currents.c
1764787938911,0,currents.c
1764787938913,0,currents.c
1764787938915,0,currents.c
1764787938917,0,currents.c
1764787938918,0,currents.c
1764787938921,0,currents.c
1764787938924,0,currents.c
1764787938926,0,currents.c
1764787938928,0,currents.c
1764787938930,0,currents.c
1764787938932,0,currents.c
1764787938934,0,currents.a
1764787938936,0,currents.a
1764787938938,0,currents.a
1764787938940,0,currents.a
1764787938942,0,currents.a
1764787938944,0,currents.a
1764787938946,0,currents.a
1764787938948,0,currents.a
1764787938950,0,currents.a
1764787938952,0,currents.a
1764787938954,0,currents.a
1764787938956,0,currents.a
1764787938959,0,currents.a
1764787938961,0,currents.a
1764787938963,0,currents.a
1764787938964,0,currents.a
1764787938966,0,currents.a
1764787938968,0,currents.a
1764787938970,0,currents.a
1764787938972,0,currents.a
1764787938974,0,currents.a
1764787938977,0,currents.a
1764787938979,0,currents.a
1764787938981,0,currents.a
1764787938983,0,currents.a
1764787938934,0,currents.b
1764787938936,0,currents.b
1764787938938,0,currents.b
1764787938940,0,currents.b
1764787938942,0,currents.b
1764787938944,0,currents.b
1764787938946,0,currents.b
1764787938948,0,currents.b
1764787938950,0,currents.b
1764787938952,0,currents.b
1764787938954,0,currents.b
1764787938956,0,currents.b
1764787938959,0,currents.b
1764787938961,0,currents.b
1764787938963,0,currents.b
1764787938964,0,currents.b
1764787938966,0,currents.b
1764787938968,0,currents.b
1764787938970,0,currents.b
1764787938972,0,currents.b
1764787938974,0,currents.b
1764787938977,0,currents.b
1764787938979,0,currents.b
1764787938981,0,currents.b
1764787938983,0,currents.b
1764787938934,0,currents.c
1764787938936,0,currents.c
1764787938938,0,currents.c
1764787938940,0,currents.c
1764787938942,0,currents.c
1764787938944,0,currents.c
1764787938946,0,currents.c
1764787938948,0,currents.c
1764787938950,0,currents.c
1764787938952,0,currents.c
1764787938954,0,currents.c
1764787938956,0,currents.c
1764787938959,0,currents.c
1764787938961,0,currents.c
1764787938963,0,currents.c
1764787938964,0,currents.c
1764787938966,0,currents.c
1764787938968,0,currents.c
1764787938970,0,currents.c
1764787938972,0,currents.c
1764787938974,0,currents.c
1764787938977,0,currents.c
1764787938979,0,currents.c
1764787938981,0,currents.c
1764787938983,0,currents.c
1764787938985,0,currents.a
1764787938987,0,currents.a
1764787938989,0,currents.a
1764787938991,0,currents.a
1764787938993,0,currents.a
1764787938995,0,currents.a
1764787938997,0,currents.a
1764787938999,0,currents.a
1764787939001,0,currents.a
1764787939003,0,currents.a
1764787939005,0,currents.a
1764787939007,0,currents.a
1764787939009,0,currents.a
1764787939011,0,currents.a
1764787939013,0,currents.a
1764787939015,0,currents.a
1764787939017,0,currents.a
1764787939019,0,currents.a
1764787939021,0,currents.a
1764787939023,0,currents.a
1764787939026,0,currents.a
1764787939028,0,currents.a
1764787939030,0,currents.a
1764787939032,0,currents.a
1764787938985,0,currents.b
1764787938987,0,currents.b
1764787938989,0,currents.b
1764787938991,0,currents.b
1764787938993,0,currents.b
1764787938995,0,currents.b
1764787938997,0,currents.b
1764787938999,0,currents.b
1764787939001,0,currents.b
1764787939003,0,currents.b
1764787939005,0,currents.b
1764787939007,0,currents.b
1764787939009,0,currents.b
1764787939011,0,currents.b
1764787939013,0,currents.b
1764787939015,0,currents.b
1764787939017,0,currents.b
1764787939019,0,currents.b
1764787939021,0,currents.b
1764787939023,0,currents.b
1764787939026,0,currents.b
1764787939028,0,currents.b
1764787939030,0,currents.b
1764787939032,0,currents.b
1764787938985,0,currents.c
1764787938987,0,currents.c
1764787938989,0,currents.c
1764787938991,0,currents.c
1764787938993,0,currents.c
1764787938995,0,currents.c
1764787938997,0,currents.c
1764787938999,0,currents.c
1764787939001,0,currents.c
1764787939003,0,currents.c
1764787939005,0,currents.c
1764787939007,0,currents.c
1764787939009,0,currents.c
1764787939011,0,currents.c
1764787939013,0,currents.c
1764787939015,0,currents.c
1764787939017,0,currents.c
1764787939019,0,currents.c
1764787939021,0,currents.c
1764787939023,0,currents.c
1764787939026,0,currents.c
1764787939028,0,currents.c
1764787939030,0,currents.c
1764787939032,0,currents.c
1764787939033,0,currents.a
1764787939035,0,currents.a
1764787939037,0,currents.a
1764787939039,0,currents.a
1764787939042,0,currents.a
1764787939043,0,currents.a
1764787939045,0,currents.a
1764787939046,0,currents.a
1764787939048,0,currents.a
1764787939050,0,currents.a
1764787939052,0,currents.a
1764787939054,0,currents.a
1764787939056,0,currents.a
1764787939059,0,currents.a
1764787939061,0,currents.a
1764787939062,0,currents.a
1764787939064,0,currents.a
1764787939066,0,currents.a
1764787939068,0,currents.a
1764787939070,0,currents.a
1764787939072,0,currents.a
1764787939074,0,currents.a
1764787939077,0,currents.a
1764787939079,0,currents.a
1764787939081,0,currents.a
1764787939082,0,currents.a
1764787939084,0,currents.a
1764787939033,0,currents.b
1764787939035,0,currents.b
1764787939037,0,currents.b
1764787939039,0,currents.b
1764787939042,0,currents.b
1764787939043,0,currents.b
1764787939045,0,currents.b
1764787939046,0,currents.b
1764787939048,0,currents.b
1764787939050,0,currents.b
1764787939052,0,currents.b
1764787939054,0,currents.b
1764787939056,0,currents.b
1764787939059,0,currents.b
1764787939061,0,currents.b
1764787939062,0,currents.b
1764787939064,0,currents.b
1764787939066,0,currents.b
1764787939068,0,currents.b
1764787939070,0,currents.b
1764787939072,0,currents.b
1764787939074,0,currents.b
1764787939077,0,currents.b
1764787939079,0,currents.b
1764787939081,0,currents.b
1764787939082,0,currents.b
1764787939084,0,currents.b
1764787939033,0,currents.c
1764787939035,0,currents.c
1764787939037,0,currents.c
1764787939039,0,currents.c
1764787939042,0,currents.c
1764787939043,0,currents.c
1764787939045,0,currents.c
1764787939046,0,currents.c
1764787939048,0,currents.c
1764787939050,0,currents.c
1764787939052,0,currents.c
1764787939054,0,currents.c
1764787939056,0,currents.c
1764787939059,0,currents.c
1764787939061,0,currents.c
1764787939062,0,currents.c
1764787939064,0,currents.c
1764787939066,0,currents.c
1764787939068,0,currents.c
1764787939070,0,currents.c
1764787939072,0,currents.c
1764787939074,0,currents.c
1764787939077,0,currents.c
1764787939079,0,currents.c
1764787939081,0,currents.c
1764787939082,0,currents.c
1764787939084,0,currents.c
1764787939086,0,currents.a
1764787939088,0,currents.a
1764787939090,0,currents.a
1764787939092,0,currents.a
1764787939094,0,currents.a
1764787939095,0,currents.a
1764787939097,0,currents.a
1764787939098,0,currents.a
1764787939100,0,currents.a
1764787939102,0,currents.a
1764787939105,0,currents.a
1764787939108,0,currents.a
1764787939110,0,currents.a
1764787939112,0,currents.a
1764787939114,0,currents.a
1764787939115,0,currents.a
1764787939117,0,currents.a
1764787939119,0,currents.a
1764787939121,0,currents.a
1764787939124,0,currents.a
1764787939126,0,currents.a
1764787939128,0,currents.a
1764787939130,0,currents.a
1764787939132,0,currents.a
1764787939134,0,currents.a
1764787939136,0,currents.a
1764787939086,0,currents.b
1764787939088,0,currents.b
1764787939090,0,currents.b
1764787939092,0,currents.b
1764787939094,0,currents.b
1764787939095,0,currents.b
1764787939097,0,currents.b
1764787939098,0,currents.b
1764787939100,0,currents.b
1764787939102,0,currents.b
1764787939105,0,currents.b
1764787939108,0,currents.b
1764787939110,0,currents.b
1764787939112,0,currents.b
1764787939114,0,currents.b
1764787939115,0,currents.b
1764787939117,0,currents.b
1764787939119,0,currents.b
1764787939121,0,currents.b
1764787939124,0,currents.b
1764787939126,0,currents.b
1764787939128,0,currents.b
1764787939130,0,currents.b
1764787939132,0,currents.b
1764787939134,0,currents.b
1764787939136,0,currents.b
1764787939086,0,currents.c
1764787939088,0,currents.c
1764787939090,0,currents.c
1764787939092,0,currents.c
1764787939094,0,currents.c
1764787939095,0,currents.c
1764787939097,0,currents.c
1764787939098,0,currents.c
1764787939100,0,currents.c
1764787939102,0,currents.c
1764787939105,0,currents.c
1764787939108,0,currents.c
1764787939110,0,currents.c
1764787939112,0,currents.c
1764787939114,0,currents.c
1764787939115,0,currents.c
1764787939117,0,currents.c
1764787939119,0,currents.c
1764787939121,0,currents.c
1764787939124,0,currents.c
1764787939126,0,currents.c
1764787939128,0,currents.c
1764787939130,0,currents.c
1764787939132,0,currents.c
1764787939134,0,currents.c
1764787939136,0,currents.c
1764787939137,0,currents.a
1764787939139,0,currents.a
1764787939141,0,currents.a
1764787939144,0,currents.a
1764787939146,0,currents.a
1764787939148,0,currents.a
1764787939150,0,currents.a
1764787939152,0,currents.a
1764787939155,0,currents.a
1764787939157,0,currents.a
1764787939159,0,currents.a
1764787939162,0,currents.a
1764787939164,0,currents.a
1764787939166,0,currents.a
1764787939168,0,currents.a
1764787939170,0,currents.a
1764787939171,0,currents.a
1764787939174,0,currents.a
1764787939176,0,currents.a
1764787939178,0,currents.a
1764787939180,0,currents.a
1764787939182,0,currents.a
1764787939184,0,currents.a
1764787939187,0,currents.a
1764787939189,0,currents.a
1764787939137,0,currents.b
1764787939139,0,currents.b
1764787939141,0,currents.b
1764787939144,0,currents.b
1764787939146,0,currents.b
1764787939148,0,currents.b
1764787939150,0,currents.b
1764787939152,0,currents.b
1764787939155,0,currents.b
1764787939157,0,currents.b
1764787939159,0,currents.b
1764787939162,0,currents.b
1764787939164,0,currents.b
1764787939166,0,currents.b
1764787939168,0,currents.b
1764787939170,0,currents.b
1764787939171,0,currents.b
1764787939174,0,currents.b
1764787939176,0,currents.b
1764787939178,0,currents.b
1764787939180,0,currents.b
1764787939182,0,currents.b
1764787939184,0,currents.b
1764787939187,0,currents.b
1764787939189,0,currents.b
1764787939137,0,currents.c
1764787939139,0,currents.c
1764787939141,0,currents.c
1764787939144,0,currents.c
1764787939146,0,currents.c
1764787939148,0,currents.c
1764787939150,0,currents.c
1764787939152,0,currents.c
1764787939155,0,currents.c
1764787939157,0,currents.c
1764787939159,0,currents.c
1764787939162,0,currents.c
1764787939164,0,currents.c
1764787939166,0,currents.c
1764787939168,0,currents.c
1764787939170,0,currents.c
1764787939171,0,currents.c
1764787939174,0,currents.c
1764787939176,0,currents.c
1764787939178,0,currents.c
1764787939180,0,currents.c
1764787939182,0,currents.c
1764787939184,0,currents.c
1764787939187,0,currents.c
1764787939189,0,currents.c
1764787939191,0,currents.a
1764787939193,0,currents.a
1764787939196,0,currents.a
1764787939198,0,currents.a
1764787939200,0,currents.a
1764787939202,0,currents.a
1764787939203,0,currents.a
1764787939205,0,currents.a
1764787939207,0,currents.a
1764787939209,0,currents.a
1764787939211,0,currents.a
1764787939212,0,currents.a
1764787939214,0,currents.a
1764787939217,0,currents.a
1764787939219,0,currents.a
1764787939220,0,currents.a
1764787939223,0,currents.a
1764787939225,0,currents.a
1764787939227,0,currents.a
1764787939229,0,currents.a
1764787939231,0,currents.a
1764787939233,0,currents.a
1764787939235,0,currents.a
1764787939236,0,currents.a
1764787939191,0,currents.b
1764787939193,0,currents.b
1764787939196,0,currents.b
1764787939198,0,currents.b
1764787939200,0,currents.b
1764787939202,0,currents.b
1764787939203,0,currents.b
1764787939205,0,currents.b
1764787939207,0,currents.b
1764787939209,0,currents.b
1764787939211,0,currents.b
1764787939212,0,currents.b
1764787939214,0,currents.b
1764787939217,0,currents.b
1764787939219,0,currents.b
1764787939220,0,currents.b
1764787939223,0,currents.b
1764787939225,0,currents.b
1764787939227,0,currents.b
1764787939229,0,currents.b
1764787939231,0,currents.b
1764787939233,0,currents.b
1764787939235,0,currents.b
1764787939236,0,currents.b
1764787939191,0,currents.c
1764787939193,0,currents.c
1764787939196,0,currents.c
1764787939198,0,currents.c
1764787939200,0,currents.c
1764787939202,0,currents.c
1764787939203,0,currents.c
1764787939205,0,currents.c
1764787939207,0,currents.c
1764787939209,0,currents.c
1764787939211,0,currents.c
1764787939212,0,currents.c
1764787939214,0,currents.c
1764787939217,0,currents.c
1764787939219,0,currents.c
1764787939220,0,currents.c
1764787939223,0,currents.c
1764787939225,0,currents.c
1764787939227,0,currents.c
1764787939229,0,currents.c
1764787939231,0,currents.c
1764787939233,0,currents.c
1764787939235,0,currents.c
1764787939236,0,currents.c
1764787939239,0,currents.a
1764787939241,0,currents.a
1764787939243,0,currents.a
1764787939244,0,currents.a
1764787939246,0,currents.a
1764787939247,0,currents.a
1764787939249,0,currents.a
1764787939251,0,currents.a
1764787939253,0,currents.a
1764787939255,0,currents.a
1764787939258,0,currents.a
1764787939260,0,currents.a
1764787939262,0,currents.a
1764787939264,0,currents.a
1764787939266,0,currents.a
1764787939267,0,currents.a
1764787939269,0,currents.a
1764787939271,0,currents.a
1764787939274,0,currents.a
1764787939276,0,currents.a
1764787939278,0,currents.a
1764787939280,0,currents.a
1764787939282,0,currents.a
1764787939285,0,currents.a
1764787939287,0,currents.a
1764787939289,0,currents.a
1764787939239,0,currents.b
1764787939241,0,currents.b
1764787939243,0,currents.b
1764787939244,0,currents.b
1764787939246,0,currents.b
1764787939247,0,currents.b
1764787939249,0,currents.b
1764787939251,0,currents.b
1764787939253,0,currents.b
1764787939255,0,currents.b
1764787939258,0,currents.b
1764787939260,0,currents.b
1764787939262,0,currents.b
1764787939264,0,currents.b
1764787939266,0,currents.b
1764787939267,0,currents.b
1764787939269,0,currents.b
1764787939271,0,currents.b
1764787939274,0,currents.b
1764787939276,0,currents.b
1764787939278,0,currents.b
1764787939280,0,currents.b
1764787939282,0,currents.b
1764787939285,0,currents.b
1764787939287,0,currents.b
1764787939289,0,currents.b
1764787939239,0,currents.c
1764787939241,0,currents.c
1764787939243,0,currents.c
1764787939244,0,currents.c
1764787939246,0,currents.c
1764787939247,0,currents.c
1764787939249,0,currents.c
1764787939251,0,currents.c
1764787939253,0,currents.c
1764787939255,0,currents.c
1764787939258,0,currents.c
1764787939260,0,currents.c
1764787939262,0,currents.c
1764787939264,0,currents.c
1764787939266,0,currents.c
1764787939267,0,currents.c
1764787939269,0,currents.c
1764787939271,0,currents.c
1764787939274,0,currents.c
1764787939276,0,currents.c
1764787939278,0,currents.c
1764787939280,0,currents.c
1764787939282,0,currents.c
1764787939285,0,currents.c
1764787939287,0,currents.c
1764787939289,0,currents.c
1764787939291,0,currents.a
1764787939293,0,currents.a
1764787939295,0,currents.a
1764787939296,0,currents.a
1764787939298,0,currents.a
1764787939300,0,currents.a
1764787939302,0,currents.a
1764787939304,0,currents.a
1764787939306,0,currents.a
1764787939308,0,currents.a
1764787939310,0,currents.a
1764787939312,0,currents.a
1764787939314,0,currents.a
1764787939316,0,currents.a
1764787939318,0,currents.a
1764787939320,0,currents.a
1764787939322,0,currents.a
1764787939324,0,currents.a
1764787939327,0,currents.a
1764787939329,0,currents.a
1764787939331,0,currents.a
1764787939332,0,currents.a
1764787939334,0,currents.a
1764787939336,0,currents.a
1764787939338,0,currents.a
1764787939341,0,currents.a
1764787939291,0,currents.b
1764787939293,0,currents.b
1764787939295,0,currents.b
1764787939296,0,currents.b
1764787939298,0,currents.b
1764787939300,0,currents.b
1764787939302,0,currents.b
1764787939304,0,currents.b
1764787939306,0,currents.b
1764787939308,0,currents.b
1764787939310,0,currents.b
1764787939312,0,currents.b
1764787939314,0,currents.b
1764787939316,0,currents.b
1764787939318,0,currents.b
1764787939320,0,currents.b
1764787939322,0,currents.b
1764787939324,0,currents.b
1764787939327,0,currents.b
1764787939329,0,currents.b
1764787939331,0,currents.b
1764787939332,0,currents.b
1764787939334,0,currents.b
1764787939336,0,currents.b
1764787939338,0,currents.b
1764787939341,0,currents.b
1764787939291,0,currents.c
1764787939293,0,currents.c
1764787939295,0,currents.c
1764787939296,0,currents.c
1764787939298,0,currents.c
1764787939300,0,currents.c
1764787939302,0,currents.c
1764787939304,0,currents.c
1764787939306,0,currents.c
1764787939308,0,currents.c
1764787939310,0,currents.c
1764787939312,0,currents.c
1764787939314,0,currents.c
1764787939316,0,currents.c
1764787939318,0,currents.c
1764787939320,0,currents.c
1764787939322,0,currents.c
1764787939324,0,currents.c
1764787939327,0,currents.c
1764787939329,0,currents.c
1764787939331,0,currents.c
1764787939332,0,currents.c
1764787939334,0,currents.c
1764787939336,0,currents.c
1764787939338,0,currents.c
1764787939341,0,currents.c
1764787939343,0,currents.a
1764787939345,0,currents.a
1764787939347,0,currents.a
1764787939349,0,currents.a
1764787939350,0,currents.a
1764787939351,0,currents.a
1764787939353,0,currents.a
1764787939355,0,currents.a
1764787939357,0,currents.a
1764787939360,0,currents.a
1764787939361,0,currents.a
1764787939363,0,currents.a
1764787939366,0,currents.a
1764787939368,0,currents.a
1764787939370,0,currents.a
1764787939372,0,currents.a
1764787939374,0,currents.a
1764787939377,0,currents.a
1764787939379,0,currents.a
1764787939381,0,currents.a
1764787939383,0,currents.a
1764787939385,0,currents.a
1764787939388,0,currents.a
1764787939389,0,currents.a
1764787939343,0,currents.b
1764787939345,0,currents.b
1764787939347,0,currents.b
1764787939349,0,currents.b
1764787939350,0,currents.b
1764787939351,0,currents.b
1764787939353,0,currents.b
1764787939355,0,currents.b
1764787939357,0,currents.b
1764787939360,0,currents.b
1764787939361,0,currents.b
1764787939363,0,currents.b
1764787939366,0,currents.b
1764787939368,0,currents.b
1764787939370,0,currents.b
1764787939372,0,currents.b
1764787939374,0,currents.b
1764787939377,0,currents.b
1764787939379,0,currents.b
1764787939381,0,currents.b
1764787939383,0,currents.b
1764787939385,0,currents.b
1764787939388,0,currents.b
1764787939389,0,currents.b
1764787939343,0,currents.c
1764787939345,0,currents.c
1764787939347,0,currents.c
1764787939349,0,currents.c
1764787939350,0,currents.c
1764787939351,0,currents.c
1764787939353,0,currents.c
1764787939355,0,currents.c
1764787939357,0,currents.c
1764787939360,0,currents.c
1764787939361,0,currents.c
1764787939363,0,currents.c
1764787939366,0,currents.c
1764787939368,0,currents.c
1764787939370,0,currents.c
1764787939372,0,currents.c
1764787939374,0,currents.c
1764787939377,0,currents.c
1764787939379,0,currents.c
1764787939381,0,currents.c
1764787939383,0,currents.c
1764787939385,0,currents.c
1764787939388,0,currents.c
1764787939389,0,currents.c
1764787939392,0,currents.a
1764787939394,0,currents.a
1764787939396,0,currents.a
1764787939398,0,currents.a
1764787939399,0,currents.a
1764787939401,0,currents.a
1764787939403,0,currents.a
1764787939404,0,currents.a
1764787939407,0,currents.a
1764787939409,0,currents.a
1764787939411,0,currents.a
1764787939413,0,currents.a
1764787939415,0,currents.a
1764787939417,0,currents.a
1764787939419,0,currents.a
1764787939421,0,currents.a
1764787939424,0,currents.a
1764787939426,0,currents.a
1764787939428,0,currents.a
1764787939430,0,currents.a
1764787939432,0,currents.a
1764787939434,0,currents.a
1764787939436,0,currents.a
1764787939438,0,currents.a
1764787939440,0,currents.a
1764787939392,0,currents.b
1764787939394,0,currents.b
1764787939396,0,currents.b
1764787939398,0,currents.b
1764787939399,0,currents.b
1764787939401,0,currents.b
1764787939403,0,currents.b
1764787939404,0,currents.b
1764787939407,0,currents.b
1764787939409,0,currents.b
1764787939411,0,currents.b
1764787939413,0,currents.b
1764787939415,0,currents.b
1764787939417,0,currents.b
1764787939419,0,currents.b
1764787939421,0,currents.b
1764787939424,0,currents.b
1764787939426,0,currents.b
1764787939428,0,currents.b
1764787939430,0,currents.b
1764787939432,0,currents.b
1764787939434,0,currents.b
1764787939436,0,currents.b
1764787939438,0,currents.b
1764787939440,0,currents.b
1764787939392,0,currents.c
1764787939394,0,currents.c
1764787939396,0,currents.c
1764787939398,0,currents.c
1764787939399,0,currents.c
1764787939401,0,currents.c
1764787939403,0,currents.c
1764787939404,0,currents.c
1764787939407,0,currents.c
1764787939409,0,currents.c
1764787939411,0,currents.c
1764787939413,0,currents.c
1764787939415,0,currents.c
1764787939417,0,currents.c
1764787939419,0,currents.c
1764787939421,0,currents.c
1764787939424,0,currents.c
1764787939426,0,currents.c
1764787939428,0,currents.c
1764787939430,0,currents.c
1764787939432,0,currents.c
1764787939434,0,currents.c
1764787939436,0,currents.c
1764787939438,0,currents.c
1764787939440,0,currents.c
1764787939442,0,currents.a
1764787939443,0,currents.a
1764787939445,0,currents.a
1764787939447,0,currents.a
1764787939449,0,currents.a
1764787939451,0,currents.a
1764787939453,0,currents.a
1764787939455,0,currents.a
1764787939458,0,currents.a
1764787939460,0,currents.a
1764787939462,0,currents.a
1764787939464,0,currents.a
1764787939467,0,currents.a
1764787939469,0,currents.a
1764787939471,0,currents.a
1764787939473,0,currents.a
1764787939475,0,currents.a
1764787939477,0,currents.a
1764787939479,0,currents.a
1764787939482,0,currents.a
1764787939483,0,currents.a
1764787939485,0,currents.a
1764787939487,0,currents.a
1764787939489,0,currents.a
1764787939442,0,currents.b
1764787939443,0,currents.b
1764787939445,0,currents.b
1764787939447,0,currents.b
1764787939449,0,currents.b
1764787939451,0,currents.b
1764787939453,0,currents.b
1764787939455,0,currents.b
1764787939458,0,currents.b
1764787939460,0,currents.b
1764787939462,0,currents.b
1764787939464,0,currents.b
1764787939467,0,currents.b
1764787939469,0,currents.b
1764787939471,0,currents.b
1764787939473,0,currents.b
1764787939475,0,currents.b
1764787939477,0,currents.b
1764787939479,0,currents.b
1764787939482,0,currents.b
1764787939483,0,currents.b
1764787939485,0,currents.b
1764787939487,0,currents.b
1764787939489,0,currents.b
1764787939442,0,currents.c
1764787939443,0,currents.c
1764787939445,0,currents.c
1764787939447,0,currents.c
1764787939449,0,currents.c
1764787939451,0,currents.c
1764787939453,0,currents.c
1764787939455,0,currents.c
1764787939458,0,currents.c
1764787939460,0,currents.c
1764787939462,0,currents.c
1764787939464,0,currents.c
1764787939467,0,currents.c
1764787939469,0,currents.c
1764787939471,0,currents.c
1764787939473,0,currents.c
1764787939475,0,currents.c
1764787939477,0,currents.c
1764787939479,0,currents.c
1764787939482,0,currents.c
1764787939483,0,currents.c
1764787939485,0,currents.c
1764787939487,0,currents.c
1764787939489,0,currents.c
1764787939492,0,currents.a
1764787939494,0,currents.a
1764787939496,0,currents.a
1764787939498,0,currents.a
1764787939499,0,currents.a
1764787939501,0,currents.a
1764787939503,0,currents.a
1764787939505,0,currents.a
1764787939507,0,currents.a
1764787939510,0,currents.a
1764787939512,0,currents.a
1764787939514,0,currents.a
1764787939516,0,currents.a
1764787939518,0,currents.a
1764787939520,0,currents.a
1764787939522,0,currents.a
1764787939524,0,currents.a
1764787939526,0,currents.a
1764787939528,0,currents.a
1764787939530,0,currents.a
1764787939532,0,currents.a
1764787939534,0,currents.a
1764787939536,0,currents.a
1764787939538,0,currents.a
1764787939540,0,currents.a
1764787939542,0,currents.a
1764787939492,0,currents.b
1764787939494,0,currents.b
1764787939496,0,currents.b
1764787939498,0,currents.b
1764787939499,0,currents.b
1764787939501,0,currents.b
1764787939503,0,currents.b
1764787939505,0,currents.b
1764787939507,0,currents.b
1764787939510,0,currents.b
1764787939512,0,currents.b
1764787939514,0,currents.b
1764787939516,0,currents.b
1764787939518,0,currents.b
1764787939520,0,currents.b
1764787939522,0,currents.b
1764787939524,0,currents.b
1764787939526,0,currents.b
1764787939528,0,currents.b
1764787939530,0,currents.b
1764787939532,0,currents.b
1764787939534,0,currents.b
1764787939536,0,currents.b
1764787939538,0,currents.b
1764787939540,0,currents.b
1764787939542,0,currents.b
1764787939492,0,currents.c
1764787939494,0,currents.c
1764787939496,0,currents.c
1764787939498,0,currents.c
1764787939499,0,currents.c
1764787939501,0,currents.c
1764787939503,0,currents.c
1764787939505,0,currents.c
1764787939507,0,currents.c
1764787939510,0,currents.c
1764787939512,0,currents.c
1764787939514,0,currents.c
1764787939516,0,currents.c
1764787939518,0,currents.c
1764787939520,0,currents.c
1764787939522,0,currents.c
1764787939524,0,currents.c
1764787939526,0,currents.c
1764787939528,0,currents.c
1764787939530,0,currents.c
1764787939532,0,currents.c
1764787939534,0,currents.c
1764787939536,0,currents.c
1764787939538,0,currents.c
1764787939540,0,currents.c
1764787939542,0,currents.c
1764787939545,0,currents.a
1764787939546,0,currents.a
1764787939548,0,currents.a
1764787939550,0,currents.a
1764787939552,0,currents.a
1764787939554,0,currents.a
1764787939556,0,currents.a
1764787939558,0,currents.a
1764787939560,0,currents.a
1764787939562,0,currents.a
1764787939565,0,currents.a
1764787939567,0,currents.a
1764787939569,0,currents.a
1764787939571,0,currents.a
1764787939574,0,currents.a
1764787939576,0,currents.a
1764787939578,0,currents.a
1764787939581,0,currents.a
1764787939583,0,currents.a
1764787939585,0,currents.a
1764787939587,0,currents.a
1764787939589,0,currents.a
1764787939591,0,currents.a
1764787939593,0,currents.a
1764787939545,0,currents.b
1764787939546,0,currents.b
1764787939548,0,currents.b
1764787939550,0,currents.b
1764787939552,0,currents.b
1764787939554,0,currents.b
1764787939556,0,currents.b
1764787939558,0,currents.b
1764787939560,0,currents.b
1764787939562,0,currents.b
1764787939565,0,currents.b
1764787939567,0,currents.b
1764787939569,0,currents.b
1764787939571,0,currents.b
1764787939574,0,currents.b
1764787939576,0,currents.b
1764787939578,0,currents.b
1764787939581,0,currents.b
1764787939583,0,currents.b
1764787939585,0,currents.b
1764787939587,0,currents.b
1764787939589,0,currents.b
1764787939591,0,currents.b
1764787939593,0,currents.b
1764787939545,0,currents.c
1764787939546,0,currents.c
1764787939548,0,currents.c
1764787939550,0,currents.c
1764787939552,0,currents.c
1764787939554,0,currents.c
1764787939556,0,currents.c
1764787939558,0,currents.c
1764787939560,0,currents.c
1764787939562,0,currents.c
1764787939565,0,currents.c
1764787939567,0,currents.c
1764787939569,0,currents.c
1764787939571,0,currents.c
1764787939574,0,currents.c
1764787939576,0,currents.c
1764787939578,0,currents.c
1764787939581,0,currents.c
1764787939583,0,currents.c
1764787939585,0,currents.c
1764787939587,0,currents.c
1764787939589,0,currents.c
1764787939591,0,currents.c
1764787939593,0,currents.c
1764787939595,0,currents.a
1764787939597,0,currents.a
1764787939599,0,currents.a
1764787939601,0,currents.a
1764787939603,0,currents.a
1764787939604,0,currents.a
1764787939607,0,currents.a
1764787939609,0,currents.a
1764787939611,0,currents.a
1764787939612,0,currents.a
1764787939614,0,currents.a
1764787939616,0,currents.a
1764787939618,0,currents.a
1764787939620,0,currents.a
1764787939622,0,currents.a
1764787939624,0,currents.a
1764787939626,0,currents.a
1764787939628,0,currents.a
1764787939630,0,currents.a
1764787939632,0,currents.a
1764787939634,0,currents.a
1764787939636,0,currents.a
1764787939638,0,currents.a
1764787939640,0,currents.a
1764787939642,0,currents.a
1764787939644,0,currents.a
1764787939595,0,currents.b
1764787939597,0,currents.b
1764787939599,0,currents.b
1764787939601,0,currents.b
1764787939603,0,currents.b
1764787939604,0,currents.b
1764787939607,0,currents.b
1764787939609,0,currents.b
1764787939611,0,currents.b
1764787939612,0,currents.b
1764787939614,0,currents.b
1764787939616,0,currents.b
1764787939618,0,currents.b
1764787939620,0,currents.b
1764787939622,0,currents.b
1764787939624,0,currents.b
1764787939626,0,currents.b
1764787939628,0,currents.b
1764787939630,0,currents.b
1764787939632,0,currents.b
1764787939634,0,currents.b
1764787939636,0,currents.b
1764787939638,0,currents.b
1764787939640,0,currents.b
1764787939642,0,currents.b
1764787939644,0,currents.b
1764787939595,0,currents.c
1764787939597,0,currents.c
1764787939599,0,currents.c
1764787939601,0,currents.c
1764787939603,0,currents.c
1764787939604,0,currents.c
1764787939607,0,currents.c
1764787939609,0,currents.c
1764787939611,0,currents.c
1764787939612,0,currents.c
1764787939614,0,currents.c
1764787939616,0,currents.c
1764787939618,0,currents.c
1764787939620,0,currents.c
1764787939622,0,currents.c
1764787939624,0,currents.c
1764787939626,0,currents.c
1764787939628,0,currents.c
1764787939630,0,currents.c
1764787939632,0,currents.c
1764787939634,0,currents.c
1764787939636,0,currents.c
1764787939638,0,currents.c
1764787939640,0,currents.c
1764787939642,0,currents.c
1764787939644,0,currents.c
1764787939646,0,currents.a
1764787939648,0,currents.a
1764787939650,0,currents.a
1764787939651,0,currents.a
1764787939653,0,currents.a
1764787939655,0,currents.a
1764787939657,0,currents.a
1764787939659,0,currents.a
1764787939661,0,currents.a
1764787939663,0,currents.a
1764787939665,0,currents.a
1764787939667,0,currents.a
1764787939669,0,currents.a
1764787939671,0,currents.a
1764787939673,0,currents.a
1764787939676,0,currents.a
1764787939677,0,currents.a
1764787939680,0,currents.a
1764787939682,0,currents.a
1764787939684,0,currents.a
1764787939686,0,currents.a
1764787939688,0,currents.a
1764787939690,0,currents.a
1764787939692,0,currents.a
1764787939646,0,currents.b
1764787939648,0,currents.b
1764787939650,0,currents.b
1764787939651,0,currents.b
1764787939653,0,currents.b
1764787939655,0,currents.b
1764787939657,0,currents.b
1764787939659,0,currents.b
1764787939661,0,currents.b
1764787939663,0,currents.b
1764787939665,0,currents.b
1764787939667,0,currents.b
1764787939669,0,currents.b
1764787939671,0,currents.b
1764787939673,0,currents.b
1764787939676,0,currents.b
1764787939677,0,currents.b
1764787939680,0,currents.b
1764787939682,0,currents.b
1764787939684,0,currents.b
1764787939686,0,currents.b
1764787939688,0,currents.b
1764787939690,0,currents.b
1764787939692,0,currents.b
1764787939646,0,currents.c
1764787939648,0,currents.c
1764787939650,0,currents.c
1764787939651,0,currents.c
1764787939653,0,currents.c
1764787939655,0,currents.c
1764787939657,0,currents.c
1764787939659,0,currents.c
1764787939661,0,currents.c
1764787939663,0,currents.c
1764787939665,0,currents.c
1764787939667,0,currents.c
1764787939669,0,currents.c
1764787939671,0,currents.c
1764787939673,0,currents.c
1764787939676,0,currents.c
1764787939677,0,currents.c
1764787939680,0,currents.c
1764787939682,0,currents.c
1764787939684,0,currents.c
1764787939686,0,currents.c
1764787939688,0,currents.c
1764787939690,0,currents.c
1764787939692,0,currents.c
1764787939694,0,currents.a
1764787939696,0,currents.a
1764787939698,0,currents.a
1764787939700,0,currents.a
1764787939702,0,currents.a
1764787939704,0,currents.a
1764787939705,0,currents.a
1764787939707,0,currents.a
1764787939709,0,currents.a
1764787939711,0,currents.a
1764787939713,0,currents.a
1764787939715,0,currents.a
1764787939717,0,currents.a
1764787939719,0,currents.a
1764787939721,0,currents.a
1764787939724,0,currents.a
1764787939727,0,currents.a
1764787939728,0,currents.a
1764787939730,0,currents.a
1764787939732,0,currents.a
1764787939734,0,currents.a
1764787939736,0,currents.a
1764787939738,0,currents.a
1764787939740,0,currents.a
1764787939742,0,currents.a
1764787939743,0,currents.a
1764787939745,0,currents.a
1764787939694,0,currents.b
1764787939696,0,currents.b
1764787939698,0,currents.b
1764787939700,0,currents.b
1764787939702,0,currents.b
1764787939704,0,currents.b
1764787939705,0,currents.b
1764787939707,0,currents.b
1764787939709,0,currents.b
1764787939711,0,currents.b
1764787939713,0,currents.b
1764787939715,0,currents.b
1764787939717,0,currents.b
1764787939719,0,currents.b
1764787939721,0,currents.b
1764787939724,0,currents.b
1764787939727,0,currents.b
1764787939728,0,currents.b
1764787939730,0,currents.b
1764787939732,0,currents.b
1764787939734,0,currents.b
1764787939736,0,currents.b
1764787939738,0,currents.b
1764787939740,0,currents.b
1764787939742,0,currents.b
1764787939743,0,currents.b
1764787939745,0,currents.b
1764787939694,0,currents.c
1764787939696,0,currents.c
1764787939698,0,currents.c
1764787939700,0,currents.c
1764787939702,0,currents.c
1764787939704,0,currents.c
1764787939705,0,currents.c
1764787939707,0,currents.c
1764787939709,0,currents.c
1764787939711,0,currents.c
1764787939713,0,currents.c
1764787939715,0,currents.c
1764787939717,0,currents.c
1764787939719,0,currents.c
1764787939721,0,currents.c
1764787939724,0,currents.c
1764787939727,0,currents.c
1764787939728,0,currents.c
1764787939730,0,currents.c
1764787939732,0,currents.c
1764787939734,0,currents.c
1764787939736,0,currents.c
1764787939738,0,currents.c
1764787939740,0,currents.c
1764787939742,0,currents.c
1764787939743,0,currents.c
1764787939745,0,currents.c
1764787939747,0,currents.a
1764787939749,0,currents.a
1764787939751,0,currents.a
1764787939753,0,currents.a
1764787939755,0,currents.a
1764787939757,0,currents.a
1764787939759,0,currents.a
1764787939761,0,currents.a
1764787939763,0,currents.a
1764787939765,0,currents.a
1764787939767,0,currents.a
1764787939770,0,currents.a
1764787939772,0,currents.a
1764787939774,0,currents.a
1764787939777,0,currents.a
1764787939779,0,currents.a
1764787939781,0,currents.a
1764787939783,0,currents.a
1764787939785,0,currents.a
1764787939786,0,currents.a
1764787939788,0,currents.a
1764787939791,0,currents.a
1764787939794,0,currents.a
1764787939796,0,currents.a
1764787939747,0,currents.b
1764787939749,0,currents.b
1764787939751,0,currents.b
1764787939753,0,currents.b
1764787939755,0,currents.b
1764787939757,0,currents.b
1764787939759,0,currents.b
1764787939761,0,currents.b
1764787939763,0,currents.b
1764787939765,0,currents.b
1764787939767,0,currents.b
1764787939770,0,currents.b
1764787939772,0,currents.b
1764787939774,0,currents.b
1764787939777,0,currents.b
1764787939779,0,currents.b
1764787939781,0,currents.b
1764787939783,0,currents.b
1764787939785,0,currents.b
1764787939786,0,currents.b
1764787939788,0,currents.b
1764787939791,0,currents.b
1764787939794,0,currents.b
1764787939796,0,currents.b
1764787939747,0,currents.c
1764787939749,0,currents.c
1764787939751,0,currents.c
1764787939753,0,currents.c
1764787939755,0,currents.c
1764787939757,0,currents.c
1764787939759,0,currents.c
1764787939761,0,currents.c
1764787939763,0,currents.c
1764787939765,0,currents.c
1764787939767,0,currents.c
1764787939770,0,currents.c
1764787939772,0,currents.c
1764787939774,0,currents.c
1764787939777,0,currents.c
1764787939779,0,currents.c
1764787939781,0,currents.c
1764787939783,0,currents.c
1764787939785,0,currents.c
1764787939786,0,currents.c
1764787939788,0,currents.c
1764787939791,0,currents.c
1764787939794,0,currents.c
1764787939796,0,currents.c
1764787939798,0,currents.a
1764787939800,0,currents.a
1764787939802,0,currents.a
1764787939803,0,currents.a
1764787939804,0,currents.a
1764787939806,0,currents.a
1764787939808,0,currents.a
1764787939810,0,currents.a
1764787939812,0,currents.a
1764787939814,0,currents.a
1764787939816,0,currents.a
1764787939818,0,currents.a
1764787939820,0,currents.a
1764787939822,0,currents.a
1764787939824,0,currents.a
1764787939827,0,currents.a
1764787939828,0,currents.a
1764787939830,0,currents.a
1764787939832,0,currents.a
1764787939834,0,currents.a
1764787939835,0,currents.a
1764787939837,0,currents.a
1764787939839,0,currents.a
1764787939841,0,currents.a
1764787939843,0,currents.a
1764787939845,0,currents.a
1764787939848,0,currents.a
1764787939798,0,currents.b
1764787939800,0,currents.b
1764787939802,0,currents.b
1764787939803,0,currents.b
1764787939804,0,currents.b
1764787939806,0,currents.b
1764787939808,0,currents.b
1764787939810,0,currents.b
1764787939812,0,currents.b
1764787939814,0,currents.b
1764787939816,0,currents.b
1764787939818,0,currents.b
1764787939820,0,currents.b
1764787939822,0,currents.b
1764787939824,0,currents.b
1764787939827,0,currents.b
1764787939828,0,currents.b
1764787939830,0,currents.b
1764787939832,0,currents.b
1764787939834,0,currents.b
1764787939835,0,currents.b
1764787939837,0,currents.b
1764787939839,0,currents.b
1764787939841,0,currents.b
1764787939843,0,currents.b
1764787939845,0,currents.b
1764787939848,0,currents.b
1764787939798,0,currents.c
1764787939800,0,currents.c
1764787939802,0,currents.c
1764787939803,0,currents.c
1764787939804,0,currents.c
1764787939806,0,currents.c
1764787939808,0,currents.c
1764787939810,0,currents.c
1764787939812,0,currents.c
1764787939814,0,currents.c
1764787939816,0,currents.c
1764787939818,0,currents.c
1764787939820,0,currents.c
1764787939822,0,currents.c
1764787939824,0,currents.c
1764787939827,0,currents.c
1764787939828,0,currents.c
1764787939830,0,currents.c
1764787939832,0,currents.c
1764787939834,0,currents.c
1764787939835,0,currents.c
1764787939837,0,currents.c
1764787939839,0,currents.c
1764787939841,0,currents.c
1764787939843,0,currents.c
1764787939845,0,currents.c
1764787939848,0,currents.c
1764787939850,0,currents.a
1764787939851,0,currents.a
1764787939854,0,currents.a
1764787939856,0,currents.a
1764787939858,0,currents.a
1764787939860,0,currents.a
1764787939862,0,currents.a
1764787939864,0,currents.a
1764787939866,0,currents.a
1764787939868,0,currents.a
1764787939870,0,currents.a
1764787939872,0,currents.a
1764787939874,0,currents.a
1764787939876,0,currents.a
1764787939878,0,currents.a
1764787939881,0,currents.a
1764787939883,0,currents.a
1764787939884,0,currents.a
1764787939886,0,currents.a
1764787939889,0,currents.a
1764787939891,0,currents.a
1764787939893,0,currents.a
1764787939894,0,currents.a
1764787939896,0,currents.a
1764787939898,0,currents.a
1764787939850,0,currents.b
1764787939851,0,currents.b
1764787939854,0,currents.b
1764787939856,0,currents.b
1764787939858,0,currents.b
1764787939860,0,currents.b
1764787939862,0,currents.b
1764787939864,0,currents.b
1764787939866,0,currents.b
1764787939868,0,currents.b
1764787939870,0,currents.b
1764787939872,0,currents.b
1764787939874,0,currents.b
1764787939876,0,currents.b
1764787939878,0,currents.b
1764787939881,0,currents.b
1764787939883,0,currents.b
1764787939884,0,currents.b
1764787939886,0,currents.b
1764787939889,0,currents.b
1764787939891,0,currents.b
1764787939893,0,currents.b
1764787939894,0,currents.b
1764787939896,0,currents.b
1764787939898,0,currents.b
1764787939850,0,currents.c
1764787939851,0,currents.c
1764787939854,0,currents.c
1764787939856,0,currents.c
1764787939858,0,currents.c
1764787939860,0,currents.c
1764787939862,0,currents.c
1764787939864,0,currents.c
1764787939866,0,currents.c
1764787939868,0,currents.c
1764787939870,0,currents.c
1764787939872,0,currents.c
1764787939874,0,currents.c
1764787939876,0,currents.c
1764787939878,0,currents.c
1764787939881,0,currents.c
1764787939883,0,currents.c
1764787939884,0,currents.c
1764787939886,0,currents.c
1764787939889,0,currents.c
1764787939891,0,currents.c
1764787939893,0,currents.c
1764787939894,0,currents.c
1764787939896,0,currents.c
1764787939898,0,currents.c
1764787939900,0,currents.a
1764787939902,0,currents.a
1764787939904,0,currents.a
1764787939907,0,currents.a
1764787939908,0,currents.a
1764787939910,0,currents.a
1764787939911,0,currents.a
1764787939913,0,currents.a
1764787939915,0,currents.a
1764787939917,0,currents.a
1764787939919,0,currents.a
1764787939921,0,currents.a
1764787939923,0,currents.a
1764787939926,0,currents.a
1764787939928,0,currents.a
1764787939930,0,currents.a
1764787939932,0,currents.a
1764787939934,0,currents.a
1764787939936,0,currents.a
1764787939938,0,currents.a
1764787939941,0,currents.a
1764787939943,0,currents.a
1764787939945,0,currents.a
1764787939947,0,currents.a
1764787939949,0,currents.a
1764787939900,0,currents.b
1764787939902,0,currents.b
1764787939904,0,currents.b
1764787939907,0,currents.b
1764787939908,0,currents.b
1764787939910,0,currents.b
1764787939911,0,currents.b
1764787939913,0,currents.b
1764787939915,0,currents.b
1764787939917,0,currents.b
1764787939919,0,currents.b
1764787939921,0,currents.b
1764787939923,0,currents.b
1764787939926,0,currents.b
1764787939928,0,currents.b
1764787939930,0,currents.b
1764787939932,0,currents.b
1764787939934,0,currents.b
1764787939936,0,currents.b
1764787939938,0,currents.b
1764787939941,0,currents.b
1764787939943,0,currents.b
1764787939945,0,currents.b
1764787939947,0,currents.b
1764787939949,0,currents.b
1764787939900,0,currents.c
1764787939902,0,currents.c
1764787939904,0,currents.c
1764787939907,0,currents.c
1764787939908,0,currents.c
1764787939910,0,currents.c
1764787939911,0,currents.c
1764787939913,0,currents.c
1764787939915,0,currents.c
1764787939917,0,currents.c
1764787939919,0,currents.c
1764787939921,0,currents.c
1764787939923,0,currents.c
1764787939926,0,currents.c
1764787939928,0,currents.c
1764787939930,0,currents.c
1764787939932,0,currents.c
1764787939934,0,currents.c
1764787939936,0,currents.c
1764787939938,0,currents.c
1764787939941,0,currents.c
1764787939943,0,currents.c
1764787939945,0,currents.c
1764787939947,0,currents.c
1764787939949,0,currents.c
1764787939951,0,currents.a
1764787939953,0,currents.a
1764787939955,0,currents.a
1764787939957,0,currents.a
1764787939959,0,currents.a
1764787939960,0,currents.a
1764787939962,0,currents.a
1764787939964,0,currents.a
1764787939965,0,currents.a
1764787939968,0,currents.a
1764787939970,0,currents.a
1764787939972,0,currents.a
1764787939974,0,currents.a
1764787939977,0,currents.a
1764787939979,0,currents.a
1764787939980,0,currents.a
1764787939982,0,currents.a
1764787939984,0,currents.a
1764787939986,0,currents.a
1764787939988,0,currents.a
1764787939990,0,currents.a
1764787939992,0,currents.a
1764787939994,0,currents.a
1764787939996,0,currents.a
1764787939997,0,currents.a
1764787939999,0,currents.a
1764787939951,0,currents.b
1764787939953,0,currents.b
1764787939955,0,currents.b
1764787939957,0,currents.b
1764787939959,0,currents.b
1764787939960,0,currents.b
1764787939962,0,currents.b
1764787939964,0,currents.b
1764787939965,0,currents.b
1764787939968,0,currents.b
1764787939970,0,currents.b
1764787939972,0,currents.b
1764787939974,0,currents.b
1764787939977,0,currents.b
1764787939979,0,currents.b
1764787939980,0,currents.b
1764787939982,0,currents.b
1764787939984,0,currents.b
1764787939986,0,currents.b
1764787939988,0,currents.b
1764787939990,0,currents.b
1764787939992,0,currents.b
1764787939994,0,currents.b
1764787939996,0,currents.b
1764787939997,0,currents.b
1764787939999,0,currents.b
1764787939951,0,currents.c
1764787939953,0,currents.c
1764787939955,0,currents.c
1764787939957,0,currents.c
1764787939959,0,currents.c
1764787939960,0,currents.c
1764787939962,0,currents.c
1764787939964,0,currents.c
1764787939965,0,currents.c
1764787939968,0,currents.c
1764787939970,0,currents.c
1764787939972,0,currents.c
1764787939974,0,currents.c
1764787939977,0,currents.c
1764787939979,0,currents.c
1764787939980,0,currents.c
1764787939982,0,currents.c
1764787939984,0,currents.c
1764787939986,0,currents.c
1764787939988,0,currents.c
1764787939990,0,currents.c
1764787939992,0,currents.c
1764787939994,0,currents.c
1764787939996,0,currents.c
1764787939997,0,currents.c
1764787939999,0,currents.c
1764787940001,0,currents.a
1764787940002,0,currents.a
1764787940004,0,currents.a
1764787940007,0,currents.a
1764787940009,0,currents.a
1764787940011,0,currents.a
1764787940013,0,currents.a
1764787940015,0,currents.a
1764787940017,0,currents.a
1764787940018,0,currents.a
1764787940020,0,currents.a
1764787940022,0,currents.a
1764787940024,0,currents.a
1764787940026,0,currents.a
1764787940029,0,currents.a
1764787940031,0,currents.a
1764787940032,0,currents.a
1764787940034,0,currents.a
1764787940036,0,currents.a
1764787940038,0,currents.a
1764787940040,0,currents.a
1764787940042,0,currents.a
1764787940044,0,currents.a
1764787940046,0,currents.a
1764787940048,0,currents.a
1764787940050,0,currents.a
1764787940001,0,currents.b
1764787940002,0,currents.b
1764787940004,0,currents.b
1764787940007,0,currents.b
1764787940009,0,currents.b
1764787940011,0,currents.b
1764787940013,0,currents.b
1764787940015,0,currents.b
1764787940017,0,currents.b
1764787940018,0,currents.b
1764787940020,0,currents.b
1764787940022,0,currents.b
1764787940024,0,currents.b
1764787940026,0,currents.b
1764787940029,0,currents.b
1764787940031,0,currents.b
1764787940032,0,currents.b
1764787940034,0,currents.b
1764787940036,0,currents.b
1764787940038,0,currents.b
1764787940040,0,currents.b
1764787940042,0,currents.b
1764787940044,0,currents.b
1764787940046,0,currents.b
1764787940048,0,currents.b
1764787940050,0,currents.b
1764787940001,0,currents.c
1764787940002,0,currents.c
1764787940004,0,currents.c
1764787940007,0,currents.c
1764787940009,0,currents.c
1764787940011,0,currents.c
1764787940013,0,currents.c
1764787940015,0,currents.c
1764787940017,0,currents.c
1764787940018,0,currents.c
1764787940020,0,currents.c
1764787940022,0,currents.c
1764787940024,0,currents.c
1764787940026,0,currents.c
1764787940029,0,currents.c
1764787940031,0,currents.c
1764787940032,0,currents.c
1764787940034,0,currents.c
1764787940036,0,currents.c
1764787940038,0,currents.c
1764787940040,0,currents.c
1764787940042,0,currents.c
1764787940044,0,currents.c
1764787940046,0,currents.c
1764787940048,0,currents.c
1764787940050,0,currents.c
1764787940051,0,currents.a
1764787940054,0,currents.a
1764787940056,0,currents.a
1764787940058,0,currents.a
1764787940059,0,currents.a
1764787940061,0,currents.a
1764787940062,0,currents.a
1764787940064,0,currents.a
1764787940066,0,currents.a
1764787940068,0,currents.a
1764787940070,0,currents.a
1764787940073,0,currents.a
1764787940075,0,currents.a
1764787940077,0,currents.a
1764787940079,0,currents.a
1764787940081,0,currents.a
1764787940083,0,currents.a
1764787940085,0,currents.a
1764787940087,0,currents.a
1764787940089,0,currents.a
1764787940091,0,currents.a
1764787940093,0,currents.a
1764787940095,0,currents.a
1764787940097,0,currents.a
1764787940099,0,currents.a
1764787940101,0,currents.a
1764787940051,0,currents.b
1764787940054,0,currents.b
1764787940056,0,currents.b
1764787940058,0,currents.b
1764787940059,0,currents.b
1764787940061,0,currents.b
1764787940062,0,currents.b
1764787940064,0,currents.b
1764787940066,0,currents.b
1764787940068,0,currents.b
1764787940070,0,currents.b
1764787940073,0,currents.b
1764787940075,0,currents.b
1764787940077,0,currents.b
1764787940079,0,currents.b
1764787940081,0,currents.b
1764787940083,0,currents.b
1764787940085,0,currents.b
1764787940087,0,currents.b
1764787940089,0,currents.b
1764787940091,0,currents.b
1764787940093,0,currents.b
1764787940095,0,currents.b
1764787940097,0,currents.b
1764787940099,0,currents.b
1764787940101,0,currents.b
1764787940051,0,currents.c
1764787940054,0,currents.c
1764787940056,0,currents.c
1764787940058,0,currents.c
1764787940059,0,currents.c
1764787940061,0,currents.c
1764787940062,0,currents.c
1764787940064,0,currents.c
1764787940066,0,currents.c
1764787940068,0,currents.c
1764787940070,0,currents.c
1764787940073,0,currents.c
1764787940075,0,currents.c
1764787940077,0,currents.c
1764787940079,0,currents.c
1764787940081,0,currents.c
1764787940083,0,currents.c
1764787940085,0,currents.c
1764787940087,0,currents.c
1764787940089,0,currents.c
1764787940091,0,currents.c
1764787940093,0,currents.c
1764787940095,0,currents.c
1764787940097,0,currents.c
1764787940099,0,currents.c
1764787940101,0,currents.c
1764787940103,0,currents.a
1764787940105,0,currents.a
1764787940107,0,currents.a
1764787940109,0,currents.a
1764787940111,0,currents.a
1764787940112,0,currents.a
1764787940115,0,currents.a
1764787940117,0,currents.a
1764787940119,0,currents.a
1764787940121,0,currents.a
1764787940124,0,currents.a
1764787940125,0,currents.a
1764787940127,0,currents.a
1764787940129,0,currents.a
1764787940131,0,currents.a
1764787940133,0,currents.a
1764787940135,0,currents.a
1764787940137,0,currents.a
1764787940139,0,currents.a
1764787940141,0,currents.a
1764787940143,0,currents.a
1764787940145,0,currents.a
1764787940147,0,currents.a
1764787940149,0,currents.a
1764787940151,0,currents.a
1764787940103,0,currents.b
1764787940105,0,currents.b
1764787940107,0,currents.b
1764787940109,0,currents.b
1764787940111,0,currents.b
1764787940112,0,currents.b
1764787940115,0,currents.b
1764787940117,0,currents.b
1764787940119,0,currents.b
1764787940121,0,currents.b
1764787940124,0,currents.b
1764787940125,0,currents.b
1764787940127,0,currents.b
1764787940129,0,currents.b
1764787940131,0,currents.b
1764787940133,0,currents.b
1764787940135,0,currents.b
1764787940137,0,currents.b
1764787940139,0,currents.b
1764787940141,0,currents.b
1764787940143,0,currents.b
1764787940145,0,currents.b
1764787940147,0,currents.b
1764787940149,0,currents.b
1764787940151,0,currents.b
1764787940103,0,currents.c
1764787940105,0,currents.c
1764787940107,0,currents.c
1764787940109,0,currents.c
1764787940111,0,currents.c
1764787940112,0,currents.c
1764787940115,0,currents.c
1764787940117,0,currents.c
1764787940119,0,currents.c
1764787940121,0,currents.c
1764787940124,0,currents.c
1764787940125,0,currents.c
1764787940127,0,currents.c
1764787940129,0,currents.c
1764787940131,0,currents.c
1764787940133,0,currents.c
1764787940135,0,currents.c
1764787940137,0,currents.c
1764787940139,0,currents.c
1764787940141,0,currents.c
1764787940143,0,currents.c
1764787940145,0,currents.c
1764787940147,0,currents.c
1764787940149,0,currents.c
1764787940151,0,currents.c
1764787940152,0,currents.a
1764787940154,0,currents.a
1764787940157,0,currents.a
1764787940159,0,currents.a
1764787940161,0,currents.a
1764787940162,0,currents.a
1764787940164,0,currents.a
1764787940166,0,currents.a
1764787940168,0,currents.a
1764787940171,0,currents.a
1764787940173,0,currents.a
1764787940176,0,currents.a
1764787940177,0,currents.a
1764787940179,0,currents.a
1764787940181,0,currents.a
1764787940183,0,currents.a
1764787940185,0,currents.a
1764787940187,0,currents.a
1764787940189,0,currents.a
1764787940191,0,currents.a
1764787940193,0,currents.a
1764787940195,0,currents.a
1764787940197,0,currents.a
1764787940199,0,currents.a
1764787940201,0,currents.a
1764787940203,0,currents.a
1764787940152,0,currents.b
1764787940154,0,currents.b
1764787940157,0,currents.b
1764787940159,0,currents.b
1764787940161,0,currents.b
1764787940162,0,currents.b
1764787940164,0,currents.b
1764787940166,0,currents.b
1764787940168,0,currents.b
1764787940171,0,currents.b
1764787940173,0,currents.b
1764787940176,0,currents.b
1764787940177,0,currents.b
1764787940179,0,currents.b
1764787940181,0,currents.b
1764787940183,0,currents.b
1764787940185,0,currents.b
1764787940187,0,currents.b
1764787940189,0,currents.b
1764787940191,0,currents.b
1764787940193,0,currents.b
1764787940195,0,currents.b
1764787940197,0,currents.b
1764787940199,0,currents.b
1764787940201,0,currents.b
1764787940203,0,currents.b
1764787940152,0,currents.c
1764787940154,0,currents.c
1764787940157,0,currents.c
1764787940159,0,currents.c
1764787940161,0,currents.c
1764787940162,0,currents.c
1764787940164,0,currents.c
1764787940166,0,currents.c
1764787940168,0,currents.c
1764787940171,0,currents.c
1764787940173,0,currents.c
1764787940176,0,currents.c
1764787940177,0,currents.c
1764787940179,0,currents.c
1764787940181,0,currents.c
1764787940183,0,currents.c
1764787940185,0,currents.c
1764787940187,0,currents.c
1764787940189,0,currents.c
1764787940191,0,currents.c
1764787940193,0,currents.c
1764787940195,0,currents.c
1764787940197,0,currents.c
1764787940199,0,currents.c
1764787940201,0,currents.c
1764787940203,0,currents.c
1764787940205,0,currents.a
1764787940207,0,currents.a
1764787940209,0,currents.a
1764787940211,0,currents.a
1764787940212,0,currents.a
1764787940213,0,currents.a
1764787940214,0,currents.a
1764787940215,0,currents.a
1764787940217,0,currents.a
1764787940218,0,currents.a
1764787940220,0,currents.a
1764787940223,0,currents.a
1764787940225,0,currents.a
1764787940227,0,currents.a
1764787940229,0,currents.a
1764787940231,0,currents.a
1764787940233,0,currents.a
1764787940235,0,currents.a
1764787940237,0,currents.a
1764787940240,0,currents.a
1764787940242,0,currents.a
1764787940244,0,currents.a
1764787940246,0,currents.a
1764787940248,0,currents.a
1764787940250,0,currents.a
1764787940252,0,currents.a
1764787940205,0,currents.b
1764787940207,0,currents.b
1764787940209,0,currents.b
1764787940211,0,currents.b
1764787940212,0,currents.b
1764787940213,0,currents.b
1764787940214,0,currents.b
1764787940215,0,currents.b
1764787940217,0,currents.b
1764787940218,0,currents.b
1764787940220,0,currents.b
1764787940223,0,currents.b
1764787940225,0,currents.b
1764787940227,0,currents.b
1764787940229,0,currents.b
1764787940231,0,currents.b
1764787940233,0,currents.b
1764787940235,0,currents.b
1764787940237,0,currents.b
1764787940240,0,currents.b
1764787940242,0,currents.b
1764787940244,0,currents.b
1764787940246,0,currents.b
1764787940248,0,currents.b
1764787940250,0,currents.b
1764787940252,0,currents.b
1764787940205,0,currents.c
1764787940207,0,currents.c
1764787940209,0,currents.c
1764787940211,0,currents.c
1764787940212,0,currents.c
1764787940213,0,currents.c
1764787940214,0,currents.c
1764787940215,0,currents.c
1764787940217,0,currents.c
1764787940218,0,currents.c
1764787940220,0,currents.c
1764787940223,0,currents.c
1764787940225,0,currents.c
1764787940227,0,currents.c
1764787940229,0,currents.c
1764787940231,0,currents.c
1764787940233,0,currents.c
1764787940235,0,currents.c
1764787940237,0,currents.c
1764787940240,0,currents.c
1764787940242,0,currents.c
1764787940244,0,currents.c
1764787940246,0,currents.c
1764787940248,0,currents.c
1764787940250,0,currents.c
1764787940252,0,currents.c
1764787940254,0,currents.a
1764787940256,0,currents.a
1764787940258,0,currents.a
1764787940260,0,currents.a
1764787940261,0,currents.a
1764787940263,0,currents.a
1764787940264,0,currents.a
1764787940266,0,currents.a
1764787940267,0,currents.a
1764787940270,0,currents.a
1764787940272,0,currents.a
1764787940274,0,currents.a
1764787940277,0,currents.a
1764787940279,0,currents.a
1764787940281,0,currents.a
1764787940283,0,currents.a
1764787940285,0,currents.a
1764787940287,0,currents.a
1764787940289,0,currents.a
1764787940292,0,currents.a
1764787940293,0,currents.a
1764787940295,0,currents.a
1764787940297,0,currents.a
1764787940299,0,currents.a
1764787940301,0,currents.a
1764787940303,0,currents.a
1764787940254,0,currents.b
1764787940256,0,currents.b
1764787940258,0,currents.b
1764787940260,0,currents.b
1764787940261,0,currents.b
1764787940263,0,currents.b
1764787940264,0,currents.b
1764787940266,0,currents.b
1764787940267,0,currents.b
1764787940270,0,currents.b
1764787940272,0,currents.b
1764787940274,0,currents.b
1764787940277,0,currents.b
1764787940279,0,currents.b
1764787940281,0,currents.b
1764787940283,0,currents.b
1764787940285,0,currents.b
1764787940287,0,currents.b
1764787940289,0,currents.b
1764787940292,0,currents.b
1764787940293,0,currents.b
1764787940295,0,currents.b
1764787940297,0,currents.b
1764787940299,0,currents.b
1764787940301,0,currents.b
1764787940303,0,currents.b
1764787940254,0,currents.c
1764787940256,0,currents.c
1764787940258,0,currents.c
1764787940260,0,currents.c
1764787940261,0,currents.c
1764787940263,0,currents.c
1764787940264,0,currents.c
1764787940266,0,currents.c
1764787940267,0,currents.c
1764787940270,0,currents.c
1764787940272,0,currents.c
1764787940274,0,currents.c
1764787940277,0,currents.c
1764787940279,0,currents.c
1764787940281,0,currents.c
1764787940283,0,currents.c
1764787940285,0,currents.c
1764787940287,0,currents.c
1764787940289,0,currents.c
1764787940292,0,currents.c
1764787940293,0,currents.c
1764787940295,0,currents.c
1764787940297,0,currents.c
1764787940299,0,currents.c
1764787940301,0,currents.c
1764787940303,0,currents.c
1764787940305,0,currents.a
1764787940308,0,currents.a
1764787940310,0,currents.a
1764787940312,0,currents.a
1764787940313,0,currents.a
1764787940315,0,currents.a
1764787940316,0,currents.a
1764787940318,0,currents.a
1764787940320,0,currents.a
1764787940321,0,currents.a
1764787940324,0,currents.a
1764787940326,0,currents.a
1764787940327,0,currents.a
1764787940330,0,currents.a
1764787940332,0,currents.a
1764787940334,0,currents.a
1764787940337,0,currents.a
1764787940339,0,currents.a
1764787940341,0,currents.a
1764787940343,0,currents.a
1764787940345,0,currents.a
1764787940347,0,currents.a
1764787940349,0,currents.a
1764787940351,0,currents.a
1764787940353,0,currents.a
1764787940354,0,currents.a
1764787940305,0,currents.b
1764787940308,0,currents.b
1764787940310,0,currents.b
1764787940312,0,currents.b
1764787940313,0,currents.b
1764787940315,0,currents.b
1764787940316,0,currents.b
1764787940318,0,currents.b
1764787940320,0,currents.b
1764787940321,0,currents.b
1764787940324,0,currents.b
1764787940326,0,currents.b
1764787940327,0,currents.b
1764787940330,0,currents.b
1764787940332,0,currents.b
1764787940334,0,currents.b
1764787940337,0,currents.b
1764787940339,0,currents.b
1764787940341,0,currents.b
1764787940343,0,currents.b
1764787940345,0,currents.b
1764787940347,0,currents.b
1764787940349,0,currents.b
1764787940351,0,currents.b
1764787940353,0,currents.b
1764787940354,0,currents.b
1764787940305,0,currents.c
1764787940308,0,currents.c
1764787940310,0,currents.c
1764787940312,0,currents.c
1764787940313,0,currents.c
1764787940315,0,currents.c
1764787940316,0,currents.c
1764787940318,0,currents.c
1764787940320,0,currents.c
1764787940321,0,currents.c
1764787940324,0,currents.c
1764787940326,0,currents.c
1764787940327,0,currents.c
1764787940330,0,currents.c
1764787940332,0,currents.c
1764787940334,0,currents.c
1764787940337,0,currents.c
1764787940339,0,currents.c
1764787940341,0,currents.c
1764787940343,0,currents.c
1764787940345,0,currents.c
1764787940347,0,currents.c
1764787940349,0,currents.c
1764787940351,0,currents.c
1764787940353,0,currents.c
1764787940354,0,currents.c
1764787940357,0,currents.a
1764787940359,0,currents.a
1764787940361,0,currents.a
1764787940363,0,currents.a
1764787940364,0,currents.a
1764787940366,0,currents.a
1764787940368,0,currents.a
1764787940370,0,currents.a
1764787940372,0,currents.a
1764787940375,0,currents.a
1764787940377,0,currents.a
1764787940379,0,currents.a
1764787940381,0,currents.a
1764787940383,0,currents.a
1764787940385,0,currents.a
1764787940387,0,currents.a
1764787940389,0,currents.a
1764787940391,0,currents.a
1764787940393,0,currents.a
1764787940395,0,currents.a
1764787940397,0,currents.a
1764787940399,0,currents.a
1764787940401,0,currents.a
1764787940403,0,currents.a
1764787940405,0,currents.a
1764787940357,0,currents.b
1764787940359,0,currents.b
1764787940361,0,currents.b
1764787940363,0,currents.b
1764787940364,0,currents.b
1764787940366,0,currents.b
1764787940368,0,currents.b
1764787940370,0,currents.b
1764787940372,0,currents.b
1764787940375,0,currents.b
1764787940377,0,currents.b
1764787940379,0,currents.b
1764787940381,0,currents.b
1764787940383,0,currents.b
1764787940385,0,currents.b
1764787940387,0,currents.b
1764787940389,0,currents.b
1764787940391,0,currents.b
1764787940393,0,currents.b
1764787940395,0,currents.b
1764787940397,0,currents.b
1764787940399,0,currents.b
1764787940401,0,currents.b
1764787940403,0,currents.b
1764787940405,0,currents.b
1764787940357,0,currents.c
1764787940359,0,currents.c
1764787940361,0,currents.c
1764787940363,0,currents.c
1764787940364,0,currents.c
1764787940366,0,currents.c
1764787940368,0,currents.c
1764787940370,0,currents.c
1764787940372,0,currents.c
1764787940375,0,currents.c
1764787940377,0,currents.c
1764787940379,0,currents.c
1764787940381,0,currents.c
1764787940383,0,currents.c
1764787940385,0,currents.c
1764787940387,0,currents.c
1764787940389,0,currents.c
1764787940391,0,currents.c
1764787940393,0,currents.c
1764787940395,0,currents.c
1764787940397,0,currents.c
1764787940399,0,currents.c
1764787940401,0,currents.c
1764787940403,0,currents.c
1764787940405,0,currents.c
1764787940407,0,currents.a
1764787940409,0,currents.a
1764787940411,0,currents.a
1764787940413,0,currents.a
1764787940415,0,currents.a
1764787940416,0,currents.a
1764787940418,0,currents.a
1764787940420,0,currents.a
1764787940421,0,currents.a
1764787940423,0,currents.a
1764787940425,0,currents.a
1764787940427,0,currents.a
1764787940429,0,currents.a
1764787940431,0,currents.a
1764787940433,0,currents.a
1764787940435,0,currents.a
1764787940437,0,currents.a
1764787940440,0,currents.a
1764787940443,0,currents.a
1764787940444,0,currents.a
1764787940446,0,currents.a
1764787940448,0,currents.a
1764787940450,0,currents.a
1764787940452,0,currents.a
1764787940454,0,currents.a
1764787940457,0,currents.a
1764787940407,0,currents.b
1764787940409,0,currents.b
1764787940411,0,currents.b
1764787940413,0,currents.b
1764787940415,0,currents.b
1764787940416,0,currents.b
1764787940418,0,currents.b
1764787940420,0,currents.b
1764787940421,0,currents.b
1764787940423,0,currents.b
1764787940425,0,currents.b
1764787940427,0,currents.b
1764787940429,0,currents.b
1764787940431,0,currents.b
1764787940433,0,currents.b
1764787940435,0,currents.b
1764787940437,0,currents.b
1764787940440,0,currents.b
1764787940443,0,currents.b
1764787940444,0,currents.b
1764787940446,0,currents.b
1764787940448,0,currents.b
1764787940450,0,currents.b
1764787940452,0,currents.b
1764787940454,0,currents.b
1764787940457,0,currents.b
1764787940407,0,currents.c
1764787940409,0,currents.c
1764787940411,0,currents.c
1764787940413,0,currents.c
1764787940415,0,currents.c
1764787940416,0,currents.c
1764787940418,0,currents.c
1764787940420,0,currents.c
1764787940421,0,currents.c
1764787940423,0,currents.c
1764787940425,0,currents.c
1764787940427,0,currents.c
1764787940429,0,currents.c
1764787940431,0,currents.c
1764787940433,0,currents.c
1764787940435,0,currents.c
1764787940437,0,currents.c
1764787940440,0,currents.c
1764787940443,0,currents.c
1764787940444,0,currents.c
1764787940446,0,currents.c
1764787940448,0,currents.c
1764787940450,0,currents.c
1764787940452,0,currents.c
1764787940454,0,currents.c
1764787940457,0,currents.c
1764787940459,0,currents.a
1764787940461,0,currents.a
1764787940463,0,currents.a
1764787940465,0,currents.a
1764787940467,0,currents.a
1764787940469,0,currents.a
1764787940471,0,currents.a
1764787940474,0,currents.a
1764787940476,0,currents.a
1764787940479,0,currents.a
1764787940480,0,currents.a
1764787940483,0,currents.a
1764787940485,0,currents.a
1764787940487,0,currents.a
1764787940490,0,currents.a
1764787940492,0,currents.a
1764787940494,0,currents.a
1764787940496,0,currents.a
1764787940500,0,currents.a
1764787940502,0,currents.a
1764787940503,0,currents.a
1764787940505,0,currents.a
1764787940459,0,currents.b
1764787940461,0,currents.b
1764787940463,0,currents.b
1764787940465,0,currents.b
1764787940467,0,currents.b
1764787940469,0,currents.b
1764787940471,0,currents.b
1764787940474,0,currents.b
1764787940476,0,currents.b
1764787940479,0,currents.b
1764787940480,0,currents.b
1764787940483,0,currents.b
1764787940485,0,currents.b
1764787940487,0,currents.b
1764787940490,0,currents.b
1764787940492,0,currents.b
1764787940494,0,currents.b
1764787940496,0,currents.b
1764787940500,0,currents.b
1764787940502,0,currents.b
1764787940503,0,currents.b
1764787940505,0,currents.b
1764787940459,0,currents.c
1764787940461,0,currents.c
1764787940463,0,currents.c
1764787940465,0,currents.c
1764787940467,0,currents.c
1764787940469,0,currents.c
1764787940471,0,currents.c
1764787940474,0,currents.c
1764787940476,0,currents.c
1764787940479,0,currents.c
1764787940480,0,currents.c
1764787940483,0,currents.c
1764787940485,0,currents.c
1764787940487,0,currents.c
1764787940490,0,currents.c
1764787940492,0,currents.c
1764787940494,0,currents.c
1764787940496,0,currents.c
1764787940500,0,currents.c
1764787940502,0,currents.c
1764787940503,0,currents.c
1764787940505,0,currents.c
1764787940507,0,currents.a
1764787940509,0,currents.a
1764787940511,0,currents.a
1764787940513,0,currents.a
1764787940515,0,currents.a
1764787940516,0,currents.a
1764787940518,0,currents.a
1764787940520,0,currents.a
1764787940522,0,currents.a
1764787940524,0,currents.a
1764787940526,0,currents.a
1764787940528,0,currents.a
1764787940530,0,currents.a
1764787940532,0,currents.a
1764787940534,0,currents.a
1764787940537,0,currents.a
1764787940539,0,currents.a
1764787940542,0,currents.a
1764787940544,0,currents.a
1764787940546,0,currents.a
1764787940548,0,currents.a
1764787940550,0,currents.a
1764787940552,0,currents.a
1764787940554,0,currents.a
1764787940557,0,currents.a
1764787940507,0,currents.b
1764787940509,0,currents.b
1764787940511,0,currents.b
1764787940513,0,currents.b
1764787940515,0,currents.b
1764787940516,0,currents.b
1764787940518,0,currents.b
1764787940520,0,currents.b
1764787940522,0,currents.b
1764787940524,0,currents.b
1764787940526,0,currents.b
1764787940528,0,currents.b
1764787940530,0,currents.b
1764787940532,0,currents.b
1764787940534,0,currents.b
1764787940537,0,currents.b
1764787940539,0,currents.b
1764787940542,0,currents.b
1764787940544,0,currents.b
1764787940546,0,currents.b
1764787940548,0,currents.b
1764787940550,0,currents.b
1764787940552,0,currents.b
1764787940554,0,currents.b
1764787940557,0,currents.b
1764787940507,0,currents.c
1764787940509,0,currents.c
1764787940511,0,currents.c
1764787940513,0,currents.c
1764787940515,0,currents.c
1764787940516,0,currents.c
1764787940518,0,currents.c
1764787940520,0,currents.c
1764787940522,0,currents.c
1764787940524,0,currents.c
1764787940526,0,currents.c
1764787940528,0,currents.c
1764787940530,0,currents.c
1764787940532,0,currents.c
1764787940534,0,currents.c
1764787940537,0,currents.c
1764787940539,0,currents.c
1764787940542,0,currents.c
1764787940544,0,currents.c
1764787940546,0,currents.c
1764787940548,0,currents.c
1764787940550,0,currents.c
1764787940552,0,currents.c
1764787940554,0,currents.c
1764787940557,0,currents.c
1764787940559,0,currents.a
1764787940561,0,currents.a
1764787940563,0,currents.a
1764787940565,0,currents.a
1764787940567,0,currents.a
1764787940569,0,currents.a
1764787940571,0,currents.a
1764787940573,0,currents.a
1764787940576,0,currents.a
1764787940578,0,currents.a
1764787940580,0,currents.a
1764787940583,0,currents.a
1764787940585,0,currents.a
1764787940587,0,currents.a
1764787940590,0,currents.a
1764787940592,0,currents.a
1764787940594,0,currents.a
1764787940596,0,currents.a
1764787940598,0,currents.a
1764787940600,0,currents.a
1764787940602,0,currents.a
1764787940605,0,currents.a
1764787940608,0,currents.a
1764787940559,0,currents.b
1764787940561,0,currents.b
1764787940563,0,currents.b
1764787940565,0,currents.b
1764787940567,0,currents.b
1764787940569,0,currents.b
1764787940571,0,currents.b
1764787940573,0,currents.b
1764787940576,0,currents.b
1764787940578,0,currents.b
1764787940580,0,currents.b
1764787940583,0,currents.b
1764787940585,0,currents.b
1764787940587,0,currents.b
1764787940590,0,currents.b
1764787940592,0,currents.b
1764787940594,0,currents.b
1764787940596,0,currents.b
1764787940598,0,currents.b
1764787940600,0,currents.b
1764787940602,0,currents.b
1764787940605,0,currents.b
1764787940608,0,currents.b
1764787940559,0,currents.c
1764787940561,0,currents.c
1764787940563,0,currents.c
1764787940565,0,currents.c
1764787940567,0,currents.c
1764787940569,0,currents.c
1764787940571,0,currents.c
1764787940573,0,currents.c
1764787940576,0,currents.c
1764787940578,0,currents.c
1764787940580,0,currents.c
1764787940583,0,currents.c
1764787940585,0,currents.c
1764787940587,0,currents.c
1764787940590,0,currents.c
1764787940592,0,currents.c
1764787940594,0,currents.c
1764787940596,0,currents.c
1764787940598,0,currents.c
1764787940600,0,currents.c
1764787940602,0,currents.c
1764787940605,0,currents.c
1764787940608,0,currents.c
1764787940610,0,currents.a
1764787940612,0,currents.a
1764787940614,0,currents.a
1764787940616,0,currents.a
1764787940617,0,currents.a
1764787940620,0,currents.a
1764787940622,0,currents.a
1764787940624,0,currents.a
1764787940626,0,currents.a
1764787940628,0,currents.a
1764787940630,0,currents.a
1764787940632,0,currents.a
1764787940634,0,currents.a
1764787940636,0,currents.a
1764787940638,0,currents.a
1764787940640,0,currents.a
1764787940643,0,currents.a
1764787940645,0,currents.a
1764787940647,0,currents.a
1764787940649,0,currents.a
1764787940651,0,currents.a
1764787940653,0,currents.a
1764787940656,0,currents.a
1764787940610,0,currents.b
1764787940612,0,currents.b
1764787940614,0,currents.b
1764787940616,0,currents.b
1764787940617,0,currents.b
1764787940620,0,currents.b
1764787940622,0,currents.b
1764787940624,0,currents.b
1764787940626,0,currents.b
1764787940628,0,currents.b
1764787940630,0,currents.b
1764787940632,0,currents.b
1764787940634,0,currents.b
1764787940636,0,currents.b
1764787940638,0,currents.b
1764787940640,0,currents.b
1764787940643,0,currents.b
1764787940645,0,currents.b
1764787940647,0,currents.b
1764787940649,0,currents.b
1764787940651,0,currents.b
1764787940653,0,currents.b
1764787940656,0,currents.b
1764787940610,0,currents.c
1764787940612,0,currents.c
1764787940614,0,currents.c
1764787940616,0,currents.c
1764787940617,0,currents.c
1764787940620,0,currents.c
1764787940622,0,currents.c
1764787940624,0,currents.c
1764787940626,0,currents.c
1764787940628,0,currents.c
1764787940630,0,currents.c
1764787940632,0,currents.c
1764787940634,0,currents.c
1764787940636,0,currents.c
1764787940638,0,currents.c
1764787940640,0,currents.c
1764787940643,0,currents.c
1764787940645,0,currents.c
1764787940647,0,currents.c
1764787940649,0,currents.c
1764787940651,0,currents.c
1764787940653,0,currents.c
1764787940656,0,currents.c
1764787940658,0,currents.a
1764787940660,0,currents.a
1764787940662,0,currents.a
1764787940664,0,currents.a
1764787940666,0,currents.a
1764787940668,0,currents.a
1764787940671,0,currents.a
1764787940673,0,currents.a
1764787940675,0,currents.a
1764787940677,0,currents.a
1764787940680,0,currents.a
1764787940682,0,currents.a
1764787940684,0,currents.a
1764787940686,0,currents.a
1764787940689,0,currents.a
1764787940691,0,currents.a
1764787940693,0,currents.a
1764787940696,0,currents.a
1764787940698,0,currents.a
1764787940700,0,currents.a
1764787940702,0,currents.a
1764787940704,0,currents.a
1764787940706,0,currents.a
1764787940708,0,currents.a
1764787940658,0,currents.b
1764787940660,0,currents.b
1764787940662,0,currents.b
1764787940664,0,currents.b
1764787940666,0,currents.b
1764787940668,0,currents.b
1764787940671,0,currents.b
1764787940673,0,currents.b
1764787940675,0,currents.b
1764787940677,0,currents.b
1764787940680,0,currents.b
1764787940682,0,currents.b
1764787940684,0,currents.b
1764787940686,0,currents.b
1764787940689,0,currents.b
1764787940691,0,currents.b
1764787940693,0,currents.b
1764787940696,0,currents.b
1764787940698,0,currents.b
1764787940700,0,currents.b
1764787940702,0,currents.b
1764787940704,0,currents.b
1764787940706,0,currents.b
1764787940708,0,currents.b
1764787940658,0,currents.c
1764787940660,0,currents.c
1764787940662,0,currents.c
1764787940664,0,currents.c
1764787940666,0,currents.c
1764787940668,0,currents.c
1764787940671,0,currents.c
1764787940673,0,currents.c
1764787940675,0,currents.c
1764787940677,0,currents.c
1764787940680,0,currents.c
1764787940682,0,currents.c
1764787940684,0,currents.c
1764787940686,0,currents.c
1764787940689,0,currents.c
1764787940691,0,currents.c
1764787940693,0,currents.c
1764787940696,0,currents.c
1764787940698,0,currents.c
1764787940700,0,currents.c
1764787940702,0,currents.c
1764787940704,0,currents.c
1764787940706,0,currents.c
1764787940708,0,currents.c
1764787940710,0,currents.a
1764787940712,0,currents.a
1764787940714,0,currents.a
1764787940716,0,currents.a
1764787940718,0,currents.a
1764787940719,0,currents.a
1764787940721,0,currents.a
1764787940723,0,currents.a
1764787940725,0,currents.a
1764787940727,0,currents.a
1764787940729,0,currents.a
1764787940731,0,currents.a
1764787940733,0,currents.a
1764787940736,0,currents.a
1764787940738,0,currents.a
1764787940740,0,currents.a
1764787940742,0,currents.a
1764787940744,0,currents.a
1764787940746,0,currents.a
1764787940748,0,currents.a
1764787940750,0,currents.a
1764787940752,0,currents.a
1764787940754,0,currents.a
1764787940756,0,currents.a
1764787940758,0,currents.a
1764787940710,0,currents.b
1764787940712,0,currents.b
1764787940714,0,currents.b
1764787940716,0,currents.b
1764787940718,0,currents.b
1764787940719,0,currents.b
1764787940721,0,currents.b
1764787940723,0,currents.b
1764787940725,0,currents.b
1764787940727,0,currents.b
1764787940729,0,currents.b
1764787940731,0,currents.b
1764787940733,0,currents.b
1764787940736,0,currents.b
1764787940738,0,currents.b
1764787940740,0,currents.b
1764787940742,0,currents.b
1764787940744,0,currents.b
1764787940746,0,currents.b
1764787940748,0,currents.b
1764787940750,0,currents.b
1764787940752,0,currents.b
1764787940754,0,currents.b
1764787940756,0,currents.b
1764787940758,0,currents.b
1764787940710,0,currents.c
1764787940712,0,currents.c
1764787940714,0,currents.c
1764787940716,0,currents.c
1764787940718,0,currents.c
1764787940719,0,currents.c
1764787940721,0,currents.c
1764787940723,0,currents.c
1764787940725,0,currents.c
1764787940727,0,currents.c
1764787940729,0,currents.c
1764787940731,0,currents.c
1764787940733,0,currents.c
1764787940736,0,currents.c
1764787940738,0,currents.c
1764787940740,0,currents.c
1764787940742,0,currents.c
1764787940744,0,currents.c
1764787940746,0,currents.c
1764787940748,0,currents.c
1764787940750,0,currents.c
1764787940752,0,currents.c
1764787940754,0,currents.c
1764787940756,0,currents.c
1764787940758,0,currents.c
1764787940759,0,currents.a
1764787940761,0,currents.a
1764787940762,0,currents.a
1764787940764,0,currents.a
1764787940766,0,currents.a
1764787940768,0,currents.a
1764787940770,0,currents.a
1764787940771,0,currents.a
1764787940773,0,currents.a
1764787940776,0,currents.a
1764787940778,0,currents.a
1764787940779,0,currents.a
1764787940781,0,currents.a
1764787940783,0,currents.a
1764787940785,0,currents.a
1764787940787,0,currents.a
1764787940789,0,currents.a
1764787940791,0,currents.a
1764787940793,0,currents.a
1764787940795,0,currents.a
1764787940796,0,currents.a
1764787940799,0,currents.a
1764787940800,0,currents.a
1764787940802,0,currents.a
1764787940804,0,currents.a
1764787940806,0,currents.a
1764787940808,0,currents.a
1764787940810,0,currents.a
1764787940759,0,currents.b
1764787940761,0,currents.b
1764787940762,0,currents.b
1764787940764,0,currents.b
1764787940766,0,currents.b
1764787940768,0,currents.b
1764787940770,0,currents.b
1764787940771,0,currents.b
1764787940773,0,currents.b
1764787940776,0,currents.b
1764787940778,0,currents.b
1764787940779,0,currents.b
1764787940781,0,currents.b
1764787940783,0,currents.b
1764787940785,0,currents.b
1764787940787,0,currents.b
1764787940789,0,currents.b
1764787940791,0,currents.b
1764787940793,0,currents.b
1764787940795,0,currents.b
1764787940796,0,currents.b
1764787940799,0,currents.b
1764787940800,0,currents.b
1764787940802,0,currents.b
1764787940804,0,currents.b
1764787940806,0,currents.b
1764787940808,0,currents.b
1764787940810,0,currents.b
1764787940759,0,currents.c
1764787940761,0,currents.c
1764787940762,0,currents.c
1764787940764,0,currents.c
1764787940766,0,currents.c
1764787940768,0,currents.c
1764787940770,0,currents.c
1764787940771,0,currents.c
1764787940773,0,currents.c
1764787940776,0,currents.c
1764787940778,0,currents.c
1764787940779,0,currents.c
1764787940781,0,currents.c
1764787940783,0,currents.c
1764787940785,0,currents.c
1764787940787,0,currents.c
1764787940789,0,currents.c
1764787940791,0,currents.c
1764787940793,0,currents.c
1764787940795,0,currents.c
1764787940796,0,currents.c
1764787940799,0,currents.c
1764787940800,0,currents.c
1764787940802,0,currents.c
1764787940804,0,currents.c
1764787940806,0,currents.c
1764787940808,0,currents.c
1764787940810,0,currents.c
1764787940812,0,currents.a
1764787940814,0,currents.a
1764787940816,0,currents.a
1764787940817,0,currents.a
1764787940819,0,currents.a
1764787940821,0,currents.a
1764787940823,0,currents.a
1764787940825,0,currents.a
1764787940827,0,currents.a
1764787940829,0,currents.a
1764787940831,0,currents.a
1764787940832,0,currents.a
1764787940834,0,currents.a
1764787940836,0,currents.a
1764787940839,0,currents.a
1764787940841,0,currents.a
1764787940843,0,currents.a
1764787940845,0,currents.a
1764787940847,0,currents.a
1764787940849,0,currents.a
1764787940851,0,currents.a
1764787940853,0,currents.a
1764787940856,0,currents.a
1764787940858,0,currents.a
1764787940860,0,currents.a
1764787940812,0,currents.b
1764787940814,0,currents.b
1764787940816,0,currents.b
1764787940817,0,currents.b
1764787940819,0,currents.b
1764787940821,0,currents.b
1764787940823,0,currents.b
1764787940825,0,currents.b
1764787940827,0,currents.b
1764787940829,0,currents.b
1764787940831,0,currents.b
1764787940832,0,currents.b
1764787940834,0,currents.b
1764787940836,0,currents.b
1764787940839,0,currents.b
1764787940841,0,currents.b
1764787940843,0,currents.b
1764787940845,0,currents.b
1764787940847,0,currents.b
1764787940849,0,currents.b
1764787940851,0,currents.b
1764787940853,0,currents.b
1764787940856,0,currents.b
1764787940858,0,currents.b
1764787940860,0,currents.b
1764787940812,0,currents.c
1764787940814,0,currents.c
1764787940816,0,currents.c
1764787940817,0,currents.c
1764787940819,0,currents.c
1764787940821,0,currents.c
1764787940823,0,currents.c
1764787940825,0,currents.c
1764787940827,0,currents.c
1764787940829,0,currents.c
1764787940831,0,currents.c
1764787940832,0,currents.c
1764787940834,0,currents.c
1764787940836,0,currents.c
1764787940839,0,currents.c
1764787940841,0,currents.c
1764787940843,0,currents.c
1764787940845,0,currents.c
1764787940847,0,currents.c
1764787940849,0,currents.c
1764787940851,0,currents.c
1764787940853,0,currents.c
1764787940856,0,currents.c
1764787940858,0,currents.c
1764787940860,0,currents.c
1764787940862,0,currents.a
1764787940864,0,currents.a
1764787940866,0,currents.a
1764787940868,0,currents.a
1764787940870,0,currents.a
1764787940873,0,currents.a
1764787940875,0,currents.a
1764787940877,0,currents.a
1764787940879,0,currents.a
1764787940881,0,currents.a
1764787940884,0,currents.a
1764787940886,0,currents.a
1764787940888,0,currents.a
1764787940890,0,currents.a
1764787940892,0,currents.a
1764787940894,0,currents.a
1764787940896,0,currents.a
1764787940899,0,currents.a
1764787940900,0,currents.a
1764787940902,0,currents.a
1764787940904,0,currents.a
1764787940907,0,currents.a
1764787940908,0,currents.a
1764787940910,0,currents.a
1764787940912,0,currents.a
1764787940862,0,currents.b
1764787940864,0,currents.b
1764787940866,0,currents.b
1764787940868,0,currents.b
1764787940870,0,currents.b
1764787940873,0,currents.b
1764787940875,0,currents.b
1764787940877,0,currents.b
1764787940879,0,currents.b
1764787940881,0,currents.b
1764787940884,0,currents.b
1764787940886,0,currents.b
1764787940888,0,currents.b
1764787940890,0,currents.b
1764787940892,0,currents.b
1764787940894,0,currents.b
1764787940896,0,currents.b
1764787940899,0,currents.b
1764787940900,0,currents.b
1764787940902,0,currents.b
1764787940904,0,currents.b
1764787940907,0,currents.b
1764787940908,0,currents.b
1764787940910,0,currents.b
1764787940912,0,currents.b
1764787940862,0,currents.c
1764787940864,0,currents.c
1764787940866,0,currents.c
1764787940868,0,currents.c
1764787940870,0,currents.c
1764787940873,0,currents.c
1764787940875,0,currents.c
1764787940877,0,currents.c
1764787940879,0,currents.c
1764787940881,0,currents.c
1764787940884,0,currents.c
1764787940886,0,currents.c
1764787940888,0,currents.c
1764787940890,0,currents.c
1764787940892,0,currents.c
1764787940894,0,currents.c
1764787940896,0,currents.c
1764787940899,0,currents.c
1764787940900,0,currents.c
1764787940902,0,currents.c
1764787940904,0,currents.c
1764787940907,0,currents.c
1764787940908,0,currents.c
1764787940910,0,currents.c
1764787940912,0,currents.c
1764787940914,0,currents.a
1764787940916,0,currents.a
1764787940918,0,currents.a
1764787940920,0,currents.a
1764787940922,0,currents.a
1764787940924,0,currents.a
1764787940925,0,currents.a
1764787940927,0,currents.a
1764787940929,0,currents.a
1764787940931,0,currents.a
1764787940934,0,currents.a
1764787940936,0,currents.a
1764787940938,0,currents.a
1764787940940,0,currents.a
1764787940942,0,currents.a
1764787940944,0,currents.a
1764787940947,0,currents.a
1764787940950,0,currents.a
1764787940952,0,currents.a
1764787940954,0,currents.a
1764787940956,0,currents.a
1764787940959,0,currents.a
1764787940961,0,currents.a
1764787940962,0,currents.a
1764787940914,0,currents.b
1764787940916,0,currents.b
1764787940918,0,currents.b
1764787940920,0,currents.b
1764787940922,0,currents.b
1764787940924,0,currents.b
1764787940925,0,currents.b
1764787940927,0,currents.b
1764787940929,0,currents.b
1764787940931,0,currents.b
1764787940934,0,currents.b
1764787940936,0,currents.b
1764787940938,0,currents.b
1764787940940,0,currents.b
1764787940942,0,currents.b
1764787940944,0,currents.b
1764787940947,0,currents.b
1764787940950,0,currents.b
1764787940952,0,currents.b
1764787940954,0,currents.b
1764787940956,0,currents.b
1764787940959,0,currents.b
1764787940961,0,currents.b
1764787940962,0,currents.b
1764787940914,0,currents.c
1764787940916,0,currents.c
1764787940918,0,currents.c
1764787940920,0,currents.c
1764787940922,0,currents.c
1764787940924,0,currents.c
1764787940925,0,currents.c
1764787940927,0,currents.c
1764787940929,0,currents.c
1764787940931,0,currents.c
1764787940934,0,currents.c
1764787940936,0,currents.c
1764787940938,0,currents.c
1764787940940,0,currents.c
1764787940942,0,currents.c
1764787940944,0,currents.c
1764787940947,0,currents.c
1764787940950,0,currents.c
1764787940952,0,currents.c
1764787940954,0,currents.c
1764787940956,0,currents.c
1764787940959,0,currents.c
1764787940961,0,currents.c
1764787940962,0,currents.c
1764787940964,0,currents.a
1764787940967,0,currents.a
1764787940969,0,currents.a
1764787940971,0,currents.a
1764787940974,0,currents.a
1764787940975,0,currents.a
1764787940977,0,currents.a
1764787940979,0,currents.a
1764787940980,0,currents.a
1764787940982,0,currents.a
1764787940984,0,currents.a
1764787940986,0,currents.a
1764787940988,0,currents.a
1764787940991,0,currents.a
1764787940993,0,currents.a
1764787940995,0,currents.a
1764787940997,0,currents.a
1764787940999,0,currents.a
1764787941001,0,currents.a
1764787941003,0,currents.a
1764787941005,0,currents.a
1764787941007,0,currents.a
1764787941009,0,currents.a
1764787941011,0,currents.a
1764787941012,0,currents.a
1764787940964,0,currents.b
1764787940967,0,currents.b
1764787940969,0,currents.b
1764787940971,0,currents.b
1764787940974,0,currents.b
1764787940975,0,currents.b
1764787940977,0,currents.b
1764787940979,0,currents.b
1764787940980,0,currents.b
1764787940982,0,currents.b
1764787940984,0,currents.b
1764787940986,0,currents.b
1764787940988,0,currents.b
1764787940991,0,currents.b
1764787940993,0,currents.b
1764787940995,0,currents.b
1764787940997,0,currents.b
1764787940999,0,currents.b
1764787941001,0,currents.b
1764787941003,0,currents.b
1764787941005,0,currents.b
1764787941007,0,currents.b
1764787941009,0,currents.b
1764787941011,0,currents.b
1764787941012,0,currents.b
1764787940964,0,currents.c
1764787940967,0,currents.c
1764787940969,0,currents.c
1764787940971,0,currents.c
1764787940974,0,currents.c
1764787940975,0,currents.c
1764787940977,0,currents.c
1764787940979,0,currents.c
1764787940980,0,currents.c
1764787940982,0,currents.c
1764787940984,0,currents.c
1764787940986,0,currents.c
1764787940988,0,currents.c
1764787940991,0,currents.c
1764787940993,0,currents.c
1764787940995,0,currents.c
1764787940997,0,currents.c
1764787940999,0,currents.c
1764787941001,0,currents.c
1764787941003,0,currents.c
1764787941005,0,currents.c
1764787941007,0,currents.c
1764787941009,0,currents.c
1764787941011,0,currents.c
1764787941012,0,currents.c
1764787941014,0,currents.a
1764787941016,0,currents.a
1764787941018,0,currents.a
1764787941019,0,currents.a
1764787941021,0,currents.a
1764787941023,0,currents.a
1764787941025,0,currents.a
1764787941026,0,currents.a
1764787941029,0,currents.a
1764787941031,0,currents.a
1764787941033,0,currents.a
1764787941034,0,currents.a
1764787941036,0,currents.a
1764787941038,0,currents.a
1764787941041,0,currents.a
1764787941043,0,currents.a
1764787941045,0,currents.a
1764787941047,0,currents.a
1764787941050,0,currents.a
1764787941052,0,currents.a
1764787941054,0,currents.a
1764787941056,0,currents.a
1764787941059,0,currents.a
1764787941061,0,currents.a
1764787941063,0,currents.a
1764787941066,0,currents.a
1764787941014,0,currents.b
1764787941016,0,currents.b
1764787941018,0,currents.b
1764787941019,0,currents.b
1764787941021,0,currents.b
1764787941023,0,currents.b
1764787941025,0,currents.b
1764787941026,0,currents.b
1764787941029,0,currents.b
1764787941031,0,currents.b
1764787941033,0,currents.b
1764787941034,0,currents.b
1764787941036,0,currents.b
1764787941038,0,currents.b
1764787941041,0,currents.b
1764787941043,0,currents.b
1764787941045,0,currents.b
1764787941047,0,currents.b
1764787941050,0,currents.b
1764787941052,0,currents.b
1764787941054,0,currents.b
1764787941056,0,currents.b
1764787941059,0,currents.b
1764787941061,0,currents.b
1764787941063,0,currents.b
1764787941066,0,currents.b
1764787941014,0,currents.c
1764787941016,0,currents.c
1764787941018,0,currents.c
1764787941019,0,currents.c
1764787941021,0,currents.c
1764787941023,0,currents.c
1764787941025,0,currents.c
1764787941026,0,currents.c
1764787941029,0,currents.c
1764787941031,0,currents.c
1764787941033,0,currents.c
1764787941034,0,currents.c
1764787941036,0,currents.c
1764787941038,0,currents.c
1764787941041,0,currents.c
1764787941043,0,currents.c
1764787941045,0,currents.c
1764787941047,0,currents.c
1764787941050,0,currents.c
1764787941052,0,currents.c
1764787941054,0,currents.c
1764787941056,0,currents.c
1764787941059,0,currents.c
1764787941061,0,currents.c
1764787941063,0,currents.c
1764787941066,0,currents.c
1764787941067,0,currents.a
1764787941069,0,currents.a
1764787941072,0,currents.a
1764787941074,0,currents.a
1764787941076,0,currents.a
1764787941078,0,currents.a
1764787941080,0,currents.a
1764787941082,0,currents.a
1764787941084,0,currents.a
1764787941086,0,currents.a
1764787941088,0,currents.a
1764787941090,0,currents.a
1764787941092,0,currents.a
1764787941094,0,currents.a
1764787941096,0,currents.a
1764787941098,0,currents.a
1764787941100,0,currents.a
1764787941102,0,currents.a
1764787941104,0,currents.a
1764787941107,0,currents.a
1764787941109,0,currents.a
1764787941111,0,currents.a
1764787941113,0,currents.a
1764787941114,0,currents.a
1764787941067,0,currents.b
1764787941069,0,currents.b
1764787941072,0,currents.b
1764787941074,0,currents.b
1764787941076,0,currents.b
1764787941078,0,currents.b
1764787941080,0,currents.b
1764787941082,0,currents.b
1764787941084,0,currents.b
1764787941086,0,currents.b
1764787941088,0,currents.b
1764787941090,0,currents.b
1764787941092,0,currents.b
1764787941094,0,currents.b
1764787941096,0,currents.b
1764787941098,0,currents.b
1764787941100,0,currents.b
1764787941102,0,currents.b
1764787941104,0,currents.b
1764787941107,0,currents.b
1764787941109,0,currents.b
1764787941111,0,currents.b
1764787941113,0,currents.b
1764787941114,0,currents.b
1764787941067,0,currents.c
1764787941069,0,currents.c
1764787941072,0,currents.c
1764787941074,0,currents.c
1764787941076,0,currents.c
1764787941078,0,currents.c
1764787941080,0,currents.c
1764787941082,0,currents.c
1764787941084,0,currents.c
1764787941086,0,currents.c
1764787941088,0,currents.c
1764787941090,0,currents.c
1764787941092,0,currents.c
1764787941094,0,currents.c
1764787941096,0,currents.c
1764787941098,0,currents.c
1764787941100,0,currents.c
1764787941102,0,currents.c
1764787941104,0,currents.c
1764787941107,0,currents.c
1764787941109,0,currents.c
1764787941111,0,currents.c
1764787941113,0,currents.c
1764787941114,0,currents.c
1764787941116,0,currents.a
1764787941118,0,currents.a
1764787941119,0,currents.a
1764787941121,0,currents.a
1764787941124,0,currents.a
1764787941125,0,currents.a
1764787941127,0,currents.a
1764787941129,0,currents.a
1764787941131,0,currents.a
1764787941133,0,currents.a
1764787941135,0,currents.a
1764787941137,0,currents.a
1764787941140,0,currents.a
1764787941141,0,currents.a
1764787941143,0,currents.a
1764787941145,0,currents.a
1764787941147,0,currents.a
1764787941149,0,currents.a
1764787941151,0,currents.a
1764787941154,0,currents.a
1764787941156,0,currents.a
1764787941158,0,currents.a
1764787941160,0,currents.a
1764787941162,0,currents.a
1764787941164,0,currents.a
1764787941166,0,currents.a
1764787941116,0,currents.b
1764787941118,0,currents.b
1764787941119,0,currents.b
1764787941121,0,currents.b
1764787941124,0,currents.b
1764787941125,0,currents.b
1764787941127,0,currents.b
1764787941129,0,currents.b
1764787941131,0,currents.b
1764787941133,0,currents.b
1764787941135,0,currents.b
1764787941137,0,currents.b
1764787941140,0,currents.b
1764787941141,0,currents.b
1764787941143,0,currents.b
1764787941145,0,currents.b
1764787941147,0,currents.b
1764787941149,0,currents.b
1764787941151,0,currents.b
1764787941154,0,currents.b
1764787941156,0,currents.b
1764787941158,0,currents.b
1764787941160,0,currents.b
1764787941162,0,currents.b
1764787941164,0,currents.b
1764787941166,0,currents.b
1764787941116,0,currents.c
1764787941118,0,currents.c
1764787941119,0,currents.c
1764787941121,0,currents.c
1764787941124,0,currents.c
1764787941125,0,currents.c
1764787941127,0,currents.c
1764787941129,0,currents.c
1764787941131,0,currents.c
1764787941133,0,currents.c
1764787941135,0,currents.c
1764787941137,0,currents.c
1764787941140,0,currents.c
1764787941141,0,currents.c
1764787941143,0,currents.c
1764787941145,0,currents.c
1764787941147,0,currents.c
1764787941149,0,currents.c
1764787941151,0,currents.c
1764787941154,0,currents.c
1764787941156,0,currents.c
1764787941158,0,currents.c
1764787941160,0,currents.c
1764787941162,0,currents.c
1764787941164,0,currents.c
1764787941166,0,currents.c
1764787941168,0,currents.a
1764787941170,0,currents.a
1764787941172,0,currents.a
1764787941175,0,currents.a
1764787941177,0,currents.a
1764787941178,0,currents.a
1764787941180,0,currents.a
1764787941182,0,currents.a
1764787941184,0,currents.a
1764787941186,0,currents.a
1764787941188,0,currents.a
1764787941191,0,currents.a
1764787941193,0,currents.a
1764787941194,0,currents.a
1764787941196,0,currents.a
1764787941198,0,currents.a
1764787941200,0,currents.a
1764787941202,0,currents.a
1764787941204,0,currents.a
1764787941207,0,currents.a
1764787941209,0,currents.a
1764787941211,0,currents.a
1764787941213,0,currents.a
1764787941215,0,currents.a
1764787941217,0,currents.a
1764787941168,0,currents.b
1764787941170,0,currents.b
1764787941172,0,currents.b
1764787941175,0,currents.b
1764787941177,0,currents.b
1764787941178,0,currents.b
1764787941180,0,currents.b
1764787941182,0,currents.b
1764787941184,0,currents.b
1764787941186,0,currents.b
1764787941188,0,currents.b
1764787941191,0,currents.b
1764787941193,0,currents.b
1764787941194,0,currents.b
1764787941196,0,currents.b
1764787941198,0,currents.b
1764787941200,0,currents.b
1764787941202,0,currents.b
1764787941204,0,currents.b
1764787941207,0,currents.b
1764787941209,0,currents.b
1764787941211,0,currents.b
1764787941213,0,currents.b
1764787941215,0,currents.b
1764787941217,0,currents.b
1764787941168,0,currents.c
1764787941170,0,currents.c
1764787941172,0,currents.c
1764787941175,0,currents.c
1764787941177,0,currents.c
1764787941178,0,currents.c
1764787941180,0,currents.c
1764787941182,0,currents.c
1764787941184,0,currents.c
1764787941186,0,currents.c
1764787941188,0,currents.c
1764787941191,0,currents.c
1764787941193,0,currents.c
1764787941194,0,currents.c
1764787941196,0,currents.c
1764787941198,0,currents.c
1764787941200,0,currents.c
1764787941202,0,currents.c
1764787941204,0,currents.c
1764787941207,0,currents.c
1764787941209,0,currents.c
1764787941211,0,currents.c
1764787941213,0,currents.c
1764787941215,0,currents.c
1764787941217,0,currents.c
1764787941218,0,currents.a
1764787941220,0,currents.a
1764787941222,0,currents.a
1764787941224,0,currents.a
1764787941226,0,currents.a
1764787941228,0,currents.a
1764787941229,0,currents.a
1764787941231,0,currents.a
1764787941233,0,currents.a
1764787941235,0,currents.a
1764787941238,0,currents.a
1764787941240,0,currents.a
1764787941242,0,currents.a
1764787941244,0,currents.a
1764787941246,0,currents.a
1764787941248,0,currents.a
1764787941250,0,currents.a
1764787941252,0,currents.a
1764787941253,0,currents.a
1764787941256,0,currents.a
1764787941258,0,currents.a
1764787941260,0,currents.a
1764787941262,0,currents.a
1764787941264,0,currents.a
1764787941266,0,currents.a
1764787941269,0,currents.a
1764787941218,0,currents.b
1764787941220,0,currents.b
1764787941222,0,currents.b
1764787941224,0,currents.b
1764787941226,0,currents.b
1764787941228,0,currents.b
1764787941229,0,currents.b
1764787941231,0,currents.b
1764787941233,0,currents.b
1764787941235,0,currents.b
1764787941238,0,currents.b
1764787941240,0,currents.b
1764787941242,0,currents.b
1764787941244,0,currents.b
1764787941246,0,currents.b
1764787941248,0,currents.b
1764787941250,0,currents.b
1764787941252,0,currents.b
1764787941253,0,currents.b
1764787941256,0,currents.b
1764787941258,0,currents.b
1764787941260,0,currents.b
1764787941262,0,currents.b
1764787941264,0,currents.b
1764787941266,0,currents.b
1764787941269,0,currents.b
1764787941218,0,currents.c
1764787941220,0,currents.c
1764787941222,0,currents.c
1764787941224,0,currents.c
1764787941226,0,currents.c
1764787941228,0,currents.c
1764787941229,0,currents.c
1764787941231,0,currents.c
1764787941233,0,currents.c
1764787941235,0,currents.c
1764787941238,0,currents.c
1764787941240,0,currents.c
1764787941242,0,currents.c
1764787941244,0,currents.c
1764787941246,0,currents.c
1764787941248,0,currents.c
1764787941250,0,currents.c
1764787941252,0,currents.c
1764787941253,0,currents.c
1764787941256,0,currents.c
1764787941258,0,currents.c
1764787941260,0,currents.c
1764787941262,0,currents.c
1764787941264,0,currents.c
1764787941266,0,currents.c
1764787941269,0,currents.c
1764787941271,0,currents.a
1764787941273,0,currents.a
1764787941275,0,currents.a
1764787941277,0,currents.a
1764787941279,0,currents.a
1764787941280,0,currents.a
1764787941282,0,currents.a
1764787941283,0,currents.a
1764787941286,0,currents.a
1764787941288,0,currents.a
1764787941290,0,currents.a
1764787941292,0,currents.a
1764787941294,0,currents.a
1764787941296,0,currents.a
1764787941298,0,currents.a
1764787941300,0,currents.a
1764787941303,0,currents.a
1764787941305,0,currents.a
1764787941307,0,currents.a
1764787941309,0,currents.a
1764787941311,0,currents.a
1764787941313,0,currents.a
1764787941315,0,currents.a
1764787941317,0,currents.a
1764787941319,0,currents.a
1764787941271,0,currents.b
1764787941273,0,currents.b
1764787941275,0,currents.b
1764787941277,0,currents.b
1764787941279,0,currents.b
1764787941280,0,currents.b
1764787941282,0,currents.b
1764787941283,0,currents.b
1764787941286,0,currents.b
1764787941288,0,currents.b
1764787941290,0,currents.b
1764787941292,0,currents.b
1764787941294,0,currents.b
1764787941296,0,currents.b
1764787941298,0,currents.b
1764787941300,0,currents.b
1764787941303,0,currents.b
1764787941305,0,currents.b
1764787941307,0,currents.b
1764787941309,0,currents.b
1764787941311,0,currents.b
1764787941313,0,currents.b
1764787941315,0,currents.b
1764787941317,0,currents.b
1764787941319,0,currents.b
1764787941271,0,currents.c
1764787941273,0,currents.c
1764787941275,0,currents.c
1764787941277,0,currents.c
1764787941279,0,currents.c
1764787941280,0,currents.c
1764787941282,0,currents.c
1764787941283,0,currents.c
1764787941286,0,currents.c
1764787941288,0,currents.c
1764787941290,0,currents.c
1764787941292,0,currents.c
1764787941294,0,currents.c
1764787941296,0,currents.c
1764787941298,0,currents.c
1764787941300,0,currents.c
1764787941303,0,currents.c
1764787941305,0,currents.c
1764787941307,0,currents.c
1764787941309,0,currents.c
1764787941311,0,currents.c
1764787941313,0,currents.c
1764787941315,0,currents.c
1764787941317,0,currents.c
1764787941319,0,currents.c
1764787941321,0,currents.a
1764787941323,0,currents.a
1764787941325,0,currents.a
1764787941327,0,currents.a
1764787941329,0,currents.a
1764787941331,0,currents.a
1764787941333,0,currents.a
1764787941334,0,currents.a
1764787941336,0,currents.a
1764787941339,0,currents.a
1764787941341,0,currents.a
1764787941343,0,currents.a
1764787941345,0,currents.a
1764787941348,0,currents.a
1764787941350,0,currents.a
1764787941352,0,currents.a
1764787941355,0,currents.a
1764787941357,0,currents.a
1764787941359,0,currents.a
1764787941361,0,currents.a
1764787941363,0,currents.a
1764787941365,0,currents.a
1764787941367,0,currents.a
1764787941370,0,currents.a
1764787941321,0,currents.b
1764787941323,0,currents.b
1764787941325,0,currents.b
1764787941327,0,currents.b
1764787941329,0,currents.b
1764787941331,0,currents.b
1764787941333,0,currents.b
1764787941334,0,currents.b
1764787941336,0,currents.b
1764787941339,0,currents.b
1764787941341,0,currents.b
1764787941343,0,currents.b
1764787941345,0,currents.b
1764787941348,0,currents.b
1764787941350,0,currents.b
1764787941352,0,currents.b
1764787941355,0,currents.b
1764787941357,0,currents.b
1764787941359,0,currents.b
1764787941361,0,currents.b
1764787941363,0,currents.b
1764787941365,0,currents.b
1764787941367,0,currents.b
1764787941370,0,currents.b
1764787941321,0,currents.c
1764787941323,0,currents.c
1764787941325,0,currents.c
1764787941327,0,currents.c
1764787941329,0,currents.c
1764787941331,0,currents.c
1764787941333,0,currents.c
1764787941334,0,currents.c
1764787941336,0,currents.c
1764787941339,0,currents.c
1764787941341,0,currents.c
1764787941343,0,currents.c
1764787941345,0,currents.c
1764787941348,0,currents.c
1764787941350,0,currents.c
1764787941352,0,currents.c
1764787941355,0,currents.c
1764787941357,0,currents.c
1764787941359,0,currents.c
1764787941361,0,currents.c
1764787941363,0,currents.c
1764787941365,0,currents.c
1764787941367,0,currents.c
1764787941370,0,currents.c
1764787941372,0,currents.a
1764787941374,0,currents.a
1764787941376,0,currents.a
1764787941378,0,currents.a
1764787941380,0,currents.a
1764787941382,0,currents.a
1764787941384,0,currents.a
1764787941387,0,currents.a
1764787941389,0,currents.a
1764787941391,0,currents.a
1764787941393,0,currents.a
1764787941396,0,currents.a
1764787941398,0,currents.a
1764787941400,0,currents.a
1764787941402,0,currents.a
1764787941404,0,currents.a
1764787941407,0,currents.a
1764787941409,0,currents.a
1764787941411,0,currents.a
1764787941414,0,currents.a
1764787941416,0,currents.a
1764787941418,0,currents.a
1764787941420,0,currents.a
1764787941372,0,currents.b
1764787941374,0,currents.b
1764787941376,0,currents.b
1764787941378,0,currents.b
1764787941380,0,currents.b
1764787941382,0,currents.b
1764787941384,0,currents.b
1764787941387,0,currents.b
1764787941389,0,currents.b
1764787941391,0,currents.b
1764787941393,0,currents.b
1764787941396,0,currents.b
1764787941398,0,currents.b
1764787941400,0,currents.b
1764787941402,0,currents.b
1764787941404,0,currents.b
1764787941407,0,currents.b
1764787941409,0,currents.b
1764787941411,0,currents.b
1764787941414,0,currents.b
1764787941416,0,currents.b
1764787941418,0,currents.b
1764787941420,0,currents.b
1764787941372,0,currents.c
1764787941374,0,currents.c
1764787941376,0,currents.c
1764787941378,0,currents.c
1764787941380,0,currents.c
1764787941382,0,currents.c
1764787941384,0,currents.c
1764787941387,0,currents.c
1764787941389,0,currents.c
1764787941391,0,currents.c
1764787941393,0,currents.c
1764787941396,0,currents.c
1764787941398,0,currents.c
1764787941400,0,currents.c
1764787941402,0,currents.c
1764787941404,0,currents.c
1764787941407,0,currents.c
1764787941409,0,currents.c
1764787941411,0,currents.c
1764787941414,0,currents.c
1764787941416,0,currents.c
1764787941418,0,currents.c
1764787941420,0,currents.c
1764787941421,0,currents.a
1764787941423,0,currents.a
1764787941425,0,currents.a
1764787941426,0,currents.a
1764787941428,0,currents.a
1764787941430,0,currents.a
1764787941431,0,currents.a
1764787941433,0,currents.a
1764787941435,0,currents.a
1764787941437,0,currents.a
1764787941440,0,currents.a
1764787941442,0,currents.a
1764787941444,0,currents.a
1764787941445,0,currents.a
1764787941448,0,currents.a
1764787941450,0,currents.a
1764787941451,0,currents.a
1764787941454,0,currents.a
1764787941456,0,currents.a
1764787941458,0,currents.a
1764787941460,0,currents.a
1764787941462,0,currents.a
1764787941464,0,currents.a
1764787941466,0,currents.a
1764787941468,0,currents.a
1764787941470,0,currents.a
1764787941421,0,currents.b
1764787941423,0,currents.b
1764787941425,0,currents.b
1764787941426,0,currents.b
1764787941428,0,currents.b
1764787941430,0,currents.b
1764787941431,0,currents.b
1764787941433,0,currents.b
1764787941435,0,currents.b
1764787941437,0,currents.b
1764787941440,0,currents.b
1764787941442,0,currents.b
1764787941444,0,currents.b
1764787941445,0,currents.b
1764787941448,0,currents.b
1764787941450,0,currents.b
1764787941451,0,currents.b
1764787941454,0,currents.b
1764787941456,0,currents.b
1764787941458,0,currents.b
1764787941460,0,currents.b
1764787941462,0,currents.b
1764787941464,0,currents.b
1764787941466,0,currents.b
1764787941468,0,currents.b
1764787941470,0,currents.b
1764787941421,0,currents.c
1764787941423,0,currents.c
1764787941425,0,currents.c
1764787941426,0,currents.c
1764787941428,0,currents.c
1764787941430,0,currents.c
1764787941431,0,currents.c
1764787941433,0,currents.c
1764787941435,0,currents.c
1764787941437,0,currents.c
1764787941440,0,currents.c
1764787941442,0,currents.c
1764787941444,0,currents.c
1764787941445,0,currents.c
1764787941448,0,currents.c
1764787941450,0,currents.c
1764787941451,0,currents.c
1764787941454,0,currents.c
1764787941456,0,currents.c
1764787941458,0,currents.c
1764787941460,0,currents.c
1764787941462,0,currents.c
1764787941464,0,currents.c
1764787941466,0,currents.c
1764787941468,0,currents.c
1764787941470,0,currents.c
1764787941472,0,currents.a
1764787941474,0,currents.a
1764787941477,0,currents.a
1764787941479,0,currents.a
1764787941481,0,currents.a
1764787941482,0,currents.a
1764787941484,0,currents.a
1764787941486,0,currents.a
1764787941488,0,currents.a
1764787941491,0,currents.a
1764787941493,0,currents.a
1764787941495,0,currents.a
1764787941497,0,currents.a
1764787941499,0,currents.a
1764787941501,0,currents.a
1764787941504,0,currents.a
1764787941506,0,currents.a
1764787941508,0,currents.a
1764787941511,0,currents.a
1764787941513,0,currents.a
1764787941515,0,currents.a
1764787941516,0,currents.a
1764787941518,0,currents.a
1764787941519,0,currents.a
1764787941521,0,currents.a
1764787941472,0,currents.b
1764787941474,0,currents.b
1764787941477,0,currents.b
1764787941479,0,currents.b
1764787941481,0,currents.b
1764787941482,0,currents.b
1764787941484,0,currents.b
1764787941486,0,currents.b
1764787941488,0,currents.b
1764787941491,0,currents.b
1764787941493,0,currents.b
1764787941495,0,currents.b
1764787941497,0,currents.b
1764787941499,0,currents.b
1764787941501,0,currents.b
1764787941504,0,currents.b
1764787941506,0,currents.b
1764787941508,0,currents.b
1764787941511,0,currents.b
1764787941513,0,currents.b
1764787941515,0,currents.b
1764787941516,0,currents.b
1764787941518,0,currents.b
1764787941519,0,currents.b
1764787941521,0,currents.b
1764787941472,0,currents.c
1764787941474,0,currents.c
1764787941477,0,currents.c
1764787941479,0,currents.c
1764787941481,0,currents.c
1764787941482,0,currents.c
1764787941484,0,currents.c
1764787941486,0,currents.c
1764787941488,0,currents.c
1764787941491,0,currents.c
1764787941493,0,currents.c
1764787941495,0,currents.c
1764787941497,0,currents.c
1764787941499,0,currents.c
1764787941501,0,currents.c
1764787941504,0,currents.c
1764787941506,0,currents.c
1764787941508,0,currents.c
1764787941511,0,currents.c
1764787941513,0,currents.c
1764787941515,0,currents.c
1764787941516,0,currents.c
1764787941518,0,currents.c
1764787941519,0,currents.c
1764787941521,0,currents.c
1764787941523,0,currents.a
1764787941525,0,currents.a
1764787941527,0,currents.a
1764787941529,0,currents.a
1764787941531,0,currents.a
1764787941532,0,currents.a
1764787941534,0,currents.a
1764787941536,0,currents.a
1764787941538,0,currents.a
1764787941540,0,currents.a
1764787941542,0,currents.a
1764787941544,0,currents.a
1764787941546,0,currents.a
1764787941548,0,currents.a
1764787941550,0,currents.a
1764787941552,0,currents.a
1764787941555,0,currents.a
1764787941557,0,currents.a
1764787941559,0,currents.a
1764787941561,0,currents.a
1764787941563,0,currents.a
1764787941565,0,currents.a
1764787941568,0,currents.a
1764787941570,0,currents.a
1764787941523,0,currents.b
1764787941525,0,currents.b
1764787941527,0,currents.b
1764787941529,0,currents.b
1764787941531,0,currents.b
1764787941532,0,currents.b
1764787941534,0,currents.b
1764787941536,0,currents.b
1764787941538,0,currents.b
1764787941540,0,currents.b
1764787941542,0,currents.b
1764787941544,0,currents.b
1764787941546,0,currents.b
1764787941548,0,currents.b
1764787941550,0,currents.b
1764787941552,0,currents.b
1764787941555,0,currents.b
1764787941557,0,currents.b
1764787941559,0,currents.b
1764787941561,0,currents.b
1764787941563,0,currents.b
1764787941565,0,currents.b
1764787941568,0,currents.b
1764787941570,0,currents.b
1764787941523,0,currents.c
1764787941525,0,currents.c
1764787941527,0,currents.c
1764787941529,0,currents.c
1764787941531,0,currents.c
1764787941532,0,currents.c
1764787941534,0,currents.c
1764787941536,0,currents.c
1764787941538,0,currents.c
1764787941540,0,currents.c
1764787941542,0,currents.c
1764787941544,0,currents.c
1764787941546,0,currents.c
1764787941548,0,currents.c
1764787941550,0,currents.c
1764787941552,0,currents.c
1764787941555,0,currents.c
1764787941557,0,currents.c
1764787941559,0,currents.c
1764787941561,0,currents.c
1764787941563,0,currents.c
1764787941565,0,currents.c
1764787941568,0,currents.c
1764787941570,0,currents.c
1764787941572,0,currents.a
1764787941574,0,currents.a
1764787941576,0,currents.a
1764787941578,0,currents.a
1764787941580,0,currents.a
1764787941582,0,currents.a
1764787941585,0,currents.a
1764787941587,0,currents.a
1764787941589,0,currents.a
1764787941591,0,currents.a
1764787941594,0,currents.a
1764787941595,0,currents.a
1764787941597,0,currents.a
1764787941599,0,currents.a
1764787941600,0,currents.a
1764787941602,0,currents.a
1764787941605,0,currents.a
1764787941607,0,currents.a
1764787941609,0,currents.a
1764787941611,0,currents.a
1764787941613,0,currents.a
1764787941615,0,currents.a
1764787941616,0,currents.a
1764787941619,0,currents.a
1764787941572,0,currents.b
1764787941574,0,currents.b
1764787941576,0,currents.b
1764787941578,0,currents.b
1764787941580,0,currents.b
1764787941582,0,currents.b
1764787941585,0,currents.b
1764787941587,0,currents.b
1764787941589,0,currents.b
1764787941591,0,currents.b
1764787941594,0,currents.b
1764787941595,0,currents.b
1764787941597,0,currents.b
1764787941599,0,currents.b
1764787941600,0,currents.b
1764787941602,0,currents.b
1764787941605,0,currents.b
1764787941607,0,currents.b
1764787941609,0,currents.b
1764787941611,0,currents.b
1764787941613,0,currents.b
1764787941615,0,currents.b
1764787941616,0,currents.b
1764787941619,0,currents.b
1764787941572,0,currents.c
1764787941574,0,currents.c
1764787941576,0,currents.c
1764787941578,0,currents.c
1764787941580,0,currents.c
1764787941582,0,currents.c
1764787941585,0,currents.c
1764787941587,0,currents.c
1764787941589,0,currents.c
1764787941591,0,currents.c
1764787941594,0,currents.c
1764787941595,0,currents.c
1764787941597,0,currents.c
1764787941599,0,currents.c
1764787941600,0,currents.c
1764787941602,0,currents.c
1764787941605,0,currents.c
1764787941607,0,currents.c
1764787941609,0,currents.c
1764787941611,0,currents.c
1764787941613,0,currents.c
1764787941615,0,currents.c
1764787941616,0,currents.c
1764787941619,0,currents.c
1764787941620,0,currents.a
1764787941623,0,currents.a
1764787941624,0,currents.a
1764787941627,0,currents.a
1764787941628,0,currents.a
1764787941630,0,currents.a
1764787941632,0,currents.a
1764787941633,0,currents.a
1764787941635,0,currents.a
1764787941637,0,currents.a
1764787941639,0,currents.a
1764787941641,0,currents.a
1764787941642,0,currents.a
1764787941645,0,currents.a
1764787941646,0,currents.a
1764787941648,0,currents.a
1764787941650,0,currents.a
1764787941652,0,currents.a
1764787941655,0,currents.a
1764787941657,0,currents.a
1764787941659,0,currents.a
1764787941661,0,currents.a
1764787941663,0,currents.a
1764787941665,0,currents.a
1764787941667,0,currents.a
1764787941669,0,currents.a
1764787941672,0,currents.a
1764787941620,0,currents.b
1764787941623,0,currents.b
1764787941624,0,currents.b
1764787941627,0,currents.b
1764787941628,0,currents.b
1764787941630,0,currents.b
1764787941632,0,currents.b
1764787941633,0,currents.b
1764787941635,0,currents.b
1764787941637,0,currents.b
1764787941639,0,currents.b
1764787941641,0,currents.b
1764787941642,0,currents.b
1764787941645,0,currents.b
1764787941646,0,currents.b
1764787941648,0,currents.b
1764787941650,0,currents.b
1764787941652,0,currents.b
1764787941655,0,currents.b
1764787941657,0,currents.b
1764787941659,0,currents.b
1764787941661,0,currents.b
1764787941663,0,currents.b
1764787941665,0,currents.b
1764787941667,0,currents.b
1764787941669,0,currents.b
1764787941672,0,currents.b
1764787941620,0,currents.c
1764787941623,0,currents.c
1764787941624,0,currents.c
1764787941627,0,currents.c
1764787941628,0,currents.c
1764787941630,0,currents.c
1764787941632,0,currents.c
1764787941633,0,currents.c
1764787941635,0,currents.c
1764787941637,0,currents.c
1764787941639,0,currents.c
1764787941641,0,currents.c
1764787941642,0,currents.c
1764787941645,0,currents.c
1764787941646,0,currents.c
1764787941648,0,currents.c
1764787941650,0,currents.c
1764787941652,0,currents.c
1764787941655,0,currents.c
1764787941657,0,currents.c
1764787941659,0,currents.c
1764787941661,0,currents.c
1764787941663,0,currents.c
1764787941665,0,currents.c
1764787941667,0,currents.c
1764787941669,0,currents.c
1764787941672,0,currents.c
1764787941674,0,currents.a
1764787941676,0,currents.a
1764787941677,0,currents.a
1764787941679,0,currents.a
1764787941681,0,currents.a
1764787941682,0,currents.a
1764787941684,0,currents.a
1764787941686,0,currents.a
1764787941687,0,currents.a
1764787941690,0,currents.a
1764787941691,0,currents.a
1764787941693,0,currents.a
1764787941695,0,currents.a
1764787941697,0,currents.a
1764787941699,0,currents.a
1764787941701,0,currents.a
1764787941703,0,currents.a
1764787941705,0,currents.a
1764787941707,0,currents.a
1764787941709,0,currents.a
1764787941711,0,currents.a
1764787941713,0,currents.a
1764787941715,0,currents.a
1764787941717,0,currents.a
1764787941719,0,currents.a
1764787941721,0,currents.a
1764787941723,0,currents.a
1764787941674,0,currents.b
1764787941676,0,currents.b
1764787941677,0,currents.b
1764787941679,0,currents.b
1764787941681,0,currents.b
1764787941682,0,currents.b
1764787941684,0,currents.b
1764787941686,0,currents.b
1764787941687,0,currents.b
1764787941690,0,currents.b
1764787941691,0,currents.b
1764787941693,0,currents.b
1764787941695,0,currents.b
1764787941697,0,currents.b
1764787941699,0,currents.b
1764787941701,0,currents.b
1764787941703,0,currents.b
1764787941705,0,currents.b
1764787941707,0,currents.b
1764787941709,0,currents.b
1764787941711,0,currents.b
1764787941713,0,currents.b
1764787941715,0,currents.b
1764787941717,0,currents.b
1764787941719,0,currents.b
1764787941721,0,currents.b
1764787941723,0,currents.b
1764787941674,0,currents.c
1764787941676,0,currents.c
1764787941677,0,currents.c
1764787941679,0,currents.c
1764787941681,0,currents.c
1764787941682,0,currents.c
1764787941684,0,currents.c
1764787941686,0,currents.c
1764787941687,0,currents.c
1764787941690,0,currents.c
1764787941691,0,currents.c
1764787941693,0,currents.c
1764787941695,0,currents.c
1764787941697,0,currents.c
1764787941699,0,currents.c
1764787941701,0,currents.c
1764787941703,0,currents.c
1764787941705,0,currents.c
1764787941707,0,currents.c
1764787941709,0,currents.c
1764787941711,0,currents.c
1764787941713,0,currents.c
1764787941715,0,currents.c
1764787941717,0,currents.c
1764787941719,0,currents.c
1764787941721,0,currents.c
1764787941723,0,currents.c
1764787941725,0,currents.a
1764787941726,0,currents.a
1764787941728,0,currents.a
1764787941730,0,currents.a
1764787941731,0,currents.a
1764787941733,0,currents.a
1764787941735,0,currents.a
1764787941737,0,currents.a
1764787941739,0,currents.a
1764787941741,0,currents.a
1764787941743,0,currents.a
1764787941745,0,currents.a
1764787941746,0,currents.a
1764787941749,0,currents.a
1764787941751,0,currents.a
1764787941753,0,currents.a
1764787941755,0,currents.a
1764787941758,0,currents.a
1764787941759,0,currents.a
1764787941761,0,currents.a
1764787941763,0,currents.a
1764787941765,0,currents.a
1764787941768,0,currents.a
1764787941770,0,currents.a
1764787941772,0,currents.a
1764787941774,0,currents.a
1764787941725,0,currents.b
1764787941726,0,currents.b
1764787941728,0,currents.b
1764787941730,0,currents.b
1764787941731,0,currents.b
1764787941733,0,currents.b
1764787941735,0,currents.b
1764787941737,0,currents.b
1764787941739,0,currents.b
1764787941741,0,currents.b
1764787941743,0,currents.b
1764787941745,0,currents.b
1764787941746,0,currents.b
1764787941749,0,currents.b
1764787941751,0,currents.b
1764787941753,0,currents.b
1764787941755,0,currents.b
1764787941758,0,currents.b
1764787941759,0,currents.b
1764787941761,0,currents.b
1764787941763,0,currents.b
1764787941765,0,currents.b
1764787941768,0,currents.b
1764787941770,0,currents.b
1764787941772,0,currents.b
1764787941774,0,currents.b
1764787941725,0,currents.c
1764787941726,0,currents.c
1764787941728,0,currents.c
1764787941730,0,currents.c
1764787941731,0,currents.c
1764787941733,0,currents.c
1764787941735,0,currents.c
1764787941737,0,currents.c
1764787941739,0,currents.c
1764787941741,0,currents.c
1764787941743,0,currents.c
1764787941745,0,currents.c
1764787941746,0,currents.c
1764787941749,0,currents.c
1764787941751,0,currents.c
1764787941753,0,currents.c
1764787941755,0,currents.c
1764787941758,0,currents.c
1764787941759,0,currents.c
1764787941761,0,currents.c
1764787941763,0,currents.c
1764787941765,0,currents.c
1764787941768,0,currents.c
1764787941770,0,currents.c
1764787941772,0,currents.c
1764787941774,0,currents.c
1764787941775,0,currents.a
1764787941777,0,currents.a
1764787941779,0,currents.a
1764787941781,0,currents.a
1764787941784,0,currents.a
1764787941785,0,currents.a
1764787941786,0,currents.a
1764787941788,0,currents.a
1764787941790,0,currents.a
1764787941791,0,currents.a
1764787941793,0,currents.a
1764787941796,0,currents.a
1764787941798,0,currents.a
1764787941799,0,currents.a
1764787941801,0,currents.a
1764787941803,0,currents.a
1764787941806,0,currents.a
1764787941808,0,currents.a
1764787941810,0,currents.a
1764787941811,0,currents.a
1764787941813,0,currents.a
1764787941815,0,currents.a
1764787941817,0,currents.a
1764787941818,0,currents.a
1764787941775,0,currents.b
1764787941777,0,currents.b
1764787941779,0,currents.b
1764787941781,0,currents.b
1764787941784,0,currents.b
1764787941785,0,currents.b
1764787941786,0,currents.b
1764787941788,0,currents.b
1764787941790,0,currents.b
1764787941791,0,currents.b
1764787941793,0,currents.b
1764787941796,0,currents.b
1764787941798,0,currents.b
1764787941799,0,currents.b
1764787941801,0,currents.b
1764787941803,0,currents.b
1764787941806,0,currents.b
1764787941808,0,currents.b
1764787941810,0,currents.b
1764787941811,0,currents.b
1764787941813,0,currents.b
1764787941815,0,currents.b
1764787941817,0,currents.b
1764787941818,0,currents.b
1764787941775,0,currents.c
1764787941777,0,currents.c
1764787941779,0,currents.c
1764787941781,0,currents.c
1764787941784,0,currents.c
1764787941785,0,currents.c
1764787941786,0,currents.c
1764787941788,0,currents.c
1764787941790,0,currents.c
1764787941791,0,currents.c
1764787941793,0,currents.c
1764787941796,0,currents.c
1764787941798,0,currents.c
1764787941799,0,currents.c
1764787941801,0,currents.c
1764787941803,0,currents.c
1764787941806,0,currents.c
1764787941808,0,currents.c
1764787941810,0,currents.c
1764787941811,0,currents.c
1764787941813,0,currents.c
1764787941815,0,currents.c
1764787941817,0,currents.c
1764787941818,0,currents.c
1764787941821,0,currents.a
1764787941823,0,currents.a
1764787941825,0,currents.a
1764787941826,0,currents.a
1764787941828,0,currents.a
1764787941829,0,currents.a
1764787941831,0,currents.a
1764787941832,0,currents.a
1764787941833,0,currents.a
1764787941835,0,currents.a
1764787941837,0,currents.a
1764787941839,0,currents.a
1764787941841,0,currents.a
1764787941843,0,currents.a
1764787941844,0,currents.a
1764787941846,0,currents.a
1764787941848,0,currents.a
1764787941849,0,currents.a
1764787941851,0,currents.a
1764787941853,0,currents.a
1764787941855,0,currents.a
1764787941857,0,currents.a
1764787941859,0,currents.a
1764787941861,0,currents.a
1764787941863,0,currents.a
1764787941865,0,currents.a
1764787941867,0,currents.a
1764787941869,0,currents.a
1764787941871,0,currents.a
1764787941873,0,currents.a
1764787941821,0,currents.b
1764787941823,0,currents.b
1764787941825,0,currents.b
1764787941826,0,currents.b
1764787941828,0,currents.b
1764787941829,0,currents.b
1764787941831,0,currents.b
1764787941832,0,currents.b
1764787941833,0,currents.b
1764787941835,0,currents.b
1764787941837,0,currents.b
1764787941839,0,currents.b
1764787941841,0,currents.b
1764787941843,0,currents.b
1764787941844,0,currents.b
1764787941846,0,currents.b
1764787941848,0,currents.b
1764787941849,0,currents.b
1764787941851,0,currents.b
1764787941853,0,currents.b
1764787941855,0,currents.b
1764787941857,0,currents.b
1764787941859,0,currents.b
1764787941861,0,currents.b
1764787941863,0,currents.b
1764787941865,0,currents.b
1764787941867,0,currents.b
1764787941869,0,currents.b
1764787941871,0,currents.b
1764787941873,0,currents.b
1764787941821,0,currents.c
1764787941823,0,currents.c
1764787941825,0,currents.c
1764787941826,0,currents.c
1764787941828,0,currents.c
1764787941829,0,currents.c
1764787941831,0,currents.c
1764787941832,0,currents.c
1764787941833,0,currents.c
1764787941835,0,currents.c
1764787941837,0,currents.c
1764787941839,0,currents.c
1764787941841,0,currents.c
1764787941843,0,currents.c
1764787941844,0,currents.c
1764787941846,0,currents.c
1764787941848,0,currents.c
1764787941849,0,currents.c
1764787941851,0,currents.c
1764787941853,0,currents.c
1764787941855,0,currents.c
1764787941857,0,currents.c
1764787941859,0,currents.c
1764787941861,0,currents.c
1764787941863,0,currents.c
1764787941865,0,currents.c
1764787941867,0,currents.c
1764787941869,0,currents.c
1764787941871,0,currents.c
1764787941873,0,currents.c
1764787941876,0,currents.a
1764787941878,0,currents.a
1764787941880,0,currents.a
1764787941882,0,currents.a
1764787941884,0,currents.a
1764787941886,0,currents.a
1764787941888,0,currents.a
1764787941890,0,currents.a
1764787941892,0,currents.a
1764787941894,0,currents.a
1764787941896,0,currents.a
1764787941898,0,currents.a
1764787941900,0,currents.a
1764787941903,0,currents.a
1764787941905,0,currents.a
1764787941907,0,currents.a
1764787941909,0,currents.a
1764787941911,0,currents.a
1764787941913,0,currents.a
1764787941915,0,currents.a
1764787941917,0,currents.a
1764787941919,0,currents.a
1764787941921,0,currents.a
1764787941924,0,currents.a
1764787941925,0,currents.a
1764787941927,0,currents.a
1764787941876,0,currents.b
1764787941878,0,currents.b
1764787941880,0,currents.b
1764787941882,0,currents.b
1764787941884,0,currents.b
1764787941886,0,currents.b
1764787941888,0,currents.b
1764787941890,0,currents.b
1764787941892,0,currents.b
1764787941894,0,currents.b
1764787941896,0,currents.b
1764787941898,0,currents.b
1764787941900,0,currents.b
1764787941903,0,currents.b
1764787941905,0,currents.b
1764787941907,0,currents.b
1764787941909,0,currents.b
1764787941911,0,currents.b
1764787941913,0,currents.b
1764787941915,0,currents.b
1764787941917,0,currents.b
1764787941919,0,currents.b
1764787941921,0,currents.b
1764787941924,0,currents.b
1764787941925,0,currents.b
1764787941927,0,currents.b
1764787941876,0,currents.c
1764787941878,0,currents.c
1764787941880,0,currents.c
1764787941882,0,currents.c
1764787941884,0,currents.c
1764787941886,0,currents.c
1764787941888,0,currents.c
1764787941890,0,currents.c
1764787941892,0,currents.c
1764787941894,0,currents.c
1764787941896,0,currents.c
1764787941898,0,currents.c
1764787941900,0,currents.c
1764787941903,0,currents.c
1764787941905,0,currents.c
1764787941907,0,currents.c
1764787941909,0,currents.c
1764787941911,0,currents.c
1764787941913,0,currents.c
1764787941915,0,currents.c
1764787941917,0,currents.c
1764787941919,0,currents.c
1764787941921,0,currents.c
1764787941924,0,currents.c
1764787941925,0,currents.c
1764787941927,0,currents.c
1764787941928,0,currents.a
1764787941930,0,currents.a
1764787941932,0,currents.a
1764787941934,0,currents.a
1764787941936,0,currents.a
1764787941937,0,currents.a
1764787941939,0,currents.a
1764787941942,0,currents.a
1764787941943,0,currents.a
1764787941945,0,currents.a
1764787941947,0,currents.a
1764787941949,0,currents.a
1764787941950,0,currents.a
1764787941952,0,currents.a
1764787941954,0,currents.a
1764787941956,0,currents.a
1764787941958,0,currents.a
1764787941960,0,currents.a
1764787941962,0,currents.a
1764787941964,0,currents.a
1764787941966,0,currents.a
1764787941968,0,currents.a
1764787941970,0,currents.a
1764787941973,0,currents.a
1764787941975,0,currents.a
1764787941928,0,currents.b
1764787941930,0,currents.b
1764787941932,0,currents.b
1764787941934,0,currents.b
1764787941936,0,currents.b
1764787941937,0,currents.b
1764787941939,0,currents.b
1764787941942,0,currents.b
1764787941943,0,currents.b
1764787941945,0,currents.b
1764787941947,0,currents.b
1764787941949,0,currents.b
1764787941950,0,currents.b
1764787941952,0,currents.b
1764787941954,0,currents.b
1764787941956,0,currents.b
1764787941958,0,currents.b
1764787941960,0,currents.b
1764787941962,0,currents.b
1764787941964,0,currents.b
1764787941966,0,currents.b
1764787941968,0,currents.b
1764787941970,0,currents.b
1764787941973,0,currents.b
1764787941975,0,currents.b
1764787941928,0,currents.c
1764787941930,0,currents.c
1764787941932,0,currents.c
1764787941934,0,currents.c
1764787941936,0,currents.c
1764787941937,0,currents.c
1764787941939,0,currents.c
1764787941942,0,currents.c
1764787941943,0,currents.c
1764787941945,0,currents.c
1764787941947,0,currents.c
1764787941949,0,currents.c
1764787941950,0,currents.c
1764787941952,0,currents.c
1764787941954,0,currents.c
1764787941956,0,currents.c
1764787941958,0,currents.c
1764787941960,0,currents.c
1764787941962,0,currents.c
1764787941964,0,currents.c
1764787941966,0,currents.c
1764787941968,0,currents.c
1764787941970,0,currents.c
1764787941973,0,currents.c
1764787941975,0,currents.c
1764787941976,0,currents.a
1764787941978,0,currents.a
1764787941980,0,currents.a
1764787941982,0,currents.a
1764787941984,0,currents.a
1764787941986,0,currents.a
1764787941988,0,currents.a
1764787941989,0,currents.a
1764787941991,0,currents.a
1764787941993,0,currents.a
1764787941994,0,currents.a
1764787941997,0,currents.a
1764787941999,0,currents.a
1764787942001,0,currents.a
1764787942002,0,currents.a
1764787942005,0,currents.a
1764787942007,0,currents.a
1764787942009,0,currents.a
1764787942011,0,currents.a
1764787942012,0,currents.a
1764787942014,0,currents.a
1764787942016,0,currents.a
1764787942018,0,currents.a
1764787942020,0,currents.a
1764787942022,0,currents.a
1764787942024,0,currents.a
1764787942026,0,currents.a
1764787941976,0,currents.b
1764787941978,0,currents.b
1764787941980,0,currents.b
1764787941982,0,currents.b
1764787941984,0,currents.b
1764787941986,0,currents.b
1764787941988,0,currents.b
1764787941989,0,currents.b
1764787941991,0,currents.b
1764787941993,0,currents.b
1764787941994,0,currents.b
1764787941997,0,currents.b
1764787941999,0,currents.b
1764787942001,0,currents.b
1764787942002,0,currents.b
1764787942005,0,currents.b
1764787942007,0,currents.b
1764787942009,0,currents.b
1764787942011,0,currents.b
1764787942012,0,currents.b
1764787942014,0,currents.b
1764787942016,0,currents.b
1764787942018,0,currents.b
1764787942020,0,currents.b
1764787942022,0,currents.b
1764787942024,0,currents.b
1764787942026,0,currents.b
1764787941976,0,currents.c
1764787941978,0,currents.c
1764787941980,0,currents.c
1764787941982,0,currents.c
1764787941984,0,currents.c
1764787941986,0,currents.c
1764787941988,0,currents.c
1764787941989,0,currents.c
1764787941991,0,currents.c
1764787941993,0,currents.c
1764787941994,0,currents.c
1764787941997,0,currents.c
1764787941999,0,currents.c
1764787942001,0,currents.c
1764787942002,0,currents.c
1764787942005,0,currents.c
1764787942007,0,currents.c
1764787942009,0,currents.c
1764787942011,0,currents.c
1764787942012,0,currents.c
1764787942014,0,currents.c
1764787942016,0,currents.c
1764787942018,0,currents.c
1764787942020,0,currents.c
1764787942022,0,currents.c
1764787942024,0,currents.c
1764787942026,0,currents.c
1764787942028,0,currents.a
1764787942030,0,currents.a
1764787942031,0,currents.a
1764787942033,0,currents.a
1764787942034,0,currents.a
1764787942036,0,currents.a
1764787942038,0,currents.a
1764787942040,0,currents.a
1764787942041,0,currents.a
1764787942043,0,currents.a
1764787942045,0,currents.a
1764787942048,0,currents.a
1764787942049,0,currents.a
1764787942051,0,currents.a
1764787942053,0,currents.a
1764787942056,0,currents.a
1764787942057,0,currents.a
1764787942059,0,currents.a
1764787942061,0,currents.a
1764787942063,0,currents.a
1764787942065,0,currents.a
1764787942067,0,currents.a
1764787942069,0,currents.a
1764787942071,0,currents.a
1764787942073,0,currents.a
1764787942075,0,currents.a
1764787942077,0,currents.a
1764787942028,0,currents.b
1764787942030,0,currents.b
1764787942031,0,currents.b
1764787942033,0,currents.b
1764787942034,0,currents.b
1764787942036,0,currents.b
1764787942038,0,currents.b
1764787942040,0,currents.b
1764787942041,0,currents.b
1764787942043,0,currents.b
1764787942045,0,currents.b
1764787942048,0,currents.b
1764787942049,0,currents.b
1764787942051,0,currents.b
1764787942053,0,currents.b
1764787942056,0,currents.b
1764787942057,0,currents.b
1764787942059,0,currents.b
1764787942061,0,currents.b
1764787942063,0,currents.b
1764787942065,0,currents.b
1764787942067,0,currents.b
1764787942069,0,currents.b
1764787942071,0,currents.b
1764787942073,0,currents.b
1764787942075,0,currents.b
1764787942077,0,currents.b
1764787942028,0,currents.c
1764787942030,0,currents.c
1764787942031,0,currents.c
1764787942033,0,currents.c
1764787942034,0,currents.c
1764787942036,0,currents.c
1764787942038,0,currents.c
1764787942040,0,currents.c
1764787942041,0,currents.c
1764787942043,0,currents.c
1764787942045,0,currents.c
1764787942048,0,currents.c
1764787942049,0,currents.c
1764787942051,0,currents.c
1764787942053,0,currents.c
1764787942056,0,currents.c
1764787942057,0,currents.c
1764787942059,0,currents.c
1764787942061,0,currents.c
1764787942063,0,currents.c
1764787942065,0,currents.c
1764787942067,0,currents.c
1764787942069,0,currents.c
1764787942071,0,currents.c
1764787942073,0,currents.c
1764787942075,0,currents.c
1764787942077,0,currents.c
1764787942078,0,currents.a
1764787942080,0,currents.a
1764787942081,0,currents.a
1764787942083,0,currents.a
1764787942085,0,currents.a
1764787942088,0,currents.a
1764787942090,0,currents.a
1764787942092,0,currents.a
1764787942093,0,currents.a
1764787942095,0,currents.a
1764787942097,0,currents.a
1764787942099,0,currents.a
1764787942101,0,currents.a
1764787942103,0,currents.a
1764787942105,0,currents.a
1764787942108,0,currents.a
1764787942110,0,currents.a
1764787942111,0,currents.a
1764787942113,0,currents.a
1764787942115,0,currents.a
1764787942122,0,currents.a
1764787942124,0,currents.a
1764787942078,0,currents.b
1764787942080,0,currents.b
1764787942081,0,currents.b
1764787942083,0,currents.b
1764787942085,0,currents.b
1764787942088,0,currents.b
1764787942090,0,currents.b
1764787942092,0,currents.b
1764787942093,0,currents.b
1764787942095,0,currents.b
1764787942097,0,currents.b
1764787942099,0,currents.b
1764787942101,0,currents.b
1764787942103,0,currents.b
1764787942105,0,currents.b
1764787942108,0,currents.b
1764787942110,0,currents.b
1764787942111,0,currents.b
1764787942113,0,currents.b
1764787942115,0,currents.b
1764787942122,0,currents.b
1764787942124,0,currents.b
1764787942078,0,currents.c
1764787942080,0,currents.c
1764787942081,0,currents.c
1764787942083,0,currents.c
1764787942085,0,currents.c
1764787942088,0,currents.c
1764787942090,0,currents.c
1764787942092,0,currents.c
1764787942093,0,currents.c
1764787942095,0,currents.c
1764787942097,0,currents.c
1764787942099,0,currents.c
1764787942101,0,currents.c
1764787942103,0,currents.c
1764787942105,0,currents.c
1764787942108,0,currents.c
1764787942110,0,currents.c
1764787942111,0,currents.c
1764787942113,0,currents.c
1764787942115,0,currents.c
1764787942122,0,currents.c
1764787942124,0,currents.c
1764787942126,0,currents.a
1764787942128,0,currents.a
1764787942129,0,currents.a
1764787942131,0,currents.a
1764787942133,0,currents.a
1764787942135,0,currents.a
1764787942137,0,currents.a
1764787942139,0,currents.a
1764787942141,0,currents.a
1764787942143,0,currents.a
1764787942145,0,currents.a
1764787942146,0,currents.a
1764787942148,0,currents.a
1764787942150,0,currents.a
1764787942152,0,currents.a
1764787942154,0,currents.a
1764787942156,0,currents.a
1764787942158,0,currents.a
1764787942160,0,currents.a
1764787942162,0,currents.a
1764787942164,0,currents.a
1764787942166,0,currents.a
1764787942168,0,currents.a
1764787942170,0,currents.a
1764787942173,0,currents.a
1764787942175,0,currents.a
1764787942176,0,currents.a
1764787942126,0,currents.b
1764787942128,0,currents.b
1764787942129,0,currents.b
1764787942131,0,currents.b
1764787942133,0,currents.b
1764787942135,0,currents.b
1764787942137,0,currents.b
1764787942139,0,currents.b
1764787942141,0,currents.b
1764787942143,0,currents.b
1764787942145,0,currents.b
1764787942146,0,currents.b
1764787942148,0,currents.b
1764787942150,0,currents.b
1764787942152,0,currents.b
1764787942154,0,currents.b
1764787942156,0,currents.b
1764787942158,0,currents.b
1764787942160,0,currents.b
1764787942162,0,currents.b
1764787942164,0,currents.b
1764787942166,0,currents.b
1764787942168,0,currents.b
1764787942170,0,currents.b
1764787942173,0,currents.b
1764787942175,0,currents.b
1764787942176,0,currents.b
1764787942126,0,currents.c
1764787942128,0,currents.c
1764787942129,0,currents.c
1764787942131,0,currents.c
1764787942133,0,currents.c
1764787942135,0,currents.c
1764787942137,0,currents.c
1764787942139,0,currents.c
1764787942141,0,currents.c
1764787942143,0,currents.c
1764787942145,0,currents.c
1764787942146,0,currents.c
1764787942148,0,currents.c
1764787942150,0,currents.c
1764787942152,0,currents.c
1764787942154,0,currents.c
1764787942156,0,currents.c
1764787942158,0,currents.c
1764787942160,0,currents.c
1764787942162,0,currents.c
1764787942164,0,currents.c
1764787942166,0,currents.c
1764787942168,0,currents.c
1764787942170,0,currents.c
1764787942173,0,currents.c
1764787942175,0,currents.c
1764787942176,0,currents.c
1764787942179,0,currents.a
1764787942180,0,currents.a
1764787942182,0,currents.a
1764787942184,0,currents.a
1764787942186,0,currents.a
1764787942188,0,currents.a
1764787942190,0,currents.a
1764787942192,0,currents.a
1764787942194,0,currents.a
1764787942196,0,currents.a
1764787942198,0,currents.a
1764787942200,0,currents.a
1764787942201,0,currents.a
1764787942204,0,currents.a
1764787942206,0,currents.a
1764787942208,0,currents.a
1764787942210,0,currents.a
1764787942212,0,currents.a
1764787942214,0,currents.a
1764787942216,0,currents.a
1764787942218,0,currents.a
1764787942219,0,currents.a
1764787942222,0,currents.a
1764787942224,0,currents.a
1764787942226,0,currents.a
1764787942179,0,currents.b
1764787942180,0,currents.b
1764787942182,0,currents.b
1764787942184,0,currents.b
1764787942186,0,currents.b
1764787942188,0,currents.b
1764787942190,0,currents.b
1764787942192,0,currents.b
1764787942194,0,currents.b
1764787942196,0,currents.b
1764787942198,0,currents.b
1764787942200,0,currents.b
1764787942201,0,currents.b
1764787942204,0,currents.b
1764787942206,0,currents.b
1764787942208,0,currents.b
1764787942210,0,currents.b
1764787942212,0,currents.b
1764787942214,0,currents.b
1764787942216,0,currents.b
1764787942218,0,currents.b
1764787942219,0,currents.b
1764787942222,0,currents.b
1764787942224,0,currents.b
1764787942226,0,currents.b
1764787942179,0,currents.c
1764787942180,0,currents.c
1764787942182,0,currents.c
1764787942184,0,currents.c
1764787942186,0,currents.c
1764787942188,0,currents.c
1764787942190,0,currents.c
1764787942192,0,currents.c
1764787942194,0,currents.c
1764787942196,0,currents.c
1764787942198,0,currents.c
1764787942200,0,currents.c
1764787942201,0,currents.c
1764787942204,0,currents.c
1764787942206,0,currents.c
1764787942208,0,currents.c
1764787942210,0,currents.c
1764787942212,0,currents.c
1764787942214,0,currents.c
1764787942216,0,currents.c
1764787942218,0,currents.c
1764787942219,0,currents.c
1764787942222,0,currents.c
1764787942224,0,currents.c
1764787942226,0,currents.c
1764787942229,0,currents.a
1764787942231,0,currents.a
1764787942233,0,currents.a
1764787942235,0,currents.a
1764787942237,0,currents.a
1764787942240,0,currents.a
1764787942241,0,currents.a
1764787942243,0,currents.a
1764787942245,0,currents.a
1764787942247,0,currents.a
1764787942249,0,currents.a
1764787942251,0,currents.a
1764787942253,0,currents.a
1764787942255,0,currents.a
1764787942257,0,currents.a
1764787942259,0,currents.a
1764787942261,0,currents.a
1764787942262,0,currents.a
1764787942265,0,currents.a
1764787942267,0,currents.a
1764787942269,0,currents.a
1764787942271,0,currents.a
1764787942273,0,currents.a
1764787942275,0,currents.a
1764787942277,0,currents.a
1764787942279,0,currents.a
1764787942281,0,currents.a
1764787942229,0,currents.b
1764787942231,0,currents.b
1764787942233,0,currents.b
1764787942235,0,currents.b
1764787942237,0,currents.b
1764787942240,0,currents.b
1764787942241,0,currents.b
1764787942243,0,currents.b
1764787942245,0,currents.b
1764787942247,0,currents.b
1764787942249,0,currents.b
1764787942251,0,currents.b
1764787942253,0,currents.b
1764787942255,0,currents.b
1764787942257,0,currents.b
1764787942259,0,currents.b
1764787942261,0,currents.b
1764787942262,0,currents.b
1764787942265,0,currents.b
1764787942267,0,currents.b
1764787942269,0,currents.b
1764787942271,0,currents.b
1764787942273,0,currents.b
1764787942275,0,currents.b
1764787942277,0,currents.b
1764787942279,0,currents.b
1764787942281,0,currents.b
1764787942229,0,currents.c
1764787942231,0,currents.c
1764787942233,0,currents.c
1764787942235,0,currents.c
1764787942237,0,currents.c
1764787942240,0,currents.c
1764787942241,0,currents.c
1764787942243,0,currents.c
1764787942245,0,currents.c
1764787942247,0,currents.c
1764787942249,0,currents.c
1764787942251,0,currents.c
1764787942253,0,currents.c
1764787942255,0,currents.c
1764787942257,0,currents.c
1764787942259,0,currents.c
1764787942261,0,currents.c
1764787942262,0,currents.c
1764787942265,0,currents.c
1764787942267,0,currents.c
1764787942269,0,currents.c
1764787942271,0,currents.c
1764787942273,0,currents.c
1764787942275,0,currents.c
1764787942277,0,currents.c
1764787942279,0,currents.c
1764787942281,0,currents.c
1764787942283,0,currents.a
1764787942285,0,currents.a
1764787942288,0,currents.a
1764787942289,0,currents.a
1764787942291,0,currents.a
1764787942292,0,currents.a
1764787942294,0,currents.a
1764787942296,0,currents.a
1764787942298,0,currents.a
1764787942300,0,currents.a
1764787942302,0,currents.a
1764787942305,0,currents.a
1764787942307,0,currents.a
1764787942309,0,currents.a
1764787942311,0,currents.a
1764787942313,0,currents.a
1764787942315,0,currents.a
1764787942317,0,currents.a
1764787942320,0,currents.a
1764787942322,0,currents.a
1764787942324,0,currents.a
1764787942326,0,currents.a
1764787942328,0,currents.a
1764787942330,0,currents.a
1764787942283,0,currents.b
1764787942285,0,currents.b
1764787942288,0,currents.b
1764787942289,0,currents.b
1764787942291,0,currents.b
1764787942292,0,currents.b
1764787942294,0,currents.b
1764787942296,0,currents.b
1764787942298,0,currents.b
1764787942300,0,currents.b
1764787942302,0,currents.b
1764787942305,0,currents.b
1764787942307,0,currents.b
1764787942309,0,currents.b
1764787942311,0,currents.b
1764787942313,0,currents.b
1764787942315,0,currents.b
1764787942317,0,currents.b
1764787942320,0,currents.b
1764787942322,0,currents.b
1764787942324,0,currents.b
1764787942326,0,currents.b
1764787942328,0,currents.b
1764787942330,0,currents.b
1764787942283,0,currents.c
1764787942285,0,currents.c
1764787942288,0,currents.c
1764787942289,0,currents.c
1764787942291,0,currents.c
1764787942292,0,currents.c
1764787942294,0,currents.c
1764787942296,0,currents.c
1764787942298,0,currents.c
1764787942300,0,currents.c
1764787942302,0,currents.c
1764787942305,0,currents.c
1764787942307,0,currents.c
1764787942309,0,currents.c
1764787942311,0,currents.c
1764787942313,0,currents.c
1764787942315,0,currents.c
1764787942317,0,currents.c
1764787942320,0,currents.c
1764787942322,0,currents.c
1764787942324,0,currents.c
1764787942326,0,currents.c
1764787942328,0,currents.c
1764787942330,0,currents.c
1764787942332,0,currents.a
1764787942334,0,currents.a
1764787942336,0,currents.a
1764787942338,0,currents.a
1764787942340,0,currents.a
1764787942342,0,currents.a
1764787942343,0,currents.a
1764787942345,0,currents.a
1764787942347,0,currents.a
1764787942349,0,currents.a
1764787942351,0,currents.a
1764787942354,0,currents.a
1764787942356,0,currents.a
1764787942358,0,currents.a
1764787942360,0,currents.a
1764787942362,0,currents.a
1764787942364,0,currents.a
1764787942366,0,currents.a
1764787942368,0,currents.a
1764787942370,0,currents.a
1764787942372,0,currents.a
1764787942374,0,currents.a
1764787942376,0,currents.a
1764787942378,0,currents.a
1764787942380,0,currents.a
1764787942382,0,currents.a
1764787942332,0,currents.b
1764787942334,0,currents.b
1764787942336,0,currents.b
1764787942338,0,currents.b
1764787942340,0,currents.b
1764787942342,0,currents.b
1764787942343,0,currents.b
1764787942345,0,currents.b
1764787942347,0,currents.b
1764787942349,0,currents.b
1764787942351,0,currents.b
1764787942354,0,currents.b
1764787942356,0,currents.b
1764787942358,0,currents.b
1764787942360,0,currents.b
1764787942362,0,currents.b
1764787942364,0,currents.b
1764787942366,0,currents.b
1764787942368,0,currents.b
1764787942370,0,currents.b
1764787942372,0,currents.b
1764787942374,0,currents.b
1764787942376,0,currents.b
1764787942378,0,currents.b
1764787942380,0,currents.b
1764787942382,0,currents.b
1764787942332,0,currents.c
1764787942334,0,currents.c
1764787942336,0,currents.c
1764787942338,0,currents.c
1764787942340,0,currents.c
1764787942342,0,currents.c
1764787942343,0,currents.c
1764787942345,0,currents.c
1764787942347,0,currents.c
1764787942349,0,currents.c
1764787942351,0,currents.c
1764787942354,0,currents.c
1764787942356,0,currents.c
1764787942358,0,currents.c
1764787942360,0,currents.c
1764787942362,0,currents.c
1764787942364,0,currents.c
1764787942366,0,currents.c
1764787942368,0,currents.c
1764787942370,0,currents.c
1764787942372,0,currents.c
1764787942374,0,currents.c
1764787942376,0,currents.c
1764787942378,0,currents.c
1764787942380,0,currents.c
1764787942382,0,currents.c
1764787942384,0,currents.a
1764787942385,0,currents.a
1764787942387,0,currents.a
1764787942390,0,currents.a
1764787942392,0,currents.a
1764787942393,0,currents.a
1764787942395,0,currents.a
1764787942397,0,currents.a
1764787942399,0,currents.a
1764787942401,0,currents.a
1764787942403,0,currents.a
1764787942406,0,currents.a
1764787942408,0,currents.a
1764787942409,0,currents.a
1764787942411,0,currents.a
1764787942413,0,currents.a
1764787942415,0,currents.a
1764787942416,0,currents.a
1764787942418,0,currents.a
1764787942420,0,currents.a
1764787942423,0,currents.a
1764787942424,0,currents.a
1764787942426,0,currents.a
1764787942428,0,currents.a
1764787942430,0,currents.a
1764787942432,0,currents.a
1764787942433,0,currents.a
1764787942384,0,currents.b
1764787942385,0,currents.b
1764787942387,0,currents.b
1764787942390,0,currents.b
1764787942392,0,currents.b
1764787942393,0,currents.b
1764787942395,0,currents.b
1764787942397,0,currents.b
1764787942399,0,currents.b
1764787942401,0,currents.b
1764787942403,0,currents.b
1764787942406,0,currents.b
1764787942408,0,currents.b
1764787942409,0,currents.b
1764787942411,0,currents.b
1764787942413,0,currents.b
1764787942415,0,currents.b
1764787942416,0,currents.b
1764787942418,0,currents.b
1764787942420,0,currents.b
1764787942423,0,currents.b
1764787942424,0,currents.b
1764787942426,0,currents.b
1764787942428,0,currents.b
1764787942430,0,currents.b
1764787942432,0,currents.b
1764787942433,0,currents.b
1764787942384,0,currents.c
1764787942385,0,currents.c
1764787942387,0,currents.c
1764787942390,0,currents.c
1764787942392,0,currents.c
1764787942393,0,currents.c
1764787942395,0,currents.c
1764787942397,0,currents.c
1764787942399,0,currents.c
1764787942401,0,currents.c
1764787942403,0,currents.c
1764787942406,0,currents.c
1764787942408,0,currents.c
1764787942409,0,currents.c
1764787942411,0,currents.c
1764787942413,0,currents.c
1764787942415,0,currents.c
1764787942416,0,currents.c
1764787942418,0,currents.c
1764787942420,0,currents.c
1764787942423,0,currents.c
1764787942424,0,currents.c
1764787942426,0,currents.c
1764787942428,0,currents.c
1764787942430,0,currents.c
1764787942432,0,currents.c
1764787942433,0,currents.c
1764787942435,0,currents.a
1764787942436,0,currents.a
1764787942439,0,currents.a
1764787942440,0,currents.a
1764787942442,0,currents.a
1764787942443,0,currents.a
1764787942445,0,currents.a
1764787942447,0,currents.a
1764787942450,0,currents.a
1764787942452,0,currents.a
1764787942453,0,currents.a
1764787942455,0,currents.a
1764787942457,0,currents.a
1764787942459,0,currents.a
1764787942461,0,currents.a
1764787942463,0,currents.a
1764787942465,0,currents.a
1764787942467,0,currents.a
1764787942469,0,currents.a
1764787942471,0,currents.a
1764787942473,0,currents.a
1764787942475,0,currents.a
1764787942476,0,currents.a
1764787942479,0,currents.a
1764787942435,0,currents.b
1764787942436,0,currents.b
1764787942439,0,currents.b
1764787942440,0,currents.b
1764787942442,0,currents.b
1764787942443,0,currents.b
1764787942445,0,currents.b
1764787942447,0,currents.b
1764787942450,0,currents.b
1764787942452,0,currents.b
1764787942453,0,currents.b
1764787942455,0,currents.b
1764787942457,0,currents.b
1764787942459,0,currents.b
1764787942461,0,currents.b
1764787942463,0,currents.b
1764787942465,0,currents.b
1764787942467,0,currents.b
1764787942469,0,currents.b
1764787942471,0,currents.b
1764787942473,0,currents.b
1764787942475,0,currents.b
1764787942476,0,currents.b
1764787942479,0,currents.b
1764787942435,0,currents.c
1764787942436,0,currents.c
1764787942439,0,currents.c
1764787942440,0,currents.c
1764787942442,0,currents.c
1764787942443,0,currents.c
1764787942445,0,currents.c
1764787942447,0,currents.c
1764787942450,0,currents.c
1764787942452,0,currents.c
1764787942453,0,currents.c
1764787942455,0,currents.c
1764787942457,0,currents.c
1764787942459,0,currents.c
1764787942461,0,currents.c
1764787942463,0,currents.c
1764787942465,0,currents.c
1764787942467,0,currents.c
1764787942469,0,currents.c
1764787942471,0,currents.c
1764787942473,0,currents.c
1764787942475,0,currents.c
1764787942476,0,currents.c
1764787942479,0,currents.c
1764787942481,0,currents.a
1764787942482,0,currents.a
1764787942484,0,currents.a
1764787942485,0,currents.a
1764787942488,0,currents.a
1764787942490,0,currents.a
1764787942491,0,currents.a
1764787942493,0,currents.a
1764787942495,0,currents.a
1764787942497,0,currents.a
1764787942498,0,currents.a
1764787942500,0,currents.a
1764787942502,0,currents.a
1764787942504,0,currents.a
1764787942506,0,currents.a
1764787942509,0,currents.a
1764787942511,0,currents.a
1764787942513,0,currents.a
1764787942515,0,currents.a
1764787942518,0,currents.a
1764787942520,0,currents.a
1764787942522,0,currents.a
1764787942525,0,currents.a
1764787942527,0,currents.a
1764787942529,0,currents.a
1764787942532,0,currents.a
1764787942481,0,currents.b
1764787942482,0,currents.b
1764787942484,0,currents.b
1764787942485,0,currents.b
1764787942488,0,currents.b
1764787942490,0,currents.b
1764787942491,0,currents.b
1764787942493,0,currents.b
1764787942495,0,currents.b
1764787942497,0,currents.b
1764787942498,0,currents.b
1764787942500,0,currents.b
1764787942502,0,currents.b
1764787942504,0,currents.b
1764787942506,0,currents.b
1764787942509,0,currents.b
1764787942511,0,currents.b
1764787942513,0,currents.b
1764787942515,0,currents.b
1764787942518,0,currents.b
1764787942520,0,currents.b
1764787942522,0,currents.b
1764787942525,0,currents.b
1764787942527,0,currents.b
1764787942529,0,currents.b
1764787942532,0,currents.b
1764787942481,0,currents.c
1764787942482,0,currents.c
1764787942484,0,currents.c
1764787942485,0,currents.c
1764787942488,0,currents.c
1764787942490,0,currents.c
1764787942491,0,currents.c
1764787942493,0,currents.c
1764787942495,0,currents.c
1764787942497,0,currents.c
1764787942498,0,currents.c
1764787942500,0,currents.c
1764787942502,0,currents.c
1764787942504,0,currents.c
1764787942506,0,currents.c
1764787942509,0,currents.c
1764787942511,0,currents.c
1764787942513,0,currents.c
1764787942515,0,currents.c
1764787942518,0,currents.c
1764787942520,0,currents.c
1764787942522,0,currents.c
1764787942525,0,currents.c
1764787942527,0,currents.c
1764787942529,0,currents.c
1764787942532,0,currents.c
1764787942533,0,currents.a
1764787942535,0,currents.a
1764787942537,0,currents.a
1764787942539,0,currents.a
1764787942541,0,currents.a
1764787942544,0,currents.a
1764787942545,0,currents.a
1764787942546,0,currents.a
1764787942547,0,currents.a
1764787942549,0,currents.a
1764787942551,0,currents.a
1764787942553,0,currents.a
1764787942555,0,currents.a
1764787942557,0,currents.a
1764787942560,0,currents.a
1764787942561,0,currents.a
1764787942563,0,currents.a
1764787942566,0,currents.a
1764787942568,0,currents.a
1764787942570,0,currents.a
1764787942573,0,currents.a
1764787942575,0,currents.a
1764787942578,0,currents.a
1764787942580,0,currents.a
1764787942583,0,currents.a
1764787942533,0,currents.b
1764787942535,0,currents.b
1764787942537,0,currents.b
1764787942539,0,currents.b
1764787942541,0,currents.b
1764787942544,0,currents.b
1764787942545,0,currents.b
1764787942546,0,currents.b
1764787942547,0,currents.b
1764787942549,0,currents.b
1764787942551,0,currents.b
1764787942553,0,currents.b
1764787942555,0,currents.b
1764787942557,0,currents.b
1764787942560,0,currents.b
1764787942561,0,currents.b
1764787942563,0,currents.b
1764787942566,0,currents.b
1764787942568,0,currents.b
1764787942570,0,currents.b
1764787942573,0,currents.b
1764787942575,0,currents.b
1764787942578,0,currents.b
1764787942580,0,currents.b
1764787942583,0,currents.b
1764787942533,0,currents.c
1764787942535,0,currents.c
1764787942537,0,currents.c
1764787942539,0,currents.c
1764787942541,0,currents.c
1764787942544,0,currents.c
1764787942545,0,currents.c
1764787942546,0,currents.c
1764787942547,0,currents.c
1764787942549,0,currents.c
1764787942551,0,currents.c
1764787942553,0,currents.c
1764787942555,0,currents.c
1764787942557,0,currents.c
1764787942560,0,currents.c
1764787942561,0,currents.c
1764787942563,0,currents.c
1764787942566,0,currents.c
1764787942568,0,currents.c
1764787942570,0,currents.c
1764787942573,0,currents.c
1764787942575,0,currents.c
1764787942578,0,currents.c
1764787942580,0,currents.c
1764787942583,0,currents.c
1764787942585,0,currents.a
1764787942587,0,currents.a
1764787942590,0,currents.a
1764787942592,0,currents.a
1764787942593,0,currents.a
1764787942595,0,currents.a
1764787942597,0,currents.a
1764787942599,0,currents.a
1764787942601,0,currents.a
1764787942603,0,currents.a
1764787942605,0,currents.a
1764787942608,0,currents.a
1764787942610,0,currents.a
1764787942611,0,currents.a
1764787942614,0,currents.a
1764787942616,0,currents.a
1764787942618,0,currents.a
1764787942621,0,currents.a
1764787942623,0,currents.a
1764787942625,0,currents.a
1764787942627,0,currents.a
1764787942629,0,currents.a
1764787942631,0,currents.a
1764787942633,0,currents.a
1764787942635,0,currents.a
1764787942585,0,currents.b
1764787942587,0,currents.b
1764787942590,0,currents.b
1764787942592,0,currents.b
1764787942593,0,currents.b
1764787942595,0,currents.b
1764787942597,0,currents.b
1764787942599,0,currents.b
1764787942601,0,currents.b
1764787942603,0,currents.b
1764787942605,0,currents.b
1764787942608,0,currents.b
1764787942610,0,currents.b
1764787942611,0,currents.b
1764787942614,0,currents.b
1764787942616,0,currents.b
1764787942618,0,currents.b
1764787942621,0,currents.b
1764787942623,0,currents.b
1764787942625,0,currents.b
1764787942627,0,currents.b
1764787942629,0,currents.b
1764787942631,0,currents.b
1764787942633,0,currents.b
1764787942635,0,currents.b
1764787942585,0,currents.c
1764787942587,0,currents.c
1764787942590,0,currents.c
1764787942592,0,currents.c
1764787942593,0,currents.c
1764787942595,0,currents.c
1764787942597,0,currents.c
1764787942599,0,currents.c
1764787942601,0,currents.c
1764787942603,0,currents.c
1764787942605,0,currents.c
1764787942608,0,currents.c
1764787942610,0,currents.c
1764787942611,0,currents.c
1764787942614,0,currents.c
1764787942616,0,currents.c
1764787942618,0,currents.c
1764787942621,0,currents.c
1764787942623,0,currents.c
1764787942625,0,currents.c
1764787942627,0,currents.c
1764787942629,0,currents.c
1764787942631,0,currents.c
1764787942633,0,currents.c
1764787942635,0,currents.c
1764787942636,0,currents.a
1764787942639,0,currents.a
1764787942640,0,currents.a
1764787942642,0,currents.a
1764787942644,0,currents.a
1764787942646,0,currents.a
1764787942648,0,currents.a
1764787942650,0,currents.a
1764787942651,0,currents.a
1764787942654,0,currents.a
1764787942656,0,currents.a
1764787942658,0,currents.a
1764787942660,0,currents.a
1764787942662,0,currents.a
1764787942664,0,currents.a
1764787942665,0,currents.a
1764787942667,0,currents.a
1764787942670,0,currents.a
1764787942672,0,currents.a
1764787942674,0,currents.a
1764787942676,0,currents.a
1764787942678,0,currents.a
1764787942680,0,currents.a
1764787942682,0,currents.a
1764787942684,0,currents.a
1764787942636,0,currents.b
1764787942639,0,currents.b
1764787942640,0,currents.b
1764787942642,0,currents.b
1764787942644,0,currents.b
1764787942646,0,currents.b
1764787942648,0,currents.b
1764787942650,0,currents.b
1764787942651,0,currents.b
1764787942654,0,currents.b
1764787942656,0,currents.b
1764787942658,0,currents.b
1764787942660,0,currents.b
1764787942662,0,currents.b
1764787942664,0,currents.b
1764787942665,0,currents.b
1764787942667,0,currents.b
1764787942670,0,currents.b
1764787942672,0,currents.b
1764787942674,0,currents.b
1764787942676,0,currents.b
1764787942678,0,currents.b
1764787942680,0,currents.b
1764787942682,0,currents.b
1764787942684,0,currents.b
1764787942636,0,currents.c
1764787942639,0,currents.c
1764787942640,0,currents.c
1764787942642,0,currents.c
1764787942644,0,currents.c
1764787942646,0,currents.c
1764787942648,0,currents.c
1764787942650,0,currents.c
1764787942651,0,currents.c
1764787942654,0,currents.c
1764787942656,0,currents.c
1764787942658,0,currents.c
1764787942660,0,currents.c
1764787942662,0,currents.c
1764787942664,0,currents.c
1764787942665,0,currents.c
1764787942667,0,currents.c
1764787942670,0,currents.c
1764787942672,0,currents.c
1764787942674,0,currents.c
1764787942676,0,currents.c
1764787942678,0,currents.c
1764787942680,0,currents.c
1764787942682,0,currents.c
1764787942684,0,currents.c
1764787942686,0,currents.a
1764787942688,0,currents.a
1764787942690,0,currents.a
1764787942692,0,currents.a
1764787942694,0,currents.a
1764787942695,0,currents.a
1764787942697,0,currents.a
1764787942698,0,currents.a
1764787942701,0,currents.a
1764787942702,0,currents.a
1764787942704,0,currents.a
1764787942706,0,currents.a
1764787942708,0,currents.a
1764787942710,0,currents.a
1764787942712,0,currents.a
1764787942715,0,currents.a
1764787942717,0,currents.a
1764787942719,0,currents.a
1764787942721,0,currents.a
1764787942723,0,currents.a
1764787942725,0,currents.a
1764787942728,0,currents.a
1764787942730,0,currents.a
1764787942732,0,currents.a
1764787942733,0,currents.a
1764787942735,0,currents.a
1764787942686,0,currents.b
1764787942688,0,currents.b
1764787942690,0,currents.b
1764787942692,0,currents.b
1764787942694,0,currents.b
1764787942695,0,currents.b
1764787942697,0,currents.b
1764787942698,0,currents.b
1764787942701,0,currents.b
1764787942702,0,currents.b
1764787942704,0,currents.b
1764787942706,0,currents.b
1764787942708,0,currents.b
1764787942710,0,currents.b
1764787942712,0,currents.b
1764787942715,0,currents.b
1764787942717,0,currents.b
1764787942719,0,currents.b
1764787942721,0,currents.b
1764787942723,0,currents.b
1764787942725,0,currents.b
1764787942728,0,currents.b
1764787942730,0,currents.b
1764787942732,0,currents.b
1764787942733,0,currents.b
1764787942735,0,currents.b
1764787942686,0,currents.c
1764787942688,0,currents.c
1764787942690,0,currents.c
1764787942692,0,currents.c
1764787942694,0,currents.c
1764787942695,0,currents.c
1764787942697,0,currents.c
1764787942698,0,currents.c
1764787942701,0,currents.c
1764787942702,0,currents.c
1764787942704,0,currents.c
1764787942706,0,currents.c
1764787942708,0,currents.c
1764787942710,0,currents.c
1764787942712,0,currents.c
1764787942715,0,currents.c
1764787942717,0,currents.c
1764787942719,0,currents.c
1764787942721,0,currents.c
1764787942723,0,currents.c
1764787942725,0,currents.c
1764787942728,0,currents.c
1764787942730,0,currents.c
1764787942732,0,currents.c
1764787942733,0,currents.c
1764787942735,0,currents.c
1764787942738,0,currents.a
1764787942740,0,currents.a
1764787942742,0,currents.a
1764787942744,0,currents.a
1764787942746,0,currents.a
1764787942747,0,currents.a
1764787942749,0,currents.a
1764787942750,0,currents.a
1764787942752,0,currents.a
1764787942754,0,currents.a
1764787942757,0,currents.a
1764787942758,0,currents.a
1764787942760,0,currents.a
1764787942762,0,currents.a
1764787942763,0,currents.a
1764787942765,0,currents.a
1764787942768,0,currents.a
1764787942770,0,currents.a
1764787942772,0,currents.a
1764787942774,0,currents.a
1764787942776,0,currents.a
1764787942778,0,currents.a
1764787942780,0,currents.a
1764787942782,0,currents.a
1764787942783,0,currents.a
1764787942785,0,currents.a
1764787942787,0,currents.a
1764787942738,0,currents.b
1764787942740,0,currents.b
1764787942742,0,currents.b
1764787942744,0,currents.b
1764787942746,0,currents.b
1764787942747,0,currents.b
1764787942749,0,currents.b
1764787942750,0,currents.b
1764787942752,0,currents.b
1764787942754,0,currents.b
1764787942757,0,currents.b
1764787942758,0,currents.b
1764787942760,0,currents.b
1764787942762,0,currents.b
1764787942763,0,currents.b
1764787942765,0,currents.b
1764787942768,0,currents.b
1764787942770,0,currents.b
1764787942772,0,currents.b
1764787942774,0,currents.b
1764787942776,0,currents.b
1764787942778,0,currents.b
1764787942780,0,currents.b
1764787942782,0,currents.b
1764787942783,0,currents.b
1764787942785,0,currents.b
1764787942787,0,currents.b
1764787942738,0,currents.c
1764787942740,0,currents.c
1764787942742,0,currents.c
1764787942744,0,currents.c
1764787942746,0,currents.c
1764787942747,0,currents.c
1764787942749,0,currents.c
1764787942750,0,currents.c
1764787942752,0,currents.c
1764787942754,0,currents.c
1764787942757,0,currents.c
1764787942758,0,currents.c
1764787942760,0,currents.c
1764787942762,0,currents.c
1764787942763,0,currents.c
1764787942765,0,currents.c
1764787942768,0,currents.c
1764787942770,0,currents.c
1764787942772,0,currents.c
1764787942774,0,currents.c
1764787942776,0,currents.c
1764787942778,0,currents.c
1764787942780,0,currents.c
1764787942782,0,currents.c
1764787942783,0,currents.c
1764787942785,0,currents.c
1764787942787,0,currents.c
1764787942789,0,currents.a
1764787942791,0,currents.a
1764787942793,0,currents.a
1764787942794,0,currents.a
1764787942796,0,currents.a
1764787942798,0,currents.a
1764787942800,0,currents.a
1764787942801,0,currents.a
1764787942803,0,currents.a
1764787942805,0,currents.a
1764787942806,0,currents.a
1764787942808,0,currents.a
1764787942810,0,currents.a
1764787942812,0,currents.a
1764787942813,0,currents.a
1764787942815,0,currents.a
1764787942817,0,currents.a
1764787942819,0,currents.a
1764787942821,0,currents.a
1764787942823,0,currents.a
1764787942825,0,currents.a
1764787942828,0,currents.a
1764787942830,0,currents.a
1764787942832,0,currents.a
1764787942834,0,currents.a
1764787942836,0,currents.a
1764787942789,0,currents.b
1764787942791,0,currents.b
1764787942793,0,currents.b
1764787942794,0,currents.b
1764787942796,0,currents.b
1764787942798,0,currents.b
1764787942800,0,currents.b
1764787942801,0,currents.b
1764787942803,0,currents.b
1764787942805,0,currents.b
1764787942806,0,currents.b
1764787942808,0,currents.b
1764787942810,0,currents.b
1764787942812,0,currents.b
1764787942813,0,currents.b
1764787942815,0,currents.b
1764787942817,0,currents.b
1764787942819,0,currents.b
1764787942821,0,currents.b
1764787942823,0,currents.b
1764787942825,0,currents.b
1764787942828,0,currents.b
1764787942830,0,currents.b
1764787942832,0,currents.b
1764787942834,0,currents.b
1764787942836,0,currents.b
1764787942789,0,currents.c
1764787942791,0,currents.c
1764787942793,0,currents.c
1764787942794,0,currents.c
1764787942796,0,currents.c
1764787942798,0,currents.c
1764787942800,0,currents.c
1764787942801,0,currents.c
1764787942803,0,currents.c
1764787942805,0,currents.c
1764787942806,0,currents.c
1764787942808,0,currents.c
1764787942810,0,currents.c
1764787942812,0,currents.c
1764787942813,0,currents.c
1764787942815,0,currents.c
1764787942817,0,currents.c
1764787942819,0,currents.c
1764787942821,0,currents.c
1764787942823,0,currents.c
1764787942825,0,currents.c
1764787942828,0,currents.c
1764787942830,0,currents.c
1764787942832,0,currents.c
1764787942834,0,currents.c
1764787942836,0,currents.c
1764787942839,0,currents.a
1764787942841,0,currents.a
1764787942842,0,currents.a
1764787942844,0,currents.a
1764787942846,0,currents.a
1764787942848,0,currents.a
1764787942849,0,currents.a
1764787942851,0,currents.a
1764787942853,0,currents.a
1764787942855,0,currents.a
1764787942857,0,currents.a
1764787942859,0,currents.a
1764787942861,0,currents.a
1764787942863,0,currents.a
1764787942865,0,currents.a
1764787942867,0,currents.a
1764787942869,0,currents.a
1764787942871,0,currents.a
1764787942873,0,currents.a
1764787942875,0,currents.a
1764787942877,0,currents.a
1764787942879,0,currents.a
1764787942882,0,currents.a
1764787942884,0,currents.a
1764787942886,0,currents.a
1764787942839,0,currents.b
1764787942841,0,currents.b
1764787942842,0,currents.b
1764787942844,0,currents.b
1764787942846,0,currents.b
1764787942848,0,currents.b
1764787942849,0,currents.b
1764787942851,0,currents.b
1764787942853,0,currents.b
1764787942855,0,currents.b
1764787942857,0,currents.b
1764787942859,0,currents.b
1764787942861,0,currents.b
1764787942863,0,currents.b
1764787942865,0,currents.b
1764787942867,0,currents.b
1764787942869,0,currents.b
1764787942871,0,currents.b
1764787942873,0,currents.b
1764787942875,0,currents.b
1764787942877,0,currents.b
1764787942879,0,currents.b
1764787942882,0,currents.b
1764787942884,0,currents.b
1764787942886,0,currents.b
1764787942839,0,currents.c
1764787942841,0,currents.c
1764787942842,0,currents.c
1764787942844,0,currents.c
1764787942846,0,currents.c
1764787942848,0,currents.c
1764787942849,0,currents.c
1764787942851,0,currents.c
1764787942853,0,currents.c
1764787942855,0,currents.c
1764787942857,0,currents.c
1764787942859,0,currents.c
1764787942861,0,currents.c
1764787942863,0,currents.c
1764787942865,0,currents.c
1764787942867,0,currents.c
1764787942869,0,currents.c
1764787942871,0,currents.c
1764787942873,0,currents.c
1764787942875,0,currents.c
1764787942877,0,currents.c
1764787942879,0,currents.c
1764787942882,0,currents.c
1764787942884,0,currents.c
1764787942886,0,currents.c
1764787942888,0,currents.a
1764787942889,0,currents.a
1764787942891,0,currents.a
1764787942893,0,currents.a
1764787942894,0,currents.a
1764787942896,0,currents.a
1764787942898,0,currents.a
1764787942900,0,currents.a
1764787942901,0,currents.a
1764787942904,0,currents.a
1764787942906,0,currents.a
1764787942908,0,currents.a
1764787942910,0,currents.a
1764787942912,0,currents.a
1764787942914,0,currents.a
1764787942916,0,currents.a
1764787942918,0,currents.a
1764787942920,0,currents.a
1764787942923,0,currents.a
1764787942925,0,currents.a
1764787942927,0,currents.a
1764787942929,0,currents.a
1764787942931,0,currents.a
1764787942933,0,currents.a
1764787942935,0,currents.a
1764787942888,0,currents.b
1764787942889,0,currents.b
1764787942891,0,currents.b
1764787942893,0,currents.b
1764787942894,0,currents.b
1764787942896,0,currents.b
1764787942898,0,currents.b
1764787942900,0,currents.b
1764787942901,0,currents.b
1764787942904,0,currents.b
1764787942906,0,currents.b
1764787942908,0,currents.b
1764787942910,0,currents.b
1764787942912,0,currents.b
1764787942914,0,currents.b
1764787942916,0,currents.b
1764787942918,0,currents.b
1764787942920,0,currents.b
1764787942923,0,currents.b
1764787942925,0,currents.b
1764787942927,0,currents.b
1764787942929,0,currents.b
1764787942931,0,currents.b
1764787942933,0,currents.b
1764787942935,0,currents.b
1764787942888,0,currents.c
1764787942889,0,currents.c
1764787942891,0,currents.c
1764787942893,0,currents.c
1764787942894,0,currents.c
1764787942896,0,currents.c
1764787942898,0,currents.c
1764787942900,0,currents.c
1764787942901,0,currents.c
1764787942904,0,currents.c
1764787942906,0,currents.c
1764787942908,0,currents.c
1764787942910,0,currents.c
1764787942912,0,currents.c
1764787942914,0,currents.c
1764787942916,0,currents.c
1764787942918,0,currents.c
1764787942920,0,currents.c
1764787942923,0,currents.c
1764787942925,0,currents.c
1764787942927,0,currents.c
1764787942929,0,currents.c
1764787942931,0,currents.c
1764787942933,0,currents.c
1764787942935,0,currents.c
1764787942937,0,currents.a
1764787942939,0,currents.a
1764787942941,0,currents.a
1764787942942,0,currents.a
1764787942944,0,currents.a
1764787942946,0,currents.a
1764787942948,0,currents.a
1764787942950,0,currents.a
1764787942952,0,currents.a
1764787942953,0,currents.a
1764787942956,0,currents.a
1764787942958,0,currents.a
1764787942960,0,currents.a
1764787942961,0,currents.a
1764787942964,0,currents.a
1764787942966,0,currents.a
1764787942967,0,currents.a
1764787942969,0,currents.a
1764787942971,0,currents.a
1764787942973,0,currents.a
1764787942975,0,currents.a
1764787942978,0,currents.a
1764787942980,0,currents.a
1764787942982,0,currents.a
1764787942983,0,currents.a
1764787942986,0,currents.a
1764787942937,0,currents.b
1764787942939,0,currents.b
1764787942941,0,currents.b
1764787942942,0,currents.b
1764787942944,0,currents.b
1764787942946,0,currents.b
1764787942948,0,currents.b
1764787942950,0,currents.b
1764787942952,0,currents.b
1764787942953,0,currents.b
1764787942956,0,currents.b
1764787942958,0,currents.b
1764787942960,0,currents.b
1764787942961,0,currents.b
1764787942964,0,currents.b
1764787942966,0,currents.b
1764787942967,0,currents.b
1764787942969,0,currents.b
1764787942971,0,currents.b
1764787942973,0,currents.b
1764787942975,0,currents.b
1764787942978,0,currents.b
1764787942980,0,currents.b
1764787942982,0,currents.b
1764787942983,0,currents.b
1764787942986,0,currents.b
1764787942937,0,currents.c
1764787942939,0,currents.c
1764787942941,0,currents.c
1764787942942,0,currents.c
1764787942944,0,currents.c
1764787942946,0,currents.c
1764787942948,0,currents.c
1764787942950,0,currents.c
1764787942952,0,currents.c
1764787942953,0,currents.c
1764787942956,0,currents.c
1764787942958,0,currents.c
1764787942960,0,currents.c
1764787942961,0,currents.c
1764787942964,0,currents.c
1764787942966,0,currents.c
1764787942967,0,currents.c
1764787942969,0,currents.c
1764787942971,0,currents.c
1764787942973,0,currents.c
1764787942975,0,currents.c
1764787942978,0,currents.c
1764787942980,0,currents.c
1764787942982,0,currents.c
1764787942983,0,currents.c
1764787942986,0,currents.c
1764787942988,0,currents.a
1764787942990,0,currents.a
1764787942992,0,currents.a
1764787942994,0,currents.a
1764787942996,0,currents.a
1764787942998,0,currents.a
1764787943000,0,currents.a
1764787943002,0,currents.a
1764787943005,0,currents.a
1764787943007,0,currents.a
1764787943010,0,currents.a
1764787943012,0,currents.a
1764787943014,0,currents.a
1764787943016,0,currents.a
1764787943018,0,currents.a
1764787943020,0,currents.a
1764787943022,0,currents.a
1764787943025,0,currents.a
1764787943026,0,currents.a
1764787943028,0,currents.a
1764787943030,0,currents.a
1764787943032,0,currents.a
1764787943034,0,currents.a
1764787943036,0,currents.a
1764787943039,0,currents.a
1764787942988,0,currents.b
1764787942990,0,currents.b
1764787942992,0,currents.b
1764787942994,0,currents.b
1764787942996,0,currents.b
1764787942998,0,currents.b
1764787943000,0,currents.b
1764787943002,0,currents.b
1764787943005,0,currents.b
1764787943007,0,currents.b
1764787943010,0,currents.b
1764787943012,0,currents.b
1764787943014,0,currents.b
1764787943016,0,currents.b
1764787943018,0,currents.b
1764787943020,0,currents.b
1764787943022,0,currents.b
1764787943025,0,currents.b
1764787943026,0,currents.b
1764787943028,0,currents.b
1764787943030,0,currents.b
1764787943032,0,currents.b
1764787943034,0,currents.b
1764787943036,0,currents.b
1764787943039,0,currents.b
1764787942988,0,currents.c
1764787942990,0,currents.c
1764787942992,0,currents.c
1764787942994,0,currents.c
1764787942996,0,currents.c
1764787942998,0,currents.c
1764787943000,0,currents.c
1764787943002,0,currents.c
1764787943005,0,currents.c
1764787943007,0,currents.c
1764787943010,0,currents.c
1764787943012,0,currents.c
1764787943014,0,currents.c
1764787943016,0,currents.c
1764787943018,0,currents.c
1764787943020,0,currents.c
1764787943022,0,currents.c
1764787943025,0,currents.c
1764787943026,0,currents.c
1764787943028,0,currents.c
1764787943030,0,currents.c
1764787943032,0,currents.c
1764787943034,0,currents.c
1764787943036,0,currents.c
1764787943039,0,currents.c
1764787943040,0,currents.a
1764787943042,0,currents.a
1764787943044,0,currents.a
1764787943047,0,currents.a
1764787943048,0,currents.a
1764787943050,0,currents.a
1764787943052,0,currents.a
1764787943054,0,currents.a
1764787943056,0,currents.a
1764787943058,0,currents.a
1764787943060,0,currents.a
1764787943062,0,currents.a
1764787943064,0,currents.a
1764787943066,0,currents.a
1764787943068,0,currents.a
1764787943070,0,currents.a
1764787943073,0,currents.a
1764787943074,0,currents.a
1764787943076,0,currents.a
1764787943079,0,currents.a
1764787943081,0,currents.a
1764787943083,0,currents.a
1764787943085,0,currents.a
1764787943088,0,currents.a
1764787943090,0,currents.a
1764787943040,0,currents.b
1764787943042,0,currents.b
1764787943044,0,currents.b
1764787943047,0,currents.b
1764787943048,0,currents.b
1764787943050,0,currents.b
1764787943052,0,currents.b
1764787943054,0,currents.b
1764787943056,0,currents.b
1764787943058,0,currents.b
1764787943060,0,currents.b
1764787943062,0,currents.b
1764787943064,0,currents.b
1764787943066,0,currents.b
1764787943068,0,currents.b
1764787943070,0,currents.b
1764787943073,0,currents.b
1764787943074,0,currents.b
1764787943076,0,currents.b
1764787943079,0,currents.b
1764787943081,0,currents.b
1764787943083,0,currents.b
1764787943085,0,currents.b
1764787943088,0,currents.b
1764787943090,0,currents.b
1764787943040,0,currents.c
1764787943042,0,currents.c
1764787943044,0,currents.c
1764787943047,0,currents.c
1764787943048,0,currents.c
1764787943050,0,currents.c
1764787943052,0,currents.c
1764787943054,0,currents.c
1764787943056,0,currents.c
1764787943058,0,currents.c
1764787943060,0,currents.c
1764787943062,0,currents.c
1764787943064,0,currents.c
1764787943066,0,currents.c
1764787943068,0,currents.c
1764787943070,0,currents.c
1764787943073,0,currents.c
1764787943074,0,currents.c
1764787943076,0,currents.c
1764787943079,0,currents.c
1764787943081,0,currents.c
1764787943083,0,currents.c
1764787943085,0,currents.c
1764787943088,0,currents.c
1764787943090,0,currents.c
1764787943092,0,currents.a
1764787943094,0,currents.a
1764787943095,0,currents.a
1764787943097,0,currents.a
1764787943099,0,currents.a
1764787943100,0,currents.a
1764787943102,0,currents.a
1764787943104,0,currents.a
1764787943106,0,currents.a
1764787943108,0,currents.a
1764787943110,0,currents.a
1764787943112,0,currents.a
1764787943114,0,currents.a
1764787943121,0,currents.a
1764787943123,0,currents.a
1764787943125,0,currents.a
1764787943127,0,currents.a
1764787943129,0,currents.a
1764787943131,0,currents.a
1764787943132,0,currents.a
1764787943134,0,currents.a
1764787943137,0,currents.a
1764787943140,0,currents.a
1764787943092,0,currents.b
1764787943094,0,currents.b
1764787943095,0,currents.b
1764787943097,0,currents.b
1764787943099,0,currents.b
1764787943100,0,currents.b
1764787943102,0,currents.b
1764787943104,0,currents.b
1764787943106,0,currents.b
1764787943108,0,currents.b
1764787943110,0,currents.b
1764787943112,0,currents.b
1764787943114,0,currents.b
1764787943121,0,currents.b
1764787943123,0,currents.b
1764787943125,0,currents.b
1764787943127,0,currents.b
1764787943129,0,currents.b
1764787943131,0,currents.b
1764787943132,0,currents.b
1764787943134,0,currents.b
1764787943137,0,currents.b
1764787943140,0,currents.b
1764787943092,0,currents.c
1764787943094,0,currents.c
1764787943095,0,currents.c
1764787943097,0,currents.c
1764787943099,0,currents.c
1764787943100,0,currents.c
1764787943102,0,currents.c
1764787943104,0,currents.c
1764787943106,0,currents.c
1764787943108,0,currents.c
1764787943110,0,currents.c
1764787943112,0,currents.c
1764787943114,0,currents.c
1764787943121,0,currents.c
1764787943123,0,currents.c
1764787943125,0,currents.c
1764787943127,0,currents.c
1764787943129,0,currents.c
1764787943131,0,currents.c
1764787943132,0,currents.c
1764787943134,0,currents.c
1764787943137,0,currents.c
1764787943140,0,currents.c
1764787943142,0,currents.a
1764787943145,0,currents.a
1764787943147,0,currents.a
1764787943149,0,currents.a
1764787943151,0,currents.a
1764787943153,0,currents.a
1764787943155,0,currents.a
1764787943157,0,currents.a
1764787943159,0,currents.a
1764787943161,0,currents.a
1764787943163,0,currents.a
1764787943165,0,currents.a
1764787943167,0,currents.a
1764787943169,0,currents.a
1764787943172,0,currents.a
1764787943174,0,currents.a
1764787943176,0,currents.a
1764787943178,0,currents.a
1764787943180,0,currents.a
1764787943182,0,currents.a
1764787943185,0,currents.a
1764787943187,0,currents.a
1764787943189,0,currents.a
1764787943191,0,currents.a
1764787943142,0,currents.b
1764787943145,0,currents.b
1764787943147,0,currents.b
1764787943149,0,currents.b
1764787943151,0,currents.b
1764787943153,0,currents.b
1764787943155,0,currents.b
1764787943157,0,currents.b
1764787943159,0,currents.b
1764787943161,0,currents.b
1764787943163,0,currents.b
1764787943165,0,currents.b
1764787943167,0,currents.b
1764787943169,0,currents.b
1764787943172,0,currents.b
1764787943174,0,currents.b
1764787943176,0,currents.b
1764787943178,0,currents.b
1764787943180,0,currents.b
1764787943182,0,currents.b
1764787943185,0,currents.b
1764787943187,0,currents.b
1764787943189,0,currents.b
1764787943191,0,currents.b
1764787943142,0,currents.c
1764787943145,0,currents.c
1764787943147,0,currents.c
1764787943149,0,currents.c
1764787943151,0,currents.c
1764787943153,0,currents.c
1764787943155,0,currents.c
1764787943157,0,currents.c
1764787943159,0,currents.c
1764787943161,0,currents.c
1764787943163,0,currents.c
1764787943165,0,currents.c
1764787943167,0,currents.c
1764787943169,0,currents.c
1764787943172,0,currents.c
1764787943174,0,currents.c
1764787943176,0,currents.c
1764787943178,0,currents.c
1764787943180,0,currents.c
1764787943182,0,currents.c
1764787943185,0,currents.c
1764787943187,0,currents.c
1764787943189,0,currents.c
1764787943191,0,currents.c
1764787943194,0,currents.a
1764787943195,0,currents.a
1764787943197,0,currents.a
1764787943199,0,currents.a
1764787943200,0,currents.a
1764787943203,0,currents.a
1764787943205,0,currents.a
1764787943207,0,currents.a
1764787943208,0,currents.a
1764787943210,0,currents.a
1764787943212,0,currents.a
1764787943214,0,currents.a
1764787943216,0,currents.a
1764787943218,0,currents.a
1764787943220,0,currents.a
1764787943222,0,currents.a
1764787943224,0,currents.a
1764787943226,0,currents.a
1764787943228,0,currents.a
1764787943230,0,currents.a
1764787943232,0,currents.a
1764787943233,0,currents.a
1764787943235,0,currents.a
1764787943238,0,currents.a
1764787943240,0,currents.a
1764787943242,0,currents.a
1764787943194,0,currents.b
1764787943195,0,currents.b
1764787943197,0,currents.b
1764787943199,0,currents.b
1764787943200,0,currents.b
1764787943203,0,currents.b
1764787943205,0,currents.b
1764787943207,0,currents.b
1764787943208,0,currents.b
1764787943210,0,currents.b
1764787943212,0,currents.b
1764787943214,0,currents.b
1764787943216,0,currents.b
1764787943218,0,currents.b
1764787943220,0,currents.b
1764787943222,0,currents.b
1764787943224,0,currents.b
1764787943226,0,currents.b
1764787943228,0,currents.b
1764787943230,0,currents.b
1764787943232,0,currents.b
1764787943233,0,currents.b
1764787943235,0,currents.b
1764787943238,0,currents.b
1764787943240,0,currents.b
1764787943242,0,currents.b
1764787943194,0,currents.c
1764787943195,0,currents.c
1764787943197,0,currents.c
1764787943199,0,currents.c
1764787943200,0,currents.c
1764787943203,0,currents.c
1764787943205,0,currents.c
1764787943207,0,currents.c
1764787943208,0,currents.c
1764787943210,0,currents.c
1764787943212,0,currents.c
1764787943214,0,currents.c
1764787943216,0,currents.c
1764787943218,0,currents.c
1764787943220,0,currents.c
1764787943222,0,currents.c
1764787943224,0,currents.c
1764787943226,0,currents.c
1764787943228,0,currents.c
1764787943230,0,currents.c
1764787943232,0,currents.c
1764787943233,0,currents.c
1764787943235,0,currents.c
1764787943238,0,currents.c
1764787943240,0,currents.c
1764787943242,0,currents.c
1764787943244,0,currents.a
1764787943246,0,currents.a
1764787943248,0,currents.a
1764787943249,0,currents.a
1764787943251,0,currents.a
1764787943253,0,currents.a
1764787943255,0,currents.a
1764787943257,0,currents.a
1764787943259,0,currents.a
1764787943261,0,currents.a
1764787943262,0,currents.a
1764787943264,0,currents.a
1764787943266,0,currents.a
1764787943268,0,currents.a
1764787943271,0,currents.a
1764787943273,0,currents.a
1764787943274,0,currents.a
1764787943276,0,currents.a
1764787943277,0,currents.a
1764787943279,0,currents.a
1764787943282,0,currents.a
1764787943283,0,currents.a
1764787943286,0,currents.a
1764787943288,0,currents.a
1764787943290,0,currents.a
1764787943292,0,currents.a
1764787943244,0,currents.b
1764787943246,0,currents.b
1764787943248,0,currents.b
1764787943249,0,currents.b
1764787943251,0,currents.b
1764787943253,0,currents.b
1764787943255,0,currents.b
1764787943257,0,currents.b
1764787943259,0,currents.b
1764787943261,0,currents.b
1764787943262,0,currents.b
1764787943264,0,currents.b
1764787943266,0,currents.b
1764787943268,0,currents.b
1764787943271,0,currents.b
1764787943273,0,currents.b
1764787943274,0,currents.b
1764787943276,0,currents.b
1764787943277,0,currents.b
1764787943279,0,currents.b
1764787943282,0,currents.b
1764787943283,0,currents.b
1764787943286,0,currents.b
1764787943288,0,currents.b
1764787943290,0,currents.b
1764787943292,0,currents.b
1764787943244,0,currents.c
1764787943246,0,currents.c
1764787943248,0,currents.c
1764787943249,0,currents.c
1764787943251,0,currents.c
1764787943253,0,currents.c
1764787943255,0,currents.c
1764787943257,0,currents.c
1764787943259,0,currents.c
1764787943261,0,currents.c
1764787943262,0,currents.c
1764787943264,0,currents.c
1764787943266,0,currents.c
1764787943268,0,currents.c
1764787943271,0,currents.c
1764787943273,0,currents.c
1764787943274,0,currents.c
1764787943276,0,currents.c
1764787943277,0,currents.c
1764787943279,0,currents.c
1764787943282,0,currents.c
1764787943283,0,currents.c
1764787943286,0,currents.c
1764787943288,0,currents.c
1764787943290,0,currents.c
1764787943292,0,currents.c
1764787943294,0,currents.a
1764787943296,0,currents.a
1764787943298,0,currents.a
1764787943300,0,currents.a
1764787943302,0,currents.a
1764787943304,0,currents.a
1764787943306,0,currents.a
1764787943307,0,currents.a
1764787943309,0,currents.a
1764787943312,0,currents.a
1764787943314,0,currents.a
1764787943316,0,currents.a
1764787943318,0,currents.a
1764787943320,0,currents.a
1764787943322,0,currents.a
1764787943324,0,currents.a
1764787943326,0,currents.a
1764787943329,0,currents.a
1764787943331,0,currents.a
1764787943333,0,currents.a
1764787943335,0,currents.a
1764787943337,0,currents.a
1764787943339,0,currents.a
1764787943341,0,currents.a
1764787943344,0,currents.a
1764787943294,0,currents.b
1764787943296,0,currents.b
1764787943298,0,currents.b
1764787943300,0,currents.b
1764787943302,0,currents.b
1764787943304,0,currents.b
1764787943306,0,currents.b
1764787943307,0,currents.b
1764787943309,0,currents.b
1764787943312,0,currents.b
1764787943314,0,currents.b
1764787943316,0,currents.b
1764787943318,0,currents.b
1764787943320,0,currents.b
1764787943322,0,currents.b
1764787943324,0,currents.b
1764787943326,0,currents.b
1764787943329,0,currents.b
1764787943331,0,currents.b
1764787943333,0,currents.b
1764787943335,0,currents.b
1764787943337,0,currents.b
1764787943339,0,currents.b
1764787943341,0,currents.b
1764787943344,0,currents.b
1764787943294,0,currents.c
1764787943296,0,currents.c
1764787943298,0,currents.c
1764787943300,0,currents.c
1764787943302,0,currents.c
1764787943304,0,currents.c
1764787943306,0,currents.c
1764787943307,0,currents.c
1764787943309,0,currents.c
1764787943312,0,currents.c
1764787943314,0,currents.c
1764787943316,0,currents.c
1764787943318,0,currents.c
1764787943320,0,currents.c
1764787943322,0,currents.c
1764787943324,0,currents.c
1764787943326,0,currents.c
1764787943329,0,currents.c
1764787943331,0,currents.c
1764787943333,0,currents.c
1764787943335,0,currents.c
1764787943337,0,currents.c
1764787943339,0,currents.c
1764787943341,0,currents.c
1764787943344,0,currents.c
1764787943346,0,currents.a
1764787943348,0,currents.a
1764787943350,0,currents.a
1764787943352,0,currents.a
1764787943354,0,currents.a
1764787943356,0,currents.a
1764787943357,0,currents.a
1764787943359,0,currents.a
1764787943362,0,currents.a
1764787943364,0,currents.a
1764787943366,0,currents.a
1764787943368,0,currents.a
1764787943370,0,currents.a
1764787943373,0,currents.a
1764787943375,0,currents.a
1764787943377,0,currents.a
1764787943379,0,currents.a
1764787943381,0,currents.a
1764787943383,0,currents.a
1764787943385,0,currents.a
1764787943388,0,currents.a
1764787943390,0,currents.a
1764787943392,0,currents.a
1764787943394,0,currents.a
1764787943396,0,currents.a
1764787943397,0,currents.a
1764787943399,0,currents.a
1764787943346,0,currents.b
1764787943348,0,currents.b
1764787943350,0,currents.b
1764787943352,0,currents.b
1764787943354,0,currents.b
1764787943356,0,currents.b
1764787943357,0,currents.b
1764787943359,0,currents.b
1764787943362,0,currents.b
1764787943364,0,currents.b
1764787943366,0,currents.b
1764787943368,0,currents.b
1764787943370,0,currents.b
1764787943373,0,currents.b
1764787943375,0,currents.b
1764787943377,0,currents.b
1764787943379,0,currents.b
1764787943381,0,currents.b
1764787943383,0,currents.b
1764787943385,0,currents.b
1764787943388,0,currents.b
1764787943390,0,currents.b
1764787943392,0,currents.b
1764787943394,0,currents.b
1764787943396,0,currents.b
1764787943397,0,currents.b
1764787943399,0,currents.b
1764787943346,0,currents.c
1764787943348,0,currents.c
1764787943350,0,currents.c
1764787943352,0,currents.c
1764787943354,0,currents.c
1764787943356,0,currents.c
1764787943357,0,currents.c
1764787943359,0,currents.c
1764787943362,0,currents.c
1764787943364,0,currents.c
1764787943366,0,currents.c
1764787943368,0,currents.c
1764787943370,0,currents.c
1764787943373,0,currents.c
1764787943375,0,currents.c
1764787943377,0,currents.c
1764787943379,0,currents.c
1764787943381,0,currents.c
1764787943383,0,currents.c
1764787943385,0,currents.c
1764787943388,0,currents.c
1764787943390,0,currents.c
1764787943392,0,currents.c
1764787943394,0,currents.c
1764787943396,0,currents.c
1764787943397,0,currents.c
1764787943399,0,currents.c
1764787943401,0,currents.a
1764787943403,0,currents.a
1764787943406,0,currents.a
1764787943407,0,currents.a
1764787943409,0,currents.a
1764787943411,0,currents.a
1764787943412,0,currents.a
1764787943414,0,currents.a
1764787943415,0,currents.a
1764787943417,0,currents.a
1764787943419,0,currents.a
1764787943421,0,currents.a
1764787943423,0,currents.a
1764787943425,0,currents.a
1764787943427,0,currents.a
1764787943429,0,currents.a
1764787943431,0,currents.a
1764787943433,0,currents.a
1764787943435,0,currents.a
1764787943437,0,currents.a
1764787943438,0,currents.a
1764787943441,0,currents.a
1764787943443,0,currents.a
1764787943445,0,currents.a
1764787943447,0,currents.a
1764787943449,0,currents.a
1764787943450,0,currents.a
1764787943401,0,currents.b
1764787943403,0,currents.b
1764787943406,0,currents.b
1764787943407,0,currents.b
1764787943409,0,currents.b
1764787943411,0,currents.b
1764787943412,0,currents.b
1764787943414,0,currents.b
1764787943415,0,currents.b
1764787943417,0,currents.b
1764787943419,0,currents.b
1764787943421,0,currents.b
1764787943423,0,currents.b
1764787943425,0,currents.b
1764787943427,0,currents.b
1764787943429,0,currents.b
1764787943431,0,currents.b
1764787943433,0,currents.b
1764787943435,0,currents.b
1764787943437,0,currents.b
1764787943438,0,currents.b
1764787943441,0,currents.b
1764787943443,0,currents.b
1764787943445,0,currents.b
1764787943447,0,currents.b
1764787943449,0,currents.b
1764787943450,0,currents.b
1764787943401,0,currents.c
1764787943403,0,currents.c
1764787943406,0,currents.c
1764787943407,0,currents.c
1764787943409,0,currents.c
1764787943411,0,currents.c
1764787943412,0,currents.c
1764787943414,0,currents.c
1764787943415,0,currents.c
1764787943417,0,currents.c
1764787943419,0,currents.c
1764787943421,0,currents.c
1764787943423,0,currents.c
1764787943425,0,currents.c
1764787943427,0,currents.c
1764787943429,0,currents.c
1764787943431,0,currents.c
1764787943433,0,currents.c
1764787943435,0,currents.c
1764787943437,0,currents.c
1764787943438,0,currents.c
1764787943441,0,currents.c
1764787943443,0,currents.c
1764787943445,0,currents.c
1764787943447,0,currents.c
1764787943449,0,currents.c
1764787943450,0,currents.c
1764787943452,0,currents.a
1764787943454,0,currents.a
1764787943456,0,currents.a
1764787943458,0,currents.a
1764787943459,0,currents.a
1764787943461,0,currents.a
1764787943462,0,currents.a
1764787943464,0,currents.a
1764787943466,0,currents.a
1764787943468,0,currents.a
1764787943470,0,currents.a
1764787943473,0,currents.a
1764787943475,0,currents.a
1764787943477,0,currents.a
1764787943479,0,currents.a
1764787943481,0,currents.a
1764787943483,0,currents.a
1764787943484,0,currents.a
1764787943486,0,currents.a
1764787943489,0,currents.a
1764787943491,0,currents.a
1764787943493,0,currents.a
1764787943495,0,currents.a
1764787943497,0,currents.a
1764787943499,0,currents.a
1764787943452,0,currents.b
1764787943454,0,currents.b
1764787943456,0,currents.b
1764787943458,0,currents.b
1764787943459,0,currents.b
1764787943461,0,currents.b
1764787943462,0,currents.b
1764787943464,0,currents.b
1764787943466,0,currents.b
1764787943468,0,currents.b
1764787943470,0,currents.b
1764787943473,0,currents.b
1764787943475,0,currents.b
1764787943477,0,currents.b
1764787943479,0,currents.b
1764787943481,0,currents.b
1764787943483,0,currents.b
1764787943484,0,currents.b
1764787943486,0,currents.b
1764787943489,0,currents.b
1764787943491,0,currents.b
1764787943493,0,currents.b
1764787943495,0,currents.b
1764787943497,0,currents.b
1764787943499,0,currents.b
1764787943452,0,currents.c
1764787943454,0,currents.c
1764787943456,0,currents.c
1764787943458,0,currents.c
1764787943459,0,currents.c
1764787943461,0,currents.c
1764787943462,0,currents.c
1764787943464,0,currents.c
1764787943466,0,currents.c
1764787943468,0,currents.c
1764787943470,0,currents.c
1764787943473,0,currents.c
1764787943475,0,currents.c
1764787943477,0,currents.c
1764787943479,0,currents.c
1764787943481,0,currents.c
1764787943483,0,currents.c
1764787943484,0,currents.c
1764787943486,0,currents.c
1764787943489,0,currents.c
1764787943491,0,currents.c
1764787943493,0,currents.c
1764787943495,0,currents.c
1764787943497,0,currents.c
1764787943499,0,currents.c
1764787943501,0,currents.a
1764787943503,0,currents.a
1764787943505,0,currents.a
1764787943507,0,currents.a
1764787943509,0,currents.a
1764787943510,0,currents.a
1764787943512,0,currents.a
1764787943514,0,currents.a
1764787943517,0,currents.a
1764787943518,0,currents.a
1764787943521,0,currents.a
1764787943522,0,currents.a
1764787943524,0,currents.a
1764787943526,0,currents.a
1764787943528,0,currents.a
1764787943530,0,currents.a
1764787943532,0,currents.a
1764787943534,0,currents.a
1764787943537,0,currents.a
1764787943539,0,currents.a
1764787943541,0,currents.a
1764787943542,0,currents.a
1764787943544,0,currents.a
1764787943546,0,currents.a
1764787943501,0,currents.b
1764787943503,0,currents.b
1764787943505,0,currents.b
1764787943507,0,currents.b
1764787943509,0,currents.b
1764787943510,0,currents.b
1764787943512,0,currents.b
1764787943514,0,currents.b
1764787943517,0,currents.b
1764787943518,0,currents.b
1764787943521,0,currents.b
1764787943522,0,currents.b
1764787943524,0,currents.b
1764787943526,0,currents.b
1764787943528,0,currents.b
1764787943530,0,currents.b
1764787943532,0,currents.b
1764787943534,0,currents.b
1764787943537,0,currents.b
1764787943539,0,currents.b
1764787943541,0,currents.b
1764787943542,0,currents.b
1764787943544,0,currents.b
1764787943546,0,currents.b
1764787943501,0,currents.c
1764787943503,0,currents.c
1764787943505,0,currents.c
1764787943507,0,currents.c
1764787943509,0,currents.c
1764787943510,0,currents.c
1764787943512,0,currents.c
1764787943514,0,currents.c
1764787943517,0,currents.c
1764787943518,0,currents.c
1764787943521,0,currents.c
1764787943522,0,currents.c
1764787943524,0,currents.c
1764787943526,0,currents.c
1764787943528,0,currents.c
1764787943530,0,currents.c
1764787943532,0,currents.c
1764787943534,0,currents.c
1764787943537,0,currents.c
1764787943539,0,currents.c
1764787943541,0,currents.c
1764787943542,0,currents.c
1764787943544,0,currents.c
1764787943546,0,currents.c
1764787943549,0,currents.a
1764787943551,0,currents.a
1764787943553,0,currents.a
1764787943556,0,currents.a
1764787943558,0,currents.a
1764787943559,0,currents.a
1764787943561,0,currents.a
1764787943563,0,currents.a
1764787943565,0,currents.a
1764787943567,0,currents.a
1764787943569,0,currents.a
1764787943572,0,currents.a
1764787943574,0,currents.a
1764787943576,0,currents.a
1764787943578,0,currents.a
1764787943580,0,currents.a
1764787943582,0,currents.a
1764787943585,0,currents.a
1764787943587,0,currents.a
1764787943589,0,currents.a
1764787943592,0,currents.a
1764787943594,0,currents.a
1764787943596,0,currents.a
1764787943598,0,currents.a
1764787943600,0,currents.a
1764787943549,0,currents.b
1764787943551,0,currents.b
1764787943553,0,currents.b
1764787943556,0,currents.b
1764787943558,0,currents.b
1764787943559,0,currents.b
1764787943561,0,currents.b
1764787943563,0,currents.b
1764787943565,0,currents.b
1764787943567,0,currents.b
1764787943569,0,currents.b
1764787943572,0,currents.b
1764787943574,0,currents.b
1764787943576,0,currents.b
1764787943578,0,currents.b
1764787943580,0,currents.b
1764787943582,0,currents.b
1764787943585,0,currents.b
1764787943587,0,currents.b
1764787943589,0,currents.b
1764787943592,0,currents.b
1764787943594,0,currents.b
1764787943596,0,currents.b
1764787943598,0,currents.b
1764787943600,0,currents.b
1764787943549,0,currents.c
1764787943551,0,currents.c
1764787943553,0,currents.c
1764787943556,0,currents.c
1764787943558,0,currents.c
1764787943559,0,currents.c
1764787943561,0,currents.c
1764787943563,0,currents.c
1764787943565,0,currents.c
1764787943567,0,currents.c
1764787943569,0,currents.c
1764787943572,0,currents.c
1764787943574,0,currents.c
1764787943576,0,currents.c
1764787943578,0,currents.c
1764787943580,0,currents.c
1764787943582,0,currents.c
1764787943585,0,currents.c
1764787943587,0,currents.c
1764787943589,0,currents.c
1764787943592,0,currents.c
1764787943594,0,currents.c
1764787943596,0,currents.c
1764787943598,0,currents.c
1764787943600,0,currents.c
1764787943602,0,currents.a
1764787943605,0,currents.a
1764787943607,0,currents.a
1764787943610,0,currents.a
1764787943612,0,currents.a
1764787943614,0,currents.a
1764787943616,0,currents.a
1764787943618,0,currents.a
1764787943620,0,currents.a
1764787943622,0,currents.a
1764787943624,0,currents.a
1764787943626,0,currents.a
1764787943628,0,currents.a
1764787943630,0,currents.a
1764787943632,0,currents.a
1764787943634,0,currents.a
1764787943636,0,currents.a
1764787943639,0,currents.a
1764787943641,0,currents.a
1764787943643,0,currents.a
1764787943645,0,currents.a
1764787943647,0,currents.a
1764787943649,0,currents.a
1764787943650,0,currents.a
1764787943602,0,currents.b
1764787943605,0,currents.b
1764787943607,0,currents.b
1764787943610,0,currents.b
1764787943612,0,currents.b
1764787943614,0,currents.b
1764787943616,0,currents.b
1764787943618,0,currents.b
1764787943620,0,currents.b
1764787943622,0,currents.b
1764787943624,0,currents.b
1764787943626,0,currents.b
1764787943628,0,currents.b
1764787943630,0,currents.b
1764787943632,0,currents.b
1764787943634,0,currents.b
1764787943636,0,currents.b
1764787943639,0,currents.b
1764787943641,0,currents.b
1764787943643,0,currents.b
1764787943645,0,currents.b
1764787943647,0,currents.b
1764787943649,0,currents.b
1764787943650,0,currents.b
1764787943602,0,currents.c
1764787943605,0,currents.c
1764787943607,0,currents.c
1764787943610,0,currents.c
1764787943612,0,currents.c
1764787943614,0,currents.c
1764787943616,0,currents.c
1764787943618,0,currents.c
1764787943620,0,currents.c
1764787943622,0,currents.c
1764787943624,0,currents.c
1764787943626,0,currents.c
1764787943628,0,currents.c
1764787943630,0,currents.c
1764787943632,0,currents.c
1764787943634,0,currents.c
1764787943636,0,currents.c
1764787943639,0,currents.c
1764787943641,0,currents.c
1764787943643,0,currents.c
1764787943645,0,currents.c
1764787943647,0,currents.c
1764787943649,0,currents.c
1764787943650,0,currents.c
1764787943653,0,currents.a
1764787943655,0,currents.a
1764787943657,0,currents.a
1764787943658,0,currents.a
1764787943660,0,currents.a
1764787943662,0,currents.a
1764787943664,0,currents.a
1764787943665,0,currents.a
1764787943667,0,currents.a
1764787943670,0,currents.a
1764787943672,0,currents.a
1764787943674,0,currents.a
1764787943676,0,currents.a
1764787943678,0,currents.a
1764787943681,0,currents.a
1764787943682,0,currents.a
1764787943684,0,currents.a
1764787943687,0,currents.a
1764787943689,0,currents.a
1764787943691,0,currents.a
1764787943693,0,currents.a
1764787943695,0,currents.a
1764787943697,0,currents.a
1764787943700,0,currents.a
1764787943653,0,currents.b
1764787943655,0,currents.b
1764787943657,0,currents.b
1764787943658,0,currents.b
1764787943660,0,currents.b
1764787943662,0,currents.b
1764787943664,0,currents.b
1764787943665,0,currents.b
1764787943667,0,currents.b
1764787943670,0,currents.b
1764787943672,0,currents.b
1764787943674,0,currents.b
1764787943676,0,currents.b
1764787943678,0,currents.b
1764787943681,0,currents.b
1764787943682,0,currents.b
1764787943684,0,currents.b
1764787943687,0,currents.b
1764787943689,0,currents.b
1764787943691,0,currents.b
1764787943693,0,currents.b
1764787943695,0,currents.b
1764787943697,0,currents.b
1764787943700,0,currents.b
1764787943653,0,currents.c
1764787943655,0,currents.c
1764787943657,0,currents.c
1764787943658,0,currents.c
1764787943660,0,currents.c
1764787943662,0,currents.c
1764787943664,0,currents.c
1764787943665,0,currents.c
1764787943667,0,currents.c
1764787943670,0,currents.c
1764787943672,0,currents.c
1764787943674,0,currents.c
1764787943676,0,currents.c
1764787943678,0,currents.c
1764787943681,0,currents.c
1764787943682,0,currents.c
1764787943684,0,currents.c
1764787943687,0,currents.c
1764787943689,0,currents.c
1764787943691,0,currents.c
1764787943693,0,currents.c
1764787943695,0,currents.c
1764787943697,0,currents.c
1764787943700,0,currents.c
1764787943702,0,currents.a
1764787943704,0,currents.a
1764787943706,0,currents.a
1764787943708,0,currents.a
1764787943710,0,currents.a
1764787943712,0,currents.a
1764787943713,0,currents.a
1764787943715,0,currents.a
1764787943717,0,currents.a
1764787943719,0,currents.a
1764787943721,0,currents.a
1764787943723,0,currents.a
1764787943725,0,currents.a
1764787943727,0,currents.a
1764787943729,0,currents.a
1764787943731,0,currents.a
1764787943733,0,currents.a
1764787943735,0,currents.a
1764787943737,0,currents.a
1764787943739,0,currents.a
1764787943741,0,currents.a
1764787943743,0,currents.a
1764787943745,0,currents.a
1764787943747,0,currents.a
1764787943749,0,currents.a
1764787943751,0,currents.a
1764787943752,0,currents.a
1764787943755,0,currents.a
1764787943702,0,currents.b
1764787943704,0,currents.b
1764787943706,0,currents.b
1764787943708,0,currents.b
1764787943710,0,currents.b
1764787943712,0,currents.b
1764787943713,0,currents.b
1764787943715,0,currents.b
1764787943717,0,currents.b
1764787943719,0,currents.b
1764787943721,0,currents.b
1764787943723,0,currents.b
1764787943725,0,currents.b
1764787943727,0,currents.b
1764787943729,0,currents.b
1764787943731,0,currents.b
1764787943733,0,currents.b
1764787943735,0,currents.b
1764787943737,0,currents.b
1764787943739,0,currents.b
1764787943741,0,currents.b
1764787943743,0,currents.b
1764787943745,0,currents.b
1764787943747,0,currents.b
1764787943749,0,currents.b
1764787943751,0,currents.b
1764787943752,0,currents.b
1764787943755,0,currents.b
1764787943702,0,currents.c
1764787943704,0,currents.c
1764787943706,0,currents.c
1764787943708,0,currents.c
1764787943710,0,currents.c
1764787943712,0,currents.c
1764787943713,0,currents.c
1764787943715,0,currents.c
1764787943717,0,currents.c
1764787943719,0,currents.c
1764787943721,0,currents.c
1764787943723,0,currents.c
1764787943725,0,currents.c
1764787943727,0,currents.c
1764787943729,0,currents.c
1764787943731,0,currents.c
1764787943733,0,currents.c
1764787943735,0,currents.c
1764787943737,0,currents.c
1764787943739,0,currents.c
1764787943741,0,currents.c
1764787943743,0,currents.c
1764787943745,0,currents.c
1764787943747,0,currents.c
1764787943749,0,currents.c
1764787943751,0,currents.c
1764787943752,0,currents.c
1764787943755,0,currents.c
1764787943757,0,currents.a
1764787943759,0,currents.a
1764787943760,0,currents.a
1764787943762,0,currents.a
1764787943764,0,currents.a
1764787943766,0,currents.a
1764787943768,0,currents.a
1764787943770,0,currents.a
1764787943772,0,currents.a
1764787943774,0,currents.a
1764787943776,0,currents.a
1764787943778,0,currents.a
1764787943780,0,currents.a
1764787943782,0,currents.a
1764787943784,0,currents.a
1764787943786,0,currents.a
1764787943788,0,currents.a
1764787943790,0,currents.a
1764787943792,0,currents.a
1764787943794,0,currents.a
1764787943795,0,currents.a
1764787943797,0,currents.a
1764787943800,0,currents.a
1764787943802,0,currents.a
1764787943804,0,currents.a
1764787943757,0,currents.b
1764787943759,0,currents.b
1764787943760,0,currents.b
1764787943762,0,currents.b
1764787943764,0,currents.b
1764787943766,0,currents.b
1764787943768,0,currents.b
1764787943770,0,currents.b
1764787943772,0,currents.b
1764787943774,0,currents.b
1764787943776,0,currents.b
1764787943778,0,currents.b
1764787943780,0,currents.b
1764787943782,0,currents.b
1764787943784,0,currents.b
1764787943786,0,currents.b
1764787943788,0,currents.b
1764787943790,0,currents.b
1764787943792,0,currents.b
1764787943794,0,currents.b
1764787943795,0,currents.b
1764787943797,0,currents.b
1764787943800,0,currents.b
1764787943802,0,currents.b
1764787943804,0,currents.b
1764787943757,0,currents.c
1764787943759,0,currents.c
1764787943760,0,currents.c
1764787943762,0,currents.c
1764787943764,0,currents.c
1764787943766,0,currents.c
1764787943768,0,currents.c
1764787943770,0,currents.c
1764787943772,0,currents.c
1764787943774,0,currents.c
1764787943776,0,currents.c
1764787943778,0,currents.c
1764787943780,0,currents.c
1764787943782,0,currents.c
1764787943784,0,currents.c
1764787943786,0,currents.c
1764787943788,0,currents.c
1764787943790,0,currents.c
1764787943792,0,currents.c
1764787943794,0,currents.c
1764787943795,0,currents.c
1764787943797,0,currents.c
1764787943800,0,currents.c
1764787943802,0,currents.c
1764787943804,0,currents.c
1764787943805,0,currents.a
1764787943807,0,currents.a
1764787943809,0,currents.a
1764787943810,0,currents.a
1764787943812,0,currents.a
1764787943813,0,currents.a
1764787943815,0,currents.a
1764787943818,0,currents.a
1764787943820,0,currents.a
1764787943822,0,currents.a
1764787943824,0,currents.a
1764787943825,0,currents.a
1764787943827,0,currents.a
1764787943829,0,currents.a
1764787943831,0,currents.a
1764787943833,0,currents.a
1764787943835,0,currents.a
1764787943838,0,currents.a
1764787943840,0,currents.a
1764787943843,0,currents.a
1764787943845,0,currents.a
1764787943847,0,currents.a
1764787943849,0,currents.a
1764787943851,0,currents.a
1764787943805,0,currents.b
1764787943807,0,currents.b
1764787943809,0,currents.b
1764787943810,0,currents.b
1764787943812,0,currents.b
1764787943813,0,currents.b
1764787943815,0,currents.b
1764787943818,0,currents.b
1764787943820,0,currents.b
1764787943822,0,currents.b
1764787943824,0,currents.b
1764787943825,0,currents.b
1764787943827,0,currents.b
1764787943829,0,currents.b
1764787943831,0,currents.b
1764787943833,0,currents.b
1764787943835,0,currents.b
1764787943838,0,currents.b
1764787943840,0,currents.b
1764787943843,0,currents.b
1764787943845,0,currents.b
1764787943847,0,currents.b
1764787943849,0,currents.b
1764787943851,0,currents.b
1764787943805,0,currents.c
1764787943807,0,currents.c
1764787943809,0,currents.c
1764787943810,0,currents.c
1764787943812,0,currents.c
1764787943813,0,currents.c
1764787943815,0,currents.c
1764787943818,0,currents.c
1764787943820,0,currents.c
1764787943822,0,currents.c
1764787943824,0,currents.c
1764787943825,0,currents.c
1764787943827,0,currents.c
1764787943829,0,currents.c
1764787943831,0,currents.c
1764787943833,0,currents.c
1764787943835,0,currents.c
1764787943838,0,currents.c
1764787943840,0,currents.c
1764787943843,0,currents.c
1764787943845,0,currents.c
1764787943847,0,currents.c
1764787943849,0,currents.c
1764787943851,0,currents.c
1764787943853,0,currents.a
1764787943855,0,currents.a
1764787943856,0,currents.a
1764787943858,0,currents.a
1764787943860,0,currents.a
1764787943862,0,currents.a
1764787943863,0,currents.a
1764787943865,0,currents.a
1764787943866,0,currents.a
1764787943868,0,currents.a
1764787943870,0,currents.a
1764787943873,0,currents.a
1764787943875,0,currents.a
1764787943877,0,currents.a
1764787943879,0,currents.a
1764787943881,0,currents.a
1764787943883,0,currents.a
1764787943885,0,currents.a
1764787943887,0,currents.a
1764787943889,0,currents.a
1764787943891,0,currents.a
1764787943893,0,currents.a
1764787943895,0,currents.a
1764787943897,0,currents.a
1764787943899,0,currents.a
1764787943901,0,currents.a
1764787943903,0,currents.a
1764787943853,0,currents.b
1764787943855,0,currents.b
1764787943856,0,currents.b
1764787943858,0,currents.b
1764787943860,0,currents.b
1764787943862,0,currents.b
1764787943863,0,currents.b
1764787943865,0,currents.b
1764787943866,0,currents.b
1764787943868,0,currents.b
1764787943870,0,currents.b
1764787943873,0,currents.b
1764787943875,0,currents.b
1764787943877,0,currents.b
1764787943879,0,currents.b
1764787943881,0,currents.b
1764787943883,0,currents.b
1764787943885,0,currents.b
1764787943887,0,currents.b
1764787943889,0,currents.b
1764787943891,0,currents.b
1764787943893,0,currents.b
1764787943895,0,currents.b
1764787943897,0,currents.b
1764787943899,0,currents.b
1764787943901,0,currents.b
1764787943903,0,currents.b
1764787943853,0,currents.c
1764787943855,0,currents.c
1764787943856,0,currents.c
1764787943858,0,currents.c
1764787943860,0,currents.c
1764787943862,0,currents.c
1764787943863,0,currents.c
1764787943865,0,currents.c
1764787943866,0,currents.c
1764787943868,0,currents.c
1764787943870,0,currents.c
1764787943873,0,currents.c
1764787943875,0,currents.c
1764787943877,0,currents.c
1764787943879,0,currents.c
1764787943881,0,currents.c
1764787943883,0,currents.c
1764787943885,0,currents.c
1764787943887,0,currents.c
1764787943889,0,currents.c
1764787943891,0,currents.c
1764787943893,0,currents.c
1764787943895,0,currents.c
1764787943897,0,currents.c
1764787943899,0,currents.c
1764787943901,0,currents.c
1764787943903,0,currents.c
1764787943905,0,currents.a
1764787943906,0,currents.a
1764787943908,0,currents.a
1764787943910,0,currents.a
1764787943913,0,currents.a
1764787943914,0,currents.a
1764787943916,0,currents.a
1764787943918,0,currents.a
1764787943920,0,currents.a
1764787943922,0,currents.a
1764787943924,0,currents.a
1764787943927,0,currents.a
1764787943929,0,currents.a
1764787943931,0,currents.a
1764787943933,0,currents.a
1764787943935,0,currents.a
1764787943937,0,currents.a
1764787943939,0,currents.a
1764787943941,0,currents.a
1764787943943,0,currents.a
1764787943945,0,currents.a
1764787943947,0,currents.a
1764787943949,0,currents.a
1764787943951,0,currents.a
1764787943905,0,currents.b
1764787943906,0,currents.b
1764787943908,0,currents.b
1764787943910,0,currents.b
1764787943913,0,currents.b
1764787943914,0,currents.b
1764787943916,0,currents.b
1764787943918,0,currents.b
1764787943920,0,currents.b
1764787943922,0,currents.b
1764787943924,0,currents.b
1764787943927,0,currents.b
1764787943929,0,currents.b
1764787943931,0,currents.b
1764787943933,0,currents.b
1764787943935,0,currents.b
1764787943937,0,currents.b
1764787943939,0,currents.b
1764787943941,0,currents.b
1764787943943,0,currents.b
1764787943945,0,currents.b
1764787943947,0,currents.b
1764787943949,0,currents.b
1764787943951,0,currents.b
1764787943905,0,currents.c
1764787943906,0,currents.c
1764787943908,0,currents.c
1764787943910,0,currents.c
1764787943913,0,currents.c
1764787943914,0,currents.c
1764787943916,0,currents.c
1764787943918,0,currents.c
1764787943920,0,currents.c
1764787943922,0,currents.c
1764787943924,0,currents.c
1764787943927,0,currents.c
1764787943929,0,currents.c
1764787943931,0,currents.c
1764787943933,0,currents.c
1764787943935,0,currents.c
1764787943937,0,currents.c
1764787943939,0,currents.c
1764787943941,0,currents.c
1764787943943,0,currents.c
1764787943945,0,currents.c
1764787943947,0,currents.c
1764787943949,0,currents.c
1764787943951,0,currents.c
1764787943953,0,currents.a
1764787943955,0,currents.a
1764787943956,0,currents.a
1764787943958,0,currents.a
1764787943960,0,currents.a
1764787943962,0,currents.a
1764787943964,0,currents.a
1764787943966,0,currents.a
1764787943968,0,currents.a
1764787943970,0,currents.a
1764787943972,0,currents.a
1764787943974,0,currents.a
1764787943976,0,currents.a
1764787943978,0,currents.a
1764787943980,0,currents.a
1764787943981,0,currents.a
1764787943983,0,currents.a
1764787943986,0,currents.a
1764787943988,0,currents.a
1764787943990,0,currents.a
1764787943992,0,currents.a
1764787943994,0,currents.a
1764787943995,0,currents.a
1764787943997,0,currents.a
1764787943999,0,currents.a
1764787944001,0,currents.a
1764787944003,0,currents.a
1764787943953,0,currents.b
1764787943955,0,currents.b
1764787943956,0,currents.b
1764787943958,0,currents.b
1764787943960,0,currents.b
1764787943962,0,currents.b
1764787943964,0,currents.b
1764787943966,0,currents.b
1764787943968,0,currents.b
1764787943970,0,currents.b
1764787943972,0,currents.b
1764787943974,0,currents.b
1764787943976,0,currents.b
1764787943978,0,currents.b
1764787943980,0,currents.b
1764787943981,0,currents.b
1764787943983,0,currents.b
1764787943986,0,currents.b
1764787943988,0,currents.b
1764787943990,0,currents.b
1764787943992,0,currents.b
1764787943994,0,currents.b
1764787943995,0,currents.b
1764787943997,0,currents.b
1764787943999,0,currents.b
1764787944001,0,currents.b
1764787944003,0,currents.b
1764787943953,0,currents.c
1764787943955,0,currents.c
1764787943956,0,currents.c
1764787943958,0,currents.c
1764787943960,0,currents.c
1764787943962,0,currents.c
1764787943964,0,currents.c
1764787943966,0,currents.c
1764787943968,0,currents.c
1764787943970,0,currents.c
1764787943972,0,currents.c
1764787943974,0,currents.c
1764787943976,0,currents.c
1764787943978,0,currents.c
1764787943980,0,currents.c
1764787943981,0,currents.c
1764787943983,0,currents.c
1764787943986,0,currents.c
1764787943988,0,currents.c
1764787943990,0,currents.c
1764787943992,0,currents.c
1764787943994,0,currents.c
1764787943995,0,currents.c
1764787943997,0,currents.c
1764787943999,0,currents.c
1764787944001,0,currents.c
1764787944003,0,currents.c
1764787944005,0,currents.a
1764787944007,0,currents.a
1764787944009,0,currents.a
1764787944011,0,currents.a
1764787944013,0,currents.a
1764787944015,0,currents.a
1764787944016,0,currents.a
1764787944017,0,currents.a
1764787944019,0,currents.a
1764787944021,0,currents.a
1764787944023,0,currents.a
1764787944025,0,currents.a
1764787944027,0,currents.a
1764787944030,0,currents.a
1764787944032,0,currents.a
1764787944034,0,currents.a
1764787944036,0,currents.a
1764787944038,0,currents.a
1764787944040,0,currents.a
1764787944042,0,currents.a
1764787944043,0,currents.a
1764787944045,0,currents.a
1764787944047,0,currents.a
1764787944049,0,currents.a
1764787944051,0,currents.a
1764787944054,0,currents.a
1764787944005,0,currents.b
1764787944007,0,currents.b
1764787944009,0,currents.b
1764787944011,0,currents.b
1764787944013,0,currents.b
1764787944015,0,currents.b
1764787944016,0,currents.b
1764787944017,0,currents.b
1764787944019,0,currents.b
1764787944021,0,currents.b
1764787944023,0,currents.b
1764787944025,0,currents.b
1764787944027,0,currents.b
1764787944030,0,currents.b
1764787944032,0,currents.b
1764787944034,0,currents.b
1764787944036,0,currents.b
1764787944038,0,currents.b
1764787944040,0,currents.b
1764787944042,0,currents.b
1764787944043,0,currents.b
1764787944045,0,currents.b
1764787944047,0,currents.b
1764787944049,0,currents.b
1764787944051,0,currents.b
1764787944054,0,currents.b
1764787944005,0,currents.c
1764787944007,0,currents.c
1764787944009,0,currents.c
1764787944011,0,currents.c
1764787944013,0,currents.c
1764787944015,0,currents.c
1764787944016,0,currents.c
1764787944017,0,currents.c
1764787944019,0,currents.c
1764787944021,0,currents.c
1764787944023,0,currents.c
1764787944025,0,currents.c
1764787944027,0,currents.c
1764787944030,0,currents.c
1764787944032,0,currents.c
1764787944034,0,currents.c
1764787944036,0,currents.c
1764787944038,0,currents.c
1764787944040,0,currents.c
1764787944042,0,currents.c
1764787944043,0,currents.c
1764787944045,0,currents.c
1764787944047,0,currents.c
1764787944049,0,currents.c
1764787944051,0,currents.c
1764787944054,0,currents.c
1764787944056,0,currents.a
1764787944058,0,currents.a
1764787944060,0,currents.a
1764787944062,0,currents.a
1764787944064,0,currents.a
1764787944066,0,currents.a
1764787944068,0,currents.a
1764787944070,0,currents.a
1764787944072,0,currents.a
1764787944074,0,currents.a
1764787944076,0,currents.a
1764787944077,0,currents.a
1764787944078,0,currents.a
1764787944080,0,currents.a
1764787944082,0,currents.a
1764787944084,0,currents.a
1764787944086,0,currents.a
1764787944089,0,currents.a
1764787944091,0,currents.a
1764787944093,0,currents.a
1764787944094,0,currents.a
1764787944096,0,currents.a
1764787944098,0,currents.a
1764787944100,0,currents.a
1764787944102,0,currents.a
1764787944105,0,currents.a
1764787944107,0,currents.a
1764787944056,0,currents.b
1764787944058,0,currents.b
1764787944060,0,currents.b
1764787944062,0,currents.b
1764787944064,0,currents.b
1764787944066,0,currents.b
1764787944068,0,currents.b
1764787944070,0,currents.b
1764787944072,0,currents.b
1764787944074,0,currents.b
1764787944076,0,currents.b
1764787944077,0,currents.b
1764787944078,0,currents.b
1764787944080,0,currents.b
1764787944082,0,currents.b
1764787944084,0,currents.b
1764787944086,0,currents.b
1764787944089,0,currents.b
1764787944091,0,currents.b
1764787944093,0,currents.b
1764787944094,0,currents.b
1764787944096,0,currents.b
1764787944098,0,currents.b
1764787944100,0,currents.b
1764787944102,0,currents.b
1764787944105,0,currents.b
1764787944107,0,currents.b
1764787944056,0,currents.c
1764787944058,0,currents.c
1764787944060,0,currents.c
1764787944062,0,currents.c
1764787944064,0,currents.c
1764787944066,0,currents.c
1764787944068,0,currents.c
1764787944070,0,currents.c
1764787944072,0,currents.c
1764787944074,0,currents.c
1764787944076,0,currents.c
1764787944077,0,currents.c
1764787944078,0,currents.c
1764787944080,0,currents.c
1764787944082,0,currents.c
1764787944084,0,currents.c
1764787944086,0,currents.c
1764787944089,0,currents.c
1764787944091,0,currents.c
1764787944093,0,currents.c
1764787944094,0,currents.c
1764787944096,0,currents.c
1764787944098,0,currents.c
1764787944100,0,currents.c
1764787944102,0,currents.c
1764787944105,0,currents.c
1764787944107,0,currents.c
1764787944109,0,currents.a
1764787944110,0,currents.a
1764787944112,0,currents.a
1764787944113,0,currents.a
1764787944115,0,currents.a
1764787944117,0,currents.a
1764787944119,0,currents.a
1764787944121,0,currents.a
1764787944123,0,currents.a
1764787944125,0,currents.a
1764787944127,0,currents.a
1764787944128,0,currents.a
1764787944130,0,currents.a
1764787944132,0,currents.a
1764787944133,0,currents.a
1764787944136,0,currents.a
1764787944139,0,currents.a
1764787944141,0,currents.a
1764787944143,0,currents.a
1764787944145,0,currents.a
1764787944147,0,currents.a
1764787944149,0,currents.a
1764787944151,0,currents.a
1764787944154,0,currents.a
1764787944156,0,currents.a
1764787944158,0,currents.a
1764787944159,0,currents.a
1764787944109,0,currents.b
1764787944110,0,currents.b
1764787944112,0,currents.b
1764787944113,0,currents.b
1764787944115,0,currents.b
1764787944117,0,currents.b
1764787944119,0,currents.b
1764787944121,0,currents.b
1764787944123,0,currents.b
1764787944125,0,currents.b
1764787944127,0,currents.b
1764787944128,0,currents.b
1764787944130,0,currents.b
1764787944132,0,currents.b
1764787944133,0,currents.b
1764787944136,0,currents.b
1764787944139,0,currents.b
1764787944141,0,currents.b
1764787944143,0,currents.b
1764787944145,0,currents.b
1764787944147,0,currents.b
1764787944149,0,currents.b
1764787944151,0,currents.b
1764787944154,0,currents.b
1764787944156,0,currents.b
1764787944158,0,currents.b
1764787944159,0,currents.b
1764787944109,0,currents.c
1764787944110,0,currents.c
1764787944112,0,currents.c
1764787944113,0,currents.c
1764787944115,0,currents.c
1764787944117,0,currents.c
1764787944119,0,currents.c
1764787944121,0,currents.c
1764787944123,0,currents.c
1764787944125,0,currents.c
1764787944127,0,currents.c
1764787944128,0,currents.c
1764787944130,0,currents.c
1764787944132,0,currents.c
1764787944133,0,currents.c
1764787944136,0,currents.c
1764787944139,0,currents.c
1764787944141,0,currents.c
1764787944143,0,currents.c
1764787944145,0,currents.c
1764787944147,0,currents.c
1764787944149,0,currents.c
1764787944151,0,currents.c
1764787944154,0,currents.c
1764787944156,0,currents.c
1764787944158,0,currents.c
1764787944159,0,currents.c
1764787944161,0,currents.a
1764787944163,0,currents.a
1764787944165,0,currents.a
1764787944167,0,currents.a
1764787944168,0,currents.a
1764787944170,0,currents.a
1764787944172,0,currents.a
1764787944175,0,currents.a
1764787944176,0,currents.a
1764787944179,0,currents.a
1764787944180,0,currents.a
1764787944183,0,currents.a
1764787944184,0,currents.a
1764787944187,0,currents.a
1764787944189,0,currents.a
1764787944191,0,currents.a
1764787944193,0,currents.a
1764787944195,0,currents.a
1764787944197,0,currents.a
1764787944199,0,currents.a
1764787944200,0,currents.a
1764787944203,0,currents.a
1764787944205,0,currents.a
1764787944206,0,currents.a
1764787944161,0,currents.b
1764787944163,0,currents.b
1764787944165,0,currents.b
1764787944167,0,currents.b
1764787944168,0,currents.b
1764787944170,0,currents.b
1764787944172,0,currents.b
1764787944175,0,currents.b
1764787944176,0,currents.b
1764787944179,0,currents.b
1764787944180,0,currents.b
1764787944183,0,currents.b
1764787944184,0,currents.b
1764787944187,0,currents.b
1764787944189,0,currents.b
1764787944191,0,currents.b
1764787944193,0,currents.b
1764787944195,0,currents.b
1764787944197,0,currents.b
1764787944199,0,currents.b
1764787944200,0,currents.b
1764787944203,0,currents.b
1764787944205,0,currents.b
1764787944206,0,currents.b
1764787944161,0,currents.c
1764787944163,0,currents.c
1764787944165,0,currents.c
1764787944167,0,currents.c
1764787944168,0,currents.c
1764787944170,0,currents.c
1764787944172,0,currents.c
1764787944175,0,currents.c
1764787944176,0,currents.c
1764787944179,0,currents.c
1764787944180,0,currents.c
1764787944183,0,currents.c
1764787944184,0,currents.c
1764787944187,0,currents.c
1764787944189,0,currents.c
1764787944191,0,currents.c
1764787944193,0,currents.c
1764787944195,0,currents.c
1764787944197,0,currents.c
1764787944199,0,currents.c
1764787944200,0,currents.c
1764787944203,0,currents.c
1764787944205,0,currents.c
1764787944206,0,currents.c
1764787944208,0,currents.a
1764787944210,0,currents.a
1764787944212,0,currents.a
1764787944214,0,currents.a
1764787944215,0,currents.a
1764787944217,0,currents.a
1764787944219,0,currents.a
1764787944221,0,currents.a
1764787944223,0,currents.a
1764787944225,0,currents.a
1764787944227,0,currents.a
1764787944229,0,currents.a
1764787944231,0,currents.a
1764787944233,0,currents.a
1764787944235,0,currents.a
1764787944237,0,currents.a
1764787944240,0,currents.a
1764787944242,0,currents.a
1764787944244,0,currents.a
1764787944246,0,currents.a
1764787944248,0,currents.a
1764787944250,0,currents.a
1764787944252,0,currents.a
1764787944254,0,currents.a
1764787944256,0,currents.a
1764787944259,0,currents.a
1764787944208,0,currents.b
1764787944210,0,currents.b
1764787944212,0,currents.b
1764787944214,0,currents.b
1764787944215,0,currents.b
1764787944217,0,currents.b
1764787944219,0,currents.b
1764787944221,0,currents.b
1764787944223,0,currents.b
1764787944225,0,currents.b
1764787944227,0,currents.b
1764787944229,0,currents.b
1764787944231,0,currents.b
1764787944233,0,currents.b
1764787944235,0,currents.b
1764787944237,0,currents.b
1764787944240,0,currents.b
1764787944242,0,currents.b
1764787944244,0,currents.b
1764787944246,0,currents.b
1764787944248,0,currents.b
1764787944250,0,currents.b
1764787944252,0,currents.b
1764787944254,0,currents.b
1764787944256,0,currents.b
1764787944259,0,currents.b
1764787944208,0,currents.c
1764787944210,0,currents.c
1764787944212,0,currents.c
1764787944214,0,currents.c
1764787944215,0,currents.c
1764787944217,0,currents.c
1764787944219,0,currents.c
1764787944221,0,currents.c
1764787944223,0,currents.c
1764787944225,0,currents.c
1764787944227,0,currents.c
1764787944229,0,currents.c
1764787944231,0,currents.c
1764787944233,0,currents.c
1764787944235,0,currents.c
1764787944237,0,currents.c
1764787944240,0,currents.c
1764787944242,0,currents.c
1764787944244,0,currents.c
1764787944246,0,currents.c
1764787944248,0,currents.c
1764787944250,0,currents.c
1764787944252,0,currents.c
1764787944254,0,currents.c
1764787944256,0,currents.c
1764787944259,0,currents.c
1764787944261,0,currents.a
1764787944263,0,currents.a
1764787944265,0,currents.a
1764787944267,0,currents.a
1764787944270,0,currents.a
1764787944272,0,currents.a
1764787944274,0,currents.a
1764787944276,0,currents.a
1764787944278,0,currents.a
1764787944280,0,currents.a
1764787944282,0,currents.a
1764787944284,0,currents.a
1764787944286,0,currents.a
1764787944288,0,currents.a
1764787944290,0,currents.a
1764787944293,0,currents.a
1764787944295,0,currents.a
1764787944297,0,currents.a
1764787944298,0,currents.a
1764787944300,0,currents.a
1764787944302,0,currents.a
1764787944304,0,currents.a
1764787944306,0,currents.a
1764787944308,0,currents.a
1764787944310,0,currents.a
1764787944261,0,currents.b
1764787944263,0,currents.b
1764787944265,0,currents.b
1764787944267,0,currents.b
1764787944270,0,currents.b
1764787944272,0,currents.b
1764787944274,0,currents.b
1764787944276,0,currents.b
1764787944278,0,currents.b
1764787944280,0,currents.b
1764787944282,0,currents.b
1764787944284,0,currents.b
1764787944286,0,currents.b
1764787944288,0,currents.b
1764787944290,0,currents.b
1764787944293,0,currents.b
1764787944295,0,currents.b
1764787944297,0,currents.b
1764787944298,0,currents.b
1764787944300,0,currents.b
1764787944302,0,currents.b
1764787944304,0,currents.b
1764787944306,0,currents.b
1764787944308,0,currents.b
1764787944310,0,currents.b
1764787944261,0,currents.c
1764787944263,0,currents.c
1764787944265,0,currents.c
1764787944267,0,currents.c
1764787944270,0,currents.c
1764787944272,0,currents.c
1764787944274,0,currents.c
1764787944276,0,currents.c
1764787944278,0,currents.c
1764787944280,0,currents.c
1764787944282,0,currents.c
1764787944284,0,currents.c
1764787944286,0,currents.c
1764787944288,0,currents.c
1764787944290,0,currents.c
1764787944293,0,currents.c
1764787944295,0,currents.c
1764787944297,0,currents.c
1764787944298,0,currents.c
1764787944300,0,currents.c
1764787944302,0,currents.c
1764787944304,0,currents.c
1764787944306,0,currents.c
1764787944308,0,currents.c
1764787944310,0,currents.c
1764787944312,0,currents.a
1764787944314,0,currents.a
1764787944316,0,currents.a
1764787944318,0,currents.a
1764787944320,0,currents.a
1764787944321,0,currents.a
1764787944323,0,currents.a
1764787944325,0,currents.a
1764787944327,0,currents.a
1764787944329,0,currents.a
1764787944331,0,currents.a
1764787944332,0,currents.a
1764787944334,0,currents.a
1764787944337,0,currents.a
1764787944339,0,currents.a
1764787944341,0,currents.a
1764787944343,0,currents.a
1764787944345,0,currents.a
1764787944346,0,currents.a
1764787944348,0,currents.a
1764787944350,0,currents.a
1764787944352,0,currents.a
1764787944354,0,currents.a
1764787944357,0,currents.a
1764787944359,0,currents.a
1764787944361,0,currents.a
1764787944312,0,currents.b
1764787944314,0,currents.b
1764787944316,0,currents.b
1764787944318,0,currents.b
1764787944320,0,currents.b
1764787944321,0,currents.b
1764787944323,0,currents.b
1764787944325,0,currents.b
1764787944327,0,currents.b
1764787944329,0,currents.b
1764787944331,0,currents.b
1764787944332,0,currents.b
1764787944334,0,currents.b
1764787944337,0,currents.b
1764787944339,0,currents.b
1764787944341,0,currents.b
1764787944343,0,currents.b
1764787944345,0,currents.b
1764787944346,0,currents.b
1764787944348,0,currents.b
1764787944350,0,currents.b
1764787944352,0,currents.b
1764787944354,0,currents.b
1764787944357,0,currents.b
1764787944359,0,currents.b
1764787944361,0,currents.b
1764787944312,0,currents.c
1764787944314,0,currents.c
1764787944316,0,currents.c
1764787944318,0,currents.c
1764787944320,0,currents.c
1764787944321,0,currents.c
1764787944323,0,currents.c
1764787944325,0,currents.c
1764787944327,0,currents.c
1764787944329,0,currents.c
1764787944331,0,currents.c
1764787944332,0,currents.c
1764787944334,0,currents.c
1764787944337,0,currents.c
1764787944339,0,currents.c
1764787944341,0,currents.c
1764787944343,0,currents.c
1764787944345,0,currents.c
1764787944346,0,currents.c
1764787944348,0,currents.c
1764787944350,0,currents.c
1764787944352,0,currents.c
1764787944354,0,currents.c
1764787944357,0,currents.c
1764787944359,0,currents.c
1764787944361,0,currents.c
1764787944363,0,currents.a
1764787944365,0,currents.a
1764787944366,0,currents.a
1764787944368,0,currents.a
1764787944371,0,currents.a
1764787944373,0,currents.a
1764787944374,0,currents.a
1764787944376,0,currents.a
1764787944378,0,currents.a
1764787944380,0,currents.a
1764787944382,0,currents.a
1764787944384,0,currents.a
1764787944386,0,currents.a
1764787944388,0,currents.a
1764787944390,0,currents.a
1764787944392,0,currents.a
1764787944394,0,currents.a
1764787944396,0,currents.a
1764787944398,0,currents.a
1764787944400,0,currents.a
1764787944402,0,currents.a
1764787944404,0,currents.a
1764787944406,0,currents.a
1764787944408,0,currents.a
1764787944410,0,currents.a
1764787944363,0,currents.b
1764787944365,0,currents.b
1764787944366,0,currents.b
1764787944368,0,currents.b
1764787944371,0,currents.b
1764787944373,0,currents.b
1764787944374,0,currents.b
1764787944376,0,currents.b
1764787944378,0,currents.b
1764787944380,0,currents.b
1764787944382,0,currents.b
1764787944384,0,currents.b
1764787944386,0,currents.b
1764787944388,0,currents.b
1764787944390,0,currents.b
1764787944392,0,currents.b
1764787944394,0,currents.b
1764787944396,0,currents.b
1764787944398,0,currents.b
1764787944400,0,currents.b
1764787944402,0,currents.b
1764787944404,0,currents.b
1764787944406,0,currents.b
1764787944408,0,currents.b
1764787944410,0,currents.b
1764787944363,0,currents.c
1764787944365,0,currents.c
1764787944366,0,currents.c
1764787944368,0,currents.c
1764787944371,0,currents.c
1764787944373,0,currents.c
1764787944374,0,currents.c
1764787944376,0,currents.c
1764787944378,0,currents.c
1764787944380,0,currents.c
1764787944382,0,currents.c
1764787944384,0,currents.c
1764787944386,0,currents.c
1764787944388,0,currents.c
1764787944390,0,currents.c
1764787944392,0,currents.c
1764787944394,0,currents.c
1764787944396,0,currents.c
1764787944398,0,currents.c
1764787944400,0,currents.c
1764787944402,0,currents.c
1764787944404,0,currents.c
1764787944406,0,currents.c
1764787944408,0,currents.c
1764787944410,0,currents.c
1764787944412,0,currents.a
1764787944413,0,currents.a
1764787944415,0,currents.a
1764787944418,0,currents.a
1764787944420,0,currents.a
1764787944422,0,currents.a
1764787944424,0,currents.a
1764787944425,0,currents.a
1764787944427,0,currents.a
1764787944429,0,currents.a
1764787944431,0,currents.a
1764787944433,0,currents.a
1764787944435,0,currents.a
1764787944437,0,currents.a
1764787944439,0,currents.a
1764787944441,0,currents.a
1764787944443,0,currents.a
1764787944445,0,currents.a
1764787944447,0,currents.a
1764787944449,0,currents.a
1764787944451,0,currents.a
1764787944453,0,currents.a
1764787944456,0,currents.a
1764787944457,0,currents.a
1764787944459,0,currents.a
1764787944461,0,currents.a
1764787944412,0,currents.b
1764787944413,0,currents.b
1764787944415,0,currents.b
1764787944418,0,currents.b
1764787944420,0,currents.b
1764787944422,0,currents.b
1764787944424,0,currents.b
1764787944425,0,currents.b
1764787944427,0,currents.b
1764787944429,0,currents.b
1764787944431,0,currents.b
1764787944433,0,currents.b
1764787944435,0,currents.b
1764787944437,0,currents.b
1764787944439,0,currents.b
1764787944441,0,currents.b
1764787944443,0,currents.b
1764787944445,0,currents.b
1764787944447,0,currents.b
1764787944449,0,currents.b
1764787944451,0,currents.b
1764787944453,0,currents.b
1764787944456,0,currents.b
1764787944457,0,currents.b
1764787944459,0,currents.b
1764787944461,0,currents.b
1764787944412,0,currents.c
1764787944413,0,currents.c
1764787944415,0,currents.c
1764787944418,0,currents.c
1764787944420,0,currents.c
1764787944422,0,currents.c
1764787944424,0,currents.c
1764787944425,0,currents.c
1764787944427,0,currents.c
1764787944429,0,currents.c
1764787944431,0,currents.c
1764787944433,0,currents.c
1764787944435,0,currents.c
1764787944437,0,currents.c
1764787944439,0,currents.c
1764787944441,0,currents.c
1764787944443,0,currents.c
1764787944445,0,currents.c
1764787944447,0,currents.c
1764787944449,0,currents.c
1764787944451,0,currents.c
1764787944453,0,currents.c
1764787944456,0,currents.c
1764787944457,0,currents.c
1764787944459,0,currents.c
1764787944461,0,currents.c
1764787944463,0,currents.a
1764787944464,0,currents.a
1764787944466,0,currents.a
1764787944468,0,currents.a
1764787944471,0,currents.a
1764787944473,0,currents.a
1764787944475,0,currents.a
1764787944477,0,currents.a
1764787944479,0,currents.a
1764787944481,0,currents.a
1764787944483,0,currents.a
1764787944485,0,currents.a
1764787944487,0,currents.a
1764787944489,0,currents.a
1764787944492,0,currents.a
1764787944494,0,currents.a
1764787944496,0,currents.a
1764787944498,0,currents.a
1764787944500,0,currents.a
1764787944502,0,currents.a
1764787944505,0,currents.a
1764787944507,0,currents.a
1764787944509,0,currents.a
1764787944511,0,currents.a
1764787944512,0,currents.a
1764787944463,0,currents.b
1764787944464,0,currents.b
1764787944466,0,currents.b
1764787944468,0,currents.b
1764787944471,0,currents.b
1764787944473,0,currents.b
1764787944475,0,currents.b
1764787944477,0,currents.b
1764787944479,0,currents.b
1764787944481,0,currents.b
1764787944483,0,currents.b
1764787944485,0,currents.b
1764787944487,0,currents.b
1764787944489,0,currents.b
1764787944492,0,currents.b
1764787944494,0,currents.b
1764787944496,0,currents.b
1764787944498,0,currents.b
1764787944500,0,currents.b
1764787944502,0,currents.b
1764787944505,0,currents.b
1764787944507,0,currents.b
1764787944509,0,currents.b
1764787944511,0,currents.b
1764787944512,0,currents.b
1764787944463,0,currents.c
1764787944464,0,currents.c
1764787944466,0,currents.c
1764787944468,0,currents.c
1764787944471,0,currents.c
1764787944473,0,currents.c
1764787944475,0,currents.c
1764787944477,0,currents.c
1764787944479,0,currents.c
1764787944481,0,currents.c
1764787944483,0,currents.c
1764787944485,0,currents.c
1764787944487,0,currents.c
1764787944489,0,currents.c
1764787944492,0,currents.c
1764787944494,0,currents.c
1764787944496,0,currents.c
1764787944498,0,currents.c
1764787944500,0,currents.c
1764787944502,0,currents.c
1764787944505,0,currents.c
1764787944507,0,currents.c
1764787944509,0,currents.c
1764787944511,0,currents.c
1764787944512,0,currents.c
1764787944514,0,currents.a
1764787944516,0,currents.a
1764787944519,0,currents.a
1764787944521,0,currents.a
1764787944523,0,currents.a
1764787944525,0,currents.a
1764787944527,0,currents.a
1764787944529,0,currents.a
1764787944531,0,currents.a
1764787944534,0,currents.a
1764787944536,0,currents.a
1764787944538,0,currents.a
1764787944540,0,currents.a
1764787944542,0,currents.a
1764787944544,0,currents.a
1764787944546,0,currents.a
1764787944548,0,currents.a
1764787944550,0,currents.a
1764787944553,0,currents.a
1764787944555,0,currents.a
1764787944557,0,currents.a
1764787944559,0,currents.a
1764787944561,0,currents.a
1764787944514,0,currents.b
1764787944516,0,currents.b
1764787944519,0,currents.b
1764787944521,0,currents.b
1764787944523,0,currents.b
1764787944525,0,currents.b
1764787944527,0,currents.b
1764787944529,0,currents.b
1764787944531,0,currents.b
1764787944534,0,currents.b
1764787944536,0,currents.b
1764787944538,0,currents.b
1764787944540,0,currents.b
1764787944542,0,currents.b
1764787944544,0,currents.b
1764787944546,0,currents.b
1764787944548,0,currents.b
1764787944550,0,currents.b
1764787944553,0,currents.b
1764787944555,0,currents.b
1764787944557,0,currents.b
1764787944559,0,currents.b
1764787944561,0,currents.b
1764787944514,0,currents.c
1764787944516,0,currents.c
1764787944519,0,currents.c
1764787944521,0,currents.c
1764787944523,0,currents.c
1764787944525,0,currents.c
1764787944527,0,currents.c
1764787944529,0,currents.c
1764787944531,0,currents.c
1764787944534,0,currents.c
1764787944536,0,currents.c
1764787944538,0,currents.c
1764787944540,0,currents.c
1764787944542,0,currents.c
1764787944544,0,currents.c
1764787944546,0,currents.c
1764787944548,0,currents.c
1764787944550,0,currents.c
1764787944553,0,currents.c
1764787944555,0,currents.c
1764787944557,0,currents.c
1764787944559,0,currents.c
1764787944561,0,currents.c
1764787944563,0,currents.a
1764787944565,0,currents.a
1764787944567,0,currents.a
1764787944570,0,currents.a
1764787944572,0,currents.a
1764787944574,0,currents.a
1764787944576,0,currents.a
1764787944577,0,currents.a
1764787944580,0,currents.a
1764787944582,0,currents.a
1764787944585,0,currents.a
1764787944587,0,currents.a
1764787944589,0,currents.a
1764787944591,0,currents.a
1764787944593,0,currents.a
1764787944595,0,currents.a
1764787944597,0,currents.a
1764787944599,0,currents.a
1764787944601,0,currents.a
1764787944603,0,currents.a
1764787944605,0,currents.a
1764787944607,0,currents.a
1764787944609,0,currents.a
1764787944611,0,currents.a
1764787944563,0,currents.b
1764787944565,0,currents.b
1764787944567,0,currents.b
1764787944570,0,currents.b
1764787944572,0,currents.b
1764787944574,0,currents.b
1764787944576,0,currents.b
1764787944577,0,currents.b
1764787944580,0,currents.b
1764787944582,0,currents.b
1764787944585,0,currents.b
1764787944587,0,currents.b
1764787944589,0,currents.b
1764787944591,0,currents.b
1764787944593,0,currents.b
1764787944595,0,currents.b
1764787944597,0,currents.b
1764787944599,0,currents.b
1764787944601,0,currents.b
1764787944603,0,currents.b
1764787944605,0,currents.b
1764787944607,0,currents.b
1764787944609,0,currents.b
1764787944611,0,currents.b
1764787944563,0,currents.c
1764787944565,0,currents.c
1764787944567,0,currents.c
1764787944570,0,currents.c
1764787944572,0,currents.c
1764787944574,0,currents.c
1764787944576,0,currents.c
1764787944577,0,currents.c
1764787944580,0,currents.c
1764787944582,0,currents.c
1764787944585,0,currents.c
1764787944587,0,currents.c
1764787944589,0,currents.c
1764787944591,0,currents.c
1764787944593,0,currents.c
1764787944595,0,currents.c
1764787944597,0,currents.c
1764787944599,0,currents.c
1764787944601,0,currents.c
1764787944603,0,currents.c
1764787944605,0,currents.c
1764787944607,0,currents.c
1764787944609,0,currents.c
1764787944611,0,currents.c
1764787944613,0,currents.a
1764787944615,0,currents.a
1764787944618,0,currents.a
1764787944620,0,currents.a
1764787944623,0,currents.a
1764787944624,0,currents.a
1764787944626,0,currents.a
1764787944628,0,currents.a
1764787944630,0,currents.a
1764787944632,0,currents.a
1764787944634,0,currents.a
1764787944636,0,currents.a
1764787944638,0,currents.a
1764787944640,0,currents.a
1764787944642,0,currents.a
1764787944644,0,currents.a
1764787944646,0,currents.a
1764787944649,0,currents.a
1764787944651,0,currents.a
1764787944653,0,currents.a
1764787944655,0,currents.a
1764787944658,0,currents.a
1764787944660,0,currents.a
1764787944661,0,currents.a
1764787944663,0,currents.a
1764787944665,0,currents.a
1764787944613,0,currents.b
1764787944615,0,currents.b
1764787944618,0,currents.b
1764787944620,0,currents.b
1764787944623,0,currents.b
1764787944624,0,currents.b
1764787944626,0,currents.b
1764787944628,0,currents.b
1764787944630,0,currents.b
1764787944632,0,currents.b
1764787944634,0,currents.b
1764787944636,0,currents.b
1764787944638,0,currents.b
1764787944640,0,currents.b
1764787944642,0,currents.b
1764787944644,0,currents.b
1764787944646,0,currents.b
1764787944649,0,currents.b
1764787944651,0,currents.b
1764787944653,0,currents.b
1764787944655,0,currents.b
1764787944658,0,currents.b
1764787944660,0,currents.b
1764787944661,0,currents.b
1764787944663,0,currents.b
1764787944665,0,currents.b
1764787944613,0,currents.c
1764787944615,0,currents.c
1764787944618,0,currents.c
1764787944620,0,currents.c
1764787944623,0,currents.c
1764787944624,0,currents.c
1764787944626,0,currents.c
1764787944628,0,currents.c
1764787944630,0,currents.c
1764787944632,0,currents.c
1764787944634,0,currents.c
1764787944636,0,currents.c
1764787944638,0,currents.c
1764787944640,0,currents.c
1764787944642,0,currents.c
1764787944644,0,currents.c
1764787944646,0,currents.c
1764787944649,0,currents.c
1764787944651,0,currents.c
1764787944653,0,currents.c
1764787944655,0,currents.c
1764787944658,0,currents.c
1764787944660,0,currents.c
1764787944661,0,currents.c
1764787944663,0,currents.c
1764787944665,0,currents.c
1764787944667,0,currents.a
1764787944669,0,currents.a
1764787944671,0,currents.a
1764787944673,0,currents.a
1764787944675,0,currents.a
1764787944677,0,currents.a
1764787944679,0,currents.a
1764787944681,0,currents.a
1764787944683,0,currents.a
1764787944685,0,currents.a
1764787944687,0,currents.a
1764787944689,0,currents.a
1764787944691,0,currents.a
1764787944692,0,currents.a
1764787944694,0,currents.a
1764787944696,0,currents.a
1764787944698,0,currents.a
1764787944700,0,currents.a
1764787944702,0,currents.a
1764787944704,0,currents.a
1764787944706,0,currents.a
1764787944708,0,currents.a
1764787944709,0,currents.a
1764787944711,0,currents.a
1764787944713,0,currents.a
1764787944715,0,currents.a
1764787944717,0,currents.a
1764787944667,0,currents.b
1764787944669,0,currents.b
1764787944671,0,currents.b
1764787944673,0,currents.b
1764787944675,0,currents.b
1764787944677,0,currents.b
1764787944679,0,currents.b
1764787944681,0,currents.b
1764787944683,0,currents.b
1764787944685,0,currents.b
1764787944687,0,currents.b
1764787944689,0,currents.b
1764787944691,0,currents.b
1764787944692,0,currents.b
1764787944694,0,currents.b
1764787944696,0,currents.b
1764787944698,0,currents.b
1764787944700,0,currents.b
1764787944702,0,currents.b
1764787944704,0,currents.b
1764787944706,0,currents.b
1764787944708,0,currents.b
1764787944709,0,currents.b
1764787944711,0,currents.b
1764787944713,0,currents.b
1764787944715,0,currents.b
1764787944717,0,currents.b
1764787944667,0,currents.c
1764787944669,0,currents.c
1764787944671,0,currents.c
1764787944673,0,currents.c
1764787944675,0,currents.c
1764787944677,0,currents.c
1764787944679,0,currents.c
1764787944681,0,currents.c
1764787944683,0,currents.c
1764787944685,0,currents.c
1764787944687,0,currents.c
1764787944689,0,currents.c
1764787944691,0,currents.c
1764787944692,0,currents.c
1764787944694,0,currents.c
1764787944696,0,currents.c
1764787944698,0,currents.c
1764787944700,0,currents.c
1764787944702,0,currents.c
1764787944704,0,currents.c
1764787944706,0,currents.c
1764787944708,0,currents.c
1764787944709,0,currents.c
1764787944711,0,currents.c
1764787944713,0,currents.c
1764787944715,0,currents.c
1764787944717,0,currents.c
1764787944719,0,currents.a
1764787944721,0,currents.a
1764787944723,0,currents.a
1764787944724,0,currents.a
1764787944726,0,currents.a
1764787944728,0,currents.a
1764787944729,0,currents.a
1764787944732,0,currents.a
1764787944733,0,currents.a
1764787944735,0,currents.a
1764787944737,0,currents.a
1764787944739,0,currents.a
1764787944741,0,currents.a
1764787944743,0,currents.a
1764787944745,0,currents.a
1764787944747,0,currents.a
1764787944749,0,currents.a
1764787944751,0,currents.a
1764787944753,0,currents.a
1764787944756,0,currents.a
1764787944758,0,currents.a
1764787944760,0,currents.a
1764787944762,0,currents.a
1764787944764,0,currents.a
1764787944719,0,currents.b
1764787944721,0,currents.b
1764787944723,0,currents.b
1764787944724,0,currents.b
1764787944726,0,currents.b
1764787944728,0,currents.b
1764787944729,0,currents.b
1764787944732,0,currents.b
1764787944733,0,currents.b
1764787944735,0,currents.b
1764787944737,0,currents.b
1764787944739,0,currents.b
1764787944741,0,currents.b
1764787944743,0,currents.b
1764787944745,0,currents.b
1764787944747,0,currents.b
1764787944749,0,currents.b
1764787944751,0,currents.b
1764787944753,0,currents.b
1764787944756,0,currents.b
1764787944758,0,currents.b
1764787944760,0,currents.b
1764787944762,0,currents.b
1764787944764,0,currents.b
1764787944719,0,currents.c
1764787944721,0,currents.c
1764787944723,0,currents.c
1764787944724,0,currents.c
1764787944726,0,currents.c
1764787944728,0,currents.c
1764787944729,0,currents.c
1764787944732,0,currents.c
1764787944733,0,currents.c
1764787944735,0,currents.c
1764787944737,0,currents.c
1764787944739,0,currents.c
1764787944741,0,currents.c
1764787944743,0,currents.c
1764787944745,0,currents.c
1764787944747,0,currents.c
1764787944749,0,currents.c
1764787944751,0,currents.c
1764787944753,0,currents.c
1764787944756,0,currents.c
1764787944758,0,currents.c
1764787944760,0,currents.c
1764787944762,0,currents.c
1764787944764,0,currents.c
1764787944766,0,currents.a
1764787944768,0,currents.a
1764787944770,0,currents.a
1764787944772,0,currents.a
1764787944775,0,currents.a
1764787944776,0,currents.a
1764787944778,0,currents.a
1764787944780,0,currents.a
1764787944782,0,currents.a
1764787944785,0,currents.a
1764787944787,0,currents.a
1764787944788,0,currents.a
1764787944790,0,currents.a
1764787944792,0,currents.a
1764787944794,0,currents.a
1764787944796,0,currents.a
1764787944797,0,currents.a
1764787944799,0,currents.a
1764787944801,0,currents.a
1764787944804,0,currents.a
1764787944806,0,currents.a
1764787944808,0,currents.a
1764787944810,0,currents.a
1764787944812,0,currents.a
1764787944814,0,currents.a
1764787944816,0,currents.a
1764787944766,0,currents.b
1764787944768,0,currents.b
1764787944770,0,currents.b
1764787944772,0,currents.b
1764787944775,0,currents.b
1764787944776,0,currents.b
1764787944778,0,currents.b
1764787944780,0,currents.b
1764787944782,0,currents.b
1764787944785,0,currents.b
1764787944787,0,currents.b
1764787944788,0,currents.b
1764787944790,0,currents.b
1764787944792,0,currents.b
1764787944794,0,currents.b
1764787944796,0,currents.b
1764787944797,0,currents.b
1764787944799,0,currents.b
1764787944801,0,currents.b
1764787944804,0,currents.b
1764787944806,0,currents.b
1764787944808,0,currents.b
1764787944810,0,currents.b
1764787944812,0,currents.b
1764787944814,0,currents.b
1764787944816,0,currents.b
1764787944766,0,currents.c
1764787944768,0,currents.c
1764787944770,0,currents.c
1764787944772,0,currents.c
1764787944775,0,currents.c
1764787944776,0,currents.c
1764787944778,0,currents.c
1764787944780,0,currents.c
1764787944782,0,currents.c
1764787944785,0,currents.c
1764787944787,0,currents.c
1764787944788,0,currents.c
1764787944790,0,currents.c
1764787944792,0,currents.c
1764787944794,0,currents.c
1764787944796,0,currents.c
1764787944797,0,currents.c
1764787944799,0,currents.c
1764787944801,0,currents.c
1764787944804,0,currents.c
1764787944806,0,currents.c
1764787944808,0,currents.c
1764787944810,0,currents.c
1764787944812,0,currents.c
1764787944814,0,currents.c
1764787944816,0,currents.c
1764787944818,0,currents.a
1764787944820,0,currents.a
1764787944822,0,currents.a
1764787944823,0,currents.a
1764787944825,0,currents.a
1764787944827,0,currents.a
1764787944829,0,currents.a
1764787944831,0,currents.a
1764787944833,0,currents.a
1764787944835,0,currents.a
1764787944838,0,currents.a
1764787944840,0,currents.a
1764787944842,0,currents.a
1764787944844,0,currents.a
1764787944846,0,currents.a
1764787944848,0,currents.a
1764787944850,0,currents.a
1764787944852,0,currents.a
1764787944854,0,currents.a
1764787944856,0,currents.a
1764787944858,0,currents.a
1764787944860,0,currents.a
1764787944862,0,currents.a
1764787944864,0,currents.a
1764787944818,0,currents.b
1764787944820,0,currents.b
1764787944822,0,currents.b
1764787944823,0,currents.b
1764787944825,0,currents.b
1764787944827,0,currents.b
1764787944829,0,currents.b
1764787944831,0,currents.b
1764787944833,0,currents.b
1764787944835,0,currents.b
1764787944838,0,currents.b
1764787944840,0,currents.b
1764787944842,0,currents.b
1764787944844,0,currents.b
1764787944846,0,currents.b
1764787944848,0,currents.b
1764787944850,0,currents.b
1764787944852,0,currents.b
1764787944854,0,currents.b
1764787944856,0,currents.b
1764787944858,0,currents.b
1764787944860,0,currents.b
1764787944862,0,currents.b
1764787944864,0,currents.b
1764787944818,0,currents.c
1764787944820,0,currents.c
1764787944822,0,currents.c
1764787944823,0,currents.c
1764787944825,0,currents.c
1764787944827,0,currents.c
1764787944829,0,currents.c
1764787944831,0,currents.c
1764787944833,0,currents.c
1764787944835,0,currents.c
1764787944838,0,currents.c
1764787944840,0,currents.c
1764787944842,0,currents.c
1764787944844,0,currents.c
1764787944846,0,currents.c
1764787944848,0,currents.c
1764787944850,0,currents.c
1764787944852,0,currents.c
1764787944854,0,currents.c
1764787944856,0,currents.c
1764787944858,0,currents.c
1764787944860,0,currents.c
1764787944862,0,currents.c
1764787944864,0,currents.c
1764787944866,0,currents.a
1764787944869,0,currents.a
1764787944871,0,currents.a
1764787944873,0,currents.a
1764787944875,0,currents.a
1764787944877,0,currents.a
1764787944879,0,currents.a
1764787944880,0,currents.a
1764787944882,0,currents.a
1764787944885,0,currents.a
1764787944887,0,currents.a
1764787944890,0,currents.a
1764787944892,0,currents.a
1764787944894,0,currents.a
1764787944896,0,currents.a
1764787944898,0,currents.a
1764787944900,0,currents.a
1764787944902,0,currents.a
1764787944905,0,currents.a
1764787944906,0,currents.a
1764787944909,0,currents.a
1764787944910,0,currents.a
1764787944912,0,currents.a
1764787944914,0,currents.a
1764787944916,0,currents.a
1764787944866,0,currents.b
1764787944869,0,currents.b
1764787944871,0,currents.b
1764787944873,0,currents.b
1764787944875,0,currents.b
1764787944877,0,currents.b
1764787944879,0,currents.b
1764787944880,0,currents.b
1764787944882,0,currents.b
1764787944885,0,currents.b
1764787944887,0,currents.b
1764787944890,0,currents.b
1764787944892,0,currents.b
1764787944894,0,currents.b
1764787944896,0,currents.b
1764787944898,0,currents.b
1764787944900,0,currents.b
1764787944902,0,currents.b
1764787944905,0,currents.b
1764787944906,0,currents.b
1764787944909,0,currents.b
1764787944910,0,currents.b
1764787944912,0,currents.b
1764787944914,0,currents.b
1764787944916,0,currents.b
1764787944866,0,currents.c
1764787944869,0,currents.c
1764787944871,0,currents.c
1764787944873,0,currents.c
1764787944875,0,currents.c
1764787944877,0,currents.c
1764787944879,0,currents.c
1764787944880,0,currents.c
1764787944882,0,currents.c
1764787944885,0,currents.c
1764787944887,0,currents.c
1764787944890,0,currents.c
1764787944892,0,currents.c
1764787944894,0,currents.c
1764787944896,0,currents.c
1764787944898,0,currents.c
1764787944900,0,currents.c
1764787944902,0,currents.c
1764787944905,0,currents.c
1764787944906,0,currents.c
1764787944909,0,currents.c
1764787944910,0,currents.c
1764787944912,0,currents.c
1764787944914,0,currents.c
1764787944916,0,currents.c
1764787944918,0,currents.a
1764787944920,0,currents.a
1764787944922,0,currents.a
1764787944924,0,currents.a
1764787944926,0,currents.a
1764787944927,0,currents.a
1764787944929,0,currents.a
1764787944931,0,currents.a
1764787944934,0,currents.a
1764787944936,0,currents.a
1764787944938,0,currents.a
1764787944940,0,currents.a
1764787944943,0,currents.a
1764787944945,0,currents.a
1764787944946,0,currents.a
1764787944948,0,currents.a
1764787944950,0,currents.a
1764787944953,0,currents.a
1764787944955,0,currents.a
1764787944957,0,currents.a
1764787944959,0,currents.a
1764787944961,0,currents.a
1764787944963,0,currents.a
1764787944965,0,currents.a
1764787944918,0,currents.b
1764787944920,0,currents.b
1764787944922,0,currents.b
1764787944924,0,currents.b
1764787944926,0,currents.b
1764787944927,0,currents.b
1764787944929,0,currents.b
1764787944931,0,currents.b
1764787944934,0,currents.b
1764787944936,0,currents.b
1764787944938,0,currents.b
1764787944940,0,currents.b
1764787944943,0,currents.b
1764787944945,0,currents.b
1764787944946,0,currents.b
1764787944948,0,currents.b
1764787944950,0,currents.b
1764787944953,0,currents.b
1764787944955,0,currents.b
1764787944957,0,currents.b
1764787944959,0,currents.b
1764787944961,0,currents.b
1764787944963,0,currents.b
1764787944965,0,currents.b
1764787944918,0,currents.c
1764787944920,0,currents.c
1764787944922,0,currents.c
1764787944924,0,currents.c
1764787944926,0,currents.c
1764787944927,0,currents.c
1764787944929,0,currents.c
1764787944931,0,currents.c
1764787944934,0,currents.c
1764787944936,0,currents.c
1764787944938,0,currents.c
1764787944940,0,currents.c
1764787944943,0,currents.c
1764787944945,0,currents.c
1764787944946,0,currents.c
1764787944948,0,currents.c
1764787944950,0,currents.c
1764787944953,0,currents.c
1764787944955,0,currents.c
1764787944957,0,currents.c
1764787944959,0,currents.c
1764787944961,0,currents.c
1764787944963,0,currents.c
1764787944965,0,currents.c
1764787944967,0,currents.a
1764787944969,0,currents.a
1764787944971,0,currents.a
1764787944973,0,currents.a
1764787944975,0,currents.a
1764787944977,0,currents.a
1764787944979,0,currents.a
1764787944981,0,currents.a
1764787944983,0,currents.a
1764787944985,0,currents.a
1764787944987,0,currents.a
1764787944989,0,currents.a
1764787944991,0,currents.a
1764787944993,0,currents.a
1764787944995,0,currents.a
1764787944996,0,currents.a
1764787944998,0,currents.a
1764787945000,0,currents.a
1764787945003,0,currents.a
1764787945005,0,currents.a
1764787945006,0,currents.a
1764787945008,0,currents.a
1764787945010,0,currents.a
1764787945012,0,currents.a
1764787945014,0,currents.a
1764787945016,0,currents.a
1764787944967,0,currents.b
1764787944969,0,currents.b
1764787944971,0,currents.b
1764787944973,0,currents.b
1764787944975,0,currents.b
1764787944977,0,currents.b
1764787944979,0,currents.b
1764787944981,0,currents.b
1764787944983,0,currents.b
1764787944985,0,currents.b
1764787944987,0,currents.b
1764787944989,0,currents.b
1764787944991,0,currents.b
1764787944993,0,currents.b
1764787944995,0,currents.b
1764787944996,0,currents.b
1764787944998,0,currents.b
1764787945000,0,currents.b
1764787945003,0,currents.b
1764787945005,0,currents.b
1764787945006,0,currents.b
1764787945008,0,currents.b
1764787945010,0,currents.b
1764787945012,0,currents.b
1764787945014,0,currents.b
1764787945016,0,currents.b
1764787944967,0,currents.c
1764787944969,0,currents.c
1764787944971,0,currents.c
1764787944973,0,currents.c
1764787944975,0,currents.c
1764787944977,0,currents.c
1764787944979,0,currents.c
1764787944981,0,currents.c
1764787944983,0,currents.c
1764787944985,0,currents.c
1764787944987,0,currents.c
1764787944989,0,currents.c
1764787944991,0,currents.c
1764787944993,0,currents.c
1764787944995,0,currents.c
1764787944996,0,currents.c
1764787944998,0,currents.c
1764787945000,0,currents.c
1764787945003,0,currents.c
1764787945005,0,currents.c
1764787945006,0,currents.c
1764787945008,0,currents.c
1764787945010,0,currents.c
1764787945012,0,currents.c
1764787945014,0,currents.c
1764787945016,0,currents.c
1764787945018,0,currents.a
1764787945020,0,currents.a
1764787945022,0,currents.a
1764787945024,0,currents.a
1764787945026,0,currents.a
1764787945028,0,currents.a
1764787945030,0,currents.a
1764787945031,0,currents.a
1764787945033,0,currents.a
1764787945035,0,currents.a
1764787945037,0,currents.a
1764787945039,0,currents.a
1764787945041,0,currents.a
1764787945043,0,currents.a
1764787945045,0,currents.a
1764787945047,0,currents.a
1764787945049,0,currents.a
1764787945051,0,currents.a
1764787945053,0,currents.a
1764787945055,0,currents.a
1764787945057,0,currents.a
1764787945059,0,currents.a
1764787945061,0,currents.a
1764787945063,0,currents.a
1764787945065,0,currents.a
1764787945067,0,currents.a
1764787945018,0,currents.b
1764787945020,0,currents.b
1764787945022,0,currents.b
1764787945024,0,currents.b
1764787945026,0,currents.b
1764787945028,0,currents.b
1764787945030,0,currents.b
1764787945031,0,currents.b
1764787945033,0,currents.b
1764787945035,0,currents.b
1764787945037,0,currents.b
1764787945039,0,currents.b
1764787945041,0,currents.b
1764787945043,0,currents.b
1764787945045,0,currents.b
1764787945047,0,currents.b
1764787945049,0,currents.b
1764787945051,0,currents.b
1764787945053,0,currents.b
1764787945055,0,currents.b
1764787945057,0,currents.b
1764787945059,0,currents.b
1764787945061,0,currents.b
1764787945063,0,currents.b
1764787945065,0,currents.b
1764787945067,0,currents.b
1764787945018,0,currents.c
1764787945020,0,currents.c
1764787945022,0,currents.c
1764787945024,0,currents.c
1764787945026,0,currents.c
1764787945028,0,currents.c
1764787945030,0,currents.c
1764787945031,0,currents.c
1764787945033,0,currents.c
1764787945035,0,currents.c
1764787945037,0,currents.c
1764787945039,0,currents.c
1764787945041,0,currents.c
1764787945043,0,currents.c
1764787945045,0,currents.c
1764787945047,0,currents.c
1764787945049,0,currents.c
1764787945051,0,currents.c
1764787945053,0,currents.c
1764787945055,0,currents.c
1764787945057,0,currents.c
1764787945059,0,currents.c
1764787945061,0,currents.c
1764787945063,0,currents.c
1764787945065,0,currents.c
1764787945067,0,currents.c
1764787945069,0,currents.a
1764787945071,0,currents.a
1764787945073,0,currents.a
1764787945075,0,currents.a
1764787945077,0,currents.a
1764787945079,0,currents.a
1764787945080,0,currents.a
1764787945082,0,currents.a
1764787945083,0,currents.a
1764787945085,0,currents.a
1764787945087,0,currents.a
1764787945089,0,currents.a
1764787945090,0,currents.a
1764787945092,0,currents.a
1764787945094,0,currents.a
1764787945096,0,currents.a
1764787945098,0,currents.a
1764787945100,0,currents.a
1764787945102,0,currents.a
1764787945105,0,currents.a
1764787945107,0,currents.a
1764787945109,0,currents.a
1764787945111,0,currents.a
1764787945113,0,currents.a
1764787945115,0,currents.a
1764787945118,0,currents.a
1764787945120,0,currents.a
1764787945122,0,currents.a
1764787945069,0,currents.b
1764787945071,0,currents.b
1764787945073,0,currents.b
1764787945075,0,currents.b
1764787945077,0,currents.b
1764787945079,0,currents.b
1764787945080,0,currents.b
1764787945082,0,currents.b
1764787945083,0,currents.b
1764787945085,0,currents.b
1764787945087,0,currents.b
1764787945089,0,currents.b
1764787945090,0,currents.b
1764787945092,0,currents.b
1764787945094,0,currents.b
1764787945096,0,currents.b
1764787945098,0,currents.b
1764787945100,0,currents.b
1764787945102,0,currents.b
1764787945105,0,currents.b
1764787945107,0,currents.b
1764787945109,0,currents.b
1764787945111,0,currents.b
1764787945113,0,currents.b
1764787945115,0,currents.b
1764787945118,0,currents.b
1764787945120,0,currents.b
1764787945122,0,currents.b
1764787945069,0,currents.c
1764787945071,0,currents.c
1764787945073,0,currents.c
1764787945075,0,currents.c
1764787945077,0,currents.c
1764787945079,0,currents.c
1764787945080,0,currents.c
1764787945082,0,currents.c
1764787945083,0,currents.c
1764787945085,0,currents.c
1764787945087,0,currents.c
1764787945089,0,currents.c
1764787945090,0,currents.c
1764787945092,0,currents.c
1764787945094,0,currents.c
1764787945096,0,currents.c
1764787945098,0,currents.c
1764787945100,0,currents.c
1764787945102,0,currents.c
1764787945105,0,currents.c
1764787945107,0,currents.c
1764787945109,0,currents.c
1764787945111,0,currents.c
1764787945113,0,currents.c
1764787945115,0,currents.c
1764787945118,0,currents.c
1764787945120,0,currents.c
1764787945122,0,currents.c
1764787945124,0,currents.a
1764787945125,0,currents.a
1764787945127,0,currents.a
1764787945129,0,currents.a
1764787945131,0,currents.a
1764787945133,0,currents.a
1764787945135,0,currents.a
1764787945138,0,currents.a
1764787945139,0,currents.a
1764787945141,0,currents.a
1764787945143,0,currents.a
1764787945145,0,currents.a
1764787945147,0,currents.a
1764787945149,0,currents.a
1764787945151,0,currents.a
1764787945154,0,currents.a
1764787945156,0,currents.a
1764787945158,0,currents.a
1764787945160,0,currents.a
1764787945162,0,currents.a
1764787945164,0,currents.a
1764787945165,0,currents.a
1764787945168,0,currents.a
1764787945170,0,currents.a
1764787945124,0,currents.b
1764787945125,0,currents.b
1764787945127,0,currents.b
1764787945129,0,currents.b
1764787945131,0,currents.b
1764787945133,0,currents.b
1764787945135,0,currents.b
1764787945138,0,currents.b
1764787945139,0,currents.b
1764787945141,0,currents.b
1764787945143,0,currents.b
1764787945145,0,currents.b
1764787945147,0,currents.b
1764787945149,0,currents.b
1764787945151,0,currents.b
1764787945154,0,currents.b
1764787945156,0,currents.b
1764787945158,0,currents.b
1764787945160,0,currents.b
1764787945162,0,currents.b
1764787945164,0,currents.b
1764787945165,0,currents.b
1764787945168,0,currents.b
1764787945170,0,currents.b
1764787945124,0,currents.c
1764787945125,0,currents.c
1764787945127,0,currents.c
1764787945129,0,currents.c
1764787945131,0,currents.c
1764787945133,0,currents.c
1764787945135,0,currents.c
1764787945138,0,currents.c
1764787945139,0,currents.c
1764787945141,0,currents.c
1764787945143,0,currents.c
1764787945145,0,currents.c
1764787945147,0,currents.c
1764787945149,0,currents.c
1764787945151,0,currents.c
1764787945154,0,currents.c
1764787945156,0,currents.c
1764787945158,0,currents.c
1764787945160,0,currents.c
1764787945162,0,currents.c
1764787945164,0,currents.c
1764787945165,0,currents.c
1764787945168,0,currents.c
1764787945170,0,currents.c
1764787945172,0,currents.a
1764787945174,0,currents.a
1764787945176,0,currents.a
1764787945178,0,currents.a
1764787945180,0,currents.a
1764787945182,0,currents.a
1764787945184,0,currents.a
1764787945187,0,currents.a
1764787945188,0,currents.a
1764787945190,0,currents.a
1764787945192,0,currents.a
1764787945195,0,currents.a
1764787945196,0,currents.a
1764787945198,0,currents.a
1764787945200,0,currents.a
1764787945202,0,currents.a
1764787945204,0,currents.a
1764787945207,0,currents.a
1764787945208,0,currents.a
1764787945210,0,currents.a
1764787945212,0,currents.a
1764787945214,0,currents.a
1764787945216,0,currents.a
1764787945219,0,currents.a
1764787945221,0,currents.a
1764787945172,0,currents.b
1764787945174,0,currents.b
1764787945176,0,currents.b
1764787945178,0,currents.b
1764787945180,0,currents.b
1764787945182,0,currents.b
1764787945184,0,currents.b
1764787945187,0,currents.b
1764787945188,0,currents.b
1764787945190,0,currents.b
1764787945192,0,currents.b
1764787945195,0,currents.b
1764787945196,0,currents.b
1764787945198,0,currents.b
1764787945200,0,currents.b
1764787945202,0,currents.b
1764787945204,0,currents.b
1764787945207,0,currents.b
1764787945208,0,currents.b
1764787945210,0,currents.b
1764787945212,0,currents.b
1764787945214,0,currents.b
1764787945216,0,currents.b
1764787945219,0,currents.b
1764787945221,0,currents.b
1764787945172,0,currents.c
1764787945174,0,currents.c
1764787945176,0,currents.c
1764787945178,0,currents.c
1764787945180,0,currents.c
1764787945182,0,currents.c
1764787945184,0,currents.c
1764787945187,0,currents.c
1764787945188,0,currents.c
1764787945190,0,currents.c
1764787945192,0,currents.c
1764787945195,0,currents.c
1764787945196,0,currents.c
1764787945198,0,currents.c
1764787945200,0,currents.c
1764787945202,0,currents.c
1764787945204,0,currents.c
1764787945207,0,currents.c
1764787945208,0,currents.c
1764787945210,0,currents.c
1764787945212,0,currents.c
1764787945214,0,currents.c
1764787945216,0,currents.c
1764787945219,0,currents.c
1764787945221,0,currents.c
1764787945223,0,currents.a
1764787945225,0,currents.a
1764787945226,0,currents.a
1764787945228,0,currents.a
1764787945230,0,currents.a
1764787945232,0,currents.a
1764787945234,0,currents.a
1764787945236,0,currents.a
1764787945239,0,currents.a
1764787945241,0,currents.a
1764787945243,0,currents.a
1764787945245,0,currents.a
1764787945246,0,currents.a
1764787945248,0,currents.a
1764787945250,0,currents.a
1764787945252,0,currents.a
1764787945255,0,currents.a
1764787945257,0,currents.a
1764787945258,0,currents.a
1764787945260,0,currents.a
1764787945263,0,currents.a
1764787945265,0,currents.a
1764787945267,0,currents.a
1764787945269,0,currents.a
1764787945271,0,currents.a
1764787945223,0,currents.b
1764787945225,0,currents.b
1764787945226,0,currents.b
1764787945228,0,currents.b
1764787945230,0,currents.b
1764787945232,0,currents.b
1764787945234,0,currents.b
1764787945236,0,currents.b
1764787945239,0,currents.b
1764787945241,0,currents.b
1764787945243,0,currents.b
1764787945245,0,currents.b
1764787945246,0,currents.b
1764787945248,0,currents.b
1764787945250,0,currents.b
1764787945252,0,currents.b
1764787945255,0,currents.b
1764787945257,0,currents.b
1764787945258,0,currents.b
1764787945260,0,currents.b
1764787945263,0,currents.b
1764787945265,0,currents.b
1764787945267,0,currents.b
1764787945269,0,currents.b
1764787945271,0,currents.b
1764787945223,0,currents.c
1764787945225,0,currents.c
1764787945226,0,currents.c
1764787945228,0,currents.c
1764787945230,0,currents.c
1764787945232,0,currents.c
1764787945234,0,currents.c
1764787945236,0,currents.c
1764787945239,0,currents.c
1764787945241,0,currents.c
1764787945243,0,currents.c
1764787945245,0,currents.c
1764787945246,0,currents.c
1764787945248,0,currents.c
1764787945250,0,currents.c
1764787945252,0,currents.c
1764787945255,0,currents.c
1764787945257,0,currents.c
1764787945258,0,currents.c
1764787945260,0,currents.c
1764787945263,0,currents.c
1764787945265,0,currents.c
1764787945267,0,currents.c
1764787945269,0,currents.c
1764787945271,0,currents.c
1764787945273,0,currents.a
1764787945275,0,currents.a
1764787945277,0,currents.a
1764787945278,0,currents.a
1764787945280,0,currents.a
1764787945282,0,currents.a
1764787945284,0,currents.a
1764787945287,0,currents.a
1764787945288,0,currents.a
1764787945290,0,currents.a
1764787945292,0,currents.a
1764787945294,0,currents.a
1764787945297,0,currents.a
1764787945298,0,currents.a
1764787945300,0,currents.a
1764787945302,0,currents.a
1764787945304,0,currents.a
1764787945306,0,currents.a
1764787945308,0,currents.a
1764787945310,0,currents.a
1764787945311,0,currents.a
1764787945313,0,currents.a
1764787945315,0,currents.a
1764787945317,0,currents.a
1764787945319,0,currents.a
1764787945321,0,currents.a
1764787945323,0,currents.a
1764787945325,0,currents.a
1764787945273,0,currents.b
1764787945275,0,currents.b
1764787945277,0,currents.b
1764787945278,0,currents.b
1764787945280,0,currents.b
1764787945282,0,currents.b
1764787945284,0,currents.b
1764787945287,0,currents.b
1764787945288,0,currents.b
1764787945290,0,currents.b
1764787945292,0,currents.b
1764787945294,0,currents.b
1764787945297,0,currents.b
1764787945298,0,currents.b
1764787945300,0,currents.b
1764787945302,0,currents.b
1764787945304,0,currents.b
1764787945306,0,currents.b
1764787945308,0,currents.b
1764787945310,0,currents.b
1764787945311,0,currents.b
1764787945313,0,currents.b
1764787945315,0,currents.b
1764787945317,0,currents.b
1764787945319,0,currents.b
1764787945321,0,currents.b
1764787945323,0,currents.b
1764787945325,0,currents.b
1764787945273,0,currents.c
1764787945275,0,currents.c
1764787945277,0,currents.c
1764787945278,0,currents.c
1764787945280,0,currents.c
1764787945282,0,currents.c
1764787945284,0,currents.c
1764787945287,0,currents.c
1764787945288,0,currents.c
1764787945290,0,currents.c
1764787945292,0,currents.c
1764787945294,0,currents.c
1764787945297,0,currents.c
1764787945298,0,currents.c
1764787945300,0,currents.c
1764787945302,0,currents.c
1764787945304,0,currents.c
1764787945306,0,currents.c
1764787945308,0,currents.c
1764787945310,0,currents.c
1764787945311,0,currents.c
1764787945313,0,currents.c
1764787945315,0,currents.c
1764787945317,0,currents.c
1764787945319,0,currents.c
1764787945321,0,currents.c
1764787945323,0,currents.c
1764787945325,0,currents.c
1764787945327,0,currents.a
1764787945329,0,currents.a
1764787945331,0,currents.a
1764787945333,0,currents.a
1764787945335,0,currents.a
1764787945337,0,currents.a
1764787945339,0,currents.a
1764787945340,0,currents.a
1764787945342,0,currents.a
1764787945344,0,currents.a
1764787945347,0,currents.a
1764787945348,0,currents.a
1764787945351,0,currents.a
1764787945354,0,currents.a
1764787945355,0,currents.a
1764787945358,0,currents.a
1764787945360,0,currents.a
1764787945361,0,currents.a
1764787945363,0,currents.a
1764787945365,0,currents.a
1764787945367,0,currents.a
1764787945370,0,currents.a
1764787945327,0,currents.b
1764787945329,0,currents.b
1764787945331,0,currents.b
1764787945333,0,currents.b
1764787945335,0,currents.b
1764787945337,0,currents.b
1764787945339,0,currents.b
1764787945340,0,currents.b
1764787945342,0,currents.b
1764787945344,0,currents.b
1764787945347,0,currents.b
1764787945348,0,currents.b
1764787945351,0,currents.b
1764787945354,0,currents.b
1764787945355,0,currents.b
1764787945358,0,currents.b
1764787945360,0,currents.b
1764787945361,0,currents.b
1764787945363,0,currents.b
1764787945365,0,currents.b
1764787945367,0,currents.b
1764787945370,0,currents.b
1764787945327,0,currents.c
1764787945329,0,currents.c
1764787945331,0,currents.c
1764787945333,0,currents.c
1764787945335,0,currents.c
1764787945337,0,currents.c
1764787945339,0,currents.c
1764787945340,0,currents.c
1764787945342,0,currents.c
1764787945344,0,currents.c
1764787945347,0,currents.c
1764787945348,0,currents.c
1764787945351,0,currents.c
1764787945354,0,currents.c
1764787945355,0,currents.c
1764787945358,0,currents.c
1764787945360,0,currents.c
1764787945361,0,currents.c
1764787945363,0,currents.c
1764787945365,0,currents.c
1764787945367,0,currents.c
1764787945370,0,currents.c
1764787945372,0,currents.a
1764787945374,0,currents.a
1764787945376,0,currents.a
1764787945378,0,currents.a
1764787945380,0,currents.a
1764787945382,0,currents.a
1764787945384,0,currents.a
1764787945386,0,currents.a
1764787945388,0,currents.a
1764787945390,0,currents.a
1764787945391,0,currents.a
1764787945393,0,currents.a
1764787945395,0,currents.a
1764787945397,0,currents.a
1764787945399,0,currents.a
1764787945401,0,currents.a
1764787945403,0,currents.a
1764787945405,0,currents.a
1764787945406,0,currents.a
1764787945408,0,currents.a
1764787945410,0,currents.a
1764787945412,0,currents.a
1764787945413,0,currents.a
1764787945416,0,currents.a
1764787945418,0,currents.a
1764787945420,0,currents.a
1764787945422,0,currents.a
1764787945372,0,currents.b
1764787945374,0,currents.b
1764787945376,0,currents.b
1764787945378,0,currents.b
1764787945380,0,currents.b
1764787945382,0,currents.b
1764787945384,0,currents.b
1764787945386,0,currents.b
1764787945388,0,currents.b
1764787945390,0,currents.b
1764787945391,0,currents.b
1764787945393,0,currents.b
1764787945395,0,currents.b
1764787945397,0,currents.b
1764787945399,0,currents.b
1764787945401,0,currents.b
1764787945403,0,currents.b
1764787945405,0,currents.b
1764787945406,0,currents.b
1764787945408,0,currents.b
1764787945410,0,currents.b
1764787945412,0,currents.b
1764787945413,0,currents.b
1764787945416,0,currents.b
1764787945418,0,currents.b
1764787945420,0,currents.b
1764787945422,0,currents.b
1764787945372,0,currents.c
1764787945374,0,currents.c
1764787945376,0,currents.c
1764787945378,0,currents.c
1764787945380,0,currents.c
1764787945382,0,currents.c
1764787945384,0,currents.c
1764787945386,0,currents.c
1764787945388,0,currents.c
1764787945390,0,currents.c
1764787945391,0,currents.c
1764787945393,0,currents.c
1764787945395,0,currents.c
1764787945397,0,currents.c
1764787945399,0,currents.c
1764787945401,0,currents.c
1764787945403,0,currents.c
1764787945405,0,currents.c
1764787945406,0,currents.c
1764787945408,0,currents.c
1764787945410,0,currents.c
1764787945412,0,currents.c
1764787945413,0,currents.c
1764787945416,0,currents.c
1764787945418,0,currents.c
1764787945420,0,currents.c
1764787945422,0,currents.c
1764787945424,0,currents.a
1764787945425,0,currents.a
1764787945428,0,currents.a
1764787945430,0,currents.a
1764787945432,0,currents.a
1764787945434,0,currents.a
1764787945436,0,currents.a
1764787945438,0,currents.a
1764787945439,0,currents.a
1764787945441,0,currents.a
1764787945442,0,currents.a
1764787945444,0,currents.a
1764787945446,0,currents.a
1764787945448,0,currents.a
1764787945451,0,currents.a
1764787945453,0,currents.a
1764787945455,0,currents.a
1764787945457,0,currents.a
1764787945459,0,currents.a
1764787945461,0,currents.a
1764787945463,0,currents.a
1764787945465,0,currents.a
1764787945467,0,currents.a
1764787945469,0,currents.a
1764787945471,0,currents.a
1764787945473,0,currents.a
1764787945424,0,currents.b
1764787945425,0,currents.b
1764787945428,0,currents.b
1764787945430,0,currents.b
1764787945432,0,currents.b
1764787945434,0,currents.b
1764787945436,0,currents.b
1764787945438,0,currents.b
1764787945439,0,currents.b
1764787945441,0,currents.b
1764787945442,0,currents.b
1764787945444,0,currents.b
1764787945446,0,currents.b
1764787945448,0,currents.b
1764787945451,0,currents.b
1764787945453,0,currents.b
1764787945455,0,currents.b
1764787945457,0,currents.b
1764787945459,0,currents.b
1764787945461,0,currents.b
1764787945463,0,currents.b
1764787945465,0,currents.b
1764787945467,0,currents.b
1764787945469,0,currents.b
1764787945471,0,currents.b
1764787945473,0,currents.b
1764787945424,0,currents.c
1764787945425,0,currents.c
1764787945428,0,currents.c
1764787945430,0,currents.c
1764787945432,0,currents.c
1764787945434,0,currents.c
1764787945436,0,currents.c
1764787945438,0,currents.c
1764787945439,0,currents.c
1764787945441,0,currents.c
1764787945442,0,currents.c
1764787945444,0,currents.c
1764787945446,0,currents.c
1764787945448,0,currents.c
1764787945451,0,currents.c
1764787945453,0,currents.c
1764787945455,0,currents.c
1764787945457,0,currents.c
1764787945459,0,currents.c
1764787945461,0,currents.c
1764787945463,0,currents.c
1764787945465,0,currents.c
1764787945467,0,currents.c
1764787945469,0,currents.c
1764787945471,0,currents.c
1764787945473,0,currents.c
1764787945475,0,currents.a
1764787945476,0,currents.a
1764787945478,0,currents.a
1764787945480,0,currents.a
1764787945482,0,currents.a
1764787945484,0,currents.a
1764787945487,0,currents.a
1764787945489,0,currents.a
1764787945490,0,currents.a
1764787945492,0,currents.a
1764787945494,0,currents.a
1764787945496,0,currents.a
1764787945498,0,currents.a
1764787945500,0,currents.a
1764787945502,0,currents.a
1764787945504,0,currents.a
1764787945506,0,currents.a
1764787945508,0,currents.a
1764787945510,0,currents.a
1764787945512,0,currents.a
1764787945514,0,currents.a
1764787945516,0,currents.a
1764787945519,0,currents.a
1764787945521,0,currents.a
1764787945523,0,currents.a
1764787945525,0,currents.a
1764787945526,0,currents.a
1764787945528,0,currents.a
1764787945475,0,currents.b
1764787945476,0,currents.b
1764787945478,0,currents.b
1764787945480,0,currents.b
1764787945482,0,currents.b
1764787945484,0,currents.b
1764787945487,0,currents.b
1764787945489,0,currents.b
1764787945490,0,currents.b
1764787945492,0,currents.b
1764787945494,0,currents.b
1764787945496,0,currents.b
1764787945498,0,currents.b
1764787945500,0,currents.b
1764787945502,0,currents.b
1764787945504,0,currents.b
1764787945506,0,currents.b
1764787945508,0,currents.b
1764787945510,0,currents.b
1764787945512,0,currents.b
1764787945514,0,currents.b
1764787945516,0,currents.b
1764787945519,0,currents.b
1764787945521,0,currents.b
1764787945523,0,currents.b
1764787945525,0,currents.b
1764787945526,0,currents.b
1764787945528,0,currents.b
1764787945475,0,currents.c
1764787945476,0,currents.c
1764787945478,0,currents.c
1764787945480,0,currents.c
1764787945482,0,currents.c
1764787945484,0,currents.c
1764787945487,0,currents.c
1764787945489,0,currents.c
1764787945490,0,currents.c
1764787945492,0,currents.c
1764787945494,0,currents.c
1764787945496,0,currents.c
1764787945498,0,currents.c
1764787945500,0,currents.c
1764787945502,0,currents.c
1764787945504,0,currents.c
1764787945506,0,currents.c
1764787945508,0,currents.c
1764787945510,0,currents.c
1764787945512,0,currents.c
1764787945514,0,currents.c
1764787945516,0,currents.c
1764787945519,0,currents.c
1764787945521,0,currents.c
1764787945523,0,currents.c
1764787945525,0,currents.c
1764787945526,0,currents.c
1764787945528,0,currents.c
1764787945529,0,currents.a
1764787945531,0,currents.a
1764787945533,0,currents.a
1764787945535,0,currents.a
1764787945538,0,currents.a
1764787945540,0,currents.a
1764787945542,0,currents.a
1764787945544,0,currents.a
1764787945546,0,currents.a
1764787945548,0,currents.a
1764787945550,0,currents.a
1764787945551,0,currents.a
1764787945553,0,currents.a
1764787945555,0,currents.a
1764787945557,0,currents.a
1764787945559,0,currents.a
1764787945561,0,currents.a
1764787945563,0,currents.a
1764787945565,0,currents.a
1764787945568,0,currents.a
1764787945570,0,currents.a
1764787945572,0,currents.a
1764787945575,0,currents.a
1764787945577,0,currents.a
1764787945579,0,currents.a
1764787945529,0,currents.b
1764787945531,0,currents.b
1764787945533,0,currents.b
1764787945535,0,currents.b
1764787945538,0,currents.b
1764787945540,0,currents.b
1764787945542,0,currents.b
1764787945544,0,currents.b
1764787945546,0,currents.b
1764787945548,0,currents.b
1764787945550,0,currents.b
1764787945551,0,currents.b
1764787945553,0,currents.b
1764787945555,0,currents.b
1764787945557,0,currents.b
1764787945559,0,currents.b
1764787945561,0,currents.b
1764787945563,0,currents.b
1764787945565,0,currents.b
1764787945568,0,currents.b
1764787945570,0,currents.b
1764787945572,0,currents.b
1764787945575,0,currents.b
1764787945577,0,currents.b
1764787945579,0,currents.b
1764787945529,0,currents.c
1764787945531,0,currents.c
1764787945533,0,currents.c
1764787945535,0,currents.c
1764787945538,0,currents.c
1764787945540,0,currents.c
1764787945542,0,currents.c
1764787945544,0,currents.c
1764787945546,0,currents.c
1764787945548,0,currents.c
1764787945550,0,currents.c
1764787945551,0,currents.c
1764787945553,0,currents.c
1764787945555,0,currents.c
1764787945557,0,currents.c
1764787945559,0,currents.c
1764787945561,0,currents.c
1764787945563,0,currents.c
1764787945565,0,currents.c
1764787945568,0,currents.c
1764787945570,0,currents.c
1764787945572,0,currents.c
1764787945575,0,currents.c
1764787945577,0,currents.c
1764787945579,0,currents.c
1764787945581,0,currents.a
1764787945583,0,currents.a
1764787945586,0,currents.a
1764787945588,0,currents.a
1764787945590,0,currents.a
1764787945592,0,currents.a
1764787945594,0,currents.a
1764787945596,0,currents.a
1764787945598,0,currents.a
1764787945600,0,currents.a
1764787945603,0,currents.a
1764787945605,0,currents.a
1764787945607,0,currents.a
1764787945609,0,currents.a
1764787945581,0,currents.b
1764787945583,0,currents.b
1764787945586,0,currents.b
1764787945588,0,currents.b
1764787945590,0,currents.b
1764787945592,0,currents.b
1764787945594,0,currents.b
1764787945596,0,currents.b
1764787945598,0,currents.b
1764787945600,0,currents.b
1764787945603,0,currents.b
1764787945605,0,currents.b
1764787945607,0,currents.b
1764787945609,0,currents.b
1764787945581,0,currents.c
1764787945583,0,currents.c
1764787945586,0,currents.c
1764787945588,0,currents.c
1764787945590,0,currents.c
1764787945592,0,currents.c
1764787945594,0,currents.c
1764787945596,0,currents.c
1764787945598,0,currents.c
1764787945600,0,currents.c
1764787945603,0,currents.c
1764787945605,0,currents.c
1764787945607,0,currents.c
1764787945609,0,currents.c
1764787945611,0,currents.a
1764787945613,0,currents.a
1764787945615,0,currents.a
1764787945618,0,currents.a
1764787945620,0,currents.a
1764787945622,0,currents.a
1764787945625,0,currents.a
1764787945627,0,currents.a
1764787945629,0,currents.a
1764787945631,0,currents.a
1764787945633,0,currents.a
1764787945635,0,currents.a
1764787945638,0,currents.a
1764787945640,0,currents.a
1764787945643,0,currents.a
1764787945645,0,currents.a
1764787945647,0,currents.a
1764787945649,0,currents.a
1764787945652,0,currents.a
1764787945654,0,currents.a
1764787945656,0,currents.a
1764787945658,0,currents.a
1764787945661,0,currents.a
1764787945662,0,currents.a
1764787945665,0,currents.a
1764787945667,0,currents.a
1764787945669,0,currents.a
1764787945671,0,currents.a
1764787945673,0,currents.a
1764787945676,0,currents.a
1764787945678,0,currents.a
1764787945680,0,currents.a
1764787945682,0,currents.a
1764787945611,0,currents.b
1764787945613,0,currents.b
1764787945615,0,currents.b
1764787945618,0,currents.b
1764787945620,0,currents.b
1764787945622,0,currents.b
1764787945625,0,currents.b
1764787945627,0,currents.b
1764787945629,0,currents.b
1764787945631,0,currents.b
1764787945633,0,currents.b
1764787945635,0,currents.b
1764787945638,0,currents.b
1764787945640,0,currents.b
1764787945643,0,currents.b
1764787945645,0,currents.b
1764787945647,0,currents.b
1764787945649,0,currents.b
1764787945652,0,currents.b
1764787945654,0,currents.b
1764787945656,0,currents.b
1764787945658,0,currents.b
1764787945661,0,currents.b
1764787945662,0,currents.b
1764787945665,0,currents.b
1764787945667,0,currents.b
1764787945669,0,currents.b
1764787945671,0,currents.b
1764787945673,0,currents.b
1764787945676,0,currents.b
1764787945678,0,currents.b
1764787945680,0,currents.b
1764787945682,0,currents.b
1764787945611,0,currents.c
1764787945613,0,currents.c
1764787945615,0,currents.c
1764787945618,0,currents.c
1764787945620,0,currents.c
1764787945622,0,currents.c
1764787945625,0,currents.c
1764787945627,0,currents.c
1764787945629,0,currents.c
1764787945631,0,currents.c
1764787945633,0,currents.c
1764787945635,0,currents.c
1764787945638,0,currents.c
1764787945640,0,currents.c
1764787945643,0,currents.c
1764787945645,0,currents.c
1764787945647,0,currents.c
1764787945649,0,currents.c
1764787945652,0,currents.c
1764787945654,0,currents.c
1764787945656,0,currents.c
1764787945658,0,currents.c
1764787945661,0,currents.c
1764787945662,0,currents.c
1764787945665,0,currents.c
1764787945667,0,currents.c
1764787945669,0,currents.c
1764787945671,0,currents.c
1764787945673,0,currents.c
1764787945676,0,currents.c
1764787945678,0,currents.c
1764787945680,0,currents.c
1764787945682,0,currents.c
1764787945685,0,currents.a
1764787945687,0,currents.a
1764787945689,0,currents.a
1764787945691,0,currents.a
1764787945693,0,currents.a
1764787945695,0,currents.a
1764787945696,0,currents.a
1764787945698,0,currents.a
1764787945699,0,currents.a
1764787945701,0,currents.a
1764787945703,0,currents.a
1764787945705,0,currents.a
1764787945707,0,currents.a
1764787945710,0,currents.a
1764787945711,0,currents.a
1764787945713,0,currents.a
1764787945715,0,currents.a
1764787945685,0,currents.b
1764787945687,0,currents.b
1764787945689,0,currents.b
1764787945691,0,currents.b
1764787945693,0,currents.b
1764787945695,0,currents.b
1764787945696,0,currents.b
1764787945698,0,currents.b
1764787945699,0,currents.b
1764787945701,0,currents.b
1764787945703,0,currents.b
1764787945705,0,currents.b
1764787945707,0,currents.b
1764787945710,0,currents.b
1764787945711,0,currents.b
1764787945713,0,currents.b
1764787945715,0,currents.b
1764787945685,0,currents.c
1764787945687,0,currents.c
1764787945689,0,currents.c
1764787945691,0,currents.c
1764787945693,0,currents.c
1764787945695,0,currents.c
1764787945696,0,currents.c
1764787945698,0,currents.c
1764787945699,0,currents.c
1764787945701,0,currents.c
1764787945703,0,currents.c
1764787945705,0,currents.c
1764787945707,0,currents.c
1764787945710,0,currents.c
1764787945711,0,currents.c
1764787945713,0,currents.c
1764787945715,0,currents.c
