timestamp,value,variable
1785000903567,,current_a
1785000903567,,current_b
1785000903567,,current_c
1785000903567,0,current_a
1785000903568,0,current_a
1785000903568,0,current_a
1785000903569,0,current_a
1785000903569,0,current_a
1785000903569,0,current_a
1785000903570,0,current_a
1785000903570,0,current_a
1785000903571,0,current_a
1785000903572,0,current_a
1785000903573,0,current_a
1785000903574,0,current_a
1785000903575,0,current_a
1785000903576,0,current_a
1785000903577,0,current_a
1785000903578,0,current_a
1785000903579,0,current_a
1785000903580,0,current_a
1785000903581,0,current_a
1785000903582,0,current_a
1785000903583,0,current_a
1785000903584,0,current_a
1785000903585,0,current_a
1785000903586,0,current_a
1785000903587,0,current_a
1785000903588,0,current_a
1785000903589,0,current_a
1785000903590,0,current_a
1785000903591,0,current_a
1785000903592,0,current_a
1785000903593,0,current_a
1785000903594,0,current_a
1785000903595,0,current_a
1785000903596,0,current_a
1785000903597,0,current_a
1785000903598,0,current_a
1785000903599,0,current_a
1785000903600,0,current_a
1785000903601,0,current_a
1785000903602,0,current_a
1785000903603,0,current_a
1785000903604,0,current_a
1785000903605,0,current_a
1785000903606,0,current_a
1785000903607,0,current_a
1785000903608,0,current_a
1785000903609,0,current_a
1785000903610,0,current_a
1785000903611,0,current_a
1785000903612,0,current_a
1785000903613,0,current_a
1785000903614,0,current_a
1785000903615,0,current_a
1785000903616,0,current_a
1785000903617,0,current_a
1785000903618,0,current_a
1785000903567,0,current_b
1785000903568,0,current_b
1785000903568,0,current_b
1785000903569,0,current_b
1785000903569,0,current_b
1785000903569,0,current_b
1785000903570,0,current_b
1785000903570,0,current_b
1785000903571,0,current_b
1785000903572,0,current_b
1785000903573,0,current_b
1785000903574,0,current_b
1785000903575,0,current_b
1785000903576,0,current_b
1785000903577,0,current_b
1785000903578,0,current_b
1785000903579,0,current_b
1785000903580,0,current_b
1785000903581,0,current_b
1785000903582,0,current_b
1785000903583,0,current_b
1785000903584,0,current_b
1785000903585,0,current_b
1785000903586,0,current_b
1785000903587,0,current_b
1785000903588,0,current_b
1785000903589,0,current_b
1785000903590,0,current_b
1785000903591,0,current_b
1785000903592,0,current_b
1785000903593,0,current_b
1785000903594,0,current_b
1785000903595,0,current_b
1785000903596,0,current_b
1785000903597,0,current_b
1785000903598,0,current_b
1785000903599,0,current_b
1785000903600,0,current_b
1785000903601,0,current_b
1785000903602,0,current_b
1785000903603,0,current_b
1785000903604,0,current_b
1785000903605,0,current_b
1785000903606,0,current_b
1785000903607,0,current_b
1785000903608,0,current_b
1785000903609,0,current_b
1785000903610,0,current_b
1785000903611,0,current_b
1785000903612,0,current_b
1785000903613,0,current_b
1785000903614,0,current_b
1785000903615,0,current_b
1785000903616,0,current_b
1785000903617,0,current_b
1785000903618,0,current_b
1785000903567,0,current_c
1785000903568,0,current_c
1785000903568,0,current_c
1785000903569,0,current_c
1785000903569,0,current_c
1785000903569,0,current_c
1785000903570,0,current_c
1785000903570,0,current_c
1785000903571,0,current_c
1785000903572,0,current_c
1785000903573,0,current_c
1785000903574,0,current_c
1785000903575,0,current_c
1785000903576,0,current_c
1785000903577,0,current_c
1785000903578,0,current_c
1785000903579,0,current_c
1785000903580,0,current_c
1785000903581,0,current_c
1785000903582,0,current_c
1785000903583,0,current_c
1785000903584,0,current_c
1785000903585,0,current_c
1785000903586,0,current_c
1785000903587,0,current_c
1785000903588,0,current_c
1785000903589,0,current_c
1785000903590,0,current_c
1785000903591,0,current_c
1785000903592,0,current_c
1785000903593,0,current_c
1785000903594,0,current_c
1785000903595,0,current_c
1785000903596,0,current_c
1785000903597,0,current_c
1785000903598,0,current_c
1785000903599,0,current_c
1785000903600,0,current_c
1785000903601,0,current_c
1785000903602,0,current_c
1785000903603,0,current_c
1785000903604,0,current_c
1785000903605,0,current_c
1785000903606,0,current_c
1785000903607,0,current_c
1785000903608,0,current_c
1785000903609,0,current_c
1785000903610,0,current_c
1785000903611,0,current_c
1785000903612,0,current_c
1785000903613,0,current_c
1785000903614,0,current_c
1785000903615,0,current_c
1785000903616,0,current_c
1785000903617,0,current_c
1785000903618,0,current_c
1785000903619,0,current_a
1785000903620,0,current_a
1785000903621,0,current_a
1785000903622,0,current_a
1785000903623,0,current_a
1785000903624,0,current_a
1785000903625,0,current_a
1785000903626,0,current_a
1785000903627,0,current_a
1785000903628,0,current_a
1785000903629,0,current_a
1785000903630,0,current_a
1785000903631,0,current_a
1785000903632,0,current_a
1785000903633,0,current_a
1785000903634,0,current_a
1785000903635,0,current_a
1785000903636,0,current_a
1785000903637,0,current_a
1785000903638,0,current_a
1785000903639,0,current_a
1785000903640,0,current_a
1785000903641,0,current_a
1785000903642,0,current_a
1785000903643,0,current_a
1785000903644,0,current_a
1785000903645,0,current_a
1785000903646,0,current_a
1785000903647,0,current_a
1785000903648,0,current_a
1785000903649,0,current_a
1785000903650,0,current_a
1785000903651,0,current_a
1785000903652,0,current_a
1785000903653,0,current_a
1785000903654,0,current_a
1785000903655,0,current_a
1785000903656,0,current_a
1785000903657,0,current_a
1785000903658,0,current_a
1785000903659,0,current_a
1785000903660,0,current_a
1785000903661,0,current_a
1785000903662,0,current_a
1785000903663,0,current_a
1785000903664,0,current_a
1785000903665,0,current_a
1785000903666,0,current_a
1785000903667,0,current_a
1785000903668,0,current_a
1785000903619,0,current_b
1785000903620,0,current_b
1785000903621,0,current_b
1785000903622,0,current_b
1785000903623,0,current_b
1785000903624,0,current_b
1785000903625,0,current_b
1785000903626,0,current_b
1785000903627,0,current_b
1785000903628,0,current_b
1785000903629,0,current_b
1785000903630,0,current_b
1785000903631,0,current_b
1785000903632,0,current_b
1785000903633,0,current_b
1785000903634,0,current_b
1785000903635,0,current_b
1785000903636,0,current_b
1785000903637,0,current_b
1785000903638,0,current_b
1785000903639,0,current_b
1785000903640,0,current_b
1785000903641,0,current_b
1785000903642,0,current_b
1785000903643,0,current_b
1785000903644,0,current_b
1785000903645,0,current_b
1785000903646,0,current_b
1785000903647,0,current_b
1785000903648,0,current_b
1785000903649,0,current_b
1785000903650,0,current_b
1785000903651,0,current_b
1785000903652,0,current_b
1785000903653,0,current_b
1785000903654,0,current_b
1785000903655,0,current_b
1785000903656,0,current_b
1785000903657,0,current_b
1785000903658,0,current_b
1785000903659,0,current_b
1785000903660,0,current_b
1785000903661,0,current_b
1785000903662,0,current_b
1785000903663,0,current_b
1785000903664,0,current_b
1785000903665,0,current_b
1785000903666,0,current_b
1785000903667,0,current_b
1785000903668,0,current_b
1785000903619,0,current_c
1785000903620,0,current_c
1785000903621,0,current_c
1785000903622,0,current_c
1785000903623,0,current_c
1785000903624,0,current_c
1785000903625,0,current_c
1785000903626,0,current_c
1785000903627,0,current_c
1785000903628,0,current_c
1785000903629,0,current_c
1785000903630,0,current_c
1785000903631,0,current_c
1785000903632,0,current_c
1785000903633,0,current_c
1785000903634,0,current_c
1785000903635,0,current_c
1785000903636,0,current_c
1785000903637,0,current_c
1785000903638,0,current_c
1785000903639,0,current_c
1785000903640,0,current_c
1785000903641,0,current_c
1785000903642,0,current_c
1785000903643,0,current_c
1785000903644,0,current_c
1785000903645,0,current_c
1785000903646,0,current_c
1785000903647,0,current_c
1785000903648,0,current_c
1785000903649,0,current_c
1785000903650,0,current_c
1785000903651,0,current_c
1785000903652,0,current_c
1785000903653,0,current_c
1785000903654,0,current_c
1785000903655,0,current_c
1785000903656,0,current_c
1785000903657,0,current_c
1785000903658,0,current_c
1785000903659,0,current_c
1785000903660,0,current_c
1785000903661,0,current_c
1785000903662,0,current_c
1785000903663,0,current_c
1785000903664,0,current_c
1785000903665,0,current_c
1785000903666,0,current_c
1785000903667,0,current_c
1785000903668,0,current_c
1785000903669,0,current_a
1785000903670,0,current_a
1785000903671,0,current_a
1785000903672,0,current_a
1785000903673,0,current_a
1785000903674,0,current_a
1785000903675,0,current_a
1785000903676,0,current_a
1785000903677,0,current_a
1785000903678,0,current_a
1785000903679,0,current_a
1785000903680,0,current_a
1785000903681,0,current_a
1785000903682,0,current_a
1785000903683,0,current_a
1785000903684,0,current_a
1785000903685,0,current_a
1785000903686,0,current_a
1785000903687,0,current_a
1785000903688,0,current_a
1785000903689,0,current_a
1785000903690,0,current_a
1785000903691,0,current_a
1785000903692,0,current_a
1785000903693,0,current_a
1785000903694,0,current_a
1785000903695,0,current_a
1785000903696,0,current_a
1785000903697,0,current_a
1785000903698,0,current_a
1785000903699,0,current_a
1785000903700,0,current_a
1785000903701,0,current_a
1785000903702,0,current_a
1785000903703,0,current_a
1785000903704,0,current_a
1785000903705,0,current_a
1785000903706,0,current_a
1785000903707,0,current_a
1785000903708,0,current_a
1785000903709,0,current_a
1785000903710,0,current_a
1785000903711,0,current_a
1785000903712,0,current_a
1785000903713,0,current_a
1785000903714,0,current_a
1785000903715,0,current_a
1785000903716,0,current_a
1785000903717,0,current_a
1785000903718,0,current_a
1785000903669,0,current_b
1785000903670,0,current_b
1785000903671,0,current_b
1785000903672,0,current_b
1785000903673,0,current_b
1785000903674,0,current_b
1785000903675,0,current_b
1785000903676,0,current_b
1785000903677,0,current_b
1785000903678,0,current_b
1785000903679,0,current_b
1785000903680,0,current_b
1785000903681,0,current_b
1785000903682,0,current_b
1785000903683,0,current_b
1785000903684,0,current_b
1785000903685,0,current_b
1785000903686,0,current_b
1785000903687,0,current_b
1785000903688,0,current_b
1785000903689,0,current_b
1785000903690,0,current_b
1785000903691,0,current_b
1785000903692,0,current_b
1785000903693,0,current_b
1785000903694,0,current_b
1785000903695,0,current_b
1785000903696,0,current_b
1785000903697,0,current_b
1785000903698,0,current_b
1785000903699,0,current_b
1785000903700,0,current_b
1785000903701,0,current_b
1785000903702,0,current_b
1785000903703,0,current_b
1785000903704,0,current_b
1785000903705,0,current_b
1785000903706,0,current_b
1785000903707,0,current_b
1785000903708,0,current_b
1785000903709,0,current_b
1785000903710,0,current_b
1785000903711,0,current_b
1785000903712,0,current_b
1785000903713,0,current_b
1785000903714,0,current_b
1785000903715,0,current_b
1785000903716,0,current_b
1785000903717,0,current_b
1785000903718,0,current_b
1785000903669,0,current_c
1785000903670,0,current_c
1785000903671,0,current_c
1785000903672,0,current_c
1785000903673,0,current_c
1785000903674,0,current_c
1785000903675,0,current_c
1785000903676,0,current_c
1785000903677,0,current_c
1785000903678,0,current_c
1785000903679,0,current_c
1785000903680,0,current_c
1785000903681,0,current_c
1785000903682,0,current_c
1785000903683,0,current_c
1785000903684,0,current_c
1785000903685,0,current_c
1785000903686,0,current_c
1785000903687,0,current_c
1785000903688,0,current_c
1785000903689,0,current_c
1785000903690,0,current_c
1785000903691,0,current_c
1785000903692,0,current_c
1785000903693,0,current_c
1785000903694,0,current_c
1785000903695,0,current_c
1785000903696,0,current_c
1785000903697,0,current_c
1785000903698,0,current_c
1785000903699,0,current_c
1785000903700,0,current_c
1785000903701,0,current_c
1785000903702,0,current_c
1785000903703,0,current_c
1785000903704,0,current_c
1785000903705,0,current_c
1785000903706,0,current_c
1785000903707,0,current_c
1785000903708,0,current_c
1785000903709,0,current_c
1785000903710,0,current_c
1785000903711,0,current_c
1785000903712,0,current_c
1785000903713,0,current_c
1785000903714,0,current_c
1785000903715,0,current_c
1785000903716,0,current_c
1785000903717,0,current_c
1785000903718,0,current_c
1785000903719,0,current_a
1785000903720,0,current_a
1785000903721,0,current_a
1785000903722,0,current_a
1785000903723,0,current_a
1785000903724,0,current_a
1785000903725,0,current_a
1785000903726,0,current_a
1785000903727,0,current_a
1785000903728,0,current_a
1785000903729,0,current_a
1785000903730,0,current_a
1785000903731,0,current_a
1785000903732,0,current_a
1785000903733,0,current_a
1785000903734,0,current_a
1785000903735,0,current_a
1785000903736,0,current_a
1785000903737,0,current_a
1785000903738,0,current_a
1785000903739,0,current_a
1785000903740,0,current_a
1785000903741,0,current_a
1785000903742,0,current_a
1785000903743,0,current_a
1785000903744,0,current_a
1785000903745,0,current_a
1785000903746,0,current_a
1785000903747,0,current_a
1785000903748,0,current_a
1785000903749,0,current_a
1785000903750,0,current_a
1785000903751,0,current_a
1785000903752,0,current_a
1785000903753,0,current_a
1785000903754,0,current_a
1785000903755,0,current_a
1785000903756,0,current_a
1785000903757,0,current_a
1785000903758,0,current_a
1785000903759,0,current_a
1785000903760,0,current_a
1785000903761,0,current_a
1785000903762,0,current_a
1785000903763,0,current_a
1785000903764,0,current_a
1785000903765,0,current_a
1785000903766,0,current_a
1785000903767,0,current_a
1785000903768,0,current_a
1785000903719,0,current_b
1785000903720,0,current_b
1785000903721,0,current_b
1785000903722,0,current_b
1785000903723,0,current_b
1785000903724,0,current_b
1785000903725,0,current_b
1785000903726,0,current_b
1785000903727,0,current_b
1785000903728,0,current_b
1785000903729,0,current_b
1785000903730,0,current_b
1785000903731,0,current_b
1785000903732,0,current_b
1785000903733,0,current_b
1785000903734,0,current_b
1785000903735,0,current_b
1785000903736,0,current_b
1785000903737,0,current_b
1785000903738,0,current_b
1785000903739,0,current_b
1785000903740,0,current_b
1785000903741,0,current_b
1785000903742,0,current_b
1785000903743,0,current_b
1785000903744,0,current_b
1785000903745,0,current_b
1785000903746,0,current_b
1785000903747,0,current_b
1785000903748,0,current_b
1785000903749,0,current_b
1785000903750,0,current_b
1785000903751,0,current_b
1785000903752,0,current_b
1785000903753,0,current_b
1785000903754,0,current_b
1785000903755,0,current_b
1785000903756,0,current_b
1785000903757,0,current_b
1785000903758,0,current_b
1785000903759,0,current_b
1785000903760,0,current_b
1785000903761,0,current_b
1785000903762,0,current_b
1785000903763,0,current_b
1785000903764,0,current_b
1785000903765,0,current_b
1785000903766,0,current_b
1785000903767,0,current_b
1785000903768,0,current_b
1785000903719,0,current_c
1785000903720,0,current_c
1785000903721,0,current_c
1785000903722,0,current_c
1785000903723,0,current_c
1785000903724,0,current_c
1785000903725,0,current_c
1785000903726,0,current_c
1785000903727,0,current_c
1785000903728,0,current_c
1785000903729,0,current_c
1785000903730,0,current_c
1785000903731,0,current_c
1785000903732,0,current_c
1785000903733,0,current_c
1785000903734,0,current_c
1785000903735,0,current_c
1785000903736,0,current_c
1785000903737,0,current_c
1785000903738,0,current_c
1785000903739,0,current_c
1785000903740,0,current_c
1785000903741,0,current_c
1785000903742,0,current_c
1785000903743,0,current_c
1785000903744,0,current_c
1785000903745,0,current_c
1785000903746,0,current_c
1785000903747,0,current_c
1785000903748,0,current_c
1785000903749,0,current_c
1785000903750,0,current_c
1785000903751,0,current_c
1785000903752,0,current_c
1785000903753,0,current_c
1785000903754,0,current_c
1785000903755,0,current_c
1785000903756,0,current_c
1785000903757,0,current_c
1785000903758,0,current_c
1785000903759,0,current_c
1785000903760,0,current_c
1785000903761,0,current_c
1785000903762,0,current_c
1785000903763,0,current_c
1785000903764,0,current_c
1785000903765,0,current_c
1785000903766,0,current_c
1785000903767,0,current_c
1785000903768,0,current_c
1785000903769,0,current_a
1785000903770,0,current_a
1785000903771,0,current_a
1785000903772,0,current_a
1785000903773,0,current_a
1785000903774,0,current_a
1785000903775,0,current_a
1785000903776,0,current_a
1785000903777,0,current_a
1785000903778,0,current_a
1785000903779,0,current_a
1785000903780,0,current_a
1785000903781,0,current_a
1785000903782,0,current_a
1785000903783,0,current_a
1785000903784,0,current_a
1785000903785,0,current_a
1785000903786,0,current_a
1785000903787,0,current_a
1785000903788,0,current_a
1785000903789,0,current_a
1785000903790,0,current_a
1785000903791,0,current_a
1785000903792,0,current_a
1785000903793,0,current_a
1785000903794,0,current_a
1785000903795,0,current_a
1785000903796,0,current_a
1785000903797,0,current_a
1785000903798,0,current_a
1785000903799,0,current_a
1785000903800,0,current_a
1785000903801,0,current_a
1785000903802,0,current_a
1785000903803,0,current_a
1785000903804,0,current_a
1785000903805,0,current_a
1785000903806,0,current_a
1785000903807,0,current_a
1785000903808,0,current_a
1785000903809,0,current_a
1785000903810,0,current_a
1785000903811,0,current_a
1785000903812,0,current_a
1785000903813,0,current_a
1785000903814,0,current_a
1785000903815,0,current_a
1785000903816,0,current_a
1785000903817,0,current_a
1785000903818,0,current_a
1785000903769,0,current_b
1785000903770,0,current_b
1785000903771,0,current_b
1785000903772,0,current_b
1785000903773,0,current_b
1785000903774,0,current_b
1785000903775,0,current_b
1785000903776,0,current_b
1785000903777,0,current_b
1785000903778,0,current_b
1785000903779,0,current_b
1785000903780,0,current_b
1785000903781,0,current_b
1785000903782,0,current_b
1785000903783,0,current_b
1785000903784,0,current_b
1785000903785,0,current_b
1785000903786,0,current_b
1785000903787,0,current_b
1785000903788,0,current_b
1785000903789,0,current_b
1785000903790,0,current_b
1785000903791,0,current_b
1785000903792,0,current_b
1785000903793,0,current_b
1785000903794,0,current_b
1785000903795,0,current_b
1785000903796,0,current_b
1785000903797,0,current_b
1785000903798,0,current_b
1785000903799,0,current_b
1785000903800,0,current_b
1785000903801,0,current_b
1785000903802,0,current_b
1785000903803,0,current_b
1785000903804,0,current_b
1785000903805,0,current_b
1785000903806,0,current_b
1785000903807,0,current_b
1785000903808,0,current_b
1785000903809,0,current_b
1785000903810,0,current_b
1785000903811,0,current_b
1785000903812,0,current_b
1785000903813,0,current_b
1785000903814,0,current_b
1785000903815,0,current_b
1785000903816,0,current_b
1785000903817,0,current_b
1785000903818,0,current_b
1785000903769,0,current_c
1785000903770,0,current_c
1785000903771,0,current_c
1785000903772,0,current_c
1785000903773,0,current_c
1785000903774,0,current_c
1785000903775,0,current_c
1785000903776,0,current_c
1785000903777,0,current_c
1785000903778,0,current_c
1785000903779,0,current_c
1785000903780,0,current_c
1785000903781,0,current_c
1785000903782,0,current_c
1785000903783,0,current_c
1785000903784,0,current_c
1785000903785,0,current_c
1785000903786,0,current_c
1785000903787,0,current_c
1785000903788,0,current_c
1785000903789,0,current_c
1785000903790,0,current_c
1785000903791,0,current_c
1785000903792,0,current_c
1785000903793,0,current_c
1785000903794,0,current_c
1785000903795,0,current_c
1785000903796,0,current_c
1785000903797,0,current_c
1785000903798,0,current_c
1785000903799,0,current_c
1785000903800,0,current_c
1785000903801,0,current_c
1785000903802,0,current_c
1785000903803,0,current_c
1785000903804,0,current_c
1785000903805,0,current_c
1785000903806,0,current_c
1785000903807,0,current_c
1785000903808,0,current_c
1785000903809,0,current_c
1785000903810,0,current_c
1785000903811,0,current_c
1785000903812,0,current_c
1785000903813,0,current_c
1785000903814,0,current_c
1785000903815,0,current_c
1785000903816,0,current_c
1785000903817,0,current_c
1785000903818,0,current_c
1785000903819,0,current_a
1785000903820,0,current_a
1785000903821,0,current_a
1785000903822,0,current_a
1785000903823,0,current_a
1785000903824,0,current_a
1785000903825,0,current_a
1785000903826,0,current_a
1785000903827,0,current_a
1785000903828,0,current_a
1785000903829,0,current_a
1785000903830,0,current_a
1785000903831,0,current_a
1785000903832,0,current_a
1785000903833,0,current_a
1785000903834,0,current_a
1785000903835,0,current_a
1785000903836,0,current_a
1785000903837,0,current_a
1785000903838,0,current_a
1785000903839,0,current_a
1785000903840,0,current_a
1785000903841,0,current_a
1785000903842,0,current_a
1785000903843,0,current_a
1785000903844,0,current_a
1785000903845,0,current_a
1785000903846,0,current_a
1785000903847,0,current_a
1785000903848,0,current_a
1785000903849,0,current_a
1785000903850,0,current_a
1785000903851,0,current_a
1785000903852,0,current_a
1785000903853,0,current_a
1785000903854,0,current_a
1785000903855,0,current_a
1785000903856,0,current_a
1785000903857,0,current_a
1785000903858,0,current_a
1785000903859,0,current_a
1785000903860,0,current_a
1785000903861,0,current_a
1785000903862,0,current_a
1785000903863,0,current_a
1785000903864,0,current_a
1785000903865,0,current_a
1785000903866,0,current_a
1785000903867,0,current_a
1785000903868,0,current_a
1785000903819,0,current_b
1785000903820,0,current_b
1785000903821,0,current_b
1785000903822,0,current_b
1785000903823,0,current_b
1785000903824,0,current_b
1785000903825,0,current_b
1785000903826,0,current_b
1785000903827,0,current_b
1785000903828,0,current_b
1785000903829,0,current_b
1785000903830,0,current_b
1785000903831,0,current_b
1785000903832,0,current_b
1785000903833,0,current_b
1785000903834,0,current_b
1785000903835,0,current_b
1785000903836,0,current_b
1785000903837,0,current_b
1785000903838,0,current_b
1785000903839,0,current_b
1785000903840,0,current_b
1785000903841,0,current_b
1785000903842,0,current_b
1785000903843,0,current_b
1785000903844,0,current_b
1785000903845,0,current_b
1785000903846,0,current_b
1785000903847,0,current_b
1785000903848,0,current_b
1785000903849,0,current_b
1785000903850,0,current_b
1785000903851,0,current_b
1785000903852,0,current_b
1785000903853,0,current_b
1785000903854,0,current_b
1785000903855,0,current_b
1785000903856,0,current_b
1785000903857,0,current_b
1785000903858,0,current_b
1785000903859,0,current_b
1785000903860,0,current_b
1785000903861,0,current_b
1785000903862,0,current_b
1785000903863,0,current_b
1785000903864,0,current_b
1785000903865,0,current_b
1785000903866,0,current_b
1785000903867,0,current_b
1785000903868,0,current_b
1785000903819,0,current_c
1785000903820,0,current_c
1785000903821,0,current_c
1785000903822,0,current_c
1785000903823,0,current_c
1785000903824,0,current_c
1785000903825,0,current_c
1785000903826,0,current_c
1785000903827,0,current_c
1785000903828,0,current_c
1785000903829,0,current_c
1785000903830,0,current_c
1785000903831,0,current_c
1785000903832,0,current_c
1785000903833,0,current_c
1785000903834,0,current_c
1785000903835,0,current_c
1785000903836,0,current_c
1785000903837,0,current_c
1785000903838,0,current_c
1785000903839,0,current_c
1785000903840,0,current_c
1785000903841,0,current_c
1785000903842,0,current_c
1785000903843,0,current_c
1785000903844,0,current_c
1785000903845,0,current_c
1785000903846,0,current_c
1785000903847,0,current_c
1785000903848,0,current_c
1785000903849,0,current_c
1785000903850,0,current_c
1785000903851,0,current_c
1785000903852,0,current_c
1785000903853,0,current_c
1785000903854,0,current_c
1785000903855,0,current_c
1785000903856,0,current_c
1785000903857,0,current_c
1785000903858,0,current_c
1785000903859,0,current_c
1785000903860,0,current_c
1785000903861,0,current_c
1785000903862,0,current_c
1785000903863,0,current_c
1785000903864,0,current_c
1785000903865,0,current_c
1785000903866,0,current_c
1785000903867,0,current_c
1785000903868,0,current_c
1785000903869,0,current_a
1785000903870,0,current_a
1785000903871,0,current_a
1785000903872,0,current_a
1785000903873,0,current_a
1785000903874,0,current_a
1785000903875,0,current_a
1785000903876,0,current_a
1785000903877,0,current_a
1785000903878,0,current_a
1785000903879,0,current_a
1785000903880,0,current_a
1785000903881,0,current_a
1785000903882,0,current_a
1785000903883,0,current_a
1785000903884,0,current_a
1785000903885,0,current_a
1785000903886,0,current_a
1785000903887,0,current_a
1785000903888,0,current_a
1785000903889,0,current_a
1785000903890,0,current_a
1785000903891,0,current_a
1785000903892,0,current_a
1785000903893,0,current_a
1785000903894,0,current_a
1785000903895,0,current_a
1785000903896,0,current_a
1785000903897,0,current_a
1785000903898,0,current_a
1785000903899,0,current_a
1785000903900,0,current_a
1785000903901,0,current_a
1785000903902,0,current_a
1785000903903,0,current_a
1785000903904,0,current_a
1785000903905,0,current_a
1785000903906,0,current_a
1785000903907,0,current_a
1785000903908,0,current_a
1785000903909,0,current_a
1785000903910,0,current_a
1785000903911,0,current_a
1785000903912,0,current_a
1785000903913,0,current_a
1785000903914,0,current_a
1785000903915,0,current_a
1785000903916,0,current_a
1785000903917,0,current_a
1785000903918,0,current_a
1785000903869,0,current_b
1785000903870,0,current_b
1785000903871,0,current_b
1785000903872,0,current_b
1785000903873,0,current_b
1785000903874,0,current_b
1785000903875,0,current_b
1785000903876,0,current_b
1785000903877,0,current_b
1785000903878,0,current_b
1785000903879,0,current_b
1785000903880,0,current_b
1785000903881,0,current_b
1785000903882,0,current_b
1785000903883,0,current_b
1785000903884,0,current_b
1785000903885,0,current_b
1785000903886,0,current_b
1785000903887,0,current_b
1785000903888,0,current_b
1785000903889,0,current_b
1785000903890,0,current_b
1785000903891,0,current_b
1785000903892,0,current_b
1785000903893,0,current_b
1785000903894,0,current_b
1785000903895,0,current_b
1785000903896,0,current_b
1785000903897,0,current_b
1785000903898,0,current_b
1785000903899,0,current_b
1785000903900,0,current_b
1785000903901,0,current_b
1785000903902,0,current_b
1785000903903,0,current_b
1785000903904,0,current_b
1785000903905,0,current_b
1785000903906,0,current_b
1785000903907,0,current_b
1785000903908,0,current_b
1785000903909,0,current_b
1785000903910,0,current_b
1785000903911,0,current_b
1785000903912,0,current_b
1785000903913,0,current_b
1785000903914,0,current_b
1785000903915,0,current_b
1785000903916,0,current_b
1785000903917,0,current_b
1785000903918,0,current_b
1785000903869,0,current_c
1785000903870,0,current_c
1785000903871,0,current_c
1785000903872,0,current_c
1785000903873,0,current_c
1785000903874,0,current_c
1785000903875,0,current_c
1785000903876,0,current_c
1785000903877,0,current_c
1785000903878,0,current_c
1785000903879,0,current_c
1785000903880,0,current_c
1785000903881,0,current_c
1785000903882,0,current_c
1785000903883,0,current_c
1785000903884,0,current_c
1785000903885,0,current_c
1785000903886,0,current_c
1785000903887,0,current_c
1785000903888,0,current_c
1785000903889,0,current_c
1785000903890,0,current_c
1785000903891,0,current_c
1785000903892,0,current_c
1785000903893,0,current_c
1785000903894,0,current_c
1785000903895,0,current_c
1785000903896,0,current_c
1785000903897,0,current_c
1785000903898,0,current_c
1785000903899,0,current_c
1785000903900,0,current_c
1785000903901,0,current_c
1785000903902,0,current_c
1785000903903,0,current_c
1785000903904,0,current_c
1785000903905,0,current_c
1785000903906,0,current_c
1785000903907,0,current_c
1785000903908,0,current_c
1785000903909,0,current_c
1785000903910,0,current_c
1785000903911,0,current_c
1785000903912,0,current_c
1785000903913,0,current_c
1785000903914,0,current_c
1785000903915,0,current_c
1785000903916,0,current_c
1785000903917,0,current_c
1785000903918,0,current_c
1785000903919,0,current_a
1785000903920,0,current_a
1785000903921,0,current_a
1785000903922,0,current_a
1785000903923,0,current_a
1785000903924,0,current_a
1785000903925,0,current_a
1785000903926,0,current_a
1785000903927,0,current_a
1785000903928,0,current_a
1785000903929,0,current_a
1785000903930,0,current_a
1785000903931,0,current_a
1785000903932,0,current_a
1785000903933,0,current_a
1785000903934,0,current_a
1785000903935,0,current_a
1785000903936,0,current_a
1785000903937,0,current_a
1785000903938,0,current_a
1785000903939,0,current_a
1785000903940,0,current_a
1785000903941,0,current_a
1785000903942,0,current_a
1785000903943,0,current_a
1785000903944,0,current_a
1785000903945,0,current_a
1785000903946,0,current_a
1785000903947,0,current_a
1785000903948,0,current_a
1785000903949,0,current_a
1785000903950,0,current_a
1785000903951,0,current_a
1785000903952,0,current_a
1785000903953,0,current_a
1785000903954,0,current_a
1785000903955,0,current_a
1785000903956,0,current_a
1785000903957,0,current_a
1785000903958,0,current_a
1785000903959,0,current_a
1785000903960,0,current_a
1785000903961,0,current_a
1785000903962,0,current_a
1785000903963,0,current_a
1785000903964,0,current_a
1785000903965,0,current_a
1785000903966,0,current_a
1785000903967,0,current_a
1785000903968,0,current_a
1785000903919,0,current_b
1785000903920,0,current_b
1785000903921,0,current_b
1785000903922,0,current_b
1785000903923,0,current_b
1785000903924,0,current_b
1785000903925,0,current_b
1785000903926,0,current_b
1785000903927,0,current_b
1785000903928,0,current_b
1785000903929,0,current_b
1785000903930,0,current_b
1785000903931,0,current_b
1785000903932,0,current_b
1785000903933,0,current_b
1785000903934,0,current_b
1785000903935,0,current_b
1785000903936,0,current_b
1785000903937,0,current_b
1785000903938,0,current_b
1785000903939,0,current_b
1785000903940,0,current_b
1785000903941,0,current_b
1785000903942,0,current_b
1785000903943,0,current_b
1785000903944,0,current_b
1785000903945,0,current_b
1785000903946,0,current_b
1785000903947,0,current_b
1785000903948,0,current_b
1785000903949,0,current_b
1785000903950,0,current_b
1785000903951,0,current_b
1785000903952,0,current_b
1785000903953,0,current_b
1785000903954,0,current_b
1785000903955,0,current_b
1785000903956,0,current_b
1785000903957,0,current_b
1785000903958,0,current_b
1785000903959,0,current_b
1785000903960,0,current_b
1785000903961,0,current_b
1785000903962,0,current_b
1785000903963,0,current_b
1785000903964,0,current_b
1785000903965,0,current_b
1785000903966,0,current_b
1785000903967,0,current_b
1785000903968,0,current_b
1785000903919,0,current_c
1785000903920,0,current_c
1785000903921,0,current_c
1785000903922,0,current_c
1785000903923,0,current_c
1785000903924,0,current_c
1785000903925,0,current_c
1785000903926,0,current_c
1785000903927,0,current_c
1785000903928,0,current_c
1785000903929,0,current_c
1785000903930,0,current_c
1785000903931,0,current_c
1785000903932,0,current_c
1785000903933,0,current_c
1785000903934,0,current_c
1785000903935,0,current_c
1785000903936,0,current_c
1785000903937,0,current_c
1785000903938,0,current_c
1785000903939,0,current_c
1785000903940,0,current_c
1785000903941,0,current_c
1785000903942,0,current_c
1785000903943,0,current_c
1785000903944,0,current_c
1785000903945,0,current_c
1785000903946,0,current_c
1785000903947,0,current_c
1785000903948,0,current_c
1785000903949,0,current_c
1785000903950,0,current_c
1785000903951,0,current_c
1785000903952,0,current_c
1785000903953,0,current_c
1785000903954,0,current_c
1785000903955,0,current_c
1785000903956,0,current_c
1785000903957,0,current_c
1785000903958,0,current_c
1785000903959,0,current_c
1785000903960,0,current_c
1785000903961,0,current_c
1785000903962,0,current_c
1785000903963,0,current_c
1785000903964,0,current_c
1785000903965,0,current_c
1785000903966,0,current_c
1785000903967,0,current_c
1785000903968,0,current_c
1785000903969,0,current_a
1785000903970,0,current_a
1785000903971,0,current_a
1785000903972,0,current_a
1785000903973,0,current_a
1785000903974,0,current_a
1785000903975,0,current_a
1785000903976,0,current_a
1785000903977,0,current_a
1785000903978,0,current_a
1785000903979,0,current_a
1785000903980,0,current_a
1785000903981,0,current_a
1785000903982,0,current_a
1785000903983,0,current_a
1785000903984,0,current_a
1785000903985,0,current_a
1785000903986,0,current_a
1785000903987,0,current_a
1785000903988,0,current_a
1785000903989,0,current_a
1785000903990,0,current_a
1785000903991,0,current_a
1785000903992,0,current_a
1785000903993,0,current_a
1785000903994,0,current_a
1785000903995,0,current_a
1785000903996,0,current_a
1785000903997,0,current_a
1785000903998,0,current_a
1785000903999,0,current_a
1785000904000,0,current_a
1785000904001,0,current_a
1785000904002,0,current_a
1785000904003,0,current_a
1785000904004,0,current_a
1785000904005,0,current_a
1785000904006,0,current_a
1785000904007,0,current_a
1785000904008,0,current_a
1785000904009,0,current_a
1785000904010,0,current_a
1785000904011,0,current_a
1785000904012,0,current_a
1785000904013,0,current_a
1785000904014,0,current_a
1785000904015,0,current_a
1785000904016,0,current_a
1785000904017,0,current_a
1785000904018,0,current_a
1785000903969,0,current_b
1785000903970,0,current_b
1785000903971,0,current_b
1785000903972,0,current_b
1785000903973,0,current_b
1785000903974,0,current_b
1785000903975,0,current_b
1785000903976,0,current_b
1785000903977,0,current_b
1785000903978,0,current_b
1785000903979,0,current_b
1785000903980,0,current_b
1785000903981,0,current_b
1785000903982,0,current_b
1785000903983,0,current_b
1785000903984,0,current_b
1785000903985,0,current_b
1785000903986,0,current_b
1785000903987,0,current_b
1785000903988,0,current_b
1785000903989,0,current_b
1785000903990,0,current_b
1785000903991,0,current_b
1785000903992,0,current_b
1785000903993,0,current_b
1785000903994,0,current_b
1785000903995,0,current_b
1785000903996,0,current_b
1785000903997,0,current_b
1785000903998,0,current_b
1785000903999,0,current_b
1785000904000,0,current_b
1785000904001,0,current_b
1785000904002,0,current_b
1785000904003,0,current_b
1785000904004,0,current_b
1785000904005,0,current_b
1785000904006,0,current_b
1785000904007,0,current_b
1785000904008,0,current_b
1785000904009,0,current_b
1785000904010,0,current_b
1785000904011,0,current_b
1785000904012,0,current_b
1785000904013,0,current_b
1785000904014,0,current_b
1785000904015,0,current_b
1785000904016,0,current_b
1785000904017,0,current_b
1785000904018,0,current_b
1785000903969,0,current_c
1785000903970,0,current_c
1785000903971,0,current_c
1785000903972,0,current_c
1785000903973,0,current_c
1785000903974,0,current_c
1785000903975,0,current_c
1785000903976,0,current_c
1785000903977,0,current_c
1785000903978,0,current_c
1785000903979,0,current_c
1785000903980,0,current_c
1785000903981,0,current_c
1785000903982,0,current_c
1785000903983,0,current_c
1785000903984,0,current_c
1785000903985,0,current_c
1785000903986,0,current_c
1785000903987,0,current_c
1785000903988,0,current_c
1785000903989,0,current_c
1785000903990,0,current_c
1785000903991,0,current_c
1785000903992,0,current_c
1785000903993,0,current_c
1785000903994,0,current_c
1785000903995,0,current_c
1785000903996,0,current_c
1785000903997,0,current_c
1785000903998,0,current_c
1785000903999,0,current_c
1785000904000,0,current_c
1785000904001,0,current_c
1785000904002,0,current_c
1785000904003,0,current_c
1785000904004,0,current_c
1785000904005,0,current_c
1785000904006,0,current_c
1785000904007,0,current_c
1785000904008,0,current_c
1785000904009,0,current_c
1785000904010,0,current_c
1785000904011,0,current_c
1785000904012,0,current_c
1785000904013,0,current_c
1785000904014,0,current_c
1785000904015,0,current_c
1785000904016,0,current_c
1785000904017,0,current_c
1785000904018,0,current_c
1785000904019,0,current_a
1785000904020,0,current_a
1785000904021,0,current_a
1785000904022,0,current_a
1785000904023,0,current_a
1785000904024,0,current_a
1785000904025,0,current_a
1785000904026,0,current_a
1785000904027,0,current_a
1785000904028,0,current_a
1785000904029,0,current_a
1785000904030,0,current_a
1785000904031,0,current_a
1785000904032,0,current_a
1785000904033,0,current_a
1785000904034,0,current_a
1785000904035,0,current_a
1785000904036,0,current_a
1785000904037,0,current_a
1785000904038,0,current_a
1785000904039,0,current_a
1785000904040,0,current_a
1785000904041,0,current_a
1785000904042,0,current_a
1785000904043,0,current_a
1785000904044,0,current_a
1785000904045,0,current_a
1785000904046,0,current_a
1785000904047,0,current_a
1785000904048,0,current_a
1785000904049,0,current_a
1785000904050,0,current_a
1785000904051,0,current_a
1785000904052,0,current_a
1785000904053,0,current_a
1785000904054,0,current_a
1785000904055,0,current_a
1785000904056,0,current_a
1785000904057,0,current_a
1785000904058,0,current_a
1785000904059,0,current_a
1785000904060,0,current_a
1785000904061,0,current_a
1785000904062,0,current_a
1785000904063,0,current_a
1785000904064,0,current_a
1785000904065,0,current_a
1785000904066,0,current_a
1785000904067,0,current_a
1785000904068,0,current_a
1785000904069,0,current_a
1785000904019,0,current_b
1785000904020,0,current_b
1785000904021,0,current_b
1785000904022,0,current_b
1785000904023,0,current_b
1785000904024,0,current_b
1785000904025,0,current_b
1785000904026,0,current_b
1785000904027,0,current_b
1785000904028,0,current_b
1785000904029,0,current_b
1785000904030,0,current_b
1785000904031,0,current_b
1785000904032,0,current_b
1785000904033,0,current_b
1785000904034,0,current_b
1785000904035,0,current_b
1785000904036,0,current_b
1785000904037,0,current_b
1785000904038,0,current_b
1785000904039,0,current_b
1785000904040,0,current_b
1785000904041,0,current_b
1785000904042,0,current_b
1785000904043,0,current_b
1785000904044,0,current_b
1785000904045,0,current_b
1785000904046,0,current_b
1785000904047,0,current_b
1785000904048,0,current_b
1785000904049,0,current_b
1785000904050,0,current_b
1785000904051,0,current_b
1785000904052,0,current_b
1785000904053,0,current_b
1785000904054,0,current_b
1785000904055,0,current_b
1785000904056,0,current_b
1785000904057,0,current_b
1785000904058,0,current_b
1785000904059,0,current_b
1785000904060,0,current_b
1785000904061,0,current_b
1785000904062,0,current_b
1785000904063,0,current_b
1785000904064,0,current_b
1785000904065,0,current_b
1785000904066,0,current_b
1785000904067,0,current_b
1785000904068,0,current_b
1785000904069,0,current_b
1785000904019,0,current_c
1785000904020,0,current_c
1785000904021,0,current_c
1785000904022,0,current_c
1785000904023,0,current_c
1785000904024,0,current_c
1785000904025,0,current_c
1785000904026,0,current_c
1785000904027,0,current_c
1785000904028,0,current_c
1785000904029,0,current_c
1785000904030,0,current_c
1785000904031,0,current_c
1785000904032,0,current_c
1785000904033,0,current_c
1785000904034,0,current_c
1785000904035,0,current_c
1785000904036,0,current_c
1785000904037,0,current_c
1785000904038,0,current_c
1785000904039,0,current_c
1785000904040,0,current_c
1785000904041,0,current_c
1785000904042,0,current_c
1785000904043,0,current_c
1785000904044,0,current_c
1785000904045,0,current_c
1785000904046,0,current_c
1785000904047,0,current_c
1785000904048,0,current_c
1785000904049,0,current_c
1785000904050,0,current_c
1785000904051,0,current_c
1785000904052,0,current_c
1785000904053,0,current_c
1785000904054,0,current_c
1785000904055,0,current_c
1785000904056,0,current_c
1785000904057,0,current_c
1785000904058,0,current_c
1785000904059,0,current_c
1785000904060,0,current_c
1785000904061,0,current_c
1785000904062,0,current_c
1785000904063,0,current_c
1785000904064,0,current_c
1785000904065,0,current_c
1785000904066,0,current_c
1785000904067,0,current_c
1785000904068,0,current_c
1785000904069,0,current_c
1785000904070,0,current_a
1785000904071,0,current_a
1785000904072,0,current_a
1785000904073,0,current_a
1785000904074,0,current_a
1785000904075,0,current_a
1785000904076,0,current_a
1785000904077,0,current_a
1785000904078,0,current_a
1785000904079,0,current_a
1785000904080,0,current_a
1785000904081,0,current_a
1785000904082,0,current_a
1785000904083,0,current_a
1785000904084,0,current_a
1785000904085,0,current_a
1785000904086,0,current_a
1785000904087,0,current_a
1785000904088,0,current_a
1785000904089,0,current_a
1785000904090,0,current_a
1785000904091,0,current_a
1785000904092,0,current_a
1785000904093,0,current_a
1785000904094,0,current_a
1785000904095,0,current_a
1785000904096,0,current_a
1785000904097,0,current_a
1785000904098,0,current_a
1785000904099,0,current_a
1785000904100,0,current_a
1785000904101,0,current_a
1785000904102,0,current_a
1785000904103,0,current_a
1785000904104,0,current_a
1785000904105,0,current_a
1785000904106,0,current_a
1785000904107,0,current_a
1785000904108,0,current_a
1785000904109,0,current_a
1785000904110,0,current_a
1785000904111,0,current_a
1785000904112,0,current_a
1785000904113,0,current_a
1785000904114,0,current_a
1785000904115,0,current_a
1785000904116,0,current_a
1785000904117,0,current_a
1785000904118,0,current_a
1785000904119,0,current_a
1785000904070,0,current_b
1785000904071,0,current_b
1785000904072,0,current_b
1785000904073,0,current_b
1785000904074,0,current_b
1785000904075,0,current_b
1785000904076,0,current_b
1785000904077,0,current_b
1785000904078,0,current_b
1785000904079,0,current_b
1785000904080,0,current_b
1785000904081,0,current_b
1785000904082,0,current_b
1785000904083,0,current_b
1785000904084,0,current_b
1785000904085,0,current_b
1785000904086,0,current_b
1785000904087,0,current_b
1785000904088,0,current_b
1785000904089,0,current_b
1785000904090,0,current_b
1785000904091,0,current_b
1785000904092,0,current_b
1785000904093,0,current_b
1785000904094,0,current_b
1785000904095,0,current_b
1785000904096,0,current_b
1785000904097,0,current_b
1785000904098,0,current_b
1785000904099,0,current_b
1785000904100,0,current_b
1785000904101,0,current_b
1785000904102,0,current_b
1785000904103,0,current_b
1785000904104,0,current_b
1785000904105,0,current_b
1785000904106,0,current_b
1785000904107,0,current_b
1785000904108,0,current_b
1785000904109,0,current_b
1785000904110,0,current_b
1785000904111,0,current_b
1785000904112,0,current_b
1785000904113,0,current_b
1785000904114,0,current_b
1785000904115,0,current_b
1785000904116,0,current_b
1785000904117,0,current_b
1785000904118,0,current_b
1785000904119,0,current_b
1785000904070,0,current_c
1785000904071,0,current_c
1785000904072,0,current_c
1785000904073,0,current_c
1785000904074,0,current_c
1785000904075,0,current_c
1785000904076,0,current_c
1785000904077,0,current_c
1785000904078,0,current_c
1785000904079,0,current_c
1785000904080,0,current_c
1785000904081,0,current_c
1785000904082,0,current_c
1785000904083,0,current_c
1785000904084,0,current_c
1785000904085,0,current_c
1785000904086,0,current_c
1785000904087,0,current_c
1785000904088,0,current_c
1785000904089,0,current_c
1785000904090,0,current_c
1785000904091,0,current_c
1785000904092,0,current_c
1785000904093,0,current_c
1785000904094,0,current_c
1785000904095,0,current_c
1785000904096,0,current_c
1785000904097,0,current_c
1785000904098,0,current_c
1785000904099,0,current_c
1785000904100,0,current_c
1785000904101,0,current_c
1785000904102,0,current_c
1785000904103,0,current_c
1785000904104,0,current_c
1785000904105,0,current_c
1785000904106,0,current_c
1785000904107,0,current_c
1785000904108,0,current_c
1785000904109,0,current_c
1785000904110,0,current_c
1785000904111,0,current_c
1785000904112,0,current_c
1785000904113,0,current_c
1785000904114,0,current_c
1785000904115,0,current_c
1785000904116,0,current_c
1785000904117,0,current_c
1785000904118,0,current_c
1785000904119,0,current_c
1785000904120,0,current_a
1785000904121,0,current_a
1785000904122,0,current_a
1785000904123,0,current_a
1785000904124,0,current_a
1785000904125,0,current_a
1785000904126,0,current_a
1785000904127,0,current_a
1785000904128,0,current_a
1785000904129,0,current_a
1785000904130,0,current_a
1785000904131,0,current_a
1785000904132,0,current_a
1785000904133,0,current_a
1785000904134,0,current_a
1785000904135,0,current_a
1785000904136,0,current_a
1785000904137,0,current_a
1785000904138,0,current_a
1785000904139,0,current_a
1785000904140,0,current_a
1785000904141,0,current_a
1785000904142,0,current_a
1785000904143,0,current_a
1785000904144,0,current_a
1785000904145,0,current_a
1785000904146,0,current_a
1785000904147,0,current_a
1785000904148,0,current_a
1785000904149,0,current_a
1785000904150,0,current_a
1785000904151,0,current_a
1785000904152,0,current_a
1785000904153,0,current_a
1785000904154,0,current_a
1785000904155,0,current_a
1785000904156,0,current_a
1785000904157,0,current_a
1785000904158,0,current_a
1785000904159,0,current_a
1785000904160,0,current_a
1785000904161,0,current_a
1785000904162,0,current_a
1785000904163,0,current_a
1785000904164,0,current_a
1785000904165,0,current_a
1785000904166,0,current_a
1785000904167,0,current_a
1785000904168,0,current_a
1785000904169,0,current_a
1785000904120,0,current_b
1785000904121,0,current_b
1785000904122,0,current_b
1785000904123,0,current_b
1785000904124,0,current_b
1785000904125,0,current_b
1785000904126,0,current_b
1785000904127,0,current_b
1785000904128,0,current_b
1785000904129,0,current_b
1785000904130,0,current_b
1785000904131,0,current_b
1785000904132,0,current_b
1785000904133,0,current_b
1785000904134,0,current_b
1785000904135,0,current_b
1785000904136,0,current_b
1785000904137,0,current_b
1785000904138,0,current_b
1785000904139,0,current_b
1785000904140,0,current_b
1785000904141,0,current_b
1785000904142,0,current_b
1785000904143,0,current_b
1785000904144,0,current_b
1785000904145,0,current_b
1785000904146,0,current_b
1785000904147,0,current_b
1785000904148,0,current_b
1785000904149,0,current_b
1785000904150,0,current_b
1785000904151,0,current_b
1785000904152,0,current_b
1785000904153,0,current_b
1785000904154,0,current_b
1785000904155,0,current_b
1785000904156,0,current_b
1785000904157,0,current_b
1785000904158,0,current_b
1785000904159,0,current_b
1785000904160,0,current_b
1785000904161,0,current_b
1785000904162,0,current_b
1785000904163,0,current_b
1785000904164,0,current_b
1785000904165,0,current_b
1785000904166,0,current_b
1785000904167,0,current_b
1785000904168,0,current_b
1785000904169,0,current_b
1785000904120,0,current_c
1785000904121,0,current_c
1785000904122,0,current_c
1785000904123,0,current_c
1785000904124,0,current_c
1785000904125,0,current_c
1785000904126,0,current_c
1785000904127,0,current_c
1785000904128,0,current_c
1785000904129,0,current_c
1785000904130,0,current_c
1785000904131,0,current_c
1785000904132,0,current_c
1785000904133,0,current_c
1785000904134,0,current_c
1785000904135,0,current_c
1785000904136,0,current_c
1785000904137,0,current_c
1785000904138,0,current_c
1785000904139,0,current_c
1785000904140,0,current_c
1785000904141,0,current_c
1785000904142,0,current_c
1785000904143,0,current_c
1785000904144,0,current_c
1785000904145,0,current_c
1785000904146,0,current_c
1785000904147,0,current_c
1785000904148,0,current_c
1785000904149,0,current_c
1785000904150,0,current_c
1785000904151,0,current_c
1785000904152,0,current_c
1785000904153,0,current_c
1785000904154,0,current_c
1785000904155,0,current_c
1785000904156,0,current_c
1785000904157,0,current_c
1785000904158,0,current_c
1785000904159,0,current_c
1785000904160,0,current_c
1785000904161,0,current_c
1785000904162,0,current_c
1785000904163,0,current_c
1785000904164,0,current_c
1785000904165,0,current_c
1785000904166,0,current_c
1785000904167,0,current_c
1785000904168,0,current_c
1785000904169,0,current_c
1785000904170,0,current_a
1785000904171,0,current_a
1785000904172,0,current_a
1785000904173,0,current_a
1785000904174,0,current_a
1785000904175,0,current_a
1785000904176,0,current_a
1785000904177,0,current_a
1785000904178,0,current_a
1785000904179,0,current_a
1785000904180,0,current_a
1785000904181,0,current_a
1785000904182,0,current_a
1785000904183,0,current_a
1785000904184,0,current_a
1785000904185,0,current_a
1785000904186,0,current_a
1785000904187,0,current_a
1785000904188,0,current_a
1785000904189,0,current_a
1785000904190,0,current_a
1785000904191,0,current_a
1785000904192,0,current_a
1785000904193,0,current_a
1785000904194,0,current_a
1785000904195,0,current_a
1785000904196,0,current_a
1785000904197,0,current_a
1785000904198,0,current_a
1785000904199,0,current_a
1785000904200,0,current_a
1785000904201,0,current_a
1785000904202,0,current_a
1785000904203,0,current_a
1785000904204,0,current_a
1785000904205,0,current_a
1785000904206,0,current_a
1785000904207,0,current_a
1785000904208,0,current_a
1785000904209,0,current_a
1785000904210,0,current_a
1785000904211,0,current_a
1785000904212,0,current_a
1785000904213,0,current_a
1785000904214,0,current_a
1785000904215,0,current_a
1785000904216,0,current_a
1785000904217,0,current_a
1785000904218,0,current_a
1785000904219,0,current_a
1785000904170,0,current_b
1785000904171,0,current_b
1785000904172,0,current_b
1785000904173,0,current_b
1785000904174,0,current_b
1785000904175,0,current_b
1785000904176,0,current_b
1785000904177,0,current_b
1785000904178,0,current_b
1785000904179,0,current_b
1785000904180,0,current_b
1785000904181,0,current_b
1785000904182,0,current_b
1785000904183,0,current_b
1785000904184,0,current_b
1785000904185,0,current_b
1785000904186,0,current_b
1785000904187,0,current_b
1785000904188,0,current_b
1785000904189,0,current_b
1785000904190,0,current_b
1785000904191,0,current_b
1785000904192,0,current_b
1785000904193,0,current_b
1785000904194,0,current_b
1785000904195,0,current_b
1785000904196,0,current_b
1785000904197,0,current_b
1785000904198,0,current_b
1785000904199,0,current_b
1785000904200,0,current_b
1785000904201,0,current_b
1785000904202,0,current_b
1785000904203,0,current_b
1785000904204,0,current_b
1785000904205,0,current_b
1785000904206,0,current_b
1785000904207,0,current_b
1785000904208,0,current_b
1785000904209,0,current_b
1785000904210,0,current_b
1785000904211,0,current_b
1785000904212,0,current_b
1785000904213,0,current_b
1785000904214,0,current_b
1785000904215,0,current_b
1785000904216,0,current_b
1785000904217,0,current_b
1785000904218,0,current_b
1785000904219,0,current_b
1785000904170,0,current_c
1785000904171,0,current_c
1785000904172,0,current_c
1785000904173,0,current_c
1785000904174,0,current_c
1785000904175,0,current_c
1785000904176,0,current_c
1785000904177,0,current_c
1785000904178,0,current_c
1785000904179,0,current_c
1785000904180,0,current_c
1785000904181,0,current_c
1785000904182,0,current_c
1785000904183,0,current_c
1785000904184,0,current_c
1785000904185,0,current_c
1785000904186,0,current_c
1785000904187,0,current_c
1785000904188,0,current_c
1785000904189,0,current_c
1785000904190,0,current_c
1785000904191,0,current_c
1785000904192,0,current_c
1785000904193,0,current_c
1785000904194,0,current_c
1785000904195,0,current_c
1785000904196,0,current_c
1785000904197,0,current_c
1785000904198,0,current_c
1785000904199,0,current_c
1785000904200,0,current_c
1785000904201,0,current_c
1785000904202,0,current_c
1785000904203,0,current_c
1785000904204,0,current_c
1785000904205,0,current_c
1785000904206,0,current_c
1785000904207,0,current_c
1785000904208,0,current_c
1785000904209,0,current_c
1785000904210,0,current_c
1785000904211,0,current_c
1785000904212,0,current_c
1785000904213,0,current_c
1785000904214,0,current_c
1785000904215,0,current_c
1785000904216,0,current_c
1785000904217,0,current_c
1785000904218,0,current_c
1785000904219,0,current_c
1785000904220,0,current_a
1785000904221,0,current_a
1785000904222,0,current_a
1785000904223,0,current_a
1785000904224,0,current_a
1785000904225,0,current_a
1785000904226,0,current_a
1785000904227,0,current_a
1785000904228,0,current_a
1785000904229,0,current_a
1785000904230,0,current_a
1785000904231,0,current_a
1785000904232,0,current_a
1785000904233,0,current_a
1785000904234,0,current_a
1785000904235,0,current_a
1785000904236,0,current_a
1785000904237,0,current_a
1785000904238,0,current_a
1785000904239,0,current_a
1785000904240,0,current_a
1785000904241,0,current_a
1785000904242,0,current_a
1785000904243,0,current_a
1785000904244,0,current_a
1785000904245,0,current_a
1785000904246,0,current_a
1785000904247,0,current_a
1785000904248,0,current_a
1785000904249,0,current_a
1785000904250,0,current_a
1785000904251,0,current_a
1785000904252,0,current_a
1785000904253,0,current_a
1785000904254,0,current_a
1785000904255,0,current_a
1785000904256,0,current_a
1785000904257,0,current_a
1785000904258,0,current_a
1785000904259,0,current_a
1785000904260,0,current_a
1785000904261,0,current_a
1785000904262,0,current_a
1785000904263,0,current_a
1785000904264,0,current_a
1785000904265,0,current_a
1785000904266,0,current_a
1785000904267,0,current_a
1785000904268,0,current_a
1785000904269,0,current_a
1785000904220,0,current_b
1785000904221,0,current_b
1785000904222,0,current_b
1785000904223,0,current_b
1785000904224,0,current_b
1785000904225,0,current_b
1785000904226,0,current_b
1785000904227,0,current_b
1785000904228,0,current_b
1785000904229,0,current_b
1785000904230,0,current_b
1785000904231,0,current_b
1785000904232,0,current_b
1785000904233,0,current_b
1785000904234,0,current_b
1785000904235,0,current_b
1785000904236,0,current_b
1785000904237,0,current_b
1785000904238,0,current_b
1785000904239,0,current_b
1785000904240,0,current_b
1785000904241,0,current_b
1785000904242,0,current_b
1785000904243,0,current_b
1785000904244,0,current_b
1785000904245,0,current_b
1785000904246,0,current_b
1785000904247,0,current_b
1785000904248,0,current_b
1785000904249,0,current_b
1785000904250,0,current_b
1785000904251,0,current_b
1785000904252,0,current_b
1785000904253,0,current_b
1785000904254,0,current_b
1785000904255,0,current_b
1785000904256,0,current_b
1785000904257,0,current_b
1785000904258,0,current_b
1785000904259,0,current_b
1785000904260,0,current_b
1785000904261,0,current_b
1785000904262,0,current_b
1785000904263,0,current_b
1785000904264,0,current_b
1785000904265,0,current_b
1785000904266,0,current_b
1785000904267,0,current_b
1785000904268,0,current_b
1785000904269,0,current_b
1785000904220,0,current_c
1785000904221,0,current_c
1785000904222,0,current_c
1785000904223,0,current_c
1785000904224,0,current_c
1785000904225,0,current_c
1785000904226,0,current_c
1785000904227,0,current_c
1785000904228,0,current_c
1785000904229,0,current_c
1785000904230,0,current_c
1785000904231,0,current_c
1785000904232,0,current_c
1785000904233,0,current_c
1785000904234,0,current_c
1785000904235,0,current_c
1785000904236,0,current_c
1785000904237,0,current_c
1785000904238,0,current_c
1785000904239,0,current_c
1785000904240,0,current_c
1785000904241,0,current_c
1785000904242,0,current_c
1785000904243,0,current_c
1785000904244,0,current_c
1785000904245,0,current_c
1785000904246,0,current_c
1785000904247,0,current_c
1785000904248,0,current_c
1785000904249,0,current_c
1785000904250,0,current_c
1785000904251,0,current_c
1785000904252,0,current_c
1785000904253,0,current_c
1785000904254,0,current_c
1785000904255,0,current_c
1785000904256,0,current_c
1785000904257,0,current_c
1785000904258,0,current_c
1785000904259,0,current_c
1785000904260,0,current_c
1785000904261,0,current_c
1785000904262,0,current_c
1785000904263,0,current_c
1785000904264,0,current_c
1785000904265,0,current_c
1785000904266,0,current_c
1785000904267,0,current_c
1785000904268,0,current_c
1785000904269,0,current_c
1785000904270,0,current_a
1785000904271,0,current_a
1785000904272,0,current_a
1785000904273,0,current_a
1785000904274,0,current_a
1785000904275,0,current_a
1785000904276,0,current_a
1785000904277,0,current_a
1785000904278,0,current_a
1785000904279,0,current_a
1785000904280,0,current_a
1785000904281,0,current_a
1785000904282,0,current_a
1785000904283,0,current_a
1785000904284,0,current_a
1785000904285,0,current_a
1785000904286,0,current_a
1785000904287,0,current_a
1785000904288,0,current_a
1785000904289,0,current_a
1785000904290,0,current_a
1785000904291,0,current_a
1785000904292,0,current_a
1785000904293,0,current_a
1785000904294,0,current_a
1785000904295,0,current_a
1785000904296,0,current_a
1785000904297,0,current_a
1785000904298,0,current_a
1785000904299,0,current_a
1785000904300,0,current_a
1785000904301,0,current_a
1785000904302,0,current_a
1785000904303,0,current_a
1785000904304,0,current_a
1785000904305,0,current_a
1785000904306,0,current_a
1785000904307,0,current_a
1785000904308,0,current_a
1785000904309,0,current_a
1785000904310,0,current_a
1785000904311,0,current_a
1785000904312,0,current_a
1785000904313,0,current_a
1785000904314,0,current_a
1785000904315,0,current_a
1785000904316,0,current_a
1785000904317,0,current_a
1785000904318,0,current_a
1785000904319,0,current_a
1785000904270,0,current_b
1785000904271,0,current_b
1785000904272,0,current_b
1785000904273,0,current_b
1785000904274,0,current_b
1785000904275,0,current_b
1785000904276,0,current_b
1785000904277,0,current_b
1785000904278,0,current_b
1785000904279,0,current_b
1785000904280,0,current_b
1785000904281,0,current_b
1785000904282,0,current_b
1785000904283,0,current_b
1785000904284,0,current_b
1785000904285,0,current_b
1785000904286,0,current_b
1785000904287,0,current_b
1785000904288,0,current_b
1785000904289,0,current_b
1785000904290,0,current_b
1785000904291,0,current_b
1785000904292,0,current_b
1785000904293,0,current_b
1785000904294,0,current_b
1785000904295,0,current_b
1785000904296,0,current_b
1785000904297,0,current_b
1785000904298,0,current_b
1785000904299,0,current_b
1785000904300,0,current_b
1785000904301,0,current_b
1785000904302,0,current_b
1785000904303,0,current_b
1785000904304,0,current_b
1785000904305,0,current_b
1785000904306,0,current_b
1785000904307,0,current_b
1785000904308,0,current_b
1785000904309,0,current_b
1785000904310,0,current_b
1785000904311,0,current_b
1785000904312,0,current_b
1785000904313,0,current_b
1785000904314,0,current_b
1785000904315,0,current_b
1785000904316,0,current_b
1785000904317,0,current_b
1785000904318,0,current_b
1785000904319,0,current_b
1785000904270,0,current_c
1785000904271,0,current_c
1785000904272,0,current_c
1785000904273,0,current_c
1785000904274,0,current_c
1785000904275,0,current_c
1785000904276,0,current_c
1785000904277,0,current_c
1785000904278,0,current_c
1785000904279,0,current_c
1785000904280,0,current_c
1785000904281,0,current_c
1785000904282,0,current_c
1785000904283,0,current_c
1785000904284,0,current_c
1785000904285,0,current_c
1785000904286,0,current_c
1785000904287,0,current_c
1785000904288,0,current_c
1785000904289,0,current_c
1785000904290,0,current_c
1785000904291,0,current_c
1785000904292,0,current_c
1785000904293,0,current_c
1785000904294,0,current_c
1785000904295,0,current_c
1785000904296,0,current_c
1785000904297,0,current_c
1785000904298,0,current_c
1785000904299,0,current_c
1785000904300,0,current_c
1785000904301,0,current_c
1785000904302,0,current_c
1785000904303,0,current_c
1785000904304,0,current_c
1785000904305,0,current_c
1785000904306,0,current_c
1785000904307,0,current_c
1785000904308,0,current_c
1785000904309,0,current_c
1785000904310,0,current_c
1785000904311,0,current_c
1785000904312,0,current_c
1785000904313,0,current_c
1785000904314,0,current_c
1785000904315,0,current_c
1785000904316,0,current_c
1785000904317,0,current_c
1785000904318,0,current_c
1785000904319,0,current_c
1785000904320,0,current_a
1785000904321,0,current_a
1785000904322,0,current_a
1785000904323,0,current_a
1785000904324,0,current_a
1785000904325,0,current_a
1785000904326,0,current_a
1785000904327,0,current_a
1785000904328,0,current_a
1785000904329,0,current_a
1785000904330,0,current_a
1785000904331,0,current_a
1785000904332,0,current_a
1785000904333,0,current_a
1785000904334,0,current_a
1785000904335,0,current_a
1785000904336,0,current_a
1785000904337,0,current_a
1785000904338,0,current_a
1785000904339,0,current_a
1785000904340,0,current_a
1785000904341,0,current_a
1785000904342,0,current_a
1785000904343,0,current_a
1785000904344,0,current_a
1785000904345,0,current_a
1785000904346,0,current_a
1785000904347,0,current_a
1785000904348,0,current_a
1785000904349,0,current_a
1785000904350,0,current_a
1785000904351,0,current_a
1785000904352,0,current_a
1785000904353,0,current_a
1785000904354,0,current_a
1785000904355,0,current_a
1785000904356,0,current_a
1785000904357,0,current_a
1785000904358,0,current_a
1785000904359,0,current_a
1785000904360,0,current_a
1785000904361,0,current_a
1785000904362,0,current_a
1785000904363,0,current_a
1785000904364,0,current_a
1785000904365,0,current_a
1785000904366,0,current_a
1785000904367,0,current_a
1785000904368,0,current_a
1785000904369,0,current_a
1785000904320,0,current_b
1785000904321,0,current_b
1785000904322,0,current_b
1785000904323,0,current_b
1785000904324,0,current_b
1785000904325,0,current_b
1785000904326,0,current_b
1785000904327,0,current_b
1785000904328,0,current_b
1785000904329,0,current_b
1785000904330,0,current_b
1785000904331,0,current_b
1785000904332,0,current_b
1785000904333,0,current_b
1785000904334,0,current_b
1785000904335,0,current_b
1785000904336,0,current_b
1785000904337,0,current_b
1785000904338,0,current_b
1785000904339,0,current_b
1785000904340,0,current_b
1785000904341,0,current_b
1785000904342,0,current_b
1785000904343,0,current_b
1785000904344,0,current_b
1785000904345,0,current_b
1785000904346,0,current_b
1785000904347,0,current_b
1785000904348,0,current_b
1785000904349,0,current_b
1785000904350,0,current_b
1785000904351,0,current_b
1785000904352,0,current_b
1785000904353,0,current_b
1785000904354,0,current_b
1785000904355,0,current_b
1785000904356,0,current_b
1785000904357,0,current_b
1785000904358,0,current_b
1785000904359,0,current_b
1785000904360,0,current_b
1785000904361,0,current_b
1785000904362,0,current_b
1785000904363,0,current_b
1785000904364,0,current_b
1785000904365,0,current_b
1785000904366,0,current_b
1785000904367,0,current_b
1785000904368,0,current_b
1785000904369,0,current_b
1785000904320,0,current_c
1785000904321,0,current_c
1785000904322,0,current_c
1785000904323,0,current_c
1785000904324,0,current_c
1785000904325,0,current_c
1785000904326,0,current_c
1785000904327,0,current_c
1785000904328,0,current_c
1785000904329,0,current_c
1785000904330,0,current_c
1785000904331,0,current_c
1785000904332,0,current_c
1785000904333,0,current_c
1785000904334,0,current_c
1785000904335,0,current_c
1785000904336,0,current_c
1785000904337,0,current_c
1785000904338,0,current_c
1785000904339,0,current_c
1785000904340,0,current_c
1785000904341,0,current_c
1785000904342,0,current_c
1785000904343,0,current_c
1785000904344,0,current_c
1785000904345,0,current_c
1785000904346,0,current_c
1785000904347,0,current_c
1785000904348,0,current_c
1785000904349,0,current_c
1785000904350,0,current_c
1785000904351,0,current_c
1785000904352,0,current_c
1785000904353,0,current_c
1785000904354,0,current_c
1785000904355,0,current_c
1785000904356,0,current_c
1785000904357,0,current_c
1785000904358,0,current_c
1785000904359,0,current_c
1785000904360,0,current_c
1785000904361,0,current_c
1785000904362,0,current_c
1785000904363,0,current_c
1785000904364,0,current_c
1785000904365,0,current_c
1785000904366,0,current_c
1785000904367,0,current_c
1785000904368,0,current_c
1785000904369,0,current_c
1785000904370,0,current_a
1785000904371,0,current_a
1785000904372,0,current_a
1785000904373,0,current_a
1785000904374,0,current_a
1785000904375,0,current_a
1785000904376,0,current_a
1785000904377,0,current_a
1785000904378,0,current_a
1785000904379,0,current_a
1785000904380,0,current_a
1785000904381,0,current_a
1785000904382,0,current_a
1785000904383,0,current_a
1785000904384,0,current_a
1785000904385,0,current_a
1785000904386,0,current_a
1785000904387,0,current_a
1785000904388,0,current_a
1785000904389,0,current_a
1785000904390,0,current_a
1785000904391,0,current_a
1785000904392,0,current_a
1785000904393,0,current_a
1785000904394,0,current_a
1785000904395,0,current_a
1785000904396,0,current_a
1785000904397,0,current_a
1785000904398,0,current_a
1785000904399,0,current_a
1785000904400,0,current_a
1785000904401,0,current_a
1785000904402,0,current_a
1785000904403,0,current_a
1785000904404,0,current_a
1785000904405,0,current_a
1785000904406,0,current_a
1785000904407,0,current_a
1785000904408,0,current_a
1785000904409,0,current_a
1785000904410,0,current_a
1785000904411,0,current_a
1785000904412,0,current_a
1785000904413,0,current_a
1785000904414,0,current_a
1785000904415,0,current_a
1785000904416,0,current_a
1785000904417,0,current_a
1785000904418,0,current_a
1785000904419,0,current_a
1785000904370,0,current_b
1785000904371,0,current_b
1785000904372,0,current_b
1785000904373,0,current_b
1785000904374,0,current_b
1785000904375,0,current_b
1785000904376,0,current_b
1785000904377,0,current_b
1785000904378,0,current_b
1785000904379,0,current_b
1785000904380,0,current_b
1785000904381,0,current_b
1785000904382,0,current_b
1785000904383,0,current_b
1785000904384,0,current_b
1785000904385,0,current_b
1785000904386,0,current_b
1785000904387,0,current_b
1785000904388,0,current_b
1785000904389,0,current_b
1785000904390,0,current_b
1785000904391,0,current_b
1785000904392,0,current_b
1785000904393,0,current_b
1785000904394,0,current_b
1785000904395,0,current_b
1785000904396,0,current_b
1785000904397,0,current_b
1785000904398,0,current_b
1785000904399,0,current_b
1785000904400,0,current_b
1785000904401,0,current_b
1785000904402,0,current_b
1785000904403,0,current_b
1785000904404,0,current_b
1785000904405,0,current_b
1785000904406,0,current_b
1785000904407,0,current_b
1785000904408,0,current_b
1785000904409,0,current_b
1785000904410,0,current_b
1785000904411,0,current_b
1785000904412,0,current_b
1785000904413,0,current_b
1785000904414,0,current_b
1785000904415,0,current_b
1785000904416,0,current_b
1785000904417,0,current_b
1785000904418,0,current_b
1785000904419,0,current_b
1785000904370,0,current_c
1785000904371,0,current_c
1785000904372,0,current_c
1785000904373,0,current_c
1785000904374,0,current_c
1785000904375,0,current_c
1785000904376,0,current_c
1785000904377,0,current_c
1785000904378,0,current_c
1785000904379,0,current_c
1785000904380,0,current_c
1785000904381,0,current_c
1785000904382,0,current_c
1785000904383,0,current_c
1785000904384,0,current_c
1785000904385,0,current_c
1785000904386,0,current_c
1785000904387,0,current_c
1785000904388,0,current_c
1785000904389,0,current_c
1785000904390,0,current_c
1785000904391,0,current_c
1785000904392,0,current_c
1785000904393,0,current_c
1785000904394,0,current_c
1785000904395,0,current_c
1785000904396,0,current_c
1785000904397,0,current_c
1785000904398,0,current_c
1785000904399,0,current_c
1785000904400,0,current_c
1785000904401,0,current_c
1785000904402,0,current_c
1785000904403,0,current_c
1785000904404,0,current_c
1785000904405,0,current_c
1785000904406,0,current_c
1785000904407,0,current_c
1785000904408,0,current_c
1785000904409,0,current_c
1785000904410,0,current_c
1785000904411,0,current_c
1785000904412,0,current_c
1785000904413,0,current_c
1785000904414,0,current_c
1785000904415,0,current_c
1785000904416,0,current_c
1785000904417,0,current_c
1785000904418,0,current_c
1785000904419,0,current_c
1785000904420,0,current_a
1785000904421,0,current_a
1785000904422,0,current_a
1785000904423,0,current_a
1785000904424,0,current_a
1785000904425,0,current_a
1785000904426,0,current_a
1785000904427,0,current_a
1785000904428,0,current_a
1785000904429,0,current_a
1785000904430,0,current_a
1785000904431,0,current_a
1785000904432,0,current_a
1785000904433,0,current_a
1785000904434,0,current_a
1785000904435,0,current_a
1785000904436,0,current_a
1785000904437,0,current_a
1785000904438,0,current_a
1785000904439,0,current_a
1785000904440,0,current_a
1785000904441,0,current_a
1785000904442,0,current_a
1785000904443,0,current_a
1785000904444,0,current_a
1785000904445,0,current_a
1785000904446,0,current_a
1785000904447,0,current_a
1785000904448,0,current_a
1785000904449,0,current_a
1785000904450,0,current_a
1785000904451,0,current_a
1785000904452,0,current_a
1785000904453,0,current_a
1785000904454,0,current_a
1785000904455,0,current_a
1785000904456,0,current_a
1785000904457,0,current_a
1785000904458,0,current_a
1785000904459,0,current_a
1785000904460,0,current_a
1785000904461,0,current_a
1785000904462,0,current_a
1785000904463,0,current_a
1785000904464,0,current_a
1785000904465,0,current_a
1785000904466,0,current_a
1785000904467,0,current_a
1785000904468,0,current_a
1785000904469,0,current_a
1785000904420,0,current_b
1785000904421,0,current_b
1785000904422,0,current_b
1785000904423,0,current_b
1785000904424,0,current_b
1785000904425,0,current_b
1785000904426,0,current_b
1785000904427,0,current_b
1785000904428,0,current_b
1785000904429,0,current_b
1785000904430,0,current_b
1785000904431,0,current_b
1785000904432,0,current_b
1785000904433,0,current_b
1785000904434,0,current_b
1785000904435,0,current_b
1785000904436,0,current_b
1785000904437,0,current_b
1785000904438,0,current_b
1785000904439,0,current_b
1785000904440,0,current_b
1785000904441,0,current_b
1785000904442,0,current_b
1785000904443,0,current_b
1785000904444,0,current_b
1785000904445,0,current_b
1785000904446,0,current_b
1785000904447,0,current_b
1785000904448,0,current_b
1785000904449,0,current_b
1785000904450,0,current_b
1785000904451,0,current_b
1785000904452,0,current_b
1785000904453,0,current_b
1785000904454,0,current_b
1785000904455,0,current_b
1785000904456,0,current_b
1785000904457,0,current_b
1785000904458,0,current_b
1785000904459,0,current_b
1785000904460,0,current_b
1785000904461,0,current_b
1785000904462,0,current_b
1785000904463,0,current_b
1785000904464,0,current_b
1785000904465,0,current_b
1785000904466,0,current_b
1785000904467,0,current_b
1785000904468,0,current_b
1785000904469,0,current_b
1785000904420,0,current_c
1785000904421,0,current_c
1785000904422,0,current_c
1785000904423,0,current_c
1785000904424,0,current_c
1785000904425,0,current_c
1785000904426,0,current_c
1785000904427,0,current_c
1785000904428,0,current_c
1785000904429,0,current_c
1785000904430,0,current_c
1785000904431,0,current_c
1785000904432,0,current_c
1785000904433,0,current_c
1785000904434,0,current_c
1785000904435,0,current_c
1785000904436,0,current_c
1785000904437,0,current_c
1785000904438,0,current_c
1785000904439,0,current_c
1785000904440,0,current_c
1785000904441,0,current_c
1785000904442,0,current_c
1785000904443,0,current_c
1785000904444,0,current_c
1785000904445,0,current_c
1785000904446,0,current_c
1785000904447,0,current_c
1785000904448,0,current_c
1785000904449,0,current_c
1785000904450,0,current_c
1785000904451,0,current_c
1785000904452,0,current_c
1785000904453,0,current_c
1785000904454,0,current_c
1785000904455,0,current_c
1785000904456,0,current_c
1785000904457,0,current_c
1785000904458,0,current_c
1785000904459,0,current_c
1785000904460,0,current_c
1785000904461,0,current_c
1785000904462,0,current_c
1785000904463,0,current_c
1785000904464,0,current_c
1785000904465,0,current_c
1785000904466,0,current_c
1785000904467,0,current_c
1785000904468,0,current_c
1785000904469,0,current_c
1785000904470,0,current_a
1785000904471,0,current_a
1785000904472,0,current_a
1785000904473,0,current_a
1785000904474,0,current_a
1785000904475,0,current_a
1785000904476,0,current_a
1785000904477,0,current_a
1785000904478,0,current_a
1785000904479,0,current_a
1785000904480,0,current_a
1785000904481,0,current_a
1785000904482,0,current_a
1785000904483,0,current_a
1785000904484,0,current_a
1785000904485,0,current_a
1785000904486,0,current_a
1785000904487,0,current_a
1785000904488,0,current_a
1785000904489,0,current_a
1785000904490,0,current_a
1785000904491,0,current_a
1785000904492,0,current_a
1785000904470,0,current_b
1785000904471,0,current_b
1785000904472,0,current_b
1785000904473,0,current_b
1785000904474,0,current_b
1785000904475,0,current_b
1785000904476,0,current_b
1785000904477,0,current_b
1785000904478,0,current_b
1785000904479,0,current_b
1785000904480,0,current_b
1785000904481,0,current_b
1785000904482,0,current_b
1785000904483,0,current_b
1785000904484,0,current_b
1785000904485,0,current_b
1785000904486,0,current_b
1785000904487,0,current_b
1785000904488,0,current_b
1785000904489,0,current_b
1785000904490,0,current_b
1785000904491,0,current_b
1785000904492,0,current_b
1785000904470,0,current_c
1785000904471,0,current_c
1785000904472,0,current_c
1785000904473,0,current_c
1785000904474,0,current_c
1785000904475,0,current_c
1785000904476,0,current_c
1785000904477,0,current_c
1785000904478,0,current_c
1785000904479,0,current_c
1785000904480,0,current_c
1785000904481,0,current_c
1785000904482,0,current_c
1785000904483,0,current_c
1785000904484,0,current_c
1785000904485,0,current_c
1785000904486,0,current_c
1785000904487,0,current_c
1785000904488,0,current_c
1785000904489,0,current_c
1785000904490,0,current_c
1785000904491,0,current_c
1785000904492,0,current_c
1785000923331,,current_a
1785000923331,,current_b
1785000923331,,current_c
1785000923331,0,current_a
1785000923332,0,current_a
1785000923332,0,current_a
1785000923333,0,current_a
1785000923333,0,current_a
1785000923334,0,current_a
1785000923335,0,current_a
1785000923336,0,current_a
1785000923337,0,current_a
1785000923338,0,current_a
1785000923339,0,current_a
1785000923340,0,current_a
1785000923341,0,current_a
1785000923342,0,current_a
1785000923343,0,current_a
1785000923344,0,current_a
1785000923345,0,current_a
1785000923346,0,current_a
1785000923347,0,current_a
1785000923348,0,current_a
1785000923349,0,current_a
1785000923350,0,current_a
1785000923351,0,current_a
1785000923352,0,current_a
1785000923353,0,current_a
1785000923354,0,current_a
1785000923355,0,current_a
1785000923356,0,current_a
1785000923357,0,current_a
1785000923358,0,current_a
1785000923359,0,current_a
1785000923360,0,current_a
1785000923361,0,current_a
1785000923362,0,current_a
1785000923363,0,current_a
1785000923364,0,current_a
1785000923365,0,current_a
1785000923366,0,current_a
1785000923367,0,current_a
1785000923368,0,current_a
1785000923369,0,current_a
1785000923370,0,current_a
1785000923371,0,current_a
1785000923372,0,current_a
1785000923373,0,current_a
1785000923374,0,current_a
1785000923375,0,current_a
1785000923376,0,current_a
1785000923377,0,current_a
1785000923378,0,current_a
1785000923379,0,current_a
1785000923380,0,current_a
1785000923381,0,current_a
1785000923382,0,current_a
1785000923331,0,current_b
1785000923332,0,current_b
1785000923332,0,current_b
1785000923333,0,current_b
1785000923333,0,current_b
1785000923334,0,current_b
1785000923335,0,current_b
1785000923336,0,current_b
1785000923337,0,current_b
1785000923338,0,current_b
1785000923339,0,current_b
1785000923340,0,current_b
1785000923341,0,current_b
1785000923342,0,current_b
1785000923343,0,current_b
1785000923344,0,current_b
1785000923345,0,current_b
1785000923346,0,current_b
1785000923347,0,current_b
1785000923348,0,current_b
1785000923349,0,current_b
1785000923350,0,current_b
1785000923351,0,current_b
1785000923352,0,current_b
1785000923353,0,current_b
1785000923354,0,current_b
1785000923355,0,current_b
1785000923356,0,current_b
1785000923357,0,current_b
1785000923358,0,current_b
1785000923359,0,current_b
1785000923360,0,current_b
1785000923361,0,current_b
1785000923362,0,current_b
1785000923363,0,current_b
1785000923364,0,current_b
1785000923365,0,current_b
1785000923366,0,current_b
1785000923367,0,current_b
1785000923368,0,current_b
1785000923369,0,current_b
1785000923370,0,current_b
1785000923371,0,current_b
1785000923372,0,current_b
1785000923373,0,current_b
1785000923374,0,current_b
1785000923375,0,current_b
1785000923376,0,current_b
1785000923377,0,current_b
1785000923378,0,current_b
1785000923379,0,current_b
1785000923380,0,current_b
1785000923381,0,current_b
1785000923382,0,current_b
1785000923331,0,current_c
1785000923332,0,current_c
1785000923332,0,current_c
1785000923333,0,current_c
1785000923333,0,current_c
1785000923334,0,current_c
1785000923335,0,current_c
1785000923336,0,current_c
1785000923337,0,current_c
1785000923338,0,current_c
1785000923339,0,current_c
1785000923340,0,current_c
1785000923341,0,current_c
1785000923342,0,current_c
1785000923343,0,current_c
1785000923344,0,current_c
1785000923345,0,current_c
1785000923346,0,current_c
1785000923347,0,current_c
1785000923348,0,current_c
1785000923349,0,current_c
1785000923350,0,current_c
1785000923351,0,current_c
1785000923352,0,current_c
1785000923353,0,current_c
1785000923354,0,current_c
1785000923355,0,current_c
1785000923356,0,current_c
1785000923357,0,current_c
1785000923358,0,current_c
1785000923359,0,current_c
1785000923360,0,current_c
1785000923361,0,current_c
1785000923362,0,current_c
1785000923363,0,current_c
1785000923364,0,current_c
1785000923365,0,current_c
1785000923366,0,current_c
1785000923367,0,current_c
1785000923368,0,current_c
1785000923369,0,current_c
1785000923370,0,current_c
1785000923371,0,current_c
1785000923372,0,current_c
1785000923373,0,current_c
1785000923374,0,current_c
1785000923375,0,current_c
1785000923376,0,current_c
1785000923377,0,current_c
1785000923378,0,current_c
1785000923379,0,current_c
1785000923380,0,current_c
1785000923381,0,current_c
1785000923382,0,current_c
1785000923383,0,current_a
1785000923384,0,current_a
1785000923385,0,current_a
1785000923386,0,current_a
1785000923387,0,current_a
1785000923388,0,current_a
1785000923389,0,current_a
1785000923390,0,current_a
1785000923391,0,current_a
1785000923392,0,current_a
1785000923393,0,current_a
1785000923394,0,current_a
1785000923395,0,current_a
1785000923396,0,current_a
1785000923397,0,current_a
1785000923398,0,current_a
1785000923399,0,current_a
1785000923400,0,current_a
1785000923401,0,current_a
1785000923402,0,current_a
1785000923403,0,current_a
1785000923404,0,current_a
1785000923405,0,current_a
1785000923406,0,current_a
1785000923407,0,current_a
1785000923408,0,current_a
1785000923409,0,current_a
1785000923410,0,current_a
1785000923411,0,current_a
1785000923412,0,current_a
1785000923413,0,current_a
1785000923414,0,current_a
1785000923415,0,current_a
1785000923416,0,current_a
1785000923417,0,current_a
1785000923418,0,current_a
1785000923419,0,current_a
1785000923420,0,current_a
1785000923421,0,current_a
1785000923422,0,current_a
1785000923423,0,current_a
1785000923424,0,current_a
1785000923425,0,current_a
1785000923426,0,current_a
1785000923427,0,current_a
1785000923428,0,current_a
1785000923429,0,current_a
1785000923430,0,current_a
1785000923431,0,current_a
1785000923383,0,current_b
1785000923384,0,current_b
1785000923385,0,current_b
1785000923386,0,current_b
1785000923387,0,current_b
1785000923388,0,current_b
1785000923389,0,current_b
1785000923390,0,current_b
1785000923391,0,current_b
1785000923392,0,current_b
1785000923393,0,current_b
1785000923394,0,current_b
1785000923395,0,current_b
1785000923396,0,current_b
1785000923397,0,current_b
1785000923398,0,current_b
1785000923399,0,current_b
1785000923400,0,current_b
1785000923401,0,current_b
1785000923402,0,current_b
1785000923403,0,current_b
1785000923404,0,current_b
1785000923405,0,current_b
1785000923406,0,current_b
1785000923407,0,current_b
1785000923408,0,current_b
1785000923409,0,current_b
1785000923410,0,current_b
1785000923411,0,current_b
1785000923412,0,current_b
1785000923413,0,current_b
1785000923414,0,current_b
1785000923415,0,current_b
1785000923416,0,current_b
1785000923417,0,current_b
1785000923418,0,current_b
1785000923419,0,current_b
1785000923420,0,current_b
1785000923421,0,current_b
1785000923422,0,current_b
1785000923423,0,current_b
1785000923424,0,current_b
1785000923425,0,current_b
1785000923426,0,current_b
1785000923427,0,current_b
1785000923428,0,current_b
1785000923429,0,current_b
1785000923430,0,current_b
1785000923431,0,current_b
1785000923383,0,current_c
1785000923384,0,current_c
1785000923385,0,current_c
1785000923386,0,current_c
1785000923387,0,current_c
1785000923388,0,current_c
1785000923389,0,current_c
1785000923390,0,current_c
1785000923391,0,current_c
1785000923392,0,current_c
1785000923393,0,current_c
1785000923394,0,current_c
1785000923395,0,current_c
1785000923396,0,current_c
1785000923397,0,current_c
1785000923398,0,current_c
1785000923399,0,current_c
1785000923400,0,current_c
1785000923401,0,current_c
1785000923402,0,current_c
1785000923403,0,current_c
1785000923404,0,current_c
1785000923405,0,current_c
1785000923406,0,current_c
1785000923407,0,current_c
1785000923408,0,current_c
1785000923409,0,current_c
1785000923410,0,current_c
1785000923411,0,current_c
1785000923412,0,current_c
1785000923413,0,current_c
1785000923414,0,current_c
1785000923415,0,current_c
1785000923416,0,current_c
1785000923417,0,current_c
1785000923418,0,current_c
1785000923419,0,current_c
1785000923420,0,current_c
1785000923421,0,current_c
1785000923422,0,current_c
1785000923423,0,current_c
1785000923424,0,current_c
1785000923425,0,current_c
1785000923426,0,current_c
1785000923427,0,current_c
1785000923428,0,current_c
1785000923429,0,current_c
1785000923430,0,current_c
1785000923431,0,current_c
1785000923432,0,current_a
1785000923433,0,current_a
1785000923434,0,current_a
1785000923435,0,current_a
1785000923436,0,current_a
1785000923437,0,current_a
1785000923438,0,current_a
1785000923439,0,current_a
1785000923440,0,current_a
1785000923441,0,current_a
1785000923442,0,current_a
1785000923443,0,current_a
1785000923444,0,current_a
1785000923445,0,current_a
1785000923446,0,current_a
1785000923447,0,current_a
1785000923448,0,current_a
1785000923449,0,current_a
1785000923450,0,current_a
1785000923451,0,current_a
1785000923452,0,current_a
1785000923453,0,current_a
1785000923454,0,current_a
1785000923455,0,current_a
1785000923456,0,current_a
1785000923457,0,current_a
1785000923458,0,current_a
1785000923459,0,current_a
1785000923460,0,current_a
1785000923461,0,current_a
1785000923462,0,current_a
1785000923463,0,current_a
1785000923464,0,current_a
1785000923465,0,current_a
1785000923466,0,current_a
1785000923467,0,current_a
1785000923468,0,current_a
1785000923469,0,current_a
1785000923470,0,current_a
1785000923471,0,current_a
1785000923472,0,current_a
1785000923473,0,current_a
1785000923474,0,current_a
1785000923475,0,current_a
1785000923476,0,current_a
1785000923477,0,current_a
1785000923478,0,current_a
1785000923479,0,current_a
1785000923480,0,current_a
1785000923481,0,current_a
1785000923482,0,current_a
1785000923432,0,current_b
1785000923433,0,current_b
1785000923434,0,current_b
1785000923435,0,current_b
1785000923436,0,current_b
1785000923437,0,current_b
1785000923438,0,current_b
1785000923439,0,current_b
1785000923440,0,current_b
1785000923441,0,current_b
1785000923442,0,current_b
1785000923443,0,current_b
1785000923444,0,current_b
1785000923445,0,current_b
1785000923446,0,current_b
1785000923447,0,current_b
1785000923448,0,current_b
1785000923449,0,current_b
1785000923450,0,current_b
1785000923451,0,current_b
1785000923452,0,current_b
1785000923453,0,current_b
1785000923454,0,current_b
1785000923455,0,current_b
1785000923456,0,current_b
1785000923457,0,current_b
1785000923458,0,current_b
1785000923459,0,current_b
1785000923460,0,current_b
1785000923461,0,current_b
1785000923462,0,current_b
1785000923463,0,current_b
1785000923464,0,current_b
1785000923465,0,current_b
1785000923466,0,current_b
1785000923467,0,current_b
1785000923468,0,current_b
1785000923469,0,current_b
1785000923470,0,current_b
1785000923471,0,current_b
1785000923472,0,current_b
1785000923473,0,current_b
1785000923474,0,current_b
1785000923475,0,current_b
1785000923476,0,current_b
1785000923477,0,current_b
1785000923478,0,current_b
1785000923479,0,current_b
1785000923480,0,current_b
1785000923481,0,current_b
1785000923482,0,current_b
1785000923432,0,current_c
1785000923433,0,current_c
1785000923434,0,current_c
1785000923435,0,current_c
1785000923436,0,current_c
1785000923437,0,current_c
1785000923438,0,current_c
1785000923439,0,current_c
1785000923440,0,current_c
1785000923441,0,current_c
1785000923442,0,current_c
1785000923443,0,current_c
1785000923444,0,current_c
1785000923445,0,current_c
1785000923446,0,current_c
1785000923447,0,current_c
1785000923448,0,current_c
1785000923449,0,current_c
1785000923450,0,current_c
1785000923451,0,current_c
1785000923452,0,current_c
1785000923453,0,current_c
1785000923454,0,current_c
1785000923455,0,current_c
1785000923456,0,current_c
1785000923457,0,current_c
1785000923458,0,current_c
1785000923459,0,current_c
1785000923460,0,current_c
1785000923461,0,current_c
1785000923462,0,current_c
1785000923463,0,current_c
1785000923464,0,current_c
1785000923465,0,current_c
1785000923466,0,current_c
1785000923467,0,current_c
1785000923468,0,current_c
1785000923469,0,current_c
1785000923470,0,current_c
1785000923471,0,current_c
1785000923472,0,current_c
1785000923473,0,current_c
1785000923474,0,current_c
1785000923475,0,current_c
1785000923476,0,current_c
1785000923477,0,current_c
1785000923478,0,current_c
1785000923479,0,current_c
1785000923480,0,current_c
1785000923481,0,current_c
1785000923482,0,current_c
1785000923483,0,current_a
1785000923484,0,current_a
1785000923485,0,current_a
1785000923486,0,current_a
1785000923487,0,current_a
1785000923488,0,current_a
1785000923489,0,current_a
1785000923490,0,current_a
1785000923491,0,current_a
1785000923492,0,current_a
1785000923493,0,current_a
1785000923494,0,current_a
1785000923495,0,current_a
1785000923496,0,current_a
1785000923497,0,current_a
1785000923498,0,current_a
1785000923499,0,current_a
1785000923500,0,current_a
1785000923501,0,current_a
1785000923502,0,current_a
1785000923503,0,current_a
1785000923504,0,current_a
1785000923505,0,current_a
1785000923506,0,current_a
1785000923507,0,current_a
1785000923508,0,current_a
1785000923509,0,current_a
1785000923510,0,current_a
1785000923511,0,current_a
1785000923512,0,current_a
1785000923513,0,current_a
1785000923514,0,current_a
1785000923515,0,current_a
1785000923516,0,current_a
1785000923517,0,current_a
1785000923518,0,current_a
1785000923519,0,current_a
1785000923520,0,current_a
1785000923521,0,current_a
1785000923522,0,current_a
1785000923523,0,current_a
1785000923524,0,current_a
1785000923525,0,current_a
1785000923526,0,current_a
1785000923527,0,current_a
1785000923528,0,current_a
1785000923529,0,current_a
1785000923530,0,current_a
1785000923531,0,current_a
1785000923532,0,current_a
1785000923483,0,current_b
1785000923484,0,current_b
1785000923485,0,current_b
1785000923486,0,current_b
1785000923487,0,current_b
1785000923488,0,current_b
1785000923489,0,current_b
1785000923490,0,current_b
1785000923491,0,current_b
1785000923492,0,current_b
1785000923493,0,current_b
1785000923494,0,current_b
1785000923495,0,current_b
1785000923496,0,current_b
1785000923497,0,current_b
1785000923498,0,current_b
1785000923499,0,current_b
1785000923500,0,current_b
1785000923501,0,current_b
1785000923502,0,current_b
1785000923503,0,current_b
1785000923504,0,current_b
1785000923505,0,current_b
1785000923506,0,current_b
1785000923507,0,current_b
1785000923508,0,current_b
1785000923509,0,current_b
1785000923510,0,current_b
1785000923511,0,current_b
1785000923512,0,current_b
1785000923513,0,current_b
1785000923514,0,current_b
1785000923515,0,current_b
1785000923516,0,current_b
1785000923517,0,current_b
1785000923518,0,current_b
1785000923519,0,current_b
1785000923520,0,current_b
1785000923521,0,current_b
1785000923522,0,current_b
1785000923523,0,current_b
1785000923524,0,current_b
1785000923525,0,current_b
1785000923526,0,current_b
1785000923527,0,current_b
1785000923528,0,current_b
1785000923529,0,current_b
1785000923530,0,current_b
1785000923531,0,current_b
1785000923532,0,current_b
1785000923483,0,current_c
1785000923484,0,current_c
1785000923485,0,current_c
1785000923486,0,current_c
1785000923487,0,current_c
1785000923488,0,current_c
1785000923489,0,current_c
1785000923490,0,current_c
1785000923491,0,current_c
1785000923492,0,current_c
1785000923493,0,current_c
1785000923494,0,current_c
1785000923495,0,current_c
1785000923496,0,current_c
1785000923497,0,current_c
1785000923498,0,current_c
1785000923499,0,current_c
1785000923500,0,current_c
1785000923501,0,current_c
1785000923502,0,current_c
1785000923503,0,current_c
1785000923504,0,current_c
1785000923505,0,current_c
1785000923506,0,current_c
1785000923507,0,current_c
1785000923508,0,current_c
1785000923509,0,current_c
1785000923510,0,current_c
1785000923511,0,current_c
1785000923512,0,current_c
1785000923513,0,current_c
1785000923514,0,current_c
1785000923515,0,current_c
1785000923516,0,current_c
1785000923517,0,current_c
1785000923518,0,current_c
1785000923519,0,current_c
1785000923520,0,current_c
1785000923521,0,current_c
1785000923522,0,current_c
1785000923523,0,current_c
1785000923524,0,current_c
1785000923525,0,current_c
1785000923526,0,current_c
1785000923527,0,current_c
1785000923528,0,current_c
1785000923529,0,current_c
1785000923530,0,current_c
1785000923531,0,current_c
1785000923532,0,current_c
1785000923533,0,current_a
1785000923534,0,current_a
1785000923535,0,current_a
1785000923536,0,current_a
1785000923537,0,current_a
1785000923538,0,current_a
1785000923539,0,current_a
1785000923540,0,current_a
1785000923541,0,current_a
1785000923542,0,current_a
1785000923543,0,current_a
1785000923544,0,current_a
1785000923545,0,current_a
1785000923546,0,current_a
1785000923547,0,current_a
1785000923548,0,current_a
1785000923549,0,current_a
1785000923550,0,current_a
1785000923551,0,current_a
1785000923552,0,current_a
1785000923553,0,current_a
1785000923554,0,current_a
1785000923555,0,current_a
1785000923556,0,current_a
1785000923557,0,current_a
1785000923558,0,current_a
1785000923559,0,current_a
1785000923560,0,current_a
1785000923561,0,current_a
1785000923562,0,current_a
1785000923563,0,current_a
1785000923564,0,current_a
1785000923565,0,current_a
1785000923566,0,current_a
1785000923567,0,current_a
1785000923568,0,current_a
1785000923569,0,current_a
1785000923570,0,current_a
1785000923571,0,current_a
1785000923572,0,current_a
1785000923573,0,current_a
1785000923574,0,current_a
1785000923575,0,current_a
1785000923576,0,current_a
1785000923577,0,current_a
1785000923578,0,current_a
1785000923579,0,current_a
1785000923580,0,current_a
1785000923581,0,current_a
1785000923582,0,current_a
1785000923533,0,current_b
1785000923534,0,current_b
1785000923535,0,current_b
1785000923536,0,current_b
1785000923537,0,current_b
1785000923538,0,current_b
1785000923539,0,current_b
1785000923540,0,current_b
1785000923541,0,current_b
1785000923542,0,current_b
1785000923543,0,current_b
1785000923544,0,current_b
1785000923545,0,current_b
1785000923546,0,current_b
1785000923547,0,current_b
1785000923548,0,current_b
1785000923549,0,current_b
1785000923550,0,current_b
1785000923551,0,current_b
1785000923552,0,current_b
1785000923553,0,current_b
1785000923554,0,current_b
1785000923555,0,current_b
1785000923556,0,current_b
1785000923557,0,current_b
1785000923558,0,current_b
1785000923559,0,current_b
1785000923560,0,current_b
1785000923561,0,current_b
1785000923562,0,current_b
1785000923563,0,current_b
1785000923564,0,current_b
1785000923565,0,current_b
1785000923566,0,current_b
1785000923567,0,current_b
1785000923568,0,current_b
1785000923569,0,current_b
1785000923570,0,current_b
1785000923571,0,current_b
1785000923572,0,current_b
1785000923573,0,current_b
1785000923574,0,current_b
1785000923575,0,current_b
1785000923576,0,current_b
1785000923577,0,current_b
1785000923578,0,current_b
1785000923579,0,current_b
1785000923580,0,current_b
1785000923581,0,current_b
1785000923582,0,current_b
1785000923533,0,current_c
1785000923534,0,current_c
1785000923535,0,current_c
1785000923536,0,current_c
1785000923537,0,current_c
1785000923538,0,current_c
1785000923539,0,current_c
1785000923540,0,current_c
1785000923541,0,current_c
1785000923542,0,current_c
1785000923543,0,current_c
1785000923544,0,current_c
1785000923545,0,current_c
1785000923546,0,current_c
1785000923547,0,current_c
1785000923548,0,current_c
1785000923549,0,current_c
1785000923550,0,current_c
1785000923551,0,current_c
1785000923552,0,current_c
1785000923553,0,current_c
1785000923554,0,current_c
1785000923555,0,current_c
1785000923556,0,current_c
1785000923557,0,current_c
1785000923558,0,current_c
1785000923559,0,current_c
1785000923560,0,current_c
1785000923561,0,current_c
1785000923562,0,current_c
1785000923563,0,current_c
1785000923564,0,current_c
1785000923565,0,current_c
1785000923566,0,current_c
1785000923567,0,current_c
1785000923568,0,current_c
1785000923569,0,current_c
1785000923570,0,current_c
1785000923571,0,current_c
1785000923572,0,current_c
1785000923573,0,current_c
1785000923574,0,current_c
1785000923575,0,current_c
1785000923576,0,current_c
1785000923577,0,current_c
1785000923578,0,current_c
1785000923579,0,current_c
1785000923580,0,current_c
1785000923581,0,current_c
1785000923582,0,current_c
1785000923583,0,current_a
1785000923584,0,current_a
1785000923585,0,current_a
1785000923586,0,current_a
1785000923587,0,current_a
1785000923588,0,current_a
1785000923589,0,current_a
1785000923590,0,current_a
1785000923591,0,current_a
1785000923592,0,current_a
1785000923593,0,current_a
1785000923594,0,current_a
1785000923595,0,current_a
1785000923596,0,current_a
1785000923597,0,current_a
1785000923598,0,current_a
1785000923599,0,current_a
1785000923600,0,current_a
1785000923601,0,current_a
1785000923602,0,current_a
1785000923603,0,current_a
1785000923604,0,current_a
1785000923605,0,current_a
1785000923606,0,current_a
1785000923607,0,current_a
1785000923608,0,current_a
1785000923609,0,current_a
1785000923610,0,current_a
1785000923611,0,current_a
1785000923612,0,current_a
1785000923613,0,current_a
1785000923614,0,current_a
1785000923615,0,current_a
1785000923616,0,current_a
1785000923617,0,current_a
1785000923618,0,current_a
1785000923619,0,current_a
1785000923620,0,current_a
1785000923621,0,current_a
1785000923622,0,current_a
1785000923623,0,current_a
1785000923624,0,current_a
1785000923625,0,current_a
1785000923626,0,current_a
1785000923627,0,current_a
1785000923628,0,current_a
1785000923629,0,current_a
1785000923630,0,current_a
1785000923631,0,current_a
1785000923632,0,current_a
1785000923583,0,current_b
1785000923584,0,current_b
1785000923585,0,current_b
1785000923586,0,current_b
1785000923587,0,current_b
1785000923588,0,current_b
1785000923589,0,current_b
1785000923590,0,current_b
1785000923591,0,current_b
1785000923592,0,current_b
1785000923593,0,current_b
1785000923594,0,current_b
1785000923595,0,current_b
1785000923596,0,current_b
1785000923597,0,current_b
1785000923598,0,current_b
1785000923599,0,current_b
1785000923600,0,current_b
1785000923601,0,current_b
1785000923602,0,current_b
1785000923603,0,current_b
1785000923604,0,current_b
1785000923605,0,current_b
1785000923606,0,current_b
1785000923607,0,current_b
1785000923608,0,current_b
1785000923609,0,current_b
1785000923610,0,current_b
1785000923611,0,current_b
1785000923612,0,current_b
1785000923613,0,current_b
1785000923614,0,current_b
1785000923615,0,current_b
1785000923616,0,current_b
1785000923617,0,current_b
1785000923618,0,current_b
1785000923619,0,current_b
1785000923620,0,current_b
1785000923621,0,current_b
1785000923622,0,current_b
1785000923623,0,current_b
1785000923624,0,current_b
1785000923625,0,current_b
1785000923626,0,current_b
1785000923627,0,current_b
1785000923628,0,current_b
1785000923629,0,current_b
1785000923630,0,current_b
1785000923631,0,current_b
1785000923632,0,current_b
1785000923583,0,current_c
1785000923584,0,current_c
1785000923585,0,current_c
1785000923586,0,current_c
1785000923587,0,current_c
1785000923588,0,current_c
1785000923589,0,current_c
1785000923590,0,current_c
1785000923591,0,current_c
1785000923592,0,current_c
1785000923593,0,current_c
1785000923594,0,current_c
1785000923595,0,current_c
1785000923596,0,current_c
1785000923597,0,current_c
1785000923598,0,current_c
1785000923599,0,current_c
1785000923600,0,current_c
1785000923601,0,current_c
1785000923602,0,current_c
1785000923603,0,current_c
1785000923604,0,current_c
1785000923605,0,current_c
1785000923606,0,current_c
1785000923607,0,current_c
1785000923608,0,current_c
1785000923609,0,current_c
1785000923610,0,current_c
1785000923611,0,current_c
1785000923612,0,current_c
1785000923613,0,current_c
1785000923614,0,current_c
1785000923615,0,current_c
1785000923616,0,current_c
1785000923617,0,current_c
1785000923618,0,current_c
1785000923619,0,current_c
1785000923620,0,current_c
1785000923621,0,current_c
1785000923622,0,current_c
1785000923623,0,current_c
1785000923624,0,current_c
1785000923625,0,current_c
1785000923626,0,current_c
1785000923627,0,current_c
1785000923628,0,current_c
1785000923629,0,current_c
1785000923630,0,current_c
1785000923631,0,current_c
1785000923632,0,current_c
1785000923633,0,current_a
1785000923634,0,current_a
1785000923635,0,current_a
1785000923636,0,current_a
1785000923637,0,current_a
1785000923638,0,current_a
1785000923639,0,current_a
1785000923640,0,current_a
1785000923641,0,current_a
1785000923642,0,current_a
1785000923643,0,current_a
1785000923644,0,current_a
1785000923645,0,current_a
1785000923646,0,current_a
1785000923647,0,current_a
1785000923648,0,current_a
1785000923649,0,current_a
1785000923650,0,current_a
1785000923651,0,current_a
1785000923652,0,current_a
1785000923653,0,current_a
1785000923654,0,current_a
1785000923655,0,current_a
1785000923656,0,current_a
1785000923657,0,current_a
1785000923658,0,current_a
1785000923659,0,current_a
1785000923660,0,current_a
1785000923661,0,current_a
1785000923662,0,current_a
1785000923663,0,current_a
1785000923664,0,current_a
1785000923665,0,current_a
1785000923666,0,current_a
1785000923667,0,current_a
1785000923668,0,current_a
1785000923669,0,current_a
1785000923670,0,current_a
1785000923671,0,current_a
1785000923672,0,current_a
1785000923673,0,current_a
1785000923674,0,current_a
1785000923675,0,current_a
1785000923676,0,current_a
1785000923677,0,current_a
1785000923678,0,current_a
1785000923679,0,current_a
1785000923680,0,current_a
1785000923681,0,current_a
1785000923682,0,current_a
1785000923633,0,current_b
1785000923634,0,current_b
1785000923635,0,current_b
1785000923636,0,current_b
1785000923637,0,current_b
1785000923638,0,current_b
1785000923639,0,current_b
1785000923640,0,current_b
1785000923641,0,current_b
1785000923642,0,current_b
1785000923643,0,current_b
1785000923644,0,current_b
1785000923645,0,current_b
1785000923646,0,current_b
1785000923647,0,current_b
1785000923648,0,current_b
1785000923649,0,current_b
1785000923650,0,current_b
1785000923651,0,current_b
1785000923652,0,current_b
1785000923653,0,current_b
1785000923654,0,current_b
1785000923655,0,current_b
1785000923656,0,current_b
1785000923657,0,current_b
1785000923658,0,current_b
1785000923659,0,current_b
1785000923660,0,current_b
1785000923661,0,current_b
1785000923662,0,current_b
1785000923663,0,current_b
1785000923664,0,current_b
1785000923665,0,current_b
1785000923666,0,current_b
1785000923667,0,current_b
1785000923668,0,current_b
1785000923669,0,current_b
1785000923670,0,current_b
1785000923671,0,current_b
1785000923672,0,current_b
1785000923673,0,current_b
1785000923674,0,current_b
1785000923675,0,current_b
1785000923676,0,current_b
1785000923677,0,current_b
1785000923678,0,current_b
1785000923679,0,current_b
1785000923680,0,current_b
1785000923681,0,current_b
1785000923682,0,current_b
1785000923633,0,current_c
1785000923634,0,current_c
1785000923635,0,current_c
1785000923636,0,current_c
1785000923637,0,current_c
1785000923638,0,current_c
1785000923639,0,current_c
1785000923640,0,current_c
1785000923641,0,current_c
1785000923642,0,current_c
1785000923643,0,current_c
1785000923644,0,current_c
1785000923645,0,current_c
1785000923646,0,current_c
1785000923647,0,current_c
1785000923648,0,current_c
1785000923649,0,current_c
1785000923650,0,current_c
1785000923651,0,current_c
1785000923652,0,current_c
1785000923653,0,current_c
1785000923654,0,current_c
1785000923655,0,current_c
1785000923656,0,current_c
1785000923657,0,current_c
1785000923658,0,current_c
1785000923659,0,current_c
1785000923660,0,current_c
1785000923661,0,current_c
1785000923662,0,current_c
1785000923663,0,current_c
1785000923664,0,current_c
1785000923665,0,current_c
1785000923666,0,current_c
1785000923667,0,current_c
1785000923668,0,current_c
1785000923669,0,current_c
1785000923670,0,current_c
1785000923671,0,current_c
1785000923672,0,current_c
1785000923673,0,current_c
1785000923674,0,current_c
1785000923675,0,current_c
1785000923676,0,current_c
1785000923677,0,current_c
1785000923678,0,current_c
1785000923679,0,current_c
1785000923680,0,current_c
1785000923681,0,current_c
1785000923682,0,current_c
1785000923683,0,current_a
1785000923684,0,current_a
1785000923685,0,current_a
1785000923686,0,current_a
1785000923687,0,current_a
1785000923688,0,current_a
1785000923689,0,current_a
1785000923690,0,current_a
1785000923691,0,current_a
1785000923692,0,current_a
1785000923693,0,current_a
1785000923694,0,current_a
1785000923695,0,current_a
1785000923696,0,current_a
1785000923697,0,current_a
1785000923698,0,current_a
1785000923699,0,current_a
1785000923700,0,current_a
1785000923701,0,current_a
1785000923702,0,current_a
1785000923703,0,current_a
1785000923704,0,current_a
1785000923705,0,current_a
1785000923706,0,current_a
1785000923707,0,current_a
1785000923708,0,current_a
1785000923709,0,current_a
1785000923710,0,current_a
1785000923711,0,current_a
1785000923712,0,current_a
1785000923713,0,current_a
1785000923714,0,current_a
1785000923715,0,current_a
1785000923716,0,current_a
1785000923717,0,current_a
1785000923718,0,current_a
1785000923719,0,current_a
1785000923720,0,current_a
1785000923721,0,current_a
1785000923722,0,current_a
1785000923723,0,current_a
1785000923724,0,current_a
1785000923725,0,current_a
1785000923726,0,current_a
1785000923727,0,current_a
1785000923728,0,current_a
1785000923729,0,current_a
1785000923730,0,current_a
1785000923731,0,current_a
1785000923683,0,current_b
1785000923684,0,current_b
1785000923685,0,current_b
1785000923686,0,current_b
1785000923687,0,current_b
1785000923688,0,current_b
1785000923689,0,current_b
1785000923690,0,current_b
1785000923691,0,current_b
1785000923692,0,current_b
1785000923693,0,current_b
1785000923694,0,current_b
1785000923695,0,current_b
1785000923696,0,current_b
1785000923697,0,current_b
1785000923698,0,current_b
1785000923699,0,current_b
1785000923700,0,current_b
1785000923701,0,current_b
1785000923702,0,current_b
1785000923703,0,current_b
1785000923704,0,current_b
1785000923705,0,current_b
1785000923706,0,current_b
1785000923707,0,current_b
1785000923708,0,current_b
1785000923709,0,current_b
1785000923710,0,current_b
1785000923711,0,current_b
1785000923712,0,current_b
1785000923713,0,current_b
1785000923714,0,current_b
1785000923715,0,current_b
1785000923716,0,current_b
1785000923717,0,current_b
1785000923718,0,current_b
1785000923719,0,current_b
1785000923720,0,current_b
1785000923721,0,current_b
1785000923722,0,current_b
1785000923723,0,current_b
1785000923724,0,current_b
1785000923725,0,current_b
1785000923726,0,current_b
1785000923727,0,current_b
1785000923728,0,current_b
1785000923729,0,current_b
1785000923730,0,current_b
1785000923731,0,current_b
1785000923683,0,current_c
1785000923684,0,current_c
1785000923685,0,current_c
1785000923686,0,current_c
1785000923687,0,current_c
1785000923688,0,current_c
1785000923689,0,current_c
1785000923690,0,current_c
1785000923691,0,current_c
1785000923692,0,current_c
1785000923693,0,current_c
1785000923694,0,current_c
1785000923695,0,current_c
1785000923696,0,current_c
1785000923697,0,current_c
1785000923698,0,current_c
1785000923699,0,current_c
1785000923700,0,current_c
1785000923701,0,current_c
1785000923702,0,current_c
1785000923703,0,current_c
1785000923704,0,current_c
1785000923705,0,current_c
1785000923706,0,current_c
1785000923707,0,current_c
1785000923708,0,current_c
1785000923709,0,current_c
1785000923710,0,current_c
1785000923711,0,current_c
1785000923712,0,current_c
1785000923713,0,current_c
1785000923714,0,current_c
1785000923715,0,current_c
1785000923716,0,current_c
1785000923717,0,current_c
1785000923718,0,current_c
1785000923719,0,current_c
1785000923720,0,current_c
1785000923721,0,current_c
1785000923722,0,current_c
1785000923723,0,current_c
1785000923724,0,current_c
1785000923725,0,current_c
1785000923726,0,current_c
1785000923727,0,current_c
1785000923728,0,current_c
1785000923729,0,current_c
1785000923730,0,current_c
1785000923731,0,current_c
1785000923732,0,current_a
1785000923733,0,current_a
1785000923734,0,current_a
1785000923735,0,current_a
1785000923736,0,current_a
1785000923737,0,current_a
1785000923738,0,current_a
1785000923739,0,current_a
1785000923740,0,current_a
1785000923741,0,current_a
1785000923742,0,current_a
1785000923743,0,current_a
1785000923744,0,current_a
1785000923745,0,current_a
1785000923746,0,current_a
1785000923747,0,current_a
1785000923748,0,current_a
1785000923749,0,current_a
1785000923750,0,current_a
1785000923751,0,current_a
1785000923752,0,current_a
1785000923753,0,current_a
1785000923754,0,current_a
1785000923755,0,current_a
1785000923756,0,current_a
1785000923757,0,current_a
1785000923758,0,current_a
1785000923759,0,current_a
1785000923760,0,current_a
1785000923761,0,current_a
1785000923762,0,current_a
1785000923763,0,current_a
1785000923764,0,current_a
1785000923765,0,current_a
1785000923766,0,current_a
1785000923767,0,current_a
1785000923768,0,current_a
1785000923769,0,current_a
1785000923770,0,current_a
1785000923771,0,current_a
1785000923772,0,current_a
1785000923773,0,current_a
1785000923774,0,current_a
1785000923775,0,current_a
1785000923776,0,current_a
1785000923777,0,current_a
1785000923778,0,current_a
1785000923779,0,current_a
1785000923780,0,current_a
1785000923781,0,current_a
1785000923782,0,current_a
1785000923732,0,current_b
1785000923733,0,current_b
1785000923734,0,current_b
1785000923735,0,current_b
1785000923736,0,current_b
1785000923737,0,current_b
1785000923738,0,current_b
1785000923739,0,current_b
1785000923740,0,current_b
1785000923741,0,current_b
1785000923742,0,current_b
1785000923743,0,current_b
1785000923744,0,current_b
1785000923745,0,current_b
1785000923746,0,current_b
1785000923747,0,current_b
1785000923748,0,current_b
1785000923749,0,current_b
1785000923750,0,current_b
1785000923751,0,current_b
1785000923752,0,current_b
1785000923753,0,current_b
1785000923754,0,current_b
1785000923755,0,current_b
1785000923756,0,current_b
1785000923757,0,current_b
1785000923758,0,current_b
1785000923759,0,current_b
1785000923760,0,current_b
1785000923761,0,current_b
1785000923762,0,current_b
1785000923763,0,current_b
1785000923764,0,current_b
1785000923765,0,current_b
1785000923766,0,current_b
1785000923767,0,current_b
1785000923768,0,current_b
1785000923769,0,current_b
1785000923770,0,current_b
1785000923771,0,current_b
1785000923772,0,current_b
1785000923773,0,current_b
1785000923774,0,current_b
1785000923775,0,current_b
1785000923776,0,current_b
1785000923777,0,current_b
1785000923778,0,current_b
1785000923779,0,current_b
1785000923780,0,current_b
1785000923781,0,current_b
1785000923782,0,current_b
1785000923732,0,current_c
1785000923733,0,current_c
1785000923734,0,current_c
1785000923735,0,current_c
1785000923736,0,current_c
1785000923737,0,current_c
1785000923738,0,current_c
1785000923739,0,current_c
1785000923740,0,current_c
1785000923741,0,current_c
1785000923742,0,current_c
1785000923743,0,current_c
1785000923744,0,current_c
1785000923745,0,current_c
1785000923746,0,current_c
1785000923747,0,current_c
1785000923748,0,current_c
1785000923749,0,current_c
1785000923750,0,current_c
1785000923751,0,current_c
1785000923752,0,current_c
1785000923753,0,current_c
1785000923754,0,current_c
1785000923755,0,current_c
1785000923756,0,current_c
1785000923757,0,current_c
1785000923758,0,current_c
1785000923759,0,current_c
1785000923760,0,current_c
1785000923761,0,current_c
1785000923762,0,current_c
1785000923763,0,current_c
1785000923764,0,current_c
1785000923765,0,current_c
1785000923766,0,current_c
1785000923767,0,current_c
1785000923768,0,current_c
1785000923769,0,current_c
1785000923770,0,current_c
1785000923771,0,current_c
1785000923772,0,current_c
1785000923773,0,current_c
1785000923774,0,current_c
1785000923775,0,current_c
1785000923776,0,current_c
1785000923777,0,current_c
1785000923778,0,current_c
1785000923779,0,current_c
1785000923780,0,current_c
1785000923781,0,current_c
1785000923782,0,current_c
1785000923783,0,current_a
1785000923784,0,current_a
1785000923785,0,current_a
1785000923786,0,current_a
1785000923787,0,current_a
1785000923788,0,current_a
1785000923789,0,current_a
1785000923790,0,current_a
1785000923791,0,current_a
1785000923792,0,current_a
1785000923793,0,current_a
1785000923794,0,current_a
1785000923795,0,current_a
1785000923796,0,current_a
1785000923797,0,current_a
1785000923798,0,current_a
1785000923799,0,current_a
1785000923800,0,current_a
1785000923801,0,current_a
1785000923802,0,current_a
1785000923803,0,current_a
1785000923804,0,current_a
1785000923805,0,current_a
1785000923806,0,current_a
1785000923807,0,current_a
1785000923808,0,current_a
1785000923809,0,current_a
1785000923810,0,current_a
1785000923811,0,current_a
1785000923812,0,current_a
1785000923813,0,current_a
1785000923814,0,current_a
1785000923815,0,current_a
1785000923816,0,current_a
1785000923817,0,current_a
1785000923818,0,current_a
1785000923819,0,current_a
1785000923820,0,current_a
1785000923821,0,current_a
1785000923822,0,current_a
1785000923823,0,current_a
1785000923824,0,current_a
1785000923825,0,current_a
1785000923826,0,current_a
1785000923827,0,current_a
1785000923828,0,current_a
1785000923829,0,current_a
1785000923830,0,current_a
1785000923831,0,current_a
1785000923832,0,current_a
1785000923783,0,current_b
1785000923784,0,current_b
1785000923785,0,current_b
1785000923786,0,current_b
1785000923787,0,current_b
1785000923788,0,current_b
1785000923789,0,current_b
1785000923790,0,current_b
1785000923791,0,current_b
1785000923792,0,current_b
1785000923793,0,current_b
1785000923794,0,current_b
1785000923795,0,current_b
1785000923796,0,current_b
1785000923797,0,current_b
1785000923798,0,current_b
1785000923799,0,current_b
1785000923800,0,current_b
1785000923801,0,current_b
1785000923802,0,current_b
1785000923803,0,current_b
1785000923804,0,current_b
1785000923805,0,current_b
1785000923806,0,current_b
1785000923807,0,current_b
1785000923808,0,current_b
1785000923809,0,current_b
1785000923810,0,current_b
1785000923811,0,current_b
1785000923812,0,current_b
1785000923813,0,current_b
1785000923814,0,current_b
1785000923815,0,current_b
1785000923816,0,current_b
1785000923817,0,current_b
1785000923818,0,current_b
1785000923819,0,current_b
1785000923820,0,current_b
1785000923821,0,current_b
1785000923822,0,current_b
1785000923823,0,current_b
1785000923824,0,current_b
1785000923825,0,current_b
1785000923826,0,current_b
1785000923827,0,current_b
1785000923828,0,current_b
1785000923829,0,current_b
1785000923830,0,current_b
1785000923831,0,current_b
1785000923832,0,current_b
1785000923783,0,current_c
1785000923784,0,current_c
1785000923785,0,current_c
1785000923786,0,current_c
1785000923787,0,current_c
1785000923788,0,current_c
1785000923789,0,current_c
1785000923790,0,current_c
1785000923791,0,current_c
1785000923792,0,current_c
1785000923793,0,current_c
1785000923794,0,current_c
1785000923795,0,current_c
1785000923796,0,current_c
1785000923797,0,current_c
1785000923798,0,current_c
1785000923799,0,current_c
1785000923800,0,current_c
1785000923801,0,current_c
1785000923802,0,current_c
1785000923803,0,current_c
1785000923804,0,current_c
1785000923805,0,current_c
1785000923806,0,current_c
1785000923807,0,current_c
1785000923808,0,current_c
1785000923809,0,current_c
1785000923810,0,current_c
1785000923811,0,current_c
1785000923812,0,current_c
1785000923813,0,current_c
1785000923814,0,current_c
1785000923815,0,current_c
1785000923816,0,current_c
1785000923817,0,current_c
1785000923818,0,current_c
1785000923819,0,current_c
1785000923820,0,current_c
1785000923821,0,current_c
1785000923822,0,current_c
1785000923823,0,current_c
1785000923824,0,current_c
1785000923825,0,current_c
1785000923826,0,current_c
1785000923827,0,current_c
1785000923828,0,current_c
1785000923829,0,current_c
1785000923830,0,current_c
1785000923831,0,current_c
1785000923832,0,current_c
1785000923833,0,current_a
1785000923834,0,current_a
1785000923835,0,current_a
1785000923836,0,current_a
1785000923837,0,current_a
1785000923838,0,current_a
1785000923839,0,current_a
1785000923840,0,current_a
1785000923841,0,current_a
1785000923842,0,current_a
1785000923843,0,current_a
1785000923844,0,current_a
1785000923845,0,current_a
1785000923846,0,current_a
1785000923847,0,current_a
1785000923848,0,current_a
1785000923849,0,current_a
1785000923850,0,current_a
1785000923851,0,current_a
1785000923852,0,current_a
1785000923853,0,current_a
1785000923854,0,current_a
1785000923855,0,current_a
1785000923856,0,current_a
1785000923857,0,current_a
1785000923858,0,current_a
1785000923859,0,current_a
1785000923860,0,current_a
1785000923861,0,current_a
1785000923862,0,current_a
1785000923863,0,current_a
1785000923864,0,current_a
1785000923865,0,current_a
1785000923866,0,current_a
1785000923867,0,current_a
1785000923868,0,current_a
1785000923869,0,current_a
1785000923870,0,current_a
1785000923871,0,current_a
1785000923872,0,current_a
1785000923873,0,current_a
1785000923874,0,current_a
1785000923875,0,current_a
1785000923876,0,current_a
1785000923877,0,current_a
1785000923878,0,current_a
1785000923879,0,current_a
1785000923880,0,current_a
1785000923881,0,current_a
1785000923882,0,current_a
1785000923833,0,current_b
1785000923834,0,current_b
1785000923835,0,current_b
1785000923836,0,current_b
1785000923837,0,current_b
1785000923838,0,current_b
1785000923839,0,current_b
1785000923840,0,current_b
1785000923841,0,current_b
1785000923842,0,current_b
1785000923843,0,current_b
1785000923844,0,current_b
1785000923845,0,current_b
1785000923846,0,current_b
1785000923847,0,current_b
1785000923848,0,current_b
1785000923849,0,current_b
1785000923850,0,current_b
1785000923851,0,current_b
1785000923852,0,current_b
1785000923853,0,current_b
1785000923854,0,current_b
1785000923855,0,current_b
1785000923856,0,current_b
1785000923857,0,current_b
1785000923858,0,current_b
1785000923859,0,current_b
1785000923860,0,current_b
1785000923861,0,current_b
1785000923862,0,current_b
1785000923863,0,current_b
1785000923864,0,current_b
1785000923865,0,current_b
1785000923866,0,current_b
1785000923867,0,current_b
1785000923868,0,current_b
1785000923869,0,current_b
1785000923870,0,current_b
1785000923871,0,current_b
1785000923872,0,current_b
1785000923873,0,current_b
1785000923874,0,current_b
1785000923875,0,current_b
1785000923876,0,current_b
1785000923877,0,current_b
1785000923878,0,current_b
1785000923879,0,current_b
1785000923880,0,current_b
1785000923881,0,current_b
1785000923882,0,current_b
1785000923833,0,current_c
1785000923834,0,current_c
1785000923835,0,current_c
1785000923836,0,current_c
1785000923837,0,current_c
1785000923838,0,current_c
1785000923839,0,current_c
1785000923840,0,current_c
1785000923841,0,current_c
1785000923842,0,current_c
1785000923843,0,current_c
1785000923844,0,current_c
1785000923845,0,current_c
1785000923846,0,current_c
1785000923847,0,current_c
1785000923848,0,current_c
1785000923849,0,current_c
1785000923850,0,current_c
1785000923851,0,current_c
1785000923852,0,current_c
1785000923853,0,current_c
1785000923854,0,current_c
1785000923855,0,current_c
1785000923856,0,current_c
1785000923857,0,current_c
1785000923858,0,current_c
1785000923859,0,current_c
1785000923860,0,current_c
1785000923861,0,current_c
1785000923862,0,current_c
1785000923863,0,current_c
1785000923864,0,current_c
1785000923865,0,current_c
1785000923866,0,current_c
1785000923867,0,current_c
1785000923868,0,current_c
1785000923869,0,current_c
1785000923870,0,current_c
1785000923871,0,current_c
1785000923872,0,current_c
1785000923873,0,current_c
1785000923874,0,current_c
1785000923875,0,current_c
1785000923876,0,current_c
1785000923877,0,current_c
1785000923878,0,current_c
1785000923879,0,current_c
1785000923880,0,current_c
1785000923881,0,current_c
1785000923882,0,current_c
1785000923883,0,current_a
1785000923884,0,current_a
1785000923885,0,current_a
1785000923886,0,current_a
1785000923887,0,current_a
1785000923888,0,current_a
1785000923889,0,current_a
1785000923890,0,current_a
1785000923891,0,current_a
1785000923892,0,current_a
1785000923893,0,current_a
1785000923894,0,current_a
1785000923895,0,current_a
1785000923896,0,current_a
1785000923897,0,current_a
1785000923898,0,current_a
1785000923899,0,current_a
1785000923900,0,current_a
1785000923901,0,current_a
1785000923902,0,current_a
1785000923903,0,current_a
1785000923904,0,current_a
1785000923905,0,current_a
1785000923906,0,current_a
1785000923907,0,current_a
1785000923908,0,current_a
1785000923909,0,current_a
1785000923910,0,current_a
1785000923911,0,current_a
1785000923912,0,current_a
1785000923913,0,current_a
1785000923914,0,current_a
1785000923915,0,current_a
1785000923916,0,current_a
1785000923917,0,current_a
1785000923918,0,current_a
1785000923919,0,current_a
1785000923920,0,current_a
1785000923921,0,current_a
1785000923922,0,current_a
1785000923923,0,current_a
1785000923924,0,current_a
1785000923925,0,current_a
1785000923926,0,current_a
1785000923927,0,current_a
1785000923928,0,current_a
1785000923929,0,current_a
1785000923930,0,current_a
1785000923931,0,current_a
1785000923932,0,current_a
1785000923883,0,current_b
1785000923884,0,current_b
1785000923885,0,current_b
1785000923886,0,current_b
1785000923887,0,current_b
1785000923888,0,current_b
1785000923889,0,current_b
1785000923890,0,current_b
1785000923891,0,current_b
1785000923892,0,current_b
1785000923893,0,current_b
1785000923894,0,current_b
1785000923895,0,current_b
1785000923896,0,current_b
1785000923897,0,current_b
1785000923898,0,current_b
1785000923899,0,current_b
1785000923900,0,current_b
1785000923901,0,current_b
1785000923902,0,current_b
1785000923903,0,current_b
1785000923904,0,current_b
1785000923905,0,current_b
1785000923906,0,current_b
1785000923907,0,current_b
1785000923908,0,current_b
1785000923909,0,current_b
1785000923910,0,current_b
1785000923911,0,current_b
1785000923912,0,current_b
1785000923913,0,current_b
1785000923914,0,current_b
1785000923915,0,current_b
1785000923916,0,current_b
1785000923917,0,current_b
1785000923918,0,current_b
1785000923919,0,current_b
1785000923920,0,current_b
1785000923921,0,current_b
1785000923922,0,current_b
1785000923923,0,current_b
1785000923924,0,current_b
1785000923925,0,current_b
1785000923926,0,current_b
1785000923927,0,current_b
1785000923928,0,current_b
1785000923929,0,current_b
1785000923930,0,current_b
1785000923931,0,current_b
1785000923932,0,current_b
1785000923883,0,current_c
1785000923884,0,current_c
1785000923885,0,current_c
1785000923886,0,current_c
1785000923887,0,current_c
1785000923888,0,current_c
1785000923889,0,current_c
1785000923890,0,current_c
1785000923891,0,current_c
1785000923892,0,current_c
1785000923893,0,current_c
1785000923894,0,current_c
1785000923895,0,current_c
1785000923896,0,current_c
1785000923897,0,current_c
1785000923898,0,current_c
1785000923899,0,current_c
1785000923900,0,current_c
1785000923901,0,current_c
1785000923902,0,current_c
1785000923903,0,current_c
1785000923904,0,current_c
1785000923905,0,current_c
1785000923906,0,current_c
1785000923907,0,current_c
1785000923908,0,current_c
1785000923909,0,current_c
1785000923910,0,current_c
1785000923911,0,current_c
1785000923912,0,current_c
1785000923913,0,current_c
1785000923914,0,current_c
1785000923915,0,current_c
1785000923916,0,current_c
1785000923917,0,current_c
1785000923918,0,current_c
1785000923919,0,current_c
1785000923920,0,current_c
1785000923921,0,current_c
1785000923922,0,current_c
1785000923923,0,current_c
1785000923924,0,current_c
1785000923925,0,current_c
1785000923926,0,current_c
1785000923927,0,current_c
1785000923928,0,current_c
1785000923929,0,current_c
1785000923930,0,current_c
1785000923931,0,current_c
1785000923932,0,current_c
1785000923933,0,current_a
1785000923934,0,current_a
1785000923935,0,current_a
1785000923936,0,current_a
1785000923937,0,current_a
1785000923938,0,current_a
1785000923939,0,current_a
1785000923940,0,current_a
1785000923941,0,current_a
1785000923942,0,current_a
1785000923943,0,current_a
1785000923944,0,current_a
1785000923945,0,current_a
1785000923946,0,current_a
1785000923947,0,current_a
1785000923948,0,current_a
1785000923949,0,current_a
1785000923950,0,current_a
1785000923951,0,current_a
1785000923952,0,current_a
1785000923953,0,current_a
1785000923954,0,current_a
1785000923955,0,current_a
1785000923956,0,current_a
1785000923957,0,current_a
1785000923958,0,current_a
1785000923959,0,current_a
1785000923960,0,current_a
1785000923961,0,current_a
1785000923962,0,current_a
1785000923963,0,current_a
1785000923964,0,current_a
1785000923965,0,current_a
1785000923966,0,current_a
1785000923967,0,current_a
1785000923968,0,current_a
1785000923969,0,current_a
1785000923970,0,current_a
1785000923971,0,current_a
1785000923972,0,current_a
1785000923973,0,current_a
1785000923974,0,current_a
1785000923975,0,current_a
1785000923976,0,current_a
1785000923977,0,current_a
1785000923978,0,current_a
1785000923979,0,current_a
1785000923980,0,current_a
1785000923981,0,current_a
1785000923982,0,current_a
1785000923933,0,current_b
1785000923934,0,current_b
1785000923935,0,current_b
1785000923936,0,current_b
1785000923937,0,current_b
1785000923938,0,current_b
1785000923939,0,current_b
1785000923940,0,current_b
1785000923941,0,current_b
1785000923942,0,current_b
1785000923943,0,current_b
1785000923944,0,current_b
1785000923945,0,current_b
1785000923946,0,current_b
1785000923947,0,current_b
1785000923948,0,current_b
1785000923949,0,current_b
1785000923950,0,current_b
1785000923951,0,current_b
1785000923952,0,current_b
1785000923953,0,current_b
1785000923954,0,current_b
1785000923955,0,current_b
1785000923956,0,current_b
1785000923957,0,current_b
1785000923958,0,current_b
1785000923959,0,current_b
1785000923960,0,current_b
1785000923961,0,current_b
1785000923962,0,current_b
1785000923963,0,current_b
1785000923964,0,current_b
1785000923965,0,current_b
1785000923966,0,current_b
1785000923967,0,current_b
1785000923968,0,current_b
1785000923969,0,current_b
1785000923970,0,current_b
1785000923971,0,current_b
1785000923972,0,current_b
1785000923973,0,current_b
1785000923974,0,current_b
1785000923975,0,current_b
1785000923976,0,current_b
1785000923977,0,current_b
1785000923978,0,current_b
1785000923979,0,current_b
1785000923980,0,current_b
1785000923981,0,current_b
1785000923982,0,current_b
1785000923933,0,current_c
1785000923934,0,current_c
1785000923935,0,current_c
1785000923936,0,current_c
1785000923937,0,current_c
1785000923938,0,current_c
1785000923939,0,current_c
1785000923940,0,current_c
1785000923941,0,current_c
1785000923942,0,current_c
1785000923943,0,current_c
1785000923944,0,current_c
1785000923945,0,current_c
1785000923946,0,current_c
1785000923947,0,current_c
1785000923948,0,current_c
1785000923949,0,current_c
1785000923950,0,current_c
1785000923951,0,current_c
1785000923952,0,current_c
1785000923953,0,current_c
1785000923954,0,current_c
1785000923955,0,current_c
1785000923956,0,current_c
1785000923957,0,current_c
1785000923958,0,current_c
1785000923959,0,current_c
1785000923960,0,current_c
1785000923961,0,current_c
1785000923962,0,current_c
1785000923963,0,current_c
1785000923964,0,current_c
1785000923965,0,current_c
1785000923966,0,current_c
1785000923967,0,current_c
1785000923968,0,current_c
1785000923969,0,current_c
1785000923970,0,current_c
1785000923971,0,current_c
1785000923972,0,current_c
1785000923973,0,current_c
1785000923974,0,current_c
1785000923975,0,current_c
1785000923976,0,current_c
1785000923977,0,current_c
1785000923978,0,current_c
1785000923979,0,current_c
1785000923980,0,current_c
1785000923981,0,current_c
1785000923982,0,current_c
1785000923983,0,current_a
1785000923984,0,current_a
1785000923985,0,current_a
1785000923986,0,current_a
1785000923987,0,current_a
1785000923988,0,current_a
1785000923989,0,current_a
1785000923990,0,current_a
1785000923991,0,current_a
1785000923992,0,current_a
1785000923993,0,current_a
1785000923994,0,current_a
1785000923995,0,current_a
1785000923996,0,current_a
1785000923997,0,current_a
1785000923998,0,current_a
1785000923999,0,current_a
1785000924000,0,current_a
1785000924001,0,current_a
1785000924002,0,current_a
1785000924003,0,current_a
1785000924004,0,current_a
1785000924005,0,current_a
1785000924006,0,current_a
1785000924007,0,current_a
1785000924008,0,current_a
1785000924009,0,current_a
1785000924010,0,current_a
1785000924011,0,current_a
1785000924012,0,current_a
1785000924013,0,current_a
1785000924014,0,current_a
1785000924015,0,current_a
1785000924016,0,current_a
1785000924017,0,current_a
1785000924018,0,current_a
1785000924019,0,current_a
1785000924020,0,current_a
1785000924021,0,current_a
1785000924022,0,current_a
1785000924023,0,current_a
1785000924024,0,current_a
1785000924025,0,current_a
1785000924026,0,current_a
1785000924027,0,current_a
1785000924028,0,current_a
1785000924029,0,current_a
1785000924030,0,current_a
1785000924031,0,current_a
1785000924032,0,current_a
1785000923983,0,current_b
1785000923984,0,current_b
1785000923985,0,current_b
1785000923986,0,current_b
1785000923987,0,current_b
1785000923988,0,current_b
1785000923989,0,current_b
1785000923990,0,current_b
1785000923991,0,current_b
1785000923992,0,current_b
1785000923993,0,current_b
1785000923994,0,current_b
1785000923995,0,current_b
1785000923996,0,current_b
1785000923997,0,current_b
1785000923998,0,current_b
1785000923999,0,current_b
1785000924000,0,current_b
1785000924001,0,current_b
1785000924002,0,current_b
1785000924003,0,current_b
1785000924004,0,current_b
1785000924005,0,current_b
1785000924006,0,current_b
1785000924007,0,current_b
1785000924008,0,current_b
1785000924009,0,current_b
1785000924010,0,current_b
1785000924011,0,current_b
1785000924012,0,current_b
1785000924013,0,current_b
1785000924014,0,current_b
1785000924015,0,current_b
1785000924016,0,current_b
1785000924017,0,current_b
1785000924018,0,current_b
1785000924019,0,current_b
1785000924020,0,current_b
1785000924021,0,current_b
1785000924022,0,current_b
1785000924023,0,current_b
1785000924024,0,current_b
1785000924025,0,current_b
1785000924026,0,current_b
1785000924027,0,current_b
1785000924028,0,current_b
1785000924029,0,current_b
1785000924030,0,current_b
1785000924031,0,current_b
1785000924032,0,current_b
1785000923983,0,current_c
1785000923984,0,current_c
1785000923985,0,current_c
1785000923986,0,current_c
1785000923987,0,current_c
1785000923988,0,current_c
1785000923989,0,current_c
1785000923990,0,current_c
1785000923991,0,current_c
1785000923992,0,current_c
1785000923993,0,current_c
1785000923994,0,current_c
1785000923995,0,current_c
1785000923996,0,current_c
1785000923997,0,current_c
1785000923998,0,current_c
1785000923999,0,current_c
1785000924000,0,current_c
1785000924001,0,current_c
1785000924002,0,current_c
1785000924003,0,current_c
1785000924004,0,current_c
1785000924005,0,current_c
1785000924006,0,current_c
1785000924007,0,current_c
1785000924008,0,current_c
1785000924009,0,current_c
1785000924010,0,current_c
1785000924011,0,current_c
1785000924012,0,current_c
1785000924013,0,current_c
1785000924014,0,current_c
1785000924015,0,current_c
1785000924016,0,current_c
1785000924017,0,current_c
1785000924018,0,current_c
1785000924019,0,current_c
1785000924020,0,current_c
1785000924021,0,current_c
1785000924022,0,current_c
1785000924023,0,current_c
1785000924024,0,current_c
1785000924025,0,current_c
1785000924026,0,current_c
1785000924027,0,current_c
1785000924028,0,current_c
1785000924029,0,current_c
1785000924030,0,current_c
1785000924031,0,current_c
1785000924032,0,current_c
1785000924033,0,current_a
1785000924034,0,current_a
1785000924035,0,current_a
1785000924036,0,current_a
1785000924037,0,current_a
1785000924038,0,current_a
1785000924039,0,current_a
1785000924040,0,current_a
1785000924041,0,current_a
1785000924042,0,current_a
1785000924043,0,current_a
1785000924044,0,current_a
1785000924045,0,current_a
1785000924046,0,current_a
1785000924047,0,current_a
1785000924048,0,current_a
1785000924049,0,current_a
1785000924050,0,current_a
1785000924051,0,current_a
1785000924052,0,current_a
1785000924053,0,current_a
1785000924054,0,current_a
1785000924055,0,current_a
1785000924056,0,current_a
1785000924057,0,current_a
1785000924058,0,current_a
1785000924059,0,current_a
1785000924060,0,current_a
1785000924061,0,current_a
1785000924062,0,current_a
1785000924063,0,current_a
1785000924064,0,current_a
1785000924065,0,current_a
1785000924066,0,current_a
1785000924067,0,current_a
1785000924068,0,current_a
1785000924069,0,current_a
1785000924070,0,current_a
1785000924071,0,current_a
1785000924072,0,current_a
1785000924073,0,current_a
1785000924074,0,current_a
1785000924075,0,current_a
1785000924076,0,current_a
1785000924077,0,current_a
1785000924078,0,current_a
1785000924079,0,current_a
1785000924080,0,current_a
1785000924081,0,current_a
1785000924082,0,current_a
1785000924033,0,current_b
1785000924034,0,current_b
1785000924035,0,current_b
1785000924036,0,current_b
1785000924037,0,current_b
1785000924038,0,current_b
1785000924039,0,current_b
1785000924040,0,current_b
1785000924041,0,current_b
1785000924042,0,current_b
1785000924043,0,current_b
1785000924044,0,current_b
1785000924045,0,current_b
1785000924046,0,current_b
1785000924047,0,current_b
1785000924048,0,current_b
1785000924049,0,current_b
1785000924050,0,current_b
1785000924051,0,current_b
1785000924052,0,current_b
1785000924053,0,current_b
1785000924054,0,current_b
1785000924055,0,current_b
1785000924056,0,current_b
1785000924057,0,current_b
1785000924058,0,current_b
1785000924059,0,current_b
1785000924060,0,current_b
1785000924061,0,current_b
1785000924062,0,current_b
1785000924063,0,current_b
1785000924064,0,current_b
1785000924065,0,current_b
1785000924066,0,current_b
1785000924067,0,current_b
1785000924068,0,current_b
1785000924069,0,current_b
1785000924070,0,current_b
1785000924071,0,current_b
1785000924072,0,current_b
1785000924073,0,current_b
1785000924074,0,current_b
1785000924075,0,current_b
1785000924076,0,current_b
1785000924077,0,current_b
1785000924078,0,current_b
1785000924079,0,current_b
1785000924080,0,current_b
1785000924081,0,current_b
1785000924082,0,current_b
1785000924033,0,current_c
1785000924034,0,current_c
1785000924035,0,current_c
1785000924036,0,current_c
1785000924037,0,current_c
1785000924038,0,current_c
1785000924039,0,current_c
1785000924040,0,current_c
1785000924041,0,current_c
1785000924042,0,current_c
1785000924043,0,current_c
1785000924044,0,current_c
1785000924045,0,current_c
1785000924046,0,current_c
1785000924047,0,current_c
1785000924048,0,current_c
1785000924049,0,current_c
1785000924050,0,current_c
1785000924051,0,current_c
1785000924052,0,current_c
1785000924053,0,current_c
1785000924054,0,current_c
1785000924055,0,current_c
1785000924056,0,current_c
1785000924057,0,current_c
1785000924058,0,current_c
1785000924059,0,current_c
1785000924060,0,current_c
1785000924061,0,current_c
1785000924062,0,current_c
1785000924063,0,current_c
1785000924064,0,current_c
1785000924065,0,current_c
1785000924066,0,current_c
1785000924067,0,current_c
1785000924068,0,current_c
1785000924069,0,current_c
1785000924070,0,current_c
1785000924071,0,current_c
1785000924072,0,current_c
1785000924073,0,current_c
1785000924074,0,current_c
1785000924075,0,current_c
1785000924076,0,current_c
1785000924077,0,current_c
1785000924078,0,current_c
1785000924079,0,current_c
1785000924080,0,current_c
1785000924081,0,current_c
1785000924082,0,current_c
1785000924083,0,current_a
1785000924084,0,current_a
1785000924085,0,current_a
1785000924086,0,current_a
1785000924087,0,current_a
1785000924088,0,current_a
1785000924089,0,current_a
1785000924090,0,current_a
1785000924091,0,current_a
1785000924092,0,current_a
1785000924093,0,current_a
1785000924094,0,current_a
1785000924095,0,current_a
1785000924096,0,current_a
1785000924097,0,current_a
1785000924098,0,current_a
1785000924099,0,current_a
1785000924100,0,current_a
1785000924101,0,current_a
1785000924102,0,current_a
1785000924103,0,current_a
1785000924104,0,current_a
1785000924105,0,current_a
1785000924106,0,current_a
1785000924107,0,current_a
1785000924108,0,current_a
1785000924109,0,current_a
1785000924110,0,current_a
1785000924111,0,current_a
1785000924112,0,current_a
1785000924113,0,current_a
1785000924114,0,current_a
1785000924115,0,current_a
1785000924116,0,current_a
1785000924117,0,current_a
1785000924118,0,current_a
1785000924119,0,current_a
1785000924120,0,current_a
1785000924121,0,current_a
1785000924122,0,current_a
1785000924123,0,current_a
1785000924124,0,current_a
1785000924125,0,current_a
1785000924126,0,current_a
1785000924127,0,current_a
1785000924128,0,current_a
1785000924129,0,current_a
1785000924130,0,current_a
1785000924131,0,current_a
1785000924132,0,current_a
1785000924083,0,current_b
1785000924084,0,current_b
1785000924085,0,current_b
1785000924086,0,current_b
1785000924087,0,current_b
1785000924088,0,current_b
1785000924089,0,current_b
1785000924090,0,current_b
1785000924091,0,current_b
1785000924092,0,current_b
1785000924093,0,current_b
1785000924094,0,current_b
1785000924095,0,current_b
1785000924096,0,current_b
1785000924097,0,current_b
1785000924098,0,current_b
1785000924099,0,current_b
1785000924100,0,current_b
1785000924101,0,current_b
1785000924102,0,current_b
1785000924103,0,current_b
1785000924104,0,current_b
1785000924105,0,current_b
1785000924106,0,current_b
1785000924107,0,current_b
1785000924108,0,current_b
1785000924109,0,current_b
1785000924110,0,current_b
1785000924111,0,current_b
1785000924112,0,current_b
1785000924113,0,current_b
1785000924114,0,current_b
1785000924115,0,current_b
1785000924116,0,current_b
1785000924117,0,current_b
1785000924118,0,current_b
1785000924119,0,current_b
1785000924120,0,current_b
1785000924121,0,current_b
1785000924122,0,current_b
1785000924123,0,current_b
1785000924124,0,current_b
1785000924125,0,current_b
1785000924126,0,current_b
1785000924127,0,current_b
1785000924128,0,current_b
1785000924129,0,current_b
1785000924130,0,current_b
1785000924131,0,current_b
1785000924132,0,current_b
1785000924083,0,current_c
1785000924084,0,current_c
1785000924085,0,current_c
1785000924086,0,current_c
1785000924087,0,current_c
1785000924088,0,current_c
1785000924089,0,current_c
1785000924090,0,current_c
1785000924091,0,current_c
1785000924092,0,current_c
1785000924093,0,current_c
1785000924094,0,current_c
1785000924095,0,current_c
1785000924096,0,current_c
1785000924097,0,current_c
1785000924098,0,current_c
1785000924099,0,current_c
1785000924100,0,current_c
1785000924101,0,current_c
1785000924102,0,current_c
1785000924103,0,current_c
1785000924104,0,current_c
1785000924105,0,current_c
1785000924106,0,current_c
1785000924107,0,current_c
1785000924108,0,current_c
1785000924109,0,current_c
1785000924110,0,current_c
1785000924111,0,current_c
1785000924112,0,current_c
1785000924113,0,current_c
1785000924114,0,current_c
1785000924115,0,current_c
1785000924116,0,current_c
1785000924117,0,current_c
1785000924118,0,current_c
1785000924119,0,current_c
1785000924120,0,current_c
1785000924121,0,current_c
1785000924122,0,current_c
1785000924123,0,current_c
1785000924124,0,current_c
1785000924125,0,current_c
1785000924126,0,current_c
1785000924127,0,current_c
1785000924128,0,current_c
1785000924129,0,current_c
1785000924130,0,current_c
1785000924131,0,current_c
1785000924132,0,current_c
1785000924133,0,current_a
1785000924134,0,current_a
1785000924135,0,current_a
1785000924136,0,current_a
1785000924137,0,current_a
1785000924138,0,current_a
1785000924139,0,current_a
1785000924140,0,current_a
1785000924141,0,current_a
1785000924142,0,current_a
1785000924143,0,current_a
1785000924144,0,current_a
1785000924145,0,current_a
1785000924146,0,current_a
1785000924147,0,current_a
1785000924148,0,current_a
1785000924149,0,current_a
1785000924150,0,current_a
1785000924151,0,current_a
1785000924152,0,current_a
1785000924153,0,current_a
1785000924154,0,current_a
1785000924155,0,current_a
1785000924156,0,current_a
1785000924157,0,current_a
1785000924158,0,current_a
1785000924159,0,current_a
1785000924160,0,current_a
1785000924161,0,current_a
1785000924162,0,current_a
1785000924163,0,current_a
1785000924164,0,current_a
1785000924165,0,current_a
1785000924166,0,current_a
1785000924167,0,current_a
1785000924168,0,current_a
1785000924169,0,current_a
1785000924170,0,current_a
1785000924171,0,current_a
1785000924172,0,current_a
1785000924173,0,current_a
1785000924174,0,current_a
1785000924175,0,current_a
1785000924176,0,current_a
1785000924177,0,current_a
1785000924178,0,current_a
1785000924179,0,current_a
1785000924180,0,current_a
1785000924181,0,current_a
1785000924182,0,current_a
1785000924133,0,current_b
1785000924134,0,current_b
1785000924135,0,current_b
1785000924136,0,current_b
1785000924137,0,current_b
1785000924138,0,current_b
1785000924139,0,current_b
1785000924140,0,current_b
1785000924141,0,current_b
1785000924142,0,current_b
1785000924143,0,current_b
1785000924144,0,current_b
1785000924145,0,current_b
1785000924146,0,current_b
1785000924147,0,current_b
1785000924148,0,current_b
1785000924149,0,current_b
1785000924150,0,current_b
1785000924151,0,current_b
1785000924152,0,current_b
1785000924153,0,current_b
1785000924154,0,current_b
1785000924155,0,current_b
1785000924156,0,current_b
1785000924157,0,current_b
1785000924158,0,current_b
1785000924159,0,current_b
1785000924160,0,current_b
1785000924161,0,current_b
1785000924162,0,current_b
1785000924163,0,current_b
1785000924164,0,current_b
1785000924165,0,current_b
1785000924166,0,current_b
1785000924167,0,current_b
1785000924168,0,current_b
1785000924169,0,current_b
1785000924170,0,current_b
1785000924171,0,current_b
1785000924172,0,current_b
1785000924173,0,current_b
1785000924174,0,current_b
1785000924175,0,current_b
1785000924176,0,current_b
1785000924177,0,current_b
1785000924178,0,current_b
1785000924179,0,current_b
1785000924180,0,current_b
1785000924181,0,current_b
1785000924182,0,current_b
1785000924133,0,current_c
1785000924134,0,current_c
1785000924135,0,current_c
1785000924136,0,current_c
1785000924137,0,current_c
1785000924138,0,current_c
1785000924139,0,current_c
1785000924140,0,current_c
1785000924141,0,current_c
1785000924142,0,current_c
1785000924143,0,current_c
1785000924144,0,current_c
1785000924145,0,current_c
1785000924146,0,current_c
1785000924147,0,current_c
1785000924148,0,current_c
1785000924149,0,current_c
1785000924150,0,current_c
1785000924151,0,current_c
1785000924152,0,current_c
1785000924153,0,current_c
1785000924154,0,current_c
1785000924155,0,current_c
1785000924156,0,current_c
1785000924157,0,current_c
1785000924158,0,current_c
1785000924159,0,current_c
1785000924160,0,current_c
1785000924161,0,current_c
1785000924162,0,current_c
1785000924163,0,current_c
1785000924164,0,current_c
1785000924165,0,current_c
1785000924166,0,current_c
1785000924167,0,current_c
1785000924168,0,current_c
1785000924169,0,current_c
1785000924170,0,current_c
1785000924171,0,current_c
1785000924172,0,current_c
1785000924173,0,current_c
1785000924174,0,current_c
1785000924175,0,current_c
1785000924176,0,current_c
1785000924177,0,current_c
1785000924178,0,current_c
1785000924179,0,current_c
1785000924180,0,current_c
1785000924181,0,current_c
1785000924182,0,current_c
1785000924183,0,current_a
1785000924184,0,current_a
1785000924185,0,current_a
1785000924186,0,current_a
1785000924187,0,current_a
1785000924188,0,current_a
1785000924189,0,current_a
1785000924190,0,current_a
1785000924191,0,current_a
1785000924192,0,current_a
1785000924193,0,current_a
1785000924194,0,current_a
1785000924195,0,current_a
1785000924196,0,current_a
1785000924197,0,current_a
1785000924198,0,current_a
1785000924199,0,current_a
1785000924200,0,current_a
1785000924201,0,current_a
1785000924202,0,current_a
1785000924203,0,current_a
1785000924204,0,current_a
1785000924205,0,current_a
1785000924206,0,current_a
1785000924207,0,current_a
1785000924208,0,current_a
1785000924209,0,current_a
1785000924210,0,current_a
1785000924211,0,current_a
1785000924212,0,current_a
1785000924213,0,current_a
1785000924214,0,current_a
1785000924215,0,current_a
1785000924216,0,current_a
1785000924217,0,current_a
1785000924218,0,current_a
1785000924219,0,current_a
1785000924220,0,current_a
1785000924221,0,current_a
1785000924222,0,current_a
1785000924223,0,current_a
1785000924224,0,current_a
1785000924225,0,current_a
1785000924226,0,current_a
1785000924227,0,current_a
1785000924228,0,current_a
1785000924229,0,current_a
1785000924230,0,current_a
1785000924231,0,current_a
1785000924232,0,current_a
1785000924183,0,current_b
1785000924184,0,current_b
1785000924185,0,current_b
1785000924186,0,current_b
1785000924187,0,current_b
1785000924188,0,current_b
1785000924189,0,current_b
1785000924190,0,current_b
1785000924191,0,current_b
1785000924192,0,current_b
1785000924193,0,current_b
1785000924194,0,current_b
1785000924195,0,current_b
1785000924196,0,current_b
1785000924197,0,current_b
1785000924198,0,current_b
1785000924199,0,current_b
1785000924200,0,current_b
1785000924201,0,current_b
1785000924202,0,current_b
1785000924203,0,current_b
1785000924204,0,current_b
1785000924205,0,current_b
1785000924206,0,current_b
1785000924207,0,current_b
1785000924208,0,current_b
1785000924209,0,current_b
1785000924210,0,current_b
1785000924211,0,current_b
1785000924212,0,current_b
1785000924213,0,current_b
1785000924214,0,current_b
1785000924215,0,current_b
1785000924216,0,current_b
1785000924217,0,current_b
1785000924218,0,current_b
1785000924219,0,current_b
1785000924220,0,current_b
1785000924221,0,current_b
1785000924222,0,current_b
1785000924223,0,current_b
1785000924224,0,current_b
1785000924225,0,current_b
1785000924226,0,current_b
1785000924227,0,current_b
1785000924228,0,current_b
1785000924229,0,current_b
1785000924230,0,current_b
1785000924231,0,current_b
1785000924232,0,current_b
1785000924183,0,current_c
1785000924184,0,current_c
1785000924185,0,current_c
1785000924186,0,current_c
1785000924187,0,current_c
1785000924188,0,current_c
1785000924189,0,current_c
1785000924190,0,current_c
1785000924191,0,current_c
1785000924192,0,current_c
1785000924193,0,current_c
1785000924194,0,current_c
1785000924195,0,current_c
1785000924196,0,current_c
1785000924197,0,current_c
1785000924198,0,current_c
1785000924199,0,current_c
1785000924200,0,current_c
1785000924201,0,current_c
1785000924202,0,current_c
1785000924203,0,current_c
1785000924204,0,current_c
1785000924205,0,current_c
1785000924206,0,current_c
1785000924207,0,current_c
1785000924208,0,current_c
1785000924209,0,current_c
1785000924210,0,current_c
1785000924211,0,current_c
1785000924212,0,current_c
1785000924213,0,current_c
1785000924214,0,current_c
1785000924215,0,current_c
1785000924216,0,current_c
1785000924217,0,current_c
1785000924218,0,current_c
1785000924219,0,current_c
1785000924220,0,current_c
1785000924221,0,current_c
1785000924222,0,current_c
1785000924223,0,current_c
1785000924224,0,current_c
1785000924225,0,current_c
1785000924226,0,current_c
1785000924227,0,current_c
1785000924228,0,current_c
1785000924229,0,current_c
1785000924230,0,current_c
1785000924231,0,current_c
1785000924232,0,current_c
1785000924233,0,current_a
1785000924234,0,current_a
1785000924235,0,current_a
1785000924236,0,current_a
1785000924237,0,current_a
1785000924238,0,current_a
1785000924239,0,current_a
1785000924240,0,current_a
1785000924241,0,current_a
1785000924242,0,current_a
1785000924243,0,current_a
1785000924244,0,current_a
1785000924245,0,current_a
1785000924246,0,current_a
1785000924247,0,current_a
1785000924248,0,current_a
1785000924249,0,current_a
1785000924250,0,current_a
1785000924251,0,current_a
1785000924252,0,current_a
1785000924253,0,current_a
1785000924254,0,current_a
1785000924255,0,current_a
1785000924256,0,current_a
1785000924257,0,current_a
1785000924258,0,current_a
1785000924259,0,current_a
1785000924260,0,current_a
1785000924261,0,current_a
1785000924262,0,current_a
1785000924263,0,current_a
1785000924264,0,current_a
1785000924265,0,current_a
1785000924266,0,current_a
1785000924267,0,current_a
1785000924268,0,current_a
1785000924269,0,current_a
1785000924270,0,current_a
1785000924271,0,current_a
1785000924272,0,current_a
1785000924273,0,current_a
1785000924274,0,current_a
1785000924275,0,current_a
1785000924276,0,current_a
1785000924277,0,current_a
1785000924278,0,current_a
1785000924279,0,current_a
1785000924280,0,current_a
1785000924281,0,current_a
1785000924282,0,current_a
1785000924233,0,current_b
1785000924234,0,current_b
1785000924235,0,current_b
1785000924236,0,current_b
1785000924237,0,current_b
1785000924238,0,current_b
1785000924239,0,current_b
1785000924240,0,current_b
1785000924241,0,current_b
1785000924242,0,current_b
1785000924243,0,current_b
1785000924244,0,current_b
1785000924245,0,current_b
1785000924246,0,current_b
1785000924247,0,current_b
1785000924248,0,current_b
1785000924249,0,current_b
1785000924250,0,current_b
1785000924251,0,current_b
1785000924252,0,current_b
1785000924253,0,current_b
1785000924254,0,current_b
1785000924255,0,current_b
1785000924256,0,current_b
1785000924257,0,current_b
1785000924258,0,current_b
1785000924259,0,current_b
1785000924260,0,current_b
1785000924261,0,current_b
1785000924262,0,current_b
1785000924263,0,current_b
1785000924264,0,current_b
1785000924265,0,current_b
1785000924266,0,current_b
1785000924267,0,current_b
1785000924268,0,current_b
1785000924269,0,current_b
1785000924270,0,current_b
1785000924271,0,current_b
1785000924272,0,current_b
1785000924273,0,current_b
1785000924274,0,current_b
1785000924275,0,current_b
1785000924276,0,current_b
1785000924277,0,current_b
1785000924278,0,current_b
1785000924279,0,current_b
1785000924280,0,current_b
1785000924281,0,current_b
1785000924282,0,current_b
1785000924233,0,current_c
1785000924234,0,current_c
1785000924235,0,current_c
1785000924236,0,current_c
1785000924237,0,current_c
1785000924238,0,current_c
1785000924239,0,current_c
1785000924240,0,current_c
1785000924241,0,current_c
1785000924242,0,current_c
1785000924243,0,current_c
1785000924244,0,current_c
1785000924245,0,current_c
1785000924246,0,current_c
1785000924247,0,current_c
1785000924248,0,current_c
1785000924249,0,current_c
1785000924250,0,current_c
1785000924251,0,current_c
1785000924252,0,current_c
1785000924253,0,current_c
1785000924254,0,current_c
1785000924255,0,current_c
1785000924256,0,current_c
1785000924257,0,current_c
1785000924258,0,current_c
1785000924259,0,current_c
1785000924260,0,current_c
1785000924261,0,current_c
1785000924262,0,current_c
1785000924263,0,current_c
1785000924264,0,current_c
1785000924265,0,current_c
1785000924266,0,current_c
1785000924267,0,current_c
1785000924268,0,current_c
1785000924269,0,current_c
1785000924270,0,current_c
1785000924271,0,current_c
1785000924272,0,current_c
1785000924273,0,current_c
1785000924274,0,current_c
1785000924275,0,current_c
1785000924276,0,current_c
1785000924277,0,current_c
1785000924278,0,current_c
1785000924279,0,current_c
1785000924280,0,current_c
1785000924281,0,current_c
1785000924282,0,current_c
1785000924283,0,current_a
1785000924284,0,current_a
1785000924285,0,current_a
1785000924286,0,current_a
1785000924287,0,current_a
1785000924288,0,current_a
1785000924289,0,current_a
1785000924290,0,current_a
1785000924291,0,current_a
1785000924292,0,current_a
1785000924293,0,current_a
1785000924294,0,current_a
1785000924295,0,current_a
1785000924296,0,current_a
1785000924297,0,current_a
1785000924298,0,current_a
1785000924299,0,current_a
1785000924300,0,current_a
1785000924301,0,current_a
1785000924302,0,current_a
1785000924303,0,current_a
1785000924304,0,current_a
1785000924305,0,current_a
1785000924306,0,current_a
1785000924307,0,current_a
1785000924308,0,current_a
1785000924309,0,current_a
1785000924310,0,current_a
1785000924311,0,current_a
1785000924312,0,current_a
1785000924313,0,current_a
1785000924314,0,current_a
1785000924315,0,current_a
1785000924316,0,current_a
1785000924317,0,current_a
1785000924318,0,current_a
1785000924319,0,current_a
1785000924320,0,current_a
1785000924321,0,current_a
1785000924322,0,current_a
1785000924323,0,current_a
1785000924324,0,current_a
1785000924325,0,current_a
1785000924326,0,current_a
1785000924327,0,current_a
1785000924328,0,current_a
1785000924329,0,current_a
1785000924330,0,current_a
1785000924331,0,current_a
1785000924332,0,current_a
1785000924283,0,current_b
1785000924284,0,current_b
1785000924285,0,current_b
1785000924286,0,current_b
1785000924287,0,current_b
1785000924288,0,current_b
1785000924289,0,current_b
1785000924290,0,current_b
1785000924291,0,current_b
1785000924292,0,current_b
1785000924293,0,current_b
1785000924294,0,current_b
1785000924295,0,current_b
1785000924296,0,current_b
1785000924297,0,current_b
1785000924298,0,current_b
1785000924299,0,current_b
1785000924300,0,current_b
1785000924301,0,current_b
1785000924302,0,current_b
1785000924303,0,current_b
1785000924304,0,current_b
1785000924305,0,current_b
1785000924306,0,current_b
1785000924307,0,current_b
1785000924308,0,current_b
1785000924309,0,current_b
1785000924310,0,current_b
1785000924311,0,current_b
1785000924312,0,current_b
1785000924313,0,current_b
1785000924314,0,current_b
1785000924315,0,current_b
1785000924316,0,current_b
1785000924317,0,current_b
1785000924318,0,current_b
1785000924319,0,current_b
1785000924320,0,current_b
1785000924321,0,current_b
1785000924322,0,current_b
1785000924323,0,current_b
1785000924324,0,current_b
1785000924325,0,current_b
1785000924326,0,current_b
1785000924327,0,current_b
1785000924328,0,current_b
1785000924329,0,current_b
1785000924330,0,current_b
1785000924331,0,current_b
1785000924332,0,current_b
1785000924283,0,current_c
1785000924284,0,current_c
1785000924285,0,current_c
1785000924286,0,current_c
1785000924287,0,current_c
1785000924288,0,current_c
1785000924289,0,current_c
1785000924290,0,current_c
1785000924291,0,current_c
1785000924292,0,current_c
1785000924293,0,current_c
1785000924294,0,current_c
1785000924295,0,current_c
1785000924296,0,current_c
1785000924297,0,current_c
1785000924298,0,current_c
1785000924299,0,current_c
1785000924300,0,current_c
1785000924301,0,current_c
1785000924302,0,current_c
1785000924303,0,current_c
1785000924304,0,current_c
1785000924305,0,current_c
1785000924306,0,current_c
1785000924307,0,current_c
1785000924308,0,current_c
1785000924309,0,current_c
1785000924310,0,current_c
1785000924311,0,current_c
1785000924312,0,current_c
1785000924313,0,current_c
1785000924314,0,current_c
1785000924315,0,current_c
1785000924316,0,current_c
1785000924317,0,current_c
1785000924318,0,current_c
1785000924319,0,current_c
1785000924320,0,current_c
1785000924321,0,current_c
1785000924322,0,current_c
1785000924323,0,current_c
1785000924324,0,current_c
1785000924325,0,current_c
1785000924326,0,current_c
1785000924327,0,current_c
1785000924328,0,current_c
1785000924329,0,current_c
1785000924330,0,current_c
1785000924331,0,current_c
1785000924332,0,current_c
1785000924333,0,current_a
1785000924334,0,current_a
1785000924335,0,current_a
1785000924336,0,current_a
1785000924337,0,current_a
1785000924338,0,current_a
1785000924339,0,current_a
1785000924340,0,current_a
1785000924341,0,current_a
1785000924342,0,current_a
1785000924343,0,current_a
1785000924344,0,current_a
1785000924345,0,current_a
1785000924346,0,current_a
1785000924347,0,current_a
1785000924348,0,current_a
1785000924349,0,current_a
1785000924350,0,current_a
1785000924351,0,current_a
1785000924352,0,current_a
1785000924353,0,current_a
1785000924354,0,current_a
1785000924355,0,current_a
1785000924356,0,current_a
1785000924357,0,current_a
1785000924358,0,current_a
1785000924359,0,current_a
1785000924360,0,current_a
1785000924361,0,current_a
1785000924362,0,current_a
1785000924363,0,current_a
1785000924364,0,current_a
1785000924365,0,current_a
1785000924366,0,current_a
1785000924367,0,current_a
1785000924368,0,current_a
1785000924369,0,current_a
1785000924370,0,current_a
1785000924371,0,current_a
1785000924372,0,current_a
1785000924373,0,current_a
1785000924374,0,current_a
1785000924375,0,current_a
1785000924376,0,current_a
1785000924377,0,current_a
1785000924378,0,current_a
1785000924379,0,current_a
1785000924380,0,current_a
1785000924381,0,current_a
1785000924382,0,current_a
1785000924333,0,current_b
1785000924334,0,current_b
1785000924335,0,current_b
1785000924336,0,current_b
1785000924337,0,current_b
1785000924338,0,current_b
1785000924339,0,current_b
1785000924340,0,current_b
1785000924341,0,current_b
1785000924342,0,current_b
1785000924343,0,current_b
1785000924344,0,current_b
1785000924345,0,current_b
1785000924346,0,current_b
1785000924347,0,current_b
1785000924348,0,current_b
1785000924349,0,current_b
1785000924350,0,current_b
1785000924351,0,current_b
1785000924352,0,current_b
1785000924353,0,current_b
1785000924354,0,current_b
1785000924355,0,current_b
1785000924356,0,current_b
1785000924357,0,current_b
1785000924358,0,current_b
1785000924359,0,current_b
1785000924360,0,current_b
1785000924361,0,current_b
1785000924362,0,current_b
1785000924363,0,current_b
1785000924364,0,current_b
1785000924365,0,current_b
1785000924366,0,current_b
1785000924367,0,current_b
1785000924368,0,current_b
1785000924369,0,current_b
1785000924370,0,current_b
1785000924371,0,current_b
1785000924372,0,current_b
1785000924373,0,current_b
1785000924374,0,current_b
1785000924375,0,current_b
1785000924376,0,current_b
1785000924377,0,current_b
1785000924378,0,current_b
1785000924379,0,current_b
1785000924380,0,current_b
1785000924381,0,current_b
1785000924382,0,current_b
1785000924333,0,current_c
1785000924334,0,current_c
1785000924335,0,current_c
1785000924336,0,current_c
1785000924337,0,current_c
1785000924338,0,current_c
1785000924339,0,current_c
1785000924340,0,current_c
1785000924341,0,current_c
1785000924342,0,current_c
1785000924343,0,current_c
1785000924344,0,current_c
1785000924345,0,current_c
1785000924346,0,current_c
1785000924347,0,current_c
1785000924348,0,current_c
1785000924349,0,current_c
1785000924350,0,current_c
1785000924351,0,current_c
1785000924352,0,current_c
1785000924353,0,current_c
1785000924354,0,current_c
1785000924355,0,current_c
1785000924356,0,current_c
1785000924357,0,current_c
1785000924358,0,current_c
1785000924359,0,current_c
1785000924360,0,current_c
1785000924361,0,current_c
1785000924362,0,current_c
1785000924363,0,current_c
1785000924364,0,current_c
1785000924365,0,current_c
1785000924366,0,current_c
1785000924367,0,current_c
1785000924368,0,current_c
1785000924369,0,current_c
1785000924370,0,current_c
1785000924371,0,current_c
1785000924372,0,current_c
1785000924373,0,current_c
1785000924374,0,current_c
1785000924375,0,current_c
1785000924376,0,current_c
1785000924377,0,current_c
1785000924378,0,current_c
1785000924379,0,current_c
1785000924380,0,current_c
1785000924381,0,current_c
1785000924382,0,current_c
1785000924383,0,current_a
1785000924384,0,current_a
1785000924385,0,current_a
1785000924386,0,current_a
1785000924387,0,current_a
1785000924388,0,current_a
1785000924389,0,current_a
1785000924390,0,current_a
1785000924391,0,current_a
1785000924392,0,current_a
1785000924393,0,current_a
1785000924394,0,current_a
1785000924395,0,current_a
1785000924396,0,current_a
1785000924397,0,current_a
1785000924398,0,current_a
1785000924399,0,current_a
1785000924400,0,current_a
1785000924401,0,current_a
1785000924402,0,current_a
1785000924403,0,current_a
1785000924404,0,current_a
1785000924405,0,current_a
1785000924406,0,current_a
1785000924407,0,current_a
1785000924408,0,current_a
1785000924409,0,current_a
1785000924410,0,current_a
1785000924411,0,current_a
1785000924412,0,current_a
1785000924413,0,current_a
1785000924414,0,current_a
1785000924415,0,current_a
1785000924416,0,current_a
1785000924417,0,current_a
1785000924418,0,current_a
1785000924419,0,current_a
1785000924420,0,current_a
1785000924421,0,current_a
1785000924422,0,current_a
1785000924423,0,current_a
1785000924424,0,current_a
1785000924425,0,current_a
1785000924426,0,current_a
1785000924427,0,current_a
1785000924428,0,current_a
1785000924429,0,current_a
1785000924430,0,current_a
1785000924431,0,current_a
1785000924432,0,current_a
1785000924383,0,current_b
1785000924384,0,current_b
1785000924385,0,current_b
1785000924386,0,current_b
1785000924387,0,current_b
1785000924388,0,current_b
1785000924389,0,current_b
1785000924390,0,current_b
1785000924391,0,current_b
1785000924392,0,current_b
1785000924393,0,current_b
1785000924394,0,current_b
1785000924395,0,current_b
1785000924396,0,current_b
1785000924397,0,current_b
1785000924398,0,current_b
1785000924399,0,current_b
1785000924400,0,current_b
1785000924401,0,current_b
1785000924402,0,current_b
1785000924403,0,current_b
1785000924404,0,current_b
1785000924405,0,current_b
1785000924406,0,current_b
1785000924407,0,current_b
1785000924408,0,current_b
1785000924409,0,current_b
1785000924410,0,current_b
1785000924411,0,current_b
1785000924412,0,current_b
1785000924413,0,current_b
1785000924414,0,current_b
1785000924415,0,current_b
1785000924416,0,current_b
1785000924417,0,current_b
1785000924418,0,current_b
1785000924419,0,current_b
1785000924420,0,current_b
1785000924421,0,current_b
1785000924422,0,current_b
1785000924423,0,current_b
1785000924424,0,current_b
1785000924425,0,current_b
1785000924426,0,current_b
1785000924427,0,current_b
1785000924428,0,current_b
1785000924429,0,current_b
1785000924430,0,current_b
1785000924431,0,current_b
1785000924432,0,current_b
1785000924383,0,current_c
1785000924384,0,current_c
1785000924385,0,current_c
1785000924386,0,current_c
1785000924387,0,current_c
1785000924388,0,current_c
1785000924389,0,current_c
1785000924390,0,current_c
1785000924391,0,current_c
1785000924392,0,current_c
1785000924393,0,current_c
1785000924394,0,current_c
1785000924395,0,current_c
1785000924396,0,current_c
1785000924397,0,current_c
1785000924398,0,current_c
1785000924399,0,current_c
1785000924400,0,current_c
1785000924401,0,current_c
1785000924402,0,current_c
1785000924403,0,current_c
1785000924404,0,current_c
1785000924405,0,current_c
1785000924406,0,current_c
1785000924407,0,current_c
1785000924408,0,current_c
1785000924409,0,current_c
1785000924410,0,current_c
1785000924411,0,current_c
1785000924412,0,current_c
1785000924413,0,current_c
1785000924414,0,current_c
1785000924415,0,current_c
1785000924416,0,current_c
1785000924417,0,current_c
1785000924418,0,current_c
1785000924419,0,current_c
1785000924420,0,current_c
1785000924421,0,current_c
1785000924422,0,current_c
1785000924423,0,current_c
1785000924424,0,current_c
1785000924425,0,current_c
1785000924426,0,current_c
1785000924427,0,current_c
1785000924428,0,current_c
1785000924429,0,current_c
1785000924430,0,current_c
1785000924431,0,current_c
1785000924432,0,current_c
1785000924433,0,current_a
1785000924434,0,current_a
1785000924435,0,current_a
1785000924436,0,current_a
1785000924437,0,current_a
1785000924438,0,current_a
1785000924439,0,current_a
1785000924440,0,current_a
1785000924441,0,current_a
1785000924442,0,current_a
1785000924443,0,current_a
1785000924444,0,current_a
1785000924445,0,current_a
1785000924446,0,current_a
1785000924447,0,current_a
1785000924448,0,current_a
1785000924449,0,current_a
1785000924450,0,current_a
1785000924451,0,current_a
1785000924452,0,current_a
1785000924453,0,current_a
1785000924454,0,current_a
1785000924455,0,current_a
1785000924456,0,current_a
1785000924457,0,current_a
1785000924458,0,current_a
1785000924459,0,current_a
1785000924460,0,current_a
1785000924461,0,current_a
1785000924462,0,current_a
1785000924463,0,current_a
1785000924464,0,current_a
1785000924465,0,current_a
1785000924466,0,current_a
1785000924467,0,current_a
1785000924468,0,current_a
1785000924469,0,current_a
1785000924470,0,current_a
1785000924471,0,current_a
1785000924472,0,current_a
1785000924473,0,current_a
1785000924474,0,current_a
1785000924475,0,current_a
1785000924476,0,current_a
1785000924477,0,current_a
1785000924478,0,current_a
1785000924479,0,current_a
1785000924480,0,current_a
1785000924481,0,current_a
1785000924482,0,current_a
1785000924433,0,current_b
1785000924434,0,current_b
1785000924435,0,current_b
1785000924436,0,current_b
1785000924437,0,current_b
1785000924438,0,current_b
1785000924439,0,current_b
1785000924440,0,current_b
1785000924441,0,current_b
1785000924442,0,current_b
1785000924443,0,current_b
1785000924444,0,current_b
1785000924445,0,current_b
1785000924446,0,current_b
1785000924447,0,current_b
1785000924448,0,current_b
1785000924449,0,current_b
1785000924450,0,current_b
1785000924451,0,current_b
1785000924452,0,current_b
1785000924453,0,current_b
1785000924454,0,current_b
1785000924455,0,current_b
1785000924456,0,current_b
1785000924457,0,current_b
1785000924458,0,current_b
1785000924459,0,current_b
1785000924460,0,current_b
1785000924461,0,current_b
1785000924462,0,current_b
1785000924463,0,current_b
1785000924464,0,current_b
1785000924465,0,current_b
1785000924466,0,current_b
1785000924467,0,current_b
1785000924468,0,current_b
1785000924469,0,current_b
1785000924470,0,current_b
1785000924471,0,current_b
1785000924472,0,current_b
1785000924473,0,current_b
1785000924474,0,current_b
1785000924475,0,current_b
1785000924476,0,current_b
1785000924477,0,current_b
1785000924478,0,current_b
1785000924479,0,current_b
1785000924480,0,current_b
1785000924481,0,current_b
1785000924482,0,current_b
1785000924433,0,current_c
1785000924434,0,current_c
1785000924435,0,current_c
1785000924436,0,current_c
1785000924437,0,current_c
1785000924438,0,current_c
1785000924439,0,current_c
1785000924440,0,current_c
1785000924441,0,current_c
1785000924442,0,current_c
1785000924443,0,current_c
1785000924444,0,current_c
1785000924445,0,current_c
1785000924446,0,current_c
1785000924447,0,current_c
1785000924448,0,current_c
1785000924449,0,current_c
1785000924450,0,current_c
1785000924451,0,current_c
1785000924452,0,current_c
1785000924453,0,current_c
1785000924454,0,current_c
1785000924455,0,current_c
1785000924456,0,current_c
1785000924457,0,current_c
1785000924458,0,current_c
1785000924459,0,current_c
1785000924460,0,current_c
1785000924461,0,current_c
1785000924462,0,current_c
1785000924463,0,current_c
1785000924464,0,current_c
1785000924465,0,current_c
1785000924466,0,current_c
1785000924467,0,current_c
1785000924468,0,current_c
1785000924469,0,current_c
1785000924470,0,current_c
1785000924471,0,current_c
1785000924472,0,current_c
1785000924473,0,current_c
1785000924474,0,current_c
1785000924475,0,current_c
1785000924476,0,current_c
1785000924477,0,current_c
1785000924478,0,current_c
1785000924479,0,current_c
1785000924480,0,current_c
1785000924481,0,current_c
1785000924482,0,current_c
1785000924483,0,current_a
1785000924484,0,current_a
1785000924485,0,current_a
1785000924486,0,current_a
1785000924487,0,current_a
1785000924488,0,current_a
1785000924489,0,current_a
1785000924490,0,current_a
1785000924491,0,current_a
1785000924492,0,current_a
1785000924493,0,current_a
1785000924494,0,current_a
1785000924495,0,current_a
1785000924496,0,current_a
1785000924497,0,current_a
1785000924498,0,current_a
1785000924499,0,current_a
1785000924500,0,current_a
1785000924501,0,current_a
1785000924502,0,current_a
1785000924503,0,current_a
1785000924504,0,current_a
1785000924505,0,current_a
1785000924506,0,current_a
1785000924507,0,current_a
1785000924508,0,current_a
1785000924509,0,current_a
1785000924510,0,current_a
1785000924511,0,current_a
1785000924512,0,current_a
1785000924513,0,current_a
1785000924514,0,current_a
1785000924515,0,current_a
1785000924516,0,current_a
1785000924517,0,current_a
1785000924518,0,current_a
1785000924519,0,current_a
1785000924520,0,current_a
1785000924521,0,current_a
1785000924522,0,current_a
1785000924523,0,current_a
1785000924524,0,current_a
1785000924525,0,current_a
1785000924526,0,current_a
1785000924527,0,current_a
1785000924528,0,current_a
1785000924529,0,current_a
1785000924530,0,current_a
1785000924531,0,current_a
1785000924532,0,current_a
1785000924483,0,current_b
1785000924484,0,current_b
1785000924485,0,current_b
1785000924486,0,current_b
1785000924487,0,current_b
1785000924488,0,current_b
1785000924489,0,current_b
1785000924490,0,current_b
1785000924491,0,current_b
1785000924492,0,current_b
1785000924493,0,current_b
1785000924494,0,current_b
1785000924495,0,current_b
1785000924496,0,current_b
1785000924497,0,current_b
1785000924498,0,current_b
1785000924499,0,current_b
1785000924500,0,current_b
1785000924501,0,current_b
1785000924502,0,current_b
1785000924503,0,current_b
1785000924504,0,current_b
1785000924505,0,current_b
1785000924506,0,current_b
1785000924507,0,current_b
1785000924508,0,current_b
1785000924509,0,current_b
1785000924510,0,current_b
1785000924511,0,current_b
1785000924512,0,current_b
1785000924513,0,current_b
1785000924514,0,current_b
1785000924515,0,current_b
1785000924516,0,current_b
1785000924517,0,current_b
1785000924518,0,current_b
1785000924519,0,current_b
1785000924520,0,current_b
1785000924521,0,current_b
1785000924522,0,current_b
1785000924523,0,current_b
1785000924524,0,current_b
1785000924525,0,current_b
1785000924526,0,current_b
1785000924527,0,current_b
1785000924528,0,current_b
1785000924529,0,current_b
1785000924530,0,current_b
1785000924531,0,current_b
1785000924532,0,current_b
1785000924483,0,current_c
1785000924484,0,current_c
1785000924485,0,current_c
1785000924486,0,current_c
1785000924487,0,current_c
1785000924488,0,current_c
1785000924489,0,current_c
1785000924490,0,current_c
1785000924491,0,current_c
1785000924492,0,current_c
1785000924493,0,current_c
1785000924494,0,current_c
1785000924495,0,current_c
1785000924496,0,current_c
1785000924497,0,current_c
1785000924498,0,current_c
1785000924499,0,current_c
1785000924500,0,current_c
1785000924501,0,current_c
1785000924502,0,current_c
1785000924503,0,current_c
1785000924504,0,current_c
1785000924505,0,current_c
1785000924506,0,current_c
1785000924507,0,current_c
1785000924508,0,current_c
1785000924509,0,current_c
1785000924510,0,current_c
1785000924511,0,current_c
1785000924512,0,current_c
1785000924513,0,current_c
1785000924514,0,current_c
1785000924515,0,current_c
1785000924516,0,current_c
1785000924517,0,current_c
1785000924518,0,current_c
1785000924519,0,current_c
1785000924520,0,current_c
1785000924521,0,current_c
1785000924522,0,current_c
1785000924523,0,current_c
1785000924524,0,current_c
1785000924525,0,current_c
1785000924526,0,current_c
1785000924527,0,current_c
1785000924528,0,current_c
1785000924529,0,current_c
1785000924530,0,current_c
1785000924531,0,current_c
1785000924532,0,current_c
1785000924533,0,current_a
1785000924534,0,current_a
1785000924535,0,current_a
1785000924536,0,current_a
1785000924537,0,current_a
1785000924538,0,current_a
1785000924539,0,current_a
1785000924540,0,current_a
1785000924541,0,current_a
1785000924542,0,current_a
1785000924543,0,current_a
1785000924544,0,current_a
1785000924545,0,current_a
1785000924546,0,current_a
1785000924547,0,current_a
1785000924548,0,current_a
1785000924549,0,current_a
1785000924550,0,current_a
1785000924551,0,current_a
1785000924552,0,current_a
1785000924553,0,current_a
1785000924554,0,current_a
1785000924555,0,current_a
1785000924556,0,current_a
1785000924557,0,current_a
1785000924558,0,current_a
1785000924559,0,current_a
1785000924560,0,current_a
1785000924561,0,current_a
1785000924562,0,current_a
1785000924563,0,current_a
1785000924564,0,current_a
1785000924565,0,current_a
1785000924566,0,current_a
1785000924567,0,current_a
1785000924568,0,current_a
1785000924569,0,current_a
1785000924570,0,current_a
1785000924571,0,current_a
1785000924572,0,current_a
1785000924573,0,current_a
1785000924574,0,current_a
1785000924575,0,current_a
1785000924576,0,current_a
1785000924577,0,current_a
1785000924578,0,current_a
1785000924579,0,current_a
1785000924580,0,current_a
1785000924581,0,current_a
1785000924582,0,current_a
1785000924533,0,current_b
1785000924534,0,current_b
1785000924535,0,current_b
1785000924536,0,current_b
1785000924537,0,current_b
1785000924538,0,current_b
1785000924539,0,current_b
1785000924540,0,current_b
1785000924541,0,current_b
1785000924542,0,current_b
1785000924543,0,current_b
1785000924544,0,current_b
1785000924545,0,current_b
1785000924546,0,current_b
1785000924547,0,current_b
1785000924548,0,current_b
1785000924549,0,current_b
1785000924550,0,current_b
1785000924551,0,current_b
1785000924552,0,current_b
1785000924553,0,current_b
1785000924554,0,current_b
1785000924555,0,current_b
1785000924556,0,current_b
1785000924557,0,current_b
1785000924558,0,current_b
1785000924559,0,current_b
1785000924560,0,current_b
1785000924561,0,current_b
1785000924562,0,current_b
1785000924563,0,current_b
1785000924564,0,current_b
1785000924565,0,current_b
1785000924566,0,current_b
1785000924567,0,current_b
1785000924568,0,current_b
1785000924569,0,current_b
1785000924570,0,current_b
1785000924571,0,current_b
1785000924572,0,current_b
1785000924573,0,current_b
1785000924574,0,current_b
1785000924575,0,current_b
1785000924576,0,current_b
1785000924577,0,current_b
1785000924578,0,current_b
1785000924579,0,current_b
1785000924580,0,current_b
1785000924581,0,current_b
1785000924582,0,current_b
1785000924533,0,current_c
1785000924534,0,current_c
1785000924535,0,current_c
1785000924536,0,current_c
1785000924537,0,current_c
1785000924538,0,current_c
1785000924539,0,current_c
1785000924540,0,current_c
1785000924541,0,current_c
1785000924542,0,current_c
1785000924543,0,current_c
1785000924544,0,current_c
1785000924545,0,current_c
1785000924546,0,current_c
1785000924547,0,current_c
1785000924548,0,current_c
1785000924549,0,current_c
1785000924550,0,current_c
1785000924551,0,current_c
1785000924552,0,current_c
1785000924553,0,current_c
1785000924554,0,current_c
1785000924555,0,current_c
1785000924556,0,current_c
1785000924557,0,current_c
1785000924558,0,current_c
1785000924559,0,current_c
1785000924560,0,current_c
1785000924561,0,current_c
1785000924562,0,current_c
1785000924563,0,current_c
1785000924564,0,current_c
1785000924565,0,current_c
1785000924566,0,current_c
1785000924567,0,current_c
1785000924568,0,current_c
1785000924569,0,current_c
1785000924570,0,current_c
1785000924571,0,current_c
1785000924572,0,current_c
1785000924573,0,current_c
1785000924574,0,current_c
1785000924575,0,current_c
1785000924576,0,current_c
1785000924577,0,current_c
1785000924578,0,current_c
1785000924579,0,current_c
1785000924580,0,current_c
1785000924581,0,current_c
1785000924582,0,current_c
1785000924583,0,current_a
1785000924584,0,current_a
1785000924585,0,current_a
1785000924586,0,current_a
1785000924587,0,current_a
1785000924588,0,current_a
1785000924589,0,current_a
1785000924590,0,current_a
1785000924591,0,current_a
1785000924592,0,current_a
1785000924593,0,current_a
1785000924594,0,current_a
1785000924595,0,current_a
1785000924596,0,current_a
1785000924597,0,current_a
1785000924598,0,current_a
1785000924599,0,current_a
1785000924600,0,current_a
1785000924601,0,current_a
1785000924602,0,current_a
1785000924603,0,current_a
1785000924604,0,current_a
1785000924605,0,current_a
1785000924606,0,current_a
1785000924607,0,current_a
1785000924608,0,current_a
1785000924609,0,current_a
1785000924610,0,current_a
1785000924611,0,current_a
1785000924612,0,current_a
1785000924613,0,current_a
1785000924614,0,current_a
1785000924615,0,current_a
1785000924616,0,current_a
1785000924617,0,current_a
1785000924618,0,current_a
1785000924619,0,current_a
1785000924620,0,current_a
1785000924621,0,current_a
1785000924622,0,current_a
1785000924623,0,current_a
1785000924624,0,current_a
1785000924625,0,current_a
1785000924626,0,current_a
1785000924627,0,current_a
1785000924628,0,current_a
1785000924629,0,current_a
1785000924630,0,current_a
1785000924631,0,current_a
1785000924632,0,current_a
1785000924583,0,current_b
1785000924584,0,current_b
1785000924585,0,current_b
1785000924586,0,current_b
1785000924587,0,current_b
1785000924588,0,current_b
1785000924589,0,current_b
1785000924590,0,current_b
1785000924591,0,current_b
1785000924592,0,current_b
1785000924593,0,current_b
1785000924594,0,current_b
1785000924595,0,current_b
1785000924596,0,current_b
1785000924597,0,current_b
1785000924598,0,current_b
1785000924599,0,current_b
1785000924600,0,current_b
1785000924601,0,current_b
1785000924602,0,current_b
1785000924603,0,current_b
1785000924604,0,current_b
1785000924605,0,current_b
1785000924606,0,current_b
1785000924607,0,current_b
1785000924608,0,current_b
1785000924609,0,current_b
1785000924610,0,current_b
1785000924611,0,current_b
1785000924612,0,current_b
1785000924613,0,current_b
1785000924614,0,current_b
1785000924615,0,current_b
1785000924616,0,current_b
1785000924617,0,current_b
1785000924618,0,current_b
1785000924619,0,current_b
1785000924620,0,current_b
1785000924621,0,current_b
1785000924622,0,current_b
1785000924623,0,current_b
1785000924624,0,current_b
1785000924625,0,current_b
1785000924626,0,current_b
1785000924627,0,current_b
1785000924628,0,current_b
1785000924629,0,current_b
1785000924630,0,current_b
1785000924631,0,current_b
1785000924632,0,current_b
1785000924583,0,current_c
1785000924584,0,current_c
1785000924585,0,current_c
1785000924586,0,current_c
1785000924587,0,current_c
1785000924588,0,current_c
1785000924589,0,current_c
1785000924590,0,current_c
1785000924591,0,current_c
1785000924592,0,current_c
1785000924593,0,current_c
1785000924594,0,current_c
1785000924595,0,current_c
1785000924596,0,current_c
1785000924597,0,current_c
1785000924598,0,current_c
1785000924599,0,current_c
1785000924600,0,current_c
1785000924601,0,current_c
1785000924602,0,current_c
1785000924603,0,current_c
1785000924604,0,current_c
1785000924605,0,current_c
1785000924606,0,current_c
1785000924607,0,current_c
1785000924608,0,current_c
1785000924609,0,current_c
1785000924610,0,current_c
1785000924611,0,current_c
1785000924612,0,current_c
1785000924613,0,current_c
1785000924614,0,current_c
1785000924615,0,current_c
1785000924616,0,current_c
1785000924617,0,current_c
1785000924618,0,current_c
1785000924619,0,current_c
1785000924620,0,current_c
1785000924621,0,current_c
1785000924622,0,current_c
1785000924623,0,current_c
1785000924624,0,current_c
1785000924625,0,current_c
1785000924626,0,current_c
1785000924627,0,current_c
1785000924628,0,current_c
1785000924629,0,current_c
1785000924630,0,current_c
1785000924631,0,current_c
1785000924632,0,current_c
1785000924633,0,current_a
1785000924634,0,current_a
1785000924635,0,current_a
1785000924636,0,current_a
1785000924637,0,current_a
1785000924638,0,current_a
1785000924639,0,current_a
1785000924640,0,current_a
1785000924641,0,current_a
1785000924642,0,current_a
1785000924643,0,current_a
1785000924644,0,current_a
1785000924645,0,current_a
1785000924646,0,current_a
1785000924647,0,current_a
1785000924648,0,current_a
1785000924649,0,current_a
1785000924650,0,current_a
1785000924651,0,current_a
1785000924652,0,current_a
1785000924653,0,current_a
1785000924654,0,current_a
1785000924655,0,current_a
1785000924656,0,current_a
1785000924657,0,current_a
1785000924658,0,current_a
1785000924659,0,current_a
1785000924660,0,current_a
1785000924661,0,current_a
1785000924662,0,current_a
1785000924663,0,current_a
1785000924664,0,current_a
1785000924665,0,current_a
1785000924666,0,current_a
1785000924667,0,current_a
1785000924668,0,current_a
1785000924669,0,current_a
1785000924670,0,current_a
1785000924671,0,current_a
1785000924672,0,current_a
1785000924673,0,current_a
1785000924674,0,current_a
1785000924675,0,current_a
1785000924676,0,current_a
1785000924677,0,current_a
1785000924678,0,current_a
1785000924679,0,current_a
1785000924680,0,current_a
1785000924681,0,current_a
1785000924682,0,current_a
1785000924633,0,current_b
1785000924634,0,current_b
1785000924635,0,current_b
1785000924636,0,current_b
1785000924637,0,current_b
1785000924638,0,current_b
1785000924639,0,current_b
1785000924640,0,current_b
1785000924641,0,current_b
1785000924642,0,current_b
1785000924643,0,current_b
1785000924644,0,current_b
1785000924645,0,current_b
1785000924646,0,current_b
1785000924647,0,current_b
1785000924648,0,current_b
1785000924649,0,current_b
1785000924650,0,current_b
1785000924651,0,current_b
1785000924652,0,current_b
1785000924653,0,current_b
1785000924654,0,current_b
1785000924655,0,current_b
1785000924656,0,current_b
1785000924657,0,current_b
1785000924658,0,current_b
1785000924659,0,current_b
1785000924660,0,current_b
1785000924661,0,current_b
1785000924662,0,current_b
1785000924663,0,current_b
1785000924664,0,current_b
1785000924665,0,current_b
1785000924666,0,current_b
1785000924667,0,current_b
1785000924668,0,current_b
1785000924669,0,current_b
1785000924670,0,current_b
1785000924671,0,current_b
1785000924672,0,current_b
1785000924673,0,current_b
1785000924674,0,current_b
1785000924675,0,current_b
1785000924676,0,current_b
1785000924677,0,current_b
1785000924678,0,current_b
1785000924679,0,current_b
1785000924680,0,current_b
1785000924681,0,current_b
1785000924682,0,current_b
1785000924633,0,current_c
1785000924634,0,current_c
1785000924635,0,current_c
1785000924636,0,current_c
1785000924637,0,current_c
1785000924638,0,current_c
1785000924639,0,current_c
1785000924640,0,current_c
1785000924641,0,current_c
1785000924642,0,current_c
1785000924643,0,current_c
1785000924644,0,current_c
1785000924645,0,current_c
1785000924646,0,current_c
1785000924647,0,current_c
1785000924648,0,current_c
1785000924649,0,current_c
1785000924650,0,current_c
1785000924651,0,current_c
1785000924652,0,current_c
1785000924653,0,current_c
1785000924654,0,current_c
1785000924655,0,current_c
1785000924656,0,current_c
1785000924657,0,current_c
1785000924658,0,current_c
1785000924659,0,current_c
1785000924660,0,current_c
1785000924661,0,current_c
1785000924662,0,current_c
1785000924663,0,current_c
1785000924664,0,current_c
1785000924665,0,current_c
1785000924666,0,current_c
1785000924667,0,current_c
1785000924668,0,current_c
1785000924669,0,current_c
1785000924670,0,current_c
1785000924671,0,current_c
1785000924672,0,current_c
1785000924673,0,current_c
1785000924674,0,current_c
1785000924675,0,current_c
1785000924676,0,current_c
1785000924677,0,current_c
1785000924678,0,current_c
1785000924679,0,current_c
1785000924680,0,current_c
1785000924681,0,current_c
1785000924682,0,current_c
1785000924683,0,current_a
1785000924684,0,current_a
1785000924685,0,current_a
1785000924686,0,current_a
1785000924687,0,current_a
1785000924688,0,current_a
1785000924689,0,current_a
1785000924690,0,current_a
1785000924691,0,current_a
1785000924692,0,current_a
1785000924693,0,current_a
1785000924694,0,current_a
1785000924695,0,current_a
1785000924696,0,current_a
1785000924697,0,current_a
1785000924698,0,current_a
1785000924699,0,current_a
1785000924700,0,current_a
1785000924701,0,current_a
1785000924702,0,current_a
1785000924703,0,current_a
1785000924704,0,current_a
1785000924705,0,current_a
1785000924706,0,current_a
1785000924707,0,current_a
1785000924708,0,current_a
1785000924709,0,current_a
1785000924710,0,current_a
1785000924711,0,current_a
1785000924712,0,current_a
1785000924713,0,current_a
1785000924714,0,current_a
1785000924715,0,current_a
1785000924716,0,current_a
1785000924717,0,current_a
1785000924718,0,current_a
1785000924719,0,current_a
1785000924720,0,current_a
1785000924721,0,current_a
1785000924722,0,current_a
1785000924723,0,current_a
1785000924724,0,current_a
1785000924725,0,current_a
1785000924726,0,current_a
1785000924727,0,current_a
1785000924728,0,current_a
1785000924729,0,current_a
1785000924730,0,current_a
1785000924731,0,current_a
1785000924732,0,current_a
1785000924683,0,current_b
1785000924684,0,current_b
1785000924685,0,current_b
1785000924686,0,current_b
1785000924687,0,current_b
1785000924688,0,current_b
1785000924689,0,current_b
1785000924690,0,current_b
1785000924691,0,current_b
1785000924692,0,current_b
1785000924693,0,current_b
1785000924694,0,current_b
1785000924695,0,current_b
1785000924696,0,current_b
1785000924697,0,current_b
1785000924698,0,current_b
1785000924699,0,current_b
1785000924700,0,current_b
1785000924701,0,current_b
1785000924702,0,current_b
1785000924703,0,current_b
1785000924704,0,current_b
1785000924705,0,current_b
1785000924706,0,current_b
1785000924707,0,current_b
1785000924708,0,current_b
1785000924709,0,current_b
1785000924710,0,current_b
1785000924711,0,current_b
1785000924712,0,current_b
1785000924713,0,current_b
1785000924714,0,current_b
1785000924715,0,current_b
1785000924716,0,current_b
1785000924717,0,current_b
1785000924718,0,current_b
1785000924719,0,current_b
1785000924720,0,current_b
1785000924721,0,current_b
1785000924722,0,current_b
1785000924723,0,current_b
1785000924724,0,current_b
1785000924725,0,current_b
1785000924726,0,current_b
1785000924727,0,current_b
1785000924728,0,current_b
1785000924729,0,current_b
1785000924730,0,current_b
1785000924731,0,current_b
1785000924732,0,current_b
1785000924683,0,current_c
1785000924684,0,current_c
1785000924685,0,current_c
1785000924686,0,current_c
1785000924687,0,current_c
1785000924688,0,current_c
1785000924689,0,current_c
1785000924690,0,current_c
1785000924691,0,current_c
1785000924692,0,current_c
1785000924693,0,current_c
1785000924694,0,current_c
1785000924695,0,current_c
1785000924696,0,current_c
1785000924697,0,current_c
1785000924698,0,current_c
1785000924699,0,current_c
1785000924700,0,current_c
1785000924701,0,current_c
1785000924702,0,current_c
1785000924703,0,current_c
1785000924704,0,current_c
1785000924705,0,current_c
1785000924706,0,current_c
1785000924707,0,current_c
1785000924708,0,current_c
1785000924709,0,current_c
1785000924710,0,current_c
1785000924711,0,current_c
1785000924712,0,current_c
1785000924713,0,current_c
1785000924714,0,current_c
1785000924715,0,current_c
1785000924716,0,current_c
1785000924717,0,current_c
1785000924718,0,current_c
1785000924719,0,current_c
1785000924720,0,current_c
1785000924721,0,current_c
1785000924722,0,current_c
1785000924723,0,current_c
1785000924724,0,current_c
1785000924725,0,current_c
1785000924726,0,current_c
1785000924727,0,current_c
1785000924728,0,current_c
1785000924729,0,current_c
1785000924730,0,current_c
1785000924731,0,current_c
1785000924732,0,current_c
1785000924733,0,current_a
1785000924734,0,current_a
1785000924735,0,current_a
1785000924736,0,current_a
1785000924737,0,current_a
1785000924738,0,current_a
1785000924739,0,current_a
1785000924740,0,current_a
1785000924741,0,current_a
1785000924742,0,current_a
1785000924743,0,current_a
1785000924744,0,current_a
1785000924745,0,current_a
1785000924746,0,current_a
1785000924747,0,current_a
1785000924748,0,current_a
1785000924749,0,current_a
1785000924750,0,current_a
1785000924751,0,current_a
1785000924752,0,current_a
1785000924753,0,current_a
1785000924754,0,current_a
1785000924755,0,current_a
1785000924756,0,current_a
1785000924757,0,current_a
1785000924758,0,current_a
1785000924759,0,current_a
1785000924760,0,current_a
1785000924761,0,current_a
1785000924762,0,current_a
1785000924763,0,current_a
1785000924764,0,current_a
1785000924765,0,current_a
1785000924766,0,current_a
1785000924767,0,current_a
1785000924768,0,current_a
1785000924769,0,current_a
1785000924770,0,current_a
1785000924771,0,current_a
1785000924772,0,current_a
1785000924773,0,current_a
1785000924774,0,current_a
1785000924775,0,current_a
1785000924776,0,current_a
1785000924777,0,current_a
1785000924778,0,current_a
1785000924779,0,current_a
1785000924780,0,current_a
1785000924781,0,current_a
1785000924782,0,current_a
1785000924733,0,current_b
1785000924734,0,current_b
1785000924735,0,current_b
1785000924736,0,current_b
1785000924737,0,current_b
1785000924738,0,current_b
1785000924739,0,current_b
1785000924740,0,current_b
1785000924741,0,current_b
1785000924742,0,current_b
1785000924743,0,current_b
1785000924744,0,current_b
1785000924745,0,current_b
1785000924746,0,current_b
1785000924747,0,current_b
1785000924748,0,current_b
1785000924749,0,current_b
1785000924750,0,current_b
1785000924751,0,current_b
1785000924752,0,current_b
1785000924753,0,current_b
1785000924754,0,current_b
1785000924755,0,current_b
1785000924756,0,current_b
1785000924757,0,current_b
1785000924758,0,current_b
1785000924759,0,current_b
1785000924760,0,current_b
1785000924761,0,current_b
1785000924762,0,current_b
1785000924763,0,current_b
1785000924764,0,current_b
1785000924765,0,current_b
1785000924766,0,current_b
1785000924767,0,current_b
1785000924768,0,current_b
1785000924769,0,current_b
1785000924770,0,current_b
1785000924771,0,current_b
1785000924772,0,current_b
1785000924773,0,current_b
1785000924774,0,current_b
1785000924775,0,current_b
1785000924776,0,current_b
1785000924777,0,current_b
1785000924778,0,current_b
1785000924779,0,current_b
1785000924780,0,current_b
1785000924781,0,current_b
1785000924782,0,current_b
1785000924733,0,current_c
1785000924734,0,current_c
1785000924735,0,current_c
1785000924736,0,current_c
1785000924737,0,current_c
1785000924738,0,current_c
1785000924739,0,current_c
1785000924740,0,current_c
1785000924741,0,current_c
1785000924742,0,current_c
1785000924743,0,current_c
1785000924744,0,current_c
1785000924745,0,current_c
1785000924746,0,current_c
1785000924747,0,current_c
1785000924748,0,current_c
1785000924749,0,current_c
1785000924750,0,current_c
1785000924751,0,current_c
1785000924752,0,current_c
1785000924753,0,current_c
1785000924754,0,current_c
1785000924755,0,current_c
1785000924756,0,current_c
1785000924757,0,current_c
1785000924758,0,current_c
1785000924759,0,current_c
1785000924760,0,current_c
1785000924761,0,current_c
1785000924762,0,current_c
1785000924763,0,current_c
1785000924764,0,current_c
1785000924765,0,current_c
1785000924766,0,current_c
1785000924767,0,current_c
1785000924768,0,current_c
1785000924769,0,current_c
1785000924770,0,current_c
1785000924771,0,current_c
1785000924772,0,current_c
1785000924773,0,current_c
1785000924774,0,current_c
1785000924775,0,current_c
1785000924776,0,current_c
1785000924777,0,current_c
1785000924778,0,current_c
1785000924779,0,current_c
1785000924780,0,current_c
1785000924781,0,current_c
1785000924782,0,current_c
1785000924783,0,current_a
1785000924784,0,current_a
1785000924785,0,current_a
1785000924786,0,current_a
1785000924787,0,current_a
1785000924788,0,current_a
1785000924789,0,current_a
1785000924790,0,current_a
1785000924791,0,current_a
1785000924792,0,current_a
1785000924793,0,current_a
1785000924794,0,current_a
1785000924795,0,current_a
1785000924796,0,current_a
1785000924797,0,current_a
1785000924798,0,current_a
1785000924799,0,current_a
1785000924800,0,current_a
1785000924801,0,current_a
1785000924802,0,current_a
1785000924803,0,current_a
1785000924783,0,current_b
1785000924784,0,current_b
1785000924785,0,current_b
1785000924786,0,current_b
1785000924787,0,current_b
1785000924788,0,current_b
1785000924789,0,current_b
1785000924790,0,current_b
1785000924791,0,current_b
1785000924792,0,current_b
1785000924793,0,current_b
1785000924794,0,current_b
1785000924795,0,current_b
1785000924796,0,current_b
1785000924797,0,current_b
1785000924798,0,current_b
1785000924799,0,current_b
1785000924800,0,current_b
1785000924801,0,current_b
1785000924802,0,current_b
1785000924803,0,current_b
1785000924783,0,current_c
1785000924784,0,current_c
1785000924785,0,current_c
1785000924786,0,current_c
1785000924787,0,current_c
1785000924788,0,current_c
1785000924789,0,current_c
1785000924790,0,current_c
1785000924791,0,current_c
1785000924792,0,current_c
1785000924793,0,current_c
1785000924794,0,current_c
1785000924795,0,current_c
1785000924796,0,current_c
1785000924797,0,current_c
1785000924798,0,current_c
1785000924799,0,current_c
1785000924800,0,current_c
1785000924801,0,current_c
1785000924802,0,current_c
1785000924803,0,current_c
