timestamp,value,variable
1764787928205,,monitor_data.speed
1764787928205,,monitor_data.speed_ref
1764787928205,0.00834823027253151,monitor_data.speed
1764787928207,0.00834823027253151,monitor_data.speed
1764787928209,0.00834823027253151,monitor_data.speed
1764787928212,0.00834823027253151,monitor_data.speed
1764787928214,0.00834823027253151,monitor_data.speed
1764787928217,0.00834823027253151,monitor_data.speed
1764787928220,0.00834823027253151,monitor_data.speed
1764787928222,0.00834823027253151,monitor_data.speed
1764787928224,0.00834823027253151,monitor_data.speed
1764787928226,0.00834823027253151,monitor_data.speed
1764787928228,0.00834823027253151,monitor_data.speed
1764787928230,0.00834823027253151,monitor_data.speed
1764787928232,0.00834823027253151,monitor_data.speed
1764787928235,0.00834823027253151,monitor_data.speed
1764787928237,0.00834823027253151,monitor_data.speed
1764787928240,0.00834823027253151,monitor_data.speed
1764787928242,0.00834823027253151,monitor_data.speed
1764787928243,0.00834823027253151,monitor_data.speed
1764787928246,0.00834823027253151,monitor_data.speed
1764787928248,0.00834823027253151,monitor_data.speed
1764787928251,0.00834823027253151,monitor_data.speed
1764787928254,0.00834823027253151,monitor_data.speed
1764787928257,0.00834823027253151,monitor_data.speed
1764787928205,0,monitor_data.speed_ref
1764787928207,0,monitor_data.speed_ref
1764787928209,0,monitor_data.speed_ref
1764787928212,0,monitor_data.speed_ref
1764787928214,0,monitor_data.speed_ref
1764787928217,0,monitor_data.speed_ref
1764787928220,0,monitor_data.speed_ref
1764787928222,0,monitor_data.speed_ref
1764787928224,0,monitor_data.speed_ref
1764787928226,0,monitor_data.speed_ref
1764787928228,0,monitor_data.speed_ref
1764787928230,0,monitor_data.speed_ref
1764787928232,0,monitor_data.speed_ref
1764787928235,0,monitor_data.speed_ref
1764787928237,0,monitor_data.speed_ref
1764787928240,0,monitor_data.speed_ref
1764787928242,0,monitor_data.speed_ref
1764787928243,0,monitor_data.speed_ref
1764787928246,0,monitor_data.speed_ref
1764787928248,0,monitor_data.speed_ref
1764787928251,0,monitor_data.speed_ref
1764787928254,0,monitor_data.speed_ref
1764787928257,0,monitor_data.speed_ref
1764787928259,0.00834823027253151,monitor_data.speed
1764787928262,0.00834823027253151,monitor_data.speed
1764787928264,0.00834823027253151,monitor_data.speed
1764787928267,0.00834823027253151,monitor_data.speed
1764787928269,0.00834823027253151,monitor_data.speed
1764787928274,0.00834823027253151,monitor_data.speed
1764787928275,0.00834823027253151,monitor_data.speed
1764787928278,0.00834823027253151,monitor_data.speed
1764787928280,0.00834823027253151,monitor_data.speed
1764787928283,0.00834823027253151,monitor_data.speed
1764787928285,0.00834823027253151,monitor_data.speed
1764787928288,0.00834823027253151,monitor_data.speed
1764787928289,0.00834823027253151,monitor_data.speed
1764787928290,0.00834823027253151,monitor_data.speed
1764787928292,0.00834823027253151,monitor_data.speed
1764787928293,0.00834823027253151,monitor_data.speed
1764787928295,0.00834823027253151,monitor_data.speed
1764787928297,0.00834823027253151,monitor_data.speed
1764787928300,0.00834823027253151,monitor_data.speed
1764787928303,0.00834823027253151,monitor_data.speed
1764787928305,0.00834823027253151,monitor_data.speed
1764787928259,0,monitor_data.speed_ref
1764787928262,0,monitor_data.speed_ref
1764787928264,0,monitor_data.speed_ref
1764787928267,0,monitor_data.speed_ref
1764787928269,0,monitor_data.speed_ref
1764787928274,0,monitor_data.speed_ref
1764787928275,0,monitor_data.speed_ref
1764787928278,0,monitor_data.speed_ref
1764787928280,0,monitor_data.speed_ref
1764787928283,0,monitor_data.speed_ref
1764787928285,0,monitor_data.speed_ref
1764787928288,0,monitor_data.speed_ref
1764787928289,0,monitor_data.speed_ref
1764787928290,0,monitor_data.speed_ref
1764787928292,0,monitor_data.speed_ref
1764787928293,0,monitor_data.speed_ref
1764787928295,0,monitor_data.speed_ref
1764787928297,0,monitor_data.speed_ref
1764787928300,0,monitor_data.speed_ref
1764787928303,0,monitor_data.speed_ref
1764787928305,0,monitor_data.speed_ref
1764787928308,0.00834823027253151,monitor_data.speed
1764787928309,0.00834823027253151,monitor_data.speed
1764787928311,0.00834823027253151,monitor_data.speed
1764787928312,0.00834823027253151,monitor_data.speed
1764787928314,0.00834823027253151,monitor_data.speed
1764787928317,0.00834823027253151,monitor_data.speed
1764787928319,0.00834823027253151,monitor_data.speed
1764787928321,0.00834823027253151,monitor_data.speed
1764787928323,0.00834823027253151,monitor_data.speed
1764787928326,0.00834823027253151,monitor_data.speed
1764787928328,0.00834823027253151,monitor_data.speed
1764787928330,0.00834823027253151,monitor_data.speed
1764787928334,0.00834823027253151,monitor_data.speed
1764787928337,0.00834823027253151,monitor_data.speed
1764787928339,0.00834823027253151,monitor_data.speed
1764787928341,0.00834823027253151,monitor_data.speed
1764787928344,0.00834823027253151,monitor_data.speed
1764787928347,0.00834823027253151,monitor_data.speed
1764787928350,0.00834823027253151,monitor_data.speed
1764787928352,0.00834823027253151,monitor_data.speed
1764787928354,0.00834823027253151,monitor_data.speed
1764787928357,0.00834823027253151,monitor_data.speed
1764787928359,0.00834823027253151,monitor_data.speed
1764787928308,0,monitor_data.speed_ref
1764787928309,0,monitor_data.speed_ref
1764787928311,0,monitor_data.speed_ref
1764787928312,0,monitor_data.speed_ref
1764787928314,0,monitor_data.speed_ref
1764787928317,0,monitor_data.speed_ref
1764787928319,0,monitor_data.speed_ref
1764787928321,0,monitor_data.speed_ref
1764787928323,0,monitor_data.speed_ref
1764787928326,0,monitor_data.speed_ref
1764787928328,0,monitor_data.speed_ref
1764787928330,0,monitor_data.speed_ref
1764787928334,0,monitor_data.speed_ref
1764787928337,0,monitor_data.speed_ref
1764787928339,0,monitor_data.speed_ref
1764787928341,0,monitor_data.speed_ref
1764787928344,0,monitor_data.speed_ref
1764787928347,0,monitor_data.speed_ref
1764787928350,0,monitor_data.speed_ref
1764787928352,0,monitor_data.speed_ref
1764787928354,0,monitor_data.speed_ref
1764787928357,0,monitor_data.speed_ref
1764787928359,0,monitor_data.speed_ref
1764787928362,0.00834823027253151,monitor_data.speed
1764787928363,0.00834823027253151,monitor_data.speed
1764787928365,0.00834823027253151,monitor_data.speed
1764787928368,0.00834823027253151,monitor_data.speed
1764787928373,0.00834823027253151,monitor_data.speed
1764787928375,0.00834823027253151,monitor_data.speed
1764787928378,0.00834823027253151,monitor_data.speed
1764787928380,0.00834823027253151,monitor_data.speed
1764787928382,0.00834823027253151,monitor_data.speed
1764787928385,0.00834823027253151,monitor_data.speed
1764787928387,0.00834823027253151,monitor_data.speed
1764787928389,0.00834823027253151,monitor_data.speed
1764787928391,0.00834823027253151,monitor_data.speed
1764787928393,0.00834823027253151,monitor_data.speed
1764787928396,0.00834823027253151,monitor_data.speed
1764787928398,0.00834823027253151,monitor_data.speed
1764787928402,0.00834823027253151,monitor_data.speed
1764787928404,0.00834823027253151,monitor_data.speed
1764787928406,0.00834823027253151,monitor_data.speed
1764787928410,0.00834823027253151,monitor_data.speed
1764787928362,0,monitor_data.speed_ref
1764787928363,0,monitor_data.speed_ref
1764787928365,0,monitor_data.speed_ref
1764787928368,0,monitor_data.speed_ref
1764787928373,0,monitor_data.speed_ref
1764787928375,0,monitor_data.speed_ref
1764787928378,0,monitor_data.speed_ref
1764787928380,0,monitor_data.speed_ref
1764787928382,0,monitor_data.speed_ref
1764787928385,0,monitor_data.speed_ref
1764787928387,0,monitor_data.speed_ref
1764787928389,0,monitor_data.speed_ref
1764787928391,0,monitor_data.speed_ref
1764787928393,0,monitor_data.speed_ref
1764787928396,0,monitor_data.speed_ref
1764787928398,0,monitor_data.speed_ref
1764787928402,0,monitor_data.speed_ref
1764787928404,0,monitor_data.speed_ref
1764787928406,0,monitor_data.speed_ref
1764787928410,0,monitor_data.speed_ref
1764787928412,0.00834823027253151,monitor_data.speed
1764787928414,0.00834823027253151,monitor_data.speed
1764787928419,0.00834823027253151,monitor_data.speed
1764787928422,0.00834823027253151,monitor_data.speed
1764787928424,0.00834823027253151,monitor_data.speed
1764787928426,0.00834823027253151,monitor_data.speed
1764787928428,0.00834823027253151,monitor_data.speed
1764787928430,0.00834823027253151,monitor_data.speed
1764787928433,0.00834823027253151,monitor_data.speed
1764787928436,0.00834823027253151,monitor_data.speed
1764787928438,0.00834823027253151,monitor_data.speed
1764787928439,0.00834823027253151,monitor_data.speed
1764787928441,0.00834823027253151,monitor_data.speed
1764787928442,0.00834823027253151,monitor_data.speed
1764787928444,0.00834823027253151,monitor_data.speed
1764787928446,0.00834823027253151,monitor_data.speed
1764787928412,0,monitor_data.speed_ref
1764787928414,0,monitor_data.speed_ref
1764787928419,0,monitor_data.speed_ref
1764787928422,0,monitor_data.speed_ref
1764787928424,0,monitor_data.speed_ref
1764787928426,0,monitor_data.speed_ref
1764787928428,0,monitor_data.speed_ref
1764787928430,0,monitor_data.speed_ref
1764787928433,0,monitor_data.speed_ref
1764787928436,0,monitor_data.speed_ref
1764787928438,0,monitor_data.speed_ref
1764787928439,0,monitor_data.speed_ref
1764787928441,0,monitor_data.speed_ref
1764787928442,0,monitor_data.speed_ref
1764787928444,0,monitor_data.speed_ref
1764787928446,0,monitor_data.speed_ref
1764787928448,0.00834823027253151,monitor_data.speed
1764787928451,0.00834823027253151,monitor_data.speed
1764787928453,0.00834823027253151,monitor_data.speed
1764787928455,0.00834823027253151,monitor_data.speed
1764787928457,0.00834823027253151,monitor_data.speed
1764787928458,0.00834823027253151,monitor_data.speed
1764787928460,0.00834823027253151,monitor_data.speed
1764787928462,0.00834823027253151,monitor_data.speed
1764787928464,0.00834823027253151,monitor_data.speed
1764787928466,0.00834823027253151,monitor_data.speed
1764787928468,0.00834823027253151,monitor_data.speed
1764787928471,0.00834823027253151,monitor_data.speed
1764787928473,0.00834823027253151,monitor_data.speed
1764787928475,0.00834823027253151,monitor_data.speed
1764787928477,0.00834823027253151,monitor_data.speed
1764787928479,0.00834823027253151,monitor_data.speed
1764787928481,0.00834823027253151,monitor_data.speed
1764787928484,0.00834823027253151,monitor_data.speed
1764787928487,0.00834823027253151,monitor_data.speed
1764787928489,0.00834823027253151,monitor_data.speed
1764787928491,0.00834823027253151,monitor_data.speed
1764787928493,0.00834823027253151,monitor_data.speed
1764787928495,0.00834823027253151,monitor_data.speed
1764787928497,0.00834823027253151,monitor_data.speed
1764787928500,0.00834823027253151,monitor_data.speed
1764787928502,0.00834823027253151,monitor_data.speed
1764787928504,0.00834823027253151,monitor_data.speed
1764787928507,0.00834823027253151,monitor_data.speed
1764787928509,0.00834823027253151,monitor_data.speed
1764787928511,0.00834823027253151,monitor_data.speed
1764787928513,0.00834823027253151,monitor_data.speed
1764787928448,0,monitor_data.speed_ref
1764787928451,0,monitor_data.speed_ref
1764787928453,0,monitor_data.speed_ref
1764787928455,0,monitor_data.speed_ref
1764787928457,0,monitor_data.speed_ref
1764787928458,0,monitor_data.speed_ref
1764787928460,0,monitor_data.speed_ref
1764787928462,0,monitor_data.speed_ref
1764787928464,0,monitor_data.speed_ref
1764787928466,0,monitor_data.speed_ref
1764787928468,0,monitor_data.speed_ref
1764787928471,0,monitor_data.speed_ref
1764787928473,0,monitor_data.speed_ref
1764787928475,0,monitor_data.speed_ref
1764787928477,0,monitor_data.speed_ref
1764787928479,0,monitor_data.speed_ref
1764787928481,0,monitor_data.speed_ref
1764787928484,0,monitor_data.speed_ref
1764787928487,0,monitor_data.speed_ref
1764787928489,0,monitor_data.speed_ref
1764787928491,0,monitor_data.speed_ref
1764787928493,0,monitor_data.speed_ref
1764787928495,0,monitor_data.speed_ref
1764787928497,0,monitor_data.speed_ref
1764787928500,0,monitor_data.speed_ref
1764787928502,0,monitor_data.speed_ref
1764787928504,0,monitor_data.speed_ref
1764787928507,0,monitor_data.speed_ref
1764787928509,0,monitor_data.speed_ref
1764787928511,0,monitor_data.speed_ref
1764787928513,0,monitor_data.speed_ref
1764787928515,0.00834823027253151,monitor_data.speed
1764787928518,0.00834823027253151,monitor_data.speed
1764787928521,0.00834823027253151,monitor_data.speed
1764787928523,0.00834823027253151,monitor_data.speed
1764787928526,0.00834823027253151,monitor_data.speed
1764787928528,0.00834823027253151,monitor_data.speed
1764787928530,0.00834823027253151,monitor_data.speed
1764787928532,0.00834823027253151,monitor_data.speed
1764787928535,0.00834823027253151,monitor_data.speed
1764787928537,0.00834823027253151,monitor_data.speed
1764787928539,0.00834823027253151,monitor_data.speed
1764787928541,0.00834823027253151,monitor_data.speed
1764787928544,0.00834823027253151,monitor_data.speed
1764787928546,0.00834823027253151,monitor_data.speed
1764787928548,0.00834823027253151,monitor_data.speed
1764787928550,0.00834823027253151,monitor_data.speed
1764787928553,0.00834823027253151,monitor_data.speed
1764787928555,0.00834823027253151,monitor_data.speed
1764787928557,0.00834823027253151,monitor_data.speed
1764787928560,0.00834823027253151,monitor_data.speed
1764787928562,0.00834823027253151,monitor_data.speed
1764787928563,0.00834823027253151,monitor_data.speed
1764787928566,0.00834823027253151,monitor_data.speed
1764787928515,0,monitor_data.speed_ref
1764787928518,0,monitor_data.speed_ref
1764787928521,0,monitor_data.speed_ref
1764787928523,0,monitor_data.speed_ref
1764787928526,0,monitor_data.speed_ref
1764787928528,0,monitor_data.speed_ref
1764787928530,0,monitor_data.speed_ref
1764787928532,0,monitor_data.speed_ref
1764787928535,0,monitor_data.speed_ref
1764787928537,0,monitor_data.speed_ref
1764787928539,0,monitor_data.speed_ref
1764787928541,0,monitor_data.speed_ref
1764787928544,0,monitor_data.speed_ref
1764787928546,0,monitor_data.speed_ref
1764787928548,0,monitor_data.speed_ref
1764787928550,0,monitor_data.speed_ref
1764787928553,0,monitor_data.speed_ref
1764787928555,0,monitor_data.speed_ref
1764787928557,0,monitor_data.speed_ref
1764787928560,0,monitor_data.speed_ref
1764787928562,0,monitor_data.speed_ref
1764787928563,0,monitor_data.speed_ref
1764787928566,0,monitor_data.speed_ref
1764787928568,0.00834823027253151,monitor_data.speed
1764787928570,0.00834823027253151,monitor_data.speed
1764787928572,0.00834823027253151,monitor_data.speed
1764787928574,0.00834823027253151,monitor_data.speed
1764787928575,0.00834823027253151,monitor_data.speed
1764787928577,0.00834823027253151,monitor_data.speed
1764787928578,0.00834823027253151,monitor_data.speed
1764787928581,0.00834823027253151,monitor_data.speed
1764787928583,0.00834823027253151,monitor_data.speed
1764787928585,0.00834823027253151,monitor_data.speed
1764787928586,0.00834823027253151,monitor_data.speed
1764787928589,0.00834823027253151,monitor_data.speed
1764787928591,0.00834823027253151,monitor_data.speed
1764787928594,0.00834823027253151,monitor_data.speed
1764787928596,0.00834823027253151,monitor_data.speed
1764787928598,0.00834823027253151,monitor_data.speed
1764787928601,0.00834823027253151,monitor_data.speed
1764787928603,0.00834823027253151,monitor_data.speed
1764787928605,0.00834823027253151,monitor_data.speed
1764787928607,0.00834823027253151,monitor_data.speed
1764787928610,0.00834823027253151,monitor_data.speed
1764787928613,0.00834823027253151,monitor_data.speed
1764787928615,0.00834823027253151,monitor_data.speed
1764787928568,0,monitor_data.speed_ref
1764787928570,0,monitor_data.speed_ref
1764787928572,0,monitor_data.speed_ref
1764787928574,0,monitor_data.speed_ref
1764787928575,0,monitor_data.speed_ref
1764787928577,0,monitor_data.speed_ref
1764787928578,0,monitor_data.speed_ref
1764787928581,0,monitor_data.speed_ref
1764787928583,0,monitor_data.speed_ref
1764787928585,0,monitor_data.speed_ref
1764787928586,0,monitor_data.speed_ref
1764787928589,0,monitor_data.speed_ref
1764787928591,0,monitor_data.speed_ref
1764787928594,0,monitor_data.speed_ref
1764787928596,0,monitor_data.speed_ref
1764787928598,0,monitor_data.speed_ref
1764787928601,0,monitor_data.speed_ref
1764787928603,0,monitor_data.speed_ref
1764787928605,0,monitor_data.speed_ref
1764787928607,0,monitor_data.speed_ref
1764787928610,0,monitor_data.speed_ref
1764787928613,0,monitor_data.speed_ref
1764787928615,0,monitor_data.speed_ref
1764787928617,0.00834823027253151,monitor_data.speed
1764787928619,0.00834823027253151,monitor_data.speed
1764787928621,0.00834823027253151,monitor_data.speed
1764787928623,0.00834823027253151,monitor_data.speed
1764787928625,0.00834823027253151,monitor_data.speed
1764787928627,0.00834823027253151,monitor_data.speed
1764787928629,0.00834823027253151,monitor_data.speed
1764787928631,0.00834823027253151,monitor_data.speed
1764787928634,0.00834823027253151,monitor_data.speed
1764787928636,0.00834823027253151,monitor_data.speed
1764787928637,0.00834823027253151,monitor_data.speed
1764787928639,0.00834823027253151,monitor_data.speed
1764787928641,0.00834823027253151,monitor_data.speed
1764787928643,0.00834823027253151,monitor_data.speed
1764787928645,0.00834823027253151,monitor_data.speed
1764787928646,0.00834823027253151,monitor_data.speed
1764787928648,0.00834823027253151,monitor_data.speed
1764787928650,0.00834823027253151,monitor_data.speed
1764787928653,0.00834823027253151,monitor_data.speed
1764787928655,0.00834823027253151,monitor_data.speed
1764787928656,0.00834823027253151,monitor_data.speed
1764787928658,0.00834823027253151,monitor_data.speed
1764787928660,0.00834823027253151,monitor_data.speed
1764787928661,0.00834823027253151,monitor_data.speed
1764787928663,0.00834823027253151,monitor_data.speed
1764787928664,0.00834823027253151,monitor_data.speed
1764787928666,0.00834823027253151,monitor_data.speed
1764787928617,0,monitor_data.speed_ref
1764787928619,0,monitor_data.speed_ref
1764787928621,0,monitor_data.speed_ref
1764787928623,0,monitor_data.speed_ref
1764787928625,0,monitor_data.speed_ref
1764787928627,0,monitor_data.speed_ref
1764787928629,0,monitor_data.speed_ref
1764787928631,0,monitor_data.speed_ref
1764787928634,0,monitor_data.speed_ref
1764787928636,0,monitor_data.speed_ref
1764787928637,0,monitor_data.speed_ref
1764787928639,0,monitor_data.speed_ref
1764787928641,0,monitor_data.speed_ref
1764787928643,0,monitor_data.speed_ref
1764787928645,0,monitor_data.speed_ref
1764787928646,0,monitor_data.speed_ref
1764787928648,0,monitor_data.speed_ref
1764787928650,0,monitor_data.speed_ref
1764787928653,0,monitor_data.speed_ref
1764787928655,0,monitor_data.speed_ref
1764787928656,0,monitor_data.speed_ref
1764787928658,0,monitor_data.speed_ref
1764787928660,0,monitor_data.speed_ref
1764787928661,0,monitor_data.speed_ref
1764787928663,0,monitor_data.speed_ref
1764787928664,0,monitor_data.speed_ref
1764787928666,0,monitor_data.speed_ref
1764787928669,0.00834823027253151,monitor_data.speed
1764787928671,0.00834823027253151,monitor_data.speed
1764787928673,0.00834823027253151,monitor_data.speed
1764787928675,0.00834823027253151,monitor_data.speed
1764787928677,0.00834823027253151,monitor_data.speed
1764787928679,0.00834823027253151,monitor_data.speed
1764787928681,0.00834823027253151,monitor_data.speed
1764787928684,0.00834823027253151,monitor_data.speed
1764787928686,0.00834823027253151,monitor_data.speed
1764787928688,0.00834823027253151,monitor_data.speed
1764787928691,0.00834823027253151,monitor_data.speed
1764787928692,0.00834823027253151,monitor_data.speed
1764787928693,0.00834823027253151,monitor_data.speed
1764787928695,0.00834823027253151,monitor_data.speed
1764787928697,0.00834823027253151,monitor_data.speed
1764787928698,0.00834823027253151,monitor_data.speed
1764787928700,0.00834823027253151,monitor_data.speed
1764787928702,0.00834823027253151,monitor_data.speed
1764787928704,0.00834823027253151,monitor_data.speed
1764787928705,0.00834823027253151,monitor_data.speed
1764787928707,0.00834823027253151,monitor_data.speed
1764787928710,0.00834823027253151,monitor_data.speed
1764787928711,0.00834823027253151,monitor_data.speed
1764787928713,0.00834823027253151,monitor_data.speed
1764787928715,0.00834823027253151,monitor_data.speed
1764787928717,0.00834823027253151,monitor_data.speed
1764787928669,0,monitor_data.speed_ref
1764787928671,0,monitor_data.speed_ref
1764787928673,0,monitor_data.speed_ref
1764787928675,0,monitor_data.speed_ref
1764787928677,0,monitor_data.speed_ref
1764787928679,0,monitor_data.speed_ref
1764787928681,0,monitor_data.speed_ref
1764787928684,0,monitor_data.speed_ref
1764787928686,0,monitor_data.speed_ref
1764787928688,0,monitor_data.speed_ref
1764787928691,0,monitor_data.speed_ref
1764787928692,0,monitor_data.speed_ref
1764787928693,0,monitor_data.speed_ref
1764787928695,0,monitor_data.speed_ref
1764787928697,0,monitor_data.speed_ref
1764787928698,0,monitor_data.speed_ref
1764787928700,0,monitor_data.speed_ref
1764787928702,0,monitor_data.speed_ref
1764787928704,0,monitor_data.speed_ref
1764787928705,0,monitor_data.speed_ref
1764787928707,0,monitor_data.speed_ref
1764787928710,0,monitor_data.speed_ref
1764787928711,0,monitor_data.speed_ref
1764787928713,0,monitor_data.speed_ref
1764787928715,0,monitor_data.speed_ref
1764787928717,0,monitor_data.speed_ref
1764787928719,0.00834823027253151,monitor_data.speed
1764787928721,0.00834823027253151,monitor_data.speed
1764787928723,0.00834823027253151,monitor_data.speed
1764787928725,0.00834823027253151,monitor_data.speed
1764787928726,0.00834823027253151,monitor_data.speed
1764787928728,0.00834823027253151,monitor_data.speed
1764787928730,0.00834823027253151,monitor_data.speed
1764787928732,0.00834823027253151,monitor_data.speed
1764787928734,0.00834823027253151,monitor_data.speed
1764787928736,0.00834823027253151,monitor_data.speed
1764787928738,0.00834823027253151,monitor_data.speed
1764787928739,0.00834823027253151,monitor_data.speed
1764787928741,0.00834823027253151,monitor_data.speed
1764787928743,0.00834823027253151,monitor_data.speed
1764787928745,0.00834823027253151,monitor_data.speed
1764787928747,0.00834823027253151,monitor_data.speed
1764787928749,0.00834823027253151,monitor_data.speed
1764787928751,0.00834823027253151,monitor_data.speed
1764787928753,0.00834823027253151,monitor_data.speed
1764787928755,0.00834823027253151,monitor_data.speed
1764787928756,0.00834823027253151,monitor_data.speed
1764787928758,0.00834823027253151,monitor_data.speed
1764787928760,0.00834823027253151,monitor_data.speed
1764787928762,0.00834823027253151,monitor_data.speed
1764787928763,0.00834823027253151,monitor_data.speed
1764787928766,0.00834823027253151,monitor_data.speed
1764787928719,0,monitor_data.speed_ref
1764787928721,0,monitor_data.speed_ref
1764787928723,0,monitor_data.speed_ref
1764787928725,0,monitor_data.speed_ref
1764787928726,0,monitor_data.speed_ref
1764787928728,0,monitor_data.speed_ref
1764787928730,0,monitor_data.speed_ref
1764787928732,0,monitor_data.speed_ref
1764787928734,0,monitor_data.speed_ref
1764787928736,0,monitor_data.speed_ref
1764787928738,0,monitor_data.speed_ref
1764787928739,0,monitor_data.speed_ref
1764787928741,0,monitor_data.speed_ref
1764787928743,0,monitor_data.speed_ref
1764787928745,0,monitor_data.speed_ref
1764787928747,0,monitor_data.speed_ref
1764787928749,0,monitor_data.speed_ref
1764787928751,0,monitor_data.speed_ref
1764787928753,0,monitor_data.speed_ref
1764787928755,0,monitor_data.speed_ref
1764787928756,0,monitor_data.speed_ref
1764787928758,0,monitor_data.speed_ref
1764787928760,0,monitor_data.speed_ref
1764787928762,0,monitor_data.speed_ref
1764787928763,0,monitor_data.speed_ref
1764787928766,0,monitor_data.speed_ref
1764787928768,0.00834823027253151,monitor_data.speed
1764787928770,0.00834823027253151,monitor_data.speed
1764787928772,0.00834823027253151,monitor_data.speed
1764787928774,0.00834823027253151,monitor_data.speed
1764787928776,0.00834823027253151,monitor_data.speed
1764787928777,0.00834823027253151,monitor_data.speed
1764787928779,0.00834823027253151,monitor_data.speed
1764787928781,0.00834823027253151,monitor_data.speed
1764787928783,0.00834823027253151,monitor_data.speed
1764787928785,0.00834823027253151,monitor_data.speed
1764787928786,0.00834823027253151,monitor_data.speed
1764787928787,0.00834823027253151,monitor_data.speed
1764787928789,0.00834823027253151,monitor_data.speed
1764787928791,0.00834823027253151,monitor_data.speed
1764787928792,0.00834823027253151,monitor_data.speed
1764787928794,0.00834823027253151,monitor_data.speed
1764787928796,0.00834823027253151,monitor_data.speed
1764787928797,0.00834823027253151,monitor_data.speed
1764787928800,0.00834823027253151,monitor_data.speed
1764787928802,0.00834823027253151,monitor_data.speed
1764787928803,0.00834823027253151,monitor_data.speed
1764787928805,0.00834823027253151,monitor_data.speed
1764787928807,0.00834823027253151,monitor_data.speed
1764787928808,0.00834823027253151,monitor_data.speed
1764787928810,0.00834823027253151,monitor_data.speed
1764787928812,0.00834823027253151,monitor_data.speed
1764787928813,0.00834823027253151,monitor_data.speed
1764787928815,0.00834823027253151,monitor_data.speed
1764787928817,0.00834823027253151,monitor_data.speed
1764787928819,0.00834823027253151,monitor_data.speed
1764787928768,0,monitor_data.speed_ref
1764787928770,0,monitor_data.speed_ref
1764787928772,0,monitor_data.speed_ref
1764787928774,0,monitor_data.speed_ref
1764787928776,0,monitor_data.speed_ref
1764787928777,0,monitor_data.speed_ref
1764787928779,0,monitor_data.speed_ref
1764787928781,0,monitor_data.speed_ref
1764787928783,0,monitor_data.speed_ref
1764787928785,0,monitor_data.speed_ref
1764787928786,0,monitor_data.speed_ref
1764787928787,0,monitor_data.speed_ref
1764787928789,0,monitor_data.speed_ref
1764787928791,0,monitor_data.speed_ref
1764787928792,0,monitor_data.speed_ref
1764787928794,0,monitor_data.speed_ref
1764787928796,0,monitor_data.speed_ref
1764787928797,0,monitor_data.speed_ref
1764787928800,0,monitor_data.speed_ref
1764787928802,0,monitor_data.speed_ref
1764787928803,0,monitor_data.speed_ref
1764787928805,0,monitor_data.speed_ref
1764787928807,0,monitor_data.speed_ref
1764787928808,0,monitor_data.speed_ref
1764787928810,0,monitor_data.speed_ref
1764787928812,0,monitor_data.speed_ref
1764787928813,0,monitor_data.speed_ref
1764787928815,0,monitor_data.speed_ref
1764787928817,0,monitor_data.speed_ref
1764787928819,0,monitor_data.speed_ref
1764787928821,0.00834823027253151,monitor_data.speed
1764787928823,0.00834823027253151,monitor_data.speed
1764787928825,0.00834823027253151,monitor_data.speed
1764787928827,0.00834823027253151,monitor_data.speed
1764787928828,0.00834823027253151,monitor_data.speed
1764787928830,0.00834823027253151,monitor_data.speed
1764787928833,0.00834823027253151,monitor_data.speed
1764787928835,0.00834823027253151,monitor_data.speed
1764787928837,0.00834823027253151,monitor_data.speed
1764787928839,0.00834823027253151,monitor_data.speed
1764787928841,0.00834823027253151,monitor_data.speed
1764787928842,0.00834823027253151,monitor_data.speed
1764787928843,0.00834823027253151,monitor_data.speed
1764787928845,0.00834823027253151,monitor_data.speed
1764787928846,0.00834823027253151,monitor_data.speed
1764787928848,0.00834823027253151,monitor_data.speed
1764787928850,0.00834823027253151,monitor_data.speed
1764787928852,0.00834823027253151,monitor_data.speed
1764787928854,0.00834823027253151,monitor_data.speed
1764787928856,0.00834823027253151,monitor_data.speed
1764787928858,0.00834823027253151,monitor_data.speed
1764787928860,0.00834823027253151,monitor_data.speed
1764787928862,0.00834823027253151,monitor_data.speed
1764787928864,0.00834823027253151,monitor_data.speed
1764787928866,0.00834823027253151,monitor_data.speed
1764787928868,0.00834823027253151,monitor_data.speed
1764787928871,0.00834823027253151,monitor_data.speed
1764787928821,0,monitor_data.speed_ref
1764787928823,0,monitor_data.speed_ref
1764787928825,0,monitor_data.speed_ref
1764787928827,0,monitor_data.speed_ref
1764787928828,0,monitor_data.speed_ref
1764787928830,0,monitor_data.speed_ref
1764787928833,0,monitor_data.speed_ref
1764787928835,0,monitor_data.speed_ref
1764787928837,0,monitor_data.speed_ref
1764787928839,0,monitor_data.speed_ref
1764787928841,0,monitor_data.speed_ref
1764787928842,0,monitor_data.speed_ref
1764787928843,0,monitor_data.speed_ref
1764787928845,0,monitor_data.speed_ref
1764787928846,0,monitor_data.speed_ref
1764787928848,0,monitor_data.speed_ref
1764787928850,0,monitor_data.speed_ref
1764787928852,0,monitor_data.speed_ref
1764787928854,0,monitor_data.speed_ref
1764787928856,0,monitor_data.speed_ref
1764787928858,0,monitor_data.speed_ref
1764787928860,0,monitor_data.speed_ref
1764787928862,0,monitor_data.speed_ref
1764787928864,0,monitor_data.speed_ref
1764787928866,0,monitor_data.speed_ref
1764787928868,0,monitor_data.speed_ref
1764787928871,0,monitor_data.speed_ref
1764787928873,0.00834823027253151,monitor_data.speed
1764787928874,0.00834823027253151,monitor_data.speed
1764787928876,0.00834823027253151,monitor_data.speed
1764787928878,0.00834823027253151,monitor_data.speed
1764787928879,0.00834823027253151,monitor_data.speed
1764787928881,0.00834823027253151,monitor_data.speed
1764787928883,0.00834823027253151,monitor_data.speed
1764787928885,0.00834823027253151,monitor_data.speed
1764787928886,0.00834823027253151,monitor_data.speed
1764787928888,0.00834823027253151,monitor_data.speed
1764787928890,0.00834823027253151,monitor_data.speed
1764787928891,0.00834823027253151,monitor_data.speed
1764787928892,0.00834823027253151,monitor_data.speed
1764787928893,0.00834823027253151,monitor_data.speed
1764787928895,0.00834823027253151,monitor_data.speed
1764787928896,0.00834823027253151,monitor_data.speed
1764787928898,0.00834823027253151,monitor_data.speed
1764787928900,0.00834823027253151,monitor_data.speed
1764787928902,0.00834823027253151,monitor_data.speed
1764787928904,0.00834823027253151,monitor_data.speed
1764787928905,0.00834823027253151,monitor_data.speed
1764787928908,0.00834823027253151,monitor_data.speed
1764787928909,0.00834823027253151,monitor_data.speed
1764787928910,0.00834823027253151,monitor_data.speed
1764787928911,0.00834823027253151,monitor_data.speed
1764787928913,0.00834823027253151,monitor_data.speed
1764787928915,0.00834823027253151,monitor_data.speed
1764787928917,0.00834823027253151,monitor_data.speed
1764787928919,0.00834823027253151,monitor_data.speed
1764787928921,0.00834823027253151,monitor_data.speed
1764787928923,0.00834823027253151,monitor_data.speed
1764787928873,0,monitor_data.speed_ref
1764787928874,0,monitor_data.speed_ref
1764787928876,0,monitor_data.speed_ref
1764787928878,0,monitor_data.speed_ref
1764787928879,0,monitor_data.speed_ref
1764787928881,0,monitor_data.speed_ref
1764787928883,0,monitor_data.speed_ref
1764787928885,0,monitor_data.speed_ref
1764787928886,0,monitor_data.speed_ref
1764787928888,0,monitor_data.speed_ref
1764787928890,0,monitor_data.speed_ref
1764787928891,0,monitor_data.speed_ref
1764787928892,0,monitor_data.speed_ref
1764787928893,0,monitor_data.speed_ref
1764787928895,0,monitor_data.speed_ref
1764787928896,0,monitor_data.speed_ref
1764787928898,0,monitor_data.speed_ref
1764787928900,0,monitor_data.speed_ref
1764787928902,0,monitor_data.speed_ref
1764787928904,0,monitor_data.speed_ref
1764787928905,0,monitor_data.speed_ref
1764787928908,0,monitor_data.speed_ref
1764787928909,0,monitor_data.speed_ref
1764787928910,0,monitor_data.speed_ref
1764787928911,0,monitor_data.speed_ref
1764787928913,0,monitor_data.speed_ref
1764787928915,0,monitor_data.speed_ref
1764787928917,0,monitor_data.speed_ref
1764787928919,0,monitor_data.speed_ref
1764787928921,0,monitor_data.speed_ref
1764787928923,0,monitor_data.speed_ref
1764787928925,0.00834823027253151,monitor_data.speed
1764787928927,0.00834823027253151,monitor_data.speed
1764787928928,0.00834823027253151,monitor_data.speed
1764787928929,0.00834823027253151,monitor_data.speed
1764787928931,0.00834823027253151,monitor_data.speed
1764787928933,0.00834823027253151,monitor_data.speed
1764787928935,0.00834823027253151,monitor_data.speed
1764787928936,0.00834823027253151,monitor_data.speed
1764787928938,0.00834823027253151,monitor_data.speed
1764787928940,0.00834823027253151,monitor_data.speed
1764787928941,0.00834823027253151,monitor_data.speed
1764787928943,0.00834823027253151,monitor_data.speed
1764787928944,0.00834823027253151,monitor_data.speed
1764787928946,0.00834823027253151,monitor_data.speed
1764787928948,0.00834823027253151,monitor_data.speed
1764787928950,0.00834823027253151,monitor_data.speed
1764787928952,0.00834823027253151,monitor_data.speed
1764787928954,0.00834823027253151,monitor_data.speed
1764787928956,0.00834823027253151,monitor_data.speed
1764787928957,0.00834823027253151,monitor_data.speed
1764787928959,0.00834823027253151,monitor_data.speed
1764787928960,0.00834823027253151,monitor_data.speed
1764787928962,0.00834823027253151,monitor_data.speed
1764787928964,0.00834823027253151,monitor_data.speed
1764787928966,0.00834823027253151,monitor_data.speed
1764787928968,0.00834823027253151,monitor_data.speed
1764787928970,0.00834823027253151,monitor_data.speed
1764787928972,0.00834823027253151,monitor_data.speed
1764787928925,0,monitor_data.speed_ref
1764787928927,0,monitor_data.speed_ref
1764787928928,0,monitor_data.speed_ref
1764787928929,0,monitor_data.speed_ref
1764787928931,0,monitor_data.speed_ref
1764787928933,0,monitor_data.speed_ref
1764787928935,0,monitor_data.speed_ref
1764787928936,0,monitor_data.speed_ref
1764787928938,0,monitor_data.speed_ref
1764787928940,0,monitor_data.speed_ref
1764787928941,0,monitor_data.speed_ref
1764787928943,0,monitor_data.speed_ref
1764787928944,0,monitor_data.speed_ref
1764787928946,0,monitor_data.speed_ref
1764787928948,0,monitor_data.speed_ref
1764787928950,0,monitor_data.speed_ref
1764787928952,0,monitor_data.speed_ref
1764787928954,0,monitor_data.speed_ref
1764787928956,0,monitor_data.speed_ref
1764787928957,0,monitor_data.speed_ref
1764787928959,0,monitor_data.speed_ref
1764787928960,0,monitor_data.speed_ref
1764787928962,0,monitor_data.speed_ref
1764787928964,0,monitor_data.speed_ref
1764787928966,0,monitor_data.speed_ref
1764787928968,0,monitor_data.speed_ref
1764787928970,0,monitor_data.speed_ref
1764787928972,0,monitor_data.speed_ref
1764787928973,0.00834823027253151,monitor_data.speed
1764787928975,0.00834823027253151,monitor_data.speed
1764787928977,0.00834823027253151,monitor_data.speed
1764787928979,0.00834823027253151,monitor_data.speed
1764787928981,0.00834823027253151,monitor_data.speed
1764787928983,0.00834823027253151,monitor_data.speed
1764787928986,0.00834823027253151,monitor_data.speed
1764787928988,0.00834823027253151,monitor_data.speed
1764787928990,0.00834823027253151,monitor_data.speed
1764787928992,0.00834823027253151,monitor_data.speed
1764787928994,0.00834823027253151,monitor_data.speed
1764787928996,0.00834823027253151,monitor_data.speed
1764787928999,0.00834823027253151,monitor_data.speed
1764787929001,0.00834823027253151,monitor_data.speed
1764787929002,0.00834823027253151,monitor_data.speed
1764787929004,0.00834823027253151,monitor_data.speed
1764787929005,0.00834823027253151,monitor_data.speed
1764787929008,0.00834823027253151,monitor_data.speed
1764787929010,0.00834823027253151,monitor_data.speed
1764787929012,0.00834823027253151,monitor_data.speed
1764787929013,0.00834823027253151,monitor_data.speed
1764787929016,0.00834823027253151,monitor_data.speed
1764787929017,0.00834823027253151,monitor_data.speed
1764787929019,0.00834823027253151,monitor_data.speed
1764787929020,0.00834823027253151,monitor_data.speed
1764787929022,0.00834823027253151,monitor_data.speed
1764787929024,0.00834823027253151,monitor_data.speed
1764787928973,0,monitor_data.speed_ref
1764787928975,0,monitor_data.speed_ref
1764787928977,0,monitor_data.speed_ref
1764787928979,0,monitor_data.speed_ref
1764787928981,0,monitor_data.speed_ref
1764787928983,0,monitor_data.speed_ref
1764787928986,0,monitor_data.speed_ref
1764787928988,0,monitor_data.speed_ref
1764787928990,0,monitor_data.speed_ref
1764787928992,0,monitor_data.speed_ref
1764787928994,0,monitor_data.speed_ref
1764787928996,0,monitor_data.speed_ref
1764787928999,0,monitor_data.speed_ref
1764787929001,0,monitor_data.speed_ref
1764787929002,0,monitor_data.speed_ref
1764787929004,0,monitor_data.speed_ref
1764787929005,0,monitor_data.speed_ref
1764787929008,0,monitor_data.speed_ref
1764787929010,0,monitor_data.speed_ref
1764787929012,0,monitor_data.speed_ref
1764787929013,0,monitor_data.speed_ref
1764787929016,0,monitor_data.speed_ref
1764787929017,0,monitor_data.speed_ref
1764787929019,0,monitor_data.speed_ref
1764787929020,0,monitor_data.speed_ref
1764787929022,0,monitor_data.speed_ref
1764787929024,0,monitor_data.speed_ref
1764787929026,0.00834823027253151,monitor_data.speed
1764787929029,0.00834823027253151,monitor_data.speed
1764787929031,0.00834823027253151,monitor_data.speed
1764787929034,0.00834823027253151,monitor_data.speed
1764787929036,0.00834823027253151,monitor_data.speed
1764787929037,0.00834823027253151,monitor_data.speed
1764787929040,0.00834823027253151,monitor_data.speed
1764787929041,0.00834823027253151,monitor_data.speed
1764787929043,0.00834823027253151,monitor_data.speed
1764787929044,0.00834823027253151,monitor_data.speed
1764787929046,0.00834823027253151,monitor_data.speed
1764787929048,0.00834823027253151,monitor_data.speed
1764787929051,0.00834823027253151,monitor_data.speed
1764787929053,0.00834823027253151,monitor_data.speed
1764787929055,0.00834823027253151,monitor_data.speed
1764787929057,0.00834823027253151,monitor_data.speed
1764787929058,0.00834823027253151,monitor_data.speed
1764787929060,0.00834823027253151,monitor_data.speed
1764787929062,0.00834823027253151,monitor_data.speed
1764787929063,0.00834823027253151,monitor_data.speed
1764787929065,0.00834823027253151,monitor_data.speed
1764787929068,0.00834823027253151,monitor_data.speed
1764787929070,0.00834823027253151,monitor_data.speed
1764787929072,0.00834823027253151,monitor_data.speed
1764787929073,0.00834823027253151,monitor_data.speed
1764787929075,0.00834823027253151,monitor_data.speed
1764787929026,0,monitor_data.speed_ref
1764787929029,0,monitor_data.speed_ref
1764787929031,0,monitor_data.speed_ref
1764787929034,0,monitor_data.speed_ref
1764787929036,0,monitor_data.speed_ref
1764787929037,0,monitor_data.speed_ref
1764787929040,0,monitor_data.speed_ref
1764787929041,0,monitor_data.speed_ref
1764787929043,0,monitor_data.speed_ref
1764787929044,0,monitor_data.speed_ref
1764787929046,0,monitor_data.speed_ref
1764787929048,0,monitor_data.speed_ref
1764787929051,0,monitor_data.speed_ref
1764787929053,0,monitor_data.speed_ref
1764787929055,0,monitor_data.speed_ref
1764787929057,0,monitor_data.speed_ref
1764787929058,0,monitor_data.speed_ref
1764787929060,0,monitor_data.speed_ref
1764787929062,0,monitor_data.speed_ref
1764787929063,0,monitor_data.speed_ref
1764787929065,0,monitor_data.speed_ref
1764787929068,0,monitor_data.speed_ref
1764787929070,0,monitor_data.speed_ref
1764787929072,0,monitor_data.speed_ref
1764787929073,0,monitor_data.speed_ref
1764787929075,0,monitor_data.speed_ref
1764787929077,0.00834823027253151,monitor_data.speed
1764787929078,0.00834823027253151,monitor_data.speed
1764787929079,0.00834823027253151,monitor_data.speed
1764787929082,0.00834823027253151,monitor_data.speed
1764787929085,0.00834823027253151,monitor_data.speed
1764787929086,0.00834823027253151,monitor_data.speed
1764787929087,0.00834823027253151,monitor_data.speed
1764787929089,0.00834823027253151,monitor_data.speed
1764787929090,0.00834823027253151,monitor_data.speed
1764787929092,0.00834823027253151,monitor_data.speed
1764787929094,0.00834823027253151,monitor_data.speed
1764787929095,0.00834823027253151,monitor_data.speed
1764787929098,0.00834823027253151,monitor_data.speed
1764787929100,0.00834823027253151,monitor_data.speed
1764787929102,0.00834823027253151,monitor_data.speed
1764787929105,0.00834823027253151,monitor_data.speed
1764787929107,0.00834823027253151,monitor_data.speed
1764787929109,0.00834823027253151,monitor_data.speed
1764787929111,0.00834823027253151,monitor_data.speed
1764787929114,0.00834823027253151,monitor_data.speed
1764787929116,0.00834823027253151,monitor_data.speed
1764787929119,0.00834823027253151,monitor_data.speed
1764787929121,0.00834823027253151,monitor_data.speed
1764787929077,0,monitor_data.speed_ref
1764787929078,0,monitor_data.speed_ref
1764787929079,0,monitor_data.speed_ref
1764787929082,0,monitor_data.speed_ref
1764787929085,0,monitor_data.speed_ref
1764787929086,0,monitor_data.speed_ref
1764787929087,0,monitor_data.speed_ref
1764787929089,0,monitor_data.speed_ref
1764787929090,0,monitor_data.speed_ref
1764787929092,0,monitor_data.speed_ref
1764787929094,0,monitor_data.speed_ref
1764787929095,0,monitor_data.speed_ref
1764787929098,0,monitor_data.speed_ref
1764787929100,0,monitor_data.speed_ref
1764787929102,0,monitor_data.speed_ref
1764787929105,0,monitor_data.speed_ref
1764787929107,0,monitor_data.speed_ref
1764787929109,0,monitor_data.speed_ref
1764787929111,0,monitor_data.speed_ref
1764787929114,0,monitor_data.speed_ref
1764787929116,0,monitor_data.speed_ref
1764787929119,0,monitor_data.speed_ref
1764787929121,0,monitor_data.speed_ref
1764787929124,0.00834823027253151,monitor_data.speed
1764787929126,0.00834823027253151,monitor_data.speed
1764787929129,0.00834823027253151,monitor_data.speed
1764787929131,0.00834823027253151,monitor_data.speed
1764787929133,0.00834823027253151,monitor_data.speed
1764787929136,0.00834823027253151,monitor_data.speed
1764787929138,0.00834823027253151,monitor_data.speed
1764787929141,0.00834823027253151,monitor_data.speed
1764787929143,0.00834823027253151,monitor_data.speed
1764787929145,0.00834823027253151,monitor_data.speed
1764787929147,0.00834823027253151,monitor_data.speed
1764787929150,0.00834823027253151,monitor_data.speed
1764787929153,0.00834823027253151,monitor_data.speed
1764787929156,0.00834823027253151,monitor_data.speed
1764787929159,0.00834823027253151,monitor_data.speed
1764787929161,0.00834823027253151,monitor_data.speed
1764787929163,0.00834823027253151,monitor_data.speed
1764787929168,0.00834823027253151,monitor_data.speed
1764787929170,0.00834823027253151,monitor_data.speed
1764787929172,0.00834823027253151,monitor_data.speed
1764787929175,0.00834823027253151,monitor_data.speed
1764787929124,0,monitor_data.speed_ref
1764787929126,0,monitor_data.speed_ref
1764787929129,0,monitor_data.speed_ref
1764787929131,0,monitor_data.speed_ref
1764787929133,0,monitor_data.speed_ref
1764787929136,0,monitor_data.speed_ref
1764787929138,0,monitor_data.speed_ref
1764787929141,0,monitor_data.speed_ref
1764787929143,0,monitor_data.speed_ref
1764787929145,0,monitor_data.speed_ref
1764787929147,0,monitor_data.speed_ref
1764787929150,0,monitor_data.speed_ref
1764787929153,0,monitor_data.speed_ref
1764787929156,0,monitor_data.speed_ref
1764787929159,0,monitor_data.speed_ref
1764787929161,0,monitor_data.speed_ref
1764787929163,0,monitor_data.speed_ref
1764787929168,0,monitor_data.speed_ref
1764787929170,0,monitor_data.speed_ref
1764787929172,0,monitor_data.speed_ref
1764787929175,0,monitor_data.speed_ref
1764787929177,0.00834823027253151,monitor_data.speed
1764787929179,0.00834823027253151,monitor_data.speed
1764787929182,0.00834823027253151,monitor_data.speed
1764787929185,0.00834823027253151,monitor_data.speed
1764787929188,0.00834823027253151,monitor_data.speed
1764787929190,0.00834823027253151,monitor_data.speed
1764787929193,0.00834823027253151,monitor_data.speed
1764787929195,0.00834823027253151,monitor_data.speed
1764787929197,0.00834823027253151,monitor_data.speed
1764787929199,0.00834823027253151,monitor_data.speed
1764787929201,0.00834823027253151,monitor_data.speed
1764787929203,0.00834823027253151,monitor_data.speed
1764787929205,0.00834823027253151,monitor_data.speed
1764787929207,0.00834823027253151,monitor_data.speed
1764787929209,0.00834823027253151,monitor_data.speed
1764787929211,0.00834823027253151,monitor_data.speed
1764787929213,0.00834823027253151,monitor_data.speed
1764787929215,0.00834823027253151,monitor_data.speed
1764787929218,0.00834823027253151,monitor_data.speed
1764787929220,0.00834823027253151,monitor_data.speed
1764787929222,0.00834823027253151,monitor_data.speed
1764787929224,0.00834823027253151,monitor_data.speed
1764787929226,0.00834823027253151,monitor_data.speed
1764787929177,0,monitor_data.speed_ref
1764787929179,0,monitor_data.speed_ref
1764787929182,0,monitor_data.speed_ref
1764787929185,0,monitor_data.speed_ref
1764787929188,0,monitor_data.speed_ref
1764787929190,0,monitor_data.speed_ref
1764787929193,0,monitor_data.speed_ref
1764787929195,0,monitor_data.speed_ref
1764787929197,0,monitor_data.speed_ref
1764787929199,0,monitor_data.speed_ref
1764787929201,0,monitor_data.speed_ref
1764787929203,0,monitor_data.speed_ref
1764787929205,0,monitor_data.speed_ref
1764787929207,0,monitor_data.speed_ref
1764787929209,0,monitor_data.speed_ref
1764787929211,0,monitor_data.speed_ref
1764787929213,0,monitor_data.speed_ref
1764787929215,0,monitor_data.speed_ref
1764787929218,0,monitor_data.speed_ref
1764787929220,0,monitor_data.speed_ref
1764787929222,0,monitor_data.speed_ref
1764787929224,0,monitor_data.speed_ref
1764787929226,0,monitor_data.speed_ref
1764787929228,0.00834823027253151,monitor_data.speed
1764787929230,0.00834823027253151,monitor_data.speed
1764787929232,0.00834823027253151,monitor_data.speed
1764787929235,0.00834823027253151,monitor_data.speed
1764787929237,0.00834823027253151,monitor_data.speed
1764787929239,0.00834823027253151,monitor_data.speed
1764787929241,0.00834823027253151,monitor_data.speed
1764787929244,0.00834823027253151,monitor_data.speed
1764787929246,0.00834823027253151,monitor_data.speed
1764787929248,0.00834823027253151,monitor_data.speed
1764787929250,0.00834823027253151,monitor_data.speed
1764787929253,0.00834823027253151,monitor_data.speed
1764787929255,0.00834823027253151,monitor_data.speed
1764787929257,0.00834823027253151,monitor_data.speed
1764787929259,0.00834823027253151,monitor_data.speed
1764787929261,0.00834823027253151,monitor_data.speed
1764787929264,0.00834823027253151,monitor_data.speed
1764787929266,0.00834823027253151,monitor_data.speed
1764787929268,0.00834823027253151,monitor_data.speed
1764787929270,0.00834823027253151,monitor_data.speed
1764787929272,0.00834823027253151,monitor_data.speed
1764787929228,0,monitor_data.speed_ref
1764787929230,0,monitor_data.speed_ref
1764787929232,0,monitor_data.speed_ref
1764787929235,0,monitor_data.speed_ref
1764787929237,0,monitor_data.speed_ref
1764787929239,0,monitor_data.speed_ref
1764787929241,0,monitor_data.speed_ref
1764787929244,0,monitor_data.speed_ref
1764787929246,0,monitor_data.speed_ref
1764787929248,0,monitor_data.speed_ref
1764787929250,0,monitor_data.speed_ref
1764787929253,0,monitor_data.speed_ref
1764787929255,0,monitor_data.speed_ref
1764787929257,0,monitor_data.speed_ref
1764787929259,0,monitor_data.speed_ref
1764787929261,0,monitor_data.speed_ref
1764787929264,0,monitor_data.speed_ref
1764787929266,0,monitor_data.speed_ref
1764787929268,0,monitor_data.speed_ref
1764787929270,0,monitor_data.speed_ref
1764787929272,0,monitor_data.speed_ref
1764787929274,0.00834823027253151,monitor_data.speed
1764787929276,0.00834823027253151,monitor_data.speed
1764787929278,0.00834823027253151,monitor_data.speed
1764787929281,0.00834823027253151,monitor_data.speed
1764787929283,0.00834823027253151,monitor_data.speed
1764787929285,0.00834823027253151,monitor_data.speed
1764787929287,0.00834823027253151,monitor_data.speed
1764787929289,0.00834823027253151,monitor_data.speed
1764787929291,0.00834823027253151,monitor_data.speed
1764787929293,0.00834823027253151,monitor_data.speed
1764787929295,0.00834823027253151,monitor_data.speed
1764787929298,0.00834823027253151,monitor_data.speed
1764787929300,0.00834823027253151,monitor_data.speed
1764787929302,0.00834823027253151,monitor_data.speed
1764787929305,0.00834823027253151,monitor_data.speed
1764787929307,0.00834823027253151,monitor_data.speed
1764787929309,0.00834823027253151,monitor_data.speed
1764787929311,0.00834823027253151,monitor_data.speed
1764787929313,0.00834823027253151,monitor_data.speed
1764787929316,0.00834823027253151,monitor_data.speed
1764787929319,0.00834823027253151,monitor_data.speed
1764787929321,0.00834823027253151,monitor_data.speed
1764787929324,0.00834823027253151,monitor_data.speed
1764787929326,0.00834823027253151,monitor_data.speed
1764787929274,0,monitor_data.speed_ref
1764787929276,0,monitor_data.speed_ref
1764787929278,0,monitor_data.speed_ref
1764787929281,0,monitor_data.speed_ref
1764787929283,0,monitor_data.speed_ref
1764787929285,0,monitor_data.speed_ref
1764787929287,0,monitor_data.speed_ref
1764787929289,0,monitor_data.speed_ref
1764787929291,0,monitor_data.speed_ref
1764787929293,0,monitor_data.speed_ref
1764787929295,0,monitor_data.speed_ref
1764787929298,0,monitor_data.speed_ref
1764787929300,0,monitor_data.speed_ref
1764787929302,0,monitor_data.speed_ref
1764787929305,0,monitor_data.speed_ref
1764787929307,0,monitor_data.speed_ref
1764787929309,0,monitor_data.speed_ref
1764787929311,0,monitor_data.speed_ref
1764787929313,0,monitor_data.speed_ref
1764787929316,0,monitor_data.speed_ref
1764787929319,0,monitor_data.speed_ref
1764787929321,0,monitor_data.speed_ref
1764787929324,0,monitor_data.speed_ref
1764787929326,0,monitor_data.speed_ref
1764787929329,0.00834823027253151,monitor_data.speed
1764787929331,0.00834823027253151,monitor_data.speed
1764787929334,0.00834823027253151,monitor_data.speed
1764787929336,0.00834823027253151,monitor_data.speed
1764787929338,0.00834823027253151,monitor_data.speed
1764787929340,0.00834823027253151,monitor_data.speed
1764787929342,0.00834823027253151,monitor_data.speed
1764787929344,0.00834823027253151,monitor_data.speed
1764787929347,0.00834823027253151,monitor_data.speed
1764787929349,0.00834823027253151,monitor_data.speed
1764787929351,0.00834823027253151,monitor_data.speed
1764787929353,0.00834823027253151,monitor_data.speed
1764787929355,0.00834823027253151,monitor_data.speed
1764787929357,0.00834823027253151,monitor_data.speed
1764787929360,0.00834823027253151,monitor_data.speed
1764787929362,0.00834823027253151,monitor_data.speed
1764787929364,0.00834823027253151,monitor_data.speed
1764787929367,0.00834823027253151,monitor_data.speed
1764787929370,0.00834823027253151,monitor_data.speed
1764787929372,0.00834823027253151,monitor_data.speed
1764787929374,0.00834823027253151,monitor_data.speed
1764787929376,0.00834823027253151,monitor_data.speed
1764787929378,0.00834823027253151,monitor_data.speed
1764787929329,0,monitor_data.speed_ref
1764787929331,0,monitor_data.speed_ref
1764787929334,0,monitor_data.speed_ref
1764787929336,0,monitor_data.speed_ref
1764787929338,0,monitor_data.speed_ref
1764787929340,0,monitor_data.speed_ref
1764787929342,0,monitor_data.speed_ref
1764787929344,0,monitor_data.speed_ref
1764787929347,0,monitor_data.speed_ref
1764787929349,0,monitor_data.speed_ref
1764787929351,0,monitor_data.speed_ref
1764787929353,0,monitor_data.speed_ref
1764787929355,0,monitor_data.speed_ref
1764787929357,0,monitor_data.speed_ref
1764787929360,0,monitor_data.speed_ref
1764787929362,0,monitor_data.speed_ref
1764787929364,0,monitor_data.speed_ref
1764787929367,0,monitor_data.speed_ref
1764787929370,0,monitor_data.speed_ref
1764787929372,0,monitor_data.speed_ref
1764787929374,0,monitor_data.speed_ref
1764787929376,0,monitor_data.speed_ref
1764787929378,0,monitor_data.speed_ref
1764787929380,0.00834823027253151,monitor_data.speed
1764787929383,0.00834823027253151,monitor_data.speed
1764787929385,0.00834823027253151,monitor_data.speed
1764787929387,0.00834823027253151,monitor_data.speed
1764787929389,0.00834823027253151,monitor_data.speed
1764787929391,0.00834823027253151,monitor_data.speed
1764787929393,0.00834823027253151,monitor_data.speed
1764787929395,0.00834823027253151,monitor_data.speed
1764787929397,0.00834823027253151,monitor_data.speed
1764787929399,0.00834823027253151,monitor_data.speed
1764787929401,0.00834823027253151,monitor_data.speed
1764787929403,0.00834823027253151,monitor_data.speed
1764787929405,0.00834823027253151,monitor_data.speed
1764787929407,0.00834823027253151,monitor_data.speed
1764787929410,0.00834823027253151,monitor_data.speed
1764787929411,0.00834823027253151,monitor_data.speed
1764787929413,0.00834823027253151,monitor_data.speed
1764787929416,0.00834823027253151,monitor_data.speed
1764787929418,0.00834823027253151,monitor_data.speed
1764787929421,0.00834823027253151,monitor_data.speed
1764787929423,0.00834823027253151,monitor_data.speed
1764787929425,0.00834823027253151,monitor_data.speed
1764787929427,0.00834823027253151,monitor_data.speed
1764787929380,0,monitor_data.speed_ref
1764787929383,0,monitor_data.speed_ref
1764787929385,0,monitor_data.speed_ref
1764787929387,0,monitor_data.speed_ref
1764787929389,0,monitor_data.speed_ref
1764787929391,0,monitor_data.speed_ref
1764787929393,0,monitor_data.speed_ref
1764787929395,0,monitor_data.speed_ref
1764787929397,0,monitor_data.speed_ref
1764787929399,0,monitor_data.speed_ref
1764787929401,0,monitor_data.speed_ref
1764787929403,0,monitor_data.speed_ref
1764787929405,0,monitor_data.speed_ref
1764787929407,0,monitor_data.speed_ref
1764787929410,0,monitor_data.speed_ref
1764787929411,0,monitor_data.speed_ref
1764787929413,0,monitor_data.speed_ref
1764787929416,0,monitor_data.speed_ref
1764787929418,0,monitor_data.speed_ref
1764787929421,0,monitor_data.speed_ref
1764787929423,0,monitor_data.speed_ref
1764787929425,0,monitor_data.speed_ref
1764787929427,0,monitor_data.speed_ref
1764787929429,0.00834823027253151,monitor_data.speed
1764787929432,0.00834823027253151,monitor_data.speed
1764787929434,0.00834823027253151,monitor_data.speed
1764787929436,0.00834823027253151,monitor_data.speed
1764787929438,0.00834823027253151,monitor_data.speed
1764787929440,0.00834823027253151,monitor_data.speed
1764787929442,0.00834823027253151,monitor_data.speed
1764787929445,0.00834823027253151,monitor_data.speed
1764787929447,0.00834823027253151,monitor_data.speed
1764787929449,0.00834823027253151,monitor_data.speed
1764787929451,0.00834823027253151,monitor_data.speed
1764787929454,0.00834823027253151,monitor_data.speed
1764787929457,0.00834823027253151,monitor_data.speed
1764787929459,0.00834823027253151,monitor_data.speed
1764787929461,0.00834823027253151,monitor_data.speed
1764787929464,0.00834823027253151,monitor_data.speed
1764787929466,0.00834823027253151,monitor_data.speed
1764787929468,0.00834823027253151,monitor_data.speed
1764787929471,0.00834823027253151,monitor_data.speed
1764787929472,0.00834823027253151,monitor_data.speed
1764787929474,0.00834823027253151,monitor_data.speed
1764787929476,0.00834823027253151,monitor_data.speed
1764787929478,0.00834823027253151,monitor_data.speed
1764787929480,0.00834823027253151,monitor_data.speed
1764787929429,0,monitor_data.speed_ref
1764787929432,0,monitor_data.speed_ref
1764787929434,0,monitor_data.speed_ref
1764787929436,0,monitor_data.speed_ref
1764787929438,0,monitor_data.speed_ref
1764787929440,0,monitor_data.speed_ref
1764787929442,0,monitor_data.speed_ref
1764787929445,0,monitor_data.speed_ref
1764787929447,0,monitor_data.speed_ref
1764787929449,0,monitor_data.speed_ref
1764787929451,0,monitor_data.speed_ref
1764787929454,0,monitor_data.speed_ref
1764787929457,0,monitor_data.speed_ref
1764787929459,0,monitor_data.speed_ref
1764787929461,0,monitor_data.speed_ref
1764787929464,0,monitor_data.speed_ref
1764787929466,0,monitor_data.speed_ref
1764787929468,0,monitor_data.speed_ref
1764787929471,0,monitor_data.speed_ref
1764787929472,0,monitor_data.speed_ref
1764787929474,0,monitor_data.speed_ref
1764787929476,0,monitor_data.speed_ref
1764787929478,0,monitor_data.speed_ref
1764787929480,0,monitor_data.speed_ref
1764787929483,0.00834823027253151,monitor_data.speed
1764787929485,0.00834823027253151,monitor_data.speed
1764787929487,0.00834823027253151,monitor_data.speed
1764787929489,0.00834823027253151,monitor_data.speed
1764787929491,0.00834823027253151,monitor_data.speed
1764787929493,0.00834823027253151,monitor_data.speed
1764787929495,0.00834823027253151,monitor_data.speed
1764787929498,0.00834823027253151,monitor_data.speed
1764787929500,0.00834823027253151,monitor_data.speed
1764787929502,0.00834823027253151,monitor_data.speed
1764787929505,0.00834823027253151,monitor_data.speed
1764787929507,0.00834823027253151,monitor_data.speed
1764787929510,0.00834823027253151,monitor_data.speed
1764787929512,0.00834823027253151,monitor_data.speed
1764787929514,0.00834823027253151,monitor_data.speed
1764787929517,0.00834823027253151,monitor_data.speed
1764787929519,0.00834823027253151,monitor_data.speed
1764787929521,0.00834823027253151,monitor_data.speed
1764787929524,0.00834823027253151,monitor_data.speed
1764787929526,0.00834823027253151,monitor_data.speed
1764787929528,0.00834823027253151,monitor_data.speed
1764787929531,0.00834823027253151,monitor_data.speed
1764787929483,0,monitor_data.speed_ref
1764787929485,0,monitor_data.speed_ref
1764787929487,0,monitor_data.speed_ref
1764787929489,0,monitor_data.speed_ref
1764787929491,0,monitor_data.speed_ref
1764787929493,0,monitor_data.speed_ref
1764787929495,0,monitor_data.speed_ref
1764787929498,0,monitor_data.speed_ref
1764787929500,0,monitor_data.speed_ref
1764787929502,0,monitor_data.speed_ref
1764787929505,0,monitor_data.speed_ref
1764787929507,0,monitor_data.speed_ref
1764787929510,0,monitor_data.speed_ref
1764787929512,0,monitor_data.speed_ref
1764787929514,0,monitor_data.speed_ref
1764787929517,0,monitor_data.speed_ref
1764787929519,0,monitor_data.speed_ref
1764787929521,0,monitor_data.speed_ref
1764787929524,0,monitor_data.speed_ref
1764787929526,0,monitor_data.speed_ref
1764787929528,0,monitor_data.speed_ref
1764787929531,0,monitor_data.speed_ref
1764787929533,0.00834823027253151,monitor_data.speed
1764787929535,0.00834823027253151,monitor_data.speed
1764787929537,0.00834823027253151,monitor_data.speed
1764787929540,0.00834823027253151,monitor_data.speed
1764787929542,0.00834823027253151,monitor_data.speed
1764787929545,0.00834823027253151,monitor_data.speed
1764787929547,0.00834823027253151,monitor_data.speed
1764787929550,0.00834823027253151,monitor_data.speed
1764787929552,0.00834823027253151,monitor_data.speed
1764787929555,0.00834823027253151,monitor_data.speed
1764787929557,0.00834823027253151,monitor_data.speed
1764787929560,0.00834823027253151,monitor_data.speed
1764787929562,0.00834823027253151,monitor_data.speed
1764787929564,0.00834823027253151,monitor_data.speed
1764787929566,0.00834823027253151,monitor_data.speed
1764787929568,0.00834823027253151,monitor_data.speed
1764787929571,0.00834823027253151,monitor_data.speed
1764787929573,0.00834823027253151,monitor_data.speed
1764787929575,0.00834823027253151,monitor_data.speed
1764787929577,0.00834823027253151,monitor_data.speed
1764787929579,0.00834823027253151,monitor_data.speed
1764787929582,0.00834823027253151,monitor_data.speed
1764787929533,0,monitor_data.speed_ref
1764787929535,0,monitor_data.speed_ref
1764787929537,0,monitor_data.speed_ref
1764787929540,0,monitor_data.speed_ref
1764787929542,0,monitor_data.speed_ref
1764787929545,0,monitor_data.speed_ref
1764787929547,0,monitor_data.speed_ref
1764787929550,0,monitor_data.speed_ref
1764787929552,0,monitor_data.speed_ref
1764787929555,0,monitor_data.speed_ref
1764787929557,0,monitor_data.speed_ref
1764787929560,0,monitor_data.speed_ref
1764787929562,0,monitor_data.speed_ref
1764787929564,0,monitor_data.speed_ref
1764787929566,0,monitor_data.speed_ref
1764787929568,0,monitor_data.speed_ref
1764787929571,0,monitor_data.speed_ref
1764787929573,0,monitor_data.speed_ref
1764787929575,0,monitor_data.speed_ref
1764787929577,0,monitor_data.speed_ref
1764787929579,0,monitor_data.speed_ref
1764787929582,0,monitor_data.speed_ref
1764787929584,0.00834823027253151,monitor_data.speed
1764787929586,0.00834823027253151,monitor_data.speed
1764787929589,0.00834823027253151,monitor_data.speed
1764787929591,0.00834823027253151,monitor_data.speed
1764787929593,0.00834823027253151,monitor_data.speed
1764787929595,0.00834823027253151,monitor_data.speed
1764787929597,0.00834823027253151,monitor_data.speed
1764787929599,0.00834823027253151,monitor_data.speed
1764787929602,0.00834823027253151,monitor_data.speed
1764787929604,0.00834823027253151,monitor_data.speed
1764787929606,0.00834823027253151,monitor_data.speed
1764787929608,0.00834823027253151,monitor_data.speed
1764787929610,0.00834823027253151,monitor_data.speed
1764787929612,0.00834823027253151,monitor_data.speed
1764787929614,0.00834823027253151,monitor_data.speed
1764787929616,0.00834823027253151,monitor_data.speed
1764787929618,0.00834823027253151,monitor_data.speed
1764787929621,0.00834823027253151,monitor_data.speed
1764787929623,0.00834823027253151,monitor_data.speed
1764787929625,0.00834823027253151,monitor_data.speed
1764787929628,0.00834823027253151,monitor_data.speed
1764787929630,0.00834823027253151,monitor_data.speed
1764787929632,0.00834823027253151,monitor_data.speed
1764787929584,0,monitor_data.speed_ref
1764787929586,0,monitor_data.speed_ref
1764787929589,0,monitor_data.speed_ref
1764787929591,0,monitor_data.speed_ref
1764787929593,0,monitor_data.speed_ref
1764787929595,0,monitor_data.speed_ref
1764787929597,0,monitor_data.speed_ref
1764787929599,0,monitor_data.speed_ref
1764787929602,0,monitor_data.speed_ref
1764787929604,0,monitor_data.speed_ref
1764787929606,0,monitor_data.speed_ref
1764787929608,0,monitor_data.speed_ref
1764787929610,0,monitor_data.speed_ref
1764787929612,0,monitor_data.speed_ref
1764787929614,0,monitor_data.speed_ref
1764787929616,0,monitor_data.speed_ref
1764787929618,0,monitor_data.speed_ref
1764787929621,0,monitor_data.speed_ref
1764787929623,0,monitor_data.speed_ref
1764787929625,0,monitor_data.speed_ref
1764787929628,0,monitor_data.speed_ref
1764787929630,0,monitor_data.speed_ref
1764787929632,0,monitor_data.speed_ref
1764787929635,0.00834823027253151,monitor_data.speed
1764787929636,0.00834823027253151,monitor_data.speed
1764787929638,0.00834823027253151,monitor_data.speed
1764787929640,0.00834823027253151,monitor_data.speed
1764787929643,0.00834823027253151,monitor_data.speed
1764787929645,0.00834823027253151,monitor_data.speed
1764787929647,0.00834823027253151,monitor_data.speed
1764787929649,0.00834823027253151,monitor_data.speed
1764787929652,0.00834823027253151,monitor_data.speed
1764787929654,0.00834823027253151,monitor_data.speed
1764787929656,0.00834823027253151,monitor_data.speed
1764787929658,0.00834823027253151,monitor_data.speed
1764787929660,0.00834823027253151,monitor_data.speed
1764787929662,0.00834823027253151,monitor_data.speed
1764787929664,0.00834823027253151,monitor_data.speed
1764787929666,0.00834823027253151,monitor_data.speed
1764787929668,0.00834823027253151,monitor_data.speed
1764787929670,0.00834823027253151,monitor_data.speed
1764787929672,0.00834823027253151,monitor_data.speed
1764787929674,0.00834823027253151,monitor_data.speed
1764787929676,0.00834823027253151,monitor_data.speed
1764787929678,0.00834823027253151,monitor_data.speed
1764787929679,0.00834823027253151,monitor_data.speed
1764787929681,0.00834823027253151,monitor_data.speed
1764787929683,0.00834823027253151,monitor_data.speed
1764787929686,0.00834823027253151,monitor_data.speed
1764787929635,0,monitor_data.speed_ref
1764787929636,0,monitor_data.speed_ref
1764787929638,0,monitor_data.speed_ref
1764787929640,0,monitor_data.speed_ref
1764787929643,0,monitor_data.speed_ref
1764787929645,0,monitor_data.speed_ref
1764787929647,0,monitor_data.speed_ref
1764787929649,0,monitor_data.speed_ref
1764787929652,0,monitor_data.speed_ref
1764787929654,0,monitor_data.speed_ref
1764787929656,0,monitor_data.speed_ref
1764787929658,0,monitor_data.speed_ref
1764787929660,0,monitor_data.speed_ref
1764787929662,0,monitor_data.speed_ref
1764787929664,0,monitor_data.speed_ref
1764787929666,0,monitor_data.speed_ref
1764787929668,0,monitor_data.speed_ref
1764787929670,0,monitor_data.speed_ref
1764787929672,0,monitor_data.speed_ref
1764787929674,0,monitor_data.speed_ref
1764787929676,0,monitor_data.speed_ref
1764787929678,0,monitor_data.speed_ref
1764787929679,0,monitor_data.speed_ref
1764787929681,0,monitor_data.speed_ref
1764787929683,0,monitor_data.speed_ref
1764787929686,0,monitor_data.speed_ref
1764787929688,0.00834823027253151,monitor_data.speed
1764787929689,0.00834823027253151,monitor_data.speed
1764787929691,0.00834823027253151,monitor_data.speed
1764787929693,0.00834823027253151,monitor_data.speed
1764787929695,0.00834823027253151,monitor_data.speed
1764787929697,0.00834823027253151,monitor_data.speed
1764787929700,0.00834823027253151,monitor_data.speed
1764787929702,0.00834823027253151,monitor_data.speed
1764787929704,0.00834823027253151,monitor_data.speed
1764787929706,0.00834823027253151,monitor_data.speed
1764787929708,0.00834823027253151,monitor_data.speed
1764787929710,0.00834823027253151,monitor_data.speed
1764787929712,0.00834823027253151,monitor_data.speed
1764787929714,0.00834823027253151,monitor_data.speed
1764787929716,0.00834823027253151,monitor_data.speed
1764787929718,0.00834823027253151,monitor_data.speed
1764787929720,0.00834823027253151,monitor_data.speed
1764787929722,0.00834823027253151,monitor_data.speed
1764787929724,0.00834823027253151,monitor_data.speed
1764787929726,0.00834823027253151,monitor_data.speed
1764787929728,0.00834823027253151,monitor_data.speed
1764787929730,0.00834823027253151,monitor_data.speed
1764787929732,0.00834823027253151,monitor_data.speed
1764787929734,0.00834823027253151,monitor_data.speed
1764787929736,0.00834823027253151,monitor_data.speed
1764787929688,0,monitor_data.speed_ref
1764787929689,0,monitor_data.speed_ref
1764787929691,0,monitor_data.speed_ref
1764787929693,0,monitor_data.speed_ref
1764787929695,0,monitor_data.speed_ref
1764787929697,0,monitor_data.speed_ref
1764787929700,0,monitor_data.speed_ref
1764787929702,0,monitor_data.speed_ref
1764787929704,0,monitor_data.speed_ref
1764787929706,0,monitor_data.speed_ref
1764787929708,0,monitor_data.speed_ref
1764787929710,0,monitor_data.speed_ref
1764787929712,0,monitor_data.speed_ref
1764787929714,0,monitor_data.speed_ref
1764787929716,0,monitor_data.speed_ref
1764787929718,0,monitor_data.speed_ref
1764787929720,0,monitor_data.speed_ref
1764787929722,0,monitor_data.speed_ref
1764787929724,0,monitor_data.speed_ref
1764787929726,0,monitor_data.speed_ref
1764787929728,0,monitor_data.speed_ref
1764787929730,0,monitor_data.speed_ref
1764787929732,0,monitor_data.speed_ref
1764787929734,0,monitor_data.speed_ref
1764787929736,0,monitor_data.speed_ref
1764787929738,0.00834823027253151,monitor_data.speed
1764787929740,0.00834823027253151,monitor_data.speed
1764787929742,0.00834823027253151,monitor_data.speed
1764787929744,0.00834823027253151,monitor_data.speed
1764787929745,0.00834823027253151,monitor_data.speed
1764787929747,0.00834823027253151,monitor_data.speed
1764787929750,0.00834823027253151,monitor_data.speed
1764787929751,0.00834823027253151,monitor_data.speed
1764787929754,0.00834823027253151,monitor_data.speed
1764787929756,0.00834823027253151,monitor_data.speed
1764787929758,0.00834823027253151,monitor_data.speed
1764787929760,0.00834823027253151,monitor_data.speed
1764787929764,0.00834823027253151,monitor_data.speed
1764787929767,0.00834823027253151,monitor_data.speed
1764787929770,0.00834823027253151,monitor_data.speed
1764787929773,0.00834823027253151,monitor_data.speed
1764787929775,0.00834823027253151,monitor_data.speed
1764787929777,0.00834823027253151,monitor_data.speed
1764787929779,0.00834823027253151,monitor_data.speed
1764787929782,0.00834823027253151,monitor_data.speed
1764787929784,0.00834823027253151,monitor_data.speed
1764787929786,0.00834823027253151,monitor_data.speed
1764787929788,0.00834823027253151,monitor_data.speed
1764787929738,0,monitor_data.speed_ref
1764787929740,0,monitor_data.speed_ref
1764787929742,0,monitor_data.speed_ref
1764787929744,0,monitor_data.speed_ref
1764787929745,0,monitor_data.speed_ref
1764787929747,0,monitor_data.speed_ref
1764787929750,0,monitor_data.speed_ref
1764787929751,0,monitor_data.speed_ref
1764787929754,0,monitor_data.speed_ref
1764787929756,0,monitor_data.speed_ref
1764787929758,0,monitor_data.speed_ref
1764787929760,0,monitor_data.speed_ref
1764787929764,0,monitor_data.speed_ref
1764787929767,0,monitor_data.speed_ref
1764787929770,0,monitor_data.speed_ref
1764787929773,0,monitor_data.speed_ref
1764787929775,0,monitor_data.speed_ref
1764787929777,0,monitor_data.speed_ref
1764787929779,0,monitor_data.speed_ref
1764787929782,0,monitor_data.speed_ref
1764787929784,0,monitor_data.speed_ref
1764787929786,0,monitor_data.speed_ref
1764787929788,0,monitor_data.speed_ref
1764787929790,0.00834823027253151,monitor_data.speed
1764787929792,0.00834823027253151,monitor_data.speed
1764787929794,0.00834823027253151,monitor_data.speed
1764787929796,0.00834823027253151,monitor_data.speed
1764787929799,0.00834823027253151,monitor_data.speed
1764787929801,0.00834823027253151,monitor_data.speed
1764787929802,0.00834823027253151,monitor_data.speed
1764787929804,0.00834823027253151,monitor_data.speed
1764787929806,0.00834823027253151,monitor_data.speed
1764787929808,0.00834823027253151,monitor_data.speed
1764787929810,0.00834823027253151,monitor_data.speed
1764787929811,0.00834823027253151,monitor_data.speed
1764787929813,0.00834823027253151,monitor_data.speed
1764787929814,0.00834823027253151,monitor_data.speed
1764787929816,0.00834823027253151,monitor_data.speed
1764787929818,0.00834823027253151,monitor_data.speed
1764787929820,0.00834823027253151,monitor_data.speed
1764787929823,0.00834823027253151,monitor_data.speed
1764787929825,0.00834823027253151,monitor_data.speed
1764787929827,0.00834823027253151,monitor_data.speed
1764787929829,0.00834823027253151,monitor_data.speed
1764787929831,0.00834823027253151,monitor_data.speed
1764787929834,0.00834823027253151,monitor_data.speed
1764787929836,0.00834823027253151,monitor_data.speed
1764787929790,0,monitor_data.speed_ref
1764787929792,0,monitor_data.speed_ref
1764787929794,0,monitor_data.speed_ref
1764787929796,0,monitor_data.speed_ref
1764787929799,0,monitor_data.speed_ref
1764787929801,0,monitor_data.speed_ref
1764787929802,0,monitor_data.speed_ref
1764787929804,0,monitor_data.speed_ref
1764787929806,0,monitor_data.speed_ref
1764787929808,0,monitor_data.speed_ref
1764787929810,0,monitor_data.speed_ref
1764787929811,0,monitor_data.speed_ref
1764787929813,0,monitor_data.speed_ref
1764787929814,0,monitor_data.speed_ref
1764787929816,0,monitor_data.speed_ref
1764787929818,0,monitor_data.speed_ref
1764787929820,0,monitor_data.speed_ref
1764787929823,0,monitor_data.speed_ref
1764787929825,0,monitor_data.speed_ref
1764787929827,0,monitor_data.speed_ref
1764787929829,0,monitor_data.speed_ref
1764787929831,0,monitor_data.speed_ref
1764787929834,0,monitor_data.speed_ref
1764787929836,0,monitor_data.speed_ref
1764787929838,0.00834823027253151,monitor_data.speed
1764787929840,0.00834823027253151,monitor_data.speed
1764787929842,0.00834823027253151,monitor_data.speed
1764787929844,0.00834823027253151,monitor_data.speed
1764787929847,0.00834823027253151,monitor_data.speed
1764787929850,0.00834823027253151,monitor_data.speed
1764787929852,0.00834823027253151,monitor_data.speed
1764787929854,0.00834823027253151,monitor_data.speed
1764787929855,0.00834823027253151,monitor_data.speed
1764787929858,0.00834823027253151,monitor_data.speed
1764787929860,0.00834823027253151,monitor_data.speed
1764787929862,0.00834823027253151,monitor_data.speed
1764787929864,0.00834823027253151,monitor_data.speed
1764787929866,0.00834823027253151,monitor_data.speed
1764787929869,0.00834823027253151,monitor_data.speed
1764787929871,0.00834823027253151,monitor_data.speed
1764787929873,0.00834823027253151,monitor_data.speed
1764787929875,0.00834823027253151,monitor_data.speed
1764787929877,0.00834823027253151,monitor_data.speed
1764787929879,0.00834823027253151,monitor_data.speed
1764787929881,0.00834823027253151,monitor_data.speed
1764787929883,0.00834823027253151,monitor_data.speed
1764787929885,0.00834823027253151,monitor_data.speed
1764787929887,0.00834823027253151,monitor_data.speed
1764787929888,0.00834823027253151,monitor_data.speed
1764787929890,0.00834823027253151,monitor_data.speed
1764787929838,0,monitor_data.speed_ref
1764787929840,0,monitor_data.speed_ref
1764787929842,0,monitor_data.speed_ref
1764787929844,0,monitor_data.speed_ref
1764787929847,0,monitor_data.speed_ref
1764787929850,0,monitor_data.speed_ref
1764787929852,0,monitor_data.speed_ref
1764787929854,0,monitor_data.speed_ref
1764787929855,0,monitor_data.speed_ref
1764787929858,0,monitor_data.speed_ref
1764787929860,0,monitor_data.speed_ref
1764787929862,0,monitor_data.speed_ref
1764787929864,0,monitor_data.speed_ref
1764787929866,0,monitor_data.speed_ref
1764787929869,0,monitor_data.speed_ref
1764787929871,0,monitor_data.speed_ref
1764787929873,0,monitor_data.speed_ref
1764787929875,0,monitor_data.speed_ref
1764787929877,0,monitor_data.speed_ref
1764787929879,0,monitor_data.speed_ref
1764787929881,0,monitor_data.speed_ref
1764787929883,0,monitor_data.speed_ref
1764787929885,0,monitor_data.speed_ref
1764787929887,0,monitor_data.speed_ref
1764787929888,0,monitor_data.speed_ref
1764787929890,0,monitor_data.speed_ref
1764787929892,0.00834823027253151,monitor_data.speed
1764787929894,0.00834823027253151,monitor_data.speed
1764787929896,0.00834823027253151,monitor_data.speed
1764787929898,0.00834823027253151,monitor_data.speed
1764787929900,0.00834823027253151,monitor_data.speed
1764787929902,0.00834823027253151,monitor_data.speed
1764787929904,0.00834823027253151,monitor_data.speed
1764787929906,0.00834823027253151,monitor_data.speed
1764787929908,0.00834823027253151,monitor_data.speed
1764787929910,0.00834823027253151,monitor_data.speed
1764787929912,0.00834823027253151,monitor_data.speed
1764787929914,0.00834823027253151,monitor_data.speed
1764787929916,0.00834823027253151,monitor_data.speed
1764787929918,0.00834823027253151,monitor_data.speed
1764787929920,0.00834823027253151,monitor_data.speed
1764787929922,0.00834823027253151,monitor_data.speed
1764787929924,0.00834823027253151,monitor_data.speed
1764787929926,0.00834823027253151,monitor_data.speed
1764787929928,0.00834823027253151,monitor_data.speed
1764787929930,0.00834823027253151,monitor_data.speed
1764787929933,0.00834823027253151,monitor_data.speed
1764787929935,0.00834823027253151,monitor_data.speed
1764787929937,0.00834823027253151,monitor_data.speed
1764787929892,0,monitor_data.speed_ref
1764787929894,0,monitor_data.speed_ref
1764787929896,0,monitor_data.speed_ref
1764787929898,0,monitor_data.speed_ref
1764787929900,0,monitor_data.speed_ref
1764787929902,0,monitor_data.speed_ref
1764787929904,0,monitor_data.speed_ref
1764787929906,0,monitor_data.speed_ref
1764787929908,0,monitor_data.speed_ref
1764787929910,0,monitor_data.speed_ref
1764787929912,0,monitor_data.speed_ref
1764787929914,0,monitor_data.speed_ref
1764787929916,0,monitor_data.speed_ref
1764787929918,0,monitor_data.speed_ref
1764787929920,0,monitor_data.speed_ref
1764787929922,0,monitor_data.speed_ref
1764787929924,0,monitor_data.speed_ref
1764787929926,0,monitor_data.speed_ref
1764787929928,0,monitor_data.speed_ref
1764787929930,0,monitor_data.speed_ref
1764787929933,0,monitor_data.speed_ref
1764787929935,0,monitor_data.speed_ref
1764787929937,0,monitor_data.speed_ref
1764787929939,0.00834823027253151,monitor_data.speed
1764787929941,0.00834823027253151,monitor_data.speed
1764787929943,0.00834823027253151,monitor_data.speed
1764787929944,0.00834823027253151,monitor_data.speed
1764787929947,0.00834823027253151,monitor_data.speed
1764787929949,0.00834823027253151,monitor_data.speed
1764787929951,0.00834823027253151,monitor_data.speed
1764787929953,0.00834823027253151,monitor_data.speed
1764787929955,0.00834823027253151,monitor_data.speed
1764787929957,0.00834823027253151,monitor_data.speed
1764787929959,0.00834823027253151,monitor_data.speed
1764787929961,0.00834823027253151,monitor_data.speed
1764787929963,0.00834823027253151,monitor_data.speed
1764787929966,0.00834823027253151,monitor_data.speed
1764787929968,0.00834823027253151,monitor_data.speed
1764787929970,0.00834823027253151,monitor_data.speed
1764787929972,0.00834823027253151,monitor_data.speed
1764787929974,0.00834823027253151,monitor_data.speed
1764787929976,0.00834823027253151,monitor_data.speed
1764787929978,0.00834823027253151,monitor_data.speed
1764787929981,0.00834823027253151,monitor_data.speed
1764787929983,0.00834823027253151,monitor_data.speed
1764787929985,0.00834823027253151,monitor_data.speed
1764787929987,0.00834823027253151,monitor_data.speed
1764787929989,0.00834823027253151,monitor_data.speed
1764787929939,0,monitor_data.speed_ref
1764787929941,0,monitor_data.speed_ref
1764787929943,0,monitor_data.speed_ref
1764787929944,0,monitor_data.speed_ref
1764787929947,0,monitor_data.speed_ref
1764787929949,0,monitor_data.speed_ref
1764787929951,0,monitor_data.speed_ref
1764787929953,0,monitor_data.speed_ref
1764787929955,0,monitor_data.speed_ref
1764787929957,0,monitor_data.speed_ref
1764787929959,0,monitor_data.speed_ref
1764787929961,0,monitor_data.speed_ref
1764787929963,0,monitor_data.speed_ref
1764787929966,0,monitor_data.speed_ref
1764787929968,0,monitor_data.speed_ref
1764787929970,0,monitor_data.speed_ref
1764787929972,0,monitor_data.speed_ref
1764787929974,0,monitor_data.speed_ref
1764787929976,0,monitor_data.speed_ref
1764787929978,0,monitor_data.speed_ref
1764787929981,0,monitor_data.speed_ref
1764787929983,0,monitor_data.speed_ref
1764787929985,0,monitor_data.speed_ref
1764787929987,0,monitor_data.speed_ref
1764787929989,0,monitor_data.speed_ref
1764787929990,0.00834823027253151,monitor_data.speed
1764787929993,0.00834823027253151,monitor_data.speed
1764787929995,0.00834823027253151,monitor_data.speed
1764787929997,0.00834823027253151,monitor_data.speed
1764787929999,0.00834823027253151,monitor_data.speed
1764787930001,0.00834823027253151,monitor_data.speed
1764787930002,0.00834823027253151,monitor_data.speed
1764787930003,0.00834823027253151,monitor_data.speed
1764787930005,0.00834823027253151,monitor_data.speed
1764787930007,0.00834823027253151,monitor_data.speed
1764787930009,0.00834823027253151,monitor_data.speed
1764787930011,0.00834823027253151,monitor_data.speed
1764787930013,0.00834823027253151,monitor_data.speed
1764787930015,0.00834823027253151,monitor_data.speed
1764787930017,0.00834823027253151,monitor_data.speed
1764787930019,0.00834823027253151,monitor_data.speed
1764787930021,0.00834823027253151,monitor_data.speed
1764787930023,0.00834823027253151,monitor_data.speed
1764787930025,0.00834823027253151,monitor_data.speed
1764787930027,0.00834823027253151,monitor_data.speed
1764787930029,0.00834823027253151,monitor_data.speed
1764787930031,0.00834823027253151,monitor_data.speed
1764787930034,0.00834823027253151,monitor_data.speed
1764787930036,0.00834823027253151,monitor_data.speed
1764787930038,0.00834823027253151,monitor_data.speed
1764787930040,0.00834823027253151,monitor_data.speed
1764787929990,0,monitor_data.speed_ref
1764787929993,0,monitor_data.speed_ref
1764787929995,0,monitor_data.speed_ref
1764787929997,0,monitor_data.speed_ref
1764787929999,0,monitor_data.speed_ref
1764787930001,0,monitor_data.speed_ref
1764787930002,0,monitor_data.speed_ref
1764787930003,0,monitor_data.speed_ref
1764787930005,0,monitor_data.speed_ref
1764787930007,0,monitor_data.speed_ref
1764787930009,0,monitor_data.speed_ref
1764787930011,0,monitor_data.speed_ref
1764787930013,0,monitor_data.speed_ref
1764787930015,0,monitor_data.speed_ref
1764787930017,0,monitor_data.speed_ref
1764787930019,0,monitor_data.speed_ref
1764787930021,0,monitor_data.speed_ref
1764787930023,0,monitor_data.speed_ref
1764787930025,0,monitor_data.speed_ref
1764787930027,0,monitor_data.speed_ref
1764787930029,0,monitor_data.speed_ref
1764787930031,0,monitor_data.speed_ref
1764787930034,0,monitor_data.speed_ref
1764787930036,0,monitor_data.speed_ref
1764787930038,0,monitor_data.speed_ref
1764787930040,0,monitor_data.speed_ref
1764787930042,0.00834823027253151,monitor_data.speed
1764787930044,0.00834823027253151,monitor_data.speed
1764787930046,0.00834823027253151,monitor_data.speed
1764787930048,0.00834823027253151,monitor_data.speed
1764787930050,0.00834823027253151,monitor_data.speed
1764787930052,0.00834823027253151,monitor_data.speed
1764787930055,0.00834823027253151,monitor_data.speed
1764787930057,0.00834823027253151,monitor_data.speed
1764787930059,0.00834823027253151,monitor_data.speed
1764787930061,0.00834823027253151,monitor_data.speed
1764787930062,0.00834823027253151,monitor_data.speed
1764787930064,0.00834823027253151,monitor_data.speed
1764787930066,0.00834823027253151,monitor_data.speed
1764787930068,0.00834823027253151,monitor_data.speed
1764787930070,0.00834823027253151,monitor_data.speed
1764787930072,0.00834823027253151,monitor_data.speed
1764787930074,0.00834823027253151,monitor_data.speed
1764787930076,0.00834823027253151,monitor_data.speed
1764787930078,0.00834823027253151,monitor_data.speed
1764787930080,0.00834823027253151,monitor_data.speed
1764787930083,0.00834823027253151,monitor_data.speed
1764787930085,0.00834823027253151,monitor_data.speed
1764787930086,0.00834823027253151,monitor_data.speed
1764787930089,0.00834823027253151,monitor_data.speed
1764787930042,0,monitor_data.speed_ref
1764787930044,0,monitor_data.speed_ref
1764787930046,0,monitor_data.speed_ref
1764787930048,0,monitor_data.speed_ref
1764787930050,0,monitor_data.speed_ref
1764787930052,0,monitor_data.speed_ref
1764787930055,0,monitor_data.speed_ref
1764787930057,0,monitor_data.speed_ref
1764787930059,0,monitor_data.speed_ref
1764787930061,0,monitor_data.speed_ref
1764787930062,0,monitor_data.speed_ref
1764787930064,0,monitor_data.speed_ref
1764787930066,0,monitor_data.speed_ref
1764787930068,0,monitor_data.speed_ref
1764787930070,0,monitor_data.speed_ref
1764787930072,0,monitor_data.speed_ref
1764787930074,0,monitor_data.speed_ref
1764787930076,0,monitor_data.speed_ref
1764787930078,0,monitor_data.speed_ref
1764787930080,0,monitor_data.speed_ref
1764787930083,0,monitor_data.speed_ref
1764787930085,0,monitor_data.speed_ref
1764787930086,0,monitor_data.speed_ref
1764787930089,0,monitor_data.speed_ref
1764787930091,0.00834823027253151,monitor_data.speed
1764787930093,0.00834823027253151,monitor_data.speed
1764787930094,0.00834823027253151,monitor_data.speed
1764787930096,0.00834823027253151,monitor_data.speed
1764787930099,0.00834823027253151,monitor_data.speed
1764787930101,0.00834823027253151,monitor_data.speed
1764787930103,0.00834823027253151,monitor_data.speed
1764787930105,0.00834823027253151,monitor_data.speed
1764787930108,0.00834823027253151,monitor_data.speed
1764787930110,0.00834823027253151,monitor_data.speed
1764787930112,0.00834823027253151,monitor_data.speed
1764787930114,0.00834823027253151,monitor_data.speed
1764787930117,0.00834823027253151,monitor_data.speed
1764787930119,0.00834823027253151,monitor_data.speed
1764787930121,0.00834823027253151,monitor_data.speed
1764787930123,0.00834823027253151,monitor_data.speed
1764787930126,0.00834823027253151,monitor_data.speed
1764787930128,0.00834823027253151,monitor_data.speed
1764787930131,0.00834823027253151,monitor_data.speed
1764787930133,0.00834823027253151,monitor_data.speed
1764787930135,0.00834823027253151,monitor_data.speed
1764787930138,0.00834823027253151,monitor_data.speed
1764787930141,0.00834823027253151,monitor_data.speed
1764787930143,0.00834823027253151,monitor_data.speed
1764787930091,0,monitor_data.speed_ref
1764787930093,0,monitor_data.speed_ref
1764787930094,0,monitor_data.speed_ref
1764787930096,0,monitor_data.speed_ref
1764787930099,0,monitor_data.speed_ref
1764787930101,0,monitor_data.speed_ref
1764787930103,0,monitor_data.speed_ref
1764787930105,0,monitor_data.speed_ref
1764787930108,0,monitor_data.speed_ref
1764787930110,0,monitor_data.speed_ref
1764787930112,0,monitor_data.speed_ref
1764787930114,0,monitor_data.speed_ref
1764787930117,0,monitor_data.speed_ref
1764787930119,0,monitor_data.speed_ref
1764787930121,0,monitor_data.speed_ref
1764787930123,0,monitor_data.speed_ref
1764787930126,0,monitor_data.speed_ref
1764787930128,0,monitor_data.speed_ref
1764787930131,0,monitor_data.speed_ref
1764787930133,0,monitor_data.speed_ref
1764787930135,0,monitor_data.speed_ref
1764787930138,0,monitor_data.speed_ref
1764787930141,0,monitor_data.speed_ref
1764787930143,0,monitor_data.speed_ref
1764787930144,0.00834823027253151,monitor_data.speed
1764787930147,0.00834823027253151,monitor_data.speed
1764787930150,0.00834823027253151,monitor_data.speed
1764787930152,0.00834823027253151,monitor_data.speed
1764787930154,0.00834823027253151,monitor_data.speed
1764787930156,0.00834823027253151,monitor_data.speed
1764787930158,0.00834823027253151,monitor_data.speed
1764787930160,0.00834823027253151,monitor_data.speed
1764787930163,0.00834823027253151,monitor_data.speed
1764787930165,0.00834823027253151,monitor_data.speed
1764787930168,0.00834823027253151,monitor_data.speed
1764787930170,0.00834823027253151,monitor_data.speed
1764787930172,0.00834823027253151,monitor_data.speed
1764787930174,0.00834823027253151,monitor_data.speed
1764787930176,0.00834823027253151,monitor_data.speed
1764787930178,0.00834823027253151,monitor_data.speed
1764787930181,0.00834823027253151,monitor_data.speed
1764787930184,0.00834823027253151,monitor_data.speed
1764787930186,0.00834823027253151,monitor_data.speed
1764787930188,0.00834823027253151,monitor_data.speed
1764787930144,0,monitor_data.speed_ref
1764787930147,0,monitor_data.speed_ref
1764787930150,0,monitor_data.speed_ref
1764787930152,0,monitor_data.speed_ref
1764787930154,0,monitor_data.speed_ref
1764787930156,0,monitor_data.speed_ref
1764787930158,0,monitor_data.speed_ref
1764787930160,0,monitor_data.speed_ref
1764787930163,0,monitor_data.speed_ref
1764787930165,0,monitor_data.speed_ref
1764787930168,0,monitor_data.speed_ref
1764787930170,0,monitor_data.speed_ref
1764787930172,0,monitor_data.speed_ref
1764787930174,0,monitor_data.speed_ref
1764787930176,0,monitor_data.speed_ref
1764787930178,0,monitor_data.speed_ref
1764787930181,0,monitor_data.speed_ref
1764787930184,0,monitor_data.speed_ref
1764787930186,0,monitor_data.speed_ref
1764787930188,0,monitor_data.speed_ref
1764787930190,0.00834823027253151,monitor_data.speed
1764787930191,0.00834823027253151,monitor_data.speed
1764787930194,0.00834823027253151,monitor_data.speed
1764787930196,0.00834823027253151,monitor_data.speed
1764787930198,0.00834823027253151,monitor_data.speed
1764787930200,0.00834823027253151,monitor_data.speed
1764787930203,0.00834823027253151,monitor_data.speed
1764787930205,0.00834823027253151,monitor_data.speed
1764787930207,0.00834823027253151,monitor_data.speed
1764787930209,0.00834823027253151,monitor_data.speed
1764787930211,0.00834823027253151,monitor_data.speed
1764787930213,0.00834823027253151,monitor_data.speed
1764787930216,0.00834823027253151,monitor_data.speed
1764787930218,0.00834823027253151,monitor_data.speed
1764787930219,0.00834823027253151,monitor_data.speed
1764787930222,0.00834823027253151,monitor_data.speed
1764787930223,0.00834823027253151,monitor_data.speed
1764787930225,0.00834823027253151,monitor_data.speed
1764787930228,0.00834823027253151,monitor_data.speed
1764787930230,0.00834823027253151,monitor_data.speed
1764787930232,0.00834823027253151,monitor_data.speed
1764787930235,0.00834823027253151,monitor_data.speed
1764787930237,0.00834823027253151,monitor_data.speed
1764787930239,0.00834823027253151,monitor_data.speed
1764787930241,0.00834823027253151,monitor_data.speed
1764787930190,0,monitor_data.speed_ref
1764787930191,0,monitor_data.speed_ref
1764787930194,0,monitor_data.speed_ref
1764787930196,0,monitor_data.speed_ref
1764787930198,0,monitor_data.speed_ref
1764787930200,0,monitor_data.speed_ref
1764787930203,0,monitor_data.speed_ref
1764787930205,0,monitor_data.speed_ref
1764787930207,0,monitor_data.speed_ref
1764787930209,0,monitor_data.speed_ref
1764787930211,0,monitor_data.speed_ref
1764787930213,0,monitor_data.speed_ref
1764787930216,0,monitor_data.speed_ref
1764787930218,0,monitor_data.speed_ref
1764787930219,0,monitor_data.speed_ref
1764787930222,0,monitor_data.speed_ref
1764787930223,0,monitor_data.speed_ref
1764787930225,0,monitor_data.speed_ref
1764787930228,0,monitor_data.speed_ref
1764787930230,0,monitor_data.speed_ref
1764787930232,0,monitor_data.speed_ref
1764787930235,0,monitor_data.speed_ref
1764787930237,0,monitor_data.speed_ref
1764787930239,0,monitor_data.speed_ref
1764787930241,0,monitor_data.speed_ref
1764787930244,0.00834823027253151,monitor_data.speed
1764787930246,0.00834823027253151,monitor_data.speed
1764787930248,0.00834823027253151,monitor_data.speed
1764787930250,0.00834823027253151,monitor_data.speed
1764787930252,0.00834823027253151,monitor_data.speed
1764787930255,0.00834823027253151,monitor_data.speed
1764787930257,0.00834823027253151,monitor_data.speed
1764787930259,0.00834823027253151,monitor_data.speed
1764787930261,0.00834823027253151,monitor_data.speed
1764787930264,0.00834823027253151,monitor_data.speed
1764787930266,0.00834823027253151,monitor_data.speed
1764787930268,0.00834823027253151,monitor_data.speed
1764787930269,0.00834823027253151,monitor_data.speed
1764787930271,0.00834823027253151,monitor_data.speed
1764787930273,0.00834823027253151,monitor_data.speed
1764787930275,0.00834823027253151,monitor_data.speed
1764787930276,0.00834823027253151,monitor_data.speed
1764787930279,0.00834823027253151,monitor_data.speed
1764787930281,0.00834823027253151,monitor_data.speed
1764787930283,0.00834823027253151,monitor_data.speed
1764787930286,0.00834823027253151,monitor_data.speed
1764787930288,0.00834823027253151,monitor_data.speed
1764787930290,0.00834823027253151,monitor_data.speed
1764787930292,0.00834823027253151,monitor_data.speed
1764787930294,0.00834823027253151,monitor_data.speed
1764787930296,0.00834823027253151,monitor_data.speed
1764787930244,0,monitor_data.speed_ref
1764787930246,0,monitor_data.speed_ref
1764787930248,0,monitor_data.speed_ref
1764787930250,0,monitor_data.speed_ref
1764787930252,0,monitor_data.speed_ref
1764787930255,0,monitor_data.speed_ref
1764787930257,0,monitor_data.speed_ref
1764787930259,0,monitor_data.speed_ref
1764787930261,0,monitor_data.speed_ref
1764787930264,0,monitor_data.speed_ref
1764787930266,0,monitor_data.speed_ref
1764787930268,0,monitor_data.speed_ref
1764787930269,0,monitor_data.speed_ref
1764787930271,0,monitor_data.speed_ref
1764787930273,0,monitor_data.speed_ref
1764787930275,0,monitor_data.speed_ref
1764787930276,0,monitor_data.speed_ref
1764787930279,0,monitor_data.speed_ref
1764787930281,0,monitor_data.speed_ref
1764787930283,0,monitor_data.speed_ref
1764787930286,0,monitor_data.speed_ref
1764787930288,0,monitor_data.speed_ref
1764787930290,0,monitor_data.speed_ref
1764787930292,0,monitor_data.speed_ref
1764787930294,0,monitor_data.speed_ref
1764787930296,0,monitor_data.speed_ref
1764787930298,0.00834823027253151,monitor_data.speed
1764787930301,0.00834823027253151,monitor_data.speed
1764787930303,0.00834823027253151,monitor_data.speed
1764787930304,0.00834823027253151,monitor_data.speed
1764787930306,0.00834823027253151,monitor_data.speed
1764787930308,0.00834823027253151,monitor_data.speed
1764787930310,0.00834823027253151,monitor_data.speed
1764787930312,0.00834823027253151,monitor_data.speed
1764787930315,0.00834823027253151,monitor_data.speed
1764787930317,0.00834823027253151,monitor_data.speed
1764787930319,0.00834823027253151,monitor_data.speed
1764787930321,0.00834823027253151,monitor_data.speed
1764787930323,0.00834823027253151,monitor_data.speed
1764787930324,0.00834823027253151,monitor_data.speed
1764787930326,0.00834823027253151,monitor_data.speed
1764787930329,0.00834823027253151,monitor_data.speed
1764787930331,0.00834823027253151,monitor_data.speed
1764787930334,0.00834823027253151,monitor_data.speed
1764787930335,0.00834823027253151,monitor_data.speed
1764787930338,0.00834823027253151,monitor_data.speed
1764787930340,0.00834823027253151,monitor_data.speed
1764787930342,0.00834823027253151,monitor_data.speed
1764787930344,0.00834823027253151,monitor_data.speed
1764787930346,0.00834823027253151,monitor_data.speed
1764787930298,0,monitor_data.speed_ref
1764787930301,0,monitor_data.speed_ref
1764787930303,0,monitor_data.speed_ref
1764787930304,0,monitor_data.speed_ref
1764787930306,0,monitor_data.speed_ref
1764787930308,0,monitor_data.speed_ref
1764787930310,0,monitor_data.speed_ref
1764787930312,0,monitor_data.speed_ref
1764787930315,0,monitor_data.speed_ref
1764787930317,0,monitor_data.speed_ref
1764787930319,0,monitor_data.speed_ref
1764787930321,0,monitor_data.speed_ref
1764787930323,0,monitor_data.speed_ref
1764787930324,0,monitor_data.speed_ref
1764787930326,0,monitor_data.speed_ref
1764787930329,0,monitor_data.speed_ref
1764787930331,0,monitor_data.speed_ref
1764787930334,0,monitor_data.speed_ref
1764787930335,0,monitor_data.speed_ref
1764787930338,0,monitor_data.speed_ref
1764787930340,0,monitor_data.speed_ref
1764787930342,0,monitor_data.speed_ref
1764787930344,0,monitor_data.speed_ref
1764787930346,0,monitor_data.speed_ref
1764787930348,0.00834823027253151,monitor_data.speed
1764787930350,0.00834823027253151,monitor_data.speed
1764787930352,0.00834823027253151,monitor_data.speed
1764787930354,0.00834823027253151,monitor_data.speed
1764787930357,0.00834823027253151,monitor_data.speed
1764787930359,0.00834823027253151,monitor_data.speed
1764787930361,0.00834823027253151,monitor_data.speed
1764787930364,0.00834823027253151,monitor_data.speed
1764787930365,0.00834823027253151,monitor_data.speed
1764787930367,0.00834823027253151,monitor_data.speed
1764787930369,0.00834823027253151,monitor_data.speed
1764787930370,0.00834823027253151,monitor_data.speed
1764787930372,0.00834823027253151,monitor_data.speed
1764787930374,0.00834823027253151,monitor_data.speed
1764787930377,0.00834823027253151,monitor_data.speed
1764787930379,0.00834823027253151,monitor_data.speed
1764787930381,0.00834823027253151,monitor_data.speed
1764787930383,0.00834823027253151,monitor_data.speed
1764787930385,0.00834823027253151,monitor_data.speed
1764787930387,0.00834823027253151,monitor_data.speed
1764787930389,0.00834823027253151,monitor_data.speed
1764787930391,0.00834823027253151,monitor_data.speed
1764787930393,0.00834823027253151,monitor_data.speed
1764787930395,0.00834823027253151,monitor_data.speed
1764787930348,0,monitor_data.speed_ref
1764787930350,0,monitor_data.speed_ref
1764787930352,0,monitor_data.speed_ref
1764787930354,0,monitor_data.speed_ref
1764787930357,0,monitor_data.speed_ref
1764787930359,0,monitor_data.speed_ref
1764787930361,0,monitor_data.speed_ref
1764787930364,0,monitor_data.speed_ref
1764787930365,0,monitor_data.speed_ref
1764787930367,0,monitor_data.speed_ref
1764787930369,0,monitor_data.speed_ref
1764787930370,0,monitor_data.speed_ref
1764787930372,0,monitor_data.speed_ref
1764787930374,0,monitor_data.speed_ref
1764787930377,0,monitor_data.speed_ref
1764787930379,0,monitor_data.speed_ref
1764787930381,0,monitor_data.speed_ref
1764787930383,0,monitor_data.speed_ref
1764787930385,0,monitor_data.speed_ref
1764787930387,0,monitor_data.speed_ref
1764787930389,0,monitor_data.speed_ref
1764787930391,0,monitor_data.speed_ref
1764787930393,0,monitor_data.speed_ref
1764787930395,0,monitor_data.speed_ref
1764787930397,0.00834823027253151,monitor_data.speed
1764787930400,0.00834823027253151,monitor_data.speed
1764787930402,0.00834823027253151,monitor_data.speed
1764787930404,0.00834823027253151,monitor_data.speed
1764787930405,0.00834823027253151,monitor_data.speed
1764787930408,0.00834823027253151,monitor_data.speed
1764787930410,0.00834823027253151,monitor_data.speed
1764787930412,0.00834823027253151,monitor_data.speed
1764787930414,0.00834823027253151,monitor_data.speed
1764787930416,0.00834823027253151,monitor_data.speed
1764787930418,0.00834823027253151,monitor_data.speed
1764787930420,0.00834823027253151,monitor_data.speed
1764787930422,0.00834823027253151,monitor_data.speed
1764787930424,0.00834823027253151,monitor_data.speed
1764787930426,0.00834823027253151,monitor_data.speed
1764787930429,0.00834823027253151,monitor_data.speed
1764787930431,0.00834823027253151,monitor_data.speed
1764787930433,0.00834823027253151,monitor_data.speed
1764787930436,0.00834823027253151,monitor_data.speed
1764787930438,0.00834823027253151,monitor_data.speed
1764787930440,0.00834823027253151,monitor_data.speed
1764787930442,0.00834823027253151,monitor_data.speed
1764787930444,0.00834823027253151,monitor_data.speed
1764787930397,0,monitor_data.speed_ref
1764787930400,0,monitor_data.speed_ref
1764787930402,0,monitor_data.speed_ref
1764787930404,0,monitor_data.speed_ref
1764787930405,0,monitor_data.speed_ref
1764787930408,0,monitor_data.speed_ref
1764787930410,0,monitor_data.speed_ref
1764787930412,0,monitor_data.speed_ref
1764787930414,0,monitor_data.speed_ref
1764787930416,0,monitor_data.speed_ref
1764787930418,0,monitor_data.speed_ref
1764787930420,0,monitor_data.speed_ref
1764787930422,0,monitor_data.speed_ref
1764787930424,0,monitor_data.speed_ref
1764787930426,0,monitor_data.speed_ref
1764787930429,0,monitor_data.speed_ref
1764787930431,0,monitor_data.speed_ref
1764787930433,0,monitor_data.speed_ref
1764787930436,0,monitor_data.speed_ref
1764787930438,0,monitor_data.speed_ref
1764787930440,0,monitor_data.speed_ref
1764787930442,0,monitor_data.speed_ref
1764787930444,0,monitor_data.speed_ref
1764787930447,0.00834823027253151,monitor_data.speed
1764787930449,0.00834823027253151,monitor_data.speed
1764787930451,0.00834823027253151,monitor_data.speed
1764787930454,0.00834823027253151,monitor_data.speed
1764787930456,0.00834823027253151,monitor_data.speed
1764787930458,0.00834823027253151,monitor_data.speed
1764787930460,0.00834823027253151,monitor_data.speed
1764787930462,0.00834823027253151,monitor_data.speed
1764787930465,0.00834823027253151,monitor_data.speed
1764787930467,0.00834823027253151,monitor_data.speed
1764787930470,0.00834823027253151,monitor_data.speed
1764787930472,0.00834823027253151,monitor_data.speed
1764787930474,0.00834823027253151,monitor_data.speed
1764787930476,0.00834823027253151,monitor_data.speed
1764787930478,0.00834823027253151,monitor_data.speed
1764787930481,0.00834823027253151,monitor_data.speed
1764787930484,0.00834823027253151,monitor_data.speed
1764787930486,0.00834823027253151,monitor_data.speed
1764787930488,0.00834823027253151,monitor_data.speed
1764787930489,0.00834823027253151,monitor_data.speed
1764787930492,0.00834823027253151,monitor_data.speed
1764787930494,0.00834823027253151,monitor_data.speed
1764787930496,0.00834823027253151,monitor_data.speed
1764787930447,0,monitor_data.speed_ref
1764787930449,0,monitor_data.speed_ref
1764787930451,0,monitor_data.speed_ref
1764787930454,0,monitor_data.speed_ref
1764787930456,0,monitor_data.speed_ref
1764787930458,0,monitor_data.speed_ref
1764787930460,0,monitor_data.speed_ref
1764787930462,0,monitor_data.speed_ref
1764787930465,0,monitor_data.speed_ref
1764787930467,0,monitor_data.speed_ref
1764787930470,0,monitor_data.speed_ref
1764787930472,0,monitor_data.speed_ref
1764787930474,0,monitor_data.speed_ref
1764787930476,0,monitor_data.speed_ref
1764787930478,0,monitor_data.speed_ref
1764787930481,0,monitor_data.speed_ref
1764787930484,0,monitor_data.speed_ref
1764787930486,0,monitor_data.speed_ref
1764787930488,0,monitor_data.speed_ref
1764787930489,0,monitor_data.speed_ref
1764787930492,0,monitor_data.speed_ref
1764787930494,0,monitor_data.speed_ref
1764787930496,0,monitor_data.speed_ref
1764787930499,0.00834823027253151,monitor_data.speed
1764787930501,0.00834823027253151,monitor_data.speed
1764787930503,0.00834823027253151,monitor_data.speed
1764787930505,0.00834823027253151,monitor_data.speed
1764787930507,0.00834823027253151,monitor_data.speed
1764787930509,0.00834823027253151,monitor_data.speed
1764787930511,0.00834823027253151,monitor_data.speed
1764787930513,0.00834823027253151,monitor_data.speed
1764787930515,0.00834823027253151,monitor_data.speed
1764787930517,0.00834823027253151,monitor_data.speed
1764787930520,0.00834823027253151,monitor_data.speed
1764787930522,0.00834823027253151,monitor_data.speed
1764787930524,0.00834823027253151,monitor_data.speed
1764787930527,0.00834823027253151,monitor_data.speed
1764787930529,0.00834823027253151,monitor_data.speed
1764787930531,0.00834823027253151,monitor_data.speed
1764787930533,0.00834823027253151,monitor_data.speed
1764787930535,0.00834823027253151,monitor_data.speed
1764787930537,15.985295295715332,monitor_data.speed
1764787930540,54.041080474853516,monitor_data.speed
1764787930541,88.91650390625,monitor_data.speed
1764787930544,136.07977294921875,monitor_data.speed
1764787930546,194.66551208496094,monitor_data.speed
1764787930499,0,monitor_data.speed_ref
1764787930501,0,monitor_data.speed_ref
1764787930503,0,monitor_data.speed_ref
1764787930505,0,monitor_data.speed_ref
1764787930507,0,monitor_data.speed_ref
1764787930509,0,monitor_data.speed_ref
1764787930511,0,monitor_data.speed_ref
1764787930513,0,monitor_data.speed_ref
1764787930515,0,monitor_data.speed_ref
1764787930517,0,monitor_data.speed_ref
1764787930520,0,monitor_data.speed_ref
1764787930522,0,monitor_data.speed_ref
1764787930524,0,monitor_data.speed_ref
1764787930527,0,monitor_data.speed_ref
1764787930529,0,monitor_data.speed_ref
1764787930531,0,monitor_data.speed_ref
1764787930533,0,monitor_data.speed_ref
1764787930535,0,monitor_data.speed_ref
1764787930537,0,monitor_data.speed_ref
1764787930540,0,monitor_data.speed_ref
1764787930541,0,monitor_data.speed_ref
1764787930544,0,monitor_data.speed_ref
1764787930546,0,monitor_data.speed_ref
1764787930548,263.44525146484375,monitor_data.speed
1764787930550,311.9959716796875,monitor_data.speed
1764787930552,364.6962890625,monitor_data.speed
1764787930554,406.2877502441406,monitor_data.speed
1764787930556,455.6164245605469,monitor_data.speed
1764787930558,504.80633544921875,monitor_data.speed
1764787930560,549.9142456054688,monitor_data.speed
1764787930562,609.5562744140625,monitor_data.speed
1764787930564,662.6845703125,monitor_data.speed
1764787930566,728.3849487304688,monitor_data.speed
1764787930568,786.8287353515625,monitor_data.speed
1764787930570,830.9276123046875,monitor_data.speed
1764787930572,865.3029174804688,monitor_data.speed
1764787930574,903.1063842773438,monitor_data.speed
1764787930576,959.0186157226562,monitor_data.speed
1764787930578,1019.791015625,monitor_data.speed
1764787930580,1061.7734375,monitor_data.speed
1764787930582,1114.48828125,monitor_data.speed
1764787930584,1152.3753662109375,monitor_data.speed
1764787930587,1203.3736572265625,monitor_data.speed
1764787930589,1235.259521484375,monitor_data.speed
1764787930591,1271.431396484375,monitor_data.speed
1764787930593,1337.968994140625,monitor_data.speed
1764787930595,1344.0040283203125,monitor_data.speed
1764787930598,1355.1168212890625,monitor_data.speed
1764787930599,1372.828369140625,monitor_data.speed
1764787930548,0,monitor_data.speed_ref
1764787930550,0,monitor_data.speed_ref
1764787930552,0,monitor_data.speed_ref
1764787930554,0,monitor_data.speed_ref
1764787930556,0,monitor_data.speed_ref
1764787930558,0,monitor_data.speed_ref
1764787930560,0,monitor_data.speed_ref
1764787930562,0,monitor_data.speed_ref
1764787930564,0,monitor_data.speed_ref
1764787930566,0,monitor_data.speed_ref
1764787930568,0,monitor_data.speed_ref
1764787930570,0,monitor_data.speed_ref
1764787930572,0,monitor_data.speed_ref
1764787930574,0,monitor_data.speed_ref
1764787930576,0,monitor_data.speed_ref
1764787930578,0,monitor_data.speed_ref
1764787930580,0,monitor_data.speed_ref
1764787930582,0,monitor_data.speed_ref
1764787930584,0,monitor_data.speed_ref
1764787930587,0,monitor_data.speed_ref
1764787930589,0,monitor_data.speed_ref
1764787930591,0,monitor_data.speed_ref
1764787930593,0,monitor_data.speed_ref
1764787930595,0,monitor_data.speed_ref
1764787930598,0,monitor_data.speed_ref
1764787930599,0,monitor_data.speed_ref
1764787930601,1386.24365234375,monitor_data.speed
1764787930603,1411.5784912109375,monitor_data.speed
1764787930605,1422.0927734375,monitor_data.speed
1764787930608,1449.7178955078125,monitor_data.speed
1764787930610,1452.711181640625,monitor_data.speed
1764787930612,1473.263671875,monitor_data.speed
1764787930614,1471.492919921875,monitor_data.speed
1764787930616,1478.145263671875,monitor_data.speed
1764787930618,1507.8724365234375,monitor_data.speed
1764787930619,1518.795166015625,monitor_data.speed
1764787930621,1517.9622802734375,monitor_data.speed
1764787930622,1520.3536376953125,monitor_data.speed
1764787930624,1533.706787109375,monitor_data.speed
1764787930626,1535.6094970703125,monitor_data.speed
1764787930628,1542.112060546875,monitor_data.speed
1764787930631,1567.6611328125,monitor_data.speed
1764787930633,1587.48681640625,monitor_data.speed
1764787930635,1575.1339111328125,monitor_data.speed
1764787930638,1578.8216552734375,monitor_data.speed
1764787930640,1592.6339111328125,monitor_data.speed
1764787930642,1595.9976806640625,monitor_data.speed
1764787930644,1595.0096435546875,monitor_data.speed
1764787930646,1611.496826171875,monitor_data.speed
1764787930649,1611.0057373046875,monitor_data.speed
1764787930601,0,monitor_data.speed_ref
1764787930603,0,monitor_data.speed_ref
1764787930605,0,monitor_data.speed_ref
1764787930608,0,monitor_data.speed_ref
1764787930610,0,monitor_data.speed_ref
1764787930612,0,monitor_data.speed_ref
1764787930614,0,monitor_data.speed_ref
1764787930616,0,monitor_data.speed_ref
1764787930618,0,monitor_data.speed_ref
1764787930619,0,monitor_data.speed_ref
1764787930621,0,monitor_data.speed_ref
1764787930622,0,monitor_data.speed_ref
1764787930624,0,monitor_data.speed_ref
1764787930626,0,monitor_data.speed_ref
1764787930628,0,monitor_data.speed_ref
1764787930631,0,monitor_data.speed_ref
1764787930633,0,monitor_data.speed_ref
1764787930635,0,monitor_data.speed_ref
1764787930638,0,monitor_data.speed_ref
1764787930640,0,monitor_data.speed_ref
1764787930642,0,monitor_data.speed_ref
1764787930644,0,monitor_data.speed_ref
1764787930646,0,monitor_data.speed_ref
1764787930649,0,monitor_data.speed_ref
1764787930650,1617.9425048828125,monitor_data.speed
1764787930652,1627.204833984375,monitor_data.speed
1764787930655,1620.8206787109375,monitor_data.speed
1764787930657,1636.7103271484375,monitor_data.speed
1764787930658,1641.7308349609375,monitor_data.speed
1764787930660,1637.1334228515625,monitor_data.speed
1764787930662,1650.6357421875,monitor_data.speed
1764787930665,1655.417236328125,monitor_data.speed
1764787930667,1662.0233154296875,monitor_data.speed
1764787930669,1658.38330078125,monitor_data.speed
1764787930671,1658.54443359375,monitor_data.speed
1764787930672,1659.290771484375,monitor_data.speed
1764787930673,1645.6795654296875,monitor_data.speed
1764787930675,1641.762451171875,monitor_data.speed
1764787930677,1658.690673828125,monitor_data.speed
1764787930680,1666.99365234375,monitor_data.speed
1764787930683,1670.8143310546875,monitor_data.speed
1764787930685,1671.4156494140625,monitor_data.speed
1764787930687,1681.7181396484375,monitor_data.speed
1764787930689,1680.0233154296875,monitor_data.speed
1764787930690,1676.5947265625,monitor_data.speed
1764787930692,1701.388427734375,monitor_data.speed
1764787930694,1716.4039306640625,monitor_data.speed
1764787930696,1704.1251220703125,monitor_data.speed
1764787930699,1710.376953125,monitor_data.speed
1764787930701,1712.7100830078125,monitor_data.speed
1764787930650,0,monitor_data.speed_ref
1764787930652,0,monitor_data.speed_ref
1764787930655,0,monitor_data.speed_ref
1764787930657,0,monitor_data.speed_ref
1764787930658,0,monitor_data.speed_ref
1764787930660,0,monitor_data.speed_ref
1764787930662,0,monitor_data.speed_ref
1764787930665,0,monitor_data.speed_ref
1764787930667,0,monitor_data.speed_ref
1764787930669,0,monitor_data.speed_ref
1764787930671,0,monitor_data.speed_ref
1764787930672,0,monitor_data.speed_ref
1764787930673,0,monitor_data.speed_ref
1764787930675,0,monitor_data.speed_ref
1764787930677,0,monitor_data.speed_ref
1764787930680,0,monitor_data.speed_ref
1764787930683,0,monitor_data.speed_ref
1764787930685,0,monitor_data.speed_ref
1764787930687,0,monitor_data.speed_ref
1764787930689,0,monitor_data.speed_ref
1764787930690,0,monitor_data.speed_ref
1764787930692,0,monitor_data.speed_ref
1764787930694,0,monitor_data.speed_ref
1764787930696,0,monitor_data.speed_ref
1764787930699,0,monitor_data.speed_ref
1764787930701,0,monitor_data.speed_ref
1764787930703,1727.0574951171875,monitor_data.speed
1764787930705,1722.8216552734375,monitor_data.speed
1764787930707,1717.2977294921875,monitor_data.speed
1764787930708,1708.638427734375,monitor_data.speed
1764787930710,1705.663818359375,monitor_data.speed
1764787930712,1713.472900390625,monitor_data.speed
1764787930714,1723.7620849609375,monitor_data.speed
1764787930716,1730.70703125,monitor_data.speed
1764787930718,1730.6368408203125,monitor_data.speed
1764787930720,1735.563232421875,monitor_data.speed
1764787930721,1732.51025390625,monitor_data.speed
1764787930723,1730.84130859375,monitor_data.speed
1764787930724,1718.5167236328125,monitor_data.speed
1764787930726,1729.9500732421875,monitor_data.speed
1764787930728,1768.90087890625,monitor_data.speed
1764787930732,1750.1927490234375,monitor_data.speed
1764787930734,1761.5902099609375,monitor_data.speed
1764787930736,1755.517578125,monitor_data.speed
1764787930738,1749.77685546875,monitor_data.speed
1764787930740,1750.614013671875,monitor_data.speed
1764787930743,1736.95751953125,monitor_data.speed
1764787930746,1726.4608154296875,monitor_data.speed
1764787930748,1733.033935546875,monitor_data.speed
1764787930750,1726.67333984375,monitor_data.speed
1764787930703,0,monitor_data.speed_ref
1764787930705,0,monitor_data.speed_ref
1764787930707,0,monitor_data.speed_ref
1764787930708,0,monitor_data.speed_ref
1764787930710,0,monitor_data.speed_ref
1764787930712,0,monitor_data.speed_ref
1764787930714,0,monitor_data.speed_ref
1764787930716,0,monitor_data.speed_ref
1764787930718,0,monitor_data.speed_ref
1764787930720,0,monitor_data.speed_ref
1764787930721,0,monitor_data.speed_ref
1764787930723,0,monitor_data.speed_ref
1764787930724,0,monitor_data.speed_ref
1764787930726,0,monitor_data.speed_ref
1764787930728,0,monitor_data.speed_ref
1764787930732,0,monitor_data.speed_ref
1764787930734,0,monitor_data.speed_ref
1764787930736,0,monitor_data.speed_ref
1764787930738,0,monitor_data.speed_ref
1764787930740,0,monitor_data.speed_ref
1764787930743,0,monitor_data.speed_ref
1764787930746,0,monitor_data.speed_ref
1764787930748,0,monitor_data.speed_ref
1764787930750,0,monitor_data.speed_ref
1764787930752,1742.6671142578125,monitor_data.speed
1764787930754,1740.05712890625,monitor_data.speed
1764787930757,1748.6837158203125,monitor_data.speed
1764787930758,1740.02880859375,monitor_data.speed
1764787930761,1757.553955078125,monitor_data.speed
1764787930764,1756.4571533203125,monitor_data.speed
1764787930766,1755.82958984375,monitor_data.speed
1764787930768,1767.320068359375,monitor_data.speed
1764787930770,1766.6370849609375,monitor_data.speed
1764787930772,1765.974609375,monitor_data.speed
1764787930774,1764.540771484375,monitor_data.speed
1764787930776,1763.2896728515625,monitor_data.speed
1764787930778,1752.1595458984375,monitor_data.speed
1764787930780,1742.9725341796875,monitor_data.speed
1764787930782,1741.005859375,monitor_data.speed
1764787930784,1743.8448486328125,monitor_data.speed
1764787930786,1757.7987060546875,monitor_data.speed
1764787930788,1753.604248046875,monitor_data.speed
1764787930791,1755.138427734375,monitor_data.speed
1764787930793,1750.83935546875,monitor_data.speed
1764787930794,1741.806640625,monitor_data.speed
1764787930796,1750.0391845703125,monitor_data.speed
1764787930798,1767.15869140625,monitor_data.speed
1764787930800,1755.235595703125,monitor_data.speed
1764787930801,1755.176025390625,monitor_data.speed
1764787930752,0,monitor_data.speed_ref
1764787930754,0,monitor_data.speed_ref
1764787930757,0,monitor_data.speed_ref
1764787930758,0,monitor_data.speed_ref
1764787930761,0,monitor_data.speed_ref
1764787930764,0,monitor_data.speed_ref
1764787930766,0,monitor_data.speed_ref
1764787930768,0,monitor_data.speed_ref
1764787930770,0,monitor_data.speed_ref
1764787930772,0,monitor_data.speed_ref
1764787930774,0,monitor_data.speed_ref
1764787930776,0,monitor_data.speed_ref
1764787930778,0,monitor_data.speed_ref
1764787930780,0,monitor_data.speed_ref
1764787930782,0,monitor_data.speed_ref
1764787930784,0,monitor_data.speed_ref
1764787930786,0,monitor_data.speed_ref
1764787930788,0,monitor_data.speed_ref
1764787930791,0,monitor_data.speed_ref
1764787930793,0,monitor_data.speed_ref
1764787930794,0,monitor_data.speed_ref
1764787930796,0,monitor_data.speed_ref
1764787930798,0,monitor_data.speed_ref
1764787930800,0,monitor_data.speed_ref
1764787930801,0,monitor_data.speed_ref
1764787930803,1754.7386474609375,monitor_data.speed
1764787930806,1765.4267578125,monitor_data.speed
1764787930808,1764.2069091796875,monitor_data.speed
1764787930809,1772.9466552734375,monitor_data.speed
1764787930811,1753.1947021484375,monitor_data.speed
1764787930813,1759.4918212890625,monitor_data.speed
1764787930815,1754.86376953125,monitor_data.speed
1764787930817,1750.2095947265625,monitor_data.speed
1764787930819,1751.259765625,monitor_data.speed
1764787930821,1757.5137939453125,monitor_data.speed
1764787930824,1757.23095703125,monitor_data.speed
1764787930826,1768.58349609375,monitor_data.speed
1764787930827,1756.716552734375,monitor_data.speed
1764787930829,1746.329833984375,monitor_data.speed
1764787930831,1784.80859375,monitor_data.speed
1764787930834,1785.4765625,monitor_data.speed
1764787930835,1781.8775634765625,monitor_data.speed
1764787930837,1777.9149169921875,monitor_data.speed
1764787930839,1768.3858642578125,monitor_data.speed
1764787930842,1775.689453125,monitor_data.speed
1764787930844,1766.903564453125,monitor_data.speed
1764787930845,1753.8118896484375,monitor_data.speed
1764787930848,1754.295654296875,monitor_data.speed
1764787930849,1755.287841796875,monitor_data.speed
1764787930851,1756.3592529296875,monitor_data.speed
1764787930803,0,monitor_data.speed_ref
1764787930806,0,monitor_data.speed_ref
1764787930808,0,monitor_data.speed_ref
1764787930809,0,monitor_data.speed_ref
1764787930811,0,monitor_data.speed_ref
1764787930813,0,monitor_data.speed_ref
1764787930815,0,monitor_data.speed_ref
1764787930817,0,monitor_data.speed_ref
1764787930819,0,monitor_data.speed_ref
1764787930821,0,monitor_data.speed_ref
1764787930824,0,monitor_data.speed_ref
1764787930826,0,monitor_data.speed_ref
1764787930827,0,monitor_data.speed_ref
1764787930829,0,monitor_data.speed_ref
1764787930831,0,monitor_data.speed_ref
1764787930834,0,monitor_data.speed_ref
1764787930835,0,monitor_data.speed_ref
1764787930837,0,monitor_data.speed_ref
1764787930839,0,monitor_data.speed_ref
1764787930842,0,monitor_data.speed_ref
1764787930844,0,monitor_data.speed_ref
1764787930845,0,monitor_data.speed_ref
1764787930848,0,monitor_data.speed_ref
1764787930849,0,monitor_data.speed_ref
1764787930851,0,monitor_data.speed_ref
1764787930853,1757.145263671875,monitor_data.speed
1764787930855,1751.2430419921875,monitor_data.speed
1764787930857,1762.0771484375,monitor_data.speed
1764787930859,1760.8677978515625,monitor_data.speed
1764787930861,1754.6434326171875,monitor_data.speed
1764787930863,1755.6268310546875,monitor_data.speed
1764787930865,1788.6490478515625,monitor_data.speed
1764787930868,1772.08984375,monitor_data.speed
1764787930870,1780.2926025390625,monitor_data.speed
1764787930872,1776.6217041015625,monitor_data.speed
1764787930874,1772.4384765625,monitor_data.speed
1764787930875,1775.084228515625,monitor_data.speed
1764787930877,1765.8414306640625,monitor_data.speed
1764787930879,1769.6868896484375,monitor_data.speed
1764787930882,1751.85205078125,monitor_data.speed
1764787930884,1747.086669921875,monitor_data.speed
1764787930886,1754.021728515625,monitor_data.speed
1764787930887,1760.2744140625,monitor_data.speed
1764787930889,1766.12353515625,monitor_data.speed
1764787930891,1765.2060546875,monitor_data.speed
1764787930893,1758.158935546875,monitor_data.speed
1764787930895,1763.29345703125,monitor_data.speed
1764787930898,1747.2132568359375,monitor_data.speed
1764787930900,1768.681640625,monitor_data.speed
1764787930902,1766.6129150390625,monitor_data.speed
1764787930853,0,monitor_data.speed_ref
1764787930855,0,monitor_data.speed_ref
1764787930857,0,monitor_data.speed_ref
1764787930859,0,monitor_data.speed_ref
1764787930861,0,monitor_data.speed_ref
1764787930863,0,monitor_data.speed_ref
1764787930865,0,monitor_data.speed_ref
1764787930868,0,monitor_data.speed_ref
1764787930870,0,monitor_data.speed_ref
1764787930872,0,monitor_data.speed_ref
1764787930874,0,monitor_data.speed_ref
1764787930875,0,monitor_data.speed_ref
1764787930877,0,monitor_data.speed_ref
1764787930879,0,monitor_data.speed_ref
1764787930882,0,monitor_data.speed_ref
1764787930884,0,monitor_data.speed_ref
1764787930886,0,monitor_data.speed_ref
1764787930887,0,monitor_data.speed_ref
1764787930889,0,monitor_data.speed_ref
1764787930891,0,monitor_data.speed_ref
1764787930893,0,monitor_data.speed_ref
1764787930895,0,monitor_data.speed_ref
1764787930898,0,monitor_data.speed_ref
1764787930900,0,monitor_data.speed_ref
1764787930902,0,monitor_data.speed_ref
1764787930903,1764.898193359375,monitor_data.speed
1764787930905,1763.115478515625,monitor_data.speed
1764787930907,1767.0887451171875,monitor_data.speed
1764787930909,1764.6419677734375,monitor_data.speed
1764787930911,1773.1055908203125,monitor_data.speed
1764787930913,1763.8828125,monitor_data.speed
1764787930916,1763.7740478515625,monitor_data.speed
1764787930918,1741.771728515625,monitor_data.speed
1764787930920,1743.2188720703125,monitor_data.speed
1764787930922,1755.8990478515625,monitor_data.speed
1764787930924,1756.052001953125,monitor_data.speed
1764787930926,1755.714599609375,monitor_data.speed
1764787930929,1760.702392578125,monitor_data.speed
1764787930931,1756.228271484375,monitor_data.speed
1764787930933,1789.5919189453125,monitor_data.speed
1764787930936,1783.9488525390625,monitor_data.speed
1764787930938,1773.695556640625,monitor_data.speed
1764787930940,1781.38916015625,monitor_data.speed
1764787930942,1777.152587890625,monitor_data.speed
1764787930944,1767.5030517578125,monitor_data.speed
1764787930946,1770.2559814453125,monitor_data.speed
1764787930949,1751.5574951171875,monitor_data.speed
1764787930951,1758.32275390625,monitor_data.speed
1764787930903,0,monitor_data.speed_ref
1764787930905,0,monitor_data.speed_ref
1764787930907,0,monitor_data.speed_ref
1764787930909,0,monitor_data.speed_ref
1764787930911,0,monitor_data.speed_ref
1764787930913,0,monitor_data.speed_ref
1764787930916,0,monitor_data.speed_ref
1764787930918,0,monitor_data.speed_ref
1764787930920,0,monitor_data.speed_ref
1764787930922,0,monitor_data.speed_ref
1764787930924,0,monitor_data.speed_ref
1764787930926,0,monitor_data.speed_ref
1764787930929,0,monitor_data.speed_ref
1764787930931,0,monitor_data.speed_ref
1764787930933,0,monitor_data.speed_ref
1764787930936,0,monitor_data.speed_ref
1764787930938,0,monitor_data.speed_ref
1764787930940,0,monitor_data.speed_ref
1764787930942,0,monitor_data.speed_ref
1764787930944,0,monitor_data.speed_ref
1764787930946,0,monitor_data.speed_ref
1764787930949,0,monitor_data.speed_ref
1764787930951,0,monitor_data.speed_ref
1764787930953,1748.1002197265625,monitor_data.speed
1764787930955,1761.3951416015625,monitor_data.speed
1764787930957,1761.9918212890625,monitor_data.speed
1764787930959,1761.9688720703125,monitor_data.speed
1764787930961,1761.1256103515625,monitor_data.speed
1764787930963,1766.1990966796875,monitor_data.speed
1764787930965,1743.3040771484375,monitor_data.speed
1764787930967,1809.5130615234375,monitor_data.speed
1764787930969,1805.556884765625,monitor_data.speed
1764787930971,1797.948486328125,monitor_data.speed
1764787930974,1795.869140625,monitor_data.speed
1764787930976,1796.129638671875,monitor_data.speed
1764787930978,1784.3455810546875,monitor_data.speed
1764787930980,1783.4683837890625,monitor_data.speed
1764787930982,1772.61328125,monitor_data.speed
1764787930984,1753.4501953125,monitor_data.speed
1764787930987,1759.237548828125,monitor_data.speed
1764787930989,1753.737060546875,monitor_data.speed
1764787930991,1765.5184326171875,monitor_data.speed
1764787930993,1758.8150634765625,monitor_data.speed
1764787930996,1757.11279296875,monitor_data.speed
1764787930998,1756.3897705078125,monitor_data.speed
1764787931000,1740.2489013671875,monitor_data.speed
1764787930953,0,monitor_data.speed_ref
1764787930955,0,monitor_data.speed_ref
1764787930957,0,monitor_data.speed_ref
1764787930959,0,monitor_data.speed_ref
1764787930961,0,monitor_data.speed_ref
1764787930963,0,monitor_data.speed_ref
1764787930965,0,monitor_data.speed_ref
1764787930967,0,monitor_data.speed_ref
1764787930969,0,monitor_data.speed_ref
1764787930971,0,monitor_data.speed_ref
1764787930974,0,monitor_data.speed_ref
1764787930976,0,monitor_data.speed_ref
1764787930978,0,monitor_data.speed_ref
1764787930980,0,monitor_data.speed_ref
1764787930982,0,monitor_data.speed_ref
1764787930984,0,monitor_data.speed_ref
1764787930987,0,monitor_data.speed_ref
1764787930989,0,monitor_data.speed_ref
1764787930991,0,monitor_data.speed_ref
1764787930993,0,monitor_data.speed_ref
1764787930996,0,monitor_data.speed_ref
1764787930998,0,monitor_data.speed_ref
1764787931000,0,monitor_data.speed_ref
1764787931002,1773.2916259765625,monitor_data.speed
1764787931005,1768.7203369140625,monitor_data.speed
1764787931007,1777.5565185546875,monitor_data.speed
1764787931009,1768.2425537109375,monitor_data.speed
1764787931011,1765.052001953125,monitor_data.speed
1764787931014,1784.550048828125,monitor_data.speed
1764787931016,1763.1240234375,monitor_data.speed
1764787931018,1750.63720703125,monitor_data.speed
1764787931021,1757.8778076171875,monitor_data.speed
1764787931022,1753.518310546875,monitor_data.speed
1764787931024,1754.564697265625,monitor_data.speed
1764787931026,1755.1204833984375,monitor_data.speed
1764787931029,1766.5794677734375,monitor_data.speed
1764787931031,1766.0826416015625,monitor_data.speed
1764787931033,1754.896240234375,monitor_data.speed
1764787931036,1773.986083984375,monitor_data.speed
1764787931038,1791.168212890625,monitor_data.speed
1764787931040,1780.418701171875,monitor_data.speed
1764787931042,1770.1951904296875,monitor_data.speed
1764787931044,1783.5482177734375,monitor_data.speed
1764787931046,1773.0947265625,monitor_data.speed
1764787931048,1780.534423828125,monitor_data.speed
1764787931050,1770.760986328125,monitor_data.speed
1764787931053,1752.44775390625,monitor_data.speed
1764787931002,0,monitor_data.speed_ref
1764787931005,0,monitor_data.speed_ref
1764787931007,0,monitor_data.speed_ref
1764787931009,0,monitor_data.speed_ref
1764787931011,0,monitor_data.speed_ref
1764787931014,0,monitor_data.speed_ref
1764787931016,0,monitor_data.speed_ref
1764787931018,0,monitor_data.speed_ref
1764787931021,0,monitor_data.speed_ref
1764787931022,0,monitor_data.speed_ref
1764787931024,0,monitor_data.speed_ref
1764787931026,0,monitor_data.speed_ref
1764787931029,0,monitor_data.speed_ref
1764787931031,0,monitor_data.speed_ref
1764787931033,0,monitor_data.speed_ref
1764787931036,0,monitor_data.speed_ref
1764787931038,0,monitor_data.speed_ref
1764787931040,0,monitor_data.speed_ref
1764787931042,0,monitor_data.speed_ref
1764787931044,0,monitor_data.speed_ref
1764787931046,0,monitor_data.speed_ref
1764787931048,0,monitor_data.speed_ref
1764787931050,0,monitor_data.speed_ref
1764787931053,0,monitor_data.speed_ref
1764787931055,1759.2454833984375,monitor_data.speed
1764787931057,1749.0870361328125,monitor_data.speed
1764787931059,1750.1669921875,monitor_data.speed
1764787931061,1750.5245361328125,monitor_data.speed
1764787931063,1756.0404052734375,monitor_data.speed
1764787931065,1761.4034423828125,monitor_data.speed
1764787931067,1750.2076416015625,monitor_data.speed
1764787931069,1746.8387451171875,monitor_data.speed
1764787931072,1778.1219482421875,monitor_data.speed
1764787931074,1774.3177490234375,monitor_data.speed
1764787931075,1777.6793212890625,monitor_data.speed
1764787931077,1774.7071533203125,monitor_data.speed
1764787931078,1777.9432373046875,monitor_data.speed
1764787931080,1773.9329833984375,monitor_data.speed
1764787931082,1765.277099609375,monitor_data.speed
1764787931084,1763.365234375,monitor_data.speed
1764787931087,1746.524658203125,monitor_data.speed
1764787931089,1754.3194580078125,monitor_data.speed
1764787931091,1750.6456298828125,monitor_data.speed
1764787931093,1746.67236328125,monitor_data.speed
1764787931095,1759.781982421875,monitor_data.speed
1764787931097,1766.1322021484375,monitor_data.speed
1764787931100,1754.1451416015625,monitor_data.speed
1764787931102,1743.332763671875,monitor_data.speed
1764787931104,1757.8421630859375,monitor_data.speed
1764787931106,1772.6993408203125,monitor_data.speed
1764787931108,1775.819580078125,monitor_data.speed
1764787931055,0,monitor_data.speed_ref
1764787931057,0,monitor_data.speed_ref
1764787931059,0,monitor_data.speed_ref
1764787931061,0,monitor_data.speed_ref
1764787931063,0,monitor_data.speed_ref
1764787931065,0,monitor_data.speed_ref
1764787931067,0,monitor_data.speed_ref
1764787931069,0,monitor_data.speed_ref
1764787931072,0,monitor_data.speed_ref
1764787931074,0,monitor_data.speed_ref
1764787931075,0,monitor_data.speed_ref
1764787931077,0,monitor_data.speed_ref
1764787931078,0,monitor_data.speed_ref
1764787931080,0,monitor_data.speed_ref
1764787931082,0,monitor_data.speed_ref
1764787931084,0,monitor_data.speed_ref
1764787931087,0,monitor_data.speed_ref
1764787931089,0,monitor_data.speed_ref
1764787931091,0,monitor_data.speed_ref
1764787931093,0,monitor_data.speed_ref
1764787931095,0,monitor_data.speed_ref
1764787931097,0,monitor_data.speed_ref
1764787931100,0,monitor_data.speed_ref
1764787931102,0,monitor_data.speed_ref
1764787931104,0,monitor_data.speed_ref
1764787931106,0,monitor_data.speed_ref
1764787931108,0,monitor_data.speed_ref
1764787931110,1773.5108642578125,monitor_data.speed
1764787931113,1776.238037109375,monitor_data.speed
1764787931115,1767.2059326171875,monitor_data.speed
1764787931117,1769.7508544921875,monitor_data.speed
1764787931119,1761.7158203125,monitor_data.speed
1764787931121,1749.7967529296875,monitor_data.speed
1764787931123,1739.2288818359375,monitor_data.speed
1764787931124,1740.636474609375,monitor_data.speed
1764787931126,1742.1856689453125,monitor_data.speed
1764787931128,1755.0052490234375,monitor_data.speed
1764787931131,1761.30029296875,monitor_data.speed
1764787931133,1755.0938720703125,monitor_data.speed
1764787931135,1749.378173828125,monitor_data.speed
1764787931138,1752.513916015625,monitor_data.speed
1764787931141,1772.0303955078125,monitor_data.speed
1764787931143,1763.445068359375,monitor_data.speed
1764787931145,1766.40625,monitor_data.speed
1764787931148,1768.8406982421875,monitor_data.speed
1764787931151,1770.2886962890625,monitor_data.speed
1764787931154,1767.8919677734375,monitor_data.speed
1764787931156,1750.3885498046875,monitor_data.speed
1764787931157,1751.543212890625,monitor_data.speed
1764787931160,1754.16162109375,monitor_data.speed
1764787931110,0,monitor_data.speed_ref
1764787931113,0,monitor_data.speed_ref
1764787931115,0,monitor_data.speed_ref
1764787931117,0,monitor_data.speed_ref
1764787931119,0,monitor_data.speed_ref
1764787931121,0,monitor_data.speed_ref
1764787931123,0,monitor_data.speed_ref
1764787931124,0,monitor_data.speed_ref
1764787931126,0,monitor_data.speed_ref
1764787931128,0,monitor_data.speed_ref
1764787931131,0,monitor_data.speed_ref
1764787931133,0,monitor_data.speed_ref
1764787931135,0,monitor_data.speed_ref
1764787931138,0,monitor_data.speed_ref
1764787931141,0,monitor_data.speed_ref
1764787931143,0,monitor_data.speed_ref
1764787931145,0,monitor_data.speed_ref
1764787931148,0,monitor_data.speed_ref
1764787931151,0,monitor_data.speed_ref
1764787931154,0,monitor_data.speed_ref
1764787931156,0,monitor_data.speed_ref
1764787931157,0,monitor_data.speed_ref
1764787931160,0,monitor_data.speed_ref
1764787931161,1755.658935546875,monitor_data.speed
1764787931163,1756.539794921875,monitor_data.speed
1764787931166,1762.7052001953125,monitor_data.speed
1764787931167,1750.538330078125,monitor_data.speed
1764787931170,1750.945068359375,monitor_data.speed
1764787931171,1741.0299072265625,monitor_data.speed
1764787931173,1764.69287109375,monitor_data.speed
1764787931175,1767.4761962890625,monitor_data.speed
1764787931177,1765.4720458984375,monitor_data.speed
1764787931179,1774.9725341796875,monitor_data.speed
1764787931182,1777.3984375,monitor_data.speed
1764787931184,1768.9288330078125,monitor_data.speed
1764787931186,1761.0491943359375,monitor_data.speed
1764787931188,1760.3804931640625,monitor_data.speed
1764787931190,1749.8341064453125,monitor_data.speed
1764787931192,1740.6966552734375,monitor_data.speed
1764787931194,1749.5625,monitor_data.speed
1764787931197,1757.898681640625,monitor_data.speed
1764787931199,1752.648681640625,monitor_data.speed
1764787931201,1752.9014892578125,monitor_data.speed
1764787931203,1758.6993408203125,monitor_data.speed
1764787931205,1736.9266357421875,monitor_data.speed
1764787931207,1779.8577880859375,monitor_data.speed
1764787931209,1765.2384033203125,monitor_data.speed
1764787931161,0,monitor_data.speed_ref
1764787931163,0,monitor_data.speed_ref
1764787931166,0,monitor_data.speed_ref
1764787931167,0,monitor_data.speed_ref
1764787931170,0,monitor_data.speed_ref
1764787931171,0,monitor_data.speed_ref
1764787931173,0,monitor_data.speed_ref
1764787931175,0,monitor_data.speed_ref
1764787931177,0,monitor_data.speed_ref
1764787931179,0,monitor_data.speed_ref
1764787931182,0,monitor_data.speed_ref
1764787931184,0,monitor_data.speed_ref
1764787931186,0,monitor_data.speed_ref
1764787931188,0,monitor_data.speed_ref
1764787931190,0,monitor_data.speed_ref
1764787931192,0,monitor_data.speed_ref
1764787931194,0,monitor_data.speed_ref
1764787931197,0,monitor_data.speed_ref
1764787931199,0,monitor_data.speed_ref
1764787931201,0,monitor_data.speed_ref
1764787931203,0,monitor_data.speed_ref
1764787931205,0,monitor_data.speed_ref
1764787931207,0,monitor_data.speed_ref
1764787931209,0,monitor_data.speed_ref
1764787931211,1774.365966796875,monitor_data.speed
1764787931214,1771.249267578125,monitor_data.speed
1764787931216,1768.9036865234375,monitor_data.speed
1764787931218,1777.77294921875,monitor_data.speed
1764787931220,1785.58056640625,monitor_data.speed
1764787931222,1776.3448486328125,monitor_data.speed
1764787931224,1757.121826171875,monitor_data.speed
1764787931225,1757.223876953125,monitor_data.speed
1764787931227,1758.0810546875,monitor_data.speed
1764787931229,1759.530029296875,monitor_data.speed
1764787931232,1754.087890625,monitor_data.speed
1764787931234,1759.5205078125,monitor_data.speed
1764787931236,1753.005859375,monitor_data.speed
1764787931238,1758.900146484375,monitor_data.speed
1764787931241,1766.3099365234375,monitor_data.speed
1764787931243,1784.2520751953125,monitor_data.speed
1764787931245,1774.8201904296875,monitor_data.speed
1764787931248,1771.2259521484375,monitor_data.speed
1764787931250,1779.8563232421875,monitor_data.speed
1764787931251,1776.666015625,monitor_data.speed
1764787931253,1773.7645263671875,monitor_data.speed
1764787931255,1765.9730224609375,monitor_data.speed
1764787931211,0,monitor_data.speed_ref
1764787931214,0,monitor_data.speed_ref
1764787931216,0,monitor_data.speed_ref
1764787931218,0,monitor_data.speed_ref
1764787931220,0,monitor_data.speed_ref
1764787931222,0,monitor_data.speed_ref
1764787931224,0,monitor_data.speed_ref
1764787931225,0,monitor_data.speed_ref
1764787931227,0,monitor_data.speed_ref
1764787931229,0,monitor_data.speed_ref
1764787931232,0,monitor_data.speed_ref
1764787931234,0,monitor_data.speed_ref
1764787931236,0,monitor_data.speed_ref
1764787931238,0,monitor_data.speed_ref
1764787931241,0,monitor_data.speed_ref
1764787931243,0,monitor_data.speed_ref
1764787931245,0,monitor_data.speed_ref
1764787931248,0,monitor_data.speed_ref
1764787931250,0,monitor_data.speed_ref
1764787931251,0,monitor_data.speed_ref
1764787931253,0,monitor_data.speed_ref
1764787931255,0,monitor_data.speed_ref
1764787931257,1759.9110107421875,monitor_data.speed
1764787931259,1749.7943115234375,monitor_data.speed
1764787931261,1735.05859375,monitor_data.speed
1764787931264,1749.2001953125,monitor_data.speed
1764787931266,1762.444091796875,monitor_data.speed
1764787931268,1762.5733642578125,monitor_data.speed
1764787931270,1762.5418701171875,monitor_data.speed
1764787931272,1751.3336181640625,monitor_data.speed
1764787931275,1736.03173828125,monitor_data.speed
1764787931277,1776.7314453125,monitor_data.speed
1764787931279,1767.640869140625,monitor_data.speed
1764787931281,1770.939453125,monitor_data.speed
1764787931283,1762.631591796875,monitor_data.speed
1764787931285,1771.5594482421875,monitor_data.speed
1764787931287,1775.43017578125,monitor_data.speed
1764787931289,1755.401611328125,monitor_data.speed
1764787931291,1749.04833984375,monitor_data.speed
1764787931293,1756.219970703125,monitor_data.speed
1764787931295,1741.3631591796875,monitor_data.speed
1764787931297,1750.157958984375,monitor_data.speed
1764787931299,1751.977294921875,monitor_data.speed
1764787931301,1747.3662109375,monitor_data.speed
1764787931303,1747.8814697265625,monitor_data.speed
1764787931305,1765.442626953125,monitor_data.speed
1764787931307,1754.0181884765625,monitor_data.speed
1764787931257,0,monitor_data.speed_ref
1764787931259,0,monitor_data.speed_ref
1764787931261,0,monitor_data.speed_ref
1764787931264,0,monitor_data.speed_ref
1764787931266,0,monitor_data.speed_ref
1764787931268,0,monitor_data.speed_ref
1764787931270,0,monitor_data.speed_ref
1764787931272,0,monitor_data.speed_ref
1764787931275,0,monitor_data.speed_ref
1764787931277,0,monitor_data.speed_ref
1764787931279,0,monitor_data.speed_ref
1764787931281,0,monitor_data.speed_ref
1764787931283,0,monitor_data.speed_ref
1764787931285,0,monitor_data.speed_ref
1764787931287,0,monitor_data.speed_ref
1764787931289,0,monitor_data.speed_ref
1764787931291,0,monitor_data.speed_ref
1764787931293,0,monitor_data.speed_ref
1764787931295,0,monitor_data.speed_ref
1764787931297,0,monitor_data.speed_ref
1764787931299,0,monitor_data.speed_ref
1764787931301,0,monitor_data.speed_ref
1764787931303,0,monitor_data.speed_ref
1764787931305,0,monitor_data.speed_ref
1764787931307,0,monitor_data.speed_ref
1764787931310,1745.3111572265625,monitor_data.speed
1764787931312,1772.43896484375,monitor_data.speed
1764787931314,1775.3828125,monitor_data.speed
1764787931316,1773.1436767578125,monitor_data.speed
1764787931318,1764.6883544921875,monitor_data.speed
1764787931320,1768.3736572265625,monitor_data.speed
1764787931322,1772.04150390625,monitor_data.speed
1764787931323,1764.1988525390625,monitor_data.speed
1764787931325,1751.7584228515625,monitor_data.speed
1764787931327,1747.078857421875,monitor_data.speed
1764787931329,1743.2232666015625,monitor_data.speed
1764787931331,1746.067626953125,monitor_data.speed
1764787931333,1760.1573486328125,monitor_data.speed
1764787931335,1755.2037353515625,monitor_data.speed
1764787931338,1755.547607421875,monitor_data.speed
1764787931340,1749.6788330078125,monitor_data.speed
1764787931342,1751.0560302734375,monitor_data.speed
1764787931344,1764.99267578125,monitor_data.speed
1764787931346,1773.49658203125,monitor_data.speed
1764787931348,1764.943115234375,monitor_data.speed
1764787931350,1763.0029296875,monitor_data.speed
1764787931352,1772.28515625,monitor_data.speed
1764787931354,1775.7891845703125,monitor_data.speed
1764787931356,1767.333251953125,monitor_data.speed
1764787931310,0,monitor_data.speed_ref
1764787931312,0,monitor_data.speed_ref
1764787931314,0,monitor_data.speed_ref
1764787931316,0,monitor_data.speed_ref
1764787931318,0,monitor_data.speed_ref
1764787931320,0,monitor_data.speed_ref
1764787931322,0,monitor_data.speed_ref
1764787931323,0,monitor_data.speed_ref
1764787931325,0,monitor_data.speed_ref
1764787931327,0,monitor_data.speed_ref
1764787931329,0,monitor_data.speed_ref
1764787931331,0,monitor_data.speed_ref
1764787931333,0,monitor_data.speed_ref
1764787931335,0,monitor_data.speed_ref
1764787931338,0,monitor_data.speed_ref
1764787931340,0,monitor_data.speed_ref
1764787931342,0,monitor_data.speed_ref
1764787931344,0,monitor_data.speed_ref
1764787931346,0,monitor_data.speed_ref
1764787931348,0,monitor_data.speed_ref
1764787931350,0,monitor_data.speed_ref
1764787931352,0,monitor_data.speed_ref
1764787931354,0,monitor_data.speed_ref
1764787931356,0,monitor_data.speed_ref
1764787931358,1769.6414794921875,monitor_data.speed
1764787931360,1756.8023681640625,monitor_data.speed
1764787931362,1745.6905517578125,monitor_data.speed
1764787931364,1747.6224365234375,monitor_data.speed
1764787931366,1749.359130859375,monitor_data.speed
1764787931368,1762.6705322265625,monitor_data.speed
1764787931371,1757.164794921875,monitor_data.speed
1764787931373,1768.6796875,monitor_data.speed
1764787931375,1750.7940673828125,monitor_data.speed
1764787931377,1740.4207763671875,monitor_data.speed
1764787931378,1742.1710205078125,monitor_data.speed
1764787931380,1774.563232421875,monitor_data.speed
1764787931383,1777.79443359375,monitor_data.speed
1764787931385,1769.57763671875,monitor_data.speed
1764787931387,1767.15234375,monitor_data.speed
1764787931389,1764.7508544921875,monitor_data.speed
1764787931391,1773.82763671875,monitor_data.speed
1764787931393,1760.6182861328125,monitor_data.speed
1764787931395,1743.3939208984375,monitor_data.speed
1764787931397,1740.20458984375,monitor_data.speed
1764787931399,1737.408203125,monitor_data.speed
1764787931401,1751.500732421875,monitor_data.speed
1764787931403,1747.4132080078125,monitor_data.speed
1764787931405,1748.083984375,monitor_data.speed
1764787931407,1766.0186767578125,monitor_data.speed
1764787931409,1754.27734375,monitor_data.speed
1764787931410,1743.7274169921875,monitor_data.speed
1764787931358,0,monitor_data.speed_ref
1764787931360,0,monitor_data.speed_ref
1764787931362,0,monitor_data.speed_ref
1764787931364,0,monitor_data.speed_ref
1764787931366,0,monitor_data.speed_ref
1764787931368,0,monitor_data.speed_ref
1764787931371,0,monitor_data.speed_ref
1764787931373,0,monitor_data.speed_ref
1764787931375,0,monitor_data.speed_ref
1764787931377,0,monitor_data.speed_ref
1764787931378,0,monitor_data.speed_ref
1764787931380,0,monitor_data.speed_ref
1764787931383,0,monitor_data.speed_ref
1764787931385,0,monitor_data.speed_ref
1764787931387,0,monitor_data.speed_ref
1764787931389,0,monitor_data.speed_ref
1764787931391,0,monitor_data.speed_ref
1764787931393,0,monitor_data.speed_ref
1764787931395,0,monitor_data.speed_ref
1764787931397,0,monitor_data.speed_ref
1764787931399,0,monitor_data.speed_ref
1764787931401,0,monitor_data.speed_ref
1764787931403,0,monitor_data.speed_ref
1764787931405,0,monitor_data.speed_ref
1764787931407,0,monitor_data.speed_ref
1764787931409,0,monitor_data.speed_ref
1764787931410,0,monitor_data.speed_ref
1764787931413,1746.538330078125,monitor_data.speed
1764787931415,1772.463623046875,monitor_data.speed
1764787931417,1780.449951171875,monitor_data.speed
1764787931419,1777.2799072265625,monitor_data.speed
1764787931421,1767.9212646484375,monitor_data.speed
1764787931423,1776.39794921875,monitor_data.speed
1764787931425,1773.701904296875,monitor_data.speed
1764787931427,1765.71337890625,monitor_data.speed
1764787931429,1753.662353515625,monitor_data.speed
1764787931431,1737.75341796875,monitor_data.speed
1764787931434,1746.968994140625,monitor_data.speed
1764787931436,1755.5255126953125,monitor_data.speed
1764787931439,1750.90380859375,monitor_data.speed
1764787931440,1763.02099609375,monitor_data.speed
1764787931442,1756.97509765625,monitor_data.speed
1764787931444,1757.4708251953125,monitor_data.speed
1764787931446,1747.6805419921875,monitor_data.speed
1764787931448,1766.820556640625,monitor_data.speed
1764787931450,1759.2232666015625,monitor_data.speed
1764787931452,1769.7242431640625,monitor_data.speed
1764787931454,1762.292724609375,monitor_data.speed
1764787931457,1772.1610107421875,monitor_data.speed
1764787931459,1764.139892578125,monitor_data.speed
1764787931413,0,monitor_data.speed_ref
1764787931415,0,monitor_data.speed_ref
1764787931417,0,monitor_data.speed_ref
1764787931419,0,monitor_data.speed_ref
1764787931421,0,monitor_data.speed_ref
1764787931423,0,monitor_data.speed_ref
1764787931425,0,monitor_data.speed_ref
1764787931427,0,monitor_data.speed_ref
1764787931429,0,monitor_data.speed_ref
1764787931431,0,monitor_data.speed_ref
1764787931434,0,monitor_data.speed_ref
1764787931436,0,monitor_data.speed_ref
1764787931439,0,monitor_data.speed_ref
1764787931440,0,monitor_data.speed_ref
1764787931442,0,monitor_data.speed_ref
1764787931444,0,monitor_data.speed_ref
1764787931446,0,monitor_data.speed_ref
1764787931448,0,monitor_data.speed_ref
1764787931450,0,monitor_data.speed_ref
1764787931452,0,monitor_data.speed_ref
1764787931454,0,monitor_data.speed_ref
1764787931457,0,monitor_data.speed_ref
1764787931459,0,monitor_data.speed_ref
1764787931461,1772.3870849609375,monitor_data.speed
1764787931463,1753.881103515625,monitor_data.speed
1764787931466,1755.158447265625,monitor_data.speed
1764787931468,1740.2762451171875,monitor_data.speed
1764787931470,1753.7418212890625,monitor_data.speed
1764787931472,1754.5487060546875,monitor_data.speed
1764787931474,1766.7840576171875,monitor_data.speed
1764787931476,1760.387939453125,monitor_data.speed
1764787931478,1754.81005859375,monitor_data.speed
1764787931480,1750.935546875,monitor_data.speed
1764787931482,1769.597900390625,monitor_data.speed
1764787931483,1777.8778076171875,monitor_data.speed
1764787931485,1780.89453125,monitor_data.speed
1764787931486,1783.5599365234375,monitor_data.speed
1764787931488,1779.9307861328125,monitor_data.speed
1764787931492,1780.43603515625,monitor_data.speed
1764787931493,1777.517333984375,monitor_data.speed
1764787931496,1768.8455810546875,monitor_data.speed
1764787931498,1757.0645751953125,monitor_data.speed
1764787931500,1741.6348876953125,monitor_data.speed
1764787931502,1749.8240966796875,monitor_data.speed
1764787931504,1751.7440185546875,monitor_data.speed
1764787931506,1747.2950439453125,monitor_data.speed
1764787931508,1765.13720703125,monitor_data.speed
1764787931510,1753.1201171875,monitor_data.speed
1764787931461,0,monitor_data.speed_ref
1764787931463,0,monitor_data.speed_ref
1764787931466,0,monitor_data.speed_ref
1764787931468,0,monitor_data.speed_ref
1764787931470,0,monitor_data.speed_ref
1764787931472,0,monitor_data.speed_ref
1764787931474,0,monitor_data.speed_ref
1764787931476,0,monitor_data.speed_ref
1764787931478,0,monitor_data.speed_ref
1764787931480,0,monitor_data.speed_ref
1764787931482,0,monitor_data.speed_ref
1764787931483,0,monitor_data.speed_ref
1764787931485,0,monitor_data.speed_ref
1764787931486,0,monitor_data.speed_ref
1764787931488,0,monitor_data.speed_ref
1764787931492,0,monitor_data.speed_ref
1764787931493,0,monitor_data.speed_ref
1764787931496,0,monitor_data.speed_ref
1764787931498,0,monitor_data.speed_ref
1764787931500,0,monitor_data.speed_ref
1764787931502,0,monitor_data.speed_ref
1764787931504,0,monitor_data.speed_ref
1764787931506,0,monitor_data.speed_ref
1764787931508,0,monitor_data.speed_ref
1764787931510,0,monitor_data.speed_ref
1764787931514,1743.0709228515625,monitor_data.speed
1764787931516,1778.3306884765625,monitor_data.speed
1764787931518,1779.675537109375,monitor_data.speed
1764787931520,1770.1827392578125,monitor_data.speed
1764787931522,1767.501953125,monitor_data.speed
1764787931524,1764.89306640625,monitor_data.speed
1764787931526,1779.364501953125,monitor_data.speed
1764787931528,1776.85302734375,monitor_data.speed
1764787931530,1768.599365234375,monitor_data.speed
1764787931531,1756.3951416015625,monitor_data.speed
1764787931533,1745.7913818359375,monitor_data.speed
1764787931535,1742.2359619140625,monitor_data.speed
1764787931537,1738.8792724609375,monitor_data.speed
1764787931539,1752.708740234375,monitor_data.speed
1764787931541,1747.9755859375,monitor_data.speed
1764787931543,1754.13916015625,monitor_data.speed
1764787931545,1759.8482666015625,monitor_data.speed
1764787931547,1748.7359619140625,monitor_data.speed
1764787931549,1739.2855224609375,monitor_data.speed
1764787931551,1768.83935546875,monitor_data.speed
1764787931554,1755.771240234375,monitor_data.speed
1764787931556,1760.281494140625,monitor_data.speed
1764787931558,1759.138916015625,monitor_data.speed
1764787931560,1763.533447265625,monitor_data.speed
1764787931562,1767.1826171875,monitor_data.speed
1764787931514,0,monitor_data.speed_ref
1764787931516,0,monitor_data.speed_ref
1764787931518,0,monitor_data.speed_ref
1764787931520,0,monitor_data.speed_ref
1764787931522,0,monitor_data.speed_ref
1764787931524,0,monitor_data.speed_ref
1764787931526,0,monitor_data.speed_ref
1764787931528,0,monitor_data.speed_ref
1764787931530,0,monitor_data.speed_ref
1764787931531,0,monitor_data.speed_ref
1764787931533,0,monitor_data.speed_ref
1764787931535,0,monitor_data.speed_ref
1764787931537,0,monitor_data.speed_ref
1764787931539,0,monitor_data.speed_ref
1764787931541,0,monitor_data.speed_ref
1764787931543,0,monitor_data.speed_ref
1764787931545,0,monitor_data.speed_ref
1764787931547,0,monitor_data.speed_ref
1764787931549,0,monitor_data.speed_ref
1764787931551,0,monitor_data.speed_ref
1764787931554,0,monitor_data.speed_ref
1764787931556,0,monitor_data.speed_ref
1764787931558,0,monitor_data.speed_ref
1764787931560,0,monitor_data.speed_ref
1764787931562,0,monitor_data.speed_ref
1764787931564,1765.913330078125,monitor_data.speed
1764787931566,1748.998779296875,monitor_data.speed
1764787931569,1734.029052734375,monitor_data.speed
1764787931570,1736.4783935546875,monitor_data.speed
1764787931572,1745.2901611328125,monitor_data.speed
1764787931574,1758.7119140625,monitor_data.speed
1764787931576,1760.072021484375,monitor_data.speed
1764787931578,1766.1265869140625,monitor_data.speed
1764787931580,1754.4031982421875,monitor_data.speed
1764787931582,1749.466796875,monitor_data.speed
1764787931584,1752.2425537109375,monitor_data.speed
1764787931586,1767.4210205078125,monitor_data.speed
1764787931588,1759.2576904296875,monitor_data.speed
1764787931590,1774.978759765625,monitor_data.speed
1764787931592,1767.0028076171875,monitor_data.speed
1764787931594,1764.81494140625,monitor_data.speed
1764787931596,1768.0208740234375,monitor_data.speed
1764787931599,1755.0018310546875,monitor_data.speed
1764787931601,1750.0333251953125,monitor_data.speed
1764787931603,1740.81494140625,monitor_data.speed
1764787931604,1743.2257080078125,monitor_data.speed
1764787931606,1740.17138671875,monitor_data.speed
1764787931608,1742.06591796875,monitor_data.speed
1764787931610,1749.41162109375,monitor_data.speed
1764787931612,1750.61279296875,monitor_data.speed
1764787931614,1751.1876220703125,monitor_data.speed
1764787931564,0,monitor_data.speed_ref
1764787931566,0,monitor_data.speed_ref
1764787931569,0,monitor_data.speed_ref
1764787931570,0,monitor_data.speed_ref
1764787931572,0,monitor_data.speed_ref
1764787931574,0,monitor_data.speed_ref
1764787931576,0,monitor_data.speed_ref
1764787931578,0,monitor_data.speed_ref
1764787931580,0,monitor_data.speed_ref
1764787931582,0,monitor_data.speed_ref
1764787931584,0,monitor_data.speed_ref
1764787931586,0,monitor_data.speed_ref
1764787931588,0,monitor_data.speed_ref
1764787931590,0,monitor_data.speed_ref
1764787931592,0,monitor_data.speed_ref
1764787931594,0,monitor_data.speed_ref
1764787931596,0,monitor_data.speed_ref
1764787931599,0,monitor_data.speed_ref
1764787931601,0,monitor_data.speed_ref
1764787931603,0,monitor_data.speed_ref
1764787931604,0,monitor_data.speed_ref
1764787931606,0,monitor_data.speed_ref
1764787931608,0,monitor_data.speed_ref
1764787931610,0,monitor_data.speed_ref
1764787931612,0,monitor_data.speed_ref
1764787931614,0,monitor_data.speed_ref
1764787931616,1752.5928955078125,monitor_data.speed
1764787931618,1743.65673828125,monitor_data.speed
1764787931620,1783.2288818359375,monitor_data.speed
1764787931622,1778.37158203125,monitor_data.speed
1764787931624,1786.0872802734375,monitor_data.speed
1764787931626,1776.281982421875,monitor_data.speed
1764787931628,1773.4765625,monitor_data.speed
1764787931630,1781.7335205078125,monitor_data.speed
1764787931631,1761.967041015625,monitor_data.speed
1764787931633,1766.804931640625,monitor_data.speed
1764787931634,1760.587890625,monitor_data.speed
1764787931636,1750.2457275390625,monitor_data.speed
1764787931638,1741.149658203125,monitor_data.speed
1764787931640,1737.8848876953125,monitor_data.speed
1764787931642,1746.5845947265625,monitor_data.speed
1764787931644,1748.1419677734375,monitor_data.speed
1764787931646,1760.9822998046875,monitor_data.speed
1764787931649,1749.815673828125,monitor_data.speed
1764787931651,1751.6395263671875,monitor_data.speed
1764787931653,1754.561279296875,monitor_data.speed
1764787931655,1781.74609375,monitor_data.speed
1764787931657,1773.348388671875,monitor_data.speed
1764787931659,1771.39453125,monitor_data.speed
1764787931660,1769.4075927734375,monitor_data.speed
1764787931662,1766.789794921875,monitor_data.speed
1764787931665,1775.50390625,monitor_data.speed
1764787931666,1772.43017578125,monitor_data.speed
1764787931616,0,monitor_data.speed_ref
1764787931618,0,monitor_data.speed_ref
1764787931620,0,monitor_data.speed_ref
1764787931622,0,monitor_data.speed_ref
1764787931624,0,monitor_data.speed_ref
1764787931626,0,monitor_data.speed_ref
1764787931628,0,monitor_data.speed_ref
1764787931630,0,monitor_data.speed_ref
1764787931631,0,monitor_data.speed_ref
1764787931633,0,monitor_data.speed_ref
1764787931634,0,monitor_data.speed_ref
1764787931636,0,monitor_data.speed_ref
1764787931638,0,monitor_data.speed_ref
1764787931640,0,monitor_data.speed_ref
1764787931642,0,monitor_data.speed_ref
1764787931644,0,monitor_data.speed_ref
1764787931646,0,monitor_data.speed_ref
1764787931649,0,monitor_data.speed_ref
1764787931651,0,monitor_data.speed_ref
1764787931653,0,monitor_data.speed_ref
1764787931655,0,monitor_data.speed_ref
1764787931657,0,monitor_data.speed_ref
1764787931659,0,monitor_data.speed_ref
1764787931660,0,monitor_data.speed_ref
1764787931662,0,monitor_data.speed_ref
1764787931665,0,monitor_data.speed_ref
1764787931666,0,monitor_data.speed_ref
1764787931668,1769.5679931640625,monitor_data.speed
1764787931670,1757.44091796875,monitor_data.speed
1764787931672,1752.347900390625,monitor_data.speed
1764787931674,1747.693115234375,monitor_data.speed
1764787931676,1748.327392578125,monitor_data.speed
1764787931677,1760.1807861328125,monitor_data.speed
1764787931679,1753.99169921875,monitor_data.speed
1764787931682,1770.2105712890625,monitor_data.speed
1764787931683,1763.16015625,monitor_data.speed
1764787931685,1751.328125,monitor_data.speed
1764787931687,1746.770263671875,monitor_data.speed
1764787931689,1790.4112548828125,monitor_data.speed
1764787931691,1777.9305419921875,monitor_data.speed
1764787931692,1779.1636962890625,monitor_data.speed
1764787931694,1780.2994384765625,monitor_data.speed
1764787931696,1775.8714599609375,monitor_data.speed
1764787931698,1782.134765625,monitor_data.speed
1764787931700,1778.250244140625,monitor_data.speed
1764787931702,1763.2391357421875,monitor_data.speed
1764787931704,1750.51611328125,monitor_data.speed
1764787931706,1751.284423828125,monitor_data.speed
1764787931707,1752.7955322265625,monitor_data.speed
1764787931709,1748.4993896484375,monitor_data.speed
1764787931711,1743.97412109375,monitor_data.speed
1764787931714,1755.9591064453125,monitor_data.speed
1764787931715,1761.603759765625,monitor_data.speed
1764787931717,1755.439208984375,monitor_data.speed
1764787931668,0,monitor_data.speed_ref
1764787931670,0,monitor_data.speed_ref
1764787931672,0,monitor_data.speed_ref
1764787931674,0,monitor_data.speed_ref
1764787931676,0,monitor_data.speed_ref
1764787931677,0,monitor_data.speed_ref
1764787931679,0,monitor_data.speed_ref
1764787931682,0,monitor_data.speed_ref
1764787931683,0,monitor_data.speed_ref
1764787931685,0,monitor_data.speed_ref
1764787931687,0,monitor_data.speed_ref
1764787931689,0,monitor_data.speed_ref
1764787931691,0,monitor_data.speed_ref
1764787931692,0,monitor_data.speed_ref
1764787931694,0,monitor_data.speed_ref
1764787931696,0,monitor_data.speed_ref
1764787931698,0,monitor_data.speed_ref
1764787931700,0,monitor_data.speed_ref
1764787931702,0,monitor_data.speed_ref
1764787931704,0,monitor_data.speed_ref
1764787931706,0,monitor_data.speed_ref
1764787931707,0,monitor_data.speed_ref
1764787931709,0,monitor_data.speed_ref
1764787931711,0,monitor_data.speed_ref
1764787931714,0,monitor_data.speed_ref
1764787931715,0,monitor_data.speed_ref
1764787931717,0,monitor_data.speed_ref
1764787931720,1750.5155029296875,monitor_data.speed
1764787931722,1740.9937744140625,monitor_data.speed
1764787931723,1778.98095703125,monitor_data.speed
1764787931726,1770.44287109375,monitor_data.speed
1764787931728,1762.2874755859375,monitor_data.speed
1764787931729,1777.9395751953125,monitor_data.speed
1764787931731,1775.465087890625,monitor_data.speed
1764787931733,1779.0377197265625,monitor_data.speed
1764787931735,1771.1380615234375,monitor_data.speed
1764787931737,1758.36767578125,monitor_data.speed
1764787931739,1747.488037109375,monitor_data.speed
1764787931741,1738.122314453125,monitor_data.speed
1764787931743,1741.3614501953125,monitor_data.speed
1764787931745,1743.4317626953125,monitor_data.speed
1764787931748,1757.5076904296875,monitor_data.speed
1764787931750,1764.0074462890625,monitor_data.speed
1764787931752,1752.8253173828125,monitor_data.speed
1764787931754,1742.691650390625,monitor_data.speed
1764787931756,1757.5179443359375,monitor_data.speed
1764787931758,1778.0172119140625,monitor_data.speed
1764787931760,1780.3692626953125,monitor_data.speed
1764787931762,1771.7357177734375,monitor_data.speed
1764787931764,1763.5963134765625,monitor_data.speed
1764787931766,1772.578125,monitor_data.speed
1764787931768,1764.6024169921875,monitor_data.speed
1764787931720,0,monitor_data.speed_ref
1764787931722,0,monitor_data.speed_ref
1764787931723,0,monitor_data.speed_ref
1764787931726,0,monitor_data.speed_ref
1764787931728,0,monitor_data.speed_ref
1764787931729,0,monitor_data.speed_ref
1764787931731,0,monitor_data.speed_ref
1764787931733,0,monitor_data.speed_ref
1764787931735,0,monitor_data.speed_ref
1764787931737,0,monitor_data.speed_ref
1764787931739,0,monitor_data.speed_ref
1764787931741,0,monitor_data.speed_ref
1764787931743,0,monitor_data.speed_ref
1764787931745,0,monitor_data.speed_ref
1764787931748,0,monitor_data.speed_ref
1764787931750,0,monitor_data.speed_ref
1764787931752,0,monitor_data.speed_ref
1764787931754,0,monitor_data.speed_ref
1764787931756,0,monitor_data.speed_ref
1764787931758,0,monitor_data.speed_ref
1764787931760,0,monitor_data.speed_ref
1764787931762,0,monitor_data.speed_ref
1764787931764,0,monitor_data.speed_ref
1764787931766,0,monitor_data.speed_ref
1764787931768,0,monitor_data.speed_ref
1764787931771,1763.5511474609375,monitor_data.speed
1764787931773,1747.0443115234375,monitor_data.speed
1764787931775,1743.5672607421875,monitor_data.speed
1764787931777,1747.2216796875,monitor_data.speed
1764787931779,1738.876220703125,monitor_data.speed
1764787931781,1752.585693359375,monitor_data.speed
1764787931783,1753.6317138671875,monitor_data.speed
1764787931785,1759.6890869140625,monitor_data.speed
1764787931786,1760.147216796875,monitor_data.speed
1764787931788,1749.4927978515625,monitor_data.speed
1764787931790,1751.1368408203125,monitor_data.speed
1764787931792,1794.7724609375,monitor_data.speed
1764787931793,1783.1904296875,monitor_data.speed
1764787931796,1777.1204833984375,monitor_data.speed
1764787931798,1778.0225830078125,monitor_data.speed
1764787931801,1773.526123046875,monitor_data.speed
1764787931802,1781.4395751953125,monitor_data.speed
1764787931804,1772.1923828125,monitor_data.speed
1764787931807,1753.30078125,monitor_data.speed
1764787931808,1753.6119384765625,monitor_data.speed
1764787931810,1743.1708984375,monitor_data.speed
1764787931813,1756.55908203125,monitor_data.speed
1764787931815,1750.983642578125,monitor_data.speed
1764787931818,1762.0482177734375,monitor_data.speed
1764787931820,1755.3131103515625,monitor_data.speed
1764787931821,1754.9002685546875,monitor_data.speed
1764787931771,0,monitor_data.speed_ref
1764787931773,0,monitor_data.speed_ref
1764787931775,0,monitor_data.speed_ref
1764787931777,0,monitor_data.speed_ref
1764787931779,0,monitor_data.speed_ref
1764787931781,0,monitor_data.speed_ref
1764787931783,0,monitor_data.speed_ref
1764787931785,0,monitor_data.speed_ref
1764787931786,0,monitor_data.speed_ref
1764787931788,0,monitor_data.speed_ref
1764787931790,0,monitor_data.speed_ref
1764787931792,0,monitor_data.speed_ref
1764787931793,0,monitor_data.speed_ref
1764787931796,0,monitor_data.speed_ref
1764787931798,0,monitor_data.speed_ref
1764787931801,0,monitor_data.speed_ref
1764787931802,0,monitor_data.speed_ref
1764787931804,0,monitor_data.speed_ref
1764787931807,0,monitor_data.speed_ref
1764787931808,0,monitor_data.speed_ref
1764787931810,0,monitor_data.speed_ref
1764787931813,0,monitor_data.speed_ref
1764787931815,0,monitor_data.speed_ref
1764787931818,0,monitor_data.speed_ref
1764787931820,0,monitor_data.speed_ref
1764787931821,0,monitor_data.speed_ref
1764787931823,1749.614013671875,monitor_data.speed
1764787931824,1751.255859375,monitor_data.speed
1764787931826,1788.892333984375,monitor_data.speed
1764787931829,1789.2015380859375,monitor_data.speed
1764787931831,1778.5341796875,monitor_data.speed
1764787931833,1768.6177978515625,monitor_data.speed
1764787931834,1777.42626953125,monitor_data.speed
1764787931836,1780.6573486328125,monitor_data.speed
1764787931838,1764.8603515625,monitor_data.speed
1764787931840,1762.85546875,monitor_data.speed
1764787931842,1751.5067138671875,monitor_data.speed
1764787931844,1758.9542236328125,monitor_data.speed
1764787931847,1748.96484375,monitor_data.speed
1764787931849,1761.789794921875,monitor_data.speed
1764787931851,1756.0914306640625,monitor_data.speed
1764787931853,1755.5609130859375,monitor_data.speed
1764787931855,1760.8529052734375,monitor_data.speed
1764787931857,1749.7783203125,monitor_data.speed
1764787931859,1775.426025390625,monitor_data.speed
1764787931861,1777.4029541015625,monitor_data.speed
1764787931863,1762.75732421875,monitor_data.speed
1764787931865,1771.6317138671875,monitor_data.speed
1764787931867,1769.155029296875,monitor_data.speed
1764787931869,1766.519775390625,monitor_data.speed
1764787931871,1764.0521240234375,monitor_data.speed
1764787931823,0,monitor_data.speed_ref
1764787931824,0,monitor_data.speed_ref
1764787931826,0,monitor_data.speed_ref
1764787931829,0,monitor_data.speed_ref
1764787931831,0,monitor_data.speed_ref
1764787931833,0,monitor_data.speed_ref
1764787931834,0,monitor_data.speed_ref
1764787931836,0,monitor_data.speed_ref
1764787931838,0,monitor_data.speed_ref
1764787931840,0,monitor_data.speed_ref
1764787931842,0,monitor_data.speed_ref
1764787931844,0,monitor_data.speed_ref
1764787931847,0,monitor_data.speed_ref
1764787931849,0,monitor_data.speed_ref
1764787931851,0,monitor_data.speed_ref
1764787931853,0,monitor_data.speed_ref
1764787931855,0,monitor_data.speed_ref
1764787931857,0,monitor_data.speed_ref
1764787931859,0,monitor_data.speed_ref
1764787931861,0,monitor_data.speed_ref
1764787931863,0,monitor_data.speed_ref
1764787931865,0,monitor_data.speed_ref
1764787931867,0,monitor_data.speed_ref
1764787931869,0,monitor_data.speed_ref
1764787931871,0,monitor_data.speed_ref
1764787931873,1761.744140625,monitor_data.speed
1764787931875,1744.4910888671875,monitor_data.speed
1764787931877,1745.725830078125,monitor_data.speed
1764787931879,1748.387939453125,monitor_data.speed
1764787931881,1744.7923583984375,monitor_data.speed
1764787931883,1751.9114990234375,monitor_data.speed
1764787931884,1758.7099609375,monitor_data.speed
1764787931886,1758.858154296875,monitor_data.speed
1764787931888,1758.667724609375,monitor_data.speed
1764787931890,1747.4478759765625,monitor_data.speed
1764787931892,1742.8736572265625,monitor_data.speed
1764787931894,1767.5130615234375,monitor_data.speed
1764787931896,1780.10791015625,monitor_data.speed
1764787931898,1764.54638671875,monitor_data.speed
1764787931900,1772.7431640625,monitor_data.speed
1764787931903,1780.888916015625,monitor_data.speed
1764787931905,1771.2711181640625,monitor_data.speed
1764787931907,1773.4150390625,monitor_data.speed
1764787931909,1759.9591064453125,monitor_data.speed
1764787931911,1754.1904296875,monitor_data.speed
1764787931914,1756.4642333984375,monitor_data.speed
1764787931915,1757.89306640625,monitor_data.speed
1764787931917,1753.138671875,monitor_data.speed
1764787931920,1765.75390625,monitor_data.speed
1764787931873,0,monitor_data.speed_ref
1764787931875,0,monitor_data.speed_ref
1764787931877,0,monitor_data.speed_ref
1764787931879,0,monitor_data.speed_ref
1764787931881,0,monitor_data.speed_ref
1764787931883,0,monitor_data.speed_ref
1764787931884,0,monitor_data.speed_ref
1764787931886,0,monitor_data.speed_ref
1764787931888,0,monitor_data.speed_ref
1764787931890,0,monitor_data.speed_ref
1764787931892,0,monitor_data.speed_ref
1764787931894,0,monitor_data.speed_ref
1764787931896,0,monitor_data.speed_ref
1764787931898,0,monitor_data.speed_ref
1764787931900,0,monitor_data.speed_ref
1764787931903,0,monitor_data.speed_ref
1764787931905,0,monitor_data.speed_ref
1764787931907,0,monitor_data.speed_ref
1764787931909,0,monitor_data.speed_ref
1764787931911,0,monitor_data.speed_ref
1764787931914,0,monitor_data.speed_ref
1764787931915,0,monitor_data.speed_ref
1764787931917,0,monitor_data.speed_ref
1764787931920,0,monitor_data.speed_ref
1764787931922,1753.7596435546875,monitor_data.speed
1764787931924,1754.5048828125,monitor_data.speed
1764787931926,1744.031005859375,monitor_data.speed
1764787931927,1740.493896484375,monitor_data.speed
1764787931929,1757.9375,monitor_data.speed
1764787931931,1762.9818115234375,monitor_data.speed
1764787931933,1762.8890380859375,monitor_data.speed
1764787931935,1762.5933837890625,monitor_data.speed
1764787931937,1762.1431884765625,monitor_data.speed
1764787931939,1755.5101318359375,monitor_data.speed
1764787931941,1759.7401123046875,monitor_data.speed
1764787931944,1742.007568359375,monitor_data.speed
1764787931947,1745.421142578125,monitor_data.speed
1764787931949,1749.1004638671875,monitor_data.speed
1764787931953,1752.5433349609375,monitor_data.speed
1764787931955,1753.3768310546875,monitor_data.speed
1764787931957,1759.357666015625,monitor_data.speed
1764787931959,1754.140380859375,monitor_data.speed
1764787931961,1744.21044921875,monitor_data.speed
1764787931963,1773.09716796875,monitor_data.speed
1764787931965,1773.9228515625,monitor_data.speed
1764787931966,1770.2613525390625,monitor_data.speed
1764787931968,1767.0201416015625,monitor_data.speed
1764787931970,1769.701171875,monitor_data.speed
1764787931922,0,monitor_data.speed_ref
1764787931924,0,monitor_data.speed_ref
1764787931926,0,monitor_data.speed_ref
1764787931927,0,monitor_data.speed_ref
1764787931929,0,monitor_data.speed_ref
1764787931931,0,monitor_data.speed_ref
1764787931933,0,monitor_data.speed_ref
1764787931935,0,monitor_data.speed_ref
1764787931937,0,monitor_data.speed_ref
1764787931939,0,monitor_data.speed_ref
1764787931941,0,monitor_data.speed_ref
1764787931944,0,monitor_data.speed_ref
1764787931947,0,monitor_data.speed_ref
1764787931949,0,monitor_data.speed_ref
1764787931953,0,monitor_data.speed_ref
1764787931955,0,monitor_data.speed_ref
1764787931957,0,monitor_data.speed_ref
1764787931959,0,monitor_data.speed_ref
1764787931961,0,monitor_data.speed_ref
1764787931963,0,monitor_data.speed_ref
1764787931965,0,monitor_data.speed_ref
1764787931966,0,monitor_data.speed_ref
1764787931968,0,monitor_data.speed_ref
1764787931970,0,monitor_data.speed_ref
1764787931972,1783.1463623046875,monitor_data.speed
1764787931974,1773.185302734375,monitor_data.speed
1764787931976,1764.1527099609375,monitor_data.speed
1764787931978,1756.60009765625,monitor_data.speed
1764787931981,1757.0111083984375,monitor_data.speed
1764787931983,1745.9898681640625,monitor_data.speed
1764787931985,1752.067626953125,monitor_data.speed
1764787931986,1757.62451171875,monitor_data.speed
1764787931988,1768.8668212890625,monitor_data.speed
1764787931989,1756.193115234375,monitor_data.speed
1764787931991,1772.1849365234375,monitor_data.speed
1764787931993,1771.0889892578125,monitor_data.speed
1764787931995,1747.8997802734375,monitor_data.speed
1764787931997,1797.7823486328125,monitor_data.speed
1764787932000,1779.630126953125,monitor_data.speed
1764787932002,1786.1376953125,monitor_data.speed
1764787932004,1781.8095703125,monitor_data.speed
1764787932006,1776.815185546875,monitor_data.speed
1764787932007,1773.01904296875,monitor_data.speed
1764787932009,1763.8204345703125,monitor_data.speed
1764787932011,1756.187255859375,monitor_data.speed
1764787932013,1750.5252685546875,monitor_data.speed
1764787932016,1758.33154296875,monitor_data.speed
1764787932018,1748.5362548828125,monitor_data.speed
1764787932020,1744.4879150390625,monitor_data.speed
1764787932022,1757.2962646484375,monitor_data.speed
1764787932024,1763.5089111328125,monitor_data.speed
1764787931972,0,monitor_data.speed_ref
1764787931974,0,monitor_data.speed_ref
1764787931976,0,monitor_data.speed_ref
1764787931978,0,monitor_data.speed_ref
1764787931981,0,monitor_data.speed_ref
1764787931983,0,monitor_data.speed_ref
1764787931985,0,monitor_data.speed_ref
1764787931986,0,monitor_data.speed_ref
1764787931988,0,monitor_data.speed_ref
1764787931989,0,monitor_data.speed_ref
1764787931991,0,monitor_data.speed_ref
1764787931993,0,monitor_data.speed_ref
1764787931995,0,monitor_data.speed_ref
1764787931997,0,monitor_data.speed_ref
1764787932000,0,monitor_data.speed_ref
1764787932002,0,monitor_data.speed_ref
1764787932004,0,monitor_data.speed_ref
1764787932006,0,monitor_data.speed_ref
1764787932007,0,monitor_data.speed_ref
1764787932009,0,monitor_data.speed_ref
1764787932011,0,monitor_data.speed_ref
1764787932013,0,monitor_data.speed_ref
1764787932016,0,monitor_data.speed_ref
1764787932018,0,monitor_data.speed_ref
1764787932020,0,monitor_data.speed_ref
1764787932022,0,monitor_data.speed_ref
1764787932024,0,monitor_data.speed_ref
1764787932026,1757.7353515625,monitor_data.speed
1764787932028,1746.9114990234375,monitor_data.speed
1764787932030,1743.8577880859375,monitor_data.speed
1764787932032,1789.7052001953125,monitor_data.speed
1764787932033,1780.2081298828125,monitor_data.speed
1764787932036,1764.5819091796875,monitor_data.speed
1764787932038,1772.9981689453125,monitor_data.speed
1764787932040,1770.656982421875,monitor_data.speed
1764787932041,1774.329833984375,monitor_data.speed
1764787932043,1766.34130859375,monitor_data.speed
1764787932046,1753.6859130859375,monitor_data.speed
1764787932048,1749.5731201171875,monitor_data.speed
1764787932050,1740.67822265625,monitor_data.speed
1764787932052,1737.73974609375,monitor_data.speed
1764787932054,1740.2193603515625,monitor_data.speed
1764787932056,1747.8564453125,monitor_data.speed
1764787932058,1760.801513671875,monitor_data.speed
1764787932061,1749.802978515625,monitor_data.speed
1764787932063,1740.9476318359375,monitor_data.speed
1764787932065,1766.5706787109375,monitor_data.speed
1764787932067,1764.44775390625,monitor_data.speed
1764787932069,1757.4405517578125,monitor_data.speed
1764787932071,1756.69873046875,monitor_data.speed
1764787932073,1767.3572998046875,monitor_data.speed
1764787932026,0,monitor_data.speed_ref
1764787932028,0,monitor_data.speed_ref
1764787932030,0,monitor_data.speed_ref
1764787932032,0,monitor_data.speed_ref
1764787932033,0,monitor_data.speed_ref
1764787932036,0,monitor_data.speed_ref
1764787932038,0,monitor_data.speed_ref
1764787932040,0,monitor_data.speed_ref
1764787932041,0,monitor_data.speed_ref
1764787932043,0,monitor_data.speed_ref
1764787932046,0,monitor_data.speed_ref
1764787932048,0,monitor_data.speed_ref
1764787932050,0,monitor_data.speed_ref
1764787932052,0,monitor_data.speed_ref
1764787932054,0,monitor_data.speed_ref
1764787932056,0,monitor_data.speed_ref
1764787932058,0,monitor_data.speed_ref
1764787932061,0,monitor_data.speed_ref
1764787932063,0,monitor_data.speed_ref
1764787932065,0,monitor_data.speed_ref
1764787932067,0,monitor_data.speed_ref
1764787932069,0,monitor_data.speed_ref
1764787932071,0,monitor_data.speed_ref
1764787932073,0,monitor_data.speed_ref
1764787932075,1766.2171630859375,monitor_data.speed
1764787932077,1765.3482666015625,monitor_data.speed
1764787932079,1758.8717041015625,monitor_data.speed
1764787932081,1748.5533447265625,monitor_data.speed
1764787932083,1745.31591796875,monitor_data.speed
1764787932085,1736.865478515625,monitor_data.speed
1764787932086,1745.6844482421875,monitor_data.speed
1764787932088,1748.307373046875,monitor_data.speed
1764787932090,1738.412353515625,monitor_data.speed
1764787932091,1745.6829833984375,monitor_data.speed
1764787932093,1746.8721923828125,monitor_data.speed
1764787932095,1753.5982666015625,monitor_data.speed
1764787932097,1738.1114501953125,monitor_data.speed
1764787932099,1764.3260498046875,monitor_data.speed
1764787932102,1773.184814453125,monitor_data.speed
1764787932104,1765.1212158203125,monitor_data.speed
1764787932106,1763.26123046875,monitor_data.speed
1764787932107,1778.9205322265625,monitor_data.speed
1764787932109,1764.9757080078125,monitor_data.speed
1764787932111,1785.552978515625,monitor_data.speed
1764787932114,1764.0040283203125,monitor_data.speed
1764787932116,1756.980712890625,monitor_data.speed
1764787932118,1757.20263671875,monitor_data.speed
1764787932119,1758.018798828125,monitor_data.speed
1764787932121,1758.7232666015625,monitor_data.speed
1764787932124,1764.903076171875,monitor_data.speed
1764787932075,0,monitor_data.speed_ref
1764787932077,0,monitor_data.speed_ref
1764787932079,0,monitor_data.speed_ref
1764787932081,0,monitor_data.speed_ref
1764787932083,0,monitor_data.speed_ref
1764787932085,0,monitor_data.speed_ref
1764787932086,0,monitor_data.speed_ref
1764787932088,0,monitor_data.speed_ref
1764787932090,0,monitor_data.speed_ref
1764787932091,0,monitor_data.speed_ref
1764787932093,0,monitor_data.speed_ref
1764787932095,0,monitor_data.speed_ref
1764787932097,0,monitor_data.speed_ref
1764787932099,0,monitor_data.speed_ref
1764787932102,0,monitor_data.speed_ref
1764787932104,0,monitor_data.speed_ref
1764787932106,0,monitor_data.speed_ref
1764787932107,0,monitor_data.speed_ref
1764787932109,0,monitor_data.speed_ref
1764787932111,0,monitor_data.speed_ref
1764787932114,0,monitor_data.speed_ref
1764787932116,0,monitor_data.speed_ref
1764787932118,0,monitor_data.speed_ref
1764787932119,0,monitor_data.speed_ref
1764787932121,0,monitor_data.speed_ref
1764787932124,0,monitor_data.speed_ref
1764787932126,1763.853515625,monitor_data.speed
1764787932128,1768.5806884765625,monitor_data.speed
1764787932130,1767.1663818359375,monitor_data.speed
1764787932132,1749.5126953125,monitor_data.speed
1764787932134,1789.515380859375,monitor_data.speed
1764787932136,1795.3526611328125,monitor_data.speed
1764787932138,1790.1241455078125,monitor_data.speed
1764787932139,1781.4383544921875,monitor_data.speed
1764787932140,1789.6802978515625,monitor_data.speed
1764787932143,1778.1202392578125,monitor_data.speed
1764787932145,1777.57958984375,monitor_data.speed
1764787932148,1773.030029296875,monitor_data.speed
1764787932150,1759.365966796875,monitor_data.speed
1764787932152,1765.168701171875,monitor_data.speed
1764787932154,1748.1826171875,monitor_data.speed
1764787932156,1760.2919921875,monitor_data.speed
1764787932158,1759.893310546875,monitor_data.speed
1764787932160,1759.1458740234375,monitor_data.speed
1764787932162,1763.1995849609375,monitor_data.speed
1764787932165,1756.2703857421875,monitor_data.speed
1764787932166,1745.1761474609375,monitor_data.speed
1764787932169,1784.084228515625,monitor_data.speed
1764787932171,1768.1173095703125,monitor_data.speed
1764787932173,1776.2520751953125,monitor_data.speed
1764787932175,1773.624755859375,monitor_data.speed
1764787932126,0,monitor_data.speed_ref
1764787932128,0,monitor_data.speed_ref
1764787932130,0,monitor_data.speed_ref
1764787932132,0,monitor_data.speed_ref
1764787932134,0,monitor_data.speed_ref
1764787932136,0,monitor_data.speed_ref
1764787932138,0,monitor_data.speed_ref
1764787932139,0,monitor_data.speed_ref
1764787932140,0,monitor_data.speed_ref
1764787932143,0,monitor_data.speed_ref
1764787932145,0,monitor_data.speed_ref
1764787932148,0,monitor_data.speed_ref
1764787932150,0,monitor_data.speed_ref
1764787932152,0,monitor_data.speed_ref
1764787932154,0,monitor_data.speed_ref
1764787932156,0,monitor_data.speed_ref
1764787932158,0,monitor_data.speed_ref
1764787932160,0,monitor_data.speed_ref
1764787932162,0,monitor_data.speed_ref
1764787932165,0,monitor_data.speed_ref
1764787932166,0,monitor_data.speed_ref
1764787932169,0,monitor_data.speed_ref
1764787932171,0,monitor_data.speed_ref
1764787932173,0,monitor_data.speed_ref
1764787932175,0,monitor_data.speed_ref
1764787932177,1776.6343994140625,monitor_data.speed
1764787932179,1767.4173583984375,monitor_data.speed
1764787932181,1764.562255859375,monitor_data.speed
1764787932184,1764.063720703125,monitor_data.speed
1764787932185,1753.5916748046875,monitor_data.speed
1764787932187,1749.4346923828125,monitor_data.speed
1764787932189,1751.690673828125,monitor_data.speed
1764787932191,1753.559814453125,monitor_data.speed
1764787932193,1749.21337890625,monitor_data.speed
1764787932195,1762.0418701171875,monitor_data.speed
1764787932197,1762.4835205078125,monitor_data.speed
1764787932199,1751.9788818359375,monitor_data.speed
1764787932201,1743.1353759765625,monitor_data.speed
1764787932203,1772.7158203125,monitor_data.speed
1764787932205,1764.7203369140625,monitor_data.speed
1764787932207,1763.3131103515625,monitor_data.speed
1764787932208,1774.036376953125,monitor_data.speed
1764787932211,1766.490966796875,monitor_data.speed
1764787932213,1770.7279052734375,monitor_data.speed
1764787932215,1763.43603515625,monitor_data.speed
1764787932217,1751.34619140625,monitor_data.speed
1764787932219,1735.7259521484375,monitor_data.speed
1764787932220,1738.1396484375,monitor_data.speed
1764787932222,1735.593505859375,monitor_data.speed
1764787932224,1738.6314697265625,monitor_data.speed
1764787932177,0,monitor_data.speed_ref
1764787932179,0,monitor_data.speed_ref
1764787932181,0,monitor_data.speed_ref
1764787932184,0,monitor_data.speed_ref
1764787932185,0,monitor_data.speed_ref
1764787932187,0,monitor_data.speed_ref
1764787932189,0,monitor_data.speed_ref
1764787932191,0,monitor_data.speed_ref
1764787932193,0,monitor_data.speed_ref
1764787932195,0,monitor_data.speed_ref
1764787932197,0,monitor_data.speed_ref
1764787932199,0,monitor_data.speed_ref
1764787932201,0,monitor_data.speed_ref
1764787932203,0,monitor_data.speed_ref
1764787932205,0,monitor_data.speed_ref
1764787932207,0,monitor_data.speed_ref
1764787932208,0,monitor_data.speed_ref
1764787932211,0,monitor_data.speed_ref
1764787932213,0,monitor_data.speed_ref
1764787932215,0,monitor_data.speed_ref
1764787932217,0,monitor_data.speed_ref
1764787932219,0,monitor_data.speed_ref
1764787932220,0,monitor_data.speed_ref
1764787932222,0,monitor_data.speed_ref
1764787932224,0,monitor_data.speed_ref
1764787932226,1753.156982421875,monitor_data.speed
1764787932228,1755.0252685546875,monitor_data.speed
1764787932230,1762.3160400390625,monitor_data.speed
1764787932232,1745.3201904296875,monitor_data.speed
1764787932234,1740.674560546875,monitor_data.speed
1764787932235,1737.4571533203125,monitor_data.speed
1764787932237,1778.9989013671875,monitor_data.speed
1764787932239,1770.5059814453125,monitor_data.speed
1764787932241,1768.6185302734375,monitor_data.speed
1764787932242,1773.0693359375,monitor_data.speed
1764787932244,1771.4564208984375,monitor_data.speed
1764787932247,1774.53466796875,monitor_data.speed
1764787932249,1759.97265625,monitor_data.speed
1764787932251,1764.341796875,monitor_data.speed
1764787932253,1747.0972900390625,monitor_data.speed
1764787932255,1743.0006103515625,monitor_data.speed
1764787932257,1739.1146240234375,monitor_data.speed
1764787932259,1746.8785400390625,monitor_data.speed
1764787932261,1760.0606689453125,monitor_data.speed
1764787932263,1748.7781982421875,monitor_data.speed
1764787932265,1760.008544921875,monitor_data.speed
1764787932267,1748.2532958984375,monitor_data.speed
1764787932269,1743.42529296875,monitor_data.speed
1764787932271,1767.9488525390625,monitor_data.speed
1764787932273,1771.7969970703125,monitor_data.speed
1764787932275,1764.1932373046875,monitor_data.speed
1764787932276,1774.792724609375,monitor_data.speed
1764787932279,1766.0882568359375,monitor_data.speed
1764787932226,0,monitor_data.speed_ref
1764787932228,0,monitor_data.speed_ref
1764787932230,0,monitor_data.speed_ref
1764787932232,0,monitor_data.speed_ref
1764787932234,0,monitor_data.speed_ref
1764787932235,0,monitor_data.speed_ref
1764787932237,0,monitor_data.speed_ref
1764787932239,0,monitor_data.speed_ref
1764787932241,0,monitor_data.speed_ref
1764787932242,0,monitor_data.speed_ref
1764787932244,0,monitor_data.speed_ref
1764787932247,0,monitor_data.speed_ref
1764787932249,0,monitor_data.speed_ref
1764787932251,0,monitor_data.speed_ref
1764787932253,0,monitor_data.speed_ref
1764787932255,0,monitor_data.speed_ref
1764787932257,0,monitor_data.speed_ref
1764787932259,0,monitor_data.speed_ref
1764787932261,0,monitor_data.speed_ref
1764787932263,0,monitor_data.speed_ref
1764787932265,0,monitor_data.speed_ref
1764787932267,0,monitor_data.speed_ref
1764787932269,0,monitor_data.speed_ref
1764787932271,0,monitor_data.speed_ref
1764787932273,0,monitor_data.speed_ref
1764787932275,0,monitor_data.speed_ref
1764787932276,0,monitor_data.speed_ref
1764787932279,0,monitor_data.speed_ref
1764787932282,1775.3623046875,monitor_data.speed
1764787932284,1767.21337890625,monitor_data.speed
1764787932285,1760.40380859375,monitor_data.speed
1764787932287,1743.08056640625,monitor_data.speed
1764787932288,1744.0289306640625,monitor_data.speed
1764787932290,1751.536865234375,monitor_data.speed
1764787932291,1735.6148681640625,monitor_data.speed
1764787932293,1755.3739013671875,monitor_data.speed
1764787932295,1750.993896484375,monitor_data.speed
1764787932297,1763.315673828125,monitor_data.speed
1764787932300,1751.2520751953125,monitor_data.speed
1764787932302,1763.161865234375,monitor_data.speed
1764787932303,1752.645751953125,monitor_data.speed
1764787932305,1777.4554443359375,monitor_data.speed
1764787932307,1768.06591796875,monitor_data.speed
1764787932309,1776.9659423828125,monitor_data.speed
1764787932311,1767.9891357421875,monitor_data.speed
1764787932314,1776.6336669921875,monitor_data.speed
1764787932316,1767.2984619140625,monitor_data.speed
1764787932318,1775.6292724609375,monitor_data.speed
1764787932320,1760.8978271484375,monitor_data.speed
1764787932322,1766.0242919921875,monitor_data.speed
1764787932324,1754.9932861328125,monitor_data.speed
1764787932325,1756.191650390625,monitor_data.speed
1764787932327,1745.6602783203125,monitor_data.speed
1764787932282,0,monitor_data.speed_ref
1764787932284,0,monitor_data.speed_ref
1764787932285,0,monitor_data.speed_ref
1764787932287,0,monitor_data.speed_ref
1764787932288,0,monitor_data.speed_ref
1764787932290,0,monitor_data.speed_ref
1764787932291,0,monitor_data.speed_ref
1764787932293,0,monitor_data.speed_ref
1764787932295,0,monitor_data.speed_ref
1764787932297,0,monitor_data.speed_ref
1764787932300,0,monitor_data.speed_ref
1764787932302,0,monitor_data.speed_ref
1764787932303,0,monitor_data.speed_ref
1764787932305,0,monitor_data.speed_ref
1764787932307,0,monitor_data.speed_ref
1764787932309,0,monitor_data.speed_ref
1764787932311,0,monitor_data.speed_ref
1764787932314,0,monitor_data.speed_ref
1764787932316,0,monitor_data.speed_ref
1764787932318,0,monitor_data.speed_ref
1764787932320,0,monitor_data.speed_ref
1764787932322,0,monitor_data.speed_ref
1764787932324,0,monitor_data.speed_ref
1764787932325,0,monitor_data.speed_ref
1764787932327,0,monitor_data.speed_ref
1764787932329,1758.1453857421875,monitor_data.speed
1764787932331,1758.2808837890625,monitor_data.speed
1764787932333,1769.3109130859375,monitor_data.speed
1764787932335,1762.7076416015625,monitor_data.speed
1764787932337,1751.4407958984375,monitor_data.speed
1764787932339,1753.463623046875,monitor_data.speed
1764787932341,1779.43310546875,monitor_data.speed
1764787932342,1775.4410400390625,monitor_data.speed
1764787932344,1772.0123291015625,monitor_data.speed
1764787932346,1768.61669921875,monitor_data.speed
1764787932348,1775.84716796875,monitor_data.speed
1764787932350,1766.27392578125,monitor_data.speed
1764787932353,1774.9752197265625,monitor_data.speed
1764787932355,1755.8675537109375,monitor_data.speed
1764787932357,1757.0263671875,monitor_data.speed
1764787932359,1741.6884765625,monitor_data.speed
1764787932361,1750.36767578125,monitor_data.speed
1764787932364,1746.1890869140625,monitor_data.speed
1764787932366,1764.338623046875,monitor_data.speed
1764787932368,1758.130126953125,monitor_data.speed
1764787932370,1746.4732666015625,monitor_data.speed
1764787932372,1747.82373046875,monitor_data.speed
1764787932374,1772.5164794921875,monitor_data.speed
1764787932376,1775.227783203125,monitor_data.speed
1764787932378,1766.89208984375,monitor_data.speed
1764787932329,0,monitor_data.speed_ref
1764787932331,0,monitor_data.speed_ref
1764787932333,0,monitor_data.speed_ref
1764787932335,0,monitor_data.speed_ref
1764787932337,0,monitor_data.speed_ref
1764787932339,0,monitor_data.speed_ref
1764787932341,0,monitor_data.speed_ref
1764787932342,0,monitor_data.speed_ref
1764787932344,0,monitor_data.speed_ref
1764787932346,0,monitor_data.speed_ref
1764787932348,0,monitor_data.speed_ref
1764787932350,0,monitor_data.speed_ref
1764787932353,0,monitor_data.speed_ref
1764787932355,0,monitor_data.speed_ref
1764787932357,0,monitor_data.speed_ref
1764787932359,0,monitor_data.speed_ref
1764787932361,0,monitor_data.speed_ref
1764787932364,0,monitor_data.speed_ref
1764787932366,0,monitor_data.speed_ref
1764787932368,0,monitor_data.speed_ref
1764787932370,0,monitor_data.speed_ref
1764787932372,0,monitor_data.speed_ref
1764787932374,0,monitor_data.speed_ref
1764787932376,0,monitor_data.speed_ref
1764787932378,0,monitor_data.speed_ref
1764787932380,1770.195556640625,monitor_data.speed
1764787932382,1761.4544677734375,monitor_data.speed
1764787932385,1770.0960693359375,monitor_data.speed
1764787932386,1768.3759765625,monitor_data.speed
1764787932388,1755.453125,monitor_data.speed
1764787932390,1750.3050537109375,monitor_data.speed
1764787932392,1752.9412841796875,monitor_data.speed
1764787932394,1743.8936767578125,monitor_data.speed
1764787932397,1752.2900390625,monitor_data.speed
1764787932399,1753.4288330078125,monitor_data.speed
1764787932401,1753.601806640625,monitor_data.speed
1764787932402,1753.4228515625,monitor_data.speed
1764787932404,1759.7752685546875,monitor_data.speed
1764787932406,1749.5946044921875,monitor_data.speed
1764787932408,1757.093017578125,monitor_data.speed
1764787932410,1767.6060791015625,monitor_data.speed
1764787932412,1754.3746337890625,monitor_data.speed
1764787932415,1764.46044921875,monitor_data.speed
1764787932417,1774.5877685546875,monitor_data.speed
1764787932419,1772.3719482421875,monitor_data.speed
1764787932421,1770.2193603515625,monitor_data.speed
1764787932423,1752.1859130859375,monitor_data.speed
1764787932426,1748.428466796875,monitor_data.speed
1764787932380,0,monitor_data.speed_ref
1764787932382,0,monitor_data.speed_ref
1764787932385,0,monitor_data.speed_ref
1764787932386,0,monitor_data.speed_ref
1764787932388,0,monitor_data.speed_ref
1764787932390,0,monitor_data.speed_ref
1764787932392,0,monitor_data.speed_ref
1764787932394,0,monitor_data.speed_ref
1764787932397,0,monitor_data.speed_ref
1764787932399,0,monitor_data.speed_ref
1764787932401,0,monitor_data.speed_ref
1764787932402,0,monitor_data.speed_ref
1764787932404,0,monitor_data.speed_ref
1764787932406,0,monitor_data.speed_ref
1764787932408,0,monitor_data.speed_ref
1764787932410,0,monitor_data.speed_ref
1764787932412,0,monitor_data.speed_ref
1764787932415,0,monitor_data.speed_ref
1764787932417,0,monitor_data.speed_ref
1764787932419,0,monitor_data.speed_ref
1764787932421,0,monitor_data.speed_ref
1764787932423,0,monitor_data.speed_ref
1764787932426,0,monitor_data.speed_ref
1764787932427,1745.0687255859375,monitor_data.speed
1764787932430,1748.3150634765625,monitor_data.speed
1764787932432,1755.6868896484375,monitor_data.speed
1764787932434,1756.61279296875,monitor_data.speed
1764787932436,1751.0311279296875,monitor_data.speed
1764787932438,1757.0128173828125,monitor_data.speed
1764787932440,1741.2218017578125,monitor_data.speed
1764787932442,1762.03564453125,monitor_data.speed
1764787932444,1776.0211181640625,monitor_data.speed
1764787932447,1745.5086669921875,monitor_data.speed
1764787932449,1731.0775146484375,monitor_data.speed
1764787932451,1720.907470703125,monitor_data.speed
1764787932453,1690.9000244140625,monitor_data.speed
1764787932455,1728.6396484375,monitor_data.speed
1764787932457,1686.10302734375,monitor_data.speed
1764787932460,1647.892578125,monitor_data.speed
1764787932462,1602.1495361328125,monitor_data.speed
1764787932464,1573.3074951171875,monitor_data.speed
1764787932467,1557.529052734375,monitor_data.speed
1764787932469,1528.90478515625,monitor_data.speed
1764787932471,1504.707763671875,monitor_data.speed
1764787932473,1473.2686767578125,monitor_data.speed
1764787932476,1447.6663818359375,monitor_data.speed
1764787932478,1412.910888671875,monitor_data.speed
1764787932427,0,monitor_data.speed_ref
1764787932430,0,monitor_data.speed_ref
1764787932432,0,monitor_data.speed_ref
1764787932434,0,monitor_data.speed_ref
1764787932436,0,monitor_data.speed_ref
1764787932438,0,monitor_data.speed_ref
1764787932440,0,monitor_data.speed_ref
1764787932442,0,monitor_data.speed_ref
1764787932444,0,monitor_data.speed_ref
1764787932447,0,monitor_data.speed_ref
1764787932449,0,monitor_data.speed_ref
1764787932451,0,monitor_data.speed_ref
1764787932453,0,monitor_data.speed_ref
1764787932455,0,monitor_data.speed_ref
1764787932457,0,monitor_data.speed_ref
1764787932460,0,monitor_data.speed_ref
1764787932462,0,monitor_data.speed_ref
1764787932464,0,monitor_data.speed_ref
1764787932467,0,monitor_data.speed_ref
1764787932469,0,monitor_data.speed_ref
1764787932471,0,monitor_data.speed_ref
1764787932473,0,monitor_data.speed_ref
1764787932476,0,monitor_data.speed_ref
1764787932478,0,monitor_data.speed_ref
1764787932480,1372.4951171875,monitor_data.speed
1764787932482,1367.1318359375,monitor_data.speed
1764787932484,1336.732177734375,monitor_data.speed
1764787932486,1301.33935546875,monitor_data.speed
1764787932488,1265.211669921875,monitor_data.speed
1764787932490,1233.290771484375,monitor_data.speed
1764787932492,1184.198486328125,monitor_data.speed
1764787932494,1149.436279296875,monitor_data.speed
1764787932496,1100.6124267578125,monitor_data.speed
1764787932498,1063.5723876953125,monitor_data.speed
1764787932500,1012.0563354492188,monitor_data.speed
1764787932503,943.5239868164062,monitor_data.speed
1764787932505,920.6962890625,monitor_data.speed
1764787932507,851.8961791992188,monitor_data.speed
1764787932509,781.8104858398438,monitor_data.speed
1764787932511,700.092041015625,monitor_data.speed
1764787932513,630.5807495117188,monitor_data.speed
1764787932516,526.745849609375,monitor_data.speed
1764787932518,458.4906005859375,monitor_data.speed
1764787932520,400.3947448730469,monitor_data.speed
1764787932522,346.7154235839844,monitor_data.speed
1764787932524,293.5460510253906,monitor_data.speed
1764787932527,245.72413635253906,monitor_data.speed
1764787932480,0,monitor_data.speed_ref
1764787932482,0,monitor_data.speed_ref
1764787932484,0,monitor_data.speed_ref
1764787932486,0,monitor_data.speed_ref
1764787932488,0,monitor_data.speed_ref
1764787932490,0,monitor_data.speed_ref
1764787932492,0,monitor_data.speed_ref
1764787932494,0,monitor_data.speed_ref
1764787932496,0,monitor_data.speed_ref
1764787932498,0,monitor_data.speed_ref
1764787932500,0,monitor_data.speed_ref
1764787932503,0,monitor_data.speed_ref
1764787932505,0,monitor_data.speed_ref
1764787932507,0,monitor_data.speed_ref
1764787932509,0,monitor_data.speed_ref
1764787932511,0,monitor_data.speed_ref
1764787932513,0,monitor_data.speed_ref
1764787932516,0,monitor_data.speed_ref
1764787932518,0,monitor_data.speed_ref
1764787932520,0,monitor_data.speed_ref
1764787932522,0,monitor_data.speed_ref
1764787932524,0,monitor_data.speed_ref
1764787932527,0,monitor_data.speed_ref
1764787932529,202.12452697753906,monitor_data.speed
1764787932531,165.50149536132812,monitor_data.speed
1764787932533,135.89212036132812,monitor_data.speed
1764787932535,111.2978286743164,monitor_data.speed
1764787932537,91.95223999023438,monitor_data.speed
1764787932539,75.96949768066406,monitor_data.speed
1764787932541,68.92648315429688,monitor_data.speed
1764787932543,58.10240173339844,monitor_data.speed
1764787932545,48.488624572753906,monitor_data.speed
1764787932546,40.465782165527344,monitor_data.speed
1764787932548,34.11167907714844,monitor_data.speed
1764787932550,28.755538940429688,monitor_data.speed
1764787932551,24.485382080078125,monitor_data.speed
1764787932553,26.320775985717773,monitor_data.speed
1764787932555,21.797767639160156,monitor_data.speed
1764787932557,17.300752639770508,monitor_data.speed
1764787932559,14.439093589782715,monitor_data.speed
1764787932561,12.172643661499023,monitor_data.speed
1764787932563,15.112309455871582,monitor_data.speed
1764787932565,12.116138458251953,monitor_data.speed
1764787932567,10.112462997436523,monitor_data.speed
1764787932568,8.525543212890625,monitor_data.speed
1764787932570,12.387415885925293,monitor_data.speed
1764787932572,10.133268356323242,monitor_data.speed
1764787932574,8.45773696899414,monitor_data.speed
1764787932576,7.130707263946533,monitor_data.speed
1764787932578,11.528255462646484,monitor_data.speed
1764787932580,9.387239456176758,monitor_data.speed
1764787932582,7.679413318634033,monitor_data.speed
1764787932529,0,monitor_data.speed_ref
1764787932531,0,monitor_data.speed_ref
1764787932533,0,monitor_data.speed_ref
1764787932535,0,monitor_data.speed_ref
1764787932537,0,monitor_data.speed_ref
1764787932539,0,monitor_data.speed_ref
1764787932541,0,monitor_data.speed_ref
1764787932543,0,monitor_data.speed_ref
1764787932545,0,monitor_data.speed_ref
1764787932546,0,monitor_data.speed_ref
1764787932548,0,monitor_data.speed_ref
1764787932550,0,monitor_data.speed_ref
1764787932551,0,monitor_data.speed_ref
1764787932553,0,monitor_data.speed_ref
1764787932555,0,monitor_data.speed_ref
1764787932557,0,monitor_data.speed_ref
1764787932559,0,monitor_data.speed_ref
1764787932561,0,monitor_data.speed_ref
1764787932563,0,monitor_data.speed_ref
1764787932565,0,monitor_data.speed_ref
1764787932567,0,monitor_data.speed_ref
1764787932568,0,monitor_data.speed_ref
1764787932570,0,monitor_data.speed_ref
1764787932572,0,monitor_data.speed_ref
1764787932574,0,monitor_data.speed_ref
1764787932576,0,monitor_data.speed_ref
1764787932578,0,monitor_data.speed_ref
1764787932580,0,monitor_data.speed_ref
1764787932582,0,monitor_data.speed_ref
1764787932583,6.53994083404541,monitor_data.speed
1764787932585,5.401450157165527,monitor_data.speed
1764787932587,9.797181129455566,monitor_data.speed
1764787932589,8.095577239990234,monitor_data.speed
1764787932590,6.757256031036377,monitor_data.speed
1764787932592,5.640408515930176,monitor_data.speed
1764787932594,10.415645599365234,monitor_data.speed
1764787932596,9.02306079864502,monitor_data.speed
1764787932598,7.381548881530762,monitor_data.speed
1764787932600,6.161389350891113,monitor_data.speed
1764787932602,5.247406005859375,monitor_data.speed
1764787932603,4.469186782836914,monitor_data.speed
1764787932605,3.656898260116577,monitor_data.speed
1764787932607,3.1463136672973633,monitor_data.speed
1764787932609,2.597188711166382,monitor_data.speed
1764787932610,2.03031063079834,monitor_data.speed
1764787932613,1.56210458278656,monitor_data.speed
1764787932615,1.055151343345642,monitor_data.speed
1764787932617,0.5506213903427124,monitor_data.speed
1764787932618,0.4113866686820984,monitor_data.speed
1764787932620,0.06833121180534363,monitor_data.speed
1764787932622,0.058404870331287384,monitor_data.speed
1764787932623,-0.06605874001979828,monitor_data.speed
1764787932625,-0.17034663259983063,monitor_data.speed
1764787932627,-0.19335146248340607,monitor_data.speed
1764787932629,-0.21022683382034302,monitor_data.speed
1764787932631,5.581701755523682,monitor_data.speed
1764787932583,0,monitor_data.speed_ref
1764787932585,0,monitor_data.speed_ref
1764787932587,0,monitor_data.speed_ref
1764787932589,0,monitor_data.speed_ref
1764787932590,0,monitor_data.speed_ref
1764787932592,0,monitor_data.speed_ref
1764787932594,0,monitor_data.speed_ref
1764787932596,0,monitor_data.speed_ref
1764787932598,0,monitor_data.speed_ref
1764787932600,0,monitor_data.speed_ref
1764787932602,0,monitor_data.speed_ref
1764787932603,0,monitor_data.speed_ref
1764787932605,0,monitor_data.speed_ref
1764787932607,0,monitor_data.speed_ref
1764787932609,0,monitor_data.speed_ref
1764787932610,0,monitor_data.speed_ref
1764787932613,0,monitor_data.speed_ref
1764787932615,0,monitor_data.speed_ref
1764787932617,0,monitor_data.speed_ref
1764787932618,0,monitor_data.speed_ref
1764787932620,0,monitor_data.speed_ref
1764787932622,0,monitor_data.speed_ref
1764787932623,0,monitor_data.speed_ref
1764787932625,0,monitor_data.speed_ref
1764787932627,0,monitor_data.speed_ref
1764787932629,0,monitor_data.speed_ref
1764787932631,0,monitor_data.speed_ref
1764787932632,-0.40816015005111694,monitor_data.speed
1764787932634,5.350560188293457,monitor_data.speed
1764787932636,-0.6398192048072815,monitor_data.speed
1764787932637,-0.6484399437904358,monitor_data.speed
1764787932639,-0.6977720260620117,monitor_data.speed
1764787932641,5.237374782562256,monitor_data.speed
1764787932643,-0.5670874118804932,monitor_data.speed
1764787932645,-0.6021257042884827,monitor_data.speed
1764787932647,-0.6587491631507874,monitor_data.speed
1764787932649,-0.6667160987854004,monitor_data.speed
1764787932650,-0.6361194252967834,monitor_data.speed
1764787932652,5.05387544631958,monitor_data.speed
1764787932654,-0.8930553197860718,monitor_data.speed
1764787932655,-1.110546588897705,monitor_data.speed
1764787932657,-1.4612680673599243,monitor_data.speed
1764787932659,-1.7405333518981934,monitor_data.speed
1764787932661,3.8619065284729004,monitor_data.speed
1764787932664,3.2548670768737793,monitor_data.speed
1764787932666,3.0134754180908203,monitor_data.speed
1764787932668,-3.2236328125,monitor_data.speed
1764787932669,-3.412940263748169,monitor_data.speed
1764787932671,2.2000677585601807,monitor_data.speed
1764787932673,-3.8517496585845947,monitor_data.speed
1764787932674,-3.5404610633850098,monitor_data.speed
1764787932676,2.3763818740844727,monitor_data.speed
1764787932678,2.309760808944702,monitor_data.speed
1764787932680,-3.4499170780181885,monitor_data.speed
1764787932682,-3.3068923950195312,monitor_data.speed
1764787932684,-3.258100986480713,monitor_data.speed
1764787932632,0,monitor_data.speed_ref
1764787932634,0,monitor_data.speed_ref
1764787932636,0,monitor_data.speed_ref
1764787932637,0,monitor_data.speed_ref
1764787932639,0,monitor_data.speed_ref
1764787932641,0,monitor_data.speed_ref
1764787932643,0,monitor_data.speed_ref
1764787932645,0,monitor_data.speed_ref
1764787932647,0,monitor_data.speed_ref
1764787932649,0,monitor_data.speed_ref
1764787932650,0,monitor_data.speed_ref
1764787932652,0,monitor_data.speed_ref
1764787932654,0,monitor_data.speed_ref
1764787932655,0,monitor_data.speed_ref
1764787932657,0,monitor_data.speed_ref
1764787932659,0,monitor_data.speed_ref
1764787932661,0,monitor_data.speed_ref
1764787932664,0,monitor_data.speed_ref
1764787932666,0,monitor_data.speed_ref
1764787932668,0,monitor_data.speed_ref
1764787932669,0,monitor_data.speed_ref
1764787932671,0,monitor_data.speed_ref
1764787932673,0,monitor_data.speed_ref
1764787932674,0,monitor_data.speed_ref
1764787932676,0,monitor_data.speed_ref
1764787932678,0,monitor_data.speed_ref
1764787932680,0,monitor_data.speed_ref
1764787932682,0,monitor_data.speed_ref
1764787932684,0,monitor_data.speed_ref
1764787932686,-3.142472982406616,monitor_data.speed
1764787932688,-2.79734206199646,monitor_data.speed
1764787932690,-2.594468593597412,monitor_data.speed
1764787932692,-2.191908597946167,monitor_data.speed
1764787932694,-2.0398309230804443,monitor_data.speed
1764787932696,4.008088111877441,monitor_data.speed
1764787932698,-1.735107660293579,monitor_data.speed
1764787932700,-1.6764508485794067,monitor_data.speed
1764787932702,-1.49335777759552,monitor_data.speed
1764787932703,-1.232313632965088,monitor_data.speed
1764787932705,-1.0374598503112793,monitor_data.speed
1764787932707,-0.8300042152404785,monitor_data.speed
1764787932710,-0.6763104200363159,monitor_data.speed
1764787932713,-0.5032097697257996,monitor_data.speed
1764787932715,-0.4100584387779236,monitor_data.speed
1764787932717,-0.38391321897506714,monitor_data.speed
1764787932719,-0.4853612184524536,monitor_data.speed
1764787932722,-0.4328579604625702,monitor_data.speed
1764787932724,-0.3489086925983429,monitor_data.speed
1764787932726,-0.28680619597435,monitor_data.speed
1764787932728,-0.22589075565338135,monitor_data.speed
1764787932730,-0.2828095555305481,monitor_data.speed
1764787932732,-0.22505301237106323,monitor_data.speed
1764787932734,-0.24133466184139252,monitor_data.speed
1764787932686,0,monitor_data.speed_ref
1764787932688,0,monitor_data.speed_ref
1764787932690,0,monitor_data.speed_ref
1764787932692,0,monitor_data.speed_ref
1764787932694,0,monitor_data.speed_ref
1764787932696,0,monitor_data.speed_ref
1764787932698,0,monitor_data.speed_ref
1764787932700,0,monitor_data.speed_ref
1764787932702,0,monitor_data.speed_ref
1764787932703,0,monitor_data.speed_ref
1764787932705,0,monitor_data.speed_ref
1764787932707,0,monitor_data.speed_ref
1764787932710,0,monitor_data.speed_ref
1764787932713,0,monitor_data.speed_ref
1764787932715,0,monitor_data.speed_ref
1764787932717,0,monitor_data.speed_ref
1764787932719,0,monitor_data.speed_ref
1764787932722,0,monitor_data.speed_ref
1764787932724,0,monitor_data.speed_ref
1764787932726,0,monitor_data.speed_ref
1764787932728,0,monitor_data.speed_ref
1764787932730,0,monitor_data.speed_ref
1764787932732,0,monitor_data.speed_ref
1764787932734,0,monitor_data.speed_ref
1764787932736,-0.25938549637794495,monitor_data.speed
1764787932737,-0.2759299576282501,monitor_data.speed
1764787932739,-0.28776997327804565,monitor_data.speed
1764787932741,-0.5046184062957764,monitor_data.speed
1764787932743,-0.5311123728752136,monitor_data.speed
1764787932744,-0.44638633728027344,monitor_data.speed
1764787932746,-0.3561808168888092,monitor_data.speed
1764787932752,-0.43197476863861084,monitor_data.speed
1764787932754,-0.5558332800865173,monitor_data.speed
1764787932756,-0.5502421855926514,monitor_data.speed
1764787932758,-0.863928496837616,monitor_data.speed
1764787932759,-1.0095202922821045,monitor_data.speed
1764787932762,-1.0921216011047363,monitor_data.speed
1764787932765,-1.0642449855804443,monitor_data.speed
1764787932767,4.792444229125977,monitor_data.speed
1764787932770,-1.4775108098983765,monitor_data.speed
1764787932772,-1.5382875204086304,monitor_data.speed
1764787932773,4.335608005523682,monitor_data.speed
1764787932775,4.064422607421875,monitor_data.speed
1764787932777,-1.7041293382644653,monitor_data.speed
1764787932780,4.137940406799316,monitor_data.speed
1764787932782,-1.9344501495361328,monitor_data.speed
1764787932783,-2.3687875270843506,monitor_data.speed
1764787932785,3.1964499950408936,monitor_data.speed
1764787932736,0,monitor_data.speed_ref
1764787932737,0,monitor_data.speed_ref
1764787932739,0,monitor_data.speed_ref
1764787932741,0,monitor_data.speed_ref
1764787932743,0,monitor_data.speed_ref
1764787932744,0,monitor_data.speed_ref
1764787932746,0,monitor_data.speed_ref
1764787932752,0,monitor_data.speed_ref
1764787932754,0,monitor_data.speed_ref
1764787932756,0,monitor_data.speed_ref
1764787932758,0,monitor_data.speed_ref
1764787932759,0,monitor_data.speed_ref
1764787932762,0,monitor_data.speed_ref
1764787932765,0,monitor_data.speed_ref
1764787932767,0,monitor_data.speed_ref
1764787932770,0,monitor_data.speed_ref
1764787932772,0,monitor_data.speed_ref
1764787932773,0,monitor_data.speed_ref
1764787932775,0,monitor_data.speed_ref
1764787932777,0,monitor_data.speed_ref
1764787932780,0,monitor_data.speed_ref
1764787932782,0,monitor_data.speed_ref
1764787932783,0,monitor_data.speed_ref
1764787932785,0,monitor_data.speed_ref
1764787932786,-2.9434854984283447,monitor_data.speed
1764787932788,2.9108054637908936,monitor_data.speed
1764787932790,-2.970482587814331,monitor_data.speed
1764787932792,2.885124921798706,monitor_data.speed
1764787932793,2.746445417404175,monitor_data.speed
1764787932795,-3.1454529762268066,monitor_data.speed
1764787932798,2.9098148345947266,monitor_data.speed
1764787932800,2.689321994781494,monitor_data.speed
1764787932802,-2.9537229537963867,monitor_data.speed
1764787932804,2.9486968517303467,monitor_data.speed
1764787932806,3.1651289463043213,monitor_data.speed
1764787932809,-2.974646806716919,monitor_data.speed
1764787932811,2.9820518493652344,monitor_data.speed
1764787932813,-3.125110387802124,monitor_data.speed
1764787932815,-3.064741373062134,monitor_data.speed
1764787932817,2.789989948272705,monitor_data.speed
1764787932819,3.047879934310913,monitor_data.speed
1764787932822,3.1044037342071533,monitor_data.speed
1764787932824,3.0304477214813232,monitor_data.speed
1764787932826,3.075873613357544,monitor_data.speed
1764787932829,-2.971057653427124,monitor_data.speed
1764787932831,-2.956820011138916,monitor_data.speed
1764787932833,-3.0809457302093506,monitor_data.speed
1764787932835,-2.888298273086548,monitor_data.speed
1764787932786,0,monitor_data.speed_ref
1764787932788,0,monitor_data.speed_ref
1764787932790,0,monitor_data.speed_ref
1764787932792,0,monitor_data.speed_ref
1764787932793,0,monitor_data.speed_ref
1764787932795,0,monitor_data.speed_ref
1764787932798,0,monitor_data.speed_ref
1764787932800,0,monitor_data.speed_ref
1764787932802,0,monitor_data.speed_ref
1764787932804,0,monitor_data.speed_ref
1764787932806,0,monitor_data.speed_ref
1764787932809,0,monitor_data.speed_ref
1764787932811,0,monitor_data.speed_ref
1764787932813,0,monitor_data.speed_ref
1764787932815,0,monitor_data.speed_ref
1764787932817,0,monitor_data.speed_ref
1764787932819,0,monitor_data.speed_ref
1764787932822,0,monitor_data.speed_ref
1764787932824,0,monitor_data.speed_ref
1764787932826,0,monitor_data.speed_ref
1764787932829,0,monitor_data.speed_ref
1764787932831,0,monitor_data.speed_ref
1764787932833,0,monitor_data.speed_ref
1764787932835,0,monitor_data.speed_ref
1764787932837,-2.8101541996002197,monitor_data.speed
1764787932839,3.0858402252197266,monitor_data.speed
1764787932841,-2.7844953536987305,monitor_data.speed
1764787932844,2.8754189014434814,monitor_data.speed
1764787932846,-2.8047187328338623,monitor_data.speed
1764787932848,-2.64461350440979,monitor_data.speed
1764787932850,-2.9021129608154297,monitor_data.speed
1764787932852,2.8835673332214355,monitor_data.speed
1764787932855,-2.901576280593872,monitor_data.speed
1764787932857,-2.50465989112854,monitor_data.speed
1764787932859,3.3400254249572754,monitor_data.speed
1764787932860,-2.6883604526519775,monitor_data.speed
1764787932862,3.1052558422088623,monitor_data.speed
1764787932864,-2.8479628562927246,monitor_data.speed
1764787932867,-2.875859498977661,monitor_data.speed
1764787932869,2.8391411304473877,monitor_data.speed
1764787932871,2.9354302883148193,monitor_data.speed
1764787932872,-3.031172752380371,monitor_data.speed
1764787932874,-3.134005069732666,monitor_data.speed
1764787932876,2.59846830368042,monitor_data.speed
1764787932878,2.6955509185791016,monitor_data.speed
1764787932880,2.5865821838378906,monitor_data.speed
1764787932882,2.618124008178711,monitor_data.speed
1764787932884,2.6664059162139893,monitor_data.speed
1764787932886,-3.185270309448242,monitor_data.speed
1764787932837,0,monitor_data.speed_ref
1764787932839,0,monitor_data.speed_ref
1764787932841,0,monitor_data.speed_ref
1764787932844,0,monitor_data.speed_ref
1764787932846,0,monitor_data.speed_ref
1764787932848,0,monitor_data.speed_ref
1764787932850,0,monitor_data.speed_ref
1764787932852,0,monitor_data.speed_ref
1764787932855,0,monitor_data.speed_ref
1764787932857,0,monitor_data.speed_ref
1764787932859,0,monitor_data.speed_ref
1764787932860,0,monitor_data.speed_ref
1764787932862,0,monitor_data.speed_ref
1764787932864,0,monitor_data.speed_ref
1764787932867,0,monitor_data.speed_ref
1764787932869,0,monitor_data.speed_ref
1764787932871,0,monitor_data.speed_ref
1764787932872,0,monitor_data.speed_ref
1764787932874,0,monitor_data.speed_ref
1764787932876,0,monitor_data.speed_ref
1764787932878,0,monitor_data.speed_ref
1764787932880,0,monitor_data.speed_ref
1764787932882,0,monitor_data.speed_ref
1764787932884,0,monitor_data.speed_ref
1764787932886,0,monitor_data.speed_ref
1764787932888,-3.0373802185058594,monitor_data.speed
1764787932890,2.677199602127075,monitor_data.speed
1764787932892,2.632253646850586,monitor_data.speed
1764787932893,-3.095130205154419,monitor_data.speed
1764787932895,2.707282066345215,monitor_data.speed
1764787932897,2.612882375717163,monitor_data.speed
1764787932899,-2.925236463546753,monitor_data.speed
1764787932901,-2.873288154602051,monitor_data.speed
1764787932904,-2.556630849838257,monitor_data.speed
1764787932905,-2.4314491748809814,monitor_data.speed
1764787932908,-2.3969461917877197,monitor_data.speed
1764787932910,-2.157728910446167,monitor_data.speed
1764787932913,-2.0043153762817383,monitor_data.speed
1764787932915,-1.7756251096725464,monitor_data.speed
1764787932917,4.307179927825928,monitor_data.speed
1764787932919,4.395201206207275,monitor_data.speed
1764787932921,-1.4209550619125366,monitor_data.speed
1764787932923,-1.3628368377685547,monitor_data.speed
1764787932925,-1.2524527311325073,monitor_data.speed
1764787932927,-1.2606449127197266,monitor_data.speed
1764787932929,4.794258117675781,monitor_data.speed
1764787932932,-0.8905489444732666,monitor_data.speed
1764787932934,-0.7679232954978943,monitor_data.speed
1764787932936,-0.7559502124786377,monitor_data.speed
1764787932888,0,monitor_data.speed_ref
1764787932890,0,monitor_data.speed_ref
1764787932892,0,monitor_data.speed_ref
1764787932893,0,monitor_data.speed_ref
1764787932895,0,monitor_data.speed_ref
1764787932897,0,monitor_data.speed_ref
1764787932899,0,monitor_data.speed_ref
1764787932901,0,monitor_data.speed_ref
1764787932904,0,monitor_data.speed_ref
1764787932905,0,monitor_data.speed_ref
1764787932908,0,monitor_data.speed_ref
1764787932910,0,monitor_data.speed_ref
1764787932913,0,monitor_data.speed_ref
1764787932915,0,monitor_data.speed_ref
1764787932917,0,monitor_data.speed_ref
1764787932919,0,monitor_data.speed_ref
1764787932921,0,monitor_data.speed_ref
1764787932923,0,monitor_data.speed_ref
1764787932925,0,monitor_data.speed_ref
1764787932927,0,monitor_data.speed_ref
1764787932929,0,monitor_data.speed_ref
1764787932932,0,monitor_data.speed_ref
1764787932934,0,monitor_data.speed_ref
1764787932936,0,monitor_data.speed_ref
1764787932937,-0.6230916380882263,monitor_data.speed
1764787932940,-0.5258122682571411,monitor_data.speed
1764787932942,-0.5968371629714966,monitor_data.speed
1764787932944,-0.5069414973258972,monitor_data.speed
1764787932947,-0.41511690616607666,monitor_data.speed
1764787932948,-0.42596152424812317,monitor_data.speed
1764787932949,-0.37661731243133545,monitor_data.speed
1764787932951,-0.31291067600250244,monitor_data.speed
1764787932953,-0.23903515934944153,monitor_data.speed
1764787932955,-0.19398857653141022,monitor_data.speed
1764787932958,-0.15385136008262634,monitor_data.speed
1764787932959,-0.13542303442955017,monitor_data.speed
1764787932961,-0.11043109744787216,monitor_data.speed
1764787932963,-0.13623957335948944,monitor_data.speed
1764787932965,-0.1087285727262497,monitor_data.speed
1764787932967,-0.08645211160182953,monitor_data.speed
1764787932969,-0.06613433361053467,monitor_data.speed
1764787932972,-0.050762198865413666,monitor_data.speed
1764787932974,-0.03951512649655342,monitor_data.speed
1764787932976,-0.031194964423775673,monitor_data.speed
1764787932978,-0.0233507938683033,monitor_data.speed
1764787932980,-0.017840499058365822,monitor_data.speed
1764787932982,-0.013071699999272823,monitor_data.speed
1764787932984,-0.009348232299089432,monitor_data.speed
1764787932986,-0.006125826388597488,monitor_data.speed
1764787932937,0,monitor_data.speed_ref
1764787932940,0,monitor_data.speed_ref
1764787932942,0,monitor_data.speed_ref
1764787932944,0,monitor_data.speed_ref
1764787932947,0,monitor_data.speed_ref
1764787932948,0,monitor_data.speed_ref
1764787932949,0,monitor_data.speed_ref
1764787932951,0,monitor_data.speed_ref
1764787932953,0,monitor_data.speed_ref
1764787932955,0,monitor_data.speed_ref
1764787932958,0,monitor_data.speed_ref
1764787932959,0,monitor_data.speed_ref
1764787932961,0,monitor_data.speed_ref
1764787932963,0,monitor_data.speed_ref
1764787932965,0,monitor_data.speed_ref
1764787932967,0,monitor_data.speed_ref
1764787932969,0,monitor_data.speed_ref
1764787932972,0,monitor_data.speed_ref
1764787932974,0,monitor_data.speed_ref
1764787932976,0,monitor_data.speed_ref
1764787932978,0,monitor_data.speed_ref
1764787932980,0,monitor_data.speed_ref
1764787932982,0,monitor_data.speed_ref
1764787932984,0,monitor_data.speed_ref
1764787932986,0,monitor_data.speed_ref
1764787932987,-0.0042260438203811646,monitor_data.speed
1764787932989,-0.002145171631127596,monitor_data.speed
1764787932991,-0.00040865509072318673,monitor_data.speed
1764787932993,-0.05349979177117348,monitor_data.speed
1764787932995,-0.041731834411621094,monitor_data.speed
1764787932997,-0.03179747611284256,monitor_data.speed
1764787932998,-0.026528174057602882,monitor_data.speed
1764787933000,-0.02225654013454914,monitor_data.speed
1764787933001,-0.017449848353862762,monitor_data.speed
1764787933003,-0.013398077338933945,monitor_data.speed
1764787933005,-0.009438213892281055,monitor_data.speed
1764787933007,-0.006346371490508318,monitor_data.speed
1764787933009,-0.10085593163967133,monitor_data.speed
1764787933011,-0.08370468020439148,monitor_data.speed
1764787933013,-0.06618956476449966,monitor_data.speed
1764787933015,-0.052616752684116364,monitor_data.speed
1764787933017,-0.04052316024899483,monitor_data.speed
1764787933019,-0.0328475683927536,monitor_data.speed
1764787933020,-0.026030221953988075,monitor_data.speed
1764787933022,-0.0200541652739048,monitor_data.speed
1764787933024,-0.014882273972034454,monitor_data.speed
1764787933026,-0.010844073258340359,monitor_data.speed
1764787933028,-0.007036902476102114,monitor_data.speed
1764787933030,-0.004109538160264492,monitor_data.speed
1764787933032,-0.0022590316366404295,monitor_data.speed
1764787933034,-0.0005036727525293827,monitor_data.speed
1764787932987,0,monitor_data.speed_ref
1764787932989,0,monitor_data.speed_ref
1764787932991,0,monitor_data.speed_ref
1764787932993,0,monitor_data.speed_ref
1764787932995,0,monitor_data.speed_ref
1764787932997,0,monitor_data.speed_ref
1764787932998,0,monitor_data.speed_ref
1764787933000,0,monitor_data.speed_ref
1764787933001,0,monitor_data.speed_ref
1764787933003,0,monitor_data.speed_ref
1764787933005,0,monitor_data.speed_ref
1764787933007,0,monitor_data.speed_ref
1764787933009,0,monitor_data.speed_ref
1764787933011,0,monitor_data.speed_ref
1764787933013,0,monitor_data.speed_ref
1764787933015,0,monitor_data.speed_ref
1764787933017,0,monitor_data.speed_ref
1764787933019,0,monitor_data.speed_ref
1764787933020,0,monitor_data.speed_ref
1764787933022,0,monitor_data.speed_ref
1764787933024,0,monitor_data.speed_ref
1764787933026,0,monitor_data.speed_ref
1764787933028,0,monitor_data.speed_ref
1764787933030,0,monitor_data.speed_ref
1764787933032,0,monitor_data.speed_ref
1764787933034,0,monitor_data.speed_ref
1764787933036,0.0011806017719209194,monitor_data.speed
1764787933039,0.002828852040693164,monitor_data.speed
1764787933041,0.0038338960148394108,monitor_data.speed
1764787933042,0.004580960143357515,monitor_data.speed
1764787933044,0.00520439725369215,monitor_data.speed
1764787933046,0.005802585743367672,monitor_data.speed
1764787933049,0.0063279736787080765,monitor_data.speed
1764787933050,0.0066623021848499775,monitor_data.speed
1764787933052,0.006983092054724693,monitor_data.speed
1764787933054,0.007220401428639889,monitor_data.speed
1764787933056,0.007416457403451204,monitor_data.speed
1764787933058,0.0075937542133033276,monitor_data.speed
1764787933061,0.007743423338979483,monitor_data.speed
1764787933063,0.007853560149669647,monitor_data.speed
1764787933064,0.007931255735456944,monitor_data.speed
1764787933067,0.008017318323254585,monitor_data.speed
1764787933069,0.008077580481767654,monitor_data.speed
1764787933070,0.008124632760882378,monitor_data.speed
1764787933073,0.008167182095348835,monitor_data.speed
1764787933074,0.008197148330509663,monitor_data.speed
1764787933076,0.008223416283726692,monitor_data.speed
1764787933078,0.00824716966599226,monitor_data.speed
1764787933080,0.008266403339803219,monitor_data.speed
1764787933083,-0.093014195561409,monitor_data.speed
1764787933085,-0.07539421319961548,monitor_data.speed
1764787933036,0,monitor_data.speed_ref
1764787933039,0,monitor_data.speed_ref
1764787933041,0,monitor_data.speed_ref
1764787933042,0,monitor_data.speed_ref
1764787933044,0,monitor_data.speed_ref
1764787933046,0,monitor_data.speed_ref
1764787933049,0,monitor_data.speed_ref
1764787933050,0,monitor_data.speed_ref
1764787933052,0,monitor_data.speed_ref
1764787933054,0,monitor_data.speed_ref
1764787933056,0,monitor_data.speed_ref
1764787933058,0,monitor_data.speed_ref
1764787933061,0,monitor_data.speed_ref
1764787933063,0,monitor_data.speed_ref
1764787933064,0,monitor_data.speed_ref
1764787933067,0,monitor_data.speed_ref
1764787933069,0,monitor_data.speed_ref
1764787933070,0,monitor_data.speed_ref
1764787933073,0,monitor_data.speed_ref
1764787933074,0,monitor_data.speed_ref
1764787933076,0,monitor_data.speed_ref
1764787933078,0,monitor_data.speed_ref
1764787933080,0,monitor_data.speed_ref
1764787933083,0,monitor_data.speed_ref
1764787933085,0,monitor_data.speed_ref
1764787933087,-0.060837145894765854,monitor_data.speed
1764787933089,-0.046558260917663574,monitor_data.speed
1764787933091,-0.08955163508653641,monitor_data.speed
1764787933093,-0.07172475010156631,monitor_data.speed
1764787933095,-0.11110261082649231,monitor_data.speed
1764787933097,-0.14324554800987244,monitor_data.speed
1764787933098,-0.12467851489782333,monitor_data.speed
1764787933100,-0.10491842031478882,monitor_data.speed
1764787933101,-0.09104564040899277,monitor_data.speed
1764787933103,-0.07459733635187149,monitor_data.speed
1764787933105,-0.060178786516189575,monitor_data.speed
1764787933107,-0.04770048335194588,monitor_data.speed
1764787933109,-0.14466260373592377,monitor_data.speed
1764787933111,-0.21073225140571594,monitor_data.speed
1764787933113,-0.17083939909934998,monitor_data.speed
1764787933115,-0.4153847396373749,monitor_data.speed
1764787933116,-0.40437909960746765,monitor_data.speed
1764787933118,-0.33955737948417664,monitor_data.speed
1764787933120,-0.33883750438690186,monitor_data.speed
1764787933122,-0.37793752551078796,monitor_data.speed
1764787933124,-0.38295599818229675,monitor_data.speed
1764787933126,-0.37336552143096924,monitor_data.speed
1764787933128,-0.3038579821586609,monitor_data.speed
1764787933130,-0.2999807596206665,monitor_data.speed
1764787933132,-0.3041214644908905,monitor_data.speed
1764787933134,-0.3516315817832947,monitor_data.speed
1764787933136,5.564291954040527,monitor_data.speed
1764787933087,0,monitor_data.speed_ref
1764787933089,0,monitor_data.speed_ref
1764787933091,0,monitor_data.speed_ref
1764787933093,0,monitor_data.speed_ref
1764787933095,0,monitor_data.speed_ref
1764787933097,0,monitor_data.speed_ref
1764787933098,0,monitor_data.speed_ref
1764787933100,0,monitor_data.speed_ref
1764787933101,0,monitor_data.speed_ref
1764787933103,0,monitor_data.speed_ref
1764787933105,0,monitor_data.speed_ref
1764787933107,0,monitor_data.speed_ref
1764787933109,0,monitor_data.speed_ref
1764787933111,0,monitor_data.speed_ref
1764787933113,0,monitor_data.speed_ref
1764787933115,0,monitor_data.speed_ref
1764787933116,0,monitor_data.speed_ref
1764787933118,0,monitor_data.speed_ref
1764787933120,0,monitor_data.speed_ref
1764787933122,0,monitor_data.speed_ref
1764787933124,0,monitor_data.speed_ref
1764787933126,0,monitor_data.speed_ref
1764787933128,0,monitor_data.speed_ref
1764787933130,0,monitor_data.speed_ref
1764787933132,0,monitor_data.speed_ref
1764787933134,0,monitor_data.speed_ref
1764787933136,0,monitor_data.speed_ref
1764787933138,-0.31558871269226074,monitor_data.speed
1764787933140,-0.31883513927459717,monitor_data.speed
1764787933142,-0.4801660478115082,monitor_data.speed
1764787933144,-0.5580499172210693,monitor_data.speed
1764787933146,-0.5355660319328308,monitor_data.speed
1764787933149,-0.8154477477073669,monitor_data.speed
1764787933150,-0.8144461512565613,monitor_data.speed
1764787933152,-0.9482271075248718,monitor_data.speed
1764787933154,-0.9416935443878174,monitor_data.speed
1764787933156,4.98270320892334,monitor_data.speed
1764787933158,-1.0449373722076416,monitor_data.speed
1764787933160,-1.3341071605682373,monitor_data.speed
1764787933162,-1.3480067253112793,monitor_data.speed
1764787933164,4.600438117980957,monitor_data.speed
1764787933166,-1.2967772483825684,monitor_data.speed
1764787933168,4.546178340911865,monitor_data.speed
1764787933170,4.57851505279541,monitor_data.speed
1764787933172,4.42783260345459,monitor_data.speed
1764787933175,-1.6688541173934937,monitor_data.speed
1764787933177,4.348575592041016,monitor_data.speed
1764787933180,-1.809464931488037,monitor_data.speed
1764787933182,-2.0382614135742188,monitor_data.speed
1764787933184,-2.1537046432495117,monitor_data.speed
1764787933187,3.753591299057007,monitor_data.speed
1764787933138,0,monitor_data.speed_ref
1764787933140,0,monitor_data.speed_ref
1764787933142,0,monitor_data.speed_ref
1764787933144,0,monitor_data.speed_ref
1764787933146,0,monitor_data.speed_ref
1764787933149,0,monitor_data.speed_ref
1764787933150,0,monitor_data.speed_ref
1764787933152,0,monitor_data.speed_ref
1764787933154,0,monitor_data.speed_ref
1764787933156,0,monitor_data.speed_ref
1764787933158,0,monitor_data.speed_ref
1764787933160,0,monitor_data.speed_ref
1764787933162,0,monitor_data.speed_ref
1764787933164,0,monitor_data.speed_ref
1764787933166,0,monitor_data.speed_ref
1764787933168,0,monitor_data.speed_ref
1764787933170,0,monitor_data.speed_ref
1764787933172,0,monitor_data.speed_ref
1764787933175,0,monitor_data.speed_ref
1764787933177,0,monitor_data.speed_ref
1764787933180,0,monitor_data.speed_ref
1764787933182,0,monitor_data.speed_ref
1764787933184,0,monitor_data.speed_ref
1764787933187,0,monitor_data.speed_ref
1764787933189,3.838046073913574,monitor_data.speed
1764787933191,-2.361301898956299,monitor_data.speed
1764787933193,3.7012507915496826,monitor_data.speed
1764787933195,-2.2570698261260986,monitor_data.speed
1764787933198,3.720329999923706,monitor_data.speed
1764787933199,-2.1537764072418213,monitor_data.speed
1764787933201,3.4976253509521484,monitor_data.speed
1764787933203,-2.2365987300872803,monitor_data.speed
1764787933205,-2.062877893447876,monitor_data.speed
1764787933207,3.8343417644500732,monitor_data.speed
1764787933208,-2.1836369037628174,monitor_data.speed
1764787933210,3.502124547958374,monitor_data.speed
1764787933212,3.425278425216675,monitor_data.speed
1764787933214,-2.5165998935699463,monitor_data.speed
1764787933217,3.300034999847412,monitor_data.speed
1764787933219,-2.663971185684204,monitor_data.speed
1764787933221,-2.8182737827301025,monitor_data.speed
1764787933222,3.0512819290161133,monitor_data.speed
1764787933224,2.95178484916687,monitor_data.speed
1764787933227,-3.2741012573242188,monitor_data.speed
1764787933229,2.4646449089050293,monitor_data.speed
1764787933231,2.4124233722686768,monitor_data.speed
1764787933233,2.4559006690979004,monitor_data.speed
1764787933234,-3.6780011653900146,monitor_data.speed
1764787933237,2.253375768661499,monitor_data.speed
1764787933189,0,monitor_data.speed_ref
1764787933191,0,monitor_data.speed_ref
1764787933193,0,monitor_data.speed_ref
1764787933195,0,monitor_data.speed_ref
1764787933198,0,monitor_data.speed_ref
1764787933199,0,monitor_data.speed_ref
1764787933201,0,monitor_data.speed_ref
1764787933203,0,monitor_data.speed_ref
1764787933205,0,monitor_data.speed_ref
1764787933207,0,monitor_data.speed_ref
1764787933208,0,monitor_data.speed_ref
1764787933210,0,monitor_data.speed_ref
1764787933212,0,monitor_data.speed_ref
1764787933214,0,monitor_data.speed_ref
1764787933217,0,monitor_data.speed_ref
1764787933219,0,monitor_data.speed_ref
1764787933221,0,monitor_data.speed_ref
1764787933222,0,monitor_data.speed_ref
1764787933224,0,monitor_data.speed_ref
1764787933227,0,monitor_data.speed_ref
1764787933229,0,monitor_data.speed_ref
1764787933231,0,monitor_data.speed_ref
1764787933233,0,monitor_data.speed_ref
1764787933234,0,monitor_data.speed_ref
1764787933237,0,monitor_data.speed_ref
1764787933239,2.1896297931671143,monitor_data.speed
1764787933241,-3.923590898513794,monitor_data.speed
1764787933243,1.9348373413085938,monitor_data.speed
1764787933245,1.8984535932540894,monitor_data.speed
1764787933247,-3.732375383377075,monitor_data.speed
1764787933249,-3.6758930683135986,monitor_data.speed
1764787933251,2.1762609481811523,monitor_data.speed
1764787933253,2.1607794761657715,monitor_data.speed
1764787933255,-3.4581196308135986,monitor_data.speed
1764787933257,2.351433277130127,monitor_data.speed
1764787933259,-3.5419974327087402,monitor_data.speed
1764787933261,2.453681230545044,monitor_data.speed
1764787933263,2.3432273864746094,monitor_data.speed
1764787933265,-3.3995659351348877,monitor_data.speed
1764787933268,-3.252434730529785,monitor_data.speed
1764787933270,2.8385887145996094,monitor_data.speed
1764787933272,2.5847249031066895,monitor_data.speed
1764787933274,2.6486902236938477,monitor_data.speed
1764787933276,-3.3799948692321777,monitor_data.speed
1764787933278,-3.3159101009368896,monitor_data.speed
1764787933281,-3.0156688690185547,monitor_data.speed
1764787933282,-3.2515738010406494,monitor_data.speed
1764787933284,-2.8148062229156494,monitor_data.speed
1764787933286,3.046319007873535,monitor_data.speed
1764787933288,2.694762945175171,monitor_data.speed
1764787933239,0,monitor_data.speed_ref
1764787933241,0,monitor_data.speed_ref
1764787933243,0,monitor_data.speed_ref
1764787933245,0,monitor_data.speed_ref
1764787933247,0,monitor_data.speed_ref
1764787933249,0,monitor_data.speed_ref
1764787933251,0,monitor_data.speed_ref
1764787933253,0,monitor_data.speed_ref
1764787933255,0,monitor_data.speed_ref
1764787933257,0,monitor_data.speed_ref
1764787933259,0,monitor_data.speed_ref
1764787933261,0,monitor_data.speed_ref
1764787933263,0,monitor_data.speed_ref
1764787933265,0,monitor_data.speed_ref
1764787933268,0,monitor_data.speed_ref
1764787933270,0,monitor_data.speed_ref
1764787933272,0,monitor_data.speed_ref
1764787933274,0,monitor_data.speed_ref
1764787933276,0,monitor_data.speed_ref
1764787933278,0,monitor_data.speed_ref
1764787933281,0,monitor_data.speed_ref
1764787933282,0,monitor_data.speed_ref
1764787933284,0,monitor_data.speed_ref
1764787933286,0,monitor_data.speed_ref
1764787933288,0,monitor_data.speed_ref
1764787933290,2.38832426071167,monitor_data.speed
1764787933292,2.354490041732788,monitor_data.speed
1764787933293,2.4481756687164307,monitor_data.speed
1764787933296,2.5204124450683594,monitor_data.speed
1764787933298,2.5563504695892334,monitor_data.speed
1764787933299,-3.4919092655181885,monitor_data.speed
1764787933301,2.6222126483917236,monitor_data.speed
1764787933303,2.492030382156372,monitor_data.speed
1764787933305,2.179953098297119,monitor_data.speed
1764787933307,-3.8725168704986572,monitor_data.speed
1764787933309,2.146334409713745,monitor_data.speed
1764787933311,1.9824638366699219,monitor_data.speed
1764787933313,2.076681137084961,monitor_data.speed
1764787933315,1.8453216552734375,monitor_data.speed
1764787933317,-4.238033771514893,monitor_data.speed
1764787933319,1.5762529373168945,monitor_data.speed
1764787933321,-4.066669464111328,monitor_data.speed
1764787933324,1.5687956809997559,monitor_data.speed
1764787933326,1.313864827156067,monitor_data.speed
1764787933328,1.1134839057922363,monitor_data.speed
1764787933330,0.9213763475418091,monitor_data.speed
1764787933332,0.9380620718002319,monitor_data.speed
1764787933334,0.9953590631484985,monitor_data.speed
1764787933335,-4.806455135345459,monitor_data.speed
1764787933337,0.9387619495391846,monitor_data.speed
1764787933339,0.784791111946106,monitor_data.speed
1764787933290,0,monitor_data.speed_ref
1764787933292,0,monitor_data.speed_ref
1764787933293,0,monitor_data.speed_ref
1764787933296,0,monitor_data.speed_ref
1764787933298,0,monitor_data.speed_ref
1764787933299,0,monitor_data.speed_ref
1764787933301,0,monitor_data.speed_ref
1764787933303,0,monitor_data.speed_ref
1764787933305,0,monitor_data.speed_ref
1764787933307,0,monitor_data.speed_ref
1764787933309,0,monitor_data.speed_ref
1764787933311,0,monitor_data.speed_ref
1764787933313,0,monitor_data.speed_ref
1764787933315,0,monitor_data.speed_ref
1764787933317,0,monitor_data.speed_ref
1764787933319,0,monitor_data.speed_ref
1764787933321,0,monitor_data.speed_ref
1764787933324,0,monitor_data.speed_ref
1764787933326,0,monitor_data.speed_ref
1764787933328,0,monitor_data.speed_ref
1764787933330,0,monitor_data.speed_ref
1764787933332,0,monitor_data.speed_ref
1764787933334,0,monitor_data.speed_ref
1764787933335,0,monitor_data.speed_ref
1764787933337,0,monitor_data.speed_ref
1764787933339,0,monitor_data.speed_ref
1764787933341,0.7575975656509399,monitor_data.speed
1764787933342,0.858900249004364,monitor_data.speed
1764787933345,0.8164958357810974,monitor_data.speed
1764787933347,-5.203202724456787,monitor_data.speed
1764787933349,-5.200993061065674,monitor_data.speed
1764787933351,0.761012077331543,monitor_data.speed
1764787933352,-5.210176944732666,monitor_data.speed
1764787933354,0.6536120772361755,monitor_data.speed
1764787933356,0.5414450168609619,monitor_data.speed
1764787933357,0.47147393226623535,monitor_data.speed
1764787933359,0.4943220913410187,monitor_data.speed
1764787933361,-5.453556537628174,monitor_data.speed
1764787933363,0.42902734875679016,monitor_data.speed
1764787933365,0.4656780958175659,monitor_data.speed
1764787933367,0.4965144395828247,monitor_data.speed
1764787933369,0.45701396465301514,monitor_data.speed
1764787933371,0.3827661871910095,monitor_data.speed
1764787933373,0.4205004572868347,monitor_data.speed
1764787933375,0.3557693362236023,monitor_data.speed
1764787933377,0.2813095152378082,monitor_data.speed
1764787933379,0.22937250137329102,monitor_data.speed
1764787933381,0.1873175948858261,monitor_data.speed
1764787933383,0.15770050883293152,monitor_data.speed
1764787933385,0.12928292155265808,monitor_data.speed
1764787933387,0.11131904274225235,monitor_data.speed
1764787933388,0.0960235744714737,monitor_data.speed
1764787933341,0,monitor_data.speed_ref
1764787933342,0,monitor_data.speed_ref
1764787933345,0,monitor_data.speed_ref
1764787933347,0,monitor_data.speed_ref
1764787933349,0,monitor_data.speed_ref
1764787933351,0,monitor_data.speed_ref
1764787933352,0,monitor_data.speed_ref
1764787933354,0,monitor_data.speed_ref
1764787933356,0,monitor_data.speed_ref
1764787933357,0,monitor_data.speed_ref
1764787933359,0,monitor_data.speed_ref
1764787933361,0,monitor_data.speed_ref
1764787933363,0,monitor_data.speed_ref
1764787933365,0,monitor_data.speed_ref
1764787933367,0,monitor_data.speed_ref
1764787933369,0,monitor_data.speed_ref
1764787933371,0,monitor_data.speed_ref
1764787933373,0,monitor_data.speed_ref
1764787933375,0,monitor_data.speed_ref
1764787933377,0,monitor_data.speed_ref
1764787933379,0,monitor_data.speed_ref
1764787933381,0,monitor_data.speed_ref
1764787933383,0,monitor_data.speed_ref
1764787933385,0,monitor_data.speed_ref
1764787933387,0,monitor_data.speed_ref
1764787933388,0,monitor_data.speed_ref
1764787933390,0.13612757623195648,monitor_data.speed
1764787933392,0.17067328095436096,monitor_data.speed
1764787933393,0.14795714616775513,monitor_data.speed
1764787933395,0.17660236358642578,monitor_data.speed
1764787933397,0.14875848591327667,monitor_data.speed
1764787933399,0.12552255392074585,monitor_data.speed
1764787933401,0.21062609553337097,monitor_data.speed
1764787933402,0.18585124611854553,monitor_data.speed
1764787933403,0.16411080956459045,monitor_data.speed
1764787933405,0.1450331211090088,monitor_data.speed
1764787933406,0.237847238779068,monitor_data.speed
1764787933408,0.19605691730976105,monitor_data.speed
1764787933410,0.21536360681056976,monitor_data.speed
1764787933412,0.17597423493862152,monitor_data.speed
1764787933414,0.1496473252773285,monitor_data.speed
1764787933416,0.18485793471336365,monitor_data.speed
1764787933418,0.155647873878479,monitor_data.speed
1764787933419,0.13376763463020325,monitor_data.speed
1764787933421,0.11301250010728836,monitor_data.speed
1764787933423,0.09225034713745117,monitor_data.speed
1764787933425,0.07697238773107529,monitor_data.speed
1764787933427,0.06447642296552658,monitor_data.speed
1764787933429,0.05471960827708244,monitor_data.speed
1764787933431,0.04704580828547478,monitor_data.speed
1764787933433,0.04031898081302643,monitor_data.speed
1764787933435,0.035028282552957535,monitor_data.speed
1764787933436,0.030613116919994354,monitor_data.speed
1764787933438,0.02674279920756817,monitor_data.speed
1764787933390,0,monitor_data.speed_ref
1764787933392,0,monitor_data.speed_ref
1764787933393,0,monitor_data.speed_ref
1764787933395,0,monitor_data.speed_ref
1764787933397,0,monitor_data.speed_ref
1764787933399,0,monitor_data.speed_ref
1764787933401,0,monitor_data.speed_ref
1764787933402,0,monitor_data.speed_ref
1764787933403,0,monitor_data.speed_ref
1764787933405,0,monitor_data.speed_ref
1764787933406,0,monitor_data.speed_ref
1764787933408,0,monitor_data.speed_ref
1764787933410,0,monitor_data.speed_ref
1764787933412,0,monitor_data.speed_ref
1764787933414,0,monitor_data.speed_ref
1764787933416,0,monitor_data.speed_ref
1764787933418,0,monitor_data.speed_ref
1764787933419,0,monitor_data.speed_ref
1764787933421,0,monitor_data.speed_ref
1764787933423,0,monitor_data.speed_ref
1764787933425,0,monitor_data.speed_ref
1764787933427,0,monitor_data.speed_ref
1764787933429,0,monitor_data.speed_ref
1764787933431,0,monitor_data.speed_ref
1764787933433,0,monitor_data.speed_ref
1764787933435,0,monitor_data.speed_ref
1764787933436,0,monitor_data.speed_ref
1764787933438,0,monitor_data.speed_ref
1764787933440,0.024010442197322845,monitor_data.speed
1764787933442,0.021418578922748566,monitor_data.speed
1764787933443,0.07354412227869034,monitor_data.speed
1764787933446,0.06008864566683769,monitor_data.speed
1764787933448,-5.702224254608154,monitor_data.speed
1764787933449,0.2359936386346817,monitor_data.speed
1764787933451,0.20024029910564423,monitor_data.speed
1764787933453,0.32926642894744873,monitor_data.speed
1764787933454,0.39265164732933044,monitor_data.speed
1764787933456,0.33229443430900574,monitor_data.speed
1764787933458,0.3901781737804413,monitor_data.speed
1764787933459,0.3930293321609497,monitor_data.speed
1764787933461,0.43431350588798523,monitor_data.speed
1764787933463,0.5125086307525635,monitor_data.speed
1764787933465,0.5403053164482117,monitor_data.speed
1764787933468,-5.379971981048584,monitor_data.speed
1764787933469,0.4553202688694,monitor_data.speed
1764787933471,0.3813527524471283,monitor_data.speed
1764787933473,0.3134314715862274,monitor_data.speed
1764787933475,0.2578779458999634,monitor_data.speed
1764787933477,0.21244017779827118,monitor_data.speed
1764787933479,0.17527633905410767,monitor_data.speed
1764787933481,0.20205016434192657,monitor_data.speed
1764787933482,0.17162787914276123,monitor_data.speed
1764787933484,0.14598360657691956,monitor_data.speed
1764787933486,0.12205828726291656,monitor_data.speed
1764787933488,0.10516756772994995,monitor_data.speed
1764787933489,0.09078582376241684,monitor_data.speed
1764787933491,0.07510028034448624,monitor_data.speed
1764787933493,0.06575891375541687,monitor_data.speed
1764787933440,0,monitor_data.speed_ref
1764787933442,0,monitor_data.speed_ref
1764787933443,0,monitor_data.speed_ref
1764787933446,0,monitor_data.speed_ref
1764787933448,0,monitor_data.speed_ref
1764787933449,0,monitor_data.speed_ref
1764787933451,0,monitor_data.speed_ref
1764787933453,0,monitor_data.speed_ref
1764787933454,0,monitor_data.speed_ref
1764787933456,0,monitor_data.speed_ref
1764787933458,0,monitor_data.speed_ref
1764787933459,0,monitor_data.speed_ref
1764787933461,0,monitor_data.speed_ref
1764787933463,0,monitor_data.speed_ref
1764787933465,0,monitor_data.speed_ref
1764787933468,0,monitor_data.speed_ref
1764787933469,0,monitor_data.speed_ref
1764787933471,0,monitor_data.speed_ref
1764787933473,0,monitor_data.speed_ref
1764787933475,0,monitor_data.speed_ref
1764787933477,0,monitor_data.speed_ref
1764787933479,0,monitor_data.speed_ref
1764787933481,0,monitor_data.speed_ref
1764787933482,0,monitor_data.speed_ref
1764787933484,0,monitor_data.speed_ref
1764787933486,0,monitor_data.speed_ref
1764787933488,0,monitor_data.speed_ref
1764787933489,0,monitor_data.speed_ref
1764787933491,0,monitor_data.speed_ref
1764787933493,0,monitor_data.speed_ref
1764787933495,0.055779147893190384,monitor_data.speed
1764787933497,0.04714232683181763,monitor_data.speed
1764787933498,0.04104946181178093,monitor_data.speed
1764787933501,0.034827351570129395,monitor_data.speed
1764787933502,0.030445434153079987,monitor_data.speed
1764787933504,0.026240969076752663,monitor_data.speed
1764787933506,0.023279983550310135,monitor_data.speed
1764787933508,0.02043890580534935,monitor_data.speed
1764787933510,0.0183371864259243,monitor_data.speed
1764787933512,0.016436584293842316,monitor_data.speed
1764787933514,0.015030588023364544,monitor_data.speed
1764787933516,0.013981092721223831,monitor_data.speed
1764787933518,0.012955402955412865,monitor_data.speed
1764787933520,0.012078803032636642,monitor_data.speed
1764787933522,0.01136899646371603,monitor_data.speed
1764787933524,5.536365985870361,monitor_data.speed
1764787933525,4.770476818084717,monitor_data.speed
1764787933527,3.9920601844787598,monitor_data.speed
1764787933530,3.169877529144287,monitor_data.speed
1764787933532,8.30566120147705,monitor_data.speed
1764787933533,6.9824628829956055,monitor_data.speed
1764787933535,5.8871355056762695,monitor_data.speed
1764787933537,10.26108455657959,monitor_data.speed
1764787933538,14.192899703979492,monitor_data.speed
1764787933540,17.530685424804688,monitor_data.speed
1764787933542,30.913333892822266,monitor_data.speed
1764787933544,47.299049377441406,monitor_data.speed
1764787933495,0,monitor_data.speed_ref
1764787933497,0,monitor_data.speed_ref
1764787933498,0,monitor_data.speed_ref
1764787933501,0,monitor_data.speed_ref
1764787933502,0,monitor_data.speed_ref
1764787933504,0,monitor_data.speed_ref
1764787933506,0,monitor_data.speed_ref
1764787933508,0,monitor_data.speed_ref
1764787933510,0,monitor_data.speed_ref
1764787933512,0,monitor_data.speed_ref
1764787933514,0,monitor_data.speed_ref
1764787933516,0,monitor_data.speed_ref
1764787933518,0,monitor_data.speed_ref
1764787933520,0,monitor_data.speed_ref
1764787933522,0,monitor_data.speed_ref
1764787933524,0,monitor_data.speed_ref
1764787933525,0,monitor_data.speed_ref
1764787933527,0,monitor_data.speed_ref
1764787933530,0,monitor_data.speed_ref
1764787933532,0,monitor_data.speed_ref
1764787933533,0,monitor_data.speed_ref
1764787933535,0,monitor_data.speed_ref
1764787933537,0,monitor_data.speed_ref
1764787933538,0,monitor_data.speed_ref
1764787933540,0,monitor_data.speed_ref
1764787933542,0,monitor_data.speed_ref
1764787933544,0,monitor_data.speed_ref
1764787933547,88.67153930664062,monitor_data.speed
1764787933549,116.08788299560547,monitor_data.speed
1764787933550,139.7020263671875,monitor_data.speed
1764787933552,160.743896484375,monitor_data.speed
1764787933554,181.98733520507812,monitor_data.speed
1764787933555,198.57833862304688,monitor_data.speed
1764787933557,223.76341247558594,monitor_data.speed
1764787933559,251.91885375976562,monitor_data.speed
1764787933560,282.94171142578125,monitor_data.speed
1764787933562,325.0572204589844,monitor_data.speed
1764787933564,372.884033203125,monitor_data.speed
1764787933566,410.2698974609375,monitor_data.speed
1764787933568,471.4003601074219,monitor_data.speed
1764787933570,534.6547241210938,monitor_data.speed
1764787933572,587.3936157226562,monitor_data.speed
1764787933574,646.0003051757812,monitor_data.speed
1764787933575,692.5364990234375,monitor_data.speed
1764787933577,743.782470703125,monitor_data.speed
1764787933579,815.12744140625,monitor_data.speed
1764787933581,869.9074096679688,monitor_data.speed
1764787933583,922.7798461914062,monitor_data.speed
1764787933585,969.1871337890625,monitor_data.speed
1764787933587,1030.755615234375,monitor_data.speed
1764787933589,1086.9215087890625,monitor_data.speed
1764787933591,1117.881591796875,monitor_data.speed
1764787933547,0,monitor_data.speed_ref
1764787933549,0,monitor_data.speed_ref
1764787933550,0,monitor_data.speed_ref
1764787933552,0,monitor_data.speed_ref
1764787933554,0,monitor_data.speed_ref
1764787933555,0,monitor_data.speed_ref
1764787933557,0,monitor_data.speed_ref
1764787933559,0,monitor_data.speed_ref
1764787933560,0,monitor_data.speed_ref
1764787933562,0,monitor_data.speed_ref
1764787933564,0,monitor_data.speed_ref
1764787933566,0,monitor_data.speed_ref
1764787933568,0,monitor_data.speed_ref
1764787933570,0,monitor_data.speed_ref
1764787933572,0,monitor_data.speed_ref
1764787933574,0,monitor_data.speed_ref
1764787933575,0,monitor_data.speed_ref
1764787933577,0,monitor_data.speed_ref
1764787933579,0,monitor_data.speed_ref
1764787933581,0,monitor_data.speed_ref
1764787933583,0,monitor_data.speed_ref
1764787933585,0,monitor_data.speed_ref
1764787933587,0,monitor_data.speed_ref
1764787933589,0,monitor_data.speed_ref
1764787933591,0,monitor_data.speed_ref
1764787933593,1153.09033203125,monitor_data.speed
1764787933595,1195.0806884765625,monitor_data.speed
1764787933597,1232.9349365234375,monitor_data.speed
1764787933599,1275.0595703125,monitor_data.speed
1764787933601,1307.326171875,monitor_data.speed
1764787933603,1316.971923828125,monitor_data.speed
1764787933605,1353.9097900390625,monitor_data.speed
1764787933606,1397.766357421875,monitor_data.speed
1764787933608,1405.6905517578125,monitor_data.speed
1764787933610,1409.8970947265625,monitor_data.speed
1764787933611,1430.3297119140625,monitor_data.speed
1764787933614,1454.44873046875,monitor_data.speed
1764787933616,1472.904541015625,monitor_data.speed
1764787933618,1484.3980712890625,monitor_data.speed
1764787933620,1512.3984375,monitor_data.speed
1764787933622,1515.8197021484375,monitor_data.speed
1764787933624,1546.9996337890625,monitor_data.speed
1764787933625,1550.0888671875,monitor_data.speed
1764787933627,1559.8306884765625,monitor_data.speed
1764787933630,1589.95166015625,monitor_data.speed
1764787933632,1595.4642333984375,monitor_data.speed
1764787933633,1599.1373291015625,monitor_data.speed
1764787933635,1611.9385986328125,monitor_data.speed
1764787933636,1617.856201171875,monitor_data.speed
1764787933638,1626.689697265625,monitor_data.speed
1764787933640,1633.4913330078125,monitor_data.speed
1764787933642,1641.9176025390625,monitor_data.speed
1764787933593,0,monitor_data.speed_ref
1764787933595,0,monitor_data.speed_ref
1764787933597,0,monitor_data.speed_ref
1764787933599,0,monitor_data.speed_ref
1764787933601,0,monitor_data.speed_ref
1764787933603,0,monitor_data.speed_ref
1764787933605,0,monitor_data.speed_ref
1764787933606,0,monitor_data.speed_ref
1764787933608,0,monitor_data.speed_ref
1764787933610,0,monitor_data.speed_ref
1764787933611,0,monitor_data.speed_ref
1764787933614,0,monitor_data.speed_ref
1764787933616,0,monitor_data.speed_ref
1764787933618,0,monitor_data.speed_ref
1764787933620,0,monitor_data.speed_ref
1764787933622,0,monitor_data.speed_ref
1764787933624,0,monitor_data.speed_ref
1764787933625,0,monitor_data.speed_ref
1764787933627,0,monitor_data.speed_ref
1764787933630,0,monitor_data.speed_ref
1764787933632,0,monitor_data.speed_ref
1764787933633,0,monitor_data.speed_ref
1764787933635,0,monitor_data.speed_ref
1764787933636,0,monitor_data.speed_ref
1764787933638,0,monitor_data.speed_ref
1764787933640,0,monitor_data.speed_ref
1764787933642,0,monitor_data.speed_ref
1764787933644,1642.23876953125,monitor_data.speed
1764787933646,1648.6282958984375,monitor_data.speed
1764787933648,1654.6923828125,monitor_data.speed
1764787933650,1655.6871337890625,monitor_data.speed
1764787933651,1648.044921875,monitor_data.speed
1764787933652,1661.9151611328125,monitor_data.speed
1764787933654,1670.89990234375,monitor_data.speed
1764787933655,1671.092041015625,monitor_data.speed
1764787933657,1678.2711181640625,monitor_data.speed
1764787933659,1703.0263671875,monitor_data.speed
1764787933661,1703.283447265625,monitor_data.speed
1764787933663,1687.7286376953125,monitor_data.speed
1764787933665,1699.1036376953125,monitor_data.speed
1764787933667,1745.3270263671875,monitor_data.speed
1764787933669,1732.8013916015625,monitor_data.speed
1764787933671,1731.73779296875,monitor_data.speed
1764787933673,1730.8448486328125,monitor_data.speed
1764787933675,1724.48046875,monitor_data.speed
1764787933677,1735.429443359375,monitor_data.speed
1764787933679,1739.6414794921875,monitor_data.speed
1764787933681,1722.0303955078125,monitor_data.speed
1764787933683,1723.1396484375,monitor_data.speed
1764787933685,1718.642578125,monitor_data.speed
1764787933686,1707.9967041015625,monitor_data.speed
1764787933688,1722.4271240234375,monitor_data.speed
1764787933690,1723.85791015625,monitor_data.speed
1764787933644,0,monitor_data.speed_ref
1764787933646,0,monitor_data.speed_ref
1764787933648,0,monitor_data.speed_ref
1764787933650,0,monitor_data.speed_ref
1764787933651,0,monitor_data.speed_ref
1764787933652,0,monitor_data.speed_ref
1764787933654,0,monitor_data.speed_ref
1764787933655,0,monitor_data.speed_ref
1764787933657,0,monitor_data.speed_ref
1764787933659,0,monitor_data.speed_ref
1764787933661,0,monitor_data.speed_ref
1764787933663,0,monitor_data.speed_ref
1764787933665,0,monitor_data.speed_ref
1764787933667,0,monitor_data.speed_ref
1764787933669,0,monitor_data.speed_ref
1764787933671,0,monitor_data.speed_ref
1764787933673,0,monitor_data.speed_ref
1764787933675,0,monitor_data.speed_ref
1764787933677,0,monitor_data.speed_ref
1764787933679,0,monitor_data.speed_ref
1764787933681,0,monitor_data.speed_ref
1764787933683,0,monitor_data.speed_ref
1764787933685,0,monitor_data.speed_ref
1764787933686,0,monitor_data.speed_ref
1764787933688,0,monitor_data.speed_ref
1764787933690,0,monitor_data.speed_ref
1764787933692,1724.883544921875,monitor_data.speed
1764787933694,1736.80029296875,monitor_data.speed
1764787933697,1732.16748046875,monitor_data.speed
1764787933699,1726.18310546875,monitor_data.speed
1764787933700,1725.619384765625,monitor_data.speed
1764787933702,1750.72802734375,monitor_data.speed
1764787933704,1740.68017578125,monitor_data.speed
1764787933706,1759.86572265625,monitor_data.speed
1764787933708,1760.9429931640625,monitor_data.speed
1764787933710,1755.506103515625,monitor_data.speed
1764787933712,1749.876708984375,monitor_data.speed
1764787933714,1755.8568115234375,monitor_data.speed
1764787933716,1745.6973876953125,monitor_data.speed
1764787933718,1736.75634765625,monitor_data.speed
1764787933720,1734.2554931640625,monitor_data.speed
1764787933721,1732.0272216796875,monitor_data.speed
1764787933723,1741.1075439453125,monitor_data.speed
1764787933725,1743.6949462890625,monitor_data.speed
1764787933726,1757.3397216796875,monitor_data.speed
1764787933728,1753.22216796875,monitor_data.speed
1764787933730,1748.443603515625,monitor_data.speed
1764787933732,1744.3919677734375,monitor_data.speed
1764787933733,1741.1949462890625,monitor_data.speed
1764787933735,1755.665771484375,monitor_data.speed
1764787933737,1767.2750244140625,monitor_data.speed
1764787933739,1755.7476806640625,monitor_data.speed
1764787933741,1756.3106689453125,monitor_data.speed
1764787933742,1750.7674560546875,monitor_data.speed
1764787933692,0,monitor_data.speed_ref
1764787933694,0,monitor_data.speed_ref
1764787933697,0,monitor_data.speed_ref
1764787933699,0,monitor_data.speed_ref
1764787933700,0,monitor_data.speed_ref
1764787933702,0,monitor_data.speed_ref
1764787933704,0,monitor_data.speed_ref
1764787933706,0,monitor_data.speed_ref
1764787933708,0,monitor_data.speed_ref
1764787933710,0,monitor_data.speed_ref
1764787933712,0,monitor_data.speed_ref
1764787933714,0,monitor_data.speed_ref
1764787933716,0,monitor_data.speed_ref
1764787933718,0,monitor_data.speed_ref
1764787933720,0,monitor_data.speed_ref
1764787933721,0,monitor_data.speed_ref
1764787933723,0,monitor_data.speed_ref
1764787933725,0,monitor_data.speed_ref
1764787933726,0,monitor_data.speed_ref
1764787933728,0,monitor_data.speed_ref
1764787933730,0,monitor_data.speed_ref
1764787933732,0,monitor_data.speed_ref
1764787933733,0,monitor_data.speed_ref
1764787933735,0,monitor_data.speed_ref
1764787933737,0,monitor_data.speed_ref
1764787933739,0,monitor_data.speed_ref
1764787933741,0,monitor_data.speed_ref
1764787933742,0,monitor_data.speed_ref
1764787933745,1762.5894775390625,monitor_data.speed
1764787933746,1762.2523193359375,monitor_data.speed
1764787933748,1762.207763671875,monitor_data.speed
1764787933750,1745.4725341796875,monitor_data.speed
1764787933752,1742.1051025390625,monitor_data.speed
1764787933754,1740.776611328125,monitor_data.speed
1764787933756,1744.607177734375,monitor_data.speed
1764787933758,1747.33740234375,monitor_data.speed
1764787933759,1749.6705322265625,monitor_data.speed
1764787933761,1751.195556640625,monitor_data.speed
1764787933763,1757.8099365234375,monitor_data.speed
1764787933765,1758.1898193359375,monitor_data.speed
1764787933766,1753.2537841796875,monitor_data.speed
1764787933769,1732.650390625,monitor_data.speed
1764787933771,1778.1051025390625,monitor_data.speed
1764787933772,1774.120361328125,monitor_data.speed
1764787933774,1770.4404296875,monitor_data.speed
1764787933776,1767.05078125,monitor_data.speed
1764787933778,1773.96435546875,monitor_data.speed
1764787933780,1781.6932373046875,monitor_data.speed
1764787933782,1778.2476806640625,monitor_data.speed
1764787933784,1770.345458984375,monitor_data.speed
1764787933786,1758.1444091796875,monitor_data.speed
1764787933788,1747.337646484375,monitor_data.speed
1764787933790,1743.0587158203125,monitor_data.speed
1764787933792,1750.834716796875,monitor_data.speed
1764787933794,1763.39892578125,monitor_data.speed
1764787933745,0,monitor_data.speed_ref
1764787933746,0,monitor_data.speed_ref
1764787933748,0,monitor_data.speed_ref
1764787933750,0,monitor_data.speed_ref
1764787933752,0,monitor_data.speed_ref
1764787933754,0,monitor_data.speed_ref
1764787933756,0,monitor_data.speed_ref
1764787933758,0,monitor_data.speed_ref
1764787933759,0,monitor_data.speed_ref
1764787933761,0,monitor_data.speed_ref
1764787933763,0,monitor_data.speed_ref
1764787933765,0,monitor_data.speed_ref
1764787933766,0,monitor_data.speed_ref
1764787933769,0,monitor_data.speed_ref
1764787933771,0,monitor_data.speed_ref
1764787933772,0,monitor_data.speed_ref
1764787933774,0,monitor_data.speed_ref
1764787933776,0,monitor_data.speed_ref
1764787933778,0,monitor_data.speed_ref
1764787933780,0,monitor_data.speed_ref
1764787933782,0,monitor_data.speed_ref
1764787933784,0,monitor_data.speed_ref
1764787933786,0,monitor_data.speed_ref
1764787933788,0,monitor_data.speed_ref
1764787933790,0,monitor_data.speed_ref
1764787933792,0,monitor_data.speed_ref
1764787933794,0,monitor_data.speed_ref
1764787933796,1757.3062744140625,monitor_data.speed
1764787933798,1762.864013671875,monitor_data.speed
1764787933800,1756.7598876953125,monitor_data.speed
1764787933802,1752.482421875,monitor_data.speed
1764787933804,1759.46435546875,monitor_data.speed
1764787933806,1769.6356201171875,monitor_data.speed
1764787933807,1757.1341552734375,monitor_data.speed
1764787933809,1762.1204833984375,monitor_data.speed
1764787933811,1766.4659423828125,monitor_data.speed
1764787933813,1770.8443603515625,monitor_data.speed
1764787933814,1775.045166015625,monitor_data.speed
1764787933817,1783.248046875,monitor_data.speed
1764787933818,1768.1429443359375,monitor_data.speed
1764787933820,1755.0579833984375,monitor_data.speed
1764787933822,1749.4871826171875,monitor_data.speed
1764787933824,1744.353759765625,monitor_data.speed
1764787933826,1745.39208984375,monitor_data.speed
1764787933827,1763.7301025390625,monitor_data.speed
1764787933829,1763.8330078125,monitor_data.speed
1764787933831,1763.207763671875,monitor_data.speed
1764787933833,1756.473388671875,monitor_data.speed
1764787933835,1744.9776611328125,monitor_data.speed
1764787933837,1740.6187744140625,monitor_data.speed
1764787933839,1764.5557861328125,monitor_data.speed
1764787933840,1773.0302734375,monitor_data.speed
1764787933842,1770.5595703125,monitor_data.speed
1764787933844,1774.4022216796875,monitor_data.speed
1764787933846,1771.985107421875,monitor_data.speed
1764787933796,0,monitor_data.speed_ref
1764787933798,0,monitor_data.speed_ref
1764787933800,0,monitor_data.speed_ref
1764787933802,0,monitor_data.speed_ref
1764787933804,0,monitor_data.speed_ref
1764787933806,0,monitor_data.speed_ref
1764787933807,0,monitor_data.speed_ref
1764787933809,0,monitor_data.speed_ref
1764787933811,0,monitor_data.speed_ref
1764787933813,0,monitor_data.speed_ref
1764787933814,0,monitor_data.speed_ref
1764787933817,0,monitor_data.speed_ref
1764787933818,0,monitor_data.speed_ref
1764787933820,0,monitor_data.speed_ref
1764787933822,0,monitor_data.speed_ref
1764787933824,0,monitor_data.speed_ref
1764787933826,0,monitor_data.speed_ref
1764787933827,0,monitor_data.speed_ref
1764787933829,0,monitor_data.speed_ref
1764787933831,0,monitor_data.speed_ref
1764787933833,0,monitor_data.speed_ref
1764787933835,0,monitor_data.speed_ref
1764787933837,0,monitor_data.speed_ref
1764787933839,0,monitor_data.speed_ref
1764787933840,0,monitor_data.speed_ref
1764787933842,0,monitor_data.speed_ref
1764787933844,0,monitor_data.speed_ref
1764787933846,0,monitor_data.speed_ref
1764787933847,1775.6673583984375,monitor_data.speed
1764787933849,1779.3626708984375,monitor_data.speed
1764787933851,1771.1007080078125,monitor_data.speed
1764787933853,1758.329833984375,monitor_data.speed
1764787933855,1741.5389404296875,monitor_data.speed
1764787933857,1737.8497314453125,monitor_data.speed
1764787933858,1739.79248046875,monitor_data.speed
1764787933860,1747.51806640625,monitor_data.speed
1764787933862,1743.5775146484375,monitor_data.speed
1764787933863,1750.552001953125,monitor_data.speed
1764787933865,1763.003662109375,monitor_data.speed
1764787933866,1763.059326171875,monitor_data.speed
1764787933868,1763.2236328125,monitor_data.speed
1764787933870,1752.6973876953125,monitor_data.speed
1764787933872,1778.5855712890625,monitor_data.speed
1764787933874,1786.4249267578125,monitor_data.speed
1764787933876,1771.69677734375,monitor_data.speed
1764787933878,1780.2930908203125,monitor_data.speed
1764787933880,1777.15966796875,monitor_data.speed
1764787933882,1774.151611328125,monitor_data.speed
1764787933883,1777.5196533203125,monitor_data.speed
1764787933885,1785.947998046875,monitor_data.speed
1764787933887,1765.443115234375,monitor_data.speed
1764787933889,1764.2598876953125,monitor_data.speed
1764787933890,1758.8167724609375,monitor_data.speed
1764787933892,1754.1468505859375,monitor_data.speed
1764787933894,1749.8912353515625,monitor_data.speed
1764787933847,0,monitor_data.speed_ref
1764787933849,0,monitor_data.speed_ref
1764787933851,0,monitor_data.speed_ref
1764787933853,0,monitor_data.speed_ref
1764787933855,0,monitor_data.speed_ref
1764787933857,0,monitor_data.speed_ref
1764787933858,0,monitor_data.speed_ref
1764787933860,0,monitor_data.speed_ref
1764787933862,0,monitor_data.speed_ref
1764787933863,0,monitor_data.speed_ref
1764787933865,0,monitor_data.speed_ref
1764787933866,0,monitor_data.speed_ref
1764787933868,0,monitor_data.speed_ref
1764787933870,0,monitor_data.speed_ref
1764787933872,0,monitor_data.speed_ref
1764787933874,0,monitor_data.speed_ref
1764787933876,0,monitor_data.speed_ref
1764787933878,0,monitor_data.speed_ref
1764787933880,0,monitor_data.speed_ref
1764787933882,0,monitor_data.speed_ref
1764787933883,0,monitor_data.speed_ref
1764787933885,0,monitor_data.speed_ref
1764787933887,0,monitor_data.speed_ref
1764787933889,0,monitor_data.speed_ref
1764787933890,0,monitor_data.speed_ref
1764787933892,0,monitor_data.speed_ref
1764787933894,0,monitor_data.speed_ref
1764787933896,1756.9510498046875,monitor_data.speed
1764787933898,1763.3294677734375,monitor_data.speed
1764787933900,1763.3311767578125,monitor_data.speed
1764787933902,1751.5635986328125,monitor_data.speed
1764787933904,1740.8975830078125,monitor_data.speed
1764787933906,1731.4207763671875,monitor_data.speed
1764787933907,1766.3304443359375,monitor_data.speed
1764787933909,1770.3885498046875,monitor_data.speed
1764787933910,1768.24658203125,monitor_data.speed
1764787933912,1760.5640869140625,monitor_data.speed
1764787933914,1764.6802978515625,monitor_data.speed
1764787933916,1780.099609375,monitor_data.speed
1764787933918,1771.9342041015625,monitor_data.speed
1764787933920,1769.370361328125,monitor_data.speed
1764787933922,1755.61083984375,monitor_data.speed
1764787933923,1749.5445556640625,monitor_data.speed
1764787933925,1744.9827880859375,monitor_data.speed
1764787933927,1752.67041015625,monitor_data.speed
1764787933929,1748.821044921875,monitor_data.speed
1764787933931,1750.0263671875,monitor_data.speed
1764787933933,1756.7728271484375,monitor_data.speed
1764787933934,1756.8758544921875,monitor_data.speed
1764787933936,1750.8714599609375,monitor_data.speed
1764787933938,1745.8155517578125,monitor_data.speed
1764787933940,1747.8809814453125,monitor_data.speed
1764787933942,1776.34033203125,monitor_data.speed
1764787933944,1767.579345703125,monitor_data.speed
1764787933946,1777.0225830078125,monitor_data.speed
1764787933896,0,monitor_data.speed_ref
1764787933898,0,monitor_data.speed_ref
1764787933900,0,monitor_data.speed_ref
1764787933902,0,monitor_data.speed_ref
1764787933904,0,monitor_data.speed_ref
1764787933906,0,monitor_data.speed_ref
1764787933907,0,monitor_data.speed_ref
1764787933909,0,monitor_data.speed_ref
1764787933910,0,monitor_data.speed_ref
1764787933912,0,monitor_data.speed_ref
1764787933914,0,monitor_data.speed_ref
1764787933916,0,monitor_data.speed_ref
1764787933918,0,monitor_data.speed_ref
1764787933920,0,monitor_data.speed_ref
1764787933922,0,monitor_data.speed_ref
1764787933923,0,monitor_data.speed_ref
1764787933925,0,monitor_data.speed_ref
1764787933927,0,monitor_data.speed_ref
1764787933929,0,monitor_data.speed_ref
1764787933931,0,monitor_data.speed_ref
1764787933933,0,monitor_data.speed_ref
1764787933934,0,monitor_data.speed_ref
1764787933936,0,monitor_data.speed_ref
1764787933938,0,monitor_data.speed_ref
1764787933940,0,monitor_data.speed_ref
1764787933942,0,monitor_data.speed_ref
1764787933944,0,monitor_data.speed_ref
1764787933946,0,monitor_data.speed_ref
1764787933948,1775.0908203125,monitor_data.speed
1764787933949,1761.518798828125,monitor_data.speed
1764787933951,1770.395263671875,monitor_data.speed
1764787933953,1774.272705078125,monitor_data.speed
1764787933955,1772.56591796875,monitor_data.speed
1764787933957,1760.0252685546875,monitor_data.speed
1764787933958,1749.44580078125,monitor_data.speed
1764787933961,1752.096923828125,monitor_data.speed
1764787933963,1748.5067138671875,monitor_data.speed
1764787933964,1755.7906494140625,monitor_data.speed
1764787933966,1756.6890869140625,monitor_data.speed
1764787933967,1751.2056884765625,monitor_data.speed
1764787933969,1751.255859375,monitor_data.speed
1764787933971,1751.3077392578125,monitor_data.speed
1764787933973,1758.214111328125,monitor_data.speed
1764787933974,1736.805908203125,monitor_data.speed
1764787933976,1770.8038330078125,monitor_data.speed
1764787933979,1773.9984130859375,monitor_data.speed
1764787933980,1771.9588623046875,monitor_data.speed
1764787933982,1770.2576904296875,monitor_data.speed
1764787933984,1768.45263671875,monitor_data.speed
1764787933986,1766.3408203125,monitor_data.speed
1764787933988,1764.5966796875,monitor_data.speed
1764787933990,1757.6744384765625,monitor_data.speed
1764787933992,1752.881591796875,monitor_data.speed
1764787933993,1749.1297607421875,monitor_data.speed
1764787933995,1740.467529296875,monitor_data.speed
1764787933997,1743.2747802734375,monitor_data.speed
1764787933948,0,monitor_data.speed_ref
1764787933949,0,monitor_data.speed_ref
1764787933951,0,monitor_data.speed_ref
1764787933953,0,monitor_data.speed_ref
1764787933955,0,monitor_data.speed_ref
1764787933957,0,monitor_data.speed_ref
1764787933958,0,monitor_data.speed_ref
1764787933961,0,monitor_data.speed_ref
1764787933963,0,monitor_data.speed_ref
1764787933964,0,monitor_data.speed_ref
1764787933966,0,monitor_data.speed_ref
1764787933967,0,monitor_data.speed_ref
1764787933969,0,monitor_data.speed_ref
1764787933971,0,monitor_data.speed_ref
1764787933973,0,monitor_data.speed_ref
1764787933974,0,monitor_data.speed_ref
1764787933976,0,monitor_data.speed_ref
1764787933979,0,monitor_data.speed_ref
1764787933980,0,monitor_data.speed_ref
1764787933982,0,monitor_data.speed_ref
1764787933984,0,monitor_data.speed_ref
1764787933986,0,monitor_data.speed_ref
1764787933988,0,monitor_data.speed_ref
1764787933990,0,monitor_data.speed_ref
1764787933992,0,monitor_data.speed_ref
1764787933993,0,monitor_data.speed_ref
1764787933995,0,monitor_data.speed_ref
1764787933997,0,monitor_data.speed_ref
1764787933999,1745.400634765625,monitor_data.speed
1764787934001,1746.9637451171875,monitor_data.speed
1764787934002,1759.4583740234375,monitor_data.speed
1764787934004,1754.060791015625,monitor_data.speed
1764787934006,1754.753662109375,monitor_data.speed
1764787934008,1744.662841796875,monitor_data.speed
1764787934009,1741.3699951171875,monitor_data.speed
1764787934011,1780.364990234375,monitor_data.speed
1764787934013,1760.647216796875,monitor_data.speed
1764787934015,1758.8214111328125,monitor_data.speed
1764787934016,1763.113525390625,monitor_data.speed
1764787934018,1767.14501953125,monitor_data.speed
1764787934019,1771.06103515625,monitor_data.speed
1764787934021,1774.7257080078125,monitor_data.speed
1764787934023,1766.5732421875,monitor_data.speed
1764787934025,1753.8282470703125,monitor_data.speed
1764787934027,1749.178466796875,monitor_data.speed
1764787934029,1745.2978515625,monitor_data.speed
1764787934031,1747.205322265625,monitor_data.speed
1764787934032,1748.7720947265625,monitor_data.speed
1764787934034,1755.69482421875,monitor_data.speed
1764787934036,1750.4962158203125,monitor_data.speed
1764787934037,1756.56591796875,monitor_data.speed
1764787934039,1750.801513671875,monitor_data.speed
1764787934041,1751.1546630859375,monitor_data.speed
1764787934042,1746.5650634765625,monitor_data.speed
1764787934044,1766.1964111328125,monitor_data.speed
1764787934046,1768.4940185546875,monitor_data.speed
1764787934048,1771.547607421875,monitor_data.speed
1764787933999,0,monitor_data.speed_ref
1764787934001,0,monitor_data.speed_ref
1764787934002,0,monitor_data.speed_ref
1764787934004,0,monitor_data.speed_ref
1764787934006,0,monitor_data.speed_ref
1764787934008,0,monitor_data.speed_ref
1764787934009,0,monitor_data.speed_ref
1764787934011,0,monitor_data.speed_ref
1764787934013,0,monitor_data.speed_ref
1764787934015,0,monitor_data.speed_ref
1764787934016,0,monitor_data.speed_ref
1764787934018,0,monitor_data.speed_ref
1764787934019,0,monitor_data.speed_ref
1764787934021,0,monitor_data.speed_ref
1764787934023,0,monitor_data.speed_ref
1764787934025,0,monitor_data.speed_ref
1764787934027,0,monitor_data.speed_ref
1764787934029,0,monitor_data.speed_ref
1764787934031,0,monitor_data.speed_ref
1764787934032,0,monitor_data.speed_ref
1764787934034,0,monitor_data.speed_ref
1764787934036,0,monitor_data.speed_ref
1764787934037,0,monitor_data.speed_ref
1764787934039,0,monitor_data.speed_ref
1764787934041,0,monitor_data.speed_ref
1764787934042,0,monitor_data.speed_ref
1764787934044,0,monitor_data.speed_ref
1764787934046,0,monitor_data.speed_ref
1764787934048,0,monitor_data.speed_ref
1764787934049,1768.8406982421875,monitor_data.speed
1764787934051,1766.5552978515625,monitor_data.speed
1764787934053,1764.2900390625,monitor_data.speed
1764787934055,1768.1441650390625,monitor_data.speed
1764787934056,1772.5352783203125,monitor_data.speed
1764787934058,1765.5322265625,monitor_data.speed
1764787934059,1759.575927734375,monitor_data.speed
1764787934061,1749.4412841796875,monitor_data.speed
1764787934063,1740.48291015625,monitor_data.speed
1764787934065,1737.7806396484375,monitor_data.speed
1764787934067,1740.275390625,monitor_data.speed
1764787934069,1742.157958984375,monitor_data.speed
1764787934070,1749.6822509765625,monitor_data.speed
1764787934072,1756.7672119140625,monitor_data.speed
1764787934074,1751.903564453125,monitor_data.speed
1764787934076,1736.703369140625,monitor_data.speed
1764787934079,1773.71630859375,monitor_data.speed
1764787934081,1771.4925537109375,monitor_data.speed
1764787934083,1769.4842529296875,monitor_data.speed
1764787934085,1767.9168701171875,monitor_data.speed
1764787934086,1766.013427734375,monitor_data.speed
1764787934088,1769.864013671875,monitor_data.speed
1764787934090,1767.4691162109375,monitor_data.speed
1764787934091,1770.7799072265625,monitor_data.speed
1764787934093,1762.30615234375,monitor_data.speed
1764787934096,1755.5401611328125,monitor_data.speed
1764787934097,1750.0316162109375,monitor_data.speed
1764787934099,1750.530517578125,monitor_data.speed
1764787934101,1757.099365234375,monitor_data.speed
1764787934049,0,monitor_data.speed_ref
1764787934051,0,monitor_data.speed_ref
1764787934053,0,monitor_data.speed_ref
1764787934055,0,monitor_data.speed_ref
1764787934056,0,monitor_data.speed_ref
1764787934058,0,monitor_data.speed_ref
1764787934059,0,monitor_data.speed_ref
1764787934061,0,monitor_data.speed_ref
1764787934063,0,monitor_data.speed_ref
1764787934065,0,monitor_data.speed_ref
1764787934067,0,monitor_data.speed_ref
1764787934069,0,monitor_data.speed_ref
1764787934070,0,monitor_data.speed_ref
1764787934072,0,monitor_data.speed_ref
1764787934074,0,monitor_data.speed_ref
1764787934076,0,monitor_data.speed_ref
1764787934079,0,monitor_data.speed_ref
1764787934081,0,monitor_data.speed_ref
1764787934083,0,monitor_data.speed_ref
1764787934085,0,monitor_data.speed_ref
1764787934086,0,monitor_data.speed_ref
1764787934088,0,monitor_data.speed_ref
1764787934090,0,monitor_data.speed_ref
1764787934091,0,monitor_data.speed_ref
1764787934093,0,monitor_data.speed_ref
1764787934096,0,monitor_data.speed_ref
1764787934097,0,monitor_data.speed_ref
1764787934099,0,monitor_data.speed_ref
1764787934101,0,monitor_data.speed_ref
1764787934102,1763.0562744140625,monitor_data.speed
1764787934104,1756.710693359375,monitor_data.speed
1764787934106,1772.989013671875,monitor_data.speed
1764787934108,1765.81787109375,monitor_data.speed
1764787934111,1747.939453125,monitor_data.speed
1764787934112,1772.416259765625,monitor_data.speed
1764787934114,1796.373291015625,monitor_data.speed
1764787934116,1784.1741943359375,monitor_data.speed
1764787934118,1784.793212890625,monitor_data.speed
1764787934120,1780.111083984375,monitor_data.speed
1764787934122,1775.2867431640625,monitor_data.speed
1764787934123,1771.162841796875,monitor_data.speed
1764787934125,1779.118896484375,monitor_data.speed
1764787934127,1770.9486083984375,monitor_data.speed
1764787934129,1758.5166015625,monitor_data.speed
1764787934131,1748.0360107421875,monitor_data.speed
1764787934133,1738.3004150390625,monitor_data.speed
1764787934134,1745.912353515625,monitor_data.speed
1764787934136,1747.3961181640625,monitor_data.speed
1764787934138,1748.463623046875,monitor_data.speed
1764787934140,1754.783203125,monitor_data.speed
1764787934141,1754.9276123046875,monitor_data.speed
1764787934143,1749.634033203125,monitor_data.speed
1764787934145,1739.96875,monitor_data.speed
1764787934147,1771.895751953125,monitor_data.speed
1764787934149,1785.655517578125,monitor_data.speed
1764787934150,1776.1522216796875,monitor_data.speed
1764787934152,1779.608642578125,monitor_data.speed
1764787934102,0,monitor_data.speed_ref
1764787934104,0,monitor_data.speed_ref
1764787934106,0,monitor_data.speed_ref
1764787934108,0,monitor_data.speed_ref
1764787934111,0,monitor_data.speed_ref
1764787934112,0,monitor_data.speed_ref
1764787934114,0,monitor_data.speed_ref
1764787934116,0,monitor_data.speed_ref
1764787934118,0,monitor_data.speed_ref
1764787934120,0,monitor_data.speed_ref
1764787934122,0,monitor_data.speed_ref
1764787934123,0,monitor_data.speed_ref
1764787934125,0,monitor_data.speed_ref
1764787934127,0,monitor_data.speed_ref
1764787934129,0,monitor_data.speed_ref
1764787934131,0,monitor_data.speed_ref
1764787934133,0,monitor_data.speed_ref
1764787934134,0,monitor_data.speed_ref
1764787934136,0,monitor_data.speed_ref
1764787934138,0,monitor_data.speed_ref
1764787934140,0,monitor_data.speed_ref
1764787934141,0,monitor_data.speed_ref
1764787934143,0,monitor_data.speed_ref
1764787934145,0,monitor_data.speed_ref
1764787934147,0,monitor_data.speed_ref
1764787934149,0,monitor_data.speed_ref
1764787934150,0,monitor_data.speed_ref
1764787934152,0,monitor_data.speed_ref
1764787934154,1777.1748046875,monitor_data.speed
1764787934155,1763.6248779296875,monitor_data.speed
1764787934157,1773.32666015625,monitor_data.speed
1764787934159,1759.9119873046875,monitor_data.speed
1764787934160,1758.8519287109375,monitor_data.speed
1764787934162,1747.3116455078125,monitor_data.speed
1764787934164,1737.53271484375,monitor_data.speed
1764787934165,1733.9197998046875,monitor_data.speed
1764787934167,1737.136474609375,monitor_data.speed
1764787934169,1734.6025390625,monitor_data.speed
1764787934171,1754.9869384765625,monitor_data.speed
1764787934173,1744.782470703125,monitor_data.speed
1764787934174,1763.659912109375,monitor_data.speed
1764787934177,1746.7288818359375,monitor_data.speed
1764787934179,1748.2427978515625,monitor_data.speed
1764787934181,1756.6142578125,monitor_data.speed
1764787934183,1783.193603515625,monitor_data.speed
1764787934184,1763.109130859375,monitor_data.speed
1764787934187,1771.080078125,monitor_data.speed
1764787934188,1774.0220947265625,monitor_data.speed
1764787934190,1776.6663818359375,monitor_data.speed
1764787934192,1778.788330078125,monitor_data.speed
1764787934194,1780.1181640625,monitor_data.speed
1764787934196,1776.8443603515625,monitor_data.speed
1764787934198,1757.9893798828125,monitor_data.speed
1764787934199,1769.219970703125,monitor_data.speed
1764787934154,0,monitor_data.speed_ref
1764787934155,0,monitor_data.speed_ref
1764787934157,0,monitor_data.speed_ref
1764787934159,0,monitor_data.speed_ref
1764787934160,0,monitor_data.speed_ref
1764787934162,0,monitor_data.speed_ref
1764787934164,0,monitor_data.speed_ref
1764787934165,0,monitor_data.speed_ref
1764787934167,0,monitor_data.speed_ref
1764787934169,0,monitor_data.speed_ref
1764787934171,0,monitor_data.speed_ref
1764787934173,0,monitor_data.speed_ref
1764787934174,0,monitor_data.speed_ref
1764787934177,0,monitor_data.speed_ref
1764787934179,0,monitor_data.speed_ref
1764787934181,0,monitor_data.speed_ref
1764787934183,0,monitor_data.speed_ref
1764787934184,0,monitor_data.speed_ref
1764787934187,0,monitor_data.speed_ref
1764787934188,0,monitor_data.speed_ref
1764787934190,0,monitor_data.speed_ref
1764787934192,0,monitor_data.speed_ref
1764787934194,0,monitor_data.speed_ref
1764787934196,0,monitor_data.speed_ref
1764787934198,0,monitor_data.speed_ref
1764787934199,0,monitor_data.speed_ref
1764787934202,1757.269287109375,monitor_data.speed
1764787934204,1757.0233154296875,monitor_data.speed
1764787934205,1773.5552978515625,monitor_data.speed
1764787934207,1777.67919921875,monitor_data.speed
1764787934209,1781.1109619140625,monitor_data.speed
1764787934211,1766.202880859375,monitor_data.speed
1764787934213,1752.80859375,monitor_data.speed
1764787934215,1764.4122314453125,monitor_data.speed
1764787934216,1796.47412109375,monitor_data.speed
1764787934218,1791.392822265625,monitor_data.speed
1764787934220,1780.031982421875,monitor_data.speed
1764787934222,1781.0223388671875,monitor_data.speed
1764787934224,1783.1212158203125,monitor_data.speed
1764787934226,1788.976318359375,monitor_data.speed
1764787934228,1795.476806640625,monitor_data.speed
1764787934230,1768.1512451171875,monitor_data.speed
1764787934231,1765.7099609375,monitor_data.speed
1764787934233,1758.9451904296875,monitor_data.speed
1764787934235,1753.0078125,monitor_data.speed
1764787934237,1759.455322265625,monitor_data.speed
1764787934239,1759.3985595703125,monitor_data.speed
1764787934241,1758.572509765625,monitor_data.speed
1764787934243,1763.33447265625,monitor_data.speed
1764787934246,1767.3265380859375,monitor_data.speed
1764787934248,1755.5643310546875,monitor_data.speed
1764787934249,1762.9224853515625,monitor_data.speed
1764787934251,1788.4024658203125,monitor_data.speed
1764787934202,0,monitor_data.speed_ref
1764787934204,0,monitor_data.speed_ref
1764787934205,0,monitor_data.speed_ref
1764787934207,0,monitor_data.speed_ref
1764787934209,0,monitor_data.speed_ref
1764787934211,0,monitor_data.speed_ref
1764787934213,0,monitor_data.speed_ref
1764787934215,0,monitor_data.speed_ref
1764787934216,0,monitor_data.speed_ref
1764787934218,0,monitor_data.speed_ref
1764787934220,0,monitor_data.speed_ref
1764787934222,0,monitor_data.speed_ref
1764787934224,0,monitor_data.speed_ref
1764787934226,0,monitor_data.speed_ref
1764787934228,0,monitor_data.speed_ref
1764787934230,0,monitor_data.speed_ref
1764787934231,0,monitor_data.speed_ref
1764787934233,0,monitor_data.speed_ref
1764787934235,0,monitor_data.speed_ref
1764787934237,0,monitor_data.speed_ref
1764787934239,0,monitor_data.speed_ref
1764787934241,0,monitor_data.speed_ref
1764787934243,0,monitor_data.speed_ref
1764787934246,0,monitor_data.speed_ref
1764787934248,0,monitor_data.speed_ref
1764787934249,0,monitor_data.speed_ref
1764787934251,0,monitor_data.speed_ref
1764787934253,1778.0723876953125,monitor_data.speed
1764787934255,1774.26708984375,monitor_data.speed
1764787934257,1776.821044921875,monitor_data.speed
1764787934258,1779.4013671875,monitor_data.speed
1764787934260,1769.525390625,monitor_data.speed
1764787934262,1766.48974609375,monitor_data.speed
1764787934264,1758.462646484375,monitor_data.speed
1764787934265,1757.7823486328125,monitor_data.speed
1764787934267,1746.936279296875,monitor_data.speed
1764787934269,1742.572021484375,monitor_data.speed
1764787934270,1750.2569580078125,monitor_data.speed
1764787934272,1746.1412353515625,monitor_data.speed
1764787934274,1764.8292236328125,monitor_data.speed
1764787934276,1759.13037109375,monitor_data.speed
1764787934279,1752.906005859375,monitor_data.speed
1764787934281,1747.22509765625,monitor_data.speed
1764787934282,1748.615966796875,monitor_data.speed
1764787934284,1788.4071044921875,monitor_data.speed
1764787934286,1788.505126953125,monitor_data.speed
1764787934289,1777.07958984375,monitor_data.speed
1764787934290,1772.9642333984375,monitor_data.speed
1764787934292,1786.1536865234375,monitor_data.speed
1764787934295,1775.7154541015625,monitor_data.speed
1764787934296,1772.3681640625,monitor_data.speed
1764787934298,1764.324462890625,monitor_data.speed
1764787934300,1751.934814453125,monitor_data.speed
1764787934253,0,monitor_data.speed_ref
1764787934255,0,monitor_data.speed_ref
1764787934257,0,monitor_data.speed_ref
1764787934258,0,monitor_data.speed_ref
1764787934260,0,monitor_data.speed_ref
1764787934262,0,monitor_data.speed_ref
1764787934264,0,monitor_data.speed_ref
1764787934265,0,monitor_data.speed_ref
1764787934267,0,monitor_data.speed_ref
1764787934269,0,monitor_data.speed_ref
1764787934270,0,monitor_data.speed_ref
1764787934272,0,monitor_data.speed_ref
1764787934274,0,monitor_data.speed_ref
1764787934276,0,monitor_data.speed_ref
1764787934279,0,monitor_data.speed_ref
1764787934281,0,monitor_data.speed_ref
1764787934282,0,monitor_data.speed_ref
1764787934284,0,monitor_data.speed_ref
1764787934286,0,monitor_data.speed_ref
1764787934289,0,monitor_data.speed_ref
1764787934290,0,monitor_data.speed_ref
1764787934292,0,monitor_data.speed_ref
1764787934295,0,monitor_data.speed_ref
1764787934296,0,monitor_data.speed_ref
1764787934298,0,monitor_data.speed_ref
1764787934300,0,monitor_data.speed_ref
1764787934302,1746.961181640625,monitor_data.speed
1764787934304,1742.6939697265625,monitor_data.speed
1764787934305,1744.231689453125,monitor_data.speed
1764787934307,1745.65380859375,monitor_data.speed
1764787934309,1758.442138671875,monitor_data.speed
1764787934311,1758.3614501953125,monitor_data.speed
1764787934313,1763.818115234375,monitor_data.speed
1764787934315,1752.2574462890625,monitor_data.speed
1764787934317,1742.1099853515625,monitor_data.speed
1764787934319,1776.4185791015625,monitor_data.speed
1764787934321,1779.730224609375,monitor_data.speed
1764787934323,1764.9730224609375,monitor_data.speed
1764787934325,1762.7005615234375,monitor_data.speed
1764787934327,1777.77392578125,monitor_data.speed
1764787934329,1774.9356689453125,monitor_data.speed
1764787934331,1766.469970703125,monitor_data.speed
1764787934332,1765.257080078125,monitor_data.speed
1764787934334,1753.4564208984375,monitor_data.speed
1764787934336,1748.832763671875,monitor_data.speed
1764787934338,1745.3677978515625,monitor_data.speed
1764787934340,1741.45654296875,monitor_data.speed
1764787934342,1743.3316650390625,monitor_data.speed
1764787934343,1761.8272705078125,monitor_data.speed
1764787934345,1762.1168212890625,monitor_data.speed
1764787934347,1761.7227783203125,monitor_data.speed
1764787934349,1756.1773681640625,monitor_data.speed
1764787934302,0,monitor_data.speed_ref
1764787934304,0,monitor_data.speed_ref
1764787934305,0,monitor_data.speed_ref
1764787934307,0,monitor_data.speed_ref
1764787934309,0,monitor_data.speed_ref
1764787934311,0,monitor_data.speed_ref
1764787934313,0,monitor_data.speed_ref
1764787934315,0,monitor_data.speed_ref
1764787934317,0,monitor_data.speed_ref
1764787934319,0,monitor_data.speed_ref
1764787934321,0,monitor_data.speed_ref
1764787934323,0,monitor_data.speed_ref
1764787934325,0,monitor_data.speed_ref
1764787934327,0,monitor_data.speed_ref
1764787934329,0,monitor_data.speed_ref
1764787934331,0,monitor_data.speed_ref
1764787934332,0,monitor_data.speed_ref
1764787934334,0,monitor_data.speed_ref
1764787934336,0,monitor_data.speed_ref
1764787934338,0,monitor_data.speed_ref
1764787934340,0,monitor_data.speed_ref
1764787934342,0,monitor_data.speed_ref
1764787934343,0,monitor_data.speed_ref
1764787934345,0,monitor_data.speed_ref
1764787934347,0,monitor_data.speed_ref
1764787934349,0,monitor_data.speed_ref
1764787934351,1734.657958984375,monitor_data.speed
1764787934353,1776.2589111328125,monitor_data.speed
1764787934355,1767.1365966796875,monitor_data.speed
1764787934357,1764.850341796875,monitor_data.speed
1764787934358,1768.7845458984375,monitor_data.speed
1764787934360,1766.7349853515625,monitor_data.speed
1764787934362,1764.021728515625,monitor_data.speed
1764787934364,1767.6951904296875,monitor_data.speed
1764787934365,1772.014404296875,monitor_data.speed
1764787934366,1764.8779296875,monitor_data.speed
1764787934368,1764.51220703125,monitor_data.speed
1764787934369,1753.7274169921875,monitor_data.speed
1764787934371,1744.251708984375,monitor_data.speed
1764787934373,1741.0782470703125,monitor_data.speed
1764787934375,1754.9842529296875,monitor_data.speed
1764787934377,1750.44921875,monitor_data.speed
1764787934379,1756.8154296875,monitor_data.speed
1764787934381,1756.703369140625,monitor_data.speed
1764787934383,1750.9378662109375,monitor_data.speed
1764787934384,1745.77685546875,monitor_data.speed
1764787934386,1759.559326171875,monitor_data.speed
1764787934388,1769.86279296875,monitor_data.speed
1764787934390,1772.4315185546875,monitor_data.speed
1764787934392,1776.605712890625,monitor_data.speed
1764787934393,1774.400390625,monitor_data.speed
1764787934395,1772.0892333984375,monitor_data.speed
1764787934397,1769.658203125,monitor_data.speed
1764787934399,1773.37060546875,monitor_data.speed
1764787934400,1765.723876953125,monitor_data.speed
1764787934351,0,monitor_data.speed_ref
1764787934353,0,monitor_data.speed_ref
1764787934355,0,monitor_data.speed_ref
1764787934357,0,monitor_data.speed_ref
1764787934358,0,monitor_data.speed_ref
1764787934360,0,monitor_data.speed_ref
1764787934362,0,monitor_data.speed_ref
1764787934364,0,monitor_data.speed_ref
1764787934365,0,monitor_data.speed_ref
1764787934366,0,monitor_data.speed_ref
1764787934368,0,monitor_data.speed_ref
1764787934369,0,monitor_data.speed_ref
1764787934371,0,monitor_data.speed_ref
1764787934373,0,monitor_data.speed_ref
1764787934375,0,monitor_data.speed_ref
1764787934377,0,monitor_data.speed_ref
1764787934379,0,monitor_data.speed_ref
1764787934381,0,monitor_data.speed_ref
1764787934383,0,monitor_data.speed_ref
1764787934384,0,monitor_data.speed_ref
1764787934386,0,monitor_data.speed_ref
1764787934388,0,monitor_data.speed_ref
1764787934390,0,monitor_data.speed_ref
1764787934392,0,monitor_data.speed_ref
1764787934393,0,monitor_data.speed_ref
1764787934395,0,monitor_data.speed_ref
1764787934397,0,monitor_data.speed_ref
1764787934399,0,monitor_data.speed_ref
1764787934400,0,monitor_data.speed_ref
1764787934402,1759.5047607421875,monitor_data.speed
1764787934404,1749.1219482421875,monitor_data.speed
1764787934406,1739.8746337890625,monitor_data.speed
1764787934408,1736.868896484375,monitor_data.speed
1764787934409,1745.127685546875,monitor_data.speed
1764787934411,1741.521484375,monitor_data.speed
1764787934413,1748.7596435546875,monitor_data.speed
1764787934415,1749.68505859375,monitor_data.speed
1764787934417,1744.475341796875,monitor_data.speed
1764787934418,1739.81201171875,monitor_data.speed
1764787934420,1736.30908203125,monitor_data.speed
1764787934422,1777.718017578125,monitor_data.speed
1764787934424,1784.9989013671875,monitor_data.speed
1764787934425,1780.2034912109375,monitor_data.speed
1764787934428,1770.5277099609375,monitor_data.speed
1764787934430,1778.129150390625,monitor_data.speed
1764787934431,1781.2462158203125,monitor_data.speed
1764787934433,1778.1346435546875,monitor_data.speed
1764787934435,1769.626220703125,monitor_data.speed
1764787934437,1762.90966796875,monitor_data.speed
1764787934438,1751.7806396484375,monitor_data.speed
1764787934440,1747.727783203125,monitor_data.speed
1764787934442,1749.365478515625,monitor_data.speed
1764787934444,1745.373046875,monitor_data.speed
1764787934446,1757.7572021484375,monitor_data.speed
1764787934448,1763.5555419921875,monitor_data.speed
1764787934450,1762.80078125,monitor_data.speed
1764787934451,1762.3834228515625,monitor_data.speed
1764787934453,1756.9031982421875,monitor_data.speed
1764787934402,0,monitor_data.speed_ref
1764787934404,0,monitor_data.speed_ref
1764787934406,0,monitor_data.speed_ref
1764787934408,0,monitor_data.speed_ref
1764787934409,0,monitor_data.speed_ref
1764787934411,0,monitor_data.speed_ref
1764787934413,0,monitor_data.speed_ref
1764787934415,0,monitor_data.speed_ref
1764787934417,0,monitor_data.speed_ref
1764787934418,0,monitor_data.speed_ref
1764787934420,0,monitor_data.speed_ref
1764787934422,0,monitor_data.speed_ref
1764787934424,0,monitor_data.speed_ref
1764787934425,0,monitor_data.speed_ref
1764787934428,0,monitor_data.speed_ref
1764787934430,0,monitor_data.speed_ref
1764787934431,0,monitor_data.speed_ref
1764787934433,0,monitor_data.speed_ref
1764787934435,0,monitor_data.speed_ref
1764787934437,0,monitor_data.speed_ref
1764787934438,0,monitor_data.speed_ref
1764787934440,0,monitor_data.speed_ref
1764787934442,0,monitor_data.speed_ref
1764787934444,0,monitor_data.speed_ref
1764787934446,0,monitor_data.speed_ref
1764787934448,0,monitor_data.speed_ref
1764787934450,0,monitor_data.speed_ref
1764787934451,0,monitor_data.speed_ref
1764787934453,0,monitor_data.speed_ref
1764787934454,1746.2525634765625,monitor_data.speed
1764787934456,1775.177734375,monitor_data.speed
1764787934457,1788.93701171875,monitor_data.speed
1764787934459,1773.5224609375,monitor_data.speed
1764787934461,1781.02685546875,monitor_data.speed
1764787934463,1783.4195556640625,monitor_data.speed
1764787934464,1768.7723388671875,monitor_data.speed
1764787934466,1778.13427734375,monitor_data.speed
1764787934467,1774.867431640625,monitor_data.speed
1764787934469,1777.252197265625,monitor_data.speed
1764787934471,1762.9224853515625,monitor_data.speed
1764787934473,1750.79150390625,monitor_data.speed
1764787934475,1757.6290283203125,monitor_data.speed
1764787934477,1747.335693359375,monitor_data.speed
1764787934479,1760.07177734375,monitor_data.speed
1764787934481,1760.4222412109375,monitor_data.speed
1764787934483,1760.1490478515625,monitor_data.speed
1764787934485,1759.560302734375,monitor_data.speed
1764787934486,1753.6973876953125,monitor_data.speed
1764787934488,1748.8709716796875,monitor_data.speed
1764787934490,1789.8367919921875,monitor_data.speed
1764787934491,1811.20263671875,monitor_data.speed
1764787934493,1795.5692138671875,monitor_data.speed
1764787934495,1800.1875,monitor_data.speed
1764787934497,1782.5802001953125,monitor_data.speed
1764787934499,1794.768310546875,monitor_data.speed
1764787934501,1789.63623046875,monitor_data.speed
1764787934503,1784.9180908203125,monitor_data.speed
1764787934454,0,monitor_data.speed_ref
1764787934456,0,monitor_data.speed_ref
1764787934457,0,monitor_data.speed_ref
1764787934459,0,monitor_data.speed_ref
1764787934461,0,monitor_data.speed_ref
1764787934463,0,monitor_data.speed_ref
1764787934464,0,monitor_data.speed_ref
1764787934466,0,monitor_data.speed_ref
1764787934467,0,monitor_data.speed_ref
1764787934469,0,monitor_data.speed_ref
1764787934471,0,monitor_data.speed_ref
1764787934473,0,monitor_data.speed_ref
1764787934475,0,monitor_data.speed_ref
1764787934477,0,monitor_data.speed_ref
1764787934479,0,monitor_data.speed_ref
1764787934481,0,monitor_data.speed_ref
1764787934483,0,monitor_data.speed_ref
1764787934485,0,monitor_data.speed_ref
1764787934486,0,monitor_data.speed_ref
1764787934488,0,monitor_data.speed_ref
1764787934490,0,monitor_data.speed_ref
1764787934491,0,monitor_data.speed_ref
1764787934493,0,monitor_data.speed_ref
1764787934495,0,monitor_data.speed_ref
1764787934497,0,monitor_data.speed_ref
1764787934499,0,monitor_data.speed_ref
1764787934501,0,monitor_data.speed_ref
1764787934503,0,monitor_data.speed_ref
1764787934504,1770.0107421875,monitor_data.speed
1764787934507,1745.73486328125,monitor_data.speed
1764787934508,1746.6749267578125,monitor_data.speed
1764787934510,1742.1971435546875,monitor_data.speed
1764787934512,1755.5294189453125,monitor_data.speed
1764787934514,1756.4317626953125,monitor_data.speed
1764787934516,1762.637939453125,monitor_data.speed
1764787934517,1762.4630126953125,monitor_data.speed
1764787934519,1767.7567138671875,monitor_data.speed
1764787934521,1744.4398193359375,monitor_data.speed
1764787934522,1751.6807861328125,monitor_data.speed
1764787934524,1776.4754638671875,monitor_data.speed
1764787934527,1772.21044921875,monitor_data.speed
1764787934529,1775.489990234375,monitor_data.speed
1764787934531,1773.3206787109375,monitor_data.speed
1764787934533,1777.1505126953125,monitor_data.speed
1764787934534,1775.113525390625,monitor_data.speed
1764787934536,1772.5091552734375,monitor_data.speed
1764787934537,1781.1810302734375,monitor_data.speed
1764787934539,1767.4180908203125,monitor_data.speed
1764787934541,1749.8209228515625,monitor_data.speed
1764787934544,1751.5318603515625,monitor_data.speed
1764787934546,1747.4075927734375,monitor_data.speed
1764787934548,1760.705078125,monitor_data.speed
1764787934550,1761.2164306640625,monitor_data.speed
1764787934551,1755.29638671875,monitor_data.speed
1764787934553,1766.38525390625,monitor_data.speed
1764787934555,1754.68017578125,monitor_data.speed
1764787934557,1750.0400390625,monitor_data.speed
1764787934504,0,monitor_data.speed_ref
1764787934507,0,monitor_data.speed_ref
1764787934508,0,monitor_data.speed_ref
1764787934510,0,monitor_data.speed_ref
1764787934512,0,monitor_data.speed_ref
1764787934514,0,monitor_data.speed_ref
1764787934516,0,monitor_data.speed_ref
1764787934517,0,monitor_data.speed_ref
1764787934519,0,monitor_data.speed_ref
1764787934521,0,monitor_data.speed_ref
1764787934522,0,monitor_data.speed_ref
1764787934524,0,monitor_data.speed_ref
1764787934527,0,monitor_data.speed_ref
1764787934529,0,monitor_data.speed_ref
1764787934531,0,monitor_data.speed_ref
1764787934533,0,monitor_data.speed_ref
1764787934534,0,monitor_data.speed_ref
1764787934536,0,monitor_data.speed_ref
1764787934537,0,monitor_data.speed_ref
1764787934539,0,monitor_data.speed_ref
1764787934541,0,monitor_data.speed_ref
1764787934544,0,monitor_data.speed_ref
1764787934546,0,monitor_data.speed_ref
1764787934548,0,monitor_data.speed_ref
1764787934550,0,monitor_data.speed_ref
1764787934551,0,monitor_data.speed_ref
1764787934553,0,monitor_data.speed_ref
1764787934555,0,monitor_data.speed_ref
1764787934557,0,monitor_data.speed_ref
1764787934558,1752.0128173828125,monitor_data.speed
1764787934560,1783.541748046875,monitor_data.speed
1764787934562,1773.788818359375,monitor_data.speed
1764787934564,1776.8612060546875,monitor_data.speed
1764787934566,1774.1849365234375,monitor_data.speed
1764787934567,1777.6126708984375,monitor_data.speed
1764787934569,1769.4212646484375,monitor_data.speed
1764787934570,1766.925537109375,monitor_data.speed
1764787934572,1781.4393310546875,monitor_data.speed
1764787934574,1767.785888671875,monitor_data.speed
1764787934576,1756.1229248046875,monitor_data.speed
1764787934578,1745.7451171875,monitor_data.speed
1764787934580,1741.9720458984375,monitor_data.speed
1764787934582,1755.3658447265625,monitor_data.speed
1764787934584,1750.3555908203125,monitor_data.speed
1764787934586,1750.515380859375,monitor_data.speed
1764787934588,1755.80029296875,monitor_data.speed
1764787934590,1744.7877197265625,monitor_data.speed
1764787934592,1747.039306640625,monitor_data.speed
1764787934594,1780.7064208984375,monitor_data.speed
1764787934596,1777.8736572265625,monitor_data.speed
1764787934598,1769.461181640625,monitor_data.speed
1764787934600,1767.5086669921875,monitor_data.speed
1764787934602,1770.8060302734375,monitor_data.speed
1764787934603,1768.4874267578125,monitor_data.speed
1764787934606,1776.8480224609375,monitor_data.speed
1764787934558,0,monitor_data.speed_ref
1764787934560,0,monitor_data.speed_ref
1764787934562,0,monitor_data.speed_ref
1764787934564,0,monitor_data.speed_ref
1764787934566,0,monitor_data.speed_ref
1764787934567,0,monitor_data.speed_ref
1764787934569,0,monitor_data.speed_ref
1764787934570,0,monitor_data.speed_ref
1764787934572,0,monitor_data.speed_ref
1764787934574,0,monitor_data.speed_ref
1764787934576,0,monitor_data.speed_ref
1764787934578,0,monitor_data.speed_ref
1764787934580,0,monitor_data.speed_ref
1764787934582,0,monitor_data.speed_ref
1764787934584,0,monitor_data.speed_ref
1764787934586,0,monitor_data.speed_ref
1764787934588,0,monitor_data.speed_ref
1764787934590,0,monitor_data.speed_ref
1764787934592,0,monitor_data.speed_ref
1764787934594,0,monitor_data.speed_ref
1764787934596,0,monitor_data.speed_ref
1764787934598,0,monitor_data.speed_ref
1764787934600,0,monitor_data.speed_ref
1764787934602,0,monitor_data.speed_ref
1764787934603,0,monitor_data.speed_ref
1764787934606,0,monitor_data.speed_ref
1764787934607,1762.4788818359375,monitor_data.speed
1764787934609,1756.0125732421875,monitor_data.speed
1764787934611,1757.017333984375,monitor_data.speed
1764787934613,1752.5946044921875,monitor_data.speed
1764787934615,1754.179931640625,monitor_data.speed
1764787934617,1754.983154296875,monitor_data.speed
1764787934619,1760.9754638671875,monitor_data.speed
1764787934620,1760.807373046875,monitor_data.speed
1764787934621,1766.078125,monitor_data.speed
1764787934623,1759.7703857421875,monitor_data.speed
1764787934625,1754.2972412109375,monitor_data.speed
1764787934627,1768.070556640625,monitor_data.speed
1764787934629,1770.80224609375,monitor_data.speed
1764787934631,1773.1475830078125,monitor_data.speed
1764787934633,1764.2960205078125,monitor_data.speed
1764787934635,1779.460205078125,monitor_data.speed
1764787934637,1776.5653076171875,monitor_data.speed
1764787934639,1774.0010986328125,monitor_data.speed
1764787934641,1766.0054931640625,monitor_data.speed
1764787934642,1759.598388671875,monitor_data.speed
1764787934644,1743.5059814453125,monitor_data.speed
1764787934647,1734.3017578125,monitor_data.speed
1764787934648,1742.401123046875,monitor_data.speed
1764787934650,1738.5615234375,monitor_data.speed
1764787934652,1745.5938720703125,monitor_data.speed
1764787934653,1752.2315673828125,monitor_data.speed
1764787934607,0,monitor_data.speed_ref
1764787934609,0,monitor_data.speed_ref
1764787934611,0,monitor_data.speed_ref
1764787934613,0,monitor_data.speed_ref
1764787934615,0,monitor_data.speed_ref
1764787934617,0,monitor_data.speed_ref
1764787934619,0,monitor_data.speed_ref
1764787934620,0,monitor_data.speed_ref
1764787934621,0,monitor_data.speed_ref
1764787934623,0,monitor_data.speed_ref
1764787934625,0,monitor_data.speed_ref
1764787934627,0,monitor_data.speed_ref
1764787934629,0,monitor_data.speed_ref
1764787934631,0,monitor_data.speed_ref
1764787934633,0,monitor_data.speed_ref
1764787934635,0,monitor_data.speed_ref
1764787934637,0,monitor_data.speed_ref
1764787934639,0,monitor_data.speed_ref
1764787934641,0,monitor_data.speed_ref
1764787934642,0,monitor_data.speed_ref
1764787934644,0,monitor_data.speed_ref
1764787934647,0,monitor_data.speed_ref
1764787934648,0,monitor_data.speed_ref
1764787934650,0,monitor_data.speed_ref
1764787934652,0,monitor_data.speed_ref
1764787934653,0,monitor_data.speed_ref
1764787934655,1758.1563720703125,monitor_data.speed
1764787934656,1758.1531982421875,monitor_data.speed
1764787934658,1752.630126953125,monitor_data.speed
1764787934660,1742.911376953125,monitor_data.speed
1764787934662,1782.8671875,monitor_data.speed
1764787934664,1794.4654541015625,monitor_data.speed
1764787934665,1795.9512939453125,monitor_data.speed
1764787934667,1790.9425048828125,monitor_data.speed
1764787934668,1786.830810546875,monitor_data.speed
1764787934670,1788.5740966796875,monitor_data.speed
1764787934672,1784.0335693359375,monitor_data.speed
1764787934674,1774.10009765625,monitor_data.speed
1764787934676,1765.4154052734375,monitor_data.speed
1764787934678,1753.7852783203125,monitor_data.speed
1764787934680,1743.4197998046875,monitor_data.speed
1764787934682,1745.26708984375,monitor_data.speed
1764787934684,1758.5770263671875,monitor_data.speed
1764787934686,1759.3497314453125,monitor_data.speed
1764787934688,1759.55029296875,monitor_data.speed
1764787934690,1759.0806884765625,monitor_data.speed
1764787934692,1747.2572021484375,monitor_data.speed
1764787934694,1748.484375,monitor_data.speed
1764787934696,1778.3289794921875,monitor_data.speed
1764787934698,1769.123779296875,monitor_data.speed
1764787934700,1778.3416748046875,monitor_data.speed
1764787934702,1776.035888671875,monitor_data.speed
1764787934704,1773.2930908203125,monitor_data.speed
1764787934706,1764.2806396484375,monitor_data.speed
1764787934708,1779.1397705078125,monitor_data.speed
1764787934655,0,monitor_data.speed_ref
1764787934656,0,monitor_data.speed_ref
1764787934658,0,monitor_data.speed_ref
1764787934660,0,monitor_data.speed_ref
1764787934662,0,monitor_data.speed_ref
1764787934664,0,monitor_data.speed_ref
1764787934665,0,monitor_data.speed_ref
1764787934667,0,monitor_data.speed_ref
1764787934668,0,monitor_data.speed_ref
1764787934670,0,monitor_data.speed_ref
1764787934672,0,monitor_data.speed_ref
1764787934674,0,monitor_data.speed_ref
1764787934676,0,monitor_data.speed_ref
1764787934678,0,monitor_data.speed_ref
1764787934680,0,monitor_data.speed_ref
1764787934682,0,monitor_data.speed_ref
1764787934684,0,monitor_data.speed_ref
1764787934686,0,monitor_data.speed_ref
1764787934688,0,monitor_data.speed_ref
1764787934690,0,monitor_data.speed_ref
1764787934692,0,monitor_data.speed_ref
1764787934694,0,monitor_data.speed_ref
1764787934696,0,monitor_data.speed_ref
1764787934698,0,monitor_data.speed_ref
1764787934700,0,monitor_data.speed_ref
1764787934702,0,monitor_data.speed_ref
1764787934704,0,monitor_data.speed_ref
1764787934706,0,monitor_data.speed_ref
1764787934708,0,monitor_data.speed_ref
1764787934710,1770.0816650390625,monitor_data.speed
1764787934712,1757.654052734375,monitor_data.speed
1764787934714,1746.8807373046875,monitor_data.speed
1764787934716,1748.2850341796875,monitor_data.speed
1764787934717,1743.731201171875,monitor_data.speed
1764787934719,1750.4261474609375,monitor_data.speed
1764787934720,1745.3038330078125,monitor_data.speed
1764787934721,1757.3367919921875,monitor_data.speed
1764787934723,1762.9356689453125,monitor_data.speed
1764787934725,1762.3919677734375,monitor_data.speed
1764787934727,1750.6861572265625,monitor_data.speed
1764787934729,1746.7564697265625,monitor_data.speed
1764787934731,1787.518310546875,monitor_data.speed
1764787934733,1777.1722412109375,monitor_data.speed
1764787934734,1773.5845947265625,monitor_data.speed
1764787934736,1770.478271484375,monitor_data.speed
1764787934738,1773.3603515625,monitor_data.speed
1764787934740,1769.8778076171875,monitor_data.speed
1764787934742,1778.4403076171875,monitor_data.speed
1764787934744,1773.77587890625,monitor_data.speed
1764787934746,1760.78515625,monitor_data.speed
1764787934748,1755.446533203125,monitor_data.speed
1764787934750,1757.3255615234375,monitor_data.speed
1764787934752,1741.0318603515625,monitor_data.speed
1764787934754,1748.069580078125,monitor_data.speed
1764787934755,1754.3221435546875,monitor_data.speed
1764787934757,1766.0001220703125,monitor_data.speed
1764787934710,0,monitor_data.speed_ref
1764787934712,0,monitor_data.speed_ref
1764787934714,0,monitor_data.speed_ref
1764787934716,0,monitor_data.speed_ref
1764787934717,0,monitor_data.speed_ref
1764787934719,0,monitor_data.speed_ref
1764787934720,0,monitor_data.speed_ref
1764787934721,0,monitor_data.speed_ref
1764787934723,0,monitor_data.speed_ref
1764787934725,0,monitor_data.speed_ref
1764787934727,0,monitor_data.speed_ref
1764787934729,0,monitor_data.speed_ref
1764787934731,0,monitor_data.speed_ref
1764787934733,0,monitor_data.speed_ref
1764787934734,0,monitor_data.speed_ref
1764787934736,0,monitor_data.speed_ref
1764787934738,0,monitor_data.speed_ref
1764787934740,0,monitor_data.speed_ref
1764787934742,0,monitor_data.speed_ref
1764787934744,0,monitor_data.speed_ref
1764787934746,0,monitor_data.speed_ref
1764787934748,0,monitor_data.speed_ref
1764787934750,0,monitor_data.speed_ref
1764787934752,0,monitor_data.speed_ref
1764787934754,0,monitor_data.speed_ref
1764787934755,0,monitor_data.speed_ref
1764787934757,0,monitor_data.speed_ref
1764787934759,1765.6951904296875,monitor_data.speed
1764787934761,1754.126953125,monitor_data.speed
1764787934763,1749.4613037109375,monitor_data.speed
1764787934764,1779.896240234375,monitor_data.speed
1764787934766,1787.7178955078125,monitor_data.speed
1764787934768,1777.653564453125,monitor_data.speed
1764787934770,1774.5086669921875,monitor_data.speed
1764787934772,1777.8226318359375,monitor_data.speed
1764787934773,1774.6961669921875,monitor_data.speed
1764787934775,1765.8936767578125,monitor_data.speed
1764787934777,1768.9296875,monitor_data.speed
1764787934779,1756.1131591796875,monitor_data.speed
1764787934781,1745.2825927734375,monitor_data.speed
1764787934783,1746.867919921875,monitor_data.speed
1764787934785,1749.169677734375,monitor_data.speed
1764787934786,1751.3509521484375,monitor_data.speed
1764787934788,1747.086669921875,monitor_data.speed
1764787934791,1759.5693359375,monitor_data.speed
1764787934792,1759.5572509765625,monitor_data.speed
1764787934794,1759.25341796875,monitor_data.speed
1764787934796,1748.1568603515625,monitor_data.speed
1764787934798,1738.185546875,monitor_data.speed
1764787934800,1768.5517578125,monitor_data.speed
1764787934802,1772.39453125,monitor_data.speed
1764787934804,1764.537109375,monitor_data.speed
1764787934759,0,monitor_data.speed_ref
1764787934761,0,monitor_data.speed_ref
1764787934763,0,monitor_data.speed_ref
1764787934764,0,monitor_data.speed_ref
1764787934766,0,monitor_data.speed_ref
1764787934768,0,monitor_data.speed_ref
1764787934770,0,monitor_data.speed_ref
1764787934772,0,monitor_data.speed_ref
1764787934773,0,monitor_data.speed_ref
1764787934775,0,monitor_data.speed_ref
1764787934777,0,monitor_data.speed_ref
1764787934779,0,monitor_data.speed_ref
1764787934781,0,monitor_data.speed_ref
1764787934783,0,monitor_data.speed_ref
1764787934785,0,monitor_data.speed_ref
1764787934786,0,monitor_data.speed_ref
1764787934788,0,monitor_data.speed_ref
1764787934791,0,monitor_data.speed_ref
1764787934792,0,monitor_data.speed_ref
1764787934794,0,monitor_data.speed_ref
1764787934796,0,monitor_data.speed_ref
1764787934798,0,monitor_data.speed_ref
1764787934800,0,monitor_data.speed_ref
1764787934802,0,monitor_data.speed_ref
1764787934804,0,monitor_data.speed_ref
1764787934806,1768.6656494140625,monitor_data.speed
1764787934807,1772.471435546875,monitor_data.speed
1764787934809,1769.9666748046875,monitor_data.speed
1764787934811,1761.9429931640625,monitor_data.speed
1764787934813,1760.5806884765625,monitor_data.speed
1764787934815,1749.2177734375,monitor_data.speed
1764787934816,1738.91845703125,monitor_data.speed
1764787934818,1753.2999267578125,monitor_data.speed
1764787934820,1749.5443115234375,monitor_data.speed
1764787934822,1744.990234375,monitor_data.speed
1764787934823,1757.5048828125,monitor_data.speed
1764787934824,1752.1278076171875,monitor_data.speed
1764787934826,1752.31103515625,monitor_data.speed
1764787934828,1763.82421875,monitor_data.speed
1764787934830,1746.71630859375,monitor_data.speed
1764787934832,1742.7154541015625,monitor_data.speed
1764787934834,1772.0213623046875,monitor_data.speed
1764787934835,1779.26708984375,monitor_data.speed
1764787934837,1775.7586669921875,monitor_data.speed
1764787934839,1772.4644775390625,monitor_data.speed
1764787934841,1780.5987548828125,monitor_data.speed
1764787934843,1776.865478515625,monitor_data.speed
1764787934845,1761.7950439453125,monitor_data.speed
1764787934847,1765.6214599609375,monitor_data.speed
1764787934849,1753.8604736328125,monitor_data.speed
1764787934851,1749.447509765625,monitor_data.speed
1764787934853,1745.6279296875,monitor_data.speed
1764787934854,1753.463623046875,monitor_data.speed
1764787934856,1755.0185546875,monitor_data.speed
1764787934806,0,monitor_data.speed_ref
1764787934807,0,monitor_data.speed_ref
1764787934809,0,monitor_data.speed_ref
1764787934811,0,monitor_data.speed_ref
1764787934813,0,monitor_data.speed_ref
1764787934815,0,monitor_data.speed_ref
1764787934816,0,monitor_data.speed_ref
1764787934818,0,monitor_data.speed_ref
1764787934820,0,monitor_data.speed_ref
1764787934822,0,monitor_data.speed_ref
1764787934823,0,monitor_data.speed_ref
1764787934824,0,monitor_data.speed_ref
1764787934826,0,monitor_data.speed_ref
1764787934828,0,monitor_data.speed_ref
1764787934830,0,monitor_data.speed_ref
1764787934832,0,monitor_data.speed_ref
1764787934834,0,monitor_data.speed_ref
1764787934835,0,monitor_data.speed_ref
1764787934837,0,monitor_data.speed_ref
1764787934839,0,monitor_data.speed_ref
1764787934841,0,monitor_data.speed_ref
1764787934843,0,monitor_data.speed_ref
1764787934845,0,monitor_data.speed_ref
1764787934847,0,monitor_data.speed_ref
1764787934849,0,monitor_data.speed_ref
1764787934851,0,monitor_data.speed_ref
1764787934853,0,monitor_data.speed_ref
1764787934854,0,monitor_data.speed_ref
1764787934856,0,monitor_data.speed_ref
1764787934858,1744.264892578125,monitor_data.speed
1764787934859,1750.6324462890625,monitor_data.speed
1764787934861,1768.07958984375,monitor_data.speed
1764787934863,1762.203857421875,monitor_data.speed
1764787934865,1751.4034423828125,monitor_data.speed
1764787934867,1747.8309326171875,monitor_data.speed
1764787934869,1780.6534423828125,monitor_data.speed
1764787934870,1760.7255859375,monitor_data.speed
1764787934872,1764.61328125,monitor_data.speed
1764787934874,1768.5372314453125,monitor_data.speed
1764787934875,1766.4913330078125,monitor_data.speed
1764787934877,1763.7733154296875,monitor_data.speed
1764787934879,1767.3931884765625,monitor_data.speed
1764787934881,1775.9971923828125,monitor_data.speed
1764787934883,1762.46826171875,monitor_data.speed
1764787934885,1745.1024169921875,monitor_data.speed
1764787934887,1740.5455322265625,monitor_data.speed
1764787934888,1753.9970703125,monitor_data.speed
1764787934890,1755.0833740234375,monitor_data.speed
1764787934892,1755.675048828125,monitor_data.speed
1764787934894,1755.636962890625,monitor_data.speed
1764787934896,1766.835205078125,monitor_data.speed
1764787934898,1755.02490234375,monitor_data.speed
1764787934900,1744.8695068359375,monitor_data.speed
1764787934902,1758.031982421875,monitor_data.speed
1764787934904,1778.9232177734375,monitor_data.speed
1764787934905,1776.2481689453125,monitor_data.speed
1764787934907,1773.52294921875,monitor_data.speed
1764787934858,0,monitor_data.speed_ref
1764787934859,0,monitor_data.speed_ref
1764787934861,0,monitor_data.speed_ref
1764787934863,0,monitor_data.speed_ref
1764787934865,0,monitor_data.speed_ref
1764787934867,0,monitor_data.speed_ref
1764787934869,0,monitor_data.speed_ref
1764787934870,0,monitor_data.speed_ref
1764787934872,0,monitor_data.speed_ref
1764787934874,0,monitor_data.speed_ref
1764787934875,0,monitor_data.speed_ref
1764787934877,0,monitor_data.speed_ref
1764787934879,0,monitor_data.speed_ref
1764787934881,0,monitor_data.speed_ref
1764787934883,0,monitor_data.speed_ref
1764787934885,0,monitor_data.speed_ref
1764787934887,0,monitor_data.speed_ref
1764787934888,0,monitor_data.speed_ref
1764787934890,0,monitor_data.speed_ref
1764787934892,0,monitor_data.speed_ref
1764787934894,0,monitor_data.speed_ref
1764787934896,0,monitor_data.speed_ref
1764787934898,0,monitor_data.speed_ref
1764787934900,0,monitor_data.speed_ref
1764787934902,0,monitor_data.speed_ref
1764787934904,0,monitor_data.speed_ref
1764787934905,0,monitor_data.speed_ref
1764787934907,0,monitor_data.speed_ref
1764787934910,1764.460693359375,monitor_data.speed
1764787934912,1772.8834228515625,monitor_data.speed
1764787934914,1770.0762939453125,monitor_data.speed
1764787934916,1762.4642333984375,monitor_data.speed
1764787934917,1756.4669189453125,monitor_data.speed
1764787934919,1745.9576416015625,monitor_data.speed
1764787934921,1742.3189697265625,monitor_data.speed
1764787934923,1744.291015625,monitor_data.speed
1764787934924,1751.8172607421875,monitor_data.speed
1764787934926,1752.95947265625,monitor_data.speed
1764787934928,1753.35791015625,monitor_data.speed
1764787934930,1753.3170166015625,monitor_data.speed
1764787934931,1753.1136474609375,monitor_data.speed
1764787934933,1753.7047119140625,monitor_data.speed
1764787934935,1732.766357421875,monitor_data.speed
1764787934937,1779.0087890625,monitor_data.speed
1764787934939,1776.2130126953125,monitor_data.speed
1764787934940,1768.1671142578125,monitor_data.speed
1764787934942,1772.2080078125,monitor_data.speed
1764787934944,1763.4783935546875,monitor_data.speed
1764787934946,1772.3780517578125,monitor_data.speed
1764787934948,1770.139892578125,monitor_data.speed
1764787934950,1757.0489501953125,monitor_data.speed
1764787934952,1757.721435546875,monitor_data.speed
1764787934954,1753.5289306640625,monitor_data.speed
1764787934956,1750.212646484375,monitor_data.speed
1764787934958,1752.22412109375,monitor_data.speed
1764787934959,1741.9945068359375,monitor_data.speed
1764787934910,0,monitor_data.speed_ref
1764787934912,0,monitor_data.speed_ref
1764787934914,0,monitor_data.speed_ref
1764787934916,0,monitor_data.speed_ref
1764787934917,0,monitor_data.speed_ref
1764787934919,0,monitor_data.speed_ref
1764787934921,0,monitor_data.speed_ref
1764787934923,0,monitor_data.speed_ref
1764787934924,0,monitor_data.speed_ref
1764787934926,0,monitor_data.speed_ref
1764787934928,0,monitor_data.speed_ref
1764787934930,0,monitor_data.speed_ref
1764787934931,0,monitor_data.speed_ref
1764787934933,0,monitor_data.speed_ref
1764787934935,0,monitor_data.speed_ref
1764787934937,0,monitor_data.speed_ref
1764787934939,0,monitor_data.speed_ref
1764787934940,0,monitor_data.speed_ref
1764787934942,0,monitor_data.speed_ref
1764787934944,0,monitor_data.speed_ref
1764787934946,0,monitor_data.speed_ref
1764787934948,0,monitor_data.speed_ref
1764787934950,0,monitor_data.speed_ref
1764787934952,0,monitor_data.speed_ref
1764787934954,0,monitor_data.speed_ref
1764787934956,0,monitor_data.speed_ref
1764787934958,0,monitor_data.speed_ref
1764787934959,0,monitor_data.speed_ref
1764787934961,1760.627685546875,monitor_data.speed
1764787934963,1749.3720703125,monitor_data.speed
1764787934965,1749.4222412109375,monitor_data.speed
1764787934967,1744.083984375,monitor_data.speed
1764787934969,1751.9908447265625,monitor_data.speed
1764787934971,1764.919921875,monitor_data.speed
1764787934972,1774.2757568359375,monitor_data.speed
1764787934974,1778.134033203125,monitor_data.speed
1764787934975,1764.6578369140625,monitor_data.speed
1764787934977,1774.4842529296875,monitor_data.speed
1764787934979,1761.0557861328125,monitor_data.speed
1764787934981,1765.1806640625,monitor_data.speed
1764787934982,1774.58056640625,monitor_data.speed
1764787934984,1760.1552734375,monitor_data.speed
1764787934987,1760.0252685546875,monitor_data.speed
1764787934988,1749.769287109375,monitor_data.speed
1764787934990,1746.4642333984375,monitor_data.speed
1764787934992,1743.1962890625,monitor_data.speed
1764787934994,1750.9224853515625,monitor_data.speed
1764787934996,1757.97265625,monitor_data.speed
1764787934998,1753.081298828125,monitor_data.speed
1764787935000,1759.94091796875,monitor_data.speed
1764787935002,1744.17431640625,monitor_data.speed
1764787935004,1735.8702392578125,monitor_data.speed
1764787935006,1763.711181640625,monitor_data.speed
1764787935008,1756.455810546875,monitor_data.speed
1764787934961,0,monitor_data.speed_ref
1764787934963,0,monitor_data.speed_ref
1764787934965,0,monitor_data.speed_ref
1764787934967,0,monitor_data.speed_ref
1764787934969,0,monitor_data.speed_ref
1764787934971,0,monitor_data.speed_ref
1764787934972,0,monitor_data.speed_ref
1764787934974,0,monitor_data.speed_ref
1764787934975,0,monitor_data.speed_ref
1764787934977,0,monitor_data.speed_ref
1764787934979,0,monitor_data.speed_ref
1764787934981,0,monitor_data.speed_ref
1764787934982,0,monitor_data.speed_ref
1764787934984,0,monitor_data.speed_ref
1764787934987,0,monitor_data.speed_ref
1764787934988,0,monitor_data.speed_ref
1764787934990,0,monitor_data.speed_ref
1764787934992,0,monitor_data.speed_ref
1764787934994,0,monitor_data.speed_ref
1764787934996,0,monitor_data.speed_ref
1764787934998,0,monitor_data.speed_ref
1764787935000,0,monitor_data.speed_ref
1764787935002,0,monitor_data.speed_ref
1764787935004,0,monitor_data.speed_ref
1764787935006,0,monitor_data.speed_ref
1764787935008,0,monitor_data.speed_ref
1764787935010,1767.1551513671875,monitor_data.speed
1764787935012,1766.17138671875,monitor_data.speed
1764787935014,1759.279296875,monitor_data.speed
1764787935015,1758.3099365234375,monitor_data.speed
1764787935017,1757.696533203125,monitor_data.speed
1764787935019,1740.752197265625,monitor_data.speed
1764787935021,1736.8056640625,monitor_data.speed
1764787935022,1739.7874755859375,monitor_data.speed
1764787935024,1738.1890869140625,monitor_data.speed
1764787935025,1731.4129638671875,monitor_data.speed
1764787935028,1731.1224365234375,monitor_data.speed
1764787935029,1729.5169677734375,monitor_data.speed
1764787935032,1740.3070068359375,monitor_data.speed
1764787935033,1743.943359375,monitor_data.speed
1764787935035,1731.2850341796875,monitor_data.speed
1764787935037,1725.1683349609375,monitor_data.speed
1764787935039,1715.2984619140625,monitor_data.speed
1764787935041,1744.0404052734375,monitor_data.speed
1764787935043,1725.9248046875,monitor_data.speed
1764787935045,1731.494140625,monitor_data.speed
1764787935047,1718.48876953125,monitor_data.speed
1764787935049,1730.291748046875,monitor_data.speed
1764787935050,1717.677978515625,monitor_data.speed
1764787935051,1722.955810546875,monitor_data.speed
1764787935053,1711.42724609375,monitor_data.speed
1764787935055,1701.777587890625,monitor_data.speed
1764787935057,1683.1060791015625,monitor_data.speed
1764787935059,1691.11474609375,monitor_data.speed
1764787935061,1672.511474609375,monitor_data.speed
1764787935010,0,monitor_data.speed_ref
1764787935012,0,monitor_data.speed_ref
1764787935014,0,monitor_data.speed_ref
1764787935015,0,monitor_data.speed_ref
1764787935017,0,monitor_data.speed_ref
1764787935019,0,monitor_data.speed_ref
1764787935021,0,monitor_data.speed_ref
1764787935022,0,monitor_data.speed_ref
1764787935024,0,monitor_data.speed_ref
1764787935025,0,monitor_data.speed_ref
1764787935028,0,monitor_data.speed_ref
1764787935029,0,monitor_data.speed_ref
1764787935032,0,monitor_data.speed_ref
1764787935033,0,monitor_data.speed_ref
1764787935035,0,monitor_data.speed_ref
1764787935037,0,monitor_data.speed_ref
1764787935039,0,monitor_data.speed_ref
1764787935041,0,monitor_data.speed_ref
1764787935043,0,monitor_data.speed_ref
1764787935045,0,monitor_data.speed_ref
1764787935047,0,monitor_data.speed_ref
1764787935049,0,monitor_data.speed_ref
1764787935050,0,monitor_data.speed_ref
1764787935051,0,monitor_data.speed_ref
1764787935053,0,monitor_data.speed_ref
1764787935055,0,monitor_data.speed_ref
1764787935057,0,monitor_data.speed_ref
1764787935059,0,monitor_data.speed_ref
1764787935061,0,monitor_data.speed_ref
1764787935062,1674.468017578125,monitor_data.speed
1764787935064,1677.03076171875,monitor_data.speed
1764787935066,1664.4088134765625,monitor_data.speed
1764787935067,1650.0885009765625,monitor_data.speed
1764787935069,1643.1396484375,monitor_data.speed
1764787935071,1611.0296630859375,monitor_data.speed
1764787935073,1577.3389892578125,monitor_data.speed
1764787935075,1555.771484375,monitor_data.speed
1764787935077,1515.1431884765625,monitor_data.speed
1764787935079,1492.5654296875,monitor_data.speed
1764787935081,1456.44873046875,monitor_data.speed
1764787935083,1423.0784912109375,monitor_data.speed
1764787935085,1377.6568603515625,monitor_data.speed
1764787935087,1329.5087890625,monitor_data.speed
1764787935089,1278.3453369140625,monitor_data.speed
1764787935091,1221.317138671875,monitor_data.speed
1764787935093,1152.2625732421875,monitor_data.speed
1764787935095,1155.7874755859375,monitor_data.speed
1764787935097,1098.5306396484375,monitor_data.speed
1764787935099,1025.529052734375,monitor_data.speed
1764787935101,950.4652099609375,monitor_data.speed
1764787935103,875.5283203125,monitor_data.speed
1764787935105,808.6231689453125,monitor_data.speed
1764787935107,749.7984008789062,monitor_data.speed
1764787935109,687.9095458984375,monitor_data.speed
1764787935111,621.238037109375,monitor_data.speed
1764787935062,0,monitor_data.speed_ref
1764787935064,0,monitor_data.speed_ref
1764787935066,0,monitor_data.speed_ref
1764787935067,0,monitor_data.speed_ref
1764787935069,0,monitor_data.speed_ref
1764787935071,0,monitor_data.speed_ref
1764787935073,0,monitor_data.speed_ref
1764787935075,0,monitor_data.speed_ref
1764787935077,0,monitor_data.speed_ref
1764787935079,0,monitor_data.speed_ref
1764787935081,0,monitor_data.speed_ref
1764787935083,0,monitor_data.speed_ref
1764787935085,0,monitor_data.speed_ref
1764787935087,0,monitor_data.speed_ref
1764787935089,0,monitor_data.speed_ref
1764787935091,0,monitor_data.speed_ref
1764787935093,0,monitor_data.speed_ref
1764787935095,0,monitor_data.speed_ref
1764787935097,0,monitor_data.speed_ref
1764787935099,0,monitor_data.speed_ref
1764787935101,0,monitor_data.speed_ref
1764787935103,0,monitor_data.speed_ref
1764787935105,0,monitor_data.speed_ref
1764787935107,0,monitor_data.speed_ref
1764787935109,0,monitor_data.speed_ref
1764787935111,0,monitor_data.speed_ref
1764787935113,561.2029418945312,monitor_data.speed
1764787935115,491.7665100097656,monitor_data.speed
1764787935117,438.3515930175781,monitor_data.speed
1764787935119,385.6836853027344,monitor_data.speed
1764787935121,335.5027160644531,monitor_data.speed
1764787935122,290.71539306640625,monitor_data.speed
1764787935124,255.16517639160156,monitor_data.speed
1764787935125,218.5055694580078,monitor_data.speed
1764787935127,173.4110565185547,monitor_data.speed
1764787935129,137.63584899902344,monitor_data.speed
1764787935131,117.19233703613281,monitor_data.speed
1764787935132,99.78556823730469,monitor_data.speed
1764787935134,83.27379608154297,monitor_data.speed
1764787935136,69.49449920654297,monitor_data.speed
1764787935138,51.945533752441406,monitor_data.speed
1764787935140,42.91720962524414,monitor_data.speed
1764787935142,34.75285339355469,monitor_data.speed
1764787935144,22.336284637451172,monitor_data.speed
1764787935146,18.778636932373047,monitor_data.speed
1764787935148,15.515768051147461,monitor_data.speed
1764787935150,12.691972732543945,monitor_data.speed
1764787935151,5.285562992095947,monitor_data.speed
1764787935153,4.368218898773193,monitor_data.speed
1764787935155,3.503352642059326,monitor_data.speed
1764787935157,2.89581036567688,monitor_data.speed
1764787935159,-3.0467183589935303,monitor_data.speed
1764787935113,0,monitor_data.speed_ref
1764787935115,0,monitor_data.speed_ref
1764787935117,0,monitor_data.speed_ref
1764787935119,0,monitor_data.speed_ref
1764787935121,0,monitor_data.speed_ref
1764787935122,0,monitor_data.speed_ref
1764787935124,0,monitor_data.speed_ref
1764787935125,0,monitor_data.speed_ref
1764787935127,0,monitor_data.speed_ref
1764787935129,0,monitor_data.speed_ref
1764787935131,0,monitor_data.speed_ref
1764787935132,0,monitor_data.speed_ref
1764787935134,0,monitor_data.speed_ref
1764787935136,0,monitor_data.speed_ref
1764787935138,0,monitor_data.speed_ref
1764787935140,0,monitor_data.speed_ref
1764787935142,0,monitor_data.speed_ref
1764787935144,0,monitor_data.speed_ref
1764787935146,0,monitor_data.speed_ref
1764787935148,0,monitor_data.speed_ref
1764787935150,0,monitor_data.speed_ref
1764787935151,0,monitor_data.speed_ref
1764787935153,0,monitor_data.speed_ref
1764787935155,0,monitor_data.speed_ref
1764787935157,0,monitor_data.speed_ref
1764787935159,0,monitor_data.speed_ref
1764787935162,-2.367950677871704,monitor_data.speed
1764787935164,-1.9548747539520264,monitor_data.speed
1764787935166,-1.5973851680755615,monitor_data.speed
1764787935167,-1.173978567123413,monitor_data.speed
1764787935169,-6.209902286529541,monitor_data.speed
1764787935171,-5.178393363952637,monitor_data.speed
1764787935174,-4.149503231048584,monitor_data.speed
1764787935176,-3.4267401695251465,monitor_data.speed
1764787935178,-2.7731411457061768,monitor_data.speed
1764787935180,-2.2666521072387695,monitor_data.speed
1764787935182,-1.871185302734375,monitor_data.speed
1764787935183,-1.5601478815078735,monitor_data.speed
1764787935185,-1.261705994606018,monitor_data.speed
1764787935187,-1.0515296459197998,monitor_data.speed
1764787935190,-6.692172527313232,monitor_data.speed
1764787935192,-0.5823163390159607,monitor_data.speed
1764787935194,-5.739272117614746,monitor_data.speed
1764787935196,-4.9790520668029785,monitor_data.speed
1764787935198,-4.03009033203125,monitor_data.speed
1764787935201,-3.1014256477355957,monitor_data.speed
1764787935203,-2.5608513355255127,monitor_data.speed
1764787935205,-2.072004556655884,monitor_data.speed
1764787935207,-1.6931862831115723,monitor_data.speed
1764787935209,-1.3285096883773804,monitor_data.speed
1764787935211,-1.085077166557312,monitor_data.speed
1764787935213,-0.877029538154602,monitor_data.speed
1764787935162,0,monitor_data.speed_ref
1764787935164,0,monitor_data.speed_ref
1764787935166,0,monitor_data.speed_ref
1764787935167,0,monitor_data.speed_ref
1764787935169,0,monitor_data.speed_ref
1764787935171,0,monitor_data.speed_ref
1764787935174,0,monitor_data.speed_ref
1764787935176,0,monitor_data.speed_ref
1764787935178,0,monitor_data.speed_ref
1764787935180,0,monitor_data.speed_ref
1764787935182,0,monitor_data.speed_ref
1764787935183,0,monitor_data.speed_ref
1764787935185,0,monitor_data.speed_ref
1764787935187,0,monitor_data.speed_ref
1764787935190,0,monitor_data.speed_ref
1764787935192,0,monitor_data.speed_ref
1764787935194,0,monitor_data.speed_ref
1764787935196,0,monitor_data.speed_ref
1764787935198,0,monitor_data.speed_ref
1764787935201,0,monitor_data.speed_ref
1764787935203,0,monitor_data.speed_ref
1764787935205,0,monitor_data.speed_ref
1764787935207,0,monitor_data.speed_ref
1764787935209,0,monitor_data.speed_ref
1764787935211,0,monitor_data.speed_ref
1764787935213,0,monitor_data.speed_ref
1764787935215,-0.7608203291893005,monitor_data.speed
1764787935216,-0.6271153092384338,monitor_data.speed
1764787935219,-0.50105881690979,monitor_data.speed
1764787935220,-0.37022578716278076,monitor_data.speed
1764787935222,-0.25502657890319824,monitor_data.speed
1764787935224,0.0575757771730423,monitor_data.speed
1764787935226,-5.209566116333008,monitor_data.speed
1764787935229,0.9609341621398926,monitor_data.speed
1764787935231,-4.4463019371032715,monitor_data.speed
1764787935233,-4.3261871337890625,monitor_data.speed
1764787935235,1.5078006982803345,monitor_data.speed
1764787935237,-4.191346645355225,monitor_data.speed
1764787935239,1.732406735420227,monitor_data.speed
1764787935241,-4.2391886711120605,monitor_data.speed
1764787935244,-4.413670063018799,monitor_data.speed
1764787935246,1.2033029794692993,monitor_data.speed
1764787935248,1.0943899154663086,monitor_data.speed
1764787935250,-4.642396450042725,monitor_data.speed
1764787935252,1.2711232900619507,monitor_data.speed
1764787935255,1.1026183366775513,monitor_data.speed
1764787935257,-4.472480297088623,monitor_data.speed
1764787935259,1.3493794202804565,monitor_data.speed
1764787935262,1.3090003728866577,monitor_data.speed
1764787935264,-4.617733478546143,monitor_data.speed
1764787935215,0,monitor_data.speed_ref
1764787935216,0,monitor_data.speed_ref
1764787935219,0,monitor_data.speed_ref
1764787935220,0,monitor_data.speed_ref
1764787935222,0,monitor_data.speed_ref
1764787935224,0,monitor_data.speed_ref
1764787935226,0,monitor_data.speed_ref
1764787935229,0,monitor_data.speed_ref
1764787935231,0,monitor_data.speed_ref
1764787935233,0,monitor_data.speed_ref
1764787935235,0,monitor_data.speed_ref
1764787935237,0,monitor_data.speed_ref
1764787935239,0,monitor_data.speed_ref
1764787935241,0,monitor_data.speed_ref
1764787935244,0,monitor_data.speed_ref
1764787935246,0,monitor_data.speed_ref
1764787935248,0,monitor_data.speed_ref
1764787935250,0,monitor_data.speed_ref
1764787935252,0,monitor_data.speed_ref
1764787935255,0,monitor_data.speed_ref
1764787935257,0,monitor_data.speed_ref
1764787935259,0,monitor_data.speed_ref
1764787935262,0,monitor_data.speed_ref
1764787935264,0,monitor_data.speed_ref
1764787935265,1.2183873653411865,monitor_data.speed
1764787935268,1.233444094657898,monitor_data.speed
1764787935270,1.1333777904510498,monitor_data.speed
1764787935272,1.2277028560638428,monitor_data.speed
1764787935274,-4.5791401863098145,monitor_data.speed
1764787935276,1.4203498363494873,monitor_data.speed
1764787935279,1.9797884225845337,monitor_data.speed
1764787935281,2.4076619148254395,monitor_data.speed
1764787935283,-3.2253289222717285,monitor_data.speed
1764787935285,-2.8164076805114746,monitor_data.speed
1764787935288,-2.281344413757324,monitor_data.speed
1764787935290,-1.8087838888168335,monitor_data.speed
1764787935292,-1.4193322658538818,monitor_data.speed
1764787935295,-1.1246789693832397,monitor_data.speed
1764787935297,-0.9183632731437683,monitor_data.speed
1764787935299,-0.7271038293838501,monitor_data.speed
1764787935301,-0.5753175020217896,monitor_data.speed
1764787935304,-0.432155579328537,monitor_data.speed
1764787935306,-0.3377457857131958,monitor_data.speed
1764787935309,-0.25815916061401367,monitor_data.speed
1764787935311,-0.2052924484014511,monitor_data.speed
1764787935313,-0.16815516352653503,monitor_data.speed
1764787935315,-0.1345716118812561,monitor_data.speed
1764787935317,-0.10737793147563934,monitor_data.speed
1764787935265,0,monitor_data.speed_ref
1764787935268,0,monitor_data.speed_ref
1764787935270,0,monitor_data.speed_ref
1764787935272,0,monitor_data.speed_ref
1764787935274,0,monitor_data.speed_ref
1764787935276,0,monitor_data.speed_ref
1764787935279,0,monitor_data.speed_ref
1764787935281,0,monitor_data.speed_ref
1764787935283,0,monitor_data.speed_ref
1764787935285,0,monitor_data.speed_ref
1764787935288,0,monitor_data.speed_ref
1764787935290,0,monitor_data.speed_ref
1764787935292,0,monitor_data.speed_ref
1764787935295,0,monitor_data.speed_ref
1764787935297,0,monitor_data.speed_ref
1764787935299,0,monitor_data.speed_ref
1764787935301,0,monitor_data.speed_ref
1764787935304,0,monitor_data.speed_ref
1764787935306,0,monitor_data.speed_ref
1764787935309,0,monitor_data.speed_ref
1764787935311,0,monitor_data.speed_ref
1764787935313,0,monitor_data.speed_ref
1764787935315,0,monitor_data.speed_ref
1764787935317,0,monitor_data.speed_ref
1764787935319,-0.08822683244943619,monitor_data.speed
1764787935321,-0.06985127180814743,monitor_data.speed
1764787935323,-0.0549720823764801,monitor_data.speed
1764787935326,-0.04241126403212547,monitor_data.speed
1764787935328,-0.033168304711580276,monitor_data.speed
1764787935330,-0.025268860161304474,monitor_data.speed
1764787935332,-0.01860024966299534,monitor_data.speed
1764787935334,-0.012612860649824142,monitor_data.speed
1764787935337,-0.008120429702103138,monitor_data.speed
1764787935339,-0.004461442120373249,monitor_data.speed
1764787935342,-0.0015157666057348251,monitor_data.speed
1764787935344,0.00044095280463807285,monitor_data.speed
1764787935346,0.0020095189101994038,monitor_data.speed
1764787935348,0.003266929881647229,monitor_data.speed
1764787935351,0.004233764484524727,monitor_data.speed
1764787935353,0.005049954168498516,monitor_data.speed
1764787935355,0.0056775291450321674,monitor_data.speed
1764787935357,0.006185692735016346,monitor_data.speed
1764787935359,0.006614679004997015,monitor_data.speed
1764787935361,0.006944531109184027,monitor_data.speed
1764787935364,0.007245379034429789,monitor_data.speed
1764787935366,0.007481749635189772,monitor_data.speed
1764787935319,0,monitor_data.speed_ref
1764787935321,0,monitor_data.speed_ref
1764787935323,0,monitor_data.speed_ref
1764787935326,0,monitor_data.speed_ref
1764787935328,0,monitor_data.speed_ref
1764787935330,0,monitor_data.speed_ref
1764787935332,0,monitor_data.speed_ref
1764787935334,0,monitor_data.speed_ref
1764787935337,0,monitor_data.speed_ref
1764787935339,0,monitor_data.speed_ref
1764787935342,0,monitor_data.speed_ref
1764787935344,0,monitor_data.speed_ref
1764787935346,0,monitor_data.speed_ref
1764787935348,0,monitor_data.speed_ref
1764787935351,0,monitor_data.speed_ref
1764787935353,0,monitor_data.speed_ref
1764787935355,0,monitor_data.speed_ref
1764787935357,0,monitor_data.speed_ref
1764787935359,0,monitor_data.speed_ref
1764787935361,0,monitor_data.speed_ref
1764787935364,0,monitor_data.speed_ref
1764787935366,0,monitor_data.speed_ref
1764787935368,0.007625145372003317,monitor_data.speed
1764787935370,0.007750844582915306,monitor_data.speed
1764787935372,0.007859628647565842,monitor_data.speed
1764787935374,0.007940491661429405,monitor_data.speed
1764787935375,0.008011373691260815,monitor_data.speed
1764787935378,0.008083575405180454,monitor_data.speed
1764787935380,0.008136079646646976,monitor_data.speed
1764787935382,0.008179870434105396,monitor_data.speed
1764787935385,0.008214621804654598,monitor_data.speed
1764787935387,0.00824535172432661,monitor_data.speed
1764787935389,0.008265765383839607,monitor_data.speed
1764787935392,0.008283444680273533,monitor_data.speed
1764787935394,0.008296821266412735,monitor_data.speed
1764787935396,0.008306188508868217,monitor_data.speed
1764787935398,0.008314871229231358,monitor_data.speed
1764787935401,0.008322288282215595,monitor_data.speed
1764787935403,0.008327440358698368,monitor_data.speed
1764787935405,0.00833173654973507,monitor_data.speed
1764787935407,0.008334880694746971,monitor_data.speed
1764787935410,0.008337853476405144,monitor_data.speed
1764787935412,0.008339832536876202,monitor_data.speed
1764787935414,0.008341435343027115,monitor_data.speed
1764787935417,0.008342950604856014,monitor_data.speed
1764787935368,0,monitor_data.speed_ref
1764787935370,0,monitor_data.speed_ref
1764787935372,0,monitor_data.speed_ref
1764787935374,0,monitor_data.speed_ref
1764787935375,0,monitor_data.speed_ref
1764787935378,0,monitor_data.speed_ref
1764787935380,0,monitor_data.speed_ref
1764787935382,0,monitor_data.speed_ref
1764787935385,0,monitor_data.speed_ref
1764787935387,0,monitor_data.speed_ref
1764787935389,0,monitor_data.speed_ref
1764787935392,0,monitor_data.speed_ref
1764787935394,0,monitor_data.speed_ref
1764787935396,0,monitor_data.speed_ref
1764787935398,0,monitor_data.speed_ref
1764787935401,0,monitor_data.speed_ref
1764787935403,0,monitor_data.speed_ref
1764787935405,0,monitor_data.speed_ref
1764787935407,0,monitor_data.speed_ref
1764787935410,0,monitor_data.speed_ref
1764787935412,0,monitor_data.speed_ref
1764787935414,0,monitor_data.speed_ref
1764787935417,0,monitor_data.speed_ref
1764787935419,0.00834400299936533,monitor_data.speed
1764787935421,0.008344949223101139,monitor_data.speed
1764787935423,0.008345551788806915,monitor_data.speed
1764787935426,0.00834610965102911,monitor_data.speed
1764787935428,0.008346518501639366,monitor_data.speed
1764787935430,0.008346835151314735,monitor_data.speed
1764787935432,0.008347106166183949,monitor_data.speed
1764787935434,0.008347335271537304,monitor_data.speed
1764787935437,0.008347546681761742,monitor_data.speed
1764787935439,0.008347693830728531,monitor_data.speed
1764787935441,0.008347800932824612,monitor_data.speed
1764787935443,0.008347895927727222,monitor_data.speed
1764787935446,0.008347969502210617,monitor_data.speed
1764787935448,0.008348026312887669,monitor_data.speed
1764787935450,0.008348069153726101,monitor_data.speed
1764787935452,0.008348100818693638,monitor_data.speed
1764787935454,0.008348129689693451,monitor_data.speed
1764787935456,0.008348152972757816,monitor_data.speed
1764787935458,0.008348176255822182,monitor_data.speed
1764787935460,0.008348190225660801,monitor_data.speed
1764787935462,0.008348201401531696,monitor_data.speed
1764787935465,0.008348212577402592,monitor_data.speed
1764787935419,0,monitor_data.speed_ref
1764787935421,0,monitor_data.speed_ref
1764787935423,0,monitor_data.speed_ref
1764787935426,0,monitor_data.speed_ref
1764787935428,0,monitor_data.speed_ref
1764787935430,0,monitor_data.speed_ref
1764787935432,0,monitor_data.speed_ref
1764787935434,0,monitor_data.speed_ref
1764787935437,0,monitor_data.speed_ref
1764787935439,0,monitor_data.speed_ref
1764787935441,0,monitor_data.speed_ref
1764787935443,0,monitor_data.speed_ref
1764787935446,0,monitor_data.speed_ref
1764787935448,0,monitor_data.speed_ref
1764787935450,0,monitor_data.speed_ref
1764787935452,0,monitor_data.speed_ref
1764787935454,0,monitor_data.speed_ref
1764787935456,0,monitor_data.speed_ref
1764787935458,0,monitor_data.speed_ref
1764787935460,0,monitor_data.speed_ref
1764787935462,0,monitor_data.speed_ref
1764787935465,0,monitor_data.speed_ref
1764787935467,0.008348224684596062,monitor_data.speed
1764787935469,0.00834823027253151,monitor_data.speed
1764787935471,0.00834823027253151,monitor_data.speed
1764787935473,0.00834823027253151,monitor_data.speed
1764787935475,0.00834823027253151,monitor_data.speed
1764787935477,0.00834823027253151,monitor_data.speed
1764787935479,0.00834823027253151,monitor_data.speed
1764787935482,0.00834823027253151,monitor_data.speed
1764787935484,0.00834823027253151,monitor_data.speed
1764787935486,0.00834823027253151,monitor_data.speed
1764787935489,0.00834823027253151,monitor_data.speed
1764787935491,0.00834823027253151,monitor_data.speed
1764787935493,0.00834823027253151,monitor_data.speed
1764787935495,0.00834823027253151,monitor_data.speed
1764787935498,0.00834823027253151,monitor_data.speed
1764787935500,0.00834823027253151,monitor_data.speed
1764787935502,0.00834823027253151,monitor_data.speed
1764787935504,0.00834823027253151,monitor_data.speed
1764787935506,0.00834823027253151,monitor_data.speed
1764787935508,0.00834823027253151,monitor_data.speed
1764787935510,0.00834823027253151,monitor_data.speed
1764787935513,0.00834823027253151,monitor_data.speed
1764787935515,0.00834823027253151,monitor_data.speed
1764787935517,0.00834823027253151,monitor_data.speed
1764787935519,0.00834823027253151,monitor_data.speed
1764787935467,0,monitor_data.speed_ref
1764787935469,0,monitor_data.speed_ref
1764787935471,0,monitor_data.speed_ref
1764787935473,0,monitor_data.speed_ref
1764787935475,0,monitor_data.speed_ref
1764787935477,0,monitor_data.speed_ref
1764787935479,0,monitor_data.speed_ref
1764787935482,0,monitor_data.speed_ref
1764787935484,0,monitor_data.speed_ref
1764787935486,0,monitor_data.speed_ref
1764787935489,0,monitor_data.speed_ref
1764787935491,0,monitor_data.speed_ref
1764787935493,0,monitor_data.speed_ref
1764787935495,0,monitor_data.speed_ref
1764787935498,0,monitor_data.speed_ref
1764787935500,0,monitor_data.speed_ref
1764787935502,0,monitor_data.speed_ref
1764787935504,0,monitor_data.speed_ref
1764787935506,0,monitor_data.speed_ref
1764787935508,0,monitor_data.speed_ref
1764787935510,0,monitor_data.speed_ref
1764787935513,0,monitor_data.speed_ref
1764787935515,0,monitor_data.speed_ref
1764787935517,0,monitor_data.speed_ref
1764787935519,0,monitor_data.speed_ref
1764787935521,0.00834823027253151,monitor_data.speed
1764787935523,0.00834823027253151,monitor_data.speed
1764787935525,0.00834823027253151,monitor_data.speed
1764787935527,0.00834823027253151,monitor_data.speed
1764787935530,0.00834823027253151,monitor_data.speed
1764787935532,0.00834823027253151,monitor_data.speed
1764787935535,0.00834823027253151,monitor_data.speed
1764787935536,0.00834823027253151,monitor_data.speed
1764787935539,0.00834823027253151,monitor_data.speed
1764787935541,0.00834823027253151,monitor_data.speed
1764787935543,0.00834823027253151,monitor_data.speed
1764787935545,0.00834823027253151,monitor_data.speed
1764787935548,0.00834823027253151,monitor_data.speed
1764787935550,0.00834823027253151,monitor_data.speed
1764787935552,0.00834823027253151,monitor_data.speed
1764787935554,0.00834823027253151,monitor_data.speed
1764787935556,0.00834823027253151,monitor_data.speed
1764787935559,0.00834823027253151,monitor_data.speed
1764787935561,0.00834823027253151,monitor_data.speed
1764787935563,0.00834823027253151,monitor_data.speed
1764787935565,0.00834823027253151,monitor_data.speed
1764787935567,0.00834823027253151,monitor_data.speed
1764787935570,0.00834823027253151,monitor_data.speed
1764787935521,0,monitor_data.speed_ref
1764787935523,0,monitor_data.speed_ref
1764787935525,0,monitor_data.speed_ref
1764787935527,0,monitor_data.speed_ref
1764787935530,0,monitor_data.speed_ref
1764787935532,0,monitor_data.speed_ref
1764787935535,0,monitor_data.speed_ref
1764787935536,0,monitor_data.speed_ref
1764787935539,0,monitor_data.speed_ref
1764787935541,0,monitor_data.speed_ref
1764787935543,0,monitor_data.speed_ref
1764787935545,0,monitor_data.speed_ref
1764787935548,0,monitor_data.speed_ref
1764787935550,0,monitor_data.speed_ref
1764787935552,0,monitor_data.speed_ref
1764787935554,0,monitor_data.speed_ref
1764787935556,0,monitor_data.speed_ref
1764787935559,0,monitor_data.speed_ref
1764787935561,0,monitor_data.speed_ref
1764787935563,0,monitor_data.speed_ref
1764787935565,0,monitor_data.speed_ref
1764787935567,0,monitor_data.speed_ref
1764787935570,0,monitor_data.speed_ref
1764787935572,0.00834823027253151,monitor_data.speed
1764787935574,0.00834823027253151,monitor_data.speed
1764787935576,0.00834823027253151,monitor_data.speed
1764787935579,0.00834823027253151,monitor_data.speed
1764787935581,0.00834823027253151,monitor_data.speed
1764787935584,0.00834823027253151,monitor_data.speed
1764787935586,0.00834823027253151,monitor_data.speed
1764787935588,0.00834823027253151,monitor_data.speed
1764787935591,0.00834823027253151,monitor_data.speed
1764787935593,0.00834823027253151,monitor_data.speed
1764787935595,0.00834823027253151,monitor_data.speed
1764787935597,0.00834823027253151,monitor_data.speed
1764787935599,0.00834823027253151,monitor_data.speed
1764787935602,0.00834823027253151,monitor_data.speed
1764787935604,0.00834823027253151,monitor_data.speed
1764787935606,0.00834823027253151,monitor_data.speed
1764787935609,0.00834823027253151,monitor_data.speed
1764787935611,0.00834823027253151,monitor_data.speed
1764787935613,0.00834823027253151,monitor_data.speed
1764787935616,0.00834823027253151,monitor_data.speed
1764787935618,0.00834823027253151,monitor_data.speed
1764787935621,0.00834823027253151,monitor_data.speed
1764787935572,0,monitor_data.speed_ref
1764787935574,0,monitor_data.speed_ref
1764787935576,0,monitor_data.speed_ref
1764787935579,0,monitor_data.speed_ref
1764787935581,0,monitor_data.speed_ref
1764787935584,0,monitor_data.speed_ref
1764787935586,0,monitor_data.speed_ref
1764787935588,0,monitor_data.speed_ref
1764787935591,0,monitor_data.speed_ref
1764787935593,0,monitor_data.speed_ref
1764787935595,0,monitor_data.speed_ref
1764787935597,0,monitor_data.speed_ref
1764787935599,0,monitor_data.speed_ref
1764787935602,0,monitor_data.speed_ref
1764787935604,0,monitor_data.speed_ref
1764787935606,0,monitor_data.speed_ref
1764787935609,0,monitor_data.speed_ref
1764787935611,0,monitor_data.speed_ref
1764787935613,0,monitor_data.speed_ref
1764787935616,0,monitor_data.speed_ref
1764787935618,0,monitor_data.speed_ref
1764787935621,0,monitor_data.speed_ref
1764787935623,0.00834823027253151,monitor_data.speed
1764787935625,0.00834823027253151,monitor_data.speed
1764787935627,0.00834823027253151,monitor_data.speed
1764787935630,0.00834823027253151,monitor_data.speed
1764787935632,0.00834823027253151,monitor_data.speed
1764787935634,0.00834823027253151,monitor_data.speed
1764787935636,0.00834823027253151,monitor_data.speed
1764787935639,0.00834823027253151,monitor_data.speed
1764787935641,0.00834823027253151,monitor_data.speed
1764787935643,0.00834823027253151,monitor_data.speed
1764787935646,0.00834823027253151,monitor_data.speed
1764787935648,0.00834823027253151,monitor_data.speed
1764787935650,0.00834823027253151,monitor_data.speed
1764787935653,0.00834823027253151,monitor_data.speed
1764787935655,0.00834823027253151,monitor_data.speed
1764787935657,0.00834823027253151,monitor_data.speed
1764787935660,0.00834823027253151,monitor_data.speed
1764787935662,0.00834823027253151,monitor_data.speed
1764787935665,0.00834823027253151,monitor_data.speed
1764787935667,0.00834823027253151,monitor_data.speed
1764787935669,0.00834823027253151,monitor_data.speed
1764787935672,0.00834823027253151,monitor_data.speed
1764787935623,0,monitor_data.speed_ref
1764787935625,0,monitor_data.speed_ref
1764787935627,0,monitor_data.speed_ref
1764787935630,0,monitor_data.speed_ref
1764787935632,0,monitor_data.speed_ref
1764787935634,0,monitor_data.speed_ref
1764787935636,0,monitor_data.speed_ref
1764787935639,0,monitor_data.speed_ref
1764787935641,0,monitor_data.speed_ref
1764787935643,0,monitor_data.speed_ref
1764787935646,0,monitor_data.speed_ref
1764787935648,0,monitor_data.speed_ref
1764787935650,0,monitor_data.speed_ref
1764787935653,0,monitor_data.speed_ref
1764787935655,0,monitor_data.speed_ref
1764787935657,0,monitor_data.speed_ref
1764787935660,0,monitor_data.speed_ref
1764787935662,0,monitor_data.speed_ref
1764787935665,0,monitor_data.speed_ref
1764787935667,0,monitor_data.speed_ref
1764787935669,0,monitor_data.speed_ref
1764787935672,0,monitor_data.speed_ref
1764787935674,0.00834823027253151,monitor_data.speed
1764787935676,0.00834823027253151,monitor_data.speed
1764787935679,0.00834823027253151,monitor_data.speed
1764787935681,0.00834823027253151,monitor_data.speed
1764787935683,0.00834823027253151,monitor_data.speed
1764787935685,0.00834823027253151,monitor_data.speed
1764787935688,0.00834823027253151,monitor_data.speed
1764787935690,0.00834823027253151,monitor_data.speed
1764787935693,0.00834823027253151,monitor_data.speed
1764787935695,0.00834823027253151,monitor_data.speed
1764787935697,0.00834823027253151,monitor_data.speed
1764787935699,0.00834823027253151,monitor_data.speed
1764787935704,0.00834823027253151,monitor_data.speed
1764787935706,0.00834823027253151,monitor_data.speed
1764787935708,0.00834823027253151,monitor_data.speed
1764787935710,0.00834823027253151,monitor_data.speed
1764787935713,0.00834823027253151,monitor_data.speed
1764787935674,0,monitor_data.speed_ref
1764787935676,0,monitor_data.speed_ref
1764787935679,0,monitor_data.speed_ref
1764787935681,0,monitor_data.speed_ref
1764787935683,0,monitor_data.speed_ref
1764787935685,0,monitor_data.speed_ref
1764787935688,0,monitor_data.speed_ref
1764787935690,0,monitor_data.speed_ref
1764787935693,0,monitor_data.speed_ref
1764787935695,0,monitor_data.speed_ref
1764787935697,0,monitor_data.speed_ref
1764787935699,0,monitor_data.speed_ref
1764787935704,0,monitor_data.speed_ref
1764787935706,0,monitor_data.speed_ref
1764787935708,0,monitor_data.speed_ref
1764787935710,0,monitor_data.speed_ref
1764787935713,0,monitor_data.speed_ref
1764787935715,0.00834823027253151,monitor_data.speed
1764787935717,0.00834823027253151,monitor_data.speed
1764787935720,0.00834823027253151,monitor_data.speed
1764787935722,0.00834823027253151,monitor_data.speed
1764787935725,0.00834823027253151,monitor_data.speed
1764787935727,0.00834823027253151,monitor_data.speed
1764787935730,0.00834823027253151,monitor_data.speed
1764787935732,0.00834823027253151,monitor_data.speed
1764787935734,0.00834823027253151,monitor_data.speed
1764787935737,0.00834823027253151,monitor_data.speed
1764787935739,0.00834823027253151,monitor_data.speed
1764787935741,0.00834823027253151,monitor_data.speed
1764787935743,0.00834823027253151,monitor_data.speed
1764787935746,0.00834823027253151,monitor_data.speed
1764787935748,0.00834823027253151,monitor_data.speed
1764787935750,0.00834823027253151,monitor_data.speed
1764787935752,0.00834823027253151,monitor_data.speed
1764787935755,0.00834823027253151,monitor_data.speed
1764787935757,0.00834823027253151,monitor_data.speed
1764787935759,0.00834823027253151,monitor_data.speed
1764787935761,0.00834823027253151,monitor_data.speed
1764787935764,0.00834823027253151,monitor_data.speed
1764787935766,0.00834823027253151,monitor_data.speed
1764787935768,0.00834823027253151,monitor_data.speed
1764787935771,0.00834823027253151,monitor_data.speed
1764787935773,0.00834823027253151,monitor_data.speed
1764787935775,0.00834823027253151,monitor_data.speed
1764787935777,0.00834823027253151,monitor_data.speed
1764787935715,0,monitor_data.speed_ref
1764787935717,0,monitor_data.speed_ref
1764787935720,0,monitor_data.speed_ref
1764787935722,0,monitor_data.speed_ref
1764787935725,0,monitor_data.speed_ref
1764787935727,0,monitor_data.speed_ref
1764787935730,0,monitor_data.speed_ref
1764787935732,0,monitor_data.speed_ref
1764787935734,0,monitor_data.speed_ref
1764787935737,0,monitor_data.speed_ref
1764787935739,0,monitor_data.speed_ref
1764787935741,0,monitor_data.speed_ref
1764787935743,0,monitor_data.speed_ref
1764787935746,0,monitor_data.speed_ref
1764787935748,0,monitor_data.speed_ref
1764787935750,0,monitor_data.speed_ref
1764787935752,0,monitor_data.speed_ref
1764787935755,0,monitor_data.speed_ref
1764787935757,0,monitor_data.speed_ref
1764787935759,0,monitor_data.speed_ref
1764787935761,0,monitor_data.speed_ref
1764787935764,0,monitor_data.speed_ref
1764787935766,0,monitor_data.speed_ref
1764787935768,0,monitor_data.speed_ref
1764787935771,0,monitor_data.speed_ref
1764787935773,0,monitor_data.speed_ref
1764787935775,0,monitor_data.speed_ref
1764787935777,0,monitor_data.speed_ref
1764787935780,0.00834823027253151,monitor_data.speed
1764787935782,0.00834823027253151,monitor_data.speed
1764787935785,0.00834823027253151,monitor_data.speed
1764787935787,0.00834823027253151,monitor_data.speed
1764787935789,0.00834823027253151,monitor_data.speed
1764787935791,0.00834823027253151,monitor_data.speed
1764787935793,0.00834823027253151,monitor_data.speed
1764787935795,0.00834823027253151,monitor_data.speed
1764787935797,0.00834823027253151,monitor_data.speed
1764787935799,0.00834823027253151,monitor_data.speed
1764787935801,0.00834823027253151,monitor_data.speed
1764787935803,0.00834823027253151,monitor_data.speed
1764787935805,0.00834823027253151,monitor_data.speed
1764787935807,0.00834823027253151,monitor_data.speed
1764787935810,0.00834823027253151,monitor_data.speed
1764787935812,0.00834823027253151,monitor_data.speed
1764787935814,0.00834823027253151,monitor_data.speed
1764787935816,0.00834823027253151,monitor_data.speed
1764787935818,-0.04204598069190979,monitor_data.speed
1764787935820,-0.03245736286044121,monitor_data.speed
1764787935822,-0.02502693608403206,monitor_data.speed
1764787935824,-0.01922527514398098,monitor_data.speed
1764787935827,-0.0676269382238388,monitor_data.speed
1764787935830,-0.05074687302112579,monitor_data.speed
1764787935780,0,monitor_data.speed_ref
1764787935782,0,monitor_data.speed_ref
1764787935785,0,monitor_data.speed_ref
1764787935787,0,monitor_data.speed_ref
1764787935789,0,monitor_data.speed_ref
1764787935791,0,monitor_data.speed_ref
1764787935793,0,monitor_data.speed_ref
1764787935795,0,monitor_data.speed_ref
1764787935797,0,monitor_data.speed_ref
1764787935799,0,monitor_data.speed_ref
1764787935801,0,monitor_data.speed_ref
1764787935803,0,monitor_data.speed_ref
1764787935805,0,monitor_data.speed_ref
1764787935807,0,monitor_data.speed_ref
1764787935810,0,monitor_data.speed_ref
1764787935812,0,monitor_data.speed_ref
1764787935814,0,monitor_data.speed_ref
1764787935816,0,monitor_data.speed_ref
1764787935818,0,monitor_data.speed_ref
1764787935820,0,monitor_data.speed_ref
1764787935822,0,monitor_data.speed_ref
1764787935824,0,monitor_data.speed_ref
1764787935827,0,monitor_data.speed_ref
1764787935830,0,monitor_data.speed_ref
1764787935832,-0.03950272500514984,monitor_data.speed
1764787935833,-0.03158404305577278,monitor_data.speed
1764787935835,-0.07980787754058838,monitor_data.speed
1764787935838,-0.06091409921646118,monitor_data.speed
1764787935840,-0.10630174726247787,monitor_data.speed
1764787935841,-0.08927138149738312,monitor_data.speed
1764787935843,-0.06990664452314377,monitor_data.speed
1764787935845,-0.057616181671619415,monitor_data.speed
1764787935846,-0.10528656840324402,monitor_data.speed
1764787935848,-0.08743946254253387,monitor_data.speed
1764787935850,-0.07078853249549866,monitor_data.speed
1764787935852,-0.05769249051809311,monitor_data.speed
1764787935854,-0.04459202289581299,monitor_data.speed
1764787935856,-0.03451895713806152,monitor_data.speed
1764787935858,-0.027425017207860947,monitor_data.speed
1764787935860,-0.07414519786834717,monitor_data.speed
1764787935862,-0.11319118738174438,monitor_data.speed
1764787935863,-0.09618277102708817,monitor_data.speed
1764787935865,5.782238006591797,monitor_data.speed
1764787935867,-0.26710253953933716,monitor_data.speed
1764787935869,-0.38052740693092346,monitor_data.speed
1764787935872,-0.3920460343360901,monitor_data.speed
1764787935874,-0.6383001208305359,monitor_data.speed
1764787935876,-0.9859743714332581,monitor_data.speed
1764787935878,4.691943645477295,monitor_data.speed
1764787935880,-1.8694788217544556,monitor_data.speed
1764787935832,0,monitor_data.speed_ref
1764787935833,0,monitor_data.speed_ref
1764787935835,0,monitor_data.speed_ref
1764787935838,0,monitor_data.speed_ref
1764787935840,0,monitor_data.speed_ref
1764787935841,0,monitor_data.speed_ref
1764787935843,0,monitor_data.speed_ref
1764787935845,0,monitor_data.speed_ref
1764787935846,0,monitor_data.speed_ref
1764787935848,0,monitor_data.speed_ref
1764787935850,0,monitor_data.speed_ref
1764787935852,0,monitor_data.speed_ref
1764787935854,0,monitor_data.speed_ref
1764787935856,0,monitor_data.speed_ref
1764787935858,0,monitor_data.speed_ref
1764787935860,0,monitor_data.speed_ref
1764787935862,0,monitor_data.speed_ref
1764787935863,0,monitor_data.speed_ref
1764787935865,0,monitor_data.speed_ref
1764787935867,0,monitor_data.speed_ref
1764787935869,0,monitor_data.speed_ref
1764787935872,0,monitor_data.speed_ref
1764787935874,0,monitor_data.speed_ref
1764787935876,0,monitor_data.speed_ref
1764787935878,0,monitor_data.speed_ref
1764787935880,0,monitor_data.speed_ref
1764787935882,-2.2246367931365967,monitor_data.speed
1764787935884,3.201262950897217,monitor_data.speed
1764787935886,2.880662441253662,monitor_data.speed
1764787935887,2.559943437576294,monitor_data.speed
1764787935889,2.1376900672912598,monitor_data.speed
1764787935891,1.7568188905715942,monitor_data.speed
1764787935893,1.3959605693817139,monitor_data.speed
1764787935896,1.1207013130187988,monitor_data.speed
1764787935897,0.9459984302520752,monitor_data.speed
1764787935899,0.7752585411071777,monitor_data.speed
1764787935901,0.6419452428817749,monitor_data.speed
1764787935903,0.5370936989784241,monitor_data.speed
1764787935905,0.44518136978149414,monitor_data.speed
1764787935907,0.37289172410964966,monitor_data.speed
1764787935909,0.30651116371154785,monitor_data.speed
1764787935911,0.24497449398040771,monitor_data.speed
1764787935913,0.2018863707780838,monitor_data.speed
1764787935916,-0.014675620943307877,monitor_data.speed
1764787935918,4.609775066375732,monitor_data.speed
1764787935921,3.696990728378296,monitor_data.speed
1764787935922,3.0865702629089355,monitor_data.speed
1764787935924,2.52604603767395,monitor_data.speed
1764787935927,2.0266127586364746,monitor_data.speed
1764787935929,1.6591018438339233,monitor_data.speed
1764787935931,1.34501051902771,monitor_data.speed
1764787935882,0,monitor_data.speed_ref
1764787935884,0,monitor_data.speed_ref
1764787935886,0,monitor_data.speed_ref
1764787935887,0,monitor_data.speed_ref
1764787935889,0,monitor_data.speed_ref
1764787935891,0,monitor_data.speed_ref
1764787935893,0,monitor_data.speed_ref
1764787935896,0,monitor_data.speed_ref
1764787935897,0,monitor_data.speed_ref
1764787935899,0,monitor_data.speed_ref
1764787935901,0,monitor_data.speed_ref
1764787935903,0,monitor_data.speed_ref
1764787935905,0,monitor_data.speed_ref
1764787935907,0,monitor_data.speed_ref
1764787935909,0,monitor_data.speed_ref
1764787935911,0,monitor_data.speed_ref
1764787935913,0,monitor_data.speed_ref
1764787935916,0,monitor_data.speed_ref
1764787935918,0,monitor_data.speed_ref
1764787935921,0,monitor_data.speed_ref
1764787935922,0,monitor_data.speed_ref
1764787935924,0,monitor_data.speed_ref
1764787935927,0,monitor_data.speed_ref
1764787935929,0,monitor_data.speed_ref
1764787935931,0,monitor_data.speed_ref
1764787935933,0.8368046283721924,monitor_data.speed
1764787935934,5.695711612701416,monitor_data.speed
1764787935936,4.613568305969238,monitor_data.speed
1764787935938,3.7749881744384766,monitor_data.speed
1764787935940,3.313652276992798,monitor_data.speed
1764787935941,2.851101875305176,monitor_data.speed
1764787935943,2.31020450592041,monitor_data.speed
1764787935946,7.245672225952148,monitor_data.speed
1764787935948,5.810013771057129,monitor_data.speed
1764787935950,4.849922180175781,monitor_data.speed
1764787935951,4.089519500732422,monitor_data.speed
1764787935953,9.273526191711426,monitor_data.speed
1764787935955,7.764249324798584,monitor_data.speed
1764787935957,6.101995944976807,monitor_data.speed
1764787935960,4.633840560913086,monitor_data.speed
1764787935962,8.682805061340332,monitor_data.speed
1764787935963,7.468891620635986,monitor_data.speed
1764787935965,11.854320526123047,monitor_data.speed
1764787935967,9.697246551513672,monitor_data.speed
1764787935969,13.837820053100586,monitor_data.speed
1764787935971,11.5371732711792,monitor_data.speed
1764787935973,15.180632591247559,monitor_data.speed
1764787935975,12.417860984802246,monitor_data.speed
1764787935978,14.540475845336914,monitor_data.speed
1764787935980,22.134479522705078,monitor_data.speed
1764787935982,23.850547790527344,monitor_data.speed
1764787935933,0,monitor_data.speed_ref
1764787935934,0,monitor_data.speed_ref
1764787935936,0,monitor_data.speed_ref
1764787935938,0,monitor_data.speed_ref
1764787935940,0,monitor_data.speed_ref
1764787935941,0,monitor_data.speed_ref
1764787935943,0,monitor_data.speed_ref
1764787935946,0,monitor_data.speed_ref
1764787935948,0,monitor_data.speed_ref
1764787935950,0,monitor_data.speed_ref
1764787935951,0,monitor_data.speed_ref
1764787935953,0,monitor_data.speed_ref
1764787935955,0,monitor_data.speed_ref
1764787935957,0,monitor_data.speed_ref
1764787935960,0,monitor_data.speed_ref
1764787935962,0,monitor_data.speed_ref
1764787935963,0,monitor_data.speed_ref
1764787935965,0,monitor_data.speed_ref
1764787935967,0,monitor_data.speed_ref
1764787935969,0,monitor_data.speed_ref
1764787935971,0,monitor_data.speed_ref
1764787935973,0,monitor_data.speed_ref
1764787935975,0,monitor_data.speed_ref
1764787935978,0,monitor_data.speed_ref
1764787935980,0,monitor_data.speed_ref
1764787935982,0,monitor_data.speed_ref
1764787935984,25.05847930908203,monitor_data.speed
1764787935986,30.854379653930664,monitor_data.speed
1764787935988,36.35661315917969,monitor_data.speed
1764787935990,45.87635803222656,monitor_data.speed
1764787935991,60.9866943359375,monitor_data.speed
1764787935993,91.52775573730469,monitor_data.speed
1764787935995,129.22457885742188,monitor_data.speed
1764787935997,172.3756103515625,monitor_data.speed
1764787935999,229.989013671875,monitor_data.speed
1764787936001,295.4999694824219,monitor_data.speed
1764787936003,352.32830810546875,monitor_data.speed
1764787936005,407.71417236328125,monitor_data.speed
1764787936007,473.5210266113281,monitor_data.speed
1764787936009,555.2579345703125,monitor_data.speed
1764787936011,619.763671875,monitor_data.speed
1764787936013,678.913818359375,monitor_data.speed
1764787936015,737.90478515625,monitor_data.speed
1764787936017,806.7666625976562,monitor_data.speed
1764787936019,860.2159423828125,monitor_data.speed
1764787936021,909.2303466796875,monitor_data.speed
1764787936023,962.4689331054688,monitor_data.speed
1764787936025,1029.580078125,monitor_data.speed
1764787936027,1084.273681640625,monitor_data.speed
1764787936029,1143.74853515625,monitor_data.speed
1764787936031,1181.4825439453125,monitor_data.speed
1764787936033,1217.437255859375,monitor_data.speed
1764787935984,0,monitor_data.speed_ref
1764787935986,0,monitor_data.speed_ref
1764787935988,0,monitor_data.speed_ref
1764787935990,0,monitor_data.speed_ref
1764787935991,0,monitor_data.speed_ref
1764787935993,0,monitor_data.speed_ref
1764787935995,0,monitor_data.speed_ref
1764787935997,0,monitor_data.speed_ref
1764787935999,0,monitor_data.speed_ref
1764787936001,0,monitor_data.speed_ref
1764787936003,0,monitor_data.speed_ref
1764787936005,0,monitor_data.speed_ref
1764787936007,0,monitor_data.speed_ref
1764787936009,0,monitor_data.speed_ref
1764787936011,0,monitor_data.speed_ref
1764787936013,0,monitor_data.speed_ref
1764787936015,0,monitor_data.speed_ref
1764787936017,0,monitor_data.speed_ref
1764787936019,0,monitor_data.speed_ref
1764787936021,0,monitor_data.speed_ref
1764787936023,0,monitor_data.speed_ref
1764787936025,0,monitor_data.speed_ref
1764787936027,0,monitor_data.speed_ref
1764787936029,0,monitor_data.speed_ref
1764787936031,0,monitor_data.speed_ref
1764787936033,0,monitor_data.speed_ref
1764787936035,1258.5692138671875,monitor_data.speed
1764787936037,1290.9080810546875,monitor_data.speed
1764787936039,1337.579345703125,monitor_data.speed
1764787936041,1388.0574951171875,monitor_data.speed
1764787936043,1412.6827392578125,monitor_data.speed
1764787936045,1420.6251220703125,monitor_data.speed
1764787936047,1447.3275146484375,monitor_data.speed
1764787936049,1459.037109375,monitor_data.speed
1764787936051,1479.1734619140625,monitor_data.speed
1764787936053,1496.361328125,monitor_data.speed
1764787936054,1509.7919921875,monitor_data.speed
1764787936056,1524.9306640625,monitor_data.speed
1764787936058,1536.875732421875,monitor_data.speed
1764787936060,1559.4964599609375,monitor_data.speed
1764787936062,1564.225341796875,monitor_data.speed
1764787936064,1566.0867919921875,monitor_data.speed
1764787936066,1582.5196533203125,monitor_data.speed
1764787936068,1587.2470703125,monitor_data.speed
1764787936070,1597.0396728515625,monitor_data.speed
1764787936071,1610.8194580078125,monitor_data.speed
1764787936074,1630.7001953125,monitor_data.speed
1764787936076,1644.099609375,monitor_data.speed
1764787936078,1658.78466796875,monitor_data.speed
1764787936081,1663.3131103515625,monitor_data.speed
1764787936083,1660.20751953125,monitor_data.speed
1764787936085,1652.30224609375,monitor_data.speed
1764787936035,0,monitor_data.speed_ref
1764787936037,0,monitor_data.speed_ref
1764787936039,0,monitor_data.speed_ref
1764787936041,0,monitor_data.speed_ref
1764787936043,0,monitor_data.speed_ref
1764787936045,0,monitor_data.speed_ref
1764787936047,0,monitor_data.speed_ref
1764787936049,0,monitor_data.speed_ref
1764787936051,0,monitor_data.speed_ref
1764787936053,0,monitor_data.speed_ref
1764787936054,0,monitor_data.speed_ref
1764787936056,0,monitor_data.speed_ref
1764787936058,0,monitor_data.speed_ref
1764787936060,0,monitor_data.speed_ref
1764787936062,0,monitor_data.speed_ref
1764787936064,0,monitor_data.speed_ref
1764787936066,0,monitor_data.speed_ref
1764787936068,0,monitor_data.speed_ref
1764787936070,0,monitor_data.speed_ref
1764787936071,0,monitor_data.speed_ref
1764787936074,0,monitor_data.speed_ref
1764787936076,0,monitor_data.speed_ref
1764787936078,0,monitor_data.speed_ref
1764787936081,0,monitor_data.speed_ref
1764787936083,0,monitor_data.speed_ref
1764787936085,0,monitor_data.speed_ref
1764787936087,1654.4625244140625,monitor_data.speed
1764787936090,1684.1925048828125,monitor_data.speed
1764787936091,1687.114013671875,monitor_data.speed
1764787936094,1689.8145751953125,monitor_data.speed
1764787936096,1703.8223876953125,monitor_data.speed
1764787936098,1697.6005859375,monitor_data.speed
1764787936100,1687.4808349609375,monitor_data.speed
1764787936102,1742.3642578125,monitor_data.speed
1764787936104,1745.793701171875,monitor_data.speed
1764787936106,1731.5933837890625,monitor_data.speed
1764787936107,1734.628173828125,monitor_data.speed
1764787936109,1744.6212158203125,monitor_data.speed
1764787936111,1741.964599609375,monitor_data.speed
1764787936113,1738.8648681640625,monitor_data.speed
1764787936115,1731.0533447265625,monitor_data.speed
1764787936117,1725.8720703125,monitor_data.speed
1764787936119,1720.64404296875,monitor_data.speed
1764787936121,1716.30859375,monitor_data.speed
1764787936123,1730.045166015625,monitor_data.speed
1764787936126,1724.95166015625,monitor_data.speed
1764787936128,1736.20654296875,monitor_data.speed
1764787936130,1740.12109375,monitor_data.speed
1764787936132,1732.50341796875,monitor_data.speed
1764787936134,1732.2872314453125,monitor_data.speed
1764787936136,1754.675537109375,monitor_data.speed
1764787936087,0,monitor_data.speed_ref
1764787936090,0,monitor_data.speed_ref
1764787936091,0,monitor_data.speed_ref
1764787936094,0,monitor_data.speed_ref
1764787936096,0,monitor_data.speed_ref
1764787936098,0,monitor_data.speed_ref
1764787936100,0,monitor_data.speed_ref
1764787936102,0,monitor_data.speed_ref
1764787936104,0,monitor_data.speed_ref
1764787936106,0,monitor_data.speed_ref
1764787936107,0,monitor_data.speed_ref
1764787936109,0,monitor_data.speed_ref
1764787936111,0,monitor_data.speed_ref
1764787936113,0,monitor_data.speed_ref
1764787936115,0,monitor_data.speed_ref
1764787936117,0,monitor_data.speed_ref
1764787936119,0,monitor_data.speed_ref
1764787936121,0,monitor_data.speed_ref
1764787936123,0,monitor_data.speed_ref
1764787936126,0,monitor_data.speed_ref
1764787936128,0,monitor_data.speed_ref
1764787936130,0,monitor_data.speed_ref
1764787936132,0,monitor_data.speed_ref
1764787936134,0,monitor_data.speed_ref
1764787936136,0,monitor_data.speed_ref
1764787936138,1755.15185546875,monitor_data.speed
1764787936140,1750.2791748046875,monitor_data.speed
1764787936142,1757.06591796875,monitor_data.speed
1764787936144,1751.8704833984375,monitor_data.speed
1764787936146,1746.3912353515625,monitor_data.speed
1764787936148,1763.959716796875,monitor_data.speed
1764787936150,1757.687255859375,monitor_data.speed
1764787936152,1747.0897216796875,monitor_data.speed
1764787936153,1743.6197509765625,monitor_data.speed
1764787936155,1735.7269287109375,monitor_data.speed
1764787936157,1739.5389404296875,monitor_data.speed
1764787936159,1737.109130859375,monitor_data.speed
1764787936161,1751.9058837890625,monitor_data.speed
1764787936163,1753.7493896484375,monitor_data.speed
1764787936165,1743.873291015625,monitor_data.speed
1764787936167,1746.18359375,monitor_data.speed
1764787936169,1743.42333984375,monitor_data.speed
1764787936171,1784.7332763671875,monitor_data.speed
1764787936173,1778.437744140625,monitor_data.speed
1764787936175,1772.95361328125,monitor_data.speed
1764787936178,1780.9189453125,monitor_data.speed
1764787936180,1771.3179931640625,monitor_data.speed
1764787936182,1768.42626953125,monitor_data.speed
1764787936184,1772.06396484375,monitor_data.speed
1764787936185,1759.9031982421875,monitor_data.speed
1764787936138,0,monitor_data.speed_ref
1764787936140,0,monitor_data.speed_ref
1764787936142,0,monitor_data.speed_ref
1764787936144,0,monitor_data.speed_ref
1764787936146,0,monitor_data.speed_ref
1764787936148,0,monitor_data.speed_ref
1764787936150,0,monitor_data.speed_ref
1764787936152,0,monitor_data.speed_ref
1764787936153,0,monitor_data.speed_ref
1764787936155,0,monitor_data.speed_ref
1764787936157,0,monitor_data.speed_ref
1764787936159,0,monitor_data.speed_ref
1764787936161,0,monitor_data.speed_ref
1764787936163,0,monitor_data.speed_ref
1764787936165,0,monitor_data.speed_ref
1764787936167,0,monitor_data.speed_ref
1764787936169,0,monitor_data.speed_ref
1764787936171,0,monitor_data.speed_ref
1764787936173,0,monitor_data.speed_ref
1764787936175,0,monitor_data.speed_ref
1764787936178,0,monitor_data.speed_ref
1764787936180,0,monitor_data.speed_ref
1764787936182,0,monitor_data.speed_ref
1764787936184,0,monitor_data.speed_ref
1764787936185,0,monitor_data.speed_ref
1764787936187,1749.627197265625,monitor_data.speed
1764787936189,1740.6397705078125,monitor_data.speed
1764787936191,1750.0794677734375,monitor_data.speed
1764787936194,1746.975830078125,monitor_data.speed
1764787936196,1754.751708984375,monitor_data.speed
1764787936198,1761.31689453125,monitor_data.speed
1764787936199,1761.76220703125,monitor_data.speed
1764787936201,1756.8577880859375,monitor_data.speed
1764787936203,1735.1614990234375,monitor_data.speed
1764787936204,1737.5059814453125,monitor_data.speed
1764787936205,1767.0120849609375,monitor_data.speed
1764787936207,1759.2410888671875,monitor_data.speed
1764787936209,1769.05029296875,monitor_data.speed
1764787936211,1761.4150390625,monitor_data.speed
1764787936213,1759.7664794921875,monitor_data.speed
1764787936215,1775.432861328125,monitor_data.speed
1764787936217,1767.4888916015625,monitor_data.speed
1764787936218,1760.8138427734375,monitor_data.speed
1764787936221,1744.0142822265625,monitor_data.speed
1764787936223,1746.6710205078125,monitor_data.speed
1764787936225,1738.2130126953125,monitor_data.speed
1764787936227,1753.194580078125,monitor_data.speed
1764787936229,1749.137451171875,monitor_data.speed
1764787936231,1756.2054443359375,monitor_data.speed
1764787936233,1750.941162109375,monitor_data.speed
1764787936235,1751.3260498046875,monitor_data.speed
1764787936236,1746.5479736328125,monitor_data.speed
1764787936238,1749.23583984375,monitor_data.speed
1764787936187,0,monitor_data.speed_ref
1764787936189,0,monitor_data.speed_ref
1764787936191,0,monitor_data.speed_ref
1764787936194,0,monitor_data.speed_ref
1764787936196,0,monitor_data.speed_ref
1764787936198,0,monitor_data.speed_ref
1764787936199,0,monitor_data.speed_ref
1764787936201,0,monitor_data.speed_ref
1764787936203,0,monitor_data.speed_ref
1764787936204,0,monitor_data.speed_ref
1764787936205,0,monitor_data.speed_ref
1764787936207,0,monitor_data.speed_ref
1764787936209,0,monitor_data.speed_ref
1764787936211,0,monitor_data.speed_ref
1764787936213,0,monitor_data.speed_ref
1764787936215,0,monitor_data.speed_ref
1764787936217,0,monitor_data.speed_ref
1764787936218,0,monitor_data.speed_ref
1764787936221,0,monitor_data.speed_ref
1764787936223,0,monitor_data.speed_ref
1764787936225,0,monitor_data.speed_ref
1764787936227,0,monitor_data.speed_ref
1764787936229,0,monitor_data.speed_ref
1764787936231,0,monitor_data.speed_ref
1764787936233,0,monitor_data.speed_ref
1764787936235,0,monitor_data.speed_ref
1764787936236,0,monitor_data.speed_ref
1764787936238,0,monitor_data.speed_ref
1764787936240,1782.0999755859375,monitor_data.speed
1764787936242,1765.93212890625,monitor_data.speed
1764787936245,1780.70263671875,monitor_data.speed
1764787936246,1766.5679931640625,monitor_data.speed
1764787936248,1775.29345703125,monitor_data.speed
1764787936250,1778.4132080078125,monitor_data.speed
1764787936252,1786.457275390625,monitor_data.speed
1764787936254,1779.72509765625,monitor_data.speed
1764787936256,1765.5830078125,monitor_data.speed
1764787936258,1753.0948486328125,monitor_data.speed
1764787936261,1759.338134765625,monitor_data.speed
1764787936263,1759.34423828125,monitor_data.speed
1764787936265,1758.8582763671875,monitor_data.speed
1764787936267,1763.476318359375,monitor_data.speed
1764787936269,1756.6817626953125,monitor_data.speed
1764787936271,1751.061767578125,monitor_data.speed
1764787936273,1735.5528564453125,monitor_data.speed
1764787936275,1774.399658203125,monitor_data.speed
1764787936278,1776.0570068359375,monitor_data.speed
1764787936280,1773.225830078125,monitor_data.speed
1764787936282,1770.3499755859375,monitor_data.speed
1764787936284,1779.456787109375,monitor_data.speed
1764787936286,1770.244140625,monitor_data.speed
1764787936288,1773.1153564453125,monitor_data.speed
1764787936290,1760.5546875,monitor_data.speed
1764787936240,0,monitor_data.speed_ref
1764787936242,0,monitor_data.speed_ref
1764787936245,0,monitor_data.speed_ref
1764787936246,0,monitor_data.speed_ref
1764787936248,0,monitor_data.speed_ref
1764787936250,0,monitor_data.speed_ref
1764787936252,0,monitor_data.speed_ref
1764787936254,0,monitor_data.speed_ref
1764787936256,0,monitor_data.speed_ref
1764787936258,0,monitor_data.speed_ref
1764787936261,0,monitor_data.speed_ref
1764787936263,0,monitor_data.speed_ref
1764787936265,0,monitor_data.speed_ref
1764787936267,0,monitor_data.speed_ref
1764787936269,0,monitor_data.speed_ref
1764787936271,0,monitor_data.speed_ref
1764787936273,0,monitor_data.speed_ref
1764787936275,0,monitor_data.speed_ref
1764787936278,0,monitor_data.speed_ref
1764787936280,0,monitor_data.speed_ref
1764787936282,0,monitor_data.speed_ref
1764787936284,0,monitor_data.speed_ref
1764787936286,0,monitor_data.speed_ref
1764787936288,0,monitor_data.speed_ref
1764787936290,0,monitor_data.speed_ref
1764787936292,1756.0804443359375,monitor_data.speed
1764787936294,1740.0277099609375,monitor_data.speed
1764787936295,1747.11474609375,monitor_data.speed
1764787936297,1753.956787109375,monitor_data.speed
1764787936299,1754.39599609375,monitor_data.speed
1764787936301,1754.2547607421875,monitor_data.speed
1764787936303,1759.59375,monitor_data.speed
1764787936305,1742.697998046875,monitor_data.speed
1764787936306,1743.8931884765625,monitor_data.speed
1764787936308,1773.919677734375,monitor_data.speed
1764787936310,1775.939697265625,monitor_data.speed
1764787936312,1767.418212890625,monitor_data.speed
1764787936314,1776.4566650390625,monitor_data.speed
1764787936316,1773.89697265625,monitor_data.speed
1764787936318,1771.092041015625,monitor_data.speed
1764787936320,1762.7022705078125,monitor_data.speed
1764787936322,1755.4224853515625,monitor_data.speed
1764787936324,1756.010498046875,monitor_data.speed
1764787936326,1746.36865234375,monitor_data.speed
1764787936328,1754.785400390625,monitor_data.speed
1764787936330,1750.8829345703125,monitor_data.speed
1764787936333,1758.00048828125,monitor_data.speed
1764787936335,1758.1717529296875,monitor_data.speed
1764787936337,1757.8922119140625,monitor_data.speed
1764787936339,1758.4783935546875,monitor_data.speed
1764787936341,1737.2874755859375,monitor_data.speed
1764787936292,0,monitor_data.speed_ref
1764787936294,0,monitor_data.speed_ref
1764787936295,0,monitor_data.speed_ref
1764787936297,0,monitor_data.speed_ref
1764787936299,0,monitor_data.speed_ref
1764787936301,0,monitor_data.speed_ref
1764787936303,0,monitor_data.speed_ref
1764787936305,0,monitor_data.speed_ref
1764787936306,0,monitor_data.speed_ref
1764787936308,0,monitor_data.speed_ref
1764787936310,0,monitor_data.speed_ref
1764787936312,0,monitor_data.speed_ref
1764787936314,0,monitor_data.speed_ref
1764787936316,0,monitor_data.speed_ref
1764787936318,0,monitor_data.speed_ref
1764787936320,0,monitor_data.speed_ref
1764787936322,0,monitor_data.speed_ref
1764787936324,0,monitor_data.speed_ref
1764787936326,0,monitor_data.speed_ref
1764787936328,0,monitor_data.speed_ref
1764787936330,0,monitor_data.speed_ref
1764787936333,0,monitor_data.speed_ref
1764787936335,0,monitor_data.speed_ref
1764787936337,0,monitor_data.speed_ref
1764787936339,0,monitor_data.speed_ref
1764787936341,0,monitor_data.speed_ref
1764787936343,1786.9761962890625,monitor_data.speed
1764787936346,1776.23388671875,monitor_data.speed
1764787936347,1779.7840576171875,monitor_data.speed
1764787936349,1776.19873046875,monitor_data.speed
1764787936351,1784.101806640625,monitor_data.speed
1764787936352,1775.8004150390625,monitor_data.speed
1764787936354,1768.008544921875,monitor_data.speed
1764787936355,1776.1114501953125,monitor_data.speed
1764787936357,1762.2528076171875,monitor_data.speed
1764787936360,1762.527587890625,monitor_data.speed
1764787936361,1740.1019287109375,monitor_data.speed
1764787936363,1759.1533203125,monitor_data.speed
1764787936365,1754.3297119140625,monitor_data.speed
1764787936367,1760.72607421875,monitor_data.speed
1764787936369,1754.9132080078125,monitor_data.speed
1764787936371,1766.09912109375,monitor_data.speed
1764787936373,1754.444091796875,monitor_data.speed
1764787936375,1739.04931640625,monitor_data.speed
1764787936377,1774.0247802734375,monitor_data.speed
1764787936379,1771.0711669921875,monitor_data.speed
1764787936381,1762.8433837890625,monitor_data.speed
1764787936383,1760.677490234375,monitor_data.speed
1764787936385,1775.8779296875,monitor_data.speed
1764787936386,1779.28857421875,monitor_data.speed
1764787936388,1770.987060546875,monitor_data.speed
1764787936391,1761.3118896484375,monitor_data.speed
1764787936343,0,monitor_data.speed_ref
1764787936346,0,monitor_data.speed_ref
1764787936347,0,monitor_data.speed_ref
1764787936349,0,monitor_data.speed_ref
1764787936351,0,monitor_data.speed_ref
1764787936352,0,monitor_data.speed_ref
1764787936354,0,monitor_data.speed_ref
1764787936355,0,monitor_data.speed_ref
1764787936357,0,monitor_data.speed_ref
1764787936360,0,monitor_data.speed_ref
1764787936361,0,monitor_data.speed_ref
1764787936363,0,monitor_data.speed_ref
1764787936365,0,monitor_data.speed_ref
1764787936367,0,monitor_data.speed_ref
1764787936369,0,monitor_data.speed_ref
1764787936371,0,monitor_data.speed_ref
1764787936373,0,monitor_data.speed_ref
1764787936375,0,monitor_data.speed_ref
1764787936377,0,monitor_data.speed_ref
1764787936379,0,monitor_data.speed_ref
1764787936381,0,monitor_data.speed_ref
1764787936383,0,monitor_data.speed_ref
1764787936385,0,monitor_data.speed_ref
1764787936386,0,monitor_data.speed_ref
1764787936388,0,monitor_data.speed_ref
1764787936391,0,monitor_data.speed_ref
1764787936393,1761.031982421875,monitor_data.speed
1764787936395,1750.3927001953125,monitor_data.speed
1764787936397,1745.97265625,monitor_data.speed
1764787936398,1753.0911865234375,monitor_data.speed
1764787936401,1748.376220703125,monitor_data.speed
1764787936403,1760.2462158203125,monitor_data.speed
1764787936405,1759.8004150390625,monitor_data.speed
1764787936406,1753.775146484375,monitor_data.speed
1764787936408,1742.982421875,monitor_data.speed
1764787936410,1756.638671875,monitor_data.speed
1764787936412,1771.600830078125,monitor_data.speed
1764787936414,1775.3782958984375,monitor_data.speed
1764787936415,1773.27490234375,monitor_data.speed
1764787936417,1777.4625244140625,monitor_data.speed
1764787936419,1768.6536865234375,monitor_data.speed
1764787936421,1765.91357421875,monitor_data.speed
1764787936423,1775.2086181640625,monitor_data.speed
1764787936425,1756.200927734375,monitor_data.speed
1764787936427,1739.831298828125,monitor_data.speed
1764787936430,1742.4090576171875,monitor_data.speed
1764787936431,1744.7144775390625,monitor_data.speed
1764787936434,1753.0506591796875,monitor_data.speed
1764787936436,1754.1153564453125,monitor_data.speed
1764787936438,1754.3480224609375,monitor_data.speed
1764787936440,1759.9588623046875,monitor_data.speed
1764787936393,0,monitor_data.speed_ref
1764787936395,0,monitor_data.speed_ref
1764787936397,0,monitor_data.speed_ref
1764787936398,0,monitor_data.speed_ref
1764787936401,0,monitor_data.speed_ref
1764787936403,0,monitor_data.speed_ref
1764787936405,0,monitor_data.speed_ref
1764787936406,0,monitor_data.speed_ref
1764787936408,0,monitor_data.speed_ref
1764787936410,0,monitor_data.speed_ref
1764787936412,0,monitor_data.speed_ref
1764787936414,0,monitor_data.speed_ref
1764787936415,0,monitor_data.speed_ref
1764787936417,0,monitor_data.speed_ref
1764787936419,0,monitor_data.speed_ref
1764787936421,0,monitor_data.speed_ref
1764787936423,0,monitor_data.speed_ref
1764787936425,0,monitor_data.speed_ref
1764787936427,0,monitor_data.speed_ref
1764787936430,0,monitor_data.speed_ref
1764787936431,0,monitor_data.speed_ref
1764787936434,0,monitor_data.speed_ref
1764787936436,0,monitor_data.speed_ref
1764787936438,0,monitor_data.speed_ref
1764787936440,0,monitor_data.speed_ref
1764787936443,1749.64892578125,monitor_data.speed
1764787936445,1780.0238037109375,monitor_data.speed
1764787936447,1787.60302734375,monitor_data.speed
1764787936449,1777.8756103515625,monitor_data.speed
1764787936451,1768.5081787109375,monitor_data.speed
1764787936453,1782.8045654296875,monitor_data.speed
1764787936455,1773.084228515625,monitor_data.speed
1764787936457,1764.235107421875,monitor_data.speed
1764787936459,1756.13427734375,monitor_data.speed
1764787936461,1744.9072265625,monitor_data.speed
1764787936463,1752.7110595703125,monitor_data.speed
1764787936465,1749.0479736328125,monitor_data.speed
1764787936467,1756.66357421875,monitor_data.speed
1764787936469,1752.065673828125,monitor_data.speed
1764787936471,1752.6673583984375,monitor_data.speed
1764787936473,1764.242919921875,monitor_data.speed
1764787936476,1758.606201171875,monitor_data.speed
1764787936478,1742.8153076171875,monitor_data.speed
1764787936481,1776.6278076171875,monitor_data.speed
1764787936483,1767.76953125,monitor_data.speed
1764787936485,1777.1649169921875,monitor_data.speed
1764787936487,1774.3748779296875,monitor_data.speed
1764787936489,1771.5882568359375,monitor_data.speed
1764787936491,1762.9981689453125,monitor_data.speed
1764787936493,1776.8394775390625,monitor_data.speed
1764787936495,1758.1275634765625,monitor_data.speed
1764787936443,0,monitor_data.speed_ref
1764787936445,0,monitor_data.speed_ref
1764787936447,0,monitor_data.speed_ref
1764787936449,0,monitor_data.speed_ref
1764787936451,0,monitor_data.speed_ref
1764787936453,0,monitor_data.speed_ref
1764787936455,0,monitor_data.speed_ref
1764787936457,0,monitor_data.speed_ref
1764787936459,0,monitor_data.speed_ref
1764787936461,0,monitor_data.speed_ref
1764787936463,0,monitor_data.speed_ref
1764787936465,0,monitor_data.speed_ref
1764787936467,0,monitor_data.speed_ref
1764787936469,0,monitor_data.speed_ref
1764787936471,0,monitor_data.speed_ref
1764787936473,0,monitor_data.speed_ref
1764787936476,0,monitor_data.speed_ref
1764787936478,0,monitor_data.speed_ref
1764787936481,0,monitor_data.speed_ref
1764787936483,0,monitor_data.speed_ref
1764787936485,0,monitor_data.speed_ref
1764787936487,0,monitor_data.speed_ref
1764787936489,0,monitor_data.speed_ref
1764787936491,0,monitor_data.speed_ref
1764787936493,0,monitor_data.speed_ref
1764787936495,0,monitor_data.speed_ref
1764787936497,1747.281005859375,monitor_data.speed
1764787936499,1754.63623046875,monitor_data.speed
1764787936501,1756.06396484375,monitor_data.speed
1764787936503,1745.198486328125,monitor_data.speed
1764787936504,1751.5880126953125,monitor_data.speed
1764787936506,1769.177490234375,monitor_data.speed
1764787936508,1756.8470458984375,monitor_data.speed
1764787936510,1745.4022216796875,monitor_data.speed
1764787936512,1752.1812744140625,monitor_data.speed
1764787936513,1753.8599853515625,monitor_data.speed
1764787936515,1797.830810546875,monitor_data.speed
1764787936517,1785.6436767578125,monitor_data.speed
1764787936519,1785.91796875,monitor_data.speed
1764787936521,1775.3226318359375,monitor_data.speed
1764787936524,1775.862548828125,monitor_data.speed
1764787936527,1764.8961181640625,monitor_data.speed
1764787936528,1769.345947265625,monitor_data.speed
1764787936530,1752.0030517578125,monitor_data.speed
1764787936532,1747.860107421875,monitor_data.speed
1764787936534,1744.0018310546875,monitor_data.speed
1764787936536,1745.7508544921875,monitor_data.speed
1764787936538,1758.660400390625,monitor_data.speed
1764787936540,1758.924560546875,monitor_data.speed
1764787936543,1764.59130859375,monitor_data.speed
1764787936545,1741.689697265625,monitor_data.speed
1764787936497,0,monitor_data.speed_ref
1764787936499,0,monitor_data.speed_ref
1764787936501,0,monitor_data.speed_ref
1764787936503,0,monitor_data.speed_ref
1764787936504,0,monitor_data.speed_ref
1764787936506,0,monitor_data.speed_ref
1764787936508,0,monitor_data.speed_ref
1764787936510,0,monitor_data.speed_ref
1764787936512,0,monitor_data.speed_ref
1764787936513,0,monitor_data.speed_ref
1764787936515,0,monitor_data.speed_ref
1764787936517,0,monitor_data.speed_ref
1764787936519,0,monitor_data.speed_ref
1764787936521,0,monitor_data.speed_ref
1764787936524,0,monitor_data.speed_ref
1764787936527,0,monitor_data.speed_ref
1764787936528,0,monitor_data.speed_ref
1764787936530,0,monitor_data.speed_ref
1764787936532,0,monitor_data.speed_ref
1764787936534,0,monitor_data.speed_ref
1764787936536,0,monitor_data.speed_ref
1764787936538,0,monitor_data.speed_ref
1764787936540,0,monitor_data.speed_ref
1764787936543,0,monitor_data.speed_ref
1764787936545,0,monitor_data.speed_ref
1764787936547,1755.2957763671875,monitor_data.speed
1764787936549,1793.600830078125,monitor_data.speed
1764787936551,1775.695556640625,monitor_data.speed
1764787936553,1782.6229248046875,monitor_data.speed
1764787936555,1783.7911376953125,monitor_data.speed
1764787936557,1773.3514404296875,monitor_data.speed
1764787936560,1792.171142578125,monitor_data.speed
1764787936562,1765.26171875,monitor_data.speed
1764787936563,1757.66162109375,monitor_data.speed
1764787936565,1763.6839599609375,monitor_data.speed
1764787936568,1747.2830810546875,monitor_data.speed
1764787936570,1742.861572265625,monitor_data.speed
1764787936572,1755.518798828125,monitor_data.speed
1764787936574,1767.5484619140625,monitor_data.speed
1764787936576,1754.927734375,monitor_data.speed
1764787936579,1754.986328125,monitor_data.speed
1764787936581,1744.770751953125,monitor_data.speed
1764787936583,1769.085693359375,monitor_data.speed
1764787936585,1771.35498046875,monitor_data.speed
1764787936587,1763.2396240234375,monitor_data.speed
1764787936589,1778.550537109375,monitor_data.speed
1764787936591,1769.5584716796875,monitor_data.speed
1764787936593,1772.109130859375,monitor_data.speed
1764787936547,0,monitor_data.speed_ref
1764787936549,0,monitor_data.speed_ref
1764787936551,0,monitor_data.speed_ref
1764787936553,0,monitor_data.speed_ref
1764787936555,0,monitor_data.speed_ref
1764787936557,0,monitor_data.speed_ref
1764787936560,0,monitor_data.speed_ref
1764787936562,0,monitor_data.speed_ref
1764787936563,0,monitor_data.speed_ref
1764787936565,0,monitor_data.speed_ref
1764787936568,0,monitor_data.speed_ref
1764787936570,0,monitor_data.speed_ref
1764787936572,0,monitor_data.speed_ref
1764787936574,0,monitor_data.speed_ref
1764787936576,0,monitor_data.speed_ref
1764787936579,0,monitor_data.speed_ref
1764787936581,0,monitor_data.speed_ref
1764787936583,0,monitor_data.speed_ref
1764787936585,0,monitor_data.speed_ref
1764787936587,0,monitor_data.speed_ref
1764787936589,0,monitor_data.speed_ref
1764787936591,0,monitor_data.speed_ref
1764787936593,0,monitor_data.speed_ref
1764787936596,1763.8167724609375,monitor_data.speed
1764787936598,1751.8125,monitor_data.speed
1764787936600,1741.5283203125,monitor_data.speed
1764787936601,1737.878173828125,monitor_data.speed
1764787936603,1752.4415283203125,monitor_data.speed
1764787936605,1754.1990966796875,monitor_data.speed
1764787936607,1749.3359375,monitor_data.speed
1764787936609,1761.8157958984375,monitor_data.speed
1764787936611,1761.7437744140625,monitor_data.speed
1764787936613,1750.5399169921875,monitor_data.speed
1764787936615,1752.4404296875,monitor_data.speed
1764787936617,1754.101806640625,monitor_data.speed
1764787936619,1758.485107421875,monitor_data.speed
1764787936621,1769.19140625,monitor_data.speed
1764787936623,1773.92578125,monitor_data.speed
1764787936625,1760.190185546875,monitor_data.speed
1764787936627,1775.9410400390625,monitor_data.speed
1764787936629,1774.2591552734375,monitor_data.speed
1764787936631,1767.5809326171875,monitor_data.speed
1764787936633,1750.7987060546875,monitor_data.speed
1764787936635,1747.955810546875,monitor_data.speed
1764787936637,1750.6368408203125,monitor_data.speed
1764787936638,1752.91650390625,monitor_data.speed
1764787936640,1742.5452880859375,monitor_data.speed
1764787936642,1755.6138916015625,monitor_data.speed
1764787936645,1767.7664794921875,monitor_data.speed
1764787936646,1762.01611328125,monitor_data.speed
1764787936648,1757.2298583984375,monitor_data.speed
1764787936596,0,monitor_data.speed_ref
1764787936598,0,monitor_data.speed_ref
1764787936600,0,monitor_data.speed_ref
1764787936601,0,monitor_data.speed_ref
1764787936603,0,monitor_data.speed_ref
1764787936605,0,monitor_data.speed_ref
1764787936607,0,monitor_data.speed_ref
1764787936609,0,monitor_data.speed_ref
1764787936611,0,monitor_data.speed_ref
1764787936613,0,monitor_data.speed_ref
1764787936615,0,monitor_data.speed_ref
1764787936617,0,monitor_data.speed_ref
1764787936619,0,monitor_data.speed_ref
1764787936621,0,monitor_data.speed_ref
1764787936623,0,monitor_data.speed_ref
1764787936625,0,monitor_data.speed_ref
1764787936627,0,monitor_data.speed_ref
1764787936629,0,monitor_data.speed_ref
1764787936631,0,monitor_data.speed_ref
1764787936633,0,monitor_data.speed_ref
1764787936635,0,monitor_data.speed_ref
1764787936637,0,monitor_data.speed_ref
1764787936638,0,monitor_data.speed_ref
1764787936640,0,monitor_data.speed_ref
1764787936642,0,monitor_data.speed_ref
1764787936645,0,monitor_data.speed_ref
1764787936646,0,monitor_data.speed_ref
1764787936648,0,monitor_data.speed_ref
1764787936650,1735.7032470703125,monitor_data.speed
1764787936652,1775.892333984375,monitor_data.speed
1764787936654,1776.8809814453125,monitor_data.speed
1764787936655,1779.794189453125,monitor_data.speed
1764787936657,1776.5440673828125,monitor_data.speed
1764787936659,1778.7425537109375,monitor_data.speed
1764787936662,1780.2139892578125,monitor_data.speed
1764787936664,1765.6580810546875,monitor_data.speed
1764787936666,1765.0792236328125,monitor_data.speed
1764787936667,1754.1328125,monitor_data.speed
1764787936669,1750.1136474609375,monitor_data.speed
1764787936671,1746.61669921875,monitor_data.speed
1764787936674,1754.902587890625,monitor_data.speed
1764787936676,1755.9161376953125,monitor_data.speed
1764787936678,1762.2606201171875,monitor_data.speed
1764787936680,1755.9276123046875,monitor_data.speed
1764787936682,1750.6373291015625,monitor_data.speed
1764787936684,1740.721923828125,monitor_data.speed
1764787936686,1775.8929443359375,monitor_data.speed
1764787936688,1778.5377197265625,monitor_data.speed
1764787936690,1775.963623046875,monitor_data.speed
1764787936692,1767.40625,monitor_data.speed
1764787936694,1776.6361083984375,monitor_data.speed
1764787936696,1779.868408203125,monitor_data.speed
1764787936698,1765.5078125,monitor_data.speed
1764787936700,1764.652099609375,monitor_data.speed
1764787936701,1753.432373046875,monitor_data.speed
1764787936650,0,monitor_data.speed_ref
1764787936652,0,monitor_data.speed_ref
1764787936654,0,monitor_data.speed_ref
1764787936655,0,monitor_data.speed_ref
1764787936657,0,monitor_data.speed_ref
1764787936659,0,monitor_data.speed_ref
1764787936662,0,monitor_data.speed_ref
1764787936664,0,monitor_data.speed_ref
1764787936666,0,monitor_data.speed_ref
1764787936667,0,monitor_data.speed_ref
1764787936669,0,monitor_data.speed_ref
1764787936671,0,monitor_data.speed_ref
1764787936674,0,monitor_data.speed_ref
1764787936676,0,monitor_data.speed_ref
1764787936678,0,monitor_data.speed_ref
1764787936680,0,monitor_data.speed_ref
1764787936682,0,monitor_data.speed_ref
1764787936684,0,monitor_data.speed_ref
1764787936686,0,monitor_data.speed_ref
1764787936688,0,monitor_data.speed_ref
1764787936690,0,monitor_data.speed_ref
1764787936692,0,monitor_data.speed_ref
1764787936694,0,monitor_data.speed_ref
1764787936696,0,monitor_data.speed_ref
1764787936698,0,monitor_data.speed_ref
1764787936700,0,monitor_data.speed_ref
1764787936701,0,monitor_data.speed_ref
1764787936703,1743.51953125,monitor_data.speed
1764787936705,1740.4954833984375,monitor_data.speed
1764787936707,1742.7164306640625,monitor_data.speed
1764787936709,1750.1617431640625,monitor_data.speed
1764787936711,1744.961181640625,monitor_data.speed
1764787936712,1762.6549072265625,monitor_data.speed
1764787936714,1762.5009765625,monitor_data.speed
1764787936715,1756.6282958984375,monitor_data.speed
1764787936718,1752.75146484375,monitor_data.speed
1764787936720,1771.3916015625,monitor_data.speed
1764787936722,1772.1297607421875,monitor_data.speed
1764787936724,1780.0089111328125,monitor_data.speed
1764787936726,1770.1954345703125,monitor_data.speed
1764787936728,1784.27880859375,monitor_data.speed
1764787936730,1781.1441650390625,monitor_data.speed
1764787936732,1772.253662109375,monitor_data.speed
1764787936734,1765.0286865234375,monitor_data.speed
1764787936736,1753.1527099609375,monitor_data.speed
1764787936737,1748.8699951171875,monitor_data.speed
1764787936740,1745.863525390625,monitor_data.speed
1764787936742,1747.7105712890625,monitor_data.speed
1764787936744,1760.722412109375,monitor_data.speed
1764787936746,1761.0230712890625,monitor_data.speed
1764787936748,1760.6142578125,monitor_data.speed
1764787936749,1760.5086669921875,monitor_data.speed
1764787936703,0,monitor_data.speed_ref
1764787936705,0,monitor_data.speed_ref
1764787936707,0,monitor_data.speed_ref
1764787936709,0,monitor_data.speed_ref
1764787936711,0,monitor_data.speed_ref
1764787936712,0,monitor_data.speed_ref
1764787936714,0,monitor_data.speed_ref
1764787936715,0,monitor_data.speed_ref
1764787936718,0,monitor_data.speed_ref
1764787936720,0,monitor_data.speed_ref
1764787936722,0,monitor_data.speed_ref
1764787936724,0,monitor_data.speed_ref
1764787936726,0,monitor_data.speed_ref
1764787936728,0,monitor_data.speed_ref
1764787936730,0,monitor_data.speed_ref
1764787936732,0,monitor_data.speed_ref
1764787936734,0,monitor_data.speed_ref
1764787936736,0,monitor_data.speed_ref
1764787936737,0,monitor_data.speed_ref
1764787936740,0,monitor_data.speed_ref
1764787936742,0,monitor_data.speed_ref
1764787936744,0,monitor_data.speed_ref
1764787936746,0,monitor_data.speed_ref
1764787936748,0,monitor_data.speed_ref
1764787936749,0,monitor_data.speed_ref
1764787936751,1749.7916259765625,monitor_data.speed
1764787936753,1740.3858642578125,monitor_data.speed
1764787936755,1779.3638916015625,monitor_data.speed
1764787936757,1771.0159912109375,monitor_data.speed
1764787936759,1768.4940185546875,monitor_data.speed
1764787936761,1760.5577392578125,monitor_data.speed
1764787936762,1770.3182373046875,monitor_data.speed
1764787936764,1762.8724365234375,monitor_data.speed
1764787936765,1766.9124755859375,monitor_data.speed
1764787936767,1765.033203125,monitor_data.speed
1764787936769,1758.9031982421875,monitor_data.speed
1764787936771,1754.3392333984375,monitor_data.speed
1764787936774,1740.662109375,monitor_data.speed
1764787936776,1749.1826171875,monitor_data.speed
1764787936778,1750.61474609375,monitor_data.speed
1764787936781,1763.108642578125,monitor_data.speed
1764787936783,1751.3966064453125,monitor_data.speed
1764787936785,1752.3704833984375,monitor_data.speed
1764787936787,1742.751708984375,monitor_data.speed
1764787936789,1772.659912109375,monitor_data.speed
1764787936790,1773.8905029296875,monitor_data.speed
1764787936793,1770.1531982421875,monitor_data.speed
1764787936795,1771.7352294921875,monitor_data.speed
1764787936797,1768.3887939453125,monitor_data.speed
1764787936799,1765.2030029296875,monitor_data.speed
1764787936751,0,monitor_data.speed_ref
1764787936753,0,monitor_data.speed_ref
1764787936755,0,monitor_data.speed_ref
1764787936757,0,monitor_data.speed_ref
1764787936759,0,monitor_data.speed_ref
1764787936761,0,monitor_data.speed_ref
1764787936762,0,monitor_data.speed_ref
1764787936764,0,monitor_data.speed_ref
1764787936765,0,monitor_data.speed_ref
1764787936767,0,monitor_data.speed_ref
1764787936769,0,monitor_data.speed_ref
1764787936771,0,monitor_data.speed_ref
1764787936774,0,monitor_data.speed_ref
1764787936776,0,monitor_data.speed_ref
1764787936778,0,monitor_data.speed_ref
1764787936781,0,monitor_data.speed_ref
1764787936783,0,monitor_data.speed_ref
1764787936785,0,monitor_data.speed_ref
1764787936787,0,monitor_data.speed_ref
1764787936789,0,monitor_data.speed_ref
1764787936790,0,monitor_data.speed_ref
1764787936793,0,monitor_data.speed_ref
1764787936795,0,monitor_data.speed_ref
1764787936797,0,monitor_data.speed_ref
1764787936799,0,monitor_data.speed_ref
1764787936801,1774.0927734375,monitor_data.speed
1764787936803,1760.853759765625,monitor_data.speed
1764787936804,1755.09912109375,monitor_data.speed
1764787936806,1745.1396484375,monitor_data.speed
1764787936809,1747.7686767578125,monitor_data.speed
1764787936810,1749.6331787109375,monitor_data.speed
1764787936812,1756.670654296875,monitor_data.speed
1764787936814,1745.6514892578125,monitor_data.speed
1764787936815,1769.22119140625,monitor_data.speed
1764787936817,1763.1563720703125,monitor_data.speed
1764787936819,1745.843994140625,monitor_data.speed
1764787936821,1742.232421875,monitor_data.speed
1764787936823,1783.2972412109375,monitor_data.speed
1764787936825,1773.93310546875,monitor_data.speed
1764787936827,1765.4439697265625,monitor_data.speed
1764787936829,1769.1004638671875,monitor_data.speed
1764787936830,1766.74560546875,monitor_data.speed
1764787936832,1764.3497314453125,monitor_data.speed
1764787936834,1773.187744140625,monitor_data.speed
1764787936836,1759.799560546875,monitor_data.speed
1764787936838,1748.198486328125,monitor_data.speed
1764787936840,1744.028564453125,monitor_data.speed
1764787936842,1741.18408203125,monitor_data.speed
1764787936845,1755.5068359375,monitor_data.speed
1764787936847,1756.736572265625,monitor_data.speed
1764787936849,1757.173095703125,monitor_data.speed
1764787936801,0,monitor_data.speed_ref
1764787936803,0,monitor_data.speed_ref
1764787936804,0,monitor_data.speed_ref
1764787936806,0,monitor_data.speed_ref
1764787936809,0,monitor_data.speed_ref
1764787936810,0,monitor_data.speed_ref
1764787936812,0,monitor_data.speed_ref
1764787936814,0,monitor_data.speed_ref
1764787936815,0,monitor_data.speed_ref
1764787936817,0,monitor_data.speed_ref
1764787936819,0,monitor_data.speed_ref
1764787936821,0,monitor_data.speed_ref
1764787936823,0,monitor_data.speed_ref
1764787936825,0,monitor_data.speed_ref
1764787936827,0,monitor_data.speed_ref
1764787936829,0,monitor_data.speed_ref
1764787936830,0,monitor_data.speed_ref
1764787936832,0,monitor_data.speed_ref
1764787936834,0,monitor_data.speed_ref
1764787936836,0,monitor_data.speed_ref
1764787936838,0,monitor_data.speed_ref
1764787936840,0,monitor_data.speed_ref
1764787936842,0,monitor_data.speed_ref
1764787936845,0,monitor_data.speed_ref
1764787936847,0,monitor_data.speed_ref
1764787936849,0,monitor_data.speed_ref
1764787936851,1751.376953125,monitor_data.speed
1764787936852,1745.73779296875,monitor_data.speed
1764787936854,1740.8226318359375,monitor_data.speed
1764787936856,1749.412841796875,monitor_data.speed
1764787936858,1787.7183837890625,monitor_data.speed
1764787936860,1777.775634765625,monitor_data.speed
1764787936862,1780.5487060546875,monitor_data.speed
1764787936863,1777.6724853515625,monitor_data.speed
1764787936866,1767.80517578125,monitor_data.speed
1764787936867,1781.7911376953125,monitor_data.speed
1764787936870,1783.6405029296875,monitor_data.speed
1764787936871,1763.49951171875,monitor_data.speed
1764787936873,1751.0980224609375,monitor_data.speed
1764787936876,1752.504150390625,monitor_data.speed
1764787936879,1754.0809326171875,monitor_data.speed
1764787936880,1760.735595703125,monitor_data.speed
1764787936882,1760.8648681640625,monitor_data.speed
1764787936884,1760.48046875,monitor_data.speed
1764787936886,1754.149658203125,monitor_data.speed
1764787936888,1748.69580078125,monitor_data.speed
1764787936890,1744.845703125,monitor_data.speed
1764787936892,1794.8382568359375,monitor_data.speed
1764787936894,1782.9332275390625,monitor_data.speed
1764787936896,1778.6016845703125,monitor_data.speed
1764787936898,1774.112060546875,monitor_data.speed
1764787936900,1787.5389404296875,monitor_data.speed
1764787936902,1783.704345703125,monitor_data.speed
1764787936851,0,monitor_data.speed_ref
1764787936852,0,monitor_data.speed_ref
1764787936854,0,monitor_data.speed_ref
1764787936856,0,monitor_data.speed_ref
1764787936858,0,monitor_data.speed_ref
1764787936860,0,monitor_data.speed_ref
1764787936862,0,monitor_data.speed_ref
1764787936863,0,monitor_data.speed_ref
1764787936866,0,monitor_data.speed_ref
1764787936867,0,monitor_data.speed_ref
1764787936870,0,monitor_data.speed_ref
1764787936871,0,monitor_data.speed_ref
1764787936873,0,monitor_data.speed_ref
1764787936876,0,monitor_data.speed_ref
1764787936879,0,monitor_data.speed_ref
1764787936880,0,monitor_data.speed_ref
1764787936882,0,monitor_data.speed_ref
1764787936884,0,monitor_data.speed_ref
1764787936886,0,monitor_data.speed_ref
1764787936888,0,monitor_data.speed_ref
1764787936890,0,monitor_data.speed_ref
1764787936892,0,monitor_data.speed_ref
1764787936894,0,monitor_data.speed_ref
1764787936896,0,monitor_data.speed_ref
1764787936898,0,monitor_data.speed_ref
1764787936900,0,monitor_data.speed_ref
1764787936902,0,monitor_data.speed_ref
1764787936903,1769.3004150390625,monitor_data.speed
1764787936905,1772.766845703125,monitor_data.speed
1764787936907,1754.66650390625,monitor_data.speed
1764787936909,1750.5357666015625,monitor_data.speed
1764787936911,1740.332763671875,monitor_data.speed
1764787936913,1754.00048828125,monitor_data.speed
1764787936915,1749.0592041015625,monitor_data.speed
1764787936916,1749.64111328125,monitor_data.speed
1764787936918,1767.4075927734375,monitor_data.speed
1764787936920,1761.1505126953125,monitor_data.speed
1764787936922,1755.55712890625,monitor_data.speed
1764787936924,1740.0902099609375,monitor_data.speed
1764787936926,1768.6004638671875,monitor_data.speed
1764787936928,1777.302978515625,monitor_data.speed
1764787936930,1769.0657958984375,monitor_data.speed
1764787936932,1766.6766357421875,monitor_data.speed
1764787936934,1770.437744140625,monitor_data.speed
1764787936935,1774.194580078125,monitor_data.speed
1764787936937,1765.8553466796875,monitor_data.speed
1764787936939,1764.6932373046875,monitor_data.speed
1764787936941,1752.99560546875,monitor_data.speed
1764787936943,1737.456298828125,monitor_data.speed
1764787936945,1746.210205078125,monitor_data.speed
1764787936948,1748.8311767578125,monitor_data.speed
1764787936950,1750.109130859375,monitor_data.speed
1764787936903,0,monitor_data.speed_ref
1764787936905,0,monitor_data.speed_ref
1764787936907,0,monitor_data.speed_ref
1764787936909,0,monitor_data.speed_ref
1764787936911,0,monitor_data.speed_ref
1764787936913,0,monitor_data.speed_ref
1764787936915,0,monitor_data.speed_ref
1764787936916,0,monitor_data.speed_ref
1764787936918,0,monitor_data.speed_ref
1764787936920,0,monitor_data.speed_ref
1764787936922,0,monitor_data.speed_ref
1764787936924,0,monitor_data.speed_ref
1764787936926,0,monitor_data.speed_ref
1764787936928,0,monitor_data.speed_ref
1764787936930,0,monitor_data.speed_ref
1764787936932,0,monitor_data.speed_ref
1764787936934,0,monitor_data.speed_ref
1764787936935,0,monitor_data.speed_ref
1764787936937,0,monitor_data.speed_ref
1764787936939,0,monitor_data.speed_ref
1764787936941,0,monitor_data.speed_ref
1764787936943,0,monitor_data.speed_ref
1764787936945,0,monitor_data.speed_ref
1764787936948,0,monitor_data.speed_ref
1764787936950,0,monitor_data.speed_ref
1764787936952,1750.912353515625,monitor_data.speed
1764787936953,1756.657958984375,monitor_data.speed
1764787936955,1762.591796875,monitor_data.speed
1764787936957,1751.486328125,monitor_data.speed
1764787936959,1748.204345703125,monitor_data.speed
1764787936961,1781.933349609375,monitor_data.speed
1764787936962,1778.34326171875,monitor_data.speed
1764787936964,1781.0899658203125,monitor_data.speed
1764787936965,1777.9322509765625,monitor_data.speed
1764787936967,1781.4273681640625,monitor_data.speed
1764787936968,1784.2552490234375,monitor_data.speed
1764787936970,1781.1429443359375,monitor_data.speed
1764787936972,1772.3692626953125,monitor_data.speed
1764787936974,1758.85302734375,monitor_data.speed
1764787936976,1742.0330810546875,monitor_data.speed
1764787936978,1744.333740234375,monitor_data.speed
1764787936980,1746.3953857421875,monitor_data.speed
1764787936982,1760.337890625,monitor_data.speed
1764787936984,1749.3404541015625,monitor_data.speed
1764787936986,1761.6466064453125,monitor_data.speed
1764787936988,1755.363525390625,monitor_data.speed
1764787936990,1749.864013671875,monitor_data.speed
1764787936993,1746.9549560546875,monitor_data.speed
1764787936995,1775.94287109375,monitor_data.speed
1764787936997,1768.4964599609375,monitor_data.speed
1764787936999,1767.0628662109375,monitor_data.speed
1764787937000,1765.89892578125,monitor_data.speed
1764787937002,1764.11279296875,monitor_data.speed
1764787936952,0,monitor_data.speed_ref
1764787936953,0,monitor_data.speed_ref
1764787936955,0,monitor_data.speed_ref
1764787936957,0,monitor_data.speed_ref
1764787936959,0,monitor_data.speed_ref
1764787936961,0,monitor_data.speed_ref
1764787936962,0,monitor_data.speed_ref
1764787936964,0,monitor_data.speed_ref
1764787936965,0,monitor_data.speed_ref
1764787936967,0,monitor_data.speed_ref
1764787936968,0,monitor_data.speed_ref
1764787936970,0,monitor_data.speed_ref
1764787936972,0,monitor_data.speed_ref
1764787936974,0,monitor_data.speed_ref
1764787936976,0,monitor_data.speed_ref
1764787936978,0,monitor_data.speed_ref
1764787936980,0,monitor_data.speed_ref
1764787936982,0,monitor_data.speed_ref
1764787936984,0,monitor_data.speed_ref
1764787936986,0,monitor_data.speed_ref
1764787936988,0,monitor_data.speed_ref
1764787936990,0,monitor_data.speed_ref
1764787936993,0,monitor_data.speed_ref
1764787936995,0,monitor_data.speed_ref
1764787936997,0,monitor_data.speed_ref
1764787936999,0,monitor_data.speed_ref
1764787937000,0,monitor_data.speed_ref
1764787937002,0,monitor_data.speed_ref
1764787937004,1762.1966552734375,monitor_data.speed
1764787937006,1766.357177734375,monitor_data.speed
1764787937007,1765.0313720703125,monitor_data.speed
1764787937009,1747.446044921875,monitor_data.speed
1764787937011,1743.177490234375,monitor_data.speed
1764787937013,1739.52099609375,monitor_data.speed
1764787937014,1742.0235595703125,monitor_data.speed
1764787937016,1744.0323486328125,monitor_data.speed
1764787937018,1751.34228515625,monitor_data.speed
1764787937020,1757.8238525390625,monitor_data.speed
1764787937021,1764.0611572265625,monitor_data.speed
1764787937023,1764.015625,monitor_data.speed
1764787937025,1752.7838134765625,monitor_data.speed
1764787937027,1749.2987060546875,monitor_data.speed
1764787937029,1792.734619140625,monitor_data.speed
1764787937031,1781.5548095703125,monitor_data.speed
1764787937033,1771.203369140625,monitor_data.speed
1764787937036,1778.0909423828125,monitor_data.speed
1764787937037,1780.703125,monitor_data.speed
1764787937039,1776.7662353515625,monitor_data.speed
1764787937041,1767.5169677734375,monitor_data.speed
1764787937043,1760.134033203125,monitor_data.speed
1764787937045,1749.246826171875,monitor_data.speed
1764787937047,1739.5225830078125,monitor_data.speed
1764787937049,1741.3790283203125,monitor_data.speed
1764787937051,1754.3740234375,monitor_data.speed
1764787937053,1755.119384765625,monitor_data.speed
1764787937004,0,monitor_data.speed_ref
1764787937006,0,monitor_data.speed_ref
1764787937007,0,monitor_data.speed_ref
1764787937009,0,monitor_data.speed_ref
1764787937011,0,monitor_data.speed_ref
1764787937013,0,monitor_data.speed_ref
1764787937014,0,monitor_data.speed_ref
1764787937016,0,monitor_data.speed_ref
1764787937018,0,monitor_data.speed_ref
1764787937020,0,monitor_data.speed_ref
1764787937021,0,monitor_data.speed_ref
1764787937023,0,monitor_data.speed_ref
1764787937025,0,monitor_data.speed_ref
1764787937027,0,monitor_data.speed_ref
1764787937029,0,monitor_data.speed_ref
1764787937031,0,monitor_data.speed_ref
1764787937033,0,monitor_data.speed_ref
1764787937036,0,monitor_data.speed_ref
1764787937037,0,monitor_data.speed_ref
1764787937039,0,monitor_data.speed_ref
1764787937041,0,monitor_data.speed_ref
1764787937043,0,monitor_data.speed_ref
1764787937045,0,monitor_data.speed_ref
1764787937047,0,monitor_data.speed_ref
1764787937049,0,monitor_data.speed_ref
1764787937051,0,monitor_data.speed_ref
1764787937053,0,monitor_data.speed_ref
1764787937055,1755.2274169921875,monitor_data.speed
1764787937057,1760.4384765625,monitor_data.speed
1764787937060,1755.732177734375,monitor_data.speed
1764787937062,1746.1064453125,monitor_data.speed
1764787937064,1779.4168701171875,monitor_data.speed
1764787937066,1776.8243408203125,monitor_data.speed
1764787937068,1768.40625,monitor_data.speed
1764787937070,1765.8580322265625,monitor_data.speed
1764787937071,1769.5838623046875,monitor_data.speed
1764787937073,1778.265625,monitor_data.speed
1764787937076,1763.7196044921875,monitor_data.speed
1764787937078,1751.388671875,monitor_data.speed
1764787937080,1746.7828369140625,monitor_data.speed
1764787937082,1743.4044189453125,monitor_data.speed
1764787937084,1740.051025390625,monitor_data.speed
1764787937086,1753.4356689453125,monitor_data.speed
1764787937088,1754.222412109375,monitor_data.speed
1764787937089,1760.3006591796875,monitor_data.speed
1764787937091,1754.1807861328125,monitor_data.speed
1764787937093,1743.088134765625,monitor_data.speed
1764787937095,1738.7562255859375,monitor_data.speed
1764787937097,1763.4527587890625,monitor_data.speed
1764787937099,1782.44677734375,monitor_data.speed
1764787937101,1772.6246337890625,monitor_data.speed
1764787937103,1774.341064453125,monitor_data.speed
1764787937055,0,monitor_data.speed_ref
1764787937057,0,monitor_data.speed_ref
1764787937060,0,monitor_data.speed_ref
1764787937062,0,monitor_data.speed_ref
1764787937064,0,monitor_data.speed_ref
1764787937066,0,monitor_data.speed_ref
1764787937068,0,monitor_data.speed_ref
1764787937070,0,monitor_data.speed_ref
1764787937071,0,monitor_data.speed_ref
1764787937073,0,monitor_data.speed_ref
1764787937076,0,monitor_data.speed_ref
1764787937078,0,monitor_data.speed_ref
1764787937080,0,monitor_data.speed_ref
1764787937082,0,monitor_data.speed_ref
1764787937084,0,monitor_data.speed_ref
1764787937086,0,monitor_data.speed_ref
1764787937088,0,monitor_data.speed_ref
1764787937089,0,monitor_data.speed_ref
1764787937091,0,monitor_data.speed_ref
1764787937093,0,monitor_data.speed_ref
1764787937095,0,monitor_data.speed_ref
1764787937097,0,monitor_data.speed_ref
1764787937099,0,monitor_data.speed_ref
1764787937101,0,monitor_data.speed_ref
1764787937103,0,monitor_data.speed_ref
1764787937105,1770.7176513671875,monitor_data.speed
1764787937107,1779.9124755859375,monitor_data.speed
1764787937109,1788.540283203125,monitor_data.speed
1764787937111,1772.8551025390625,monitor_data.speed
1764787937113,1759.7281494140625,monitor_data.speed
1764787937114,1754.032470703125,monitor_data.speed
1764787937116,1749.51171875,monitor_data.speed
1764787937118,1744.9521484375,monitor_data.speed
1764787937120,1757.5540771484375,monitor_data.speed
1764787937122,1757.537109375,monitor_data.speed
1764787937125,1762.5426025390625,monitor_data.speed
1764787937127,1750.255859375,monitor_data.speed
1764787937129,1745.012451171875,monitor_data.speed
1764787937131,1776.0263671875,monitor_data.speed
1764787937133,1778.389892578125,monitor_data.speed
1764787937135,1775.6861572265625,monitor_data.speed
1764787937137,1778.110595703125,monitor_data.speed
1764787937139,1775.607421875,monitor_data.speed
1764787937141,1772.7694091796875,monitor_data.speed
1764787937144,1780.0477294921875,monitor_data.speed
1764787937146,1771.585205078125,monitor_data.speed
1764787937148,1747.67529296875,monitor_data.speed
1764787937150,1754.923828125,monitor_data.speed
1764787937152,1756.447509765625,monitor_data.speed
1764787937154,1757.76318359375,monitor_data.speed
1764787937105,0,monitor_data.speed_ref
1764787937107,0,monitor_data.speed_ref
1764787937109,0,monitor_data.speed_ref
1764787937111,0,monitor_data.speed_ref
1764787937113,0,monitor_data.speed_ref
1764787937114,0,monitor_data.speed_ref
1764787937116,0,monitor_data.speed_ref
1764787937118,0,monitor_data.speed_ref
1764787937120,0,monitor_data.speed_ref
1764787937122,0,monitor_data.speed_ref
1764787937125,0,monitor_data.speed_ref
1764787937127,0,monitor_data.speed_ref
1764787937129,0,monitor_data.speed_ref
1764787937131,0,monitor_data.speed_ref
1764787937133,0,monitor_data.speed_ref
1764787937135,0,monitor_data.speed_ref
1764787937137,0,monitor_data.speed_ref
1764787937139,0,monitor_data.speed_ref
1764787937141,0,monitor_data.speed_ref
1764787937144,0,monitor_data.speed_ref
1764787937146,0,monitor_data.speed_ref
1764787937148,0,monitor_data.speed_ref
1764787937150,0,monitor_data.speed_ref
1764787937152,0,monitor_data.speed_ref
1764787937154,0,monitor_data.speed_ref
1764787937155,1758.4716796875,monitor_data.speed
1764787937157,1752.521728515625,monitor_data.speed
1764787937159,1752.321044921875,monitor_data.speed
1764787937161,1757.5902099609375,monitor_data.speed
1764787937163,1752.265869140625,monitor_data.speed
1764787937165,1742.722412109375,monitor_data.speed
1764787937166,1776.64453125,monitor_data.speed
1764787937168,1783.5692138671875,monitor_data.speed
1764787937170,1773.81005859375,monitor_data.speed
1764787937173,1781.7115478515625,monitor_data.speed
1764787937174,1784.3817138671875,monitor_data.speed
1764787937176,1780.49951171875,monitor_data.speed
1764787937179,1776.1685791015625,monitor_data.speed
1764787937180,1768.1903076171875,monitor_data.speed
1764787937182,1761.9197998046875,monitor_data.speed
1764787937184,1756.685791015625,monitor_data.speed
1764787937186,1752.2188720703125,monitor_data.speed
1764787937187,1753.4996337890625,monitor_data.speed
1764787937189,1760.2109375,monitor_data.speed
1764787937191,1760.2928466796875,monitor_data.speed
1764787937193,1754.0406494140625,monitor_data.speed
1764787937195,1753.50927734375,monitor_data.speed
1764787937197,1747.9515380859375,monitor_data.speed
1764787937199,1750.1334228515625,monitor_data.speed
1764787937201,1799.9056396484375,monitor_data.speed
1764787937203,1781.4837646484375,monitor_data.speed
1764787937205,1776.988525390625,monitor_data.speed
1764787937155,0,monitor_data.speed_ref
1764787937157,0,monitor_data.speed_ref
1764787937159,0,monitor_data.speed_ref
1764787937161,0,monitor_data.speed_ref
1764787937163,0,monitor_data.speed_ref
1764787937165,0,monitor_data.speed_ref
1764787937166,0,monitor_data.speed_ref
1764787937168,0,monitor_data.speed_ref
1764787937170,0,monitor_data.speed_ref
1764787937173,0,monitor_data.speed_ref
1764787937174,0,monitor_data.speed_ref
1764787937176,0,monitor_data.speed_ref
1764787937179,0,monitor_data.speed_ref
1764787937180,0,monitor_data.speed_ref
1764787937182,0,monitor_data.speed_ref
1764787937184,0,monitor_data.speed_ref
1764787937186,0,monitor_data.speed_ref
1764787937187,0,monitor_data.speed_ref
1764787937189,0,monitor_data.speed_ref
1764787937191,0,monitor_data.speed_ref
1764787937193,0,monitor_data.speed_ref
1764787937195,0,monitor_data.speed_ref
1764787937197,0,monitor_data.speed_ref
1764787937199,0,monitor_data.speed_ref
1764787937201,0,monitor_data.speed_ref
1764787937203,0,monitor_data.speed_ref
1764787937205,0,monitor_data.speed_ref
1764787937207,1777.7071533203125,monitor_data.speed
1764787937210,1778.21875,monitor_data.speed
1764787937211,1780.9234619140625,monitor_data.speed
1764787937213,1778.796875,monitor_data.speed
1764787937214,1759.83642578125,monitor_data.speed
1764787937216,1748.303466796875,monitor_data.speed
1764787937218,1749.3590087890625,monitor_data.speed
1764787937219,1751.289794921875,monitor_data.speed
1764787937221,1753.0185546875,monitor_data.speed
1764787937223,1760.201416015625,monitor_data.speed
1764787937225,1755.0745849609375,monitor_data.speed
1764787937227,1755.3961181640625,monitor_data.speed
1764787937228,1755.2467041015625,monitor_data.speed
1764787937230,1755.363037109375,monitor_data.speed
1764787937232,1751.356201171875,monitor_data.speed
1764787937234,1776.3145751953125,monitor_data.speed
1764787937236,1767.6083984375,monitor_data.speed
1764787937238,1770.8837890625,monitor_data.speed
1764787937240,1769.418212890625,monitor_data.speed
1764787937242,1767.7823486328125,monitor_data.speed
1764787937245,1755.4251708984375,monitor_data.speed
1764787937247,1750.80908203125,monitor_data.speed
1764787937249,1736.37060546875,monitor_data.speed
1764787937251,1719.139404296875,monitor_data.speed
1764787937252,1714.2166748046875,monitor_data.speed
1764787937254,1710.9844970703125,monitor_data.speed
1764787937207,0,monitor_data.speed_ref
1764787937210,0,monitor_data.speed_ref
1764787937211,0,monitor_data.speed_ref
1764787937213,0,monitor_data.speed_ref
1764787937214,0,monitor_data.speed_ref
1764787937216,0,monitor_data.speed_ref
1764787937218,0,monitor_data.speed_ref
1764787937219,0,monitor_data.speed_ref
1764787937221,0,monitor_data.speed_ref
1764787937223,0,monitor_data.speed_ref
1764787937225,0,monitor_data.speed_ref
1764787937227,0,monitor_data.speed_ref
1764787937228,0,monitor_data.speed_ref
1764787937230,0,monitor_data.speed_ref
1764787937232,0,monitor_data.speed_ref
1764787937234,0,monitor_data.speed_ref
1764787937236,0,monitor_data.speed_ref
1764787937238,0,monitor_data.speed_ref
1764787937240,0,monitor_data.speed_ref
1764787937242,0,monitor_data.speed_ref
1764787937245,0,monitor_data.speed_ref
1764787937247,0,monitor_data.speed_ref
1764787937249,0,monitor_data.speed_ref
1764787937251,0,monitor_data.speed_ref
1764787937252,0,monitor_data.speed_ref
1764787937254,0,monitor_data.speed_ref
1764787937256,1703.951171875,monitor_data.speed
1764787937258,1709.4161376953125,monitor_data.speed
1764787937260,1701.8681640625,monitor_data.speed
1764787937262,1701.9100341796875,monitor_data.speed
1764787937264,1679.88134765625,monitor_data.speed
1764787937266,1637.3232421875,monitor_data.speed
1764787937268,1590.4696044921875,monitor_data.speed
1764787937269,1567.193603515625,monitor_data.speed
1764787937271,1478.7799072265625,monitor_data.speed
1764787937273,1419.4959716796875,monitor_data.speed
1764787937275,1306.903564453125,monitor_data.speed
1764787937277,1207.780517578125,monitor_data.speed
1764787937279,1104.3929443359375,monitor_data.speed
1764787937280,1020.25244140625,monitor_data.speed
1764787937282,924.6536254882812,monitor_data.speed
1764787937284,839.0978393554688,monitor_data.speed
1764787937286,711.2360229492188,monitor_data.speed
1764787937288,597.9979858398438,monitor_data.speed
1764787937289,504.0252380371094,monitor_data.speed
1764787937292,390.430419921875,monitor_data.speed
1764787937294,307.2384948730469,monitor_data.speed
1764787937296,256.2356872558594,monitor_data.speed
1764787937297,213.833740234375,monitor_data.speed
1764787937300,174.89779663085938,monitor_data.speed
1764787937301,148.91940307617188,monitor_data.speed
1764787937303,123.03400421142578,monitor_data.speed
1764787937305,102.67493438720703,monitor_data.speed
1764787937256,0,monitor_data.speed_ref
1764787937258,0,monitor_data.speed_ref
1764787937260,0,monitor_data.speed_ref
1764787937262,0,monitor_data.speed_ref
1764787937264,0,monitor_data.speed_ref
1764787937266,0,monitor_data.speed_ref
1764787937268,0,monitor_data.speed_ref
1764787937269,0,monitor_data.speed_ref
1764787937271,0,monitor_data.speed_ref
1764787937273,0,monitor_data.speed_ref
1764787937275,0,monitor_data.speed_ref
1764787937277,0,monitor_data.speed_ref
1764787937279,0,monitor_data.speed_ref
1764787937280,0,monitor_data.speed_ref
1764787937282,0,monitor_data.speed_ref
1764787937284,0,monitor_data.speed_ref
1764787937286,0,monitor_data.speed_ref
1764787937288,0,monitor_data.speed_ref
1764787937289,0,monitor_data.speed_ref
1764787937292,0,monitor_data.speed_ref
1764787937294,0,monitor_data.speed_ref
1764787937296,0,monitor_data.speed_ref
1764787937297,0,monitor_data.speed_ref
1764787937300,0,monitor_data.speed_ref
1764787937301,0,monitor_data.speed_ref
1764787937303,0,monitor_data.speed_ref
1764787937305,0,monitor_data.speed_ref
1764787937307,78.9688720703125,monitor_data.speed
1764787937309,67.71192932128906,monitor_data.speed
1764787937311,49.49819564819336,monitor_data.speed
1764787937313,40.79346466064453,monitor_data.speed
1764787937315,32.54795837402344,monitor_data.speed
1764787937317,26.62274169921875,monitor_data.speed
1764787937319,22.44278335571289,monitor_data.speed
1764787937320,19.303285598754883,monitor_data.speed
1764787937322,16.11023712158203,monitor_data.speed
1764787937324,13.311220169067383,monitor_data.speed
1764787937326,10.88885498046875,monitor_data.speed
1764787937328,8.643275260925293,monitor_data.speed
1764787937330,7.070919990539551,monitor_data.speed
1764787937332,5.843227863311768,monitor_data.speed
1764787937335,4.592689514160156,monitor_data.speed
1764787937337,-1.8615858554840088,monitor_data.speed
1764787937339,-2.2463104724884033,monitor_data.speed
1764787937341,-2.1306557655334473,monitor_data.speed
1764787937344,-1.776124358177185,monitor_data.speed
1764787937345,-1.4808181524276733,monitor_data.speed
1764787937347,-1.2219535112380981,monitor_data.speed
1764787937349,-1.0287266969680786,monitor_data.speed
1764787937351,-0.8571057319641113,monitor_data.speed
1764787937353,-0.6995131373405457,monitor_data.speed
1764787937355,-0.5590954422950745,monitor_data.speed
1764787937307,0,monitor_data.speed_ref
1764787937309,0,monitor_data.speed_ref
1764787937311,0,monitor_data.speed_ref
1764787937313,0,monitor_data.speed_ref
1764787937315,0,monitor_data.speed_ref
1764787937317,0,monitor_data.speed_ref
1764787937319,0,monitor_data.speed_ref
1764787937320,0,monitor_data.speed_ref
1764787937322,0,monitor_data.speed_ref
1764787937324,0,monitor_data.speed_ref
1764787937326,0,monitor_data.speed_ref
1764787937328,0,monitor_data.speed_ref
1764787937330,0,monitor_data.speed_ref
1764787937332,0,monitor_data.speed_ref
1764787937335,0,monitor_data.speed_ref
1764787937337,0,monitor_data.speed_ref
1764787937339,0,monitor_data.speed_ref
1764787937341,0,monitor_data.speed_ref
1764787937344,0,monitor_data.speed_ref
1764787937345,0,monitor_data.speed_ref
1764787937347,0,monitor_data.speed_ref
1764787937349,0,monitor_data.speed_ref
1764787937351,0,monitor_data.speed_ref
1764787937353,0,monitor_data.speed_ref
1764787937355,0,monitor_data.speed_ref
1764787937357,-0.4651912748813629,monitor_data.speed
1764787937359,-0.3750898241996765,monitor_data.speed
1764787937360,-0.3214308023452759,monitor_data.speed
1764787937362,-0.26685696840286255,monitor_data.speed
1764787937364,-0.2190178632736206,monitor_data.speed
1764787937366,-0.18139207363128662,monitor_data.speed
1764787937368,-0.1515922099351883,monitor_data.speed
1764787937370,-0.11986491829156876,monitor_data.speed
1764787937372,-0.09546951204538345,monitor_data.speed
1764787937374,-0.07571587711572647,monitor_data.speed
1764787937376,-0.05836624279618263,monitor_data.speed
1764787937378,-0.04788827523589134,monitor_data.speed
1764787937380,-0.037647999823093414,monitor_data.speed
1764787937382,0.1320614516735077,monitor_data.speed
1764787937384,0.44075849652290344,monitor_data.speed
1764787937386,0.5398416519165039,monitor_data.speed
1764787937387,0.5518496632575989,monitor_data.speed
1764787937389,0.6873279809951782,monitor_data.speed
1764787937391,-5.005248069763184,monitor_data.speed
1764787937394,1.3053154945373535,monitor_data.speed
1764787937396,-4.418035507202148,monitor_data.speed
1764787937398,1.7165807485580444,monitor_data.speed
1764787937400,2.0162789821624756,monitor_data.speed
1764787937401,2.048661470413208,monitor_data.speed
1764787937403,-3.762403964996338,monitor_data.speed
1764787937405,-3.4916439056396484,monitor_data.speed
1764787937406,-3.3279285430908203,monitor_data.speed
1764787937357,0,monitor_data.speed_ref
1764787937359,0,monitor_data.speed_ref
1764787937360,0,monitor_data.speed_ref
1764787937362,0,monitor_data.speed_ref
1764787937364,0,monitor_data.speed_ref
1764787937366,0,monitor_data.speed_ref
1764787937368,0,monitor_data.speed_ref
1764787937370,0,monitor_data.speed_ref
1764787937372,0,monitor_data.speed_ref
1764787937374,0,monitor_data.speed_ref
1764787937376,0,monitor_data.speed_ref
1764787937378,0,monitor_data.speed_ref
1764787937380,0,monitor_data.speed_ref
1764787937382,0,monitor_data.speed_ref
1764787937384,0,monitor_data.speed_ref
1764787937386,0,monitor_data.speed_ref
1764787937387,0,monitor_data.speed_ref
1764787937389,0,monitor_data.speed_ref
1764787937391,0,monitor_data.speed_ref
1764787937394,0,monitor_data.speed_ref
1764787937396,0,monitor_data.speed_ref
1764787937398,0,monitor_data.speed_ref
1764787937400,0,monitor_data.speed_ref
1764787937401,0,monitor_data.speed_ref
1764787937403,0,monitor_data.speed_ref
1764787937405,0,monitor_data.speed_ref
1764787937406,0,monitor_data.speed_ref
1764787937408,-3.125732421875,monitor_data.speed
1764787937411,2.9652390480041504,monitor_data.speed
1764787937413,3.0232415199279785,monitor_data.speed
1764787937415,-2.6624391078948975,monitor_data.speed
1764787937416,3.131687879562378,monitor_data.speed
1764787937418,-2.670816659927368,monitor_data.speed
1764787937420,-2.573042392730713,monitor_data.speed
1764787937422,3.2391202449798584,monitor_data.speed
1764787937424,3.270277738571167,monitor_data.speed
1764787937426,-2.731228828430176,monitor_data.speed
1764787937428,-2.6616885662078857,monitor_data.speed
1764787937430,-2.612823009490967,monitor_data.speed
1764787937432,-2.5746734142303467,monitor_data.speed
1764787937434,3.345508337020874,monitor_data.speed
1764787937436,2.8457553386688232,monitor_data.speed
1764787937438,2.7510170936584473,monitor_data.speed
1764787937440,2.36247181892395,monitor_data.speed
1764787937443,2.151472568511963,monitor_data.speed
1764787937445,2.096733570098877,monitor_data.speed
1764787937447,-3.7706525325775146,monitor_data.speed
1764787937449,1.84684157371521,monitor_data.speed
1764787937451,1.8312962055206299,monitor_data.speed
1764787937453,1.9441652297973633,monitor_data.speed
1764787937455,1.8290461301803589,monitor_data.speed
1764787937458,1.9651397466659546,monitor_data.speed
1764787937408,0,monitor_data.speed_ref
1764787937411,0,monitor_data.speed_ref
1764787937413,0,monitor_data.speed_ref
1764787937415,0,monitor_data.speed_ref
1764787937416,0,monitor_data.speed_ref
1764787937418,0,monitor_data.speed_ref
1764787937420,0,monitor_data.speed_ref
1764787937422,0,monitor_data.speed_ref
1764787937424,0,monitor_data.speed_ref
1764787937426,0,monitor_data.speed_ref
1764787937428,0,monitor_data.speed_ref
1764787937430,0,monitor_data.speed_ref
1764787937432,0,monitor_data.speed_ref
1764787937434,0,monitor_data.speed_ref
1764787937436,0,monitor_data.speed_ref
1764787937438,0,monitor_data.speed_ref
1764787937440,0,monitor_data.speed_ref
1764787937443,0,monitor_data.speed_ref
1764787937445,0,monitor_data.speed_ref
1764787937447,0,monitor_data.speed_ref
1764787937449,0,monitor_data.speed_ref
1764787937451,0,monitor_data.speed_ref
1764787937453,0,monitor_data.speed_ref
1764787937455,0,monitor_data.speed_ref
1764787937458,0,monitor_data.speed_ref
1764787937460,2.3191866874694824,monitor_data.speed
1764787937462,2.424689769744873,monitor_data.speed
1764787937464,-3.2392802238464355,monitor_data.speed
1764787937466,-2.858466148376465,monitor_data.speed
1764787937468,-2.547041177749634,monitor_data.speed
1764787937470,-2.1574482917785645,monitor_data.speed
1764787937471,-1.9813369512557983,monitor_data.speed
1764787937473,4.063149929046631,monitor_data.speed
1764787937475,-1.5182108879089355,monitor_data.speed
1764787937477,-1.3621296882629395,monitor_data.speed
1764787937479,-1.1991137266159058,monitor_data.speed
1764787937482,-0.9595909118652344,monitor_data.speed
1764787937483,-0.8464984893798828,monitor_data.speed
1764787937485,-0.6979000568389893,monitor_data.speed
1764787937487,-0.6144245266914368,monitor_data.speed
1764787937489,-0.516613781452179,monitor_data.speed
1764787937491,-0.40410295128822327,monitor_data.speed
1764787937494,-0.414235383272171,monitor_data.speed
1764787937497,-0.31705915927886963,monitor_data.speed
1764787937499,-0.29015398025512695,monitor_data.speed
1764787937501,-0.23335756361484528,monitor_data.speed
1764787937504,-0.18736787140369415,monitor_data.speed
1764787937506,-0.14854393899440765,monitor_data.speed
1764787937508,-0.16986525058746338,monitor_data.speed
1764787937510,-0.13741391897201538,monitor_data.speed
1764787937460,0,monitor_data.speed_ref
1764787937462,0,monitor_data.speed_ref
1764787937464,0,monitor_data.speed_ref
1764787937466,0,monitor_data.speed_ref
1764787937468,0,monitor_data.speed_ref
1764787937470,0,monitor_data.speed_ref
1764787937471,0,monitor_data.speed_ref
1764787937473,0,monitor_data.speed_ref
1764787937475,0,monitor_data.speed_ref
1764787937477,0,monitor_data.speed_ref
1764787937479,0,monitor_data.speed_ref
1764787937482,0,monitor_data.speed_ref
1764787937483,0,monitor_data.speed_ref
1764787937485,0,monitor_data.speed_ref
1764787937487,0,monitor_data.speed_ref
1764787937489,0,monitor_data.speed_ref
1764787937491,0,monitor_data.speed_ref
1764787937494,0,monitor_data.speed_ref
1764787937497,0,monitor_data.speed_ref
1764787937499,0,monitor_data.speed_ref
1764787937501,0,monitor_data.speed_ref
1764787937504,0,monitor_data.speed_ref
1764787937506,0,monitor_data.speed_ref
1764787937508,0,monitor_data.speed_ref
1764787937510,0,monitor_data.speed_ref
1764787937512,-0.1096794456243515,monitor_data.speed
1764787937514,-0.08626636862754822,monitor_data.speed
1764787937516,-0.06826383620500565,monitor_data.speed
1764787937518,-0.055585600435733795,monitor_data.speed
1764787937520,-0.04342076554894447,monitor_data.speed
1764787937522,-0.03399399295449257,monitor_data.speed
1764787937524,-0.025937438011169434,monitor_data.speed
1764787937526,-0.01886136084794998,monitor_data.speed
1764787937528,-0.014358538202941418,monitor_data.speed
1764787937531,-0.009313564747571945,monitor_data.speed
1764787937533,-0.005116106942296028,monitor_data.speed
1764787937536,-0.0020198863931000233,monitor_data.speed
1764787937538,0.00011994892702205107,monitor_data.speed
1764787937541,0.0019481019116938114,monitor_data.speed
1764787937543,0.003217696212232113,monitor_data.speed
1764787937545,0.004193898756057024,monitor_data.speed
1764787937547,0.004916056990623474,monitor_data.speed
1764787937549,0.005596900824457407,monitor_data.speed
1764787937552,-0.04572870954871178,monitor_data.speed
1764787937554,-0.03588166832923889,monitor_data.speed
1764787937556,-0.028193118050694466,monitor_data.speed
1764787937558,-0.07043658196926117,monitor_data.speed
1764787937560,-0.11152617633342743,monitor_data.speed
1764787937512,0,monitor_data.speed_ref
1764787937514,0,monitor_data.speed_ref
1764787937516,0,monitor_data.speed_ref
1764787937518,0,monitor_data.speed_ref
1764787937520,0,monitor_data.speed_ref
1764787937522,0,monitor_data.speed_ref
1764787937524,0,monitor_data.speed_ref
1764787937526,0,monitor_data.speed_ref
1764787937528,0,monitor_data.speed_ref
1764787937531,0,monitor_data.speed_ref
1764787937533,0,monitor_data.speed_ref
1764787937536,0,monitor_data.speed_ref
1764787937538,0,monitor_data.speed_ref
1764787937541,0,monitor_data.speed_ref
1764787937543,0,monitor_data.speed_ref
1764787937545,0,monitor_data.speed_ref
1764787937547,0,monitor_data.speed_ref
1764787937549,0,monitor_data.speed_ref
1764787937552,0,monitor_data.speed_ref
1764787937554,0,monitor_data.speed_ref
1764787937556,0,monitor_data.speed_ref
1764787937558,0,monitor_data.speed_ref
1764787937560,0,monitor_data.speed_ref
1764787937562,-0.0916886106133461,monitor_data.speed
1764787937564,-0.12274746596813202,monitor_data.speed
1764787937566,-0.10327423363924026,monitor_data.speed
1764787937567,-0.19505558907985687,monitor_data.speed
1764787937569,-0.27174752950668335,monitor_data.speed
1764787937571,-0.332329124212265,monitor_data.speed
1764787937572,-0.34359467029571533,monitor_data.speed
1764787937574,-0.4489545524120331,monitor_data.speed
1764787937576,-0.4225367307662964,monitor_data.speed
1764787937578,-0.5658160448074341,monitor_data.speed
1764787937580,-0.7727112770080566,monitor_data.speed
1764787937582,-1.2685966491699219,monitor_data.speed
1764787937584,-1.0830577611923218,monitor_data.speed
1764787937586,4.693277835845947,monitor_data.speed
1764787937588,4.662822246551514,monitor_data.speed
1764787937590,-1.4201171398162842,monitor_data.speed
1764787937592,-1.6801927089691162,monitor_data.speed
1764787937594,-1.8179147243499756,monitor_data.speed
1764787937596,3.902529716491699,monitor_data.speed
1764787937598,-1.912771463394165,monitor_data.speed
1764787937600,-2.428251028060913,monitor_data.speed
1764787937602,3.231117010116577,monitor_data.speed
1764787937604,2.7970173358917236,monitor_data.speed
1764787937606,2.5616471767425537,monitor_data.speed
1764787937609,2.423318862915039,monitor_data.speed
1764787937562,0,monitor_data.speed_ref
1764787937564,0,monitor_data.speed_ref
1764787937566,0,monitor_data.speed_ref
1764787937567,0,monitor_data.speed_ref
1764787937569,0,monitor_data.speed_ref
1764787937571,0,monitor_data.speed_ref
1764787937572,0,monitor_data.speed_ref
1764787937574,0,monitor_data.speed_ref
1764787937576,0,monitor_data.speed_ref
1764787937578,0,monitor_data.speed_ref
1764787937580,0,monitor_data.speed_ref
1764787937582,0,monitor_data.speed_ref
1764787937584,0,monitor_data.speed_ref
1764787937586,0,monitor_data.speed_ref
1764787937588,0,monitor_data.speed_ref
1764787937590,0,monitor_data.speed_ref
1764787937592,0,monitor_data.speed_ref
1764787937594,0,monitor_data.speed_ref
1764787937596,0,monitor_data.speed_ref
1764787937598,0,monitor_data.speed_ref
1764787937600,0,monitor_data.speed_ref
1764787937602,0,monitor_data.speed_ref
1764787937604,0,monitor_data.speed_ref
1764787937606,0,monitor_data.speed_ref
1764787937609,0,monitor_data.speed_ref
1764787937611,-3.6480205059051514,monitor_data.speed
1764787937613,2.0765388011932373,monitor_data.speed
1764787937614,1.913541555404663,monitor_data.speed
1764787937616,-4.105910301208496,monitor_data.speed
1764787937618,1.8174809217453003,monitor_data.speed
1764787937619,-4.138871192932129,monitor_data.speed
1764787937621,1.616933822631836,monitor_data.speed
1764787937622,1.4199167490005493,monitor_data.speed
1764787937623,1.6796897649765015,monitor_data.speed
1764787937626,1.718327283859253,monitor_data.speed
1764787937628,1.7254406213760376,monitor_data.speed
1764787937629,1.5612126588821411,monitor_data.speed
1764787937631,1.3273452520370483,monitor_data.speed
1764787937634,1.185772180557251,monitor_data.speed
1764787937636,0.9735643267631531,monitor_data.speed
1764787937638,0.8497413396835327,monitor_data.speed
1764787937641,0.6694117784500122,monitor_data.speed
1764787937643,0.5329777598381042,monitor_data.speed
1764787937645,0.4550482928752899,monitor_data.speed
1764787937647,0.48371854424476624,monitor_data.speed
1764787937649,0.3971571922302246,monitor_data.speed
1764787937651,0.3200295567512512,monitor_data.speed
1764787937653,0.2684505581855774,monitor_data.speed
1764787937655,0.2636660635471344,monitor_data.speed
1764787937657,0.21717438101768494,monitor_data.speed
1764787937659,0.18261641263961792,monitor_data.speed
1764787937661,0.1480468213558197,monitor_data.speed
1764787937611,0,monitor_data.speed_ref
1764787937613,0,monitor_data.speed_ref
1764787937614,0,monitor_data.speed_ref
1764787937616,0,monitor_data.speed_ref
1764787937618,0,monitor_data.speed_ref
1764787937619,0,monitor_data.speed_ref
1764787937621,0,monitor_data.speed_ref
1764787937622,0,monitor_data.speed_ref
1764787937623,0,monitor_data.speed_ref
1764787937626,0,monitor_data.speed_ref
1764787937628,0,monitor_data.speed_ref
1764787937629,0,monitor_data.speed_ref
1764787937631,0,monitor_data.speed_ref
1764787937634,0,monitor_data.speed_ref
1764787937636,0,monitor_data.speed_ref
1764787937638,0,monitor_data.speed_ref
1764787937641,0,monitor_data.speed_ref
1764787937643,0,monitor_data.speed_ref
1764787937645,0,monitor_data.speed_ref
1764787937647,0,monitor_data.speed_ref
1764787937649,0,monitor_data.speed_ref
1764787937651,0,monitor_data.speed_ref
1764787937653,0,monitor_data.speed_ref
1764787937655,0,monitor_data.speed_ref
1764787937657,0,monitor_data.speed_ref
1764787937659,0,monitor_data.speed_ref
1764787937661,0,monitor_data.speed_ref
1764787937663,0.12146611511707306,monitor_data.speed
1764787937665,0.10466335713863373,monitor_data.speed
1764787937666,0.08792079240083694,monitor_data.speed
1764787937669,0.07213607430458069,monitor_data.speed
1764787937671,0.061047762632369995,monitor_data.speed
1764787937673,0.0510205440223217,monitor_data.speed
1764787937675,0.04290121793746948,monitor_data.speed
1764787937677,0.1395573616027832,monitor_data.speed
1764787937679,0.11895012110471725,monitor_data.speed
1764787937680,0.10443318635225296,monitor_data.speed
1764787937681,0.09182164818048477,monitor_data.speed
1764787937683,0.07593901455402374,monitor_data.speed
1764787937685,0.06418963521718979,monitor_data.speed
1764787937687,0.05541938915848732,monitor_data.speed
1764787937689,0.04646308347582817,monitor_data.speed
1764787937692,0.03799479827284813,monitor_data.speed
1764787937694,0.032113850116729736,monitor_data.speed
1764787937696,0.028180982917547226,monitor_data.speed
1764787937698,0.024569591507315636,monitor_data.speed
1764787937700,0.0217498280107975,monitor_data.speed
1764787937701,0.019532063975930214,monitor_data.speed
1764787937703,0.017587976530194283,monitor_data.speed
1764787937705,0.01582992821931839,monitor_data.speed
1764787937707,0.014529391191899776,monitor_data.speed
1764787937710,0.013253706507384777,monitor_data.speed
1764787937712,0.012320348061621189,monitor_data.speed
1764787937714,0.011500576511025429,monitor_data.speed
1764787937663,0,monitor_data.speed_ref
1764787937665,0,monitor_data.speed_ref
1764787937666,0,monitor_data.speed_ref
1764787937669,0,monitor_data.speed_ref
1764787937671,0,monitor_data.speed_ref
1764787937673,0,monitor_data.speed_ref
1764787937675,0,monitor_data.speed_ref
1764787937677,0,monitor_data.speed_ref
1764787937679,0,monitor_data.speed_ref
1764787937680,0,monitor_data.speed_ref
1764787937681,0,monitor_data.speed_ref
1764787937683,0,monitor_data.speed_ref
1764787937685,0,monitor_data.speed_ref
1764787937687,0,monitor_data.speed_ref
1764787937689,0,monitor_data.speed_ref
1764787937692,0,monitor_data.speed_ref
1764787937694,0,monitor_data.speed_ref
1764787937696,0,monitor_data.speed_ref
1764787937698,0,monitor_data.speed_ref
1764787937700,0,monitor_data.speed_ref
1764787937701,0,monitor_data.speed_ref
1764787937703,0,monitor_data.speed_ref
1764787937705,0,monitor_data.speed_ref
1764787937707,0,monitor_data.speed_ref
1764787937710,0,monitor_data.speed_ref
1764787937712,0,monitor_data.speed_ref
1764787937714,0,monitor_data.speed_ref
1764787937716,0.010926572605967522,monitor_data.speed
1764787937718,0.010478390380740166,monitor_data.speed
1764787937720,0.010108115151524544,monitor_data.speed
1764787937722,0.009773274883627892,monitor_data.speed
1764787937724,0.009525572881102562,monitor_data.speed
1764787937725,0.009340673685073853,monitor_data.speed
1764787937727,0.009210415184497833,monitor_data.speed
1764787937728,0.009104819037020206,monitor_data.speed
1764787937730,0.008985995315015316,monitor_data.speed
1764787937732,0.008875136263668537,monitor_data.speed
1764787937734,0.008766396902501583,monitor_data.speed
1764787937736,0.008676782250404358,monitor_data.speed
1764787937739,0.008614273741841316,monitor_data.speed
1764787937741,0.00855937134474516,monitor_data.speed
1764787937743,0.00851246528327465,monitor_data.speed
1764787937745,0.008485292084515095,monitor_data.speed
1764787937747,0.008461471647024155,monitor_data.speed
1764787937749,0.00844562891870737,monitor_data.speed
1764787937750,0.008432849310338497,monitor_data.speed
1764787937752,0.008416753262281418,monitor_data.speed
1764787937754,0.008403720334172249,monitor_data.speed
1764787937756,0.00839407928287983,monitor_data.speed
1764787937758,0.008384989574551582,monitor_data.speed
1764787937760,0.008378910832107067,monitor_data.speed
1764787937762,0.008374357596039772,monitor_data.speed
1764787937764,0.008369604125618935,monitor_data.speed
1764787937766,0.008365717716515064,monitor_data.speed
1764787937716,0,monitor_data.speed_ref
1764787937718,0,monitor_data.speed_ref
1764787937720,0,monitor_data.speed_ref
1764787937722,0,monitor_data.speed_ref
1764787937724,0,monitor_data.speed_ref
1764787937725,0,monitor_data.speed_ref
1764787937727,0,monitor_data.speed_ref
1764787937728,0,monitor_data.speed_ref
1764787937730,0,monitor_data.speed_ref
1764787937732,0,monitor_data.speed_ref
1764787937734,0,monitor_data.speed_ref
1764787937736,0,monitor_data.speed_ref
1764787937739,0,monitor_data.speed_ref
1764787937741,0,monitor_data.speed_ref
1764787937743,0,monitor_data.speed_ref
1764787937745,0,monitor_data.speed_ref
1764787937747,0,monitor_data.speed_ref
1764787937749,0,monitor_data.speed_ref
1764787937750,0,monitor_data.speed_ref
1764787937752,0,monitor_data.speed_ref
1764787937754,0,monitor_data.speed_ref
1764787937756,0,monitor_data.speed_ref
1764787937758,0,monitor_data.speed_ref
1764787937760,0,monitor_data.speed_ref
1764787937762,0,monitor_data.speed_ref
1764787937764,0,monitor_data.speed_ref
1764787937766,0,monitor_data.speed_ref
1764787937767,0.008362827822566032,monitor_data.speed
1764787937770,0.008359821513295174,monitor_data.speed
1764787937772,0.008357620798051357,monitor_data.speed
1764787937773,0.008356151171028614,monitor_data.speed
1764787937775,0.0083549115806818,monitor_data.speed
1764787937777,0.008353866636753082,monitor_data.speed
1764787937779,0.008352985605597496,monitor_data.speed
1764787937780,0.008352283388376236,monitor_data.speed
1764787937782,0.008351517841219902,monitor_data.speed
1764787937784,0.0083509786054492,monitor_data.speed
1764787937786,0.008350505493581295,monitor_data.speed
1764787937788,0.008350096642971039,monitor_data.speed
1764787937790,0.008349747397005558,monitor_data.speed
1764787937792,0.008349440060555935,monitor_data.speed
1764787937794,0.008349224925041199,monitor_data.speed
1764787937796,0.008349048905074596,monitor_data.speed
1764787937798,0.008348925039172173,monitor_data.speed
1764787937800,0.008348814211785793,monitor_data.speed
1764787937802,0.008348716422915459,monitor_data.speed
1764787937803,0.008348640985786915,monitor_data.speed
1764787937805,0.008348574861884117,monitor_data.speed
1764787937807,0.008348514325916767,monitor_data.speed
1764787937810,0.008348463103175163,monitor_data.speed
1764787937812,0.008348430506885052,monitor_data.speed
1764787937813,0.008348396979272366,monitor_data.speed
1764787937815,0.008348376490175724,monitor_data.speed
1764787937767,0,monitor_data.speed_ref
1764787937770,0,monitor_data.speed_ref
1764787937772,0,monitor_data.speed_ref
1764787937773,0,monitor_data.speed_ref
1764787937775,0,monitor_data.speed_ref
1764787937777,0,monitor_data.speed_ref
1764787937779,0,monitor_data.speed_ref
1764787937780,0,monitor_data.speed_ref
1764787937782,0,monitor_data.speed_ref
1764787937784,0,monitor_data.speed_ref
1764787937786,0,monitor_data.speed_ref
1764787937788,0,monitor_data.speed_ref
1764787937790,0,monitor_data.speed_ref
1764787937792,0,monitor_data.speed_ref
1764787937794,0,monitor_data.speed_ref
1764787937796,0,monitor_data.speed_ref
1764787937798,0,monitor_data.speed_ref
1764787937800,0,monitor_data.speed_ref
1764787937802,0,monitor_data.speed_ref
1764787937803,0,monitor_data.speed_ref
1764787937805,0,monitor_data.speed_ref
1764787937807,0,monitor_data.speed_ref
1764787937810,0,monitor_data.speed_ref
1764787937812,0,monitor_data.speed_ref
1764787937813,0,monitor_data.speed_ref
1764787937815,0,monitor_data.speed_ref
1764787937817,0.008348356932401657,monitor_data.speed
1764787937819,0.00834833737462759,monitor_data.speed
1764787937821,0.008348328061401844,monitor_data.speed
1764787937823,0.008348315954208374,monitor_data.speed
1764787937825,0.008348304778337479,monitor_data.speed
1764787937827,0.008348295465111732,monitor_data.speed
1764787937829,0.008348285220563412,monitor_data.speed
1764787937830,0.008348285220563412,monitor_data.speed
1764787937832,0.008348285220563412,monitor_data.speed
1764787937834,0.008348285220563412,monitor_data.speed
1764787937841,0.008348285220563412,monitor_data.speed
1764787937843,0.008348285220563412,monitor_data.speed
1764787937845,0.008348285220563412,monitor_data.speed
1764787937847,0.008348285220563412,monitor_data.speed
1764787937848,0.008348285220563412,monitor_data.speed
1764787937851,0.008348285220563412,monitor_data.speed
1764787937853,0.008348285220563412,monitor_data.speed
1764787937855,0.008348285220563412,monitor_data.speed
1764787937857,0.008348285220563412,monitor_data.speed
1764787937860,0.008348285220563412,monitor_data.speed
1764787937862,0.008348285220563412,monitor_data.speed
1764787937817,0,monitor_data.speed_ref
1764787937819,0,monitor_data.speed_ref
1764787937821,0,monitor_data.speed_ref
1764787937823,0,monitor_data.speed_ref
1764787937825,0,monitor_data.speed_ref
1764787937827,0,monitor_data.speed_ref
1764787937829,0,monitor_data.speed_ref
1764787937830,0,monitor_data.speed_ref
1764787937832,0,monitor_data.speed_ref
1764787937834,0,monitor_data.speed_ref
1764787937841,0,monitor_data.speed_ref
1764787937843,0,monitor_data.speed_ref
1764787937845,0,monitor_data.speed_ref
1764787937847,0,monitor_data.speed_ref
1764787937848,0,monitor_data.speed_ref
1764787937851,0,monitor_data.speed_ref
1764787937853,0,monitor_data.speed_ref
1764787937855,0,monitor_data.speed_ref
1764787937857,0,monitor_data.speed_ref
1764787937860,0,monitor_data.speed_ref
1764787937862,0,monitor_data.speed_ref
1764787937864,0.008348285220563412,monitor_data.speed
1764787937866,0.008348285220563412,monitor_data.speed
1764787937868,0.008348285220563412,monitor_data.speed
1764787937870,0.008348285220563412,monitor_data.speed
1764787937872,0.008348285220563412,monitor_data.speed
1764787937874,0.008348285220563412,monitor_data.speed
1764787937876,0.008348285220563412,monitor_data.speed
1764787937877,0.008348285220563412,monitor_data.speed
1764787937879,0.008348285220563412,monitor_data.speed
1764787937880,0.008348285220563412,monitor_data.speed
1764787937883,0.008348285220563412,monitor_data.speed
1764787937885,0.008348285220563412,monitor_data.speed
1764787937887,0.008348285220563412,monitor_data.speed
1764787937888,0.008348285220563412,monitor_data.speed
1764787937890,0.008348285220563412,monitor_data.speed
1764787937892,0.008348285220563412,monitor_data.speed
1764787937894,0.008348285220563412,monitor_data.speed
1764787937897,0.008348285220563412,monitor_data.speed
1764787937899,0.008348285220563412,monitor_data.speed
1764787937901,0.008348285220563412,monitor_data.speed
1764787937903,0.008348285220563412,monitor_data.speed
1764787937905,0.008348285220563412,monitor_data.speed
1764787937907,0.008348285220563412,monitor_data.speed
1764787937909,0.008348285220563412,monitor_data.speed
1764787937911,0.008348285220563412,monitor_data.speed
1764787937913,0.008348285220563412,monitor_data.speed
1764787937915,0.008348285220563412,monitor_data.speed
1764787937864,0,monitor_data.speed_ref
1764787937866,0,monitor_data.speed_ref
1764787937868,0,monitor_data.speed_ref
1764787937870,0,monitor_data.speed_ref
1764787937872,0,monitor_data.speed_ref
1764787937874,0,monitor_data.speed_ref
1764787937876,0,monitor_data.speed_ref
1764787937877,0,monitor_data.speed_ref
1764787937879,0,monitor_data.speed_ref
1764787937880,0,monitor_data.speed_ref
1764787937883,0,monitor_data.speed_ref
1764787937885,0,monitor_data.speed_ref
1764787937887,0,monitor_data.speed_ref
1764787937888,0,monitor_data.speed_ref
1764787937890,0,monitor_data.speed_ref
1764787937892,0,monitor_data.speed_ref
1764787937894,0,monitor_data.speed_ref
1764787937897,0,monitor_data.speed_ref
1764787937899,0,monitor_data.speed_ref
1764787937901,0,monitor_data.speed_ref
1764787937903,0,monitor_data.speed_ref
1764787937905,0,monitor_data.speed_ref
1764787937907,0,monitor_data.speed_ref
1764787937909,0,monitor_data.speed_ref
1764787937911,0,monitor_data.speed_ref
1764787937913,0,monitor_data.speed_ref
1764787937915,0,monitor_data.speed_ref
1764787937917,0.008348285220563412,monitor_data.speed
1764787937919,0.008348285220563412,monitor_data.speed
1764787937921,0.008348285220563412,monitor_data.speed
1764787937922,0.008348285220563412,monitor_data.speed
1764787937924,0.008348285220563412,monitor_data.speed
1764787937926,0.008348285220563412,monitor_data.speed
1764787937928,0.008348285220563412,monitor_data.speed
1764787937929,0.008348285220563412,monitor_data.speed
1764787937931,0.008348285220563412,monitor_data.speed
1764787937933,0.008348285220563412,monitor_data.speed
1764787937935,0.008348285220563412,monitor_data.speed
1764787937937,0.008348285220563412,monitor_data.speed
1764787937939,0.008348285220563412,monitor_data.speed
1764787937941,0.008348285220563412,monitor_data.speed
1764787937943,0.008348285220563412,monitor_data.speed
1764787937945,0.008348285220563412,monitor_data.speed
1764787937947,0.008348285220563412,monitor_data.speed
1764787937949,0.008348285220563412,monitor_data.speed
1764787937951,0.008348285220563412,monitor_data.speed
1764787937953,0.008348285220563412,monitor_data.speed
1764787937955,0.008348285220563412,monitor_data.speed
1764787937957,0.008348285220563412,monitor_data.speed
1764787937960,0.008348285220563412,monitor_data.speed
1764787937962,0.008348285220563412,monitor_data.speed
1764787937964,0.008348285220563412,monitor_data.speed
1764787937917,0,monitor_data.speed_ref
1764787937919,0,monitor_data.speed_ref
1764787937921,0,monitor_data.speed_ref
1764787937922,0,monitor_data.speed_ref
1764787937924,0,monitor_data.speed_ref
1764787937926,0,monitor_data.speed_ref
1764787937928,0,monitor_data.speed_ref
1764787937929,0,monitor_data.speed_ref
1764787937931,0,monitor_data.speed_ref
1764787937933,0,monitor_data.speed_ref
1764787937935,0,monitor_data.speed_ref
1764787937937,0,monitor_data.speed_ref
1764787937939,0,monitor_data.speed_ref
1764787937941,0,monitor_data.speed_ref
1764787937943,0,monitor_data.speed_ref
1764787937945,0,monitor_data.speed_ref
1764787937947,0,monitor_data.speed_ref
1764787937949,0,monitor_data.speed_ref
1764787937951,0,monitor_data.speed_ref
1764787937953,0,monitor_data.speed_ref
1764787937955,0,monitor_data.speed_ref
1764787937957,0,monitor_data.speed_ref
1764787937960,0,monitor_data.speed_ref
1764787937962,0,monitor_data.speed_ref
1764787937964,0,monitor_data.speed_ref
1764787937966,0.008348285220563412,monitor_data.speed
1764787937968,0.008348285220563412,monitor_data.speed
1764787937970,0.008348285220563412,monitor_data.speed
1764787937972,0.008348285220563412,monitor_data.speed
1764787937974,0.008348285220563412,monitor_data.speed
1764787937976,0.008348285220563412,monitor_data.speed
1764787937978,0.008348285220563412,monitor_data.speed
1764787937980,0.008348285220563412,monitor_data.speed
1764787937981,0.008348285220563412,monitor_data.speed
1764787937984,0.008348285220563412,monitor_data.speed
1764787937986,0.008348285220563412,monitor_data.speed
1764787937988,0.008348285220563412,monitor_data.speed
1764787937989,0.008348285220563412,monitor_data.speed
1764787937991,0.008348285220563412,monitor_data.speed
1764787937993,0.008348285220563412,monitor_data.speed
1764787937995,0.008348285220563412,monitor_data.speed
1764787937997,0.008348285220563412,monitor_data.speed
1764787937999,0.008348285220563412,monitor_data.speed
1764787938001,0.008348285220563412,monitor_data.speed
1764787938003,0.008348285220563412,monitor_data.speed
1764787938005,0.008348285220563412,monitor_data.speed
1764787938007,0.008348285220563412,monitor_data.speed
1764787938009,0.008348285220563412,monitor_data.speed
1764787938011,0.008348285220563412,monitor_data.speed
1764787938013,0.008348285220563412,monitor_data.speed
1764787938015,0.008348285220563412,monitor_data.speed
1764787937966,0,monitor_data.speed_ref
1764787937968,0,monitor_data.speed_ref
1764787937970,0,monitor_data.speed_ref
1764787937972,0,monitor_data.speed_ref
1764787937974,0,monitor_data.speed_ref
1764787937976,0,monitor_data.speed_ref
1764787937978,0,monitor_data.speed_ref
1764787937980,0,monitor_data.speed_ref
1764787937981,0,monitor_data.speed_ref
1764787937984,0,monitor_data.speed_ref
1764787937986,0,monitor_data.speed_ref
1764787937988,0,monitor_data.speed_ref
1764787937989,0,monitor_data.speed_ref
1764787937991,0,monitor_data.speed_ref
1764787937993,0,monitor_data.speed_ref
1764787937995,0,monitor_data.speed_ref
1764787937997,0,monitor_data.speed_ref
1764787937999,0,monitor_data.speed_ref
1764787938001,0,monitor_data.speed_ref
1764787938003,0,monitor_data.speed_ref
1764787938005,0,monitor_data.speed_ref
1764787938007,0,monitor_data.speed_ref
1764787938009,0,monitor_data.speed_ref
1764787938011,0,monitor_data.speed_ref
1764787938013,0,monitor_data.speed_ref
1764787938015,0,monitor_data.speed_ref
1764787938017,0.008348285220563412,monitor_data.speed
1764787938019,0.008348285220563412,monitor_data.speed
1764787938021,0.008348285220563412,monitor_data.speed
1764787938023,0.008348285220563412,monitor_data.speed
1764787938025,0.008348285220563412,monitor_data.speed
1764787938027,0.008348285220563412,monitor_data.speed
1764787938028,0.008348285220563412,monitor_data.speed
1764787938030,0.008348285220563412,monitor_data.speed
1764787938031,0.008348285220563412,monitor_data.speed
1764787938033,0.008348285220563412,monitor_data.speed
1764787938036,0.008348285220563412,monitor_data.speed
1764787938037,0.008348285220563412,monitor_data.speed
1764787938039,0.008348285220563412,monitor_data.speed
1764787938042,0.008348285220563412,monitor_data.speed
1764787938044,0.008348285220563412,monitor_data.speed
1764787938045,0.008348285220563412,monitor_data.speed
1764787938047,0.008348285220563412,monitor_data.speed
1764787938050,0.008348285220563412,monitor_data.speed
1764787938052,0.008348285220563412,monitor_data.speed
1764787938054,0.008348285220563412,monitor_data.speed
1764787938056,0.008348285220563412,monitor_data.speed
1764787938058,0.008348285220563412,monitor_data.speed
1764787938060,0.008348285220563412,monitor_data.speed
1764787938062,0.008348285220563412,monitor_data.speed
1764787938064,0.008348285220563412,monitor_data.speed
1764787938066,0.008348285220563412,monitor_data.speed
1764787938017,0,monitor_data.speed_ref
1764787938019,0,monitor_data.speed_ref
1764787938021,0,monitor_data.speed_ref
1764787938023,0,monitor_data.speed_ref
1764787938025,0,monitor_data.speed_ref
1764787938027,0,monitor_data.speed_ref
1764787938028,0,monitor_data.speed_ref
1764787938030,0,monitor_data.speed_ref
1764787938031,0,monitor_data.speed_ref
1764787938033,0,monitor_data.speed_ref
1764787938036,0,monitor_data.speed_ref
1764787938037,0,monitor_data.speed_ref
1764787938039,0,monitor_data.speed_ref
1764787938042,0,monitor_data.speed_ref
1764787938044,0,monitor_data.speed_ref
1764787938045,0,monitor_data.speed_ref
1764787938047,0,monitor_data.speed_ref
1764787938050,0,monitor_data.speed_ref
1764787938052,0,monitor_data.speed_ref
1764787938054,0,monitor_data.speed_ref
1764787938056,0,monitor_data.speed_ref
1764787938058,0,monitor_data.speed_ref
1764787938060,0,monitor_data.speed_ref
1764787938062,0,monitor_data.speed_ref
1764787938064,0,monitor_data.speed_ref
1764787938066,0,monitor_data.speed_ref
1764787938068,0.008348285220563412,monitor_data.speed
1764787938070,0.008348285220563412,monitor_data.speed
1764787938072,0.008348285220563412,monitor_data.speed
1764787938075,0.008348285220563412,monitor_data.speed
1764787938077,0.008348285220563412,monitor_data.speed
1764787938078,0.008348285220563412,monitor_data.speed
1764787938080,0.008348285220563412,monitor_data.speed
1764787938081,0.008348285220563412,monitor_data.speed
1764787938082,0.008348285220563412,monitor_data.speed
1764787938084,0.008348285220563412,monitor_data.speed
1764787938086,0.008348285220563412,monitor_data.speed
1764787938087,0.008348285220563412,monitor_data.speed
1764787938089,0.008348285220563412,monitor_data.speed
1764787938092,0.008348285220563412,monitor_data.speed
1764787938093,0.008348285220563412,monitor_data.speed
1764787938095,0.008348285220563412,monitor_data.speed
1764787938097,0.008348285220563412,monitor_data.speed
1764787938099,0.008348285220563412,monitor_data.speed
1764787938101,0.008348285220563412,monitor_data.speed
1764787938102,0.008348285220563412,monitor_data.speed
1764787938105,0.008348285220563412,monitor_data.speed
1764787938107,0.008348285220563412,monitor_data.speed
1764787938109,0.008348285220563412,monitor_data.speed
1764787938112,0.008348285220563412,monitor_data.speed
1764787938114,0.008348285220563412,monitor_data.speed
1764787938116,0.008348285220563412,monitor_data.speed
1764787938118,0.008348285220563412,monitor_data.speed
1764787938068,0,monitor_data.speed_ref
1764787938070,0,monitor_data.speed_ref
1764787938072,0,monitor_data.speed_ref
1764787938075,0,monitor_data.speed_ref
1764787938077,0,monitor_data.speed_ref
1764787938078,0,monitor_data.speed_ref
1764787938080,0,monitor_data.speed_ref
1764787938081,0,monitor_data.speed_ref
1764787938082,0,monitor_data.speed_ref
1764787938084,0,monitor_data.speed_ref
1764787938086,0,monitor_data.speed_ref
1764787938087,0,monitor_data.speed_ref
1764787938089,0,monitor_data.speed_ref
1764787938092,0,monitor_data.speed_ref
1764787938093,0,monitor_data.speed_ref
1764787938095,0,monitor_data.speed_ref
1764787938097,0,monitor_data.speed_ref
1764787938099,0,monitor_data.speed_ref
1764787938101,0,monitor_data.speed_ref
1764787938102,0,monitor_data.speed_ref
1764787938105,0,monitor_data.speed_ref
1764787938107,0,monitor_data.speed_ref
1764787938109,0,monitor_data.speed_ref
1764787938112,0,monitor_data.speed_ref
1764787938114,0,monitor_data.speed_ref
1764787938116,0,monitor_data.speed_ref
1764787938118,0,monitor_data.speed_ref
1764787938120,0.008348285220563412,monitor_data.speed
1764787938122,0.008348285220563412,monitor_data.speed
1764787938125,0.008348285220563412,monitor_data.speed
1764787938127,0.008348285220563412,monitor_data.speed
1764787938129,0.008348285220563412,monitor_data.speed
1764787938130,0.008348285220563412,monitor_data.speed
1764787938131,0.008348285220563412,monitor_data.speed
1764787938133,0.008348285220563412,monitor_data.speed
1764787938134,0.008348285220563412,monitor_data.speed
1764787938136,0.008348285220563412,monitor_data.speed
1764787938138,0.008348285220563412,monitor_data.speed
1764787938140,0.008348285220563412,monitor_data.speed
1764787938143,0.008348285220563412,monitor_data.speed
1764787938145,0.008348285220563412,monitor_data.speed
1764787938147,0.008348285220563412,monitor_data.speed
1764787938149,0.008348285220563412,monitor_data.speed
1764787938151,0.008348285220563412,monitor_data.speed
1764787938153,0.008348285220563412,monitor_data.speed
1764787938155,0.008348285220563412,monitor_data.speed
1764787938157,-0.045719027519226074,monitor_data.speed
1764787938160,-0.03328587859869003,monitor_data.speed
1764787938162,-0.12251445651054382,monitor_data.speed
1764787938164,-0.09868528693914413,monitor_data.speed
1764787938120,0,monitor_data.speed_ref
1764787938122,0,monitor_data.speed_ref
1764787938125,0,monitor_data.speed_ref
1764787938127,0,monitor_data.speed_ref
1764787938129,0,monitor_data.speed_ref
1764787938130,0,monitor_data.speed_ref
1764787938131,0,monitor_data.speed_ref
1764787938133,0,monitor_data.speed_ref
1764787938134,0,monitor_data.speed_ref
1764787938136,0,monitor_data.speed_ref
1764787938138,0,monitor_data.speed_ref
1764787938140,0,monitor_data.speed_ref
1764787938143,0,monitor_data.speed_ref
1764787938145,0,monitor_data.speed_ref
1764787938147,0,monitor_data.speed_ref
1764787938149,0,monitor_data.speed_ref
1764787938151,0,monitor_data.speed_ref
1764787938153,0,monitor_data.speed_ref
1764787938155,0,monitor_data.speed_ref
1764787938157,0,monitor_data.speed_ref
1764787938160,0,monitor_data.speed_ref
1764787938162,0,monitor_data.speed_ref
1764787938164,0,monitor_data.speed_ref
1764787938166,-0.13632801175117493,monitor_data.speed
1764787938168,-0.11360562592744827,monitor_data.speed
1764787938170,-0.19375492632389069,monitor_data.speed
1764787938172,-0.31602975726127625,monitor_data.speed
1764787938174,-0.47056812047958374,monitor_data.speed
1764787938177,5.432494640350342,monitor_data.speed
1764787938178,-0.41263440251350403,monitor_data.speed
1764787938180,-0.4719599187374115,monitor_data.speed
1764787938181,-0.6355584859848022,monitor_data.speed
1764787938182,-0.7521607279777527,monitor_data.speed
1764787938183,-0.7801588177680969,monitor_data.speed
1764787938184,-0.9229145050048828,monitor_data.speed
1764787938185,4.884422302246094,monitor_data.speed
1764787938187,4.841038703918457,monitor_data.speed
1764787938189,-1.2179653644561768,monitor_data.speed
1764787938191,-1.6191136837005615,monitor_data.speed
1764787938194,4.175699710845947,monitor_data.speed
1764787938196,3.9055469036102295,monitor_data.speed
1764787938198,3.5245938301086426,monitor_data.speed
1764787938200,3.498023509979248,monitor_data.speed
1764787938201,-2.9185876846313477,monitor_data.speed
1764787938204,2.679931640625,monitor_data.speed
1764787938206,-3.4919023513793945,monitor_data.speed
1764787938208,-3.7147743701934814,monitor_data.speed
1764787938210,1.9144020080566406,monitor_data.speed
1764787938212,2.0107827186584473,monitor_data.speed
1764787938214,1.6986150741577148,monitor_data.speed
1764787938215,1.4189002513885498,monitor_data.speed
1764787938166,0,monitor_data.speed_ref
1764787938168,0,monitor_data.speed_ref
1764787938170,0,monitor_data.speed_ref
1764787938172,0,monitor_data.speed_ref
1764787938174,0,monitor_data.speed_ref
1764787938177,0,monitor_data.speed_ref
1764787938178,0,monitor_data.speed_ref
1764787938180,0,monitor_data.speed_ref
1764787938181,0,monitor_data.speed_ref
1764787938182,0,monitor_data.speed_ref
1764787938183,0,monitor_data.speed_ref
1764787938184,0,monitor_data.speed_ref
1764787938185,0,monitor_data.speed_ref
1764787938187,0,monitor_data.speed_ref
1764787938189,0,monitor_data.speed_ref
1764787938191,0,monitor_data.speed_ref
1764787938194,0,monitor_data.speed_ref
1764787938196,0,monitor_data.speed_ref
1764787938198,0,monitor_data.speed_ref
1764787938200,0,monitor_data.speed_ref
1764787938201,0,monitor_data.speed_ref
1764787938204,0,monitor_data.speed_ref
1764787938206,0,monitor_data.speed_ref
1764787938208,0,monitor_data.speed_ref
1764787938210,0,monitor_data.speed_ref
1764787938212,0,monitor_data.speed_ref
1764787938214,0,monitor_data.speed_ref
1764787938215,0,monitor_data.speed_ref
1764787938217,1.3148565292358398,monitor_data.speed
1764787938219,1.0769506692886353,monitor_data.speed
1764787938221,0.9091190099716187,monitor_data.speed
1764787938223,-5.091739654541016,monitor_data.speed
1764787938225,0.8317135572433472,monitor_data.speed
1764787938227,0.7023982405662537,monitor_data.speed
1764787938228,0.6963872909545898,monitor_data.speed
1764787938230,0.5941842794418335,monitor_data.speed
1764787938231,0.5810254216194153,monitor_data.speed
1764787938233,0.5528123378753662,monitor_data.speed
1764787938235,0.6228429675102234,monitor_data.speed
1764787938237,0.5059219598770142,monitor_data.speed
1764787938239,-5.452167987823486,monitor_data.speed
1764787938241,0.41762322187423706,monitor_data.speed
1764787938244,0.38682958483695984,monitor_data.speed
1764787938246,0.3210378587245941,monitor_data.speed
1764787938247,0.2666826546192169,monitor_data.speed
1764787938249,0.22177591919898987,monitor_data.speed
1764787938251,0.181166410446167,monitor_data.speed
1764787938253,0.15256725251674652,monitor_data.speed
1764787938255,0.18031072616577148,monitor_data.speed
1764787938257,0.1489974707365036,monitor_data.speed
1764787938259,0.12338625639677048,monitor_data.speed
1764787938261,0.10149776190519333,monitor_data.speed
1764787938263,0.08377400785684586,monitor_data.speed
1764787938265,0.07129210233688354,monitor_data.speed
1764787938267,0.060350507497787476,monitor_data.speed
1764787938269,0.051744867116212845,monitor_data.speed
1764787938270,0.044929150491952896,monitor_data.speed
1764787938217,0,monitor_data.speed_ref
1764787938219,0,monitor_data.speed_ref
1764787938221,0,monitor_data.speed_ref
1764787938223,0,monitor_data.speed_ref
1764787938225,0,monitor_data.speed_ref
1764787938227,0,monitor_data.speed_ref
1764787938228,0,monitor_data.speed_ref
1764787938230,0,monitor_data.speed_ref
1764787938231,0,monitor_data.speed_ref
1764787938233,0,monitor_data.speed_ref
1764787938235,0,monitor_data.speed_ref
1764787938237,0,monitor_data.speed_ref
1764787938239,0,monitor_data.speed_ref
1764787938241,0,monitor_data.speed_ref
1764787938244,0,monitor_data.speed_ref
1764787938246,0,monitor_data.speed_ref
1764787938247,0,monitor_data.speed_ref
1764787938249,0,monitor_data.speed_ref
1764787938251,0,monitor_data.speed_ref
1764787938253,0,monitor_data.speed_ref
1764787938255,0,monitor_data.speed_ref
1764787938257,0,monitor_data.speed_ref
1764787938259,0,monitor_data.speed_ref
1764787938261,0,monitor_data.speed_ref
1764787938263,0,monitor_data.speed_ref
1764787938265,0,monitor_data.speed_ref
1764787938267,0,monitor_data.speed_ref
1764787938269,0,monitor_data.speed_ref
1764787938270,0,monitor_data.speed_ref
1764787938273,0.03708907961845398,monitor_data.speed
1764787938275,0.03115740418434143,monitor_data.speed
1764787938277,-0.0899689570069313,monitor_data.speed
1764787938279,-0.3503943979740143,monitor_data.speed
1764787938281,-0.6350499391555786,monitor_data.speed
1764787938282,4.499938011169434,monitor_data.speed
1764787938284,3.719158172607422,monitor_data.speed
1764787938286,3.167945146560669,monitor_data.speed
1764787938287,2.645073890686035,monitor_data.speed
1764787938290,7.619650840759277,monitor_data.speed
1764787938293,5.7987871170043945,monitor_data.speed
1764787938294,4.7831244468688965,monitor_data.speed
1764787938296,8.817779541015625,monitor_data.speed
1764787938298,13.086994171142578,monitor_data.speed
1764787938300,10.922654151916504,monitor_data.speed
1764787938302,19.453479766845703,monitor_data.speed
1764787938304,21.642305374145508,monitor_data.speed
1764787938306,28.736570358276367,monitor_data.speed
1764787938308,33.58946990966797,monitor_data.speed
1764787938310,32.72072982788086,monitor_data.speed
1764787938312,37.918922424316406,monitor_data.speed
1764787938314,41.84275817871094,monitor_data.speed
1764787938316,44.76162338256836,monitor_data.speed
1764787938318,49.20929718017578,monitor_data.speed
1764787938273,0,monitor_data.speed_ref
1764787938275,0,monitor_data.speed_ref
1764787938277,0,monitor_data.speed_ref
1764787938279,0,monitor_data.speed_ref
1764787938281,0,monitor_data.speed_ref
1764787938282,0,monitor_data.speed_ref
1764787938284,0,monitor_data.speed_ref
1764787938286,0,monitor_data.speed_ref
1764787938287,0,monitor_data.speed_ref
1764787938290,0,monitor_data.speed_ref
1764787938293,0,monitor_data.speed_ref
1764787938294,0,monitor_data.speed_ref
1764787938296,0,monitor_data.speed_ref
1764787938298,0,monitor_data.speed_ref
1764787938300,0,monitor_data.speed_ref
1764787938302,0,monitor_data.speed_ref
1764787938304,0,monitor_data.speed_ref
1764787938306,0,monitor_data.speed_ref
1764787938308,0,monitor_data.speed_ref
1764787938310,0,monitor_data.speed_ref
1764787938312,0,monitor_data.speed_ref
1764787938314,0,monitor_data.speed_ref
1764787938316,0,monitor_data.speed_ref
1764787938318,0,monitor_data.speed_ref
1764787938320,70.97513580322266,monitor_data.speed
1764787938322,99.5243911743164,monitor_data.speed
1764787938324,144.7908172607422,monitor_data.speed
1764787938326,183.80555725097656,monitor_data.speed
1764787938328,229.34292602539062,monitor_data.speed
1764787938329,264.4513854980469,monitor_data.speed
1764787938330,298.09942626953125,monitor_data.speed
1764787938331,339.1013488769531,monitor_data.speed
1764787938332,380.53509521484375,monitor_data.speed
1764787938334,429.80572509765625,monitor_data.speed
1764787938335,466.8531188964844,monitor_data.speed
1764787938337,545.9408569335938,monitor_data.speed
1764787938339,637.9458618164062,monitor_data.speed
1764787938342,699.00244140625,monitor_data.speed
1764787938344,766.1260375976562,monitor_data.speed
1764787938346,813.1297607421875,monitor_data.speed
1764787938348,864.1223754882812,monitor_data.speed
1764787938350,930.9234008789062,monitor_data.speed
1764787938352,982.6409301757812,monitor_data.speed
1764787938354,1032.646484375,monitor_data.speed
1764787938356,1095.442626953125,monitor_data.speed
1764787938358,1142.5714111328125,monitor_data.speed
1764787938360,1201.11376953125,monitor_data.speed
1764787938362,1239.287841796875,monitor_data.speed
1764787938364,1266.8052978515625,monitor_data.speed
1764787938366,1297.7640380859375,monitor_data.speed
1764787938368,1317.2894287109375,monitor_data.speed
1764787938320,0,monitor_data.speed_ref
1764787938322,0,monitor_data.speed_ref
1764787938324,0,monitor_data.speed_ref
1764787938326,0,monitor_data.speed_ref
1764787938328,0,monitor_data.speed_ref
1764787938329,0,monitor_data.speed_ref
1764787938330,0,monitor_data.speed_ref
1764787938331,0,monitor_data.speed_ref
1764787938332,0,monitor_data.speed_ref
1764787938334,0,monitor_data.speed_ref
1764787938335,0,monitor_data.speed_ref
1764787938337,0,monitor_data.speed_ref
1764787938339,0,monitor_data.speed_ref
1764787938342,0,monitor_data.speed_ref
1764787938344,0,monitor_data.speed_ref
1764787938346,0,monitor_data.speed_ref
1764787938348,0,monitor_data.speed_ref
1764787938350,0,monitor_data.speed_ref
1764787938352,0,monitor_data.speed_ref
1764787938354,0,monitor_data.speed_ref
1764787938356,0,monitor_data.speed_ref
1764787938358,0,monitor_data.speed_ref
1764787938360,0,monitor_data.speed_ref
1764787938362,0,monitor_data.speed_ref
1764787938364,0,monitor_data.speed_ref
1764787938366,0,monitor_data.speed_ref
1764787938368,0,monitor_data.speed_ref
1764787938370,1361.9849853515625,monitor_data.speed
1764787938372,1397.8406982421875,monitor_data.speed
1764787938375,1428.1195068359375,monitor_data.speed
1764787938377,1450.9359130859375,monitor_data.speed
1764787938378,1466.0877685546875,monitor_data.speed
1764787938381,1500.306640625,monitor_data.speed
1764787938382,1504.3466796875,monitor_data.speed
1764787938384,1553.6243896484375,monitor_data.speed
1764787938385,1564.541748046875,monitor_data.speed
1764787938387,1558.1163330078125,monitor_data.speed
1764787938389,1559.3055419921875,monitor_data.speed
1764787938392,1572.1632080078125,monitor_data.speed
1764787938394,1578.8701171875,monitor_data.speed
1764787938396,1606.1988525390625,monitor_data.speed
1764787938398,1613.4180908203125,monitor_data.speed
1764787938400,1618.07568359375,monitor_data.speed
1764787938402,1638.4639892578125,monitor_data.speed
1764787938404,1626.4007568359375,monitor_data.speed
1764787938406,1631.6971435546875,monitor_data.speed
1764787938408,1662.3560791015625,monitor_data.speed
1764787938410,1658.569091796875,monitor_data.speed
1764787938412,1666.5987548828125,monitor_data.speed
1764787938414,1684.4556884765625,monitor_data.speed
1764787938416,1687.3421630859375,monitor_data.speed
1764787938419,1702.392822265625,monitor_data.speed
1764787938421,1692.59033203125,monitor_data.speed
1764787938370,0,monitor_data.speed_ref
1764787938372,0,monitor_data.speed_ref
1764787938375,0,monitor_data.speed_ref
1764787938377,0,monitor_data.speed_ref
1764787938378,0,monitor_data.speed_ref
1764787938381,0,monitor_data.speed_ref
1764787938382,0,monitor_data.speed_ref
1764787938384,0,monitor_data.speed_ref
1764787938385,0,monitor_data.speed_ref
1764787938387,0,monitor_data.speed_ref
1764787938389,0,monitor_data.speed_ref
1764787938392,0,monitor_data.speed_ref
1764787938394,0,monitor_data.speed_ref
1764787938396,0,monitor_data.speed_ref
1764787938398,0,monitor_data.speed_ref
1764787938400,0,monitor_data.speed_ref
1764787938402,0,monitor_data.speed_ref
1764787938404,0,monitor_data.speed_ref
1764787938406,0,monitor_data.speed_ref
1764787938408,0,monitor_data.speed_ref
1764787938410,0,monitor_data.speed_ref
1764787938412,0,monitor_data.speed_ref
1764787938414,0,monitor_data.speed_ref
1764787938416,0,monitor_data.speed_ref
1764787938419,0,monitor_data.speed_ref
1764787938421,0,monitor_data.speed_ref
1764787938423,1687.5789794921875,monitor_data.speed
1764787938424,1682.693603515625,monitor_data.speed
1764787938427,1682.7147216796875,monitor_data.speed
1764787938429,1688.1756591796875,monitor_data.speed
1764787938431,1694.1168212890625,monitor_data.speed
1764787938433,1710.85546875,monitor_data.speed
1764787938434,1706.3748779296875,monitor_data.speed
1764787938435,1717.869384765625,monitor_data.speed
1764787938437,1711.5479736328125,monitor_data.speed
1764787938438,1711.8990478515625,monitor_data.speed
1764787938440,1710.879150390625,monitor_data.speed
1764787938443,1742.5205078125,monitor_data.speed
1764787938445,1734.641357421875,monitor_data.speed
1764787938447,1739.3778076171875,monitor_data.speed
1764787938450,1749.0152587890625,monitor_data.speed
1764787938452,1745.814453125,monitor_data.speed
1764787938453,1742.29931640625,monitor_data.speed
1764787938455,1733.603271484375,monitor_data.speed
1764787938458,1721.900146484375,monitor_data.speed
1764787938460,1728.1038818359375,monitor_data.speed
1764787938462,1718.38525390625,monitor_data.speed
1764787938464,1723.6656494140625,monitor_data.speed
1764787938466,1728.1446533203125,monitor_data.speed
1764787938467,1730.862060546875,monitor_data.speed
1764787938469,1746.644287109375,monitor_data.speed
1764787938471,1743.9398193359375,monitor_data.speed
1764787938423,0,monitor_data.speed_ref
1764787938424,0,monitor_data.speed_ref
1764787938427,0,monitor_data.speed_ref
1764787938429,0,monitor_data.speed_ref
1764787938431,0,monitor_data.speed_ref
1764787938433,0,monitor_data.speed_ref
1764787938434,0,monitor_data.speed_ref
1764787938435,0,monitor_data.speed_ref
1764787938437,0,monitor_data.speed_ref
1764787938438,0,monitor_data.speed_ref
1764787938440,0,monitor_data.speed_ref
1764787938443,0,monitor_data.speed_ref
1764787938445,0,monitor_data.speed_ref
1764787938447,0,monitor_data.speed_ref
1764787938450,0,monitor_data.speed_ref
1764787938452,0,monitor_data.speed_ref
1764787938453,0,monitor_data.speed_ref
1764787938455,0,monitor_data.speed_ref
1764787938458,0,monitor_data.speed_ref
1764787938460,0,monitor_data.speed_ref
1764787938462,0,monitor_data.speed_ref
1764787938464,0,monitor_data.speed_ref
1764787938466,0,monitor_data.speed_ref
1764787938467,0,monitor_data.speed_ref
1764787938469,0,monitor_data.speed_ref
1764787938471,0,monitor_data.speed_ref
1764787938473,1735.4468994140625,monitor_data.speed
1764787938475,1734.894287109375,monitor_data.speed
1764787938477,1767.7921142578125,monitor_data.speed
1764787938479,1771.7296142578125,monitor_data.speed
1764787938482,1759.271484375,monitor_data.speed
1764787938483,1752.78466796875,monitor_data.speed
1764787938485,1763.9954833984375,monitor_data.speed
1764787938486,1763.234130859375,monitor_data.speed
1764787938488,1756.8851318359375,monitor_data.speed
1764787938490,1756.6187744140625,monitor_data.speed
1764787938492,1746.767333984375,monitor_data.speed
1764787938494,1738.2840576171875,monitor_data.speed
1764787938497,1731.3687744140625,monitor_data.speed
1764787938498,1741.8031005859375,monitor_data.speed
1764787938501,1739.5194091796875,monitor_data.speed
1764787938503,1736.54541015625,monitor_data.speed
1764787938505,1750.2076416015625,monitor_data.speed
1764787938507,1745.877685546875,monitor_data.speed
1764787938509,1736.8939208984375,monitor_data.speed
1764787938510,1734.1578369140625,monitor_data.speed
1764787938512,1769.715087890625,monitor_data.speed
1764787938514,1778.3641357421875,monitor_data.speed
1764787938517,1764.039794921875,monitor_data.speed
1764787938519,1773.516357421875,monitor_data.speed
1764787938521,1771.47314453125,monitor_data.speed
1764787938473,0,monitor_data.speed_ref
1764787938475,0,monitor_data.speed_ref
1764787938477,0,monitor_data.speed_ref
1764787938479,0,monitor_data.speed_ref
1764787938482,0,monitor_data.speed_ref
1764787938483,0,monitor_data.speed_ref
1764787938485,0,monitor_data.speed_ref
1764787938486,0,monitor_data.speed_ref
1764787938488,0,monitor_data.speed_ref
1764787938490,0,monitor_data.speed_ref
1764787938492,0,monitor_data.speed_ref
1764787938494,0,monitor_data.speed_ref
1764787938497,0,monitor_data.speed_ref
1764787938498,0,monitor_data.speed_ref
1764787938501,0,monitor_data.speed_ref
1764787938503,0,monitor_data.speed_ref
1764787938505,0,monitor_data.speed_ref
1764787938507,0,monitor_data.speed_ref
1764787938509,0,monitor_data.speed_ref
1764787938510,0,monitor_data.speed_ref
1764787938512,0,monitor_data.speed_ref
1764787938514,0,monitor_data.speed_ref
1764787938517,0,monitor_data.speed_ref
1764787938519,0,monitor_data.speed_ref
1764787938521,0,monitor_data.speed_ref
1764787938522,1769.4732666015625,monitor_data.speed
1764787938524,1762.013916015625,monitor_data.speed
1764787938526,1755.9439697265625,monitor_data.speed
1764787938527,1756.9149169921875,monitor_data.speed
1764787938529,1735.5445556640625,monitor_data.speed
1764787938531,1737.95361328125,monitor_data.speed
1764787938533,1747.6580810546875,monitor_data.speed
1764787938535,1750.033447265625,monitor_data.speed
1764787938536,1751.621826171875,monitor_data.speed
1764787938538,1752.6895751953125,monitor_data.speed
1764787938541,1759.3792724609375,monitor_data.speed
1764787938543,1743.27099609375,monitor_data.speed
1764787938546,1786.3455810546875,monitor_data.speed
1764787938548,1786.6795654296875,monitor_data.speed
1764787938550,1770.5814208984375,monitor_data.speed
1764787938552,1767.2236328125,monitor_data.speed
1764787938554,1781.0794677734375,monitor_data.speed
1764787938557,1776.4354248046875,monitor_data.speed
1764787938559,1762.093017578125,monitor_data.speed
1764787938561,1755.6309814453125,monitor_data.speed
1764787938563,1740.05712890625,monitor_data.speed
1764787938565,1736.298095703125,monitor_data.speed
1764787938567,1745.3946533203125,monitor_data.speed
1764787938570,1747.272705078125,monitor_data.speed
1764787938571,1760.0321044921875,monitor_data.speed
1764787938574,1754.41162109375,monitor_data.speed
1764787938522,0,monitor_data.speed_ref
1764787938524,0,monitor_data.speed_ref
1764787938526,0,monitor_data.speed_ref
1764787938527,0,monitor_data.speed_ref
1764787938529,0,monitor_data.speed_ref
1764787938531,0,monitor_data.speed_ref
1764787938533,0,monitor_data.speed_ref
1764787938535,0,monitor_data.speed_ref
1764787938536,0,monitor_data.speed_ref
1764787938538,0,monitor_data.speed_ref
1764787938541,0,monitor_data.speed_ref
1764787938543,0,monitor_data.speed_ref
1764787938546,0,monitor_data.speed_ref
1764787938548,0,monitor_data.speed_ref
1764787938550,0,monitor_data.speed_ref
1764787938552,0,monitor_data.speed_ref
1764787938554,0,monitor_data.speed_ref
1764787938557,0,monitor_data.speed_ref
1764787938559,0,monitor_data.speed_ref
1764787938561,0,monitor_data.speed_ref
1764787938563,0,monitor_data.speed_ref
1764787938565,0,monitor_data.speed_ref
1764787938567,0,monitor_data.speed_ref
1764787938570,0,monitor_data.speed_ref
1764787938571,0,monitor_data.speed_ref
1764787938574,0,monitor_data.speed_ref
1764787938575,1754.6197509765625,monitor_data.speed
1764787938577,1738.268310546875,monitor_data.speed
1764787938579,1746.8740234375,monitor_data.speed
1764787938581,1758.62646484375,monitor_data.speed
1764787938583,1757.3681640625,monitor_data.speed
1764787938585,1762.0885009765625,monitor_data.speed
1764787938587,1767.012451171875,monitor_data.speed
1764787938588,1765.608642578125,monitor_data.speed
1764787938591,1775.3175048828125,monitor_data.speed
1764787938592,1773.23828125,monitor_data.speed
1764787938594,1765.0975341796875,monitor_data.speed
1764787938596,1747.07861328125,monitor_data.speed
1764787938598,1748.705322265625,monitor_data.speed
1764787938600,1744.8798828125,monitor_data.speed
1764787938602,1758.6917724609375,monitor_data.speed
1764787938604,1753.8917236328125,monitor_data.speed
1764787938607,1766.361083984375,monitor_data.speed
1764787938609,1760.001953125,monitor_data.speed
1764787938612,1749.0633544921875,monitor_data.speed
1764787938614,1739.53466796875,monitor_data.speed
1764787938615,1791.0224609375,monitor_data.speed
1764787938617,1787.1822509765625,monitor_data.speed
1764787938618,1779.0894775390625,monitor_data.speed
1764787938620,1769.3099365234375,monitor_data.speed
1764787938622,1766.3228759765625,monitor_data.speed
1764787938575,0,monitor_data.speed_ref
1764787938577,0,monitor_data.speed_ref
1764787938579,0,monitor_data.speed_ref
1764787938581,0,monitor_data.speed_ref
1764787938583,0,monitor_data.speed_ref
1764787938585,0,monitor_data.speed_ref
1764787938587,0,monitor_data.speed_ref
1764787938588,0,monitor_data.speed_ref
1764787938591,0,monitor_data.speed_ref
1764787938592,0,monitor_data.speed_ref
1764787938594,0,monitor_data.speed_ref
1764787938596,0,monitor_data.speed_ref
1764787938598,0,monitor_data.speed_ref
1764787938600,0,monitor_data.speed_ref
1764787938602,0,monitor_data.speed_ref
1764787938604,0,monitor_data.speed_ref
1764787938607,0,monitor_data.speed_ref
1764787938609,0,monitor_data.speed_ref
1764787938612,0,monitor_data.speed_ref
1764787938614,0,monitor_data.speed_ref
1764787938615,0,monitor_data.speed_ref
1764787938617,0,monitor_data.speed_ref
1764787938618,0,monitor_data.speed_ref
1764787938620,0,monitor_data.speed_ref
1764787938622,0,monitor_data.speed_ref
1764787938625,1773.8370361328125,monitor_data.speed
1764787938627,1765.02783203125,monitor_data.speed
1764787938628,1763.3099365234375,monitor_data.speed
1764787938630,1751.24365234375,monitor_data.speed
1764787938632,1740.86376953125,monitor_data.speed
1764787938634,1754.7642822265625,monitor_data.speed
1764787938636,1751.0107421875,monitor_data.speed
1764787938638,1746.86328125,monitor_data.speed
1764787938640,1759.8905029296875,monitor_data.speed
1764787938643,1753.8487548828125,monitor_data.speed
1764787938646,1754.7554931640625,monitor_data.speed
1764787938648,1745.3699951171875,monitor_data.speed
1764787938650,1783.4300537109375,monitor_data.speed
1764787938653,1772.29443359375,monitor_data.speed
1764787938655,1774.1207275390625,monitor_data.speed
1764787938658,1769.78173828125,monitor_data.speed
1764787938661,1782.848388671875,monitor_data.speed
1764787938663,1783.4873046875,monitor_data.speed
1764787938666,1762.98046875,monitor_data.speed
1764787938669,1746.431884765625,monitor_data.speed
1764787938672,1759.331298828125,monitor_data.speed
1764787938625,0,monitor_data.speed_ref
1764787938627,0,monitor_data.speed_ref
1764787938628,0,monitor_data.speed_ref
1764787938630,0,monitor_data.speed_ref
1764787938632,0,monitor_data.speed_ref
1764787938634,0,monitor_data.speed_ref
1764787938636,0,monitor_data.speed_ref
1764787938638,0,monitor_data.speed_ref
1764787938640,0,monitor_data.speed_ref
1764787938643,0,monitor_data.speed_ref
1764787938646,0,monitor_data.speed_ref
1764787938648,0,monitor_data.speed_ref
1764787938650,0,monitor_data.speed_ref
1764787938653,0,monitor_data.speed_ref
1764787938655,0,monitor_data.speed_ref
1764787938658,0,monitor_data.speed_ref
1764787938661,0,monitor_data.speed_ref
1764787938663,0,monitor_data.speed_ref
1764787938666,0,monitor_data.speed_ref
1764787938669,0,monitor_data.speed_ref
1764787938672,0,monitor_data.speed_ref
1764787938675,1771.1563720703125,monitor_data.speed
1764787938677,1764.4761962890625,monitor_data.speed
1764787938679,1758.001953125,monitor_data.speed
1764787938681,1741.2166748046875,monitor_data.speed
1764787938683,1766.865234375,monitor_data.speed
1764787938685,1775.1922607421875,monitor_data.speed
1764787938687,1772.4273681640625,monitor_data.speed
1764787938688,1765.0335693359375,monitor_data.speed
1764787938690,1768.9404296875,monitor_data.speed
1764787938692,1766.1226806640625,monitor_data.speed
1764787938693,1769.8900146484375,monitor_data.speed
1764787938695,1767.455322265625,monitor_data.speed
1764787938697,1765.795166015625,monitor_data.speed
1764787938700,1749.2510986328125,monitor_data.speed
1764787938702,1740.3248291015625,monitor_data.speed
1764787938704,1754.5880126953125,monitor_data.speed
1764787938707,1757.037109375,monitor_data.speed
1764787938709,1752.071533203125,monitor_data.speed
1764787938711,1763.8646240234375,monitor_data.speed
1764787938713,1758.0299072265625,monitor_data.speed
1764787938715,1742.0382080078125,monitor_data.speed
1764787938718,1784.2568359375,monitor_data.speed
1764787938720,1774.4154052734375,monitor_data.speed
1764787938722,1775.8553466796875,monitor_data.speed
1764787938724,1766.5677490234375,monitor_data.speed
1764787938726,1781.0419921875,monitor_data.speed
1764787938675,0,monitor_data.speed_ref
1764787938677,0,monitor_data.speed_ref
1764787938679,0,monitor_data.speed_ref
1764787938681,0,monitor_data.speed_ref
1764787938683,0,monitor_data.speed_ref
1764787938685,0,monitor_data.speed_ref
1764787938687,0,monitor_data.speed_ref
1764787938688,0,monitor_data.speed_ref
1764787938690,0,monitor_data.speed_ref
1764787938692,0,monitor_data.speed_ref
1764787938693,0,monitor_data.speed_ref
1764787938695,0,monitor_data.speed_ref
1764787938697,0,monitor_data.speed_ref
1764787938700,0,monitor_data.speed_ref
1764787938702,0,monitor_data.speed_ref
1764787938704,0,monitor_data.speed_ref
1764787938707,0,monitor_data.speed_ref
1764787938709,0,monitor_data.speed_ref
1764787938711,0,monitor_data.speed_ref
1764787938713,0,monitor_data.speed_ref
1764787938715,0,monitor_data.speed_ref
1764787938718,0,monitor_data.speed_ref
1764787938720,0,monitor_data.speed_ref
1764787938722,0,monitor_data.speed_ref
1764787938724,0,monitor_data.speed_ref
1764787938726,0,monitor_data.speed_ref
1764787938728,1777.96826171875,monitor_data.speed
1764787938730,1775.0604248046875,monitor_data.speed
1764787938732,1771.743408203125,monitor_data.speed
1764787938734,1764.8489990234375,monitor_data.speed
1764787938736,1742.51025390625,monitor_data.speed
1764787938738,1744.03125,monitor_data.speed
1764787938739,1745.3211669921875,monitor_data.speed
1764787938741,1758.19287109375,monitor_data.speed
1764787938743,1764.264892578125,monitor_data.speed
1764787938745,1758.130126953125,monitor_data.speed
1764787938747,1763.79345703125,monitor_data.speed
1764787938749,1752.8323974609375,monitor_data.speed
1764787938752,1766.79296875,monitor_data.speed
1764787938753,1775.72509765625,monitor_data.speed
1764787938756,1760.8922119140625,monitor_data.speed
1764787938758,1769.897216796875,monitor_data.speed
1764787938760,1778.6890869140625,monitor_data.speed
1764787938762,1769.1922607421875,monitor_data.speed
1764787938764,1767.02294921875,monitor_data.speed
1764787938766,1759.7578125,monitor_data.speed
1764787938768,1754.6214599609375,monitor_data.speed
1764787938770,1744.9989013671875,monitor_data.speed
1764787938772,1753.41259765625,monitor_data.speed
1764787938775,1743.900390625,monitor_data.speed
1764787938728,0,monitor_data.speed_ref
1764787938730,0,monitor_data.speed_ref
1764787938732,0,monitor_data.speed_ref
1764787938734,0,monitor_data.speed_ref
1764787938736,0,monitor_data.speed_ref
1764787938738,0,monitor_data.speed_ref
1764787938739,0,monitor_data.speed_ref
1764787938741,0,monitor_data.speed_ref
1764787938743,0,monitor_data.speed_ref
1764787938745,0,monitor_data.speed_ref
1764787938747,0,monitor_data.speed_ref
1764787938749,0,monitor_data.speed_ref
1764787938752,0,monitor_data.speed_ref
1764787938753,0,monitor_data.speed_ref
1764787938756,0,monitor_data.speed_ref
1764787938758,0,monitor_data.speed_ref
1764787938760,0,monitor_data.speed_ref
1764787938762,0,monitor_data.speed_ref
1764787938764,0,monitor_data.speed_ref
1764787938766,0,monitor_data.speed_ref
1764787938768,0,monitor_data.speed_ref
1764787938770,0,monitor_data.speed_ref
1764787938772,0,monitor_data.speed_ref
1764787938775,0,monitor_data.speed_ref
1764787938777,1756.7105712890625,monitor_data.speed
1764787938779,1756.7730712890625,monitor_data.speed
1764787938781,1762.5679931640625,monitor_data.speed
1764787938783,1757.0977783203125,monitor_data.speed
1764787938785,1741.7091064453125,monitor_data.speed
1764787938787,1781.064208984375,monitor_data.speed
1764787938789,1782.01025390625,monitor_data.speed
1764787938791,1772.061279296875,monitor_data.speed
1764787938793,1781.518798828125,monitor_data.speed
1764787938794,1778.4990234375,monitor_data.speed
1764787938796,1774.995361328125,monitor_data.speed
1764787938798,1789.5230712890625,monitor_data.speed
1764787938800,1773.81494140625,monitor_data.speed
1764787938802,1760.81396484375,monitor_data.speed
1764787938804,1749.6658935546875,monitor_data.speed
1764787938806,1751.260986328125,monitor_data.speed
1764787938809,1758.4105224609375,monitor_data.speed
1764787938811,1758.7718505859375,monitor_data.speed
1764787938813,1758.689697265625,monitor_data.speed
1764787938815,1769.8309326171875,monitor_data.speed
1764787938817,1751.7982177734375,monitor_data.speed
1764787938819,1741.5750732421875,monitor_data.speed
1764787938821,1792.3626708984375,monitor_data.speed
1764787938823,1785.2349853515625,monitor_data.speed
1764787938825,1780.1676025390625,monitor_data.speed
1764787938827,1776.3470458984375,monitor_data.speed
1764787938777,0,monitor_data.speed_ref
1764787938779,0,monitor_data.speed_ref
1764787938781,0,monitor_data.speed_ref
1764787938783,0,monitor_data.speed_ref
1764787938785,0,monitor_data.speed_ref
1764787938787,0,monitor_data.speed_ref
1764787938789,0,monitor_data.speed_ref
1764787938791,0,monitor_data.speed_ref
1764787938793,0,monitor_data.speed_ref
1764787938794,0,monitor_data.speed_ref
1764787938796,0,monitor_data.speed_ref
1764787938798,0,monitor_data.speed_ref
1764787938800,0,monitor_data.speed_ref
1764787938802,0,monitor_data.speed_ref
1764787938804,0,monitor_data.speed_ref
1764787938806,0,monitor_data.speed_ref
1764787938809,0,monitor_data.speed_ref
1764787938811,0,monitor_data.speed_ref
1764787938813,0,monitor_data.speed_ref
1764787938815,0,monitor_data.speed_ref
1764787938817,0,monitor_data.speed_ref
1764787938819,0,monitor_data.speed_ref
1764787938821,0,monitor_data.speed_ref
1764787938823,0,monitor_data.speed_ref
1764787938825,0,monitor_data.speed_ref
1764787938827,0,monitor_data.speed_ref
1764787938829,1772.5648193359375,monitor_data.speed
1764787938830,1774.95654296875,monitor_data.speed
1764787938832,1771.9140625,monitor_data.speed
1764787938834,1775.0152587890625,monitor_data.speed
1764787938836,1757.0228271484375,monitor_data.speed
1764787938838,1752.278564453125,monitor_data.speed
1764787938840,1748.0430908203125,monitor_data.speed
1764787938842,1744.0396728515625,monitor_data.speed
1764787938844,1745.454833984375,monitor_data.speed
1764787938845,1752.05810546875,monitor_data.speed
1764787938847,1769.673095703125,monitor_data.speed
1764787938850,1751.3502197265625,monitor_data.speed
1764787938851,1751.60205078125,monitor_data.speed
1764787938853,1741.781494140625,monitor_data.speed
1764787938855,1777.5487060546875,monitor_data.speed
1764787938857,1778.2958984375,monitor_data.speed
1764787938859,1768.27880859375,monitor_data.speed
1764787938861,1776.0787353515625,monitor_data.speed
1764787938863,1772.3358154296875,monitor_data.speed
1764787938865,1773.931640625,monitor_data.speed
1764787938867,1775.66650390625,monitor_data.speed
1764787938870,1766.681640625,monitor_data.speed
1764787938872,1748.930419921875,monitor_data.speed
1764787938874,1756.0155029296875,monitor_data.speed
1764787938876,1751.5030517578125,monitor_data.speed
1764787938879,1764.146728515625,monitor_data.speed
1764787938829,0,monitor_data.speed_ref
1764787938830,0,monitor_data.speed_ref
1764787938832,0,monitor_data.speed_ref
1764787938834,0,monitor_data.speed_ref
1764787938836,0,monitor_data.speed_ref
1764787938838,0,monitor_data.speed_ref
1764787938840,0,monitor_data.speed_ref
1764787938842,0,monitor_data.speed_ref
1764787938844,0,monitor_data.speed_ref
1764787938845,0,monitor_data.speed_ref
1764787938847,0,monitor_data.speed_ref
1764787938850,0,monitor_data.speed_ref
1764787938851,0,monitor_data.speed_ref
1764787938853,0,monitor_data.speed_ref
1764787938855,0,monitor_data.speed_ref
1764787938857,0,monitor_data.speed_ref
1764787938859,0,monitor_data.speed_ref
1764787938861,0,monitor_data.speed_ref
1764787938863,0,monitor_data.speed_ref
1764787938865,0,monitor_data.speed_ref
1764787938867,0,monitor_data.speed_ref
1764787938870,0,monitor_data.speed_ref
1764787938872,0,monitor_data.speed_ref
1764787938874,0,monitor_data.speed_ref
1764787938876,0,monitor_data.speed_ref
1764787938879,0,monitor_data.speed_ref
1764787938880,1764.1324462890625,monitor_data.speed
1764787938882,1763.740966796875,monitor_data.speed
1764787938883,1757.3173828125,monitor_data.speed
1764787938885,1757.1246337890625,monitor_data.speed
1764787938887,1752.0908203125,monitor_data.speed
1764787938888,1759.996826171875,monitor_data.speed
1764787938891,1767.8988037109375,monitor_data.speed
1764787938893,1776.6387939453125,monitor_data.speed
1764787938895,1763.0047607421875,monitor_data.speed
1764787938896,1766.72998046875,monitor_data.speed
1764787938898,1775.2960205078125,monitor_data.speed
1764787938900,1772.26611328125,monitor_data.speed
1764787938902,1758.294189453125,monitor_data.speed
1764787938904,1763.79248046875,monitor_data.speed
1764787938906,1747.552734375,monitor_data.speed
1764787938909,1750.2376708984375,monitor_data.speed
1764787938911,1746.7708740234375,monitor_data.speed
1764787938913,1747.9925537109375,monitor_data.speed
1764787938914,1754.61962890625,monitor_data.speed
1764787938916,1754.552490234375,monitor_data.speed
1764787938918,1759.9881591796875,monitor_data.speed
1764787938920,1743.054931640625,monitor_data.speed
1764787938923,1756.5107421875,monitor_data.speed
1764787938925,1786.651123046875,monitor_data.speed
1764787938928,1770.0491943359375,monitor_data.speed
1764787938930,1778.4586181640625,monitor_data.speed
1764787938931,1781.2764892578125,monitor_data.speed
1764787938933,1778.033935546875,monitor_data.speed
1764787938880,0,monitor_data.speed_ref
1764787938882,0,monitor_data.speed_ref
1764787938883,0,monitor_data.speed_ref
1764787938885,0,monitor_data.speed_ref
1764787938887,0,monitor_data.speed_ref
1764787938888,0,monitor_data.speed_ref
1764787938891,0,monitor_data.speed_ref
1764787938893,0,monitor_data.speed_ref
1764787938895,0,monitor_data.speed_ref
1764787938896,0,monitor_data.speed_ref
1764787938898,0,monitor_data.speed_ref
1764787938900,0,monitor_data.speed_ref
1764787938902,0,monitor_data.speed_ref
1764787938904,0,monitor_data.speed_ref
1764787938906,0,monitor_data.speed_ref
1764787938909,0,monitor_data.speed_ref
1764787938911,0,monitor_data.speed_ref
1764787938913,0,monitor_data.speed_ref
1764787938914,0,monitor_data.speed_ref
1764787938916,0,monitor_data.speed_ref
1764787938918,0,monitor_data.speed_ref
1764787938920,0,monitor_data.speed_ref
1764787938923,0,monitor_data.speed_ref
1764787938925,0,monitor_data.speed_ref
1764787938928,0,monitor_data.speed_ref
1764787938930,0,monitor_data.speed_ref
1764787938931,0,monitor_data.speed_ref
1764787938933,0,monitor_data.speed_ref
1764787938935,1768.69580078125,monitor_data.speed
1764787938937,1766.6365966796875,monitor_data.speed
1764787938940,1749.0770263671875,monitor_data.speed
1764787938942,1739.16064453125,monitor_data.speed
1764787938944,1753.166015625,monitor_data.speed
1764787938946,1754.7337646484375,monitor_data.speed
1764787938947,1755.79345703125,monitor_data.speed
1764787938949,1756.0068359375,monitor_data.speed
1764787938951,1767.4876708984375,monitor_data.speed
1764787938954,1749.67578125,monitor_data.speed
1764787938956,1751.242919921875,monitor_data.speed
1764787938958,1775.5762939453125,monitor_data.speed
1764787938960,1777.8380126953125,monitor_data.speed
1764787938962,1769.3399658203125,monitor_data.speed
1764787938964,1761.0467529296875,monitor_data.speed
1764787938966,1775.960205078125,monitor_data.speed
1764787938968,1779.1923828125,monitor_data.speed
1764787938970,1770.6370849609375,monitor_data.speed
1764787938972,1757.0357666015625,monitor_data.speed
1764787938974,1751.4586181640625,monitor_data.speed
1764787938976,1741.9761962890625,monitor_data.speed
1764787938978,1750.37646484375,monitor_data.speed
1764787938980,1752.0775146484375,monitor_data.speed
1764787938982,1759.2738037109375,monitor_data.speed
1764787938935,0,monitor_data.speed_ref
1764787938937,0,monitor_data.speed_ref
1764787938940,0,monitor_data.speed_ref
1764787938942,0,monitor_data.speed_ref
1764787938944,0,monitor_data.speed_ref
1764787938946,0,monitor_data.speed_ref
1764787938947,0,monitor_data.speed_ref
1764787938949,0,monitor_data.speed_ref
1764787938951,0,monitor_data.speed_ref
1764787938954,0,monitor_data.speed_ref
1764787938956,0,monitor_data.speed_ref
1764787938958,0,monitor_data.speed_ref
1764787938960,0,monitor_data.speed_ref
1764787938962,0,monitor_data.speed_ref
1764787938964,0,monitor_data.speed_ref
1764787938966,0,monitor_data.speed_ref
1764787938968,0,monitor_data.speed_ref
1764787938970,0,monitor_data.speed_ref
1764787938972,0,monitor_data.speed_ref
1764787938974,0,monitor_data.speed_ref
1764787938976,0,monitor_data.speed_ref
1764787938978,0,monitor_data.speed_ref
1764787938980,0,monitor_data.speed_ref
1764787938982,0,monitor_data.speed_ref
1764787938984,1759.3223876953125,monitor_data.speed
1764787938986,1753.1136474609375,monitor_data.speed
1764787938988,1747.501708984375,monitor_data.speed
1764787938991,1743.79248046875,monitor_data.speed
1764787938993,1761.269775390625,monitor_data.speed
1764787938994,1759.891357421875,monitor_data.speed
1764787938997,1770.135986328125,monitor_data.speed
1764787938998,1768.951416015625,monitor_data.speed
1764787939000,1760.93359375,monitor_data.speed
1764787939003,1770.2850341796875,monitor_data.speed
1764787939004,1768.589599609375,monitor_data.speed
1764787939007,1750.1175537109375,monitor_data.speed
1764787939009,1751.7799072265625,monitor_data.speed
1764787939010,1747.9849853515625,monitor_data.speed
1764787939012,1744.669189453125,monitor_data.speed
1764787939015,1741.467529296875,monitor_data.speed
1764787939017,1760.3157958984375,monitor_data.speed
1764787939018,1760.844970703125,monitor_data.speed
1764787939020,1754.8890380859375,monitor_data.speed
1764787939023,1755.2484130859375,monitor_data.speed
1764787939025,1746.5052490234375,monitor_data.speed
1764787939027,1768.3353271484375,monitor_data.speed
1764787939029,1777.385009765625,monitor_data.speed
1764787939031,1768.8101806640625,monitor_data.speed
1764787938984,0,monitor_data.speed_ref
1764787938986,0,monitor_data.speed_ref
1764787938988,0,monitor_data.speed_ref
1764787938991,0,monitor_data.speed_ref
1764787938993,0,monitor_data.speed_ref
1764787938994,0,monitor_data.speed_ref
1764787938997,0,monitor_data.speed_ref
1764787938998,0,monitor_data.speed_ref
1764787939000,0,monitor_data.speed_ref
1764787939003,0,monitor_data.speed_ref
1764787939004,0,monitor_data.speed_ref
1764787939007,0,monitor_data.speed_ref
1764787939009,0,monitor_data.speed_ref
1764787939010,0,monitor_data.speed_ref
1764787939012,0,monitor_data.speed_ref
1764787939015,0,monitor_data.speed_ref
1764787939017,0,monitor_data.speed_ref
1764787939018,0,monitor_data.speed_ref
1764787939020,0,monitor_data.speed_ref
1764787939023,0,monitor_data.speed_ref
1764787939025,0,monitor_data.speed_ref
1764787939027,0,monitor_data.speed_ref
1764787939029,0,monitor_data.speed_ref
1764787939031,0,monitor_data.speed_ref
1764787939033,1773.1243896484375,monitor_data.speed
1764787939034,1765.2340087890625,monitor_data.speed
1764787939036,1762.7659912109375,monitor_data.speed
1764787939038,1777.930908203125,monitor_data.speed
1764787939041,1758.0859375,monitor_data.speed
1764787939043,1747.3101806640625,monitor_data.speed
1764787939044,1748.94140625,monitor_data.speed
1764787939046,1751.0155029296875,monitor_data.speed
1764787939048,1753.0211181640625,monitor_data.speed
1764787939049,1754.5487060546875,monitor_data.speed
1764787939051,1755.2115478515625,monitor_data.speed
1764787939053,1749.749755859375,monitor_data.speed
1764787939056,1755.3380126953125,monitor_data.speed
1764787939058,1738.6871337890625,monitor_data.speed
1764787939060,1741.6177978515625,monitor_data.speed
1764787939062,1769.6353759765625,monitor_data.speed
1764787939063,1768.750244140625,monitor_data.speed
1764787939066,1761.1514892578125,monitor_data.speed
1764787939068,1771.2337646484375,monitor_data.speed
1764787939070,1769.32080078125,monitor_data.speed
1764787939072,1767.040283203125,monitor_data.speed
1764787939074,1769.82666015625,monitor_data.speed
1764787939076,1762.52978515625,monitor_data.speed
1764787939078,1751.4072265625,monitor_data.speed
1764787939080,1741.6649169921875,monitor_data.speed
1764787939082,1743.0660400390625,monitor_data.speed
1764787939083,1755.778076171875,monitor_data.speed
1764787939033,0,monitor_data.speed_ref
1764787939034,0,monitor_data.speed_ref
1764787939036,0,monitor_data.speed_ref
1764787939038,0,monitor_data.speed_ref
1764787939041,0,monitor_data.speed_ref
1764787939043,0,monitor_data.speed_ref
1764787939044,0,monitor_data.speed_ref
1764787939046,0,monitor_data.speed_ref
1764787939048,0,monitor_data.speed_ref
1764787939049,0,monitor_data.speed_ref
1764787939051,0,monitor_data.speed_ref
1764787939053,0,monitor_data.speed_ref
1764787939056,0,monitor_data.speed_ref
1764787939058,0,monitor_data.speed_ref
1764787939060,0,monitor_data.speed_ref
1764787939062,0,monitor_data.speed_ref
1764787939063,0,monitor_data.speed_ref
1764787939066,0,monitor_data.speed_ref
1764787939068,0,monitor_data.speed_ref
1764787939070,0,monitor_data.speed_ref
1764787939072,0,monitor_data.speed_ref
1764787939074,0,monitor_data.speed_ref
1764787939076,0,monitor_data.speed_ref
1764787939078,0,monitor_data.speed_ref
1764787939080,0,monitor_data.speed_ref
1764787939082,0,monitor_data.speed_ref
1764787939083,0,monitor_data.speed_ref
1764787939085,1756.3369140625,monitor_data.speed
1764787939087,1768.11328125,monitor_data.speed
1764787939089,1767.61376953125,monitor_data.speed
1764787939091,1755.402587890625,monitor_data.speed
1764787939093,1739.43701171875,monitor_data.speed
1764787939095,1769.221923828125,monitor_data.speed
1764787939096,1784.1070556640625,monitor_data.speed
1764787939098,1770.2088623046875,monitor_data.speed
1764787939099,1767.8665771484375,monitor_data.speed
1764787939102,1776.61474609375,monitor_data.speed
1764787939104,1767.646240234375,monitor_data.speed
1764787939107,1774.6051025390625,monitor_data.speed
1764787939109,1771.170166015625,monitor_data.speed
1764787939111,1752.89404296875,monitor_data.speed
1764787939113,1748.0728759765625,monitor_data.speed
1764787939115,1743.750732421875,monitor_data.speed
1764787939117,1756.90625,monitor_data.speed
1764787939119,1763.5697021484375,monitor_data.speed
1764787939121,1757.6734619140625,monitor_data.speed
1764787939123,1757.0296630859375,monitor_data.speed
1764787939126,1762.9571533203125,monitor_data.speed
1764787939128,1752.4197998046875,monitor_data.speed
1764787939085,0,monitor_data.speed_ref
1764787939087,0,monitor_data.speed_ref
1764787939089,0,monitor_data.speed_ref
1764787939091,0,monitor_data.speed_ref
1764787939093,0,monitor_data.speed_ref
1764787939095,0,monitor_data.speed_ref
1764787939096,0,monitor_data.speed_ref
1764787939098,0,monitor_data.speed_ref
1764787939099,0,monitor_data.speed_ref
1764787939102,0,monitor_data.speed_ref
1764787939104,0,monitor_data.speed_ref
1764787939107,0,monitor_data.speed_ref
1764787939109,0,monitor_data.speed_ref
1764787939111,0,monitor_data.speed_ref
1764787939113,0,monitor_data.speed_ref
1764787939115,0,monitor_data.speed_ref
1764787939117,0,monitor_data.speed_ref
1764787939119,0,monitor_data.speed_ref
1764787939121,0,monitor_data.speed_ref
1764787939123,0,monitor_data.speed_ref
1764787939126,0,monitor_data.speed_ref
1764787939128,0,monitor_data.speed_ref
1764787939129,1770.714599609375,monitor_data.speed
1764787939131,1762.8779296875,monitor_data.speed
1764787939133,1761.5921630859375,monitor_data.speed
1764787939135,1760.2275390625,monitor_data.speed
1764787939137,1764.4984130859375,monitor_data.speed
1764787939138,1768.5421142578125,monitor_data.speed
1764787939141,1771.790283203125,monitor_data.speed
1764787939143,1768.1810302734375,monitor_data.speed
1764787939145,1761.86474609375,monitor_data.speed
1764787939147,1751.0755615234375,monitor_data.speed
1764787939149,1752.621826171875,monitor_data.speed
1764787939152,1754.7247314453125,monitor_data.speed
1764787939154,1755.328369140625,monitor_data.speed
1764787939156,1760.9820556640625,monitor_data.speed
1764787939158,1766.379150390625,monitor_data.speed
1764787939161,1743.5550537109375,monitor_data.speed
1764787939163,1751.5849609375,monitor_data.speed
1764787939165,1776.095703125,monitor_data.speed
1764787939167,1772.2757568359375,monitor_data.speed
1764787939169,1769.0653076171875,monitor_data.speed
1764787939171,1777.347412109375,monitor_data.speed
1764787939173,1773.6669921875,monitor_data.speed
1764787939175,1781.8756103515625,monitor_data.speed
1764787939177,1772.163818359375,monitor_data.speed
1764787939179,1758.19140625,monitor_data.speed
1764787939129,0,monitor_data.speed_ref
1764787939131,0,monitor_data.speed_ref
1764787939133,0,monitor_data.speed_ref
1764787939135,0,monitor_data.speed_ref
1764787939137,0,monitor_data.speed_ref
1764787939138,0,monitor_data.speed_ref
1764787939141,0,monitor_data.speed_ref
1764787939143,0,monitor_data.speed_ref
1764787939145,0,monitor_data.speed_ref
1764787939147,0,monitor_data.speed_ref
1764787939149,0,monitor_data.speed_ref
1764787939152,0,monitor_data.speed_ref
1764787939154,0,monitor_data.speed_ref
1764787939156,0,monitor_data.speed_ref
1764787939158,0,monitor_data.speed_ref
1764787939161,0,monitor_data.speed_ref
1764787939163,0,monitor_data.speed_ref
1764787939165,0,monitor_data.speed_ref
1764787939167,0,monitor_data.speed_ref
1764787939169,0,monitor_data.speed_ref
1764787939171,0,monitor_data.speed_ref
1764787939173,0,monitor_data.speed_ref
1764787939175,0,monitor_data.speed_ref
1764787939177,0,monitor_data.speed_ref
1764787939179,0,monitor_data.speed_ref
1764787939182,1758.929931640625,monitor_data.speed
1764787939184,1748.5458984375,monitor_data.speed
1764787939186,1756.15087890625,monitor_data.speed
1764787939188,1756.6014404296875,monitor_data.speed
1764787939190,1768.0924072265625,monitor_data.speed
1764787939193,1755.5238037109375,monitor_data.speed
1764787939195,1750.2803955078125,monitor_data.speed
1764787939197,1752.185302734375,monitor_data.speed
1764787939199,1783.4229736328125,monitor_data.speed
1764787939201,1780.0537109375,monitor_data.speed
1764787939203,1782.8575439453125,monitor_data.speed
1764787939204,1779.6854248046875,monitor_data.speed
1764787939206,1782.538818359375,monitor_data.speed
1764787939208,1772.813720703125,monitor_data.speed
1764787939210,1787.4754638671875,monitor_data.speed
1764787939211,1772.8656005859375,monitor_data.speed
1764787939213,1765.544677734375,monitor_data.speed
1764787939216,1748.529541015625,monitor_data.speed
1764787939218,1755.90771484375,monitor_data.speed
1764787939220,1751.3671875,monitor_data.speed
1764787939222,1752.262939453125,monitor_data.speed
1764787939224,1764.02587890625,monitor_data.speed
1764787939226,1757.3995361328125,monitor_data.speed
1764787939228,1763.425048828125,monitor_data.speed
1764787939230,1747.3165283203125,monitor_data.speed
1764787939182,0,monitor_data.speed_ref
1764787939184,0,monitor_data.speed_ref
1764787939186,0,monitor_data.speed_ref
1764787939188,0,monitor_data.speed_ref
1764787939190,0,monitor_data.speed_ref
1764787939193,0,monitor_data.speed_ref
1764787939195,0,monitor_data.speed_ref
1764787939197,0,monitor_data.speed_ref
1764787939199,0,monitor_data.speed_ref
1764787939201,0,monitor_data.speed_ref
1764787939203,0,monitor_data.speed_ref
1764787939204,0,monitor_data.speed_ref
1764787939206,0,monitor_data.speed_ref
1764787939208,0,monitor_data.speed_ref
1764787939210,0,monitor_data.speed_ref
1764787939211,0,monitor_data.speed_ref
1764787939213,0,monitor_data.speed_ref
1764787939216,0,monitor_data.speed_ref
1764787939218,0,monitor_data.speed_ref
1764787939220,0,monitor_data.speed_ref
1764787939222,0,monitor_data.speed_ref
1764787939224,0,monitor_data.speed_ref
1764787939226,0,monitor_data.speed_ref
1764787939228,0,monitor_data.speed_ref
1764787939230,0,monitor_data.speed_ref
1764787939232,1782.6351318359375,monitor_data.speed
1764787939234,1778.4664306640625,monitor_data.speed
1764787939236,1781.5023193359375,monitor_data.speed
1764787939238,1783.332275390625,monitor_data.speed
1764787939240,1779.8096923828125,monitor_data.speed
1764787939242,1770.1177978515625,monitor_data.speed
1764787939244,1773.4852294921875,monitor_data.speed
1764787939245,1781.4998779296875,monitor_data.speed
1764787939247,1762.104736328125,monitor_data.speed
1764787939249,1750.1580810546875,monitor_data.speed
1764787939250,1745.2718505859375,monitor_data.speed
1764787939253,1752.7789306640625,monitor_data.speed
1764787939255,1748.2403564453125,monitor_data.speed
1764787939257,1760.5301513671875,monitor_data.speed
1764787939259,1754.4847412109375,monitor_data.speed
1764787939261,1759.976318359375,monitor_data.speed
1764787939263,1754.32958984375,monitor_data.speed
1764787939265,1738.6046142578125,monitor_data.speed
1764787939267,1785.4471435546875,monitor_data.speed
1764787939269,1776.3050537109375,monitor_data.speed
1764787939271,1767.863037109375,monitor_data.speed
1764787939273,1776.6766357421875,monitor_data.speed
1764787939276,1778.8089599609375,monitor_data.speed
1764787939277,1776.4208984375,monitor_data.speed
1764787939279,1762.33642578125,monitor_data.speed
1764787939232,0,monitor_data.speed_ref
1764787939234,0,monitor_data.speed_ref
1764787939236,0,monitor_data.speed_ref
1764787939238,0,monitor_data.speed_ref
1764787939240,0,monitor_data.speed_ref
1764787939242,0,monitor_data.speed_ref
1764787939244,0,monitor_data.speed_ref
1764787939245,0,monitor_data.speed_ref
1764787939247,0,monitor_data.speed_ref
1764787939249,0,monitor_data.speed_ref
1764787939250,0,monitor_data.speed_ref
1764787939253,0,monitor_data.speed_ref
1764787939255,0,monitor_data.speed_ref
1764787939257,0,monitor_data.speed_ref
1764787939259,0,monitor_data.speed_ref
1764787939261,0,monitor_data.speed_ref
1764787939263,0,monitor_data.speed_ref
1764787939265,0,monitor_data.speed_ref
1764787939267,0,monitor_data.speed_ref
1764787939269,0,monitor_data.speed_ref
1764787939271,0,monitor_data.speed_ref
1764787939273,0,monitor_data.speed_ref
1764787939276,0,monitor_data.speed_ref
1764787939277,0,monitor_data.speed_ref
1764787939279,0,monitor_data.speed_ref
1764787939281,1750.059814453125,monitor_data.speed
1764787939284,1740.283203125,monitor_data.speed
1764787939286,1743.176513671875,monitor_data.speed
1764787939288,1745.2222900390625,monitor_data.speed
1764787939290,1746.7115478515625,monitor_data.speed
1764787939292,1747.2015380859375,monitor_data.speed
1764787939294,1764.7265625,monitor_data.speed
1764787939296,1764.5709228515625,monitor_data.speed
1764787939297,1753.3739013671875,monitor_data.speed
1764787939299,1749.268798828125,monitor_data.speed
1764787939301,1789.5489501953125,monitor_data.speed
1764787939303,1778.7642822265625,monitor_data.speed
1764787939305,1775.4503173828125,monitor_data.speed
1764787939307,1777.2733154296875,monitor_data.speed
1764787939309,1773.49609375,monitor_data.speed
1764787939311,1770.24853515625,monitor_data.speed
1764787939313,1778.16455078125,monitor_data.speed
1764787939315,1768.8145751953125,monitor_data.speed
1764787939318,1750.661376953125,monitor_data.speed
1764787939319,1745.891845703125,monitor_data.speed
1764787939321,1759.159912109375,monitor_data.speed
1764787939324,1748.6153564453125,monitor_data.speed
1764787939326,1760.7462158203125,monitor_data.speed
1764787939328,1760.3555908203125,monitor_data.speed
1764787939330,1759.693603515625,monitor_data.speed
1764787939332,1748.2611083984375,monitor_data.speed
1764787939281,0,monitor_data.speed_ref
1764787939284,0,monitor_data.speed_ref
1764787939286,0,monitor_data.speed_ref
1764787939288,0,monitor_data.speed_ref
1764787939290,0,monitor_data.speed_ref
1764787939292,0,monitor_data.speed_ref
1764787939294,0,monitor_data.speed_ref
1764787939296,0,monitor_data.speed_ref
1764787939297,0,monitor_data.speed_ref
1764787939299,0,monitor_data.speed_ref
1764787939301,0,monitor_data.speed_ref
1764787939303,0,monitor_data.speed_ref
1764787939305,0,monitor_data.speed_ref
1764787939307,0,monitor_data.speed_ref
1764787939309,0,monitor_data.speed_ref
1764787939311,0,monitor_data.speed_ref
1764787939313,0,monitor_data.speed_ref
1764787939315,0,monitor_data.speed_ref
1764787939318,0,monitor_data.speed_ref
1764787939319,0,monitor_data.speed_ref
1764787939321,0,monitor_data.speed_ref
1764787939324,0,monitor_data.speed_ref
1764787939326,0,monitor_data.speed_ref
1764787939328,0,monitor_data.speed_ref
1764787939330,0,monitor_data.speed_ref
1764787939332,0,monitor_data.speed_ref
1764787939334,1750.3092041015625,monitor_data.speed
1764787939336,1773.1561279296875,monitor_data.speed
1764787939338,1775.3896484375,monitor_data.speed
1764787939340,1766.611572265625,monitor_data.speed
1764787939342,1775.5592041015625,monitor_data.speed
1764787939344,1766.515869140625,monitor_data.speed
1764787939346,1763.7587890625,monitor_data.speed
1764787939348,1772.0560302734375,monitor_data.speed
1764787939350,1764.4173583984375,monitor_data.speed
1764787939351,1752.3956298828125,monitor_data.speed
1764787939353,1759.0111083984375,monitor_data.speed
1764787939355,1742.5108642578125,monitor_data.speed
1764787939357,1750.03857421875,monitor_data.speed
1764787939359,1745.2406005859375,monitor_data.speed
1764787939361,1762.9033203125,monitor_data.speed
1764787939363,1768.2442626953125,monitor_data.speed
1764787939365,1750.1795654296875,monitor_data.speed
1764787939367,1751.182373046875,monitor_data.speed
1764787939369,1764.787109375,monitor_data.speed
1764787939371,1766.9725341796875,monitor_data.speed
1764787939374,1769.42919921875,monitor_data.speed
1764787939376,1766.7816162109375,monitor_data.speed
1764787939378,1769.3035888671875,monitor_data.speed
1764787939380,1766.359130859375,monitor_data.speed
1764787939383,1779.808837890625,monitor_data.speed
1764787939385,1754.539306640625,monitor_data.speed
1764787939334,0,monitor_data.speed_ref
1764787939336,0,monitor_data.speed_ref
1764787939338,0,monitor_data.speed_ref
1764787939340,0,monitor_data.speed_ref
1764787939342,0,monitor_data.speed_ref
1764787939344,0,monitor_data.speed_ref
1764787939346,0,monitor_data.speed_ref
1764787939348,0,monitor_data.speed_ref
1764787939350,0,monitor_data.speed_ref
1764787939351,0,monitor_data.speed_ref
1764787939353,0,monitor_data.speed_ref
1764787939355,0,monitor_data.speed_ref
1764787939357,0,monitor_data.speed_ref
1764787939359,0,monitor_data.speed_ref
1764787939361,0,monitor_data.speed_ref
1764787939363,0,monitor_data.speed_ref
1764787939365,0,monitor_data.speed_ref
1764787939367,0,monitor_data.speed_ref
1764787939369,0,monitor_data.speed_ref
1764787939371,0,monitor_data.speed_ref
1764787939374,0,monitor_data.speed_ref
1764787939376,0,monitor_data.speed_ref
1764787939378,0,monitor_data.speed_ref
1764787939380,0,monitor_data.speed_ref
1764787939383,0,monitor_data.speed_ref
1764787939385,0,monitor_data.speed_ref
1764787939387,1755.432373046875,monitor_data.speed
1764787939389,1756.6837158203125,monitor_data.speed
1764787939391,1758.6229248046875,monitor_data.speed
1764787939393,1759.28759765625,monitor_data.speed
1764787939395,1759.55810546875,monitor_data.speed
1764787939397,1764.9564208984375,monitor_data.speed
1764787939399,1752.7894287109375,monitor_data.speed
1764787939400,1753.0205078125,monitor_data.speed
1764787939402,1748.3873291015625,monitor_data.speed
1764787939404,1778.62158203125,monitor_data.speed
1764787939406,1774.563720703125,monitor_data.speed
1764787939408,1765.461181640625,monitor_data.speed
1764787939410,1763.167724609375,monitor_data.speed
1764787939412,1771.4737548828125,monitor_data.speed
1764787939414,1779.94921875,monitor_data.speed
1764787939416,1777.7958984375,monitor_data.speed
1764787939418,1752.9691162109375,monitor_data.speed
1764787939421,1754.2249755859375,monitor_data.speed
1764787939423,1744.771240234375,monitor_data.speed
1764787939425,1753.1236572265625,monitor_data.speed
1764787939427,1748.8631591796875,monitor_data.speed
1764787939429,1761.177001953125,monitor_data.speed
1764787939431,1760.90625,monitor_data.speed
1764787939433,1754.5675048828125,monitor_data.speed
1764787939435,1749.4158935546875,monitor_data.speed
1764787939387,0,monitor_data.speed_ref
1764787939389,0,monitor_data.speed_ref
1764787939391,0,monitor_data.speed_ref
1764787939393,0,monitor_data.speed_ref
1764787939395,0,monitor_data.speed_ref
1764787939397,0,monitor_data.speed_ref
1764787939399,0,monitor_data.speed_ref
1764787939400,0,monitor_data.speed_ref
1764787939402,0,monitor_data.speed_ref
1764787939404,0,monitor_data.speed_ref
1764787939406,0,monitor_data.speed_ref
1764787939408,0,monitor_data.speed_ref
1764787939410,0,monitor_data.speed_ref
1764787939412,0,monitor_data.speed_ref
1764787939414,0,monitor_data.speed_ref
1764787939416,0,monitor_data.speed_ref
1764787939418,0,monitor_data.speed_ref
1764787939421,0,monitor_data.speed_ref
1764787939423,0,monitor_data.speed_ref
1764787939425,0,monitor_data.speed_ref
1764787939427,0,monitor_data.speed_ref
1764787939429,0,monitor_data.speed_ref
1764787939431,0,monitor_data.speed_ref
1764787939433,0,monitor_data.speed_ref
1764787939435,0,monitor_data.speed_ref
1764787939437,1739.8125,monitor_data.speed
1764787939439,1783.324462890625,monitor_data.speed
1764787939441,1773.1328125,monitor_data.speed
1764787939443,1776.1827392578125,monitor_data.speed
1764787939445,1773.0731201171875,monitor_data.speed
1764787939446,1776.0296630859375,monitor_data.speed
1764787939448,1778.5911865234375,monitor_data.speed
1764787939450,1786.9935302734375,monitor_data.speed
1764787939452,1765.5120849609375,monitor_data.speed
1764787939454,1753.0234375,monitor_data.speed
1764787939457,1748.390869140625,monitor_data.speed
1764787939460,1756.1480712890625,monitor_data.speed
1764787939462,1756.744140625,monitor_data.speed
1764787939464,1751.123291015625,monitor_data.speed
1764787939466,1762.04833984375,monitor_data.speed
1764787939468,1755.8446044921875,monitor_data.speed
1764787939470,1739.912109375,monitor_data.speed
1764787939472,1769.66015625,monitor_data.speed
1764787939474,1772.2244873046875,monitor_data.speed
1764787939477,1768.961669921875,monitor_data.speed
1764787939479,1766.7139892578125,monitor_data.speed
1764787939481,1775.7171630859375,monitor_data.speed
1764787939483,1772.717529296875,monitor_data.speed
1764787939485,1770.095947265625,monitor_data.speed
1764787939487,1773.1673583984375,monitor_data.speed
1764787939437,0,monitor_data.speed_ref
1764787939439,0,monitor_data.speed_ref
1764787939441,0,monitor_data.speed_ref
1764787939443,0,monitor_data.speed_ref
1764787939445,0,monitor_data.speed_ref
1764787939446,0,monitor_data.speed_ref
1764787939448,0,monitor_data.speed_ref
1764787939450,0,monitor_data.speed_ref
1764787939452,0,monitor_data.speed_ref
1764787939454,0,monitor_data.speed_ref
1764787939457,0,monitor_data.speed_ref
1764787939460,0,monitor_data.speed_ref
1764787939462,0,monitor_data.speed_ref
1764787939464,0,monitor_data.speed_ref
1764787939466,0,monitor_data.speed_ref
1764787939468,0,monitor_data.speed_ref
1764787939470,0,monitor_data.speed_ref
1764787939472,0,monitor_data.speed_ref
1764787939474,0,monitor_data.speed_ref
1764787939477,0,monitor_data.speed_ref
1764787939479,0,monitor_data.speed_ref
1764787939481,0,monitor_data.speed_ref
1764787939483,0,monitor_data.speed_ref
1764787939485,0,monitor_data.speed_ref
1764787939487,0,monitor_data.speed_ref
1764787939489,1749.2872314453125,monitor_data.speed
1764787939491,1751.094482421875,monitor_data.speed
1764787939493,1741.2481689453125,monitor_data.speed
1764787939495,1748.0865478515625,monitor_data.speed
1764787939497,1760.385498046875,monitor_data.speed
1764787939499,1766.2076416015625,monitor_data.speed
1764787939501,1765.89990234375,monitor_data.speed
1764787939502,1753.8302001953125,monitor_data.speed
1764787939504,1743.1038818359375,monitor_data.speed
1764787939507,1761.996337890625,monitor_data.speed
1764787939509,1759.702880859375,monitor_data.speed
1764787939511,1763.8035888671875,monitor_data.speed
1764787939513,1762.26220703125,monitor_data.speed
1764787939515,1760.5469970703125,monitor_data.speed
1764787939517,1769.841552734375,monitor_data.speed
1764787939519,1761.9462890625,monitor_data.speed
1764787939521,1749.743896484375,monitor_data.speed
1764787939523,1751.5281982421875,monitor_data.speed
1764787939525,1748.233642578125,monitor_data.speed
1764787939527,1739.5401611328125,monitor_data.speed
1764787939529,1741.37841796875,monitor_data.speed
1764787939531,1742.83837890625,monitor_data.speed
1764787939533,1755.17578125,monitor_data.speed
1764787939535,1767.1007080078125,monitor_data.speed
1764787939537,1749.6571044921875,monitor_data.speed
1764787939489,0,monitor_data.speed_ref
1764787939491,0,monitor_data.speed_ref
1764787939493,0,monitor_data.speed_ref
1764787939495,0,monitor_data.speed_ref
1764787939497,0,monitor_data.speed_ref
1764787939499,0,monitor_data.speed_ref
1764787939501,0,monitor_data.speed_ref
1764787939502,0,monitor_data.speed_ref
1764787939504,0,monitor_data.speed_ref
1764787939507,0,monitor_data.speed_ref
1764787939509,0,monitor_data.speed_ref
1764787939511,0,monitor_data.speed_ref
1764787939513,0,monitor_data.speed_ref
1764787939515,0,monitor_data.speed_ref
1764787939517,0,monitor_data.speed_ref
1764787939519,0,monitor_data.speed_ref
1764787939521,0,monitor_data.speed_ref
1764787939523,0,monitor_data.speed_ref
1764787939525,0,monitor_data.speed_ref
1764787939527,0,monitor_data.speed_ref
1764787939529,0,monitor_data.speed_ref
1764787939531,0,monitor_data.speed_ref
1764787939533,0,monitor_data.speed_ref
1764787939535,0,monitor_data.speed_ref
1764787939537,0,monitor_data.speed_ref
1764787939539,1746.107177734375,monitor_data.speed
1764787939542,1775.55615234375,monitor_data.speed
1764787939544,1772.4305419921875,monitor_data.speed
1764787939546,1770.096923828125,monitor_data.speed
1764787939548,1767.7191162109375,monitor_data.speed
1764787939550,1776.7239990234375,monitor_data.speed
1764787939551,1762.580810546875,monitor_data.speed
1764787939553,1760.4063720703125,monitor_data.speed
1764787939555,1753.4576416015625,monitor_data.speed
1764787939557,1748.3438720703125,monitor_data.speed
1764787939559,1739.095947265625,monitor_data.speed
1764787939562,1747.67724609375,monitor_data.speed
1764787939564,1755.6412353515625,monitor_data.speed
1764787939566,1750.8529052734375,monitor_data.speed
1764787939569,1756.7689208984375,monitor_data.speed
1764787939571,1745.2677001953125,monitor_data.speed
1764787939573,1741.221435546875,monitor_data.speed
1764787939576,1782.833740234375,monitor_data.speed
1764787939578,1772.1600341796875,monitor_data.speed
1764787939580,1773.78125,monitor_data.speed
1764787939582,1781.78076171875,monitor_data.speed
1764787939584,1777.899658203125,monitor_data.speed
1764787939586,1768.5257568359375,monitor_data.speed
1764787939539,0,monitor_data.speed_ref
1764787939542,0,monitor_data.speed_ref
1764787939544,0,monitor_data.speed_ref
1764787939546,0,monitor_data.speed_ref
1764787939548,0,monitor_data.speed_ref
1764787939550,0,monitor_data.speed_ref
1764787939551,0,monitor_data.speed_ref
1764787939553,0,monitor_data.speed_ref
1764787939555,0,monitor_data.speed_ref
1764787939557,0,monitor_data.speed_ref
1764787939559,0,monitor_data.speed_ref
1764787939562,0,monitor_data.speed_ref
1764787939564,0,monitor_data.speed_ref
1764787939566,0,monitor_data.speed_ref
1764787939569,0,monitor_data.speed_ref
1764787939571,0,monitor_data.speed_ref
1764787939573,0,monitor_data.speed_ref
1764787939576,0,monitor_data.speed_ref
1764787939578,0,monitor_data.speed_ref
1764787939580,0,monitor_data.speed_ref
1764787939582,0,monitor_data.speed_ref
1764787939584,0,monitor_data.speed_ref
1764787939586,0,monitor_data.speed_ref
1764787939588,1760.07421875,monitor_data.speed
1764787939591,1747.5445556640625,monitor_data.speed
1764787939593,1755.1583251953125,monitor_data.speed
1764787939594,1751.267822265625,monitor_data.speed
1764787939597,1742.0064697265625,monitor_data.speed
1764787939599,1749.2066650390625,monitor_data.speed
1764787939600,1749.8638916015625,monitor_data.speed
1764787939602,1749.9349365234375,monitor_data.speed
1764787939604,1755.67529296875,monitor_data.speed
1764787939606,1756.1854248046875,monitor_data.speed
1764787939608,1740.85888671875,monitor_data.speed
1764787939610,1781.2723388671875,monitor_data.speed
1764787939612,1766.6041259765625,monitor_data.speed
1764787939614,1764.489013671875,monitor_data.speed
1764787939616,1768.366455078125,monitor_data.speed
1764787939618,1760.2568359375,monitor_data.speed
1764787939619,1781.4615478515625,monitor_data.speed
1764787939621,1773.0198974609375,monitor_data.speed
1764787939623,1753.900146484375,monitor_data.speed
1764787939625,1737.5057373046875,monitor_data.speed
1764787939627,1740.5999755859375,monitor_data.speed
1764787939630,1728.037841796875,monitor_data.speed
1764787939632,1723.332763671875,monitor_data.speed
1764787939633,1713.0140380859375,monitor_data.speed
1764787939636,1699.9871826171875,monitor_data.speed
1764787939638,1672.6990966796875,monitor_data.speed
1764787939588,0,monitor_data.speed_ref
1764787939591,0,monitor_data.speed_ref
1764787939593,0,monitor_data.speed_ref
1764787939594,0,monitor_data.speed_ref
1764787939597,0,monitor_data.speed_ref
1764787939599,0,monitor_data.speed_ref
1764787939600,0,monitor_data.speed_ref
1764787939602,0,monitor_data.speed_ref
1764787939604,0,monitor_data.speed_ref
1764787939606,0,monitor_data.speed_ref
1764787939608,0,monitor_data.speed_ref
1764787939610,0,monitor_data.speed_ref
1764787939612,0,monitor_data.speed_ref
1764787939614,0,monitor_data.speed_ref
1764787939616,0,monitor_data.speed_ref
1764787939618,0,monitor_data.speed_ref
1764787939619,0,monitor_data.speed_ref
1764787939621,0,monitor_data.speed_ref
1764787939623,0,monitor_data.speed_ref
1764787939625,0,monitor_data.speed_ref
1764787939627,0,monitor_data.speed_ref
1764787939630,0,monitor_data.speed_ref
1764787939632,0,monitor_data.speed_ref
1764787939633,0,monitor_data.speed_ref
1764787939636,0,monitor_data.speed_ref
1764787939638,0,monitor_data.speed_ref
1764787939640,1641.9066162109375,monitor_data.speed
1764787939642,1602.642822265625,monitor_data.speed
1764787939643,1563.0316162109375,monitor_data.speed
1764787939646,1548.2147216796875,monitor_data.speed
1764787939648,1485.125732421875,monitor_data.speed
1764787939649,1438.054443359375,monitor_data.speed
1764787939651,1364.1697998046875,monitor_data.speed
1764787939653,1283.024658203125,monitor_data.speed
1764787939655,1181.4610595703125,monitor_data.speed
1764787939657,1061.80224609375,monitor_data.speed
1764787939659,955.6119995117188,monitor_data.speed
1764787939660,840.2412719726562,monitor_data.speed
1764787939662,708.2034912109375,monitor_data.speed
1764787939665,579.2459106445312,monitor_data.speed
1764787939667,463.8914489746094,monitor_data.speed
1764787939668,393.8330383300781,monitor_data.speed
1764787939670,307.5615234375,monitor_data.speed
1764787939673,244.08714294433594,monitor_data.speed
1764787939675,186.02000427246094,monitor_data.speed
1764787939677,156.53829956054688,monitor_data.speed
1764787939679,125.48755645751953,monitor_data.speed
1764787939681,98.59458923339844,monitor_data.speed
1764787939683,79.03809356689453,monitor_data.speed
1764787939686,64.00091552734375,monitor_data.speed
1764787939687,53.411014556884766,monitor_data.speed
1764787939640,0,monitor_data.speed_ref
1764787939642,0,monitor_data.speed_ref
1764787939643,0,monitor_data.speed_ref
1764787939646,0,monitor_data.speed_ref
1764787939648,0,monitor_data.speed_ref
1764787939649,0,monitor_data.speed_ref
1764787939651,0,monitor_data.speed_ref
1764787939653,0,monitor_data.speed_ref
1764787939655,0,monitor_data.speed_ref
1764787939657,0,monitor_data.speed_ref
1764787939659,0,monitor_data.speed_ref
1764787939660,0,monitor_data.speed_ref
1764787939662,0,monitor_data.speed_ref
1764787939665,0,monitor_data.speed_ref
1764787939667,0,monitor_data.speed_ref
1764787939668,0,monitor_data.speed_ref
1764787939670,0,monitor_data.speed_ref
1764787939673,0,monitor_data.speed_ref
1764787939675,0,monitor_data.speed_ref
1764787939677,0,monitor_data.speed_ref
1764787939679,0,monitor_data.speed_ref
1764787939681,0,monitor_data.speed_ref
1764787939683,0,monitor_data.speed_ref
1764787939686,0,monitor_data.speed_ref
1764787939687,0,monitor_data.speed_ref
1764787939690,41.96562576293945,monitor_data.speed
1764787939692,34.325504302978516,monitor_data.speed
1764787939694,28.360124588012695,monitor_data.speed
1764787939695,23.90730094909668,monitor_data.speed
1764787939697,20.153825759887695,monitor_data.speed
1764787939699,15.996087074279785,monitor_data.speed
1764787939701,12.954060554504395,monitor_data.speed
1764787939703,10.920842170715332,monitor_data.speed
1764787939705,9.39372730255127,monitor_data.speed
1764787939707,7.607956886291504,monitor_data.speed
1764787939709,6.350329875946045,monitor_data.speed
1764787939711,5.143631458282471,monitor_data.speed
1764787939713,4.166531085968018,monitor_data.speed
1764787939715,3.478407859802246,monitor_data.speed
1764787939717,2.8465325832366943,monitor_data.speed
1764787939719,2.306504011154175,monitor_data.speed
1764787939720,2.0237252712249756,monitor_data.speed
1764787939723,-4.097494125366211,monitor_data.speed
1764787939726,-3.598200798034668,monitor_data.speed
1764787939728,-3.2177891731262207,monitor_data.speed
1764787939729,-2.6303346157073975,monitor_data.speed
1764787939731,-2.1498491764068604,monitor_data.speed
1764787939733,-1.8108892440795898,monitor_data.speed
1764787939735,-1.4946479797363281,monitor_data.speed
1764787939737,-1.2086693048477173,monitor_data.speed
1764787939739,-0.9771053194999695,monitor_data.speed
1764787939690,0,monitor_data.speed_ref
1764787939692,0,monitor_data.speed_ref
1764787939694,0,monitor_data.speed_ref
1764787939695,0,monitor_data.speed_ref
1764787939697,0,monitor_data.speed_ref
1764787939699,0,monitor_data.speed_ref
1764787939701,0,monitor_data.speed_ref
1764787939703,0,monitor_data.speed_ref
1764787939705,0,monitor_data.speed_ref
1764787939707,0,monitor_data.speed_ref
1764787939709,0,monitor_data.speed_ref
1764787939711,0,monitor_data.speed_ref
1764787939713,0,monitor_data.speed_ref
1764787939715,0,monitor_data.speed_ref
1764787939717,0,monitor_data.speed_ref
1764787939719,0,monitor_data.speed_ref
1764787939720,0,monitor_data.speed_ref
1764787939723,0,monitor_data.speed_ref
1764787939726,0,monitor_data.speed_ref
1764787939728,0,monitor_data.speed_ref
1764787939729,0,monitor_data.speed_ref
1764787939731,0,monitor_data.speed_ref
1764787939733,0,monitor_data.speed_ref
1764787939735,0,monitor_data.speed_ref
1764787939737,0,monitor_data.speed_ref
1764787939739,0,monitor_data.speed_ref
1764787939741,-0.7976617217063904,monitor_data.speed
1764787939743,-0.5229758620262146,monitor_data.speed
1764787939744,-6.021137714385986,monitor_data.speed
1764787939746,-5.188802719116211,monitor_data.speed
1764787939748,-4.157848834991455,monitor_data.speed
1764787939750,-3.4336354732513428,monitor_data.speed
1764787939752,-2.835312843322754,monitor_data.speed
1764787939754,-2.3175041675567627,monitor_data.speed
1764787939756,-1.8749585151672363,monitor_data.speed
1764787939758,-1.5475801229476929,monitor_data.speed
1764787939760,-1.2515294551849365,monitor_data.speed
1764787939762,-1.0221147537231445,monitor_data.speed
1764787939764,-0.8260470628738403,monitor_data.speed
1764787939767,-0.6605290174484253,monitor_data.speed
1764787939769,-0.5332606434822083,monitor_data.speed
1764787939771,-0.41292667388916016,monitor_data.speed
1764787939773,-0.3293585181236267,monitor_data.speed
1764787939776,-0.25698065757751465,monitor_data.speed
1764787939778,-0.20222076773643494,monitor_data.speed
1764787939780,-0.16387778520584106,monitor_data.speed
1764787939782,-0.13110803067684174,monitor_data.speed
1764787939784,-0.10802993923425674,monitor_data.speed
1764787939786,-0.0897519588470459,monitor_data.speed
1764787939788,-0.07188858836889267,monitor_data.speed
1764787939741,0,monitor_data.speed_ref
1764787939743,0,monitor_data.speed_ref
1764787939744,0,monitor_data.speed_ref
1764787939746,0,monitor_data.speed_ref
1764787939748,0,monitor_data.speed_ref
1764787939750,0,monitor_data.speed_ref
1764787939752,0,monitor_data.speed_ref
1764787939754,0,monitor_data.speed_ref
1764787939756,0,monitor_data.speed_ref
1764787939758,0,monitor_data.speed_ref
1764787939760,0,monitor_data.speed_ref
1764787939762,0,monitor_data.speed_ref
1764787939764,0,monitor_data.speed_ref
1764787939767,0,monitor_data.speed_ref
1764787939769,0,monitor_data.speed_ref
1764787939771,0,monitor_data.speed_ref
1764787939773,0,monitor_data.speed_ref
1764787939776,0,monitor_data.speed_ref
1764787939778,0,monitor_data.speed_ref
1764787939780,0,monitor_data.speed_ref
1764787939782,0,monitor_data.speed_ref
1764787939784,0,monitor_data.speed_ref
1764787939786,0,monitor_data.speed_ref
1764787939788,0,monitor_data.speed_ref
1764787939790,-0.05281972140073776,monitor_data.speed
1764787939793,-0.03922950103878975,monitor_data.speed
1764787939795,-0.02941012755036354,monitor_data.speed
1764787939797,-0.022534586489200592,monitor_data.speed
1764787939799,-0.01742389425635338,monitor_data.speed
1764787939801,-0.012943878769874573,monitor_data.speed
1764787939803,-0.009964216500520706,monitor_data.speed
1764787939804,-0.0074015394784510136,monitor_data.speed
1764787939806,-0.004927929025143385,monitor_data.speed
1764787939808,-0.002620113780722022,monitor_data.speed
1764787939810,-0.0005331400316208601,monitor_data.speed
1764787939812,0.0010840999893844128,monitor_data.speed
1764787939813,0.0022862169425934553,monitor_data.speed
1764787939815,0.003339989110827446,monitor_data.speed
1764787939817,0.004251959268003702,monitor_data.speed
1764787939819,0.005031369626522064,monitor_data.speed
1764787939821,0.005580267868936062,monitor_data.speed
1764787939824,0.006173507776111364,monitor_data.speed
1764787939826,-0.0427689291536808,monitor_data.speed
1764787939828,-0.19352230429649353,monitor_data.speed
1764787939830,5.64717435836792,monitor_data.speed
1764787939831,-0.222769096493721,monitor_data.speed
1764787939833,-0.349210262298584,monitor_data.speed
1764787939835,-0.4112483263015747,monitor_data.speed
1764787939836,-0.5112249255180359,monitor_data.speed
1764787939838,-0.48208335041999817,monitor_data.speed
1764787939841,-0.5761577486991882,monitor_data.speed
1764787939790,0,monitor_data.speed_ref
1764787939793,0,monitor_data.speed_ref
1764787939795,0,monitor_data.speed_ref
1764787939797,0,monitor_data.speed_ref
1764787939799,0,monitor_data.speed_ref
1764787939801,0,monitor_data.speed_ref
1764787939803,0,monitor_data.speed_ref
1764787939804,0,monitor_data.speed_ref
1764787939806,0,monitor_data.speed_ref
1764787939808,0,monitor_data.speed_ref
1764787939810,0,monitor_data.speed_ref
1764787939812,0,monitor_data.speed_ref
1764787939813,0,monitor_data.speed_ref
1764787939815,0,monitor_data.speed_ref
1764787939817,0,monitor_data.speed_ref
1764787939819,0,monitor_data.speed_ref
1764787939821,0,monitor_data.speed_ref
1764787939824,0,monitor_data.speed_ref
1764787939826,0,monitor_data.speed_ref
1764787939828,0,monitor_data.speed_ref
1764787939830,0,monitor_data.speed_ref
1764787939831,0,monitor_data.speed_ref
1764787939833,0,monitor_data.speed_ref
1764787939835,0,monitor_data.speed_ref
1764787939836,0,monitor_data.speed_ref
1764787939838,0,monitor_data.speed_ref
1764787939841,0,monitor_data.speed_ref
1764787939842,5.2181172370910645,monitor_data.speed
1764787939844,-0.7734240889549255,monitor_data.speed
1764787939847,-0.9080537557601929,monitor_data.speed
1764787939849,-0.8521386981010437,monitor_data.speed
1764787939851,-0.9181737899780273,monitor_data.speed
1764787939853,-1.2391316890716553,monitor_data.speed
1764787939855,-1.0326913595199585,monitor_data.speed
1764787939857,-0.9047499895095825,monitor_data.speed
1764787939859,-0.8696732521057129,monitor_data.speed
1764787939861,-0.8164176940917969,monitor_data.speed
1764787939863,-0.8091656565666199,monitor_data.speed
1764787939865,-0.7746504545211792,monitor_data.speed
1764787939867,-0.7391742467880249,monitor_data.speed
1764787939869,-0.658778190612793,monitor_data.speed
1764787939871,-0.5743655562400818,monitor_data.speed
1764787939874,-0.5209196209907532,monitor_data.speed
1764787939876,-0.4739350378513336,monitor_data.speed
1764787939878,-0.48266276717185974,monitor_data.speed
1764787939880,-0.43022236227989197,monitor_data.speed
1764787939882,-0.40608423948287964,monitor_data.speed
1764787939884,-0.4465540647506714,monitor_data.speed
1764787939886,-0.36747774481773376,monitor_data.speed
1764787939888,-0.3418228030204773,monitor_data.speed
1764787939890,-0.2640222907066345,monitor_data.speed
1764787939842,0,monitor_data.speed_ref
1764787939844,0,monitor_data.speed_ref
1764787939847,0,monitor_data.speed_ref
1764787939849,0,monitor_data.speed_ref
1764787939851,0,monitor_data.speed_ref
1764787939853,0,monitor_data.speed_ref
1764787939855,0,monitor_data.speed_ref
1764787939857,0,monitor_data.speed_ref
1764787939859,0,monitor_data.speed_ref
1764787939861,0,monitor_data.speed_ref
1764787939863,0,monitor_data.speed_ref
1764787939865,0,monitor_data.speed_ref
1764787939867,0,monitor_data.speed_ref
1764787939869,0,monitor_data.speed_ref
1764787939871,0,monitor_data.speed_ref
1764787939874,0,monitor_data.speed_ref
1764787939876,0,monitor_data.speed_ref
1764787939878,0,monitor_data.speed_ref
1764787939880,0,monitor_data.speed_ref
1764787939882,0,monitor_data.speed_ref
1764787939884,0,monitor_data.speed_ref
1764787939886,0,monitor_data.speed_ref
1764787939888,0,monitor_data.speed_ref
1764787939890,0,monitor_data.speed_ref
1764787939892,-0.21442565321922302,monitor_data.speed
1764787939894,-0.1851857751607895,monitor_data.speed
1764787939895,-0.2662160098552704,monitor_data.speed
1764787939897,5.473645210266113,monitor_data.speed
1764787939900,5.317404747009277,monitor_data.speed
1764787939902,5.089627742767334,monitor_data.speed
1764787939904,-0.8340570330619812,monitor_data.speed
1764787939906,-1.077804446220398,monitor_data.speed
1764787939908,4.62744140625,monitor_data.speed
1764787939909,-1.3419861793518066,monitor_data.speed
1764787939911,-1.3017324209213257,monitor_data.speed
1764787939913,-1.299652338027954,monitor_data.speed
1764787939915,-1.662308931350708,monitor_data.speed
1764787939917,-1.7420058250427246,monitor_data.speed
1764787939919,4.084105491638184,monitor_data.speed
1764787939920,4.014294624328613,monitor_data.speed
1764787939923,3.8528056144714355,monitor_data.speed
1764787939925,3.2941060066223145,monitor_data.speed
1764787939927,2.9381675720214844,monitor_data.speed
1764787939929,-3.285273790359497,monitor_data.speed
1764787939931,-3.568912982940674,monitor_data.speed
1764787939933,1.9331401586532593,monitor_data.speed
1764787939935,1.63893461227417,monitor_data.speed
1764787939937,1.423660159111023,monitor_data.speed
1764787939940,1.226961612701416,monitor_data.speed
1764787939892,0,monitor_data.speed_ref
1764787939894,0,monitor_data.speed_ref
1764787939895,0,monitor_data.speed_ref
1764787939897,0,monitor_data.speed_ref
1764787939900,0,monitor_data.speed_ref
1764787939902,0,monitor_data.speed_ref
1764787939904,0,monitor_data.speed_ref
1764787939906,0,monitor_data.speed_ref
1764787939908,0,monitor_data.speed_ref
1764787939909,0,monitor_data.speed_ref
1764787939911,0,monitor_data.speed_ref
1764787939913,0,monitor_data.speed_ref
1764787939915,0,monitor_data.speed_ref
1764787939917,0,monitor_data.speed_ref
1764787939919,0,monitor_data.speed_ref
1764787939920,0,monitor_data.speed_ref
1764787939923,0,monitor_data.speed_ref
1764787939925,0,monitor_data.speed_ref
1764787939927,0,monitor_data.speed_ref
1764787939929,0,monitor_data.speed_ref
1764787939931,0,monitor_data.speed_ref
1764787939933,0,monitor_data.speed_ref
1764787939935,0,monitor_data.speed_ref
1764787939937,0,monitor_data.speed_ref
1764787939940,0,monitor_data.speed_ref
1764787939943,1.159307837486267,monitor_data.speed
1764787939945,-4.719980239868164,monitor_data.speed
1764787939946,1.110106348991394,monitor_data.speed
1764787939949,1.0002317428588867,monitor_data.speed
1764787939950,-4.906696319580078,monitor_data.speed
1764787939953,0.9193238019943237,monitor_data.speed
1764787939954,0.8271517753601074,monitor_data.speed
1764787939956,1.0912258625030518,monitor_data.speed
1764787939958,1.029897928237915,monitor_data.speed
1764787939960,0.8694562315940857,monitor_data.speed
1764787939961,0.798972487449646,monitor_data.speed
1764787939963,0.8290566205978394,monitor_data.speed
1764787939965,0.6932405233383179,monitor_data.speed
1764787939967,0.6637579798698425,monitor_data.speed
1764787939969,0.5337446331977844,monitor_data.speed
1764787939971,0.4998425245285034,monitor_data.speed
1764787939973,0.4609387218952179,monitor_data.speed
1764787939977,0.3792222738265991,monitor_data.speed
1764787939978,0.3305436372756958,monitor_data.speed
1764787939980,0.27994072437286377,monitor_data.speed
1764787939981,0.23959769308567047,monitor_data.speed
1764787939983,0.24994952976703644,monitor_data.speed
1764787939985,0.2588765621185303,monitor_data.speed
1764787939987,0.21532678604125977,monitor_data.speed
1764787939989,0.17934730648994446,monitor_data.speed
1764787939991,0.1454262137413025,monitor_data.speed
1764787939943,0,monitor_data.speed_ref
1764787939945,0,monitor_data.speed_ref
1764787939946,0,monitor_data.speed_ref
1764787939949,0,monitor_data.speed_ref
1764787939950,0,monitor_data.speed_ref
1764787939953,0,monitor_data.speed_ref
1764787939954,0,monitor_data.speed_ref
1764787939956,0,monitor_data.speed_ref
1764787939958,0,monitor_data.speed_ref
1764787939960,0,monitor_data.speed_ref
1764787939961,0,monitor_data.speed_ref
1764787939963,0,monitor_data.speed_ref
1764787939965,0,monitor_data.speed_ref
1764787939967,0,monitor_data.speed_ref
1764787939969,0,monitor_data.speed_ref
1764787939971,0,monitor_data.speed_ref
1764787939973,0,monitor_data.speed_ref
1764787939977,0,monitor_data.speed_ref
1764787939978,0,monitor_data.speed_ref
1764787939980,0,monitor_data.speed_ref
1764787939981,0,monitor_data.speed_ref
1764787939983,0,monitor_data.speed_ref
1764787939985,0,monitor_data.speed_ref
1764787939987,0,monitor_data.speed_ref
1764787939989,0,monitor_data.speed_ref
1764787939991,0,monitor_data.speed_ref
1764787939993,0.12046530842781067,monitor_data.speed
1764787939995,0.1028565913438797,monitor_data.speed
1764787939997,0.08721677213907242,monitor_data.speed
1764787939999,0.07416513562202454,monitor_data.speed
1764787940000,0.0661039724946022,monitor_data.speed
1764787940002,0.056546226143836975,monitor_data.speed
1764787940004,0.047769732773303986,monitor_data.speed
1764787940006,0.03994974121451378,monitor_data.speed
1764787940008,0.033936869353055954,monitor_data.speed
1764787940010,0.02886088937520981,monitor_data.speed
1764787940012,0.025295162573456764,monitor_data.speed
1764787940014,0.02220926061272621,monitor_data.speed
1764787940016,0.019915463402867317,monitor_data.speed
1764787940018,0.018001258373260498,monitor_data.speed
1764787940020,0.016485199332237244,monitor_data.speed
1764787940022,0.014871090650558472,monitor_data.speed
1764787940024,0.013629989698529243,monitor_data.speed
1764787940026,0.012711869552731514,monitor_data.speed
1764787940028,0.011811293661594391,monitor_data.speed
1764787940030,0.011180708184838295,monitor_data.speed
1764787940032,0.01066494919359684,monitor_data.speed
1764787940034,0.010301105678081512,monitor_data.speed
1764787940036,0.009945516474545002,monitor_data.speed
1764787940037,0.009681201539933681,monitor_data.speed
1764787940039,0.00943849142640829,monitor_data.speed
1764787940042,0.009231051430106163,monitor_data.speed
1764787939993,0,monitor_data.speed_ref
1764787939995,0,monitor_data.speed_ref
1764787939997,0,monitor_data.speed_ref
1764787939999,0,monitor_data.speed_ref
1764787940000,0,monitor_data.speed_ref
1764787940002,0,monitor_data.speed_ref
1764787940004,0,monitor_data.speed_ref
1764787940006,0,monitor_data.speed_ref
1764787940008,0,monitor_data.speed_ref
1764787940010,0,monitor_data.speed_ref
1764787940012,0,monitor_data.speed_ref
1764787940014,0,monitor_data.speed_ref
1764787940016,0,monitor_data.speed_ref
1764787940018,0,monitor_data.speed_ref
1764787940020,0,monitor_data.speed_ref
1764787940022,0,monitor_data.speed_ref
1764787940024,0,monitor_data.speed_ref
1764787940026,0,monitor_data.speed_ref
1764787940028,0,monitor_data.speed_ref
1764787940030,0,monitor_data.speed_ref
1764787940032,0,monitor_data.speed_ref
1764787940034,0,monitor_data.speed_ref
1764787940036,0,monitor_data.speed_ref
1764787940037,0,monitor_data.speed_ref
1764787940039,0,monitor_data.speed_ref
1764787940042,0,monitor_data.speed_ref
1764787940044,0.009063079953193665,monitor_data.speed
1764787940046,0.00892706960439682,monitor_data.speed
1764787940047,0.008846069686114788,monitor_data.speed
1764787940049,0.00874731969088316,monitor_data.speed
1764787940051,0.008688041009008884,monitor_data.speed
1764787940053,0.00862897653132677,monitor_data.speed
1764787940055,0.008580178953707218,monitor_data.speed
1764787940057,0.008536051027476788,monitor_data.speed
1764787940059,0.008504972793161869,monitor_data.speed
1764787940060,0.008481694385409355,monitor_data.speed
1764787940062,0.008461873047053814,monitor_data.speed
1764787940063,0.008447958156466484,monitor_data.speed
1764787940065,0.008431457914412022,monitor_data.speed
1764787940067,0.008416308090090752,monitor_data.speed
1764787940069,0.008401189930737019,monitor_data.speed
1764787940072,0.008390264585614204,monitor_data.speed
1764787940074,0.008381595835089684,monitor_data.speed
1764787940076,0.00837471429258585,monitor_data.speed
1764787940079,0.008369045332074165,monitor_data.speed
1764787940081,-0.043570902198553085,monitor_data.speed
1764787940082,-0.03411678224802017,monitor_data.speed
1764787940084,-0.08358882367610931,monitor_data.speed
1764787940086,-0.12353949248790741,monitor_data.speed
1764787940088,-0.15746696293354034,monitor_data.speed
1764787940090,5.681171417236328,monitor_data.speed
1764787940093,5.463980197906494,monitor_data.speed
1764787940044,0,monitor_data.speed_ref
1764787940046,0,monitor_data.speed_ref
1764787940047,0,monitor_data.speed_ref
1764787940049,0,monitor_data.speed_ref
1764787940051,0,monitor_data.speed_ref
1764787940053,0,monitor_data.speed_ref
1764787940055,0,monitor_data.speed_ref
1764787940057,0,monitor_data.speed_ref
1764787940059,0,monitor_data.speed_ref
1764787940060,0,monitor_data.speed_ref
1764787940062,0,monitor_data.speed_ref
1764787940063,0,monitor_data.speed_ref
1764787940065,0,monitor_data.speed_ref
1764787940067,0,monitor_data.speed_ref
1764787940069,0,monitor_data.speed_ref
1764787940072,0,monitor_data.speed_ref
1764787940074,0,monitor_data.speed_ref
1764787940076,0,monitor_data.speed_ref
1764787940079,0,monitor_data.speed_ref
1764787940081,0,monitor_data.speed_ref
1764787940082,0,monitor_data.speed_ref
1764787940084,0,monitor_data.speed_ref
1764787940086,0,monitor_data.speed_ref
1764787940088,0,monitor_data.speed_ref
1764787940090,0,monitor_data.speed_ref
1764787940093,0,monitor_data.speed_ref
1764787940095,5.221322536468506,monitor_data.speed
1764787940096,5.226197719573975,monitor_data.speed
1764787940098,-0.6251805424690247,monitor_data.speed
1764787940100,-0.6757959127426147,monitor_data.speed
1764787940102,5.238212585449219,monitor_data.speed
1764787940104,-0.8957331776618958,monitor_data.speed
1764787940107,-1.010530948638916,monitor_data.speed
1764787940108,4.68509578704834,monitor_data.speed
1764787940110,-1.3883123397827148,monitor_data.speed
1764787940112,4.474403381347656,monitor_data.speed
1764787940114,-1.6476184129714966,monitor_data.speed
1764787940116,4.083413124084473,monitor_data.speed
1764787940118,3.84932279586792,monitor_data.speed
1764787940121,3.7379302978515625,monitor_data.speed
1764787940123,-2.7160537242889404,monitor_data.speed
1764787940125,-2.438551425933838,monitor_data.speed
1764787940127,-2.605433702468872,monitor_data.speed
1764787940129,2.837942361831665,monitor_data.speed
1764787940130,2.5883965492248535,monitor_data.speed
1764787940132,2.595217227935791,monitor_data.speed
1764787940134,-3.59953236579895,monitor_data.speed
1764787940136,2.2277581691741943,monitor_data.speed
1764787940138,1.978897213935852,monitor_data.speed
1764787940141,-3.819216012954712,monitor_data.speed
1764787940143,2.098320484161377,monitor_data.speed
1764787940095,0,monitor_data.speed_ref
1764787940096,0,monitor_data.speed_ref
1764787940098,0,monitor_data.speed_ref
1764787940100,0,monitor_data.speed_ref
1764787940102,0,monitor_data.speed_ref
1764787940104,0,monitor_data.speed_ref
1764787940107,0,monitor_data.speed_ref
1764787940108,0,monitor_data.speed_ref
1764787940110,0,monitor_data.speed_ref
1764787940112,0,monitor_data.speed_ref
1764787940114,0,monitor_data.speed_ref
1764787940116,0,monitor_data.speed_ref
1764787940118,0,monitor_data.speed_ref
1764787940121,0,monitor_data.speed_ref
1764787940123,0,monitor_data.speed_ref
1764787940125,0,monitor_data.speed_ref
1764787940127,0,monitor_data.speed_ref
1764787940129,0,monitor_data.speed_ref
1764787940130,0,monitor_data.speed_ref
1764787940132,0,monitor_data.speed_ref
1764787940134,0,monitor_data.speed_ref
1764787940136,0,monitor_data.speed_ref
1764787940138,0,monitor_data.speed_ref
1764787940141,0,monitor_data.speed_ref
1764787940143,0,monitor_data.speed_ref
1764787940145,2.0292093753814697,monitor_data.speed
1764787940147,1.9745997190475464,monitor_data.speed
1764787940148,1.8716844320297241,monitor_data.speed
1764787940150,1.6813558340072632,monitor_data.speed
1764787940152,1.5869472026824951,monitor_data.speed
1764787940154,1.643423080444336,monitor_data.speed
1764787940156,1.4854137897491455,monitor_data.speed
1764787940158,1.6003144979476929,monitor_data.speed
1764787940160,1.5992945432662964,monitor_data.speed
1764787940162,1.6616703271865845,monitor_data.speed
1764787940163,1.5698575973510742,monitor_data.speed
1764787940165,1.6647180318832397,monitor_data.speed
1764787940168,1.5765718221664429,monitor_data.speed
1764787940170,1.6875331401824951,monitor_data.speed
1764787940173,1.4712148904800415,monitor_data.speed
1764787940175,1.2921308279037476,monitor_data.speed
1764787940177,1.3063685894012451,monitor_data.speed
1764787940179,1.4112889766693115,monitor_data.speed
1764787940180,1.4681825637817383,monitor_data.speed
1764787940182,1.3872175216674805,monitor_data.speed
1764787940184,1.598125696182251,monitor_data.speed
1764787940186,-4.285087585449219,monitor_data.speed
1764787940189,1.507274866104126,monitor_data.speed
1764787940191,-4.502140522003174,monitor_data.speed
1764787940192,1.4442867040634155,monitor_data.speed
1764787940194,1.614652156829834,monitor_data.speed
1764787940145,0,monitor_data.speed_ref
1764787940147,0,monitor_data.speed_ref
1764787940148,0,monitor_data.speed_ref
1764787940150,0,monitor_data.speed_ref
1764787940152,0,monitor_data.speed_ref
1764787940154,0,monitor_data.speed_ref
1764787940156,0,monitor_data.speed_ref
1764787940158,0,monitor_data.speed_ref
1764787940160,0,monitor_data.speed_ref
1764787940162,0,monitor_data.speed_ref
1764787940163,0,monitor_data.speed_ref
1764787940165,0,monitor_data.speed_ref
1764787940168,0,monitor_data.speed_ref
1764787940170,0,monitor_data.speed_ref
1764787940173,0,monitor_data.speed_ref
1764787940175,0,monitor_data.speed_ref
1764787940177,0,monitor_data.speed_ref
1764787940179,0,monitor_data.speed_ref
1764787940180,0,monitor_data.speed_ref
1764787940182,0,monitor_data.speed_ref
1764787940184,0,monitor_data.speed_ref
1764787940186,0,monitor_data.speed_ref
1764787940189,0,monitor_data.speed_ref
1764787940191,0,monitor_data.speed_ref
1764787940192,0,monitor_data.speed_ref
1764787940194,0,monitor_data.speed_ref
1764787940196,-4.399668216705322,monitor_data.speed
1764787940198,1.3982644081115723,monitor_data.speed
1764787940200,-4.4568281173706055,monitor_data.speed
1764787940202,-4.370213508605957,monitor_data.speed
1764787940204,1.7580593824386597,monitor_data.speed
1764787940206,1.716135859489441,monitor_data.speed
1764787940208,1.647843360900879,monitor_data.speed
1764787940210,1.5869638919830322,monitor_data.speed
1764787940211,1.4752700328826904,monitor_data.speed
1764787940212,-4.524379730224609,monitor_data.speed
1764787940214,1.4982682466506958,monitor_data.speed
1764787940215,-4.2918195724487305,monitor_data.speed
1764787940216,1.6961827278137207,monitor_data.speed
1764787940218,-4.107588291168213,monitor_data.speed
1764787940219,1.8498119115829468,monitor_data.speed
1764787940222,1.8831316232681274,monitor_data.speed
1764787940224,1.6758301258087158,monitor_data.speed
1764787940226,1.71470046043396,monitor_data.speed
1764787940228,1.6522306203842163,monitor_data.speed
1764787940230,1.4594740867614746,monitor_data.speed
1764787940232,1.7449638843536377,monitor_data.speed
1764787940234,1.614129662513733,monitor_data.speed
1764787940237,1.748487114906311,monitor_data.speed
1764787940239,-4.397905349731445,monitor_data.speed
1764787940241,1.561928391456604,monitor_data.speed
1764787940243,1.4686084985733032,monitor_data.speed
1764787940245,1.3676820993423462,monitor_data.speed
1764787940196,0,monitor_data.speed_ref
1764787940198,0,monitor_data.speed_ref
1764787940200,0,monitor_data.speed_ref
1764787940202,0,monitor_data.speed_ref
1764787940204,0,monitor_data.speed_ref
1764787940206,0,monitor_data.speed_ref
1764787940208,0,monitor_data.speed_ref
1764787940210,0,monitor_data.speed_ref
1764787940211,0,monitor_data.speed_ref
1764787940212,0,monitor_data.speed_ref
1764787940214,0,monitor_data.speed_ref
1764787940215,0,monitor_data.speed_ref
1764787940216,0,monitor_data.speed_ref
1764787940218,0,monitor_data.speed_ref
1764787940219,0,monitor_data.speed_ref
1764787940222,0,monitor_data.speed_ref
1764787940224,0,monitor_data.speed_ref
1764787940226,0,monitor_data.speed_ref
1764787940228,0,monitor_data.speed_ref
1764787940230,0,monitor_data.speed_ref
1764787940232,0,monitor_data.speed_ref
1764787940234,0,monitor_data.speed_ref
1764787940237,0,monitor_data.speed_ref
1764787940239,0,monitor_data.speed_ref
1764787940241,0,monitor_data.speed_ref
1764787940243,0,monitor_data.speed_ref
1764787940245,0,monitor_data.speed_ref
1764787940248,1.2348356246948242,monitor_data.speed
1764787940249,1.095198392868042,monitor_data.speed
1764787940251,0.9582058787345886,monitor_data.speed
1764787940253,1.000049352645874,monitor_data.speed
1764787940255,0.89946049451828,monitor_data.speed
1764787940257,0.7299063801765442,monitor_data.speed
1764787940259,0.6104979515075684,monitor_data.speed
1764787940261,0.6275705695152283,monitor_data.speed
1764787940262,0.5849305987358093,monitor_data.speed
1764787940264,0.5092519521713257,monitor_data.speed
1764787940265,0.4905723035335541,monitor_data.speed
1764787940267,0.5261295437812805,monitor_data.speed
1764787940269,0.42761045694351196,monitor_data.speed
1764787940271,0.5610805749893188,monitor_data.speed
1764787940273,0.5446915626525879,monitor_data.speed
1764787940276,0.429741770029068,monitor_data.speed
1764787940278,0.40707623958587646,monitor_data.speed
1764787940280,0.33120962977409363,monitor_data.speed
1764787940282,0.43106114864349365,monitor_data.speed
1764787940284,0.35063081979751587,monitor_data.speed
1764787940286,0.27998873591423035,monitor_data.speed
1764787940288,0.23052479326725006,monitor_data.speed
1764787940291,0.1811618059873581,monitor_data.speed
1764787940293,0.15256346762180328,monitor_data.speed
1764787940295,0.40349993109703064,monitor_data.speed
1764787940296,0.33154574036598206,monitor_data.speed
1764787940298,0.38247185945510864,monitor_data.speed
1764787940248,0,monitor_data.speed_ref
1764787940249,0,monitor_data.speed_ref
1764787940251,0,monitor_data.speed_ref
1764787940253,0,monitor_data.speed_ref
1764787940255,0,monitor_data.speed_ref
1764787940257,0,monitor_data.speed_ref
1764787940259,0,monitor_data.speed_ref
1764787940261,0,monitor_data.speed_ref
1764787940262,0,monitor_data.speed_ref
1764787940264,0,monitor_data.speed_ref
1764787940265,0,monitor_data.speed_ref
1764787940267,0,monitor_data.speed_ref
1764787940269,0,monitor_data.speed_ref
1764787940271,0,monitor_data.speed_ref
1764787940273,0,monitor_data.speed_ref
1764787940276,0,monitor_data.speed_ref
1764787940278,0,monitor_data.speed_ref
1764787940280,0,monitor_data.speed_ref
1764787940282,0,monitor_data.speed_ref
1764787940284,0,monitor_data.speed_ref
1764787940286,0,monitor_data.speed_ref
1764787940288,0,monitor_data.speed_ref
1764787940291,0,monitor_data.speed_ref
1764787940293,0,monitor_data.speed_ref
1764787940295,0,monitor_data.speed_ref
1764787940296,0,monitor_data.speed_ref
1764787940298,0,monitor_data.speed_ref
1764787940301,0.3052583336830139,monitor_data.speed
1764787940303,0.30651822686195374,monitor_data.speed
1764787940305,0.30494916439056396,monitor_data.speed
1764787940307,0.23905059695243835,monitor_data.speed
1764787940309,0.19704119861125946,monitor_data.speed
1764787940311,0.2719310522079468,monitor_data.speed
1764787940313,0.23053351044654846,monitor_data.speed
1764787940314,0.36445319652557373,monitor_data.speed
1764787940316,0.3146195113658905,monitor_data.speed
1764787940317,0.48872554302215576,monitor_data.speed
1764787940319,0.4672374725341797,monitor_data.speed
1764787940321,0.39907321333885193,monitor_data.speed
1764787940323,0.47338053584098816,monitor_data.speed
1764787940325,0.5875024795532227,monitor_data.speed
1764787940327,0.594074547290802,monitor_data.speed
1764787940329,0.5678518414497375,monitor_data.speed
1764787940331,0.4568638205528259,monitor_data.speed
1764787940334,0.41930943727493286,monitor_data.speed
1764787940336,0.38488665223121643,monitor_data.speed
1764787940338,-5.503263473510742,monitor_data.speed
1764787940341,0.489022433757782,monitor_data.speed
1764787940343,0.45395657420158386,monitor_data.speed
1764787940345,0.4263409674167633,monitor_data.speed
1764787940346,0.3536809980869293,monitor_data.speed
1764787940349,0.3872652053833008,monitor_data.speed
1764787940301,0,monitor_data.speed_ref
1764787940303,0,monitor_data.speed_ref
1764787940305,0,monitor_data.speed_ref
1764787940307,0,monitor_data.speed_ref
1764787940309,0,monitor_data.speed_ref
1764787940311,0,monitor_data.speed_ref
1764787940313,0,monitor_data.speed_ref
1764787940314,0,monitor_data.speed_ref
1764787940316,0,monitor_data.speed_ref
1764787940317,0,monitor_data.speed_ref
1764787940319,0,monitor_data.speed_ref
1764787940321,0,monitor_data.speed_ref
1764787940323,0,monitor_data.speed_ref
1764787940325,0,monitor_data.speed_ref
1764787940327,0,monitor_data.speed_ref
1764787940329,0,monitor_data.speed_ref
1764787940331,0,monitor_data.speed_ref
1764787940334,0,monitor_data.speed_ref
1764787940336,0,monitor_data.speed_ref
1764787940338,0,monitor_data.speed_ref
1764787940341,0,monitor_data.speed_ref
1764787940343,0,monitor_data.speed_ref
1764787940345,0,monitor_data.speed_ref
1764787940346,0,monitor_data.speed_ref
1764787940349,0,monitor_data.speed_ref
1764787940350,0.3712875545024872,monitor_data.speed
1764787940352,0.47967973351478577,monitor_data.speed
1764787940354,0.4056541621685028,monitor_data.speed
1764787940356,0.3568072021007538,monitor_data.speed
1764787940358,0.40712130069732666,monitor_data.speed
1764787940360,0.44326427578926086,monitor_data.speed
1764787940362,0.3749579191207886,monitor_data.speed
1764787940364,0.3822481334209442,monitor_data.speed
1764787940365,0.33317235112190247,monitor_data.speed
1764787940367,0.27941858768463135,monitor_data.speed
1764787940369,0.22347338497638702,monitor_data.speed
1764787940371,0.23535948991775513,monitor_data.speed
1764787940374,0.28476226329803467,monitor_data.speed
1764787940376,0.29043668508529663,monitor_data.speed
1764787940378,0.23907025158405304,monitor_data.speed
1764787940380,0.2944519817829132,monitor_data.speed
1764787940382,0.29455092549324036,monitor_data.speed
1764787940384,0.29489636421203613,monitor_data.speed
1764787940386,0.30548468232154846,monitor_data.speed
1764787940388,0.25631260871887207,monitor_data.speed
1764787940390,0.20122012495994568,monitor_data.speed
1764787940392,0.16296012699604034,monitor_data.speed
1764787940395,0.1322898119688034,monitor_data.speed
1764787940397,0.10870720446109772,monitor_data.speed
1764787940398,0.09379968047142029,monitor_data.speed
1764787940350,0,monitor_data.speed_ref
1764787940352,0,monitor_data.speed_ref
1764787940354,0,monitor_data.speed_ref
1764787940356,0,monitor_data.speed_ref
1764787940358,0,monitor_data.speed_ref
1764787940360,0,monitor_data.speed_ref
1764787940362,0,monitor_data.speed_ref
1764787940364,0,monitor_data.speed_ref
1764787940365,0,monitor_data.speed_ref
1764787940367,0,monitor_data.speed_ref
1764787940369,0,monitor_data.speed_ref
1764787940371,0,monitor_data.speed_ref
1764787940374,0,monitor_data.speed_ref
1764787940376,0,monitor_data.speed_ref
1764787940378,0,monitor_data.speed_ref
1764787940380,0,monitor_data.speed_ref
1764787940382,0,monitor_data.speed_ref
1764787940384,0,monitor_data.speed_ref
1764787940386,0,monitor_data.speed_ref
1764787940388,0,monitor_data.speed_ref
1764787940390,0,monitor_data.speed_ref
1764787940392,0,monitor_data.speed_ref
1764787940395,0,monitor_data.speed_ref
1764787940397,0,monitor_data.speed_ref
1764787940398,0,monitor_data.speed_ref
1764787940400,0.13466776907444,monitor_data.speed
1764787940402,0.11270950734615326,monitor_data.speed
1764787940404,0.09456826746463776,monitor_data.speed
1764787940406,0.07677371054887772,monitor_data.speed
1764787940408,0.06431392580270767,monitor_data.speed
1764787940410,0.05505240708589554,monitor_data.speed
1764787940412,0.10077881067991257,monitor_data.speed
1764787940414,0.08626198768615723,monitor_data.speed
1764787940416,0.07535861432552338,monitor_data.speed
1764787940417,0.06426934152841568,monitor_data.speed
1764787940419,0.10955356806516647,monitor_data.speed
1764787940421,0.15108616650104523,monitor_data.speed
1764787940423,0.12509460747241974,monitor_data.speed
1764787940425,0.22140228748321533,monitor_data.speed
1764787940427,0.18260648846626282,monitor_data.speed
1764787940428,0.15523798763751984,monitor_data.speed
1764787940430,0.12970395386219025,monitor_data.speed
1764787940432,0.16865168511867523,monitor_data.speed
1764787940434,0.18596090376377106,monitor_data.speed
1764787940436,0.20733048021793365,monitor_data.speed
1764787940438,0.16157302260398865,monitor_data.speed
1764787940442,0.1228334978222847,monitor_data.speed
1764787940444,0.21533161401748657,monitor_data.speed
1764787940446,0.18282335996627808,monitor_data.speed
1764787940448,0.15105247497558594,monitor_data.speed
1764787940400,0,monitor_data.speed_ref
1764787940402,0,monitor_data.speed_ref
1764787940404,0,monitor_data.speed_ref
1764787940406,0,monitor_data.speed_ref
1764787940408,0,monitor_data.speed_ref
1764787940410,0,monitor_data.speed_ref
1764787940412,0,monitor_data.speed_ref
1764787940414,0,monitor_data.speed_ref
1764787940416,0,monitor_data.speed_ref
1764787940417,0,monitor_data.speed_ref
1764787940419,0,monitor_data.speed_ref
1764787940421,0,monitor_data.speed_ref
1764787940423,0,monitor_data.speed_ref
1764787940425,0,monitor_data.speed_ref
1764787940427,0,monitor_data.speed_ref
1764787940428,0,monitor_data.speed_ref
1764787940430,0,monitor_data.speed_ref
1764787940432,0,monitor_data.speed_ref
1764787940434,0,monitor_data.speed_ref
1764787940436,0,monitor_data.speed_ref
1764787940438,0,monitor_data.speed_ref
1764787940442,0,monitor_data.speed_ref
1764787940444,0,monitor_data.speed_ref
1764787940446,0,monitor_data.speed_ref
1764787940448,0,monitor_data.speed_ref
1764787940449,0.12743693590164185,monitor_data.speed
1764787940451,0.10772942006587982,monitor_data.speed
1764787940453,0.0904538705945015,monitor_data.speed
1764787940455,0.07221178710460663,monitor_data.speed
1764787940458,0.11283241957426071,monitor_data.speed
1764787940460,0.09295199811458588,monitor_data.speed
1764787940463,0.07685429602861404,monitor_data.speed
1764787940464,0.11740698665380478,monitor_data.speed
1764787940466,0.09844920784235,monitor_data.speed
1764787940469,0.08057596534490585,monitor_data.speed
1764787940471,0.06742382049560547,monitor_data.speed
1764787940473,0.05293375253677368,monitor_data.speed
1764787940475,0.04408937692642212,monitor_data.speed
1764787940478,0.03642929345369339,monitor_data.speed
1764787940480,0.031547944992780685,monitor_data.speed
1764787940482,0.027323460206389427,monitor_data.speed
1764787940484,0.023407265543937683,monitor_data.speed
1764787940487,0.020179802551865578,monitor_data.speed
1764787940489,0.017644058912992477,monitor_data.speed
1764787940491,0.015651779249310493,monitor_data.speed
1764787940494,0.06459670513868332,monitor_data.speed
1764787940495,0.10935503989458084,monitor_data.speed
1764787940499,0.07524328678846359,monitor_data.speed
1764787940449,0,monitor_data.speed_ref
1764787940451,0,monitor_data.speed_ref
1764787940453,0,monitor_data.speed_ref
1764787940455,0,monitor_data.speed_ref
1764787940458,0,monitor_data.speed_ref
1764787940460,0,monitor_data.speed_ref
1764787940463,0,monitor_data.speed_ref
1764787940464,0,monitor_data.speed_ref
1764787940466,0,monitor_data.speed_ref
1764787940469,0,monitor_data.speed_ref
1764787940471,0,monitor_data.speed_ref
1764787940473,0,monitor_data.speed_ref
1764787940475,0,monitor_data.speed_ref
1764787940478,0,monitor_data.speed_ref
1764787940480,0,monitor_data.speed_ref
1764787940482,0,monitor_data.speed_ref
1764787940484,0,monitor_data.speed_ref
1764787940487,0,monitor_data.speed_ref
1764787940489,0,monitor_data.speed_ref
1764787940491,0,monitor_data.speed_ref
1764787940494,0,monitor_data.speed_ref
1764787940495,0,monitor_data.speed_ref
1764787940499,0,monitor_data.speed_ref
1764787940501,0.12104231119155884,monitor_data.speed
1764787940503,0.10334295779466629,monitor_data.speed
1764787940504,0.09004927426576614,monitor_data.speed
1764787940507,0.07384232431650162,monitor_data.speed
1764787940508,0.06355605274438858,monitor_data.speed
1764787940511,0.05216196924448013,monitor_data.speed
1764787940513,0.044911425560712814,monitor_data.speed
1764787940514,0.038860730826854706,monitor_data.speed
1764787940516,0.03485585004091263,monitor_data.speed
1764787940517,0.03069266676902771,monitor_data.speed
1764787940519,0.02718333527445793,monitor_data.speed
1764787940521,0.02344704046845436,monitor_data.speed
1764787940523,0.0205741748213768,monitor_data.speed
1764787940525,0.07080917805433273,monitor_data.speed
1764787940527,0.059435512870550156,monitor_data.speed
1764787940529,0.05055495724081993,monitor_data.speed
1764787940532,0.041844114661216736,monitor_data.speed
1764787940534,0.03493106737732887,monitor_data.speed
1764787940536,0.030090536922216415,monitor_data.speed
1764787940538,0.02525988034904003,monitor_data.speed
1764787940541,0.02150249294936657,monitor_data.speed
1764787940543,0.018787657842040062,monitor_data.speed
1764787940545,0.016716815531253815,monitor_data.speed
1764787940547,0.01526210643351078,monitor_data.speed
1764787940549,0.013946606777608395,monitor_data.speed
1764787940501,0,monitor_data.speed_ref
1764787940503,0,monitor_data.speed_ref
1764787940504,0,monitor_data.speed_ref
1764787940507,0,monitor_data.speed_ref
1764787940508,0,monitor_data.speed_ref
1764787940511,0,monitor_data.speed_ref
1764787940513,0,monitor_data.speed_ref
1764787940514,0,monitor_data.speed_ref
1764787940516,0,monitor_data.speed_ref
1764787940517,0,monitor_data.speed_ref
1764787940519,0,monitor_data.speed_ref
1764787940521,0,monitor_data.speed_ref
1764787940523,0,monitor_data.speed_ref
1764787940525,0,monitor_data.speed_ref
1764787940527,0,monitor_data.speed_ref
1764787940529,0,monitor_data.speed_ref
1764787940532,0,monitor_data.speed_ref
1764787940534,0,monitor_data.speed_ref
1764787940536,0,monitor_data.speed_ref
1764787940538,0,monitor_data.speed_ref
1764787940541,0,monitor_data.speed_ref
1764787940543,0,monitor_data.speed_ref
1764787940545,0,monitor_data.speed_ref
1764787940547,0,monitor_data.speed_ref
1764787940549,0,monitor_data.speed_ref
1764787940551,0.01288140844553709,monitor_data.speed
1764787940554,0.011982180178165436,monitor_data.speed
1764787940556,0.011146548204123974,monitor_data.speed
1764787940558,0.010614123195409775,monitor_data.speed
1764787940560,0.06817230582237244,monitor_data.speed
1764787940563,0.05678948014974594,monitor_data.speed
1764787940565,0.048368893563747406,monitor_data.speed
1764787940566,0.04208339378237724,monitor_data.speed
1764787940568,0.036500703543424606,monitor_data.speed
1764787940570,0.03184187412261963,monitor_data.speed
1764787940572,0.026622114703059196,monitor_data.speed
1764787940574,0.023145120590925217,monitor_data.speed
1764787940577,0.019404074177145958,monitor_data.speed
1764787940579,0.017210951074957848,monitor_data.speed
1764787940582,0.015311491675674915,monitor_data.speed
1764787940584,0.013819131068885326,monitor_data.speed
1764787940586,0.012733889743685722,monitor_data.speed
1764787940589,0.011658193543553352,monitor_data.speed
1764787940591,0.011028416454792023,monitor_data.speed
1764787940594,0.010518468916416168,monitor_data.speed
1764787940595,0.010141229256987572,monitor_data.speed
1764787940597,0.009829564020037651,monitor_data.speed
1764787940599,0.009547725319862366,monitor_data.speed
1764787940551,0,monitor_data.speed_ref
1764787940554,0,monitor_data.speed_ref
1764787940556,0,monitor_data.speed_ref
1764787940558,0,monitor_data.speed_ref
1764787940560,0,monitor_data.speed_ref
1764787940563,0,monitor_data.speed_ref
1764787940565,0,monitor_data.speed_ref
1764787940566,0,monitor_data.speed_ref
1764787940568,0,monitor_data.speed_ref
1764787940570,0,monitor_data.speed_ref
1764787940572,0,monitor_data.speed_ref
1764787940574,0,monitor_data.speed_ref
1764787940577,0,monitor_data.speed_ref
1764787940579,0,monitor_data.speed_ref
1764787940582,0,monitor_data.speed_ref
1764787940584,0,monitor_data.speed_ref
1764787940586,0,monitor_data.speed_ref
1764787940589,0,monitor_data.speed_ref
1764787940591,0,monitor_data.speed_ref
1764787940594,0,monitor_data.speed_ref
1764787940595,0,monitor_data.speed_ref
1764787940597,0,monitor_data.speed_ref
1764787940599,0,monitor_data.speed_ref
1764787940602,0.009300179779529572,monitor_data.speed
1764787940604,0.009103716351091862,monitor_data.speed
1764787940607,0.00889047421514988,monitor_data.speed
1764787940609,0.06507232785224915,monitor_data.speed
1764787940611,0.05427933856844902,monitor_data.speed
1764787940613,0.04629509150981903,monitor_data.speed
1764787940615,0.04033530130982399,monitor_data.speed
1764787940617,0.03531152755022049,monitor_data.speed
1764787940619,0.030181188136339188,monitor_data.speed
1764787940621,0.025850215926766396,monitor_data.speed
1764787940623,0.022520095109939575,monitor_data.speed
1764787940625,0.020174862816929817,monitor_data.speed
1764787940627,0.01802133210003376,monitor_data.speed
1764787940629,0.016259944066405296,monitor_data.speed
1764787940631,0.0147545812651515,monitor_data.speed
1764787940633,0.01353564951568842,monitor_data.speed
1764787940635,0.01254864688962698,monitor_data.speed
1764787940637,0.011715429835021496,monitor_data.speed
1764787940640,0.01104749832302332,monitor_data.speed
1764787940642,0.010512064211070538,monitor_data.speed
1764787940644,0.010065496899187565,monitor_data.speed
1764787940646,0.009711092337965965,monitor_data.speed
1764787940649,0.00944075733423233,monitor_data.speed
1764787940651,0.00923288706690073,monitor_data.speed
1764787940602,0,monitor_data.speed_ref
1764787940604,0,monitor_data.speed_ref
1764787940607,0,monitor_data.speed_ref
1764787940609,0,monitor_data.speed_ref
1764787940611,0,monitor_data.speed_ref
1764787940613,0,monitor_data.speed_ref
1764787940615,0,monitor_data.speed_ref
1764787940617,0,monitor_data.speed_ref
1764787940619,0,monitor_data.speed_ref
1764787940621,0,monitor_data.speed_ref
1764787940623,0,monitor_data.speed_ref
1764787940625,0,monitor_data.speed_ref
1764787940627,0,monitor_data.speed_ref
1764787940629,0,monitor_data.speed_ref
1764787940631,0,monitor_data.speed_ref
1764787940633,0,monitor_data.speed_ref
1764787940635,0,monitor_data.speed_ref
1764787940637,0,monitor_data.speed_ref
1764787940640,0,monitor_data.speed_ref
1764787940642,0,monitor_data.speed_ref
1764787940644,0,monitor_data.speed_ref
1764787940646,0,monitor_data.speed_ref
1764787940649,0,monitor_data.speed_ref
1764787940651,0,monitor_data.speed_ref
1764787940653,0.009064567275345325,monitor_data.speed
1764787940655,0.008916730992496014,monitor_data.speed
1764787940657,0.008794896304607391,monitor_data.speed
1764787940659,0.008713566698133945,monitor_data.speed
1764787940662,0.008644059300422668,monitor_data.speed
1764787940664,0.008590195327997208,monitor_data.speed
1764787940666,0.008544161915779114,monitor_data.speed
1764787940668,0.008506886661052704,monitor_data.speed
1764787940670,0.008476704359054565,monitor_data.speed
1764787940672,0.008450194261968136,monitor_data.speed
1764787940674,0.008430799469351768,monitor_data.speed
1764787940676,0.008414425887167454,monitor_data.speed
1764787940679,0.008400244638323784,monitor_data.speed
1764787940681,0.008390353061258793,monitor_data.speed
1764787940683,0.00838166568428278,monitor_data.speed
1764787940686,0.008374504745006561,monitor_data.speed
1764787940688,0.00836929865181446,monitor_data.speed
1764787940690,0.008364623412489891,monitor_data.speed
1764787940692,0.008361510001122952,monitor_data.speed
1764787940695,0.008358567021787167,monitor_data.speed
1764787940697,0.008356605656445026,monitor_data.speed
1764787940699,0.00835494976490736,monitor_data.speed
1764787940701,0.008353786543011665,monitor_data.speed
1764787940653,0,monitor_data.speed_ref
1764787940655,0,monitor_data.speed_ref
1764787940657,0,monitor_data.speed_ref
1764787940659,0,monitor_data.speed_ref
1764787940662,0,monitor_data.speed_ref
1764787940664,0,monitor_data.speed_ref
1764787940666,0,monitor_data.speed_ref
1764787940668,0,monitor_data.speed_ref
1764787940670,0,monitor_data.speed_ref
1764787940672,0,monitor_data.speed_ref
1764787940674,0,monitor_data.speed_ref
1764787940676,0,monitor_data.speed_ref
1764787940679,0,monitor_data.speed_ref
1764787940681,0,monitor_data.speed_ref
1764787940683,0,monitor_data.speed_ref
1764787940686,0,monitor_data.speed_ref
1764787940688,0,monitor_data.speed_ref
1764787940690,0,monitor_data.speed_ref
1764787940692,0,monitor_data.speed_ref
1764787940695,0,monitor_data.speed_ref
1764787940697,0,monitor_data.speed_ref
1764787940699,0,monitor_data.speed_ref
1764787940701,0,monitor_data.speed_ref
1764787940703,0.00835273414850235,monitor_data.speed
1764787940705,0.008351809345185757,monitor_data.speed
1764787940707,0.008351162075996399,monitor_data.speed
1764787940710,0.008350634016096592,monitor_data.speed
1764787940711,0.008350281044840813,monitor_data.speed
1764787940713,0.008349847048521042,monitor_data.speed
1764787940716,0.008349532261490822,monitor_data.speed
1764787940717,0.008349331095814705,monitor_data.speed
1764787940719,0.008349200710654259,monitor_data.speed
1764787940720,0.008349076844751835,monitor_data.speed
1764787940722,0.00834890827536583,monitor_data.speed
1764787940724,0.008348805829882622,monitor_data.speed
1764787940726,0.008348710834980011,monitor_data.speed
1764787940728,0.008348616771399975,monitor_data.speed
1764787940731,0.008348541334271431,monitor_data.speed
1764787940733,0.008348490111529827,monitor_data.speed
1764787940735,0.008348443545401096,monitor_data.speed
1764787940737,0.008348409086465836,monitor_data.speed
1764787940739,0.008348376490175724,monitor_data.speed
1764787940742,0.00834835134446621,monitor_data.speed
1764787940744,0.008348334580659866,monitor_data.speed
1764787940746,0.00834832526743412,monitor_data.speed
1764787940747,0.0083483150228858,monitor_data.speed
1764787940749,0.008348305709660053,monitor_data.speed
1764787940751,0.008348293602466583,monitor_data.speed
1764787940703,0,monitor_data.speed_ref
1764787940705,0,monitor_data.speed_ref
1764787940707,0,monitor_data.speed_ref
1764787940710,0,monitor_data.speed_ref
1764787940711,0,monitor_data.speed_ref
1764787940713,0,monitor_data.speed_ref
1764787940716,0,monitor_data.speed_ref
1764787940717,0,monitor_data.speed_ref
1764787940719,0,monitor_data.speed_ref
1764787940720,0,monitor_data.speed_ref
1764787940722,0,monitor_data.speed_ref
1764787940724,0,monitor_data.speed_ref
1764787940726,0,monitor_data.speed_ref
1764787940728,0,monitor_data.speed_ref
1764787940731,0,monitor_data.speed_ref
1764787940733,0,monitor_data.speed_ref
1764787940735,0,monitor_data.speed_ref
1764787940737,0,monitor_data.speed_ref
1764787940739,0,monitor_data.speed_ref
1764787940742,0,monitor_data.speed_ref
1764787940744,0,monitor_data.speed_ref
1764787940746,0,monitor_data.speed_ref
1764787940747,0,monitor_data.speed_ref
1764787940749,0,monitor_data.speed_ref
1764787940751,0,monitor_data.speed_ref
1764787940753,0.008348285220563412,monitor_data.speed
1764787940755,0.008348285220563412,monitor_data.speed
1764787940757,0.008348285220563412,monitor_data.speed
1764787940759,0.008348285220563412,monitor_data.speed
1764787940761,0.008348285220563412,monitor_data.speed
1764787940762,0.008348285220563412,monitor_data.speed
1764787940764,0.008348285220563412,monitor_data.speed
1764787940766,0.008348285220563412,monitor_data.speed
1764787940767,0.008348285220563412,monitor_data.speed
1764787940769,0.008348285220563412,monitor_data.speed
1764787940771,0.008348285220563412,monitor_data.speed
1764787940773,0.008348285220563412,monitor_data.speed
1764787940775,0.008348285220563412,monitor_data.speed
1764787940777,0.008348285220563412,monitor_data.speed
1764787940779,0.008348285220563412,monitor_data.speed
1764787940781,0.008348285220563412,monitor_data.speed
1764787940783,0.008348285220563412,monitor_data.speed
1764787940784,0.008348285220563412,monitor_data.speed
1764787940786,0.008348285220563412,monitor_data.speed
1764787940788,0.008348285220563412,monitor_data.speed
1764787940790,0.008348285220563412,monitor_data.speed
1764787940792,0.008348285220563412,monitor_data.speed
1764787940794,0.008348285220563412,monitor_data.speed
1764787940796,0.008348285220563412,monitor_data.speed
1764787940798,0.008348285220563412,monitor_data.speed
1764787940799,0.008348285220563412,monitor_data.speed
1764787940801,0.008348285220563412,monitor_data.speed
1764787940803,0.008348285220563412,monitor_data.speed
1764787940805,0.008348285220563412,monitor_data.speed
1764787940753,0,monitor_data.speed_ref
1764787940755,0,monitor_data.speed_ref
1764787940757,0,monitor_data.speed_ref
1764787940759,0,monitor_data.speed_ref
1764787940761,0,monitor_data.speed_ref
1764787940762,0,monitor_data.speed_ref
1764787940764,0,monitor_data.speed_ref
1764787940766,0,monitor_data.speed_ref
1764787940767,0,monitor_data.speed_ref
1764787940769,0,monitor_data.speed_ref
1764787940771,0,monitor_data.speed_ref
1764787940773,0,monitor_data.speed_ref
1764787940775,0,monitor_data.speed_ref
1764787940777,0,monitor_data.speed_ref
1764787940779,0,monitor_data.speed_ref
1764787940781,0,monitor_data.speed_ref
1764787940783,0,monitor_data.speed_ref
1764787940784,0,monitor_data.speed_ref
1764787940786,0,monitor_data.speed_ref
1764787940788,0,monitor_data.speed_ref
1764787940790,0,monitor_data.speed_ref
1764787940792,0,monitor_data.speed_ref
1764787940794,0,monitor_data.speed_ref
1764787940796,0,monitor_data.speed_ref
1764787940798,0,monitor_data.speed_ref
1764787940799,0,monitor_data.speed_ref
1764787940801,0,monitor_data.speed_ref
1764787940803,0,monitor_data.speed_ref
1764787940805,0,monitor_data.speed_ref
1764787940807,0.008348285220563412,monitor_data.speed
1764787940809,0.008348285220563412,monitor_data.speed
1764787940811,0.008348285220563412,monitor_data.speed
1764787940813,0.008348285220563412,monitor_data.speed
1764787940815,0.008348285220563412,monitor_data.speed
1764787940817,0.008348285220563412,monitor_data.speed
1764787940819,0.008348285220563412,monitor_data.speed
1764787940820,0.008348285220563412,monitor_data.speed
1764787940822,0.008348285220563412,monitor_data.speed
1764787940824,0.008348285220563412,monitor_data.speed
1764787940826,0.008348285220563412,monitor_data.speed
1764787940828,0.008348285220563412,monitor_data.speed
1764787940830,0.008348285220563412,monitor_data.speed
1764787940832,0.008348285220563412,monitor_data.speed
1764787940834,0.008348285220563412,monitor_data.speed
1764787940836,0.008348285220563412,monitor_data.speed
1764787940838,0.008348285220563412,monitor_data.speed
1764787940840,0.008348285220563412,monitor_data.speed
1764787940842,0.008348285220563412,monitor_data.speed
1764787940844,0.008348285220563412,monitor_data.speed
1764787940846,-0.04326697438955307,monitor_data.speed
1764787940848,5.65974760055542,monitor_data.speed
1764787940850,-0.46706780791282654,monitor_data.speed
1764787940852,5.093973636627197,monitor_data.speed
1764787940855,4.12399959564209,monitor_data.speed
1764787940807,0,monitor_data.speed_ref
1764787940809,0,monitor_data.speed_ref
1764787940811,0,monitor_data.speed_ref
1764787940813,0,monitor_data.speed_ref
1764787940815,0,monitor_data.speed_ref
1764787940817,0,monitor_data.speed_ref
1764787940819,0,monitor_data.speed_ref
1764787940820,0,monitor_data.speed_ref
1764787940822,0,monitor_data.speed_ref
1764787940824,0,monitor_data.speed_ref
1764787940826,0,monitor_data.speed_ref
1764787940828,0,monitor_data.speed_ref
1764787940830,0,monitor_data.speed_ref
1764787940832,0,monitor_data.speed_ref
1764787940834,0,monitor_data.speed_ref
1764787940836,0,monitor_data.speed_ref
1764787940838,0,monitor_data.speed_ref
1764787940840,0,monitor_data.speed_ref
1764787940842,0,monitor_data.speed_ref
1764787940844,0,monitor_data.speed_ref
1764787940846,0,monitor_data.speed_ref
1764787940848,0,monitor_data.speed_ref
1764787940850,0,monitor_data.speed_ref
1764787940852,0,monitor_data.speed_ref
1764787940855,0,monitor_data.speed_ref
1764787940857,3.3409042358398438,monitor_data.speed
1764787940859,2.7068099975585938,monitor_data.speed
1764787940861,2.2154386043548584,monitor_data.speed
1764787940863,1.8317779302597046,monitor_data.speed
1764787940865,1.4554494619369507,monitor_data.speed
1764787940867,1.2281734943389893,monitor_data.speed
1764787940869,0.9667382836341858,monitor_data.speed
1764787940872,0.7613340020179749,monitor_data.speed
1764787940874,0.5335663557052612,monitor_data.speed
1764787940876,5.64433479309082,monitor_data.speed
1764787940879,4.578988552093506,monitor_data.speed
1764787940881,3.709322452545166,monitor_data.speed
1764787940883,2.975161075592041,monitor_data.speed
1764787940885,2.4106578826904297,monitor_data.speed
1764787940887,1.9535664319992065,monitor_data.speed
1764787940889,6.736145496368408,monitor_data.speed
1764787940891,5.566647052764893,monitor_data.speed
1764787940894,4.464053153991699,monitor_data.speed
1764787940896,9.062644004821777,monitor_data.speed
1764787940898,7.462820529937744,monitor_data.speed
1764787940900,11.964804649353027,monitor_data.speed
1764787940902,9.986169815063477,monitor_data.speed
1764787940904,13.575993537902832,monitor_data.speed
1764787940906,15.758460998535156,monitor_data.speed
1764787940857,0,monitor_data.speed_ref
1764787940859,0,monitor_data.speed_ref
1764787940861,0,monitor_data.speed_ref
1764787940863,0,monitor_data.speed_ref
1764787940865,0,monitor_data.speed_ref
1764787940867,0,monitor_data.speed_ref
1764787940869,0,monitor_data.speed_ref
1764787940872,0,monitor_data.speed_ref
1764787940874,0,monitor_data.speed_ref
1764787940876,0,monitor_data.speed_ref
1764787940879,0,monitor_data.speed_ref
1764787940881,0,monitor_data.speed_ref
1764787940883,0,monitor_data.speed_ref
1764787940885,0,monitor_data.speed_ref
1764787940887,0,monitor_data.speed_ref
1764787940889,0,monitor_data.speed_ref
1764787940891,0,monitor_data.speed_ref
1764787940894,0,monitor_data.speed_ref
1764787940896,0,monitor_data.speed_ref
1764787940898,0,monitor_data.speed_ref
1764787940900,0,monitor_data.speed_ref
1764787940902,0,monitor_data.speed_ref
1764787940904,0,monitor_data.speed_ref
1764787940906,0,monitor_data.speed_ref
1764787940908,18.637245178222656,monitor_data.speed
1764787940909,21.49856948852539,monitor_data.speed
1764787940911,22.92609214782715,monitor_data.speed
1764787940914,23.759170532226562,monitor_data.speed
1764787940916,29.8299503326416,monitor_data.speed
1764787940918,29.9449520111084,monitor_data.speed
1764787940920,34.760215759277344,monitor_data.speed
1764787940922,39.546348571777344,monitor_data.speed
1764787940923,39.08109664916992,monitor_data.speed
1764787940925,50.07541275024414,monitor_data.speed
1764787940927,58.240234375,monitor_data.speed
1764787940929,74.71369171142578,monitor_data.speed
1764787940930,88.07256317138672,monitor_data.speed
1764787940933,110.79560089111328,monitor_data.speed
1764787940935,141.59620666503906,monitor_data.speed
1764787940937,179.82693481445312,monitor_data.speed
1764787940940,244.7725067138672,monitor_data.speed
1764787940942,296.8108215332031,monitor_data.speed
1764787940944,363.04119873046875,monitor_data.speed
1764787940946,448.3504943847656,monitor_data.speed
1764787940949,539.4393920898438,monitor_data.speed
1764787940951,601.1763305664062,monitor_data.speed
1764787940953,666.8908081054688,monitor_data.speed
1764787940956,741.826416015625,monitor_data.speed
1764787940908,0,monitor_data.speed_ref
1764787940909,0,monitor_data.speed_ref
1764787940911,0,monitor_data.speed_ref
1764787940914,0,monitor_data.speed_ref
1764787940916,0,monitor_data.speed_ref
1764787940918,0,monitor_data.speed_ref
1764787940920,0,monitor_data.speed_ref
1764787940922,0,monitor_data.speed_ref
1764787940923,0,monitor_data.speed_ref
1764787940925,0,monitor_data.speed_ref
1764787940927,0,monitor_data.speed_ref
1764787940929,0,monitor_data.speed_ref
1764787940930,0,monitor_data.speed_ref
1764787940933,0,monitor_data.speed_ref
1764787940935,0,monitor_data.speed_ref
1764787940937,0,monitor_data.speed_ref
1764787940940,0,monitor_data.speed_ref
1764787940942,0,monitor_data.speed_ref
1764787940944,0,monitor_data.speed_ref
1764787940946,0,monitor_data.speed_ref
1764787940949,0,monitor_data.speed_ref
1764787940951,0,monitor_data.speed_ref
1764787940953,0,monitor_data.speed_ref
1764787940956,0,monitor_data.speed_ref
1764787940958,817.3423461914062,monitor_data.speed
1764787940960,871.1969604492188,monitor_data.speed
1764787940962,921.5451049804688,monitor_data.speed
1764787940964,974.0711669921875,monitor_data.speed
1764787940966,1027.3599853515625,monitor_data.speed
1764787940968,1088.4344482421875,monitor_data.speed
1764787940970,1148.628173828125,monitor_data.speed
1764787940973,1202.361328125,monitor_data.speed
1764787940975,1214.2176513671875,monitor_data.speed
1764787940976,1244.7115478515625,monitor_data.speed
1764787940978,1270.07666015625,monitor_data.speed
1764787940980,1316.62939453125,monitor_data.speed
1764787940981,1350.828857421875,monitor_data.speed
1764787940983,1370.166748046875,monitor_data.speed
1764787940986,1395.71337890625,monitor_data.speed
1764787940988,1429.8336181640625,monitor_data.speed
1764787940990,1457.4234619140625,monitor_data.speed
1764787940992,1472.4593505859375,monitor_data.speed
1764787940994,1507.884521484375,monitor_data.speed
1764787940996,1526.74853515625,monitor_data.speed
1764787940998,1526.9951171875,monitor_data.speed
1764787941000,1530.0029296875,monitor_data.speed
1764787941002,1548.0823974609375,monitor_data.speed
1764787941004,1560.285400390625,monitor_data.speed
1764787941006,1566.0919189453125,monitor_data.speed
1764787940958,0,monitor_data.speed_ref
1764787940960,0,monitor_data.speed_ref
1764787940962,0,monitor_data.speed_ref
1764787940964,0,monitor_data.speed_ref
1764787940966,0,monitor_data.speed_ref
1764787940968,0,monitor_data.speed_ref
1764787940970,0,monitor_data.speed_ref
1764787940973,0,monitor_data.speed_ref
1764787940975,0,monitor_data.speed_ref
1764787940976,0,monitor_data.speed_ref
1764787940978,0,monitor_data.speed_ref
1764787940980,0,monitor_data.speed_ref
1764787940981,0,monitor_data.speed_ref
1764787940983,0,monitor_data.speed_ref
1764787940986,0,monitor_data.speed_ref
1764787940988,0,monitor_data.speed_ref
1764787940990,0,monitor_data.speed_ref
1764787940992,0,monitor_data.speed_ref
1764787940994,0,monitor_data.speed_ref
1764787940996,0,monitor_data.speed_ref
1764787940998,0,monitor_data.speed_ref
1764787941000,0,monitor_data.speed_ref
1764787941002,0,monitor_data.speed_ref
1764787941004,0,monitor_data.speed_ref
1764787941006,0,monitor_data.speed_ref
1764787941008,1578.807861328125,monitor_data.speed
1764787941010,1604.6026611328125,monitor_data.speed
1764787941012,1613.306884765625,monitor_data.speed
1764787941013,1607.4833984375,monitor_data.speed
1764787941015,1607.0191650390625,monitor_data.speed
1764787941017,1611.0947265625,monitor_data.speed
1764787941019,1650.8765869140625,monitor_data.speed
1764787941021,1657.7860107421875,monitor_data.speed
1764787941023,1661.626953125,monitor_data.speed
1764787941024,1656.725830078125,monitor_data.speed
1764787941026,1666.007080078125,monitor_data.speed
1764787941028,1678.649658203125,monitor_data.speed
1764787941030,1680.9766845703125,monitor_data.speed
1764787941032,1690.1485595703125,monitor_data.speed
1764787941034,1690.26171875,monitor_data.speed
1764787941036,1682.0167236328125,monitor_data.speed
1764787941038,1679.772705078125,monitor_data.speed
1764787941040,1696.6522216796875,monitor_data.speed
1764787941042,1693.1905517578125,monitor_data.speed
1764787941045,1702.7149658203125,monitor_data.speed
1764787941047,1717.4713134765625,monitor_data.speed
1764787941049,1716.7750244140625,monitor_data.speed
1764787941051,1703.986328125,monitor_data.speed
1764787941054,1746.2591552734375,monitor_data.speed
1764787941056,1747.1839599609375,monitor_data.speed
1764787941058,1749.4171142578125,monitor_data.speed
1764787941060,1757.8160400390625,monitor_data.speed
1764787941062,1753.434814453125,monitor_data.speed
1764787941008,0,monitor_data.speed_ref
1764787941010,0,monitor_data.speed_ref
1764787941012,0,monitor_data.speed_ref
1764787941013,0,monitor_data.speed_ref
1764787941015,0,monitor_data.speed_ref
1764787941017,0,monitor_data.speed_ref
1764787941019,0,monitor_data.speed_ref
1764787941021,0,monitor_data.speed_ref
1764787941023,0,monitor_data.speed_ref
1764787941024,0,monitor_data.speed_ref
1764787941026,0,monitor_data.speed_ref
1764787941028,0,monitor_data.speed_ref
1764787941030,0,monitor_data.speed_ref
1764787941032,0,monitor_data.speed_ref
1764787941034,0,monitor_data.speed_ref
1764787941036,0,monitor_data.speed_ref
1764787941038,0,monitor_data.speed_ref
1764787941040,0,monitor_data.speed_ref
1764787941042,0,monitor_data.speed_ref
1764787941045,0,monitor_data.speed_ref
1764787941047,0,monitor_data.speed_ref
1764787941049,0,monitor_data.speed_ref
1764787941051,0,monitor_data.speed_ref
1764787941054,0,monitor_data.speed_ref
1764787941056,0,monitor_data.speed_ref
1764787941058,0,monitor_data.speed_ref
1764787941060,0,monitor_data.speed_ref
1764787941062,0,monitor_data.speed_ref
1764787941065,1749.7188720703125,monitor_data.speed
1764787941067,1745.8505859375,monitor_data.speed
1764787941069,1732.042724609375,monitor_data.speed
1764787941071,1722.271240234375,monitor_data.speed
1764787941073,1734.51416015625,monitor_data.speed
1764787941075,1734.32763671875,monitor_data.speed
1764787941077,1728.082275390625,monitor_data.speed
1764787941079,1744.509521484375,monitor_data.speed
1764787941081,1747.63525390625,monitor_data.speed
1764787941083,1744.51904296875,monitor_data.speed
1764787941085,1736.5850830078125,monitor_data.speed
1764787941087,1723.9971923828125,monitor_data.speed
1764787941089,1755.04345703125,monitor_data.speed
1764787941092,1755.14501953125,monitor_data.speed
1764787941094,1755.5682373046875,monitor_data.speed
1764787941095,1755.9879150390625,monitor_data.speed
1764787941097,1755.9801025390625,monitor_data.speed
1764787941099,1750.12744140625,monitor_data.speed
1764787941101,1756.3494873046875,monitor_data.speed
1764787941103,1735.2037353515625,monitor_data.speed
1764787941106,1728.5159912109375,monitor_data.speed
1764787941108,1739.5255126953125,monitor_data.speed
1764787941110,1732.8529052734375,monitor_data.speed
1764787941112,1735.6376953125,monitor_data.speed
1764787941065,0,monitor_data.speed_ref
1764787941067,0,monitor_data.speed_ref
1764787941069,0,monitor_data.speed_ref
1764787941071,0,monitor_data.speed_ref
1764787941073,0,monitor_data.speed_ref
1764787941075,0,monitor_data.speed_ref
1764787941077,0,monitor_data.speed_ref
1764787941079,0,monitor_data.speed_ref
1764787941081,0,monitor_data.speed_ref
1764787941083,0,monitor_data.speed_ref
1764787941085,0,monitor_data.speed_ref
1764787941087,0,monitor_data.speed_ref
1764787941089,0,monitor_data.speed_ref
1764787941092,0,monitor_data.speed_ref
1764787941094,0,monitor_data.speed_ref
1764787941095,0,monitor_data.speed_ref
1764787941097,0,monitor_data.speed_ref
1764787941099,0,monitor_data.speed_ref
1764787941101,0,monitor_data.speed_ref
1764787941103,0,monitor_data.speed_ref
1764787941106,0,monitor_data.speed_ref
1764787941108,0,monitor_data.speed_ref
1764787941110,0,monitor_data.speed_ref
1764787941112,0,monitor_data.speed_ref
1764787941114,1743.6724853515625,monitor_data.speed
1764787941116,1757.1602783203125,monitor_data.speed
1764787941117,1740.67431640625,monitor_data.speed
1764787941119,1747.9205322265625,monitor_data.speed
1764787941120,1744.6875,monitor_data.speed
1764787941123,1797.1285400390625,monitor_data.speed
1764787941125,1785.91015625,monitor_data.speed
1764787941126,1776.96826171875,monitor_data.speed
1764787941128,1767.5638427734375,monitor_data.speed
1764787941130,1782.04638671875,monitor_data.speed
1764787941132,1772.4229736328125,monitor_data.speed
1764787941135,1768.4337158203125,monitor_data.speed
1764787941137,1749.5,monitor_data.speed
1764787941139,1744.8531494140625,monitor_data.speed
1764787941141,1741.1488037109375,monitor_data.speed
1764787941143,1738.243896484375,monitor_data.speed
1764787941145,1752.93896484375,monitor_data.speed
1764787941147,1749.0257568359375,monitor_data.speed
1764787941148,1756.0384521484375,monitor_data.speed
1764787941151,1751.006103515625,monitor_data.speed
1764787941153,1746.2713623046875,monitor_data.speed
1764787941155,1743.527587890625,monitor_data.speed
1764787941157,1778.7261962890625,monitor_data.speed
1764787941159,1769.1749267578125,monitor_data.speed
1764787941114,0,monitor_data.speed_ref
1764787941116,0,monitor_data.speed_ref
1764787941117,0,monitor_data.speed_ref
1764787941119,0,monitor_data.speed_ref
1764787941120,0,monitor_data.speed_ref
1764787941123,0,monitor_data.speed_ref
1764787941125,0,monitor_data.speed_ref
1764787941126,0,monitor_data.speed_ref
1764787941128,0,monitor_data.speed_ref
1764787941130,0,monitor_data.speed_ref
1764787941132,0,monitor_data.speed_ref
1764787941135,0,monitor_data.speed_ref
1764787941137,0,monitor_data.speed_ref
1764787941139,0,monitor_data.speed_ref
1764787941141,0,monitor_data.speed_ref
1764787941143,0,monitor_data.speed_ref
1764787941145,0,monitor_data.speed_ref
1764787941147,0,monitor_data.speed_ref
1764787941148,0,monitor_data.speed_ref
1764787941151,0,monitor_data.speed_ref
1764787941153,0,monitor_data.speed_ref
1764787941155,0,monitor_data.speed_ref
1764787941157,0,monitor_data.speed_ref
1764787941159,0,monitor_data.speed_ref
1764787941161,1778.019287109375,monitor_data.speed
1764787941163,1775.698974609375,monitor_data.speed
1764787941165,1773.580078125,monitor_data.speed
1764787941167,1770.724365234375,monitor_data.speed
1764787941169,1768.1065673828125,monitor_data.speed
1764787941172,1761.66162109375,monitor_data.speed
1764787941174,1740.2232666015625,monitor_data.speed
1764787941176,1737.2183837890625,monitor_data.speed
1764787941178,1739.650146484375,monitor_data.speed
1764787941180,1753.8211669921875,monitor_data.speed
1764787941182,1749.4493408203125,monitor_data.speed
1764787941184,1755.9788818359375,monitor_data.speed
1764787941186,1750.6136474609375,monitor_data.speed
1764787941188,1751.591796875,monitor_data.speed
1764787941190,1749.066650390625,monitor_data.speed
1764787941192,1771.439453125,monitor_data.speed
1764787941194,1763.31982421875,monitor_data.speed
1764787941196,1761.5614013671875,monitor_data.speed
1764787941198,1771.6644287109375,monitor_data.speed
1764787941200,1769.3956298828125,monitor_data.speed
1764787941201,1773.165283203125,monitor_data.speed
1764787941203,1765.274169921875,monitor_data.speed
1764787941206,1752.450927734375,monitor_data.speed
1764787941208,1754.200927734375,monitor_data.speed
1764787941210,1750.7940673828125,monitor_data.speed
1764787941212,1747.6695556640625,monitor_data.speed
1764787941161,0,monitor_data.speed_ref
1764787941163,0,monitor_data.speed_ref
1764787941165,0,monitor_data.speed_ref
1764787941167,0,monitor_data.speed_ref
1764787941169,0,monitor_data.speed_ref
1764787941172,0,monitor_data.speed_ref
1764787941174,0,monitor_data.speed_ref
1764787941176,0,monitor_data.speed_ref
1764787941178,0,monitor_data.speed_ref
1764787941180,0,monitor_data.speed_ref
1764787941182,0,monitor_data.speed_ref
1764787941184,0,monitor_data.speed_ref
1764787941186,0,monitor_data.speed_ref
1764787941188,0,monitor_data.speed_ref
1764787941190,0,monitor_data.speed_ref
1764787941192,0,monitor_data.speed_ref
1764787941194,0,monitor_data.speed_ref
1764787941196,0,monitor_data.speed_ref
1764787941198,0,monitor_data.speed_ref
1764787941200,0,monitor_data.speed_ref
1764787941201,0,monitor_data.speed_ref
1764787941203,0,monitor_data.speed_ref
1764787941206,0,monitor_data.speed_ref
1764787941208,0,monitor_data.speed_ref
1764787941210,0,monitor_data.speed_ref
1764787941212,0,monitor_data.speed_ref
1764787941214,1756.44140625,monitor_data.speed
1764787941216,1757.7003173828125,monitor_data.speed
1764787941218,1752.4039306640625,monitor_data.speed
1764787941219,1752.6502685546875,monitor_data.speed
1764787941221,1746.970458984375,monitor_data.speed
1764787941223,1742.9638671875,monitor_data.speed
1764787941225,1768.59521484375,monitor_data.speed
1764787941227,1762.4688720703125,monitor_data.speed
1764787941229,1762.72412109375,monitor_data.speed
1764787941231,1757.0240478515625,monitor_data.speed
1764787941233,1756.7694091796875,monitor_data.speed
1764787941235,1767.730224609375,monitor_data.speed
1764787941237,1766.157958984375,monitor_data.speed
1764787941239,1759.2890625,monitor_data.speed
1764787941241,1748.6796875,monitor_data.speed
1764787941243,1739.4139404296875,monitor_data.speed
1764787941245,1736.55322265625,monitor_data.speed
1764787941247,1751.316650390625,monitor_data.speed
1764787941249,1747.486328125,monitor_data.speed
1764787941251,1754.6434326171875,monitor_data.speed
1764787941253,1755.184326171875,monitor_data.speed
1764787941255,1761.2874755859375,monitor_data.speed
1764787941257,1744.853515625,monitor_data.speed
1764787941259,1747.9310302734375,monitor_data.speed
1764787941261,1780.2999267578125,monitor_data.speed
1764787941263,1782.074951171875,monitor_data.speed
1764787941214,0,monitor_data.speed_ref
1764787941216,0,monitor_data.speed_ref
1764787941218,0,monitor_data.speed_ref
1764787941219,0,monitor_data.speed_ref
1764787941221,0,monitor_data.speed_ref
1764787941223,0,monitor_data.speed_ref
1764787941225,0,monitor_data.speed_ref
1764787941227,0,monitor_data.speed_ref
1764787941229,0,monitor_data.speed_ref
1764787941231,0,monitor_data.speed_ref
1764787941233,0,monitor_data.speed_ref
1764787941235,0,monitor_data.speed_ref
1764787941237,0,monitor_data.speed_ref
1764787941239,0,monitor_data.speed_ref
1764787941241,0,monitor_data.speed_ref
1764787941243,0,monitor_data.speed_ref
1764787941245,0,monitor_data.speed_ref
1764787941247,0,monitor_data.speed_ref
1764787941249,0,monitor_data.speed_ref
1764787941251,0,monitor_data.speed_ref
1764787941253,0,monitor_data.speed_ref
1764787941255,0,monitor_data.speed_ref
1764787941257,0,monitor_data.speed_ref
1764787941259,0,monitor_data.speed_ref
1764787941261,0,monitor_data.speed_ref
1764787941263,0,monitor_data.speed_ref
1764787941266,1772.50341796875,monitor_data.speed
1764787941268,1780.298583984375,monitor_data.speed
1764787941270,1770.7054443359375,monitor_data.speed
1764787941273,1767.4786376953125,monitor_data.speed
1764787941274,1760.3555908203125,monitor_data.speed
1764787941277,1743.8514404296875,monitor_data.speed
1764787941278,1739.7001953125,monitor_data.speed
1764787941280,1741.9007568359375,monitor_data.speed
1764787941281,1743.709228515625,monitor_data.speed
1764787941283,1750.833740234375,monitor_data.speed
1764787941285,1757.45751953125,monitor_data.speed
1764787941287,1751.8623046875,monitor_data.speed
1764787941290,1763.623779296875,monitor_data.speed
1764787941292,1747.15380859375,monitor_data.speed
1764787941294,1754.35009765625,monitor_data.speed
1764787941296,1779.5977783203125,monitor_data.speed
1764787941298,1781.4722900390625,monitor_data.speed
1764787941300,1771.7662353515625,monitor_data.speed
1764787941302,1768.789794921875,monitor_data.speed
1764787941304,1777.14013671875,monitor_data.speed
1764787941306,1779.293212890625,monitor_data.speed
1764787941308,1765.3375244140625,monitor_data.speed
1764787941310,1753.7298583984375,monitor_data.speed
1764787941313,1750.189697265625,monitor_data.speed
1764787941315,1746.6875,monitor_data.speed
1764787941266,0,monitor_data.speed_ref
1764787941268,0,monitor_data.speed_ref
1764787941270,0,monitor_data.speed_ref
1764787941273,0,monitor_data.speed_ref
1764787941274,0,monitor_data.speed_ref
1764787941277,0,monitor_data.speed_ref
1764787941278,0,monitor_data.speed_ref
1764787941280,0,monitor_data.speed_ref
1764787941281,0,monitor_data.speed_ref
1764787941283,0,monitor_data.speed_ref
1764787941285,0,monitor_data.speed_ref
1764787941287,0,monitor_data.speed_ref
1764787941290,0,monitor_data.speed_ref
1764787941292,0,monitor_data.speed_ref
1764787941294,0,monitor_data.speed_ref
1764787941296,0,monitor_data.speed_ref
1764787941298,0,monitor_data.speed_ref
1764787941300,0,monitor_data.speed_ref
1764787941302,0,monitor_data.speed_ref
1764787941304,0,monitor_data.speed_ref
1764787941306,0,monitor_data.speed_ref
1764787941308,0,monitor_data.speed_ref
1764787941310,0,monitor_data.speed_ref
1764787941313,0,monitor_data.speed_ref
1764787941315,0,monitor_data.speed_ref
1764787941316,1748.5203857421875,monitor_data.speed
1764787941318,1749.9869384765625,monitor_data.speed
1764787941320,1750.2938232421875,monitor_data.speed
1764787941323,1755.7928466796875,monitor_data.speed
1764787941324,1750.017333984375,monitor_data.speed
1764787941327,1751.7568359375,monitor_data.speed
1764787941329,1787.7015380859375,monitor_data.speed
1764787941330,1794.535888671875,monitor_data.speed
1764787941332,1778.1456298828125,monitor_data.speed
1764787941334,1785.8035888671875,monitor_data.speed
1764787941336,1787.848876953125,monitor_data.speed
1764787941338,1777.083740234375,monitor_data.speed
1764787941340,1778.5970458984375,monitor_data.speed
1764787941342,1773.7608642578125,monitor_data.speed
1764787941345,1754.574951171875,monitor_data.speed
1764787941347,1754.9737548828125,monitor_data.speed
1764787941349,1744.732666015625,monitor_data.speed
1764787941351,1751.541748046875,monitor_data.speed
1764787941354,1757.6309814453125,monitor_data.speed
1764787941356,1762.8179931640625,monitor_data.speed
1764787941359,1750.5030517578125,monitor_data.speed
1764787941361,1751.49072265625,monitor_data.speed
1764787941363,1776.43115234375,monitor_data.speed
1764787941365,1777.02001953125,monitor_data.speed
1764787941367,1784.91796875,monitor_data.speed
1764787941316,0,monitor_data.speed_ref
1764787941318,0,monitor_data.speed_ref
1764787941320,0,monitor_data.speed_ref
1764787941323,0,monitor_data.speed_ref
1764787941324,0,monitor_data.speed_ref
1764787941327,0,monitor_data.speed_ref
1764787941329,0,monitor_data.speed_ref
1764787941330,0,monitor_data.speed_ref
1764787941332,0,monitor_data.speed_ref
1764787941334,0,monitor_data.speed_ref
1764787941336,0,monitor_data.speed_ref
1764787941338,0,monitor_data.speed_ref
1764787941340,0,monitor_data.speed_ref
1764787941342,0,monitor_data.speed_ref
1764787941345,0,monitor_data.speed_ref
1764787941347,0,monitor_data.speed_ref
1764787941349,0,monitor_data.speed_ref
1764787941351,0,monitor_data.speed_ref
1764787941354,0,monitor_data.speed_ref
1764787941356,0,monitor_data.speed_ref
1764787941359,0,monitor_data.speed_ref
1764787941361,0,monitor_data.speed_ref
1764787941363,0,monitor_data.speed_ref
1764787941365,0,monitor_data.speed_ref
1764787941367,0,monitor_data.speed_ref
1764787941369,1775.05419921875,monitor_data.speed
1764787941371,1771.4923095703125,monitor_data.speed
1764787941373,1773.3516845703125,monitor_data.speed
1764787941375,1781.2718505859375,monitor_data.speed
1764787941377,1760.4583740234375,monitor_data.speed
1764787941380,1760.0498046875,monitor_data.speed
1764787941382,1743.5494384765625,monitor_data.speed
1764787941384,1757.023681640625,monitor_data.speed
1764787941386,1752.3780517578125,monitor_data.speed
1764787941388,1764.4024658203125,monitor_data.speed
1764787941391,1763.9107666015625,monitor_data.speed
1764787941393,1757.7545166015625,monitor_data.speed
1764787941395,1741.33056640625,monitor_data.speed
1764787941397,1771.186767578125,monitor_data.speed
1764787941399,1788.41259765625,monitor_data.speed
1764787941401,1771.0582275390625,monitor_data.speed
1764787941404,1784.2418212890625,monitor_data.speed
1764787941406,1778.798095703125,monitor_data.speed
1764787941408,1768.489013671875,monitor_data.speed
1764787941411,1771.3179931640625,monitor_data.speed
1764787941413,1747.1534423828125,monitor_data.speed
1764787941415,1748.512451171875,monitor_data.speed
1764787941417,1756.989990234375,monitor_data.speed
1764787941369,0,monitor_data.speed_ref
1764787941371,0,monitor_data.speed_ref
1764787941373,0,monitor_data.speed_ref
1764787941375,0,monitor_data.speed_ref
1764787941377,0,monitor_data.speed_ref
1764787941380,0,monitor_data.speed_ref
1764787941382,0,monitor_data.speed_ref
1764787941384,0,monitor_data.speed_ref
1764787941386,0,monitor_data.speed_ref
1764787941388,0,monitor_data.speed_ref
1764787941391,0,monitor_data.speed_ref
1764787941393,0,monitor_data.speed_ref
1764787941395,0,monitor_data.speed_ref
1764787941397,0,monitor_data.speed_ref
1764787941399,0,monitor_data.speed_ref
1764787941401,0,monitor_data.speed_ref
1764787941404,0,monitor_data.speed_ref
1764787941406,0,monitor_data.speed_ref
1764787941408,0,monitor_data.speed_ref
1764787941411,0,monitor_data.speed_ref
1764787941413,0,monitor_data.speed_ref
1764787941415,0,monitor_data.speed_ref
1764787941417,0,monitor_data.speed_ref
1764787941419,1746.604736328125,monitor_data.speed
1764787941421,1747.7540283203125,monitor_data.speed
1764787941423,1760.0775146484375,monitor_data.speed
1764787941424,1754.2857666015625,monitor_data.speed
1764787941426,1753.871826171875,monitor_data.speed
1764787941428,1753.878662109375,monitor_data.speed
1764787941429,1743.2574462890625,monitor_data.speed
1764787941431,1745.0665283203125,monitor_data.speed
1764787941432,1773.7130126953125,monitor_data.speed
1764787941434,1766.1787109375,monitor_data.speed
1764787941436,1758.693359375,monitor_data.speed
1764787941439,1768.623291015625,monitor_data.speed
1764787941441,1778.10400390625,monitor_data.speed
1764787941443,1769.708984375,monitor_data.speed
1764787941445,1762.520263671875,monitor_data.speed
1764787941447,1757.173583984375,monitor_data.speed
1764787941449,1747.41259765625,monitor_data.speed
1764787941451,1744.14404296875,monitor_data.speed
1764787941453,1741.25390625,monitor_data.speed
1764787941455,1749.307373046875,monitor_data.speed
1764787941457,1750.1199951171875,monitor_data.speed
1764787941460,1761.5537109375,monitor_data.speed
1764787941462,1750.1239013671875,monitor_data.speed
1764787941464,1739.8775634765625,monitor_data.speed
1764787941466,1776.57861328125,monitor_data.speed
1764787941468,1773.322509765625,monitor_data.speed
1764787941469,1777.192626953125,monitor_data.speed
1764787941419,0,monitor_data.speed_ref
1764787941421,0,monitor_data.speed_ref
1764787941423,0,monitor_data.speed_ref
1764787941424,0,monitor_data.speed_ref
1764787941426,0,monitor_data.speed_ref
1764787941428,0,monitor_data.speed_ref
1764787941429,0,monitor_data.speed_ref
1764787941431,0,monitor_data.speed_ref
1764787941432,0,monitor_data.speed_ref
1764787941434,0,monitor_data.speed_ref
1764787941436,0,monitor_data.speed_ref
1764787941439,0,monitor_data.speed_ref
1764787941441,0,monitor_data.speed_ref
1764787941443,0,monitor_data.speed_ref
1764787941445,0,monitor_data.speed_ref
1764787941447,0,monitor_data.speed_ref
1764787941449,0,monitor_data.speed_ref
1764787941451,0,monitor_data.speed_ref
1764787941453,0,monitor_data.speed_ref
1764787941455,0,monitor_data.speed_ref
1764787941457,0,monitor_data.speed_ref
1764787941460,0,monitor_data.speed_ref
1764787941462,0,monitor_data.speed_ref
1764787941464,0,monitor_data.speed_ref
1764787941466,0,monitor_data.speed_ref
1764787941468,0,monitor_data.speed_ref
1764787941469,0,monitor_data.speed_ref
1764787941472,1768.697265625,monitor_data.speed
1764787941474,1777.9632568359375,monitor_data.speed
1764787941476,1774.8717041015625,monitor_data.speed
1764787941478,1783.827392578125,monitor_data.speed
1764787941480,1763.1846923828125,monitor_data.speed
1764787941482,1756.9852294921875,monitor_data.speed
1764787941483,1751.85791015625,monitor_data.speed
1764787941485,1753.1201171875,monitor_data.speed
1764787941487,1749.69091796875,monitor_data.speed
1764787941490,1750.91650390625,monitor_data.speed
1764787941492,1751.2508544921875,monitor_data.speed
1764787941495,1756.8243408203125,monitor_data.speed
1764787941497,1745.6552734375,monitor_data.speed
1764787941499,1735.7628173828125,monitor_data.speed
1764787941501,1770.9248046875,monitor_data.speed
1764787941503,1773.404541015625,monitor_data.speed
1764787941505,1776.6456298828125,monitor_data.speed
1764787941508,1768.2054443359375,monitor_data.speed
1764787941510,1771.217041015625,monitor_data.speed
1764787941512,1768.8258056640625,monitor_data.speed
1764787941514,1755.70947265625,monitor_data.speed
1764787941516,1750.352783203125,monitor_data.speed
1764787941518,1752.1234130859375,monitor_data.speed
1764787941519,1742.20361328125,monitor_data.speed
1764787941472,0,monitor_data.speed_ref
1764787941474,0,monitor_data.speed_ref
1764787941476,0,monitor_data.speed_ref
1764787941478,0,monitor_data.speed_ref
1764787941480,0,monitor_data.speed_ref
1764787941482,0,monitor_data.speed_ref
1764787941483,0,monitor_data.speed_ref
1764787941485,0,monitor_data.speed_ref
1764787941487,0,monitor_data.speed_ref
1764787941490,0,monitor_data.speed_ref
1764787941492,0,monitor_data.speed_ref
1764787941495,0,monitor_data.speed_ref
1764787941497,0,monitor_data.speed_ref
1764787941499,0,monitor_data.speed_ref
1764787941501,0,monitor_data.speed_ref
1764787941503,0,monitor_data.speed_ref
1764787941505,0,monitor_data.speed_ref
1764787941508,0,monitor_data.speed_ref
1764787941510,0,monitor_data.speed_ref
1764787941512,0,monitor_data.speed_ref
1764787941514,0,monitor_data.speed_ref
1764787941516,0,monitor_data.speed_ref
1764787941518,0,monitor_data.speed_ref
1764787941519,0,monitor_data.speed_ref
1764787941521,1738.8153076171875,monitor_data.speed
1764787941523,1741.09228515625,monitor_data.speed
1764787941525,1760.2747802734375,monitor_data.speed
1764787941527,1754.996826171875,monitor_data.speed
1764787941529,1766.9847412109375,monitor_data.speed
1764787941531,1755.6883544921875,monitor_data.speed
1764787941532,1745.0675048828125,monitor_data.speed
1764787941533,1734.9124755859375,monitor_data.speed
1764787941535,1769.1561279296875,monitor_data.speed
1764787941537,1778.26025390625,monitor_data.speed
1764787941539,1769.8865966796875,monitor_data.speed
1764787941542,1779.4166259765625,monitor_data.speed
1764787941543,1777.1431884765625,monitor_data.speed
1764787941545,1768.511474609375,monitor_data.speed
1764787941548,1754.634033203125,monitor_data.speed
1764787941550,1754.42041015625,monitor_data.speed
1764787941552,1744.4375,monitor_data.speed
1764787941554,1747.4820556640625,monitor_data.speed
1764787941556,1738.7972412109375,monitor_data.speed
1764787941558,1757.975830078125,monitor_data.speed
1764787941561,1752.921630859375,monitor_data.speed
1764787941563,1764.7196044921875,monitor_data.speed
1764787941565,1753.0892333984375,monitor_data.speed
1764787941567,1737.609130859375,monitor_data.speed
1764787941569,1773.6390380859375,monitor_data.speed
1764787941521,0,monitor_data.speed_ref
1764787941523,0,monitor_data.speed_ref
1764787941525,0,monitor_data.speed_ref
1764787941527,0,monitor_data.speed_ref
1764787941529,0,monitor_data.speed_ref
1764787941531,0,monitor_data.speed_ref
1764787941532,0,monitor_data.speed_ref
1764787941533,0,monitor_data.speed_ref
1764787941535,0,monitor_data.speed_ref
1764787941537,0,monitor_data.speed_ref
1764787941539,0,monitor_data.speed_ref
1764787941542,0,monitor_data.speed_ref
1764787941543,0,monitor_data.speed_ref
1764787941545,0,monitor_data.speed_ref
1764787941548,0,monitor_data.speed_ref
1764787941550,0,monitor_data.speed_ref
1764787941552,0,monitor_data.speed_ref
1764787941554,0,monitor_data.speed_ref
1764787941556,0,monitor_data.speed_ref
1764787941558,0,monitor_data.speed_ref
1764787941561,0,monitor_data.speed_ref
1764787941563,0,monitor_data.speed_ref
1764787941565,0,monitor_data.speed_ref
1764787941567,0,monitor_data.speed_ref
1764787941569,0,monitor_data.speed_ref
1764787941571,1774.3765869140625,monitor_data.speed
1764787941573,1782.2379150390625,monitor_data.speed
1764787941575,1772.3857421875,monitor_data.speed
1764787941577,1769.099609375,monitor_data.speed
1764787941579,1777.7420654296875,monitor_data.speed
1764787941582,1762.7130126953125,monitor_data.speed
1764787941584,1755.554931640625,monitor_data.speed
1764787941586,1739.3038330078125,monitor_data.speed
1764787941588,1747.71875,monitor_data.speed
1764787941591,1756.025146484375,monitor_data.speed
1764787941593,1751.406982421875,monitor_data.speed
1764787941595,1757.610595703125,monitor_data.speed
1764787941597,1757.4686279296875,monitor_data.speed
1764787941598,1757.2550048828125,monitor_data.speed
1764787941600,1751.8681640625,monitor_data.speed
1764787941602,1741.906494140625,monitor_data.speed
1764787941604,1777.5068359375,monitor_data.speed
1764787941606,1763.6953125,monitor_data.speed
1764787941608,1756.6527099609375,monitor_data.speed
1764787941610,1772.7177734375,monitor_data.speed
1764787941612,1764.6263427734375,monitor_data.speed
1764787941614,1768.3829345703125,monitor_data.speed
1764787941616,1760.944091796875,monitor_data.speed
1764787941618,1754.8369140625,monitor_data.speed
1764787941571,0,monitor_data.speed_ref
1764787941573,0,monitor_data.speed_ref
1764787941575,0,monitor_data.speed_ref
1764787941577,0,monitor_data.speed_ref
1764787941579,0,monitor_data.speed_ref
1764787941582,0,monitor_data.speed_ref
1764787941584,0,monitor_data.speed_ref
1764787941586,0,monitor_data.speed_ref
1764787941588,0,monitor_data.speed_ref
1764787941591,0,monitor_data.speed_ref
1764787941593,0,monitor_data.speed_ref
1764787941595,0,monitor_data.speed_ref
1764787941597,0,monitor_data.speed_ref
1764787941598,0,monitor_data.speed_ref
1764787941600,0,monitor_data.speed_ref
1764787941602,0,monitor_data.speed_ref
1764787941604,0,monitor_data.speed_ref
1764787941606,0,monitor_data.speed_ref
1764787941608,0,monitor_data.speed_ref
1764787941610,0,monitor_data.speed_ref
1764787941612,0,monitor_data.speed_ref
1764787941614,0,monitor_data.speed_ref
1764787941616,0,monitor_data.speed_ref
1764787941618,0,monitor_data.speed_ref
1764787941620,1750.5247802734375,monitor_data.speed
1764787941622,1741.80224609375,monitor_data.speed
1764787941624,1738.53466796875,monitor_data.speed
1764787941626,1752.73486328125,monitor_data.speed
1764787941628,1753.7275390625,monitor_data.speed
1764787941630,1759.939453125,monitor_data.speed
1764787941631,1760.0250244140625,monitor_data.speed
1764787941632,1754.2271728515625,monitor_data.speed
1764787941634,1754.755126953125,monitor_data.speed
1764787941636,1733.8931884765625,monitor_data.speed
1764787941638,1767.714599609375,monitor_data.speed
1764787941640,1765.165283203125,monitor_data.speed
1764787941642,1763.1910400390625,monitor_data.speed
1764787941644,1772.284912109375,monitor_data.speed
1764787941646,1775.965576171875,monitor_data.speed
1764787941648,1766.913330078125,monitor_data.speed
1764787941650,1776.4024658203125,monitor_data.speed
1764787941652,1763.470458984375,monitor_data.speed
1764787941654,1741.43115234375,monitor_data.speed
1764787941656,1749.663330078125,monitor_data.speed
1764787941658,1746.429931640625,monitor_data.speed
1764787941660,1742.2747802734375,monitor_data.speed
1764787941662,1754.938720703125,monitor_data.speed
1764787941665,1755.3389892578125,monitor_data.speed
1764787941667,1760.811279296875,monitor_data.speed
1764787941669,1749.82763671875,monitor_data.speed
1764787941671,1763.7474365234375,monitor_data.speed
1764787941673,1776.46826171875,monitor_data.speed
1764787941620,0,monitor_data.speed_ref
1764787941622,0,monitor_data.speed_ref
1764787941624,0,monitor_data.speed_ref
1764787941626,0,monitor_data.speed_ref
1764787941628,0,monitor_data.speed_ref
1764787941630,0,monitor_data.speed_ref
1764787941631,0,monitor_data.speed_ref
1764787941632,0,monitor_data.speed_ref
1764787941634,0,monitor_data.speed_ref
1764787941636,0,monitor_data.speed_ref
1764787941638,0,monitor_data.speed_ref
1764787941640,0,monitor_data.speed_ref
1764787941642,0,monitor_data.speed_ref
1764787941644,0,monitor_data.speed_ref
1764787941646,0,monitor_data.speed_ref
1764787941648,0,monitor_data.speed_ref
1764787941650,0,monitor_data.speed_ref
1764787941652,0,monitor_data.speed_ref
1764787941654,0,monitor_data.speed_ref
1764787941656,0,monitor_data.speed_ref
1764787941658,0,monitor_data.speed_ref
1764787941660,0,monitor_data.speed_ref
1764787941662,0,monitor_data.speed_ref
1764787941665,0,monitor_data.speed_ref
1764787941667,0,monitor_data.speed_ref
1764787941669,0,monitor_data.speed_ref
1764787941671,0,monitor_data.speed_ref
1764787941673,0,monitor_data.speed_ref
1764787941675,1784.2744140625,monitor_data.speed
1764787941677,1769.77294921875,monitor_data.speed
1764787941678,1773.24853515625,monitor_data.speed
1764787941680,1770.321533203125,monitor_data.speed
1764787941682,1773.3902587890625,monitor_data.speed
1764787941684,1771.01220703125,monitor_data.speed
1764787941685,1767.814697265625,monitor_data.speed
1764787941687,1760.3968505859375,monitor_data.speed
1764787941689,1754.944091796875,monitor_data.speed
1764787941691,1756.07666015625,monitor_data.speed
1764787941692,1757.5474853515625,monitor_data.speed
1764787941694,1752.69580078125,monitor_data.speed
1764787941697,1753.431640625,monitor_data.speed
1764787941699,1764.7977294921875,monitor_data.speed
1764787941700,1764.466796875,monitor_data.speed
1764787941702,1752.6805419921875,monitor_data.speed
1764787941705,1737.4791259765625,monitor_data.speed
1764787941707,1771.3875732421875,monitor_data.speed
1764787941709,1762.7052001953125,monitor_data.speed
1764787941711,1771.5933837890625,monitor_data.speed
1764787941712,1769.630859375,monitor_data.speed
1764787941714,1773.130615234375,monitor_data.speed
1764787941716,1770.5811767578125,monitor_data.speed
1764787941718,1762.2850341796875,monitor_data.speed
1764787941720,1760.684326171875,monitor_data.speed
1764787941722,1738.54931640625,monitor_data.speed
1764787941675,0,monitor_data.speed_ref
1764787941677,0,monitor_data.speed_ref
1764787941678,0,monitor_data.speed_ref
1764787941680,0,monitor_data.speed_ref
1764787941682,0,monitor_data.speed_ref
1764787941684,0,monitor_data.speed_ref
1764787941685,0,monitor_data.speed_ref
1764787941687,0,monitor_data.speed_ref
1764787941689,0,monitor_data.speed_ref
1764787941691,0,monitor_data.speed_ref
1764787941692,0,monitor_data.speed_ref
1764787941694,0,monitor_data.speed_ref
1764787941697,0,monitor_data.speed_ref
1764787941699,0,monitor_data.speed_ref
1764787941700,0,monitor_data.speed_ref
1764787941702,0,monitor_data.speed_ref
1764787941705,0,monitor_data.speed_ref
1764787941707,0,monitor_data.speed_ref
1764787941709,0,monitor_data.speed_ref
1764787941711,0,monitor_data.speed_ref
1764787941712,0,monitor_data.speed_ref
1764787941714,0,monitor_data.speed_ref
1764787941716,0,monitor_data.speed_ref
1764787941718,0,monitor_data.speed_ref
1764787941720,0,monitor_data.speed_ref
1764787941722,0,monitor_data.speed_ref
1764787941724,1740.1571044921875,monitor_data.speed
1764787941726,1742.5860595703125,monitor_data.speed
1764787941728,1744.7276611328125,monitor_data.speed
1764787941729,1746.06005859375,monitor_data.speed
1764787941731,1752.7314453125,monitor_data.speed
1764787941732,1759.0784912109375,monitor_data.speed
1764787941734,1758.973876953125,monitor_data.speed
1764787941736,1753.40771484375,monitor_data.speed
1764787941738,1737.4439697265625,monitor_data.speed
1764787941740,1762.582763671875,monitor_data.speed
1764787941742,1781.3538818359375,monitor_data.speed
1764787941744,1783.2860107421875,monitor_data.speed
1764787941746,1768.715576171875,monitor_data.speed
1764787941748,1771.5806884765625,monitor_data.speed
1764787941750,1779.5963134765625,monitor_data.speed
1764787941752,1775.6473388671875,monitor_data.speed
1764787941754,1761.9541015625,monitor_data.speed
1764787941757,1756.644775390625,monitor_data.speed
1764787941759,1746.9261474609375,monitor_data.speed
1764787941761,1743.227783203125,monitor_data.speed
1764787941762,1744.925048828125,monitor_data.speed
1764787941765,1763.9488525390625,monitor_data.speed
1764787941767,1758.2337646484375,monitor_data.speed
1764787941769,1757.9736328125,monitor_data.speed
1764787941771,1741.13916015625,monitor_data.speed
1764787941773,1737.3265380859375,monitor_data.speed
1764787941724,0,monitor_data.speed_ref
1764787941726,0,monitor_data.speed_ref
1764787941728,0,monitor_data.speed_ref
1764787941729,0,monitor_data.speed_ref
1764787941731,0,monitor_data.speed_ref
1764787941732,0,monitor_data.speed_ref
1764787941734,0,monitor_data.speed_ref
1764787941736,0,monitor_data.speed_ref
1764787941738,0,monitor_data.speed_ref
1764787941740,0,monitor_data.speed_ref
1764787941742,0,monitor_data.speed_ref
1764787941744,0,monitor_data.speed_ref
1764787941746,0,monitor_data.speed_ref
1764787941748,0,monitor_data.speed_ref
1764787941750,0,monitor_data.speed_ref
1764787941752,0,monitor_data.speed_ref
1764787941754,0,monitor_data.speed_ref
1764787941757,0,monitor_data.speed_ref
1764787941759,0,monitor_data.speed_ref
1764787941761,0,monitor_data.speed_ref
1764787941762,0,monitor_data.speed_ref
1764787941765,0,monitor_data.speed_ref
1764787941767,0,monitor_data.speed_ref
1764787941769,0,monitor_data.speed_ref
1764787941771,0,monitor_data.speed_ref
1764787941773,0,monitor_data.speed_ref
1764787941775,1755.533203125,monitor_data.speed
1764787941777,1759.652099609375,monitor_data.speed
1764787941778,1758.5880126953125,monitor_data.speed
1764787941781,1762.8585205078125,monitor_data.speed
1764787941783,1772.7779541015625,monitor_data.speed
1764787941784,1765.395751953125,monitor_data.speed
1764787941786,1769.874267578125,monitor_data.speed
1764787941787,1768.747802734375,monitor_data.speed
1764787941789,1762.5609130859375,monitor_data.speed
1764787941791,1740.076904296875,monitor_data.speed
1764787941793,1748.398193359375,monitor_data.speed
1764787941795,1734.35693359375,monitor_data.speed
1764787941797,1754.1546630859375,monitor_data.speed
1764787941799,1743.7520751953125,monitor_data.speed
1764787941801,1762.384033203125,monitor_data.speed
1764787941803,1756.653564453125,monitor_data.speed
1764787941805,1757.2862548828125,monitor_data.speed
1764787941807,1741.763671875,monitor_data.speed
1764787941809,1766.1427001953125,monitor_data.speed
1764787941811,1769.1512451171875,monitor_data.speed
1764787941812,1773.43408203125,monitor_data.speed
1764787941814,1765.52001953125,monitor_data.speed
1764787941816,1769.7882080078125,monitor_data.speed
1764787941818,1773.5955810546875,monitor_data.speed
1764787941775,0,monitor_data.speed_ref
1764787941777,0,monitor_data.speed_ref
1764787941778,0,monitor_data.speed_ref
1764787941781,0,monitor_data.speed_ref
1764787941783,0,monitor_data.speed_ref
1764787941784,0,monitor_data.speed_ref
1764787941786,0,monitor_data.speed_ref
1764787941787,0,monitor_data.speed_ref
1764787941789,0,monitor_data.speed_ref
1764787941791,0,monitor_data.speed_ref
1764787941793,0,monitor_data.speed_ref
1764787941795,0,monitor_data.speed_ref
1764787941797,0,monitor_data.speed_ref
1764787941799,0,monitor_data.speed_ref
1764787941801,0,monitor_data.speed_ref
1764787941803,0,monitor_data.speed_ref
1764787941805,0,monitor_data.speed_ref
1764787941807,0,monitor_data.speed_ref
1764787941809,0,monitor_data.speed_ref
1764787941811,0,monitor_data.speed_ref
1764787941812,0,monitor_data.speed_ref
1764787941814,0,monitor_data.speed_ref
1764787941816,0,monitor_data.speed_ref
1764787941818,0,monitor_data.speed_ref
1764787941820,1771.3548583984375,monitor_data.speed
1764787941822,1769.204345703125,monitor_data.speed
1764787941824,1751.361572265625,monitor_data.speed
1764787941826,1747.1229248046875,monitor_data.speed
1764787941827,1749.2686767578125,monitor_data.speed
1764787941829,1739.2100830078125,monitor_data.speed
1764787941830,1746.95947265625,monitor_data.speed
1764787941831,1742.5941162109375,monitor_data.speed
1764787941833,1749.5960693359375,monitor_data.speed
1764787941835,1750.4915771484375,monitor_data.speed
1764787941836,1756.48681640625,monitor_data.speed
1764787941839,1745.1998291015625,monitor_data.speed
1764787941841,1746.6187744140625,monitor_data.speed
1764787941842,1743.4014892578125,monitor_data.speed
1764787941844,1760.8499755859375,monitor_data.speed
1764787941845,1759.5908203125,monitor_data.speed
1764787941847,1758.652587890625,monitor_data.speed
1764787941849,1757.86376953125,monitor_data.speed
1764787941850,1768.6324462890625,monitor_data.speed
1764787941852,1773.0426025390625,monitor_data.speed
1764787941854,1765.130859375,monitor_data.speed
1764787941856,1768.184814453125,monitor_data.speed
1764787941858,1755.3082275390625,monitor_data.speed
1764787941860,1756.44873046875,monitor_data.speed
1764787941862,1752.5631103515625,monitor_data.speed
1764787941864,1743.269775390625,monitor_data.speed
1764787941866,1756.89697265625,monitor_data.speed
1764787941868,1757.799072265625,monitor_data.speed
1764787941870,1758.1661376953125,monitor_data.speed
1764787941873,1758.087890625,monitor_data.speed
1764787941875,1753.6387939453125,monitor_data.speed
1764787941877,1766.9296875,monitor_data.speed
1764787941880,1780.234375,monitor_data.speed
1764787941882,1776.5216064453125,monitor_data.speed
1764787941883,1773.573486328125,monitor_data.speed
1764787941885,1776.5408935546875,monitor_data.speed
1764787941887,1778.7371826171875,monitor_data.speed
1764787941890,1769.2947998046875,monitor_data.speed
1764787941892,1767.44970703125,monitor_data.speed
1764787941893,1743.9691162109375,monitor_data.speed
1764787941895,1751.6915283203125,monitor_data.speed
1764787941820,0,monitor_data.speed_ref
1764787941822,0,monitor_data.speed_ref
1764787941824,0,monitor_data.speed_ref
1764787941826,0,monitor_data.speed_ref
1764787941827,0,monitor_data.speed_ref
1764787941829,0,monitor_data.speed_ref
1764787941830,0,monitor_data.speed_ref
1764787941831,0,monitor_data.speed_ref
1764787941833,0,monitor_data.speed_ref
1764787941835,0,monitor_data.speed_ref
1764787941836,0,monitor_data.speed_ref
1764787941839,0,monitor_data.speed_ref
1764787941841,0,monitor_data.speed_ref
1764787941842,0,monitor_data.speed_ref
1764787941844,0,monitor_data.speed_ref
1764787941845,0,monitor_data.speed_ref
1764787941847,0,monitor_data.speed_ref
1764787941849,0,monitor_data.speed_ref
1764787941850,0,monitor_data.speed_ref
1764787941852,0,monitor_data.speed_ref
1764787941854,0,monitor_data.speed_ref
1764787941856,0,monitor_data.speed_ref
1764787941858,0,monitor_data.speed_ref
1764787941860,0,monitor_data.speed_ref
1764787941862,0,monitor_data.speed_ref
1764787941864,0,monitor_data.speed_ref
1764787941866,0,monitor_data.speed_ref
1764787941868,0,monitor_data.speed_ref
1764787941870,0,monitor_data.speed_ref
1764787941873,0,monitor_data.speed_ref
1764787941875,0,monitor_data.speed_ref
1764787941877,0,monitor_data.speed_ref
1764787941880,0,monitor_data.speed_ref
1764787941882,0,monitor_data.speed_ref
1764787941883,0,monitor_data.speed_ref
1764787941885,0,monitor_data.speed_ref
1764787941887,0,monitor_data.speed_ref
1764787941890,0,monitor_data.speed_ref
1764787941892,0,monitor_data.speed_ref
1764787941893,0,monitor_data.speed_ref
1764787941895,0,monitor_data.speed_ref
1764787941897,1736.86572265625,monitor_data.speed
1764787941900,1751.0771484375,monitor_data.speed
1764787941902,1758.6226806640625,monitor_data.speed
1764787941904,1758.8192138671875,monitor_data.speed
1764787941907,1764.421142578125,monitor_data.speed
1764787941908,1758.6676025390625,monitor_data.speed
1764787941910,1742.6048583984375,monitor_data.speed
1764787941912,1788.7786865234375,monitor_data.speed
1764787941914,1779.697509765625,monitor_data.speed
1764787941916,1776.004638671875,monitor_data.speed
1764787941918,1778.13916015625,monitor_data.speed
1764787941921,1774.199462890625,monitor_data.speed
1764787941923,1775.1806640625,monitor_data.speed
1764787941925,1772.3931884765625,monitor_data.speed
1764787941926,1764.463623046875,monitor_data.speed
1764787941928,1764.0423583984375,monitor_data.speed
1764787941929,1752.337646484375,monitor_data.speed
1764787941931,1764.4984130859375,monitor_data.speed
1764787941933,1764.5966796875,monitor_data.speed
1764787941935,1764.0950927734375,monitor_data.speed
1764787941937,1769.2977294921875,monitor_data.speed
1764787941939,1767.5699462890625,monitor_data.speed
1764787941941,1771.58935546875,monitor_data.speed
1764787941943,1747.7520751953125,monitor_data.speed
1764787941945,1749.4710693359375,monitor_data.speed
1764787941946,1777.906005859375,monitor_data.speed
1764787941897,0,monitor_data.speed_ref
1764787941900,0,monitor_data.speed_ref
1764787941902,0,monitor_data.speed_ref
1764787941904,0,monitor_data.speed_ref
1764787941907,0,monitor_data.speed_ref
1764787941908,0,monitor_data.speed_ref
1764787941910,0,monitor_data.speed_ref
1764787941912,0,monitor_data.speed_ref
1764787941914,0,monitor_data.speed_ref
1764787941916,0,monitor_data.speed_ref
1764787941918,0,monitor_data.speed_ref
1764787941921,0,monitor_data.speed_ref
1764787941923,0,monitor_data.speed_ref
1764787941925,0,monitor_data.speed_ref
1764787941926,0,monitor_data.speed_ref
1764787941928,0,monitor_data.speed_ref
1764787941929,0,monitor_data.speed_ref
1764787941931,0,monitor_data.speed_ref
1764787941933,0,monitor_data.speed_ref
1764787941935,0,monitor_data.speed_ref
1764787941937,0,monitor_data.speed_ref
1764787941939,0,monitor_data.speed_ref
1764787941941,0,monitor_data.speed_ref
1764787941943,0,monitor_data.speed_ref
1764787941945,0,monitor_data.speed_ref
1764787941946,0,monitor_data.speed_ref
1764787941948,1779.00146484375,monitor_data.speed
1764787941950,1765.109619140625,monitor_data.speed
1764787941951,1768.7445068359375,monitor_data.speed
1764787941953,1766.324462890625,monitor_data.speed
1764787941955,1769.047119140625,monitor_data.speed
1764787941957,1766.930419921875,monitor_data.speed
1764787941959,1771.11474609375,monitor_data.speed
1764787941962,1747.61865234375,monitor_data.speed
1764787941963,1743.5318603515625,monitor_data.speed
1764787941965,1746.759033203125,monitor_data.speed
1764787941967,1749.4093017578125,monitor_data.speed
1764787941969,1746.0101318359375,monitor_data.speed
1764787941972,1753.718994140625,monitor_data.speed
1764787941974,1760.383056640625,monitor_data.speed
1764787941976,1749.08203125,monitor_data.speed
1764787941978,1750.774169921875,monitor_data.speed
1764787941980,1765.561767578125,monitor_data.speed
1764787941982,1764.6529541015625,monitor_data.speed
1764787941983,1763.7371826171875,monitor_data.speed
1764787941985,1762.9039306640625,monitor_data.speed
1764787941987,1761.93310546875,monitor_data.speed
1764787941989,1760.5286865234375,monitor_data.speed
1764787941990,1764.901123046875,monitor_data.speed
1764787941992,1780.8697509765625,monitor_data.speed
1764787941994,1772.4027099609375,monitor_data.speed
1764787941996,1753.8914794921875,monitor_data.speed
1764787941948,0,monitor_data.speed_ref
1764787941950,0,monitor_data.speed_ref
1764787941951,0,monitor_data.speed_ref
1764787941953,0,monitor_data.speed_ref
1764787941955,0,monitor_data.speed_ref
1764787941957,0,monitor_data.speed_ref
1764787941959,0,monitor_data.speed_ref
1764787941962,0,monitor_data.speed_ref
1764787941963,0,monitor_data.speed_ref
1764787941965,0,monitor_data.speed_ref
1764787941967,0,monitor_data.speed_ref
1764787941969,0,monitor_data.speed_ref
1764787941972,0,monitor_data.speed_ref
1764787941974,0,monitor_data.speed_ref
1764787941976,0,monitor_data.speed_ref
1764787941978,0,monitor_data.speed_ref
1764787941980,0,monitor_data.speed_ref
1764787941982,0,monitor_data.speed_ref
1764787941983,0,monitor_data.speed_ref
1764787941985,0,monitor_data.speed_ref
1764787941987,0,monitor_data.speed_ref
1764787941989,0,monitor_data.speed_ref
1764787941990,0,monitor_data.speed_ref
1764787941992,0,monitor_data.speed_ref
1764787941994,0,monitor_data.speed_ref
1764787941996,0,monitor_data.speed_ref
1764787941998,1743.2874755859375,monitor_data.speed
1764787942000,1750.9044189453125,monitor_data.speed
1764787942002,1752.6435546875,monitor_data.speed
1764787942004,1748.1243896484375,monitor_data.speed
1764787942006,1760.4334716796875,monitor_data.speed
1764787942008,1760.0576171875,monitor_data.speed
1764787942010,1753.986572265625,monitor_data.speed
1764787942012,1742.9547119140625,monitor_data.speed
1764787942014,1739.0465087890625,monitor_data.speed
1764787942015,1785.2314453125,monitor_data.speed
1764787942017,1774.6605224609375,monitor_data.speed
1764787942019,1782.4178466796875,monitor_data.speed
1764787942021,1778.840087890625,monitor_data.speed
1764787942023,1775.1533203125,monitor_data.speed
1764787942025,1783.0841064453125,monitor_data.speed
1764787942027,1773.5631103515625,monitor_data.speed
1764787942029,1758.8922119140625,monitor_data.speed
1764787942031,1757.9908447265625,monitor_data.speed
1764787942032,1758.353515625,monitor_data.speed
1764787942034,1747.8302001953125,monitor_data.speed
1764787942035,1743.138427734375,monitor_data.speed
1764787942037,1749.9559326171875,monitor_data.speed
1764787942039,1762.424072265625,monitor_data.speed
1764787942041,1768.365234375,monitor_data.speed
1764787942042,1767.8106689453125,monitor_data.speed
1764787942045,1749.9031982421875,monitor_data.speed
1764787942047,1745.4364013671875,monitor_data.speed
1764787941998,0,monitor_data.speed_ref
1764787942000,0,monitor_data.speed_ref
1764787942002,0,monitor_data.speed_ref
1764787942004,0,monitor_data.speed_ref
1764787942006,0,monitor_data.speed_ref
1764787942008,0,monitor_data.speed_ref
1764787942010,0,monitor_data.speed_ref
1764787942012,0,monitor_data.speed_ref
1764787942014,0,monitor_data.speed_ref
1764787942015,0,monitor_data.speed_ref
1764787942017,0,monitor_data.speed_ref
1764787942019,0,monitor_data.speed_ref
1764787942021,0,monitor_data.speed_ref
1764787942023,0,monitor_data.speed_ref
1764787942025,0,monitor_data.speed_ref
1764787942027,0,monitor_data.speed_ref
1764787942029,0,monitor_data.speed_ref
1764787942031,0,monitor_data.speed_ref
1764787942032,0,monitor_data.speed_ref
1764787942034,0,monitor_data.speed_ref
1764787942035,0,monitor_data.speed_ref
1764787942037,0,monitor_data.speed_ref
1764787942039,0,monitor_data.speed_ref
1764787942041,0,monitor_data.speed_ref
1764787942042,0,monitor_data.speed_ref
1764787942045,0,monitor_data.speed_ref
1764787942047,0,monitor_data.speed_ref
1764787942049,1787.4034423828125,monitor_data.speed
1764787942051,1787.2264404296875,monitor_data.speed
1764787942052,1788.9345703125,monitor_data.speed
1764787942055,1771.997802734375,monitor_data.speed
1764787942057,1785.6055908203125,monitor_data.speed
1764787942058,1770.58203125,monitor_data.speed
1764787942060,1778.3778076171875,monitor_data.speed
1764787942062,1779.7532958984375,monitor_data.speed
1764787942065,1760.06005859375,monitor_data.speed
1764787942066,1754.3739013671875,monitor_data.speed
1764787942068,1749.46826171875,monitor_data.speed
1764787942070,1744.9273681640625,monitor_data.speed
1764787942072,1757.491943359375,monitor_data.speed
1764787942074,1757.484375,monitor_data.speed
1764787942076,1757.0869140625,monitor_data.speed
1764787942078,1762.3336181640625,monitor_data.speed
1764787942079,1756.4239501953125,monitor_data.speed
1764787942081,1751.4495849609375,monitor_data.speed
1764787942083,1759.062744140625,monitor_data.speed
1764787942085,1785.27392578125,monitor_data.speed
1764787942087,1768.69287109375,monitor_data.speed
1764787942089,1770.3494873046875,monitor_data.speed
1764787942091,1772.8416748046875,monitor_data.speed
1764787942093,1769.549560546875,monitor_data.speed
1764787942095,1766.6790771484375,monitor_data.speed
1764787942096,1758.5023193359375,monitor_data.speed
1764787942098,1763.4666748046875,monitor_data.speed
1764787942049,0,monitor_data.speed_ref
1764787942051,0,monitor_data.speed_ref
1764787942052,0,monitor_data.speed_ref
1764787942055,0,monitor_data.speed_ref
1764787942057,0,monitor_data.speed_ref
1764787942058,0,monitor_data.speed_ref
1764787942060,0,monitor_data.speed_ref
1764787942062,0,monitor_data.speed_ref
1764787942065,0,monitor_data.speed_ref
1764787942066,0,monitor_data.speed_ref
1764787942068,0,monitor_data.speed_ref
1764787942070,0,monitor_data.speed_ref
1764787942072,0,monitor_data.speed_ref
1764787942074,0,monitor_data.speed_ref
1764787942076,0,monitor_data.speed_ref
1764787942078,0,monitor_data.speed_ref
1764787942079,0,monitor_data.speed_ref
1764787942081,0,monitor_data.speed_ref
1764787942083,0,monitor_data.speed_ref
1764787942085,0,monitor_data.speed_ref
1764787942087,0,monitor_data.speed_ref
1764787942089,0,monitor_data.speed_ref
1764787942091,0,monitor_data.speed_ref
1764787942093,0,monitor_data.speed_ref
1764787942095,0,monitor_data.speed_ref
1764787942096,0,monitor_data.speed_ref
1764787942098,0,monitor_data.speed_ref
1764787942100,1746.9730224609375,monitor_data.speed
1764787942102,1743.0548095703125,monitor_data.speed
1764787942105,1745.6619873046875,monitor_data.speed
1764787942107,1759.0379638671875,monitor_data.speed
1764787942109,1759.23193359375,monitor_data.speed
1764787942111,1759.091552734375,monitor_data.speed
1764787942113,1752.965087890625,monitor_data.speed
1764787942115,1747.96728515625,monitor_data.speed
1764787942121,1783.7841796875,monitor_data.speed
1764787942123,1774.3077392578125,monitor_data.speed
1764787942125,1771.243408203125,monitor_data.speed
1764787942127,1768.0341796875,monitor_data.speed
1764787942129,1771.126220703125,monitor_data.speed
1764787942130,1762.7911376953125,monitor_data.speed
1764787942132,1755.723876953125,monitor_data.speed
1764787942134,1750.8172607421875,monitor_data.speed
1764787942136,1746.880859375,monitor_data.speed
1764787942139,1749.6553955078125,monitor_data.speed
1764787942140,1757.013427734375,monitor_data.speed
1764787942142,1757.954345703125,monitor_data.speed
1764787942144,1758.2447509765625,monitor_data.speed
1764787942146,1757.945068359375,monitor_data.speed
1764787942148,1752.2845458984375,monitor_data.speed
1764787942150,1741.760498046875,monitor_data.speed
1764787942100,0,monitor_data.speed_ref
1764787942102,0,monitor_data.speed_ref
1764787942105,0,monitor_data.speed_ref
1764787942107,0,monitor_data.speed_ref
1764787942109,0,monitor_data.speed_ref
1764787942111,0,monitor_data.speed_ref
1764787942113,0,monitor_data.speed_ref
1764787942115,0,monitor_data.speed_ref
1764787942121,0,monitor_data.speed_ref
1764787942123,0,monitor_data.speed_ref
1764787942125,0,monitor_data.speed_ref
1764787942127,0,monitor_data.speed_ref
1764787942129,0,monitor_data.speed_ref
1764787942130,0,monitor_data.speed_ref
1764787942132,0,monitor_data.speed_ref
1764787942134,0,monitor_data.speed_ref
1764787942136,0,monitor_data.speed_ref
1764787942139,0,monitor_data.speed_ref
1764787942140,0,monitor_data.speed_ref
1764787942142,0,monitor_data.speed_ref
1764787942144,0,monitor_data.speed_ref
1764787942146,0,monitor_data.speed_ref
1764787942148,0,monitor_data.speed_ref
1764787942150,0,monitor_data.speed_ref
1764787942151,1767.5338134765625,monitor_data.speed
1764787942153,1775.871337890625,monitor_data.speed
1764787942156,1772.6005859375,monitor_data.speed
1764787942158,1770.485595703125,monitor_data.speed
1764787942160,1768.0567626953125,monitor_data.speed
1764787942162,1765.4697265625,monitor_data.speed
1764787942163,1774.7955322265625,monitor_data.speed
1764787942166,1761.194091796875,monitor_data.speed
1764787942168,1743.959228515625,monitor_data.speed
1764787942170,1751.72265625,monitor_data.speed
1764787942172,1742.60595703125,monitor_data.speed
1764787942174,1751.28125,monitor_data.speed
1764787942176,1758.441650390625,monitor_data.speed
1764787942178,1753.44677734375,monitor_data.speed
1764787942180,1759.16845703125,monitor_data.speed
1764787942181,1759.095703125,monitor_data.speed
1764787942183,1753.796875,monitor_data.speed
1764787942185,1738.566162109375,monitor_data.speed
1764787942187,1778.6395263671875,monitor_data.speed
1764787942189,1775.134765625,monitor_data.speed
1764787942191,1772.935791015625,monitor_data.speed
1764787942193,1770.737060546875,monitor_data.speed
1764787942195,1768.0426025390625,monitor_data.speed
1764787942197,1765.3724365234375,monitor_data.speed
1764787942199,1774.940185546875,monitor_data.speed
1764787942201,1762.0966796875,monitor_data.speed
1764787942151,0,monitor_data.speed_ref
1764787942153,0,monitor_data.speed_ref
1764787942156,0,monitor_data.speed_ref
1764787942158,0,monitor_data.speed_ref
1764787942160,0,monitor_data.speed_ref
1764787942162,0,monitor_data.speed_ref
1764787942163,0,monitor_data.speed_ref
1764787942166,0,monitor_data.speed_ref
1764787942168,0,monitor_data.speed_ref
1764787942170,0,monitor_data.speed_ref
1764787942172,0,monitor_data.speed_ref
1764787942174,0,monitor_data.speed_ref
1764787942176,0,monitor_data.speed_ref
1764787942178,0,monitor_data.speed_ref
1764787942180,0,monitor_data.speed_ref
1764787942181,0,monitor_data.speed_ref
1764787942183,0,monitor_data.speed_ref
1764787942185,0,monitor_data.speed_ref
1764787942187,0,monitor_data.speed_ref
1764787942189,0,monitor_data.speed_ref
1764787942191,0,monitor_data.speed_ref
1764787942193,0,monitor_data.speed_ref
1764787942195,0,monitor_data.speed_ref
1764787942197,0,monitor_data.speed_ref
1764787942199,0,monitor_data.speed_ref
1764787942201,0,monitor_data.speed_ref
1764787942203,1751.386962890625,monitor_data.speed
1764787942205,1748.236328125,monitor_data.speed
1764787942207,1744.8387451171875,monitor_data.speed
1764787942209,1740.8599853515625,monitor_data.speed
1764787942211,1759.2568359375,monitor_data.speed
1764787942213,1759.3546142578125,monitor_data.speed
1764787942215,1759.0535888671875,monitor_data.speed
1764787942217,1747.988525390625,monitor_data.speed
1764787942219,1743.5145263671875,monitor_data.speed
1764787942221,1777.130859375,monitor_data.speed
1764787942223,1784.3236083984375,monitor_data.speed
1764787942226,1768.61083984375,monitor_data.speed
1764787942228,1776.654541015625,monitor_data.speed
1764787942230,1773.2117919921875,monitor_data.speed
1764787942232,1775.4298095703125,monitor_data.speed
1764787942234,1766.1497802734375,monitor_data.speed
1764787942236,1758.7950439453125,monitor_data.speed
1764787942239,1754.0897216796875,monitor_data.speed
1764787942241,1749.5938720703125,monitor_data.speed
1764787942242,1756.724365234375,monitor_data.speed
1764787942244,1751.63037109375,monitor_data.speed
1764787942246,1757.6328125,monitor_data.speed
1764787942248,1763.12109375,monitor_data.speed
1764787942250,1762.7833251953125,monitor_data.speed
1764787942203,0,monitor_data.speed_ref
1764787942205,0,monitor_data.speed_ref
1764787942207,0,monitor_data.speed_ref
1764787942209,0,monitor_data.speed_ref
1764787942211,0,monitor_data.speed_ref
1764787942213,0,monitor_data.speed_ref
1764787942215,0,monitor_data.speed_ref
1764787942217,0,monitor_data.speed_ref
1764787942219,0,monitor_data.speed_ref
1764787942221,0,monitor_data.speed_ref
1764787942223,0,monitor_data.speed_ref
1764787942226,0,monitor_data.speed_ref
1764787942228,0,monitor_data.speed_ref
1764787942230,0,monitor_data.speed_ref
1764787942232,0,monitor_data.speed_ref
1764787942234,0,monitor_data.speed_ref
1764787942236,0,monitor_data.speed_ref
1764787942239,0,monitor_data.speed_ref
1764787942241,0,monitor_data.speed_ref
1764787942242,0,monitor_data.speed_ref
1764787942244,0,monitor_data.speed_ref
1764787942246,0,monitor_data.speed_ref
1764787942248,0,monitor_data.speed_ref
1764787942250,0,monitor_data.speed_ref
1764787942252,1751.5672607421875,monitor_data.speed
1764787942255,1776.9560546875,monitor_data.speed
1764787942257,1777.86083984375,monitor_data.speed
1764787942259,1774.3697509765625,monitor_data.speed
1764787942260,1771.482177734375,monitor_data.speed
1764787942262,1768.5560302734375,monitor_data.speed
1764787942264,1782.7427978515625,monitor_data.speed
1764787942266,1779.6033935546875,monitor_data.speed
1764787942268,1770.1329345703125,monitor_data.speed
1764787942270,1761.9383544921875,monitor_data.speed
1764787942272,1756.6597900390625,monitor_data.speed
1764787942274,1751.9769287109375,monitor_data.speed
1764787942276,1753.4697265625,monitor_data.speed
1764787942278,1748.4517822265625,monitor_data.speed
1764787942280,1754.5509033203125,monitor_data.speed
1764787942282,1765.9150390625,monitor_data.speed
1764787942284,1759.4859619140625,monitor_data.speed
1764787942287,1749.3876953125,monitor_data.speed
1764787942289,1767.9202880859375,monitor_data.speed
1764787942290,1782.7921142578125,monitor_data.speed
1764787942292,1762.930419921875,monitor_data.speed
1764787942294,1760.728759765625,monitor_data.speed
1764787942296,1775.9051513671875,monitor_data.speed
1764787942298,1772.973876953125,monitor_data.speed
1764787942300,1764.3399658203125,monitor_data.speed
1764787942302,1767.7374267578125,monitor_data.speed
1764787942252,0,monitor_data.speed_ref
1764787942255,0,monitor_data.speed_ref
1764787942257,0,monitor_data.speed_ref
1764787942259,0,monitor_data.speed_ref
1764787942260,0,monitor_data.speed_ref
1764787942262,0,monitor_data.speed_ref
1764787942264,0,monitor_data.speed_ref
1764787942266,0,monitor_data.speed_ref
1764787942268,0,monitor_data.speed_ref
1764787942270,0,monitor_data.speed_ref
1764787942272,0,monitor_data.speed_ref
1764787942274,0,monitor_data.speed_ref
1764787942276,0,monitor_data.speed_ref
1764787942278,0,monitor_data.speed_ref
1764787942280,0,monitor_data.speed_ref
1764787942282,0,monitor_data.speed_ref
1764787942284,0,monitor_data.speed_ref
1764787942287,0,monitor_data.speed_ref
1764787942289,0,monitor_data.speed_ref
1764787942290,0,monitor_data.speed_ref
1764787942292,0,monitor_data.speed_ref
1764787942294,0,monitor_data.speed_ref
1764787942296,0,monitor_data.speed_ref
1764787942298,0,monitor_data.speed_ref
1764787942300,0,monitor_data.speed_ref
1764787942302,0,monitor_data.speed_ref
1764787942304,1749.3138427734375,monitor_data.speed
1764787942306,1750.86181640625,monitor_data.speed
1764787942309,1736.00537109375,monitor_data.speed
1764787942310,1756.0552978515625,monitor_data.speed
1764787942312,1751.7373046875,monitor_data.speed
1764787942314,1752.6107177734375,monitor_data.speed
1764787942317,1758.4661865234375,monitor_data.speed
1764787942319,1752.5987548828125,monitor_data.speed
1764787942321,1742.61376953125,monitor_data.speed
1764787942323,1767.209228515625,monitor_data.speed
1764787942325,1770.073486328125,monitor_data.speed
1764787942327,1761.61181640625,monitor_data.speed
1764787942329,1776.7432861328125,monitor_data.speed
1764787942332,1768.0728759765625,monitor_data.speed
1764787942333,1765.3994140625,monitor_data.speed
1764787942335,1774.4501953125,monitor_data.speed
1764787942337,1767.096923828125,monitor_data.speed
1764787942339,1749.7547607421875,monitor_data.speed
1764787942341,1739.769775390625,monitor_data.speed
1764787942343,1741.9482421875,monitor_data.speed
1764787942345,1743.97607421875,monitor_data.speed
1764787942346,1745.880615234375,monitor_data.speed
1764787942348,1758.9716796875,monitor_data.speed
1764787942350,1759.1923828125,monitor_data.speed
1764787942304,0,monitor_data.speed_ref
1764787942306,0,monitor_data.speed_ref
1764787942309,0,monitor_data.speed_ref
1764787942310,0,monitor_data.speed_ref
1764787942312,0,monitor_data.speed_ref
1764787942314,0,monitor_data.speed_ref
1764787942317,0,monitor_data.speed_ref
1764787942319,0,monitor_data.speed_ref
1764787942321,0,monitor_data.speed_ref
1764787942323,0,monitor_data.speed_ref
1764787942325,0,monitor_data.speed_ref
1764787942327,0,monitor_data.speed_ref
1764787942329,0,monitor_data.speed_ref
1764787942332,0,monitor_data.speed_ref
1764787942333,0,monitor_data.speed_ref
1764787942335,0,monitor_data.speed_ref
1764787942337,0,monitor_data.speed_ref
1764787942339,0,monitor_data.speed_ref
1764787942341,0,monitor_data.speed_ref
1764787942343,0,monitor_data.speed_ref
1764787942345,0,monitor_data.speed_ref
1764787942346,0,monitor_data.speed_ref
1764787942348,0,monitor_data.speed_ref
1764787942350,0,monitor_data.speed_ref
1764787942353,1753.308349609375,monitor_data.speed
1764787942356,1749.3955078125,monitor_data.speed
1764787942358,1774.1417236328125,monitor_data.speed
1764787942360,1769.244384765625,monitor_data.speed
1764787942362,1777.4864501953125,monitor_data.speed
1764787942364,1773.94921875,monitor_data.speed
1764787942365,1777.0384521484375,monitor_data.speed
1764787942367,1774.1658935546875,monitor_data.speed
1764787942369,1770.991943359375,monitor_data.speed
1764787942371,1768.3353271484375,monitor_data.speed
1764787942374,1750.5960693359375,monitor_data.speed
1764787942376,1752.41845703125,monitor_data.speed
1764787942378,1748.748046875,monitor_data.speed
1764787942379,1750.65771484375,monitor_data.speed
1764787942381,1752.1640625,monitor_data.speed
1764787942383,1752.76220703125,monitor_data.speed
1764787942385,1758.553955078125,monitor_data.speed
1764787942387,1752.405517578125,monitor_data.speed
1764787942389,1741.7740478515625,monitor_data.speed
1764787942391,1749.8519287109375,monitor_data.speed
1764787942393,1776.4888916015625,monitor_data.speed
1764787942395,1772.338623046875,monitor_data.speed
1764787942397,1774.1484375,monitor_data.speed
1764787942399,1770.786376953125,monitor_data.speed
1764787942401,1767.6551513671875,monitor_data.speed
1764787942403,1781.9500732421875,monitor_data.speed
1764787942353,0,monitor_data.speed_ref
1764787942356,0,monitor_data.speed_ref
1764787942358,0,monitor_data.speed_ref
1764787942360,0,monitor_data.speed_ref
1764787942362,0,monitor_data.speed_ref
1764787942364,0,monitor_data.speed_ref
1764787942365,0,monitor_data.speed_ref
1764787942367,0,monitor_data.speed_ref
1764787942369,0,monitor_data.speed_ref
1764787942371,0,monitor_data.speed_ref
1764787942374,0,monitor_data.speed_ref
1764787942376,0,monitor_data.speed_ref
1764787942378,0,monitor_data.speed_ref
1764787942379,0,monitor_data.speed_ref
1764787942381,0,monitor_data.speed_ref
1764787942383,0,monitor_data.speed_ref
1764787942385,0,monitor_data.speed_ref
1764787942387,0,monitor_data.speed_ref
1764787942389,0,monitor_data.speed_ref
1764787942391,0,monitor_data.speed_ref
1764787942393,0,monitor_data.speed_ref
1764787942395,0,monitor_data.speed_ref
1764787942397,0,monitor_data.speed_ref
1764787942399,0,monitor_data.speed_ref
1764787942401,0,monitor_data.speed_ref
1764787942403,0,monitor_data.speed_ref
1764787942405,1777.412109375,monitor_data.speed
1764787942407,1763.315673828125,monitor_data.speed
1764787942409,1751.3543701171875,monitor_data.speed
1764787942411,1746.3575439453125,monitor_data.speed
1764787942412,1747.511962890625,monitor_data.speed
1764787942414,1748.7647705078125,monitor_data.speed
1764787942416,1755.407958984375,monitor_data.speed
1764787942418,1755.281494140625,monitor_data.speed
1764787942420,1772.6002197265625,monitor_data.speed
1764787942422,1754.17236328125,monitor_data.speed
1764787942424,1743.3687744140625,monitor_data.speed
1764787942426,1780.5045166015625,monitor_data.speed
1764787942428,1771.9097900390625,monitor_data.speed
1764787942429,1769.1976318359375,monitor_data.speed
1764787942431,1767.4453125,monitor_data.speed
1764787942433,1771.3697509765625,monitor_data.speed
1764787942434,1775.3846435546875,monitor_data.speed
1764787942436,1778.8717041015625,monitor_data.speed
1764787942438,1763.9000244140625,monitor_data.speed
1764787942440,1756.605712890625,monitor_data.speed
1764787942442,1750.4927978515625,monitor_data.speed
1764787942443,1751.5797119140625,monitor_data.speed
1764787942445,1747.5806884765625,monitor_data.speed
1764787942447,1750.0662841796875,monitor_data.speed
1764787942449,1740.7711181640625,monitor_data.speed
1764787942451,1759.7698974609375,monitor_data.speed
1764787942405,0,monitor_data.speed_ref
1764787942407,0,monitor_data.speed_ref
1764787942409,0,monitor_data.speed_ref
1764787942411,0,monitor_data.speed_ref
1764787942412,0,monitor_data.speed_ref
1764787942414,0,monitor_data.speed_ref
1764787942416,0,monitor_data.speed_ref
1764787942418,0,monitor_data.speed_ref
1764787942420,0,monitor_data.speed_ref
1764787942422,0,monitor_data.speed_ref
1764787942424,0,monitor_data.speed_ref
1764787942426,0,monitor_data.speed_ref
1764787942428,0,monitor_data.speed_ref
1764787942429,0,monitor_data.speed_ref
1764787942431,0,monitor_data.speed_ref
1764787942433,0,monitor_data.speed_ref
1764787942434,0,monitor_data.speed_ref
1764787942436,0,monitor_data.speed_ref
1764787942438,0,monitor_data.speed_ref
1764787942440,0,monitor_data.speed_ref
1764787942442,0,monitor_data.speed_ref
1764787942443,0,monitor_data.speed_ref
1764787942445,0,monitor_data.speed_ref
1764787942447,0,monitor_data.speed_ref
1764787942449,0,monitor_data.speed_ref
1764787942451,0,monitor_data.speed_ref
1764787942453,1760.1728515625,monitor_data.speed
1764787942455,1754.277587890625,monitor_data.speed
1764787942457,1748.7996826171875,monitor_data.speed
1764787942458,1738.43994140625,monitor_data.speed
1764787942460,1769.5653076171875,monitor_data.speed
1764787942462,1782.4541015625,monitor_data.speed
1764787942464,1772.843505859375,monitor_data.speed
1764787942466,1769.6077880859375,monitor_data.speed
1764787942468,1766.5906982421875,monitor_data.speed
1764787942453,0,monitor_data.speed_ref
1764787942455,0,monitor_data.speed_ref
1764787942457,0,monitor_data.speed_ref
1764787942458,0,monitor_data.speed_ref
1764787942460,0,monitor_data.speed_ref
1764787942462,0,monitor_data.speed_ref
1764787942464,0,monitor_data.speed_ref
1764787942466,0,monitor_data.speed_ref
1764787942468,0,monitor_data.speed_ref
1764787942470,1774.5965576171875,monitor_data.speed
1764787942472,1782.905517578125,monitor_data.speed
1764787942474,1773.549560546875,monitor_data.speed
1764787942476,1766.14892578125,monitor_data.speed
1764787942478,1760.6201171875,monitor_data.speed
1764787942480,1755.9654541015625,monitor_data.speed
1764787942482,1757.397216796875,monitor_data.speed
1764787942483,1746.6219482421875,monitor_data.speed
1764787942485,1752.9456787109375,monitor_data.speed
1764787942487,1752.933837890625,monitor_data.speed
1764787942489,1763.926025390625,monitor_data.speed
1764787942491,1757.9739990234375,monitor_data.speed
1764787942492,1752.9080810546875,monitor_data.speed
1764787942494,1748.9627685546875,monitor_data.speed
1764787942496,1771.1004638671875,monitor_data.speed
1764787942498,1763.6895751953125,monitor_data.speed
1764787942500,1762.59326171875,monitor_data.speed
1764787942501,1767.0391845703125,monitor_data.speed
1764787942503,1771.4901123046875,monitor_data.speed
1764787942505,1763.3372802734375,monitor_data.speed
1764787942508,1766.335205078125,monitor_data.speed
1764787942510,1754.3739013671875,monitor_data.speed
1764787942512,1750.695556640625,monitor_data.speed
1764787942515,1742.044189453125,monitor_data.speed
1764787942517,1750.4923095703125,monitor_data.speed
1764787942519,1752.0811767578125,monitor_data.speed
1764787942522,1752.685302734375,monitor_data.speed
1764787942524,1758.2825927734375,monitor_data.speed
1764787942526,1753.358154296875,monitor_data.speed
1764787942528,1755.727294921875,monitor_data.speed
1764787942531,1770.333984375,monitor_data.speed
1764787942533,1779.4693603515625,monitor_data.speed
1764787942535,1777.29345703125,monitor_data.speed
1764787942536,1775.1007080078125,monitor_data.speed
1764787942539,1765.8726806640625,monitor_data.speed
1764787942541,1763.4013671875,monitor_data.speed
1764787942543,1760.90185546875,monitor_data.speed
1764787942545,1748.8807373046875,monitor_data.speed
1764787942546,1755.7099609375,monitor_data.speed
1764787942547,1750.7999267578125,monitor_data.speed
1764787942548,1740.4915771484375,monitor_data.speed
1764787942550,1754.766357421875,monitor_data.speed
1764787942552,1750.4620361328125,monitor_data.speed
1764787942470,0,monitor_data.speed_ref
1764787942472,0,monitor_data.speed_ref
1764787942474,0,monitor_data.speed_ref
1764787942476,0,monitor_data.speed_ref
1764787942478,0,monitor_data.speed_ref
1764787942480,0,monitor_data.speed_ref
1764787942482,0,monitor_data.speed_ref
1764787942483,0,monitor_data.speed_ref
1764787942485,0,monitor_data.speed_ref
1764787942487,0,monitor_data.speed_ref
1764787942489,0,monitor_data.speed_ref
1764787942491,0,monitor_data.speed_ref
1764787942492,0,monitor_data.speed_ref
1764787942494,0,monitor_data.speed_ref
1764787942496,0,monitor_data.speed_ref
1764787942498,0,monitor_data.speed_ref
1764787942500,0,monitor_data.speed_ref
1764787942501,0,monitor_data.speed_ref
1764787942503,0,monitor_data.speed_ref
1764787942505,0,monitor_data.speed_ref
1764787942508,0,monitor_data.speed_ref
1764787942510,0,monitor_data.speed_ref
1764787942512,0,monitor_data.speed_ref
1764787942515,0,monitor_data.speed_ref
1764787942517,0,monitor_data.speed_ref
1764787942519,0,monitor_data.speed_ref
1764787942522,0,monitor_data.speed_ref
1764787942524,0,monitor_data.speed_ref
1764787942526,0,monitor_data.speed_ref
1764787942528,0,monitor_data.speed_ref
1764787942531,0,monitor_data.speed_ref
1764787942533,0,monitor_data.speed_ref
1764787942535,0,monitor_data.speed_ref
1764787942536,0,monitor_data.speed_ref
1764787942539,0,monitor_data.speed_ref
1764787942541,0,monitor_data.speed_ref
1764787942543,0,monitor_data.speed_ref
1764787942545,0,monitor_data.speed_ref
1764787942546,0,monitor_data.speed_ref
1764787942547,0,monitor_data.speed_ref
1764787942548,0,monitor_data.speed_ref
1764787942550,0,monitor_data.speed_ref
1764787942552,0,monitor_data.speed_ref
1764787942555,1763.1641845703125,monitor_data.speed
1764787942557,1763.1444091796875,monitor_data.speed
1764787942559,1763.01123046875,monitor_data.speed
1764787942561,1757.827880859375,monitor_data.speed
1764787942563,1748.456298828125,monitor_data.speed
1764787942565,1768.7755126953125,monitor_data.speed
1764787942567,1771.8814697265625,monitor_data.speed
1764787942569,1769.3685302734375,monitor_data.speed
1764787942572,1772.15283203125,monitor_data.speed
1764787942574,1774.3238525390625,monitor_data.speed
1764787942577,1775.7535400390625,monitor_data.speed
1764787942580,1751.213623046875,monitor_data.speed
1764787942582,1752.5430908203125,monitor_data.speed
1764787942584,1742.81103515625,monitor_data.speed
1764787942586,1761.6414794921875,monitor_data.speed
1764787942589,1756.4017333984375,monitor_data.speed
1764787942591,1756.1956787109375,monitor_data.speed
1764787942593,1755.920654296875,monitor_data.speed
1764787942595,1750.301025390625,monitor_data.speed
1764787942596,1740.3941650390625,monitor_data.speed
1764787942598,1792.1021728515625,monitor_data.speed
1764787942600,1780.2869873046875,monitor_data.speed
1764787942602,1780.4708251953125,monitor_data.speed
1764787942555,0,monitor_data.speed_ref
1764787942557,0,monitor_data.speed_ref
1764787942559,0,monitor_data.speed_ref
1764787942561,0,monitor_data.speed_ref
1764787942563,0,monitor_data.speed_ref
1764787942565,0,monitor_data.speed_ref
1764787942567,0,monitor_data.speed_ref
1764787942569,0,monitor_data.speed_ref
1764787942572,0,monitor_data.speed_ref
1764787942574,0,monitor_data.speed_ref
1764787942577,0,monitor_data.speed_ref
1764787942580,0,monitor_data.speed_ref
1764787942582,0,monitor_data.speed_ref
1764787942584,0,monitor_data.speed_ref
1764787942586,0,monitor_data.speed_ref
1764787942589,0,monitor_data.speed_ref
1764787942591,0,monitor_data.speed_ref
1764787942593,0,monitor_data.speed_ref
1764787942595,0,monitor_data.speed_ref
1764787942596,0,monitor_data.speed_ref
1764787942598,0,monitor_data.speed_ref
1764787942600,0,monitor_data.speed_ref
1764787942602,0,monitor_data.speed_ref
1764787942604,1776.0059814453125,monitor_data.speed
1764787942607,1782.4814453125,monitor_data.speed
1764787942609,1772.1343994140625,monitor_data.speed
1764787942611,1769.4088134765625,monitor_data.speed
1764787942613,1755.6748046875,monitor_data.speed
1764787942615,1756.6678466796875,monitor_data.speed
1764787942617,1746.569091796875,monitor_data.speed
1764787942620,1754.8590087890625,monitor_data.speed
1764787942622,1761.8720703125,monitor_data.speed
1764787942624,1761.843017578125,monitor_data.speed
1764787942626,1749.6314697265625,monitor_data.speed
1764787942628,1761.572265625,monitor_data.speed
1764787942630,1745.5511474609375,monitor_data.speed
1764787942632,1785.9000244140625,monitor_data.speed
1764787942634,1775.8148193359375,monitor_data.speed
1764787942636,1778.70263671875,monitor_data.speed
1764787942638,1779.9981689453125,monitor_data.speed
1764787942640,1776.9124755859375,monitor_data.speed
1764787942642,1779.81640625,monitor_data.speed
1764787942643,1776.761474609375,monitor_data.speed
1764787942646,1762.3643798828125,monitor_data.speed
1764787942647,1755.7415771484375,monitor_data.speed
1764787942649,1745.1094970703125,monitor_data.speed
1764787942651,1740.8818359375,monitor_data.speed
1764787942653,1754.7794189453125,monitor_data.speed
1764787942604,0,monitor_data.speed_ref
1764787942607,0,monitor_data.speed_ref
1764787942609,0,monitor_data.speed_ref
1764787942611,0,monitor_data.speed_ref
1764787942613,0,monitor_data.speed_ref
1764787942615,0,monitor_data.speed_ref
1764787942617,0,monitor_data.speed_ref
1764787942620,0,monitor_data.speed_ref
1764787942622,0,monitor_data.speed_ref
1764787942624,0,monitor_data.speed_ref
1764787942626,0,monitor_data.speed_ref
1764787942628,0,monitor_data.speed_ref
1764787942630,0,monitor_data.speed_ref
1764787942632,0,monitor_data.speed_ref
1764787942634,0,monitor_data.speed_ref
1764787942636,0,monitor_data.speed_ref
1764787942638,0,monitor_data.speed_ref
1764787942640,0,monitor_data.speed_ref
1764787942642,0,monitor_data.speed_ref
1764787942643,0,monitor_data.speed_ref
1764787942646,0,monitor_data.speed_ref
1764787942647,0,monitor_data.speed_ref
1764787942649,0,monitor_data.speed_ref
1764787942651,0,monitor_data.speed_ref
1764787942653,0,monitor_data.speed_ref
1764787942655,1750.633544921875,monitor_data.speed
1764787942657,1757.4317626953125,monitor_data.speed
1764787942660,1751.583251953125,monitor_data.speed
1764787942661,1757.1666259765625,monitor_data.speed
1764787942663,1745.67626953125,monitor_data.speed
1764787942665,1735.8851318359375,monitor_data.speed
1764787942667,1765.25146484375,monitor_data.speed
1764787942669,1767.621826171875,monitor_data.speed
1764787942671,1770.54638671875,monitor_data.speed
1764787942673,1773.758544921875,monitor_data.speed
1764787942675,1770.8692626953125,monitor_data.speed
1764787942677,1762.2515869140625,monitor_data.speed
1764787942680,1765.8165283203125,monitor_data.speed
1764787942682,1747.932861328125,monitor_data.speed
1764787942684,1755.627685546875,monitor_data.speed
1764787942686,1752.046630859375,monitor_data.speed
1764787942688,1742.8055419921875,monitor_data.speed
1764787942689,1750.228759765625,monitor_data.speed
1764787942691,1751.2008056640625,monitor_data.speed
1764787942693,1751.525146484375,monitor_data.speed
1764787942695,1757.208984375,monitor_data.speed
1764787942696,1757.0816650390625,monitor_data.speed
1764787942698,1752.16943359375,monitor_data.speed
1764787942700,1754.668212890625,monitor_data.speed
1764787942655,0,monitor_data.speed_ref
1764787942657,0,monitor_data.speed_ref
1764787942660,0,monitor_data.speed_ref
1764787942661,0,monitor_data.speed_ref
1764787942663,0,monitor_data.speed_ref
1764787942665,0,monitor_data.speed_ref
1764787942667,0,monitor_data.speed_ref
1764787942669,0,monitor_data.speed_ref
1764787942671,0,monitor_data.speed_ref
1764787942673,0,monitor_data.speed_ref
1764787942675,0,monitor_data.speed_ref
1764787942677,0,monitor_data.speed_ref
1764787942680,0,monitor_data.speed_ref
1764787942682,0,monitor_data.speed_ref
1764787942684,0,monitor_data.speed_ref
1764787942686,0,monitor_data.speed_ref
1764787942688,0,monitor_data.speed_ref
1764787942689,0,monitor_data.speed_ref
1764787942691,0,monitor_data.speed_ref
1764787942693,0,monitor_data.speed_ref
1764787942695,0,monitor_data.speed_ref
1764787942696,0,monitor_data.speed_ref
1764787942698,0,monitor_data.speed_ref
1764787942700,0,monitor_data.speed_ref
1764787942702,1782.2962646484375,monitor_data.speed
1764787942703,1768.2501220703125,monitor_data.speed
1764787942705,1771.51171875,monitor_data.speed
1764787942707,1768.88037109375,monitor_data.speed
1764787942710,1777.996826171875,monitor_data.speed
1764787942712,1775.064208984375,monitor_data.speed
1764787942714,1772.582763671875,monitor_data.speed
1764787942716,1754.5118408203125,monitor_data.speed
1764787942718,1750.6497802734375,monitor_data.speed
1764787942720,1741.5267333984375,monitor_data.speed
1764787942723,1749.8587646484375,monitor_data.speed
1764787942725,1751.516845703125,monitor_data.speed
1764787942727,1763.9027099609375,monitor_data.speed
1764787942729,1757.8397216796875,monitor_data.speed
1764787942731,1752.1475830078125,monitor_data.speed
1764787942733,1741.87353515625,monitor_data.speed
1764787942735,1777.3421630859375,monitor_data.speed
1764787942737,1778.7115478515625,monitor_data.speed
1764787942739,1780.46044921875,monitor_data.speed
1764787942741,1777.975830078125,monitor_data.speed
1764787942743,1774.5030517578125,monitor_data.speed
1764787942745,1782.9130859375,monitor_data.speed
1764787942747,1762.9232177734375,monitor_data.speed
1764787942748,1761.2322998046875,monitor_data.speed
1764787942750,1760.79345703125,monitor_data.speed
1764787942752,1755.759765625,monitor_data.speed
1764787942754,1740.2896728515625,monitor_data.speed
1764787942702,0,monitor_data.speed_ref
1764787942703,0,monitor_data.speed_ref
1764787942705,0,monitor_data.speed_ref
1764787942707,0,monitor_data.speed_ref
1764787942710,0,monitor_data.speed_ref
1764787942712,0,monitor_data.speed_ref
1764787942714,0,monitor_data.speed_ref
1764787942716,0,monitor_data.speed_ref
1764787942718,0,monitor_data.speed_ref
1764787942720,0,monitor_data.speed_ref
1764787942723,0,monitor_data.speed_ref
1764787942725,0,monitor_data.speed_ref
1764787942727,0,monitor_data.speed_ref
1764787942729,0,monitor_data.speed_ref
1764787942731,0,monitor_data.speed_ref
1764787942733,0,monitor_data.speed_ref
1764787942735,0,monitor_data.speed_ref
1764787942737,0,monitor_data.speed_ref
1764787942739,0,monitor_data.speed_ref
1764787942741,0,monitor_data.speed_ref
1764787942743,0,monitor_data.speed_ref
1764787942745,0,monitor_data.speed_ref
1764787942747,0,monitor_data.speed_ref
1764787942748,0,monitor_data.speed_ref
1764787942750,0,monitor_data.speed_ref
1764787942752,0,monitor_data.speed_ref
1764787942754,0,monitor_data.speed_ref
1764787942756,1754.80712890625,monitor_data.speed
1764787942758,1750.7889404296875,monitor_data.speed
1764787942759,1757.912109375,monitor_data.speed
1764787942761,1758.528076171875,monitor_data.speed
1764787942763,1764.5582275390625,monitor_data.speed
1764787942765,1758.4957275390625,monitor_data.speed
1764787942767,1742.1932373046875,monitor_data.speed
1764787942769,1762.5081787109375,monitor_data.speed
1764787942771,1777.01416015625,monitor_data.speed
1764787942773,1762.4930419921875,monitor_data.speed
1764787942776,1771.82958984375,monitor_data.speed
1764787942777,1775.418701171875,monitor_data.speed
1764787942779,1773.1341552734375,monitor_data.speed
1764787942781,1770.7022705078125,monitor_data.speed
1764787942783,1779.557861328125,monitor_data.speed
1764787942785,1766.6019287109375,monitor_data.speed
1764787942787,1749.44873046875,monitor_data.speed
1764787942789,1739.6036376953125,monitor_data.speed
1764787942791,1741.0091552734375,monitor_data.speed
1764787942792,1747.95166015625,monitor_data.speed
1764787942794,1754.346923828125,monitor_data.speed
1764787942796,1760.4676513671875,monitor_data.speed
1764787942798,1765.96728515625,monitor_data.speed
1764787942799,1748.2818603515625,monitor_data.speed
1764787942801,1748.7647705078125,monitor_data.speed
1764787942802,1750.3541259765625,monitor_data.speed
1764787942804,1762.7352294921875,monitor_data.speed
1764787942806,1776.513916015625,monitor_data.speed
1764787942756,0,monitor_data.speed_ref
1764787942758,0,monitor_data.speed_ref
1764787942759,0,monitor_data.speed_ref
1764787942761,0,monitor_data.speed_ref
1764787942763,0,monitor_data.speed_ref
1764787942765,0,monitor_data.speed_ref
1764787942767,0,monitor_data.speed_ref
1764787942769,0,monitor_data.speed_ref
1764787942771,0,monitor_data.speed_ref
1764787942773,0,monitor_data.speed_ref
1764787942776,0,monitor_data.speed_ref
1764787942777,0,monitor_data.speed_ref
1764787942779,0,monitor_data.speed_ref
1764787942781,0,monitor_data.speed_ref
1764787942783,0,monitor_data.speed_ref
1764787942785,0,monitor_data.speed_ref
1764787942787,0,monitor_data.speed_ref
1764787942789,0,monitor_data.speed_ref
1764787942791,0,monitor_data.speed_ref
1764787942792,0,monitor_data.speed_ref
1764787942794,0,monitor_data.speed_ref
1764787942796,0,monitor_data.speed_ref
1764787942798,0,monitor_data.speed_ref
1764787942799,0,monitor_data.speed_ref
1764787942801,0,monitor_data.speed_ref
1764787942802,0,monitor_data.speed_ref
1764787942804,0,monitor_data.speed_ref
1764787942806,0,monitor_data.speed_ref
1764787942808,1777.851806640625,monitor_data.speed
1764787942809,1780.8438720703125,monitor_data.speed
1764787942811,1777.667236328125,monitor_data.speed
1764787942813,1774.2064208984375,monitor_data.speed
1764787942815,1771.0216064453125,monitor_data.speed
1764787942817,1778.904541015625,monitor_data.speed
1764787942819,1764.60302734375,monitor_data.speed
1764787942821,1752.7449951171875,monitor_data.speed
1764787942822,1747.90380859375,monitor_data.speed
1764787942825,1755.4730224609375,monitor_data.speed
1764787942827,1762.456787109375,monitor_data.speed
1764787942829,1756.6070556640625,monitor_data.speed
1764787942831,1767.75439453125,monitor_data.speed
1764787942833,1761.3629150390625,monitor_data.speed
1764787942835,1744.51318359375,monitor_data.speed
1764787942838,1786.6357421875,monitor_data.speed
1764787942840,1775.9580078125,monitor_data.speed
1764787942842,1772.3643798828125,monitor_data.speed
1764787942843,1775.518798828125,monitor_data.speed
1764787942845,1766.315673828125,monitor_data.speed
1764787942847,1774.0068359375,monitor_data.speed
1764787942849,1783.127685546875,monitor_data.speed
1764787942850,1763.1123046875,monitor_data.speed
1764787942852,1761.5032958984375,monitor_data.speed
1764787942854,1761.752685546875,monitor_data.speed
1764787942856,1751.4141845703125,monitor_data.speed
1764787942808,0,monitor_data.speed_ref
1764787942809,0,monitor_data.speed_ref
1764787942811,0,monitor_data.speed_ref
1764787942813,0,monitor_data.speed_ref
1764787942815,0,monitor_data.speed_ref
1764787942817,0,monitor_data.speed_ref
1764787942819,0,monitor_data.speed_ref
1764787942821,0,monitor_data.speed_ref
1764787942822,0,monitor_data.speed_ref
1764787942825,0,monitor_data.speed_ref
1764787942827,0,monitor_data.speed_ref
1764787942829,0,monitor_data.speed_ref
1764787942831,0,monitor_data.speed_ref
1764787942833,0,monitor_data.speed_ref
1764787942835,0,monitor_data.speed_ref
1764787942838,0,monitor_data.speed_ref
1764787942840,0,monitor_data.speed_ref
1764787942842,0,monitor_data.speed_ref
1764787942843,0,monitor_data.speed_ref
1764787942845,0,monitor_data.speed_ref
1764787942847,0,monitor_data.speed_ref
1764787942849,0,monitor_data.speed_ref
1764787942850,0,monitor_data.speed_ref
1764787942852,0,monitor_data.speed_ref
1764787942854,0,monitor_data.speed_ref
1764787942856,0,monitor_data.speed_ref
1764787942858,1742.0875244140625,monitor_data.speed
1764787942860,1755.7967529296875,monitor_data.speed
1764787942862,1750.9527587890625,monitor_data.speed
1764787942864,1751.3822021484375,monitor_data.speed
1764787942866,1763.0457763671875,monitor_data.speed
1764787942868,1757.3232421875,monitor_data.speed
1764787942871,1747.763916015625,monitor_data.speed
1764787942873,1771.6630859375,monitor_data.speed
1764787942875,1772.8948974609375,monitor_data.speed
1764787942876,1775.325439453125,monitor_data.speed
1764787942879,1777.546142578125,monitor_data.speed
1764787942881,1773.6654052734375,monitor_data.speed
1764787942883,1781.7154541015625,monitor_data.speed
1764787942885,1766.8421630859375,monitor_data.speed
1764787942887,1753.84716796875,monitor_data.speed
1764787942889,1754.7095947265625,monitor_data.speed
1764787942890,1744.3167724609375,monitor_data.speed
1764787942892,1740.5797119140625,monitor_data.speed
1764787942894,1747.9722900390625,monitor_data.speed
1764787942896,1749.435302734375,monitor_data.speed
1764787942898,1750.1148681640625,monitor_data.speed
1764787942899,1756.056884765625,monitor_data.speed
1764787942901,1761.5067138671875,monitor_data.speed
1764787942903,1749.98291015625,monitor_data.speed
1764787942905,1740.59521484375,monitor_data.speed
1764787942858,0,monitor_data.speed_ref
1764787942860,0,monitor_data.speed_ref
1764787942862,0,monitor_data.speed_ref
1764787942864,0,monitor_data.speed_ref
1764787942866,0,monitor_data.speed_ref
1764787942868,0,monitor_data.speed_ref
1764787942871,0,monitor_data.speed_ref
1764787942873,0,monitor_data.speed_ref
1764787942875,0,monitor_data.speed_ref
1764787942876,0,monitor_data.speed_ref
1764787942879,0,monitor_data.speed_ref
1764787942881,0,monitor_data.speed_ref
1764787942883,0,monitor_data.speed_ref
1764787942885,0,monitor_data.speed_ref
1764787942887,0,monitor_data.speed_ref
1764787942889,0,monitor_data.speed_ref
1764787942890,0,monitor_data.speed_ref
1764787942892,0,monitor_data.speed_ref
1764787942894,0,monitor_data.speed_ref
1764787942896,0,monitor_data.speed_ref
1764787942898,0,monitor_data.speed_ref
1764787942899,0,monitor_data.speed_ref
1764787942901,0,monitor_data.speed_ref
1764787942903,0,monitor_data.speed_ref
1764787942905,0,monitor_data.speed_ref
1764787942907,1780.5928955078125,monitor_data.speed
1764787942909,1781.5118408203125,monitor_data.speed
1764787942911,1778.2977294921875,monitor_data.speed
1764787942913,1779.59130859375,monitor_data.speed
1764787942916,1776.0330810546875,monitor_data.speed
1764787942917,1772.595703125,monitor_data.speed
1764787942920,1769.4925537109375,monitor_data.speed
1764787942922,1757.0455322265625,monitor_data.speed
1764787942924,1752.35205078125,monitor_data.speed
1764787942926,1748.4771728515625,monitor_data.speed
1764787942928,1757.004150390625,monitor_data.speed
1764787942930,1752.6224365234375,monitor_data.speed
1764787942932,1747.2762451171875,monitor_data.speed
1764787942934,1764.7176513671875,monitor_data.speed
1764787942936,1764.4462890625,monitor_data.speed
1764787942938,1747.543701171875,monitor_data.speed
1764787942940,1738.048095703125,monitor_data.speed
1764787942942,1772.100341796875,monitor_data.speed
1764787942944,1774.4510498046875,monitor_data.speed
1764787942946,1771.97900390625,monitor_data.speed
1764787942947,1769.9033203125,monitor_data.speed
1764787942949,1773.685791015625,monitor_data.speed
1764787942951,1770.79736328125,monitor_data.speed
1764787942953,1768.05322265625,monitor_data.speed
1764787942955,1760.36328125,monitor_data.speed
1764787942907,0,monitor_data.speed_ref
1764787942909,0,monitor_data.speed_ref
1764787942911,0,monitor_data.speed_ref
1764787942913,0,monitor_data.speed_ref
1764787942916,0,monitor_data.speed_ref
1764787942917,0,monitor_data.speed_ref
1764787942920,0,monitor_data.speed_ref
1764787942922,0,monitor_data.speed_ref
1764787942924,0,monitor_data.speed_ref
1764787942926,0,monitor_data.speed_ref
1764787942928,0,monitor_data.speed_ref
1764787942930,0,monitor_data.speed_ref
1764787942932,0,monitor_data.speed_ref
1764787942934,0,monitor_data.speed_ref
1764787942936,0,monitor_data.speed_ref
1764787942938,0,monitor_data.speed_ref
1764787942940,0,monitor_data.speed_ref
1764787942942,0,monitor_data.speed_ref
1764787942944,0,monitor_data.speed_ref
1764787942946,0,monitor_data.speed_ref
1764787942947,0,monitor_data.speed_ref
1764787942949,0,monitor_data.speed_ref
1764787942951,0,monitor_data.speed_ref
1764787942953,0,monitor_data.speed_ref
1764787942955,0,monitor_data.speed_ref
1764787942957,1743.6943359375,monitor_data.speed
1764787942959,1739.60302734375,monitor_data.speed
1764787942961,1753.4327392578125,monitor_data.speed
1764787942963,1749.6553955078125,monitor_data.speed
1764787942965,1750.8980712890625,monitor_data.speed
1764787942967,1757.2349853515625,monitor_data.speed
1764787942968,1757.0982666015625,monitor_data.speed
1764787942970,1762.8988037109375,monitor_data.speed
1764787942973,1746.1990966796875,monitor_data.speed
1764787942975,1754.28759765625,monitor_data.speed
1764787942977,1781.03515625,monitor_data.speed
1764787942979,1772.149169921875,monitor_data.speed
1764787942981,1769.8017578125,monitor_data.speed
1764787942983,1767.6348876953125,monitor_data.speed
1764787942985,1764.9287109375,monitor_data.speed
1764787942987,1785.038818359375,monitor_data.speed
1764787942989,1764.1104736328125,monitor_data.speed
1764787942991,1757.3292236328125,monitor_data.speed
1764787942993,1752.4879150390625,monitor_data.speed
1764787942996,1742.5438232421875,monitor_data.speed
1764787942997,1743.9552001953125,monitor_data.speed
1764787942999,1762.324462890625,monitor_data.speed
1764787943002,1756.4447021484375,monitor_data.speed
1764787943005,1761.5126953125,monitor_data.speed
1764787943007,1744.6058349609375,monitor_data.speed
1764787942957,0,monitor_data.speed_ref
1764787942959,0,monitor_data.speed_ref
1764787942961,0,monitor_data.speed_ref
1764787942963,0,monitor_data.speed_ref
1764787942965,0,monitor_data.speed_ref
1764787942967,0,monitor_data.speed_ref
1764787942968,0,monitor_data.speed_ref
1764787942970,0,monitor_data.speed_ref
1764787942973,0,monitor_data.speed_ref
1764787942975,0,monitor_data.speed_ref
1764787942977,0,monitor_data.speed_ref
1764787942979,0,monitor_data.speed_ref
1764787942981,0,monitor_data.speed_ref
1764787942983,0,monitor_data.speed_ref
1764787942985,0,monitor_data.speed_ref
1764787942987,0,monitor_data.speed_ref
1764787942989,0,monitor_data.speed_ref
1764787942991,0,monitor_data.speed_ref
1764787942993,0,monitor_data.speed_ref
1764787942996,0,monitor_data.speed_ref
1764787942997,0,monitor_data.speed_ref
1764787942999,0,monitor_data.speed_ref
1764787943002,0,monitor_data.speed_ref
1764787943005,0,monitor_data.speed_ref
1764787943007,0,monitor_data.speed_ref
1764787943009,1752.380615234375,monitor_data.speed
1764787943011,1783.639892578125,monitor_data.speed
1764787943013,1773.6060791015625,monitor_data.speed
1764787943015,1775.446044921875,monitor_data.speed
1764787943017,1771.853759765625,monitor_data.speed
1764787943019,1779.9417724609375,monitor_data.speed
1764787943022,1782.3123779296875,monitor_data.speed
1764787943024,1760.8258056640625,monitor_data.speed
1764787943026,1760.2147216796875,monitor_data.speed
1764787943028,1748.9410400390625,monitor_data.speed
1764787943029,1744.34619140625,monitor_data.speed
1764787943031,1757.6109619140625,monitor_data.speed
1764787943033,1758.2808837890625,monitor_data.speed
1764787943035,1752.4796142578125,monitor_data.speed
1764787943038,1757.5206298828125,monitor_data.speed
1764787943040,1751.56005859375,monitor_data.speed
1764787943041,1740.95556640625,monitor_data.speed
1764787943044,1776.9517822265625,monitor_data.speed
1764787943046,1783.0648193359375,monitor_data.speed
1764787943048,1785.6640625,monitor_data.speed
1764787943050,1782.6605224609375,monitor_data.speed
1764787943051,1779.6900634765625,monitor_data.speed
1764787943009,0,monitor_data.speed_ref
1764787943011,0,monitor_data.speed_ref
1764787943013,0,monitor_data.speed_ref
1764787943015,0,monitor_data.speed_ref
1764787943017,0,monitor_data.speed_ref
1764787943019,0,monitor_data.speed_ref
1764787943022,0,monitor_data.speed_ref
1764787943024,0,monitor_data.speed_ref
1764787943026,0,monitor_data.speed_ref
1764787943028,0,monitor_data.speed_ref
1764787943029,0,monitor_data.speed_ref
1764787943031,0,monitor_data.speed_ref
1764787943033,0,monitor_data.speed_ref
1764787943035,0,monitor_data.speed_ref
1764787943038,0,monitor_data.speed_ref
1764787943040,0,monitor_data.speed_ref
1764787943041,0,monitor_data.speed_ref
1764787943044,0,monitor_data.speed_ref
1764787943046,0,monitor_data.speed_ref
1764787943048,0,monitor_data.speed_ref
1764787943050,0,monitor_data.speed_ref
1764787943051,0,monitor_data.speed_ref
1764787943053,1782.3687744140625,monitor_data.speed
1764787943055,1772.8475341796875,monitor_data.speed
1764787943057,1786.9854736328125,monitor_data.speed
1764787943059,1760.580322265625,monitor_data.speed
1764787943061,1749.080810546875,monitor_data.speed
1764787943063,1756.2998046875,monitor_data.speed
1764787943065,1751.8824462890625,monitor_data.speed
1764787943067,1747.197021484375,monitor_data.speed
1764787943070,1753.15625,monitor_data.speed
1764787943072,1764.245849609375,monitor_data.speed
1764787943074,1764.0601806640625,monitor_data.speed
1764787943076,1753.10205078125,monitor_data.speed
1764787943078,1778.5225830078125,monitor_data.speed
1764787943080,1780.7808837890625,monitor_data.speed
1764787943082,1765.8564453125,monitor_data.speed
1764787943085,1774.97216796875,monitor_data.speed
1764787943087,1777.63330078125,monitor_data.speed
1764787943089,1774.9404296875,monitor_data.speed
1764787943092,1766.6519775390625,monitor_data.speed
1764787943093,1754.67919921875,monitor_data.speed
1764787943095,1743.736572265625,monitor_data.speed
1764787943096,1745.49169921875,monitor_data.speed
1764787943098,1742.0487060546875,monitor_data.speed
1764787943100,1744.139892578125,monitor_data.speed
1764787943102,1751.5484619140625,monitor_data.speed
1764787943104,1758.423095703125,monitor_data.speed
1764787943105,1752.7481689453125,monitor_data.speed
1764787943107,1764.3372802734375,monitor_data.speed
1764787943053,0,monitor_data.speed_ref
1764787943055,0,monitor_data.speed_ref
1764787943057,0,monitor_data.speed_ref
1764787943059,0,monitor_data.speed_ref
1764787943061,0,monitor_data.speed_ref
1764787943063,0,monitor_data.speed_ref
1764787943065,0,monitor_data.speed_ref
1764787943067,0,monitor_data.speed_ref
1764787943070,0,monitor_data.speed_ref
1764787943072,0,monitor_data.speed_ref
1764787943074,0,monitor_data.speed_ref
1764787943076,0,monitor_data.speed_ref
1764787943078,0,monitor_data.speed_ref
1764787943080,0,monitor_data.speed_ref
1764787943082,0,monitor_data.speed_ref
1764787943085,0,monitor_data.speed_ref
1764787943087,0,monitor_data.speed_ref
1764787943089,0,monitor_data.speed_ref
1764787943092,0,monitor_data.speed_ref
1764787943093,0,monitor_data.speed_ref
1764787943095,0,monitor_data.speed_ref
1764787943096,0,monitor_data.speed_ref
1764787943098,0,monitor_data.speed_ref
1764787943100,0,monitor_data.speed_ref
1764787943102,0,monitor_data.speed_ref
1764787943104,0,monitor_data.speed_ref
1764787943105,0,monitor_data.speed_ref
1764787943107,0,monitor_data.speed_ref
1764787943109,1759.09228515625,monitor_data.speed
1764787943111,1737.780517578125,monitor_data.speed
1764787943113,1728.943115234375,monitor_data.speed
1764787943120,1664.4285888671875,monitor_data.speed
1764787943122,1643.657470703125,monitor_data.speed
1764787943124,1621.5379638671875,monitor_data.speed
1764787943127,1657.4810791015625,monitor_data.speed
1764787943128,1629.2630615234375,monitor_data.speed
1764787943130,1584.31298828125,monitor_data.speed
1764787943132,1565.99658203125,monitor_data.speed
1764787943133,1538.38818359375,monitor_data.speed
1764787943136,1520.8892822265625,monitor_data.speed
1764787943138,1493.3228759765625,monitor_data.speed
1764787943142,1482.0048828125,monitor_data.speed
1764787943144,1464.80517578125,monitor_data.speed
1764787943146,1455.5018310546875,monitor_data.speed
1764787943148,1446.997314453125,monitor_data.speed
1764787943151,1424.372802734375,monitor_data.speed
1764787943152,1434.4029541015625,monitor_data.speed
1764787943155,1416.821533203125,monitor_data.speed
1764787943157,1406.2816162109375,monitor_data.speed
1764787943109,0,monitor_data.speed_ref
1764787943111,0,monitor_data.speed_ref
1764787943113,0,monitor_data.speed_ref
1764787943120,0,monitor_data.speed_ref
1764787943122,0,monitor_data.speed_ref
1764787943124,0,monitor_data.speed_ref
1764787943127,0,monitor_data.speed_ref
1764787943128,0,monitor_data.speed_ref
1764787943130,0,monitor_data.speed_ref
1764787943132,0,monitor_data.speed_ref
1764787943133,0,monitor_data.speed_ref
1764787943136,0,monitor_data.speed_ref
1764787943138,0,monitor_data.speed_ref
1764787943142,0,monitor_data.speed_ref
1764787943144,0,monitor_data.speed_ref
1764787943146,0,monitor_data.speed_ref
1764787943148,0,monitor_data.speed_ref
1764787943151,0,monitor_data.speed_ref
1764787943152,0,monitor_data.speed_ref
1764787943155,0,monitor_data.speed_ref
1764787943157,0,monitor_data.speed_ref
1764787943159,1397.41162109375,monitor_data.speed
1764787943161,1397.197509765625,monitor_data.speed
1764787943162,1395.176025390625,monitor_data.speed
1764787943164,1383.7442626953125,monitor_data.speed
1764787943166,1375.32763671875,monitor_data.speed
1764787943168,1385.5135498046875,monitor_data.speed
1764787943171,1367.0247802734375,monitor_data.speed
1764787943173,1343.8673095703125,monitor_data.speed
1764787943175,1321.4378662109375,monitor_data.speed
1764787943178,1303.4302978515625,monitor_data.speed
1764787943180,1290.318359375,monitor_data.speed
1764787943182,1295.3876953125,monitor_data.speed
1764787943184,1287.7320556640625,monitor_data.speed
1764787943186,1277.5548095703125,monitor_data.speed
1764787943188,1278.2353515625,monitor_data.speed
1764787943191,1267.9578857421875,monitor_data.speed
1764787943193,1264.0770263671875,monitor_data.speed
1764787943195,1255.6630859375,monitor_data.speed
1764787943196,1239.02587890625,monitor_data.speed
1764787943198,1237.391357421875,monitor_data.speed
1764787943200,1249.46435546875,monitor_data.speed
1764787943202,1235.48681640625,monitor_data.speed
1764787943204,1222.6729736328125,monitor_data.speed
1764787943206,1229.472412109375,monitor_data.speed
1764787943208,1230.148193359375,monitor_data.speed
1764787943210,1226.394775390625,monitor_data.speed
1764787943159,0,monitor_data.speed_ref
1764787943161,0,monitor_data.speed_ref
1764787943162,0,monitor_data.speed_ref
1764787943164,0,monitor_data.speed_ref
1764787943166,0,monitor_data.speed_ref
1764787943168,0,monitor_data.speed_ref
1764787943171,0,monitor_data.speed_ref
1764787943173,0,monitor_data.speed_ref
1764787943175,0,monitor_data.speed_ref
1764787943178,0,monitor_data.speed_ref
1764787943180,0,monitor_data.speed_ref
1764787943182,0,monitor_data.speed_ref
1764787943184,0,monitor_data.speed_ref
1764787943186,0,monitor_data.speed_ref
1764787943188,0,monitor_data.speed_ref
1764787943191,0,monitor_data.speed_ref
1764787943193,0,monitor_data.speed_ref
1764787943195,0,monitor_data.speed_ref
1764787943196,0,monitor_data.speed_ref
1764787943198,0,monitor_data.speed_ref
1764787943200,0,monitor_data.speed_ref
1764787943202,0,monitor_data.speed_ref
1764787943204,0,monitor_data.speed_ref
1764787943206,0,monitor_data.speed_ref
1764787943208,0,monitor_data.speed_ref
1764787943210,0,monitor_data.speed_ref
1764787943211,1223.3438720703125,monitor_data.speed
1764787943213,1225.2764892578125,monitor_data.speed
1764787943215,1225.5224609375,monitor_data.speed
1764787943217,1259.1485595703125,monitor_data.speed
1764787943220,1254.3514404296875,monitor_data.speed
1764787943222,1239.0875244140625,monitor_data.speed
1764787943223,1228.8653564453125,monitor_data.speed
1764787943225,1213.766357421875,monitor_data.speed
1764787943227,1200.633056640625,monitor_data.speed
1764787943230,1200.599853515625,monitor_data.speed
1764787943231,1197.155517578125,monitor_data.speed
1764787943233,1188.0408935546875,monitor_data.speed
1764787943235,1184.8341064453125,monitor_data.speed
1764787943237,1180.908203125,monitor_data.speed
1764787943239,1189.78759765625,monitor_data.speed
1764787943241,1181.5689697265625,monitor_data.speed
1764787943243,1173.8985595703125,monitor_data.speed
1764787943245,1173.4744873046875,monitor_data.speed
1764787943247,1162.80810546875,monitor_data.speed
1764787943249,1159.128662109375,monitor_data.speed
1764787943250,1172.324462890625,monitor_data.speed
1764787943211,0,monitor_data.speed_ref
1764787943213,0,monitor_data.speed_ref
1764787943215,0,monitor_data.speed_ref
1764787943217,0,monitor_data.speed_ref
1764787943220,0,monitor_data.speed_ref
1764787943222,0,monitor_data.speed_ref
1764787943223,0,monitor_data.speed_ref
1764787943225,0,monitor_data.speed_ref
1764787943227,0,monitor_data.speed_ref
1764787943230,0,monitor_data.speed_ref
1764787943231,0,monitor_data.speed_ref
1764787943233,0,monitor_data.speed_ref
1764787943235,0,monitor_data.speed_ref
1764787943237,0,monitor_data.speed_ref
1764787943239,0,monitor_data.speed_ref
1764787943241,0,monitor_data.speed_ref
1764787943243,0,monitor_data.speed_ref
1764787943245,0,monitor_data.speed_ref
1764787943247,0,monitor_data.speed_ref
1764787943249,0,monitor_data.speed_ref
1764787943250,0,monitor_data.speed_ref
1764787943252,1162.1058349609375,monitor_data.speed
1764787943254,1163.5853271484375,monitor_data.speed
1764787943256,1154.7431640625,monitor_data.speed
1764787943258,1151.864501953125,monitor_data.speed
1764787943260,1154.796630859375,monitor_data.speed
1764787943262,1151.800537109375,monitor_data.speed
1764787943264,1149.6541748046875,monitor_data.speed
1764787943266,1147.3931884765625,monitor_data.speed
1764787943267,1145.1624755859375,monitor_data.speed
1764787943270,1197.7806396484375,monitor_data.speed
1764787943272,1182.988525390625,monitor_data.speed
1764787943274,1164.7471923828125,monitor_data.speed
1764787943275,1160.399658203125,monitor_data.speed
1764787943277,1145.554931640625,monitor_data.speed
1764787943279,1133.775390625,monitor_data.speed
1764787943281,1130.3592529296875,monitor_data.speed
1764787943283,1127.0692138671875,monitor_data.speed
1764787943285,1126.1397705078125,monitor_data.speed
1764787943287,1127.111328125,monitor_data.speed
1764787943290,1115.6004638671875,monitor_data.speed
1764787943292,1114.1756591796875,monitor_data.speed
1764787943294,1119.8758544921875,monitor_data.speed
1764787943296,1113.03759765625,monitor_data.speed
1764787943297,1111.6807861328125,monitor_data.speed
1764787943299,1105.3819580078125,monitor_data.speed
1764787943301,1090.6656494140625,monitor_data.speed
1764787943303,1087.7628173828125,monitor_data.speed
1764787943305,1102.8582763671875,monitor_data.speed
1764787943307,1098.227294921875,monitor_data.speed
1764787943309,1089.415283203125,monitor_data.speed
1764787943311,1089.792236328125,monitor_data.speed
1764787943313,1079.9903564453125,monitor_data.speed
1764787943252,0,monitor_data.speed_ref
1764787943254,0,monitor_data.speed_ref
1764787943256,0,monitor_data.speed_ref
1764787943258,0,monitor_data.speed_ref
1764787943260,0,monitor_data.speed_ref
1764787943262,0,monitor_data.speed_ref
1764787943264,0,monitor_data.speed_ref
1764787943266,0,monitor_data.speed_ref
1764787943267,0,monitor_data.speed_ref
1764787943270,0,monitor_data.speed_ref
1764787943272,0,monitor_data.speed_ref
1764787943274,0,monitor_data.speed_ref
1764787943275,0,monitor_data.speed_ref
1764787943277,0,monitor_data.speed_ref
1764787943279,0,monitor_data.speed_ref
1764787943281,0,monitor_data.speed_ref
1764787943283,0,monitor_data.speed_ref
1764787943285,0,monitor_data.speed_ref
1764787943287,0,monitor_data.speed_ref
1764787943290,0,monitor_data.speed_ref
1764787943292,0,monitor_data.speed_ref
1764787943294,0,monitor_data.speed_ref
1764787943296,0,monitor_data.speed_ref
1764787943297,0,monitor_data.speed_ref
1764787943299,0,monitor_data.speed_ref
1764787943301,0,monitor_data.speed_ref
1764787943303,0,monitor_data.speed_ref
1764787943305,0,monitor_data.speed_ref
1764787943307,0,monitor_data.speed_ref
1764787943309,0,monitor_data.speed_ref
1764787943311,0,monitor_data.speed_ref
1764787943313,0,monitor_data.speed_ref
1764787943315,1086.1893310546875,monitor_data.speed
1764787943317,1080.973876953125,monitor_data.speed
1764787943320,1088.6856689453125,monitor_data.speed
1764787943322,1078.8277587890625,monitor_data.speed
1764787943324,1093.9957275390625,monitor_data.speed
1764787943325,1129.6376953125,monitor_data.speed
1764787943328,1107.856201171875,monitor_data.speed
1764787943330,1092.96923828125,monitor_data.speed
1764787943332,1074.78173828125,monitor_data.speed
1764787943334,1072.997314453125,monitor_data.speed
1764787943336,1060.103515625,monitor_data.speed
1764787943339,1057.9373779296875,monitor_data.speed
1764787943341,1055.56494140625,monitor_data.speed
1764787943343,1047.8487548828125,monitor_data.speed
1764787943345,1046.1573486328125,monitor_data.speed
1764787943347,1045.9168701171875,monitor_data.speed
1764787943349,1045.791259765625,monitor_data.speed
1764787943351,1043.7281494140625,monitor_data.speed
1764787943353,1041.873046875,monitor_data.speed
1764787943355,1034.27880859375,monitor_data.speed
1764787943357,1029.6627197265625,monitor_data.speed
1764787943359,1027.717041015625,monitor_data.speed
1764787943361,1032.9091796875,monitor_data.speed
1764787943363,1030.98876953125,monitor_data.speed
1764787943365,1031.846435546875,monitor_data.speed
1764787943315,0,monitor_data.speed_ref
1764787943317,0,monitor_data.speed_ref
1764787943320,0,monitor_data.speed_ref
1764787943322,0,monitor_data.speed_ref
1764787943324,0,monitor_data.speed_ref
1764787943325,0,monitor_data.speed_ref
1764787943328,0,monitor_data.speed_ref
1764787943330,0,monitor_data.speed_ref
1764787943332,0,monitor_data.speed_ref
1764787943334,0,monitor_data.speed_ref
1764787943336,0,monitor_data.speed_ref
1764787943339,0,monitor_data.speed_ref
1764787943341,0,monitor_data.speed_ref
1764787943343,0,monitor_data.speed_ref
1764787943345,0,monitor_data.speed_ref
1764787943347,0,monitor_data.speed_ref
1764787943349,0,monitor_data.speed_ref
1764787943351,0,monitor_data.speed_ref
1764787943353,0,monitor_data.speed_ref
1764787943355,0,monitor_data.speed_ref
1764787943357,0,monitor_data.speed_ref
1764787943359,0,monitor_data.speed_ref
1764787943361,0,monitor_data.speed_ref
1764787943363,0,monitor_data.speed_ref
1764787943365,0,monitor_data.speed_ref
1764787943367,1022.709716796875,monitor_data.speed
1764787943370,1023.4019165039062,monitor_data.speed
1764787943372,1014.36669921875,monitor_data.speed
1764787943374,1020.3571166992188,monitor_data.speed
1764787943376,1010.2276000976562,monitor_data.speed
1764787943378,1019.5610961914062,monitor_data.speed
1764787943380,1013.1203002929688,monitor_data.speed
1764787943382,1014.1300048828125,monitor_data.speed
1764787943384,1067.02392578125,monitor_data.speed
1764787943386,1041.4234619140625,monitor_data.speed
1764787943389,1022.9597778320312,monitor_data.speed
1764787943391,1011.7525634765625,monitor_data.speed
1764787943393,1002.4868774414062,monitor_data.speed
1764787943395,990.5330200195312,monitor_data.speed
1764787943397,989.9827880859375,monitor_data.speed
1764787943398,985.953857421875,monitor_data.speed
1764787943400,978.4679565429688,monitor_data.speed
1764787943403,982.8425903320312,monitor_data.speed
1764787943405,983.2839965820312,monitor_data.speed
1764787943407,984.677734375,monitor_data.speed
1764787943408,982.2540283203125,monitor_data.speed
1764787943410,975.8750610351562,monitor_data.speed
1764787943412,977.7119140625,monitor_data.speed
1764787943413,971.9371337890625,monitor_data.speed
1764787943415,976.2136840820312,monitor_data.speed
1764787943416,973.4121704101562,monitor_data.speed
1764787943367,0,monitor_data.speed_ref
1764787943370,0,monitor_data.speed_ref
1764787943372,0,monitor_data.speed_ref
1764787943374,0,monitor_data.speed_ref
1764787943376,0,monitor_data.speed_ref
1764787943378,0,monitor_data.speed_ref
1764787943380,0,monitor_data.speed_ref
1764787943382,0,monitor_data.speed_ref
1764787943384,0,monitor_data.speed_ref
1764787943386,0,monitor_data.speed_ref
1764787943389,0,monitor_data.speed_ref
1764787943391,0,monitor_data.speed_ref
1764787943393,0,monitor_data.speed_ref
1764787943395,0,monitor_data.speed_ref
1764787943397,0,monitor_data.speed_ref
1764787943398,0,monitor_data.speed_ref
1764787943400,0,monitor_data.speed_ref
1764787943403,0,monitor_data.speed_ref
1764787943405,0,monitor_data.speed_ref
1764787943407,0,monitor_data.speed_ref
1764787943408,0,monitor_data.speed_ref
1764787943410,0,monitor_data.speed_ref
1764787943412,0,monitor_data.speed_ref
1764787943413,0,monitor_data.speed_ref
1764787943415,0,monitor_data.speed_ref
1764787943416,0,monitor_data.speed_ref
1764787943418,962.1986083984375,monitor_data.speed
1764787943421,950.843994140625,monitor_data.speed
1764787943423,961.1903076171875,monitor_data.speed
1764787943425,964.7439575195312,monitor_data.speed
1764787943426,966.9651489257812,monitor_data.speed
1764787943429,965.7868041992188,monitor_data.speed
1764787943431,959.3139038085938,monitor_data.speed
1764787943432,957.349609375,monitor_data.speed
1764787943434,951.9036865234375,monitor_data.speed
1764787943436,948.5531616210938,monitor_data.speed
1764787943438,949.6898803710938,monitor_data.speed
1764787943440,952.1471557617188,monitor_data.speed
1764787943442,949.8993530273438,monitor_data.speed
1764787943444,942.9149169921875,monitor_data.speed
1764787943447,962.6644287109375,monitor_data.speed
1764787943448,966.0829467773438,monitor_data.speed
1764787943450,964.0267944335938,monitor_data.speed
1764787943451,950.7273559570312,monitor_data.speed
1764787943453,934.3942260742188,monitor_data.speed
1764787943455,927.3792114257812,monitor_data.speed
1764787943457,915.9376220703125,monitor_data.speed
1764787943459,912.2335815429688,monitor_data.speed
1764787943461,912.3184814453125,monitor_data.speed
1764787943462,914.326416015625,monitor_data.speed
1764787943463,906.0482177734375,monitor_data.speed
1764787943465,909.1159057617188,monitor_data.speed
1764787943467,905.85546875,monitor_data.speed
1764787943418,0,monitor_data.speed_ref
1764787943421,0,monitor_data.speed_ref
1764787943423,0,monitor_data.speed_ref
1764787943425,0,monitor_data.speed_ref
1764787943426,0,monitor_data.speed_ref
1764787943429,0,monitor_data.speed_ref
1764787943431,0,monitor_data.speed_ref
1764787943432,0,monitor_data.speed_ref
1764787943434,0,monitor_data.speed_ref
1764787943436,0,monitor_data.speed_ref
1764787943438,0,monitor_data.speed_ref
1764787943440,0,monitor_data.speed_ref
1764787943442,0,monitor_data.speed_ref
1764787943444,0,monitor_data.speed_ref
1764787943447,0,monitor_data.speed_ref
1764787943448,0,monitor_data.speed_ref
1764787943450,0,monitor_data.speed_ref
1764787943451,0,monitor_data.speed_ref
1764787943453,0,monitor_data.speed_ref
1764787943455,0,monitor_data.speed_ref
1764787943457,0,monitor_data.speed_ref
1764787943459,0,monitor_data.speed_ref
1764787943461,0,monitor_data.speed_ref
1764787943462,0,monitor_data.speed_ref
1764787943463,0,monitor_data.speed_ref
1764787943465,0,monitor_data.speed_ref
1764787943467,0,monitor_data.speed_ref
1764787943470,911.3946533203125,monitor_data.speed
1764787943472,905.1695556640625,monitor_data.speed
1764787943474,907.8096313476562,monitor_data.speed
1764787943476,902.1387329101562,monitor_data.speed
1764787943478,903.2796630859375,monitor_data.speed
1764787943480,898.9505004882812,monitor_data.speed
1764787943482,893.1446533203125,monitor_data.speed
1764787943484,890.9271850585938,monitor_data.speed
1764787943486,880.8892211914062,monitor_data.speed
1764787943488,884.0159301757812,monitor_data.speed
1764787943490,895.76953125,monitor_data.speed
1764787943492,893.2532958984375,monitor_data.speed
1764787943494,896.2472534179688,monitor_data.speed
1764787943496,885.7705688476562,monitor_data.speed
1764787943498,882.0032958984375,monitor_data.speed
1764787943500,881.4055786132812,monitor_data.speed
1764787943502,872.6846313476562,monitor_data.speed
1764787943504,876.0025634765625,monitor_data.speed
1764787943506,873.696533203125,monitor_data.speed
1764787943508,874.81005859375,monitor_data.speed
1764787943510,872.8633422851562,monitor_data.speed
1764787943512,868.77734375,monitor_data.speed
1764787943514,888.212646484375,monitor_data.speed
1764787943516,924.7705078125,monitor_data.speed
1764787943518,906.923095703125,monitor_data.speed
1764787943470,0,monitor_data.speed_ref
1764787943472,0,monitor_data.speed_ref
1764787943474,0,monitor_data.speed_ref
1764787943476,0,monitor_data.speed_ref
1764787943478,0,monitor_data.speed_ref
1764787943480,0,monitor_data.speed_ref
1764787943482,0,monitor_data.speed_ref
1764787943484,0,monitor_data.speed_ref
1764787943486,0,monitor_data.speed_ref
1764787943488,0,monitor_data.speed_ref
1764787943490,0,monitor_data.speed_ref
1764787943492,0,monitor_data.speed_ref
1764787943494,0,monitor_data.speed_ref
1764787943496,0,monitor_data.speed_ref
1764787943498,0,monitor_data.speed_ref
1764787943500,0,monitor_data.speed_ref
1764787943502,0,monitor_data.speed_ref
1764787943504,0,monitor_data.speed_ref
1764787943506,0,monitor_data.speed_ref
1764787943508,0,monitor_data.speed_ref
1764787943510,0,monitor_data.speed_ref
1764787943512,0,monitor_data.speed_ref
1764787943514,0,monitor_data.speed_ref
1764787943516,0,monitor_data.speed_ref
1764787943518,0,monitor_data.speed_ref
1764787943520,888.0935668945312,monitor_data.speed
1764787943522,878.9901733398438,monitor_data.speed
1764787943523,868.2173461914062,monitor_data.speed
1764787943525,853.8544921875,monitor_data.speed
1764787943527,847.7080688476562,monitor_data.speed
1764787943530,849.5886840820312,monitor_data.speed
1764787943532,844.5668334960938,monitor_data.speed
1764787943534,840.8401489257812,monitor_data.speed
1764787943536,839.2691040039062,monitor_data.speed
1764787943538,833.6312255859375,monitor_data.speed
1764787943540,830.66552734375,monitor_data.speed
1764787943542,832.0927734375,monitor_data.speed
1764787943544,829.7312622070312,monitor_data.speed
1764787943546,833.4485473632812,monitor_data.speed
1764787943548,826.6981811523438,monitor_data.speed
1764787943550,827.27392578125,monitor_data.speed
1764787943552,819.5906982421875,monitor_data.speed
1764787943555,810.9725952148438,monitor_data.speed
1764787943557,812.8017578125,monitor_data.speed
1764787943559,801.0689697265625,monitor_data.speed
1764787943560,805.5223388671875,monitor_data.speed
1764787943562,812.436767578125,monitor_data.speed
1764787943564,810.2908935546875,monitor_data.speed
1764787943566,814.3856201171875,monitor_data.speed
1764787943520,0,monitor_data.speed_ref
1764787943522,0,monitor_data.speed_ref
1764787943523,0,monitor_data.speed_ref
1764787943525,0,monitor_data.speed_ref
1764787943527,0,monitor_data.speed_ref
1764787943530,0,monitor_data.speed_ref
1764787943532,0,monitor_data.speed_ref
1764787943534,0,monitor_data.speed_ref
1764787943536,0,monitor_data.speed_ref
1764787943538,0,monitor_data.speed_ref
1764787943540,0,monitor_data.speed_ref
1764787943542,0,monitor_data.speed_ref
1764787943544,0,monitor_data.speed_ref
1764787943546,0,monitor_data.speed_ref
1764787943548,0,monitor_data.speed_ref
1764787943550,0,monitor_data.speed_ref
1764787943552,0,monitor_data.speed_ref
1764787943555,0,monitor_data.speed_ref
1764787943557,0,monitor_data.speed_ref
1764787943559,0,monitor_data.speed_ref
1764787943560,0,monitor_data.speed_ref
1764787943562,0,monitor_data.speed_ref
1764787943564,0,monitor_data.speed_ref
1764787943566,0,monitor_data.speed_ref
1764787943568,802.5874633789062,monitor_data.speed
1764787943571,805.931640625,monitor_data.speed
1764787943573,801.6075439453125,monitor_data.speed
1764787943575,799.4187622070312,monitor_data.speed
1764787943577,795.904052734375,monitor_data.speed
1764787943579,796.8308715820312,monitor_data.speed
1764787943581,795.6790161132812,monitor_data.speed
1764787943584,796.69970703125,monitor_data.speed
1764787943586,786.2442626953125,monitor_data.speed
1764787943589,816.953369140625,monitor_data.speed
1764787943591,813.43359375,monitor_data.speed
1764787943593,802.1051635742188,monitor_data.speed
1764787943595,789.2754516601562,monitor_data.speed
1764787943597,782.29248046875,monitor_data.speed
1764787943599,771.406005859375,monitor_data.speed
1764787943602,767.9807739257812,monitor_data.speed
1764787943604,760.4703369140625,monitor_data.speed
1764787943607,754.6182861328125,monitor_data.speed
1764787943609,756.5838012695312,monitor_data.speed
1764787943611,754.643310546875,monitor_data.speed
1764787943613,749.5250244140625,monitor_data.speed
1764787943615,753.8419799804688,monitor_data.speed
1764787943617,748.1021118164062,monitor_data.speed
1764787943568,0,monitor_data.speed_ref
1764787943571,0,monitor_data.speed_ref
1764787943573,0,monitor_data.speed_ref
1764787943575,0,monitor_data.speed_ref
1764787943577,0,monitor_data.speed_ref
1764787943579,0,monitor_data.speed_ref
1764787943581,0,monitor_data.speed_ref
1764787943584,0,monitor_data.speed_ref
1764787943586,0,monitor_data.speed_ref
1764787943589,0,monitor_data.speed_ref
1764787943591,0,monitor_data.speed_ref
1764787943593,0,monitor_data.speed_ref
1764787943595,0,monitor_data.speed_ref
1764787943597,0,monitor_data.speed_ref
1764787943599,0,monitor_data.speed_ref
1764787943602,0,monitor_data.speed_ref
1764787943604,0,monitor_data.speed_ref
1764787943607,0,monitor_data.speed_ref
1764787943609,0,monitor_data.speed_ref
1764787943611,0,monitor_data.speed_ref
1764787943613,0,monitor_data.speed_ref
1764787943615,0,monitor_data.speed_ref
1764787943617,0,monitor_data.speed_ref
1764787943619,749.112060546875,monitor_data.speed
1764787943621,753.88232421875,monitor_data.speed
1764787943623,751.3440551757812,monitor_data.speed
1764787943625,751.378173828125,monitor_data.speed
1764787943627,748.490966796875,monitor_data.speed
1764787943629,744.530029296875,monitor_data.speed
1764787943631,739.728515625,monitor_data.speed
1764787943634,730.17431640625,monitor_data.speed
1764787943636,730.5134887695312,monitor_data.speed
1764787943638,721.9600830078125,monitor_data.speed
1764787943640,719.8663940429688,monitor_data.speed
1764787943642,735.6942138671875,monitor_data.speed
1764787943644,734.1784057617188,monitor_data.speed
1764787943646,729.5505981445312,monitor_data.speed
1764787943648,727.0886840820312,monitor_data.speed
1764787943650,726.8523559570312,monitor_data.speed
1764787943652,722.788818359375,monitor_data.speed
1764787943654,723.8995971679688,monitor_data.speed
1764787943656,716.3670654296875,monitor_data.speed
1764787943658,715.0303955078125,monitor_data.speed
1764787943660,712.6369018554688,monitor_data.speed
1764787943661,711.0853271484375,monitor_data.speed
1764787943663,710.55712890625,monitor_data.speed
1764787943665,710.6536254882812,monitor_data.speed
1764787943667,708.1007080078125,monitor_data.speed
1764787943669,710.8187866210938,monitor_data.speed
1764787943619,0,monitor_data.speed_ref
1764787943621,0,monitor_data.speed_ref
1764787943623,0,monitor_data.speed_ref
1764787943625,0,monitor_data.speed_ref
1764787943627,0,monitor_data.speed_ref
1764787943629,0,monitor_data.speed_ref
1764787943631,0,monitor_data.speed_ref
1764787943634,0,monitor_data.speed_ref
1764787943636,0,monitor_data.speed_ref
1764787943638,0,monitor_data.speed_ref
1764787943640,0,monitor_data.speed_ref
1764787943642,0,monitor_data.speed_ref
1764787943644,0,monitor_data.speed_ref
1764787943646,0,monitor_data.speed_ref
1764787943648,0,monitor_data.speed_ref
1764787943650,0,monitor_data.speed_ref
1764787943652,0,monitor_data.speed_ref
1764787943654,0,monitor_data.speed_ref
1764787943656,0,monitor_data.speed_ref
1764787943658,0,monitor_data.speed_ref
1764787943660,0,monitor_data.speed_ref
1764787943661,0,monitor_data.speed_ref
1764787943663,0,monitor_data.speed_ref
1764787943665,0,monitor_data.speed_ref
1764787943667,0,monitor_data.speed_ref
1764787943669,0,monitor_data.speed_ref
1764787943671,723.0731811523438,monitor_data.speed
1764787943673,731.6762084960938,monitor_data.speed
1764787943675,716.0382690429688,monitor_data.speed
1764787943678,711.3677978515625,monitor_data.speed
1764787943680,698.1658325195312,monitor_data.speed
1764787943682,688.0772094726562,monitor_data.speed
1764787943684,686.366455078125,monitor_data.speed
1764787943686,686.0615234375,monitor_data.speed
1764787943688,678.4700927734375,monitor_data.speed
1764787943690,670.5115966796875,monitor_data.speed
1764787943692,671.9132690429688,monitor_data.speed
1764787943695,670.2431030273438,monitor_data.speed
1764787943697,669.4616088867188,monitor_data.speed
1764787943699,669.75146484375,monitor_data.speed
1764787943701,665.6837768554688,monitor_data.speed
1764787943703,670.709716796875,monitor_data.speed
1764787943705,665.6148071289062,monitor_data.speed
1764787943707,667.26220703125,monitor_data.speed
1764787943709,664.1156616210938,monitor_data.speed
1764787943711,661.406005859375,monitor_data.speed
1764787943713,658.9509887695312,monitor_data.speed
1764787943714,660.4688720703125,monitor_data.speed
1764787943716,659.8643188476562,monitor_data.speed
1764787943718,657.3416137695312,monitor_data.speed
1764787943671,0,monitor_data.speed_ref
1764787943673,0,monitor_data.speed_ref
1764787943675,0,monitor_data.speed_ref
1764787943678,0,monitor_data.speed_ref
1764787943680,0,monitor_data.speed_ref
1764787943682,0,monitor_data.speed_ref
1764787943684,0,monitor_data.speed_ref
1764787943686,0,monitor_data.speed_ref
1764787943688,0,monitor_data.speed_ref
1764787943690,0,monitor_data.speed_ref
1764787943692,0,monitor_data.speed_ref
1764787943695,0,monitor_data.speed_ref
1764787943697,0,monitor_data.speed_ref
1764787943699,0,monitor_data.speed_ref
1764787943701,0,monitor_data.speed_ref
1764787943703,0,monitor_data.speed_ref
1764787943705,0,monitor_data.speed_ref
1764787943707,0,monitor_data.speed_ref
1764787943709,0,monitor_data.speed_ref
1764787943711,0,monitor_data.speed_ref
1764787943713,0,monitor_data.speed_ref
1764787943714,0,monitor_data.speed_ref
1764787943716,0,monitor_data.speed_ref
1764787943718,0,monitor_data.speed_ref
1764787943720,648.7316284179688,monitor_data.speed
1764787943722,644.1272583007812,monitor_data.speed
1764787943724,643.5326538085938,monitor_data.speed
1764787943726,631.7683715820312,monitor_data.speed
1764787943728,632.9987182617188,monitor_data.speed
1764787943731,653.2010498046875,monitor_data.speed
1764787943733,647.6898803710938,monitor_data.speed
1764787943734,642.8898315429688,monitor_data.speed
1764787943736,648.968017578125,monitor_data.speed
1764787943738,637.5234375,monitor_data.speed
1764787943740,633.063232421875,monitor_data.speed
1764787943742,635.5616455078125,monitor_data.speed
1764787943744,631.188720703125,monitor_data.speed
1764787943746,628.957275390625,monitor_data.speed
1764787943748,626.893310546875,monitor_data.speed
1764787943750,630.5986328125,monitor_data.speed
1764787943752,623.9517211914062,monitor_data.speed
1764787943754,621.6101684570312,monitor_data.speed
1764787943756,620.179931640625,monitor_data.speed
1764787943758,618.863525390625,monitor_data.speed
1764787943760,619.5013427734375,monitor_data.speed
1764787943762,613.604248046875,monitor_data.speed
1764787943763,614.7859497070312,monitor_data.speed
1764787943765,633.9972534179688,monitor_data.speed
1764787943767,642.8580322265625,monitor_data.speed
1764787943769,625.938720703125,monitor_data.speed
1764787943720,0,monitor_data.speed_ref
1764787943722,0,monitor_data.speed_ref
1764787943724,0,monitor_data.speed_ref
1764787943726,0,monitor_data.speed_ref
1764787943728,0,monitor_data.speed_ref
1764787943731,0,monitor_data.speed_ref
1764787943733,0,monitor_data.speed_ref
1764787943734,0,monitor_data.speed_ref
1764787943736,0,monitor_data.speed_ref
1764787943738,0,monitor_data.speed_ref
1764787943740,0,monitor_data.speed_ref
1764787943742,0,monitor_data.speed_ref
1764787943744,0,monitor_data.speed_ref
1764787943746,0,monitor_data.speed_ref
1764787943748,0,monitor_data.speed_ref
1764787943750,0,monitor_data.speed_ref
1764787943752,0,monitor_data.speed_ref
1764787943754,0,monitor_data.speed_ref
1764787943756,0,monitor_data.speed_ref
1764787943758,0,monitor_data.speed_ref
1764787943760,0,monitor_data.speed_ref
1764787943762,0,monitor_data.speed_ref
1764787943763,0,monitor_data.speed_ref
1764787943765,0,monitor_data.speed_ref
1764787943767,0,monitor_data.speed_ref
1764787943769,0,monitor_data.speed_ref
1764787943771,617.4227905273438,monitor_data.speed
1764787943773,611.9994506835938,monitor_data.speed
1764787943775,601.4505615234375,monitor_data.speed
1764787943777,598.1432495117188,monitor_data.speed
1764787943779,590.1747436523438,monitor_data.speed
1764787943781,589.353759765625,monitor_data.speed
1764787943783,583.5556640625,monitor_data.speed
1764787943785,584.154296875,monitor_data.speed
1764787943788,579.2777709960938,monitor_data.speed
1764787943789,580.5651245117188,monitor_data.speed
1764787943791,576.0630493164062,monitor_data.speed
1764787943793,578.1101684570312,monitor_data.speed
1764787943795,574.0996704101562,monitor_data.speed
1764787943796,575.654296875,monitor_data.speed
1764787943799,572.7921142578125,monitor_data.speed
1764787943801,575.4693603515625,monitor_data.speed
1764787943803,572.2706298828125,monitor_data.speed
1764787943805,574.3550415039062,monitor_data.speed
1764787943806,571.3004760742188,monitor_data.speed
1764787943808,568.5779418945312,monitor_data.speed
1764787943810,571.3837280273438,monitor_data.speed
1764787943811,568.2796020507812,monitor_data.speed
1764787943813,565.5437622070312,monitor_data.speed
1764787943815,563.5616455078125,monitor_data.speed
1764787943817,562.5135498046875,monitor_data.speed
1764787943819,556.9629516601562,monitor_data.speed
1764787943771,0,monitor_data.speed_ref
1764787943773,0,monitor_data.speed_ref
1764787943775,0,monitor_data.speed_ref
1764787943777,0,monitor_data.speed_ref
1764787943779,0,monitor_data.speed_ref
1764787943781,0,monitor_data.speed_ref
1764787943783,0,monitor_data.speed_ref
1764787943785,0,monitor_data.speed_ref
1764787943788,0,monitor_data.speed_ref
1764787943789,0,monitor_data.speed_ref
1764787943791,0,monitor_data.speed_ref
1764787943793,0,monitor_data.speed_ref
1764787943795,0,monitor_data.speed_ref
1764787943796,0,monitor_data.speed_ref
1764787943799,0,monitor_data.speed_ref
1764787943801,0,monitor_data.speed_ref
1764787943803,0,monitor_data.speed_ref
1764787943805,0,monitor_data.speed_ref
1764787943806,0,monitor_data.speed_ref
1764787943808,0,monitor_data.speed_ref
1764787943810,0,monitor_data.speed_ref
1764787943811,0,monitor_data.speed_ref
1764787943813,0,monitor_data.speed_ref
1764787943815,0,monitor_data.speed_ref
1764787943817,0,monitor_data.speed_ref
1764787943819,0,monitor_data.speed_ref
1764787943821,557.4234008789062,monitor_data.speed
1764787943823,551.6859130859375,monitor_data.speed
1764787943825,546.8040771484375,monitor_data.speed
1764787943827,542.5610961914062,monitor_data.speed
1764787943829,538.8088989257812,monitor_data.speed
1764787943831,537.1663208007812,monitor_data.speed
1764787943832,534.0573120117188,monitor_data.speed
1764787943834,557.3156127929688,monitor_data.speed
1764787943837,556.9317626953125,monitor_data.speed
1764787943839,557.966552734375,monitor_data.speed
1764787943842,553.5089721679688,monitor_data.speed
1764787943844,548.6519165039062,monitor_data.speed
1764787943846,544.9439086914062,monitor_data.speed
1764787943848,537.3956909179688,monitor_data.speed
1764787943850,540.5994262695312,monitor_data.speed
1764787943853,528.8466186523438,monitor_data.speed
1764787943854,526.3922119140625,monitor_data.speed
1764787943856,527.8873901367188,monitor_data.speed
1764787943857,531.8738403320312,monitor_data.speed
1764787943859,526.0033569335938,monitor_data.speed
1764787943862,527.7154541015625,monitor_data.speed
1764787943863,518.3876342773438,monitor_data.speed
1764787943864,521.7380981445312,monitor_data.speed
1764787943866,520.4531860351562,monitor_data.speed
1764787943868,521.935791015625,monitor_data.speed
1764787943870,517.455810546875,monitor_data.speed
1764787943821,0,monitor_data.speed_ref
1764787943823,0,monitor_data.speed_ref
1764787943825,0,monitor_data.speed_ref
1764787943827,0,monitor_data.speed_ref
1764787943829,0,monitor_data.speed_ref
1764787943831,0,monitor_data.speed_ref
1764787943832,0,monitor_data.speed_ref
1764787943834,0,monitor_data.speed_ref
1764787943837,0,monitor_data.speed_ref
1764787943839,0,monitor_data.speed_ref
1764787943842,0,monitor_data.speed_ref
1764787943844,0,monitor_data.speed_ref
1764787943846,0,monitor_data.speed_ref
1764787943848,0,monitor_data.speed_ref
1764787943850,0,monitor_data.speed_ref
1764787943853,0,monitor_data.speed_ref
1764787943854,0,monitor_data.speed_ref
1764787943856,0,monitor_data.speed_ref
1764787943857,0,monitor_data.speed_ref
1764787943859,0,monitor_data.speed_ref
1764787943862,0,monitor_data.speed_ref
1764787943863,0,monitor_data.speed_ref
1764787943864,0,monitor_data.speed_ref
1764787943866,0,monitor_data.speed_ref
1764787943868,0,monitor_data.speed_ref
1764787943870,0,monitor_data.speed_ref
1764787943872,514.8818969726562,monitor_data.speed
1764787943874,509.1658020019531,monitor_data.speed
1764787943876,524.8277587890625,monitor_data.speed
1764787943878,524.724365234375,monitor_data.speed
1764787943880,519.85400390625,monitor_data.speed
1764787943882,511.93115234375,monitor_data.speed
1764787943884,508.72467041015625,monitor_data.speed
1764787943886,502.3450012207031,monitor_data.speed
1764787943889,493.4618835449219,monitor_data.speed
1764787943890,493.6811828613281,monitor_data.speed
1764787943892,486.73004150390625,monitor_data.speed
1764787943894,485.3408508300781,monitor_data.speed
1764787943896,479.53607177734375,monitor_data.speed
1764787943898,476.42303466796875,monitor_data.speed
1764787943900,480.5671081542969,monitor_data.speed
1764787943902,477.765869140625,monitor_data.speed
1764787943904,474.0144348144531,monitor_data.speed
1764787943906,472.2496643066406,monitor_data.speed
1764787943908,471.72454833984375,monitor_data.speed
1764787943910,470.0583801269531,monitor_data.speed
1764787943912,468.5389709472656,monitor_data.speed
1764787943914,467.2344665527344,monitor_data.speed
1764787943916,465.0626220703125,monitor_data.speed
1764787943917,463.02996826171875,monitor_data.speed
1764787943919,469.29583740234375,monitor_data.speed
1764787943922,466.300537109375,monitor_data.speed
1764787943872,0,monitor_data.speed_ref
1764787943874,0,monitor_data.speed_ref
1764787943876,0,monitor_data.speed_ref
1764787943878,0,monitor_data.speed_ref
1764787943880,0,monitor_data.speed_ref
1764787943882,0,monitor_data.speed_ref
1764787943884,0,monitor_data.speed_ref
1764787943886,0,monitor_data.speed_ref
1764787943889,0,monitor_data.speed_ref
1764787943890,0,monitor_data.speed_ref
1764787943892,0,monitor_data.speed_ref
1764787943894,0,monitor_data.speed_ref
1764787943896,0,monitor_data.speed_ref
1764787943898,0,monitor_data.speed_ref
1764787943900,0,monitor_data.speed_ref
1764787943902,0,monitor_data.speed_ref
1764787943904,0,monitor_data.speed_ref
1764787943906,0,monitor_data.speed_ref
1764787943908,0,monitor_data.speed_ref
1764787943910,0,monitor_data.speed_ref
1764787943912,0,monitor_data.speed_ref
1764787943914,0,monitor_data.speed_ref
1764787943916,0,monitor_data.speed_ref
1764787943917,0,monitor_data.speed_ref
1764787943919,0,monitor_data.speed_ref
1764787943922,0,monitor_data.speed_ref
1764787943924,463.7431335449219,monitor_data.speed
1764787943926,465.4543762207031,monitor_data.speed
1764787943928,459.8526306152344,monitor_data.speed
1764787943930,460.22149658203125,monitor_data.speed
1764787943932,456.3560485839844,monitor_data.speed
1764787943934,459.9596862792969,monitor_data.speed
1764787943936,453.60772705078125,monitor_data.speed
1764787943939,456.1573486328125,monitor_data.speed
1764787943941,452.2864074707031,monitor_data.speed
1764787943942,447.6535949707031,monitor_data.speed
1764787943944,440.6005554199219,monitor_data.speed
1764787943946,439.9986877441406,monitor_data.speed
1764787943949,436.92279052734375,monitor_data.speed
1764787943950,434.3523864746094,monitor_data.speed
1764787943952,432.4275207519531,monitor_data.speed
1764787943954,425.75494384765625,monitor_data.speed
1764787943956,427.7441711425781,monitor_data.speed
1764787943957,426.7583312988281,monitor_data.speed
1764787943959,426.4585876464844,monitor_data.speed
1764787943961,438.719482421875,monitor_data.speed
1764787943963,442.7673645019531,monitor_data.speed
1764787943965,439.1163330078125,monitor_data.speed
1764787943967,450.5364685058594,monitor_data.speed
1764787943969,441.6698913574219,monitor_data.speed
1764787943972,431.5199279785156,monitor_data.speed
1764787943924,0,monitor_data.speed_ref
1764787943926,0,monitor_data.speed_ref
1764787943928,0,monitor_data.speed_ref
1764787943930,0,monitor_data.speed_ref
1764787943932,0,monitor_data.speed_ref
1764787943934,0,monitor_data.speed_ref
1764787943936,0,monitor_data.speed_ref
1764787943939,0,monitor_data.speed_ref
1764787943941,0,monitor_data.speed_ref
1764787943942,0,monitor_data.speed_ref
1764787943944,0,monitor_data.speed_ref
1764787943946,0,monitor_data.speed_ref
1764787943949,0,monitor_data.speed_ref
1764787943950,0,monitor_data.speed_ref
1764787943952,0,monitor_data.speed_ref
1764787943954,0,monitor_data.speed_ref
1764787943956,0,monitor_data.speed_ref
1764787943957,0,monitor_data.speed_ref
1764787943959,0,monitor_data.speed_ref
1764787943961,0,monitor_data.speed_ref
1764787943963,0,monitor_data.speed_ref
1764787943965,0,monitor_data.speed_ref
1764787943967,0,monitor_data.speed_ref
1764787943969,0,monitor_data.speed_ref
1764787943972,0,monitor_data.speed_ref
1764787943973,429.9119567871094,monitor_data.speed
1764787943975,429.1092834472656,monitor_data.speed
1764787943977,424.7465515136719,monitor_data.speed
1764787943979,419.1444091796875,monitor_data.speed
1764787943981,419.68194580078125,monitor_data.speed
1764787943983,418.2203369140625,monitor_data.speed
1764787943985,414.2957763671875,monitor_data.speed
1764787943987,411.75640869140625,monitor_data.speed
1764787943989,408.4766845703125,monitor_data.speed
1764787943991,407.1040954589844,monitor_data.speed
1764787943993,406.0291748046875,monitor_data.speed
1764787943995,403.6374206542969,monitor_data.speed
1764787943996,403.7093811035156,monitor_data.speed
1764787943999,401.6448059082031,monitor_data.speed
1764787944000,396.0384826660156,monitor_data.speed
1764787944002,394.6570739746094,monitor_data.speed
1764787944004,395.2279052734375,monitor_data.speed
1764787944007,394.3017883300781,monitor_data.speed
1764787944008,390.06951904296875,monitor_data.speed
1764787944010,387.98931884765625,monitor_data.speed
1764787944012,390.3168029785156,monitor_data.speed
1764787944014,408.6475524902344,monitor_data.speed
1764787944016,406.4580993652344,monitor_data.speed
1764787944017,408.7425231933594,monitor_data.speed
1764787944019,400.75994873046875,monitor_data.speed
1764787944021,391.84521484375,monitor_data.speed
1764787944023,387.9549865722656,monitor_data.speed
1764787943973,0,monitor_data.speed_ref
1764787943975,0,monitor_data.speed_ref
1764787943977,0,monitor_data.speed_ref
1764787943979,0,monitor_data.speed_ref
1764787943981,0,monitor_data.speed_ref
1764787943983,0,monitor_data.speed_ref
1764787943985,0,monitor_data.speed_ref
1764787943987,0,monitor_data.speed_ref
1764787943989,0,monitor_data.speed_ref
1764787943991,0,monitor_data.speed_ref
1764787943993,0,monitor_data.speed_ref
1764787943995,0,monitor_data.speed_ref
1764787943996,0,monitor_data.speed_ref
1764787943999,0,monitor_data.speed_ref
1764787944000,0,monitor_data.speed_ref
1764787944002,0,monitor_data.speed_ref
1764787944004,0,monitor_data.speed_ref
1764787944007,0,monitor_data.speed_ref
1764787944008,0,monitor_data.speed_ref
1764787944010,0,monitor_data.speed_ref
1764787944012,0,monitor_data.speed_ref
1764787944014,0,monitor_data.speed_ref
1764787944016,0,monitor_data.speed_ref
1764787944017,0,monitor_data.speed_ref
1764787944019,0,monitor_data.speed_ref
1764787944021,0,monitor_data.speed_ref
1764787944023,0,monitor_data.speed_ref
1764787944025,386.9068908691406,monitor_data.speed
1764787944027,376.9831237792969,monitor_data.speed
1764787944029,376.23199462890625,monitor_data.speed
1764787944031,372.3347473144531,monitor_data.speed
1764787944033,365.3469543457031,monitor_data.speed
1764787944035,365.0142822265625,monitor_data.speed
1764787944037,357.7567138671875,monitor_data.speed
1764787944039,356.265869140625,monitor_data.speed
1764787944041,356.7087097167969,monitor_data.speed
1764787944043,352.9219665527344,monitor_data.speed
1764787944044,351.572998046875,monitor_data.speed
1764787944046,350.326416015625,monitor_data.speed
1764787944048,352.700927734375,monitor_data.speed
1764787944051,348.20806884765625,monitor_data.speed
1764787944053,344.3255615234375,monitor_data.speed
1764787944055,345.8479309082031,monitor_data.speed
1764787944057,341.4132995605469,monitor_data.speed
1764787944059,339.6734313964844,monitor_data.speed
1764787944061,339.9156799316406,monitor_data.speed
1764787944063,338.52435302734375,monitor_data.speed
1764787944065,340.796875,monitor_data.speed
1764787944067,337.6087951660156,monitor_data.speed
1764787944070,336.4954528808594,monitor_data.speed
1764787944071,337.3503723144531,monitor_data.speed
1764787944073,333.1808776855469,monitor_data.speed
1764787944025,0,monitor_data.speed_ref
1764787944027,0,monitor_data.speed_ref
1764787944029,0,monitor_data.speed_ref
1764787944031,0,monitor_data.speed_ref
1764787944033,0,monitor_data.speed_ref
1764787944035,0,monitor_data.speed_ref
1764787944037,0,monitor_data.speed_ref
1764787944039,0,monitor_data.speed_ref
1764787944041,0,monitor_data.speed_ref
1764787944043,0,monitor_data.speed_ref
1764787944044,0,monitor_data.speed_ref
1764787944046,0,monitor_data.speed_ref
1764787944048,0,monitor_data.speed_ref
1764787944051,0,monitor_data.speed_ref
1764787944053,0,monitor_data.speed_ref
1764787944055,0,monitor_data.speed_ref
1764787944057,0,monitor_data.speed_ref
1764787944059,0,monitor_data.speed_ref
1764787944061,0,monitor_data.speed_ref
1764787944063,0,monitor_data.speed_ref
1764787944065,0,monitor_data.speed_ref
1764787944067,0,monitor_data.speed_ref
1764787944070,0,monitor_data.speed_ref
1764787944071,0,monitor_data.speed_ref
1764787944073,0,monitor_data.speed_ref
1764787944076,332.5569152832031,monitor_data.speed
1764787944077,334.4330139160156,monitor_data.speed
1764787944078,328.95758056640625,monitor_data.speed
1764787944079,328.81195068359375,monitor_data.speed
1764787944081,325.0927734375,monitor_data.speed
1764787944084,326.1556396484375,monitor_data.speed
1764787944086,322.3769226074219,monitor_data.speed
1764787944088,324.5485534667969,monitor_data.speed
1764787944090,320.54315185546875,monitor_data.speed
1764787944092,323.9148254394531,monitor_data.speed
1764787944094,319.19244384765625,monitor_data.speed
1764787944096,314.3563537597656,monitor_data.speed
1764787944097,317.0492248535156,monitor_data.speed
1764787944099,315.924072265625,monitor_data.speed
1764787944101,311.3885803222656,monitor_data.speed
1764787944104,309.48809814453125,monitor_data.speed
1764787944106,309.0599060058594,monitor_data.speed
1764787944108,305.9288330078125,monitor_data.speed
1764787944110,301.18115234375,monitor_data.speed
1764787944111,300.3100891113281,monitor_data.speed
1764787944113,301.8845520019531,monitor_data.speed
1764787944115,300.9265441894531,monitor_data.speed
1764787944117,300.07568359375,monitor_data.speed
1764787944118,296.6971435546875,monitor_data.speed
1764787944121,288.02081298828125,monitor_data.speed
1764787944123,288.9873352050781,monitor_data.speed
1764787944076,0,monitor_data.speed_ref
1764787944077,0,monitor_data.speed_ref
1764787944078,0,monitor_data.speed_ref
1764787944079,0,monitor_data.speed_ref
1764787944081,0,monitor_data.speed_ref
1764787944084,0,monitor_data.speed_ref
1764787944086,0,monitor_data.speed_ref
1764787944088,0,monitor_data.speed_ref
1764787944090,0,monitor_data.speed_ref
1764787944092,0,monitor_data.speed_ref
1764787944094,0,monitor_data.speed_ref
1764787944096,0,monitor_data.speed_ref
1764787944097,0,monitor_data.speed_ref
1764787944099,0,monitor_data.speed_ref
1764787944101,0,monitor_data.speed_ref
1764787944104,0,monitor_data.speed_ref
1764787944106,0,monitor_data.speed_ref
1764787944108,0,monitor_data.speed_ref
1764787944110,0,monitor_data.speed_ref
1764787944111,0,monitor_data.speed_ref
1764787944113,0,monitor_data.speed_ref
1764787944115,0,monitor_data.speed_ref
1764787944117,0,monitor_data.speed_ref
1764787944118,0,monitor_data.speed_ref
1764787944121,0,monitor_data.speed_ref
1764787944123,0,monitor_data.speed_ref
1764787944124,284.1077880859375,monitor_data.speed
1764787944126,282.9810485839844,monitor_data.speed
1764787944128,281.58795166015625,monitor_data.speed
1764787944129,280.3921203613281,monitor_data.speed
1764787944131,282.44451904296875,monitor_data.speed
1764787944133,292.13177490234375,monitor_data.speed
1764787944135,295.1332092285156,monitor_data.speed
1764787944138,299.6494445800781,monitor_data.speed
1764787944140,300.7845153808594,monitor_data.speed
1764787944143,291.6057434082031,monitor_data.speed
1764787944145,300.1653137207031,monitor_data.speed
1764787944146,293.3080139160156,monitor_data.speed
1764787944148,290.4967346191406,monitor_data.speed
1764787944151,280.3257751464844,monitor_data.speed
1764787944153,277.68408203125,monitor_data.speed
1764787944155,272.7825012207031,monitor_data.speed
1764787944157,268.1917724609375,monitor_data.speed
1764787944159,264.29705810546875,monitor_data.speed
1764787944161,263.38934326171875,monitor_data.speed
1764787944163,263.20306396484375,monitor_data.speed
1764787944164,265.2877197265625,monitor_data.speed
1764787944166,261.6209716796875,monitor_data.speed
1764787944168,258.4224548339844,monitor_data.speed
1764787944170,257.03729248046875,monitor_data.speed
1764787944172,252.066162109375,monitor_data.speed
1764787944174,249.323486328125,monitor_data.speed
1764787944124,0,monitor_data.speed_ref
1764787944126,0,monitor_data.speed_ref
1764787944128,0,monitor_data.speed_ref
1764787944129,0,monitor_data.speed_ref
1764787944131,0,monitor_data.speed_ref
1764787944133,0,monitor_data.speed_ref
1764787944135,0,monitor_data.speed_ref
1764787944138,0,monitor_data.speed_ref
1764787944140,0,monitor_data.speed_ref
1764787944143,0,monitor_data.speed_ref
1764787944145,0,monitor_data.speed_ref
1764787944146,0,monitor_data.speed_ref
1764787944148,0,monitor_data.speed_ref
1764787944151,0,monitor_data.speed_ref
1764787944153,0,monitor_data.speed_ref
1764787944155,0,monitor_data.speed_ref
1764787944157,0,monitor_data.speed_ref
1764787944159,0,monitor_data.speed_ref
1764787944161,0,monitor_data.speed_ref
1764787944163,0,monitor_data.speed_ref
1764787944164,0,monitor_data.speed_ref
1764787944166,0,monitor_data.speed_ref
1764787944168,0,monitor_data.speed_ref
1764787944170,0,monitor_data.speed_ref
1764787944172,0,monitor_data.speed_ref
1764787944174,0,monitor_data.speed_ref
1764787944176,251.9224395751953,monitor_data.speed
1764787944178,249.84356689453125,monitor_data.speed
1764787944180,248.8266143798828,monitor_data.speed
1764787944182,247.14572143554688,monitor_data.speed
1764787944184,244.7113037109375,monitor_data.speed
1764787944186,246.0546875,monitor_data.speed
1764787944188,239.71128845214844,monitor_data.speed
1764787944190,238.6332244873047,monitor_data.speed
1764787944192,236.9347381591797,monitor_data.speed
1764787944194,236.583740234375,monitor_data.speed
1764787944196,236.4531707763672,monitor_data.speed
1764787944198,232.864990234375,monitor_data.speed
1764787944200,237.3799591064453,monitor_data.speed
1764787944202,237.37298583984375,monitor_data.speed
1764787944204,234.19308471679688,monitor_data.speed
1764787944206,230.00296020507812,monitor_data.speed
1764787944208,226.1372528076172,monitor_data.speed
1764787944209,226.24087524414062,monitor_data.speed
1764787944211,224.4950714111328,monitor_data.speed
1764787944213,219.44589233398438,monitor_data.speed
1764787944215,219.10662841796875,monitor_data.speed
1764787944216,218.11817932128906,monitor_data.speed
1764787944219,220.27688598632812,monitor_data.speed
1764787944221,225.94444274902344,monitor_data.speed
1764787944222,229.63681030273438,monitor_data.speed
1764787944225,220.4767608642578,monitor_data.speed
1764787944176,0,monitor_data.speed_ref
1764787944178,0,monitor_data.speed_ref
1764787944180,0,monitor_data.speed_ref
1764787944182,0,monitor_data.speed_ref
1764787944184,0,monitor_data.speed_ref
1764787944186,0,monitor_data.speed_ref
1764787944188,0,monitor_data.speed_ref
1764787944190,0,monitor_data.speed_ref
1764787944192,0,monitor_data.speed_ref
1764787944194,0,monitor_data.speed_ref
1764787944196,0,monitor_data.speed_ref
1764787944198,0,monitor_data.speed_ref
1764787944200,0,monitor_data.speed_ref
1764787944202,0,monitor_data.speed_ref
1764787944204,0,monitor_data.speed_ref
1764787944206,0,monitor_data.speed_ref
1764787944208,0,monitor_data.speed_ref
1764787944209,0,monitor_data.speed_ref
1764787944211,0,monitor_data.speed_ref
1764787944213,0,monitor_data.speed_ref
1764787944215,0,monitor_data.speed_ref
1764787944216,0,monitor_data.speed_ref
1764787944219,0,monitor_data.speed_ref
1764787944221,0,monitor_data.speed_ref
1764787944222,0,monitor_data.speed_ref
1764787944225,0,monitor_data.speed_ref
1764787944227,221.05960083007812,monitor_data.speed
1764787944228,221.6471405029297,monitor_data.speed
1764787944230,217.6157989501953,monitor_data.speed
1764787944232,211.50132751464844,monitor_data.speed
1764787944234,206.62123107910156,monitor_data.speed
1764787944236,209.3759765625,monitor_data.speed
1764787944239,208.65359497070312,monitor_data.speed
1764787944241,202.31878662109375,monitor_data.speed
1764787944243,200.72817993164062,monitor_data.speed
1764787944245,201.27206420898438,monitor_data.speed
1764787944247,196.73855590820312,monitor_data.speed
1764787944250,194.94033813476562,monitor_data.speed
1764787944252,189.8001708984375,monitor_data.speed
1764787944254,191.1255645751953,monitor_data.speed
1764787944256,187.09423828125,monitor_data.speed
1764787944258,183.5576171875,monitor_data.speed
1764787944261,185.08401489257812,monitor_data.speed
1764787944263,185.45523071289062,monitor_data.speed
1764787944265,182.28134155273438,monitor_data.speed
1764787944267,183.50953674316406,monitor_data.speed
1764787944269,179.8185577392578,monitor_data.speed
1764787944272,172.8148651123047,monitor_data.speed
1764787944274,170.9104461669922,monitor_data.speed
1764787944227,0,monitor_data.speed_ref
1764787944228,0,monitor_data.speed_ref
1764787944230,0,monitor_data.speed_ref
1764787944232,0,monitor_data.speed_ref
1764787944234,0,monitor_data.speed_ref
1764787944236,0,monitor_data.speed_ref
1764787944239,0,monitor_data.speed_ref
1764787944241,0,monitor_data.speed_ref
1764787944243,0,monitor_data.speed_ref
1764787944245,0,monitor_data.speed_ref
1764787944247,0,monitor_data.speed_ref
1764787944250,0,monitor_data.speed_ref
1764787944252,0,monitor_data.speed_ref
1764787944254,0,monitor_data.speed_ref
1764787944256,0,monitor_data.speed_ref
1764787944258,0,monitor_data.speed_ref
1764787944261,0,monitor_data.speed_ref
1764787944263,0,monitor_data.speed_ref
1764787944265,0,monitor_data.speed_ref
1764787944267,0,monitor_data.speed_ref
1764787944269,0,monitor_data.speed_ref
1764787944272,0,monitor_data.speed_ref
1764787944274,0,monitor_data.speed_ref
1764787944276,170.09979248046875,monitor_data.speed
1764787944277,169.08184814453125,monitor_data.speed
1764787944280,163.49363708496094,monitor_data.speed
1764787944281,162.9696502685547,monitor_data.speed
1764787944283,164.9851531982422,monitor_data.speed
1764787944285,167.01187133789062,monitor_data.speed
1764787944288,164.07997131347656,monitor_data.speed
1764787944290,167.78611755371094,monitor_data.speed
1764787944292,163.21371459960938,monitor_data.speed
1764787944294,162.48748779296875,monitor_data.speed
1764787944296,161.2623291015625,monitor_data.speed
1764787944298,157.75027465820312,monitor_data.speed
1764787944300,151.6590576171875,monitor_data.speed
1764787944301,149.2194366455078,monitor_data.speed
1764787944303,148.70394897460938,monitor_data.speed
1764787944305,144.07369995117188,monitor_data.speed
1764787944307,141.40089416503906,monitor_data.speed
1764787944309,142.14869689941406,monitor_data.speed
1764787944311,137.3817901611328,monitor_data.speed
1764787944313,141.69195556640625,monitor_data.speed
1764787944315,138.38368225097656,monitor_data.speed
1764787944317,142.5438995361328,monitor_data.speed
1764787944319,140.55406188964844,monitor_data.speed
1764787944321,139.96969604492188,monitor_data.speed
1764787944323,139.6365509033203,monitor_data.speed
1764787944324,139.52804565429688,monitor_data.speed
1764787944326,138.3140411376953,monitor_data.speed
1764787944276,0,monitor_data.speed_ref
1764787944277,0,monitor_data.speed_ref
1764787944280,0,monitor_data.speed_ref
1764787944281,0,monitor_data.speed_ref
1764787944283,0,monitor_data.speed_ref
1764787944285,0,monitor_data.speed_ref
1764787944288,0,monitor_data.speed_ref
1764787944290,0,monitor_data.speed_ref
1764787944292,0,monitor_data.speed_ref
1764787944294,0,monitor_data.speed_ref
1764787944296,0,monitor_data.speed_ref
1764787944298,0,monitor_data.speed_ref
1764787944300,0,monitor_data.speed_ref
1764787944301,0,monitor_data.speed_ref
1764787944303,0,monitor_data.speed_ref
1764787944305,0,monitor_data.speed_ref
1764787944307,0,monitor_data.speed_ref
1764787944309,0,monitor_data.speed_ref
1764787944311,0,monitor_data.speed_ref
1764787944313,0,monitor_data.speed_ref
1764787944315,0,monitor_data.speed_ref
1764787944317,0,monitor_data.speed_ref
1764787944319,0,monitor_data.speed_ref
1764787944321,0,monitor_data.speed_ref
1764787944323,0,monitor_data.speed_ref
1764787944324,0,monitor_data.speed_ref
1764787944326,0,monitor_data.speed_ref
1764787944328,133.7684783935547,monitor_data.speed
1764787944330,129.81764221191406,monitor_data.speed
1764787944332,125.61261749267578,monitor_data.speed
1764787944334,125.2283706665039,monitor_data.speed
1764787944336,120.45939636230469,monitor_data.speed
1764787944338,116.51567077636719,monitor_data.speed
1764787944340,117.87991333007812,monitor_data.speed
1764787944342,112.54780578613281,monitor_data.speed
1764787944344,115.58524322509766,monitor_data.speed
1764787944346,113.88607025146484,monitor_data.speed
1764787944348,110.05715942382812,monitor_data.speed
1764787944350,111.9425048828125,monitor_data.speed
1764787944352,111.66779327392578,monitor_data.speed
1764787944354,114.66011047363281,monitor_data.speed
1764787944356,118.68842315673828,monitor_data.speed
1764787944358,113.14907836914062,monitor_data.speed
1764787944360,115.92581939697266,monitor_data.speed
1764787944362,110.73262023925781,monitor_data.speed
1764787944364,110.58314514160156,monitor_data.speed
1764787944366,108.41940307617188,monitor_data.speed
1764787944368,106.82810974121094,monitor_data.speed
1764787944370,98.863525390625,monitor_data.speed
1764787944372,98.69721984863281,monitor_data.speed
1764787944374,95.13768005371094,monitor_data.speed
1764787944375,90.9628677368164,monitor_data.speed
1764787944377,87.44807434082031,monitor_data.speed
1764787944328,0,monitor_data.speed_ref
1764787944330,0,monitor_data.speed_ref
1764787944332,0,monitor_data.speed_ref
1764787944334,0,monitor_data.speed_ref
1764787944336,0,monitor_data.speed_ref
1764787944338,0,monitor_data.speed_ref
1764787944340,0,monitor_data.speed_ref
1764787944342,0,monitor_data.speed_ref
1764787944344,0,monitor_data.speed_ref
1764787944346,0,monitor_data.speed_ref
1764787944348,0,monitor_data.speed_ref
1764787944350,0,monitor_data.speed_ref
1764787944352,0,monitor_data.speed_ref
1764787944354,0,monitor_data.speed_ref
1764787944356,0,monitor_data.speed_ref
1764787944358,0,monitor_data.speed_ref
1764787944360,0,monitor_data.speed_ref
1764787944362,0,monitor_data.speed_ref
1764787944364,0,monitor_data.speed_ref
1764787944366,0,monitor_data.speed_ref
1764787944368,0,monitor_data.speed_ref
1764787944370,0,monitor_data.speed_ref
1764787944372,0,monitor_data.speed_ref
1764787944374,0,monitor_data.speed_ref
1764787944375,0,monitor_data.speed_ref
1764787944377,0,monitor_data.speed_ref
1764787944379,82.7490234375,monitor_data.speed
1764787944381,81.79383850097656,monitor_data.speed
1764787944383,78.02729797363281,monitor_data.speed
1764787944385,77.28490447998047,monitor_data.speed
1764787944387,72.92717742919922,monitor_data.speed
1764787944389,74.55913543701172,monitor_data.speed
1764787944391,72.99224090576172,monitor_data.speed
1764787944393,75.36526489257812,monitor_data.speed
1764787944395,67.56497192382812,monitor_data.speed
1764787944397,72.36631774902344,monitor_data.speed
1764787944399,73.5215835571289,monitor_data.speed
1764787944401,75.08016204833984,monitor_data.speed
1764787944403,74.10844421386719,monitor_data.speed
1764787944405,75.56403350830078,monitor_data.speed
1764787944407,79.78192901611328,monitor_data.speed
1764787944409,75.75273132324219,monitor_data.speed
1764787944411,78.50959777832031,monitor_data.speed
1764787944413,76.17694854736328,monitor_data.speed
1764787944415,77.16918182373047,monitor_data.speed
1764787944417,73.37212371826172,monitor_data.speed
1764787944419,69.3802261352539,monitor_data.speed
1764787944421,66.74190521240234,monitor_data.speed
1764787944423,66.47513580322266,monitor_data.speed
1764787944425,61.49738693237305,monitor_data.speed
1764787944426,56.98183822631836,monitor_data.speed
1764787944428,57.768192291259766,monitor_data.speed
1764787944379,0,monitor_data.speed_ref
1764787944381,0,monitor_data.speed_ref
1764787944383,0,monitor_data.speed_ref
1764787944385,0,monitor_data.speed_ref
1764787944387,0,monitor_data.speed_ref
1764787944389,0,monitor_data.speed_ref
1764787944391,0,monitor_data.speed_ref
1764787944393,0,monitor_data.speed_ref
1764787944395,0,monitor_data.speed_ref
1764787944397,0,monitor_data.speed_ref
1764787944399,0,monitor_data.speed_ref
1764787944401,0,monitor_data.speed_ref
1764787944403,0,monitor_data.speed_ref
1764787944405,0,monitor_data.speed_ref
1764787944407,0,monitor_data.speed_ref
1764787944409,0,monitor_data.speed_ref
1764787944411,0,monitor_data.speed_ref
1764787944413,0,monitor_data.speed_ref
1764787944415,0,monitor_data.speed_ref
1764787944417,0,monitor_data.speed_ref
1764787944419,0,monitor_data.speed_ref
1764787944421,0,monitor_data.speed_ref
1764787944423,0,monitor_data.speed_ref
1764787944425,0,monitor_data.speed_ref
1764787944426,0,monitor_data.speed_ref
1764787944428,0,monitor_data.speed_ref
1764787944430,53.24420166015625,monitor_data.speed
1764787944432,50.51164245605469,monitor_data.speed
1764787944434,45.95464324951172,monitor_data.speed
1764787944436,42.03396224975586,monitor_data.speed
1764787944438,40.37841033935547,monitor_data.speed
1764787944440,38.158992767333984,monitor_data.speed
1764787944442,36.391883850097656,monitor_data.speed
1764787944444,29.766714096069336,monitor_data.speed
1764787944446,29.952396392822266,monitor_data.speed
1764787944449,24.012435913085938,monitor_data.speed
1764787944451,24.64092445373535,monitor_data.speed
1764787944453,19.75459861755371,monitor_data.speed
1764787944455,15.837546348571777,monitor_data.speed
1764787944457,13.486239433288574,monitor_data.speed
1764787944458,10.980302810668945,monitor_data.speed
1764787944460,14.207385063171387,monitor_data.speed
1764787944462,6.396335124969482,monitor_data.speed
1764787944464,5.164486408233643,monitor_data.speed
1764787944466,4.35468053817749,monitor_data.speed
1764787944468,3.527693748474121,monitor_data.speed
1764787944470,2.7457685470581055,monitor_data.speed
1764787944472,2.2249131202697754,monitor_data.speed
1764787944474,1.8978080749511719,monitor_data.speed
1764787944477,-3.6515159606933594,monitor_data.speed
1764787944478,-2.985081911087036,monitor_data.speed
1764787944430,0,monitor_data.speed_ref
1764787944432,0,monitor_data.speed_ref
1764787944434,0,monitor_data.speed_ref
1764787944436,0,monitor_data.speed_ref
1764787944438,0,monitor_data.speed_ref
1764787944440,0,monitor_data.speed_ref
1764787944442,0,monitor_data.speed_ref
1764787944444,0,monitor_data.speed_ref
1764787944446,0,monitor_data.speed_ref
1764787944449,0,monitor_data.speed_ref
1764787944451,0,monitor_data.speed_ref
1764787944453,0,monitor_data.speed_ref
1764787944455,0,monitor_data.speed_ref
1764787944457,0,monitor_data.speed_ref
1764787944458,0,monitor_data.speed_ref
1764787944460,0,monitor_data.speed_ref
1764787944462,0,monitor_data.speed_ref
1764787944464,0,monitor_data.speed_ref
1764787944466,0,monitor_data.speed_ref
1764787944468,0,monitor_data.speed_ref
1764787944470,0,monitor_data.speed_ref
1764787944472,0,monitor_data.speed_ref
1764787944474,0,monitor_data.speed_ref
1764787944477,0,monitor_data.speed_ref
1764787944478,0,monitor_data.speed_ref
1764787944480,-2.4647321701049805,monitor_data.speed
1764787944482,-2.0144011974334717,monitor_data.speed
1764787944484,-1.6627833843231201,monitor_data.speed
1764787944487,-1.29149329662323,monitor_data.speed
1764787944489,-1.076387643814087,monitor_data.speed
1764787944491,-0.8525143265724182,monitor_data.speed
1764787944493,-0.6748452186584473,monitor_data.speed
1764787944495,-0.5393208265304565,monitor_data.speed
1764787944498,-0.43067991733551025,monitor_data.speed
1764787944499,-0.3543628752231598,monitor_data.speed
1764787944502,-0.2853490710258484,monitor_data.speed
1764787944504,-0.224734365940094,monitor_data.speed
1764787944506,-0.17477989196777344,monitor_data.speed
1764787944508,-0.13993583619594574,monitor_data.speed
1764787944510,-0.11790940165519714,monitor_data.speed
1764787944512,-0.09596185386180878,monitor_data.speed
1764787944513,-0.08046740293502808,monitor_data.speed
1764787944515,-0.06576963514089584,monitor_data.speed
1764787944517,0.0035940015222877264,monitor_data.speed
1764787944520,0.11154202371835709,monitor_data.speed
1764787944522,-5.382513999938965,monitor_data.speed
1764787944524,-4.669764995574951,monitor_data.speed
1764787944526,-4.034265995025635,monitor_data.speed
1764787944529,-3.232337713241577,monitor_data.speed
1764787944480,0,monitor_data.speed_ref
1764787944482,0,monitor_data.speed_ref
1764787944484,0,monitor_data.speed_ref
1764787944487,0,monitor_data.speed_ref
1764787944489,0,monitor_data.speed_ref
1764787944491,0,monitor_data.speed_ref
1764787944493,0,monitor_data.speed_ref
1764787944495,0,monitor_data.speed_ref
1764787944498,0,monitor_data.speed_ref
1764787944499,0,monitor_data.speed_ref
1764787944502,0,monitor_data.speed_ref
1764787944504,0,monitor_data.speed_ref
1764787944506,0,monitor_data.speed_ref
1764787944508,0,monitor_data.speed_ref
1764787944510,0,monitor_data.speed_ref
1764787944512,0,monitor_data.speed_ref
1764787944513,0,monitor_data.speed_ref
1764787944515,0,monitor_data.speed_ref
1764787944517,0,monitor_data.speed_ref
1764787944520,0,monitor_data.speed_ref
1764787944522,0,monitor_data.speed_ref
1764787944524,0,monitor_data.speed_ref
1764787944526,0,monitor_data.speed_ref
1764787944529,0,monitor_data.speed_ref
1764787944531,-2.5894877910614014,monitor_data.speed
1764787944533,-2.0533318519592285,monitor_data.speed
1764787944535,-1.6779139041900635,monitor_data.speed
1764787944538,-1.3032618761062622,monitor_data.speed
1764787944540,-1.0536991357803345,monitor_data.speed
1764787944542,-0.8603084087371826,monitor_data.speed
1764787944544,-0.7021327018737793,monitor_data.speed
1764787944546,-0.5727595090866089,monitor_data.speed
1764787944548,-0.4717446267604828,monitor_data.speed
1764787944549,-0.3922957479953766,monitor_data.speed
1764787944552,-0.3064289093017578,monitor_data.speed
1764787944554,-0.12752565741539001,monitor_data.speed
1764787944557,-5.860677242279053,monitor_data.speed
1764787944558,0.37898215651512146,monitor_data.speed
1764787944560,0.9083142876625061,monitor_data.speed
1764787944562,-4.2202277183532715,monitor_data.speed
1764787944564,-3.58852481842041,monitor_data.speed
1764787944567,-3.0784294605255127,monitor_data.speed
1764787944569,-2.416867733001709,monitor_data.speed
1764787944571,-1.9357789754867554,monitor_data.speed
1764787944573,-1.5658655166625977,monitor_data.speed
1764787944575,-1.3455673456192017,monitor_data.speed
1764787944577,-1.0990289449691772,monitor_data.speed
1764787944579,-0.8443809151649475,monitor_data.speed
1764787944531,0,monitor_data.speed_ref
1764787944533,0,monitor_data.speed_ref
1764787944535,0,monitor_data.speed_ref
1764787944538,0,monitor_data.speed_ref
1764787944540,0,monitor_data.speed_ref
1764787944542,0,monitor_data.speed_ref
1764787944544,0,monitor_data.speed_ref
1764787944546,0,monitor_data.speed_ref
1764787944548,0,monitor_data.speed_ref
1764787944549,0,monitor_data.speed_ref
1764787944552,0,monitor_data.speed_ref
1764787944554,0,monitor_data.speed_ref
1764787944557,0,monitor_data.speed_ref
1764787944558,0,monitor_data.speed_ref
1764787944560,0,monitor_data.speed_ref
1764787944562,0,monitor_data.speed_ref
1764787944564,0,monitor_data.speed_ref
1764787944567,0,monitor_data.speed_ref
1764787944569,0,monitor_data.speed_ref
1764787944571,0,monitor_data.speed_ref
1764787944573,0,monitor_data.speed_ref
1764787944575,0,monitor_data.speed_ref
1764787944577,0,monitor_data.speed_ref
1764787944579,0,monitor_data.speed_ref
1764787944581,-0.682130753993988,monitor_data.speed
1764787944584,-0.5451610684394836,monitor_data.speed
1764787944587,-0.40108269453048706,monitor_data.speed
1764787944589,-0.32991063594818115,monitor_data.speed
1764787944591,-0.2655494809150696,monitor_data.speed
1764787944593,-0.21567480266094208,monitor_data.speed
1764787944594,-0.1804906129837036,monitor_data.speed
1764787944597,-0.14303092658519745,monitor_data.speed
1764787944598,-0.11671648919582367,monitor_data.speed
1764787944600,-0.09601999819278717,monitor_data.speed
1764787944602,-0.07962825894355774,monitor_data.speed
1764787944604,-0.0621764175593853,monitor_data.speed
1764787944606,-0.049334362149238586,monitor_data.speed
1764787944608,-0.03789188712835312,monitor_data.speed
1764787944610,-0.02985389716923237,monitor_data.speed
1764787944612,-0.022897545248270035,monitor_data.speed
1764787944614,-0.016699327155947685,monitor_data.speed
1764787944617,-0.010746577754616737,monitor_data.speed
1764787944619,-0.0068056765012443066,monitor_data.speed
1764787944622,-0.003438798012211919,monitor_data.speed
1764787944624,-0.001587561797350645,monitor_data.speed
1764787944626,0.00022168057330418378,monitor_data.speed
1764787944627,0.0015665162354707718,monitor_data.speed
1764787944630,0.002911805408075452,monitor_data.speed
1764787944581,0,monitor_data.speed_ref
1764787944584,0,monitor_data.speed_ref
1764787944587,0,monitor_data.speed_ref
1764787944589,0,monitor_data.speed_ref
1764787944591,0,monitor_data.speed_ref
1764787944593,0,monitor_data.speed_ref
1764787944594,0,monitor_data.speed_ref
1764787944597,0,monitor_data.speed_ref
1764787944598,0,monitor_data.speed_ref
1764787944600,0,monitor_data.speed_ref
1764787944602,0,monitor_data.speed_ref
1764787944604,0,monitor_data.speed_ref
1764787944606,0,monitor_data.speed_ref
1764787944608,0,monitor_data.speed_ref
1764787944610,0,monitor_data.speed_ref
1764787944612,0,monitor_data.speed_ref
1764787944614,0,monitor_data.speed_ref
1764787944617,0,monitor_data.speed_ref
1764787944619,0,monitor_data.speed_ref
1764787944622,0,monitor_data.speed_ref
1764787944624,0,monitor_data.speed_ref
1764787944626,0,monitor_data.speed_ref
1764787944627,0,monitor_data.speed_ref
1764787944630,0,monitor_data.speed_ref
1764787944631,0.0038114620838314295,monitor_data.speed
1764787944633,0.004600098822265863,monitor_data.speed
1764787944635,0.005343617405742407,monitor_data.speed
1764787944637,0.005890741944313049,monitor_data.speed
1764787944640,0.006338237784802914,monitor_data.speed
1764787944642,0.0067369635216891766,monitor_data.speed
1764787944644,0.007030367851257324,monitor_data.speed
1764787944646,0.007270346861332655,monitor_data.speed
1764787944648,0.007492811419069767,monitor_data.speed
1764787944650,0.007648582570254803,monitor_data.speed
1764787944652,0.0077929869294166565,monitor_data.speed
1764787944655,0.00791635736823082,monitor_data.speed
1764787944657,0.008002032525837421,monitor_data.speed
1764787944659,0.008065078407526016,monitor_data.speed
1764787944661,0.008111939765512943,monitor_data.speed
1764787944663,0.008151047863066196,monitor_data.speed
1764787944664,0.008183683268725872,monitor_data.speed
1764787944666,0.008210918866097927,monitor_data.speed
1764787944668,0.008238162845373154,monitor_data.speed
1764787944671,0.00826262403279543,monitor_data.speed
1764787944672,0.008274607360363007,monitor_data.speed
1764787944674,0.008289217948913574,monitor_data.speed
1764787944677,0.008300929330289364,monitor_data.speed
1764787944679,0.008309547789394855,monitor_data.speed
1764787944631,0,monitor_data.speed_ref
1764787944633,0,monitor_data.speed_ref
1764787944635,0,monitor_data.speed_ref
1764787944637,0,monitor_data.speed_ref
1764787944640,0,monitor_data.speed_ref
1764787944642,0,monitor_data.speed_ref
1764787944644,0,monitor_data.speed_ref
1764787944646,0,monitor_data.speed_ref
1764787944648,0,monitor_data.speed_ref
1764787944650,0,monitor_data.speed_ref
1764787944652,0,monitor_data.speed_ref
1764787944655,0,monitor_data.speed_ref
1764787944657,0,monitor_data.speed_ref
1764787944659,0,monitor_data.speed_ref
1764787944661,0,monitor_data.speed_ref
1764787944663,0,monitor_data.speed_ref
1764787944664,0,monitor_data.speed_ref
1764787944666,0,monitor_data.speed_ref
1764787944668,0,monitor_data.speed_ref
1764787944671,0,monitor_data.speed_ref
1764787944672,0,monitor_data.speed_ref
1764787944674,0,monitor_data.speed_ref
1764787944677,0,monitor_data.speed_ref
1764787944679,0,monitor_data.speed_ref
1764787944681,0.008316277526319027,monitor_data.speed
1764787944682,0.008321300148963928,monitor_data.speed
1764787944684,0.008325987495481968,monitor_data.speed
1764787944686,0.00833058450371027,monitor_data.speed
1764787944688,0.008333507925271988,monitor_data.speed
1764787944690,0.008336314000189304,monitor_data.speed
1764787944692,0.008337880484759808,monitor_data.speed
1764787944694,0.008339684456586838,monitor_data.speed
1764787944695,0.008341031149029732,monitor_data.speed
1764787944697,0.008342287503182888,monitor_data.speed
1764787944699,0.008343222551047802,monitor_data.speed
1764787944701,0.008344056084752083,monitor_data.speed
1764787944703,0.008344956673681736,monitor_data.speed
1764787944705,0.008345585316419601,monitor_data.speed
1764787944707,0.008346004411578178,monitor_data.speed
1764787944709,0.0083463778719306,monitor_data.speed
1764787944711,0.008346720598638058,monitor_data.speed
1764787944713,0.008346988819539547,monitor_data.speed
1764787944715,0.008347208611667156,monitor_data.speed
1764787944716,0.008347373455762863,monitor_data.speed
1764787944718,0.008347527123987675,monitor_data.speed
1764787944721,0.008347677998244762,monitor_data.speed
1764787944722,0.008347763679921627,monitor_data.speed
1764787944724,0.00834784284234047,monitor_data.speed
1764787944681,0,monitor_data.speed_ref
1764787944682,0,monitor_data.speed_ref
1764787944684,0,monitor_data.speed_ref
1764787944686,0,monitor_data.speed_ref
1764787944688,0,monitor_data.speed_ref
1764787944690,0,monitor_data.speed_ref
1764787944692,0,monitor_data.speed_ref
1764787944694,0,monitor_data.speed_ref
1764787944695,0,monitor_data.speed_ref
1764787944697,0,monitor_data.speed_ref
1764787944699,0,monitor_data.speed_ref
1764787944701,0,monitor_data.speed_ref
1764787944703,0,monitor_data.speed_ref
1764787944705,0,monitor_data.speed_ref
1764787944707,0,monitor_data.speed_ref
1764787944709,0,monitor_data.speed_ref
1764787944711,0,monitor_data.speed_ref
1764787944713,0,monitor_data.speed_ref
1764787944715,0,monitor_data.speed_ref
1764787944716,0,monitor_data.speed_ref
1764787944718,0,monitor_data.speed_ref
1764787944721,0,monitor_data.speed_ref
1764787944722,0,monitor_data.speed_ref
1764787944724,0,monitor_data.speed_ref
1764787944726,0.008347909897565842,monitor_data.speed
1764787944727,0.008347959257662296,monitor_data.speed
1764787944729,0.008348003961145878,monitor_data.speed
1764787944731,0.008348056115210056,monitor_data.speed
1764787944733,0.00834808498620987,monitor_data.speed
1764787944734,0.008348112925887108,monitor_data.speed
1764787944736,0.008348137140274048,monitor_data.speed
1764787944738,0.008348161354660988,monitor_data.speed
1764787944741,0.00834817998111248,monitor_data.speed
1764787944742,0.008348191156983376,monitor_data.speed
1764787944744,0.008348201401531696,monitor_data.speed
1764787944746,0.008348211646080017,monitor_data.speed
1764787944748,0.008348222821950912,monitor_data.speed
1764787944750,0.00834823027253151,monitor_data.speed
1764787944753,0.00834823027253151,monitor_data.speed
1764787944755,0.054383743554353714,monitor_data.speed
1764787944757,0.0456244982779026,monitor_data.speed
1764787944759,0.03853188455104828,monitor_data.speed
1764787944761,0.032788801938295364,monitor_data.speed
1764787944763,0.028338361531496048,monitor_data.speed
1764787944766,0.024372948333621025,monitor_data.speed
1764787944768,0.02145497314631939,monitor_data.speed
1764787944770,0.018855020403862,monitor_data.speed
1764787944772,0.017028624191880226,monitor_data.speed
1764787944774,0.015306717716157436,monitor_data.speed
1764787944776,0.014039639383554459,monitor_data.speed
1764787944778,0.11744824796915054,monitor_data.speed
1764787944780,0.09848327934741974,monitor_data.speed
1764787944782,0.0828150063753128,monitor_data.speed
1764787944726,0,monitor_data.speed_ref
1764787944727,0,monitor_data.speed_ref
1764787944729,0,monitor_data.speed_ref
1764787944731,0,monitor_data.speed_ref
1764787944733,0,monitor_data.speed_ref
1764787944734,0,monitor_data.speed_ref
1764787944736,0,monitor_data.speed_ref
1764787944738,0,monitor_data.speed_ref
1764787944741,0,monitor_data.speed_ref
1764787944742,0,monitor_data.speed_ref
1764787944744,0,monitor_data.speed_ref
1764787944746,0,monitor_data.speed_ref
1764787944748,0,monitor_data.speed_ref
1764787944750,0,monitor_data.speed_ref
1764787944753,0,monitor_data.speed_ref
1764787944755,0,monitor_data.speed_ref
1764787944757,0,monitor_data.speed_ref
1764787944759,0,monitor_data.speed_ref
1764787944761,0,monitor_data.speed_ref
1764787944763,0,monitor_data.speed_ref
1764787944766,0,monitor_data.speed_ref
1764787944768,0,monitor_data.speed_ref
1764787944770,0,monitor_data.speed_ref
1764787944772,0,monitor_data.speed_ref
1764787944774,0,monitor_data.speed_ref
1764787944776,0,monitor_data.speed_ref
1764787944778,0,monitor_data.speed_ref
1764787944780,0,monitor_data.speed_ref
1764787944782,0,monitor_data.speed_ref
1764787944784,0.06804311275482178,monitor_data.speed
1764787944786,0.05572297051548958,monitor_data.speed
1764787944788,0.04788312688469887,monitor_data.speed
1764787944790,0.0413406677544117,monitor_data.speed
1764787944791,0.03615899384021759,monitor_data.speed
1764787944793,0.08817820250988007,monitor_data.speed
1764787944795,0.07564038783311844,monitor_data.speed
1764787944797,0.06450448930263519,monitor_data.speed
1764787944799,0.054278843104839325,monitor_data.speed
1764787944801,0.04591522738337517,monitor_data.speed
1764787944803,0.03816196694970131,monitor_data.speed
1764787944805,0.03248925879597664,monitor_data.speed
1764787944807,0.0280933640897274,monitor_data.speed
1764787944809,0.0243364330381155,monitor_data.speed
1764787944811,0.021425113081932068,monitor_data.speed
1764787944813,0.018936963751912117,monitor_data.speed
1764787944815,0.01718468964099884,monitor_data.speed
1764787944817,0.015796879306435585,monitor_data.speed
1764787944819,0.014379628002643585,monitor_data.speed
1764787944821,0.013432369567453861,monitor_data.speed
1764787944823,0.06993435323238373,monitor_data.speed
1764787944824,0.17079684138298035,monitor_data.speed
1764787944826,0.14255811274051666,monitor_data.speed
1764787944828,0.11702171713113785,monitor_data.speed
1764787944830,0.0963442400097847,monitor_data.speed
1764787944832,0.08178213983774185,monitor_data.speed
1764787944784,0,monitor_data.speed_ref
1764787944786,0,monitor_data.speed_ref
1764787944788,0,monitor_data.speed_ref
1764787944790,0,monitor_data.speed_ref
1764787944791,0,monitor_data.speed_ref
1764787944793,0,monitor_data.speed_ref
1764787944795,0,monitor_data.speed_ref
1764787944797,0,monitor_data.speed_ref
1764787944799,0,monitor_data.speed_ref
1764787944801,0,monitor_data.speed_ref
1764787944803,0,monitor_data.speed_ref
1764787944805,0,monitor_data.speed_ref
1764787944807,0,monitor_data.speed_ref
1764787944809,0,monitor_data.speed_ref
1764787944811,0,monitor_data.speed_ref
1764787944813,0,monitor_data.speed_ref
1764787944815,0,monitor_data.speed_ref
1764787944817,0,monitor_data.speed_ref
1764787944819,0,monitor_data.speed_ref
1764787944821,0,monitor_data.speed_ref
1764787944823,0,monitor_data.speed_ref
1764787944824,0,monitor_data.speed_ref
1764787944826,0,monitor_data.speed_ref
1764787944828,0,monitor_data.speed_ref
1764787944830,0,monitor_data.speed_ref
1764787944832,0,monitor_data.speed_ref
1764787944834,0.0654667392373085,monitor_data.speed
1764787944837,0.05367831513285637,monitor_data.speed
1764787944839,0.04396311566233635,monitor_data.speed
1764787944841,0.03836957365274429,monitor_data.speed
1764787944844,0.08062595129013062,monitor_data.speed
1764787944845,0.12079279124736786,monitor_data.speed
1764787944847,0.09939775615930557,monitor_data.speed
1764787944849,-5.777312755584717,monitor_data.speed
1764787944852,0.11596997082233429,monitor_data.speed
1764787944854,0.09375841915607452,monitor_data.speed
1764787944856,0.07891146838665009,monitor_data.speed
1764787944857,0.06782905012369156,monitor_data.speed
1764787944860,0.056029897183179855,monitor_data.speed
1764787944862,0.15823428332805634,monitor_data.speed
1764787944864,0.13094106316566467,monitor_data.speed
1764787944866,0.10963063687086105,monitor_data.speed
1764787944868,0.0887274369597435,monitor_data.speed
1764787944870,-5.7866034507751465,monitor_data.speed
1764787944872,0.10645490884780884,monitor_data.speed
1764787944875,0.08699356764554977,monitor_data.speed
1764787944876,0.07332256436347961,monitor_data.speed
1764787944878,0.06367115676403046,monitor_data.speed
1764787944880,0.05405431240797043,monitor_data.speed
1764787944882,0.047265052795410156,monitor_data.speed
1764787944884,0.0946466401219368,monitor_data.speed
1764787944834,0,monitor_data.speed_ref
1764787944837,0,monitor_data.speed_ref
1764787944839,0,monitor_data.speed_ref
1764787944841,0,monitor_data.speed_ref
1764787944844,0,monitor_data.speed_ref
1764787944845,0,monitor_data.speed_ref
1764787944847,0,monitor_data.speed_ref
1764787944849,0,monitor_data.speed_ref
1764787944852,0,monitor_data.speed_ref
1764787944854,0,monitor_data.speed_ref
1764787944856,0,monitor_data.speed_ref
1764787944857,0,monitor_data.speed_ref
1764787944860,0,monitor_data.speed_ref
1764787944862,0,monitor_data.speed_ref
1764787944864,0,monitor_data.speed_ref
1764787944866,0,monitor_data.speed_ref
1764787944868,0,monitor_data.speed_ref
1764787944870,0,monitor_data.speed_ref
1764787944872,0,monitor_data.speed_ref
1764787944875,0,monitor_data.speed_ref
1764787944876,0,monitor_data.speed_ref
1764787944878,0,monitor_data.speed_ref
1764787944880,0,monitor_data.speed_ref
1764787944882,0,monitor_data.speed_ref
1764787944884,0,monitor_data.speed_ref
1764787944886,0.07547301054000854,monitor_data.speed
1764787944889,0.06055935099720955,monitor_data.speed
1764787944891,0.05020228773355484,monitor_data.speed
1764787944893,0.04189973324537277,monitor_data.speed
1764787944895,0.03579025715589523,monitor_data.speed
1764787944897,0.14232654869556427,monitor_data.speed
1764787944899,0.22673696279525757,monitor_data.speed
1764787944901,0.18341515958309174,monitor_data.speed
1764787944904,0.13915327191352844,monitor_data.speed
1764787944906,0.11641527712345123,monitor_data.speed
1764787944908,0.0976298525929451,monitor_data.speed
1764787944910,0.13150079548358917,monitor_data.speed
1764787944912,0.11112076789140701,monitor_data.speed
1764787944913,0.09585470706224442,monitor_data.speed
1764787944915,0.07920469343662262,monitor_data.speed
1764787944917,0.06867953389883041,monitor_data.speed
1764787944919,0.05720018967986107,monitor_data.speed
1764787944921,0.09680239111185074,monitor_data.speed
1764787944923,0.12886899709701538,monitor_data.speed
1764787944925,0.10692302882671356,monitor_data.speed
1764787944927,0.09144121408462524,monitor_data.speed
1764787944929,0.07563094794750214,monitor_data.speed
1764787944931,0.06563664227724075,monitor_data.speed
1764787944933,0.05290841683745384,monitor_data.speed
1764787944935,0.04442988708615303,monitor_data.speed
1764787944886,0,monitor_data.speed_ref
1764787944889,0,monitor_data.speed_ref
1764787944891,0,monitor_data.speed_ref
1764787944893,0,monitor_data.speed_ref
1764787944895,0,monitor_data.speed_ref
1764787944897,0,monitor_data.speed_ref
1764787944899,0,monitor_data.speed_ref
1764787944901,0,monitor_data.speed_ref
1764787944904,0,monitor_data.speed_ref
1764787944906,0,monitor_data.speed_ref
1764787944908,0,monitor_data.speed_ref
1764787944910,0,monitor_data.speed_ref
1764787944912,0,monitor_data.speed_ref
1764787944913,0,monitor_data.speed_ref
1764787944915,0,monitor_data.speed_ref
1764787944917,0,monitor_data.speed_ref
1764787944919,0,monitor_data.speed_ref
1764787944921,0,monitor_data.speed_ref
1764787944923,0,monitor_data.speed_ref
1764787944925,0,monitor_data.speed_ref
1764787944927,0,monitor_data.speed_ref
1764787944929,0,monitor_data.speed_ref
1764787944931,0,monitor_data.speed_ref
1764787944933,0,monitor_data.speed_ref
1764787944935,0,monitor_data.speed_ref
1764787944937,0.09217758476734161,monitor_data.speed
1764787944939,0.07622723281383514,monitor_data.speed
1764787944942,0.06061802804470062,monitor_data.speed
1764787944944,0.051100075244903564,monitor_data.speed
1764787944946,0.043668482452631,monitor_data.speed
1764787944948,0.037236932665109634,monitor_data.speed
1764787944950,0.03197651728987694,monitor_data.speed
1764787944952,0.08376586437225342,monitor_data.speed
1764787944954,0.06880534440279007,monitor_data.speed
1764787944956,0.16319845616817474,monitor_data.speed
1764787944958,0.24477949738502502,monitor_data.speed
1764787944960,0.19979311525821686,monitor_data.speed
1764787944962,0.2148224115371704,monitor_data.speed
1764787944964,0.17386415600776672,monitor_data.speed
1764787944966,0.20137706398963928,monitor_data.speed
1764787944968,0.16622775793075562,monitor_data.speed
1764787944970,0.13239070773124695,monitor_data.speed
1764787944973,0.10878892242908478,monitor_data.speed
1764787944974,0.14539594948291779,monitor_data.speed
1764787944977,0.1193196177482605,monitor_data.speed
1764787944979,0.09820489585399628,monitor_data.speed
1764787944981,0.14134268462657928,monitor_data.speed
1764787944982,0.17673976719379425,monitor_data.speed
1764787944984,0.15029263496398926,monitor_data.speed
1764787944937,0,monitor_data.speed_ref
1764787944939,0,monitor_data.speed_ref
1764787944942,0,monitor_data.speed_ref
1764787944944,0,monitor_data.speed_ref
1764787944946,0,monitor_data.speed_ref
1764787944948,0,monitor_data.speed_ref
1764787944950,0,monitor_data.speed_ref
1764787944952,0,monitor_data.speed_ref
1764787944954,0,monitor_data.speed_ref
1764787944956,0,monitor_data.speed_ref
1764787944958,0,monitor_data.speed_ref
1764787944960,0,monitor_data.speed_ref
1764787944962,0,monitor_data.speed_ref
1764787944964,0,monitor_data.speed_ref
1764787944966,0,monitor_data.speed_ref
1764787944968,0,monitor_data.speed_ref
1764787944970,0,monitor_data.speed_ref
1764787944973,0,monitor_data.speed_ref
1764787944974,0,monitor_data.speed_ref
1764787944977,0,monitor_data.speed_ref
1764787944979,0,monitor_data.speed_ref
1764787944981,0,monitor_data.speed_ref
1764787944982,0,monitor_data.speed_ref
1764787944984,0,monitor_data.speed_ref
1764787944986,0.122135229408741,monitor_data.speed
1764787944988,0.09956341236829758,monitor_data.speed
1764787944990,0.13980728387832642,monitor_data.speed
1764787944992,0.11479432135820389,monitor_data.speed
1764787944994,0.15359526872634888,monitor_data.speed
1764787944996,0.13078325986862183,monitor_data.speed
1764787944998,0.16522231698036194,monitor_data.speed
1764787945000,0.1837487518787384,monitor_data.speed
1764787945002,0.20283600687980652,monitor_data.speed
1764787945004,0.2772321403026581,monitor_data.speed
1764787945006,0.23729141056537628,monitor_data.speed
1764787945007,0.3050878643989563,monitor_data.speed
1764787945009,0.2535051703453064,monitor_data.speed
1764787945011,0.37571966648101807,monitor_data.speed
1764787945013,0.3243093490600586,monitor_data.speed
1764787945015,0.26163235306739807,monitor_data.speed
1764787945017,0.21971726417541504,monitor_data.speed
1764787945019,0.17275546491146088,monitor_data.speed
1764787945022,0.140142023563385,monitor_data.speed
1764787945023,0.11723216623067856,monitor_data.speed
1764787945026,0.09830474853515625,monitor_data.speed
1764787945027,0.14010675251483917,monitor_data.speed
1764787945029,0.11720303446054459,monitor_data.speed
1764787945031,0.2004861980676651,monitor_data.speed
1764787945032,0.17526720464229584,monitor_data.speed
1764787945034,0.19871273636817932,monitor_data.speed
1764787945036,0.1594240814447403,monitor_data.speed
1764787944986,0,monitor_data.speed_ref
1764787944988,0,monitor_data.speed_ref
1764787944990,0,monitor_data.speed_ref
1764787944992,0,monitor_data.speed_ref
1764787944994,0,monitor_data.speed_ref
1764787944996,0,monitor_data.speed_ref
1764787944998,0,monitor_data.speed_ref
1764787945000,0,monitor_data.speed_ref
1764787945002,0,monitor_data.speed_ref
1764787945004,0,monitor_data.speed_ref
1764787945006,0,monitor_data.speed_ref
1764787945007,0,monitor_data.speed_ref
1764787945009,0,monitor_data.speed_ref
1764787945011,0,monitor_data.speed_ref
1764787945013,0,monitor_data.speed_ref
1764787945015,0,monitor_data.speed_ref
1764787945017,0,monitor_data.speed_ref
1764787945019,0,monitor_data.speed_ref
1764787945022,0,monitor_data.speed_ref
1764787945023,0,monitor_data.speed_ref
1764787945026,0,monitor_data.speed_ref
1764787945027,0,monitor_data.speed_ref
1764787945029,0,monitor_data.speed_ref
1764787945031,0,monitor_data.speed_ref
1764787945032,0,monitor_data.speed_ref
1764787945034,0,monitor_data.speed_ref
1764787945036,0,monitor_data.speed_ref
1764787945038,0.13191422820091248,monitor_data.speed
1764787945041,0.10543139278888702,monitor_data.speed
1764787945043,0.08936548978090286,monitor_data.speed
1764787945044,0.07595827430486679,monitor_data.speed
1764787945046,0.06420554220676422,monitor_data.speed
1764787945048,0.054961949586868286,monitor_data.speed
1764787945050,0.09510597586631775,monitor_data.speed
1764787945052,0.13502991199493408,monitor_data.speed
1764787945054,0.11092596501111984,monitor_data.speed
1764787945056,0.19620375335216522,monitor_data.speed
1764787945058,0.16511614620685577,monitor_data.speed
1764787945060,0.13786491751670837,monitor_data.speed
1764787945062,-5.691703796386719,monitor_data.speed
1764787945065,0.2916150391101837,monitor_data.speed
1764787945066,0.2447381615638733,monitor_data.speed
1764787945068,0.2016930729150772,monitor_data.speed
1764787945071,0.2207668125629425,monitor_data.speed
1764787945073,0.1820867657661438,monitor_data.speed
1764787945074,0.15627916157245636,monitor_data.speed
1764787945076,0.12693418562412262,monitor_data.speed
1764787945078,0.10830947011709213,monitor_data.speed
1764787945080,0.09176730364561081,monitor_data.speed
1764787945082,-5.781424045562744,monitor_data.speed
1764787945038,0,monitor_data.speed_ref
1764787945041,0,monitor_data.speed_ref
1764787945043,0,monitor_data.speed_ref
1764787945044,0,monitor_data.speed_ref
1764787945046,0,monitor_data.speed_ref
1764787945048,0,monitor_data.speed_ref
1764787945050,0,monitor_data.speed_ref
1764787945052,0,monitor_data.speed_ref
1764787945054,0,monitor_data.speed_ref
1764787945056,0,monitor_data.speed_ref
1764787945058,0,monitor_data.speed_ref
1764787945060,0,monitor_data.speed_ref
1764787945062,0,monitor_data.speed_ref
1764787945065,0,monitor_data.speed_ref
1764787945066,0,monitor_data.speed_ref
1764787945068,0,monitor_data.speed_ref
1764787945071,0,monitor_data.speed_ref
1764787945073,0,monitor_data.speed_ref
1764787945074,0,monitor_data.speed_ref
1764787945076,0,monitor_data.speed_ref
1764787945078,0,monitor_data.speed_ref
1764787945080,0,monitor_data.speed_ref
1764787945082,0,monitor_data.speed_ref
1764787945083,0.12137263268232346,monitor_data.speed
1764787945084,0.16513177752494812,monitor_data.speed
1764787945086,0.18882660567760468,monitor_data.speed
1764787945088,0.16201786696910858,monitor_data.speed
1764787945090,0.14051303267478943,monitor_data.speed
1764787945092,-5.745090484619141,monitor_data.speed
1764787945094,0.1447758674621582,monitor_data.speed
1764787945096,0.17299701273441315,monitor_data.speed
1764787945097,0.14437581598758698,monitor_data.speed
1764787945099,0.12072999030351639,monitor_data.speed
1764787945102,0.15382038056850433,monitor_data.speed
1764787945104,0.12149961292743683,monitor_data.speed
1764787945106,0.10089556127786636,monitor_data.speed
1764787945108,0.08253704756498337,monitor_data.speed
1764787945110,0.06902779638767242,monitor_data.speed
1764787945112,0.11105776578187943,monitor_data.speed
1764787945115,0.09151502698659897,monitor_data.speed
1764787945117,0.19161924719810486,monitor_data.speed
1764787945119,0.15379460155963898,monitor_data.speed
1764787945121,0.1261202096939087,monitor_data.speed
1764787945123,0.1066306009888649,monitor_data.speed
1764787945125,0.0920315608382225,monitor_data.speed
1764787945126,0.07888855040073395,monitor_data.speed
1764787945128,0.18441112339496613,monitor_data.speed
1764787945130,0.15235115587711334,monitor_data.speed
1764787945132,0.28152307868003845,monitor_data.speed
1764787945134,0.2811708450317383,monitor_data.speed
1764787945137,0.2651556730270386,monitor_data.speed
1764787945139,0.33524999022483826,monitor_data.speed
1764787945083,0,monitor_data.speed_ref
1764787945084,0,monitor_data.speed_ref
1764787945086,0,monitor_data.speed_ref
1764787945088,0,monitor_data.speed_ref
1764787945090,0,monitor_data.speed_ref
1764787945092,0,monitor_data.speed_ref
1764787945094,0,monitor_data.speed_ref
1764787945096,0,monitor_data.speed_ref
1764787945097,0,monitor_data.speed_ref
1764787945099,0,monitor_data.speed_ref
1764787945102,0,monitor_data.speed_ref
1764787945104,0,monitor_data.speed_ref
1764787945106,0,monitor_data.speed_ref
1764787945108,0,monitor_data.speed_ref
1764787945110,0,monitor_data.speed_ref
1764787945112,0,monitor_data.speed_ref
1764787945115,0,monitor_data.speed_ref
1764787945117,0,monitor_data.speed_ref
1764787945119,0,monitor_data.speed_ref
1764787945121,0,monitor_data.speed_ref
1764787945123,0,monitor_data.speed_ref
1764787945125,0,monitor_data.speed_ref
1764787945126,0,monitor_data.speed_ref
1764787945128,0,monitor_data.speed_ref
1764787945130,0,monitor_data.speed_ref
1764787945132,0,monitor_data.speed_ref
1764787945134,0,monitor_data.speed_ref
1764787945137,0,monitor_data.speed_ref
1764787945139,0,monitor_data.speed_ref
1764787945141,0.33431726694107056,monitor_data.speed
1764787945142,0.3399638533592224,monitor_data.speed
1764787945144,0.28508618474006653,monitor_data.speed
1764787945146,0.23469404876232147,monitor_data.speed
1764787945148,0.29486361145973206,monitor_data.speed
1764787945150,0.3545551300048828,monitor_data.speed
1764787945153,0.36841443181037903,monitor_data.speed
1764787945155,0.29410210251808167,monitor_data.speed
1764787945157,0.24681366980075836,monitor_data.speed
1764787945159,0.4194599390029907,monitor_data.speed
1764787945161,0.44971299171447754,monitor_data.speed
1764787945163,0.3657338619232178,monitor_data.speed
1764787945165,0.3096042275428772,monitor_data.speed
1764787945167,0.2522835433483124,monitor_data.speed
1764787945169,-5.596898555755615,monitor_data.speed
1764787945171,0.31612348556518555,monitor_data.speed
1764787945173,0.2575623691082001,monitor_data.speed
1764787945175,0.2081257402896881,monitor_data.speed
1764787945177,0.22163736820220947,monitor_data.speed
1764787945179,-5.617993354797363,monitor_data.speed
1764787945181,0.30714333057403564,monitor_data.speed
1764787945183,0.4738326072692871,monitor_data.speed
1764787945185,0.43448594212532043,monitor_data.speed
1764787945188,0.4005832374095917,monitor_data.speed
1764787945190,-5.419313907623291,monitor_data.speed
1764787945141,0,monitor_data.speed_ref
1764787945142,0,monitor_data.speed_ref
1764787945144,0,monitor_data.speed_ref
1764787945146,0,monitor_data.speed_ref
1764787945148,0,monitor_data.speed_ref
1764787945150,0,monitor_data.speed_ref
1764787945153,0,monitor_data.speed_ref
1764787945155,0,monitor_data.speed_ref
1764787945157,0,monitor_data.speed_ref
1764787945159,0,monitor_data.speed_ref
1764787945161,0,monitor_data.speed_ref
1764787945163,0,monitor_data.speed_ref
1764787945165,0,monitor_data.speed_ref
1764787945167,0,monitor_data.speed_ref
1764787945169,0,monitor_data.speed_ref
1764787945171,0,monitor_data.speed_ref
1764787945173,0,monitor_data.speed_ref
1764787945175,0,monitor_data.speed_ref
1764787945177,0,monitor_data.speed_ref
1764787945179,0,monitor_data.speed_ref
1764787945181,0,monitor_data.speed_ref
1764787945183,0,monitor_data.speed_ref
1764787945185,0,monitor_data.speed_ref
1764787945188,0,monitor_data.speed_ref
1764787945190,0,monitor_data.speed_ref
1764787945192,0.4542602598667145,monitor_data.speed
1764787945194,0.3694159984588623,monitor_data.speed
1764787945196,0.3127080202102661,monitor_data.speed
1764787945197,-5.491184234619141,monitor_data.speed
1764787945199,0.4091588854789734,monitor_data.speed
1764787945201,0.33289608359336853,monitor_data.speed
1764787945204,0.4617702066898346,monitor_data.speed
1764787945206,0.3792054355144501,monitor_data.speed
1764787945208,0.42787784337997437,monitor_data.speed
1764787945209,0.416055291891098,monitor_data.speed
1764787945211,0.34518328309059143,monitor_data.speed
1764787945213,0.28663086891174316,monitor_data.speed
1764787945215,0.40600523352622986,monitor_data.speed
1764787945218,0.4857042133808136,monitor_data.speed
1764787945220,0.49652740359306335,monitor_data.speed
1764787945222,0.4702607989311218,monitor_data.speed
1764787945224,0.42432019114494324,monitor_data.speed
1764787945226,0.4112047851085663,monitor_data.speed
1764787945228,0.34793365001678467,monitor_data.speed
1764787945229,0.6161301732063293,monitor_data.speed
1764787945231,0.5155506730079651,monitor_data.speed
1764787945233,0.42319294810295105,monitor_data.speed
1764787945236,0.38141733407974243,monitor_data.speed
1764787945238,0.34259799122810364,monitor_data.speed
1764787945192,0,monitor_data.speed_ref
1764787945194,0,monitor_data.speed_ref
1764787945196,0,monitor_data.speed_ref
1764787945197,0,monitor_data.speed_ref
1764787945199,0,monitor_data.speed_ref
1764787945201,0,monitor_data.speed_ref
1764787945204,0,monitor_data.speed_ref
1764787945206,0,monitor_data.speed_ref
1764787945208,0,monitor_data.speed_ref
1764787945209,0,monitor_data.speed_ref
1764787945211,0,monitor_data.speed_ref
1764787945213,0,monitor_data.speed_ref
1764787945215,0,monitor_data.speed_ref
1764787945218,0,monitor_data.speed_ref
1764787945220,0,monitor_data.speed_ref
1764787945222,0,monitor_data.speed_ref
1764787945224,0,monitor_data.speed_ref
1764787945226,0,monitor_data.speed_ref
1764787945228,0,monitor_data.speed_ref
1764787945229,0,monitor_data.speed_ref
1764787945231,0,monitor_data.speed_ref
1764787945233,0,monitor_data.speed_ref
1764787945236,0,monitor_data.speed_ref
1764787945238,0,monitor_data.speed_ref
1764787945240,0.5043606162071228,monitor_data.speed
1764787945242,0.4703250825405121,monitor_data.speed
1764787945244,0.5557958483695984,monitor_data.speed
1764787945246,0.4698157012462616,monitor_data.speed
1764787945248,0.38959842920303345,monitor_data.speed
1764787945250,0.3763969838619232,monitor_data.speed
1764787945252,0.30937817692756653,monitor_data.speed
1764787945254,0.24486078321933746,monitor_data.speed
1764787945256,0.250690221786499,monitor_data.speed
1764787945258,0.2617259919643402,monitor_data.speed
1764787945260,0.2745341658592224,monitor_data.speed
1764787945262,0.2818935811519623,monitor_data.speed
1764787945264,0.22763046622276306,monitor_data.speed
1764787945266,0.349326491355896,monitor_data.speed
1764787945268,0.2844480276107788,monitor_data.speed
1764787945270,0.28456616401672363,monitor_data.speed
1764787945273,0.22755859792232513,monitor_data.speed
1764787945274,0.30328941345214844,monitor_data.speed
1764787945277,0.24958261847496033,monitor_data.speed
1764787945278,0.2730843424797058,monitor_data.speed
1764787945279,0.2941858172416687,monitor_data.speed
1764787945281,0.40490955114364624,monitor_data.speed
1764787945284,0.4306586980819702,monitor_data.speed
1764787945286,0.3954246938228607,monitor_data.speed
1764787945288,0.3313690423965454,monitor_data.speed
1764787945290,0.4987965524196625,monitor_data.speed
1764787945292,0.4563812017440796,monitor_data.speed
1764787945240,0,monitor_data.speed_ref
1764787945242,0,monitor_data.speed_ref
1764787945244,0,monitor_data.speed_ref
1764787945246,0,monitor_data.speed_ref
1764787945248,0,monitor_data.speed_ref
1764787945250,0,monitor_data.speed_ref
1764787945252,0,monitor_data.speed_ref
1764787945254,0,monitor_data.speed_ref
1764787945256,0,monitor_data.speed_ref
1764787945258,0,monitor_data.speed_ref
1764787945260,0,monitor_data.speed_ref
1764787945262,0,monitor_data.speed_ref
1764787945264,0,monitor_data.speed_ref
1764787945266,0,monitor_data.speed_ref
1764787945268,0,monitor_data.speed_ref
1764787945270,0,monitor_data.speed_ref
1764787945273,0,monitor_data.speed_ref
1764787945274,0,monitor_data.speed_ref
1764787945277,0,monitor_data.speed_ref
1764787945278,0,monitor_data.speed_ref
1764787945279,0,monitor_data.speed_ref
1764787945281,0,monitor_data.speed_ref
1764787945284,0,monitor_data.speed_ref
1764787945286,0,monitor_data.speed_ref
1764787945288,0,monitor_data.speed_ref
1764787945290,0,monitor_data.speed_ref
1764787945292,0,monitor_data.speed_ref
1764787945294,-5.219778060913086,monitor_data.speed
1764787945296,0.6855916976928711,monitor_data.speed
1764787945298,0.771674633026123,monitor_data.speed
1764787945300,0.6326777935028076,monitor_data.speed
1764787945302,0.5088300704956055,monitor_data.speed
1764787945304,0.6892263293266296,monitor_data.speed
1764787945306,0.6731888055801392,monitor_data.speed
1764787945307,0.623935341835022,monitor_data.speed
1764787945309,0.5737800598144531,monitor_data.speed
1764787945311,0.8302848935127258,monitor_data.speed
1764787945312,0.8634335398674011,monitor_data.speed
1764787945314,-5.100058078765869,monitor_data.speed
1764787945316,0.8102892637252808,monitor_data.speed
1764787945318,0.6863390207290649,monitor_data.speed
1764787945321,-5.201241970062256,monitor_data.speed
1764787945322,0.7202601432800293,monitor_data.speed
1764787945324,0.573331356048584,monitor_data.speed
1764787945326,0.5697325468063354,monitor_data.speed
1764787945329,0.510307788848877,monitor_data.speed
1764787945331,0.4272405803203583,monitor_data.speed
1764787945332,0.35442420840263367,monitor_data.speed
1764787945334,0.29140642285346985,monitor_data.speed
1764787945337,0.3400237262248993,monitor_data.speed
1764787945338,0.3460700213909149,monitor_data.speed
1764787945340,0.3992682695388794,monitor_data.speed
1764787945342,0.32808470726013184,monitor_data.speed
1764787945344,0.49441006779670715,monitor_data.speed
1764787945294,0,monitor_data.speed_ref
1764787945296,0,monitor_data.speed_ref
1764787945298,0,monitor_data.speed_ref
1764787945300,0,monitor_data.speed_ref
1764787945302,0,monitor_data.speed_ref
1764787945304,0,monitor_data.speed_ref
1764787945306,0,monitor_data.speed_ref
1764787945307,0,monitor_data.speed_ref
1764787945309,0,monitor_data.speed_ref
1764787945311,0,monitor_data.speed_ref
1764787945312,0,monitor_data.speed_ref
1764787945314,0,monitor_data.speed_ref
1764787945316,0,monitor_data.speed_ref
1764787945318,0,monitor_data.speed_ref
1764787945321,0,monitor_data.speed_ref
1764787945322,0,monitor_data.speed_ref
1764787945324,0,monitor_data.speed_ref
1764787945326,0,monitor_data.speed_ref
1764787945329,0,monitor_data.speed_ref
1764787945331,0,monitor_data.speed_ref
1764787945332,0,monitor_data.speed_ref
1764787945334,0,monitor_data.speed_ref
1764787945337,0,monitor_data.speed_ref
1764787945338,0,monitor_data.speed_ref
1764787945340,0,monitor_data.speed_ref
1764787945342,0,monitor_data.speed_ref
1764787945344,0,monitor_data.speed_ref
1764787945346,0.4548438489437103,monitor_data.speed
1764787945348,0.4938306510448456,monitor_data.speed
1764787945350,0.5173841714859009,monitor_data.speed
1764787945353,0.4598429203033447,monitor_data.speed
1764787945355,0.43654412031173706,monitor_data.speed
1764787945357,0.4568609297275543,monitor_data.speed
1764787945359,0.3751901388168335,monitor_data.speed
1764787945361,0.31142163276672363,monitor_data.speed
1764787945363,0.37417304515838623,monitor_data.speed
1764787945365,0.40688714385032654,monitor_data.speed
1764787945367,0.33760884404182434,monitor_data.speed
1764787945369,0.3662121295928955,monitor_data.speed
1764787945372,0.3456169366836548,monitor_data.speed
1764787945374,0.3438427746295929,monitor_data.speed
1764787945375,0.3449106514453888,monitor_data.speed
1764787945377,-5.429865837097168,monitor_data.speed
1764787945379,-5.401190280914307,monitor_data.speed
1764787945381,0.5723512768745422,monitor_data.speed
1764787945383,0.5876967310905457,monitor_data.speed
1764787945385,0.5818606019020081,monitor_data.speed
1764787945387,0.4821663200855255,monitor_data.speed
1764787945389,0.3958876132965088,monitor_data.speed
1764787945391,0.39348626136779785,monitor_data.speed
1764787945392,0.32975146174430847,monitor_data.speed
1764787945394,0.2792729437351227,monitor_data.speed
1764787945346,0,monitor_data.speed_ref
1764787945348,0,monitor_data.speed_ref
1764787945350,0,monitor_data.speed_ref
1764787945353,0,monitor_data.speed_ref
1764787945355,0,monitor_data.speed_ref
1764787945357,0,monitor_data.speed_ref
1764787945359,0,monitor_data.speed_ref
1764787945361,0,monitor_data.speed_ref
1764787945363,0,monitor_data.speed_ref
1764787945365,0,monitor_data.speed_ref
1764787945367,0,monitor_data.speed_ref
1764787945369,0,monitor_data.speed_ref
1764787945372,0,monitor_data.speed_ref
1764787945374,0,monitor_data.speed_ref
1764787945375,0,monitor_data.speed_ref
1764787945377,0,monitor_data.speed_ref
1764787945379,0,monitor_data.speed_ref
1764787945381,0,monitor_data.speed_ref
1764787945383,0,monitor_data.speed_ref
1764787945385,0,monitor_data.speed_ref
1764787945387,0,monitor_data.speed_ref
1764787945389,0,monitor_data.speed_ref
1764787945391,0,monitor_data.speed_ref
1764787945392,0,monitor_data.speed_ref
1764787945394,0,monitor_data.speed_ref
1764787945396,0.3282286524772644,monitor_data.speed
1764787945398,0.37557724118232727,monitor_data.speed
1764787945400,0.3087076246738434,monitor_data.speed
1764787945402,0.4597637355327606,monitor_data.speed
1764787945404,0.500884473323822,monitor_data.speed
1764787945406,0.4277222752571106,monitor_data.speed
1764787945407,0.4821836054325104,monitor_data.speed
1764787945409,0.39590176939964294,monitor_data.speed
1764787945411,0.43030107021331787,monitor_data.speed
1764787945413,0.4186439514160156,monitor_data.speed
1764787945415,0.333965003490448,monitor_data.speed
1764787945417,-5.527369499206543,monitor_data.speed
1764787945419,0.5232918858528137,monitor_data.speed
1764787945421,0.4867699444293976,monitor_data.speed
1764787945423,0.4582182466983795,monitor_data.speed
1764787945425,0.4460068643093109,monitor_data.speed
1764787945427,0.7453375458717346,monitor_data.speed
1764787945429,0.693800151348114,monitor_data.speed
1764787945431,0.6790446639060974,monitor_data.speed
1764787945433,0.7053245902061462,monitor_data.speed
1764787945435,0.7909183502197266,monitor_data.speed
1764787945437,0.7652349472045898,monitor_data.speed
1764787945439,0.8856036067008972,monitor_data.speed
1764787945440,0.9213677644729614,monitor_data.speed
1764787945442,-4.949186325073242,monitor_data.speed
1764787945443,0.9701803922653198,monitor_data.speed
1764787945446,0.7871702909469604,monitor_data.speed
1764787945396,0,monitor_data.speed_ref
1764787945398,0,monitor_data.speed_ref
1764787945400,0,monitor_data.speed_ref
1764787945402,0,monitor_data.speed_ref
1764787945404,0,monitor_data.speed_ref
1764787945406,0,monitor_data.speed_ref
1764787945407,0,monitor_data.speed_ref
1764787945409,0,monitor_data.speed_ref
1764787945411,0,monitor_data.speed_ref
1764787945413,0,monitor_data.speed_ref
1764787945415,0,monitor_data.speed_ref
1764787945417,0,monitor_data.speed_ref
1764787945419,0,monitor_data.speed_ref
1764787945421,0,monitor_data.speed_ref
1764787945423,0,monitor_data.speed_ref
1764787945425,0,monitor_data.speed_ref
1764787945427,0,monitor_data.speed_ref
1764787945429,0,monitor_data.speed_ref
1764787945431,0,monitor_data.speed_ref
1764787945433,0,monitor_data.speed_ref
1764787945435,0,monitor_data.speed_ref
1764787945437,0,monitor_data.speed_ref
1764787945439,0,monitor_data.speed_ref
1764787945440,0,monitor_data.speed_ref
1764787945442,0,monitor_data.speed_ref
1764787945443,0,monitor_data.speed_ref
1764787945446,0,monitor_data.speed_ref
1764787945448,0.747162938117981,monitor_data.speed
1764787945450,0.7011994123458862,monitor_data.speed
1764787945452,0.6647540926933289,monitor_data.speed
1764787945454,0.5292811989784241,monitor_data.speed
1764787945457,0.6007634997367859,monitor_data.speed
1764787945458,-5.190984725952148,monitor_data.speed
1764787945460,0.9310361742973328,monitor_data.speed
1764787945462,-4.89581823348999,monitor_data.speed
1764787945465,0.9085994362831116,monitor_data.speed
1764787945466,1.068865418434143,monitor_data.speed
1764787945469,0.9300771951675415,monitor_data.speed
1764787945471,0.822842538356781,monitor_data.speed
1764787945472,0.766868531703949,monitor_data.speed
1764787945474,0.7317115664482117,monitor_data.speed
1764787945476,-5.194390773773193,monitor_data.speed
1764787945478,0.7691443562507629,monitor_data.speed
1764787945479,0.656133770942688,monitor_data.speed
1764787945481,0.640125036239624,monitor_data.speed
1764787945483,0.6851456761360168,monitor_data.speed
1764787945486,0.8001077175140381,monitor_data.speed
1764787945488,0.7051796913146973,monitor_data.speed
1764787945490,0.8721633553504944,monitor_data.speed
1764787945491,0.8477438688278198,monitor_data.speed
1764787945493,0.7683719396591187,monitor_data.speed
1764787945495,0.6879843473434448,monitor_data.speed
1764787945448,0,monitor_data.speed_ref
1764787945450,0,monitor_data.speed_ref
1764787945452,0,monitor_data.speed_ref
1764787945454,0,monitor_data.speed_ref
1764787945457,0,monitor_data.speed_ref
1764787945458,0,monitor_data.speed_ref
1764787945460,0,monitor_data.speed_ref
1764787945462,0,monitor_data.speed_ref
1764787945465,0,monitor_data.speed_ref
1764787945466,0,monitor_data.speed_ref
1764787945469,0,monitor_data.speed_ref
1764787945471,0,monitor_data.speed_ref
1764787945472,0,monitor_data.speed_ref
1764787945474,0,monitor_data.speed_ref
1764787945476,0,monitor_data.speed_ref
1764787945478,0,monitor_data.speed_ref
1764787945479,0,monitor_data.speed_ref
1764787945481,0,monitor_data.speed_ref
1764787945483,0,monitor_data.speed_ref
1764787945486,0,monitor_data.speed_ref
1764787945488,0,monitor_data.speed_ref
1764787945490,0,monitor_data.speed_ref
1764787945491,0,monitor_data.speed_ref
1764787945493,0,monitor_data.speed_ref
1764787945495,0,monitor_data.speed_ref
1764787945497,0.9170663952827454,monitor_data.speed
1764787945499,0.7591023445129395,monitor_data.speed
1764787945501,0.8261043429374695,monitor_data.speed
1764787945504,-4.908717632293701,monitor_data.speed
1764787945506,-4.674213886260986,monitor_data.speed
1764787945508,-4.736742973327637,monitor_data.speed
1764787945509,0.9876338243484497,monitor_data.speed
1764787945511,0.876992404460907,monitor_data.speed
1764787945513,0.9283146858215332,monitor_data.speed
1764787945516,0.7952999472618103,monitor_data.speed
1764787945518,0.795912504196167,monitor_data.speed
1764787945520,0.6874372959136963,monitor_data.speed
1764787945522,0.6727755069732666,monitor_data.speed
1764787945524,0.8350743055343628,monitor_data.speed
1764787945526,0.7193805575370789,monitor_data.speed
1764787945527,0.7148958444595337,monitor_data.speed
1764787945529,0.725296139717102,monitor_data.speed
1764787945531,0.5947446823120117,monitor_data.speed
1764787945533,0.49281084537506104,monitor_data.speed
1764787945535,0.620793879032135,monitor_data.speed
1764787945537,0.7103767395019531,monitor_data.speed
1764787945539,0.7581420540809631,monitor_data.speed
1764787945542,-5.051634311676025,monitor_data.speed
1764787945543,0.9470393061637878,monitor_data.speed
1764787945497,0,monitor_data.speed_ref
1764787945499,0,monitor_data.speed_ref
1764787945501,0,monitor_data.speed_ref
1764787945504,0,monitor_data.speed_ref
1764787945506,0,monitor_data.speed_ref
1764787945508,0,monitor_data.speed_ref
1764787945509,0,monitor_data.speed_ref
1764787945511,0,monitor_data.speed_ref
1764787945513,0,monitor_data.speed_ref
1764787945516,0,monitor_data.speed_ref
1764787945518,0,monitor_data.speed_ref
1764787945520,0,monitor_data.speed_ref
1764787945522,0,monitor_data.speed_ref
1764787945524,0,monitor_data.speed_ref
1764787945526,0,monitor_data.speed_ref
1764787945527,0,monitor_data.speed_ref
1764787945529,0,monitor_data.speed_ref
1764787945531,0,monitor_data.speed_ref
1764787945533,0,monitor_data.speed_ref
1764787945535,0,monitor_data.speed_ref
1764787945537,0,monitor_data.speed_ref
1764787945539,0,monitor_data.speed_ref
1764787945542,0,monitor_data.speed_ref
1764787945543,0,monitor_data.speed_ref
1764787945545,0.8927114009857178,monitor_data.speed
1764787945547,-4.700772762298584,monitor_data.speed
1764787945549,-4.657759189605713,monitor_data.speed
1764787945551,1.2047350406646729,monitor_data.speed
1764787945552,1.3221261501312256,monitor_data.speed
1764787945554,1.3095378875732422,monitor_data.speed
1764787945556,1.0942093133926392,monitor_data.speed
1764787945558,0.9241701364517212,monitor_data.speed
1764787945561,-4.800098896026611,monitor_data.speed
1764787945563,1.036385178565979,monitor_data.speed
1764787945565,0.9894704222679138,monitor_data.speed
1764787945567,0.8516876101493835,monitor_data.speed
1764787945569,0.7857018709182739,monitor_data.speed
1764787945571,0.786337673664093,monitor_data.speed
1764787945574,-5.080371379852295,monitor_data.speed
1764787945576,0.802506685256958,monitor_data.speed
1764787945578,0.6578956246376038,monitor_data.speed
1764787945581,0.8914097547531128,monitor_data.speed
1764787945583,0.8839724659919739,monitor_data.speed
1764787945585,0.7472100257873535,monitor_data.speed
1764787945588,0.7457249760627747,monitor_data.speed
1764787945589,0.6236989498138428,monitor_data.speed
1764787945591,0.5903010368347168,monitor_data.speed
1764787945593,0.48433178663253784,monitor_data.speed
1764787945595,0.4446685314178467,monitor_data.speed
1764787945597,0.4715374708175659,monitor_data.speed
1764787945545,0,monitor_data.speed_ref
1764787945547,0,monitor_data.speed_ref
1764787945549,0,monitor_data.speed_ref
1764787945551,0,monitor_data.speed_ref
1764787945552,0,monitor_data.speed_ref
1764787945554,0,monitor_data.speed_ref
1764787945556,0,monitor_data.speed_ref
1764787945558,0,monitor_data.speed_ref
1764787945561,0,monitor_data.speed_ref
1764787945563,0,monitor_data.speed_ref
1764787945565,0,monitor_data.speed_ref
1764787945567,0,monitor_data.speed_ref
1764787945569,0,monitor_data.speed_ref
1764787945571,0,monitor_data.speed_ref
1764787945574,0,monitor_data.speed_ref
1764787945576,0,monitor_data.speed_ref
1764787945578,0,monitor_data.speed_ref
1764787945581,0,monitor_data.speed_ref
1764787945583,0,monitor_data.speed_ref
1764787945585,0,monitor_data.speed_ref
1764787945588,0,monitor_data.speed_ref
1764787945589,0,monitor_data.speed_ref
1764787945591,0,monitor_data.speed_ref
1764787945593,0,monitor_data.speed_ref
1764787945595,0,monitor_data.speed_ref
1764787945597,0,monitor_data.speed_ref
1764787945599,0.39102092385292053,monitor_data.speed
1764787945602,-5.460559844970703,monitor_data.speed
1764787945604,0.5681818723678589,monitor_data.speed
1764787945606,0.7230566143989563,monitor_data.speed
1764787945608,0.6948009729385376,monitor_data.speed
1764787945610,0.6347289085388184,monitor_data.speed
1764787945612,0.6754368543624878,monitor_data.speed
1764787945614,0.8024365901947021,monitor_data.speed
1764787945617,0.9919953942298889,monitor_data.speed
1764787945619,1.0016441345214844,monitor_data.speed
1764787945622,0.96837317943573,monitor_data.speed
1764787945624,0.7550756931304932,monitor_data.speed
1764787945626,0.7567071318626404,monitor_data.speed
1764787945629,-5.042242050170898,monitor_data.speed
1764787945631,0.9308768510818481,monitor_data.speed
1764787945632,-4.835656642913818,monitor_data.speed
1764787945635,1.2191921472549438,monitor_data.speed
1764787945599,0,monitor_data.speed_ref
1764787945602,0,monitor_data.speed_ref
1764787945604,0,monitor_data.speed_ref
1764787945606,0,monitor_data.speed_ref
1764787945608,0,monitor_data.speed_ref
1764787945610,0,monitor_data.speed_ref
1764787945612,0,monitor_data.speed_ref
1764787945614,0,monitor_data.speed_ref
1764787945617,0,monitor_data.speed_ref
1764787945619,0,monitor_data.speed_ref
1764787945622,0,monitor_data.speed_ref
1764787945624,0,monitor_data.speed_ref
1764787945626,0,monitor_data.speed_ref
1764787945629,0,monitor_data.speed_ref
1764787945631,0,monitor_data.speed_ref
1764787945632,0,monitor_data.speed_ref
1764787945635,0,monitor_data.speed_ref
1764787945637,1.0473958253860474,monitor_data.speed
1764787945639,0.9097065925598145,monitor_data.speed
1764787945642,1.0259902477264404,monitor_data.speed
1764787945644,0.9042194485664368,monitor_data.speed
1764787945647,0.7265055775642395,monitor_data.speed
1764787945649,0.7041410207748413,monitor_data.speed
1764787945651,0.7526460289955139,monitor_data.speed
1764787945654,0.6928369998931885,monitor_data.speed
1764787945656,0.6239178776741028,monitor_data.speed
1764787945658,0.7812566757202148,monitor_data.speed
1764787945660,0.7246204018592834,monitor_data.speed
1764787945662,0.6182234287261963,monitor_data.speed
1764787945664,0.7150336503982544,monitor_data.speed
1764787945666,-5.130693435668945,monitor_data.speed
1764787945668,0.8208857178688049,monitor_data.speed
1764787945670,-5.038615703582764,monitor_data.speed
1764787945673,0.951154351234436,monitor_data.speed
1764787945675,1.1090065240859985,monitor_data.speed
1764787945677,0.9899505972862244,monitor_data.speed
1764787945679,0.9072373509407043,monitor_data.speed
1764787945682,0.9343870878219604,monitor_data.speed
1764787945684,0.9810658097267151,monitor_data.speed
1764787945686,0.9615637063980103,monitor_data.speed
1764787945688,0.8223648071289062,monitor_data.speed
1764787945690,0.7245316505432129,monitor_data.speed
1764787945637,0,monitor_data.speed_ref
1764787945639,0,monitor_data.speed_ref
1764787945642,0,monitor_data.speed_ref
1764787945644,0,monitor_data.speed_ref
1764787945647,0,monitor_data.speed_ref
1764787945649,0,monitor_data.speed_ref
1764787945651,0,monitor_data.speed_ref
1764787945654,0,monitor_data.speed_ref
1764787945656,0,monitor_data.speed_ref
1764787945658,0,monitor_data.speed_ref
1764787945660,0,monitor_data.speed_ref
1764787945662,0,monitor_data.speed_ref
1764787945664,0,monitor_data.speed_ref
1764787945666,0,monitor_data.speed_ref
1764787945668,0,monitor_data.speed_ref
1764787945670,0,monitor_data.speed_ref
1764787945673,0,monitor_data.speed_ref
1764787945675,0,monitor_data.speed_ref
1764787945677,0,monitor_data.speed_ref
1764787945679,0,monitor_data.speed_ref
1764787945682,0,monitor_data.speed_ref
1764787945684,0,monitor_data.speed_ref
1764787945686,0,monitor_data.speed_ref
1764787945688,0,monitor_data.speed_ref
1764787945690,0,monitor_data.speed_ref
1764787945693,0.7491273880004883,monitor_data.speed
1764787945694,0.9849912524223328,monitor_data.speed
1764787945696,-4.7215142250061035,monitor_data.speed
1764787945697,1.04103422164917,monitor_data.speed
1764787945699,0.9356971383094788,monitor_data.speed
1764787945700,-4.77589750289917,monitor_data.speed
1764787945703,1.215389370918274,monitor_data.speed
1764787945705,1.1978543996810913,monitor_data.speed
1764787945707,1.1353693008422852,monitor_data.speed
1764787945709,1.1106152534484863,monitor_data.speed
1764787945711,1.1408809423446655,monitor_data.speed
1764787945713,1.0401387214660645,monitor_data.speed
1764787945715,0.9111746549606323,monitor_data.speed
1764787945693,0,monitor_data.speed_ref
1764787945694,0,monitor_data.speed_ref
1764787945696,0,monitor_data.speed_ref
1764787945697,0,monitor_data.speed_ref
1764787945699,0,monitor_data.speed_ref
1764787945700,0,monitor_data.speed_ref
1764787945703,0,monitor_data.speed_ref
1764787945705,0,monitor_data.speed_ref
1764787945707,0,monitor_data.speed_ref
1764787945709,0,monitor_data.speed_ref
1764787945711,0,monitor_data.speed_ref
1764787945713,0,monitor_data.speed_ref
1764787945715,0,monitor_data.speed_ref
