timestamp,value,variable
1775245139322,,monitor_data.speed_ref
1775245139322,,monitor_data.theta_mech
1775245139322,0,monitor_data.speed_ref
1775245139324,0,monitor_data.speed_ref
1775245139326,0,monitor_data.speed_ref
1775245139327,0,monitor_data.speed_ref
1775245139329,0,monitor_data.speed_ref
1775245139331,0,monitor_data.speed_ref
1775245139332,0,monitor_data.speed_ref
1775245139333,0,monitor_data.speed_ref
1775245139335,0,monitor_data.speed_ref
1775245139336,0,monitor_data.speed_ref
1775245139338,0,monitor_data.speed_ref
1775245139339,0,monitor_data.speed_ref
1775245139340,0,monitor_data.speed_ref
1775245139341,0,monitor_data.speed_ref
1775245139341,0,monitor_data.speed_ref
1775245139342,0,monitor_data.speed_ref
1775245139343,0,monitor_data.speed_ref
1775245139346,0,monitor_data.speed_ref
1775245139347,0,monitor_data.speed_ref
1775245139347,0,monitor_data.speed_ref
1775245139348,0,monitor_data.speed_ref
1775245139348,0,monitor_data.speed_ref
1775245139349,0,monitor_data.speed_ref
1775245139349,0,monitor_data.speed_ref
1775245139350,0,monitor_data.speed_ref
1775245139350,0,monitor_data.speed_ref
1775245139351,0,monitor_data.speed_ref
1775245139352,0,monitor_data.speed_ref
1775245139352,0,monitor_data.speed_ref
1775245139353,0,monitor_data.speed_ref
1775245139353,0,monitor_data.speed_ref
1775245139355,0,monitor_data.speed_ref
1775245139355,0,monitor_data.speed_ref
1775245139356,0,monitor_data.speed_ref
1775245139358,0,monitor_data.speed_ref
1775245139359,0,monitor_data.speed_ref
1775245139360,0,monitor_data.speed_ref
1775245139361,0,monitor_data.speed_ref
1775245139362,0,monitor_data.speed_ref
1775245139363,0,monitor_data.speed_ref
1775245139364,0,monitor_data.speed_ref
1775245139366,0,monitor_data.speed_ref
1775245139367,0,monitor_data.speed_ref
1775245139369,0,monitor_data.speed_ref
1775245139370,0,monitor_data.speed_ref
1775245139371,0,monitor_data.speed_ref
1775245139372,0,monitor_data.speed_ref
1775245139374,0,monitor_data.speed_ref
1775245139375,0,monitor_data.speed_ref
1775245139376,0,monitor_data.speed_ref
1775245139378,0,monitor_data.speed_ref
1775245139379,0,monitor_data.speed_ref
1775245139322,3.6504907608032227,monitor_data.theta_mech
1775245139324,3.649723768234253,monitor_data.theta_mech
1775245139326,3.650874376296997,monitor_data.theta_mech
1775245139327,3.6504907608032227,monitor_data.theta_mech
1775245139329,3.6501073837280273,monitor_data.theta_mech
1775245139331,3.650874376296997,monitor_data.theta_mech
1775245139332,3.649723768234253,monitor_data.theta_mech
1775245139333,3.6501073837280273,monitor_data.theta_mech
1775245139335,3.6504907608032227,monitor_data.theta_mech
1775245139336,3.649723768234253,monitor_data.theta_mech
1775245139338,3.6512577533721924,monitor_data.theta_mech
1775245139339,3.6501073837280273,monitor_data.theta_mech
1775245139340,3.650874376296997,monitor_data.theta_mech
1775245139341,3.649723768234253,monitor_data.theta_mech
1775245139341,3.6512577533721924,monitor_data.theta_mech
1775245139342,3.650874376296997,monitor_data.theta_mech
1775245139343,3.649723768234253,monitor_data.theta_mech
1775245139346,3.650874376296997,monitor_data.theta_mech
1775245139347,3.649723768234253,monitor_data.theta_mech
1775245139347,3.649723768234253,monitor_data.theta_mech
1775245139348,3.649723768234253,monitor_data.theta_mech
1775245139348,3.649723768234253,monitor_data.theta_mech
1775245139349,3.6512577533721924,monitor_data.theta_mech
1775245139349,3.6501073837280273,monitor_data.theta_mech
1775245139350,3.650874376296997,monitor_data.theta_mech
1775245139350,3.649723768234253,monitor_data.theta_mech
1775245139351,3.649723768234253,monitor_data.theta_mech
1775245139352,3.6501073837280273,monitor_data.theta_mech
1775245139352,3.6501073837280273,monitor_data.theta_mech
1775245139353,3.6501073837280273,monitor_data.theta_mech
1775245139353,3.6504907608032227,monitor_data.theta_mech
1775245139355,3.6501073837280273,monitor_data.theta_mech
1775245139355,3.649723768234253,monitor_data.theta_mech
1775245139356,3.6504907608032227,monitor_data.theta_mech
1775245139358,3.6504907608032227,monitor_data.theta_mech
1775245139359,3.6501073837280273,monitor_data.theta_mech
1775245139360,3.648956775665283,monitor_data.theta_mech
1775245139361,3.650874376296997,monitor_data.theta_mech
1775245139362,3.649723768234253,monitor_data.theta_mech
1775245139363,3.6501073837280273,monitor_data.theta_mech
1775245139364,3.649723768234253,monitor_data.theta_mech
1775245139366,3.6504907608032227,monitor_data.theta_mech
1775245139367,3.648956775665283,monitor_data.theta_mech
1775245139369,3.6501073837280273,monitor_data.theta_mech
1775245139370,3.651641368865967,monitor_data.theta_mech
1775245139371,3.649723768234253,monitor_data.theta_mech
1775245139372,3.6512577533721924,monitor_data.theta_mech
1775245139374,3.6493403911590576,monitor_data.theta_mech
1775245139375,3.649723768234253,monitor_data.theta_mech
1775245139376,3.649723768234253,monitor_data.theta_mech
1775245139378,3.6504907608032227,monitor_data.theta_mech
1775245139379,3.6501073837280273,monitor_data.theta_mech
1775245139380,0,monitor_data.speed_ref
1775245139381,0,monitor_data.speed_ref
1775245139381,0,monitor_data.speed_ref
1775245139382,0,monitor_data.speed_ref
1775245139382,0,monitor_data.speed_ref
1775245139384,0,monitor_data.speed_ref
1775245139385,0,monitor_data.speed_ref
1775245139387,0,monitor_data.speed_ref
1775245139388,0,monitor_data.speed_ref
1775245139389,0,monitor_data.speed_ref
1775245139390,0,monitor_data.speed_ref
1775245139390,0,monitor_data.speed_ref
1775245139391,0,monitor_data.speed_ref
1775245139392,0,monitor_data.speed_ref
1775245139393,0,monitor_data.speed_ref
1775245139394,0,monitor_data.speed_ref
1775245139396,0,monitor_data.speed_ref
1775245139396,0,monitor_data.speed_ref
1775245139397,0,monitor_data.speed_ref
1775245139398,0,monitor_data.speed_ref
1775245139398,0,monitor_data.speed_ref
1775245139399,0,monitor_data.speed_ref
1775245139400,0,monitor_data.speed_ref
1775245139401,0,monitor_data.speed_ref
1775245139401,0,monitor_data.speed_ref
1775245139402,0,monitor_data.speed_ref
1775245139403,0,monitor_data.speed_ref
1775245139403,0,monitor_data.speed_ref
1775245139404,0,monitor_data.speed_ref
1775245139405,0,monitor_data.speed_ref
1775245139406,0,monitor_data.speed_ref
1775245139406,0,monitor_data.speed_ref
1775245139407,0,monitor_data.speed_ref
1775245139409,0,monitor_data.speed_ref
1775245139410,0,monitor_data.speed_ref
1775245139411,0,monitor_data.speed_ref
1775245139413,0,monitor_data.speed_ref
1775245139414,0,monitor_data.speed_ref
1775245139416,0,monitor_data.speed_ref
1775245139416,0,monitor_data.speed_ref
1775245139417,0,monitor_data.speed_ref
1775245139418,0,monitor_data.speed_ref
1775245139419,0,monitor_data.speed_ref
1775245139420,0,monitor_data.speed_ref
1775245139420,0,monitor_data.speed_ref
1775245139421,0,monitor_data.speed_ref
1775245139421,0,monitor_data.speed_ref
1775245139422,0,monitor_data.speed_ref
1775245139423,0,monitor_data.speed_ref
1775245139424,0,monitor_data.speed_ref
1775245139425,0,monitor_data.speed_ref
1775245139426,0,monitor_data.speed_ref
1775245139426,0,monitor_data.speed_ref
1775245139427,0,monitor_data.speed_ref
1775245139428,0,monitor_data.speed_ref
1775245139429,0,monitor_data.speed_ref
1775245139380,3.6501073837280273,monitor_data.theta_mech
1775245139381,3.6501073837280273,monitor_data.theta_mech
1775245139381,3.650874376296997,monitor_data.theta_mech
1775245139382,3.649723768234253,monitor_data.theta_mech
1775245139382,3.649723768234253,monitor_data.theta_mech
1775245139384,3.6504907608032227,monitor_data.theta_mech
1775245139385,3.649723768234253,monitor_data.theta_mech
1775245139387,3.6501073837280273,monitor_data.theta_mech
1775245139388,3.649723768234253,monitor_data.theta_mech
1775245139389,3.650874376296997,monitor_data.theta_mech
1775245139390,3.6504907608032227,monitor_data.theta_mech
1775245139390,3.6493403911590576,monitor_data.theta_mech
1775245139391,3.6504907608032227,monitor_data.theta_mech
1775245139392,3.650874376296997,monitor_data.theta_mech
1775245139393,3.650874376296997,monitor_data.theta_mech
1775245139394,3.649723768234253,monitor_data.theta_mech
1775245139396,3.6501073837280273,monitor_data.theta_mech
1775245139396,3.650874376296997,monitor_data.theta_mech
1775245139397,3.6501073837280273,monitor_data.theta_mech
1775245139398,3.6493403911590576,monitor_data.theta_mech
1775245139398,3.649723768234253,monitor_data.theta_mech
1775245139399,3.649723768234253,monitor_data.theta_mech
1775245139400,3.6493403911590576,monitor_data.theta_mech
1775245139401,3.649723768234253,monitor_data.theta_mech
1775245139401,3.6504907608032227,monitor_data.theta_mech
1775245139402,3.6501073837280273,monitor_data.theta_mech
1775245139403,3.649723768234253,monitor_data.theta_mech
1775245139403,3.649723768234253,monitor_data.theta_mech
1775245139404,3.6493403911590576,monitor_data.theta_mech
1775245139405,3.650874376296997,monitor_data.theta_mech
1775245139406,3.649723768234253,monitor_data.theta_mech
1775245139406,3.6504907608032227,monitor_data.theta_mech
1775245139407,3.649723768234253,monitor_data.theta_mech
1775245139409,3.6501073837280273,monitor_data.theta_mech
1775245139410,3.6501073837280273,monitor_data.theta_mech
1775245139411,3.6501073837280273,monitor_data.theta_mech
1775245139413,3.6493403911590576,monitor_data.theta_mech
1775245139414,3.6504907608032227,monitor_data.theta_mech
1775245139416,3.6493403911590576,monitor_data.theta_mech
1775245139416,3.6501073837280273,monitor_data.theta_mech
1775245139417,3.6504907608032227,monitor_data.theta_mech
1775245139418,3.650874376296997,monitor_data.theta_mech
1775245139419,3.6501073837280273,monitor_data.theta_mech
1775245139420,3.6493403911590576,monitor_data.theta_mech
1775245139420,3.649723768234253,monitor_data.theta_mech
1775245139421,3.650874376296997,monitor_data.theta_mech
1775245139421,3.648956775665283,monitor_data.theta_mech
1775245139422,3.649723768234253,monitor_data.theta_mech
1775245139423,3.6504907608032227,monitor_data.theta_mech
1775245139424,3.6501073837280273,monitor_data.theta_mech
1775245139425,3.6493403911590576,monitor_data.theta_mech
1775245139426,3.6512577533721924,monitor_data.theta_mech
1775245139426,3.6493403911590576,monitor_data.theta_mech
1775245139427,3.649723768234253,monitor_data.theta_mech
1775245139428,3.6501073837280273,monitor_data.theta_mech
1775245139429,3.6504907608032227,monitor_data.theta_mech
1775245139432,0,monitor_data.speed_ref
1775245139433,0,monitor_data.speed_ref
1775245139434,0,monitor_data.speed_ref
1775245139434,0,monitor_data.speed_ref
1775245139435,0,monitor_data.speed_ref
1775245139436,0,monitor_data.speed_ref
1775245139437,0,monitor_data.speed_ref
1775245139437,0,monitor_data.speed_ref
1775245139438,0,monitor_data.speed_ref
1775245139439,0,monitor_data.speed_ref
1775245139440,0,monitor_data.speed_ref
1775245139440,0,monitor_data.speed_ref
1775245139441,0,monitor_data.speed_ref
1775245139441,0,monitor_data.speed_ref
1775245139442,0,monitor_data.speed_ref
1775245139443,0,monitor_data.speed_ref
1775245139444,0,monitor_data.speed_ref
1775245139445,0,monitor_data.speed_ref
1775245139446,0,monitor_data.speed_ref
1775245139447,0,monitor_data.speed_ref
1775245139448,0,monitor_data.speed_ref
1775245139449,0,monitor_data.speed_ref
1775245139450,0,monitor_data.speed_ref
1775245139451,0,monitor_data.speed_ref
1775245139452,0,monitor_data.speed_ref
1775245139453,0,monitor_data.speed_ref
1775245139454,0,monitor_data.speed_ref
1775245139455,0,monitor_data.speed_ref
1775245139456,0,monitor_data.speed_ref
1775245139457,0,monitor_data.speed_ref
1775245139458,0,monitor_data.speed_ref
1775245139459,0,monitor_data.speed_ref
1775245139461,0,monitor_data.speed_ref
1775245139462,0,monitor_data.speed_ref
1775245139463,0,monitor_data.speed_ref
1775245139464,0,monitor_data.speed_ref
1775245139464,0,monitor_data.speed_ref
1775245139465,0,monitor_data.speed_ref
1775245139466,0,monitor_data.speed_ref
1775245139467,0,monitor_data.speed_ref
1775245139468,0,monitor_data.speed_ref
1775245139469,0,monitor_data.speed_ref
1775245139470,0,monitor_data.speed_ref
1775245139471,0,monitor_data.speed_ref
1775245139472,0,monitor_data.speed_ref
1775245139473,0,monitor_data.speed_ref
1775245139474,0,monitor_data.speed_ref
1775245139475,0,monitor_data.speed_ref
1775245139476,0,monitor_data.speed_ref
1775245139477,0,monitor_data.speed_ref
1775245139478,0,monitor_data.speed_ref
1775245139479,0,monitor_data.speed_ref
1775245139480,0,monitor_data.speed_ref
1775245139432,3.650874376296997,monitor_data.theta_mech
1775245139433,3.6501073837280273,monitor_data.theta_mech
1775245139434,3.649723768234253,monitor_data.theta_mech
1775245139434,3.649723768234253,monitor_data.theta_mech
1775245139435,3.649723768234253,monitor_data.theta_mech
1775245139436,3.649723768234253,monitor_data.theta_mech
1775245139437,3.649723768234253,monitor_data.theta_mech
1775245139437,3.6501073837280273,monitor_data.theta_mech
1775245139438,3.6512577533721924,monitor_data.theta_mech
1775245139439,3.6504907608032227,monitor_data.theta_mech
1775245139440,3.6501073837280273,monitor_data.theta_mech
1775245139440,3.6512577533721924,monitor_data.theta_mech
1775245139441,3.649723768234253,monitor_data.theta_mech
1775245139441,3.650874376296997,monitor_data.theta_mech
1775245139442,3.649723768234253,monitor_data.theta_mech
1775245139443,3.6504907608032227,monitor_data.theta_mech
1775245139444,3.6501073837280273,monitor_data.theta_mech
1775245139445,3.649723768234253,monitor_data.theta_mech
1775245139446,3.6512577533721924,monitor_data.theta_mech
1775245139447,3.6501073837280273,monitor_data.theta_mech
1775245139448,3.6504907608032227,monitor_data.theta_mech
1775245139449,3.6501073837280273,monitor_data.theta_mech
1775245139450,3.6504907608032227,monitor_data.theta_mech
1775245139451,3.6493403911590576,monitor_data.theta_mech
1775245139452,3.650874376296997,monitor_data.theta_mech
1775245139453,3.649723768234253,monitor_data.theta_mech
1775245139454,3.6504907608032227,monitor_data.theta_mech
1775245139455,3.649723768234253,monitor_data.theta_mech
1775245139456,3.6501073837280273,monitor_data.theta_mech
1775245139457,3.6501073837280273,monitor_data.theta_mech
1775245139458,3.6512577533721924,monitor_data.theta_mech
1775245139459,3.6493403911590576,monitor_data.theta_mech
1775245139461,3.6501073837280273,monitor_data.theta_mech
1775245139462,3.649723768234253,monitor_data.theta_mech
1775245139463,3.6504907608032227,monitor_data.theta_mech
1775245139464,3.6501073837280273,monitor_data.theta_mech
1775245139464,3.650874376296997,monitor_data.theta_mech
1775245139465,3.6501073837280273,monitor_data.theta_mech
1775245139466,3.6501073837280273,monitor_data.theta_mech
1775245139467,3.650874376296997,monitor_data.theta_mech
1775245139468,3.649723768234253,monitor_data.theta_mech
1775245139469,3.648956775665283,monitor_data.theta_mech
1775245139470,3.650874376296997,monitor_data.theta_mech
1775245139471,3.6504907608032227,monitor_data.theta_mech
1775245139472,3.6501073837280273,monitor_data.theta_mech
1775245139473,3.6504907608032227,monitor_data.theta_mech
1775245139474,3.6493403911590576,monitor_data.theta_mech
1775245139475,3.649723768234253,monitor_data.theta_mech
1775245139476,3.6504907608032227,monitor_data.theta_mech
1775245139477,3.648956775665283,monitor_data.theta_mech
1775245139478,3.6501073837280273,monitor_data.theta_mech
1775245139479,3.6504907608032227,monitor_data.theta_mech
1775245139480,3.649723768234253,monitor_data.theta_mech
1775245139481,0,monitor_data.speed_ref
1775245139482,0,monitor_data.speed_ref
1775245139483,0,monitor_data.speed_ref
1775245139484,0,monitor_data.speed_ref
1775245139485,0,monitor_data.speed_ref
1775245139486,0,monitor_data.speed_ref
1775245139487,0,monitor_data.speed_ref
1775245139488,0,monitor_data.speed_ref
1775245139489,0,monitor_data.speed_ref
1775245139490,0,monitor_data.speed_ref
1775245139491,0,monitor_data.speed_ref
1775245139492,0,monitor_data.speed_ref
1775245139493,0,monitor_data.speed_ref
1775245139494,0,monitor_data.speed_ref
1775245139495,0,monitor_data.speed_ref
1775245139496,0,monitor_data.speed_ref
1775245139497,0,monitor_data.speed_ref
1775245139498,0,monitor_data.speed_ref
1775245139499,0,monitor_data.speed_ref
1775245139500,0,monitor_data.speed_ref
1775245139501,0,monitor_data.speed_ref
1775245139502,0,monitor_data.speed_ref
1775245139503,0,monitor_data.speed_ref
1775245139504,0,monitor_data.speed_ref
1775245139505,0,monitor_data.speed_ref
1775245139506,0,monitor_data.speed_ref
1775245139507,0,monitor_data.speed_ref
1775245139508,0,monitor_data.speed_ref
1775245139509,0,monitor_data.speed_ref
1775245139510,0,monitor_data.speed_ref
1775245139511,0,monitor_data.speed_ref
1775245139512,0,monitor_data.speed_ref
1775245139513,0,monitor_data.speed_ref
1775245139514,0,monitor_data.speed_ref
1775245139515,0,monitor_data.speed_ref
1775245139516,0,monitor_data.speed_ref
1775245139517,0,monitor_data.speed_ref
1775245139518,0,monitor_data.speed_ref
1775245139519,0,monitor_data.speed_ref
1775245139520,0,monitor_data.speed_ref
1775245139521,0,monitor_data.speed_ref
1775245139522,0,monitor_data.speed_ref
1775245139523,0,monitor_data.speed_ref
1775245139524,0,monitor_data.speed_ref
1775245139525,0,monitor_data.speed_ref
1775245139526,0,monitor_data.speed_ref
1775245139527,0,monitor_data.speed_ref
1775245139528,0,monitor_data.speed_ref
1775245139529,0,monitor_data.speed_ref
1775245139531,0,monitor_data.speed_ref
1775245139481,3.6504907608032227,monitor_data.theta_mech
1775245139482,3.650874376296997,monitor_data.theta_mech
1775245139483,3.649723768234253,monitor_data.theta_mech
1775245139484,3.6504907608032227,monitor_data.theta_mech
1775245139485,3.6504907608032227,monitor_data.theta_mech
1775245139486,3.6504907608032227,monitor_data.theta_mech
1775245139487,3.6481897830963135,monitor_data.theta_mech
1775245139488,3.6504907608032227,monitor_data.theta_mech
1775245139489,3.6501073837280273,monitor_data.theta_mech
1775245139490,3.6493403911590576,monitor_data.theta_mech
1775245139491,3.649723768234253,monitor_data.theta_mech
1775245139492,3.648956775665283,monitor_data.theta_mech
1775245139493,3.649723768234253,monitor_data.theta_mech
1775245139494,3.649723768234253,monitor_data.theta_mech
1775245139495,3.648956775665283,monitor_data.theta_mech
1775245139496,3.650874376296997,monitor_data.theta_mech
1775245139497,3.6501073837280273,monitor_data.theta_mech
1775245139498,3.650874376296997,monitor_data.theta_mech
1775245139499,3.649723768234253,monitor_data.theta_mech
1775245139500,3.6501073837280273,monitor_data.theta_mech
1775245139501,3.6501073837280273,monitor_data.theta_mech
1775245139502,3.6501073837280273,monitor_data.theta_mech
1775245139503,3.649723768234253,monitor_data.theta_mech
1775245139504,3.6501073837280273,monitor_data.theta_mech
1775245139505,3.6504907608032227,monitor_data.theta_mech
1775245139506,3.6501073837280273,monitor_data.theta_mech
1775245139507,3.6501073837280273,monitor_data.theta_mech
1775245139508,3.650874376296997,monitor_data.theta_mech
1775245139509,3.6501073837280273,monitor_data.theta_mech
1775245139510,3.6504907608032227,monitor_data.theta_mech
1775245139511,3.6504907608032227,monitor_data.theta_mech
1775245139512,3.649723768234253,monitor_data.theta_mech
1775245139513,3.6504907608032227,monitor_data.theta_mech
1775245139514,3.649723768234253,monitor_data.theta_mech
1775245139515,3.6504907608032227,monitor_data.theta_mech
1775245139516,3.6504907608032227,monitor_data.theta_mech
1775245139517,3.6493403911590576,monitor_data.theta_mech
1775245139518,3.649723768234253,monitor_data.theta_mech
1775245139519,3.6504907608032227,monitor_data.theta_mech
1775245139520,3.649723768234253,monitor_data.theta_mech
1775245139521,3.6504907608032227,monitor_data.theta_mech
1775245139522,3.649723768234253,monitor_data.theta_mech
1775245139523,3.6501073837280273,monitor_data.theta_mech
1775245139524,3.6504907608032227,monitor_data.theta_mech
1775245139525,3.650874376296997,monitor_data.theta_mech
1775245139526,3.649723768234253,monitor_data.theta_mech
1775245139527,3.648956775665283,monitor_data.theta_mech
1775245139528,3.648573398590088,monitor_data.theta_mech
1775245139529,3.649723768234253,monitor_data.theta_mech
1775245139531,3.6493403911590576,monitor_data.theta_mech
1775245139532,0,monitor_data.speed_ref
1775245139533,0,monitor_data.speed_ref
1775245139533,0,monitor_data.speed_ref
1775245139534,0,monitor_data.speed_ref
1775245139535,0,monitor_data.speed_ref
1775245139536,0,monitor_data.speed_ref
1775245139537,0,monitor_data.speed_ref
1775245139538,0,monitor_data.speed_ref
1775245139539,0,monitor_data.speed_ref
1775245139540,0,monitor_data.speed_ref
1775245139541,0,monitor_data.speed_ref
1775245139542,0,monitor_data.speed_ref
1775245139543,0,monitor_data.speed_ref
1775245139544,0,monitor_data.speed_ref
1775245139545,0,monitor_data.speed_ref
1775245139546,0,monitor_data.speed_ref
1775245139547,0,monitor_data.speed_ref
1775245139548,0,monitor_data.speed_ref
1775245139549,0,monitor_data.speed_ref
1775245139550,0,monitor_data.speed_ref
1775245139551,0,monitor_data.speed_ref
1775245139552,0,monitor_data.speed_ref
1775245139553,0,monitor_data.speed_ref
1775245139554,0,monitor_data.speed_ref
1775245139555,0,monitor_data.speed_ref
1775245139556,0,monitor_data.speed_ref
1775245139557,0,monitor_data.speed_ref
1775245139558,0,monitor_data.speed_ref
1775245139559,0,monitor_data.speed_ref
1775245139560,0,monitor_data.speed_ref
1775245139561,0,monitor_data.speed_ref
1775245139562,0,monitor_data.speed_ref
1775245139563,0,monitor_data.speed_ref
1775245139564,0,monitor_data.speed_ref
1775245139565,0,monitor_data.speed_ref
1775245139566,0,monitor_data.speed_ref
1775245139567,0,monitor_data.speed_ref
1775245139568,0,monitor_data.speed_ref
1775245139569,0,monitor_data.speed_ref
1775245139570,0,monitor_data.speed_ref
1775245139571,0,monitor_data.speed_ref
1775245139572,0,monitor_data.speed_ref
1775245139573,0,monitor_data.speed_ref
1775245139574,0,monitor_data.speed_ref
1775245139575,0,monitor_data.speed_ref
1775245139576,0,monitor_data.speed_ref
1775245139577,0,monitor_data.speed_ref
1775245139579,0,monitor_data.speed_ref
1775245139580,0,monitor_data.speed_ref
1775245139581,0,monitor_data.speed_ref
1775245139582,0,monitor_data.speed_ref
1775245139532,3.6512577533721924,monitor_data.theta_mech
1775245139533,3.649723768234253,monitor_data.theta_mech
1775245139533,3.6501073837280273,monitor_data.theta_mech
1775245139534,3.6501073837280273,monitor_data.theta_mech
1775245139535,3.6501073837280273,monitor_data.theta_mech
1775245139536,3.6501073837280273,monitor_data.theta_mech
1775245139537,3.6504907608032227,monitor_data.theta_mech
1775245139538,3.6512577533721924,monitor_data.theta_mech
1775245139539,3.6501073837280273,monitor_data.theta_mech
1775245139540,3.649723768234253,monitor_data.theta_mech
1775245139541,3.6501073837280273,monitor_data.theta_mech
1775245139542,3.6501073837280273,monitor_data.theta_mech
1775245139543,3.650874376296997,monitor_data.theta_mech
1775245139544,3.649723768234253,monitor_data.theta_mech
1775245139545,3.6501073837280273,monitor_data.theta_mech
1775245139546,3.649723768234253,monitor_data.theta_mech
1775245139547,3.6504907608032227,monitor_data.theta_mech
1775245139548,3.6501073837280273,monitor_data.theta_mech
1775245139549,3.6501073837280273,monitor_data.theta_mech
1775245139550,3.649723768234253,monitor_data.theta_mech
1775245139551,3.6501073837280273,monitor_data.theta_mech
1775245139552,3.6501073837280273,monitor_data.theta_mech
1775245139553,3.6504907608032227,monitor_data.theta_mech
1775245139554,3.649723768234253,monitor_data.theta_mech
1775245139555,3.649723768234253,monitor_data.theta_mech
1775245139556,3.6504907608032227,monitor_data.theta_mech
1775245139557,3.6501073837280273,monitor_data.theta_mech
1775245139558,3.648573398590088,monitor_data.theta_mech
1775245139559,3.649723768234253,monitor_data.theta_mech
1775245139560,3.6512577533721924,monitor_data.theta_mech
1775245139561,3.6504907608032227,monitor_data.theta_mech
1775245139562,3.6504907608032227,monitor_data.theta_mech
1775245139563,3.6493403911590576,monitor_data.theta_mech
1775245139564,3.6493403911590576,monitor_data.theta_mech
1775245139565,3.6501073837280273,monitor_data.theta_mech
1775245139566,3.6504907608032227,monitor_data.theta_mech
1775245139567,3.6501073837280273,monitor_data.theta_mech
1775245139568,3.6501073837280273,monitor_data.theta_mech
1775245139569,3.6504907608032227,monitor_data.theta_mech
1775245139570,3.6504907608032227,monitor_data.theta_mech
1775245139571,3.650874376296997,monitor_data.theta_mech
1775245139572,3.650874376296997,monitor_data.theta_mech
1775245139573,3.6501073837280273,monitor_data.theta_mech
1775245139574,3.6504907608032227,monitor_data.theta_mech
1775245139575,3.6501073837280273,monitor_data.theta_mech
1775245139576,3.6501073837280273,monitor_data.theta_mech
1775245139577,3.6501073837280273,monitor_data.theta_mech
1775245139579,3.650874376296997,monitor_data.theta_mech
1775245139580,3.6501073837280273,monitor_data.theta_mech
1775245139581,3.650874376296997,monitor_data.theta_mech
1775245139582,3.6504907608032227,monitor_data.theta_mech
1775245139582,0,monitor_data.speed_ref
1775245139583,0,monitor_data.speed_ref
1775245139584,0,monitor_data.speed_ref
1775245139585,0,monitor_data.speed_ref
1775245139586,0,monitor_data.speed_ref
1775245139587,0,monitor_data.speed_ref
1775245139588,0,monitor_data.speed_ref
1775245139589,0,monitor_data.speed_ref
1775245139590,0,monitor_data.speed_ref
1775245139591,0,monitor_data.speed_ref
1775245139592,0,monitor_data.speed_ref
1775245139593,0,monitor_data.speed_ref
1775245139594,0,monitor_data.speed_ref
1775245139595,0,monitor_data.speed_ref
1775245139597,0,monitor_data.speed_ref
1775245139598,0,monitor_data.speed_ref
1775245139599,0,monitor_data.speed_ref
1775245139600,0,monitor_data.speed_ref
1775245139601,0,monitor_data.speed_ref
1775245139601,0,monitor_data.speed_ref
1775245139602,0,monitor_data.speed_ref
1775245139603,0,monitor_data.speed_ref
1775245139604,0,monitor_data.speed_ref
1775245139605,0,monitor_data.speed_ref
1775245139606,0,monitor_data.speed_ref
1775245139607,0,monitor_data.speed_ref
1775245139608,0,monitor_data.speed_ref
1775245139609,0,monitor_data.speed_ref
1775245139610,0,monitor_data.speed_ref
1775245139611,0,monitor_data.speed_ref
1775245139612,0,monitor_data.speed_ref
1775245139613,0,monitor_data.speed_ref
1775245139614,0,monitor_data.speed_ref
1775245139615,0,monitor_data.speed_ref
1775245139616,0,monitor_data.speed_ref
1775245139617,0,monitor_data.speed_ref
1775245139618,0,monitor_data.speed_ref
1775245139619,0,monitor_data.speed_ref
1775245139620,0,monitor_data.speed_ref
1775245139621,0,monitor_data.speed_ref
1775245139622,0,monitor_data.speed_ref
1775245139623,0,monitor_data.speed_ref
1775245139624,0,monitor_data.speed_ref
1775245139625,0,monitor_data.speed_ref
1775245139626,0,monitor_data.speed_ref
1775245139627,0,monitor_data.speed_ref
1775245139628,0,monitor_data.speed_ref
1775245139629,0,monitor_data.speed_ref
1775245139582,3.6501073837280273,monitor_data.theta_mech
1775245139583,3.6501073837280273,monitor_data.theta_mech
1775245139584,3.6504907608032227,monitor_data.theta_mech
1775245139585,3.650874376296997,monitor_data.theta_mech
1775245139586,3.648956775665283,monitor_data.theta_mech
1775245139587,3.6501073837280273,monitor_data.theta_mech
1775245139588,3.648956775665283,monitor_data.theta_mech
1775245139589,3.649723768234253,monitor_data.theta_mech
1775245139590,3.6501073837280273,monitor_data.theta_mech
1775245139591,3.649723768234253,monitor_data.theta_mech
1775245139592,3.649723768234253,monitor_data.theta_mech
1775245139593,3.6493403911590576,monitor_data.theta_mech
1775245139594,3.649723768234253,monitor_data.theta_mech
1775245139595,3.648956775665283,monitor_data.theta_mech
1775245139597,3.6504907608032227,monitor_data.theta_mech
1775245139598,3.6501073837280273,monitor_data.theta_mech
1775245139599,3.649723768234253,monitor_data.theta_mech
1775245139600,3.6504907608032227,monitor_data.theta_mech
1775245139601,3.6504907608032227,monitor_data.theta_mech
1775245139601,3.6493403911590576,monitor_data.theta_mech
1775245139602,3.6512577533721924,monitor_data.theta_mech
1775245139603,3.649723768234253,monitor_data.theta_mech
1775245139604,3.649723768234253,monitor_data.theta_mech
1775245139605,3.649723768234253,monitor_data.theta_mech
1775245139606,3.649723768234253,monitor_data.theta_mech
1775245139607,3.649723768234253,monitor_data.theta_mech
1775245139608,3.6501073837280273,monitor_data.theta_mech
1775245139609,3.6504907608032227,monitor_data.theta_mech
1775245139610,3.6504907608032227,monitor_data.theta_mech
1775245139611,3.6501073837280273,monitor_data.theta_mech
1775245139612,3.6493403911590576,monitor_data.theta_mech
1775245139613,3.6504907608032227,monitor_data.theta_mech
1775245139614,3.649723768234253,monitor_data.theta_mech
1775245139615,3.649723768234253,monitor_data.theta_mech
1775245139616,3.650874376296997,monitor_data.theta_mech
1775245139617,3.6504907608032227,monitor_data.theta_mech
1775245139618,3.6512577533721924,monitor_data.theta_mech
1775245139619,3.6504907608032227,monitor_data.theta_mech
1775245139620,3.6501073837280273,monitor_data.theta_mech
1775245139621,3.650874376296997,monitor_data.theta_mech
1775245139622,3.649723768234253,monitor_data.theta_mech
1775245139623,3.6501073837280273,monitor_data.theta_mech
1775245139624,3.650874376296997,monitor_data.theta_mech
1775245139625,3.650874376296997,monitor_data.theta_mech
1775245139626,3.6493403911590576,monitor_data.theta_mech
1775245139627,3.649723768234253,monitor_data.theta_mech
1775245139628,3.6512577533721924,monitor_data.theta_mech
1775245139629,3.649723768234253,monitor_data.theta_mech
1775245139631,0,monitor_data.speed_ref
1775245139632,0,monitor_data.speed_ref
1775245139633,0,monitor_data.speed_ref
1775245139634,0,monitor_data.speed_ref
1775245139635,0,monitor_data.speed_ref
1775245139635,0,monitor_data.speed_ref
1775245139636,0,monitor_data.speed_ref
1775245139637,0,monitor_data.speed_ref
1775245139638,0,monitor_data.speed_ref
1775245139639,0,monitor_data.speed_ref
1775245139640,0,monitor_data.speed_ref
1775245139641,0,monitor_data.speed_ref
1775245139643,0,monitor_data.speed_ref
1775245139644,0,monitor_data.speed_ref
1775245139645,0,monitor_data.speed_ref
1775245139647,0,monitor_data.speed_ref
1775245139649,0,monitor_data.speed_ref
1775245139650,0,monitor_data.speed_ref
1775245139651,0,monitor_data.speed_ref
1775245139652,0,monitor_data.speed_ref
1775245139653,0,monitor_data.speed_ref
1775245139653,0,monitor_data.speed_ref
1775245139654,0,monitor_data.speed_ref
1775245139655,0,monitor_data.speed_ref
1775245139655,0,monitor_data.speed_ref
1775245139656,0,monitor_data.speed_ref
1775245139657,0,monitor_data.speed_ref
1775245139657,0,monitor_data.speed_ref
1775245139658,0,monitor_data.speed_ref
1775245139659,0,monitor_data.speed_ref
1775245139660,0,monitor_data.speed_ref
1775245139661,0,monitor_data.speed_ref
1775245139662,0,monitor_data.speed_ref
1775245139663,0,monitor_data.speed_ref
1775245139664,0,monitor_data.speed_ref
1775245139665,0,monitor_data.speed_ref
1775245139666,0,monitor_data.speed_ref
1775245139667,0,monitor_data.speed_ref
1775245139668,0,monitor_data.speed_ref
1775245139669,0,monitor_data.speed_ref
1775245139670,0,monitor_data.speed_ref
1775245139671,0,monitor_data.speed_ref
1775245139672,0,monitor_data.speed_ref
1775245139673,0,monitor_data.speed_ref
1775245139674,0,monitor_data.speed_ref
1775245139675,0,monitor_data.speed_ref
1775245139676,0,monitor_data.speed_ref
1775245139677,0,monitor_data.speed_ref
1775245139678,0,monitor_data.speed_ref
1775245139679,0,monitor_data.speed_ref
1775245139680,0,monitor_data.speed_ref
1775245139681,0,monitor_data.speed_ref
1775245139631,3.6512577533721924,monitor_data.theta_mech
1775245139632,3.649723768234253,monitor_data.theta_mech
1775245139633,3.649723768234253,monitor_data.theta_mech
1775245139634,3.648956775665283,monitor_data.theta_mech
1775245139635,3.6504907608032227,monitor_data.theta_mech
1775245139635,3.6504907608032227,monitor_data.theta_mech
1775245139636,3.6504907608032227,monitor_data.theta_mech
1775245139637,3.6504907608032227,monitor_data.theta_mech
1775245139638,3.6501073837280273,monitor_data.theta_mech
1775245139639,3.6504907608032227,monitor_data.theta_mech
1775245139640,3.6501073837280273,monitor_data.theta_mech
1775245139641,3.649723768234253,monitor_data.theta_mech
1775245139643,3.6493403911590576,monitor_data.theta_mech
1775245139644,3.6504907608032227,monitor_data.theta_mech
1775245139645,3.650874376296997,monitor_data.theta_mech
1775245139647,3.6493403911590576,monitor_data.theta_mech
1775245139649,3.648956775665283,monitor_data.theta_mech
1775245139650,3.649723768234253,monitor_data.theta_mech
1775245139651,3.6504907608032227,monitor_data.theta_mech
1775245139652,3.649723768234253,monitor_data.theta_mech
1775245139653,3.6501073837280273,monitor_data.theta_mech
1775245139653,3.6504907608032227,monitor_data.theta_mech
1775245139654,3.650874376296997,monitor_data.theta_mech
1775245139655,3.6501073837280273,monitor_data.theta_mech
1775245139655,3.6501073837280273,monitor_data.theta_mech
1775245139656,3.6504907608032227,monitor_data.theta_mech
1775245139657,3.650874376296997,monitor_data.theta_mech
1775245139657,3.6504907608032227,monitor_data.theta_mech
1775245139658,3.6504907608032227,monitor_data.theta_mech
1775245139659,3.649723768234253,monitor_data.theta_mech
1775245139660,3.6501073837280273,monitor_data.theta_mech
1775245139661,3.6504907608032227,monitor_data.theta_mech
1775245139662,3.6493403911590576,monitor_data.theta_mech
1775245139663,3.6504907608032227,monitor_data.theta_mech
1775245139664,3.6501073837280273,monitor_data.theta_mech
1775245139665,3.6504907608032227,monitor_data.theta_mech
1775245139666,3.6504907608032227,monitor_data.theta_mech
1775245139667,3.6501073837280273,monitor_data.theta_mech
1775245139668,3.6501073837280273,monitor_data.theta_mech
1775245139669,3.6501073837280273,monitor_data.theta_mech
1775245139670,3.649723768234253,monitor_data.theta_mech
1775245139671,3.6504907608032227,monitor_data.theta_mech
1775245139672,3.649723768234253,monitor_data.theta_mech
1775245139673,3.649723768234253,monitor_data.theta_mech
1775245139674,3.650874376296997,monitor_data.theta_mech
1775245139675,3.648956775665283,monitor_data.theta_mech
1775245139676,3.650874376296997,monitor_data.theta_mech
1775245139677,3.6501073837280273,monitor_data.theta_mech
1775245139678,3.650874376296997,monitor_data.theta_mech
1775245139679,3.649723768234253,monitor_data.theta_mech
1775245139680,3.6504907608032227,monitor_data.theta_mech
1775245139681,3.650874376296997,monitor_data.theta_mech
1775245139683,0,monitor_data.speed_ref
1775245139685,0,monitor_data.speed_ref
1775245139686,0,monitor_data.speed_ref
1775245139686,0,monitor_data.speed_ref
1775245139687,0,monitor_data.speed_ref
1775245139688,0,monitor_data.speed_ref
1775245139689,0,monitor_data.speed_ref
1775245139690,0,monitor_data.speed_ref
1775245139690,0,monitor_data.speed_ref
1775245139691,0,monitor_data.speed_ref
1775245139693,0,monitor_data.speed_ref
1775245139694,0,monitor_data.speed_ref
1775245139695,0,monitor_data.speed_ref
1775245139697,0,monitor_data.speed_ref
1775245139698,0,monitor_data.speed_ref
1775245139698,0,monitor_data.speed_ref
1775245139699,0,monitor_data.speed_ref
1775245139700,0,monitor_data.speed_ref
1775245139700,0,monitor_data.speed_ref
1775245139701,0,monitor_data.speed_ref
1775245139702,0,monitor_data.speed_ref
1775245139703,0,monitor_data.speed_ref
1775245139705,0,monitor_data.speed_ref
1775245139706,0,monitor_data.speed_ref
1775245139707,0,monitor_data.speed_ref
1775245139708,0,monitor_data.speed_ref
1775245139709,0,monitor_data.speed_ref
1775245139710,0,monitor_data.speed_ref
1775245139712,0,monitor_data.speed_ref
1775245139713,0,monitor_data.speed_ref
1775245139714,0,monitor_data.speed_ref
1775245139715,0,monitor_data.speed_ref
1775245139716,0,monitor_data.speed_ref
1775245139717,0,monitor_data.speed_ref
1775245139718,0,monitor_data.speed_ref
1775245139719,0,monitor_data.speed_ref
1775245139720,0,monitor_data.speed_ref
1775245139721,0,monitor_data.speed_ref
1775245139723,0,monitor_data.speed_ref
1775245139724,0,monitor_data.speed_ref
1775245139725,0,monitor_data.speed_ref
1775245139726,0,monitor_data.speed_ref
1775245139728,0,monitor_data.speed_ref
1775245139729,0,monitor_data.speed_ref
1775245139730,0,monitor_data.speed_ref
1775245139731,0,monitor_data.speed_ref
1775245139732,0,monitor_data.speed_ref
1775245139683,3.6501073837280273,monitor_data.theta_mech
1775245139685,3.6504907608032227,monitor_data.theta_mech
1775245139686,3.648956775665283,monitor_data.theta_mech
1775245139686,3.649723768234253,monitor_data.theta_mech
1775245139687,3.649723768234253,monitor_data.theta_mech
1775245139688,3.649723768234253,monitor_data.theta_mech
1775245139689,3.6501073837280273,monitor_data.theta_mech
1775245139690,3.6501073837280273,monitor_data.theta_mech
1775245139690,3.6504907608032227,monitor_data.theta_mech
1775245139691,3.649723768234253,monitor_data.theta_mech
1775245139693,3.649723768234253,monitor_data.theta_mech
1775245139694,3.649723768234253,monitor_data.theta_mech
1775245139695,3.6501073837280273,monitor_data.theta_mech
1775245139697,3.6504907608032227,monitor_data.theta_mech
1775245139698,3.6501073837280273,monitor_data.theta_mech
1775245139698,3.6501073837280273,monitor_data.theta_mech
1775245139699,3.650874376296997,monitor_data.theta_mech
1775245139700,3.6504907608032227,monitor_data.theta_mech
1775245139700,3.650874376296997,monitor_data.theta_mech
1775245139701,3.6504907608032227,monitor_data.theta_mech
1775245139702,3.6504907608032227,monitor_data.theta_mech
1775245139703,3.6512577533721924,monitor_data.theta_mech
1775245139705,3.6501073837280273,monitor_data.theta_mech
1775245139706,3.6504907608032227,monitor_data.theta_mech
1775245139707,3.6501073837280273,monitor_data.theta_mech
1775245139708,3.6493403911590576,monitor_data.theta_mech
1775245139709,3.6504907608032227,monitor_data.theta_mech
1775245139710,3.6501073837280273,monitor_data.theta_mech
1775245139712,3.6504907608032227,monitor_data.theta_mech
1775245139713,3.6501073837280273,monitor_data.theta_mech
1775245139714,3.6493403911590576,monitor_data.theta_mech
1775245139715,3.649723768234253,monitor_data.theta_mech
1775245139716,3.6504907608032227,monitor_data.theta_mech
1775245139717,3.6501073837280273,monitor_data.theta_mech
1775245139718,3.6512577533721924,monitor_data.theta_mech
1775245139719,3.650874376296997,monitor_data.theta_mech
1775245139720,3.6504907608032227,monitor_data.theta_mech
1775245139721,3.649723768234253,monitor_data.theta_mech
1775245139723,3.648956775665283,monitor_data.theta_mech
1775245139724,3.6504907608032227,monitor_data.theta_mech
1775245139725,3.6512577533721924,monitor_data.theta_mech
1775245139726,3.649723768234253,monitor_data.theta_mech
1775245139728,3.6501073837280273,monitor_data.theta_mech
1775245139729,3.6501073837280273,monitor_data.theta_mech
1775245139730,3.6504907608032227,monitor_data.theta_mech
1775245139731,3.6504907608032227,monitor_data.theta_mech
1775245139732,3.649723768234253,monitor_data.theta_mech
1775245139733,0,monitor_data.speed_ref
1775245139735,0,monitor_data.speed_ref
1775245139736,0,monitor_data.speed_ref
1775245139737,0,monitor_data.speed_ref
1775245139738,0,monitor_data.speed_ref
1775245139739,0,monitor_data.speed_ref
1775245139740,0,monitor_data.speed_ref
1775245139741,0,monitor_data.speed_ref
1775245139741,0,monitor_data.speed_ref
1775245139742,0,monitor_data.speed_ref
1775245139743,0,monitor_data.speed_ref
1775245139744,0,monitor_data.speed_ref
1775245139745,0,monitor_data.speed_ref
1775245139746,0,monitor_data.speed_ref
1775245139747,0,monitor_data.speed_ref
1775245139748,0,monitor_data.speed_ref
1775245139748,0,monitor_data.speed_ref
1775245139749,0,monitor_data.speed_ref
1775245139750,0,monitor_data.speed_ref
1775245139751,0,monitor_data.speed_ref
1775245139752,0,monitor_data.speed_ref
1775245139752,0,monitor_data.speed_ref
1775245139754,0,monitor_data.speed_ref
1775245139755,0,monitor_data.speed_ref
1775245139756,0,monitor_data.speed_ref
1775245139756,0,monitor_data.speed_ref
1775245139757,0,monitor_data.speed_ref
1775245139758,0,monitor_data.speed_ref
1775245139758,0,monitor_data.speed_ref
1775245139760,0,monitor_data.speed_ref
1775245139761,0,monitor_data.speed_ref
1775245139763,0,monitor_data.speed_ref
1775245139764,0,monitor_data.speed_ref
1775245139765,0,monitor_data.speed_ref
1775245139766,0,monitor_data.speed_ref
1775245139767,0,monitor_data.speed_ref
1775245139768,0,monitor_data.speed_ref
1775245139769,0,monitor_data.speed_ref
1775245139769,0,monitor_data.speed_ref
1775245139770,0,monitor_data.speed_ref
1775245139771,0,monitor_data.speed_ref
1775245139772,0,monitor_data.speed_ref
1775245139772,0,monitor_data.speed_ref
1775245139773,0,monitor_data.speed_ref
1775245139774,0,monitor_data.speed_ref
1775245139775,0,monitor_data.speed_ref
1775245139775,0,monitor_data.speed_ref
1775245139776,0,monitor_data.speed_ref
1775245139777,0,monitor_data.speed_ref
1775245139778,0,monitor_data.speed_ref
1775245139779,0,monitor_data.speed_ref
1775245139780,0,monitor_data.speed_ref
1775245139781,0,monitor_data.speed_ref
1775245139782,0,monitor_data.speed_ref
1775245139783,0,monitor_data.speed_ref
1775245139733,3.6501073837280273,monitor_data.theta_mech
1775245139735,3.6493403911590576,monitor_data.theta_mech
1775245139736,3.6501073837280273,monitor_data.theta_mech
1775245139737,3.6504907608032227,monitor_data.theta_mech
1775245139738,3.650874376296997,monitor_data.theta_mech
1775245139739,3.649723768234253,monitor_data.theta_mech
1775245139740,3.6501073837280273,monitor_data.theta_mech
1775245139741,3.6501073837280273,monitor_data.theta_mech
1775245139741,3.650874376296997,monitor_data.theta_mech
1775245139742,3.649723768234253,monitor_data.theta_mech
1775245139743,3.6504907608032227,monitor_data.theta_mech
1775245139744,3.6504907608032227,monitor_data.theta_mech
1775245139745,3.6501073837280273,monitor_data.theta_mech
1775245139746,3.6512577533721924,monitor_data.theta_mech
1775245139747,3.650874376296997,monitor_data.theta_mech
1775245139748,3.6493403911590576,monitor_data.theta_mech
1775245139748,3.650874376296997,monitor_data.theta_mech
1775245139749,3.6501073837280273,monitor_data.theta_mech
1775245139750,3.6501073837280273,monitor_data.theta_mech
1775245139751,3.650874376296997,monitor_data.theta_mech
1775245139752,3.6501073837280273,monitor_data.theta_mech
1775245139752,3.650874376296997,monitor_data.theta_mech
1775245139754,3.6504907608032227,monitor_data.theta_mech
1775245139755,3.649723768234253,monitor_data.theta_mech
1775245139756,3.649723768234253,monitor_data.theta_mech
1775245139756,3.649723768234253,monitor_data.theta_mech
1775245139757,3.6504907608032227,monitor_data.theta_mech
1775245139758,3.6493403911590576,monitor_data.theta_mech
1775245139758,3.6501073837280273,monitor_data.theta_mech
1775245139760,3.6504907608032227,monitor_data.theta_mech
1775245139761,3.6504907608032227,monitor_data.theta_mech
1775245139763,3.6504907608032227,monitor_data.theta_mech
1775245139764,3.6504907608032227,monitor_data.theta_mech
1775245139765,3.6504907608032227,monitor_data.theta_mech
1775245139766,3.648956775665283,monitor_data.theta_mech
1775245139767,3.6504907608032227,monitor_data.theta_mech
1775245139768,3.6501073837280273,monitor_data.theta_mech
1775245139769,3.6493403911590576,monitor_data.theta_mech
1775245139769,3.6493403911590576,monitor_data.theta_mech
1775245139770,3.650874376296997,monitor_data.theta_mech
1775245139771,3.649723768234253,monitor_data.theta_mech
1775245139772,3.649723768234253,monitor_data.theta_mech
1775245139772,3.6504907608032227,monitor_data.theta_mech
1775245139773,3.6501073837280273,monitor_data.theta_mech
1775245139774,3.6501073837280273,monitor_data.theta_mech
1775245139775,3.6504907608032227,monitor_data.theta_mech
1775245139775,3.650874376296997,monitor_data.theta_mech
1775245139776,3.649723768234253,monitor_data.theta_mech
1775245139777,3.6504907608032227,monitor_data.theta_mech
1775245139778,3.6504907608032227,monitor_data.theta_mech
1775245139779,3.649723768234253,monitor_data.theta_mech
1775245139780,3.6504907608032227,monitor_data.theta_mech
1775245139781,3.650874376296997,monitor_data.theta_mech
1775245139782,3.6501073837280273,monitor_data.theta_mech
1775245139783,3.649723768234253,monitor_data.theta_mech
1775245139784,0,monitor_data.speed_ref
1775245139785,0,monitor_data.speed_ref
1775245139786,0,monitor_data.speed_ref
1775245139787,0,monitor_data.speed_ref
1775245139788,0,monitor_data.speed_ref
1775245139789,0,monitor_data.speed_ref
1775245139790,0,monitor_data.speed_ref
1775245139791,0,monitor_data.speed_ref
1775245139792,0,monitor_data.speed_ref
1775245139793,0,monitor_data.speed_ref
1775245139794,0,monitor_data.speed_ref
1775245139795,0,monitor_data.speed_ref
1775245139796,0,monitor_data.speed_ref
1775245139797,0,monitor_data.speed_ref
1775245139798,0,monitor_data.speed_ref
1775245139799,0,monitor_data.speed_ref
1775245139800,0,monitor_data.speed_ref
1775245139801,0,monitor_data.speed_ref
1775245139802,0,monitor_data.speed_ref
1775245139803,0,monitor_data.speed_ref
1775245139804,0,monitor_data.speed_ref
1775245139805,0,monitor_data.speed_ref
1775245139806,0,monitor_data.speed_ref
1775245139807,0,monitor_data.speed_ref
1775245139808,0,monitor_data.speed_ref
1775245139809,0,monitor_data.speed_ref
1775245139810,0,monitor_data.speed_ref
1775245139811,0,monitor_data.speed_ref
1775245139812,0,monitor_data.speed_ref
1775245139813,0,monitor_data.speed_ref
1775245139814,0,monitor_data.speed_ref
1775245139815,0,monitor_data.speed_ref
1775245139816,0,monitor_data.speed_ref
1775245139817,0,monitor_data.speed_ref
1775245139818,0,monitor_data.speed_ref
1775245139819,0,monitor_data.speed_ref
1775245139820,0,monitor_data.speed_ref
1775245139784,3.649723768234253,monitor_data.theta_mech
1775245139785,3.6512577533721924,monitor_data.theta_mech
1775245139786,3.649723768234253,monitor_data.theta_mech
1775245139787,3.650874376296997,monitor_data.theta_mech
1775245139788,3.649723768234253,monitor_data.theta_mech
1775245139789,3.6501073837280273,monitor_data.theta_mech
1775245139790,3.649723768234253,monitor_data.theta_mech
1775245139791,3.649723768234253,monitor_data.theta_mech
1775245139792,3.6493403911590576,monitor_data.theta_mech
1775245139793,3.649723768234253,monitor_data.theta_mech
1775245139794,3.649723768234253,monitor_data.theta_mech
1775245139795,3.6512577533721924,monitor_data.theta_mech
1775245139796,3.650874376296997,monitor_data.theta_mech
1775245139797,3.649723768234253,monitor_data.theta_mech
1775245139798,3.649723768234253,monitor_data.theta_mech
1775245139799,3.649723768234253,monitor_data.theta_mech
1775245139800,3.6501073837280273,monitor_data.theta_mech
1775245139801,3.6504907608032227,monitor_data.theta_mech
1775245139802,3.649723768234253,monitor_data.theta_mech
1775245139803,3.6504907608032227,monitor_data.theta_mech
1775245139804,3.649723768234253,monitor_data.theta_mech
1775245139805,3.649723768234253,monitor_data.theta_mech
1775245139806,3.6501073837280273,monitor_data.theta_mech
1775245139807,3.649723768234253,monitor_data.theta_mech
1775245139808,3.6512577533721924,monitor_data.theta_mech
1775245139809,3.649723768234253,monitor_data.theta_mech
1775245139810,3.649723768234253,monitor_data.theta_mech
1775245139811,3.6501073837280273,monitor_data.theta_mech
1775245139812,3.6512577533721924,monitor_data.theta_mech
1775245139813,3.6512577533721924,monitor_data.theta_mech
1775245139814,3.6501073837280273,monitor_data.theta_mech
1775245139815,3.6501073837280273,monitor_data.theta_mech
1775245139816,3.6493403911590576,monitor_data.theta_mech
1775245139817,3.6504907608032227,monitor_data.theta_mech
1775245139818,3.6501073837280273,monitor_data.theta_mech
1775245139819,3.6504907608032227,monitor_data.theta_mech
1775245139820,3.6504907608032227,monitor_data.theta_mech
1775245139821,0,monitor_data.speed_ref
1775245139822,0,monitor_data.speed_ref
1775245139823,0,monitor_data.speed_ref
1775245139824,0,monitor_data.speed_ref
1775245139825,0,monitor_data.speed_ref
1775245139826,0,monitor_data.speed_ref
1775245139827,0,monitor_data.speed_ref
1775245139828,0,monitor_data.speed_ref
1775245139829,0,monitor_data.speed_ref
1775245139830,0,monitor_data.speed_ref
1775245139831,0,monitor_data.speed_ref
1775245139832,0,monitor_data.speed_ref
1775245139833,0,monitor_data.speed_ref
1775245139834,0,monitor_data.speed_ref
1775245139835,0,monitor_data.speed_ref
1775245139836,0,monitor_data.speed_ref
1775245139837,0,monitor_data.speed_ref
1775245139838,0,monitor_data.speed_ref
1775245139839,0,monitor_data.speed_ref
1775245139840,0,monitor_data.speed_ref
1775245139841,0,monitor_data.speed_ref
1775245139842,0,monitor_data.speed_ref
1775245139843,0,monitor_data.speed_ref
1775245139844,0,monitor_data.speed_ref
1775245139845,0,monitor_data.speed_ref
1775245139846,0,monitor_data.speed_ref
1775245139847,0,monitor_data.speed_ref
1775245139848,0,monitor_data.speed_ref
1775245139849,0,monitor_data.speed_ref
1775245139850,0,monitor_data.speed_ref
1775245139851,0,monitor_data.speed_ref
1775245139852,0,monitor_data.speed_ref
1775245139853,0,monitor_data.speed_ref
1775245139854,0,monitor_data.speed_ref
1775245139855,0,monitor_data.speed_ref
1775245139856,0,monitor_data.speed_ref
1775245139857,0,monitor_data.speed_ref
1775245139858,0,monitor_data.speed_ref
1775245139859,0,monitor_data.speed_ref
1775245139860,0,monitor_data.speed_ref
1775245139861,0,monitor_data.speed_ref
1775245139862,0,monitor_data.speed_ref
1775245139863,0,monitor_data.speed_ref
1775245139864,0,monitor_data.speed_ref
1775245139865,0,monitor_data.speed_ref
1775245139866,0,monitor_data.speed_ref
1775245139867,0,monitor_data.speed_ref
1775245139868,0,monitor_data.speed_ref
1775245139869,0,monitor_data.speed_ref
1775245139870,0,monitor_data.speed_ref
1775245139871,0,monitor_data.speed_ref
1775245139872,0,monitor_data.speed_ref
1775245139873,0,monitor_data.speed_ref
1775245139874,0,monitor_data.speed_ref
1775245139875,0,monitor_data.speed_ref
1775245139876,0,monitor_data.speed_ref
1775245139877,0,monitor_data.speed_ref
1775245139878,0,monitor_data.speed_ref
1775245139879,0,monitor_data.speed_ref
1775245139880,0,monitor_data.speed_ref
1775245139881,0,monitor_data.speed_ref
1775245139882,0,monitor_data.speed_ref
1775245139883,0,monitor_data.speed_ref
1775245139821,3.6504907608032227,monitor_data.theta_mech
1775245139822,3.649723768234253,monitor_data.theta_mech
1775245139823,3.649723768234253,monitor_data.theta_mech
1775245139824,3.650874376296997,monitor_data.theta_mech
1775245139825,3.649723768234253,monitor_data.theta_mech
1775245139826,3.6504907608032227,monitor_data.theta_mech
1775245139827,3.650874376296997,monitor_data.theta_mech
1775245139828,3.6493403911590576,monitor_data.theta_mech
1775245139829,3.649723768234253,monitor_data.theta_mech
1775245139830,3.650874376296997,monitor_data.theta_mech
1775245139831,3.6504907608032227,monitor_data.theta_mech
1775245139832,3.6501073837280273,monitor_data.theta_mech
1775245139833,3.6504907608032227,monitor_data.theta_mech
1775245139834,3.6512577533721924,monitor_data.theta_mech
1775245139835,3.649723768234253,monitor_data.theta_mech
1775245139836,3.6501073837280273,monitor_data.theta_mech
1775245139837,3.6512577533721924,monitor_data.theta_mech
1775245139838,3.649723768234253,monitor_data.theta_mech
1775245139839,3.6501073837280273,monitor_data.theta_mech
1775245139840,3.6504907608032227,monitor_data.theta_mech
1775245139841,3.6504907608032227,monitor_data.theta_mech
1775245139842,3.6501073837280273,monitor_data.theta_mech
1775245139843,3.649723768234253,monitor_data.theta_mech
1775245139844,3.6501073837280273,monitor_data.theta_mech
1775245139845,3.649723768234253,monitor_data.theta_mech
1775245139846,3.649723768234253,monitor_data.theta_mech
1775245139847,3.650874376296997,monitor_data.theta_mech
1775245139848,3.6493403911590576,monitor_data.theta_mech
1775245139849,3.649723768234253,monitor_data.theta_mech
1775245139850,3.6504907608032227,monitor_data.theta_mech
1775245139851,3.6501073837280273,monitor_data.theta_mech
1775245139852,3.650874376296997,monitor_data.theta_mech
1775245139853,3.649723768234253,monitor_data.theta_mech
1775245139854,3.6501073837280273,monitor_data.theta_mech
1775245139855,3.648956775665283,monitor_data.theta_mech
1775245139856,3.6501073837280273,monitor_data.theta_mech
1775245139857,3.6504907608032227,monitor_data.theta_mech
1775245139858,3.649723768234253,monitor_data.theta_mech
1775245139859,3.6501073837280273,monitor_data.theta_mech
1775245139860,3.649723768234253,monitor_data.theta_mech
1775245139861,3.649723768234253,monitor_data.theta_mech
1775245139862,3.6501073837280273,monitor_data.theta_mech
1775245139863,3.6501073837280273,monitor_data.theta_mech
1775245139864,3.649723768234253,monitor_data.theta_mech
1775245139865,3.650874376296997,monitor_data.theta_mech
1775245139866,3.649723768234253,monitor_data.theta_mech
1775245139867,3.6501073837280273,monitor_data.theta_mech
1775245139868,3.649723768234253,monitor_data.theta_mech
1775245139869,3.649723768234253,monitor_data.theta_mech
1775245139870,3.6501073837280273,monitor_data.theta_mech
1775245139871,3.6501073837280273,monitor_data.theta_mech
1775245139872,3.6493403911590576,monitor_data.theta_mech
1775245139873,3.6501073837280273,monitor_data.theta_mech
1775245139874,3.6501073837280273,monitor_data.theta_mech
1775245139875,3.6504907608032227,monitor_data.theta_mech
1775245139876,3.6493403911590576,monitor_data.theta_mech
1775245139877,3.648956775665283,monitor_data.theta_mech
1775245139878,3.6501073837280273,monitor_data.theta_mech
1775245139879,3.6501073837280273,monitor_data.theta_mech
1775245139880,3.650874376296997,monitor_data.theta_mech
1775245139881,3.6512577533721924,monitor_data.theta_mech
1775245139882,3.6501073837280273,monitor_data.theta_mech
1775245139883,3.650874376296997,monitor_data.theta_mech
1775245139884,0,monitor_data.speed_ref
1775245139885,0,monitor_data.speed_ref
1775245139886,0,monitor_data.speed_ref
1775245139887,0,monitor_data.speed_ref
1775245139888,0,monitor_data.speed_ref
1775245139889,0,monitor_data.speed_ref
1775245139890,0,monitor_data.speed_ref
1775245139891,0,monitor_data.speed_ref
1775245139892,0,monitor_data.speed_ref
1775245139893,0,monitor_data.speed_ref
1775245139894,0,monitor_data.speed_ref
1775245139895,0,monitor_data.speed_ref
1775245139896,0,monitor_data.speed_ref
1775245139897,0,monitor_data.speed_ref
1775245139898,0,monitor_data.speed_ref
1775245139899,0,monitor_data.speed_ref
1775245139900,0,monitor_data.speed_ref
1775245139901,0,monitor_data.speed_ref
1775245139902,0,monitor_data.speed_ref
1775245139903,0,monitor_data.speed_ref
1775245139904,0,monitor_data.speed_ref
1775245139905,0,monitor_data.speed_ref
1775245139906,0,monitor_data.speed_ref
1775245139907,0,monitor_data.speed_ref
1775245139908,0,monitor_data.speed_ref
1775245139909,0,monitor_data.speed_ref
1775245139910,0,monitor_data.speed_ref
1775245139911,0,monitor_data.speed_ref
1775245139912,0,monitor_data.speed_ref
1775245139913,0,monitor_data.speed_ref
1775245139914,0,monitor_data.speed_ref
1775245139915,0,monitor_data.speed_ref
1775245139916,0,monitor_data.speed_ref
1775245139917,0,monitor_data.speed_ref
1775245139918,0,monitor_data.speed_ref
1775245139919,0,monitor_data.speed_ref
1775245139920,0,monitor_data.speed_ref
1775245139921,0,monitor_data.speed_ref
1775245139922,0,monitor_data.speed_ref
1775245139923,0,monitor_data.speed_ref
1775245139924,0,monitor_data.speed_ref
1775245139925,0,monitor_data.speed_ref
1775245139926,0,monitor_data.speed_ref
1775245139927,0,monitor_data.speed_ref
1775245139928,0,monitor_data.speed_ref
1775245139929,0,monitor_data.speed_ref
1775245139930,0,monitor_data.speed_ref
1775245139932,0,monitor_data.speed_ref
1775245139933,0,monitor_data.speed_ref
1775245139933,0,monitor_data.speed_ref
1775245139884,3.649723768234253,monitor_data.theta_mech
1775245139885,3.6504907608032227,monitor_data.theta_mech
1775245139886,3.6501073837280273,monitor_data.theta_mech
1775245139887,3.6493403911590576,monitor_data.theta_mech
1775245139888,3.6501073837280273,monitor_data.theta_mech
1775245139889,3.649723768234253,monitor_data.theta_mech
1775245139890,3.6504907608032227,monitor_data.theta_mech
1775245139891,3.6501073837280273,monitor_data.theta_mech
1775245139892,3.649723768234253,monitor_data.theta_mech
1775245139893,3.6501073837280273,monitor_data.theta_mech
1775245139894,3.6493403911590576,monitor_data.theta_mech
1775245139895,3.649723768234253,monitor_data.theta_mech
1775245139896,3.6504907608032227,monitor_data.theta_mech
1775245139897,3.650874376296997,monitor_data.theta_mech
1775245139898,3.6504907608032227,monitor_data.theta_mech
1775245139899,3.649723768234253,monitor_data.theta_mech
1775245139900,3.650874376296997,monitor_data.theta_mech
1775245139901,3.649723768234253,monitor_data.theta_mech
1775245139902,3.6504907608032227,monitor_data.theta_mech
1775245139903,3.649723768234253,monitor_data.theta_mech
1775245139904,3.6504907608032227,monitor_data.theta_mech
1775245139905,3.650874376296997,monitor_data.theta_mech
1775245139906,3.649723768234253,monitor_data.theta_mech
1775245139907,3.6493403911590576,monitor_data.theta_mech
1775245139908,3.6501073837280273,monitor_data.theta_mech
1775245139909,3.650874376296997,monitor_data.theta_mech
1775245139910,3.649723768234253,monitor_data.theta_mech
1775245139911,3.649723768234253,monitor_data.theta_mech
1775245139912,3.6493403911590576,monitor_data.theta_mech
1775245139913,3.648956775665283,monitor_data.theta_mech
1775245139914,3.649723768234253,monitor_data.theta_mech
1775245139915,3.6493403911590576,monitor_data.theta_mech
1775245139916,3.6501073837280273,monitor_data.theta_mech
1775245139917,3.649723768234253,monitor_data.theta_mech
1775245139918,3.650874376296997,monitor_data.theta_mech
1775245139919,3.6493403911590576,monitor_data.theta_mech
1775245139920,3.649723768234253,monitor_data.theta_mech
1775245139921,3.6504907608032227,monitor_data.theta_mech
1775245139922,3.6501073837280273,monitor_data.theta_mech
1775245139923,3.6501073837280273,monitor_data.theta_mech
1775245139924,3.649723768234253,monitor_data.theta_mech
1775245139925,3.649723768234253,monitor_data.theta_mech
1775245139926,3.6493403911590576,monitor_data.theta_mech
1775245139927,3.6504907608032227,monitor_data.theta_mech
1775245139928,3.650874376296997,monitor_data.theta_mech
1775245139929,3.649723768234253,monitor_data.theta_mech
1775245139930,3.6504907608032227,monitor_data.theta_mech
1775245139932,3.6501073837280273,monitor_data.theta_mech
1775245139933,3.650874376296997,monitor_data.theta_mech
1775245139933,3.6501073837280273,monitor_data.theta_mech
1775245139934,0,monitor_data.speed_ref
1775245139935,0,monitor_data.speed_ref
1775245139936,0,monitor_data.speed_ref
1775245139937,0,monitor_data.speed_ref
1775245139938,0,monitor_data.speed_ref
1775245139939,0,monitor_data.speed_ref
1775245139940,0,monitor_data.speed_ref
1775245139941,0,monitor_data.speed_ref
1775245139942,0,monitor_data.speed_ref
1775245139943,0,monitor_data.speed_ref
1775245139944,0,monitor_data.speed_ref
1775245139945,0,monitor_data.speed_ref
1775245139946,0,monitor_data.speed_ref
1775245139947,0,monitor_data.speed_ref
1775245139948,0,monitor_data.speed_ref
1775245139949,0,monitor_data.speed_ref
1775245139950,0,monitor_data.speed_ref
1775245139951,0,monitor_data.speed_ref
1775245139952,0,monitor_data.speed_ref
1775245139953,0,monitor_data.speed_ref
1775245139954,0,monitor_data.speed_ref
1775245139955,0,monitor_data.speed_ref
1775245139956,0,monitor_data.speed_ref
1775245139957,0,monitor_data.speed_ref
1775245139958,0,monitor_data.speed_ref
1775245139959,0,monitor_data.speed_ref
1775245139960,0,monitor_data.speed_ref
1775245139961,0,monitor_data.speed_ref
1775245139962,0,monitor_data.speed_ref
1775245139963,0,monitor_data.speed_ref
1775245139964,0,monitor_data.speed_ref
1775245139965,0,monitor_data.speed_ref
1775245139966,0,monitor_data.speed_ref
1775245139967,0,monitor_data.speed_ref
1775245139968,0,monitor_data.speed_ref
1775245139969,0,monitor_data.speed_ref
1775245139970,0,monitor_data.speed_ref
1775245139971,0,monitor_data.speed_ref
1775245139972,0,monitor_data.speed_ref
1775245139973,0,monitor_data.speed_ref
1775245139974,0,monitor_data.speed_ref
1775245139975,0,monitor_data.speed_ref
1775245139976,0,monitor_data.speed_ref
1775245139977,0,monitor_data.speed_ref
1775245139978,0,monitor_data.speed_ref
1775245139979,0,monitor_data.speed_ref
1775245139980,0,monitor_data.speed_ref
1775245139981,0,monitor_data.speed_ref
1775245139982,0,monitor_data.speed_ref
1775245139983,0,monitor_data.speed_ref
1775245139984,0,monitor_data.speed_ref
1775245139934,3.650874376296997,monitor_data.theta_mech
1775245139935,3.649723768234253,monitor_data.theta_mech
1775245139936,3.6493403911590576,monitor_data.theta_mech
1775245139937,3.6504907608032227,monitor_data.theta_mech
1775245139938,3.6493403911590576,monitor_data.theta_mech
1775245139939,3.6504907608032227,monitor_data.theta_mech
1775245139940,3.6501073837280273,monitor_data.theta_mech
1775245139941,3.648956775665283,monitor_data.theta_mech
1775245139942,3.6501073837280273,monitor_data.theta_mech
1775245139943,3.6501073837280273,monitor_data.theta_mech
1775245139944,3.6501073837280273,monitor_data.theta_mech
1775245139945,3.649723768234253,monitor_data.theta_mech
1775245139946,3.6501073837280273,monitor_data.theta_mech
1775245139947,3.649723768234253,monitor_data.theta_mech
1775245139948,3.650874376296997,monitor_data.theta_mech
1775245139949,3.649723768234253,monitor_data.theta_mech
1775245139950,3.649723768234253,monitor_data.theta_mech
1775245139951,3.6501073837280273,monitor_data.theta_mech
1775245139952,3.649723768234253,monitor_data.theta_mech
1775245139953,3.650874376296997,monitor_data.theta_mech
1775245139954,3.6501073837280273,monitor_data.theta_mech
1775245139955,3.6501073837280273,monitor_data.theta_mech
1775245139956,3.650874376296997,monitor_data.theta_mech
1775245139957,3.649723768234253,monitor_data.theta_mech
1775245139958,3.6493403911590576,monitor_data.theta_mech
1775245139959,3.6504907608032227,monitor_data.theta_mech
1775245139960,3.650874376296997,monitor_data.theta_mech
1775245139961,3.6512577533721924,monitor_data.theta_mech
1775245139962,3.649723768234253,monitor_data.theta_mech
1775245139963,3.649723768234253,monitor_data.theta_mech
1775245139964,3.649723768234253,monitor_data.theta_mech
1775245139965,3.6501073837280273,monitor_data.theta_mech
1775245139966,3.649723768234253,monitor_data.theta_mech
1775245139967,3.6504907608032227,monitor_data.theta_mech
1775245139968,3.6504907608032227,monitor_data.theta_mech
1775245139969,3.649723768234253,monitor_data.theta_mech
1775245139970,3.6504907608032227,monitor_data.theta_mech
1775245139971,3.6501073837280273,monitor_data.theta_mech
1775245139972,3.6501073837280273,monitor_data.theta_mech
1775245139973,3.6501073837280273,monitor_data.theta_mech
1775245139974,3.649723768234253,monitor_data.theta_mech
1775245139975,3.6504907608032227,monitor_data.theta_mech
1775245139976,3.649723768234253,monitor_data.theta_mech
1775245139977,3.6501073837280273,monitor_data.theta_mech
1775245139978,3.6504907608032227,monitor_data.theta_mech
1775245139979,3.6501073837280273,monitor_data.theta_mech
1775245139980,3.650874376296997,monitor_data.theta_mech
1775245139981,3.648956775665283,monitor_data.theta_mech
1775245139982,3.6501073837280273,monitor_data.theta_mech
1775245139983,3.6504907608032227,monitor_data.theta_mech
1775245139984,3.649723768234253,monitor_data.theta_mech
1775245139985,0,monitor_data.speed_ref
1775245139986,0,monitor_data.speed_ref
1775245139987,0,monitor_data.speed_ref
1775245139988,0,monitor_data.speed_ref
1775245139989,0,monitor_data.speed_ref
1775245139990,0,monitor_data.speed_ref
1775245139991,0,monitor_data.speed_ref
1775245139992,0,monitor_data.speed_ref
1775245139993,0,monitor_data.speed_ref
1775245139994,0,monitor_data.speed_ref
1775245139995,0,monitor_data.speed_ref
1775245139996,0,monitor_data.speed_ref
1775245139997,0,monitor_data.speed_ref
1775245139998,0,monitor_data.speed_ref
1775245139999,0,monitor_data.speed_ref
1775245140000,0,monitor_data.speed_ref
1775245140001,0,monitor_data.speed_ref
1775245140002,0,monitor_data.speed_ref
1775245140003,0,monitor_data.speed_ref
1775245140004,0,monitor_data.speed_ref
1775245140005,0,monitor_data.speed_ref
1775245140006,0,monitor_data.speed_ref
1775245140007,0,monitor_data.speed_ref
1775245140008,0,monitor_data.speed_ref
1775245140009,0,monitor_data.speed_ref
1775245140010,0,monitor_data.speed_ref
1775245140011,0,monitor_data.speed_ref
1775245140012,0,monitor_data.speed_ref
1775245140013,0,monitor_data.speed_ref
1775245140014,0,monitor_data.speed_ref
1775245140015,0,monitor_data.speed_ref
1775245140016,0,monitor_data.speed_ref
1775245140017,0,monitor_data.speed_ref
1775245140018,0,monitor_data.speed_ref
1775245140019,0,monitor_data.speed_ref
1775245140020,0,monitor_data.speed_ref
1775245140021,0,monitor_data.speed_ref
1775245140022,0,monitor_data.speed_ref
1775245140023,0,monitor_data.speed_ref
1775245140024,0,monitor_data.speed_ref
1775245140025,0,monitor_data.speed_ref
1775245140026,0,monitor_data.speed_ref
1775245140027,0,monitor_data.speed_ref
1775245140028,0,monitor_data.speed_ref
1775245140029,0,monitor_data.speed_ref
1775245140030,0,monitor_data.speed_ref
1775245140031,0,monitor_data.speed_ref
1775245140032,0,monitor_data.speed_ref
1775245140033,0,monitor_data.speed_ref
1775245140034,0,monitor_data.speed_ref
1775245139985,3.650874376296997,monitor_data.theta_mech
1775245139986,3.6501073837280273,monitor_data.theta_mech
1775245139987,3.6504907608032227,monitor_data.theta_mech
1775245139988,3.650874376296997,monitor_data.theta_mech
1775245139989,3.649723768234253,monitor_data.theta_mech
1775245139990,3.6501073837280273,monitor_data.theta_mech
1775245139991,3.649723768234253,monitor_data.theta_mech
1775245139992,3.651641368865967,monitor_data.theta_mech
1775245139993,3.6493403911590576,monitor_data.theta_mech
1775245139994,3.650874376296997,monitor_data.theta_mech
1775245139995,3.649723768234253,monitor_data.theta_mech
1775245139996,3.649723768234253,monitor_data.theta_mech
1775245139997,3.650874376296997,monitor_data.theta_mech
1775245139998,3.6504907608032227,monitor_data.theta_mech
1775245139999,3.6504907608032227,monitor_data.theta_mech
1775245140000,3.649723768234253,monitor_data.theta_mech
1775245140001,3.650874376296997,monitor_data.theta_mech
1775245140002,3.649723768234253,monitor_data.theta_mech
1775245140003,3.6504907608032227,monitor_data.theta_mech
1775245140004,3.6501073837280273,monitor_data.theta_mech
1775245140005,3.648956775665283,monitor_data.theta_mech
1775245140006,3.6501073837280273,monitor_data.theta_mech
1775245140007,3.650874376296997,monitor_data.theta_mech
1775245140008,3.6501073837280273,monitor_data.theta_mech
1775245140009,3.649723768234253,monitor_data.theta_mech
1775245140010,3.6501073837280273,monitor_data.theta_mech
1775245140011,3.6501073837280273,monitor_data.theta_mech
1775245140012,3.6504907608032227,monitor_data.theta_mech
1775245140013,3.650874376296997,monitor_data.theta_mech
1775245140014,3.6504907608032227,monitor_data.theta_mech
1775245140015,3.6501073837280273,monitor_data.theta_mech
1775245140016,3.6504907608032227,monitor_data.theta_mech
1775245140017,3.6504907608032227,monitor_data.theta_mech
1775245140018,3.649723768234253,monitor_data.theta_mech
1775245140019,3.6501073837280273,monitor_data.theta_mech
1775245140020,3.6501073837280273,monitor_data.theta_mech
1775245140021,3.649723768234253,monitor_data.theta_mech
1775245140022,3.6512577533721924,monitor_data.theta_mech
1775245140023,3.6504907608032227,monitor_data.theta_mech
1775245140024,3.649723768234253,monitor_data.theta_mech
1775245140025,3.6493403911590576,monitor_data.theta_mech
1775245140026,3.649723768234253,monitor_data.theta_mech
1775245140027,3.6501073837280273,monitor_data.theta_mech
1775245140028,3.649723768234253,monitor_data.theta_mech
1775245140029,3.649723768234253,monitor_data.theta_mech
1775245140030,3.649723768234253,monitor_data.theta_mech
1775245140031,3.650874376296997,monitor_data.theta_mech
1775245140032,3.6493403911590576,monitor_data.theta_mech
1775245140033,3.6504907608032227,monitor_data.theta_mech
1775245140034,3.6501073837280273,monitor_data.theta_mech
1775245140035,0,monitor_data.speed_ref
1775245140036,0,monitor_data.speed_ref
1775245140037,0,monitor_data.speed_ref
1775245140038,0,monitor_data.speed_ref
1775245140039,0,monitor_data.speed_ref
1775245140040,0,monitor_data.speed_ref
1775245140041,0,monitor_data.speed_ref
1775245140042,0,monitor_data.speed_ref
1775245140043,0,monitor_data.speed_ref
1775245140044,0,monitor_data.speed_ref
1775245140045,0,monitor_data.speed_ref
1775245140046,0,monitor_data.speed_ref
1775245140047,0,monitor_data.speed_ref
1775245140048,0,monitor_data.speed_ref
1775245140049,0,monitor_data.speed_ref
1775245140050,0,monitor_data.speed_ref
1775245140051,0,monitor_data.speed_ref
1775245140052,0,monitor_data.speed_ref
1775245140053,0,monitor_data.speed_ref
1775245140054,0,monitor_data.speed_ref
1775245140055,0,monitor_data.speed_ref
1775245140056,0,monitor_data.speed_ref
1775245140057,0,monitor_data.speed_ref
1775245140058,0,monitor_data.speed_ref
1775245140059,0,monitor_data.speed_ref
1775245140060,0,monitor_data.speed_ref
1775245140061,0,monitor_data.speed_ref
1775245140062,0,monitor_data.speed_ref
1775245140063,0,monitor_data.speed_ref
1775245140064,0,monitor_data.speed_ref
1775245140065,0,monitor_data.speed_ref
1775245140066,0,monitor_data.speed_ref
1775245140067,0,monitor_data.speed_ref
1775245140068,0,monitor_data.speed_ref
1775245140069,0,monitor_data.speed_ref
1775245140070,0,monitor_data.speed_ref
1775245140071,0,monitor_data.speed_ref
1775245140072,0,monitor_data.speed_ref
1775245140073,0,monitor_data.speed_ref
1775245140074,0,monitor_data.speed_ref
1775245140075,0,monitor_data.speed_ref
1775245140076,0,monitor_data.speed_ref
1775245140077,0,monitor_data.speed_ref
1775245140078,0,monitor_data.speed_ref
1775245140079,0,monitor_data.speed_ref
1775245140080,0,monitor_data.speed_ref
1775245140081,0,monitor_data.speed_ref
1775245140082,0,monitor_data.speed_ref
1775245140083,0,monitor_data.speed_ref
1775245140084,0,monitor_data.speed_ref
1775245140035,3.6501073837280273,monitor_data.theta_mech
1775245140036,3.6504907608032227,monitor_data.theta_mech
1775245140037,3.6501073837280273,monitor_data.theta_mech
1775245140038,3.6504907608032227,monitor_data.theta_mech
1775245140039,3.6501073837280273,monitor_data.theta_mech
1775245140040,3.6512577533721924,monitor_data.theta_mech
1775245140041,3.6504907608032227,monitor_data.theta_mech
1775245140042,3.6504907608032227,monitor_data.theta_mech
1775245140043,3.6501073837280273,monitor_data.theta_mech
1775245140044,3.6501073837280273,monitor_data.theta_mech
1775245140045,3.6504907608032227,monitor_data.theta_mech
1775245140046,3.6501073837280273,monitor_data.theta_mech
1775245140047,3.6493403911590576,monitor_data.theta_mech
1775245140048,3.649723768234253,monitor_data.theta_mech
1775245140049,3.6504907608032227,monitor_data.theta_mech
1775245140050,3.6501073837280273,monitor_data.theta_mech
1775245140051,3.650874376296997,monitor_data.theta_mech
1775245140052,3.649723768234253,monitor_data.theta_mech
1775245140053,3.649723768234253,monitor_data.theta_mech
1775245140054,3.650874376296997,monitor_data.theta_mech
1775245140055,3.649723768234253,monitor_data.theta_mech
1775245140056,3.648956775665283,monitor_data.theta_mech
1775245140057,3.649723768234253,monitor_data.theta_mech
1775245140058,3.650874376296997,monitor_data.theta_mech
1775245140059,3.649723768234253,monitor_data.theta_mech
1775245140060,3.649723768234253,monitor_data.theta_mech
1775245140061,3.6512577533721924,monitor_data.theta_mech
1775245140062,3.6493403911590576,monitor_data.theta_mech
1775245140063,3.649723768234253,monitor_data.theta_mech
1775245140064,3.649723768234253,monitor_data.theta_mech
1775245140065,3.6504907608032227,monitor_data.theta_mech
1775245140066,3.6493403911590576,monitor_data.theta_mech
1775245140067,3.648956775665283,monitor_data.theta_mech
1775245140068,3.6501073837280273,monitor_data.theta_mech
1775245140069,3.649723768234253,monitor_data.theta_mech
1775245140070,3.649723768234253,monitor_data.theta_mech
1775245140071,3.6504907608032227,monitor_data.theta_mech
1775245140072,3.6501073837280273,monitor_data.theta_mech
1775245140073,3.6504907608032227,monitor_data.theta_mech
1775245140074,3.6501073837280273,monitor_data.theta_mech
1775245140075,3.6504907608032227,monitor_data.theta_mech
1775245140076,3.6504907608032227,monitor_data.theta_mech
1775245140077,3.6504907608032227,monitor_data.theta_mech
1775245140078,3.649723768234253,monitor_data.theta_mech
1775245140079,3.6501073837280273,monitor_data.theta_mech
1775245140080,3.6504907608032227,monitor_data.theta_mech
1775245140081,3.6504907608032227,monitor_data.theta_mech
1775245140082,3.649723768234253,monitor_data.theta_mech
1775245140083,3.6501073837280273,monitor_data.theta_mech
1775245140084,3.649723768234253,monitor_data.theta_mech
1775245140085,0,monitor_data.speed_ref
1775245140086,0,monitor_data.speed_ref
1775245140087,0,monitor_data.speed_ref
1775245140089,0,monitor_data.speed_ref
1775245140090,0,monitor_data.speed_ref
1775245140091,0,monitor_data.speed_ref
1775245140092,0,monitor_data.speed_ref
1775245140093,0,monitor_data.speed_ref
1775245140095,0,monitor_data.speed_ref
1775245140096,0,monitor_data.speed_ref
1775245140097,0,monitor_data.speed_ref
1775245140098,0,monitor_data.speed_ref
1775245140100,0,monitor_data.speed_ref
1775245140101,0,monitor_data.speed_ref
1775245140102,0,monitor_data.speed_ref
1775245140103,0,monitor_data.speed_ref
1775245140104,0,monitor_data.speed_ref
1775245140105,0,monitor_data.speed_ref
1775245140106,0,monitor_data.speed_ref
1775245140107,0,monitor_data.speed_ref
1775245140109,0,monitor_data.speed_ref
1775245140110,0,monitor_data.speed_ref
1775245140111,0,monitor_data.speed_ref
1775245140112,0,monitor_data.speed_ref
1775245140113,0,monitor_data.speed_ref
1775245140114,0,monitor_data.speed_ref
1775245140115,0,monitor_data.speed_ref
1775245140116,0,monitor_data.speed_ref
1775245140118,0,monitor_data.speed_ref
1775245140119,0,monitor_data.speed_ref
1775245140120,0,monitor_data.speed_ref
1775245140121,0,monitor_data.speed_ref
1775245140122,0,monitor_data.speed_ref
1775245140123,0,monitor_data.speed_ref
1775245140123,0,monitor_data.speed_ref
1775245140124,0,monitor_data.speed_ref
1775245140125,0,monitor_data.speed_ref
1775245140126,0,monitor_data.speed_ref
1775245140127,0,monitor_data.speed_ref
1775245140127,0,monitor_data.speed_ref
1775245140129,0,monitor_data.speed_ref
1775245140130,0,monitor_data.speed_ref
1775245140131,0,monitor_data.speed_ref
1775245140131,0,monitor_data.speed_ref
1775245140132,0,monitor_data.speed_ref
1775245140132,0,monitor_data.speed_ref
1775245140133,0,monitor_data.speed_ref
1775245140134,0,monitor_data.speed_ref
1775245140134,0,monitor_data.speed_ref
1775245140085,3.6501073837280273,monitor_data.theta_mech
1775245140086,3.6504907608032227,monitor_data.theta_mech
1775245140087,3.6501073837280273,monitor_data.theta_mech
1775245140089,3.650874376296997,monitor_data.theta_mech
1775245140090,3.6501073837280273,monitor_data.theta_mech
1775245140091,3.649723768234253,monitor_data.theta_mech
1775245140092,3.649723768234253,monitor_data.theta_mech
1775245140093,3.6493403911590576,monitor_data.theta_mech
1775245140095,3.6512577533721924,monitor_data.theta_mech
1775245140096,3.6512577533721924,monitor_data.theta_mech
1775245140097,3.650874376296997,monitor_data.theta_mech
1775245140098,3.6501073837280273,monitor_data.theta_mech
1775245140100,3.6501073837280273,monitor_data.theta_mech
1775245140101,3.6504907608032227,monitor_data.theta_mech
1775245140102,3.649723768234253,monitor_data.theta_mech
1775245140103,3.6501073837280273,monitor_data.theta_mech
1775245140104,3.6504907608032227,monitor_data.theta_mech
1775245140105,3.649723768234253,monitor_data.theta_mech
1775245140106,3.6504907608032227,monitor_data.theta_mech
1775245140107,3.649723768234253,monitor_data.theta_mech
1775245140109,3.6501073837280273,monitor_data.theta_mech
1775245140110,3.650874376296997,monitor_data.theta_mech
1775245140111,3.649723768234253,monitor_data.theta_mech
1775245140112,3.6493403911590576,monitor_data.theta_mech
1775245140113,3.649723768234253,monitor_data.theta_mech
1775245140114,3.649723768234253,monitor_data.theta_mech
1775245140115,3.6512577533721924,monitor_data.theta_mech
1775245140116,3.649723768234253,monitor_data.theta_mech
1775245140118,3.650874376296997,monitor_data.theta_mech
1775245140119,3.6501073837280273,monitor_data.theta_mech
1775245140120,3.6504907608032227,monitor_data.theta_mech
1775245140121,3.6504907608032227,monitor_data.theta_mech
1775245140122,3.6504907608032227,monitor_data.theta_mech
1775245140123,3.6501073837280273,monitor_data.theta_mech
1775245140123,3.649723768234253,monitor_data.theta_mech
1775245140124,3.649723768234253,monitor_data.theta_mech
1775245140125,3.648956775665283,monitor_data.theta_mech
1775245140126,3.650874376296997,monitor_data.theta_mech
1775245140127,3.6493403911590576,monitor_data.theta_mech
1775245140127,3.6501073837280273,monitor_data.theta_mech
1775245140129,3.6504907608032227,monitor_data.theta_mech
1775245140130,3.6501073837280273,monitor_data.theta_mech
1775245140131,3.6501073837280273,monitor_data.theta_mech
1775245140131,3.6501073837280273,monitor_data.theta_mech
1775245140132,3.6504907608032227,monitor_data.theta_mech
1775245140132,3.6504907608032227,monitor_data.theta_mech
1775245140133,3.6501073837280273,monitor_data.theta_mech
1775245140134,3.649723768234253,monitor_data.theta_mech
1775245140134,3.6501073837280273,monitor_data.theta_mech
1775245140135,0,monitor_data.speed_ref
1775245140136,0,monitor_data.speed_ref
1775245140136,0,monitor_data.speed_ref
1775245140137,0,monitor_data.speed_ref
1775245140138,0,monitor_data.speed_ref
1775245140139,0,monitor_data.speed_ref
1775245140140,0,monitor_data.speed_ref
1775245140141,0,monitor_data.speed_ref
1775245140142,0,monitor_data.speed_ref
1775245140143,0,monitor_data.speed_ref
1775245140144,0,monitor_data.speed_ref
1775245140145,0,monitor_data.speed_ref
1775245140146,0,monitor_data.speed_ref
1775245140147,0,monitor_data.speed_ref
1775245140148,0,monitor_data.speed_ref
1775245140149,0,monitor_data.speed_ref
1775245140150,0,monitor_data.speed_ref
1775245140151,0,monitor_data.speed_ref
1775245140152,0,monitor_data.speed_ref
1775245140153,0,monitor_data.speed_ref
1775245140154,0,monitor_data.speed_ref
1775245140155,0,monitor_data.speed_ref
1775245140156,0,monitor_data.speed_ref
1775245140157,0,monitor_data.speed_ref
1775245140158,0,monitor_data.speed_ref
1775245140159,0,monitor_data.speed_ref
1775245140160,0,monitor_data.speed_ref
1775245140161,0,monitor_data.speed_ref
1775245140162,0,monitor_data.speed_ref
1775245140163,0,monitor_data.speed_ref
1775245140164,0,monitor_data.speed_ref
1775245140165,0,monitor_data.speed_ref
1775245140166,0,monitor_data.speed_ref
1775245140167,0,monitor_data.speed_ref
1775245140168,0,monitor_data.speed_ref
1775245140169,0,monitor_data.speed_ref
1775245140170,0,monitor_data.speed_ref
1775245140171,0,monitor_data.speed_ref
1775245140172,0,monitor_data.speed_ref
1775245140173,0,monitor_data.speed_ref
1775245140174,0,monitor_data.speed_ref
1775245140175,0,monitor_data.speed_ref
1775245140176,0,monitor_data.speed_ref
1775245140177,0,monitor_data.speed_ref
1775245140178,0,monitor_data.speed_ref
1775245140179,0,monitor_data.speed_ref
1775245140180,0,monitor_data.speed_ref
1775245140181,0,monitor_data.speed_ref
1775245140182,0,monitor_data.speed_ref
1775245140183,0,monitor_data.speed_ref
1775245140184,0,monitor_data.speed_ref
1775245140185,0,monitor_data.speed_ref
1775245140135,3.649723768234253,monitor_data.theta_mech
1775245140136,3.649723768234253,monitor_data.theta_mech
1775245140136,3.6493403911590576,monitor_data.theta_mech
1775245140137,3.650874376296997,monitor_data.theta_mech
1775245140138,3.649723768234253,monitor_data.theta_mech
1775245140139,3.649723768234253,monitor_data.theta_mech
1775245140140,3.6512577533721924,monitor_data.theta_mech
1775245140141,3.649723768234253,monitor_data.theta_mech
1775245140142,3.6504907608032227,monitor_data.theta_mech
1775245140143,3.6504907608032227,monitor_data.theta_mech
1775245140144,3.6493403911590576,monitor_data.theta_mech
1775245140145,3.6504907608032227,monitor_data.theta_mech
1775245140146,3.649723768234253,monitor_data.theta_mech
1775245140147,3.6493403911590576,monitor_data.theta_mech
1775245140148,3.6504907608032227,monitor_data.theta_mech
1775245140149,3.648573398590088,monitor_data.theta_mech
1775245140150,3.650874376296997,monitor_data.theta_mech
1775245140151,3.649723768234253,monitor_data.theta_mech
1775245140152,3.6504907608032227,monitor_data.theta_mech
1775245140153,3.649723768234253,monitor_data.theta_mech
1775245140154,3.6493403911590576,monitor_data.theta_mech
1775245140155,3.6501073837280273,monitor_data.theta_mech
1775245140156,3.6501073837280273,monitor_data.theta_mech
1775245140157,3.6493403911590576,monitor_data.theta_mech
1775245140158,3.648573398590088,monitor_data.theta_mech
1775245140159,3.648956775665283,monitor_data.theta_mech
1775245140160,3.650874376296997,monitor_data.theta_mech
1775245140161,3.649723768234253,monitor_data.theta_mech
1775245140162,3.6504907608032227,monitor_data.theta_mech
1775245140163,3.649723768234253,monitor_data.theta_mech
1775245140164,3.6504907608032227,monitor_data.theta_mech
1775245140165,3.6504907608032227,monitor_data.theta_mech
1775245140166,3.6504907608032227,monitor_data.theta_mech
1775245140167,3.649723768234253,monitor_data.theta_mech
1775245140168,3.6501073837280273,monitor_data.theta_mech
1775245140169,3.6504907608032227,monitor_data.theta_mech
1775245140170,3.6493403911590576,monitor_data.theta_mech
1775245140171,3.6504907608032227,monitor_data.theta_mech
1775245140172,3.6504907608032227,monitor_data.theta_mech
1775245140173,3.6504907608032227,monitor_data.theta_mech
1775245140174,3.6501073837280273,monitor_data.theta_mech
1775245140175,3.6501073837280273,monitor_data.theta_mech
1775245140176,3.649723768234253,monitor_data.theta_mech
1775245140177,3.649723768234253,monitor_data.theta_mech
1775245140178,3.650874376296997,monitor_data.theta_mech
1775245140179,3.648956775665283,monitor_data.theta_mech
1775245140180,3.6501073837280273,monitor_data.theta_mech
1775245140181,3.6504907608032227,monitor_data.theta_mech
1775245140182,3.650874376296997,monitor_data.theta_mech
1775245140183,3.6504907608032227,monitor_data.theta_mech
1775245140184,3.6501073837280273,monitor_data.theta_mech
1775245140185,3.6501073837280273,monitor_data.theta_mech
1775245140186,0,monitor_data.speed_ref
1775245140187,0,monitor_data.speed_ref
1775245140188,0,monitor_data.speed_ref
1775245140189,0,monitor_data.speed_ref
1775245140190,0,monitor_data.speed_ref
1775245140191,0,monitor_data.speed_ref
1775245140192,0,monitor_data.speed_ref
1775245140193,0,monitor_data.speed_ref
1775245140194,0,monitor_data.speed_ref
1775245140195,0,monitor_data.speed_ref
1775245140196,0,monitor_data.speed_ref
1775245140197,0,monitor_data.speed_ref
1775245140198,0,monitor_data.speed_ref
1775245140199,0,monitor_data.speed_ref
1775245140200,0,monitor_data.speed_ref
1775245140201,0,monitor_data.speed_ref
1775245140202,0,monitor_data.speed_ref
1775245140203,0,monitor_data.speed_ref
1775245140204,0,monitor_data.speed_ref
1775245140205,0,monitor_data.speed_ref
1775245140206,0,monitor_data.speed_ref
1775245140207,0,monitor_data.speed_ref
1775245140208,0,monitor_data.speed_ref
1775245140209,0,monitor_data.speed_ref
1775245140210,0,monitor_data.speed_ref
1775245140211,0,monitor_data.speed_ref
1775245140212,0,monitor_data.speed_ref
1775245140213,0,monitor_data.speed_ref
1775245140214,0,monitor_data.speed_ref
1775245140215,0,monitor_data.speed_ref
1775245140216,0,monitor_data.speed_ref
1775245140217,0,monitor_data.speed_ref
1775245140218,0,monitor_data.speed_ref
1775245140219,0,monitor_data.speed_ref
1775245140220,0,monitor_data.speed_ref
1775245140221,0,monitor_data.speed_ref
1775245140222,0,monitor_data.speed_ref
1775245140223,0,monitor_data.speed_ref
1775245140224,0,monitor_data.speed_ref
1775245140225,0,monitor_data.speed_ref
1775245140226,0,monitor_data.speed_ref
1775245140227,0,monitor_data.speed_ref
1775245140228,0,monitor_data.speed_ref
1775245140229,0,monitor_data.speed_ref
1775245140230,0,monitor_data.speed_ref
1775245140231,0,monitor_data.speed_ref
1775245140232,0,monitor_data.speed_ref
1775245140233,0,monitor_data.speed_ref
1775245140234,0,monitor_data.speed_ref
1775245140186,3.650874376296997,monitor_data.theta_mech
1775245140187,3.650874376296997,monitor_data.theta_mech
1775245140188,3.6501073837280273,monitor_data.theta_mech
1775245140189,3.6501073837280273,monitor_data.theta_mech
1775245140190,3.6501073837280273,monitor_data.theta_mech
1775245140191,3.6504907608032227,monitor_data.theta_mech
1775245140192,3.6501073837280273,monitor_data.theta_mech
1775245140193,3.648956775665283,monitor_data.theta_mech
1775245140194,3.6493403911590576,monitor_data.theta_mech
1775245140195,3.6501073837280273,monitor_data.theta_mech
1775245140196,3.650874376296997,monitor_data.theta_mech
1775245140197,3.6501073837280273,monitor_data.theta_mech
1775245140198,3.6501073837280273,monitor_data.theta_mech
1775245140199,3.6504907608032227,monitor_data.theta_mech
1775245140200,3.6512577533721924,monitor_data.theta_mech
1775245140201,3.6504907608032227,monitor_data.theta_mech
1775245140202,3.6504907608032227,monitor_data.theta_mech
1775245140203,3.6501073837280273,monitor_data.theta_mech
1775245140204,3.648956775665283,monitor_data.theta_mech
1775245140205,3.6512577533721924,monitor_data.theta_mech
1775245140206,3.6501073837280273,monitor_data.theta_mech
1775245140207,3.6501073837280273,monitor_data.theta_mech
1775245140208,3.650874376296997,monitor_data.theta_mech
1775245140209,3.649723768234253,monitor_data.theta_mech
1775245140210,3.650874376296997,monitor_data.theta_mech
1775245140211,3.649723768234253,monitor_data.theta_mech
1775245140212,3.6504907608032227,monitor_data.theta_mech
1775245140213,3.649723768234253,monitor_data.theta_mech
1775245140214,3.6493403911590576,monitor_data.theta_mech
1775245140215,3.6501073837280273,monitor_data.theta_mech
1775245140216,3.648956775665283,monitor_data.theta_mech
1775245140217,3.6501073837280273,monitor_data.theta_mech
1775245140218,3.648956775665283,monitor_data.theta_mech
1775245140219,3.650874376296997,monitor_data.theta_mech
1775245140220,3.6512577533721924,monitor_data.theta_mech
1775245140221,3.6504907608032227,monitor_data.theta_mech
1775245140222,3.649723768234253,monitor_data.theta_mech
1775245140223,3.6493403911590576,monitor_data.theta_mech
1775245140224,3.6501073837280273,monitor_data.theta_mech
1775245140225,3.6512577533721924,monitor_data.theta_mech
1775245140226,3.6501073837280273,monitor_data.theta_mech
1775245140227,3.6501073837280273,monitor_data.theta_mech
1775245140228,3.6493403911590576,monitor_data.theta_mech
1775245140229,3.6501073837280273,monitor_data.theta_mech
1775245140230,3.6504907608032227,monitor_data.theta_mech
1775245140231,3.6504907608032227,monitor_data.theta_mech
1775245140232,3.6504907608032227,monitor_data.theta_mech
1775245140233,3.6501073837280273,monitor_data.theta_mech
1775245140234,3.649723768234253,monitor_data.theta_mech
1775245140235,0,monitor_data.speed_ref
1775245140236,0,monitor_data.speed_ref
1775245140237,0,monitor_data.speed_ref
1775245140238,0,monitor_data.speed_ref
1775245140240,0,monitor_data.speed_ref
1775245140241,0,monitor_data.speed_ref
1775245140243,0,monitor_data.speed_ref
1775245140244,0,monitor_data.speed_ref
1775245140245,0,monitor_data.speed_ref
1775245140246,0,monitor_data.speed_ref
1775245140248,0,monitor_data.speed_ref
1775245140248,0,monitor_data.speed_ref
1775245140249,0,monitor_data.speed_ref
1775245140250,0,monitor_data.speed_ref
1775245140250,0,monitor_data.speed_ref
1775245140251,0,monitor_data.speed_ref
1775245140252,0,monitor_data.speed_ref
1775245140253,0,monitor_data.speed_ref
1775245140253,0,monitor_data.speed_ref
1775245140254,0,monitor_data.speed_ref
1775245140255,0,monitor_data.speed_ref
1775245140256,0,monitor_data.speed_ref
1775245140258,0,monitor_data.speed_ref
1775245140259,0,monitor_data.speed_ref
1775245140260,0,monitor_data.speed_ref
1775245140261,0,monitor_data.speed_ref
1775245140262,0,monitor_data.speed_ref
1775245140263,0,monitor_data.speed_ref
1775245140264,0,monitor_data.speed_ref
1775245140265,0,monitor_data.speed_ref
1775245140265,0,monitor_data.speed_ref
1775245140266,0,monitor_data.speed_ref
1775245140267,0,monitor_data.speed_ref
1775245140268,0,monitor_data.speed_ref
1775245140269,0,monitor_data.speed_ref
1775245140270,0,monitor_data.speed_ref
1775245140271,0,monitor_data.speed_ref
1775245140272,0,monitor_data.speed_ref
1775245140273,0,monitor_data.speed_ref
1775245140274,0,monitor_data.speed_ref
1775245140275,0,monitor_data.speed_ref
1775245140276,0,monitor_data.speed_ref
1775245140277,0,monitor_data.speed_ref
1775245140278,0,monitor_data.speed_ref
1775245140279,0,monitor_data.speed_ref
1775245140280,0,monitor_data.speed_ref
1775245140281,0,monitor_data.speed_ref
1775245140282,0,monitor_data.speed_ref
1775245140283,0,monitor_data.speed_ref
1775245140284,0,monitor_data.speed_ref
1775245140235,3.6512577533721924,monitor_data.theta_mech
1775245140236,3.649723768234253,monitor_data.theta_mech
1775245140237,3.649723768234253,monitor_data.theta_mech
1775245140238,3.649723768234253,monitor_data.theta_mech
1775245140240,3.649723768234253,monitor_data.theta_mech
1775245140241,3.649723768234253,monitor_data.theta_mech
1775245140243,3.6501073837280273,monitor_data.theta_mech
1775245140244,3.649723768234253,monitor_data.theta_mech
1775245140245,3.6501073837280273,monitor_data.theta_mech
1775245140246,3.6504907608032227,monitor_data.theta_mech
1775245140248,3.649723768234253,monitor_data.theta_mech
1775245140248,3.6504907608032227,monitor_data.theta_mech
1775245140249,3.6501073837280273,monitor_data.theta_mech
1775245140250,3.652024745941162,monitor_data.theta_mech
1775245140250,3.6501073837280273,monitor_data.theta_mech
1775245140251,3.6504907608032227,monitor_data.theta_mech
1775245140252,3.6504907608032227,monitor_data.theta_mech
1775245140253,3.6504907608032227,monitor_data.theta_mech
1775245140253,3.6504907608032227,monitor_data.theta_mech
1775245140254,3.649723768234253,monitor_data.theta_mech
1775245140255,3.6493403911590576,monitor_data.theta_mech
1775245140256,3.650874376296997,monitor_data.theta_mech
1775245140258,3.650874376296997,monitor_data.theta_mech
1775245140259,3.6504907608032227,monitor_data.theta_mech
1775245140260,3.649723768234253,monitor_data.theta_mech
1775245140261,3.6504907608032227,monitor_data.theta_mech
1775245140262,3.650874376296997,monitor_data.theta_mech
1775245140263,3.6501073837280273,monitor_data.theta_mech
1775245140264,3.649723768234253,monitor_data.theta_mech
1775245140265,3.649723768234253,monitor_data.theta_mech
1775245140265,3.6504907608032227,monitor_data.theta_mech
1775245140266,3.6512577533721924,monitor_data.theta_mech
1775245140267,3.649723768234253,monitor_data.theta_mech
1775245140268,3.6493403911590576,monitor_data.theta_mech
1775245140269,3.6504907608032227,monitor_data.theta_mech
1775245140270,3.6504907608032227,monitor_data.theta_mech
1775245140271,3.6493403911590576,monitor_data.theta_mech
1775245140272,3.650874376296997,monitor_data.theta_mech
1775245140273,3.6504907608032227,monitor_data.theta_mech
1775245140274,3.6501073837280273,monitor_data.theta_mech
1775245140275,3.649723768234253,monitor_data.theta_mech
1775245140276,3.649723768234253,monitor_data.theta_mech
1775245140277,3.6512577533721924,monitor_data.theta_mech
1775245140278,3.6501073837280273,monitor_data.theta_mech
1775245140279,3.6504907608032227,monitor_data.theta_mech
1775245140280,3.6501073837280273,monitor_data.theta_mech
1775245140281,3.6501073837280273,monitor_data.theta_mech
1775245140282,3.648956775665283,monitor_data.theta_mech
1775245140283,3.6501073837280273,monitor_data.theta_mech
1775245140284,3.6501073837280273,monitor_data.theta_mech
1775245140285,0,monitor_data.speed_ref
1775245140286,0,monitor_data.speed_ref
1775245140287,0,monitor_data.speed_ref
1775245140288,0,monitor_data.speed_ref
1775245140289,0,monitor_data.speed_ref
1775245140290,0,monitor_data.speed_ref
1775245140291,0,monitor_data.speed_ref
1775245140292,0,monitor_data.speed_ref
1775245140293,0,monitor_data.speed_ref
1775245140294,0,monitor_data.speed_ref
1775245140295,0,monitor_data.speed_ref
1775245140296,0,monitor_data.speed_ref
1775245140297,0,monitor_data.speed_ref
1775245140298,0,monitor_data.speed_ref
1775245140299,0,monitor_data.speed_ref
1775245140300,0,monitor_data.speed_ref
1775245140301,0,monitor_data.speed_ref
1775245140302,0,monitor_data.speed_ref
1775245140303,0,monitor_data.speed_ref
1775245140304,0,monitor_data.speed_ref
1775245140305,0,monitor_data.speed_ref
1775245140306,0,monitor_data.speed_ref
1775245140307,0,monitor_data.speed_ref
1775245140308,0,monitor_data.speed_ref
1775245140309,0,monitor_data.speed_ref
1775245140310,0,monitor_data.speed_ref
1775245140311,0,monitor_data.speed_ref
1775245140312,0,monitor_data.speed_ref
1775245140313,0,monitor_data.speed_ref
1775245140314,0,monitor_data.speed_ref
1775245140315,0,monitor_data.speed_ref
1775245140316,0,monitor_data.speed_ref
1775245140317,0,monitor_data.speed_ref
1775245140318,0,monitor_data.speed_ref
1775245140319,0,monitor_data.speed_ref
1775245140320,0,monitor_data.speed_ref
1775245140321,0,monitor_data.speed_ref
1775245140322,0,monitor_data.speed_ref
1775245140323,0,monitor_data.speed_ref
1775245140324,0,monitor_data.speed_ref
1775245140325,0,monitor_data.speed_ref
1775245140326,0,monitor_data.speed_ref
1775245140327,0,monitor_data.speed_ref
1775245140328,0,monitor_data.speed_ref
1775245140329,0,monitor_data.speed_ref
1775245140330,0,monitor_data.speed_ref
1775245140331,0,monitor_data.speed_ref
1775245140332,0,monitor_data.speed_ref
1775245140333,0,monitor_data.speed_ref
1775245140334,0,monitor_data.speed_ref
1775245140335,0,monitor_data.speed_ref
1775245140285,3.6493403911590576,monitor_data.theta_mech
1775245140286,3.649723768234253,monitor_data.theta_mech
1775245140287,3.6501073837280273,monitor_data.theta_mech
1775245140288,3.6504907608032227,monitor_data.theta_mech
1775245140289,3.6504907608032227,monitor_data.theta_mech
1775245140290,3.649723768234253,monitor_data.theta_mech
1775245140291,3.6512577533721924,monitor_data.theta_mech
1775245140292,3.6504907608032227,monitor_data.theta_mech
1775245140293,3.649723768234253,monitor_data.theta_mech
1775245140294,3.6493403911590576,monitor_data.theta_mech
1775245140295,3.649723768234253,monitor_data.theta_mech
1775245140296,3.6504907608032227,monitor_data.theta_mech
1775245140297,3.6504907608032227,monitor_data.theta_mech
1775245140298,3.6501073837280273,monitor_data.theta_mech
1775245140299,3.6493403911590576,monitor_data.theta_mech
1775245140300,3.6501073837280273,monitor_data.theta_mech
1775245140301,3.6504907608032227,monitor_data.theta_mech
1775245140302,3.6493403911590576,monitor_data.theta_mech
1775245140303,3.649723768234253,monitor_data.theta_mech
1775245140304,3.6504907608032227,monitor_data.theta_mech
1775245140305,3.6504907608032227,monitor_data.theta_mech
1775245140306,3.651641368865967,monitor_data.theta_mech
1775245140307,3.6504907608032227,monitor_data.theta_mech
1775245140308,3.649723768234253,monitor_data.theta_mech
1775245140309,3.649723768234253,monitor_data.theta_mech
1775245140310,3.6504907608032227,monitor_data.theta_mech
1775245140311,3.650874376296997,monitor_data.theta_mech
1775245140312,3.6501073837280273,monitor_data.theta_mech
1775245140313,3.650874376296997,monitor_data.theta_mech
1775245140314,3.6501073837280273,monitor_data.theta_mech
1775245140315,3.6493403911590576,monitor_data.theta_mech
1775245140316,3.650874376296997,monitor_data.theta_mech
1775245140317,3.6512577533721924,monitor_data.theta_mech
1775245140318,3.650874376296997,monitor_data.theta_mech
1775245140319,3.6501073837280273,monitor_data.theta_mech
1775245140320,3.6504907608032227,monitor_data.theta_mech
1775245140321,3.6501073837280273,monitor_data.theta_mech
1775245140322,3.649723768234253,monitor_data.theta_mech
1775245140323,3.6504907608032227,monitor_data.theta_mech
1775245140324,3.650874376296997,monitor_data.theta_mech
1775245140325,3.6504907608032227,monitor_data.theta_mech
1775245140326,3.650874376296997,monitor_data.theta_mech
1775245140327,3.649723768234253,monitor_data.theta_mech
1775245140328,3.6501073837280273,monitor_data.theta_mech
1775245140329,3.649723768234253,monitor_data.theta_mech
1775245140330,3.649723768234253,monitor_data.theta_mech
1775245140331,3.6493403911590576,monitor_data.theta_mech
1775245140332,3.6504907608032227,monitor_data.theta_mech
1775245140333,3.649723768234253,monitor_data.theta_mech
1775245140334,3.6504907608032227,monitor_data.theta_mech
1775245140335,3.649723768234253,monitor_data.theta_mech
1775245140336,0,monitor_data.speed_ref
1775245140337,0,monitor_data.speed_ref
1775245140338,0,monitor_data.speed_ref
1775245140339,0,monitor_data.speed_ref
1775245140340,0,monitor_data.speed_ref
1775245140341,0,monitor_data.speed_ref
1775245140342,0,monitor_data.speed_ref
1775245140343,0,monitor_data.speed_ref
1775245140344,0,monitor_data.speed_ref
1775245140345,0,monitor_data.speed_ref
1775245140346,0,monitor_data.speed_ref
1775245140347,0,monitor_data.speed_ref
1775245140348,0,monitor_data.speed_ref
1775245140349,0,monitor_data.speed_ref
1775245140350,0,monitor_data.speed_ref
1775245140351,0,monitor_data.speed_ref
1775245140352,0,monitor_data.speed_ref
1775245140353,0,monitor_data.speed_ref
1775245140354,0,monitor_data.speed_ref
1775245140355,0,monitor_data.speed_ref
1775245140356,0,monitor_data.speed_ref
1775245140357,0,monitor_data.speed_ref
1775245140358,0,monitor_data.speed_ref
1775245140359,0,monitor_data.speed_ref
1775245140360,0,monitor_data.speed_ref
1775245140361,0,monitor_data.speed_ref
1775245140362,0,monitor_data.speed_ref
1775245140363,0,monitor_data.speed_ref
1775245140364,0,monitor_data.speed_ref
1775245140365,0,monitor_data.speed_ref
1775245140366,0,monitor_data.speed_ref
1775245140367,0,monitor_data.speed_ref
1775245140368,0,monitor_data.speed_ref
1775245140369,0,monitor_data.speed_ref
1775245140370,0,monitor_data.speed_ref
1775245140371,0,monitor_data.speed_ref
1775245140372,0,monitor_data.speed_ref
1775245140373,0,monitor_data.speed_ref
1775245140374,0,monitor_data.speed_ref
1775245140375,0,monitor_data.speed_ref
1775245140376,0,monitor_data.speed_ref
1775245140377,0,monitor_data.speed_ref
1775245140378,0,monitor_data.speed_ref
1775245140379,0,monitor_data.speed_ref
1775245140380,0,monitor_data.speed_ref
1775245140381,0,monitor_data.speed_ref
1775245140382,0,monitor_data.speed_ref
1775245140383,0,monitor_data.speed_ref
1775245140384,0,monitor_data.speed_ref
1775245140385,0,monitor_data.speed_ref
1775245140336,3.649723768234253,monitor_data.theta_mech
1775245140337,3.6501073837280273,monitor_data.theta_mech
1775245140338,3.649723768234253,monitor_data.theta_mech
1775245140339,3.650874376296997,monitor_data.theta_mech
1775245140340,3.6501073837280273,monitor_data.theta_mech
1775245140341,3.650874376296997,monitor_data.theta_mech
1775245140342,3.649723768234253,monitor_data.theta_mech
1775245140343,3.6493403911590576,monitor_data.theta_mech
1775245140344,3.6512577533721924,monitor_data.theta_mech
1775245140345,3.6501073837280273,monitor_data.theta_mech
1775245140346,3.6504907608032227,monitor_data.theta_mech
1775245140347,3.650874376296997,monitor_data.theta_mech
1775245140348,3.6504907608032227,monitor_data.theta_mech
1775245140349,3.649723768234253,monitor_data.theta_mech
1775245140350,3.6501073837280273,monitor_data.theta_mech
1775245140351,3.6504907608032227,monitor_data.theta_mech
1775245140352,3.649723768234253,monitor_data.theta_mech
1775245140353,3.6501073837280273,monitor_data.theta_mech
1775245140354,3.6493403911590576,monitor_data.theta_mech
1775245140355,3.6512577533721924,monitor_data.theta_mech
1775245140356,3.649723768234253,monitor_data.theta_mech
1775245140357,3.648573398590088,monitor_data.theta_mech
1775245140358,3.6504907608032227,monitor_data.theta_mech
1775245140359,3.6504907608032227,monitor_data.theta_mech
1775245140360,3.649723768234253,monitor_data.theta_mech
1775245140361,3.6504907608032227,monitor_data.theta_mech
1775245140362,3.6504907608032227,monitor_data.theta_mech
1775245140363,3.6504907608032227,monitor_data.theta_mech
1775245140364,3.6501073837280273,monitor_data.theta_mech
1775245140365,3.649723768234253,monitor_data.theta_mech
1775245140366,3.649723768234253,monitor_data.theta_mech
1775245140367,3.649723768234253,monitor_data.theta_mech
1775245140368,3.6501073837280273,monitor_data.theta_mech
1775245140369,3.6512577533721924,monitor_data.theta_mech
1775245140370,3.6504907608032227,monitor_data.theta_mech
1775245140371,3.6501073837280273,monitor_data.theta_mech
1775245140372,3.648956775665283,monitor_data.theta_mech
1775245140373,3.6504907608032227,monitor_data.theta_mech
1775245140374,3.649723768234253,monitor_data.theta_mech
1775245140375,3.6504907608032227,monitor_data.theta_mech
1775245140376,3.6501073837280273,monitor_data.theta_mech
1775245140377,3.650874376296997,monitor_data.theta_mech
1775245140378,3.650874376296997,monitor_data.theta_mech
1775245140379,3.6501073837280273,monitor_data.theta_mech
1775245140380,3.649723768234253,monitor_data.theta_mech
1775245140381,3.6501073837280273,monitor_data.theta_mech
1775245140382,3.6493403911590576,monitor_data.theta_mech
1775245140383,3.649723768234253,monitor_data.theta_mech
1775245140384,3.6504907608032227,monitor_data.theta_mech
1775245140385,3.6501073837280273,monitor_data.theta_mech
1775245140386,0,monitor_data.speed_ref
1775245140387,0,monitor_data.speed_ref
1775245140388,0,monitor_data.speed_ref
1775245140389,0,monitor_data.speed_ref
1775245140390,0,monitor_data.speed_ref
1775245140391,0,monitor_data.speed_ref
1775245140392,0,monitor_data.speed_ref
1775245140393,0,monitor_data.speed_ref
1775245140394,0,monitor_data.speed_ref
1775245140395,0,monitor_data.speed_ref
1775245140396,0,monitor_data.speed_ref
1775245140397,0,monitor_data.speed_ref
1775245140398,0,monitor_data.speed_ref
1775245140399,0,monitor_data.speed_ref
1775245140400,0,monitor_data.speed_ref
1775245140401,0,monitor_data.speed_ref
1775245140402,0,monitor_data.speed_ref
1775245140403,0,monitor_data.speed_ref
1775245140404,0,monitor_data.speed_ref
1775245140405,0,monitor_data.speed_ref
1775245140406,0,monitor_data.speed_ref
1775245140407,0,monitor_data.speed_ref
1775245140408,0,monitor_data.speed_ref
1775245140409,0,monitor_data.speed_ref
1775245140410,0,monitor_data.speed_ref
1775245140411,0,monitor_data.speed_ref
1775245140412,0,monitor_data.speed_ref
1775245140413,0,monitor_data.speed_ref
1775245140414,0,monitor_data.speed_ref
1775245140415,0,monitor_data.speed_ref
1775245140416,0,monitor_data.speed_ref
1775245140417,0,monitor_data.speed_ref
1775245140418,0,monitor_data.speed_ref
1775245140419,0,monitor_data.speed_ref
1775245140420,0,monitor_data.speed_ref
1775245140421,0,monitor_data.speed_ref
1775245140422,0,monitor_data.speed_ref
1775245140423,0,monitor_data.speed_ref
1775245140424,0,monitor_data.speed_ref
1775245140425,0,monitor_data.speed_ref
1775245140426,0,monitor_data.speed_ref
1775245140427,0,monitor_data.speed_ref
1775245140428,0,monitor_data.speed_ref
1775245140429,0,monitor_data.speed_ref
1775245140430,0,monitor_data.speed_ref
1775245140431,0,monitor_data.speed_ref
1775245140432,0,monitor_data.speed_ref
1775245140433,0,monitor_data.speed_ref
1775245140434,0,monitor_data.speed_ref
1775245140435,0,monitor_data.speed_ref
1775245140386,3.649723768234253,monitor_data.theta_mech
1775245140387,3.6501073837280273,monitor_data.theta_mech
1775245140388,3.6501073837280273,monitor_data.theta_mech
1775245140389,3.6504907608032227,monitor_data.theta_mech
1775245140390,3.6504907608032227,monitor_data.theta_mech
1775245140391,3.6493403911590576,monitor_data.theta_mech
1775245140392,3.6504907608032227,monitor_data.theta_mech
1775245140393,3.6504907608032227,monitor_data.theta_mech
1775245140394,3.6501073837280273,monitor_data.theta_mech
1775245140395,3.648956775665283,monitor_data.theta_mech
1775245140396,3.6504907608032227,monitor_data.theta_mech
1775245140397,3.650874376296997,monitor_data.theta_mech
1775245140398,3.6501073837280273,monitor_data.theta_mech
1775245140399,3.6501073837280273,monitor_data.theta_mech
1775245140400,3.6501073837280273,monitor_data.theta_mech
1775245140401,3.6504907608032227,monitor_data.theta_mech
1775245140402,3.6504907608032227,monitor_data.theta_mech
1775245140403,3.649723768234253,monitor_data.theta_mech
1775245140404,3.6512577533721924,monitor_data.theta_mech
1775245140405,3.6493403911590576,monitor_data.theta_mech
1775245140406,3.649723768234253,monitor_data.theta_mech
1775245140407,3.6501073837280273,monitor_data.theta_mech
1775245140408,3.6504907608032227,monitor_data.theta_mech
1775245140409,3.649723768234253,monitor_data.theta_mech
1775245140410,3.649723768234253,monitor_data.theta_mech
1775245140411,3.648956775665283,monitor_data.theta_mech
1775245140412,3.649723768234253,monitor_data.theta_mech
1775245140413,3.6501073837280273,monitor_data.theta_mech
1775245140414,3.649723768234253,monitor_data.theta_mech
1775245140415,3.6493403911590576,monitor_data.theta_mech
1775245140416,3.649723768234253,monitor_data.theta_mech
1775245140417,3.6504907608032227,monitor_data.theta_mech
1775245140418,3.6504907608032227,monitor_data.theta_mech
1775245140419,3.649723768234253,monitor_data.theta_mech
1775245140420,3.6501073837280273,monitor_data.theta_mech
1775245140421,3.6512577533721924,monitor_data.theta_mech
1775245140422,3.6501073837280273,monitor_data.theta_mech
1775245140423,3.6501073837280273,monitor_data.theta_mech
1775245140424,3.6504907608032227,monitor_data.theta_mech
1775245140425,3.6493403911590576,monitor_data.theta_mech
1775245140426,3.649723768234253,monitor_data.theta_mech
1775245140427,3.6493403911590576,monitor_data.theta_mech
1775245140428,3.6493403911590576,monitor_data.theta_mech
1775245140429,3.649723768234253,monitor_data.theta_mech
1775245140430,3.650874376296997,monitor_data.theta_mech
1775245140431,3.649723768234253,monitor_data.theta_mech
1775245140432,3.6504907608032227,monitor_data.theta_mech
1775245140433,3.6504907608032227,monitor_data.theta_mech
1775245140434,3.6504907608032227,monitor_data.theta_mech
1775245140435,3.6504907608032227,monitor_data.theta_mech
1775245140436,0,monitor_data.speed_ref
1775245140437,0,monitor_data.speed_ref
1775245140438,0,monitor_data.speed_ref
1775245140439,0,monitor_data.speed_ref
1775245140440,0,monitor_data.speed_ref
1775245140441,0,monitor_data.speed_ref
1775245140442,0,monitor_data.speed_ref
1775245140443,0,monitor_data.speed_ref
1775245140444,0,monitor_data.speed_ref
1775245140445,0,monitor_data.speed_ref
1775245140446,0,monitor_data.speed_ref
1775245140447,0,monitor_data.speed_ref
1775245140448,0,monitor_data.speed_ref
1775245140449,0,monitor_data.speed_ref
1775245140450,0,monitor_data.speed_ref
1775245140451,0,monitor_data.speed_ref
1775245140452,0,monitor_data.speed_ref
1775245140453,0,monitor_data.speed_ref
1775245140454,0,monitor_data.speed_ref
1775245140455,0,monitor_data.speed_ref
1775245140456,0,monitor_data.speed_ref
1775245140457,0,monitor_data.speed_ref
1775245140458,0,monitor_data.speed_ref
1775245140459,0,monitor_data.speed_ref
1775245140460,0,monitor_data.speed_ref
1775245140461,0,monitor_data.speed_ref
1775245140462,0,monitor_data.speed_ref
1775245140463,0,monitor_data.speed_ref
1775245140464,0,monitor_data.speed_ref
1775245140465,0,monitor_data.speed_ref
1775245140466,0,monitor_data.speed_ref
1775245140467,0,monitor_data.speed_ref
1775245140468,0,monitor_data.speed_ref
1775245140469,0,monitor_data.speed_ref
1775245140470,0,monitor_data.speed_ref
1775245140471,0,monitor_data.speed_ref
1775245140472,0,monitor_data.speed_ref
1775245140473,0,monitor_data.speed_ref
1775245140474,0,monitor_data.speed_ref
1775245140475,0,monitor_data.speed_ref
1775245140476,0,monitor_data.speed_ref
1775245140477,0,monitor_data.speed_ref
1775245140478,0,monitor_data.speed_ref
1775245140479,0,monitor_data.speed_ref
1775245140480,0,monitor_data.speed_ref
1775245140481,0,monitor_data.speed_ref
1775245140482,0,monitor_data.speed_ref
1775245140483,0,monitor_data.speed_ref
1775245140484,0,monitor_data.speed_ref
1775245140485,0,monitor_data.speed_ref
1775245140436,3.6493403911590576,monitor_data.theta_mech
1775245140437,3.649723768234253,monitor_data.theta_mech
1775245140438,3.648956775665283,monitor_data.theta_mech
1775245140439,3.6501073837280273,monitor_data.theta_mech
1775245140440,3.649723768234253,monitor_data.theta_mech
1775245140441,3.649723768234253,monitor_data.theta_mech
1775245140442,3.649723768234253,monitor_data.theta_mech
1775245140443,3.6512577533721924,monitor_data.theta_mech
1775245140444,3.6501073837280273,monitor_data.theta_mech
1775245140445,3.650874376296997,monitor_data.theta_mech
1775245140446,3.649723768234253,monitor_data.theta_mech
1775245140447,3.649723768234253,monitor_data.theta_mech
1775245140448,3.6501073837280273,monitor_data.theta_mech
1775245140449,3.650874376296997,monitor_data.theta_mech
1775245140450,3.649723768234253,monitor_data.theta_mech
1775245140451,3.6504907608032227,monitor_data.theta_mech
1775245140452,3.6501073837280273,monitor_data.theta_mech
1775245140453,3.6504907608032227,monitor_data.theta_mech
1775245140454,3.650874376296997,monitor_data.theta_mech
1775245140455,3.6501073837280273,monitor_data.theta_mech
1775245140456,3.6501073837280273,monitor_data.theta_mech
1775245140457,3.649723768234253,monitor_data.theta_mech
1775245140458,3.648956775665283,monitor_data.theta_mech
1775245140459,3.649723768234253,monitor_data.theta_mech
1775245140460,3.648956775665283,monitor_data.theta_mech
1775245140461,3.6504907608032227,monitor_data.theta_mech
1775245140462,3.6504907608032227,monitor_data.theta_mech
1775245140463,3.6501073837280273,monitor_data.theta_mech
1775245140464,3.6501073837280273,monitor_data.theta_mech
1775245140465,3.6501073837280273,monitor_data.theta_mech
1775245140466,3.649723768234253,monitor_data.theta_mech
1775245140467,3.649723768234253,monitor_data.theta_mech
1775245140468,3.649723768234253,monitor_data.theta_mech
1775245140469,3.649723768234253,monitor_data.theta_mech
1775245140470,3.6504907608032227,monitor_data.theta_mech
1775245140471,3.6512577533721924,monitor_data.theta_mech
1775245140472,3.649723768234253,monitor_data.theta_mech
1775245140473,3.6504907608032227,monitor_data.theta_mech
1775245140474,3.6504907608032227,monitor_data.theta_mech
1775245140475,3.650874376296997,monitor_data.theta_mech
1775245140476,3.6501073837280273,monitor_data.theta_mech
1775245140477,3.650874376296997,monitor_data.theta_mech
1775245140478,3.6504907608032227,monitor_data.theta_mech
1775245140479,3.6501073837280273,monitor_data.theta_mech
1775245140480,3.6504907608032227,monitor_data.theta_mech
1775245140481,3.649723768234253,monitor_data.theta_mech
1775245140482,3.6501073837280273,monitor_data.theta_mech
1775245140483,3.6504907608032227,monitor_data.theta_mech
1775245140484,3.650874376296997,monitor_data.theta_mech
1775245140485,3.6493403911590576,monitor_data.theta_mech
1775245140486,0,monitor_data.speed_ref
1775245140487,0,monitor_data.speed_ref
1775245140488,0,monitor_data.speed_ref
1775245140489,0,monitor_data.speed_ref
1775245140490,0,monitor_data.speed_ref
1775245140491,0,monitor_data.speed_ref
1775245140492,0,monitor_data.speed_ref
1775245140493,0,monitor_data.speed_ref
1775245140494,0,monitor_data.speed_ref
1775245140495,0,monitor_data.speed_ref
1775245140496,0,monitor_data.speed_ref
1775245140497,0,monitor_data.speed_ref
1775245140498,0,monitor_data.speed_ref
1775245140499,0,monitor_data.speed_ref
1775245140500,0,monitor_data.speed_ref
1775245140501,0,monitor_data.speed_ref
1775245140502,0,monitor_data.speed_ref
1775245140503,0,monitor_data.speed_ref
1775245140504,0,monitor_data.speed_ref
1775245140505,0,monitor_data.speed_ref
1775245140506,0,monitor_data.speed_ref
1775245140507,0,monitor_data.speed_ref
1775245140508,0,monitor_data.speed_ref
1775245140509,0,monitor_data.speed_ref
1775245140510,0,monitor_data.speed_ref
1775245140511,0,monitor_data.speed_ref
1775245140512,0,monitor_data.speed_ref
1775245140513,0,monitor_data.speed_ref
1775245140514,0,monitor_data.speed_ref
1775245140515,0,monitor_data.speed_ref
1775245140516,0,monitor_data.speed_ref
1775245140517,0,monitor_data.speed_ref
1775245140518,0,monitor_data.speed_ref
1775245140519,0,monitor_data.speed_ref
1775245140520,0,monitor_data.speed_ref
1775245140521,0,monitor_data.speed_ref
1775245140522,0,monitor_data.speed_ref
1775245140523,0,monitor_data.speed_ref
1775245140524,0,monitor_data.speed_ref
1775245140525,0,monitor_data.speed_ref
1775245140526,0,monitor_data.speed_ref
1775245140527,0,monitor_data.speed_ref
1775245140528,0,monitor_data.speed_ref
1775245140529,0,monitor_data.speed_ref
1775245140530,0,monitor_data.speed_ref
1775245140531,0,monitor_data.speed_ref
1775245140532,0,monitor_data.speed_ref
1775245140533,0,monitor_data.speed_ref
1775245140534,0,monitor_data.speed_ref
1775245140486,3.649723768234253,monitor_data.theta_mech
1775245140487,3.649723768234253,monitor_data.theta_mech
1775245140488,3.6501073837280273,monitor_data.theta_mech
1775245140489,3.6501073837280273,monitor_data.theta_mech
1775245140490,3.6501073837280273,monitor_data.theta_mech
1775245140491,3.649723768234253,monitor_data.theta_mech
1775245140492,3.649723768234253,monitor_data.theta_mech
1775245140493,3.6493403911590576,monitor_data.theta_mech
1775245140494,3.6501073837280273,monitor_data.theta_mech
1775245140495,3.649723768234253,monitor_data.theta_mech
1775245140496,3.6501073837280273,monitor_data.theta_mech
1775245140497,3.6504907608032227,monitor_data.theta_mech
1775245140498,3.6504907608032227,monitor_data.theta_mech
1775245140499,3.6501073837280273,monitor_data.theta_mech
1775245140500,3.6501073837280273,monitor_data.theta_mech
1775245140501,3.6501073837280273,monitor_data.theta_mech
1775245140502,3.6504907608032227,monitor_data.theta_mech
1775245140503,3.6501073837280273,monitor_data.theta_mech
1775245140504,3.649723768234253,monitor_data.theta_mech
1775245140505,3.649723768234253,monitor_data.theta_mech
1775245140506,3.6501073837280273,monitor_data.theta_mech
1775245140507,3.6512577533721924,monitor_data.theta_mech
1775245140508,3.6493403911590576,monitor_data.theta_mech
1775245140509,3.6501073837280273,monitor_data.theta_mech
1775245140510,3.6501073837280273,monitor_data.theta_mech
1775245140511,3.649723768234253,monitor_data.theta_mech
1775245140512,3.6501073837280273,monitor_data.theta_mech
1775245140513,3.6504907608032227,monitor_data.theta_mech
1775245140514,3.6493403911590576,monitor_data.theta_mech
1775245140515,3.6504907608032227,monitor_data.theta_mech
1775245140516,3.650874376296997,monitor_data.theta_mech
1775245140517,3.6493403911590576,monitor_data.theta_mech
1775245140518,3.651641368865967,monitor_data.theta_mech
1775245140519,3.649723768234253,monitor_data.theta_mech
1775245140520,3.649723768234253,monitor_data.theta_mech
1775245140521,3.6501073837280273,monitor_data.theta_mech
1775245140522,3.6493403911590576,monitor_data.theta_mech
1775245140523,3.649723768234253,monitor_data.theta_mech
1775245140524,3.649723768234253,monitor_data.theta_mech
1775245140525,3.649723768234253,monitor_data.theta_mech
1775245140526,3.649723768234253,monitor_data.theta_mech
1775245140527,3.6493403911590576,monitor_data.theta_mech
1775245140528,3.6501073837280273,monitor_data.theta_mech
1775245140529,3.6504907608032227,monitor_data.theta_mech
1775245140530,3.6501073837280273,monitor_data.theta_mech
1775245140531,3.650874376296997,monitor_data.theta_mech
1775245140532,3.649723768234253,monitor_data.theta_mech
1775245140533,3.6504907608032227,monitor_data.theta_mech
1775245140534,3.650874376296997,monitor_data.theta_mech
1775245140535,0,monitor_data.speed_ref
1775245140536,0,monitor_data.speed_ref
1775245140537,0,monitor_data.speed_ref
1775245140538,0,monitor_data.speed_ref
1775245140539,0,monitor_data.speed_ref
1775245140540,0,monitor_data.speed_ref
1775245140541,0,monitor_data.speed_ref
1775245140542,0,monitor_data.speed_ref
1775245140543,0,monitor_data.speed_ref
1775245140544,0,monitor_data.speed_ref
1775245140545,0,monitor_data.speed_ref
1775245140546,0,monitor_data.speed_ref
1775245140547,0,monitor_data.speed_ref
1775245140548,0,monitor_data.speed_ref
1775245140549,0,monitor_data.speed_ref
1775245140550,0,monitor_data.speed_ref
1775245140551,0,monitor_data.speed_ref
1775245140552,0,monitor_data.speed_ref
1775245140553,0,monitor_data.speed_ref
1775245140554,0,monitor_data.speed_ref
1775245140555,0,monitor_data.speed_ref
1775245140556,0,monitor_data.speed_ref
1775245140557,0,monitor_data.speed_ref
1775245140558,0,monitor_data.speed_ref
1775245140559,0,monitor_data.speed_ref
1775245140560,0,monitor_data.speed_ref
1775245140561,0,monitor_data.speed_ref
1775245140562,0,monitor_data.speed_ref
1775245140563,0,monitor_data.speed_ref
1775245140564,0,monitor_data.speed_ref
1775245140565,0,monitor_data.speed_ref
1775245140566,0,monitor_data.speed_ref
1775245140567,0,monitor_data.speed_ref
1775245140568,0,monitor_data.speed_ref
1775245140569,0,monitor_data.speed_ref
1775245140570,0,monitor_data.speed_ref
1775245140571,0,monitor_data.speed_ref
1775245140572,0,monitor_data.speed_ref
1775245140573,0,monitor_data.speed_ref
1775245140574,0,monitor_data.speed_ref
1775245140575,0,monitor_data.speed_ref
1775245140576,0,monitor_data.speed_ref
1775245140577,0,monitor_data.speed_ref
1775245140578,0,monitor_data.speed_ref
1775245140579,0,monitor_data.speed_ref
1775245140580,0,monitor_data.speed_ref
1775245140581,0,monitor_data.speed_ref
1775245140582,0,monitor_data.speed_ref
1775245140583,0,monitor_data.speed_ref
1775245140584,0,monitor_data.speed_ref
1775245140585,0,monitor_data.speed_ref
1775245140586,0,monitor_data.speed_ref
1775245140587,0,monitor_data.speed_ref
1775245140535,3.649723768234253,monitor_data.theta_mech
1775245140536,3.6493403911590576,monitor_data.theta_mech
1775245140537,3.649723768234253,monitor_data.theta_mech
1775245140538,3.6504907608032227,monitor_data.theta_mech
1775245140539,3.649723768234253,monitor_data.theta_mech
1775245140540,3.6501073837280273,monitor_data.theta_mech
1775245140541,3.6504907608032227,monitor_data.theta_mech
1775245140542,3.649723768234253,monitor_data.theta_mech
1775245140543,3.6504907608032227,monitor_data.theta_mech
1775245140544,3.649723768234253,monitor_data.theta_mech
1775245140545,3.6501073837280273,monitor_data.theta_mech
1775245140546,3.649723768234253,monitor_data.theta_mech
1775245140547,3.649723768234253,monitor_data.theta_mech
1775245140548,3.6504907608032227,monitor_data.theta_mech
1775245140549,3.648956775665283,monitor_data.theta_mech
1775245140550,3.6501073837280273,monitor_data.theta_mech
1775245140551,3.6504907608032227,monitor_data.theta_mech
1775245140552,3.6493403911590576,monitor_data.theta_mech
1775245140553,3.6501073837280273,monitor_data.theta_mech
1775245140554,3.6501073837280273,monitor_data.theta_mech
1775245140555,3.6504907608032227,monitor_data.theta_mech
1775245140556,3.6493403911590576,monitor_data.theta_mech
1775245140557,3.6493403911590576,monitor_data.theta_mech
1775245140558,3.6504907608032227,monitor_data.theta_mech
1775245140559,3.6512577533721924,monitor_data.theta_mech
1775245140560,3.6493403911590576,monitor_data.theta_mech
1775245140561,3.6493403911590576,monitor_data.theta_mech
1775245140562,3.6493403911590576,monitor_data.theta_mech
1775245140563,3.649723768234253,monitor_data.theta_mech
1775245140564,3.649723768234253,monitor_data.theta_mech
1775245140565,3.6501073837280273,monitor_data.theta_mech
1775245140566,3.650874376296997,monitor_data.theta_mech
1775245140567,3.6501073837280273,monitor_data.theta_mech
1775245140568,3.6504907608032227,monitor_data.theta_mech
1775245140569,3.6501073837280273,monitor_data.theta_mech
1775245140570,3.6501073837280273,monitor_data.theta_mech
1775245140571,3.649723768234253,monitor_data.theta_mech
1775245140572,3.650874376296997,monitor_data.theta_mech
1775245140573,3.649723768234253,monitor_data.theta_mech
1775245140574,3.650874376296997,monitor_data.theta_mech
1775245140575,3.6501073837280273,monitor_data.theta_mech
1775245140576,3.6493403911590576,monitor_data.theta_mech
1775245140577,3.6512577533721924,monitor_data.theta_mech
1775245140578,3.6504907608032227,monitor_data.theta_mech
1775245140579,3.6512577533721924,monitor_data.theta_mech
1775245140580,3.650874376296997,monitor_data.theta_mech
1775245140581,3.6501073837280273,monitor_data.theta_mech
1775245140582,3.6501073837280273,monitor_data.theta_mech
1775245140583,3.649723768234253,monitor_data.theta_mech
1775245140584,3.649723768234253,monitor_data.theta_mech
1775245140585,3.650874376296997,monitor_data.theta_mech
1775245140586,3.6504907608032227,monitor_data.theta_mech
1775245140587,3.6501073837280273,monitor_data.theta_mech
1775245140588,0,monitor_data.speed_ref
1775245140589,0,monitor_data.speed_ref
1775245140590,0,monitor_data.speed_ref
1775245140591,0,monitor_data.speed_ref
1775245140592,0,monitor_data.speed_ref
1775245140593,0,monitor_data.speed_ref
1775245140594,0,monitor_data.speed_ref
1775245140595,0,monitor_data.speed_ref
1775245140596,0,monitor_data.speed_ref
1775245140597,0,monitor_data.speed_ref
1775245140598,0,monitor_data.speed_ref
1775245140599,0,monitor_data.speed_ref
1775245140600,0,monitor_data.speed_ref
1775245140601,0,monitor_data.speed_ref
1775245140602,0,monitor_data.speed_ref
1775245140603,0,monitor_data.speed_ref
1775245140604,0,monitor_data.speed_ref
1775245140605,0,monitor_data.speed_ref
1775245140606,0,monitor_data.speed_ref
1775245140607,0,monitor_data.speed_ref
1775245140608,0,monitor_data.speed_ref
1775245140609,0,monitor_data.speed_ref
1775245140610,0,monitor_data.speed_ref
1775245140611,0,monitor_data.speed_ref
1775245140612,0,monitor_data.speed_ref
1775245140613,0,monitor_data.speed_ref
1775245140614,0,monitor_data.speed_ref
1775245140615,0,monitor_data.speed_ref
1775245140616,0,monitor_data.speed_ref
1775245140617,0,monitor_data.speed_ref
1775245140618,0,monitor_data.speed_ref
1775245140619,0,monitor_data.speed_ref
1775245140620,0,monitor_data.speed_ref
1775245140621,0,monitor_data.speed_ref
1775245140622,0,monitor_data.speed_ref
1775245140623,0,monitor_data.speed_ref
1775245140624,0,monitor_data.speed_ref
1775245140625,0,monitor_data.speed_ref
1775245140626,0,monitor_data.speed_ref
1775245140627,0,monitor_data.speed_ref
1775245140628,0,monitor_data.speed_ref
1775245140629,0,monitor_data.speed_ref
1775245140630,0,monitor_data.speed_ref
1775245140631,0,monitor_data.speed_ref
1775245140632,0,monitor_data.speed_ref
1775245140633,0,monitor_data.speed_ref
1775245140634,0,monitor_data.speed_ref
1775245140635,0,monitor_data.speed_ref
1775245140636,0,monitor_data.speed_ref
1775245140637,0,monitor_data.speed_ref
1775245140588,3.648956775665283,monitor_data.theta_mech
1775245140589,3.6501073837280273,monitor_data.theta_mech
1775245140590,3.6512577533721924,monitor_data.theta_mech
1775245140591,3.6504907608032227,monitor_data.theta_mech
1775245140592,3.649723768234253,monitor_data.theta_mech
1775245140593,3.6493403911590576,monitor_data.theta_mech
1775245140594,3.6504907608032227,monitor_data.theta_mech
1775245140595,3.6501073837280273,monitor_data.theta_mech
1775245140596,3.6493403911590576,monitor_data.theta_mech
1775245140597,3.6501073837280273,monitor_data.theta_mech
1775245140598,3.650874376296997,monitor_data.theta_mech
1775245140599,3.649723768234253,monitor_data.theta_mech
1775245140600,3.6504907608032227,monitor_data.theta_mech
1775245140601,3.648956775665283,monitor_data.theta_mech
1775245140602,3.649723768234253,monitor_data.theta_mech
1775245140603,3.649723768234253,monitor_data.theta_mech
1775245140604,3.649723768234253,monitor_data.theta_mech
1775245140605,3.6501073837280273,monitor_data.theta_mech
1775245140606,3.649723768234253,monitor_data.theta_mech
1775245140607,3.6504907608032227,monitor_data.theta_mech
1775245140608,3.6501073837280273,monitor_data.theta_mech
1775245140609,3.6504907608032227,monitor_data.theta_mech
1775245140610,3.649723768234253,monitor_data.theta_mech
1775245140611,3.6493403911590576,monitor_data.theta_mech
1775245140612,3.6504907608032227,monitor_data.theta_mech
1775245140613,3.650874376296997,monitor_data.theta_mech
1775245140614,3.6493403911590576,monitor_data.theta_mech
1775245140615,3.6501073837280273,monitor_data.theta_mech
1775245140616,3.6501073837280273,monitor_data.theta_mech
1775245140617,3.650874376296997,monitor_data.theta_mech
1775245140618,3.6501073837280273,monitor_data.theta_mech
1775245140619,3.6493403911590576,monitor_data.theta_mech
1775245140620,3.649723768234253,monitor_data.theta_mech
1775245140621,3.6501073837280273,monitor_data.theta_mech
1775245140622,3.6504907608032227,monitor_data.theta_mech
1775245140623,3.650874376296997,monitor_data.theta_mech
1775245140624,3.6501073837280273,monitor_data.theta_mech
1775245140625,3.650874376296997,monitor_data.theta_mech
1775245140626,3.6493403911590576,monitor_data.theta_mech
1775245140627,3.650874376296997,monitor_data.theta_mech
1775245140628,3.650874376296997,monitor_data.theta_mech
1775245140629,3.6501073837280273,monitor_data.theta_mech
1775245140630,3.650874376296997,monitor_data.theta_mech
1775245140631,3.6501073837280273,monitor_data.theta_mech
1775245140632,3.649723768234253,monitor_data.theta_mech
1775245140633,3.6501073837280273,monitor_data.theta_mech
1775245140634,3.649723768234253,monitor_data.theta_mech
1775245140635,3.6501073837280273,monitor_data.theta_mech
1775245140636,3.649723768234253,monitor_data.theta_mech
1775245140637,3.6501073837280273,monitor_data.theta_mech
1775245140638,0,monitor_data.speed_ref
1775245140639,0,monitor_data.speed_ref
1775245140640,0,monitor_data.speed_ref
1775245140641,0,monitor_data.speed_ref
1775245140642,0,monitor_data.speed_ref
1775245140643,0,monitor_data.speed_ref
1775245140644,0,monitor_data.speed_ref
1775245140645,0,monitor_data.speed_ref
1775245140646,0,monitor_data.speed_ref
1775245140647,0,monitor_data.speed_ref
1775245140648,0,monitor_data.speed_ref
1775245140649,0,monitor_data.speed_ref
1775245140650,0,monitor_data.speed_ref
1775245140651,0,monitor_data.speed_ref
1775245140652,0,monitor_data.speed_ref
1775245140653,0,monitor_data.speed_ref
1775245140654,0,monitor_data.speed_ref
1775245140655,0,monitor_data.speed_ref
1775245140656,0,monitor_data.speed_ref
1775245140657,0,monitor_data.speed_ref
1775245140658,0,monitor_data.speed_ref
1775245140659,0,monitor_data.speed_ref
1775245140660,0,monitor_data.speed_ref
1775245140661,0,monitor_data.speed_ref
1775245140662,0,monitor_data.speed_ref
1775245140663,0,monitor_data.speed_ref
1775245140664,0,monitor_data.speed_ref
1775245140665,0,monitor_data.speed_ref
1775245140666,0,monitor_data.speed_ref
1775245140667,0,monitor_data.speed_ref
1775245140668,0,monitor_data.speed_ref
1775245140669,0,monitor_data.speed_ref
1775245140670,0,monitor_data.speed_ref
1775245140671,0,monitor_data.speed_ref
1775245140672,0,monitor_data.speed_ref
1775245140673,0,monitor_data.speed_ref
1775245140674,0,monitor_data.speed_ref
1775245140675,0,monitor_data.speed_ref
1775245140676,0,monitor_data.speed_ref
1775245140677,0,monitor_data.speed_ref
1775245140678,0,monitor_data.speed_ref
1775245140679,0,monitor_data.speed_ref
1775245140680,0,monitor_data.speed_ref
1775245140681,0,monitor_data.speed_ref
1775245140682,0,monitor_data.speed_ref
1775245140683,0,monitor_data.speed_ref
1775245140684,0,monitor_data.speed_ref
1775245140685,0,monitor_data.speed_ref
1775245140686,0,monitor_data.speed_ref
1775245140687,0,monitor_data.speed_ref
1775245140638,3.6501073837280273,monitor_data.theta_mech
1775245140639,3.649723768234253,monitor_data.theta_mech
1775245140640,3.650874376296997,monitor_data.theta_mech
1775245140641,3.6504907608032227,monitor_data.theta_mech
1775245140642,3.6493403911590576,monitor_data.theta_mech
1775245140643,3.649723768234253,monitor_data.theta_mech
1775245140644,3.6504907608032227,monitor_data.theta_mech
1775245140645,3.6501073837280273,monitor_data.theta_mech
1775245140646,3.649723768234253,monitor_data.theta_mech
1775245140647,3.649723768234253,monitor_data.theta_mech
1775245140648,3.6501073837280273,monitor_data.theta_mech
1775245140649,3.649723768234253,monitor_data.theta_mech
1775245140650,3.6512577533721924,monitor_data.theta_mech
1775245140651,3.6493403911590576,monitor_data.theta_mech
1775245140652,3.6493403911590576,monitor_data.theta_mech
1775245140653,3.6504907608032227,monitor_data.theta_mech
1775245140654,3.6504907608032227,monitor_data.theta_mech
1775245140655,3.649723768234253,monitor_data.theta_mech
1775245140656,3.649723768234253,monitor_data.theta_mech
1775245140657,3.6493403911590576,monitor_data.theta_mech
1775245140658,3.649723768234253,monitor_data.theta_mech
1775245140659,3.649723768234253,monitor_data.theta_mech
1775245140660,3.649723768234253,monitor_data.theta_mech
1775245140661,3.6493403911590576,monitor_data.theta_mech
1775245140662,3.649723768234253,monitor_data.theta_mech
1775245140663,3.6504907608032227,monitor_data.theta_mech
1775245140664,3.6504907608032227,monitor_data.theta_mech
1775245140665,3.650874376296997,monitor_data.theta_mech
1775245140666,3.649723768234253,monitor_data.theta_mech
1775245140667,3.6501073837280273,monitor_data.theta_mech
1775245140668,3.650874376296997,monitor_data.theta_mech
1775245140669,3.6501073837280273,monitor_data.theta_mech
1775245140670,3.6493403911590576,monitor_data.theta_mech
1775245140671,3.6504907608032227,monitor_data.theta_mech
1775245140672,3.6504907608032227,monitor_data.theta_mech
1775245140673,3.649723768234253,monitor_data.theta_mech
1775245140674,3.6493403911590576,monitor_data.theta_mech
1775245140675,3.650874376296997,monitor_data.theta_mech
1775245140676,3.6501073837280273,monitor_data.theta_mech
1775245140677,3.6504907608032227,monitor_data.theta_mech
1775245140678,3.6493403911590576,monitor_data.theta_mech
1775245140679,3.649723768234253,monitor_data.theta_mech
1775245140680,3.649723768234253,monitor_data.theta_mech
1775245140681,3.6493403911590576,monitor_data.theta_mech
1775245140682,3.649723768234253,monitor_data.theta_mech
1775245140683,3.649723768234253,monitor_data.theta_mech
1775245140684,3.650874376296997,monitor_data.theta_mech
1775245140685,3.6501073837280273,monitor_data.theta_mech
1775245140686,3.6493403911590576,monitor_data.theta_mech
1775245140687,3.650874376296997,monitor_data.theta_mech
1775245140688,0,monitor_data.speed_ref
1775245140689,0,monitor_data.speed_ref
1775245140690,0,monitor_data.speed_ref
1775245140691,0,monitor_data.speed_ref
1775245140692,0,monitor_data.speed_ref
1775245140693,0,monitor_data.speed_ref
1775245140694,0,monitor_data.speed_ref
1775245140695,0,monitor_data.speed_ref
1775245140696,0,monitor_data.speed_ref
1775245140697,0,monitor_data.speed_ref
1775245140698,0,monitor_data.speed_ref
1775245140699,0,monitor_data.speed_ref
1775245140700,0,monitor_data.speed_ref
1775245140701,0,monitor_data.speed_ref
1775245140702,0,monitor_data.speed_ref
1775245140703,0,monitor_data.speed_ref
1775245140704,0,monitor_data.speed_ref
1775245140705,0,monitor_data.speed_ref
1775245140706,0,monitor_data.speed_ref
1775245140707,0,monitor_data.speed_ref
1775245140708,0,monitor_data.speed_ref
1775245140709,0,monitor_data.speed_ref
1775245140710,0,monitor_data.speed_ref
1775245140711,0,monitor_data.speed_ref
1775245140712,0,monitor_data.speed_ref
1775245140713,0,monitor_data.speed_ref
1775245140714,0,monitor_data.speed_ref
1775245140715,0,monitor_data.speed_ref
1775245140716,0,monitor_data.speed_ref
1775245140717,0,monitor_data.speed_ref
1775245140718,0,monitor_data.speed_ref
1775245140719,0,monitor_data.speed_ref
1775245140720,0,monitor_data.speed_ref
1775245140721,0,monitor_data.speed_ref
1775245140722,0,monitor_data.speed_ref
1775245140723,0,monitor_data.speed_ref
1775245140724,0,monitor_data.speed_ref
1775245140725,0,monitor_data.speed_ref
1775245140726,0,monitor_data.speed_ref
1775245140727,0,monitor_data.speed_ref
1775245140728,0,monitor_data.speed_ref
1775245140729,0,monitor_data.speed_ref
1775245140730,0,monitor_data.speed_ref
1775245140731,0,monitor_data.speed_ref
1775245140732,0,monitor_data.speed_ref
1775245140733,0,monitor_data.speed_ref
1775245140734,0,monitor_data.speed_ref
1775245140735,0,monitor_data.speed_ref
1775245140736,0,monitor_data.speed_ref
1775245140737,0,monitor_data.speed_ref
1775245140688,3.6501073837280273,monitor_data.theta_mech
1775245140689,3.6501073837280273,monitor_data.theta_mech
1775245140690,3.649723768234253,monitor_data.theta_mech
1775245140691,3.6504907608032227,monitor_data.theta_mech
1775245140692,3.6501073837280273,monitor_data.theta_mech
1775245140693,3.649723768234253,monitor_data.theta_mech
1775245140694,3.649723768234253,monitor_data.theta_mech
1775245140695,3.6504907608032227,monitor_data.theta_mech
1775245140696,3.6504907608032227,monitor_data.theta_mech
1775245140697,3.650874376296997,monitor_data.theta_mech
1775245140698,3.6493403911590576,monitor_data.theta_mech
1775245140699,3.650874376296997,monitor_data.theta_mech
1775245140700,3.6504907608032227,monitor_data.theta_mech
1775245140701,3.6504907608032227,monitor_data.theta_mech
1775245140702,3.6504907608032227,monitor_data.theta_mech
1775245140703,3.649723768234253,monitor_data.theta_mech
1775245140704,3.648956775665283,monitor_data.theta_mech
1775245140705,3.649723768234253,monitor_data.theta_mech
1775245140706,3.6504907608032227,monitor_data.theta_mech
1775245140707,3.650874376296997,monitor_data.theta_mech
1775245140708,3.6504907608032227,monitor_data.theta_mech
1775245140709,3.6493403911590576,monitor_data.theta_mech
1775245140710,3.6504907608032227,monitor_data.theta_mech
1775245140711,3.6501073837280273,monitor_data.theta_mech
1775245140712,3.648956775665283,monitor_data.theta_mech
1775245140713,3.650874376296997,monitor_data.theta_mech
1775245140714,3.649723768234253,monitor_data.theta_mech
1775245140715,3.6501073837280273,monitor_data.theta_mech
1775245140716,3.6504907608032227,monitor_data.theta_mech
1775245140717,3.6501073837280273,monitor_data.theta_mech
1775245140718,3.6501073837280273,monitor_data.theta_mech
1775245140719,3.649723768234253,monitor_data.theta_mech
1775245140720,3.6504907608032227,monitor_data.theta_mech
1775245140721,3.6504907608032227,monitor_data.theta_mech
1775245140722,3.650874376296997,monitor_data.theta_mech
1775245140723,3.649723768234253,monitor_data.theta_mech
1775245140724,3.6501073837280273,monitor_data.theta_mech
1775245140725,3.6504907608032227,monitor_data.theta_mech
1775245140726,3.6501073837280273,monitor_data.theta_mech
1775245140727,3.6504907608032227,monitor_data.theta_mech
1775245140728,3.650874376296997,monitor_data.theta_mech
1775245140729,3.649723768234253,monitor_data.theta_mech
1775245140730,3.6493403911590576,monitor_data.theta_mech
1775245140731,3.6493403911590576,monitor_data.theta_mech
1775245140732,3.649723768234253,monitor_data.theta_mech
1775245140733,3.649723768234253,monitor_data.theta_mech
1775245140734,3.649723768234253,monitor_data.theta_mech
1775245140735,3.6504907608032227,monitor_data.theta_mech
1775245140736,3.650874376296997,monitor_data.theta_mech
1775245140737,3.6501073837280273,monitor_data.theta_mech
1775245140738,0,monitor_data.speed_ref
1775245140739,0,monitor_data.speed_ref
1775245140740,0,monitor_data.speed_ref
1775245140741,0,monitor_data.speed_ref
1775245140742,0,monitor_data.speed_ref
1775245140743,0,monitor_data.speed_ref
1775245140744,0,monitor_data.speed_ref
1775245140745,0,monitor_data.speed_ref
1775245140746,0,monitor_data.speed_ref
1775245140747,0,monitor_data.speed_ref
1775245140748,0,monitor_data.speed_ref
1775245140749,0,monitor_data.speed_ref
1775245140750,0,monitor_data.speed_ref
1775245140751,0,monitor_data.speed_ref
1775245140752,0,monitor_data.speed_ref
1775245140753,0,monitor_data.speed_ref
1775245140754,0,monitor_data.speed_ref
1775245140755,0,monitor_data.speed_ref
1775245140756,0,monitor_data.speed_ref
1775245140757,0,monitor_data.speed_ref
1775245140758,0,monitor_data.speed_ref
1775245140759,0,monitor_data.speed_ref
1775245140760,0,monitor_data.speed_ref
1775245140761,0,monitor_data.speed_ref
1775245140762,0,monitor_data.speed_ref
1775245140763,0,monitor_data.speed_ref
1775245140764,0,monitor_data.speed_ref
1775245140765,0,monitor_data.speed_ref
1775245140766,0,monitor_data.speed_ref
1775245140767,0,monitor_data.speed_ref
1775245140768,0,monitor_data.speed_ref
1775245140769,0,monitor_data.speed_ref
1775245140770,0,monitor_data.speed_ref
1775245140771,0,monitor_data.speed_ref
1775245140772,0,monitor_data.speed_ref
1775245140773,0,monitor_data.speed_ref
1775245140774,0,monitor_data.speed_ref
1775245140775,0,monitor_data.speed_ref
1775245140776,0,monitor_data.speed_ref
1775245140777,0,monitor_data.speed_ref
1775245140778,0,monitor_data.speed_ref
1775245140779,0,monitor_data.speed_ref
1775245140780,0,monitor_data.speed_ref
1775245140781,0,monitor_data.speed_ref
1775245140782,0,monitor_data.speed_ref
1775245140783,0,monitor_data.speed_ref
1775245140784,0,monitor_data.speed_ref
1775245140785,0,monitor_data.speed_ref
1775245140786,0,monitor_data.speed_ref
1775245140787,0,monitor_data.speed_ref
1775245140738,3.650874376296997,monitor_data.theta_mech
1775245140739,3.6504907608032227,monitor_data.theta_mech
1775245140740,3.6501073837280273,monitor_data.theta_mech
1775245140741,3.6504907608032227,monitor_data.theta_mech
1775245140742,3.6512577533721924,monitor_data.theta_mech
1775245140743,3.649723768234253,monitor_data.theta_mech
1775245140744,3.6501073837280273,monitor_data.theta_mech
1775245140745,3.6504907608032227,monitor_data.theta_mech
1775245140746,3.6501073837280273,monitor_data.theta_mech
1775245140747,3.6512577533721924,monitor_data.theta_mech
1775245140748,3.6493403911590576,monitor_data.theta_mech
1775245140749,3.649723768234253,monitor_data.theta_mech
1775245140750,3.650874376296997,monitor_data.theta_mech
1775245140751,3.648956775665283,monitor_data.theta_mech
1775245140752,3.649723768234253,monitor_data.theta_mech
1775245140753,3.6504907608032227,monitor_data.theta_mech
1775245140754,3.6493403911590576,monitor_data.theta_mech
1775245140755,3.6501073837280273,monitor_data.theta_mech
1775245140756,3.649723768234253,monitor_data.theta_mech
1775245140757,3.649723768234253,monitor_data.theta_mech
1775245140758,3.6493403911590576,monitor_data.theta_mech
1775245140759,3.649723768234253,monitor_data.theta_mech
1775245140760,3.6501073837280273,monitor_data.theta_mech
1775245140761,3.6504907608032227,monitor_data.theta_mech
1775245140762,3.6512577533721924,monitor_data.theta_mech
1775245140763,3.6501073837280273,monitor_data.theta_mech
1775245140764,3.6504907608032227,monitor_data.theta_mech
1775245140765,3.6501073837280273,monitor_data.theta_mech
1775245140766,3.649723768234253,monitor_data.theta_mech
1775245140767,3.6501073837280273,monitor_data.theta_mech
1775245140768,3.6501073837280273,monitor_data.theta_mech
1775245140769,3.6501073837280273,monitor_data.theta_mech
1775245140770,3.649723768234253,monitor_data.theta_mech
1775245140771,3.6501073837280273,monitor_data.theta_mech
1775245140772,3.650874376296997,monitor_data.theta_mech
1775245140773,3.6512577533721924,monitor_data.theta_mech
1775245140774,3.6493403911590576,monitor_data.theta_mech
1775245140775,3.6493403911590576,monitor_data.theta_mech
1775245140776,3.6493403911590576,monitor_data.theta_mech
1775245140777,3.6501073837280273,monitor_data.theta_mech
1775245140778,3.6501073837280273,monitor_data.theta_mech
1775245140779,3.6504907608032227,monitor_data.theta_mech
1775245140780,3.6493403911590576,monitor_data.theta_mech
1775245140781,3.649723768234253,monitor_data.theta_mech
1775245140782,3.6501073837280273,monitor_data.theta_mech
1775245140783,3.649723768234253,monitor_data.theta_mech
1775245140784,3.6504907608032227,monitor_data.theta_mech
1775245140785,3.649723768234253,monitor_data.theta_mech
1775245140786,3.6493403911590576,monitor_data.theta_mech
1775245140787,3.6504907608032227,monitor_data.theta_mech
1775245140788,0,monitor_data.speed_ref
1775245140789,0,monitor_data.speed_ref
1775245140790,0,monitor_data.speed_ref
1775245140791,0,monitor_data.speed_ref
1775245140792,0,monitor_data.speed_ref
1775245140793,0,monitor_data.speed_ref
1775245140794,0,monitor_data.speed_ref
1775245140795,0,monitor_data.speed_ref
1775245140796,0,monitor_data.speed_ref
1775245140797,0,monitor_data.speed_ref
1775245140798,0,monitor_data.speed_ref
1775245140799,0,monitor_data.speed_ref
1775245140800,0,monitor_data.speed_ref
1775245140801,0,monitor_data.speed_ref
1775245140802,0,monitor_data.speed_ref
1775245140803,0,monitor_data.speed_ref
1775245140804,0,monitor_data.speed_ref
1775245140805,0,monitor_data.speed_ref
1775245140806,0,monitor_data.speed_ref
1775245140807,0,monitor_data.speed_ref
1775245140808,0,monitor_data.speed_ref
1775245140809,0,monitor_data.speed_ref
1775245140810,0,monitor_data.speed_ref
1775245140811,0,monitor_data.speed_ref
1775245140812,0,monitor_data.speed_ref
1775245140813,0,monitor_data.speed_ref
1775245140814,0,monitor_data.speed_ref
1775245140815,0,monitor_data.speed_ref
1775245140816,0,monitor_data.speed_ref
1775245140817,0,monitor_data.speed_ref
1775245140818,0,monitor_data.speed_ref
1775245140819,0,monitor_data.speed_ref
1775245140820,0,monitor_data.speed_ref
1775245140821,0,monitor_data.speed_ref
1775245140822,0,monitor_data.speed_ref
1775245140823,0,monitor_data.speed_ref
1775245140824,0,monitor_data.speed_ref
1775245140825,0,monitor_data.speed_ref
1775245140826,0,monitor_data.speed_ref
1775245140827,0,monitor_data.speed_ref
1775245140828,0,monitor_data.speed_ref
1775245140829,0,monitor_data.speed_ref
1775245140830,0,monitor_data.speed_ref
1775245140831,0,monitor_data.speed_ref
1775245140832,0,monitor_data.speed_ref
1775245140833,0,monitor_data.speed_ref
1775245140834,0,monitor_data.speed_ref
1775245140835,0,monitor_data.speed_ref
1775245140836,0,monitor_data.speed_ref
1775245140837,0,monitor_data.speed_ref
1775245140788,3.648956775665283,monitor_data.theta_mech
1775245140789,3.6504907608032227,monitor_data.theta_mech
1775245140790,3.650874376296997,monitor_data.theta_mech
1775245140791,3.649723768234253,monitor_data.theta_mech
1775245140792,3.6501073837280273,monitor_data.theta_mech
1775245140793,3.649723768234253,monitor_data.theta_mech
1775245140794,3.6504907608032227,monitor_data.theta_mech
1775245140795,3.6501073837280273,monitor_data.theta_mech
1775245140796,3.649723768234253,monitor_data.theta_mech
1775245140797,3.6493403911590576,monitor_data.theta_mech
1775245140798,3.6493403911590576,monitor_data.theta_mech
1775245140799,3.649723768234253,monitor_data.theta_mech
1775245140800,3.649723768234253,monitor_data.theta_mech
1775245140801,3.649723768234253,monitor_data.theta_mech
1775245140802,3.648956775665283,monitor_data.theta_mech
1775245140803,3.649723768234253,monitor_data.theta_mech
1775245140804,3.6493403911590576,monitor_data.theta_mech
1775245140805,3.6501073837280273,monitor_data.theta_mech
1775245140806,3.648956775665283,monitor_data.theta_mech
1775245140807,3.650874376296997,monitor_data.theta_mech
1775245140808,3.6501073837280273,monitor_data.theta_mech
1775245140809,3.650874376296997,monitor_data.theta_mech
1775245140810,3.6493403911590576,monitor_data.theta_mech
1775245140811,3.6501073837280273,monitor_data.theta_mech
1775245140812,3.6501073837280273,monitor_data.theta_mech
1775245140813,3.6512577533721924,monitor_data.theta_mech
1775245140814,3.6504907608032227,monitor_data.theta_mech
1775245140815,3.6501073837280273,monitor_data.theta_mech
1775245140816,3.6501073837280273,monitor_data.theta_mech
1775245140817,3.6501073837280273,monitor_data.theta_mech
1775245140818,3.6501073837280273,monitor_data.theta_mech
1775245140819,3.6493403911590576,monitor_data.theta_mech
1775245140820,3.6504907608032227,monitor_data.theta_mech
1775245140821,3.649723768234253,monitor_data.theta_mech
1775245140822,3.648956775665283,monitor_data.theta_mech
1775245140823,3.6493403911590576,monitor_data.theta_mech
1775245140824,3.649723768234253,monitor_data.theta_mech
1775245140825,3.649723768234253,monitor_data.theta_mech
1775245140826,3.6504907608032227,monitor_data.theta_mech
1775245140827,3.6504907608032227,monitor_data.theta_mech
1775245140828,3.6504907608032227,monitor_data.theta_mech
1775245140829,3.650874376296997,monitor_data.theta_mech
1775245140830,3.649723768234253,monitor_data.theta_mech
1775245140831,3.6501073837280273,monitor_data.theta_mech
1775245140832,3.649723768234253,monitor_data.theta_mech
1775245140833,3.650874376296997,monitor_data.theta_mech
1775245140834,3.649723768234253,monitor_data.theta_mech
1775245140835,3.6493403911590576,monitor_data.theta_mech
1775245140836,3.6493403911590576,monitor_data.theta_mech
1775245140837,3.6504907608032227,monitor_data.theta_mech
1775245140838,0,monitor_data.speed_ref
1775245140839,0,monitor_data.speed_ref
1775245140840,0,monitor_data.speed_ref
1775245140841,0,monitor_data.speed_ref
1775245140842,0,monitor_data.speed_ref
1775245140843,0,monitor_data.speed_ref
1775245140844,0,monitor_data.speed_ref
1775245140845,0,monitor_data.speed_ref
1775245140846,0,monitor_data.speed_ref
1775245140847,0,monitor_data.speed_ref
1775245140848,0,monitor_data.speed_ref
1775245140849,0,monitor_data.speed_ref
1775245140850,0,monitor_data.speed_ref
1775245140851,0,monitor_data.speed_ref
1775245140852,0,monitor_data.speed_ref
1775245140853,0,monitor_data.speed_ref
1775245140854,0,monitor_data.speed_ref
1775245140855,0,monitor_data.speed_ref
1775245140856,0,monitor_data.speed_ref
1775245140857,0,monitor_data.speed_ref
1775245140858,0,monitor_data.speed_ref
1775245140859,0,monitor_data.speed_ref
1775245140860,0,monitor_data.speed_ref
1775245140861,0,monitor_data.speed_ref
1775245140862,0,monitor_data.speed_ref
1775245140863,0,monitor_data.speed_ref
1775245140864,0,monitor_data.speed_ref
1775245140865,0,monitor_data.speed_ref
1775245140866,0,monitor_data.speed_ref
1775245140867,0,monitor_data.speed_ref
1775245140868,0,monitor_data.speed_ref
1775245140869,0,monitor_data.speed_ref
1775245140870,0,monitor_data.speed_ref
1775245140871,0,monitor_data.speed_ref
1775245140872,0,monitor_data.speed_ref
1775245140873,0,monitor_data.speed_ref
1775245140874,0,monitor_data.speed_ref
1775245140875,0,monitor_data.speed_ref
1775245140876,0,monitor_data.speed_ref
1775245140877,0,monitor_data.speed_ref
1775245140878,0,monitor_data.speed_ref
1775245140879,0,monitor_data.speed_ref
1775245140880,0,monitor_data.speed_ref
1775245140881,0,monitor_data.speed_ref
1775245140882,0,monitor_data.speed_ref
1775245140883,0,monitor_data.speed_ref
1775245140884,0,monitor_data.speed_ref
1775245140885,0,monitor_data.speed_ref
1775245140886,0,monitor_data.speed_ref
1775245140838,3.649723768234253,monitor_data.theta_mech
1775245140839,3.649723768234253,monitor_data.theta_mech
1775245140840,3.6504907608032227,monitor_data.theta_mech
1775245140841,3.649723768234253,monitor_data.theta_mech
1775245140842,3.650874376296997,monitor_data.theta_mech
1775245140843,3.6493403911590576,monitor_data.theta_mech
1775245140844,3.649723768234253,monitor_data.theta_mech
1775245140845,3.6493403911590576,monitor_data.theta_mech
1775245140846,3.6501073837280273,monitor_data.theta_mech
1775245140847,3.6493403911590576,monitor_data.theta_mech
1775245140848,3.6501073837280273,monitor_data.theta_mech
1775245140849,3.649723768234253,monitor_data.theta_mech
1775245140850,3.649723768234253,monitor_data.theta_mech
1775245140851,3.648956775665283,monitor_data.theta_mech
1775245140852,3.648956775665283,monitor_data.theta_mech
1775245140853,3.6501073837280273,monitor_data.theta_mech
1775245140854,3.6493403911590576,monitor_data.theta_mech
1775245140855,3.649723768234253,monitor_data.theta_mech
1775245140856,3.6504907608032227,monitor_data.theta_mech
1775245140857,3.650874376296997,monitor_data.theta_mech
1775245140858,3.6504907608032227,monitor_data.theta_mech
1775245140859,3.6501073837280273,monitor_data.theta_mech
1775245140860,3.648956775665283,monitor_data.theta_mech
1775245140861,3.6504907608032227,monitor_data.theta_mech
1775245140862,3.649723768234253,monitor_data.theta_mech
1775245140863,3.650874376296997,monitor_data.theta_mech
1775245140864,3.649723768234253,monitor_data.theta_mech
1775245140865,3.6504907608032227,monitor_data.theta_mech
1775245140866,3.6512577533721924,monitor_data.theta_mech
1775245140867,3.6501073837280273,monitor_data.theta_mech
1775245140868,3.648956775665283,monitor_data.theta_mech
1775245140869,3.6493403911590576,monitor_data.theta_mech
1775245140870,3.6504907608032227,monitor_data.theta_mech
1775245140871,3.6512577533721924,monitor_data.theta_mech
1775245140872,3.6504907608032227,monitor_data.theta_mech
1775245140873,3.6493403911590576,monitor_data.theta_mech
1775245140874,3.6504907608032227,monitor_data.theta_mech
1775245140875,3.6501073837280273,monitor_data.theta_mech
1775245140876,3.6512577533721924,monitor_data.theta_mech
1775245140877,3.649723768234253,monitor_data.theta_mech
1775245140878,3.6504907608032227,monitor_data.theta_mech
1775245140879,3.6504907608032227,monitor_data.theta_mech
1775245140880,3.6501073837280273,monitor_data.theta_mech
1775245140881,3.6501073837280273,monitor_data.theta_mech
1775245140882,3.649723768234253,monitor_data.theta_mech
1775245140883,3.649723768234253,monitor_data.theta_mech
1775245140884,3.6504907608032227,monitor_data.theta_mech
1775245140885,3.6501073837280273,monitor_data.theta_mech
1775245140886,3.6504907608032227,monitor_data.theta_mech
1775245140887,0,monitor_data.speed_ref
1775245140888,0,monitor_data.speed_ref
1775245140889,0,monitor_data.speed_ref
1775245140890,0,monitor_data.speed_ref
1775245140891,0,monitor_data.speed_ref
1775245140892,0,monitor_data.speed_ref
1775245140893,0,monitor_data.speed_ref
1775245140894,0,monitor_data.speed_ref
1775245140895,0,monitor_data.speed_ref
1775245140896,0,monitor_data.speed_ref
1775245140897,0,monitor_data.speed_ref
1775245140898,0,monitor_data.speed_ref
1775245140899,0,monitor_data.speed_ref
1775245140900,0,monitor_data.speed_ref
1775245140901,0,monitor_data.speed_ref
1775245140902,0,monitor_data.speed_ref
1775245140903,0,monitor_data.speed_ref
1775245140904,0,monitor_data.speed_ref
1775245140905,0,monitor_data.speed_ref
1775245140906,0,monitor_data.speed_ref
1775245140907,0,monitor_data.speed_ref
1775245140908,0,monitor_data.speed_ref
1775245140909,0,monitor_data.speed_ref
1775245140910,0,monitor_data.speed_ref
1775245140911,0,monitor_data.speed_ref
1775245140912,0,monitor_data.speed_ref
1775245140913,0,monitor_data.speed_ref
1775245140914,0,monitor_data.speed_ref
1775245140915,0,monitor_data.speed_ref
1775245140916,0,monitor_data.speed_ref
1775245140917,0,monitor_data.speed_ref
1775245140918,0,monitor_data.speed_ref
1775245140919,0,monitor_data.speed_ref
1775245140920,0,monitor_data.speed_ref
1775245140921,0,monitor_data.speed_ref
1775245140922,0,monitor_data.speed_ref
1775245140923,0,monitor_data.speed_ref
1775245140924,0,monitor_data.speed_ref
1775245140925,0,monitor_data.speed_ref
1775245140926,0,monitor_data.speed_ref
1775245140927,0,monitor_data.speed_ref
1775245140928,0,monitor_data.speed_ref
1775245140929,0,monitor_data.speed_ref
1775245140930,0,monitor_data.speed_ref
1775245140931,0,monitor_data.speed_ref
1775245140932,0,monitor_data.speed_ref
1775245140933,0,monitor_data.speed_ref
1775245140934,0,monitor_data.speed_ref
1775245140935,0,monitor_data.speed_ref
1775245140936,0,monitor_data.speed_ref
1775245140937,0,monitor_data.speed_ref
1775245140887,3.650874376296997,monitor_data.theta_mech
1775245140888,3.6501073837280273,monitor_data.theta_mech
1775245140889,3.649723768234253,monitor_data.theta_mech
1775245140890,3.649723768234253,monitor_data.theta_mech
1775245140891,3.649723768234253,monitor_data.theta_mech
1775245140892,3.649723768234253,monitor_data.theta_mech
1775245140893,3.6501073837280273,monitor_data.theta_mech
1775245140894,3.650874376296997,monitor_data.theta_mech
1775245140895,3.6504907608032227,monitor_data.theta_mech
1775245140896,3.6501073837280273,monitor_data.theta_mech
1775245140897,3.6501073837280273,monitor_data.theta_mech
1775245140898,3.6512577533721924,monitor_data.theta_mech
1775245140899,3.6501073837280273,monitor_data.theta_mech
1775245140900,3.6512577533721924,monitor_data.theta_mech
1775245140901,3.649723768234253,monitor_data.theta_mech
1775245140902,3.649723768234253,monitor_data.theta_mech
1775245140903,3.6504907608032227,monitor_data.theta_mech
1775245140904,3.649723768234253,monitor_data.theta_mech
1775245140905,3.649723768234253,monitor_data.theta_mech
1775245140906,3.649723768234253,monitor_data.theta_mech
1775245140907,3.649723768234253,monitor_data.theta_mech
1775245140908,3.6501073837280273,monitor_data.theta_mech
1775245140909,3.649723768234253,monitor_data.theta_mech
1775245140910,3.6501073837280273,monitor_data.theta_mech
1775245140911,3.649723768234253,monitor_data.theta_mech
1775245140912,3.6512577533721924,monitor_data.theta_mech
1775245140913,3.6501073837280273,monitor_data.theta_mech
1775245140914,3.6501073837280273,monitor_data.theta_mech
1775245140915,3.649723768234253,monitor_data.theta_mech
1775245140916,3.650874376296997,monitor_data.theta_mech
1775245140917,3.650874376296997,monitor_data.theta_mech
1775245140918,3.6504907608032227,monitor_data.theta_mech
1775245140919,3.6512577533721924,monitor_data.theta_mech
1775245140920,3.6504907608032227,monitor_data.theta_mech
1775245140921,3.6504907608032227,monitor_data.theta_mech
1775245140922,3.649723768234253,monitor_data.theta_mech
1775245140923,3.650874376296997,monitor_data.theta_mech
1775245140924,3.6501073837280273,monitor_data.theta_mech
1775245140925,3.648956775665283,monitor_data.theta_mech
1775245140926,3.6504907608032227,monitor_data.theta_mech
1775245140927,3.6504907608032227,monitor_data.theta_mech
1775245140928,3.648956775665283,monitor_data.theta_mech
1775245140929,3.6493403911590576,monitor_data.theta_mech
1775245140930,3.6504907608032227,monitor_data.theta_mech
1775245140931,3.6504907608032227,monitor_data.theta_mech
1775245140932,3.6501073837280273,monitor_data.theta_mech
1775245140933,3.649723768234253,monitor_data.theta_mech
1775245140934,3.650874376296997,monitor_data.theta_mech
1775245140935,3.6501073837280273,monitor_data.theta_mech
1775245140936,3.649723768234253,monitor_data.theta_mech
1775245140937,3.649723768234253,monitor_data.theta_mech
1775245140938,0,monitor_data.speed_ref
1775245140939,0,monitor_data.speed_ref
1775245140940,0,monitor_data.speed_ref
1775245140941,0,monitor_data.speed_ref
1775245140942,0,monitor_data.speed_ref
1775245140943,0,monitor_data.speed_ref
1775245140944,0,monitor_data.speed_ref
1775245140945,0,monitor_data.speed_ref
1775245140946,0,monitor_data.speed_ref
1775245140947,0,monitor_data.speed_ref
1775245140948,0,monitor_data.speed_ref
1775245140949,0,monitor_data.speed_ref
1775245140950,0,monitor_data.speed_ref
1775245140951,0,monitor_data.speed_ref
1775245140952,0,monitor_data.speed_ref
1775245140953,0,monitor_data.speed_ref
1775245140954,0,monitor_data.speed_ref
1775245140955,0,monitor_data.speed_ref
1775245140956,0,monitor_data.speed_ref
1775245140957,0,monitor_data.speed_ref
1775245140958,0,monitor_data.speed_ref
1775245140959,0,monitor_data.speed_ref
1775245140960,0,monitor_data.speed_ref
1775245140961,0,monitor_data.speed_ref
1775245140962,0,monitor_data.speed_ref
1775245140963,0,monitor_data.speed_ref
1775245140964,0,monitor_data.speed_ref
1775245140965,0,monitor_data.speed_ref
1775245140966,0,monitor_data.speed_ref
1775245140967,0,monitor_data.speed_ref
1775245140968,0,monitor_data.speed_ref
1775245140969,0,monitor_data.speed_ref
1775245140970,0,monitor_data.speed_ref
1775245140971,0,monitor_data.speed_ref
1775245140972,0,monitor_data.speed_ref
1775245140973,0,monitor_data.speed_ref
1775245140974,0,monitor_data.speed_ref
1775245140975,0,monitor_data.speed_ref
1775245140976,0,monitor_data.speed_ref
1775245140977,0,monitor_data.speed_ref
1775245140978,0,monitor_data.speed_ref
1775245140979,0,monitor_data.speed_ref
1775245140980,0,monitor_data.speed_ref
1775245140981,0,monitor_data.speed_ref
1775245140982,0,monitor_data.speed_ref
1775245140983,0,monitor_data.speed_ref
1775245140984,0,monitor_data.speed_ref
1775245140985,0,monitor_data.speed_ref
1775245140986,0,monitor_data.speed_ref
1775245140987,0,monitor_data.speed_ref
1775245140988,0,monitor_data.speed_ref
1775245140938,3.6501073837280273,monitor_data.theta_mech
1775245140939,3.6493403911590576,monitor_data.theta_mech
1775245140940,3.6504907608032227,monitor_data.theta_mech
1775245140941,3.650874376296997,monitor_data.theta_mech
1775245140942,3.6501073837280273,monitor_data.theta_mech
1775245140943,3.6504907608032227,monitor_data.theta_mech
1775245140944,3.6504907608032227,monitor_data.theta_mech
1775245140945,3.650874376296997,monitor_data.theta_mech
1775245140946,3.6504907608032227,monitor_data.theta_mech
1775245140947,3.649723768234253,monitor_data.theta_mech
1775245140948,3.650874376296997,monitor_data.theta_mech
1775245140949,3.6501073837280273,monitor_data.theta_mech
1775245140950,3.649723768234253,monitor_data.theta_mech
1775245140951,3.650874376296997,monitor_data.theta_mech
1775245140952,3.6504907608032227,monitor_data.theta_mech
1775245140953,3.6493403911590576,monitor_data.theta_mech
1775245140954,3.6504907608032227,monitor_data.theta_mech
1775245140955,3.6493403911590576,monitor_data.theta_mech
1775245140956,3.6501073837280273,monitor_data.theta_mech
1775245140957,3.6501073837280273,monitor_data.theta_mech
1775245140958,3.649723768234253,monitor_data.theta_mech
1775245140959,3.651641368865967,monitor_data.theta_mech
1775245140960,3.649723768234253,monitor_data.theta_mech
1775245140961,3.649723768234253,monitor_data.theta_mech
1775245140962,3.6501073837280273,monitor_data.theta_mech
1775245140963,3.6504907608032227,monitor_data.theta_mech
1775245140964,3.6501073837280273,monitor_data.theta_mech
1775245140965,3.649723768234253,monitor_data.theta_mech
1775245140966,3.6501073837280273,monitor_data.theta_mech
1775245140967,3.6504907608032227,monitor_data.theta_mech
1775245140968,3.6504907608032227,monitor_data.theta_mech
1775245140969,3.649723768234253,monitor_data.theta_mech
1775245140970,3.649723768234253,monitor_data.theta_mech
1775245140971,3.6501073837280273,monitor_data.theta_mech
1775245140972,3.6501073837280273,monitor_data.theta_mech
1775245140973,3.6501073837280273,monitor_data.theta_mech
1775245140974,3.6504907608032227,monitor_data.theta_mech
1775245140975,3.649723768234253,monitor_data.theta_mech
1775245140976,3.6501073837280273,monitor_data.theta_mech
1775245140977,3.6501073837280273,monitor_data.theta_mech
1775245140978,3.6504907608032227,monitor_data.theta_mech
1775245140979,3.6501073837280273,monitor_data.theta_mech
1775245140980,3.6501073837280273,monitor_data.theta_mech
1775245140981,3.649723768234253,monitor_data.theta_mech
1775245140982,3.6504907608032227,monitor_data.theta_mech
1775245140983,3.6501073837280273,monitor_data.theta_mech
1775245140984,3.6504907608032227,monitor_data.theta_mech
1775245140985,3.6493403911590576,monitor_data.theta_mech
1775245140986,3.648573398590088,monitor_data.theta_mech
1775245140987,3.6493403911590576,monitor_data.theta_mech
1775245140988,3.6501073837280273,monitor_data.theta_mech
1775245140989,0,monitor_data.speed_ref
1775245140990,0,monitor_data.speed_ref
1775245140991,0,monitor_data.speed_ref
1775245140992,0,monitor_data.speed_ref
1775245140993,0,monitor_data.speed_ref
1775245140994,0,monitor_data.speed_ref
1775245140995,0,monitor_data.speed_ref
1775245140996,0,monitor_data.speed_ref
1775245140997,0,monitor_data.speed_ref
1775245140998,0,monitor_data.speed_ref
1775245141000,0,monitor_data.speed_ref
1775245141000,0,monitor_data.speed_ref
1775245141001,0,monitor_data.speed_ref
1775245141003,0,monitor_data.speed_ref
1775245141003,0,monitor_data.speed_ref
1775245141004,0,monitor_data.speed_ref
1775245141005,0,monitor_data.speed_ref
1775245141006,0,monitor_data.speed_ref
1775245141007,0,monitor_data.speed_ref
1775245141008,0,monitor_data.speed_ref
1775245141009,0,monitor_data.speed_ref
1775245141010,0,monitor_data.speed_ref
1775245141011,0,monitor_data.speed_ref
1775245141012,0,monitor_data.speed_ref
1775245141013,0,monitor_data.speed_ref
1775245141014,0,monitor_data.speed_ref
1775245141015,0,monitor_data.speed_ref
1775245141016,0,monitor_data.speed_ref
1775245141017,0,monitor_data.speed_ref
1775245141018,0,monitor_data.speed_ref
1775245141019,0,monitor_data.speed_ref
1775245141020,0,monitor_data.speed_ref
1775245141021,0,monitor_data.speed_ref
1775245141022,0,monitor_data.speed_ref
1775245141023,0,monitor_data.speed_ref
1775245141024,0,monitor_data.speed_ref
1775245141025,0,monitor_data.speed_ref
1775245141026,0,monitor_data.speed_ref
1775245141027,0,monitor_data.speed_ref
1775245141028,0,monitor_data.speed_ref
1775245141029,0,monitor_data.speed_ref
1775245141030,0,monitor_data.speed_ref
1775245141031,0,monitor_data.speed_ref
1775245141032,0,monitor_data.speed_ref
1775245141033,0,monitor_data.speed_ref
1775245141034,0,monitor_data.speed_ref
1775245141035,0,monitor_data.speed_ref
1775245141036,0,monitor_data.speed_ref
1775245141037,0,monitor_data.speed_ref
1775245141038,0,monitor_data.speed_ref
1775245140989,3.648956775665283,monitor_data.theta_mech
1775245140990,3.6504907608032227,monitor_data.theta_mech
1775245140991,3.6504907608032227,monitor_data.theta_mech
1775245140992,3.6504907608032227,monitor_data.theta_mech
1775245140993,3.6501073837280273,monitor_data.theta_mech
1775245140994,3.650874376296997,monitor_data.theta_mech
1775245140995,3.649723768234253,monitor_data.theta_mech
1775245140996,3.649723768234253,monitor_data.theta_mech
1775245140997,3.6493403911590576,monitor_data.theta_mech
1775245140998,3.650874376296997,monitor_data.theta_mech
1775245141000,3.6504907608032227,monitor_data.theta_mech
1775245141000,3.649723768234253,monitor_data.theta_mech
1775245141001,3.6504907608032227,monitor_data.theta_mech
1775245141003,3.649723768234253,monitor_data.theta_mech
1775245141003,3.649723768234253,monitor_data.theta_mech
1775245141004,3.6501073837280273,monitor_data.theta_mech
1775245141005,3.6504907608032227,monitor_data.theta_mech
1775245141006,3.6512577533721924,monitor_data.theta_mech
1775245141007,3.6512577533721924,monitor_data.theta_mech
1775245141008,3.6501073837280273,monitor_data.theta_mech
1775245141009,3.6501073837280273,monitor_data.theta_mech
1775245141010,3.6504907608032227,monitor_data.theta_mech
1775245141011,3.6501073837280273,monitor_data.theta_mech
1775245141012,3.6501073837280273,monitor_data.theta_mech
1775245141013,3.6501073837280273,monitor_data.theta_mech
1775245141014,3.6501073837280273,monitor_data.theta_mech
1775245141015,3.6501073837280273,monitor_data.theta_mech
1775245141016,3.6501073837280273,monitor_data.theta_mech
1775245141017,3.6493403911590576,monitor_data.theta_mech
1775245141018,3.649723768234253,monitor_data.theta_mech
1775245141019,3.649723768234253,monitor_data.theta_mech
1775245141020,3.649723768234253,monitor_data.theta_mech
1775245141021,3.6493403911590576,monitor_data.theta_mech
1775245141022,3.6504907608032227,monitor_data.theta_mech
1775245141023,3.6504907608032227,monitor_data.theta_mech
1775245141024,3.6501073837280273,monitor_data.theta_mech
1775245141025,3.649723768234253,monitor_data.theta_mech
1775245141026,3.6493403911590576,monitor_data.theta_mech
1775245141027,3.6501073837280273,monitor_data.theta_mech
1775245141028,3.650874376296997,monitor_data.theta_mech
1775245141029,3.649723768234253,monitor_data.theta_mech
1775245141030,3.649723768234253,monitor_data.theta_mech
1775245141031,3.6504907608032227,monitor_data.theta_mech
1775245141032,3.6504907608032227,monitor_data.theta_mech
1775245141033,3.6504907608032227,monitor_data.theta_mech
1775245141034,3.650874376296997,monitor_data.theta_mech
1775245141035,3.649723768234253,monitor_data.theta_mech
1775245141036,3.649723768234253,monitor_data.theta_mech
1775245141037,3.649723768234253,monitor_data.theta_mech
1775245141038,3.6504907608032227,monitor_data.theta_mech
1775245141039,0,monitor_data.speed_ref
1775245141040,0,monitor_data.speed_ref
1775245141041,0,monitor_data.speed_ref
1775245141042,0,monitor_data.speed_ref
1775245141043,0,monitor_data.speed_ref
1775245141044,0,monitor_data.speed_ref
1775245141045,0,monitor_data.speed_ref
1775245141046,0,monitor_data.speed_ref
1775245141047,0,monitor_data.speed_ref
1775245141048,0,monitor_data.speed_ref
1775245141049,0,monitor_data.speed_ref
1775245141050,0,monitor_data.speed_ref
1775245141051,0,monitor_data.speed_ref
1775245141052,0,monitor_data.speed_ref
1775245141053,0,monitor_data.speed_ref
1775245141054,0,monitor_data.speed_ref
1775245141055,0,monitor_data.speed_ref
1775245141056,0,monitor_data.speed_ref
1775245141057,0,monitor_data.speed_ref
1775245141058,0,monitor_data.speed_ref
1775245141059,0,monitor_data.speed_ref
1775245141060,0,monitor_data.speed_ref
1775245141061,0,monitor_data.speed_ref
1775245141062,0,monitor_data.speed_ref
1775245141063,0,monitor_data.speed_ref
1775245141064,0,monitor_data.speed_ref
1775245141065,0,monitor_data.speed_ref
1775245141066,0,monitor_data.speed_ref
1775245141067,0,monitor_data.speed_ref
1775245141068,0,monitor_data.speed_ref
1775245141069,0,monitor_data.speed_ref
1775245141070,0,monitor_data.speed_ref
1775245141071,0,monitor_data.speed_ref
1775245141072,0,monitor_data.speed_ref
1775245141073,0,monitor_data.speed_ref
1775245141074,0,monitor_data.speed_ref
1775245141075,0,monitor_data.speed_ref
1775245141076,0,monitor_data.speed_ref
1775245141077,0,monitor_data.speed_ref
1775245141078,0,monitor_data.speed_ref
1775245141079,0,monitor_data.speed_ref
1775245141080,0,monitor_data.speed_ref
1775245141081,0,monitor_data.speed_ref
1775245141082,0,monitor_data.speed_ref
1775245141083,0,monitor_data.speed_ref
1775245141084,0,monitor_data.speed_ref
1775245141085,0,monitor_data.speed_ref
1775245141086,0,monitor_data.speed_ref
1775245141087,0,monitor_data.speed_ref
1775245141088,0,monitor_data.speed_ref
1775245141039,3.649723768234253,monitor_data.theta_mech
1775245141040,3.6504907608032227,monitor_data.theta_mech
1775245141041,3.6501073837280273,monitor_data.theta_mech
1775245141042,3.6493403911590576,monitor_data.theta_mech
1775245141043,3.6501073837280273,monitor_data.theta_mech
1775245141044,3.649723768234253,monitor_data.theta_mech
1775245141045,3.648956775665283,monitor_data.theta_mech
1775245141046,3.6493403911590576,monitor_data.theta_mech
1775245141047,3.649723768234253,monitor_data.theta_mech
1775245141048,3.649723768234253,monitor_data.theta_mech
1775245141049,3.649723768234253,monitor_data.theta_mech
1775245141050,3.649723768234253,monitor_data.theta_mech
1775245141051,3.649723768234253,monitor_data.theta_mech
1775245141052,3.6504907608032227,monitor_data.theta_mech
1775245141053,3.648573398590088,monitor_data.theta_mech
1775245141054,3.6504907608032227,monitor_data.theta_mech
1775245141055,3.650874376296997,monitor_data.theta_mech
1775245141056,3.649723768234253,monitor_data.theta_mech
1775245141057,3.6504907608032227,monitor_data.theta_mech
1775245141058,3.6493403911590576,monitor_data.theta_mech
1775245141059,3.649723768234253,monitor_data.theta_mech
1775245141060,3.648956775665283,monitor_data.theta_mech
1775245141061,3.6512577533721924,monitor_data.theta_mech
1775245141062,3.6493403911590576,monitor_data.theta_mech
1775245141063,3.6504907608032227,monitor_data.theta_mech
1775245141064,3.6501073837280273,monitor_data.theta_mech
1775245141065,3.6504907608032227,monitor_data.theta_mech
1775245141066,3.6493403911590576,monitor_data.theta_mech
1775245141067,3.648956775665283,monitor_data.theta_mech
1775245141068,3.6504907608032227,monitor_data.theta_mech
1775245141069,3.6501073837280273,monitor_data.theta_mech
1775245141070,3.648956775665283,monitor_data.theta_mech
1775245141071,3.6501073837280273,monitor_data.theta_mech
1775245141072,3.6501073837280273,monitor_data.theta_mech
1775245141073,3.6504907608032227,monitor_data.theta_mech
1775245141074,3.6504907608032227,monitor_data.theta_mech
1775245141075,3.6493403911590576,monitor_data.theta_mech
1775245141076,3.649723768234253,monitor_data.theta_mech
1775245141077,3.649723768234253,monitor_data.theta_mech
1775245141078,3.649723768234253,monitor_data.theta_mech
1775245141079,3.6501073837280273,monitor_data.theta_mech
1775245141080,3.6493403911590576,monitor_data.theta_mech
1775245141081,3.650874376296997,monitor_data.theta_mech
1775245141082,3.649723768234253,monitor_data.theta_mech
1775245141083,3.6493403911590576,monitor_data.theta_mech
1775245141084,3.649723768234253,monitor_data.theta_mech
1775245141085,3.649723768234253,monitor_data.theta_mech
1775245141086,3.6501073837280273,monitor_data.theta_mech
1775245141087,3.6501073837280273,monitor_data.theta_mech
1775245141088,3.649723768234253,monitor_data.theta_mech
1775245141089,0,monitor_data.speed_ref
1775245141090,0,monitor_data.speed_ref
1775245141091,0,monitor_data.speed_ref
1775245141092,0,monitor_data.speed_ref
1775245141093,0,monitor_data.speed_ref
1775245141094,0,monitor_data.speed_ref
1775245141095,0,monitor_data.speed_ref
1775245141096,0,monitor_data.speed_ref
1775245141097,0,monitor_data.speed_ref
1775245141098,0,monitor_data.speed_ref
1775245141099,0,monitor_data.speed_ref
1775245141100,0,monitor_data.speed_ref
1775245141101,0,monitor_data.speed_ref
1775245141102,0,monitor_data.speed_ref
1775245141103,0,monitor_data.speed_ref
1775245141104,0,monitor_data.speed_ref
1775245141105,0,monitor_data.speed_ref
1775245141106,0,monitor_data.speed_ref
1775245141107,0,monitor_data.speed_ref
1775245141108,0,monitor_data.speed_ref
1775245141109,0,monitor_data.speed_ref
1775245141110,0,monitor_data.speed_ref
1775245141111,0,monitor_data.speed_ref
1775245141112,0,monitor_data.speed_ref
1775245141113,0,monitor_data.speed_ref
1775245141114,0,monitor_data.speed_ref
1775245141115,0,monitor_data.speed_ref
1775245141116,0,monitor_data.speed_ref
1775245141117,0,monitor_data.speed_ref
1775245141118,0,monitor_data.speed_ref
1775245141119,0,monitor_data.speed_ref
1775245141120,0,monitor_data.speed_ref
1775245141121,0,monitor_data.speed_ref
1775245141122,0,monitor_data.speed_ref
1775245141123,0,monitor_data.speed_ref
1775245141124,0,monitor_data.speed_ref
1775245141125,0,monitor_data.speed_ref
1775245141126,0,monitor_data.speed_ref
1775245141127,0,monitor_data.speed_ref
1775245141128,0,monitor_data.speed_ref
1775245141129,0,monitor_data.speed_ref
1775245141130,0,monitor_data.speed_ref
1775245141131,0,monitor_data.speed_ref
1775245141132,0,monitor_data.speed_ref
1775245141133,0,monitor_data.speed_ref
1775245141134,0,monitor_data.speed_ref
1775245141135,0,monitor_data.speed_ref
1775245141136,0,monitor_data.speed_ref
1775245141137,0,monitor_data.speed_ref
1775245141089,3.649723768234253,monitor_data.theta_mech
1775245141090,3.649723768234253,monitor_data.theta_mech
1775245141091,3.6501073837280273,monitor_data.theta_mech
1775245141092,3.6501073837280273,monitor_data.theta_mech
1775245141093,3.6493403911590576,monitor_data.theta_mech
1775245141094,3.649723768234253,monitor_data.theta_mech
1775245141095,3.6501073837280273,monitor_data.theta_mech
1775245141096,3.6501073837280273,monitor_data.theta_mech
1775245141097,3.6501073837280273,monitor_data.theta_mech
1775245141098,3.6501073837280273,monitor_data.theta_mech
1775245141099,3.6504907608032227,monitor_data.theta_mech
1775245141100,3.6493403911590576,monitor_data.theta_mech
1775245141101,3.6501073837280273,monitor_data.theta_mech
1775245141102,3.649723768234253,monitor_data.theta_mech
1775245141103,3.649723768234253,monitor_data.theta_mech
1775245141104,3.6501073837280273,monitor_data.theta_mech
1775245141105,3.650874376296997,monitor_data.theta_mech
1775245141106,3.6501073837280273,monitor_data.theta_mech
1775245141107,3.6504907608032227,monitor_data.theta_mech
1775245141108,3.6501073837280273,monitor_data.theta_mech
1775245141109,3.650874376296997,monitor_data.theta_mech
1775245141110,3.650874376296997,monitor_data.theta_mech
1775245141111,3.6501073837280273,monitor_data.theta_mech
1775245141112,3.6504907608032227,monitor_data.theta_mech
1775245141113,3.6512577533721924,monitor_data.theta_mech
1775245141114,3.649723768234253,monitor_data.theta_mech
1775245141115,3.649723768234253,monitor_data.theta_mech
1775245141116,3.650874376296997,monitor_data.theta_mech
1775245141117,3.6493403911590576,monitor_data.theta_mech
1775245141118,3.6504907608032227,monitor_data.theta_mech
1775245141119,3.6504907608032227,monitor_data.theta_mech
1775245141120,3.6501073837280273,monitor_data.theta_mech
1775245141121,3.6501073837280273,monitor_data.theta_mech
1775245141122,3.649723768234253,monitor_data.theta_mech
1775245141123,3.6504907608032227,monitor_data.theta_mech
1775245141124,3.6493403911590576,monitor_data.theta_mech
1775245141125,3.6501073837280273,monitor_data.theta_mech
1775245141126,3.649723768234253,monitor_data.theta_mech
1775245141127,3.649723768234253,monitor_data.theta_mech
1775245141128,3.649723768234253,monitor_data.theta_mech
1775245141129,3.649723768234253,monitor_data.theta_mech
1775245141130,3.649723768234253,monitor_data.theta_mech
1775245141131,3.6504907608032227,monitor_data.theta_mech
1775245141132,3.650874376296997,monitor_data.theta_mech
1775245141133,3.649723768234253,monitor_data.theta_mech
1775245141134,3.6501073837280273,monitor_data.theta_mech
1775245141135,3.649723768234253,monitor_data.theta_mech
1775245141136,3.649723768234253,monitor_data.theta_mech
1775245141137,3.6512577533721924,monitor_data.theta_mech
1775245141138,0,monitor_data.speed_ref
1775245141139,0,monitor_data.speed_ref
1775245141140,0,monitor_data.speed_ref
1775245141141,0,monitor_data.speed_ref
1775245141142,0,monitor_data.speed_ref
1775245141143,0,monitor_data.speed_ref
1775245141144,0,monitor_data.speed_ref
1775245141145,0,monitor_data.speed_ref
1775245141146,0,monitor_data.speed_ref
1775245141147,0,monitor_data.speed_ref
1775245141148,0,monitor_data.speed_ref
1775245141149,0,monitor_data.speed_ref
1775245141150,0,monitor_data.speed_ref
1775245141151,0,monitor_data.speed_ref
1775245141152,0,monitor_data.speed_ref
1775245141153,0,monitor_data.speed_ref
1775245141154,0,monitor_data.speed_ref
1775245141155,0,monitor_data.speed_ref
1775245141156,0,monitor_data.speed_ref
1775245141157,0,monitor_data.speed_ref
1775245141158,0,monitor_data.speed_ref
1775245141159,0,monitor_data.speed_ref
1775245141160,0,monitor_data.speed_ref
1775245141161,0,monitor_data.speed_ref
1775245141162,0,monitor_data.speed_ref
1775245141163,0,monitor_data.speed_ref
1775245141164,0,monitor_data.speed_ref
1775245141165,0,monitor_data.speed_ref
1775245141166,0,monitor_data.speed_ref
1775245141167,0,monitor_data.speed_ref
1775245141168,0,monitor_data.speed_ref
1775245141169,0,monitor_data.speed_ref
1775245141170,0,monitor_data.speed_ref
1775245141171,0,monitor_data.speed_ref
1775245141172,0,monitor_data.speed_ref
1775245141173,0,monitor_data.speed_ref
1775245141174,0,monitor_data.speed_ref
1775245141175,0,monitor_data.speed_ref
1775245141176,0,monitor_data.speed_ref
1775245141177,0,monitor_data.speed_ref
1775245141178,0,monitor_data.speed_ref
1775245141179,0,monitor_data.speed_ref
1775245141180,0,monitor_data.speed_ref
1775245141181,0,monitor_data.speed_ref
1775245141182,0,monitor_data.speed_ref
1775245141183,0,monitor_data.speed_ref
1775245141184,0,monitor_data.speed_ref
1775245141185,0,monitor_data.speed_ref
1775245141186,0,monitor_data.speed_ref
1775245141187,0,monitor_data.speed_ref
1775245141188,0,monitor_data.speed_ref
1775245141138,3.650874376296997,monitor_data.theta_mech
1775245141139,3.650874376296997,monitor_data.theta_mech
1775245141140,3.650874376296997,monitor_data.theta_mech
1775245141141,3.649723768234253,monitor_data.theta_mech
1775245141142,3.6501073837280273,monitor_data.theta_mech
1775245141143,3.6501073837280273,monitor_data.theta_mech
1775245141144,3.6501073837280273,monitor_data.theta_mech
1775245141145,3.650874376296997,monitor_data.theta_mech
1775245141146,3.648956775665283,monitor_data.theta_mech
1775245141147,3.648956775665283,monitor_data.theta_mech
1775245141148,3.649723768234253,monitor_data.theta_mech
1775245141149,3.6501073837280273,monitor_data.theta_mech
1775245141150,3.649723768234253,monitor_data.theta_mech
1775245141151,3.649723768234253,monitor_data.theta_mech
1775245141152,3.649723768234253,monitor_data.theta_mech
1775245141153,3.650874376296997,monitor_data.theta_mech
1775245141154,3.6504907608032227,monitor_data.theta_mech
1775245141155,3.650874376296997,monitor_data.theta_mech
1775245141156,3.6501073837280273,monitor_data.theta_mech
1775245141157,3.6501073837280273,monitor_data.theta_mech
1775245141158,3.6504907608032227,monitor_data.theta_mech
1775245141159,3.6501073837280273,monitor_data.theta_mech
1775245141160,3.650874376296997,monitor_data.theta_mech
1775245141161,3.6501073837280273,monitor_data.theta_mech
1775245141162,3.6504907608032227,monitor_data.theta_mech
1775245141163,3.649723768234253,monitor_data.theta_mech
1775245141164,3.6501073837280273,monitor_data.theta_mech
1775245141165,3.649723768234253,monitor_data.theta_mech
1775245141166,3.649723768234253,monitor_data.theta_mech
1775245141167,3.650874376296997,monitor_data.theta_mech
1775245141168,3.6501073837280273,monitor_data.theta_mech
1775245141169,3.6504907608032227,monitor_data.theta_mech
1775245141170,3.649723768234253,monitor_data.theta_mech
1775245141171,3.6504907608032227,monitor_data.theta_mech
1775245141172,3.649723768234253,monitor_data.theta_mech
1775245141173,3.6493403911590576,monitor_data.theta_mech
1775245141174,3.6501073837280273,monitor_data.theta_mech
1775245141175,3.650874376296997,monitor_data.theta_mech
1775245141176,3.648956775665283,monitor_data.theta_mech
1775245141177,3.6493403911590576,monitor_data.theta_mech
1775245141178,3.6493403911590576,monitor_data.theta_mech
1775245141179,3.6501073837280273,monitor_data.theta_mech
1775245141180,3.650874376296997,monitor_data.theta_mech
1775245141181,3.6501073837280273,monitor_data.theta_mech
1775245141182,3.648956775665283,monitor_data.theta_mech
1775245141183,3.649723768234253,monitor_data.theta_mech
1775245141184,3.6501073837280273,monitor_data.theta_mech
1775245141185,3.6501073837280273,monitor_data.theta_mech
1775245141186,3.6501073837280273,monitor_data.theta_mech
1775245141187,3.649723768234253,monitor_data.theta_mech
1775245141188,3.6501073837280273,monitor_data.theta_mech
1775245141189,0,monitor_data.speed_ref
1775245141190,0,monitor_data.speed_ref
1775245141191,0,monitor_data.speed_ref
1775245141192,0,monitor_data.speed_ref
1775245141193,0,monitor_data.speed_ref
1775245141194,0,monitor_data.speed_ref
1775245141195,0,monitor_data.speed_ref
1775245141196,0,monitor_data.speed_ref
1775245141197,0,monitor_data.speed_ref
1775245141198,0,monitor_data.speed_ref
1775245141199,0,monitor_data.speed_ref
1775245141200,0,monitor_data.speed_ref
1775245141201,0,monitor_data.speed_ref
1775245141202,0,monitor_data.speed_ref
1775245141203,0,monitor_data.speed_ref
1775245141204,0,monitor_data.speed_ref
1775245141205,0,monitor_data.speed_ref
1775245141206,0,monitor_data.speed_ref
1775245141207,0,monitor_data.speed_ref
1775245141208,0,monitor_data.speed_ref
1775245141209,0,monitor_data.speed_ref
1775245141210,0,monitor_data.speed_ref
1775245141211,0,monitor_data.speed_ref
1775245141212,0,monitor_data.speed_ref
1775245141213,0,monitor_data.speed_ref
1775245141214,0,monitor_data.speed_ref
1775245141215,0,monitor_data.speed_ref
1775245141216,0,monitor_data.speed_ref
1775245141217,0,monitor_data.speed_ref
1775245141218,0,monitor_data.speed_ref
1775245141219,0,monitor_data.speed_ref
1775245141220,0,monitor_data.speed_ref
1775245141221,0,monitor_data.speed_ref
1775245141222,0,monitor_data.speed_ref
1775245141223,0,monitor_data.speed_ref
1775245141224,0,monitor_data.speed_ref
1775245141225,0,monitor_data.speed_ref
1775245141226,0,monitor_data.speed_ref
1775245141227,0,monitor_data.speed_ref
1775245141228,0,monitor_data.speed_ref
1775245141229,0,monitor_data.speed_ref
1775245141230,0,monitor_data.speed_ref
1775245141231,0,monitor_data.speed_ref
1775245141232,0,monitor_data.speed_ref
1775245141233,0,monitor_data.speed_ref
1775245141234,0,monitor_data.speed_ref
1775245141235,0,monitor_data.speed_ref
1775245141236,0,monitor_data.speed_ref
1775245141237,0,monitor_data.speed_ref
1775245141238,0,monitor_data.speed_ref
1775245141189,3.650874376296997,monitor_data.theta_mech
1775245141190,3.649723768234253,monitor_data.theta_mech
1775245141191,3.649723768234253,monitor_data.theta_mech
1775245141192,3.6501073837280273,monitor_data.theta_mech
1775245141193,3.6493403911590576,monitor_data.theta_mech
1775245141194,3.6493403911590576,monitor_data.theta_mech
1775245141195,3.649723768234253,monitor_data.theta_mech
1775245141196,3.6504907608032227,monitor_data.theta_mech
1775245141197,3.6501073837280273,monitor_data.theta_mech
1775245141198,3.650874376296997,monitor_data.theta_mech
1775245141199,3.649723768234253,monitor_data.theta_mech
1775245141200,3.6504907608032227,monitor_data.theta_mech
1775245141201,3.650874376296997,monitor_data.theta_mech
1775245141202,3.6493403911590576,monitor_data.theta_mech
1775245141203,3.648956775665283,monitor_data.theta_mech
1775245141204,3.6504907608032227,monitor_data.theta_mech
1775245141205,3.649723768234253,monitor_data.theta_mech
1775245141206,3.6493403911590576,monitor_data.theta_mech
1775245141207,3.6501073837280273,monitor_data.theta_mech
1775245141208,3.6504907608032227,monitor_data.theta_mech
1775245141209,3.649723768234253,monitor_data.theta_mech
1775245141210,3.6501073837280273,monitor_data.theta_mech
1775245141211,3.650874376296997,monitor_data.theta_mech
1775245141212,3.6504907608032227,monitor_data.theta_mech
1775245141213,3.6504907608032227,monitor_data.theta_mech
1775245141214,3.6501073837280273,monitor_data.theta_mech
1775245141215,3.6504907608032227,monitor_data.theta_mech
1775245141216,3.6504907608032227,monitor_data.theta_mech
1775245141217,3.649723768234253,monitor_data.theta_mech
1775245141218,3.6493403911590576,monitor_data.theta_mech
1775245141219,3.6501073837280273,monitor_data.theta_mech
1775245141220,3.649723768234253,monitor_data.theta_mech
1775245141221,3.6501073837280273,monitor_data.theta_mech
1775245141222,3.6512577533721924,monitor_data.theta_mech
1775245141223,3.6493403911590576,monitor_data.theta_mech
1775245141224,3.6493403911590576,monitor_data.theta_mech
1775245141225,3.6504907608032227,monitor_data.theta_mech
1775245141226,3.648956775665283,monitor_data.theta_mech
1775245141227,3.649723768234253,monitor_data.theta_mech
1775245141228,3.6501073837280273,monitor_data.theta_mech
1775245141229,3.6501073837280273,monitor_data.theta_mech
1775245141230,3.6504907608032227,monitor_data.theta_mech
1775245141231,3.6501073837280273,monitor_data.theta_mech
1775245141232,3.649723768234253,monitor_data.theta_mech
1775245141233,3.649723768234253,monitor_data.theta_mech
1775245141234,3.6501073837280273,monitor_data.theta_mech
1775245141235,3.649723768234253,monitor_data.theta_mech
1775245141236,3.6504907608032227,monitor_data.theta_mech
1775245141237,3.6504907608032227,monitor_data.theta_mech
1775245141238,3.649723768234253,monitor_data.theta_mech
1775245141239,0,monitor_data.speed_ref
1775245141240,0,monitor_data.speed_ref
1775245141241,0,monitor_data.speed_ref
1775245141242,0,monitor_data.speed_ref
1775245141243,0,monitor_data.speed_ref
1775245141244,0,monitor_data.speed_ref
1775245141245,0,monitor_data.speed_ref
1775245141246,0,monitor_data.speed_ref
1775245141247,0,monitor_data.speed_ref
1775245141248,0,monitor_data.speed_ref
1775245141249,0,monitor_data.speed_ref
1775245141250,0,monitor_data.speed_ref
1775245141251,0,monitor_data.speed_ref
1775245141252,0,monitor_data.speed_ref
1775245141253,0,monitor_data.speed_ref
1775245141254,0,monitor_data.speed_ref
1775245141255,0,monitor_data.speed_ref
1775245141256,0,monitor_data.speed_ref
1775245141257,0,monitor_data.speed_ref
1775245141258,0,monitor_data.speed_ref
1775245141259,0,monitor_data.speed_ref
1775245141260,0,monitor_data.speed_ref
1775245141261,0,monitor_data.speed_ref
1775245141262,0,monitor_data.speed_ref
1775245141263,0,monitor_data.speed_ref
1775245141264,0,monitor_data.speed_ref
1775245141265,0,monitor_data.speed_ref
1775245141266,0,monitor_data.speed_ref
1775245141267,0,monitor_data.speed_ref
1775245141268,0,monitor_data.speed_ref
1775245141269,0,monitor_data.speed_ref
1775245141270,0,monitor_data.speed_ref
1775245141271,0,monitor_data.speed_ref
1775245141272,0,monitor_data.speed_ref
1775245141273,0,monitor_data.speed_ref
1775245141274,0,monitor_data.speed_ref
1775245141275,0,monitor_data.speed_ref
1775245141276,0,monitor_data.speed_ref
1775245141277,0,monitor_data.speed_ref
1775245141278,0,monitor_data.speed_ref
1775245141279,0,monitor_data.speed_ref
1775245141280,0,monitor_data.speed_ref
1775245141281,0,monitor_data.speed_ref
1775245141282,0,monitor_data.speed_ref
1775245141283,0,monitor_data.speed_ref
1775245141284,0,monitor_data.speed_ref
1775245141285,0,monitor_data.speed_ref
1775245141286,0,monitor_data.speed_ref
1775245141287,0,monitor_data.speed_ref
1775245141239,3.6501073837280273,monitor_data.theta_mech
1775245141240,3.6501073837280273,monitor_data.theta_mech
1775245141241,3.6501073837280273,monitor_data.theta_mech
1775245141242,3.649723768234253,monitor_data.theta_mech
1775245141243,3.649723768234253,monitor_data.theta_mech
1775245141244,3.6504907608032227,monitor_data.theta_mech
1775245141245,3.6493403911590576,monitor_data.theta_mech
1775245141246,3.6501073837280273,monitor_data.theta_mech
1775245141247,3.6493403911590576,monitor_data.theta_mech
1775245141248,3.6504907608032227,monitor_data.theta_mech
1775245141249,3.6504907608032227,monitor_data.theta_mech
1775245141250,3.650874376296997,monitor_data.theta_mech
1775245141251,3.6512577533721924,monitor_data.theta_mech
1775245141252,3.649723768234253,monitor_data.theta_mech
1775245141253,3.6493403911590576,monitor_data.theta_mech
1775245141254,3.6504907608032227,monitor_data.theta_mech
1775245141255,3.6501073837280273,monitor_data.theta_mech
1775245141256,3.6512577533721924,monitor_data.theta_mech
1775245141257,3.6501073837280273,monitor_data.theta_mech
1775245141258,3.6501073837280273,monitor_data.theta_mech
1775245141259,3.650874376296997,monitor_data.theta_mech
1775245141260,3.6493403911590576,monitor_data.theta_mech
1775245141261,3.650874376296997,monitor_data.theta_mech
1775245141262,3.6504907608032227,monitor_data.theta_mech
1775245141263,3.6504907608032227,monitor_data.theta_mech
1775245141264,3.649723768234253,monitor_data.theta_mech
1775245141265,3.6512577533721924,monitor_data.theta_mech
1775245141266,3.649723768234253,monitor_data.theta_mech
1775245141267,3.650874376296997,monitor_data.theta_mech
1775245141268,3.6501073837280273,monitor_data.theta_mech
1775245141269,3.6504907608032227,monitor_data.theta_mech
1775245141270,3.6493403911590576,monitor_data.theta_mech
1775245141271,3.6504907608032227,monitor_data.theta_mech
1775245141272,3.6501073837280273,monitor_data.theta_mech
1775245141273,3.6504907608032227,monitor_data.theta_mech
1775245141274,3.6501073837280273,monitor_data.theta_mech
1775245141275,3.6493403911590576,monitor_data.theta_mech
1775245141276,3.650874376296997,monitor_data.theta_mech
1775245141277,3.649723768234253,monitor_data.theta_mech
1775245141278,3.649723768234253,monitor_data.theta_mech
1775245141279,3.6493403911590576,monitor_data.theta_mech
1775245141280,3.650874376296997,monitor_data.theta_mech
1775245141281,3.6501073837280273,monitor_data.theta_mech
1775245141282,3.6501073837280273,monitor_data.theta_mech
1775245141283,3.6504907608032227,monitor_data.theta_mech
1775245141284,3.649723768234253,monitor_data.theta_mech
1775245141285,3.6501073837280273,monitor_data.theta_mech
1775245141286,3.649723768234253,monitor_data.theta_mech
1775245141287,3.650874376296997,monitor_data.theta_mech
1775245141288,0,monitor_data.speed_ref
1775245141289,0,monitor_data.speed_ref
1775245141290,0,monitor_data.speed_ref
1775245141291,0,monitor_data.speed_ref
1775245141292,0,monitor_data.speed_ref
1775245141293,0,monitor_data.speed_ref
1775245141294,0,monitor_data.speed_ref
1775245141295,0,monitor_data.speed_ref
1775245141296,0,monitor_data.speed_ref
1775245141297,0,monitor_data.speed_ref
1775245141298,0,monitor_data.speed_ref
1775245141299,0,monitor_data.speed_ref
1775245141300,0,monitor_data.speed_ref
1775245141301,0,monitor_data.speed_ref
1775245141302,0,monitor_data.speed_ref
1775245141303,0,monitor_data.speed_ref
1775245141304,0,monitor_data.speed_ref
1775245141305,0,monitor_data.speed_ref
1775245141306,0,monitor_data.speed_ref
1775245141307,0,monitor_data.speed_ref
1775245141308,0,monitor_data.speed_ref
1775245141309,0,monitor_data.speed_ref
1775245141310,0,monitor_data.speed_ref
1775245141311,0,monitor_data.speed_ref
1775245141312,0,monitor_data.speed_ref
1775245141313,0,monitor_data.speed_ref
1775245141314,0,monitor_data.speed_ref
1775245141315,0,monitor_data.speed_ref
1775245141316,0,monitor_data.speed_ref
1775245141317,0,monitor_data.speed_ref
1775245141318,0,monitor_data.speed_ref
1775245141319,0,monitor_data.speed_ref
1775245141320,0,monitor_data.speed_ref
1775245141321,0,monitor_data.speed_ref
1775245141322,0,monitor_data.speed_ref
1775245141323,0,monitor_data.speed_ref
1775245141324,0,monitor_data.speed_ref
1775245141325,0,monitor_data.speed_ref
1775245141326,0,monitor_data.speed_ref
1775245141327,0,monitor_data.speed_ref
1775245141328,0,monitor_data.speed_ref
1775245141329,0,monitor_data.speed_ref
1775245141330,0,monitor_data.speed_ref
1775245141331,0,monitor_data.speed_ref
1775245141332,0,monitor_data.speed_ref
1775245141333,0,monitor_data.speed_ref
1775245141334,0,monitor_data.speed_ref
1775245141335,0,monitor_data.speed_ref
1775245141336,0,monitor_data.speed_ref
1775245141337,0,monitor_data.speed_ref
1775245141338,0,monitor_data.speed_ref
1775245141288,3.649723768234253,monitor_data.theta_mech
1775245141289,3.6504907608032227,monitor_data.theta_mech
1775245141290,3.6504907608032227,monitor_data.theta_mech
1775245141291,3.6512577533721924,monitor_data.theta_mech
1775245141292,3.650874376296997,monitor_data.theta_mech
1775245141293,3.6504907608032227,monitor_data.theta_mech
1775245141294,3.648956775665283,monitor_data.theta_mech
1775245141295,3.6501073837280273,monitor_data.theta_mech
1775245141296,3.6504907608032227,monitor_data.theta_mech
1775245141297,3.649723768234253,monitor_data.theta_mech
1775245141298,3.6501073837280273,monitor_data.theta_mech
1775245141299,3.649723768234253,monitor_data.theta_mech
1775245141300,3.6501073837280273,monitor_data.theta_mech
1775245141301,3.649723768234253,monitor_data.theta_mech
1775245141302,3.6504907608032227,monitor_data.theta_mech
1775245141303,3.649723768234253,monitor_data.theta_mech
1775245141304,3.650874376296997,monitor_data.theta_mech
1775245141305,3.6504907608032227,monitor_data.theta_mech
1775245141306,3.6504907608032227,monitor_data.theta_mech
1775245141307,3.6512577533721924,monitor_data.theta_mech
1775245141308,3.648573398590088,monitor_data.theta_mech
1775245141309,3.649723768234253,monitor_data.theta_mech
1775245141310,3.649723768234253,monitor_data.theta_mech
1775245141311,3.650874376296997,monitor_data.theta_mech
1775245141312,3.6493403911590576,monitor_data.theta_mech
1775245141313,3.6493403911590576,monitor_data.theta_mech
1775245141314,3.6501073837280273,monitor_data.theta_mech
1775245141315,3.6504907608032227,monitor_data.theta_mech
1775245141316,3.650874376296997,monitor_data.theta_mech
1775245141317,3.6504907608032227,monitor_data.theta_mech
1775245141318,3.6493403911590576,monitor_data.theta_mech
1775245141319,3.649723768234253,monitor_data.theta_mech
1775245141320,3.6504907608032227,monitor_data.theta_mech
1775245141321,3.6493403911590576,monitor_data.theta_mech
1775245141322,3.6512577533721924,monitor_data.theta_mech
1775245141323,3.6504907608032227,monitor_data.theta_mech
1775245141324,3.649723768234253,monitor_data.theta_mech
1775245141325,3.648956775665283,monitor_data.theta_mech
1775245141326,3.6504907608032227,monitor_data.theta_mech
1775245141327,3.6512577533721924,monitor_data.theta_mech
1775245141328,3.650874376296997,monitor_data.theta_mech
1775245141329,3.6504907608032227,monitor_data.theta_mech
1775245141330,3.649723768234253,monitor_data.theta_mech
1775245141331,3.6504907608032227,monitor_data.theta_mech
1775245141332,3.6512577533721924,monitor_data.theta_mech
1775245141333,3.649723768234253,monitor_data.theta_mech
1775245141334,3.6504907608032227,monitor_data.theta_mech
1775245141335,3.6501073837280273,monitor_data.theta_mech
1775245141336,3.650874376296997,monitor_data.theta_mech
1775245141337,3.649723768234253,monitor_data.theta_mech
1775245141338,3.649723768234253,monitor_data.theta_mech
1775245141339,0,monitor_data.speed_ref
1775245141340,0,monitor_data.speed_ref
1775245141341,0,monitor_data.speed_ref
1775245141342,0,monitor_data.speed_ref
1775245141343,0,monitor_data.speed_ref
1775245141344,0,monitor_data.speed_ref
1775245141345,0,monitor_data.speed_ref
1775245141346,0,monitor_data.speed_ref
1775245141347,0,monitor_data.speed_ref
1775245141348,0,monitor_data.speed_ref
1775245141349,0,monitor_data.speed_ref
1775245141350,0,monitor_data.speed_ref
1775245141351,0,monitor_data.speed_ref
1775245141352,0,monitor_data.speed_ref
1775245141353,0,monitor_data.speed_ref
1775245141354,0,monitor_data.speed_ref
1775245141355,0,monitor_data.speed_ref
1775245141356,0,monitor_data.speed_ref
1775245141357,0,monitor_data.speed_ref
1775245141358,0,monitor_data.speed_ref
1775245141359,0,monitor_data.speed_ref
1775245141360,0,monitor_data.speed_ref
1775245141361,0,monitor_data.speed_ref
1775245141362,0,monitor_data.speed_ref
1775245141363,0,monitor_data.speed_ref
1775245141364,0,monitor_data.speed_ref
1775245141365,0,monitor_data.speed_ref
1775245141366,0,monitor_data.speed_ref
1775245141367,0,monitor_data.speed_ref
1775245141368,0,monitor_data.speed_ref
1775245141369,0,monitor_data.speed_ref
1775245141370,0,monitor_data.speed_ref
1775245141371,0,monitor_data.speed_ref
1775245141372,0,monitor_data.speed_ref
1775245141373,0,monitor_data.speed_ref
1775245141374,0,monitor_data.speed_ref
1775245141375,0,monitor_data.speed_ref
1775245141376,0,monitor_data.speed_ref
1775245141377,0,monitor_data.speed_ref
1775245141378,0,monitor_data.speed_ref
1775245141379,0,monitor_data.speed_ref
1775245141380,0,monitor_data.speed_ref
1775245141381,0,monitor_data.speed_ref
1775245141382,0,monitor_data.speed_ref
1775245141383,0,monitor_data.speed_ref
1775245141384,0,monitor_data.speed_ref
1775245141385,0,monitor_data.speed_ref
1775245141386,0,monitor_data.speed_ref
1775245141387,0,monitor_data.speed_ref
1775245141388,0,monitor_data.speed_ref
1775245141339,3.649723768234253,monitor_data.theta_mech
1775245141340,3.6512577533721924,monitor_data.theta_mech
1775245141341,3.649723768234253,monitor_data.theta_mech
1775245141342,3.6504907608032227,monitor_data.theta_mech
1775245141343,3.649723768234253,monitor_data.theta_mech
1775245141344,3.649723768234253,monitor_data.theta_mech
1775245141345,3.6504907608032227,monitor_data.theta_mech
1775245141346,3.649723768234253,monitor_data.theta_mech
1775245141347,3.649723768234253,monitor_data.theta_mech
1775245141348,3.6504907608032227,monitor_data.theta_mech
1775245141349,3.649723768234253,monitor_data.theta_mech
1775245141350,3.650874376296997,monitor_data.theta_mech
1775245141351,3.649723768234253,monitor_data.theta_mech
1775245141352,3.6501073837280273,monitor_data.theta_mech
1775245141353,3.650874376296997,monitor_data.theta_mech
1775245141354,3.6501073837280273,monitor_data.theta_mech
1775245141355,3.650874376296997,monitor_data.theta_mech
1775245141356,3.6504907608032227,monitor_data.theta_mech
1775245141357,3.6501073837280273,monitor_data.theta_mech
1775245141358,3.6493403911590576,monitor_data.theta_mech
1775245141359,3.6504907608032227,monitor_data.theta_mech
1775245141360,3.649723768234253,monitor_data.theta_mech
1775245141361,3.649723768234253,monitor_data.theta_mech
1775245141362,3.649723768234253,monitor_data.theta_mech
1775245141363,3.649723768234253,monitor_data.theta_mech
1775245141364,3.6504907608032227,monitor_data.theta_mech
1775245141365,3.649723768234253,monitor_data.theta_mech
1775245141366,3.6493403911590576,monitor_data.theta_mech
1775245141367,3.6501073837280273,monitor_data.theta_mech
1775245141368,3.6501073837280273,monitor_data.theta_mech
1775245141369,3.6504907608032227,monitor_data.theta_mech
1775245141370,3.6501073837280273,monitor_data.theta_mech
1775245141371,3.6504907608032227,monitor_data.theta_mech
1775245141372,3.6501073837280273,monitor_data.theta_mech
1775245141373,3.6504907608032227,monitor_data.theta_mech
1775245141374,3.6493403911590576,monitor_data.theta_mech
1775245141375,3.6501073837280273,monitor_data.theta_mech
1775245141376,3.649723768234253,monitor_data.theta_mech
1775245141377,3.6501073837280273,monitor_data.theta_mech
1775245141378,3.649723768234253,monitor_data.theta_mech
1775245141379,3.6501073837280273,monitor_data.theta_mech
1775245141380,3.6501073837280273,monitor_data.theta_mech
1775245141381,3.6493403911590576,monitor_data.theta_mech
1775245141382,3.6501073837280273,monitor_data.theta_mech
1775245141383,3.6501073837280273,monitor_data.theta_mech
1775245141384,3.6501073837280273,monitor_data.theta_mech
1775245141385,3.6501073837280273,monitor_data.theta_mech
1775245141386,3.649723768234253,monitor_data.theta_mech
1775245141387,3.6501073837280273,monitor_data.theta_mech
1775245141388,3.6501073837280273,monitor_data.theta_mech
1775245141389,0,monitor_data.speed_ref
1775245141390,0,monitor_data.speed_ref
1775245141391,0,monitor_data.speed_ref
1775245141392,0,monitor_data.speed_ref
1775245141393,0,monitor_data.speed_ref
1775245141394,0,monitor_data.speed_ref
1775245141395,0,monitor_data.speed_ref
1775245141396,0,monitor_data.speed_ref
1775245141397,0,monitor_data.speed_ref
1775245141398,0,monitor_data.speed_ref
1775245141399,0,monitor_data.speed_ref
1775245141400,0,monitor_data.speed_ref
1775245141401,0,monitor_data.speed_ref
1775245141402,0,monitor_data.speed_ref
1775245141403,0,monitor_data.speed_ref
1775245141404,0,monitor_data.speed_ref
1775245141405,0,monitor_data.speed_ref
1775245141406,0,monitor_data.speed_ref
1775245141407,0,monitor_data.speed_ref
1775245141408,0,monitor_data.speed_ref
1775245141409,0,monitor_data.speed_ref
1775245141410,0,monitor_data.speed_ref
1775245141411,0,monitor_data.speed_ref
1775245141412,0,monitor_data.speed_ref
1775245141413,0,monitor_data.speed_ref
1775245141414,0,monitor_data.speed_ref
1775245141415,0,monitor_data.speed_ref
1775245141416,0,monitor_data.speed_ref
1775245141417,0,monitor_data.speed_ref
1775245141418,0,monitor_data.speed_ref
1775245141419,0,monitor_data.speed_ref
1775245141420,0,monitor_data.speed_ref
1775245141421,0,monitor_data.speed_ref
1775245141422,0,monitor_data.speed_ref
1775245141423,0,monitor_data.speed_ref
1775245141424,0,monitor_data.speed_ref
1775245141425,0,monitor_data.speed_ref
1775245141426,0,monitor_data.speed_ref
1775245141427,0,monitor_data.speed_ref
1775245141428,0,monitor_data.speed_ref
1775245141429,0,monitor_data.speed_ref
1775245141430,0,monitor_data.speed_ref
1775245141431,0,monitor_data.speed_ref
1775245141432,0,monitor_data.speed_ref
1775245141433,0,monitor_data.speed_ref
1775245141434,0,monitor_data.speed_ref
1775245141435,0,monitor_data.speed_ref
1775245141436,0,monitor_data.speed_ref
1775245141437,0,monitor_data.speed_ref
1775245141438,0,monitor_data.speed_ref
1775245141389,3.649723768234253,monitor_data.theta_mech
1775245141390,3.6501073837280273,monitor_data.theta_mech
1775245141391,3.6504907608032227,monitor_data.theta_mech
1775245141392,3.6504907608032227,monitor_data.theta_mech
1775245141393,3.6501073837280273,monitor_data.theta_mech
1775245141394,3.6501073837280273,monitor_data.theta_mech
1775245141395,3.649723768234253,monitor_data.theta_mech
1775245141396,3.6501073837280273,monitor_data.theta_mech
1775245141397,3.650874376296997,monitor_data.theta_mech
1775245141398,3.6501073837280273,monitor_data.theta_mech
1775245141399,3.650874376296997,monitor_data.theta_mech
1775245141400,3.6512577533721924,monitor_data.theta_mech
1775245141401,3.6504907608032227,monitor_data.theta_mech
1775245141402,3.6504907608032227,monitor_data.theta_mech
1775245141403,3.6504907608032227,monitor_data.theta_mech
1775245141404,3.6512577533721924,monitor_data.theta_mech
1775245141405,3.6501073837280273,monitor_data.theta_mech
1775245141406,3.6501073837280273,monitor_data.theta_mech
1775245141407,3.6504907608032227,monitor_data.theta_mech
1775245141408,3.649723768234253,monitor_data.theta_mech
1775245141409,3.6493403911590576,monitor_data.theta_mech
1775245141410,3.6501073837280273,monitor_data.theta_mech
1775245141411,3.6493403911590576,monitor_data.theta_mech
1775245141412,3.6504907608032227,monitor_data.theta_mech
1775245141413,3.649723768234253,monitor_data.theta_mech
1775245141414,3.649723768234253,monitor_data.theta_mech
1775245141415,3.6493403911590576,monitor_data.theta_mech
1775245141416,3.648956775665283,monitor_data.theta_mech
1775245141417,3.650874376296997,monitor_data.theta_mech
1775245141418,3.650874376296997,monitor_data.theta_mech
1775245141419,3.6504907608032227,monitor_data.theta_mech
1775245141420,3.6504907608032227,monitor_data.theta_mech
1775245141421,3.6501073837280273,monitor_data.theta_mech
1775245141422,3.6501073837280273,monitor_data.theta_mech
1775245141423,3.649723768234253,monitor_data.theta_mech
1775245141424,3.649723768234253,monitor_data.theta_mech
1775245141425,3.6504907608032227,monitor_data.theta_mech
1775245141426,3.6504907608032227,monitor_data.theta_mech
1775245141427,3.649723768234253,monitor_data.theta_mech
1775245141428,3.648956775665283,monitor_data.theta_mech
1775245141429,3.6501073837280273,monitor_data.theta_mech
1775245141430,3.649723768234253,monitor_data.theta_mech
1775245141431,3.6501073837280273,monitor_data.theta_mech
1775245141432,3.650874376296997,monitor_data.theta_mech
1775245141433,3.6504907608032227,monitor_data.theta_mech
1775245141434,3.650874376296997,monitor_data.theta_mech
1775245141435,3.649723768234253,monitor_data.theta_mech
1775245141436,3.650874376296997,monitor_data.theta_mech
1775245141437,3.6504907608032227,monitor_data.theta_mech
1775245141438,3.6504907608032227,monitor_data.theta_mech
1775245141439,0,monitor_data.speed_ref
1775245141440,0,monitor_data.speed_ref
1775245141441,0,monitor_data.speed_ref
1775245141442,0,monitor_data.speed_ref
1775245141443,0,monitor_data.speed_ref
1775245141444,0,monitor_data.speed_ref
1775245141445,0,monitor_data.speed_ref
1775245141446,0,monitor_data.speed_ref
1775245141447,0,monitor_data.speed_ref
1775245141448,0,monitor_data.speed_ref
1775245141449,0,monitor_data.speed_ref
1775245141450,0,monitor_data.speed_ref
1775245141451,0,monitor_data.speed_ref
1775245141452,0,monitor_data.speed_ref
1775245141453,0,monitor_data.speed_ref
1775245141454,0,monitor_data.speed_ref
1775245141455,0,monitor_data.speed_ref
1775245141456,0,monitor_data.speed_ref
1775245141457,0,monitor_data.speed_ref
1775245141458,0,monitor_data.speed_ref
1775245141459,0,monitor_data.speed_ref
1775245141460,0,monitor_data.speed_ref
1775245141461,0,monitor_data.speed_ref
1775245141462,0,monitor_data.speed_ref
1775245141463,0,monitor_data.speed_ref
1775245141464,0,monitor_data.speed_ref
1775245141465,0,monitor_data.speed_ref
1775245141466,0,monitor_data.speed_ref
1775245141467,0,monitor_data.speed_ref
1775245141468,0,monitor_data.speed_ref
1775245141469,0,monitor_data.speed_ref
1775245141470,0,monitor_data.speed_ref
1775245141471,0,monitor_data.speed_ref
1775245141472,0,monitor_data.speed_ref
1775245141473,0,monitor_data.speed_ref
1775245141474,0,monitor_data.speed_ref
1775245141475,0,monitor_data.speed_ref
1775245141476,0,monitor_data.speed_ref
1775245141477,0,monitor_data.speed_ref
1775245141478,0,monitor_data.speed_ref
1775245141479,0,monitor_data.speed_ref
1775245141480,0,monitor_data.speed_ref
1775245141481,0,monitor_data.speed_ref
1775245141482,0,monitor_data.speed_ref
1775245141483,0,monitor_data.speed_ref
1775245141484,0,monitor_data.speed_ref
1775245141485,0,monitor_data.speed_ref
1775245141486,0,monitor_data.speed_ref
1775245141487,0,monitor_data.speed_ref
1775245141488,0,monitor_data.speed_ref
1775245141439,3.6501073837280273,monitor_data.theta_mech
1775245141440,3.6512577533721924,monitor_data.theta_mech
1775245141441,3.649723768234253,monitor_data.theta_mech
1775245141442,3.648956775665283,monitor_data.theta_mech
1775245141443,3.6501073837280273,monitor_data.theta_mech
1775245141444,3.6493403911590576,monitor_data.theta_mech
1775245141445,3.6504907608032227,monitor_data.theta_mech
1775245141446,3.6501073837280273,monitor_data.theta_mech
1775245141447,3.6501073837280273,monitor_data.theta_mech
1775245141448,3.6501073837280273,monitor_data.theta_mech
1775245141449,3.6501073837280273,monitor_data.theta_mech
1775245141450,3.6501073837280273,monitor_data.theta_mech
1775245141451,3.6493403911590576,monitor_data.theta_mech
1775245141452,3.650874376296997,monitor_data.theta_mech
1775245141453,3.6501073837280273,monitor_data.theta_mech
1775245141454,3.6501073837280273,monitor_data.theta_mech
1775245141455,3.650874376296997,monitor_data.theta_mech
1775245141456,3.6501073837280273,monitor_data.theta_mech
1775245141457,3.650874376296997,monitor_data.theta_mech
1775245141458,3.6501073837280273,monitor_data.theta_mech
1775245141459,3.650874376296997,monitor_data.theta_mech
1775245141460,3.6504907608032227,monitor_data.theta_mech
1775245141461,3.649723768234253,monitor_data.theta_mech
1775245141462,3.6504907608032227,monitor_data.theta_mech
1775245141463,3.6504907608032227,monitor_data.theta_mech
1775245141464,3.648956775665283,monitor_data.theta_mech
1775245141465,3.6504907608032227,monitor_data.theta_mech
1775245141466,3.6501073837280273,monitor_data.theta_mech
1775245141467,3.6501073837280273,monitor_data.theta_mech
1775245141468,3.649723768234253,monitor_data.theta_mech
1775245141469,3.650874376296997,monitor_data.theta_mech
1775245141470,3.6512577533721924,monitor_data.theta_mech
1775245141471,3.6501073837280273,monitor_data.theta_mech
1775245141472,3.6501073837280273,monitor_data.theta_mech
1775245141473,3.6501073837280273,monitor_data.theta_mech
1775245141474,3.649723768234253,monitor_data.theta_mech
1775245141475,3.6512577533721924,monitor_data.theta_mech
1775245141476,3.6501073837280273,monitor_data.theta_mech
1775245141477,3.6501073837280273,monitor_data.theta_mech
1775245141478,3.649723768234253,monitor_data.theta_mech
1775245141479,3.649723768234253,monitor_data.theta_mech
1775245141480,3.650874376296997,monitor_data.theta_mech
1775245141481,3.6504907608032227,monitor_data.theta_mech
1775245141482,3.649723768234253,monitor_data.theta_mech
1775245141483,3.6493403911590576,monitor_data.theta_mech
1775245141484,3.649723768234253,monitor_data.theta_mech
1775245141485,3.649723768234253,monitor_data.theta_mech
1775245141486,3.6504907608032227,monitor_data.theta_mech
1775245141487,3.6501073837280273,monitor_data.theta_mech
1775245141488,3.6493403911590576,monitor_data.theta_mech
1775245141489,0,monitor_data.speed_ref
1775245141490,0,monitor_data.speed_ref
1775245141491,0,monitor_data.speed_ref
1775245141492,0,monitor_data.speed_ref
1775245141493,0,monitor_data.speed_ref
1775245141494,0,monitor_data.speed_ref
1775245141495,0,monitor_data.speed_ref
1775245141496,0,monitor_data.speed_ref
1775245141497,0,monitor_data.speed_ref
1775245141498,0,monitor_data.speed_ref
1775245141499,0,monitor_data.speed_ref
1775245141500,0,monitor_data.speed_ref
1775245141501,0,monitor_data.speed_ref
1775245141502,0,monitor_data.speed_ref
1775245141503,0,monitor_data.speed_ref
1775245141504,0,monitor_data.speed_ref
1775245141505,0,monitor_data.speed_ref
1775245141506,0,monitor_data.speed_ref
1775245141507,0,monitor_data.speed_ref
1775245141508,0,monitor_data.speed_ref
1775245141509,0,monitor_data.speed_ref
1775245141510,0,monitor_data.speed_ref
1775245141511,0,monitor_data.speed_ref
1775245141512,0,monitor_data.speed_ref
1775245141513,0,monitor_data.speed_ref
1775245141514,0,monitor_data.speed_ref
1775245141515,0,monitor_data.speed_ref
1775245141516,0,monitor_data.speed_ref
1775245141517,0,monitor_data.speed_ref
1775245141518,0,monitor_data.speed_ref
1775245141519,0,monitor_data.speed_ref
1775245141520,0,monitor_data.speed_ref
1775245141521,0,monitor_data.speed_ref
1775245141522,0,monitor_data.speed_ref
1775245141523,0,monitor_data.speed_ref
1775245141524,0,monitor_data.speed_ref
1775245141525,0,monitor_data.speed_ref
1775245141526,0,monitor_data.speed_ref
1775245141527,0,monitor_data.speed_ref
1775245141528,0,monitor_data.speed_ref
1775245141529,0,monitor_data.speed_ref
1775245141530,0,monitor_data.speed_ref
1775245141531,0,monitor_data.speed_ref
1775245141532,0,monitor_data.speed_ref
1775245141533,0,monitor_data.speed_ref
1775245141534,0,monitor_data.speed_ref
1775245141535,0,monitor_data.speed_ref
1775245141536,0,monitor_data.speed_ref
1775245141537,0,monitor_data.speed_ref
1775245141538,0,monitor_data.speed_ref
1775245141489,3.649723768234253,monitor_data.theta_mech
1775245141490,3.6504907608032227,monitor_data.theta_mech
1775245141491,3.6501073837280273,monitor_data.theta_mech
1775245141492,3.6501073837280273,monitor_data.theta_mech
1775245141493,3.6501073837280273,monitor_data.theta_mech
1775245141494,3.6504907608032227,monitor_data.theta_mech
1775245141495,3.650874376296997,monitor_data.theta_mech
1775245141496,3.650874376296997,monitor_data.theta_mech
1775245141497,3.649723768234253,monitor_data.theta_mech
1775245141498,3.649723768234253,monitor_data.theta_mech
1775245141499,3.6493403911590576,monitor_data.theta_mech
1775245141500,3.6501073837280273,monitor_data.theta_mech
1775245141501,3.6501073837280273,monitor_data.theta_mech
1775245141502,3.649723768234253,monitor_data.theta_mech
1775245141503,3.6501073837280273,monitor_data.theta_mech
1775245141504,3.6493403911590576,monitor_data.theta_mech
1775245141505,3.6501073837280273,monitor_data.theta_mech
1775245141506,3.650874376296997,monitor_data.theta_mech
1775245141507,3.6501073837280273,monitor_data.theta_mech
1775245141508,3.649723768234253,monitor_data.theta_mech
1775245141509,3.6504907608032227,monitor_data.theta_mech
1775245141510,3.6504907608032227,monitor_data.theta_mech
1775245141511,3.6501073837280273,monitor_data.theta_mech
1775245141512,3.649723768234253,monitor_data.theta_mech
1775245141513,3.6504907608032227,monitor_data.theta_mech
1775245141514,3.649723768234253,monitor_data.theta_mech
1775245141515,3.649723768234253,monitor_data.theta_mech
1775245141516,3.649723768234253,monitor_data.theta_mech
1775245141517,3.649723768234253,monitor_data.theta_mech
1775245141518,3.6504907608032227,monitor_data.theta_mech
1775245141519,3.6504907608032227,monitor_data.theta_mech
1775245141520,3.648956775665283,monitor_data.theta_mech
1775245141521,3.650874376296997,monitor_data.theta_mech
1775245141522,3.6504907608032227,monitor_data.theta_mech
1775245141523,3.6504907608032227,monitor_data.theta_mech
1775245141524,3.6501073837280273,monitor_data.theta_mech
1775245141525,3.6512577533721924,monitor_data.theta_mech
1775245141526,3.6501073837280273,monitor_data.theta_mech
1775245141527,3.6504907608032227,monitor_data.theta_mech
1775245141528,3.6501073837280273,monitor_data.theta_mech
1775245141529,3.649723768234253,monitor_data.theta_mech
1775245141530,3.6504907608032227,monitor_data.theta_mech
1775245141531,3.6501073837280273,monitor_data.theta_mech
1775245141532,3.649723768234253,monitor_data.theta_mech
1775245141533,3.649723768234253,monitor_data.theta_mech
1775245141534,3.6504907608032227,monitor_data.theta_mech
1775245141535,3.6504907608032227,monitor_data.theta_mech
1775245141536,3.6504907608032227,monitor_data.theta_mech
1775245141537,3.6501073837280273,monitor_data.theta_mech
1775245141538,3.6501073837280273,monitor_data.theta_mech
1775245141539,0,monitor_data.speed_ref
1775245141540,0,monitor_data.speed_ref
1775245141541,0,monitor_data.speed_ref
1775245141542,0,monitor_data.speed_ref
1775245141543,0,monitor_data.speed_ref
1775245141544,0,monitor_data.speed_ref
1775245141545,0,monitor_data.speed_ref
1775245141546,0,monitor_data.speed_ref
1775245141547,0,monitor_data.speed_ref
1775245141548,0,monitor_data.speed_ref
1775245141549,0,monitor_data.speed_ref
1775245141550,0,monitor_data.speed_ref
1775245141551,0,monitor_data.speed_ref
1775245141552,0,monitor_data.speed_ref
1775245141553,0,monitor_data.speed_ref
1775245141554,0,monitor_data.speed_ref
1775245141555,0,monitor_data.speed_ref
1775245141556,0,monitor_data.speed_ref
1775245141557,0,monitor_data.speed_ref
1775245141558,0,monitor_data.speed_ref
1775245141559,0,monitor_data.speed_ref
1775245141560,0,monitor_data.speed_ref
1775245141561,0,monitor_data.speed_ref
1775245141562,0,monitor_data.speed_ref
1775245141563,0,monitor_data.speed_ref
1775245141564,0,monitor_data.speed_ref
1775245141565,0,monitor_data.speed_ref
1775245141566,0,monitor_data.speed_ref
1775245141567,0,monitor_data.speed_ref
1775245141568,0,monitor_data.speed_ref
1775245141569,0,monitor_data.speed_ref
1775245141570,0,monitor_data.speed_ref
1775245141571,0,monitor_data.speed_ref
1775245141572,0,monitor_data.speed_ref
1775245141573,0,monitor_data.speed_ref
1775245141574,0,monitor_data.speed_ref
1775245141575,0,monitor_data.speed_ref
1775245141576,0,monitor_data.speed_ref
1775245141577,0,monitor_data.speed_ref
1775245141578,0,monitor_data.speed_ref
1775245141579,0,monitor_data.speed_ref
1775245141580,0,monitor_data.speed_ref
1775245141581,0,monitor_data.speed_ref
1775245141582,0,monitor_data.speed_ref
1775245141583,0,monitor_data.speed_ref
1775245141584,0,monitor_data.speed_ref
1775245141585,0,monitor_data.speed_ref
1775245141586,0,monitor_data.speed_ref
1775245141587,0,monitor_data.speed_ref
1775245141588,0,monitor_data.speed_ref
1775245141539,3.650874376296997,monitor_data.theta_mech
1775245141540,3.6512577533721924,monitor_data.theta_mech
1775245141541,3.6501073837280273,monitor_data.theta_mech
1775245141542,3.6493403911590576,monitor_data.theta_mech
1775245141543,3.6501073837280273,monitor_data.theta_mech
1775245141544,3.6501073837280273,monitor_data.theta_mech
1775245141545,3.649723768234253,monitor_data.theta_mech
1775245141546,3.649723768234253,monitor_data.theta_mech
1775245141547,3.649723768234253,monitor_data.theta_mech
1775245141548,3.649723768234253,monitor_data.theta_mech
1775245141549,3.6493403911590576,monitor_data.theta_mech
1775245141550,3.6504907608032227,monitor_data.theta_mech
1775245141551,3.6501073837280273,monitor_data.theta_mech
1775245141552,3.6504907608032227,monitor_data.theta_mech
1775245141553,3.649723768234253,monitor_data.theta_mech
1775245141554,3.6501073837280273,monitor_data.theta_mech
1775245141555,3.649723768234253,monitor_data.theta_mech
1775245141556,3.6504907608032227,monitor_data.theta_mech
1775245141557,3.649723768234253,monitor_data.theta_mech
1775245141558,3.6501073837280273,monitor_data.theta_mech
1775245141559,3.6504907608032227,monitor_data.theta_mech
1775245141560,3.6493403911590576,monitor_data.theta_mech
1775245141561,3.6501073837280273,monitor_data.theta_mech
1775245141562,3.649723768234253,monitor_data.theta_mech
1775245141563,3.6504907608032227,monitor_data.theta_mech
1775245141564,3.648573398590088,monitor_data.theta_mech
1775245141565,3.6493403911590576,monitor_data.theta_mech
1775245141566,3.6512577533721924,monitor_data.theta_mech
1775245141567,3.6512577533721924,monitor_data.theta_mech
1775245141568,3.6493403911590576,monitor_data.theta_mech
1775245141569,3.6493403911590576,monitor_data.theta_mech
1775245141570,3.650874376296997,monitor_data.theta_mech
1775245141571,3.6504907608032227,monitor_data.theta_mech
1775245141572,3.6493403911590576,monitor_data.theta_mech
1775245141573,3.649723768234253,monitor_data.theta_mech
1775245141574,3.6501073837280273,monitor_data.theta_mech
1775245141575,3.650874376296997,monitor_data.theta_mech
1775245141576,3.649723768234253,monitor_data.theta_mech
1775245141577,3.6501073837280273,monitor_data.theta_mech
1775245141578,3.6493403911590576,monitor_data.theta_mech
1775245141579,3.650874376296997,monitor_data.theta_mech
1775245141580,3.6504907608032227,monitor_data.theta_mech
1775245141581,3.6504907608032227,monitor_data.theta_mech
1775245141582,3.6504907608032227,monitor_data.theta_mech
1775245141583,3.6504907608032227,monitor_data.theta_mech
1775245141584,3.649723768234253,monitor_data.theta_mech
1775245141585,3.650874376296997,monitor_data.theta_mech
1775245141586,3.650874376296997,monitor_data.theta_mech
1775245141587,3.6512577533721924,monitor_data.theta_mech
1775245141588,3.650874376296997,monitor_data.theta_mech
1775245141589,0,monitor_data.speed_ref
1775245141590,0,monitor_data.speed_ref
1775245141591,0,monitor_data.speed_ref
1775245141592,0,monitor_data.speed_ref
1775245141593,0,monitor_data.speed_ref
1775245141594,0,monitor_data.speed_ref
1775245141595,0,monitor_data.speed_ref
1775245141596,0,monitor_data.speed_ref
1775245141597,0,monitor_data.speed_ref
1775245141598,0,monitor_data.speed_ref
1775245141599,0,monitor_data.speed_ref
1775245141600,0,monitor_data.speed_ref
1775245141601,0,monitor_data.speed_ref
1775245141602,0,monitor_data.speed_ref
1775245141603,0,monitor_data.speed_ref
1775245141604,0,monitor_data.speed_ref
1775245141605,0,monitor_data.speed_ref
1775245141606,0,monitor_data.speed_ref
1775245141607,0,monitor_data.speed_ref
1775245141608,0,monitor_data.speed_ref
1775245141609,0,monitor_data.speed_ref
1775245141610,0,monitor_data.speed_ref
1775245141611,0,monitor_data.speed_ref
1775245141612,0,monitor_data.speed_ref
1775245141613,0,monitor_data.speed_ref
1775245141614,0,monitor_data.speed_ref
1775245141615,0,monitor_data.speed_ref
1775245141616,0,monitor_data.speed_ref
1775245141617,0,monitor_data.speed_ref
1775245141618,0,monitor_data.speed_ref
1775245141619,0,monitor_data.speed_ref
1775245141620,0,monitor_data.speed_ref
1775245141621,0,monitor_data.speed_ref
1775245141622,0,monitor_data.speed_ref
1775245141623,0,monitor_data.speed_ref
1775245141624,0,monitor_data.speed_ref
1775245141625,0,monitor_data.speed_ref
1775245141626,0,monitor_data.speed_ref
1775245141627,0,monitor_data.speed_ref
1775245141628,0,monitor_data.speed_ref
1775245141629,0,monitor_data.speed_ref
1775245141630,0,monitor_data.speed_ref
1775245141631,0,monitor_data.speed_ref
1775245141632,0,monitor_data.speed_ref
1775245141633,0,monitor_data.speed_ref
1775245141634,0,monitor_data.speed_ref
1775245141635,0,monitor_data.speed_ref
1775245141636,0,monitor_data.speed_ref
1775245141637,0,monitor_data.speed_ref
1775245141589,3.6501073837280273,monitor_data.theta_mech
1775245141590,3.6501073837280273,monitor_data.theta_mech
1775245141591,3.649723768234253,monitor_data.theta_mech
1775245141592,3.6512577533721924,monitor_data.theta_mech
1775245141593,3.6504907608032227,monitor_data.theta_mech
1775245141594,3.649723768234253,monitor_data.theta_mech
1775245141595,3.650874376296997,monitor_data.theta_mech
1775245141596,3.6504907608032227,monitor_data.theta_mech
1775245141597,3.6504907608032227,monitor_data.theta_mech
1775245141598,3.6501073837280273,monitor_data.theta_mech
1775245141599,3.6501073837280273,monitor_data.theta_mech
1775245141600,3.6501073837280273,monitor_data.theta_mech
1775245141601,3.6501073837280273,monitor_data.theta_mech
1775245141602,3.6501073837280273,monitor_data.theta_mech
1775245141603,3.6493403911590576,monitor_data.theta_mech
1775245141604,3.648956775665283,monitor_data.theta_mech
1775245141605,3.650874376296997,monitor_data.theta_mech
1775245141606,3.6501073837280273,monitor_data.theta_mech
1775245141607,3.6493403911590576,monitor_data.theta_mech
1775245141608,3.6504907608032227,monitor_data.theta_mech
1775245141609,3.650874376296997,monitor_data.theta_mech
1775245141610,3.649723768234253,monitor_data.theta_mech
1775245141611,3.649723768234253,monitor_data.theta_mech
1775245141612,3.6504907608032227,monitor_data.theta_mech
1775245141613,3.6504907608032227,monitor_data.theta_mech
1775245141614,3.650874376296997,monitor_data.theta_mech
1775245141615,3.6504907608032227,monitor_data.theta_mech
1775245141616,3.6504907608032227,monitor_data.theta_mech
1775245141617,3.6501073837280273,monitor_data.theta_mech
1775245141618,3.6504907608032227,monitor_data.theta_mech
1775245141619,3.6501073837280273,monitor_data.theta_mech
1775245141620,3.6501073837280273,monitor_data.theta_mech
1775245141621,3.6501073837280273,monitor_data.theta_mech
1775245141622,3.650874376296997,monitor_data.theta_mech
1775245141623,3.6501073837280273,monitor_data.theta_mech
1775245141624,3.6493403911590576,monitor_data.theta_mech
1775245141625,3.6504907608032227,monitor_data.theta_mech
1775245141626,3.6501073837280273,monitor_data.theta_mech
1775245141627,3.6504907608032227,monitor_data.theta_mech
1775245141628,3.6504907608032227,monitor_data.theta_mech
1775245141629,3.6501073837280273,monitor_data.theta_mech
1775245141630,3.649723768234253,monitor_data.theta_mech
1775245141631,3.650874376296997,monitor_data.theta_mech
1775245141632,3.649723768234253,monitor_data.theta_mech
1775245141633,3.6504907608032227,monitor_data.theta_mech
1775245141634,3.649723768234253,monitor_data.theta_mech
1775245141635,3.650874376296997,monitor_data.theta_mech
1775245141636,3.6504907608032227,monitor_data.theta_mech
1775245141637,3.649723768234253,monitor_data.theta_mech
1775245141638,0,monitor_data.speed_ref
1775245141639,0,monitor_data.speed_ref
1775245141640,0,monitor_data.speed_ref
1775245141641,0,monitor_data.speed_ref
1775245141642,0,monitor_data.speed_ref
1775245141643,0,monitor_data.speed_ref
1775245141644,0,monitor_data.speed_ref
1775245141645,0,monitor_data.speed_ref
1775245141646,0,monitor_data.speed_ref
1775245141647,0,monitor_data.speed_ref
1775245141648,0,monitor_data.speed_ref
1775245141649,0,monitor_data.speed_ref
1775245141650,0,monitor_data.speed_ref
1775245141651,0,monitor_data.speed_ref
1775245141652,0,monitor_data.speed_ref
1775245141653,0,monitor_data.speed_ref
1775245141654,0,monitor_data.speed_ref
1775245141655,0,monitor_data.speed_ref
1775245141656,0,monitor_data.speed_ref
1775245141657,0,monitor_data.speed_ref
1775245141658,0,monitor_data.speed_ref
1775245141659,0,monitor_data.speed_ref
1775245141660,0,monitor_data.speed_ref
1775245141661,0,monitor_data.speed_ref
1775245141662,0,monitor_data.speed_ref
1775245141663,0,monitor_data.speed_ref
1775245141664,0,monitor_data.speed_ref
1775245141665,0,monitor_data.speed_ref
1775245141666,0,monitor_data.speed_ref
1775245141667,0,monitor_data.speed_ref
1775245141668,0,monitor_data.speed_ref
1775245141669,0,monitor_data.speed_ref
1775245141670,0,monitor_data.speed_ref
1775245141671,0,monitor_data.speed_ref
1775245141672,0,monitor_data.speed_ref
1775245141673,0,monitor_data.speed_ref
1775245141674,0,monitor_data.speed_ref
1775245141675,0,monitor_data.speed_ref
1775245141676,0,monitor_data.speed_ref
1775245141677,0,monitor_data.speed_ref
1775245141678,0,monitor_data.speed_ref
1775245141679,0,monitor_data.speed_ref
1775245141680,0,monitor_data.speed_ref
1775245141681,0,monitor_data.speed_ref
1775245141682,0,monitor_data.speed_ref
1775245141683,0,monitor_data.speed_ref
1775245141684,0,monitor_data.speed_ref
1775245141685,0,monitor_data.speed_ref
1775245141686,0,monitor_data.speed_ref
1775245141687,0,monitor_data.speed_ref
1775245141688,0,monitor_data.speed_ref
1775245141638,3.649723768234253,monitor_data.theta_mech
1775245141639,3.649723768234253,monitor_data.theta_mech
1775245141640,3.649723768234253,monitor_data.theta_mech
1775245141641,3.6504907608032227,monitor_data.theta_mech
1775245141642,3.649723768234253,monitor_data.theta_mech
1775245141643,3.6493403911590576,monitor_data.theta_mech
1775245141644,3.650874376296997,monitor_data.theta_mech
1775245141645,3.650874376296997,monitor_data.theta_mech
1775245141646,3.648956775665283,monitor_data.theta_mech
1775245141647,3.6501073837280273,monitor_data.theta_mech
1775245141648,3.650874376296997,monitor_data.theta_mech
1775245141649,3.650874376296997,monitor_data.theta_mech
1775245141650,3.6504907608032227,monitor_data.theta_mech
1775245141651,3.6504907608032227,monitor_data.theta_mech
1775245141652,3.650874376296997,monitor_data.theta_mech
1775245141653,3.649723768234253,monitor_data.theta_mech
1775245141654,3.6504907608032227,monitor_data.theta_mech
1775245141655,3.649723768234253,monitor_data.theta_mech
1775245141656,3.648956775665283,monitor_data.theta_mech
1775245141657,3.650874376296997,monitor_data.theta_mech
1775245141658,3.649723768234253,monitor_data.theta_mech
1775245141659,3.648573398590088,monitor_data.theta_mech
1775245141660,3.6501073837280273,monitor_data.theta_mech
1775245141661,3.6493403911590576,monitor_data.theta_mech
1775245141662,3.6504907608032227,monitor_data.theta_mech
1775245141663,3.6512577533721924,monitor_data.theta_mech
1775245141664,3.649723768234253,monitor_data.theta_mech
1775245141665,3.6493403911590576,monitor_data.theta_mech
1775245141666,3.6501073837280273,monitor_data.theta_mech
1775245141667,3.6504907608032227,monitor_data.theta_mech
1775245141668,3.650874376296997,monitor_data.theta_mech
1775245141669,3.650874376296997,monitor_data.theta_mech
1775245141670,3.6504907608032227,monitor_data.theta_mech
1775245141671,3.6504907608032227,monitor_data.theta_mech
1775245141672,3.649723768234253,monitor_data.theta_mech
1775245141673,3.649723768234253,monitor_data.theta_mech
1775245141674,3.649723768234253,monitor_data.theta_mech
1775245141675,3.6504907608032227,monitor_data.theta_mech
1775245141676,3.6501073837280273,monitor_data.theta_mech
1775245141677,3.649723768234253,monitor_data.theta_mech
1775245141678,3.649723768234253,monitor_data.theta_mech
1775245141679,3.6504907608032227,monitor_data.theta_mech
1775245141680,3.6501073837280273,monitor_data.theta_mech
1775245141681,3.6504907608032227,monitor_data.theta_mech
1775245141682,3.649723768234253,monitor_data.theta_mech
1775245141683,3.6512577533721924,monitor_data.theta_mech
1775245141684,3.6504907608032227,monitor_data.theta_mech
1775245141685,3.649723768234253,monitor_data.theta_mech
1775245141686,3.649723768234253,monitor_data.theta_mech
1775245141687,3.650874376296997,monitor_data.theta_mech
1775245141688,3.6501073837280273,monitor_data.theta_mech
1775245141689,0,monitor_data.speed_ref
1775245141690,0,monitor_data.speed_ref
1775245141691,0,monitor_data.speed_ref
1775245141692,0,monitor_data.speed_ref
1775245141693,0,monitor_data.speed_ref
1775245141694,0,monitor_data.speed_ref
1775245141695,0,monitor_data.speed_ref
1775245141696,0,monitor_data.speed_ref
1775245141697,0,monitor_data.speed_ref
1775245141698,0,monitor_data.speed_ref
1775245141699,0,monitor_data.speed_ref
1775245141700,0,monitor_data.speed_ref
1775245141701,0,monitor_data.speed_ref
1775245141702,0,monitor_data.speed_ref
1775245141703,0,monitor_data.speed_ref
1775245141704,0,monitor_data.speed_ref
1775245141705,0,monitor_data.speed_ref
1775245141706,0,monitor_data.speed_ref
1775245141707,0,monitor_data.speed_ref
1775245141708,0,monitor_data.speed_ref
1775245141709,0,monitor_data.speed_ref
1775245141710,0,monitor_data.speed_ref
1775245141711,0,monitor_data.speed_ref
1775245141712,0,monitor_data.speed_ref
1775245141713,0,monitor_data.speed_ref
1775245141714,0,monitor_data.speed_ref
1775245141715,0,monitor_data.speed_ref
1775245141716,0,monitor_data.speed_ref
1775245141717,0,monitor_data.speed_ref
1775245141718,0,monitor_data.speed_ref
1775245141719,0,monitor_data.speed_ref
1775245141720,0,monitor_data.speed_ref
1775245141721,0,monitor_data.speed_ref
1775245141722,0,monitor_data.speed_ref
1775245141723,0,monitor_data.speed_ref
1775245141724,0,monitor_data.speed_ref
1775245141725,0,monitor_data.speed_ref
1775245141726,0,monitor_data.speed_ref
1775245141727,0,monitor_data.speed_ref
1775245141728,0,monitor_data.speed_ref
1775245141729,0,monitor_data.speed_ref
1775245141730,0,monitor_data.speed_ref
1775245141731,0,monitor_data.speed_ref
1775245141732,0,monitor_data.speed_ref
1775245141733,0,monitor_data.speed_ref
1775245141734,0,monitor_data.speed_ref
1775245141735,0,monitor_data.speed_ref
1775245141736,0,monitor_data.speed_ref
1775245141737,0,monitor_data.speed_ref
1775245141738,0,monitor_data.speed_ref
1775245141739,0,monitor_data.speed_ref
1775245141689,3.650874376296997,monitor_data.theta_mech
1775245141690,3.6501073837280273,monitor_data.theta_mech
1775245141691,3.6504907608032227,monitor_data.theta_mech
1775245141692,3.649723768234253,monitor_data.theta_mech
1775245141693,3.649723768234253,monitor_data.theta_mech
1775245141694,3.6501073837280273,monitor_data.theta_mech
1775245141695,3.649723768234253,monitor_data.theta_mech
1775245141696,3.6504907608032227,monitor_data.theta_mech
1775245141697,3.6493403911590576,monitor_data.theta_mech
1775245141698,3.649723768234253,monitor_data.theta_mech
1775245141699,3.6524083614349365,monitor_data.theta_mech
1775245141700,3.6493403911590576,monitor_data.theta_mech
1775245141701,3.6493403911590576,monitor_data.theta_mech
1775245141702,3.6493403911590576,monitor_data.theta_mech
1775245141703,3.6501073837280273,monitor_data.theta_mech
1775245141704,3.6504907608032227,monitor_data.theta_mech
1775245141705,3.6501073837280273,monitor_data.theta_mech
1775245141706,3.6501073837280273,monitor_data.theta_mech
1775245141707,3.6501073837280273,monitor_data.theta_mech
1775245141708,3.6501073837280273,monitor_data.theta_mech
1775245141709,3.6504907608032227,monitor_data.theta_mech
1775245141710,3.648956775665283,monitor_data.theta_mech
1775245141711,3.649723768234253,monitor_data.theta_mech
1775245141712,3.6501073837280273,monitor_data.theta_mech
1775245141713,3.6501073837280273,monitor_data.theta_mech
1775245141714,3.6504907608032227,monitor_data.theta_mech
1775245141715,3.649723768234253,monitor_data.theta_mech
1775245141716,3.6501073837280273,monitor_data.theta_mech
1775245141717,3.6501073837280273,monitor_data.theta_mech
1775245141718,3.6504907608032227,monitor_data.theta_mech
1775245141719,3.6504907608032227,monitor_data.theta_mech
1775245141720,3.649723768234253,monitor_data.theta_mech
1775245141721,3.6501073837280273,monitor_data.theta_mech
1775245141722,3.6504907608032227,monitor_data.theta_mech
1775245141723,3.6504907608032227,monitor_data.theta_mech
1775245141724,3.6504907608032227,monitor_data.theta_mech
1775245141725,3.6504907608032227,monitor_data.theta_mech
1775245141726,3.649723768234253,monitor_data.theta_mech
1775245141727,3.6512577533721924,monitor_data.theta_mech
1775245141728,3.6501073837280273,monitor_data.theta_mech
1775245141729,3.649723768234253,monitor_data.theta_mech
1775245141730,3.6504907608032227,monitor_data.theta_mech
1775245141731,3.649723768234253,monitor_data.theta_mech
1775245141732,3.6504907608032227,monitor_data.theta_mech
1775245141733,3.650874376296997,monitor_data.theta_mech
1775245141734,3.649723768234253,monitor_data.theta_mech
1775245141735,3.6501073837280273,monitor_data.theta_mech
1775245141736,3.6493403911590576,monitor_data.theta_mech
1775245141737,3.649723768234253,monitor_data.theta_mech
1775245141738,3.6501073837280273,monitor_data.theta_mech
1775245141739,3.649723768234253,monitor_data.theta_mech
1775245141740,0,monitor_data.speed_ref
1775245141741,0,monitor_data.speed_ref
1775245141742,0,monitor_data.speed_ref
1775245141743,0,monitor_data.speed_ref
1775245141744,0,monitor_data.speed_ref
1775245141745,0,monitor_data.speed_ref
1775245141746,0,monitor_data.speed_ref
1775245141747,0,monitor_data.speed_ref
1775245141748,0,monitor_data.speed_ref
1775245141749,0,monitor_data.speed_ref
1775245141750,0,monitor_data.speed_ref
1775245141751,0,monitor_data.speed_ref
1775245141752,0,monitor_data.speed_ref
1775245141753,0,monitor_data.speed_ref
1775245141754,0,monitor_data.speed_ref
1775245141755,0,monitor_data.speed_ref
1775245141756,0,monitor_data.speed_ref
1775245141757,0,monitor_data.speed_ref
1775245141758,0,monitor_data.speed_ref
1775245141759,0,monitor_data.speed_ref
1775245141760,0,monitor_data.speed_ref
1775245141761,0,monitor_data.speed_ref
1775245141762,0,monitor_data.speed_ref
1775245141763,0,monitor_data.speed_ref
1775245141764,0,monitor_data.speed_ref
1775245141765,0,monitor_data.speed_ref
1775245141766,0,monitor_data.speed_ref
1775245141767,0,monitor_data.speed_ref
1775245141768,0,monitor_data.speed_ref
1775245141769,0,monitor_data.speed_ref
1775245141770,0,monitor_data.speed_ref
1775245141771,0,monitor_data.speed_ref
1775245141772,0,monitor_data.speed_ref
1775245141773,0,monitor_data.speed_ref
1775245141774,0,monitor_data.speed_ref
1775245141775,0,monitor_data.speed_ref
1775245141776,0,monitor_data.speed_ref
1775245141777,0,monitor_data.speed_ref
1775245141778,0,monitor_data.speed_ref
1775245141779,0,monitor_data.speed_ref
1775245141780,0,monitor_data.speed_ref
1775245141781,0,monitor_data.speed_ref
1775245141782,0,monitor_data.speed_ref
1775245141783,0,monitor_data.speed_ref
1775245141784,0,monitor_data.speed_ref
1775245141785,0,monitor_data.speed_ref
1775245141786,0,monitor_data.speed_ref
1775245141787,0,monitor_data.speed_ref
1775245141788,0,monitor_data.speed_ref
1775245141740,3.650874376296997,monitor_data.theta_mech
1775245141741,3.6493403911590576,monitor_data.theta_mech
1775245141742,3.649723768234253,monitor_data.theta_mech
1775245141743,3.6504907608032227,monitor_data.theta_mech
1775245141744,3.649723768234253,monitor_data.theta_mech
1775245141745,3.649723768234253,monitor_data.theta_mech
1775245141746,3.6504907608032227,monitor_data.theta_mech
1775245141747,3.6501073837280273,monitor_data.theta_mech
1775245141748,3.6493403911590576,monitor_data.theta_mech
1775245141749,3.6493403911590576,monitor_data.theta_mech
1775245141750,3.6501073837280273,monitor_data.theta_mech
1775245141751,3.6504907608032227,monitor_data.theta_mech
1775245141752,3.649723768234253,monitor_data.theta_mech
1775245141753,3.650874376296997,monitor_data.theta_mech
1775245141754,3.6512577533721924,monitor_data.theta_mech
1775245141755,3.649723768234253,monitor_data.theta_mech
1775245141756,3.649723768234253,monitor_data.theta_mech
1775245141757,3.6504907608032227,monitor_data.theta_mech
1775245141758,3.6512577533721924,monitor_data.theta_mech
1775245141759,3.6504907608032227,monitor_data.theta_mech
1775245141760,3.6501073837280273,monitor_data.theta_mech
1775245141761,3.648573398590088,monitor_data.theta_mech
1775245141762,3.6493403911590576,monitor_data.theta_mech
1775245141763,3.650874376296997,monitor_data.theta_mech
1775245141764,3.6512577533721924,monitor_data.theta_mech
1775245141765,3.6504907608032227,monitor_data.theta_mech
1775245141766,3.6501073837280273,monitor_data.theta_mech
1775245141767,3.6504907608032227,monitor_data.theta_mech
1775245141768,3.6501073837280273,monitor_data.theta_mech
1775245141769,3.6504907608032227,monitor_data.theta_mech
1775245141770,3.649723768234253,monitor_data.theta_mech
1775245141771,3.6493403911590576,monitor_data.theta_mech
1775245141772,3.6504907608032227,monitor_data.theta_mech
1775245141773,3.649723768234253,monitor_data.theta_mech
1775245141774,3.6504907608032227,monitor_data.theta_mech
1775245141775,3.6493403911590576,monitor_data.theta_mech
1775245141776,3.6493403911590576,monitor_data.theta_mech
1775245141777,3.649723768234253,monitor_data.theta_mech
1775245141778,3.6504907608032227,monitor_data.theta_mech
1775245141779,3.6493403911590576,monitor_data.theta_mech
1775245141780,3.649723768234253,monitor_data.theta_mech
1775245141781,3.648956775665283,monitor_data.theta_mech
1775245141782,3.649723768234253,monitor_data.theta_mech
1775245141783,3.6504907608032227,monitor_data.theta_mech
1775245141784,3.6501073837280273,monitor_data.theta_mech
1775245141785,3.6501073837280273,monitor_data.theta_mech
1775245141786,3.650874376296997,monitor_data.theta_mech
1775245141787,3.6504907608032227,monitor_data.theta_mech
1775245141788,3.6504907608032227,monitor_data.theta_mech
1775245141789,0,monitor_data.speed_ref
1775245141790,0,monitor_data.speed_ref
1775245141791,0,monitor_data.speed_ref
1775245141792,0,monitor_data.speed_ref
1775245141793,0,monitor_data.speed_ref
1775245141794,0,monitor_data.speed_ref
1775245141795,0,monitor_data.speed_ref
1775245141796,0,monitor_data.speed_ref
1775245141797,0,monitor_data.speed_ref
1775245141798,0,monitor_data.speed_ref
1775245141799,0,monitor_data.speed_ref
1775245141800,0,monitor_data.speed_ref
1775245141801,0,monitor_data.speed_ref
1775245141802,0,monitor_data.speed_ref
1775245141803,0,monitor_data.speed_ref
1775245141804,0,monitor_data.speed_ref
1775245141805,0,monitor_data.speed_ref
1775245141806,0,monitor_data.speed_ref
1775245141807,0,monitor_data.speed_ref
1775245141808,0,monitor_data.speed_ref
1775245141809,0,monitor_data.speed_ref
1775245141810,0,monitor_data.speed_ref
1775245141811,0,monitor_data.speed_ref
1775245141812,0,monitor_data.speed_ref
1775245141813,0,monitor_data.speed_ref
1775245141814,0,monitor_data.speed_ref
1775245141815,0,monitor_data.speed_ref
1775245141816,0,monitor_data.speed_ref
1775245141817,0,monitor_data.speed_ref
1775245141818,0,monitor_data.speed_ref
1775245141819,0,monitor_data.speed_ref
1775245141820,0,monitor_data.speed_ref
1775245141821,0,monitor_data.speed_ref
1775245141822,0,monitor_data.speed_ref
1775245141823,0,monitor_data.speed_ref
1775245141824,0,monitor_data.speed_ref
1775245141825,0,monitor_data.speed_ref
1775245141826,0,monitor_data.speed_ref
1775245141827,0,monitor_data.speed_ref
1775245141828,0,monitor_data.speed_ref
1775245141829,0,monitor_data.speed_ref
1775245141830,0,monitor_data.speed_ref
1775245141831,0,monitor_data.speed_ref
1775245141832,0,monitor_data.speed_ref
1775245141833,0,monitor_data.speed_ref
1775245141834,0,monitor_data.speed_ref
1775245141835,0,monitor_data.speed_ref
1775245141836,0,monitor_data.speed_ref
1775245141837,0,monitor_data.speed_ref
1775245141838,0,monitor_data.speed_ref
1775245141839,0,monitor_data.speed_ref
1775245141789,3.6501073837280273,monitor_data.theta_mech
1775245141790,3.6501073837280273,monitor_data.theta_mech
1775245141791,3.649723768234253,monitor_data.theta_mech
1775245141792,3.649723768234253,monitor_data.theta_mech
1775245141793,3.6504907608032227,monitor_data.theta_mech
1775245141794,3.6504907608032227,monitor_data.theta_mech
1775245141795,3.650874376296997,monitor_data.theta_mech
1775245141796,3.6504907608032227,monitor_data.theta_mech
1775245141797,3.6501073837280273,monitor_data.theta_mech
1775245141798,3.650874376296997,monitor_data.theta_mech
1775245141799,3.6501073837280273,monitor_data.theta_mech
1775245141800,3.6501073837280273,monitor_data.theta_mech
1775245141801,3.649723768234253,monitor_data.theta_mech
1775245141802,3.6512577533721924,monitor_data.theta_mech
1775245141803,3.649723768234253,monitor_data.theta_mech
1775245141804,3.649723768234253,monitor_data.theta_mech
1775245141805,3.6501073837280273,monitor_data.theta_mech
1775245141806,3.6501073837280273,monitor_data.theta_mech
1775245141807,3.6504907608032227,monitor_data.theta_mech
1775245141808,3.6501073837280273,monitor_data.theta_mech
1775245141809,3.649723768234253,monitor_data.theta_mech
1775245141810,3.648956775665283,monitor_data.theta_mech
1775245141811,3.6501073837280273,monitor_data.theta_mech
1775245141812,3.649723768234253,monitor_data.theta_mech
1775245141813,3.649723768234253,monitor_data.theta_mech
1775245141814,3.6501073837280273,monitor_data.theta_mech
1775245141815,3.649723768234253,monitor_data.theta_mech
1775245141816,3.6501073837280273,monitor_data.theta_mech
1775245141817,3.6501073837280273,monitor_data.theta_mech
1775245141818,3.6504907608032227,monitor_data.theta_mech
1775245141819,3.6501073837280273,monitor_data.theta_mech
1775245141820,3.650874376296997,monitor_data.theta_mech
1775245141821,3.6501073837280273,monitor_data.theta_mech
1775245141822,3.6504907608032227,monitor_data.theta_mech
1775245141823,3.649723768234253,monitor_data.theta_mech
1775245141824,3.6504907608032227,monitor_data.theta_mech
1775245141825,3.6501073837280273,monitor_data.theta_mech
1775245141826,3.650874376296997,monitor_data.theta_mech
1775245141827,3.6504907608032227,monitor_data.theta_mech
1775245141828,3.6504907608032227,monitor_data.theta_mech
1775245141829,3.649723768234253,monitor_data.theta_mech
1775245141830,3.6501073837280273,monitor_data.theta_mech
1775245141831,3.6504907608032227,monitor_data.theta_mech
1775245141832,3.6512577533721924,monitor_data.theta_mech
1775245141833,3.650874376296997,monitor_data.theta_mech
1775245141834,3.649723768234253,monitor_data.theta_mech
1775245141835,3.6512577533721924,monitor_data.theta_mech
1775245141836,3.649723768234253,monitor_data.theta_mech
1775245141837,3.6512577533721924,monitor_data.theta_mech
1775245141838,3.6504907608032227,monitor_data.theta_mech
1775245141839,3.6512577533721924,monitor_data.theta_mech
1775245141840,0,monitor_data.speed_ref
1775245141841,0,monitor_data.speed_ref
1775245141842,0,monitor_data.speed_ref
1775245141843,0,monitor_data.speed_ref
1775245141844,0,monitor_data.speed_ref
1775245141845,0,monitor_data.speed_ref
1775245141846,0,monitor_data.speed_ref
1775245141847,0,monitor_data.speed_ref
1775245141848,0,monitor_data.speed_ref
1775245141849,0,monitor_data.speed_ref
1775245141850,0,monitor_data.speed_ref
1775245141851,0,monitor_data.speed_ref
1775245141852,0,monitor_data.speed_ref
1775245141853,0,monitor_data.speed_ref
1775245141854,0,monitor_data.speed_ref
1775245141855,0,monitor_data.speed_ref
1775245141856,0,monitor_data.speed_ref
1775245141857,0,monitor_data.speed_ref
1775245141858,0,monitor_data.speed_ref
1775245141859,0,monitor_data.speed_ref
1775245141860,0,monitor_data.speed_ref
1775245141861,0,monitor_data.speed_ref
1775245141862,0,monitor_data.speed_ref
1775245141863,0,monitor_data.speed_ref
1775245141864,0,monitor_data.speed_ref
1775245141865,0,monitor_data.speed_ref
1775245141866,0,monitor_data.speed_ref
1775245141867,0,monitor_data.speed_ref
1775245141868,0,monitor_data.speed_ref
1775245141869,0,monitor_data.speed_ref
1775245141870,0,monitor_data.speed_ref
1775245141871,0,monitor_data.speed_ref
1775245141872,0,monitor_data.speed_ref
1775245141873,0,monitor_data.speed_ref
1775245141874,0,monitor_data.speed_ref
1775245141875,0,monitor_data.speed_ref
1775245141876,0,monitor_data.speed_ref
1775245141877,0,monitor_data.speed_ref
1775245141878,0,monitor_data.speed_ref
1775245141879,0,monitor_data.speed_ref
1775245141880,0,monitor_data.speed_ref
1775245141881,0,monitor_data.speed_ref
1775245141882,0,monitor_data.speed_ref
1775245141883,0,monitor_data.speed_ref
1775245141884,0,monitor_data.speed_ref
1775245141885,0,monitor_data.speed_ref
1775245141886,0,monitor_data.speed_ref
1775245141887,0,monitor_data.speed_ref
1775245141888,0,monitor_data.speed_ref
1775245141889,0,monitor_data.speed_ref
1775245141890,0,monitor_data.speed_ref
1775245141840,3.649723768234253,monitor_data.theta_mech
1775245141841,3.649723768234253,monitor_data.theta_mech
1775245141842,3.6504907608032227,monitor_data.theta_mech
1775245141843,3.6504907608032227,monitor_data.theta_mech
1775245141844,3.6504907608032227,monitor_data.theta_mech
1775245141845,3.6501073837280273,monitor_data.theta_mech
1775245141846,3.649723768234253,monitor_data.theta_mech
1775245141847,3.6512577533721924,monitor_data.theta_mech
1775245141848,3.650874376296997,monitor_data.theta_mech
1775245141849,3.6504907608032227,monitor_data.theta_mech
1775245141850,3.6501073837280273,monitor_data.theta_mech
1775245141851,3.6501073837280273,monitor_data.theta_mech
1775245141852,3.6504907608032227,monitor_data.theta_mech
1775245141853,3.6501073837280273,monitor_data.theta_mech
1775245141854,3.6501073837280273,monitor_data.theta_mech
1775245141855,3.6501073837280273,monitor_data.theta_mech
1775245141856,3.6501073837280273,monitor_data.theta_mech
1775245141857,3.6501073837280273,monitor_data.theta_mech
1775245141858,3.6493403911590576,monitor_data.theta_mech
1775245141859,3.650874376296997,monitor_data.theta_mech
1775245141860,3.6501073837280273,monitor_data.theta_mech
1775245141861,3.649723768234253,monitor_data.theta_mech
1775245141862,3.650874376296997,monitor_data.theta_mech
1775245141863,3.6493403911590576,monitor_data.theta_mech
1775245141864,3.649723768234253,monitor_data.theta_mech
1775245141865,3.6493403911590576,monitor_data.theta_mech
1775245141866,3.649723768234253,monitor_data.theta_mech
1775245141867,3.649723768234253,monitor_data.theta_mech
1775245141868,3.649723768234253,monitor_data.theta_mech
1775245141869,3.6501073837280273,monitor_data.theta_mech
1775245141870,3.649723768234253,monitor_data.theta_mech
1775245141871,3.650874376296997,monitor_data.theta_mech
1775245141872,3.6504907608032227,monitor_data.theta_mech
1775245141873,3.650874376296997,monitor_data.theta_mech
1775245141874,3.649723768234253,monitor_data.theta_mech
1775245141875,3.650874376296997,monitor_data.theta_mech
1775245141876,3.6493403911590576,monitor_data.theta_mech
1775245141877,3.6493403911590576,monitor_data.theta_mech
1775245141878,3.6493403911590576,monitor_data.theta_mech
1775245141879,3.6493403911590576,monitor_data.theta_mech
1775245141880,3.648956775665283,monitor_data.theta_mech
1775245141881,3.6493403911590576,monitor_data.theta_mech
1775245141882,3.650874376296997,monitor_data.theta_mech
1775245141883,3.6504907608032227,monitor_data.theta_mech
1775245141884,3.649723768234253,monitor_data.theta_mech
1775245141885,3.6501073837280273,monitor_data.theta_mech
1775245141886,3.6501073837280273,monitor_data.theta_mech
1775245141887,3.6504907608032227,monitor_data.theta_mech
1775245141888,3.6504907608032227,monitor_data.theta_mech
1775245141889,3.6504907608032227,monitor_data.theta_mech
1775245141890,3.6501073837280273,monitor_data.theta_mech
1775245141891,0,monitor_data.speed_ref
1775245141892,0,monitor_data.speed_ref
1775245141893,0,monitor_data.speed_ref
1775245141894,0,monitor_data.speed_ref
1775245141895,0,monitor_data.speed_ref
1775245141896,0,monitor_data.speed_ref
1775245141897,0,monitor_data.speed_ref
1775245141898,0,monitor_data.speed_ref
1775245141899,0,monitor_data.speed_ref
1775245141900,0,monitor_data.speed_ref
1775245141901,0,monitor_data.speed_ref
1775245141902,0,monitor_data.speed_ref
1775245141903,0,monitor_data.speed_ref
1775245141904,0,monitor_data.speed_ref
1775245141905,0,monitor_data.speed_ref
1775245141906,0,monitor_data.speed_ref
1775245141907,0,monitor_data.speed_ref
1775245141908,0,monitor_data.speed_ref
1775245141909,0,monitor_data.speed_ref
1775245141910,0,monitor_data.speed_ref
1775245141911,0,monitor_data.speed_ref
1775245141912,0,monitor_data.speed_ref
1775245141913,0,monitor_data.speed_ref
1775245141914,0,monitor_data.speed_ref
1775245141915,0,monitor_data.speed_ref
1775245141916,0,monitor_data.speed_ref
1775245141917,0,monitor_data.speed_ref
1775245141918,0,monitor_data.speed_ref
1775245141919,0,monitor_data.speed_ref
1775245141920,0,monitor_data.speed_ref
1775245141921,0,monitor_data.speed_ref
1775245141922,0,monitor_data.speed_ref
1775245141923,0,monitor_data.speed_ref
1775245141924,0,monitor_data.speed_ref
1775245141925,0,monitor_data.speed_ref
1775245141926,0,monitor_data.speed_ref
1775245141927,0,monitor_data.speed_ref
1775245141928,0,monitor_data.speed_ref
1775245141929,0,monitor_data.speed_ref
1775245141930,0,monitor_data.speed_ref
1775245141931,0,monitor_data.speed_ref
1775245141932,0,monitor_data.speed_ref
1775245141933,0,monitor_data.speed_ref
1775245141934,0,monitor_data.speed_ref
1775245141935,0,monitor_data.speed_ref
1775245141936,0,monitor_data.speed_ref
1775245141937,0,monitor_data.speed_ref
1775245141938,0,monitor_data.speed_ref
1775245141939,0,monitor_data.speed_ref
1775245141940,0,monitor_data.speed_ref
1775245141891,3.6501073837280273,monitor_data.theta_mech
1775245141892,3.649723768234253,monitor_data.theta_mech
1775245141893,3.6501073837280273,monitor_data.theta_mech
1775245141894,3.650874376296997,monitor_data.theta_mech
1775245141895,3.6501073837280273,monitor_data.theta_mech
1775245141896,3.648956775665283,monitor_data.theta_mech
1775245141897,3.650874376296997,monitor_data.theta_mech
1775245141898,3.649723768234253,monitor_data.theta_mech
1775245141899,3.651641368865967,monitor_data.theta_mech
1775245141900,3.649723768234253,monitor_data.theta_mech
1775245141901,3.6501073837280273,monitor_data.theta_mech
1775245141902,3.6501073837280273,monitor_data.theta_mech
1775245141903,3.6504907608032227,monitor_data.theta_mech
1775245141904,3.6501073837280273,monitor_data.theta_mech
1775245141905,3.6493403911590576,monitor_data.theta_mech
1775245141906,3.650874376296997,monitor_data.theta_mech
1775245141907,3.6512577533721924,monitor_data.theta_mech
1775245141908,3.6501073837280273,monitor_data.theta_mech
1775245141909,3.650874376296997,monitor_data.theta_mech
1775245141910,3.649723768234253,monitor_data.theta_mech
1775245141911,3.649723768234253,monitor_data.theta_mech
1775245141912,3.650874376296997,monitor_data.theta_mech
1775245141913,3.6504907608032227,monitor_data.theta_mech
1775245141914,3.6501073837280273,monitor_data.theta_mech
1775245141915,3.6501073837280273,monitor_data.theta_mech
1775245141916,3.650874376296997,monitor_data.theta_mech
1775245141917,3.649723768234253,monitor_data.theta_mech
1775245141918,3.649723768234253,monitor_data.theta_mech
1775245141919,3.6504907608032227,monitor_data.theta_mech
1775245141920,3.649723768234253,monitor_data.theta_mech
1775245141921,3.6504907608032227,monitor_data.theta_mech
1775245141922,3.6501073837280273,monitor_data.theta_mech
1775245141923,3.6501073837280273,monitor_data.theta_mech
1775245141924,3.6501073837280273,monitor_data.theta_mech
1775245141925,3.6501073837280273,monitor_data.theta_mech
1775245141926,3.6501073837280273,monitor_data.theta_mech
1775245141927,3.650874376296997,monitor_data.theta_mech
1775245141928,3.6501073837280273,monitor_data.theta_mech
1775245141929,3.649723768234253,monitor_data.theta_mech
1775245141930,3.6493403911590576,monitor_data.theta_mech
1775245141931,3.650874376296997,monitor_data.theta_mech
1775245141932,3.650874376296997,monitor_data.theta_mech
1775245141933,3.6504907608032227,monitor_data.theta_mech
1775245141934,3.6512577533721924,monitor_data.theta_mech
1775245141935,3.649723768234253,monitor_data.theta_mech
1775245141936,3.650874376296997,monitor_data.theta_mech
1775245141937,3.650874376296997,monitor_data.theta_mech
1775245141938,3.6504907608032227,monitor_data.theta_mech
1775245141939,3.651641368865967,monitor_data.theta_mech
1775245141940,3.650874376296997,monitor_data.theta_mech
1775245141941,0,monitor_data.speed_ref
1775245141942,0,monitor_data.speed_ref
1775245141943,0,monitor_data.speed_ref
1775245141944,0,monitor_data.speed_ref
1775245141945,0,monitor_data.speed_ref
1775245141946,0,monitor_data.speed_ref
1775245141947,0,monitor_data.speed_ref
1775245141948,0,monitor_data.speed_ref
1775245141949,0,monitor_data.speed_ref
1775245141950,0,monitor_data.speed_ref
1775245141951,0,monitor_data.speed_ref
1775245141952,0,monitor_data.speed_ref
1775245141953,0,monitor_data.speed_ref
1775245141954,0,monitor_data.speed_ref
1775245141955,0,monitor_data.speed_ref
1775245141956,0,monitor_data.speed_ref
1775245141957,0,monitor_data.speed_ref
1775245141958,0,monitor_data.speed_ref
1775245141959,0,monitor_data.speed_ref
1775245141960,0,monitor_data.speed_ref
1775245141961,0,monitor_data.speed_ref
1775245141962,0,monitor_data.speed_ref
1775245141963,0,monitor_data.speed_ref
1775245141964,0,monitor_data.speed_ref
1775245141965,0,monitor_data.speed_ref
1775245141966,0,monitor_data.speed_ref
1775245141967,0,monitor_data.speed_ref
1775245141968,0,monitor_data.speed_ref
1775245141969,0,monitor_data.speed_ref
1775245141970,0,monitor_data.speed_ref
1775245141971,0,monitor_data.speed_ref
1775245141972,0,monitor_data.speed_ref
1775245141973,0,monitor_data.speed_ref
1775245141974,0,monitor_data.speed_ref
1775245141975,0,monitor_data.speed_ref
1775245141976,0,monitor_data.speed_ref
1775245141977,0,monitor_data.speed_ref
1775245141978,0,monitor_data.speed_ref
1775245141979,0,monitor_data.speed_ref
1775245141980,0,monitor_data.speed_ref
1775245141981,0,monitor_data.speed_ref
1775245141982,0,monitor_data.speed_ref
1775245141983,0,monitor_data.speed_ref
1775245141984,0,monitor_data.speed_ref
1775245141985,0,monitor_data.speed_ref
1775245141986,0,monitor_data.speed_ref
1775245141987,0,monitor_data.speed_ref
1775245141988,0,monitor_data.speed_ref
1775245141989,0,monitor_data.speed_ref
1775245141990,0,monitor_data.speed_ref
1775245141941,3.649723768234253,monitor_data.theta_mech
1775245141942,3.6504907608032227,monitor_data.theta_mech
1775245141943,3.648956775665283,monitor_data.theta_mech
1775245141944,3.649723768234253,monitor_data.theta_mech
1775245141945,3.6501073837280273,monitor_data.theta_mech
1775245141946,3.650874376296997,monitor_data.theta_mech
1775245141947,3.6501073837280273,monitor_data.theta_mech
1775245141948,3.6493403911590576,monitor_data.theta_mech
1775245141949,3.651641368865967,monitor_data.theta_mech
1775245141950,3.6504907608032227,monitor_data.theta_mech
1775245141951,3.6501073837280273,monitor_data.theta_mech
1775245141952,3.650874376296997,monitor_data.theta_mech
1775245141953,3.6504907608032227,monitor_data.theta_mech
1775245141954,3.6504907608032227,monitor_data.theta_mech
1775245141955,3.6493403911590576,monitor_data.theta_mech
1775245141956,3.6504907608032227,monitor_data.theta_mech
1775245141957,3.6504907608032227,monitor_data.theta_mech
1775245141958,3.650874376296997,monitor_data.theta_mech
1775245141959,3.6512577533721924,monitor_data.theta_mech
1775245141960,3.6501073837280273,monitor_data.theta_mech
1775245141961,3.6493403911590576,monitor_data.theta_mech
1775245141962,3.649723768234253,monitor_data.theta_mech
1775245141963,3.6501073837280273,monitor_data.theta_mech
1775245141964,3.6504907608032227,monitor_data.theta_mech
1775245141965,3.6501073837280273,monitor_data.theta_mech
1775245141966,3.649723768234253,monitor_data.theta_mech
1775245141967,3.650874376296997,monitor_data.theta_mech
1775245141968,3.6512577533721924,monitor_data.theta_mech
1775245141969,3.649723768234253,monitor_data.theta_mech
1775245141970,3.6501073837280273,monitor_data.theta_mech
1775245141971,3.6493403911590576,monitor_data.theta_mech
1775245141972,3.6501073837280273,monitor_data.theta_mech
1775245141973,3.648956775665283,monitor_data.theta_mech
1775245141974,3.650874376296997,monitor_data.theta_mech
1775245141975,3.649723768234253,monitor_data.theta_mech
1775245141976,3.649723768234253,monitor_data.theta_mech
1775245141977,3.6501073837280273,monitor_data.theta_mech
1775245141978,3.6501073837280273,monitor_data.theta_mech
1775245141979,3.6512577533721924,monitor_data.theta_mech
1775245141980,3.6501073837280273,monitor_data.theta_mech
1775245141981,3.6504907608032227,monitor_data.theta_mech
1775245141982,3.649723768234253,monitor_data.theta_mech
1775245141983,3.650874376296997,monitor_data.theta_mech
1775245141984,3.6501073837280273,monitor_data.theta_mech
1775245141985,3.649723768234253,monitor_data.theta_mech
1775245141986,3.649723768234253,monitor_data.theta_mech
1775245141987,3.649723768234253,monitor_data.theta_mech
1775245141988,3.6501073837280273,monitor_data.theta_mech
1775245141989,3.649723768234253,monitor_data.theta_mech
1775245141990,3.6493403911590576,monitor_data.theta_mech
1775245141991,0,monitor_data.speed_ref
1775245141992,0,monitor_data.speed_ref
1775245141993,0,monitor_data.speed_ref
1775245141994,0,monitor_data.speed_ref
1775245141995,0,monitor_data.speed_ref
1775245141996,0,monitor_data.speed_ref
1775245141997,0,monitor_data.speed_ref
1775245141998,0,monitor_data.speed_ref
1775245141999,0,monitor_data.speed_ref
1775245142000,0,monitor_data.speed_ref
1775245142001,0,monitor_data.speed_ref
1775245142002,0,monitor_data.speed_ref
1775245142003,0,monitor_data.speed_ref
1775245142004,0,monitor_data.speed_ref
1775245142005,0,monitor_data.speed_ref
1775245142006,0,monitor_data.speed_ref
1775245142007,0,monitor_data.speed_ref
1775245142008,0,monitor_data.speed_ref
1775245142009,0,monitor_data.speed_ref
1775245142010,0,monitor_data.speed_ref
1775245142011,0,monitor_data.speed_ref
1775245142012,0,monitor_data.speed_ref
1775245142013,0,monitor_data.speed_ref
1775245142014,0,monitor_data.speed_ref
1775245142015,0,monitor_data.speed_ref
1775245142016,0,monitor_data.speed_ref
1775245142017,0,monitor_data.speed_ref
1775245142018,0,monitor_data.speed_ref
1775245142019,0,monitor_data.speed_ref
1775245142020,0,monitor_data.speed_ref
1775245142021,0,monitor_data.speed_ref
1775245142022,0,monitor_data.speed_ref
1775245142023,0,monitor_data.speed_ref
1775245142024,0,monitor_data.speed_ref
1775245142025,0,monitor_data.speed_ref
1775245142026,0,monitor_data.speed_ref
1775245142027,0,monitor_data.speed_ref
1775245142028,0,monitor_data.speed_ref
1775245142029,0,monitor_data.speed_ref
1775245142030,0,monitor_data.speed_ref
1775245142031,0,monitor_data.speed_ref
1775245142032,0,monitor_data.speed_ref
1775245142033,0,monitor_data.speed_ref
1775245142034,0,monitor_data.speed_ref
1775245142035,0,monitor_data.speed_ref
1775245142036,0,monitor_data.speed_ref
1775245142037,0,monitor_data.speed_ref
1775245142038,0,monitor_data.speed_ref
1775245142039,0,monitor_data.speed_ref
1775245142040,0,monitor_data.speed_ref
1775245141991,3.649723768234253,monitor_data.theta_mech
1775245141992,3.649723768234253,monitor_data.theta_mech
1775245141993,3.6504907608032227,monitor_data.theta_mech
1775245141994,3.650874376296997,monitor_data.theta_mech
1775245141995,3.649723768234253,monitor_data.theta_mech
1775245141996,3.6504907608032227,monitor_data.theta_mech
1775245141997,3.6504907608032227,monitor_data.theta_mech
1775245141998,3.6504907608032227,monitor_data.theta_mech
1775245141999,3.6512577533721924,monitor_data.theta_mech
1775245142000,3.649723768234253,monitor_data.theta_mech
1775245142001,3.650874376296997,monitor_data.theta_mech
1775245142002,3.6501073837280273,monitor_data.theta_mech
1775245142003,3.649723768234253,monitor_data.theta_mech
1775245142004,3.649723768234253,monitor_data.theta_mech
1775245142005,3.6512577533721924,monitor_data.theta_mech
1775245142006,3.6501073837280273,monitor_data.theta_mech
1775245142007,3.6501073837280273,monitor_data.theta_mech
1775245142008,3.6501073837280273,monitor_data.theta_mech
1775245142009,3.649723768234253,monitor_data.theta_mech
1775245142010,3.6501073837280273,monitor_data.theta_mech
1775245142011,3.6493403911590576,monitor_data.theta_mech
1775245142012,3.6504907608032227,monitor_data.theta_mech
1775245142013,3.6504907608032227,monitor_data.theta_mech
1775245142014,3.650874376296997,monitor_data.theta_mech
1775245142015,3.649723768234253,monitor_data.theta_mech
1775245142016,3.6512577533721924,monitor_data.theta_mech
1775245142017,3.6512577533721924,monitor_data.theta_mech
1775245142018,3.649723768234253,monitor_data.theta_mech
1775245142019,3.6501073837280273,monitor_data.theta_mech
1775245142020,3.649723768234253,monitor_data.theta_mech
1775245142021,3.6504907608032227,monitor_data.theta_mech
1775245142022,3.6504907608032227,monitor_data.theta_mech
1775245142023,3.6493403911590576,monitor_data.theta_mech
1775245142024,3.6512577533721924,monitor_data.theta_mech
1775245142025,3.649723768234253,monitor_data.theta_mech
1775245142026,3.648573398590088,monitor_data.theta_mech
1775245142027,3.6501073837280273,monitor_data.theta_mech
1775245142028,3.6504907608032227,monitor_data.theta_mech
1775245142029,3.650874376296997,monitor_data.theta_mech
1775245142030,3.651641368865967,monitor_data.theta_mech
1775245142031,3.6493403911590576,monitor_data.theta_mech
1775245142032,3.649723768234253,monitor_data.theta_mech
1775245142033,3.6501073837280273,monitor_data.theta_mech
1775245142034,3.6504907608032227,monitor_data.theta_mech
1775245142035,3.649723768234253,monitor_data.theta_mech
1775245142036,3.6504907608032227,monitor_data.theta_mech
1775245142037,3.6501073837280273,monitor_data.theta_mech
1775245142038,3.6501073837280273,monitor_data.theta_mech
1775245142039,3.6504907608032227,monitor_data.theta_mech
1775245142040,3.649723768234253,monitor_data.theta_mech
1775245142041,0,monitor_data.speed_ref
1775245142042,0,monitor_data.speed_ref
1775245142043,0,monitor_data.speed_ref
1775245142044,0,monitor_data.speed_ref
1775245142045,0,monitor_data.speed_ref
1775245142046,0,monitor_data.speed_ref
1775245142047,0,monitor_data.speed_ref
1775245142048,0,monitor_data.speed_ref
1775245142049,0,monitor_data.speed_ref
1775245142050,0,monitor_data.speed_ref
1775245142051,0,monitor_data.speed_ref
1775245142052,0,monitor_data.speed_ref
1775245142053,0,monitor_data.speed_ref
1775245142054,0,monitor_data.speed_ref
1775245142055,0,monitor_data.speed_ref
1775245142056,0,monitor_data.speed_ref
1775245142057,0,monitor_data.speed_ref
1775245142058,0,monitor_data.speed_ref
1775245142059,0,monitor_data.speed_ref
1775245142060,0,monitor_data.speed_ref
1775245142061,0,monitor_data.speed_ref
1775245142062,0,monitor_data.speed_ref
1775245142063,0,monitor_data.speed_ref
1775245142064,0,monitor_data.speed_ref
1775245142065,0,monitor_data.speed_ref
1775245142066,0,monitor_data.speed_ref
1775245142067,0,monitor_data.speed_ref
1775245142069,0,monitor_data.speed_ref
1775245142070,0,monitor_data.speed_ref
1775245142070,0,monitor_data.speed_ref
1775245142071,0,monitor_data.speed_ref
1775245142072,0,monitor_data.speed_ref
1775245142073,0,monitor_data.speed_ref
1775245142074,0,monitor_data.speed_ref
1775245142075,0,monitor_data.speed_ref
1775245142076,0,monitor_data.speed_ref
1775245142077,0,monitor_data.speed_ref
1775245142078,0,monitor_data.speed_ref
1775245142079,0,monitor_data.speed_ref
1775245142080,0,monitor_data.speed_ref
1775245142081,0,monitor_data.speed_ref
1775245142082,0,monitor_data.speed_ref
1775245142083,0,monitor_data.speed_ref
1775245142084,0,monitor_data.speed_ref
1775245142085,0,monitor_data.speed_ref
1775245142086,0,monitor_data.speed_ref
1775245142087,0,monitor_data.speed_ref
1775245142088,0,monitor_data.speed_ref
1775245142089,0,monitor_data.speed_ref
1775245142090,0,monitor_data.speed_ref
1775245142041,3.649723768234253,monitor_data.theta_mech
1775245142042,3.6501073837280273,monitor_data.theta_mech
1775245142043,3.6501073837280273,monitor_data.theta_mech
1775245142044,3.6504907608032227,monitor_data.theta_mech
1775245142045,3.650874376296997,monitor_data.theta_mech
1775245142046,3.6504907608032227,monitor_data.theta_mech
1775245142047,3.650874376296997,monitor_data.theta_mech
1775245142048,3.649723768234253,monitor_data.theta_mech
1775245142049,3.6504907608032227,monitor_data.theta_mech
1775245142050,3.6512577533721924,monitor_data.theta_mech
1775245142051,3.6501073837280273,monitor_data.theta_mech
1775245142052,3.6493403911590576,monitor_data.theta_mech
1775245142053,3.649723768234253,monitor_data.theta_mech
1775245142054,3.6501073837280273,monitor_data.theta_mech
1775245142055,3.6512577533721924,monitor_data.theta_mech
1775245142056,3.649723768234253,monitor_data.theta_mech
1775245142057,3.6501073837280273,monitor_data.theta_mech
1775245142058,3.650874376296997,monitor_data.theta_mech
1775245142059,3.649723768234253,monitor_data.theta_mech
1775245142060,3.6504907608032227,monitor_data.theta_mech
1775245142061,3.6504907608032227,monitor_data.theta_mech
1775245142062,3.649723768234253,monitor_data.theta_mech
1775245142063,3.649723768234253,monitor_data.theta_mech
1775245142064,3.649723768234253,monitor_data.theta_mech
1775245142065,3.649723768234253,monitor_data.theta_mech
1775245142066,3.6501073837280273,monitor_data.theta_mech
1775245142067,3.649723768234253,monitor_data.theta_mech
1775245142069,3.649723768234253,monitor_data.theta_mech
1775245142070,3.6504907608032227,monitor_data.theta_mech
1775245142070,3.648573398590088,monitor_data.theta_mech
1775245142071,3.6512577533721924,monitor_data.theta_mech
1775245142072,3.6501073837280273,monitor_data.theta_mech
1775245142073,3.6501073837280273,monitor_data.theta_mech
1775245142074,3.6501073837280273,monitor_data.theta_mech
1775245142075,3.649723768234253,monitor_data.theta_mech
1775245142076,3.6501073837280273,monitor_data.theta_mech
1775245142077,3.6512577533721924,monitor_data.theta_mech
1775245142078,3.650874376296997,monitor_data.theta_mech
1775245142079,3.650874376296997,monitor_data.theta_mech
1775245142080,3.6512577533721924,monitor_data.theta_mech
1775245142081,3.6512577533721924,monitor_data.theta_mech
1775245142082,3.649723768234253,monitor_data.theta_mech
1775245142083,3.6501073837280273,monitor_data.theta_mech
1775245142084,3.6512577533721924,monitor_data.theta_mech
1775245142085,3.6504907608032227,monitor_data.theta_mech
1775245142086,3.650874376296997,monitor_data.theta_mech
1775245142087,3.6501073837280273,monitor_data.theta_mech
1775245142088,3.649723768234253,monitor_data.theta_mech
1775245142089,3.650874376296997,monitor_data.theta_mech
1775245142090,3.6501073837280273,monitor_data.theta_mech
1775245142091,0,monitor_data.speed_ref
1775245142092,0,monitor_data.speed_ref
1775245142093,0,monitor_data.speed_ref
1775245142094,0,monitor_data.speed_ref
1775245142095,0,monitor_data.speed_ref
1775245142096,0,monitor_data.speed_ref
1775245142097,0,monitor_data.speed_ref
1775245142098,0,monitor_data.speed_ref
1775245142099,0,monitor_data.speed_ref
1775245142100,0,monitor_data.speed_ref
1775245142101,0,monitor_data.speed_ref
1775245142102,0,monitor_data.speed_ref
1775245142103,0,monitor_data.speed_ref
1775245142104,0,monitor_data.speed_ref
1775245142105,0,monitor_data.speed_ref
1775245142106,0,monitor_data.speed_ref
1775245142107,0,monitor_data.speed_ref
1775245142108,0,monitor_data.speed_ref
1775245142109,0,monitor_data.speed_ref
1775245142110,0,monitor_data.speed_ref
1775245142111,0,monitor_data.speed_ref
1775245142112,0,monitor_data.speed_ref
1775245142113,0,monitor_data.speed_ref
1775245142114,0,monitor_data.speed_ref
1775245142115,0,monitor_data.speed_ref
1775245142116,0,monitor_data.speed_ref
1775245142117,0,monitor_data.speed_ref
1775245142118,0,monitor_data.speed_ref
1775245142119,0,monitor_data.speed_ref
1775245142120,0,monitor_data.speed_ref
1775245142121,0,monitor_data.speed_ref
1775245142122,0,monitor_data.speed_ref
1775245142123,0,monitor_data.speed_ref
1775245142124,0,monitor_data.speed_ref
1775245142125,0,monitor_data.speed_ref
1775245142126,0,monitor_data.speed_ref
1775245142127,0,monitor_data.speed_ref
1775245142128,0,monitor_data.speed_ref
1775245142129,0,monitor_data.speed_ref
1775245142130,0,monitor_data.speed_ref
1775245142131,0,monitor_data.speed_ref
1775245142132,0,monitor_data.speed_ref
1775245142133,0,monitor_data.speed_ref
1775245142134,0,monitor_data.speed_ref
1775245142135,0,monitor_data.speed_ref
1775245142136,0,monitor_data.speed_ref
1775245142137,0,monitor_data.speed_ref
1775245142138,0,monitor_data.speed_ref
1775245142139,0,monitor_data.speed_ref
1775245142140,0,monitor_data.speed_ref
1775245142091,3.648956775665283,monitor_data.theta_mech
1775245142092,3.649723768234253,monitor_data.theta_mech
1775245142093,3.6501073837280273,monitor_data.theta_mech
1775245142094,3.650874376296997,monitor_data.theta_mech
1775245142095,3.648573398590088,monitor_data.theta_mech
1775245142096,3.6501073837280273,monitor_data.theta_mech
1775245142097,3.6504907608032227,monitor_data.theta_mech
1775245142098,3.6501073837280273,monitor_data.theta_mech
1775245142099,3.649723768234253,monitor_data.theta_mech
1775245142100,3.649723768234253,monitor_data.theta_mech
1775245142101,3.650874376296997,monitor_data.theta_mech
1775245142102,3.6504907608032227,monitor_data.theta_mech
1775245142103,3.6504907608032227,monitor_data.theta_mech
1775245142104,3.6493403911590576,monitor_data.theta_mech
1775245142105,3.6493403911590576,monitor_data.theta_mech
1775245142106,3.649723768234253,monitor_data.theta_mech
1775245142107,3.6512577533721924,monitor_data.theta_mech
1775245142108,3.6501073837280273,monitor_data.theta_mech
1775245142109,3.649723768234253,monitor_data.theta_mech
1775245142110,3.649723768234253,monitor_data.theta_mech
1775245142111,3.6501073837280273,monitor_data.theta_mech
1775245142112,3.649723768234253,monitor_data.theta_mech
1775245142113,3.6501073837280273,monitor_data.theta_mech
1775245142114,3.649723768234253,monitor_data.theta_mech
1775245142115,3.6504907608032227,monitor_data.theta_mech
1775245142116,3.649723768234253,monitor_data.theta_mech
1775245142117,3.6504907608032227,monitor_data.theta_mech
1775245142118,3.649723768234253,monitor_data.theta_mech
1775245142119,3.649723768234253,monitor_data.theta_mech
1775245142120,3.6501073837280273,monitor_data.theta_mech
1775245142121,3.6501073837280273,monitor_data.theta_mech
1775245142122,3.650874376296997,monitor_data.theta_mech
1775245142123,3.649723768234253,monitor_data.theta_mech
1775245142124,3.6493403911590576,monitor_data.theta_mech
1775245142125,3.649723768234253,monitor_data.theta_mech
1775245142126,3.6501073837280273,monitor_data.theta_mech
1775245142127,3.649723768234253,monitor_data.theta_mech
1775245142128,3.6512577533721924,monitor_data.theta_mech
1775245142129,3.650874376296997,monitor_data.theta_mech
1775245142130,3.649723768234253,monitor_data.theta_mech
1775245142131,3.6493403911590576,monitor_data.theta_mech
1775245142132,3.649723768234253,monitor_data.theta_mech
1775245142133,3.6493403911590576,monitor_data.theta_mech
1775245142134,3.6501073837280273,monitor_data.theta_mech
1775245142135,3.6501073837280273,monitor_data.theta_mech
1775245142136,3.6501073837280273,monitor_data.theta_mech
1775245142137,3.649723768234253,monitor_data.theta_mech
1775245142138,3.6504907608032227,monitor_data.theta_mech
1775245142139,3.6501073837280273,monitor_data.theta_mech
1775245142140,3.649723768234253,monitor_data.theta_mech
1775245142141,0,monitor_data.speed_ref
1775245142142,0,monitor_data.speed_ref
1775245142143,0,monitor_data.speed_ref
1775245142144,0,monitor_data.speed_ref
1775245142145,0,monitor_data.speed_ref
1775245142146,0,monitor_data.speed_ref
1775245142147,0,monitor_data.speed_ref
1775245142148,0,monitor_data.speed_ref
1775245142149,0,monitor_data.speed_ref
1775245142150,0,monitor_data.speed_ref
1775245142151,0,monitor_data.speed_ref
1775245142152,0,monitor_data.speed_ref
1775245142153,0,monitor_data.speed_ref
1775245142154,0,monitor_data.speed_ref
1775245142155,0,monitor_data.speed_ref
1775245142156,0,monitor_data.speed_ref
1775245142157,0,monitor_data.speed_ref
1775245142158,0,monitor_data.speed_ref
1775245142159,0,monitor_data.speed_ref
1775245142160,0,monitor_data.speed_ref
1775245142161,0,monitor_data.speed_ref
1775245142162,0,monitor_data.speed_ref
1775245142163,0,monitor_data.speed_ref
1775245142164,0,monitor_data.speed_ref
1775245142165,0,monitor_data.speed_ref
1775245142166,0,monitor_data.speed_ref
1775245142167,0,monitor_data.speed_ref
1775245142168,0,monitor_data.speed_ref
1775245142169,0,monitor_data.speed_ref
1775245142170,0,monitor_data.speed_ref
1775245142171,0,monitor_data.speed_ref
1775245142172,0,monitor_data.speed_ref
1775245142173,0,monitor_data.speed_ref
1775245142174,0,monitor_data.speed_ref
1775245142175,0,monitor_data.speed_ref
1775245142176,0,monitor_data.speed_ref
1775245142177,0,monitor_data.speed_ref
1775245142178,0,monitor_data.speed_ref
1775245142179,0,monitor_data.speed_ref
1775245142180,0,monitor_data.speed_ref
1775245142181,0,monitor_data.speed_ref
1775245142182,0,monitor_data.speed_ref
1775245142183,0,monitor_data.speed_ref
1775245142184,0,monitor_data.speed_ref
1775245142185,0,monitor_data.speed_ref
1775245142186,0,monitor_data.speed_ref
1775245142187,0,monitor_data.speed_ref
1775245142188,0,monitor_data.speed_ref
1775245142189,0,monitor_data.speed_ref
1775245142190,0,monitor_data.speed_ref
1775245142141,3.6501073837280273,monitor_data.theta_mech
1775245142142,3.6501073837280273,monitor_data.theta_mech
1775245142143,3.650874376296997,monitor_data.theta_mech
1775245142144,3.6501073837280273,monitor_data.theta_mech
1775245142145,3.6504907608032227,monitor_data.theta_mech
1775245142146,3.6512577533721924,monitor_data.theta_mech
1775245142147,3.6504907608032227,monitor_data.theta_mech
1775245142148,3.6504907608032227,monitor_data.theta_mech
1775245142149,3.6501073837280273,monitor_data.theta_mech
1775245142150,3.6504907608032227,monitor_data.theta_mech
1775245142151,3.6493403911590576,monitor_data.theta_mech
1775245142152,3.6501073837280273,monitor_data.theta_mech
1775245142153,3.650874376296997,monitor_data.theta_mech
1775245142154,3.650874376296997,monitor_data.theta_mech
1775245142155,3.649723768234253,monitor_data.theta_mech
1775245142156,3.6504907608032227,monitor_data.theta_mech
1775245142157,3.6504907608032227,monitor_data.theta_mech
1775245142158,3.6501073837280273,monitor_data.theta_mech
1775245142159,3.6504907608032227,monitor_data.theta_mech
1775245142160,3.649723768234253,monitor_data.theta_mech
1775245142161,3.6501073837280273,monitor_data.theta_mech
1775245142162,3.650874376296997,monitor_data.theta_mech
1775245142163,3.6493403911590576,monitor_data.theta_mech
1775245142164,3.649723768234253,monitor_data.theta_mech
1775245142165,3.6501073837280273,monitor_data.theta_mech
1775245142166,3.649723768234253,monitor_data.theta_mech
1775245142167,3.649723768234253,monitor_data.theta_mech
1775245142168,3.649723768234253,monitor_data.theta_mech
1775245142169,3.6504907608032227,monitor_data.theta_mech
1775245142170,3.6504907608032227,monitor_data.theta_mech
1775245142171,3.6501073837280273,monitor_data.theta_mech
1775245142172,3.650874376296997,monitor_data.theta_mech
1775245142173,3.6501073837280273,monitor_data.theta_mech
1775245142174,3.648956775665283,monitor_data.theta_mech
1775245142175,3.649723768234253,monitor_data.theta_mech
1775245142176,3.6504907608032227,monitor_data.theta_mech
1775245142177,3.6501073837280273,monitor_data.theta_mech
1775245142178,3.6512577533721924,monitor_data.theta_mech
1775245142179,3.650874376296997,monitor_data.theta_mech
1775245142180,3.6493403911590576,monitor_data.theta_mech
1775245142181,3.649723768234253,monitor_data.theta_mech
1775245142182,3.6504907608032227,monitor_data.theta_mech
1775245142183,3.6493403911590576,monitor_data.theta_mech
1775245142184,3.6504907608032227,monitor_data.theta_mech
1775245142185,3.6501073837280273,monitor_data.theta_mech
1775245142186,3.651641368865967,monitor_data.theta_mech
1775245142187,3.650874376296997,monitor_data.theta_mech
1775245142188,3.650874376296997,monitor_data.theta_mech
1775245142189,3.649723768234253,monitor_data.theta_mech
1775245142190,3.649723768234253,monitor_data.theta_mech
1775245142191,0,monitor_data.speed_ref
1775245142192,0,monitor_data.speed_ref
1775245142193,0,monitor_data.speed_ref
1775245142194,0,monitor_data.speed_ref
1775245142195,0,monitor_data.speed_ref
1775245142196,0,monitor_data.speed_ref
1775245142197,0,monitor_data.speed_ref
1775245142198,0,monitor_data.speed_ref
1775245142199,0,monitor_data.speed_ref
1775245142200,0,monitor_data.speed_ref
1775245142201,0,monitor_data.speed_ref
1775245142202,0,monitor_data.speed_ref
1775245142203,0,monitor_data.speed_ref
1775245142204,0,monitor_data.speed_ref
1775245142205,0,monitor_data.speed_ref
1775245142206,0,monitor_data.speed_ref
1775245142207,0,monitor_data.speed_ref
1775245142208,0,monitor_data.speed_ref
1775245142209,0,monitor_data.speed_ref
1775245142210,0,monitor_data.speed_ref
1775245142211,0,monitor_data.speed_ref
1775245142212,0,monitor_data.speed_ref
1775245142213,0,monitor_data.speed_ref
1775245142214,0,monitor_data.speed_ref
1775245142215,0,monitor_data.speed_ref
1775245142216,0,monitor_data.speed_ref
1775245142217,0,monitor_data.speed_ref
1775245142218,0,monitor_data.speed_ref
1775245142219,0,monitor_data.speed_ref
1775245142220,0,monitor_data.speed_ref
1775245142221,0,monitor_data.speed_ref
1775245142222,0,monitor_data.speed_ref
1775245142223,0,monitor_data.speed_ref
1775245142224,0,monitor_data.speed_ref
1775245142225,0,monitor_data.speed_ref
1775245142226,0,monitor_data.speed_ref
1775245142227,0,monitor_data.speed_ref
1775245142228,0,monitor_data.speed_ref
1775245142229,0,monitor_data.speed_ref
1775245142230,0,monitor_data.speed_ref
1775245142231,0,monitor_data.speed_ref
1775245142232,0,monitor_data.speed_ref
1775245142233,0,monitor_data.speed_ref
1775245142234,0,monitor_data.speed_ref
1775245142235,0,monitor_data.speed_ref
1775245142236,0,monitor_data.speed_ref
1775245142237,0,monitor_data.speed_ref
1775245142238,0,monitor_data.speed_ref
1775245142239,0,monitor_data.speed_ref
1775245142240,0,monitor_data.speed_ref
1775245142191,3.6501073837280273,monitor_data.theta_mech
1775245142192,3.648956775665283,monitor_data.theta_mech
1775245142193,3.649723768234253,monitor_data.theta_mech
1775245142194,3.649723768234253,monitor_data.theta_mech
1775245142195,3.6504907608032227,monitor_data.theta_mech
1775245142196,3.6504907608032227,monitor_data.theta_mech
1775245142197,3.6504907608032227,monitor_data.theta_mech
1775245142198,3.6504907608032227,monitor_data.theta_mech
1775245142199,3.6504907608032227,monitor_data.theta_mech
1775245142200,3.6501073837280273,monitor_data.theta_mech
1775245142201,3.6501073837280273,monitor_data.theta_mech
1775245142202,3.649723768234253,monitor_data.theta_mech
1775245142203,3.649723768234253,monitor_data.theta_mech
1775245142204,3.6504907608032227,monitor_data.theta_mech
1775245142205,3.6501073837280273,monitor_data.theta_mech
1775245142206,3.649723768234253,monitor_data.theta_mech
1775245142207,3.6504907608032227,monitor_data.theta_mech
1775245142208,3.6504907608032227,monitor_data.theta_mech
1775245142209,3.6501073837280273,monitor_data.theta_mech
1775245142210,3.649723768234253,monitor_data.theta_mech
1775245142211,3.649723768234253,monitor_data.theta_mech
1775245142212,3.6504907608032227,monitor_data.theta_mech
1775245142213,3.6493403911590576,monitor_data.theta_mech
1775245142214,3.6504907608032227,monitor_data.theta_mech
1775245142215,3.649723768234253,monitor_data.theta_mech
1775245142216,3.649723768234253,monitor_data.theta_mech
1775245142217,3.649723768234253,monitor_data.theta_mech
1775245142218,3.650874376296997,monitor_data.theta_mech
1775245142219,3.650874376296997,monitor_data.theta_mech
1775245142220,3.649723768234253,monitor_data.theta_mech
1775245142221,3.6504907608032227,monitor_data.theta_mech
1775245142222,3.6504907608032227,monitor_data.theta_mech
1775245142223,3.6504907608032227,monitor_data.theta_mech
1775245142224,3.6501073837280273,monitor_data.theta_mech
1775245142225,3.6493403911590576,monitor_data.theta_mech
1775245142226,3.6504907608032227,monitor_data.theta_mech
1775245142227,3.650874376296997,monitor_data.theta_mech
1775245142228,3.6501073837280273,monitor_data.theta_mech
1775245142229,3.6493403911590576,monitor_data.theta_mech
1775245142230,3.6504907608032227,monitor_data.theta_mech
1775245142231,3.6493403911590576,monitor_data.theta_mech
1775245142232,3.6504907608032227,monitor_data.theta_mech
1775245142233,3.6512577533721924,monitor_data.theta_mech
1775245142234,3.650874376296997,monitor_data.theta_mech
1775245142235,3.649723768234253,monitor_data.theta_mech
1775245142236,3.6512577533721924,monitor_data.theta_mech
1775245142237,3.649723768234253,monitor_data.theta_mech
1775245142238,3.649723768234253,monitor_data.theta_mech
1775245142239,3.649723768234253,monitor_data.theta_mech
1775245142240,3.6512577533721924,monitor_data.theta_mech
1775245142241,0,monitor_data.speed_ref
1775245142242,0,monitor_data.speed_ref
1775245142243,0,monitor_data.speed_ref
1775245142244,0,monitor_data.speed_ref
1775245142245,0,monitor_data.speed_ref
1775245142246,0,monitor_data.speed_ref
1775245142247,0,monitor_data.speed_ref
1775245142248,0,monitor_data.speed_ref
1775245142249,0,monitor_data.speed_ref
1775245142250,0,monitor_data.speed_ref
1775245142251,0,monitor_data.speed_ref
1775245142252,0,monitor_data.speed_ref
1775245142253,0,monitor_data.speed_ref
1775245142254,0,monitor_data.speed_ref
1775245142255,0,monitor_data.speed_ref
1775245142256,0,monitor_data.speed_ref
1775245142257,0,monitor_data.speed_ref
1775245142258,0,monitor_data.speed_ref
1775245142259,0,monitor_data.speed_ref
1775245142260,0,monitor_data.speed_ref
1775245142261,0,monitor_data.speed_ref
1775245142262,0,monitor_data.speed_ref
1775245142263,0,monitor_data.speed_ref
1775245142264,0,monitor_data.speed_ref
1775245142265,0,monitor_data.speed_ref
1775245142266,0,monitor_data.speed_ref
1775245142267,0,monitor_data.speed_ref
1775245142268,0,monitor_data.speed_ref
1775245142269,0,monitor_data.speed_ref
1775245142270,0,monitor_data.speed_ref
1775245142271,0,monitor_data.speed_ref
1775245142272,0,monitor_data.speed_ref
1775245142273,0,monitor_data.speed_ref
1775245142274,0,monitor_data.speed_ref
1775245142275,0,monitor_data.speed_ref
1775245142276,0,monitor_data.speed_ref
1775245142277,0,monitor_data.speed_ref
1775245142278,0,monitor_data.speed_ref
1775245142279,0,monitor_data.speed_ref
1775245142280,0,monitor_data.speed_ref
1775245142281,0,monitor_data.speed_ref
1775245142282,0,monitor_data.speed_ref
1775245142283,0,monitor_data.speed_ref
1775245142284,0,monitor_data.speed_ref
1775245142285,0,monitor_data.speed_ref
1775245142286,0,monitor_data.speed_ref
1775245142287,0,monitor_data.speed_ref
1775245142288,0,monitor_data.speed_ref
1775245142289,0,monitor_data.speed_ref
1775245142290,0,monitor_data.speed_ref
1775245142241,3.6512577533721924,monitor_data.theta_mech
1775245142242,3.6512577533721924,monitor_data.theta_mech
1775245142243,3.6504907608032227,monitor_data.theta_mech
1775245142244,3.6504907608032227,monitor_data.theta_mech
1775245142245,3.6504907608032227,monitor_data.theta_mech
1775245142246,3.6504907608032227,monitor_data.theta_mech
1775245142247,3.649723768234253,monitor_data.theta_mech
1775245142248,3.648956775665283,monitor_data.theta_mech
1775245142249,3.6501073837280273,monitor_data.theta_mech
1775245142250,3.6493403911590576,monitor_data.theta_mech
1775245142251,3.6501073837280273,monitor_data.theta_mech
1775245142252,3.649723768234253,monitor_data.theta_mech
1775245142253,3.6501073837280273,monitor_data.theta_mech
1775245142254,3.6504907608032227,monitor_data.theta_mech
1775245142255,3.649723768234253,monitor_data.theta_mech
1775245142256,3.6493403911590576,monitor_data.theta_mech
1775245142257,3.6501073837280273,monitor_data.theta_mech
1775245142258,3.649723768234253,monitor_data.theta_mech
1775245142259,3.6512577533721924,monitor_data.theta_mech
1775245142260,3.649723768234253,monitor_data.theta_mech
1775245142261,3.6501073837280273,monitor_data.theta_mech
1775245142262,3.6501073837280273,monitor_data.theta_mech
1775245142263,3.6501073837280273,monitor_data.theta_mech
1775245142264,3.6501073837280273,monitor_data.theta_mech
1775245142265,3.650874376296997,monitor_data.theta_mech
1775245142266,3.649723768234253,monitor_data.theta_mech
1775245142267,3.649723768234253,monitor_data.theta_mech
1775245142268,3.6504907608032227,monitor_data.theta_mech
1775245142269,3.650874376296997,monitor_data.theta_mech
1775245142270,3.649723768234253,monitor_data.theta_mech
1775245142271,3.649723768234253,monitor_data.theta_mech
1775245142272,3.650874376296997,monitor_data.theta_mech
1775245142273,3.649723768234253,monitor_data.theta_mech
1775245142274,3.6504907608032227,monitor_data.theta_mech
1775245142275,3.6493403911590576,monitor_data.theta_mech
1775245142276,3.6493403911590576,monitor_data.theta_mech
1775245142277,3.6504907608032227,monitor_data.theta_mech
1775245142278,3.650874376296997,monitor_data.theta_mech
1775245142279,3.6501073837280273,monitor_data.theta_mech
1775245142280,3.6504907608032227,monitor_data.theta_mech
1775245142281,3.6501073837280273,monitor_data.theta_mech
1775245142282,3.6504907608032227,monitor_data.theta_mech
1775245142283,3.649723768234253,monitor_data.theta_mech
1775245142284,3.6501073837280273,monitor_data.theta_mech
1775245142285,3.6501073837280273,monitor_data.theta_mech
1775245142286,3.649723768234253,monitor_data.theta_mech
1775245142287,3.6493403911590576,monitor_data.theta_mech
1775245142288,3.6504907608032227,monitor_data.theta_mech
1775245142289,3.6512577533721924,monitor_data.theta_mech
1775245142290,3.6501073837280273,monitor_data.theta_mech
1775245142291,0,monitor_data.speed_ref
1775245142292,0,monitor_data.speed_ref
1775245142293,0,monitor_data.speed_ref
1775245142294,0,monitor_data.speed_ref
1775245142295,0,monitor_data.speed_ref
1775245142296,0,monitor_data.speed_ref
1775245142297,0,monitor_data.speed_ref
1775245142298,0,monitor_data.speed_ref
1775245142299,0,monitor_data.speed_ref
1775245142300,0,monitor_data.speed_ref
1775245142301,0,monitor_data.speed_ref
1775245142302,0,monitor_data.speed_ref
1775245142303,0,monitor_data.speed_ref
1775245142304,0,monitor_data.speed_ref
1775245142305,0,monitor_data.speed_ref
1775245142306,0,monitor_data.speed_ref
1775245142307,0,monitor_data.speed_ref
1775245142308,0,monitor_data.speed_ref
1775245142309,0,monitor_data.speed_ref
1775245142310,0,monitor_data.speed_ref
1775245142311,0,monitor_data.speed_ref
1775245142312,0,monitor_data.speed_ref
1775245142313,0,monitor_data.speed_ref
1775245142314,0,monitor_data.speed_ref
1775245142315,0,monitor_data.speed_ref
1775245142316,0,monitor_data.speed_ref
1775245142317,0,monitor_data.speed_ref
1775245142318,0,monitor_data.speed_ref
1775245142319,0,monitor_data.speed_ref
1775245142320,0,monitor_data.speed_ref
1775245142321,0,monitor_data.speed_ref
1775245142322,0,monitor_data.speed_ref
1775245142323,0,monitor_data.speed_ref
1775245142324,0,monitor_data.speed_ref
1775245142325,0,monitor_data.speed_ref
1775245142326,0,monitor_data.speed_ref
1775245142327,0,monitor_data.speed_ref
1775245142328,0,monitor_data.speed_ref
1775245142329,0,monitor_data.speed_ref
1775245142330,0,monitor_data.speed_ref
1775245142331,0,monitor_data.speed_ref
1775245142332,0,monitor_data.speed_ref
1775245142333,0,monitor_data.speed_ref
1775245142334,0,monitor_data.speed_ref
1775245142335,0,monitor_data.speed_ref
1775245142336,0,monitor_data.speed_ref
1775245142337,0,monitor_data.speed_ref
1775245142338,0,monitor_data.speed_ref
1775245142339,0,monitor_data.speed_ref
1775245142291,3.649723768234253,monitor_data.theta_mech
1775245142292,3.6493403911590576,monitor_data.theta_mech
1775245142293,3.649723768234253,monitor_data.theta_mech
1775245142294,3.649723768234253,monitor_data.theta_mech
1775245142295,3.648956775665283,monitor_data.theta_mech
1775245142296,3.649723768234253,monitor_data.theta_mech
1775245142297,3.6504907608032227,monitor_data.theta_mech
1775245142298,3.648573398590088,monitor_data.theta_mech
1775245142299,3.649723768234253,monitor_data.theta_mech
1775245142300,3.649723768234253,monitor_data.theta_mech
1775245142301,3.6512577533721924,monitor_data.theta_mech
1775245142302,3.6504907608032227,monitor_data.theta_mech
1775245142303,3.650874376296997,monitor_data.theta_mech
1775245142304,3.6501073837280273,monitor_data.theta_mech
1775245142305,3.649723768234253,monitor_data.theta_mech
1775245142306,3.650874376296997,monitor_data.theta_mech
1775245142307,3.6501073837280273,monitor_data.theta_mech
1775245142308,3.6501073837280273,monitor_data.theta_mech
1775245142309,3.650874376296997,monitor_data.theta_mech
1775245142310,3.6501073837280273,monitor_data.theta_mech
1775245142311,3.6504907608032227,monitor_data.theta_mech
1775245142312,3.6504907608032227,monitor_data.theta_mech
1775245142313,3.649723768234253,monitor_data.theta_mech
1775245142314,3.6493403911590576,monitor_data.theta_mech
1775245142315,3.650874376296997,monitor_data.theta_mech
1775245142316,3.6504907608032227,monitor_data.theta_mech
1775245142317,3.650874376296997,monitor_data.theta_mech
1775245142318,3.6501073837280273,monitor_data.theta_mech
1775245142319,3.649723768234253,monitor_data.theta_mech
1775245142320,3.649723768234253,monitor_data.theta_mech
1775245142321,3.6501073837280273,monitor_data.theta_mech
1775245142322,3.649723768234253,monitor_data.theta_mech
1775245142323,3.6501073837280273,monitor_data.theta_mech
1775245142324,3.649723768234253,monitor_data.theta_mech
1775245142325,3.6493403911590576,monitor_data.theta_mech
1775245142326,3.6493403911590576,monitor_data.theta_mech
1775245142327,3.6504907608032227,monitor_data.theta_mech
1775245142328,3.6512577533721924,monitor_data.theta_mech
1775245142329,3.649723768234253,monitor_data.theta_mech
1775245142330,3.6493403911590576,monitor_data.theta_mech
1775245142331,3.6493403911590576,monitor_data.theta_mech
1775245142332,3.6501073837280273,monitor_data.theta_mech
1775245142333,3.6493403911590576,monitor_data.theta_mech
1775245142334,3.649723768234253,monitor_data.theta_mech
1775245142335,3.6493403911590576,monitor_data.theta_mech
1775245142336,3.6504907608032227,monitor_data.theta_mech
1775245142337,3.648956775665283,monitor_data.theta_mech
1775245142338,3.6504907608032227,monitor_data.theta_mech
1775245142339,3.6493403911590576,monitor_data.theta_mech
1775245142340,0,monitor_data.speed_ref
1775245142341,0,monitor_data.speed_ref
1775245142342,0,monitor_data.speed_ref
1775245142343,0,monitor_data.speed_ref
1775245142344,0,monitor_data.speed_ref
1775245142345,0,monitor_data.speed_ref
1775245142347,0,monitor_data.speed_ref
1775245142350,0,monitor_data.speed_ref
1775245142351,0,monitor_data.speed_ref
1775245142351,0,monitor_data.speed_ref
1775245142352,0,monitor_data.speed_ref
1775245142352,0,monitor_data.speed_ref
1775245142353,0,monitor_data.speed_ref
1775245142353,0,monitor_data.speed_ref
1775245142354,0,monitor_data.speed_ref
1775245142355,0,monitor_data.speed_ref
1775245142356,0,monitor_data.speed_ref
1775245142357,0,monitor_data.speed_ref
1775245142358,0,monitor_data.speed_ref
1775245142359,0,monitor_data.speed_ref
1775245142360,0,monitor_data.speed_ref
1775245142361,0,monitor_data.speed_ref
1775245142362,0,monitor_data.speed_ref
1775245142363,0,monitor_data.speed_ref
1775245142364,0,monitor_data.speed_ref
1775245142365,0,monitor_data.speed_ref
1775245142366,0,monitor_data.speed_ref
1775245142367,0,monitor_data.speed_ref
1775245142368,0,monitor_data.speed_ref
1775245142369,0,monitor_data.speed_ref
1775245142370,0,monitor_data.speed_ref
1775245142371,0,monitor_data.speed_ref
1775245142372,0,monitor_data.speed_ref
1775245142373,0,monitor_data.speed_ref
1775245142374,0,monitor_data.speed_ref
1775245142375,0,monitor_data.speed_ref
1775245142376,0,monitor_data.speed_ref
1775245142377,0,monitor_data.speed_ref
1775245142378,0,monitor_data.speed_ref
1775245142379,0,monitor_data.speed_ref
1775245142380,0,monitor_data.speed_ref
1775245142381,0,monitor_data.speed_ref
1775245142382,0,monitor_data.speed_ref
1775245142383,0,monitor_data.speed_ref
1775245142384,0,monitor_data.speed_ref
1775245142385,0,monitor_data.speed_ref
1775245142386,0,monitor_data.speed_ref
1775245142387,0,monitor_data.speed_ref
1775245142388,0,monitor_data.speed_ref
1775245142389,0,monitor_data.speed_ref
1775245142390,0,monitor_data.speed_ref
1775245142340,3.6504907608032227,monitor_data.theta_mech
1775245142341,3.649723768234253,monitor_data.theta_mech
1775245142342,3.649723768234253,monitor_data.theta_mech
1775245142343,3.6504907608032227,monitor_data.theta_mech
1775245142344,3.6504907608032227,monitor_data.theta_mech
1775245142345,3.6501073837280273,monitor_data.theta_mech
1775245142347,3.6504907608032227,monitor_data.theta_mech
1775245142350,3.6501073837280273,monitor_data.theta_mech
1775245142351,3.649723768234253,monitor_data.theta_mech
1775245142351,3.6501073837280273,monitor_data.theta_mech
1775245142352,3.6504907608032227,monitor_data.theta_mech
1775245142352,3.648956775665283,monitor_data.theta_mech
1775245142353,3.6501073837280273,monitor_data.theta_mech
1775245142353,3.6504907608032227,monitor_data.theta_mech
1775245142354,3.6501073837280273,monitor_data.theta_mech
1775245142355,3.648956775665283,monitor_data.theta_mech
1775245142356,3.649723768234253,monitor_data.theta_mech
1775245142357,3.6501073837280273,monitor_data.theta_mech
1775245142358,3.649723768234253,monitor_data.theta_mech
1775245142359,3.6501073837280273,monitor_data.theta_mech
1775245142360,3.648956775665283,monitor_data.theta_mech
1775245142361,3.6493403911590576,monitor_data.theta_mech
1775245142362,3.649723768234253,monitor_data.theta_mech
1775245142363,3.650874376296997,monitor_data.theta_mech
1775245142364,3.6493403911590576,monitor_data.theta_mech
1775245142365,3.649723768234253,monitor_data.theta_mech
1775245142366,3.6493403911590576,monitor_data.theta_mech
1775245142367,3.6504907608032227,monitor_data.theta_mech
1775245142368,3.649723768234253,monitor_data.theta_mech
1775245142369,3.650874376296997,monitor_data.theta_mech
1775245142370,3.6504907608032227,monitor_data.theta_mech
1775245142371,3.6493403911590576,monitor_data.theta_mech
1775245142372,3.6504907608032227,monitor_data.theta_mech
1775245142373,3.6504907608032227,monitor_data.theta_mech
1775245142374,3.649723768234253,monitor_data.theta_mech
1775245142375,3.649723768234253,monitor_data.theta_mech
1775245142376,3.6504907608032227,monitor_data.theta_mech
1775245142377,3.6504907608032227,monitor_data.theta_mech
1775245142378,3.649723768234253,monitor_data.theta_mech
1775245142379,3.650874376296997,monitor_data.theta_mech
1775245142380,3.6501073837280273,monitor_data.theta_mech
1775245142381,3.6504907608032227,monitor_data.theta_mech
1775245142382,3.649723768234253,monitor_data.theta_mech
1775245142383,3.649723768234253,monitor_data.theta_mech
1775245142384,3.6501073837280273,monitor_data.theta_mech
1775245142385,3.6501073837280273,monitor_data.theta_mech
1775245142386,3.649723768234253,monitor_data.theta_mech
1775245142387,3.6501073837280273,monitor_data.theta_mech
1775245142388,3.6512577533721924,monitor_data.theta_mech
1775245142389,3.650874376296997,monitor_data.theta_mech
1775245142390,3.6512577533721924,monitor_data.theta_mech
1775245142391,0,monitor_data.speed_ref
1775245142392,0,monitor_data.speed_ref
1775245142393,0,monitor_data.speed_ref
1775245142394,0,monitor_data.speed_ref
1775245142395,0,monitor_data.speed_ref
1775245142396,0,monitor_data.speed_ref
1775245142397,0,monitor_data.speed_ref
1775245142398,0,monitor_data.speed_ref
1775245142399,0,monitor_data.speed_ref
1775245142400,0,monitor_data.speed_ref
1775245142401,0,monitor_data.speed_ref
1775245142402,0,monitor_data.speed_ref
1775245142403,0,monitor_data.speed_ref
1775245142404,0,monitor_data.speed_ref
1775245142405,0,monitor_data.speed_ref
1775245142406,0,monitor_data.speed_ref
1775245142407,0,monitor_data.speed_ref
1775245142408,0,monitor_data.speed_ref
1775245142409,0,monitor_data.speed_ref
1775245142410,0,monitor_data.speed_ref
1775245142411,0,monitor_data.speed_ref
1775245142412,0,monitor_data.speed_ref
1775245142413,0,monitor_data.speed_ref
1775245142414,0,monitor_data.speed_ref
1775245142415,0,monitor_data.speed_ref
1775245142416,0,monitor_data.speed_ref
1775245142417,0,monitor_data.speed_ref
1775245142418,0,monitor_data.speed_ref
1775245142419,0,monitor_data.speed_ref
1775245142420,0,monitor_data.speed_ref
1775245142421,0,monitor_data.speed_ref
1775245142422,0,monitor_data.speed_ref
1775245142423,0,monitor_data.speed_ref
1775245142424,0,monitor_data.speed_ref
1775245142425,0,monitor_data.speed_ref
1775245142426,0,monitor_data.speed_ref
1775245142427,0,monitor_data.speed_ref
1775245142428,0,monitor_data.speed_ref
1775245142429,0,monitor_data.speed_ref
1775245142430,0,monitor_data.speed_ref
1775245142431,0,monitor_data.speed_ref
1775245142432,0,monitor_data.speed_ref
1775245142433,0,monitor_data.speed_ref
1775245142434,0,monitor_data.speed_ref
1775245142435,0,monitor_data.speed_ref
1775245142436,0,monitor_data.speed_ref
1775245142437,0,monitor_data.speed_ref
1775245142438,0,monitor_data.speed_ref
1775245142439,0,monitor_data.speed_ref
1775245142440,0,monitor_data.speed_ref
1775245142391,3.649723768234253,monitor_data.theta_mech
1775245142392,3.6501073837280273,monitor_data.theta_mech
1775245142393,3.6504907608032227,monitor_data.theta_mech
1775245142394,3.6501073837280273,monitor_data.theta_mech
1775245142395,3.649723768234253,monitor_data.theta_mech
1775245142396,3.6501073837280273,monitor_data.theta_mech
1775245142397,3.6501073837280273,monitor_data.theta_mech
1775245142398,3.6504907608032227,monitor_data.theta_mech
1775245142399,3.6493403911590576,monitor_data.theta_mech
1775245142400,3.6504907608032227,monitor_data.theta_mech
1775245142401,3.6501073837280273,monitor_data.theta_mech
1775245142402,3.649723768234253,monitor_data.theta_mech
1775245142403,3.6504907608032227,monitor_data.theta_mech
1775245142404,3.6501073837280273,monitor_data.theta_mech
1775245142405,3.6493403911590576,monitor_data.theta_mech
1775245142406,3.648956775665283,monitor_data.theta_mech
1775245142407,3.6493403911590576,monitor_data.theta_mech
1775245142408,3.6501073837280273,monitor_data.theta_mech
1775245142409,3.649723768234253,monitor_data.theta_mech
1775245142410,3.6504907608032227,monitor_data.theta_mech
1775245142411,3.6512577533721924,monitor_data.theta_mech
1775245142412,3.6512577533721924,monitor_data.theta_mech
1775245142413,3.650874376296997,monitor_data.theta_mech
1775245142414,3.6504907608032227,monitor_data.theta_mech
1775245142415,3.6512577533721924,monitor_data.theta_mech
1775245142416,3.6501073837280273,monitor_data.theta_mech
1775245142417,3.649723768234253,monitor_data.theta_mech
1775245142418,3.6512577533721924,monitor_data.theta_mech
1775245142419,3.649723768234253,monitor_data.theta_mech
1775245142420,3.648956775665283,monitor_data.theta_mech
1775245142421,3.6504907608032227,monitor_data.theta_mech
1775245142422,3.649723768234253,monitor_data.theta_mech
1775245142423,3.650874376296997,monitor_data.theta_mech
1775245142424,3.6493403911590576,monitor_data.theta_mech
1775245142425,3.649723768234253,monitor_data.theta_mech
1775245142426,3.6501073837280273,monitor_data.theta_mech
1775245142427,3.649723768234253,monitor_data.theta_mech
1775245142428,3.6504907608032227,monitor_data.theta_mech
1775245142429,3.649723768234253,monitor_data.theta_mech
1775245142430,3.650874376296997,monitor_data.theta_mech
1775245142431,3.649723768234253,monitor_data.theta_mech
1775245142432,3.6504907608032227,monitor_data.theta_mech
1775245142433,3.650874376296997,monitor_data.theta_mech
1775245142434,3.6504907608032227,monitor_data.theta_mech
1775245142435,3.6501073837280273,monitor_data.theta_mech
1775245142436,3.6501073837280273,monitor_data.theta_mech
1775245142437,3.6501073837280273,monitor_data.theta_mech
1775245142438,3.6501073837280273,monitor_data.theta_mech
1775245142439,3.6493403911590576,monitor_data.theta_mech
1775245142440,3.6501073837280273,monitor_data.theta_mech
1775245142441,0,monitor_data.speed_ref
1775245142442,0,monitor_data.speed_ref
1775245142443,0,monitor_data.speed_ref
1775245142444,0,monitor_data.speed_ref
1775245142445,0,monitor_data.speed_ref
1775245142446,0,monitor_data.speed_ref
1775245142447,0,monitor_data.speed_ref
1775245142448,0,monitor_data.speed_ref
1775245142449,0,monitor_data.speed_ref
1775245142450,0,monitor_data.speed_ref
1775245142451,0,monitor_data.speed_ref
1775245142452,0,monitor_data.speed_ref
1775245142453,0,monitor_data.speed_ref
1775245142454,0,monitor_data.speed_ref
1775245142455,0,monitor_data.speed_ref
1775245142456,0,monitor_data.speed_ref
1775245142457,0,monitor_data.speed_ref
1775245142458,0,monitor_data.speed_ref
1775245142459,0,monitor_data.speed_ref
1775245142460,0,monitor_data.speed_ref
1775245142461,0,monitor_data.speed_ref
1775245142462,0,monitor_data.speed_ref
1775245142463,0,monitor_data.speed_ref
1775245142464,0,monitor_data.speed_ref
1775245142465,0,monitor_data.speed_ref
1775245142466,0,monitor_data.speed_ref
1775245142467,0,monitor_data.speed_ref
1775245142468,0,monitor_data.speed_ref
1775245142469,0,monitor_data.speed_ref
1775245142470,0,monitor_data.speed_ref
1775245142471,0,monitor_data.speed_ref
1775245142472,0,monitor_data.speed_ref
1775245142473,0,monitor_data.speed_ref
1775245142474,0,monitor_data.speed_ref
1775245142475,0,monitor_data.speed_ref
1775245142476,0,monitor_data.speed_ref
1775245142477,0,monitor_data.speed_ref
1775245142478,0,monitor_data.speed_ref
1775245142479,0,monitor_data.speed_ref
1775245142480,0,monitor_data.speed_ref
1775245142481,0,monitor_data.speed_ref
1775245142482,0,monitor_data.speed_ref
1775245142483,0,monitor_data.speed_ref
1775245142484,0,monitor_data.speed_ref
1775245142485,0,monitor_data.speed_ref
1775245142486,0,monitor_data.speed_ref
1775245142487,0,monitor_data.speed_ref
1775245142488,0,monitor_data.speed_ref
1775245142489,0,monitor_data.speed_ref
1775245142490,0,monitor_data.speed_ref
1775245142441,3.6504907608032227,monitor_data.theta_mech
1775245142442,3.649723768234253,monitor_data.theta_mech
1775245142443,3.650874376296997,monitor_data.theta_mech
1775245142444,3.6493403911590576,monitor_data.theta_mech
1775245142445,3.649723768234253,monitor_data.theta_mech
1775245142446,3.6512577533721924,monitor_data.theta_mech
1775245142447,3.6504907608032227,monitor_data.theta_mech
1775245142448,3.6512577533721924,monitor_data.theta_mech
1775245142449,3.650874376296997,monitor_data.theta_mech
1775245142450,3.6501073837280273,monitor_data.theta_mech
1775245142451,3.6504907608032227,monitor_data.theta_mech
1775245142452,3.6501073837280273,monitor_data.theta_mech
1775245142453,3.6504907608032227,monitor_data.theta_mech
1775245142454,3.648956775665283,monitor_data.theta_mech
1775245142455,3.649723768234253,monitor_data.theta_mech
1775245142456,3.649723768234253,monitor_data.theta_mech
1775245142457,3.6501073837280273,monitor_data.theta_mech
1775245142458,3.6501073837280273,monitor_data.theta_mech
1775245142459,3.650874376296997,monitor_data.theta_mech
1775245142460,3.649723768234253,monitor_data.theta_mech
1775245142461,3.6501073837280273,monitor_data.theta_mech
1775245142462,3.650874376296997,monitor_data.theta_mech
1775245142463,3.6501073837280273,monitor_data.theta_mech
1775245142464,3.6493403911590576,monitor_data.theta_mech
1775245142465,3.6512577533721924,monitor_data.theta_mech
1775245142466,3.6504907608032227,monitor_data.theta_mech
1775245142467,3.649723768234253,monitor_data.theta_mech
1775245142468,3.6501073837280273,monitor_data.theta_mech
1775245142469,3.649723768234253,monitor_data.theta_mech
1775245142470,3.6501073837280273,monitor_data.theta_mech
1775245142471,3.6501073837280273,monitor_data.theta_mech
1775245142472,3.6504907608032227,monitor_data.theta_mech
1775245142473,3.6504907608032227,monitor_data.theta_mech
1775245142474,3.649723768234253,monitor_data.theta_mech
1775245142475,3.6504907608032227,monitor_data.theta_mech
1775245142476,3.649723768234253,monitor_data.theta_mech
1775245142477,3.6501073837280273,monitor_data.theta_mech
1775245142478,3.6504907608032227,monitor_data.theta_mech
1775245142479,3.6504907608032227,monitor_data.theta_mech
1775245142480,3.6501073837280273,monitor_data.theta_mech
1775245142481,3.6501073837280273,monitor_data.theta_mech
1775245142482,3.648573398590088,monitor_data.theta_mech
1775245142483,3.6504907608032227,monitor_data.theta_mech
1775245142484,3.649723768234253,monitor_data.theta_mech
1775245142485,3.6493403911590576,monitor_data.theta_mech
1775245142486,3.6504907608032227,monitor_data.theta_mech
1775245142487,3.6493403911590576,monitor_data.theta_mech
1775245142488,3.6504907608032227,monitor_data.theta_mech
1775245142489,3.6504907608032227,monitor_data.theta_mech
1775245142490,3.650874376296997,monitor_data.theta_mech
1775245142491,0,monitor_data.speed_ref
1775245142492,0,monitor_data.speed_ref
1775245142493,0,monitor_data.speed_ref
1775245142494,0,monitor_data.speed_ref
1775245142495,0,monitor_data.speed_ref
1775245142496,0,monitor_data.speed_ref
1775245142497,0,monitor_data.speed_ref
1775245142498,0,monitor_data.speed_ref
1775245142499,0,monitor_data.speed_ref
1775245142500,0,monitor_data.speed_ref
1775245142501,0,monitor_data.speed_ref
1775245142502,0,monitor_data.speed_ref
1775245142503,0,monitor_data.speed_ref
1775245142504,0,monitor_data.speed_ref
1775245142505,0,monitor_data.speed_ref
1775245142506,0,monitor_data.speed_ref
1775245142507,0,monitor_data.speed_ref
1775245142508,0,monitor_data.speed_ref
1775245142509,0,monitor_data.speed_ref
1775245142510,0,monitor_data.speed_ref
1775245142511,0,monitor_data.speed_ref
1775245142512,0,monitor_data.speed_ref
1775245142513,0,monitor_data.speed_ref
1775245142514,0,monitor_data.speed_ref
1775245142515,0,monitor_data.speed_ref
1775245142516,0,monitor_data.speed_ref
1775245142517,0,monitor_data.speed_ref
1775245142518,0,monitor_data.speed_ref
1775245142519,0,monitor_data.speed_ref
1775245142520,0,monitor_data.speed_ref
1775245142521,0,monitor_data.speed_ref
1775245142522,0,monitor_data.speed_ref
1775245142523,0,monitor_data.speed_ref
1775245142524,0,monitor_data.speed_ref
1775245142525,0,monitor_data.speed_ref
1775245142526,0,monitor_data.speed_ref
1775245142527,0,monitor_data.speed_ref
1775245142528,0,monitor_data.speed_ref
1775245142529,0,monitor_data.speed_ref
1775245142530,0,monitor_data.speed_ref
1775245142531,0,monitor_data.speed_ref
1775245142532,0,monitor_data.speed_ref
1775245142533,0,monitor_data.speed_ref
1775245142534,0,monitor_data.speed_ref
1775245142535,0,monitor_data.speed_ref
1775245142536,0,monitor_data.speed_ref
1775245142537,0,monitor_data.speed_ref
1775245142538,0,monitor_data.speed_ref
1775245142539,0,monitor_data.speed_ref
1775245142540,0,monitor_data.speed_ref
1775245142541,0,monitor_data.speed_ref
1775245142491,3.6501073837280273,monitor_data.theta_mech
1775245142492,3.6504907608032227,monitor_data.theta_mech
1775245142493,3.649723768234253,monitor_data.theta_mech
1775245142494,3.649723768234253,monitor_data.theta_mech
1775245142495,3.6501073837280273,monitor_data.theta_mech
1775245142496,3.648956775665283,monitor_data.theta_mech
1775245142497,3.6501073837280273,monitor_data.theta_mech
1775245142498,3.6504907608032227,monitor_data.theta_mech
1775245142499,3.6504907608032227,monitor_data.theta_mech
1775245142500,3.6504907608032227,monitor_data.theta_mech
1775245142501,3.649723768234253,monitor_data.theta_mech
1775245142502,3.650874376296997,monitor_data.theta_mech
1775245142503,3.6504907608032227,monitor_data.theta_mech
1775245142504,3.6501073837280273,monitor_data.theta_mech
1775245142505,3.6501073837280273,monitor_data.theta_mech
1775245142506,3.6504907608032227,monitor_data.theta_mech
1775245142507,3.6501073837280273,monitor_data.theta_mech
1775245142508,3.6504907608032227,monitor_data.theta_mech
1775245142509,3.649723768234253,monitor_data.theta_mech
1775245142510,3.6501073837280273,monitor_data.theta_mech
1775245142511,3.6504907608032227,monitor_data.theta_mech
1775245142512,3.6501073837280273,monitor_data.theta_mech
1775245142513,3.649723768234253,monitor_data.theta_mech
1775245142514,3.650874376296997,monitor_data.theta_mech
1775245142515,3.6501073837280273,monitor_data.theta_mech
1775245142516,3.650874376296997,monitor_data.theta_mech
1775245142517,3.649723768234253,monitor_data.theta_mech
1775245142518,3.6501073837280273,monitor_data.theta_mech
1775245142519,3.649723768234253,monitor_data.theta_mech
1775245142520,3.6504907608032227,monitor_data.theta_mech
1775245142521,3.650874376296997,monitor_data.theta_mech
1775245142522,3.6504907608032227,monitor_data.theta_mech
1775245142523,3.6504907608032227,monitor_data.theta_mech
1775245142524,3.649723768234253,monitor_data.theta_mech
1775245142525,3.6504907608032227,monitor_data.theta_mech
1775245142526,3.650874376296997,monitor_data.theta_mech
1775245142527,3.6493403911590576,monitor_data.theta_mech
1775245142528,3.6501073837280273,monitor_data.theta_mech
1775245142529,3.649723768234253,monitor_data.theta_mech
1775245142530,3.6504907608032227,monitor_data.theta_mech
1775245142531,3.6501073837280273,monitor_data.theta_mech
1775245142532,3.6504907608032227,monitor_data.theta_mech
1775245142533,3.6501073837280273,monitor_data.theta_mech
1775245142534,3.6504907608032227,monitor_data.theta_mech
1775245142535,3.6504907608032227,monitor_data.theta_mech
1775245142536,3.6501073837280273,monitor_data.theta_mech
1775245142537,3.6512577533721924,monitor_data.theta_mech
1775245142538,3.6504907608032227,monitor_data.theta_mech
1775245142539,3.649723768234253,monitor_data.theta_mech
1775245142540,3.6504907608032227,monitor_data.theta_mech
1775245142541,3.6493403911590576,monitor_data.theta_mech
1775245142542,0,monitor_data.speed_ref
1775245142543,0,monitor_data.speed_ref
1775245142544,0,monitor_data.speed_ref
1775245142545,0,monitor_data.speed_ref
1775245142546,0,monitor_data.speed_ref
1775245142547,0,monitor_data.speed_ref
1775245142548,0,monitor_data.speed_ref
1775245142549,0,monitor_data.speed_ref
1775245142550,0,monitor_data.speed_ref
1775245142551,0,monitor_data.speed_ref
1775245142552,0,monitor_data.speed_ref
1775245142553,0,monitor_data.speed_ref
1775245142554,0,monitor_data.speed_ref
1775245142555,0,monitor_data.speed_ref
1775245142556,0,monitor_data.speed_ref
1775245142557,0,monitor_data.speed_ref
1775245142558,0,monitor_data.speed_ref
1775245142559,0,monitor_data.speed_ref
1775245142560,0,monitor_data.speed_ref
1775245142561,0,monitor_data.speed_ref
1775245142562,0,monitor_data.speed_ref
1775245142563,0,monitor_data.speed_ref
1775245142564,0,monitor_data.speed_ref
1775245142565,0,monitor_data.speed_ref
1775245142566,0,monitor_data.speed_ref
1775245142567,0,monitor_data.speed_ref
1775245142568,0,monitor_data.speed_ref
1775245142569,0,monitor_data.speed_ref
1775245142570,0,monitor_data.speed_ref
1775245142571,0,monitor_data.speed_ref
1775245142572,0,monitor_data.speed_ref
1775245142573,0,monitor_data.speed_ref
1775245142574,0,monitor_data.speed_ref
1775245142575,0,monitor_data.speed_ref
1775245142576,0,monitor_data.speed_ref
1775245142577,0,monitor_data.speed_ref
1775245142578,0,monitor_data.speed_ref
1775245142579,0,monitor_data.speed_ref
1775245142580,0,monitor_data.speed_ref
1775245142581,0,monitor_data.speed_ref
1775245142582,0,monitor_data.speed_ref
1775245142583,0,monitor_data.speed_ref
1775245142584,0,monitor_data.speed_ref
1775245142585,0,monitor_data.speed_ref
1775245142586,0,monitor_data.speed_ref
1775245142587,0,monitor_data.speed_ref
1775245142588,0,monitor_data.speed_ref
1775245142589,0,monitor_data.speed_ref
1775245142590,0,monitor_data.speed_ref
1775245142591,0,monitor_data.speed_ref
1775245142542,3.650874376296997,monitor_data.theta_mech
1775245142543,3.650874376296997,monitor_data.theta_mech
1775245142544,3.649723768234253,monitor_data.theta_mech
1775245142545,3.6504907608032227,monitor_data.theta_mech
1775245142546,3.649723768234253,monitor_data.theta_mech
1775245142547,3.6504907608032227,monitor_data.theta_mech
1775245142548,3.650874376296997,monitor_data.theta_mech
1775245142549,3.649723768234253,monitor_data.theta_mech
1775245142550,3.6504907608032227,monitor_data.theta_mech
1775245142551,3.6493403911590576,monitor_data.theta_mech
1775245142552,3.649723768234253,monitor_data.theta_mech
1775245142553,3.649723768234253,monitor_data.theta_mech
1775245142554,3.6501073837280273,monitor_data.theta_mech
1775245142555,3.6501073837280273,monitor_data.theta_mech
1775245142556,3.6504907608032227,monitor_data.theta_mech
1775245142557,3.6493403911590576,monitor_data.theta_mech
1775245142558,3.649723768234253,monitor_data.theta_mech
1775245142559,3.6504907608032227,monitor_data.theta_mech
1775245142560,3.649723768234253,monitor_data.theta_mech
1775245142561,3.6493403911590576,monitor_data.theta_mech
1775245142562,3.649723768234253,monitor_data.theta_mech
1775245142563,3.6493403911590576,monitor_data.theta_mech
1775245142564,3.6501073837280273,monitor_data.theta_mech
1775245142565,3.650874376296997,monitor_data.theta_mech
1775245142566,3.650874376296997,monitor_data.theta_mech
1775245142567,3.6501073837280273,monitor_data.theta_mech
1775245142568,3.6504907608032227,monitor_data.theta_mech
1775245142569,3.6493403911590576,monitor_data.theta_mech
1775245142570,3.6501073837280273,monitor_data.theta_mech
1775245142571,3.6501073837280273,monitor_data.theta_mech
1775245142572,3.6493403911590576,monitor_data.theta_mech
1775245142573,3.6504907608032227,monitor_data.theta_mech
1775245142574,3.649723768234253,monitor_data.theta_mech
1775245142575,3.649723768234253,monitor_data.theta_mech
1775245142576,3.6501073837280273,monitor_data.theta_mech
1775245142577,3.6493403911590576,monitor_data.theta_mech
1775245142578,3.6504907608032227,monitor_data.theta_mech
1775245142579,3.6501073837280273,monitor_data.theta_mech
1775245142580,3.6504907608032227,monitor_data.theta_mech
1775245142581,3.650874376296997,monitor_data.theta_mech
1775245142582,3.6501073837280273,monitor_data.theta_mech
1775245142583,3.650874376296997,monitor_data.theta_mech
1775245142584,3.648956775665283,monitor_data.theta_mech
1775245142585,3.650874376296997,monitor_data.theta_mech
1775245142586,3.649723768234253,monitor_data.theta_mech
1775245142587,3.650874376296997,monitor_data.theta_mech
1775245142588,3.649723768234253,monitor_data.theta_mech
1775245142589,3.6501073837280273,monitor_data.theta_mech
1775245142590,3.650874376296997,monitor_data.theta_mech
1775245142591,3.650874376296997,monitor_data.theta_mech
1775245142592,0,monitor_data.speed_ref
1775245142593,0,monitor_data.speed_ref
1775245142594,0,monitor_data.speed_ref
1775245142595,0,monitor_data.speed_ref
1775245142596,0,monitor_data.speed_ref
1775245142597,0,monitor_data.speed_ref
1775245142598,0,monitor_data.speed_ref
1775245142599,0,monitor_data.speed_ref
1775245142600,0,monitor_data.speed_ref
1775245142601,0,monitor_data.speed_ref
1775245142602,0,monitor_data.speed_ref
1775245142603,0,monitor_data.speed_ref
1775245142604,0,monitor_data.speed_ref
1775245142605,0,monitor_data.speed_ref
1775245142606,0,monitor_data.speed_ref
1775245142607,0,monitor_data.speed_ref
1775245142608,0,monitor_data.speed_ref
1775245142609,0,monitor_data.speed_ref
1775245142610,0,monitor_data.speed_ref
1775245142611,0,monitor_data.speed_ref
1775245142612,0,monitor_data.speed_ref
1775245142613,0,monitor_data.speed_ref
1775245142614,0,monitor_data.speed_ref
1775245142615,0,monitor_data.speed_ref
1775245142616,0,monitor_data.speed_ref
1775245142617,0,monitor_data.speed_ref
1775245142618,0,monitor_data.speed_ref
1775245142619,0,monitor_data.speed_ref
1775245142620,0,monitor_data.speed_ref
1775245142621,0,monitor_data.speed_ref
1775245142622,0,monitor_data.speed_ref
1775245142623,0,monitor_data.speed_ref
1775245142624,0,monitor_data.speed_ref
1775245142625,0,monitor_data.speed_ref
1775245142626,0,monitor_data.speed_ref
1775245142627,0,monitor_data.speed_ref
1775245142628,0,monitor_data.speed_ref
1775245142629,0,monitor_data.speed_ref
1775245142630,0,monitor_data.speed_ref
1775245142631,0,monitor_data.speed_ref
1775245142632,0,monitor_data.speed_ref
1775245142633,0,monitor_data.speed_ref
1775245142634,0,monitor_data.speed_ref
1775245142635,0,monitor_data.speed_ref
1775245142636,0,monitor_data.speed_ref
1775245142637,0,monitor_data.speed_ref
1775245142638,0,monitor_data.speed_ref
1775245142639,0,monitor_data.speed_ref
1775245142640,0,monitor_data.speed_ref
1775245142641,0,monitor_data.speed_ref
1775245142592,3.649723768234253,monitor_data.theta_mech
1775245142593,3.6493403911590576,monitor_data.theta_mech
1775245142594,3.650874376296997,monitor_data.theta_mech
1775245142595,3.6501073837280273,monitor_data.theta_mech
1775245142596,3.6501073837280273,monitor_data.theta_mech
1775245142597,3.649723768234253,monitor_data.theta_mech
1775245142598,3.650874376296997,monitor_data.theta_mech
1775245142599,3.6501073837280273,monitor_data.theta_mech
1775245142600,3.6493403911590576,monitor_data.theta_mech
1775245142601,3.6504907608032227,monitor_data.theta_mech
1775245142602,3.6501073837280273,monitor_data.theta_mech
1775245142603,3.6501073837280273,monitor_data.theta_mech
1775245142604,3.6493403911590576,monitor_data.theta_mech
1775245142605,3.6504907608032227,monitor_data.theta_mech
1775245142606,3.6504907608032227,monitor_data.theta_mech
1775245142607,3.6504907608032227,monitor_data.theta_mech
1775245142608,3.6501073837280273,monitor_data.theta_mech
1775245142609,3.6504907608032227,monitor_data.theta_mech
1775245142610,3.6501073837280273,monitor_data.theta_mech
1775245142611,3.649723768234253,monitor_data.theta_mech
1775245142612,3.648956775665283,monitor_data.theta_mech
1775245142613,3.6504907608032227,monitor_data.theta_mech
1775245142614,3.650874376296997,monitor_data.theta_mech
1775245142615,3.6512577533721924,monitor_data.theta_mech
1775245142616,3.6493403911590576,monitor_data.theta_mech
1775245142617,3.650874376296997,monitor_data.theta_mech
1775245142618,3.649723768234253,monitor_data.theta_mech
1775245142619,3.6501073837280273,monitor_data.theta_mech
1775245142620,3.6493403911590576,monitor_data.theta_mech
1775245142621,3.649723768234253,monitor_data.theta_mech
1775245142622,3.6493403911590576,monitor_data.theta_mech
1775245142623,3.6493403911590576,monitor_data.theta_mech
1775245142624,3.6504907608032227,monitor_data.theta_mech
1775245142625,3.6504907608032227,monitor_data.theta_mech
1775245142626,3.648956775665283,monitor_data.theta_mech
1775245142627,3.649723768234253,monitor_data.theta_mech
1775245142628,3.6504907608032227,monitor_data.theta_mech
1775245142629,3.6512577533721924,monitor_data.theta_mech
1775245142630,3.6501073837280273,monitor_data.theta_mech
1775245142631,3.6501073837280273,monitor_data.theta_mech
1775245142632,3.6501073837280273,monitor_data.theta_mech
1775245142633,3.6501073837280273,monitor_data.theta_mech
1775245142634,3.652024745941162,monitor_data.theta_mech
1775245142635,3.649723768234253,monitor_data.theta_mech
1775245142636,3.6501073837280273,monitor_data.theta_mech
1775245142637,3.6504907608032227,monitor_data.theta_mech
1775245142638,3.6504907608032227,monitor_data.theta_mech
1775245142639,3.6501073837280273,monitor_data.theta_mech
1775245142640,3.6504907608032227,monitor_data.theta_mech
1775245142641,3.6504907608032227,monitor_data.theta_mech
1775245142642,0,monitor_data.speed_ref
1775245142643,0,monitor_data.speed_ref
1775245142644,0,monitor_data.speed_ref
1775245142645,0,monitor_data.speed_ref
1775245142646,0,monitor_data.speed_ref
1775245142647,0,monitor_data.speed_ref
1775245142648,0,monitor_data.speed_ref
1775245142649,0,monitor_data.speed_ref
1775245142650,0,monitor_data.speed_ref
1775245142651,0,monitor_data.speed_ref
1775245142652,0,monitor_data.speed_ref
1775245142653,0,monitor_data.speed_ref
1775245142654,0,monitor_data.speed_ref
1775245142655,0,monitor_data.speed_ref
1775245142656,0,monitor_data.speed_ref
1775245142657,0,monitor_data.speed_ref
1775245142658,0,monitor_data.speed_ref
1775245142659,0,monitor_data.speed_ref
1775245142660,0,monitor_data.speed_ref
1775245142661,0,monitor_data.speed_ref
1775245142662,0,monitor_data.speed_ref
1775245142663,0,monitor_data.speed_ref
1775245142664,0,monitor_data.speed_ref
1775245142665,0,monitor_data.speed_ref
1775245142666,0,monitor_data.speed_ref
1775245142667,0,monitor_data.speed_ref
1775245142668,0,monitor_data.speed_ref
1775245142669,0,monitor_data.speed_ref
1775245142670,0,monitor_data.speed_ref
1775245142671,0,monitor_data.speed_ref
1775245142672,0,monitor_data.speed_ref
1775245142673,0,monitor_data.speed_ref
1775245142674,0,monitor_data.speed_ref
1775245142675,0,monitor_data.speed_ref
1775245142676,0,monitor_data.speed_ref
1775245142677,0,monitor_data.speed_ref
1775245142678,0,monitor_data.speed_ref
1775245142679,0,monitor_data.speed_ref
1775245142680,0,monitor_data.speed_ref
1775245142681,0,monitor_data.speed_ref
1775245142682,0,monitor_data.speed_ref
1775245142683,0,monitor_data.speed_ref
1775245142684,0,monitor_data.speed_ref
1775245142685,0,monitor_data.speed_ref
1775245142686,0,monitor_data.speed_ref
1775245142687,0,monitor_data.speed_ref
1775245142688,0,monitor_data.speed_ref
1775245142689,0,monitor_data.speed_ref
1775245142690,0,monitor_data.speed_ref
1775245142691,0,monitor_data.speed_ref
1775245142692,0,monitor_data.speed_ref
1775245142642,3.649723768234253,monitor_data.theta_mech
1775245142643,3.649723768234253,monitor_data.theta_mech
1775245142644,3.6501073837280273,monitor_data.theta_mech
1775245142645,3.6504907608032227,monitor_data.theta_mech
1775245142646,3.649723768234253,monitor_data.theta_mech
1775245142647,3.649723768234253,monitor_data.theta_mech
1775245142648,3.648956775665283,monitor_data.theta_mech
1775245142649,3.649723768234253,monitor_data.theta_mech
1775245142650,3.6504907608032227,monitor_data.theta_mech
1775245142651,3.6501073837280273,monitor_data.theta_mech
1775245142652,3.6504907608032227,monitor_data.theta_mech
1775245142653,3.6501073837280273,monitor_data.theta_mech
1775245142654,3.650874376296997,monitor_data.theta_mech
1775245142655,3.6504907608032227,monitor_data.theta_mech
1775245142656,3.6504907608032227,monitor_data.theta_mech
1775245142657,3.6512577533721924,monitor_data.theta_mech
1775245142658,3.650874376296997,monitor_data.theta_mech
1775245142659,3.6504907608032227,monitor_data.theta_mech
1775245142660,3.649723768234253,monitor_data.theta_mech
1775245142661,3.649723768234253,monitor_data.theta_mech
1775245142662,3.649723768234253,monitor_data.theta_mech
1775245142663,3.6493403911590576,monitor_data.theta_mech
1775245142664,3.6504907608032227,monitor_data.theta_mech
1775245142665,3.649723768234253,monitor_data.theta_mech
1775245142666,3.649723768234253,monitor_data.theta_mech
1775245142667,3.6512577533721924,monitor_data.theta_mech
1775245142668,3.6504907608032227,monitor_data.theta_mech
1775245142669,3.6501073837280273,monitor_data.theta_mech
1775245142670,3.649723768234253,monitor_data.theta_mech
1775245142671,3.6504907608032227,monitor_data.theta_mech
1775245142672,3.6504907608032227,monitor_data.theta_mech
1775245142673,3.649723768234253,monitor_data.theta_mech
1775245142674,3.649723768234253,monitor_data.theta_mech
1775245142675,3.6512577533721924,monitor_data.theta_mech
1775245142676,3.650874376296997,monitor_data.theta_mech
1775245142677,3.6504907608032227,monitor_data.theta_mech
1775245142678,3.6512577533721924,monitor_data.theta_mech
1775245142679,3.649723768234253,monitor_data.theta_mech
1775245142680,3.650874376296997,monitor_data.theta_mech
1775245142681,3.6493403911590576,monitor_data.theta_mech
1775245142682,3.650874376296997,monitor_data.theta_mech
1775245142683,3.649723768234253,monitor_data.theta_mech
1775245142684,3.6504907608032227,monitor_data.theta_mech
1775245142685,3.6493403911590576,monitor_data.theta_mech
1775245142686,3.650874376296997,monitor_data.theta_mech
1775245142687,3.649723768234253,monitor_data.theta_mech
1775245142688,3.6501073837280273,monitor_data.theta_mech
1775245142689,3.6504907608032227,monitor_data.theta_mech
1775245142690,3.6504907608032227,monitor_data.theta_mech
1775245142691,3.6493403911590576,monitor_data.theta_mech
1775245142692,3.6493403911590576,monitor_data.theta_mech
1775245142693,0,monitor_data.speed_ref
1775245142694,0,monitor_data.speed_ref
1775245142695,0,monitor_data.speed_ref
1775245142696,0,monitor_data.speed_ref
1775245142697,0,monitor_data.speed_ref
1775245142698,0,monitor_data.speed_ref
1775245142699,0,monitor_data.speed_ref
1775245142700,0,monitor_data.speed_ref
1775245142701,0,monitor_data.speed_ref
1775245142702,0,monitor_data.speed_ref
1775245142703,0,monitor_data.speed_ref
1775245142704,0,monitor_data.speed_ref
1775245142705,0,monitor_data.speed_ref
1775245142706,0,monitor_data.speed_ref
1775245142707,0,monitor_data.speed_ref
1775245142708,0,monitor_data.speed_ref
1775245142709,0,monitor_data.speed_ref
1775245142710,0,monitor_data.speed_ref
1775245142711,0,monitor_data.speed_ref
1775245142712,0,monitor_data.speed_ref
1775245142713,0,monitor_data.speed_ref
1775245142714,0,monitor_data.speed_ref
1775245142715,0,monitor_data.speed_ref
1775245142716,0,monitor_data.speed_ref
1775245142717,0,monitor_data.speed_ref
1775245142718,0,monitor_data.speed_ref
1775245142719,0,monitor_data.speed_ref
1775245142720,0,monitor_data.speed_ref
1775245142721,0,monitor_data.speed_ref
1775245142722,0,monitor_data.speed_ref
1775245142723,0,monitor_data.speed_ref
1775245142724,0,monitor_data.speed_ref
1775245142725,0,monitor_data.speed_ref
1775245142726,0,monitor_data.speed_ref
1775245142727,0,monitor_data.speed_ref
1775245142728,0,monitor_data.speed_ref
1775245142729,0,monitor_data.speed_ref
1775245142730,0,monitor_data.speed_ref
1775245142731,0,monitor_data.speed_ref
1775245142732,0,monitor_data.speed_ref
1775245142733,0,monitor_data.speed_ref
1775245142734,0,monitor_data.speed_ref
1775245142735,0,monitor_data.speed_ref
1775245142736,0,monitor_data.speed_ref
1775245142737,0,monitor_data.speed_ref
1775245142738,0,monitor_data.speed_ref
1775245142739,0,monitor_data.speed_ref
1775245142740,0,monitor_data.speed_ref
1775245142741,0,monitor_data.speed_ref
1775245142742,0,monitor_data.speed_ref
1775245142693,3.649723768234253,monitor_data.theta_mech
1775245142694,3.649723768234253,monitor_data.theta_mech
1775245142695,3.6501073837280273,monitor_data.theta_mech
1775245142696,3.649723768234253,monitor_data.theta_mech
1775245142697,3.649723768234253,monitor_data.theta_mech
1775245142698,3.6504907608032227,monitor_data.theta_mech
1775245142699,3.6504907608032227,monitor_data.theta_mech
1775245142700,3.650874376296997,monitor_data.theta_mech
1775245142701,3.6504907608032227,monitor_data.theta_mech
1775245142702,3.649723768234253,monitor_data.theta_mech
1775245142703,3.6501073837280273,monitor_data.theta_mech
1775245142704,3.650874376296997,monitor_data.theta_mech
1775245142705,3.649723768234253,monitor_data.theta_mech
1775245142706,3.649723768234253,monitor_data.theta_mech
1775245142707,3.6501073837280273,monitor_data.theta_mech
1775245142708,3.650874376296997,monitor_data.theta_mech
1775245142709,3.649723768234253,monitor_data.theta_mech
1775245142710,3.648956775665283,monitor_data.theta_mech
1775245142711,3.649723768234253,monitor_data.theta_mech
1775245142712,3.6504907608032227,monitor_data.theta_mech
1775245142713,3.649723768234253,monitor_data.theta_mech
1775245142714,3.6504907608032227,monitor_data.theta_mech
1775245142715,3.6501073837280273,monitor_data.theta_mech
1775245142716,3.6501073837280273,monitor_data.theta_mech
1775245142717,3.649723768234253,monitor_data.theta_mech
1775245142718,3.6501073837280273,monitor_data.theta_mech
1775245142719,3.648956775665283,monitor_data.theta_mech
1775245142720,3.650874376296997,monitor_data.theta_mech
1775245142721,3.6501073837280273,monitor_data.theta_mech
1775245142722,3.6501073837280273,monitor_data.theta_mech
1775245142723,3.6504907608032227,monitor_data.theta_mech
1775245142724,3.6501073837280273,monitor_data.theta_mech
1775245142725,3.650874376296997,monitor_data.theta_mech
1775245142726,3.6501073837280273,monitor_data.theta_mech
1775245142727,3.649723768234253,monitor_data.theta_mech
1775245142728,3.649723768234253,monitor_data.theta_mech
1775245142729,3.649723768234253,monitor_data.theta_mech
1775245142730,3.6493403911590576,monitor_data.theta_mech
1775245142731,3.6504907608032227,monitor_data.theta_mech
1775245142732,3.6501073837280273,monitor_data.theta_mech
1775245142733,3.6501073837280273,monitor_data.theta_mech
1775245142734,3.650874376296997,monitor_data.theta_mech
1775245142735,3.6504907608032227,monitor_data.theta_mech
1775245142736,3.649723768234253,monitor_data.theta_mech
1775245142737,3.649723768234253,monitor_data.theta_mech
1775245142738,3.649723768234253,monitor_data.theta_mech
1775245142739,3.6493403911590576,monitor_data.theta_mech
1775245142740,3.6501073837280273,monitor_data.theta_mech
1775245142741,3.6504907608032227,monitor_data.theta_mech
1775245142742,3.6501073837280273,monitor_data.theta_mech
1775245142743,0,monitor_data.speed_ref
1775245142744,0,monitor_data.speed_ref
1775245142745,0,monitor_data.speed_ref
1775245142746,0,monitor_data.speed_ref
1775245142747,0,monitor_data.speed_ref
1775245142748,0,monitor_data.speed_ref
1775245142749,0,monitor_data.speed_ref
1775245142750,0,monitor_data.speed_ref
1775245142751,0,monitor_data.speed_ref
1775245142752,0,monitor_data.speed_ref
1775245142753,0,monitor_data.speed_ref
1775245142754,0,monitor_data.speed_ref
1775245142755,0,monitor_data.speed_ref
1775245142756,0,monitor_data.speed_ref
1775245142757,0,monitor_data.speed_ref
1775245142758,0,monitor_data.speed_ref
1775245142759,0,monitor_data.speed_ref
1775245142760,0,monitor_data.speed_ref
1775245142761,0,monitor_data.speed_ref
1775245142762,0,monitor_data.speed_ref
1775245142763,0,monitor_data.speed_ref
1775245142764,0,monitor_data.speed_ref
1775245142765,0,monitor_data.speed_ref
1775245142766,0,monitor_data.speed_ref
1775245142767,0,monitor_data.speed_ref
1775245142768,0,monitor_data.speed_ref
1775245142769,0,monitor_data.speed_ref
1775245142770,0,monitor_data.speed_ref
1775245142771,0,monitor_data.speed_ref
1775245142772,0,monitor_data.speed_ref
1775245142773,0,monitor_data.speed_ref
1775245142774,0,monitor_data.speed_ref
1775245142775,0,monitor_data.speed_ref
1775245142776,0,monitor_data.speed_ref
1775245142777,0,monitor_data.speed_ref
1775245142778,0,monitor_data.speed_ref
1775245142779,0,monitor_data.speed_ref
1775245142780,0,monitor_data.speed_ref
1775245142781,0,monitor_data.speed_ref
1775245142782,0,monitor_data.speed_ref
1775245142783,0,monitor_data.speed_ref
1775245142784,0,monitor_data.speed_ref
1775245142785,0,monitor_data.speed_ref
1775245142786,0,monitor_data.speed_ref
1775245142787,0,monitor_data.speed_ref
1775245142788,0,monitor_data.speed_ref
1775245142789,0,monitor_data.speed_ref
1775245142790,0,monitor_data.speed_ref
1775245142791,0,monitor_data.speed_ref
1775245142792,0,monitor_data.speed_ref
1775245142743,3.6504907608032227,monitor_data.theta_mech
1775245142744,3.6504907608032227,monitor_data.theta_mech
1775245142745,3.6501073837280273,monitor_data.theta_mech
1775245142746,3.650874376296997,monitor_data.theta_mech
1775245142747,3.6504907608032227,monitor_data.theta_mech
1775245142748,3.649723768234253,monitor_data.theta_mech
1775245142749,3.649723768234253,monitor_data.theta_mech
1775245142750,3.649723768234253,monitor_data.theta_mech
1775245142751,3.6501073837280273,monitor_data.theta_mech
1775245142752,3.6504907608032227,monitor_data.theta_mech
1775245142753,3.649723768234253,monitor_data.theta_mech
1775245142754,3.6501073837280273,monitor_data.theta_mech
1775245142755,3.6493403911590576,monitor_data.theta_mech
1775245142756,3.6512577533721924,monitor_data.theta_mech
1775245142757,3.6512577533721924,monitor_data.theta_mech
1775245142758,3.649723768234253,monitor_data.theta_mech
1775245142759,3.6504907608032227,monitor_data.theta_mech
1775245142760,3.650874376296997,monitor_data.theta_mech
1775245142761,3.649723768234253,monitor_data.theta_mech
1775245142762,3.650874376296997,monitor_data.theta_mech
1775245142763,3.6501073837280273,monitor_data.theta_mech
1775245142764,3.6501073837280273,monitor_data.theta_mech
1775245142765,3.6504907608032227,monitor_data.theta_mech
1775245142766,3.649723768234253,monitor_data.theta_mech
1775245142767,3.6501073837280273,monitor_data.theta_mech
1775245142768,3.649723768234253,monitor_data.theta_mech
1775245142769,3.6493403911590576,monitor_data.theta_mech
1775245142770,3.650874376296997,monitor_data.theta_mech
1775245142771,3.6501073837280273,monitor_data.theta_mech
1775245142772,3.649723768234253,monitor_data.theta_mech
1775245142773,3.648573398590088,monitor_data.theta_mech
1775245142774,3.649723768234253,monitor_data.theta_mech
1775245142775,3.6493403911590576,monitor_data.theta_mech
1775245142776,3.6504907608032227,monitor_data.theta_mech
1775245142777,3.6501073837280273,monitor_data.theta_mech
1775245142778,3.6501073837280273,monitor_data.theta_mech
1775245142779,3.6501073837280273,monitor_data.theta_mech
1775245142780,3.6501073837280273,monitor_data.theta_mech
1775245142781,3.649723768234253,monitor_data.theta_mech
1775245142782,3.650874376296997,monitor_data.theta_mech
1775245142783,3.6512577533721924,monitor_data.theta_mech
1775245142784,3.6493403911590576,monitor_data.theta_mech
1775245142785,3.6501073837280273,monitor_data.theta_mech
1775245142786,3.6501073837280273,monitor_data.theta_mech
1775245142787,3.650874376296997,monitor_data.theta_mech
1775245142788,3.649723768234253,monitor_data.theta_mech
1775245142789,3.650874376296997,monitor_data.theta_mech
1775245142790,3.6501073837280273,monitor_data.theta_mech
1775245142791,3.6504907608032227,monitor_data.theta_mech
1775245142792,3.6493403911590576,monitor_data.theta_mech
1775245142793,0,monitor_data.speed_ref
1775245142794,0,monitor_data.speed_ref
1775245142795,0,monitor_data.speed_ref
1775245142796,0,monitor_data.speed_ref
1775245142797,0,monitor_data.speed_ref
1775245142798,0,monitor_data.speed_ref
1775245142799,0,monitor_data.speed_ref
1775245142800,0,monitor_data.speed_ref
1775245142801,0,monitor_data.speed_ref
1775245142802,0,monitor_data.speed_ref
1775245142803,0,monitor_data.speed_ref
1775245142804,0,monitor_data.speed_ref
1775245142805,0,monitor_data.speed_ref
1775245142806,0,monitor_data.speed_ref
1775245142807,0,monitor_data.speed_ref
1775245142808,0,monitor_data.speed_ref
1775245142809,0,monitor_data.speed_ref
1775245142810,0,monitor_data.speed_ref
1775245142811,0,monitor_data.speed_ref
1775245142812,0,monitor_data.speed_ref
1775245142813,0,monitor_data.speed_ref
1775245142814,0,monitor_data.speed_ref
1775245142815,0,monitor_data.speed_ref
1775245142816,0,monitor_data.speed_ref
1775245142817,0,monitor_data.speed_ref
1775245142818,0,monitor_data.speed_ref
1775245142819,0,monitor_data.speed_ref
1775245142820,0,monitor_data.speed_ref
1775245142821,0,monitor_data.speed_ref
1775245142822,0,monitor_data.speed_ref
1775245142823,0,monitor_data.speed_ref
1775245142824,0,monitor_data.speed_ref
1775245142825,0,monitor_data.speed_ref
1775245142826,0,monitor_data.speed_ref
1775245142827,0,monitor_data.speed_ref
1775245142828,0,monitor_data.speed_ref
1775245142829,0,monitor_data.speed_ref
1775245142830,0,monitor_data.speed_ref
1775245142831,0,monitor_data.speed_ref
1775245142832,0,monitor_data.speed_ref
1775245142833,0,monitor_data.speed_ref
1775245142834,0,monitor_data.speed_ref
1775245142835,0,monitor_data.speed_ref
1775245142836,0,monitor_data.speed_ref
1775245142837,0,monitor_data.speed_ref
1775245142838,0,monitor_data.speed_ref
1775245142839,0,monitor_data.speed_ref
1775245142840,0,monitor_data.speed_ref
1775245142841,0,monitor_data.speed_ref
1775245142842,0,monitor_data.speed_ref
1775245142793,3.6501073837280273,monitor_data.theta_mech
1775245142794,3.649723768234253,monitor_data.theta_mech
1775245142795,3.6501073837280273,monitor_data.theta_mech
1775245142796,3.649723768234253,monitor_data.theta_mech
1775245142797,3.6504907608032227,monitor_data.theta_mech
1775245142798,3.649723768234253,monitor_data.theta_mech
1775245142799,3.6504907608032227,monitor_data.theta_mech
1775245142800,3.650874376296997,monitor_data.theta_mech
1775245142801,3.6512577533721924,monitor_data.theta_mech
1775245142802,3.6504907608032227,monitor_data.theta_mech
1775245142803,3.649723768234253,monitor_data.theta_mech
1775245142804,3.6501073837280273,monitor_data.theta_mech
1775245142805,3.6512577533721924,monitor_data.theta_mech
1775245142806,3.650874376296997,monitor_data.theta_mech
1775245142807,3.6493403911590576,monitor_data.theta_mech
1775245142808,3.6501073837280273,monitor_data.theta_mech
1775245142809,3.648573398590088,monitor_data.theta_mech
1775245142810,3.650874376296997,monitor_data.theta_mech
1775245142811,3.6504907608032227,monitor_data.theta_mech
1775245142812,3.6501073837280273,monitor_data.theta_mech
1775245142813,3.649723768234253,monitor_data.theta_mech
1775245142814,3.6501073837280273,monitor_data.theta_mech
1775245142815,3.6501073837280273,monitor_data.theta_mech
1775245142816,3.649723768234253,monitor_data.theta_mech
1775245142817,3.6501073837280273,monitor_data.theta_mech
1775245142818,3.6501073837280273,monitor_data.theta_mech
1775245142819,3.649723768234253,monitor_data.theta_mech
1775245142820,3.6501073837280273,monitor_data.theta_mech
1775245142821,3.6501073837280273,monitor_data.theta_mech
1775245142822,3.6501073837280273,monitor_data.theta_mech
1775245142823,3.6501073837280273,monitor_data.theta_mech
1775245142824,3.6493403911590576,monitor_data.theta_mech
1775245142825,3.650874376296997,monitor_data.theta_mech
1775245142826,3.6504907608032227,monitor_data.theta_mech
1775245142827,3.6504907608032227,monitor_data.theta_mech
1775245142828,3.6501073837280273,monitor_data.theta_mech
1775245142829,3.6504907608032227,monitor_data.theta_mech
1775245142830,3.649723768234253,monitor_data.theta_mech
1775245142831,3.649723768234253,monitor_data.theta_mech
1775245142832,3.6504907608032227,monitor_data.theta_mech
1775245142833,3.650874376296997,monitor_data.theta_mech
1775245142834,3.649723768234253,monitor_data.theta_mech
1775245142835,3.6501073837280273,monitor_data.theta_mech
1775245142836,3.648956775665283,monitor_data.theta_mech
1775245142837,3.6504907608032227,monitor_data.theta_mech
1775245142838,3.649723768234253,monitor_data.theta_mech
1775245142839,3.648956775665283,monitor_data.theta_mech
1775245142840,3.6501073837280273,monitor_data.theta_mech
1775245142841,3.649723768234253,monitor_data.theta_mech
1775245142842,3.6504907608032227,monitor_data.theta_mech
1775245142843,0,monitor_data.speed_ref
1775245142844,0,monitor_data.speed_ref
1775245142845,0,monitor_data.speed_ref
1775245142846,0,monitor_data.speed_ref
1775245142847,0,monitor_data.speed_ref
1775245142848,0,monitor_data.speed_ref
1775245142849,0,monitor_data.speed_ref
1775245142850,0,monitor_data.speed_ref
1775245142851,0,monitor_data.speed_ref
1775245142852,0,monitor_data.speed_ref
1775245142853,0,monitor_data.speed_ref
1775245142854,0,monitor_data.speed_ref
1775245142855,0,monitor_data.speed_ref
1775245142856,0,monitor_data.speed_ref
1775245142857,0,monitor_data.speed_ref
1775245142858,0,monitor_data.speed_ref
1775245142859,0,monitor_data.speed_ref
1775245142860,0,monitor_data.speed_ref
1775245142861,0,monitor_data.speed_ref
1775245142862,0,monitor_data.speed_ref
1775245142863,0,monitor_data.speed_ref
1775245142864,0,monitor_data.speed_ref
1775245142865,0,monitor_data.speed_ref
1775245142866,0,monitor_data.speed_ref
1775245142867,0,monitor_data.speed_ref
1775245142868,0,monitor_data.speed_ref
1775245142869,0,monitor_data.speed_ref
1775245142870,0,monitor_data.speed_ref
1775245142871,0,monitor_data.speed_ref
1775245142872,0,monitor_data.speed_ref
1775245142873,0,monitor_data.speed_ref
1775245142874,0,monitor_data.speed_ref
1775245142875,0,monitor_data.speed_ref
1775245142876,0,monitor_data.speed_ref
1775245142877,0,monitor_data.speed_ref
1775245142878,0,monitor_data.speed_ref
1775245142879,0,monitor_data.speed_ref
1775245142880,0,monitor_data.speed_ref
1775245142881,0,monitor_data.speed_ref
1775245142882,0,monitor_data.speed_ref
1775245142883,0,monitor_data.speed_ref
1775245142884,0,monitor_data.speed_ref
1775245142885,0,monitor_data.speed_ref
1775245142886,0,monitor_data.speed_ref
1775245142887,0,monitor_data.speed_ref
1775245142888,0,monitor_data.speed_ref
1775245142889,0,monitor_data.speed_ref
1775245142890,0,monitor_data.speed_ref
1775245142891,0,monitor_data.speed_ref
1775245142843,3.6512577533721924,monitor_data.theta_mech
1775245142844,3.6512577533721924,monitor_data.theta_mech
1775245142845,3.650874376296997,monitor_data.theta_mech
1775245142846,3.6501073837280273,monitor_data.theta_mech
1775245142847,3.649723768234253,monitor_data.theta_mech
1775245142848,3.6501073837280273,monitor_data.theta_mech
1775245142849,3.6504907608032227,monitor_data.theta_mech
1775245142850,3.6501073837280273,monitor_data.theta_mech
1775245142851,3.6493403911590576,monitor_data.theta_mech
1775245142852,3.6504907608032227,monitor_data.theta_mech
1775245142853,3.6512577533721924,monitor_data.theta_mech
1775245142854,3.6504907608032227,monitor_data.theta_mech
1775245142855,3.6493403911590576,monitor_data.theta_mech
1775245142856,3.649723768234253,monitor_data.theta_mech
1775245142857,3.651641368865967,monitor_data.theta_mech
1775245142858,3.6504907608032227,monitor_data.theta_mech
1775245142859,3.649723768234253,monitor_data.theta_mech
1775245142860,3.6501073837280273,monitor_data.theta_mech
1775245142861,3.6501073837280273,monitor_data.theta_mech
1775245142862,3.649723768234253,monitor_data.theta_mech
1775245142863,3.6501073837280273,monitor_data.theta_mech
1775245142864,3.6501073837280273,monitor_data.theta_mech
1775245142865,3.6493403911590576,monitor_data.theta_mech
1775245142866,3.650874376296997,monitor_data.theta_mech
1775245142867,3.649723768234253,monitor_data.theta_mech
1775245142868,3.649723768234253,monitor_data.theta_mech
1775245142869,3.6504907608032227,monitor_data.theta_mech
1775245142870,3.6504907608032227,monitor_data.theta_mech
1775245142871,3.6501073837280273,monitor_data.theta_mech
1775245142872,3.650874376296997,monitor_data.theta_mech
1775245142873,3.6501073837280273,monitor_data.theta_mech
1775245142874,3.649723768234253,monitor_data.theta_mech
1775245142875,3.649723768234253,monitor_data.theta_mech
1775245142876,3.650874376296997,monitor_data.theta_mech
1775245142877,3.649723768234253,monitor_data.theta_mech
1775245142878,3.649723768234253,monitor_data.theta_mech
1775245142879,3.649723768234253,monitor_data.theta_mech
1775245142880,3.650874376296997,monitor_data.theta_mech
1775245142881,3.6501073837280273,monitor_data.theta_mech
1775245142882,3.6501073837280273,monitor_data.theta_mech
1775245142883,3.6501073837280273,monitor_data.theta_mech
1775245142884,3.649723768234253,monitor_data.theta_mech
1775245142885,3.6504907608032227,monitor_data.theta_mech
1775245142886,3.6504907608032227,monitor_data.theta_mech
1775245142887,3.650874376296997,monitor_data.theta_mech
1775245142888,3.648573398590088,monitor_data.theta_mech
1775245142889,3.6512577533721924,monitor_data.theta_mech
1775245142890,3.6493403911590576,monitor_data.theta_mech
1775245142891,3.6493403911590576,monitor_data.theta_mech
1775245142892,0,monitor_data.speed_ref
1775245142893,0,monitor_data.speed_ref
1775245142894,0,monitor_data.speed_ref
1775245142895,0,monitor_data.speed_ref
1775245142896,0,monitor_data.speed_ref
1775245142897,0,monitor_data.speed_ref
1775245142898,0,monitor_data.speed_ref
1775245142899,0,monitor_data.speed_ref
1775245142900,0,monitor_data.speed_ref
1775245142901,0,monitor_data.speed_ref
1775245142902,0,monitor_data.speed_ref
1775245142903,0,monitor_data.speed_ref
1775245142904,0,monitor_data.speed_ref
1775245142905,0,monitor_data.speed_ref
1775245142906,0,monitor_data.speed_ref
1775245142907,0,monitor_data.speed_ref
1775245142908,0,monitor_data.speed_ref
1775245142909,0,monitor_data.speed_ref
1775245142910,0,monitor_data.speed_ref
1775245142911,0,monitor_data.speed_ref
1775245142912,0,monitor_data.speed_ref
1775245142913,0,monitor_data.speed_ref
1775245142914,0,monitor_data.speed_ref
1775245142915,0,monitor_data.speed_ref
1775245142916,0,monitor_data.speed_ref
1775245142917,0,monitor_data.speed_ref
1775245142918,0,monitor_data.speed_ref
1775245142919,0,monitor_data.speed_ref
1775245142920,0,monitor_data.speed_ref
1775245142921,0,monitor_data.speed_ref
1775245142922,0,monitor_data.speed_ref
1775245142923,0,monitor_data.speed_ref
1775245142924,0,monitor_data.speed_ref
1775245142925,0,monitor_data.speed_ref
1775245142926,0,monitor_data.speed_ref
1775245142927,0,monitor_data.speed_ref
1775245142928,0,monitor_data.speed_ref
1775245142929,0,monitor_data.speed_ref
1775245142930,0,monitor_data.speed_ref
1775245142931,0,monitor_data.speed_ref
1775245142932,0,monitor_data.speed_ref
1775245142933,0,monitor_data.speed_ref
1775245142934,0,monitor_data.speed_ref
1775245142935,0,monitor_data.speed_ref
1775245142936,0,monitor_data.speed_ref
1775245142937,0,monitor_data.speed_ref
1775245142938,0,monitor_data.speed_ref
1775245142939,0,monitor_data.speed_ref
1775245142940,0,monitor_data.speed_ref
1775245142941,0,monitor_data.speed_ref
1775245142942,0,monitor_data.speed_ref
1775245142892,3.650874376296997,monitor_data.theta_mech
1775245142893,3.649723768234253,monitor_data.theta_mech
1775245142894,3.6504907608032227,monitor_data.theta_mech
1775245142895,3.6504907608032227,monitor_data.theta_mech
1775245142896,3.6501073837280273,monitor_data.theta_mech
1775245142897,3.650874376296997,monitor_data.theta_mech
1775245142898,3.6501073837280273,monitor_data.theta_mech
1775245142899,3.6504907608032227,monitor_data.theta_mech
1775245142900,3.649723768234253,monitor_data.theta_mech
1775245142901,3.6504907608032227,monitor_data.theta_mech
1775245142902,3.6501073837280273,monitor_data.theta_mech
1775245142903,3.6501073837280273,monitor_data.theta_mech
1775245142904,3.6501073837280273,monitor_data.theta_mech
1775245142905,3.649723768234253,monitor_data.theta_mech
1775245142906,3.649723768234253,monitor_data.theta_mech
1775245142907,3.6501073837280273,monitor_data.theta_mech
1775245142908,3.649723768234253,monitor_data.theta_mech
1775245142909,3.6501073837280273,monitor_data.theta_mech
1775245142910,3.6504907608032227,monitor_data.theta_mech
1775245142911,3.650874376296997,monitor_data.theta_mech
1775245142912,3.6501073837280273,monitor_data.theta_mech
1775245142913,3.6512577533721924,monitor_data.theta_mech
1775245142914,3.649723768234253,monitor_data.theta_mech
1775245142915,3.6501073837280273,monitor_data.theta_mech
1775245142916,3.648956775665283,monitor_data.theta_mech
1775245142917,3.6501073837280273,monitor_data.theta_mech
1775245142918,3.6501073837280273,monitor_data.theta_mech
1775245142919,3.6501073837280273,monitor_data.theta_mech
1775245142920,3.6493403911590576,monitor_data.theta_mech
1775245142921,3.649723768234253,monitor_data.theta_mech
1775245142922,3.6504907608032227,monitor_data.theta_mech
1775245142923,3.6501073837280273,monitor_data.theta_mech
1775245142924,3.649723768234253,monitor_data.theta_mech
1775245142925,3.6501073837280273,monitor_data.theta_mech
1775245142926,3.649723768234253,monitor_data.theta_mech
1775245142927,3.6504907608032227,monitor_data.theta_mech
1775245142928,3.649723768234253,monitor_data.theta_mech
1775245142929,3.6504907608032227,monitor_data.theta_mech
1775245142930,3.6501073837280273,monitor_data.theta_mech
1775245142931,3.649723768234253,monitor_data.theta_mech
1775245142932,3.649723768234253,monitor_data.theta_mech
1775245142933,3.649723768234253,monitor_data.theta_mech
1775245142934,3.6493403911590576,monitor_data.theta_mech
1775245142935,3.6512577533721924,monitor_data.theta_mech
1775245142936,3.6504907608032227,monitor_data.theta_mech
1775245142937,3.6504907608032227,monitor_data.theta_mech
1775245142938,3.6504907608032227,monitor_data.theta_mech
1775245142939,3.6501073837280273,monitor_data.theta_mech
1775245142940,3.650874376296997,monitor_data.theta_mech
1775245142941,3.6512577533721924,monitor_data.theta_mech
1775245142942,3.648956775665283,monitor_data.theta_mech
1775245142943,0,monitor_data.speed_ref
1775245142944,0,monitor_data.speed_ref
1775245142945,0,monitor_data.speed_ref
1775245142946,0,monitor_data.speed_ref
1775245142947,0,monitor_data.speed_ref
1775245142948,0,monitor_data.speed_ref
1775245142949,0,monitor_data.speed_ref
1775245142950,0,monitor_data.speed_ref
1775245142951,0,monitor_data.speed_ref
1775245142952,0,monitor_data.speed_ref
1775245142953,0,monitor_data.speed_ref
1775245142954,0,monitor_data.speed_ref
1775245142955,0,monitor_data.speed_ref
1775245142956,0,monitor_data.speed_ref
1775245142957,0,monitor_data.speed_ref
1775245142958,0,monitor_data.speed_ref
1775245142959,0,monitor_data.speed_ref
1775245142960,0,monitor_data.speed_ref
1775245142961,0,monitor_data.speed_ref
1775245142962,0,monitor_data.speed_ref
1775245142963,0,monitor_data.speed_ref
1775245142964,0,monitor_data.speed_ref
1775245142965,0,monitor_data.speed_ref
1775245142966,0,monitor_data.speed_ref
1775245142967,0,monitor_data.speed_ref
1775245142968,0,monitor_data.speed_ref
1775245142969,0,monitor_data.speed_ref
1775245142970,0,monitor_data.speed_ref
1775245142971,0,monitor_data.speed_ref
1775245142972,0,monitor_data.speed_ref
1775245142973,0,monitor_data.speed_ref
1775245142974,0,monitor_data.speed_ref
1775245142975,0,monitor_data.speed_ref
1775245142976,0,monitor_data.speed_ref
1775245142977,0,monitor_data.speed_ref
1775245142978,0,monitor_data.speed_ref
1775245142979,0,monitor_data.speed_ref
1775245142980,0,monitor_data.speed_ref
1775245142981,0,monitor_data.speed_ref
1775245142982,0,monitor_data.speed_ref
1775245142983,0,monitor_data.speed_ref
1775245142984,0,monitor_data.speed_ref
1775245142985,0,monitor_data.speed_ref
1775245142986,0,monitor_data.speed_ref
1775245142987,0,monitor_data.speed_ref
1775245142988,0,monitor_data.speed_ref
1775245142989,0,monitor_data.speed_ref
1775245142990,0,monitor_data.speed_ref
1775245142991,0,monitor_data.speed_ref
1775245142992,0,monitor_data.speed_ref
1775245142943,3.649723768234253,monitor_data.theta_mech
1775245142944,3.648956775665283,monitor_data.theta_mech
1775245142945,3.6504907608032227,monitor_data.theta_mech
1775245142946,3.6512577533721924,monitor_data.theta_mech
1775245142947,3.6504907608032227,monitor_data.theta_mech
1775245142948,3.649723768234253,monitor_data.theta_mech
1775245142949,3.6501073837280273,monitor_data.theta_mech
1775245142950,3.649723768234253,monitor_data.theta_mech
1775245142951,3.6504907608032227,monitor_data.theta_mech
1775245142952,3.649723768234253,monitor_data.theta_mech
1775245142953,3.649723768234253,monitor_data.theta_mech
1775245142954,3.6512577533721924,monitor_data.theta_mech
1775245142955,3.649723768234253,monitor_data.theta_mech
1775245142956,3.6501073837280273,monitor_data.theta_mech
1775245142957,3.648956775665283,monitor_data.theta_mech
1775245142958,3.6501073837280273,monitor_data.theta_mech
1775245142959,3.6493403911590576,monitor_data.theta_mech
1775245142960,3.6493403911590576,monitor_data.theta_mech
1775245142961,3.650874376296997,monitor_data.theta_mech
1775245142962,3.649723768234253,monitor_data.theta_mech
1775245142963,3.649723768234253,monitor_data.theta_mech
1775245142964,3.648956775665283,monitor_data.theta_mech
1775245142965,3.649723768234253,monitor_data.theta_mech
1775245142966,3.6504907608032227,monitor_data.theta_mech
1775245142967,3.649723768234253,monitor_data.theta_mech
1775245142968,3.649723768234253,monitor_data.theta_mech
1775245142969,3.6504907608032227,monitor_data.theta_mech
1775245142970,3.6501073837280273,monitor_data.theta_mech
1775245142971,3.6493403911590576,monitor_data.theta_mech
1775245142972,3.6512577533721924,monitor_data.theta_mech
1775245142973,3.649723768234253,monitor_data.theta_mech
1775245142974,3.6501073837280273,monitor_data.theta_mech
1775245142975,3.649723768234253,monitor_data.theta_mech
1775245142976,3.6512577533721924,monitor_data.theta_mech
1775245142977,3.6501073837280273,monitor_data.theta_mech
1775245142978,3.649723768234253,monitor_data.theta_mech
1775245142979,3.6504907608032227,monitor_data.theta_mech
1775245142980,3.6493403911590576,monitor_data.theta_mech
1775245142981,3.649723768234253,monitor_data.theta_mech
1775245142982,3.649723768234253,monitor_data.theta_mech
1775245142983,3.6512577533721924,monitor_data.theta_mech
1775245142984,3.6504907608032227,monitor_data.theta_mech
1775245142985,3.6501073837280273,monitor_data.theta_mech
1775245142986,3.649723768234253,monitor_data.theta_mech
1775245142987,3.6501073837280273,monitor_data.theta_mech
1775245142988,3.648573398590088,monitor_data.theta_mech
1775245142989,3.6504907608032227,monitor_data.theta_mech
1775245142990,3.6501073837280273,monitor_data.theta_mech
1775245142991,3.650874376296997,monitor_data.theta_mech
1775245142992,3.6501073837280273,monitor_data.theta_mech
1775245142993,0,monitor_data.speed_ref
1775245142994,0,monitor_data.speed_ref
1775245142995,0,monitor_data.speed_ref
1775245142996,0,monitor_data.speed_ref
1775245142997,0,monitor_data.speed_ref
1775245142998,0,monitor_data.speed_ref
1775245142999,0,monitor_data.speed_ref
1775245143000,0,monitor_data.speed_ref
1775245143001,0,monitor_data.speed_ref
1775245143002,0,monitor_data.speed_ref
1775245143003,0,monitor_data.speed_ref
1775245143004,0,monitor_data.speed_ref
1775245143005,0,monitor_data.speed_ref
1775245143006,0,monitor_data.speed_ref
1775245143007,0,monitor_data.speed_ref
1775245143008,0,monitor_data.speed_ref
1775245143009,0,monitor_data.speed_ref
1775245143010,0,monitor_data.speed_ref
1775245143011,0,monitor_data.speed_ref
1775245143012,0,monitor_data.speed_ref
1775245143013,0,monitor_data.speed_ref
1775245143014,0,monitor_data.speed_ref
1775245143015,0,monitor_data.speed_ref
1775245143016,0,monitor_data.speed_ref
1775245143017,0,monitor_data.speed_ref
1775245143018,0,monitor_data.speed_ref
1775245143019,0,monitor_data.speed_ref
1775245143020,0,monitor_data.speed_ref
1775245143021,0,monitor_data.speed_ref
1775245143022,0,monitor_data.speed_ref
1775245143023,0,monitor_data.speed_ref
1775245143024,0,monitor_data.speed_ref
1775245143025,0,monitor_data.speed_ref
1775245143026,0,monitor_data.speed_ref
1775245143027,0,monitor_data.speed_ref
1775245143028,0,monitor_data.speed_ref
1775245143029,0,monitor_data.speed_ref
1775245143030,0,monitor_data.speed_ref
1775245143031,0,monitor_data.speed_ref
1775245143032,0,monitor_data.speed_ref
1775245143033,0,monitor_data.speed_ref
1775245143034,0,monitor_data.speed_ref
1775245143035,0,monitor_data.speed_ref
1775245143036,0,monitor_data.speed_ref
1775245143037,0,monitor_data.speed_ref
1775245143038,0,monitor_data.speed_ref
1775245143039,0,monitor_data.speed_ref
1775245143040,0,monitor_data.speed_ref
1775245143041,0,monitor_data.speed_ref
1775245142993,3.6504907608032227,monitor_data.theta_mech
1775245142994,3.6493403911590576,monitor_data.theta_mech
1775245142995,3.6504907608032227,monitor_data.theta_mech
1775245142996,3.6501073837280273,monitor_data.theta_mech
1775245142997,3.648956775665283,monitor_data.theta_mech
1775245142998,3.649723768234253,monitor_data.theta_mech
1775245142999,3.650874376296997,monitor_data.theta_mech
1775245143000,3.6504907608032227,monitor_data.theta_mech
1775245143001,3.6493403911590576,monitor_data.theta_mech
1775245143002,3.6501073837280273,monitor_data.theta_mech
1775245143003,3.6504907608032227,monitor_data.theta_mech
1775245143004,3.650874376296997,monitor_data.theta_mech
1775245143005,3.6501073837280273,monitor_data.theta_mech
1775245143006,3.6501073837280273,monitor_data.theta_mech
1775245143007,3.649723768234253,monitor_data.theta_mech
1775245143008,3.649723768234253,monitor_data.theta_mech
1775245143009,3.6504907608032227,monitor_data.theta_mech
1775245143010,3.6501073837280273,monitor_data.theta_mech
1775245143011,3.649723768234253,monitor_data.theta_mech
1775245143012,3.6493403911590576,monitor_data.theta_mech
1775245143013,3.6501073837280273,monitor_data.theta_mech
1775245143014,3.648956775665283,monitor_data.theta_mech
1775245143015,3.6504907608032227,monitor_data.theta_mech
1775245143016,3.6493403911590576,monitor_data.theta_mech
1775245143017,3.650874376296997,monitor_data.theta_mech
1775245143018,3.649723768234253,monitor_data.theta_mech
1775245143019,3.649723768234253,monitor_data.theta_mech
1775245143020,3.6501073837280273,monitor_data.theta_mech
1775245143021,3.6493403911590576,monitor_data.theta_mech
1775245143022,3.6493403911590576,monitor_data.theta_mech
1775245143023,3.649723768234253,monitor_data.theta_mech
1775245143024,3.650874376296997,monitor_data.theta_mech
1775245143025,3.649723768234253,monitor_data.theta_mech
1775245143026,3.6501073837280273,monitor_data.theta_mech
1775245143027,3.649723768234253,monitor_data.theta_mech
1775245143028,3.649723768234253,monitor_data.theta_mech
1775245143029,3.6512577533721924,monitor_data.theta_mech
1775245143030,3.6501073837280273,monitor_data.theta_mech
1775245143031,3.6504907608032227,monitor_data.theta_mech
1775245143032,3.6501073837280273,monitor_data.theta_mech
1775245143033,3.6501073837280273,monitor_data.theta_mech
1775245143034,3.6493403911590576,monitor_data.theta_mech
1775245143035,3.6512577533721924,monitor_data.theta_mech
1775245143036,3.650874376296997,monitor_data.theta_mech
1775245143037,3.6501073837280273,monitor_data.theta_mech
1775245143038,3.6501073837280273,monitor_data.theta_mech
1775245143039,3.6504907608032227,monitor_data.theta_mech
1775245143040,3.6512577533721924,monitor_data.theta_mech
1775245143041,3.6501073837280273,monitor_data.theta_mech
1775245143042,0,monitor_data.speed_ref
1775245143043,0,monitor_data.speed_ref
1775245143044,0,monitor_data.speed_ref
1775245143045,0,monitor_data.speed_ref
1775245143046,0,monitor_data.speed_ref
1775245143047,0,monitor_data.speed_ref
1775245143048,0,monitor_data.speed_ref
1775245143049,0,monitor_data.speed_ref
1775245143050,0,monitor_data.speed_ref
1775245143051,0,monitor_data.speed_ref
1775245143052,0,monitor_data.speed_ref
1775245143053,0,monitor_data.speed_ref
1775245143054,0,monitor_data.speed_ref
1775245143055,0,monitor_data.speed_ref
1775245143056,0,monitor_data.speed_ref
1775245143057,0,monitor_data.speed_ref
1775245143058,0,monitor_data.speed_ref
1775245143059,0,monitor_data.speed_ref
1775245143060,0,monitor_data.speed_ref
1775245143061,0,monitor_data.speed_ref
1775245143062,0,monitor_data.speed_ref
1775245143063,0,monitor_data.speed_ref
1775245143064,0,monitor_data.speed_ref
1775245143065,0,monitor_data.speed_ref
1775245143066,0,monitor_data.speed_ref
1775245143067,0,monitor_data.speed_ref
1775245143068,0,monitor_data.speed_ref
1775245143069,0,monitor_data.speed_ref
1775245143070,0,monitor_data.speed_ref
1775245143071,0,monitor_data.speed_ref
1775245143072,0,monitor_data.speed_ref
1775245143073,0,monitor_data.speed_ref
1775245143074,0,monitor_data.speed_ref
1775245143075,0,monitor_data.speed_ref
1775245143076,0,monitor_data.speed_ref
1775245143077,0,monitor_data.speed_ref
1775245143078,0,monitor_data.speed_ref
1775245143079,0,monitor_data.speed_ref
1775245143080,0,monitor_data.speed_ref
1775245143081,0,monitor_data.speed_ref
1775245143082,0,monitor_data.speed_ref
1775245143083,0,monitor_data.speed_ref
1775245143084,0,monitor_data.speed_ref
1775245143085,0,monitor_data.speed_ref
1775245143086,0,monitor_data.speed_ref
1775245143087,0,monitor_data.speed_ref
1775245143088,0,monitor_data.speed_ref
1775245143089,0,monitor_data.speed_ref
1775245143090,0,monitor_data.speed_ref
1775245143091,0,monitor_data.speed_ref
1775245143092,0,monitor_data.speed_ref
1775245143042,3.649723768234253,monitor_data.theta_mech
1775245143043,3.6504907608032227,monitor_data.theta_mech
1775245143044,3.650874376296997,monitor_data.theta_mech
1775245143045,3.649723768234253,monitor_data.theta_mech
1775245143046,3.6504907608032227,monitor_data.theta_mech
1775245143047,3.6493403911590576,monitor_data.theta_mech
1775245143048,3.6493403911590576,monitor_data.theta_mech
1775245143049,3.649723768234253,monitor_data.theta_mech
1775245143050,3.649723768234253,monitor_data.theta_mech
1775245143051,3.649723768234253,monitor_data.theta_mech
1775245143052,3.649723768234253,monitor_data.theta_mech
1775245143053,3.6493403911590576,monitor_data.theta_mech
1775245143054,3.6504907608032227,monitor_data.theta_mech
1775245143055,3.649723768234253,monitor_data.theta_mech
1775245143056,3.6493403911590576,monitor_data.theta_mech
1775245143057,3.649723768234253,monitor_data.theta_mech
1775245143058,3.649723768234253,monitor_data.theta_mech
1775245143059,3.650874376296997,monitor_data.theta_mech
1775245143060,3.6501073837280273,monitor_data.theta_mech
1775245143061,3.6512577533721924,monitor_data.theta_mech
1775245143062,3.649723768234253,monitor_data.theta_mech
1775245143063,3.649723768234253,monitor_data.theta_mech
1775245143064,3.649723768234253,monitor_data.theta_mech
1775245143065,3.649723768234253,monitor_data.theta_mech
1775245143066,3.649723768234253,monitor_data.theta_mech
1775245143067,3.6501073837280273,monitor_data.theta_mech
1775245143068,3.649723768234253,monitor_data.theta_mech
1775245143069,3.650874376296997,monitor_data.theta_mech
1775245143070,3.648956775665283,monitor_data.theta_mech
1775245143071,3.6501073837280273,monitor_data.theta_mech
1775245143072,3.649723768234253,monitor_data.theta_mech
1775245143073,3.6501073837280273,monitor_data.theta_mech
1775245143074,3.6493403911590576,monitor_data.theta_mech
1775245143075,3.6501073837280273,monitor_data.theta_mech
1775245143076,3.6504907608032227,monitor_data.theta_mech
1775245143077,3.649723768234253,monitor_data.theta_mech
1775245143078,3.6504907608032227,monitor_data.theta_mech
1775245143079,3.6504907608032227,monitor_data.theta_mech
1775245143080,3.6501073837280273,monitor_data.theta_mech
1775245143081,3.6501073837280273,monitor_data.theta_mech
1775245143082,3.6501073837280273,monitor_data.theta_mech
1775245143083,3.6504907608032227,monitor_data.theta_mech
1775245143084,3.649723768234253,monitor_data.theta_mech
1775245143085,3.650874376296997,monitor_data.theta_mech
1775245143086,3.6501073837280273,monitor_data.theta_mech
1775245143087,3.649723768234253,monitor_data.theta_mech
1775245143088,3.649723768234253,monitor_data.theta_mech
1775245143089,3.649723768234253,monitor_data.theta_mech
1775245143090,3.6504907608032227,monitor_data.theta_mech
1775245143091,3.6504907608032227,monitor_data.theta_mech
1775245143092,3.6501073837280273,monitor_data.theta_mech
1775245143093,0,monitor_data.speed_ref
1775245143094,0,monitor_data.speed_ref
1775245143095,0,monitor_data.speed_ref
1775245143096,0,monitor_data.speed_ref
1775245143097,0,monitor_data.speed_ref
1775245143098,0,monitor_data.speed_ref
1775245143099,0,monitor_data.speed_ref
1775245143100,0,monitor_data.speed_ref
1775245143101,0,monitor_data.speed_ref
1775245143102,0,monitor_data.speed_ref
1775245143103,0,monitor_data.speed_ref
1775245143104,0,monitor_data.speed_ref
1775245143105,0,monitor_data.speed_ref
1775245143106,0,monitor_data.speed_ref
1775245143107,0,monitor_data.speed_ref
1775245143108,0,monitor_data.speed_ref
1775245143109,0,monitor_data.speed_ref
1775245143110,0,monitor_data.speed_ref
1775245143111,0,monitor_data.speed_ref
1775245143112,0,monitor_data.speed_ref
1775245143113,0,monitor_data.speed_ref
1775245143114,0,monitor_data.speed_ref
1775245143115,0,monitor_data.speed_ref
1775245143116,0,monitor_data.speed_ref
1775245143117,0,monitor_data.speed_ref
1775245143118,0,monitor_data.speed_ref
1775245143119,0,monitor_data.speed_ref
1775245143120,0,monitor_data.speed_ref
1775245143121,0,monitor_data.speed_ref
1775245143122,0,monitor_data.speed_ref
1775245143123,0,monitor_data.speed_ref
1775245143124,0,monitor_data.speed_ref
1775245143125,0,monitor_data.speed_ref
1775245143126,0,monitor_data.speed_ref
1775245143127,0,monitor_data.speed_ref
1775245143128,0,monitor_data.speed_ref
1775245143129,0,monitor_data.speed_ref
1775245143130,0,monitor_data.speed_ref
1775245143131,0,monitor_data.speed_ref
1775245143132,0,monitor_data.speed_ref
1775245143133,0,monitor_data.speed_ref
1775245143134,0,monitor_data.speed_ref
1775245143135,0,monitor_data.speed_ref
1775245143136,0,monitor_data.speed_ref
1775245143137,0,monitor_data.speed_ref
1775245143138,0,monitor_data.speed_ref
1775245143139,0,monitor_data.speed_ref
1775245143140,0,monitor_data.speed_ref
1775245143141,0,monitor_data.speed_ref
1775245143142,0,monitor_data.speed_ref
1775245143093,3.6493403911590576,monitor_data.theta_mech
1775245143094,3.6501073837280273,monitor_data.theta_mech
1775245143095,3.6501073837280273,monitor_data.theta_mech
1775245143096,3.6504907608032227,monitor_data.theta_mech
1775245143097,3.650874376296997,monitor_data.theta_mech
1775245143098,3.650874376296997,monitor_data.theta_mech
1775245143099,3.648956775665283,monitor_data.theta_mech
1775245143100,3.6501073837280273,monitor_data.theta_mech
1775245143101,3.6501073837280273,monitor_data.theta_mech
1775245143102,3.6501073837280273,monitor_data.theta_mech
1775245143103,3.6501073837280273,monitor_data.theta_mech
1775245143104,3.650874376296997,monitor_data.theta_mech
1775245143105,3.650874376296997,monitor_data.theta_mech
1775245143106,3.650874376296997,monitor_data.theta_mech
1775245143107,3.6501073837280273,monitor_data.theta_mech
1775245143108,3.650874376296997,monitor_data.theta_mech
1775245143109,3.649723768234253,monitor_data.theta_mech
1775245143110,3.6504907608032227,monitor_data.theta_mech
1775245143111,3.648956775665283,monitor_data.theta_mech
1775245143112,3.649723768234253,monitor_data.theta_mech
1775245143113,3.649723768234253,monitor_data.theta_mech
1775245143114,3.6501073837280273,monitor_data.theta_mech
1775245143115,3.649723768234253,monitor_data.theta_mech
1775245143116,3.649723768234253,monitor_data.theta_mech
1775245143117,3.649723768234253,monitor_data.theta_mech
1775245143118,3.6512577533721924,monitor_data.theta_mech
1775245143119,3.650874376296997,monitor_data.theta_mech
1775245143120,3.650874376296997,monitor_data.theta_mech
1775245143121,3.6504907608032227,monitor_data.theta_mech
1775245143122,3.6512577533721924,monitor_data.theta_mech
1775245143123,3.649723768234253,monitor_data.theta_mech
1775245143124,3.6512577533721924,monitor_data.theta_mech
1775245143125,3.6504907608032227,monitor_data.theta_mech
1775245143126,3.650874376296997,monitor_data.theta_mech
1775245143127,3.6501073837280273,monitor_data.theta_mech
1775245143128,3.6501073837280273,monitor_data.theta_mech
1775245143129,3.6512577533721924,monitor_data.theta_mech
1775245143130,3.649723768234253,monitor_data.theta_mech
1775245143131,3.6501073837280273,monitor_data.theta_mech
1775245143132,3.6493403911590576,monitor_data.theta_mech
1775245143133,3.6501073837280273,monitor_data.theta_mech
1775245143134,3.650874376296997,monitor_data.theta_mech
1775245143135,3.649723768234253,monitor_data.theta_mech
1775245143136,3.649723768234253,monitor_data.theta_mech
1775245143137,3.649723768234253,monitor_data.theta_mech
1775245143138,3.649723768234253,monitor_data.theta_mech
1775245143139,3.6504907608032227,monitor_data.theta_mech
1775245143140,3.649723768234253,monitor_data.theta_mech
1775245143141,3.649723768234253,monitor_data.theta_mech
1775245143142,3.649723768234253,monitor_data.theta_mech
1775245143143,0,monitor_data.speed_ref
1775245143144,0,monitor_data.speed_ref
1775245143145,0,monitor_data.speed_ref
1775245143146,0,monitor_data.speed_ref
1775245143147,0,monitor_data.speed_ref
1775245143148,0,monitor_data.speed_ref
1775245143149,0,monitor_data.speed_ref
1775245143150,0,monitor_data.speed_ref
1775245143151,0,monitor_data.speed_ref
1775245143152,0,monitor_data.speed_ref
1775245143153,0,monitor_data.speed_ref
1775245143154,0,monitor_data.speed_ref
1775245143155,0,monitor_data.speed_ref
1775245143156,0,monitor_data.speed_ref
1775245143157,0,monitor_data.speed_ref
1775245143158,0,monitor_data.speed_ref
1775245143159,0,monitor_data.speed_ref
1775245143160,0,monitor_data.speed_ref
1775245143161,0,monitor_data.speed_ref
1775245143162,0,monitor_data.speed_ref
1775245143163,0,monitor_data.speed_ref
1775245143164,0,monitor_data.speed_ref
1775245143165,0,monitor_data.speed_ref
1775245143166,0,monitor_data.speed_ref
1775245143167,0,monitor_data.speed_ref
1775245143168,0,monitor_data.speed_ref
1775245143169,0,monitor_data.speed_ref
1775245143170,0,monitor_data.speed_ref
1775245143171,0,monitor_data.speed_ref
1775245143172,0,monitor_data.speed_ref
1775245143173,0,monitor_data.speed_ref
1775245143174,0,monitor_data.speed_ref
1775245143175,0,monitor_data.speed_ref
1775245143176,0,monitor_data.speed_ref
1775245143177,0,monitor_data.speed_ref
1775245143178,0,monitor_data.speed_ref
1775245143179,0,monitor_data.speed_ref
1775245143180,0,monitor_data.speed_ref
1775245143181,0,monitor_data.speed_ref
1775245143182,0,monitor_data.speed_ref
1775245143183,0,monitor_data.speed_ref
1775245143184,0,monitor_data.speed_ref
1775245143185,0,monitor_data.speed_ref
1775245143186,0,monitor_data.speed_ref
1775245143187,0,monitor_data.speed_ref
1775245143188,0,monitor_data.speed_ref
1775245143189,0,monitor_data.speed_ref
1775245143190,0,monitor_data.speed_ref
1775245143191,0,monitor_data.speed_ref
1775245143192,0,monitor_data.speed_ref
1775245143143,3.6501073837280273,monitor_data.theta_mech
1775245143144,3.6493403911590576,monitor_data.theta_mech
1775245143145,3.648573398590088,monitor_data.theta_mech
1775245143146,3.6504907608032227,monitor_data.theta_mech
1775245143147,3.650874376296997,monitor_data.theta_mech
1775245143148,3.650874376296997,monitor_data.theta_mech
1775245143149,3.649723768234253,monitor_data.theta_mech
1775245143150,3.649723768234253,monitor_data.theta_mech
1775245143151,3.650874376296997,monitor_data.theta_mech
1775245143152,3.650874376296997,monitor_data.theta_mech
1775245143153,3.6501073837280273,monitor_data.theta_mech
1775245143154,3.6501073837280273,monitor_data.theta_mech
1775245143155,3.6504907608032227,monitor_data.theta_mech
1775245143156,3.649723768234253,monitor_data.theta_mech
1775245143157,3.6501073837280273,monitor_data.theta_mech
1775245143158,3.6504907608032227,monitor_data.theta_mech
1775245143159,3.650874376296997,monitor_data.theta_mech
1775245143160,3.649723768234253,monitor_data.theta_mech
1775245143161,3.6501073837280273,monitor_data.theta_mech
1775245143162,3.6504907608032227,monitor_data.theta_mech
1775245143163,3.6504907608032227,monitor_data.theta_mech
1775245143164,3.650874376296997,monitor_data.theta_mech
1775245143165,3.6501073837280273,monitor_data.theta_mech
1775245143166,3.6501073837280273,monitor_data.theta_mech
1775245143167,3.650874376296997,monitor_data.theta_mech
1775245143168,3.649723768234253,monitor_data.theta_mech
1775245143169,3.649723768234253,monitor_data.theta_mech
1775245143170,3.649723768234253,monitor_data.theta_mech
1775245143171,3.6501073837280273,monitor_data.theta_mech
1775245143172,3.6501073837280273,monitor_data.theta_mech
1775245143173,3.6504907608032227,monitor_data.theta_mech
1775245143174,3.6501073837280273,monitor_data.theta_mech
1775245143175,3.6504907608032227,monitor_data.theta_mech
1775245143176,3.650874376296997,monitor_data.theta_mech
1775245143177,3.6504907608032227,monitor_data.theta_mech
1775245143178,3.6501073837280273,monitor_data.theta_mech
1775245143179,3.649723768234253,monitor_data.theta_mech
1775245143180,3.649723768234253,monitor_data.theta_mech
1775245143181,3.649723768234253,monitor_data.theta_mech
1775245143182,3.6504907608032227,monitor_data.theta_mech
1775245143183,3.649723768234253,monitor_data.theta_mech
1775245143184,3.648956775665283,monitor_data.theta_mech
1775245143185,3.649723768234253,monitor_data.theta_mech
1775245143186,3.6512577533721924,monitor_data.theta_mech
1775245143187,3.6501073837280273,monitor_data.theta_mech
1775245143188,3.6493403911590576,monitor_data.theta_mech
1775245143189,3.6504907608032227,monitor_data.theta_mech
1775245143190,3.6501073837280273,monitor_data.theta_mech
1775245143191,3.6504907608032227,monitor_data.theta_mech
1775245143192,3.648956775665283,monitor_data.theta_mech
1775245143193,0,monitor_data.speed_ref
1775245143194,0,monitor_data.speed_ref
1775245143195,0,monitor_data.speed_ref
1775245143196,0,monitor_data.speed_ref
1775245143197,0,monitor_data.speed_ref
1775245143198,0,monitor_data.speed_ref
1775245143199,0,monitor_data.speed_ref
1775245143200,0,monitor_data.speed_ref
1775245143201,0,monitor_data.speed_ref
1775245143202,0,monitor_data.speed_ref
1775245143203,0,monitor_data.speed_ref
1775245143204,0,monitor_data.speed_ref
1775245143205,0,monitor_data.speed_ref
1775245143206,0,monitor_data.speed_ref
1775245143207,0,monitor_data.speed_ref
1775245143208,0,monitor_data.speed_ref
1775245143209,0,monitor_data.speed_ref
1775245143210,0,monitor_data.speed_ref
1775245143211,0,monitor_data.speed_ref
1775245143212,0,monitor_data.speed_ref
1775245143213,0,monitor_data.speed_ref
1775245143214,0,monitor_data.speed_ref
1775245143215,0,monitor_data.speed_ref
1775245143216,0,monitor_data.speed_ref
1775245143217,0,monitor_data.speed_ref
1775245143218,0,monitor_data.speed_ref
1775245143219,0,monitor_data.speed_ref
1775245143220,0,monitor_data.speed_ref
1775245143221,0,monitor_data.speed_ref
1775245143222,0,monitor_data.speed_ref
1775245143223,0,monitor_data.speed_ref
1775245143224,0,monitor_data.speed_ref
1775245143225,0,monitor_data.speed_ref
1775245143226,0,monitor_data.speed_ref
1775245143227,0,monitor_data.speed_ref
1775245143228,0,monitor_data.speed_ref
1775245143229,0,monitor_data.speed_ref
1775245143230,0,monitor_data.speed_ref
1775245143231,0,monitor_data.speed_ref
1775245143232,0,monitor_data.speed_ref
1775245143233,0,monitor_data.speed_ref
1775245143234,0,monitor_data.speed_ref
1775245143235,0,monitor_data.speed_ref
1775245143236,0,monitor_data.speed_ref
1775245143237,0,monitor_data.speed_ref
1775245143238,0,monitor_data.speed_ref
1775245143239,0,monitor_data.speed_ref
1775245143240,0,monitor_data.speed_ref
1775245143241,0,monitor_data.speed_ref
1775245143242,0,monitor_data.speed_ref
1775245143193,3.6501073837280273,monitor_data.theta_mech
1775245143194,3.650874376296997,monitor_data.theta_mech
1775245143195,3.6493403911590576,monitor_data.theta_mech
1775245143196,3.648956775665283,monitor_data.theta_mech
1775245143197,3.6493403911590576,monitor_data.theta_mech
1775245143198,3.6501073837280273,monitor_data.theta_mech
1775245143199,3.650874376296997,monitor_data.theta_mech
1775245143200,3.6504907608032227,monitor_data.theta_mech
1775245143201,3.6501073837280273,monitor_data.theta_mech
1775245143202,3.649723768234253,monitor_data.theta_mech
1775245143203,3.649723768234253,monitor_data.theta_mech
1775245143204,3.649723768234253,monitor_data.theta_mech
1775245143205,3.6504907608032227,monitor_data.theta_mech
1775245143206,3.6504907608032227,monitor_data.theta_mech
1775245143207,3.6501073837280273,monitor_data.theta_mech
1775245143208,3.649723768234253,monitor_data.theta_mech
1775245143209,3.6504907608032227,monitor_data.theta_mech
1775245143210,3.6504907608032227,monitor_data.theta_mech
1775245143211,3.6493403911590576,monitor_data.theta_mech
1775245143212,3.6504907608032227,monitor_data.theta_mech
1775245143213,3.649723768234253,monitor_data.theta_mech
1775245143214,3.6501073837280273,monitor_data.theta_mech
1775245143215,3.6504907608032227,monitor_data.theta_mech
1775245143216,3.649723768234253,monitor_data.theta_mech
1775245143217,3.649723768234253,monitor_data.theta_mech
1775245143218,3.6501073837280273,monitor_data.theta_mech
1775245143219,3.649723768234253,monitor_data.theta_mech
1775245143220,3.6493403911590576,monitor_data.theta_mech
1775245143221,3.649723768234253,monitor_data.theta_mech
1775245143222,3.6504907608032227,monitor_data.theta_mech
1775245143223,3.649723768234253,monitor_data.theta_mech
1775245143224,3.649723768234253,monitor_data.theta_mech
1775245143225,3.650874376296997,monitor_data.theta_mech
1775245143226,3.6504907608032227,monitor_data.theta_mech
1775245143227,3.649723768234253,monitor_data.theta_mech
1775245143228,3.649723768234253,monitor_data.theta_mech
1775245143229,3.6501073837280273,monitor_data.theta_mech
1775245143230,3.649723768234253,monitor_data.theta_mech
1775245143231,3.6501073837280273,monitor_data.theta_mech
1775245143232,3.6493403911590576,monitor_data.theta_mech
1775245143233,3.650874376296997,monitor_data.theta_mech
1775245143234,3.6504907608032227,monitor_data.theta_mech
1775245143235,3.649723768234253,monitor_data.theta_mech
1775245143236,3.6501073837280273,monitor_data.theta_mech
1775245143237,3.650874376296997,monitor_data.theta_mech
1775245143238,3.6504907608032227,monitor_data.theta_mech
1775245143239,3.6504907608032227,monitor_data.theta_mech
1775245143240,3.6504907608032227,monitor_data.theta_mech
1775245143241,3.6493403911590576,monitor_data.theta_mech
1775245143242,3.6501073837280273,monitor_data.theta_mech
1775245143243,0,monitor_data.speed_ref
1775245143244,0,monitor_data.speed_ref
1775245143245,0,monitor_data.speed_ref
1775245143246,0,monitor_data.speed_ref
1775245143247,0,monitor_data.speed_ref
1775245143248,0,monitor_data.speed_ref
1775245143249,0,monitor_data.speed_ref
1775245143250,0,monitor_data.speed_ref
1775245143251,0,monitor_data.speed_ref
1775245143252,0,monitor_data.speed_ref
1775245143253,0,monitor_data.speed_ref
1775245143254,0,monitor_data.speed_ref
1775245143255,0,monitor_data.speed_ref
1775245143256,0,monitor_data.speed_ref
1775245143257,0,monitor_data.speed_ref
1775245143258,0,monitor_data.speed_ref
1775245143259,0,monitor_data.speed_ref
1775245143260,0,monitor_data.speed_ref
1775245143261,0,monitor_data.speed_ref
1775245143262,0,monitor_data.speed_ref
1775245143263,0,monitor_data.speed_ref
1775245143264,0,monitor_data.speed_ref
1775245143265,0,monitor_data.speed_ref
1775245143266,0,monitor_data.speed_ref
1775245143267,0,monitor_data.speed_ref
1775245143268,0,monitor_data.speed_ref
1775245143269,0,monitor_data.speed_ref
1775245143270,0,monitor_data.speed_ref
1775245143271,0,monitor_data.speed_ref
1775245143272,0,monitor_data.speed_ref
1775245143273,0,monitor_data.speed_ref
1775245143274,0,monitor_data.speed_ref
1775245143275,0,monitor_data.speed_ref
1775245143276,0,monitor_data.speed_ref
1775245143277,0,monitor_data.speed_ref
1775245143278,0,monitor_data.speed_ref
1775245143279,0,monitor_data.speed_ref
1775245143280,0,monitor_data.speed_ref
1775245143281,0,monitor_data.speed_ref
1775245143282,0,monitor_data.speed_ref
1775245143283,0,monitor_data.speed_ref
1775245143284,0,monitor_data.speed_ref
1775245143285,0,monitor_data.speed_ref
1775245143286,0,monitor_data.speed_ref
1775245143287,0,monitor_data.speed_ref
1775245143288,0,monitor_data.speed_ref
1775245143289,0,monitor_data.speed_ref
1775245143290,0,monitor_data.speed_ref
1775245143291,0,monitor_data.speed_ref
1775245143292,0,monitor_data.speed_ref
1775245143243,3.6493403911590576,monitor_data.theta_mech
1775245143244,3.6504907608032227,monitor_data.theta_mech
1775245143245,3.6501073837280273,monitor_data.theta_mech
1775245143246,3.6493403911590576,monitor_data.theta_mech
1775245143247,3.649723768234253,monitor_data.theta_mech
1775245143248,3.649723768234253,monitor_data.theta_mech
1775245143249,3.6501073837280273,monitor_data.theta_mech
1775245143250,3.6504907608032227,monitor_data.theta_mech
1775245143251,3.6504907608032227,monitor_data.theta_mech
1775245143252,3.649723768234253,monitor_data.theta_mech
1775245143253,3.6501073837280273,monitor_data.theta_mech
1775245143254,3.6504907608032227,monitor_data.theta_mech
1775245143255,3.649723768234253,monitor_data.theta_mech
1775245143256,3.6501073837280273,monitor_data.theta_mech
1775245143257,3.650874376296997,monitor_data.theta_mech
1775245143258,3.6501073837280273,monitor_data.theta_mech
1775245143259,3.648573398590088,monitor_data.theta_mech
1775245143260,3.6504907608032227,monitor_data.theta_mech
1775245143261,3.6501073837280273,monitor_data.theta_mech
1775245143262,3.649723768234253,monitor_data.theta_mech
1775245143263,3.650874376296997,monitor_data.theta_mech
1775245143264,3.6501073837280273,monitor_data.theta_mech
1775245143265,3.649723768234253,monitor_data.theta_mech
1775245143266,3.6501073837280273,monitor_data.theta_mech
1775245143267,3.6504907608032227,monitor_data.theta_mech
1775245143268,3.6493403911590576,monitor_data.theta_mech
1775245143269,3.6501073837280273,monitor_data.theta_mech
1775245143270,3.6501073837280273,monitor_data.theta_mech
1775245143271,3.6501073837280273,monitor_data.theta_mech
1775245143272,3.6501073837280273,monitor_data.theta_mech
1775245143273,3.6493403911590576,monitor_data.theta_mech
1775245143274,3.649723768234253,monitor_data.theta_mech
1775245143275,3.6501073837280273,monitor_data.theta_mech
1775245143276,3.6504907608032227,monitor_data.theta_mech
1775245143277,3.6501073837280273,monitor_data.theta_mech
1775245143278,3.6504907608032227,monitor_data.theta_mech
1775245143279,3.649723768234253,monitor_data.theta_mech
1775245143280,3.649723768234253,monitor_data.theta_mech
1775245143281,3.649723768234253,monitor_data.theta_mech
1775245143282,3.650874376296997,monitor_data.theta_mech
1775245143283,3.6504907608032227,monitor_data.theta_mech
1775245143284,3.649723768234253,monitor_data.theta_mech
1775245143285,3.649723768234253,monitor_data.theta_mech
1775245143286,3.649723768234253,monitor_data.theta_mech
1775245143287,3.6512577533721924,monitor_data.theta_mech
1775245143288,3.649723768234253,monitor_data.theta_mech
1775245143289,3.649723768234253,monitor_data.theta_mech
1775245143290,3.649723768234253,monitor_data.theta_mech
1775245143291,3.6504907608032227,monitor_data.theta_mech
1775245143292,3.6501073837280273,monitor_data.theta_mech
1775245143293,0,monitor_data.speed_ref
1775245143294,0,monitor_data.speed_ref
1775245143295,0,monitor_data.speed_ref
1775245143296,0,monitor_data.speed_ref
1775245143297,0,monitor_data.speed_ref
1775245143298,0,monitor_data.speed_ref
1775245143299,0,monitor_data.speed_ref
1775245143300,0,monitor_data.speed_ref
1775245143301,0,monitor_data.speed_ref
1775245143302,0,monitor_data.speed_ref
1775245143303,0,monitor_data.speed_ref
1775245143304,0,monitor_data.speed_ref
1775245143305,0,monitor_data.speed_ref
1775245143306,0,monitor_data.speed_ref
1775245143307,0,monitor_data.speed_ref
1775245143308,0,monitor_data.speed_ref
1775245143309,0,monitor_data.speed_ref
1775245143310,0,monitor_data.speed_ref
1775245143311,0,monitor_data.speed_ref
1775245143312,0,monitor_data.speed_ref
1775245143313,0,monitor_data.speed_ref
1775245143314,0,monitor_data.speed_ref
1775245143315,0,monitor_data.speed_ref
1775245143316,0,monitor_data.speed_ref
1775245143317,0,monitor_data.speed_ref
1775245143318,0,monitor_data.speed_ref
1775245143319,0,monitor_data.speed_ref
1775245143320,0,monitor_data.speed_ref
1775245143321,0,monitor_data.speed_ref
1775245143322,0,monitor_data.speed_ref
1775245143323,0,monitor_data.speed_ref
1775245143324,0,monitor_data.speed_ref
1775245143325,0,monitor_data.speed_ref
1775245143326,0,monitor_data.speed_ref
1775245143327,0,monitor_data.speed_ref
1775245143328,0,monitor_data.speed_ref
1775245143329,0,monitor_data.speed_ref
1775245143330,0,monitor_data.speed_ref
1775245143331,0,monitor_data.speed_ref
1775245143332,0,monitor_data.speed_ref
1775245143333,0,monitor_data.speed_ref
1775245143334,0,monitor_data.speed_ref
1775245143335,0,monitor_data.speed_ref
1775245143336,0,monitor_data.speed_ref
1775245143337,0,monitor_data.speed_ref
1775245143338,0,monitor_data.speed_ref
1775245143339,0,monitor_data.speed_ref
1775245143340,0,monitor_data.speed_ref
1775245143341,0,monitor_data.speed_ref
1775245143342,0,monitor_data.speed_ref
1775245143293,3.6504907608032227,monitor_data.theta_mech
1775245143294,3.6493403911590576,monitor_data.theta_mech
1775245143295,3.6501073837280273,monitor_data.theta_mech
1775245143296,3.6504907608032227,monitor_data.theta_mech
1775245143297,3.650874376296997,monitor_data.theta_mech
1775245143298,3.649723768234253,monitor_data.theta_mech
1775245143299,3.6504907608032227,monitor_data.theta_mech
1775245143300,3.649723768234253,monitor_data.theta_mech
1775245143301,3.649723768234253,monitor_data.theta_mech
1775245143302,3.649723768234253,monitor_data.theta_mech
1775245143303,3.649723768234253,monitor_data.theta_mech
1775245143304,3.649723768234253,monitor_data.theta_mech
1775245143305,3.648956775665283,monitor_data.theta_mech
1775245143306,3.649723768234253,monitor_data.theta_mech
1775245143307,3.649723768234253,monitor_data.theta_mech
1775245143308,3.6504907608032227,monitor_data.theta_mech
1775245143309,3.6493403911590576,monitor_data.theta_mech
1775245143310,3.6504907608032227,monitor_data.theta_mech
1775245143311,3.649723768234253,monitor_data.theta_mech
1775245143312,3.6493403911590576,monitor_data.theta_mech
1775245143313,3.6504907608032227,monitor_data.theta_mech
1775245143314,3.6504907608032227,monitor_data.theta_mech
1775245143315,3.6504907608032227,monitor_data.theta_mech
1775245143316,3.6501073837280273,monitor_data.theta_mech
1775245143317,3.6501073837280273,monitor_data.theta_mech
1775245143318,3.6504907608032227,monitor_data.theta_mech
1775245143319,3.649723768234253,monitor_data.theta_mech
1775245143320,3.6501073837280273,monitor_data.theta_mech
1775245143321,3.649723768234253,monitor_data.theta_mech
1775245143322,3.6512577533721924,monitor_data.theta_mech
1775245143323,3.6504907608032227,monitor_data.theta_mech
1775245143324,3.649723768234253,monitor_data.theta_mech
1775245143325,3.6504907608032227,monitor_data.theta_mech
1775245143326,3.6512577533721924,monitor_data.theta_mech
1775245143327,3.6493403911590576,monitor_data.theta_mech
1775245143328,3.6504907608032227,monitor_data.theta_mech
1775245143329,3.6501073837280273,monitor_data.theta_mech
1775245143330,3.6501073837280273,monitor_data.theta_mech
1775245143331,3.6501073837280273,monitor_data.theta_mech
1775245143332,3.6504907608032227,monitor_data.theta_mech
1775245143333,3.6493403911590576,monitor_data.theta_mech
1775245143334,3.6493403911590576,monitor_data.theta_mech
1775245143335,3.650874376296997,monitor_data.theta_mech
1775245143336,3.6501073837280273,monitor_data.theta_mech
1775245143337,3.649723768234253,monitor_data.theta_mech
1775245143338,3.649723768234253,monitor_data.theta_mech
1775245143339,3.6504907608032227,monitor_data.theta_mech
1775245143340,3.6504907608032227,monitor_data.theta_mech
1775245143341,3.6501073837280273,monitor_data.theta_mech
1775245143342,3.6504907608032227,monitor_data.theta_mech
1775245143343,0,monitor_data.speed_ref
1775245143344,0,monitor_data.speed_ref
1775245143345,0,monitor_data.speed_ref
1775245143346,0,monitor_data.speed_ref
1775245143347,0,monitor_data.speed_ref
1775245143348,0,monitor_data.speed_ref
1775245143349,0,monitor_data.speed_ref
1775245143350,0,monitor_data.speed_ref
1775245143351,0,monitor_data.speed_ref
1775245143352,0,monitor_data.speed_ref
1775245143353,0,monitor_data.speed_ref
1775245143354,0,monitor_data.speed_ref
1775245143355,0,monitor_data.speed_ref
1775245143356,0,monitor_data.speed_ref
1775245143357,0,monitor_data.speed_ref
1775245143358,0,monitor_data.speed_ref
1775245143359,0,monitor_data.speed_ref
1775245143360,0,monitor_data.speed_ref
1775245143361,0,monitor_data.speed_ref
1775245143362,0,monitor_data.speed_ref
1775245143363,0,monitor_data.speed_ref
1775245143364,0,monitor_data.speed_ref
1775245143365,0,monitor_data.speed_ref
1775245143366,0,monitor_data.speed_ref
1775245143367,0,monitor_data.speed_ref
1775245143368,0,monitor_data.speed_ref
1775245143369,0,monitor_data.speed_ref
1775245143370,0,monitor_data.speed_ref
1775245143371,0,monitor_data.speed_ref
1775245143372,0,monitor_data.speed_ref
1775245143373,0,monitor_data.speed_ref
1775245143374,0,monitor_data.speed_ref
1775245143375,0,monitor_data.speed_ref
1775245143376,0,monitor_data.speed_ref
1775245143377,0,monitor_data.speed_ref
1775245143378,0,monitor_data.speed_ref
1775245143379,0,monitor_data.speed_ref
1775245143380,0,monitor_data.speed_ref
1775245143381,0,monitor_data.speed_ref
1775245143382,0,monitor_data.speed_ref
1775245143383,0,monitor_data.speed_ref
1775245143384,0,monitor_data.speed_ref
1775245143385,0,monitor_data.speed_ref
1775245143386,0,monitor_data.speed_ref
1775245143387,0,monitor_data.speed_ref
1775245143388,0,monitor_data.speed_ref
1775245143389,0,monitor_data.speed_ref
1775245143390,0,monitor_data.speed_ref
1775245143391,0,monitor_data.speed_ref
1775245143392,0,monitor_data.speed_ref
1775245143343,3.650874376296997,monitor_data.theta_mech
1775245143344,3.649723768234253,monitor_data.theta_mech
1775245143345,3.650874376296997,monitor_data.theta_mech
1775245143346,3.6512577533721924,monitor_data.theta_mech
1775245143347,3.649723768234253,monitor_data.theta_mech
1775245143348,3.6504907608032227,monitor_data.theta_mech
1775245143349,3.6504907608032227,monitor_data.theta_mech
1775245143350,3.6501073837280273,monitor_data.theta_mech
1775245143351,3.649723768234253,monitor_data.theta_mech
1775245143352,3.650874376296997,monitor_data.theta_mech
1775245143353,3.6501073837280273,monitor_data.theta_mech
1775245143354,3.6504907608032227,monitor_data.theta_mech
1775245143355,3.6501073837280273,monitor_data.theta_mech
1775245143356,3.649723768234253,monitor_data.theta_mech
1775245143357,3.6501073837280273,monitor_data.theta_mech
1775245143358,3.6504907608032227,monitor_data.theta_mech
1775245143359,3.6501073837280273,monitor_data.theta_mech
1775245143360,3.6504907608032227,monitor_data.theta_mech
1775245143361,3.649723768234253,monitor_data.theta_mech
1775245143362,3.6504907608032227,monitor_data.theta_mech
1775245143363,3.6504907608032227,monitor_data.theta_mech
1775245143364,3.6501073837280273,monitor_data.theta_mech
1775245143365,3.649723768234253,monitor_data.theta_mech
1775245143366,3.649723768234253,monitor_data.theta_mech
1775245143367,3.6501073837280273,monitor_data.theta_mech
1775245143368,3.649723768234253,monitor_data.theta_mech
1775245143369,3.649723768234253,monitor_data.theta_mech
1775245143370,3.6501073837280273,monitor_data.theta_mech
1775245143371,3.650874376296997,monitor_data.theta_mech
1775245143372,3.6493403911590576,monitor_data.theta_mech
1775245143373,3.649723768234253,monitor_data.theta_mech
1775245143374,3.6501073837280273,monitor_data.theta_mech
1775245143375,3.649723768234253,monitor_data.theta_mech
1775245143376,3.6501073837280273,monitor_data.theta_mech
1775245143377,3.650874376296997,monitor_data.theta_mech
1775245143378,3.649723768234253,monitor_data.theta_mech
1775245143379,3.649723768234253,monitor_data.theta_mech
1775245143380,3.650874376296997,monitor_data.theta_mech
1775245143381,3.6504907608032227,monitor_data.theta_mech
1775245143382,3.6504907608032227,monitor_data.theta_mech
1775245143383,3.650874376296997,monitor_data.theta_mech
1775245143384,3.649723768234253,monitor_data.theta_mech
1775245143385,3.6493403911590576,monitor_data.theta_mech
1775245143386,3.6501073837280273,monitor_data.theta_mech
1775245143387,3.648956775665283,monitor_data.theta_mech
1775245143388,3.6501073837280273,monitor_data.theta_mech
1775245143389,3.6501073837280273,monitor_data.theta_mech
1775245143390,3.648956775665283,monitor_data.theta_mech
1775245143391,3.6504907608032227,monitor_data.theta_mech
1775245143392,3.6501073837280273,monitor_data.theta_mech
1775245143393,0,monitor_data.speed_ref
1775245143394,0,monitor_data.speed_ref
1775245143395,0,monitor_data.speed_ref
1775245143396,0,monitor_data.speed_ref
1775245143397,0,monitor_data.speed_ref
1775245143398,0,monitor_data.speed_ref
1775245143399,0,monitor_data.speed_ref
1775245143400,0,monitor_data.speed_ref
1775245143401,0,monitor_data.speed_ref
1775245143402,0,monitor_data.speed_ref
1775245143403,0,monitor_data.speed_ref
1775245143404,0,monitor_data.speed_ref
1775245143405,0,monitor_data.speed_ref
1775245143406,0,monitor_data.speed_ref
1775245143407,0,monitor_data.speed_ref
1775245143408,0,monitor_data.speed_ref
1775245143409,0,monitor_data.speed_ref
1775245143410,0,monitor_data.speed_ref
1775245143411,0,monitor_data.speed_ref
1775245143412,0,monitor_data.speed_ref
1775245143413,0,monitor_data.speed_ref
1775245143414,0,monitor_data.speed_ref
1775245143415,0,monitor_data.speed_ref
1775245143416,0,monitor_data.speed_ref
1775245143417,0,monitor_data.speed_ref
1775245143418,0,monitor_data.speed_ref
1775245143419,0,monitor_data.speed_ref
1775245143420,0,monitor_data.speed_ref
1775245143421,0,monitor_data.speed_ref
1775245143422,0,monitor_data.speed_ref
1775245143423,0,monitor_data.speed_ref
1775245143424,0,monitor_data.speed_ref
1775245143425,0,monitor_data.speed_ref
1775245143426,0,monitor_data.speed_ref
1775245143427,0,monitor_data.speed_ref
1775245143428,0,monitor_data.speed_ref
1775245143429,0,monitor_data.speed_ref
1775245143430,0,monitor_data.speed_ref
1775245143431,0,monitor_data.speed_ref
1775245143432,0,monitor_data.speed_ref
1775245143433,0,monitor_data.speed_ref
1775245143434,0,monitor_data.speed_ref
1775245143435,0,monitor_data.speed_ref
1775245143436,0,monitor_data.speed_ref
1775245143437,0,monitor_data.speed_ref
1775245143438,0,monitor_data.speed_ref
1775245143439,0,monitor_data.speed_ref
1775245143440,0,monitor_data.speed_ref
1775245143441,0,monitor_data.speed_ref
1775245143393,3.6501073837280273,monitor_data.theta_mech
1775245143394,3.6501073837280273,monitor_data.theta_mech
1775245143395,3.649723768234253,monitor_data.theta_mech
1775245143396,3.6501073837280273,monitor_data.theta_mech
1775245143397,3.6501073837280273,monitor_data.theta_mech
1775245143398,3.649723768234253,monitor_data.theta_mech
1775245143399,3.6493403911590576,monitor_data.theta_mech
1775245143400,3.6504907608032227,monitor_data.theta_mech
1775245143401,3.6504907608032227,monitor_data.theta_mech
1775245143402,3.648956775665283,monitor_data.theta_mech
1775245143403,3.6504907608032227,monitor_data.theta_mech
1775245143404,3.649723768234253,monitor_data.theta_mech
1775245143405,3.6493403911590576,monitor_data.theta_mech
1775245143406,3.6504907608032227,monitor_data.theta_mech
1775245143407,3.648956775665283,monitor_data.theta_mech
1775245143408,3.650874376296997,monitor_data.theta_mech
1775245143409,3.6501073837280273,monitor_data.theta_mech
1775245143410,3.648956775665283,monitor_data.theta_mech
1775245143411,3.6493403911590576,monitor_data.theta_mech
1775245143412,3.6504907608032227,monitor_data.theta_mech
1775245143413,3.649723768234253,monitor_data.theta_mech
1775245143414,3.6501073837280273,monitor_data.theta_mech
1775245143415,3.650874376296997,monitor_data.theta_mech
1775245143416,3.6504907608032227,monitor_data.theta_mech
1775245143417,3.6504907608032227,monitor_data.theta_mech
1775245143418,3.649723768234253,monitor_data.theta_mech
1775245143419,3.649723768234253,monitor_data.theta_mech
1775245143420,3.6504907608032227,monitor_data.theta_mech
1775245143421,3.649723768234253,monitor_data.theta_mech
1775245143422,3.650874376296997,monitor_data.theta_mech
1775245143423,3.6501073837280273,monitor_data.theta_mech
1775245143424,3.6504907608032227,monitor_data.theta_mech
1775245143425,3.6501073837280273,monitor_data.theta_mech
1775245143426,3.6501073837280273,monitor_data.theta_mech
1775245143427,3.649723768234253,monitor_data.theta_mech
1775245143428,3.649723768234253,monitor_data.theta_mech
1775245143429,3.6504907608032227,monitor_data.theta_mech
1775245143430,3.6512577533721924,monitor_data.theta_mech
1775245143431,3.6493403911590576,monitor_data.theta_mech
1775245143432,3.649723768234253,monitor_data.theta_mech
1775245143433,3.648573398590088,monitor_data.theta_mech
1775245143434,3.6504907608032227,monitor_data.theta_mech
1775245143435,3.649723768234253,monitor_data.theta_mech
1775245143436,3.650874376296997,monitor_data.theta_mech
1775245143437,3.649723768234253,monitor_data.theta_mech
1775245143438,3.649723768234253,monitor_data.theta_mech
1775245143439,3.650874376296997,monitor_data.theta_mech
1775245143440,3.6504907608032227,monitor_data.theta_mech
1775245143441,3.6504907608032227,monitor_data.theta_mech
1775245143442,0,monitor_data.speed_ref
1775245143443,0,monitor_data.speed_ref
1775245143444,0,monitor_data.speed_ref
1775245143445,0,monitor_data.speed_ref
1775245143446,0,monitor_data.speed_ref
1775245143447,0,monitor_data.speed_ref
1775245143448,0,monitor_data.speed_ref
1775245143449,0,monitor_data.speed_ref
1775245143450,0,monitor_data.speed_ref
1775245143451,0,monitor_data.speed_ref
1775245143452,0,monitor_data.speed_ref
1775245143453,0,monitor_data.speed_ref
1775245143454,0,monitor_data.speed_ref
1775245143455,0,monitor_data.speed_ref
1775245143456,0,monitor_data.speed_ref
1775245143457,0,monitor_data.speed_ref
1775245143458,0,monitor_data.speed_ref
1775245143459,0,monitor_data.speed_ref
1775245143460,0,monitor_data.speed_ref
1775245143461,0,monitor_data.speed_ref
1775245143462,0,monitor_data.speed_ref
1775245143463,0,monitor_data.speed_ref
1775245143464,0,monitor_data.speed_ref
1775245143465,0,monitor_data.speed_ref
1775245143466,0,monitor_data.speed_ref
1775245143467,0,monitor_data.speed_ref
1775245143468,0,monitor_data.speed_ref
1775245143469,0,monitor_data.speed_ref
1775245143470,0,monitor_data.speed_ref
1775245143471,0,monitor_data.speed_ref
1775245143472,0,monitor_data.speed_ref
1775245143473,0,monitor_data.speed_ref
1775245143474,0,monitor_data.speed_ref
1775245143475,0,monitor_data.speed_ref
1775245143476,0,monitor_data.speed_ref
1775245143477,0,monitor_data.speed_ref
1775245143478,0,monitor_data.speed_ref
1775245143479,0,monitor_data.speed_ref
1775245143480,0,monitor_data.speed_ref
1775245143481,0,monitor_data.speed_ref
1775245143482,0,monitor_data.speed_ref
1775245143483,0,monitor_data.speed_ref
1775245143484,0,monitor_data.speed_ref
1775245143485,0,monitor_data.speed_ref
1775245143486,0,monitor_data.speed_ref
1775245143487,0,monitor_data.speed_ref
1775245143488,0,monitor_data.speed_ref
1775245143489,0,monitor_data.speed_ref
1775245143490,0,monitor_data.speed_ref
1775245143491,0,monitor_data.speed_ref
1775245143492,0,monitor_data.speed_ref
1775245143442,3.6512577533721924,monitor_data.theta_mech
1775245143443,3.649723768234253,monitor_data.theta_mech
1775245143444,3.6504907608032227,monitor_data.theta_mech
1775245143445,3.649723768234253,monitor_data.theta_mech
1775245143446,3.650874376296997,monitor_data.theta_mech
1775245143447,3.6493403911590576,monitor_data.theta_mech
1775245143448,3.6493403911590576,monitor_data.theta_mech
1775245143449,3.6501073837280273,monitor_data.theta_mech
1775245143450,3.6501073837280273,monitor_data.theta_mech
1775245143451,3.650874376296997,monitor_data.theta_mech
1775245143452,3.650874376296997,monitor_data.theta_mech
1775245143453,3.6493403911590576,monitor_data.theta_mech
1775245143454,3.649723768234253,monitor_data.theta_mech
1775245143455,3.650874376296997,monitor_data.theta_mech
1775245143456,3.6501073837280273,monitor_data.theta_mech
1775245143457,3.6501073837280273,monitor_data.theta_mech
1775245143458,3.6501073837280273,monitor_data.theta_mech
1775245143459,3.6501073837280273,monitor_data.theta_mech
1775245143460,3.649723768234253,monitor_data.theta_mech
1775245143461,3.6501073837280273,monitor_data.theta_mech
1775245143462,3.6493403911590576,monitor_data.theta_mech
1775245143463,3.6504907608032227,monitor_data.theta_mech
1775245143464,3.6493403911590576,monitor_data.theta_mech
1775245143465,3.6512577533721924,monitor_data.theta_mech
1775245143466,3.6501073837280273,monitor_data.theta_mech
1775245143467,3.648956775665283,monitor_data.theta_mech
1775245143468,3.6504907608032227,monitor_data.theta_mech
1775245143469,3.6501073837280273,monitor_data.theta_mech
1775245143470,3.649723768234253,monitor_data.theta_mech
1775245143471,3.6501073837280273,monitor_data.theta_mech
1775245143472,3.6501073837280273,monitor_data.theta_mech
1775245143473,3.650874376296997,monitor_data.theta_mech
1775245143474,3.650874376296997,monitor_data.theta_mech
1775245143475,3.6504907608032227,monitor_data.theta_mech
1775245143476,3.6501073837280273,monitor_data.theta_mech
1775245143477,3.649723768234253,monitor_data.theta_mech
1775245143478,3.6501073837280273,monitor_data.theta_mech
1775245143479,3.649723768234253,monitor_data.theta_mech
1775245143480,3.6493403911590576,monitor_data.theta_mech
1775245143481,3.6512577533721924,monitor_data.theta_mech
1775245143482,3.6501073837280273,monitor_data.theta_mech
1775245143483,3.649723768234253,monitor_data.theta_mech
1775245143484,3.6493403911590576,monitor_data.theta_mech
1775245143485,3.649723768234253,monitor_data.theta_mech
1775245143486,3.6493403911590576,monitor_data.theta_mech
1775245143487,3.649723768234253,monitor_data.theta_mech
1775245143488,3.650874376296997,monitor_data.theta_mech
1775245143489,3.6501073837280273,monitor_data.theta_mech
1775245143490,3.649723768234253,monitor_data.theta_mech
1775245143491,3.6504907608032227,monitor_data.theta_mech
1775245143492,3.649723768234253,monitor_data.theta_mech
1775245143493,0,monitor_data.speed_ref
1775245143494,0,monitor_data.speed_ref
1775245143495,0,monitor_data.speed_ref
1775245143496,0,monitor_data.speed_ref
1775245143497,0,monitor_data.speed_ref
1775245143498,0,monitor_data.speed_ref
1775245143499,0,monitor_data.speed_ref
1775245143500,0,monitor_data.speed_ref
1775245143501,0,monitor_data.speed_ref
1775245143502,0,monitor_data.speed_ref
1775245143503,0,monitor_data.speed_ref
1775245143504,0,monitor_data.speed_ref
1775245143505,0,monitor_data.speed_ref
1775245143506,0,monitor_data.speed_ref
1775245143507,0,monitor_data.speed_ref
1775245143508,0,monitor_data.speed_ref
1775245143509,0,monitor_data.speed_ref
1775245143510,0,monitor_data.speed_ref
1775245143511,0,monitor_data.speed_ref
1775245143512,0,monitor_data.speed_ref
1775245143513,0,monitor_data.speed_ref
1775245143514,0,monitor_data.speed_ref
1775245143515,0,monitor_data.speed_ref
1775245143516,0,monitor_data.speed_ref
1775245143517,0,monitor_data.speed_ref
1775245143518,0,monitor_data.speed_ref
1775245143519,0,monitor_data.speed_ref
1775245143520,0,monitor_data.speed_ref
1775245143521,0,monitor_data.speed_ref
1775245143522,0,monitor_data.speed_ref
1775245143523,0,monitor_data.speed_ref
1775245143524,0,monitor_data.speed_ref
1775245143525,0,monitor_data.speed_ref
1775245143526,0,monitor_data.speed_ref
1775245143527,0,monitor_data.speed_ref
1775245143528,0,monitor_data.speed_ref
1775245143529,0,monitor_data.speed_ref
1775245143530,0,monitor_data.speed_ref
1775245143531,0,monitor_data.speed_ref
1775245143532,0,monitor_data.speed_ref
1775245143533,0,monitor_data.speed_ref
1775245143534,0,monitor_data.speed_ref
1775245143535,0,monitor_data.speed_ref
1775245143536,0,monitor_data.speed_ref
1775245143537,0,monitor_data.speed_ref
1775245143538,0,monitor_data.speed_ref
1775245143539,0,monitor_data.speed_ref
1775245143540,0,monitor_data.speed_ref
1775245143541,0,monitor_data.speed_ref
1775245143542,0,monitor_data.speed_ref
1775245143493,3.648956775665283,monitor_data.theta_mech
1775245143494,3.6501073837280273,monitor_data.theta_mech
1775245143495,3.649723768234253,monitor_data.theta_mech
1775245143496,3.6501073837280273,monitor_data.theta_mech
1775245143497,3.6493403911590576,monitor_data.theta_mech
1775245143498,3.6501073837280273,monitor_data.theta_mech
1775245143499,3.6504907608032227,monitor_data.theta_mech
1775245143500,3.649723768234253,monitor_data.theta_mech
1775245143501,3.6504907608032227,monitor_data.theta_mech
1775245143502,3.6501073837280273,monitor_data.theta_mech
1775245143503,3.6501073837280273,monitor_data.theta_mech
1775245143504,3.648956775665283,monitor_data.theta_mech
1775245143505,3.6493403911590576,monitor_data.theta_mech
1775245143506,3.649723768234253,monitor_data.theta_mech
1775245143507,3.6501073837280273,monitor_data.theta_mech
1775245143508,3.6504907608032227,monitor_data.theta_mech
1775245143509,3.649723768234253,monitor_data.theta_mech
1775245143510,3.650874376296997,monitor_data.theta_mech
1775245143511,3.6501073837280273,monitor_data.theta_mech
1775245143512,3.6493403911590576,monitor_data.theta_mech
1775245143513,3.6501073837280273,monitor_data.theta_mech
1775245143514,3.6493403911590576,monitor_data.theta_mech
1775245143515,3.649723768234253,monitor_data.theta_mech
1775245143516,3.6501073837280273,monitor_data.theta_mech
1775245143517,3.649723768234253,monitor_data.theta_mech
1775245143518,3.6501073837280273,monitor_data.theta_mech
1775245143519,3.650874376296997,monitor_data.theta_mech
1775245143520,3.6504907608032227,monitor_data.theta_mech
1775245143521,3.649723768234253,monitor_data.theta_mech
1775245143522,3.649723768234253,monitor_data.theta_mech
1775245143523,3.649723768234253,monitor_data.theta_mech
1775245143524,3.650874376296997,monitor_data.theta_mech
1775245143525,3.650874376296997,monitor_data.theta_mech
1775245143526,3.6504907608032227,monitor_data.theta_mech
1775245143527,3.649723768234253,monitor_data.theta_mech
1775245143528,3.649723768234253,monitor_data.theta_mech
1775245143529,3.6501073837280273,monitor_data.theta_mech
1775245143530,3.6504907608032227,monitor_data.theta_mech
1775245143531,3.649723768234253,monitor_data.theta_mech
1775245143532,3.6504907608032227,monitor_data.theta_mech
1775245143533,3.6512577533721924,monitor_data.theta_mech
1775245143534,3.6504907608032227,monitor_data.theta_mech
1775245143535,3.6504907608032227,monitor_data.theta_mech
1775245143536,3.6501073837280273,monitor_data.theta_mech
1775245143537,3.6493403911590576,monitor_data.theta_mech
1775245143538,3.649723768234253,monitor_data.theta_mech
1775245143539,3.6493403911590576,monitor_data.theta_mech
1775245143540,3.6501073837280273,monitor_data.theta_mech
1775245143541,3.6501073837280273,monitor_data.theta_mech
1775245143542,3.649723768234253,monitor_data.theta_mech
1775245143543,0,monitor_data.speed_ref
1775245143544,0,monitor_data.speed_ref
1775245143545,0,monitor_data.speed_ref
1775245143546,0,monitor_data.speed_ref
1775245143547,0,monitor_data.speed_ref
1775245143548,0,monitor_data.speed_ref
1775245143549,0,monitor_data.speed_ref
1775245143550,0,monitor_data.speed_ref
1775245143551,0,monitor_data.speed_ref
1775245143552,0,monitor_data.speed_ref
1775245143553,0,monitor_data.speed_ref
1775245143558,0,monitor_data.speed_ref
1775245143559,0,monitor_data.speed_ref
1775245143560,0,monitor_data.speed_ref
1775245143561,0,monitor_data.speed_ref
1775245143561,0,monitor_data.speed_ref
1775245143562,0,monitor_data.speed_ref
1775245143563,0,monitor_data.speed_ref
1775245143564,0,monitor_data.speed_ref
1775245143564,0,monitor_data.speed_ref
1775245143565,0,monitor_data.speed_ref
1775245143566,0,monitor_data.speed_ref
1775245143567,0,monitor_data.speed_ref
1775245143567,0,monitor_data.speed_ref
1775245143568,0,monitor_data.speed_ref
1775245143569,0,monitor_data.speed_ref
1775245143570,0,monitor_data.speed_ref
1775245143571,0,monitor_data.speed_ref
1775245143572,0,monitor_data.speed_ref
1775245143572,0,monitor_data.speed_ref
1775245143573,0,monitor_data.speed_ref
1775245143574,0,monitor_data.speed_ref
1775245143575,0,monitor_data.speed_ref
1775245143576,0,monitor_data.speed_ref
1775245143577,0,monitor_data.speed_ref
1775245143578,0,monitor_data.speed_ref
1775245143579,0,monitor_data.speed_ref
1775245143580,0,monitor_data.speed_ref
1775245143581,0,monitor_data.speed_ref
1775245143582,0,monitor_data.speed_ref
1775245143583,0,monitor_data.speed_ref
1775245143584,0,monitor_data.speed_ref
1775245143585,0,monitor_data.speed_ref
1775245143586,0,monitor_data.speed_ref
1775245143587,0,monitor_data.speed_ref
1775245143588,0,monitor_data.speed_ref
1775245143589,0,monitor_data.speed_ref
1775245143590,0,monitor_data.speed_ref
1775245143591,0,monitor_data.speed_ref
1775245143543,3.649723768234253,monitor_data.theta_mech
1775245143544,3.649723768234253,monitor_data.theta_mech
1775245143545,3.6501073837280273,monitor_data.theta_mech
1775245143546,3.6512577533721924,monitor_data.theta_mech
1775245143547,3.648956775665283,monitor_data.theta_mech
1775245143548,3.650874376296997,monitor_data.theta_mech
1775245143549,3.6501073837280273,monitor_data.theta_mech
1775245143550,3.650874376296997,monitor_data.theta_mech
1775245143551,3.650874376296997,monitor_data.theta_mech
1775245143552,3.6512577533721924,monitor_data.theta_mech
1775245143553,3.6501073837280273,monitor_data.theta_mech
1775245143558,3.649723768234253,monitor_data.theta_mech
1775245143559,3.649723768234253,monitor_data.theta_mech
1775245143560,3.649723768234253,monitor_data.theta_mech
1775245143561,3.6501073837280273,monitor_data.theta_mech
1775245143561,3.6501073837280273,monitor_data.theta_mech
1775245143562,3.6504907608032227,monitor_data.theta_mech
1775245143563,3.649723768234253,monitor_data.theta_mech
1775245143564,3.650874376296997,monitor_data.theta_mech
1775245143564,3.6493403911590576,monitor_data.theta_mech
1775245143565,3.651641368865967,monitor_data.theta_mech
1775245143566,3.6504907608032227,monitor_data.theta_mech
1775245143567,3.650874376296997,monitor_data.theta_mech
1775245143567,3.650874376296997,monitor_data.theta_mech
1775245143568,3.6512577533721924,monitor_data.theta_mech
1775245143569,3.6501073837280273,monitor_data.theta_mech
1775245143570,3.649723768234253,monitor_data.theta_mech
1775245143571,3.6501073837280273,monitor_data.theta_mech
1775245143572,3.6493403911590576,monitor_data.theta_mech
1775245143572,3.649723768234253,monitor_data.theta_mech
1775245143573,3.6504907608032227,monitor_data.theta_mech
1775245143574,3.6493403911590576,monitor_data.theta_mech
1775245143575,3.649723768234253,monitor_data.theta_mech
1775245143576,3.6504907608032227,monitor_data.theta_mech
1775245143577,3.6504907608032227,monitor_data.theta_mech
1775245143578,3.650874376296997,monitor_data.theta_mech
1775245143579,3.649723768234253,monitor_data.theta_mech
1775245143580,3.649723768234253,monitor_data.theta_mech
1775245143581,3.6512577533721924,monitor_data.theta_mech
1775245143582,3.6501073837280273,monitor_data.theta_mech
1775245143583,3.649723768234253,monitor_data.theta_mech
1775245143584,3.649723768234253,monitor_data.theta_mech
1775245143585,3.6512577533721924,monitor_data.theta_mech
1775245143586,3.6501073837280273,monitor_data.theta_mech
1775245143587,3.649723768234253,monitor_data.theta_mech
1775245143588,3.650874376296997,monitor_data.theta_mech
1775245143589,3.649723768234253,monitor_data.theta_mech
1775245143590,3.648956775665283,monitor_data.theta_mech
1775245143591,3.649723768234253,monitor_data.theta_mech
1775245143592,0,monitor_data.speed_ref
1775245143593,0,monitor_data.speed_ref
1775245143594,0,monitor_data.speed_ref
1775245143595,0,monitor_data.speed_ref
1775245143596,0,monitor_data.speed_ref
1775245143597,0,monitor_data.speed_ref
1775245143598,0,monitor_data.speed_ref
1775245143599,0,monitor_data.speed_ref
1775245143600,0,monitor_data.speed_ref
1775245143601,0,monitor_data.speed_ref
1775245143602,0,monitor_data.speed_ref
1775245143603,0,monitor_data.speed_ref
1775245143604,0,monitor_data.speed_ref
1775245143605,0,monitor_data.speed_ref
1775245143606,0,monitor_data.speed_ref
1775245143607,0,monitor_data.speed_ref
1775245143608,0,monitor_data.speed_ref
1775245143609,0,monitor_data.speed_ref
1775245143610,0,monitor_data.speed_ref
1775245143611,0,monitor_data.speed_ref
1775245143612,0,monitor_data.speed_ref
1775245143613,0,monitor_data.speed_ref
1775245143614,0,monitor_data.speed_ref
1775245143615,0,monitor_data.speed_ref
1775245143616,0,monitor_data.speed_ref
1775245143617,0,monitor_data.speed_ref
1775245143618,0,monitor_data.speed_ref
1775245143619,0,monitor_data.speed_ref
1775245143620,0,monitor_data.speed_ref
1775245143621,0,monitor_data.speed_ref
1775245143622,0,monitor_data.speed_ref
1775245143623,0,monitor_data.speed_ref
1775245143624,0,monitor_data.speed_ref
1775245143625,0,monitor_data.speed_ref
1775245143626,0,monitor_data.speed_ref
1775245143627,0,monitor_data.speed_ref
1775245143628,0,monitor_data.speed_ref
1775245143629,0,monitor_data.speed_ref
1775245143630,0,monitor_data.speed_ref
1775245143631,0,monitor_data.speed_ref
1775245143632,0,monitor_data.speed_ref
1775245143633,0,monitor_data.speed_ref
1775245143634,0,monitor_data.speed_ref
1775245143635,0,monitor_data.speed_ref
1775245143636,0,monitor_data.speed_ref
1775245143637,0,monitor_data.speed_ref
1775245143638,0,monitor_data.speed_ref
1775245143639,0,monitor_data.speed_ref
1775245143640,0,monitor_data.speed_ref
1775245143641,0,monitor_data.speed_ref
1775245143592,3.6512577533721924,monitor_data.theta_mech
1775245143593,3.6504907608032227,monitor_data.theta_mech
1775245143594,3.649723768234253,monitor_data.theta_mech
1775245143595,3.6504907608032227,monitor_data.theta_mech
1775245143596,3.6501073837280273,monitor_data.theta_mech
1775245143597,3.6493403911590576,monitor_data.theta_mech
1775245143598,3.649723768234253,monitor_data.theta_mech
1775245143599,3.6501073837280273,monitor_data.theta_mech
1775245143600,3.6512577533721924,monitor_data.theta_mech
1775245143601,3.649723768234253,monitor_data.theta_mech
1775245143602,3.6504907608032227,monitor_data.theta_mech
1775245143603,3.650874376296997,monitor_data.theta_mech
1775245143604,3.6501073837280273,monitor_data.theta_mech
1775245143605,3.650874376296997,monitor_data.theta_mech
1775245143606,3.6493403911590576,monitor_data.theta_mech
1775245143607,3.6504907608032227,monitor_data.theta_mech
1775245143608,3.6501073837280273,monitor_data.theta_mech
1775245143609,3.6501073837280273,monitor_data.theta_mech
1775245143610,3.6501073837280273,monitor_data.theta_mech
1775245143611,3.6501073837280273,monitor_data.theta_mech
1775245143612,3.648956775665283,monitor_data.theta_mech
1775245143613,3.650874376296997,monitor_data.theta_mech
1775245143614,3.649723768234253,monitor_data.theta_mech
1775245143615,3.6501073837280273,monitor_data.theta_mech
1775245143616,3.6501073837280273,monitor_data.theta_mech
1775245143617,3.650874376296997,monitor_data.theta_mech
1775245143618,3.6501073837280273,monitor_data.theta_mech
1775245143619,3.6501073837280273,monitor_data.theta_mech
1775245143620,3.649723768234253,monitor_data.theta_mech
1775245143621,3.649723768234253,monitor_data.theta_mech
1775245143622,3.6512577533721924,monitor_data.theta_mech
1775245143623,3.6501073837280273,monitor_data.theta_mech
1775245143624,3.650874376296997,monitor_data.theta_mech
1775245143625,3.6501073837280273,monitor_data.theta_mech
1775245143626,3.6501073837280273,monitor_data.theta_mech
1775245143627,3.649723768234253,monitor_data.theta_mech
1775245143628,3.6501073837280273,monitor_data.theta_mech
1775245143629,3.6501073837280273,monitor_data.theta_mech
1775245143630,3.6504907608032227,monitor_data.theta_mech
1775245143631,3.6504907608032227,monitor_data.theta_mech
1775245143632,3.6501073837280273,monitor_data.theta_mech
1775245143633,3.6493403911590576,monitor_data.theta_mech
1775245143634,3.649723768234253,monitor_data.theta_mech
1775245143635,3.6504907608032227,monitor_data.theta_mech
1775245143636,3.6501073837280273,monitor_data.theta_mech
1775245143637,3.6504907608032227,monitor_data.theta_mech
1775245143638,3.6501073837280273,monitor_data.theta_mech
1775245143639,3.649723768234253,monitor_data.theta_mech
1775245143640,3.6501073837280273,monitor_data.theta_mech
1775245143641,3.6512577533721924,monitor_data.theta_mech
1775245143642,0,monitor_data.speed_ref
1775245143643,0,monitor_data.speed_ref
1775245143644,0,monitor_data.speed_ref
1775245143645,0,monitor_data.speed_ref
1775245143646,0,monitor_data.speed_ref
1775245143647,0,monitor_data.speed_ref
1775245143648,0,monitor_data.speed_ref
1775245143649,0,monitor_data.speed_ref
1775245143650,0,monitor_data.speed_ref
1775245143651,0,monitor_data.speed_ref
1775245143652,0,monitor_data.speed_ref
1775245143653,0,monitor_data.speed_ref
1775245143654,0,monitor_data.speed_ref
1775245143655,0,monitor_data.speed_ref
1775245143656,0,monitor_data.speed_ref
1775245143657,0,monitor_data.speed_ref
1775245143658,0,monitor_data.speed_ref
1775245143659,0,monitor_data.speed_ref
1775245143660,0,monitor_data.speed_ref
1775245143661,0,monitor_data.speed_ref
1775245143662,0,monitor_data.speed_ref
1775245143663,0,monitor_data.speed_ref
1775245143664,0,monitor_data.speed_ref
1775245143665,0,monitor_data.speed_ref
1775245143666,0,monitor_data.speed_ref
1775245143667,0,monitor_data.speed_ref
1775245143668,0,monitor_data.speed_ref
1775245143669,0,monitor_data.speed_ref
1775245143670,0,monitor_data.speed_ref
1775245143671,0,monitor_data.speed_ref
1775245143672,0,monitor_data.speed_ref
1775245143673,0,monitor_data.speed_ref
1775245143674,0,monitor_data.speed_ref
1775245143675,0,monitor_data.speed_ref
1775245143676,0,monitor_data.speed_ref
1775245143677,0,monitor_data.speed_ref
1775245143678,0,monitor_data.speed_ref
1775245143679,0,monitor_data.speed_ref
1775245143680,0,monitor_data.speed_ref
1775245143681,0,monitor_data.speed_ref
1775245143682,0,monitor_data.speed_ref
1775245143683,0,monitor_data.speed_ref
1775245143684,0,monitor_data.speed_ref
1775245143685,0,monitor_data.speed_ref
1775245143686,0,monitor_data.speed_ref
1775245143687,0,monitor_data.speed_ref
1775245143688,0,monitor_data.speed_ref
1775245143689,0,monitor_data.speed_ref
1775245143690,0,monitor_data.speed_ref
1775245143691,0,monitor_data.speed_ref
1775245143692,0,monitor_data.speed_ref
1775245143642,3.6501073837280273,monitor_data.theta_mech
1775245143643,3.650874376296997,monitor_data.theta_mech
1775245143644,3.6493403911590576,monitor_data.theta_mech
1775245143645,3.6504907608032227,monitor_data.theta_mech
1775245143646,3.651641368865967,monitor_data.theta_mech
1775245143647,3.6504907608032227,monitor_data.theta_mech
1775245143648,3.650874376296997,monitor_data.theta_mech
1775245143649,3.6501073837280273,monitor_data.theta_mech
1775245143650,3.6504907608032227,monitor_data.theta_mech
1775245143651,3.649723768234253,monitor_data.theta_mech
1775245143652,3.6504907608032227,monitor_data.theta_mech
1775245143653,3.649723768234253,monitor_data.theta_mech
1775245143654,3.650874376296997,monitor_data.theta_mech
1775245143655,3.6501073837280273,monitor_data.theta_mech
1775245143656,3.648956775665283,monitor_data.theta_mech
1775245143657,3.6493403911590576,monitor_data.theta_mech
1775245143658,3.6501073837280273,monitor_data.theta_mech
1775245143659,3.6493403911590576,monitor_data.theta_mech
1775245143660,3.649723768234253,monitor_data.theta_mech
1775245143661,3.6501073837280273,monitor_data.theta_mech
1775245143662,3.649723768234253,monitor_data.theta_mech
1775245143663,3.650874376296997,monitor_data.theta_mech
1775245143664,3.6504907608032227,monitor_data.theta_mech
1775245143665,3.6504907608032227,monitor_data.theta_mech
1775245143666,3.6501073837280273,monitor_data.theta_mech
1775245143667,3.649723768234253,monitor_data.theta_mech
1775245143668,3.6504907608032227,monitor_data.theta_mech
1775245143669,3.649723768234253,monitor_data.theta_mech
1775245143670,3.649723768234253,monitor_data.theta_mech
1775245143671,3.648573398590088,monitor_data.theta_mech
1775245143672,3.6504907608032227,monitor_data.theta_mech
1775245143673,3.650874376296997,monitor_data.theta_mech
1775245143674,3.6493403911590576,monitor_data.theta_mech
1775245143675,3.6501073837280273,monitor_data.theta_mech
1775245143676,3.648956775665283,monitor_data.theta_mech
1775245143677,3.6501073837280273,monitor_data.theta_mech
1775245143678,3.6501073837280273,monitor_data.theta_mech
1775245143679,3.650874376296997,monitor_data.theta_mech
1775245143680,3.6504907608032227,monitor_data.theta_mech
1775245143681,3.649723768234253,monitor_data.theta_mech
1775245143682,3.649723768234253,monitor_data.theta_mech
1775245143683,3.6504907608032227,monitor_data.theta_mech
1775245143684,3.6504907608032227,monitor_data.theta_mech
1775245143685,3.6501073837280273,monitor_data.theta_mech
1775245143686,3.649723768234253,monitor_data.theta_mech
1775245143687,3.649723768234253,monitor_data.theta_mech
1775245143688,3.649723768234253,monitor_data.theta_mech
1775245143689,3.6501073837280273,monitor_data.theta_mech
1775245143690,3.649723768234253,monitor_data.theta_mech
1775245143691,3.6493403911590576,monitor_data.theta_mech
1775245143692,3.6501073837280273,monitor_data.theta_mech
1775245143693,0,monitor_data.speed_ref
1775245143694,0,monitor_data.speed_ref
1775245143695,0,monitor_data.speed_ref
1775245143696,0,monitor_data.speed_ref
1775245143697,0,monitor_data.speed_ref
1775245143698,0,monitor_data.speed_ref
1775245143699,0,monitor_data.speed_ref
1775245143700,0,monitor_data.speed_ref
1775245143701,0,monitor_data.speed_ref
1775245143702,0,monitor_data.speed_ref
1775245143703,0,monitor_data.speed_ref
1775245143704,0,monitor_data.speed_ref
1775245143705,0,monitor_data.speed_ref
1775245143706,0,monitor_data.speed_ref
1775245143707,0,monitor_data.speed_ref
1775245143708,0,monitor_data.speed_ref
1775245143709,0,monitor_data.speed_ref
1775245143710,0,monitor_data.speed_ref
1775245143711,0,monitor_data.speed_ref
1775245143712,0,monitor_data.speed_ref
1775245143713,0,monitor_data.speed_ref
1775245143714,0,monitor_data.speed_ref
1775245143715,0,monitor_data.speed_ref
1775245143716,0,monitor_data.speed_ref
1775245143717,0,monitor_data.speed_ref
1775245143718,0,monitor_data.speed_ref
1775245143719,0,monitor_data.speed_ref
1775245143720,0,monitor_data.speed_ref
1775245143721,0,monitor_data.speed_ref
1775245143722,0,monitor_data.speed_ref
1775245143723,0,monitor_data.speed_ref
1775245143724,0,monitor_data.speed_ref
1775245143725,0,monitor_data.speed_ref
1775245143726,0,monitor_data.speed_ref
1775245143727,0,monitor_data.speed_ref
1775245143728,0,monitor_data.speed_ref
1775245143729,0,monitor_data.speed_ref
1775245143730,0,monitor_data.speed_ref
1775245143731,0,monitor_data.speed_ref
1775245143732,0,monitor_data.speed_ref
1775245143733,0,monitor_data.speed_ref
1775245143734,0,monitor_data.speed_ref
1775245143735,0,monitor_data.speed_ref
1775245143736,0,monitor_data.speed_ref
1775245143737,0,monitor_data.speed_ref
1775245143738,0,monitor_data.speed_ref
1775245143739,0,monitor_data.speed_ref
1775245143740,0,monitor_data.speed_ref
1775245143693,3.649723768234253,monitor_data.theta_mech
1775245143694,3.648956775665283,monitor_data.theta_mech
1775245143695,3.649723768234253,monitor_data.theta_mech
1775245143696,3.649723768234253,monitor_data.theta_mech
1775245143697,3.6493403911590576,monitor_data.theta_mech
1775245143698,3.650874376296997,monitor_data.theta_mech
1775245143699,3.6501073837280273,monitor_data.theta_mech
1775245143700,3.6501073837280273,monitor_data.theta_mech
1775245143701,3.649723768234253,monitor_data.theta_mech
1775245143702,3.648956775665283,monitor_data.theta_mech
1775245143703,3.6512577533721924,monitor_data.theta_mech
1775245143704,3.650874376296997,monitor_data.theta_mech
1775245143705,3.6504907608032227,monitor_data.theta_mech
1775245143706,3.6504907608032227,monitor_data.theta_mech
1775245143707,3.649723768234253,monitor_data.theta_mech
1775245143708,3.650874376296997,monitor_data.theta_mech
1775245143709,3.650874376296997,monitor_data.theta_mech
1775245143710,3.6504907608032227,monitor_data.theta_mech
1775245143711,3.649723768234253,monitor_data.theta_mech
1775245143712,3.649723768234253,monitor_data.theta_mech
1775245143713,3.648956775665283,monitor_data.theta_mech
1775245143714,3.6493403911590576,monitor_data.theta_mech
1775245143715,3.6493403911590576,monitor_data.theta_mech
1775245143716,3.648956775665283,monitor_data.theta_mech
1775245143717,3.649723768234253,monitor_data.theta_mech
1775245143718,3.650874376296997,monitor_data.theta_mech
1775245143719,3.6504907608032227,monitor_data.theta_mech
1775245143720,3.6504907608032227,monitor_data.theta_mech
1775245143721,3.6501073837280273,monitor_data.theta_mech
1775245143722,3.649723768234253,monitor_data.theta_mech
1775245143723,3.649723768234253,monitor_data.theta_mech
1775245143724,3.650874376296997,monitor_data.theta_mech
1775245143725,3.6493403911590576,monitor_data.theta_mech
1775245143726,3.6504907608032227,monitor_data.theta_mech
1775245143727,3.6504907608032227,monitor_data.theta_mech
1775245143728,3.6501073837280273,monitor_data.theta_mech
1775245143729,3.649723768234253,monitor_data.theta_mech
1775245143730,3.6501073837280273,monitor_data.theta_mech
1775245143731,3.6493403911590576,monitor_data.theta_mech
1775245143732,3.648956775665283,monitor_data.theta_mech
1775245143733,3.6501073837280273,monitor_data.theta_mech
1775245143734,3.6501073837280273,monitor_data.theta_mech
1775245143735,3.648956775665283,monitor_data.theta_mech
1775245143736,3.6501073837280273,monitor_data.theta_mech
1775245143737,3.6501073837280273,monitor_data.theta_mech
1775245143738,3.6504907608032227,monitor_data.theta_mech
1775245143739,3.6504907608032227,monitor_data.theta_mech
1775245143740,3.650874376296997,monitor_data.theta_mech
1775245143741,0,monitor_data.speed_ref
1775245143742,0,monitor_data.speed_ref
1775245143743,0,monitor_data.speed_ref
1775245143744,0,monitor_data.speed_ref
1775245143745,0,monitor_data.speed_ref
1775245143746,0,monitor_data.speed_ref
1775245143747,0,monitor_data.speed_ref
1775245143748,0,monitor_data.speed_ref
1775245143749,0,monitor_data.speed_ref
1775245143750,0,monitor_data.speed_ref
1775245143751,0,monitor_data.speed_ref
1775245143752,0,monitor_data.speed_ref
1775245143753,0,monitor_data.speed_ref
1775245143754,0,monitor_data.speed_ref
1775245143755,0,monitor_data.speed_ref
1775245143756,0,monitor_data.speed_ref
1775245143757,0,monitor_data.speed_ref
1775245143758,0,monitor_data.speed_ref
1775245143759,0,monitor_data.speed_ref
1775245143760,0,monitor_data.speed_ref
1775245143761,0,monitor_data.speed_ref
1775245143762,0,monitor_data.speed_ref
1775245143763,0,monitor_data.speed_ref
1775245143764,0,monitor_data.speed_ref
1775245143765,0,monitor_data.speed_ref
1775245143766,0,monitor_data.speed_ref
1775245143767,0,monitor_data.speed_ref
1775245143768,0,monitor_data.speed_ref
1775245143769,0,monitor_data.speed_ref
1775245143770,0,monitor_data.speed_ref
1775245143771,0,monitor_data.speed_ref
1775245143772,0,monitor_data.speed_ref
1775245143773,0,monitor_data.speed_ref
1775245143774,0,monitor_data.speed_ref
1775245143775,0,monitor_data.speed_ref
1775245143776,0,monitor_data.speed_ref
1775245143777,0,monitor_data.speed_ref
1775245143778,0,monitor_data.speed_ref
1775245143779,0,monitor_data.speed_ref
1775245143780,0,monitor_data.speed_ref
1775245143781,0,monitor_data.speed_ref
1775245143782,0,monitor_data.speed_ref
1775245143783,0,monitor_data.speed_ref
1775245143784,0,monitor_data.speed_ref
1775245143785,0,monitor_data.speed_ref
1775245143786,0,monitor_data.speed_ref
1775245143787,0,monitor_data.speed_ref
1775245143788,0,monitor_data.speed_ref
1775245143789,0,monitor_data.speed_ref
1775245143790,0,monitor_data.speed_ref
1775245143791,0,monitor_data.speed_ref
1775245143792,0,monitor_data.speed_ref
1775245143741,3.6501073837280273,monitor_data.theta_mech
1775245143742,3.6501073837280273,monitor_data.theta_mech
1775245143743,3.6504907608032227,monitor_data.theta_mech
1775245143744,3.6504907608032227,monitor_data.theta_mech
1775245143745,3.6501073837280273,monitor_data.theta_mech
1775245143746,3.6501073837280273,monitor_data.theta_mech
1775245143747,3.6501073837280273,monitor_data.theta_mech
1775245143748,3.6501073837280273,monitor_data.theta_mech
1775245143749,3.6501073837280273,monitor_data.theta_mech
1775245143750,3.649723768234253,monitor_data.theta_mech
1775245143751,3.650874376296997,monitor_data.theta_mech
1775245143752,3.6501073837280273,monitor_data.theta_mech
1775245143753,3.649723768234253,monitor_data.theta_mech
1775245143754,3.6504907608032227,monitor_data.theta_mech
1775245143755,3.6504907608032227,monitor_data.theta_mech
1775245143756,3.6501073837280273,monitor_data.theta_mech
1775245143757,3.6512577533721924,monitor_data.theta_mech
1775245143758,3.649723768234253,monitor_data.theta_mech
1775245143759,3.6504907608032227,monitor_data.theta_mech
1775245143760,3.6493403911590576,monitor_data.theta_mech
1775245143761,3.6501073837280273,monitor_data.theta_mech
1775245143762,3.6504907608032227,monitor_data.theta_mech
1775245143763,3.649723768234253,monitor_data.theta_mech
1775245143764,3.6493403911590576,monitor_data.theta_mech
1775245143765,3.649723768234253,monitor_data.theta_mech
1775245143766,3.649723768234253,monitor_data.theta_mech
1775245143767,3.6501073837280273,monitor_data.theta_mech
1775245143768,3.6493403911590576,monitor_data.theta_mech
1775245143769,3.6504907608032227,monitor_data.theta_mech
1775245143770,3.649723768234253,monitor_data.theta_mech
1775245143771,3.649723768234253,monitor_data.theta_mech
1775245143772,3.6504907608032227,monitor_data.theta_mech
1775245143773,3.6512577533721924,monitor_data.theta_mech
1775245143774,3.6493403911590576,monitor_data.theta_mech
1775245143775,3.649723768234253,monitor_data.theta_mech
1775245143776,3.6504907608032227,monitor_data.theta_mech
1775245143777,3.650874376296997,monitor_data.theta_mech
1775245143778,3.650874376296997,monitor_data.theta_mech
1775245143779,3.648956775665283,monitor_data.theta_mech
1775245143780,3.6504907608032227,monitor_data.theta_mech
1775245143781,3.6501073837280273,monitor_data.theta_mech
1775245143782,3.6501073837280273,monitor_data.theta_mech
1775245143783,3.6501073837280273,monitor_data.theta_mech
1775245143784,3.6504907608032227,monitor_data.theta_mech
1775245143785,3.6504907608032227,monitor_data.theta_mech
1775245143786,3.6501073837280273,monitor_data.theta_mech
1775245143787,3.6501073837280273,monitor_data.theta_mech
1775245143788,3.6501073837280273,monitor_data.theta_mech
1775245143789,3.649723768234253,monitor_data.theta_mech
1775245143790,3.6501073837280273,monitor_data.theta_mech
1775245143791,3.6501073837280273,monitor_data.theta_mech
1775245143792,3.6504907608032227,monitor_data.theta_mech
1775245143793,0,monitor_data.speed_ref
1775245143794,0,monitor_data.speed_ref
1775245143795,0,monitor_data.speed_ref
1775245143796,0,monitor_data.speed_ref
1775245143797,0,monitor_data.speed_ref
1775245143798,0,monitor_data.speed_ref
1775245143799,0,monitor_data.speed_ref
1775245143800,0,monitor_data.speed_ref
1775245143801,0,monitor_data.speed_ref
1775245143802,0,monitor_data.speed_ref
1775245143803,0,monitor_data.speed_ref
1775245143804,0,monitor_data.speed_ref
1775245143805,0,monitor_data.speed_ref
1775245143806,0,monitor_data.speed_ref
1775245143807,0,monitor_data.speed_ref
1775245143808,0,monitor_data.speed_ref
1775245143809,0,monitor_data.speed_ref
1775245143810,0,monitor_data.speed_ref
1775245143811,0,monitor_data.speed_ref
1775245143812,0,monitor_data.speed_ref
1775245143813,0,monitor_data.speed_ref
1775245143814,0,monitor_data.speed_ref
1775245143815,0,monitor_data.speed_ref
1775245143816,0,monitor_data.speed_ref
1775245143817,0,monitor_data.speed_ref
1775245143818,0,monitor_data.speed_ref
1775245143819,0,monitor_data.speed_ref
1775245143820,0,monitor_data.speed_ref
1775245143821,0,monitor_data.speed_ref
1775245143822,0,monitor_data.speed_ref
1775245143823,0,monitor_data.speed_ref
1775245143824,0,monitor_data.speed_ref
1775245143825,0,monitor_data.speed_ref
1775245143826,0,monitor_data.speed_ref
1775245143827,0,monitor_data.speed_ref
1775245143828,0,monitor_data.speed_ref
1775245143829,0,monitor_data.speed_ref
1775245143830,0,monitor_data.speed_ref
1775245143831,0,monitor_data.speed_ref
1775245143832,0,monitor_data.speed_ref
1775245143833,0,monitor_data.speed_ref
1775245143834,0,monitor_data.speed_ref
1775245143835,0,monitor_data.speed_ref
1775245143836,0,monitor_data.speed_ref
1775245143837,0,monitor_data.speed_ref
1775245143838,0,monitor_data.speed_ref
1775245143839,0,monitor_data.speed_ref
1775245143840,0,monitor_data.speed_ref
1775245143841,0,monitor_data.speed_ref
1775245143842,0,monitor_data.speed_ref
1775245143793,3.6501073837280273,monitor_data.theta_mech
1775245143794,3.649723768234253,monitor_data.theta_mech
1775245143795,3.648956775665283,monitor_data.theta_mech
1775245143796,3.6501073837280273,monitor_data.theta_mech
1775245143797,3.650874376296997,monitor_data.theta_mech
1775245143798,3.6504907608032227,monitor_data.theta_mech
1775245143799,3.6512577533721924,monitor_data.theta_mech
1775245143800,3.6501073837280273,monitor_data.theta_mech
1775245143801,3.649723768234253,monitor_data.theta_mech
1775245143802,3.6512577533721924,monitor_data.theta_mech
1775245143803,3.6504907608032227,monitor_data.theta_mech
1775245143804,3.6493403911590576,monitor_data.theta_mech
1775245143805,3.649723768234253,monitor_data.theta_mech
1775245143806,3.6504907608032227,monitor_data.theta_mech
1775245143807,3.6504907608032227,monitor_data.theta_mech
1775245143808,3.6493403911590576,monitor_data.theta_mech
1775245143809,3.6501073837280273,monitor_data.theta_mech
1775245143810,3.6504907608032227,monitor_data.theta_mech
1775245143811,3.649723768234253,monitor_data.theta_mech
1775245143812,3.6512577533721924,monitor_data.theta_mech
1775245143813,3.6493403911590576,monitor_data.theta_mech
1775245143814,3.6501073837280273,monitor_data.theta_mech
1775245143815,3.6493403911590576,monitor_data.theta_mech
1775245143816,3.649723768234253,monitor_data.theta_mech
1775245143817,3.648956775665283,monitor_data.theta_mech
1775245143818,3.6501073837280273,monitor_data.theta_mech
1775245143819,3.6501073837280273,monitor_data.theta_mech
1775245143820,3.649723768234253,monitor_data.theta_mech
1775245143821,3.649723768234253,monitor_data.theta_mech
1775245143822,3.649723768234253,monitor_data.theta_mech
1775245143823,3.6501073837280273,monitor_data.theta_mech
1775245143824,3.6512577533721924,monitor_data.theta_mech
1775245143825,3.649723768234253,monitor_data.theta_mech
1775245143826,3.6501073837280273,monitor_data.theta_mech
1775245143827,3.6493403911590576,monitor_data.theta_mech
1775245143828,3.650874376296997,monitor_data.theta_mech
1775245143829,3.6504907608032227,monitor_data.theta_mech
1775245143830,3.650874376296997,monitor_data.theta_mech
1775245143831,3.6504907608032227,monitor_data.theta_mech
1775245143832,3.650874376296997,monitor_data.theta_mech
1775245143833,3.6501073837280273,monitor_data.theta_mech
1775245143834,3.6501073837280273,monitor_data.theta_mech
1775245143835,3.648956775665283,monitor_data.theta_mech
1775245143836,3.6493403911590576,monitor_data.theta_mech
1775245143837,3.648956775665283,monitor_data.theta_mech
1775245143838,3.6504907608032227,monitor_data.theta_mech
1775245143839,3.649723768234253,monitor_data.theta_mech
1775245143840,3.6501073837280273,monitor_data.theta_mech
1775245143841,3.649723768234253,monitor_data.theta_mech
1775245143842,3.6504907608032227,monitor_data.theta_mech
1775245143843,0,monitor_data.speed_ref
1775245143844,0,monitor_data.speed_ref
1775245143845,0,monitor_data.speed_ref
1775245143846,0,monitor_data.speed_ref
1775245143847,0,monitor_data.speed_ref
1775245143848,0,monitor_data.speed_ref
1775245143849,0,monitor_data.speed_ref
1775245143850,0,monitor_data.speed_ref
1775245143851,0,monitor_data.speed_ref
1775245143852,0,monitor_data.speed_ref
1775245143853,0,monitor_data.speed_ref
1775245143854,0,monitor_data.speed_ref
1775245143855,0,monitor_data.speed_ref
1775245143856,0,monitor_data.speed_ref
1775245143857,0,monitor_data.speed_ref
1775245143858,0,monitor_data.speed_ref
1775245143859,0,monitor_data.speed_ref
1775245143860,0,monitor_data.speed_ref
1775245143861,0,monitor_data.speed_ref
1775245143862,0,monitor_data.speed_ref
1775245143863,0,monitor_data.speed_ref
1775245143864,0,monitor_data.speed_ref
1775245143865,0,monitor_data.speed_ref
1775245143866,0,monitor_data.speed_ref
1775245143867,0,monitor_data.speed_ref
1775245143868,0,monitor_data.speed_ref
1775245143869,0,monitor_data.speed_ref
1775245143870,0,monitor_data.speed_ref
1775245143871,0,monitor_data.speed_ref
1775245143872,0,monitor_data.speed_ref
1775245143873,0,monitor_data.speed_ref
1775245143874,0,monitor_data.speed_ref
1775245143875,0,monitor_data.speed_ref
1775245143876,0,monitor_data.speed_ref
1775245143877,0,monitor_data.speed_ref
1775245143878,0,monitor_data.speed_ref
1775245143879,0,monitor_data.speed_ref
1775245143880,0,monitor_data.speed_ref
1775245143881,0,monitor_data.speed_ref
1775245143882,0,monitor_data.speed_ref
1775245143883,0,monitor_data.speed_ref
1775245143884,0,monitor_data.speed_ref
1775245143885,0,monitor_data.speed_ref
1775245143886,0,monitor_data.speed_ref
1775245143887,0,monitor_data.speed_ref
1775245143888,0,monitor_data.speed_ref
1775245143889,0,monitor_data.speed_ref
1775245143890,0,monitor_data.speed_ref
1775245143891,0,monitor_data.speed_ref
1775245143892,0,monitor_data.speed_ref
1775245143893,0,monitor_data.speed_ref
1775245143894,0,monitor_data.speed_ref
1775245143843,3.6501073837280273,monitor_data.theta_mech
1775245143844,3.6512577533721924,monitor_data.theta_mech
1775245143845,3.6504907608032227,monitor_data.theta_mech
1775245143846,3.6504907608032227,monitor_data.theta_mech
1775245143847,3.6501073837280273,monitor_data.theta_mech
1775245143848,3.6501073837280273,monitor_data.theta_mech
1775245143849,3.6501073837280273,monitor_data.theta_mech
1775245143850,3.649723768234253,monitor_data.theta_mech
1775245143851,3.6512577533721924,monitor_data.theta_mech
1775245143852,3.6504907608032227,monitor_data.theta_mech
1775245143853,3.6504907608032227,monitor_data.theta_mech
1775245143854,3.649723768234253,monitor_data.theta_mech
1775245143855,3.6504907608032227,monitor_data.theta_mech
1775245143856,3.6501073837280273,monitor_data.theta_mech
1775245143857,3.6504907608032227,monitor_data.theta_mech
1775245143858,3.649723768234253,monitor_data.theta_mech
1775245143859,3.6501073837280273,monitor_data.theta_mech
1775245143860,3.6501073837280273,monitor_data.theta_mech
1775245143861,3.6504907608032227,monitor_data.theta_mech
1775245143862,3.6501073837280273,monitor_data.theta_mech
1775245143863,3.649723768234253,monitor_data.theta_mech
1775245143864,3.649723768234253,monitor_data.theta_mech
1775245143865,3.6493403911590576,monitor_data.theta_mech
1775245143866,3.6504907608032227,monitor_data.theta_mech
1775245143867,3.650874376296997,monitor_data.theta_mech
1775245143868,3.6501073837280273,monitor_data.theta_mech
1775245143869,3.6501073837280273,monitor_data.theta_mech
1775245143870,3.6504907608032227,monitor_data.theta_mech
1775245143871,3.649723768234253,monitor_data.theta_mech
1775245143872,3.648956775665283,monitor_data.theta_mech
1775245143873,3.649723768234253,monitor_data.theta_mech
1775245143874,3.6504907608032227,monitor_data.theta_mech
1775245143875,3.6501073837280273,monitor_data.theta_mech
1775245143876,3.650874376296997,monitor_data.theta_mech
1775245143877,3.6493403911590576,monitor_data.theta_mech
1775245143878,3.6504907608032227,monitor_data.theta_mech
1775245143879,3.649723768234253,monitor_data.theta_mech
1775245143880,3.6504907608032227,monitor_data.theta_mech
1775245143881,3.6504907608032227,monitor_data.theta_mech
1775245143882,3.6501073837280273,monitor_data.theta_mech
1775245143883,3.6493403911590576,monitor_data.theta_mech
1775245143884,3.649723768234253,monitor_data.theta_mech
1775245143885,3.650874376296997,monitor_data.theta_mech
1775245143886,3.6504907608032227,monitor_data.theta_mech
1775245143887,3.648956775665283,monitor_data.theta_mech
1775245143888,3.6504907608032227,monitor_data.theta_mech
1775245143889,3.6504907608032227,monitor_data.theta_mech
1775245143890,3.649723768234253,monitor_data.theta_mech
1775245143891,3.6504907608032227,monitor_data.theta_mech
1775245143892,3.6504907608032227,monitor_data.theta_mech
1775245143893,3.6501073837280273,monitor_data.theta_mech
1775245143894,3.650874376296997,monitor_data.theta_mech
1775245143895,0,monitor_data.speed_ref
1775245143896,0,monitor_data.speed_ref
1775245143897,0,monitor_data.speed_ref
1775245143898,0,monitor_data.speed_ref
1775245143899,0,monitor_data.speed_ref
1775245143900,0,monitor_data.speed_ref
1775245143901,0,monitor_data.speed_ref
1775245143902,0,monitor_data.speed_ref
1775245143903,0,monitor_data.speed_ref
1775245143904,0,monitor_data.speed_ref
1775245143905,0,monitor_data.speed_ref
1775245143906,0,monitor_data.speed_ref
1775245143907,0,monitor_data.speed_ref
1775245143908,0,monitor_data.speed_ref
1775245143909,0,monitor_data.speed_ref
1775245143910,0,monitor_data.speed_ref
1775245143911,0,monitor_data.speed_ref
1775245143912,0,monitor_data.speed_ref
1775245143913,0,monitor_data.speed_ref
1775245143914,0,monitor_data.speed_ref
1775245143915,0,monitor_data.speed_ref
1775245143916,0,monitor_data.speed_ref
1775245143917,0,monitor_data.speed_ref
1775245143918,0,monitor_data.speed_ref
1775245143919,0,monitor_data.speed_ref
1775245143920,0,monitor_data.speed_ref
1775245143921,0,monitor_data.speed_ref
1775245143922,0,monitor_data.speed_ref
1775245143923,0,monitor_data.speed_ref
1775245143924,0,monitor_data.speed_ref
1775245143925,0,monitor_data.speed_ref
1775245143926,0,monitor_data.speed_ref
1775245143927,0,monitor_data.speed_ref
1775245143928,0,monitor_data.speed_ref
1775245143929,0,monitor_data.speed_ref
1775245143930,0,monitor_data.speed_ref
1775245143931,0,monitor_data.speed_ref
1775245143932,0,monitor_data.speed_ref
1775245143933,0,monitor_data.speed_ref
1775245143934,0,monitor_data.speed_ref
1775245143935,0,monitor_data.speed_ref
1775245143936,0,monitor_data.speed_ref
1775245143937,0,monitor_data.speed_ref
1775245143938,0,monitor_data.speed_ref
1775245143939,0,monitor_data.speed_ref
1775245143940,0,monitor_data.speed_ref
1775245143941,0,monitor_data.speed_ref
1775245143942,0,monitor_data.speed_ref
1775245143943,0,monitor_data.speed_ref
1775245143944,0,monitor_data.speed_ref
1775245143895,3.649723768234253,monitor_data.theta_mech
1775245143896,3.6504907608032227,monitor_data.theta_mech
1775245143897,3.6504907608032227,monitor_data.theta_mech
1775245143898,3.650874376296997,monitor_data.theta_mech
1775245143899,3.649723768234253,monitor_data.theta_mech
1775245143900,3.6501073837280273,monitor_data.theta_mech
1775245143901,3.6512577533721924,monitor_data.theta_mech
1775245143902,3.649723768234253,monitor_data.theta_mech
1775245143903,3.6501073837280273,monitor_data.theta_mech
1775245143904,3.6493403911590576,monitor_data.theta_mech
1775245143905,3.6501073837280273,monitor_data.theta_mech
1775245143906,3.6504907608032227,monitor_data.theta_mech
1775245143907,3.650874376296997,monitor_data.theta_mech
1775245143908,3.649723768234253,monitor_data.theta_mech
1775245143909,3.6501073837280273,monitor_data.theta_mech
1775245143910,3.649723768234253,monitor_data.theta_mech
1775245143911,3.6504907608032227,monitor_data.theta_mech
1775245143912,3.649723768234253,monitor_data.theta_mech
1775245143913,3.650874376296997,monitor_data.theta_mech
1775245143914,3.6501073837280273,monitor_data.theta_mech
1775245143915,3.650874376296997,monitor_data.theta_mech
1775245143916,3.648956775665283,monitor_data.theta_mech
1775245143917,3.650874376296997,monitor_data.theta_mech
1775245143918,3.650874376296997,monitor_data.theta_mech
1775245143919,3.6504907608032227,monitor_data.theta_mech
1775245143920,3.6501073837280273,monitor_data.theta_mech
1775245143921,3.6493403911590576,monitor_data.theta_mech
1775245143922,3.649723768234253,monitor_data.theta_mech
1775245143923,3.6501073837280273,monitor_data.theta_mech
1775245143924,3.649723768234253,monitor_data.theta_mech
1775245143925,3.6504907608032227,monitor_data.theta_mech
1775245143926,3.6504907608032227,monitor_data.theta_mech
1775245143927,3.6504907608032227,monitor_data.theta_mech
1775245143928,3.6501073837280273,monitor_data.theta_mech
1775245143929,3.6504907608032227,monitor_data.theta_mech
1775245143930,3.6512577533721924,monitor_data.theta_mech
1775245143931,3.6501073837280273,monitor_data.theta_mech
1775245143932,3.6512577533721924,monitor_data.theta_mech
1775245143933,3.648956775665283,monitor_data.theta_mech
1775245143934,3.6504907608032227,monitor_data.theta_mech
1775245143935,3.650874376296997,monitor_data.theta_mech
1775245143936,3.650874376296997,monitor_data.theta_mech
1775245143937,3.650874376296997,monitor_data.theta_mech
1775245143938,3.6504907608032227,monitor_data.theta_mech
1775245143939,3.649723768234253,monitor_data.theta_mech
1775245143940,3.650874376296997,monitor_data.theta_mech
1775245143941,3.6501073837280273,monitor_data.theta_mech
1775245143942,3.649723768234253,monitor_data.theta_mech
1775245143943,3.6501073837280273,monitor_data.theta_mech
1775245143944,3.6501073837280273,monitor_data.theta_mech
1775245143945,0,monitor_data.speed_ref
1775245143946,0,monitor_data.speed_ref
1775245143947,0,monitor_data.speed_ref
1775245143948,0,monitor_data.speed_ref
1775245143949,0,monitor_data.speed_ref
1775245143950,0,monitor_data.speed_ref
1775245143951,0,monitor_data.speed_ref
1775245143952,0,monitor_data.speed_ref
1775245143953,0,monitor_data.speed_ref
1775245143954,0,monitor_data.speed_ref
1775245143955,0,monitor_data.speed_ref
1775245143956,0,monitor_data.speed_ref
1775245143957,0,monitor_data.speed_ref
1775245143958,0,monitor_data.speed_ref
1775245143959,0,monitor_data.speed_ref
1775245143960,0,monitor_data.speed_ref
1775245143961,0,monitor_data.speed_ref
1775245143962,0,monitor_data.speed_ref
1775245143963,0,monitor_data.speed_ref
1775245143964,0,monitor_data.speed_ref
1775245143965,0,monitor_data.speed_ref
1775245143966,0,monitor_data.speed_ref
1775245143967,0,monitor_data.speed_ref
1775245143968,0,monitor_data.speed_ref
1775245143969,0,monitor_data.speed_ref
1775245143970,0,monitor_data.speed_ref
1775245143971,0,monitor_data.speed_ref
1775245143972,0,monitor_data.speed_ref
1775245143973,0,monitor_data.speed_ref
1775245143974,0,monitor_data.speed_ref
1775245143975,0,monitor_data.speed_ref
1775245143976,0,monitor_data.speed_ref
1775245143977,0,monitor_data.speed_ref
1775245143978,0,monitor_data.speed_ref
1775245143979,0,monitor_data.speed_ref
1775245143980,0,monitor_data.speed_ref
1775245143981,0,monitor_data.speed_ref
1775245143982,0,monitor_data.speed_ref
1775245143983,0,monitor_data.speed_ref
1775245143984,0,monitor_data.speed_ref
1775245143985,0,monitor_data.speed_ref
1775245143986,0,monitor_data.speed_ref
1775245143987,0,monitor_data.speed_ref
1775245143988,0,monitor_data.speed_ref
1775245143989,0,monitor_data.speed_ref
1775245143990,0,monitor_data.speed_ref
1775245143991,0,monitor_data.speed_ref
1775245143992,0,monitor_data.speed_ref
1775245143993,0,monitor_data.speed_ref
1775245143994,0,monitor_data.speed_ref
1775245143945,3.649723768234253,monitor_data.theta_mech
1775245143946,3.6504907608032227,monitor_data.theta_mech
1775245143947,3.6504907608032227,monitor_data.theta_mech
1775245143948,3.6501073837280273,monitor_data.theta_mech
1775245143949,3.6501073837280273,monitor_data.theta_mech
1775245143950,3.6501073837280273,monitor_data.theta_mech
1775245143951,3.6504907608032227,monitor_data.theta_mech
1775245143952,3.6504907608032227,monitor_data.theta_mech
1775245143953,3.6501073837280273,monitor_data.theta_mech
1775245143954,3.649723768234253,monitor_data.theta_mech
1775245143955,3.648956775665283,monitor_data.theta_mech
1775245143956,3.6504907608032227,monitor_data.theta_mech
1775245143957,3.6504907608032227,monitor_data.theta_mech
1775245143958,3.6501073837280273,monitor_data.theta_mech
1775245143959,3.6501073837280273,monitor_data.theta_mech
1775245143960,3.6493403911590576,monitor_data.theta_mech
1775245143961,3.648956775665283,monitor_data.theta_mech
1775245143962,3.6504907608032227,monitor_data.theta_mech
1775245143963,3.6501073837280273,monitor_data.theta_mech
1775245143964,3.6504907608032227,monitor_data.theta_mech
1775245143965,3.649723768234253,monitor_data.theta_mech
1775245143966,3.6501073837280273,monitor_data.theta_mech
1775245143967,3.648956775665283,monitor_data.theta_mech
1775245143968,3.6501073837280273,monitor_data.theta_mech
1775245143969,3.650874376296997,monitor_data.theta_mech
1775245143970,3.649723768234253,monitor_data.theta_mech
1775245143971,3.649723768234253,monitor_data.theta_mech
1775245143972,3.649723768234253,monitor_data.theta_mech
1775245143973,3.650874376296997,monitor_data.theta_mech
1775245143974,3.650874376296997,monitor_data.theta_mech
1775245143975,3.6504907608032227,monitor_data.theta_mech
1775245143976,3.6501073837280273,monitor_data.theta_mech
1775245143977,3.6512577533721924,monitor_data.theta_mech
1775245143978,3.6504907608032227,monitor_data.theta_mech
1775245143979,3.6504907608032227,monitor_data.theta_mech
1775245143980,3.649723768234253,monitor_data.theta_mech
1775245143981,3.6501073837280273,monitor_data.theta_mech
1775245143982,3.650874376296997,monitor_data.theta_mech
1775245143983,3.6501073837280273,monitor_data.theta_mech
1775245143984,3.6512577533721924,monitor_data.theta_mech
1775245143985,3.6501073837280273,monitor_data.theta_mech
1775245143986,3.649723768234253,monitor_data.theta_mech
1775245143987,3.6493403911590576,monitor_data.theta_mech
1775245143988,3.6501073837280273,monitor_data.theta_mech
1775245143989,3.6512577533721924,monitor_data.theta_mech
1775245143990,3.651641368865967,monitor_data.theta_mech
1775245143991,3.6501073837280273,monitor_data.theta_mech
1775245143992,3.6501073837280273,monitor_data.theta_mech
1775245143993,3.649723768234253,monitor_data.theta_mech
1775245143994,3.649723768234253,monitor_data.theta_mech
1775245143995,0,monitor_data.speed_ref
1775245143996,0,monitor_data.speed_ref
1775245143997,0,monitor_data.speed_ref
1775245143998,0,monitor_data.speed_ref
1775245143999,0,monitor_data.speed_ref
1775245144000,0,monitor_data.speed_ref
1775245144001,0,monitor_data.speed_ref
1775245144002,0,monitor_data.speed_ref
1775245144003,0,monitor_data.speed_ref
1775245144004,0,monitor_data.speed_ref
1775245144005,0,monitor_data.speed_ref
1775245144006,0,monitor_data.speed_ref
1775245144007,0,monitor_data.speed_ref
1775245144008,0,monitor_data.speed_ref
1775245144009,0,monitor_data.speed_ref
1775245144010,0,monitor_data.speed_ref
1775245144011,0,monitor_data.speed_ref
1775245144012,0,monitor_data.speed_ref
1775245144013,0,monitor_data.speed_ref
1775245144014,0,monitor_data.speed_ref
1775245144015,0,monitor_data.speed_ref
1775245144016,0,monitor_data.speed_ref
1775245144017,0,monitor_data.speed_ref
1775245144018,0,monitor_data.speed_ref
1775245144019,0,monitor_data.speed_ref
1775245144020,0,monitor_data.speed_ref
1775245144021,0,monitor_data.speed_ref
1775245144022,0,monitor_data.speed_ref
1775245144023,0,monitor_data.speed_ref
1775245144024,0,monitor_data.speed_ref
1775245144025,0,monitor_data.speed_ref
1775245144026,0,monitor_data.speed_ref
1775245144027,0,monitor_data.speed_ref
1775245144028,0,monitor_data.speed_ref
1775245144029,0,monitor_data.speed_ref
1775245144030,0,monitor_data.speed_ref
1775245144031,0,monitor_data.speed_ref
1775245144032,0,monitor_data.speed_ref
1775245144033,0,monitor_data.speed_ref
1775245144034,0,monitor_data.speed_ref
1775245144035,0,monitor_data.speed_ref
1775245144036,0,monitor_data.speed_ref
1775245144037,0,monitor_data.speed_ref
1775245144038,0,monitor_data.speed_ref
1775245144039,0,monitor_data.speed_ref
1775245144040,0,monitor_data.speed_ref
1775245144041,0,monitor_data.speed_ref
1775245144042,0,monitor_data.speed_ref
1775245144043,0,monitor_data.speed_ref
1775245144044,0,monitor_data.speed_ref
1775245143995,3.6501073837280273,monitor_data.theta_mech
1775245143996,3.6493403911590576,monitor_data.theta_mech
1775245143997,3.649723768234253,monitor_data.theta_mech
1775245143998,3.6504907608032227,monitor_data.theta_mech
1775245143999,3.6504907608032227,monitor_data.theta_mech
1775245144000,3.650874376296997,monitor_data.theta_mech
1775245144001,3.6504907608032227,monitor_data.theta_mech
1775245144002,3.650874376296997,monitor_data.theta_mech
1775245144003,3.6501073837280273,monitor_data.theta_mech
1775245144004,3.6501073837280273,monitor_data.theta_mech
1775245144005,3.649723768234253,monitor_data.theta_mech
1775245144006,3.6501073837280273,monitor_data.theta_mech
1775245144007,3.649723768234253,monitor_data.theta_mech
1775245144008,3.6501073837280273,monitor_data.theta_mech
1775245144009,3.650874376296997,monitor_data.theta_mech
1775245144010,3.649723768234253,monitor_data.theta_mech
1775245144011,3.649723768234253,monitor_data.theta_mech
1775245144012,3.6501073837280273,monitor_data.theta_mech
1775245144013,3.649723768234253,monitor_data.theta_mech
1775245144014,3.6504907608032227,monitor_data.theta_mech
1775245144015,3.6501073837280273,monitor_data.theta_mech
1775245144016,3.649723768234253,monitor_data.theta_mech
1775245144017,3.6501073837280273,monitor_data.theta_mech
1775245144018,3.6512577533721924,monitor_data.theta_mech
1775245144019,3.6501073837280273,monitor_data.theta_mech
1775245144020,3.6512577533721924,monitor_data.theta_mech
1775245144021,3.6501073837280273,monitor_data.theta_mech
1775245144022,3.648573398590088,monitor_data.theta_mech
1775245144023,3.648956775665283,monitor_data.theta_mech
1775245144024,3.6501073837280273,monitor_data.theta_mech
1775245144025,3.650874376296997,monitor_data.theta_mech
1775245144026,3.6501073837280273,monitor_data.theta_mech
1775245144027,3.6504907608032227,monitor_data.theta_mech
1775245144028,3.649723768234253,monitor_data.theta_mech
1775245144029,3.6504907608032227,monitor_data.theta_mech
1775245144030,3.6501073837280273,monitor_data.theta_mech
1775245144031,3.6501073837280273,monitor_data.theta_mech
1775245144032,3.6501073837280273,monitor_data.theta_mech
1775245144033,3.6501073837280273,monitor_data.theta_mech
1775245144034,3.649723768234253,monitor_data.theta_mech
1775245144035,3.649723768234253,monitor_data.theta_mech
1775245144036,3.6501073837280273,monitor_data.theta_mech
1775245144037,3.6501073837280273,monitor_data.theta_mech
1775245144038,3.6504907608032227,monitor_data.theta_mech
1775245144039,3.649723768234253,monitor_data.theta_mech
1775245144040,3.6493403911590576,monitor_data.theta_mech
1775245144041,3.6504907608032227,monitor_data.theta_mech
1775245144042,3.6504907608032227,monitor_data.theta_mech
1775245144043,3.650874376296997,monitor_data.theta_mech
1775245144044,3.649723768234253,monitor_data.theta_mech
1775245144045,0,monitor_data.speed_ref
1775245144046,0,monitor_data.speed_ref
1775245144047,0,monitor_data.speed_ref
1775245144048,0,monitor_data.speed_ref
1775245144049,0,monitor_data.speed_ref
1775245144050,0,monitor_data.speed_ref
1775245144051,0,monitor_data.speed_ref
1775245144052,0,monitor_data.speed_ref
1775245144053,0,monitor_data.speed_ref
1775245144054,0,monitor_data.speed_ref
1775245144055,0,monitor_data.speed_ref
1775245144056,0,monitor_data.speed_ref
1775245144057,0,monitor_data.speed_ref
1775245144058,0,monitor_data.speed_ref
1775245144059,0,monitor_data.speed_ref
1775245144060,0,monitor_data.speed_ref
1775245144061,0,monitor_data.speed_ref
1775245144062,0,monitor_data.speed_ref
1775245144063,0,monitor_data.speed_ref
1775245144064,0,monitor_data.speed_ref
1775245144065,0,monitor_data.speed_ref
1775245144066,0,monitor_data.speed_ref
1775245144067,0,monitor_data.speed_ref
1775245144068,0,monitor_data.speed_ref
1775245144069,0,monitor_data.speed_ref
1775245144070,0,monitor_data.speed_ref
1775245144071,0,monitor_data.speed_ref
1775245144072,0,monitor_data.speed_ref
1775245144073,0,monitor_data.speed_ref
1775245144074,0,monitor_data.speed_ref
1775245144075,0,monitor_data.speed_ref
1775245144076,0,monitor_data.speed_ref
1775245144077,0,monitor_data.speed_ref
1775245144078,0,monitor_data.speed_ref
1775245144079,0,monitor_data.speed_ref
1775245144080,0,monitor_data.speed_ref
1775245144081,0,monitor_data.speed_ref
1775245144082,0,monitor_data.speed_ref
1775245144083,0,monitor_data.speed_ref
1775245144084,0,monitor_data.speed_ref
1775245144085,0,monitor_data.speed_ref
1775245144086,0,monitor_data.speed_ref
1775245144087,0,monitor_data.speed_ref
1775245144088,0,monitor_data.speed_ref
1775245144089,0,monitor_data.speed_ref
1775245144090,0,monitor_data.speed_ref
1775245144091,0,monitor_data.speed_ref
1775245144092,0,monitor_data.speed_ref
1775245144093,0,monitor_data.speed_ref
1775245144094,0,monitor_data.speed_ref
1775245144045,3.649723768234253,monitor_data.theta_mech
1775245144046,3.649723768234253,monitor_data.theta_mech
1775245144047,3.6504907608032227,monitor_data.theta_mech
1775245144048,3.6504907608032227,monitor_data.theta_mech
1775245144049,3.650874376296997,monitor_data.theta_mech
1775245144050,3.649723768234253,monitor_data.theta_mech
1775245144051,3.6504907608032227,monitor_data.theta_mech
1775245144052,3.6504907608032227,monitor_data.theta_mech
1775245144053,3.649723768234253,monitor_data.theta_mech
1775245144054,3.6493403911590576,monitor_data.theta_mech
1775245144055,3.6501073837280273,monitor_data.theta_mech
1775245144056,3.649723768234253,monitor_data.theta_mech
1775245144057,3.6504907608032227,monitor_data.theta_mech
1775245144058,3.649723768234253,monitor_data.theta_mech
1775245144059,3.6504907608032227,monitor_data.theta_mech
1775245144060,3.650874376296997,monitor_data.theta_mech
1775245144061,3.650874376296997,monitor_data.theta_mech
1775245144062,3.6504907608032227,monitor_data.theta_mech
1775245144063,3.6504907608032227,monitor_data.theta_mech
1775245144064,3.649723768234253,monitor_data.theta_mech
1775245144065,3.6501073837280273,monitor_data.theta_mech
1775245144066,3.6504907608032227,monitor_data.theta_mech
1775245144067,3.649723768234253,monitor_data.theta_mech
1775245144068,3.6501073837280273,monitor_data.theta_mech
1775245144069,3.649723768234253,monitor_data.theta_mech
1775245144070,3.6512577533721924,monitor_data.theta_mech
1775245144071,3.6504907608032227,monitor_data.theta_mech
1775245144072,3.6501073837280273,monitor_data.theta_mech
1775245144073,3.6493403911590576,monitor_data.theta_mech
1775245144074,3.6504907608032227,monitor_data.theta_mech
1775245144075,3.6504907608032227,monitor_data.theta_mech
1775245144076,3.6501073837280273,monitor_data.theta_mech
1775245144077,3.6512577533721924,monitor_data.theta_mech
1775245144078,3.6504907608032227,monitor_data.theta_mech
1775245144079,3.6504907608032227,monitor_data.theta_mech
1775245144080,3.6493403911590576,monitor_data.theta_mech
1775245144081,3.648956775665283,monitor_data.theta_mech
1775245144082,3.6504907608032227,monitor_data.theta_mech
1775245144083,3.6493403911590576,monitor_data.theta_mech
1775245144084,3.6501073837280273,monitor_data.theta_mech
1775245144085,3.6501073837280273,monitor_data.theta_mech
1775245144086,3.649723768234253,monitor_data.theta_mech
1775245144087,3.6501073837280273,monitor_data.theta_mech
1775245144088,3.649723768234253,monitor_data.theta_mech
1775245144089,3.650874376296997,monitor_data.theta_mech
1775245144090,3.6504907608032227,monitor_data.theta_mech
1775245144091,3.6504907608032227,monitor_data.theta_mech
1775245144092,3.6504907608032227,monitor_data.theta_mech
1775245144093,3.6504907608032227,monitor_data.theta_mech
1775245144094,3.6501073837280273,monitor_data.theta_mech
1775245144095,0,monitor_data.speed_ref
1775245144096,0,monitor_data.speed_ref
1775245144097,0,monitor_data.speed_ref
1775245144098,0,monitor_data.speed_ref
1775245144099,0,monitor_data.speed_ref
1775245144100,0,monitor_data.speed_ref
1775245144101,0,monitor_data.speed_ref
1775245144102,0,monitor_data.speed_ref
1775245144103,0,monitor_data.speed_ref
1775245144104,0,monitor_data.speed_ref
1775245144105,0,monitor_data.speed_ref
1775245144106,0,monitor_data.speed_ref
1775245144107,0,monitor_data.speed_ref
1775245144108,0,monitor_data.speed_ref
1775245144109,0,monitor_data.speed_ref
1775245144110,0,monitor_data.speed_ref
1775245144111,0,monitor_data.speed_ref
1775245144112,0,monitor_data.speed_ref
1775245144113,0,monitor_data.speed_ref
1775245144114,0,monitor_data.speed_ref
1775245144115,0,monitor_data.speed_ref
1775245144116,0,monitor_data.speed_ref
1775245144117,0,monitor_data.speed_ref
1775245144118,0,monitor_data.speed_ref
1775245144119,0,monitor_data.speed_ref
1775245144120,0,monitor_data.speed_ref
1775245144121,0,monitor_data.speed_ref
1775245144122,0,monitor_data.speed_ref
1775245144123,0,monitor_data.speed_ref
1775245144124,0,monitor_data.speed_ref
1775245144125,0,monitor_data.speed_ref
1775245144126,0,monitor_data.speed_ref
1775245144127,0,monitor_data.speed_ref
1775245144128,0,monitor_data.speed_ref
1775245144129,0,monitor_data.speed_ref
1775245144130,0,monitor_data.speed_ref
1775245144131,0,monitor_data.speed_ref
1775245144132,0,monitor_data.speed_ref
1775245144133,0,monitor_data.speed_ref
1775245144134,0,monitor_data.speed_ref
1775245144135,0,monitor_data.speed_ref
1775245144136,0,monitor_data.speed_ref
1775245144137,0,monitor_data.speed_ref
1775245144138,0,monitor_data.speed_ref
1775245144139,0,monitor_data.speed_ref
1775245144140,0,monitor_data.speed_ref
1775245144141,0,monitor_data.speed_ref
1775245144142,0,monitor_data.speed_ref
1775245144143,0,monitor_data.speed_ref
1775245144144,0,monitor_data.speed_ref
1775245144095,3.6501073837280273,monitor_data.theta_mech
1775245144096,3.649723768234253,monitor_data.theta_mech
1775245144097,3.6504907608032227,monitor_data.theta_mech
1775245144098,3.650874376296997,monitor_data.theta_mech
1775245144099,3.6504907608032227,monitor_data.theta_mech
1775245144100,3.649723768234253,monitor_data.theta_mech
1775245144101,3.648956775665283,monitor_data.theta_mech
1775245144102,3.6501073837280273,monitor_data.theta_mech
1775245144103,3.6504907608032227,monitor_data.theta_mech
1775245144104,3.6501073837280273,monitor_data.theta_mech
1775245144105,3.6493403911590576,monitor_data.theta_mech
1775245144106,3.6501073837280273,monitor_data.theta_mech
1775245144107,3.6501073837280273,monitor_data.theta_mech
1775245144108,3.6501073837280273,monitor_data.theta_mech
1775245144109,3.650874376296997,monitor_data.theta_mech
1775245144110,3.6501073837280273,monitor_data.theta_mech
1775245144111,3.6501073837280273,monitor_data.theta_mech
1775245144112,3.6504907608032227,monitor_data.theta_mech
1775245144113,3.650874376296997,monitor_data.theta_mech
1775245144114,3.649723768234253,monitor_data.theta_mech
1775245144115,3.650874376296997,monitor_data.theta_mech
1775245144116,3.6493403911590576,monitor_data.theta_mech
1775245144117,3.6501073837280273,monitor_data.theta_mech
1775245144118,3.6504907608032227,monitor_data.theta_mech
1775245144119,3.6493403911590576,monitor_data.theta_mech
1775245144120,3.649723768234253,monitor_data.theta_mech
1775245144121,3.649723768234253,monitor_data.theta_mech
1775245144122,3.650874376296997,monitor_data.theta_mech
1775245144123,3.6501073837280273,monitor_data.theta_mech
1775245144124,3.6493403911590576,monitor_data.theta_mech
1775245144125,3.6512577533721924,monitor_data.theta_mech
1775245144126,3.649723768234253,monitor_data.theta_mech
1775245144127,3.6512577533721924,monitor_data.theta_mech
1775245144128,3.650874376296997,monitor_data.theta_mech
1775245144129,3.649723768234253,monitor_data.theta_mech
1775245144130,3.6501073837280273,monitor_data.theta_mech
1775245144131,3.649723768234253,monitor_data.theta_mech
1775245144132,3.6493403911590576,monitor_data.theta_mech
1775245144133,3.649723768234253,monitor_data.theta_mech
1775245144134,3.6501073837280273,monitor_data.theta_mech
1775245144135,3.6504907608032227,monitor_data.theta_mech
1775245144136,3.6493403911590576,monitor_data.theta_mech
1775245144137,3.649723768234253,monitor_data.theta_mech
1775245144138,3.650874376296997,monitor_data.theta_mech
1775245144139,3.6512577533721924,monitor_data.theta_mech
1775245144140,3.650874376296997,monitor_data.theta_mech
1775245144141,3.6504907608032227,monitor_data.theta_mech
1775245144142,3.649723768234253,monitor_data.theta_mech
1775245144143,3.6504907608032227,monitor_data.theta_mech
1775245144144,3.649723768234253,monitor_data.theta_mech
1775245144145,0,monitor_data.speed_ref
1775245144146,0,monitor_data.speed_ref
1775245144147,0,monitor_data.speed_ref
1775245144148,0,monitor_data.speed_ref
1775245144149,0,monitor_data.speed_ref
1775245144150,0,monitor_data.speed_ref
1775245144151,0,monitor_data.speed_ref
1775245144152,0,monitor_data.speed_ref
1775245144153,0,monitor_data.speed_ref
1775245144154,0,monitor_data.speed_ref
1775245144155,0,monitor_data.speed_ref
1775245144156,0,monitor_data.speed_ref
1775245144157,0,monitor_data.speed_ref
1775245144158,0,monitor_data.speed_ref
1775245144159,0,monitor_data.speed_ref
1775245144160,0,monitor_data.speed_ref
1775245144161,0,monitor_data.speed_ref
1775245144162,0,monitor_data.speed_ref
1775245144163,0,monitor_data.speed_ref
1775245144164,0,monitor_data.speed_ref
1775245144165,0,monitor_data.speed_ref
1775245144166,0,monitor_data.speed_ref
1775245144167,0,monitor_data.speed_ref
1775245144168,0,monitor_data.speed_ref
1775245144169,0,monitor_data.speed_ref
1775245144170,0,monitor_data.speed_ref
1775245144171,0,monitor_data.speed_ref
1775245144172,0,monitor_data.speed_ref
1775245144173,0,monitor_data.speed_ref
1775245144174,0,monitor_data.speed_ref
1775245144175,0,monitor_data.speed_ref
1775245144176,0,monitor_data.speed_ref
1775245144177,0,monitor_data.speed_ref
1775245144178,0,monitor_data.speed_ref
1775245144179,0,monitor_data.speed_ref
1775245144180,0,monitor_data.speed_ref
1775245144181,0,monitor_data.speed_ref
1775245144182,0,monitor_data.speed_ref
1775245144183,0,monitor_data.speed_ref
1775245144184,0,monitor_data.speed_ref
1775245144185,0,monitor_data.speed_ref
1775245144186,0,monitor_data.speed_ref
1775245144187,0,monitor_data.speed_ref
1775245144188,0,monitor_data.speed_ref
1775245144189,0,monitor_data.speed_ref
1775245144190,0,monitor_data.speed_ref
1775245144191,0,monitor_data.speed_ref
1775245144192,0,monitor_data.speed_ref
1775245144193,0,monitor_data.speed_ref
1775245144194,0,monitor_data.speed_ref
1775245144145,3.648573398590088,monitor_data.theta_mech
1775245144146,3.649723768234253,monitor_data.theta_mech
1775245144147,3.649723768234253,monitor_data.theta_mech
1775245144148,3.6504907608032227,monitor_data.theta_mech
1775245144149,3.6504907608032227,monitor_data.theta_mech
1775245144150,3.6504907608032227,monitor_data.theta_mech
1775245144151,3.6501073837280273,monitor_data.theta_mech
1775245144152,3.6501073837280273,monitor_data.theta_mech
1775245144153,3.6493403911590576,monitor_data.theta_mech
1775245144154,3.6493403911590576,monitor_data.theta_mech
1775245144155,3.6501073837280273,monitor_data.theta_mech
1775245144156,3.6493403911590576,monitor_data.theta_mech
1775245144157,3.649723768234253,monitor_data.theta_mech
1775245144158,3.6493403911590576,monitor_data.theta_mech
1775245144159,3.6493403911590576,monitor_data.theta_mech
1775245144160,3.6504907608032227,monitor_data.theta_mech
1775245144161,3.6504907608032227,monitor_data.theta_mech
1775245144162,3.6501073837280273,monitor_data.theta_mech
1775245144163,3.6504907608032227,monitor_data.theta_mech
1775245144164,3.6493403911590576,monitor_data.theta_mech
1775245144165,3.650874376296997,monitor_data.theta_mech
1775245144166,3.6504907608032227,monitor_data.theta_mech
1775245144167,3.6504907608032227,monitor_data.theta_mech
1775245144168,3.6493403911590576,monitor_data.theta_mech
1775245144169,3.6504907608032227,monitor_data.theta_mech
1775245144170,3.649723768234253,monitor_data.theta_mech
1775245144171,3.6501073837280273,monitor_data.theta_mech
1775245144172,3.6501073837280273,monitor_data.theta_mech
1775245144173,3.6512577533721924,monitor_data.theta_mech
1775245144174,3.6493403911590576,monitor_data.theta_mech
1775245144175,3.650874376296997,monitor_data.theta_mech
1775245144176,3.6501073837280273,monitor_data.theta_mech
1775245144177,3.6504907608032227,monitor_data.theta_mech
1775245144178,3.6501073837280273,monitor_data.theta_mech
1775245144179,3.6493403911590576,monitor_data.theta_mech
1775245144180,3.6501073837280273,monitor_data.theta_mech
1775245144181,3.6501073837280273,monitor_data.theta_mech
1775245144182,3.6501073837280273,monitor_data.theta_mech
1775245144183,3.649723768234253,monitor_data.theta_mech
1775245144184,3.650874376296997,monitor_data.theta_mech
1775245144185,3.6501073837280273,monitor_data.theta_mech
1775245144186,3.650874376296997,monitor_data.theta_mech
1775245144187,3.6504907608032227,monitor_data.theta_mech
1775245144188,3.648956775665283,monitor_data.theta_mech
1775245144189,3.649723768234253,monitor_data.theta_mech
1775245144190,3.6504907608032227,monitor_data.theta_mech
1775245144191,3.649723768234253,monitor_data.theta_mech
1775245144192,3.6504907608032227,monitor_data.theta_mech
1775245144193,3.650874376296997,monitor_data.theta_mech
1775245144194,3.6501073837280273,monitor_data.theta_mech
1775245144195,0,monitor_data.speed_ref
1775245144196,0,monitor_data.speed_ref
1775245144197,0,monitor_data.speed_ref
1775245144198,0,monitor_data.speed_ref
1775245144199,0,monitor_data.speed_ref
1775245144200,0,monitor_data.speed_ref
1775245144201,0,monitor_data.speed_ref
1775245144202,0,monitor_data.speed_ref
1775245144203,0,monitor_data.speed_ref
1775245144204,0,monitor_data.speed_ref
1775245144205,0,monitor_data.speed_ref
1775245144206,0,monitor_data.speed_ref
1775245144207,0,monitor_data.speed_ref
1775245144208,0,monitor_data.speed_ref
1775245144209,0,monitor_data.speed_ref
1775245144210,0,monitor_data.speed_ref
1775245144211,0,monitor_data.speed_ref
1775245144212,0,monitor_data.speed_ref
1775245144213,0,monitor_data.speed_ref
1775245144214,0,monitor_data.speed_ref
1775245144215,0,monitor_data.speed_ref
1775245144216,0,monitor_data.speed_ref
1775245144217,0,monitor_data.speed_ref
1775245144218,0,monitor_data.speed_ref
1775245144219,0,monitor_data.speed_ref
1775245144220,0,monitor_data.speed_ref
1775245144221,0,monitor_data.speed_ref
1775245144222,0,monitor_data.speed_ref
1775245144223,0,monitor_data.speed_ref
1775245144224,0,monitor_data.speed_ref
1775245144225,0,monitor_data.speed_ref
1775245144226,0,monitor_data.speed_ref
1775245144227,0,monitor_data.speed_ref
1775245144228,0,monitor_data.speed_ref
1775245144229,0,monitor_data.speed_ref
1775245144230,0,monitor_data.speed_ref
1775245144231,0,monitor_data.speed_ref
1775245144232,0,monitor_data.speed_ref
1775245144233,0,monitor_data.speed_ref
1775245144234,0,monitor_data.speed_ref
1775245144235,0,monitor_data.speed_ref
1775245144236,0,monitor_data.speed_ref
1775245144237,0,monitor_data.speed_ref
1775245144238,0,monitor_data.speed_ref
1775245144239,0,monitor_data.speed_ref
1775245144240,0,monitor_data.speed_ref
1775245144241,0,monitor_data.speed_ref
1775245144242,0,monitor_data.speed_ref
1775245144243,0,monitor_data.speed_ref
1775245144244,0,monitor_data.speed_ref
1775245144195,3.648956775665283,monitor_data.theta_mech
1775245144196,3.648573398590088,monitor_data.theta_mech
1775245144197,3.649723768234253,monitor_data.theta_mech
1775245144198,3.6501073837280273,monitor_data.theta_mech
1775245144199,3.650874376296997,monitor_data.theta_mech
1775245144200,3.6501073837280273,monitor_data.theta_mech
1775245144201,3.648956775665283,monitor_data.theta_mech
1775245144202,3.649723768234253,monitor_data.theta_mech
1775245144203,3.6493403911590576,monitor_data.theta_mech
1775245144204,3.6504907608032227,monitor_data.theta_mech
1775245144205,3.6504907608032227,monitor_data.theta_mech
1775245144206,3.6493403911590576,monitor_data.theta_mech
1775245144207,3.649723768234253,monitor_data.theta_mech
1775245144208,3.6493403911590576,monitor_data.theta_mech
1775245144209,3.6501073837280273,monitor_data.theta_mech
1775245144210,3.6504907608032227,monitor_data.theta_mech
1775245144211,3.649723768234253,monitor_data.theta_mech
1775245144212,3.6504907608032227,monitor_data.theta_mech
1775245144213,3.6504907608032227,monitor_data.theta_mech
1775245144214,3.649723768234253,monitor_data.theta_mech
1775245144215,3.6512577533721924,monitor_data.theta_mech
1775245144216,3.6501073837280273,monitor_data.theta_mech
1775245144217,3.649723768234253,monitor_data.theta_mech
1775245144218,3.651641368865967,monitor_data.theta_mech
1775245144219,3.649723768234253,monitor_data.theta_mech
1775245144220,3.650874376296997,monitor_data.theta_mech
1775245144221,3.6504907608032227,monitor_data.theta_mech
1775245144222,3.649723768234253,monitor_data.theta_mech
1775245144223,3.6493403911590576,monitor_data.theta_mech
1775245144224,3.649723768234253,monitor_data.theta_mech
1775245144225,3.650874376296997,monitor_data.theta_mech
1775245144226,3.6493403911590576,monitor_data.theta_mech
1775245144227,3.650874376296997,monitor_data.theta_mech
1775245144228,3.6501073837280273,monitor_data.theta_mech
1775245144229,3.6493403911590576,monitor_data.theta_mech
1775245144230,3.6504907608032227,monitor_data.theta_mech
1775245144231,3.650874376296997,monitor_data.theta_mech
1775245144232,3.6501073837280273,monitor_data.theta_mech
1775245144233,3.6504907608032227,monitor_data.theta_mech
1775245144234,3.6501073837280273,monitor_data.theta_mech
1775245144235,3.6501073837280273,monitor_data.theta_mech
1775245144236,3.650874376296997,monitor_data.theta_mech
1775245144237,3.650874376296997,monitor_data.theta_mech
1775245144238,3.6504907608032227,monitor_data.theta_mech
1775245144239,3.649723768234253,monitor_data.theta_mech
1775245144240,3.650874376296997,monitor_data.theta_mech
1775245144241,3.650874376296997,monitor_data.theta_mech
1775245144242,3.6493403911590576,monitor_data.theta_mech
1775245144243,3.6493403911590576,monitor_data.theta_mech
1775245144244,3.649723768234253,monitor_data.theta_mech
1775245144245,0,monitor_data.speed_ref
1775245144246,0,monitor_data.speed_ref
1775245144247,0,monitor_data.speed_ref
1775245144248,0,monitor_data.speed_ref
1775245144249,0,monitor_data.speed_ref
1775245144250,0,monitor_data.speed_ref
1775245144251,0,monitor_data.speed_ref
1775245144252,0,monitor_data.speed_ref
1775245144253,0,monitor_data.speed_ref
1775245144254,0,monitor_data.speed_ref
1775245144255,0,monitor_data.speed_ref
1775245144256,0,monitor_data.speed_ref
1775245144257,0,monitor_data.speed_ref
1775245144258,0,monitor_data.speed_ref
1775245144259,0,monitor_data.speed_ref
1775245144260,0,monitor_data.speed_ref
1775245144261,0,monitor_data.speed_ref
1775245144245,3.6504907608032227,monitor_data.theta_mech
1775245144246,3.649723768234253,monitor_data.theta_mech
1775245144247,3.6501073837280273,monitor_data.theta_mech
1775245144248,3.649723768234253,monitor_data.theta_mech
1775245144249,3.650874376296997,monitor_data.theta_mech
1775245144250,3.6501073837280273,monitor_data.theta_mech
1775245144251,3.6501073837280273,monitor_data.theta_mech
1775245144252,3.649723768234253,monitor_data.theta_mech
1775245144253,3.6493403911590576,monitor_data.theta_mech
1775245144254,3.649723768234253,monitor_data.theta_mech
1775245144255,3.6501073837280273,monitor_data.theta_mech
1775245144256,3.6504907608032227,monitor_data.theta_mech
1775245144257,3.6512577533721924,monitor_data.theta_mech
1775245144258,3.649723768234253,monitor_data.theta_mech
1775245144259,3.6504907608032227,monitor_data.theta_mech
1775245144260,3.6501073837280273,monitor_data.theta_mech
1775245144261,3.650874376296997,monitor_data.theta_mech
