timestamp,value,variable
1775242673877,,monitor_data.speed_ref
1775242673877,,monitor_data.theta_mech
1775242673877,0,monitor_data.speed_ref
1775242673881,0,monitor_data.speed_ref
1775242673883,0,monitor_data.speed_ref
1775242673886,0,monitor_data.speed_ref
1775242673887,0,monitor_data.speed_ref
1775242673889,0,monitor_data.speed_ref
1775242673891,0,monitor_data.speed_ref
1775242673892,0,monitor_data.speed_ref
1775242673893,0,monitor_data.speed_ref
1775242673895,0,monitor_data.speed_ref
1775242673897,0,monitor_data.speed_ref
1775242673900,0,monitor_data.speed_ref
1775242673902,0,monitor_data.speed_ref
1775242673903,0,monitor_data.speed_ref
1775242673905,0,monitor_data.speed_ref
1775242673906,0,monitor_data.speed_ref
1775242673907,0,monitor_data.speed_ref
1775242673908,0,monitor_data.speed_ref
1775242673910,0,monitor_data.speed_ref
1775242673912,0,monitor_data.speed_ref
1775242673913,0,monitor_data.speed_ref
1775242673914,0,monitor_data.speed_ref
1775242673916,0,monitor_data.speed_ref
1775242673918,0,monitor_data.speed_ref
1775242673919,0,monitor_data.speed_ref
1775242673920,0,monitor_data.speed_ref
1775242673922,0,monitor_data.speed_ref
1775242673923,0,monitor_data.speed_ref
1775242673924,0,monitor_data.speed_ref
1775242673925,0,monitor_data.speed_ref
1775242673926,0,monitor_data.speed_ref
1775242673927,0,monitor_data.speed_ref
1775242673928,0,monitor_data.speed_ref
1775242673929,0,monitor_data.speed_ref
1775242673929,0,monitor_data.speed_ref
1775242673930,0,monitor_data.speed_ref
1775242673931,0,monitor_data.speed_ref
1775242673932,0,monitor_data.speed_ref
1775242673933,0,monitor_data.speed_ref
1775242673934,0,monitor_data.speed_ref
1775242673935,0,monitor_data.speed_ref
1775242673936,0,monitor_data.speed_ref
1775242673937,0,monitor_data.speed_ref
1775242673938,0,monitor_data.speed_ref
1775242673877,4.833957195281982,monitor_data.theta_mech
1775242673881,4.834340572357178,monitor_data.theta_mech
1775242673883,4.835490703582764,monitor_data.theta_mech
1775242673886,4.834723949432373,monitor_data.theta_mech
1775242673887,4.833957195281982,monitor_data.theta_mech
1775242673889,4.834340572357178,monitor_data.theta_mech
1775242673891,4.833957195281982,monitor_data.theta_mech
1775242673892,4.833573341369629,monitor_data.theta_mech
1775242673893,4.833189964294434,monitor_data.theta_mech
1775242673895,4.835107326507568,monitor_data.theta_mech
1775242673897,4.834340572357178,monitor_data.theta_mech
1775242673900,4.834340572357178,monitor_data.theta_mech
1775242673902,4.834340572357178,monitor_data.theta_mech
1775242673903,4.834340572357178,monitor_data.theta_mech
1775242673905,4.834340572357178,monitor_data.theta_mech
1775242673906,4.833957195281982,monitor_data.theta_mech
1775242673907,4.833573341369629,monitor_data.theta_mech
1775242673908,4.834340572357178,monitor_data.theta_mech
1775242673910,4.834723949432373,monitor_data.theta_mech
1775242673912,4.833957195281982,monitor_data.theta_mech
1775242673913,4.834723949432373,monitor_data.theta_mech
1775242673914,4.833573341369629,monitor_data.theta_mech
1775242673916,4.834340572357178,monitor_data.theta_mech
1775242673918,4.833957195281982,monitor_data.theta_mech
1775242673919,4.832423210144043,monitor_data.theta_mech
1775242673920,4.833573341369629,monitor_data.theta_mech
1775242673922,4.833573341369629,monitor_data.theta_mech
1775242673923,4.833573341369629,monitor_data.theta_mech
1775242673924,4.833957195281982,monitor_data.theta_mech
1775242673925,4.834723949432373,monitor_data.theta_mech
1775242673926,4.833573341369629,monitor_data.theta_mech
1775242673927,4.834340572357178,monitor_data.theta_mech
1775242673928,4.834723949432373,monitor_data.theta_mech
1775242673929,4.834723949432373,monitor_data.theta_mech
1775242673929,4.834340572357178,monitor_data.theta_mech
1775242673930,4.833573341369629,monitor_data.theta_mech
1775242673931,4.834340572357178,monitor_data.theta_mech
1775242673932,4.835490703582764,monitor_data.theta_mech
1775242673933,4.834340572357178,monitor_data.theta_mech
1775242673934,4.834723949432373,monitor_data.theta_mech
1775242673935,4.833957195281982,monitor_data.theta_mech
1775242673936,4.834340572357178,monitor_data.theta_mech
1775242673937,4.833573341369629,monitor_data.theta_mech
1775242673938,4.833189964294434,monitor_data.theta_mech
1775242673939,0,monitor_data.speed_ref
1775242673939,0,monitor_data.speed_ref
1775242673940,0,monitor_data.speed_ref
1775242673941,0,monitor_data.speed_ref
1775242673942,0,monitor_data.speed_ref
1775242673943,0,monitor_data.speed_ref
1775242673943,0,monitor_data.speed_ref
1775242673944,0,monitor_data.speed_ref
1775242673945,0,monitor_data.speed_ref
1775242673946,0,monitor_data.speed_ref
1775242673946,0,monitor_data.speed_ref
1775242673947,0,monitor_data.speed_ref
1775242673947,0,monitor_data.speed_ref
1775242673948,0,monitor_data.speed_ref
1775242673949,0,monitor_data.speed_ref
1775242673951,0,monitor_data.speed_ref
1775242673952,0,monitor_data.speed_ref
1775242673953,0,monitor_data.speed_ref
1775242673954,0,monitor_data.speed_ref
1775242673955,0,monitor_data.speed_ref
1775242673956,0,monitor_data.speed_ref
1775242673956,0,monitor_data.speed_ref
1775242673957,0,monitor_data.speed_ref
1775242673957,0,monitor_data.speed_ref
1775242673958,0,monitor_data.speed_ref
1775242673959,0,monitor_data.speed_ref
1775242673959,0,monitor_data.speed_ref
1775242673961,0,monitor_data.speed_ref
1775242673962,0,monitor_data.speed_ref
1775242673963,0,monitor_data.speed_ref
1775242673964,0,monitor_data.speed_ref
1775242673964,0,monitor_data.speed_ref
1775242673965,0,monitor_data.speed_ref
1775242673967,0,monitor_data.speed_ref
1775242673968,0,monitor_data.speed_ref
1775242673969,0,monitor_data.speed_ref
1775242673970,0,monitor_data.speed_ref
1775242673971,0,monitor_data.speed_ref
1775242673972,0,monitor_data.speed_ref
1775242673973,0,monitor_data.speed_ref
1775242673974,0,monitor_data.speed_ref
1775242673975,0,monitor_data.speed_ref
1775242673976,0,monitor_data.speed_ref
1775242673977,0,monitor_data.speed_ref
1775242673977,0,monitor_data.speed_ref
1775242673978,0,monitor_data.speed_ref
1775242673979,0,monitor_data.speed_ref
1775242673980,0,monitor_data.speed_ref
1775242673980,0,monitor_data.speed_ref
1775242673981,0,monitor_data.speed_ref
1775242673982,0,monitor_data.speed_ref
1775242673983,0,monitor_data.speed_ref
1775242673984,0,monitor_data.speed_ref
1775242673985,0,monitor_data.speed_ref
1775242673986,0,monitor_data.speed_ref
1775242673986,0,monitor_data.speed_ref
1775242673987,0,monitor_data.speed_ref
1775242673987,0,monitor_data.speed_ref
1775242673939,4.832806587219238,monitor_data.theta_mech
1775242673939,4.833189964294434,monitor_data.theta_mech
1775242673940,4.832423210144043,monitor_data.theta_mech
1775242673941,4.833957195281982,monitor_data.theta_mech
1775242673942,4.833189964294434,monitor_data.theta_mech
1775242673943,4.833189964294434,monitor_data.theta_mech
1775242673943,4.8320393562316895,monitor_data.theta_mech
1775242673944,4.833957195281982,monitor_data.theta_mech
1775242673945,4.831655979156494,monitor_data.theta_mech
1775242673946,4.833573341369629,monitor_data.theta_mech
1775242673946,4.833573341369629,monitor_data.theta_mech
1775242673947,4.833573341369629,monitor_data.theta_mech
1775242673947,4.833957195281982,monitor_data.theta_mech
1775242673948,4.833189964294434,monitor_data.theta_mech
1775242673949,4.833957195281982,monitor_data.theta_mech
1775242673951,4.834340572357178,monitor_data.theta_mech
1775242673952,4.834340572357178,monitor_data.theta_mech
1775242673953,4.833573341369629,monitor_data.theta_mech
1775242673954,4.835874557495117,monitor_data.theta_mech
1775242673955,4.833957195281982,monitor_data.theta_mech
1775242673956,4.834340572357178,monitor_data.theta_mech
1775242673956,4.835490703582764,monitor_data.theta_mech
1775242673957,4.835490703582764,monitor_data.theta_mech
1775242673957,4.835107326507568,monitor_data.theta_mech
1775242673958,4.835107326507568,monitor_data.theta_mech
1775242673959,4.834723949432373,monitor_data.theta_mech
1775242673959,4.835490703582764,monitor_data.theta_mech
1775242673961,4.834723949432373,monitor_data.theta_mech
1775242673962,4.833957195281982,monitor_data.theta_mech
1775242673963,4.834340572357178,monitor_data.theta_mech
1775242673964,4.833957195281982,monitor_data.theta_mech
1775242673964,4.833189964294434,monitor_data.theta_mech
1775242673965,4.833573341369629,monitor_data.theta_mech
1775242673967,4.8320393562316895,monitor_data.theta_mech
1775242673968,4.8320393562316895,monitor_data.theta_mech
1775242673969,4.8320393562316895,monitor_data.theta_mech
1775242673970,4.8320393562316895,monitor_data.theta_mech
1775242673971,4.8320393562316895,monitor_data.theta_mech
1775242673972,4.8320393562316895,monitor_data.theta_mech
1775242673973,4.8320393562316895,monitor_data.theta_mech
1775242673974,4.832423210144043,monitor_data.theta_mech
1775242673975,4.8320393562316895,monitor_data.theta_mech
1775242673976,4.832806587219238,monitor_data.theta_mech
1775242673977,4.833957195281982,monitor_data.theta_mech
1775242673977,4.833189964294434,monitor_data.theta_mech
1775242673978,4.833957195281982,monitor_data.theta_mech
1775242673979,4.833573341369629,monitor_data.theta_mech
1775242673980,4.833957195281982,monitor_data.theta_mech
1775242673980,4.834723949432373,monitor_data.theta_mech
1775242673981,4.834340572357178,monitor_data.theta_mech
1775242673982,4.834723949432373,monitor_data.theta_mech
1775242673983,4.834340572357178,monitor_data.theta_mech
1775242673984,4.834340572357178,monitor_data.theta_mech
1775242673985,4.835107326507568,monitor_data.theta_mech
1775242673986,4.834723949432373,monitor_data.theta_mech
1775242673986,4.834723949432373,monitor_data.theta_mech
1775242673987,4.833957195281982,monitor_data.theta_mech
1775242673987,4.833957195281982,monitor_data.theta_mech
1775242673988,0,monitor_data.speed_ref
1775242673988,0,monitor_data.speed_ref
1775242673989,0,monitor_data.speed_ref
1775242673989,0,monitor_data.speed_ref
1775242673990,0,monitor_data.speed_ref
1775242673990,0,monitor_data.speed_ref
1775242673991,0,monitor_data.speed_ref
1775242673992,0,monitor_data.speed_ref
1775242673992,0,monitor_data.speed_ref
1775242673993,0,monitor_data.speed_ref
1775242673994,0,monitor_data.speed_ref
1775242673994,0,monitor_data.speed_ref
1775242673995,0,monitor_data.speed_ref
1775242673995,0,monitor_data.speed_ref
1775242673996,0,monitor_data.speed_ref
1775242673996,0,monitor_data.speed_ref
1775242673996,0,monitor_data.speed_ref
1775242673997,0,monitor_data.speed_ref
1775242673997,0,monitor_data.speed_ref
1775242673998,0,monitor_data.speed_ref
1775242673999,0,monitor_data.speed_ref
1775242674001,0,monitor_data.speed_ref
1775242674002,0,monitor_data.speed_ref
1775242674002,0,monitor_data.speed_ref
1775242674003,0,monitor_data.speed_ref
1775242674004,0,monitor_data.speed_ref
1775242674004,0,monitor_data.speed_ref
1775242674005,0,monitor_data.speed_ref
1775242674006,0,monitor_data.speed_ref
1775242674007,0,monitor_data.speed_ref
1775242674008,0,monitor_data.speed_ref
1775242674009,0,monitor_data.speed_ref
1775242674010,0,monitor_data.speed_ref
1775242674011,0,monitor_data.speed_ref
1775242674012,0,monitor_data.speed_ref
1775242674013,0,monitor_data.speed_ref
1775242674014,0,monitor_data.speed_ref
1775242674015,0,monitor_data.speed_ref
1775242674016,0,monitor_data.speed_ref
1775242674017,0,monitor_data.speed_ref
1775242674018,0,monitor_data.speed_ref
1775242674019,0,monitor_data.speed_ref
1775242674020,0,monitor_data.speed_ref
1775242674021,0,monitor_data.speed_ref
1775242674022,0,monitor_data.speed_ref
1775242674023,0,monitor_data.speed_ref
1775242674024,0,monitor_data.speed_ref
1775242674025,0,monitor_data.speed_ref
1775242674026,0,monitor_data.speed_ref
1775242674027,0,monitor_data.speed_ref
1775242674028,0,monitor_data.speed_ref
1775242674029,0,monitor_data.speed_ref
1775242674030,0,monitor_data.speed_ref
1775242674031,0,monitor_data.speed_ref
1775242674032,0,monitor_data.speed_ref
1775242674033,0,monitor_data.speed_ref
1775242674034,0,monitor_data.speed_ref
1775242674036,0,monitor_data.speed_ref
1775242674037,0,monitor_data.speed_ref
1775242673988,4.833957195281982,monitor_data.theta_mech
1775242673988,4.834340572357178,monitor_data.theta_mech
1775242673989,4.834340572357178,monitor_data.theta_mech
1775242673989,4.833957195281982,monitor_data.theta_mech
1775242673990,4.833189964294434,monitor_data.theta_mech
1775242673990,4.832423210144043,monitor_data.theta_mech
1775242673991,4.832423210144043,monitor_data.theta_mech
1775242673992,4.832806587219238,monitor_data.theta_mech
1775242673992,4.833957195281982,monitor_data.theta_mech
1775242673993,4.8320393562316895,monitor_data.theta_mech
1775242673994,4.832423210144043,monitor_data.theta_mech
1775242673994,4.832423210144043,monitor_data.theta_mech
1775242673995,4.8320393562316895,monitor_data.theta_mech
1775242673995,4.833189964294434,monitor_data.theta_mech
1775242673996,4.832806587219238,monitor_data.theta_mech
1775242673996,4.831655979156494,monitor_data.theta_mech
1775242673996,4.832423210144043,monitor_data.theta_mech
1775242673997,4.833189964294434,monitor_data.theta_mech
1775242673997,4.832423210144043,monitor_data.theta_mech
1775242673998,4.833189964294434,monitor_data.theta_mech
1775242673999,4.833189964294434,monitor_data.theta_mech
1775242674001,4.833957195281982,monitor_data.theta_mech
1775242674002,4.834340572357178,monitor_data.theta_mech
1775242674002,4.833957195281982,monitor_data.theta_mech
1775242674003,4.833573341369629,monitor_data.theta_mech
1775242674004,4.833957195281982,monitor_data.theta_mech
1775242674004,4.833573341369629,monitor_data.theta_mech
1775242674005,4.834723949432373,monitor_data.theta_mech
1775242674006,4.833957195281982,monitor_data.theta_mech
1775242674007,4.833957195281982,monitor_data.theta_mech
1775242674008,4.834340572357178,monitor_data.theta_mech
1775242674009,4.834723949432373,monitor_data.theta_mech
1775242674010,4.834723949432373,monitor_data.theta_mech
1775242674011,4.834340572357178,monitor_data.theta_mech
1775242674012,4.834340572357178,monitor_data.theta_mech
1775242674013,4.833573341369629,monitor_data.theta_mech
1775242674014,4.833189964294434,monitor_data.theta_mech
1775242674015,4.833573341369629,monitor_data.theta_mech
1775242674016,4.832806587219238,monitor_data.theta_mech
1775242674017,4.832423210144043,monitor_data.theta_mech
1775242674018,4.833189964294434,monitor_data.theta_mech
1775242674019,4.833189964294434,monitor_data.theta_mech
1775242674020,4.834340572357178,monitor_data.theta_mech
1775242674021,4.832806587219238,monitor_data.theta_mech
1775242674022,4.832806587219238,monitor_data.theta_mech
1775242674023,4.833189964294434,monitor_data.theta_mech
1775242674024,4.833189964294434,monitor_data.theta_mech
1775242674025,4.833957195281982,monitor_data.theta_mech
1775242674026,4.833957195281982,monitor_data.theta_mech
1775242674027,4.834723949432373,monitor_data.theta_mech
1775242674028,4.834340572357178,monitor_data.theta_mech
1775242674029,4.834340572357178,monitor_data.theta_mech
1775242674030,4.833957195281982,monitor_data.theta_mech
1775242674031,4.834340572357178,monitor_data.theta_mech
1775242674032,4.833957195281982,monitor_data.theta_mech
1775242674033,4.833957195281982,monitor_data.theta_mech
1775242674034,4.833957195281982,monitor_data.theta_mech
1775242674036,4.833573341369629,monitor_data.theta_mech
1775242674037,4.833189964294434,monitor_data.theta_mech
1775242674039,0,monitor_data.speed_ref
1775242674040,0,monitor_data.speed_ref
1775242674041,0,monitor_data.speed_ref
1775242674042,0,monitor_data.speed_ref
1775242674043,0,monitor_data.speed_ref
1775242674044,0,monitor_data.speed_ref
1775242674045,0,monitor_data.speed_ref
1775242674047,0,monitor_data.speed_ref
1775242674048,0,monitor_data.speed_ref
1775242674049,0,monitor_data.speed_ref
1775242674050,0,monitor_data.speed_ref
1775242674052,0,monitor_data.speed_ref
1775242674052,0,monitor_data.speed_ref
1775242674053,0,monitor_data.speed_ref
1775242674053,0,monitor_data.speed_ref
1775242674054,0,monitor_data.speed_ref
1775242674054,0,monitor_data.speed_ref
1775242674055,0,monitor_data.speed_ref
1775242674055,0,monitor_data.speed_ref
1775242674056,0,monitor_data.speed_ref
1775242674057,0,monitor_data.speed_ref
1775242674058,0,monitor_data.speed_ref
1775242674059,0,monitor_data.speed_ref
1775242674060,0,monitor_data.speed_ref
1775242674061,0,monitor_data.speed_ref
1775242674062,0,monitor_data.speed_ref
1775242674063,0,monitor_data.speed_ref
1775242674064,0,monitor_data.speed_ref
1775242674065,0,monitor_data.speed_ref
1775242674066,0,monitor_data.speed_ref
1775242674068,0,monitor_data.speed_ref
1775242674069,0,monitor_data.speed_ref
1775242674070,0,monitor_data.speed_ref
1775242674070,0,monitor_data.speed_ref
1775242674071,0,monitor_data.speed_ref
1775242674072,0,monitor_data.speed_ref
1775242674073,0,monitor_data.speed_ref
1775242674074,0,monitor_data.speed_ref
1775242674075,0,monitor_data.speed_ref
1775242674076,0,monitor_data.speed_ref
1775242674077,0,monitor_data.speed_ref
1775242674078,0,monitor_data.speed_ref
1775242674079,0,monitor_data.speed_ref
1775242674080,0,monitor_data.speed_ref
1775242674081,0,monitor_data.speed_ref
1775242674082,0,monitor_data.speed_ref
1775242674083,0,monitor_data.speed_ref
1775242674084,0,monitor_data.speed_ref
1775242674085,0,monitor_data.speed_ref
1775242674086,0,monitor_data.speed_ref
1775242674087,0,monitor_data.speed_ref
1775242674088,0,monitor_data.speed_ref
1775242674039,4.832806587219238,monitor_data.theta_mech
1775242674040,4.832806587219238,monitor_data.theta_mech
1775242674041,4.833957195281982,monitor_data.theta_mech
1775242674042,4.833189964294434,monitor_data.theta_mech
1775242674043,4.832806587219238,monitor_data.theta_mech
1775242674044,4.832806587219238,monitor_data.theta_mech
1775242674045,4.834340572357178,monitor_data.theta_mech
1775242674047,4.833573341369629,monitor_data.theta_mech
1775242674048,4.833189964294434,monitor_data.theta_mech
1775242674049,4.834340572357178,monitor_data.theta_mech
1775242674050,4.833957195281982,monitor_data.theta_mech
1775242674052,4.834340572357178,monitor_data.theta_mech
1775242674052,4.834340572357178,monitor_data.theta_mech
1775242674053,4.834340572357178,monitor_data.theta_mech
1775242674053,4.834723949432373,monitor_data.theta_mech
1775242674054,4.833957195281982,monitor_data.theta_mech
1775242674054,4.834340572357178,monitor_data.theta_mech
1775242674055,4.833957195281982,monitor_data.theta_mech
1775242674055,4.833573341369629,monitor_data.theta_mech
1775242674056,4.833189964294434,monitor_data.theta_mech
1775242674057,4.833573341369629,monitor_data.theta_mech
1775242674058,4.833189964294434,monitor_data.theta_mech
1775242674059,4.833573341369629,monitor_data.theta_mech
1775242674060,4.832806587219238,monitor_data.theta_mech
1775242674061,4.832806587219238,monitor_data.theta_mech
1775242674062,4.833573341369629,monitor_data.theta_mech
1775242674063,4.833189964294434,monitor_data.theta_mech
1775242674064,4.833573341369629,monitor_data.theta_mech
1775242674065,4.833189964294434,monitor_data.theta_mech
1775242674066,4.832806587219238,monitor_data.theta_mech
1775242674068,4.833573341369629,monitor_data.theta_mech
1775242674069,4.834340572357178,monitor_data.theta_mech
1775242674070,4.834340572357178,monitor_data.theta_mech
1775242674070,4.833957195281982,monitor_data.theta_mech
1775242674071,4.834340572357178,monitor_data.theta_mech
1775242674072,4.834723949432373,monitor_data.theta_mech
1775242674073,4.834723949432373,monitor_data.theta_mech
1775242674074,4.834340572357178,monitor_data.theta_mech
1775242674075,4.833573341369629,monitor_data.theta_mech
1775242674076,4.834340572357178,monitor_data.theta_mech
1775242674077,4.834340572357178,monitor_data.theta_mech
1775242674078,4.834723949432373,monitor_data.theta_mech
1775242674079,4.834723949432373,monitor_data.theta_mech
1775242674080,4.834340572357178,monitor_data.theta_mech
1775242674081,4.833957195281982,monitor_data.theta_mech
1775242674082,4.834340572357178,monitor_data.theta_mech
1775242674083,4.833957195281982,monitor_data.theta_mech
1775242674084,4.834723949432373,monitor_data.theta_mech
1775242674085,4.833573341369629,monitor_data.theta_mech
1775242674086,4.833573341369629,monitor_data.theta_mech
1775242674087,4.832806587219238,monitor_data.theta_mech
1775242674088,4.833189964294434,monitor_data.theta_mech
1775242674089,0,monitor_data.speed_ref
1775242674090,0,monitor_data.speed_ref
1775242674091,0,monitor_data.speed_ref
1775242674092,0,monitor_data.speed_ref
1775242674093,0,monitor_data.speed_ref
1775242674094,0,monitor_data.speed_ref
1775242674095,0,monitor_data.speed_ref
1775242674096,0,monitor_data.speed_ref
1775242674097,0,monitor_data.speed_ref
1775242674098,0,monitor_data.speed_ref
1775242674099,0,monitor_data.speed_ref
1775242674101,0,monitor_data.speed_ref
1775242674102,0,monitor_data.speed_ref
1775242674102,0,monitor_data.speed_ref
1775242674103,0,monitor_data.speed_ref
1775242674104,0,monitor_data.speed_ref
1775242674105,0,monitor_data.speed_ref
1775242674106,0,monitor_data.speed_ref
1775242674107,0,monitor_data.speed_ref
1775242674108,0,monitor_data.speed_ref
1775242674109,0,monitor_data.speed_ref
1775242674110,0,monitor_data.speed_ref
1775242674111,0,monitor_data.speed_ref
1775242674112,0,monitor_data.speed_ref
1775242674113,0,monitor_data.speed_ref
1775242674114,0,monitor_data.speed_ref
1775242674115,0,monitor_data.speed_ref
1775242674116,0,monitor_data.speed_ref
1775242674118,0,monitor_data.speed_ref
1775242674119,0,monitor_data.speed_ref
1775242674120,0,monitor_data.speed_ref
1775242674120,0,monitor_data.speed_ref
1775242674121,0,monitor_data.speed_ref
1775242674122,0,monitor_data.speed_ref
1775242674123,0,monitor_data.speed_ref
1775242674124,0,monitor_data.speed_ref
1775242674125,0,monitor_data.speed_ref
1775242674126,0,monitor_data.speed_ref
1775242674127,0,monitor_data.speed_ref
1775242674128,0,monitor_data.speed_ref
1775242674129,0,monitor_data.speed_ref
1775242674130,0,monitor_data.speed_ref
1775242674131,0,monitor_data.speed_ref
1775242674132,0,monitor_data.speed_ref
1775242674133,0,monitor_data.speed_ref
1775242674135,0,monitor_data.speed_ref
1775242674136,0,monitor_data.speed_ref
1775242674137,0,monitor_data.speed_ref
1775242674138,0,monitor_data.speed_ref
1775242674089,4.833189964294434,monitor_data.theta_mech
1775242674090,4.833189964294434,monitor_data.theta_mech
1775242674091,4.832806587219238,monitor_data.theta_mech
1775242674092,4.833573341369629,monitor_data.theta_mech
1775242674093,4.833957195281982,monitor_data.theta_mech
1775242674094,4.832806587219238,monitor_data.theta_mech
1775242674095,4.834340572357178,monitor_data.theta_mech
1775242674096,4.833189964294434,monitor_data.theta_mech
1775242674097,4.833573341369629,monitor_data.theta_mech
1775242674098,4.835107326507568,monitor_data.theta_mech
1775242674099,4.834340572357178,monitor_data.theta_mech
1775242674101,4.834723949432373,monitor_data.theta_mech
1775242674102,4.833957195281982,monitor_data.theta_mech
1775242674102,4.834340572357178,monitor_data.theta_mech
1775242674103,4.835490703582764,monitor_data.theta_mech
1775242674104,4.833957195281982,monitor_data.theta_mech
1775242674105,4.834340572357178,monitor_data.theta_mech
1775242674106,4.833573341369629,monitor_data.theta_mech
1775242674107,4.834340572357178,monitor_data.theta_mech
1775242674108,4.834340572357178,monitor_data.theta_mech
1775242674109,4.833957195281982,monitor_data.theta_mech
1775242674110,4.834723949432373,monitor_data.theta_mech
1775242674111,4.833573341369629,monitor_data.theta_mech
1775242674112,4.835107326507568,monitor_data.theta_mech
1775242674113,4.833957195281982,monitor_data.theta_mech
1775242674114,4.835107326507568,monitor_data.theta_mech
1775242674115,4.833957195281982,monitor_data.theta_mech
1775242674116,4.833189964294434,monitor_data.theta_mech
1775242674118,4.834340572357178,monitor_data.theta_mech
1775242674119,4.833957195281982,monitor_data.theta_mech
1775242674120,4.834340572357178,monitor_data.theta_mech
1775242674120,4.834723949432373,monitor_data.theta_mech
1775242674121,4.833957195281982,monitor_data.theta_mech
1775242674122,4.833957195281982,monitor_data.theta_mech
1775242674123,4.834340572357178,monitor_data.theta_mech
1775242674124,4.834340572357178,monitor_data.theta_mech
1775242674125,4.833573341369629,monitor_data.theta_mech
1775242674126,4.833957195281982,monitor_data.theta_mech
1775242674127,4.834723949432373,monitor_data.theta_mech
1775242674128,4.833573341369629,monitor_data.theta_mech
1775242674129,4.833189964294434,monitor_data.theta_mech
1775242674130,4.833573341369629,monitor_data.theta_mech
1775242674131,4.833957195281982,monitor_data.theta_mech
1775242674132,4.834340572357178,monitor_data.theta_mech
1775242674133,4.834340572357178,monitor_data.theta_mech
1775242674135,4.834340572357178,monitor_data.theta_mech
1775242674136,4.834340572357178,monitor_data.theta_mech
1775242674137,4.834340572357178,monitor_data.theta_mech
1775242674138,4.834340572357178,monitor_data.theta_mech
1775242674138,0,monitor_data.speed_ref
1775242674139,0,monitor_data.speed_ref
1775242674140,0,monitor_data.speed_ref
1775242674141,0,monitor_data.speed_ref
1775242674142,0,monitor_data.speed_ref
1775242674143,0,monitor_data.speed_ref
1775242674144,0,monitor_data.speed_ref
1775242674145,0,monitor_data.speed_ref
1775242674146,0,monitor_data.speed_ref
1775242674147,0,monitor_data.speed_ref
1775242674148,0,monitor_data.speed_ref
1775242674149,0,monitor_data.speed_ref
1775242674151,0,monitor_data.speed_ref
1775242674152,0,monitor_data.speed_ref
1775242674153,0,monitor_data.speed_ref
1775242674154,0,monitor_data.speed_ref
1775242674154,0,monitor_data.speed_ref
1775242674155,0,monitor_data.speed_ref
1775242674156,0,monitor_data.speed_ref
1775242674157,0,monitor_data.speed_ref
1775242674158,0,monitor_data.speed_ref
1775242674159,0,monitor_data.speed_ref
1775242674160,0,monitor_data.speed_ref
1775242674161,0,monitor_data.speed_ref
1775242674162,0,monitor_data.speed_ref
1775242674163,0,monitor_data.speed_ref
1775242674164,0,monitor_data.speed_ref
1775242674165,0,monitor_data.speed_ref
1775242674166,0,monitor_data.speed_ref
1775242674167,0,monitor_data.speed_ref
1775242674168,0,monitor_data.speed_ref
1775242674169,0,monitor_data.speed_ref
1775242674170,0,monitor_data.speed_ref
1775242674171,0,monitor_data.speed_ref
1775242674172,0,monitor_data.speed_ref
1775242674173,0,monitor_data.speed_ref
1775242674174,0,monitor_data.speed_ref
1775242674175,0,monitor_data.speed_ref
1775242674176,0,monitor_data.speed_ref
1775242674177,0,monitor_data.speed_ref
1775242674178,0,monitor_data.speed_ref
1775242674179,0,monitor_data.speed_ref
1775242674180,0,monitor_data.speed_ref
1775242674181,0,monitor_data.speed_ref
1775242674182,0,monitor_data.speed_ref
1775242674183,0,monitor_data.speed_ref
1775242674184,0,monitor_data.speed_ref
1775242674185,0,monitor_data.speed_ref
1775242674186,0,monitor_data.speed_ref
1775242674187,0,monitor_data.speed_ref
1775242674188,0,monitor_data.speed_ref
1775242674189,0,monitor_data.speed_ref
1775242674138,4.833573341369629,monitor_data.theta_mech
1775242674139,4.834340572357178,monitor_data.theta_mech
1775242674140,4.833957195281982,monitor_data.theta_mech
1775242674141,4.833573341369629,monitor_data.theta_mech
1775242674142,4.833957195281982,monitor_data.theta_mech
1775242674143,4.835107326507568,monitor_data.theta_mech
1775242674144,4.833957195281982,monitor_data.theta_mech
1775242674145,4.834340572357178,monitor_data.theta_mech
1775242674146,4.833957195281982,monitor_data.theta_mech
1775242674147,4.834723949432373,monitor_data.theta_mech
1775242674148,4.834723949432373,monitor_data.theta_mech
1775242674149,4.834340572357178,monitor_data.theta_mech
1775242674151,4.834340572357178,monitor_data.theta_mech
1775242674152,4.834340572357178,monitor_data.theta_mech
1775242674153,4.834723949432373,monitor_data.theta_mech
1775242674154,4.833957195281982,monitor_data.theta_mech
1775242674154,4.833957195281982,monitor_data.theta_mech
1775242674155,4.833573341369629,monitor_data.theta_mech
1775242674156,4.833573341369629,monitor_data.theta_mech
1775242674157,4.834723949432373,monitor_data.theta_mech
1775242674158,4.834340572357178,monitor_data.theta_mech
1775242674159,4.833573341369629,monitor_data.theta_mech
1775242674160,4.833957195281982,monitor_data.theta_mech
1775242674161,4.834340572357178,monitor_data.theta_mech
1775242674162,4.834340572357178,monitor_data.theta_mech
1775242674163,4.835107326507568,monitor_data.theta_mech
1775242674164,4.834340572357178,monitor_data.theta_mech
1775242674165,4.834340572357178,monitor_data.theta_mech
1775242674166,4.834340572357178,monitor_data.theta_mech
1775242674167,4.834340572357178,monitor_data.theta_mech
1775242674168,4.833957195281982,monitor_data.theta_mech
1775242674169,4.833573341369629,monitor_data.theta_mech
1775242674170,4.835107326507568,monitor_data.theta_mech
1775242674171,4.833957195281982,monitor_data.theta_mech
1775242674172,4.833573341369629,monitor_data.theta_mech
1775242674173,4.833957195281982,monitor_data.theta_mech
1775242674174,4.833573341369629,monitor_data.theta_mech
1775242674175,4.833573341369629,monitor_data.theta_mech
1775242674176,4.833573341369629,monitor_data.theta_mech
1775242674177,4.833957195281982,monitor_data.theta_mech
1775242674178,4.833189964294434,monitor_data.theta_mech
1775242674179,4.833957195281982,monitor_data.theta_mech
1775242674180,4.833573341369629,monitor_data.theta_mech
1775242674181,4.833957195281982,monitor_data.theta_mech
1775242674182,4.833957195281982,monitor_data.theta_mech
1775242674183,4.833957195281982,monitor_data.theta_mech
1775242674184,4.834340572357178,monitor_data.theta_mech
1775242674185,4.833573341369629,monitor_data.theta_mech
1775242674186,4.834723949432373,monitor_data.theta_mech
1775242674187,4.834340572357178,monitor_data.theta_mech
1775242674188,4.833957195281982,monitor_data.theta_mech
1775242674189,4.835107326507568,monitor_data.theta_mech
1775242674190,0,monitor_data.speed_ref
1775242674191,0,monitor_data.speed_ref
1775242674192,0,monitor_data.speed_ref
1775242674193,0,monitor_data.speed_ref
1775242674194,0,monitor_data.speed_ref
1775242674195,0,monitor_data.speed_ref
1775242674196,0,monitor_data.speed_ref
1775242674197,0,monitor_data.speed_ref
1775242674198,0,monitor_data.speed_ref
1775242674199,0,monitor_data.speed_ref
1775242674201,0,monitor_data.speed_ref
1775242674202,0,monitor_data.speed_ref
1775242674202,0,monitor_data.speed_ref
1775242674203,0,monitor_data.speed_ref
1775242674204,0,monitor_data.speed_ref
1775242674205,0,monitor_data.speed_ref
1775242674206,0,monitor_data.speed_ref
1775242674207,0,monitor_data.speed_ref
1775242674208,0,monitor_data.speed_ref
1775242674209,0,monitor_data.speed_ref
1775242674210,0,monitor_data.speed_ref
1775242674211,0,monitor_data.speed_ref
1775242674212,0,monitor_data.speed_ref
1775242674213,0,monitor_data.speed_ref
1775242674214,0,monitor_data.speed_ref
1775242674215,0,monitor_data.speed_ref
1775242674216,0,monitor_data.speed_ref
1775242674217,0,monitor_data.speed_ref
1775242674218,0,monitor_data.speed_ref
1775242674219,0,monitor_data.speed_ref
1775242674220,0,monitor_data.speed_ref
1775242674221,0,monitor_data.speed_ref
1775242674222,0,monitor_data.speed_ref
1775242674223,0,monitor_data.speed_ref
1775242674224,0,monitor_data.speed_ref
1775242674225,0,monitor_data.speed_ref
1775242674226,0,monitor_data.speed_ref
1775242674227,0,monitor_data.speed_ref
1775242674228,0,monitor_data.speed_ref
1775242674229,0,monitor_data.speed_ref
1775242674230,0,monitor_data.speed_ref
1775242674231,0,monitor_data.speed_ref
1775242674232,0,monitor_data.speed_ref
1775242674233,0,monitor_data.speed_ref
1775242674234,0,monitor_data.speed_ref
1775242674235,0,monitor_data.speed_ref
1775242674236,0,monitor_data.speed_ref
1775242674190,4.834340572357178,monitor_data.theta_mech
1775242674191,4.834340572357178,monitor_data.theta_mech
1775242674192,4.834340572357178,monitor_data.theta_mech
1775242674193,4.833189964294434,monitor_data.theta_mech
1775242674194,4.833957195281982,monitor_data.theta_mech
1775242674195,4.833189964294434,monitor_data.theta_mech
1775242674196,4.833573341369629,monitor_data.theta_mech
1775242674197,4.832806587219238,monitor_data.theta_mech
1775242674198,4.832806587219238,monitor_data.theta_mech
1775242674199,4.832806587219238,monitor_data.theta_mech
1775242674201,4.833573341369629,monitor_data.theta_mech
1775242674202,4.833573341369629,monitor_data.theta_mech
1775242674202,4.832806587219238,monitor_data.theta_mech
1775242674203,4.834340572357178,monitor_data.theta_mech
1775242674204,4.832423210144043,monitor_data.theta_mech
1775242674205,4.833189964294434,monitor_data.theta_mech
1775242674206,4.834340572357178,monitor_data.theta_mech
1775242674207,4.834340572357178,monitor_data.theta_mech
1775242674208,4.833957195281982,monitor_data.theta_mech
1775242674209,4.835107326507568,monitor_data.theta_mech
1775242674210,4.833573341369629,monitor_data.theta_mech
1775242674211,4.834340572357178,monitor_data.theta_mech
1775242674212,4.833189964294434,monitor_data.theta_mech
1775242674213,4.833573341369629,monitor_data.theta_mech
1775242674214,4.833573341369629,monitor_data.theta_mech
1775242674215,4.833573341369629,monitor_data.theta_mech
1775242674216,4.832423210144043,monitor_data.theta_mech
1775242674217,4.834340572357178,monitor_data.theta_mech
1775242674218,4.834340572357178,monitor_data.theta_mech
1775242674219,4.833573341369629,monitor_data.theta_mech
1775242674220,4.833573341369629,monitor_data.theta_mech
1775242674221,4.833957195281982,monitor_data.theta_mech
1775242674222,4.833189964294434,monitor_data.theta_mech
1775242674223,4.833189964294434,monitor_data.theta_mech
1775242674224,4.833573341369629,monitor_data.theta_mech
1775242674225,4.833573341369629,monitor_data.theta_mech
1775242674226,4.833573341369629,monitor_data.theta_mech
1775242674227,4.833573341369629,monitor_data.theta_mech
1775242674228,4.834340572357178,monitor_data.theta_mech
1775242674229,4.834340572357178,monitor_data.theta_mech
1775242674230,4.834340572357178,monitor_data.theta_mech
1775242674231,4.833573341369629,monitor_data.theta_mech
1775242674232,4.835874557495117,monitor_data.theta_mech
1775242674233,4.834723949432373,monitor_data.theta_mech
1775242674234,4.833573341369629,monitor_data.theta_mech
1775242674235,4.833573341369629,monitor_data.theta_mech
1775242674236,4.834340572357178,monitor_data.theta_mech
1775242674237,0,monitor_data.speed_ref
1775242674238,0,monitor_data.speed_ref
1775242674239,0,monitor_data.speed_ref
1775242674240,0,monitor_data.speed_ref
1775242674241,0,monitor_data.speed_ref
1775242674242,0,monitor_data.speed_ref
1775242674243,0,monitor_data.speed_ref
1775242674244,0,monitor_data.speed_ref
1775242674245,0,monitor_data.speed_ref
1775242674246,0,monitor_data.speed_ref
1775242674247,0,monitor_data.speed_ref
1775242674248,0,monitor_data.speed_ref
1775242674249,0,monitor_data.speed_ref
1775242674250,0,monitor_data.speed_ref
1775242674251,0,monitor_data.speed_ref
1775242674252,0,monitor_data.speed_ref
1775242674253,0,monitor_data.speed_ref
1775242674254,0,monitor_data.speed_ref
1775242674255,0,monitor_data.speed_ref
1775242674256,0,monitor_data.speed_ref
1775242674257,0,monitor_data.speed_ref
1775242674258,0,monitor_data.speed_ref
1775242674259,0,monitor_data.speed_ref
1775242674260,0,monitor_data.speed_ref
1775242674261,0,monitor_data.speed_ref
1775242674262,0,monitor_data.speed_ref
1775242674263,0,monitor_data.speed_ref
1775242674264,0,monitor_data.speed_ref
1775242674265,0,monitor_data.speed_ref
1775242674266,0,monitor_data.speed_ref
1775242674267,0,monitor_data.speed_ref
1775242674268,0,monitor_data.speed_ref
1775242674269,0,monitor_data.speed_ref
1775242674270,0,monitor_data.speed_ref
1775242674271,0,monitor_data.speed_ref
1775242674272,0,monitor_data.speed_ref
1775242674273,0,monitor_data.speed_ref
1775242674274,0,monitor_data.speed_ref
1775242674275,0,monitor_data.speed_ref
1775242674276,0,monitor_data.speed_ref
1775242674277,0,monitor_data.speed_ref
1775242674278,0,monitor_data.speed_ref
1775242674279,0,monitor_data.speed_ref
1775242674280,0,monitor_data.speed_ref
1775242674281,0,monitor_data.speed_ref
1775242674282,0,monitor_data.speed_ref
1775242674283,0,monitor_data.speed_ref
1775242674284,0,monitor_data.speed_ref
1775242674285,0,monitor_data.speed_ref
1775242674286,0,monitor_data.speed_ref
1775242674287,0,monitor_data.speed_ref
1775242674288,0,monitor_data.speed_ref
1775242674289,0,monitor_data.speed_ref
1775242674290,0,monitor_data.speed_ref
1775242674237,4.833573341369629,monitor_data.theta_mech
1775242674238,4.833957195281982,monitor_data.theta_mech
1775242674239,4.833189964294434,monitor_data.theta_mech
1775242674240,4.833573341369629,monitor_data.theta_mech
1775242674241,4.833957195281982,monitor_data.theta_mech
1775242674242,4.833957195281982,monitor_data.theta_mech
1775242674243,4.833957195281982,monitor_data.theta_mech
1775242674244,4.832806587219238,monitor_data.theta_mech
1775242674245,4.834340572357178,monitor_data.theta_mech
1775242674246,4.833957195281982,monitor_data.theta_mech
1775242674247,4.833573341369629,monitor_data.theta_mech
1775242674248,4.834340572357178,monitor_data.theta_mech
1775242674249,4.834340572357178,monitor_data.theta_mech
1775242674250,4.834340572357178,monitor_data.theta_mech
1775242674251,4.834723949432373,monitor_data.theta_mech
1775242674252,4.834340572357178,monitor_data.theta_mech
1775242674253,4.835107326507568,monitor_data.theta_mech
1775242674254,4.834723949432373,monitor_data.theta_mech
1775242674255,4.833957195281982,monitor_data.theta_mech
1775242674256,4.834723949432373,monitor_data.theta_mech
1775242674257,4.833957195281982,monitor_data.theta_mech
1775242674258,4.834340572357178,monitor_data.theta_mech
1775242674259,4.833573341369629,monitor_data.theta_mech
1775242674260,4.833957195281982,monitor_data.theta_mech
1775242674261,4.833573341369629,monitor_data.theta_mech
1775242674262,4.832806587219238,monitor_data.theta_mech
1775242674263,4.833189964294434,monitor_data.theta_mech
1775242674264,4.833189964294434,monitor_data.theta_mech
1775242674265,4.833573341369629,monitor_data.theta_mech
1775242674266,4.833573341369629,monitor_data.theta_mech
1775242674267,4.834340572357178,monitor_data.theta_mech
1775242674268,4.834340572357178,monitor_data.theta_mech
1775242674269,4.833957195281982,monitor_data.theta_mech
1775242674270,4.833957195281982,monitor_data.theta_mech
1775242674271,4.833957195281982,monitor_data.theta_mech
1775242674272,4.834340572357178,monitor_data.theta_mech
1775242674273,4.833957195281982,monitor_data.theta_mech
1775242674274,4.835490703582764,monitor_data.theta_mech
1775242674275,4.833957195281982,monitor_data.theta_mech
1775242674276,4.833957195281982,monitor_data.theta_mech
1775242674277,4.833573341369629,monitor_data.theta_mech
1775242674278,4.833189964294434,monitor_data.theta_mech
1775242674279,4.834340572357178,monitor_data.theta_mech
1775242674280,4.833573341369629,monitor_data.theta_mech
1775242674281,4.833573341369629,monitor_data.theta_mech
1775242674282,4.832806587219238,monitor_data.theta_mech
1775242674283,4.833573341369629,monitor_data.theta_mech
1775242674284,4.832423210144043,monitor_data.theta_mech
1775242674285,4.833573341369629,monitor_data.theta_mech
1775242674286,4.833957195281982,monitor_data.theta_mech
1775242674287,4.834340572357178,monitor_data.theta_mech
1775242674288,4.834340572357178,monitor_data.theta_mech
1775242674289,4.834723949432373,monitor_data.theta_mech
1775242674290,4.833189964294434,monitor_data.theta_mech
1775242674291,0,monitor_data.speed_ref
1775242674292,0,monitor_data.speed_ref
1775242674293,0,monitor_data.speed_ref
1775242674294,0,monitor_data.speed_ref
1775242674295,0,monitor_data.speed_ref
1775242674296,0,monitor_data.speed_ref
1775242674297,0,monitor_data.speed_ref
1775242674298,0,monitor_data.speed_ref
1775242674299,0,monitor_data.speed_ref
1775242674300,0,monitor_data.speed_ref
1775242674301,0,monitor_data.speed_ref
1775242674302,0,monitor_data.speed_ref
1775242674303,0,monitor_data.speed_ref
1775242674304,0,monitor_data.speed_ref
1775242674305,0,monitor_data.speed_ref
1775242674306,0,monitor_data.speed_ref
1775242674307,0,monitor_data.speed_ref
1775242674308,0,monitor_data.speed_ref
1775242674309,0,monitor_data.speed_ref
1775242674310,0,monitor_data.speed_ref
1775242674311,0,monitor_data.speed_ref
1775242674312,0,monitor_data.speed_ref
1775242674313,0,monitor_data.speed_ref
1775242674314,0,monitor_data.speed_ref
1775242674315,0,monitor_data.speed_ref
1775242674316,0,monitor_data.speed_ref
1775242674317,0,monitor_data.speed_ref
1775242674318,0,monitor_data.speed_ref
1775242674319,0,monitor_data.speed_ref
1775242674320,0,monitor_data.speed_ref
1775242674321,0,monitor_data.speed_ref
1775242674322,0,monitor_data.speed_ref
1775242674323,0,monitor_data.speed_ref
1775242674324,0,monitor_data.speed_ref
1775242674325,0,monitor_data.speed_ref
1775242674326,0,monitor_data.speed_ref
1775242674327,0,monitor_data.speed_ref
1775242674328,0,monitor_data.speed_ref
1775242674329,0,monitor_data.speed_ref
1775242674330,0,monitor_data.speed_ref
1775242674331,0,monitor_data.speed_ref
1775242674332,0,monitor_data.speed_ref
1775242674333,0,monitor_data.speed_ref
1775242674336,0,monitor_data.speed_ref
1775242674336,0,monitor_data.speed_ref
1775242674337,0,monitor_data.speed_ref
1775242674338,0,monitor_data.speed_ref
1775242674338,0,monitor_data.speed_ref
1775242674339,0,monitor_data.speed_ref
1775242674340,0,monitor_data.speed_ref
1775242674291,4.834340572357178,monitor_data.theta_mech
1775242674292,4.834340572357178,monitor_data.theta_mech
1775242674293,4.834340572357178,monitor_data.theta_mech
1775242674294,4.834723949432373,monitor_data.theta_mech
1775242674295,4.834340572357178,monitor_data.theta_mech
1775242674296,4.834723949432373,monitor_data.theta_mech
1775242674297,4.834340572357178,monitor_data.theta_mech
1775242674298,4.833573341369629,monitor_data.theta_mech
1775242674299,4.833957195281982,monitor_data.theta_mech
1775242674300,4.833957195281982,monitor_data.theta_mech
1775242674301,4.833573341369629,monitor_data.theta_mech
1775242674302,4.833957195281982,monitor_data.theta_mech
1775242674303,4.833573341369629,monitor_data.theta_mech
1775242674304,4.833957195281982,monitor_data.theta_mech
1775242674305,4.833957195281982,monitor_data.theta_mech
1775242674306,4.833957195281982,monitor_data.theta_mech
1775242674307,4.835107326507568,monitor_data.theta_mech
1775242674308,4.834340572357178,monitor_data.theta_mech
1775242674309,4.833957195281982,monitor_data.theta_mech
1775242674310,4.833957195281982,monitor_data.theta_mech
1775242674311,4.834723949432373,monitor_data.theta_mech
1775242674312,4.833957195281982,monitor_data.theta_mech
1775242674313,4.833573341369629,monitor_data.theta_mech
1775242674314,4.833957195281982,monitor_data.theta_mech
1775242674315,4.834340572357178,monitor_data.theta_mech
1775242674316,4.834340572357178,monitor_data.theta_mech
1775242674317,4.834723949432373,monitor_data.theta_mech
1775242674318,4.833957195281982,monitor_data.theta_mech
1775242674319,4.833573341369629,monitor_data.theta_mech
1775242674320,4.834340572357178,monitor_data.theta_mech
1775242674321,4.834340572357178,monitor_data.theta_mech
1775242674322,4.833957195281982,monitor_data.theta_mech
1775242674323,4.834340572357178,monitor_data.theta_mech
1775242674324,4.834340572357178,monitor_data.theta_mech
1775242674325,4.833957195281982,monitor_data.theta_mech
1775242674326,4.834340572357178,monitor_data.theta_mech
1775242674327,4.833189964294434,monitor_data.theta_mech
1775242674328,4.833189964294434,monitor_data.theta_mech
1775242674329,4.833957195281982,monitor_data.theta_mech
1775242674330,4.834723949432373,monitor_data.theta_mech
1775242674331,4.834340572357178,monitor_data.theta_mech
1775242674332,4.834340572357178,monitor_data.theta_mech
1775242674333,4.833957195281982,monitor_data.theta_mech
1775242674336,4.833573341369629,monitor_data.theta_mech
1775242674336,4.834340572357178,monitor_data.theta_mech
1775242674337,4.833957195281982,monitor_data.theta_mech
1775242674338,4.834340572357178,monitor_data.theta_mech
1775242674338,4.834340572357178,monitor_data.theta_mech
1775242674339,4.834340572357178,monitor_data.theta_mech
1775242674340,4.834340572357178,monitor_data.theta_mech
1775242674341,0,monitor_data.speed_ref
1775242674342,0,monitor_data.speed_ref
1775242674343,0,monitor_data.speed_ref
1775242674344,0,monitor_data.speed_ref
1775242674345,0,monitor_data.speed_ref
1775242674346,0,monitor_data.speed_ref
1775242674347,0,monitor_data.speed_ref
1775242674348,0,monitor_data.speed_ref
1775242674349,0,monitor_data.speed_ref
1775242674352,0,monitor_data.speed_ref
1775242674353,0,monitor_data.speed_ref
1775242674353,0,monitor_data.speed_ref
1775242674354,0,monitor_data.speed_ref
1775242674355,0,monitor_data.speed_ref
1775242674355,0,monitor_data.speed_ref
1775242674356,0,monitor_data.speed_ref
1775242674357,0,monitor_data.speed_ref
1775242674358,0,monitor_data.speed_ref
1775242674359,0,monitor_data.speed_ref
1775242674360,0,monitor_data.speed_ref
1775242674361,0,monitor_data.speed_ref
1775242674362,0,monitor_data.speed_ref
1775242674363,0,monitor_data.speed_ref
1775242674364,0,monitor_data.speed_ref
1775242674365,0,monitor_data.speed_ref
1775242674366,0,monitor_data.speed_ref
1775242674367,0,monitor_data.speed_ref
1775242674368,0,monitor_data.speed_ref
1775242674369,0,monitor_data.speed_ref
1775242674370,0,monitor_data.speed_ref
1775242674371,0,monitor_data.speed_ref
1775242674372,0,monitor_data.speed_ref
1775242674373,0,monitor_data.speed_ref
1775242674374,0,monitor_data.speed_ref
1775242674375,0,monitor_data.speed_ref
1775242674376,0,monitor_data.speed_ref
1775242674377,0,monitor_data.speed_ref
1775242674378,0,monitor_data.speed_ref
1775242674379,0,monitor_data.speed_ref
1775242674380,0,monitor_data.speed_ref
1775242674381,0,monitor_data.speed_ref
1775242674382,0,monitor_data.speed_ref
1775242674383,0,monitor_data.speed_ref
1775242674384,0,monitor_data.speed_ref
1775242674385,0,monitor_data.speed_ref
1775242674386,0,monitor_data.speed_ref
1775242674387,0,monitor_data.speed_ref
1775242674388,0,monitor_data.speed_ref
1775242674389,0,monitor_data.speed_ref
1775242674390,0,monitor_data.speed_ref
1775242674341,4.833189964294434,monitor_data.theta_mech
1775242674342,4.834340572357178,monitor_data.theta_mech
1775242674343,4.833957195281982,monitor_data.theta_mech
1775242674344,4.833957195281982,monitor_data.theta_mech
1775242674345,4.834723949432373,monitor_data.theta_mech
1775242674346,4.834340572357178,monitor_data.theta_mech
1775242674347,4.834340572357178,monitor_data.theta_mech
1775242674348,4.833957195281982,monitor_data.theta_mech
1775242674349,4.832806587219238,monitor_data.theta_mech
1775242674352,4.834340572357178,monitor_data.theta_mech
1775242674353,4.834340572357178,monitor_data.theta_mech
1775242674353,4.834340572357178,monitor_data.theta_mech
1775242674354,4.834340572357178,monitor_data.theta_mech
1775242674355,4.834340572357178,monitor_data.theta_mech
1775242674355,4.834723949432373,monitor_data.theta_mech
1775242674356,4.833189964294434,monitor_data.theta_mech
1775242674357,4.833957195281982,monitor_data.theta_mech
1775242674358,4.833573341369629,monitor_data.theta_mech
1775242674359,4.834340572357178,monitor_data.theta_mech
1775242674360,4.833957195281982,monitor_data.theta_mech
1775242674361,4.833957195281982,monitor_data.theta_mech
1775242674362,4.833957195281982,monitor_data.theta_mech
1775242674363,4.833573341369629,monitor_data.theta_mech
1775242674364,4.834340572357178,monitor_data.theta_mech
1775242674365,4.834340572357178,monitor_data.theta_mech
1775242674366,4.834340572357178,monitor_data.theta_mech
1775242674367,4.833957195281982,monitor_data.theta_mech
1775242674368,4.834340572357178,monitor_data.theta_mech
1775242674369,4.832806587219238,monitor_data.theta_mech
1775242674370,4.833573341369629,monitor_data.theta_mech
1775242674371,4.833573341369629,monitor_data.theta_mech
1775242674372,4.834340572357178,monitor_data.theta_mech
1775242674373,4.834723949432373,monitor_data.theta_mech
1775242674374,4.834340572357178,monitor_data.theta_mech
1775242674375,4.835107326507568,monitor_data.theta_mech
1775242674376,4.833957195281982,monitor_data.theta_mech
1775242674377,4.833573341369629,monitor_data.theta_mech
1775242674378,4.834340572357178,monitor_data.theta_mech
1775242674379,4.834723949432373,monitor_data.theta_mech
1775242674380,4.833957195281982,monitor_data.theta_mech
1775242674381,4.835107326507568,monitor_data.theta_mech
1775242674382,4.834723949432373,monitor_data.theta_mech
1775242674383,4.833573341369629,monitor_data.theta_mech
1775242674384,4.835107326507568,monitor_data.theta_mech
1775242674385,4.833573341369629,monitor_data.theta_mech
1775242674386,4.833573341369629,monitor_data.theta_mech
1775242674387,4.833957195281982,monitor_data.theta_mech
1775242674388,4.833573341369629,monitor_data.theta_mech
1775242674389,4.834340572357178,monitor_data.theta_mech
1775242674390,4.834340572357178,monitor_data.theta_mech
1775242674391,0,monitor_data.speed_ref
1775242674392,0,monitor_data.speed_ref
1775242674393,0,monitor_data.speed_ref
1775242674394,0,monitor_data.speed_ref
1775242674395,0,monitor_data.speed_ref
1775242674396,0,monitor_data.speed_ref
1775242674397,0,monitor_data.speed_ref
1775242674398,0,monitor_data.speed_ref
1775242674399,0,monitor_data.speed_ref
1775242674400,0,monitor_data.speed_ref
1775242674401,0,monitor_data.speed_ref
1775242674402,0,monitor_data.speed_ref
1775242674403,0,monitor_data.speed_ref
1775242674404,0,monitor_data.speed_ref
1775242674405,0,monitor_data.speed_ref
1775242674406,0,monitor_data.speed_ref
1775242674407,0,monitor_data.speed_ref
1775242674408,0,monitor_data.speed_ref
1775242674409,0,monitor_data.speed_ref
1775242674410,0,monitor_data.speed_ref
1775242674411,0,monitor_data.speed_ref
1775242674412,0,monitor_data.speed_ref
1775242674413,0,monitor_data.speed_ref
1775242674414,0,monitor_data.speed_ref
1775242674415,0,monitor_data.speed_ref
1775242674416,0,monitor_data.speed_ref
1775242674417,0,monitor_data.speed_ref
1775242674418,0,monitor_data.speed_ref
1775242674419,0,monitor_data.speed_ref
1775242674420,0,monitor_data.speed_ref
1775242674421,0,monitor_data.speed_ref
1775242674422,0,monitor_data.speed_ref
1775242674423,0,monitor_data.speed_ref
1775242674424,0,monitor_data.speed_ref
1775242674425,0,monitor_data.speed_ref
1775242674426,0,monitor_data.speed_ref
1775242674427,0,monitor_data.speed_ref
1775242674428,0,monitor_data.speed_ref
1775242674429,0,monitor_data.speed_ref
1775242674430,0,monitor_data.speed_ref
1775242674431,0,monitor_data.speed_ref
1775242674432,0,monitor_data.speed_ref
1775242674433,0,monitor_data.speed_ref
1775242674434,0,monitor_data.speed_ref
1775242674435,0,monitor_data.speed_ref
1775242674436,0,monitor_data.speed_ref
1775242674437,0,monitor_data.speed_ref
1775242674438,0,monitor_data.speed_ref
1775242674439,0,monitor_data.speed_ref
1775242674440,0,monitor_data.speed_ref
1775242674391,4.834723949432373,monitor_data.theta_mech
1775242674392,4.834340572357178,monitor_data.theta_mech
1775242674393,4.833957195281982,monitor_data.theta_mech
1775242674394,4.833573341369629,monitor_data.theta_mech
1775242674395,4.834723949432373,monitor_data.theta_mech
1775242674396,4.833957195281982,monitor_data.theta_mech
1775242674397,4.833573341369629,monitor_data.theta_mech
1775242674398,4.834340572357178,monitor_data.theta_mech
1775242674399,4.833957195281982,monitor_data.theta_mech
1775242674400,4.833957195281982,monitor_data.theta_mech
1775242674401,4.834340572357178,monitor_data.theta_mech
1775242674402,4.834340572357178,monitor_data.theta_mech
1775242674403,4.833957195281982,monitor_data.theta_mech
1775242674404,4.834340572357178,monitor_data.theta_mech
1775242674405,4.834340572357178,monitor_data.theta_mech
1775242674406,4.833957195281982,monitor_data.theta_mech
1775242674407,4.834340572357178,monitor_data.theta_mech
1775242674408,4.833957195281982,monitor_data.theta_mech
1775242674409,4.833189964294434,monitor_data.theta_mech
1775242674410,4.833957195281982,monitor_data.theta_mech
1775242674411,4.833957195281982,monitor_data.theta_mech
1775242674412,4.833573341369629,monitor_data.theta_mech
1775242674413,4.833573341369629,monitor_data.theta_mech
1775242674414,4.833573341369629,monitor_data.theta_mech
1775242674415,4.833573341369629,monitor_data.theta_mech
1775242674416,4.833957195281982,monitor_data.theta_mech
1775242674417,4.833957195281982,monitor_data.theta_mech
1775242674418,4.833189964294434,monitor_data.theta_mech
1775242674419,4.834340572357178,monitor_data.theta_mech
1775242674420,4.833957195281982,monitor_data.theta_mech
1775242674421,4.834723949432373,monitor_data.theta_mech
1775242674422,4.834723949432373,monitor_data.theta_mech
1775242674423,4.834340572357178,monitor_data.theta_mech
1775242674424,4.832806587219238,monitor_data.theta_mech
1775242674425,4.833957195281982,monitor_data.theta_mech
1775242674426,4.834723949432373,monitor_data.theta_mech
1775242674427,4.833189964294434,monitor_data.theta_mech
1775242674428,4.833957195281982,monitor_data.theta_mech
1775242674429,4.834340572357178,monitor_data.theta_mech
1775242674430,4.834340572357178,monitor_data.theta_mech
1775242674431,4.833957195281982,monitor_data.theta_mech
1775242674432,4.834340572357178,monitor_data.theta_mech
1775242674433,4.834340572357178,monitor_data.theta_mech
1775242674434,4.834340572357178,monitor_data.theta_mech
1775242674435,4.833573341369629,monitor_data.theta_mech
1775242674436,4.834723949432373,monitor_data.theta_mech
1775242674437,4.834340572357178,monitor_data.theta_mech
1775242674438,4.833573341369629,monitor_data.theta_mech
1775242674439,4.833957195281982,monitor_data.theta_mech
1775242674440,4.833573341369629,monitor_data.theta_mech
1775242674441,0,monitor_data.speed_ref
1775242674442,0,monitor_data.speed_ref
1775242674443,0,monitor_data.speed_ref
1775242674444,0,monitor_data.speed_ref
1775242674445,0,monitor_data.speed_ref
1775242674446,0,monitor_data.speed_ref
1775242674447,0,monitor_data.speed_ref
1775242674448,0,monitor_data.speed_ref
1775242674449,0,monitor_data.speed_ref
1775242674450,0,monitor_data.speed_ref
1775242674451,0,monitor_data.speed_ref
1775242674452,0,monitor_data.speed_ref
1775242674453,0,monitor_data.speed_ref
1775242674454,0,monitor_data.speed_ref
1775242674455,0,monitor_data.speed_ref
1775242674456,0,monitor_data.speed_ref
1775242674457,0,monitor_data.speed_ref
1775242674458,0,monitor_data.speed_ref
1775242674459,0,monitor_data.speed_ref
1775242674460,0,monitor_data.speed_ref
1775242674461,0,monitor_data.speed_ref
1775242674462,0,monitor_data.speed_ref
1775242674463,0,monitor_data.speed_ref
1775242674464,0,monitor_data.speed_ref
1775242674465,0,monitor_data.speed_ref
1775242674466,0,monitor_data.speed_ref
1775242674467,0,monitor_data.speed_ref
1775242674468,0,monitor_data.speed_ref
1775242674469,0,monitor_data.speed_ref
1775242674470,0,monitor_data.speed_ref
1775242674471,0,monitor_data.speed_ref
1775242674472,0,monitor_data.speed_ref
1775242674473,0,monitor_data.speed_ref
1775242674474,0,monitor_data.speed_ref
1775242674475,0,monitor_data.speed_ref
1775242674476,0,monitor_data.speed_ref
1775242674477,0,monitor_data.speed_ref
1775242674478,0,monitor_data.speed_ref
1775242674479,0,monitor_data.speed_ref
1775242674480,0,monitor_data.speed_ref
1775242674481,0,monitor_data.speed_ref
1775242674482,0,monitor_data.speed_ref
1775242674483,0,monitor_data.speed_ref
1775242674484,0,monitor_data.speed_ref
1775242674485,0,monitor_data.speed_ref
1775242674486,0,monitor_data.speed_ref
1775242674488,0,monitor_data.speed_ref
1775242674489,0,monitor_data.speed_ref
1775242674489,0,monitor_data.speed_ref
1775242674490,0,monitor_data.speed_ref
1775242674441,4.834340572357178,monitor_data.theta_mech
1775242674442,4.833957195281982,monitor_data.theta_mech
1775242674443,4.833957195281982,monitor_data.theta_mech
1775242674444,4.833957195281982,monitor_data.theta_mech
1775242674445,4.833957195281982,monitor_data.theta_mech
1775242674446,4.833957195281982,monitor_data.theta_mech
1775242674447,4.833573341369629,monitor_data.theta_mech
1775242674448,4.833957195281982,monitor_data.theta_mech
1775242674449,4.835107326507568,monitor_data.theta_mech
1775242674450,4.833957195281982,monitor_data.theta_mech
1775242674451,4.834340572357178,monitor_data.theta_mech
1775242674452,4.833573341369629,monitor_data.theta_mech
1775242674453,4.833573341369629,monitor_data.theta_mech
1775242674454,4.833957195281982,monitor_data.theta_mech
1775242674455,4.833957195281982,monitor_data.theta_mech
1775242674456,4.833573341369629,monitor_data.theta_mech
1775242674457,4.833189964294434,monitor_data.theta_mech
1775242674458,4.833957195281982,monitor_data.theta_mech
1775242674459,4.834340572357178,monitor_data.theta_mech
1775242674460,4.833573341369629,monitor_data.theta_mech
1775242674461,4.834340572357178,monitor_data.theta_mech
1775242674462,4.834340572357178,monitor_data.theta_mech
1775242674463,4.834340572357178,monitor_data.theta_mech
1775242674464,4.833957195281982,monitor_data.theta_mech
1775242674465,4.834723949432373,monitor_data.theta_mech
1775242674466,4.834340572357178,monitor_data.theta_mech
1775242674467,4.834340572357178,monitor_data.theta_mech
1775242674468,4.834340572357178,monitor_data.theta_mech
1775242674469,4.834340572357178,monitor_data.theta_mech
1775242674470,4.833957195281982,monitor_data.theta_mech
1775242674471,4.833573341369629,monitor_data.theta_mech
1775242674472,4.833957195281982,monitor_data.theta_mech
1775242674473,4.834340572357178,monitor_data.theta_mech
1775242674474,4.833957195281982,monitor_data.theta_mech
1775242674475,4.834340572357178,monitor_data.theta_mech
1775242674476,4.833189964294434,monitor_data.theta_mech
1775242674477,4.833573341369629,monitor_data.theta_mech
1775242674478,4.833189964294434,monitor_data.theta_mech
1775242674479,4.833957195281982,monitor_data.theta_mech
1775242674480,4.833573341369629,monitor_data.theta_mech
1775242674481,4.833573341369629,monitor_data.theta_mech
1775242674482,4.834340572357178,monitor_data.theta_mech
1775242674483,4.834723949432373,monitor_data.theta_mech
1775242674484,4.834340572357178,monitor_data.theta_mech
1775242674485,4.834340572357178,monitor_data.theta_mech
1775242674486,4.834340572357178,monitor_data.theta_mech
1775242674488,4.834340572357178,monitor_data.theta_mech
1775242674489,4.834340572357178,monitor_data.theta_mech
1775242674489,4.834723949432373,monitor_data.theta_mech
1775242674490,4.835107326507568,monitor_data.theta_mech
1775242674491,0,monitor_data.speed_ref
1775242674492,0,monitor_data.speed_ref
1775242674493,0,monitor_data.speed_ref
1775242674494,0,monitor_data.speed_ref
1775242674495,0,monitor_data.speed_ref
1775242674496,0,monitor_data.speed_ref
1775242674497,0,monitor_data.speed_ref
1775242674498,0,monitor_data.speed_ref
1775242674499,0,monitor_data.speed_ref
1775242674500,0,monitor_data.speed_ref
1775242674501,0,monitor_data.speed_ref
1775242674502,0,monitor_data.speed_ref
1775242674503,0,monitor_data.speed_ref
1775242674504,0,monitor_data.speed_ref
1775242674505,0,monitor_data.speed_ref
1775242674506,0,monitor_data.speed_ref
1775242674507,0,monitor_data.speed_ref
1775242674508,0,monitor_data.speed_ref
1775242674509,0,monitor_data.speed_ref
1775242674510,0,monitor_data.speed_ref
1775242674511,0,monitor_data.speed_ref
1775242674512,0,monitor_data.speed_ref
1775242674513,0,monitor_data.speed_ref
1775242674514,0,monitor_data.speed_ref
1775242674515,0,monitor_data.speed_ref
1775242674516,0,monitor_data.speed_ref
1775242674517,0,monitor_data.speed_ref
1775242674518,0,monitor_data.speed_ref
1775242674519,0,monitor_data.speed_ref
1775242674520,0,monitor_data.speed_ref
1775242674521,0,monitor_data.speed_ref
1775242674522,0,monitor_data.speed_ref
1775242674523,0,monitor_data.speed_ref
1775242674524,0,monitor_data.speed_ref
1775242674525,0,monitor_data.speed_ref
1775242674526,0,monitor_data.speed_ref
1775242674527,0,monitor_data.speed_ref
1775242674528,0,monitor_data.speed_ref
1775242674529,0,monitor_data.speed_ref
1775242674530,0,monitor_data.speed_ref
1775242674531,0,monitor_data.speed_ref
1775242674532,0,monitor_data.speed_ref
1775242674533,0,monitor_data.speed_ref
1775242674534,0,monitor_data.speed_ref
1775242674535,0,monitor_data.speed_ref
1775242674536,0,monitor_data.speed_ref
1775242674537,0,monitor_data.speed_ref
1775242674538,0,monitor_data.speed_ref
1775242674539,0,monitor_data.speed_ref
1775242674540,0,monitor_data.speed_ref
1775242674491,4.834340572357178,monitor_data.theta_mech
1775242674492,4.834340572357178,monitor_data.theta_mech
1775242674493,4.834723949432373,monitor_data.theta_mech
1775242674494,4.834340572357178,monitor_data.theta_mech
1775242674495,4.834340572357178,monitor_data.theta_mech
1775242674496,4.834723949432373,monitor_data.theta_mech
1775242674497,4.834340572357178,monitor_data.theta_mech
1775242674498,4.833957195281982,monitor_data.theta_mech
1775242674499,4.833573341369629,monitor_data.theta_mech
1775242674500,4.833957195281982,monitor_data.theta_mech
1775242674501,4.833573341369629,monitor_data.theta_mech
1775242674502,4.835490703582764,monitor_data.theta_mech
1775242674503,4.834340572357178,monitor_data.theta_mech
1775242674504,4.833957195281982,monitor_data.theta_mech
1775242674505,4.833957195281982,monitor_data.theta_mech
1775242674506,4.834340572357178,monitor_data.theta_mech
1775242674507,4.834723949432373,monitor_data.theta_mech
1775242674508,4.834723949432373,monitor_data.theta_mech
1775242674509,4.834340572357178,monitor_data.theta_mech
1775242674510,4.834340572357178,monitor_data.theta_mech
1775242674511,4.835107326507568,monitor_data.theta_mech
1775242674512,4.833573341369629,monitor_data.theta_mech
1775242674513,4.833957195281982,monitor_data.theta_mech
1775242674514,4.834340572357178,monitor_data.theta_mech
1775242674515,4.833957195281982,monitor_data.theta_mech
1775242674516,4.833189964294434,monitor_data.theta_mech
1775242674517,4.833957195281982,monitor_data.theta_mech
1775242674518,4.833573341369629,monitor_data.theta_mech
1775242674519,4.833573341369629,monitor_data.theta_mech
1775242674520,4.834340572357178,monitor_data.theta_mech
1775242674521,4.834340572357178,monitor_data.theta_mech
1775242674522,4.833573341369629,monitor_data.theta_mech
1775242674523,4.833957195281982,monitor_data.theta_mech
1775242674524,4.833957195281982,monitor_data.theta_mech
1775242674525,4.834340572357178,monitor_data.theta_mech
1775242674526,4.834340572357178,monitor_data.theta_mech
1775242674527,4.834340572357178,monitor_data.theta_mech
1775242674528,4.834340572357178,monitor_data.theta_mech
1775242674529,4.834340572357178,monitor_data.theta_mech
1775242674530,4.835107326507568,monitor_data.theta_mech
1775242674531,4.833957195281982,monitor_data.theta_mech
1775242674532,4.833573341369629,monitor_data.theta_mech
1775242674533,4.833957195281982,monitor_data.theta_mech
1775242674534,4.833957195281982,monitor_data.theta_mech
1775242674535,4.834723949432373,monitor_data.theta_mech
1775242674536,4.833957195281982,monitor_data.theta_mech
1775242674537,4.834340572357178,monitor_data.theta_mech
1775242674538,4.833573341369629,monitor_data.theta_mech
1775242674539,4.833957195281982,monitor_data.theta_mech
1775242674540,4.833189964294434,monitor_data.theta_mech
1775242674541,0,monitor_data.speed_ref
1775242674542,0,monitor_data.speed_ref
1775242674543,0,monitor_data.speed_ref
1775242674544,0,monitor_data.speed_ref
1775242674545,0,monitor_data.speed_ref
1775242674546,0,monitor_data.speed_ref
1775242674547,0,monitor_data.speed_ref
1775242674548,0,monitor_data.speed_ref
1775242674549,0,monitor_data.speed_ref
1775242674550,0,monitor_data.speed_ref
1775242674551,0,monitor_data.speed_ref
1775242674552,0,monitor_data.speed_ref
1775242674553,0,monitor_data.speed_ref
1775242674554,0,monitor_data.speed_ref
1775242674555,0,monitor_data.speed_ref
1775242674556,0,monitor_data.speed_ref
1775242674557,0,monitor_data.speed_ref
1775242674558,0,monitor_data.speed_ref
1775242674559,0,monitor_data.speed_ref
1775242674560,0,monitor_data.speed_ref
1775242674561,0,monitor_data.speed_ref
1775242674562,0,monitor_data.speed_ref
1775242674563,0,monitor_data.speed_ref
1775242674564,0,monitor_data.speed_ref
1775242674565,0,monitor_data.speed_ref
1775242674566,0,monitor_data.speed_ref
1775242674567,0,monitor_data.speed_ref
1775242674568,0,monitor_data.speed_ref
1775242674569,0,monitor_data.speed_ref
1775242674570,0,monitor_data.speed_ref
1775242674571,0,monitor_data.speed_ref
1775242674572,0,monitor_data.speed_ref
1775242674573,0,monitor_data.speed_ref
1775242674574,0,monitor_data.speed_ref
1775242674575,0,monitor_data.speed_ref
1775242674576,0,monitor_data.speed_ref
1775242674577,0,monitor_data.speed_ref
1775242674578,0,monitor_data.speed_ref
1775242674579,0,monitor_data.speed_ref
1775242674580,0,monitor_data.speed_ref
1775242674581,0,monitor_data.speed_ref
1775242674582,0,monitor_data.speed_ref
1775242674583,0,monitor_data.speed_ref
1775242674584,0,monitor_data.speed_ref
1775242674585,0,monitor_data.speed_ref
1775242674586,0,monitor_data.speed_ref
1775242674587,0,monitor_data.speed_ref
1775242674588,0,monitor_data.speed_ref
1775242674589,0,monitor_data.speed_ref
1775242674590,0,monitor_data.speed_ref
1775242674541,4.833573341369629,monitor_data.theta_mech
1775242674542,4.833189964294434,monitor_data.theta_mech
1775242674543,4.834340572357178,monitor_data.theta_mech
1775242674544,4.833189964294434,monitor_data.theta_mech
1775242674545,4.833957195281982,monitor_data.theta_mech
1775242674546,4.833573341369629,monitor_data.theta_mech
1775242674547,4.834340572357178,monitor_data.theta_mech
1775242674548,4.834340572357178,monitor_data.theta_mech
1775242674549,4.833957195281982,monitor_data.theta_mech
1775242674550,4.834340572357178,monitor_data.theta_mech
1775242674551,4.834723949432373,monitor_data.theta_mech
1775242674552,4.834340572357178,monitor_data.theta_mech
1775242674553,4.834340572357178,monitor_data.theta_mech
1775242674554,4.833573341369629,monitor_data.theta_mech
1775242674555,4.834340572357178,monitor_data.theta_mech
1775242674556,4.834340572357178,monitor_data.theta_mech
1775242674557,4.835107326507568,monitor_data.theta_mech
1775242674558,4.833957195281982,monitor_data.theta_mech
1775242674559,4.833573341369629,monitor_data.theta_mech
1775242674560,4.833189964294434,monitor_data.theta_mech
1775242674561,4.833573341369629,monitor_data.theta_mech
1775242674562,4.833957195281982,monitor_data.theta_mech
1775242674563,4.833573341369629,monitor_data.theta_mech
1775242674564,4.833957195281982,monitor_data.theta_mech
1775242674565,4.833573341369629,monitor_data.theta_mech
1775242674566,4.833573341369629,monitor_data.theta_mech
1775242674567,4.833189964294434,monitor_data.theta_mech
1775242674568,4.833573341369629,monitor_data.theta_mech
1775242674569,4.833189964294434,monitor_data.theta_mech
1775242674570,4.833189964294434,monitor_data.theta_mech
1775242674571,4.833957195281982,monitor_data.theta_mech
1775242674572,4.834340572357178,monitor_data.theta_mech
1775242674573,4.834340572357178,monitor_data.theta_mech
1775242674574,4.833957195281982,monitor_data.theta_mech
1775242674575,4.833573341369629,monitor_data.theta_mech
1775242674576,4.834340572357178,monitor_data.theta_mech
1775242674577,4.833957195281982,monitor_data.theta_mech
1775242674578,4.835107326507568,monitor_data.theta_mech
1775242674579,4.834340572357178,monitor_data.theta_mech
1775242674580,4.835107326507568,monitor_data.theta_mech
1775242674581,4.834340572357178,monitor_data.theta_mech
1775242674582,4.834340572357178,monitor_data.theta_mech
1775242674583,4.833957195281982,monitor_data.theta_mech
1775242674584,4.834723949432373,monitor_data.theta_mech
1775242674585,4.833573341369629,monitor_data.theta_mech
1775242674586,4.833573341369629,monitor_data.theta_mech
1775242674587,4.833573341369629,monitor_data.theta_mech
1775242674588,4.833189964294434,monitor_data.theta_mech
1775242674589,4.832806587219238,monitor_data.theta_mech
1775242674590,4.832423210144043,monitor_data.theta_mech
1775242674591,0,monitor_data.speed_ref
1775242674592,0,monitor_data.speed_ref
1775242674593,0,monitor_data.speed_ref
1775242674594,0,monitor_data.speed_ref
1775242674595,0,monitor_data.speed_ref
1775242674596,0,monitor_data.speed_ref
1775242674597,0,monitor_data.speed_ref
1775242674598,0,monitor_data.speed_ref
1775242674599,0,monitor_data.speed_ref
1775242674600,0,monitor_data.speed_ref
1775242674601,0,monitor_data.speed_ref
1775242674602,0,monitor_data.speed_ref
1775242674603,0,monitor_data.speed_ref
1775242674604,0,monitor_data.speed_ref
1775242674605,0,monitor_data.speed_ref
1775242674606,0,monitor_data.speed_ref
1775242674607,0,monitor_data.speed_ref
1775242674608,0,monitor_data.speed_ref
1775242674609,0,monitor_data.speed_ref
1775242674610,0,monitor_data.speed_ref
1775242674611,0,monitor_data.speed_ref
1775242674612,0,monitor_data.speed_ref
1775242674613,0,monitor_data.speed_ref
1775242674614,0,monitor_data.speed_ref
1775242674615,0,monitor_data.speed_ref
1775242674616,0,monitor_data.speed_ref
1775242674617,0,monitor_data.speed_ref
1775242674618,0,monitor_data.speed_ref
1775242674619,0,monitor_data.speed_ref
1775242674620,0,monitor_data.speed_ref
1775242674621,0,monitor_data.speed_ref
1775242674622,0,monitor_data.speed_ref
1775242674623,0,monitor_data.speed_ref
1775242674624,0,monitor_data.speed_ref
1775242674625,0,monitor_data.speed_ref
1775242674626,0,monitor_data.speed_ref
1775242674627,0,monitor_data.speed_ref
1775242674628,0,monitor_data.speed_ref
1775242674629,0,monitor_data.speed_ref
1775242674630,0,monitor_data.speed_ref
1775242674631,0,monitor_data.speed_ref
1775242674632,0,monitor_data.speed_ref
1775242674633,0,monitor_data.speed_ref
1775242674634,0,monitor_data.speed_ref
1775242674635,0,monitor_data.speed_ref
1775242674636,0,monitor_data.speed_ref
1775242674637,0,monitor_data.speed_ref
1775242674638,0,monitor_data.speed_ref
1775242674639,0,monitor_data.speed_ref
1775242674640,0,monitor_data.speed_ref
1775242674591,4.833573341369629,monitor_data.theta_mech
1775242674592,4.832423210144043,monitor_data.theta_mech
1775242674593,4.833573341369629,monitor_data.theta_mech
1775242674594,4.832806587219238,monitor_data.theta_mech
1775242674595,4.832806587219238,monitor_data.theta_mech
1775242674596,4.833957195281982,monitor_data.theta_mech
1775242674597,4.834340572357178,monitor_data.theta_mech
1775242674598,4.834340572357178,monitor_data.theta_mech
1775242674599,4.835107326507568,monitor_data.theta_mech
1775242674600,4.834340572357178,monitor_data.theta_mech
1775242674601,4.834723949432373,monitor_data.theta_mech
1775242674602,4.834340572357178,monitor_data.theta_mech
1775242674603,4.835107326507568,monitor_data.theta_mech
1775242674604,4.834340572357178,monitor_data.theta_mech
1775242674605,4.834723949432373,monitor_data.theta_mech
1775242674606,4.833573341369629,monitor_data.theta_mech
1775242674607,4.834340572357178,monitor_data.theta_mech
1775242674608,4.834340572357178,monitor_data.theta_mech
1775242674609,4.833573341369629,monitor_data.theta_mech
1775242674610,4.833189964294434,monitor_data.theta_mech
1775242674611,4.834340572357178,monitor_data.theta_mech
1775242674612,4.833573341369629,monitor_data.theta_mech
1775242674613,4.833189964294434,monitor_data.theta_mech
1775242674614,4.833957195281982,monitor_data.theta_mech
1775242674615,4.834340572357178,monitor_data.theta_mech
1775242674616,4.834723949432373,monitor_data.theta_mech
1775242674617,4.833573341369629,monitor_data.theta_mech
1775242674618,4.833957195281982,monitor_data.theta_mech
1775242674619,4.833573341369629,monitor_data.theta_mech
1775242674620,4.834340572357178,monitor_data.theta_mech
1775242674621,4.834340572357178,monitor_data.theta_mech
1775242674622,4.834340572357178,monitor_data.theta_mech
1775242674623,4.834340572357178,monitor_data.theta_mech
1775242674624,4.834340572357178,monitor_data.theta_mech
1775242674625,4.834723949432373,monitor_data.theta_mech
1775242674626,4.834340572357178,monitor_data.theta_mech
1775242674627,4.834723949432373,monitor_data.theta_mech
1775242674628,4.833189964294434,monitor_data.theta_mech
1775242674629,4.834723949432373,monitor_data.theta_mech
1775242674630,4.833957195281982,monitor_data.theta_mech
1775242674631,4.834340572357178,monitor_data.theta_mech
1775242674632,4.834340572357178,monitor_data.theta_mech
1775242674633,4.833573341369629,monitor_data.theta_mech
1775242674634,4.833573341369629,monitor_data.theta_mech
1775242674635,4.833957195281982,monitor_data.theta_mech
1775242674636,4.833573341369629,monitor_data.theta_mech
1775242674637,4.833573341369629,monitor_data.theta_mech
1775242674638,4.832806587219238,monitor_data.theta_mech
1775242674639,4.832423210144043,monitor_data.theta_mech
1775242674640,4.834340572357178,monitor_data.theta_mech
1775242674641,0,monitor_data.speed_ref
1775242674642,0,monitor_data.speed_ref
1775242674643,0,monitor_data.speed_ref
1775242674644,0,monitor_data.speed_ref
1775242674645,0,monitor_data.speed_ref
1775242674646,0,monitor_data.speed_ref
1775242674647,0,monitor_data.speed_ref
1775242674648,0,monitor_data.speed_ref
1775242674649,0,monitor_data.speed_ref
1775242674650,0,monitor_data.speed_ref
1775242674651,0,monitor_data.speed_ref
1775242674652,0,monitor_data.speed_ref
1775242674653,0,monitor_data.speed_ref
1775242674654,0,monitor_data.speed_ref
1775242674655,0,monitor_data.speed_ref
1775242674656,0,monitor_data.speed_ref
1775242674657,0,monitor_data.speed_ref
1775242674658,0,monitor_data.speed_ref
1775242674659,0,monitor_data.speed_ref
1775242674660,0,monitor_data.speed_ref
1775242674661,0,monitor_data.speed_ref
1775242674662,0,monitor_data.speed_ref
1775242674663,0,monitor_data.speed_ref
1775242674664,0,monitor_data.speed_ref
1775242674665,0,monitor_data.speed_ref
1775242674666,0,monitor_data.speed_ref
1775242674667,0,monitor_data.speed_ref
1775242674668,0,monitor_data.speed_ref
1775242674669,0,monitor_data.speed_ref
1775242674670,0,monitor_data.speed_ref
1775242674671,0,monitor_data.speed_ref
1775242674672,0,monitor_data.speed_ref
1775242674673,0,monitor_data.speed_ref
1775242674674,0,monitor_data.speed_ref
1775242674675,0,monitor_data.speed_ref
1775242674676,0,monitor_data.speed_ref
1775242674677,0,monitor_data.speed_ref
1775242674678,0,monitor_data.speed_ref
1775242674679,0,monitor_data.speed_ref
1775242674680,0,monitor_data.speed_ref
1775242674681,0,monitor_data.speed_ref
1775242674682,0,monitor_data.speed_ref
1775242674683,0,monitor_data.speed_ref
1775242674684,0,monitor_data.speed_ref
1775242674685,0,monitor_data.speed_ref
1775242674686,0,monitor_data.speed_ref
1775242674687,0,monitor_data.speed_ref
1775242674688,0,monitor_data.speed_ref
1775242674689,0,monitor_data.speed_ref
1775242674690,0,monitor_data.speed_ref
1775242674641,4.833573341369629,monitor_data.theta_mech
1775242674642,4.833957195281982,monitor_data.theta_mech
1775242674643,4.833189964294434,monitor_data.theta_mech
1775242674644,4.833573341369629,monitor_data.theta_mech
1775242674645,4.834340572357178,monitor_data.theta_mech
1775242674646,4.834340572357178,monitor_data.theta_mech
1775242674647,4.833957195281982,monitor_data.theta_mech
1775242674648,4.833957195281982,monitor_data.theta_mech
1775242674649,4.834340572357178,monitor_data.theta_mech
1775242674650,4.834340572357178,monitor_data.theta_mech
1775242674651,4.832806587219238,monitor_data.theta_mech
1775242674652,4.834723949432373,monitor_data.theta_mech
1775242674653,4.833957195281982,monitor_data.theta_mech
1775242674654,4.833573341369629,monitor_data.theta_mech
1775242674655,4.833957195281982,monitor_data.theta_mech
1775242674656,4.834340572357178,monitor_data.theta_mech
1775242674657,4.833957195281982,monitor_data.theta_mech
1775242674658,4.834340572357178,monitor_data.theta_mech
1775242674659,4.833573341369629,monitor_data.theta_mech
1775242674660,4.834340572357178,monitor_data.theta_mech
1775242674661,4.833957195281982,monitor_data.theta_mech
1775242674662,4.834340572357178,monitor_data.theta_mech
1775242674663,4.833957195281982,monitor_data.theta_mech
1775242674664,4.834340572357178,monitor_data.theta_mech
1775242674665,4.835490703582764,monitor_data.theta_mech
1775242674666,4.834340572357178,monitor_data.theta_mech
1775242674667,4.833957195281982,monitor_data.theta_mech
1775242674668,4.834340572357178,monitor_data.theta_mech
1775242674669,4.834340572357178,monitor_data.theta_mech
1775242674670,4.833957195281982,monitor_data.theta_mech
1775242674671,4.833573341369629,monitor_data.theta_mech
1775242674672,4.833573341369629,monitor_data.theta_mech
1775242674673,4.834340572357178,monitor_data.theta_mech
1775242674674,4.834340572357178,monitor_data.theta_mech
1775242674675,4.833957195281982,monitor_data.theta_mech
1775242674676,4.833957195281982,monitor_data.theta_mech
1775242674677,4.833573341369629,monitor_data.theta_mech
1775242674678,4.834340572357178,monitor_data.theta_mech
1775242674679,4.834340572357178,monitor_data.theta_mech
1775242674680,4.834340572357178,monitor_data.theta_mech
1775242674681,4.833573341369629,monitor_data.theta_mech
1775242674682,4.834723949432373,monitor_data.theta_mech
1775242674683,4.833957195281982,monitor_data.theta_mech
1775242674684,4.834340572357178,monitor_data.theta_mech
1775242674685,4.833957195281982,monitor_data.theta_mech
1775242674686,4.834340572357178,monitor_data.theta_mech
1775242674687,4.833189964294434,monitor_data.theta_mech
1775242674688,4.833957195281982,monitor_data.theta_mech
1775242674689,4.833189964294434,monitor_data.theta_mech
1775242674690,4.833957195281982,monitor_data.theta_mech
1775242674691,0,monitor_data.speed_ref
1775242674692,0,monitor_data.speed_ref
1775242674693,0,monitor_data.speed_ref
1775242674694,0,monitor_data.speed_ref
1775242674695,0,monitor_data.speed_ref
1775242674696,0,monitor_data.speed_ref
1775242674697,0,monitor_data.speed_ref
1775242674698,0,monitor_data.speed_ref
1775242674699,0,monitor_data.speed_ref
1775242674700,0,monitor_data.speed_ref
1775242674701,0,monitor_data.speed_ref
1775242674702,0,monitor_data.speed_ref
1775242674703,0,monitor_data.speed_ref
1775242674704,0,monitor_data.speed_ref
1775242674705,0,monitor_data.speed_ref
1775242674706,0,monitor_data.speed_ref
1775242674707,0,monitor_data.speed_ref
1775242674708,0,monitor_data.speed_ref
1775242674709,0,monitor_data.speed_ref
1775242674710,0,monitor_data.speed_ref
1775242674711,0,monitor_data.speed_ref
1775242674712,0,monitor_data.speed_ref
1775242674713,0,monitor_data.speed_ref
1775242674714,0,monitor_data.speed_ref
1775242674715,0,monitor_data.speed_ref
1775242674716,0,monitor_data.speed_ref
1775242674717,0,monitor_data.speed_ref
1775242674718,0,monitor_data.speed_ref
1775242674719,0,monitor_data.speed_ref
1775242674720,0,monitor_data.speed_ref
1775242674721,0,monitor_data.speed_ref
1775242674722,0,monitor_data.speed_ref
1775242674723,0,monitor_data.speed_ref
1775242674724,0,monitor_data.speed_ref
1775242674725,0,monitor_data.speed_ref
1775242674726,0,monitor_data.speed_ref
1775242674727,0,monitor_data.speed_ref
1775242674728,0,monitor_data.speed_ref
1775242674729,0,monitor_data.speed_ref
1775242674730,0,monitor_data.speed_ref
1775242674731,0,monitor_data.speed_ref
1775242674732,0,monitor_data.speed_ref
1775242674733,0,monitor_data.speed_ref
1775242674734,0,monitor_data.speed_ref
1775242674735,0,monitor_data.speed_ref
1775242674736,0,monitor_data.speed_ref
1775242674737,0,monitor_data.speed_ref
1775242674738,0,monitor_data.speed_ref
1775242674739,0,monitor_data.speed_ref
1775242674740,0,monitor_data.speed_ref
1775242674691,4.833573341369629,monitor_data.theta_mech
1775242674692,4.833189964294434,monitor_data.theta_mech
1775242674693,4.833957195281982,monitor_data.theta_mech
1775242674694,4.833957195281982,monitor_data.theta_mech
1775242674695,4.833957195281982,monitor_data.theta_mech
1775242674696,4.833957195281982,monitor_data.theta_mech
1775242674697,4.834340572357178,monitor_data.theta_mech
1775242674698,4.833957195281982,monitor_data.theta_mech
1775242674699,4.834340572357178,monitor_data.theta_mech
1775242674700,4.834340572357178,monitor_data.theta_mech
1775242674701,4.834340572357178,monitor_data.theta_mech
1775242674702,4.834723949432373,monitor_data.theta_mech
1775242674703,4.834723949432373,monitor_data.theta_mech
1775242674704,4.833957195281982,monitor_data.theta_mech
1775242674705,4.834723949432373,monitor_data.theta_mech
1775242674706,4.834340572357178,monitor_data.theta_mech
1775242674707,4.833573341369629,monitor_data.theta_mech
1775242674708,4.834340572357178,monitor_data.theta_mech
1775242674709,4.833189964294434,monitor_data.theta_mech
1775242674710,4.833957195281982,monitor_data.theta_mech
1775242674711,4.833189964294434,monitor_data.theta_mech
1775242674712,4.833957195281982,monitor_data.theta_mech
1775242674713,4.833957195281982,monitor_data.theta_mech
1775242674714,4.834340572357178,monitor_data.theta_mech
1775242674715,4.833189964294434,monitor_data.theta_mech
1775242674716,4.834723949432373,monitor_data.theta_mech
1775242674717,4.833189964294434,monitor_data.theta_mech
1775242674718,4.834340572357178,monitor_data.theta_mech
1775242674719,4.833957195281982,monitor_data.theta_mech
1775242674720,4.833957195281982,monitor_data.theta_mech
1775242674721,4.834340572357178,monitor_data.theta_mech
1775242674722,4.834723949432373,monitor_data.theta_mech
1775242674723,4.833957195281982,monitor_data.theta_mech
1775242674724,4.833957195281982,monitor_data.theta_mech
1775242674725,4.833957195281982,monitor_data.theta_mech
1775242674726,4.833957195281982,monitor_data.theta_mech
1775242674727,4.834340572357178,monitor_data.theta_mech
1775242674728,4.834340572357178,monitor_data.theta_mech
1775242674729,4.833957195281982,monitor_data.theta_mech
1775242674730,4.833573341369629,monitor_data.theta_mech
1775242674731,4.834723949432373,monitor_data.theta_mech
1775242674732,4.833957195281982,monitor_data.theta_mech
1775242674733,4.833189964294434,monitor_data.theta_mech
1775242674734,4.833957195281982,monitor_data.theta_mech
1775242674735,4.833957195281982,monitor_data.theta_mech
1775242674736,4.833573341369629,monitor_data.theta_mech
1775242674737,4.833573341369629,monitor_data.theta_mech
1775242674738,4.833573341369629,monitor_data.theta_mech
1775242674739,4.834340572357178,monitor_data.theta_mech
1775242674740,4.834340572357178,monitor_data.theta_mech
1775242674741,0,monitor_data.speed_ref
1775242674742,0,monitor_data.speed_ref
1775242674743,0,monitor_data.speed_ref
1775242674744,0,monitor_data.speed_ref
1775242674745,0,monitor_data.speed_ref
1775242674746,0,monitor_data.speed_ref
1775242674747,0,monitor_data.speed_ref
1775242674748,0,monitor_data.speed_ref
1775242674749,0,monitor_data.speed_ref
1775242674750,0,monitor_data.speed_ref
1775242674751,0,monitor_data.speed_ref
1775242674752,0,monitor_data.speed_ref
1775242674753,0,monitor_data.speed_ref
1775242674754,0,monitor_data.speed_ref
1775242674755,0,monitor_data.speed_ref
1775242674756,0,monitor_data.speed_ref
1775242674757,0,monitor_data.speed_ref
1775242674758,0,monitor_data.speed_ref
1775242674759,0,monitor_data.speed_ref
1775242674760,0,monitor_data.speed_ref
1775242674761,0,monitor_data.speed_ref
1775242674762,0,monitor_data.speed_ref
1775242674763,0,monitor_data.speed_ref
1775242674764,0,monitor_data.speed_ref
1775242674765,0,monitor_data.speed_ref
1775242674766,0,monitor_data.speed_ref
1775242674767,0,monitor_data.speed_ref
1775242674768,0,monitor_data.speed_ref
1775242674769,0,monitor_data.speed_ref
1775242674770,0,monitor_data.speed_ref
1775242674771,0,monitor_data.speed_ref
1775242674772,0,monitor_data.speed_ref
1775242674773,0,monitor_data.speed_ref
1775242674774,0,monitor_data.speed_ref
1775242674775,0,monitor_data.speed_ref
1775242674776,0,monitor_data.speed_ref
1775242674777,0,monitor_data.speed_ref
1775242674778,0,monitor_data.speed_ref
1775242674779,0,monitor_data.speed_ref
1775242674780,0,monitor_data.speed_ref
1775242674781,0,monitor_data.speed_ref
1775242674782,0,monitor_data.speed_ref
1775242674783,0,monitor_data.speed_ref
1775242674784,0,monitor_data.speed_ref
1775242674785,0,monitor_data.speed_ref
1775242674786,0,monitor_data.speed_ref
1775242674787,0,monitor_data.speed_ref
1775242674788,0,monitor_data.speed_ref
1775242674789,0,monitor_data.speed_ref
1775242674790,0,monitor_data.speed_ref
1775242674791,0,monitor_data.speed_ref
1775242674741,4.833189964294434,monitor_data.theta_mech
1775242674742,4.833957195281982,monitor_data.theta_mech
1775242674743,4.835107326507568,monitor_data.theta_mech
1775242674744,4.833573341369629,monitor_data.theta_mech
1775242674745,4.834723949432373,monitor_data.theta_mech
1775242674746,4.833957195281982,monitor_data.theta_mech
1775242674747,4.833957195281982,monitor_data.theta_mech
1775242674748,4.834723949432373,monitor_data.theta_mech
1775242674749,4.833957195281982,monitor_data.theta_mech
1775242674750,4.835107326507568,monitor_data.theta_mech
1775242674751,4.834340572357178,monitor_data.theta_mech
1775242674752,4.834723949432373,monitor_data.theta_mech
1775242674753,4.833957195281982,monitor_data.theta_mech
1775242674754,4.833957195281982,monitor_data.theta_mech
1775242674755,4.834340572357178,monitor_data.theta_mech
1775242674756,4.833189964294434,monitor_data.theta_mech
1775242674757,4.833957195281982,monitor_data.theta_mech
1775242674758,4.833957195281982,monitor_data.theta_mech
1775242674759,4.834340572357178,monitor_data.theta_mech
1775242674760,4.833189964294434,monitor_data.theta_mech
1775242674761,4.835107326507568,monitor_data.theta_mech
1775242674762,4.834340572357178,monitor_data.theta_mech
1775242674763,4.833957195281982,monitor_data.theta_mech
1775242674764,4.834723949432373,monitor_data.theta_mech
1775242674765,4.833957195281982,monitor_data.theta_mech
1775242674766,4.833573341369629,monitor_data.theta_mech
1775242674767,4.833957195281982,monitor_data.theta_mech
1775242674768,4.833573341369629,monitor_data.theta_mech
1775242674769,4.833573341369629,monitor_data.theta_mech
1775242674770,4.833573341369629,monitor_data.theta_mech
1775242674771,4.833957195281982,monitor_data.theta_mech
1775242674772,4.834340572357178,monitor_data.theta_mech
1775242674773,4.834340572357178,monitor_data.theta_mech
1775242674774,4.834340572357178,monitor_data.theta_mech
1775242674775,4.834340572357178,monitor_data.theta_mech
1775242674776,4.835490703582764,monitor_data.theta_mech
1775242674777,4.833957195281982,monitor_data.theta_mech
1775242674778,4.835490703582764,monitor_data.theta_mech
1775242674779,4.834340572357178,monitor_data.theta_mech
1775242674780,4.834340572357178,monitor_data.theta_mech
1775242674781,4.834340572357178,monitor_data.theta_mech
1775242674782,4.835490703582764,monitor_data.theta_mech
1775242674783,4.834340572357178,monitor_data.theta_mech
1775242674784,4.834340572357178,monitor_data.theta_mech
1775242674785,4.833189964294434,monitor_data.theta_mech
1775242674786,4.833957195281982,monitor_data.theta_mech
1775242674787,4.834723949432373,monitor_data.theta_mech
1775242674788,4.832806587219238,monitor_data.theta_mech
1775242674789,4.834340572357178,monitor_data.theta_mech
1775242674790,4.833573341369629,monitor_data.theta_mech
1775242674791,4.833957195281982,monitor_data.theta_mech
1775242674792,0,monitor_data.speed_ref
1775242674793,0,monitor_data.speed_ref
1775242674794,0,monitor_data.speed_ref
1775242674795,0,monitor_data.speed_ref
1775242674796,0,monitor_data.speed_ref
1775242674797,0,monitor_data.speed_ref
1775242674798,0,monitor_data.speed_ref
1775242674799,0,monitor_data.speed_ref
1775242674800,0,monitor_data.speed_ref
1775242674801,0,monitor_data.speed_ref
1775242674802,0,monitor_data.speed_ref
1775242674803,0,monitor_data.speed_ref
1775242674804,0,monitor_data.speed_ref
1775242674805,0,monitor_data.speed_ref
1775242674806,0,monitor_data.speed_ref
1775242674807,0,monitor_data.speed_ref
1775242674808,0,monitor_data.speed_ref
1775242674809,0,monitor_data.speed_ref
1775242674810,0,monitor_data.speed_ref
1775242674811,0,monitor_data.speed_ref
1775242674812,0,monitor_data.speed_ref
1775242674813,0,monitor_data.speed_ref
1775242674814,0,monitor_data.speed_ref
1775242674815,0,monitor_data.speed_ref
1775242674816,0,monitor_data.speed_ref
1775242674817,0,monitor_data.speed_ref
1775242674818,0,monitor_data.speed_ref
1775242674819,0,monitor_data.speed_ref
1775242674820,0,monitor_data.speed_ref
1775242674821,0,monitor_data.speed_ref
1775242674822,0,monitor_data.speed_ref
1775242674823,0,monitor_data.speed_ref
1775242674824,0,monitor_data.speed_ref
1775242674825,0,monitor_data.speed_ref
1775242674826,0,monitor_data.speed_ref
1775242674827,0,monitor_data.speed_ref
1775242674828,0,monitor_data.speed_ref
1775242674829,0,monitor_data.speed_ref
1775242674830,0,monitor_data.speed_ref
1775242674831,0,monitor_data.speed_ref
1775242674832,0,monitor_data.speed_ref
1775242674833,0,monitor_data.speed_ref
1775242674834,0,monitor_data.speed_ref
1775242674835,0,monitor_data.speed_ref
1775242674836,0,monitor_data.speed_ref
1775242674837,0,monitor_data.speed_ref
1775242674838,0,monitor_data.speed_ref
1775242674839,0,monitor_data.speed_ref
1775242674840,0,monitor_data.speed_ref
1775242674841,0,monitor_data.speed_ref
1775242674792,4.833189964294434,monitor_data.theta_mech
1775242674793,4.833189964294434,monitor_data.theta_mech
1775242674794,4.833189964294434,monitor_data.theta_mech
1775242674795,4.834340572357178,monitor_data.theta_mech
1775242674796,4.833573341369629,monitor_data.theta_mech
1775242674797,4.833573341369629,monitor_data.theta_mech
1775242674798,4.833957195281982,monitor_data.theta_mech
1775242674799,4.834340572357178,monitor_data.theta_mech
1775242674800,4.833573341369629,monitor_data.theta_mech
1775242674801,4.834340572357178,monitor_data.theta_mech
1775242674802,4.834340572357178,monitor_data.theta_mech
1775242674803,4.833957195281982,monitor_data.theta_mech
1775242674804,4.833957195281982,monitor_data.theta_mech
1775242674805,4.834340572357178,monitor_data.theta_mech
1775242674806,4.834723949432373,monitor_data.theta_mech
1775242674807,4.833573341369629,monitor_data.theta_mech
1775242674808,4.835107326507568,monitor_data.theta_mech
1775242674809,4.835107326507568,monitor_data.theta_mech
1775242674810,4.833573341369629,monitor_data.theta_mech
1775242674811,4.833189964294434,monitor_data.theta_mech
1775242674812,4.833189964294434,monitor_data.theta_mech
1775242674813,4.833189964294434,monitor_data.theta_mech
1775242674814,4.832806587219238,monitor_data.theta_mech
1775242674815,4.833573341369629,monitor_data.theta_mech
1775242674816,4.833189964294434,monitor_data.theta_mech
1775242674817,4.832423210144043,monitor_data.theta_mech
1775242674818,4.832806587219238,monitor_data.theta_mech
1775242674819,4.8320393562316895,monitor_data.theta_mech
1775242674820,4.832423210144043,monitor_data.theta_mech
1775242674821,4.832423210144043,monitor_data.theta_mech
1775242674822,4.833957195281982,monitor_data.theta_mech
1775242674823,4.834340572357178,monitor_data.theta_mech
1775242674824,4.834723949432373,monitor_data.theta_mech
1775242674825,4.833189964294434,monitor_data.theta_mech
1775242674826,4.835107326507568,monitor_data.theta_mech
1775242674827,4.834340572357178,monitor_data.theta_mech
1775242674828,4.833957195281982,monitor_data.theta_mech
1775242674829,4.834340572357178,monitor_data.theta_mech
1775242674830,4.835107326507568,monitor_data.theta_mech
1775242674831,4.833573341369629,monitor_data.theta_mech
1775242674832,4.834723949432373,monitor_data.theta_mech
1775242674833,4.833573341369629,monitor_data.theta_mech
1775242674834,4.834723949432373,monitor_data.theta_mech
1775242674835,4.833573341369629,monitor_data.theta_mech
1775242674836,4.833957195281982,monitor_data.theta_mech
1775242674837,4.832806587219238,monitor_data.theta_mech
1775242674838,4.833957195281982,monitor_data.theta_mech
1775242674839,4.833189964294434,monitor_data.theta_mech
1775242674840,4.833957195281982,monitor_data.theta_mech
1775242674841,4.833189964294434,monitor_data.theta_mech
1775242674842,0,monitor_data.speed_ref
1775242674843,0,monitor_data.speed_ref
1775242674844,0,monitor_data.speed_ref
1775242674845,0,monitor_data.speed_ref
1775242674846,0,monitor_data.speed_ref
1775242674847,0,monitor_data.speed_ref
1775242674848,0,monitor_data.speed_ref
1775242674849,0,monitor_data.speed_ref
1775242674850,0,monitor_data.speed_ref
1775242674851,0,monitor_data.speed_ref
1775242674852,0,monitor_data.speed_ref
1775242674853,0,monitor_data.speed_ref
1775242674854,0,monitor_data.speed_ref
1775242674855,0,monitor_data.speed_ref
1775242674856,0,monitor_data.speed_ref
1775242674857,0,monitor_data.speed_ref
1775242674858,0,monitor_data.speed_ref
1775242674859,0,monitor_data.speed_ref
1775242674860,0,monitor_data.speed_ref
1775242674861,0,monitor_data.speed_ref
1775242674862,0,monitor_data.speed_ref
1775242674863,0,monitor_data.speed_ref
1775242674864,0,monitor_data.speed_ref
1775242674865,0,monitor_data.speed_ref
1775242674866,0,monitor_data.speed_ref
1775242674867,0,monitor_data.speed_ref
1775242674868,0,monitor_data.speed_ref
1775242674869,0,monitor_data.speed_ref
1775242674870,0,monitor_data.speed_ref
1775242674871,0,monitor_data.speed_ref
1775242674872,0,monitor_data.speed_ref
1775242674873,0,monitor_data.speed_ref
1775242674874,0,monitor_data.speed_ref
1775242674875,0,monitor_data.speed_ref
1775242674876,0,monitor_data.speed_ref
1775242674877,0,monitor_data.speed_ref
1775242674878,0,monitor_data.speed_ref
1775242674879,0,monitor_data.speed_ref
1775242674880,0,monitor_data.speed_ref
1775242674881,0,monitor_data.speed_ref
1775242674882,0,monitor_data.speed_ref
1775242674883,0,monitor_data.speed_ref
1775242674884,0,monitor_data.speed_ref
1775242674885,0,monitor_data.speed_ref
1775242674886,0,monitor_data.speed_ref
1775242674887,0,monitor_data.speed_ref
1775242674888,0,monitor_data.speed_ref
1775242674889,0,monitor_data.speed_ref
1775242674890,0,monitor_data.speed_ref
1775242674891,0,monitor_data.speed_ref
1775242674842,4.833189964294434,monitor_data.theta_mech
1775242674843,4.833957195281982,monitor_data.theta_mech
1775242674844,4.833957195281982,monitor_data.theta_mech
1775242674845,4.833957195281982,monitor_data.theta_mech
1775242674846,4.833573341369629,monitor_data.theta_mech
1775242674847,4.833957195281982,monitor_data.theta_mech
1775242674848,4.834340572357178,monitor_data.theta_mech
1775242674849,4.833573341369629,monitor_data.theta_mech
1775242674850,4.834340572357178,monitor_data.theta_mech
1775242674851,4.834340572357178,monitor_data.theta_mech
1775242674852,4.833573341369629,monitor_data.theta_mech
1775242674853,4.835107326507568,monitor_data.theta_mech
1775242674854,4.833957195281982,monitor_data.theta_mech
1775242674855,4.834723949432373,monitor_data.theta_mech
1775242674856,4.833957195281982,monitor_data.theta_mech
1775242674857,4.834340572357178,monitor_data.theta_mech
1775242674858,4.833189964294434,monitor_data.theta_mech
1775242674859,4.834340572357178,monitor_data.theta_mech
1775242674860,4.833957195281982,monitor_data.theta_mech
1775242674861,4.834723949432373,monitor_data.theta_mech
1775242674862,4.834340572357178,monitor_data.theta_mech
1775242674863,4.834340572357178,monitor_data.theta_mech
1775242674864,4.832806587219238,monitor_data.theta_mech
1775242674865,4.833573341369629,monitor_data.theta_mech
1775242674866,4.833573341369629,monitor_data.theta_mech
1775242674867,4.833957195281982,monitor_data.theta_mech
1775242674868,4.833573341369629,monitor_data.theta_mech
1775242674869,4.833957195281982,monitor_data.theta_mech
1775242674870,4.833957195281982,monitor_data.theta_mech
1775242674871,4.834340572357178,monitor_data.theta_mech
1775242674872,4.833189964294434,monitor_data.theta_mech
1775242674873,4.834340572357178,monitor_data.theta_mech
1775242674874,4.834723949432373,monitor_data.theta_mech
1775242674875,4.834340572357178,monitor_data.theta_mech
1775242674876,4.834723949432373,monitor_data.theta_mech
1775242674877,4.833573341369629,monitor_data.theta_mech
1775242674878,4.834340572357178,monitor_data.theta_mech
1775242674879,4.835107326507568,monitor_data.theta_mech
1775242674880,4.834340572357178,monitor_data.theta_mech
1775242674881,4.833957195281982,monitor_data.theta_mech
1775242674882,4.834340572357178,monitor_data.theta_mech
1775242674883,4.835107326507568,monitor_data.theta_mech
1775242674884,4.833573341369629,monitor_data.theta_mech
1775242674885,4.833189964294434,monitor_data.theta_mech
1775242674886,4.833189964294434,monitor_data.theta_mech
1775242674887,4.8320393562316895,monitor_data.theta_mech
1775242674888,4.833189964294434,monitor_data.theta_mech
1775242674889,4.833573341369629,monitor_data.theta_mech
1775242674890,4.834723949432373,monitor_data.theta_mech
1775242674891,4.833957195281982,monitor_data.theta_mech
1775242674892,0,monitor_data.speed_ref
1775242674893,0,monitor_data.speed_ref
1775242674894,0,monitor_data.speed_ref
1775242674895,0,monitor_data.speed_ref
1775242674896,0,monitor_data.speed_ref
1775242674897,0,monitor_data.speed_ref
1775242674898,0,monitor_data.speed_ref
1775242674899,0,monitor_data.speed_ref
1775242674900,0,monitor_data.speed_ref
1775242674901,0,monitor_data.speed_ref
1775242674902,0,monitor_data.speed_ref
1775242674903,0,monitor_data.speed_ref
1775242674904,0,monitor_data.speed_ref
1775242674905,0,monitor_data.speed_ref
1775242674906,0,monitor_data.speed_ref
1775242674907,0,monitor_data.speed_ref
1775242674908,0,monitor_data.speed_ref
1775242674909,0,monitor_data.speed_ref
1775242674910,0,monitor_data.speed_ref
1775242674911,0,monitor_data.speed_ref
1775242674912,0,monitor_data.speed_ref
1775242674913,0,monitor_data.speed_ref
1775242674914,0,monitor_data.speed_ref
1775242674915,0,monitor_data.speed_ref
1775242674916,0,monitor_data.speed_ref
1775242674917,0,monitor_data.speed_ref
1775242674918,0,monitor_data.speed_ref
1775242674919,0,monitor_data.speed_ref
1775242674920,0,monitor_data.speed_ref
1775242674921,0,monitor_data.speed_ref
1775242674922,0,monitor_data.speed_ref
1775242674923,0,monitor_data.speed_ref
1775242674924,0,monitor_data.speed_ref
1775242674925,0,monitor_data.speed_ref
1775242674926,0,monitor_data.speed_ref
1775242674927,0,monitor_data.speed_ref
1775242674928,0,monitor_data.speed_ref
1775242674929,0,monitor_data.speed_ref
1775242674930,0,monitor_data.speed_ref
1775242674931,0,monitor_data.speed_ref
1775242674932,0,monitor_data.speed_ref
1775242674933,0,monitor_data.speed_ref
1775242674934,0,monitor_data.speed_ref
1775242674935,0,monitor_data.speed_ref
1775242674936,0,monitor_data.speed_ref
1775242674937,0,monitor_data.speed_ref
1775242674938,0,monitor_data.speed_ref
1775242674939,0,monitor_data.speed_ref
1775242674940,0,monitor_data.speed_ref
1775242674941,0,monitor_data.speed_ref
1775242674942,0,monitor_data.speed_ref
1775242674892,4.833189964294434,monitor_data.theta_mech
1775242674893,4.834723949432373,monitor_data.theta_mech
1775242674894,4.834340572357178,monitor_data.theta_mech
1775242674895,4.834340572357178,monitor_data.theta_mech
1775242674896,4.834340572357178,monitor_data.theta_mech
1775242674897,4.834340572357178,monitor_data.theta_mech
1775242674898,4.834723949432373,monitor_data.theta_mech
1775242674899,4.833573341369629,monitor_data.theta_mech
1775242674900,4.833957195281982,monitor_data.theta_mech
1775242674901,4.834723949432373,monitor_data.theta_mech
1775242674902,4.834340572357178,monitor_data.theta_mech
1775242674903,4.833957195281982,monitor_data.theta_mech
1775242674904,4.834340572357178,monitor_data.theta_mech
1775242674905,4.834340572357178,monitor_data.theta_mech
1775242674906,4.834340572357178,monitor_data.theta_mech
1775242674907,4.834723949432373,monitor_data.theta_mech
1775242674908,4.833957195281982,monitor_data.theta_mech
1775242674909,4.833957195281982,monitor_data.theta_mech
1775242674910,4.833957195281982,monitor_data.theta_mech
1775242674911,4.834340572357178,monitor_data.theta_mech
1775242674912,4.833573341369629,monitor_data.theta_mech
1775242674913,4.833573341369629,monitor_data.theta_mech
1775242674914,4.834340572357178,monitor_data.theta_mech
1775242674915,4.833957195281982,monitor_data.theta_mech
1775242674916,4.833957195281982,monitor_data.theta_mech
1775242674917,4.833573341369629,monitor_data.theta_mech
1775242674918,4.833189964294434,monitor_data.theta_mech
1775242674919,4.832806587219238,monitor_data.theta_mech
1775242674920,4.833573341369629,monitor_data.theta_mech
1775242674921,4.834340572357178,monitor_data.theta_mech
1775242674922,4.834340572357178,monitor_data.theta_mech
1775242674923,4.833957195281982,monitor_data.theta_mech
1775242674924,4.834340572357178,monitor_data.theta_mech
1775242674925,4.833573341369629,monitor_data.theta_mech
1775242674926,4.834340572357178,monitor_data.theta_mech
1775242674927,4.833573341369629,monitor_data.theta_mech
1775242674928,4.834340572357178,monitor_data.theta_mech
1775242674929,4.834723949432373,monitor_data.theta_mech
1775242674930,4.833957195281982,monitor_data.theta_mech
1775242674931,4.834340572357178,monitor_data.theta_mech
1775242674932,4.834340572357178,monitor_data.theta_mech
1775242674933,4.833957195281982,monitor_data.theta_mech
1775242674934,4.833573341369629,monitor_data.theta_mech
1775242674935,4.832806587219238,monitor_data.theta_mech
1775242674936,4.834340572357178,monitor_data.theta_mech
1775242674937,4.834340572357178,monitor_data.theta_mech
1775242674938,4.833573341369629,monitor_data.theta_mech
1775242674939,4.833957195281982,monitor_data.theta_mech
1775242674940,4.833957195281982,monitor_data.theta_mech
1775242674941,4.833573341369629,monitor_data.theta_mech
1775242674942,4.833573341369629,monitor_data.theta_mech
1775242674943,0,monitor_data.speed_ref
1775242674944,0,monitor_data.speed_ref
1775242674945,0,monitor_data.speed_ref
1775242674946,0,monitor_data.speed_ref
1775242674947,0,monitor_data.speed_ref
1775242674948,0,monitor_data.speed_ref
1775242674949,0,monitor_data.speed_ref
1775242674950,0,monitor_data.speed_ref
1775242674951,0,monitor_data.speed_ref
1775242674952,0,monitor_data.speed_ref
1775242674953,0,monitor_data.speed_ref
1775242674954,0,monitor_data.speed_ref
1775242674955,0,monitor_data.speed_ref
1775242674956,0,monitor_data.speed_ref
1775242674957,0,monitor_data.speed_ref
1775242674958,0,monitor_data.speed_ref
1775242674959,0,monitor_data.speed_ref
1775242674960,0,monitor_data.speed_ref
1775242674961,0,monitor_data.speed_ref
1775242674962,0,monitor_data.speed_ref
1775242674963,0,monitor_data.speed_ref
1775242674964,0,monitor_data.speed_ref
1775242674965,0,monitor_data.speed_ref
1775242674966,0,monitor_data.speed_ref
1775242674967,0,monitor_data.speed_ref
1775242674968,0,monitor_data.speed_ref
1775242674969,0,monitor_data.speed_ref
1775242674970,0,monitor_data.speed_ref
1775242674971,0,monitor_data.speed_ref
1775242674972,0,monitor_data.speed_ref
1775242674973,0,monitor_data.speed_ref
1775242674974,0,monitor_data.speed_ref
1775242674975,0,monitor_data.speed_ref
1775242674976,0,monitor_data.speed_ref
1775242674977,0,monitor_data.speed_ref
1775242674978,0,monitor_data.speed_ref
1775242674979,0,monitor_data.speed_ref
1775242674980,0,monitor_data.speed_ref
1775242674981,0,monitor_data.speed_ref
1775242674982,0,monitor_data.speed_ref
1775242674983,0,monitor_data.speed_ref
1775242674984,0,monitor_data.speed_ref
1775242674985,0,monitor_data.speed_ref
1775242674986,0,monitor_data.speed_ref
1775242674987,0,monitor_data.speed_ref
1775242674988,0,monitor_data.speed_ref
1775242674989,0,monitor_data.speed_ref
1775242674990,0,monitor_data.speed_ref
1775242674991,0,monitor_data.speed_ref
1775242674992,0,monitor_data.speed_ref
1775242674993,0,monitor_data.speed_ref
1775242674994,0,monitor_data.speed_ref
1775242674943,4.832806587219238,monitor_data.theta_mech
1775242674944,4.833573341369629,monitor_data.theta_mech
1775242674945,4.833573341369629,monitor_data.theta_mech
1775242674946,4.832806587219238,monitor_data.theta_mech
1775242674947,4.833573341369629,monitor_data.theta_mech
1775242674948,4.833573341369629,monitor_data.theta_mech
1775242674949,4.834723949432373,monitor_data.theta_mech
1775242674950,4.833957195281982,monitor_data.theta_mech
1775242674951,4.834340572357178,monitor_data.theta_mech
1775242674952,4.833957195281982,monitor_data.theta_mech
1775242674953,4.835490703582764,monitor_data.theta_mech
1775242674954,4.834340572357178,monitor_data.theta_mech
1775242674955,4.834340572357178,monitor_data.theta_mech
1775242674956,4.834723949432373,monitor_data.theta_mech
1775242674957,4.833573341369629,monitor_data.theta_mech
1775242674958,4.834340572357178,monitor_data.theta_mech
1775242674959,4.834340572357178,monitor_data.theta_mech
1775242674960,4.834340572357178,monitor_data.theta_mech
1775242674961,4.833573341369629,monitor_data.theta_mech
1775242674962,4.834340572357178,monitor_data.theta_mech
1775242674963,4.834723949432373,monitor_data.theta_mech
1775242674964,4.833957195281982,monitor_data.theta_mech
1775242674965,4.833957195281982,monitor_data.theta_mech
1775242674966,4.833957195281982,monitor_data.theta_mech
1775242674967,4.833573341369629,monitor_data.theta_mech
1775242674968,4.833957195281982,monitor_data.theta_mech
1775242674969,4.833957195281982,monitor_data.theta_mech
1775242674970,4.834340572357178,monitor_data.theta_mech
1775242674971,4.834340572357178,monitor_data.theta_mech
1775242674972,4.833957195281982,monitor_data.theta_mech
1775242674973,4.833573341369629,monitor_data.theta_mech
1775242674974,4.833957195281982,monitor_data.theta_mech
1775242674975,4.833573341369629,monitor_data.theta_mech
1775242674976,4.834340572357178,monitor_data.theta_mech
1775242674977,4.834340572357178,monitor_data.theta_mech
1775242674978,4.833573341369629,monitor_data.theta_mech
1775242674979,4.835107326507568,monitor_data.theta_mech
1775242674980,4.833573341369629,monitor_data.theta_mech
1775242674981,4.833573341369629,monitor_data.theta_mech
1775242674982,4.834340572357178,monitor_data.theta_mech
1775242674983,4.834340572357178,monitor_data.theta_mech
1775242674984,4.833189964294434,monitor_data.theta_mech
1775242674985,4.833573341369629,monitor_data.theta_mech
1775242674986,4.833573341369629,monitor_data.theta_mech
1775242674987,4.833573341369629,monitor_data.theta_mech
1775242674988,4.834723949432373,monitor_data.theta_mech
1775242674989,4.833957195281982,monitor_data.theta_mech
1775242674990,4.833957195281982,monitor_data.theta_mech
1775242674991,4.833957195281982,monitor_data.theta_mech
1775242674992,4.834340572357178,monitor_data.theta_mech
1775242674993,4.833957195281982,monitor_data.theta_mech
1775242674994,4.834340572357178,monitor_data.theta_mech
1775242674995,0,monitor_data.speed_ref
1775242674996,0,monitor_data.speed_ref
1775242674997,0,monitor_data.speed_ref
1775242674998,0,monitor_data.speed_ref
1775242674999,0,monitor_data.speed_ref
1775242675000,0,monitor_data.speed_ref
1775242675001,0,monitor_data.speed_ref
1775242675002,0,monitor_data.speed_ref
1775242675003,0,monitor_data.speed_ref
1775242675004,0,monitor_data.speed_ref
1775242675005,0,monitor_data.speed_ref
1775242675006,0,monitor_data.speed_ref
1775242675007,0,monitor_data.speed_ref
1775242675008,0,monitor_data.speed_ref
1775242675009,0,monitor_data.speed_ref
1775242675010,0,monitor_data.speed_ref
1775242675011,0,monitor_data.speed_ref
1775242675012,0,monitor_data.speed_ref
1775242675013,0,monitor_data.speed_ref
1775242675014,0,monitor_data.speed_ref
1775242675015,0,monitor_data.speed_ref
1775242675016,0,monitor_data.speed_ref
1775242675017,0,monitor_data.speed_ref
1775242675018,0,monitor_data.speed_ref
1775242675019,0,monitor_data.speed_ref
1775242675020,0,monitor_data.speed_ref
1775242675021,0,monitor_data.speed_ref
1775242675022,0,monitor_data.speed_ref
1775242675023,0,monitor_data.speed_ref
1775242675024,0,monitor_data.speed_ref
1775242675025,0,monitor_data.speed_ref
1775242675026,0,monitor_data.speed_ref
1775242675027,0,monitor_data.speed_ref
1775242675028,0,monitor_data.speed_ref
1775242675029,0,monitor_data.speed_ref
1775242675030,0,monitor_data.speed_ref
1775242675031,0,monitor_data.speed_ref
1775242675032,0,monitor_data.speed_ref
1775242675033,0,monitor_data.speed_ref
1775242675034,0,monitor_data.speed_ref
1775242675035,0,monitor_data.speed_ref
1775242675036,0,monitor_data.speed_ref
1775242675037,0,monitor_data.speed_ref
1775242675038,0,monitor_data.speed_ref
1775242675039,0,monitor_data.speed_ref
1775242675040,0,monitor_data.speed_ref
1775242675041,0,monitor_data.speed_ref
1775242675042,0,monitor_data.speed_ref
1775242675043,0,monitor_data.speed_ref
1775242675044,0,monitor_data.speed_ref
1775242674995,4.834723949432373,monitor_data.theta_mech
1775242674996,4.833957195281982,monitor_data.theta_mech
1775242674997,4.834340572357178,monitor_data.theta_mech
1775242674998,4.833573341369629,monitor_data.theta_mech
1775242674999,4.834340572357178,monitor_data.theta_mech
1775242675000,4.833573341369629,monitor_data.theta_mech
1775242675001,4.833189964294434,monitor_data.theta_mech
1775242675002,4.834340572357178,monitor_data.theta_mech
1775242675003,4.834340572357178,monitor_data.theta_mech
1775242675004,4.833189964294434,monitor_data.theta_mech
1775242675005,4.833573341369629,monitor_data.theta_mech
1775242675006,4.833957195281982,monitor_data.theta_mech
1775242675007,4.834340572357178,monitor_data.theta_mech
1775242675008,4.833573341369629,monitor_data.theta_mech
1775242675009,4.833957195281982,monitor_data.theta_mech
1775242675010,4.833957195281982,monitor_data.theta_mech
1775242675011,4.834723949432373,monitor_data.theta_mech
1775242675012,4.833957195281982,monitor_data.theta_mech
1775242675013,4.833957195281982,monitor_data.theta_mech
1775242675014,4.834340572357178,monitor_data.theta_mech
1775242675015,4.833957195281982,monitor_data.theta_mech
1775242675016,4.834723949432373,monitor_data.theta_mech
1775242675017,4.834340572357178,monitor_data.theta_mech
1775242675018,4.834340572357178,monitor_data.theta_mech
1775242675019,4.833573341369629,monitor_data.theta_mech
1775242675020,4.833957195281982,monitor_data.theta_mech
1775242675021,4.833189964294434,monitor_data.theta_mech
1775242675022,4.834340572357178,monitor_data.theta_mech
1775242675023,4.834340572357178,monitor_data.theta_mech
1775242675024,4.833957195281982,monitor_data.theta_mech
1775242675025,4.834340572357178,monitor_data.theta_mech
1775242675026,4.833957195281982,monitor_data.theta_mech
1775242675027,4.833957195281982,monitor_data.theta_mech
1775242675028,4.833189964294434,monitor_data.theta_mech
1775242675029,4.833189964294434,monitor_data.theta_mech
1775242675030,4.833573341369629,monitor_data.theta_mech
1775242675031,4.833573341369629,monitor_data.theta_mech
1775242675032,4.833957195281982,monitor_data.theta_mech
1775242675033,4.833189964294434,monitor_data.theta_mech
1775242675034,4.833957195281982,monitor_data.theta_mech
1775242675035,4.833957195281982,monitor_data.theta_mech
1775242675036,4.834340572357178,monitor_data.theta_mech
1775242675037,4.833957195281982,monitor_data.theta_mech
1775242675038,4.833189964294434,monitor_data.theta_mech
1775242675039,4.833573341369629,monitor_data.theta_mech
1775242675040,4.834340572357178,monitor_data.theta_mech
1775242675041,4.834340572357178,monitor_data.theta_mech
1775242675042,4.833957195281982,monitor_data.theta_mech
1775242675043,4.834723949432373,monitor_data.theta_mech
1775242675044,4.834340572357178,monitor_data.theta_mech
1775242675045,0,monitor_data.speed_ref
1775242675046,0,monitor_data.speed_ref
1775242675047,0,monitor_data.speed_ref
1775242675048,0,monitor_data.speed_ref
1775242675049,0,monitor_data.speed_ref
1775242675050,0,monitor_data.speed_ref
1775242675051,0,monitor_data.speed_ref
1775242675052,0,monitor_data.speed_ref
1775242675053,0,monitor_data.speed_ref
1775242675054,0,monitor_data.speed_ref
1775242675055,0,monitor_data.speed_ref
1775242675056,0,monitor_data.speed_ref
1775242675057,0,monitor_data.speed_ref
1775242675058,0,monitor_data.speed_ref
1775242675059,0,monitor_data.speed_ref
1775242675060,0,monitor_data.speed_ref
1775242675061,0,monitor_data.speed_ref
1775242675062,0,monitor_data.speed_ref
1775242675063,0,monitor_data.speed_ref
1775242675064,0,monitor_data.speed_ref
1775242675065,0,monitor_data.speed_ref
1775242675066,0,monitor_data.speed_ref
1775242675067,0,monitor_data.speed_ref
1775242675068,0,monitor_data.speed_ref
1775242675069,0,monitor_data.speed_ref
1775242675070,0,monitor_data.speed_ref
1775242675071,0,monitor_data.speed_ref
1775242675072,0,monitor_data.speed_ref
1775242675073,0,monitor_data.speed_ref
1775242675074,0,monitor_data.speed_ref
1775242675075,0,monitor_data.speed_ref
1775242675076,0,monitor_data.speed_ref
1775242675077,0,monitor_data.speed_ref
1775242675078,0,monitor_data.speed_ref
1775242675079,0,monitor_data.speed_ref
1775242675080,0,monitor_data.speed_ref
1775242675081,0,monitor_data.speed_ref
1775242675082,0,monitor_data.speed_ref
1775242675083,0,monitor_data.speed_ref
1775242675084,0,monitor_data.speed_ref
1775242675085,0,monitor_data.speed_ref
1775242675086,0,monitor_data.speed_ref
1775242675087,0,monitor_data.speed_ref
1775242675088,0,monitor_data.speed_ref
1775242675089,0,monitor_data.speed_ref
1775242675090,0,monitor_data.speed_ref
1775242675091,0,monitor_data.speed_ref
1775242675092,0,monitor_data.speed_ref
1775242675093,0,monitor_data.speed_ref
1775242675094,0,monitor_data.speed_ref
1775242675045,4.832806587219238,monitor_data.theta_mech
1775242675046,4.834340572357178,monitor_data.theta_mech
1775242675047,4.834723949432373,monitor_data.theta_mech
1775242675048,4.834340572357178,monitor_data.theta_mech
1775242675049,4.833957195281982,monitor_data.theta_mech
1775242675050,4.834340572357178,monitor_data.theta_mech
1775242675051,4.833957195281982,monitor_data.theta_mech
1775242675052,4.834340572357178,monitor_data.theta_mech
1775242675053,4.833573341369629,monitor_data.theta_mech
1775242675054,4.833573341369629,monitor_data.theta_mech
1775242675055,4.833957195281982,monitor_data.theta_mech
1775242675056,4.833957195281982,monitor_data.theta_mech
1775242675057,4.833957195281982,monitor_data.theta_mech
1775242675058,4.833957195281982,monitor_data.theta_mech
1775242675059,4.833957195281982,monitor_data.theta_mech
1775242675060,4.833573341369629,monitor_data.theta_mech
1775242675061,4.833957195281982,monitor_data.theta_mech
1775242675062,4.834340572357178,monitor_data.theta_mech
1775242675063,4.834340572357178,monitor_data.theta_mech
1775242675064,4.832806587219238,monitor_data.theta_mech
1775242675065,4.833957195281982,monitor_data.theta_mech
1775242675066,4.832423210144043,monitor_data.theta_mech
1775242675067,4.833957195281982,monitor_data.theta_mech
1775242675068,4.833957195281982,monitor_data.theta_mech
1775242675069,4.833957195281982,monitor_data.theta_mech
1775242675070,4.833957195281982,monitor_data.theta_mech
1775242675071,4.832806587219238,monitor_data.theta_mech
1775242675072,4.832806587219238,monitor_data.theta_mech
1775242675073,4.833189964294434,monitor_data.theta_mech
1775242675074,4.832806587219238,monitor_data.theta_mech
1775242675075,4.833573341369629,monitor_data.theta_mech
1775242675076,4.833957195281982,monitor_data.theta_mech
1775242675077,4.832806587219238,monitor_data.theta_mech
1775242675078,4.833957195281982,monitor_data.theta_mech
1775242675079,4.833957195281982,monitor_data.theta_mech
1775242675080,4.834340572357178,monitor_data.theta_mech
1775242675081,4.833957195281982,monitor_data.theta_mech
1775242675082,4.835490703582764,monitor_data.theta_mech
1775242675083,4.833189964294434,monitor_data.theta_mech
1775242675084,4.834340572357178,monitor_data.theta_mech
1775242675085,4.833573341369629,monitor_data.theta_mech
1775242675086,4.833957195281982,monitor_data.theta_mech
1775242675087,4.834340572357178,monitor_data.theta_mech
1775242675088,4.834340572357178,monitor_data.theta_mech
1775242675089,4.834340572357178,monitor_data.theta_mech
1775242675090,4.834340572357178,monitor_data.theta_mech
1775242675091,4.833957195281982,monitor_data.theta_mech
1775242675092,4.834723949432373,monitor_data.theta_mech
1775242675093,4.833957195281982,monitor_data.theta_mech
1775242675094,4.834340572357178,monitor_data.theta_mech
1775242675095,0,monitor_data.speed_ref
1775242675096,0,monitor_data.speed_ref
1775242675097,0,monitor_data.speed_ref
1775242675098,0,monitor_data.speed_ref
1775242675099,0,monitor_data.speed_ref
1775242675100,0,monitor_data.speed_ref
1775242675101,0,monitor_data.speed_ref
1775242675102,0,monitor_data.speed_ref
1775242675103,0,monitor_data.speed_ref
1775242675104,0,monitor_data.speed_ref
1775242675105,0,monitor_data.speed_ref
1775242675106,0,monitor_data.speed_ref
1775242675107,0,monitor_data.speed_ref
1775242675108,0,monitor_data.speed_ref
1775242675109,0,monitor_data.speed_ref
1775242675110,0,monitor_data.speed_ref
1775242675111,0,monitor_data.speed_ref
1775242675112,0,monitor_data.speed_ref
1775242675113,0,monitor_data.speed_ref
1775242675114,0,monitor_data.speed_ref
1775242675115,0,monitor_data.speed_ref
1775242675116,0,monitor_data.speed_ref
1775242675117,0,monitor_data.speed_ref
1775242675118,0,monitor_data.speed_ref
1775242675119,0,monitor_data.speed_ref
1775242675120,0,monitor_data.speed_ref
1775242675121,0,monitor_data.speed_ref
1775242675122,0,monitor_data.speed_ref
1775242675123,0,monitor_data.speed_ref
1775242675124,0,monitor_data.speed_ref
1775242675125,0,monitor_data.speed_ref
1775242675126,0,monitor_data.speed_ref
1775242675127,0,monitor_data.speed_ref
1775242675128,0,monitor_data.speed_ref
1775242675129,0,monitor_data.speed_ref
1775242675130,0,monitor_data.speed_ref
1775242675131,0,monitor_data.speed_ref
1775242675132,0,monitor_data.speed_ref
1775242675133,0,monitor_data.speed_ref
1775242675134,0,monitor_data.speed_ref
1775242675135,0,monitor_data.speed_ref
1775242675136,0,monitor_data.speed_ref
1775242675137,0,monitor_data.speed_ref
1775242675138,0,monitor_data.speed_ref
1775242675139,0,monitor_data.speed_ref
1775242675140,0,monitor_data.speed_ref
1775242675141,0,monitor_data.speed_ref
1775242675142,0,monitor_data.speed_ref
1775242675143,0,monitor_data.speed_ref
1775242675144,0,monitor_data.speed_ref
1775242675145,0,monitor_data.speed_ref
1775242675095,4.833573341369629,monitor_data.theta_mech
1775242675096,4.833573341369629,monitor_data.theta_mech
1775242675097,4.835107326507568,monitor_data.theta_mech
1775242675098,4.834723949432373,monitor_data.theta_mech
1775242675099,4.834340572357178,monitor_data.theta_mech
1775242675100,4.833573341369629,monitor_data.theta_mech
1775242675101,4.832806587219238,monitor_data.theta_mech
1775242675102,4.833957195281982,monitor_data.theta_mech
1775242675103,4.833957195281982,monitor_data.theta_mech
1775242675104,4.833957195281982,monitor_data.theta_mech
1775242675105,4.833189964294434,monitor_data.theta_mech
1775242675106,4.833957195281982,monitor_data.theta_mech
1775242675107,4.833957195281982,monitor_data.theta_mech
1775242675108,4.833573341369629,monitor_data.theta_mech
1775242675109,4.833573341369629,monitor_data.theta_mech
1775242675110,4.834723949432373,monitor_data.theta_mech
1775242675111,4.834340572357178,monitor_data.theta_mech
1775242675112,4.833573341369629,monitor_data.theta_mech
1775242675113,4.833573341369629,monitor_data.theta_mech
1775242675114,4.834340572357178,monitor_data.theta_mech
1775242675115,4.833957195281982,monitor_data.theta_mech
1775242675116,4.832423210144043,monitor_data.theta_mech
1775242675117,4.833957195281982,monitor_data.theta_mech
1775242675118,4.833573341369629,monitor_data.theta_mech
1775242675119,4.833573341369629,monitor_data.theta_mech
1775242675120,4.834340572357178,monitor_data.theta_mech
1775242675121,4.834340572357178,monitor_data.theta_mech
1775242675122,4.834340572357178,monitor_data.theta_mech
1775242675123,4.834340572357178,monitor_data.theta_mech
1775242675124,4.834340572357178,monitor_data.theta_mech
1775242675125,4.833957195281982,monitor_data.theta_mech
1775242675126,4.833189964294434,monitor_data.theta_mech
1775242675127,4.834723949432373,monitor_data.theta_mech
1775242675128,4.835874557495117,monitor_data.theta_mech
1775242675129,4.833957195281982,monitor_data.theta_mech
1775242675130,4.833957195281982,monitor_data.theta_mech
1775242675131,4.834723949432373,monitor_data.theta_mech
1775242675132,4.834340572357178,monitor_data.theta_mech
1775242675133,4.834340572357178,monitor_data.theta_mech
1775242675134,4.833573341369629,monitor_data.theta_mech
1775242675135,4.832806587219238,monitor_data.theta_mech
1775242675136,4.833957195281982,monitor_data.theta_mech
1775242675137,4.833957195281982,monitor_data.theta_mech
1775242675138,4.833573341369629,monitor_data.theta_mech
1775242675139,4.832806587219238,monitor_data.theta_mech
1775242675140,4.833189964294434,monitor_data.theta_mech
1775242675141,4.833573341369629,monitor_data.theta_mech
1775242675142,4.833189964294434,monitor_data.theta_mech
1775242675143,4.833957195281982,monitor_data.theta_mech
1775242675144,4.833957195281982,monitor_data.theta_mech
1775242675145,4.833573341369629,monitor_data.theta_mech
1775242675146,0,monitor_data.speed_ref
1775242675147,0,monitor_data.speed_ref
1775242675148,0,monitor_data.speed_ref
1775242675149,0,monitor_data.speed_ref
1775242675150,0,monitor_data.speed_ref
1775242675151,0,monitor_data.speed_ref
1775242675152,0,monitor_data.speed_ref
1775242675153,0,monitor_data.speed_ref
1775242675154,0,monitor_data.speed_ref
1775242675155,0,monitor_data.speed_ref
1775242675156,0,monitor_data.speed_ref
1775242675157,0,monitor_data.speed_ref
1775242675158,0,monitor_data.speed_ref
1775242675159,0,monitor_data.speed_ref
1775242675160,0,monitor_data.speed_ref
1775242675161,0,monitor_data.speed_ref
1775242675162,0,monitor_data.speed_ref
1775242675163,0,monitor_data.speed_ref
1775242675164,0,monitor_data.speed_ref
1775242675165,0,monitor_data.speed_ref
1775242675166,0,monitor_data.speed_ref
1775242675167,0,monitor_data.speed_ref
1775242675168,0,monitor_data.speed_ref
1775242675169,0,monitor_data.speed_ref
1775242675170,0,monitor_data.speed_ref
1775242675171,0,monitor_data.speed_ref
1775242675172,0,monitor_data.speed_ref
1775242675173,0,monitor_data.speed_ref
1775242675174,0,monitor_data.speed_ref
1775242675175,0,monitor_data.speed_ref
1775242675176,0,monitor_data.speed_ref
1775242675177,0,monitor_data.speed_ref
1775242675178,0,monitor_data.speed_ref
1775242675179,0,monitor_data.speed_ref
1775242675180,0,monitor_data.speed_ref
1775242675181,0,monitor_data.speed_ref
1775242675182,0,monitor_data.speed_ref
1775242675183,0,monitor_data.speed_ref
1775242675184,0,monitor_data.speed_ref
1775242675185,0,monitor_data.speed_ref
1775242675186,0,monitor_data.speed_ref
1775242675187,0,monitor_data.speed_ref
1775242675188,0,monitor_data.speed_ref
1775242675189,0,monitor_data.speed_ref
1775242675190,0,monitor_data.speed_ref
1775242675191,0,monitor_data.speed_ref
1775242675192,0,monitor_data.speed_ref
1775242675193,0,monitor_data.speed_ref
1775242675194,0,monitor_data.speed_ref
1775242675195,0,monitor_data.speed_ref
1775242675146,4.834723949432373,monitor_data.theta_mech
1775242675147,4.834723949432373,monitor_data.theta_mech
1775242675148,4.833573341369629,monitor_data.theta_mech
1775242675149,4.833573341369629,monitor_data.theta_mech
1775242675150,4.835107326507568,monitor_data.theta_mech
1775242675151,4.834340572357178,monitor_data.theta_mech
1775242675152,4.834340572357178,monitor_data.theta_mech
1775242675153,4.834340572357178,monitor_data.theta_mech
1775242675154,4.833189964294434,monitor_data.theta_mech
1775242675155,4.832806587219238,monitor_data.theta_mech
1775242675156,4.832806587219238,monitor_data.theta_mech
1775242675157,4.832806587219238,monitor_data.theta_mech
1775242675158,4.832806587219238,monitor_data.theta_mech
1775242675159,4.833573341369629,monitor_data.theta_mech
1775242675160,4.832806587219238,monitor_data.theta_mech
1775242675161,4.832806587219238,monitor_data.theta_mech
1775242675162,4.833189964294434,monitor_data.theta_mech
1775242675163,4.832423210144043,monitor_data.theta_mech
1775242675164,4.832423210144043,monitor_data.theta_mech
1775242675165,4.833573341369629,monitor_data.theta_mech
1775242675166,4.833573341369629,monitor_data.theta_mech
1775242675167,4.833573341369629,monitor_data.theta_mech
1775242675168,4.833957195281982,monitor_data.theta_mech
1775242675169,4.833573341369629,monitor_data.theta_mech
1775242675170,4.833573341369629,monitor_data.theta_mech
1775242675171,4.834340572357178,monitor_data.theta_mech
1775242675172,4.834723949432373,monitor_data.theta_mech
1775242675173,4.834340572357178,monitor_data.theta_mech
1775242675174,4.835490703582764,monitor_data.theta_mech
1775242675175,4.834340572357178,monitor_data.theta_mech
1775242675176,4.834723949432373,monitor_data.theta_mech
1775242675177,4.833957195281982,monitor_data.theta_mech
1775242675178,4.834340572357178,monitor_data.theta_mech
1775242675179,4.834723949432373,monitor_data.theta_mech
1775242675180,4.833189964294434,monitor_data.theta_mech
1775242675181,4.834340572357178,monitor_data.theta_mech
1775242675182,4.833573341369629,monitor_data.theta_mech
1775242675183,4.833957195281982,monitor_data.theta_mech
1775242675184,4.832806587219238,monitor_data.theta_mech
1775242675185,4.832806587219238,monitor_data.theta_mech
1775242675186,4.833957195281982,monitor_data.theta_mech
1775242675187,4.832806587219238,monitor_data.theta_mech
1775242675188,4.833189964294434,monitor_data.theta_mech
1775242675189,4.834723949432373,monitor_data.theta_mech
1775242675190,4.832806587219238,monitor_data.theta_mech
1775242675191,4.834340572357178,monitor_data.theta_mech
1775242675192,4.833957195281982,monitor_data.theta_mech
1775242675193,4.833957195281982,monitor_data.theta_mech
1775242675194,4.833573341369629,monitor_data.theta_mech
1775242675195,4.834340572357178,monitor_data.theta_mech
1775242675196,0,monitor_data.speed_ref
1775242675197,0,monitor_data.speed_ref
1775242675198,0,monitor_data.speed_ref
1775242675199,0,monitor_data.speed_ref
1775242675200,0,monitor_data.speed_ref
1775242675201,0,monitor_data.speed_ref
1775242675202,0,monitor_data.speed_ref
1775242675203,0,monitor_data.speed_ref
1775242675204,0,monitor_data.speed_ref
1775242675205,0,monitor_data.speed_ref
1775242675206,0,monitor_data.speed_ref
1775242675207,0,monitor_data.speed_ref
1775242675208,0,monitor_data.speed_ref
1775242675209,0,monitor_data.speed_ref
1775242675210,0,monitor_data.speed_ref
1775242675211,0,monitor_data.speed_ref
1775242675212,0,monitor_data.speed_ref
1775242675213,0,monitor_data.speed_ref
1775242675214,0,monitor_data.speed_ref
1775242675215,0,monitor_data.speed_ref
1775242675216,0,monitor_data.speed_ref
1775242675217,0,monitor_data.speed_ref
1775242675218,0,monitor_data.speed_ref
1775242675219,0,monitor_data.speed_ref
1775242675220,0,monitor_data.speed_ref
1775242675221,0,monitor_data.speed_ref
1775242675222,0,monitor_data.speed_ref
1775242675223,0,monitor_data.speed_ref
1775242675224,0,monitor_data.speed_ref
1775242675225,0,monitor_data.speed_ref
1775242675226,0,monitor_data.speed_ref
1775242675227,0,monitor_data.speed_ref
1775242675228,0,monitor_data.speed_ref
1775242675229,0,monitor_data.speed_ref
1775242675230,0,monitor_data.speed_ref
1775242675231,0,monitor_data.speed_ref
1775242675232,0,monitor_data.speed_ref
1775242675233,0,monitor_data.speed_ref
1775242675234,0,monitor_data.speed_ref
1775242675235,0,monitor_data.speed_ref
1775242675236,0,monitor_data.speed_ref
1775242675237,0,monitor_data.speed_ref
1775242675238,0,monitor_data.speed_ref
1775242675239,0,monitor_data.speed_ref
1775242675240,0,monitor_data.speed_ref
1775242675241,0,monitor_data.speed_ref
1775242675242,0,monitor_data.speed_ref
1775242675243,0,monitor_data.speed_ref
1775242675244,0,monitor_data.speed_ref
1775242675245,0,monitor_data.speed_ref
1775242675196,4.833189964294434,monitor_data.theta_mech
1775242675197,4.833189964294434,monitor_data.theta_mech
1775242675198,4.833573341369629,monitor_data.theta_mech
1775242675199,4.833957195281982,monitor_data.theta_mech
1775242675200,4.833573341369629,monitor_data.theta_mech
1775242675201,4.833573341369629,monitor_data.theta_mech
1775242675202,4.833573341369629,monitor_data.theta_mech
1775242675203,4.833189964294434,monitor_data.theta_mech
1775242675204,4.833573341369629,monitor_data.theta_mech
1775242675205,4.833189964294434,monitor_data.theta_mech
1775242675206,4.833957195281982,monitor_data.theta_mech
1775242675207,4.833957195281982,monitor_data.theta_mech
1775242675208,4.833573341369629,monitor_data.theta_mech
1775242675209,4.834340572357178,monitor_data.theta_mech
1775242675210,4.833573341369629,monitor_data.theta_mech
1775242675211,4.834723949432373,monitor_data.theta_mech
1775242675212,4.834723949432373,monitor_data.theta_mech
1775242675213,4.833957195281982,monitor_data.theta_mech
1775242675214,4.834340572357178,monitor_data.theta_mech
1775242675215,4.833957195281982,monitor_data.theta_mech
1775242675216,4.834340572357178,monitor_data.theta_mech
1775242675217,4.834340572357178,monitor_data.theta_mech
1775242675218,4.833573341369629,monitor_data.theta_mech
1775242675219,4.834723949432373,monitor_data.theta_mech
1775242675220,4.834340572357178,monitor_data.theta_mech
1775242675221,4.833957195281982,monitor_data.theta_mech
1775242675222,4.833957195281982,monitor_data.theta_mech
1775242675223,4.833957195281982,monitor_data.theta_mech
1775242675224,4.833957195281982,monitor_data.theta_mech
1775242675225,4.833573341369629,monitor_data.theta_mech
1775242675226,4.833957195281982,monitor_data.theta_mech
1775242675227,4.833957195281982,monitor_data.theta_mech
1775242675228,4.834723949432373,monitor_data.theta_mech
1775242675229,4.833957195281982,monitor_data.theta_mech
1775242675230,4.833573341369629,monitor_data.theta_mech
1775242675231,4.833189964294434,monitor_data.theta_mech
1775242675232,4.833957195281982,monitor_data.theta_mech
1775242675233,4.834340572357178,monitor_data.theta_mech
1775242675234,4.833957195281982,monitor_data.theta_mech
1775242675235,4.833573341369629,monitor_data.theta_mech
1775242675236,4.833573341369629,monitor_data.theta_mech
1775242675237,4.833189964294434,monitor_data.theta_mech
1775242675238,4.833573341369629,monitor_data.theta_mech
1775242675239,4.833957195281982,monitor_data.theta_mech
1775242675240,4.833573341369629,monitor_data.theta_mech
1775242675241,4.834340572357178,monitor_data.theta_mech
1775242675242,4.833189964294434,monitor_data.theta_mech
1775242675243,4.833957195281982,monitor_data.theta_mech
1775242675244,4.834340572357178,monitor_data.theta_mech
1775242675245,4.834340572357178,monitor_data.theta_mech
1775242675246,0,monitor_data.speed_ref
1775242675247,0,monitor_data.speed_ref
1775242675248,0,monitor_data.speed_ref
1775242675249,0,monitor_data.speed_ref
1775242675250,0,monitor_data.speed_ref
1775242675251,0,monitor_data.speed_ref
1775242675252,0,monitor_data.speed_ref
1775242675253,0,monitor_data.speed_ref
1775242675254,0,monitor_data.speed_ref
1775242675255,0,monitor_data.speed_ref
1775242675256,0,monitor_data.speed_ref
1775242675257,0,monitor_data.speed_ref
1775242675258,0,monitor_data.speed_ref
1775242675259,0,monitor_data.speed_ref
1775242675260,0,monitor_data.speed_ref
1775242675261,0,monitor_data.speed_ref
1775242675262,0,monitor_data.speed_ref
1775242675263,0,monitor_data.speed_ref
1775242675264,0,monitor_data.speed_ref
1775242675265,0,monitor_data.speed_ref
1775242675266,0,monitor_data.speed_ref
1775242675267,0,monitor_data.speed_ref
1775242675268,0,monitor_data.speed_ref
1775242675269,0,monitor_data.speed_ref
1775242675270,0,monitor_data.speed_ref
1775242675271,0,monitor_data.speed_ref
1775242675272,0,monitor_data.speed_ref
1775242675273,0,monitor_data.speed_ref
1775242675274,0,monitor_data.speed_ref
1775242675275,0,monitor_data.speed_ref
1775242675276,0,monitor_data.speed_ref
1775242675277,0,monitor_data.speed_ref
1775242675278,0,monitor_data.speed_ref
1775242675279,0,monitor_data.speed_ref
1775242675280,0,monitor_data.speed_ref
1775242675281,0,monitor_data.speed_ref
1775242675282,0,monitor_data.speed_ref
1775242675283,0,monitor_data.speed_ref
1775242675284,0,monitor_data.speed_ref
1775242675285,0,monitor_data.speed_ref
1775242675286,0,monitor_data.speed_ref
1775242675287,0,monitor_data.speed_ref
1775242675288,0,monitor_data.speed_ref
1775242675289,0,monitor_data.speed_ref
1775242675290,0,monitor_data.speed_ref
1775242675291,0,monitor_data.speed_ref
1775242675292,0,monitor_data.speed_ref
1775242675293,0,monitor_data.speed_ref
1775242675294,0,monitor_data.speed_ref
1775242675295,0,monitor_data.speed_ref
1775242675246,4.833573341369629,monitor_data.theta_mech
1775242675247,4.833189964294434,monitor_data.theta_mech
1775242675248,4.834340572357178,monitor_data.theta_mech
1775242675249,4.833189964294434,monitor_data.theta_mech
1775242675250,4.834723949432373,monitor_data.theta_mech
1775242675251,4.834340572357178,monitor_data.theta_mech
1775242675252,4.834340572357178,monitor_data.theta_mech
1775242675253,4.833573341369629,monitor_data.theta_mech
1775242675254,4.832423210144043,monitor_data.theta_mech
1775242675255,4.833189964294434,monitor_data.theta_mech
1775242675256,4.833957195281982,monitor_data.theta_mech
1775242675257,4.833573341369629,monitor_data.theta_mech
1775242675258,4.834340572357178,monitor_data.theta_mech
1775242675259,4.833189964294434,monitor_data.theta_mech
1775242675260,4.833189964294434,monitor_data.theta_mech
1775242675261,4.833189964294434,monitor_data.theta_mech
1775242675262,4.833189964294434,monitor_data.theta_mech
1775242675263,4.833573341369629,monitor_data.theta_mech
1775242675264,4.832423210144043,monitor_data.theta_mech
1775242675265,4.834340572357178,monitor_data.theta_mech
1775242675266,4.833957195281982,monitor_data.theta_mech
1775242675267,4.834723949432373,monitor_data.theta_mech
1775242675268,4.833189964294434,monitor_data.theta_mech
1775242675269,4.833957195281982,monitor_data.theta_mech
1775242675270,4.834340572357178,monitor_data.theta_mech
1775242675271,4.835107326507568,monitor_data.theta_mech
1775242675272,4.833957195281982,monitor_data.theta_mech
1775242675273,4.834340572357178,monitor_data.theta_mech
1775242675274,4.833573341369629,monitor_data.theta_mech
1775242675275,4.833573341369629,monitor_data.theta_mech
1775242675276,4.833573341369629,monitor_data.theta_mech
1775242675277,4.833957195281982,monitor_data.theta_mech
1775242675278,4.832806587219238,monitor_data.theta_mech
1775242675279,4.833957195281982,monitor_data.theta_mech
1775242675280,4.833573341369629,monitor_data.theta_mech
1775242675281,4.832806587219238,monitor_data.theta_mech
1775242675282,4.833573341369629,monitor_data.theta_mech
1775242675283,4.833573341369629,monitor_data.theta_mech
1775242675284,4.832806587219238,monitor_data.theta_mech
1775242675285,4.833957195281982,monitor_data.theta_mech
1775242675286,4.833957195281982,monitor_data.theta_mech
1775242675287,4.833573341369629,monitor_data.theta_mech
1775242675288,4.833957195281982,monitor_data.theta_mech
1775242675289,4.835107326507568,monitor_data.theta_mech
1775242675290,4.834340572357178,monitor_data.theta_mech
1775242675291,4.833957195281982,monitor_data.theta_mech
1775242675292,4.832806587219238,monitor_data.theta_mech
1775242675293,4.833957195281982,monitor_data.theta_mech
1775242675294,4.834340572357178,monitor_data.theta_mech
1775242675295,4.834340572357178,monitor_data.theta_mech
1775242675296,0,monitor_data.speed_ref
1775242675297,0,monitor_data.speed_ref
1775242675298,0,monitor_data.speed_ref
1775242675299,0,monitor_data.speed_ref
1775242675300,0,monitor_data.speed_ref
1775242675301,0,monitor_data.speed_ref
1775242675302,0,monitor_data.speed_ref
1775242675303,0,monitor_data.speed_ref
1775242675304,0,monitor_data.speed_ref
1775242675305,0,monitor_data.speed_ref
1775242675306,0,monitor_data.speed_ref
1775242675307,0,monitor_data.speed_ref
1775242675308,0,monitor_data.speed_ref
1775242675309,0,monitor_data.speed_ref
1775242675310,0,monitor_data.speed_ref
1775242675311,0,monitor_data.speed_ref
1775242675312,0,monitor_data.speed_ref
1775242675313,0,monitor_data.speed_ref
1775242675314,0,monitor_data.speed_ref
1775242675315,0,monitor_data.speed_ref
1775242675316,0,monitor_data.speed_ref
1775242675317,0,monitor_data.speed_ref
1775242675318,0,monitor_data.speed_ref
1775242675319,0,monitor_data.speed_ref
1775242675320,0,monitor_data.speed_ref
1775242675321,0,monitor_data.speed_ref
1775242675322,0,monitor_data.speed_ref
1775242675323,0,monitor_data.speed_ref
1775242675324,0,monitor_data.speed_ref
1775242675325,0,monitor_data.speed_ref
1775242675326,0,monitor_data.speed_ref
1775242675327,0,monitor_data.speed_ref
1775242675328,0,monitor_data.speed_ref
1775242675329,0,monitor_data.speed_ref
1775242675330,0,monitor_data.speed_ref
1775242675331,0,monitor_data.speed_ref
1775242675332,0,monitor_data.speed_ref
1775242675333,0,monitor_data.speed_ref
1775242675334,0,monitor_data.speed_ref
1775242675335,0,monitor_data.speed_ref
1775242675336,0,monitor_data.speed_ref
1775242675337,0,monitor_data.speed_ref
1775242675338,0,monitor_data.speed_ref
1775242675339,0,monitor_data.speed_ref
1775242675340,0,monitor_data.speed_ref
1775242675341,0,monitor_data.speed_ref
1775242675342,0,monitor_data.speed_ref
1775242675343,0,monitor_data.speed_ref
1775242675344,0,monitor_data.speed_ref
1775242675345,0,monitor_data.speed_ref
1775242675346,0,monitor_data.speed_ref
1775242675296,4.834340572357178,monitor_data.theta_mech
1775242675297,4.834340572357178,monitor_data.theta_mech
1775242675298,4.834340572357178,monitor_data.theta_mech
1775242675299,4.833573341369629,monitor_data.theta_mech
1775242675300,4.833957195281982,monitor_data.theta_mech
1775242675301,4.834340572357178,monitor_data.theta_mech
1775242675302,4.833573341369629,monitor_data.theta_mech
1775242675303,4.834340572357178,monitor_data.theta_mech
1775242675304,4.834340572357178,monitor_data.theta_mech
1775242675305,4.834340572357178,monitor_data.theta_mech
1775242675306,4.833957195281982,monitor_data.theta_mech
1775242675307,4.833957195281982,monitor_data.theta_mech
1775242675308,4.833957195281982,monitor_data.theta_mech
1775242675309,4.833957195281982,monitor_data.theta_mech
1775242675310,4.834723949432373,monitor_data.theta_mech
1775242675311,4.833957195281982,monitor_data.theta_mech
1775242675312,4.833957195281982,monitor_data.theta_mech
1775242675313,4.833189964294434,monitor_data.theta_mech
1775242675314,4.834340572357178,monitor_data.theta_mech
1775242675315,4.833189964294434,monitor_data.theta_mech
1775242675316,4.833957195281982,monitor_data.theta_mech
1775242675317,4.833189964294434,monitor_data.theta_mech
1775242675318,4.833189964294434,monitor_data.theta_mech
1775242675319,4.833189964294434,monitor_data.theta_mech
1775242675320,4.833573341369629,monitor_data.theta_mech
1775242675321,4.833957195281982,monitor_data.theta_mech
1775242675322,4.833573341369629,monitor_data.theta_mech
1775242675323,4.833573341369629,monitor_data.theta_mech
1775242675324,4.833189964294434,monitor_data.theta_mech
1775242675325,4.833957195281982,monitor_data.theta_mech
1775242675326,4.833573341369629,monitor_data.theta_mech
1775242675327,4.834340572357178,monitor_data.theta_mech
1775242675328,4.833957195281982,monitor_data.theta_mech
1775242675329,4.833573341369629,monitor_data.theta_mech
1775242675330,4.834723949432373,monitor_data.theta_mech
1775242675331,4.834340572357178,monitor_data.theta_mech
1775242675332,4.833189964294434,monitor_data.theta_mech
1775242675333,4.833573341369629,monitor_data.theta_mech
1775242675334,4.834340572357178,monitor_data.theta_mech
1775242675335,4.834340572357178,monitor_data.theta_mech
1775242675336,4.833957195281982,monitor_data.theta_mech
1775242675337,4.834340572357178,monitor_data.theta_mech
1775242675338,4.832423210144043,monitor_data.theta_mech
1775242675339,4.832806587219238,monitor_data.theta_mech
1775242675340,4.833189964294434,monitor_data.theta_mech
1775242675341,4.834340572357178,monitor_data.theta_mech
1775242675342,4.833189964294434,monitor_data.theta_mech
1775242675343,4.833957195281982,monitor_data.theta_mech
1775242675344,4.833573341369629,monitor_data.theta_mech
1775242675345,4.834340572357178,monitor_data.theta_mech
1775242675346,4.833957195281982,monitor_data.theta_mech
1775242675347,0,monitor_data.speed_ref
1775242675348,0,monitor_data.speed_ref
1775242675349,0,monitor_data.speed_ref
1775242675350,0,monitor_data.speed_ref
1775242675351,0,monitor_data.speed_ref
1775242675352,0,monitor_data.speed_ref
1775242675353,0,monitor_data.speed_ref
1775242675354,0,monitor_data.speed_ref
1775242675355,0,monitor_data.speed_ref
1775242675356,0,monitor_data.speed_ref
1775242675357,0,monitor_data.speed_ref
1775242675358,0,monitor_data.speed_ref
1775242675359,0,monitor_data.speed_ref
1775242675360,0,monitor_data.speed_ref
1775242675361,0,monitor_data.speed_ref
1775242675362,0,monitor_data.speed_ref
1775242675363,0,monitor_data.speed_ref
1775242675364,0,monitor_data.speed_ref
1775242675365,0,monitor_data.speed_ref
1775242675366,0,monitor_data.speed_ref
1775242675367,0,monitor_data.speed_ref
1775242675368,0,monitor_data.speed_ref
1775242675369,0,monitor_data.speed_ref
1775242675370,0,monitor_data.speed_ref
1775242675371,0,monitor_data.speed_ref
1775242675372,0,monitor_data.speed_ref
1775242675373,0,monitor_data.speed_ref
1775242675374,0,monitor_data.speed_ref
1775242675375,0,monitor_data.speed_ref
1775242675376,0,monitor_data.speed_ref
1775242675377,0,monitor_data.speed_ref
1775242675378,0,monitor_data.speed_ref
1775242675379,0,monitor_data.speed_ref
1775242675380,0,monitor_data.speed_ref
1775242675381,0,monitor_data.speed_ref
1775242675382,0,monitor_data.speed_ref
1775242675383,0,monitor_data.speed_ref
1775242675384,0,monitor_data.speed_ref
1775242675385,0,monitor_data.speed_ref
1775242675386,0,monitor_data.speed_ref
1775242675387,0,monitor_data.speed_ref
1775242675388,0,monitor_data.speed_ref
1775242675389,0,monitor_data.speed_ref
1775242675390,0,monitor_data.speed_ref
1775242675391,0,monitor_data.speed_ref
1775242675392,0,monitor_data.speed_ref
1775242675393,0,monitor_data.speed_ref
1775242675394,0,monitor_data.speed_ref
1775242675395,0,monitor_data.speed_ref
1775242675396,0,monitor_data.speed_ref
1775242675397,0,monitor_data.speed_ref
1775242675347,4.834340572357178,monitor_data.theta_mech
1775242675348,4.833957195281982,monitor_data.theta_mech
1775242675349,4.834723949432373,monitor_data.theta_mech
1775242675350,4.833189964294434,monitor_data.theta_mech
1775242675351,4.833957195281982,monitor_data.theta_mech
1775242675352,4.834723949432373,monitor_data.theta_mech
1775242675353,4.833957195281982,monitor_data.theta_mech
1775242675354,4.833189964294434,monitor_data.theta_mech
1775242675355,4.832423210144043,monitor_data.theta_mech
1775242675356,4.833189964294434,monitor_data.theta_mech
1775242675357,4.832423210144043,monitor_data.theta_mech
1775242675358,4.833957195281982,monitor_data.theta_mech
1775242675359,4.832806587219238,monitor_data.theta_mech
1775242675360,4.833957195281982,monitor_data.theta_mech
1775242675361,4.833573341369629,monitor_data.theta_mech
1775242675362,4.834340572357178,monitor_data.theta_mech
1775242675363,4.833189964294434,monitor_data.theta_mech
1775242675364,4.834340572357178,monitor_data.theta_mech
1775242675365,4.833957195281982,monitor_data.theta_mech
1775242675366,4.833573341369629,monitor_data.theta_mech
1775242675367,4.834723949432373,monitor_data.theta_mech
1775242675368,4.834340572357178,monitor_data.theta_mech
1775242675369,4.834723949432373,monitor_data.theta_mech
1775242675370,4.834340572357178,monitor_data.theta_mech
1775242675371,4.833957195281982,monitor_data.theta_mech
1775242675372,4.835107326507568,monitor_data.theta_mech
1775242675373,4.835107326507568,monitor_data.theta_mech
1775242675374,4.834340572357178,monitor_data.theta_mech
1775242675375,4.834340572357178,monitor_data.theta_mech
1775242675376,4.834340572357178,monitor_data.theta_mech
1775242675377,4.834340572357178,monitor_data.theta_mech
1775242675378,4.833189964294434,monitor_data.theta_mech
1775242675379,4.833189964294434,monitor_data.theta_mech
1775242675380,4.834340572357178,monitor_data.theta_mech
1775242675381,4.833189964294434,monitor_data.theta_mech
1775242675382,4.834340572357178,monitor_data.theta_mech
1775242675383,4.834340572357178,monitor_data.theta_mech
1775242675384,4.833573341369629,monitor_data.theta_mech
1775242675385,4.833573341369629,monitor_data.theta_mech
1775242675386,4.833573341369629,monitor_data.theta_mech
1775242675387,4.833957195281982,monitor_data.theta_mech
1775242675388,4.833957195281982,monitor_data.theta_mech
1775242675389,4.834340572357178,monitor_data.theta_mech
1775242675390,4.833957195281982,monitor_data.theta_mech
1775242675391,4.833957195281982,monitor_data.theta_mech
1775242675392,4.834723949432373,monitor_data.theta_mech
1775242675393,4.833957195281982,monitor_data.theta_mech
1775242675394,4.833573341369629,monitor_data.theta_mech
1775242675395,4.833957195281982,monitor_data.theta_mech
1775242675396,4.834723949432373,monitor_data.theta_mech
1775242675397,4.834340572357178,monitor_data.theta_mech
1775242675398,0,monitor_data.speed_ref
1775242675399,0,monitor_data.speed_ref
1775242675400,0,monitor_data.speed_ref
1775242675401,0,monitor_data.speed_ref
1775242675402,0,monitor_data.speed_ref
1775242675403,0,monitor_data.speed_ref
1775242675404,0,monitor_data.speed_ref
1775242675405,0,monitor_data.speed_ref
1775242675406,0,monitor_data.speed_ref
1775242675407,0,monitor_data.speed_ref
1775242675408,0,monitor_data.speed_ref
1775242675409,0,monitor_data.speed_ref
1775242675410,0,monitor_data.speed_ref
1775242675411,0,monitor_data.speed_ref
1775242675412,0,monitor_data.speed_ref
1775242675413,0,monitor_data.speed_ref
1775242675414,0,monitor_data.speed_ref
1775242675415,0,monitor_data.speed_ref
1775242675416,0,monitor_data.speed_ref
1775242675417,0,monitor_data.speed_ref
1775242675418,0,monitor_data.speed_ref
1775242675419,0,monitor_data.speed_ref
1775242675420,0,monitor_data.speed_ref
1775242675421,0,monitor_data.speed_ref
1775242675422,0,monitor_data.speed_ref
1775242675423,0,monitor_data.speed_ref
1775242675424,0,monitor_data.speed_ref
1775242675425,0,monitor_data.speed_ref
1775242675426,0,monitor_data.speed_ref
1775242675427,0,monitor_data.speed_ref
1775242675428,0,monitor_data.speed_ref
1775242675429,0,monitor_data.speed_ref
1775242675430,0,monitor_data.speed_ref
1775242675431,0,monitor_data.speed_ref
1775242675432,0,monitor_data.speed_ref
1775242675433,0,monitor_data.speed_ref
1775242675434,0,monitor_data.speed_ref
1775242675435,0,monitor_data.speed_ref
1775242675436,0,monitor_data.speed_ref
1775242675437,0,monitor_data.speed_ref
1775242675438,0,monitor_data.speed_ref
1775242675439,0,monitor_data.speed_ref
1775242675440,0,monitor_data.speed_ref
1775242675441,0,monitor_data.speed_ref
1775242675442,0,monitor_data.speed_ref
1775242675443,0,monitor_data.speed_ref
1775242675444,0,monitor_data.speed_ref
1775242675445,0,monitor_data.speed_ref
1775242675446,0,monitor_data.speed_ref
1775242675398,4.833957195281982,monitor_data.theta_mech
1775242675399,4.834340572357178,monitor_data.theta_mech
1775242675400,4.833957195281982,monitor_data.theta_mech
1775242675401,4.833957195281982,monitor_data.theta_mech
1775242675402,4.833957195281982,monitor_data.theta_mech
1775242675403,4.834340572357178,monitor_data.theta_mech
1775242675404,4.835490703582764,monitor_data.theta_mech
1775242675405,4.833573341369629,monitor_data.theta_mech
1775242675406,4.833573341369629,monitor_data.theta_mech
1775242675407,4.833189964294434,monitor_data.theta_mech
1775242675408,4.833573341369629,monitor_data.theta_mech
1775242675409,4.833189964294434,monitor_data.theta_mech
1775242675410,4.833573341369629,monitor_data.theta_mech
1775242675411,4.833189964294434,monitor_data.theta_mech
1775242675412,4.833957195281982,monitor_data.theta_mech
1775242675413,4.834340572357178,monitor_data.theta_mech
1775242675414,4.833189964294434,monitor_data.theta_mech
1775242675415,4.833957195281982,monitor_data.theta_mech
1775242675416,4.833573341369629,monitor_data.theta_mech
1775242675417,4.834340572357178,monitor_data.theta_mech
1775242675418,4.833957195281982,monitor_data.theta_mech
1775242675419,4.834340572357178,monitor_data.theta_mech
1775242675420,4.833957195281982,monitor_data.theta_mech
1775242675421,4.834723949432373,monitor_data.theta_mech
1775242675422,4.834723949432373,monitor_data.theta_mech
1775242675423,4.833957195281982,monitor_data.theta_mech
1775242675424,4.834340572357178,monitor_data.theta_mech
1775242675425,4.834340572357178,monitor_data.theta_mech
1775242675426,4.833957195281982,monitor_data.theta_mech
1775242675427,4.833189964294434,monitor_data.theta_mech
1775242675428,4.833957195281982,monitor_data.theta_mech
1775242675429,4.833573341369629,monitor_data.theta_mech
1775242675430,4.833573341369629,monitor_data.theta_mech
1775242675431,4.833573341369629,monitor_data.theta_mech
1775242675432,4.833957195281982,monitor_data.theta_mech
1775242675433,4.834723949432373,monitor_data.theta_mech
1775242675434,4.833573341369629,monitor_data.theta_mech
1775242675435,4.832806587219238,monitor_data.theta_mech
1775242675436,4.833957195281982,monitor_data.theta_mech
1775242675437,4.833573341369629,monitor_data.theta_mech
1775242675438,4.834340572357178,monitor_data.theta_mech
1775242675439,4.834340572357178,monitor_data.theta_mech
1775242675440,4.834723949432373,monitor_data.theta_mech
1775242675441,4.834340572357178,monitor_data.theta_mech
1775242675442,4.834340572357178,monitor_data.theta_mech
1775242675443,4.833957195281982,monitor_data.theta_mech
1775242675444,4.833189964294434,monitor_data.theta_mech
1775242675445,4.833189964294434,monitor_data.theta_mech
1775242675446,4.833573341369629,monitor_data.theta_mech
1775242675447,0,monitor_data.speed_ref
1775242675448,0,monitor_data.speed_ref
1775242675449,0,monitor_data.speed_ref
1775242675450,0,monitor_data.speed_ref
1775242675451,0,monitor_data.speed_ref
1775242675452,0,monitor_data.speed_ref
1775242675453,0,monitor_data.speed_ref
1775242675454,0,monitor_data.speed_ref
1775242675455,0,monitor_data.speed_ref
1775242675456,0,monitor_data.speed_ref
1775242675457,0,monitor_data.speed_ref
1775242675458,0,monitor_data.speed_ref
1775242675459,0,monitor_data.speed_ref
1775242675460,0,monitor_data.speed_ref
1775242675461,0,monitor_data.speed_ref
1775242675462,0,monitor_data.speed_ref
1775242675463,0,monitor_data.speed_ref
1775242675464,0,monitor_data.speed_ref
1775242675465,0,monitor_data.speed_ref
1775242675466,0,monitor_data.speed_ref
1775242675467,0,monitor_data.speed_ref
1775242675468,0,monitor_data.speed_ref
1775242675469,0,monitor_data.speed_ref
1775242675470,0,monitor_data.speed_ref
1775242675471,0,monitor_data.speed_ref
1775242675472,0,monitor_data.speed_ref
1775242675473,0,monitor_data.speed_ref
1775242675474,0,monitor_data.speed_ref
1775242675475,0,monitor_data.speed_ref
1775242675476,0,monitor_data.speed_ref
1775242675477,0,monitor_data.speed_ref
1775242675478,0,monitor_data.speed_ref
1775242675479,0,monitor_data.speed_ref
1775242675480,0,monitor_data.speed_ref
1775242675481,0,monitor_data.speed_ref
1775242675482,0,monitor_data.speed_ref
1775242675483,0,monitor_data.speed_ref
1775242675484,0,monitor_data.speed_ref
1775242675485,0,monitor_data.speed_ref
1775242675486,0,monitor_data.speed_ref
1775242675487,0,monitor_data.speed_ref
1775242675488,0,monitor_data.speed_ref
1775242675489,0,monitor_data.speed_ref
1775242675490,0,monitor_data.speed_ref
1775242675491,0,monitor_data.speed_ref
1775242675492,0,monitor_data.speed_ref
1775242675493,0,monitor_data.speed_ref
1775242675494,0,monitor_data.speed_ref
1775242675495,0,monitor_data.speed_ref
1775242675496,0,monitor_data.speed_ref
1775242675497,0,monitor_data.speed_ref
1775242675447,4.833957195281982,monitor_data.theta_mech
1775242675448,4.833189964294434,monitor_data.theta_mech
1775242675449,4.833957195281982,monitor_data.theta_mech
1775242675450,4.834340572357178,monitor_data.theta_mech
1775242675451,4.834340572357178,monitor_data.theta_mech
1775242675452,4.832806587219238,monitor_data.theta_mech
1775242675453,4.834340572357178,monitor_data.theta_mech
1775242675454,4.834723949432373,monitor_data.theta_mech
1775242675455,4.833573341369629,monitor_data.theta_mech
1775242675456,4.834340572357178,monitor_data.theta_mech
1775242675457,4.834723949432373,monitor_data.theta_mech
1775242675458,4.833957195281982,monitor_data.theta_mech
1775242675459,4.833573341369629,monitor_data.theta_mech
1775242675460,4.834723949432373,monitor_data.theta_mech
1775242675461,4.833573341369629,monitor_data.theta_mech
1775242675462,4.833957195281982,monitor_data.theta_mech
1775242675463,4.833573341369629,monitor_data.theta_mech
1775242675464,4.832806587219238,monitor_data.theta_mech
1775242675465,4.833189964294434,monitor_data.theta_mech
1775242675466,4.833957195281982,monitor_data.theta_mech
1775242675467,4.833573341369629,monitor_data.theta_mech
1775242675468,4.833957195281982,monitor_data.theta_mech
1775242675469,4.833573341369629,monitor_data.theta_mech
1775242675470,4.833957195281982,monitor_data.theta_mech
1775242675471,4.833573341369629,monitor_data.theta_mech
1775242675472,4.833573341369629,monitor_data.theta_mech
1775242675473,4.833189964294434,monitor_data.theta_mech
1775242675474,4.833189964294434,monitor_data.theta_mech
1775242675475,4.833957195281982,monitor_data.theta_mech
1775242675476,4.833957195281982,monitor_data.theta_mech
1775242675477,4.833957195281982,monitor_data.theta_mech
1775242675478,4.834340572357178,monitor_data.theta_mech
1775242675479,4.832806587219238,monitor_data.theta_mech
1775242675480,4.834723949432373,monitor_data.theta_mech
1775242675481,4.833573341369629,monitor_data.theta_mech
1775242675482,4.833189964294434,monitor_data.theta_mech
1775242675483,4.833189964294434,monitor_data.theta_mech
1775242675484,4.833573341369629,monitor_data.theta_mech
1775242675485,4.832806587219238,monitor_data.theta_mech
1775242675486,4.833957195281982,monitor_data.theta_mech
1775242675487,4.831655979156494,monitor_data.theta_mech
1775242675488,4.833957195281982,monitor_data.theta_mech
1775242675489,4.833189964294434,monitor_data.theta_mech
1775242675490,4.834340572357178,monitor_data.theta_mech
1775242675491,4.832806587219238,monitor_data.theta_mech
1775242675492,4.833573341369629,monitor_data.theta_mech
1775242675493,4.833573341369629,monitor_data.theta_mech
1775242675494,4.833957195281982,monitor_data.theta_mech
1775242675495,4.833573341369629,monitor_data.theta_mech
1775242675496,4.834340572357178,monitor_data.theta_mech
1775242675497,4.834340572357178,monitor_data.theta_mech
1775242675498,0,monitor_data.speed_ref
1775242675499,0,monitor_data.speed_ref
1775242675500,0,monitor_data.speed_ref
1775242675501,0,monitor_data.speed_ref
1775242675502,0,monitor_data.speed_ref
1775242675503,0,monitor_data.speed_ref
1775242675504,0,monitor_data.speed_ref
1775242675505,0,monitor_data.speed_ref
1775242675506,0,monitor_data.speed_ref
1775242675507,0,monitor_data.speed_ref
1775242675508,0,monitor_data.speed_ref
1775242675509,0,monitor_data.speed_ref
1775242675510,0,monitor_data.speed_ref
1775242675511,0,monitor_data.speed_ref
1775242675512,0,monitor_data.speed_ref
1775242675513,0,monitor_data.speed_ref
1775242675514,0,monitor_data.speed_ref
1775242675515,0,monitor_data.speed_ref
1775242675516,0,monitor_data.speed_ref
1775242675517,0,monitor_data.speed_ref
1775242675518,0,monitor_data.speed_ref
1775242675519,0,monitor_data.speed_ref
1775242675520,0,monitor_data.speed_ref
1775242675521,0,monitor_data.speed_ref
1775242675522,0,monitor_data.speed_ref
1775242675523,0,monitor_data.speed_ref
1775242675524,0,monitor_data.speed_ref
1775242675525,0,monitor_data.speed_ref
1775242675526,0,monitor_data.speed_ref
1775242675527,0,monitor_data.speed_ref
1775242675528,0,monitor_data.speed_ref
1775242675529,0,monitor_data.speed_ref
1775242675530,0,monitor_data.speed_ref
1775242675531,0,monitor_data.speed_ref
1775242675532,0,monitor_data.speed_ref
1775242675533,0,monitor_data.speed_ref
1775242675534,0,monitor_data.speed_ref
1775242675535,0,monitor_data.speed_ref
1775242675536,0,monitor_data.speed_ref
1775242675537,0,monitor_data.speed_ref
1775242675538,0,monitor_data.speed_ref
1775242675539,0,monitor_data.speed_ref
1775242675540,0,monitor_data.speed_ref
1775242675541,0,monitor_data.speed_ref
1775242675542,0,monitor_data.speed_ref
1775242675543,0,monitor_data.speed_ref
1775242675544,0,monitor_data.speed_ref
1775242675545,0,monitor_data.speed_ref
1775242675546,0,monitor_data.speed_ref
1775242675547,0,monitor_data.speed_ref
1775242675498,4.834723949432373,monitor_data.theta_mech
1775242675499,4.835490703582764,monitor_data.theta_mech
1775242675500,4.834340572357178,monitor_data.theta_mech
1775242675501,4.834723949432373,monitor_data.theta_mech
1775242675502,4.835107326507568,monitor_data.theta_mech
1775242675503,4.833189964294434,monitor_data.theta_mech
1775242675504,4.833573341369629,monitor_data.theta_mech
1775242675505,4.834340572357178,monitor_data.theta_mech
1775242675506,4.833573341369629,monitor_data.theta_mech
1775242675507,4.833573341369629,monitor_data.theta_mech
1775242675508,4.833573341369629,monitor_data.theta_mech
1775242675509,4.834340572357178,monitor_data.theta_mech
1775242675510,4.833573341369629,monitor_data.theta_mech
1775242675511,4.833957195281982,monitor_data.theta_mech
1775242675512,4.833573341369629,monitor_data.theta_mech
1775242675513,4.833957195281982,monitor_data.theta_mech
1775242675514,4.833957195281982,monitor_data.theta_mech
1775242675515,4.833573341369629,monitor_data.theta_mech
1775242675516,4.834723949432373,monitor_data.theta_mech
1775242675517,4.834723949432373,monitor_data.theta_mech
1775242675518,4.834340572357178,monitor_data.theta_mech
1775242675519,4.833573341369629,monitor_data.theta_mech
1775242675520,4.833573341369629,monitor_data.theta_mech
1775242675521,4.833573341369629,monitor_data.theta_mech
1775242675522,4.833957195281982,monitor_data.theta_mech
1775242675523,4.832806587219238,monitor_data.theta_mech
1775242675524,4.834340572357178,monitor_data.theta_mech
1775242675525,4.832806587219238,monitor_data.theta_mech
1775242675526,4.833957195281982,monitor_data.theta_mech
1775242675527,4.833573341369629,monitor_data.theta_mech
1775242675528,4.833957195281982,monitor_data.theta_mech
1775242675529,4.833573341369629,monitor_data.theta_mech
1775242675530,4.834723949432373,monitor_data.theta_mech
1775242675531,4.833189964294434,monitor_data.theta_mech
1775242675532,4.833573341369629,monitor_data.theta_mech
1775242675533,4.833957195281982,monitor_data.theta_mech
1775242675534,4.833573341369629,monitor_data.theta_mech
1775242675535,4.834340572357178,monitor_data.theta_mech
1775242675536,4.833189964294434,monitor_data.theta_mech
1775242675537,4.834340572357178,monitor_data.theta_mech
1775242675538,4.834340572357178,monitor_data.theta_mech
1775242675539,4.833957195281982,monitor_data.theta_mech
1775242675540,4.833957195281982,monitor_data.theta_mech
1775242675541,4.833957195281982,monitor_data.theta_mech
1775242675542,4.833189964294434,monitor_data.theta_mech
1775242675543,4.833573341369629,monitor_data.theta_mech
1775242675544,4.834340572357178,monitor_data.theta_mech
1775242675545,4.833189964294434,monitor_data.theta_mech
1775242675546,4.833957195281982,monitor_data.theta_mech
1775242675547,4.833573341369629,monitor_data.theta_mech
1775242675548,0,monitor_data.speed_ref
1775242675549,0,monitor_data.speed_ref
1775242675550,0,monitor_data.speed_ref
1775242675551,0,monitor_data.speed_ref
1775242675552,0,monitor_data.speed_ref
1775242675553,0,monitor_data.speed_ref
1775242675554,0,monitor_data.speed_ref
1775242675555,0,monitor_data.speed_ref
1775242675556,0,monitor_data.speed_ref
1775242675557,0,monitor_data.speed_ref
1775242675558,0,monitor_data.speed_ref
1775242675559,0,monitor_data.speed_ref
1775242675560,0,monitor_data.speed_ref
1775242675561,0,monitor_data.speed_ref
1775242675562,0,monitor_data.speed_ref
1775242675563,0,monitor_data.speed_ref
1775242675564,0,monitor_data.speed_ref
1775242675565,0,monitor_data.speed_ref
1775242675566,0,monitor_data.speed_ref
1775242675567,0,monitor_data.speed_ref
1775242675568,0,monitor_data.speed_ref
1775242675569,0,monitor_data.speed_ref
1775242675570,0,monitor_data.speed_ref
1775242675571,0,monitor_data.speed_ref
1775242675572,0,monitor_data.speed_ref
1775242675573,0,monitor_data.speed_ref
1775242675574,0,monitor_data.speed_ref
1775242675575,0,monitor_data.speed_ref
1775242675576,0,monitor_data.speed_ref
1775242675577,0,monitor_data.speed_ref
1775242675578,0,monitor_data.speed_ref
1775242675579,0,monitor_data.speed_ref
1775242675580,0,monitor_data.speed_ref
1775242675581,0,monitor_data.speed_ref
1775242675582,0,monitor_data.speed_ref
1775242675583,0,monitor_data.speed_ref
1775242675584,0,monitor_data.speed_ref
1775242675585,0,monitor_data.speed_ref
1775242675586,0,monitor_data.speed_ref
1775242675587,0,monitor_data.speed_ref
1775242675588,0,monitor_data.speed_ref
1775242675589,0,monitor_data.speed_ref
1775242675590,0,monitor_data.speed_ref
1775242675591,0,monitor_data.speed_ref
1775242675592,0,monitor_data.speed_ref
1775242675593,0,monitor_data.speed_ref
1775242675594,0,monitor_data.speed_ref
1775242675595,0,monitor_data.speed_ref
1775242675596,0,monitor_data.speed_ref
1775242675597,0,monitor_data.speed_ref
1775242675548,4.834340572357178,monitor_data.theta_mech
1775242675549,4.833189964294434,monitor_data.theta_mech
1775242675550,4.833573341369629,monitor_data.theta_mech
1775242675551,4.833573341369629,monitor_data.theta_mech
1775242675552,4.833573341369629,monitor_data.theta_mech
1775242675553,4.833957195281982,monitor_data.theta_mech
1775242675554,4.832806587219238,monitor_data.theta_mech
1775242675555,4.834340572357178,monitor_data.theta_mech
1775242675556,4.834340572357178,monitor_data.theta_mech
1775242675557,4.835107326507568,monitor_data.theta_mech
1775242675558,4.834340572357178,monitor_data.theta_mech
1775242675559,4.834723949432373,monitor_data.theta_mech
1775242675560,4.833573341369629,monitor_data.theta_mech
1775242675561,4.833573341369629,monitor_data.theta_mech
1775242675562,4.833957195281982,monitor_data.theta_mech
1775242675563,4.834723949432373,monitor_data.theta_mech
1775242675564,4.834340572357178,monitor_data.theta_mech
1775242675565,4.833957195281982,monitor_data.theta_mech
1775242675566,4.833189964294434,monitor_data.theta_mech
1775242675567,4.834340572357178,monitor_data.theta_mech
1775242675568,4.833189964294434,monitor_data.theta_mech
1775242675569,4.833573341369629,monitor_data.theta_mech
1775242675570,4.833189964294434,monitor_data.theta_mech
1775242675571,4.834340572357178,monitor_data.theta_mech
1775242675572,4.833957195281982,monitor_data.theta_mech
1775242675573,4.833189964294434,monitor_data.theta_mech
1775242675574,4.832806587219238,monitor_data.theta_mech
1775242675575,4.833957195281982,monitor_data.theta_mech
1775242675576,4.833957195281982,monitor_data.theta_mech
1775242675577,4.834340572357178,monitor_data.theta_mech
1775242675578,4.833957195281982,monitor_data.theta_mech
1775242675579,4.833189964294434,monitor_data.theta_mech
1775242675580,4.835490703582764,monitor_data.theta_mech
1775242675581,4.834340572357178,monitor_data.theta_mech
1775242675582,4.834723949432373,monitor_data.theta_mech
1775242675583,4.833957195281982,monitor_data.theta_mech
1775242675584,4.833573341369629,monitor_data.theta_mech
1775242675585,4.833957195281982,monitor_data.theta_mech
1775242675586,4.834340572357178,monitor_data.theta_mech
1775242675587,4.833957195281982,monitor_data.theta_mech
1775242675588,4.833957195281982,monitor_data.theta_mech
1775242675589,4.833573341369629,monitor_data.theta_mech
1775242675590,4.832423210144043,monitor_data.theta_mech
1775242675591,4.8320393562316895,monitor_data.theta_mech
1775242675592,4.834340572357178,monitor_data.theta_mech
1775242675593,4.833573341369629,monitor_data.theta_mech
1775242675594,4.834340572357178,monitor_data.theta_mech
1775242675595,4.833573341369629,monitor_data.theta_mech
1775242675596,4.834723949432373,monitor_data.theta_mech
1775242675597,4.833573341369629,monitor_data.theta_mech
1775242675598,0,monitor_data.speed_ref
1775242675599,0,monitor_data.speed_ref
1775242675600,0,monitor_data.speed_ref
1775242675601,0,monitor_data.speed_ref
1775242675602,0,monitor_data.speed_ref
1775242675603,0,monitor_data.speed_ref
1775242675604,0,monitor_data.speed_ref
1775242675605,0,monitor_data.speed_ref
1775242675606,0,monitor_data.speed_ref
1775242675607,0,monitor_data.speed_ref
1775242675608,0,monitor_data.speed_ref
1775242675609,0,monitor_data.speed_ref
1775242675610,0,monitor_data.speed_ref
1775242675611,0,monitor_data.speed_ref
1775242675612,0,monitor_data.speed_ref
1775242675613,0,monitor_data.speed_ref
1775242675614,0,monitor_data.speed_ref
1775242675615,0,monitor_data.speed_ref
1775242675616,0,monitor_data.speed_ref
1775242675617,0,monitor_data.speed_ref
1775242675618,0,monitor_data.speed_ref
1775242675619,0,monitor_data.speed_ref
1775242675620,0,monitor_data.speed_ref
1775242675621,0,monitor_data.speed_ref
1775242675622,0,monitor_data.speed_ref
1775242675623,0,monitor_data.speed_ref
1775242675624,0,monitor_data.speed_ref
1775242675625,0,monitor_data.speed_ref
1775242675626,0,monitor_data.speed_ref
1775242675627,0,monitor_data.speed_ref
1775242675628,0,monitor_data.speed_ref
1775242675629,0,monitor_data.speed_ref
1775242675630,0,monitor_data.speed_ref
1775242675631,0,monitor_data.speed_ref
1775242675632,0,monitor_data.speed_ref
1775242675633,0,monitor_data.speed_ref
1775242675634,0,monitor_data.speed_ref
1775242675635,0,monitor_data.speed_ref
1775242675636,0,monitor_data.speed_ref
1775242675637,0,monitor_data.speed_ref
1775242675638,0,monitor_data.speed_ref
1775242675639,0,monitor_data.speed_ref
1775242675640,0,monitor_data.speed_ref
1775242675641,0,monitor_data.speed_ref
1775242675642,0,monitor_data.speed_ref
1775242675643,0,monitor_data.speed_ref
1775242675644,0,monitor_data.speed_ref
1775242675645,0,monitor_data.speed_ref
1775242675646,0,monitor_data.speed_ref
1775242675647,0,monitor_data.speed_ref
1775242675598,4.833573341369629,monitor_data.theta_mech
1775242675599,4.834340572357178,monitor_data.theta_mech
1775242675600,4.834340572357178,monitor_data.theta_mech
1775242675601,4.833957195281982,monitor_data.theta_mech
1775242675602,4.834723949432373,monitor_data.theta_mech
1775242675603,4.834723949432373,monitor_data.theta_mech
1775242675604,4.833189964294434,monitor_data.theta_mech
1775242675605,4.833957195281982,monitor_data.theta_mech
1775242675606,4.833957195281982,monitor_data.theta_mech
1775242675607,4.834340572357178,monitor_data.theta_mech
1775242675608,4.834340572357178,monitor_data.theta_mech
1775242675609,4.834340572357178,monitor_data.theta_mech
1775242675610,4.834723949432373,monitor_data.theta_mech
1775242675611,4.834340572357178,monitor_data.theta_mech
1775242675612,4.833189964294434,monitor_data.theta_mech
1775242675613,4.834723949432373,monitor_data.theta_mech
1775242675614,4.833957195281982,monitor_data.theta_mech
1775242675615,4.833573341369629,monitor_data.theta_mech
1775242675616,4.833573341369629,monitor_data.theta_mech
1775242675617,4.833189964294434,monitor_data.theta_mech
1775242675618,4.833573341369629,monitor_data.theta_mech
1775242675619,4.833573341369629,monitor_data.theta_mech
1775242675620,4.833957195281982,monitor_data.theta_mech
1775242675621,4.833573341369629,monitor_data.theta_mech
1775242675622,4.833957195281982,monitor_data.theta_mech
1775242675623,4.834340572357178,monitor_data.theta_mech
1775242675624,4.833573341369629,monitor_data.theta_mech
1775242675625,4.834340572357178,monitor_data.theta_mech
1775242675626,4.834340572357178,monitor_data.theta_mech
1775242675627,4.834723949432373,monitor_data.theta_mech
1775242675628,4.834340572357178,monitor_data.theta_mech
1775242675629,4.834340572357178,monitor_data.theta_mech
1775242675630,4.834340572357178,monitor_data.theta_mech
1775242675631,4.834340572357178,monitor_data.theta_mech
1775242675632,4.833957195281982,monitor_data.theta_mech
1775242675633,4.834723949432373,monitor_data.theta_mech
1775242675634,4.833957195281982,monitor_data.theta_mech
1775242675635,4.834340572357178,monitor_data.theta_mech
1775242675636,4.833573341369629,monitor_data.theta_mech
1775242675637,4.834340572357178,monitor_data.theta_mech
1775242675638,4.834723949432373,monitor_data.theta_mech
1775242675639,4.834340572357178,monitor_data.theta_mech
1775242675640,4.833189964294434,monitor_data.theta_mech
1775242675641,4.833957195281982,monitor_data.theta_mech
1775242675642,4.834340572357178,monitor_data.theta_mech
1775242675643,4.833573341369629,monitor_data.theta_mech
1775242675644,4.833957195281982,monitor_data.theta_mech
1775242675645,4.832806587219238,monitor_data.theta_mech
1775242675646,4.833957195281982,monitor_data.theta_mech
1775242675647,4.833573341369629,monitor_data.theta_mech
1775242675648,0,monitor_data.speed_ref
1775242675649,0,monitor_data.speed_ref
1775242675650,0,monitor_data.speed_ref
1775242675651,0,monitor_data.speed_ref
1775242675652,0,monitor_data.speed_ref
1775242675653,0,monitor_data.speed_ref
1775242675654,0,monitor_data.speed_ref
1775242675655,0,monitor_data.speed_ref
1775242675656,0,monitor_data.speed_ref
1775242675657,0,monitor_data.speed_ref
1775242675658,0,monitor_data.speed_ref
1775242675659,0,monitor_data.speed_ref
1775242675660,0,monitor_data.speed_ref
1775242675661,0,monitor_data.speed_ref
1775242675662,0,monitor_data.speed_ref
1775242675663,0,monitor_data.speed_ref
1775242675664,0,monitor_data.speed_ref
1775242675665,0,monitor_data.speed_ref
1775242675666,0,monitor_data.speed_ref
1775242675667,0,monitor_data.speed_ref
1775242675668,0,monitor_data.speed_ref
1775242675669,0,monitor_data.speed_ref
1775242675670,0,monitor_data.speed_ref
1775242675671,0,monitor_data.speed_ref
1775242675672,0,monitor_data.speed_ref
1775242675673,0,monitor_data.speed_ref
1775242675674,0,monitor_data.speed_ref
1775242675675,0,monitor_data.speed_ref
1775242675676,0,monitor_data.speed_ref
1775242675677,0,monitor_data.speed_ref
1775242675678,0,monitor_data.speed_ref
1775242675679,0,monitor_data.speed_ref
1775242675680,0,monitor_data.speed_ref
1775242675681,0,monitor_data.speed_ref
1775242675682,0,monitor_data.speed_ref
1775242675683,0,monitor_data.speed_ref
1775242675684,0,monitor_data.speed_ref
1775242675685,0,monitor_data.speed_ref
1775242675686,0,monitor_data.speed_ref
1775242675687,0,monitor_data.speed_ref
1775242675688,0,monitor_data.speed_ref
1775242675689,0,monitor_data.speed_ref
1775242675690,0,monitor_data.speed_ref
1775242675691,0,monitor_data.speed_ref
1775242675692,0,monitor_data.speed_ref
1775242675693,0,monitor_data.speed_ref
1775242675694,0,monitor_data.speed_ref
1775242675695,0,monitor_data.speed_ref
1775242675696,0,monitor_data.speed_ref
1775242675697,0,monitor_data.speed_ref
1775242675648,4.834340572357178,monitor_data.theta_mech
1775242675649,4.833957195281982,monitor_data.theta_mech
1775242675650,4.834340572357178,monitor_data.theta_mech
1775242675651,4.833957195281982,monitor_data.theta_mech
1775242675652,4.834340572357178,monitor_data.theta_mech
1775242675653,4.832806587219238,monitor_data.theta_mech
1775242675654,4.833957195281982,monitor_data.theta_mech
1775242675655,4.833573341369629,monitor_data.theta_mech
1775242675656,4.834340572357178,monitor_data.theta_mech
1775242675657,4.832806587219238,monitor_data.theta_mech
1775242675658,4.832806587219238,monitor_data.theta_mech
1775242675659,4.833189964294434,monitor_data.theta_mech
1775242675660,4.833957195281982,monitor_data.theta_mech
1775242675661,4.833189964294434,monitor_data.theta_mech
1775242675662,4.833957195281982,monitor_data.theta_mech
1775242675663,4.833957195281982,monitor_data.theta_mech
1775242675664,4.834340572357178,monitor_data.theta_mech
1775242675665,4.833189964294434,monitor_data.theta_mech
1775242675666,4.833957195281982,monitor_data.theta_mech
1775242675667,4.833957195281982,monitor_data.theta_mech
1775242675668,4.834340572357178,monitor_data.theta_mech
1775242675669,4.833573341369629,monitor_data.theta_mech
1775242675670,4.834340572357178,monitor_data.theta_mech
1775242675671,4.834340572357178,monitor_data.theta_mech
1775242675672,4.834340572357178,monitor_data.theta_mech
1775242675673,4.833957195281982,monitor_data.theta_mech
1775242675674,4.833957195281982,monitor_data.theta_mech
1775242675675,4.834340572357178,monitor_data.theta_mech
1775242675676,4.834340572357178,monitor_data.theta_mech
1775242675677,4.834723949432373,monitor_data.theta_mech
1775242675678,4.834723949432373,monitor_data.theta_mech
1775242675679,4.833957195281982,monitor_data.theta_mech
1775242675680,4.833957195281982,monitor_data.theta_mech
1775242675681,4.833957195281982,monitor_data.theta_mech
1775242675682,4.833573341369629,monitor_data.theta_mech
1775242675683,4.833957195281982,monitor_data.theta_mech
1775242675684,4.833573341369629,monitor_data.theta_mech
1775242675685,4.834340572357178,monitor_data.theta_mech
1775242675686,4.833957195281982,monitor_data.theta_mech
1775242675687,4.833957195281982,monitor_data.theta_mech
1775242675688,4.833957195281982,monitor_data.theta_mech
1775242675689,4.833957195281982,monitor_data.theta_mech
1775242675690,4.833189964294434,monitor_data.theta_mech
1775242675691,4.833189964294434,monitor_data.theta_mech
1775242675692,4.833957195281982,monitor_data.theta_mech
1775242675693,4.833573341369629,monitor_data.theta_mech
1775242675694,4.833957195281982,monitor_data.theta_mech
1775242675695,4.833957195281982,monitor_data.theta_mech
1775242675696,4.834723949432373,monitor_data.theta_mech
1775242675697,4.832806587219238,monitor_data.theta_mech
1775242675698,0,monitor_data.speed_ref
1775242675699,0,monitor_data.speed_ref
1775242675700,0,monitor_data.speed_ref
1775242675701,0,monitor_data.speed_ref
1775242675702,0,monitor_data.speed_ref
1775242675703,0,monitor_data.speed_ref
1775242675704,0,monitor_data.speed_ref
1775242675705,0,monitor_data.speed_ref
1775242675706,0,monitor_data.speed_ref
1775242675707,0,monitor_data.speed_ref
1775242675708,0,monitor_data.speed_ref
1775242675709,0,monitor_data.speed_ref
1775242675710,0,monitor_data.speed_ref
1775242675711,0,monitor_data.speed_ref
1775242675712,0,monitor_data.speed_ref
1775242675713,0,monitor_data.speed_ref
1775242675714,0,monitor_data.speed_ref
1775242675715,0,monitor_data.speed_ref
1775242675716,0,monitor_data.speed_ref
1775242675717,0,monitor_data.speed_ref
1775242675718,0,monitor_data.speed_ref
1775242675719,0,monitor_data.speed_ref
1775242675720,0,monitor_data.speed_ref
1775242675721,0,monitor_data.speed_ref
1775242675722,0,monitor_data.speed_ref
1775242675723,0,monitor_data.speed_ref
1775242675724,0,monitor_data.speed_ref
1775242675725,0,monitor_data.speed_ref
1775242675726,0,monitor_data.speed_ref
1775242675727,0,monitor_data.speed_ref
1775242675728,0,monitor_data.speed_ref
1775242675729,0,monitor_data.speed_ref
1775242675730,0,monitor_data.speed_ref
1775242675731,0,monitor_data.speed_ref
1775242675732,0,monitor_data.speed_ref
1775242675733,0,monitor_data.speed_ref
1775242675734,0,monitor_data.speed_ref
1775242675735,0,monitor_data.speed_ref
1775242675736,0,monitor_data.speed_ref
1775242675737,0,monitor_data.speed_ref
1775242675738,0,monitor_data.speed_ref
1775242675739,0,monitor_data.speed_ref
1775242675740,0,monitor_data.speed_ref
1775242675741,0,monitor_data.speed_ref
1775242675742,0,monitor_data.speed_ref
1775242675743,0,monitor_data.speed_ref
1775242675744,0,monitor_data.speed_ref
1775242675745,0,monitor_data.speed_ref
1775242675746,0,monitor_data.speed_ref
1775242675747,0,monitor_data.speed_ref
1775242675698,4.835107326507568,monitor_data.theta_mech
1775242675699,4.834340572357178,monitor_data.theta_mech
1775242675700,4.834723949432373,monitor_data.theta_mech
1775242675701,4.833189964294434,monitor_data.theta_mech
1775242675702,4.834340572357178,monitor_data.theta_mech
1775242675703,4.833957195281982,monitor_data.theta_mech
1775242675704,4.833957195281982,monitor_data.theta_mech
1775242675705,4.834723949432373,monitor_data.theta_mech
1775242675706,4.834340572357178,monitor_data.theta_mech
1775242675707,4.833957195281982,monitor_data.theta_mech
1775242675708,4.833573341369629,monitor_data.theta_mech
1775242675709,4.834340572357178,monitor_data.theta_mech
1775242675710,4.833957195281982,monitor_data.theta_mech
1775242675711,4.833957195281982,monitor_data.theta_mech
1775242675712,4.834340572357178,monitor_data.theta_mech
1775242675713,4.833957195281982,monitor_data.theta_mech
1775242675714,4.833957195281982,monitor_data.theta_mech
1775242675715,4.834340572357178,monitor_data.theta_mech
1775242675716,4.832806587219238,monitor_data.theta_mech
1775242675717,4.833573341369629,monitor_data.theta_mech
1775242675718,4.834340572357178,monitor_data.theta_mech
1775242675719,4.833957195281982,monitor_data.theta_mech
1775242675720,4.833189964294434,monitor_data.theta_mech
1775242675721,4.832423210144043,monitor_data.theta_mech
1775242675722,4.833573341369629,monitor_data.theta_mech
1775242675723,4.834340572357178,monitor_data.theta_mech
1775242675724,4.834340572357178,monitor_data.theta_mech
1775242675725,4.833189964294434,monitor_data.theta_mech
1775242675726,4.833189964294434,monitor_data.theta_mech
1775242675727,4.833573341369629,monitor_data.theta_mech
1775242675728,4.832423210144043,monitor_data.theta_mech
1775242675729,4.833957195281982,monitor_data.theta_mech
1775242675730,4.833189964294434,monitor_data.theta_mech
1775242675731,4.833189964294434,monitor_data.theta_mech
1775242675732,4.833573341369629,monitor_data.theta_mech
1775242675733,4.834723949432373,monitor_data.theta_mech
1775242675734,4.833573341369629,monitor_data.theta_mech
1775242675735,4.833957195281982,monitor_data.theta_mech
1775242675736,4.834723949432373,monitor_data.theta_mech
1775242675737,4.834723949432373,monitor_data.theta_mech
1775242675738,4.834723949432373,monitor_data.theta_mech
1775242675739,4.834723949432373,monitor_data.theta_mech
1775242675740,4.833573341369629,monitor_data.theta_mech
1775242675741,4.834340572357178,monitor_data.theta_mech
1775242675742,4.833573341369629,monitor_data.theta_mech
1775242675743,4.833957195281982,monitor_data.theta_mech
1775242675744,4.833573341369629,monitor_data.theta_mech
1775242675745,4.833189964294434,monitor_data.theta_mech
1775242675746,4.833573341369629,monitor_data.theta_mech
1775242675747,4.833189964294434,monitor_data.theta_mech
1775242675748,0,monitor_data.speed_ref
1775242675749,0,monitor_data.speed_ref
1775242675750,0,monitor_data.speed_ref
1775242675751,0,monitor_data.speed_ref
1775242675752,0,monitor_data.speed_ref
1775242675753,0,monitor_data.speed_ref
1775242675754,0,monitor_data.speed_ref
1775242675755,0,monitor_data.speed_ref
1775242675756,0,monitor_data.speed_ref
1775242675757,0,monitor_data.speed_ref
1775242675758,0,monitor_data.speed_ref
1775242675759,0,monitor_data.speed_ref
1775242675760,0,monitor_data.speed_ref
1775242675761,0,monitor_data.speed_ref
1775242675762,0,monitor_data.speed_ref
1775242675763,0,monitor_data.speed_ref
1775242675764,0,monitor_data.speed_ref
1775242675765,0,monitor_data.speed_ref
1775242675766,0,monitor_data.speed_ref
1775242675767,0,monitor_data.speed_ref
1775242675768,0,monitor_data.speed_ref
1775242675769,0,monitor_data.speed_ref
1775242675770,0,monitor_data.speed_ref
1775242675771,0,monitor_data.speed_ref
1775242675772,0,monitor_data.speed_ref
1775242675773,0,monitor_data.speed_ref
1775242675774,0,monitor_data.speed_ref
1775242675775,0,monitor_data.speed_ref
1775242675776,0,monitor_data.speed_ref
1775242675777,0,monitor_data.speed_ref
1775242675778,0,monitor_data.speed_ref
1775242675779,0,monitor_data.speed_ref
1775242675780,0,monitor_data.speed_ref
1775242675781,0,monitor_data.speed_ref
1775242675782,0,monitor_data.speed_ref
1775242675783,0,monitor_data.speed_ref
1775242675784,0,monitor_data.speed_ref
1775242675785,0,monitor_data.speed_ref
1775242675786,0,monitor_data.speed_ref
1775242675787,0,monitor_data.speed_ref
1775242675788,0,monitor_data.speed_ref
1775242675789,0,monitor_data.speed_ref
1775242675790,0,monitor_data.speed_ref
1775242675791,0,monitor_data.speed_ref
1775242675792,0,monitor_data.speed_ref
1775242675793,0,monitor_data.speed_ref
1775242675794,0,monitor_data.speed_ref
1775242675795,0,monitor_data.speed_ref
1775242675796,0,monitor_data.speed_ref
1775242675797,0,monitor_data.speed_ref
1775242675748,4.833189964294434,monitor_data.theta_mech
1775242675749,4.833573341369629,monitor_data.theta_mech
1775242675750,4.833573341369629,monitor_data.theta_mech
1775242675751,4.833189964294434,monitor_data.theta_mech
1775242675752,4.832806587219238,monitor_data.theta_mech
1775242675753,4.833573341369629,monitor_data.theta_mech
1775242675754,4.833573341369629,monitor_data.theta_mech
1775242675755,4.833957195281982,monitor_data.theta_mech
1775242675756,4.833957195281982,monitor_data.theta_mech
1775242675757,4.833573341369629,monitor_data.theta_mech
1775242675758,4.834340572357178,monitor_data.theta_mech
1775242675759,4.833957195281982,monitor_data.theta_mech
1775242675760,4.833189964294434,monitor_data.theta_mech
1775242675761,4.832806587219238,monitor_data.theta_mech
1775242675762,4.833573341369629,monitor_data.theta_mech
1775242675763,4.833957195281982,monitor_data.theta_mech
1775242675764,4.833189964294434,monitor_data.theta_mech
1775242675765,4.834340572357178,monitor_data.theta_mech
1775242675766,4.834340572357178,monitor_data.theta_mech
1775242675767,4.833573341369629,monitor_data.theta_mech
1775242675768,4.833957195281982,monitor_data.theta_mech
1775242675769,4.833189964294434,monitor_data.theta_mech
1775242675770,4.834340572357178,monitor_data.theta_mech
1775242675771,4.833957195281982,monitor_data.theta_mech
1775242675772,4.833957195281982,monitor_data.theta_mech
1775242675773,4.834340572357178,monitor_data.theta_mech
1775242675774,4.833573341369629,monitor_data.theta_mech
1775242675775,4.834340572357178,monitor_data.theta_mech
1775242675776,4.834340572357178,monitor_data.theta_mech
1775242675777,4.833573341369629,monitor_data.theta_mech
1775242675778,4.833957195281982,monitor_data.theta_mech
1775242675779,4.834340572357178,monitor_data.theta_mech
1775242675780,4.834340572357178,monitor_data.theta_mech
1775242675781,4.833957195281982,monitor_data.theta_mech
1775242675782,4.833957195281982,monitor_data.theta_mech
1775242675783,4.833957195281982,monitor_data.theta_mech
1775242675784,4.834340572357178,monitor_data.theta_mech
1775242675785,4.834340572357178,monitor_data.theta_mech
1775242675786,4.834340572357178,monitor_data.theta_mech
1775242675787,4.833573341369629,monitor_data.theta_mech
1775242675788,4.833189964294434,monitor_data.theta_mech
1775242675789,4.833573341369629,monitor_data.theta_mech
1775242675790,4.835107326507568,monitor_data.theta_mech
1775242675791,4.832806587219238,monitor_data.theta_mech
1775242675792,4.833189964294434,monitor_data.theta_mech
1775242675793,4.833573341369629,monitor_data.theta_mech
1775242675794,4.833957195281982,monitor_data.theta_mech
1775242675795,4.833573341369629,monitor_data.theta_mech
1775242675796,4.833957195281982,monitor_data.theta_mech
1775242675797,4.833573341369629,monitor_data.theta_mech
1775242675798,0,monitor_data.speed_ref
1775242675799,0,monitor_data.speed_ref
1775242675800,0,monitor_data.speed_ref
1775242675801,0,monitor_data.speed_ref
1775242675802,0,monitor_data.speed_ref
1775242675803,0,monitor_data.speed_ref
1775242675804,0,monitor_data.speed_ref
1775242675805,0,monitor_data.speed_ref
1775242675806,0,monitor_data.speed_ref
1775242675807,0,monitor_data.speed_ref
1775242675808,0,monitor_data.speed_ref
1775242675809,0,monitor_data.speed_ref
1775242675810,0,monitor_data.speed_ref
1775242675811,0,monitor_data.speed_ref
1775242675812,0,monitor_data.speed_ref
1775242675813,0,monitor_data.speed_ref
1775242675814,0,monitor_data.speed_ref
1775242675815,0,monitor_data.speed_ref
1775242675816,0,monitor_data.speed_ref
1775242675817,0,monitor_data.speed_ref
1775242675818,0,monitor_data.speed_ref
1775242675819,0,monitor_data.speed_ref
1775242675820,0,monitor_data.speed_ref
1775242675821,0,monitor_data.speed_ref
1775242675822,0,monitor_data.speed_ref
1775242675823,0,monitor_data.speed_ref
1775242675824,0,monitor_data.speed_ref
1775242675825,0,monitor_data.speed_ref
1775242675826,0,monitor_data.speed_ref
1775242675827,0,monitor_data.speed_ref
1775242675828,0,monitor_data.speed_ref
1775242675829,0,monitor_data.speed_ref
1775242675830,0,monitor_data.speed_ref
1775242675831,0,monitor_data.speed_ref
1775242675832,0,monitor_data.speed_ref
1775242675833,0,monitor_data.speed_ref
1775242675834,0,monitor_data.speed_ref
1775242675835,0,monitor_data.speed_ref
1775242675836,0,monitor_data.speed_ref
1775242675837,0,monitor_data.speed_ref
1775242675838,0,monitor_data.speed_ref
1775242675839,0,monitor_data.speed_ref
1775242675840,0,monitor_data.speed_ref
1775242675841,0,monitor_data.speed_ref
1775242675842,0,monitor_data.speed_ref
1775242675843,0,monitor_data.speed_ref
1775242675844,0,monitor_data.speed_ref
1775242675845,0,monitor_data.speed_ref
1775242675846,0,monitor_data.speed_ref
1775242675847,0,monitor_data.speed_ref
1775242675798,4.833573341369629,monitor_data.theta_mech
1775242675799,4.833957195281982,monitor_data.theta_mech
1775242675800,4.832806587219238,monitor_data.theta_mech
1775242675801,4.833957195281982,monitor_data.theta_mech
1775242675802,4.833189964294434,monitor_data.theta_mech
1775242675803,4.833189964294434,monitor_data.theta_mech
1775242675804,4.834340572357178,monitor_data.theta_mech
1775242675805,4.832423210144043,monitor_data.theta_mech
1775242675806,4.833189964294434,monitor_data.theta_mech
1775242675807,4.833189964294434,monitor_data.theta_mech
1775242675808,4.833573341369629,monitor_data.theta_mech
1775242675809,4.834340572357178,monitor_data.theta_mech
1775242675810,4.833957195281982,monitor_data.theta_mech
1775242675811,4.833573341369629,monitor_data.theta_mech
1775242675812,4.833957195281982,monitor_data.theta_mech
1775242675813,4.833573341369629,monitor_data.theta_mech
1775242675814,4.833189964294434,monitor_data.theta_mech
1775242675815,4.834723949432373,monitor_data.theta_mech
1775242675816,4.834340572357178,monitor_data.theta_mech
1775242675817,4.833957195281982,monitor_data.theta_mech
1775242675818,4.834340572357178,monitor_data.theta_mech
1775242675819,4.833957195281982,monitor_data.theta_mech
1775242675820,4.834723949432373,monitor_data.theta_mech
1775242675821,4.833957195281982,monitor_data.theta_mech
1775242675822,4.833573341369629,monitor_data.theta_mech
1775242675823,4.834340572357178,monitor_data.theta_mech
1775242675824,4.833573341369629,monitor_data.theta_mech
1775242675825,4.834340572357178,monitor_data.theta_mech
1775242675826,4.833573341369629,monitor_data.theta_mech
1775242675827,4.834340572357178,monitor_data.theta_mech
1775242675828,4.832423210144043,monitor_data.theta_mech
1775242675829,4.832423210144043,monitor_data.theta_mech
1775242675830,4.833189964294434,monitor_data.theta_mech
1775242675831,4.833189964294434,monitor_data.theta_mech
1775242675832,4.833189964294434,monitor_data.theta_mech
1775242675833,4.833957195281982,monitor_data.theta_mech
1775242675834,4.834340572357178,monitor_data.theta_mech
1775242675835,4.834340572357178,monitor_data.theta_mech
1775242675836,4.833957195281982,monitor_data.theta_mech
1775242675837,4.834340572357178,monitor_data.theta_mech
1775242675838,4.834340572357178,monitor_data.theta_mech
1775242675839,4.834340572357178,monitor_data.theta_mech
1775242675840,4.834340572357178,monitor_data.theta_mech
1775242675841,4.834723949432373,monitor_data.theta_mech
1775242675842,4.835107326507568,monitor_data.theta_mech
1775242675843,4.834723949432373,monitor_data.theta_mech
1775242675844,4.833573341369629,monitor_data.theta_mech
1775242675845,4.833957195281982,monitor_data.theta_mech
1775242675846,4.833573341369629,monitor_data.theta_mech
1775242675847,4.834340572357178,monitor_data.theta_mech
1775242675848,0,monitor_data.speed_ref
1775242675849,0,monitor_data.speed_ref
1775242675850,0,monitor_data.speed_ref
1775242675851,0,monitor_data.speed_ref
1775242675852,0,monitor_data.speed_ref
1775242675853,0,monitor_data.speed_ref
1775242675854,0,monitor_data.speed_ref
1775242675855,0,monitor_data.speed_ref
1775242675856,0,monitor_data.speed_ref
1775242675857,0,monitor_data.speed_ref
1775242675858,0,monitor_data.speed_ref
1775242675859,0,monitor_data.speed_ref
1775242675860,0,monitor_data.speed_ref
1775242675861,0,monitor_data.speed_ref
1775242675862,0,monitor_data.speed_ref
1775242675863,0,monitor_data.speed_ref
1775242675864,0,monitor_data.speed_ref
1775242675865,0,monitor_data.speed_ref
1775242675866,0,monitor_data.speed_ref
1775242675867,0,monitor_data.speed_ref
1775242675868,0,monitor_data.speed_ref
1775242675869,0,monitor_data.speed_ref
1775242675870,0,monitor_data.speed_ref
1775242675871,0,monitor_data.speed_ref
1775242675872,0,monitor_data.speed_ref
1775242675873,0,monitor_data.speed_ref
1775242675874,0,monitor_data.speed_ref
1775242675875,0,monitor_data.speed_ref
1775242675876,0,monitor_data.speed_ref
1775242675877,0,monitor_data.speed_ref
1775242675878,0,monitor_data.speed_ref
1775242675879,0,monitor_data.speed_ref
1775242675880,0,monitor_data.speed_ref
1775242675881,0,monitor_data.speed_ref
1775242675882,0,monitor_data.speed_ref
1775242675883,0,monitor_data.speed_ref
1775242675884,0,monitor_data.speed_ref
1775242675885,0,monitor_data.speed_ref
1775242675886,0,monitor_data.speed_ref
1775242675887,0,monitor_data.speed_ref
1775242675888,0,monitor_data.speed_ref
1775242675889,0,monitor_data.speed_ref
1775242675890,0,monitor_data.speed_ref
1775242675891,0,monitor_data.speed_ref
1775242675892,0,monitor_data.speed_ref
1775242675893,0,monitor_data.speed_ref
1775242675894,0,monitor_data.speed_ref
1775242675895,0,monitor_data.speed_ref
1775242675896,0,monitor_data.speed_ref
1775242675897,0,monitor_data.speed_ref
1775242675848,4.834340572357178,monitor_data.theta_mech
1775242675849,4.834723949432373,monitor_data.theta_mech
1775242675850,4.834340572357178,monitor_data.theta_mech
1775242675851,4.834340572357178,monitor_data.theta_mech
1775242675852,4.833573341369629,monitor_data.theta_mech
1775242675853,4.834340572357178,monitor_data.theta_mech
1775242675854,4.833573341369629,monitor_data.theta_mech
1775242675855,4.834340572357178,monitor_data.theta_mech
1775242675856,4.834340572357178,monitor_data.theta_mech
1775242675857,4.833957195281982,monitor_data.theta_mech
1775242675858,4.833957195281982,monitor_data.theta_mech
1775242675859,4.833957195281982,monitor_data.theta_mech
1775242675860,4.834723949432373,monitor_data.theta_mech
1775242675861,4.833957195281982,monitor_data.theta_mech
1775242675862,4.834340572357178,monitor_data.theta_mech
1775242675863,4.833573341369629,monitor_data.theta_mech
1775242675864,4.834340572357178,monitor_data.theta_mech
1775242675865,4.833573341369629,monitor_data.theta_mech
1775242675866,4.833573341369629,monitor_data.theta_mech
1775242675867,4.833573341369629,monitor_data.theta_mech
1775242675868,4.833957195281982,monitor_data.theta_mech
1775242675869,4.834340572357178,monitor_data.theta_mech
1775242675870,4.833573341369629,monitor_data.theta_mech
1775242675871,4.833573341369629,monitor_data.theta_mech
1775242675872,4.834723949432373,monitor_data.theta_mech
1775242675873,4.834340572357178,monitor_data.theta_mech
1775242675874,4.834340572357178,monitor_data.theta_mech
1775242675875,4.833573341369629,monitor_data.theta_mech
1775242675876,4.833573341369629,monitor_data.theta_mech
1775242675877,4.834340572357178,monitor_data.theta_mech
1775242675878,4.833573341369629,monitor_data.theta_mech
1775242675879,4.834340572357178,monitor_data.theta_mech
1775242675880,4.833957195281982,monitor_data.theta_mech
1775242675881,4.834723949432373,monitor_data.theta_mech
1775242675882,4.832423210144043,monitor_data.theta_mech
1775242675883,4.832806587219238,monitor_data.theta_mech
1775242675884,4.833957195281982,monitor_data.theta_mech
1775242675885,4.833957195281982,monitor_data.theta_mech
1775242675886,4.833957195281982,monitor_data.theta_mech
1775242675887,4.833957195281982,monitor_data.theta_mech
1775242675888,4.833957195281982,monitor_data.theta_mech
1775242675889,4.833957195281982,monitor_data.theta_mech
1775242675890,4.833957195281982,monitor_data.theta_mech
1775242675891,4.833573341369629,monitor_data.theta_mech
1775242675892,4.833189964294434,monitor_data.theta_mech
1775242675893,4.833957195281982,monitor_data.theta_mech
1775242675894,4.833957195281982,monitor_data.theta_mech
1775242675895,4.833957195281982,monitor_data.theta_mech
1775242675896,4.833573341369629,monitor_data.theta_mech
1775242675897,4.833957195281982,monitor_data.theta_mech
1775242675898,0,monitor_data.speed_ref
1775242675899,0,monitor_data.speed_ref
1775242675900,0,monitor_data.speed_ref
1775242675901,0,monitor_data.speed_ref
1775242675902,0,monitor_data.speed_ref
1775242675903,0,monitor_data.speed_ref
1775242675904,0,monitor_data.speed_ref
1775242675905,0,monitor_data.speed_ref
1775242675906,0,monitor_data.speed_ref
1775242675907,0,monitor_data.speed_ref
1775242675908,0,monitor_data.speed_ref
1775242675909,0,monitor_data.speed_ref
1775242675910,0,monitor_data.speed_ref
1775242675911,0,monitor_data.speed_ref
1775242675912,0,monitor_data.speed_ref
1775242675913,0,monitor_data.speed_ref
1775242675914,0,monitor_data.speed_ref
1775242675915,0,monitor_data.speed_ref
1775242675916,0,monitor_data.speed_ref
1775242675917,0,monitor_data.speed_ref
1775242675918,0,monitor_data.speed_ref
1775242675919,0,monitor_data.speed_ref
1775242675920,0,monitor_data.speed_ref
1775242675921,0,monitor_data.speed_ref
1775242675922,0,monitor_data.speed_ref
1775242675923,0,monitor_data.speed_ref
1775242675924,0,monitor_data.speed_ref
1775242675925,0,monitor_data.speed_ref
1775242675926,0,monitor_data.speed_ref
1775242675927,0,monitor_data.speed_ref
1775242675928,0,monitor_data.speed_ref
1775242675929,0,monitor_data.speed_ref
1775242675930,0,monitor_data.speed_ref
1775242675931,0,monitor_data.speed_ref
1775242675932,0,monitor_data.speed_ref
1775242675933,0,monitor_data.speed_ref
1775242675934,0,monitor_data.speed_ref
1775242675935,0,monitor_data.speed_ref
1775242675936,0,monitor_data.speed_ref
1775242675937,0,monitor_data.speed_ref
1775242675938,0,monitor_data.speed_ref
1775242675939,0,monitor_data.speed_ref
1775242675940,0,monitor_data.speed_ref
1775242675941,0,monitor_data.speed_ref
1775242675942,0,monitor_data.speed_ref
1775242675943,0,monitor_data.speed_ref
1775242675944,0,monitor_data.speed_ref
1775242675945,0,monitor_data.speed_ref
1775242675946,0,monitor_data.speed_ref
1775242675947,0,monitor_data.speed_ref
1775242675898,4.833957195281982,monitor_data.theta_mech
1775242675899,4.834723949432373,monitor_data.theta_mech
1775242675900,4.834340572357178,monitor_data.theta_mech
1775242675901,4.833957195281982,monitor_data.theta_mech
1775242675902,4.834723949432373,monitor_data.theta_mech
1775242675903,4.833957195281982,monitor_data.theta_mech
1775242675904,4.833573341369629,monitor_data.theta_mech
1775242675905,4.834340572357178,monitor_data.theta_mech
1775242675906,4.834340572357178,monitor_data.theta_mech
1775242675907,4.834340572357178,monitor_data.theta_mech
1775242675908,4.833957195281982,monitor_data.theta_mech
1775242675909,4.834340572357178,monitor_data.theta_mech
1775242675910,4.833957195281982,monitor_data.theta_mech
1775242675911,4.833957195281982,monitor_data.theta_mech
1775242675912,4.833573341369629,monitor_data.theta_mech
1775242675913,4.833957195281982,monitor_data.theta_mech
1775242675914,4.833573341369629,monitor_data.theta_mech
1775242675915,4.833957195281982,monitor_data.theta_mech
1775242675916,4.833573341369629,monitor_data.theta_mech
1775242675917,4.833957195281982,monitor_data.theta_mech
1775242675918,4.833957195281982,monitor_data.theta_mech
1775242675919,4.833189964294434,monitor_data.theta_mech
1775242675920,4.833573341369629,monitor_data.theta_mech
1775242675921,4.833573341369629,monitor_data.theta_mech
1775242675922,4.834340572357178,monitor_data.theta_mech
1775242675923,4.832423210144043,monitor_data.theta_mech
1775242675924,4.833189964294434,monitor_data.theta_mech
1775242675925,4.833189964294434,monitor_data.theta_mech
1775242675926,4.834340572357178,monitor_data.theta_mech
1775242675927,4.834340572357178,monitor_data.theta_mech
1775242675928,4.834340572357178,monitor_data.theta_mech
1775242675929,4.833957195281982,monitor_data.theta_mech
1775242675930,4.833957195281982,monitor_data.theta_mech
1775242675931,4.833189964294434,monitor_data.theta_mech
1775242675932,4.833189964294434,monitor_data.theta_mech
1775242675933,4.834723949432373,monitor_data.theta_mech
1775242675934,4.833573341369629,monitor_data.theta_mech
1775242675935,4.833573341369629,monitor_data.theta_mech
1775242675936,4.833573341369629,monitor_data.theta_mech
1775242675937,4.834340572357178,monitor_data.theta_mech
1775242675938,4.834723949432373,monitor_data.theta_mech
1775242675939,4.834723949432373,monitor_data.theta_mech
1775242675940,4.833957195281982,monitor_data.theta_mech
1775242675941,4.833957195281982,monitor_data.theta_mech
1775242675942,4.833957195281982,monitor_data.theta_mech
1775242675943,4.834723949432373,monitor_data.theta_mech
1775242675944,4.833957195281982,monitor_data.theta_mech
1775242675945,4.833189964294434,monitor_data.theta_mech
1775242675946,4.833573341369629,monitor_data.theta_mech
1775242675947,4.833957195281982,monitor_data.theta_mech
1775242675948,0,monitor_data.speed_ref
1775242675949,0,monitor_data.speed_ref
1775242675950,0,monitor_data.speed_ref
1775242675951,0,monitor_data.speed_ref
1775242675952,0,monitor_data.speed_ref
1775242675953,0,monitor_data.speed_ref
1775242675954,0,monitor_data.speed_ref
1775242675955,0,monitor_data.speed_ref
1775242675956,0,monitor_data.speed_ref
1775242675957,0,monitor_data.speed_ref
1775242675958,0,monitor_data.speed_ref
1775242675959,0,monitor_data.speed_ref
1775242675960,0,monitor_data.speed_ref
1775242675961,0,monitor_data.speed_ref
1775242675962,0,monitor_data.speed_ref
1775242675963,0,monitor_data.speed_ref
1775242675964,0,monitor_data.speed_ref
1775242675965,0,monitor_data.speed_ref
1775242675966,0,monitor_data.speed_ref
1775242675967,0,monitor_data.speed_ref
1775242675968,0,monitor_data.speed_ref
1775242675969,0,monitor_data.speed_ref
1775242675970,0,monitor_data.speed_ref
1775242675971,0,monitor_data.speed_ref
1775242675972,0,monitor_data.speed_ref
1775242675973,0,monitor_data.speed_ref
1775242675974,0,monitor_data.speed_ref
1775242675975,0,monitor_data.speed_ref
1775242675976,0,monitor_data.speed_ref
1775242675977,0,monitor_data.speed_ref
1775242675978,0,monitor_data.speed_ref
1775242675979,0,monitor_data.speed_ref
1775242675980,0,monitor_data.speed_ref
1775242675981,0,monitor_data.speed_ref
1775242675982,0,monitor_data.speed_ref
1775242675983,0,monitor_data.speed_ref
1775242675984,0,monitor_data.speed_ref
1775242675985,0,monitor_data.speed_ref
1775242675986,0,monitor_data.speed_ref
1775242675987,0,monitor_data.speed_ref
1775242675988,0,monitor_data.speed_ref
1775242675989,0,monitor_data.speed_ref
1775242675990,0,monitor_data.speed_ref
1775242675991,0,monitor_data.speed_ref
1775242675992,0,monitor_data.speed_ref
1775242675993,0,monitor_data.speed_ref
1775242675994,0,monitor_data.speed_ref
1775242675995,0,monitor_data.speed_ref
1775242675996,0,monitor_data.speed_ref
1775242675997,0,monitor_data.speed_ref
1775242675948,4.833573341369629,monitor_data.theta_mech
1775242675949,4.833189964294434,monitor_data.theta_mech
1775242675950,4.834340572357178,monitor_data.theta_mech
1775242675951,4.833957195281982,monitor_data.theta_mech
1775242675952,4.834340572357178,monitor_data.theta_mech
1775242675953,4.834723949432373,monitor_data.theta_mech
1775242675954,4.834723949432373,monitor_data.theta_mech
1775242675955,4.834340572357178,monitor_data.theta_mech
1775242675956,4.834340572357178,monitor_data.theta_mech
1775242675957,4.834340572357178,monitor_data.theta_mech
1775242675958,4.833573341369629,monitor_data.theta_mech
1775242675959,4.834340572357178,monitor_data.theta_mech
1775242675960,4.833573341369629,monitor_data.theta_mech
1775242675961,4.834723949432373,monitor_data.theta_mech
1775242675962,4.834723949432373,monitor_data.theta_mech
1775242675963,4.833573341369629,monitor_data.theta_mech
1775242675964,4.834340572357178,monitor_data.theta_mech
1775242675965,4.833573341369629,monitor_data.theta_mech
1775242675966,4.834723949432373,monitor_data.theta_mech
1775242675967,4.834340572357178,monitor_data.theta_mech
1775242675968,4.834340572357178,monitor_data.theta_mech
1775242675969,4.832806587219238,monitor_data.theta_mech
1775242675970,4.833957195281982,monitor_data.theta_mech
1775242675971,4.833573341369629,monitor_data.theta_mech
1775242675972,4.833957195281982,monitor_data.theta_mech
1775242675973,4.833957195281982,monitor_data.theta_mech
1775242675974,4.832806587219238,monitor_data.theta_mech
1775242675975,4.833957195281982,monitor_data.theta_mech
1775242675976,4.833957195281982,monitor_data.theta_mech
1775242675977,4.834340572357178,monitor_data.theta_mech
1775242675978,4.833957195281982,monitor_data.theta_mech
1775242675979,4.834723949432373,monitor_data.theta_mech
1775242675980,4.832806587219238,monitor_data.theta_mech
1775242675981,4.833573341369629,monitor_data.theta_mech
1775242675982,4.834340572357178,monitor_data.theta_mech
1775242675983,4.833573341369629,monitor_data.theta_mech
1775242675984,4.833957195281982,monitor_data.theta_mech
1775242675985,4.832806587219238,monitor_data.theta_mech
1775242675986,4.833957195281982,monitor_data.theta_mech
1775242675987,4.832806587219238,monitor_data.theta_mech
1775242675988,4.834340572357178,monitor_data.theta_mech
1775242675989,4.834340572357178,monitor_data.theta_mech
1775242675990,4.833189964294434,monitor_data.theta_mech
1775242675991,4.833957195281982,monitor_data.theta_mech
1775242675992,4.834723949432373,monitor_data.theta_mech
1775242675993,4.833957195281982,monitor_data.theta_mech
1775242675994,4.834340572357178,monitor_data.theta_mech
1775242675995,4.835107326507568,monitor_data.theta_mech
1775242675996,4.833957195281982,monitor_data.theta_mech
1775242675997,4.833957195281982,monitor_data.theta_mech
1775242675998,0,monitor_data.speed_ref
1775242675999,0,monitor_data.speed_ref
1775242676000,0,monitor_data.speed_ref
1775242676001,0,monitor_data.speed_ref
1775242676002,0,monitor_data.speed_ref
1775242676003,0,monitor_data.speed_ref
1775242676004,0,monitor_data.speed_ref
1775242676005,0,monitor_data.speed_ref
1775242676006,0,monitor_data.speed_ref
1775242676007,0,monitor_data.speed_ref
1775242676008,0,monitor_data.speed_ref
1775242676009,0,monitor_data.speed_ref
1775242676010,0,monitor_data.speed_ref
1775242676011,0,monitor_data.speed_ref
1775242676012,0,monitor_data.speed_ref
1775242676013,0,monitor_data.speed_ref
1775242676014,0,monitor_data.speed_ref
1775242676015,0,monitor_data.speed_ref
1775242676016,0,monitor_data.speed_ref
1775242676017,0,monitor_data.speed_ref
1775242676018,0,monitor_data.speed_ref
1775242676019,0,monitor_data.speed_ref
1775242676020,0,monitor_data.speed_ref
1775242676021,0,monitor_data.speed_ref
1775242676022,0,monitor_data.speed_ref
1775242676023,0,monitor_data.speed_ref
1775242676024,0,monitor_data.speed_ref
1775242676025,0,monitor_data.speed_ref
1775242676026,0,monitor_data.speed_ref
1775242676027,0,monitor_data.speed_ref
1775242676028,0,monitor_data.speed_ref
1775242676029,0,monitor_data.speed_ref
1775242676030,0,monitor_data.speed_ref
1775242676031,0,monitor_data.speed_ref
1775242676032,0,monitor_data.speed_ref
1775242676033,0,monitor_data.speed_ref
1775242676034,0,monitor_data.speed_ref
1775242676035,0,monitor_data.speed_ref
1775242676036,0,monitor_data.speed_ref
1775242676037,0,monitor_data.speed_ref
1775242676038,0,monitor_data.speed_ref
1775242676039,0,monitor_data.speed_ref
1775242676040,0,monitor_data.speed_ref
1775242676041,0,monitor_data.speed_ref
1775242676042,0,monitor_data.speed_ref
1775242676043,0,monitor_data.speed_ref
1775242676044,0,monitor_data.speed_ref
1775242676045,0,monitor_data.speed_ref
1775242676046,0,monitor_data.speed_ref
1775242676047,0,monitor_data.speed_ref
1775242675998,4.833957195281982,monitor_data.theta_mech
1775242675999,4.834340572357178,monitor_data.theta_mech
1775242676000,4.833957195281982,monitor_data.theta_mech
1775242676001,4.833957195281982,monitor_data.theta_mech
1775242676002,4.833573341369629,monitor_data.theta_mech
1775242676003,4.833573341369629,monitor_data.theta_mech
1775242676004,4.834723949432373,monitor_data.theta_mech
1775242676005,4.833957195281982,monitor_data.theta_mech
1775242676006,4.834340572357178,monitor_data.theta_mech
1775242676007,4.833573341369629,monitor_data.theta_mech
1775242676008,4.834340572357178,monitor_data.theta_mech
1775242676009,4.833957195281982,monitor_data.theta_mech
1775242676010,4.833957195281982,monitor_data.theta_mech
1775242676011,4.833573341369629,monitor_data.theta_mech
1775242676012,4.833957195281982,monitor_data.theta_mech
1775242676013,4.834340572357178,monitor_data.theta_mech
1775242676014,4.833189964294434,monitor_data.theta_mech
1775242676015,4.833573341369629,monitor_data.theta_mech
1775242676016,4.834340572357178,monitor_data.theta_mech
1775242676017,4.834340572357178,monitor_data.theta_mech
1775242676018,4.833189964294434,monitor_data.theta_mech
1775242676019,4.832806587219238,monitor_data.theta_mech
1775242676020,4.833957195281982,monitor_data.theta_mech
1775242676021,4.834340572357178,monitor_data.theta_mech
1775242676022,4.833957195281982,monitor_data.theta_mech
1775242676023,4.833573341369629,monitor_data.theta_mech
1775242676024,4.833189964294434,monitor_data.theta_mech
1775242676025,4.833573341369629,monitor_data.theta_mech
1775242676026,4.833189964294434,monitor_data.theta_mech
1775242676027,4.833957195281982,monitor_data.theta_mech
1775242676028,4.834340572357178,monitor_data.theta_mech
1775242676029,4.833573341369629,monitor_data.theta_mech
1775242676030,4.834340572357178,monitor_data.theta_mech
1775242676031,4.833957195281982,monitor_data.theta_mech
1775242676032,4.834340572357178,monitor_data.theta_mech
1775242676033,4.833189964294434,monitor_data.theta_mech
1775242676034,4.834340572357178,monitor_data.theta_mech
1775242676035,4.833573341369629,monitor_data.theta_mech
1775242676036,4.832423210144043,monitor_data.theta_mech
1775242676037,4.833573341369629,monitor_data.theta_mech
1775242676038,4.833573341369629,monitor_data.theta_mech
1775242676039,4.833957195281982,monitor_data.theta_mech
1775242676040,4.833573341369629,monitor_data.theta_mech
1775242676041,4.833957195281982,monitor_data.theta_mech
1775242676042,4.833957195281982,monitor_data.theta_mech
1775242676043,4.834340572357178,monitor_data.theta_mech
1775242676044,4.833573341369629,monitor_data.theta_mech
1775242676045,4.833573341369629,monitor_data.theta_mech
1775242676046,4.833957195281982,monitor_data.theta_mech
1775242676047,4.834340572357178,monitor_data.theta_mech
1775242676048,0,monitor_data.speed_ref
1775242676049,0,monitor_data.speed_ref
1775242676050,0,monitor_data.speed_ref
1775242676051,0,monitor_data.speed_ref
1775242676052,0,monitor_data.speed_ref
1775242676053,0,monitor_data.speed_ref
1775242676054,0,monitor_data.speed_ref
1775242676055,0,monitor_data.speed_ref
1775242676056,0,monitor_data.speed_ref
1775242676057,0,monitor_data.speed_ref
1775242676058,0,monitor_data.speed_ref
1775242676059,0,monitor_data.speed_ref
1775242676060,0,monitor_data.speed_ref
1775242676061,0,monitor_data.speed_ref
1775242676062,0,monitor_data.speed_ref
1775242676063,0,monitor_data.speed_ref
1775242676064,0,monitor_data.speed_ref
1775242676065,0,monitor_data.speed_ref
1775242676066,0,monitor_data.speed_ref
1775242676067,0,monitor_data.speed_ref
1775242676068,0,monitor_data.speed_ref
1775242676069,0,monitor_data.speed_ref
1775242676070,0,monitor_data.speed_ref
1775242676071,0,monitor_data.speed_ref
1775242676072,0,monitor_data.speed_ref
1775242676073,0,monitor_data.speed_ref
1775242676074,0,monitor_data.speed_ref
1775242676075,0,monitor_data.speed_ref
1775242676076,0,monitor_data.speed_ref
1775242676077,0,monitor_data.speed_ref
1775242676078,0,monitor_data.speed_ref
1775242676079,0,monitor_data.speed_ref
1775242676080,0,monitor_data.speed_ref
1775242676081,0,monitor_data.speed_ref
1775242676082,0,monitor_data.speed_ref
1775242676083,0,monitor_data.speed_ref
1775242676084,0,monitor_data.speed_ref
1775242676085,0,monitor_data.speed_ref
1775242676086,0,monitor_data.speed_ref
1775242676087,0,monitor_data.speed_ref
1775242676088,0,monitor_data.speed_ref
1775242676089,0,monitor_data.speed_ref
1775242676090,0,monitor_data.speed_ref
1775242676091,0,monitor_data.speed_ref
1775242676092,0,monitor_data.speed_ref
1775242676093,0,monitor_data.speed_ref
1775242676094,0,monitor_data.speed_ref
1775242676095,0,monitor_data.speed_ref
1775242676096,0,monitor_data.speed_ref
1775242676097,0,monitor_data.speed_ref
1775242676048,4.832806587219238,monitor_data.theta_mech
1775242676049,4.832806587219238,monitor_data.theta_mech
1775242676050,4.833573341369629,monitor_data.theta_mech
1775242676051,4.833957195281982,monitor_data.theta_mech
1775242676052,4.833957195281982,monitor_data.theta_mech
1775242676053,4.833573341369629,monitor_data.theta_mech
1775242676054,4.833957195281982,monitor_data.theta_mech
1775242676055,4.834723949432373,monitor_data.theta_mech
1775242676056,4.834340572357178,monitor_data.theta_mech
1775242676057,4.834340572357178,monitor_data.theta_mech
1775242676058,4.833957195281982,monitor_data.theta_mech
1775242676059,4.833957195281982,monitor_data.theta_mech
1775242676060,4.834340572357178,monitor_data.theta_mech
1775242676061,4.834340572357178,monitor_data.theta_mech
1775242676062,4.834340572357178,monitor_data.theta_mech
1775242676063,4.834340572357178,monitor_data.theta_mech
1775242676064,4.834340572357178,monitor_data.theta_mech
1775242676065,4.834723949432373,monitor_data.theta_mech
1775242676066,4.834723949432373,monitor_data.theta_mech
1775242676067,4.833573341369629,monitor_data.theta_mech
1775242676068,4.833957195281982,monitor_data.theta_mech
1775242676069,4.833957195281982,monitor_data.theta_mech
1775242676070,4.833573341369629,monitor_data.theta_mech
1775242676071,4.832806587219238,monitor_data.theta_mech
1775242676072,4.833573341369629,monitor_data.theta_mech
1775242676073,4.833573341369629,monitor_data.theta_mech
1775242676074,4.832423210144043,monitor_data.theta_mech
1775242676075,4.832806587219238,monitor_data.theta_mech
1775242676076,4.832806587219238,monitor_data.theta_mech
1775242676077,4.833573341369629,monitor_data.theta_mech
1775242676078,4.833189964294434,monitor_data.theta_mech
1775242676079,4.832806587219238,monitor_data.theta_mech
1775242676080,4.833957195281982,monitor_data.theta_mech
1775242676081,4.834723949432373,monitor_data.theta_mech
1775242676082,4.833957195281982,monitor_data.theta_mech
1775242676083,4.833957195281982,monitor_data.theta_mech
1775242676084,4.833957195281982,monitor_data.theta_mech
1775242676085,4.833957195281982,monitor_data.theta_mech
1775242676086,4.834340572357178,monitor_data.theta_mech
1775242676087,4.834340572357178,monitor_data.theta_mech
1775242676088,4.834723949432373,monitor_data.theta_mech
1775242676089,4.833573341369629,monitor_data.theta_mech
1775242676090,4.833957195281982,monitor_data.theta_mech
1775242676091,4.834723949432373,monitor_data.theta_mech
1775242676092,4.833957195281982,monitor_data.theta_mech
1775242676093,4.833189964294434,monitor_data.theta_mech
1775242676094,4.834340572357178,monitor_data.theta_mech
1775242676095,4.833573341369629,monitor_data.theta_mech
1775242676096,4.833957195281982,monitor_data.theta_mech
1775242676097,4.833189964294434,monitor_data.theta_mech
1775242676098,0,monitor_data.speed_ref
1775242676099,0,monitor_data.speed_ref
1775242676100,0,monitor_data.speed_ref
1775242676101,0,monitor_data.speed_ref
1775242676102,0,monitor_data.speed_ref
1775242676103,0,monitor_data.speed_ref
1775242676104,0,monitor_data.speed_ref
1775242676105,0,monitor_data.speed_ref
1775242676106,0,monitor_data.speed_ref
1775242676107,0,monitor_data.speed_ref
1775242676108,0,monitor_data.speed_ref
1775242676109,0,monitor_data.speed_ref
1775242676110,0,monitor_data.speed_ref
1775242676111,0,monitor_data.speed_ref
1775242676112,0,monitor_data.speed_ref
1775242676113,0,monitor_data.speed_ref
1775242676114,0,monitor_data.speed_ref
1775242676115,0,monitor_data.speed_ref
1775242676116,0,monitor_data.speed_ref
1775242676117,0,monitor_data.speed_ref
1775242676118,0,monitor_data.speed_ref
1775242676119,0,monitor_data.speed_ref
1775242676120,0,monitor_data.speed_ref
1775242676121,0,monitor_data.speed_ref
1775242676122,0,monitor_data.speed_ref
1775242676123,0,monitor_data.speed_ref
1775242676124,0,monitor_data.speed_ref
1775242676125,0,monitor_data.speed_ref
1775242676126,0,monitor_data.speed_ref
1775242676127,0,monitor_data.speed_ref
1775242676128,0,monitor_data.speed_ref
1775242676129,0,monitor_data.speed_ref
1775242676130,0,monitor_data.speed_ref
1775242676131,0,monitor_data.speed_ref
1775242676132,0,monitor_data.speed_ref
1775242676133,0,monitor_data.speed_ref
1775242676134,0,monitor_data.speed_ref
1775242676135,0,monitor_data.speed_ref
1775242676136,0,monitor_data.speed_ref
1775242676137,0,monitor_data.speed_ref
1775242676138,0,monitor_data.speed_ref
1775242676139,0,monitor_data.speed_ref
1775242676140,0,monitor_data.speed_ref
1775242676141,0,monitor_data.speed_ref
1775242676142,0,monitor_data.speed_ref
1775242676143,0,monitor_data.speed_ref
1775242676144,0,monitor_data.speed_ref
1775242676145,0,monitor_data.speed_ref
1775242676146,0,monitor_data.speed_ref
1775242676147,0,monitor_data.speed_ref
1775242676098,4.833189964294434,monitor_data.theta_mech
1775242676099,4.833573341369629,monitor_data.theta_mech
1775242676100,4.834340572357178,monitor_data.theta_mech
1775242676101,4.834340572357178,monitor_data.theta_mech
1775242676102,4.833189964294434,monitor_data.theta_mech
1775242676103,4.833189964294434,monitor_data.theta_mech
1775242676104,4.833957195281982,monitor_data.theta_mech
1775242676105,4.833573341369629,monitor_data.theta_mech
1775242676106,4.833573341369629,monitor_data.theta_mech
1775242676107,4.833957195281982,monitor_data.theta_mech
1775242676108,4.833189964294434,monitor_data.theta_mech
1775242676109,4.833957195281982,monitor_data.theta_mech
1775242676110,4.833957195281982,monitor_data.theta_mech
1775242676111,4.833189964294434,monitor_data.theta_mech
1775242676112,4.834723949432373,monitor_data.theta_mech
1775242676113,4.833573341369629,monitor_data.theta_mech
1775242676114,4.833957195281982,monitor_data.theta_mech
1775242676115,4.833573341369629,monitor_data.theta_mech
1775242676116,4.834340572357178,monitor_data.theta_mech
1775242676117,4.834340572357178,monitor_data.theta_mech
1775242676118,4.835107326507568,monitor_data.theta_mech
1775242676119,4.834340572357178,monitor_data.theta_mech
1775242676120,4.834340572357178,monitor_data.theta_mech
1775242676121,4.833957195281982,monitor_data.theta_mech
1775242676122,4.834340572357178,monitor_data.theta_mech
1775242676123,4.833573341369629,monitor_data.theta_mech
1775242676124,4.833573341369629,monitor_data.theta_mech
1775242676125,4.833189964294434,monitor_data.theta_mech
1775242676126,4.833573341369629,monitor_data.theta_mech
1775242676127,4.833957195281982,monitor_data.theta_mech
1775242676128,4.833573341369629,monitor_data.theta_mech
1775242676129,4.833957195281982,monitor_data.theta_mech
1775242676130,4.834340572357178,monitor_data.theta_mech
1775242676131,4.834340572357178,monitor_data.theta_mech
1775242676132,4.833957195281982,monitor_data.theta_mech
1775242676133,4.833573341369629,monitor_data.theta_mech
1775242676134,4.835107326507568,monitor_data.theta_mech
1775242676135,4.833573341369629,monitor_data.theta_mech
1775242676136,4.834340572357178,monitor_data.theta_mech
1775242676137,4.833957195281982,monitor_data.theta_mech
1775242676138,4.833957195281982,monitor_data.theta_mech
1775242676139,4.834340572357178,monitor_data.theta_mech
1775242676140,4.834340572357178,monitor_data.theta_mech
1775242676141,4.832806587219238,monitor_data.theta_mech
1775242676142,4.834723949432373,monitor_data.theta_mech
1775242676143,4.834340572357178,monitor_data.theta_mech
1775242676144,4.833957195281982,monitor_data.theta_mech
1775242676145,4.834340572357178,monitor_data.theta_mech
1775242676146,4.833189964294434,monitor_data.theta_mech
1775242676147,4.833573341369629,monitor_data.theta_mech
1775242676148,0,monitor_data.speed_ref
1775242676149,0,monitor_data.speed_ref
1775242676150,0,monitor_data.speed_ref
1775242676151,0,monitor_data.speed_ref
1775242676152,0,monitor_data.speed_ref
1775242676153,0,monitor_data.speed_ref
1775242676154,0,monitor_data.speed_ref
1775242676155,0,monitor_data.speed_ref
1775242676156,0,monitor_data.speed_ref
1775242676157,0,monitor_data.speed_ref
1775242676158,0,monitor_data.speed_ref
1775242676159,0,monitor_data.speed_ref
1775242676160,0,monitor_data.speed_ref
1775242676161,0,monitor_data.speed_ref
1775242676162,0,monitor_data.speed_ref
1775242676163,0,monitor_data.speed_ref
1775242676164,0,monitor_data.speed_ref
1775242676165,0,monitor_data.speed_ref
1775242676166,0,monitor_data.speed_ref
1775242676167,0,monitor_data.speed_ref
1775242676168,0,monitor_data.speed_ref
1775242676169,0,monitor_data.speed_ref
1775242676170,0,monitor_data.speed_ref
1775242676171,0,monitor_data.speed_ref
1775242676172,0,monitor_data.speed_ref
1775242676173,0,monitor_data.speed_ref
1775242676174,0,monitor_data.speed_ref
1775242676175,0,monitor_data.speed_ref
1775242676176,0,monitor_data.speed_ref
1775242676177,0,monitor_data.speed_ref
1775242676178,0,monitor_data.speed_ref
1775242676179,0,monitor_data.speed_ref
1775242676180,0,monitor_data.speed_ref
1775242676181,0,monitor_data.speed_ref
1775242676182,0,monitor_data.speed_ref
1775242676183,0,monitor_data.speed_ref
1775242676184,0,monitor_data.speed_ref
1775242676185,0,monitor_data.speed_ref
1775242676186,0,monitor_data.speed_ref
1775242676187,0,monitor_data.speed_ref
1775242676188,0,monitor_data.speed_ref
1775242676189,0,monitor_data.speed_ref
1775242676190,0,monitor_data.speed_ref
1775242676191,0,monitor_data.speed_ref
1775242676192,0,monitor_data.speed_ref
1775242676193,0,monitor_data.speed_ref
1775242676194,0,monitor_data.speed_ref
1775242676195,0,monitor_data.speed_ref
1775242676196,0,monitor_data.speed_ref
1775242676197,0,monitor_data.speed_ref
1775242676148,4.834340572357178,monitor_data.theta_mech
1775242676149,4.834340572357178,monitor_data.theta_mech
1775242676150,4.833573341369629,monitor_data.theta_mech
1775242676151,4.833957195281982,monitor_data.theta_mech
1775242676152,4.833189964294434,monitor_data.theta_mech
1775242676153,4.833957195281982,monitor_data.theta_mech
1775242676154,4.833189964294434,monitor_data.theta_mech
1775242676155,4.833957195281982,monitor_data.theta_mech
1775242676156,4.835107326507568,monitor_data.theta_mech
1775242676157,4.834723949432373,monitor_data.theta_mech
1775242676158,4.834340572357178,monitor_data.theta_mech
1775242676159,4.832806587219238,monitor_data.theta_mech
1775242676160,4.834340572357178,monitor_data.theta_mech
1775242676161,4.833957195281982,monitor_data.theta_mech
1775242676162,4.833957195281982,monitor_data.theta_mech
1775242676163,4.833957195281982,monitor_data.theta_mech
1775242676164,4.834723949432373,monitor_data.theta_mech
1775242676165,4.833573341369629,monitor_data.theta_mech
1775242676166,4.833573341369629,monitor_data.theta_mech
1775242676167,4.833573341369629,monitor_data.theta_mech
1775242676168,4.834723949432373,monitor_data.theta_mech
1775242676169,4.833573341369629,monitor_data.theta_mech
1775242676170,4.833957195281982,monitor_data.theta_mech
1775242676171,4.834723949432373,monitor_data.theta_mech
1775242676172,4.834340572357178,monitor_data.theta_mech
1775242676173,4.833957195281982,monitor_data.theta_mech
1775242676174,4.834340572357178,monitor_data.theta_mech
1775242676175,4.833957195281982,monitor_data.theta_mech
1775242676176,4.833573341369629,monitor_data.theta_mech
1775242676177,4.833957195281982,monitor_data.theta_mech
1775242676178,4.834340572357178,monitor_data.theta_mech
1775242676179,4.833957195281982,monitor_data.theta_mech
1775242676180,4.833957195281982,monitor_data.theta_mech
1775242676181,4.834340572357178,monitor_data.theta_mech
1775242676182,4.833957195281982,monitor_data.theta_mech
1775242676183,4.833957195281982,monitor_data.theta_mech
1775242676184,4.833957195281982,monitor_data.theta_mech
1775242676185,4.833957195281982,monitor_data.theta_mech
1775242676186,4.833957195281982,monitor_data.theta_mech
1775242676187,4.833957195281982,monitor_data.theta_mech
1775242676188,4.833573341369629,monitor_data.theta_mech
1775242676189,4.833957195281982,monitor_data.theta_mech
1775242676190,4.833573341369629,monitor_data.theta_mech
1775242676191,4.834340572357178,monitor_data.theta_mech
1775242676192,4.834340572357178,monitor_data.theta_mech
1775242676193,4.833189964294434,monitor_data.theta_mech
1775242676194,4.833957195281982,monitor_data.theta_mech
1775242676195,4.834340572357178,monitor_data.theta_mech
1775242676196,4.833573341369629,monitor_data.theta_mech
1775242676197,4.834340572357178,monitor_data.theta_mech
1775242676198,0,monitor_data.speed_ref
1775242676199,0,monitor_data.speed_ref
1775242676200,0,monitor_data.speed_ref
1775242676201,0,monitor_data.speed_ref
1775242676202,0,monitor_data.speed_ref
1775242676203,0,monitor_data.speed_ref
1775242676204,0,monitor_data.speed_ref
1775242676205,0,monitor_data.speed_ref
1775242676206,0,monitor_data.speed_ref
1775242676207,0,monitor_data.speed_ref
1775242676208,0,monitor_data.speed_ref
1775242676209,0,monitor_data.speed_ref
1775242676210,0,monitor_data.speed_ref
1775242676211,0,monitor_data.speed_ref
1775242676212,0,monitor_data.speed_ref
1775242676213,0,monitor_data.speed_ref
1775242676214,0,monitor_data.speed_ref
1775242676215,0,monitor_data.speed_ref
1775242676216,0,monitor_data.speed_ref
1775242676217,0,monitor_data.speed_ref
1775242676218,0,monitor_data.speed_ref
1775242676219,0,monitor_data.speed_ref
1775242676220,0,monitor_data.speed_ref
1775242676221,0,monitor_data.speed_ref
1775242676222,0,monitor_data.speed_ref
1775242676223,0,monitor_data.speed_ref
1775242676224,0,monitor_data.speed_ref
1775242676225,0,monitor_data.speed_ref
1775242676226,0,monitor_data.speed_ref
1775242676227,0,monitor_data.speed_ref
1775242676228,0,monitor_data.speed_ref
1775242676229,0,monitor_data.speed_ref
1775242676230,0,monitor_data.speed_ref
1775242676231,0,monitor_data.speed_ref
1775242676232,0,monitor_data.speed_ref
1775242676233,0,monitor_data.speed_ref
1775242676234,0,monitor_data.speed_ref
1775242676235,0,monitor_data.speed_ref
1775242676236,0,monitor_data.speed_ref
1775242676237,0,monitor_data.speed_ref
1775242676238,0,monitor_data.speed_ref
1775242676239,0,monitor_data.speed_ref
1775242676240,0,monitor_data.speed_ref
1775242676241,0,monitor_data.speed_ref
1775242676242,0,monitor_data.speed_ref
1775242676243,0,monitor_data.speed_ref
1775242676244,0,monitor_data.speed_ref
1775242676245,0,monitor_data.speed_ref
1775242676246,0,monitor_data.speed_ref
1775242676198,4.834723949432373,monitor_data.theta_mech
1775242676199,4.834340572357178,monitor_data.theta_mech
1775242676200,4.834340572357178,monitor_data.theta_mech
1775242676201,4.833957195281982,monitor_data.theta_mech
1775242676202,4.833957195281982,monitor_data.theta_mech
1775242676203,4.834340572357178,monitor_data.theta_mech
1775242676204,4.834340572357178,monitor_data.theta_mech
1775242676205,4.835107326507568,monitor_data.theta_mech
1775242676206,4.834340572357178,monitor_data.theta_mech
1775242676207,4.832806587219238,monitor_data.theta_mech
1775242676208,4.833957195281982,monitor_data.theta_mech
1775242676209,4.833573341369629,monitor_data.theta_mech
1775242676210,4.834340572357178,monitor_data.theta_mech
1775242676211,4.834340572357178,monitor_data.theta_mech
1775242676212,4.833957195281982,monitor_data.theta_mech
1775242676213,4.833957195281982,monitor_data.theta_mech
1775242676214,4.833573341369629,monitor_data.theta_mech
1775242676215,4.833189964294434,monitor_data.theta_mech
1775242676216,4.834340572357178,monitor_data.theta_mech
1775242676217,4.833957195281982,monitor_data.theta_mech
1775242676218,4.833573341369629,monitor_data.theta_mech
1775242676219,4.833957195281982,monitor_data.theta_mech
1775242676220,4.833189964294434,monitor_data.theta_mech
1775242676221,4.833957195281982,monitor_data.theta_mech
1775242676222,4.833957195281982,monitor_data.theta_mech
1775242676223,4.833573341369629,monitor_data.theta_mech
1775242676224,4.833957195281982,monitor_data.theta_mech
1775242676225,4.833573341369629,monitor_data.theta_mech
1775242676226,4.834340572357178,monitor_data.theta_mech
1775242676227,4.833573341369629,monitor_data.theta_mech
1775242676228,4.833573341369629,monitor_data.theta_mech
1775242676229,4.833957195281982,monitor_data.theta_mech
1775242676230,4.833573341369629,monitor_data.theta_mech
1775242676231,4.833573341369629,monitor_data.theta_mech
1775242676232,4.833189964294434,monitor_data.theta_mech
1775242676233,4.833573341369629,monitor_data.theta_mech
1775242676234,4.834340572357178,monitor_data.theta_mech
1775242676235,4.833573341369629,monitor_data.theta_mech
1775242676236,4.833573341369629,monitor_data.theta_mech
1775242676237,4.832806587219238,monitor_data.theta_mech
1775242676238,4.833957195281982,monitor_data.theta_mech
1775242676239,4.834340572357178,monitor_data.theta_mech
1775242676240,4.834340572357178,monitor_data.theta_mech
1775242676241,4.833573341369629,monitor_data.theta_mech
1775242676242,4.833957195281982,monitor_data.theta_mech
1775242676243,4.833573341369629,monitor_data.theta_mech
1775242676244,4.833189964294434,monitor_data.theta_mech
1775242676245,4.834340572357178,monitor_data.theta_mech
1775242676246,4.834340572357178,monitor_data.theta_mech
1775242676247,0,monitor_data.speed_ref
1775242676248,0,monitor_data.speed_ref
1775242676249,0,monitor_data.speed_ref
1775242676250,0,monitor_data.speed_ref
1775242676251,0,monitor_data.speed_ref
1775242676252,0,monitor_data.speed_ref
1775242676253,0,monitor_data.speed_ref
1775242676254,0,monitor_data.speed_ref
1775242676255,0,monitor_data.speed_ref
1775242676256,0,monitor_data.speed_ref
1775242676257,0,monitor_data.speed_ref
1775242676258,0,monitor_data.speed_ref
1775242676259,0,monitor_data.speed_ref
1775242676260,0,monitor_data.speed_ref
1775242676261,0,monitor_data.speed_ref
1775242676262,0,monitor_data.speed_ref
1775242676263,0,monitor_data.speed_ref
1775242676264,0,monitor_data.speed_ref
1775242676265,0,monitor_data.speed_ref
1775242676266,0,monitor_data.speed_ref
1775242676267,0,monitor_data.speed_ref
1775242676268,0,monitor_data.speed_ref
1775242676269,0,monitor_data.speed_ref
1775242676270,0,monitor_data.speed_ref
1775242676271,0,monitor_data.speed_ref
1775242676272,0,monitor_data.speed_ref
1775242676273,0,monitor_data.speed_ref
1775242676274,0,monitor_data.speed_ref
1775242676275,0,monitor_data.speed_ref
1775242676276,0,monitor_data.speed_ref
1775242676277,0,monitor_data.speed_ref
1775242676278,0,monitor_data.speed_ref
1775242676279,0,monitor_data.speed_ref
1775242676280,0,monitor_data.speed_ref
1775242676281,0,monitor_data.speed_ref
1775242676282,0,monitor_data.speed_ref
1775242676283,0,monitor_data.speed_ref
1775242676284,0,monitor_data.speed_ref
1775242676285,0,monitor_data.speed_ref
1775242676286,0,monitor_data.speed_ref
1775242676287,0,monitor_data.speed_ref
1775242676288,0,monitor_data.speed_ref
1775242676289,0,monitor_data.speed_ref
1775242676290,0,monitor_data.speed_ref
1775242676291,0,monitor_data.speed_ref
1775242676292,0,monitor_data.speed_ref
1775242676293,0,monitor_data.speed_ref
1775242676294,0,monitor_data.speed_ref
1775242676295,0,monitor_data.speed_ref
1775242676296,0,monitor_data.speed_ref
1775242676297,0,monitor_data.speed_ref
1775242676247,4.833957195281982,monitor_data.theta_mech
1775242676248,4.834723949432373,monitor_data.theta_mech
1775242676249,4.833189964294434,monitor_data.theta_mech
1775242676250,4.834340572357178,monitor_data.theta_mech
1775242676251,4.834723949432373,monitor_data.theta_mech
1775242676252,4.834340572357178,monitor_data.theta_mech
1775242676253,4.834340572357178,monitor_data.theta_mech
1775242676254,4.833573341369629,monitor_data.theta_mech
1775242676255,4.833957195281982,monitor_data.theta_mech
1775242676256,4.833957195281982,monitor_data.theta_mech
1775242676257,4.834340572357178,monitor_data.theta_mech
1775242676258,4.833957195281982,monitor_data.theta_mech
1775242676259,4.834340572357178,monitor_data.theta_mech
1775242676260,4.834340572357178,monitor_data.theta_mech
1775242676261,4.833189964294434,monitor_data.theta_mech
1775242676262,4.832806587219238,monitor_data.theta_mech
1775242676263,4.833957195281982,monitor_data.theta_mech
1775242676264,4.833189964294434,monitor_data.theta_mech
1775242676265,4.833957195281982,monitor_data.theta_mech
1775242676266,4.834340572357178,monitor_data.theta_mech
1775242676267,4.834723949432373,monitor_data.theta_mech
1775242676268,4.833573341369629,monitor_data.theta_mech
1775242676269,4.833957195281982,monitor_data.theta_mech
1775242676270,4.834340572357178,monitor_data.theta_mech
1775242676271,4.834340572357178,monitor_data.theta_mech
1775242676272,4.833957195281982,monitor_data.theta_mech
1775242676273,4.833189964294434,monitor_data.theta_mech
1775242676274,4.833573341369629,monitor_data.theta_mech
1775242676275,4.833957195281982,monitor_data.theta_mech
1775242676276,4.832806587219238,monitor_data.theta_mech
1775242676277,4.833957195281982,monitor_data.theta_mech
1775242676278,4.833957195281982,monitor_data.theta_mech
1775242676279,4.832423210144043,monitor_data.theta_mech
1775242676280,4.833957195281982,monitor_data.theta_mech
1775242676281,4.833957195281982,monitor_data.theta_mech
1775242676282,4.833573341369629,monitor_data.theta_mech
1775242676283,4.834723949432373,monitor_data.theta_mech
1775242676284,4.833573341369629,monitor_data.theta_mech
1775242676285,4.833957195281982,monitor_data.theta_mech
1775242676286,4.833573341369629,monitor_data.theta_mech
1775242676287,4.833957195281982,monitor_data.theta_mech
1775242676288,4.834340572357178,monitor_data.theta_mech
1775242676289,4.832806587219238,monitor_data.theta_mech
1775242676290,4.834340572357178,monitor_data.theta_mech
1775242676291,4.834340572357178,monitor_data.theta_mech
1775242676292,4.834340572357178,monitor_data.theta_mech
1775242676293,4.834723949432373,monitor_data.theta_mech
1775242676294,4.833189964294434,monitor_data.theta_mech
1775242676295,4.833573341369629,monitor_data.theta_mech
1775242676296,4.834340572357178,monitor_data.theta_mech
1775242676297,4.834723949432373,monitor_data.theta_mech
1775242676298,0,monitor_data.speed_ref
1775242676299,0,monitor_data.speed_ref
1775242676300,0,monitor_data.speed_ref
1775242676301,0,monitor_data.speed_ref
1775242676302,0,monitor_data.speed_ref
1775242676303,0,monitor_data.speed_ref
1775242676304,0,monitor_data.speed_ref
1775242676305,0,monitor_data.speed_ref
1775242676306,0,monitor_data.speed_ref
1775242676307,0,monitor_data.speed_ref
1775242676308,0,monitor_data.speed_ref
1775242676309,0,monitor_data.speed_ref
1775242676310,0,monitor_data.speed_ref
1775242676311,0,monitor_data.speed_ref
1775242676312,0,monitor_data.speed_ref
1775242676313,0,monitor_data.speed_ref
1775242676314,0,monitor_data.speed_ref
1775242676315,0,monitor_data.speed_ref
1775242676316,0,monitor_data.speed_ref
1775242676317,0,monitor_data.speed_ref
1775242676318,0,monitor_data.speed_ref
1775242676319,0,monitor_data.speed_ref
1775242676320,0,monitor_data.speed_ref
1775242676321,0,monitor_data.speed_ref
1775242676322,0,monitor_data.speed_ref
1775242676323,0,monitor_data.speed_ref
1775242676324,0,monitor_data.speed_ref
1775242676325,0,monitor_data.speed_ref
1775242676326,0,monitor_data.speed_ref
1775242676327,0,monitor_data.speed_ref
1775242676328,0,monitor_data.speed_ref
1775242676329,0,monitor_data.speed_ref
1775242676330,0,monitor_data.speed_ref
1775242676331,0,monitor_data.speed_ref
1775242676332,0,monitor_data.speed_ref
1775242676333,0,monitor_data.speed_ref
1775242676334,0,monitor_data.speed_ref
1775242676335,0,monitor_data.speed_ref
1775242676336,0,monitor_data.speed_ref
1775242676337,0,monitor_data.speed_ref
1775242676338,0,monitor_data.speed_ref
1775242676339,0,monitor_data.speed_ref
1775242676340,0,monitor_data.speed_ref
1775242676341,0,monitor_data.speed_ref
1775242676342,0,monitor_data.speed_ref
1775242676343,0,monitor_data.speed_ref
1775242676344,0,monitor_data.speed_ref
1775242676345,0,monitor_data.speed_ref
1775242676346,0,monitor_data.speed_ref
1775242676347,0,monitor_data.speed_ref
1775242676298,4.833957195281982,monitor_data.theta_mech
1775242676299,4.833189964294434,monitor_data.theta_mech
1775242676300,4.832806587219238,monitor_data.theta_mech
1775242676301,4.833573341369629,monitor_data.theta_mech
1775242676302,4.832806587219238,monitor_data.theta_mech
1775242676303,4.834340572357178,monitor_data.theta_mech
1775242676304,4.834340572357178,monitor_data.theta_mech
1775242676305,4.833573341369629,monitor_data.theta_mech
1775242676306,4.834723949432373,monitor_data.theta_mech
1775242676307,4.834340572357178,monitor_data.theta_mech
1775242676308,4.832806587219238,monitor_data.theta_mech
1775242676309,4.833957195281982,monitor_data.theta_mech
1775242676310,4.833957195281982,monitor_data.theta_mech
1775242676311,4.833957195281982,monitor_data.theta_mech
1775242676312,4.833573341369629,monitor_data.theta_mech
1775242676313,4.833573341369629,monitor_data.theta_mech
1775242676314,4.833573341369629,monitor_data.theta_mech
1775242676315,4.832806587219238,monitor_data.theta_mech
1775242676316,4.833957195281982,monitor_data.theta_mech
1775242676317,4.833573341369629,monitor_data.theta_mech
1775242676318,4.833573341369629,monitor_data.theta_mech
1775242676319,4.833189964294434,monitor_data.theta_mech
1775242676320,4.834340572357178,monitor_data.theta_mech
1775242676321,4.834340572357178,monitor_data.theta_mech
1775242676322,4.833957195281982,monitor_data.theta_mech
1775242676323,4.833957195281982,monitor_data.theta_mech
1775242676324,4.834340572357178,monitor_data.theta_mech
1775242676325,4.833957195281982,monitor_data.theta_mech
1775242676326,4.833573341369629,monitor_data.theta_mech
1775242676327,4.833189964294434,monitor_data.theta_mech
1775242676328,4.833573341369629,monitor_data.theta_mech
1775242676329,4.834340572357178,monitor_data.theta_mech
1775242676330,4.833573341369629,monitor_data.theta_mech
1775242676331,4.833573341369629,monitor_data.theta_mech
1775242676332,4.833573341369629,monitor_data.theta_mech
1775242676333,4.833573341369629,monitor_data.theta_mech
1775242676334,4.834340572357178,monitor_data.theta_mech
1775242676335,4.833189964294434,monitor_data.theta_mech
1775242676336,4.833957195281982,monitor_data.theta_mech
1775242676337,4.834340572357178,monitor_data.theta_mech
1775242676338,4.833189964294434,monitor_data.theta_mech
1775242676339,4.834340572357178,monitor_data.theta_mech
1775242676340,4.833957195281982,monitor_data.theta_mech
1775242676341,4.834340572357178,monitor_data.theta_mech
1775242676342,4.833573341369629,monitor_data.theta_mech
1775242676343,4.833573341369629,monitor_data.theta_mech
1775242676344,4.833957195281982,monitor_data.theta_mech
1775242676345,4.833957195281982,monitor_data.theta_mech
1775242676346,4.834340572357178,monitor_data.theta_mech
1775242676347,4.833573341369629,monitor_data.theta_mech
1775242676348,0,monitor_data.speed_ref
1775242676349,0,monitor_data.speed_ref
1775242676350,0,monitor_data.speed_ref
1775242676351,0,monitor_data.speed_ref
1775242676352,0,monitor_data.speed_ref
1775242676353,0,monitor_data.speed_ref
1775242676354,0,monitor_data.speed_ref
1775242676355,0,monitor_data.speed_ref
1775242676356,0,monitor_data.speed_ref
1775242676357,0,monitor_data.speed_ref
1775242676358,0,monitor_data.speed_ref
1775242676359,0,monitor_data.speed_ref
1775242676360,0,monitor_data.speed_ref
1775242676361,0,monitor_data.speed_ref
1775242676362,0,monitor_data.speed_ref
1775242676363,0,monitor_data.speed_ref
1775242676364,0,monitor_data.speed_ref
1775242676365,0,monitor_data.speed_ref
1775242676366,0,monitor_data.speed_ref
1775242676367,0,monitor_data.speed_ref
1775242676368,0,monitor_data.speed_ref
1775242676369,0,monitor_data.speed_ref
1775242676370,0,monitor_data.speed_ref
1775242676371,0,monitor_data.speed_ref
1775242676372,0,monitor_data.speed_ref
1775242676373,0,monitor_data.speed_ref
1775242676374,0,monitor_data.speed_ref
1775242676375,0,monitor_data.speed_ref
1775242676376,0,monitor_data.speed_ref
1775242676377,0,monitor_data.speed_ref
1775242676378,0,monitor_data.speed_ref
1775242676379,0,monitor_data.speed_ref
1775242676380,0,monitor_data.speed_ref
1775242676381,0,monitor_data.speed_ref
1775242676382,0,monitor_data.speed_ref
1775242676383,0,monitor_data.speed_ref
1775242676384,0,monitor_data.speed_ref
1775242676385,0,monitor_data.speed_ref
1775242676386,0,monitor_data.speed_ref
1775242676387,0,monitor_data.speed_ref
1775242676388,0,monitor_data.speed_ref
1775242676389,0,monitor_data.speed_ref
1775242676390,0,monitor_data.speed_ref
1775242676391,0,monitor_data.speed_ref
1775242676392,0,monitor_data.speed_ref
1775242676393,0,monitor_data.speed_ref
1775242676394,0,monitor_data.speed_ref
1775242676395,0,monitor_data.speed_ref
1775242676396,0,monitor_data.speed_ref
1775242676397,0,monitor_data.speed_ref
1775242676348,4.834723949432373,monitor_data.theta_mech
1775242676349,4.833189964294434,monitor_data.theta_mech
1775242676350,4.833573341369629,monitor_data.theta_mech
1775242676351,4.834340572357178,monitor_data.theta_mech
1775242676352,4.834340572357178,monitor_data.theta_mech
1775242676353,4.833957195281982,monitor_data.theta_mech
1775242676354,4.833573341369629,monitor_data.theta_mech
1775242676355,4.833573341369629,monitor_data.theta_mech
1775242676356,4.833957195281982,monitor_data.theta_mech
1775242676357,4.833957195281982,monitor_data.theta_mech
1775242676358,4.833189964294434,monitor_data.theta_mech
1775242676359,4.832806587219238,monitor_data.theta_mech
1775242676360,4.833957195281982,monitor_data.theta_mech
1775242676361,4.833573341369629,monitor_data.theta_mech
1775242676362,4.833957195281982,monitor_data.theta_mech
1775242676363,4.833189964294434,monitor_data.theta_mech
1775242676364,4.833573341369629,monitor_data.theta_mech
1775242676365,4.833573341369629,monitor_data.theta_mech
1775242676366,4.832806587219238,monitor_data.theta_mech
1775242676367,4.832806587219238,monitor_data.theta_mech
1775242676368,4.833189964294434,monitor_data.theta_mech
1775242676369,4.833573341369629,monitor_data.theta_mech
1775242676370,4.833573341369629,monitor_data.theta_mech
1775242676371,4.833573341369629,monitor_data.theta_mech
1775242676372,4.833957195281982,monitor_data.theta_mech
1775242676373,4.833189964294434,monitor_data.theta_mech
1775242676374,4.834723949432373,monitor_data.theta_mech
1775242676375,4.834340572357178,monitor_data.theta_mech
1775242676376,4.833573341369629,monitor_data.theta_mech
1775242676377,4.833573341369629,monitor_data.theta_mech
1775242676378,4.834340572357178,monitor_data.theta_mech
1775242676379,4.833189964294434,monitor_data.theta_mech
1775242676380,4.834340572357178,monitor_data.theta_mech
1775242676381,4.833189964294434,monitor_data.theta_mech
1775242676382,4.834340572357178,monitor_data.theta_mech
1775242676383,4.833957195281982,monitor_data.theta_mech
1775242676384,4.833957195281982,monitor_data.theta_mech
1775242676385,4.832806587219238,monitor_data.theta_mech
1775242676386,4.833189964294434,monitor_data.theta_mech
1775242676387,4.833573341369629,monitor_data.theta_mech
1775242676388,4.832423210144043,monitor_data.theta_mech
1775242676389,4.833573341369629,monitor_data.theta_mech
1775242676390,4.834340572357178,monitor_data.theta_mech
1775242676391,4.833957195281982,monitor_data.theta_mech
1775242676392,4.834723949432373,monitor_data.theta_mech
1775242676393,4.834340572357178,monitor_data.theta_mech
1775242676394,4.834723949432373,monitor_data.theta_mech
1775242676395,4.834340572357178,monitor_data.theta_mech
1775242676396,4.834723949432373,monitor_data.theta_mech
1775242676397,4.834340572357178,monitor_data.theta_mech
1775242676398,0,monitor_data.speed_ref
1775242676399,0,monitor_data.speed_ref
1775242676400,0,monitor_data.speed_ref
1775242676401,0,monitor_data.speed_ref
1775242676402,0,monitor_data.speed_ref
1775242676403,0,monitor_data.speed_ref
1775242676404,0,monitor_data.speed_ref
1775242676405,0,monitor_data.speed_ref
1775242676406,0,monitor_data.speed_ref
1775242676407,0,monitor_data.speed_ref
1775242676408,0,monitor_data.speed_ref
1775242676409,0,monitor_data.speed_ref
1775242676410,0,monitor_data.speed_ref
1775242676411,0,monitor_data.speed_ref
1775242676412,0,monitor_data.speed_ref
1775242676413,0,monitor_data.speed_ref
1775242676414,0,monitor_data.speed_ref
1775242676415,0,monitor_data.speed_ref
1775242676416,0,monitor_data.speed_ref
1775242676417,0,monitor_data.speed_ref
1775242676418,0,monitor_data.speed_ref
1775242676419,0,monitor_data.speed_ref
1775242676420,0,monitor_data.speed_ref
1775242676421,0,monitor_data.speed_ref
1775242676422,0,monitor_data.speed_ref
1775242676423,0,monitor_data.speed_ref
1775242676424,0,monitor_data.speed_ref
1775242676425,0,monitor_data.speed_ref
1775242676426,0,monitor_data.speed_ref
1775242676427,0,monitor_data.speed_ref
1775242676428,0,monitor_data.speed_ref
1775242676429,0,monitor_data.speed_ref
1775242676430,0,monitor_data.speed_ref
1775242676431,0,monitor_data.speed_ref
1775242676432,0,monitor_data.speed_ref
1775242676433,0,monitor_data.speed_ref
1775242676434,0,monitor_data.speed_ref
1775242676435,0,monitor_data.speed_ref
1775242676436,0,monitor_data.speed_ref
1775242676437,0,monitor_data.speed_ref
1775242676438,0,monitor_data.speed_ref
1775242676439,0,monitor_data.speed_ref
1775242676440,0,monitor_data.speed_ref
1775242676441,0,monitor_data.speed_ref
1775242676442,0,monitor_data.speed_ref
1775242676443,0,monitor_data.speed_ref
1775242676444,0,monitor_data.speed_ref
1775242676445,0,monitor_data.speed_ref
1775242676446,0,monitor_data.speed_ref
1775242676447,0,monitor_data.speed_ref
1775242676398,4.834723949432373,monitor_data.theta_mech
1775242676399,4.834340572357178,monitor_data.theta_mech
1775242676400,4.833573341369629,monitor_data.theta_mech
1775242676401,4.833957195281982,monitor_data.theta_mech
1775242676402,4.833573341369629,monitor_data.theta_mech
1775242676403,4.833957195281982,monitor_data.theta_mech
1775242676404,4.833189964294434,monitor_data.theta_mech
1775242676405,4.833957195281982,monitor_data.theta_mech
1775242676406,4.833189964294434,monitor_data.theta_mech
1775242676407,4.833957195281982,monitor_data.theta_mech
1775242676408,4.833957195281982,monitor_data.theta_mech
1775242676409,4.833957195281982,monitor_data.theta_mech
1775242676410,4.834340572357178,monitor_data.theta_mech
1775242676411,4.834340572357178,monitor_data.theta_mech
1775242676412,4.833957195281982,monitor_data.theta_mech
1775242676413,4.833573341369629,monitor_data.theta_mech
1775242676414,4.833957195281982,monitor_data.theta_mech
1775242676415,4.834340572357178,monitor_data.theta_mech
1775242676416,4.833573341369629,monitor_data.theta_mech
1775242676417,4.834340572357178,monitor_data.theta_mech
1775242676418,4.833573341369629,monitor_data.theta_mech
1775242676419,4.833957195281982,monitor_data.theta_mech
1775242676420,4.834340572357178,monitor_data.theta_mech
1775242676421,4.833957195281982,monitor_data.theta_mech
1775242676422,4.835490703582764,monitor_data.theta_mech
1775242676423,4.833189964294434,monitor_data.theta_mech
1775242676424,4.834340572357178,monitor_data.theta_mech
1775242676425,4.833957195281982,monitor_data.theta_mech
1775242676426,4.833573341369629,monitor_data.theta_mech
1775242676427,4.833957195281982,monitor_data.theta_mech
1775242676428,4.833189964294434,monitor_data.theta_mech
1775242676429,4.833573341369629,monitor_data.theta_mech
1775242676430,4.833189964294434,monitor_data.theta_mech
1775242676431,4.833573341369629,monitor_data.theta_mech
1775242676432,4.833573341369629,monitor_data.theta_mech
1775242676433,4.833573341369629,monitor_data.theta_mech
1775242676434,4.832423210144043,monitor_data.theta_mech
1775242676435,4.833189964294434,monitor_data.theta_mech
1775242676436,4.834723949432373,monitor_data.theta_mech
1775242676437,4.833573341369629,monitor_data.theta_mech
1775242676438,4.832806587219238,monitor_data.theta_mech
1775242676439,4.833957195281982,monitor_data.theta_mech
1775242676440,4.834340572357178,monitor_data.theta_mech
1775242676441,4.833189964294434,monitor_data.theta_mech
1775242676442,4.833957195281982,monitor_data.theta_mech
1775242676443,4.833957195281982,monitor_data.theta_mech
1775242676444,4.833957195281982,monitor_data.theta_mech
1775242676445,4.834340572357178,monitor_data.theta_mech
1775242676446,4.833957195281982,monitor_data.theta_mech
1775242676447,4.834340572357178,monitor_data.theta_mech
1775242676448,0,monitor_data.speed_ref
1775242676449,0,monitor_data.speed_ref
1775242676450,0,monitor_data.speed_ref
1775242676451,0,monitor_data.speed_ref
1775242676452,0,monitor_data.speed_ref
1775242676453,0,monitor_data.speed_ref
1775242676454,0,monitor_data.speed_ref
1775242676455,0,monitor_data.speed_ref
1775242676456,0,monitor_data.speed_ref
1775242676457,0,monitor_data.speed_ref
1775242676458,0,monitor_data.speed_ref
1775242676459,0,monitor_data.speed_ref
1775242676460,0,monitor_data.speed_ref
1775242676461,0,monitor_data.speed_ref
1775242676462,0,monitor_data.speed_ref
1775242676463,0,monitor_data.speed_ref
1775242676464,0,monitor_data.speed_ref
1775242676465,0,monitor_data.speed_ref
1775242676466,0,monitor_data.speed_ref
1775242676467,0,monitor_data.speed_ref
1775242676468,0,monitor_data.speed_ref
1775242676469,0,monitor_data.speed_ref
1775242676470,0,monitor_data.speed_ref
1775242676471,0,monitor_data.speed_ref
1775242676472,0,monitor_data.speed_ref
1775242676473,0,monitor_data.speed_ref
1775242676474,0,monitor_data.speed_ref
1775242676475,0,monitor_data.speed_ref
1775242676476,0,monitor_data.speed_ref
1775242676477,0,monitor_data.speed_ref
1775242676478,0,monitor_data.speed_ref
1775242676479,0,monitor_data.speed_ref
1775242676480,0,monitor_data.speed_ref
1775242676481,0,monitor_data.speed_ref
1775242676482,0,monitor_data.speed_ref
1775242676483,0,monitor_data.speed_ref
1775242676484,0,monitor_data.speed_ref
1775242676485,0,monitor_data.speed_ref
1775242676486,0,monitor_data.speed_ref
1775242676487,0,monitor_data.speed_ref
1775242676488,0,monitor_data.speed_ref
1775242676489,0,monitor_data.speed_ref
1775242676490,0,monitor_data.speed_ref
1775242676491,0,monitor_data.speed_ref
1775242676492,0,monitor_data.speed_ref
1775242676493,0,monitor_data.speed_ref
1775242676494,0,monitor_data.speed_ref
1775242676495,0,monitor_data.speed_ref
1775242676496,0,monitor_data.speed_ref
1775242676497,0,monitor_data.speed_ref
1775242676448,4.834723949432373,monitor_data.theta_mech
1775242676449,4.833573341369629,monitor_data.theta_mech
1775242676450,4.833957195281982,monitor_data.theta_mech
1775242676451,4.833189964294434,monitor_data.theta_mech
1775242676452,4.833573341369629,monitor_data.theta_mech
1775242676453,4.833189964294434,monitor_data.theta_mech
1775242676454,4.833189964294434,monitor_data.theta_mech
1775242676455,4.833189964294434,monitor_data.theta_mech
1775242676456,4.833189964294434,monitor_data.theta_mech
1775242676457,4.834340572357178,monitor_data.theta_mech
1775242676458,4.833189964294434,monitor_data.theta_mech
1775242676459,4.833957195281982,monitor_data.theta_mech
1775242676460,4.833573341369629,monitor_data.theta_mech
1775242676461,4.833573341369629,monitor_data.theta_mech
1775242676462,4.833957195281982,monitor_data.theta_mech
1775242676463,4.833573341369629,monitor_data.theta_mech
1775242676464,4.834340572357178,monitor_data.theta_mech
1775242676465,4.833957195281982,monitor_data.theta_mech
1775242676466,4.833957195281982,monitor_data.theta_mech
1775242676467,4.833189964294434,monitor_data.theta_mech
1775242676468,4.834723949432373,monitor_data.theta_mech
1775242676469,4.834340572357178,monitor_data.theta_mech
1775242676470,4.833573341369629,monitor_data.theta_mech
1775242676471,4.833573341369629,monitor_data.theta_mech
1775242676472,4.834723949432373,monitor_data.theta_mech
1775242676473,4.834723949432373,monitor_data.theta_mech
1775242676474,4.833957195281982,monitor_data.theta_mech
1775242676475,4.833957195281982,monitor_data.theta_mech
1775242676476,4.833573341369629,monitor_data.theta_mech
1775242676477,4.833957195281982,monitor_data.theta_mech
1775242676478,4.833957195281982,monitor_data.theta_mech
1775242676479,4.834340572357178,monitor_data.theta_mech
1775242676480,4.833573341369629,monitor_data.theta_mech
1775242676481,4.833573341369629,monitor_data.theta_mech
1775242676482,4.833573341369629,monitor_data.theta_mech
1775242676483,4.832806587219238,monitor_data.theta_mech
1775242676484,4.834340572357178,monitor_data.theta_mech
1775242676485,4.833189964294434,monitor_data.theta_mech
1775242676486,4.834340572357178,monitor_data.theta_mech
1775242676487,4.833189964294434,monitor_data.theta_mech
1775242676488,4.834340572357178,monitor_data.theta_mech
1775242676489,4.834340572357178,monitor_data.theta_mech
1775242676490,4.833957195281982,monitor_data.theta_mech
1775242676491,4.833189964294434,monitor_data.theta_mech
1775242676492,4.834340572357178,monitor_data.theta_mech
1775242676493,4.834723949432373,monitor_data.theta_mech
1775242676494,4.834340572357178,monitor_data.theta_mech
1775242676495,4.834340572357178,monitor_data.theta_mech
1775242676496,4.833957195281982,monitor_data.theta_mech
1775242676497,4.833957195281982,monitor_data.theta_mech
1775242676498,0,monitor_data.speed_ref
1775242676499,0,monitor_data.speed_ref
1775242676500,0,monitor_data.speed_ref
1775242676501,0,monitor_data.speed_ref
1775242676502,0,monitor_data.speed_ref
1775242676503,0,monitor_data.speed_ref
1775242676504,0,monitor_data.speed_ref
1775242676505,0,monitor_data.speed_ref
1775242676506,0,monitor_data.speed_ref
1775242676507,0,monitor_data.speed_ref
1775242676508,0,monitor_data.speed_ref
1775242676509,0,monitor_data.speed_ref
1775242676510,0,monitor_data.speed_ref
1775242676511,0,monitor_data.speed_ref
1775242676512,0,monitor_data.speed_ref
1775242676513,0,monitor_data.speed_ref
1775242676514,0,monitor_data.speed_ref
1775242676515,0,monitor_data.speed_ref
1775242676516,0,monitor_data.speed_ref
1775242676517,0,monitor_data.speed_ref
1775242676518,0,monitor_data.speed_ref
1775242676519,0,monitor_data.speed_ref
1775242676520,0,monitor_data.speed_ref
1775242676521,0,monitor_data.speed_ref
1775242676522,0,monitor_data.speed_ref
1775242676523,0,monitor_data.speed_ref
1775242676524,0,monitor_data.speed_ref
1775242676525,0,monitor_data.speed_ref
1775242676526,0,monitor_data.speed_ref
1775242676527,0,monitor_data.speed_ref
1775242676528,0,monitor_data.speed_ref
1775242676529,0,monitor_data.speed_ref
1775242676530,0,monitor_data.speed_ref
1775242676531,0,monitor_data.speed_ref
1775242676532,0,monitor_data.speed_ref
1775242676533,0,monitor_data.speed_ref
1775242676534,0,monitor_data.speed_ref
1775242676535,0,monitor_data.speed_ref
1775242676536,0,monitor_data.speed_ref
1775242676537,0,monitor_data.speed_ref
1775242676538,0,monitor_data.speed_ref
1775242676539,0,monitor_data.speed_ref
1775242676540,0,monitor_data.speed_ref
1775242676541,0,monitor_data.speed_ref
1775242676542,0,monitor_data.speed_ref
1775242676543,0,monitor_data.speed_ref
1775242676544,0,monitor_data.speed_ref
1775242676545,0,monitor_data.speed_ref
1775242676546,0,monitor_data.speed_ref
1775242676547,0,monitor_data.speed_ref
1775242676548,0,monitor_data.speed_ref
1775242676498,4.833957195281982,monitor_data.theta_mech
1775242676499,4.833573341369629,monitor_data.theta_mech
1775242676500,4.834340572357178,monitor_data.theta_mech
1775242676501,4.833573341369629,monitor_data.theta_mech
1775242676502,4.832806587219238,monitor_data.theta_mech
1775242676503,4.833189964294434,monitor_data.theta_mech
1775242676504,4.833957195281982,monitor_data.theta_mech
1775242676505,4.834340572357178,monitor_data.theta_mech
1775242676506,4.833189964294434,monitor_data.theta_mech
1775242676507,4.834340572357178,monitor_data.theta_mech
1775242676508,4.834340572357178,monitor_data.theta_mech
1775242676509,4.834723949432373,monitor_data.theta_mech
1775242676510,4.834723949432373,monitor_data.theta_mech
1775242676511,4.833957195281982,monitor_data.theta_mech
1775242676512,4.833957195281982,monitor_data.theta_mech
1775242676513,4.834340572357178,monitor_data.theta_mech
1775242676514,4.833573341369629,monitor_data.theta_mech
1775242676515,4.834340572357178,monitor_data.theta_mech
1775242676516,4.834340572357178,monitor_data.theta_mech
1775242676517,4.833189964294434,monitor_data.theta_mech
1775242676518,4.833573341369629,monitor_data.theta_mech
1775242676519,4.834340572357178,monitor_data.theta_mech
1775242676520,4.833957195281982,monitor_data.theta_mech
1775242676521,4.833957195281982,monitor_data.theta_mech
1775242676522,4.833573341369629,monitor_data.theta_mech
1775242676523,4.834340572357178,monitor_data.theta_mech
1775242676524,4.833957195281982,monitor_data.theta_mech
1775242676525,4.833573341369629,monitor_data.theta_mech
1775242676526,4.833957195281982,monitor_data.theta_mech
1775242676527,4.833189964294434,monitor_data.theta_mech
1775242676528,4.833957195281982,monitor_data.theta_mech
1775242676529,4.833957195281982,monitor_data.theta_mech
1775242676530,4.834340572357178,monitor_data.theta_mech
1775242676531,4.834340572357178,monitor_data.theta_mech
1775242676532,4.834340572357178,monitor_data.theta_mech
1775242676533,4.834723949432373,monitor_data.theta_mech
1775242676534,4.834340572357178,monitor_data.theta_mech
1775242676535,4.834340572357178,monitor_data.theta_mech
1775242676536,4.833573341369629,monitor_data.theta_mech
1775242676537,4.833573341369629,monitor_data.theta_mech
1775242676538,4.833573341369629,monitor_data.theta_mech
1775242676539,4.833573341369629,monitor_data.theta_mech
1775242676540,4.834340572357178,monitor_data.theta_mech
1775242676541,4.834340572357178,monitor_data.theta_mech
1775242676542,4.833189964294434,monitor_data.theta_mech
1775242676543,4.833573341369629,monitor_data.theta_mech
1775242676544,4.833189964294434,monitor_data.theta_mech
1775242676545,4.833573341369629,monitor_data.theta_mech
1775242676546,4.833573341369629,monitor_data.theta_mech
1775242676547,4.833189964294434,monitor_data.theta_mech
1775242676548,4.834723949432373,monitor_data.theta_mech
1775242676549,0,monitor_data.speed_ref
1775242676550,0,monitor_data.speed_ref
1775242676551,0,monitor_data.speed_ref
1775242676552,0,monitor_data.speed_ref
1775242676553,0,monitor_data.speed_ref
1775242676554,0,monitor_data.speed_ref
1775242676555,0,monitor_data.speed_ref
1775242676556,0,monitor_data.speed_ref
1775242676557,0,monitor_data.speed_ref
1775242676558,0,monitor_data.speed_ref
1775242676559,0,monitor_data.speed_ref
1775242676560,0,monitor_data.speed_ref
1775242676561,0,monitor_data.speed_ref
1775242676562,0,monitor_data.speed_ref
1775242676563,0,monitor_data.speed_ref
1775242676564,0,monitor_data.speed_ref
1775242676565,0,monitor_data.speed_ref
1775242676566,0,monitor_data.speed_ref
1775242676567,0,monitor_data.speed_ref
1775242676568,0,monitor_data.speed_ref
1775242676569,0,monitor_data.speed_ref
1775242676570,0,monitor_data.speed_ref
1775242676571,0,monitor_data.speed_ref
1775242676572,0,monitor_data.speed_ref
1775242676573,0,monitor_data.speed_ref
1775242676574,0,monitor_data.speed_ref
1775242676575,0,monitor_data.speed_ref
1775242676576,0,monitor_data.speed_ref
1775242676577,0,monitor_data.speed_ref
1775242676578,0,monitor_data.speed_ref
1775242676579,0,monitor_data.speed_ref
1775242676580,0,monitor_data.speed_ref
1775242676581,0,monitor_data.speed_ref
1775242676582,0,monitor_data.speed_ref
1775242676583,0,monitor_data.speed_ref
1775242676584,0,monitor_data.speed_ref
1775242676585,0,monitor_data.speed_ref
1775242676586,0,monitor_data.speed_ref
1775242676587,0,monitor_data.speed_ref
1775242676588,0,monitor_data.speed_ref
1775242676589,0,monitor_data.speed_ref
1775242676590,0,monitor_data.speed_ref
1775242676591,0,monitor_data.speed_ref
1775242676592,0,monitor_data.speed_ref
1775242676593,0,monitor_data.speed_ref
1775242676594,0,monitor_data.speed_ref
1775242676595,0,monitor_data.speed_ref
1775242676596,0,monitor_data.speed_ref
1775242676597,0,monitor_data.speed_ref
1775242676549,4.833573341369629,monitor_data.theta_mech
1775242676550,4.833573341369629,monitor_data.theta_mech
1775242676551,4.833957195281982,monitor_data.theta_mech
1775242676552,4.833573341369629,monitor_data.theta_mech
1775242676553,4.833573341369629,monitor_data.theta_mech
1775242676554,4.834340572357178,monitor_data.theta_mech
1775242676555,4.833957195281982,monitor_data.theta_mech
1775242676556,4.833957195281982,monitor_data.theta_mech
1775242676557,4.834340572357178,monitor_data.theta_mech
1775242676558,4.834340572357178,monitor_data.theta_mech
1775242676559,4.834340572357178,monitor_data.theta_mech
1775242676560,4.833573341369629,monitor_data.theta_mech
1775242676561,4.833189964294434,monitor_data.theta_mech
1775242676562,4.833573341369629,monitor_data.theta_mech
1775242676563,4.833957195281982,monitor_data.theta_mech
1775242676564,4.833573341369629,monitor_data.theta_mech
1775242676565,4.833957195281982,monitor_data.theta_mech
1775242676566,4.833189964294434,monitor_data.theta_mech
1775242676567,4.833957195281982,monitor_data.theta_mech
1775242676568,4.833573341369629,monitor_data.theta_mech
1775242676569,4.834340572357178,monitor_data.theta_mech
1775242676570,4.834340572357178,monitor_data.theta_mech
1775242676571,4.834723949432373,monitor_data.theta_mech
1775242676572,4.834340572357178,monitor_data.theta_mech
1775242676573,4.833573341369629,monitor_data.theta_mech
1775242676574,4.833957195281982,monitor_data.theta_mech
1775242676575,4.833957195281982,monitor_data.theta_mech
1775242676576,4.834340572357178,monitor_data.theta_mech
1775242676577,4.833957195281982,monitor_data.theta_mech
1775242676578,4.833957195281982,monitor_data.theta_mech
1775242676579,4.833957195281982,monitor_data.theta_mech
1775242676580,4.833189964294434,monitor_data.theta_mech
1775242676581,4.833189964294434,monitor_data.theta_mech
1775242676582,4.833957195281982,monitor_data.theta_mech
1775242676583,4.834340572357178,monitor_data.theta_mech
1775242676584,4.834340572357178,monitor_data.theta_mech
1775242676585,4.833189964294434,monitor_data.theta_mech
1775242676586,4.833573341369629,monitor_data.theta_mech
1775242676587,4.833573341369629,monitor_data.theta_mech
1775242676588,4.833573341369629,monitor_data.theta_mech
1775242676589,4.833189964294434,monitor_data.theta_mech
1775242676590,4.833573341369629,monitor_data.theta_mech
1775242676591,4.834340572357178,monitor_data.theta_mech
1775242676592,4.834340572357178,monitor_data.theta_mech
1775242676593,4.834340572357178,monitor_data.theta_mech
1775242676594,4.835107326507568,monitor_data.theta_mech
1775242676595,4.834340572357178,monitor_data.theta_mech
1775242676596,4.833957195281982,monitor_data.theta_mech
1775242676597,4.833573341369629,monitor_data.theta_mech
1775242676598,0,monitor_data.speed_ref
1775242676599,0,monitor_data.speed_ref
1775242676600,0,monitor_data.speed_ref
1775242676601,0,monitor_data.speed_ref
1775242676602,0,monitor_data.speed_ref
1775242676603,0,monitor_data.speed_ref
1775242676604,0,monitor_data.speed_ref
1775242676605,0,monitor_data.speed_ref
1775242676606,0,monitor_data.speed_ref
1775242676607,0,monitor_data.speed_ref
1775242676608,0,monitor_data.speed_ref
1775242676609,0,monitor_data.speed_ref
1775242676610,0,monitor_data.speed_ref
1775242676611,0,monitor_data.speed_ref
1775242676612,0,monitor_data.speed_ref
1775242676613,0,monitor_data.speed_ref
1775242676614,0,monitor_data.speed_ref
1775242676615,0,monitor_data.speed_ref
1775242676616,0,monitor_data.speed_ref
1775242676617,0,monitor_data.speed_ref
1775242676618,0,monitor_data.speed_ref
1775242676619,0,monitor_data.speed_ref
1775242676620,0,monitor_data.speed_ref
1775242676621,0,monitor_data.speed_ref
1775242676622,0,monitor_data.speed_ref
1775242676623,0,monitor_data.speed_ref
1775242676624,0,monitor_data.speed_ref
1775242676625,0,monitor_data.speed_ref
1775242676626,0,monitor_data.speed_ref
1775242676627,0,monitor_data.speed_ref
1775242676628,0,monitor_data.speed_ref
1775242676629,0,monitor_data.speed_ref
1775242676630,0,monitor_data.speed_ref
1775242676631,0,monitor_data.speed_ref
1775242676632,0,monitor_data.speed_ref
1775242676633,0,monitor_data.speed_ref
1775242676634,0,monitor_data.speed_ref
1775242676635,0,monitor_data.speed_ref
1775242676636,0,monitor_data.speed_ref
1775242676637,0,monitor_data.speed_ref
1775242676638,0,monitor_data.speed_ref
1775242676639,0,monitor_data.speed_ref
1775242676640,0,monitor_data.speed_ref
1775242676641,0,monitor_data.speed_ref
1775242676642,0,monitor_data.speed_ref
1775242676643,0,monitor_data.speed_ref
1775242676644,0,monitor_data.speed_ref
1775242676645,0,monitor_data.speed_ref
1775242676646,0,monitor_data.speed_ref
1775242676647,0,monitor_data.speed_ref
1775242676648,0,monitor_data.speed_ref
1775242676598,4.833957195281982,monitor_data.theta_mech
1775242676599,4.833189964294434,monitor_data.theta_mech
1775242676600,4.833957195281982,monitor_data.theta_mech
1775242676601,4.833957195281982,monitor_data.theta_mech
1775242676602,4.833573341369629,monitor_data.theta_mech
1775242676603,4.833957195281982,monitor_data.theta_mech
1775242676604,4.833957195281982,monitor_data.theta_mech
1775242676605,4.833189964294434,monitor_data.theta_mech
1775242676606,4.833957195281982,monitor_data.theta_mech
1775242676607,4.833189964294434,monitor_data.theta_mech
1775242676608,4.834340572357178,monitor_data.theta_mech
1775242676609,4.834340572357178,monitor_data.theta_mech
1775242676610,4.834340572357178,monitor_data.theta_mech
1775242676611,4.834340572357178,monitor_data.theta_mech
1775242676612,4.833573341369629,monitor_data.theta_mech
1775242676613,4.833957195281982,monitor_data.theta_mech
1775242676614,4.834340572357178,monitor_data.theta_mech
1775242676615,4.833957195281982,monitor_data.theta_mech
1775242676616,4.833573341369629,monitor_data.theta_mech
1775242676617,4.833957195281982,monitor_data.theta_mech
1775242676618,4.834340572357178,monitor_data.theta_mech
1775242676619,4.833573341369629,monitor_data.theta_mech
1775242676620,4.833573341369629,monitor_data.theta_mech
1775242676621,4.833957195281982,monitor_data.theta_mech
1775242676622,4.834340572357178,monitor_data.theta_mech
1775242676623,4.833573341369629,monitor_data.theta_mech
1775242676624,4.834340572357178,monitor_data.theta_mech
1775242676625,4.833573341369629,monitor_data.theta_mech
1775242676626,4.833957195281982,monitor_data.theta_mech
1775242676627,4.834340572357178,monitor_data.theta_mech
1775242676628,4.834723949432373,monitor_data.theta_mech
1775242676629,4.833957195281982,monitor_data.theta_mech
1775242676630,4.833957195281982,monitor_data.theta_mech
1775242676631,4.833189964294434,monitor_data.theta_mech
1775242676632,4.833573341369629,monitor_data.theta_mech
1775242676633,4.833957195281982,monitor_data.theta_mech
1775242676634,4.832423210144043,monitor_data.theta_mech
1775242676635,4.833957195281982,monitor_data.theta_mech
1775242676636,4.832806587219238,monitor_data.theta_mech
1775242676637,4.833573341369629,monitor_data.theta_mech
1775242676638,4.833957195281982,monitor_data.theta_mech
1775242676639,4.833573341369629,monitor_data.theta_mech
1775242676640,4.833573341369629,monitor_data.theta_mech
1775242676641,4.833957195281982,monitor_data.theta_mech
1775242676642,4.833189964294434,monitor_data.theta_mech
1775242676643,4.833957195281982,monitor_data.theta_mech
1775242676644,4.833573341369629,monitor_data.theta_mech
1775242676645,4.833573341369629,monitor_data.theta_mech
1775242676646,4.833189964294434,monitor_data.theta_mech
1775242676647,4.833573341369629,monitor_data.theta_mech
1775242676648,4.833957195281982,monitor_data.theta_mech
1775242676649,0,monitor_data.speed_ref
1775242676650,0,monitor_data.speed_ref
1775242676651,0,monitor_data.speed_ref
1775242676652,0,monitor_data.speed_ref
1775242676653,0,monitor_data.speed_ref
1775242676654,0,monitor_data.speed_ref
1775242676655,0,monitor_data.speed_ref
1775242676656,0,monitor_data.speed_ref
1775242676657,0,monitor_data.speed_ref
1775242676658,0,monitor_data.speed_ref
1775242676659,0,monitor_data.speed_ref
1775242676660,0,monitor_data.speed_ref
1775242676661,0,monitor_data.speed_ref
1775242676662,0,monitor_data.speed_ref
1775242676663,0,monitor_data.speed_ref
1775242676664,0,monitor_data.speed_ref
1775242676665,0,monitor_data.speed_ref
1775242676666,0,monitor_data.speed_ref
1775242676667,0,monitor_data.speed_ref
1775242676668,0,monitor_data.speed_ref
1775242676669,0,monitor_data.speed_ref
1775242676670,0,monitor_data.speed_ref
1775242676671,0,monitor_data.speed_ref
1775242676672,0,monitor_data.speed_ref
1775242676673,0,monitor_data.speed_ref
1775242676674,0,monitor_data.speed_ref
1775242676675,0,monitor_data.speed_ref
1775242676676,0,monitor_data.speed_ref
1775242676677,0,monitor_data.speed_ref
1775242676678,0,monitor_data.speed_ref
1775242676679,0,monitor_data.speed_ref
1775242676680,0,monitor_data.speed_ref
1775242676681,0,monitor_data.speed_ref
1775242676682,0,monitor_data.speed_ref
1775242676683,0,monitor_data.speed_ref
1775242676684,0,monitor_data.speed_ref
1775242676685,0,monitor_data.speed_ref
1775242676686,0,monitor_data.speed_ref
1775242676687,0,monitor_data.speed_ref
1775242676688,0,monitor_data.speed_ref
1775242676689,0,monitor_data.speed_ref
1775242676690,0,monitor_data.speed_ref
1775242676691,0,monitor_data.speed_ref
1775242676692,0,monitor_data.speed_ref
1775242676693,0,monitor_data.speed_ref
1775242676694,0,monitor_data.speed_ref
1775242676695,0,monitor_data.speed_ref
1775242676696,0,monitor_data.speed_ref
1775242676697,0,monitor_data.speed_ref
1775242676698,0,monitor_data.speed_ref
1775242676649,4.834340572357178,monitor_data.theta_mech
1775242676650,4.834340572357178,monitor_data.theta_mech
1775242676651,4.833189964294434,monitor_data.theta_mech
1775242676652,4.833573341369629,monitor_data.theta_mech
1775242676653,4.833957195281982,monitor_data.theta_mech
1775242676654,4.833573341369629,monitor_data.theta_mech
1775242676655,4.833189964294434,monitor_data.theta_mech
1775242676656,4.833573341369629,monitor_data.theta_mech
1775242676657,4.834723949432373,monitor_data.theta_mech
1775242676658,4.833573341369629,monitor_data.theta_mech
1775242676659,4.832806587219238,monitor_data.theta_mech
1775242676660,4.833957195281982,monitor_data.theta_mech
1775242676661,4.833573341369629,monitor_data.theta_mech
1775242676662,4.833957195281982,monitor_data.theta_mech
1775242676663,4.833957195281982,monitor_data.theta_mech
1775242676664,4.833957195281982,monitor_data.theta_mech
1775242676665,4.833957195281982,monitor_data.theta_mech
1775242676666,4.833573341369629,monitor_data.theta_mech
1775242676667,4.834340572357178,monitor_data.theta_mech
1775242676668,4.834340572357178,monitor_data.theta_mech
1775242676669,4.834723949432373,monitor_data.theta_mech
1775242676670,4.833957195281982,monitor_data.theta_mech
1775242676671,4.834340572357178,monitor_data.theta_mech
1775242676672,4.834340572357178,monitor_data.theta_mech
1775242676673,4.833957195281982,monitor_data.theta_mech
1775242676674,4.833957195281982,monitor_data.theta_mech
1775242676675,4.833957195281982,monitor_data.theta_mech
1775242676676,4.833573341369629,monitor_data.theta_mech
1775242676677,4.833189964294434,monitor_data.theta_mech
1775242676678,4.833957195281982,monitor_data.theta_mech
1775242676679,4.832806587219238,monitor_data.theta_mech
1775242676680,4.833957195281982,monitor_data.theta_mech
1775242676681,4.832806587219238,monitor_data.theta_mech
1775242676682,4.833573341369629,monitor_data.theta_mech
1775242676683,4.833957195281982,monitor_data.theta_mech
1775242676684,4.832806587219238,monitor_data.theta_mech
1775242676685,4.833957195281982,monitor_data.theta_mech
1775242676686,4.833573341369629,monitor_data.theta_mech
1775242676687,4.833957195281982,monitor_data.theta_mech
1775242676688,4.834340572357178,monitor_data.theta_mech
1775242676689,4.834723949432373,monitor_data.theta_mech
1775242676690,4.834723949432373,monitor_data.theta_mech
1775242676691,4.833957195281982,monitor_data.theta_mech
1775242676692,4.834723949432373,monitor_data.theta_mech
1775242676693,4.833957195281982,monitor_data.theta_mech
1775242676694,4.835107326507568,monitor_data.theta_mech
1775242676695,4.834340572357178,monitor_data.theta_mech
1775242676696,4.834723949432373,monitor_data.theta_mech
1775242676697,4.833573341369629,monitor_data.theta_mech
1775242676698,4.834340572357178,monitor_data.theta_mech
1775242676699,0,monitor_data.speed_ref
1775242676700,0,monitor_data.speed_ref
1775242676701,0,monitor_data.speed_ref
1775242676702,0,monitor_data.speed_ref
1775242676703,0,monitor_data.speed_ref
1775242676704,0,monitor_data.speed_ref
1775242676705,0,monitor_data.speed_ref
1775242676706,0,monitor_data.speed_ref
1775242676707,0,monitor_data.speed_ref
1775242676708,0,monitor_data.speed_ref
1775242676709,0,monitor_data.speed_ref
1775242676710,0,monitor_data.speed_ref
1775242676711,0,monitor_data.speed_ref
1775242676712,0,monitor_data.speed_ref
1775242676713,0,monitor_data.speed_ref
1775242676714,0,monitor_data.speed_ref
1775242676715,0,monitor_data.speed_ref
1775242676716,0,monitor_data.speed_ref
1775242676717,0,monitor_data.speed_ref
1775242676718,0,monitor_data.speed_ref
1775242676719,0,monitor_data.speed_ref
1775242676720,0,monitor_data.speed_ref
1775242676721,0,monitor_data.speed_ref
1775242676722,0,monitor_data.speed_ref
1775242676723,0,monitor_data.speed_ref
1775242676724,0,monitor_data.speed_ref
1775242676725,0,monitor_data.speed_ref
1775242676726,0,monitor_data.speed_ref
1775242676727,0,monitor_data.speed_ref
1775242676728,0,monitor_data.speed_ref
1775242676729,0,monitor_data.speed_ref
1775242676730,0,monitor_data.speed_ref
1775242676731,0,monitor_data.speed_ref
1775242676732,0,monitor_data.speed_ref
1775242676733,0,monitor_data.speed_ref
1775242676734,0,monitor_data.speed_ref
1775242676735,0,monitor_data.speed_ref
1775242676736,0,monitor_data.speed_ref
1775242676737,0,monitor_data.speed_ref
1775242676738,0,monitor_data.speed_ref
1775242676739,0,monitor_data.speed_ref
1775242676740,0,monitor_data.speed_ref
1775242676741,0,monitor_data.speed_ref
1775242676742,0,monitor_data.speed_ref
1775242676743,0,monitor_data.speed_ref
1775242676744,0,monitor_data.speed_ref
1775242676745,0,monitor_data.speed_ref
1775242676746,0,monitor_data.speed_ref
1775242676747,0,monitor_data.speed_ref
1775242676748,0,monitor_data.speed_ref
1775242676699,4.832806587219238,monitor_data.theta_mech
1775242676700,4.834340572357178,monitor_data.theta_mech
1775242676701,4.833573341369629,monitor_data.theta_mech
1775242676702,4.833573341369629,monitor_data.theta_mech
1775242676703,4.834340572357178,monitor_data.theta_mech
1775242676704,4.833189964294434,monitor_data.theta_mech
1775242676705,4.833573341369629,monitor_data.theta_mech
1775242676706,4.833957195281982,monitor_data.theta_mech
1775242676707,4.833957195281982,monitor_data.theta_mech
1775242676708,4.833189964294434,monitor_data.theta_mech
1775242676709,4.833573341369629,monitor_data.theta_mech
1775242676710,4.833573341369629,monitor_data.theta_mech
1775242676711,4.833573341369629,monitor_data.theta_mech
1775242676712,4.833957195281982,monitor_data.theta_mech
1775242676713,4.833957195281982,monitor_data.theta_mech
1775242676714,4.834723949432373,monitor_data.theta_mech
1775242676715,4.833573341369629,monitor_data.theta_mech
1775242676716,4.832806587219238,monitor_data.theta_mech
1775242676717,4.834340572357178,monitor_data.theta_mech
1775242676718,4.833189964294434,monitor_data.theta_mech
1775242676719,4.832806587219238,monitor_data.theta_mech
1775242676720,4.833573341369629,monitor_data.theta_mech
1775242676721,4.832806587219238,monitor_data.theta_mech
1775242676722,4.834340572357178,monitor_data.theta_mech
1775242676723,4.833189964294434,monitor_data.theta_mech
1775242676724,4.833957195281982,monitor_data.theta_mech
1775242676725,4.833573341369629,monitor_data.theta_mech
1775242676726,4.834340572357178,monitor_data.theta_mech
1775242676727,4.833573341369629,monitor_data.theta_mech
1775242676728,4.833957195281982,monitor_data.theta_mech
1775242676729,4.834340572357178,monitor_data.theta_mech
1775242676730,4.833573341369629,monitor_data.theta_mech
1775242676731,4.833957195281982,monitor_data.theta_mech
1775242676732,4.833957195281982,monitor_data.theta_mech
1775242676733,4.833957195281982,monitor_data.theta_mech
1775242676734,4.833573341369629,monitor_data.theta_mech
1775242676735,4.833957195281982,monitor_data.theta_mech
1775242676736,4.833573341369629,monitor_data.theta_mech
1775242676737,4.833957195281982,monitor_data.theta_mech
1775242676738,4.834723949432373,monitor_data.theta_mech
1775242676739,4.833573341369629,monitor_data.theta_mech
1775242676740,4.833189964294434,monitor_data.theta_mech
1775242676741,4.833573341369629,monitor_data.theta_mech
1775242676742,4.832806587219238,monitor_data.theta_mech
1775242676743,4.834340572357178,monitor_data.theta_mech
1775242676744,4.835107326507568,monitor_data.theta_mech
1775242676745,4.833573341369629,monitor_data.theta_mech
1775242676746,4.833957195281982,monitor_data.theta_mech
1775242676747,4.832806587219238,monitor_data.theta_mech
1775242676748,4.834340572357178,monitor_data.theta_mech
1775242676749,0,monitor_data.speed_ref
1775242676750,0,monitor_data.speed_ref
1775242676751,0,monitor_data.speed_ref
1775242676752,0,monitor_data.speed_ref
1775242676753,0,monitor_data.speed_ref
1775242676754,0,monitor_data.speed_ref
1775242676755,0,monitor_data.speed_ref
1775242676756,0,monitor_data.speed_ref
1775242676757,0,monitor_data.speed_ref
1775242676758,0,monitor_data.speed_ref
1775242676759,0,monitor_data.speed_ref
1775242676760,0,monitor_data.speed_ref
1775242676761,0,monitor_data.speed_ref
1775242676762,0,monitor_data.speed_ref
1775242676763,0,monitor_data.speed_ref
1775242676764,0,monitor_data.speed_ref
1775242676765,0,monitor_data.speed_ref
1775242676766,0,monitor_data.speed_ref
1775242676767,0,monitor_data.speed_ref
1775242676768,0,monitor_data.speed_ref
1775242676769,0,monitor_data.speed_ref
1775242676770,0,monitor_data.speed_ref
1775242676771,0,monitor_data.speed_ref
1775242676772,0,monitor_data.speed_ref
1775242676773,0,monitor_data.speed_ref
1775242676774,0,monitor_data.speed_ref
1775242676775,0,monitor_data.speed_ref
1775242676776,0,monitor_data.speed_ref
1775242676777,0,monitor_data.speed_ref
1775242676778,0,monitor_data.speed_ref
1775242676779,0,monitor_data.speed_ref
1775242676780,0,monitor_data.speed_ref
1775242676781,0,monitor_data.speed_ref
1775242676782,0,monitor_data.speed_ref
1775242676783,0,monitor_data.speed_ref
1775242676784,0,monitor_data.speed_ref
1775242676785,0,monitor_data.speed_ref
1775242676786,0,monitor_data.speed_ref
1775242676787,0,monitor_data.speed_ref
1775242676788,0,monitor_data.speed_ref
1775242676789,0,monitor_data.speed_ref
1775242676790,0,monitor_data.speed_ref
1775242676791,0,monitor_data.speed_ref
1775242676792,0,monitor_data.speed_ref
1775242676793,0,monitor_data.speed_ref
1775242676794,0,monitor_data.speed_ref
1775242676795,0,monitor_data.speed_ref
1775242676796,0,monitor_data.speed_ref
1775242676797,0,monitor_data.speed_ref
1775242676798,0,monitor_data.speed_ref
1775242676749,4.833573341369629,monitor_data.theta_mech
1775242676750,4.835107326507568,monitor_data.theta_mech
1775242676751,4.833957195281982,monitor_data.theta_mech
1775242676752,4.833957195281982,monitor_data.theta_mech
1775242676753,4.834723949432373,monitor_data.theta_mech
1775242676754,4.834340572357178,monitor_data.theta_mech
1775242676755,4.834340572357178,monitor_data.theta_mech
1775242676756,4.834340572357178,monitor_data.theta_mech
1775242676757,4.833573341369629,monitor_data.theta_mech
1775242676758,4.834340572357178,monitor_data.theta_mech
1775242676759,4.833189964294434,monitor_data.theta_mech
1775242676760,4.832423210144043,monitor_data.theta_mech
1775242676761,4.833573341369629,monitor_data.theta_mech
1775242676762,4.833573341369629,monitor_data.theta_mech
1775242676763,4.833189964294434,monitor_data.theta_mech
1775242676764,4.833957195281982,monitor_data.theta_mech
1775242676765,4.833573341369629,monitor_data.theta_mech
1775242676766,4.834340572357178,monitor_data.theta_mech
1775242676767,4.833957195281982,monitor_data.theta_mech
1775242676768,4.834340572357178,monitor_data.theta_mech
1775242676769,4.833957195281982,monitor_data.theta_mech
1775242676770,4.833957195281982,monitor_data.theta_mech
1775242676771,4.833957195281982,monitor_data.theta_mech
1775242676772,4.834340572357178,monitor_data.theta_mech
1775242676773,4.833573341369629,monitor_data.theta_mech
1775242676774,4.833189964294434,monitor_data.theta_mech
1775242676775,4.834340572357178,monitor_data.theta_mech
1775242676776,4.834723949432373,monitor_data.theta_mech
1775242676777,4.833957195281982,monitor_data.theta_mech
1775242676778,4.833573341369629,monitor_data.theta_mech
1775242676779,4.835107326507568,monitor_data.theta_mech
1775242676780,4.833957195281982,monitor_data.theta_mech
1775242676781,4.833957195281982,monitor_data.theta_mech
1775242676782,4.834723949432373,monitor_data.theta_mech
1775242676783,4.832806587219238,monitor_data.theta_mech
1775242676784,4.833189964294434,monitor_data.theta_mech
1775242676785,4.834340572357178,monitor_data.theta_mech
1775242676786,4.833573341369629,monitor_data.theta_mech
1775242676787,4.833573341369629,monitor_data.theta_mech
1775242676788,4.833957195281982,monitor_data.theta_mech
1775242676789,4.834340572357178,monitor_data.theta_mech
1775242676790,4.833957195281982,monitor_data.theta_mech
1775242676791,4.833573341369629,monitor_data.theta_mech
1775242676792,4.833573341369629,monitor_data.theta_mech
1775242676793,4.833957195281982,monitor_data.theta_mech
1775242676794,4.833957195281982,monitor_data.theta_mech
1775242676795,4.834340572357178,monitor_data.theta_mech
1775242676796,4.834340572357178,monitor_data.theta_mech
1775242676797,4.834340572357178,monitor_data.theta_mech
1775242676798,4.834723949432373,monitor_data.theta_mech
1775242676799,0,monitor_data.speed_ref
1775242676800,0,monitor_data.speed_ref
1775242676801,0,monitor_data.speed_ref
1775242676802,0,monitor_data.speed_ref
1775242676803,0,monitor_data.speed_ref
1775242676804,0,monitor_data.speed_ref
1775242676805,0,monitor_data.speed_ref
1775242676806,0,monitor_data.speed_ref
1775242676807,0,monitor_data.speed_ref
1775242676808,0,monitor_data.speed_ref
1775242676809,0,monitor_data.speed_ref
1775242676810,0,monitor_data.speed_ref
1775242676811,0,monitor_data.speed_ref
1775242676812,0,monitor_data.speed_ref
1775242676813,0,monitor_data.speed_ref
1775242676814,0,monitor_data.speed_ref
1775242676815,0,monitor_data.speed_ref
1775242676816,0,monitor_data.speed_ref
1775242676817,0,monitor_data.speed_ref
1775242676818,0,monitor_data.speed_ref
1775242676819,0,monitor_data.speed_ref
1775242676820,0,monitor_data.speed_ref
1775242676821,0,monitor_data.speed_ref
1775242676822,0,monitor_data.speed_ref
1775242676823,0,monitor_data.speed_ref
1775242676824,0,monitor_data.speed_ref
1775242676825,0,monitor_data.speed_ref
1775242676826,0,monitor_data.speed_ref
1775242676827,0,monitor_data.speed_ref
1775242676828,0,monitor_data.speed_ref
1775242676829,0,monitor_data.speed_ref
1775242676830,0,monitor_data.speed_ref
1775242676831,0,monitor_data.speed_ref
1775242676832,0,monitor_data.speed_ref
1775242676833,0,monitor_data.speed_ref
1775242676834,0,monitor_data.speed_ref
1775242676835,0,monitor_data.speed_ref
1775242676836,0,monitor_data.speed_ref
1775242676837,0,monitor_data.speed_ref
1775242676838,0,monitor_data.speed_ref
1775242676839,0,monitor_data.speed_ref
1775242676840,0,monitor_data.speed_ref
1775242676841,0,monitor_data.speed_ref
1775242676842,0,monitor_data.speed_ref
1775242676843,0,monitor_data.speed_ref
1775242676844,0,monitor_data.speed_ref
1775242676845,0,monitor_data.speed_ref
1775242676846,0,monitor_data.speed_ref
1775242676847,0,monitor_data.speed_ref
1775242676848,0,monitor_data.speed_ref
1775242676849,0,monitor_data.speed_ref
1775242676799,4.832806587219238,monitor_data.theta_mech
1775242676800,4.835107326507568,monitor_data.theta_mech
1775242676801,4.834340572357178,monitor_data.theta_mech
1775242676802,4.833957195281982,monitor_data.theta_mech
1775242676803,4.834340572357178,monitor_data.theta_mech
1775242676804,4.834340572357178,monitor_data.theta_mech
1775242676805,4.833573341369629,monitor_data.theta_mech
1775242676806,4.833573341369629,monitor_data.theta_mech
1775242676807,4.833957195281982,monitor_data.theta_mech
1775242676808,4.833189964294434,monitor_data.theta_mech
1775242676809,4.834340572357178,monitor_data.theta_mech
1775242676810,4.834723949432373,monitor_data.theta_mech
1775242676811,4.833957195281982,monitor_data.theta_mech
1775242676812,4.833573341369629,monitor_data.theta_mech
1775242676813,4.833957195281982,monitor_data.theta_mech
1775242676814,4.833957195281982,monitor_data.theta_mech
1775242676815,4.833957195281982,monitor_data.theta_mech
1775242676816,4.834723949432373,monitor_data.theta_mech
1775242676817,4.833957195281982,monitor_data.theta_mech
1775242676818,4.833957195281982,monitor_data.theta_mech
1775242676819,4.833957195281982,monitor_data.theta_mech
1775242676820,4.834340572357178,monitor_data.theta_mech
1775242676821,4.834723949432373,monitor_data.theta_mech
1775242676822,4.833189964294434,monitor_data.theta_mech
1775242676823,4.833189964294434,monitor_data.theta_mech
1775242676824,4.833573341369629,monitor_data.theta_mech
1775242676825,4.833189964294434,monitor_data.theta_mech
1775242676826,4.834340572357178,monitor_data.theta_mech
1775242676827,4.834340572357178,monitor_data.theta_mech
1775242676828,4.834340572357178,monitor_data.theta_mech
1775242676829,4.833573341369629,monitor_data.theta_mech
1775242676830,4.833957195281982,monitor_data.theta_mech
1775242676831,4.833957195281982,monitor_data.theta_mech
1775242676832,4.834340572357178,monitor_data.theta_mech
1775242676833,4.833573341369629,monitor_data.theta_mech
1775242676834,4.833189964294434,monitor_data.theta_mech
1775242676835,4.834340572357178,monitor_data.theta_mech
1775242676836,4.833957195281982,monitor_data.theta_mech
1775242676837,4.834340572357178,monitor_data.theta_mech
1775242676838,4.833957195281982,monitor_data.theta_mech
1775242676839,4.834340572357178,monitor_data.theta_mech
1775242676840,4.834723949432373,monitor_data.theta_mech
1775242676841,4.833957195281982,monitor_data.theta_mech
1775242676842,4.833573341369629,monitor_data.theta_mech
1775242676843,4.834340572357178,monitor_data.theta_mech
1775242676844,4.834340572357178,monitor_data.theta_mech
1775242676845,4.833957195281982,monitor_data.theta_mech
1775242676846,4.834340572357178,monitor_data.theta_mech
1775242676847,4.833573341369629,monitor_data.theta_mech
1775242676848,4.833957195281982,monitor_data.theta_mech
1775242676849,4.833957195281982,monitor_data.theta_mech
1775242676850,0,monitor_data.speed_ref
1775242676851,0,monitor_data.speed_ref
1775242676852,0,monitor_data.speed_ref
1775242676853,0,monitor_data.speed_ref
1775242676854,0,monitor_data.speed_ref
1775242676855,0,monitor_data.speed_ref
1775242676856,0,monitor_data.speed_ref
1775242676857,0,monitor_data.speed_ref
1775242676858,0,monitor_data.speed_ref
1775242676859,0,monitor_data.speed_ref
1775242676860,0,monitor_data.speed_ref
1775242676861,0,monitor_data.speed_ref
1775242676862,0,monitor_data.speed_ref
1775242676863,0,monitor_data.speed_ref
1775242676864,0,monitor_data.speed_ref
1775242676865,0,monitor_data.speed_ref
1775242676866,0,monitor_data.speed_ref
1775242676867,0,monitor_data.speed_ref
1775242676868,0,monitor_data.speed_ref
1775242676869,0,monitor_data.speed_ref
1775242676870,0,monitor_data.speed_ref
1775242676871,0,monitor_data.speed_ref
1775242676872,0,monitor_data.speed_ref
1775242676873,0,monitor_data.speed_ref
1775242676874,0,monitor_data.speed_ref
1775242676875,0,monitor_data.speed_ref
1775242676876,0,monitor_data.speed_ref
1775242676877,0,monitor_data.speed_ref
1775242676878,0,monitor_data.speed_ref
1775242676879,0,monitor_data.speed_ref
1775242676880,0,monitor_data.speed_ref
1775242676881,0,monitor_data.speed_ref
1775242676882,0,monitor_data.speed_ref
1775242676883,0,monitor_data.speed_ref
1775242676884,0,monitor_data.speed_ref
1775242676885,0,monitor_data.speed_ref
1775242676886,0,monitor_data.speed_ref
1775242676887,0,monitor_data.speed_ref
1775242676888,0,monitor_data.speed_ref
1775242676889,0,monitor_data.speed_ref
1775242676890,0,monitor_data.speed_ref
1775242676891,0,monitor_data.speed_ref
1775242676892,0,monitor_data.speed_ref
1775242676893,0,monitor_data.speed_ref
1775242676894,0,monitor_data.speed_ref
1775242676895,0,monitor_data.speed_ref
1775242676896,0,monitor_data.speed_ref
1775242676897,0,monitor_data.speed_ref
1775242676898,0,monitor_data.speed_ref
1775242676899,0,monitor_data.speed_ref
1775242676850,4.834340572357178,monitor_data.theta_mech
1775242676851,4.833957195281982,monitor_data.theta_mech
1775242676852,4.833189964294434,monitor_data.theta_mech
1775242676853,4.833957195281982,monitor_data.theta_mech
1775242676854,4.834340572357178,monitor_data.theta_mech
1775242676855,4.833957195281982,monitor_data.theta_mech
1775242676856,4.833189964294434,monitor_data.theta_mech
1775242676857,4.833573341369629,monitor_data.theta_mech
1775242676858,4.833189964294434,monitor_data.theta_mech
1775242676859,4.834723949432373,monitor_data.theta_mech
1775242676860,4.833957195281982,monitor_data.theta_mech
1775242676861,4.833573341369629,monitor_data.theta_mech
1775242676862,4.833957195281982,monitor_data.theta_mech
1775242676863,4.833957195281982,monitor_data.theta_mech
1775242676864,4.833957195281982,monitor_data.theta_mech
1775242676865,4.833957195281982,monitor_data.theta_mech
1775242676866,4.833189964294434,monitor_data.theta_mech
1775242676867,4.834723949432373,monitor_data.theta_mech
1775242676868,4.834340572357178,monitor_data.theta_mech
1775242676869,4.833573341369629,monitor_data.theta_mech
1775242676870,4.832806587219238,monitor_data.theta_mech
1775242676871,4.833957195281982,monitor_data.theta_mech
1775242676872,4.833957195281982,monitor_data.theta_mech
1775242676873,4.834340572357178,monitor_data.theta_mech
1775242676874,4.833573341369629,monitor_data.theta_mech
1775242676875,4.833573341369629,monitor_data.theta_mech
1775242676876,4.832806587219238,monitor_data.theta_mech
1775242676877,4.833573341369629,monitor_data.theta_mech
1775242676878,4.833957195281982,monitor_data.theta_mech
1775242676879,4.832423210144043,monitor_data.theta_mech
1775242676880,4.833189964294434,monitor_data.theta_mech
1775242676881,4.834340572357178,monitor_data.theta_mech
1775242676882,4.834340572357178,monitor_data.theta_mech
1775242676883,4.833189964294434,monitor_data.theta_mech
1775242676884,4.833189964294434,monitor_data.theta_mech
1775242676885,4.833957195281982,monitor_data.theta_mech
1775242676886,4.833573341369629,monitor_data.theta_mech
1775242676887,4.833957195281982,monitor_data.theta_mech
1775242676888,4.833957195281982,monitor_data.theta_mech
1775242676889,4.833957195281982,monitor_data.theta_mech
1775242676890,4.833573341369629,monitor_data.theta_mech
1775242676891,4.835107326507568,monitor_data.theta_mech
1775242676892,4.833573341369629,monitor_data.theta_mech
1775242676893,4.833573341369629,monitor_data.theta_mech
1775242676894,4.833573341369629,monitor_data.theta_mech
1775242676895,4.834723949432373,monitor_data.theta_mech
1775242676896,4.833957195281982,monitor_data.theta_mech
1775242676897,4.834340572357178,monitor_data.theta_mech
1775242676898,4.833957195281982,monitor_data.theta_mech
1775242676899,4.834723949432373,monitor_data.theta_mech
1775242676900,0,monitor_data.speed_ref
1775242676901,0,monitor_data.speed_ref
1775242676902,0,monitor_data.speed_ref
1775242676903,0,monitor_data.speed_ref
1775242676904,0,monitor_data.speed_ref
1775242676905,0,monitor_data.speed_ref
1775242676906,0,monitor_data.speed_ref
1775242676907,0,monitor_data.speed_ref
1775242676908,0,monitor_data.speed_ref
1775242676909,0,monitor_data.speed_ref
1775242676910,0,monitor_data.speed_ref
1775242676911,0,monitor_data.speed_ref
1775242676912,0,monitor_data.speed_ref
1775242676913,0,monitor_data.speed_ref
1775242676914,0,monitor_data.speed_ref
1775242676915,0,monitor_data.speed_ref
1775242676916,0,monitor_data.speed_ref
1775242676917,0,monitor_data.speed_ref
1775242676918,0,monitor_data.speed_ref
1775242676919,0,monitor_data.speed_ref
1775242676920,0,monitor_data.speed_ref
1775242676921,0,monitor_data.speed_ref
1775242676922,0,monitor_data.speed_ref
1775242676923,0,monitor_data.speed_ref
1775242676924,0,monitor_data.speed_ref
1775242676925,0,monitor_data.speed_ref
1775242676926,0,monitor_data.speed_ref
1775242676927,0,monitor_data.speed_ref
1775242676928,0,monitor_data.speed_ref
1775242676929,0,monitor_data.speed_ref
1775242676930,0,monitor_data.speed_ref
1775242676931,0,monitor_data.speed_ref
1775242676932,0,monitor_data.speed_ref
1775242676933,0,monitor_data.speed_ref
1775242676934,0,monitor_data.speed_ref
1775242676935,0,monitor_data.speed_ref
1775242676936,0,monitor_data.speed_ref
1775242676937,0,monitor_data.speed_ref
1775242676938,0,monitor_data.speed_ref
1775242676939,0,monitor_data.speed_ref
1775242676940,0,monitor_data.speed_ref
1775242676941,0,monitor_data.speed_ref
1775242676942,0,monitor_data.speed_ref
1775242676943,0,monitor_data.speed_ref
1775242676944,0,monitor_data.speed_ref
1775242676945,0,monitor_data.speed_ref
1775242676946,0,monitor_data.speed_ref
1775242676947,0,monitor_data.speed_ref
1775242676948,0,monitor_data.speed_ref
1775242676949,0,monitor_data.speed_ref
1775242676900,4.833573341369629,monitor_data.theta_mech
1775242676901,4.833957195281982,monitor_data.theta_mech
1775242676902,4.834340572357178,monitor_data.theta_mech
1775242676903,4.834340572357178,monitor_data.theta_mech
1775242676904,4.833957195281982,monitor_data.theta_mech
1775242676905,4.833189964294434,monitor_data.theta_mech
1775242676906,4.834340572357178,monitor_data.theta_mech
1775242676907,4.833573341369629,monitor_data.theta_mech
1775242676908,4.834340572357178,monitor_data.theta_mech
1775242676909,4.832806587219238,monitor_data.theta_mech
1775242676910,4.833573341369629,monitor_data.theta_mech
1775242676911,4.833957195281982,monitor_data.theta_mech
1775242676912,4.833189964294434,monitor_data.theta_mech
1775242676913,4.833573341369629,monitor_data.theta_mech
1775242676914,4.833957195281982,monitor_data.theta_mech
1775242676915,4.834340572357178,monitor_data.theta_mech
1775242676916,4.834723949432373,monitor_data.theta_mech
1775242676917,4.834340572357178,monitor_data.theta_mech
1775242676918,4.834340572357178,monitor_data.theta_mech
1775242676919,4.833957195281982,monitor_data.theta_mech
1775242676920,4.833573341369629,monitor_data.theta_mech
1775242676921,4.834340572357178,monitor_data.theta_mech
1775242676922,4.834340572357178,monitor_data.theta_mech
1775242676923,4.833573341369629,monitor_data.theta_mech
1775242676924,4.833957195281982,monitor_data.theta_mech
1775242676925,4.834340572357178,monitor_data.theta_mech
1775242676926,4.833189964294434,monitor_data.theta_mech
1775242676927,4.833957195281982,monitor_data.theta_mech
1775242676928,4.833957195281982,monitor_data.theta_mech
1775242676929,4.833573341369629,monitor_data.theta_mech
1775242676930,4.833573341369629,monitor_data.theta_mech
1775242676931,4.833957195281982,monitor_data.theta_mech
1775242676932,4.834340572357178,monitor_data.theta_mech
1775242676933,4.833957195281982,monitor_data.theta_mech
1775242676934,4.834340572357178,monitor_data.theta_mech
1775242676935,4.834340572357178,monitor_data.theta_mech
1775242676936,4.833957195281982,monitor_data.theta_mech
1775242676937,4.834340572357178,monitor_data.theta_mech
1775242676938,4.833957195281982,monitor_data.theta_mech
1775242676939,4.833573341369629,monitor_data.theta_mech
1775242676940,4.833573341369629,monitor_data.theta_mech
1775242676941,4.833573341369629,monitor_data.theta_mech
1775242676942,4.833957195281982,monitor_data.theta_mech
1775242676943,4.834340572357178,monitor_data.theta_mech
1775242676944,4.834340572357178,monitor_data.theta_mech
1775242676945,4.833573341369629,monitor_data.theta_mech
1775242676946,4.833957195281982,monitor_data.theta_mech
1775242676947,4.833957195281982,monitor_data.theta_mech
1775242676948,4.833957195281982,monitor_data.theta_mech
1775242676949,4.834340572357178,monitor_data.theta_mech
1775242676950,0,monitor_data.speed_ref
1775242676951,0,monitor_data.speed_ref
1775242676952,0,monitor_data.speed_ref
1775242676953,0,monitor_data.speed_ref
1775242676954,0,monitor_data.speed_ref
1775242676955,0,monitor_data.speed_ref
1775242676956,0,monitor_data.speed_ref
1775242676957,0,monitor_data.speed_ref
1775242676958,0,monitor_data.speed_ref
1775242676959,0,monitor_data.speed_ref
1775242676960,0,monitor_data.speed_ref
1775242676961,0,monitor_data.speed_ref
1775242676962,0,monitor_data.speed_ref
1775242676963,0,monitor_data.speed_ref
1775242676964,0,monitor_data.speed_ref
1775242676965,0,monitor_data.speed_ref
1775242676966,0,monitor_data.speed_ref
1775242676967,0,monitor_data.speed_ref
1775242676968,0,monitor_data.speed_ref
1775242676969,0,monitor_data.speed_ref
1775242676970,0,monitor_data.speed_ref
1775242676971,0,monitor_data.speed_ref
1775242676972,0,monitor_data.speed_ref
1775242676973,0,monitor_data.speed_ref
1775242676974,0,monitor_data.speed_ref
1775242676975,0,monitor_data.speed_ref
1775242676976,0,monitor_data.speed_ref
1775242676977,0,monitor_data.speed_ref
1775242676978,0,monitor_data.speed_ref
1775242676979,0,monitor_data.speed_ref
1775242676980,0,monitor_data.speed_ref
1775242676981,0,monitor_data.speed_ref
1775242676982,0,monitor_data.speed_ref
1775242676983,0,monitor_data.speed_ref
1775242676984,0,monitor_data.speed_ref
1775242676985,0,monitor_data.speed_ref
1775242676986,0,monitor_data.speed_ref
1775242676987,0,monitor_data.speed_ref
1775242676988,0,monitor_data.speed_ref
1775242676989,0,monitor_data.speed_ref
1775242676990,0,monitor_data.speed_ref
1775242676991,0,monitor_data.speed_ref
1775242676992,0,monitor_data.speed_ref
1775242676993,0,monitor_data.speed_ref
1775242676994,0,monitor_data.speed_ref
1775242676995,0,monitor_data.speed_ref
1775242676996,0,monitor_data.speed_ref
1775242676997,0,monitor_data.speed_ref
1775242676998,0,monitor_data.speed_ref
1775242676999,0,monitor_data.speed_ref
1775242676950,4.833573341369629,monitor_data.theta_mech
1775242676951,4.833957195281982,monitor_data.theta_mech
1775242676952,4.833189964294434,monitor_data.theta_mech
1775242676953,4.833957195281982,monitor_data.theta_mech
1775242676954,4.833957195281982,monitor_data.theta_mech
1775242676955,4.833189964294434,monitor_data.theta_mech
1775242676956,4.834340572357178,monitor_data.theta_mech
1775242676957,4.833189964294434,monitor_data.theta_mech
1775242676958,4.834723949432373,monitor_data.theta_mech
1775242676959,4.833573341369629,monitor_data.theta_mech
1775242676960,4.833573341369629,monitor_data.theta_mech
1775242676961,4.832806587219238,monitor_data.theta_mech
1775242676962,4.833189964294434,monitor_data.theta_mech
1775242676963,4.834340572357178,monitor_data.theta_mech
1775242676964,4.833957195281982,monitor_data.theta_mech
1775242676965,4.833189964294434,monitor_data.theta_mech
1775242676966,4.832806587219238,monitor_data.theta_mech
1775242676967,4.833957195281982,monitor_data.theta_mech
1775242676968,4.832806587219238,monitor_data.theta_mech
1775242676969,4.834340572357178,monitor_data.theta_mech
1775242676970,4.833573341369629,monitor_data.theta_mech
1775242676971,4.833957195281982,monitor_data.theta_mech
1775242676972,4.832423210144043,monitor_data.theta_mech
1775242676973,4.833573341369629,monitor_data.theta_mech
1775242676974,4.833957195281982,monitor_data.theta_mech
1775242676975,4.833957195281982,monitor_data.theta_mech
1775242676976,4.833957195281982,monitor_data.theta_mech
1775242676977,4.833573341369629,monitor_data.theta_mech
1775242676978,4.833957195281982,monitor_data.theta_mech
1775242676979,4.833189964294434,monitor_data.theta_mech
1775242676980,4.833573341369629,monitor_data.theta_mech
1775242676981,4.832806587219238,monitor_data.theta_mech
1775242676982,4.833573341369629,monitor_data.theta_mech
1775242676983,4.833957195281982,monitor_data.theta_mech
1775242676984,4.834340572357178,monitor_data.theta_mech
1775242676985,4.833189964294434,monitor_data.theta_mech
1775242676986,4.833573341369629,monitor_data.theta_mech
1775242676987,4.833189964294434,monitor_data.theta_mech
1775242676988,4.832806587219238,monitor_data.theta_mech
1775242676989,4.834340572357178,monitor_data.theta_mech
1775242676990,4.833957195281982,monitor_data.theta_mech
1775242676991,4.833957195281982,monitor_data.theta_mech
1775242676992,4.835107326507568,monitor_data.theta_mech
1775242676993,4.833957195281982,monitor_data.theta_mech
1775242676994,4.833573341369629,monitor_data.theta_mech
1775242676995,4.833957195281982,monitor_data.theta_mech
1775242676996,4.834723949432373,monitor_data.theta_mech
1775242676997,4.833573341369629,monitor_data.theta_mech
1775242676998,4.834340572357178,monitor_data.theta_mech
1775242676999,4.833957195281982,monitor_data.theta_mech
1775242677000,0,monitor_data.speed_ref
1775242677001,0,monitor_data.speed_ref
1775242677002,0,monitor_data.speed_ref
1775242677003,0,monitor_data.speed_ref
1775242677004,0,monitor_data.speed_ref
1775242677005,0,monitor_data.speed_ref
1775242677006,0,monitor_data.speed_ref
1775242677007,0,monitor_data.speed_ref
1775242677008,0,monitor_data.speed_ref
1775242677009,0,monitor_data.speed_ref
1775242677010,0,monitor_data.speed_ref
1775242677011,0,monitor_data.speed_ref
1775242677012,0,monitor_data.speed_ref
1775242677013,0,monitor_data.speed_ref
1775242677014,0,monitor_data.speed_ref
1775242677015,0,monitor_data.speed_ref
1775242677016,0,monitor_data.speed_ref
1775242677017,0,monitor_data.speed_ref
1775242677018,0,monitor_data.speed_ref
1775242677019,0,monitor_data.speed_ref
1775242677020,0,monitor_data.speed_ref
1775242677021,0,monitor_data.speed_ref
1775242677022,0,monitor_data.speed_ref
1775242677023,0,monitor_data.speed_ref
1775242677024,0,monitor_data.speed_ref
1775242677025,0,monitor_data.speed_ref
1775242677026,0,monitor_data.speed_ref
1775242677027,0,monitor_data.speed_ref
1775242677028,0,monitor_data.speed_ref
1775242677029,0,monitor_data.speed_ref
1775242677030,0,monitor_data.speed_ref
1775242677031,0,monitor_data.speed_ref
1775242677032,0,monitor_data.speed_ref
1775242677033,0,monitor_data.speed_ref
1775242677034,0,monitor_data.speed_ref
1775242677035,0,monitor_data.speed_ref
1775242677036,0,monitor_data.speed_ref
1775242677037,0,monitor_data.speed_ref
1775242677038,0,monitor_data.speed_ref
1775242677039,0,monitor_data.speed_ref
1775242677040,0,monitor_data.speed_ref
1775242677041,0,monitor_data.speed_ref
1775242677042,0,monitor_data.speed_ref
1775242677043,0,monitor_data.speed_ref
1775242677044,0,monitor_data.speed_ref
1775242677045,0,monitor_data.speed_ref
1775242677046,0,monitor_data.speed_ref
1775242677047,0,monitor_data.speed_ref
1775242677048,0,monitor_data.speed_ref
1775242677049,0,monitor_data.speed_ref
1775242677000,4.833573341369629,monitor_data.theta_mech
1775242677001,4.833573341369629,monitor_data.theta_mech
1775242677002,4.834340572357178,monitor_data.theta_mech
1775242677003,4.832806587219238,monitor_data.theta_mech
1775242677004,4.833189964294434,monitor_data.theta_mech
1775242677005,4.833189964294434,monitor_data.theta_mech
1775242677006,4.833573341369629,monitor_data.theta_mech
1775242677007,4.833573341369629,monitor_data.theta_mech
1775242677008,4.833573341369629,monitor_data.theta_mech
1775242677009,4.834340572357178,monitor_data.theta_mech
1775242677010,4.833957195281982,monitor_data.theta_mech
1775242677011,4.833957195281982,monitor_data.theta_mech
1775242677012,4.834340572357178,monitor_data.theta_mech
1775242677013,4.833573341369629,monitor_data.theta_mech
1775242677014,4.833189964294434,monitor_data.theta_mech
1775242677015,4.833957195281982,monitor_data.theta_mech
1775242677016,4.833189964294434,monitor_data.theta_mech
1775242677017,4.834340572357178,monitor_data.theta_mech
1775242677018,4.834723949432373,monitor_data.theta_mech
1775242677019,4.833573341369629,monitor_data.theta_mech
1775242677020,4.833957195281982,monitor_data.theta_mech
1775242677021,4.834340572357178,monitor_data.theta_mech
1775242677022,4.833573341369629,monitor_data.theta_mech
1775242677023,4.834723949432373,monitor_data.theta_mech
1775242677024,4.833957195281982,monitor_data.theta_mech
1775242677025,4.833573341369629,monitor_data.theta_mech
1775242677026,4.834723949432373,monitor_data.theta_mech
1775242677027,4.833573341369629,monitor_data.theta_mech
1775242677028,4.833573341369629,monitor_data.theta_mech
1775242677029,4.833189964294434,monitor_data.theta_mech
1775242677030,4.833573341369629,monitor_data.theta_mech
1775242677031,4.833573341369629,monitor_data.theta_mech
1775242677032,4.833573341369629,monitor_data.theta_mech
1775242677033,4.833957195281982,monitor_data.theta_mech
1775242677034,4.833189964294434,monitor_data.theta_mech
1775242677035,4.833957195281982,monitor_data.theta_mech
1775242677036,4.834723949432373,monitor_data.theta_mech
1775242677037,4.833957195281982,monitor_data.theta_mech
1775242677038,4.834340572357178,monitor_data.theta_mech
1775242677039,4.835107326507568,monitor_data.theta_mech
1775242677040,4.833189964294434,monitor_data.theta_mech
1775242677041,4.833957195281982,monitor_data.theta_mech
1775242677042,4.833573341369629,monitor_data.theta_mech
1775242677043,4.833957195281982,monitor_data.theta_mech
1775242677044,4.832806587219238,monitor_data.theta_mech
1775242677045,4.833957195281982,monitor_data.theta_mech
1775242677046,4.833573341369629,monitor_data.theta_mech
1775242677047,4.833957195281982,monitor_data.theta_mech
1775242677048,4.834340572357178,monitor_data.theta_mech
1775242677049,4.834340572357178,monitor_data.theta_mech
1775242677050,0,monitor_data.speed_ref
1775242677051,0,monitor_data.speed_ref
1775242677052,0,monitor_data.speed_ref
1775242677053,0,monitor_data.speed_ref
1775242677054,0,monitor_data.speed_ref
1775242677055,0,monitor_data.speed_ref
1775242677056,0,monitor_data.speed_ref
1775242677057,0,monitor_data.speed_ref
1775242677058,0,monitor_data.speed_ref
1775242677059,0,monitor_data.speed_ref
1775242677060,0,monitor_data.speed_ref
1775242677061,0,monitor_data.speed_ref
1775242677062,0,monitor_data.speed_ref
1775242677063,0,monitor_data.speed_ref
1775242677064,0,monitor_data.speed_ref
1775242677065,0,monitor_data.speed_ref
1775242677066,0,monitor_data.speed_ref
1775242677067,0,monitor_data.speed_ref
1775242677068,0,monitor_data.speed_ref
1775242677069,0,monitor_data.speed_ref
1775242677070,0,monitor_data.speed_ref
1775242677071,0,monitor_data.speed_ref
1775242677072,0,monitor_data.speed_ref
1775242677073,0,monitor_data.speed_ref
1775242677074,0,monitor_data.speed_ref
1775242677075,0,monitor_data.speed_ref
1775242677076,0,monitor_data.speed_ref
1775242677077,0,monitor_data.speed_ref
1775242677078,0,monitor_data.speed_ref
1775242677079,0,monitor_data.speed_ref
1775242677080,0,monitor_data.speed_ref
1775242677081,0,monitor_data.speed_ref
1775242677082,0,monitor_data.speed_ref
1775242677083,0,monitor_data.speed_ref
1775242677084,0,monitor_data.speed_ref
1775242677085,0,monitor_data.speed_ref
1775242677086,0,monitor_data.speed_ref
1775242677087,0,monitor_data.speed_ref
1775242677088,0,monitor_data.speed_ref
1775242677089,0,monitor_data.speed_ref
1775242677090,0,monitor_data.speed_ref
1775242677091,0,monitor_data.speed_ref
1775242677092,0,monitor_data.speed_ref
1775242677093,0,monitor_data.speed_ref
1775242677094,0,monitor_data.speed_ref
1775242677095,0,monitor_data.speed_ref
1775242677096,0,monitor_data.speed_ref
1775242677097,0,monitor_data.speed_ref
1775242677098,0,monitor_data.speed_ref
1775242677099,0,monitor_data.speed_ref
1775242677100,0,monitor_data.speed_ref
1775242677050,4.834340572357178,monitor_data.theta_mech
1775242677051,4.833957195281982,monitor_data.theta_mech
1775242677052,4.833573341369629,monitor_data.theta_mech
1775242677053,4.833957195281982,monitor_data.theta_mech
1775242677054,4.834340572357178,monitor_data.theta_mech
1775242677055,4.833957195281982,monitor_data.theta_mech
1775242677056,4.835107326507568,monitor_data.theta_mech
1775242677057,4.833189964294434,monitor_data.theta_mech
1775242677058,4.833189964294434,monitor_data.theta_mech
1775242677059,4.834340572357178,monitor_data.theta_mech
1775242677060,4.833573341369629,monitor_data.theta_mech
1775242677061,4.833189964294434,monitor_data.theta_mech
1775242677062,4.833189964294434,monitor_data.theta_mech
1775242677063,4.833189964294434,monitor_data.theta_mech
1775242677064,4.833189964294434,monitor_data.theta_mech
1775242677065,4.833957195281982,monitor_data.theta_mech
1775242677066,4.834340572357178,monitor_data.theta_mech
1775242677067,4.833573341369629,monitor_data.theta_mech
1775242677068,4.834723949432373,monitor_data.theta_mech
1775242677069,4.833573341369629,monitor_data.theta_mech
1775242677070,4.834723949432373,monitor_data.theta_mech
1775242677071,4.833957195281982,monitor_data.theta_mech
1775242677072,4.832806587219238,monitor_data.theta_mech
1775242677073,4.833957195281982,monitor_data.theta_mech
1775242677074,4.834340572357178,monitor_data.theta_mech
1775242677075,4.834340572357178,monitor_data.theta_mech
1775242677076,4.834340572357178,monitor_data.theta_mech
1775242677077,4.833573341369629,monitor_data.theta_mech
1775242677078,4.833189964294434,monitor_data.theta_mech
1775242677079,4.833189964294434,monitor_data.theta_mech
1775242677080,4.834340572357178,monitor_data.theta_mech
1775242677081,4.833189964294434,monitor_data.theta_mech
1775242677082,4.834340572357178,monitor_data.theta_mech
1775242677083,4.833189964294434,monitor_data.theta_mech
1775242677084,4.834723949432373,monitor_data.theta_mech
1775242677085,4.833573341369629,monitor_data.theta_mech
1775242677086,4.833957195281982,monitor_data.theta_mech
1775242677087,4.834340572357178,monitor_data.theta_mech
1775242677088,4.834340572357178,monitor_data.theta_mech
1775242677089,4.834340572357178,monitor_data.theta_mech
1775242677090,4.833189964294434,monitor_data.theta_mech
1775242677091,4.833957195281982,monitor_data.theta_mech
1775242677092,4.833957195281982,monitor_data.theta_mech
1775242677093,4.833573341369629,monitor_data.theta_mech
1775242677094,4.833189964294434,monitor_data.theta_mech
1775242677095,4.834340572357178,monitor_data.theta_mech
1775242677096,4.833957195281982,monitor_data.theta_mech
1775242677097,4.833573341369629,monitor_data.theta_mech
1775242677098,4.833957195281982,monitor_data.theta_mech
1775242677099,4.833573341369629,monitor_data.theta_mech
1775242677100,4.833573341369629,monitor_data.theta_mech
1775242677101,0,monitor_data.speed_ref
1775242677102,0,monitor_data.speed_ref
1775242677103,0,monitor_data.speed_ref
1775242677104,0,monitor_data.speed_ref
1775242677105,0,monitor_data.speed_ref
1775242677106,0,monitor_data.speed_ref
1775242677107,0,monitor_data.speed_ref
1775242677108,0,monitor_data.speed_ref
1775242677109,0,monitor_data.speed_ref
1775242677110,0,monitor_data.speed_ref
1775242677111,0,monitor_data.speed_ref
1775242677112,0,monitor_data.speed_ref
1775242677113,0,monitor_data.speed_ref
1775242677114,0,monitor_data.speed_ref
1775242677115,0,monitor_data.speed_ref
1775242677116,0,monitor_data.speed_ref
1775242677117,0,monitor_data.speed_ref
1775242677118,0,monitor_data.speed_ref
1775242677119,0,monitor_data.speed_ref
1775242677120,0,monitor_data.speed_ref
1775242677121,0,monitor_data.speed_ref
1775242677122,0,monitor_data.speed_ref
1775242677123,0,monitor_data.speed_ref
1775242677124,0,monitor_data.speed_ref
1775242677125,0,monitor_data.speed_ref
1775242677126,0,monitor_data.speed_ref
1775242677127,0,monitor_data.speed_ref
1775242677128,0,monitor_data.speed_ref
1775242677129,0,monitor_data.speed_ref
1775242677130,0,monitor_data.speed_ref
1775242677131,0,monitor_data.speed_ref
1775242677132,0,monitor_data.speed_ref
1775242677133,0,monitor_data.speed_ref
1775242677134,0,monitor_data.speed_ref
1775242677135,0,monitor_data.speed_ref
1775242677136,0,monitor_data.speed_ref
1775242677137,0,monitor_data.speed_ref
1775242677138,0,monitor_data.speed_ref
1775242677139,0,monitor_data.speed_ref
1775242677140,0,monitor_data.speed_ref
1775242677141,0,monitor_data.speed_ref
1775242677142,0,monitor_data.speed_ref
1775242677143,0,monitor_data.speed_ref
1775242677144,0,monitor_data.speed_ref
1775242677145,0,monitor_data.speed_ref
1775242677146,0,monitor_data.speed_ref
1775242677147,0,monitor_data.speed_ref
1775242677148,0,monitor_data.speed_ref
1775242677149,0,monitor_data.speed_ref
1775242677150,0,monitor_data.speed_ref
1775242677101,4.833957195281982,monitor_data.theta_mech
1775242677102,4.833957195281982,monitor_data.theta_mech
1775242677103,4.833573341369629,monitor_data.theta_mech
1775242677104,4.834723949432373,monitor_data.theta_mech
1775242677105,4.834340572357178,monitor_data.theta_mech
1775242677106,4.833573341369629,monitor_data.theta_mech
1775242677107,4.833189964294434,monitor_data.theta_mech
1775242677108,4.834723949432373,monitor_data.theta_mech
1775242677109,4.833957195281982,monitor_data.theta_mech
1775242677110,4.833957195281982,monitor_data.theta_mech
1775242677111,4.833573341369629,monitor_data.theta_mech
1775242677112,4.833189964294434,monitor_data.theta_mech
1775242677113,4.834723949432373,monitor_data.theta_mech
1775242677114,4.834723949432373,monitor_data.theta_mech
1775242677115,4.834340572357178,monitor_data.theta_mech
1775242677116,4.833957195281982,monitor_data.theta_mech
1775242677117,4.833573341369629,monitor_data.theta_mech
1775242677118,4.833189964294434,monitor_data.theta_mech
1775242677119,4.833189964294434,monitor_data.theta_mech
1775242677120,4.834340572357178,monitor_data.theta_mech
1775242677121,4.833957195281982,monitor_data.theta_mech
1775242677122,4.833573341369629,monitor_data.theta_mech
1775242677123,4.833573341369629,monitor_data.theta_mech
1775242677124,4.833957195281982,monitor_data.theta_mech
1775242677125,4.833189964294434,monitor_data.theta_mech
1775242677126,4.833189964294434,monitor_data.theta_mech
1775242677127,4.834340572357178,monitor_data.theta_mech
1775242677128,4.833573341369629,monitor_data.theta_mech
1775242677129,4.833957195281982,monitor_data.theta_mech
1775242677130,4.833957195281982,monitor_data.theta_mech
1775242677131,4.833573341369629,monitor_data.theta_mech
1775242677132,4.835107326507568,monitor_data.theta_mech
1775242677133,4.833573341369629,monitor_data.theta_mech
1775242677134,4.834723949432373,monitor_data.theta_mech
1775242677135,4.833573341369629,monitor_data.theta_mech
1775242677136,4.832806587219238,monitor_data.theta_mech
1775242677137,4.832806587219238,monitor_data.theta_mech
1775242677138,4.834340572357178,monitor_data.theta_mech
1775242677139,4.833573341369629,monitor_data.theta_mech
1775242677140,4.833573341369629,monitor_data.theta_mech
1775242677141,4.833189964294434,monitor_data.theta_mech
1775242677142,4.833189964294434,monitor_data.theta_mech
1775242677143,4.833957195281982,monitor_data.theta_mech
1775242677144,4.833189964294434,monitor_data.theta_mech
1775242677145,4.834340572357178,monitor_data.theta_mech
1775242677146,4.834340572357178,monitor_data.theta_mech
1775242677147,4.834340572357178,monitor_data.theta_mech
1775242677148,4.834340572357178,monitor_data.theta_mech
1775242677149,4.833957195281982,monitor_data.theta_mech
1775242677150,4.832423210144043,monitor_data.theta_mech
1775242677151,0,monitor_data.speed_ref
1775242677152,0,monitor_data.speed_ref
1775242677153,0,monitor_data.speed_ref
1775242677154,0,monitor_data.speed_ref
1775242677155,0,monitor_data.speed_ref
1775242677156,0,monitor_data.speed_ref
1775242677157,0,monitor_data.speed_ref
1775242677158,0,monitor_data.speed_ref
1775242677159,0,monitor_data.speed_ref
1775242677160,0,monitor_data.speed_ref
1775242677161,0,monitor_data.speed_ref
1775242677162,0,monitor_data.speed_ref
1775242677163,0,monitor_data.speed_ref
1775242677164,0,monitor_data.speed_ref
1775242677165,0,monitor_data.speed_ref
1775242677166,0,monitor_data.speed_ref
1775242677167,0,monitor_data.speed_ref
1775242677168,0,monitor_data.speed_ref
1775242677169,0,monitor_data.speed_ref
1775242677170,0,monitor_data.speed_ref
1775242677171,0,monitor_data.speed_ref
1775242677172,0,monitor_data.speed_ref
1775242677173,0,monitor_data.speed_ref
1775242677174,0,monitor_data.speed_ref
1775242677175,0,monitor_data.speed_ref
1775242677176,0,monitor_data.speed_ref
1775242677177,0,monitor_data.speed_ref
1775242677178,0,monitor_data.speed_ref
1775242677179,0,monitor_data.speed_ref
1775242677180,0,monitor_data.speed_ref
1775242677181,0,monitor_data.speed_ref
1775242677182,0,monitor_data.speed_ref
1775242677183,0,monitor_data.speed_ref
1775242677184,0,monitor_data.speed_ref
1775242677185,0,monitor_data.speed_ref
1775242677186,0,monitor_data.speed_ref
1775242677187,0,monitor_data.speed_ref
1775242677188,0,monitor_data.speed_ref
1775242677189,0,monitor_data.speed_ref
1775242677190,0,monitor_data.speed_ref
1775242677191,0,monitor_data.speed_ref
1775242677192,0,monitor_data.speed_ref
1775242677193,0,monitor_data.speed_ref
1775242677194,0,monitor_data.speed_ref
1775242677195,0,monitor_data.speed_ref
1775242677196,0,monitor_data.speed_ref
1775242677197,0,monitor_data.speed_ref
1775242677198,0,monitor_data.speed_ref
1775242677199,0,monitor_data.speed_ref
1775242677200,0,monitor_data.speed_ref
1775242677151,4.833573341369629,monitor_data.theta_mech
1775242677152,4.833573341369629,monitor_data.theta_mech
1775242677153,4.834340572357178,monitor_data.theta_mech
1775242677154,4.833189964294434,monitor_data.theta_mech
1775242677155,4.834340572357178,monitor_data.theta_mech
1775242677156,4.833573341369629,monitor_data.theta_mech
1775242677157,4.833573341369629,monitor_data.theta_mech
1775242677158,4.832806587219238,monitor_data.theta_mech
1775242677159,4.834340572357178,monitor_data.theta_mech
1775242677160,4.833573341369629,monitor_data.theta_mech
1775242677161,4.834723949432373,monitor_data.theta_mech
1775242677162,4.833957195281982,monitor_data.theta_mech
1775242677163,4.833957195281982,monitor_data.theta_mech
1775242677164,4.833573341369629,monitor_data.theta_mech
1775242677165,4.833573341369629,monitor_data.theta_mech
1775242677166,4.832423210144043,monitor_data.theta_mech
1775242677167,4.833957195281982,monitor_data.theta_mech
1775242677168,4.833957195281982,monitor_data.theta_mech
1775242677169,4.834340572357178,monitor_data.theta_mech
1775242677170,4.834340572357178,monitor_data.theta_mech
1775242677171,4.834723949432373,monitor_data.theta_mech
1775242677172,4.833957195281982,monitor_data.theta_mech
1775242677173,4.832806587219238,monitor_data.theta_mech
1775242677174,4.834340572357178,monitor_data.theta_mech
1775242677175,4.833573341369629,monitor_data.theta_mech
1775242677176,4.833957195281982,monitor_data.theta_mech
1775242677177,4.833573341369629,monitor_data.theta_mech
1775242677178,4.834340572357178,monitor_data.theta_mech
1775242677179,4.833957195281982,monitor_data.theta_mech
1775242677180,4.833189964294434,monitor_data.theta_mech
1775242677181,4.833957195281982,monitor_data.theta_mech
1775242677182,4.833573341369629,monitor_data.theta_mech
1775242677183,4.833573341369629,monitor_data.theta_mech
1775242677184,4.833573341369629,monitor_data.theta_mech
1775242677185,4.833957195281982,monitor_data.theta_mech
1775242677186,4.833189964294434,monitor_data.theta_mech
1775242677187,4.833189964294434,monitor_data.theta_mech
1775242677188,4.833189964294434,monitor_data.theta_mech
1775242677189,4.833957195281982,monitor_data.theta_mech
1775242677190,4.833573341369629,monitor_data.theta_mech
1775242677191,4.833573341369629,monitor_data.theta_mech
1775242677192,4.833957195281982,monitor_data.theta_mech
1775242677193,4.834340572357178,monitor_data.theta_mech
1775242677194,4.833189964294434,monitor_data.theta_mech
1775242677195,4.833189964294434,monitor_data.theta_mech
1775242677196,4.834340572357178,monitor_data.theta_mech
1775242677197,4.832806587219238,monitor_data.theta_mech
1775242677198,4.832423210144043,monitor_data.theta_mech
1775242677199,4.832423210144043,monitor_data.theta_mech
1775242677200,4.833957195281982,monitor_data.theta_mech
1775242677201,0,monitor_data.speed_ref
1775242677202,0,monitor_data.speed_ref
1775242677203,0,monitor_data.speed_ref
1775242677204,0,monitor_data.speed_ref
1775242677205,0,monitor_data.speed_ref
1775242677206,0,monitor_data.speed_ref
1775242677207,0,monitor_data.speed_ref
1775242677208,0,monitor_data.speed_ref
1775242677209,0,monitor_data.speed_ref
1775242677210,0,monitor_data.speed_ref
1775242677211,0,monitor_data.speed_ref
1775242677212,0,monitor_data.speed_ref
1775242677213,0,monitor_data.speed_ref
1775242677214,0,monitor_data.speed_ref
1775242677215,0,monitor_data.speed_ref
1775242677216,0,monitor_data.speed_ref
1775242677217,0,monitor_data.speed_ref
1775242677218,0,monitor_data.speed_ref
1775242677219,0,monitor_data.speed_ref
1775242677220,0,monitor_data.speed_ref
1775242677221,0,monitor_data.speed_ref
1775242677222,0,monitor_data.speed_ref
1775242677223,0,monitor_data.speed_ref
1775242677224,0,monitor_data.speed_ref
1775242677225,0,monitor_data.speed_ref
1775242677226,0,monitor_data.speed_ref
1775242677227,0,monitor_data.speed_ref
1775242677228,0,monitor_data.speed_ref
1775242677229,0,monitor_data.speed_ref
1775242677230,0,monitor_data.speed_ref
1775242677231,0,monitor_data.speed_ref
1775242677232,0,monitor_data.speed_ref
1775242677233,0,monitor_data.speed_ref
1775242677234,0,monitor_data.speed_ref
1775242677235,0,monitor_data.speed_ref
1775242677236,0,monitor_data.speed_ref
1775242677237,0,monitor_data.speed_ref
1775242677238,0,monitor_data.speed_ref
1775242677239,0,monitor_data.speed_ref
1775242677240,0,monitor_data.speed_ref
1775242677241,0,monitor_data.speed_ref
1775242677242,0,monitor_data.speed_ref
1775242677243,0,monitor_data.speed_ref
1775242677244,0,monitor_data.speed_ref
1775242677245,0,monitor_data.speed_ref
1775242677246,0,monitor_data.speed_ref
1775242677247,0,monitor_data.speed_ref
1775242677248,0,monitor_data.speed_ref
1775242677249,0,monitor_data.speed_ref
1775242677250,0,monitor_data.speed_ref
1775242677201,4.833189964294434,monitor_data.theta_mech
1775242677202,4.833573341369629,monitor_data.theta_mech
1775242677203,4.833957195281982,monitor_data.theta_mech
1775242677204,4.833957195281982,monitor_data.theta_mech
1775242677205,4.833573341369629,monitor_data.theta_mech
1775242677206,4.833957195281982,monitor_data.theta_mech
1775242677207,4.833957195281982,monitor_data.theta_mech
1775242677208,4.834340572357178,monitor_data.theta_mech
1775242677209,4.833957195281982,monitor_data.theta_mech
1775242677210,4.833957195281982,monitor_data.theta_mech
1775242677211,4.834340572357178,monitor_data.theta_mech
1775242677212,4.833957195281982,monitor_data.theta_mech
1775242677213,4.835107326507568,monitor_data.theta_mech
1775242677214,4.834340572357178,monitor_data.theta_mech
1775242677215,4.833573341369629,monitor_data.theta_mech
1775242677216,4.834340572357178,monitor_data.theta_mech
1775242677217,4.834340572357178,monitor_data.theta_mech
1775242677218,4.834340572357178,monitor_data.theta_mech
1775242677219,4.834723949432373,monitor_data.theta_mech
1775242677220,4.833957195281982,monitor_data.theta_mech
1775242677221,4.834340572357178,monitor_data.theta_mech
1775242677222,4.833189964294434,monitor_data.theta_mech
1775242677223,4.833189964294434,monitor_data.theta_mech
1775242677224,4.833573341369629,monitor_data.theta_mech
1775242677225,4.834340572357178,monitor_data.theta_mech
1775242677226,4.835107326507568,monitor_data.theta_mech
1775242677227,4.834723949432373,monitor_data.theta_mech
1775242677228,4.834723949432373,monitor_data.theta_mech
1775242677229,4.834340572357178,monitor_data.theta_mech
1775242677230,4.834340572357178,monitor_data.theta_mech
1775242677231,4.833957195281982,monitor_data.theta_mech
1775242677232,4.834723949432373,monitor_data.theta_mech
1775242677233,4.833573341369629,monitor_data.theta_mech
1775242677234,4.833573341369629,monitor_data.theta_mech
1775242677235,4.833189964294434,monitor_data.theta_mech
1775242677236,4.834723949432373,monitor_data.theta_mech
1775242677237,4.833573341369629,monitor_data.theta_mech
1775242677238,4.833573341369629,monitor_data.theta_mech
1775242677239,4.834340572357178,monitor_data.theta_mech
1775242677240,4.833957195281982,monitor_data.theta_mech
1775242677241,4.833957195281982,monitor_data.theta_mech
1775242677242,4.834723949432373,monitor_data.theta_mech
1775242677243,4.834340572357178,monitor_data.theta_mech
1775242677244,4.832806587219238,monitor_data.theta_mech
1775242677245,4.833189964294434,monitor_data.theta_mech
1775242677246,4.833573341369629,monitor_data.theta_mech
1775242677247,4.833957195281982,monitor_data.theta_mech
1775242677248,4.833957195281982,monitor_data.theta_mech
1775242677249,4.833573341369629,monitor_data.theta_mech
1775242677250,4.833189964294434,monitor_data.theta_mech
1775242677251,0,monitor_data.speed_ref
1775242677252,0,monitor_data.speed_ref
1775242677253,0,monitor_data.speed_ref
1775242677254,0,monitor_data.speed_ref
1775242677255,0,monitor_data.speed_ref
1775242677256,0,monitor_data.speed_ref
1775242677257,0,monitor_data.speed_ref
1775242677258,0,monitor_data.speed_ref
1775242677259,0,monitor_data.speed_ref
1775242677260,0,monitor_data.speed_ref
1775242677261,0,monitor_data.speed_ref
1775242677262,0,monitor_data.speed_ref
1775242677263,0,monitor_data.speed_ref
1775242677264,0,monitor_data.speed_ref
1775242677265,0,monitor_data.speed_ref
1775242677266,0,monitor_data.speed_ref
1775242677267,0,monitor_data.speed_ref
1775242677268,0,monitor_data.speed_ref
1775242677269,0,monitor_data.speed_ref
1775242677270,0,monitor_data.speed_ref
1775242677271,0,monitor_data.speed_ref
1775242677272,0,monitor_data.speed_ref
1775242677273,0,monitor_data.speed_ref
1775242677274,0,monitor_data.speed_ref
1775242677275,0,monitor_data.speed_ref
1775242677276,0,monitor_data.speed_ref
1775242677277,0,monitor_data.speed_ref
1775242677278,0,monitor_data.speed_ref
1775242677279,0,monitor_data.speed_ref
1775242677280,0,monitor_data.speed_ref
1775242677281,0,monitor_data.speed_ref
1775242677282,0,monitor_data.speed_ref
1775242677283,0,monitor_data.speed_ref
1775242677284,0,monitor_data.speed_ref
1775242677285,0,monitor_data.speed_ref
1775242677286,0,monitor_data.speed_ref
1775242677287,0,monitor_data.speed_ref
1775242677288,0,monitor_data.speed_ref
1775242677289,0,monitor_data.speed_ref
1775242677290,0,monitor_data.speed_ref
1775242677291,0,monitor_data.speed_ref
1775242677292,0,monitor_data.speed_ref
1775242677293,0,monitor_data.speed_ref
1775242677294,0,monitor_data.speed_ref
1775242677295,0,monitor_data.speed_ref
1775242677296,0,monitor_data.speed_ref
1775242677297,0,monitor_data.speed_ref
1775242677298,0,monitor_data.speed_ref
1775242677299,0,monitor_data.speed_ref
1775242677300,0,monitor_data.speed_ref
1775242677301,0,monitor_data.speed_ref
1775242677251,4.833573341369629,monitor_data.theta_mech
1775242677252,4.833957195281982,monitor_data.theta_mech
1775242677253,4.832806587219238,monitor_data.theta_mech
1775242677254,4.834340572357178,monitor_data.theta_mech
1775242677255,4.833573341369629,monitor_data.theta_mech
1775242677256,4.834340572357178,monitor_data.theta_mech
1775242677257,4.832423210144043,monitor_data.theta_mech
1775242677258,4.833573341369629,monitor_data.theta_mech
1775242677259,4.833957195281982,monitor_data.theta_mech
1775242677260,4.833957195281982,monitor_data.theta_mech
1775242677261,4.833573341369629,monitor_data.theta_mech
1775242677262,4.832806587219238,monitor_data.theta_mech
1775242677263,4.833957195281982,monitor_data.theta_mech
1775242677264,4.834340572357178,monitor_data.theta_mech
1775242677265,4.833957195281982,monitor_data.theta_mech
1775242677266,4.833189964294434,monitor_data.theta_mech
1775242677267,4.833957195281982,monitor_data.theta_mech
1775242677268,4.833957195281982,monitor_data.theta_mech
1775242677269,4.833957195281982,monitor_data.theta_mech
1775242677270,4.832806587219238,monitor_data.theta_mech
1775242677271,4.832423210144043,monitor_data.theta_mech
1775242677272,4.834340572357178,monitor_data.theta_mech
1775242677273,4.833573341369629,monitor_data.theta_mech
1775242677274,4.833573341369629,monitor_data.theta_mech
1775242677275,4.835107326507568,monitor_data.theta_mech
1775242677276,4.832806587219238,monitor_data.theta_mech
1775242677277,4.834340572357178,monitor_data.theta_mech
1775242677278,4.834340572357178,monitor_data.theta_mech
1775242677279,4.834340572357178,monitor_data.theta_mech
1775242677280,4.833957195281982,monitor_data.theta_mech
1775242677281,4.833189964294434,monitor_data.theta_mech
1775242677282,4.833957195281982,monitor_data.theta_mech
1775242677283,4.834340572357178,monitor_data.theta_mech
1775242677284,4.833957195281982,monitor_data.theta_mech
1775242677285,4.833957195281982,monitor_data.theta_mech
1775242677286,4.834340572357178,monitor_data.theta_mech
1775242677287,4.833957195281982,monitor_data.theta_mech
1775242677288,4.833957195281982,monitor_data.theta_mech
1775242677289,4.833957195281982,monitor_data.theta_mech
1775242677290,4.833573341369629,monitor_data.theta_mech
1775242677291,4.834723949432373,monitor_data.theta_mech
1775242677292,4.833573341369629,monitor_data.theta_mech
1775242677293,4.834340572357178,monitor_data.theta_mech
1775242677294,4.833573341369629,monitor_data.theta_mech
1775242677295,4.834723949432373,monitor_data.theta_mech
1775242677296,4.833573341369629,monitor_data.theta_mech
1775242677297,4.834340572357178,monitor_data.theta_mech
1775242677298,4.833189964294434,monitor_data.theta_mech
1775242677299,4.833957195281982,monitor_data.theta_mech
1775242677300,4.834340572357178,monitor_data.theta_mech
1775242677301,4.833957195281982,monitor_data.theta_mech
1775242677302,0,monitor_data.speed_ref
1775242677303,0,monitor_data.speed_ref
1775242677304,0,monitor_data.speed_ref
1775242677305,0,monitor_data.speed_ref
1775242677306,0,monitor_data.speed_ref
1775242677307,0,monitor_data.speed_ref
1775242677308,0,monitor_data.speed_ref
1775242677309,0,monitor_data.speed_ref
1775242677310,0,monitor_data.speed_ref
1775242677311,0,monitor_data.speed_ref
1775242677312,0,monitor_data.speed_ref
1775242677313,0,monitor_data.speed_ref
1775242677314,0,monitor_data.speed_ref
1775242677315,0,monitor_data.speed_ref
1775242677316,0,monitor_data.speed_ref
1775242677317,0,monitor_data.speed_ref
1775242677318,0,monitor_data.speed_ref
1775242677319,0,monitor_data.speed_ref
1775242677320,0,monitor_data.speed_ref
1775242677321,0,monitor_data.speed_ref
1775242677322,0,monitor_data.speed_ref
1775242677323,0,monitor_data.speed_ref
1775242677324,0,monitor_data.speed_ref
1775242677325,0,monitor_data.speed_ref
1775242677326,0,monitor_data.speed_ref
1775242677327,0,monitor_data.speed_ref
1775242677328,0,monitor_data.speed_ref
1775242677329,0,monitor_data.speed_ref
1775242677330,0,monitor_data.speed_ref
1775242677331,0,monitor_data.speed_ref
1775242677332,0,monitor_data.speed_ref
1775242677333,0,monitor_data.speed_ref
1775242677334,0,monitor_data.speed_ref
1775242677335,0,monitor_data.speed_ref
1775242677336,0,monitor_data.speed_ref
1775242677337,0,monitor_data.speed_ref
1775242677338,0,monitor_data.speed_ref
1775242677339,0,monitor_data.speed_ref
1775242677340,0,monitor_data.speed_ref
1775242677341,0,monitor_data.speed_ref
1775242677342,0,monitor_data.speed_ref
1775242677343,0,monitor_data.speed_ref
1775242677344,0,monitor_data.speed_ref
1775242677345,0,monitor_data.speed_ref
1775242677346,0,monitor_data.speed_ref
1775242677347,0,monitor_data.speed_ref
1775242677348,0,monitor_data.speed_ref
1775242677349,0,monitor_data.speed_ref
1775242677350,0,monitor_data.speed_ref
1775242677351,0,monitor_data.speed_ref
1775242677352,0,monitor_data.speed_ref
1775242677302,4.832806587219238,monitor_data.theta_mech
1775242677303,4.834340572357178,monitor_data.theta_mech
1775242677304,4.834340572357178,monitor_data.theta_mech
1775242677305,4.833957195281982,monitor_data.theta_mech
1775242677306,4.834340572357178,monitor_data.theta_mech
1775242677307,4.833957195281982,monitor_data.theta_mech
1775242677308,4.833957195281982,monitor_data.theta_mech
1775242677309,4.833957195281982,monitor_data.theta_mech
1775242677310,4.833573341369629,monitor_data.theta_mech
1775242677311,4.834340572357178,monitor_data.theta_mech
1775242677312,4.833573341369629,monitor_data.theta_mech
1775242677313,4.833957195281982,monitor_data.theta_mech
1775242677314,4.834340572357178,monitor_data.theta_mech
1775242677315,4.833957195281982,monitor_data.theta_mech
1775242677316,4.833957195281982,monitor_data.theta_mech
1775242677317,4.834723949432373,monitor_data.theta_mech
1775242677318,4.833957195281982,monitor_data.theta_mech
1775242677319,4.833573341369629,monitor_data.theta_mech
1775242677320,4.834340572357178,monitor_data.theta_mech
1775242677321,4.834340572357178,monitor_data.theta_mech
1775242677322,4.833957195281982,monitor_data.theta_mech
1775242677323,4.834340572357178,monitor_data.theta_mech
1775242677324,4.833957195281982,monitor_data.theta_mech
1775242677325,4.833957195281982,monitor_data.theta_mech
1775242677326,4.834340572357178,monitor_data.theta_mech
1775242677327,4.833957195281982,monitor_data.theta_mech
1775242677328,4.833573341369629,monitor_data.theta_mech
1775242677329,4.833957195281982,monitor_data.theta_mech
1775242677330,4.833573341369629,monitor_data.theta_mech
1775242677331,4.833957195281982,monitor_data.theta_mech
1775242677332,4.833573341369629,monitor_data.theta_mech
1775242677333,4.833957195281982,monitor_data.theta_mech
1775242677334,4.834723949432373,monitor_data.theta_mech
1775242677335,4.833957195281982,monitor_data.theta_mech
1775242677336,4.834340572357178,monitor_data.theta_mech
1775242677337,4.832806587219238,monitor_data.theta_mech
1775242677338,4.834340572357178,monitor_data.theta_mech
1775242677339,4.834340572357178,monitor_data.theta_mech
1775242677340,4.833573341369629,monitor_data.theta_mech
1775242677341,4.833573341369629,monitor_data.theta_mech
1775242677342,4.834340572357178,monitor_data.theta_mech
1775242677343,4.833189964294434,monitor_data.theta_mech
1775242677344,4.834340572357178,monitor_data.theta_mech
1775242677345,4.834340572357178,monitor_data.theta_mech
1775242677346,4.834340572357178,monitor_data.theta_mech
1775242677347,4.833573341369629,monitor_data.theta_mech
1775242677348,4.833957195281982,monitor_data.theta_mech
1775242677349,4.833957195281982,monitor_data.theta_mech
1775242677350,4.834340572357178,monitor_data.theta_mech
1775242677351,4.834340572357178,monitor_data.theta_mech
1775242677352,4.833957195281982,monitor_data.theta_mech
1775242677353,0,monitor_data.speed_ref
1775242677354,0,monitor_data.speed_ref
1775242677355,0,monitor_data.speed_ref
1775242677356,0,monitor_data.speed_ref
1775242677357,0,monitor_data.speed_ref
1775242677358,0,monitor_data.speed_ref
1775242677359,0,monitor_data.speed_ref
1775242677360,0,monitor_data.speed_ref
1775242677361,0,monitor_data.speed_ref
1775242677362,0,monitor_data.speed_ref
1775242677363,0,monitor_data.speed_ref
1775242677364,0,monitor_data.speed_ref
1775242677365,0,monitor_data.speed_ref
1775242677366,0,monitor_data.speed_ref
1775242677367,0,monitor_data.speed_ref
1775242677368,0,monitor_data.speed_ref
1775242677369,0,monitor_data.speed_ref
1775242677370,0,monitor_data.speed_ref
1775242677371,0,monitor_data.speed_ref
1775242677372,0,monitor_data.speed_ref
1775242677373,0,monitor_data.speed_ref
1775242677374,0,monitor_data.speed_ref
1775242677375,0,monitor_data.speed_ref
1775242677376,0,monitor_data.speed_ref
1775242677377,0,monitor_data.speed_ref
1775242677378,0,monitor_data.speed_ref
1775242677379,0,monitor_data.speed_ref
1775242677380,0,monitor_data.speed_ref
1775242677381,0,monitor_data.speed_ref
1775242677382,0,monitor_data.speed_ref
1775242677383,0,monitor_data.speed_ref
1775242677384,0,monitor_data.speed_ref
1775242677385,0,monitor_data.speed_ref
1775242677386,0,monitor_data.speed_ref
1775242677387,0,monitor_data.speed_ref
1775242677388,0,monitor_data.speed_ref
1775242677389,0,monitor_data.speed_ref
1775242677390,0,monitor_data.speed_ref
1775242677391,0,monitor_data.speed_ref
1775242677392,0,monitor_data.speed_ref
1775242677393,0,monitor_data.speed_ref
1775242677394,0,monitor_data.speed_ref
1775242677395,0,monitor_data.speed_ref
1775242677396,0,monitor_data.speed_ref
1775242677397,0,monitor_data.speed_ref
1775242677398,0,monitor_data.speed_ref
1775242677399,0,monitor_data.speed_ref
1775242677400,0,monitor_data.speed_ref
1775242677401,0,monitor_data.speed_ref
1775242677353,4.833957195281982,monitor_data.theta_mech
1775242677354,4.834340572357178,monitor_data.theta_mech
1775242677355,4.833957195281982,monitor_data.theta_mech
1775242677356,4.833189964294434,monitor_data.theta_mech
1775242677357,4.833573341369629,monitor_data.theta_mech
1775242677358,4.833189964294434,monitor_data.theta_mech
1775242677359,4.833957195281982,monitor_data.theta_mech
1775242677360,4.833573341369629,monitor_data.theta_mech
1775242677361,4.833957195281982,monitor_data.theta_mech
1775242677362,4.834723949432373,monitor_data.theta_mech
1775242677363,4.834340572357178,monitor_data.theta_mech
1775242677364,4.834340572357178,monitor_data.theta_mech
1775242677365,4.833957195281982,monitor_data.theta_mech
1775242677366,4.833573341369629,monitor_data.theta_mech
1775242677367,4.833957195281982,monitor_data.theta_mech
1775242677368,4.834340572357178,monitor_data.theta_mech
1775242677369,4.834340572357178,monitor_data.theta_mech
1775242677370,4.833573341369629,monitor_data.theta_mech
1775242677371,4.833573341369629,monitor_data.theta_mech
1775242677372,4.833573341369629,monitor_data.theta_mech
1775242677373,4.834340572357178,monitor_data.theta_mech
1775242677374,4.833957195281982,monitor_data.theta_mech
1775242677375,4.833189964294434,monitor_data.theta_mech
1775242677376,4.833957195281982,monitor_data.theta_mech
1775242677377,4.833189964294434,monitor_data.theta_mech
1775242677378,4.833957195281982,monitor_data.theta_mech
1775242677379,4.833957195281982,monitor_data.theta_mech
1775242677380,4.833573341369629,monitor_data.theta_mech
1775242677381,4.834340572357178,monitor_data.theta_mech
1775242677382,4.833957195281982,monitor_data.theta_mech
1775242677383,4.834723949432373,monitor_data.theta_mech
1775242677384,4.833573341369629,monitor_data.theta_mech
1775242677385,4.833573341369629,monitor_data.theta_mech
1775242677386,4.833573341369629,monitor_data.theta_mech
1775242677387,4.834340572357178,monitor_data.theta_mech
1775242677388,4.833957195281982,monitor_data.theta_mech
1775242677389,4.833573341369629,monitor_data.theta_mech
1775242677390,4.833957195281982,monitor_data.theta_mech
1775242677391,4.834340572357178,monitor_data.theta_mech
1775242677392,4.834340572357178,monitor_data.theta_mech
1775242677393,4.833957195281982,monitor_data.theta_mech
1775242677394,4.834340572357178,monitor_data.theta_mech
1775242677395,4.835490703582764,monitor_data.theta_mech
1775242677396,4.834340572357178,monitor_data.theta_mech
1775242677397,4.833957195281982,monitor_data.theta_mech
1775242677398,4.833957195281982,monitor_data.theta_mech
1775242677399,4.833573341369629,monitor_data.theta_mech
1775242677400,4.833957195281982,monitor_data.theta_mech
1775242677401,4.834340572357178,monitor_data.theta_mech
1775242677402,0,monitor_data.speed_ref
1775242677403,0,monitor_data.speed_ref
1775242677404,0,monitor_data.speed_ref
1775242677405,0,monitor_data.speed_ref
1775242677406,0,monitor_data.speed_ref
1775242677407,0,monitor_data.speed_ref
1775242677408,0,monitor_data.speed_ref
1775242677409,0,monitor_data.speed_ref
1775242677410,0,monitor_data.speed_ref
1775242677411,0,monitor_data.speed_ref
1775242677412,0,monitor_data.speed_ref
1775242677413,0,monitor_data.speed_ref
1775242677414,0,monitor_data.speed_ref
1775242677415,0,monitor_data.speed_ref
1775242677416,0,monitor_data.speed_ref
1775242677417,0,monitor_data.speed_ref
1775242677418,0,monitor_data.speed_ref
1775242677419,0,monitor_data.speed_ref
1775242677420,0,monitor_data.speed_ref
1775242677421,0,monitor_data.speed_ref
1775242677422,0,monitor_data.speed_ref
1775242677423,0,monitor_data.speed_ref
1775242677424,0,monitor_data.speed_ref
1775242677425,0,monitor_data.speed_ref
1775242677426,0,monitor_data.speed_ref
1775242677427,0,monitor_data.speed_ref
1775242677428,0,monitor_data.speed_ref
1775242677429,0,monitor_data.speed_ref
1775242677430,0,monitor_data.speed_ref
1775242677431,0,monitor_data.speed_ref
1775242677432,0,monitor_data.speed_ref
1775242677433,0,monitor_data.speed_ref
1775242677434,0,monitor_data.speed_ref
1775242677435,0,monitor_data.speed_ref
1775242677436,0,monitor_data.speed_ref
1775242677437,0,monitor_data.speed_ref
1775242677438,0,monitor_data.speed_ref
1775242677439,0,monitor_data.speed_ref
1775242677440,0,monitor_data.speed_ref
1775242677441,0,monitor_data.speed_ref
1775242677442,0,monitor_data.speed_ref
1775242677443,0,monitor_data.speed_ref
1775242677444,0,monitor_data.speed_ref
1775242677445,0,monitor_data.speed_ref
1775242677446,0,monitor_data.speed_ref
1775242677447,0,monitor_data.speed_ref
1775242677448,0,monitor_data.speed_ref
1775242677449,0,monitor_data.speed_ref
1775242677450,0,monitor_data.speed_ref
1775242677451,0,monitor_data.speed_ref
1775242677402,4.834340572357178,monitor_data.theta_mech
1775242677403,4.833957195281982,monitor_data.theta_mech
1775242677404,4.833189964294434,monitor_data.theta_mech
1775242677405,4.833573341369629,monitor_data.theta_mech
1775242677406,4.833957195281982,monitor_data.theta_mech
1775242677407,4.833957195281982,monitor_data.theta_mech
1775242677408,4.833957195281982,monitor_data.theta_mech
1775242677409,4.832806587219238,monitor_data.theta_mech
1775242677410,4.833189964294434,monitor_data.theta_mech
1775242677411,4.833957195281982,monitor_data.theta_mech
1775242677412,4.832806587219238,monitor_data.theta_mech
1775242677413,4.833957195281982,monitor_data.theta_mech
1775242677414,4.833957195281982,monitor_data.theta_mech
1775242677415,4.832423210144043,monitor_data.theta_mech
1775242677416,4.833957195281982,monitor_data.theta_mech
1775242677417,4.834723949432373,monitor_data.theta_mech
1775242677418,4.833957195281982,monitor_data.theta_mech
1775242677419,4.834340572357178,monitor_data.theta_mech
1775242677420,4.834723949432373,monitor_data.theta_mech
1775242677421,4.833573341369629,monitor_data.theta_mech
1775242677422,4.834723949432373,monitor_data.theta_mech
1775242677423,4.833573341369629,monitor_data.theta_mech
1775242677424,4.834340572357178,monitor_data.theta_mech
1775242677425,4.834340572357178,monitor_data.theta_mech
1775242677426,4.833957195281982,monitor_data.theta_mech
1775242677427,4.833189964294434,monitor_data.theta_mech
1775242677428,4.833189964294434,monitor_data.theta_mech
1775242677429,4.833189964294434,monitor_data.theta_mech
1775242677430,4.833957195281982,monitor_data.theta_mech
1775242677431,4.833573341369629,monitor_data.theta_mech
1775242677432,4.833189964294434,monitor_data.theta_mech
1775242677433,4.832806587219238,monitor_data.theta_mech
1775242677434,4.833189964294434,monitor_data.theta_mech
1775242677435,4.833573341369629,monitor_data.theta_mech
1775242677436,4.833573341369629,monitor_data.theta_mech
1775242677437,4.834340572357178,monitor_data.theta_mech
1775242677438,4.833957195281982,monitor_data.theta_mech
1775242677439,4.834340572357178,monitor_data.theta_mech
1775242677440,4.833957195281982,monitor_data.theta_mech
1775242677441,4.833573341369629,monitor_data.theta_mech
1775242677442,4.834340572357178,monitor_data.theta_mech
1775242677443,4.833573341369629,monitor_data.theta_mech
1775242677444,4.835107326507568,monitor_data.theta_mech
1775242677445,4.834723949432373,monitor_data.theta_mech
1775242677446,4.833957195281982,monitor_data.theta_mech
1775242677447,4.833573341369629,monitor_data.theta_mech
1775242677448,4.833957195281982,monitor_data.theta_mech
1775242677449,4.834723949432373,monitor_data.theta_mech
1775242677450,4.834340572357178,monitor_data.theta_mech
1775242677451,4.833573341369629,monitor_data.theta_mech
1775242677452,0,monitor_data.speed_ref
1775242677453,0,monitor_data.speed_ref
1775242677454,0,monitor_data.speed_ref
1775242677455,0,monitor_data.speed_ref
1775242677456,0,monitor_data.speed_ref
1775242677457,0,monitor_data.speed_ref
1775242677458,0,monitor_data.speed_ref
1775242677459,0,monitor_data.speed_ref
1775242677460,0,monitor_data.speed_ref
1775242677461,0,monitor_data.speed_ref
1775242677462,0,monitor_data.speed_ref
1775242677463,0,monitor_data.speed_ref
1775242677464,0,monitor_data.speed_ref
1775242677465,0,monitor_data.speed_ref
1775242677466,0,monitor_data.speed_ref
1775242677467,0,monitor_data.speed_ref
1775242677468,0,monitor_data.speed_ref
1775242677469,0,monitor_data.speed_ref
1775242677470,0,monitor_data.speed_ref
1775242677471,0,monitor_data.speed_ref
1775242677472,0,monitor_data.speed_ref
1775242677473,0,monitor_data.speed_ref
1775242677474,0,monitor_data.speed_ref
1775242677475,0,monitor_data.speed_ref
1775242677476,0,monitor_data.speed_ref
1775242677477,0,monitor_data.speed_ref
1775242677478,0,monitor_data.speed_ref
1775242677479,0,monitor_data.speed_ref
1775242677480,0,monitor_data.speed_ref
1775242677481,0,monitor_data.speed_ref
1775242677482,0,monitor_data.speed_ref
1775242677483,0,monitor_data.speed_ref
1775242677484,0,monitor_data.speed_ref
1775242677485,0,monitor_data.speed_ref
1775242677486,0,monitor_data.speed_ref
1775242677487,0,monitor_data.speed_ref
1775242677488,0,monitor_data.speed_ref
1775242677489,0,monitor_data.speed_ref
1775242677490,0,monitor_data.speed_ref
1775242677491,0,monitor_data.speed_ref
1775242677492,0,monitor_data.speed_ref
1775242677493,0,monitor_data.speed_ref
1775242677494,0,monitor_data.speed_ref
1775242677495,0,monitor_data.speed_ref
1775242677496,0,monitor_data.speed_ref
1775242677497,0,monitor_data.speed_ref
1775242677498,0,monitor_data.speed_ref
1775242677499,0,monitor_data.speed_ref
1775242677500,0,monitor_data.speed_ref
1775242677501,0,monitor_data.speed_ref
1775242677502,0,monitor_data.speed_ref
1775242677452,4.833957195281982,monitor_data.theta_mech
1775242677453,4.833573341369629,monitor_data.theta_mech
1775242677454,4.834340572357178,monitor_data.theta_mech
1775242677455,4.833957195281982,monitor_data.theta_mech
1775242677456,4.832806587219238,monitor_data.theta_mech
1775242677457,4.833957195281982,monitor_data.theta_mech
1775242677458,4.833189964294434,monitor_data.theta_mech
1775242677459,4.833957195281982,monitor_data.theta_mech
1775242677460,4.833573341369629,monitor_data.theta_mech
1775242677461,4.833189964294434,monitor_data.theta_mech
1775242677462,4.834340572357178,monitor_data.theta_mech
1775242677463,4.833957195281982,monitor_data.theta_mech
1775242677464,4.834340572357178,monitor_data.theta_mech
1775242677465,4.833573341369629,monitor_data.theta_mech
1775242677466,4.833957195281982,monitor_data.theta_mech
1775242677467,4.833189964294434,monitor_data.theta_mech
1775242677468,4.833189964294434,monitor_data.theta_mech
1775242677469,4.833957195281982,monitor_data.theta_mech
1775242677470,4.834723949432373,monitor_data.theta_mech
1775242677471,4.833573341369629,monitor_data.theta_mech
1775242677472,4.833957195281982,monitor_data.theta_mech
1775242677473,4.834340572357178,monitor_data.theta_mech
1775242677474,4.834340572357178,monitor_data.theta_mech
1775242677475,4.833573341369629,monitor_data.theta_mech
1775242677476,4.834340572357178,monitor_data.theta_mech
1775242677477,4.834723949432373,monitor_data.theta_mech
1775242677478,4.834723949432373,monitor_data.theta_mech
1775242677479,4.833957195281982,monitor_data.theta_mech
1775242677480,4.834340572357178,monitor_data.theta_mech
1775242677481,4.834340572357178,monitor_data.theta_mech
1775242677482,4.833573341369629,monitor_data.theta_mech
1775242677483,4.833957195281982,monitor_data.theta_mech
1775242677484,4.834340572357178,monitor_data.theta_mech
1775242677485,4.833957195281982,monitor_data.theta_mech
1775242677486,4.834340572357178,monitor_data.theta_mech
1775242677487,4.833189964294434,monitor_data.theta_mech
1775242677488,4.833573341369629,monitor_data.theta_mech
1775242677489,4.833573341369629,monitor_data.theta_mech
1775242677490,4.832806587219238,monitor_data.theta_mech
1775242677491,4.833189964294434,monitor_data.theta_mech
1775242677492,4.833957195281982,monitor_data.theta_mech
1775242677493,4.834340572357178,monitor_data.theta_mech
1775242677494,4.833957195281982,monitor_data.theta_mech
1775242677495,4.834340572357178,monitor_data.theta_mech
1775242677496,4.833189964294434,monitor_data.theta_mech
1775242677497,4.833189964294434,monitor_data.theta_mech
1775242677498,4.834723949432373,monitor_data.theta_mech
1775242677499,4.834723949432373,monitor_data.theta_mech
1775242677500,4.833189964294434,monitor_data.theta_mech
1775242677501,4.834340572357178,monitor_data.theta_mech
1775242677502,4.833957195281982,monitor_data.theta_mech
1775242677503,0,monitor_data.speed_ref
1775242677504,0,monitor_data.speed_ref
1775242677505,0,monitor_data.speed_ref
1775242677506,0,monitor_data.speed_ref
1775242677507,0,monitor_data.speed_ref
1775242677508,0,monitor_data.speed_ref
1775242677509,0,monitor_data.speed_ref
1775242677510,0,monitor_data.speed_ref
1775242677511,0,monitor_data.speed_ref
1775242677512,0,monitor_data.speed_ref
1775242677513,0,monitor_data.speed_ref
1775242677514,0,monitor_data.speed_ref
1775242677515,0,monitor_data.speed_ref
1775242677516,0,monitor_data.speed_ref
1775242677517,0,monitor_data.speed_ref
1775242677518,0,monitor_data.speed_ref
1775242677519,0,monitor_data.speed_ref
1775242677520,0,monitor_data.speed_ref
1775242677521,0,monitor_data.speed_ref
1775242677522,0,monitor_data.speed_ref
1775242677523,0,monitor_data.speed_ref
1775242677524,0,monitor_data.speed_ref
1775242677525,0,monitor_data.speed_ref
1775242677526,0,monitor_data.speed_ref
1775242677527,0,monitor_data.speed_ref
1775242677528,0,monitor_data.speed_ref
1775242677529,0,monitor_data.speed_ref
1775242677532,0,monitor_data.speed_ref
1775242677532,0,monitor_data.speed_ref
1775242677533,0,monitor_data.speed_ref
1775242677534,0,monitor_data.speed_ref
1775242677535,0,monitor_data.speed_ref
1775242677535,0,monitor_data.speed_ref
1775242677536,0,monitor_data.speed_ref
1775242677537,0,monitor_data.speed_ref
1775242677538,0,monitor_data.speed_ref
1775242677539,0,monitor_data.speed_ref
1775242677540,0,monitor_data.speed_ref
1775242677541,0,monitor_data.speed_ref
1775242677542,0,monitor_data.speed_ref
1775242677543,0,monitor_data.speed_ref
1775242677544,0,monitor_data.speed_ref
1775242677545,0,monitor_data.speed_ref
1775242677547,0,monitor_data.speed_ref
1775242677548,0,monitor_data.speed_ref
1775242677549,0,monitor_data.speed_ref
1775242677550,0,monitor_data.speed_ref
1775242677551,0,monitor_data.speed_ref
1775242677503,4.833957195281982,monitor_data.theta_mech
1775242677504,4.834723949432373,monitor_data.theta_mech
1775242677505,4.833957195281982,monitor_data.theta_mech
1775242677506,4.834340572357178,monitor_data.theta_mech
1775242677507,4.834340572357178,monitor_data.theta_mech
1775242677508,4.834723949432373,monitor_data.theta_mech
1775242677509,4.833957195281982,monitor_data.theta_mech
1775242677510,4.833957195281982,monitor_data.theta_mech
1775242677511,4.833957195281982,monitor_data.theta_mech
1775242677512,4.833957195281982,monitor_data.theta_mech
1775242677513,4.833189964294434,monitor_data.theta_mech
1775242677514,4.833957195281982,monitor_data.theta_mech
1775242677515,4.833573341369629,monitor_data.theta_mech
1775242677516,4.834340572357178,monitor_data.theta_mech
1775242677517,4.833957195281982,monitor_data.theta_mech
1775242677518,4.833573341369629,monitor_data.theta_mech
1775242677519,4.833189964294434,monitor_data.theta_mech
1775242677520,4.834340572357178,monitor_data.theta_mech
1775242677521,4.833957195281982,monitor_data.theta_mech
1775242677522,4.833957195281982,monitor_data.theta_mech
1775242677523,4.833189964294434,monitor_data.theta_mech
1775242677524,4.834340572357178,monitor_data.theta_mech
1775242677525,4.834340572357178,monitor_data.theta_mech
1775242677526,4.833957195281982,monitor_data.theta_mech
1775242677527,4.833573341369629,monitor_data.theta_mech
1775242677528,4.833957195281982,monitor_data.theta_mech
1775242677529,4.833957195281982,monitor_data.theta_mech
1775242677532,4.834340572357178,monitor_data.theta_mech
1775242677532,4.833957195281982,monitor_data.theta_mech
1775242677533,4.833189964294434,monitor_data.theta_mech
1775242677534,4.834340572357178,monitor_data.theta_mech
1775242677535,4.835107326507568,monitor_data.theta_mech
1775242677535,4.833957195281982,monitor_data.theta_mech
1775242677536,4.834340572357178,monitor_data.theta_mech
1775242677537,4.833189964294434,monitor_data.theta_mech
1775242677538,4.833189964294434,monitor_data.theta_mech
1775242677539,4.833573341369629,monitor_data.theta_mech
1775242677540,4.833957195281982,monitor_data.theta_mech
1775242677541,4.833957195281982,monitor_data.theta_mech
1775242677542,4.833189964294434,monitor_data.theta_mech
1775242677543,4.833573341369629,monitor_data.theta_mech
1775242677544,4.833957195281982,monitor_data.theta_mech
1775242677545,4.832423210144043,monitor_data.theta_mech
1775242677547,4.833189964294434,monitor_data.theta_mech
1775242677548,4.833189964294434,monitor_data.theta_mech
1775242677549,4.833573341369629,monitor_data.theta_mech
1775242677550,4.833957195281982,monitor_data.theta_mech
1775242677551,4.834340572357178,monitor_data.theta_mech
1775242677552,0,monitor_data.speed_ref
1775242677552,0,monitor_data.speed_ref
1775242677553,0,monitor_data.speed_ref
1775242677554,0,monitor_data.speed_ref
1775242677555,0,monitor_data.speed_ref
1775242677556,0,monitor_data.speed_ref
1775242677557,0,monitor_data.speed_ref
1775242677558,0,monitor_data.speed_ref
1775242677559,0,monitor_data.speed_ref
1775242677560,0,monitor_data.speed_ref
1775242677561,0,monitor_data.speed_ref
1775242677562,0,monitor_data.speed_ref
1775242677563,0,monitor_data.speed_ref
1775242677564,0,monitor_data.speed_ref
1775242677566,0,monitor_data.speed_ref
1775242677566,0,monitor_data.speed_ref
1775242677567,0,monitor_data.speed_ref
1775242677568,0,monitor_data.speed_ref
1775242677569,0,monitor_data.speed_ref
1775242677570,0,monitor_data.speed_ref
1775242677571,0,monitor_data.speed_ref
1775242677572,0,monitor_data.speed_ref
1775242677573,0,monitor_data.speed_ref
1775242677574,0,monitor_data.speed_ref
1775242677575,0,monitor_data.speed_ref
1775242677576,0,monitor_data.speed_ref
1775242677577,0,monitor_data.speed_ref
1775242677578,0,monitor_data.speed_ref
1775242677579,0,monitor_data.speed_ref
1775242677580,0,monitor_data.speed_ref
1775242677581,0,monitor_data.speed_ref
1775242677582,0,monitor_data.speed_ref
1775242677583,0,monitor_data.speed_ref
1775242677584,0,monitor_data.speed_ref
1775242677585,0,monitor_data.speed_ref
1775242677586,0,monitor_data.speed_ref
1775242677587,0,monitor_data.speed_ref
1775242677588,0,monitor_data.speed_ref
1775242677589,0,monitor_data.speed_ref
1775242677590,0,monitor_data.speed_ref
1775242677591,0,monitor_data.speed_ref
1775242677592,0,monitor_data.speed_ref
1775242677593,0,monitor_data.speed_ref
1775242677594,0,monitor_data.speed_ref
1775242677595,0,monitor_data.speed_ref
1775242677596,0,monitor_data.speed_ref
1775242677597,0,monitor_data.speed_ref
1775242677598,0,monitor_data.speed_ref
1775242677599,0,monitor_data.speed_ref
1775242677600,0,monitor_data.speed_ref
1775242677601,0,monitor_data.speed_ref
1775242677602,0,monitor_data.speed_ref
1775242677603,0,monitor_data.speed_ref
1775242677552,4.833189964294434,monitor_data.theta_mech
1775242677552,4.834340572357178,monitor_data.theta_mech
1775242677553,4.833957195281982,monitor_data.theta_mech
1775242677554,4.833957195281982,monitor_data.theta_mech
1775242677555,4.834723949432373,monitor_data.theta_mech
1775242677556,4.833957195281982,monitor_data.theta_mech
1775242677557,4.833957195281982,monitor_data.theta_mech
1775242677558,4.833957195281982,monitor_data.theta_mech
1775242677559,4.834340572357178,monitor_data.theta_mech
1775242677560,4.833573341369629,monitor_data.theta_mech
1775242677561,4.834340572357178,monitor_data.theta_mech
1775242677562,4.834340572357178,monitor_data.theta_mech
1775242677563,4.833957195281982,monitor_data.theta_mech
1775242677564,4.833573341369629,monitor_data.theta_mech
1775242677566,4.833573341369629,monitor_data.theta_mech
1775242677566,4.834340572357178,monitor_data.theta_mech
1775242677567,4.833957195281982,monitor_data.theta_mech
1775242677568,4.833957195281982,monitor_data.theta_mech
1775242677569,4.833957195281982,monitor_data.theta_mech
1775242677570,4.833573341369629,monitor_data.theta_mech
1775242677571,4.833189964294434,monitor_data.theta_mech
1775242677572,4.833189964294434,monitor_data.theta_mech
1775242677573,4.833573341369629,monitor_data.theta_mech
1775242677574,4.833573341369629,monitor_data.theta_mech
1775242677575,4.833957195281982,monitor_data.theta_mech
1775242677576,4.833957195281982,monitor_data.theta_mech
1775242677577,4.833957195281982,monitor_data.theta_mech
1775242677578,4.833957195281982,monitor_data.theta_mech
1775242677579,4.833189964294434,monitor_data.theta_mech
1775242677580,4.834723949432373,monitor_data.theta_mech
1775242677581,4.834723949432373,monitor_data.theta_mech
1775242677582,4.833957195281982,monitor_data.theta_mech
1775242677583,4.834723949432373,monitor_data.theta_mech
1775242677584,4.834340572357178,monitor_data.theta_mech
1775242677585,4.833573341369629,monitor_data.theta_mech
1775242677586,4.833957195281982,monitor_data.theta_mech
1775242677587,4.833573341369629,monitor_data.theta_mech
1775242677588,4.833957195281982,monitor_data.theta_mech
1775242677589,4.834340572357178,monitor_data.theta_mech
1775242677590,4.833573341369629,monitor_data.theta_mech
1775242677591,4.833189964294434,monitor_data.theta_mech
1775242677592,4.833957195281982,monitor_data.theta_mech
1775242677593,4.833189964294434,monitor_data.theta_mech
1775242677594,4.832423210144043,monitor_data.theta_mech
1775242677595,4.833957195281982,monitor_data.theta_mech
1775242677596,4.833189964294434,monitor_data.theta_mech
1775242677597,4.833189964294434,monitor_data.theta_mech
1775242677598,4.833573341369629,monitor_data.theta_mech
1775242677599,4.834340572357178,monitor_data.theta_mech
1775242677600,4.833957195281982,monitor_data.theta_mech
1775242677601,4.834340572357178,monitor_data.theta_mech
1775242677602,4.833957195281982,monitor_data.theta_mech
1775242677603,4.833957195281982,monitor_data.theta_mech
1775242677604,0,monitor_data.speed_ref
1775242677605,0,monitor_data.speed_ref
1775242677606,0,monitor_data.speed_ref
1775242677607,0,monitor_data.speed_ref
1775242677608,0,monitor_data.speed_ref
1775242677609,0,monitor_data.speed_ref
1775242677610,0,monitor_data.speed_ref
1775242677611,0,monitor_data.speed_ref
1775242677612,0,monitor_data.speed_ref
1775242677613,0,monitor_data.speed_ref
1775242677614,0,monitor_data.speed_ref
1775242677615,0,monitor_data.speed_ref
1775242677616,0,monitor_data.speed_ref
1775242677617,0,monitor_data.speed_ref
1775242677618,0,monitor_data.speed_ref
1775242677619,0,monitor_data.speed_ref
1775242677620,0,monitor_data.speed_ref
1775242677621,0,monitor_data.speed_ref
1775242677622,0,monitor_data.speed_ref
1775242677623,0,monitor_data.speed_ref
1775242677624,0,monitor_data.speed_ref
1775242677625,0,monitor_data.speed_ref
1775242677626,0,monitor_data.speed_ref
1775242677627,0,monitor_data.speed_ref
1775242677628,0,monitor_data.speed_ref
1775242677629,0,monitor_data.speed_ref
1775242677630,0,monitor_data.speed_ref
1775242677631,0,monitor_data.speed_ref
1775242677632,0,monitor_data.speed_ref
1775242677633,0,monitor_data.speed_ref
1775242677634,0,monitor_data.speed_ref
1775242677635,0,monitor_data.speed_ref
1775242677636,0,monitor_data.speed_ref
1775242677637,0,monitor_data.speed_ref
1775242677638,0,monitor_data.speed_ref
1775242677639,0,monitor_data.speed_ref
1775242677640,0,monitor_data.speed_ref
1775242677641,0,monitor_data.speed_ref
1775242677642,0,monitor_data.speed_ref
1775242677643,0,monitor_data.speed_ref
1775242677644,0,monitor_data.speed_ref
1775242677645,0,monitor_data.speed_ref
1775242677646,0,monitor_data.speed_ref
1775242677647,0,monitor_data.speed_ref
1775242677648,0,monitor_data.speed_ref
1775242677649,0,monitor_data.speed_ref
1775242677650,0,monitor_data.speed_ref
1775242677651,0,monitor_data.speed_ref
1775242677652,0,monitor_data.speed_ref
1775242677653,0,monitor_data.speed_ref
1775242677654,0,monitor_data.speed_ref
1775242677604,4.833957195281982,monitor_data.theta_mech
1775242677605,4.834340572357178,monitor_data.theta_mech
1775242677606,4.833573341369629,monitor_data.theta_mech
1775242677607,4.833957195281982,monitor_data.theta_mech
1775242677608,4.833573341369629,monitor_data.theta_mech
1775242677609,4.833957195281982,monitor_data.theta_mech
1775242677610,4.834340572357178,monitor_data.theta_mech
1775242677611,4.833573341369629,monitor_data.theta_mech
1775242677612,4.834340572357178,monitor_data.theta_mech
1775242677613,4.833573341369629,monitor_data.theta_mech
1775242677614,4.833957195281982,monitor_data.theta_mech
1775242677615,4.833189964294434,monitor_data.theta_mech
1775242677616,4.834340572357178,monitor_data.theta_mech
1775242677617,4.833573341369629,monitor_data.theta_mech
1775242677618,4.834340572357178,monitor_data.theta_mech
1775242677619,4.833957195281982,monitor_data.theta_mech
1775242677620,4.833573341369629,monitor_data.theta_mech
1775242677621,4.833957195281982,monitor_data.theta_mech
1775242677622,4.833573341369629,monitor_data.theta_mech
1775242677623,4.833573341369629,monitor_data.theta_mech
1775242677624,4.833573341369629,monitor_data.theta_mech
1775242677625,4.833573341369629,monitor_data.theta_mech
1775242677626,4.833573341369629,monitor_data.theta_mech
1775242677627,4.834340572357178,monitor_data.theta_mech
1775242677628,4.833957195281982,monitor_data.theta_mech
1775242677629,4.834340572357178,monitor_data.theta_mech
1775242677630,4.834723949432373,monitor_data.theta_mech
1775242677631,4.834340572357178,monitor_data.theta_mech
1775242677632,4.833573341369629,monitor_data.theta_mech
1775242677633,4.833957195281982,monitor_data.theta_mech
1775242677634,4.833957195281982,monitor_data.theta_mech
1775242677635,4.834340572357178,monitor_data.theta_mech
1775242677636,4.834723949432373,monitor_data.theta_mech
1775242677637,4.833573341369629,monitor_data.theta_mech
1775242677638,4.834340572357178,monitor_data.theta_mech
1775242677639,4.834723949432373,monitor_data.theta_mech
1775242677640,4.833573341369629,monitor_data.theta_mech
1775242677641,4.833957195281982,monitor_data.theta_mech
1775242677642,4.833957195281982,monitor_data.theta_mech
1775242677643,4.833957195281982,monitor_data.theta_mech
1775242677644,4.833957195281982,monitor_data.theta_mech
1775242677645,4.833957195281982,monitor_data.theta_mech
1775242677646,4.833573341369629,monitor_data.theta_mech
1775242677647,4.834340572357178,monitor_data.theta_mech
1775242677648,4.834340572357178,monitor_data.theta_mech
1775242677649,4.834340572357178,monitor_data.theta_mech
1775242677650,4.833957195281982,monitor_data.theta_mech
1775242677651,4.833189964294434,monitor_data.theta_mech
1775242677652,4.834723949432373,monitor_data.theta_mech
1775242677653,4.834723949432373,monitor_data.theta_mech
1775242677654,4.834340572357178,monitor_data.theta_mech
1775242677655,0,monitor_data.speed_ref
1775242677656,0,monitor_data.speed_ref
1775242677657,0,monitor_data.speed_ref
1775242677658,0,monitor_data.speed_ref
1775242677659,0,monitor_data.speed_ref
1775242677660,0,monitor_data.speed_ref
1775242677661,0,monitor_data.speed_ref
1775242677662,0,monitor_data.speed_ref
1775242677663,0,monitor_data.speed_ref
1775242677664,0,monitor_data.speed_ref
1775242677665,0,monitor_data.speed_ref
1775242677666,0,monitor_data.speed_ref
1775242677667,0,monitor_data.speed_ref
1775242677668,0,monitor_data.speed_ref
1775242677669,0,monitor_data.speed_ref
1775242677670,0,monitor_data.speed_ref
1775242677671,0,monitor_data.speed_ref
1775242677672,0,monitor_data.speed_ref
1775242677673,0,monitor_data.speed_ref
1775242677674,0,monitor_data.speed_ref
1775242677675,0,monitor_data.speed_ref
1775242677676,0,monitor_data.speed_ref
1775242677677,0,monitor_data.speed_ref
1775242677678,0,monitor_data.speed_ref
1775242677679,0,monitor_data.speed_ref
1775242677680,0,monitor_data.speed_ref
1775242677681,0,monitor_data.speed_ref
1775242677682,0,monitor_data.speed_ref
1775242677683,0,monitor_data.speed_ref
1775242677684,0,monitor_data.speed_ref
1775242677685,0,monitor_data.speed_ref
1775242677686,0,monitor_data.speed_ref
1775242677687,0,monitor_data.speed_ref
1775242677688,0,monitor_data.speed_ref
1775242677689,0,monitor_data.speed_ref
1775242677690,0,monitor_data.speed_ref
1775242677691,0,monitor_data.speed_ref
1775242677692,0,monitor_data.speed_ref
1775242677693,0,monitor_data.speed_ref
1775242677694,0,monitor_data.speed_ref
1775242677695,0,monitor_data.speed_ref
1775242677696,0,monitor_data.speed_ref
1775242677697,0,monitor_data.speed_ref
1775242677698,0,monitor_data.speed_ref
1775242677699,0,monitor_data.speed_ref
1775242677700,0,monitor_data.speed_ref
1775242677701,0,monitor_data.speed_ref
1775242677702,0,monitor_data.speed_ref
1775242677703,0,monitor_data.speed_ref
1775242677704,0,monitor_data.speed_ref
1775242677655,4.833573341369629,monitor_data.theta_mech
1775242677656,4.834340572357178,monitor_data.theta_mech
1775242677657,4.834340572357178,monitor_data.theta_mech
1775242677658,4.833189964294434,monitor_data.theta_mech
1775242677659,4.833189964294434,monitor_data.theta_mech
1775242677660,4.833957195281982,monitor_data.theta_mech
1775242677661,4.833957195281982,monitor_data.theta_mech
1775242677662,4.833189964294434,monitor_data.theta_mech
1775242677663,4.833957195281982,monitor_data.theta_mech
1775242677664,4.833189964294434,monitor_data.theta_mech
1775242677665,4.834340572357178,monitor_data.theta_mech
1775242677666,4.833189964294434,monitor_data.theta_mech
1775242677667,4.834340572357178,monitor_data.theta_mech
1775242677668,4.833957195281982,monitor_data.theta_mech
1775242677669,4.833573341369629,monitor_data.theta_mech
1775242677670,4.834340572357178,monitor_data.theta_mech
1775242677671,4.833573341369629,monitor_data.theta_mech
1775242677672,4.833189964294434,monitor_data.theta_mech
1775242677673,4.833189964294434,monitor_data.theta_mech
1775242677674,4.833189964294434,monitor_data.theta_mech
1775242677675,4.833957195281982,monitor_data.theta_mech
1775242677676,4.834723949432373,monitor_data.theta_mech
1775242677677,4.832806587219238,monitor_data.theta_mech
1775242677678,4.833189964294434,monitor_data.theta_mech
1775242677679,4.834723949432373,monitor_data.theta_mech
1775242677680,4.833573341369629,monitor_data.theta_mech
1775242677681,4.832806587219238,monitor_data.theta_mech
1775242677682,4.833189964294434,monitor_data.theta_mech
1775242677683,4.833573341369629,monitor_data.theta_mech
1775242677684,4.834340572357178,monitor_data.theta_mech
1775242677685,4.833573341369629,monitor_data.theta_mech
1775242677686,4.833573341369629,monitor_data.theta_mech
1775242677687,4.832423210144043,monitor_data.theta_mech
1775242677688,4.833957195281982,monitor_data.theta_mech
1775242677689,4.833957195281982,monitor_data.theta_mech
1775242677690,4.834340572357178,monitor_data.theta_mech
1775242677691,4.833573341369629,monitor_data.theta_mech
1775242677692,4.833573341369629,monitor_data.theta_mech
1775242677693,4.834340572357178,monitor_data.theta_mech
1775242677694,4.833957195281982,monitor_data.theta_mech
1775242677695,4.834723949432373,monitor_data.theta_mech
1775242677696,4.834340572357178,monitor_data.theta_mech
1775242677697,4.834340572357178,monitor_data.theta_mech
1775242677698,4.834723949432373,monitor_data.theta_mech
1775242677699,4.834340572357178,monitor_data.theta_mech
1775242677700,4.834723949432373,monitor_data.theta_mech
1775242677701,4.833573341369629,monitor_data.theta_mech
1775242677702,4.834340572357178,monitor_data.theta_mech
1775242677703,4.834723949432373,monitor_data.theta_mech
1775242677704,4.833957195281982,monitor_data.theta_mech
1775242677705,0,monitor_data.speed_ref
1775242677706,0,monitor_data.speed_ref
1775242677707,0,monitor_data.speed_ref
1775242677708,0,monitor_data.speed_ref
1775242677709,0,monitor_data.speed_ref
1775242677710,0,monitor_data.speed_ref
1775242677711,0,monitor_data.speed_ref
1775242677712,0,monitor_data.speed_ref
1775242677713,0,monitor_data.speed_ref
1775242677714,0,monitor_data.speed_ref
1775242677715,0,monitor_data.speed_ref
1775242677716,0,monitor_data.speed_ref
1775242677717,0,monitor_data.speed_ref
1775242677718,0,monitor_data.speed_ref
1775242677719,0,monitor_data.speed_ref
1775242677720,0,monitor_data.speed_ref
1775242677721,0,monitor_data.speed_ref
1775242677722,0,monitor_data.speed_ref
1775242677723,0,monitor_data.speed_ref
1775242677724,0,monitor_data.speed_ref
1775242677725,0,monitor_data.speed_ref
1775242677726,0,monitor_data.speed_ref
1775242677727,0,monitor_data.speed_ref
1775242677728,0,monitor_data.speed_ref
1775242677729,0,monitor_data.speed_ref
1775242677730,0,monitor_data.speed_ref
1775242677731,0,monitor_data.speed_ref
1775242677732,0,monitor_data.speed_ref
1775242677733,0,monitor_data.speed_ref
1775242677734,0,monitor_data.speed_ref
1775242677735,0,monitor_data.speed_ref
1775242677736,0,monitor_data.speed_ref
1775242677737,0,monitor_data.speed_ref
1775242677738,0,monitor_data.speed_ref
1775242677739,0,monitor_data.speed_ref
1775242677740,0,monitor_data.speed_ref
1775242677741,0,monitor_data.speed_ref
1775242677742,0,monitor_data.speed_ref
1775242677743,0,monitor_data.speed_ref
1775242677744,0,monitor_data.speed_ref
1775242677745,0,monitor_data.speed_ref
1775242677746,0,monitor_data.speed_ref
1775242677747,0,monitor_data.speed_ref
1775242677748,0,monitor_data.speed_ref
1775242677749,0,monitor_data.speed_ref
1775242677750,0,monitor_data.speed_ref
1775242677751,0,monitor_data.speed_ref
1775242677752,0,monitor_data.speed_ref
1775242677753,0,monitor_data.speed_ref
1775242677754,0,monitor_data.speed_ref
1775242677755,0,monitor_data.speed_ref
1775242677705,4.833573341369629,monitor_data.theta_mech
1775242677706,4.834340572357178,monitor_data.theta_mech
1775242677707,4.833189964294434,monitor_data.theta_mech
1775242677708,4.833189964294434,monitor_data.theta_mech
1775242677709,4.833573341369629,monitor_data.theta_mech
1775242677710,4.833573341369629,monitor_data.theta_mech
1775242677711,4.833573341369629,monitor_data.theta_mech
1775242677712,4.833573341369629,monitor_data.theta_mech
1775242677713,4.834340572357178,monitor_data.theta_mech
1775242677714,4.833573341369629,monitor_data.theta_mech
1775242677715,4.833573341369629,monitor_data.theta_mech
1775242677716,4.833957195281982,monitor_data.theta_mech
1775242677717,4.833957195281982,monitor_data.theta_mech
1775242677718,4.834340572357178,monitor_data.theta_mech
1775242677719,4.833189964294434,monitor_data.theta_mech
1775242677720,4.834723949432373,monitor_data.theta_mech
1775242677721,4.833957195281982,monitor_data.theta_mech
1775242677722,4.834340572357178,monitor_data.theta_mech
1775242677723,4.834340572357178,monitor_data.theta_mech
1775242677724,4.833189964294434,monitor_data.theta_mech
1775242677725,4.834340572357178,monitor_data.theta_mech
1775242677726,4.834340572357178,monitor_data.theta_mech
1775242677727,4.834340572357178,monitor_data.theta_mech
1775242677728,4.834340572357178,monitor_data.theta_mech
1775242677729,4.833957195281982,monitor_data.theta_mech
1775242677730,4.833189964294434,monitor_data.theta_mech
1775242677731,4.833957195281982,monitor_data.theta_mech
1775242677732,4.833573341369629,monitor_data.theta_mech
1775242677733,4.833573341369629,monitor_data.theta_mech
1775242677734,4.832806587219238,monitor_data.theta_mech
1775242677735,4.833957195281982,monitor_data.theta_mech
1775242677736,4.833957195281982,monitor_data.theta_mech
1775242677737,4.833573341369629,monitor_data.theta_mech
1775242677738,4.833573341369629,monitor_data.theta_mech
1775242677739,4.833573341369629,monitor_data.theta_mech
1775242677740,4.834340572357178,monitor_data.theta_mech
1775242677741,4.835107326507568,monitor_data.theta_mech
1775242677742,4.834340572357178,monitor_data.theta_mech
1775242677743,4.833957195281982,monitor_data.theta_mech
1775242677744,4.834340572357178,monitor_data.theta_mech
1775242677745,4.834340572357178,monitor_data.theta_mech
1775242677746,4.833957195281982,monitor_data.theta_mech
1775242677747,4.832806587219238,monitor_data.theta_mech
1775242677748,4.833189964294434,monitor_data.theta_mech
1775242677749,4.833189964294434,monitor_data.theta_mech
1775242677750,4.834340572357178,monitor_data.theta_mech
1775242677751,4.834340572357178,monitor_data.theta_mech
1775242677752,4.833573341369629,monitor_data.theta_mech
1775242677753,4.833189964294434,monitor_data.theta_mech
1775242677754,4.833573341369629,monitor_data.theta_mech
1775242677755,4.832806587219238,monitor_data.theta_mech
1775242677756,0,monitor_data.speed_ref
1775242677757,0,monitor_data.speed_ref
1775242677758,0,monitor_data.speed_ref
1775242677759,0,monitor_data.speed_ref
1775242677760,0,monitor_data.speed_ref
1775242677761,0,monitor_data.speed_ref
1775242677762,0,monitor_data.speed_ref
1775242677763,0,monitor_data.speed_ref
1775242677764,0,monitor_data.speed_ref
1775242677765,0,monitor_data.speed_ref
1775242677766,0,monitor_data.speed_ref
1775242677767,0,monitor_data.speed_ref
1775242677768,0,monitor_data.speed_ref
1775242677769,0,monitor_data.speed_ref
1775242677770,0,monitor_data.speed_ref
1775242677771,0,monitor_data.speed_ref
1775242677772,0,monitor_data.speed_ref
1775242677773,0,monitor_data.speed_ref
1775242677774,0,monitor_data.speed_ref
1775242677775,0,monitor_data.speed_ref
1775242677776,0,monitor_data.speed_ref
1775242677777,0,monitor_data.speed_ref
1775242677778,0,monitor_data.speed_ref
1775242677779,0,monitor_data.speed_ref
1775242677780,0,monitor_data.speed_ref
1775242677781,0,monitor_data.speed_ref
1775242677782,0,monitor_data.speed_ref
1775242677783,0,monitor_data.speed_ref
1775242677784,0,monitor_data.speed_ref
1775242677785,0,monitor_data.speed_ref
1775242677786,0,monitor_data.speed_ref
1775242677787,0,monitor_data.speed_ref
1775242677788,0,monitor_data.speed_ref
1775242677789,0,monitor_data.speed_ref
1775242677790,0,monitor_data.speed_ref
1775242677791,0,monitor_data.speed_ref
1775242677792,0,monitor_data.speed_ref
1775242677793,0,monitor_data.speed_ref
1775242677794,0,monitor_data.speed_ref
1775242677795,0,monitor_data.speed_ref
1775242677796,0,monitor_data.speed_ref
1775242677797,0,monitor_data.speed_ref
1775242677798,0,monitor_data.speed_ref
1775242677799,0,monitor_data.speed_ref
1775242677800,0,monitor_data.speed_ref
1775242677801,0,monitor_data.speed_ref
1775242677802,0,monitor_data.speed_ref
1775242677803,0,monitor_data.speed_ref
1775242677804,0,monitor_data.speed_ref
1775242677805,0,monitor_data.speed_ref
1775242677756,4.832423210144043,monitor_data.theta_mech
1775242677757,4.832423210144043,monitor_data.theta_mech
1775242677758,4.833189964294434,monitor_data.theta_mech
1775242677759,4.832423210144043,monitor_data.theta_mech
1775242677760,4.833957195281982,monitor_data.theta_mech
1775242677761,4.833957195281982,monitor_data.theta_mech
1775242677762,4.833957195281982,monitor_data.theta_mech
1775242677763,4.834340572357178,monitor_data.theta_mech
1775242677764,4.833957195281982,monitor_data.theta_mech
1775242677765,4.833573341369629,monitor_data.theta_mech
1775242677766,4.833957195281982,monitor_data.theta_mech
1775242677767,4.834340572357178,monitor_data.theta_mech
1775242677768,4.833957195281982,monitor_data.theta_mech
1775242677769,4.834340572357178,monitor_data.theta_mech
1775242677770,4.833957195281982,monitor_data.theta_mech
1775242677771,4.834340572357178,monitor_data.theta_mech
1775242677772,4.833189964294434,monitor_data.theta_mech
1775242677773,4.833189964294434,monitor_data.theta_mech
1775242677774,4.833189964294434,monitor_data.theta_mech
1775242677775,4.832806587219238,monitor_data.theta_mech
1775242677776,4.833573341369629,monitor_data.theta_mech
1775242677777,4.833189964294434,monitor_data.theta_mech
1775242677778,4.833573341369629,monitor_data.theta_mech
1775242677779,4.832806587219238,monitor_data.theta_mech
1775242677780,4.833573341369629,monitor_data.theta_mech
1775242677781,4.833573341369629,monitor_data.theta_mech
1775242677782,4.833957195281982,monitor_data.theta_mech
1775242677783,4.833957195281982,monitor_data.theta_mech
1775242677784,4.834340572357178,monitor_data.theta_mech
1775242677785,4.834340572357178,monitor_data.theta_mech
1775242677786,4.834340572357178,monitor_data.theta_mech
1775242677787,4.833573341369629,monitor_data.theta_mech
1775242677788,4.834723949432373,monitor_data.theta_mech
1775242677789,4.833957195281982,monitor_data.theta_mech
1775242677790,4.833573341369629,monitor_data.theta_mech
1775242677791,4.833189964294434,monitor_data.theta_mech
1775242677792,4.833573341369629,monitor_data.theta_mech
1775242677793,4.834340572357178,monitor_data.theta_mech
1775242677794,4.833573341369629,monitor_data.theta_mech
1775242677795,4.833957195281982,monitor_data.theta_mech
1775242677796,4.834340572357178,monitor_data.theta_mech
1775242677797,4.834340572357178,monitor_data.theta_mech
1775242677798,4.833573341369629,monitor_data.theta_mech
1775242677799,4.833189964294434,monitor_data.theta_mech
1775242677800,4.834340572357178,monitor_data.theta_mech
1775242677801,4.833957195281982,monitor_data.theta_mech
1775242677802,4.833957195281982,monitor_data.theta_mech
1775242677803,4.834340572357178,monitor_data.theta_mech
1775242677804,4.834723949432373,monitor_data.theta_mech
1775242677805,4.833957195281982,monitor_data.theta_mech
1775242677806,0,monitor_data.speed_ref
1775242677807,0,monitor_data.speed_ref
1775242677808,0,monitor_data.speed_ref
1775242677809,0,monitor_data.speed_ref
1775242677810,0,monitor_data.speed_ref
1775242677811,0,monitor_data.speed_ref
1775242677812,0,monitor_data.speed_ref
1775242677813,0,monitor_data.speed_ref
1775242677814,0,monitor_data.speed_ref
1775242677815,0,monitor_data.speed_ref
1775242677816,0,monitor_data.speed_ref
1775242677817,0,monitor_data.speed_ref
1775242677818,0,monitor_data.speed_ref
1775242677819,0,monitor_data.speed_ref
1775242677820,0,monitor_data.speed_ref
1775242677821,0,monitor_data.speed_ref
1775242677822,0,monitor_data.speed_ref
1775242677823,0,monitor_data.speed_ref
1775242677824,0,monitor_data.speed_ref
1775242677825,0,monitor_data.speed_ref
1775242677826,0,monitor_data.speed_ref
1775242677827,0,monitor_data.speed_ref
1775242677828,0,monitor_data.speed_ref
1775242677829,0,monitor_data.speed_ref
1775242677830,0,monitor_data.speed_ref
1775242677831,0,monitor_data.speed_ref
1775242677832,0,monitor_data.speed_ref
1775242677833,0,monitor_data.speed_ref
1775242677834,0,monitor_data.speed_ref
1775242677835,0,monitor_data.speed_ref
1775242677836,0,monitor_data.speed_ref
1775242677837,0,monitor_data.speed_ref
1775242677838,0,monitor_data.speed_ref
1775242677839,0,monitor_data.speed_ref
1775242677840,0,monitor_data.speed_ref
1775242677841,0,monitor_data.speed_ref
1775242677842,0,monitor_data.speed_ref
1775242677843,0,monitor_data.speed_ref
1775242677844,0,monitor_data.speed_ref
1775242677845,0,monitor_data.speed_ref
1775242677846,0,monitor_data.speed_ref
1775242677847,0,monitor_data.speed_ref
1775242677848,0,monitor_data.speed_ref
1775242677849,0,monitor_data.speed_ref
1775242677850,0,monitor_data.speed_ref
1775242677851,0,monitor_data.speed_ref
1775242677852,0,monitor_data.speed_ref
1775242677853,0,monitor_data.speed_ref
1775242677854,0,monitor_data.speed_ref
1775242677855,0,monitor_data.speed_ref
1775242677806,4.834340572357178,monitor_data.theta_mech
1775242677807,4.834340572357178,monitor_data.theta_mech
1775242677808,4.833573341369629,monitor_data.theta_mech
1775242677809,4.833189964294434,monitor_data.theta_mech
1775242677810,4.833957195281982,monitor_data.theta_mech
1775242677811,4.833573341369629,monitor_data.theta_mech
1775242677812,4.834340572357178,monitor_data.theta_mech
1775242677813,4.833957195281982,monitor_data.theta_mech
1775242677814,4.833573341369629,monitor_data.theta_mech
1775242677815,4.833189964294434,monitor_data.theta_mech
1775242677816,4.834723949432373,monitor_data.theta_mech
1775242677817,4.833957195281982,monitor_data.theta_mech
1775242677818,4.834340572357178,monitor_data.theta_mech
1775242677819,4.834340572357178,monitor_data.theta_mech
1775242677820,4.833957195281982,monitor_data.theta_mech
1775242677821,4.834340572357178,monitor_data.theta_mech
1775242677822,4.833957195281982,monitor_data.theta_mech
1775242677823,4.833957195281982,monitor_data.theta_mech
1775242677824,4.834723949432373,monitor_data.theta_mech
1775242677825,4.834340572357178,monitor_data.theta_mech
1775242677826,4.834340572357178,monitor_data.theta_mech
1775242677827,4.833189964294434,monitor_data.theta_mech
1775242677828,4.833957195281982,monitor_data.theta_mech
1775242677829,4.833573341369629,monitor_data.theta_mech
1775242677830,4.834723949432373,monitor_data.theta_mech
1775242677831,4.833189964294434,monitor_data.theta_mech
1775242677832,4.834340572357178,monitor_data.theta_mech
1775242677833,4.833573341369629,monitor_data.theta_mech
1775242677834,4.833189964294434,monitor_data.theta_mech
1775242677835,4.833573341369629,monitor_data.theta_mech
1775242677836,4.833957195281982,monitor_data.theta_mech
1775242677837,4.834723949432373,monitor_data.theta_mech
1775242677838,4.833573341369629,monitor_data.theta_mech
1775242677839,4.833957195281982,monitor_data.theta_mech
1775242677840,4.833957195281982,monitor_data.theta_mech
1775242677841,4.834340572357178,monitor_data.theta_mech
1775242677842,4.833957195281982,monitor_data.theta_mech
1775242677843,4.833957195281982,monitor_data.theta_mech
1775242677844,4.834340572357178,monitor_data.theta_mech
1775242677845,4.833957195281982,monitor_data.theta_mech
1775242677846,4.833957195281982,monitor_data.theta_mech
1775242677847,4.833957195281982,monitor_data.theta_mech
1775242677848,4.833573341369629,monitor_data.theta_mech
1775242677849,4.833573341369629,monitor_data.theta_mech
1775242677850,4.833573341369629,monitor_data.theta_mech
1775242677851,4.834340572357178,monitor_data.theta_mech
1775242677852,4.834340572357178,monitor_data.theta_mech
1775242677853,4.832806587219238,monitor_data.theta_mech
1775242677854,4.834340572357178,monitor_data.theta_mech
1775242677855,4.834340572357178,monitor_data.theta_mech
1775242677856,0,monitor_data.speed_ref
1775242677857,0,monitor_data.speed_ref
1775242677858,0,monitor_data.speed_ref
1775242677859,0,monitor_data.speed_ref
1775242677860,0,monitor_data.speed_ref
1775242677861,0,monitor_data.speed_ref
1775242677862,0,monitor_data.speed_ref
1775242677863,0,monitor_data.speed_ref
1775242677864,0,monitor_data.speed_ref
1775242677865,0,monitor_data.speed_ref
1775242677866,0,monitor_data.speed_ref
1775242677867,0,monitor_data.speed_ref
1775242677868,0,monitor_data.speed_ref
1775242677869,0,monitor_data.speed_ref
1775242677870,0,monitor_data.speed_ref
1775242677871,0,monitor_data.speed_ref
1775242677872,0,monitor_data.speed_ref
1775242677873,0,monitor_data.speed_ref
1775242677874,0,monitor_data.speed_ref
1775242677875,0,monitor_data.speed_ref
1775242677876,0,monitor_data.speed_ref
1775242677877,0,monitor_data.speed_ref
1775242677878,0,monitor_data.speed_ref
1775242677879,0,monitor_data.speed_ref
1775242677880,0,monitor_data.speed_ref
1775242677881,0,monitor_data.speed_ref
1775242677882,0,monitor_data.speed_ref
1775242677883,0,monitor_data.speed_ref
1775242677884,0,monitor_data.speed_ref
1775242677885,0,monitor_data.speed_ref
1775242677886,0,monitor_data.speed_ref
1775242677887,0,monitor_data.speed_ref
1775242677888,0,monitor_data.speed_ref
1775242677889,0,monitor_data.speed_ref
1775242677890,0,monitor_data.speed_ref
1775242677891,0,monitor_data.speed_ref
1775242677892,0,monitor_data.speed_ref
1775242677893,0,monitor_data.speed_ref
1775242677894,0,monitor_data.speed_ref
1775242677895,0,monitor_data.speed_ref
1775242677896,0,monitor_data.speed_ref
1775242677897,0,monitor_data.speed_ref
1775242677898,0,monitor_data.speed_ref
1775242677899,0,monitor_data.speed_ref
1775242677900,0,monitor_data.speed_ref
1775242677901,0,monitor_data.speed_ref
1775242677902,0,monitor_data.speed_ref
1775242677903,0,monitor_data.speed_ref
1775242677904,0,monitor_data.speed_ref
1775242677905,0,monitor_data.speed_ref
1775242677856,4.834340572357178,monitor_data.theta_mech
1775242677857,4.834723949432373,monitor_data.theta_mech
1775242677858,4.833189964294434,monitor_data.theta_mech
1775242677859,4.833957195281982,monitor_data.theta_mech
1775242677860,4.834340572357178,monitor_data.theta_mech
1775242677861,4.833957195281982,monitor_data.theta_mech
1775242677862,4.834340572357178,monitor_data.theta_mech
1775242677863,4.833957195281982,monitor_data.theta_mech
1775242677864,4.833573341369629,monitor_data.theta_mech
1775242677865,4.834340572357178,monitor_data.theta_mech
1775242677866,4.833957195281982,monitor_data.theta_mech
1775242677867,4.833957195281982,monitor_data.theta_mech
1775242677868,4.834340572357178,monitor_data.theta_mech
1775242677869,4.833573341369629,monitor_data.theta_mech
1775242677870,4.833957195281982,monitor_data.theta_mech
1775242677871,4.833573341369629,monitor_data.theta_mech
1775242677872,4.833189964294434,monitor_data.theta_mech
1775242677873,4.832806587219238,monitor_data.theta_mech
1775242677874,4.834723949432373,monitor_data.theta_mech
1775242677875,4.833957195281982,monitor_data.theta_mech
1775242677876,4.833957195281982,monitor_data.theta_mech
1775242677877,4.834340572357178,monitor_data.theta_mech
1775242677878,4.833189964294434,monitor_data.theta_mech
1775242677879,4.835490703582764,monitor_data.theta_mech
1775242677880,4.833573341369629,monitor_data.theta_mech
1775242677881,4.833957195281982,monitor_data.theta_mech
1775242677882,4.833957195281982,monitor_data.theta_mech
1775242677883,4.832806587219238,monitor_data.theta_mech
1775242677884,4.833573341369629,monitor_data.theta_mech
1775242677885,4.833189964294434,monitor_data.theta_mech
1775242677886,4.833573341369629,monitor_data.theta_mech
1775242677887,4.833957195281982,monitor_data.theta_mech
1775242677888,4.833957195281982,monitor_data.theta_mech
1775242677889,4.834340572357178,monitor_data.theta_mech
1775242677890,4.833957195281982,monitor_data.theta_mech
1775242677891,4.834340572357178,monitor_data.theta_mech
1775242677892,4.833573341369629,monitor_data.theta_mech
1775242677893,4.833957195281982,monitor_data.theta_mech
1775242677894,4.834340572357178,monitor_data.theta_mech
1775242677895,4.833189964294434,monitor_data.theta_mech
1775242677896,4.833189964294434,monitor_data.theta_mech
1775242677897,4.833573341369629,monitor_data.theta_mech
1775242677898,4.835107326507568,monitor_data.theta_mech
1775242677899,4.834340572357178,monitor_data.theta_mech
1775242677900,4.833573341369629,monitor_data.theta_mech
1775242677901,4.834340572357178,monitor_data.theta_mech
1775242677902,4.834340572357178,monitor_data.theta_mech
1775242677903,4.833573341369629,monitor_data.theta_mech
1775242677904,4.833189964294434,monitor_data.theta_mech
1775242677905,4.833189964294434,monitor_data.theta_mech
1775242677906,0,monitor_data.speed_ref
1775242677907,0,monitor_data.speed_ref
1775242677908,0,monitor_data.speed_ref
1775242677909,0,monitor_data.speed_ref
1775242677910,0,monitor_data.speed_ref
1775242677911,0,monitor_data.speed_ref
1775242677912,0,monitor_data.speed_ref
1775242677913,0,monitor_data.speed_ref
1775242677914,0,monitor_data.speed_ref
1775242677915,0,monitor_data.speed_ref
1775242677916,0,monitor_data.speed_ref
1775242677917,0,monitor_data.speed_ref
1775242677918,0,monitor_data.speed_ref
1775242677919,0,monitor_data.speed_ref
1775242677920,0,monitor_data.speed_ref
1775242677921,0,monitor_data.speed_ref
1775242677922,0,monitor_data.speed_ref
1775242677923,0,monitor_data.speed_ref
1775242677924,0,monitor_data.speed_ref
1775242677925,0,monitor_data.speed_ref
1775242677926,0,monitor_data.speed_ref
1775242677927,0,monitor_data.speed_ref
1775242677928,0,monitor_data.speed_ref
1775242677929,0,monitor_data.speed_ref
1775242677930,0,monitor_data.speed_ref
1775242677931,0,monitor_data.speed_ref
1775242677932,0,monitor_data.speed_ref
1775242677933,0,monitor_data.speed_ref
1775242677934,0,monitor_data.speed_ref
1775242677935,0,monitor_data.speed_ref
1775242677936,0,monitor_data.speed_ref
1775242677937,0,monitor_data.speed_ref
1775242677938,0,monitor_data.speed_ref
1775242677939,0,monitor_data.speed_ref
1775242677906,4.833957195281982,monitor_data.theta_mech
1775242677907,4.834340572357178,monitor_data.theta_mech
1775242677908,4.833573341369629,monitor_data.theta_mech
1775242677909,4.835490703582764,monitor_data.theta_mech
1775242677910,4.833957195281982,monitor_data.theta_mech
1775242677911,4.833957195281982,monitor_data.theta_mech
1775242677912,4.833957195281982,monitor_data.theta_mech
1775242677913,4.833957195281982,monitor_data.theta_mech
1775242677914,4.833573341369629,monitor_data.theta_mech
1775242677915,4.833957195281982,monitor_data.theta_mech
1775242677916,4.833573341369629,monitor_data.theta_mech
1775242677917,4.834340572357178,monitor_data.theta_mech
1775242677918,4.834723949432373,monitor_data.theta_mech
1775242677919,4.833189964294434,monitor_data.theta_mech
1775242677920,4.833957195281982,monitor_data.theta_mech
1775242677921,4.833573341369629,monitor_data.theta_mech
1775242677922,4.833573341369629,monitor_data.theta_mech
1775242677923,4.833957195281982,monitor_data.theta_mech
1775242677924,4.833957195281982,monitor_data.theta_mech
1775242677925,4.833957195281982,monitor_data.theta_mech
1775242677926,4.833573341369629,monitor_data.theta_mech
1775242677927,4.833573341369629,monitor_data.theta_mech
1775242677928,4.833957195281982,monitor_data.theta_mech
1775242677929,4.833573341369629,monitor_data.theta_mech
1775242677930,4.833957195281982,monitor_data.theta_mech
1775242677931,4.834340572357178,monitor_data.theta_mech
1775242677932,4.834340572357178,monitor_data.theta_mech
1775242677933,4.833573341369629,monitor_data.theta_mech
1775242677934,4.832806587219238,monitor_data.theta_mech
1775242677935,4.833957195281982,monitor_data.theta_mech
1775242677936,4.833957195281982,monitor_data.theta_mech
1775242677937,4.833189964294434,monitor_data.theta_mech
1775242677938,4.834340572357178,monitor_data.theta_mech
1775242677939,4.833189964294434,monitor_data.theta_mech
