timestamp,value,variable
1764513763070,,monitor_data.speed
1764513763070,,monitor_data.speed_ref
1764513763070,-0.1725626140832901,monitor_data.speed
1764513763072,-0.2381437122821808,monitor_data.speed
1764513763074,-0.197352796792984,monitor_data.speed
1764513763076,-0.16504620015621185,monitor_data.speed
1764513763078,-0.13928987085819244,monitor_data.speed
1764513763079,-0.17676573991775513,monitor_data.speed
1764513763081,-0.14926868677139282,monitor_data.speed
1764513763083,-0.12056772410869598,monitor_data.speed
1764513763084,-0.10477825254201889,monitor_data.speed
1764513763085,-0.09092263132333755,monitor_data.speed
1764513763087,-0.0761767029762268,monitor_data.speed
1764513763088,-0.06434813886880875,monitor_data.speed
1764513763090,-0.05417488142848015,monitor_data.speed
1764513763091,-0.04542528837919235,monitor_data.speed
1764513763093,-0.03836728632450104,monitor_data.speed
1764513763094,-0.031428053975105286,monitor_data.speed
1764513763096,-0.026556288823485374,monitor_data.speed
1764513763097,-0.021671678870916367,monitor_data.speed
1764513763099,-0.01747063547372818,monitor_data.speed
1764513763100,-0.014308360405266285,monitor_data.speed
1764513763101,-0.011533397249877453,monitor_data.speed
1764513763103,-0.008580129593610764,monitor_data.speed
1764513763104,-0.006211144849658012,monitor_data.speed
1764513763106,-0.0044279261492192745,monitor_data.speed
1764513763107,-0.002863113535568118,monitor_data.speed
1764513763109,-0.0011022929102182388,monitor_data.speed
1764513763110,-0.05679841339588165,monitor_data.speed
1764513763111,-0.048819318413734436,monitor_data.speed
1764513763112,-0.04232422262430191,monitor_data.speed
1764513763114,-0.03479721397161484,monitor_data.speed
1764513763115,-0.02913418784737587,monitor_data.speed
1764513763117,-0.02421445958316326,monitor_data.speed
1764513763118,-0.13566197454929352,monitor_data.speed
1764513763119,-0.11676004528999329,monitor_data.speed
1764513763121,-0.10033906996250153,monitor_data.speed
1764513763070,0,monitor_data.speed_ref
1764513763072,0,monitor_data.speed_ref
1764513763074,0,monitor_data.speed_ref
1764513763076,0,monitor_data.speed_ref
1764513763078,0,monitor_data.speed_ref
1764513763079,0,monitor_data.speed_ref
1764513763081,0,monitor_data.speed_ref
1764513763083,0,monitor_data.speed_ref
1764513763084,0,monitor_data.speed_ref
1764513763085,0,monitor_data.speed_ref
1764513763087,0,monitor_data.speed_ref
1764513763088,0,monitor_data.speed_ref
1764513763090,0,monitor_data.speed_ref
1764513763091,0,monitor_data.speed_ref
1764513763093,0,monitor_data.speed_ref
1764513763094,0,monitor_data.speed_ref
1764513763096,0,monitor_data.speed_ref
1764513763097,0,monitor_data.speed_ref
1764513763099,0,monitor_data.speed_ref
1764513763100,0,monitor_data.speed_ref
1764513763101,0,monitor_data.speed_ref
1764513763103,0,monitor_data.speed_ref
1764513763104,0,monitor_data.speed_ref
1764513763106,0,monitor_data.speed_ref
1764513763107,0,monitor_data.speed_ref
1764513763109,0,monitor_data.speed_ref
1764513763110,0,monitor_data.speed_ref
1764513763111,0,monitor_data.speed_ref
1764513763112,0,monitor_data.speed_ref
1764513763114,0,monitor_data.speed_ref
1764513763115,0,monitor_data.speed_ref
1764513763117,0,monitor_data.speed_ref
1764513763118,0,monitor_data.speed_ref
1764513763119,0,monitor_data.speed_ref
1764513763121,0,monitor_data.speed_ref
1764513763122,-0.13960015773773193,monitor_data.speed
1764513763123,-0.12147960066795349,monitor_data.speed
1764513763125,-0.10331130027770996,monitor_data.speed
1764513763126,-0.08768545836210251,monitor_data.speed
1764513763128,-0.3556995093822479,monitor_data.speed
1764513763129,-0.30791664123535156,monitor_data.speed
1764513763131,-0.31392911076545715,monitor_data.speed
1764513763132,-0.26882922649383545,monitor_data.speed
1764513763134,-0.23488092422485352,monitor_data.speed
1764513763135,-0.20509058237075806,monitor_data.speed
1764513763137,-0.16976957023143768,monitor_data.speed
1764513763138,-0.14639097452163696,monitor_data.speed
1764513763140,-0.12881027162075043,monitor_data.speed
1764513763141,-0.16662481427192688,monitor_data.speed
1764513763142,-0.2587406635284424,monitor_data.speed
1764513763144,-0.22368426620960236,monitor_data.speed
1764513763145,-0.19732201099395752,monitor_data.speed
1764513763146,-0.17213188111782074,monitor_data.speed
1764513763148,-0.14532312750816345,monitor_data.speed
1764513763149,-0.18335552513599396,monitor_data.speed
1764513763150,-0.1598760038614273,monitor_data.speed
1764513763152,-0.13779592514038086,monitor_data.speed
1764513763154,-0.11361106485128403,monitor_data.speed
1764513763155,-0.09654389321804047,monitor_data.speed
1764513763156,-0.08462657034397125,monitor_data.speed
1764513763158,-0.1267804652452469,monitor_data.speed
1764513763159,-0.10787032544612885,monitor_data.speed
1764513763161,-0.15164369344711304,monitor_data.speed
1764513763162,-0.13489867746829987,monitor_data.speed
1764513763163,-0.11609691381454468,monitor_data.speed
1764513763165,-0.26646843552589417,monitor_data.speed
1764513763166,-0.28081214427948,monitor_data.speed
1764513763168,-0.24285875260829926,monitor_data.speed
1764513763169,-0.26177161931991577,monitor_data.speed
1764513763171,-0.3276512622833252,monitor_data.speed
1764513763122,0,monitor_data.speed_ref
1764513763123,0,monitor_data.speed_ref
1764513763125,0,monitor_data.speed_ref
1764513763126,0,monitor_data.speed_ref
1764513763128,0,monitor_data.speed_ref
1764513763129,0,monitor_data.speed_ref
1764513763131,0,monitor_data.speed_ref
1764513763132,0,monitor_data.speed_ref
1764513763134,0,monitor_data.speed_ref
1764513763135,0,monitor_data.speed_ref
1764513763137,0,monitor_data.speed_ref
1764513763138,0,monitor_data.speed_ref
1764513763140,0,monitor_data.speed_ref
1764513763141,0,monitor_data.speed_ref
1764513763142,0,monitor_data.speed_ref
1764513763144,0,monitor_data.speed_ref
1764513763145,0,monitor_data.speed_ref
1764513763146,0,monitor_data.speed_ref
1764513763148,0,monitor_data.speed_ref
1764513763149,0,monitor_data.speed_ref
1764513763150,0,monitor_data.speed_ref
1764513763152,0,monitor_data.speed_ref
1764513763154,0,monitor_data.speed_ref
1764513763155,0,monitor_data.speed_ref
1764513763156,0,monitor_data.speed_ref
1764513763158,0,monitor_data.speed_ref
1764513763159,0,monitor_data.speed_ref
1764513763161,0,monitor_data.speed_ref
1764513763162,0,monitor_data.speed_ref
1764513763163,0,monitor_data.speed_ref
1764513763165,0,monitor_data.speed_ref
1764513763166,0,monitor_data.speed_ref
1764513763168,0,monitor_data.speed_ref
1764513763169,0,monitor_data.speed_ref
1764513763171,0,monitor_data.speed_ref
1764513763172,-0.28649836778640747,monitor_data.speed
1764513763173,-0.25038596987724304,monitor_data.speed
1764513763175,-0.32738906145095825,monitor_data.speed
1764513763177,-0.3839082419872284,monitor_data.speed
1764513763178,-0.33586499094963074,monitor_data.speed
1764513763179,-0.3511340022087097,monitor_data.speed
1764513763181,-0.2886446714401245,monitor_data.speed
1764513763182,-0.2470831573009491,monitor_data.speed
1764513763184,-0.21579833328723907,monitor_data.speed
1764513763185,-0.18637830018997192,monitor_data.speed
1764513763187,-0.21275699138641357,monitor_data.speed
1764513763188,-0.18567635118961334,monitor_data.speed
1764513763189,5.695754051208496,monitor_data.speed
1764513763190,-0.2469664067029953,monitor_data.speed
1764513763192,-0.21345539391040802,monitor_data.speed
1764513763193,-0.29412102699279785,monitor_data.speed
1764513763194,-0.25975605845451355,monitor_data.speed
1764513763196,-0.28320422768592834,monitor_data.speed
1764513763197,-0.23741410672664642,monitor_data.speed
1764513763199,-0.2583364248275757,monitor_data.speed
1764513763200,-0.22333304584026337,monitor_data.speed
1764513763202,-0.19292408227920532,monitor_data.speed
1764513763203,-0.27765029668807983,monitor_data.speed
1764513763204,-0.2961479425430298,monitor_data.speed
1764513763206,-0.2561817169189453,monitor_data.speed
1764513763207,-0.223782479763031,monitor_data.speed
1764513763209,-0.351169615983963,monitor_data.speed
1764513763210,-0.35970360040664673,monitor_data.speed
1764513763212,-0.3113951086997986,monitor_data.speed
1764513763213,-0.2666497528553009,monitor_data.speed
1764513763214,-0.23055526614189148,monitor_data.speed
1764513763216,-0.19712285697460175,monitor_data.speed
1764513763217,-0.17015404999256134,monitor_data.speed
1764513763219,-0.14363901317119598,monitor_data.speed
1764513763172,0,monitor_data.speed_ref
1764513763173,0,monitor_data.speed_ref
1764513763175,0,monitor_data.speed_ref
1764513763177,0,monitor_data.speed_ref
1764513763178,0,monitor_data.speed_ref
1764513763179,0,monitor_data.speed_ref
1764513763181,0,monitor_data.speed_ref
1764513763182,0,monitor_data.speed_ref
1764513763184,0,monitor_data.speed_ref
1764513763185,0,monitor_data.speed_ref
1764513763187,0,monitor_data.speed_ref
1764513763188,0,monitor_data.speed_ref
1764513763189,0,monitor_data.speed_ref
1764513763190,0,monitor_data.speed_ref
1764513763192,0,monitor_data.speed_ref
1764513763193,0,monitor_data.speed_ref
1764513763194,0,monitor_data.speed_ref
1764513763196,0,monitor_data.speed_ref
1764513763197,0,monitor_data.speed_ref
1764513763199,0,monitor_data.speed_ref
1764513763200,0,monitor_data.speed_ref
1764513763202,0,monitor_data.speed_ref
1764513763203,0,monitor_data.speed_ref
1764513763204,0,monitor_data.speed_ref
1764513763206,0,monitor_data.speed_ref
1764513763207,0,monitor_data.speed_ref
1764513763209,0,monitor_data.speed_ref
1764513763210,0,monitor_data.speed_ref
1764513763212,0,monitor_data.speed_ref
1764513763213,0,monitor_data.speed_ref
1764513763214,0,monitor_data.speed_ref
1764513763216,0,monitor_data.speed_ref
1764513763217,0,monitor_data.speed_ref
1764513763219,0,monitor_data.speed_ref
1764513763220,-0.1250237673521042,monitor_data.speed
1764513763222,-0.10635948181152344,monitor_data.speed
1764513763223,-0.09231020510196686,monitor_data.speed
1764513763224,-0.07822390645742416,monitor_data.speed
1764513763226,-0.06610886752605438,monitor_data.speed
1764513763227,-0.056336063891649246,monitor_data.speed
1764513763229,-0.04898694530129433,monitor_data.speed
1764513763230,-0.041461456567049026,monitor_data.speed
1764513763232,-0.033218637108802795,monitor_data.speed
1764513763233,-0.02776280604302883,monitor_data.speed
1764513763235,-0.022091317921876907,monitor_data.speed
1764513763236,-0.01756974868476391,monitor_data.speed
1764513763238,-0.014395331963896751,monitor_data.speed
1764513763239,-0.1801837980747223,monitor_data.speed
1764513763240,-0.1587638556957245,monitor_data.speed
1764513763242,-0.23626117408275604,monitor_data.speed
1764513763243,-0.2020302563905716,monitor_data.speed
1764513763244,-0.178128182888031,monitor_data.speed
1764513763246,5.704096794128418,monitor_data.speed
1764513763247,-0.23471027612686157,monitor_data.speed
1764513763249,-0.2579726278781891,monitor_data.speed
1764513763250,5.634031772613525,monitor_data.speed
1764513763251,5.610718250274658,monitor_data.speed
1764513763253,-0.36423882842063904,monitor_data.speed
1764513763254,-0.31209835410118103,monitor_data.speed
1764513763256,-0.26449859142303467,monitor_data.speed
1764513763257,-0.28114745020866394,monitor_data.speed
1764513763259,-0.24063512682914734,monitor_data.speed
1764513763260,-0.26814818382263184,monitor_data.speed
1764513763261,-0.23673413693904877,monitor_data.speed
1764513763263,-0.206716850399971,monitor_data.speed
1764513763264,-0.1766204535961151,monitor_data.speed
1764513763266,-0.15234267711639404,monitor_data.speed
1764513763267,-0.13408580422401428,monitor_data.speed
1764513763268,-0.11790315061807632,monitor_data.speed
1764513763269,-0.2078288346529007,monitor_data.speed
1764513763271,-0.23461979627609253,monitor_data.speed
1764513763272,-0.20701506733894348,monitor_data.speed
1764513763273,-0.18063771724700928,monitor_data.speed
1764513763220,0,monitor_data.speed_ref
1764513763222,0,monitor_data.speed_ref
1764513763223,0,monitor_data.speed_ref
1764513763224,0,monitor_data.speed_ref
1764513763226,0,monitor_data.speed_ref
1764513763227,0,monitor_data.speed_ref
1764513763229,0,monitor_data.speed_ref
1764513763230,0,monitor_data.speed_ref
1764513763232,0,monitor_data.speed_ref
1764513763233,0,monitor_data.speed_ref
1764513763235,0,monitor_data.speed_ref
1764513763236,0,monitor_data.speed_ref
1764513763238,0,monitor_data.speed_ref
1764513763239,0,monitor_data.speed_ref
1764513763240,0,monitor_data.speed_ref
1764513763242,0,monitor_data.speed_ref
1764513763243,0,monitor_data.speed_ref
1764513763244,0,monitor_data.speed_ref
1764513763246,0,monitor_data.speed_ref
1764513763247,0,monitor_data.speed_ref
1764513763249,0,monitor_data.speed_ref
1764513763250,0,monitor_data.speed_ref
1764513763251,0,monitor_data.speed_ref
1764513763253,0,monitor_data.speed_ref
1764513763254,0,monitor_data.speed_ref
1764513763256,0,monitor_data.speed_ref
1764513763257,0,monitor_data.speed_ref
1764513763259,0,monitor_data.speed_ref
1764513763260,0,monitor_data.speed_ref
1764513763261,0,monitor_data.speed_ref
1764513763263,0,monitor_data.speed_ref
1764513763264,0,monitor_data.speed_ref
1764513763266,0,monitor_data.speed_ref
1764513763267,0,monitor_data.speed_ref
1764513763268,0,monitor_data.speed_ref
1764513763269,0,monitor_data.speed_ref
1764513763271,0,monitor_data.speed_ref
1764513763272,0,monitor_data.speed_ref
1764513763273,0,monitor_data.speed_ref
1764513763275,-0.1541908085346222,monitor_data.speed
1764513763276,-0.13428319990634918,monitor_data.speed
1764513763277,-0.17482174932956696,monitor_data.speed
1764513763279,-0.20973359048366547,monitor_data.speed
1764513763280,-0.18302327394485474,monitor_data.speed
1764513763281,-0.15790510177612305,monitor_data.speed
1764513763283,-0.13754259049892426,monitor_data.speed
1764513763284,-0.12096718698740005,monitor_data.speed
1764513763285,-0.10627501457929611,monitor_data.speed
1764513763286,-0.20001251995563507,monitor_data.speed
1764513763288,-0.17633968591690063,monitor_data.speed
1764513763289,-0.15535643696784973,monitor_data.speed
1764513763290,-0.13675715029239655,monitor_data.speed
1764513763291,-0.11771147698163986,monitor_data.speed
1764513763293,-0.10116560757160187,monitor_data.speed
1764513763294,-0.08872319012880325,monitor_data.speed
1764513763295,-0.13426204025745392,monitor_data.speed
1764513763297,-0.11307837814092636,monitor_data.speed
1764513763298,-0.09714064747095108,monitor_data.speed
1764513763300,-0.08422047644853592,monitor_data.speed
1764513763301,-0.07207043468952179,monitor_data.speed
1764513763302,-0.06222084164619446,monitor_data.speed
1764513763304,-0.05234528332948685,monitor_data.speed
1764513763305,-0.045449577271938324,monitor_data.speed
1764513763306,-0.03933732584118843,monitor_data.speed
1764513763308,-0.03349684923887253,monitor_data.speed
1764513763309,-0.027640972286462784,monitor_data.speed
1764513763310,-0.07569479197263718,monitor_data.speed
1764513763312,-0.06540128588676453,monitor_data.speed
1764513763313,-0.05702221766114235,monitor_data.speed
1764513763314,-0.048442065715789795,monitor_data.speed
1764513763316,-0.09958188235759735,monitor_data.speed
1764513763317,-0.08636270463466644,monitor_data.speed
1764513763318,-0.07476259022951126,monitor_data.speed
1764513763320,-0.0631319209933281,monitor_data.speed
1764513763321,-0.054377105087041855,monitor_data.speed
1764513763322,-0.04725055396556854,monitor_data.speed
1764513763324,-0.0929022952914238,monitor_data.speed
1764513763275,0,monitor_data.speed_ref
1764513763276,0,monitor_data.speed_ref
1764513763277,0,monitor_data.speed_ref
1764513763279,0,monitor_data.speed_ref
1764513763280,0,monitor_data.speed_ref
1764513763281,0,monitor_data.speed_ref
1764513763283,0,monitor_data.speed_ref
1764513763284,0,monitor_data.speed_ref
1764513763285,0,monitor_data.speed_ref
1764513763286,0,monitor_data.speed_ref
1764513763288,0,monitor_data.speed_ref
1764513763289,0,monitor_data.speed_ref
1764513763290,0,monitor_data.speed_ref
1764513763291,0,monitor_data.speed_ref
1764513763293,0,monitor_data.speed_ref
1764513763294,0,monitor_data.speed_ref
1764513763295,0,monitor_data.speed_ref
1764513763297,0,monitor_data.speed_ref
1764513763298,0,monitor_data.speed_ref
1764513763300,0,monitor_data.speed_ref
1764513763301,0,monitor_data.speed_ref
1764513763302,0,monitor_data.speed_ref
1764513763304,0,monitor_data.speed_ref
1764513763305,0,monitor_data.speed_ref
1764513763306,0,monitor_data.speed_ref
1764513763308,0,monitor_data.speed_ref
1764513763309,0,monitor_data.speed_ref
1764513763310,0,monitor_data.speed_ref
1764513763312,0,monitor_data.speed_ref
1764513763313,0,monitor_data.speed_ref
1764513763314,0,monitor_data.speed_ref
1764513763316,0,monitor_data.speed_ref
1764513763317,0,monitor_data.speed_ref
1764513763318,0,monitor_data.speed_ref
1764513763320,0,monitor_data.speed_ref
1764513763321,0,monitor_data.speed_ref
1764513763322,0,monitor_data.speed_ref
1764513763324,0,monitor_data.speed_ref
1764513763325,5.7788848876953125,monitor_data.speed
1764513763327,-0.10679669678211212,monitor_data.speed
1764513763330,-0.08211861550807953,monitor_data.speed
1764513763332,-0.0671476200222969,monitor_data.speed
1764513763333,-0.1692458689212799,monitor_data.speed
1764513763334,-0.14749440550804138,monitor_data.speed
1764513763336,-0.12703943252563477,monitor_data.speed
1764513763337,-0.10809305310249329,monitor_data.speed
1764513763338,-0.1524253487586975,monitor_data.speed
1764513763340,-0.13415905833244324,monitor_data.speed
1764513763341,-0.11670491099357605,monitor_data.speed
1764513763342,-0.09920476377010345,monitor_data.speed
1764513763344,-0.08603177964687347,monitor_data.speed
1764513763345,-0.07530877739191055,monitor_data.speed
1764513763346,-0.06506255269050598,monitor_data.speed
1764513763348,-0.16194485127925873,monitor_data.speed
1764513763349,-0.13664919137954712,monitor_data.speed
1764513763351,-0.11889006197452545,monitor_data.speed
1764513763352,-0.10330606251955032,monitor_data.speed
1764513763353,-0.08865097910165787,monitor_data.speed
1764513763354,-0.077630415558815,monitor_data.speed
1764513763356,-0.06786195188760757,monitor_data.speed
1764513763357,-0.05852780118584633,monitor_data.speed
1764513763358,-0.10327690094709396,monitor_data.speed
1764513763360,-0.0896051749587059,monitor_data.speed
1764513763361,-0.0784761980175972,monitor_data.speed
1764513763362,-0.0663258507847786,monitor_data.speed
1764513763364,-0.054597772657871246,monitor_data.speed
1764513763365,-0.04744614660739899,monitor_data.speed
1764513763366,-0.04061250388622284,monitor_data.speed
1764513763368,-0.034615837037563324,monitor_data.speed
1764513763369,-0.029353639110922813,monitor_data.speed
1764513763371,-0.024405106902122498,monitor_data.speed
1764513763372,-0.020683828741312027,monitor_data.speed
1764513763373,-0.017128003761172295,monitor_data.speed
1764513763374,-0.06699904054403305,monitor_data.speed
1764513763376,-0.05645480751991272,monitor_data.speed
1764513763325,0,monitor_data.speed_ref
1764513763327,0,monitor_data.speed_ref
1764513763330,0,monitor_data.speed_ref
1764513763332,0,monitor_data.speed_ref
1764513763333,0,monitor_data.speed_ref
1764513763334,0,monitor_data.speed_ref
1764513763336,0,monitor_data.speed_ref
1764513763337,0,monitor_data.speed_ref
1764513763338,0,monitor_data.speed_ref
1764513763340,0,monitor_data.speed_ref
1764513763341,0,monitor_data.speed_ref
1764513763342,0,monitor_data.speed_ref
1764513763344,0,monitor_data.speed_ref
1764513763345,0,monitor_data.speed_ref
1764513763346,0,monitor_data.speed_ref
1764513763348,0,monitor_data.speed_ref
1764513763349,0,monitor_data.speed_ref
1764513763351,0,monitor_data.speed_ref
1764513763352,0,monitor_data.speed_ref
1764513763353,0,monitor_data.speed_ref
1764513763354,0,monitor_data.speed_ref
1764513763356,0,monitor_data.speed_ref
1764513763357,0,monitor_data.speed_ref
1764513763358,0,monitor_data.speed_ref
1764513763360,0,monitor_data.speed_ref
1764513763361,0,monitor_data.speed_ref
1764513763362,0,monitor_data.speed_ref
1764513763364,0,monitor_data.speed_ref
1764513763365,0,monitor_data.speed_ref
1764513763366,0,monitor_data.speed_ref
1764513763368,0,monitor_data.speed_ref
1764513763369,0,monitor_data.speed_ref
1764513763371,0,monitor_data.speed_ref
1764513763372,0,monitor_data.speed_ref
1764513763373,0,monitor_data.speed_ref
1764513763374,0,monitor_data.speed_ref
1764513763376,0,monitor_data.speed_ref
1764513763377,-0.15883618593215942,monitor_data.speed
1764513763379,-0.19005393981933594,monitor_data.speed
1764513763380,-0.16401295363903046,monitor_data.speed
1764513763382,-0.1429024040699005,monitor_data.speed
1764513763383,-0.12571805715560913,monitor_data.speed
1764513763384,-0.11048609018325806,monitor_data.speed
1764513763385,-0.09593139588832855,monitor_data.speed
1764513763387,-0.18876221776008606,monitor_data.speed
1764513763388,-0.22204844653606415,monitor_data.speed
1764513763389,-0.2498161643743515,monitor_data.speed
1764513763391,-0.2181965410709381,monitor_data.speed
1764513763392,-0.18261629343032837,monitor_data.speed
1764513763394,-0.2712341547012329,monitor_data.speed
1764513763395,-0.2394694685935974,monitor_data.speed
1764513763396,-0.26318442821502686,monitor_data.speed
1764513763398,-0.22754476964473724,monitor_data.speed
1764513763399,-0.1986529529094696,monitor_data.speed
1764513763400,-0.28787487745285034,monitor_data.speed
1764513763401,-0.25421953201293945,monitor_data.speed
1764513763403,-0.21975655853748322,monitor_data.speed
1764513763404,-0.29941168427467346,monitor_data.speed
1764513763405,-0.31254324316978455,monitor_data.speed
1764513763407,-0.26487740874290466,monitor_data.speed
1764513763408,-0.2812553346157074,monitor_data.speed
1764513763410,-0.24578511714935303,monitor_data.speed
1764513763411,-0.21691186726093292,monitor_data.speed
1764513763412,-0.1933358609676361,monitor_data.speed
1764513763413,-0.16863395273685455,monitor_data.speed
1764513763415,-0.1454043686389923,monitor_data.speed
1764513763416,-0.1279357671737671,monitor_data.speed
1764513763417,-0.11245184391736984,monitor_data.speed
1764513763418,5.761729717254639,monitor_data.speed
1764513763420,-0.1351604163646698,monitor_data.speed
1764513763421,-0.11885566264390945,monitor_data.speed
1764513763422,-0.10105454176664352,monitor_data.speed
1764513763424,-0.08669497072696686,monitor_data.speed
1764513763425,-0.07422015815973282,monitor_data.speed
1764513763377,0,monitor_data.speed_ref
1764513763379,0,monitor_data.speed_ref
1764513763380,0,monitor_data.speed_ref
1764513763382,0,monitor_data.speed_ref
1764513763383,0,monitor_data.speed_ref
1764513763384,0,monitor_data.speed_ref
1764513763385,0,monitor_data.speed_ref
1764513763387,0,monitor_data.speed_ref
1764513763388,0,monitor_data.speed_ref
1764513763389,0,monitor_data.speed_ref
1764513763391,0,monitor_data.speed_ref
1764513763392,0,monitor_data.speed_ref
1764513763394,0,monitor_data.speed_ref
1764513763395,0,monitor_data.speed_ref
1764513763396,0,monitor_data.speed_ref
1764513763398,0,monitor_data.speed_ref
1764513763399,0,monitor_data.speed_ref
1764513763400,0,monitor_data.speed_ref
1764513763401,0,monitor_data.speed_ref
1764513763403,0,monitor_data.speed_ref
1764513763404,0,monitor_data.speed_ref
1764513763405,0,monitor_data.speed_ref
1764513763407,0,monitor_data.speed_ref
1764513763408,0,monitor_data.speed_ref
1764513763410,0,monitor_data.speed_ref
1764513763411,0,monitor_data.speed_ref
1764513763412,0,monitor_data.speed_ref
1764513763413,0,monitor_data.speed_ref
1764513763415,0,monitor_data.speed_ref
1764513763416,0,monitor_data.speed_ref
1764513763417,0,monitor_data.speed_ref
1764513763418,0,monitor_data.speed_ref
1764513763420,0,monitor_data.speed_ref
1764513763421,0,monitor_data.speed_ref
1764513763422,0,monitor_data.speed_ref
1764513763424,0,monitor_data.speed_ref
1764513763425,0,monitor_data.speed_ref
1764513763427,-0.11637414246797562,monitor_data.speed
1764513763428,-0.10109829157590866,monitor_data.speed
1764513763429,-0.08769338577985764,monitor_data.speed
1764513763431,-0.0750875249505043,monitor_data.speed
1764513763432,-0.06413622200489044,monitor_data.speed
1764513763433,-0.05590088665485382,monitor_data.speed
1764513763435,-0.04803171381354332,monitor_data.speed
1764513763436,-0.14931143820285797,monitor_data.speed
1764513763437,-0.1824629306793213,monitor_data.speed
1764513763439,-0.21261946856975555,monitor_data.speed
1764513763440,-0.18555569648742676,monitor_data.speed
1764513763441,-0.158420592546463,monitor_data.speed
1764513763443,-0.13508273661136627,monitor_data.speed
1764513763444,-0.11625681817531586,monitor_data.speed
1764513763446,-0.15452192723751068,monitor_data.speed
1764513763447,-0.13172966241836548,monitor_data.speed
1764513763448,-0.11457309126853943,monitor_data.speed
1764513763450,-0.10060737282037735,monitor_data.speed
1764513763451,-0.2015439122915268,monitor_data.speed
1764513763452,-0.17583663761615753,monitor_data.speed
1764513763453,-0.15327799320220947,monitor_data.speed
1764513763455,-0.1334821879863739,monitor_data.speed
1764513763456,-0.11736812442541122,monitor_data.speed
1764513763457,-0.09977516531944275,monitor_data.speed
1764513763459,-0.08464419841766357,monitor_data.speed
1764513763460,-0.07407883554697037,monitor_data.speed
1764513763461,-0.0639832466840744,monitor_data.speed
1764513763463,-0.0557652972638607,monitor_data.speed
1764513763464,-0.0467931367456913,monitor_data.speed
1764513763466,-0.03955560550093651,monitor_data.speed
1764513763467,-0.08830158412456512,monitor_data.speed
1764513763468,-0.13447114825248718,monitor_data.speed
1764513763469,-0.11572552472352982,monitor_data.speed
1764513763471,5.758856773376465,monitor_data.speed
1764513763472,-0.19414745271205902,monitor_data.speed
1764513763473,-0.16934610903263092,monitor_data.speed
1764513763474,-0.14602309465408325,monitor_data.speed
1764513763476,-0.1257612258195877,monitor_data.speed
1764513763427,0,monitor_data.speed_ref
1764513763428,0,monitor_data.speed_ref
1764513763429,0,monitor_data.speed_ref
1764513763431,0,monitor_data.speed_ref
1764513763432,0,monitor_data.speed_ref
1764513763433,0,monitor_data.speed_ref
1764513763435,0,monitor_data.speed_ref
1764513763436,0,monitor_data.speed_ref
1764513763437,0,monitor_data.speed_ref
1764513763439,0,monitor_data.speed_ref
1764513763440,0,monitor_data.speed_ref
1764513763441,0,monitor_data.speed_ref
1764513763443,0,monitor_data.speed_ref
1764513763444,0,monitor_data.speed_ref
1764513763446,0,monitor_data.speed_ref
1764513763447,0,monitor_data.speed_ref
1764513763448,0,monitor_data.speed_ref
1764513763450,0,monitor_data.speed_ref
1764513763451,0,monitor_data.speed_ref
1764513763452,0,monitor_data.speed_ref
1764513763453,0,monitor_data.speed_ref
1764513763455,0,monitor_data.speed_ref
1764513763456,0,monitor_data.speed_ref
1764513763457,0,monitor_data.speed_ref
1764513763459,0,monitor_data.speed_ref
1764513763460,0,monitor_data.speed_ref
1764513763461,0,monitor_data.speed_ref
1764513763463,0,monitor_data.speed_ref
1764513763464,0,monitor_data.speed_ref
1764513763466,0,monitor_data.speed_ref
1764513763467,0,monitor_data.speed_ref
1764513763468,0,monitor_data.speed_ref
1764513763469,0,monitor_data.speed_ref
1764513763471,0,monitor_data.speed_ref
1764513763472,0,monitor_data.speed_ref
1764513763473,0,monitor_data.speed_ref
1764513763474,0,monitor_data.speed_ref
1764513763476,0,monitor_data.speed_ref
1764513763477,-0.11052437126636505,monitor_data.speed
1764513763478,-0.09701863676309586,monitor_data.speed
1764513763480,-0.08318878710269928,monitor_data.speed
1764513763481,-0.1755719631910324,monitor_data.speed
1764513763482,-0.20989960432052612,monitor_data.speed
1764513763484,-0.1831689476966858,monitor_data.speed
1764513763485,-0.15803162753582,monitor_data.speed
1764513763487,-0.24309571087360382,monitor_data.speed
1764513763488,-0.26858457922935486,monitor_data.speed
1764513763489,-0.23466621339321136,monitor_data.speed
1764513763491,-0.2070561945438385,monitor_data.speed
1764513763492,-0.17691226303577423,monitor_data.speed
1764513763493,-0.15422186255455017,monitor_data.speed
1764513763495,-0.13431046903133392,monitor_data.speed
1764513763496,-0.1181022897362709,monitor_data.speed
1764513763497,-0.10150513797998428,monitor_data.speed
1764513763499,-0.08518726378679276,monitor_data.speed
1764513763500,-0.1861175298690796,monitor_data.speed
1764513763501,-0.27945858240127563,monitor_data.speed
1764513763503,-0.24168288707733154,monitor_data.speed
1764513763504,-0.20669326186180115,monitor_data.speed
1764513763505,-0.1822613924741745,monitor_data.speed
1764513763507,-0.15891587734222412,monitor_data.speed
1764513763508,-0.13696178793907166,monitor_data.speed
1764513763509,-0.1191643625497818,monitor_data.speed
1764513763511,-0.15983183681964874,monitor_data.speed
1764513763512,5.718661785125732,monitor_data.speed
1764513763513,-0.17440277338027954,monitor_data.speed
1764513763515,-0.1488284468650818,monitor_data.speed
1764513763516,-0.1309708058834076,monitor_data.speed
1764513763517,-0.11514206975698471,monitor_data.speed
1764513763518,-0.10111170262098312,monitor_data.speed
1764513763520,-0.08674463629722595,monitor_data.speed
1764513763521,-0.07509776949882507,monitor_data.speed
1764513763522,-0.06561704725027084,monitor_data.speed
1764513763523,-0.05721346661448479,monitor_data.speed
1764513763525,-0.0486082099378109,monitor_data.speed
1764513763526,-0.041632238775491714,monitor_data.speed
1764513763477,0,monitor_data.speed_ref
1764513763478,0,monitor_data.speed_ref
1764513763480,0,monitor_data.speed_ref
1764513763481,0,monitor_data.speed_ref
1764513763482,0,monitor_data.speed_ref
1764513763484,0,monitor_data.speed_ref
1764513763485,0,monitor_data.speed_ref
1764513763487,0,monitor_data.speed_ref
1764513763488,0,monitor_data.speed_ref
1764513763489,0,monitor_data.speed_ref
1764513763491,0,monitor_data.speed_ref
1764513763492,0,monitor_data.speed_ref
1764513763493,0,monitor_data.speed_ref
1764513763495,0,monitor_data.speed_ref
1764513763496,0,monitor_data.speed_ref
1764513763497,0,monitor_data.speed_ref
1764513763499,0,monitor_data.speed_ref
1764513763500,0,monitor_data.speed_ref
1764513763501,0,monitor_data.speed_ref
1764513763503,0,monitor_data.speed_ref
1764513763504,0,monitor_data.speed_ref
1764513763505,0,monitor_data.speed_ref
1764513763507,0,monitor_data.speed_ref
1764513763508,0,monitor_data.speed_ref
1764513763509,0,monitor_data.speed_ref
1764513763511,0,monitor_data.speed_ref
1764513763512,0,monitor_data.speed_ref
1764513763513,0,monitor_data.speed_ref
1764513763515,0,monitor_data.speed_ref
1764513763516,0,monitor_data.speed_ref
1764513763517,0,monitor_data.speed_ref
1764513763518,0,monitor_data.speed_ref
1764513763520,0,monitor_data.speed_ref
1764513763521,0,monitor_data.speed_ref
1764513763522,0,monitor_data.speed_ref
1764513763523,0,monitor_data.speed_ref
1764513763525,0,monitor_data.speed_ref
1764513763526,0,monitor_data.speed_ref
1764513763528,-0.08753354847431183,monitor_data.speed
1764513763529,-0.1343519240617752,monitor_data.speed
1764513763530,-0.11562194675207138,monitor_data.speed
1764513763531,-0.09935034066438675,monitor_data.speed
1764513763533,-0.08521445095539093,monitor_data.speed
1764513763534,-0.07375499606132507,monitor_data.speed
1764513763535,-0.0629786029458046,monitor_data.speed
1764513763537,-0.05361664295196533,monitor_data.speed
1764513763538,-0.04548348858952522,monitor_data.speed
1764513763540,-0.03936738148331642,monitor_data.speed
1764513763541,-0.03268997371196747,monitor_data.speed
1764513763542,5.832438945770264,monitor_data.speed
1764513763544,-0.1283891350030899,monitor_data.speed
1764513763545,-0.11044177412986755,monitor_data.speed
1764513763546,-0.09589249640703201,monitor_data.speed
1764513763548,-0.08221045881509781,monitor_data.speed
1764513763549,-0.13051581382751465,monitor_data.speed
1764513763550,-0.11473875492811203,monitor_data.speed
1764513763551,-0.10075423121452332,monitor_data.speed
1764513763553,-0.08643405884504318,monitor_data.speed
1764513763554,-0.07566535472869873,monitor_data.speed
1764513763555,-0.06612013280391693,monitor_data.speed
1764513763556,-0.057659395039081573,monitor_data.speed
1764513763558,-0.10700297355651855,monitor_data.speed
1764513763559,-0.09186265617609024,monitor_data.speed
1764513763560,-0.07958894222974777,monitor_data.speed
1764513763562,-0.06959792971611023,monitor_data.speed
1764513763563,-0.05936717614531517,monitor_data.speed
1764513763565,-0.16187027096748352,monitor_data.speed
1764513763566,-0.2579664885997772,monitor_data.speed
1764513763567,-0.22770921885967255,monitor_data.speed
1764513763568,-0.2528645694255829,monitor_data.speed
1764513763570,-0.2185794711112976,monitor_data.speed
1764513763571,-0.19279716908931732,monitor_data.speed
1764513763572,-0.2830829620361328,monitor_data.speed
1764513763573,-0.3608591854572296,monitor_data.speed
1764513763575,-0.3123989999294281,monitor_data.speed
1764513763576,-0.27029967308044434,monitor_data.speed
1764513763528,0,monitor_data.speed_ref
1764513763529,0,monitor_data.speed_ref
1764513763530,0,monitor_data.speed_ref
1764513763531,0,monitor_data.speed_ref
1764513763533,0,monitor_data.speed_ref
1764513763534,0,monitor_data.speed_ref
1764513763535,0,monitor_data.speed_ref
1764513763537,0,monitor_data.speed_ref
1764513763538,0,monitor_data.speed_ref
1764513763540,0,monitor_data.speed_ref
1764513763541,0,monitor_data.speed_ref
1764513763542,0,monitor_data.speed_ref
1764513763544,0,monitor_data.speed_ref
1764513763545,0,monitor_data.speed_ref
1764513763546,0,monitor_data.speed_ref
1764513763548,0,monitor_data.speed_ref
1764513763549,0,monitor_data.speed_ref
1764513763550,0,monitor_data.speed_ref
1764513763551,0,monitor_data.speed_ref
1764513763553,0,monitor_data.speed_ref
1764513763554,0,monitor_data.speed_ref
1764513763555,0,monitor_data.speed_ref
1764513763556,0,monitor_data.speed_ref
1764513763558,0,monitor_data.speed_ref
1764513763559,0,monitor_data.speed_ref
1764513763560,0,monitor_data.speed_ref
1764513763562,0,monitor_data.speed_ref
1764513763563,0,monitor_data.speed_ref
1764513763565,0,monitor_data.speed_ref
1764513763566,0,monitor_data.speed_ref
1764513763567,0,monitor_data.speed_ref
1764513763568,0,monitor_data.speed_ref
1764513763570,0,monitor_data.speed_ref
1764513763571,0,monitor_data.speed_ref
1764513763572,0,monitor_data.speed_ref
1764513763573,0,monitor_data.speed_ref
1764513763575,0,monitor_data.speed_ref
1764513763576,0,monitor_data.speed_ref
1764513763577,-0.2921677529811859,monitor_data.speed
1764513763579,-0.2580247223377228,monitor_data.speed
1764513763580,-0.22306230664253235,monitor_data.speed
1764513763581,-0.19471950829029083,monitor_data.speed
1764513763582,-0.22737038135528564,monitor_data.speed
1764513763584,-0.20058923959732056,monitor_data.speed
1764513763585,-0.174998939037323,monitor_data.speed
1764513763586,-0.1493411809206009,monitor_data.speed
1764513763588,-0.13142527639865875,monitor_data.speed
1764513763589,-0.11430598050355911,monitor_data.speed
1764513763590,-0.09928340464830399,monitor_data.speed
1764513763592,-0.19567161798477173,monitor_data.speed
1764513763593,-0.17249198257923126,monitor_data.speed
1764513763594,-0.20495665073394775,monitor_data.speed
1764513763595,-0.18072210252285004,monitor_data.speed
1764513763597,-0.15590594708919525,monitor_data.speed
1764513763598,-0.13434693217277527,monitor_data.speed
1764513763599,-0.11813461035490036,monitor_data.speed
1764513763601,-0.10376423597335815,monitor_data.speed
1764513763602,-0.09003281593322754,monitor_data.speed
1764513763603,-0.07626520842313766,monitor_data.speed
1764513763605,-0.0666518434882164,monitor_data.speed
1764513763606,-0.05487256497144699,monitor_data.speed
1764513763608,-0.04712934419512749,monitor_data.speed
1764513763609,-0.039847664535045624,monitor_data.speed
1764513763610,-0.03394467383623123,monitor_data.speed
1764513763612,-0.02876468002796173,monitor_data.speed
1764513763613,-0.0238934513181448,monitor_data.speed
1764513763614,-0.019661586731672287,monitor_data.speed
1764513763616,-0.01623096689581871,monitor_data.speed
1764513763617,-0.0134383924305439,monitor_data.speed
1764513763618,-0.011158160865306854,monitor_data.speed
1764513763619,-0.008597859181463718,monitor_data.speed
1764513763621,-0.12065426260232925,monitor_data.speed
1764513763622,-0.16459162533283234,monitor_data.speed
1764513763623,-0.14341019093990326,monitor_data.speed
1764513763625,-0.12482298165559769,monitor_data.speed
1764513763626,-0.10851231217384338,monitor_data.speed
1764513763577,0,monitor_data.speed_ref
1764513763579,0,monitor_data.speed_ref
1764513763580,0,monitor_data.speed_ref
1764513763581,0,monitor_data.speed_ref
1764513763582,0,monitor_data.speed_ref
1764513763584,0,monitor_data.speed_ref
1764513763585,0,monitor_data.speed_ref
1764513763586,0,monitor_data.speed_ref
1764513763588,0,monitor_data.speed_ref
1764513763589,0,monitor_data.speed_ref
1764513763590,0,monitor_data.speed_ref
1764513763592,0,monitor_data.speed_ref
1764513763593,0,monitor_data.speed_ref
1764513763594,0,monitor_data.speed_ref
1764513763595,0,monitor_data.speed_ref
1764513763597,0,monitor_data.speed_ref
1764513763598,0,monitor_data.speed_ref
1764513763599,0,monitor_data.speed_ref
1764513763601,0,monitor_data.speed_ref
1764513763602,0,monitor_data.speed_ref
1764513763603,0,monitor_data.speed_ref
1764513763605,0,monitor_data.speed_ref
1764513763606,0,monitor_data.speed_ref
1764513763608,0,monitor_data.speed_ref
1764513763609,0,monitor_data.speed_ref
1764513763610,0,monitor_data.speed_ref
1764513763612,0,monitor_data.speed_ref
1764513763613,0,monitor_data.speed_ref
1764513763614,0,monitor_data.speed_ref
1764513763616,0,monitor_data.speed_ref
1764513763617,0,monitor_data.speed_ref
1764513763618,0,monitor_data.speed_ref
1764513763619,0,monitor_data.speed_ref
1764513763621,0,monitor_data.speed_ref
1764513763622,0,monitor_data.speed_ref
1764513763623,0,monitor_data.speed_ref
1764513763625,0,monitor_data.speed_ref
1764513763626,0,monitor_data.speed_ref
1764513763627,-0.09419935196638107,monitor_data.speed
1764513763628,-0.08254840224981308,monitor_data.speed
1764513763630,-0.12440644204616547,monitor_data.speed
1764513763631,-0.10698185116052628,monitor_data.speed
1764513763632,-0.0938785970211029,monitor_data.speed
1764513763633,-0.19077318906784058,monitor_data.speed
1764513763635,-0.16638512909412384,monitor_data.speed
1764513763636,-0.19821782410144806,monitor_data.speed
1764513763637,-0.17474889755249023,monitor_data.speed
1764513763639,-0.2069377452135086,monitor_data.speed
1764513763640,-0.182478129863739,monitor_data.speed
1764513763641,-0.15910600125789642,monitor_data.speed
1764513763642,-0.19065330922603607,monitor_data.speed
1764513763644,-0.1680438220500946,monitor_data.speed
1764513763645,-0.14335933327674866,monitor_data.speed
1764513763646,-0.24157069623470306,monitor_data.speed
1764513763648,-0.20876795053482056,monitor_data.speed
1764513763649,-0.1821759045124054,monitor_data.speed
1764513763650,-0.21569430828094482,monitor_data.speed
1764513763651,-0.1902398318052292,monitor_data.speed
1764513763653,-0.16417445242404938,monitor_data.speed
1764513763654,-0.20142711699008942,monitor_data.speed
1764513763655,-0.17759357392787933,monitor_data.speed
1764513763656,-0.15646789968013763,monitor_data.speed
1764513763658,-0.1377423256635666,monitor_data.speed
1764513763659,-0.1185673326253891,monitor_data.speed
1764513763660,-0.10414782166481018,monitor_data.speed
1764513763661,-0.09136655926704407,monitor_data.speed
1764513763663,-0.08093025535345078,monitor_data.speed
1764513763664,-0.12493448704481125,monitor_data.speed
1764513763665,-0.10861014574766159,monitor_data.speed
1764513763666,-0.09532192349433899,monitor_data.speed
1764513763668,-0.08354341983795166,monitor_data.speed
1764513763669,-0.0722886323928833,monitor_data.speed
1764513763670,-0.062412310391664505,monitor_data.speed
1764513763671,-0.10789932310581207,monitor_data.speed
1764513763673,-0.09469184279441833,monitor_data.speed
1764513763674,-0.18858908116817474,monitor_data.speed
1764513763676,-0.15435539186000824,monitor_data.speed
1764513763627,0,monitor_data.speed_ref
1764513763628,0,monitor_data.speed_ref
1764513763630,0,monitor_data.speed_ref
1764513763631,0,monitor_data.speed_ref
1764513763632,0,monitor_data.speed_ref
1764513763633,0,monitor_data.speed_ref
1764513763635,0,monitor_data.speed_ref
1764513763636,0,monitor_data.speed_ref
1764513763637,0,monitor_data.speed_ref
1764513763639,0,monitor_data.speed_ref
1764513763640,0,monitor_data.speed_ref
1764513763641,0,monitor_data.speed_ref
1764513763642,0,monitor_data.speed_ref
1764513763644,0,monitor_data.speed_ref
1764513763645,0,monitor_data.speed_ref
1764513763646,0,monitor_data.speed_ref
1764513763648,0,monitor_data.speed_ref
1764513763649,0,monitor_data.speed_ref
1764513763650,0,monitor_data.speed_ref
1764513763651,0,monitor_data.speed_ref
1764513763653,0,monitor_data.speed_ref
1764513763654,0,monitor_data.speed_ref
1764513763655,0,monitor_data.speed_ref
1764513763656,0,monitor_data.speed_ref
1764513763658,0,monitor_data.speed_ref
1764513763659,0,monitor_data.speed_ref
1764513763660,0,monitor_data.speed_ref
1764513763661,0,monitor_data.speed_ref
1764513763663,0,monitor_data.speed_ref
1764513763664,0,monitor_data.speed_ref
1764513763665,0,monitor_data.speed_ref
1764513763666,0,monitor_data.speed_ref
1764513763668,0,monitor_data.speed_ref
1764513763669,0,monitor_data.speed_ref
1764513763670,0,monitor_data.speed_ref
1764513763671,0,monitor_data.speed_ref
1764513763673,0,monitor_data.speed_ref
1764513763674,0,monitor_data.speed_ref
1764513763676,0,monitor_data.speed_ref
1764513763677,-0.1358698308467865,monitor_data.speed
1764513763678,-0.11948448419570923,monitor_data.speed
1764513763679,-0.10382766276597977,monitor_data.speed
1764513763681,-0.08910411596298218,monitor_data.speed
1764513763682,-0.13375474512577057,monitor_data.speed
1764513763683,-0.11635012179613113,monitor_data.speed
1764513763685,-0.10107721388339996,monitor_data.speed
1764513763686,-0.08671465516090393,monitor_data.speed
1764513763687,-0.07591407746076584,monitor_data.speed
1764513763689,-0.06559371948242188,monitor_data.speed
1764513763690,5.8028483390808105,monitor_data.speed
1764513763691,-0.1005270853638649,monitor_data.speed
1764513763693,-0.08623673766851425,monitor_data.speed
1764513763694,-0.07465207576751709,monitor_data.speed
1764513763695,-0.06522198766469955,monitor_data.speed
1764513763696,-0.05621118098497391,monitor_data.speed
1764513763698,-0.047737471759319305,monitor_data.speed
1764513763699,-0.041365280747413635,monitor_data.speed
1764513763700,-0.03527640923857689,monitor_data.speed
1764513763702,-0.029933303594589233,monitor_data.speed
1764513763703,-0.02457611821591854,monitor_data.speed
1764513763704,-0.021130193024873734,monitor_data.speed
1764513763705,-0.017780989408493042,monitor_data.speed
1764513763707,-0.014812308363616467,monitor_data.speed
1764513763708,-0.011772380210459232,monitor_data.speed
1764513763709,-0.009308019652962685,monitor_data.speed
1764513763710,-0.06121271848678589,monitor_data.speed
1764513763712,-0.1675911396741867,monitor_data.speed
1764513763713,-0.1460423469543457,monitor_data.speed
1764513763714,-0.12713274359703064,monitor_data.speed
1764513763716,-0.11053917557001114,monitor_data.speed
1764513763717,-0.09703177213668823,monitor_data.speed
1764513763718,-0.0850590318441391,monitor_data.speed
1764513763719,-0.07361859083175659,monitor_data.speed
1764513763721,-0.06357938051223755,monitor_data.speed
1764513763722,-0.054769761860370636,monitor_data.speed
1764513763723,-0.1033209040760994,monitor_data.speed
1764513763725,-0.1391112208366394,monitor_data.speed
1764513763726,-0.1769714653491974,monitor_data.speed
1764513763677,0,monitor_data.speed_ref
1764513763678,0,monitor_data.speed_ref
1764513763679,0,monitor_data.speed_ref
1764513763681,0,monitor_data.speed_ref
1764513763682,0,monitor_data.speed_ref
1764513763683,0,monitor_data.speed_ref
1764513763685,0,monitor_data.speed_ref
1764513763686,0,monitor_data.speed_ref
1764513763687,0,monitor_data.speed_ref
1764513763689,0,monitor_data.speed_ref
1764513763690,0,monitor_data.speed_ref
1764513763691,0,monitor_data.speed_ref
1764513763693,0,monitor_data.speed_ref
1764513763694,0,monitor_data.speed_ref
1764513763695,0,monitor_data.speed_ref
1764513763696,0,monitor_data.speed_ref
1764513763698,0,monitor_data.speed_ref
1764513763699,0,monitor_data.speed_ref
1764513763700,0,monitor_data.speed_ref
1764513763702,0,monitor_data.speed_ref
1764513763703,0,monitor_data.speed_ref
1764513763704,0,monitor_data.speed_ref
1764513763705,0,monitor_data.speed_ref
1764513763707,0,monitor_data.speed_ref
1764513763708,0,monitor_data.speed_ref
1764513763709,0,monitor_data.speed_ref
1764513763710,0,monitor_data.speed_ref
1764513763712,0,monitor_data.speed_ref
1764513763713,0,monitor_data.speed_ref
1764513763714,0,monitor_data.speed_ref
1764513763716,0,monitor_data.speed_ref
1764513763717,0,monitor_data.speed_ref
1764513763718,0,monitor_data.speed_ref
1764513763719,0,monitor_data.speed_ref
1764513763721,0,monitor_data.speed_ref
1764513763722,0,monitor_data.speed_ref
1764513763723,0,monitor_data.speed_ref
1764513763725,0,monitor_data.speed_ref
1764513763726,0,monitor_data.speed_ref
1764513763727,-0.15591640770435333,monitor_data.speed
1764513763728,-0.13725349307060242,monitor_data.speed
1764513763729,-0.12201456725597382,monitor_data.speed
1764513763731,-0.1037713959813118,monitor_data.speed
1764513763732,-0.09103289991617203,monitor_data.speed
1764513763733,-0.0797417014837265,monitor_data.speed
1764513763734,-0.12489846348762512,monitor_data.speed
1764513763736,-0.10857856273651123,monitor_data.speed
1764513763737,-0.15054304897785187,monitor_data.speed
1764513763738,-0.2456291764974594,monitor_data.speed
1764513763739,5.642612934112549,monitor_data.speed
1764513763741,-0.24620305001735687,monitor_data.speed
1764513763742,-0.21279223263263702,monitor_data.speed
1764513763743,-0.18570725619792938,monitor_data.speed
1764513763744,-0.16539719700813293,monitor_data.speed
1764513763746,-0.1441170871257782,monitor_data.speed
1764513763747,-0.1267947107553482,monitor_data.speed
1764513763748,-0.16270431876182556,monitor_data.speed
1764513763749,-0.14175404608249664,monitor_data.speed
1764513763751,-0.1247001588344574,monitor_data.speed
1764513763752,-0.11077508330345154,monitor_data.speed
1764513763753,-0.15361297130584717,monitor_data.speed
1764513763754,-0.1352117508649826,monitor_data.speed
1764513763755,-0.2343365103006363,monitor_data.speed
1764513763757,-0.2046128511428833,monitor_data.speed
1764513763758,-0.18041735887527466,monitor_data.speed
1764513763759,-0.15729767084121704,monitor_data.speed
1764513763760,-0.13847783207893372,monitor_data.speed
1764513763762,-0.1780814230442047,monitor_data.speed
1764513763763,-0.15361188352108002,monitor_data.speed
1764513763764,-0.13377520442008972,monitor_data.speed
1764513763765,-0.17242670059204102,monitor_data.speed
1764513763767,5.650506973266602,monitor_data.speed
1764513763768,-0.23666054010391235,monitor_data.speed
1764513763769,5.598666191101074,monitor_data.speed
1764513763770,-0.28261104226112366,monitor_data.speed
1764513763772,-0.24955378472805023,monitor_data.speed
1764513763773,-0.2202523648738861,monitor_data.speed
1764513763774,-0.1942799836397171,monitor_data.speed
1764513763775,-0.17125844955444336,monitor_data.speed
1764513763776,-0.20601807534694672,monitor_data.speed
1764513763727,0,monitor_data.speed_ref
1764513763728,0,monitor_data.speed_ref
1764513763729,0,monitor_data.speed_ref
1764513763731,0,monitor_data.speed_ref
1764513763732,0,monitor_data.speed_ref
1764513763733,0,monitor_data.speed_ref
1764513763734,0,monitor_data.speed_ref
1764513763736,0,monitor_data.speed_ref
1764513763737,0,monitor_data.speed_ref
1764513763738,0,monitor_data.speed_ref
1764513763739,0,monitor_data.speed_ref
1764513763741,0,monitor_data.speed_ref
1764513763742,0,monitor_data.speed_ref
1764513763743,0,monitor_data.speed_ref
1764513763744,0,monitor_data.speed_ref
1764513763746,0,monitor_data.speed_ref
1764513763747,0,monitor_data.speed_ref
1764513763748,0,monitor_data.speed_ref
1764513763749,0,monitor_data.speed_ref
1764513763751,0,monitor_data.speed_ref
1764513763752,0,monitor_data.speed_ref
1764513763753,0,monitor_data.speed_ref
1764513763754,0,monitor_data.speed_ref
1764513763755,0,monitor_data.speed_ref
1764513763757,0,monitor_data.speed_ref
1764513763758,0,monitor_data.speed_ref
1764513763759,0,monitor_data.speed_ref
1764513763760,0,monitor_data.speed_ref
1764513763762,0,monitor_data.speed_ref
1764513763763,0,monitor_data.speed_ref
1764513763764,0,monitor_data.speed_ref
1764513763765,0,monitor_data.speed_ref
1764513763767,0,monitor_data.speed_ref
1764513763768,0,monitor_data.speed_ref
1764513763769,0,monitor_data.speed_ref
1764513763770,0,monitor_data.speed_ref
1764513763772,0,monitor_data.speed_ref
1764513763773,0,monitor_data.speed_ref
1764513763774,0,monitor_data.speed_ref
1764513763775,0,monitor_data.speed_ref
1764513763776,0,monitor_data.speed_ref
1764513763778,-0.23627670109272003,monitor_data.speed
1764513763779,-0.20848369598388672,monitor_data.speed
1764513763780,-0.23877984285354614,monitor_data.speed
1764513763781,-0.21070244908332825,monitor_data.speed
1764513763782,-0.1877763420343399,monitor_data.speed
1764513763784,-0.16375531256198883,monitor_data.speed
1764513763785,-0.14420181512832642,monitor_data.speed
1764513763786,-0.12551763653755188,monitor_data.speed
1764513763787,-0.1631891429424286,monitor_data.speed
1764513763789,-0.1436999887228012,monitor_data.speed
1764513763790,-0.18049220740795135,monitor_data.speed
1764513763791,-0.1557062417268753,monitor_data.speed
1764513763792,-0.13706721365451813,monitor_data.speed
1764513763794,-0.23143325746059418,monitor_data.speed
1764513763795,-0.20419058203697205,monitor_data.speed
1764513763796,-0.1800430715084076,monitor_data.speed
1764513763797,-0.26841890811920166,monitor_data.speed
1764513763799,-0.23452088236808777,monitor_data.speed
1764513763800,-0.20264342427253723,monitor_data.speed
1764513763801,-0.17680150270462036,monitor_data.speed
1764513763803,-0.20819231867790222,monitor_data.speed
1764513763804,-0.23466214537620544,monitor_data.speed
1764513763805,-0.20705263316631317,monitor_data.speed
1764513763806,-0.18257994949817657,monitor_data.speed
1764513763808,-0.21445484459400177,monitor_data.speed
1764513763809,-0.18716628849506378,monitor_data.speed
1764513763810,-0.16495302319526672,monitor_data.speed
1764513763812,-0.14526347815990448,monitor_data.speed
1764513763813,-0.12918621301651,monitor_data.speed
1764513763814,-0.11234114319086075,monitor_data.speed
1764513763815,-0.09970959275960922,monitor_data.speed
1764513763816,-0.1420459896326065,monitor_data.speed
1764513763817,-0.12495893985033035,monitor_data.speed
1764513763819,-0.11100679636001587,monitor_data.speed
1764513763820,-0.0963883250951767,monitor_data.speed
1764513763821,-0.08542641997337341,monitor_data.speed
1764513763822,-0.07394099980592728,monitor_data.speed
1764513763823,-0.06459169089794159,monitor_data.speed
1764513763825,-0.1722596436738968,monitor_data.speed
1764513763826,-0.15335699915885925,monitor_data.speed
1764513763778,0,monitor_data.speed_ref
1764513763779,0,monitor_data.speed_ref
1764513763780,0,monitor_data.speed_ref
1764513763781,0,monitor_data.speed_ref
1764513763782,0,monitor_data.speed_ref
1764513763784,0,monitor_data.speed_ref
1764513763785,0,monitor_data.speed_ref
1764513763786,0,monitor_data.speed_ref
1764513763787,0,monitor_data.speed_ref
1764513763789,0,monitor_data.speed_ref
1764513763790,0,monitor_data.speed_ref
1764513763791,0,monitor_data.speed_ref
1764513763792,0,monitor_data.speed_ref
1764513763794,0,monitor_data.speed_ref
1764513763795,0,monitor_data.speed_ref
1764513763796,0,monitor_data.speed_ref
1764513763797,0,monitor_data.speed_ref
1764513763799,0,monitor_data.speed_ref
1764513763800,0,monitor_data.speed_ref
1764513763801,0,monitor_data.speed_ref
1764513763803,0,monitor_data.speed_ref
1764513763804,0,monitor_data.speed_ref
1764513763805,0,monitor_data.speed_ref
1764513763806,0,monitor_data.speed_ref
1764513763808,0,monitor_data.speed_ref
1764513763809,0,monitor_data.speed_ref
1764513763810,0,monitor_data.speed_ref
1764513763812,0,monitor_data.speed_ref
1764513763813,0,monitor_data.speed_ref
1764513763814,0,monitor_data.speed_ref
1764513763815,0,monitor_data.speed_ref
1764513763816,0,monitor_data.speed_ref
1764513763817,0,monitor_data.speed_ref
1764513763819,0,monitor_data.speed_ref
1764513763820,0,monitor_data.speed_ref
1764513763821,0,monitor_data.speed_ref
1764513763822,0,monitor_data.speed_ref
1764513763823,0,monitor_data.speed_ref
1764513763825,0,monitor_data.speed_ref
1764513763826,0,monitor_data.speed_ref
1764513763827,-0.1349848508834839,monitor_data.speed
1764513763828,-0.1187000423669815,monitor_data.speed
1764513763829,-0.10313929617404938,monitor_data.speed
1764513763831,-0.08850609511137009,monitor_data.speed
1764513763832,-0.07750196754932404,monitor_data.speed
1764513763833,-0.06774808466434479,monitor_data.speed
1764513763834,-0.05978371202945709,monitor_data.speed
1764513763836,-0.05143897607922554,monitor_data.speed
1764513763837,-0.0441162995994091,monitor_data.speed
1764513763838,-0.03769049420952797,monitor_data.speed
1764513763839,-0.032871998846530914,monitor_data.speed
1764513763841,-0.02818875014781952,monitor_data.speed
1764513763842,-0.0811418890953064,monitor_data.speed
1764513763843,-0.07097446918487549,monitor_data.speed
1764513763844,-0.11602941900491714,monitor_data.speed
1764513763846,-0.10079577565193176,monitor_data.speed
1764513763847,-0.14246273040771484,monitor_data.speed
1764513763848,-0.12532834708690643,monitor_data.speed
1764513763849,-0.11014068126678467,monitor_data.speed
1764513763850,-0.15135037899017334,monitor_data.speed
1764513763852,-0.13320620357990265,monitor_data.speed
1764513763853,-0.16886006295681,monitor_data.speed
1764513763854,-0.20732071995735168,monitor_data.speed
1764513763855,5.620846271514893,monitor_data.speed
1764513763857,-0.2629513740539551,monitor_data.speed
1764513763858,-0.2297230213880539,monitor_data.speed
1764513763859,-0.2540907859802246,monitor_data.speed
1764513763860,-0.22427387535572052,monitor_data.speed
1764513763861,-0.19992731511592865,monitor_data.speed
1764513763863,-0.16721639037132263,monitor_data.speed
1764513763864,-0.14571350812911987,monitor_data.speed
1764513763866,-0.1822768896818161,monitor_data.speed
1764513763867,-0.1606191247701645,monitor_data.speed
1764513763868,-0.14142192900180817,monitor_data.speed
1764513763869,-0.18167221546173096,monitor_data.speed
1764513763871,-0.1600831151008606,monitor_data.speed
1764513763872,-0.14094682037830353,monitor_data.speed
1764513763873,-0.12398464232683182,monitor_data.speed
1764513763874,-0.10777665674686432,monitor_data.speed
1764513763876,-0.14606168866157532,monitor_data.speed
1764513763827,0,monitor_data.speed_ref
1764513763828,0,monitor_data.speed_ref
1764513763829,0,monitor_data.speed_ref
1764513763831,0,monitor_data.speed_ref
1764513763832,0,monitor_data.speed_ref
1764513763833,0,monitor_data.speed_ref
1764513763834,0,monitor_data.speed_ref
1764513763836,0,monitor_data.speed_ref
1764513763837,0,monitor_data.speed_ref
1764513763838,0,monitor_data.speed_ref
1764513763839,0,monitor_data.speed_ref
1764513763841,0,monitor_data.speed_ref
1764513763842,0,monitor_data.speed_ref
1764513763843,0,monitor_data.speed_ref
1764513763844,0,monitor_data.speed_ref
1764513763846,0,monitor_data.speed_ref
1764513763847,0,monitor_data.speed_ref
1764513763848,0,monitor_data.speed_ref
1764513763849,0,monitor_data.speed_ref
1764513763850,0,monitor_data.speed_ref
1764513763852,0,monitor_data.speed_ref
1764513763853,0,monitor_data.speed_ref
1764513763854,0,monitor_data.speed_ref
1764513763855,0,monitor_data.speed_ref
1764513763857,0,monitor_data.speed_ref
1764513763858,0,monitor_data.speed_ref
1764513763859,0,monitor_data.speed_ref
1764513763860,0,monitor_data.speed_ref
1764513763861,0,monitor_data.speed_ref
1764513763863,0,monitor_data.speed_ref
1764513763864,0,monitor_data.speed_ref
1764513763866,0,monitor_data.speed_ref
1764513763867,0,monitor_data.speed_ref
1764513763868,0,monitor_data.speed_ref
1764513763869,0,monitor_data.speed_ref
1764513763871,0,monitor_data.speed_ref
1764513763872,0,monitor_data.speed_ref
1764513763873,0,monitor_data.speed_ref
1764513763874,0,monitor_data.speed_ref
1764513763876,0,monitor_data.speed_ref
1764513763877,-0.12714973092079163,monitor_data.speed
1764513763878,-0.11175511032342911,monitor_data.speed
1764513763879,-0.09704498201608658,monitor_data.speed
1764513763881,-0.08321169018745422,monitor_data.speed
1764513763882,-0.07280910015106201,monitor_data.speed
1764513763883,-0.12159668654203415,monitor_data.speed
1764513763884,-0.1056811660528183,monitor_data.speed
1764513763886,-0.08972370624542236,monitor_data.speed
1764513763887,-0.07858123630285263,monitor_data.speed
1764513763888,-0.12277208268642426,monitor_data.speed
1764513763890,-0.10787484049797058,monitor_data.speed
1764513763891,-0.09262005984783173,monitor_data.speed
1764513763892,-0.1327146291732788,monitor_data.speed
1764513763894,-0.11543738842010498,monitor_data.speed
1764513763895,-0.10137348622083664,monitor_data.speed
1764513763896,-0.2055090069770813,monitor_data.speed
1764513763897,-0.23616978526115417,monitor_data.speed
1764513763899,-0.20622161030769348,monitor_data.speed
1764513763900,-0.1818433403968811,monitor_data.speed
1764513763901,-0.16023479402065277,monitor_data.speed
1764513763902,-0.13958697021007538,monitor_data.speed
1764513763904,-0.12146802246570587,monitor_data.speed
1764513763905,-0.10671892762184143,monitor_data.speed
1764513763906,-0.14936766028404236,monitor_data.speed
1764513763907,-0.29558485746383667,monitor_data.speed
1764513763909,-0.31082096695899963,monitor_data.speed
1764513763910,5.526804447174072,monitor_data.speed
1764513763911,-0.34630823135375977,monitor_data.speed
1764513763912,-0.3060137927532196,monitor_data.speed
1764513763913,-0.2702975869178772,monitor_data.speed
1764513763915,-0.23372431099414825,monitor_data.speed
1764513763916,-0.2062213271856308,monitor_data.speed
1764513763917,-0.181843101978302,monitor_data.speed
1764513763918,-0.161937415599823,monitor_data.speed
1764513763919,-0.13958679139614105,monitor_data.speed
1764513763921,-0.23821444809436798,monitor_data.speed
1764513763922,-0.21020135283470154,monitor_data.speed
1764513763923,-0.2888861894607544,monitor_data.speed
1764513763925,-0.2524813413619995,monitor_data.speed
1764513763926,-0.22053532302379608,monitor_data.speed
1764513763877,0,monitor_data.speed_ref
1764513763878,0,monitor_data.speed_ref
1764513763879,0,monitor_data.speed_ref
1764513763881,0,monitor_data.speed_ref
1764513763882,0,monitor_data.speed_ref
1764513763883,0,monitor_data.speed_ref
1764513763884,0,monitor_data.speed_ref
1764513763886,0,monitor_data.speed_ref
1764513763887,0,monitor_data.speed_ref
1764513763888,0,monitor_data.speed_ref
1764513763890,0,monitor_data.speed_ref
1764513763891,0,monitor_data.speed_ref
1764513763892,0,monitor_data.speed_ref
1764513763894,0,monitor_data.speed_ref
1764513763895,0,monitor_data.speed_ref
1764513763896,0,monitor_data.speed_ref
1764513763897,0,monitor_data.speed_ref
1764513763899,0,monitor_data.speed_ref
1764513763900,0,monitor_data.speed_ref
1764513763901,0,monitor_data.speed_ref
1764513763902,0,monitor_data.speed_ref
1764513763904,0,monitor_data.speed_ref
1764513763905,0,monitor_data.speed_ref
1764513763906,0,monitor_data.speed_ref
1764513763907,0,monitor_data.speed_ref
1764513763909,0,monitor_data.speed_ref
1764513763910,0,monitor_data.speed_ref
1764513763911,0,monitor_data.speed_ref
1764513763912,0,monitor_data.speed_ref
1764513763913,0,monitor_data.speed_ref
1764513763915,0,monitor_data.speed_ref
1764513763916,0,monitor_data.speed_ref
1764513763917,0,monitor_data.speed_ref
1764513763918,0,monitor_data.speed_ref
1764513763919,0,monitor_data.speed_ref
1764513763921,0,monitor_data.speed_ref
1764513763922,0,monitor_data.speed_ref
1764513763923,0,monitor_data.speed_ref
1764513763925,0,monitor_data.speed_ref
1764513763926,0,monitor_data.speed_ref
1764513763927,-0.19250203669071198,monitor_data.speed
1764513763928,-0.1696825474500656,monitor_data.speed
1764513763930,-0.14945565164089203,monitor_data.speed
1764513763931,-0.1287432312965393,monitor_data.speed
1764513763932,-0.16846226155757904,monitor_data.speed
1764513763933,-0.1483740210533142,monitor_data.speed
1764513763934,-0.24716974794864655,monitor_data.speed
1764513763936,-0.32629379630088806,monitor_data.speed
1764513763937,-0.34047192335128784,monitor_data.speed
1764513763938,-0.3613912761211395,monitor_data.speed
1764513763939,-0.3193832337856293,monitor_data.speed
1764513763940,-0.28214800357818604,monitor_data.speed
1764513763942,-0.2465684413909912,monitor_data.speed
1764513763943,-0.21534664928913116,monitor_data.speed
1764513763944,-0.24621686339378357,monitor_data.speed
1764513763946,-0.21729455888271332,monitor_data.speed
1764513763947,-0.24427156150341034,monitor_data.speed
1764513763948,-0.21333107352256775,monitor_data.speed
1764513763949,-0.18618014454841614,monitor_data.speed
1764513763951,-0.16064760088920593,monitor_data.speed
1764513763952,-0.14144715666770935,monitor_data.speed
1764513763954,-0.12048456072807312,monitor_data.speed
1764513763955,-0.10584720969200134,monitor_data.speed
1764513763956,-0.09287286549806595,monitor_data.speed
1764513763957,-0.08137261122465134,monitor_data.speed
1764513763958,-0.0703836977481842,monitor_data.speed
1764513763960,-0.12015188485383987,monitor_data.speed
1764513763961,-0.1055523231625557,monitor_data.speed
1764513763962,-0.09261150658130646,monitor_data.speed
1764513763963,-0.13520799577236176,monitor_data.speed
1764513763964,-0.11636565625667572,monitor_data.speed
1764513763966,-0.15572305023670197,monitor_data.speed
1764513763967,-0.25025567412376404,monitor_data.speed
1764513763968,-0.21858227252960205,monitor_data.speed
1764513763969,-0.2476416677236557,monitor_data.speed
1764513763971,-0.22084946930408478,monitor_data.speed
1764513763972,-0.19277769327163696,monitor_data.speed
1764513763973,5.687658309936523,monitor_data.speed
1764513763974,-0.26001474261283875,monitor_data.speed
1764513763975,-0.22714602947235107,monitor_data.speed
1764513763977,-0.20039042830467224,monitor_data.speed
1764513763927,0,monitor_data.speed_ref
1764513763928,0,monitor_data.speed_ref
1764513763930,0,monitor_data.speed_ref
1764513763931,0,monitor_data.speed_ref
1764513763932,0,monitor_data.speed_ref
1764513763933,0,monitor_data.speed_ref
1764513763934,0,monitor_data.speed_ref
1764513763936,0,monitor_data.speed_ref
1764513763937,0,monitor_data.speed_ref
1764513763938,0,monitor_data.speed_ref
1764513763939,0,monitor_data.speed_ref
1764513763940,0,monitor_data.speed_ref
1764513763942,0,monitor_data.speed_ref
1764513763943,0,monitor_data.speed_ref
1764513763944,0,monitor_data.speed_ref
1764513763946,0,monitor_data.speed_ref
1764513763947,0,monitor_data.speed_ref
1764513763948,0,monitor_data.speed_ref
1764513763949,0,monitor_data.speed_ref
1764513763951,0,monitor_data.speed_ref
1764513763952,0,monitor_data.speed_ref
1764513763954,0,monitor_data.speed_ref
1764513763955,0,monitor_data.speed_ref
1764513763956,0,monitor_data.speed_ref
1764513763957,0,monitor_data.speed_ref
1764513763958,0,monitor_data.speed_ref
1764513763960,0,monitor_data.speed_ref
1764513763961,0,monitor_data.speed_ref
1764513763962,0,monitor_data.speed_ref
1764513763963,0,monitor_data.speed_ref
1764513763964,0,monitor_data.speed_ref
1764513763966,0,monitor_data.speed_ref
1764513763967,0,monitor_data.speed_ref
1764513763968,0,monitor_data.speed_ref
1764513763969,0,monitor_data.speed_ref
1764513763971,0,monitor_data.speed_ref
1764513763972,0,monitor_data.speed_ref
1764513763973,0,monitor_data.speed_ref
1764513763974,0,monitor_data.speed_ref
1764513763975,0,monitor_data.speed_ref
1764513763977,0,monitor_data.speed_ref
1764513763978,-0.17667466402053833,monitor_data.speed
1764513763979,-0.15401336550712585,monitor_data.speed
1764513763980,-0.13412751257419586,monitor_data.speed
1764513763982,-0.17200742661952972,monitor_data.speed
1764513763983,-0.151516392827034,monitor_data.speed
1764513763984,-0.19020704925060272,monitor_data.speed
1764513763985,-0.16588832437992096,monitor_data.speed
1764513763987,-0.14454811811447144,monitor_data.speed
1764513763988,-0.12717679142951965,monitor_data.speed
1764513763989,-0.1117791086435318,monitor_data.speed
1764513763990,-0.09706602990627289,monitor_data.speed
1764513763992,-0.08231419324874878,monitor_data.speed
1764513763993,-0.07201357185840607,monitor_data.speed
1764513763994,-0.12147719413042068,monitor_data.speed
1764513763996,-0.10443706065416336,monitor_data.speed
1764513763997,-0.09062322229146957,monitor_data.speed
1764513763998,-0.13535486161708832,monitor_data.speed
1764513763999,-0.17531320452690125,monitor_data.speed
1764513764001,-0.20743809640407562,monitor_data.speed
1764513764002,-0.18485364317893982,monitor_data.speed
1764513764003,-0.15949523448944092,monitor_data.speed
1764513764004,-0.14042574167251587,monitor_data.speed
1764513764006,-0.12352277338504791,monitor_data.speed
1764513764007,-0.1653943508863449,monitor_data.speed
1764513764008,-0.1441146582365036,monitor_data.speed
1764513764009,-0.18344935774803162,monitor_data.speed
1764513764011,-0.21294960379600525,monitor_data.speed
1764513764012,-0.18780693411827087,monitor_data.speed
1764513764013,-0.16378219425678253,monitor_data.speed
1764513764014,-0.14422562718391418,monitor_data.speed
1764513764016,-0.12689094245433807,monitor_data.speed
1764513764017,-0.11032697558403015,monitor_data.speed
1764513764018,-0.14983507990837097,monitor_data.speed
1764513764019,-0.1304609775543213,monitor_data.speed
1764513764021,-0.2301255464553833,monitor_data.speed
1764513764022,-0.20303139090538025,monitor_data.speed
1764513764023,-0.17901557683944702,monitor_data.speed
1764513764024,5.644724369049072,monitor_data.speed
1764513764025,-0.2417857050895691,monitor_data.speed
1764513764027,-0.2133668214082718,monitor_data.speed
1764513763978,0,monitor_data.speed_ref
1764513763979,0,monitor_data.speed_ref
1764513763980,0,monitor_data.speed_ref
1764513763982,0,monitor_data.speed_ref
1764513763983,0,monitor_data.speed_ref
1764513763984,0,monitor_data.speed_ref
1764513763985,0,monitor_data.speed_ref
1764513763987,0,monitor_data.speed_ref
1764513763988,0,monitor_data.speed_ref
1764513763989,0,monitor_data.speed_ref
1764513763990,0,monitor_data.speed_ref
1764513763992,0,monitor_data.speed_ref
1764513763993,0,monitor_data.speed_ref
1764513763994,0,monitor_data.speed_ref
1764513763996,0,monitor_data.speed_ref
1764513763997,0,monitor_data.speed_ref
1764513763998,0,monitor_data.speed_ref
1764513763999,0,monitor_data.speed_ref
1764513764001,0,monitor_data.speed_ref
1764513764002,0,monitor_data.speed_ref
1764513764003,0,monitor_data.speed_ref
1764513764004,0,monitor_data.speed_ref
1764513764006,0,monitor_data.speed_ref
1764513764007,0,monitor_data.speed_ref
1764513764008,0,monitor_data.speed_ref
1764513764009,0,monitor_data.speed_ref
1764513764011,0,monitor_data.speed_ref
1764513764012,0,monitor_data.speed_ref
1764513764013,0,monitor_data.speed_ref
1764513764014,0,monitor_data.speed_ref
1764513764016,0,monitor_data.speed_ref
1764513764017,0,monitor_data.speed_ref
1764513764018,0,monitor_data.speed_ref
1764513764019,0,monitor_data.speed_ref
1764513764021,0,monitor_data.speed_ref
1764513764022,0,monitor_data.speed_ref
1764513764023,0,monitor_data.speed_ref
1764513764024,0,monitor_data.speed_ref
1764513764025,0,monitor_data.speed_ref
1764513764027,0,monitor_data.speed_ref
1764513764028,-0.18817675113677979,monitor_data.speed
1764513764029,-0.16238214075565338,monitor_data.speed
1764513764031,-0.13997311890125275,monitor_data.speed
1764513764032,-0.12180685997009277,monitor_data.speed
1764513764033,-0.10818461328744888,monitor_data.speed
1764513764034,-0.09598807990550995,monitor_data.speed
1764513764035,-0.08413390815258026,monitor_data.speed
1764513764037,-0.07199524343013763,monitor_data.speed
1764513764038,-0.11858952045440674,monitor_data.speed
1764513764039,-0.10304231196641922,monitor_data.speed
1764513764040,-0.14724043011665344,monitor_data.speed
1764513764042,-0.1811893880367279,monitor_data.speed
1764513764043,-0.1596551537513733,monitor_data.speed
1764513764044,-0.14056748151779175,monitor_data.speed
1764513764045,-0.12364840507507324,monitor_data.speed
1764513764047,-0.16550534963607788,monitor_data.speed
1764513764048,-0.31307321786880493,monitor_data.speed
1764513764049,-0.2794327437877655,monitor_data.speed
1764513764050,-0.24673663079738617,monitor_data.speed
1764513764052,-0.2177552580833435,monitor_data.speed
1764513764053,-0.19006244838237762,monitor_data.speed
1764513764054,-0.16752012073993683,monitor_data.speed
1764513764055,-0.20613282918930054,monitor_data.speed
1764513764056,-0.18368500471115112,monitor_data.speed
1764513764058,-0.16016510128974915,monitor_data.speed
1764513764059,-0.13952584564685822,monitor_data.speed
1764513764060,-0.1240490972995758,monitor_data.speed
1764513764061,-0.16199831664562225,monitor_data.speed
1764513764062,-0.14264445006847382,monitor_data.speed
1764513764064,-0.1776772290468216,monitor_data.speed
1764513764065,-0.15654198825359344,monitor_data.speed
1764513764066,-0.1363464593887329,monitor_data.speed
1764513764067,-0.12120245397090912,monitor_data.speed
1764513764068,-0.16109684109687805,monitor_data.speed
1764513764070,-0.14034345746040344,monitor_data.speed
1764513764071,-0.17973534762859344,monitor_data.speed
1764513764072,-0.1583663374185562,monitor_data.speed
1764513764073,-0.19595547020435333,monitor_data.speed
1764513764075,-0.16913990676403046,monitor_data.speed
1764513764028,0,monitor_data.speed_ref
1764513764029,0,monitor_data.speed_ref
1764513764031,0,monitor_data.speed_ref
1764513764032,0,monitor_data.speed_ref
1764513764033,0,monitor_data.speed_ref
1764513764034,0,monitor_data.speed_ref
1764513764035,0,monitor_data.speed_ref
1764513764037,0,monitor_data.speed_ref
1764513764038,0,monitor_data.speed_ref
1764513764039,0,monitor_data.speed_ref
1764513764040,0,monitor_data.speed_ref
1764513764042,0,monitor_data.speed_ref
1764513764043,0,monitor_data.speed_ref
1764513764044,0,monitor_data.speed_ref
1764513764045,0,monitor_data.speed_ref
1764513764047,0,monitor_data.speed_ref
1764513764048,0,monitor_data.speed_ref
1764513764049,0,monitor_data.speed_ref
1764513764050,0,monitor_data.speed_ref
1764513764052,0,monitor_data.speed_ref
1764513764053,0,monitor_data.speed_ref
1764513764054,0,monitor_data.speed_ref
1764513764055,0,monitor_data.speed_ref
1764513764056,0,monitor_data.speed_ref
1764513764058,0,monitor_data.speed_ref
1764513764059,0,monitor_data.speed_ref
1764513764060,0,monitor_data.speed_ref
1764513764061,0,monitor_data.speed_ref
1764513764062,0,monitor_data.speed_ref
1764513764064,0,monitor_data.speed_ref
1764513764065,0,monitor_data.speed_ref
1764513764066,0,monitor_data.speed_ref
1764513764067,0,monitor_data.speed_ref
1764513764068,0,monitor_data.speed_ref
1764513764070,0,monitor_data.speed_ref
1764513764071,0,monitor_data.speed_ref
1764513764072,0,monitor_data.speed_ref
1764513764073,0,monitor_data.speed_ref
1764513764075,0,monitor_data.speed_ref
1764513764076,-0.14740145206451416,monitor_data.speed
1764513764077,-0.12832538783550262,monitor_data.speed
1764513764079,-0.110386423766613,monitor_data.speed
1764513764080,-0.09480201452970505,monitor_data.speed
1764513764082,-0.19554471969604492,monitor_data.speed
1764513764083,-0.2291659414768219,monitor_data.speed
1764513764084,-0.20007555186748505,monitor_data.speed
1764513764086,-0.22950232028961182,monitor_data.speed
1764513764087,-0.20037074387073517,monitor_data.speed
1764513764088,-0.17297565937042236,monitor_data.speed
1764513764090,-0.14917626976966858,monitor_data.speed
1764513764091,-0.12850052118301392,monitor_data.speed
1764513764093,-0.10934967547655106,monitor_data.speed
1764513764094,-0.09390132874250412,monitor_data.speed
1764513764095,5.778905391693115,monitor_data.speed
1764513764097,-0.11895336210727692,monitor_data.speed
1764513764098,-0.10224451124668121,monitor_data.speed
1764513764100,-0.08676797151565552,monitor_data.speed
1764513764101,-0.12727518379688263,monitor_data.speed
1764513764103,-0.10829581320285797,monitor_data.speed
1764513764104,-0.09298579394817352,monitor_data.speed
1764513764105,-0.19461090862751007,monitor_data.speed
1764513764107,-0.16620859503746033,monitor_data.speed
1764513764108,-0.14329738914966583,monitor_data.speed
1764513764110,-0.12606815993785858,monitor_data.speed
1764513764111,-0.10960497707128525,monitor_data.speed
1764513764112,-0.09412311017513275,monitor_data.speed
1764513764114,-0.08067329972982407,monitor_data.speed
1764513764115,-0.06977002322673798,monitor_data.speed
1764513764116,-0.06020216643810272,monitor_data.speed
1764513764118,-0.10697134584188461,monitor_data.speed
1764513764119,-0.09083334356546402,monitor_data.speed
1764513764120,-0.07781536132097244,monitor_data.speed
1764513764122,-0.06650602072477341,monitor_data.speed
1764513764123,-0.05733795836567879,monitor_data.speed
1764513764125,-0.0475807823240757,monitor_data.speed
1764513764126,-0.04073065146803856,monitor_data.speed
1764513764127,-0.03471951559185982,monitor_data.speed
1764513764129,-0.029826361685991287,monitor_data.speed
1764513764130,-0.08340970426797867,monitor_data.speed
1764513764131,-0.18760736286640167,monitor_data.speed
1764513764076,0,monitor_data.speed_ref
1764513764077,0,monitor_data.speed_ref
1764513764079,0,monitor_data.speed_ref
1764513764080,0,monitor_data.speed_ref
1764513764082,0,monitor_data.speed_ref
1764513764083,0,monitor_data.speed_ref
1764513764084,0,monitor_data.speed_ref
1764513764086,0,monitor_data.speed_ref
1764513764087,0,monitor_data.speed_ref
1764513764088,0,monitor_data.speed_ref
1764513764090,0,monitor_data.speed_ref
1764513764091,0,monitor_data.speed_ref
1764513764093,0,monitor_data.speed_ref
1764513764094,0,monitor_data.speed_ref
1764513764095,0,monitor_data.speed_ref
1764513764097,0,monitor_data.speed_ref
1764513764098,0,monitor_data.speed_ref
1764513764100,0,monitor_data.speed_ref
1764513764101,0,monitor_data.speed_ref
1764513764103,0,monitor_data.speed_ref
1764513764104,0,monitor_data.speed_ref
1764513764105,0,monitor_data.speed_ref
1764513764107,0,monitor_data.speed_ref
1764513764108,0,monitor_data.speed_ref
1764513764110,0,monitor_data.speed_ref
1764513764111,0,monitor_data.speed_ref
1764513764112,0,monitor_data.speed_ref
1764513764114,0,monitor_data.speed_ref
1764513764115,0,monitor_data.speed_ref
1764513764116,0,monitor_data.speed_ref
1764513764118,0,monitor_data.speed_ref
1764513764119,0,monitor_data.speed_ref
1764513764120,0,monitor_data.speed_ref
1764513764122,0,monitor_data.speed_ref
1764513764123,0,monitor_data.speed_ref
1764513764125,0,monitor_data.speed_ref
1764513764126,0,monitor_data.speed_ref
1764513764127,0,monitor_data.speed_ref
1764513764129,0,monitor_data.speed_ref
1764513764130,0,monitor_data.speed_ref
1764513764131,0,monitor_data.speed_ref
1764513764133,-0.1618874967098236,monitor_data.speed
1764513764134,-0.13954339921474457,monitor_data.speed
1764513764135,-0.2338912934064865,monitor_data.speed
1764513764137,-0.2578188180923462,monitor_data.speed
1764513764138,-0.22521908581256866,monitor_data.speed
1764513764140,-0.19456252455711365,monitor_data.speed
1764513764141,-0.22830475866794586,monitor_data.speed
1764513764142,-0.19518731534481049,monitor_data.speed
1764513764144,-0.168472558259964,monitor_data.speed
1764513764145,-0.20310088992118835,monitor_data.speed
1764513764146,-0.1753474771976471,monitor_data.speed
1764513764148,-0.31137895584106445,monitor_data.speed
1764513764149,-0.3319069743156433,monitor_data.speed
1764513764150,-0.2902328073978424,monitor_data.speed
1764513764152,-0.24844899773597717,monitor_data.speed
1764513764153,-0.21474342048168182,monitor_data.speed
1764513764155,-0.2442733496427536,monitor_data.speed
1764513764156,-0.2133326530456543,monitor_data.speed
1764513764157,-0.18423624336719513,monitor_data.speed
1764513764159,-0.2102769911289215,monitor_data.speed
1764513764160,-0.18158164620399475,monitor_data.speed
1764513764161,-0.158319354057312,monitor_data.speed
1764513764163,-0.18641361594200134,monitor_data.speed
1764513764164,-0.1608504354953766,monitor_data.speed
1764513764166,-0.19813504815101624,monitor_data.speed
1764513764167,-0.17284531891345978,monitor_data.speed
1764513764168,-0.14906302094459534,monitor_data.speed
1764513764170,-0.12840215861797333,monitor_data.speed
1764513764171,-0.10926507413387299,monitor_data.speed
1764513764173,-0.15242193639278412,monitor_data.speed
1764513764174,-0.13132020831108093,monitor_data.speed
1764513764175,-0.11421377211809158,monitor_data.speed
1764513764177,-0.09812700003385544,monitor_data.speed
1764513764178,-0.08508601784706116,monitor_data.speed
1764513764179,-0.07282237708568573,monitor_data.speed
1764513764181,-0.11623533070087433,monitor_data.speed
1764513764182,-0.098800890147686,monitor_data.speed
1764513764133,0,monitor_data.speed_ref
1764513764134,0,monitor_data.speed_ref
1764513764135,0,monitor_data.speed_ref
1764513764137,0,monitor_data.speed_ref
1764513764138,0,monitor_data.speed_ref
1764513764140,0,monitor_data.speed_ref
1764513764141,0,monitor_data.speed_ref
1764513764142,0,monitor_data.speed_ref
1764513764144,0,monitor_data.speed_ref
1764513764145,0,monitor_data.speed_ref
1764513764146,0,monitor_data.speed_ref
1764513764148,0,monitor_data.speed_ref
1764513764149,0,monitor_data.speed_ref
1764513764150,0,monitor_data.speed_ref
1764513764152,0,monitor_data.speed_ref
1764513764153,0,monitor_data.speed_ref
1764513764155,0,monitor_data.speed_ref
1764513764156,0,monitor_data.speed_ref
1764513764157,0,monitor_data.speed_ref
1764513764159,0,monitor_data.speed_ref
1764513764160,0,monitor_data.speed_ref
1764513764161,0,monitor_data.speed_ref
1764513764163,0,monitor_data.speed_ref
1764513764164,0,monitor_data.speed_ref
1764513764166,0,monitor_data.speed_ref
1764513764167,0,monitor_data.speed_ref
1764513764168,0,monitor_data.speed_ref
1764513764170,0,monitor_data.speed_ref
1764513764171,0,monitor_data.speed_ref
1764513764173,0,monitor_data.speed_ref
1764513764174,0,monitor_data.speed_ref
1764513764175,0,monitor_data.speed_ref
1764513764177,0,monitor_data.speed_ref
1764513764178,0,monitor_data.speed_ref
1764513764179,0,monitor_data.speed_ref
1764513764181,0,monitor_data.speed_ref
1764513764182,0,monitor_data.speed_ref
1764513764184,-0.08473712205886841,monitor_data.speed
1764513764185,-0.07333612442016602,monitor_data.speed
1764513764187,-0.06190508231520653,monitor_data.speed
1764513764188,-0.05268403887748718,monitor_data.speed
1764513764189,-0.04574984312057495,monitor_data.speed
1764513764191,-0.14516682922840118,monitor_data.speed
1764513764192,-0.12368369102478027,monitor_data.speed
1764513764193,-0.10751256346702576,monitor_data.speed
1764513764195,5.767080307006836,monitor_data.speed
1764513764196,-0.13191445171833038,monitor_data.speed
1764513764197,-0.11350438743829727,monitor_data.speed
1764513764199,-0.0985800102353096,monitor_data.speed
1764513764200,-0.08548354357481003,monitor_data.speed
1764513764201,-0.07399112731218338,monitor_data.speed
1764513764203,-0.11834900826215744,monitor_data.speed
1764513764204,-0.10061880201101303,monitor_data.speed
1764513764206,-0.08631641417741776,monitor_data.speed
1764513764207,5.784664154052734,monitor_data.speed
1764513764208,-0.11523605138063431,monitor_data.speed
1764513764210,-0.09901510179042816,monitor_data.speed
1764513764211,-0.08586534857749939,monitor_data.speed
1764513764212,-0.07349943369626999,monitor_data.speed
1764513764214,-0.06275658309459686,monitor_data.speed
1764513764215,-0.11143186688423157,monitor_data.speed
1764513764217,-0.15143267810344696,monitor_data.speed
1764513764218,-0.18702827394008636,monitor_data.speed
1764513764219,-0.16138440370559692,monitor_data.speed
1764513764221,-0.14059576392173767,monitor_data.speed
1764513764222,-0.1767686903476715,monitor_data.speed
1764513764223,-0.15247145295143127,monitor_data.speed
1764513764225,-0.13136322796344757,monitor_data.speed
1764513764226,-0.1142515242099762,monitor_data.speed
1764513764227,-0.0981597974896431,monitor_data.speed
1764513764229,-0.08605886995792389,monitor_data.speed
1764513764230,5.7857184410095215,monitor_data.speed
1764513764232,-0.11309383809566498,monitor_data.speed
1764513764233,-0.09715408086776733,monitor_data.speed
1764513764184,0,monitor_data.speed_ref
1764513764185,0,monitor_data.speed_ref
1764513764187,0,monitor_data.speed_ref
1764513764188,0,monitor_data.speed_ref
1764513764189,0,monitor_data.speed_ref
1764513764191,0,monitor_data.speed_ref
1764513764192,0,monitor_data.speed_ref
1764513764193,0,monitor_data.speed_ref
1764513764195,0,monitor_data.speed_ref
1764513764196,0,monitor_data.speed_ref
1764513764197,0,monitor_data.speed_ref
1764513764199,0,monitor_data.speed_ref
1764513764200,0,monitor_data.speed_ref
1764513764201,0,monitor_data.speed_ref
1764513764203,0,monitor_data.speed_ref
1764513764204,0,monitor_data.speed_ref
1764513764206,0,monitor_data.speed_ref
1764513764207,0,monitor_data.speed_ref
1764513764208,0,monitor_data.speed_ref
1764513764210,0,monitor_data.speed_ref
1764513764211,0,monitor_data.speed_ref
1764513764212,0,monitor_data.speed_ref
1764513764214,0,monitor_data.speed_ref
1764513764215,0,monitor_data.speed_ref
1764513764217,0,monitor_data.speed_ref
1764513764218,0,monitor_data.speed_ref
1764513764219,0,monitor_data.speed_ref
1764513764221,0,monitor_data.speed_ref
1764513764222,0,monitor_data.speed_ref
1764513764223,0,monitor_data.speed_ref
1764513764225,0,monitor_data.speed_ref
1764513764226,0,monitor_data.speed_ref
1764513764227,0,monitor_data.speed_ref
1764513764229,0,monitor_data.speed_ref
1764513764230,0,monitor_data.speed_ref
1764513764232,0,monitor_data.speed_ref
1764513764233,0,monitor_data.speed_ref
1764513764234,-0.08423225581645966,monitor_data.speed
1764513764236,-0.07208070158958435,monitor_data.speed
1764513764237,-0.06152406707406044,monitor_data.speed
1764513764238,-0.052966177463531494,monitor_data.speed
1764513764240,-0.10062123835086823,monitor_data.speed
1764513764241,-0.08631855249404907,monitor_data.speed
1764513764242,-0.1327318251132965,monitor_data.speed
1764513764244,-0.1117754876613617,monitor_data.speed
1764513764245,-0.097062848508358,monitor_data.speed
1764513764247,-0.0841522067785263,monitor_data.speed
1764513764248,-0.1796705275774002,monitor_data.speed
1764513764249,-0.15664231777191162,monitor_data.speed
1764513764251,-0.1899612545967102,monitor_data.speed
1764513764252,-0.1639324128627777,monitor_data.speed
1764513764253,-0.2533273994922638,monitor_data.speed
1764513764255,-0.21898150444030762,monitor_data.speed
1764513764256,-0.19113853573799133,monitor_data.speed
1764513764257,-0.16495516896247864,monitor_data.speed
1764513764259,-0.25764361023902893,monitor_data.speed
1764513764260,-0.2778964340686798,monitor_data.speed
1764513764261,-0.24283765256404877,monitor_data.speed
1764513764263,-0.26453420519828796,monitor_data.speed
1764513764264,-0.2287173867225647,monitor_data.speed
1764513764266,-0.251128613948822,monitor_data.speed
1764513764267,-0.2193482667207718,monitor_data.speed
1764513764268,-0.19347861409187317,monitor_data.speed
1764513764270,-0.22208891808986664,monitor_data.speed
1764513764271,-0.19184322655200958,monitor_data.speed
1764513764272,5.63960075378418,monitor_data.speed
1764513764274,-0.29145723581314087,monitor_data.speed
1764513764275,-0.35970014333724976,monitor_data.speed
1764513764277,-0.308194637298584,monitor_data.speed
1764513764278,-0.26664718985557556,monitor_data.speed
1764513764280,-0.3974136710166931,monitor_data.speed
1764513764281,-0.34063056111335754,monitor_data.speed
1764513764282,-0.3511105477809906,monitor_data.speed
1764513764234,0,monitor_data.speed_ref
1764513764236,0,monitor_data.speed_ref
1764513764237,0,monitor_data.speed_ref
1764513764238,0,monitor_data.speed_ref
1764513764240,0,monitor_data.speed_ref
1764513764241,0,monitor_data.speed_ref
1764513764242,0,monitor_data.speed_ref
1764513764244,0,monitor_data.speed_ref
1764513764245,0,monitor_data.speed_ref
1764513764247,0,monitor_data.speed_ref
1764513764248,0,monitor_data.speed_ref
1764513764249,0,monitor_data.speed_ref
1764513764251,0,monitor_data.speed_ref
1764513764252,0,monitor_data.speed_ref
1764513764253,0,monitor_data.speed_ref
1764513764255,0,monitor_data.speed_ref
1764513764256,0,monitor_data.speed_ref
1764513764257,0,monitor_data.speed_ref
1764513764259,0,monitor_data.speed_ref
1764513764260,0,monitor_data.speed_ref
1764513764261,0,monitor_data.speed_ref
1764513764263,0,monitor_data.speed_ref
1764513764264,0,monitor_data.speed_ref
1764513764266,0,monitor_data.speed_ref
1764513764267,0,monitor_data.speed_ref
1764513764268,0,monitor_data.speed_ref
1764513764270,0,monitor_data.speed_ref
1764513764271,0,monitor_data.speed_ref
1764513764272,0,monitor_data.speed_ref
1764513764274,0,monitor_data.speed_ref
1764513764275,0,monitor_data.speed_ref
1764513764277,0,monitor_data.speed_ref
1764513764278,0,monitor_data.speed_ref
1764513764280,0,monitor_data.speed_ref
1764513764281,0,monitor_data.speed_ref
1764513764282,0,monitor_data.speed_ref
1764513764284,-0.30393001437187195,monitor_data.speed
1764513764285,-0.2629423141479492,monitor_data.speed
1764513764287,-0.22733443975448608,monitor_data.speed
1764513764288,-0.2005574107170105,monitor_data.speed
1764513764289,-0.17497099936008453,monitor_data.speed
1764513764290,-0.20604456961154938,monitor_data.speed
1764513764292,-0.17604221403598785,monitor_data.speed
1764513764293,-0.15184029936790466,monitor_data.speed
1764513764295,-0.18275146186351776,monitor_data.speed
1764513764296,-0.26856762170791626,monitor_data.speed
1764513764298,5.627164840698242,monitor_data.speed
1764513764299,-0.3020465672016144,monitor_data.speed
1764513764300,-0.264029860496521,monitor_data.speed
1764513764302,-0.23066937923431396,monitor_data.speed
1764513764303,-0.19722102582454681,monitor_data.speed
1764513764305,-0.17023932933807373,monitor_data.speed
1764513764306,-0.14679908752441406,monitor_data.speed
1764513764307,-0.18272008001804352,monitor_data.speed
1764513764309,-0.2620396912097931,monitor_data.speed
1764513764310,-0.22655029594898224,monitor_data.speed
1764513764312,-0.19571901857852936,monitor_data.speed
1764513764313,-0.17072519659996033,monitor_data.speed
1764513764314,-0.31163454055786133,monitor_data.speed
1764513764316,-0.2724434435367584,monitor_data.speed
1764513764317,-0.230734184384346,monitor_data.speed
1764513764318,-0.20145173370838165,monitor_data.speed
1764513764320,-0.17391473054885864,monitor_data.speed
1764513764321,-0.1515914797782898,monitor_data.speed
1764513764323,-0.1305987387895584,monitor_data.speed
1764513764324,-0.16808375716209412,monitor_data.speed
1764513764325,-0.20235447585582733,monitor_data.speed
1764513764327,-0.34039318561553955,monitor_data.speed
1764513764328,-0.2946193814277649,monitor_data.speed
1764513764329,-0.26019781827926636,monitor_data.speed
1764513764331,-0.2249501794576645,monitor_data.speed
1764513764332,-0.24990253150463104,monitor_data.speed
1764513764333,-0.27061960101127625,monitor_data.speed
1764513764284,0,monitor_data.speed_ref
1764513764285,0,monitor_data.speed_ref
1764513764287,0,monitor_data.speed_ref
1764513764288,0,monitor_data.speed_ref
1764513764289,0,monitor_data.speed_ref
1764513764290,0,monitor_data.speed_ref
1764513764292,0,monitor_data.speed_ref
1764513764293,0,monitor_data.speed_ref
1764513764295,0,monitor_data.speed_ref
1764513764296,0,monitor_data.speed_ref
1764513764298,0,monitor_data.speed_ref
1764513764299,0,monitor_data.speed_ref
1764513764300,0,monitor_data.speed_ref
1764513764302,0,monitor_data.speed_ref
1764513764303,0,monitor_data.speed_ref
1764513764305,0,monitor_data.speed_ref
1764513764306,0,monitor_data.speed_ref
1764513764307,0,monitor_data.speed_ref
1764513764309,0,monitor_data.speed_ref
1764513764310,0,monitor_data.speed_ref
1764513764312,0,monitor_data.speed_ref
1764513764313,0,monitor_data.speed_ref
1764513764314,0,monitor_data.speed_ref
1764513764316,0,monitor_data.speed_ref
1764513764317,0,monitor_data.speed_ref
1764513764318,0,monitor_data.speed_ref
1764513764320,0,monitor_data.speed_ref
1764513764321,0,monitor_data.speed_ref
1764513764323,0,monitor_data.speed_ref
1764513764324,0,monitor_data.speed_ref
1764513764325,0,monitor_data.speed_ref
1764513764327,0,monitor_data.speed_ref
1764513764328,0,monitor_data.speed_ref
1764513764329,0,monitor_data.speed_ref
1764513764331,0,monitor_data.speed_ref
1764513764332,0,monitor_data.speed_ref
1764513764333,0,monitor_data.speed_ref
1764513764335,-0.23645204305648804,monitor_data.speed
1764513764336,-0.20432110130786896,monitor_data.speed
1764513764338,5.686655044555664,monitor_data.speed
1764513764339,-0.2563019394874573,monitor_data.speed
1764513764340,-0.22156564891338348,monitor_data.speed
1764513764342,-0.19138862192630768,monitor_data.speed
1764513764343,5.637847423553467,monitor_data.speed
1764513764345,-0.2453194111585617,monitor_data.speed
1764513764346,-0.2142505943775177,monitor_data.speed
1764513764347,-0.1830999106168747,monitor_data.speed
1764513764349,-0.2688583731651306,monitor_data.speed
1764513764350,-0.2880738079547882,monitor_data.speed
1764513764351,-0.2517684996128082,monitor_data.speed
1764513764353,-0.21762724220752716,monitor_data.speed
1764513764354,-0.24539528787136078,monitor_data.speed
1764513764356,-0.37985068559646606,monitor_data.speed
1764513764357,-0.3288978338241577,monitor_data.speed
1764513764359,-0.3368106484413147,monitor_data.speed
1764513764360,-0.29453587532043457,monitor_data.speed
1764513764361,-0.2574390470981598,monitor_data.speed
1764513764363,-0.22255349159240723,monitor_data.speed
1764513764364,-0.19224680960178375,monitor_data.speed
1764513764365,-0.16945628821849823,monitor_data.speed
1764513764366,-0.2001408040523529,monitor_data.speed
1764513764368,-0.17460541427135468,monitor_data.speed
1764513764369,-0.15059208869934082,monitor_data.speed
1764513764371,-0.12834970653057098,monitor_data.speed
1764513764372,-0.11160708218812943,monitor_data.speed
1764513764373,-0.15540646016597748,monitor_data.speed
1764513764375,-0.13391299545764923,monitor_data.speed
1764513764376,-0.11278123408555984,monitor_data.speed
1764513764378,-0.14517483115196228,monitor_data.speed
1764513764379,-0.12637150287628174,monitor_data.speed
1764513764381,-0.16062602400779724,monitor_data.speed
1764513764382,-0.13993029296398163,monitor_data.speed
1764513764383,-0.231354758143425,monitor_data.speed
1764513764335,0,monitor_data.speed_ref
1764513764336,0,monitor_data.speed_ref
1764513764338,0,monitor_data.speed_ref
1764513764339,0,monitor_data.speed_ref
1764513764340,0,monitor_data.speed_ref
1764513764342,0,monitor_data.speed_ref
1764513764343,0,monitor_data.speed_ref
1764513764345,0,monitor_data.speed_ref
1764513764346,0,monitor_data.speed_ref
1764513764347,0,monitor_data.speed_ref
1764513764349,0,monitor_data.speed_ref
1764513764350,0,monitor_data.speed_ref
1764513764351,0,monitor_data.speed_ref
1764513764353,0,monitor_data.speed_ref
1764513764354,0,monitor_data.speed_ref
1764513764356,0,monitor_data.speed_ref
1764513764357,0,monitor_data.speed_ref
1764513764359,0,monitor_data.speed_ref
1764513764360,0,monitor_data.speed_ref
1764513764361,0,monitor_data.speed_ref
1764513764363,0,monitor_data.speed_ref
1764513764364,0,monitor_data.speed_ref
1764513764365,0,monitor_data.speed_ref
1764513764366,0,monitor_data.speed_ref
1764513764368,0,monitor_data.speed_ref
1764513764369,0,monitor_data.speed_ref
1764513764371,0,monitor_data.speed_ref
1764513764372,0,monitor_data.speed_ref
1764513764373,0,monitor_data.speed_ref
1764513764375,0,monitor_data.speed_ref
1764513764376,0,monitor_data.speed_ref
1764513764378,0,monitor_data.speed_ref
1764513764379,0,monitor_data.speed_ref
1764513764381,0,monitor_data.speed_ref
1764513764382,0,monitor_data.speed_ref
1764513764383,0,monitor_data.speed_ref
1764513764385,-0.2581880986690521,monitor_data.speed
1764513764386,-0.22320422530174255,monitor_data.speed
1764513764390,-0.24128280580043793,monitor_data.speed
1764513764392,-0.20851783454418182,monitor_data.speed
1764513764393,-0.29127100110054016,monitor_data.speed
1764513764394,-0.25457409024238586,monitor_data.speed
1764513764396,-0.21551920473575592,monitor_data.speed
1764513764397,-0.18613578379154205,monitor_data.speed
1764513764399,-0.16060906648635864,monitor_data.speed
1764513764400,-0.13843275606632233,monitor_data.speed
1764513764402,-0.11916715651750565,monitor_data.speed
1764513764403,-0.10354919731616974,monitor_data.speed
1764513764405,-0.08503172546625137,monitor_data.speed
1764513764406,-0.07359463721513748,monitor_data.speed
1764513764407,-0.06355835497379303,monitor_data.speed
1764513764409,-0.05412031710147858,monitor_data.speed
1764513764410,-0.046469226479530334,monitor_data.speed
1764513764411,-0.04024112969636917,monitor_data.speed
1764513764412,-0.03428995609283447,monitor_data.speed
1764513764414,-0.028693508356809616,monitor_data.speed
1764513764415,-0.08068549633026123,monitor_data.speed
1764513764416,-0.07056991010904312,monitor_data.speed
1764513764418,-0.0616036094725132,monitor_data.speed
1764513764419,-0.05242213234305382,monitor_data.speed
1764513764420,-0.04444576054811478,monitor_data.speed
1764513764422,-0.037979599088430405,monitor_data.speed
1764513764423,-0.031898874789476395,monitor_data.speed
1764513764425,-0.02661626972258091,monitor_data.speed
1764513764426,-0.022027024999260902,monitor_data.speed
1764513764427,-0.07573460787534714,monitor_data.speed
1764513764429,-0.11896299570798874,monitor_data.speed
1764513764430,-0.1033700630068779,monitor_data.speed
1764513764431,-0.08870658278465271,monitor_data.speed
1764513764433,-0.07681941241025925,monitor_data.speed
1764513764434,-0.06564079970121384,monitor_data.speed
1764513764385,0,monitor_data.speed_ref
1764513764386,0,monitor_data.speed_ref
1764513764390,0,monitor_data.speed_ref
1764513764392,0,monitor_data.speed_ref
1764513764393,0,monitor_data.speed_ref
1764513764394,0,monitor_data.speed_ref
1764513764396,0,monitor_data.speed_ref
1764513764397,0,monitor_data.speed_ref
1764513764399,0,monitor_data.speed_ref
1764513764400,0,monitor_data.speed_ref
1764513764402,0,monitor_data.speed_ref
1764513764403,0,monitor_data.speed_ref
1764513764405,0,monitor_data.speed_ref
1764513764406,0,monitor_data.speed_ref
1764513764407,0,monitor_data.speed_ref
1764513764409,0,monitor_data.speed_ref
1764513764410,0,monitor_data.speed_ref
1764513764411,0,monitor_data.speed_ref
1764513764412,0,monitor_data.speed_ref
1764513764414,0,monitor_data.speed_ref
1764513764415,0,monitor_data.speed_ref
1764513764416,0,monitor_data.speed_ref
1764513764418,0,monitor_data.speed_ref
1764513764419,0,monitor_data.speed_ref
1764513764420,0,monitor_data.speed_ref
1764513764422,0,monitor_data.speed_ref
1764513764423,0,monitor_data.speed_ref
1764513764425,0,monitor_data.speed_ref
1764513764426,0,monitor_data.speed_ref
1764513764427,0,monitor_data.speed_ref
1764513764429,0,monitor_data.speed_ref
1764513764430,0,monitor_data.speed_ref
1764513764431,0,monitor_data.speed_ref
1764513764433,0,monitor_data.speed_ref
1764513764434,0,monitor_data.speed_ref
1764513764435,-0.055286649614572525,monitor_data.speed
1764513764437,-0.15027324855327606,monitor_data.speed
1764513764439,-0.23736324906349182,monitor_data.speed
1764513764440,-0.20944680273532867,monitor_data.speed
1764513764441,-0.18277162313461304,monitor_data.speed
1764513764442,-0.15768647193908691,monitor_data.speed
1764513764444,-0.13735076785087585,monitor_data.speed
1764513764445,-0.11822716146707535,monitor_data.speed
1764513764447,-0.10051397979259491,monitor_data.speed
1764513764448,-0.08718064427375793,monitor_data.speed
1764513764449,-0.07548036426305771,monitor_data.speed
1764513764451,-0.06374924629926682,monitor_data.speed
1764513764452,-0.1597495973110199,monitor_data.speed
1764513764454,-0.24810589849948883,monitor_data.speed
1764513764455,-0.21444538235664368,monitor_data.speed
1764513764456,-0.18715795874595642,monitor_data.speed
1764513764458,-0.15979863703250885,monitor_data.speed
1764513764459,-0.1392042487859726,monitor_data.speed
1764513764460,-0.23715440928936005,monitor_data.speed
1764513764461,-0.26332888007164,monitor_data.speed
1764513764463,-0.28931593894958496,monitor_data.speed
1764513764464,-0.25024640560150146,monitor_data.speed
1764513764465,-0.21857410669326782,monitor_data.speed
1764513764467,-0.29856768250465393,monitor_data.speed
1764513764468,-0.2609770596027374,monitor_data.speed
1764513764470,-0.22328732907772064,monitor_data.speed
1764513764471,-0.2994018495082855,monitor_data.speed
1764513764472,-0.261709064245224,monitor_data.speed
1764513764474,-0.328571081161499,monitor_data.speed
1764513764476,-0.3260497450828552,monitor_data.speed
1764513764477,-0.34252071380615234,monitor_data.speed
1764513764478,-0.29646769165992737,monitor_data.speed
1764513764480,-0.25913429260253906,monitor_data.speed
1764513764481,5.526679992675781,monitor_data.speed
1764513764482,-0.39915600419044495,monitor_data.speed
1764513764484,-0.34566932916641235,monitor_data.speed
1764513764485,-0.30230948328971863,monitor_data.speed
1764513764435,0,monitor_data.speed_ref
1764513764437,0,monitor_data.speed_ref
1764513764439,0,monitor_data.speed_ref
1764513764440,0,monitor_data.speed_ref
1764513764441,0,monitor_data.speed_ref
1764513764442,0,monitor_data.speed_ref
1764513764444,0,monitor_data.speed_ref
1764513764445,0,monitor_data.speed_ref
1764513764447,0,monitor_data.speed_ref
1764513764448,0,monitor_data.speed_ref
1764513764449,0,monitor_data.speed_ref
1764513764451,0,monitor_data.speed_ref
1764513764452,0,monitor_data.speed_ref
1764513764454,0,monitor_data.speed_ref
1764513764455,0,monitor_data.speed_ref
1764513764456,0,monitor_data.speed_ref
1764513764458,0,monitor_data.speed_ref
1764513764459,0,monitor_data.speed_ref
1764513764460,0,monitor_data.speed_ref
1764513764461,0,monitor_data.speed_ref
1764513764463,0,monitor_data.speed_ref
1764513764464,0,monitor_data.speed_ref
1764513764465,0,monitor_data.speed_ref
1764513764467,0,monitor_data.speed_ref
1764513764468,0,monitor_data.speed_ref
1764513764470,0,monitor_data.speed_ref
1764513764471,0,monitor_data.speed_ref
1764513764472,0,monitor_data.speed_ref
1764513764474,0,monitor_data.speed_ref
1764513764476,0,monitor_data.speed_ref
1764513764477,0,monitor_data.speed_ref
1764513764478,0,monitor_data.speed_ref
1764513764480,0,monitor_data.speed_ref
1764513764481,0,monitor_data.speed_ref
1764513764482,0,monitor_data.speed_ref
1764513764484,0,monitor_data.speed_ref
1764513764485,0,monitor_data.speed_ref
1764513764486,-0.26426053047180176,monitor_data.speed
1764513764488,-0.22611136734485626,monitor_data.speed
1764513764490,-0.18928802013397217,monitor_data.speed
1764513764491,-0.219069704413414,monitor_data.speed
1764513764492,-0.24981018900871277,monitor_data.speed
1764513764494,-0.215925931930542,monitor_data.speed
1764513764495,-0.24252425134181976,monitor_data.speed
1764513764496,-0.20741687715053558,monitor_data.speed
1764513764498,-0.17909689247608185,monitor_data.speed
1764513764499,-0.15780042111873627,monitor_data.speed
1764513764500,-0.13599275052547455,monitor_data.speed
1764513764502,-0.11704739183187485,monitor_data.speed
1764513764503,-0.10168908536434174,monitor_data.speed
1764513764505,-0.08724622428417206,monitor_data.speed
1764513764506,-0.07553792744874954,monitor_data.speed
1764513764507,-0.06379876285791397,monitor_data.speed
1764513764509,-0.054329171776771545,monitor_data.speed
1764513764510,-0.04610250145196915,monitor_data.speed
1764513764511,-0.14335331320762634,monitor_data.speed
1764513764513,-0.12477307766675949,monitor_data.speed
1764513764514,-0.10730037093162537,monitor_data.speed
1764513764516,-0.09313584864139557,monitor_data.speed
1764513764517,-0.13871440291404724,monitor_data.speed
1764513764518,-0.17240311205387115,monitor_data.speed
1764513764520,-0.14867889881134033,monitor_data.speed
1764513764521,-0.23058293759822845,monitor_data.speed
1764513764522,-0.2548452317714691,monitor_data.speed
1764513764524,-0.22260968387126923,monitor_data.speed
1764513764525,-0.1922956109046936,monitor_data.speed
1764513764526,-0.1659604161977768,monitor_data.speed
1764513764528,-0.14308173954486847,monitor_data.speed
1764513764529,-0.12320593744516373,monitor_data.speed
1764513764531,-0.10479604452848434,monitor_data.speed
1764513764532,-0.09093824774026871,monitor_data.speed
1764513764533,-0.07790648192167282,monitor_data.speed
1764513764535,-0.06734208017587662,monitor_data.speed
1764513764486,0,monitor_data.speed_ref
1764513764488,0,monitor_data.speed_ref
1764513764490,0,monitor_data.speed_ref
1764513764491,0,monitor_data.speed_ref
1764513764492,0,monitor_data.speed_ref
1764513764494,0,monitor_data.speed_ref
1764513764495,0,monitor_data.speed_ref
1764513764496,0,monitor_data.speed_ref
1764513764498,0,monitor_data.speed_ref
1764513764499,0,monitor_data.speed_ref
1764513764500,0,monitor_data.speed_ref
1764513764502,0,monitor_data.speed_ref
1764513764503,0,monitor_data.speed_ref
1764513764505,0,monitor_data.speed_ref
1764513764506,0,monitor_data.speed_ref
1764513764507,0,monitor_data.speed_ref
1764513764509,0,monitor_data.speed_ref
1764513764510,0,monitor_data.speed_ref
1764513764511,0,monitor_data.speed_ref
1764513764513,0,monitor_data.speed_ref
1764513764514,0,monitor_data.speed_ref
1764513764516,0,monitor_data.speed_ref
1764513764517,0,monitor_data.speed_ref
1764513764518,0,monitor_data.speed_ref
1764513764520,0,monitor_data.speed_ref
1764513764521,0,monitor_data.speed_ref
1764513764522,0,monitor_data.speed_ref
1764513764524,0,monitor_data.speed_ref
1764513764525,0,monitor_data.speed_ref
1764513764526,0,monitor_data.speed_ref
1764513764528,0,monitor_data.speed_ref
1764513764529,0,monitor_data.speed_ref
1764513764531,0,monitor_data.speed_ref
1764513764532,0,monitor_data.speed_ref
1764513764533,0,monitor_data.speed_ref
1764513764535,0,monitor_data.speed_ref
1764513764536,-0.114261195063591,monitor_data.speed
1764513764538,5.761218070983887,monitor_data.speed
1764513764539,-0.1370590478181839,monitor_data.speed
1764513764540,-0.11797371506690979,monitor_data.speed
1764513764542,-0.1013934314250946,monitor_data.speed
1764513764543,-0.0879523754119873,monitor_data.speed
1764513764544,-0.0761575773358345,monitor_data.speed
1764513764546,-0.11732286959886551,monitor_data.speed
1764513764547,-0.15825597941875458,monitor_data.speed
1764513764549,-0.13785052299499512,monitor_data.speed
1764513764550,-0.1186613216996193,monitor_data.speed
1764513764551,-0.1031053215265274,monitor_data.speed
1764513764553,-0.08750833570957184,monitor_data.speed
1764513764554,-0.07492675632238388,monitor_data.speed
1764513764555,-0.1193404421210289,monitor_data.speed
1764513764557,-0.10370127111673355,monitor_data.speed
1764513764558,-0.08899429440498352,monitor_data.speed
1764513764559,-0.07621768116950989,monitor_data.speed
1764513764561,-0.06586012244224548,monitor_data.speed
1764513764562,-0.056771159172058105,monitor_data.speed
1764513764563,-0.048795390874147415,monitor_data.speed
1764513764565,-0.041295044124126434,monitor_data.speed
1764513764566,-0.08820657432079315,monitor_data.speed
1764513764567,-0.07638063281774521,monitor_data.speed
1764513764569,-0.06600313633680344,monitor_data.speed
1764513764570,-0.05624420940876007,monitor_data.speed
1764513764572,-0.047205034643411636,monitor_data.speed
1764513764573,-0.040400926023721695,monitor_data.speed
1764513764574,-0.14943818747997284,monitor_data.speed
1764513764576,-0.18445011973381042,monitor_data.speed
1764513764577,-0.15914463996887207,monitor_data.speed
1764513764578,-0.13863031566143036,monitor_data.speed
1764513764580,-0.1780565083026886,monitor_data.speed
1764513764581,-0.15359023213386536,monitor_data.speed
1764513764582,-0.13233515620231628,monitor_data.speed
1764513764584,-0.2835314869880676,monitor_data.speed
1764513764585,-0.24522118270397186,monitor_data.speed
1764513764536,0,monitor_data.speed_ref
1764513764538,0,monitor_data.speed_ref
1764513764539,0,monitor_data.speed_ref
1764513764540,0,monitor_data.speed_ref
1764513764542,0,monitor_data.speed_ref
1764513764543,0,monitor_data.speed_ref
1764513764544,0,monitor_data.speed_ref
1764513764546,0,monitor_data.speed_ref
1764513764547,0,monitor_data.speed_ref
1764513764549,0,monitor_data.speed_ref
1764513764550,0,monitor_data.speed_ref
1764513764551,0,monitor_data.speed_ref
1764513764553,0,monitor_data.speed_ref
1764513764554,0,monitor_data.speed_ref
1764513764555,0,monitor_data.speed_ref
1764513764557,0,monitor_data.speed_ref
1764513764558,0,monitor_data.speed_ref
1764513764559,0,monitor_data.speed_ref
1764513764561,0,monitor_data.speed_ref
1764513764562,0,monitor_data.speed_ref
1764513764563,0,monitor_data.speed_ref
1764513764565,0,monitor_data.speed_ref
1764513764566,0,monitor_data.speed_ref
1764513764567,0,monitor_data.speed_ref
1764513764569,0,monitor_data.speed_ref
1764513764570,0,monitor_data.speed_ref
1764513764572,0,monitor_data.speed_ref
1764513764573,0,monitor_data.speed_ref
1764513764574,0,monitor_data.speed_ref
1764513764576,0,monitor_data.speed_ref
1764513764577,0,monitor_data.speed_ref
1764513764578,0,monitor_data.speed_ref
1764513764580,0,monitor_data.speed_ref
1764513764581,0,monitor_data.speed_ref
1764513764582,0,monitor_data.speed_ref
1764513764584,0,monitor_data.speed_ref
1764513764585,0,monitor_data.speed_ref
1764513764587,-0.21193927526474,monitor_data.speed
1764513764588,-0.23548690974712372,monitor_data.speed
1764513764589,-0.30893486738204956,monitor_data.speed
1764513764591,-0.2700744569301605,monitor_data.speed
1764513764592,-0.2335304468870163,monitor_data.speed
1764513764593,-0.20604950189590454,monitor_data.speed
1764513764595,5.683339595794678,monitor_data.speed
1764513764596,-0.2605493366718292,monitor_data.speed
1764513764597,-0.2252555638551712,monitor_data.speed
1764513764599,-0.25017085671424866,monitor_data.speed
1764513764600,-0.21623928844928741,monitor_data.speed
1764513764601,-0.18873214721679688,monitor_data.speed
1764513764603,-0.16286465525627136,monitor_data.speed
1764513764604,-0.14189475774765015,monitor_data.speed
1764513764605,-0.12349315732717514,monitor_data.speed
1764513764607,-0.10734535753726959,monitor_data.speed
1764513764608,-0.14361628890037537,monitor_data.speed
1764513764609,-0.1250038594007492,monitor_data.speed
1764513764611,-0.1075008437037468,monitor_data.speed
1764513764612,-0.14701087772846222,monitor_data.speed
1764513764614,-0.1266193687915802,monitor_data.speed
1764513764615,-0.21813632547855377,monitor_data.speed
1764513764616,-0.19443218410015106,monitor_data.speed
1764513764617,-0.16959594190120697,monitor_data.speed
1764513764619,-0.14780163764953613,monitor_data.speed
1764513764620,-0.12730632722377777,monitor_data.speed
1764513764621,-0.11069150269031525,monitor_data.speed
1764513764623,-0.15183378756046295,monitor_data.speed
1764513764624,-0.18964262306690216,monitor_data.speed
1764513764625,-0.163655623793602,monitor_data.speed
1764513764627,-0.14258883893489838,monitor_data.speed
1764513764628,-0.12277772277593613,monitor_data.speed
1764513764630,-0.1067175418138504,monitor_data.speed
1764513764631,5.768771171569824,monitor_data.speed
1764513764632,-0.18728496134281158,monitor_data.speed
1764513764634,-0.16160742938518524,monitor_data.speed
1764513764635,-0.14079150557518005,monitor_data.speed
1764513764587,0,monitor_data.speed_ref
1764513764588,0,monitor_data.speed_ref
1764513764589,0,monitor_data.speed_ref
1764513764591,0,monitor_data.speed_ref
1764513764592,0,monitor_data.speed_ref
1764513764593,0,monitor_data.speed_ref
1764513764595,0,monitor_data.speed_ref
1764513764596,0,monitor_data.speed_ref
1764513764597,0,monitor_data.speed_ref
1764513764599,0,monitor_data.speed_ref
1764513764600,0,monitor_data.speed_ref
1764513764601,0,monitor_data.speed_ref
1764513764603,0,monitor_data.speed_ref
1764513764604,0,monitor_data.speed_ref
1764513764605,0,monitor_data.speed_ref
1764513764607,0,monitor_data.speed_ref
1764513764608,0,monitor_data.speed_ref
1764513764609,0,monitor_data.speed_ref
1764513764611,0,monitor_data.speed_ref
1764513764612,0,monitor_data.speed_ref
1764513764614,0,monitor_data.speed_ref
1764513764615,0,monitor_data.speed_ref
1764513764616,0,monitor_data.speed_ref
1764513764617,0,monitor_data.speed_ref
1764513764619,0,monitor_data.speed_ref
1764513764620,0,monitor_data.speed_ref
1764513764621,0,monitor_data.speed_ref
1764513764623,0,monitor_data.speed_ref
1764513764624,0,monitor_data.speed_ref
1764513764625,0,monitor_data.speed_ref
1764513764627,0,monitor_data.speed_ref
1764513764628,0,monitor_data.speed_ref
1764513764630,0,monitor_data.speed_ref
1764513764631,0,monitor_data.speed_ref
1764513764632,0,monitor_data.speed_ref
1764513764634,0,monitor_data.speed_ref
1764513764635,0,monitor_data.speed_ref
1764513764636,-0.1212163046002388,monitor_data.speed
1764513764638,-0.10421041399240494,monitor_data.speed
1764513764639,-0.09042434394359589,monitor_data.speed
1764513764640,-0.07746002078056335,monitor_data.speed
1764513764642,-0.06695031374692917,monitor_data.speed
1764513764643,-0.05772782117128372,monitor_data.speed
1764513764644,5.810330867767334,monitor_data.speed
1764513764646,-0.15138933062553406,monitor_data.speed
1764513764647,-0.13042312860488892,monitor_data.speed
1764513764649,-0.1702803522348404,monitor_data.speed
1764513764650,-0.14683471620082855,monitor_data.speed
1764513764651,-0.1251181811094284,monitor_data.speed
1764513764653,-0.21848729252815247,monitor_data.speed
1764513764654,-0.24224093556404114,monitor_data.speed
1764513764655,-0.2672713100910187,monitor_data.speed
1764513764657,-0.23351383209228516,monitor_data.speed
1764513764658,-0.19966739416122437,monitor_data.speed
1764513764660,-0.1741899698972702,monitor_data.speed
1764513764661,-0.15023118257522583,monitor_data.speed
1764513764662,-0.13080854713916779,monitor_data.speed
1764513764664,5.57973575592041,monitor_data.speed
1764513764665,-0.2963135540485382,monitor_data.speed
1764513764666,-0.3672466576099396,monitor_data.speed
1764513764668,-0.31794819235801697,monitor_data.speed
1764513764669,-0.3280084431171417,monitor_data.speed
1764513764671,-0.28681182861328125,monitor_data.speed
1764513764672,-0.3054991662502289,monitor_data.speed
1764513764673,-0.2643055021762848,monitor_data.speed
1764513764675,-0.22851870954036713,monitor_data.speed
1764513764676,-0.19950762391090393,monitor_data.speed
1764513764677,-0.22977204620838165,monitor_data.speed
1764513764679,-0.25594601035118103,monitor_data.speed
1764513764680,-0.2781895101070404,monitor_data.speed
1764513764682,-0.40240591764450073,monitor_data.speed
1764513764683,-0.35209715366363525,monitor_data.speed
1764513764684,-0.30795007944107056,monitor_data.speed
1764513764685,-0.3751150965690613,monitor_data.speed
1764513764636,0,monitor_data.speed_ref
1764513764638,0,monitor_data.speed_ref
1764513764639,0,monitor_data.speed_ref
1764513764640,0,monitor_data.speed_ref
1764513764642,0,monitor_data.speed_ref
1764513764643,0,monitor_data.speed_ref
1764513764644,0,monitor_data.speed_ref
1764513764646,0,monitor_data.speed_ref
1764513764647,0,monitor_data.speed_ref
1764513764649,0,monitor_data.speed_ref
1764513764650,0,monitor_data.speed_ref
1764513764651,0,monitor_data.speed_ref
1764513764653,0,monitor_data.speed_ref
1764513764654,0,monitor_data.speed_ref
1764513764655,0,monitor_data.speed_ref
1764513764657,0,monitor_data.speed_ref
1764513764658,0,monitor_data.speed_ref
1764513764660,0,monitor_data.speed_ref
1764513764661,0,monitor_data.speed_ref
1764513764662,0,monitor_data.speed_ref
1764513764664,0,monitor_data.speed_ref
1764513764665,0,monitor_data.speed_ref
1764513764666,0,monitor_data.speed_ref
1764513764668,0,monitor_data.speed_ref
1764513764669,0,monitor_data.speed_ref
1764513764671,0,monitor_data.speed_ref
1764513764672,0,monitor_data.speed_ref
1764513764673,0,monitor_data.speed_ref
1764513764675,0,monitor_data.speed_ref
1764513764676,0,monitor_data.speed_ref
1764513764677,0,monitor_data.speed_ref
1764513764679,0,monitor_data.speed_ref
1764513764680,0,monitor_data.speed_ref
1764513764682,0,monitor_data.speed_ref
1764513764683,0,monitor_data.speed_ref
1764513764684,0,monitor_data.speed_ref
1764513764685,0,monitor_data.speed_ref
1764513764687,-0.3247837424278259,monitor_data.speed
1764513764688,-0.2869349420070648,monitor_data.speed
1764513764690,-0.24561266601085663,monitor_data.speed
1764513764691,-0.21450792253017426,monitor_data.speed
1764513764692,-0.18525728583335876,monitor_data.speed
1764513764694,-0.16326089203357697,monitor_data.speed
1764513764695,-0.14224247634410858,monitor_data.speed
1764513764696,-0.1211685761809349,monitor_data.speed
1764513764698,-0.10416896641254425,monitor_data.speed
1764513764699,-0.0903879851102829,monitor_data.speed
1764513764700,-0.077428437769413,monitor_data.speed
1764513764702,-0.06616988778114319,monitor_data.speed
1764513764703,-0.05638906732201576,monitor_data.speed
1764513764705,-0.16449372470378876,monitor_data.speed
1764513764706,-0.14180757105350494,monitor_data.speed
1764513764707,-0.12209901213645935,monitor_data.speed
1764513764709,-0.10497725754976273,monitor_data.speed
1764513764710,-0.09109728038311005,monitor_data.speed
1764513764712,-0.07804466784000397,monitor_data.speed
1764513764713,-0.06595470011234283,monitor_data.speed
1764513764714,-0.05685415491461754,monitor_data.speed
1764513764716,-0.048296067863702774,monitor_data.speed
1764513764717,-0.04186040908098221,monitor_data.speed
1764513764718,-0.09256498515605927,monitor_data.speed
1764513764720,-0.07931968569755554,monitor_data.speed
1764513764721,-0.06781289726495743,monitor_data.speed
1764513764722,-0.0584847666323185,monitor_data.speed
1764513764724,-0.05029912292957306,monitor_data.speed
1764513764725,-0.04260140657424927,monitor_data.speed
1764513764726,-0.03591403737664223,monitor_data.speed
1764513764728,-0.08295468986034393,monitor_data.speed
1764513764729,-0.071772001683712,monitor_data.speed
1764513764730,-0.061958953738212585,monitor_data.speed
1764513764732,-0.1096331998705864,monitor_data.speed
1764513764733,-0.09622872620820999,monitor_data.speed
1764513764734,-0.0815940722823143,monitor_data.speed
1764513764736,-0.06978876888751984,monitor_data.speed
1764513764737,-0.1697411686182022,monitor_data.speed
1764513764687,0,monitor_data.speed_ref
1764513764688,0,monitor_data.speed_ref
1764513764690,0,monitor_data.speed_ref
1764513764691,0,monitor_data.speed_ref
1764513764692,0,monitor_data.speed_ref
1764513764694,0,monitor_data.speed_ref
1764513764695,0,monitor_data.speed_ref
1764513764696,0,monitor_data.speed_ref
1764513764698,0,monitor_data.speed_ref
1764513764699,0,monitor_data.speed_ref
1764513764700,0,monitor_data.speed_ref
1764513764702,0,monitor_data.speed_ref
1764513764703,0,monitor_data.speed_ref
1764513764705,0,monitor_data.speed_ref
1764513764706,0,monitor_data.speed_ref
1764513764707,0,monitor_data.speed_ref
1764513764709,0,monitor_data.speed_ref
1764513764710,0,monitor_data.speed_ref
1764513764712,0,monitor_data.speed_ref
1764513764713,0,monitor_data.speed_ref
1764513764714,0,monitor_data.speed_ref
1764513764716,0,monitor_data.speed_ref
1764513764717,0,monitor_data.speed_ref
1764513764718,0,monitor_data.speed_ref
1764513764720,0,monitor_data.speed_ref
1764513764721,0,monitor_data.speed_ref
1764513764722,0,monitor_data.speed_ref
1764513764724,0,monitor_data.speed_ref
1764513764725,0,monitor_data.speed_ref
1764513764726,0,monitor_data.speed_ref
1764513764728,0,monitor_data.speed_ref
1764513764729,0,monitor_data.speed_ref
1764513764730,0,monitor_data.speed_ref
1764513764732,0,monitor_data.speed_ref
1764513764733,0,monitor_data.speed_ref
1764513764734,0,monitor_data.speed_ref
1764513764736,0,monitor_data.speed_ref
1764513764737,0,monitor_data.speed_ref
1764513764739,-0.14636629819869995,monitor_data.speed
1764513764740,-0.1831396371126175,monitor_data.speed
1764513764741,-0.1580062061548233,monitor_data.speed
1764513764743,-0.19622564315795898,monitor_data.speed
1764513764744,-0.17116975784301758,monitor_data.speed
1764513764745,-0.26232120394706726,monitor_data.speed
1764513764747,-0.2814081013202667,monitor_data.speed
1764513764748,-0.24337650835514069,monitor_data.speed
1764513764749,-0.21254563331604004,monitor_data.speed
1764513764751,-0.18355251848697662,monitor_data.speed
1764513764752,-0.15836486220359802,monitor_data.speed
1764513764753,-0.24849024415016174,monitor_data.speed
1764513764755,-0.21477922797203064,monitor_data.speed
1764513764756,-0.18549293279647827,monitor_data.speed
1764513764758,-0.21522025763988495,monitor_data.speed
1764513764759,-0.18587608635425568,monitor_data.speed
1764513764760,-0.21951578557491302,monitor_data.speed
1764513764762,-0.19160732626914978,monitor_data.speed
1764513764763,-0.279643714427948,monitor_data.speed
1764513764765,-0.403580904006958,monitor_data.speed
1764513764766,5.5098724365234375,monitor_data.speed
1764513764767,-0.4100809395313263,monitor_data.speed
1764513764768,-0.36254099011421204,monitor_data.speed
1764513764770,-0.31063809990882874,monitor_data.speed
1764513764771,5.526395797729492,monitor_data.speed
1764513764773,-0.3396051526069641,monitor_data.speed
1764513764774,-0.3000723123550415,monitor_data.speed
1764513764775,-0.2595909535884857,monitor_data.speed
1764513764776,-0.2797657549381256,monitor_data.speed
1764513764778,-0.29800423979759216,monitor_data.speed
1764513764779,-0.2524981200695038,monitor_data.speed
1764513764781,-0.21826113760471344,monitor_data.speed
1764513764782,-0.18851786851882935,monitor_data.speed
1764513764783,-0.2190195471048355,monitor_data.speed
1764513764785,-0.24216783046722412,monitor_data.speed
1764513764786,-0.20711034536361694,monitor_data.speed
1764513764788,-0.23511554300785065,monitor_data.speed
1764513764739,0,monitor_data.speed_ref
1764513764740,0,monitor_data.speed_ref
1764513764741,0,monitor_data.speed_ref
1764513764743,0,monitor_data.speed_ref
1764513764744,0,monitor_data.speed_ref
1764513764745,0,monitor_data.speed_ref
1764513764747,0,monitor_data.speed_ref
1764513764748,0,monitor_data.speed_ref
1764513764749,0,monitor_data.speed_ref
1764513764751,0,monitor_data.speed_ref
1764513764752,0,monitor_data.speed_ref
1764513764753,0,monitor_data.speed_ref
1764513764755,0,monitor_data.speed_ref
1764513764756,0,monitor_data.speed_ref
1764513764758,0,monitor_data.speed_ref
1764513764759,0,monitor_data.speed_ref
1764513764760,0,monitor_data.speed_ref
1764513764762,0,monitor_data.speed_ref
1764513764763,0,monitor_data.speed_ref
1764513764765,0,monitor_data.speed_ref
1764513764766,0,monitor_data.speed_ref
1764513764767,0,monitor_data.speed_ref
1764513764768,0,monitor_data.speed_ref
1764513764770,0,monitor_data.speed_ref
1764513764771,0,monitor_data.speed_ref
1764513764773,0,monitor_data.speed_ref
1764513764774,0,monitor_data.speed_ref
1764513764775,0,monitor_data.speed_ref
1764513764776,0,monitor_data.speed_ref
1764513764778,0,monitor_data.speed_ref
1764513764779,0,monitor_data.speed_ref
1764513764781,0,monitor_data.speed_ref
1764513764782,0,monitor_data.speed_ref
1764513764783,0,monitor_data.speed_ref
1764513764785,0,monitor_data.speed_ref
1764513764786,0,monitor_data.speed_ref
1764513764788,0,monitor_data.speed_ref
1764513764789,-0.20529648661613464,monitor_data.speed
1764513764790,-0.2326560616493225,monitor_data.speed
1764513764792,-0.2010233849287033,monitor_data.speed
1764513764793,-0.17723572254180908,monitor_data.speed
1764513764794,-0.156150683760643,monitor_data.speed
1764513764795,-0.13746115565299988,monitor_data.speed
1764513764797,-0.11832305788993835,monitor_data.speed
1764513764798,-0.10059646517038345,monitor_data.speed
1764513764799,-0.1435379832983017,monitor_data.speed
1764513764801,-0.17846184968948364,monitor_data.speed
1764513764802,5.7038044929504395,monitor_data.speed
1764513764803,-0.187440425157547,monitor_data.speed
1764513764805,-0.21645201742649078,monitor_data.speed
1764513764806,-0.18694618344306946,monitor_data.speed
1764513764807,-0.22045467793941498,monitor_data.speed
1764513764809,-0.19042344391345978,monitor_data.speed
1764513764810,-0.1643339842557907,monitor_data.speed
1764513764811,-0.1431841254234314,monitor_data.speed
1764513764813,-0.1232948750257492,monitor_data.speed
1764513764814,-0.10487250983715057,monitor_data.speed
1764513764816,-0.0910053551197052,monitor_data.speed
1764513764817,-0.07883661240339279,monitor_data.speed
1764513764818,-0.0673932358622551,monitor_data.speed
1764513764820,-0.05679384618997574,monitor_data.speed
1764513764821,-0.10288237780332565,monitor_data.speed
1764513764823,-0.08828289806842804,monitor_data.speed
1764513764824,-0.13104519248008728,monitor_data.speed
1764513764825,-0.11274922639131546,monitor_data.speed
1764513764827,-0.0979173332452774,monitor_data.speed
1764513764828,-0.08396953344345093,monitor_data.speed
1764513764830,-0.07185244560241699,monitor_data.speed
1764513764831,-0.061325766146183014,monitor_data.speed
1764513764832,-0.05218075215816498,monitor_data.speed
1764513764834,-0.044236067682504654,monitor_data.speed
1764513764835,-0.03733415529131889,monitor_data.speed
1764513764837,-0.08894915878772736,monitor_data.speed
1764513764789,0,monitor_data.speed_ref
1764513764790,0,monitor_data.speed_ref
1764513764792,0,monitor_data.speed_ref
1764513764793,0,monitor_data.speed_ref
1764513764794,0,monitor_data.speed_ref
1764513764795,0,monitor_data.speed_ref
1764513764797,0,monitor_data.speed_ref
1764513764798,0,monitor_data.speed_ref
1764513764799,0,monitor_data.speed_ref
1764513764801,0,monitor_data.speed_ref
1764513764802,0,monitor_data.speed_ref
1764513764803,0,monitor_data.speed_ref
1764513764805,0,monitor_data.speed_ref
1764513764806,0,monitor_data.speed_ref
1764513764807,0,monitor_data.speed_ref
1764513764809,0,monitor_data.speed_ref
1764513764810,0,monitor_data.speed_ref
1764513764811,0,monitor_data.speed_ref
1764513764813,0,monitor_data.speed_ref
1764513764814,0,monitor_data.speed_ref
1764513764816,0,monitor_data.speed_ref
1764513764817,0,monitor_data.speed_ref
1764513764818,0,monitor_data.speed_ref
1764513764820,0,monitor_data.speed_ref
1764513764821,0,monitor_data.speed_ref
1764513764823,0,monitor_data.speed_ref
1764513764824,0,monitor_data.speed_ref
1764513764825,0,monitor_data.speed_ref
1764513764827,0,monitor_data.speed_ref
1764513764828,0,monitor_data.speed_ref
1764513764830,0,monitor_data.speed_ref
1764513764831,0,monitor_data.speed_ref
1764513764832,0,monitor_data.speed_ref
1764513764834,0,monitor_data.speed_ref
1764513764835,0,monitor_data.speed_ref
1764513764837,0,monitor_data.speed_ref
1764513764838,-0.07703227549791336,monitor_data.speed
1764513764839,-0.12400306016206741,monitor_data.speed
1764513764841,-0.10663142055273056,monitor_data.speed
1764513764842,-0.08955209702253342,monitor_data.speed
1764513764844,-0.07756137102842331,monitor_data.speed
1764513764845,-0.0662853866815567,monitor_data.speed
1764513764846,-0.056489404290914536,monitor_data.speed
1764513764848,-0.04797918722033501,monitor_data.speed
1764513764849,-0.041080258786678314,monitor_data.speed
1764513764850,-0.03590698167681694,monitor_data.speed
1764513764851,-0.030486643314361572,monitor_data.speed
1764513764853,-0.025389397516846657,monitor_data.speed
1764513764854,-0.021257245913147926,monitor_data.speed
1764513764855,-0.017371397465467453,monitor_data.speed
1764513764857,-0.01422127615660429,monitor_data.speed
1764513764858,-0.011258925311267376,monitor_data.speed
1764513764860,-0.008857455104589462,monitor_data.speed
1764513764861,-0.00675011845305562,monitor_data.speed
1764513764862,-0.004768395330756903,monitor_data.speed
1764513764864,-0.0030467810574918985,monitor_data.speed
1764513764865,-0.0016511301510035992,monitor_data.speed
1764513764866,-0.00033866969170048833,monitor_data.speed
1764513764868,-0.05388813093304634,monitor_data.speed
1764513764869,-0.045719340443611145,monitor_data.speed
1764513764870,-0.09721692651510239,monitor_data.speed
1764513764872,-0.08428742736577988,monitor_data.speed
1764513764873,-0.1810818612575531,monitor_data.speed
1764513764874,-0.156218484044075,monitor_data.speed
1764513764876,-0.1870800256729126,monitor_data.speed
1764513764877,-0.16142939031124115,monitor_data.speed
1764513764878,-0.19513127207756042,monitor_data.speed
1764513764880,-0.1684238612651825,monitor_data.speed
1764513764881,-0.3158905506134033,monitor_data.speed
1764513764883,-0.27617815136909485,monitor_data.speed
1764513764884,-0.2388329803943634,monitor_data.speed
1764513764885,-0.20638957619667053,monitor_data.speed
1764513764887,-0.1782044768333435,monitor_data.speed
1764513764838,0,monitor_data.speed_ref
1764513764839,0,monitor_data.speed_ref
1764513764841,0,monitor_data.speed_ref
1764513764842,0,monitor_data.speed_ref
1764513764844,0,monitor_data.speed_ref
1764513764845,0,monitor_data.speed_ref
1764513764846,0,monitor_data.speed_ref
1764513764848,0,monitor_data.speed_ref
1764513764849,0,monitor_data.speed_ref
1764513764850,0,monitor_data.speed_ref
1764513764851,0,monitor_data.speed_ref
1764513764853,0,monitor_data.speed_ref
1764513764854,0,monitor_data.speed_ref
1764513764855,0,monitor_data.speed_ref
1764513764857,0,monitor_data.speed_ref
1764513764858,0,monitor_data.speed_ref
1764513764860,0,monitor_data.speed_ref
1764513764861,0,monitor_data.speed_ref
1764513764862,0,monitor_data.speed_ref
1764513764864,0,monitor_data.speed_ref
1764513764865,0,monitor_data.speed_ref
1764513764866,0,monitor_data.speed_ref
1764513764868,0,monitor_data.speed_ref
1764513764869,0,monitor_data.speed_ref
1764513764870,0,monitor_data.speed_ref
1764513764872,0,monitor_data.speed_ref
1764513764873,0,monitor_data.speed_ref
1764513764874,0,monitor_data.speed_ref
1764513764876,0,monitor_data.speed_ref
1764513764877,0,monitor_data.speed_ref
1764513764878,0,monitor_data.speed_ref
1764513764880,0,monitor_data.speed_ref
1764513764881,0,monitor_data.speed_ref
1764513764883,0,monitor_data.speed_ref
1764513764884,0,monitor_data.speed_ref
1764513764885,0,monitor_data.speed_ref
1764513764887,0,monitor_data.speed_ref
1764513764888,-0.15700937807559967,monitor_data.speed
1764513764890,5.729741096496582,monitor_data.speed
1764513764891,-0.21488705277442932,monitor_data.speed
1764513764892,-0.1875455379486084,monitor_data.speed
1764513764894,-0.16528914868831635,monitor_data.speed
1764513764895,-0.14402234554290771,monitor_data.speed
1764513764896,-0.2844371795654297,monitor_data.speed
1764513764898,-0.24857725203037262,monitor_data.speed
1764513764899,-0.27001965045928955,monitor_data.speed
1764513764900,-0.23348283767700195,monitor_data.speed
1764513764902,-0.20174160599708557,monitor_data.speed
1764513764903,-0.17053455114364624,monitor_data.speed
1764513764905,-0.14705555140972137,monitor_data.speed
1764513764906,-0.12939931452274323,monitor_data.speed
1764513764907,-0.11131938546895981,monitor_data.speed
1764513764909,-0.09561250358819962,monitor_data.speed
1764513764910,-0.19740252196788788,monitor_data.speed
1764513764912,-0.2824043333530426,monitor_data.speed
1764513764913,-0.24424198269844055,monitor_data.speed
1764513764914,-0.2110886126756668,monitor_data.speed
1764513764916,-0.1842123419046402,monitor_data.speed
1764513764917,-0.15893810987472534,monitor_data.speed
1764513764919,-0.13698112964630127,monitor_data.speed
1764513764920,-0.1166435182094574,monitor_data.speed
1764513764921,-0.10244256258010864,monitor_data.speed
1764513764922,-0.20186246931552887,monitor_data.speed
1764513764924,-0.1779794692993164,monitor_data.speed
1764513764925,-0.21153147518634796,monitor_data.speed
1764513764926,-0.18460096418857574,monitor_data.speed
1764513764928,-0.15927569568157196,monitor_data.speed
1764513764929,-0.13727439939975739,monitor_data.speed
1764513764930,-0.17516109347343445,monitor_data.speed
1764513764932,-0.15431176126003265,monitor_data.speed
1764513764933,-0.1901119500398636,monitor_data.speed
1764513764934,-0.1658048927783966,monitor_data.speed
1764513764936,-0.14294664561748505,monitor_data.speed
1764513764937,-0.12441620230674744,monitor_data.speed
1764513764888,0,monitor_data.speed_ref
1764513764890,0,monitor_data.speed_ref
1764513764891,0,monitor_data.speed_ref
1764513764892,0,monitor_data.speed_ref
1764513764894,0,monitor_data.speed_ref
1764513764895,0,monitor_data.speed_ref
1764513764896,0,monitor_data.speed_ref
1764513764898,0,monitor_data.speed_ref
1764513764899,0,monitor_data.speed_ref
1764513764900,0,monitor_data.speed_ref
1764513764902,0,monitor_data.speed_ref
1764513764903,0,monitor_data.speed_ref
1764513764905,0,monitor_data.speed_ref
1764513764906,0,monitor_data.speed_ref
1764513764907,0,monitor_data.speed_ref
1764513764909,0,monitor_data.speed_ref
1764513764910,0,monitor_data.speed_ref
1764513764912,0,monitor_data.speed_ref
1764513764913,0,monitor_data.speed_ref
1764513764914,0,monitor_data.speed_ref
1764513764916,0,monitor_data.speed_ref
1764513764917,0,monitor_data.speed_ref
1764513764919,0,monitor_data.speed_ref
1764513764920,0,monitor_data.speed_ref
1764513764921,0,monitor_data.speed_ref
1764513764922,0,monitor_data.speed_ref
1764513764924,0,monitor_data.speed_ref
1764513764925,0,monitor_data.speed_ref
1764513764926,0,monitor_data.speed_ref
1764513764928,0,monitor_data.speed_ref
1764513764929,0,monitor_data.speed_ref
1764513764930,0,monitor_data.speed_ref
1764513764932,0,monitor_data.speed_ref
1764513764933,0,monitor_data.speed_ref
1764513764934,0,monitor_data.speed_ref
1764513764936,0,monitor_data.speed_ref
1764513764937,0,monitor_data.speed_ref
1764513764938,-0.16734029352664948,monitor_data.speed
1764513764939,-0.14582222700119019,monitor_data.speed
1764513764941,-0.12558670341968536,monitor_data.speed
1764513764942,-0.10918250679969788,monitor_data.speed
1764513764944,-0.09273506700992584,monitor_data.speed
1764513764945,-0.13836221396923065,monitor_data.speed
1764513764946,-0.11910586804151535,monitor_data.speed
1764513764948,-0.10349542647600174,monitor_data.speed
1764513764949,-0.08979692310094833,monitor_data.speed
1764513764950,-0.0777762159705162,monitor_data.speed
1764513764951,-0.12239271402359009,monitor_data.speed
1764513764953,-0.10523241013288498,monitor_data.speed
1764513764954,-0.14648619294166565,monitor_data.speed
1764513764956,-0.12752223014831543,monitor_data.speed
1764513764957,-0.2216954529285431,monitor_data.speed
1764513764958,-0.19352005422115326,monitor_data.speed
1764513764959,-0.17058484256267548,monitor_data.speed
1764513764961,-0.20113098621368408,monitor_data.speed
1764513764962,-0.17733106017112732,monitor_data.speed
1764513764963,-0.20865660905838013,monitor_data.speed
1764513764965,-0.18207819759845734,monitor_data.speed
1764513764966,-0.15708406269550323,monitor_data.speed
1764513764967,-0.13682213425636292,monitor_data.speed
1764513764969,-0.11904183030128479,monitor_data.speed
1764513764970,-0.15584835410118103,monitor_data.speed
1764513764971,-0.13429690897464752,monitor_data.speed
1764513764973,-0.1168258786201477,monitor_data.speed
1764513764974,-0.2709411680698395,monitor_data.speed
1764513764975,-0.23673419654369354,monitor_data.speed
1764513764976,-0.20888926088809967,monitor_data.speed
1764513764978,-0.18228240311145782,monitor_data.speed
1764513764979,-0.16062399744987488,monitor_data.speed
1764513764980,-0.3021352291107178,monitor_data.speed
1764513764982,-0.3193908929824829,monitor_data.speed
1764513764983,-0.27924978733062744,monitor_data.speed
1764513764984,-0.24150151014328003,monitor_data.speed
1764513764986,-0.21090032160282135,monitor_data.speed
1764513764987,-0.29919758439064026,monitor_data.speed
1764513764988,-0.261529803276062,monitor_data.speed
1764513764938,0,monitor_data.speed_ref
1764513764939,0,monitor_data.speed_ref
1764513764941,0,monitor_data.speed_ref
1764513764942,0,monitor_data.speed_ref
1764513764944,0,monitor_data.speed_ref
1764513764945,0,monitor_data.speed_ref
1764513764946,0,monitor_data.speed_ref
1764513764948,0,monitor_data.speed_ref
1764513764949,0,monitor_data.speed_ref
1764513764950,0,monitor_data.speed_ref
1764513764951,0,monitor_data.speed_ref
1764513764953,0,monitor_data.speed_ref
1764513764954,0,monitor_data.speed_ref
1764513764956,0,monitor_data.speed_ref
1764513764957,0,monitor_data.speed_ref
1764513764958,0,monitor_data.speed_ref
1764513764959,0,monitor_data.speed_ref
1764513764961,0,monitor_data.speed_ref
1764513764962,0,monitor_data.speed_ref
1764513764963,0,monitor_data.speed_ref
1764513764965,0,monitor_data.speed_ref
1764513764966,0,monitor_data.speed_ref
1764513764967,0,monitor_data.speed_ref
1764513764969,0,monitor_data.speed_ref
1764513764970,0,monitor_data.speed_ref
1764513764971,0,monitor_data.speed_ref
1764513764973,0,monitor_data.speed_ref
1764513764974,0,monitor_data.speed_ref
1764513764975,0,monitor_data.speed_ref
1764513764976,0,monitor_data.speed_ref
1764513764978,0,monitor_data.speed_ref
1764513764979,0,monitor_data.speed_ref
1764513764980,0,monitor_data.speed_ref
1764513764982,0,monitor_data.speed_ref
1764513764983,0,monitor_data.speed_ref
1764513764984,0,monitor_data.speed_ref
1764513764986,0,monitor_data.speed_ref
1764513764987,0,monitor_data.speed_ref
1764513764988,0,monitor_data.speed_ref
1764513764989,-0.22847555577754974,monitor_data.speed
1764513764991,-0.19946971535682678,monitor_data.speed
1764513764992,-0.2303013652563095,monitor_data.speed
1764513764993,-0.2031872570514679,monitor_data.speed
1764513764994,-0.179153710603714,monitor_data.speed
1764513764996,-0.2164447158575058,monitor_data.speed
1764513764997,-0.24379341304302216,monitor_data.speed
1764513764998,-0.2129114717245102,monitor_data.speed
1764513764999,5.6716132164001465,monitor_data.speed
1764513765001,-0.2703028917312622,monitor_data.speed
1764513765002,-0.2877962589263916,monitor_data.speed
1764513765004,-0.24892617762088776,monitor_data.speed
1764513765005,-0.21741561591625214,monitor_data.speed
1764513765006,-0.19176556169986725,monitor_data.speed
1764513765007,-0.1672559529542923,monitor_data.speed
1764513765009,-0.201060950756073,monitor_data.speed
1764513765010,-0.1735752522945404,monitor_data.speed
1764513765011,-0.15129360556602478,monitor_data.speed
1764513765013,-0.13174083828926086,monitor_data.speed
1764513765014,-0.17030517756938934,monitor_data.speed
1764513765015,-0.14842401444911957,monitor_data.speed
1764513765017,-0.12922272086143494,monitor_data.speed
1764513765018,-0.11359257996082306,monitor_data.speed
1764513765019,-0.09758733958005905,monitor_data.speed
1764513765021,-0.13760384917259216,monitor_data.speed
1764513765022,-0.1754501312971115,monitor_data.speed
1764513765023,-0.15293879806995392,monitor_data.speed
1764513765025,-0.12898088991641998,monitor_data.speed
1764513765026,-0.11337823420763016,monitor_data.speed
1764513765027,-0.09846930205821991,monitor_data.speed
1764513765028,-0.08538640290498734,monitor_data.speed
1764513765030,-0.07390587031841278,monitor_data.speed
1764513765031,-0.06310967355966568,monitor_data.speed
1764513765033,-0.054357580840587616,monitor_data.speed
1764513765034,-0.04667743667960167,monitor_data.speed
1764513765035,-0.03945508599281311,monitor_data.speed
1764513765037,-0.03318069502711296,monitor_data.speed
1764513765038,-0.028094271197915077,monitor_data.speed
1764513765039,-0.02363082394003868,monitor_data.speed
1764513764989,0,monitor_data.speed_ref
1764513764991,0,monitor_data.speed_ref
1764513764992,0,monitor_data.speed_ref
1764513764993,0,monitor_data.speed_ref
1764513764994,0,monitor_data.speed_ref
1764513764996,0,monitor_data.speed_ref
1764513764997,0,monitor_data.speed_ref
1764513764998,0,monitor_data.speed_ref
1764513764999,0,monitor_data.speed_ref
1764513765001,0,monitor_data.speed_ref
1764513765002,0,monitor_data.speed_ref
1764513765004,0,monitor_data.speed_ref
1764513765005,0,monitor_data.speed_ref
1764513765006,0,monitor_data.speed_ref
1764513765007,0,monitor_data.speed_ref
1764513765009,0,monitor_data.speed_ref
1764513765010,0,monitor_data.speed_ref
1764513765011,0,monitor_data.speed_ref
1764513765013,0,monitor_data.speed_ref
1764513765014,0,monitor_data.speed_ref
1764513765015,0,monitor_data.speed_ref
1764513765017,0,monitor_data.speed_ref
1764513765018,0,monitor_data.speed_ref
1764513765019,0,monitor_data.speed_ref
1764513765021,0,monitor_data.speed_ref
1764513765022,0,monitor_data.speed_ref
1764513765023,0,monitor_data.speed_ref
1764513765025,0,monitor_data.speed_ref
1764513765026,0,monitor_data.speed_ref
1764513765027,0,monitor_data.speed_ref
1764513765028,0,monitor_data.speed_ref
1764513765030,0,monitor_data.speed_ref
1764513765031,0,monitor_data.speed_ref
1764513765033,0,monitor_data.speed_ref
1764513765034,0,monitor_data.speed_ref
1764513765035,0,monitor_data.speed_ref
1764513765037,0,monitor_data.speed_ref
1764513765038,0,monitor_data.speed_ref
1764513765039,0,monitor_data.speed_ref
1764513765040,-0.019714053720235825,monitor_data.speed
1764513765042,-0.06796719878911972,monitor_data.speed
1764513765043,-0.058620162308216095,monitor_data.speed
1764513765045,-0.04983028024435043,monitor_data.speed
1764513765046,-0.04270463436841965,monitor_data.speed
1764513765047,-0.0360037237405777,monitor_data.speed
1764513765049,-0.03018234111368656,monitor_data.speed
1764513765050,-0.08141028136014938,monitor_data.speed
1764513765051,-0.12613938748836517,monitor_data.speed
1764513765053,-0.21443435549736023,monitor_data.speed
1764513765054,-0.304002046585083,monitor_data.speed
1764513765055,-0.2657458484172821,monitor_data.speed
1764513765057,-0.23217521607875824,monitor_data.speed
1764513765058,-0.2006056308746338,monitor_data.speed
1764513765060,-0.17317967116832733,monitor_data.speed
1764513765061,-0.1509464532136917,monitor_data.speed
1764513765062,-0.13143619894981384,monitor_data.speed
1764513765063,-0.11431553959846497,monitor_data.speed
1764513765065,-0.1003790870308876,monitor_data.speed
1764513765066,-0.08516360819339752,monitor_data.speed
1764513765067,-0.2390647679567337,monitor_data.speed
1764513765069,-0.2628764510154724,monitor_data.speed
1764513765070,-0.22965726256370544,monitor_data.speed
1764513765071,-0.20050673186779022,monitor_data.speed
1764513765073,-0.2303042858839035,monitor_data.speed
1764513765074,-0.2010744959115982,monitor_data.speed
1764513765075,-0.2289513796567917,monitor_data.speed
1764513765076,-0.25999900698661804,monitor_data.speed
1764513765078,-0.2801234722137451,monitor_data.speed
1764513765079,-0.2447918802499771,monitor_data.speed
1764513765080,-0.21378768980503082,monitor_data.speed
1764513765082,-0.1865808665752411,monitor_data.speed
1764513765083,-0.1644340455532074,monitor_data.speed
1764513765084,-0.14175572991371155,monitor_data.speed
1764513765085,-0.12337115406990051,monitor_data.speed
1764513765087,-0.1072382926940918,monitor_data.speed
1764513765088,-0.09206709265708923,monitor_data.speed
1764513765089,-0.08065839111804962,monitor_data.speed
1764513765040,0,monitor_data.speed_ref
1764513765042,0,monitor_data.speed_ref
1764513765043,0,monitor_data.speed_ref
1764513765045,0,monitor_data.speed_ref
1764513765046,0,monitor_data.speed_ref
1764513765047,0,monitor_data.speed_ref
1764513765049,0,monitor_data.speed_ref
1764513765050,0,monitor_data.speed_ref
1764513765051,0,monitor_data.speed_ref
1764513765053,0,monitor_data.speed_ref
1764513765054,0,monitor_data.speed_ref
1764513765055,0,monitor_data.speed_ref
1764513765057,0,monitor_data.speed_ref
1764513765058,0,monitor_data.speed_ref
1764513765060,0,monitor_data.speed_ref
1764513765061,0,monitor_data.speed_ref
1764513765062,0,monitor_data.speed_ref
1764513765063,0,monitor_data.speed_ref
1764513765065,0,monitor_data.speed_ref
1764513765066,0,monitor_data.speed_ref
1764513765067,0,monitor_data.speed_ref
1764513765069,0,monitor_data.speed_ref
1764513765070,0,monitor_data.speed_ref
1764513765071,0,monitor_data.speed_ref
1764513765073,0,monitor_data.speed_ref
1764513765074,0,monitor_data.speed_ref
1764513765075,0,monitor_data.speed_ref
1764513765076,0,monitor_data.speed_ref
1764513765078,0,monitor_data.speed_ref
1764513765079,0,monitor_data.speed_ref
1764513765080,0,monitor_data.speed_ref
1764513765082,0,monitor_data.speed_ref
1764513765083,0,monitor_data.speed_ref
1764513765084,0,monitor_data.speed_ref
1764513765085,0,monitor_data.speed_ref
1764513765087,0,monitor_data.speed_ref
1764513765088,0,monitor_data.speed_ref
1764513765089,0,monitor_data.speed_ref
1764513765091,-0.06975695490837097,monitor_data.speed
1764513765092,-0.060190703719854355,monitor_data.speed
1764513765093,-0.05179612711071968,monitor_data.speed
1764513765094,-0.044962815940380096,monitor_data.speed
1764513765096,-0.03843333199620247,monitor_data.speed
1764513765097,-0.09013117849826813,monitor_data.speed
1764513765098,-0.07806951552629471,monitor_data.speed
1764513765100,-0.06825114786624908,monitor_data.speed
1764513765101,-0.058869339525699615,monitor_data.speed
1764513765102,-0.050636593252420425,monitor_data.speed
1764513765103,-0.043412189930677414,monitor_data.speed
1764513765105,-0.03707262501120567,monitor_data.speed
1764513765106,-0.031110944226384163,monitor_data.speed
1764513765107,-0.026278020814061165,monitor_data.speed
1764513765109,-0.021733177825808525,monitor_data.speed
1764513765110,-0.018048832193017006,monitor_data.speed
1764513765111,-0.01504972018301487,monitor_data.speed
1764513765113,-0.06790612637996674,monitor_data.speed
1764513765114,-0.058566562831401825,monitor_data.speed
1764513765115,-0.05037090182304382,monitor_data.speed
1764513765117,-0.043179046362638474,monitor_data.speed
1764513765118,-0.03686802089214325,monitor_data.speed
1764513765119,-0.1931399554014206,monitor_data.speed
1764513765121,-0.16669391095638275,monitor_data.speed
1764513765122,-0.14680656790733337,monitor_data.speed
1764513765123,-0.12780338525772095,monitor_data.speed
1764513765125,-0.10993290692567825,monitor_data.speed
1764513765126,-0.09544595330953598,monitor_data.speed
1764513765127,-0.1407412737607956,monitor_data.speed
1764513765128,-0.12248095124959946,monitor_data.speed
1764513765130,-0.10645714402198792,monitor_data.speed
1764513765131,-0.09239589422941208,monitor_data.speed
1764513765132,-0.08005685359239578,monitor_data.speed
1764513765134,-0.06845331937074661,monitor_data.speed
1764513765135,-0.05904674157500267,monitor_data.speed
1764513765136,-0.05020086467266083,monitor_data.speed
1764513765138,-0.10111013799905777,monitor_data.speed
1764513765139,-0.08770377933979034,monitor_data.speed
1764513765091,0,monitor_data.speed_ref
1764513765092,0,monitor_data.speed_ref
1764513765093,0,monitor_data.speed_ref
1764513765094,0,monitor_data.speed_ref
1764513765096,0,monitor_data.speed_ref
1764513765097,0,monitor_data.speed_ref
1764513765098,0,monitor_data.speed_ref
1764513765100,0,monitor_data.speed_ref
1764513765101,0,monitor_data.speed_ref
1764513765102,0,monitor_data.speed_ref
1764513765103,0,monitor_data.speed_ref
1764513765105,0,monitor_data.speed_ref
1764513765106,0,monitor_data.speed_ref
1764513765107,0,monitor_data.speed_ref
1764513765109,0,monitor_data.speed_ref
1764513765110,0,monitor_data.speed_ref
1764513765111,0,monitor_data.speed_ref
1764513765113,0,monitor_data.speed_ref
1764513765114,0,monitor_data.speed_ref
1764513765115,0,monitor_data.speed_ref
1764513765117,0,monitor_data.speed_ref
1764513765118,0,monitor_data.speed_ref
1764513765119,0,monitor_data.speed_ref
1764513765121,0,monitor_data.speed_ref
1764513765122,0,monitor_data.speed_ref
1764513765123,0,monitor_data.speed_ref
1764513765125,0,monitor_data.speed_ref
1764513765126,0,monitor_data.speed_ref
1764513765127,0,monitor_data.speed_ref
1764513765128,0,monitor_data.speed_ref
1764513765130,0,monitor_data.speed_ref
1764513765131,0,monitor_data.speed_ref
1764513765132,0,monitor_data.speed_ref
1764513765134,0,monitor_data.speed_ref
1764513765135,0,monitor_data.speed_ref
1764513765136,0,monitor_data.speed_ref
1764513765138,0,monitor_data.speed_ref
1764513765139,0,monitor_data.speed_ref
1764513765140,-0.07593942433595657,monitor_data.speed
1764513765142,-0.0656159520149231,monitor_data.speed
1764513765143,-0.05655688792467117,monitor_data.speed
1764513765144,-0.04860736429691315,monitor_data.speed
1764513765146,-0.04213634133338928,monitor_data.speed
1764513765147,-0.08657421916723251,monitor_data.speed
1764513765148,-0.07411524653434753,monitor_data.speed
1764513765150,-0.06329156458377838,monitor_data.speed
1764513765151,-0.15996913611888885,monitor_data.speed
1764513765153,5.7215094566345215,monitor_data.speed
1764513765154,-0.17372463643550873,monitor_data.speed
1764513765155,-0.15142463147640228,monitor_data.speed
1764513765156,-0.1318558305501938,monitor_data.speed
1764513765158,-0.11468378454446793,monitor_data.speed
1764513765159,-0.09853530675172806,monitor_data.speed
1764513765160,-0.1434522271156311,monitor_data.speed
1764513765162,-0.23686735332012177,monitor_data.speed
1764513765163,-0.26210975646972656,monitor_data.speed
1764513765164,-0.22898446023464203,monitor_data.speed
1764513765166,-0.1999162882566452,monitor_data.speed
1764513765167,-0.23069338500499725,monitor_data.speed
1764513765168,-0.2523095905780792,monitor_data.speed
1764513765170,-0.2203846275806427,monitor_data.speed
1764513765171,-0.19036263227462769,monitor_data.speed
1764513765172,-0.16778618097305298,monitor_data.speed
1764513765174,-0.20193582773208618,monitor_data.speed
1764513765175,5.685050964355469,monitor_data.speed
1764513765176,-0.20604108273983002,monitor_data.speed
1764513765177,-0.17978303134441376,monitor_data.speed
1764513765179,-0.15509013831615448,monitor_data.speed
1764513765180,5.667154312133789,monitor_data.speed
1764513765181,-0.2219042330980301,monitor_data.speed
1764513765183,-0.24722997844219208,monitor_data.speed
1764513765184,-0.21592716872692108,monitor_data.speed
1764513765185,-0.18649020791053772,monitor_data.speed
1764513765187,-0.21498431265354156,monitor_data.speed
1764513765188,-0.23779787123203278,monitor_data.speed
1764513765190,-0.26282352209091187,monitor_data.speed
1764513765140,0,monitor_data.speed_ref
1764513765142,0,monitor_data.speed_ref
1764513765143,0,monitor_data.speed_ref
1764513765144,0,monitor_data.speed_ref
1764513765146,0,monitor_data.speed_ref
1764513765147,0,monitor_data.speed_ref
1764513765148,0,monitor_data.speed_ref
1764513765150,0,monitor_data.speed_ref
1764513765151,0,monitor_data.speed_ref
1764513765153,0,monitor_data.speed_ref
1764513765154,0,monitor_data.speed_ref
1764513765155,0,monitor_data.speed_ref
1764513765156,0,monitor_data.speed_ref
1764513765158,0,monitor_data.speed_ref
1764513765159,0,monitor_data.speed_ref
1764513765160,0,monitor_data.speed_ref
1764513765162,0,monitor_data.speed_ref
1764513765163,0,monitor_data.speed_ref
1764513765164,0,monitor_data.speed_ref
1764513765166,0,monitor_data.speed_ref
1764513765167,0,monitor_data.speed_ref
1764513765168,0,monitor_data.speed_ref
1764513765170,0,monitor_data.speed_ref
1764513765171,0,monitor_data.speed_ref
1764513765172,0,monitor_data.speed_ref
1764513765174,0,monitor_data.speed_ref
1764513765175,0,monitor_data.speed_ref
1764513765176,0,monitor_data.speed_ref
1764513765177,0,monitor_data.speed_ref
1764513765179,0,monitor_data.speed_ref
1764513765180,0,monitor_data.speed_ref
1764513765181,0,monitor_data.speed_ref
1764513765183,0,monitor_data.speed_ref
1764513765184,0,monitor_data.speed_ref
1764513765185,0,monitor_data.speed_ref
1764513765187,0,monitor_data.speed_ref
1764513765188,0,monitor_data.speed_ref
1764513765190,0,monitor_data.speed_ref
1764513765191,-0.22961078584194183,monitor_data.speed
1764513765192,-0.25580543279647827,monitor_data.speed
1764513765193,-0.22579370439052582,monitor_data.speed
1764513765195,-0.19919173419475555,monitor_data.speed
1764513765196,-0.1756121665239334,monitor_data.speed
1764513765197,-0.14986857771873474,monitor_data.speed
1764513765198,5.7274932861328125,monitor_data.speed
1764513765200,-0.22141222655773163,monitor_data.speed
1764513765201,-0.19327153265476227,monitor_data.speed
1764513765202,-0.2221039980649948,monitor_data.speed
1764513765204,-0.1918562948703766,monitor_data.speed
1764513765205,5.632847785949707,monitor_data.speed
1764513765206,-0.3021678626537323,monitor_data.speed
1764513765208,-0.3227304220199585,monitor_data.speed
1764513765209,-0.337902694940567,monitor_data.speed
1764513765210,-0.2954941391944885,monitor_data.speed
1764513765211,-0.260973185300827,monitor_data.speed
1764513765213,-0.23037433624267578,monitor_data.speed
1764513765214,-0.196967214345932,monitor_data.speed
1764513765215,-0.1718205064535141,monitor_data.speed
1764513765217,-0.14975370466709137,monitor_data.speed
1764513765218,-0.13179093599319458,monitor_data.speed
1764513765219,-0.11339710652828217,monitor_data.speed
1764513765221,-0.09848585724830627,monitor_data.speed
1764513765222,-0.08634789288043976,monitor_data.speed
1764513765223,-0.12936294078826904,monitor_data.speed
1764513765224,-0.16548733413219452,monitor_data.speed
1764513765226,-0.14419621229171753,monitor_data.speed
1764513765227,-0.12961022555828094,monitor_data.speed
1764513765228,-0.11271320283412933,monitor_data.speed
1764513765229,-0.15589353442192078,monitor_data.speed
1764513765231,-0.1343361735343933,monitor_data.speed
1764513765232,-0.17428819835186005,monitor_data.speed
1764513765233,-0.1519192010164261,monitor_data.speed
1764513765234,-0.13514535129070282,monitor_data.speed
1764513765236,-0.11631123721599579,monitor_data.speed
1764513765237,-0.10104308277368546,monitor_data.speed
1764513765238,-0.08764494210481644,monitor_data.speed
1764513765240,-0.07504542917013168,monitor_data.speed
1764513765191,0,monitor_data.speed_ref
1764513765192,0,monitor_data.speed_ref
1764513765193,0,monitor_data.speed_ref
1764513765195,0,monitor_data.speed_ref
1764513765196,0,monitor_data.speed_ref
1764513765197,0,monitor_data.speed_ref
1764513765198,0,monitor_data.speed_ref
1764513765200,0,monitor_data.speed_ref
1764513765201,0,monitor_data.speed_ref
1764513765202,0,monitor_data.speed_ref
1764513765204,0,monitor_data.speed_ref
1764513765205,0,monitor_data.speed_ref
1764513765206,0,monitor_data.speed_ref
1764513765208,0,monitor_data.speed_ref
1764513765209,0,monitor_data.speed_ref
1764513765210,0,monitor_data.speed_ref
1764513765211,0,monitor_data.speed_ref
1764513765213,0,monitor_data.speed_ref
1764513765214,0,monitor_data.speed_ref
1764513765215,0,monitor_data.speed_ref
1764513765217,0,monitor_data.speed_ref
1764513765218,0,monitor_data.speed_ref
1764513765219,0,monitor_data.speed_ref
1764513765221,0,monitor_data.speed_ref
1764513765222,0,monitor_data.speed_ref
1764513765223,0,monitor_data.speed_ref
1764513765224,0,monitor_data.speed_ref
1764513765226,0,monitor_data.speed_ref
1764513765227,0,monitor_data.speed_ref
1764513765228,0,monitor_data.speed_ref
1764513765229,0,monitor_data.speed_ref
1764513765231,0,monitor_data.speed_ref
1764513765232,0,monitor_data.speed_ref
1764513765233,0,monitor_data.speed_ref
1764513765234,0,monitor_data.speed_ref
1764513765236,0,monitor_data.speed_ref
1764513765237,0,monitor_data.speed_ref
1764513765238,0,monitor_data.speed_ref
1764513765240,0,monitor_data.speed_ref
1764513765241,-0.0655706450343132,monitor_data.speed
1764513765242,-0.05651712790131569,monitor_data.speed
1764513765243,-0.04914744570851326,monitor_data.speed
1764513765245,-0.09845447540283203,monitor_data.speed
1764513765246,-0.19673964381217957,monitor_data.speed
1764513765247,-0.22610613703727722,monitor_data.speed
1764513765249,-0.19739054143428802,monitor_data.speed
1764513765250,-0.17219199240207672,monitor_data.speed
1764513765251,-0.15007972717285156,monitor_data.speed
1764513765253,-0.12928541004657745,monitor_data.speed
1764513765254,-0.11364816129207611,monitor_data.speed
1764513765255,-0.09870617091655731,monitor_data.speed
1764513765256,-0.13805538415908813,monitor_data.speed
1764513765258,-0.12012401968240738,monitor_data.speed
1764513765259,-0.1623973548412323,monitor_data.speed
1764513765260,-0.13998635113239288,monitor_data.speed
1764513765262,-0.12181849777698517,monitor_data.speed
1764513765263,-0.10587581247091293,monitor_data.speed
1764513765264,-0.0918857678771019,monitor_data.speed
1764513765266,-0.079609215259552,monitor_data.speed
1764513765267,-0.0696159079670906,monitor_data.speed
1764513765268,-0.05870547518134117,monitor_data.speed
1764513765270,-0.15968263149261475,monitor_data.speed
1764513765271,-0.14059185981750488,monitor_data.speed
1764513765272,-0.12367002665996552,monitor_data.speed
1764513765273,-0.10750056803226471,monitor_data.speed
1764513765275,-0.09331153333187103,monitor_data.speed
1764513765276,-0.18954095244407654,monitor_data.speed
1764513765277,-0.22391143441200256,monitor_data.speed
1764513765279,-0.19546464085578918,monitor_data.speed
1764513765280,5.632599353790283,monitor_data.speed
1764513765281,-0.3592391312122345,monitor_data.speed
1764513765282,-0.31421729922294617,monitor_data.speed
1764513765284,-0.3845992386341095,monitor_data.speed
1764513765285,-0.3330231010913849,monitor_data.speed
1764513765286,-0.2882166802883148,monitor_data.speed
1764513765288,-0.31253039836883545,monitor_data.speed
1764513765289,-0.27322953939437866,monitor_data.speed
1764513765241,0,monitor_data.speed_ref
1764513765242,0,monitor_data.speed_ref
1764513765243,0,monitor_data.speed_ref
1764513765245,0,monitor_data.speed_ref
1764513765246,0,monitor_data.speed_ref
1764513765247,0,monitor_data.speed_ref
1764513765249,0,monitor_data.speed_ref
1764513765250,0,monitor_data.speed_ref
1764513765251,0,monitor_data.speed_ref
1764513765253,0,monitor_data.speed_ref
1764513765254,0,monitor_data.speed_ref
1764513765255,0,monitor_data.speed_ref
1764513765256,0,monitor_data.speed_ref
1764513765258,0,monitor_data.speed_ref
1764513765259,0,monitor_data.speed_ref
1764513765260,0,monitor_data.speed_ref
1764513765262,0,monitor_data.speed_ref
1764513765263,0,monitor_data.speed_ref
1764513765264,0,monitor_data.speed_ref
1764513765266,0,monitor_data.speed_ref
1764513765267,0,monitor_data.speed_ref
1764513765268,0,monitor_data.speed_ref
1764513765270,0,monitor_data.speed_ref
1764513765271,0,monitor_data.speed_ref
1764513765272,0,monitor_data.speed_ref
1764513765273,0,monitor_data.speed_ref
1764513765275,0,monitor_data.speed_ref
1764513765276,0,monitor_data.speed_ref
1764513765277,0,monitor_data.speed_ref
1764513765279,0,monitor_data.speed_ref
1764513765280,0,monitor_data.speed_ref
1764513765281,0,monitor_data.speed_ref
1764513765282,0,monitor_data.speed_ref
1764513765284,0,monitor_data.speed_ref
1764513765285,0,monitor_data.speed_ref
1764513765286,0,monitor_data.speed_ref
1764513765288,0,monitor_data.speed_ref
1764513765289,0,monitor_data.speed_ref
1764513765290,-0.29809215664863586,monitor_data.speed
1764513765292,-0.2605597972869873,monitor_data.speed
1764513765293,-0.2276243269443512,monitor_data.speed
1764513765294,-0.255427747964859,monitor_data.speed
1764513765295,-0.22545892000198364,monitor_data.speed
1764513765296,-0.19682256877422333,monitor_data.speed
1764513765298,-0.27928683161735535,monitor_data.speed
1764513765299,-0.24405770003795624,monitor_data.speed
1764513765300,-0.2153806835412979,monitor_data.speed
1764513765302,-0.24739018082618713,monitor_data.speed
1764513765303,-0.21606771647930145,monitor_data.speed
1764513765304,-0.18858160078525543,monitor_data.speed
1764513765305,-0.16273388266563416,monitor_data.speed
1764513765307,-0.14177998900413513,monitor_data.speed
1764513765308,-0.11947961896657944,monitor_data.speed
1764513765310,-0.1601085066795349,monitor_data.speed
1764513765311,-0.14096932113170624,monitor_data.speed
1764513765312,-0.12137077003717422,monitor_data.speed
1764513765314,-0.10434461385011673,monitor_data.speed
1764513765315,5.711824417114258,monitor_data.speed
1764513765316,-0.18230952322483063,monitor_data.speed
1764513765317,5.6401448249816895,monitor_data.speed
1764513765319,-0.2433033436536789,monitor_data.speed
1764513765320,-0.20808696746826172,monitor_data.speed
1764513765322,-0.18349674344062805,monitor_data.speed
1764513765323,-0.15999989211559296,monitor_data.speed
1764513765324,-0.1956661343574524,monitor_data.speed
1764513765325,-0.17067879438400269,monitor_data.speed
1764513765327,-0.1487518697977066,monitor_data.speed
1764513765328,-0.12951040267944336,monitor_data.speed
1764513765329,-0.11262562870979309,monitor_data.speed
1764513765331,-0.09780887514352798,monitor_data.speed
1764513765332,-0.08480686694383621,monitor_data.speed
1764513765333,5.786806106567383,monitor_data.speed
1764513765335,-0.16744285821914673,monitor_data.speed
1764513765336,-0.19898304343223572,monitor_data.speed
1764513765337,-0.17542719841003418,monitor_data.speed
1764513765339,-0.15291866660118103,monitor_data.speed
1764513765340,-0.13175173103809357,monitor_data.speed
1764513765290,0,monitor_data.speed_ref
1764513765292,0,monitor_data.speed_ref
1764513765293,0,monitor_data.speed_ref
1764513765294,0,monitor_data.speed_ref
1764513765295,0,monitor_data.speed_ref
1764513765296,0,monitor_data.speed_ref
1764513765298,0,monitor_data.speed_ref
1764513765299,0,monitor_data.speed_ref
1764513765300,0,monitor_data.speed_ref
1764513765302,0,monitor_data.speed_ref
1764513765303,0,monitor_data.speed_ref
1764513765304,0,monitor_data.speed_ref
1764513765305,0,monitor_data.speed_ref
1764513765307,0,monitor_data.speed_ref
1764513765308,0,monitor_data.speed_ref
1764513765310,0,monitor_data.speed_ref
1764513765311,0,monitor_data.speed_ref
1764513765312,0,monitor_data.speed_ref
1764513765314,0,monitor_data.speed_ref
1764513765315,0,monitor_data.speed_ref
1764513765316,0,monitor_data.speed_ref
1764513765317,0,monitor_data.speed_ref
1764513765319,0,monitor_data.speed_ref
1764513765320,0,monitor_data.speed_ref
1764513765322,0,monitor_data.speed_ref
1764513765323,0,monitor_data.speed_ref
1764513765324,0,monitor_data.speed_ref
1764513765325,0,monitor_data.speed_ref
1764513765327,0,monitor_data.speed_ref
1764513765328,0,monitor_data.speed_ref
1764513765329,0,monitor_data.speed_ref
1764513765331,0,monitor_data.speed_ref
1764513765332,0,monitor_data.speed_ref
1764513765333,0,monitor_data.speed_ref
1764513765335,0,monitor_data.speed_ref
1764513765336,0,monitor_data.speed_ref
1764513765337,0,monitor_data.speed_ref
1764513765339,0,monitor_data.speed_ref
1764513765340,0,monitor_data.speed_ref
1764513765341,-0.11214592307806015,monitor_data.speed
1764513765343,-0.09845596551895142,monitor_data.speed
1764513765344,-0.08537469059228897,monitor_data.speed
1764513765345,-0.07389561086893082,monitor_data.speed
1764513765347,-0.12052873522043228,monitor_data.speed
1764513765348,-0.10474400222301483,monitor_data.speed
1764513765349,-0.0899001881480217,monitor_data.speed
1764513765351,-0.13587497174739838,monitor_data.speed
1764513765352,-0.11694507300853729,monitor_data.speed
1764513765353,-0.1015992984175682,monitor_data.speed
1764513765355,-0.08813303709030151,monitor_data.speed
1764513765356,-0.07631610333919525,monitor_data.speed
1764513765357,-0.06594650447368622,monitor_data.speed
1764513765359,-0.05684695765376091,monitor_data.speed
1764513765360,-0.10185332596302032,monitor_data.speed
1764513765361,-0.14285923540592194,monitor_data.speed
1764513765362,-0.12301262468099594,monitor_data.speed
1764513765364,-0.1046297624707222,monitor_data.speed
1764513765365,-0.0917937383055687,monitor_data.speed
1764513765366,-0.13695646822452545,monitor_data.speed
1764513765368,-0.12044767290353775,monitor_data.speed
1764513765369,-0.10467290133237839,monitor_data.speed
1764513765370,-0.08983840048313141,monitor_data.speed
1764513765372,-0.13466672599315643,monitor_data.speed
1764513765373,-0.22930492460727692,monitor_data.speed
1764513765374,-0.20019754767417908,monitor_data.speed
1764513765376,-0.2796940505504608,monitor_data.speed
1764513765377,-0.2418874353170395,monitor_data.speed
1764513765378,-0.21569742262363434,monitor_data.speed
1764513765379,-0.24967624247074127,monitor_data.speed
1764513765381,-0.2715317904949188,monitor_data.speed
1764513765382,-0.2958467900753021,monitor_data.speed
1764513765383,-0.2612857520580292,monitor_data.speed
1764513765384,-0.22826138138771057,monitor_data.speed
1764513765386,-0.19928181171417236,monitor_data.speed
1764513765387,-0.17202962934970856,monitor_data.speed
1764513765388,-0.149937242269516,monitor_data.speed
1764513765390,-0.1277865320444107,monitor_data.speed
1764513765341,0,monitor_data.speed_ref
1764513765343,0,monitor_data.speed_ref
1764513765344,0,monitor_data.speed_ref
1764513765345,0,monitor_data.speed_ref
1764513765347,0,monitor_data.speed_ref
1764513765348,0,monitor_data.speed_ref
1764513765349,0,monitor_data.speed_ref
1764513765351,0,monitor_data.speed_ref
1764513765352,0,monitor_data.speed_ref
1764513765353,0,monitor_data.speed_ref
1764513765355,0,monitor_data.speed_ref
1764513765356,0,monitor_data.speed_ref
1764513765357,0,monitor_data.speed_ref
1764513765359,0,monitor_data.speed_ref
1764513765360,0,monitor_data.speed_ref
1764513765361,0,monitor_data.speed_ref
1764513765362,0,monitor_data.speed_ref
1764513765364,0,monitor_data.speed_ref
1764513765365,0,monitor_data.speed_ref
1764513765366,0,monitor_data.speed_ref
1764513765368,0,monitor_data.speed_ref
1764513765369,0,monitor_data.speed_ref
1764513765370,0,monitor_data.speed_ref
1764513765372,0,monitor_data.speed_ref
1764513765373,0,monitor_data.speed_ref
1764513765374,0,monitor_data.speed_ref
1764513765376,0,monitor_data.speed_ref
1764513765377,0,monitor_data.speed_ref
1764513765378,0,monitor_data.speed_ref
1764513765379,0,monitor_data.speed_ref
1764513765381,0,monitor_data.speed_ref
1764513765382,0,monitor_data.speed_ref
1764513765383,0,monitor_data.speed_ref
1764513765384,0,monitor_data.speed_ref
1764513765386,0,monitor_data.speed_ref
1764513765387,0,monitor_data.speed_ref
1764513765388,0,monitor_data.speed_ref
1764513765390,0,monitor_data.speed_ref
1764513765391,-0.11111288517713547,monitor_data.speed
1764513765393,-0.09543310850858688,monitor_data.speed
1764513765394,-0.08272206038236618,monitor_data.speed
1764513765395,-0.07156786322593689,monitor_data.speed
1764513765396,-0.061779823154211044,monitor_data.speed
1764513765398,-0.053190600126981735,monitor_data.speed
1764513765399,-0.10081896185874939,monitor_data.speed
1764513765400,-0.14604195952415466,monitor_data.speed
1764513765402,-0.12577761709690094,monitor_data.speed
1764513765403,5.748847484588623,monitor_data.speed
1764513765404,-0.24920257925987244,monitor_data.speed
1764513765406,-0.27508601546287537,monitor_data.speed
1764513765407,-0.24288375675678253,monitor_data.speed
1764513765408,-0.2099086344242096,monitor_data.speed
1764513765410,-0.1812615841627121,monitor_data.speed
1764513765411,-0.2143324315547943,monitor_data.speed
1764513765412,-0.18705885112285614,monitor_data.speed
1764513765414,-0.16312572360038757,monitor_data.speed
1764513765415,-0.14212383329868317,monitor_data.speed
1764513765416,-0.17776164412498474,monitor_data.speed
1764513765417,-0.15496724843978882,monitor_data.speed
1764513765419,-0.18903161585330963,monitor_data.speed
1764513765420,-0.16485683619976044,monitor_data.speed
1764513765421,-0.1421230286359787,monitor_data.speed
1764513765423,-0.12237302958965302,monitor_data.speed
1764513765424,-0.16264761984348297,monitor_data.speed
1764513765425,-0.1991323083639145,monitor_data.speed
1764513765427,-0.17372040450572968,monitor_data.speed
1764513765428,-0.1514209359884262,monitor_data.speed
1764513765429,-0.18673545122146606,monitor_data.speed
1764513765431,-0.16113005578517914,monitor_data.speed
1764513765432,-0.19780069589614868,monitor_data.speed
1764513765433,-0.1725519299507141,monitor_data.speed
1764513765435,-0.15039557218551636,monitor_data.speed
1764513765436,-0.1861884891986847,monitor_data.speed
1764513765437,-0.16408628225326538,monitor_data.speed
1764513765439,-0.14296673238277435,monitor_data.speed
1764513765440,5.734952449798584,monitor_data.speed
1764513765391,0,monitor_data.speed_ref
1764513765393,0,monitor_data.speed_ref
1764513765394,0,monitor_data.speed_ref
1764513765395,0,monitor_data.speed_ref
1764513765396,0,monitor_data.speed_ref
1764513765398,0,monitor_data.speed_ref
1764513765399,0,monitor_data.speed_ref
1764513765400,0,monitor_data.speed_ref
1764513765402,0,monitor_data.speed_ref
1764513765403,0,monitor_data.speed_ref
1764513765404,0,monitor_data.speed_ref
1764513765406,0,monitor_data.speed_ref
1764513765407,0,monitor_data.speed_ref
1764513765408,0,monitor_data.speed_ref
1764513765410,0,monitor_data.speed_ref
1764513765411,0,monitor_data.speed_ref
1764513765412,0,monitor_data.speed_ref
1764513765414,0,monitor_data.speed_ref
1764513765415,0,monitor_data.speed_ref
1764513765416,0,monitor_data.speed_ref
1764513765417,0,monitor_data.speed_ref
1764513765419,0,monitor_data.speed_ref
1764513765420,0,monitor_data.speed_ref
1764513765421,0,monitor_data.speed_ref
1764513765423,0,monitor_data.speed_ref
1764513765424,0,monitor_data.speed_ref
1764513765425,0,monitor_data.speed_ref
1764513765427,0,monitor_data.speed_ref
1764513765428,0,monitor_data.speed_ref
1764513765429,0,monitor_data.speed_ref
1764513765431,0,monitor_data.speed_ref
1764513765432,0,monitor_data.speed_ref
1764513765433,0,monitor_data.speed_ref
1764513765435,0,monitor_data.speed_ref
1764513765436,0,monitor_data.speed_ref
1764513765437,0,monitor_data.speed_ref
1764513765439,0,monitor_data.speed_ref
1764513765440,0,monitor_data.speed_ref
1764513765441,-0.16010785102844238,monitor_data.speed
1764513765443,-0.13947559893131256,monitor_data.speed
1764513765444,5.738015651702881,monitor_data.speed
1764513765445,-0.3163977563381195,monitor_data.speed
1764513765446,-0.2766232490539551,monitor_data.speed
1764513765448,5.559072017669678,monitor_data.speed
1764513765449,-0.3144463002681732,monitor_data.speed
1764513765450,-0.2749107778072357,monitor_data.speed
1764513765452,-0.2951599061489105,monitor_data.speed
1764513765453,-0.2579866647720337,monitor_data.speed
1764513765454,-0.22536638379096985,monitor_data.speed
1764513765456,-0.19674135744571686,monitor_data.speed
1764513765457,-0.17344020307064056,monitor_data.speed
1764513765458,-0.20643350481987,monitor_data.speed
1764513765459,-0.18203115463256836,monitor_data.speed
1764513765461,-0.16040129959583282,monitor_data.speed
1764513765462,-0.13973310589790344,monitor_data.speed
1764513765463,-0.1229088306427002,monitor_data.speed
1764513765465,-0.1068326085805893,monitor_data.speed
1764513765466,-0.09272538870573044,monitor_data.speed
1764513765467,-0.0803460031747818,monitor_data.speed
1764513765468,-0.06948282569646835,monitor_data.speed
1764513765470,-0.06064003333449364,monitor_data.speed
1764513765471,-0.050392355769872665,monitor_data.speed
1764513765472,-0.04371853917837143,monitor_data.speed
1764513765474,-0.08980283886194229,monitor_data.speed
1764513765475,-0.07778139412403107,monitor_data.speed
1764513765476,-0.06647651642560959,monitor_data.speed
1764513765478,-0.05665545538067818,monitor_data.speed
1764513765479,-0.10669782012701035,monitor_data.speed
1764513765480,-0.20703314244747162,monitor_data.speed
1764513765482,-0.17876355350017548,monitor_data.speed
1764513765483,-0.1591801941394806,monitor_data.speed
1764513765484,-0.13866153359413147,monitor_data.speed
1764513765485,-0.23284600675106049,monitor_data.speed
1764513765487,-0.25902751088142395,monitor_data.speed
1764513765488,-0.22864970564842224,monitor_data.speed
1764513765489,-0.19962254166603088,monitor_data.speed
1764513765490,-0.17415063083171844,monitor_data.speed
1764513765441,0,monitor_data.speed_ref
1764513765443,0,monitor_data.speed_ref
1764513765444,0,monitor_data.speed_ref
1764513765445,0,monitor_data.speed_ref
1764513765446,0,monitor_data.speed_ref
1764513765448,0,monitor_data.speed_ref
1764513765449,0,monitor_data.speed_ref
1764513765450,0,monitor_data.speed_ref
1764513765452,0,monitor_data.speed_ref
1764513765453,0,monitor_data.speed_ref
1764513765454,0,monitor_data.speed_ref
1764513765456,0,monitor_data.speed_ref
1764513765457,0,monitor_data.speed_ref
1764513765458,0,monitor_data.speed_ref
1764513765459,0,monitor_data.speed_ref
1764513765461,0,monitor_data.speed_ref
1764513765462,0,monitor_data.speed_ref
1764513765463,0,monitor_data.speed_ref
1764513765465,0,monitor_data.speed_ref
1764513765466,0,monitor_data.speed_ref
1764513765467,0,monitor_data.speed_ref
1764513765468,0,monitor_data.speed_ref
1764513765470,0,monitor_data.speed_ref
1764513765471,0,monitor_data.speed_ref
1764513765472,0,monitor_data.speed_ref
1764513765474,0,monitor_data.speed_ref
1764513765475,0,monitor_data.speed_ref
1764513765476,0,monitor_data.speed_ref
1764513765478,0,monitor_data.speed_ref
1764513765479,0,monitor_data.speed_ref
1764513765480,0,monitor_data.speed_ref
1764513765482,0,monitor_data.speed_ref
1764513765483,0,monitor_data.speed_ref
1764513765484,0,monitor_data.speed_ref
1764513765485,0,monitor_data.speed_ref
1764513765487,0,monitor_data.speed_ref
1764513765488,0,monitor_data.speed_ref
1764513765489,0,monitor_data.speed_ref
1764513765490,0,monitor_data.speed_ref
1764513765492,-0.20922669768333435,monitor_data.speed
1764513765493,-0.24310122430324554,monitor_data.speed
1764513765494,-0.21453289687633514,monitor_data.speed
1764513765495,-0.18723474442958832,monitor_data.speed
1764513765497,-0.16328008472919464,monitor_data.speed
1764513765498,-0.14378057420253754,monitor_data.speed
1764513765499,-0.1792154312133789,monitor_data.speed
1764513765500,-0.21425089240074158,monitor_data.speed
1764513765502,-0.29899388551712036,monitor_data.speed
1764513765503,-0.2613510489463806,monitor_data.speed
1764513765504,-0.3369991183280945,monitor_data.speed
1764513765506,-0.2947012782096863,monitor_data.speed
1764513765507,-0.2549249529838562,monitor_data.speed
1764513765508,-0.33527249097824097,monitor_data.speed
1764513765510,-0.34564778208732605,monitor_data.speed
1764513765511,-0.3501764237880707,monitor_data.speed
1764513765512,-0.30626460909843445,monitor_data.speed
1764513765514,-0.26773127913475037,monitor_data.speed
1764513765515,-0.28853076696395874,monitor_data.speed
1764513765516,-0.25216948986053467,monitor_data.speed
1764513765518,-0.22257085144519806,monitor_data.speed
1764513765519,-0.19226187467575073,monitor_data.speed
1764513765520,-0.16769149899482727,monitor_data.speed
1764513765522,-0.14613044261932373,monitor_data.speed
1764513765523,-0.12721006572246552,monitor_data.speed
1764513765524,-0.11060703545808792,monitor_data.speed
1764513765526,-0.15404529869556427,monitor_data.speed
1764513765527,5.723791122436523,monitor_data.speed
1764513765528,-0.17352117598056793,monitor_data.speed
1764513765529,-0.26102444529533386,monitor_data.speed
1764513765530,-0.2810232639312744,monitor_data.speed
1764513765532,-0.2455814778804779,monitor_data.speed
1764513765533,-0.21673132479190826,monitor_data.speed
1764513765534,-0.1891639530658722,monitor_data.speed
1764513765536,-0.16323977708816528,monitor_data.speed
1764513765537,-0.14374485611915588,monitor_data.speed
1764513765538,-0.12511666119098663,monitor_data.speed
1764513765539,-0.21412770450115204,monitor_data.speed
1764513765541,-0.241212397813797,monitor_data.speed
1764513765492,0,monitor_data.speed_ref
1764513765493,0,monitor_data.speed_ref
1764513765494,0,monitor_data.speed_ref
1764513765495,0,monitor_data.speed_ref
1764513765497,0,monitor_data.speed_ref
1764513765498,0,monitor_data.speed_ref
1764513765499,0,monitor_data.speed_ref
1764513765500,0,monitor_data.speed_ref
1764513765502,0,monitor_data.speed_ref
1764513765503,0,monitor_data.speed_ref
1764513765504,0,monitor_data.speed_ref
1764513765506,0,monitor_data.speed_ref
1764513765507,0,monitor_data.speed_ref
1764513765508,0,monitor_data.speed_ref
1764513765510,0,monitor_data.speed_ref
1764513765511,0,monitor_data.speed_ref
1764513765512,0,monitor_data.speed_ref
1764513765514,0,monitor_data.speed_ref
1764513765515,0,monitor_data.speed_ref
1764513765516,0,monitor_data.speed_ref
1764513765518,0,monitor_data.speed_ref
1764513765519,0,monitor_data.speed_ref
1764513765520,0,monitor_data.speed_ref
1764513765522,0,monitor_data.speed_ref
1764513765523,0,monitor_data.speed_ref
1764513765524,0,monitor_data.speed_ref
1764513765526,0,monitor_data.speed_ref
1764513765527,0,monitor_data.speed_ref
1764513765528,0,monitor_data.speed_ref
1764513765529,0,monitor_data.speed_ref
1764513765530,0,monitor_data.speed_ref
1764513765532,0,monitor_data.speed_ref
1764513765533,0,monitor_data.speed_ref
1764513765534,0,monitor_data.speed_ref
1764513765536,0,monitor_data.speed_ref
1764513765537,0,monitor_data.speed_ref
1764513765538,0,monitor_data.speed_ref
1764513765539,0,monitor_data.speed_ref
1764513765541,0,monitor_data.speed_ref
1764513765542,-0.20845666527748108,monitor_data.speed
1764513765543,-0.18382447957992554,monitor_data.speed
1764513765545,-0.15860113501548767,monitor_data.speed
1764513765546,-0.13668838143348694,monitor_data.speed
1764513765548,-0.12021005153656006,monitor_data.speed
1764513765549,-0.1056038960814476,monitor_data.speed
1764513765550,-0.14940014481544495,monitor_data.speed
1764513765551,-0.1286950260400772,monitor_data.speed
1764513765553,-0.16264455020427704,monitor_data.speed
1764513765554,-0.14020110666751862,monitor_data.speed
1764513765555,-0.12070337682962418,monitor_data.speed
1764513765557,-0.16177301108837128,monitor_data.speed
1764513765558,-0.13944393396377563,monitor_data.speed
1764513765559,-0.1213424876332283,monitor_data.speed
1764513765561,5.75277853012085,monitor_data.speed
1764513765562,-0.14600838720798492,monitor_data.speed
1764513765563,-0.1257484406232834,monitor_data.speed
1764513765565,5.7512383460998535,monitor_data.speed
1764513765566,5.7135701179504395,monitor_data.speed
1764513765567,-0.18076232075691223,monitor_data.speed
1764513765568,-0.21280302107334137,monitor_data.speed
1764513765570,-0.1837761253118515,monitor_data.speed
1764513765571,-0.16024503111839294,monitor_data.speed
1764513765572,-0.14109036326408386,monitor_data.speed
1764513765574,-0.17795272171497345,monitor_data.speed
1764513765575,-0.2632783353328705,monitor_data.speed
1764513765576,-0.45651018619537354,monitor_data.speed
1764513765577,5.295363903045654,monitor_data.speed
1764513765579,-0.551453709602356,monitor_data.speed
1764513765580,5.273186683654785,monitor_data.speed
1764513765581,-0.8440665006637573,monitor_data.speed
1764513765583,4.719044208526611,monitor_data.speed
1764513765584,-1.4925531148910522,monitor_data.speed
1764513765585,3.9036078453063965,monitor_data.speed
1764513765587,3.5408010482788086,monitor_data.speed
1764513765588,3.1081488132476807,monitor_data.speed
1764513765589,2.728487491607666,monitor_data.speed
1764513765590,2.395326614379883,monitor_data.speed
1764513765592,2.0204362869262695,monitor_data.speed
1764513765542,0,monitor_data.speed_ref
1764513765543,0,monitor_data.speed_ref
1764513765545,0,monitor_data.speed_ref
1764513765546,0,monitor_data.speed_ref
1764513765548,0,monitor_data.speed_ref
1764513765549,0,monitor_data.speed_ref
1764513765550,0,monitor_data.speed_ref
1764513765551,0,monitor_data.speed_ref
1764513765553,0,monitor_data.speed_ref
1764513765554,0,monitor_data.speed_ref
1764513765555,0,monitor_data.speed_ref
1764513765557,0,monitor_data.speed_ref
1764513765558,0,monitor_data.speed_ref
1764513765559,0,monitor_data.speed_ref
1764513765561,0,monitor_data.speed_ref
1764513765562,0,monitor_data.speed_ref
1764513765563,0,monitor_data.speed_ref
1764513765565,0,monitor_data.speed_ref
1764513765566,0,monitor_data.speed_ref
1764513765567,0,monitor_data.speed_ref
1764513765568,0,monitor_data.speed_ref
1764513765570,0,monitor_data.speed_ref
1764513765571,0,monitor_data.speed_ref
1764513765572,0,monitor_data.speed_ref
1764513765574,0,monitor_data.speed_ref
1764513765575,0,monitor_data.speed_ref
1764513765576,0,monitor_data.speed_ref
1764513765577,0,monitor_data.speed_ref
1764513765579,0,monitor_data.speed_ref
1764513765580,0,monitor_data.speed_ref
1764513765581,0,monitor_data.speed_ref
1764513765583,0,monitor_data.speed_ref
1764513765584,0,monitor_data.speed_ref
1764513765585,0,monitor_data.speed_ref
1764513765587,0,monitor_data.speed_ref
1764513765588,0,monitor_data.speed_ref
1764513765589,0,monitor_data.speed_ref
1764513765590,0,monitor_data.speed_ref
1764513765592,0,monitor_data.speed_ref
1764513765593,1.7918331623077393,monitor_data.speed
1764513765595,1.5733944177627563,monitor_data.speed
1764513765596,1.381710171699524,monitor_data.speed
1764513765597,1.2014514207839966,monitor_data.speed
1764513765598,1.0765790939331055,monitor_data.speed
1764513765600,0.9457431435585022,monitor_data.speed
1764513765601,0.8309317827224731,monitor_data.speed
1764513765602,0.7301823496818542,monitor_data.speed
1764513765604,0.6417726278305054,monitor_data.speed
1764513765605,0.5641914010047913,monitor_data.speed
1764513765606,0.49611249566078186,monitor_data.speed
1764513765607,0.436371773481369,monitor_data.speed
1764513765609,0.38394808769226074,monitor_data.speed
1764513765610,0.05975094065070152,monitor_data.speed
1764513765611,5.6317830085754395,monitor_data.speed
1764513765613,4.943033695220947,monitor_data.speed
1764513765614,4.2953362464904785,monitor_data.speed
1764513765615,3.7702698707580566,monitor_data.speed
1764513765617,3.342857599258423,monitor_data.speed
1764513765618,2.9051878452301025,monitor_data.speed
1764513765619,2.550384998321533,monitor_data.speed
1764513765621,8.039606094360352,monitor_data.speed
1764513765622,7.6048359870910645,monitor_data.speed
1764513765623,6.674429416656494,monitor_data.speed
1764513765625,5.741571426391602,monitor_data.speed
1764513765626,5.039374828338623,monitor_data.speed
1764513765627,4.364586353302002,monitor_data.speed
1764513765629,9.408868789672852,monitor_data.speed
1764513765630,8.228005409240723,monitor_data.speed
1764513765631,7.149144172668457,monitor_data.speed
1764513765633,6.153293609619141,monitor_data.speed
1764513765634,10.809037208557129,monitor_data.speed
1764513765635,9.391399383544922,monitor_data.speed
1764513765637,8.24217700958252,monitor_data.speed
1764513765638,12.427172660827637,monitor_data.speed
1764513765639,10.906123161315918,monitor_data.speed
1764513765641,14.817503929138184,monitor_data.speed
1764513765642,12.873735427856445,monitor_data.speed
1764513765593,0,monitor_data.speed_ref
1764513765595,0,monitor_data.speed_ref
1764513765596,0,monitor_data.speed_ref
1764513765597,0,monitor_data.speed_ref
1764513765598,0,monitor_data.speed_ref
1764513765600,0,monitor_data.speed_ref
1764513765601,0,monitor_data.speed_ref
1764513765602,0,monitor_data.speed_ref
1764513765604,0,monitor_data.speed_ref
1764513765605,0,monitor_data.speed_ref
1764513765606,0,monitor_data.speed_ref
1764513765607,0,monitor_data.speed_ref
1764513765609,0,monitor_data.speed_ref
1764513765610,0,monitor_data.speed_ref
1764513765611,0,monitor_data.speed_ref
1764513765613,0,monitor_data.speed_ref
1764513765614,0,monitor_data.speed_ref
1764513765615,0,monitor_data.speed_ref
1764513765617,0,monitor_data.speed_ref
1764513765618,0,monitor_data.speed_ref
1764513765619,0,monitor_data.speed_ref
1764513765621,0,monitor_data.speed_ref
1764513765622,0,monitor_data.speed_ref
1764513765623,0,monitor_data.speed_ref
1764513765625,0,monitor_data.speed_ref
1764513765626,0,monitor_data.speed_ref
1764513765627,0,monitor_data.speed_ref
1764513765629,0,monitor_data.speed_ref
1764513765630,0,monitor_data.speed_ref
1764513765631,0,monitor_data.speed_ref
1764513765633,0,monitor_data.speed_ref
1764513765634,0,monitor_data.speed_ref
1764513765635,0,monitor_data.speed_ref
1764513765637,0,monitor_data.speed_ref
1764513765638,0,monitor_data.speed_ref
1764513765639,0,monitor_data.speed_ref
1764513765641,0,monitor_data.speed_ref
1764513765642,0,monitor_data.speed_ref
1764513765643,16.818748474121094,monitor_data.speed
1764513765645,20.47169303894043,monitor_data.speed
1764513765646,17.965368270874023,monitor_data.speed
1764513765647,21.339828491210938,monitor_data.speed
1764513765649,18.727184295654297,monitor_data.speed
1764513765650,21.95309829711914,monitor_data.speed
1764513765651,24.8944034576416,monitor_data.speed
1764513765652,27.37057113647461,monitor_data.speed
1764513765654,23.779178619384766,monitor_data.speed
1764513765655,26.32459831237793,monitor_data.speed
1764513765656,28.331825256347656,monitor_data.speed
1764513765658,30.075592041015625,monitor_data.speed
1764513765659,31.90928077697754,monitor_data.speed
1764513765660,33.18349075317383,monitor_data.speed
1764513765662,35.042808532714844,monitor_data.speed
1764513765663,36.38011932373047,monitor_data.speed
1764513765664,37.01290512084961,monitor_data.speed
1764513765666,37.779754638671875,monitor_data.speed
1764513765667,38.78726577758789,monitor_data.speed
1764513765668,44.97411346435547,monitor_data.speed
1764513765670,45.03895950317383,monitor_data.speed
1764513765671,44.876094818115234,monitor_data.speed
1764513765672,50.31718826293945,monitor_data.speed
1764513765674,54.97584533691406,monitor_data.speed
1764513765675,58.54970169067383,monitor_data.speed
1764513765676,56.89623260498047,monitor_data.speed
1764513765678,61.25124740600586,monitor_data.speed
1764513765679,64.5126953125,monitor_data.speed
1764513765680,67.94664001464844,monitor_data.speed
1764513765681,76.1949691772461,monitor_data.speed
1764513765683,78.06761169433594,monitor_data.speed
1764513765684,80.23390197753906,monitor_data.speed
1764513765685,86.15691375732422,monitor_data.speed
1764513765687,92.3360595703125,monitor_data.speed
1764513765688,92.06288146972656,monitor_data.speed
1764513765689,102.93305206298828,monitor_data.speed
1764513765690,107.22134399414062,monitor_data.speed
1764513765692,109.59696197509766,monitor_data.speed
1764513765693,118.09379577636719,monitor_data.speed
1764513765643,0,monitor_data.speed_ref
1764513765645,0,monitor_data.speed_ref
1764513765646,0,monitor_data.speed_ref
1764513765647,0,monitor_data.speed_ref
1764513765649,0,monitor_data.speed_ref
1764513765650,0,monitor_data.speed_ref
1764513765651,0,monitor_data.speed_ref
1764513765652,0,monitor_data.speed_ref
1764513765654,0,monitor_data.speed_ref
1764513765655,0,monitor_data.speed_ref
1764513765656,0,monitor_data.speed_ref
1764513765658,0,monitor_data.speed_ref
1764513765659,0,monitor_data.speed_ref
1764513765660,0,monitor_data.speed_ref
1764513765662,0,monitor_data.speed_ref
1764513765663,0,monitor_data.speed_ref
1764513765664,0,monitor_data.speed_ref
1764513765666,0,monitor_data.speed_ref
1764513765667,0,monitor_data.speed_ref
1764513765668,0,monitor_data.speed_ref
1764513765670,0,monitor_data.speed_ref
1764513765671,0,monitor_data.speed_ref
1764513765672,0,monitor_data.speed_ref
1764513765674,0,monitor_data.speed_ref
1764513765675,0,monitor_data.speed_ref
1764513765676,0,monitor_data.speed_ref
1764513765678,0,monitor_data.speed_ref
1764513765679,0,monitor_data.speed_ref
1764513765680,0,monitor_data.speed_ref
1764513765681,0,monitor_data.speed_ref
1764513765683,0,monitor_data.speed_ref
1764513765684,0,monitor_data.speed_ref
1764513765685,0,monitor_data.speed_ref
1764513765687,0,monitor_data.speed_ref
1764513765688,0,monitor_data.speed_ref
1764513765689,0,monitor_data.speed_ref
1764513765690,0,monitor_data.speed_ref
1764513765692,0,monitor_data.speed_ref
1764513765693,0,monitor_data.speed_ref
1764513765694,125.88282775878906,monitor_data.speed
1764513765696,127.07758331298828,monitor_data.speed
1764513765697,132.26034545898438,monitor_data.speed
1764513765698,135.0303497314453,monitor_data.speed
1764513765699,141.83056640625,monitor_data.speed
1764513765701,142.55320739746094,monitor_data.speed
1764513765702,147.17893981933594,monitor_data.speed
1764513765703,151.29019165039062,monitor_data.speed
1764513765704,154.95509338378906,monitor_data.speed
1764513765706,156.69631958007812,monitor_data.speed
1764513765707,159.53125,monitor_data.speed
1764513765709,166.0951690673828,monitor_data.speed
1764513765710,169.58375549316406,monitor_data.speed
1764513765711,171.00416564941406,monitor_data.speed
1764513765712,177.72067260742188,monitor_data.speed
1764513765714,180.068359375,monitor_data.speed
1764513765715,189.34609985351562,monitor_data.speed
1764513765717,193.97796630859375,monitor_data.speed
1764513765718,197.87611389160156,monitor_data.speed
1764513765719,204.98226928710938,monitor_data.speed
1764513765721,218.9451446533203,monitor_data.speed
1764513765722,223.9031982421875,monitor_data.speed
1764513765723,236.11375427246094,monitor_data.speed
1764513765724,241.5767059326172,monitor_data.speed
1764513765726,244.94741821289062,monitor_data.speed
1764513765727,248.01734924316406,monitor_data.speed
1764513765729,251.6903839111328,monitor_data.speed
1764513765730,254.149658203125,monitor_data.speed
1764513765731,256.1961975097656,monitor_data.speed
1764513765733,261.0523681640625,monitor_data.speed
1764513765734,264.5672912597656,monitor_data.speed
1764513765735,268.0978698730469,monitor_data.speed
1764513765736,273.7953186035156,monitor_data.speed
1764513765738,278.902587890625,monitor_data.speed
1764513765739,283.498779296875,monitor_data.speed
1764513765740,287.5329895019531,monitor_data.speed
1764513765742,288.21343994140625,monitor_data.speed
1764513765743,297.0277099609375,monitor_data.speed
1764513765694,0,monitor_data.speed_ref
1764513765696,0,monitor_data.speed_ref
1764513765697,0,monitor_data.speed_ref
1764513765698,0,monitor_data.speed_ref
1764513765699,0,monitor_data.speed_ref
1764513765701,0,monitor_data.speed_ref
1764513765702,0,monitor_data.speed_ref
1764513765703,0,monitor_data.speed_ref
1764513765704,0,monitor_data.speed_ref
1764513765706,0,monitor_data.speed_ref
1764513765707,0,monitor_data.speed_ref
1764513765709,0,monitor_data.speed_ref
1764513765710,0,monitor_data.speed_ref
1764513765711,0,monitor_data.speed_ref
1764513765712,0,monitor_data.speed_ref
1764513765714,0,monitor_data.speed_ref
1764513765715,0,monitor_data.speed_ref
1764513765717,0,monitor_data.speed_ref
1764513765718,0,monitor_data.speed_ref
1764513765719,0,monitor_data.speed_ref
1764513765721,0,monitor_data.speed_ref
1764513765722,0,monitor_data.speed_ref
1764513765723,0,monitor_data.speed_ref
1764513765724,0,monitor_data.speed_ref
1764513765726,0,monitor_data.speed_ref
1764513765727,0,monitor_data.speed_ref
1764513765729,0,monitor_data.speed_ref
1764513765730,0,monitor_data.speed_ref
1764513765731,0,monitor_data.speed_ref
1764513765733,0,monitor_data.speed_ref
1764513765734,0,monitor_data.speed_ref
1764513765735,0,monitor_data.speed_ref
1764513765736,0,monitor_data.speed_ref
1764513765738,0,monitor_data.speed_ref
1764513765739,0,monitor_data.speed_ref
1764513765740,0,monitor_data.speed_ref
1764513765742,0,monitor_data.speed_ref
1764513765743,0,monitor_data.speed_ref
1764513765744,296.5625915527344,monitor_data.speed
1764513765746,304.3486633300781,monitor_data.speed
1764513765747,311.34893798828125,monitor_data.speed
1764513765748,317.7123107910156,monitor_data.speed
1764513765749,317.49072265625,monitor_data.speed
1764513765751,322.49298095703125,monitor_data.speed
1764513765752,326.93572998046875,monitor_data.speed
1764513765753,336.694091796875,monitor_data.speed
1764513765755,339.0458679199219,monitor_data.speed
1764513765756,344.8540344238281,monitor_data.speed
1764513765758,351.4827880859375,monitor_data.speed
1764513765759,354.8685302734375,monitor_data.speed
1764513765760,364.7367248535156,monitor_data.speed
1764513765761,364.5009460449219,monitor_data.speed
1764513765763,371.81768798828125,monitor_data.speed
1764513765764,373.9515075683594,monitor_data.speed
1764513765765,375.78863525390625,monitor_data.speed
1764513765767,381.1236572265625,monitor_data.speed
1764513765768,383.7938232421875,monitor_data.speed
1764513765769,393.44024658203125,monitor_data.speed
1764513765771,400.3498229980469,monitor_data.speed
1764513765772,402.5123596191406,monitor_data.speed
1764513765773,412.1512145996094,monitor_data.speed
1764513765775,416.9872741699219,monitor_data.speed
1764513765776,422.6521911621094,monitor_data.speed
1764513765777,430.1656188964844,monitor_data.speed
1764513765778,438.427001953125,monitor_data.speed
1764513765780,439.76318359375,monitor_data.speed
1764513765781,452.26751708984375,monitor_data.speed
1764513765782,453.30108642578125,monitor_data.speed
1764513765784,464.084228515625,monitor_data.speed
1764513765785,468.0764465332031,monitor_data.speed
1764513765786,476.99658203125,monitor_data.speed
1764513765788,483.8535461425781,monitor_data.speed
1764513765789,489.9866027832031,monitor_data.speed
1764513765790,495.25848388671875,monitor_data.speed
1764513765791,500.73291015625,monitor_data.speed
1764513765792,511.22723388671875,monitor_data.speed
1764513765794,514.85693359375,monitor_data.speed
1764513765744,0,monitor_data.speed_ref
1764513765746,0,monitor_data.speed_ref
1764513765747,0,monitor_data.speed_ref
1764513765748,0,monitor_data.speed_ref
1764513765749,0,monitor_data.speed_ref
1764513765751,0,monitor_data.speed_ref
1764513765752,0,monitor_data.speed_ref
1764513765753,0,monitor_data.speed_ref
1764513765755,0,monitor_data.speed_ref
1764513765756,0,monitor_data.speed_ref
1764513765758,0,monitor_data.speed_ref
1764513765759,0,monitor_data.speed_ref
1764513765760,0,monitor_data.speed_ref
1764513765761,0,monitor_data.speed_ref
1764513765763,0,monitor_data.speed_ref
1764513765764,0,monitor_data.speed_ref
1764513765765,0,monitor_data.speed_ref
1764513765767,0,monitor_data.speed_ref
1764513765768,0,monitor_data.speed_ref
1764513765769,0,monitor_data.speed_ref
1764513765771,0,monitor_data.speed_ref
1764513765772,0,monitor_data.speed_ref
1764513765773,0,monitor_data.speed_ref
1764513765775,0,monitor_data.speed_ref
1764513765776,0,monitor_data.speed_ref
1764513765777,0,monitor_data.speed_ref
1764513765778,0,monitor_data.speed_ref
1764513765780,0,monitor_data.speed_ref
1764513765781,0,monitor_data.speed_ref
1764513765782,0,monitor_data.speed_ref
1764513765784,0,monitor_data.speed_ref
1764513765785,0,monitor_data.speed_ref
1764513765786,0,monitor_data.speed_ref
1764513765788,0,monitor_data.speed_ref
1764513765789,0,monitor_data.speed_ref
1764513765790,0,monitor_data.speed_ref
1764513765791,0,monitor_data.speed_ref
1764513765792,0,monitor_data.speed_ref
1764513765794,0,monitor_data.speed_ref
1764513765795,525.0374145507812,monitor_data.speed
1764513765797,538.2478637695312,monitor_data.speed
1764513765798,538.620361328125,monitor_data.speed
1764513765799,543.7183837890625,monitor_data.speed
1764513765801,554.0841674804688,monitor_data.speed
1764513765802,557.7064208984375,monitor_data.speed
1764513765803,572.0442504882812,monitor_data.speed
1764513765804,573.8007202148438,monitor_data.speed
1764513765806,586.1122436523438,monitor_data.speed
1764513765807,585.693603515625,monitor_data.speed
1764513765808,602.01806640625,monitor_data.speed
1764513765810,605.7286376953125,monitor_data.speed
1764513765811,614.1849365234375,monitor_data.speed
1764513765812,616.1328735351562,monitor_data.speed
1764513765813,623.6918334960938,monitor_data.speed
1764513765815,630.3292846679688,monitor_data.speed
1764513765816,635.8818969726562,monitor_data.speed
1764513765817,640.2515258789062,monitor_data.speed
1764513765819,650.3322143554688,monitor_data.speed
1764513765820,659.0068359375,monitor_data.speed
1764513765821,662.19189453125,monitor_data.speed
1764513765823,669.4749755859375,monitor_data.speed
1764513765824,670.112548828125,monitor_data.speed
1764513765825,681.7196044921875,monitor_data.speed
1764513765827,686.657958984375,monitor_data.speed
1764513765828,696.181396484375,monitor_data.speed
1764513765829,700.1571655273438,monitor_data.speed
1764513765830,713.715087890625,monitor_data.speed
1764513765832,720.4199829101562,monitor_data.speed
1764513765833,730.2057495117188,monitor_data.speed
1764513765834,735.8900756835938,monitor_data.speed
1764513765836,745.9249877929688,monitor_data.speed
1764513765837,759.57080078125,monitor_data.speed
1764513765838,775.4719848632812,monitor_data.speed
1764513765840,815.2696533203125,monitor_data.speed
1764513765841,828.2884521484375,monitor_data.speed
1764513765842,839.6815185546875,monitor_data.speed
1764513765844,839.6078491210938,monitor_data.speed
1764513765845,844.077392578125,monitor_data.speed
1764513765795,0,monitor_data.speed_ref
1764513765797,0,monitor_data.speed_ref
1764513765798,0,monitor_data.speed_ref
1764513765799,0,monitor_data.speed_ref
1764513765801,0,monitor_data.speed_ref
1764513765802,0,monitor_data.speed_ref
1764513765803,0,monitor_data.speed_ref
1764513765804,0,monitor_data.speed_ref
1764513765806,0,monitor_data.speed_ref
1764513765807,0,monitor_data.speed_ref
1764513765808,0,monitor_data.speed_ref
1764513765810,0,monitor_data.speed_ref
1764513765811,0,monitor_data.speed_ref
1764513765812,0,monitor_data.speed_ref
1764513765813,0,monitor_data.speed_ref
1764513765815,0,monitor_data.speed_ref
1764513765816,0,monitor_data.speed_ref
1764513765817,0,monitor_data.speed_ref
1764513765819,0,monitor_data.speed_ref
1764513765820,0,monitor_data.speed_ref
1764513765821,0,monitor_data.speed_ref
1764513765823,0,monitor_data.speed_ref
1764513765824,0,monitor_data.speed_ref
1764513765825,0,monitor_data.speed_ref
1764513765827,0,monitor_data.speed_ref
1764513765828,0,monitor_data.speed_ref
1764513765829,0,monitor_data.speed_ref
1764513765830,0,monitor_data.speed_ref
1764513765832,0,monitor_data.speed_ref
1764513765833,0,monitor_data.speed_ref
1764513765834,0,monitor_data.speed_ref
1764513765836,0,monitor_data.speed_ref
1764513765837,0,monitor_data.speed_ref
1764513765838,0,monitor_data.speed_ref
1764513765840,0,monitor_data.speed_ref
1764513765841,0,monitor_data.speed_ref
1764513765842,0,monitor_data.speed_ref
1764513765844,0,monitor_data.speed_ref
1764513765845,0,monitor_data.speed_ref
1764513765846,848.7323608398438,monitor_data.speed
1764513765848,855.3037719726562,monitor_data.speed
1764513765849,858.1502075195312,monitor_data.speed
1764513765850,863.5618896484375,monitor_data.speed
1764513765851,865.193359375,monitor_data.speed
1764513765853,875.3849487304688,monitor_data.speed
1764513765854,873.1036376953125,monitor_data.speed
1764513765855,885.1121826171875,monitor_data.speed
1764513765857,884.6514282226562,monitor_data.speed
1764513765858,889.4442138671875,monitor_data.speed
1764513765859,890.6320190429688,monitor_data.speed
1764513765861,905.3067626953125,monitor_data.speed
1764513765862,907.765625,monitor_data.speed
1764513765863,917.8721313476562,monitor_data.speed
1764513765865,926.8444213867188,monitor_data.speed
1764513765866,940.52294921875,monitor_data.speed
1764513765867,941.3045654296875,monitor_data.speed
1764513765869,954.6234741210938,monitor_data.speed
1764513765870,964.5081176757812,monitor_data.speed
1764513765871,974.94482421875,monitor_data.speed
1764513765873,988.087890625,monitor_data.speed
1764513765874,993.8648071289062,monitor_data.speed
1764513765875,1010.3202514648438,monitor_data.speed
1764513765877,1015.0696411132812,monitor_data.speed
1764513765878,1033.1748046875,monitor_data.speed
1764513765879,1035.361083984375,monitor_data.speed
1764513765881,1048.090576171875,monitor_data.speed
1764513765882,1045.5299072265625,monitor_data.speed
1764513765883,1061.069091796875,monitor_data.speed
1764513765884,1058.1783447265625,monitor_data.speed
1764513765886,1073.329833984375,monitor_data.speed
1764513765887,1074.740478515625,monitor_data.speed
1764513765888,1086.118896484375,monitor_data.speed
1764513765890,1091.48681640625,monitor_data.speed
1764513765891,1101.7225341796875,monitor_data.speed
1764513765892,1110.5362548828125,monitor_data.speed
1764513765894,1123.9620361328125,monitor_data.speed
1764513765895,1129.88037109375,monitor_data.speed
1764513765846,0,monitor_data.speed_ref
1764513765848,0,monitor_data.speed_ref
1764513765849,0,monitor_data.speed_ref
1764513765850,0,monitor_data.speed_ref
1764513765851,0,monitor_data.speed_ref
1764513765853,0,monitor_data.speed_ref
1764513765854,0,monitor_data.speed_ref
1764513765855,0,monitor_data.speed_ref
1764513765857,0,monitor_data.speed_ref
1764513765858,0,monitor_data.speed_ref
1764513765859,0,monitor_data.speed_ref
1764513765861,0,monitor_data.speed_ref
1764513765862,0,monitor_data.speed_ref
1764513765863,0,monitor_data.speed_ref
1764513765865,0,monitor_data.speed_ref
1764513765866,0,monitor_data.speed_ref
1764513765867,0,monitor_data.speed_ref
1764513765869,0,monitor_data.speed_ref
1764513765870,0,monitor_data.speed_ref
1764513765871,0,monitor_data.speed_ref
1764513765873,0,monitor_data.speed_ref
1764513765874,0,monitor_data.speed_ref
1764513765875,0,monitor_data.speed_ref
1764513765877,0,monitor_data.speed_ref
1764513765878,0,monitor_data.speed_ref
1764513765879,0,monitor_data.speed_ref
1764513765881,0,monitor_data.speed_ref
1764513765882,0,monitor_data.speed_ref
1764513765883,0,monitor_data.speed_ref
1764513765884,0,monitor_data.speed_ref
1764513765886,0,monitor_data.speed_ref
1764513765887,0,monitor_data.speed_ref
1764513765888,0,monitor_data.speed_ref
1764513765890,0,monitor_data.speed_ref
1764513765891,0,monitor_data.speed_ref
1764513765892,0,monitor_data.speed_ref
1764513765894,0,monitor_data.speed_ref
1764513765895,0,monitor_data.speed_ref
1764513765896,1140.05908203125,monitor_data.speed
1764513765897,1166.496337890625,monitor_data.speed
1764513765899,1216.7288818359375,monitor_data.speed
1764513765900,1217.2572021484375,monitor_data.speed
1764513765901,1228.8331298828125,monitor_data.speed
1764513765903,1237.4449462890625,monitor_data.speed
1764513765904,1235.6241455078125,monitor_data.speed
1764513765905,1248.9041748046875,monitor_data.speed
1764513765907,1245.669189453125,monitor_data.speed
1764513765908,1258.1839599609375,monitor_data.speed
1764513765909,1252.48046875,monitor_data.speed
1764513765911,1265.5234375,monitor_data.speed
1764513765912,1265.1993408203125,monitor_data.speed
1764513765913,1276.0772705078125,monitor_data.speed
1764513765914,1274.34375,monitor_data.speed
1764513765916,1294.989013671875,monitor_data.speed
1764513765918,1307.684814453125,monitor_data.speed
1764513765919,1311.990478515625,monitor_data.speed
1764513765920,1327.7847900390625,monitor_data.speed
1764513765922,1336.34326171875,monitor_data.speed
1764513765923,1349.2706298828125,monitor_data.speed
1764513765924,1356.54248046875,monitor_data.speed
1764513765925,1376.1502685546875,monitor_data.speed
1764513765927,1380.8697509765625,monitor_data.speed
1764513765928,1394.1412353515625,monitor_data.speed
1764513765929,1394.73583984375,monitor_data.speed
1764513765931,1403.962890625,monitor_data.speed
1764513765932,1405.3526611328125,monitor_data.speed
1764513765933,1421.316162109375,monitor_data.speed
1764513765934,1421.123779296875,monitor_data.speed
1764513765936,1438.380126953125,monitor_data.speed
1764513765937,1438.9005126953125,monitor_data.speed
1764513765938,1461.404052734375,monitor_data.speed
1764513765940,1470.2711181640625,monitor_data.speed
1764513765941,1532.9610595703125,monitor_data.speed
1764513765942,1546.9644775390625,monitor_data.speed
1764513765944,1556.4493408203125,monitor_data.speed
1764513765945,1559.138671875,monitor_data.speed
1764513765896,0,monitor_data.speed_ref
1764513765897,0,monitor_data.speed_ref
1764513765899,0,monitor_data.speed_ref
1764513765900,0,monitor_data.speed_ref
1764513765901,0,monitor_data.speed_ref
1764513765903,0,monitor_data.speed_ref
1764513765904,0,monitor_data.speed_ref
1764513765905,0,monitor_data.speed_ref
1764513765907,0,monitor_data.speed_ref
1764513765908,0,monitor_data.speed_ref
1764513765909,0,monitor_data.speed_ref
1764513765911,0,monitor_data.speed_ref
1764513765912,0,monitor_data.speed_ref
1764513765913,0,monitor_data.speed_ref
1764513765914,0,monitor_data.speed_ref
1764513765916,0,monitor_data.speed_ref
1764513765918,0,monitor_data.speed_ref
1764513765919,0,monitor_data.speed_ref
1764513765920,0,monitor_data.speed_ref
1764513765922,0,monitor_data.speed_ref
1764513765923,0,monitor_data.speed_ref
1764513765924,0,monitor_data.speed_ref
1764513765925,0,monitor_data.speed_ref
1764513765927,0,monitor_data.speed_ref
1764513765928,0,monitor_data.speed_ref
1764513765929,0,monitor_data.speed_ref
1764513765931,0,monitor_data.speed_ref
1764513765932,0,monitor_data.speed_ref
1764513765933,0,monitor_data.speed_ref
1764513765934,0,monitor_data.speed_ref
1764513765936,0,monitor_data.speed_ref
1764513765937,0,monitor_data.speed_ref
1764513765938,0,monitor_data.speed_ref
1764513765940,0,monitor_data.speed_ref
1764513765941,0,monitor_data.speed_ref
1764513765942,0,monitor_data.speed_ref
1764513765944,0,monitor_data.speed_ref
1764513765945,0,monitor_data.speed_ref
1764513765946,1567.3663330078125,monitor_data.speed
1764513765947,1563.1907958984375,monitor_data.speed
1764513765949,1576.558349609375,monitor_data.speed
1764513765950,1565.8463134765625,monitor_data.speed
1764513765951,1565.24365234375,monitor_data.speed
1764513765953,1572.107177734375,monitor_data.speed
1764513765954,1566.90966796875,monitor_data.speed
1764513765955,1578.538818359375,monitor_data.speed
1764513765956,1577.911376953125,monitor_data.speed
1764513765958,1592.7921142578125,monitor_data.speed
1764513765959,1611.72314453125,monitor_data.speed
1764513765961,1609.245361328125,monitor_data.speed
1764513765962,1621.9757080078125,monitor_data.speed
1764513765963,1623.2364501953125,monitor_data.speed
1764513765964,1632.787841796875,monitor_data.speed
1764513765966,1630.14697265625,monitor_data.speed
1764513765967,1640.4967041015625,monitor_data.speed
1764513765968,1632.83203125,monitor_data.speed
1764513765970,1637.497314453125,monitor_data.speed
1764513765971,1631.53076171875,monitor_data.speed
1764513765972,1641.86962890625,monitor_data.speed
1764513765973,1638.53173828125,monitor_data.speed
1764513765975,1653.53564453125,monitor_data.speed
1764513765976,1655.706787109375,monitor_data.speed
1764513765977,1650.4012451171875,monitor_data.speed
1764513765979,1667.22998046875,monitor_data.speed
1764513765980,1678.685791015625,monitor_data.speed
1764513765981,1676.9461669921875,monitor_data.speed
1764513765983,1686.47607421875,monitor_data.speed
1764513765984,1683.4796142578125,monitor_data.speed
1764513765985,1686.957763671875,monitor_data.speed
1764513765986,1679.1239013671875,monitor_data.speed
1764513765988,1683.3033447265625,monitor_data.speed
1764513765989,1675.972412109375,monitor_data.speed
1764513765990,1685.561279296875,monitor_data.speed
1764513765992,1678.8544921875,monitor_data.speed
1764513765993,1689.11328125,monitor_data.speed
1764513765994,1685.8701171875,monitor_data.speed
1764513765995,1700.2718505859375,monitor_data.speed
1764513765946,0,monitor_data.speed_ref
1764513765947,0,monitor_data.speed_ref
1764513765949,0,monitor_data.speed_ref
1764513765950,0,monitor_data.speed_ref
1764513765951,0,monitor_data.speed_ref
1764513765953,0,monitor_data.speed_ref
1764513765954,0,monitor_data.speed_ref
1764513765955,0,monitor_data.speed_ref
1764513765956,0,monitor_data.speed_ref
1764513765958,0,monitor_data.speed_ref
1764513765959,0,monitor_data.speed_ref
1764513765961,0,monitor_data.speed_ref
1764513765962,0,monitor_data.speed_ref
1764513765963,0,monitor_data.speed_ref
1764513765964,0,monitor_data.speed_ref
1764513765966,0,monitor_data.speed_ref
1764513765967,0,monitor_data.speed_ref
1764513765968,0,monitor_data.speed_ref
1764513765970,0,monitor_data.speed_ref
1764513765971,0,monitor_data.speed_ref
1764513765972,0,monitor_data.speed_ref
1764513765973,0,monitor_data.speed_ref
1764513765975,0,monitor_data.speed_ref
1764513765976,0,monitor_data.speed_ref
1764513765977,0,monitor_data.speed_ref
1764513765979,0,monitor_data.speed_ref
1764513765980,0,monitor_data.speed_ref
1764513765981,0,monitor_data.speed_ref
1764513765983,0,monitor_data.speed_ref
1764513765984,0,monitor_data.speed_ref
1764513765985,0,monitor_data.speed_ref
1764513765986,0,monitor_data.speed_ref
1764513765988,0,monitor_data.speed_ref
1764513765989,0,monitor_data.speed_ref
1764513765990,0,monitor_data.speed_ref
1764513765992,0,monitor_data.speed_ref
1764513765993,0,monitor_data.speed_ref
1764513765994,0,monitor_data.speed_ref
1764513765995,0,monitor_data.speed_ref
1764513765997,1691.3004150390625,monitor_data.speed
1764513765998,1704.531494140625,monitor_data.speed
1764513765999,1700.3675537109375,monitor_data.speed
1764513766001,1706.34375,monitor_data.speed
1764513766002,1701.4945068359375,monitor_data.speed
1764513766003,1702.879150390625,monitor_data.speed
1764513766005,1692.9285888671875,monitor_data.speed
1764513766006,1695.3017578125,monitor_data.speed
1764513766007,1686.989990234375,monitor_data.speed
1764513766009,1695.175537109375,monitor_data.speed
1764513766010,1696.8223876953125,monitor_data.speed
1764513766011,1704.6661376953125,monitor_data.speed
1764513766013,1716.9603271484375,monitor_data.speed
1764513766014,1710.692626953125,monitor_data.speed
1764513766015,1721.3311767578125,monitor_data.speed
1764513766016,1719.7274169921875,monitor_data.speed
1764513766018,1729.587646484375,monitor_data.speed
1764513766019,1716.5528564453125,monitor_data.speed
1764513766020,1721.1741943359375,monitor_data.speed
1764513766022,1709.3018798828125,monitor_data.speed
1764513766023,1709.8204345703125,monitor_data.speed
1764513766024,1716.6788330078125,monitor_data.speed
1764513766026,1705.363037109375,monitor_data.speed
1764513766027,1705.4691162109375,monitor_data.speed
1764513766028,1711.33056640625,monitor_data.speed
1764513766029,1710.7530517578125,monitor_data.speed
1764513766031,1716.6209716796875,monitor_data.speed
1764513766032,1727.310791015625,monitor_data.speed
1764513766033,1725.3096923828125,monitor_data.speed
1764513766035,1723.4903564453125,monitor_data.speed
1764513766036,1727.2568359375,monitor_data.speed
1764513766037,1713.8758544921875,monitor_data.speed
1764513766039,1713.306884765625,monitor_data.speed
1764513766040,1718.88916015625,monitor_data.speed
1764513766042,1702.3436279296875,monitor_data.speed
1764513766043,1714.1231689453125,monitor_data.speed
1764513766044,1708.424072265625,monitor_data.speed
1764513766045,1720.11279296875,monitor_data.speed
1764513766047,1713.5655517578125,monitor_data.speed
1764513765997,0,monitor_data.speed_ref
1764513765998,0,monitor_data.speed_ref
1764513765999,0,monitor_data.speed_ref
1764513766001,0,monitor_data.speed_ref
1764513766002,0,monitor_data.speed_ref
1764513766003,0,monitor_data.speed_ref
1764513766005,0,monitor_data.speed_ref
1764513766006,0,monitor_data.speed_ref
1764513766007,0,monitor_data.speed_ref
1764513766009,0,monitor_data.speed_ref
1764513766010,0,monitor_data.speed_ref
1764513766011,0,monitor_data.speed_ref
1764513766013,0,monitor_data.speed_ref
1764513766014,0,monitor_data.speed_ref
1764513766015,0,monitor_data.speed_ref
1764513766016,0,monitor_data.speed_ref
1764513766018,0,monitor_data.speed_ref
1764513766019,0,monitor_data.speed_ref
1764513766020,0,monitor_data.speed_ref
1764513766022,0,monitor_data.speed_ref
1764513766023,0,monitor_data.speed_ref
1764513766024,0,monitor_data.speed_ref
1764513766026,0,monitor_data.speed_ref
1764513766027,0,monitor_data.speed_ref
1764513766028,0,monitor_data.speed_ref
1764513766029,0,monitor_data.speed_ref
1764513766031,0,monitor_data.speed_ref
1764513766032,0,monitor_data.speed_ref
1764513766033,0,monitor_data.speed_ref
1764513766035,0,monitor_data.speed_ref
1764513766036,0,monitor_data.speed_ref
1764513766037,0,monitor_data.speed_ref
1764513766039,0,monitor_data.speed_ref
1764513766040,0,monitor_data.speed_ref
1764513766042,0,monitor_data.speed_ref
1764513766043,0,monitor_data.speed_ref
1764513766044,0,monitor_data.speed_ref
1764513766045,0,monitor_data.speed_ref
1764513766047,0,monitor_data.speed_ref
1764513766048,1730.094970703125,monitor_data.speed
1764513766049,1722.4893798828125,monitor_data.speed
1764513766051,1737.7802734375,monitor_data.speed
1764513766052,1729.6356201171875,monitor_data.speed
1764513766053,1738.892333984375,monitor_data.speed
1764513766054,1729.8843994140625,monitor_data.speed
1764513766055,1721.203857421875,monitor_data.speed
1764513766057,1725.5894775390625,monitor_data.speed
1764513766058,1725.9051513671875,monitor_data.speed
1764513766060,1718.764404296875,monitor_data.speed
1764513766061,1724.7335205078125,monitor_data.speed
1764513766062,1718.010498046875,monitor_data.speed
1764513766064,1729.2664794921875,monitor_data.speed
1764513766065,1721.7645263671875,monitor_data.speed
1764513766066,1731.2596435546875,monitor_data.speed
1764513766068,1728.651123046875,monitor_data.speed
1764513766069,1737.2489013671875,monitor_data.speed
1764513766070,1734.0765380859375,monitor_data.speed
1764513766072,1736.9842529296875,monitor_data.speed
1764513766073,1722.743408203125,monitor_data.speed
1764513766074,1726.71533203125,monitor_data.speed
1764513766076,1763.47802734375,monitor_data.speed
1764513766077,1762.707275390625,monitor_data.speed
1764513766078,1767.13916015625,monitor_data.speed
1764513766080,1772.329833984375,monitor_data.speed
1764513766081,1759.9453125,monitor_data.speed
1764513766082,1765.6033935546875,monitor_data.speed
1764513766083,1759.3045654296875,monitor_data.speed
1764513766085,1753.0994873046875,monitor_data.speed
1764513766086,1758.5377197265625,monitor_data.speed
1764513766087,1768.9483642578125,monitor_data.speed
1764513766089,1756.5244140625,monitor_data.speed
1764513766090,1762.0947265625,monitor_data.speed
1764513766091,1739.4307861328125,monitor_data.speed
1764513766092,1746.9908447265625,monitor_data.speed
1764513766094,1731.740478515625,monitor_data.speed
1764513766095,1739.901611328125,monitor_data.speed
1764513766096,1731.2010498046875,monitor_data.speed
1764513766098,1740.006591796875,monitor_data.speed
1764513766048,0,monitor_data.speed_ref
1764513766049,0,monitor_data.speed_ref
1764513766051,0,monitor_data.speed_ref
1764513766052,0,monitor_data.speed_ref
1764513766053,0,monitor_data.speed_ref
1764513766054,0,monitor_data.speed_ref
1764513766055,0,monitor_data.speed_ref
1764513766057,0,monitor_data.speed_ref
1764513766058,0,monitor_data.speed_ref
1764513766060,0,monitor_data.speed_ref
1764513766061,0,monitor_data.speed_ref
1764513766062,0,monitor_data.speed_ref
1764513766064,0,monitor_data.speed_ref
1764513766065,0,monitor_data.speed_ref
1764513766066,0,monitor_data.speed_ref
1764513766068,0,monitor_data.speed_ref
1764513766069,0,monitor_data.speed_ref
1764513766070,0,monitor_data.speed_ref
1764513766072,0,monitor_data.speed_ref
1764513766073,0,monitor_data.speed_ref
1764513766074,0,monitor_data.speed_ref
1764513766076,0,monitor_data.speed_ref
1764513766077,0,monitor_data.speed_ref
1764513766078,0,monitor_data.speed_ref
1764513766080,0,monitor_data.speed_ref
1764513766081,0,monitor_data.speed_ref
1764513766082,0,monitor_data.speed_ref
1764513766083,0,monitor_data.speed_ref
1764513766085,0,monitor_data.speed_ref
1764513766086,0,monitor_data.speed_ref
1764513766087,0,monitor_data.speed_ref
1764513766089,0,monitor_data.speed_ref
1764513766090,0,monitor_data.speed_ref
1764513766091,0,monitor_data.speed_ref
1764513766092,0,monitor_data.speed_ref
1764513766094,0,monitor_data.speed_ref
1764513766095,0,monitor_data.speed_ref
1764513766096,0,monitor_data.speed_ref
1764513766098,0,monitor_data.speed_ref
1764513766099,1736.3392333984375,monitor_data.speed
1764513766100,1744.21044921875,monitor_data.speed
1764513766101,1739.9495849609375,monitor_data.speed
1764513766103,1747.365966796875,monitor_data.speed
1764513766104,1742.9036865234375,monitor_data.speed
1764513766106,1744.069091796875,monitor_data.speed
1764513766107,1734.0267333984375,monitor_data.speed
1764513766108,1730.95654296875,monitor_data.speed
1764513766109,1739.390625,monitor_data.speed
1764513766111,1790.8919677734375,monitor_data.speed
1764513766112,1791.6346435546875,monitor_data.speed
1764513766114,1787.639404296875,monitor_data.speed
1764513766115,1778.627197265625,monitor_data.speed
1764513766116,1787.9320068359375,monitor_data.speed
1764513766117,1773.6903076171875,monitor_data.speed
1764513766119,1783.1387939453125,monitor_data.speed
1764513766120,1768.8094482421875,monitor_data.speed
1764513766121,1772.0914306640625,monitor_data.speed
1764513766123,1781.580078125,monitor_data.speed
1764513766124,1762.14794921875,monitor_data.speed
1764513766125,1755.5828857421875,monitor_data.speed
1764513766127,1744.4776611328125,monitor_data.speed
1764513766128,1745.736572265625,monitor_data.speed
1764513766129,1753.4696044921875,monitor_data.speed
1764513766131,1743.455078125,monitor_data.speed
1764513766132,1751.2410888671875,monitor_data.speed
1764513766133,1746.5770263671875,monitor_data.speed
1764513766134,1747.9072265625,monitor_data.speed
1764513766136,1754.9544677734375,monitor_data.speed
1764513766137,1749.94287109375,monitor_data.speed
1764513766138,1756.3250732421875,monitor_data.speed
1764513766140,1745.34375,monitor_data.speed
1764513766141,1752.1854248046875,monitor_data.speed
1764513766142,1736.4146728515625,monitor_data.speed
1764513766144,1738.711181640625,monitor_data.speed
1764513766145,1755.884033203125,monitor_data.speed
1764513766146,1777.7857666015625,monitor_data.speed
1764513766148,1764.1641845703125,monitor_data.speed
1764513766099,0,monitor_data.speed_ref
1764513766100,0,monitor_data.speed_ref
1764513766101,0,monitor_data.speed_ref
1764513766103,0,monitor_data.speed_ref
1764513766104,0,monitor_data.speed_ref
1764513766106,0,monitor_data.speed_ref
1764513766107,0,monitor_data.speed_ref
1764513766108,0,monitor_data.speed_ref
1764513766109,0,monitor_data.speed_ref
1764513766111,0,monitor_data.speed_ref
1764513766112,0,monitor_data.speed_ref
1764513766114,0,monitor_data.speed_ref
1764513766115,0,monitor_data.speed_ref
1764513766116,0,monitor_data.speed_ref
1764513766117,0,monitor_data.speed_ref
1764513766119,0,monitor_data.speed_ref
1764513766120,0,monitor_data.speed_ref
1764513766121,0,monitor_data.speed_ref
1764513766123,0,monitor_data.speed_ref
1764513766124,0,monitor_data.speed_ref
1764513766125,0,monitor_data.speed_ref
1764513766127,0,monitor_data.speed_ref
1764513766128,0,monitor_data.speed_ref
1764513766129,0,monitor_data.speed_ref
1764513766131,0,monitor_data.speed_ref
1764513766132,0,monitor_data.speed_ref
1764513766133,0,monitor_data.speed_ref
1764513766134,0,monitor_data.speed_ref
1764513766136,0,monitor_data.speed_ref
1764513766137,0,monitor_data.speed_ref
1764513766138,0,monitor_data.speed_ref
1764513766140,0,monitor_data.speed_ref
1764513766141,0,monitor_data.speed_ref
1764513766142,0,monitor_data.speed_ref
1764513766144,0,monitor_data.speed_ref
1764513766145,0,monitor_data.speed_ref
1764513766146,0,monitor_data.speed_ref
1764513766148,0,monitor_data.speed_ref
1764513766149,1768.8031005859375,monitor_data.speed
1764513766150,1767.8299560546875,monitor_data.speed
1764513766151,1772.5379638671875,monitor_data.speed
1764513766153,1765.540283203125,monitor_data.speed
1764513766154,1770.3984375,monitor_data.speed
1764513766155,1763.4407958984375,monitor_data.speed
1764513766157,1784.192138671875,monitor_data.speed
1764513766158,1769.616943359375,monitor_data.speed
1764513766159,1768.0751953125,monitor_data.speed
1764513766161,1762.1717529296875,monitor_data.speed
1764513766162,1745.17333984375,monitor_data.speed
1764513766163,1752.5355224609375,monitor_data.speed
1764513766165,1742.1300048828125,monitor_data.speed
1764513766166,1737.8839111328125,monitor_data.speed
1764513766167,1750.8681640625,monitor_data.speed
1764513766169,1740.4482421875,monitor_data.speed
1764513766170,1752.9639892578125,monitor_data.speed
1764513766171,1759.6295166015625,monitor_data.speed
1764513766173,1753.9349365234375,monitor_data.speed
1764513766174,1760.3609619140625,monitor_data.speed
1764513766175,1749.3890380859375,monitor_data.speed
1764513766177,1750.8341064453125,monitor_data.speed
1764513766178,1752.62744140625,monitor_data.speed
1764513766179,1769.5953369140625,monitor_data.speed
1764513766181,1784.0970458984375,monitor_data.speed
1764513766182,1769.490966796875,monitor_data.speed
1764513766183,1778.67431640625,monitor_data.speed
1764513766185,1770.7557373046875,monitor_data.speed
1764513766186,1774.3592529296875,monitor_data.speed
1764513766187,1778.359619140625,monitor_data.speed
1764513766189,1770.1900634765625,monitor_data.speed
1764513766190,1779.98974609375,monitor_data.speed
1764513766191,1783.103271484375,monitor_data.speed
1764513766193,1769.289306640625,monitor_data.speed
1764513766194,1768.171875,monitor_data.speed
1764513766195,1756.340087890625,monitor_data.speed
1764513766196,1757.25537109375,monitor_data.speed
1764513766198,1741.0233154296875,monitor_data.speed
1764513766149,0,monitor_data.speed_ref
1764513766150,0,monitor_data.speed_ref
1764513766151,0,monitor_data.speed_ref
1764513766153,0,monitor_data.speed_ref
1764513766154,0,monitor_data.speed_ref
1764513766155,0,monitor_data.speed_ref
1764513766157,0,monitor_data.speed_ref
1764513766158,0,monitor_data.speed_ref
1764513766159,0,monitor_data.speed_ref
1764513766161,0,monitor_data.speed_ref
1764513766162,0,monitor_data.speed_ref
1764513766163,0,monitor_data.speed_ref
1764513766165,0,monitor_data.speed_ref
1764513766166,0,monitor_data.speed_ref
1764513766167,0,monitor_data.speed_ref
1764513766169,0,monitor_data.speed_ref
1764513766170,0,monitor_data.speed_ref
1764513766171,0,monitor_data.speed_ref
1764513766173,0,monitor_data.speed_ref
1764513766174,0,monitor_data.speed_ref
1764513766175,0,monitor_data.speed_ref
1764513766177,0,monitor_data.speed_ref
1764513766178,0,monitor_data.speed_ref
1764513766179,0,monitor_data.speed_ref
1764513766181,0,monitor_data.speed_ref
1764513766182,0,monitor_data.speed_ref
1764513766183,0,monitor_data.speed_ref
1764513766185,0,monitor_data.speed_ref
1764513766186,0,monitor_data.speed_ref
1764513766187,0,monitor_data.speed_ref
1764513766189,0,monitor_data.speed_ref
1764513766190,0,monitor_data.speed_ref
1764513766191,0,monitor_data.speed_ref
1764513766193,0,monitor_data.speed_ref
1764513766194,0,monitor_data.speed_ref
1764513766195,0,monitor_data.speed_ref
1764513766196,0,monitor_data.speed_ref
1764513766198,0,monitor_data.speed_ref
1764513766199,1754.315185546875,monitor_data.speed
1764513766200,1743.96923828125,monitor_data.speed
1764513766202,1751.4921875,monitor_data.speed
1764513766203,1740.880126953125,monitor_data.speed
1764513766205,1753.2315673828125,monitor_data.speed
1764513766206,1747.8887939453125,monitor_data.speed
1764513766207,1759.8414306640625,monitor_data.speed
1764513766208,1748.353515625,monitor_data.speed
1764513766210,1754.8487548828125,monitor_data.speed
1764513766211,1738.4404296875,monitor_data.speed
1764513766212,1740.4896240234375,monitor_data.speed
1764513766214,1781.5361328125,monitor_data.speed
1764513766215,1778.1607666015625,monitor_data.speed
1764513766216,1780.806640625,monitor_data.speed
1764513766217,1772.38720703125,monitor_data.speed
1764513766219,1781.8228759765625,monitor_data.speed
1764513766220,1767.9359130859375,monitor_data.speed
1764513766221,1777.63525390625,monitor_data.speed
1764513766223,1769.6209716796875,monitor_data.speed
1764513766224,1779.2852783203125,monitor_data.speed
1764513766225,1788.0126953125,monitor_data.speed
1764513766226,1789.3431396484375,monitor_data.speed
1764513766228,1786.0439453125,monitor_data.speed
1764513766229,1766.178955078125,monitor_data.speed
1764513766230,1771.246826171875,monitor_data.speed
1764513766232,1759.1204833984375,monitor_data.speed
1764513766233,1759.5640869140625,monitor_data.speed
1764513766234,1753.9918212890625,monitor_data.speed
1764513766236,1760.4892578125,monitor_data.speed
1764513766237,1754.80419921875,monitor_data.speed
1764513766238,1760.9820556640625,monitor_data.speed
1764513766239,1760.9259033203125,monitor_data.speed
1764513766241,1766.54150390625,monitor_data.speed
1764513766242,1754.43212890625,monitor_data.speed
1764513766244,1760.1822509765625,monitor_data.speed
1764513766245,1748.9232177734375,monitor_data.speed
1764513766246,1750.2974853515625,monitor_data.speed
1764513766247,1769.27880859375,monitor_data.speed
1764513766199,0,monitor_data.speed_ref
1764513766200,0,monitor_data.speed_ref
1764513766202,0,monitor_data.speed_ref
1764513766203,0,monitor_data.speed_ref
1764513766205,0,monitor_data.speed_ref
1764513766206,0,monitor_data.speed_ref
1764513766207,0,monitor_data.speed_ref
1764513766208,0,monitor_data.speed_ref
1764513766210,0,monitor_data.speed_ref
1764513766211,0,monitor_data.speed_ref
1764513766212,0,monitor_data.speed_ref
1764513766214,0,monitor_data.speed_ref
1764513766215,0,monitor_data.speed_ref
1764513766216,0,monitor_data.speed_ref
1764513766217,0,monitor_data.speed_ref
1764513766219,0,monitor_data.speed_ref
1764513766220,0,monitor_data.speed_ref
1764513766221,0,monitor_data.speed_ref
1764513766223,0,monitor_data.speed_ref
1764513766224,0,monitor_data.speed_ref
1764513766225,0,monitor_data.speed_ref
1764513766226,0,monitor_data.speed_ref
1764513766228,0,monitor_data.speed_ref
1764513766229,0,monitor_data.speed_ref
1764513766230,0,monitor_data.speed_ref
1764513766232,0,monitor_data.speed_ref
1764513766233,0,monitor_data.speed_ref
1764513766234,0,monitor_data.speed_ref
1764513766236,0,monitor_data.speed_ref
1764513766237,0,monitor_data.speed_ref
1764513766238,0,monitor_data.speed_ref
1764513766239,0,monitor_data.speed_ref
1764513766241,0,monitor_data.speed_ref
1764513766242,0,monitor_data.speed_ref
1764513766244,0,monitor_data.speed_ref
1764513766245,0,monitor_data.speed_ref
1764513766246,0,monitor_data.speed_ref
1764513766247,0,monitor_data.speed_ref
1764513766249,1808.5679931640625,monitor_data.speed
1764513766250,1791.52294921875,monitor_data.speed
1764513766251,1793.369140625,monitor_data.speed
1764513766253,1777.755126953125,monitor_data.speed
1764513766254,1786.71142578125,monitor_data.speed
1764513766255,1777.957275390625,monitor_data.speed
1764513766256,1775.1558837890625,monitor_data.speed
1764513766258,1778.0616455078125,monitor_data.speed
1764513766259,1786.6109619140625,monitor_data.speed
1764513766260,1771.8111572265625,monitor_data.speed
1764513766262,1775.1300048828125,monitor_data.speed
1764513766263,1756.16015625,monitor_data.speed
1764513766264,1755.7828369140625,monitor_data.speed
1764513766266,1756.3773193359375,monitor_data.speed
1764513766267,1751.3077392578125,monitor_data.speed
1764513766268,1740.7783203125,monitor_data.speed
1764513766269,1747.78564453125,monitor_data.speed
1764513766271,1742.932861328125,monitor_data.speed
1764513766272,1755.316162109375,monitor_data.speed
1764513766273,1750.1685791015625,monitor_data.speed
1764513766275,1756.0220947265625,monitor_data.speed
1764513766276,1767.850830078125,monitor_data.speed
1764513766277,1755.848876953125,monitor_data.speed
1764513766279,1750.328125,monitor_data.speed
1764513766280,1745.3426513671875,monitor_data.speed
1764513766281,1752.49951171875,monitor_data.speed
1764513766283,1781.132080078125,monitor_data.speed
1764513766284,1789.556640625,monitor_data.speed
1764513766285,1786.114501953125,monitor_data.speed
1764513766286,1777.288818359375,monitor_data.speed
1764513766288,1769.2177734375,monitor_data.speed
1764513766289,1778.811767578125,monitor_data.speed
1764513766290,1770.545166015625,monitor_data.speed
1764513766291,1779.984619140625,monitor_data.speed
1764513766293,1771.851806640625,monitor_data.speed
1764513766294,1791.630615234375,monitor_data.speed
1764513766295,1776.032470703125,monitor_data.speed
1764513766297,1773.4267578125,monitor_data.speed
1764513766298,1760.469970703125,monitor_data.speed
1764513766249,0,monitor_data.speed_ref
1764513766250,0,monitor_data.speed_ref
1764513766251,0,monitor_data.speed_ref
1764513766253,0,monitor_data.speed_ref
1764513766254,0,monitor_data.speed_ref
1764513766255,0,monitor_data.speed_ref
1764513766256,0,monitor_data.speed_ref
1764513766258,0,monitor_data.speed_ref
1764513766259,0,monitor_data.speed_ref
1764513766260,0,monitor_data.speed_ref
1764513766262,0,monitor_data.speed_ref
1764513766263,0,monitor_data.speed_ref
1764513766264,0,monitor_data.speed_ref
1764513766266,0,monitor_data.speed_ref
1764513766267,0,monitor_data.speed_ref
1764513766268,0,monitor_data.speed_ref
1764513766269,0,monitor_data.speed_ref
1764513766271,0,monitor_data.speed_ref
1764513766272,0,monitor_data.speed_ref
1764513766273,0,monitor_data.speed_ref
1764513766275,0,monitor_data.speed_ref
1764513766276,0,monitor_data.speed_ref
1764513766277,0,monitor_data.speed_ref
1764513766279,0,monitor_data.speed_ref
1764513766280,0,monitor_data.speed_ref
1764513766281,0,monitor_data.speed_ref
1764513766283,0,monitor_data.speed_ref
1764513766284,0,monitor_data.speed_ref
1764513766285,0,monitor_data.speed_ref
1764513766286,0,monitor_data.speed_ref
1764513766288,0,monitor_data.speed_ref
1764513766289,0,monitor_data.speed_ref
1764513766290,0,monitor_data.speed_ref
1764513766291,0,monitor_data.speed_ref
1764513766293,0,monitor_data.speed_ref
1764513766294,0,monitor_data.speed_ref
1764513766295,0,monitor_data.speed_ref
1764513766297,0,monitor_data.speed_ref
1764513766298,0,monitor_data.speed_ref
1764513766299,1760.172607421875,monitor_data.speed
1764513766301,1748.6336669921875,monitor_data.speed
1764513766302,1755.1787109375,monitor_data.speed
1764513766303,1750.22021484375,monitor_data.speed
1764513766304,1756.836669921875,monitor_data.speed
1764513766306,1751.243896484375,monitor_data.speed
1764513766307,1751.5909423828125,monitor_data.speed
1764513766308,1763.352783203125,monitor_data.speed
1764513766309,1757.31298828125,monitor_data.speed
1764513766311,1762.787353515625,monitor_data.speed
1764513766312,1756.68505859375,monitor_data.speed
1764513766313,1762.96728515625,monitor_data.speed
1764513766314,1746.15966796875,monitor_data.speed
1764513766316,1748.094482421875,monitor_data.speed
1764513766317,1765.4305419921875,monitor_data.speed
1764513766318,1786.554443359375,monitor_data.speed
1764513766320,1771.727294921875,monitor_data.speed
1764513766321,1781.4228515625,monitor_data.speed
1764513766322,1767.06103515625,monitor_data.speed
1764513766324,1776.8079833984375,monitor_data.speed
1764513766325,1768.8975830078125,monitor_data.speed
1764513766326,1778.5887451171875,monitor_data.speed
1764513766327,1788.4581298828125,monitor_data.speed
1764513766329,1789.831298828125,monitor_data.speed
1764513766330,1791.328125,monitor_data.speed
1764513766331,1776.8082275390625,monitor_data.speed
1764513766333,1774.990966796875,monitor_data.speed
1764513766334,1756.427734375,monitor_data.speed
1764513766335,1750.5625,monitor_data.speed
1764513766336,1756.654541015625,monitor_data.speed
1764513766338,1763.006591796875,monitor_data.speed
1764513766339,1757.2841796875,monitor_data.speed
1764513766340,1763.383056640625,monitor_data.speed
1764513766342,1757.3389892578125,monitor_data.speed
1764513766343,1769.00634765625,monitor_data.speed
1764513766344,1762.497802734375,monitor_data.speed
1764513766346,1767.8521728515625,monitor_data.speed
1764513766347,1755.90478515625,monitor_data.speed
1764513766348,1756.476318359375,monitor_data.speed
1764513766299,0,monitor_data.speed_ref
1764513766301,0,monitor_data.speed_ref
1764513766302,0,monitor_data.speed_ref
1764513766303,0,monitor_data.speed_ref
1764513766304,0,monitor_data.speed_ref
1764513766306,0,monitor_data.speed_ref
1764513766307,0,monitor_data.speed_ref
1764513766308,0,monitor_data.speed_ref
1764513766309,0,monitor_data.speed_ref
1764513766311,0,monitor_data.speed_ref
1764513766312,0,monitor_data.speed_ref
1764513766313,0,monitor_data.speed_ref
1764513766314,0,monitor_data.speed_ref
1764513766316,0,monitor_data.speed_ref
1764513766317,0,monitor_data.speed_ref
1764513766318,0,monitor_data.speed_ref
1764513766320,0,monitor_data.speed_ref
1764513766321,0,monitor_data.speed_ref
1764513766322,0,monitor_data.speed_ref
1764513766324,0,monitor_data.speed_ref
1764513766325,0,monitor_data.speed_ref
1764513766326,0,monitor_data.speed_ref
1764513766327,0,monitor_data.speed_ref
1764513766329,0,monitor_data.speed_ref
1764513766330,0,monitor_data.speed_ref
1764513766331,0,monitor_data.speed_ref
1764513766333,0,monitor_data.speed_ref
1764513766334,0,monitor_data.speed_ref
1764513766335,0,monitor_data.speed_ref
1764513766336,0,monitor_data.speed_ref
1764513766338,0,monitor_data.speed_ref
1764513766339,0,monitor_data.speed_ref
1764513766340,0,monitor_data.speed_ref
1764513766342,0,monitor_data.speed_ref
1764513766343,0,monitor_data.speed_ref
1764513766344,0,monitor_data.speed_ref
1764513766346,0,monitor_data.speed_ref
1764513766347,0,monitor_data.speed_ref
1764513766348,0,monitor_data.speed_ref
1764513766350,1745.806640625,monitor_data.speed
1764513766351,1769.425048828125,monitor_data.speed
1764513766352,1795.5029296875,monitor_data.speed
1764513766353,1785.52783203125,monitor_data.speed
1764513766355,1787.9124755859375,monitor_data.speed
1764513766356,1779.2998046875,monitor_data.speed
1764513766357,1771.0289306640625,monitor_data.speed
1764513766359,1780.12890625,monitor_data.speed
1764513766360,1783.5045166015625,monitor_data.speed
1764513766361,1775.052734375,monitor_data.speed
1764513766363,1777.91064453125,monitor_data.speed
1764513766364,1774.7662353515625,monitor_data.speed
1764513766366,1773.1064453125,monitor_data.speed
1764513766367,1760.4644775390625,monitor_data.speed
1764513766368,1760.819091796875,monitor_data.speed
1764513766370,1749.815185546875,monitor_data.speed
1764513766371,1756.7666015625,monitor_data.speed
1764513766372,1746.0615234375,monitor_data.speed
1764513766374,1752.907470703125,monitor_data.speed
1764513766375,1747.6453857421875,monitor_data.speed
1764513766376,1759.76025390625,monitor_data.speed
1764513766378,1754.067138671875,monitor_data.speed
1764513766379,1759.8590087890625,monitor_data.speed
1764513766380,1753.970703125,monitor_data.speed
1764513766382,1753.8946533203125,monitor_data.speed
1764513766383,1742.9962158203125,monitor_data.speed
1764513766384,1744.656982421875,monitor_data.speed
1764513766385,1768.60400390625,monitor_data.speed
1764513766387,1782.92138671875,monitor_data.speed
1764513766388,1791.3973388671875,monitor_data.speed
1764513766389,1782.3343505859375,monitor_data.speed
1764513766390,1773.69189453125,monitor_data.speed
1764513766392,1776.7161865234375,monitor_data.speed
1764513766393,1774.398681640625,monitor_data.speed
1764513766394,1777.409423828125,monitor_data.speed
1764513766396,1769.3193359375,monitor_data.speed
1764513766397,1794.935302734375,monitor_data.speed
1764513766398,1789.5107421875,monitor_data.speed
1764513766350,0,monitor_data.speed_ref
1764513766351,0,monitor_data.speed_ref
1764513766352,0,monitor_data.speed_ref
1764513766353,0,monitor_data.speed_ref
1764513766355,0,monitor_data.speed_ref
1764513766356,0,monitor_data.speed_ref
1764513766357,0,monitor_data.speed_ref
1764513766359,0,monitor_data.speed_ref
1764513766360,0,monitor_data.speed_ref
1764513766361,0,monitor_data.speed_ref
1764513766363,0,monitor_data.speed_ref
1764513766364,0,monitor_data.speed_ref
1764513766366,0,monitor_data.speed_ref
1764513766367,0,monitor_data.speed_ref
1764513766368,0,monitor_data.speed_ref
1764513766370,0,monitor_data.speed_ref
1764513766371,0,monitor_data.speed_ref
1764513766372,0,monitor_data.speed_ref
1764513766374,0,monitor_data.speed_ref
1764513766375,0,monitor_data.speed_ref
1764513766376,0,monitor_data.speed_ref
1764513766378,0,monitor_data.speed_ref
1764513766379,0,monitor_data.speed_ref
1764513766380,0,monitor_data.speed_ref
1764513766382,0,monitor_data.speed_ref
1764513766383,0,monitor_data.speed_ref
1764513766384,0,monitor_data.speed_ref
1764513766385,0,monitor_data.speed_ref
1764513766387,0,monitor_data.speed_ref
1764513766388,0,monitor_data.speed_ref
1764513766389,0,monitor_data.speed_ref
1764513766390,0,monitor_data.speed_ref
1764513766392,0,monitor_data.speed_ref
1764513766393,0,monitor_data.speed_ref
1764513766394,0,monitor_data.speed_ref
1764513766396,0,monitor_data.speed_ref
1764513766397,0,monitor_data.speed_ref
1764513766398,0,monitor_data.speed_ref
1764513766399,1780.165283203125,monitor_data.speed
1764513766401,1777.331298828125,monitor_data.speed
1764513766402,1758.249755859375,monitor_data.speed
1764513766404,1757.5345458984375,monitor_data.speed
1764513766405,1763.659423828125,monitor_data.speed
1764513766406,1751.9442138671875,monitor_data.speed
1764513766407,1763.9984130859375,monitor_data.speed
1764513766409,1757.99072265625,monitor_data.speed
1764513766410,1752.0579833984375,monitor_data.speed
1764513766411,1757.571533203125,monitor_data.speed
1764513766413,1757.1539306640625,monitor_data.speed
1764513766414,1762.2784423828125,monitor_data.speed
1764513766415,1761.8565673828125,monitor_data.speed
1764513766417,1750.2017822265625,monitor_data.speed
1764513766418,1751.3048095703125,monitor_data.speed
1764513766419,1769.945556640625,monitor_data.speed
1764513766421,1790.8612060546875,monitor_data.speed
1764513766422,1792.67138671875,monitor_data.speed
1764513766423,1783.2073974609375,monitor_data.speed
1764513766424,1786.4610595703125,monitor_data.speed
1764513766426,1777.44970703125,monitor_data.speed
1764513766427,1786.64697265625,monitor_data.speed
1764513766428,1771.909912109375,monitor_data.speed
1764513766430,1780.77099609375,monitor_data.speed
1764513766431,1783.8895263671875,monitor_data.speed
1764513766432,1775.1787109375,monitor_data.speed
1764513766434,1778.958251953125,monitor_data.speed
1764513766435,1759.8486328125,monitor_data.speed
1764513766436,1765.6370849609375,monitor_data.speed
1764513766437,1748.267578125,monitor_data.speed
1764513766439,1755.073486328125,monitor_data.speed
1764513766440,1750.0509033203125,monitor_data.speed
1764513766441,1757.0389404296875,monitor_data.speed
1764513766443,1751.882080078125,monitor_data.speed
1764513766444,1758.35009765625,monitor_data.speed
1764513766445,1752.5360107421875,monitor_data.speed
1764513766447,1764.2288818359375,monitor_data.speed
1764513766448,1758.0257568359375,monitor_data.speed
1764513766399,0,monitor_data.speed_ref
1764513766401,0,monitor_data.speed_ref
1764513766402,0,monitor_data.speed_ref
1764513766404,0,monitor_data.speed_ref
1764513766405,0,monitor_data.speed_ref
1764513766406,0,monitor_data.speed_ref
1764513766407,0,monitor_data.speed_ref
1764513766409,0,monitor_data.speed_ref
1764513766410,0,monitor_data.speed_ref
1764513766411,0,monitor_data.speed_ref
1764513766413,0,monitor_data.speed_ref
1764513766414,0,monitor_data.speed_ref
1764513766415,0,monitor_data.speed_ref
1764513766417,0,monitor_data.speed_ref
1764513766418,0,monitor_data.speed_ref
1764513766419,0,monitor_data.speed_ref
1764513766421,0,monitor_data.speed_ref
1764513766422,0,monitor_data.speed_ref
1764513766423,0,monitor_data.speed_ref
1764513766424,0,monitor_data.speed_ref
1764513766426,0,monitor_data.speed_ref
1764513766427,0,monitor_data.speed_ref
1764513766428,0,monitor_data.speed_ref
1764513766430,0,monitor_data.speed_ref
1764513766431,0,monitor_data.speed_ref
1764513766432,0,monitor_data.speed_ref
1764513766434,0,monitor_data.speed_ref
1764513766435,0,monitor_data.speed_ref
1764513766436,0,monitor_data.speed_ref
1764513766437,0,monitor_data.speed_ref
1764513766439,0,monitor_data.speed_ref
1764513766440,0,monitor_data.speed_ref
1764513766441,0,monitor_data.speed_ref
1764513766443,0,monitor_data.speed_ref
1764513766444,0,monitor_data.speed_ref
1764513766445,0,monitor_data.speed_ref
1764513766447,0,monitor_data.speed_ref
1764513766448,0,monitor_data.speed_ref
1764513766449,1763.6983642578125,monitor_data.speed
1764513766451,1746.3453369140625,monitor_data.speed
1764513766452,1747.371826171875,monitor_data.speed
1764513766453,1754.8087158203125,monitor_data.speed
1764513766454,1777.6026611328125,monitor_data.speed
1764513766456,1797.8408203125,monitor_data.speed
1764513766457,1782.2193603515625,monitor_data.speed
1764513766458,1790.897705078125,monitor_data.speed
1764513766460,1776.1234130859375,monitor_data.speed
1764513766461,1785.265625,monitor_data.speed
1764513766462,1776.788818359375,monitor_data.speed
1764513766463,1785.9617919921875,monitor_data.speed
1764513766465,1788.91943359375,monitor_data.speed
1764513766466,1796.5364990234375,monitor_data.speed
1764513766467,1791.5699462890625,monitor_data.speed
1764513766469,1776.388427734375,monitor_data.speed
1764513766470,1774.34912109375,monitor_data.speed
1764513766471,1761.5908203125,monitor_data.speed
1764513766473,1767.3287353515625,monitor_data.speed
1764513766474,1755.580078125,monitor_data.speed
1764513766475,1761.8255615234375,monitor_data.speed
1764513766477,1755.989501953125,monitor_data.speed
1764513766478,1761.861572265625,monitor_data.speed
1764513766479,1755.650146484375,monitor_data.speed
1764513766481,1767.02587890625,monitor_data.speed
1764513766482,1760.4522705078125,monitor_data.speed
1764513766483,1754.183837890625,monitor_data.speed
1764513766484,1753.8243408203125,monitor_data.speed
1764513766486,1754.3533935546875,monitor_data.speed
1764513766487,1743.8382568359375,monitor_data.speed
1764513766489,1761.7452392578125,monitor_data.speed
1764513766490,1777.5758056640625,monitor_data.speed
1764513766491,1769.738525390625,monitor_data.speed
1764513766492,1773.8038330078125,monitor_data.speed
1764513766494,1760.5367431640625,monitor_data.speed
1764513766495,1770.6466064453125,monitor_data.speed
1764513766496,1763.322265625,monitor_data.speed
1764513766498,1773.3170166015625,monitor_data.speed
1764513766499,1765.9725341796875,monitor_data.speed
1764513766449,0,monitor_data.speed_ref
1764513766451,0,monitor_data.speed_ref
1764513766452,0,monitor_data.speed_ref
1764513766453,0,monitor_data.speed_ref
1764513766454,0,monitor_data.speed_ref
1764513766456,0,monitor_data.speed_ref
1764513766457,0,monitor_data.speed_ref
1764513766458,0,monitor_data.speed_ref
1764513766460,0,monitor_data.speed_ref
1764513766461,0,monitor_data.speed_ref
1764513766462,0,monitor_data.speed_ref
1764513766463,0,monitor_data.speed_ref
1764513766465,0,monitor_data.speed_ref
1764513766466,0,monitor_data.speed_ref
1764513766467,0,monitor_data.speed_ref
1764513766469,0,monitor_data.speed_ref
1764513766470,0,monitor_data.speed_ref
1764513766471,0,monitor_data.speed_ref
1764513766473,0,monitor_data.speed_ref
1764513766474,0,monitor_data.speed_ref
1764513766475,0,monitor_data.speed_ref
1764513766477,0,monitor_data.speed_ref
1764513766478,0,monitor_data.speed_ref
1764513766479,0,monitor_data.speed_ref
1764513766481,0,monitor_data.speed_ref
1764513766482,0,monitor_data.speed_ref
1764513766483,0,monitor_data.speed_ref
1764513766484,0,monitor_data.speed_ref
1764513766486,0,monitor_data.speed_ref
1764513766487,0,monitor_data.speed_ref
1764513766489,0,monitor_data.speed_ref
1764513766490,0,monitor_data.speed_ref
1764513766491,0,monitor_data.speed_ref
1764513766492,0,monitor_data.speed_ref
1764513766494,0,monitor_data.speed_ref
1764513766495,0,monitor_data.speed_ref
1764513766496,0,monitor_data.speed_ref
1764513766498,0,monitor_data.speed_ref
1764513766499,0,monitor_data.speed_ref
1764513766500,1785.7479248046875,monitor_data.speed
1764513766502,1770.944091796875,monitor_data.speed
1764513766503,1774.4302978515625,monitor_data.speed
1764513766504,1755.80322265625,monitor_data.speed
1764513766505,1761.467529296875,monitor_data.speed
1764513766507,1750.0587158203125,monitor_data.speed
1764513766508,1756.768798828125,monitor_data.speed
1764513766509,1746.015625,monitor_data.speed
1764513766511,1758.35107421875,monitor_data.speed
1764513766512,1752.9256591796875,monitor_data.speed
1764513766513,1765.0172119140625,monitor_data.speed
1764513766514,1758.9912109375,monitor_data.speed
1764513766516,1770.630615234375,monitor_data.speed
1764513766517,1758.2840576171875,monitor_data.speed
1764513766518,1758.212890625,monitor_data.speed
1764513766520,1746.8973388671875,monitor_data.speed
1764513766521,1748.079345703125,monitor_data.speed
1764513766522,1771.727783203125,monitor_data.speed
1764513766524,1786.8662109375,monitor_data.speed
1764513766525,1782.2552490234375,monitor_data.speed
1764513766526,1773.55908203125,monitor_data.speed
1764513766528,1776.0118408203125,monitor_data.speed
1764513766529,1785.3931884765625,monitor_data.speed
1764513766531,1776.57470703125,monitor_data.speed
1764513766532,1786.2210693359375,monitor_data.speed
1764513766533,1777.5975341796875,monitor_data.speed
1764513766534,1780.30322265625,monitor_data.speed
1764513766536,1783.465087890625,monitor_data.speed
1764513766537,1763.7508544921875,monitor_data.speed
1764513766539,1762.9830322265625,monitor_data.speed
1764513766540,1751.2943115234375,monitor_data.speed
1764513766541,1751.925537109375,monitor_data.speed
1764513766543,1741.37109375,monitor_data.speed
1764513766544,1754.1280517578125,monitor_data.speed
1764513766545,1749.2178955078125,monitor_data.speed
1764513766546,1761.6365966796875,monitor_data.speed
1764513766548,1750.2066650390625,monitor_data.speed
1764513766549,1761.9593505859375,monitor_data.speed
1764513766500,0,monitor_data.speed_ref
1764513766502,0,monitor_data.speed_ref
1764513766503,0,monitor_data.speed_ref
1764513766504,0,monitor_data.speed_ref
1764513766505,0,monitor_data.speed_ref
1764513766507,0,monitor_data.speed_ref
1764513766508,0,monitor_data.speed_ref
1764513766509,0,monitor_data.speed_ref
1764513766511,0,monitor_data.speed_ref
1764513766512,0,monitor_data.speed_ref
1764513766513,0,monitor_data.speed_ref
1764513766514,0,monitor_data.speed_ref
1764513766516,0,monitor_data.speed_ref
1764513766517,0,monitor_data.speed_ref
1764513766518,0,monitor_data.speed_ref
1764513766520,0,monitor_data.speed_ref
1764513766521,0,monitor_data.speed_ref
1764513766522,0,monitor_data.speed_ref
1764513766524,0,monitor_data.speed_ref
1764513766525,0,monitor_data.speed_ref
1764513766526,0,monitor_data.speed_ref
1764513766528,0,monitor_data.speed_ref
1764513766529,0,monitor_data.speed_ref
1764513766531,0,monitor_data.speed_ref
1764513766532,0,monitor_data.speed_ref
1764513766533,0,monitor_data.speed_ref
1764513766534,0,monitor_data.speed_ref
1764513766536,0,monitor_data.speed_ref
1764513766537,0,monitor_data.speed_ref
1764513766539,0,monitor_data.speed_ref
1764513766540,0,monitor_data.speed_ref
1764513766541,0,monitor_data.speed_ref
1764513766543,0,monitor_data.speed_ref
1764513766544,0,monitor_data.speed_ref
1764513766545,0,monitor_data.speed_ref
1764513766546,0,monitor_data.speed_ref
1764513766548,0,monitor_data.speed_ref
1764513766549,0,monitor_data.speed_ref
1764513766550,1755.868896484375,monitor_data.speed
1764513766552,1761.3802490234375,monitor_data.speed
1764513766553,1749.5654296875,monitor_data.speed
1764513766554,1750.0330810546875,monitor_data.speed
1764513766555,1739.703857421875,monitor_data.speed
1764513766557,1775.9871826171875,monitor_data.speed
1764513766558,1791.1524658203125,monitor_data.speed
1764513766560,1776.238525390625,monitor_data.speed
1764513766561,1779.459716796875,monitor_data.speed
1764513766563,1765.39501953125,monitor_data.speed
1764513766564,1774.6883544921875,monitor_data.speed
1764513766565,1778.121337890625,monitor_data.speed
1764513766567,1769.994140625,monitor_data.speed
1764513766568,1779.6552734375,monitor_data.speed
1764513766569,1781.75048828125,monitor_data.speed
1764513766571,1778.37548828125,monitor_data.speed
1764513766572,1764.4205322265625,monitor_data.speed
1764513766573,1763.2333984375,monitor_data.speed
1764513766575,1763.1982421875,monitor_data.speed
1764513766576,1751.5927734375,monitor_data.speed
1764513766577,1746.33203125,monitor_data.speed
1764513766579,1752.7132568359375,monitor_data.speed
1764513766580,1764.99853515625,monitor_data.speed
1764513766581,1759.089599609375,monitor_data.speed
1764513766583,1753.1392822265625,monitor_data.speed
1764513766584,1764.546142578125,monitor_data.speed
1764513766585,1769.735107421875,monitor_data.speed
1764513766587,1757.5006103515625,monitor_data.speed
1764513766588,1763.4058837890625,monitor_data.speed
1764513766589,1752.12109375,monitor_data.speed
1764513766590,1735.974609375,monitor_data.speed
1764513766592,1759.999755859375,monitor_data.speed
1764513766593,1781.044921875,monitor_data.speed
1764513766594,1783.7227783203125,monitor_data.speed
1764513766595,1775.4156494140625,monitor_data.speed
1764513766597,1778.8485107421875,monitor_data.speed
1764513766598,1770.8184814453125,monitor_data.speed
1764513766599,1780.6751708984375,monitor_data.speed
1764513766550,0,monitor_data.speed_ref
1764513766552,0,monitor_data.speed_ref
1764513766553,0,monitor_data.speed_ref
1764513766554,0,monitor_data.speed_ref
1764513766555,0,monitor_data.speed_ref
1764513766557,0,monitor_data.speed_ref
1764513766558,0,monitor_data.speed_ref
1764513766560,0,monitor_data.speed_ref
1764513766561,0,monitor_data.speed_ref
1764513766563,0,monitor_data.speed_ref
1764513766564,0,monitor_data.speed_ref
1764513766565,0,monitor_data.speed_ref
1764513766567,0,monitor_data.speed_ref
1764513766568,0,monitor_data.speed_ref
1764513766569,0,monitor_data.speed_ref
1764513766571,0,monitor_data.speed_ref
1764513766572,0,monitor_data.speed_ref
1764513766573,0,monitor_data.speed_ref
1764513766575,0,monitor_data.speed_ref
1764513766576,0,monitor_data.speed_ref
1764513766577,0,monitor_data.speed_ref
1764513766579,0,monitor_data.speed_ref
1764513766580,0,monitor_data.speed_ref
1764513766581,0,monitor_data.speed_ref
1764513766583,0,monitor_data.speed_ref
1764513766584,0,monitor_data.speed_ref
1764513766585,0,monitor_data.speed_ref
1764513766587,0,monitor_data.speed_ref
1764513766588,0,monitor_data.speed_ref
1764513766589,0,monitor_data.speed_ref
1764513766590,0,monitor_data.speed_ref
1764513766592,0,monitor_data.speed_ref
1764513766593,0,monitor_data.speed_ref
1764513766594,0,monitor_data.speed_ref
1764513766595,0,monitor_data.speed_ref
1764513766597,0,monitor_data.speed_ref
1764513766598,0,monitor_data.speed_ref
1764513766599,0,monitor_data.speed_ref
1764513766601,1772.4022216796875,monitor_data.speed
1764513766602,1782.0604248046875,monitor_data.speed
1764513766603,1800.56982421875,monitor_data.speed
1764513766604,1784.60693359375,monitor_data.speed
1764513766606,1775.8328857421875,monitor_data.speed
1764513766607,1779.7020263671875,monitor_data.speed
1764513766608,1766.338623046875,monitor_data.speed
1764513766609,1754.04296875,monitor_data.speed
1764513766610,1759.7037353515625,monitor_data.speed
1764513766611,1753.9637451171875,monitor_data.speed
1764513766613,1760.320556640625,monitor_data.speed
1764513766614,1754.7418212890625,monitor_data.speed
1764513766615,1766.44677734375,monitor_data.speed
1764513766617,1760.328369140625,monitor_data.speed
1764513766618,1754.2376708984375,monitor_data.speed
1764513766619,1765.23486328125,monitor_data.speed
1764513766620,1752.93994140625,monitor_data.speed
1764513766622,1764.329345703125,monitor_data.speed
1764513766623,1747.0660400390625,monitor_data.speed
1764513766624,1748.0621337890625,monitor_data.speed
1764513766626,1788.9285888671875,monitor_data.speed
1764513766627,1802.22509765625,monitor_data.speed
1764513766628,1785.5699462890625,monitor_data.speed
1764513766629,1787.1934814453125,monitor_data.speed
1764513766631,1777.73583984375,monitor_data.speed
1764513766632,1780.0948486328125,monitor_data.speed
1764513766633,1777.03173828125,monitor_data.speed
1764513766635,1779.8162841796875,monitor_data.speed
1764513766636,1771.09375,monitor_data.speed
1764513766637,1796.63232421875,monitor_data.speed
1764513766639,1780.9512939453125,monitor_data.speed
1764513766640,1783.4833984375,monitor_data.speed
1764513766641,1763.7080078125,monitor_data.speed
1764513766643,1762.6683349609375,monitor_data.speed
1764513766644,1762.745361328125,monitor_data.speed
1764513766645,1757.007568359375,monitor_data.speed
1764513766647,1757.78271484375,monitor_data.speed
1764513766648,1752.260986328125,monitor_data.speed
1764513766649,1764.6103515625,monitor_data.speed
1764513766601,0,monitor_data.speed_ref
1764513766602,0,monitor_data.speed_ref
1764513766603,0,monitor_data.speed_ref
1764513766604,0,monitor_data.speed_ref
1764513766606,0,monitor_data.speed_ref
1764513766607,0,monitor_data.speed_ref
1764513766608,0,monitor_data.speed_ref
1764513766609,0,monitor_data.speed_ref
1764513766610,0,monitor_data.speed_ref
1764513766611,0,monitor_data.speed_ref
1764513766613,0,monitor_data.speed_ref
1764513766614,0,monitor_data.speed_ref
1764513766615,0,monitor_data.speed_ref
1764513766617,0,monitor_data.speed_ref
1764513766618,0,monitor_data.speed_ref
1764513766619,0,monitor_data.speed_ref
1764513766620,0,monitor_data.speed_ref
1764513766622,0,monitor_data.speed_ref
1764513766623,0,monitor_data.speed_ref
1764513766624,0,monitor_data.speed_ref
1764513766626,0,monitor_data.speed_ref
1764513766627,0,monitor_data.speed_ref
1764513766628,0,monitor_data.speed_ref
1764513766629,0,monitor_data.speed_ref
1764513766631,0,monitor_data.speed_ref
1764513766632,0,monitor_data.speed_ref
1764513766633,0,monitor_data.speed_ref
1764513766635,0,monitor_data.speed_ref
1764513766636,0,monitor_data.speed_ref
1764513766637,0,monitor_data.speed_ref
1764513766639,0,monitor_data.speed_ref
1764513766640,0,monitor_data.speed_ref
1764513766641,0,monitor_data.speed_ref
1764513766643,0,monitor_data.speed_ref
1764513766644,0,monitor_data.speed_ref
1764513766645,0,monitor_data.speed_ref
1764513766647,0,monitor_data.speed_ref
1764513766648,0,monitor_data.speed_ref
1764513766649,0,monitor_data.speed_ref
1764513766650,1758.6912841796875,monitor_data.speed
1764513766652,1764.5562744140625,monitor_data.speed
1764513766653,1758.03173828125,monitor_data.speed
1764513766654,1763.5328369140625,monitor_data.speed
1764513766656,1757.2479248046875,monitor_data.speed
1764513766657,1757.7161865234375,monitor_data.speed
1764513766658,1747.0736083984375,monitor_data.speed
1764513766660,1765.906494140625,monitor_data.speed
1764513766661,1798.3287353515625,monitor_data.speed
1764513766662,1782.4759521484375,monitor_data.speed
1764513766664,1784.87158203125,monitor_data.speed
1764513766665,1775.898193359375,monitor_data.speed
1764513766666,1778.9237060546875,monitor_data.speed
1764513766668,1770.4171142578125,monitor_data.speed
1764513766669,1779.3682861328125,monitor_data.speed
1764513766670,1771.1702880859375,monitor_data.speed
1764513766672,1796.4127197265625,monitor_data.speed
1764513766673,1790.968505859375,monitor_data.speed
1764513766674,1787.303955078125,monitor_data.speed
1764513766676,1766.8612060546875,monitor_data.speed
1764513766677,1771.622802734375,monitor_data.speed
1764513766678,1759.32666015625,monitor_data.speed
1764513766680,1765.3409423828125,monitor_data.speed
1764513766681,1753.58544921875,monitor_data.speed
1764513766682,1765.6051025390625,monitor_data.speed
1764513766684,1753.84130859375,monitor_data.speed
1764513766685,1759.4471435546875,monitor_data.speed
1764513766687,1770.952880859375,monitor_data.speed
1764513766688,1764.262451171875,monitor_data.speed
1764513766689,1769.6654052734375,monitor_data.speed
1764513766690,1757.445068359375,monitor_data.speed
1764513766692,1746.2259521484375,monitor_data.speed
1764513766693,1747.32177734375,monitor_data.speed
1764513766694,1771.511474609375,monitor_data.speed
1764513766695,1786.62158203125,monitor_data.speed
1764513766697,1771.45654296875,monitor_data.speed
1764513766698,1780.7952880859375,monitor_data.speed
1764513766699,1772.8782958984375,monitor_data.speed
1764513766650,0,monitor_data.speed_ref
1764513766652,0,monitor_data.speed_ref
1764513766653,0,monitor_data.speed_ref
1764513766654,0,monitor_data.speed_ref
1764513766656,0,monitor_data.speed_ref
1764513766657,0,monitor_data.speed_ref
1764513766658,0,monitor_data.speed_ref
1764513766660,0,monitor_data.speed_ref
1764513766661,0,monitor_data.speed_ref
1764513766662,0,monitor_data.speed_ref
1764513766664,0,monitor_data.speed_ref
1764513766665,0,monitor_data.speed_ref
1764513766666,0,monitor_data.speed_ref
1764513766668,0,monitor_data.speed_ref
1764513766669,0,monitor_data.speed_ref
1764513766670,0,monitor_data.speed_ref
1764513766672,0,monitor_data.speed_ref
1764513766673,0,monitor_data.speed_ref
1764513766674,0,monitor_data.speed_ref
1764513766676,0,monitor_data.speed_ref
1764513766677,0,monitor_data.speed_ref
1764513766678,0,monitor_data.speed_ref
1764513766680,0,monitor_data.speed_ref
1764513766681,0,monitor_data.speed_ref
1764513766682,0,monitor_data.speed_ref
1764513766684,0,monitor_data.speed_ref
1764513766685,0,monitor_data.speed_ref
1764513766687,0,monitor_data.speed_ref
1764513766688,0,monitor_data.speed_ref
1764513766689,0,monitor_data.speed_ref
1764513766690,0,monitor_data.speed_ref
1764513766692,0,monitor_data.speed_ref
1764513766693,0,monitor_data.speed_ref
1764513766694,0,monitor_data.speed_ref
1764513766695,0,monitor_data.speed_ref
1764513766697,0,monitor_data.speed_ref
1764513766698,0,monitor_data.speed_ref
1764513766699,0,monitor_data.speed_ref
1764513766700,1765.163330078125,monitor_data.speed
1764513766702,1774.82373046875,monitor_data.speed
1764513766703,1766.8192138671875,monitor_data.speed
1764513766704,1776.5689697265625,monitor_data.speed
1764513766705,1774.9434814453125,monitor_data.speed
1764513766706,1783.5572509765625,monitor_data.speed
1764513766707,1774.666015625,monitor_data.speed
1764513766709,1777.6861572265625,monitor_data.speed
1764513766710,1758.396484375,monitor_data.speed
1764513766711,1763.70068359375,monitor_data.speed
1764513766712,1751.9832763671875,monitor_data.speed
1764513766714,1752.58642578125,monitor_data.speed
1764513766715,1747.4219970703125,monitor_data.speed
1764513766716,1759.7325439453125,monitor_data.speed
1764513766718,1754.2833251953125,monitor_data.speed
1764513766719,1760.4044189453125,monitor_data.speed
1764513766720,1754.589111328125,monitor_data.speed
1764513766722,1765.927490234375,monitor_data.speed
1764513766723,1753.64697265625,monitor_data.speed
1764513766724,1759.1363525390625,monitor_data.speed
1764513766726,1747.8155517578125,monitor_data.speed
1764513766727,1748.714599609375,monitor_data.speed
1764513766728,1767.3106689453125,monitor_data.speed
1764513766730,1799.685546875,monitor_data.speed
1764513766731,1783.52197265625,monitor_data.speed
1764513766732,1786.11572265625,monitor_data.speed
1764513766734,1777.4832763671875,monitor_data.speed
1764513766735,1786.7423095703125,monitor_data.speed
1764513766736,1778.0546875,monitor_data.speed
1764513766737,1770.07177734375,monitor_data.speed
1764513766738,1779.446044921875,monitor_data.speed
1764513766740,1794.6378173828125,monitor_data.speed
1764513766741,1796.53955078125,monitor_data.speed
1764513766742,1781.027099609375,monitor_data.speed
1764513766743,1766.9530029296875,monitor_data.speed
1764513766745,1765.5107421875,monitor_data.speed
1764513766746,1753.4091796875,monitor_data.speed
1764513766747,1753.54296875,monitor_data.speed
1764513766749,1748.3232421875,monitor_data.speed
1764513766700,0,monitor_data.speed_ref
1764513766702,0,monitor_data.speed_ref
1764513766703,0,monitor_data.speed_ref
1764513766704,0,monitor_data.speed_ref
1764513766705,0,monitor_data.speed_ref
1764513766706,0,monitor_data.speed_ref
1764513766707,0,monitor_data.speed_ref
1764513766709,0,monitor_data.speed_ref
1764513766710,0,monitor_data.speed_ref
1764513766711,0,monitor_data.speed_ref
1764513766712,0,monitor_data.speed_ref
1764513766714,0,monitor_data.speed_ref
1764513766715,0,monitor_data.speed_ref
1764513766716,0,monitor_data.speed_ref
1764513766718,0,monitor_data.speed_ref
1764513766719,0,monitor_data.speed_ref
1764513766720,0,monitor_data.speed_ref
1764513766722,0,monitor_data.speed_ref
1764513766723,0,monitor_data.speed_ref
1764513766724,0,monitor_data.speed_ref
1764513766726,0,monitor_data.speed_ref
1764513766727,0,monitor_data.speed_ref
1764513766728,0,monitor_data.speed_ref
1764513766730,0,monitor_data.speed_ref
1764513766731,0,monitor_data.speed_ref
1764513766732,0,monitor_data.speed_ref
1764513766734,0,monitor_data.speed_ref
1764513766735,0,monitor_data.speed_ref
1764513766736,0,monitor_data.speed_ref
1764513766737,0,monitor_data.speed_ref
1764513766738,0,monitor_data.speed_ref
1764513766740,0,monitor_data.speed_ref
1764513766741,0,monitor_data.speed_ref
1764513766742,0,monitor_data.speed_ref
1764513766743,0,monitor_data.speed_ref
1764513766745,0,monitor_data.speed_ref
1764513766746,0,monitor_data.speed_ref
1764513766747,0,monitor_data.speed_ref
1764513766749,0,monitor_data.speed_ref
1764513766750,1754.7401123046875,monitor_data.speed
1764513766751,1749.399169921875,monitor_data.speed
1764513766753,1755.444580078125,monitor_data.speed
1764513766754,1767.3460693359375,monitor_data.speed
1764513766755,1761.149169921875,monitor_data.speed
1764513766757,1766.7178955078125,monitor_data.speed
1764513766758,1754.4393310546875,monitor_data.speed
1764513766759,1760.33154296875,monitor_data.speed
1764513766761,1749.0863037109375,monitor_data.speed
1764513766762,1744.828125,monitor_data.speed
1764513766764,1768.0386962890625,monitor_data.speed
1764513766765,1782.4188232421875,monitor_data.speed
1764513766766,1785.603515625,monitor_data.speed
1764513766767,1777.2811279296875,monitor_data.speed
1764513766769,1781.142822265625,monitor_data.speed
1764513766770,1772.9814453125,monitor_data.speed
1764513766771,1782.7301025390625,monitor_data.speed
1764513766773,1774.540283203125,monitor_data.speed
1764513766774,1783.9730224609375,monitor_data.speed
1764513766775,1781.0318603515625,monitor_data.speed
1764513766777,1772.981689453125,monitor_data.speed
1764513766778,1771.578857421875,monitor_data.speed
1764513766779,1759.292236328125,monitor_data.speed
1764513766781,1759.9283447265625,monitor_data.speed
1764513766782,1749.0299072265625,monitor_data.speed
1764513766783,1756.19091796875,monitor_data.speed
1764513766784,1751.251708984375,monitor_data.speed
1764513766786,1740.6702880859375,monitor_data.speed
1764513766787,1753.047607421875,monitor_data.speed
1764513766788,1747.560302734375,monitor_data.speed
1764513766789,1759.481689453125,monitor_data.speed
1764513766791,1759.288330078125,monitor_data.speed
1764513766792,1765.0802001953125,monitor_data.speed
1764513766793,1753.2939453125,monitor_data.speed
1764513766795,1753.96630859375,monitor_data.speed
1764513766796,1743.354736328125,monitor_data.speed
1764513766797,1779.385498046875,monitor_data.speed
1764513766798,1783.5352783203125,monitor_data.speed
1764513766800,1786.695556640625,monitor_data.speed
1764513766750,0,monitor_data.speed_ref
1764513766751,0,monitor_data.speed_ref
1764513766753,0,monitor_data.speed_ref
1764513766754,0,monitor_data.speed_ref
1764513766755,0,monitor_data.speed_ref
1764513766757,0,monitor_data.speed_ref
1764513766758,0,monitor_data.speed_ref
1764513766759,0,monitor_data.speed_ref
1764513766761,0,monitor_data.speed_ref
1764513766762,0,monitor_data.speed_ref
1764513766764,0,monitor_data.speed_ref
1764513766765,0,monitor_data.speed_ref
1764513766766,0,monitor_data.speed_ref
1764513766767,0,monitor_data.speed_ref
1764513766769,0,monitor_data.speed_ref
1764513766770,0,monitor_data.speed_ref
1764513766771,0,monitor_data.speed_ref
1764513766773,0,monitor_data.speed_ref
1764513766774,0,monitor_data.speed_ref
1764513766775,0,monitor_data.speed_ref
1764513766777,0,monitor_data.speed_ref
1764513766778,0,monitor_data.speed_ref
1764513766779,0,monitor_data.speed_ref
1764513766781,0,monitor_data.speed_ref
1764513766782,0,monitor_data.speed_ref
1764513766783,0,monitor_data.speed_ref
1764513766784,0,monitor_data.speed_ref
1764513766786,0,monitor_data.speed_ref
1764513766787,0,monitor_data.speed_ref
1764513766788,0,monitor_data.speed_ref
1764513766789,0,monitor_data.speed_ref
1764513766791,0,monitor_data.speed_ref
1764513766792,0,monitor_data.speed_ref
1764513766793,0,monitor_data.speed_ref
1764513766795,0,monitor_data.speed_ref
1764513766796,0,monitor_data.speed_ref
1764513766797,0,monitor_data.speed_ref
1764513766798,0,monitor_data.speed_ref
1764513766800,0,monitor_data.speed_ref
1764513766801,1772.0169677734375,monitor_data.speed
1764513766803,1775.429931640625,monitor_data.speed
1764513766804,1767.623046875,monitor_data.speed
1764513766805,1777.76123046875,monitor_data.speed
1764513766806,1776.133056640625,monitor_data.speed
1764513766807,1774.4898681640625,monitor_data.speed
1764513766808,1795.2156982421875,monitor_data.speed
1764513766810,1785.721435546875,monitor_data.speed
1764513766811,1771.0584716796875,monitor_data.speed
1764513766812,1774.63427734375,monitor_data.speed
1764513766813,1755.834228515625,monitor_data.speed
1764513766815,1755.7740478515625,monitor_data.speed
1764513766816,1744.4595947265625,monitor_data.speed
1764513766817,1756.922119140625,monitor_data.speed
1764513766819,1751.890869140625,monitor_data.speed
1764513766820,1758.478271484375,monitor_data.speed
1764513766821,1752.8162841796875,monitor_data.speed
1764513766822,1764.8572998046875,monitor_data.speed
1764513766824,1758.8505859375,monitor_data.speed
1764513766825,1764.57763671875,monitor_data.speed
1764513766826,1758.22216796875,monitor_data.speed
1764513766828,1758.176513671875,monitor_data.speed
1764513766829,1746.8599853515625,monitor_data.speed
1764513766830,1748.0452880859375,monitor_data.speed
1764513766832,1788.8712158203125,monitor_data.speed
1764513766833,1785.7677001953125,monitor_data.speed
1764513766834,1776.5679931640625,monitor_data.speed
1764513766835,1778.8619384765625,monitor_data.speed
1764513766837,1788.006103515625,monitor_data.speed
1764513766838,1773.36181640625,monitor_data.speed
1764513766839,1782.73486328125,monitor_data.speed
1764513766841,1773.9332275390625,monitor_data.speed
1764513766842,1776.9271240234375,monitor_data.speed
1764513766844,1785.7503662109375,monitor_data.speed
1764513766845,1771.08740234375,monitor_data.speed
1764513766846,1769.141845703125,monitor_data.speed
1764513766848,1756.5462646484375,monitor_data.speed
1764513766849,1756.4229736328125,monitor_data.speed
1764513766850,1745.2645263671875,monitor_data.speed
1764513766801,0,monitor_data.speed_ref
1764513766803,0,monitor_data.speed_ref
1764513766804,0,monitor_data.speed_ref
1764513766805,0,monitor_data.speed_ref
1764513766806,0,monitor_data.speed_ref
1764513766807,0,monitor_data.speed_ref
1764513766808,0,monitor_data.speed_ref
1764513766810,0,monitor_data.speed_ref
1764513766811,0,monitor_data.speed_ref
1764513766812,0,monitor_data.speed_ref
1764513766813,0,monitor_data.speed_ref
1764513766815,0,monitor_data.speed_ref
1764513766816,0,monitor_data.speed_ref
1764513766817,0,monitor_data.speed_ref
1764513766819,0,monitor_data.speed_ref
1764513766820,0,monitor_data.speed_ref
1764513766821,0,monitor_data.speed_ref
1764513766822,0,monitor_data.speed_ref
1764513766824,0,monitor_data.speed_ref
1764513766825,0,monitor_data.speed_ref
1764513766826,0,monitor_data.speed_ref
1764513766828,0,monitor_data.speed_ref
1764513766829,0,monitor_data.speed_ref
1764513766830,0,monitor_data.speed_ref
1764513766832,0,monitor_data.speed_ref
1764513766833,0,monitor_data.speed_ref
1764513766834,0,monitor_data.speed_ref
1764513766835,0,monitor_data.speed_ref
1764513766837,0,monitor_data.speed_ref
1764513766838,0,monitor_data.speed_ref
1764513766839,0,monitor_data.speed_ref
1764513766841,0,monitor_data.speed_ref
1764513766842,0,monitor_data.speed_ref
1764513766844,0,monitor_data.speed_ref
1764513766845,0,monitor_data.speed_ref
1764513766846,0,monitor_data.speed_ref
1764513766848,0,monitor_data.speed_ref
1764513766849,0,monitor_data.speed_ref
1764513766850,0,monitor_data.speed_ref
1764513766851,1752.0543212890625,monitor_data.speed
1764513766853,1741.5902099609375,monitor_data.speed
1764513766854,1754.080322265625,monitor_data.speed
1764513766855,1748.9005126953125,monitor_data.speed
1764513766857,1755.0504150390625,monitor_data.speed
1764513766858,1749.361572265625,monitor_data.speed
1764513766859,1760.6741943359375,monitor_data.speed
1764513766861,1754.5772705078125,monitor_data.speed
1764513766862,1754.2559814453125,monitor_data.speed
1764513766863,1743.1461181640625,monitor_data.speed
1764513766865,1744.3074951171875,monitor_data.speed
1764513766866,1768.796875,monitor_data.speed
1764513766867,1800.8128662109375,monitor_data.speed
1764513766869,1801.3577880859375,monitor_data.speed
1764513766870,1784.97314453125,monitor_data.speed
1764513766871,1793.4415283203125,monitor_data.speed
1764513766873,1777.7593994140625,monitor_data.speed
1764513766874,1786.3695068359375,monitor_data.speed
1764513766875,1777.284423828125,monitor_data.speed
1764513766876,1786.010498046875,monitor_data.speed
1764513766878,1793.618896484375,monitor_data.speed
1764513766879,1794.519775390625,monitor_data.speed
1764513766880,1789.759033203125,monitor_data.speed
1764513766882,1769.1593017578125,monitor_data.speed
1764513766883,1773.4188232421875,monitor_data.speed
1764513766884,1760.680419921875,monitor_data.speed
1764513766886,1766.130615234375,monitor_data.speed
1764513766887,1754.2254638671875,monitor_data.speed
1764513766888,1765.9647216796875,monitor_data.speed
1764513766889,1759.77392578125,monitor_data.speed
1764513766891,1771.309326171875,monitor_data.speed
1764513766892,1758.924072265625,monitor_data.speed
1764513766893,1769.9532470703125,monitor_data.speed
1764513766895,1763.1575927734375,monitor_data.speed
1764513766896,1768.4205322265625,monitor_data.speed
1764513766897,1750.8385009765625,monitor_data.speed
1764513766899,1751.538330078125,monitor_data.speed
1764513766900,1758.385498046875,monitor_data.speed
1764513766851,0,monitor_data.speed_ref
1764513766853,0,monitor_data.speed_ref
1764513766854,0,monitor_data.speed_ref
1764513766855,0,monitor_data.speed_ref
1764513766857,0,monitor_data.speed_ref
1764513766858,0,monitor_data.speed_ref
1764513766859,0,monitor_data.speed_ref
1764513766861,0,monitor_data.speed_ref
1764513766862,0,monitor_data.speed_ref
1764513766863,0,monitor_data.speed_ref
1764513766865,0,monitor_data.speed_ref
1764513766866,0,monitor_data.speed_ref
1764513766867,0,monitor_data.speed_ref
1764513766869,0,monitor_data.speed_ref
1764513766870,0,monitor_data.speed_ref
1764513766871,0,monitor_data.speed_ref
1764513766873,0,monitor_data.speed_ref
1764513766874,0,monitor_data.speed_ref
1764513766875,0,monitor_data.speed_ref
1764513766876,0,monitor_data.speed_ref
1764513766878,0,monitor_data.speed_ref
1764513766879,0,monitor_data.speed_ref
1764513766880,0,monitor_data.speed_ref
1764513766882,0,monitor_data.speed_ref
1764513766883,0,monitor_data.speed_ref
1764513766884,0,monitor_data.speed_ref
1764513766886,0,monitor_data.speed_ref
1764513766887,0,monitor_data.speed_ref
1764513766888,0,monitor_data.speed_ref
1764513766889,0,monitor_data.speed_ref
1764513766891,0,monitor_data.speed_ref
1764513766892,0,monitor_data.speed_ref
1764513766893,0,monitor_data.speed_ref
1764513766895,0,monitor_data.speed_ref
1764513766896,0,monitor_data.speed_ref
1764513766897,0,monitor_data.speed_ref
1764513766899,0,monitor_data.speed_ref
1764513766900,0,monitor_data.speed_ref
1764513766901,1780.0120849609375,monitor_data.speed
1764513766902,1798.1094970703125,monitor_data.speed
1764513766904,1781.73583984375,monitor_data.speed
1764513766905,1789.565185546875,monitor_data.speed
1764513766906,1780.1505126953125,monitor_data.speed
1764513766907,1788.5792236328125,monitor_data.speed
1764513766909,1779.1204833984375,monitor_data.speed
1764513766910,1787.973876953125,monitor_data.speed
1764513766911,1796.978515625,monitor_data.speed
1764513766912,1786.728759765625,monitor_data.speed
1764513766914,1782.280517578125,monitor_data.speed
1764513766915,1767.7340087890625,monitor_data.speed
1764513766916,1771.6702880859375,monitor_data.speed
1764513766918,1753.2869873046875,monitor_data.speed
1764513766919,1758.9193115234375,monitor_data.speed
1764513766920,1759.4007568359375,monitor_data.speed
1764513766922,1753.834716796875,monitor_data.speed
1764513766923,1759.966552734375,monitor_data.speed
1764513766925,1754.2645263671875,monitor_data.speed
1764513766926,1759.8160400390625,monitor_data.speed
1764513766927,1765.4349365234375,monitor_data.speed
1764513766929,1758.9886474609375,monitor_data.speed
1764513766930,1770.342529296875,monitor_data.speed
1764513766931,1752.5098876953125,monitor_data.speed
1764513766932,1741.508544921875,monitor_data.speed
1764513766934,1748.7110595703125,monitor_data.speed
1764513766935,1766.37158203125,monitor_data.speed
1764513766936,1786.921630859375,monitor_data.speed
1764513766938,1772.2437744140625,monitor_data.speed
1764513766939,1775.5560302734375,monitor_data.speed
1764513766940,1773.4810791015625,monitor_data.speed
1764513766941,1777.1129150390625,monitor_data.speed
1764513766943,1768.99951171875,monitor_data.speed
1764513766944,1772.4080810546875,monitor_data.speed
1764513766946,1793.6099853515625,monitor_data.speed
1764513766947,1783.64501953125,monitor_data.speed
1764513766948,1786.18017578125,monitor_data.speed
1764513766950,1766.1859130859375,monitor_data.speed
1764513766951,1770.7525634765625,monitor_data.speed
1764513766901,0,monitor_data.speed_ref
1764513766902,0,monitor_data.speed_ref
1764513766904,0,monitor_data.speed_ref
1764513766905,0,monitor_data.speed_ref
1764513766906,0,monitor_data.speed_ref
1764513766907,0,monitor_data.speed_ref
1764513766909,0,monitor_data.speed_ref
1764513766910,0,monitor_data.speed_ref
1764513766911,0,monitor_data.speed_ref
1764513766912,0,monitor_data.speed_ref
1764513766914,0,monitor_data.speed_ref
1764513766915,0,monitor_data.speed_ref
1764513766916,0,monitor_data.speed_ref
1764513766918,0,monitor_data.speed_ref
1764513766919,0,monitor_data.speed_ref
1764513766920,0,monitor_data.speed_ref
1764513766922,0,monitor_data.speed_ref
1764513766923,0,monitor_data.speed_ref
1764513766925,0,monitor_data.speed_ref
1764513766926,0,monitor_data.speed_ref
1764513766927,0,monitor_data.speed_ref
1764513766929,0,monitor_data.speed_ref
1764513766930,0,monitor_data.speed_ref
1764513766931,0,monitor_data.speed_ref
1764513766932,0,monitor_data.speed_ref
1764513766934,0,monitor_data.speed_ref
1764513766935,0,monitor_data.speed_ref
1764513766936,0,monitor_data.speed_ref
1764513766938,0,monitor_data.speed_ref
1764513766939,0,monitor_data.speed_ref
1764513766940,0,monitor_data.speed_ref
1764513766941,0,monitor_data.speed_ref
1764513766943,0,monitor_data.speed_ref
1764513766944,0,monitor_data.speed_ref
1764513766946,0,monitor_data.speed_ref
1764513766947,0,monitor_data.speed_ref
1764513766948,0,monitor_data.speed_ref
1764513766950,0,monitor_data.speed_ref
1764513766951,0,monitor_data.speed_ref
1764513766952,1752.8143310546875,monitor_data.speed
1764513766953,1759.1795654296875,monitor_data.speed
1764513766955,1747.9598388671875,monitor_data.speed
1764513766956,1760.6683349609375,monitor_data.speed
1764513766957,1749.3193359375,monitor_data.speed
1764513766959,1761.6378173828125,monitor_data.speed
1764513766960,1755.6422119140625,monitor_data.speed
1764513766961,1767.29638671875,monitor_data.speed
1764513766963,1760.8304443359375,monitor_data.speed
1764513766964,1766.35205078125,monitor_data.speed
1764513766965,1754.364990234375,monitor_data.speed
1764513766966,1754.9622802734375,monitor_data.speed
1764513766968,1744.4075927734375,monitor_data.speed
1764513766969,1772.9801025390625,monitor_data.speed
1764513766971,1792.673828125,monitor_data.speed
1764513766972,1793.8797607421875,monitor_data.speed
1764513766973,1783.5059814453125,monitor_data.speed
1764513766975,1785.4925537109375,monitor_data.speed
1764513766976,1776.5184326171875,monitor_data.speed
1764513766977,1779.1473388671875,monitor_data.speed
1764513766979,1776.3641357421875,monitor_data.speed
1764513766980,1796.7557373046875,monitor_data.speed
1764513766981,1797.666748046875,monitor_data.speed
1764513766983,1798.65185546875,monitor_data.speed
1764513766984,1783.357666015625,monitor_data.speed
1764513766985,1780.740966796875,monitor_data.speed
1764513766986,1767.537353515625,monitor_data.speed
1764513766988,1766.8759765625,monitor_data.speed
1764513766989,1754.912353515625,monitor_data.speed
1764513766990,1760.794677734375,monitor_data.speed
1764513766992,1754.7896728515625,monitor_data.speed
1764513766993,1766.325439453125,monitor_data.speed
1764513766994,1760.0306396484375,monitor_data.speed
1764513766996,1771.306640625,monitor_data.speed
1764513766997,1758.756103515625,monitor_data.speed
1764513766998,1763.8798828125,monitor_data.speed
1764513767000,1751.8619384765625,monitor_data.speed
1764513767001,1758.2413330078125,monitor_data.speed
1764513766952,0,monitor_data.speed_ref
1764513766953,0,monitor_data.speed_ref
1764513766955,0,monitor_data.speed_ref
1764513766956,0,monitor_data.speed_ref
1764513766957,0,monitor_data.speed_ref
1764513766959,0,monitor_data.speed_ref
1764513766960,0,monitor_data.speed_ref
1764513766961,0,monitor_data.speed_ref
1764513766963,0,monitor_data.speed_ref
1764513766964,0,monitor_data.speed_ref
1764513766965,0,monitor_data.speed_ref
1764513766966,0,monitor_data.speed_ref
1764513766968,0,monitor_data.speed_ref
1764513766969,0,monitor_data.speed_ref
1764513766971,0,monitor_data.speed_ref
1764513766972,0,monitor_data.speed_ref
1764513766973,0,monitor_data.speed_ref
1764513766975,0,monitor_data.speed_ref
1764513766976,0,monitor_data.speed_ref
1764513766977,0,monitor_data.speed_ref
1764513766979,0,monitor_data.speed_ref
1764513766980,0,monitor_data.speed_ref
1764513766981,0,monitor_data.speed_ref
1764513766983,0,monitor_data.speed_ref
1764513766984,0,monitor_data.speed_ref
1764513766985,0,monitor_data.speed_ref
1764513766986,0,monitor_data.speed_ref
1764513766988,0,monitor_data.speed_ref
1764513766989,0,monitor_data.speed_ref
1764513766990,0,monitor_data.speed_ref
1764513766992,0,monitor_data.speed_ref
1764513766993,0,monitor_data.speed_ref
1764513766994,0,monitor_data.speed_ref
1764513766996,0,monitor_data.speed_ref
1764513766997,0,monitor_data.speed_ref
1764513766998,0,monitor_data.speed_ref
1764513767000,0,monitor_data.speed_ref
1764513767001,0,monitor_data.speed_ref
1764513767002,1741.771484375,monitor_data.speed
1764513767003,1783.1116943359375,monitor_data.speed
1764513767005,1780.1007080078125,monitor_data.speed
1764513767006,1783.3233642578125,monitor_data.speed
1764513767007,1774.95654296875,monitor_data.speed
1764513767009,1766.7769775390625,monitor_data.speed
1764513767010,1776.2926025390625,monitor_data.speed
1764513767011,1768.4432373046875,monitor_data.speed
1764513767012,1777.863037109375,monitor_data.speed
1764513767014,1769.9903564453125,monitor_data.speed
1764513767015,1790.23974609375,monitor_data.speed
1764513767016,1781.0303955078125,monitor_data.speed
1764513767018,1778.24365234375,monitor_data.speed
1764513767019,1758.755859375,monitor_data.speed
1764513767020,1758.037353515625,monitor_data.speed
1764513767022,1764.210205078125,monitor_data.speed
1764513767023,1752.8209228515625,monitor_data.speed
1764513767024,1747.7987060546875,monitor_data.speed
1764513767025,1754.2796630859375,monitor_data.speed
1764513767027,1748.8763427734375,monitor_data.speed
1764513767028,1760.9146728515625,monitor_data.speed
1764513767029,1754.893798828125,monitor_data.speed
1764513767031,1760.4158935546875,monitor_data.speed
1764513767032,1754.2923583984375,monitor_data.speed
1764513767033,1759.833251953125,monitor_data.speed
1764513767035,1748.3172607421875,monitor_data.speed
1764513767036,1749.1895751953125,monitor_data.speed
1764513767037,1750.6080322265625,monitor_data.speed
1764513767038,1772.8935546875,monitor_data.speed
1764513767040,1775.859375,monitor_data.speed
1764513767041,1779.0675048828125,monitor_data.speed
1764513767042,1770.638427734375,monitor_data.speed
1764513767043,1780.5738525390625,monitor_data.speed
1764513767045,1766.1658935546875,monitor_data.speed
1764513767046,1775.8634033203125,monitor_data.speed
1764513767048,1767.900634765625,monitor_data.speed
1764513767049,1794.69580078125,monitor_data.speed
1764513767050,1778.8546142578125,monitor_data.speed
1764513767052,1781.481201171875,monitor_data.speed
1764513767002,0,monitor_data.speed_ref
1764513767003,0,monitor_data.speed_ref
1764513767005,0,monitor_data.speed_ref
1764513767006,0,monitor_data.speed_ref
1764513767007,0,monitor_data.speed_ref
1764513767009,0,monitor_data.speed_ref
1764513767010,0,monitor_data.speed_ref
1764513767011,0,monitor_data.speed_ref
1764513767012,0,monitor_data.speed_ref
1764513767014,0,monitor_data.speed_ref
1764513767015,0,monitor_data.speed_ref
1764513767016,0,monitor_data.speed_ref
1764513767018,0,monitor_data.speed_ref
1764513767019,0,monitor_data.speed_ref
1764513767020,0,monitor_data.speed_ref
1764513767022,0,monitor_data.speed_ref
1764513767023,0,monitor_data.speed_ref
1764513767024,0,monitor_data.speed_ref
1764513767025,0,monitor_data.speed_ref
1764513767027,0,monitor_data.speed_ref
1764513767028,0,monitor_data.speed_ref
1764513767029,0,monitor_data.speed_ref
1764513767031,0,monitor_data.speed_ref
1764513767032,0,monitor_data.speed_ref
1764513767033,0,monitor_data.speed_ref
1764513767035,0,monitor_data.speed_ref
1764513767036,0,monitor_data.speed_ref
1764513767037,0,monitor_data.speed_ref
1764513767038,0,monitor_data.speed_ref
1764513767040,0,monitor_data.speed_ref
1764513767041,0,monitor_data.speed_ref
1764513767042,0,monitor_data.speed_ref
1764513767043,0,monitor_data.speed_ref
1764513767045,0,monitor_data.speed_ref
1764513767046,0,monitor_data.speed_ref
1764513767048,0,monitor_data.speed_ref
1764513767049,0,monitor_data.speed_ref
1764513767050,0,monitor_data.speed_ref
1764513767052,0,monitor_data.speed_ref
1764513767053,1761.9521484375,monitor_data.speed
1764513767054,1760.9024658203125,monitor_data.speed
1764513767055,1749.2852783203125,monitor_data.speed
1764513767057,1749.6944580078125,monitor_data.speed
1764513767058,1756.45947265625,monitor_data.speed
1764513767060,1745.46826171875,monitor_data.speed
1764513767061,1757.75537109375,monitor_data.speed
1764513767062,1752.0150146484375,monitor_data.speed
1764513767064,1757.7491455078125,monitor_data.speed
1764513767065,1769.365234375,monitor_data.speed
1764513767067,1756.9124755859375,monitor_data.speed
1764513767068,1762.6058349609375,monitor_data.speed
1764513767069,1751.1356201171875,monitor_data.speed
1764513767071,1752.35205078125,monitor_data.speed
1764513767072,1771.3936767578125,monitor_data.speed
1764513767073,1792.6192626953125,monitor_data.speed
1764513767074,1776.7510986328125,monitor_data.speed
1764513767076,1784.8182373046875,monitor_data.speed
1764513767077,1770.123291015625,monitor_data.speed
1764513767078,1779.0643310546875,monitor_data.speed
1764513767079,1770.7308349609375,monitor_data.speed
1764513767081,1779.477783203125,monitor_data.speed
1764513767082,1771.129638671875,monitor_data.speed
1764513767083,1780.2152099609375,monitor_data.speed
1764513767085,1793.7994384765625,monitor_data.speed
1764513767086,1778.3599853515625,monitor_data.speed
1764513767087,1776.1861572265625,monitor_data.speed
1764513767089,1757.4732666015625,monitor_data.speed
1764513767090,1763.2659912109375,monitor_data.speed
1764513767091,1751.8238525390625,monitor_data.speed
1764513767093,1758.417236328125,monitor_data.speed
1764513767094,1752.9366455078125,monitor_data.speed
1764513767095,1765.254150390625,monitor_data.speed
1764513767096,1759.2581787109375,monitor_data.speed
1764513767098,1753.345947265625,monitor_data.speed
1764513767099,1764.7205810546875,monitor_data.speed
1764513767100,1758.4637451171875,monitor_data.speed
1764513767101,1769.82958984375,monitor_data.speed
1764513767053,0,monitor_data.speed_ref
1764513767054,0,monitor_data.speed_ref
1764513767055,0,monitor_data.speed_ref
1764513767057,0,monitor_data.speed_ref
1764513767058,0,monitor_data.speed_ref
1764513767060,0,monitor_data.speed_ref
1764513767061,0,monitor_data.speed_ref
1764513767062,0,monitor_data.speed_ref
1764513767064,0,monitor_data.speed_ref
1764513767065,0,monitor_data.speed_ref
1764513767067,0,monitor_data.speed_ref
1764513767068,0,monitor_data.speed_ref
1764513767069,0,monitor_data.speed_ref
1764513767071,0,monitor_data.speed_ref
1764513767072,0,monitor_data.speed_ref
1764513767073,0,monitor_data.speed_ref
1764513767074,0,monitor_data.speed_ref
1764513767076,0,monitor_data.speed_ref
1764513767077,0,monitor_data.speed_ref
1764513767078,0,monitor_data.speed_ref
1764513767079,0,monitor_data.speed_ref
1764513767081,0,monitor_data.speed_ref
1764513767082,0,monitor_data.speed_ref
1764513767083,0,monitor_data.speed_ref
1764513767085,0,monitor_data.speed_ref
1764513767086,0,monitor_data.speed_ref
1764513767087,0,monitor_data.speed_ref
1764513767089,0,monitor_data.speed_ref
1764513767090,0,monitor_data.speed_ref
1764513767091,0,monitor_data.speed_ref
1764513767093,0,monitor_data.speed_ref
1764513767094,0,monitor_data.speed_ref
1764513767095,0,monitor_data.speed_ref
1764513767096,0,monitor_data.speed_ref
1764513767098,0,monitor_data.speed_ref
1764513767099,0,monitor_data.speed_ref
1764513767100,0,monitor_data.speed_ref
1764513767101,0,monitor_data.speed_ref
1764513767103,1752.005859375,monitor_data.speed
1764513767104,1758.5936279296875,monitor_data.speed
1764513767105,1742.144287109375,monitor_data.speed
1764513767107,1760.7647705078125,monitor_data.speed
1764513767108,1765.9327392578125,monitor_data.speed
1764513767109,1770.74609375,monitor_data.speed
1764513767110,1763.8026123046875,monitor_data.speed
1764513767112,1774.7373046875,monitor_data.speed
1764513767113,1767.8017578125,monitor_data.speed
1764513767114,1772.76904296875,monitor_data.speed
1764513767116,1765.462890625,monitor_data.speed
1764513767117,1764.4241943359375,monitor_data.speed
1764513767118,1784.97998046875,monitor_data.speed
1764513767119,1776.368408203125,monitor_data.speed
1764513767121,1774.265625,monitor_data.speed
1764513767122,1761.1824951171875,monitor_data.speed
1764513767123,1766.9158935546875,monitor_data.speed
1764513767125,1743.8382568359375,monitor_data.speed
1764513767126,1756.2615966796875,monitor_data.speed
1764513767127,1745.5098876953125,monitor_data.speed
1764513767128,1758.1221923828125,monitor_data.speed
1764513767130,1747.13525390625,monitor_data.speed
1764513767131,1759.0965576171875,monitor_data.speed
1764513767132,1747.5504150390625,monitor_data.speed
1764513767134,1759.0418701171875,monitor_data.speed
1764513767135,1752.974609375,monitor_data.speed
1764513767136,1758.59326171875,monitor_data.speed
1764513767138,1747.22705078125,monitor_data.speed
1764513767139,1748.142578125,monitor_data.speed
1764513767140,1755.6575927734375,monitor_data.speed
1764513767142,1789.7047119140625,monitor_data.speed
1764513767143,1774.916015625,monitor_data.speed
1764513767144,1784.1942138671875,monitor_data.speed
1764513767145,1776.1138916015625,monitor_data.speed
1764513767146,1779.84375,monitor_data.speed
1764513767148,1771.7235107421875,monitor_data.speed
1764513767149,1781.350830078125,monitor_data.speed
1764513767150,1773.3193359375,monitor_data.speed
1764513767152,1783.0528564453125,monitor_data.speed
1764513767103,0,monitor_data.speed_ref
1764513767104,0,monitor_data.speed_ref
1764513767105,0,monitor_data.speed_ref
1764513767107,0,monitor_data.speed_ref
1764513767108,0,monitor_data.speed_ref
1764513767109,0,monitor_data.speed_ref
1764513767110,0,monitor_data.speed_ref
1764513767112,0,monitor_data.speed_ref
1764513767113,0,monitor_data.speed_ref
1764513767114,0,monitor_data.speed_ref
1764513767116,0,monitor_data.speed_ref
1764513767117,0,monitor_data.speed_ref
1764513767118,0,monitor_data.speed_ref
1764513767119,0,monitor_data.speed_ref
1764513767121,0,monitor_data.speed_ref
1764513767122,0,monitor_data.speed_ref
1764513767123,0,monitor_data.speed_ref
1764513767125,0,monitor_data.speed_ref
1764513767126,0,monitor_data.speed_ref
1764513767127,0,monitor_data.speed_ref
1764513767128,0,monitor_data.speed_ref
1764513767130,0,monitor_data.speed_ref
1764513767131,0,monitor_data.speed_ref
1764513767132,0,monitor_data.speed_ref
1764513767134,0,monitor_data.speed_ref
1764513767135,0,monitor_data.speed_ref
1764513767136,0,monitor_data.speed_ref
1764513767138,0,monitor_data.speed_ref
1764513767139,0,monitor_data.speed_ref
1764513767140,0,monitor_data.speed_ref
1764513767142,0,monitor_data.speed_ref
1764513767143,0,monitor_data.speed_ref
1764513767144,0,monitor_data.speed_ref
1764513767145,0,monitor_data.speed_ref
1764513767146,0,monitor_data.speed_ref
1764513767148,0,monitor_data.speed_ref
1764513767149,0,monitor_data.speed_ref
1764513767150,0,monitor_data.speed_ref
1764513767152,0,monitor_data.speed_ref
1764513767153,1790.7890625,monitor_data.speed
1764513767154,1775.994140625,monitor_data.speed
1764513767155,1773.3892822265625,monitor_data.speed
1764513767157,1760.3548583984375,monitor_data.speed
1764513767158,1759.98974609375,monitor_data.speed
1764513767159,1748.6187744140625,monitor_data.speed
1764513767161,1754.88916015625,monitor_data.speed
1764513767162,1749.7509765625,monitor_data.speed
1764513767163,1756.2586669921875,monitor_data.speed
1764513767165,1750.8896484375,monitor_data.speed
1764513767166,1756.7080078125,monitor_data.speed
1764513767167,1750.8157958984375,monitor_data.speed
1764513767169,1762.0089111328125,monitor_data.speed
1764513767170,1767.544677734375,monitor_data.speed
1764513767171,1755.7261962890625,monitor_data.speed
1764513767173,1756.45556640625,monitor_data.speed
1764513767174,1757.6865234375,monitor_data.speed
1764513767175,1773.95849609375,monitor_data.speed
1764513767177,1793.8814697265625,monitor_data.speed
1764513767178,1783.8131103515625,monitor_data.speed
1764513767179,1785.43115234375,monitor_data.speed
1764513767180,1793.474365234375,monitor_data.speed
1764513767182,1784.2841796875,monitor_data.speed
1764513767183,1775.2943115234375,monitor_data.speed
1764513767184,1783.8160400390625,monitor_data.speed
1764513767186,1775.10400390625,monitor_data.speed
1764513767187,1794.6654052734375,monitor_data.speed
1764513767188,1784.787841796875,monitor_data.speed
1764513767189,1781.2078857421875,monitor_data.speed
1764513767191,1767.296142578125,monitor_data.speed
1764513767192,1766.2532958984375,monitor_data.speed
1764513767193,1754.2254638671875,monitor_data.speed
1764513767194,1760.3070068359375,monitor_data.speed
1764513767196,1748.94970703125,monitor_data.speed
1764513767197,1755.255615234375,monitor_data.speed
1764513767198,1749.5726318359375,monitor_data.speed
1764513767200,1761.30224609375,monitor_data.speed
1764513767201,1755.17724609375,monitor_data.speed
1764513767153,0,monitor_data.speed_ref
1764513767154,0,monitor_data.speed_ref
1764513767155,0,monitor_data.speed_ref
1764513767157,0,monitor_data.speed_ref
1764513767158,0,monitor_data.speed_ref
1764513767159,0,monitor_data.speed_ref
1764513767161,0,monitor_data.speed_ref
1764513767162,0,monitor_data.speed_ref
1764513767163,0,monitor_data.speed_ref
1764513767165,0,monitor_data.speed_ref
1764513767166,0,monitor_data.speed_ref
1764513767167,0,monitor_data.speed_ref
1764513767169,0,monitor_data.speed_ref
1764513767170,0,monitor_data.speed_ref
1764513767171,0,monitor_data.speed_ref
1764513767173,0,monitor_data.speed_ref
1764513767174,0,monitor_data.speed_ref
1764513767175,0,monitor_data.speed_ref
1764513767177,0,monitor_data.speed_ref
1764513767178,0,monitor_data.speed_ref
1764513767179,0,monitor_data.speed_ref
1764513767180,0,monitor_data.speed_ref
1764513767182,0,monitor_data.speed_ref
1764513767183,0,monitor_data.speed_ref
1764513767184,0,monitor_data.speed_ref
1764513767186,0,monitor_data.speed_ref
1764513767187,0,monitor_data.speed_ref
1764513767188,0,monitor_data.speed_ref
1764513767189,0,monitor_data.speed_ref
1764513767191,0,monitor_data.speed_ref
1764513767192,0,monitor_data.speed_ref
1764513767193,0,monitor_data.speed_ref
1764513767194,0,monitor_data.speed_ref
1764513767196,0,monitor_data.speed_ref
1764513767197,0,monitor_data.speed_ref
1764513767198,0,monitor_data.speed_ref
1764513767200,0,monitor_data.speed_ref
1764513767201,0,monitor_data.speed_ref
1764513767202,1766.3577880859375,monitor_data.speed
1764513767204,1759.85986328125,monitor_data.speed
1764513767205,1759.302734375,monitor_data.speed
1764513767206,1747.755859375,monitor_data.speed
1764513767208,1748.6473388671875,monitor_data.speed
1764513767209,1755.9703369140625,monitor_data.speed
1764513767210,1778.3472900390625,monitor_data.speed
1764513767211,1780.923583984375,monitor_data.speed
1764513767213,1772.49658203125,monitor_data.speed
1764513767214,1769.563720703125,monitor_data.speed
1764513767215,1779.4510498046875,monitor_data.speed
1764513767216,1771.1605224609375,monitor_data.speed
1764513767218,1780.6300048828125,monitor_data.speed
1764513767219,1772.383056640625,monitor_data.speed
1764513767221,1775.912109375,monitor_data.speed
1764513767222,1784.74462890625,monitor_data.speed
1764513767223,1770.6912841796875,monitor_data.speed
1764513767224,1769.460205078125,monitor_data.speed
1764513767226,1757.0439453125,monitor_data.speed
1764513767227,1757.484375,monitor_data.speed
1764513767228,1746.472412109375,monitor_data.speed
1764513767230,1753.6180419921875,monitor_data.speed
1764513767231,1748.7545166015625,monitor_data.speed
1764513767232,1761.341552734375,monitor_data.speed
1764513767233,1755.8214111328125,monitor_data.speed
1764513767235,1762.09521484375,monitor_data.speed
1764513767236,1756.060791015625,monitor_data.speed
1764513767238,1761.48583984375,monitor_data.speed
1764513767239,1755.3966064453125,monitor_data.speed
1764513767240,1761.3349609375,monitor_data.speed
1764513767242,1744.516845703125,monitor_data.speed
1764513767243,1745.9945068359375,monitor_data.speed
1764513767244,1763.27490234375,monitor_data.speed
1764513767246,1777.8433837890625,monitor_data.speed
1764513767247,1780.9598388671875,monitor_data.speed
1764513767248,1772.6519775390625,monitor_data.speed
1764513767250,1782.32763671875,monitor_data.speed
1764513767251,1768.1041259765625,monitor_data.speed
1764513767202,0,monitor_data.speed_ref
1764513767204,0,monitor_data.speed_ref
1764513767205,0,monitor_data.speed_ref
1764513767206,0,monitor_data.speed_ref
1764513767208,0,monitor_data.speed_ref
1764513767209,0,monitor_data.speed_ref
1764513767210,0,monitor_data.speed_ref
1764513767211,0,monitor_data.speed_ref
1764513767213,0,monitor_data.speed_ref
1764513767214,0,monitor_data.speed_ref
1764513767215,0,monitor_data.speed_ref
1764513767216,0,monitor_data.speed_ref
1764513767218,0,monitor_data.speed_ref
1764513767219,0,monitor_data.speed_ref
1764513767221,0,monitor_data.speed_ref
1764513767222,0,monitor_data.speed_ref
1764513767223,0,monitor_data.speed_ref
1764513767224,0,monitor_data.speed_ref
1764513767226,0,monitor_data.speed_ref
1764513767227,0,monitor_data.speed_ref
1764513767228,0,monitor_data.speed_ref
1764513767230,0,monitor_data.speed_ref
1764513767231,0,monitor_data.speed_ref
1764513767232,0,monitor_data.speed_ref
1764513767233,0,monitor_data.speed_ref
1764513767235,0,monitor_data.speed_ref
1764513767236,0,monitor_data.speed_ref
1764513767238,0,monitor_data.speed_ref
1764513767239,0,monitor_data.speed_ref
1764513767240,0,monitor_data.speed_ref
1764513767242,0,monitor_data.speed_ref
1764513767243,0,monitor_data.speed_ref
1764513767244,0,monitor_data.speed_ref
1764513767246,0,monitor_data.speed_ref
1764513767247,0,monitor_data.speed_ref
1764513767248,0,monitor_data.speed_ref
1764513767250,0,monitor_data.speed_ref
1764513767251,0,monitor_data.speed_ref
1764513767252,1777.5223388671875,monitor_data.speed
1764513767254,1769.4671630859375,monitor_data.speed
1764513767255,1772.61474609375,monitor_data.speed
1764513767256,1781.5731201171875,monitor_data.speed
1764513767258,1767.669189453125,monitor_data.speed
1764513767259,1766.3525390625,monitor_data.speed
1764513767260,1754.39208984375,monitor_data.speed
1764513767261,1754.80908203125,monitor_data.speed
1764513767263,1744.09912109375,monitor_data.speed
1764513767264,1751.1551513671875,monitor_data.speed
1764513767265,1746.43603515625,monitor_data.speed
1764513767267,1758.9949951171875,monitor_data.speed
1764513767268,1753.541259765625,monitor_data.speed
1764513767269,1759.715087890625,monitor_data.speed
1764513767271,1753.91259765625,monitor_data.speed
1764513767272,1759.3992919921875,monitor_data.speed
1764513767273,1753.4140625,monitor_data.speed
1764513767275,1753.5455322265625,monitor_data.speed
1764513767276,1754.781982421875,monitor_data.speed
1764513767277,1756.13330078125,monitor_data.speed
1764513767279,1777.517822265625,monitor_data.speed
1764513767280,1789.68994140625,monitor_data.speed
1764513767281,1791.3642578125,monitor_data.speed
1764513767283,1781.61376953125,monitor_data.speed
1764513767284,1772.771240234375,monitor_data.speed
1764513767285,1780.6962890625,monitor_data.speed
1764513767287,1783.0115966796875,monitor_data.speed
1764513767288,1774.452880859375,monitor_data.speed
1764513767289,1800.27490234375,monitor_data.speed
1764513767291,1783.8692626953125,monitor_data.speed
1764513767292,1780.2447509765625,monitor_data.speed
1764513767293,1766.2855224609375,monitor_data.speed
1764513767295,1765.08544921875,monitor_data.speed
1764513767296,1753.0888671875,monitor_data.speed
1764513767297,1753.2130126953125,monitor_data.speed
1764513767299,1747.9185791015625,monitor_data.speed
1764513767300,1754.21435546875,monitor_data.speed
1764513767301,1748.6866455078125,monitor_data.speed
1764513767252,0,monitor_data.speed_ref
1764513767254,0,monitor_data.speed_ref
1764513767255,0,monitor_data.speed_ref
1764513767256,0,monitor_data.speed_ref
1764513767258,0,monitor_data.speed_ref
1764513767259,0,monitor_data.speed_ref
1764513767260,0,monitor_data.speed_ref
1764513767261,0,monitor_data.speed_ref
1764513767263,0,monitor_data.speed_ref
1764513767264,0,monitor_data.speed_ref
1764513767265,0,monitor_data.speed_ref
1764513767267,0,monitor_data.speed_ref
1764513767268,0,monitor_data.speed_ref
1764513767269,0,monitor_data.speed_ref
1764513767271,0,monitor_data.speed_ref
1764513767272,0,monitor_data.speed_ref
1764513767273,0,monitor_data.speed_ref
1764513767275,0,monitor_data.speed_ref
1764513767276,0,monitor_data.speed_ref
1764513767277,0,monitor_data.speed_ref
1764513767279,0,monitor_data.speed_ref
1764513767280,0,monitor_data.speed_ref
1764513767281,0,monitor_data.speed_ref
1764513767283,0,monitor_data.speed_ref
1764513767284,0,monitor_data.speed_ref
1764513767285,0,monitor_data.speed_ref
1764513767287,0,monitor_data.speed_ref
1764513767288,0,monitor_data.speed_ref
1764513767289,0,monitor_data.speed_ref
1764513767291,0,monitor_data.speed_ref
1764513767292,0,monitor_data.speed_ref
1764513767293,0,monitor_data.speed_ref
1764513767295,0,monitor_data.speed_ref
1764513767296,0,monitor_data.speed_ref
1764513767297,0,monitor_data.speed_ref
1764513767299,0,monitor_data.speed_ref
1764513767300,0,monitor_data.speed_ref
1764513767301,0,monitor_data.speed_ref
1764513767303,1754.532470703125,monitor_data.speed
1764513767304,1754.40478515625,monitor_data.speed
1764513767305,1759.797119140625,monitor_data.speed
1764513767306,1759.513427734375,monitor_data.speed
1764513767308,1759.0169677734375,monitor_data.speed
1764513767309,1753.24658203125,monitor_data.speed
1764513767310,1754.0322265625,monitor_data.speed
1764513767311,1743.6915283203125,monitor_data.speed
1764513767313,1778.731201171875,monitor_data.speed
1764513767314,1781.8870849609375,monitor_data.speed
1764513767315,1773.2919921875,monitor_data.speed
1764513767316,1776.6968994140625,monitor_data.speed
1764513767318,1768.578857421875,monitor_data.speed
1764513767319,1772.2490234375,monitor_data.speed
1764513767320,1764.5062255859375,monitor_data.speed
1764513767322,1774.0218505859375,monitor_data.speed
1764513767323,1772.17626953125,monitor_data.speed
1764513767324,1775.3858642578125,monitor_data.speed
1764513767326,1778.611083984375,monitor_data.speed
1764513767327,1770.901123046875,monitor_data.speed
1764513767328,1758.4705810546875,monitor_data.speed
1764513767330,1758.9605712890625,monitor_data.speed
1764513767331,1747.9991455078125,monitor_data.speed
1764513767332,1755.0709228515625,monitor_data.speed
1764513767333,1750.084228515625,monitor_data.speed
1764513767335,1745.3353271484375,monitor_data.speed
1764513767336,1751.893798828125,monitor_data.speed
1764513767337,1752.3951416015625,monitor_data.speed
1764513767339,1764.22119140625,monitor_data.speed
1764513767340,1752.3790283203125,monitor_data.speed
1764513767341,1763.7637939453125,monitor_data.speed
1764513767342,1752.0364990234375,monitor_data.speed
1764513767344,1758.3902587890625,monitor_data.speed
1764513767345,1741.800048828125,monitor_data.speed
1764513767346,1749.419189453125,monitor_data.speed
1764513767348,1801.173828125,monitor_data.speed
1764513767349,1785.2530517578125,monitor_data.speed
1764513767350,1776.0904541015625,monitor_data.speed
1764513767303,0,monitor_data.speed_ref
1764513767304,0,monitor_data.speed_ref
1764513767305,0,monitor_data.speed_ref
1764513767306,0,monitor_data.speed_ref
1764513767308,0,monitor_data.speed_ref
1764513767309,0,monitor_data.speed_ref
1764513767310,0,monitor_data.speed_ref
1764513767311,0,monitor_data.speed_ref
1764513767313,0,monitor_data.speed_ref
1764513767314,0,monitor_data.speed_ref
1764513767315,0,monitor_data.speed_ref
1764513767316,0,monitor_data.speed_ref
1764513767318,0,monitor_data.speed_ref
1764513767319,0,monitor_data.speed_ref
1764513767320,0,monitor_data.speed_ref
1764513767322,0,monitor_data.speed_ref
1764513767323,0,monitor_data.speed_ref
1764513767324,0,monitor_data.speed_ref
1764513767326,0,monitor_data.speed_ref
1764513767327,0,monitor_data.speed_ref
1764513767328,0,monitor_data.speed_ref
1764513767330,0,monitor_data.speed_ref
1764513767331,0,monitor_data.speed_ref
1764513767332,0,monitor_data.speed_ref
1764513767333,0,monitor_data.speed_ref
1764513767335,0,monitor_data.speed_ref
1764513767336,0,monitor_data.speed_ref
1764513767337,0,monitor_data.speed_ref
1764513767339,0,monitor_data.speed_ref
1764513767340,0,monitor_data.speed_ref
1764513767341,0,monitor_data.speed_ref
1764513767342,0,monitor_data.speed_ref
1764513767344,0,monitor_data.speed_ref
1764513767345,0,monitor_data.speed_ref
1764513767346,0,monitor_data.speed_ref
1764513767348,0,monitor_data.speed_ref
1764513767349,0,monitor_data.speed_ref
1764513767350,0,monitor_data.speed_ref
1764513767351,1778.6546630859375,monitor_data.speed
1764513767353,1770.1322021484375,monitor_data.speed
1764513767354,1779.0660400390625,monitor_data.speed
1764513767355,1770.6578369140625,monitor_data.speed
1764513767357,1779.6361083984375,monitor_data.speed
1764513767358,1782.2763671875,monitor_data.speed
1764513767359,1785.359375,monitor_data.speed
1764513767361,1770.9383544921875,monitor_data.speed
1764513767362,1775.4215087890625,monitor_data.speed
1764513767363,1757.1387939453125,monitor_data.speed
1764513767364,1745.843994140625,monitor_data.speed
1764513767366,1752.4522705078125,monitor_data.speed
1764513767367,1753.8519287109375,monitor_data.speed
1764513767369,1743.2796630859375,monitor_data.speed
1764513767370,1755.78076171875,monitor_data.speed
1764513767371,1750.334228515625,monitor_data.speed
1764513767372,1762.294677734375,monitor_data.speed
1764513767374,1756.3836669921875,monitor_data.speed
1764513767375,1767.8385009765625,monitor_data.speed
1764513767376,1755.8900146484375,monitor_data.speed
1764513767378,1761.97705078125,monitor_data.speed
1764513767379,1750.7962646484375,monitor_data.speed
1764513767380,1752.2010498046875,monitor_data.speed
1764513767381,1768.9398193359375,monitor_data.speed
1764513767383,1772.3416748046875,monitor_data.speed
1764513767384,1775.5499267578125,monitor_data.speed
1764513767385,1767.5172119140625,monitor_data.speed
1764513767387,1777.0765380859375,monitor_data.speed
1764513767388,1763.3851318359375,monitor_data.speed
1764513767389,1779.10693359375,monitor_data.speed
1764513767390,1771.2696533203125,monitor_data.speed
1764513767392,1781.008056640625,monitor_data.speed
1764513767393,1783.546875,monitor_data.speed
1764513767394,1786.4276123046875,monitor_data.speed
1764513767395,1771.931884765625,monitor_data.speed
1764513767397,1770.490966796875,monitor_data.speed
1764513767398,1758.11767578125,monitor_data.speed
1764513767399,1746.69921875,monitor_data.speed
1764513767401,1753.0382080078125,monitor_data.speed
1764513767402,1748.1536865234375,monitor_data.speed
1764513767351,0,monitor_data.speed_ref
1764513767353,0,monitor_data.speed_ref
1764513767354,0,monitor_data.speed_ref
1764513767355,0,monitor_data.speed_ref
1764513767357,0,monitor_data.speed_ref
1764513767358,0,monitor_data.speed_ref
1764513767359,0,monitor_data.speed_ref
1764513767361,0,monitor_data.speed_ref
1764513767362,0,monitor_data.speed_ref
1764513767363,0,monitor_data.speed_ref
1764513767364,0,monitor_data.speed_ref
1764513767366,0,monitor_data.speed_ref
1764513767367,0,monitor_data.speed_ref
1764513767369,0,monitor_data.speed_ref
1764513767370,0,monitor_data.speed_ref
1764513767371,0,monitor_data.speed_ref
1764513767372,0,monitor_data.speed_ref
1764513767374,0,monitor_data.speed_ref
1764513767375,0,monitor_data.speed_ref
1764513767376,0,monitor_data.speed_ref
1764513767378,0,monitor_data.speed_ref
1764513767379,0,monitor_data.speed_ref
1764513767380,0,monitor_data.speed_ref
1764513767381,0,monitor_data.speed_ref
1764513767383,0,monitor_data.speed_ref
1764513767384,0,monitor_data.speed_ref
1764513767385,0,monitor_data.speed_ref
1764513767387,0,monitor_data.speed_ref
1764513767388,0,monitor_data.speed_ref
1764513767389,0,monitor_data.speed_ref
1764513767390,0,monitor_data.speed_ref
1764513767392,0,monitor_data.speed_ref
1764513767393,0,monitor_data.speed_ref
1764513767394,0,monitor_data.speed_ref
1764513767395,0,monitor_data.speed_ref
1764513767397,0,monitor_data.speed_ref
1764513767398,0,monitor_data.speed_ref
1764513767399,0,monitor_data.speed_ref
1764513767401,0,monitor_data.speed_ref
1764513767402,0,monitor_data.speed_ref
1764513767403,1754.7791748046875,monitor_data.speed
1764513767404,1749.540771484375,monitor_data.speed
1764513767406,1761.4974365234375,monitor_data.speed
1764513767407,1749.958251953125,monitor_data.speed
1764513767408,1761.3802490234375,monitor_data.speed
1764513767410,1755.341552734375,monitor_data.speed
1764513767411,1760.8394775390625,monitor_data.speed
1764513767412,1749.394775390625,monitor_data.speed
1764513767414,1744.803955078125,monitor_data.speed
1764513767415,1763.4996337890625,monitor_data.speed
1764513767416,1784.92919921875,monitor_data.speed
1764513767418,1785.859375,monitor_data.speed
1764513767419,1787.3409423828125,monitor_data.speed
1764513767420,1777.8653564453125,monitor_data.speed
1764513767421,1786.3031005859375,monitor_data.speed
1764513767423,1777.4263916015625,monitor_data.speed
1764513767424,1779.7113037109375,monitor_data.speed
1764513767425,1788.4476318359375,monitor_data.speed
1764513767427,1791.16259765625,monitor_data.speed
1764513767428,1781.719970703125,monitor_data.speed
1764513767429,1779.0714111328125,monitor_data.speed
1764513767431,1765.6448974609375,monitor_data.speed
1764513767432,1765.248779296875,monitor_data.speed
1764513767433,1753.6214599609375,monitor_data.speed
1764513767435,1760.391357421875,monitor_data.speed
1764513767436,1749.357421875,monitor_data.speed
1764513767437,1756.2042236328125,monitor_data.speed
1764513767438,1750.7044677734375,monitor_data.speed
1764513767440,1745.3193359375,monitor_data.speed
1764513767441,1757.1268310546875,monitor_data.speed
1764513767442,1751.1304931640625,monitor_data.speed
1764513767444,1762.5650634765625,monitor_data.speed
1764513767445,1768.193359375,monitor_data.speed
1764513767446,1756.374755859375,monitor_data.speed
1764513767448,1751.5428466796875,monitor_data.speed
1764513767449,1735.6217041015625,monitor_data.speed
1764513767450,1776.033447265625,monitor_data.speed
1764513767452,1778.662109375,monitor_data.speed
1764513767453,1775.758544921875,monitor_data.speed
1764513767403,0,monitor_data.speed_ref
1764513767404,0,monitor_data.speed_ref
1764513767406,0,monitor_data.speed_ref
1764513767407,0,monitor_data.speed_ref
1764513767408,0,monitor_data.speed_ref
1764513767410,0,monitor_data.speed_ref
1764513767411,0,monitor_data.speed_ref
1764513767412,0,monitor_data.speed_ref
1764513767414,0,monitor_data.speed_ref
1764513767415,0,monitor_data.speed_ref
1764513767416,0,monitor_data.speed_ref
1764513767418,0,monitor_data.speed_ref
1764513767419,0,monitor_data.speed_ref
1764513767420,0,monitor_data.speed_ref
1764513767421,0,monitor_data.speed_ref
1764513767423,0,monitor_data.speed_ref
1764513767424,0,monitor_data.speed_ref
1764513767425,0,monitor_data.speed_ref
1764513767427,0,monitor_data.speed_ref
1764513767428,0,monitor_data.speed_ref
1764513767429,0,monitor_data.speed_ref
1764513767431,0,monitor_data.speed_ref
1764513767432,0,monitor_data.speed_ref
1764513767433,0,monitor_data.speed_ref
1764513767435,0,monitor_data.speed_ref
1764513767436,0,monitor_data.speed_ref
1764513767437,0,monitor_data.speed_ref
1764513767438,0,monitor_data.speed_ref
1764513767440,0,monitor_data.speed_ref
1764513767441,0,monitor_data.speed_ref
1764513767442,0,monitor_data.speed_ref
1764513767444,0,monitor_data.speed_ref
1764513767445,0,monitor_data.speed_ref
1764513767446,0,monitor_data.speed_ref
1764513767448,0,monitor_data.speed_ref
1764513767449,0,monitor_data.speed_ref
1764513767450,0,monitor_data.speed_ref
1764513767452,0,monitor_data.speed_ref
1764513767453,0,monitor_data.speed_ref
1764513767454,1773.714111328125,monitor_data.speed
1764513767456,1777.4031982421875,monitor_data.speed
1764513767457,1769.48046875,monitor_data.speed
1764513767458,1772.6129150390625,monitor_data.speed
1764513767460,1770.8338623046875,monitor_data.speed
1764513767461,1780.9046630859375,monitor_data.speed
1764513767462,1772.368408203125,monitor_data.speed
1764513767463,1769.6317138671875,monitor_data.speed
1764513767465,1774.107177734375,monitor_data.speed
1764513767466,1755.9267578125,monitor_data.speed
1764513767467,1756.4071044921875,monitor_data.speed
1764513767469,1745.416015625,monitor_data.speed
1764513767470,1752.5704345703125,monitor_data.speed
1764513767471,1747.905517578125,monitor_data.speed
1764513767472,1754.775390625,monitor_data.speed
1764513767474,1749.561279296875,monitor_data.speed
1764513767475,1761.6829833984375,monitor_data.speed
1764513767476,1755.90380859375,monitor_data.speed
1764513767478,1761.6112060546875,monitor_data.speed
1764513767479,1755.44970703125,monitor_data.speed
1764513767480,1749.810302734375,monitor_data.speed
1764513767481,1750.3570556640625,monitor_data.speed
1764513767483,1740.04541015625,monitor_data.speed
1764513767484,1758.6766357421875,monitor_data.speed
1764513767485,1798.0028076171875,monitor_data.speed
1764513767486,1782.13720703125,monitor_data.speed
1764513767488,1784.4093017578125,monitor_data.speed
1764513767489,1775.6236572265625,monitor_data.speed
1764513767490,1778.6876220703125,monitor_data.speed
1764513767492,1770.2669677734375,monitor_data.speed
1764513767493,1779.5718994140625,monitor_data.speed
1764513767494,1771.2657470703125,monitor_data.speed
1764513767496,1796.88818359375,monitor_data.speed
1764513767497,1798.3084716796875,monitor_data.speed
1764513767498,1782.4674072265625,monitor_data.speed
1764513767499,1785.8690185546875,monitor_data.speed
1764513767501,1766.278076171875,monitor_data.speed
1764513767502,1765.6336669921875,monitor_data.speed
1764513767503,1759.6107177734375,monitor_data.speed
1764513767454,0,monitor_data.speed_ref
1764513767456,0,monitor_data.speed_ref
1764513767457,0,monitor_data.speed_ref
1764513767458,0,monitor_data.speed_ref
1764513767460,0,monitor_data.speed_ref
1764513767461,0,monitor_data.speed_ref
1764513767462,0,monitor_data.speed_ref
1764513767463,0,monitor_data.speed_ref
1764513767465,0,monitor_data.speed_ref
1764513767466,0,monitor_data.speed_ref
1764513767467,0,monitor_data.speed_ref
1764513767469,0,monitor_data.speed_ref
1764513767470,0,monitor_data.speed_ref
1764513767471,0,monitor_data.speed_ref
1764513767472,0,monitor_data.speed_ref
1764513767474,0,monitor_data.speed_ref
1764513767475,0,monitor_data.speed_ref
1764513767476,0,monitor_data.speed_ref
1764513767478,0,monitor_data.speed_ref
1764513767479,0,monitor_data.speed_ref
1764513767480,0,monitor_data.speed_ref
1764513767481,0,monitor_data.speed_ref
1764513767483,0,monitor_data.speed_ref
1764513767484,0,monitor_data.speed_ref
1764513767485,0,monitor_data.speed_ref
1764513767486,0,monitor_data.speed_ref
1764513767488,0,monitor_data.speed_ref
1764513767489,0,monitor_data.speed_ref
1764513767490,0,monitor_data.speed_ref
1764513767492,0,monitor_data.speed_ref
1764513767493,0,monitor_data.speed_ref
1764513767494,0,monitor_data.speed_ref
1764513767496,0,monitor_data.speed_ref
1764513767497,0,monitor_data.speed_ref
1764513767498,0,monitor_data.speed_ref
1764513767499,0,monitor_data.speed_ref
1764513767501,0,monitor_data.speed_ref
1764513767502,0,monitor_data.speed_ref
1764513767503,0,monitor_data.speed_ref
1764513767505,1760.0972900390625,monitor_data.speed
1764513767506,1754.371826171875,monitor_data.speed
1764513767507,1766.4571533203125,monitor_data.speed
1764513767508,1760.202880859375,monitor_data.speed
1764513767510,1754.1632080078125,monitor_data.speed
1764513767511,1765.4429931640625,monitor_data.speed
1764513767512,1753.1771240234375,monitor_data.speed
1764513767514,1758.3851318359375,monitor_data.speed
1764513767515,1746.7137451171875,monitor_data.speed
1764513767516,1753.064208984375,monitor_data.speed
1764513767517,1742.501708984375,monitor_data.speed
1764513767519,1777.6446533203125,monitor_data.speed
1764513767520,1797.5833740234375,monitor_data.speed
1764513767521,1782.0107421875,monitor_data.speed
1764513767522,1773.23779296875,monitor_data.speed
1764513767524,1782.2626953125,monitor_data.speed
1764513767525,1773.5186767578125,monitor_data.speed
1764513767526,1782.787841796875,monitor_data.speed
1764513767528,1768.0126953125,monitor_data.speed
1764513767529,1783.15380859375,monitor_data.speed
1764513767530,1786.0059814453125,monitor_data.speed
1764513767531,1788.0489501953125,monitor_data.speed
1764513767533,1773.1275634765625,monitor_data.speed
1764513767534,1776.9796142578125,monitor_data.speed
1764513767535,1758.22119140625,monitor_data.speed
1764513767537,1758.1103515625,monitor_data.speed
1764513767538,1746.74462890625,monitor_data.speed
1764513767539,1758.98583984375,monitor_data.speed
1764513767540,1753.6021728515625,monitor_data.speed
1764513767542,1759.784423828125,monitor_data.speed
1764513767543,1754.0682373046875,monitor_data.speed
1764513767544,1765.5810546875,monitor_data.speed
1764513767546,1759.4486083984375,monitor_data.speed
1764513767547,1764.9410400390625,monitor_data.speed
1764513767548,1758.7105712890625,monitor_data.speed
1764513767550,1752.9478759765625,monitor_data.speed
1764513767551,1736.5731201171875,monitor_data.speed
1764513767552,1755.581787109375,monitor_data.speed
1764513767554,1779.2083740234375,monitor_data.speed
1764513767505,0,monitor_data.speed_ref
1764513767506,0,monitor_data.speed_ref
1764513767507,0,monitor_data.speed_ref
1764513767508,0,monitor_data.speed_ref
1764513767510,0,monitor_data.speed_ref
1764513767511,0,monitor_data.speed_ref
1764513767512,0,monitor_data.speed_ref
1764513767514,0,monitor_data.speed_ref
1764513767515,0,monitor_data.speed_ref
1764513767516,0,monitor_data.speed_ref
1764513767517,0,monitor_data.speed_ref
1764513767519,0,monitor_data.speed_ref
1764513767520,0,monitor_data.speed_ref
1764513767521,0,monitor_data.speed_ref
1764513767522,0,monitor_data.speed_ref
1764513767524,0,monitor_data.speed_ref
1764513767525,0,monitor_data.speed_ref
1764513767526,0,monitor_data.speed_ref
1764513767528,0,monitor_data.speed_ref
1764513767529,0,monitor_data.speed_ref
1764513767530,0,monitor_data.speed_ref
1764513767531,0,monitor_data.speed_ref
1764513767533,0,monitor_data.speed_ref
1764513767534,0,monitor_data.speed_ref
1764513767535,0,monitor_data.speed_ref
1764513767537,0,monitor_data.speed_ref
1764513767538,0,monitor_data.speed_ref
1764513767539,0,monitor_data.speed_ref
1764513767540,0,monitor_data.speed_ref
1764513767542,0,monitor_data.speed_ref
1764513767543,0,monitor_data.speed_ref
1764513767544,0,monitor_data.speed_ref
1764513767546,0,monitor_data.speed_ref
1764513767547,0,monitor_data.speed_ref
1764513767548,0,monitor_data.speed_ref
1764513767550,0,monitor_data.speed_ref
1764513767551,0,monitor_data.speed_ref
1764513767552,0,monitor_data.speed_ref
1764513767554,0,monitor_data.speed_ref
1764513767555,1766.063232421875,monitor_data.speed
1764513767556,1759.3760986328125,monitor_data.speed
1764513767558,1764.200439453125,monitor_data.speed
1764513767559,1757.61279296875,monitor_data.speed
1764513767560,1768.5146484375,monitor_data.speed
1764513767561,1761.673095703125,monitor_data.speed
1764513767563,1772.19189453125,monitor_data.speed
1764513767564,1782.0087890625,monitor_data.speed
1764513767565,1785.1243896484375,monitor_data.speed
1764513767567,1764.8480224609375,monitor_data.speed
1764513767568,1763.4351806640625,monitor_data.speed
1764513767569,1763.3692626953125,monitor_data.speed
1764513767571,1751.9761962890625,monitor_data.speed
1764513767572,1758.9468994140625,monitor_data.speed
1764513767573,1748.2021484375,monitor_data.speed
1764513767575,1743.5216064453125,monitor_data.speed
1764513767576,1750.1324462890625,monitor_data.speed
1764513767577,1744.935546875,monitor_data.speed
1764513767579,1757.005615234375,monitor_data.speed
1764513767580,1751.2508544921875,monitor_data.speed
1764513767581,1762.611328125,monitor_data.speed
1764513767582,1750.808349609375,monitor_data.speed
1764513767584,1756.9254150390625,monitor_data.speed
1764513767585,1740.4041748046875,monitor_data.speed
1764513767586,1741.9921875,monitor_data.speed
1764513767588,1764.67919921875,monitor_data.speed
1764513767589,1785.5880126953125,monitor_data.speed
1764513767590,1771.183837890625,monitor_data.speed
1764513767592,1774.61474609375,monitor_data.speed
1764513767593,1766.898193359375,monitor_data.speed
1764513767594,1776.7802734375,monitor_data.speed
1764513767595,1768.9849853515625,monitor_data.speed
1764513767597,1778.683349609375,monitor_data.speed
1764513767598,1770.839599609375,monitor_data.speed
1764513767599,1779.6319580078125,monitor_data.speed
1764513767601,1777.347412109375,monitor_data.speed
1764513767602,1763.908203125,monitor_data.speed
1764513767603,1763.5604248046875,monitor_data.speed
1764513767604,1752.0841064453125,monitor_data.speed
1764513767555,0,monitor_data.speed_ref
1764513767556,0,monitor_data.speed_ref
1764513767558,0,monitor_data.speed_ref
1764513767559,0,monitor_data.speed_ref
1764513767560,0,monitor_data.speed_ref
1764513767561,0,monitor_data.speed_ref
1764513767563,0,monitor_data.speed_ref
1764513767564,0,monitor_data.speed_ref
1764513767565,0,monitor_data.speed_ref
1764513767567,0,monitor_data.speed_ref
1764513767568,0,monitor_data.speed_ref
1764513767569,0,monitor_data.speed_ref
1764513767571,0,monitor_data.speed_ref
1764513767572,0,monitor_data.speed_ref
1764513767573,0,monitor_data.speed_ref
1764513767575,0,monitor_data.speed_ref
1764513767576,0,monitor_data.speed_ref
1764513767577,0,monitor_data.speed_ref
1764513767579,0,monitor_data.speed_ref
1764513767580,0,monitor_data.speed_ref
1764513767581,0,monitor_data.speed_ref
1764513767582,0,monitor_data.speed_ref
1764513767584,0,monitor_data.speed_ref
1764513767585,0,monitor_data.speed_ref
1764513767586,0,monitor_data.speed_ref
1764513767588,0,monitor_data.speed_ref
1764513767589,0,monitor_data.speed_ref
1764513767590,0,monitor_data.speed_ref
1764513767592,0,monitor_data.speed_ref
1764513767593,0,monitor_data.speed_ref
1764513767594,0,monitor_data.speed_ref
1764513767595,0,monitor_data.speed_ref
1764513767597,0,monitor_data.speed_ref
1764513767598,0,monitor_data.speed_ref
1764513767599,0,monitor_data.speed_ref
1764513767601,0,monitor_data.speed_ref
1764513767602,0,monitor_data.speed_ref
1764513767603,0,monitor_data.speed_ref
1764513767604,0,monitor_data.speed_ref
1764513767606,1758.8787841796875,monitor_data.speed
1764513767607,1748.0455322265625,monitor_data.speed
1764513767608,1755.5205078125,monitor_data.speed
1764513767610,1750.5711669921875,monitor_data.speed
1764513767611,1745.7115478515625,monitor_data.speed
1764513767612,1757.8048095703125,monitor_data.speed
1764513767613,1764.052978515625,monitor_data.speed
1764513767615,1757.8697509765625,monitor_data.speed
1764513767616,1763.729736328125,monitor_data.speed
1764513767617,1757.703369140625,monitor_data.speed
1764513767619,1746.615234375,monitor_data.speed
1764513767620,1741.9615478515625,monitor_data.speed
1764513767621,1778.134521484375,monitor_data.speed
1764513767623,1798.6962890625,monitor_data.speed
1764513767624,1788.24755859375,monitor_data.speed
1764513767625,1789.2308349609375,monitor_data.speed
1764513767626,1779.743408203125,monitor_data.speed
1764513767628,1782.0267333984375,monitor_data.speed
1764513767629,1773.08740234375,monitor_data.speed
1764513767630,1781.601318359375,monitor_data.speed
1764513767632,1772.8828125,monitor_data.speed
1764513767633,1781.2183837890625,monitor_data.speed
1764513767634,1783.1282958984375,monitor_data.speed
1764513767636,1785.064697265625,monitor_data.speed
1764513767637,1776.74853515625,monitor_data.speed
1764513767638,1763.719970703125,monitor_data.speed
1764513767639,1751.6192626953125,monitor_data.speed
1764513767641,1757.52392578125,monitor_data.speed
1764513767642,1746.066162109375,monitor_data.speed
1764513767643,1758.1248779296875,monitor_data.speed
1764513767645,1752.6102294921875,monitor_data.speed
1764513767646,1764.3541259765625,monitor_data.speed
1764513767647,1752.5439453125,monitor_data.speed
1764513767649,1763.7418212890625,monitor_data.speed
1764513767650,1757.4881591796875,monitor_data.speed
1764513767651,1762.887451171875,monitor_data.speed
1764513767653,1745.4776611328125,monitor_data.speed
1764513767654,1751.9698486328125,monitor_data.speed
1764513767606,0,monitor_data.speed_ref
1764513767607,0,monitor_data.speed_ref
1764513767608,0,monitor_data.speed_ref
1764513767610,0,monitor_data.speed_ref
1764513767611,0,monitor_data.speed_ref
1764513767612,0,monitor_data.speed_ref
1764513767613,0,monitor_data.speed_ref
1764513767615,0,monitor_data.speed_ref
1764513767616,0,monitor_data.speed_ref
1764513767617,0,monitor_data.speed_ref
1764513767619,0,monitor_data.speed_ref
1764513767620,0,monitor_data.speed_ref
1764513767621,0,monitor_data.speed_ref
1764513767623,0,monitor_data.speed_ref
1764513767624,0,monitor_data.speed_ref
1764513767625,0,monitor_data.speed_ref
1764513767626,0,monitor_data.speed_ref
1764513767628,0,monitor_data.speed_ref
1764513767629,0,monitor_data.speed_ref
1764513767630,0,monitor_data.speed_ref
1764513767632,0,monitor_data.speed_ref
1764513767633,0,monitor_data.speed_ref
1764513767634,0,monitor_data.speed_ref
1764513767636,0,monitor_data.speed_ref
1764513767637,0,monitor_data.speed_ref
1764513767638,0,monitor_data.speed_ref
1764513767639,0,monitor_data.speed_ref
1764513767641,0,monitor_data.speed_ref
1764513767642,0,monitor_data.speed_ref
1764513767643,0,monitor_data.speed_ref
1764513767645,0,monitor_data.speed_ref
1764513767646,0,monitor_data.speed_ref
1764513767647,0,monitor_data.speed_ref
1764513767649,0,monitor_data.speed_ref
1764513767650,0,monitor_data.speed_ref
1764513767651,0,monitor_data.speed_ref
1764513767653,0,monitor_data.speed_ref
1764513767654,0,monitor_data.speed_ref
1764513767655,1753.0218505859375,monitor_data.speed
1764513767656,1774.5804443359375,monitor_data.speed
1764513767658,1788.149658203125,monitor_data.speed
1764513767659,1772.881591796875,monitor_data.speed
1764513767660,1781.42578125,monitor_data.speed
1764513767662,1772.937255859375,monitor_data.speed
1764513767663,1782.0838623046875,monitor_data.speed
1764513767664,1767.675048828125,monitor_data.speed
1764513767665,1782.909423828125,monitor_data.speed
1764513767667,1786.350830078125,monitor_data.speed
1764513767668,1794.2139892578125,monitor_data.speed
1764513767669,1778.4417724609375,monitor_data.speed
1764513767671,1775.937744140625,monitor_data.speed
1764513767672,1762.728271484375,monitor_data.speed
1764513767673,1762.296630859375,monitor_data.speed
1764513767674,1750.641845703125,monitor_data.speed
1764513767676,1762.9571533203125,monitor_data.speed
1764513767677,1757.5189208984375,monitor_data.speed
1764513767678,1746.4984130859375,monitor_data.speed
1764513767679,1758.3912353515625,monitor_data.speed
1764513767681,1752.67431640625,monitor_data.speed
1764513767682,1764.3580322265625,monitor_data.speed
1764513767683,1758.1383056640625,monitor_data.speed
1764513767685,1763.452392578125,monitor_data.speed
1764513767686,1751.4417724609375,monitor_data.speed
1764513767687,1757.644775390625,monitor_data.speed
1764513767689,1741.154296875,monitor_data.speed
1764513767690,1759.7412109375,monitor_data.speed
1764513767691,1781.6693115234375,monitor_data.speed
1764513767692,1784.4315185546875,monitor_data.speed
1764513767694,1775.8116455078125,monitor_data.speed
1764513767695,1768.121826171875,monitor_data.speed
1764513767696,1777.524658203125,monitor_data.speed
1764513767697,1769.68896484375,monitor_data.speed
1764513767699,1773.2642822265625,monitor_data.speed
1764513767700,1771.336669921875,monitor_data.speed
1764513767701,1781.31494140625,monitor_data.speed
1764513767702,1783.12890625,monitor_data.speed
1764513767704,1785.342529296875,monitor_data.speed
1764513767705,1771.4481201171875,monitor_data.speed
1764513767655,0,monitor_data.speed_ref
1764513767656,0,monitor_data.speed_ref
1764513767658,0,monitor_data.speed_ref
1764513767659,0,monitor_data.speed_ref
1764513767660,0,monitor_data.speed_ref
1764513767662,0,monitor_data.speed_ref
1764513767663,0,monitor_data.speed_ref
1764513767664,0,monitor_data.speed_ref
1764513767665,0,monitor_data.speed_ref
1764513767667,0,monitor_data.speed_ref
1764513767668,0,monitor_data.speed_ref
1764513767669,0,monitor_data.speed_ref
1764513767671,0,monitor_data.speed_ref
1764513767672,0,monitor_data.speed_ref
1764513767673,0,monitor_data.speed_ref
1764513767674,0,monitor_data.speed_ref
1764513767676,0,monitor_data.speed_ref
1764513767677,0,monitor_data.speed_ref
1764513767678,0,monitor_data.speed_ref
1764513767679,0,monitor_data.speed_ref
1764513767681,0,monitor_data.speed_ref
1764513767682,0,monitor_data.speed_ref
1764513767683,0,monitor_data.speed_ref
1764513767685,0,monitor_data.speed_ref
1764513767686,0,monitor_data.speed_ref
1764513767687,0,monitor_data.speed_ref
1764513767689,0,monitor_data.speed_ref
1764513767690,0,monitor_data.speed_ref
1764513767691,0,monitor_data.speed_ref
1764513767692,0,monitor_data.speed_ref
1764513767694,0,monitor_data.speed_ref
1764513767695,0,monitor_data.speed_ref
1764513767696,0,monitor_data.speed_ref
1764513767697,0,monitor_data.speed_ref
1764513767699,0,monitor_data.speed_ref
1764513767700,0,monitor_data.speed_ref
1764513767701,0,monitor_data.speed_ref
1764513767702,0,monitor_data.speed_ref
1764513767704,0,monitor_data.speed_ref
1764513767705,0,monitor_data.speed_ref
1764513767706,1770.1763916015625,monitor_data.speed
1764513767707,1758.0596923828125,monitor_data.speed
1764513767709,1758.375732421875,monitor_data.speed
1764513767710,1753.0615234375,monitor_data.speed
1764513767711,1747.9652099609375,monitor_data.speed
1764513767712,1760.16162109375,monitor_data.speed
1764513767714,1748.8487548828125,monitor_data.speed
1764513767715,1760.6392822265625,monitor_data.speed
1764513767716,1754.7630615234375,monitor_data.speed
1764513767718,1766.1300048828125,monitor_data.speed
1764513767719,1765.8160400390625,monitor_data.speed
1764513767720,1759.5367431640625,monitor_data.speed
1764513767722,1748.23681640625,monitor_data.speed
1764513767723,1749.1611328125,monitor_data.speed
1764513767724,1756.253662109375,monitor_data.speed
1764513767725,1807.0086669921875,monitor_data.speed
1764513767727,1796.0596923828125,monitor_data.speed
1764513767728,1791.3160400390625,monitor_data.speed
1764513767729,1781.5721435546875,monitor_data.speed
1764513767731,1789.507080078125,monitor_data.speed
1764513767732,1780.2039794921875,monitor_data.speed
1764513767733,1782.87451171875,monitor_data.speed
1764513767735,1780.0765380859375,monitor_data.speed
1764513767736,1782.4691162109375,monitor_data.speed
1764513767737,1790.940185546875,monitor_data.speed
1764513767738,1776.518310546875,monitor_data.speed
1764513767739,1763.12646484375,monitor_data.speed
1764513767741,1762.0001220703125,monitor_data.speed
1764513767742,1750.36572265625,monitor_data.speed
1764513767743,1750.847412109375,monitor_data.speed
1764513767745,1745.8341064453125,monitor_data.speed
1764513767746,1752.557373046875,monitor_data.speed
1764513767747,1747.4483642578125,monitor_data.speed
1764513767748,1759.579833984375,monitor_data.speed
1764513767750,1753.94287109375,monitor_data.speed
1764513767751,1765.6571044921875,monitor_data.speed
1764513767752,1753.6123046875,monitor_data.speed
1764513767754,1759.0472412109375,monitor_data.speed
1764513767755,1747.3504638671875,monitor_data.speed
1764513767706,0,monitor_data.speed_ref
1764513767707,0,monitor_data.speed_ref
1764513767709,0,monitor_data.speed_ref
1764513767710,0,monitor_data.speed_ref
1764513767711,0,monitor_data.speed_ref
1764513767712,0,monitor_data.speed_ref
1764513767714,0,monitor_data.speed_ref
1764513767715,0,monitor_data.speed_ref
1764513767716,0,monitor_data.speed_ref
1764513767718,0,monitor_data.speed_ref
1764513767719,0,monitor_data.speed_ref
1764513767720,0,monitor_data.speed_ref
1764513767722,0,monitor_data.speed_ref
1764513767723,0,monitor_data.speed_ref
1764513767724,0,monitor_data.speed_ref
1764513767725,0,monitor_data.speed_ref
1764513767727,0,monitor_data.speed_ref
1764513767728,0,monitor_data.speed_ref
1764513767729,0,monitor_data.speed_ref
1764513767731,0,monitor_data.speed_ref
1764513767732,0,monitor_data.speed_ref
1764513767733,0,monitor_data.speed_ref
1764513767735,0,monitor_data.speed_ref
1764513767736,0,monitor_data.speed_ref
1764513767737,0,monitor_data.speed_ref
1764513767738,0,monitor_data.speed_ref
1764513767739,0,monitor_data.speed_ref
1764513767741,0,monitor_data.speed_ref
1764513767742,0,monitor_data.speed_ref
1764513767743,0,monitor_data.speed_ref
1764513767745,0,monitor_data.speed_ref
1764513767746,0,monitor_data.speed_ref
1764513767747,0,monitor_data.speed_ref
1764513767748,0,monitor_data.speed_ref
1764513767750,0,monitor_data.speed_ref
1764513767751,0,monitor_data.speed_ref
1764513767752,0,monitor_data.speed_ref
1764513767754,0,monitor_data.speed_ref
1764513767755,0,monitor_data.speed_ref
1764513767756,1753.79541015625,monitor_data.speed
1764513767758,1737.5469970703125,monitor_data.speed
1764513767759,1778.906005859375,monitor_data.speed
1764513767760,1782.4034423828125,monitor_data.speed
1764513767761,1785.523681640625,monitor_data.speed
1764513767763,1771.0478515625,monitor_data.speed
1764513767764,1780.5858154296875,monitor_data.speed
1764513767765,1772.4869384765625,monitor_data.speed
1764513767767,1776.025146484375,monitor_data.speed
1764513767768,1768.045166015625,monitor_data.speed
1764513767770,1777.5361328125,monitor_data.speed
1764513767771,1790.81396484375,monitor_data.speed
1764513767772,1775.4881591796875,monitor_data.speed
1764513767774,1779.1260986328125,monitor_data.speed
1764513767775,1760.138671875,monitor_data.speed
1764513767776,1759.98681640625,monitor_data.speed
1764513767777,1754.3076171875,monitor_data.speed
1764513767779,1760.7086181640625,monitor_data.speed
1764513767780,1749.57958984375,monitor_data.speed
1764513767781,1756.122314453125,monitor_data.speed
1764513767783,1756.421142578125,monitor_data.speed
1764513767784,1762.3382568359375,monitor_data.speed
1764513767785,1762.1007080078125,monitor_data.speed
1764513767786,1767.76806640625,monitor_data.speed
1764513767788,1761.3388671875,monitor_data.speed
1764513767789,1749.521728515625,monitor_data.speed
1764513767790,1755.5223388671875,monitor_data.speed
1764513767792,1739.0635986328125,monitor_data.speed
1764513767793,1763.737548828125,monitor_data.speed
1764513767794,1780.6492919921875,monitor_data.speed
1764513767795,1772.4925537109375,monitor_data.speed
1764513767797,1776.609619140625,monitor_data.speed
1764513767798,1769.113525390625,monitor_data.speed
1764513767799,1773.3642578125,monitor_data.speed
1764513767800,1771.985107421875,monitor_data.speed
1764513767802,1776.2537841796875,monitor_data.speed
1764513767803,1768.58056640625,monitor_data.speed
1764513767804,1778.48046875,monitor_data.speed
1764513767806,1780.6468505859375,monitor_data.speed
1764513767756,0,monitor_data.speed_ref
1764513767758,0,monitor_data.speed_ref
1764513767759,0,monitor_data.speed_ref
1764513767760,0,monitor_data.speed_ref
1764513767761,0,monitor_data.speed_ref
1764513767763,0,monitor_data.speed_ref
1764513767764,0,monitor_data.speed_ref
1764513767765,0,monitor_data.speed_ref
1764513767767,0,monitor_data.speed_ref
1764513767768,0,monitor_data.speed_ref
1764513767770,0,monitor_data.speed_ref
1764513767771,0,monitor_data.speed_ref
1764513767772,0,monitor_data.speed_ref
1764513767774,0,monitor_data.speed_ref
1764513767775,0,monitor_data.speed_ref
1764513767776,0,monitor_data.speed_ref
1764513767777,0,monitor_data.speed_ref
1764513767779,0,monitor_data.speed_ref
1764513767780,0,monitor_data.speed_ref
1764513767781,0,monitor_data.speed_ref
1764513767783,0,monitor_data.speed_ref
1764513767784,0,monitor_data.speed_ref
1764513767785,0,monitor_data.speed_ref
1764513767786,0,monitor_data.speed_ref
1764513767788,0,monitor_data.speed_ref
1764513767789,0,monitor_data.speed_ref
1764513767790,0,monitor_data.speed_ref
1764513767792,0,monitor_data.speed_ref
1764513767793,0,monitor_data.speed_ref
1764513767794,0,monitor_data.speed_ref
1764513767795,0,monitor_data.speed_ref
1764513767797,0,monitor_data.speed_ref
1764513767798,0,monitor_data.speed_ref
1764513767799,0,monitor_data.speed_ref
1764513767800,0,monitor_data.speed_ref
1764513767802,0,monitor_data.speed_ref
1764513767803,0,monitor_data.speed_ref
1764513767804,0,monitor_data.speed_ref
1764513767806,0,monitor_data.speed_ref
1764513767807,1772.1942138671875,monitor_data.speed
1764513767808,1763.83349609375,monitor_data.speed
1764513767810,1763.2684326171875,monitor_data.speed
1764513767811,1745.8033447265625,monitor_data.speed
1764513767812,1752.4730224609375,monitor_data.speed
1764513767814,1741.68115234375,monitor_data.speed
1764513767815,1754.216064453125,monitor_data.speed
1764513767816,1748.896240234375,monitor_data.speed
1764513767818,1761.1541748046875,monitor_data.speed
1764513767819,1755.3572998046875,monitor_data.speed
1764513767820,1767.267822265625,monitor_data.speed
1764513767821,1755.10888671875,monitor_data.speed
1764513767823,1760.55322265625,monitor_data.speed
1764513767824,1749.2518310546875,monitor_data.speed
1764513767826,1750.0335693359375,monitor_data.speed
1764513767827,1734.06689453125,monitor_data.speed
1764513767828,1768.80029296875,monitor_data.speed
1764513767829,1777.9044189453125,monitor_data.speed
1764513767831,1780.73779296875,monitor_data.speed
1764513767832,1766.7061767578125,monitor_data.speed
1764513767833,1776.2301025390625,monitor_data.speed
1764513767835,1768.383544921875,monitor_data.speed
1764513767836,1777.775146484375,monitor_data.speed
1764513767837,1781.4532470703125,monitor_data.speed
1764513767839,1790.83251953125,monitor_data.speed
1764513767840,1776.06982421875,monitor_data.speed
1764513767841,1773.572021484375,monitor_data.speed
1764513767843,1760.707763671875,monitor_data.speed
1764513767844,1760.549560546875,monitor_data.speed
1764513767845,1749.3331298828125,monitor_data.speed
1764513767847,1750.28564453125,monitor_data.speed
1764513767848,1745.6270751953125,monitor_data.speed
1764513767849,1752.7027587890625,monitor_data.speed
1764513767850,1753.4464111328125,monitor_data.speed
1764513767852,1759.94921875,monitor_data.speed
1764513767853,1754.21533203125,monitor_data.speed
1764513767854,1766.0167236328125,monitor_data.speed
1764513767856,1759.8546142578125,monitor_data.speed
1764513767807,0,monitor_data.speed_ref
1764513767808,0,monitor_data.speed_ref
1764513767810,0,monitor_data.speed_ref
1764513767811,0,monitor_data.speed_ref
1764513767812,0,monitor_data.speed_ref
1764513767814,0,monitor_data.speed_ref
1764513767815,0,monitor_data.speed_ref
1764513767816,0,monitor_data.speed_ref
1764513767818,0,monitor_data.speed_ref
1764513767819,0,monitor_data.speed_ref
1764513767820,0,monitor_data.speed_ref
1764513767821,0,monitor_data.speed_ref
1764513767823,0,monitor_data.speed_ref
1764513767824,0,monitor_data.speed_ref
1764513767826,0,monitor_data.speed_ref
1764513767827,0,monitor_data.speed_ref
1764513767828,0,monitor_data.speed_ref
1764513767829,0,monitor_data.speed_ref
1764513767831,0,monitor_data.speed_ref
1764513767832,0,monitor_data.speed_ref
1764513767833,0,monitor_data.speed_ref
1764513767835,0,monitor_data.speed_ref
1764513767836,0,monitor_data.speed_ref
1764513767837,0,monitor_data.speed_ref
1764513767839,0,monitor_data.speed_ref
1764513767840,0,monitor_data.speed_ref
1764513767841,0,monitor_data.speed_ref
1764513767843,0,monitor_data.speed_ref
1764513767844,0,monitor_data.speed_ref
1764513767845,0,monitor_data.speed_ref
1764513767847,0,monitor_data.speed_ref
1764513767848,0,monitor_data.speed_ref
1764513767849,0,monitor_data.speed_ref
1764513767850,0,monitor_data.speed_ref
1764513767852,0,monitor_data.speed_ref
1764513767853,0,monitor_data.speed_ref
1764513767854,0,monitor_data.speed_ref
1764513767856,0,monitor_data.speed_ref
1764513767857,1753.909912109375,monitor_data.speed
1764513767858,1753.8792724609375,monitor_data.speed
1764513767860,1754.8157958984375,monitor_data.speed
1764513767861,1738.856201171875,monitor_data.speed
1764513767862,1773.6214599609375,monitor_data.speed
1764513767864,1776.5611572265625,monitor_data.speed
1764513767865,1779.676025390625,monitor_data.speed
1764513767866,1771.4715576171875,monitor_data.speed
1764513767868,1775.325439453125,monitor_data.speed
1764513767869,1767.01318359375,monitor_data.speed
1764513767870,1776.663818359375,monitor_data.speed
1764513767872,1768.7144775390625,monitor_data.speed
1764513767873,1778.4149169921875,monitor_data.speed
1764513767874,1781.4188232421875,monitor_data.speed
1764513767876,1767.475341796875,monitor_data.speed
1764513767877,1766.016357421875,monitor_data.speed
1764513767878,1753.9095458984375,monitor_data.speed
1764513767879,1760.101318359375,monitor_data.speed
1764513767881,1743.4459228515625,monitor_data.speed
1764513767882,1750.3876953125,monitor_data.speed
1764513767883,1745.8900146484375,monitor_data.speed
1764513767885,1758.5196533203125,monitor_data.speed
1764513767886,1747.421875,monitor_data.speed
1764513767887,1759.65673828125,monitor_data.speed
1764513767888,1753.8448486328125,monitor_data.speed
1764513767890,1765.3658447265625,monitor_data.speed
1764513767891,1753.388916015625,monitor_data.speed
1764513767892,1759.2427978515625,monitor_data.speed
1764513767894,1742.3275146484375,monitor_data.speed
1764513767895,1749.5654296875,monitor_data.speed
1764513767896,1768.1131591796875,monitor_data.speed
1764513767897,1772.67138671875,monitor_data.speed
1764513767899,1776.6298828125,monitor_data.speed
1764513767900,1769.0225830078125,monitor_data.speed
1764513767901,1773.2437744140625,monitor_data.speed
1764513767903,1765.74560546875,monitor_data.speed
1764513767904,1776.16943359375,monitor_data.speed
1764513767905,1768.616943359375,monitor_data.speed
1764513767857,0,monitor_data.speed_ref
1764513767858,0,monitor_data.speed_ref
1764513767860,0,monitor_data.speed_ref
1764513767861,0,monitor_data.speed_ref
1764513767862,0,monitor_data.speed_ref
1764513767864,0,monitor_data.speed_ref
1764513767865,0,monitor_data.speed_ref
1764513767866,0,monitor_data.speed_ref
1764513767868,0,monitor_data.speed_ref
1764513767869,0,monitor_data.speed_ref
1764513767870,0,monitor_data.speed_ref
1764513767872,0,monitor_data.speed_ref
1764513767873,0,monitor_data.speed_ref
1764513767874,0,monitor_data.speed_ref
1764513767876,0,monitor_data.speed_ref
1764513767877,0,monitor_data.speed_ref
1764513767878,0,monitor_data.speed_ref
1764513767879,0,monitor_data.speed_ref
1764513767881,0,monitor_data.speed_ref
1764513767882,0,monitor_data.speed_ref
1764513767883,0,monitor_data.speed_ref
1764513767885,0,monitor_data.speed_ref
1764513767886,0,monitor_data.speed_ref
1764513767887,0,monitor_data.speed_ref
1764513767888,0,monitor_data.speed_ref
1764513767890,0,monitor_data.speed_ref
1764513767891,0,monitor_data.speed_ref
1764513767892,0,monitor_data.speed_ref
1764513767894,0,monitor_data.speed_ref
1764513767895,0,monitor_data.speed_ref
1764513767896,0,monitor_data.speed_ref
1764513767897,0,monitor_data.speed_ref
1764513767899,0,monitor_data.speed_ref
1764513767900,0,monitor_data.speed_ref
1764513767901,0,monitor_data.speed_ref
1764513767903,0,monitor_data.speed_ref
1764513767904,0,monitor_data.speed_ref
1764513767905,0,monitor_data.speed_ref
1764513767907,1778.787109375,monitor_data.speed
1764513767908,1781.3568115234375,monitor_data.speed
1764513767909,1783.8880615234375,monitor_data.speed
1764513767910,1775.571044921875,monitor_data.speed
1764513767912,1774.1812744140625,monitor_data.speed
1764513767913,1755.8447265625,monitor_data.speed
1764513767914,1756.145263671875,monitor_data.speed
1764513767916,1750.697509765625,monitor_data.speed
1764513767917,1745.8223876953125,monitor_data.speed
1764513767918,1752.3807373046875,monitor_data.speed
1764513767919,1747.2379150390625,monitor_data.speed
1764513767921,1759.313232421875,monitor_data.speed
1764513767922,1753.4908447265625,monitor_data.speed
1764513767923,1764.9970703125,monitor_data.speed
1764513767925,1758.636474609375,monitor_data.speed
1764513767926,1764.1781005859375,monitor_data.speed
1764513767927,1752.573974609375,monitor_data.speed
1764513767928,1753.3797607421875,monitor_data.speed
1764513767930,1749.1497802734375,monitor_data.speed
1764513767931,1771.4722900390625,monitor_data.speed
1764513767933,1790.52099609375,monitor_data.speed
1764513767934,1792.8753662109375,monitor_data.speed
1764513767935,1783.66455078125,monitor_data.speed
1764513767936,1775.089111328125,monitor_data.speed
1764513767938,1778.1578369140625,monitor_data.speed
1764513767939,1775.7872314453125,monitor_data.speed
1764513767940,1785.1270751953125,monitor_data.speed
1764513767942,1787.9576416015625,monitor_data.speed
1764513767943,1795.4306640625,monitor_data.speed
1764513767944,1779.9400634765625,monitor_data.speed
1764513767945,1777.6590576171875,monitor_data.speed
1764513767947,1764.4085693359375,monitor_data.speed
1764513767948,1752.2286376953125,monitor_data.speed
1764513767949,1758.0010986328125,monitor_data.speed
1764513767950,1746.761962890625,monitor_data.speed
1764513767952,1759.0172119140625,monitor_data.speed
1764513767953,1747.9696044921875,monitor_data.speed
1764513767954,1759.9794921875,monitor_data.speed
1764513767956,1754.1258544921875,monitor_data.speed
1764513767907,0,monitor_data.speed_ref
1764513767908,0,monitor_data.speed_ref
1764513767909,0,monitor_data.speed_ref
1764513767910,0,monitor_data.speed_ref
1764513767912,0,monitor_data.speed_ref
1764513767913,0,monitor_data.speed_ref
1764513767914,0,monitor_data.speed_ref
1764513767916,0,monitor_data.speed_ref
1764513767917,0,monitor_data.speed_ref
1764513767918,0,monitor_data.speed_ref
1764513767919,0,monitor_data.speed_ref
1764513767921,0,monitor_data.speed_ref
1764513767922,0,monitor_data.speed_ref
1764513767923,0,monitor_data.speed_ref
1764513767925,0,monitor_data.speed_ref
1764513767926,0,monitor_data.speed_ref
1764513767927,0,monitor_data.speed_ref
1764513767928,0,monitor_data.speed_ref
1764513767930,0,monitor_data.speed_ref
1764513767931,0,monitor_data.speed_ref
1764513767933,0,monitor_data.speed_ref
1764513767934,0,monitor_data.speed_ref
1764513767935,0,monitor_data.speed_ref
1764513767936,0,monitor_data.speed_ref
1764513767938,0,monitor_data.speed_ref
1764513767939,0,monitor_data.speed_ref
1764513767940,0,monitor_data.speed_ref
1764513767942,0,monitor_data.speed_ref
1764513767943,0,monitor_data.speed_ref
1764513767944,0,monitor_data.speed_ref
1764513767945,0,monitor_data.speed_ref
1764513767947,0,monitor_data.speed_ref
1764513767948,0,monitor_data.speed_ref
1764513767949,0,monitor_data.speed_ref
1764513767950,0,monitor_data.speed_ref
1764513767952,0,monitor_data.speed_ref
1764513767953,0,monitor_data.speed_ref
1764513767954,0,monitor_data.speed_ref
1764513767956,0,monitor_data.speed_ref
1764513767957,1765.6317138671875,monitor_data.speed
1764513767958,1759.421875,monitor_data.speed
1764513767959,1764.8095703125,monitor_data.speed
1764513767961,1752.9581298828125,monitor_data.speed
1764513767962,1759.2626953125,monitor_data.speed
1764513767963,1742.5709228515625,monitor_data.speed
1764513767964,1767.7384033203125,monitor_data.speed
1764513767966,1789.6495361328125,monitor_data.speed
1764513767967,1785.1429443359375,monitor_data.speed
1764513767968,1793.513671875,monitor_data.speed
1764513767970,1771.806396484375,monitor_data.speed
1764513767971,1780.5352783203125,monitor_data.speed
1764513767973,1772.0572509765625,monitor_data.speed
1764513767974,1774.7142333984375,monitor_data.speed
1764513767975,1783.862548828125,monitor_data.speed
1764513767977,1792.165771484375,monitor_data.speed
1764513767978,1792.98779296875,monitor_data.speed
1764513767979,1777.9827880859375,monitor_data.speed
1764513767980,1775.0684814453125,monitor_data.speed
1764513767982,1761.9483642578125,monitor_data.speed
1764513767983,1767.0255126953125,monitor_data.speed
1764513767984,1755.177490234375,monitor_data.speed
1764513767986,1761.1990966796875,monitor_data.speed
1764513767987,1749.6165771484375,monitor_data.speed
1764513767988,1761.3389892578125,monitor_data.speed
1764513767989,1755.1856689453125,monitor_data.speed
1764513767991,1766.6732177734375,monitor_data.speed
1764513767992,1760.1695556640625,monitor_data.speed
1764513767993,1771.267578125,monitor_data.speed
1764513767995,1758.89892578125,monitor_data.speed
1764513767996,1764.8111572265625,monitor_data.speed
1764513767997,1747.704345703125,monitor_data.speed
1764513767998,1737.365478515625,monitor_data.speed
1764513768000,1755.2255859375,monitor_data.speed
1764513768001,1766.215087890625,monitor_data.speed
1764513768002,1770.87548828125,monitor_data.speed
1764513767957,0,monitor_data.speed_ref
1764513767958,0,monitor_data.speed_ref
1764513767959,0,monitor_data.speed_ref
1764513767961,0,monitor_data.speed_ref
1764513767962,0,monitor_data.speed_ref
1764513767963,0,monitor_data.speed_ref
1764513767964,0,monitor_data.speed_ref
1764513767966,0,monitor_data.speed_ref
1764513767967,0,monitor_data.speed_ref
1764513767968,0,monitor_data.speed_ref
1764513767970,0,monitor_data.speed_ref
1764513767971,0,monitor_data.speed_ref
1764513767973,0,monitor_data.speed_ref
1764513767974,0,monitor_data.speed_ref
1764513767975,0,monitor_data.speed_ref
1764513767977,0,monitor_data.speed_ref
1764513767978,0,monitor_data.speed_ref
1764513767979,0,monitor_data.speed_ref
1764513767980,0,monitor_data.speed_ref
1764513767982,0,monitor_data.speed_ref
1764513767983,0,monitor_data.speed_ref
1764513767984,0,monitor_data.speed_ref
1764513767986,0,monitor_data.speed_ref
1764513767987,0,monitor_data.speed_ref
1764513767988,0,monitor_data.speed_ref
1764513767989,0,monitor_data.speed_ref
1764513767991,0,monitor_data.speed_ref
1764513767992,0,monitor_data.speed_ref
1764513767993,0,monitor_data.speed_ref
1764513767995,0,monitor_data.speed_ref
1764513767996,0,monitor_data.speed_ref
1764513767997,0,monitor_data.speed_ref
1764513767998,0,monitor_data.speed_ref
1764513768000,0,monitor_data.speed_ref
1764513768001,0,monitor_data.speed_ref
1764513768002,0,monitor_data.speed_ref
1764513768003,1758.1082763671875,monitor_data.speed
1764513768005,1769.066650390625,monitor_data.speed
1764513768006,1768.119140625,monitor_data.speed
1764513768007,1761.271728515625,monitor_data.speed
1764513768008,1765.56982421875,monitor_data.speed
1764513768010,1776.06298828125,monitor_data.speed
1764513768011,1779.1640625,monitor_data.speed
1764513768012,1770.735595703125,monitor_data.speed
1764513768013,1774.237060546875,monitor_data.speed
1764513768015,1755.3756103515625,monitor_data.speed
1764513768016,1761.076904296875,monitor_data.speed
1764513768017,1749.6285400390625,monitor_data.speed
1764513768019,1750.5404052734375,monitor_data.speed
1764513768020,1745.6951904296875,monitor_data.speed
1764513768021,1746.6259765625,monitor_data.speed
1764513768023,1759.12060546875,monitor_data.speed
1764513768024,1753.5333251953125,monitor_data.speed
1764513768025,1765.3841552734375,monitor_data.speed
1764513768027,1759.1650390625,monitor_data.speed
1764513768028,1764.860595703125,monitor_data.speed
1764513768029,1758.6519775390625,monitor_data.speed
1764513768030,1747.2783203125,monitor_data.speed
1764513768032,1748.29931640625,monitor_data.speed
1764513768033,1749.8804931640625,monitor_data.speed
1764513768034,1789.2197265625,monitor_data.speed
1764513768036,1790.458251953125,monitor_data.speed
1764513768037,1775.40576171875,monitor_data.speed
1764513768038,1783.973388671875,monitor_data.speed
1764513768039,1775.583251953125,monitor_data.speed
1764513768041,1784.8453369140625,monitor_data.speed
1764513768042,1776.4105224609375,monitor_data.speed
1764513768043,1785.85546875,monitor_data.speed
1764513768044,1777.731201171875,monitor_data.speed
1764513768046,1779.431884765625,monitor_data.speed
1764513768047,1781.302734375,monitor_data.speed
1764513768048,1767.3143310546875,monitor_data.speed
1764513768050,1759.758056640625,monitor_data.speed
1764513768051,1765.2760009765625,monitor_data.speed
1764513768052,1753.64306640625,monitor_data.speed
1764513768054,1754.18896484375,monitor_data.speed
1764513768055,1748.938720703125,monitor_data.speed
1764513768003,0,monitor_data.speed_ref
1764513768005,0,monitor_data.speed_ref
1764513768006,0,monitor_data.speed_ref
1764513768007,0,monitor_data.speed_ref
1764513768008,0,monitor_data.speed_ref
1764513768010,0,monitor_data.speed_ref
1764513768011,0,monitor_data.speed_ref
1764513768012,0,monitor_data.speed_ref
1764513768013,0,monitor_data.speed_ref
1764513768015,0,monitor_data.speed_ref
1764513768016,0,monitor_data.speed_ref
1764513768017,0,monitor_data.speed_ref
1764513768019,0,monitor_data.speed_ref
1764513768020,0,monitor_data.speed_ref
1764513768021,0,monitor_data.speed_ref
1764513768023,0,monitor_data.speed_ref
1764513768024,0,monitor_data.speed_ref
1764513768025,0,monitor_data.speed_ref
1764513768027,0,monitor_data.speed_ref
1764513768028,0,monitor_data.speed_ref
1764513768029,0,monitor_data.speed_ref
1764513768030,0,monitor_data.speed_ref
1764513768032,0,monitor_data.speed_ref
1764513768033,0,monitor_data.speed_ref
1764513768034,0,monitor_data.speed_ref
1764513768036,0,monitor_data.speed_ref
1764513768037,0,monitor_data.speed_ref
1764513768038,0,monitor_data.speed_ref
1764513768039,0,monitor_data.speed_ref
1764513768041,0,monitor_data.speed_ref
1764513768042,0,monitor_data.speed_ref
1764513768043,0,monitor_data.speed_ref
1764513768044,0,monitor_data.speed_ref
1764513768046,0,monitor_data.speed_ref
1764513768047,0,monitor_data.speed_ref
1764513768048,0,monitor_data.speed_ref
1764513768050,0,monitor_data.speed_ref
1764513768051,0,monitor_data.speed_ref
1764513768052,0,monitor_data.speed_ref
1764513768054,0,monitor_data.speed_ref
1764513768055,0,monitor_data.speed_ref
1764513768056,1761.1845703125,monitor_data.speed
1764513768058,1749.71484375,monitor_data.speed
1764513768059,1761.427490234375,monitor_data.speed
1764513768060,1755.287109375,monitor_data.speed
1764513768062,1766.5404052734375,monitor_data.speed
1764513768063,1760.3233642578125,monitor_data.speed
1764513768064,1760.5028076171875,monitor_data.speed
1764513768065,1749.0723876953125,monitor_data.speed
1764513768067,1732.77490234375,monitor_data.speed
1764513768068,1762.536865234375,monitor_data.speed
1764513768069,1795.281494140625,monitor_data.speed
1764513768070,1779.8585205078125,monitor_data.speed
1764513768072,1782.042724609375,monitor_data.speed
1764513768073,1779.284912109375,monitor_data.speed
1764513768074,1782.34228515625,monitor_data.speed
1764513768075,1779.662109375,monitor_data.speed
1764513768077,1782.9476318359375,monitor_data.speed
1764513768078,1774.284423828125,monitor_data.speed
1764513768079,1800.6866455078125,monitor_data.speed
1764513768081,1795.3248291015625,monitor_data.speed
1764513768082,1779.5179443359375,monitor_data.speed
1764513768083,1782.6441650390625,monitor_data.speed
1764513768085,1763.249267578125,monitor_data.speed
1764513768086,1768.390380859375,monitor_data.speed
1764513768087,1756.3052978515625,monitor_data.speed
1764513768088,1762.4088134765625,monitor_data.speed
1764513768090,1756.4896240234375,monitor_data.speed
1764513768091,1768.26318359375,monitor_data.speed
1764513768092,1756.1505126953125,monitor_data.speed
1764513768094,1767.5341796875,monitor_data.speed
1764513768095,1760.9573974609375,monitor_data.speed
1764513768096,1772.0125732421875,monitor_data.speed
1764513768098,1759.4990234375,monitor_data.speed
1764513768099,1747.7056884765625,monitor_data.speed
1764513768100,1748.0108642578125,monitor_data.speed
1764513768101,1737.577392578125,monitor_data.speed
1764513768103,1761.429931640625,monitor_data.speed
1764513768104,1783.1505126953125,monitor_data.speed
1764513768105,1769.215087890625,monitor_data.speed
1764513768056,0,monitor_data.speed_ref
1764513768058,0,monitor_data.speed_ref
1764513768059,0,monitor_data.speed_ref
1764513768060,0,monitor_data.speed_ref
1764513768062,0,monitor_data.speed_ref
1764513768063,0,monitor_data.speed_ref
1764513768064,0,monitor_data.speed_ref
1764513768065,0,monitor_data.speed_ref
1764513768067,0,monitor_data.speed_ref
1764513768068,0,monitor_data.speed_ref
1764513768069,0,monitor_data.speed_ref
1764513768070,0,monitor_data.speed_ref
1764513768072,0,monitor_data.speed_ref
1764513768073,0,monitor_data.speed_ref
1764513768074,0,monitor_data.speed_ref
1764513768075,0,monitor_data.speed_ref
1764513768077,0,monitor_data.speed_ref
1764513768078,0,monitor_data.speed_ref
1764513768079,0,monitor_data.speed_ref
1764513768081,0,monitor_data.speed_ref
1764513768082,0,monitor_data.speed_ref
1764513768083,0,monitor_data.speed_ref
1764513768085,0,monitor_data.speed_ref
1764513768086,0,monitor_data.speed_ref
1764513768087,0,monitor_data.speed_ref
1764513768088,0,monitor_data.speed_ref
1764513768090,0,monitor_data.speed_ref
1764513768091,0,monitor_data.speed_ref
1764513768092,0,monitor_data.speed_ref
1764513768094,0,monitor_data.speed_ref
1764513768095,0,monitor_data.speed_ref
1764513768096,0,monitor_data.speed_ref
1764513768098,0,monitor_data.speed_ref
1764513768099,0,monitor_data.speed_ref
1764513768100,0,monitor_data.speed_ref
1764513768101,0,monitor_data.speed_ref
1764513768103,0,monitor_data.speed_ref
1764513768104,0,monitor_data.speed_ref
1764513768105,0,monitor_data.speed_ref
1764513768106,1779.3531494140625,monitor_data.speed
1764513768108,1765.7686767578125,monitor_data.speed
1764513768109,1776.01416015625,monitor_data.speed
1764513768110,1768.25634765625,monitor_data.speed
1764513768111,1760.876220703125,monitor_data.speed
1764513768113,1770.7239990234375,monitor_data.speed
1764513768114,1773.8253173828125,monitor_data.speed
1764513768115,1783.5621337890625,monitor_data.speed
1764513768117,1770.14892578125,monitor_data.speed
1764513768118,1751.898681640625,monitor_data.speed
1764513768119,1752.126220703125,monitor_data.speed
1764513768120,1741.2796630859375,monitor_data.speed
1764513768122,1753.9937744140625,monitor_data.speed
1764513768123,1743.5203857421875,monitor_data.speed
1764513768124,1750.5284423828125,monitor_data.speed
1764513768126,1751.35205078125,monitor_data.speed
1764513768127,1757.715576171875,monitor_data.speed
1764513768128,1752.08837890625,monitor_data.speed
1764513768130,1757.8634033203125,monitor_data.speed
1764513768131,1763.6087646484375,monitor_data.speed
1764513768132,1751.734619140625,monitor_data.speed
1764513768134,1758.1285400390625,monitor_data.speed
1764513768135,1741.6304931640625,monitor_data.speed
1764513768136,1766.4376220703125,monitor_data.speed
1764513768138,1782.821044921875,monitor_data.speed
1764513768139,1785.459716796875,monitor_data.speed
1764513768140,1777.0130615234375,monitor_data.speed
1764513768141,1768.9693603515625,monitor_data.speed
1764513768143,1772.572265625,monitor_data.speed
1764513768144,1764.679931640625,monitor_data.speed
1764513768145,1774.168701171875,monitor_data.speed
1764513768147,1783.797119140625,monitor_data.speed
1764513768148,1786.115478515625,monitor_data.speed
1764513768149,1788.236083984375,monitor_data.speed
1764513768151,1773.573486328125,monitor_data.speed
1764513768152,1771.677734375,monitor_data.speed
1764513768106,0,monitor_data.speed_ref
1764513768108,0,monitor_data.speed_ref
1764513768109,0,monitor_data.speed_ref
1764513768110,0,monitor_data.speed_ref
1764513768111,0,monitor_data.speed_ref
1764513768113,0,monitor_data.speed_ref
1764513768114,0,monitor_data.speed_ref
1764513768115,0,monitor_data.speed_ref
1764513768117,0,monitor_data.speed_ref
1764513768118,0,monitor_data.speed_ref
1764513768119,0,monitor_data.speed_ref
1764513768120,0,monitor_data.speed_ref
1764513768122,0,monitor_data.speed_ref
1764513768123,0,monitor_data.speed_ref
1764513768124,0,monitor_data.speed_ref
1764513768126,0,monitor_data.speed_ref
1764513768127,0,monitor_data.speed_ref
1764513768128,0,monitor_data.speed_ref
1764513768130,0,monitor_data.speed_ref
1764513768131,0,monitor_data.speed_ref
1764513768132,0,monitor_data.speed_ref
1764513768134,0,monitor_data.speed_ref
1764513768135,0,monitor_data.speed_ref
1764513768136,0,monitor_data.speed_ref
1764513768138,0,monitor_data.speed_ref
1764513768139,0,monitor_data.speed_ref
1764513768140,0,monitor_data.speed_ref
1764513768141,0,monitor_data.speed_ref
1764513768143,0,monitor_data.speed_ref
1764513768144,0,monitor_data.speed_ref
1764513768145,0,monitor_data.speed_ref
1764513768147,0,monitor_data.speed_ref
1764513768148,0,monitor_data.speed_ref
1764513768149,0,monitor_data.speed_ref
1764513768151,0,monitor_data.speed_ref
1764513768152,0,monitor_data.speed_ref
1764513768153,1759.3331298828125,monitor_data.speed
1764513768155,1765.416015625,monitor_data.speed
1764513768156,1748.11376953125,monitor_data.speed
1764513768157,1754.66748046875,monitor_data.speed
1764513768158,1749.412841796875,monitor_data.speed
1764513768160,1761.6075439453125,monitor_data.speed
1764513768161,1755.931396484375,monitor_data.speed
1764513768162,1767.9569091796875,monitor_data.speed
1764513768164,1755.768798828125,monitor_data.speed
1764513768165,1767.179931640625,monitor_data.speed
1764513768166,1754.98046875,monitor_data.speed
1764513768167,1749.39306640625,monitor_data.speed
1764513768169,1750.0438232421875,monitor_data.speed
1764513768170,1751.1458740234375,monitor_data.speed
1764513768171,1789.9632568359375,monitor_data.speed
1764513768173,1802.3348388671875,monitor_data.speed
1764513768174,1786.0489501953125,monitor_data.speed
1764513768175,1794.0927734375,monitor_data.speed
1764513768177,1784.61962890625,monitor_data.speed
1764513768178,1787.365234375,monitor_data.speed
1764513768179,1778.274658203125,monitor_data.speed
1764513768181,1787.15673828125,monitor_data.speed
1764513768182,1796.0439453125,monitor_data.speed
1764513768183,1797.38916015625,monitor_data.speed
1764513768184,1781.65869140625,monitor_data.speed
1764513768186,1779.078857421875,monitor_data.speed
1764513768187,1765.7325439453125,monitor_data.speed
1764513768188,1753.3843994140625,monitor_data.speed
1764513768189,1759.086669921875,monitor_data.speed
1764513768191,1753.5841064453125,monitor_data.speed
1764513768192,1759.940673828125,monitor_data.speed
1764513768193,1748.6231689453125,monitor_data.speed
1764513768195,1760.5535888671875,monitor_data.speed
1764513768196,1754.6373291015625,monitor_data.speed
1764513768197,1766.2142333984375,monitor_data.speed
1764513768198,1759.9549560546875,monitor_data.speed
1764513768200,1765.27587890625,monitor_data.speed
1764513768201,1759.0159912109375,monitor_data.speed
1764513768202,1759.371337890625,monitor_data.speed
1764513768204,1748.47314453125,monitor_data.speed
1764513768205,1755.63818359375,monitor_data.speed
1764513768206,1788.932373046875,monitor_data.speed
1764513768153,0,monitor_data.speed_ref
1764513768155,0,monitor_data.speed_ref
1764513768156,0,monitor_data.speed_ref
1764513768157,0,monitor_data.speed_ref
1764513768158,0,monitor_data.speed_ref
1764513768160,0,monitor_data.speed_ref
1764513768161,0,monitor_data.speed_ref
1764513768162,0,monitor_data.speed_ref
1764513768164,0,monitor_data.speed_ref
1764513768165,0,monitor_data.speed_ref
1764513768166,0,monitor_data.speed_ref
1764513768167,0,monitor_data.speed_ref
1764513768169,0,monitor_data.speed_ref
1764513768170,0,monitor_data.speed_ref
1764513768171,0,monitor_data.speed_ref
1764513768173,0,monitor_data.speed_ref
1764513768174,0,monitor_data.speed_ref
1764513768175,0,monitor_data.speed_ref
1764513768177,0,monitor_data.speed_ref
1764513768178,0,monitor_data.speed_ref
1764513768179,0,monitor_data.speed_ref
1764513768181,0,monitor_data.speed_ref
1764513768182,0,monitor_data.speed_ref
1764513768183,0,monitor_data.speed_ref
1764513768184,0,monitor_data.speed_ref
1764513768186,0,monitor_data.speed_ref
1764513768187,0,monitor_data.speed_ref
1764513768188,0,monitor_data.speed_ref
1764513768189,0,monitor_data.speed_ref
1764513768191,0,monitor_data.speed_ref
1764513768192,0,monitor_data.speed_ref
1764513768193,0,monitor_data.speed_ref
1764513768195,0,monitor_data.speed_ref
1764513768196,0,monitor_data.speed_ref
1764513768197,0,monitor_data.speed_ref
1764513768198,0,monitor_data.speed_ref
1764513768200,0,monitor_data.speed_ref
1764513768201,0,monitor_data.speed_ref
1764513768202,0,monitor_data.speed_ref
1764513768204,0,monitor_data.speed_ref
1764513768205,0,monitor_data.speed_ref
1764513768206,0,monitor_data.speed_ref
1764513768207,1789.99755859375,monitor_data.speed
1764513768209,1792.4697265625,monitor_data.speed
1764513768210,1777.250732421875,monitor_data.speed
1764513768212,1786.3167724609375,monitor_data.speed
1764513768213,1777.5198974609375,monitor_data.speed
1764513768214,1780.6220703125,monitor_data.speed
1764513768215,1772.0216064453125,monitor_data.speed
1764513768217,1791.85693359375,monitor_data.speed
1764513768218,1782.1282958984375,monitor_data.speed
1764513768219,1778.7197265625,monitor_data.speed
1764513768221,1764.8199462890625,monitor_data.speed
1764513768222,1763.8653564453125,monitor_data.speed
1764513768223,1752.0758056640625,monitor_data.speed
1764513768225,1752.3929443359375,monitor_data.speed
1764513768226,1747.14794921875,monitor_data.speed
1764513768227,1753.6280517578125,monitor_data.speed
1764513768229,1754.0419921875,monitor_data.speed
1764513768230,1760.0186767578125,monitor_data.speed
1764513768231,1753.939208984375,monitor_data.speed
1764513768232,1765.3507080078125,monitor_data.speed
1764513768234,1758.9556884765625,monitor_data.speed
1764513768235,1758.52587890625,monitor_data.speed
1764513768236,1747.001953125,monitor_data.speed
1764513768238,1747.8917236328125,monitor_data.speed
1764513768239,1755.324462890625,monitor_data.speed
1764513768240,1777.9248046875,monitor_data.speed
1764513768242,1774.453857421875,monitor_data.speed
1764513768243,1783.5191650390625,monitor_data.speed
1764513768244,1769.369140625,monitor_data.speed
1764513768245,1778.8900146484375,monitor_data.speed
1764513768247,1770.7596435546875,monitor_data.speed
1764513768248,1774.360595703125,monitor_data.speed
1764513768250,1766.359619140625,monitor_data.speed
1764513768251,1786.1444091796875,monitor_data.speed
1764513768252,1788.373291015625,monitor_data.speed
1764513768254,1773.74951171875,monitor_data.speed
1764513768255,1771.83447265625,monitor_data.speed
1764513768257,1753.5858154296875,monitor_data.speed
1764513768207,0,monitor_data.speed_ref
1764513768209,0,monitor_data.speed_ref
1764513768210,0,monitor_data.speed_ref
1764513768212,0,monitor_data.speed_ref
1764513768213,0,monitor_data.speed_ref
1764513768214,0,monitor_data.speed_ref
1764513768215,0,monitor_data.speed_ref
1764513768217,0,monitor_data.speed_ref
1764513768218,0,monitor_data.speed_ref
1764513768219,0,monitor_data.speed_ref
1764513768221,0,monitor_data.speed_ref
1764513768222,0,monitor_data.speed_ref
1764513768223,0,monitor_data.speed_ref
1764513768225,0,monitor_data.speed_ref
1764513768226,0,monitor_data.speed_ref
1764513768227,0,monitor_data.speed_ref
1764513768229,0,monitor_data.speed_ref
1764513768230,0,monitor_data.speed_ref
1764513768231,0,monitor_data.speed_ref
1764513768232,0,monitor_data.speed_ref
1764513768234,0,monitor_data.speed_ref
1764513768235,0,monitor_data.speed_ref
1764513768236,0,monitor_data.speed_ref
1764513768238,0,monitor_data.speed_ref
1764513768239,0,monitor_data.speed_ref
1764513768240,0,monitor_data.speed_ref
1764513768242,0,monitor_data.speed_ref
1764513768243,0,monitor_data.speed_ref
1764513768244,0,monitor_data.speed_ref
1764513768245,0,monitor_data.speed_ref
1764513768247,0,monitor_data.speed_ref
1764513768248,0,monitor_data.speed_ref
1764513768250,0,monitor_data.speed_ref
1764513768251,0,monitor_data.speed_ref
1764513768252,0,monitor_data.speed_ref
1764513768254,0,monitor_data.speed_ref
1764513768255,0,monitor_data.speed_ref
1764513768257,0,monitor_data.speed_ref
1764513768258,1753.7589111328125,monitor_data.speed
1764513768259,1760.284423828125,monitor_data.speed
1764513768261,1754.84716796875,monitor_data.speed
1764513768262,1761.42138671875,monitor_data.speed
1764513768263,1755.7294921875,monitor_data.speed
1764513768264,1767.6976318359375,monitor_data.speed
1764513768266,1761.49365234375,monitor_data.speed
1764513768267,1755.379638671875,monitor_data.speed
1764513768268,1760.6002197265625,monitor_data.speed
1764513768270,1748.684326171875,monitor_data.speed
1764513768271,1754.583251953125,monitor_data.speed
1764513768272,1743.8787841796875,monitor_data.speed
1764513768273,1762.114501953125,monitor_data.speed
1764513768275,1783.435302734375,monitor_data.speed
1764513768276,1779.299072265625,monitor_data.speed
1764513768277,1787.549560546875,monitor_data.speed
1764513768279,1772.79248046875,monitor_data.speed
1764513768280,1781.847412109375,monitor_data.speed
1764513768282,1784.351806640625,monitor_data.speed
1764513768283,1775.73876953125,monitor_data.speed
1764513768284,1785.2564697265625,monitor_data.speed
1764513768285,1788.1439208984375,monitor_data.speed
1764513768287,1772.9989013671875,monitor_data.speed
1764513768288,1776.501220703125,monitor_data.speed
1764513768289,1757.5836181640625,monitor_data.speed
1764513768291,1763.31298828125,monitor_data.speed
1764513768292,1746.351806640625,monitor_data.speed
1764513768293,1752.9609375,monitor_data.speed
1764513768295,1747.987060546875,monitor_data.speed
1764513768296,1754.9373779296875,monitor_data.speed
1764513768297,1749.6505126953125,monitor_data.speed
1764513768298,1761.8685302734375,monitor_data.speed
1764513768300,1756.045166015625,monitor_data.speed
1764513768301,1767.6973876953125,monitor_data.speed
1764513768302,1755.5408935546875,monitor_data.speed
1764513768304,1767.2713623046875,monitor_data.speed
1764513768305,1755.484619140625,monitor_data.speed
1764513768306,1738.8660888671875,monitor_data.speed
1764513768258,0,monitor_data.speed_ref
1764513768259,0,monitor_data.speed_ref
1764513768261,0,monitor_data.speed_ref
1764513768262,0,monitor_data.speed_ref
1764513768263,0,monitor_data.speed_ref
1764513768264,0,monitor_data.speed_ref
1764513768266,0,monitor_data.speed_ref
1764513768267,0,monitor_data.speed_ref
1764513768268,0,monitor_data.speed_ref
1764513768270,0,monitor_data.speed_ref
1764513768271,0,monitor_data.speed_ref
1764513768272,0,monitor_data.speed_ref
1764513768273,0,monitor_data.speed_ref
1764513768275,0,monitor_data.speed_ref
1764513768276,0,monitor_data.speed_ref
1764513768277,0,monitor_data.speed_ref
1764513768279,0,monitor_data.speed_ref
1764513768280,0,monitor_data.speed_ref
1764513768282,0,monitor_data.speed_ref
1764513768283,0,monitor_data.speed_ref
1764513768284,0,monitor_data.speed_ref
1764513768285,0,monitor_data.speed_ref
1764513768287,0,monitor_data.speed_ref
1764513768288,0,monitor_data.speed_ref
1764513768289,0,monitor_data.speed_ref
1764513768291,0,monitor_data.speed_ref
1764513768292,0,monitor_data.speed_ref
1764513768293,0,monitor_data.speed_ref
1764513768295,0,monitor_data.speed_ref
1764513768296,0,monitor_data.speed_ref
1764513768297,0,monitor_data.speed_ref
1764513768298,0,monitor_data.speed_ref
1764513768300,0,monitor_data.speed_ref
1764513768301,0,monitor_data.speed_ref
1764513768302,0,monitor_data.speed_ref
1764513768304,0,monitor_data.speed_ref
1764513768305,0,monitor_data.speed_ref
1764513768306,0,monitor_data.speed_ref
1764513768307,1740.475830078125,monitor_data.speed
1764513768309,1763.9136962890625,monitor_data.speed
1764513768310,1790.874755859375,monitor_data.speed
1764513768311,1776.45849609375,monitor_data.speed
1764513768312,1768.48046875,monitor_data.speed
1764513768313,1771.950439453125,monitor_data.speed
1764513768315,1770.188720703125,monitor_data.speed
1764513768316,1780.1109619140625,monitor_data.speed
1764513768317,1772.2138671875,monitor_data.speed
1764513768318,1782.0606689453125,monitor_data.speed
1764513768320,1785.3292236328125,monitor_data.speed
1764513768321,1776.6011962890625,monitor_data.speed
1764513768322,1774.5770263671875,monitor_data.speed
1764513768324,1761.84716796875,monitor_data.speed
1764513768325,1756.0303955078125,monitor_data.speed
1764513768326,1756.9365234375,monitor_data.speed
1764513768328,1751.911865234375,monitor_data.speed
1764513768329,1753.357177734375,monitor_data.speed
1764513768331,1748.41259765625,monitor_data.speed
1764513768332,1755.115478515625,monitor_data.speed
1764513768333,1749.6649169921875,monitor_data.speed
1764513768335,1761.4193115234375,monitor_data.speed
1764513768336,1749.5592041015625,monitor_data.speed
1764513768337,1761.050537109375,monitor_data.speed
1764513768339,1749.2174072265625,monitor_data.speed
1764513768340,1755.5828857421875,monitor_data.speed
1764513768341,1739.1165771484375,monitor_data.speed
1764513768342,1763.7158203125,monitor_data.speed
1764513768344,1797.1741943359375,monitor_data.speed
1764513768345,1781.07958984375,monitor_data.speed
1764513768346,1789.3934326171875,monitor_data.speed
1764513768348,1774.4664306640625,monitor_data.speed
1764513768349,1783.6278076171875,monitor_data.speed
1764513768350,1775.2232666015625,monitor_data.speed
1764513768351,1784.4251708984375,monitor_data.speed
1764513768353,1775.6236572265625,monitor_data.speed
1764513768354,1801.568115234375,monitor_data.speed
1764513768355,1802.5687255859375,monitor_data.speed
1764513768356,1786.26220703125,monitor_data.speed
1764513768307,0,monitor_data.speed_ref
1764513768309,0,monitor_data.speed_ref
1764513768310,0,monitor_data.speed_ref
1764513768311,0,monitor_data.speed_ref
1764513768312,0,monitor_data.speed_ref
1764513768313,0,monitor_data.speed_ref
1764513768315,0,monitor_data.speed_ref
1764513768316,0,monitor_data.speed_ref
1764513768317,0,monitor_data.speed_ref
1764513768318,0,monitor_data.speed_ref
1764513768320,0,monitor_data.speed_ref
1764513768321,0,monitor_data.speed_ref
1764513768322,0,monitor_data.speed_ref
1764513768324,0,monitor_data.speed_ref
1764513768325,0,monitor_data.speed_ref
1764513768326,0,monitor_data.speed_ref
1764513768328,0,monitor_data.speed_ref
1764513768329,0,monitor_data.speed_ref
1764513768331,0,monitor_data.speed_ref
1764513768332,0,monitor_data.speed_ref
1764513768333,0,monitor_data.speed_ref
1764513768335,0,monitor_data.speed_ref
1764513768336,0,monitor_data.speed_ref
1764513768337,0,monitor_data.speed_ref
1764513768339,0,monitor_data.speed_ref
1764513768340,0,monitor_data.speed_ref
1764513768341,0,monitor_data.speed_ref
1764513768342,0,monitor_data.speed_ref
1764513768344,0,monitor_data.speed_ref
1764513768345,0,monitor_data.speed_ref
1764513768346,0,monitor_data.speed_ref
1764513768348,0,monitor_data.speed_ref
1764513768349,0,monitor_data.speed_ref
1764513768350,0,monitor_data.speed_ref
1764513768351,0,monitor_data.speed_ref
1764513768353,0,monitor_data.speed_ref
1764513768354,0,monitor_data.speed_ref
1764513768355,0,monitor_data.speed_ref
1764513768356,0,monitor_data.speed_ref
1764513768358,1771.6241455078125,monitor_data.speed
1764513768359,1769.665771484375,monitor_data.speed
1764513768360,1757.105224609375,monitor_data.speed
1764513768362,1762.609130859375,monitor_data.speed
1764513768363,1751.0233154296875,monitor_data.speed
1764513768364,1757.10498046875,monitor_data.speed
1764513768365,1751.501220703125,monitor_data.speed
1764513768367,1763.26953125,monitor_data.speed
1764513768368,1757.293212890625,monitor_data.speed
1764513768369,1762.8333740234375,monitor_data.speed
1764513768371,1756.47216796875,monitor_data.speed
1764513768372,1761.8355712890625,monitor_data.speed
1764513768373,1750.1268310546875,monitor_data.speed
1764513768375,1750.693603515625,monitor_data.speed
1764513768376,1734.7252197265625,monitor_data.speed
1764513768377,1786.8192138671875,monitor_data.speed
1764513768379,1788.9180908203125,monitor_data.speed
1764513768380,1791.138427734375,monitor_data.speed
1764513768381,1776.1676025390625,monitor_data.speed
1764513768383,1785.4161376953125,monitor_data.speed
1764513768384,1776.89697265625,monitor_data.speed
1764513768385,1786.498291015625,monitor_data.speed
1764513768386,1778.067138671875,monitor_data.speed
1764513768388,1781.72412109375,monitor_data.speed
1764513768389,1807.1331787109375,monitor_data.speed
1764513768390,1790.8712158203125,monitor_data.speed
1764513768392,1787.2115478515625,monitor_data.speed
1764513768393,1767.203857421875,monitor_data.speed
1764513768394,1754.4815673828125,monitor_data.speed
1764513768396,1759.79248046875,monitor_data.speed
1764513768397,1760.058349609375,monitor_data.speed
1764513768398,1754.4842529296875,monitor_data.speed
1764513768399,1749.0576171875,monitor_data.speed
1764513768401,1754.989501953125,monitor_data.speed
1764513768402,1749.3668212890625,monitor_data.speed
1764513768403,1761.104248046875,monitor_data.speed
1764513768405,1755.0052490234375,monitor_data.speed
1764513768406,1760.6573486328125,monitor_data.speed
1764513768358,0,monitor_data.speed_ref
1764513768359,0,monitor_data.speed_ref
1764513768360,0,monitor_data.speed_ref
1764513768362,0,monitor_data.speed_ref
1764513768363,0,monitor_data.speed_ref
1764513768364,0,monitor_data.speed_ref
1764513768365,0,monitor_data.speed_ref
1764513768367,0,monitor_data.speed_ref
1764513768368,0,monitor_data.speed_ref
1764513768369,0,monitor_data.speed_ref
1764513768371,0,monitor_data.speed_ref
1764513768372,0,monitor_data.speed_ref
1764513768373,0,monitor_data.speed_ref
1764513768375,0,monitor_data.speed_ref
1764513768376,0,monitor_data.speed_ref
1764513768377,0,monitor_data.speed_ref
1764513768379,0,monitor_data.speed_ref
1764513768380,0,monitor_data.speed_ref
1764513768381,0,monitor_data.speed_ref
1764513768383,0,monitor_data.speed_ref
1764513768384,0,monitor_data.speed_ref
1764513768385,0,monitor_data.speed_ref
1764513768386,0,monitor_data.speed_ref
1764513768388,0,monitor_data.speed_ref
1764513768389,0,monitor_data.speed_ref
1764513768390,0,monitor_data.speed_ref
1764513768392,0,monitor_data.speed_ref
1764513768393,0,monitor_data.speed_ref
1764513768394,0,monitor_data.speed_ref
1764513768396,0,monitor_data.speed_ref
1764513768397,0,monitor_data.speed_ref
1764513768398,0,monitor_data.speed_ref
1764513768399,0,monitor_data.speed_ref
1764513768401,0,monitor_data.speed_ref
1764513768402,0,monitor_data.speed_ref
1764513768403,0,monitor_data.speed_ref
1764513768405,0,monitor_data.speed_ref
1764513768406,0,monitor_data.speed_ref
1764513768407,1748.8695068359375,monitor_data.speed
1764513768408,1749.5545654296875,monitor_data.speed
1764513768410,1739.0614013671875,monitor_data.speed
1764513768411,1746.61083984375,monitor_data.speed
1764513768412,1791.87841796875,monitor_data.speed
1764513768414,1776.3817138671875,monitor_data.speed
1764513768415,1785.827392578125,monitor_data.speed
1764513768416,1777.6495361328125,monitor_data.speed
1764513768417,1769.5833740234375,monitor_data.speed
1764513768418,1773.560546875,monitor_data.speed
1764513768420,1765.7677001953125,monitor_data.speed
1764513768421,1775.9742431640625,monitor_data.speed
1764513768422,1768.4383544921875,monitor_data.speed
1764513768423,1771.718017578125,monitor_data.speed
1764513768425,1775.5513916015625,monitor_data.speed
1764513768426,1756.75830078125,monitor_data.speed
1764513768428,1756.743408203125,monitor_data.speed
1764513768429,1740.1806640625,monitor_data.speed
1764513768430,1741.9617919921875,monitor_data.speed
1764513768431,1732.74755859375,monitor_data.speed
1764513768433,1741.1873779296875,monitor_data.speed
1764513768434,1726.7044677734375,monitor_data.speed
1764513768435,1730.5682373046875,monitor_data.speed
1764513768437,1722.6339111328125,monitor_data.speed
1764513768438,1727.0384521484375,monitor_data.speed
1764513768439,1719.2076416015625,monitor_data.speed
1764513768440,1723.6640625,monitor_data.speed
1764513768442,1711.6329345703125,monitor_data.speed
1764513768443,1711.4228515625,monitor_data.speed
1764513768444,1694.8482666015625,monitor_data.speed
1764513768446,1696.6065673828125,monitor_data.speed
1764513768447,1713.314208984375,monitor_data.speed
1764513768448,1728.0751953125,monitor_data.speed
1764513768449,1720.0255126953125,monitor_data.speed
1764513768451,1718.6373291015625,monitor_data.speed
1764513768452,1724.51708984375,monitor_data.speed
1764513768453,1712.635986328125,monitor_data.speed
1764513768455,1718.8509521484375,monitor_data.speed
1764513768456,1707.4964599609375,monitor_data.speed
1764513768407,0,monitor_data.speed_ref
1764513768408,0,monitor_data.speed_ref
1764513768410,0,monitor_data.speed_ref
1764513768411,0,monitor_data.speed_ref
1764513768412,0,monitor_data.speed_ref
1764513768414,0,monitor_data.speed_ref
1764513768415,0,monitor_data.speed_ref
1764513768416,0,monitor_data.speed_ref
1764513768417,0,monitor_data.speed_ref
1764513768418,0,monitor_data.speed_ref
1764513768420,0,monitor_data.speed_ref
1764513768421,0,monitor_data.speed_ref
1764513768422,0,monitor_data.speed_ref
1764513768423,0,monitor_data.speed_ref
1764513768425,0,monitor_data.speed_ref
1764513768426,0,monitor_data.speed_ref
1764513768428,0,monitor_data.speed_ref
1764513768429,0,monitor_data.speed_ref
1764513768430,0,monitor_data.speed_ref
1764513768431,0,monitor_data.speed_ref
1764513768433,0,monitor_data.speed_ref
1764513768434,0,monitor_data.speed_ref
1764513768435,0,monitor_data.speed_ref
1764513768437,0,monitor_data.speed_ref
1764513768438,0,monitor_data.speed_ref
1764513768439,0,monitor_data.speed_ref
1764513768440,0,monitor_data.speed_ref
1764513768442,0,monitor_data.speed_ref
1764513768443,0,monitor_data.speed_ref
1764513768444,0,monitor_data.speed_ref
1764513768446,0,monitor_data.speed_ref
1764513768447,0,monitor_data.speed_ref
1764513768448,0,monitor_data.speed_ref
1764513768449,0,monitor_data.speed_ref
1764513768451,0,monitor_data.speed_ref
1764513768452,0,monitor_data.speed_ref
1764513768453,0,monitor_data.speed_ref
1764513768455,0,monitor_data.speed_ref
1764513768456,0,monitor_data.speed_ref
1764513768457,1696.0892333984375,monitor_data.speed
1764513768458,1718.99951171875,monitor_data.speed
1764513768460,1706.2164306640625,monitor_data.speed
1764513768461,1694.2174072265625,monitor_data.speed
1764513768462,1695.8895263671875,monitor_data.speed
1764513768463,1688.07275390625,monitor_data.speed
1764513768465,1669.7794189453125,monitor_data.speed
1764513768466,1674.3875732421875,monitor_data.speed
1764513768467,1667.5274658203125,monitor_data.speed
1764513768469,1668.94970703125,monitor_data.speed
1764513768470,1658.740966796875,monitor_data.speed
1764513768471,1665.4761962890625,monitor_data.speed
1764513768473,1660.5523681640625,monitor_data.speed
1764513768474,1666.596923828125,monitor_data.speed
1764513768475,1657.084228515625,monitor_data.speed
1764513768476,1658.497314453125,monitor_data.speed
1764513768478,1647.64013671875,monitor_data.speed
1764513768479,1637.4085693359375,monitor_data.speed
1764513768480,1631.63525390625,monitor_data.speed
1764513768482,1617.5362548828125,monitor_data.speed
1764513768483,1648.6085205078125,monitor_data.speed
1764513768484,1665.349853515625,monitor_data.speed
1764513768485,1643.48876953125,monitor_data.speed
1764513768487,1624.984375,monitor_data.speed
1764513768488,1600.9234619140625,monitor_data.speed
1764513768489,1574.25341796875,monitor_data.speed
1764513768491,1539.80810546875,monitor_data.speed
1764513768492,1509.03857421875,monitor_data.speed
1764513768493,1481.77294921875,monitor_data.speed
1764513768495,1446.561767578125,monitor_data.speed
1764513768496,1413.0927734375,monitor_data.speed
1764513768497,1366.931884765625,monitor_data.speed
1764513768499,1362.9129638671875,monitor_data.speed
1764513768500,1331.7166748046875,monitor_data.speed
1764513768501,1281.591064453125,monitor_data.speed
1764513768502,1217.224609375,monitor_data.speed
1764513768504,1167.0167236328125,monitor_data.speed
1764513768505,1106.6070556640625,monitor_data.speed
1764513768506,1053.716064453125,monitor_data.speed
1764513768457,0,monitor_data.speed_ref
1764513768458,0,monitor_data.speed_ref
1764513768460,0,monitor_data.speed_ref
1764513768461,0,monitor_data.speed_ref
1764513768462,0,monitor_data.speed_ref
1764513768463,0,monitor_data.speed_ref
1764513768465,0,monitor_data.speed_ref
1764513768466,0,monitor_data.speed_ref
1764513768467,0,monitor_data.speed_ref
1764513768469,0,monitor_data.speed_ref
1764513768470,0,monitor_data.speed_ref
1764513768471,0,monitor_data.speed_ref
1764513768473,0,monitor_data.speed_ref
1764513768474,0,monitor_data.speed_ref
1764513768475,0,monitor_data.speed_ref
1764513768476,0,monitor_data.speed_ref
1764513768478,0,monitor_data.speed_ref
1764513768479,0,monitor_data.speed_ref
1764513768480,0,monitor_data.speed_ref
1764513768482,0,monitor_data.speed_ref
1764513768483,0,monitor_data.speed_ref
1764513768484,0,monitor_data.speed_ref
1764513768485,0,monitor_data.speed_ref
1764513768487,0,monitor_data.speed_ref
1764513768488,0,monitor_data.speed_ref
1764513768489,0,monitor_data.speed_ref
1764513768491,0,monitor_data.speed_ref
1764513768492,0,monitor_data.speed_ref
1764513768493,0,monitor_data.speed_ref
1764513768495,0,monitor_data.speed_ref
1764513768496,0,monitor_data.speed_ref
1764513768497,0,monitor_data.speed_ref
1764513768499,0,monitor_data.speed_ref
1764513768500,0,monitor_data.speed_ref
1764513768501,0,monitor_data.speed_ref
1764513768502,0,monitor_data.speed_ref
1764513768504,0,monitor_data.speed_ref
1764513768505,0,monitor_data.speed_ref
1764513768506,0,monitor_data.speed_ref
1764513768508,992.3189086914062,monitor_data.speed
1764513768509,931.22607421875,monitor_data.speed
1764513768510,880.6821899414062,monitor_data.speed
1764513768511,824.7237548828125,monitor_data.speed
1764513768513,767.598388671875,monitor_data.speed
1764513768514,710.6940307617188,monitor_data.speed
1764513768515,652.1334228515625,monitor_data.speed
1764513768516,605.7592163085938,monitor_data.speed
1764513768518,548.1793212890625,monitor_data.speed
1764513768519,502.6295471191406,monitor_data.speed
1764513768520,446.5854187011719,monitor_data.speed
1764513768521,397.1352233886719,monitor_data.speed
1764513768523,351.9001159667969,monitor_data.speed
1764513768524,314.046875,monitor_data.speed
1764513768525,270.0998840332031,monitor_data.speed
1764513768527,239.4134979248047,monitor_data.speed
1764513768528,210.09153747558594,monitor_data.speed
1764513768529,182.51739501953125,monitor_data.speed
1764513768531,156.9768829345703,monitor_data.speed
1764513768532,139.1428985595703,monitor_data.speed
1764513768533,120.88090515136719,monitor_data.speed
1764513768535,107.14795684814453,monitor_data.speed
1764513768536,93.08543395996094,monitor_data.speed
1764513768537,81.68543243408203,monitor_data.speed
1764513768539,72.40567779541016,monitor_data.speed
1764513768540,57.95896530151367,monitor_data.speed
1764513768541,56.21931076049805,monitor_data.speed
1764513768542,43.868370056152344,monitor_data.speed
1764513768544,44.302486419677734,monitor_data.speed
1764513768545,39.157257080078125,monitor_data.speed
1764513768546,29.011653900146484,monitor_data.speed
1764513768548,25.28876495361328,monitor_data.speed
1764513768549,22.137287139892578,monitor_data.speed
1764513768550,19.314958572387695,monitor_data.speed
1764513768551,22.864219665527344,monitor_data.speed
1764513768553,14.722552299499512,monitor_data.speed
1764513768554,13.050792694091797,monitor_data.speed
1764513768555,11.453364372253418,monitor_data.speed
1764513768556,10.051586151123047,monitor_data.speed
1764513768508,0,monitor_data.speed_ref
1764513768509,0,monitor_data.speed_ref
1764513768510,0,monitor_data.speed_ref
1764513768511,0,monitor_data.speed_ref
1764513768513,0,monitor_data.speed_ref
1764513768514,0,monitor_data.speed_ref
1764513768515,0,monitor_data.speed_ref
1764513768516,0,monitor_data.speed_ref
1764513768518,0,monitor_data.speed_ref
1764513768519,0,monitor_data.speed_ref
1764513768520,0,monitor_data.speed_ref
1764513768521,0,monitor_data.speed_ref
1764513768523,0,monitor_data.speed_ref
1764513768524,0,monitor_data.speed_ref
1764513768525,0,monitor_data.speed_ref
1764513768527,0,monitor_data.speed_ref
1764513768528,0,monitor_data.speed_ref
1764513768529,0,monitor_data.speed_ref
1764513768531,0,monitor_data.speed_ref
1764513768532,0,monitor_data.speed_ref
1764513768533,0,monitor_data.speed_ref
1764513768535,0,monitor_data.speed_ref
1764513768536,0,monitor_data.speed_ref
1764513768537,0,monitor_data.speed_ref
1764513768539,0,monitor_data.speed_ref
1764513768540,0,monitor_data.speed_ref
1764513768541,0,monitor_data.speed_ref
1764513768542,0,monitor_data.speed_ref
1764513768544,0,monitor_data.speed_ref
1764513768545,0,monitor_data.speed_ref
1764513768546,0,monitor_data.speed_ref
1764513768548,0,monitor_data.speed_ref
1764513768549,0,monitor_data.speed_ref
1764513768550,0,monitor_data.speed_ref
1764513768551,0,monitor_data.speed_ref
1764513768553,0,monitor_data.speed_ref
1764513768554,0,monitor_data.speed_ref
1764513768555,0,monitor_data.speed_ref
1764513768556,0,monitor_data.speed_ref
1764513768558,8.733370780944824,monitor_data.speed
1764513768559,7.742079734802246,monitor_data.speed
1764513768560,6.794863224029541,monitor_data.speed
1764513768562,5.849493026733398,monitor_data.speed
1764513768563,5.082821846008301,monitor_data.speed
1764513768564,4.461307048797607,monitor_data.speed
1764513768566,3.91591215133667,monitor_data.speed
1764513768567,3.403027057647705,monitor_data.speed
1764513768569,2.9574601650238037,monitor_data.speed
1764513768570,2.59625506401062,monitor_data.speed
1764513768571,2.2792906761169434,monitor_data.speed
1764513768572,2.021277904510498,monitor_data.speed
1764513768574,1.774737000465393,monitor_data.speed
1764513768575,1.5583922863006592,monitor_data.speed
1764513768576,1.3822845220565796,monitor_data.speed
1764513768577,1.2261854410171509,monitor_data.speed
1764513768579,1.0770260095596313,monitor_data.speed
1764513768580,0.9274733066558838,monitor_data.speed
1764513768581,0.8230465650558472,monitor_data.speed
1764513768583,0.7232629656791687,monitor_data.speed
1764513768584,0.6420376300811768,monitor_data.speed
1764513768585,0.5644239783287048,monitor_data.speed
1764513768586,0.4963165521621704,monitor_data.speed
1764513768588,0.44087615609169006,monitor_data.speed
1764513768589,0.38790076971054077,monitor_data.speed
1764513768590,0.34141361713409424,monitor_data.speed
1764513768592,0.3006201982498169,monitor_data.speed
1764513768593,0.26482295989990234,monitor_data.speed
1764513768594,0.23341013491153717,monitor_data.speed
1764513768595,0.20783965289592743,monitor_data.speed
1764513768597,0.1834060698747635,monitor_data.speed
1764513768598,0.16196508705615997,monitor_data.speed
1764513768599,0.1431502252817154,monitor_data.speed
1764513768600,0.1290416419506073,monitor_data.speed
1764513768602,0.1142592579126358,monitor_data.speed
1764513768603,0.1003580316901207,monitor_data.speed
1764513768604,0.08990434557199478,monitor_data.speed
1764513768605,0.08063836395740509,monitor_data.speed
1764513768607,0.0717843621969223,monitor_data.speed
1764513768558,0,monitor_data.speed_ref
1764513768559,0,monitor_data.speed_ref
1764513768560,0,monitor_data.speed_ref
1764513768562,0,monitor_data.speed_ref
1764513768563,0,monitor_data.speed_ref
1764513768564,0,monitor_data.speed_ref
1764513768566,0,monitor_data.speed_ref
1764513768567,0,monitor_data.speed_ref
1764513768569,0,monitor_data.speed_ref
1764513768570,0,monitor_data.speed_ref
1764513768571,0,monitor_data.speed_ref
1764513768572,0,monitor_data.speed_ref
1764513768574,0,monitor_data.speed_ref
1764513768575,0,monitor_data.speed_ref
1764513768576,0,monitor_data.speed_ref
1764513768577,0,monitor_data.speed_ref
1764513768579,0,monitor_data.speed_ref
1764513768580,0,monitor_data.speed_ref
1764513768581,0,monitor_data.speed_ref
1764513768583,0,monitor_data.speed_ref
1764513768584,0,monitor_data.speed_ref
1764513768585,0,monitor_data.speed_ref
1764513768586,0,monitor_data.speed_ref
1764513768588,0,monitor_data.speed_ref
1764513768589,0,monitor_data.speed_ref
1764513768590,0,monitor_data.speed_ref
1764513768592,0,monitor_data.speed_ref
1764513768593,0,monitor_data.speed_ref
1764513768594,0,monitor_data.speed_ref
1764513768595,0,monitor_data.speed_ref
1764513768597,0,monitor_data.speed_ref
1764513768598,0,monitor_data.speed_ref
1764513768599,0,monitor_data.speed_ref
1764513768600,0,monitor_data.speed_ref
1764513768602,0,monitor_data.speed_ref
1764513768603,0,monitor_data.speed_ref
1764513768604,0,monitor_data.speed_ref
1764513768605,0,monitor_data.speed_ref
1764513768607,0,monitor_data.speed_ref
1764513768608,0.06401479244232178,monitor_data.speed
1764513768609,0.05719681829214096,monitor_data.speed
1764513768611,0.10707017034292221,monitor_data.speed
1764513768612,0.09497880190610886,monitor_data.speed
1764513768613,0.19834300875663757,monitor_data.speed
1764513768614,0.1750725656747818,monitor_data.speed
1764513768616,0.20618008077144623,monitor_data.speed
1764513768617,0.18547460436820984,monitor_data.speed
1764513768618,-5.69403600692749,monitor_data.speed
1764513768620,0.2480970323085785,monitor_data.speed
1764513768621,0.2749248445034027,monitor_data.speed
1764513768622,0.2446376383304596,monitor_data.speed
1764513768623,0.2156970500946045,monitor_data.speed
1764513768625,0.1903011053800583,monitor_data.speed
1764513768626,0.27560916543006897,monitor_data.speed
1764513768627,-5.558419704437256,monitor_data.speed
1764513768628,0.3787749707698822,monitor_data.speed
1764513768630,0.4377589821815491,monitor_data.speed
1764513768631,0.38516536355018616,monitor_data.speed
1764513768632,0.34235334396362305,monitor_data.speed
1764513768633,0.3014448583126068,monitor_data.speed
1764513768635,0.2681445777416229,monitor_data.speed
1764513768636,0.23404516279697418,monitor_data.speed
1764513768637,0.20840251445770264,monitor_data.speed
1764513768639,0.18389999866485596,monitor_data.speed
1764513768640,0.1623985469341278,monitor_data.speed
1764513768641,0.2500480115413666,monitor_data.speed
1764513768642,0.27672967314720154,monitor_data.speed
1764513768644,0.24385851621627808,monitor_data.speed
1764513768645,0.21710090339183807,monitor_data.speed
1764513768646,0.19153301417827606,monitor_data.speed
1764513768648,0.22549663484096527,monitor_data.speed
1764513768649,0.3155018091201782,monitor_data.speed
1764513768650,0.277881920337677,monitor_data.speed
1764513768651,0.2472587674856186,monitor_data.speed
1764513768653,0.21799719333648682,monitor_data.speed
1764513768654,0.19231949746608734,monitor_data.speed
1764513768655,0.1714174896478653,monitor_data.speed
1764513768657,0.20772980153560638,monitor_data.speed
1764513768658,0.2379227876663208,monitor_data.speed
1764513768608,0,monitor_data.speed_ref
1764513768609,0,monitor_data.speed_ref
1764513768611,0,monitor_data.speed_ref
1764513768612,0,monitor_data.speed_ref
1764513768613,0,monitor_data.speed_ref
1764513768614,0,monitor_data.speed_ref
1764513768616,0,monitor_data.speed_ref
1764513768617,0,monitor_data.speed_ref
1764513768618,0,monitor_data.speed_ref
1764513768620,0,monitor_data.speed_ref
1764513768621,0,monitor_data.speed_ref
1764513768622,0,monitor_data.speed_ref
1764513768623,0,monitor_data.speed_ref
1764513768625,0,monitor_data.speed_ref
1764513768626,0,monitor_data.speed_ref
1764513768627,0,monitor_data.speed_ref
1764513768628,0,monitor_data.speed_ref
1764513768630,0,monitor_data.speed_ref
1764513768631,0,monitor_data.speed_ref
1764513768632,0,monitor_data.speed_ref
1764513768633,0,monitor_data.speed_ref
1764513768635,0,monitor_data.speed_ref
1764513768636,0,monitor_data.speed_ref
1764513768637,0,monitor_data.speed_ref
1764513768639,0,monitor_data.speed_ref
1764513768640,0,monitor_data.speed_ref
1764513768641,0,monitor_data.speed_ref
1764513768642,0,monitor_data.speed_ref
1764513768644,0,monitor_data.speed_ref
1764513768645,0,monitor_data.speed_ref
1764513768646,0,monitor_data.speed_ref
1764513768648,0,monitor_data.speed_ref
1764513768649,0,monitor_data.speed_ref
1764513768650,0,monitor_data.speed_ref
1764513768651,0,monitor_data.speed_ref
1764513768653,0,monitor_data.speed_ref
1764513768654,0,monitor_data.speed_ref
1764513768655,0,monitor_data.speed_ref
1764513768657,0,monitor_data.speed_ref
1764513768658,0,monitor_data.speed_ref
1764513768659,0.20980466902256012,monitor_data.speed
1764513768660,0.18513043224811554,monitor_data.speed
1764513768662,0.16504520177841187,monitor_data.speed
1764513768663,0.14585305750370026,monitor_data.speed
1764513768664,0.1290116310119629,monitor_data.speed
1764513768666,0.168845996260643,monitor_data.speed
1764513768667,0.20746396481990814,monitor_data.speed
1764513768668,0.1848413497209549,monitor_data.speed
1764513768669,0.16322456300258636,monitor_data.speed
1764513768671,0.19724644720554352,monitor_data.speed
1764513768672,0.23094967007637024,monitor_data.speed
1764513768673,0.20368556678295135,monitor_data.speed
1764513768674,0.17976075410842896,monitor_data.speed
1764513768676,0.1587662696838379,monitor_data.speed
1764513768677,0.14034318923950195,monitor_data.speed
1764513768678,0.1253466010093689,monitor_data.speed
1764513768679,0.11101678013801575,monitor_data.speed
1764513768681,0.09664919227361679,monitor_data.speed
1764513768682,0.08583419770002365,monitor_data.speed
1764513768683,0.07703061401844025,monitor_data.speed
1764513768685,0.06801577657461166,monitor_data.speed
1764513768686,0.060707781463861465,monitor_data.speed
1764513768687,0.054294854402542114,monitor_data.speed
1764513768689,0.04907464236021042,monitor_data.speed
1764513768690,0.04337534308433533,monitor_data.speed
1764513768691,0.0390852689743042,monitor_data.speed
1764513768693,0.03559309244155884,monitor_data.speed
1764513768694,0.032497674226760864,monitor_data.speed
1764513768695,0.02975394017994404,monitor_data.speed
1764513768696,0.027132201939821243,monitor_data.speed
1764513768698,0.02483157068490982,monitor_data.speed
1764513768699,0.022958824411034584,monitor_data.speed
1764513768700,0.02116934396326542,monitor_data.speed
1764513768701,0.01971268281340599,monitor_data.speed
1764513768703,0.018320787698030472,monitor_data.speed
1764513768704,0.06956063210964203,monitor_data.speed
1764513768705,0.06260599195957184,monitor_data.speed
1764513768706,0.05596056208014488,monitor_data.speed
1764513768708,0.04971127212047577,monitor_data.speed
1764513768659,0,monitor_data.speed_ref
1764513768660,0,monitor_data.speed_ref
1764513768662,0,monitor_data.speed_ref
1764513768663,0,monitor_data.speed_ref
1764513768664,0,monitor_data.speed_ref
1764513768666,0,monitor_data.speed_ref
1764513768667,0,monitor_data.speed_ref
1764513768668,0,monitor_data.speed_ref
1764513768669,0,monitor_data.speed_ref
1764513768671,0,monitor_data.speed_ref
1764513768672,0,monitor_data.speed_ref
1764513768673,0,monitor_data.speed_ref
1764513768674,0,monitor_data.speed_ref
1764513768676,0,monitor_data.speed_ref
1764513768677,0,monitor_data.speed_ref
1764513768678,0,monitor_data.speed_ref
1764513768679,0,monitor_data.speed_ref
1764513768681,0,monitor_data.speed_ref
1764513768682,0,monitor_data.speed_ref
1764513768683,0,monitor_data.speed_ref
1764513768685,0,monitor_data.speed_ref
1764513768686,0,monitor_data.speed_ref
1764513768687,0,monitor_data.speed_ref
1764513768689,0,monitor_data.speed_ref
1764513768690,0,monitor_data.speed_ref
1764513768691,0,monitor_data.speed_ref
1764513768693,0,monitor_data.speed_ref
1764513768694,0,monitor_data.speed_ref
1764513768695,0,monitor_data.speed_ref
1764513768696,0,monitor_data.speed_ref
1764513768698,0,monitor_data.speed_ref
1764513768699,0,monitor_data.speed_ref
1764513768700,0,monitor_data.speed_ref
1764513768701,0,monitor_data.speed_ref
1764513768703,0,monitor_data.speed_ref
1764513768704,0,monitor_data.speed_ref
1764513768705,0,monitor_data.speed_ref
1764513768706,0,monitor_data.speed_ref
1764513768708,0,monitor_data.speed_ref
1764513768709,0.04464519023895264,monitor_data.speed
1764513768710,0.04052131623029709,monitor_data.speed
1764513768712,0.036865975707769394,monitor_data.speed
1764513768713,0.033373162150382996,monitor_data.speed
1764513768714,0.030088547617197037,monitor_data.speed
1764513768715,0.02761853113770485,monitor_data.speed
1764513768717,0.025429148226976395,monitor_data.speed
1764513768718,0.02348850853741169,monitor_data.speed
1764513768719,0.02163415029644966,monitor_data.speed
1764513768720,0.02000691369175911,monitor_data.speed
1764513768722,0.018682319670915604,monitor_data.speed
1764513768723,0.017508219927549362,monitor_data.speed
1764513768724,0.016386324539780617,monitor_data.speed
1764513768726,0.015261472202837467,monitor_data.speed
1764513768727,0.014476033858954906,monitor_data.speed
1764513768728,0.013779832050204277,monitor_data.speed
1764513768729,0.06935177743434906,monitor_data.speed
1764513768731,0.06081486493349075,monitor_data.speed
1764513768732,0.05485387519001961,monitor_data.speed
1764513768733,0.049570146948099136,monitor_data.speed
1764513768735,0.10158764570951462,monitor_data.speed
1764513768736,0.09016779065132141,monitor_data.speed
1764513768737,0.08014663308858871,monitor_data.speed
1764513768738,0.0719892606139183,monitor_data.speed
1764513768740,0.06419458985328674,monitor_data.speed
1764513768741,-5.802031517028809,monitor_data.speed
1764513768742,0.10328880697488785,monitor_data.speed
1764513768744,0.09166060388088226,monitor_data.speed
1764513768745,0.1394645720720291,monitor_data.speed
1764513768746,0.17586691677570343,monitor_data.speed
1764513768748,0.15534928441047668,monitor_data.speed
1764513768749,0.13864773511886597,monitor_data.speed
1764513768750,0.12268881499767303,monitor_data.speed
1764513768751,0.10969800502061844,monitor_data.speed
1764513768753,-5.762101173400879,monitor_data.speed
1764513768754,0.13832882046699524,monitor_data.speed
1764513768755,0.1235610693693161,monitor_data.speed
1764513768709,0,monitor_data.speed_ref
1764513768710,0,monitor_data.speed_ref
1764513768712,0,monitor_data.speed_ref
1764513768713,0,monitor_data.speed_ref
1764513768714,0,monitor_data.speed_ref
1764513768715,0,monitor_data.speed_ref
1764513768717,0,monitor_data.speed_ref
1764513768718,0,monitor_data.speed_ref
1764513768719,0,monitor_data.speed_ref
1764513768720,0,monitor_data.speed_ref
1764513768722,0,monitor_data.speed_ref
1764513768723,0,monitor_data.speed_ref
1764513768724,0,monitor_data.speed_ref
1764513768726,0,monitor_data.speed_ref
1764513768727,0,monitor_data.speed_ref
1764513768728,0,monitor_data.speed_ref
1764513768729,0,monitor_data.speed_ref
1764513768731,0,monitor_data.speed_ref
1764513768732,0,monitor_data.speed_ref
1764513768733,0,monitor_data.speed_ref
1764513768735,0,monitor_data.speed_ref
1764513768736,0,monitor_data.speed_ref
1764513768737,0,monitor_data.speed_ref
1764513768738,0,monitor_data.speed_ref
1764513768740,0,monitor_data.speed_ref
1764513768741,0,monitor_data.speed_ref
1764513768742,0,monitor_data.speed_ref
1764513768744,0,monitor_data.speed_ref
1764513768745,0,monitor_data.speed_ref
1764513768746,0,monitor_data.speed_ref
1764513768748,0,monitor_data.speed_ref
1764513768749,0,monitor_data.speed_ref
1764513768750,0,monitor_data.speed_ref
1764513768751,0,monitor_data.speed_ref
1764513768753,0,monitor_data.speed_ref
1764513768754,0,monitor_data.speed_ref
1764513768755,0,monitor_data.speed_ref
1764513768756,0.10944993793964386,monitor_data.speed
1764513768758,0.15392014384269714,monitor_data.speed
1764513768759,0.13738097250461578,monitor_data.speed
1764513768760,0.12272090464830399,monitor_data.speed
1764513768761,0.10972646623849869,monitor_data.speed
1764513768763,0.09730977565050125,monitor_data.speed
1764513768764,0.14384187757968903,monitor_data.speed
1764513768765,0.1284477561712265,monitor_data.speed
1764513768766,0.1126842200756073,monitor_data.speed
1764513768768,0.1008300930261612,monitor_data.speed
1764513768769,0.08788803964853287,monitor_data.speed
1764513768770,0.07744812220335007,monitor_data.speed
1764513768772,0.06898485869169235,monitor_data.speed
1764513768773,0.06209563463926315,monitor_data.speed
1764513768774,0.055512722581624985,monitor_data.speed
1764513768776,0.1624605655670166,monitor_data.speed
1764513768777,0.14223265647888184,monitor_data.speed
1764513768778,0.125834658741951,monitor_data.speed
1764513768780,0.11144507676362991,monitor_data.speed
1764513768781,0.09881788492202759,monitor_data.speed
1764513768782,0.08853919059038162,monitor_data.speed
1764513768784,0.07871749997138977,monitor_data.speed
1764513768785,0.07009878009557724,monitor_data.speed
1764513768786,0.06253565102815628,monitor_data.speed
1764513768787,0.055898841470479965,monitor_data.speed
1764513768789,0.05007490515708923,monitor_data.speed
1764513768790,0.04496428370475769,monitor_data.speed
1764513768791,0.04015828296542168,monitor_data.speed
1764513768793,0.03626222908496857,monitor_data.speed
1764513768794,-5.82678747177124,monitor_data.speed
1764513768795,0.0823044553399086,monitor_data.speed
1764513768797,0.07390192896127701,monitor_data.speed
1764513768798,0.06529775261878967,monitor_data.speed
1764513768799,0.05832265689969063,monitor_data.speed
1764513768800,0.05264482647180557,monitor_data.speed
1764513768802,0.04721943661570549,monitor_data.speed
1764513768803,0.04245854541659355,monitor_data.speed
1764513768804,0.03858311474323273,monitor_data.speed
1764513768805,0.03487998992204666,monitor_data.speed
1764513768807,0.031865593045949936,monitor_data.speed
1764513768808,0.02919367514550686,monitor_data.speed
1764513768809,0.026276541873812675,monitor_data.speed
1764513768756,0,monitor_data.speed_ref
1764513768758,0,monitor_data.speed_ref
1764513768759,0,monitor_data.speed_ref
1764513768760,0,monitor_data.speed_ref
1764513768761,0,monitor_data.speed_ref
1764513768763,0,monitor_data.speed_ref
1764513768764,0,monitor_data.speed_ref
1764513768765,0,monitor_data.speed_ref
1764513768766,0,monitor_data.speed_ref
1764513768768,0,monitor_data.speed_ref
1764513768769,0,monitor_data.speed_ref
1764513768770,0,monitor_data.speed_ref
1764513768772,0,monitor_data.speed_ref
1764513768773,0,monitor_data.speed_ref
1764513768774,0,monitor_data.speed_ref
1764513768776,0,monitor_data.speed_ref
1764513768777,0,monitor_data.speed_ref
1764513768778,0,monitor_data.speed_ref
1764513768780,0,monitor_data.speed_ref
1764513768781,0,monitor_data.speed_ref
1764513768782,0,monitor_data.speed_ref
1764513768784,0,monitor_data.speed_ref
1764513768785,0,monitor_data.speed_ref
1764513768786,0,monitor_data.speed_ref
1764513768787,0,monitor_data.speed_ref
1764513768789,0,monitor_data.speed_ref
1764513768790,0,monitor_data.speed_ref
1764513768791,0,monitor_data.speed_ref
1764513768793,0,monitor_data.speed_ref
1764513768794,0,monitor_data.speed_ref
1764513768795,0,monitor_data.speed_ref
1764513768797,0,monitor_data.speed_ref
1764513768798,0,monitor_data.speed_ref
1764513768799,0,monitor_data.speed_ref
1764513768800,0,monitor_data.speed_ref
1764513768802,0,monitor_data.speed_ref
1764513768803,0,monitor_data.speed_ref
1764513768804,0,monitor_data.speed_ref
1764513768805,0,monitor_data.speed_ref
1764513768807,0,monitor_data.speed_ref
1764513768808,0,monitor_data.speed_ref
1764513768809,0,monitor_data.speed_ref
1764513768811,0.023923391476273537,monitor_data.speed
1764513768812,0.021879099309444427,monitor_data.speed
1764513768813,0.020221859216690063,monitor_data.speed
1764513768815,0.018458139151334763,monitor_data.speed
1764513768816,0.017309511080384254,monitor_data.speed
1764513768818,0.01621195487678051,monitor_data.speed
1764513768819,0.015318525955080986,monitor_data.speed
1764513768820,0.01446482166647911,monitor_data.speed
1764513768821,0.013715678825974464,monitor_data.speed
1764513768823,0.013105865567922592,monitor_data.speed
1764513768824,0.01256533432751894,monitor_data.speed
1764513768825,0.012048838660120964,monitor_data.speed
1764513768826,0.011595599353313446,monitor_data.speed
1764513768828,0.011197877116501331,monitor_data.speed
1764513768829,0.010874122381210327,monitor_data.speed
1764513768830,0.010564764030277729,monitor_data.speed
1764513768831,0.010293296538293362,monitor_data.speed
1764513768833,0.010072316974401474,monitor_data.speed
1764513768834,0.00987644586712122,monitor_data.speed
1764513768835,0.00968928262591362,monitor_data.speed
1764513768836,0.009525042958557606,monitor_data.speed
1764513768838,0.009391349740326405,monitor_data.speed
1764513768839,0.009263593703508377,monitor_data.speed
1764513768840,0.009159598499536514,monitor_data.speed
1764513768842,0.009053106419742107,monitor_data.speed
1764513768843,0.008966777473688126,monitor_data.speed
1764513768844,0.008896504528820515,monitor_data.speed
1764513768845,0.008834216743707657,monitor_data.speed
1764513768847,0.00876621063798666,monitor_data.speed
1764513768848,0.008718726225197315,monitor_data.speed
1764513768849,0.008670100942254066,monitor_data.speed
1764513768851,0.008630682714283466,monitor_data.speed
1764513768852,0.008598594926297665,monitor_data.speed
1764513768853,0.008567933924496174,monitor_data.speed
1764513768854,0.008542975410819054,monitor_data.speed
1764513768856,0.008519128896296024,monitor_data.speed
1764513768857,0.008499715477228165,monitor_data.speed
1764513768858,0.008479836396872997,monitor_data.speed
1764513768860,0.008463721722364426,monitor_data.speed
1764513768811,0,monitor_data.speed_ref
1764513768812,0,monitor_data.speed_ref
1764513768813,0,monitor_data.speed_ref
1764513768815,0,monitor_data.speed_ref
1764513768816,0,monitor_data.speed_ref
1764513768818,0,monitor_data.speed_ref
1764513768819,0,monitor_data.speed_ref
1764513768820,0,monitor_data.speed_ref
1764513768821,0,monitor_data.speed_ref
1764513768823,0,monitor_data.speed_ref
1764513768824,0,monitor_data.speed_ref
1764513768825,0,monitor_data.speed_ref
1764513768826,0,monitor_data.speed_ref
1764513768828,0,monitor_data.speed_ref
1764513768829,0,monitor_data.speed_ref
1764513768830,0,monitor_data.speed_ref
1764513768831,0,monitor_data.speed_ref
1764513768833,0,monitor_data.speed_ref
1764513768834,0,monitor_data.speed_ref
1764513768835,0,monitor_data.speed_ref
1764513768836,0,monitor_data.speed_ref
1764513768838,0,monitor_data.speed_ref
1764513768839,0,monitor_data.speed_ref
1764513768840,0,monitor_data.speed_ref
1764513768842,0,monitor_data.speed_ref
1764513768843,0,monitor_data.speed_ref
1764513768844,0,monitor_data.speed_ref
1764513768845,0,monitor_data.speed_ref
1764513768847,0,monitor_data.speed_ref
1764513768848,0,monitor_data.speed_ref
1764513768849,0,monitor_data.speed_ref
1764513768851,0,monitor_data.speed_ref
1764513768852,0,monitor_data.speed_ref
1764513768853,0,monitor_data.speed_ref
1764513768854,0,monitor_data.speed_ref
1764513768856,0,monitor_data.speed_ref
1764513768857,0,monitor_data.speed_ref
1764513768858,0,monitor_data.speed_ref
1764513768860,0,monitor_data.speed_ref
1764513768861,0.00844957958906889,monitor_data.speed
1764513768862,0.008438067510724068,monitor_data.speed
1764513768863,0.00842706672847271,monitor_data.speed
1764513768865,0.008417414501309395,monitor_data.speed
1764513768866,0.008408944122493267,monitor_data.speed
1764513768867,0.008402049541473389,monitor_data.speed
1764513768868,0.008396420627832413,monitor_data.speed
1764513768870,0.008390520699322224,monitor_data.speed
1764513768871,0.008385717868804932,monitor_data.speed
1764513768872,0.008380802348256111,monitor_data.speed
1764513768873,0.008376816287636757,monitor_data.speed
1764513768875,0.008373317308723927,monitor_data.speed
1764513768876,0.008370247669517994,monitor_data.speed
1764513768877,0.008367554284632206,monitor_data.speed
1764513768879,0.008365190587937832,monitor_data.speed
1764513768880,0.008363115601241589,monitor_data.speed
1764513768881,0.00836129579693079,monitor_data.speed
1764513768882,0.008359699510037899,monitor_data.speed
1764513768884,0.008358398452401161,monitor_data.speed
1764513768885,0.008357156999409199,monitor_data.speed
1764513768886,0.008356067351996899,monitor_data.speed
1764513768888,0.00835517980158329,monitor_data.speed
1764513768889,0.008354212157428265,monitor_data.speed
1764513768890,0.00835353508591652,monitor_data.speed
1764513768892,0.00835284311324358,monitor_data.speed
1764513768893,0.008352281525731087,monitor_data.speed
1764513768894,0.008351788856089115,monitor_data.speed
1764513768895,0.008351387456059456,monitor_data.speed
1764513768897,0.008350977674126625,monitor_data.speed
1764513768898,0.008350644260644913,monitor_data.speed
1764513768899,0.008350351825356483,monitor_data.speed
1764513768901,0.008350095711648464,monitor_data.speed
1764513768902,0.008349854499101639,monitor_data.speed
1764513768903,0.008349672891199589,monitor_data.speed
1764513768905,0.00834949966520071,monitor_data.speed
1764513768906,0.008349347859621048,monitor_data.speed
1764513768907,0.008349214680492878,monitor_data.speed
1764513768908,0.008349097333848476,monitor_data.speed
1764513768910,0.008348993957042694,monitor_data.speed
1764513768861,0,monitor_data.speed_ref
1764513768862,0,monitor_data.speed_ref
1764513768863,0,monitor_data.speed_ref
1764513768865,0,monitor_data.speed_ref
1764513768866,0,monitor_data.speed_ref
1764513768867,0,monitor_data.speed_ref
1764513768868,0,monitor_data.speed_ref
1764513768870,0,monitor_data.speed_ref
1764513768871,0,monitor_data.speed_ref
1764513768872,0,monitor_data.speed_ref
1764513768873,0,monitor_data.speed_ref
1764513768875,0,monitor_data.speed_ref
1764513768876,0,monitor_data.speed_ref
1764513768877,0,monitor_data.speed_ref
1764513768879,0,monitor_data.speed_ref
1764513768880,0,monitor_data.speed_ref
1764513768881,0,monitor_data.speed_ref
1764513768882,0,monitor_data.speed_ref
1764513768884,0,monitor_data.speed_ref
1764513768885,0,monitor_data.speed_ref
1764513768886,0,monitor_data.speed_ref
1764513768888,0,monitor_data.speed_ref
1764513768889,0,monitor_data.speed_ref
1764513768890,0,monitor_data.speed_ref
1764513768892,0,monitor_data.speed_ref
1764513768893,0,monitor_data.speed_ref
1764513768894,0,monitor_data.speed_ref
1764513768895,0,monitor_data.speed_ref
1764513768897,0,monitor_data.speed_ref
1764513768898,0,monitor_data.speed_ref
1764513768899,0,monitor_data.speed_ref
1764513768901,0,monitor_data.speed_ref
1764513768902,0,monitor_data.speed_ref
1764513768903,0,monitor_data.speed_ref
1764513768905,0,monitor_data.speed_ref
1764513768906,0,monitor_data.speed_ref
1764513768907,0,monitor_data.speed_ref
1764513768908,0,monitor_data.speed_ref
1764513768910,0,monitor_data.speed_ref
1764513768911,0.008348903618752956,monitor_data.speed
1764513768912,0.008348830044269562,monitor_data.speed
1764513768914,0.00834876112639904,monitor_data.speed
1764513768915,0.008348698727786541,monitor_data.speed
1764513768916,0.008348649367690086,monitor_data.speed
1764513768917,0.008348600938916206,monitor_data.speed
1764513768919,0.008348558098077774,monitor_data.speed
1764513768920,0.008348521776497364,monitor_data.speed
1764513768921,0.008348490111529827,monitor_data.speed
1764513768923,0.00834845844656229,monitor_data.speed
1764513768924,0.008348437026143074,monitor_data.speed
1764513768925,0.008348413743078709,monitor_data.speed
1764513768927,0.008348393253982067,monitor_data.speed
1764513768928,0.008348378352820873,monitor_data.speed
1764513768929,0.00834836345165968,monitor_data.speed
1764513768931,0.008348348550498486,monitor_data.speed
1764513768932,0.00834833737462759,monitor_data.speed
1764513768933,0.008348330855369568,monitor_data.speed
1764513768934,0.00834832526743412,monitor_data.speed
1764513768935,0.008348316885530949,monitor_data.speed
1764513768937,0.008348309434950352,monitor_data.speed
1764513768938,0.00834830291569233,monitor_data.speed
1764513768939,0.008348296396434307,monitor_data.speed
1764513768941,0.008348288014531136,monitor_data.speed
1764513768942,0.008348285220563412,monitor_data.speed
1764513768943,0.008348285220563412,monitor_data.speed
1764513768945,0.008348285220563412,monitor_data.speed
1764513768946,-0.04737403243780136,monitor_data.speed
1764513768947,-0.04006024822592735,monitor_data.speed
1764513768948,-0.03413122147321701,monitor_data.speed
1764513768950,-0.028928376734256744,monitor_data.speed
1764513768951,-0.08212093263864517,monitor_data.speed
1764513768952,-0.071842260658741,monitor_data.speed
1764513768954,-0.06202061101794243,monitor_data.speed
1764513768955,-0.0534018948674202,monitor_data.speed
1764513768956,-0.04583879932761192,monitor_data.speed
1764513768957,-0.03920202702283859,monitor_data.speed
1764513768959,-0.1398954838514328,monitor_data.speed
1764513768960,-0.23395147919654846,monitor_data.speed
1764513768911,0,monitor_data.speed_ref
1764513768912,0,monitor_data.speed_ref
1764513768914,0,monitor_data.speed_ref
1764513768915,0,monitor_data.speed_ref
1764513768916,0,monitor_data.speed_ref
1764513768917,0,monitor_data.speed_ref
1764513768919,0,monitor_data.speed_ref
1764513768920,0,monitor_data.speed_ref
1764513768921,0,monitor_data.speed_ref
1764513768923,0,monitor_data.speed_ref
1764513768924,0,monitor_data.speed_ref
1764513768925,0,monitor_data.speed_ref
1764513768927,0,monitor_data.speed_ref
1764513768928,0,monitor_data.speed_ref
1764513768929,0,monitor_data.speed_ref
1764513768931,0,monitor_data.speed_ref
1764513768932,0,monitor_data.speed_ref
1764513768933,0,monitor_data.speed_ref
1764513768934,0,monitor_data.speed_ref
1764513768935,0,monitor_data.speed_ref
1764513768937,0,monitor_data.speed_ref
1764513768938,0,monitor_data.speed_ref
1764513768939,0,monitor_data.speed_ref
1764513768941,0,monitor_data.speed_ref
1764513768942,0,monitor_data.speed_ref
1764513768943,0,monitor_data.speed_ref
1764513768945,0,monitor_data.speed_ref
1764513768946,0,monitor_data.speed_ref
1764513768947,0,monitor_data.speed_ref
1764513768948,0,monitor_data.speed_ref
1764513768950,0,monitor_data.speed_ref
1764513768951,0,monitor_data.speed_ref
1764513768952,0,monitor_data.speed_ref
1764513768954,0,monitor_data.speed_ref
1764513768955,0,monitor_data.speed_ref
1764513768956,0,monitor_data.speed_ref
1764513768957,0,monitor_data.speed_ref
1764513768959,0,monitor_data.speed_ref
1764513768960,0,monitor_data.speed_ref
1764513768961,-0.37259024381637573,monitor_data.speed
1764513768962,-0.4942820072174072,monitor_data.speed
1764513768964,-0.7120013236999512,monitor_data.speed
1764513768965,-0.9022100567817688,monitor_data.speed
1764513768966,-0.9178312420845032,monitor_data.speed
1764513768967,-0.9748097062110901,monitor_data.speed
1764513768969,-1.0221343040466309,monitor_data.speed
1764513768970,-1.287426233291626,monitor_data.speed
1764513768971,-1.2976163625717163,monitor_data.speed
1764513768972,4.7217230796813965,monitor_data.speed
1764513768974,-1.3820546865463257,monitor_data.speed
1764513768975,4.386002540588379,monitor_data.speed
1764513768976,4.459261417388916,monitor_data.speed
1764513768978,4.464385509490967,monitor_data.speed
1764513768979,4.404092788696289,monitor_data.speed
1764513768980,-1.704902172088623,monitor_data.speed
1764513768981,4.123363494873047,monitor_data.speed
1764513768983,-2.068293809890747,monitor_data.speed
1764513768984,3.3797218799591064,monitor_data.speed
1764513768985,-2.892587423324585,monitor_data.speed
1764513768987,-2.95105242729187,monitor_data.speed
1764513768988,-2.8562490940093994,monitor_data.speed
1764513768989,2.9394381046295166,monitor_data.speed
1764513768991,2.749300718307495,monitor_data.speed
1764513768992,2.692399740219116,monitor_data.speed
1764513768993,-3.3216981887817383,monitor_data.speed
1764513768994,-3.4184117317199707,monitor_data.speed
1764513768996,2.252973794937134,monitor_data.speed
1764513768997,2.255795955657959,monitor_data.speed
1764513768998,2.201296806335449,monitor_data.speed
1764513769000,-3.7332119941711426,monitor_data.speed
1764513769001,1.9381333589553833,monitor_data.speed
1764513769002,-4.116537094116211,monitor_data.speed
1764513769004,1.7490108013153076,monitor_data.speed
1764513769005,1.5358166694641113,monitor_data.speed
1764513769006,1.5311678647994995,monitor_data.speed
1764513769008,-4.284417629241943,monitor_data.speed
1764513769009,1.5132193565368652,monitor_data.speed
1764513769010,1.3289049863815308,monitor_data.speed
1764513768961,0,monitor_data.speed_ref
1764513768962,0,monitor_data.speed_ref
1764513768964,0,monitor_data.speed_ref
1764513768965,0,monitor_data.speed_ref
1764513768966,0,monitor_data.speed_ref
1764513768967,0,monitor_data.speed_ref
1764513768969,0,monitor_data.speed_ref
1764513768970,0,monitor_data.speed_ref
1764513768971,0,monitor_data.speed_ref
1764513768972,0,monitor_data.speed_ref
1764513768974,0,monitor_data.speed_ref
1764513768975,0,monitor_data.speed_ref
1764513768976,0,monitor_data.speed_ref
1764513768978,0,monitor_data.speed_ref
1764513768979,0,monitor_data.speed_ref
1764513768980,0,monitor_data.speed_ref
1764513768981,0,monitor_data.speed_ref
1764513768983,0,monitor_data.speed_ref
1764513768984,0,monitor_data.speed_ref
1764513768985,0,monitor_data.speed_ref
1764513768987,0,monitor_data.speed_ref
1764513768988,0,monitor_data.speed_ref
1764513768989,0,monitor_data.speed_ref
1764513768991,0,monitor_data.speed_ref
1764513768992,0,monitor_data.speed_ref
1764513768993,0,monitor_data.speed_ref
1764513768994,0,monitor_data.speed_ref
1764513768996,0,monitor_data.speed_ref
1764513768997,0,monitor_data.speed_ref
1764513768998,0,monitor_data.speed_ref
1764513769000,0,monitor_data.speed_ref
1764513769001,0,monitor_data.speed_ref
1764513769002,0,monitor_data.speed_ref
1764513769004,0,monitor_data.speed_ref
1764513769005,0,monitor_data.speed_ref
1764513769006,0,monitor_data.speed_ref
1764513769008,0,monitor_data.speed_ref
1764513769009,0,monitor_data.speed_ref
1764513769010,0,monitor_data.speed_ref
1764513769012,1.2920082807540894,monitor_data.speed
1764513769013,1.189400553703308,monitor_data.speed
1764513769014,1.2596752643585205,monitor_data.speed
1764513769016,1.1621363162994385,monitor_data.speed
1764513769017,1.0208213329315186,monitor_data.speed
1764513769018,0.9148540496826172,monitor_data.speed
1764513769019,0.8038259148597717,monitor_data.speed
1764513769021,0.706396222114563,monitor_data.speed
1764513769022,0.7414034008979797,monitor_data.speed
1764513769023,0.6581170558929443,monitor_data.speed
1764513769024,0.6365416049957275,monitor_data.speed
1764513769026,0.6158856749534607,monitor_data.speed
1764513769027,-5.317911148071289,monitor_data.speed
1764513769028,0.6488008499145508,monitor_data.speed
1764513769029,0.6295621395111084,monitor_data.speed
1764513769031,0.7059440016746521,monitor_data.speed
1764513769032,0.6807535886764526,monitor_data.speed
1764513769033,0.604357898235321,monitor_data.speed
1764513769034,0.646794855594635,monitor_data.speed
1764513769036,0.5685985088348389,monitor_data.speed
1764513769037,0.49997976422309875,monitor_data.speed
1764513769038,0.43976542353630066,monitor_data.speed
1764513769040,0.3869261145591736,monitor_data.speed
1764513769041,0.5006071925163269,monitor_data.speed
1764513769042,0.49603796005249023,monitor_data.speed
1764513769044,0.44062915444374084,monitor_data.speed
1764513769045,0.5019651651382446,monitor_data.speed
1764513769046,0.4415076673030853,monitor_data.speed
1764513769048,0.38465386629104614,monitor_data.speed
1764513769049,-5.527393341064453,monitor_data.speed
1764513769050,0.3476833701133728,monitor_data.speed
1764513769051,0.3091299533843994,monitor_data.speed
1764513769053,0.2696511149406433,monitor_data.speed
1764513769054,0.296916127204895,monitor_data.speed
1764513769055,0.2641304135322571,monitor_data.speed
1764513769056,0.34375008940696716,monitor_data.speed
1764513769058,0.3056434690952301,monitor_data.speed
1764513769059,0.3243959844112396,monitor_data.speed
1764513769012,0,monitor_data.speed_ref
1764513769013,0,monitor_data.speed_ref
1764513769014,0,monitor_data.speed_ref
1764513769016,0,monitor_data.speed_ref
1764513769017,0,monitor_data.speed_ref
1764513769018,0,monitor_data.speed_ref
1764513769019,0,monitor_data.speed_ref
1764513769021,0,monitor_data.speed_ref
1764513769022,0,monitor_data.speed_ref
1764513769023,0,monitor_data.speed_ref
1764513769024,0,monitor_data.speed_ref
1764513769026,0,monitor_data.speed_ref
1764513769027,0,monitor_data.speed_ref
1764513769028,0,monitor_data.speed_ref
1764513769029,0,monitor_data.speed_ref
1764513769031,0,monitor_data.speed_ref
1764513769032,0,monitor_data.speed_ref
1764513769033,0,monitor_data.speed_ref
1764513769034,0,monitor_data.speed_ref
1764513769036,0,monitor_data.speed_ref
1764513769037,0,monitor_data.speed_ref
1764513769038,0,monitor_data.speed_ref
1764513769040,0,monitor_data.speed_ref
1764513769041,0,monitor_data.speed_ref
1764513769042,0,monitor_data.speed_ref
1764513769044,0,monitor_data.speed_ref
1764513769045,0,monitor_data.speed_ref
1764513769046,0,monitor_data.speed_ref
1764513769048,0,monitor_data.speed_ref
1764513769049,0,monitor_data.speed_ref
1764513769050,0,monitor_data.speed_ref
1764513769051,0,monitor_data.speed_ref
1764513769053,0,monitor_data.speed_ref
1764513769054,0,monitor_data.speed_ref
1764513769055,0,monitor_data.speed_ref
1764513769056,0,monitor_data.speed_ref
1764513769058,0,monitor_data.speed_ref
1764513769059,0,monitor_data.speed_ref
1764513769060,0.2856868505477905,monitor_data.speed
1764513769061,0.3110302984714508,monitor_data.speed
1764513769062,0.27664104104042053,monitor_data.speed
1764513769064,0.24142640829086304,monitor_data.speed
1764513769065,0.21287915110588074,monitor_data.speed
1764513769066,0.18964126706123352,monitor_data.speed
1764513769068,0.16904357075691223,monitor_data.speed
1764513769069,0.15078608691692352,monitor_data.speed
1764513769070,0.13209053874015808,monitor_data.speed
1764513769071,0.11803154647350311,monitor_data.speed
1764513769073,0.10556987673044205,monitor_data.speed
1764513769074,0.09452405571937561,monitor_data.speed
1764513769075,0.19749419391155243,monitor_data.speed
1764513769076,0.17432770133018494,monitor_data.speed
1764513769078,0.1554698348045349,monitor_data.speed
1764513769079,0.13745051622390747,monitor_data.speed
1764513769080,0.11938377469778061,monitor_data.speed
1764513769082,0.10676848888397217,monitor_data.speed
1764513769083,0.09385044872760773,monitor_data.speed
1764513769084,0.08337824791669846,monitor_data.speed
1764513769086,0.07418867945671082,monitor_data.speed
1764513769087,0.06612461060285568,monitor_data.speed
1764513769088,0.058541230857372284,monitor_data.speed
1764513769090,0.052838560193777084,monitor_data.speed
1764513769091,0.04699903354048729,monitor_data.speed
1764513769092,0.042265139520168304,monitor_data.speed
1764513769094,0.038111042231321335,monitor_data.speed
1764513769095,0.034465741366147995,monitor_data.speed
1764513769096,0.03149840608239174,monitor_data.speed
1764513769097,0.028459858149290085,monitor_data.speed
1764513769099,0.0259966179728508,monitor_data.speed
1764513769100,0.023991502821445465,monitor_data.speed
1764513769101,0.02207554318010807,monitor_data.speed
1764513769103,0.02039424516260624,monitor_data.speed
1764513769104,0.018918871879577637,monitor_data.speed
1764513769105,0.017624201253056526,monitor_data.speed
1764513769106,0.016488099470734596,monitor_data.speed
1764513769108,0.015491148456931114,monitor_data.speed
1764513769109,0.014616302214562893,monitor_data.speed
1764513769110,0.013848605565726757,monitor_data.speed
1764513769060,0,monitor_data.speed_ref
1764513769061,0,monitor_data.speed_ref
1764513769062,0,monitor_data.speed_ref
1764513769064,0,monitor_data.speed_ref
1764513769065,0,monitor_data.speed_ref
1764513769066,0,monitor_data.speed_ref
1764513769068,0,monitor_data.speed_ref
1764513769069,0,monitor_data.speed_ref
1764513769070,0,monitor_data.speed_ref
1764513769071,0,monitor_data.speed_ref
1764513769073,0,monitor_data.speed_ref
1764513769074,0,monitor_data.speed_ref
1764513769075,0,monitor_data.speed_ref
1764513769076,0,monitor_data.speed_ref
1764513769078,0,monitor_data.speed_ref
1764513769079,0,monitor_data.speed_ref
1764513769080,0,monitor_data.speed_ref
1764513769082,0,monitor_data.speed_ref
1764513769083,0,monitor_data.speed_ref
1764513769084,0,monitor_data.speed_ref
1764513769086,0,monitor_data.speed_ref
1764513769087,0,monitor_data.speed_ref
1764513769088,0,monitor_data.speed_ref
1764513769090,0,monitor_data.speed_ref
1764513769091,0,monitor_data.speed_ref
1764513769092,0,monitor_data.speed_ref
1764513769094,0,monitor_data.speed_ref
1764513769095,0,monitor_data.speed_ref
1764513769096,0,monitor_data.speed_ref
1764513769097,0,monitor_data.speed_ref
1764513769099,0,monitor_data.speed_ref
1764513769100,0,monitor_data.speed_ref
1764513769101,0,monitor_data.speed_ref
1764513769103,0,monitor_data.speed_ref
1764513769104,0,monitor_data.speed_ref
1764513769105,0,monitor_data.speed_ref
1764513769106,0,monitor_data.speed_ref
1764513769108,0,monitor_data.speed_ref
1764513769109,0,monitor_data.speed_ref
1764513769110,0,monitor_data.speed_ref
1764513769112,0.013126669451594353,monitor_data.speed
1764513769113,0.01249949261546135,monitor_data.speed
1764513769114,0.011991060338914394,monitor_data.speed
1764513769116,0.011544900014996529,monitor_data.speed
1764513769117,0.011181719601154327,monitor_data.speed
1764513769118,0.010809825733304024,monitor_data.speed
1764513769120,0.0105083417147398,monitor_data.speed
1764513769121,0.01026292983442545,monitor_data.speed
1764513769122,0.01002842839807272,monitor_data.speed
1764513769123,0.009822649881243706,monitor_data.speed
1764513769125,0.00964207574725151,monitor_data.speed
1764513769126,0.009495086967945099,monitor_data.speed
1764513769127,0.009354629553854465,monitor_data.speed
1764513769129,0.009213797748088837,monitor_data.speed
1764513769130,0.009107787162065506,monitor_data.speed
1764513769131,0.00901476014405489,monitor_data.speed
1764513769133,0.008933127857744694,monitor_data.speed
1764513769134,0.00886667799204588,monitor_data.speed
1764513769135,0.00880318321287632,monitor_data.speed
1764513769136,0.008747464045882225,monitor_data.speed
1764513769138,0.008698569610714912,monitor_data.speed
1764513769139,0.00865259114652872,monitor_data.speed
1764513769140,0.008615316823124886,monitor_data.speed
1764513769142,0.008582607842981815,monitor_data.speed
1764513769143,0.008553905412554741,monitor_data.speed
1764513769144,0.008530540391802788,monitor_data.speed
1764513769145,0.008509830571711063,monitor_data.speed
1764513769147,0.008488623425364494,monitor_data.speed
1764513769148,0.008471432141959667,monitor_data.speed
1764513769149,0.008456346578896046,monitor_data.speed
1764513769151,0.008444066159427166,monitor_data.speed
1764513769152,0.008431490510702133,monitor_data.speed
1764513769153,0.008421296253800392,monitor_data.speed
1764513769155,0.00841235090047121,monitor_data.speed
1764513769156,0.008404500782489777,monitor_data.speed
1764513769157,0.008398110046982765,monitor_data.speed
1764513769158,0.008391566574573517,monitor_data.speed
1764513769160,0.008386261761188507,monitor_data.speed
1764513769161,0.008381607010960579,monitor_data.speed
1764513769112,0,monitor_data.speed_ref
1764513769113,0,monitor_data.speed_ref
1764513769114,0,monitor_data.speed_ref
1764513769116,0,monitor_data.speed_ref
1764513769117,0,monitor_data.speed_ref
1764513769118,0,monitor_data.speed_ref
1764513769120,0,monitor_data.speed_ref
1764513769121,0,monitor_data.speed_ref
1764513769122,0,monitor_data.speed_ref
1764513769123,0,monitor_data.speed_ref
1764513769125,0,monitor_data.speed_ref
1764513769126,0,monitor_data.speed_ref
1764513769127,0,monitor_data.speed_ref
1764513769129,0,monitor_data.speed_ref
1764513769130,0,monitor_data.speed_ref
1764513769131,0,monitor_data.speed_ref
1764513769133,0,monitor_data.speed_ref
1764513769134,0,monitor_data.speed_ref
1764513769135,0,monitor_data.speed_ref
1764513769136,0,monitor_data.speed_ref
1764513769138,0,monitor_data.speed_ref
1764513769139,0,monitor_data.speed_ref
1764513769140,0,monitor_data.speed_ref
1764513769142,0,monitor_data.speed_ref
1764513769143,0,monitor_data.speed_ref
1764513769144,0,monitor_data.speed_ref
1764513769145,0,monitor_data.speed_ref
1764513769147,0,monitor_data.speed_ref
1764513769148,0,monitor_data.speed_ref
1764513769149,0,monitor_data.speed_ref
1764513769151,0,monitor_data.speed_ref
1764513769152,0,monitor_data.speed_ref
1764513769153,0,monitor_data.speed_ref
1764513769155,0,monitor_data.speed_ref
1764513769156,0,monitor_data.speed_ref
1764513769157,0,monitor_data.speed_ref
1764513769158,0,monitor_data.speed_ref
1764513769160,0,monitor_data.speed_ref
1764513769161,0,monitor_data.speed_ref
1764513769162,0.008377817459404469,monitor_data.speed
1764513769164,0.008374197408556938,monitor_data.speed
1764513769165,0.00837101973593235,monitor_data.speed
1764513769166,0.008368232287466526,monitor_data.speed
1764513769167,0.008365785703063011,monitor_data.speed
1764513769169,0.008363485336303711,monitor_data.speed
1764513769170,0.008361619897186756,monitor_data.speed
1764513769171,0.008359983563423157,monitor_data.speed
1764513769173,0.00835854560136795,monitor_data.speed
1764513769174,0.008357376791536808,monitor_data.speed
1764513769175,0.008356261067092419,monitor_data.speed
1764513769177,0.008355279453098774,monitor_data.speed
1764513769178,0.008354419842362404,monitor_data.speed
1764513769179,0.00835366640239954,monitor_data.speed
1764513769180,0.008353004232048988,monitor_data.speed
1764513769182,0.008352422155439854,monitor_data.speed
1764513769183,0.008351912721991539,monitor_data.speed
1764513769184,0.008351465687155724,monitor_data.speed
1764513769186,0.008351072669029236,monitor_data.speed
1764513769187,0.008350727148354053,monitor_data.speed
1764513769188,0.008350446820259094,monitor_data.speed
1764513769189,0.008350178599357605,monitor_data.speed
1764513769191,0.008349942043423653,monitor_data.speed
1764513769192,0.008349721319973469,monitor_data.speed
1764513769193,0.008349554613232613,monitor_data.speed
1764513769195,0.008349407464265823,monitor_data.speed
1764513769196,0.008349276147782803,monitor_data.speed
1764513769197,0.008349142968654633,monitor_data.speed
1764513769198,0.008349034935235977,monitor_data.speed
1764513769200,0.008348945528268814,monitor_data.speed
1764513769201,0.008348861709237099,monitor_data.speed
1764513769202,0.00834878720343113,monitor_data.speed
1764513769204,0.008348722010850906,monitor_data.speed
1764513769205,0.008348665200173855,monitor_data.speed
1764513769206,0.008348618634045124,monitor_data.speed
1764513769208,0.00834856927394867,monitor_data.speed
1764513769209,0.008348523639142513,monitor_data.speed
1764513769210,0.008348489180207253,monitor_data.speed
1764513769212,0.008348462171852589,monitor_data.speed
1764513769162,0,monitor_data.speed_ref
1764513769164,0,monitor_data.speed_ref
1764513769165,0,monitor_data.speed_ref
1764513769166,0,monitor_data.speed_ref
1764513769167,0,monitor_data.speed_ref
1764513769169,0,monitor_data.speed_ref
1764513769170,0,monitor_data.speed_ref
1764513769171,0,monitor_data.speed_ref
1764513769173,0,monitor_data.speed_ref
1764513769174,0,monitor_data.speed_ref
1764513769175,0,monitor_data.speed_ref
1764513769177,0,monitor_data.speed_ref
1764513769178,0,monitor_data.speed_ref
1764513769179,0,monitor_data.speed_ref
1764513769180,0,monitor_data.speed_ref
1764513769182,0,monitor_data.speed_ref
1764513769183,0,monitor_data.speed_ref
1764513769184,0,monitor_data.speed_ref
1764513769186,0,monitor_data.speed_ref
1764513769187,0,monitor_data.speed_ref
1764513769188,0,monitor_data.speed_ref
1764513769189,0,monitor_data.speed_ref
1764513769191,0,monitor_data.speed_ref
1764513769192,0,monitor_data.speed_ref
1764513769193,0,monitor_data.speed_ref
1764513769195,0,monitor_data.speed_ref
1764513769196,0,monitor_data.speed_ref
1764513769197,0,monitor_data.speed_ref
1764513769198,0,monitor_data.speed_ref
1764513769200,0,monitor_data.speed_ref
1764513769201,0,monitor_data.speed_ref
1764513769202,0,monitor_data.speed_ref
1764513769204,0,monitor_data.speed_ref
1764513769205,0,monitor_data.speed_ref
1764513769206,0,monitor_data.speed_ref
1764513769208,0,monitor_data.speed_ref
1764513769209,0,monitor_data.speed_ref
1764513769210,0,monitor_data.speed_ref
1764513769212,0,monitor_data.speed_ref
1764513769213,0.0083484360948205,monitor_data.speed
1764513769214,0.008348414674401283,monitor_data.speed
1764513769216,0.008348395116627216,monitor_data.speed
1764513769217,0.008348380215466022,monitor_data.speed
1764513769218,0.008348366245627403,monitor_data.speed
1764513769219,0.00834835134446621,monitor_data.speed
1764513769221,0.00834833923727274,monitor_data.speed
1764513769222,0.008348332718014717,monitor_data.speed
1764513769223,0.008348326198756695,monitor_data.speed
1764513769224,0.008348318748176098,monitor_data.speed
1764513769226,0.008348311297595501,monitor_data.speed
1764513769227,0.008348304778337479,monitor_data.speed
1764513769228,0.008348297327756882,monitor_data.speed
1764513769229,0.00834829080849886,monitor_data.speed
1764513769231,0.008348285220563412,monitor_data.speed
1764513769232,0.008348285220563412,monitor_data.speed
1764513769233,0.008348285220563412,monitor_data.speed
1764513769235,0.008348285220563412,monitor_data.speed
1764513769236,0.008348285220563412,monitor_data.speed
1764513769237,0.008348285220563412,monitor_data.speed
1764513769239,0.008348285220563412,monitor_data.speed
1764513769240,0.008348285220563412,monitor_data.speed
1764513769241,0.008348285220563412,monitor_data.speed
1764513769243,0.008348285220563412,monitor_data.speed
1764513769244,0.008348285220563412,monitor_data.speed
1764513769245,0.008348285220563412,monitor_data.speed
1764513769246,0.008348285220563412,monitor_data.speed
1764513769248,0.008348285220563412,monitor_data.speed
1764513769249,0.008348285220563412,monitor_data.speed
1764513769250,0.008348285220563412,monitor_data.speed
1764513769252,0.008348285220563412,monitor_data.speed
1764513769253,0.008348285220563412,monitor_data.speed
1764513769254,0.008348285220563412,monitor_data.speed
1764513769256,0.008348285220563412,monitor_data.speed
1764513769257,0.008348285220563412,monitor_data.speed
1764513769258,0.008348285220563412,monitor_data.speed
1764513769260,0.008348285220563412,monitor_data.speed
1764513769261,0.008348285220563412,monitor_data.speed
1764513769213,0,monitor_data.speed_ref
1764513769214,0,monitor_data.speed_ref
1764513769216,0,monitor_data.speed_ref
1764513769217,0,monitor_data.speed_ref
1764513769218,0,monitor_data.speed_ref
1764513769219,0,monitor_data.speed_ref
1764513769221,0,monitor_data.speed_ref
1764513769222,0,monitor_data.speed_ref
1764513769223,0,monitor_data.speed_ref
1764513769224,0,monitor_data.speed_ref
1764513769226,0,monitor_data.speed_ref
1764513769227,0,monitor_data.speed_ref
1764513769228,0,monitor_data.speed_ref
1764513769229,0,monitor_data.speed_ref
1764513769231,0,monitor_data.speed_ref
1764513769232,0,monitor_data.speed_ref
1764513769233,0,monitor_data.speed_ref
1764513769235,0,monitor_data.speed_ref
1764513769236,0,monitor_data.speed_ref
1764513769237,0,monitor_data.speed_ref
1764513769239,0,monitor_data.speed_ref
1764513769240,0,monitor_data.speed_ref
1764513769241,0,monitor_data.speed_ref
1764513769243,0,monitor_data.speed_ref
1764513769244,0,monitor_data.speed_ref
1764513769245,0,monitor_data.speed_ref
1764513769246,0,monitor_data.speed_ref
1764513769248,0,monitor_data.speed_ref
1764513769249,0,monitor_data.speed_ref
1764513769250,0,monitor_data.speed_ref
1764513769252,0,monitor_data.speed_ref
1764513769253,0,monitor_data.speed_ref
1764513769254,0,monitor_data.speed_ref
1764513769256,0,monitor_data.speed_ref
1764513769257,0,monitor_data.speed_ref
1764513769258,0,monitor_data.speed_ref
1764513769260,0,monitor_data.speed_ref
1764513769261,0,monitor_data.speed_ref
1764513769262,0.008348285220563412,monitor_data.speed
1764513769264,0.008348285220563412,monitor_data.speed
1764513769265,0.008348285220563412,monitor_data.speed
1764513769266,0.008348285220563412,monitor_data.speed
1764513769268,0.008348285220563412,monitor_data.speed
1764513769269,0.008348285220563412,monitor_data.speed
1764513769270,0.008348285220563412,monitor_data.speed
1764513769272,0.008348285220563412,monitor_data.speed
1764513769273,0.008348285220563412,monitor_data.speed
1764513769274,0.008348285220563412,monitor_data.speed
1764513769276,0.008348285220563412,monitor_data.speed
1764513769277,0.008348285220563412,monitor_data.speed
1764513769278,0.008348285220563412,monitor_data.speed
1764513769279,-0.044643085449934006,monitor_data.speed
1764513769281,-0.09175525605678558,monitor_data.speed
1764513769282,-0.07949468493461609,monitor_data.speed
1764513769283,-0.068735770881176,monitor_data.speed
1764513769284,-0.17472991347312927,monitor_data.speed
1764513769286,-0.20583350956439972,monitor_data.speed
1764513769287,-0.17772138118743896,monitor_data.speed
1764513769289,-0.2636120021343231,monitor_data.speed
1764513769290,-0.22555358707904816,monitor_data.speed
1764513769291,-0.24784457683563232,monitor_data.speed
1764513769293,-0.2710800766944885,monitor_data.speed
1764513769294,5.624981880187988,monitor_data.speed
1764513769295,5.382077693939209,monitor_data.speed
1764513769297,-0.579541027545929,monitor_data.speed
1764513769298,-0.7165108919143677,monitor_data.speed
1764513769299,-0.8538128733634949,monitor_data.speed
1764513769301,4.789615631103516,monitor_data.speed
1764513769302,-1.313563346862793,monitor_data.speed
1764513769303,4.3247456550598145,monitor_data.speed
1764513769305,-1.881453037261963,monitor_data.speed
1764513769306,-1.7810245752334595,monitor_data.speed
1764513769308,4.1305670738220215,monitor_data.speed
1764513769309,3.8542559146881104,monitor_data.speed
1764513769310,-2.0858824253082275,monitor_data.speed
1764513769311,-2.238238573074341,monitor_data.speed
1764513769262,0,monitor_data.speed_ref
1764513769264,0,monitor_data.speed_ref
1764513769265,0,monitor_data.speed_ref
1764513769266,0,monitor_data.speed_ref
1764513769268,0,monitor_data.speed_ref
1764513769269,0,monitor_data.speed_ref
1764513769270,0,monitor_data.speed_ref
1764513769272,0,monitor_data.speed_ref
1764513769273,0,monitor_data.speed_ref
1764513769274,0,monitor_data.speed_ref
1764513769276,0,monitor_data.speed_ref
1764513769277,0,monitor_data.speed_ref
1764513769278,0,monitor_data.speed_ref
1764513769279,0,monitor_data.speed_ref
1764513769281,0,monitor_data.speed_ref
1764513769282,0,monitor_data.speed_ref
1764513769283,0,monitor_data.speed_ref
1764513769284,0,monitor_data.speed_ref
1764513769286,0,monitor_data.speed_ref
1764513769287,0,monitor_data.speed_ref
1764513769289,0,monitor_data.speed_ref
1764513769290,0,monitor_data.speed_ref
1764513769291,0,monitor_data.speed_ref
1764513769293,0,monitor_data.speed_ref
1764513769294,0,monitor_data.speed_ref
1764513769295,0,monitor_data.speed_ref
1764513769297,0,monitor_data.speed_ref
1764513769298,0,monitor_data.speed_ref
1764513769299,0,monitor_data.speed_ref
1764513769301,0,monitor_data.speed_ref
1764513769302,0,monitor_data.speed_ref
1764513769303,0,monitor_data.speed_ref
1764513769305,0,monitor_data.speed_ref
1764513769306,0,monitor_data.speed_ref
1764513769308,0,monitor_data.speed_ref
1764513769309,0,monitor_data.speed_ref
1764513769310,0,monitor_data.speed_ref
1764513769311,0,monitor_data.speed_ref
1764513769313,3.6738855838775635,monitor_data.speed
1764513769314,3.461055278778076,monitor_data.speed
1764513769315,3.17287015914917,monitor_data.speed
1764513769317,3.0357871055603027,monitor_data.speed
1764513769318,2.7798736095428467,monitor_data.speed
1764513769319,2.6534650325775146,monitor_data.speed
1764513769321,2.3642895221710205,monitor_data.speed
1764513769322,2.2616286277770996,monitor_data.speed
1764513769323,-3.702522039413452,monitor_data.speed
1764513769325,1.9831337928771973,monitor_data.speed
1764513769326,1.846717119216919,monitor_data.speed
1764513769327,1.6215565204620361,monitor_data.speed
1764513769329,-4.2766947746276855,monitor_data.speed
1764513769330,-4.247533798217773,monitor_data.speed
1764513769331,1.5108113288879395,monitor_data.speed
1764513769333,1.437126874923706,monitor_data.speed
1764513769334,1.3161989450454712,monitor_data.speed
1764513769335,1.2140228748321533,monitor_data.speed
1764513769337,1.0770398378372192,monitor_data.speed
1764513769338,0.9461473822593689,monitor_data.speed
1764513769339,0.8870081305503845,monitor_data.speed
1764513769340,0.7871789336204529,monitor_data.speed
1764513769342,0.6849539279937744,monitor_data.speed
1764513769343,0.6020837426185608,monitor_data.speed
1764513769344,0.529363751411438,monitor_data.speed
1764513769346,0.4655504524707794,monitor_data.speed
1764513769347,0.40955305099487305,monitor_data.speed
1764513769348,0.360414057970047,monitor_data.speed
1764513769350,0.3722115457057953,monitor_data.speed
1764513769351,0.3244531452655792,monitor_data.speed
1764513769313,0,monitor_data.speed_ref
1764513769314,0,monitor_data.speed_ref
1764513769315,0,monitor_data.speed_ref
1764513769317,0,monitor_data.speed_ref
1764513769318,0,monitor_data.speed_ref
1764513769319,0,monitor_data.speed_ref
1764513769321,0,monitor_data.speed_ref
1764513769322,0,monitor_data.speed_ref
1764513769323,0,monitor_data.speed_ref
1764513769325,0,monitor_data.speed_ref
1764513769326,0,monitor_data.speed_ref
1764513769327,0,monitor_data.speed_ref
1764513769329,0,monitor_data.speed_ref
1764513769330,0,monitor_data.speed_ref
1764513769331,0,monitor_data.speed_ref
1764513769333,0,monitor_data.speed_ref
1764513769334,0,monitor_data.speed_ref
1764513769335,0,monitor_data.speed_ref
1764513769337,0,monitor_data.speed_ref
1764513769338,0,monitor_data.speed_ref
1764513769339,0,monitor_data.speed_ref
1764513769340,0,monitor_data.speed_ref
1764513769342,0,monitor_data.speed_ref
1764513769343,0,monitor_data.speed_ref
1764513769344,0,monitor_data.speed_ref
1764513769346,0,monitor_data.speed_ref
1764513769347,0,monitor_data.speed_ref
1764513769348,0,monitor_data.speed_ref
1764513769350,0,monitor_data.speed_ref
1764513769351,0,monitor_data.speed_ref
1764513769352,0.2857370376586914,monitor_data.speed
1764513769354,0.2542214095592499,monitor_data.speed
1764513769355,0.22848783433437347,monitor_data.speed
1764513769356,0.20347657799720764,monitor_data.speed
1764513769357,0.18130697309970856,monitor_data.speed
1764513769358,0.1601230949163437,monitor_data.speed
1764513769360,0.1428791582584381,monitor_data.speed
1764513769361,0.18232502043247223,monitor_data.speed
1764513769362,0.16411623358726501,monitor_data.speed
1764513769363,0.14641855657100677,monitor_data.speed
1764513769364,0.12829628586769104,monitor_data.speed
1764513769366,0.11466838419437408,monitor_data.speed
1764513769367,0.10164642333984375,monitor_data.speed
1764513769368,0.09021937847137451,monitor_data.speed
1764513769369,0.08019191771745682,monitor_data.speed
1764513769371,0.07013801485300064,monitor_data.speed
1764513769372,0.06367100775241852,monitor_data.speed
1764513769373,0.057880841195583344,monitor_data.speed
1764513769374,0.052253205329179764,monitor_data.speed
1764513769376,0.047264959663152695,monitor_data.speed
1764513769377,0.04249848797917366,monitor_data.speed
1764513769378,0.03892427682876587,monitor_data.speed
1764513769379,0.035179369151592255,monitor_data.speed
1764513769381,0.031424593180418015,monitor_data.speed
1764513769382,0.0288027785718441,monitor_data.speed
1764513769383,0.026118045672774315,monitor_data.speed
1764513769385,0.023941632360219955,monitor_data.speed
1764513769386,0.022031784057617188,monitor_data.speed
1764513769387,0.020355846732854843,monitor_data.speed
1764513769388,0.01888517662882805,monitor_data.speed
1764513769390,0.017688030377030373,monitor_data.speed
1764513769391,0.01646215282380581,monitor_data.speed
1764513769392,0.015468379482626915,monitor_data.speed
1764513769394,0.014533842913806438,monitor_data.speed
1764513769395,0.013776245526969433,monitor_data.speed
1764513769396,0.013111438602209091,monitor_data.speed
1764513769398,0.012528055347502232,monitor_data.speed
1764513769399,0.012016124092042446,monitor_data.speed
1764513769400,0.011566895060241222,monitor_data.speed
1764513769402,0.011172688566148281,monitor_data.speed
1764513769403,0.010801978409290314,monitor_data.speed
1764513769404,0.010501455515623093,monitor_data.speed
1764513769406,0.010237742215394974,monitor_data.speed
1764513769407,0.010006329044699669,monitor_data.speed
1764513769408,0.009788709692656994,monitor_data.speed
1764513769410,0.009612290188670158,monitor_data.speed
1764513769411,-0.04355591535568237,monitor_data.speed
1764513769412,-0.2034199833869934,monitor_data.speed
1764513769352,0,monitor_data.speed_ref
1764513769354,0,monitor_data.speed_ref
1764513769355,0,monitor_data.speed_ref
1764513769356,0,monitor_data.speed_ref
1764513769357,0,monitor_data.speed_ref
1764513769358,0,monitor_data.speed_ref
1764513769360,0,monitor_data.speed_ref
1764513769361,0,monitor_data.speed_ref
1764513769362,0,monitor_data.speed_ref
1764513769363,0,monitor_data.speed_ref
1764513769364,0,monitor_data.speed_ref
1764513769366,0,monitor_data.speed_ref
1764513769367,0,monitor_data.speed_ref
1764513769368,0,monitor_data.speed_ref
1764513769369,0,monitor_data.speed_ref
1764513769371,0,monitor_data.speed_ref
1764513769372,0,monitor_data.speed_ref
1764513769373,0,monitor_data.speed_ref
1764513769374,0,monitor_data.speed_ref
1764513769376,0,monitor_data.speed_ref
1764513769377,0,monitor_data.speed_ref
1764513769378,0,monitor_data.speed_ref
1764513769379,0,monitor_data.speed_ref
1764513769381,0,monitor_data.speed_ref
1764513769382,0,monitor_data.speed_ref
1764513769383,0,monitor_data.speed_ref
1764513769385,0,monitor_data.speed_ref
1764513769386,0,monitor_data.speed_ref
1764513769387,0,monitor_data.speed_ref
1764513769388,0,monitor_data.speed_ref
1764513769390,0,monitor_data.speed_ref
1764513769391,0,monitor_data.speed_ref
1764513769392,0,monitor_data.speed_ref
1764513769394,0,monitor_data.speed_ref
1764513769395,0,monitor_data.speed_ref
1764513769396,0,monitor_data.speed_ref
1764513769398,0,monitor_data.speed_ref
1764513769399,0,monitor_data.speed_ref
1764513769400,0,monitor_data.speed_ref
1764513769402,0,monitor_data.speed_ref
1764513769403,0,monitor_data.speed_ref
1764513769404,0,monitor_data.speed_ref
1764513769406,0,monitor_data.speed_ref
1764513769407,0,monitor_data.speed_ref
1764513769408,0,monitor_data.speed_ref
1764513769410,0,monitor_data.speed_ref
1764513769411,0,monitor_data.speed_ref
1764513769412,0,monitor_data.speed_ref
1764513769414,-0.23155052959918976,monitor_data.speed
1764513769415,5.598624229431152,monitor_data.speed
1764513769416,-0.49773314595222473,monitor_data.speed
1764513769418,4.985772132873535,monitor_data.speed
1764513769419,4.332464694976807,monitor_data.speed
1764513769420,3.8028507232666016,monitor_data.speed
1764513769422,3.3381032943725586,monitor_data.speed
1764513769423,2.9010581970214844,monitor_data.speed
1764513769425,2.5467615127563477,monitor_data.speed
1764513769426,2.2358596324920654,monitor_data.speed
1764513769427,1.9434901475906372,monitor_data.speed
1764513769428,1.7064766883850098,monitor_data.speed
1764513769430,1.483591079711914,monitor_data.speed
1764513769431,1.3029056787490845,monitor_data.speed
1764513769432,1.1443500518798828,monitor_data.speed
1764513769434,1.0152828693389893,monitor_data.speed
1764513769435,0.7140621542930603,monitor_data.speed
1764513769436,6.262036323547363,monitor_data.speed
1764513769438,5.49609375,monitor_data.speed
1764513769439,4.823963165283203,monitor_data.speed
1764513769440,4.234151363372803,monitor_data.speed
1764513769442,3.6794958114624023,monitor_data.speed
1764513769443,3.2298572063446045,monitor_data.speed
1764513769444,2.835289239883423,monitor_data.speed
1764513769446,2.4890475273132324,monitor_data.speed
1764513769447,8.022831916809082,monitor_data.speed
1764513769448,7.440591812133789,monitor_data.speed
1764513769450,6.400514602661133,monitor_data.speed
1764513769451,5.561518669128418,monitor_data.speed
1764513769453,4.784401893615723,monitor_data.speed
1764513769454,4.199434757232666,monitor_data.speed
1764513769455,3.5172529220581055,monitor_data.speed
1764513769456,8.281159400939941,monitor_data.speed
1764513769458,7.195322513580322,monitor_data.speed
1764513769459,6.252005100250244,monitor_data.speed
1764513769460,11.235721588134766,monitor_data.speed
1764513769462,10.020668029785156,monitor_data.speed
1764513769463,8.794371604919434,monitor_data.speed
1764513769414,0,monitor_data.speed_ref
1764513769415,0,monitor_data.speed_ref
1764513769416,0,monitor_data.speed_ref
1764513769418,0,monitor_data.speed_ref
1764513769419,0,monitor_data.speed_ref
1764513769420,0,monitor_data.speed_ref
1764513769422,0,monitor_data.speed_ref
1764513769423,0,monitor_data.speed_ref
1764513769425,0,monitor_data.speed_ref
1764513769426,0,monitor_data.speed_ref
1764513769427,0,monitor_data.speed_ref
1764513769428,0,monitor_data.speed_ref
1764513769430,0,monitor_data.speed_ref
1764513769431,0,monitor_data.speed_ref
1764513769432,0,monitor_data.speed_ref
1764513769434,0,monitor_data.speed_ref
1764513769435,0,monitor_data.speed_ref
1764513769436,0,monitor_data.speed_ref
1764513769438,0,monitor_data.speed_ref
1764513769439,0,monitor_data.speed_ref
1764513769440,0,monitor_data.speed_ref
1764513769442,0,monitor_data.speed_ref
1764513769443,0,monitor_data.speed_ref
1764513769444,0,monitor_data.speed_ref
1764513769446,0,monitor_data.speed_ref
1764513769447,0,monitor_data.speed_ref
1764513769448,0,monitor_data.speed_ref
1764513769450,0,monitor_data.speed_ref
1764513769451,0,monitor_data.speed_ref
1764513769453,0,monitor_data.speed_ref
1764513769454,0,monitor_data.speed_ref
1764513769455,0,monitor_data.speed_ref
1764513769456,0,monitor_data.speed_ref
1764513769458,0,monitor_data.speed_ref
1764513769459,0,monitor_data.speed_ref
1764513769460,0,monitor_data.speed_ref
1764513769462,0,monitor_data.speed_ref
1764513769463,0,monitor_data.speed_ref
1764513769464,7.641173362731934,monitor_data.speed
1764513769466,12.127703666687012,monitor_data.speed
1764513769467,10.643335342407227,monitor_data.speed
1764513769468,14.64042854309082,monitor_data.speed
1764513769470,18.579288482666016,monitor_data.speed
1764513769471,16.304737091064453,monitor_data.speed
1764513769472,25.468364715576172,monitor_data.speed
1764513769474,27.922279357910156,monitor_data.speed
1764513769475,35.26930618286133,monitor_data.speed
1764513769476,47.155303955078125,monitor_data.speed
1764513769478,52.361934661865234,monitor_data.speed
1764513769479,62.402652740478516,monitor_data.speed
1764513769480,71.43565368652344,monitor_data.speed
1764513769482,79.52786254882812,monitor_data.speed
1764513769483,80.1255874633789,monitor_data.speed
1764513769484,86.8763427734375,monitor_data.speed
1764513769485,87.32890319824219,monitor_data.speed
1764513769487,92.20808410644531,monitor_data.speed
1764513769488,97.53196716308594,monitor_data.speed
1764513769490,101.51837921142578,monitor_data.speed
1764513769491,105.92606353759766,monitor_data.speed
1764513769492,108.74958038330078,monitor_data.speed
1764513769494,111.9894790649414,monitor_data.speed
1764513769495,119.04517364501953,monitor_data.speed
1764513769496,131.7908935546875,monitor_data.speed
1764513769498,148.77151489257812,monitor_data.speed
1764513769499,169.19154357910156,monitor_data.speed
1764513769500,192.68905639648438,monitor_data.speed
1764513769502,228.07974243164062,monitor_data.speed
1764513769503,255.5666961669922,monitor_data.speed
1764513769504,290.51483154296875,monitor_data.speed
1764513769505,320.8943786621094,monitor_data.speed
1764513769507,364.3467102050781,monitor_data.speed
1764513769508,397.0036315917969,monitor_data.speed
1764513769509,438.3671875,monitor_data.speed
1764513769511,473.10809326171875,monitor_data.speed
1764513769512,508.89910888671875,monitor_data.speed
1764513769464,0,monitor_data.speed_ref
1764513769466,0,monitor_data.speed_ref
1764513769467,0,monitor_data.speed_ref
1764513769468,0,monitor_data.speed_ref
1764513769470,0,monitor_data.speed_ref
1764513769471,0,monitor_data.speed_ref
1764513769472,0,monitor_data.speed_ref
1764513769474,0,monitor_data.speed_ref
1764513769475,0,monitor_data.speed_ref
1764513769476,0,monitor_data.speed_ref
1764513769478,0,monitor_data.speed_ref
1764513769479,0,monitor_data.speed_ref
1764513769480,0,monitor_data.speed_ref
1764513769482,0,monitor_data.speed_ref
1764513769483,0,monitor_data.speed_ref
1764513769484,0,monitor_data.speed_ref
1764513769485,0,monitor_data.speed_ref
1764513769487,0,monitor_data.speed_ref
1764513769488,0,monitor_data.speed_ref
1764513769490,0,monitor_data.speed_ref
1764513769491,0,monitor_data.speed_ref
1764513769492,0,monitor_data.speed_ref
1764513769494,0,monitor_data.speed_ref
1764513769495,0,monitor_data.speed_ref
1764513769496,0,monitor_data.speed_ref
1764513769498,0,monitor_data.speed_ref
1764513769499,0,monitor_data.speed_ref
1764513769500,0,monitor_data.speed_ref
1764513769502,0,monitor_data.speed_ref
1764513769503,0,monitor_data.speed_ref
1764513769504,0,monitor_data.speed_ref
1764513769505,0,monitor_data.speed_ref
1764513769507,0,monitor_data.speed_ref
1764513769508,0,monitor_data.speed_ref
1764513769509,0,monitor_data.speed_ref
1764513769511,0,monitor_data.speed_ref
1764513769512,0,monitor_data.speed_ref
1764513769513,553.0390625,monitor_data.speed
1764513769515,584.6832885742188,monitor_data.speed
1764513769516,623.5440063476562,monitor_data.speed
1764513769518,646.7019653320312,monitor_data.speed
1764513769519,677.1555786132812,monitor_data.speed
1764513769520,698.934326171875,monitor_data.speed
1764513769522,723.6856079101562,monitor_data.speed
1764513769523,740.1013793945312,monitor_data.speed
1764513769524,759.9237060546875,monitor_data.speed
1764513769526,766.151611328125,monitor_data.speed
1764513769527,788.0311889648438,monitor_data.speed
1764513769528,792.8864135742188,monitor_data.speed
1764513769529,817.6798706054688,monitor_data.speed
1764513769531,849.404541015625,monitor_data.speed
1764513769532,867.03173828125,monitor_data.speed
1764513769534,887.1563110351562,monitor_data.speed
1764513769536,899.1768798828125,monitor_data.speed
1764513769537,907.7474365234375,monitor_data.speed
1764513769538,920.9203491210938,monitor_data.speed
1764513769539,932.8145751953125,monitor_data.speed
1764513769541,947.7945556640625,monitor_data.speed
1764513769542,960.6975708007812,monitor_data.speed
1764513769543,979.1243286132812,monitor_data.speed
1764513769545,987.7422485351562,monitor_data.speed
1764513769546,1008.2232055664062,monitor_data.speed
1764513769547,1031.24462890625,monitor_data.speed
1764513769549,1047.5018310546875,monitor_data.speed
1764513769550,1057.2635498046875,monitor_data.speed
1764513769551,1116.9085693359375,monitor_data.speed
1764513769552,1134.633544921875,monitor_data.speed
1764513769554,1140.596435546875,monitor_data.speed
1764513769555,1144.1993408203125,monitor_data.speed
1764513769557,1158.6943359375,monitor_data.speed
1764513769558,1160.363037109375,monitor_data.speed
1764513769559,1178.1168212890625,monitor_data.speed
1764513769561,1182.9234619140625,monitor_data.speed
1764513769562,1203.6065673828125,monitor_data.speed
1764513769563,1210.8697509765625,monitor_data.speed
1764513769513,0,monitor_data.speed_ref
1764513769515,0,monitor_data.speed_ref
1764513769516,0,monitor_data.speed_ref
1764513769518,0,monitor_data.speed_ref
1764513769519,0,monitor_data.speed_ref
1764513769520,0,monitor_data.speed_ref
1764513769522,0,monitor_data.speed_ref
1764513769523,0,monitor_data.speed_ref
1764513769524,0,monitor_data.speed_ref
1764513769526,0,monitor_data.speed_ref
1764513769527,0,monitor_data.speed_ref
1764513769528,0,monitor_data.speed_ref
1764513769529,0,monitor_data.speed_ref
1764513769531,0,monitor_data.speed_ref
1764513769532,0,monitor_data.speed_ref
1764513769534,0,monitor_data.speed_ref
1764513769536,0,monitor_data.speed_ref
1764513769537,0,monitor_data.speed_ref
1764513769538,0,monitor_data.speed_ref
1764513769539,0,monitor_data.speed_ref
1764513769541,0,monitor_data.speed_ref
1764513769542,0,monitor_data.speed_ref
1764513769543,0,monitor_data.speed_ref
1764513769545,0,monitor_data.speed_ref
1764513769546,0,monitor_data.speed_ref
1764513769547,0,monitor_data.speed_ref
1764513769549,0,monitor_data.speed_ref
1764513769550,0,monitor_data.speed_ref
1764513769551,0,monitor_data.speed_ref
1764513769552,0,monitor_data.speed_ref
1764513769554,0,monitor_data.speed_ref
1764513769555,0,monitor_data.speed_ref
1764513769557,0,monitor_data.speed_ref
1764513769558,0,monitor_data.speed_ref
1764513769559,0,monitor_data.speed_ref
1764513769561,0,monitor_data.speed_ref
1764513769562,0,monitor_data.speed_ref
1764513769563,0,monitor_data.speed_ref
1764513769565,1228.1785888671875,monitor_data.speed
1764513769566,1237.888427734375,monitor_data.speed
1764513769567,1258.2742919921875,monitor_data.speed
1764513769568,1270.0494384765625,monitor_data.speed
1764513769570,1291.601318359375,monitor_data.speed
1764513769571,1299.34521484375,monitor_data.speed
1764513769572,1318.4306640625,monitor_data.speed
1764513769573,1328.0787353515625,monitor_data.speed
1764513769575,1346.450927734375,monitor_data.speed
1764513769576,1345.60888671875,monitor_data.speed
1764513769578,1355.54345703125,monitor_data.speed
1764513769579,1354.680908203125,monitor_data.speed
1764513769580,1396.8447265625,monitor_data.speed
1764513769582,1405.2293701171875,monitor_data.speed
1764513769583,1406.1998291015625,monitor_data.speed
1764513769584,1413.32421875,monitor_data.speed
1764513769586,1428.153564453125,monitor_data.speed
1764513769587,1430.329345703125,monitor_data.speed
1764513769588,1440.966552734375,monitor_data.speed
1764513769590,1435.8746337890625,monitor_data.speed
1764513769591,1447.766357421875,monitor_data.speed
1764513769592,1447.146240234375,monitor_data.speed
1764513769594,1458.0445556640625,monitor_data.speed
1764513769595,1495.3382568359375,monitor_data.speed
1764513769596,1510.611572265625,monitor_data.speed
1764513769597,1496.9942626953125,monitor_data.speed
1764513769599,1496.215576171875,monitor_data.speed
1764513769600,1484.1966552734375,monitor_data.speed
1764513769601,1490.3438720703125,monitor_data.speed
1764513769603,1481.545654296875,monitor_data.speed
1764513769604,1487.7899169921875,monitor_data.speed
1764513769605,1482.1575927734375,monitor_data.speed
1764513769607,1497.2093505859375,monitor_data.speed
1764513769608,1490.3232421875,monitor_data.speed
1764513769609,1498.42041015625,monitor_data.speed
1764513769610,1500.1767578125,monitor_data.speed
1764513769612,1501.6776123046875,monitor_data.speed
1764513769613,1507.3099365234375,monitor_data.speed
1764513769565,0,monitor_data.speed_ref
1764513769566,0,monitor_data.speed_ref
1764513769567,0,monitor_data.speed_ref
1764513769568,0,monitor_data.speed_ref
1764513769570,0,monitor_data.speed_ref
1764513769571,0,monitor_data.speed_ref
1764513769572,0,monitor_data.speed_ref
1764513769573,0,monitor_data.speed_ref
1764513769575,0,monitor_data.speed_ref
1764513769576,0,monitor_data.speed_ref
1764513769578,0,monitor_data.speed_ref
1764513769579,0,monitor_data.speed_ref
1764513769580,0,monitor_data.speed_ref
1764513769582,0,monitor_data.speed_ref
1764513769583,0,monitor_data.speed_ref
1764513769584,0,monitor_data.speed_ref
1764513769586,0,monitor_data.speed_ref
1764513769587,0,monitor_data.speed_ref
1764513769588,0,monitor_data.speed_ref
1764513769590,0,monitor_data.speed_ref
1764513769591,0,monitor_data.speed_ref
1764513769592,0,monitor_data.speed_ref
1764513769594,0,monitor_data.speed_ref
1764513769595,0,monitor_data.speed_ref
1764513769596,0,monitor_data.speed_ref
1764513769597,0,monitor_data.speed_ref
1764513769599,0,monitor_data.speed_ref
1764513769600,0,monitor_data.speed_ref
1764513769601,0,monitor_data.speed_ref
1764513769603,0,monitor_data.speed_ref
1764513769604,0,monitor_data.speed_ref
1764513769605,0,monitor_data.speed_ref
1764513769607,0,monitor_data.speed_ref
1764513769608,0,monitor_data.speed_ref
1764513769609,0,monitor_data.speed_ref
1764513769610,0,monitor_data.speed_ref
1764513769612,0,monitor_data.speed_ref
1764513769613,0,monitor_data.speed_ref
1764513769614,1521.778564453125,monitor_data.speed
1764513769616,1521.3302001953125,monitor_data.speed
1764513769617,1528.090087890625,monitor_data.speed
1764513769618,1517.6827392578125,monitor_data.speed
1764513769620,1542.4210205078125,monitor_data.speed
1764513769621,1554.4254150390625,monitor_data.speed
1764513769622,1560.7933349609375,monitor_data.speed
1764513769624,1570.710205078125,monitor_data.speed
1764513769625,1567.98388671875,monitor_data.speed
1764513769626,1576.5592041015625,monitor_data.speed
1764513769628,1572.733154296875,monitor_data.speed
1764513769629,1585.4429931640625,monitor_data.speed
1764513769631,1597.3555908203125,monitor_data.speed
1764513769632,1600.72265625,monitor_data.speed
1764513769633,1613.093994140625,monitor_data.speed
1764513769634,1620.2315673828125,monitor_data.speed
1764513769636,1616.5330810546875,monitor_data.speed
1764513769637,1622.9129638671875,monitor_data.speed
1764513769638,1617.570556640625,monitor_data.speed
1764513769640,1623.8233642578125,monitor_data.speed
1764513769641,1623.833251953125,monitor_data.speed
1764513769642,1630.48876953125,monitor_data.speed
1764513769644,1634.02294921875,monitor_data.speed
1764513769645,1648.76611328125,monitor_data.speed
1764513769646,1644.8660888671875,monitor_data.speed
1764513769647,1660.2557373046875,monitor_data.speed
1764513769649,1655.8004150390625,monitor_data.speed
1764513769650,1674.3856201171875,monitor_data.speed
1764513769651,1668.47607421875,monitor_data.speed
1764513769653,1680.2056884765625,monitor_data.speed
1764513769654,1667.95068359375,monitor_data.speed
1764513769655,1674.0037841796875,monitor_data.speed
1764513769656,1666.4998779296875,monitor_data.speed
1764513769658,1708.67578125,monitor_data.speed
1764513769659,1719.5460205078125,monitor_data.speed
1764513769660,1712.4637451171875,monitor_data.speed
1764513769662,1717.64208984375,monitor_data.speed
1764513769663,1711.40771484375,monitor_data.speed
1764513769614,0,monitor_data.speed_ref
1764513769616,0,monitor_data.speed_ref
1764513769617,0,monitor_data.speed_ref
1764513769618,0,monitor_data.speed_ref
1764513769620,0,monitor_data.speed_ref
1764513769621,0,monitor_data.speed_ref
1764513769622,0,monitor_data.speed_ref
1764513769624,0,monitor_data.speed_ref
1764513769625,0,monitor_data.speed_ref
1764513769626,0,monitor_data.speed_ref
1764513769628,0,monitor_data.speed_ref
1764513769629,0,monitor_data.speed_ref
1764513769631,0,monitor_data.speed_ref
1764513769632,0,monitor_data.speed_ref
1764513769633,0,monitor_data.speed_ref
1764513769634,0,monitor_data.speed_ref
1764513769636,0,monitor_data.speed_ref
1764513769637,0,monitor_data.speed_ref
1764513769638,0,monitor_data.speed_ref
1764513769640,0,monitor_data.speed_ref
1764513769641,0,monitor_data.speed_ref
1764513769642,0,monitor_data.speed_ref
1764513769644,0,monitor_data.speed_ref
1764513769645,0,monitor_data.speed_ref
1764513769646,0,monitor_data.speed_ref
1764513769647,0,monitor_data.speed_ref
1764513769649,0,monitor_data.speed_ref
1764513769650,0,monitor_data.speed_ref
1764513769651,0,monitor_data.speed_ref
1764513769653,0,monitor_data.speed_ref
1764513769654,0,monitor_data.speed_ref
1764513769655,0,monitor_data.speed_ref
1764513769656,0,monitor_data.speed_ref
1764513769658,0,monitor_data.speed_ref
1764513769659,0,monitor_data.speed_ref
1764513769660,0,monitor_data.speed_ref
1764513769662,0,monitor_data.speed_ref
1764513769663,0,monitor_data.speed_ref
1764513769664,1716.7711181640625,monitor_data.speed
1764513769666,1710.2513427734375,monitor_data.speed
1764513769667,1721.1649169921875,monitor_data.speed
1764513769668,1713.836181640625,monitor_data.speed
1764513769669,1718.127685546875,monitor_data.speed
1764513769671,1722.109619140625,monitor_data.speed
1764513769672,1715.1650390625,monitor_data.speed
1764513769673,1714.6531982421875,monitor_data.speed
1764513769675,1703.3148193359375,monitor_data.speed
1764513769676,1704.4027099609375,monitor_data.speed
1764513769677,1704.2486572265625,monitor_data.speed
1764513769678,1710.4525146484375,monitor_data.speed
1764513769680,1705.73095703125,monitor_data.speed
1764513769681,1711.834716796875,monitor_data.speed
1764513769682,1711.4796142578125,monitor_data.speed
1764513769683,1722.7213134765625,monitor_data.speed
1764513769685,1716.25146484375,monitor_data.speed
1764513769686,1727.2633056640625,monitor_data.speed
1764513769687,1720.2926025390625,monitor_data.speed
1764513769689,1707.486083984375,monitor_data.speed
1764513769690,1713.16943359375,monitor_data.speed
1764513769691,1713.493408203125,monitor_data.speed
1764513769693,1751.086669921875,monitor_data.speed
1764513769694,1757.1890869140625,monitor_data.speed
1764513769695,1746.049560546875,monitor_data.speed
1764513769696,1747.3184814453125,monitor_data.speed
1764513769698,1748.9586181640625,monitor_data.speed
1764513769699,1744.515380859375,monitor_data.speed
1764513769700,1751.9444580078125,monitor_data.speed
1764513769702,1747.3060302734375,monitor_data.speed
1764513769703,1754.6732177734375,monitor_data.speed
1764513769704,1777.463134765625,monitor_data.speed
1764513769706,1764.3983154296875,monitor_data.speed
1764513769707,1764.1597900390625,monitor_data.speed
1764513769708,1747.3067626953125,monitor_data.speed
1764513769710,1743.2437744140625,monitor_data.speed
1764513769711,1733.742919921875,monitor_data.speed
1764513769712,1742.56103515625,monitor_data.speed
1764513769713,1733.77099609375,monitor_data.speed
1764513769664,0,monitor_data.speed_ref
1764513769666,0,monitor_data.speed_ref
1764513769667,0,monitor_data.speed_ref
1764513769668,0,monitor_data.speed_ref
1764513769669,0,monitor_data.speed_ref
1764513769671,0,monitor_data.speed_ref
1764513769672,0,monitor_data.speed_ref
1764513769673,0,monitor_data.speed_ref
1764513769675,0,monitor_data.speed_ref
1764513769676,0,monitor_data.speed_ref
1764513769677,0,monitor_data.speed_ref
1764513769678,0,monitor_data.speed_ref
1764513769680,0,monitor_data.speed_ref
1764513769681,0,monitor_data.speed_ref
1764513769682,0,monitor_data.speed_ref
1764513769683,0,monitor_data.speed_ref
1764513769685,0,monitor_data.speed_ref
1764513769686,0,monitor_data.speed_ref
1764513769687,0,monitor_data.speed_ref
1764513769689,0,monitor_data.speed_ref
1764513769690,0,monitor_data.speed_ref
1764513769691,0,monitor_data.speed_ref
1764513769693,0,monitor_data.speed_ref
1764513769694,0,monitor_data.speed_ref
1764513769695,0,monitor_data.speed_ref
1764513769696,0,monitor_data.speed_ref
1764513769698,0,monitor_data.speed_ref
1764513769699,0,monitor_data.speed_ref
1764513769700,0,monitor_data.speed_ref
1764513769702,0,monitor_data.speed_ref
1764513769703,0,monitor_data.speed_ref
1764513769704,0,monitor_data.speed_ref
1764513769706,0,monitor_data.speed_ref
1764513769707,0,monitor_data.speed_ref
1764513769708,0,monitor_data.speed_ref
1764513769710,0,monitor_data.speed_ref
1764513769711,0,monitor_data.speed_ref
1764513769712,0,monitor_data.speed_ref
1764513769713,0,monitor_data.speed_ref
1764513769715,1742.69287109375,monitor_data.speed
1764513769716,1739.165771484375,monitor_data.speed
1764513769717,1730.1798095703125,monitor_data.speed
1764513769718,1744.291748046875,monitor_data.speed
1764513769720,1734.718505859375,monitor_data.speed
1764513769721,1742.786376953125,monitor_data.speed
1764513769722,1733.249755859375,monitor_data.speed
1764513769724,1735.8253173828125,monitor_data.speed
1764513769725,1733.749267578125,monitor_data.speed
1764513769726,1747.8243408203125,monitor_data.speed
1764513769728,1775.961669921875,monitor_data.speed
1764513769729,1777.9959716796875,monitor_data.speed
1764513769730,1780.7232666015625,monitor_data.speed
1764513769732,1766.8447265625,monitor_data.speed
1764513769733,1776.629638671875,monitor_data.speed
1764513769734,1763.2154541015625,monitor_data.speed
1764513769736,1767.3345947265625,monitor_data.speed
1764513769737,1771.879638671875,monitor_data.speed
1764513769738,1776.22265625,monitor_data.speed
1764513769740,1762.8045654296875,monitor_data.speed
1764513769741,1767.674072265625,monitor_data.speed
1764513769742,1750.1915283203125,monitor_data.speed
1764513769744,1751.0128173828125,monitor_data.speed
1764513769745,1740.8489990234375,monitor_data.speed
1764513769746,1743.1939697265625,monitor_data.speed
1764513769747,1734.0428466796875,monitor_data.speed
1764513769749,1742.5321044921875,monitor_data.speed
1764513769750,1733.4859619140625,monitor_data.speed
1764513769752,1741.70849609375,monitor_data.speed
1764513769753,1737.989501953125,monitor_data.speed
1764513769754,1745.3216552734375,monitor_data.speed
1764513769755,1741.05126953125,monitor_data.speed
1764513769757,1748.411865234375,monitor_data.speed
1764513769758,1744.870361328125,monitor_data.speed
1764513769759,1735.2984619140625,monitor_data.speed
1764513769761,1726.7901611328125,monitor_data.speed
1764513769762,1756.731689453125,monitor_data.speed
1764513769763,1778.5872802734375,monitor_data.speed
1764513769715,0,monitor_data.speed_ref
1764513769716,0,monitor_data.speed_ref
1764513769717,0,monitor_data.speed_ref
1764513769718,0,monitor_data.speed_ref
1764513769720,0,monitor_data.speed_ref
1764513769721,0,monitor_data.speed_ref
1764513769722,0,monitor_data.speed_ref
1764513769724,0,monitor_data.speed_ref
1764513769725,0,monitor_data.speed_ref
1764513769726,0,monitor_data.speed_ref
1764513769728,0,monitor_data.speed_ref
1764513769729,0,monitor_data.speed_ref
1764513769730,0,monitor_data.speed_ref
1764513769732,0,monitor_data.speed_ref
1764513769733,0,monitor_data.speed_ref
1764513769734,0,monitor_data.speed_ref
1764513769736,0,monitor_data.speed_ref
1764513769737,0,monitor_data.speed_ref
1764513769738,0,monitor_data.speed_ref
1764513769740,0,monitor_data.speed_ref
1764513769741,0,monitor_data.speed_ref
1764513769742,0,monitor_data.speed_ref
1764513769744,0,monitor_data.speed_ref
1764513769745,0,monitor_data.speed_ref
1764513769746,0,monitor_data.speed_ref
1764513769747,0,monitor_data.speed_ref
1764513769749,0,monitor_data.speed_ref
1764513769750,0,monitor_data.speed_ref
1764513769752,0,monitor_data.speed_ref
1764513769753,0,monitor_data.speed_ref
1764513769754,0,monitor_data.speed_ref
1764513769755,0,monitor_data.speed_ref
1764513769757,0,monitor_data.speed_ref
1764513769758,0,monitor_data.speed_ref
1764513769759,0,monitor_data.speed_ref
1764513769761,0,monitor_data.speed_ref
1764513769762,0,monitor_data.speed_ref
1764513769763,0,monitor_data.speed_ref
1764513769765,1765.412109375,monitor_data.speed
1764513769766,1770.6800537109375,monitor_data.speed
1764513769767,1758.103759765625,monitor_data.speed
1764513769769,1769.5692138671875,monitor_data.speed
1764513769770,1763.042236328125,monitor_data.speed
1764513769771,1756.7562255859375,monitor_data.speed
1764513769772,1767.8614501953125,monitor_data.speed
1764513769774,1787.736083984375,monitor_data.speed
1764513769775,1767.3848876953125,monitor_data.speed
1764513769776,1765.25927734375,monitor_data.speed
1764513769778,1764.8013916015625,monitor_data.speed
1764513769780,1759.6617431640625,monitor_data.speed
1764513769781,1743.17236328125,monitor_data.speed
1764513769782,1750.664794921875,monitor_data.speed
1764513769784,1740.4881591796875,monitor_data.speed
1764513769785,1753.7210693359375,monitor_data.speed
1764513769786,1743.6207275390625,monitor_data.speed
1764513769788,1750.4984130859375,monitor_data.speed
1764513769789,1745.5897216796875,monitor_data.speed
1764513769790,1752.0074462890625,monitor_data.speed
1764513769791,1747.0283203125,monitor_data.speed
1764513769793,1748.0821533203125,monitor_data.speed
1764513769794,1738.0867919921875,monitor_data.speed
1764513769795,1740.793212890625,monitor_data.speed
1764513769797,1763.8739013671875,monitor_data.speed
1764513769798,1779.3209228515625,monitor_data.speed
1764513769799,1765.7703857421875,monitor_data.speed
1764513769800,1758.730224609375,monitor_data.speed
1764513769801,1769.347900390625,monitor_data.speed
1764513769803,1762.251953125,monitor_data.speed
1764513769804,1766.905029296875,monitor_data.speed
1764513769805,1759.876708984375,monitor_data.speed
1764513769807,1770.5308837890625,monitor_data.speed
1764513769808,1784.603515625,monitor_data.speed
1764513769810,1787.3734130859375,monitor_data.speed
1764513769811,1773.2467041015625,monitor_data.speed
1764513769812,1760.41845703125,monitor_data.speed
1764513769813,1754.259765625,monitor_data.speed
1764513769765,0,monitor_data.speed_ref
1764513769766,0,monitor_data.speed_ref
1764513769767,0,monitor_data.speed_ref
1764513769769,0,monitor_data.speed_ref
1764513769770,0,monitor_data.speed_ref
1764513769771,0,monitor_data.speed_ref
1764513769772,0,monitor_data.speed_ref
1764513769774,0,monitor_data.speed_ref
1764513769775,0,monitor_data.speed_ref
1764513769776,0,monitor_data.speed_ref
1764513769778,0,monitor_data.speed_ref
1764513769780,0,monitor_data.speed_ref
1764513769781,0,monitor_data.speed_ref
1764513769782,0,monitor_data.speed_ref
1764513769784,0,monitor_data.speed_ref
1764513769785,0,monitor_data.speed_ref
1764513769786,0,monitor_data.speed_ref
1764513769788,0,monitor_data.speed_ref
1764513769789,0,monitor_data.speed_ref
1764513769790,0,monitor_data.speed_ref
1764513769791,0,monitor_data.speed_ref
1764513769793,0,monitor_data.speed_ref
1764513769794,0,monitor_data.speed_ref
1764513769795,0,monitor_data.speed_ref
1764513769797,0,monitor_data.speed_ref
1764513769798,0,monitor_data.speed_ref
1764513769799,0,monitor_data.speed_ref
1764513769800,0,monitor_data.speed_ref
1764513769801,0,monitor_data.speed_ref
1764513769803,0,monitor_data.speed_ref
1764513769804,0,monitor_data.speed_ref
1764513769805,0,monitor_data.speed_ref
1764513769807,0,monitor_data.speed_ref
1764513769808,0,monitor_data.speed_ref
1764513769810,0,monitor_data.speed_ref
1764513769811,0,monitor_data.speed_ref
1764513769812,0,monitor_data.speed_ref
1764513769813,0,monitor_data.speed_ref
1764513769815,1760.8736572265625,monitor_data.speed
1764513769816,1749.893310546875,monitor_data.speed
1764513769817,1739.1868896484375,monitor_data.speed
1764513769819,1746.111328125,monitor_data.speed
1764513769820,1753.1673583984375,monitor_data.speed
1764513769821,1748.1531982421875,monitor_data.speed
1764513769823,1760.52197265625,monitor_data.speed
1764513769824,1754.9403076171875,monitor_data.speed
1764513769825,1755.261474609375,monitor_data.speed
1764513769827,1744.189697265625,monitor_data.speed
1764513769828,1745.5294189453125,monitor_data.speed
1764513769829,1735.98486328125,monitor_data.speed
1764513769831,1765.763671875,monitor_data.speed
1764513769832,1785.8358154296875,monitor_data.speed
1764513769833,1787.43798828125,monitor_data.speed
1764513769835,1772.42138671875,monitor_data.speed
1764513769836,1774.8094482421875,monitor_data.speed
1764513769837,1783.9444580078125,monitor_data.speed
1764513769839,1775.54541015625,monitor_data.speed
1764513769840,1767.6719970703125,monitor_data.speed
1764513769841,1788.6827392578125,monitor_data.speed
1764513769843,1790.6004638671875,monitor_data.speed
1764513769844,1781.2269287109375,monitor_data.speed
1764513769845,1778.979736328125,monitor_data.speed
1764513769847,1760.0693359375,monitor_data.speed
1764513769848,1759.9130859375,monitor_data.speed
1764513769849,1748.549072265625,monitor_data.speed
1764513769850,1755.3826904296875,monitor_data.speed
1764513769852,1744.760009765625,monitor_data.speed
1764513769853,1751.722412109375,monitor_data.speed
1764513769855,1746.7169189453125,monitor_data.speed
1764513769856,1758.9212646484375,monitor_data.speed
1764513769857,1753.4237060546875,monitor_data.speed
1764513769859,1759.4068603515625,monitor_data.speed
1764513769860,1747.88232421875,monitor_data.speed
1764513769861,1748.342529296875,monitor_data.speed
1764513769863,1749.6280517578125,monitor_data.speed
1764513769864,1739.9346923828125,monitor_data.speed
1764513769815,0,monitor_data.speed_ref
1764513769816,0,monitor_data.speed_ref
1764513769817,0,monitor_data.speed_ref
1764513769819,0,monitor_data.speed_ref
1764513769820,0,monitor_data.speed_ref
1764513769821,0,monitor_data.speed_ref
1764513769823,0,monitor_data.speed_ref
1764513769824,0,monitor_data.speed_ref
1764513769825,0,monitor_data.speed_ref
1764513769827,0,monitor_data.speed_ref
1764513769828,0,monitor_data.speed_ref
1764513769829,0,monitor_data.speed_ref
1764513769831,0,monitor_data.speed_ref
1764513769832,0,monitor_data.speed_ref
1764513769833,0,monitor_data.speed_ref
1764513769835,0,monitor_data.speed_ref
1764513769836,0,monitor_data.speed_ref
1764513769837,0,monitor_data.speed_ref
1764513769839,0,monitor_data.speed_ref
1764513769840,0,monitor_data.speed_ref
1764513769841,0,monitor_data.speed_ref
1764513769843,0,monitor_data.speed_ref
1764513769844,0,monitor_data.speed_ref
1764513769845,0,monitor_data.speed_ref
1764513769847,0,monitor_data.speed_ref
1764513769848,0,monitor_data.speed_ref
1764513769849,0,monitor_data.speed_ref
1764513769850,0,monitor_data.speed_ref
1764513769852,0,monitor_data.speed_ref
1764513769853,0,monitor_data.speed_ref
1764513769855,0,monitor_data.speed_ref
1764513769856,0,monitor_data.speed_ref
1764513769857,0,monitor_data.speed_ref
1764513769859,0,monitor_data.speed_ref
1764513769860,0,monitor_data.speed_ref
1764513769861,0,monitor_data.speed_ref
1764513769863,0,monitor_data.speed_ref
1764513769864,0,monitor_data.speed_ref
1764513769865,1775.3070068359375,monitor_data.speed
1764513769866,1778.6068115234375,monitor_data.speed
1764513769868,1782.3271484375,monitor_data.speed
1764513769869,1768.162109375,monitor_data.speed
1764513769870,1778.482421875,monitor_data.speed
1764513769872,1770.647216796875,monitor_data.speed
1764513769873,1774.9910888671875,monitor_data.speed
1764513769874,1767.2637939453125,monitor_data.speed
1764513769876,1777.2647705078125,monitor_data.speed
1764513769877,1779.7987060546875,monitor_data.speed
1764513769878,1782.6920166015625,monitor_data.speed
1764513769880,1762.9578857421875,monitor_data.speed
1764513769881,1762.1285400390625,monitor_data.speed
1764513769882,1750.5328369140625,monitor_data.speed
1764513769884,1757.1239013671875,monitor_data.speed
1764513769885,1746.3819580078125,monitor_data.speed
1764513769886,1747.6090087890625,monitor_data.speed
1764513769888,1743.000732421875,monitor_data.speed
1764513769889,1755.484619140625,monitor_data.speed
1764513769890,1750.2430419921875,monitor_data.speed
1764513769892,1756.2330322265625,monitor_data.speed
1764513769893,1762.22265625,monitor_data.speed
1764513769894,1756.3243408203125,monitor_data.speed
1764513769896,1762.587646484375,monitor_data.speed
1764513769897,1745.8192138671875,monitor_data.speed
1764513769898,1747.8427734375,monitor_data.speed
1764513769900,1765.396240234375,monitor_data.speed
1764513769901,1775.4085693359375,monitor_data.speed
1764513769902,1772.146484375,monitor_data.speed
1764513769904,1769.6431884765625,monitor_data.speed
1764513769905,1779.80322265625,monitor_data.speed
1764513769906,1771.971435546875,monitor_data.speed
1764513769908,1775.966064453125,monitor_data.speed
1764513769909,1767.9503173828125,monitor_data.speed
1764513769911,1795.104248046875,monitor_data.speed
1764513769912,1779.59521484375,monitor_data.speed
1764513769913,1776.515380859375,monitor_data.speed
1764513769914,1763.0657958984375,monitor_data.speed
1764513769865,0,monitor_data.speed_ref
1764513769866,0,monitor_data.speed_ref
1764513769868,0,monitor_data.speed_ref
1764513769869,0,monitor_data.speed_ref
1764513769870,0,monitor_data.speed_ref
1764513769872,0,monitor_data.speed_ref
1764513769873,0,monitor_data.speed_ref
1764513769874,0,monitor_data.speed_ref
1764513769876,0,monitor_data.speed_ref
1764513769877,0,monitor_data.speed_ref
1764513769878,0,monitor_data.speed_ref
1764513769880,0,monitor_data.speed_ref
1764513769881,0,monitor_data.speed_ref
1764513769882,0,monitor_data.speed_ref
1764513769884,0,monitor_data.speed_ref
1764513769885,0,monitor_data.speed_ref
1764513769886,0,monitor_data.speed_ref
1764513769888,0,monitor_data.speed_ref
1764513769889,0,monitor_data.speed_ref
1764513769890,0,monitor_data.speed_ref
1764513769892,0,monitor_data.speed_ref
1764513769893,0,monitor_data.speed_ref
1764513769894,0,monitor_data.speed_ref
1764513769896,0,monitor_data.speed_ref
1764513769897,0,monitor_data.speed_ref
1764513769898,0,monitor_data.speed_ref
1764513769900,0,monitor_data.speed_ref
1764513769901,0,monitor_data.speed_ref
1764513769902,0,monitor_data.speed_ref
1764513769904,0,monitor_data.speed_ref
1764513769905,0,monitor_data.speed_ref
1764513769906,0,monitor_data.speed_ref
1764513769908,0,monitor_data.speed_ref
1764513769909,0,monitor_data.speed_ref
1764513769911,0,monitor_data.speed_ref
1764513769912,0,monitor_data.speed_ref
1764513769913,0,monitor_data.speed_ref
1764513769914,0,monitor_data.speed_ref
1764513769916,1756.4698486328125,monitor_data.speed
1764513769917,1750.8782958984375,monitor_data.speed
1764513769919,1751.6322021484375,monitor_data.speed
1764513769920,1758.5328369140625,monitor_data.speed
1764513769921,1747.613525390625,monitor_data.speed
1764513769922,1742.579345703125,monitor_data.speed
1764513769924,1754.8935546875,monitor_data.speed
1764513769925,1761.268798828125,monitor_data.speed
1764513769926,1755.3736572265625,monitor_data.speed
1764513769928,1766.947021484375,monitor_data.speed
1764513769929,1749.2222900390625,monitor_data.speed
1764513769931,1755.4959716796875,monitor_data.speed
1764513769932,1751.1131591796875,monitor_data.speed
1764513769933,1758.691162109375,monitor_data.speed
1764513769935,1776.059326171875,monitor_data.speed
1764513769936,1779.7481689453125,monitor_data.speed
1764513769937,1766.0926513671875,monitor_data.speed
1764513769939,1759.1827392578125,monitor_data.speed
1764513769940,1769.633544921875,monitor_data.speed
1764513769941,1774.0601806640625,monitor_data.speed
1764513769942,1766.650146484375,monitor_data.speed
1764513769944,1777.014892578125,monitor_data.speed
1764513769945,1786.769287109375,monitor_data.speed
1764513769946,1771.475830078125,monitor_data.speed
1764513769948,1774.6153564453125,monitor_data.speed
1764513769949,1761.4375,monitor_data.speed
1764513769950,1760.9219970703125,monitor_data.speed
1764513769951,1749.38330078125,monitor_data.speed
1764513769953,1756.243408203125,monitor_data.speed
1764513769954,1745.4400634765625,monitor_data.speed
1764513769955,1752.3160400390625,monitor_data.speed
1764513769957,1747.130126953125,monitor_data.speed
1764513769958,1759.5867919921875,monitor_data.speed
1764513769959,1748.2021484375,monitor_data.speed
1764513769960,1765.98291015625,monitor_data.speed
1764513769962,1759.9735107421875,monitor_data.speed
1764513769963,1765.796875,monitor_data.speed
1764513769964,1754.1439208984375,monitor_data.speed
1764513769916,0,monitor_data.speed_ref
1764513769917,0,monitor_data.speed_ref
1764513769919,0,monitor_data.speed_ref
1764513769920,0,monitor_data.speed_ref
1764513769921,0,monitor_data.speed_ref
1764513769922,0,monitor_data.speed_ref
1764513769924,0,monitor_data.speed_ref
1764513769925,0,monitor_data.speed_ref
1764513769926,0,monitor_data.speed_ref
1764513769928,0,monitor_data.speed_ref
1764513769929,0,monitor_data.speed_ref
1764513769931,0,monitor_data.speed_ref
1764513769932,0,monitor_data.speed_ref
1764513769933,0,monitor_data.speed_ref
1764513769935,0,monitor_data.speed_ref
1764513769936,0,monitor_data.speed_ref
1764513769937,0,monitor_data.speed_ref
1764513769939,0,monitor_data.speed_ref
1764513769940,0,monitor_data.speed_ref
1764513769941,0,monitor_data.speed_ref
1764513769942,0,monitor_data.speed_ref
1764513769944,0,monitor_data.speed_ref
1764513769945,0,monitor_data.speed_ref
1764513769946,0,monitor_data.speed_ref
1764513769948,0,monitor_data.speed_ref
1764513769949,0,monitor_data.speed_ref
1764513769950,0,monitor_data.speed_ref
1764513769951,0,monitor_data.speed_ref
1764513769953,0,monitor_data.speed_ref
1764513769954,0,monitor_data.speed_ref
1764513769955,0,monitor_data.speed_ref
1764513769957,0,monitor_data.speed_ref
1764513769958,0,monitor_data.speed_ref
1764513769959,0,monitor_data.speed_ref
1764513769960,0,monitor_data.speed_ref
1764513769962,0,monitor_data.speed_ref
1764513769963,0,monitor_data.speed_ref
1764513769964,0,monitor_data.speed_ref
1764513769966,1755.015380859375,monitor_data.speed
1764513769967,1744.5706787109375,monitor_data.speed
1764513769968,1767.6395263671875,monitor_data.speed
1764513769969,1783.38330078125,monitor_data.speed
1764513769971,1785.061767578125,monitor_data.speed
1764513769972,1776.1954345703125,monitor_data.speed
1764513769973,1779.0888671875,monitor_data.speed
1764513769975,1782.3231201171875,monitor_data.speed
1764513769976,1773.7943115234375,monitor_data.speed
1764513769977,1783.276611328125,monitor_data.speed
1764513769978,1781.0623779296875,monitor_data.speed
1764513769980,1783.8955078125,monitor_data.speed
1764513769981,1785.8323974609375,monitor_data.speed
1764513769982,1771.133544921875,monitor_data.speed
1764513769984,1762.9814453125,monitor_data.speed
1764513769985,1762.5284423828125,monitor_data.speed
1764513769986,1750.792724609375,monitor_data.speed
1764513769988,1757.2415771484375,monitor_data.speed
1764513769989,1751.895751953125,monitor_data.speed
1764513769990,1746.706298828125,monitor_data.speed
1764513769992,1752.86181640625,monitor_data.speed
1764513769993,1753.1441650390625,monitor_data.speed
1764513769994,1758.967041015625,monitor_data.speed
1764513769995,1753.0206298828125,monitor_data.speed
1764513769997,1764.2213134765625,monitor_data.speed
1764513769998,1764.266357421875,monitor_data.speed
1764513769999,1752.7083740234375,monitor_data.speed
1764513770001,1753.953369140625,monitor_data.speed
1764513770002,1743.7144775390625,monitor_data.speed
1764513770003,1794.7181396484375,monitor_data.speed
1764513770005,1778.7598876953125,monitor_data.speed
1764513770006,1787.1573486328125,monitor_data.speed
1764513770007,1778.2574462890625,monitor_data.speed
1764513770008,1781.384033203125,monitor_data.speed
1764513770010,1772.8565673828125,monitor_data.speed
1764513770011,1782.062744140625,monitor_data.speed
1764513770012,1773.77978515625,monitor_data.speed
1764513770013,1800.2098388671875,monitor_data.speed
1764513770015,1784.3402099609375,monitor_data.speed
1764513770016,1775.3621826171875,monitor_data.speed
1764513769966,0,monitor_data.speed_ref
1764513769967,0,monitor_data.speed_ref
1764513769968,0,monitor_data.speed_ref
1764513769969,0,monitor_data.speed_ref
1764513769971,0,monitor_data.speed_ref
1764513769972,0,monitor_data.speed_ref
1764513769973,0,monitor_data.speed_ref
1764513769975,0,monitor_data.speed_ref
1764513769976,0,monitor_data.speed_ref
1764513769977,0,monitor_data.speed_ref
1764513769978,0,monitor_data.speed_ref
1764513769980,0,monitor_data.speed_ref
1764513769981,0,monitor_data.speed_ref
1764513769982,0,monitor_data.speed_ref
1764513769984,0,monitor_data.speed_ref
1764513769985,0,monitor_data.speed_ref
1764513769986,0,monitor_data.speed_ref
1764513769988,0,monitor_data.speed_ref
1764513769989,0,monitor_data.speed_ref
1764513769990,0,monitor_data.speed_ref
1764513769992,0,monitor_data.speed_ref
1764513769993,0,monitor_data.speed_ref
1764513769994,0,monitor_data.speed_ref
1764513769995,0,monitor_data.speed_ref
1764513769997,0,monitor_data.speed_ref
1764513769998,0,monitor_data.speed_ref
1764513769999,0,monitor_data.speed_ref
1764513770001,0,monitor_data.speed_ref
1764513770002,0,monitor_data.speed_ref
1764513770003,0,monitor_data.speed_ref
1764513770005,0,monitor_data.speed_ref
1764513770006,0,monitor_data.speed_ref
1764513770007,0,monitor_data.speed_ref
1764513770008,0,monitor_data.speed_ref
1764513770010,0,monitor_data.speed_ref
1764513770011,0,monitor_data.speed_ref
1764513770012,0,monitor_data.speed_ref
1764513770013,0,monitor_data.speed_ref
1764513770015,0,monitor_data.speed_ref
1764513770016,0,monitor_data.speed_ref
1764513770017,1772.8175048828125,monitor_data.speed
1764513770018,1759.656494140625,monitor_data.speed
1764513770020,1759.1632080078125,monitor_data.speed
1764513770021,1747.6253662109375,monitor_data.speed
1764513770022,1759.8677978515625,monitor_data.speed
1764513770024,1760.7769775390625,monitor_data.speed
1764513770025,1755.216552734375,monitor_data.speed
1764513770026,1749.76220703125,monitor_data.speed
1764513770028,1755.7279052734375,monitor_data.speed
1764513770029,1761.339599609375,monitor_data.speed
1764513770030,1755.16015625,monitor_data.speed
1764513770032,1766.5723876953125,monitor_data.speed
1764513770033,1754.8951416015625,monitor_data.speed
1764513770034,1755.58984375,monitor_data.speed
1764513770036,1756.7386474609375,monitor_data.speed
1764513770037,1785.0987548828125,monitor_data.speed
1764513770038,1799.790771484375,monitor_data.speed
1764513770039,1789.271484375,monitor_data.speed
1764513770040,1790.8258056640625,monitor_data.speed
1764513770042,1781.142578125,monitor_data.speed
1764513770043,1789.443115234375,monitor_data.speed
1764513770044,1780.2593994140625,monitor_data.speed
1764513770046,1782.6640625,monitor_data.speed
1764513770047,1773.8153076171875,monitor_data.speed
1764513770048,1799.4324951171875,monitor_data.speed
1764513770050,1783.28271484375,monitor_data.speed
1764513770051,1779.892333984375,monitor_data.speed
1764513770052,1765.9742431640625,monitor_data.speed
1764513770054,1764.7608642578125,monitor_data.speed
1764513770055,1752.644775390625,monitor_data.speed
1764513770056,1758.6983642578125,monitor_data.speed
1764513770057,1753.12060546875,monitor_data.speed
1764513770059,1759.577392578125,monitor_data.speed
1764513770060,1754.020263671875,monitor_data.speed
1764513770061,1754.169921875,monitor_data.speed
1764513770062,1759.9547119140625,monitor_data.speed
1764513770064,1753.9407958984375,monitor_data.speed
1764513770065,1765.0286865234375,monitor_data.speed
1764513770066,1753.04541015625,monitor_data.speed
1764513770017,0,monitor_data.speed_ref
1764513770018,0,monitor_data.speed_ref
1764513770020,0,monitor_data.speed_ref
1764513770021,0,monitor_data.speed_ref
1764513770022,0,monitor_data.speed_ref
1764513770024,0,monitor_data.speed_ref
1764513770025,0,monitor_data.speed_ref
1764513770026,0,monitor_data.speed_ref
1764513770028,0,monitor_data.speed_ref
1764513770029,0,monitor_data.speed_ref
1764513770030,0,monitor_data.speed_ref
1764513770032,0,monitor_data.speed_ref
1764513770033,0,monitor_data.speed_ref
1764513770034,0,monitor_data.speed_ref
1764513770036,0,monitor_data.speed_ref
1764513770037,0,monitor_data.speed_ref
1764513770038,0,monitor_data.speed_ref
1764513770039,0,monitor_data.speed_ref
1764513770040,0,monitor_data.speed_ref
1764513770042,0,monitor_data.speed_ref
1764513770043,0,monitor_data.speed_ref
1764513770044,0,monitor_data.speed_ref
1764513770046,0,monitor_data.speed_ref
1764513770047,0,monitor_data.speed_ref
1764513770048,0,monitor_data.speed_ref
1764513770050,0,monitor_data.speed_ref
1764513770051,0,monitor_data.speed_ref
1764513770052,0,monitor_data.speed_ref
1764513770054,0,monitor_data.speed_ref
1764513770055,0,monitor_data.speed_ref
1764513770056,0,monitor_data.speed_ref
1764513770057,0,monitor_data.speed_ref
1764513770059,0,monitor_data.speed_ref
1764513770060,0,monitor_data.speed_ref
1764513770061,0,monitor_data.speed_ref
1764513770062,0,monitor_data.speed_ref
1764513770064,0,monitor_data.speed_ref
1764513770065,0,monitor_data.speed_ref
1764513770066,0,monitor_data.speed_ref
1764513770067,1764.6983642578125,monitor_data.speed
1764513770069,1747.5599365234375,monitor_data.speed
1764513770070,1749.000732421875,monitor_data.speed
1764513770071,1772.543701171875,monitor_data.speed
1764513770072,1776.17138671875,monitor_data.speed
1764513770074,1778.8958740234375,monitor_data.speed
1764513770075,1782.1563720703125,monitor_data.speed
1764513770076,1773.9776611328125,monitor_data.speed
1764513770078,1783.6343994140625,monitor_data.speed
1764513770079,1769.35498046875,monitor_data.speed
1764513770080,1779.051513671875,monitor_data.speed
1764513770082,1777.2752685546875,monitor_data.speed
1764513770083,1780.5191650390625,monitor_data.speed
1764513770084,1772.3365478515625,monitor_data.speed
1764513770085,1769.9844970703125,monitor_data.speed
1764513770087,1757.5535888671875,monitor_data.speed
1764513770088,1757.6488037109375,monitor_data.speed
1764513770089,1746.5108642578125,monitor_data.speed
1764513770090,1753.5943603515625,monitor_data.speed
1764513770092,1743.096435546875,monitor_data.speed
1764513770093,1755.9146728515625,monitor_data.speed
1764513770094,1750.67529296875,monitor_data.speed
1764513770096,1763.2188720703125,monitor_data.speed
1764513770097,1757.358642578125,monitor_data.speed
1764513770098,1763.3863525390625,monitor_data.speed
1764513770099,1763.029296875,monitor_data.speed
1764513770101,1751.16259765625,monitor_data.speed
1764513770102,1751.4931640625,monitor_data.speed
1764513770104,1752.8233642578125,monitor_data.speed
1764513770105,1754.33203125,monitor_data.speed
1764513770106,1765.2547607421875,monitor_data.speed
1764513770107,1780.026611328125,monitor_data.speed
1764513770109,1771.6126708984375,monitor_data.speed
1764513770110,1775.23193359375,monitor_data.speed
1764513770111,1767.4451904296875,monitor_data.speed
1764513770112,1777.318359375,monitor_data.speed
1764513770114,1769.2301025390625,monitor_data.speed
1764513770115,1778.9423828125,monitor_data.speed
1764513770067,0,monitor_data.speed_ref
1764513770069,0,monitor_data.speed_ref
1764513770070,0,monitor_data.speed_ref
1764513770071,0,monitor_data.speed_ref
1764513770072,0,monitor_data.speed_ref
1764513770074,0,monitor_data.speed_ref
1764513770075,0,monitor_data.speed_ref
1764513770076,0,monitor_data.speed_ref
1764513770078,0,monitor_data.speed_ref
1764513770079,0,monitor_data.speed_ref
1764513770080,0,monitor_data.speed_ref
1764513770082,0,monitor_data.speed_ref
1764513770083,0,monitor_data.speed_ref
1764513770084,0,monitor_data.speed_ref
1764513770085,0,monitor_data.speed_ref
1764513770087,0,monitor_data.speed_ref
1764513770088,0,monitor_data.speed_ref
1764513770089,0,monitor_data.speed_ref
1764513770090,0,monitor_data.speed_ref
1764513770092,0,monitor_data.speed_ref
1764513770093,0,monitor_data.speed_ref
1764513770094,0,monitor_data.speed_ref
1764513770096,0,monitor_data.speed_ref
1764513770097,0,monitor_data.speed_ref
1764513770098,0,monitor_data.speed_ref
1764513770099,0,monitor_data.speed_ref
1764513770101,0,monitor_data.speed_ref
1764513770102,0,monitor_data.speed_ref
1764513770104,0,monitor_data.speed_ref
1764513770105,0,monitor_data.speed_ref
1764513770106,0,monitor_data.speed_ref
1764513770107,0,monitor_data.speed_ref
1764513770109,0,monitor_data.speed_ref
1764513770110,0,monitor_data.speed_ref
1764513770111,0,monitor_data.speed_ref
1764513770112,0,monitor_data.speed_ref
1764513770114,0,monitor_data.speed_ref
1764513770115,0,monitor_data.speed_ref
1764513770116,1788.582275390625,monitor_data.speed
1764513770117,1790.726806640625,monitor_data.speed
1764513770119,1781.62939453125,monitor_data.speed
1764513770120,1779.2218017578125,monitor_data.speed
1764513770121,1766.1656494140625,monitor_data.speed
1764513770122,1753.8896484375,monitor_data.speed
1764513770124,1760.0162353515625,monitor_data.speed
1764513770125,1748.7518310546875,monitor_data.speed
1764513770126,1743.6778564453125,monitor_data.speed
1764513770127,1750.3299560546875,monitor_data.speed
1764513770128,1745.1668701171875,monitor_data.speed
1764513770130,1757.2174072265625,monitor_data.speed
1764513770131,1751.5989990234375,monitor_data.speed
1764513770133,1757.3363037109375,monitor_data.speed
1764513770134,1768.7833251953125,monitor_data.speed
1764513770135,1756.7215576171875,monitor_data.speed
1764513770136,1756.9228515625,monitor_data.speed
1764513770138,1746.09814453125,monitor_data.speed
1764513770139,1753.0052490234375,monitor_data.speed
1764513770140,1786.1373291015625,monitor_data.speed
1764513770142,1788.11083984375,monitor_data.speed
1764513770143,1790.43115234375,monitor_data.speed
1764513770144,1775.6600341796875,monitor_data.speed
1764513770146,1785.0172119140625,monitor_data.speed
1764513770147,1776.248291015625,monitor_data.speed
1764513770148,1785.4788818359375,monitor_data.speed
1764513770150,1776.9462890625,monitor_data.speed
1764513770151,1786.1973876953125,monitor_data.speed
1764513770152,1788.7130126953125,monitor_data.speed
1764513770153,1774.3765869140625,monitor_data.speed
1764513770155,1772.9072265625,monitor_data.speed
1764513770156,1754.704833984375,monitor_data.speed
1764513770157,1755.111083984375,monitor_data.speed
1764513770159,1744.2249755859375,monitor_data.speed
1764513770160,1751.1439208984375,monitor_data.speed
1764513770161,1746.15380859375,monitor_data.speed
1764513770163,1758.861328125,monitor_data.speed
1764513770164,1747.7237548828125,monitor_data.speed
1764513770165,1759.756591796875,monitor_data.speed
1764513770167,1753.9718017578125,monitor_data.speed
1764513770116,0,monitor_data.speed_ref
1764513770117,0,monitor_data.speed_ref
1764513770119,0,monitor_data.speed_ref
1764513770120,0,monitor_data.speed_ref
1764513770121,0,monitor_data.speed_ref
1764513770122,0,monitor_data.speed_ref
1764513770124,0,monitor_data.speed_ref
1764513770125,0,monitor_data.speed_ref
1764513770126,0,monitor_data.speed_ref
1764513770127,0,monitor_data.speed_ref
1764513770128,0,monitor_data.speed_ref
1764513770130,0,monitor_data.speed_ref
1764513770131,0,monitor_data.speed_ref
1764513770133,0,monitor_data.speed_ref
1764513770134,0,monitor_data.speed_ref
1764513770135,0,monitor_data.speed_ref
1764513770136,0,monitor_data.speed_ref
1764513770138,0,monitor_data.speed_ref
1764513770139,0,monitor_data.speed_ref
1764513770140,0,monitor_data.speed_ref
1764513770142,0,monitor_data.speed_ref
1764513770143,0,monitor_data.speed_ref
1764513770144,0,monitor_data.speed_ref
1764513770146,0,monitor_data.speed_ref
1764513770147,0,monitor_data.speed_ref
1764513770148,0,monitor_data.speed_ref
1764513770150,0,monitor_data.speed_ref
1764513770151,0,monitor_data.speed_ref
1764513770152,0,monitor_data.speed_ref
1764513770153,0,monitor_data.speed_ref
1764513770155,0,monitor_data.speed_ref
1764513770156,0,monitor_data.speed_ref
1764513770157,0,monitor_data.speed_ref
1764513770159,0,monitor_data.speed_ref
1764513770160,0,monitor_data.speed_ref
1764513770161,0,monitor_data.speed_ref
1764513770163,0,monitor_data.speed_ref
1764513770164,0,monitor_data.speed_ref
1764513770165,0,monitor_data.speed_ref
1764513770167,0,monitor_data.speed_ref
1764513770168,1765.596923828125,monitor_data.speed
1764513770169,1753.5755615234375,monitor_data.speed
1764513770170,1759.6280517578125,monitor_data.speed
1764513770172,1748.4891357421875,monitor_data.speed
1764513770173,1738.115478515625,monitor_data.speed
1764513770174,1773.7882080078125,monitor_data.speed
1764513770175,1794.139404296875,monitor_data.speed
1764513770177,1778.635498046875,monitor_data.speed
1764513770178,1787.0826416015625,monitor_data.speed
1764513770179,1772.29345703125,monitor_data.speed
1764513770181,1781.346435546875,monitor_data.speed
1764513770182,1773.1966552734375,monitor_data.speed
1764513770183,1775.9957275390625,monitor_data.speed
1764513770185,1767.9608154296875,monitor_data.speed
1764513770186,1788.2669677734375,monitor_data.speed
1764513770187,1779.0072021484375,monitor_data.speed
1764513770188,1776.1036376953125,monitor_data.speed
1764513770190,1762.53955078125,monitor_data.speed
1764513770191,1761.7081298828125,monitor_data.speed
1764513770192,1750.0732421875,monitor_data.speed
1764513770194,1756.2611083984375,monitor_data.speed
1764513770195,1750.8695068359375,monitor_data.speed
1764513770196,1757.3623046875,monitor_data.speed
1764513770198,1752.0003662109375,monitor_data.speed
1764513770199,1763.8218994140625,monitor_data.speed
1764513770200,1757.8885498046875,monitor_data.speed
1764513770201,1763.292724609375,monitor_data.speed
1764513770203,1756.8271484375,monitor_data.speed
1764513770204,1762.4188232421875,monitor_data.speed
1764513770205,1750.970703125,monitor_data.speed
1764513770207,1751.977783203125,monitor_data.speed
1764513770208,1753.3009033203125,monitor_data.speed
1764513770209,1786.740234375,monitor_data.speed
1764513770211,1777.8154296875,monitor_data.speed
1764513770212,1781.3515625,monitor_data.speed
1764513770213,1773.3189697265625,monitor_data.speed
1764513770214,1765.50537109375,monitor_data.speed
1764513770215,1775.3515625,monitor_data.speed
1764513770217,1767.3980712890625,monitor_data.speed
1764513770168,0,monitor_data.speed_ref
1764513770169,0,monitor_data.speed_ref
1764513770170,0,monitor_data.speed_ref
1764513770172,0,monitor_data.speed_ref
1764513770173,0,monitor_data.speed_ref
1764513770174,0,monitor_data.speed_ref
1764513770175,0,monitor_data.speed_ref
1764513770177,0,monitor_data.speed_ref
1764513770178,0,monitor_data.speed_ref
1764513770179,0,monitor_data.speed_ref
1764513770181,0,monitor_data.speed_ref
1764513770182,0,monitor_data.speed_ref
1764513770183,0,monitor_data.speed_ref
1764513770185,0,monitor_data.speed_ref
1764513770186,0,monitor_data.speed_ref
1764513770187,0,monitor_data.speed_ref
1764513770188,0,monitor_data.speed_ref
1764513770190,0,monitor_data.speed_ref
1764513770191,0,monitor_data.speed_ref
1764513770192,0,monitor_data.speed_ref
1764513770194,0,monitor_data.speed_ref
1764513770195,0,monitor_data.speed_ref
1764513770196,0,monitor_data.speed_ref
1764513770198,0,monitor_data.speed_ref
1764513770199,0,monitor_data.speed_ref
1764513770200,0,monitor_data.speed_ref
1764513770201,0,monitor_data.speed_ref
1764513770203,0,monitor_data.speed_ref
1764513770204,0,monitor_data.speed_ref
1764513770205,0,monitor_data.speed_ref
1764513770207,0,monitor_data.speed_ref
1764513770208,0,monitor_data.speed_ref
1764513770209,0,monitor_data.speed_ref
1764513770211,0,monitor_data.speed_ref
1764513770212,0,monitor_data.speed_ref
1764513770213,0,monitor_data.speed_ref
1764513770214,0,monitor_data.speed_ref
1764513770215,0,monitor_data.speed_ref
1764513770217,0,monitor_data.speed_ref
1764513770218,1777.362548828125,monitor_data.speed
1764513770219,1769.50146484375,monitor_data.speed
1764513770220,1778.4007568359375,monitor_data.speed
1764513770222,1776.15869140625,monitor_data.speed
1764513770223,1762.76025390625,monitor_data.speed
1764513770224,1762.5443115234375,monitor_data.speed
1764513770226,1751.028076171875,monitor_data.speed
1764513770227,1740.2529296875,monitor_data.speed
1764513770228,1747.1016845703125,monitor_data.speed
1764513770229,1742.555419921875,monitor_data.speed
1764513770231,1749.56689453125,monitor_data.speed
1764513770232,1756.5692138671875,monitor_data.speed
1764513770233,1756.930419921875,monitor_data.speed
1764513770235,1751.3477783203125,monitor_data.speed
1764513770236,1756.99951171875,monitor_data.speed
1764513770237,1751.009033203125,monitor_data.speed
1764513770239,1756.9912109375,monitor_data.speed
1764513770240,1745.81396484375,monitor_data.speed
1764513770241,1747.0145263671875,monitor_data.speed
1764513770242,1771.973388671875,monitor_data.speed
1764513770244,1793.589599609375,monitor_data.speed
1764513770245,1794.284912109375,monitor_data.speed
1764513770246,1789.6009521484375,monitor_data.speed
1764513770248,1779.842529296875,monitor_data.speed
1764513770249,1788.4447021484375,monitor_data.speed
1764513770250,1779.1064453125,monitor_data.speed
1764513770251,1787.8238525390625,monitor_data.speed
1764513770253,1778.7833251953125,monitor_data.speed
1764513770254,1787.3753662109375,monitor_data.speed
1764513770255,1788.9854736328125,monitor_data.speed
1764513770256,1791.3629150390625,monitor_data.speed
1764513770258,1776.5992431640625,monitor_data.speed
1764513770259,1769.168212890625,monitor_data.speed
1764513770260,1762.5238037109375,monitor_data.speed
1764513770262,1762.461181640625,monitor_data.speed
1764513770263,1750.8507080078125,monitor_data.speed
1764513770264,1763.0364990234375,monitor_data.speed
1764513770266,1751.3330078125,monitor_data.speed
1764513770267,1763.292724609375,monitor_data.speed
1764513770218,0,monitor_data.speed_ref
1764513770219,0,monitor_data.speed_ref
1764513770220,0,monitor_data.speed_ref
1764513770222,0,monitor_data.speed_ref
1764513770223,0,monitor_data.speed_ref
1764513770224,0,monitor_data.speed_ref
1764513770226,0,monitor_data.speed_ref
1764513770227,0,monitor_data.speed_ref
1764513770228,0,monitor_data.speed_ref
1764513770229,0,monitor_data.speed_ref
1764513770231,0,monitor_data.speed_ref
1764513770232,0,monitor_data.speed_ref
1764513770233,0,monitor_data.speed_ref
1764513770235,0,monitor_data.speed_ref
1764513770236,0,monitor_data.speed_ref
1764513770237,0,monitor_data.speed_ref
1764513770239,0,monitor_data.speed_ref
1764513770240,0,monitor_data.speed_ref
1764513770241,0,monitor_data.speed_ref
1764513770242,0,monitor_data.speed_ref
1764513770244,0,monitor_data.speed_ref
1764513770245,0,monitor_data.speed_ref
1764513770246,0,monitor_data.speed_ref
1764513770248,0,monitor_data.speed_ref
1764513770249,0,monitor_data.speed_ref
1764513770250,0,monitor_data.speed_ref
1764513770251,0,monitor_data.speed_ref
1764513770253,0,monitor_data.speed_ref
1764513770254,0,monitor_data.speed_ref
1764513770255,0,monitor_data.speed_ref
1764513770256,0,monitor_data.speed_ref
1764513770258,0,monitor_data.speed_ref
1764513770259,0,monitor_data.speed_ref
1764513770260,0,monitor_data.speed_ref
1764513770262,0,monitor_data.speed_ref
1764513770263,0,monitor_data.speed_ref
1764513770264,0,monitor_data.speed_ref
1764513770266,0,monitor_data.speed_ref
1764513770267,0,monitor_data.speed_ref
1764513770268,1757.035888671875,monitor_data.speed
1764513770270,1768.524658203125,monitor_data.speed
1764513770271,1761.94921875,monitor_data.speed
1764513770272,1755.598876953125,monitor_data.speed
1764513770273,1767.243896484375,monitor_data.speed
1764513770274,1749.68212890625,monitor_data.speed
1764513770276,1750.8631591796875,monitor_data.speed
1764513770277,1775.353271484375,monitor_data.speed
1764513770278,1796.6624755859375,monitor_data.speed
1764513770279,1781.3504638671875,monitor_data.speed
1764513770281,1773.041015625,monitor_data.speed
1764513770282,1782.6678466796875,monitor_data.speed
1764513770283,1768.5706787109375,monitor_data.speed
1764513770284,1778.139404296875,monitor_data.speed
1764513770286,1769.953125,monitor_data.speed
1764513770287,1779.5196533203125,monitor_data.speed
1764513770288,1788.900634765625,monitor_data.speed
1764513770290,1791.7772216796875,monitor_data.speed
1764513770291,1782.5604248046875,monitor_data.speed
1764513770292,1779.9815673828125,monitor_data.speed
1764513770293,1761.1148681640625,monitor_data.speed
1764513770295,1749.24560546875,monitor_data.speed
1764513770296,1755.195556640625,monitor_data.speed
1764513770297,1755.8311767578125,monitor_data.speed
1764513770299,1750.60205078125,monitor_data.speed
1764513770300,1757.0625,monitor_data.speed
1764513770301,1757.25537109375,monitor_data.speed
1764513770303,1763.1820068359375,monitor_data.speed
1764513770304,1757.044677734375,monitor_data.speed
1764513770305,1768.4105224609375,monitor_data.speed
1764513770306,1756.115234375,monitor_data.speed
1764513770308,1762.1888427734375,monitor_data.speed
1764513770309,1750.8155517578125,monitor_data.speed
1764513770310,1740.34375,monitor_data.speed
1764513770311,1764.07763671875,monitor_data.speed
1764513770313,1779.480712890625,monitor_data.speed
1764513770314,1782.4669189453125,monitor_data.speed
1764513770315,1768.171142578125,monitor_data.speed
1764513770317,1777.844970703125,monitor_data.speed
1764513770318,1769.9290771484375,monitor_data.speed
1764513770268,0,monitor_data.speed_ref
1764513770270,0,monitor_data.speed_ref
1764513770271,0,monitor_data.speed_ref
1764513770272,0,monitor_data.speed_ref
1764513770273,0,monitor_data.speed_ref
1764513770274,0,monitor_data.speed_ref
1764513770276,0,monitor_data.speed_ref
1764513770277,0,monitor_data.speed_ref
1764513770278,0,monitor_data.speed_ref
1764513770279,0,monitor_data.speed_ref
1764513770281,0,monitor_data.speed_ref
1764513770282,0,monitor_data.speed_ref
1764513770283,0,monitor_data.speed_ref
1764513770284,0,monitor_data.speed_ref
1764513770286,0,monitor_data.speed_ref
1764513770287,0,monitor_data.speed_ref
1764513770288,0,monitor_data.speed_ref
1764513770290,0,monitor_data.speed_ref
1764513770291,0,monitor_data.speed_ref
1764513770292,0,monitor_data.speed_ref
1764513770293,0,monitor_data.speed_ref
1764513770295,0,monitor_data.speed_ref
1764513770296,0,monitor_data.speed_ref
1764513770297,0,monitor_data.speed_ref
1764513770299,0,monitor_data.speed_ref
1764513770300,0,monitor_data.speed_ref
1764513770301,0,monitor_data.speed_ref
1764513770303,0,monitor_data.speed_ref
1764513770304,0,monitor_data.speed_ref
1764513770305,0,monitor_data.speed_ref
1764513770306,0,monitor_data.speed_ref
1764513770308,0,monitor_data.speed_ref
1764513770309,0,monitor_data.speed_ref
1764513770310,0,monitor_data.speed_ref
1764513770311,0,monitor_data.speed_ref
1764513770313,0,monitor_data.speed_ref
1764513770314,0,monitor_data.speed_ref
1764513770315,0,monitor_data.speed_ref
1764513770317,0,monitor_data.speed_ref
1764513770318,0,monitor_data.speed_ref
1764513770319,1779.7200927734375,monitor_data.speed
1764513770321,1765.6734619140625,monitor_data.speed
1764513770322,1775.20068359375,monitor_data.speed
1764513770323,1783.5872802734375,monitor_data.speed
1764513770324,1785.9622802734375,monitor_data.speed
1764513770326,1771.7152099609375,monitor_data.speed
1764513770327,1764.5311279296875,monitor_data.speed
1764513770328,1769.75634765625,monitor_data.speed
1764513770329,1757.7994384765625,monitor_data.speed
1764513770330,1758.3607177734375,monitor_data.speed
1764513770332,1752.990234375,monitor_data.speed
1764513770333,1747.9005126953125,monitor_data.speed
1764513770334,1754.448974609375,monitor_data.speed
1764513770335,1766.6920166015625,monitor_data.speed
1764513770337,1754.9134521484375,monitor_data.speed
1764513770338,1754.8514404296875,monitor_data.speed
1764513770339,1760.26806640625,monitor_data.speed
1764513770341,1754.109130859375,monitor_data.speed
1764513770342,1753.8587646484375,monitor_data.speed
1764513770343,1754.6893310546875,monitor_data.speed
1764513770344,1743.9427490234375,monitor_data.speed
1764513770346,1785.3590087890625,monitor_data.speed
1764513770347,1781.9273681640625,monitor_data.speed
1764513770348,1783.6170654296875,monitor_data.speed
1764513770350,1786.0379638671875,monitor_data.speed
1764513770351,1776.9376220703125,monitor_data.speed
1764513770352,1785.988037109375,monitor_data.speed
1764513770354,1777.5413818359375,monitor_data.speed
1764513770355,1769.039794921875,monitor_data.speed
1764513770356,1778.3154296875,monitor_data.speed
1764513770357,1786.84228515625,monitor_data.speed
1764513770359,1788.4888916015625,monitor_data.speed
1764513770360,1773.78955078125,monitor_data.speed
1764513770361,1771.428466796875,monitor_data.speed
1764513770363,1758.880859375,monitor_data.speed
1764513770364,1758.5460205078125,monitor_data.speed
1764513770365,1752.765869140625,monitor_data.speed
1764513770367,1759.026611328125,monitor_data.speed
1764513770368,1753.6260986328125,monitor_data.speed
1764513770319,0,monitor_data.speed_ref
1764513770321,0,monitor_data.speed_ref
1764513770322,0,monitor_data.speed_ref
1764513770323,0,monitor_data.speed_ref
1764513770324,0,monitor_data.speed_ref
1764513770326,0,monitor_data.speed_ref
1764513770327,0,monitor_data.speed_ref
1764513770328,0,monitor_data.speed_ref
1764513770329,0,monitor_data.speed_ref
1764513770330,0,monitor_data.speed_ref
1764513770332,0,monitor_data.speed_ref
1764513770333,0,monitor_data.speed_ref
1764513770334,0,monitor_data.speed_ref
1764513770335,0,monitor_data.speed_ref
1764513770337,0,monitor_data.speed_ref
1764513770338,0,monitor_data.speed_ref
1764513770339,0,monitor_data.speed_ref
1764513770341,0,monitor_data.speed_ref
1764513770342,0,monitor_data.speed_ref
1764513770343,0,monitor_data.speed_ref
1764513770344,0,monitor_data.speed_ref
1764513770346,0,monitor_data.speed_ref
1764513770347,0,monitor_data.speed_ref
1764513770348,0,monitor_data.speed_ref
1764513770350,0,monitor_data.speed_ref
1764513770351,0,monitor_data.speed_ref
1764513770352,0,monitor_data.speed_ref
1764513770354,0,monitor_data.speed_ref
1764513770355,0,monitor_data.speed_ref
1764513770356,0,monitor_data.speed_ref
1764513770357,0,monitor_data.speed_ref
1764513770359,0,monitor_data.speed_ref
1764513770360,0,monitor_data.speed_ref
1764513770361,0,monitor_data.speed_ref
1764513770363,0,monitor_data.speed_ref
1764513770364,0,monitor_data.speed_ref
1764513770365,0,monitor_data.speed_ref
1764513770367,0,monitor_data.speed_ref
1764513770368,0,monitor_data.speed_ref
1764513770369,1759.666259765625,monitor_data.speed
1764513770370,1753.856201171875,monitor_data.speed
1764513770372,1765.3409423828125,monitor_data.speed
1764513770373,1759.123046875,monitor_data.speed
1764513770374,1770.299560546875,monitor_data.speed
1764513770376,1757.995849609375,monitor_data.speed
1764513770377,1763.951904296875,monitor_data.speed
1764513770378,1752.714111328125,monitor_data.speed
1764513770379,1736.597900390625,monitor_data.speed
1764513770380,1760.3336181640625,monitor_data.speed
1764513770382,1781.11962890625,monitor_data.speed
1764513770383,1783.995849609375,monitor_data.speed
1764513770384,1775.603271484375,monitor_data.speed
1764513770386,1778.8984375,monitor_data.speed
1764513770387,1770.56201171875,monitor_data.speed
1764513770388,1780.3914794921875,monitor_data.speed
1764513770389,1772.094482421875,monitor_data.speed
1764513770391,1781.7340087890625,monitor_data.speed
1764513770392,1773.20166015625,monitor_data.speed
1764513770393,1792.6312255859375,monitor_data.speed
1764513770395,1771.9560546875,monitor_data.speed
1764513770396,1758.6934814453125,monitor_data.speed
1764513770397,1757.759521484375,monitor_data.speed
1764513770398,1763.68505859375,monitor_data.speed
1764513770400,1757.773193359375,monitor_data.speed
1764513770401,1746.66796875,monitor_data.speed
1764513770402,1759.0328369140625,monitor_data.speed
1764513770403,1747.7850341796875,monitor_data.speed
1764513770405,1759.872314453125,monitor_data.speed
1764513770406,1748.381591796875,monitor_data.speed
1764513770408,1760.035888671875,monitor_data.speed
1764513770409,1748.548095703125,monitor_data.speed
1764513770410,1754.716796875,monitor_data.speed
1764513770411,1738.302490234375,monitor_data.speed
1764513770413,1734.575439453125,monitor_data.speed
1764513770414,1754.903076171875,monitor_data.speed
1764513770415,1772.325439453125,monitor_data.speed
1764513770417,1775.8726806640625,monitor_data.speed
1764513770418,1774.3961181640625,monitor_data.speed
1764513770369,0,monitor_data.speed_ref
1764513770370,0,monitor_data.speed_ref
1764513770372,0,monitor_data.speed_ref
1764513770373,0,monitor_data.speed_ref
1764513770374,0,monitor_data.speed_ref
1764513770376,0,monitor_data.speed_ref
1764513770377,0,monitor_data.speed_ref
1764513770378,0,monitor_data.speed_ref
1764513770379,0,monitor_data.speed_ref
1764513770380,0,monitor_data.speed_ref
1764513770382,0,monitor_data.speed_ref
1764513770383,0,monitor_data.speed_ref
1764513770384,0,monitor_data.speed_ref
1764513770386,0,monitor_data.speed_ref
1764513770387,0,monitor_data.speed_ref
1764513770388,0,monitor_data.speed_ref
1764513770389,0,monitor_data.speed_ref
1764513770391,0,monitor_data.speed_ref
1764513770392,0,monitor_data.speed_ref
1764513770393,0,monitor_data.speed_ref
1764513770395,0,monitor_data.speed_ref
1764513770396,0,monitor_data.speed_ref
1764513770397,0,monitor_data.speed_ref
1764513770398,0,monitor_data.speed_ref
1764513770400,0,monitor_data.speed_ref
1764513770401,0,monitor_data.speed_ref
1764513770402,0,monitor_data.speed_ref
1764513770403,0,monitor_data.speed_ref
1764513770405,0,monitor_data.speed_ref
1764513770406,0,monitor_data.speed_ref
1764513770408,0,monitor_data.speed_ref
1764513770409,0,monitor_data.speed_ref
1764513770410,0,monitor_data.speed_ref
1764513770411,0,monitor_data.speed_ref
1764513770413,0,monitor_data.speed_ref
1764513770414,0,monitor_data.speed_ref
1764513770415,0,monitor_data.speed_ref
1764513770417,0,monitor_data.speed_ref
1764513770418,0,monitor_data.speed_ref
1764513770419,1756.012451171875,monitor_data.speed
1764513770421,1750.2874755859375,monitor_data.speed
1764513770422,1751.1170654296875,monitor_data.speed
1764513770423,1735.0306396484375,monitor_data.speed
1764513770425,1737.4105224609375,monitor_data.speed
1764513770426,1739.600830078125,monitor_data.speed
1764513770427,1724.832275390625,monitor_data.speed
1764513770428,1700.9893798828125,monitor_data.speed
1764513770430,1641.7568359375,monitor_data.speed
1764513770431,1584.49462890625,monitor_data.speed
1764513770432,1515.640625,monitor_data.speed
1764513770434,1445.9354248046875,monitor_data.speed
1764513770435,1371.3790283203125,monitor_data.speed
1764513770437,1281.9859619140625,monitor_data.speed
1764513770438,1202.1424560546875,monitor_data.speed
1764513770439,1131.9783935546875,monitor_data.speed
1764513770440,1048.5887451171875,monitor_data.speed
1764513770442,969.6227416992188,monitor_data.speed
1764513770443,889.4569702148438,monitor_data.speed
1764513770444,808.1194458007812,monitor_data.speed
1764513770446,725.7591552734375,monitor_data.speed
1764513770447,642.2225952148438,monitor_data.speed
1764513770448,568.91748046875,monitor_data.speed
1764513770450,499.23797607421875,monitor_data.speed
1764513770451,438.0927734375,monitor_data.speed
1764513770452,388.31964111328125,monitor_data.speed
1764513770453,340.75958251953125,monitor_data.speed
1764513770455,299.024658203125,monitor_data.speed
1764513770456,262.401611328125,monitor_data.speed
1764513770457,230.2641143798828,monitor_data.speed
1764513770459,200.0421905517578,monitor_data.speed
1764513770460,177.31544494628906,monitor_data.speed
1764513770461,157.17079162597656,monitor_data.speed
1764513770462,136.54257202148438,monitor_data.speed
1764513770464,118.62187957763672,monitor_data.speed
1764513770465,105.14558410644531,monitor_data.speed
1764513770466,92.26846313476562,monitor_data.speed
1764513770468,80.96852111816406,monitor_data.speed
1764513770469,70.3421401977539,monitor_data.speed
1764513770419,0,monitor_data.speed_ref
1764513770421,0,monitor_data.speed_ref
1764513770422,0,monitor_data.speed_ref
1764513770423,0,monitor_data.speed_ref
1764513770425,0,monitor_data.speed_ref
1764513770426,0,monitor_data.speed_ref
1764513770427,0,monitor_data.speed_ref
1764513770428,0,monitor_data.speed_ref
1764513770430,0,monitor_data.speed_ref
1764513770431,0,monitor_data.speed_ref
1764513770432,0,monitor_data.speed_ref
1764513770434,0,monitor_data.speed_ref
1764513770435,0,monitor_data.speed_ref
1764513770437,0,monitor_data.speed_ref
1764513770438,0,monitor_data.speed_ref
1764513770439,0,monitor_data.speed_ref
1764513770440,0,monitor_data.speed_ref
1764513770442,0,monitor_data.speed_ref
1764513770443,0,monitor_data.speed_ref
1764513770444,0,monitor_data.speed_ref
1764513770446,0,monitor_data.speed_ref
1764513770447,0,monitor_data.speed_ref
1764513770448,0,monitor_data.speed_ref
1764513770450,0,monitor_data.speed_ref
1764513770451,0,monitor_data.speed_ref
1764513770452,0,monitor_data.speed_ref
1764513770453,0,monitor_data.speed_ref
1764513770455,0,monitor_data.speed_ref
1764513770456,0,monitor_data.speed_ref
1764513770457,0,monitor_data.speed_ref
1764513770459,0,monitor_data.speed_ref
1764513770460,0,monitor_data.speed_ref
1764513770461,0,monitor_data.speed_ref
1764513770462,0,monitor_data.speed_ref
1764513770464,0,monitor_data.speed_ref
1764513770465,0,monitor_data.speed_ref
1764513770466,0,monitor_data.speed_ref
1764513770468,0,monitor_data.speed_ref
1764513770469,0,monitor_data.speed_ref
1764513770470,61.72772216796875,monitor_data.speed
1764513770472,54.16838073730469,monitor_data.speed
1764513770473,47.534908294677734,monitor_data.speed
1764513770474,40.883949279785156,monitor_data.speed
1764513770476,35.8775520324707,monitor_data.speed
1764513770477,32.12343215942383,monitor_data.speed
1764513770478,28.762224197387695,monitor_data.speed
1764513770479,25.7528076171875,monitor_data.speed
1764513770480,22.599666595458984,monitor_data.speed
1764513770482,20.032960891723633,monitor_data.speed
1764513770483,17.757863998413086,monitor_data.speed
1764513770484,15.428163528442383,monitor_data.speed
1764513770485,13.676238059997559,monitor_data.speed
1764513770487,12.002203941345215,monitor_data.speed
1764513770488,10.53320598602295,monitor_data.speed
1764513770489,9.337421417236328,monitor_data.speed
1764513770490,8.194808959960938,monitor_data.speed
1764513770492,7.192142963409424,monitor_data.speed
1764513770493,6.312282562255859,monitor_data.speed
1764513770494,5.596063137054443,monitor_data.speed
1764513770495,4.961217403411865,monitor_data.speed
1764513770497,4.311131954193115,monitor_data.speed
1764513770498,3.7841310501098633,monitor_data.speed
1764513770499,3.321676731109619,monitor_data.speed
1764513770501,2.9452319145202637,monitor_data.speed
1764513770502,2.559753179550171,monitor_data.speed
1764513770503,2.2248706817626953,monitor_data.speed
1764513770505,1.9533942937850952,monitor_data.speed
1764513770506,1.715167760848999,monitor_data.speed
1764513770507,1.5061191320419312,monitor_data.speed
1764513770509,1.32267427444458,monitor_data.speed
1764513770510,1.1733474731445312,monitor_data.speed
1764513770511,1.0306594371795654,monitor_data.speed
1764513770512,0.9054476022720337,monitor_data.speed
1764513770514,0.7876993417739868,monitor_data.speed
1764513770515,0.6991530060768127,monitor_data.speed
1764513770516,0.6145435571670532,monitor_data.speed
1764513770517,0.5456706881523132,monitor_data.speed
1764513770519,0.47514501214027405,monitor_data.speed
1764513770470,0,monitor_data.speed_ref
1764513770472,0,monitor_data.speed_ref
1764513770473,0,monitor_data.speed_ref
1764513770474,0,monitor_data.speed_ref
1764513770476,0,monitor_data.speed_ref
1764513770477,0,monitor_data.speed_ref
1764513770478,0,monitor_data.speed_ref
1764513770479,0,monitor_data.speed_ref
1764513770480,0,monitor_data.speed_ref
1764513770482,0,monitor_data.speed_ref
1764513770483,0,monitor_data.speed_ref
1764513770484,0,monitor_data.speed_ref
1764513770485,0,monitor_data.speed_ref
1764513770487,0,monitor_data.speed_ref
1764513770488,0,monitor_data.speed_ref
1764513770489,0,monitor_data.speed_ref
1764513770490,0,monitor_data.speed_ref
1764513770492,0,monitor_data.speed_ref
1764513770493,0,monitor_data.speed_ref
1764513770494,0,monitor_data.speed_ref
1764513770495,0,monitor_data.speed_ref
1764513770497,0,monitor_data.speed_ref
1764513770498,0,monitor_data.speed_ref
1764513770499,0,monitor_data.speed_ref
1764513770501,0,monitor_data.speed_ref
1764513770502,0,monitor_data.speed_ref
1764513770503,0,monitor_data.speed_ref
1764513770505,0,monitor_data.speed_ref
1764513770506,0,monitor_data.speed_ref
1764513770507,0,monitor_data.speed_ref
1764513770509,0,monitor_data.speed_ref
1764513770510,0,monitor_data.speed_ref
1764513770511,0,monitor_data.speed_ref
1764513770512,0,monitor_data.speed_ref
1764513770514,0,monitor_data.speed_ref
1764513770515,0,monitor_data.speed_ref
1764513770516,0,monitor_data.speed_ref
1764513770517,0,monitor_data.speed_ref
1764513770519,0,monitor_data.speed_ref
1764513770520,0.41797247529029846,monitor_data.speed
1764513770521,0.3714330196380615,monitor_data.speed
1764513770523,0.326962947845459,monitor_data.speed
1764513770524,0.2823755443096161,monitor_data.speed
1764513770526,0.24640822410583496,monitor_data.speed
1764513770527,0.2172507643699646,monitor_data.speed
1764513770528,0.19166453182697296,monitor_data.speed
1764513770529,0.16921207308769226,monitor_data.speed
1764513770531,0.1480979472398758,monitor_data.speed
1764513770532,0.13098157942295074,monitor_data.speed
1764513770533,0.11488546431064606,monitor_data.speed
1764513770535,0.10090204328298569,monitor_data.speed
1764513770536,0.0895661935210228,monitor_data.speed
1764513770537,0.07961870729923248,monitor_data.speed
1764513770539,0.0715213268995285,monitor_data.speed
1764513770540,0.06378395855426788,monitor_data.speed
1764513770541,0.05699427053332329,monitor_data.speed
1764513770543,0.050186678767204285,monitor_data.speed
1764513770544,0.04433175548911095,monitor_data.speed
1764513770546,0.03992454707622528,monitor_data.speed
1764513770547,0.035505712032318115,monitor_data.speed
1764513770548,0.03242022544145584,monitor_data.speed
1764513770550,0.02968529798090458,monitor_data.speed
1764513770551,0.027071967720985413,monitor_data.speed
1764513770552,0.024614406749606133,monitor_data.speed
1764513770553,0.02276632934808731,monitor_data.speed
1764513770555,0.02100042812526226,monitor_data.speed
1764513770556,0.01945081166923046,monitor_data.speed
1764513770557,0.0180909913033247,monitor_data.speed
1764513770559,0.016897719353437424,monitor_data.speed
1764513770560,0.015926379710435867,monitor_data.speed
1764513770561,0.01499822735786438,monitor_data.speed
1764513770562,0.014183751307427883,monitor_data.speed
1764513770564,0.013469032943248749,monitor_data.speed
1764513770565,0.012841853313148022,monitor_data.speed
1764513770566,0.012331319972872734,monitor_data.speed
1764513770568,0.011808531358838081,monitor_data.speed
1764513770569,0.011354364454746246,monitor_data.speed
1764513770520,0,monitor_data.speed_ref
1764513770521,0,monitor_data.speed_ref
1764513770523,0,monitor_data.speed_ref
1764513770524,0,monitor_data.speed_ref
1764513770526,0,monitor_data.speed_ref
1764513770527,0,monitor_data.speed_ref
1764513770528,0,monitor_data.speed_ref
1764513770529,0,monitor_data.speed_ref
1764513770531,0,monitor_data.speed_ref
1764513770532,0,monitor_data.speed_ref
1764513770533,0,monitor_data.speed_ref
1764513770535,0,monitor_data.speed_ref
1764513770536,0,monitor_data.speed_ref
1764513770537,0,monitor_data.speed_ref
1764513770539,0,monitor_data.speed_ref
1764513770540,0,monitor_data.speed_ref
1764513770541,0,monitor_data.speed_ref
1764513770543,0,monitor_data.speed_ref
1764513770544,0,monitor_data.speed_ref
1764513770546,0,monitor_data.speed_ref
1764513770547,0,monitor_data.speed_ref
1764513770548,0,monitor_data.speed_ref
1764513770550,0,monitor_data.speed_ref
1764513770551,0,monitor_data.speed_ref
1764513770552,0,monitor_data.speed_ref
1764513770553,0,monitor_data.speed_ref
1764513770555,0,monitor_data.speed_ref
1764513770556,0,monitor_data.speed_ref
1764513770557,0,monitor_data.speed_ref
1764513770559,0,monitor_data.speed_ref
1764513770560,0,monitor_data.speed_ref
1764513770561,0,monitor_data.speed_ref
1764513770562,0,monitor_data.speed_ref
1764513770564,0,monitor_data.speed_ref
1764513770565,0,monitor_data.speed_ref
1764513770566,0,monitor_data.speed_ref
1764513770568,0,monitor_data.speed_ref
1764513770569,0,monitor_data.speed_ref
1764513770570,0.010986189357936382,monitor_data.speed
1764513770571,0.010686486959457397,monitor_data.speed
1764513770573,0.010441767983138561,monitor_data.speed
1764513770574,0.0101853646337986,monitor_data.speed
1764513770575,0.009976648725569248,monitor_data.speed
1764513770576,0.00977721344679594,monitor_data.speed
1764513770578,0.009602203965187073,monitor_data.speed
1764513770579,0.009459743276238441,monitor_data.speed
1764513770580,0.009313858114182949,monitor_data.speed
1764513770581,0.00920415110886097,monitor_data.speed
1764513770583,0.009099322371184826,monitor_data.speed
1764513770584,0.009013990871608257,monitor_data.speed
1764513770585,0.008932452648878098,monitor_data.speed
1764513770587,0.00886090099811554,monitor_data.speed
1764513770588,0.00879361480474472,monitor_data.speed
1764513770589,0.008743016049265862,monitor_data.speed
1764513770591,0.00869120191782713,monitor_data.speed
1764513770592,0.008649198338389397,monitor_data.speed
1764513770593,0.008612340316176414,monitor_data.speed
1764513770594,0.008582336828112602,monitor_data.speed
1764513770596,0.00855366699397564,monitor_data.speed
1764513770597,0.008526706136763096,monitor_data.speed
1764513770598,0.008506432175636292,monitor_data.speed
1764513770600,0.00848705880343914,monitor_data.speed
1764513770601,0.008471289649605751,monitor_data.speed
1764513770602,0.008456221781671047,monitor_data.speed
1764513770603,0.008442997932434082,monitor_data.speed
1764513770605,0.008432234637439251,monitor_data.speed
1764513770606,0.008421949110925198,monitor_data.speed
1764513770607,0.008412923663854599,monitor_data.speed
1764513770608,0.008405576460063457,monitor_data.speed
1764513770610,0.008398555219173431,monitor_data.speed
1764513770611,0.06138325855135918,monitor_data.speed
1764513770612,0.05488760024309158,monitor_data.speed
1764513770614,0.04918752238154411,monitor_data.speed
1764513770615,0.04454756900668144,monitor_data.speed
1764513770616,0.04043479636311531,monitor_data.speed
1764513770617,0.03678928688168526,monitor_data.speed
1764513770618,0.08712340891361237,monitor_data.speed
1764513770620,0.2447967380285263,monitor_data.speed
1764513770570,0,monitor_data.speed_ref
1764513770571,0,monitor_data.speed_ref
1764513770573,0,monitor_data.speed_ref
1764513770574,0,monitor_data.speed_ref
1764513770575,0,monitor_data.speed_ref
1764513770576,0,monitor_data.speed_ref
1764513770578,0,monitor_data.speed_ref
1764513770579,0,monitor_data.speed_ref
1764513770580,0,monitor_data.speed_ref
1764513770581,0,monitor_data.speed_ref
1764513770583,0,monitor_data.speed_ref
1764513770584,0,monitor_data.speed_ref
1764513770585,0,monitor_data.speed_ref
1764513770587,0,monitor_data.speed_ref
1764513770588,0,monitor_data.speed_ref
1764513770589,0,monitor_data.speed_ref
1764513770591,0,monitor_data.speed_ref
1764513770592,0,monitor_data.speed_ref
1764513770593,0,monitor_data.speed_ref
1764513770594,0,monitor_data.speed_ref
1764513770596,0,monitor_data.speed_ref
1764513770597,0,monitor_data.speed_ref
1764513770598,0,monitor_data.speed_ref
1764513770600,0,monitor_data.speed_ref
1764513770601,0,monitor_data.speed_ref
1764513770602,0,monitor_data.speed_ref
1764513770603,0,monitor_data.speed_ref
1764513770605,0,monitor_data.speed_ref
1764513770606,0,monitor_data.speed_ref
1764513770607,0,monitor_data.speed_ref
1764513770608,0,monitor_data.speed_ref
1764513770610,0,monitor_data.speed_ref
1764513770611,0,monitor_data.speed_ref
1764513770612,0,monitor_data.speed_ref
1764513770614,0,monitor_data.speed_ref
1764513770615,0,monitor_data.speed_ref
1764513770616,0,monitor_data.speed_ref
1764513770617,0,monitor_data.speed_ref
1764513770618,0,monitor_data.speed_ref
1764513770620,0,monitor_data.speed_ref
1764513770621,0.21583665907382965,monitor_data.speed
1764513770623,0.18860286474227905,monitor_data.speed
1764513770624,0.2217966765165329,monitor_data.speed
1764513770625,0.3592813014984131,monitor_data.speed
1764513770627,0.425012469291687,monitor_data.speed
1764513770628,0.3776732385158539,monitor_data.speed
1764513770629,0.60565185546875,monitor_data.speed
1764513770631,0.5824181437492371,monitor_data.speed
1764513770632,0.5121068358421326,monitor_data.speed
1764513770633,-5.184266567230225,monitor_data.speed
1764513770634,1.0914380550384521,monitor_data.speed
1764513770636,-4.50696325302124,monitor_data.speed
1764513770637,-4.389906883239746,monitor_data.speed
1764513770638,1.5079585313796997,monitor_data.speed
1764513770640,1.788625955581665,monitor_data.speed
1764513770641,2.1064655780792236,monitor_data.speed
1764513770642,2.2037994861602783,monitor_data.speed
1764513770644,2.4136528968811035,monitor_data.speed
1764513770645,2.4753761291503906,monitor_data.speed
1764513770646,-3.37717342376709,monitor_data.speed
1764513770648,-3.1000165939331055,monitor_data.speed
1764513770649,2.970028877258301,monitor_data.speed
1764513770650,-2.8066561222076416,monitor_data.speed
1764513770651,3.397507429122925,monitor_data.speed
1764513770653,-2.263726234436035,monitor_data.speed
1764513770654,-2.1121020317077637,monitor_data.speed
1764513770655,-1.8711864948272705,monitor_data.speed
1764513770657,3.880528688430786,monitor_data.speed
1764513770658,-1.9411901235580444,monitor_data.speed
1764513770659,-1.7979261875152588,monitor_data.speed
1764513770661,-1.8302536010742188,monitor_data.speed
1764513770662,4.238026142120361,monitor_data.speed
1764513770663,-1.7147257328033447,monitor_data.speed
1764513770665,-1.5599703788757324,monitor_data.speed
1764513770666,-1.3817853927612305,monitor_data.speed
1764513770667,4.542410373687744,monitor_data.speed
1764513770668,-1.2634416818618774,monitor_data.speed
1764513770670,-1.2748465538024902,monitor_data.speed
1764513770621,0,monitor_data.speed_ref
1764513770623,0,monitor_data.speed_ref
1764513770624,0,monitor_data.speed_ref
1764513770625,0,monitor_data.speed_ref
1764513770627,0,monitor_data.speed_ref
1764513770628,0,monitor_data.speed_ref
1764513770629,0,monitor_data.speed_ref
1764513770631,0,monitor_data.speed_ref
1764513770632,0,monitor_data.speed_ref
1764513770633,0,monitor_data.speed_ref
1764513770634,0,monitor_data.speed_ref
1764513770636,0,monitor_data.speed_ref
1764513770637,0,monitor_data.speed_ref
1764513770638,0,monitor_data.speed_ref
1764513770640,0,monitor_data.speed_ref
1764513770641,0,monitor_data.speed_ref
1764513770642,0,monitor_data.speed_ref
1764513770644,0,monitor_data.speed_ref
1764513770645,0,monitor_data.speed_ref
1764513770646,0,monitor_data.speed_ref
1764513770648,0,monitor_data.speed_ref
1764513770649,0,monitor_data.speed_ref
1764513770650,0,monitor_data.speed_ref
1764513770651,0,monitor_data.speed_ref
1764513770653,0,monitor_data.speed_ref
1764513770654,0,monitor_data.speed_ref
1764513770655,0,monitor_data.speed_ref
1764513770657,0,monitor_data.speed_ref
1764513770658,0,monitor_data.speed_ref
1764513770659,0,monitor_data.speed_ref
1764513770661,0,monitor_data.speed_ref
1764513770662,0,monitor_data.speed_ref
1764513770663,0,monitor_data.speed_ref
1764513770665,0,monitor_data.speed_ref
1764513770666,0,monitor_data.speed_ref
1764513770667,0,monitor_data.speed_ref
1764513770668,0,monitor_data.speed_ref
1764513770670,0,monitor_data.speed_ref
1764513770671,4.730329990386963,monitor_data.speed
1764513770672,-1.1945713758468628,monitor_data.speed
1764513770674,4.8121466636657715,monitor_data.speed
1764513770675,-1.1344152688980103,monitor_data.speed
1764513770676,-1.1064586639404297,monitor_data.speed
1764513770677,-1.210513710975647,monitor_data.speed
1764513770679,-1.0612292289733887,monitor_data.speed
1764513770680,-0.9302289485931396,monitor_data.speed
1764513770681,-0.8677343130111694,monitor_data.speed
1764513770682,-0.82562655210495,monitor_data.speed
1764513770684,-0.78715980052948,monitor_data.speed
1764513770685,-0.8029008507728577,monitor_data.speed
1764513770686,-0.7035401463508606,monitor_data.speed
1764513770687,-0.7926740646362305,monitor_data.speed
1764513770689,-0.7984356880187988,monitor_data.speed
1764513770690,-0.9275725483894348,monitor_data.speed
1764513770691,-0.9205365180969238,monitor_data.speed
1764513770693,4.884315013885498,monitor_data.speed
1764513770694,-1.1223926544189453,monitor_data.speed
1764513770695,-0.9839011430740356,monitor_data.speed
1764513770697,-0.9197993278503418,monitor_data.speed
1764513770698,-0.8700700998306274,monitor_data.speed
1764513770699,-0.8679473400115967,monitor_data.speed
1764513770700,-0.8781654834747314,monitor_data.speed
1764513770702,-0.7695866823196411,monitor_data.speed
1764513770703,-0.9283800721168518,monitor_data.speed
1764513770704,-0.9857990145683289,monitor_data.speed
1764513770706,-1.1543018817901611,monitor_data.speed
1764513770707,-1.1877413988113403,monitor_data.speed
1764513770708,4.548808574676514,monitor_data.speed
1764513770709,-1.6857316493988037,monitor_data.speed
1764513770711,4.342483043670654,monitor_data.speed
1764513770712,-1.5503324270248413,monitor_data.speed
1764513770713,-1.4720478057861328,monitor_data.speed
1764513770715,-1.3470150232315063,monitor_data.speed
1764513770716,-1.3613859415054321,monitor_data.speed
1764513770717,4.281570911407471,monitor_data.speed
1764513770719,4.310146808624268,monitor_data.speed
1764513770720,4.448982238769531,monitor_data.speed
1764513770671,0,monitor_data.speed_ref
1764513770672,0,monitor_data.speed_ref
1764513770674,0,monitor_data.speed_ref
1764513770675,0,monitor_data.speed_ref
1764513770676,0,monitor_data.speed_ref
1764513770677,0,monitor_data.speed_ref
1764513770679,0,monitor_data.speed_ref
1764513770680,0,monitor_data.speed_ref
1764513770681,0,monitor_data.speed_ref
1764513770682,0,monitor_data.speed_ref
1764513770684,0,monitor_data.speed_ref
1764513770685,0,monitor_data.speed_ref
1764513770686,0,monitor_data.speed_ref
1764513770687,0,monitor_data.speed_ref
1764513770689,0,monitor_data.speed_ref
1764513770690,0,monitor_data.speed_ref
1764513770691,0,monitor_data.speed_ref
1764513770693,0,monitor_data.speed_ref
1764513770694,0,monitor_data.speed_ref
1764513770695,0,monitor_data.speed_ref
1764513770697,0,monitor_data.speed_ref
1764513770698,0,monitor_data.speed_ref
1764513770699,0,monitor_data.speed_ref
1764513770700,0,monitor_data.speed_ref
1764513770702,0,monitor_data.speed_ref
1764513770703,0,monitor_data.speed_ref
1764513770704,0,monitor_data.speed_ref
1764513770706,0,monitor_data.speed_ref
1764513770707,0,monitor_data.speed_ref
1764513770708,0,monitor_data.speed_ref
1764513770709,0,monitor_data.speed_ref
1764513770711,0,monitor_data.speed_ref
1764513770712,0,monitor_data.speed_ref
1764513770713,0,monitor_data.speed_ref
1764513770715,0,monitor_data.speed_ref
1764513770716,0,monitor_data.speed_ref
1764513770717,0,monitor_data.speed_ref
1764513770719,0,monitor_data.speed_ref
1764513770720,0,monitor_data.speed_ref
1764513770721,-1.3471671342849731,monitor_data.speed
1764513770722,-1.3529119491577148,monitor_data.speed
1764513770724,4.560061454772949,monitor_data.speed
1764513770725,4.334202289581299,monitor_data.speed
1764513770726,-1.627439022064209,monitor_data.speed
1764513770728,3.9481091499328613,monitor_data.speed
1764513770729,-2.064269781112671,monitor_data.speed
1764513770730,-2.1633188724517822,monitor_data.speed
1764513770731,3.6285789012908936,monitor_data.speed
1764513770733,-2.362794876098633,monitor_data.speed
1764513770734,3.2681703567504883,monitor_data.speed
1764513770735,3.1437089443206787,monitor_data.speed
1764513770736,2.980379581451416,monitor_data.speed
1764513770738,2.9287469387054443,monitor_data.speed
1764513770739,2.625671863555908,monitor_data.speed
1764513770740,2.5604207515716553,monitor_data.speed
1764513770742,2.446192979812622,monitor_data.speed
1764513770743,-3.488163709640503,monitor_data.speed
1764513770744,2.577115774154663,monitor_data.speed
1764513770746,2.595841646194458,monitor_data.speed
1764513770747,2.527207374572754,monitor_data.speed
1764513770748,-3.0284993648529053,monitor_data.speed
1764513770750,2.947383403778076,monitor_data.speed
1764513770751,2.8904592990875244,monitor_data.speed
1764513770752,2.7908756732940674,monitor_data.speed
1764513770754,2.6731932163238525,monitor_data.speed
1764513770755,2.5626089572906494,monitor_data.speed
1764513770756,2.415827989578247,monitor_data.speed
1764513770758,2.5669405460357666,monitor_data.speed
1764513770759,-3.271759033203125,monitor_data.speed
1764513770760,2.49092960357666,monitor_data.speed
1764513770761,2.5151679515838623,monitor_data.speed
1764513770763,-3.4320731163024902,monitor_data.speed
1764513770764,-3.3403432369232178,monitor_data.speed
1764513770765,2.485853433609009,monitor_data.speed
1764513770766,2.4217424392700195,monitor_data.speed
1764513770768,2.3705735206604004,monitor_data.speed
1764513770769,2.1973893642425537,monitor_data.speed
1764513770770,2.059568405151367,monitor_data.speed
1764513770721,0,monitor_data.speed_ref
1764513770722,0,monitor_data.speed_ref
1764513770724,0,monitor_data.speed_ref
1764513770725,0,monitor_data.speed_ref
1764513770726,0,monitor_data.speed_ref
1764513770728,0,monitor_data.speed_ref
1764513770729,0,monitor_data.speed_ref
1764513770730,0,monitor_data.speed_ref
1764513770731,0,monitor_data.speed_ref
1764513770733,0,monitor_data.speed_ref
1764513770734,0,monitor_data.speed_ref
1764513770735,0,monitor_data.speed_ref
1764513770736,0,monitor_data.speed_ref
1764513770738,0,monitor_data.speed_ref
1764513770739,0,monitor_data.speed_ref
1764513770740,0,monitor_data.speed_ref
1764513770742,0,monitor_data.speed_ref
1764513770743,0,monitor_data.speed_ref
1764513770744,0,monitor_data.speed_ref
1764513770746,0,monitor_data.speed_ref
1764513770747,0,monitor_data.speed_ref
1764513770748,0,monitor_data.speed_ref
1764513770750,0,monitor_data.speed_ref
1764513770751,0,monitor_data.speed_ref
1764513770752,0,monitor_data.speed_ref
1764513770754,0,monitor_data.speed_ref
1764513770755,0,monitor_data.speed_ref
1764513770756,0,monitor_data.speed_ref
1764513770758,0,monitor_data.speed_ref
1764513770759,0,monitor_data.speed_ref
1764513770760,0,monitor_data.speed_ref
1764513770761,0,monitor_data.speed_ref
1764513770763,0,monitor_data.speed_ref
1764513770764,0,monitor_data.speed_ref
1764513770765,0,monitor_data.speed_ref
1764513770766,0,monitor_data.speed_ref
1764513770768,0,monitor_data.speed_ref
1764513770769,0,monitor_data.speed_ref
1764513770770,0,monitor_data.speed_ref
1764513770772,-3.824558973312378,monitor_data.speed
1764513770773,-3.857497215270996,monitor_data.speed
1764513770774,1.919470191001892,monitor_data.speed
1764513770776,1.95180344581604,monitor_data.speed
1764513770777,1.7683849334716797,monitor_data.speed
1764513770778,1.7736163139343262,monitor_data.speed
1764513770780,1.6694155931472778,monitor_data.speed
1764513770781,1.5735639333724976,monitor_data.speed
1764513770782,1.519524097442627,monitor_data.speed
1764513770783,1.4877965450286865,monitor_data.speed
1764513770785,-4.40291690826416,monitor_data.speed
1764513770786,1.3178155422210693,monitor_data.speed
1764513770787,1.1574336290359497,monitor_data.speed
1764513770789,1.0268800258636475,monitor_data.speed
1764513770790,0.9556573629379272,monitor_data.speed
1764513770791,0.8313189148902893,monitor_data.speed
1764513770793,0.8448030948638916,monitor_data.speed
1764513770794,0.7423548102378845,monitor_data.speed
1764513770795,0.7698472142219543,monitor_data.speed
1764513770796,0.6765792369842529,monitor_data.speed
1764513770798,0.5947347283363342,monitor_data.speed
1764513770799,0.6332945227622986,monitor_data.speed
1764513770800,0.5567517280578613,monitor_data.speed
1764513770802,0.48958396911621094,monitor_data.speed
1764513770803,0.4799460768699646,monitor_data.speed
1764513770804,0.5308768153190613,monitor_data.speed
1764513770806,0.4715099036693573,monitor_data.speed
1764513770807,0.41478243470191956,monitor_data.speed
1764513770808,0.3614363968372345,monitor_data.speed
1764513770810,0.4347921907901764,monitor_data.speed
1764513770811,0.4437696635723114,monitor_data.speed
1764513770812,0.39043986797332764,monitor_data.speed
1764513770813,0.34028899669647217,monitor_data.speed
1764513770815,0.2996333837509155,monitor_data.speed
1764513770816,0.26140090823173523,monitor_data.speed
1764513770817,0.23265023529529572,monitor_data.speed
1764513770819,0.2051778882741928,monitor_data.speed
1764513770820,0.18107032775878906,monitor_data.speed
1764513770772,0,monitor_data.speed_ref
1764513770773,0,monitor_data.speed_ref
1764513770774,0,monitor_data.speed_ref
1764513770776,0,monitor_data.speed_ref
1764513770777,0,monitor_data.speed_ref
1764513770778,0,monitor_data.speed_ref
1764513770780,0,monitor_data.speed_ref
1764513770781,0,monitor_data.speed_ref
1764513770782,0,monitor_data.speed_ref
1764513770783,0,monitor_data.speed_ref
1764513770785,0,monitor_data.speed_ref
1764513770786,0,monitor_data.speed_ref
1764513770787,0,monitor_data.speed_ref
1764513770789,0,monitor_data.speed_ref
1764513770790,0,monitor_data.speed_ref
1764513770791,0,monitor_data.speed_ref
1764513770793,0,monitor_data.speed_ref
1764513770794,0,monitor_data.speed_ref
1764513770795,0,monitor_data.speed_ref
1764513770796,0,monitor_data.speed_ref
1764513770798,0,monitor_data.speed_ref
1764513770799,0,monitor_data.speed_ref
1764513770800,0,monitor_data.speed_ref
1764513770802,0,monitor_data.speed_ref
1764513770803,0,monitor_data.speed_ref
1764513770804,0,monitor_data.speed_ref
1764513770806,0,monitor_data.speed_ref
1764513770807,0,monitor_data.speed_ref
1764513770808,0,monitor_data.speed_ref
1764513770810,0,monitor_data.speed_ref
1764513770811,0,monitor_data.speed_ref
1764513770812,0,monitor_data.speed_ref
1764513770813,0,monitor_data.speed_ref
1764513770815,0,monitor_data.speed_ref
1764513770816,0,monitor_data.speed_ref
1764513770817,0,monitor_data.speed_ref
1764513770819,0,monitor_data.speed_ref
1764513770820,0,monitor_data.speed_ref
1764513770821,0.16299289464950562,monitor_data.speed
1764513770822,0.14405213296413422,monitor_data.speed
1764513770824,0.12624043226242065,monitor_data.speed
1764513770825,0.1118011400103569,monitor_data.speed
1764513770826,0.09913036227226257,monitor_data.speed
1764513770828,0.08881615847349167,monitor_data.speed
1764513770829,0.07896053791046143,monitor_data.speed
1764513770830,0.0703120157122612,monitor_data.speed
1764513770831,0.06272277235984802,monitor_data.speed
1764513770833,0.16743183135986328,monitor_data.speed
1764513770834,0.14794735610485077,monitor_data.speed
1764513770835,0.13084940612316132,monitor_data.speed
1764513770837,0.11584562063217163,monitor_data.speed
1764513770838,0.10267946869134903,monitor_data.speed
1764513770839,0.0902981162071228,monitor_data.speed
1764513770840,0.0802609920501709,monitor_data.speed
1764513770842,0.07145321369171143,monitor_data.speed
1764513770843,0.06372418254613876,monitor_data.speed
1764513770844,0.05694180727005005,monitor_data.speed
1764513770846,0.05099012702703476,monitor_data.speed
1764513770847,0.04539322108030319,monitor_data.speed
1764513770848,0.040856003761291504,monitor_data.speed
1764513770850,0.03687450289726257,monitor_data.speed
1764513770851,0.08715981990098953,monitor_data.speed
1764513770852,0.07681550085544586,monitor_data.speed
1764513770854,-5.791557788848877,monitor_data.speed
1764513770855,0.11353187263011932,monitor_data.speed
1764513770856,0.10158143937587738,monitor_data.speed
1764513770857,0.09016236662864685,monitor_data.speed
1764513770859,0.08014187961816788,monitor_data.speed
1764513770860,0.07134868204593658,monitor_data.speed
1764513770861,0.06363246589899063,monitor_data.speed
1764513770863,0.056861329823732376,monitor_data.speed
1764513770864,0.05007233843207359,monitor_data.speed
1764513770865,0.04533185809850693,monitor_data.speed
1764513770867,0.04080215469002724,monitor_data.speed
1764513770868,0.037114910781383514,monitor_data.speed
1764513770869,0.033591609448194504,monitor_data.speed
1764513770870,0.030499840155243874,monitor_data.speed
1764513770821,0,monitor_data.speed_ref
1764513770822,0,monitor_data.speed_ref
1764513770824,0,monitor_data.speed_ref
1764513770825,0,monitor_data.speed_ref
1764513770826,0,monitor_data.speed_ref
1764513770828,0,monitor_data.speed_ref
1764513770829,0,monitor_data.speed_ref
1764513770830,0,monitor_data.speed_ref
1764513770831,0,monitor_data.speed_ref
1764513770833,0,monitor_data.speed_ref
1764513770834,0,monitor_data.speed_ref
1764513770835,0,monitor_data.speed_ref
1764513770837,0,monitor_data.speed_ref
1764513770838,0,monitor_data.speed_ref
1764513770839,0,monitor_data.speed_ref
1764513770840,0,monitor_data.speed_ref
1764513770842,0,monitor_data.speed_ref
1764513770843,0,monitor_data.speed_ref
1764513770844,0,monitor_data.speed_ref
1764513770846,0,monitor_data.speed_ref
1764513770847,0,monitor_data.speed_ref
1764513770848,0,monitor_data.speed_ref
1764513770850,0,monitor_data.speed_ref
1764513770851,0,monitor_data.speed_ref
1764513770852,0,monitor_data.speed_ref
1764513770854,0,monitor_data.speed_ref
1764513770855,0,monitor_data.speed_ref
1764513770856,0,monitor_data.speed_ref
1764513770857,0,monitor_data.speed_ref
1764513770859,0,monitor_data.speed_ref
1764513770860,0,monitor_data.speed_ref
1764513770861,0,monitor_data.speed_ref
1764513770863,0,monitor_data.speed_ref
1764513770864,0,monitor_data.speed_ref
1764513770865,0,monitor_data.speed_ref
1764513770867,0,monitor_data.speed_ref
1764513770868,0,monitor_data.speed_ref
1764513770869,0,monitor_data.speed_ref
1764513770870,0,monitor_data.speed_ref
1764513770872,0.027786748483777046,monitor_data.speed
1764513770873,0.025578249245882034,monitor_data.speed
1764513770874,0.02346794120967388,monitor_data.speed
1764513770875,0.02175012417137623,monitor_data.speed
1764513770877,0.02010868676006794,monitor_data.speed
1764513770878,0.018668290227651596,monitor_data.speed
1764513770879,0.017495786771178246,monitor_data.speed
1764513770881,0.016295142471790314,monitor_data.speed
1764513770882,0.01546341460198164,monitor_data.speed
1764513770883,0.014655032195150852,monitor_data.speed
1764513770884,0.013882591389119625,monitor_data.speed
1764513770885,0.013204759918153286,monitor_data.speed
1764513770887,0.01256733201444149,monitor_data.speed
1764513770888,0.012087988667190075,monitor_data.speed
1764513770889,0.011597140692174435,monitor_data.speed
1764513770891,0.011199227534234524,monitor_data.speed
1764513770892,0.010850051417946815,monitor_data.speed
1764513770893,0.01054364163428545,monitor_data.speed
1764513770895,0.01027476042509079,monitor_data.speed
1764513770896,0.010038812644779682,monitor_data.speed
1764513770897,0.009816925972700119,monitor_data.speed
1764513770899,0.00963705126196146,monitor_data.speed
1764513770900,0.009490632452070713,monitor_data.speed
1764513770901,0.009350721724331379,monitor_data.speed
1764513770902,0.009227941744029522,monitor_data.speed
1764513770904,0.009112480096518993,monitor_data.speed
1764513770905,0.009025652892887592,monitor_data.speed
1764513770906,0.008948690257966518,monitor_data.speed
1764513770908,0.008864665403962135,monitor_data.speed
1764513770909,0.008792397566139698,monitor_data.speed
1764513770911,0.008737999945878983,monitor_data.speed
1764513770912,0.00869026593863964,monitor_data.speed
1764513770913,0.008648376911878586,monitor_data.speed
1764513770914,0.008611619472503662,monitor_data.speed
1764513770916,0.008579363115131855,monitor_data.speed
1764513770917,0.00855310633778572,monitor_data.speed
1764513770918,0.008528015576303005,monitor_data.speed
1764513770920,0.008504420518875122,monitor_data.speed
1764513770872,0,monitor_data.speed_ref
1764513770873,0,monitor_data.speed_ref
1764513770874,0,monitor_data.speed_ref
1764513770875,0,monitor_data.speed_ref
1764513770877,0,monitor_data.speed_ref
1764513770878,0,monitor_data.speed_ref
1764513770879,0,monitor_data.speed_ref
1764513770881,0,monitor_data.speed_ref
1764513770882,0,monitor_data.speed_ref
1764513770883,0,monitor_data.speed_ref
1764513770884,0,monitor_data.speed_ref
1764513770885,0,monitor_data.speed_ref
1764513770887,0,monitor_data.speed_ref
1764513770888,0,monitor_data.speed_ref
1764513770889,0,monitor_data.speed_ref
1764513770891,0,monitor_data.speed_ref
1764513770892,0,monitor_data.speed_ref
1764513770893,0,monitor_data.speed_ref
1764513770895,0,monitor_data.speed_ref
1764513770896,0,monitor_data.speed_ref
1764513770897,0,monitor_data.speed_ref
1764513770899,0,monitor_data.speed_ref
1764513770900,0,monitor_data.speed_ref
1764513770901,0,monitor_data.speed_ref
1764513770902,0,monitor_data.speed_ref
1764513770904,0,monitor_data.speed_ref
1764513770905,0,monitor_data.speed_ref
1764513770906,0,monitor_data.speed_ref
1764513770908,0,monitor_data.speed_ref
1764513770909,0,monitor_data.speed_ref
1764513770911,0,monitor_data.speed_ref
1764513770912,0,monitor_data.speed_ref
1764513770913,0,monitor_data.speed_ref
1764513770914,0,monitor_data.speed_ref
1764513770916,0,monitor_data.speed_ref
1764513770917,0,monitor_data.speed_ref
1764513770918,0,monitor_data.speed_ref
1764513770920,0,monitor_data.speed_ref
1764513770921,0.008486678823828697,monitor_data.speed
1764513770922,0.008469725027680397,monitor_data.speed
1764513770923,0.00845592562109232,monitor_data.speed
1764513770925,0.008442739024758339,monitor_data.speed
1764513770926,0.008431167341768742,monitor_data.speed
1764513770927,0.008421013131737709,monitor_data.speed
1764513770928,0.008412102237343788,monitor_data.speed
1764513770930,0.008404282853007317,monitor_data.speed
1764513770931,0.00839742086827755,monitor_data.speed
1764513770932,0.00839183572679758,monitor_data.speed
1764513770934,0.00838649831712246,monitor_data.speed
1764513770935,0.008381479419767857,monitor_data.speed
1764513770936,0.008377409540116787,monitor_data.speed
1764513770938,0.008373838849365711,monitor_data.speed
1764513770939,0.008370705880224705,monitor_data.speed
1764513770940,0.008368154987692833,monitor_data.speed
1764513770941,0.008365543559193611,monitor_data.speed
1764513770943,0.008363579399883747,monitor_data.speed
1764513770944,0.008361568674445152,monitor_data.speed
1764513770945,0.008360056206583977,monitor_data.speed
1764513770947,0.008358716033399105,monitor_data.speed
1764513770948,0.008357343263924122,monitor_data.speed
1764513770949,0.008356231264770031,monitor_data.speed
1764513770951,0.008355185389518738,monitor_data.speed
1764513770952,0.008354336023330688,monitor_data.speed
1764513770953,0.008353645913302898,monitor_data.speed
1764513770954,0.008352939039468765,monitor_data.speed
1764513770956,0.008352366276085377,monitor_data.speed
1764513770957,0.00835186243057251,monitor_data.speed
1764513770958,0.008351420983672142,monitor_data.speed
1764513770960,0.008351033553481102,monitor_data.speed
1764513770961,0.008350693620741367,monitor_data.speed
1764513770962,0.00835039559751749,monitor_data.speed
1764513770964,0.008350133895874023,monitor_data.speed
1764513770965,0.008349904790520668,monitor_data.speed
1764513770966,0.008349702693521976,monitor_data.speed
1764513770967,0.0083495257422328,monitor_data.speed
1764513770969,0.008349371142685413,monitor_data.speed
1764513770970,0.00834923516958952,monitor_data.speed
1764513770921,0,monitor_data.speed_ref
1764513770922,0,monitor_data.speed_ref
1764513770923,0,monitor_data.speed_ref
1764513770925,0,monitor_data.speed_ref
1764513770926,0,monitor_data.speed_ref
1764513770927,0,monitor_data.speed_ref
1764513770928,0,monitor_data.speed_ref
1764513770930,0,monitor_data.speed_ref
1764513770931,0,monitor_data.speed_ref
1764513770932,0,monitor_data.speed_ref
1764513770934,0,monitor_data.speed_ref
1764513770935,0,monitor_data.speed_ref
1764513770936,0,monitor_data.speed_ref
1764513770938,0,monitor_data.speed_ref
1764513770939,0,monitor_data.speed_ref
1764513770940,0,monitor_data.speed_ref
1764513770941,0,monitor_data.speed_ref
1764513770943,0,monitor_data.speed_ref
1764513770944,0,monitor_data.speed_ref
1764513770945,0,monitor_data.speed_ref
1764513770947,0,monitor_data.speed_ref
1764513770948,0,monitor_data.speed_ref
1764513770949,0,monitor_data.speed_ref
1764513770951,0,monitor_data.speed_ref
1764513770952,0,monitor_data.speed_ref
1764513770953,0,monitor_data.speed_ref
1764513770954,0,monitor_data.speed_ref
1764513770956,0,monitor_data.speed_ref
1764513770957,0,monitor_data.speed_ref
1764513770958,0,monitor_data.speed_ref
1764513770960,0,monitor_data.speed_ref
1764513770961,0,monitor_data.speed_ref
1764513770962,0,monitor_data.speed_ref
1764513770964,0,monitor_data.speed_ref
1764513770965,0,monitor_data.speed_ref
1764513770966,0,monitor_data.speed_ref
1764513770967,0,monitor_data.speed_ref
1764513770969,0,monitor_data.speed_ref
1764513770970,0,monitor_data.speed_ref
1764513770971,0.008349123410880566,monitor_data.speed
1764513770973,0.00834901724010706,monitor_data.speed
1764513770974,0.008348925039172173,monitor_data.speed
1764513770975,0.008348848670721054,monitor_data.speed
1764513770976,0.008348776027560234,monitor_data.speed
1764513770978,0.008348716422915459,monitor_data.speed
1764513770979,0.008348660543560982,monitor_data.speed
1764513770980,0.008348611183464527,monitor_data.speed
1764513770981,0.00834856741130352,monitor_data.speed
1764513770983,0.00834853295236826,monitor_data.speed
1764513770984,0.0083484947681427,monitor_data.speed
1764513770986,0.008348463103175163,monitor_data.speed
1764513770987,0.008348440751433372,monitor_data.speed
1764513770988,0.008348415605723858,monitor_data.speed
1764513770990,0.008348392322659492,monitor_data.speed
1764513770991,0.008348374627530575,monitor_data.speed
1764513770993,0.008348359726369381,monitor_data.speed
1764513770994,0.008348345756530762,monitor_data.speed
1764513770995,0.008348336443305016,monitor_data.speed
1764513770996,0.008348328992724419,monitor_data.speed
1764513770998,0.008348320610821247,monitor_data.speed
1764513771000,0.008348311297595501,monitor_data.speed
1764513771001,0.00834830291569233,monitor_data.speed
1764513771002,0.008348296396434307,monitor_data.speed
1764513771004,0.008348288014531136,monitor_data.speed
1764513771005,0.008348285220563412,monitor_data.speed
1764513771007,0.008348285220563412,monitor_data.speed
1764513771008,0.008348285220563412,monitor_data.speed
1764513771009,0.008348285220563412,monitor_data.speed
1764513771011,0.008348285220563412,monitor_data.speed
1764513771012,0.008348285220563412,monitor_data.speed
1764513771013,0.008348285220563412,monitor_data.speed
1764513771014,0.008348285220563412,monitor_data.speed
1764513771016,0.008348285220563412,monitor_data.speed
1764513771017,0.008348285220563412,monitor_data.speed
1764513771018,0.008348285220563412,monitor_data.speed
1764513771020,0.008348285220563412,monitor_data.speed
1764513771021,0.008348285220563412,monitor_data.speed
1764513770971,0,monitor_data.speed_ref
1764513770973,0,monitor_data.speed_ref
1764513770974,0,monitor_data.speed_ref
1764513770975,0,monitor_data.speed_ref
1764513770976,0,monitor_data.speed_ref
1764513770978,0,monitor_data.speed_ref
1764513770979,0,monitor_data.speed_ref
1764513770980,0,monitor_data.speed_ref
1764513770981,0,monitor_data.speed_ref
1764513770983,0,monitor_data.speed_ref
1764513770984,0,monitor_data.speed_ref
1764513770986,0,monitor_data.speed_ref
1764513770987,0,monitor_data.speed_ref
1764513770988,0,monitor_data.speed_ref
1764513770990,0,monitor_data.speed_ref
1764513770991,0,monitor_data.speed_ref
1764513770993,0,monitor_data.speed_ref
1764513770994,0,monitor_data.speed_ref
1764513770995,0,monitor_data.speed_ref
1764513770996,0,monitor_data.speed_ref
1764513770998,0,monitor_data.speed_ref
1764513771000,0,monitor_data.speed_ref
1764513771001,0,monitor_data.speed_ref
1764513771002,0,monitor_data.speed_ref
1764513771004,0,monitor_data.speed_ref
1764513771005,0,monitor_data.speed_ref
1764513771007,0,monitor_data.speed_ref
1764513771008,0,monitor_data.speed_ref
1764513771009,0,monitor_data.speed_ref
1764513771011,0,monitor_data.speed_ref
1764513771012,0,monitor_data.speed_ref
1764513771013,0,monitor_data.speed_ref
1764513771014,0,monitor_data.speed_ref
1764513771016,0,monitor_data.speed_ref
1764513771017,0,monitor_data.speed_ref
1764513771018,0,monitor_data.speed_ref
1764513771020,0,monitor_data.speed_ref
1764513771021,0,monitor_data.speed_ref
1764513771022,0.008348285220563412,monitor_data.speed
1764513771023,0.008348285220563412,monitor_data.speed
1764513771025,0.008348285220563412,monitor_data.speed
1764513771026,0.008348285220563412,monitor_data.speed
1764513771028,0.008348285220563412,monitor_data.speed
1764513771029,0.008348285220563412,monitor_data.speed
1764513771030,0.008348285220563412,monitor_data.speed
1764513771032,0.008348285220563412,monitor_data.speed
1764513771033,0.008348285220563412,monitor_data.speed
1764513771034,0.008348285220563412,monitor_data.speed
1764513771036,0.008348285220563412,monitor_data.speed
1764513771037,0.008348285220563412,monitor_data.speed
1764513771039,0.008348285220563412,monitor_data.speed
1764513771040,0.008348285220563412,monitor_data.speed
1764513771041,0.008348285220563412,monitor_data.speed
1764513771043,0.008348285220563412,monitor_data.speed
1764513771044,0.008348285220563412,monitor_data.speed
1764513771045,0.008348285220563412,monitor_data.speed
1764513771047,0.008348285220563412,monitor_data.speed
1764513771048,0.008348285220563412,monitor_data.speed
1764513771049,0.008348285220563412,monitor_data.speed
1764513771050,0.008348285220563412,monitor_data.speed
1764513771052,0.008348285220563412,monitor_data.speed
1764513771053,0.008348285220563412,monitor_data.speed
1764513771054,0.008348285220563412,monitor_data.speed
1764513771056,0.008348285220563412,monitor_data.speed
1764513771057,0.008348285220563412,monitor_data.speed
1764513771058,0.008348285220563412,monitor_data.speed
1764513771060,0.008348285220563412,monitor_data.speed
1764513771061,0.008348285220563412,monitor_data.speed
1764513771062,0.008348285220563412,monitor_data.speed
1764513771064,0.008348285220563412,monitor_data.speed
1764513771065,0.008348285220563412,monitor_data.speed
1764513771066,0.008348285220563412,monitor_data.speed
1764513771068,0.008348285220563412,monitor_data.speed
1764513771069,0.008348285220563412,monitor_data.speed
1764513771070,0.008348285220563412,monitor_data.speed
1764513771072,0.008348285220563412,monitor_data.speed
1764513771022,0,monitor_data.speed_ref
1764513771023,0,monitor_data.speed_ref
1764513771025,0,monitor_data.speed_ref
1764513771026,0,monitor_data.speed_ref
1764513771028,0,monitor_data.speed_ref
1764513771029,0,monitor_data.speed_ref
1764513771030,0,monitor_data.speed_ref
1764513771032,0,monitor_data.speed_ref
1764513771033,0,monitor_data.speed_ref
1764513771034,0,monitor_data.speed_ref
1764513771036,0,monitor_data.speed_ref
1764513771037,0,monitor_data.speed_ref
1764513771039,0,monitor_data.speed_ref
1764513771040,0,monitor_data.speed_ref
1764513771041,0,monitor_data.speed_ref
1764513771043,0,monitor_data.speed_ref
1764513771044,0,monitor_data.speed_ref
1764513771045,0,monitor_data.speed_ref
1764513771047,0,monitor_data.speed_ref
1764513771048,0,monitor_data.speed_ref
1764513771049,0,monitor_data.speed_ref
1764513771050,0,monitor_data.speed_ref
1764513771052,0,monitor_data.speed_ref
1764513771053,0,monitor_data.speed_ref
1764513771054,0,monitor_data.speed_ref
1764513771056,0,monitor_data.speed_ref
1764513771057,0,monitor_data.speed_ref
1764513771058,0,monitor_data.speed_ref
1764513771060,0,monitor_data.speed_ref
1764513771061,0,monitor_data.speed_ref
1764513771062,0,monitor_data.speed_ref
1764513771064,0,monitor_data.speed_ref
1764513771065,0,monitor_data.speed_ref
1764513771066,0,monitor_data.speed_ref
1764513771068,0,monitor_data.speed_ref
1764513771069,0,monitor_data.speed_ref
1764513771070,0,monitor_data.speed_ref
1764513771072,0,monitor_data.speed_ref
1764513771073,0.008348285220563412,monitor_data.speed
1764513771075,0.008348285220563412,monitor_data.speed
1764513771076,0.008348285220563412,monitor_data.speed
1764513771077,0.008348285220563412,monitor_data.speed
1764513771079,0.008348285220563412,monitor_data.speed
1764513771080,0.008348285220563412,monitor_data.speed
1764513771081,0.008348285220563412,monitor_data.speed
1764513771083,0.008348285220563412,monitor_data.speed
1764513771084,0.008348285220563412,monitor_data.speed
1764513771085,0.008348285220563412,monitor_data.speed
1764513771087,0.008348285220563412,monitor_data.speed
1764513771088,0.008348285220563412,monitor_data.speed
1764513771089,0.008348285220563412,monitor_data.speed
1764513771090,0.008348285220563412,monitor_data.speed
1764513771092,0.008348285220563412,monitor_data.speed
1764513771093,0.008348285220563412,monitor_data.speed
1764513771094,0.008348285220563412,monitor_data.speed
1764513771096,0.008348285220563412,monitor_data.speed
1764513771097,0.008348285220563412,monitor_data.speed
1764513771098,0.008348285220563412,monitor_data.speed
1764513771099,0.008348285220563412,monitor_data.speed
1764513771101,0.008348285220563412,monitor_data.speed
1764513771102,0.008348285220563412,monitor_data.speed
1764513771103,0.008348285220563412,monitor_data.speed
1764513771105,0.008348285220563412,monitor_data.speed
1764513771106,0.008348285220563412,monitor_data.speed
1764513771108,0.008348285220563412,monitor_data.speed
1764513771109,-0.04965978115797043,monitor_data.speed
1764513771110,-0.04104313626885414,monitor_data.speed
1764513771112,-0.034993726760149,monitor_data.speed
1764513771113,-0.028928376734256744,monitor_data.speed
1764513771115,-0.024362768977880478,monitor_data.speed
1764513771116,5.839316368103027,monitor_data.speed
1764513771117,-0.06852570176124573,monitor_data.speed
1764513771118,-0.05979165807366371,monitor_data.speed
1764513771120,-0.5532128810882568,monitor_data.speed
1764513771121,-0.7145910859107971,monitor_data.speed
1764513771122,-0.7403277158737183,monitor_data.speed
1764513771073,0,monitor_data.speed_ref
1764513771075,0,monitor_data.speed_ref
1764513771076,0,monitor_data.speed_ref
1764513771077,0,monitor_data.speed_ref
1764513771079,0,monitor_data.speed_ref
1764513771080,0,monitor_data.speed_ref
1764513771081,0,monitor_data.speed_ref
1764513771083,0,monitor_data.speed_ref
1764513771084,0,monitor_data.speed_ref
1764513771085,0,monitor_data.speed_ref
1764513771087,0,monitor_data.speed_ref
1764513771088,0,monitor_data.speed_ref
1764513771089,0,monitor_data.speed_ref
1764513771090,0,monitor_data.speed_ref
1764513771092,0,monitor_data.speed_ref
1764513771093,0,monitor_data.speed_ref
1764513771094,0,monitor_data.speed_ref
1764513771096,0,monitor_data.speed_ref
1764513771097,0,monitor_data.speed_ref
1764513771098,0,monitor_data.speed_ref
1764513771099,0,monitor_data.speed_ref
1764513771101,0,monitor_data.speed_ref
1764513771102,0,monitor_data.speed_ref
1764513771103,0,monitor_data.speed_ref
1764513771105,0,monitor_data.speed_ref
1764513771106,0,monitor_data.speed_ref
1764513771108,0,monitor_data.speed_ref
1764513771109,0,monitor_data.speed_ref
1764513771110,0,monitor_data.speed_ref
1764513771112,0,monitor_data.speed_ref
1764513771113,0,monitor_data.speed_ref
1764513771115,0,monitor_data.speed_ref
1764513771116,0,monitor_data.speed_ref
1764513771117,0,monitor_data.speed_ref
1764513771118,0,monitor_data.speed_ref
1764513771120,0,monitor_data.speed_ref
1764513771121,0,monitor_data.speed_ref
1764513771122,0,monitor_data.speed_ref
1764513771124,4.985474109649658,monitor_data.speed
1764513771125,4.583842754364014,monitor_data.speed
1764513771126,4.187286376953125,monitor_data.speed
1764513771127,3.829096794128418,monitor_data.speed
1764513771128,3.3950014114379883,monitor_data.speed
1764513771130,3.032667398452759,monitor_data.speed
1764513771131,2.6622512340545654,monitor_data.speed
1764513771132,2.360727071762085,monitor_data.speed
1764513771133,2.093461751937866,monitor_data.speed
1764513771135,1.8380802869796753,monitor_data.speed
1764513771136,1.6139776706695557,monitor_data.speed
1764513771137,1.4173223972320557,monitor_data.speed
1764513771139,1.2447534799575806,monitor_data.speed
1764513771140,1.1042791604995728,monitor_data.speed
1764513771141,0.9414868354797363,monitor_data.speed
1764513771143,0.8190083503723145,monitor_data.speed
1764513771144,0.7126055955886841,monitor_data.speed
1764513771146,0.626348614692688,monitor_data.speed
1764513771147,0.5452335476875305,monitor_data.speed
1764513771148,0.47947657108306885,monitor_data.speed
1764513771150,0.30370110273361206,monitor_data.speed
1764513771151,5.790154933929443,monitor_data.speed
1764513771152,5.136075019836426,monitor_data.speed
1764513771154,4.508037090301514,monitor_data.speed
1764513771155,3.9968032836914062,monitor_data.speed
1764513771156,3.5436534881591797,monitor_data.speed
1764513771157,3.110652208328247,monitor_data.speed
1764513771159,2.730684518814087,monitor_data.speed
1764513771160,2.373365879058838,monitor_data.speed
1764513771161,2.1046648025512695,monitor_data.speed
1764513771163,1.7163758277893066,monitor_data.speed
1764513771164,6.96851110458374,monitor_data.speed
1764513771165,6.116039752960205,monitor_data.speed
1764513771166,5.422116279602051,monitor_data.speed
1764513771168,4.807032585144043,monitor_data.speed
1764513771169,4.177184581756592,monitor_data.speed
1764513771170,3.644947052001953,monitor_data.speed
1764513771171,8.638493537902832,monitor_data.speed
1764513771173,7.581484794616699,monitor_data.speed
1764513771124,0,monitor_data.speed_ref
1764513771125,0,monitor_data.speed_ref
1764513771126,0,monitor_data.speed_ref
1764513771127,0,monitor_data.speed_ref
1764513771128,0,monitor_data.speed_ref
1764513771130,0,monitor_data.speed_ref
1764513771131,0,monitor_data.speed_ref
1764513771132,0,monitor_data.speed_ref
1764513771133,0,monitor_data.speed_ref
1764513771135,0,monitor_data.speed_ref
1764513771136,0,monitor_data.speed_ref
1764513771137,0,monitor_data.speed_ref
1764513771139,0,monitor_data.speed_ref
1764513771140,0,monitor_data.speed_ref
1764513771141,0,monitor_data.speed_ref
1764513771143,0,monitor_data.speed_ref
1764513771144,0,monitor_data.speed_ref
1764513771146,0,monitor_data.speed_ref
1764513771147,0,monitor_data.speed_ref
1764513771148,0,monitor_data.speed_ref
1764513771150,0,monitor_data.speed_ref
1764513771151,0,monitor_data.speed_ref
1764513771152,0,monitor_data.speed_ref
1764513771154,0,monitor_data.speed_ref
1764513771155,0,monitor_data.speed_ref
1764513771156,0,monitor_data.speed_ref
1764513771157,0,monitor_data.speed_ref
1764513771159,0,monitor_data.speed_ref
1764513771160,0,monitor_data.speed_ref
1764513771161,0,monitor_data.speed_ref
1764513771163,0,monitor_data.speed_ref
1764513771164,0,monitor_data.speed_ref
1764513771165,0,monitor_data.speed_ref
1764513771166,0,monitor_data.speed_ref
1764513771168,0,monitor_data.speed_ref
1764513771169,0,monitor_data.speed_ref
1764513771170,0,monitor_data.speed_ref
1764513771171,0,monitor_data.speed_ref
1764513771173,0,monitor_data.speed_ref
1764513771174,6.653937339782715,monitor_data.speed
1764513771175,5.669382572174072,monitor_data.speed
1764513771177,10.169694900512695,monitor_data.speed
1764513771178,14.725708961486816,monitor_data.speed
1764513771179,12.89838695526123,monitor_data.speed
1764513771181,17.062410354614258,monitor_data.speed
1764513771182,20.92618751525879,monitor_data.speed
1764513771183,24.178117752075195,monitor_data.speed
1764513771184,32.47398376464844,monitor_data.speed
1764513771185,34.24673843383789,monitor_data.speed
1764513771187,39.763954162597656,monitor_data.speed
1764513771188,45.66060256958008,monitor_data.speed
1764513771190,51.33127212524414,monitor_data.speed
1764513771191,51.128700256347656,monitor_data.speed
1764513771192,56.02096939086914,monitor_data.speed
1764513771193,55.17357635498047,monitor_data.speed
1764513771195,60.001399993896484,monitor_data.speed
1764513771196,59.238914489746094,monitor_data.speed
1764513771197,62.343231201171875,monitor_data.speed
1764513771198,65.80841064453125,monitor_data.speed
1764513771200,63.321495056152344,monitor_data.speed
1764513771201,67.11707305908203,monitor_data.speed
1764513771202,64.89921569824219,monitor_data.speed
1764513771203,67.8260726928711,monitor_data.speed
1764513771205,65.52765655517578,monitor_data.speed
1764513771206,68.38194274902344,monitor_data.speed
1764513771207,71.2737045288086,monitor_data.speed
1764513771208,68.17369079589844,monitor_data.speed
1764513771210,70.86677551269531,monitor_data.speed
1764513771211,72.55077362060547,monitor_data.speed
1764513771212,80.39656066894531,monitor_data.speed
1764513771214,86.79672241210938,monitor_data.speed
1764513771215,93.0025634765625,monitor_data.speed
1764513771216,103.85765838623047,monitor_data.speed
1764513771218,119.82305908203125,monitor_data.speed
1764513771219,143.85069274902344,monitor_data.speed
1764513771220,170.7290802001953,monitor_data.speed
1764513771222,199.72604370117188,monitor_data.speed
1764513771223,232.678955078125,monitor_data.speed
1764513771174,0,monitor_data.speed_ref
1764513771175,0,monitor_data.speed_ref
1764513771177,0,monitor_data.speed_ref
1764513771178,0,monitor_data.speed_ref
1764513771179,0,monitor_data.speed_ref
1764513771181,0,monitor_data.speed_ref
1764513771182,0,monitor_data.speed_ref
1764513771183,0,monitor_data.speed_ref
1764513771184,0,monitor_data.speed_ref
1764513771185,0,monitor_data.speed_ref
1764513771187,0,monitor_data.speed_ref
1764513771188,0,monitor_data.speed_ref
1764513771190,0,monitor_data.speed_ref
1764513771191,0,monitor_data.speed_ref
1764513771192,0,monitor_data.speed_ref
1764513771193,0,monitor_data.speed_ref
1764513771195,0,monitor_data.speed_ref
1764513771196,0,monitor_data.speed_ref
1764513771197,0,monitor_data.speed_ref
1764513771198,0,monitor_data.speed_ref
1764513771200,0,monitor_data.speed_ref
1764513771201,0,monitor_data.speed_ref
1764513771202,0,monitor_data.speed_ref
1764513771203,0,monitor_data.speed_ref
1764513771205,0,monitor_data.speed_ref
1764513771206,0,monitor_data.speed_ref
1764513771207,0,monitor_data.speed_ref
1764513771208,0,monitor_data.speed_ref
1764513771210,0,monitor_data.speed_ref
1764513771211,0,monitor_data.speed_ref
1764513771212,0,monitor_data.speed_ref
1764513771214,0,monitor_data.speed_ref
1764513771215,0,monitor_data.speed_ref
1764513771216,0,monitor_data.speed_ref
1764513771218,0,monitor_data.speed_ref
1764513771219,0,monitor_data.speed_ref
1764513771220,0,monitor_data.speed_ref
1764513771222,0,monitor_data.speed_ref
1764513771223,0,monitor_data.speed_ref
1764513771224,265.0169982910156,monitor_data.speed
1764513771225,304.6622314453125,monitor_data.speed
1764513771227,333.63665771484375,monitor_data.speed
1764513771228,367.76385498046875,monitor_data.speed
1764513771229,409.0107116699219,monitor_data.speed
1764513771231,454.49237060546875,monitor_data.speed
1764513771232,480.6841735839844,monitor_data.speed
1764513771233,509.0314636230469,monitor_data.speed
1764513771234,545.6124267578125,monitor_data.speed
1764513771236,578.099609375,monitor_data.speed
1764513771237,612.0726928710938,monitor_data.speed
1764513771238,636.8672485351562,monitor_data.speed
1764513771240,673.4740600585938,monitor_data.speed
1764513771241,701.6201782226562,monitor_data.speed
1764513771242,727.509033203125,monitor_data.speed
1764513771243,744.7030029296875,monitor_data.speed
1764513771245,774.7282104492188,monitor_data.speed
1764513771246,817.1954345703125,monitor_data.speed
1764513771247,846.2371215820312,monitor_data.speed
1764513771249,880.6638793945312,monitor_data.speed
1764513771250,902.0393676757812,monitor_data.speed
1764513771251,926.7942504882812,monitor_data.speed
1764513771253,942.3388061523438,monitor_data.speed
1764513771254,970.29638671875,monitor_data.speed
1764513771255,983.9951782226562,monitor_data.speed
1764513771256,1006.90380859375,monitor_data.speed
1764513771258,1021.529296875,monitor_data.speed
1764513771259,1044.9713134765625,monitor_data.speed
1764513771260,1060.2906494140625,monitor_data.speed
1764513771262,1083.8511962890625,monitor_data.speed
1764513771263,1095.23291015625,monitor_data.speed
1764513771264,1115.1715087890625,monitor_data.speed
1764513771265,1158.9593505859375,monitor_data.speed
1764513771267,1176.55078125,monitor_data.speed
1764513771268,1192.9744873046875,monitor_data.speed
1764513771269,1189.928955078125,monitor_data.speed
1764513771271,1209.74169921875,monitor_data.speed
1764513771272,1210.7305908203125,monitor_data.speed
1764513771273,1233.5230712890625,monitor_data.speed
1764513771224,0,monitor_data.speed_ref
1764513771225,0,monitor_data.speed_ref
1764513771227,0,monitor_data.speed_ref
1764513771228,0,monitor_data.speed_ref
1764513771229,0,monitor_data.speed_ref
1764513771231,0,monitor_data.speed_ref
1764513771232,0,monitor_data.speed_ref
1764513771233,0,monitor_data.speed_ref
1764513771234,0,monitor_data.speed_ref
1764513771236,0,monitor_data.speed_ref
1764513771237,0,monitor_data.speed_ref
1764513771238,0,monitor_data.speed_ref
1764513771240,0,monitor_data.speed_ref
1764513771241,0,monitor_data.speed_ref
1764513771242,0,monitor_data.speed_ref
1764513771243,0,monitor_data.speed_ref
1764513771245,0,monitor_data.speed_ref
1764513771246,0,monitor_data.speed_ref
1764513771247,0,monitor_data.speed_ref
1764513771249,0,monitor_data.speed_ref
1764513771250,0,monitor_data.speed_ref
1764513771251,0,monitor_data.speed_ref
1764513771253,0,monitor_data.speed_ref
1764513771254,0,monitor_data.speed_ref
1764513771255,0,monitor_data.speed_ref
1764513771256,0,monitor_data.speed_ref
1764513771258,0,monitor_data.speed_ref
1764513771259,0,monitor_data.speed_ref
1764513771260,0,monitor_data.speed_ref
1764513771262,0,monitor_data.speed_ref
1764513771263,0,monitor_data.speed_ref
1764513771264,0,monitor_data.speed_ref
1764513771265,0,monitor_data.speed_ref
1764513771267,0,monitor_data.speed_ref
1764513771268,0,monitor_data.speed_ref
1764513771269,0,monitor_data.speed_ref
1764513771271,0,monitor_data.speed_ref
1764513771272,0,monitor_data.speed_ref
1764513771273,0,monitor_data.speed_ref
1764513771275,1242.7496337890625,monitor_data.speed
1764513771276,1261.9552001953125,monitor_data.speed
1764513771277,1274.1866455078125,monitor_data.speed
1764513771278,1278.8935546875,monitor_data.speed
1764513771280,1303.6063232421875,monitor_data.speed
1764513771281,1314.571533203125,monitor_data.speed
1764513771282,1342.36376953125,monitor_data.speed
1764513771283,1354.7083740234375,monitor_data.speed
1764513771285,1376.3687744140625,monitor_data.speed
1764513771286,1403.2564697265625,monitor_data.speed
1764513771287,1408.4195556640625,monitor_data.speed
1764513771289,1408.9132080078125,monitor_data.speed
1764513771290,1428.2662353515625,monitor_data.speed
1764513771291,1432.5267333984375,monitor_data.speed
1764513771292,1436.08447265625,monitor_data.speed
1764513771293,1463.5687255859375,monitor_data.speed
1764513771295,1490.8690185546875,monitor_data.speed
1764513771296,1490.810791015625,monitor_data.speed
1764513771297,1509.3582763671875,monitor_data.speed
1764513771298,1510.03173828125,monitor_data.speed
1764513771300,1524.09814453125,monitor_data.speed
1764513771301,1528.732666015625,monitor_data.speed
1764513771302,1542.904296875,monitor_data.speed
1764513771304,1541.7244873046875,monitor_data.speed
1764513771305,1559.330810546875,monitor_data.speed
1764513771306,1585.1802978515625,monitor_data.speed
1764513771307,1610.211181640625,monitor_data.speed
1764513771309,1592.6441650390625,monitor_data.speed
1764513771310,1600.2139892578125,monitor_data.speed
1764513771311,1586.4375,monitor_data.speed
1764513771313,1594.7069091796875,monitor_data.speed
1764513771314,1592.711181640625,monitor_data.speed
1764513771315,1600.8836669921875,monitor_data.speed
1764513771316,1593.9803466796875,monitor_data.speed
1764513771318,1608.7554931640625,monitor_data.speed
1764513771319,1606.447509765625,monitor_data.speed
1764513771321,1619.635986328125,monitor_data.speed
1764513771322,1614.5777587890625,monitor_data.speed
1764513771323,1626.553466796875,monitor_data.speed
1764513771275,0,monitor_data.speed_ref
1764513771276,0,monitor_data.speed_ref
1764513771277,0,monitor_data.speed_ref
1764513771278,0,monitor_data.speed_ref
1764513771280,0,monitor_data.speed_ref
1764513771281,0,monitor_data.speed_ref
1764513771282,0,monitor_data.speed_ref
1764513771283,0,monitor_data.speed_ref
1764513771285,0,monitor_data.speed_ref
1764513771286,0,monitor_data.speed_ref
1764513771287,0,monitor_data.speed_ref
1764513771289,0,monitor_data.speed_ref
1764513771290,0,monitor_data.speed_ref
1764513771291,0,monitor_data.speed_ref
1764513771292,0,monitor_data.speed_ref
1764513771293,0,monitor_data.speed_ref
1764513771295,0,monitor_data.speed_ref
1764513771296,0,monitor_data.speed_ref
1764513771297,0,monitor_data.speed_ref
1764513771298,0,monitor_data.speed_ref
1764513771300,0,monitor_data.speed_ref
1764513771301,0,monitor_data.speed_ref
1764513771302,0,monitor_data.speed_ref
1764513771304,0,monitor_data.speed_ref
1764513771305,0,monitor_data.speed_ref
1764513771306,0,monitor_data.speed_ref
1764513771307,0,monitor_data.speed_ref
1764513771309,0,monitor_data.speed_ref
1764513771310,0,monitor_data.speed_ref
1764513771311,0,monitor_data.speed_ref
1764513771313,0,monitor_data.speed_ref
1764513771314,0,monitor_data.speed_ref
1764513771315,0,monitor_data.speed_ref
1764513771316,0,monitor_data.speed_ref
1764513771318,0,monitor_data.speed_ref
1764513771319,0,monitor_data.speed_ref
1764513771321,0,monitor_data.speed_ref
1764513771322,0,monitor_data.speed_ref
1764513771323,0,monitor_data.speed_ref
1764513771324,1625.8427734375,monitor_data.speed
1764513771326,1636.6666259765625,monitor_data.speed
1764513771327,1628.3961181640625,monitor_data.speed
1764513771328,1634.4034423828125,monitor_data.speed
1764513771330,1627.37158203125,monitor_data.speed
1764513771331,1646.864013671875,monitor_data.speed
1764513771332,1675.2623291015625,monitor_data.speed
1764513771333,1667.4473876953125,monitor_data.speed
1764513771334,1666.6114501953125,monitor_data.speed
1764513771336,1673.2247314453125,monitor_data.speed
1764513771337,1666.041259765625,monitor_data.speed
1764513771338,1677.0609130859375,monitor_data.speed
1764513771340,1675.1336669921875,monitor_data.speed
1764513771341,1685.43017578125,monitor_data.speed
1764513771342,1700.29931640625,monitor_data.speed
1764513771343,1702.100341796875,monitor_data.speed
1764513771345,1692.9530029296875,monitor_data.speed
1764513771346,1690.2001953125,monitor_data.speed
1764513771348,1676.5965576171875,monitor_data.speed
1764513771349,1681.630859375,monitor_data.speed
1764513771350,1685.5560302734375,monitor_data.speed
1764513771352,1678.30078125,monitor_data.speed
1764513771353,1687.820068359375,monitor_data.speed
1764513771354,1685.2913818359375,monitor_data.speed
1764513771356,1699.2305908203125,monitor_data.speed
1764513771357,1689.94140625,monitor_data.speed
1764513771358,1704.48974609375,monitor_data.speed
1764513771360,1699.667236328125,monitor_data.speed
1764513771361,1707.073974609375,monitor_data.speed
1764513771362,1696.881591796875,monitor_data.speed
1764513771363,1699.0037841796875,monitor_data.speed
1764513771365,1689.0079345703125,monitor_data.speed
1764513771366,1712.54443359375,monitor_data.speed
1764513771367,1745.465576171875,monitor_data.speed
1764513771369,1736.2127685546875,monitor_data.speed
1764513771370,1722.1165771484375,monitor_data.speed
1764513771371,1731.311279296875,monitor_data.speed
1764513771372,1723.05029296875,monitor_data.speed
1764513771373,1732.524169921875,monitor_data.speed
1764513771324,0,monitor_data.speed_ref
1764513771326,0,monitor_data.speed_ref
1764513771327,0,monitor_data.speed_ref
1764513771328,0,monitor_data.speed_ref
1764513771330,0,monitor_data.speed_ref
1764513771331,0,monitor_data.speed_ref
1764513771332,0,monitor_data.speed_ref
1764513771333,0,monitor_data.speed_ref
1764513771334,0,monitor_data.speed_ref
1764513771336,0,monitor_data.speed_ref
1764513771337,0,monitor_data.speed_ref
1764513771338,0,monitor_data.speed_ref
1764513771340,0,monitor_data.speed_ref
1764513771341,0,monitor_data.speed_ref
1764513771342,0,monitor_data.speed_ref
1764513771343,0,monitor_data.speed_ref
1764513771345,0,monitor_data.speed_ref
1764513771346,0,monitor_data.speed_ref
1764513771348,0,monitor_data.speed_ref
1764513771349,0,monitor_data.speed_ref
1764513771350,0,monitor_data.speed_ref
1764513771352,0,monitor_data.speed_ref
1764513771353,0,monitor_data.speed_ref
1764513771354,0,monitor_data.speed_ref
1764513771356,0,monitor_data.speed_ref
1764513771357,0,monitor_data.speed_ref
1764513771358,0,monitor_data.speed_ref
1764513771360,0,monitor_data.speed_ref
1764513771361,0,monitor_data.speed_ref
1764513771362,0,monitor_data.speed_ref
1764513771363,0,monitor_data.speed_ref
1764513771365,0,monitor_data.speed_ref
1764513771366,0,monitor_data.speed_ref
1764513771367,0,monitor_data.speed_ref
1764513771369,0,monitor_data.speed_ref
1764513771370,0,monitor_data.speed_ref
1764513771371,0,monitor_data.speed_ref
1764513771372,0,monitor_data.speed_ref
1764513771373,0,monitor_data.speed_ref
1764513771375,1725.124755859375,monitor_data.speed
1764513771376,1734.59814453125,monitor_data.speed
1764513771377,1743.328857421875,monitor_data.speed
1764513771379,1750.4554443359375,monitor_data.speed
1764513771380,1745.9053955078125,monitor_data.speed
1764513771381,1730.355712890625,monitor_data.speed
1764513771383,1733.511474609375,monitor_data.speed
1764513771384,1720.0279541015625,monitor_data.speed
1764513771385,1724.88623046875,monitor_data.speed
1764513771387,1712.2890625,monitor_data.speed
1764513771388,1722.60693359375,monitor_data.speed
1764513771389,1728.3109130859375,monitor_data.speed
1764513771391,1721.2979736328125,monitor_data.speed
1764513771392,1731.7471923828125,monitor_data.speed
1764513771393,1723.8878173828125,monitor_data.speed
1764513771395,1733.62451171875,monitor_data.speed
1764513771396,1731.0186767578125,monitor_data.speed
1764513771397,1723.1990966796875,monitor_data.speed
1764513771398,1727.1470947265625,monitor_data.speed
1764513771400,1714.3875732421875,monitor_data.speed
1764513771401,1747.5946044921875,monitor_data.speed
1764513771402,1754.8575439453125,monitor_data.speed
1764513771404,1755.1641845703125,monitor_data.speed
1764513771405,1744.4342041015625,monitor_data.speed
1764513771406,1751.4893798828125,monitor_data.speed
1764513771408,1741.3251953125,monitor_data.speed
1764513771409,1748.3194580078125,monitor_data.speed
1764513771410,1743.8428955078125,monitor_data.speed
1764513771412,1750.8084716796875,monitor_data.speed
1764513771413,1768.447265625,monitor_data.speed
1764513771414,1761.2510986328125,monitor_data.speed
1764513771415,1760.3367919921875,monitor_data.speed
1764513771417,1748.7838134765625,monitor_data.speed
1764513771418,1750.0445556640625,monitor_data.speed
1764513771419,1734.4903564453125,monitor_data.speed
1764513771420,1742.6676025390625,monitor_data.speed
1764513771422,1733.3382568359375,monitor_data.speed
1764513771423,1730.5364990234375,monitor_data.speed
1764513771375,0,monitor_data.speed_ref
1764513771376,0,monitor_data.speed_ref
1764513771377,0,monitor_data.speed_ref
1764513771379,0,monitor_data.speed_ref
1764513771380,0,monitor_data.speed_ref
1764513771381,0,monitor_data.speed_ref
1764513771383,0,monitor_data.speed_ref
1764513771384,0,monitor_data.speed_ref
1764513771385,0,monitor_data.speed_ref
1764513771387,0,monitor_data.speed_ref
1764513771388,0,monitor_data.speed_ref
1764513771389,0,monitor_data.speed_ref
1764513771391,0,monitor_data.speed_ref
1764513771392,0,monitor_data.speed_ref
1764513771393,0,monitor_data.speed_ref
1764513771395,0,monitor_data.speed_ref
1764513771396,0,monitor_data.speed_ref
1764513771397,0,monitor_data.speed_ref
1764513771398,0,monitor_data.speed_ref
1764513771400,0,monitor_data.speed_ref
1764513771401,0,monitor_data.speed_ref
1764513771402,0,monitor_data.speed_ref
1764513771404,0,monitor_data.speed_ref
1764513771405,0,monitor_data.speed_ref
1764513771406,0,monitor_data.speed_ref
1764513771408,0,monitor_data.speed_ref
1764513771409,0,monitor_data.speed_ref
1764513771410,0,monitor_data.speed_ref
1764513771412,0,monitor_data.speed_ref
1764513771413,0,monitor_data.speed_ref
1764513771414,0,monitor_data.speed_ref
1764513771415,0,monitor_data.speed_ref
1764513771417,0,monitor_data.speed_ref
1764513771418,0,monitor_data.speed_ref
1764513771419,0,monitor_data.speed_ref
1764513771420,0,monitor_data.speed_ref
1764513771422,0,monitor_data.speed_ref
1764513771423,0,monitor_data.speed_ref
1764513771424,1739.01904296875,monitor_data.speed
1764513771426,1742.258544921875,monitor_data.speed
1764513771427,1738.6383056640625,monitor_data.speed
1764513771428,1746.79248046875,monitor_data.speed
1764513771430,1737.3909912109375,monitor_data.speed
1764513771431,1745.151611328125,monitor_data.speed
1764513771432,1735.5999755859375,monitor_data.speed
1764513771433,1738.4088134765625,monitor_data.speed
1764513771435,1729.9053955078125,monitor_data.speed
1764513771436,1743.9217529296875,monitor_data.speed
1764513771437,1762.0108642578125,monitor_data.speed
1764513771439,1750.277099609375,monitor_data.speed
1764513771440,1756.909912109375,monitor_data.speed
1764513771441,1751.6025390625,monitor_data.speed
1764513771443,1758.283935546875,monitor_data.speed
1764513771444,1752.8677978515625,monitor_data.speed
1764513771445,1747.6820068359375,monitor_data.speed
1764513771446,1753.87939453125,monitor_data.speed
1764513771448,1776.04150390625,monitor_data.speed
1764513771449,1763.0966796875,monitor_data.speed
1764513771450,1751.008544921875,monitor_data.speed
1764513771452,1751.522216796875,monitor_data.speed
1764513771453,1735.500732421875,monitor_data.speed
1764513771454,1743.34814453125,monitor_data.speed
1764513771455,1734.0679931640625,monitor_data.speed
1764513771457,1742.6185302734375,monitor_data.speed
1764513771458,1733.591064453125,monitor_data.speed
1764513771459,1742.02490234375,monitor_data.speed
1764513771461,1738.4886474609375,monitor_data.speed
1764513771462,1746.16845703125,monitor_data.speed
1764513771463,1753.8883056640625,monitor_data.speed
1764513771465,1749.3123779296875,monitor_data.speed
1764513771466,1739.3017578125,monitor_data.speed
1764513771467,1741.1353759765625,monitor_data.speed
1764513771468,1732.0811767578125,monitor_data.speed
1764513771470,1729.548095703125,monitor_data.speed
1764513771471,1764.6871337890625,monitor_data.speed
1764513771472,1768.2052001953125,monitor_data.speed
1764513771474,1772.070068359375,monitor_data.speed
1764513771424,0,monitor_data.speed_ref
1764513771426,0,monitor_data.speed_ref
1764513771427,0,monitor_data.speed_ref
1764513771428,0,monitor_data.speed_ref
1764513771430,0,monitor_data.speed_ref
1764513771431,0,monitor_data.speed_ref
1764513771432,0,monitor_data.speed_ref
1764513771433,0,monitor_data.speed_ref
1764513771435,0,monitor_data.speed_ref
1764513771436,0,monitor_data.speed_ref
1764513771437,0,monitor_data.speed_ref
1764513771439,0,monitor_data.speed_ref
1764513771440,0,monitor_data.speed_ref
1764513771441,0,monitor_data.speed_ref
1764513771443,0,monitor_data.speed_ref
1764513771444,0,monitor_data.speed_ref
1764513771445,0,monitor_data.speed_ref
1764513771446,0,monitor_data.speed_ref
1764513771448,0,monitor_data.speed_ref
1764513771449,0,monitor_data.speed_ref
1764513771450,0,monitor_data.speed_ref
1764513771452,0,monitor_data.speed_ref
1764513771453,0,monitor_data.speed_ref
1764513771454,0,monitor_data.speed_ref
1764513771455,0,monitor_data.speed_ref
1764513771457,0,monitor_data.speed_ref
1764513771458,0,monitor_data.speed_ref
1764513771459,0,monitor_data.speed_ref
1764513771461,0,monitor_data.speed_ref
1764513771462,0,monitor_data.speed_ref
1764513771463,0,monitor_data.speed_ref
1764513771465,0,monitor_data.speed_ref
1764513771466,0,monitor_data.speed_ref
1764513771467,0,monitor_data.speed_ref
1764513771468,0,monitor_data.speed_ref
1764513771470,0,monitor_data.speed_ref
1764513771471,0,monitor_data.speed_ref
1764513771472,0,monitor_data.speed_ref
1764513771474,0,monitor_data.speed_ref
1764513771475,1764.631591796875,monitor_data.speed
1764513771476,1769.2684326171875,monitor_data.speed
1764513771478,1756.4344482421875,monitor_data.speed
1764513771479,1767.202392578125,monitor_data.speed
1764513771480,1760.2227783203125,monitor_data.speed
1764513771482,1788.3677978515625,monitor_data.speed
1764513771483,1773.7412109375,monitor_data.speed
1764513771484,1771.4061279296875,monitor_data.speed
1764513771485,1758.53466796875,monitor_data.speed
1764513771487,1758.4512939453125,monitor_data.speed
1764513771488,1747.3878173828125,monitor_data.speed
1764513771489,1748.9530029296875,monitor_data.speed
1764513771490,1744.6802978515625,monitor_data.speed
1764513771492,1746.682861328125,monitor_data.speed
1764513771493,1742.7413330078125,monitor_data.speed
1764513771494,1750.40869140625,monitor_data.speed
1764513771496,1746.011474609375,monitor_data.speed
1764513771497,1753.1429443359375,monitor_data.speed
1764513771498,1748.0877685546875,monitor_data.speed
1764513771500,1754.782958984375,monitor_data.speed
1764513771501,1744.106201171875,monitor_data.speed
1764513771502,1745.9617919921875,monitor_data.speed
1764513771504,1737.438232421875,monitor_data.speed
1764513771505,1761.1864013671875,monitor_data.speed
1764513771506,1783.306640625,monitor_data.speed
1764513771508,1769.513427734375,monitor_data.speed
1764513771509,1774.2110595703125,monitor_data.speed
1764513771511,1761.2222900390625,monitor_data.speed
1764513771512,1771.962646484375,monitor_data.speed
1764513771513,1759.1717529296875,monitor_data.speed
1764513771514,1770.0589599609375,monitor_data.speed
1764513771516,1763.028076171875,monitor_data.speed
1764513771517,1777.7891845703125,monitor_data.speed
1764513771519,1763.9163818359375,monitor_data.speed
1764513771520,1762.4041748046875,monitor_data.speed
1764513771521,1750.446533203125,monitor_data.speed
1764513771522,1750.982177734375,monitor_data.speed
1764513771524,1740.5484619140625,monitor_data.speed
1764513771475,0,monitor_data.speed_ref
1764513771476,0,monitor_data.speed_ref
1764513771478,0,monitor_data.speed_ref
1764513771479,0,monitor_data.speed_ref
1764513771480,0,monitor_data.speed_ref
1764513771482,0,monitor_data.speed_ref
1764513771483,0,monitor_data.speed_ref
1764513771484,0,monitor_data.speed_ref
1764513771485,0,monitor_data.speed_ref
1764513771487,0,monitor_data.speed_ref
1764513771488,0,monitor_data.speed_ref
1764513771489,0,monitor_data.speed_ref
1764513771490,0,monitor_data.speed_ref
1764513771492,0,monitor_data.speed_ref
1764513771493,0,monitor_data.speed_ref
1764513771494,0,monitor_data.speed_ref
1764513771496,0,monitor_data.speed_ref
1764513771497,0,monitor_data.speed_ref
1764513771498,0,monitor_data.speed_ref
1764513771500,0,monitor_data.speed_ref
1764513771501,0,monitor_data.speed_ref
1764513771502,0,monitor_data.speed_ref
1764513771504,0,monitor_data.speed_ref
1764513771505,0,monitor_data.speed_ref
1764513771506,0,monitor_data.speed_ref
1764513771508,0,monitor_data.speed_ref
1764513771509,0,monitor_data.speed_ref
1764513771511,0,monitor_data.speed_ref
1764513771512,0,monitor_data.speed_ref
1764513771513,0,monitor_data.speed_ref
1764513771514,0,monitor_data.speed_ref
1764513771516,0,monitor_data.speed_ref
1764513771517,0,monitor_data.speed_ref
1764513771519,0,monitor_data.speed_ref
1764513771520,0,monitor_data.speed_ref
1764513771521,0,monitor_data.speed_ref
1764513771522,0,monitor_data.speed_ref
1764513771524,0,monitor_data.speed_ref
1764513771525,1747.7518310546875,monitor_data.speed
1764513771526,1737.7626953125,monitor_data.speed
1764513771528,1750.7777099609375,monitor_data.speed
1764513771529,1740.3079833984375,monitor_data.speed
1764513771530,1753.001708984375,monitor_data.speed
1764513771531,1747.9649658203125,monitor_data.speed
1764513771533,1760.186279296875,monitor_data.speed
1764513771534,1748.8643798828125,monitor_data.speed
1764513771535,1755.439208984375,monitor_data.speed
1764513771537,1744.9237060546875,monitor_data.speed
1764513771538,1746.78955078125,monitor_data.speed
1764513771539,1765.9736328125,monitor_data.speed
1764513771540,1805.5035400390625,monitor_data.speed
1764513771542,1789.05517578125,monitor_data.speed
1764513771543,1774.01123046875,monitor_data.speed
1764513771544,1776.5885009765625,monitor_data.speed
1764513771546,1785.7901611328125,monitor_data.speed
1764513771547,1777.2825927734375,monitor_data.speed
1764513771548,1780.92626953125,monitor_data.speed
1764513771549,1778.7471923828125,monitor_data.speed
1764513771551,1792.657470703125,monitor_data.speed
1764513771552,1800.08447265625,monitor_data.speed
1764513771553,1784.3011474609375,monitor_data.speed
1764513771555,1781.78564453125,monitor_data.speed
1764513771556,1762.5078125,monitor_data.speed
1764513771557,1762.3875732421875,monitor_data.speed
1764513771559,1750.7222900390625,monitor_data.speed
1764513771560,1745.5054931640625,monitor_data.speed
1764513771561,1757.904052734375,monitor_data.speed
1764513771562,1746.89404296875,monitor_data.speed
1764513771564,1753.0882568359375,monitor_data.speed
1764513771565,1747.697998046875,monitor_data.speed
1764513771566,1759.551025390625,monitor_data.speed
1764513771568,1753.8111572265625,monitor_data.speed
1764513771569,1759.632080078125,monitor_data.speed
1764513771570,1748.304931640625,monitor_data.speed
1764513771571,1749.337158203125,monitor_data.speed
1764513771573,1739.2728271484375,monitor_data.speed
1764513771525,0,monitor_data.speed_ref
1764513771526,0,monitor_data.speed_ref
1764513771528,0,monitor_data.speed_ref
1764513771529,0,monitor_data.speed_ref
1764513771530,0,monitor_data.speed_ref
1764513771531,0,monitor_data.speed_ref
1764513771533,0,monitor_data.speed_ref
1764513771534,0,monitor_data.speed_ref
1764513771535,0,monitor_data.speed_ref
1764513771537,0,monitor_data.speed_ref
1764513771538,0,monitor_data.speed_ref
1764513771539,0,monitor_data.speed_ref
1764513771540,0,monitor_data.speed_ref
1764513771542,0,monitor_data.speed_ref
1764513771543,0,monitor_data.speed_ref
1764513771544,0,monitor_data.speed_ref
1764513771546,0,monitor_data.speed_ref
1764513771547,0,monitor_data.speed_ref
1764513771548,0,monitor_data.speed_ref
1764513771549,0,monitor_data.speed_ref
1764513771551,0,monitor_data.speed_ref
1764513771552,0,monitor_data.speed_ref
1764513771553,0,monitor_data.speed_ref
1764513771555,0,monitor_data.speed_ref
1764513771556,0,monitor_data.speed_ref
1764513771557,0,monitor_data.speed_ref
1764513771559,0,monitor_data.speed_ref
1764513771560,0,monitor_data.speed_ref
1764513771561,0,monitor_data.speed_ref
1764513771562,0,monitor_data.speed_ref
1764513771564,0,monitor_data.speed_ref
1764513771565,0,monitor_data.speed_ref
1764513771566,0,monitor_data.speed_ref
1764513771568,0,monitor_data.speed_ref
1764513771569,0,monitor_data.speed_ref
1764513771570,0,monitor_data.speed_ref
1764513771571,0,monitor_data.speed_ref
1764513771573,0,monitor_data.speed_ref
1764513771574,1769.1136474609375,monitor_data.speed
1764513771575,1773.341552734375,monitor_data.speed
1764513771577,1760.2762451171875,monitor_data.speed
1764513771578,1770.994384765625,monitor_data.speed
1764513771579,1758.21142578125,monitor_data.speed
1764513771581,1769.0511474609375,monitor_data.speed
1764513771582,1762.1468505859375,monitor_data.speed
1764513771583,1772.92822265625,monitor_data.speed
1764513771584,1765.8267822265625,monitor_data.speed
1764513771586,1769.90966796875,monitor_data.speed
1764513771587,1773.9532470703125,monitor_data.speed
1764513771588,1761.14892578125,monitor_data.speed
1764513771590,1761.115966796875,monitor_data.speed
1764513771591,1749.8885498046875,monitor_data.speed
1764513771592,1751.19287109375,monitor_data.speed
1764513771593,1746.587158203125,monitor_data.speed
1764513771594,1742.18115234375,monitor_data.speed
1764513771596,1749.7838134765625,monitor_data.speed
1764513771597,1745.3511962890625,monitor_data.speed
1764513771598,1758.3707275390625,monitor_data.speed
1764513771599,1747.4122314453125,monitor_data.speed
1764513771601,1759.8475341796875,monitor_data.speed
1764513771602,1754.2901611328125,monitor_data.speed
1764513771603,1760.581787109375,monitor_data.speed
1764513771605,1749.414794921875,monitor_data.speed
1764513771606,1745.06201171875,monitor_data.speed
1764513771608,1747.1822509765625,monitor_data.speed
1764513771609,1769.969482421875,monitor_data.speed
1764513771610,1783.77001953125,monitor_data.speed
1764513771611,1774.9610595703125,monitor_data.speed
1764513771613,1784.0609130859375,monitor_data.speed
1764513771614,1769.73388671875,monitor_data.speed
1764513771615,1779.544677734375,monitor_data.speed
1764513771616,1771.1861572265625,monitor_data.speed
1764513771618,1769.2210693359375,monitor_data.speed
1764513771619,1772.7406005859375,monitor_data.speed
1764513771620,1775.2608642578125,monitor_data.speed
1764513771622,1778.812255859375,monitor_data.speed
1764513771623,1765.3836669921875,monitor_data.speed
1764513771624,1764.678466796875,monitor_data.speed
1764513771574,0,monitor_data.speed_ref
1764513771575,0,monitor_data.speed_ref
1764513771577,0,monitor_data.speed_ref
1764513771578,0,monitor_data.speed_ref
1764513771579,0,monitor_data.speed_ref
1764513771581,0,monitor_data.speed_ref
1764513771582,0,monitor_data.speed_ref
1764513771583,0,monitor_data.speed_ref
1764513771584,0,monitor_data.speed_ref
1764513771586,0,monitor_data.speed_ref
1764513771587,0,monitor_data.speed_ref
1764513771588,0,monitor_data.speed_ref
1764513771590,0,monitor_data.speed_ref
1764513771591,0,monitor_data.speed_ref
1764513771592,0,monitor_data.speed_ref
1764513771593,0,monitor_data.speed_ref
1764513771594,0,monitor_data.speed_ref
1764513771596,0,monitor_data.speed_ref
1764513771597,0,monitor_data.speed_ref
1764513771598,0,monitor_data.speed_ref
1764513771599,0,monitor_data.speed_ref
1764513771601,0,monitor_data.speed_ref
1764513771602,0,monitor_data.speed_ref
1764513771603,0,monitor_data.speed_ref
1764513771605,0,monitor_data.speed_ref
1764513771606,0,monitor_data.speed_ref
1764513771608,0,monitor_data.speed_ref
1764513771609,0,monitor_data.speed_ref
1764513771610,0,monitor_data.speed_ref
1764513771611,0,monitor_data.speed_ref
1764513771613,0,monitor_data.speed_ref
1764513771614,0,monitor_data.speed_ref
1764513771615,0,monitor_data.speed_ref
1764513771616,0,monitor_data.speed_ref
1764513771618,0,monitor_data.speed_ref
1764513771619,0,monitor_data.speed_ref
1764513771620,0,monitor_data.speed_ref
1764513771622,0,monitor_data.speed_ref
1764513771623,0,monitor_data.speed_ref
1764513771624,0,monitor_data.speed_ref
1764513771626,1747.3126220703125,monitor_data.speed
1764513771627,1759.89892578125,monitor_data.speed
1764513771628,1743.4315185546875,monitor_data.speed
1764513771630,1750.57275390625,monitor_data.speed
1764513771631,1757.9033203125,monitor_data.speed
1764513771632,1752.58984375,monitor_data.speed
1764513771634,1747.4805908203125,monitor_data.speed
1764513771635,1759.352294921875,monitor_data.speed
1764513771636,1765.355712890625,monitor_data.speed
1764513771637,1759.253662109375,monitor_data.speed
1764513771639,1747.806396484375,monitor_data.speed
1764513771640,1748.7091064453125,monitor_data.speed
1764513771641,1733.00146484375,monitor_data.speed
1764513771643,1757.4005126953125,monitor_data.speed
1764513771644,1763.338134765625,monitor_data.speed
1764513771645,1768.3541259765625,monitor_data.speed
1764513771646,1761.591796875,monitor_data.speed
1764513771648,1766.9549560546875,monitor_data.speed
1764513771649,1760.3094482421875,monitor_data.speed
1764513771650,1771.2777099609375,monitor_data.speed
1764513771652,1764.3182373046875,monitor_data.speed
1764513771653,1769.0416259765625,monitor_data.speed
1764513771654,1778.1925048828125,monitor_data.speed
1764513771656,1781.3515625,monitor_data.speed
1764513771657,1767.419921875,monitor_data.speed
1764513771658,1766.3875732421875,monitor_data.speed
1764513771659,1754.64501953125,monitor_data.speed
1764513771661,1755.2933349609375,monitor_data.speed
1764513771662,1750.3560791015625,monitor_data.speed
1764513771663,1757.5242919921875,monitor_data.speed
1764513771665,1746.895263671875,monitor_data.speed
1764513771666,1759.6798095703125,monitor_data.speed
1764513771667,1754.3702392578125,monitor_data.speed
1764513771668,1760.8212890625,monitor_data.speed
1764513771670,1755.0361328125,monitor_data.speed
1764513771671,1766.78759765625,monitor_data.speed
1764513771672,1755.0545654296875,monitor_data.speed
1764513771674,1761.593017578125,monitor_data.speed
1764513771675,1744.9456787109375,monitor_data.speed
1764513771626,0,monitor_data.speed_ref
1764513771627,0,monitor_data.speed_ref
1764513771628,0,monitor_data.speed_ref
1764513771630,0,monitor_data.speed_ref
1764513771631,0,monitor_data.speed_ref
1764513771632,0,monitor_data.speed_ref
1764513771634,0,monitor_data.speed_ref
1764513771635,0,monitor_data.speed_ref
1764513771636,0,monitor_data.speed_ref
1764513771637,0,monitor_data.speed_ref
1764513771639,0,monitor_data.speed_ref
1764513771640,0,monitor_data.speed_ref
1764513771641,0,monitor_data.speed_ref
1764513771643,0,monitor_data.speed_ref
1764513771644,0,monitor_data.speed_ref
1764513771645,0,monitor_data.speed_ref
1764513771646,0,monitor_data.speed_ref
1764513771648,0,monitor_data.speed_ref
1764513771649,0,monitor_data.speed_ref
1764513771650,0,monitor_data.speed_ref
1764513771652,0,monitor_data.speed_ref
1764513771653,0,monitor_data.speed_ref
1764513771654,0,monitor_data.speed_ref
1764513771656,0,monitor_data.speed_ref
1764513771657,0,monitor_data.speed_ref
1764513771658,0,monitor_data.speed_ref
1764513771659,0,monitor_data.speed_ref
1764513771661,0,monitor_data.speed_ref
1764513771662,0,monitor_data.speed_ref
1764513771663,0,monitor_data.speed_ref
1764513771665,0,monitor_data.speed_ref
1764513771666,0,monitor_data.speed_ref
1764513771667,0,monitor_data.speed_ref
1764513771668,0,monitor_data.speed_ref
1764513771670,0,monitor_data.speed_ref
1764513771671,0,monitor_data.speed_ref
1764513771672,0,monitor_data.speed_ref
1764513771674,0,monitor_data.speed_ref
1764513771675,0,monitor_data.speed_ref
1764513771676,1752.142333984375,monitor_data.speed
1764513771677,1767.9525146484375,monitor_data.speed
1764513771679,1787.8900146484375,monitor_data.speed
1764513771680,1790.2484130859375,monitor_data.speed
1764513771681,1775.6102294921875,monitor_data.speed
1764513771683,1767.6136474609375,monitor_data.speed
1764513771684,1776.8033447265625,monitor_data.speed
1764513771685,1768.562744140625,monitor_data.speed
1764513771687,1777.6588134765625,monitor_data.speed
1764513771688,1781.2545166015625,monitor_data.speed
1764513771689,1789.3046875,monitor_data.speed
1764513771691,1786.008544921875,monitor_data.speed
1764513771692,1771.7340087890625,monitor_data.speed
1764513771693,1770.6461181640625,monitor_data.speed
1764513771694,1758.4739990234375,monitor_data.speed
1764513771696,1764.7557373046875,monitor_data.speed
1764513771697,1753.4569091796875,monitor_data.speed
1764513771698,1760.069580078125,monitor_data.speed
1764513771700,1754.6212158203125,monitor_data.speed
1764513771701,1749.1837158203125,monitor_data.speed
1764513771702,1761.020751953125,monitor_data.speed
1764513771703,1767.0089111328125,monitor_data.speed
1764513771705,1760.6903076171875,monitor_data.speed
1764513771706,1754.727294921875,monitor_data.speed
1764513771707,1754.537841796875,monitor_data.speed
1764513771709,1755.42333984375,monitor_data.speed
1764513771710,1744.6875,monitor_data.speed
1764513771711,1779.3436279296875,monitor_data.speed
1764513771713,1800.0933837890625,monitor_data.speed
1764513771714,1784.36572265625,monitor_data.speed
1764513771715,1775.6533203125,monitor_data.speed
1764513771716,1784.6796875,monitor_data.speed
1764513771718,1770.3314208984375,monitor_data.speed
1764513771719,1779.56396484375,monitor_data.speed
1764513771720,1771.06787109375,monitor_data.speed
1764513771722,1780.4503173828125,monitor_data.speed
1764513771723,1789.1075439453125,monitor_data.speed
1764513771724,1791.1343994140625,monitor_data.speed
1764513771676,0,monitor_data.speed_ref
1764513771677,0,monitor_data.speed_ref
1764513771679,0,monitor_data.speed_ref
1764513771680,0,monitor_data.speed_ref
1764513771681,0,monitor_data.speed_ref
1764513771683,0,monitor_data.speed_ref
1764513771684,0,monitor_data.speed_ref
1764513771685,0,monitor_data.speed_ref
1764513771687,0,monitor_data.speed_ref
1764513771688,0,monitor_data.speed_ref
1764513771689,0,monitor_data.speed_ref
1764513771691,0,monitor_data.speed_ref
1764513771692,0,monitor_data.speed_ref
1764513771693,0,monitor_data.speed_ref
1764513771694,0,monitor_data.speed_ref
1764513771696,0,monitor_data.speed_ref
1764513771697,0,monitor_data.speed_ref
1764513771698,0,monitor_data.speed_ref
1764513771700,0,monitor_data.speed_ref
1764513771701,0,monitor_data.speed_ref
1764513771702,0,monitor_data.speed_ref
1764513771703,0,monitor_data.speed_ref
1764513771705,0,monitor_data.speed_ref
1764513771706,0,monitor_data.speed_ref
1764513771707,0,monitor_data.speed_ref
1764513771709,0,monitor_data.speed_ref
1764513771710,0,monitor_data.speed_ref
1764513771711,0,monitor_data.speed_ref
1764513771713,0,monitor_data.speed_ref
1764513771714,0,monitor_data.speed_ref
1764513771715,0,monitor_data.speed_ref
1764513771716,0,monitor_data.speed_ref
1764513771718,0,monitor_data.speed_ref
1764513771719,0,monitor_data.speed_ref
1764513771720,0,monitor_data.speed_ref
1764513771722,0,monitor_data.speed_ref
1764513771723,0,monitor_data.speed_ref
1764513771724,0,monitor_data.speed_ref
1764513771725,1775.9886474609375,monitor_data.speed
1764513771727,1774.10009765625,monitor_data.speed
1764513771728,1761.2783203125,monitor_data.speed
1764513771729,1761.1539306640625,monitor_data.speed
1764513771731,1749.8033447265625,monitor_data.speed
1764513771732,1756.2406005859375,monitor_data.speed
1764513771733,1750.94921875,monitor_data.speed
1764513771734,1763.23681640625,monitor_data.speed
1764513771736,1751.6873779296875,monitor_data.speed
1764513771737,1763.5484619140625,monitor_data.speed
1764513771738,1757.3692626953125,monitor_data.speed
1764513771739,1768.974365234375,monitor_data.speed
1764513771741,1756.72412109375,monitor_data.speed
1764513771742,1750.98974609375,monitor_data.speed
1764513771743,1751.6080322265625,monitor_data.speed
1764513771745,1741.154052734375,monitor_data.speed
1764513771746,1776.4404296875,monitor_data.speed
1764513771747,1789.7275390625,monitor_data.speed
1764513771749,1774.3780517578125,monitor_data.speed
1764513771750,1782.9046630859375,monitor_data.speed
1764513771751,1785.9171142578125,monitor_data.speed
1764513771753,1771.0369873046875,monitor_data.speed
1764513771754,1780.5289306640625,monitor_data.speed
1764513771755,1778.1104736328125,monitor_data.speed
1764513771757,1781.59228515625,monitor_data.speed
1764513771758,1789.6605224609375,monitor_data.speed
1764513771759,1786.3299560546875,monitor_data.speed
1764513771760,1771.736328125,monitor_data.speed
1764513771762,1770.3189697265625,monitor_data.speed
1764513771763,1757.909912109375,monitor_data.speed
1764513771764,1764.04541015625,monitor_data.speed
1764513771766,1752.727783203125,monitor_data.speed
1764513771767,1759.2679443359375,monitor_data.speed
1764513771769,1759.946044921875,monitor_data.speed
1764513771770,1748.609130859375,monitor_data.speed
1764513771772,1760.51025390625,monitor_data.speed
1764513771773,1754.465576171875,monitor_data.speed
1764513771774,1759.7728271484375,monitor_data.speed
1764513771725,0,monitor_data.speed_ref
1764513771727,0,monitor_data.speed_ref
1764513771728,0,monitor_data.speed_ref
1764513771729,0,monitor_data.speed_ref
1764513771731,0,monitor_data.speed_ref
1764513771732,0,monitor_data.speed_ref
1764513771733,0,monitor_data.speed_ref
1764513771734,0,monitor_data.speed_ref
1764513771736,0,monitor_data.speed_ref
1764513771737,0,monitor_data.speed_ref
1764513771738,0,monitor_data.speed_ref
1764513771739,0,monitor_data.speed_ref
1764513771741,0,monitor_data.speed_ref
1764513771742,0,monitor_data.speed_ref
1764513771743,0,monitor_data.speed_ref
1764513771745,0,monitor_data.speed_ref
1764513771746,0,monitor_data.speed_ref
1764513771747,0,monitor_data.speed_ref
1764513771749,0,monitor_data.speed_ref
1764513771750,0,monitor_data.speed_ref
1764513771751,0,monitor_data.speed_ref
1764513771753,0,monitor_data.speed_ref
1764513771754,0,monitor_data.speed_ref
1764513771755,0,monitor_data.speed_ref
1764513771757,0,monitor_data.speed_ref
1764513771758,0,monitor_data.speed_ref
1764513771759,0,monitor_data.speed_ref
1764513771760,0,monitor_data.speed_ref
1764513771762,0,monitor_data.speed_ref
1764513771763,0,monitor_data.speed_ref
1764513771764,0,monitor_data.speed_ref
1764513771766,0,monitor_data.speed_ref
1764513771767,0,monitor_data.speed_ref
1764513771769,0,monitor_data.speed_ref
1764513771770,0,monitor_data.speed_ref
1764513771772,0,monitor_data.speed_ref
1764513771773,0,monitor_data.speed_ref
1764513771774,0,monitor_data.speed_ref
1764513771776,1753.7503662109375,monitor_data.speed
1764513771777,1759.8016357421875,monitor_data.speed
1764513771778,1748.603515625,monitor_data.speed
1764513771779,1750.23974609375,monitor_data.speed
1764513771780,1784.430908203125,monitor_data.speed
1764513771782,1803.7293701171875,monitor_data.speed
1764513771783,1793.267333984375,monitor_data.speed
1764513771784,1777.484375,monitor_data.speed
1764513771786,1785.24560546875,monitor_data.speed
1764513771787,1776.4908447265625,monitor_data.speed
1764513771788,1785.0362548828125,monitor_data.speed
1764513771789,1776.4124755859375,monitor_data.speed
1764513771790,1785.6890869140625,monitor_data.speed
1764513771792,1786.8751220703125,monitor_data.speed
1764513771793,1788.931396484375,monitor_data.speed
1764513771794,1780.2662353515625,monitor_data.speed
1764513771795,1760.5029296875,monitor_data.speed
1764513771797,1759.16796875,monitor_data.speed
1764513771798,1764.8714599609375,monitor_data.speed
1764513771799,1753.1820068359375,monitor_data.speed
1764513771801,1747.906005859375,monitor_data.speed
1764513771802,1754.290283203125,monitor_data.speed
1764513771803,1748.9422607421875,monitor_data.speed
1764513771805,1760.78076171875,monitor_data.speed
1764513771806,1754.9417724609375,monitor_data.speed
1764513771807,1766.539306640625,monitor_data.speed
1764513771808,1754.2825927734375,monitor_data.speed
1764513771810,1765.738037109375,monitor_data.speed
1764513771811,1753.9390869140625,monitor_data.speed
1764513771812,1754.6988525390625,monitor_data.speed
1764513771814,1738.6417236328125,monitor_data.speed
1764513771815,1762.0018310546875,monitor_data.speed
1764513771816,1782.6627197265625,monitor_data.speed
1764513771817,1785.9852294921875,monitor_data.speed
1764513771819,1777.4544677734375,monitor_data.speed
1764513771820,1781.1328125,monitor_data.speed
1764513771821,1779.093994140625,monitor_data.speed
1764513771822,1765.3760986328125,monitor_data.speed
1764513771824,1780.87158203125,monitor_data.speed
1764513771776,0,monitor_data.speed_ref
1764513771777,0,monitor_data.speed_ref
1764513771778,0,monitor_data.speed_ref
1764513771779,0,monitor_data.speed_ref
1764513771780,0,monitor_data.speed_ref
1764513771782,0,monitor_data.speed_ref
1764513771783,0,monitor_data.speed_ref
1764513771784,0,monitor_data.speed_ref
1764513771786,0,monitor_data.speed_ref
1764513771787,0,monitor_data.speed_ref
1764513771788,0,monitor_data.speed_ref
1764513771789,0,monitor_data.speed_ref
1764513771790,0,monitor_data.speed_ref
1764513771792,0,monitor_data.speed_ref
1764513771793,0,monitor_data.speed_ref
1764513771794,0,monitor_data.speed_ref
1764513771795,0,monitor_data.speed_ref
1764513771797,0,monitor_data.speed_ref
1764513771798,0,monitor_data.speed_ref
1764513771799,0,monitor_data.speed_ref
1764513771801,0,monitor_data.speed_ref
1764513771802,0,monitor_data.speed_ref
1764513771803,0,monitor_data.speed_ref
1764513771805,0,monitor_data.speed_ref
1764513771806,0,monitor_data.speed_ref
1764513771807,0,monitor_data.speed_ref
1764513771808,0,monitor_data.speed_ref
1764513771810,0,monitor_data.speed_ref
1764513771811,0,monitor_data.speed_ref
1764513771812,0,monitor_data.speed_ref
1764513771814,0,monitor_data.speed_ref
1764513771815,0,monitor_data.speed_ref
1764513771816,0,monitor_data.speed_ref
1764513771817,0,monitor_data.speed_ref
1764513771819,0,monitor_data.speed_ref
1764513771820,0,monitor_data.speed_ref
1764513771821,0,monitor_data.speed_ref
1764513771822,0,monitor_data.speed_ref
1764513771824,0,monitor_data.speed_ref
1764513771825,1766.990234375,monitor_data.speed
1764513771826,1793.6700439453125,monitor_data.speed
1764513771827,1778.600830078125,monitor_data.speed
1764513771829,1781.646728515625,monitor_data.speed
1764513771830,1762.275634765625,monitor_data.speed
1764513771832,1761.6881103515625,monitor_data.speed
1764513771833,1750.2755126953125,monitor_data.speed
1764513771834,1756.51123046875,monitor_data.speed
1764513771835,1751.354736328125,monitor_data.speed
1764513771837,1757.9439697265625,monitor_data.speed
1764513771838,1752.5133056640625,monitor_data.speed
1764513771839,1764.6661376953125,monitor_data.speed
1764513771840,1758.6314697265625,monitor_data.speed
1764513771842,1770.3043212890625,monitor_data.speed
1764513771843,1757.9439697265625,monitor_data.speed
1764513771844,1751.9046630859375,monitor_data.speed
1764513771845,1757.775390625,monitor_data.speed
1764513771847,1741.20849609375,monitor_data.speed
1764513771848,1748.48095703125,monitor_data.speed
1764513771849,1765.4661865234375,monitor_data.speed
1764513771851,1786.1807861328125,monitor_data.speed
1764513771852,1777.3465576171875,monitor_data.speed
1764513771853,1780.8131103515625,monitor_data.speed
1764513771854,1772.8404541015625,monitor_data.speed
1764513771856,1765.0482177734375,monitor_data.speed
1764513771857,1774.7216796875,monitor_data.speed
1764513771858,1766.5286865234375,monitor_data.speed
1764513771859,1776.203857421875,monitor_data.speed
1764513771861,1801.556640625,monitor_data.speed
1764513771862,1791.39404296875,monitor_data.speed
1764513771863,1787.83984375,monitor_data.speed
1764513771864,1767.6976318359375,monitor_data.speed
1764513771866,1766.667236328125,monitor_data.speed
1764513771867,1754.3114013671875,monitor_data.speed
1764513771868,1760.302734375,monitor_data.speed
1764513771870,1754.5828857421875,monitor_data.speed
1764513771871,1760.7572021484375,monitor_data.speed
1764513771872,1755.03515625,monitor_data.speed
1764513771874,1760.7352294921875,monitor_data.speed
1764513771875,1754.5675048828125,monitor_data.speed
1764513771825,0,monitor_data.speed_ref
1764513771826,0,monitor_data.speed_ref
1764513771827,0,monitor_data.speed_ref
1764513771829,0,monitor_data.speed_ref
1764513771830,0,monitor_data.speed_ref
1764513771832,0,monitor_data.speed_ref
1764513771833,0,monitor_data.speed_ref
1764513771834,0,monitor_data.speed_ref
1764513771835,0,monitor_data.speed_ref
1764513771837,0,monitor_data.speed_ref
1764513771838,0,monitor_data.speed_ref
1764513771839,0,monitor_data.speed_ref
1764513771840,0,monitor_data.speed_ref
1764513771842,0,monitor_data.speed_ref
1764513771843,0,monitor_data.speed_ref
1764513771844,0,monitor_data.speed_ref
1764513771845,0,monitor_data.speed_ref
1764513771847,0,monitor_data.speed_ref
1764513771848,0,monitor_data.speed_ref
1764513771849,0,monitor_data.speed_ref
1764513771851,0,monitor_data.speed_ref
1764513771852,0,monitor_data.speed_ref
1764513771853,0,monitor_data.speed_ref
1764513771854,0,monitor_data.speed_ref
1764513771856,0,monitor_data.speed_ref
1764513771857,0,monitor_data.speed_ref
1764513771858,0,monitor_data.speed_ref
1764513771859,0,monitor_data.speed_ref
1764513771861,0,monitor_data.speed_ref
1764513771862,0,monitor_data.speed_ref
1764513771863,0,monitor_data.speed_ref
1764513771864,0,monitor_data.speed_ref
1764513771866,0,monitor_data.speed_ref
1764513771867,0,monitor_data.speed_ref
1764513771868,0,monitor_data.speed_ref
1764513771870,0,monitor_data.speed_ref
1764513771871,0,monitor_data.speed_ref
1764513771872,0,monitor_data.speed_ref
1764513771874,0,monitor_data.speed_ref
1764513771875,0,monitor_data.speed_ref
1764513771876,1765.7960205078125,monitor_data.speed
1764513771877,1759.473388671875,monitor_data.speed
1764513771879,1764.9686279296875,monitor_data.speed
1764513771880,1747.509033203125,monitor_data.speed
1764513771881,1748.5517578125,monitor_data.speed
1764513771883,1772.330322265625,monitor_data.speed
1764513771884,1793.110107421875,monitor_data.speed
1764513771885,1794.701904296875,monitor_data.speed
1764513771887,1779.19189453125,monitor_data.speed
1764513771888,1781.9332275390625,monitor_data.speed
1764513771889,1773.495849609375,monitor_data.speed
1764513771890,1782.7918701171875,monitor_data.speed
1764513771892,1780.2850341796875,monitor_data.speed
1764513771893,1783.779296875,monitor_data.speed
1764513771894,1792.8734130859375,monitor_data.speed
1764513771896,1777.9166259765625,monitor_data.speed
1764513771897,1775.1666259765625,monitor_data.speed
1764513771898,1762.0509033203125,monitor_data.speed
1764513771900,1761.6817626953125,monitor_data.speed
1764513771901,1755.8687744140625,monitor_data.speed
1764513771902,1744.891357421875,monitor_data.speed
1764513771903,1751.618408203125,monitor_data.speed
1764513771904,1746.7408447265625,monitor_data.speed
1764513771906,1759.204345703125,monitor_data.speed
1764513771907,1748.242431640625,monitor_data.speed
1764513771909,1748.7008056640625,monitor_data.speed
1764513771910,1760.372802734375,monitor_data.speed
1764513771912,1754.3681640625,monitor_data.speed
1764513771913,1759.878662109375,monitor_data.speed
1764513771914,1748.5235595703125,monitor_data.speed
1764513771915,1749.2840576171875,monitor_data.speed
1764513771917,1739.073974609375,monitor_data.speed
1764513771918,1779.83935546875,monitor_data.speed
1764513771920,1786.2353515625,monitor_data.speed
1764513771921,1788.8138427734375,monitor_data.speed
1764513771922,1779.276611328125,monitor_data.speed
1764513771924,1782.2271728515625,monitor_data.speed
1764513771925,1773.4952392578125,monitor_data.speed
1764513771876,0,monitor_data.speed_ref
1764513771877,0,monitor_data.speed_ref
1764513771879,0,monitor_data.speed_ref
1764513771880,0,monitor_data.speed_ref
1764513771881,0,monitor_data.speed_ref
1764513771883,0,monitor_data.speed_ref
1764513771884,0,monitor_data.speed_ref
1764513771885,0,monitor_data.speed_ref
1764513771887,0,monitor_data.speed_ref
1764513771888,0,monitor_data.speed_ref
1764513771889,0,monitor_data.speed_ref
1764513771890,0,monitor_data.speed_ref
1764513771892,0,monitor_data.speed_ref
1764513771893,0,monitor_data.speed_ref
1764513771894,0,monitor_data.speed_ref
1764513771896,0,monitor_data.speed_ref
1764513771897,0,monitor_data.speed_ref
1764513771898,0,monitor_data.speed_ref
1764513771900,0,monitor_data.speed_ref
1764513771901,0,monitor_data.speed_ref
1764513771902,0,monitor_data.speed_ref
1764513771903,0,monitor_data.speed_ref
1764513771904,0,monitor_data.speed_ref
1764513771906,0,monitor_data.speed_ref
1764513771907,0,monitor_data.speed_ref
1764513771909,0,monitor_data.speed_ref
1764513771910,0,monitor_data.speed_ref
1764513771912,0,monitor_data.speed_ref
1764513771913,0,monitor_data.speed_ref
1764513771914,0,monitor_data.speed_ref
1764513771915,0,monitor_data.speed_ref
1764513771917,0,monitor_data.speed_ref
1764513771918,0,monitor_data.speed_ref
1764513771920,0,monitor_data.speed_ref
1764513771921,0,monitor_data.speed_ref
1764513771922,0,monitor_data.speed_ref
1764513771924,0,monitor_data.speed_ref
1764513771925,0,monitor_data.speed_ref
1764513771926,1782.7122802734375,monitor_data.speed
1764513771927,1774.1868896484375,monitor_data.speed
1764513771929,1782.969482421875,monitor_data.speed
1764513771930,1785.7518310546875,monitor_data.speed
1764513771931,1771.613525390625,monitor_data.speed
1764513771933,1770.2083740234375,monitor_data.speed
1764513771934,1758.0882568359375,monitor_data.speed
1764513771935,1758.671875,monitor_data.speed
1764513771936,1747.5743408203125,monitor_data.speed
1764513771938,1754.5853271484375,monitor_data.speed
1764513771939,1749.62255859375,monitor_data.speed
1764513771940,1762.29443359375,monitor_data.speed
1764513771942,1756.831787109375,monitor_data.speed
1764513771943,1762.9813232421875,monitor_data.speed
1764513771944,1756.9315185546875,monitor_data.speed
1764513771945,1756.75341796875,monitor_data.speed
1764513771947,1756.3994140625,monitor_data.speed
1764513771948,1750.8162841796875,monitor_data.speed
1764513771949,1751.341796875,monitor_data.speed
1764513771951,1741.1431884765625,monitor_data.speed
1764513771952,1770.87890625,monitor_data.speed
1764513771953,1774.8505859375,monitor_data.speed
1764513771955,1778.9605712890625,monitor_data.speed
1764513771956,1771.3399658203125,monitor_data.speed
1764513771957,1764.3323974609375,monitor_data.speed
1764513771958,1768.7213134765625,monitor_data.speed
1764513771960,1767.4210205078125,monitor_data.speed
1764513771961,1771.81640625,monitor_data.speed
1764513771962,1770.2767333984375,monitor_data.speed
1764513771964,1773.871337890625,monitor_data.speed
1764513771965,1777.746337890625,monitor_data.speed
1764513771966,1764.2564697265625,monitor_data.speed
1764513771967,1763.752685546875,monitor_data.speed
1764513771969,1752.3648681640625,monitor_data.speed
1764513771970,1753.32861328125,monitor_data.speed
1764513771971,1748.632568359375,monitor_data.speed
1764513771972,1755.7911376953125,monitor_data.speed
1764513771974,1745.2109375,monitor_data.speed
1764513771975,1758.08984375,monitor_data.speed
1764513771926,0,monitor_data.speed_ref
1764513771927,0,monitor_data.speed_ref
1764513771929,0,monitor_data.speed_ref
1764513771930,0,monitor_data.speed_ref
1764513771931,0,monitor_data.speed_ref
1764513771933,0,monitor_data.speed_ref
1764513771934,0,monitor_data.speed_ref
1764513771935,0,monitor_data.speed_ref
1764513771936,0,monitor_data.speed_ref
1764513771938,0,monitor_data.speed_ref
1764513771939,0,monitor_data.speed_ref
1764513771940,0,monitor_data.speed_ref
1764513771942,0,monitor_data.speed_ref
1764513771943,0,monitor_data.speed_ref
1764513771944,0,monitor_data.speed_ref
1764513771945,0,monitor_data.speed_ref
1764513771947,0,monitor_data.speed_ref
1764513771948,0,monitor_data.speed_ref
1764513771949,0,monitor_data.speed_ref
1764513771951,0,monitor_data.speed_ref
1764513771952,0,monitor_data.speed_ref
1764513771953,0,monitor_data.speed_ref
1764513771955,0,monitor_data.speed_ref
1764513771956,0,monitor_data.speed_ref
1764513771957,0,monitor_data.speed_ref
1764513771958,0,monitor_data.speed_ref
1764513771960,0,monitor_data.speed_ref
1764513771961,0,monitor_data.speed_ref
1764513771962,0,monitor_data.speed_ref
1764513771964,0,monitor_data.speed_ref
1764513771965,0,monitor_data.speed_ref
1764513771966,0,monitor_data.speed_ref
1764513771967,0,monitor_data.speed_ref
1764513771969,0,monitor_data.speed_ref
1764513771970,0,monitor_data.speed_ref
1764513771971,0,monitor_data.speed_ref
1764513771972,0,monitor_data.speed_ref
1764513771974,0,monitor_data.speed_ref
1764513771975,0,monitor_data.speed_ref
1764513771976,1752.7562255859375,monitor_data.speed
1764513771977,1753.1612548828125,monitor_data.speed
1764513771979,1759.146240234375,monitor_data.speed
1764513771980,1753.2318115234375,monitor_data.speed
1764513771981,1758.987548828125,monitor_data.speed
1764513771983,1747.6737060546875,monitor_data.speed
1764513771984,1748.5960693359375,monitor_data.speed
1764513771985,1756.1715087890625,monitor_data.speed
1764513771987,1773.177490234375,monitor_data.speed
1764513771988,1793.1534423828125,monitor_data.speed
1764513771989,1783.7822265625,monitor_data.speed
1764513771990,1786.234130859375,monitor_data.speed
1764513771992,1777.2474365234375,monitor_data.speed
1764513771993,1786.8179931640625,monitor_data.speed
1764513771994,1778.539306640625,monitor_data.speed
1764513771995,1776.06982421875,monitor_data.speed
1764513771997,1779.252197265625,monitor_data.speed
1764513771998,1787.4853515625,monitor_data.speed
1764513771999,1789.3858642578125,monitor_data.speed
1764513772000,1774.470458984375,monitor_data.speed
1764513772002,1772.65966796875,monitor_data.speed
1764513772003,1760.180908203125,monitor_data.speed
1764513772004,1766.0595703125,monitor_data.speed
1764513772006,1754.38671875,monitor_data.speed
1764513772007,1760.8927001953125,monitor_data.speed
1764513772008,1755.4097900390625,monitor_data.speed
1764513772009,1761.8671875,monitor_data.speed
1764513772011,1755.9326171875,monitor_data.speed
1764513772012,1750.0816650390625,monitor_data.speed
1764513772013,1761.384521484375,monitor_data.speed
1764513772015,1755.2315673828125,monitor_data.speed
1764513772016,1760.581298828125,monitor_data.speed
1764513772017,1748.972412109375,monitor_data.speed
1764513772018,1749.622314453125,monitor_data.speed
1764513772020,1733.717529296875,monitor_data.speed
1764513772021,1757.385986328125,monitor_data.speed
1764513772022,1762.066650390625,monitor_data.speed
1764513772024,1766.721923828125,monitor_data.speed
1764513772025,1759.9664306640625,monitor_data.speed
1764513771976,0,monitor_data.speed_ref
1764513771977,0,monitor_data.speed_ref
1764513771979,0,monitor_data.speed_ref
1764513771980,0,monitor_data.speed_ref
1764513771981,0,monitor_data.speed_ref
1764513771983,0,monitor_data.speed_ref
1764513771984,0,monitor_data.speed_ref
1764513771985,0,monitor_data.speed_ref
1764513771987,0,monitor_data.speed_ref
1764513771988,0,monitor_data.speed_ref
1764513771989,0,monitor_data.speed_ref
1764513771990,0,monitor_data.speed_ref
1764513771992,0,monitor_data.speed_ref
1764513771993,0,monitor_data.speed_ref
1764513771994,0,monitor_data.speed_ref
1764513771995,0,monitor_data.speed_ref
1764513771997,0,monitor_data.speed_ref
1764513771998,0,monitor_data.speed_ref
1764513771999,0,monitor_data.speed_ref
1764513772000,0,monitor_data.speed_ref
1764513772002,0,monitor_data.speed_ref
1764513772003,0,monitor_data.speed_ref
1764513772004,0,monitor_data.speed_ref
1764513772006,0,monitor_data.speed_ref
1764513772007,0,monitor_data.speed_ref
1764513772008,0,monitor_data.speed_ref
1764513772009,0,monitor_data.speed_ref
1764513772011,0,monitor_data.speed_ref
1764513772012,0,monitor_data.speed_ref
1764513772013,0,monitor_data.speed_ref
1764513772015,0,monitor_data.speed_ref
1764513772016,0,monitor_data.speed_ref
1764513772017,0,monitor_data.speed_ref
1764513772018,0,monitor_data.speed_ref
1764513772020,0,monitor_data.speed_ref
1764513772021,0,monitor_data.speed_ref
1764513772022,0,monitor_data.speed_ref
1764513772024,0,monitor_data.speed_ref
1764513772025,0,monitor_data.speed_ref
1764513772026,1764.79052734375,monitor_data.speed
1764513772027,1763.9927978515625,monitor_data.speed
1764513772029,1768.7041015625,monitor_data.speed
1764513772030,1761.5059814453125,monitor_data.speed
1764513772031,1783.3232421875,monitor_data.speed
1764513772033,1775.072021484375,monitor_data.speed
1764513772034,1777.9375,monitor_data.speed
1764513772035,1764.492919921875,monitor_data.speed
1764513772036,1763.4078369140625,monitor_data.speed
1764513772038,1751.674560546875,monitor_data.speed
1764513772039,1758.01708984375,monitor_data.speed
1764513772040,1747.10693359375,monitor_data.speed
1764513772042,1759.7059326171875,monitor_data.speed
1764513772043,1754.374755859375,monitor_data.speed
1764513772044,1749.2071533203125,monitor_data.speed
1764513772045,1761.4267578125,monitor_data.speed
1764513772046,1749.91650390625,monitor_data.speed
1764513772048,1761.4326171875,monitor_data.speed
1764513772049,1755.2987060546875,monitor_data.speed
1764513772050,1760.894775390625,monitor_data.speed
1764513772052,1755.7493896484375,monitor_data.speed
1764513772053,1745.06494140625,monitor_data.speed
1764513772054,1769.2525634765625,monitor_data.speed
1764513772056,1784.5869140625,monitor_data.speed
1764513772057,1770.1085205078125,monitor_data.speed
1764513772058,1773.6312255859375,monitor_data.speed
1764513772060,1765.94580078125,monitor_data.speed
1764513772061,1770.0380859375,monitor_data.speed
1764513772062,1762.9005126953125,monitor_data.speed
1764513772064,1767.335205078125,monitor_data.speed
1764513772065,1754.982666015625,monitor_data.speed
1764513772066,1777.1668701171875,monitor_data.speed
1764513772067,1758.114990234375,monitor_data.speed
1764513772069,1752.0157470703125,monitor_data.speed
1764513772070,1730.19775390625,monitor_data.speed
1764513772071,1722.02099609375,monitor_data.speed
1764513772073,1715.955322265625,monitor_data.speed
1764513772075,1697.4139404296875,monitor_data.speed
1764513772026,0,monitor_data.speed_ref
1764513772027,0,monitor_data.speed_ref
1764513772029,0,monitor_data.speed_ref
1764513772030,0,monitor_data.speed_ref
1764513772031,0,monitor_data.speed_ref
1764513772033,0,monitor_data.speed_ref
1764513772034,0,monitor_data.speed_ref
1764513772035,0,monitor_data.speed_ref
1764513772036,0,monitor_data.speed_ref
1764513772038,0,monitor_data.speed_ref
1764513772039,0,monitor_data.speed_ref
1764513772040,0,monitor_data.speed_ref
1764513772042,0,monitor_data.speed_ref
1764513772043,0,monitor_data.speed_ref
1764513772044,0,monitor_data.speed_ref
1764513772045,0,monitor_data.speed_ref
1764513772046,0,monitor_data.speed_ref
1764513772048,0,monitor_data.speed_ref
1764513772049,0,monitor_data.speed_ref
1764513772050,0,monitor_data.speed_ref
1764513772052,0,monitor_data.speed_ref
1764513772053,0,monitor_data.speed_ref
1764513772054,0,monitor_data.speed_ref
1764513772056,0,monitor_data.speed_ref
1764513772057,0,monitor_data.speed_ref
1764513772058,0,monitor_data.speed_ref
1764513772060,0,monitor_data.speed_ref
1764513772061,0,monitor_data.speed_ref
1764513772062,0,monitor_data.speed_ref
1764513772064,0,monitor_data.speed_ref
1764513772065,0,monitor_data.speed_ref
1764513772066,0,monitor_data.speed_ref
1764513772067,0,monitor_data.speed_ref
1764513772069,0,monitor_data.speed_ref
1764513772070,0,monitor_data.speed_ref
1764513772071,0,monitor_data.speed_ref
1764513772073,0,monitor_data.speed_ref
1764513772075,0,monitor_data.speed_ref
1764513772076,1692.41845703125,monitor_data.speed
1764513772077,1689.2816162109375,monitor_data.speed
1764513772078,1685.412109375,monitor_data.speed
1764513772080,1689.5516357421875,monitor_data.speed
1764513772081,1671.2237548828125,monitor_data.speed
1764513772082,1681.1920166015625,monitor_data.speed
1764513772084,1668.9322509765625,monitor_data.speed
1764513772085,1669.4560546875,monitor_data.speed
1764513772086,1647.36376953125,monitor_data.speed
1764513772087,1644.789794921875,monitor_data.speed
1764513772089,1614.9056396484375,monitor_data.speed
1764513772090,1601.4830322265625,monitor_data.speed
1764513772092,1567.602783203125,monitor_data.speed
1764513772093,1516.6204833984375,monitor_data.speed
1764513772094,1462.9185791015625,monitor_data.speed
1764513772095,1396.223876953125,monitor_data.speed
1764513772096,1335.3541259765625,monitor_data.speed
1764513772098,1260.235107421875,monitor_data.speed
1764513772099,1194.724853515625,monitor_data.speed
1764513772100,1108.944580078125,monitor_data.speed
1764513772101,1038.15478515625,monitor_data.speed
1764513772103,955.1130981445312,monitor_data.speed
1764513772104,871.4813842773438,monitor_data.speed
1764513772105,789.3633422851562,monitor_data.speed
1764513772107,697.0232543945312,monitor_data.speed
1764513772108,605.5372314453125,monitor_data.speed
1764513772109,531.37255859375,monitor_data.speed
1764513772111,466.29156494140625,monitor_data.speed
1764513772112,409.1815185546875,monitor_data.speed
1764513772113,359.0662841796875,monitor_data.speed
1764513772115,315.089111328125,monitor_data.speed
1764513772116,279.2912292480469,monitor_data.speed
1764513772117,245.08506774902344,monitor_data.speed
1764513772118,212.91783142089844,monitor_data.speed
1764513772120,186.84097290039062,monitor_data.speed
1764513772121,163.95799255371094,monitor_data.speed
1764513772122,145.3308868408203,monitor_data.speed
1764513772124,126.2566909790039,monitor_data.speed
1764513772125,109.68605041503906,monitor_data.speed
1764513772076,0,monitor_data.speed_ref
1764513772077,0,monitor_data.speed_ref
1764513772078,0,monitor_data.speed_ref
1764513772080,0,monitor_data.speed_ref
1764513772081,0,monitor_data.speed_ref
1764513772082,0,monitor_data.speed_ref
1764513772084,0,monitor_data.speed_ref
1764513772085,0,monitor_data.speed_ref
1764513772086,0,monitor_data.speed_ref
1764513772087,0,monitor_data.speed_ref
1764513772089,0,monitor_data.speed_ref
1764513772090,0,monitor_data.speed_ref
1764513772092,0,monitor_data.speed_ref
1764513772093,0,monitor_data.speed_ref
1764513772094,0,monitor_data.speed_ref
1764513772095,0,monitor_data.speed_ref
1764513772096,0,monitor_data.speed_ref
1764513772098,0,monitor_data.speed_ref
1764513772099,0,monitor_data.speed_ref
1764513772100,0,monitor_data.speed_ref
1764513772101,0,monitor_data.speed_ref
1764513772103,0,monitor_data.speed_ref
1764513772104,0,monitor_data.speed_ref
1764513772105,0,monitor_data.speed_ref
1764513772107,0,monitor_data.speed_ref
1764513772108,0,monitor_data.speed_ref
1764513772109,0,monitor_data.speed_ref
1764513772111,0,monitor_data.speed_ref
1764513772112,0,monitor_data.speed_ref
1764513772113,0,monitor_data.speed_ref
1764513772115,0,monitor_data.speed_ref
1764513772116,0,monitor_data.speed_ref
1764513772117,0,monitor_data.speed_ref
1764513772118,0,monitor_data.speed_ref
1764513772120,0,monitor_data.speed_ref
1764513772121,0,monitor_data.speed_ref
1764513772122,0,monitor_data.speed_ref
1764513772124,0,monitor_data.speed_ref
1764513772125,0,monitor_data.speed_ref
1764513772126,96.25283813476562,monitor_data.speed
1764513772128,85.31800842285156,monitor_data.speed
1764513772129,74.86934661865234,monitor_data.speed
1764513772130,65.64337158203125,monitor_data.speed
1764513772131,58.131954193115234,monitor_data.speed
1764513772133,51.528221130371094,monitor_data.speed
1764513772134,45.505393981933594,monitor_data.speed
1764513772135,44.95507049560547,monitor_data.speed
1764513772136,34.10063552856445,monitor_data.speed
1764513772138,29.420089721679688,monitor_data.speed
1764513772139,31.126813888549805,monitor_data.speed
1764513772140,27.368783950805664,monitor_data.speed
1764513772141,24.260234832763672,monitor_data.speed
1764513772143,21.3482608795166,monitor_data.speed
1764513772144,18.734580993652344,monitor_data.speed
1764513772145,16.441009521484375,monitor_data.speed
1764513772147,14.284150123596191,monitor_data.speed
1764513772148,12.535662651062012,monitor_data.speed
1764513772149,11.001326560974121,monitor_data.speed
1764513772151,9.55844783782959,monitor_data.speed
1764513772152,8.304961204528809,monitor_data.speed
1764513772153,7.288804054260254,monitor_data.speed
1764513772155,6.461637496948242,monitor_data.speed
1764513772156,5.558557033538818,monitor_data.speed
1764513772157,4.8787760734558105,monitor_data.speed
1764513772159,4.2395124435424805,monitor_data.speed
1764513772160,3.721282482147217,monitor_data.speed
1764513772161,3.29943585395813,monitor_data.speed
1764513772163,2.8674662113189697,monitor_data.speed
1764513772164,2.4921936988830566,monitor_data.speed
1764513772165,2.1879749298095703,monitor_data.speed
1764513772167,1.940337061882019,monitor_data.speed
1764513772168,1.720834732055664,monitor_data.speed
1764513772169,1.511091947555542,monitor_data.speed
1764513772170,1.3270381689071655,monitor_data.speed
1764513772172,1.1772154569625854,monitor_data.speed
1764513772173,1.0444141626358032,monitor_data.speed
1764513772174,0.9175176024436951,monitor_data.speed
1764513772175,0.8142220973968506,monitor_data.speed
1764513772126,0,monitor_data.speed_ref
1764513772128,0,monitor_data.speed_ref
1764513772129,0,monitor_data.speed_ref
1764513772130,0,monitor_data.speed_ref
1764513772131,0,monitor_data.speed_ref
1764513772133,0,monitor_data.speed_ref
1764513772134,0,monitor_data.speed_ref
1764513772135,0,monitor_data.speed_ref
1764513772136,0,monitor_data.speed_ref
1764513772138,0,monitor_data.speed_ref
1764513772139,0,monitor_data.speed_ref
1764513772140,0,monitor_data.speed_ref
1764513772141,0,monitor_data.speed_ref
1764513772143,0,monitor_data.speed_ref
1764513772144,0,monitor_data.speed_ref
1764513772145,0,monitor_data.speed_ref
1764513772147,0,monitor_data.speed_ref
1764513772148,0,monitor_data.speed_ref
1764513772149,0,monitor_data.speed_ref
1764513772151,0,monitor_data.speed_ref
1764513772152,0,monitor_data.speed_ref
1764513772153,0,monitor_data.speed_ref
1764513772155,0,monitor_data.speed_ref
1764513772156,0,monitor_data.speed_ref
1764513772157,0,monitor_data.speed_ref
1764513772159,0,monitor_data.speed_ref
1764513772160,0,monitor_data.speed_ref
1764513772161,0,monitor_data.speed_ref
1764513772163,0,monitor_data.speed_ref
1764513772164,0,monitor_data.speed_ref
1764513772165,0,monitor_data.speed_ref
1764513772167,0,monitor_data.speed_ref
1764513772168,0,monitor_data.speed_ref
1764513772169,0,monitor_data.speed_ref
1764513772170,0,monitor_data.speed_ref
1764513772172,0,monitor_data.speed_ref
1764513772173,0,monitor_data.speed_ref
1764513772174,0,monitor_data.speed_ref
1764513772175,0,monitor_data.speed_ref
1764513772176,0.7226623892784119,monitor_data.speed
1764513772178,0.641505241394043,monitor_data.speed
1764513772179,6.311847686767578,monitor_data.speed
1764513772180,6.0326924324035645,monitor_data.speed
1764513772182,0.04409492015838623,monitor_data.speed
1764513772183,-0.2397652566432953,monitor_data.speed
1764513772184,5.090280532836914,monitor_data.speed
1764513772185,4.631695747375488,monitor_data.speed
1764513772187,4.1774396896362305,monitor_data.speed
1764513772188,3.7777113914489746,monitor_data.speed
1764513772189,3.3494536876678467,monitor_data.speed
1764513772190,2.910918951034546,monitor_data.speed
1764513772192,2.504727363586426,monitor_data.speed
1764513772193,2.2211012840270996,monitor_data.speed
1764513772194,1.9697000980377197,monitor_data.speed
1764513772196,1.712265133857727,monitor_data.speed
1764513772197,1.5035715103149414,monitor_data.speed
1764513772198,1.3204389810562134,monitor_data.speed
1764513772200,1.1713663339614868,monitor_data.speed
1764513772201,1.0392297506332397,monitor_data.speed
1764513772202,0.9039220809936523,monitor_data.speed
1764513772203,0.8021712899208069,monitor_data.speed
1764513772205,0.7049443125724792,monitor_data.speed
1764513772206,0.6196256279945374,monitor_data.speed
1764513772207,0.5447571277618408,monitor_data.speed
1764513772209,0.47905847430229187,monitor_data.speed
1764513772210,0.42140650749206543,monitor_data.speed
1764513772211,0.37447699904441833,monitor_data.speed
1764513772213,0.326421320438385,monitor_data.speed
1764513772214,0.23117901384830475,monitor_data.speed
1764513772215,0.20586198568344116,monitor_data.speed
1764513772216,0.12769870460033417,monitor_data.speed
1764513772218,0.05846704542636871,monitor_data.speed
1764513772219,-0.05967843532562256,monitor_data.speed
1764513772220,-0.1600607931613922,monitor_data.speed
1764513772221,-0.3117234706878662,monitor_data.speed
1764513772223,5.300220012664795,monitor_data.speed
1764513772224,5.105807304382324,monitor_data.speed
1764513772225,-0.8231948614120483,monitor_data.speed
1764513772176,0,monitor_data.speed_ref
1764513772178,0,monitor_data.speed_ref
1764513772179,0,monitor_data.speed_ref
1764513772180,0,monitor_data.speed_ref
1764513772182,0,monitor_data.speed_ref
1764513772183,0,monitor_data.speed_ref
1764513772184,0,monitor_data.speed_ref
1764513772185,0,monitor_data.speed_ref
1764513772187,0,monitor_data.speed_ref
1764513772188,0,monitor_data.speed_ref
1764513772189,0,monitor_data.speed_ref
1764513772190,0,monitor_data.speed_ref
1764513772192,0,monitor_data.speed_ref
1764513772193,0,monitor_data.speed_ref
1764513772194,0,monitor_data.speed_ref
1764513772196,0,monitor_data.speed_ref
1764513772197,0,monitor_data.speed_ref
1764513772198,0,monitor_data.speed_ref
1764513772200,0,monitor_data.speed_ref
1764513772201,0,monitor_data.speed_ref
1764513772202,0,monitor_data.speed_ref
1764513772203,0,monitor_data.speed_ref
1764513772205,0,monitor_data.speed_ref
1764513772206,0,monitor_data.speed_ref
1764513772207,0,monitor_data.speed_ref
1764513772209,0,monitor_data.speed_ref
1764513772210,0,monitor_data.speed_ref
1764513772211,0,monitor_data.speed_ref
1764513772213,0,monitor_data.speed_ref
1764513772214,0,monitor_data.speed_ref
1764513772215,0,monitor_data.speed_ref
1764513772216,0,monitor_data.speed_ref
1764513772218,0,monitor_data.speed_ref
1764513772219,0,monitor_data.speed_ref
1764513772220,0,monitor_data.speed_ref
1764513772221,0,monitor_data.speed_ref
1764513772223,0,monitor_data.speed_ref
1764513772224,0,monitor_data.speed_ref
1764513772225,0,monitor_data.speed_ref
1764513772227,4.966850757598877,monitor_data.speed
1764513772228,-1.1174194812774658,monitor_data.speed
1764513772229,-1.0341506004333496,monitor_data.speed
1764513772231,-1.1158877611160278,monitor_data.speed
1764513772232,4.454494953155518,monitor_data.speed
1764513772233,4.279867172241211,monitor_data.speed
1764513772234,3.8497228622436523,monitor_data.speed
1764513772236,3.458101272583008,monitor_data.speed
1764513772237,3.313253879547119,monitor_data.speed
1764513772238,-2.6197404861450195,monitor_data.speed
1764513772240,2.9521007537841797,monitor_data.speed
1764513772241,2.6711723804473877,monitor_data.speed
1764513772243,2.4303441047668457,monitor_data.speed
1764513772244,2.3760015964508057,monitor_data.speed
1764513772245,2.2499032020568848,monitor_data.speed
1764513772246,2.0299735069274902,monitor_data.speed
1764513772248,-4.0005059242248535,monitor_data.speed
1764513772249,1.8649722337722778,monitor_data.speed
1764513772250,1.696169376373291,monitor_data.speed
1764513772251,1.56013023853302,monitor_data.speed
1764513772252,1.370070219039917,monitor_data.speed
1764513772254,1.215358853340149,monitor_data.speed
1764513772255,1.1238101720809937,monitor_data.speed
1764513772256,1.0359951257705688,monitor_data.speed
1764513772258,0.9551789164543152,monitor_data.speed
1764513772259,-4.9566168785095215,monitor_data.speed
1764513772260,0.9066019654273987,monitor_data.speed
1764513772261,0.9047673344612122,monitor_data.speed
1764513772263,0.8474354147911072,monitor_data.speed
1764513772264,0.7992779016494751,monitor_data.speed
1764513772265,0.7575700879096985,monitor_data.speed
1764513772267,0.6592313051223755,monitor_data.speed
1764513772268,0.6893004775047302,monitor_data.speed
1764513772269,-5.259464263916016,monitor_data.speed
1764513772271,0.5851714611053467,monitor_data.speed
1764513772272,0.6591268181800842,monitor_data.speed
1764513772274,0.8045989871025085,monitor_data.speed
1764513772275,0.7070749402046204,monitor_data.speed
1764513772227,0,monitor_data.speed_ref
1764513772228,0,monitor_data.speed_ref
1764513772229,0,monitor_data.speed_ref
1764513772231,0,monitor_data.speed_ref
1764513772232,0,monitor_data.speed_ref
1764513772233,0,monitor_data.speed_ref
1764513772234,0,monitor_data.speed_ref
1764513772236,0,monitor_data.speed_ref
1764513772237,0,monitor_data.speed_ref
1764513772238,0,monitor_data.speed_ref
1764513772240,0,monitor_data.speed_ref
1764513772241,0,monitor_data.speed_ref
1764513772243,0,monitor_data.speed_ref
1764513772244,0,monitor_data.speed_ref
1764513772245,0,monitor_data.speed_ref
1764513772246,0,monitor_data.speed_ref
1764513772248,0,monitor_data.speed_ref
1764513772249,0,monitor_data.speed_ref
1764513772250,0,monitor_data.speed_ref
1764513772251,0,monitor_data.speed_ref
1764513772252,0,monitor_data.speed_ref
1764513772254,0,monitor_data.speed_ref
1764513772255,0,monitor_data.speed_ref
1764513772256,0,monitor_data.speed_ref
1764513772258,0,monitor_data.speed_ref
1764513772259,0,monitor_data.speed_ref
1764513772260,0,monitor_data.speed_ref
1764513772261,0,monitor_data.speed_ref
1764513772263,0,monitor_data.speed_ref
1764513772264,0,monitor_data.speed_ref
1764513772265,0,monitor_data.speed_ref
1764513772267,0,monitor_data.speed_ref
1764513772268,0,monitor_data.speed_ref
1764513772269,0,monitor_data.speed_ref
1764513772271,0,monitor_data.speed_ref
1764513772272,0,monitor_data.speed_ref
1764513772274,0,monitor_data.speed_ref
1764513772275,0,monitor_data.speed_ref
1764513772276,0.6276887655258179,monitor_data.speed
1764513772277,-5.243470191955566,monitor_data.speed
1764513772279,-5.111744403839111,monitor_data.speed
1764513772280,0.7641951441764832,monitor_data.speed
1764513772281,0.8322046995162964,monitor_data.speed
1764513772282,1.0229830741882324,monitor_data.speed
1764513772284,-4.840096473693848,monitor_data.speed
1764513772285,-4.754554271697998,monitor_data.speed
1764513772286,1.46858549118042,monitor_data.speed
1764513772288,1.6838786602020264,monitor_data.speed
1764513772289,1.7187949419021606,monitor_data.speed
1764513772290,-3.853266477584839,monitor_data.speed
1764513772291,2.253859519958496,monitor_data.speed
1764513772293,-3.6330947875976562,monitor_data.speed
1764513772294,-3.4592478275299072,monitor_data.speed
1764513772295,-3.3679802417755127,monitor_data.speed
1764513772297,2.8463401794433594,monitor_data.speed
1764513772298,2.9424047470092773,monitor_data.speed
1764513772299,-2.9891748428344727,monitor_data.speed
1764513772300,2.9821314811706543,monitor_data.speed
1764513772302,-2.7739968299865723,monitor_data.speed
1764513772303,-2.8240463733673096,monitor_data.speed
1764513772304,3.1073808670043945,monitor_data.speed
1764513772306,-2.6259243488311768,monitor_data.speed
1764513772307,3.442964553833008,monitor_data.speed
1764513772308,-2.4288718700408936,monitor_data.speed
1764513772310,-2.463181734085083,monitor_data.speed
1764513772311,-2.4960663318634033,monitor_data.speed
1764513772312,3.5123026371002197,monitor_data.speed
1764513772314,-2.2749767303466797,monitor_data.speed
1764513772315,-2.0718414783477783,monitor_data.speed
1764513772316,-2.0411107540130615,monitor_data.speed
1764513772317,-1.9169421195983887,monitor_data.speed
1764513772319,-1.9003459215164185,monitor_data.speed
1764513772320,4.0103960037231445,monitor_data.speed
1764513772321,-1.7849088907241821,monitor_data.speed
1764513772323,-1.8970156908035278,monitor_data.speed
1764513772324,3.9894168376922607,monitor_data.speed
1764513772325,3.871553659439087,monitor_data.speed
1764513772276,0,monitor_data.speed_ref
1764513772277,0,monitor_data.speed_ref
1764513772279,0,monitor_data.speed_ref
1764513772280,0,monitor_data.speed_ref
1764513772281,0,monitor_data.speed_ref
1764513772282,0,monitor_data.speed_ref
1764513772284,0,monitor_data.speed_ref
1764513772285,0,monitor_data.speed_ref
1764513772286,0,monitor_data.speed_ref
1764513772288,0,monitor_data.speed_ref
1764513772289,0,monitor_data.speed_ref
1764513772290,0,monitor_data.speed_ref
1764513772291,0,monitor_data.speed_ref
1764513772293,0,monitor_data.speed_ref
1764513772294,0,monitor_data.speed_ref
1764513772295,0,monitor_data.speed_ref
1764513772297,0,monitor_data.speed_ref
1764513772298,0,monitor_data.speed_ref
1764513772299,0,monitor_data.speed_ref
1764513772300,0,monitor_data.speed_ref
1764513772302,0,monitor_data.speed_ref
1764513772303,0,monitor_data.speed_ref
1764513772304,0,monitor_data.speed_ref
1764513772306,0,monitor_data.speed_ref
1764513772307,0,monitor_data.speed_ref
1764513772308,0,monitor_data.speed_ref
1764513772310,0,monitor_data.speed_ref
1764513772311,0,monitor_data.speed_ref
1764513772312,0,monitor_data.speed_ref
1764513772314,0,monitor_data.speed_ref
1764513772315,0,monitor_data.speed_ref
1764513772316,0,monitor_data.speed_ref
1764513772317,0,monitor_data.speed_ref
1764513772319,0,monitor_data.speed_ref
1764513772320,0,monitor_data.speed_ref
1764513772321,0,monitor_data.speed_ref
1764513772323,0,monitor_data.speed_ref
1764513772324,0,monitor_data.speed_ref
1764513772325,0,monitor_data.speed_ref
1764513772326,-1.9796621799468994,monitor_data.speed
1764513772328,4.048164367675781,monitor_data.speed
1764513772329,-1.9079595804214478,monitor_data.speed
1764513772330,-2.046687602996826,monitor_data.speed
1764513772332,-2.0868947505950928,monitor_data.speed
1764513772333,-2.128751039505005,monitor_data.speed
1764513772334,-2.094444751739502,monitor_data.speed
1764513772335,3.5904250144958496,monitor_data.speed
1764513772337,3.376863479614258,monitor_data.speed
1764513772338,-2.4237170219421387,monitor_data.speed
1764513772340,-2.663360595703125,monitor_data.speed
1764513772341,-2.7539191246032715,monitor_data.speed
1764513772342,3.142214775085449,monitor_data.speed
1764513772343,2.985985040664673,monitor_data.speed
1764513772344,2.7885425090789795,monitor_data.speed
1764513772346,-3.106247901916504,monitor_data.speed
1764513772347,-3.227421760559082,monitor_data.speed
1764513772348,-3.3075106143951416,monitor_data.speed
1764513772350,2.4523379802703857,monitor_data.speed
1764513772351,2.4562857151031494,monitor_data.speed
1764513772352,2.333550453186035,monitor_data.speed
1764513772354,2.2895307540893555,monitor_data.speed
1764513772355,2.0844218730926514,monitor_data.speed
1764513772356,-3.844639301300049,monitor_data.speed
1764513772357,1.80281662940979,monitor_data.speed
1764513772359,1.5830326080322266,monitor_data.speed
1764513772360,1.4426285028457642,monitor_data.speed
1764513772361,1.2796732187271118,monitor_data.speed
1764513772363,1.2172049283981323,monitor_data.speed
1764513772364,1.1265729665756226,monitor_data.speed
1764513772365,0.9995256066322327,monitor_data.speed
1764513772366,0.9321936964988708,monitor_data.speed
1764513772368,0.8776354789733887,monitor_data.speed
1764513772369,0.7635376453399658,monitor_data.speed
1764513772370,0.7273274064064026,monitor_data.speed
1764513772372,0.7554185390472412,monitor_data.speed
1764513772373,0.6705397963523865,monitor_data.speed
1764513772374,0.5836241841316223,monitor_data.speed
1764513772375,0.5131652355194092,monitor_data.speed
1764513772326,0,monitor_data.speed_ref
1764513772328,0,monitor_data.speed_ref
1764513772329,0,monitor_data.speed_ref
1764513772330,0,monitor_data.speed_ref
1764513772332,0,monitor_data.speed_ref
1764513772333,0,monitor_data.speed_ref
1764513772334,0,monitor_data.speed_ref
1764513772335,0,monitor_data.speed_ref
1764513772337,0,monitor_data.speed_ref
1764513772338,0,monitor_data.speed_ref
1764513772340,0,monitor_data.speed_ref
1764513772341,0,monitor_data.speed_ref
1764513772342,0,monitor_data.speed_ref
1764513772343,0,monitor_data.speed_ref
1764513772344,0,monitor_data.speed_ref
1764513772346,0,monitor_data.speed_ref
1764513772347,0,monitor_data.speed_ref
1764513772348,0,monitor_data.speed_ref
1764513772350,0,monitor_data.speed_ref
1764513772351,0,monitor_data.speed_ref
1764513772352,0,monitor_data.speed_ref
1764513772354,0,monitor_data.speed_ref
1764513772355,0,monitor_data.speed_ref
1764513772356,0,monitor_data.speed_ref
1764513772357,0,monitor_data.speed_ref
1764513772359,0,monitor_data.speed_ref
1764513772360,0,monitor_data.speed_ref
1764513772361,0,monitor_data.speed_ref
1764513772363,0,monitor_data.speed_ref
1764513772364,0,monitor_data.speed_ref
1764513772365,0,monitor_data.speed_ref
1764513772366,0,monitor_data.speed_ref
1764513772368,0,monitor_data.speed_ref
1764513772369,0,monitor_data.speed_ref
1764513772370,0,monitor_data.speed_ref
1764513772372,0,monitor_data.speed_ref
1764513772373,0,monitor_data.speed_ref
1764513772374,0,monitor_data.speed_ref
1764513772375,0,monitor_data.speed_ref
1764513772377,0.4513360261917114,monitor_data.speed
1764513772378,0.5125145316123962,monitor_data.speed
1764513772379,0.5009539723396301,monitor_data.speed
1764513772381,0.4406202435493469,monitor_data.speed
1764513772382,0.3915078043937683,monitor_data.speed
1764513772383,0.34797513484954834,monitor_data.speed
1764513772384,0.3093884587287903,monitor_data.speed
1764513772386,0.2698756456375122,monitor_data.speed
1764513772387,0.24016207456588745,monitor_data.speed
1764513772388,0.21382445096969604,monitor_data.speed
1764513772389,0.18865786492824554,monitor_data.speed
1764513772391,0.16817189753055573,monitor_data.speed
1764513772392,0.14580585062503815,monitor_data.speed
1764513772393,0.13018861413002014,monitor_data.speed
1764513772395,0.11419657617807388,monitor_data.speed
1764513772396,0.1012323871254921,monitor_data.speed
1764513772397,0.08985605090856552,monitor_data.speed
1764513772399,0.07987307012081146,monitor_data.speed
1764513772400,0.07048515230417252,monitor_data.speed
1764513772401,0.06342548131942749,monitor_data.speed
1764513772403,0.05619638040661812,monitor_data.speed
1764513772404,0.05076010897755623,monitor_data.speed
1764513772405,0.04594149440526962,monitor_data.speed
1764513772406,0.04167032986879349,monitor_data.speed
1764513772407,0.03818279132246971,monitor_data.speed
1764513772409,0.03426689654588699,monitor_data.speed
1764513772410,0.031092414632439613,monitor_data.speed
1764513772411,0.028306743130087852,monitor_data.speed
1764513772413,0.025862259790301323,monitor_data.speed
1764513772414,0.02371717430651188,monitor_data.speed
1764513772415,0.021971041336655617,monitor_data.speed
1764513772416,0.020423294976353645,monitor_data.speed
1764513772418,0.01905139721930027,monitor_data.speed
1764513772419,0.01774049550294876,monitor_data.speed
1764513772420,0.01650773361325264,monitor_data.speed
1764513772421,0.015580698847770691,monitor_data.speed
1764513772423,0.014694885350763798,monitor_data.speed
1764513772424,0.013917563483119011,monitor_data.speed
1764513772425,0.013138195499777794,monitor_data.speed
1764513772377,0,monitor_data.speed_ref
1764513772378,0,monitor_data.speed_ref
1764513772379,0,monitor_data.speed_ref
1764513772381,0,monitor_data.speed_ref
1764513772382,0,monitor_data.speed_ref
1764513772383,0,monitor_data.speed_ref
1764513772384,0,monitor_data.speed_ref
1764513772386,0,monitor_data.speed_ref
1764513772387,0,monitor_data.speed_ref
1764513772388,0,monitor_data.speed_ref
1764513772389,0,monitor_data.speed_ref
1764513772391,0,monitor_data.speed_ref
1764513772392,0,monitor_data.speed_ref
1764513772393,0,monitor_data.speed_ref
1764513772395,0,monitor_data.speed_ref
1764513772396,0,monitor_data.speed_ref
1764513772397,0,monitor_data.speed_ref
1764513772399,0,monitor_data.speed_ref
1764513772400,0,monitor_data.speed_ref
1764513772401,0,monitor_data.speed_ref
1764513772403,0,monitor_data.speed_ref
1764513772404,0,monitor_data.speed_ref
1764513772405,0,monitor_data.speed_ref
1764513772406,0,monitor_data.speed_ref
1764513772407,0,monitor_data.speed_ref
1764513772409,0,monitor_data.speed_ref
1764513772410,0,monitor_data.speed_ref
1764513772411,0,monitor_data.speed_ref
1764513772413,0,monitor_data.speed_ref
1764513772414,0,monitor_data.speed_ref
1764513772415,0,monitor_data.speed_ref
1764513772416,0,monitor_data.speed_ref
1764513772418,0,monitor_data.speed_ref
1764513772419,0,monitor_data.speed_ref
1764513772420,0,monitor_data.speed_ref
1764513772421,0,monitor_data.speed_ref
1764513772423,0,monitor_data.speed_ref
1764513772424,0,monitor_data.speed_ref
1764513772425,0,monitor_data.speed_ref
1764513772427,0.012593992985785007,monitor_data.speed
1764513772428,0.012073989026248455,monitor_data.speed
1764513772429,0.011617672629654408,monitor_data.speed
1764513772431,0.01118855457752943,monitor_data.speed
1764513772432,0.010840686038136482,monitor_data.speed
1764513772433,0.01053542084991932,monitor_data.speed
1764513772434,0.010286932811141014,monitor_data.speed
1764513772436,0.0100156394764781,monitor_data.speed
1764513772437,0.009826207533478737,monitor_data.speed
1764513772438,0.009645197540521622,monitor_data.speed
1764513772440,0.009497853927314281,monitor_data.speed
1764513772441,0.009336982853710651,monitor_data.speed
1764513772442,0.009224648587405682,monitor_data.speed
1764513772444,0.009125077165663242,monitor_data.speed
1764513772445,0.00902993232011795,monitor_data.speed
1764513772446,0.008946442045271397,monitor_data.speed
1764513772447,0.008873176760971546,monitor_data.speed
1764513772449,0.008808884769678116,monitor_data.speed
1764513772450,0.008756550028920174,monitor_data.speed
1764513772451,0.008706544525921345,monitor_data.speed
1764513772453,0.00865951832383871,monitor_data.speed
1764513772454,0.008624155074357986,monitor_data.speed
1764513772455,0.008590363897383213,monitor_data.speed
1764513772456,0.008560710586607456,monitor_data.speed
1764513772458,0.00853282492607832,monitor_data.speed
1764513772459,0.008508599363267422,monitor_data.speed
1764513772460,0.008490381762385368,monitor_data.speed
1764513772462,0.00847423542290926,monitor_data.speed
1764513772463,0.00845880713313818,monitor_data.speed
1764513772464,0.00844526756554842,monitor_data.speed
1764513772465,0.00843424629420042,monitor_data.speed
1764513772467,0.008423714898526669,monitor_data.speed
1764513772468,0.008414472453296185,monitor_data.speed
1764513772469,0.008406363427639008,monitor_data.speed
1764513772471,0.008399246260523796,monitor_data.speed
1764513772472,0.008392112329602242,monitor_data.speed
1764513772473,0.00838674046099186,monitor_data.speed
1764513772475,0.008381355553865433,monitor_data.speed
1764513772427,0,monitor_data.speed_ref
1764513772428,0,monitor_data.speed_ref
1764513772429,0,monitor_data.speed_ref
1764513772431,0,monitor_data.speed_ref
1764513772432,0,monitor_data.speed_ref
1764513772433,0,monitor_data.speed_ref
1764513772434,0,monitor_data.speed_ref
1764513772436,0,monitor_data.speed_ref
1764513772437,0,monitor_data.speed_ref
1764513772438,0,monitor_data.speed_ref
1764513772440,0,monitor_data.speed_ref
1764513772441,0,monitor_data.speed_ref
1764513772442,0,monitor_data.speed_ref
1764513772444,0,monitor_data.speed_ref
1764513772445,0,monitor_data.speed_ref
1764513772446,0,monitor_data.speed_ref
1764513772447,0,monitor_data.speed_ref
1764513772449,0,monitor_data.speed_ref
1764513772450,0,monitor_data.speed_ref
1764513772451,0,monitor_data.speed_ref
1764513772453,0,monitor_data.speed_ref
1764513772454,0,monitor_data.speed_ref
1764513772455,0,monitor_data.speed_ref
1764513772456,0,monitor_data.speed_ref
1764513772458,0,monitor_data.speed_ref
1764513772459,0,monitor_data.speed_ref
1764513772460,0,monitor_data.speed_ref
1764513772462,0,monitor_data.speed_ref
1764513772463,0,monitor_data.speed_ref
1764513772464,0,monitor_data.speed_ref
1764513772465,0,monitor_data.speed_ref
1764513772467,0,monitor_data.speed_ref
1764513772468,0,monitor_data.speed_ref
1764513772469,0,monitor_data.speed_ref
1764513772471,0,monitor_data.speed_ref
1764513772472,0,monitor_data.speed_ref
1764513772473,0,monitor_data.speed_ref
1764513772475,0,monitor_data.speed_ref
1764513772476,0.008377594873309135,monitor_data.speed
1764513772477,0.008374001830816269,monitor_data.speed
1764513772479,0.008370848372578621,monitor_data.speed
1764513772480,0.00836828164756298,monitor_data.speed
1764513772481,0.008365828543901443,monitor_data.speed
1764513772482,0.008363675326108932,monitor_data.speed
1764513772484,0.008361787535250187,monitor_data.speed
1764513772485,0.008360130712389946,monitor_data.speed
1764513772486,0.008358677849173546,monitor_data.speed
1764513772488,0.008357401005923748,monitor_data.speed
1764513772489,0.00835628155618906,monitor_data.speed
1764513772490,0.00835522823035717,monitor_data.speed
1764513772492,0.008354375138878822,monitor_data.speed
1764513772493,0.008353733457624912,monitor_data.speed
1764513772494,0.008353158831596375,monitor_data.speed
1764513772495,0.008352601900696754,monitor_data.speed
1764513772496,0.008352030999958515,monitor_data.speed
1764513772498,0.008351569063961506,monitor_data.speed
1764513772499,0.008351192809641361,monitor_data.speed
1764513772500,0.008350832387804985,monitor_data.speed
1764513772502,0.008350517600774765,monitor_data.speed
1764513772503,0.008350240997970104,monitor_data.speed
1764513772504,0.008350015617907047,monitor_data.speed
1764513772505,0.008349815383553505,monitor_data.speed
1764513772506,0.008349639363586903,monitor_data.speed
1764513772508,0.008349469862878323,monitor_data.speed
1764513772509,0.008349310606718063,monitor_data.speed
1764513772510,0.008349190466105938,monitor_data.speed
1764513772512,0.008349068462848663,monitor_data.speed
1764513772513,0.008348977193236351,monitor_data.speed
1764513772514,0.008348888717591763,monitor_data.speed
1764513772516,0.00834881141781807,monitor_data.speed
1764513772517,0.008348753675818443,monitor_data.speed
1764513772518,0.008348697796463966,monitor_data.speed
1764513772519,0.00834864005446434,monitor_data.speed
1764513772520,0.008348600007593632,monitor_data.speed
1764513772522,0.008348558098077774,monitor_data.speed
1764513772523,0.008348521776497364,monitor_data.speed
1764513772524,0.008348490111529827,monitor_data.speed
1764513772526,0.008348461240530014,monitor_data.speed
1764513772476,0,monitor_data.speed_ref
1764513772477,0,monitor_data.speed_ref
1764513772479,0,monitor_data.speed_ref
1764513772480,0,monitor_data.speed_ref
1764513772481,0,monitor_data.speed_ref
1764513772482,0,monitor_data.speed_ref
1764513772484,0,monitor_data.speed_ref
1764513772485,0,monitor_data.speed_ref
1764513772486,0,monitor_data.speed_ref
1764513772488,0,monitor_data.speed_ref
1764513772489,0,monitor_data.speed_ref
1764513772490,0,monitor_data.speed_ref
1764513772492,0,monitor_data.speed_ref
1764513772493,0,monitor_data.speed_ref
1764513772494,0,monitor_data.speed_ref
1764513772495,0,monitor_data.speed_ref
1764513772496,0,monitor_data.speed_ref
1764513772498,0,monitor_data.speed_ref
1764513772499,0,monitor_data.speed_ref
1764513772500,0,monitor_data.speed_ref
1764513772502,0,monitor_data.speed_ref
1764513772503,0,monitor_data.speed_ref
1764513772504,0,monitor_data.speed_ref
1764513772505,0,monitor_data.speed_ref
1764513772506,0,monitor_data.speed_ref
1764513772508,0,monitor_data.speed_ref
1764513772509,0,monitor_data.speed_ref
1764513772510,0,monitor_data.speed_ref
1764513772512,0,monitor_data.speed_ref
1764513772513,0,monitor_data.speed_ref
1764513772514,0,monitor_data.speed_ref
1764513772516,0,monitor_data.speed_ref
1764513772517,0,monitor_data.speed_ref
1764513772518,0,monitor_data.speed_ref
1764513772519,0,monitor_data.speed_ref
1764513772520,0,monitor_data.speed_ref
1764513772522,0,monitor_data.speed_ref
1764513772523,0,monitor_data.speed_ref
1764513772524,0,monitor_data.speed_ref
1764513772526,0,monitor_data.speed_ref
1764513772527,0.008348438888788223,monitor_data.speed
1764513772528,0.008348418399691582,monitor_data.speed
1764513772529,0.008348396979272366,monitor_data.speed
1764513772531,0.008348381146788597,monitor_data.speed
1764513772532,0.008348366245627403,monitor_data.speed
1764513772533,0.008348352275788784,monitor_data.speed
1764513772534,0.00834833923727274,monitor_data.speed
1764513772536,0.008348331786692142,monitor_data.speed
1764513772537,0.00834832526743412,monitor_data.speed
1764513772538,0.008348317816853523,monitor_data.speed
1764513772540,0.008348311297595501,monitor_data.speed
1764513772541,0.00834830291569233,monitor_data.speed
1764513772542,0.008348296396434307,monitor_data.speed
1764513772543,0.00834828894585371,monitor_data.speed
1764513772545,0.008348285220563412,monitor_data.speed
1764513772546,0.008348285220563412,monitor_data.speed
1764513772547,-0.04737403243780136,monitor_data.speed
1764513772549,-0.04104313626885414,monitor_data.speed
1764513772550,-0.035431522876024246,monitor_data.speed
1764513772551,-0.030457478016614914,monitor_data.speed
1764513772552,-0.026048555970191956,monitor_data.speed
1764513772553,-0.02214055322110653,monitor_data.speed
1764513772555,-0.01867656037211418,monitor_data.speed
1764513772556,-0.015366584993898869,monitor_data.speed
1764513772557,-0.012253907509148121,monitor_data.speed
1764513772559,-0.009549781680107117,monitor_data.speed
1764513772560,-0.007357650436460972,monitor_data.speed
1764513772561,-0.005573223810642958,monitor_data.speed
1764513772562,-0.0038681370206177235,monitor_data.speed
1764513772564,-0.00226468569599092,monitor_data.speed
1764513772565,-0.0010588960722088814,monitor_data.speed
1764513772567,0.0002575555117800832,monitor_data.speed
1764513772568,0.0011767810210585594,monitor_data.speed
1764513772569,0.0021180668845772743,monitor_data.speed
1764513772570,0.002825910458341241,monitor_data.speed
1764513772572,0.0034533319994807243,monitor_data.speed
1764513772573,0.003965642303228378,monitor_data.speed
1764513772574,0.004502419847995043,monitor_data.speed
1764513772575,0.005007202737033367,monitor_data.speed
1764513772527,0,monitor_data.speed_ref
1764513772528,0,monitor_data.speed_ref
1764513772529,0,monitor_data.speed_ref
1764513772531,0,monitor_data.speed_ref
1764513772532,0,monitor_data.speed_ref
1764513772533,0,monitor_data.speed_ref
1764513772534,0,monitor_data.speed_ref
1764513772536,0,monitor_data.speed_ref
1764513772537,0,monitor_data.speed_ref
1764513772538,0,monitor_data.speed_ref
1764513772540,0,monitor_data.speed_ref
1764513772541,0,monitor_data.speed_ref
1764513772542,0,monitor_data.speed_ref
1764513772543,0,monitor_data.speed_ref
1764513772545,0,monitor_data.speed_ref
1764513772546,0,monitor_data.speed_ref
1764513772547,0,monitor_data.speed_ref
1764513772549,0,monitor_data.speed_ref
1764513772550,0,monitor_data.speed_ref
1764513772551,0,monitor_data.speed_ref
1764513772552,0,monitor_data.speed_ref
1764513772553,0,monitor_data.speed_ref
1764513772555,0,monitor_data.speed_ref
1764513772556,0,monitor_data.speed_ref
1764513772557,0,monitor_data.speed_ref
1764513772559,0,monitor_data.speed_ref
1764513772560,0,monitor_data.speed_ref
1764513772561,0,monitor_data.speed_ref
1764513772562,0,monitor_data.speed_ref
1764513772564,0,monitor_data.speed_ref
1764513772565,0,monitor_data.speed_ref
1764513772567,0,monitor_data.speed_ref
1764513772568,0,monitor_data.speed_ref
1764513772569,0,monitor_data.speed_ref
1764513772570,0,monitor_data.speed_ref
1764513772572,0,monitor_data.speed_ref
1764513772573,0,monitor_data.speed_ref
1764513772574,0,monitor_data.speed_ref
1764513772575,0,monitor_data.speed_ref
1764513772577,0.0054164123721420765,monitor_data.speed
1764513772578,-0.04775109887123108,monitor_data.speed
1764513772579,-0.04088011011481285,monitor_data.speed
1764513772581,-0.03485066443681717,monitor_data.speed
1764513772582,-0.02994260936975479,monitor_data.speed
1764513772583,-0.025935018435120583,monitor_data.speed
1764513772584,-0.022346869111061096,monitor_data.speed
1764513772585,-0.01805133745074272,monitor_data.speed
1764513772587,-0.014817938208580017,monitor_data.speed
1764513772588,-0.011980562470853329,monitor_data.speed
1764513772589,-0.00931231677532196,monitor_data.speed
1764513772591,-0.006840869784355164,monitor_data.speed
1764513772593,-0.004584645386785269,monitor_data.speed
1764513772594,-0.00300063774921,monitor_data.speed
1764513772595,-0.0016106378752738237,monitor_data.speed
1764513772596,-0.11305215209722519,monitor_data.speed
1764513772598,-0.0971178263425827,monitor_data.speed
1764513772599,-0.13974884152412415,monitor_data.speed
1764513772600,-0.12031048536300659,monitor_data.speed
1764513772602,-0.1045524924993515,monitor_data.speed
1764513772603,-0.0858689695596695,monitor_data.speed
1764513772605,-0.0735025629401207,monitor_data.speed
1764513772606,-0.06275930255651474,monitor_data.speed
1764513772608,-0.05342615023255348,monitor_data.speed
1764513772609,-0.04640764370560646,monitor_data.speed
1764513772610,-0.04018654674291611,monitor_data.speed
1764513772611,-0.03424205258488655,monitor_data.speed
1764513772613,-0.02902563288807869,monitor_data.speed
1764513772614,-0.02412014827132225,monitor_data.speed
1764513772615,-0.020431241020560265,monitor_data.speed
1764513772616,-0.017161451280117035,monitor_data.speed
1764513772618,-0.06942801177501678,monitor_data.speed
1764513772619,-0.05721272900700569,monitor_data.speed
1764513772621,-0.049764011055231094,monitor_data.speed
1764513772622,-0.04264648258686066,monitor_data.speed
1764513772623,-0.09101411700248718,monitor_data.speed
1764513772625,-0.07797238230705261,monitor_data.speed
1764513772626,-0.06739991903305054,monitor_data.speed
1764513772577,0,monitor_data.speed_ref
1764513772578,0,monitor_data.speed_ref
1764513772579,0,monitor_data.speed_ref
1764513772581,0,monitor_data.speed_ref
1764513772582,0,monitor_data.speed_ref
1764513772583,0,monitor_data.speed_ref
1764513772584,0,monitor_data.speed_ref
1764513772585,0,monitor_data.speed_ref
1764513772587,0,monitor_data.speed_ref
1764513772588,0,monitor_data.speed_ref
1764513772589,0,monitor_data.speed_ref
1764513772591,0,monitor_data.speed_ref
1764513772593,0,monitor_data.speed_ref
1764513772594,0,monitor_data.speed_ref
1764513772595,0,monitor_data.speed_ref
1764513772596,0,monitor_data.speed_ref
1764513772598,0,monitor_data.speed_ref
1764513772599,0,monitor_data.speed_ref
1764513772600,0,monitor_data.speed_ref
1764513772602,0,monitor_data.speed_ref
1764513772603,0,monitor_data.speed_ref
1764513772605,0,monitor_data.speed_ref
1764513772606,0,monitor_data.speed_ref
1764513772608,0,monitor_data.speed_ref
1764513772609,0,monitor_data.speed_ref
1764513772610,0,monitor_data.speed_ref
1764513772611,0,monitor_data.speed_ref
1764513772613,0,monitor_data.speed_ref
1764513772614,0,monitor_data.speed_ref
1764513772615,0,monitor_data.speed_ref
1764513772616,0,monitor_data.speed_ref
1764513772618,0,monitor_data.speed_ref
1764513772619,0,monitor_data.speed_ref
1764513772621,0,monitor_data.speed_ref
1764513772622,0,monitor_data.speed_ref
1764513772623,0,monitor_data.speed_ref
1764513772625,0,monitor_data.speed_ref
1764513772626,0,monitor_data.speed_ref
1764513772627,-0.11671654880046844,monitor_data.speed
1764513772628,-0.10250730067491531,monitor_data.speed
1764513772630,-0.0869939997792244,monitor_data.speed
1764513772631,-0.12826478481292725,monitor_data.speed
1764513772633,-0.2725405693054199,monitor_data.speed
1764513772634,-0.28760966658592224,monitor_data.speed
1764513772636,-0.24876411259174347,monitor_data.speed
1764513772637,-0.21955238282680511,monitor_data.speed
1764513772638,-0.1916394680738449,monitor_data.speed
1764513772639,-0.2786959707736969,monitor_data.speed
1764513772641,-0.34867915511131287,monitor_data.speed
1764513772642,-0.3049507141113281,monitor_data.speed
1764513772643,-0.26935532689094543,monitor_data.speed
1764513772644,-0.28941023349761963,monitor_data.speed
1764513772646,5.559708118438721,monitor_data.speed
1764513772647,-0.31066593527793884,monitor_data.speed
1764513772649,-0.27159348130226135,monitor_data.speed
1764513772650,-0.23485010862350464,monitor_data.speed
1764513772651,-0.2548657953739166,monitor_data.speed
1764513772653,-0.27615416049957275,monitor_data.speed
1764513772654,-0.29483509063720703,monitor_data.speed
1764513772655,-0.2577016353607178,monitor_data.speed
1764513772657,-0.22747446596622467,monitor_data.speed
1764513772658,-0.254529744386673,monitor_data.speed
1764513772659,-0.22002606093883514,monitor_data.speed
1764513772661,-0.24814660847187042,monitor_data.speed
1764513772662,-0.2697228491306305,monitor_data.speed
1764513772663,-0.23566511273384094,monitor_data.speed
1764513772664,-0.3144586384296417,monitor_data.speed
1764513772666,5.470648765563965,monitor_data.speed
1764513772667,-0.501354455947876,monitor_data.speed
1764513772668,-0.7216612696647644,monitor_data.speed
1764513772670,-0.835335910320282,monitor_data.speed
1764513772671,-0.8509761095046997,monitor_data.speed
1764513772672,4.948312759399414,monitor_data.speed
1764513772674,-0.9436638951301575,monitor_data.speed
1764513772675,4.91802978515625,monitor_data.speed
1764513772676,-0.8949500918388367,monitor_data.speed
1764513772627,0,monitor_data.speed_ref
1764513772628,0,monitor_data.speed_ref
1764513772630,0,monitor_data.speed_ref
1764513772631,0,monitor_data.speed_ref
1764513772633,0,monitor_data.speed_ref
1764513772634,0,monitor_data.speed_ref
1764513772636,0,monitor_data.speed_ref
1764513772637,0,monitor_data.speed_ref
1764513772638,0,monitor_data.speed_ref
1764513772639,0,monitor_data.speed_ref
1764513772641,0,monitor_data.speed_ref
1764513772642,0,monitor_data.speed_ref
1764513772643,0,monitor_data.speed_ref
1764513772644,0,monitor_data.speed_ref
1764513772646,0,monitor_data.speed_ref
1764513772647,0,monitor_data.speed_ref
1764513772649,0,monitor_data.speed_ref
1764513772650,0,monitor_data.speed_ref
1764513772651,0,monitor_data.speed_ref
1764513772653,0,monitor_data.speed_ref
1764513772654,0,monitor_data.speed_ref
1764513772655,0,monitor_data.speed_ref
1764513772657,0,monitor_data.speed_ref
1764513772658,0,monitor_data.speed_ref
1764513772659,0,monitor_data.speed_ref
1764513772661,0,monitor_data.speed_ref
1764513772662,0,monitor_data.speed_ref
1764513772663,0,monitor_data.speed_ref
1764513772664,0,monitor_data.speed_ref
1764513772666,0,monitor_data.speed_ref
1764513772667,0,monitor_data.speed_ref
1764513772668,0,monitor_data.speed_ref
1764513772670,0,monitor_data.speed_ref
1764513772671,0,monitor_data.speed_ref
1764513772672,0,monitor_data.speed_ref
1764513772674,0,monitor_data.speed_ref
1764513772675,0,monitor_data.speed_ref
1764513772676,0,monitor_data.speed_ref
1764513772677,-0.8963226675987244,monitor_data.speed
1764513772679,-0.8481523990631104,monitor_data.speed
1764513772680,-0.7962406277656555,monitor_data.speed
1764513772681,-0.8590072989463806,monitor_data.speed
1764513772682,4.812996864318848,monitor_data.speed
1764513772684,4.779356002807617,monitor_data.speed
1764513772685,-1.1095845699310303,monitor_data.speed
1764513772687,-1.1198829412460327,monitor_data.speed
1764513772688,-1.159507393836975,monitor_data.speed
1764513772689,-1.1377761363983154,monitor_data.speed
1764513772690,-1.1512871980667114,monitor_data.speed
1764513772692,-1.121917724609375,monitor_data.speed
1764513772693,4.799478530883789,monitor_data.speed
1764513772694,-1.2314085960388184,monitor_data.speed
1764513772695,-1.203703761100769,monitor_data.speed
1764513772696,-1.3184419870376587,monitor_data.speed
1764513772698,-1.3181447982788086,monitor_data.speed
1764513772699,-1.2108420133590698,monitor_data.speed
1764513772700,-1.2383980751037598,monitor_data.speed
1764513772701,-1.582930326461792,monitor_data.speed
1764513772703,4.3091301918029785,monitor_data.speed
1764513772704,4.117511749267578,monitor_data.speed
1764513772705,-2.134274482727051,monitor_data.speed
1764513772707,-2.0340874195098877,monitor_data.speed
1764513772708,3.6236164569854736,monitor_data.speed
1764513772710,-2.2743260860443115,monitor_data.speed
1764513772711,-2.2925214767456055,monitor_data.speed
1764513772712,3.543896198272705,monitor_data.speed
1764513772713,-2.2029292583465576,monitor_data.speed
1764513772715,-2.377000331878662,monitor_data.speed
1764513772716,-2.3898086547851562,monitor_data.speed
1764513772717,-2.4511919021606445,monitor_data.speed
1764513772718,3.49206280708313,monitor_data.speed
1764513772720,-2.4861228466033936,monitor_data.speed
1764513772721,-2.4247844219207764,monitor_data.speed
1764513772723,3.395263433456421,monitor_data.speed
1764513772724,-2.565650224685669,monitor_data.speed
1764513772725,-2.805725336074829,monitor_data.speed
1764513772726,-2.8796355724334717,monitor_data.speed
1764513772677,0,monitor_data.speed_ref
1764513772679,0,monitor_data.speed_ref
1764513772680,0,monitor_data.speed_ref
1764513772681,0,monitor_data.speed_ref
1764513772682,0,monitor_data.speed_ref
1764513772684,0,monitor_data.speed_ref
1764513772685,0,monitor_data.speed_ref
1764513772687,0,monitor_data.speed_ref
1764513772688,0,monitor_data.speed_ref
1764513772689,0,monitor_data.speed_ref
1764513772690,0,monitor_data.speed_ref
1764513772692,0,monitor_data.speed_ref
1764513772693,0,monitor_data.speed_ref
1764513772694,0,monitor_data.speed_ref
1764513772695,0,monitor_data.speed_ref
1764513772696,0,monitor_data.speed_ref
1764513772698,0,monitor_data.speed_ref
1764513772699,0,monitor_data.speed_ref
1764513772700,0,monitor_data.speed_ref
1764513772701,0,monitor_data.speed_ref
1764513772703,0,monitor_data.speed_ref
1764513772704,0,monitor_data.speed_ref
1764513772705,0,monitor_data.speed_ref
1764513772707,0,monitor_data.speed_ref
1764513772708,0,monitor_data.speed_ref
1764513772710,0,monitor_data.speed_ref
1764513772711,0,monitor_data.speed_ref
1764513772712,0,monitor_data.speed_ref
1764513772713,0,monitor_data.speed_ref
1764513772715,0,monitor_data.speed_ref
1764513772716,0,monitor_data.speed_ref
1764513772717,0,monitor_data.speed_ref
1764513772718,0,monitor_data.speed_ref
1764513772720,0,monitor_data.speed_ref
1764513772721,0,monitor_data.speed_ref
1764513772723,0,monitor_data.speed_ref
1764513772724,0,monitor_data.speed_ref
1764513772725,0,monitor_data.speed_ref
1764513772726,0,monitor_data.speed_ref
1764513772728,2.777529716491699,monitor_data.speed
1764513772729,-3.165595531463623,monitor_data.speed
1764513772730,2.7156543731689453,monitor_data.speed
1764513772731,-3.0253562927246094,monitor_data.speed
1764513772733,-3.0699102878570557,monitor_data.speed
1764513772734,-3.1355767250061035,monitor_data.speed
1764513772735,2.8881404399871826,monitor_data.speed
1764513772737,2.9218475818634033,monitor_data.speed
1764513772738,2.6174657344818115,monitor_data.speed
1764513772739,-3.1165452003479004,monitor_data.speed
1764513772740,2.706475019454956,monitor_data.speed
1764513772742,-3.129516363143921,monitor_data.speed
1764513772743,2.8049240112304688,monitor_data.speed
1764513772744,-3.056826114654541,monitor_data.speed
1764513772746,-2.898780107498169,monitor_data.speed
1764513772747,-2.7369544506073,monitor_data.speed
1764513772748,3.2006776332855225,monitor_data.speed
1764513772750,-2.5831596851348877,monitor_data.speed
1764513772751,3.2044031620025635,monitor_data.speed
1764513772752,3.08331561088562,monitor_data.speed
1764513772754,-2.8812575340270996,monitor_data.speed
1764513772755,-2.803396224975586,monitor_data.speed
1764513772756,3.0950663089752197,monitor_data.speed
1764513772758,3.1034750938415527,monitor_data.speed
1764513772759,3.0924484729766846,monitor_data.speed
1764513772760,-2.8932228088378906,monitor_data.speed
1764513772761,2.8270440101623535,monitor_data.speed
1764513772763,-3.124147415161133,monitor_data.speed
1764513772764,2.4531877040863037,monitor_data.speed
1764513772765,2.4474337100982666,monitor_data.speed
1764513772766,-3.5217843055725098,monitor_data.speed
1764513772768,-3.2315964698791504,monitor_data.speed
1764513772769,2.7408058643341064,monitor_data.speed
1764513772770,2.853888988494873,monitor_data.speed
1764513772772,-3.1839680671691895,monitor_data.speed
1764513772773,-3.1887924671173096,monitor_data.speed
1764513772774,-2.908132314682007,monitor_data.speed
1764513772775,2.9721243381500244,monitor_data.speed
1764513772777,-3.086958408355713,monitor_data.speed
1764513772728,0,monitor_data.speed_ref
1764513772729,0,monitor_data.speed_ref
1764513772730,0,monitor_data.speed_ref
1764513772731,0,monitor_data.speed_ref
1764513772733,0,monitor_data.speed_ref
1764513772734,0,monitor_data.speed_ref
1764513772735,0,monitor_data.speed_ref
1764513772737,0,monitor_data.speed_ref
1764513772738,0,monitor_data.speed_ref
1764513772739,0,monitor_data.speed_ref
1764513772740,0,monitor_data.speed_ref
1764513772742,0,monitor_data.speed_ref
1764513772743,0,monitor_data.speed_ref
1764513772744,0,monitor_data.speed_ref
1764513772746,0,monitor_data.speed_ref
1764513772747,0,monitor_data.speed_ref
1764513772748,0,monitor_data.speed_ref
1764513772750,0,monitor_data.speed_ref
1764513772751,0,monitor_data.speed_ref
1764513772752,0,monitor_data.speed_ref
1764513772754,0,monitor_data.speed_ref
1764513772755,0,monitor_data.speed_ref
1764513772756,0,monitor_data.speed_ref
1764513772758,0,monitor_data.speed_ref
1764513772759,0,monitor_data.speed_ref
1764513772760,0,monitor_data.speed_ref
1764513772761,0,monitor_data.speed_ref
1764513772763,0,monitor_data.speed_ref
1764513772764,0,monitor_data.speed_ref
1764513772765,0,monitor_data.speed_ref
1764513772766,0,monitor_data.speed_ref
1764513772768,0,monitor_data.speed_ref
1764513772769,0,monitor_data.speed_ref
1764513772770,0,monitor_data.speed_ref
1764513772772,0,monitor_data.speed_ref
1764513772773,0,monitor_data.speed_ref
1764513772774,0,monitor_data.speed_ref
1764513772775,0,monitor_data.speed_ref
1764513772777,0,monitor_data.speed_ref
1764513772778,-3.233091354370117,monitor_data.speed
1764513772779,2.4406120777130127,monitor_data.speed
1764513772781,-3.2711193561553955,monitor_data.speed
1764513772782,-3.395754814147949,monitor_data.speed
1764513772783,-3.0954270362854004,monitor_data.speed
1764513772784,2.6131296157836914,monitor_data.speed
1764513772786,-3.3706634044647217,monitor_data.speed
1764513772787,-3.0665853023529053,monitor_data.speed
1764513772788,2.801464080810547,monitor_data.speed
1764513772789,2.787801742553711,monitor_data.speed
1764513772791,-2.9666268825531006,monitor_data.speed
1764513772792,2.8662493228912354,monitor_data.speed
1764513772793,2.876516819000244,monitor_data.speed
1764513772794,2.9366793632507324,monitor_data.speed
1764513772795,-2.919173240661621,monitor_data.speed
1764513772797,-2.8371927738189697,monitor_data.speed
1764513772798,2.977555513381958,monitor_data.speed
1764513772799,-2.9694442749023438,monitor_data.speed
1764513772800,-3.1087329387664795,monitor_data.speed
1764513772802,2.8280282020568848,monitor_data.speed
1764513772803,-3.0360493659973145,monitor_data.speed
1764513772804,-3.0179176330566406,monitor_data.speed
1764513772806,-3.063739776611328,monitor_data.speed
1764513772807,2.921194314956665,monitor_data.speed
1764513772808,2.735032081604004,monitor_data.speed
1764513772810,2.489217519760132,monitor_data.speed
1764513772811,2.5384702682495117,monitor_data.speed
1764513772812,-3.5164873600006104,monitor_data.speed
1764513772814,2.1408884525299072,monitor_data.speed
1764513772815,2.113797426223755,monitor_data.speed
1764513772816,2.137547016143799,monitor_data.speed
1764513772817,-3.7920162677764893,monitor_data.speed
1764513772819,-3.712986946105957,monitor_data.speed
1764513772820,-3.7379400730133057,monitor_data.speed
1764513772821,-3.8725669384002686,monitor_data.speed
1764513772822,1.8674880266189575,monitor_data.speed
1764513772823,1.9241465330123901,monitor_data.speed
1764513772825,-3.962501287460327,monitor_data.speed
1764513772826,1.8764947652816772,monitor_data.speed
1764513772778,0,monitor_data.speed_ref
1764513772779,0,monitor_data.speed_ref
1764513772781,0,monitor_data.speed_ref
1764513772782,0,monitor_data.speed_ref
1764513772783,0,monitor_data.speed_ref
1764513772784,0,monitor_data.speed_ref
1764513772786,0,monitor_data.speed_ref
1764513772787,0,monitor_data.speed_ref
1764513772788,0,monitor_data.speed_ref
1764513772789,0,monitor_data.speed_ref
1764513772791,0,monitor_data.speed_ref
1764513772792,0,monitor_data.speed_ref
1764513772793,0,monitor_data.speed_ref
1764513772794,0,monitor_data.speed_ref
1764513772795,0,monitor_data.speed_ref
1764513772797,0,monitor_data.speed_ref
1764513772798,0,monitor_data.speed_ref
1764513772799,0,monitor_data.speed_ref
1764513772800,0,monitor_data.speed_ref
1764513772802,0,monitor_data.speed_ref
1764513772803,0,monitor_data.speed_ref
1764513772804,0,monitor_data.speed_ref
1764513772806,0,monitor_data.speed_ref
1764513772807,0,monitor_data.speed_ref
1764513772808,0,monitor_data.speed_ref
1764513772810,0,monitor_data.speed_ref
1764513772811,0,monitor_data.speed_ref
1764513772812,0,monitor_data.speed_ref
1764513772814,0,monitor_data.speed_ref
1764513772815,0,monitor_data.speed_ref
1764513772816,0,monitor_data.speed_ref
1764513772817,0,monitor_data.speed_ref
1764513772819,0,monitor_data.speed_ref
1764513772820,0,monitor_data.speed_ref
1764513772821,0,monitor_data.speed_ref
1764513772822,0,monitor_data.speed_ref
1764513772823,0,monitor_data.speed_ref
1764513772825,0,monitor_data.speed_ref
1764513772826,0,monitor_data.speed_ref
1764513772827,1.8683847188949585,monitor_data.speed
1764513772829,1.7111239433288574,monitor_data.speed
1764513772830,1.7691829204559326,monitor_data.speed
1764513772831,1.7258068323135376,monitor_data.speed
1764513772833,1.543471097946167,monitor_data.speed
1764513772834,1.5204048156738281,monitor_data.speed
1764513772835,-4.412169456481934,monitor_data.speed
1764513772837,1.392486333847046,monitor_data.speed
1764513772838,1.541443943977356,monitor_data.speed
1764513772839,1.4258551597595215,monitor_data.speed
1764513772840,1.305232048034668,monitor_data.speed
1764513772842,1.3601899147033691,monitor_data.speed
1764513772843,1.251471757888794,monitor_data.speed
1764513772845,1.196987509727478,monitor_data.speed
1764513772846,1.4361021518707275,monitor_data.speed
1764513772847,-4.5644917488098145,monitor_data.speed
1764513772849,1.2883338928222656,monitor_data.speed
1764513772850,1.2938023805618286,monitor_data.speed
1764513772851,1.2494999170303345,monitor_data.speed
1764513772853,1.0865936279296875,monitor_data.speed
1764513772854,-4.8474273681640625,monitor_data.speed
1764513772855,-4.574580669403076,monitor_data.speed
1764513772857,1.3978297710418701,monitor_data.speed
1764513772858,1.4351105690002441,monitor_data.speed
1764513772860,1.1870955228805542,monitor_data.speed
1764513772861,1.099008560180664,monitor_data.speed
1764513772863,0.9558546543121338,monitor_data.speed
1764513772864,0.8834267258644104,monitor_data.speed
1764513772865,0.7762476801872253,monitor_data.speed
1764513772867,0.744723916053772,monitor_data.speed
1764513772868,-5.204853534698486,monitor_data.speed
1764513772869,0.6273249387741089,monitor_data.speed
1764513772870,-5.2521514892578125,monitor_data.speed
1764513772872,0.705935001373291,monitor_data.speed
1764513772873,0.6266784071922302,monitor_data.speed
1764513772874,0.5401483178138733,monitor_data.speed
1764513772876,0.47972798347473145,monitor_data.speed
1764513772827,0,monitor_data.speed_ref
1764513772829,0,monitor_data.speed_ref
1764513772830,0,monitor_data.speed_ref
1764513772831,0,monitor_data.speed_ref
1764513772833,0,monitor_data.speed_ref
1764513772834,0,monitor_data.speed_ref
1764513772835,0,monitor_data.speed_ref
1764513772837,0,monitor_data.speed_ref
1764513772838,0,monitor_data.speed_ref
1764513772839,0,monitor_data.speed_ref
1764513772840,0,monitor_data.speed_ref
1764513772842,0,monitor_data.speed_ref
1764513772843,0,monitor_data.speed_ref
1764513772845,0,monitor_data.speed_ref
1764513772846,0,monitor_data.speed_ref
1764513772847,0,monitor_data.speed_ref
1764513772849,0,monitor_data.speed_ref
1764513772850,0,monitor_data.speed_ref
1764513772851,0,monitor_data.speed_ref
1764513772853,0,monitor_data.speed_ref
1764513772854,0,monitor_data.speed_ref
1764513772855,0,monitor_data.speed_ref
1764513772857,0,monitor_data.speed_ref
1764513772858,0,monitor_data.speed_ref
1764513772860,0,monitor_data.speed_ref
1764513772861,0,monitor_data.speed_ref
1764513772863,0,monitor_data.speed_ref
1764513772864,0,monitor_data.speed_ref
1764513772865,0,monitor_data.speed_ref
1764513772867,0,monitor_data.speed_ref
1764513772868,0,monitor_data.speed_ref
1764513772869,0,monitor_data.speed_ref
1764513772870,0,monitor_data.speed_ref
1764513772872,0,monitor_data.speed_ref
1764513772873,0,monitor_data.speed_ref
1764513772874,0,monitor_data.speed_ref
1764513772876,0,monitor_data.speed_ref
1764513772877,0.4178575873374939,monitor_data.speed
1764513772878,0.37133124470710754,monitor_data.speed
1764513772879,-5.473918914794922,monitor_data.speed
1764513772881,0.3912149965763092,monitor_data.speed
1764513772882,0.4017826318740845,monitor_data.speed
1764513772883,0.35708269476890564,monitor_data.speed
1764513772884,0.37152794003486633,monitor_data.speed
1764513772886,0.3238592743873596,monitor_data.speed
1764513772887,0.34317734837532043,monitor_data.speed
1764513772888,0.36076149344444275,monitor_data.speed
1764513772890,0.5288491249084473,monitor_data.speed
1764513772891,0.5793799161911011,monitor_data.speed
1764513772892,0.5702245235443115,monitor_data.speed
1764513772893,0.5600003600120544,monitor_data.speed
1764513772895,0.7705961465835571,monitor_data.speed
1764513772896,0.8957610726356506,monitor_data.speed
1764513772897,-4.752584457397461,monitor_data.speed
1764513772899,1.0874531269073486,monitor_data.speed
1764513772900,-4.629168510437012,monitor_data.speed
1764513772901,-4.48804235458374,monitor_data.speed
1764513772903,1.454017162322998,monitor_data.speed
1764513772904,1.3589961528778076,monitor_data.speed
1764513772905,1.316429615020752,monitor_data.speed
1764513772906,1.2224255800247192,monitor_data.speed
1764513772908,1.1150099039077759,monitor_data.speed
1764513772909,1.3484116792678833,monitor_data.speed
1764513772910,-4.6046319007873535,monitor_data.speed
1764513772911,1.4327820539474487,monitor_data.speed
1764513772913,1.5933549404144287,monitor_data.speed
1764513772914,1.6839373111724854,monitor_data.speed
1764513772915,1.6206083297729492,monitor_data.speed
1764513772917,-4.238545894622803,monitor_data.speed
1764513772918,1.6954777240753174,monitor_data.speed
1764513772919,-4.347546100616455,monitor_data.speed
1764513772921,1.5021623373031616,monitor_data.speed
1764513772922,-4.257565498352051,monitor_data.speed
1764513772923,-4.23529577255249,monitor_data.speed
1764513772924,-4.176383972167969,monitor_data.speed
1764513772926,-4.07250452041626,monitor_data.speed
1764513772927,2.0636374950408936,monitor_data.speed
1764513772877,0,monitor_data.speed_ref
1764513772878,0,monitor_data.speed_ref
1764513772879,0,monitor_data.speed_ref
1764513772881,0,monitor_data.speed_ref
1764513772882,0,monitor_data.speed_ref
1764513772883,0,monitor_data.speed_ref
1764513772884,0,monitor_data.speed_ref
1764513772886,0,monitor_data.speed_ref
1764513772887,0,monitor_data.speed_ref
1764513772888,0,monitor_data.speed_ref
1764513772890,0,monitor_data.speed_ref
1764513772891,0,monitor_data.speed_ref
1764513772892,0,monitor_data.speed_ref
1764513772893,0,monitor_data.speed_ref
1764513772895,0,monitor_data.speed_ref
1764513772896,0,monitor_data.speed_ref
1764513772897,0,monitor_data.speed_ref
1764513772899,0,monitor_data.speed_ref
1764513772900,0,monitor_data.speed_ref
1764513772901,0,monitor_data.speed_ref
1764513772903,0,monitor_data.speed_ref
1764513772904,0,monitor_data.speed_ref
1764513772905,0,monitor_data.speed_ref
1764513772906,0,monitor_data.speed_ref
1764513772908,0,monitor_data.speed_ref
1764513772909,0,monitor_data.speed_ref
1764513772910,0,monitor_data.speed_ref
1764513772911,0,monitor_data.speed_ref
1764513772913,0,monitor_data.speed_ref
1764513772914,0,monitor_data.speed_ref
1764513772915,0,monitor_data.speed_ref
1764513772917,0,monitor_data.speed_ref
1764513772918,0,monitor_data.speed_ref
1764513772919,0,monitor_data.speed_ref
1764513772921,0,monitor_data.speed_ref
1764513772922,0,monitor_data.speed_ref
1764513772923,0,monitor_data.speed_ref
1764513772924,0,monitor_data.speed_ref
1764513772926,0,monitor_data.speed_ref
1764513772927,0,monitor_data.speed_ref
1764513772929,-3.7916901111602783,monitor_data.speed
1764513772930,-3.5115230083465576,monitor_data.speed
1764513772931,-3.3351669311523438,monitor_data.speed
1764513772932,2.677194595336914,monitor_data.speed
1764513772934,2.790855646133423,monitor_data.speed
1764513772935,-2.91027569770813,monitor_data.speed
1764513772936,3.10750675201416,monitor_data.speed
1764513772937,-2.816823720932007,monitor_data.speed
1764513772939,-2.750014543533325,monitor_data.speed
1764513772940,3.1417574882507324,monitor_data.speed
1764513772941,3.1453840732574463,monitor_data.speed
1764513772943,3.180858612060547,monitor_data.speed
1764513772944,-2.5078978538513184,monitor_data.speed
1764513772945,3.5253639221191406,monitor_data.speed
1764513772946,-2.459918260574341,monitor_data.speed
1764513772948,3.333068609237671,monitor_data.speed
1764513772949,3.5685832500457764,monitor_data.speed
1764513772950,-2.151334524154663,monitor_data.speed
1764513772952,-2.128401517868042,monitor_data.speed
1764513772953,-1.866694450378418,monitor_data.speed
1764513772954,-1.6567585468292236,monitor_data.speed
1764513772956,-1.495059847831726,monitor_data.speed
1764513772957,-1.605265736579895,monitor_data.speed
1764513772958,-1.5749051570892334,monitor_data.speed
1764513772959,4.310570240020752,monitor_data.speed
1764513772961,-1.6330052614212036,monitor_data.speed
1764513772962,-1.6560567617416382,monitor_data.speed
1764513772963,-1.737665057182312,monitor_data.speed
1764513772965,4.2239861488342285,monitor_data.speed
1764513772966,-1.5925408601760864,monitor_data.speed
1764513772967,-1.6227540969848633,monitor_data.speed
1764513772969,-1.6437560319900513,monitor_data.speed
1764513772970,-1.7224234342575073,monitor_data.speed
1764513772971,-1.7448365688323975,monitor_data.speed
1764513772972,4.045469284057617,monitor_data.speed
1764513772974,3.8766167163848877,monitor_data.speed
1764513772975,-1.881524682044983,monitor_data.speed
1764513772976,3.9278202056884766,monitor_data.speed
1764513772978,-2.016890525817871,monitor_data.speed
1764513772929,0,monitor_data.speed_ref
1764513772930,0,monitor_data.speed_ref
1764513772931,0,monitor_data.speed_ref
1764513772932,0,monitor_data.speed_ref
1764513772934,0,monitor_data.speed_ref
1764513772935,0,monitor_data.speed_ref
1764513772936,0,monitor_data.speed_ref
1764513772937,0,monitor_data.speed_ref
1764513772939,0,monitor_data.speed_ref
1764513772940,0,monitor_data.speed_ref
1764513772941,0,monitor_data.speed_ref
1764513772943,0,monitor_data.speed_ref
1764513772944,0,monitor_data.speed_ref
1764513772945,0,monitor_data.speed_ref
1764513772946,0,monitor_data.speed_ref
1764513772948,0,monitor_data.speed_ref
1764513772949,0,monitor_data.speed_ref
1764513772950,0,monitor_data.speed_ref
1764513772952,0,monitor_data.speed_ref
1764513772953,0,monitor_data.speed_ref
1764513772954,0,monitor_data.speed_ref
1764513772956,0,monitor_data.speed_ref
1764513772957,0,monitor_data.speed_ref
1764513772958,0,monitor_data.speed_ref
1764513772959,0,monitor_data.speed_ref
1764513772961,0,monitor_data.speed_ref
1764513772962,0,monitor_data.speed_ref
1764513772963,0,monitor_data.speed_ref
1764513772965,0,monitor_data.speed_ref
1764513772966,0,monitor_data.speed_ref
1764513772967,0,monitor_data.speed_ref
1764513772969,0,monitor_data.speed_ref
1764513772970,0,monitor_data.speed_ref
1764513772971,0,monitor_data.speed_ref
1764513772972,0,monitor_data.speed_ref
1764513772974,0,monitor_data.speed_ref
1764513772975,0,monitor_data.speed_ref
1764513772976,0,monitor_data.speed_ref
1764513772978,0,monitor_data.speed_ref
1764513772979,3.8101089000701904,monitor_data.speed
1764513772980,3.3630480766296387,monitor_data.speed
1764513772982,3.125053644180298,monitor_data.speed
1764513772983,2.9392969608306885,monitor_data.speed
1764513772984,2.8597984313964844,monitor_data.speed
1764513772985,2.704726219177246,monitor_data.speed
1764513772987,2.607823610305786,monitor_data.speed
1764513772988,2.476895570755005,monitor_data.speed
1764513772990,2.2270121574401855,monitor_data.speed
1764513772991,1.955273151397705,monitor_data.speed
1764513772992,1.7168169021606445,monitor_data.speed
1764513772993,1.5227097272872925,monitor_data.speed
1764513772995,1.337233304977417,monitor_data.speed
1764513772996,1.1628119945526123,monitor_data.speed
1764513772998,0.9913251996040344,monitor_data.speed
1764513772999,0.8709309101104736,monitor_data.speed
1764513773000,0.7502195239067078,monitor_data.speed
1764513773002,0.6659315824508667,monitor_data.speed
1764513773003,0.579620897769928,monitor_data.speed
1764513773004,0.514715850353241,monitor_data.speed
1764513773006,0.44825318455696106,monitor_data.speed
1764513773007,0.3982734978199005,monitor_data.speed
1764513773008,0.3470943570137024,monitor_data.speed
1764513773009,0.3086077570915222,monitor_data.speed
1764513773011,0.27183228731155396,monitor_data.speed
1764513773012,0.24189643561840057,monitor_data.speed
1764513773013,5.954026699066162,monitor_data.speed
1764513773015,5.225809097290039,monitor_data.speed
1764513773016,4.633028984069824,monitor_data.speed
1764513773017,4.066601753234863,monitor_data.speed
1764513773018,3.569549560546875,monitor_data.speed
1764513773020,3.0747833251953125,monitor_data.speed
1764513773021,8.133109092712402,monitor_data.speed
1764513773022,7.21001672744751,monitor_data.speed
1764513773023,6.327966690063477,monitor_data.speed
1764513773025,10.906291961669922,monitor_data.speed
1764513773026,9.66811752319336,monitor_data.speed
1764513773027,14.03174114227295,monitor_data.speed
1764513773028,12.314168930053711,monitor_data.speed
1764513772979,0,monitor_data.speed_ref
1764513772980,0,monitor_data.speed_ref
1764513772982,0,monitor_data.speed_ref
1764513772983,0,monitor_data.speed_ref
1764513772984,0,monitor_data.speed_ref
1764513772985,0,monitor_data.speed_ref
1764513772987,0,monitor_data.speed_ref
1764513772988,0,monitor_data.speed_ref
1764513772990,0,monitor_data.speed_ref
1764513772991,0,monitor_data.speed_ref
1764513772992,0,monitor_data.speed_ref
1764513772993,0,monitor_data.speed_ref
1764513772995,0,monitor_data.speed_ref
1764513772996,0,monitor_data.speed_ref
1764513772998,0,monitor_data.speed_ref
1764513772999,0,monitor_data.speed_ref
1764513773000,0,monitor_data.speed_ref
1764513773002,0,monitor_data.speed_ref
1764513773003,0,monitor_data.speed_ref
1764513773004,0,monitor_data.speed_ref
1764513773006,0,monitor_data.speed_ref
1764513773007,0,monitor_data.speed_ref
1764513773008,0,monitor_data.speed_ref
1764513773009,0,monitor_data.speed_ref
1764513773011,0,monitor_data.speed_ref
1764513773012,0,monitor_data.speed_ref
1764513773013,0,monitor_data.speed_ref
1764513773015,0,monitor_data.speed_ref
1764513773016,0,monitor_data.speed_ref
1764513773017,0,monitor_data.speed_ref
1764513773018,0,monitor_data.speed_ref
1764513773020,0,monitor_data.speed_ref
1764513773021,0,monitor_data.speed_ref
1764513773022,0,monitor_data.speed_ref
1764513773023,0,monitor_data.speed_ref
1764513773025,0,monitor_data.speed_ref
1764513773026,0,monitor_data.speed_ref
1764513773027,0,monitor_data.speed_ref
1764513773028,0,monitor_data.speed_ref
1764513773030,16.2694034576416,monitor_data.speed
1764513773031,19.93586540222168,monitor_data.speed
1764513773032,17.495162963867188,monitor_data.speed
1764513773034,20.706052780151367,monitor_data.speed
1764513773035,29.089323043823242,monitor_data.speed
1764513773036,36.8480110168457,monitor_data.speed
1764513773038,43.43136215209961,monitor_data.speed
1764513773039,54.790679931640625,monitor_data.speed
1764513773040,64.69718933105469,monitor_data.speed
1764513773042,77.78741455078125,monitor_data.speed
1764513773043,84.98655700683594,monitor_data.speed
1764513773045,95.86480712890625,monitor_data.speed
1764513773046,100.62519073486328,monitor_data.speed
1764513773047,113.94023895263672,monitor_data.speed
1764513773049,116.70750427246094,monitor_data.speed
1764513773050,124.43997192382812,monitor_data.speed
1764513773051,132.4344024658203,monitor_data.speed
1764513773052,142.4897003173828,monitor_data.speed
1764513773054,154.12423706054688,monitor_data.speed
1764513773055,158.85768127441406,monitor_data.speed
1764513773056,172.52919006347656,monitor_data.speed
1764513773057,180.63429260253906,monitor_data.speed
1764513773059,197.26722717285156,monitor_data.speed
1764513773060,208.417724609375,monitor_data.speed
1764513773061,223.82400512695312,monitor_data.speed
1764513773062,240.73873901367188,monitor_data.speed
1764513773064,264.0746154785156,monitor_data.speed
1764513773065,289.7179870605469,monitor_data.speed
1764513773066,309.5466613769531,monitor_data.speed
1764513773068,335.0406188964844,monitor_data.speed
1764513773069,370.3835144042969,monitor_data.speed
1764513773070,391.3719177246094,monitor_data.speed
1764513773071,428.9803161621094,monitor_data.speed
1764513773073,466.7406311035156,monitor_data.speed
1764513773074,487.5804443359375,monitor_data.speed
1764513773076,512.334716796875,monitor_data.speed
1764513773077,526.8118286132812,monitor_data.speed
1764513773078,550.430908203125,monitor_data.speed
1764513773030,0,monitor_data.speed_ref
1764513773031,0,monitor_data.speed_ref
1764513773032,0,monitor_data.speed_ref
1764513773034,0,monitor_data.speed_ref
1764513773035,0,monitor_data.speed_ref
1764513773036,0,monitor_data.speed_ref
1764513773038,0,monitor_data.speed_ref
1764513773039,0,monitor_data.speed_ref
1764513773040,0,monitor_data.speed_ref
1764513773042,0,monitor_data.speed_ref
1764513773043,0,monitor_data.speed_ref
1764513773045,0,monitor_data.speed_ref
1764513773046,0,monitor_data.speed_ref
1764513773047,0,monitor_data.speed_ref
1764513773049,0,monitor_data.speed_ref
1764513773050,0,monitor_data.speed_ref
1764513773051,0,monitor_data.speed_ref
1764513773052,0,monitor_data.speed_ref
1764513773054,0,monitor_data.speed_ref
1764513773055,0,monitor_data.speed_ref
1764513773056,0,monitor_data.speed_ref
1764513773057,0,monitor_data.speed_ref
1764513773059,0,monitor_data.speed_ref
1764513773060,0,monitor_data.speed_ref
1764513773061,0,monitor_data.speed_ref
1764513773062,0,monitor_data.speed_ref
1764513773064,0,monitor_data.speed_ref
1764513773065,0,monitor_data.speed_ref
1764513773066,0,monitor_data.speed_ref
1764513773068,0,monitor_data.speed_ref
1764513773069,0,monitor_data.speed_ref
1764513773070,0,monitor_data.speed_ref
1764513773071,0,monitor_data.speed_ref
1764513773073,0,monitor_data.speed_ref
1764513773074,0,monitor_data.speed_ref
1764513773076,0,monitor_data.speed_ref
1764513773077,0,monitor_data.speed_ref
1764513773078,0,monitor_data.speed_ref
1764513773080,560.2971801757812,monitor_data.speed
1764513773081,585.75048828125,monitor_data.speed
1764513773082,596.916748046875,monitor_data.speed
1764513773083,623.2933959960938,monitor_data.speed
1764513773085,641.5175170898438,monitor_data.speed
1764513773086,667.6309204101562,monitor_data.speed
1764513773087,685.3331909179688,monitor_data.speed
1764513773088,706.991455078125,monitor_data.speed
1764513773090,736.0026245117188,monitor_data.speed
1764513773091,766.004638671875,monitor_data.speed
1764513773092,786.296630859375,monitor_data.speed
1764513773093,810.0941162109375,monitor_data.speed
1764513773094,827.9039306640625,monitor_data.speed
1764513773096,856.1738891601562,monitor_data.speed
1764513773097,875.629638671875,monitor_data.speed
1764513773098,906.2340698242188,monitor_data.speed
1764513773099,925.2030639648438,monitor_data.speed
1764513773101,955.5919799804688,monitor_data.speed
1764513773102,976.948974609375,monitor_data.speed
1764513773103,1001.2704467773438,monitor_data.speed
1764513773105,1016.69482421875,monitor_data.speed
1764513773106,1042.6474609375,monitor_data.speed
1764513773107,1051.7469482421875,monitor_data.speed
1764513773109,1077.901123046875,monitor_data.speed
1764513773110,1083.9912109375,monitor_data.speed
1764513773111,1099.3292236328125,monitor_data.speed
1764513773112,1140.5592041015625,monitor_data.speed
1764513773114,1155.4366455078125,monitor_data.speed
1764513773115,1184.8800048828125,monitor_data.speed
1764513773116,1188.8636474609375,monitor_data.speed
1764513773117,1209.13330078125,monitor_data.speed
1764513773119,1226.02294921875,monitor_data.speed
1764513773120,1236.5078125,monitor_data.speed
1764513773122,1251.0162353515625,monitor_data.speed
1764513773123,1264.384521484375,monitor_data.speed
1764513773124,1280.2919921875,monitor_data.speed
1764513773125,1294.9521484375,monitor_data.speed
1764513773127,1303.0960693359375,monitor_data.speed
1764513773128,1338.6671142578125,monitor_data.speed
1764513773080,0,monitor_data.speed_ref
1764513773081,0,monitor_data.speed_ref
1764513773082,0,monitor_data.speed_ref
1764513773083,0,monitor_data.speed_ref
1764513773085,0,monitor_data.speed_ref
1764513773086,0,monitor_data.speed_ref
1764513773087,0,monitor_data.speed_ref
1764513773088,0,monitor_data.speed_ref
1764513773090,0,monitor_data.speed_ref
1764513773091,0,monitor_data.speed_ref
1764513773092,0,monitor_data.speed_ref
1764513773093,0,monitor_data.speed_ref
1764513773094,0,monitor_data.speed_ref
1764513773096,0,monitor_data.speed_ref
1764513773097,0,monitor_data.speed_ref
1764513773098,0,monitor_data.speed_ref
1764513773099,0,monitor_data.speed_ref
1764513773101,0,monitor_data.speed_ref
1764513773102,0,monitor_data.speed_ref
1764513773103,0,monitor_data.speed_ref
1764513773105,0,monitor_data.speed_ref
1764513773106,0,monitor_data.speed_ref
1764513773107,0,monitor_data.speed_ref
1764513773109,0,monitor_data.speed_ref
1764513773110,0,monitor_data.speed_ref
1764513773111,0,monitor_data.speed_ref
1764513773112,0,monitor_data.speed_ref
1764513773114,0,monitor_data.speed_ref
1764513773115,0,monitor_data.speed_ref
1764513773116,0,monitor_data.speed_ref
1764513773117,0,monitor_data.speed_ref
1764513773119,0,monitor_data.speed_ref
1764513773120,0,monitor_data.speed_ref
1764513773122,0,monitor_data.speed_ref
1764513773123,0,monitor_data.speed_ref
1764513773124,0,monitor_data.speed_ref
1764513773125,0,monitor_data.speed_ref
1764513773127,0,monitor_data.speed_ref
1764513773128,0,monitor_data.speed_ref
1764513773129,1384.0908203125,monitor_data.speed
1764513773131,1383.6123046875,monitor_data.speed
1764513773132,1398.0927734375,monitor_data.speed
1764513773133,1399.9840087890625,monitor_data.speed
1764513773134,1416.326416015625,monitor_data.speed
1764513773136,1419.55419921875,monitor_data.speed
1764513773137,1438.9686279296875,monitor_data.speed
1764513773138,1445.17041015625,monitor_data.speed
1764513773140,1461.826904296875,monitor_data.speed
1764513773141,1465.223388671875,monitor_data.speed
1764513773142,1485.0062255859375,monitor_data.speed
1764513773143,1485.617919921875,monitor_data.speed
1764513773145,1488.3797607421875,monitor_data.speed
1764513773146,1507.29443359375,monitor_data.speed
1764513773147,1526.5689697265625,monitor_data.speed
1764513773149,1527.7279052734375,monitor_data.speed
1764513773150,1540.136474609375,monitor_data.speed
1764513773151,1534.16552734375,monitor_data.speed
1764513773153,1541.88818359375,monitor_data.speed
1764513773154,1555.2586669921875,monitor_data.speed
1764513773155,1573.8382568359375,monitor_data.speed
1764513773157,1589.2926025390625,monitor_data.speed
1764513773158,1584.34423828125,monitor_data.speed
1764513773159,1598.819091796875,monitor_data.speed
1764513773160,1594.906494140625,monitor_data.speed
1764513773162,1596.5155029296875,monitor_data.speed
1764513773163,1610.3194580078125,monitor_data.speed
1764513773164,1607.4796142578125,monitor_data.speed
1764513773166,1619.712890625,monitor_data.speed
1764513773167,1646.420166015625,monitor_data.speed
1764513773168,1654.9476318359375,monitor_data.speed
1764513773170,1641.162109375,monitor_data.speed
1764513773171,1649.1292724609375,monitor_data.speed
1764513773172,1640.743896484375,monitor_data.speed
1764513773173,1637.4820556640625,monitor_data.speed
1764513773175,1640.7447509765625,monitor_data.speed
1764513773176,1638.295654296875,monitor_data.speed
1764513773177,1651.829833984375,monitor_data.speed
1764513773178,1648.3505859375,monitor_data.speed
1764513773129,0,monitor_data.speed_ref
1764513773131,0,monitor_data.speed_ref
1764513773132,0,monitor_data.speed_ref
1764513773133,0,monitor_data.speed_ref
1764513773134,0,monitor_data.speed_ref
1764513773136,0,monitor_data.speed_ref
1764513773137,0,monitor_data.speed_ref
1764513773138,0,monitor_data.speed_ref
1764513773140,0,monitor_data.speed_ref
1764513773141,0,monitor_data.speed_ref
1764513773142,0,monitor_data.speed_ref
1764513773143,0,monitor_data.speed_ref
1764513773145,0,monitor_data.speed_ref
1764513773146,0,monitor_data.speed_ref
1764513773147,0,monitor_data.speed_ref
1764513773149,0,monitor_data.speed_ref
1764513773150,0,monitor_data.speed_ref
1764513773151,0,monitor_data.speed_ref
1764513773153,0,monitor_data.speed_ref
1764513773154,0,monitor_data.speed_ref
1764513773155,0,monitor_data.speed_ref
1764513773157,0,monitor_data.speed_ref
1764513773158,0,monitor_data.speed_ref
1764513773159,0,monitor_data.speed_ref
1764513773160,0,monitor_data.speed_ref
1764513773162,0,monitor_data.speed_ref
1764513773163,0,monitor_data.speed_ref
1764513773164,0,monitor_data.speed_ref
1764513773166,0,monitor_data.speed_ref
1764513773167,0,monitor_data.speed_ref
1764513773168,0,monitor_data.speed_ref
1764513773170,0,monitor_data.speed_ref
1764513773171,0,monitor_data.speed_ref
1764513773172,0,monitor_data.speed_ref
1764513773173,0,monitor_data.speed_ref
1764513773175,0,monitor_data.speed_ref
1764513773176,0,monitor_data.speed_ref
1764513773177,0,monitor_data.speed_ref
1764513773178,0,monitor_data.speed_ref
1764513773180,1657.0836181640625,monitor_data.speed
1764513773181,1653.5703125,monitor_data.speed
1764513773182,1665.0350341796875,monitor_data.speed
1764513773184,1664.3623046875,monitor_data.speed
1764513773185,1675.2152099609375,monitor_data.speed
1764513773186,1663.9019775390625,monitor_data.speed
1764513773187,1674.7025146484375,monitor_data.speed
1764513773189,1667.8604736328125,monitor_data.speed
1764513773190,1655.8216552734375,monitor_data.speed
1764513773191,1693.0362548828125,monitor_data.speed
1764513773192,1699.4501953125,monitor_data.speed
1764513773194,1706.1417236328125,monitor_data.speed
1764513773195,1696.6226806640625,monitor_data.speed
1764513773197,1699.862548828125,monitor_data.speed
1764513773198,1703.0557861328125,monitor_data.speed
1764513773199,1698.6571044921875,monitor_data.speed
1764513773201,1705.9364013671875,monitor_data.speed
1764513773202,1717.5057373046875,monitor_data.speed
1764513773203,1722.17529296875,monitor_data.speed
1764513773205,1709.490966796875,monitor_data.speed
1764513773206,1709.4581298828125,monitor_data.speed
1764513773207,1698.7027587890625,monitor_data.speed
1764513773209,1700.2017822265625,monitor_data.speed
1764513773210,1695.7039794921875,monitor_data.speed
1764513773211,1697.790771484375,monitor_data.speed
1764513773212,1693.92919921875,monitor_data.speed
1764513773214,1702.2052001953125,monitor_data.speed
1764513773215,1697.2513427734375,monitor_data.speed
1764513773216,1697.5123291015625,monitor_data.speed
1764513773217,1704.774658203125,monitor_data.speed
1764513773219,1704.9443359375,monitor_data.speed
1764513773220,1710.76025390625,monitor_data.speed
1764513773221,1705.036376953125,monitor_data.speed
1764513773222,1711.180419921875,monitor_data.speed
1764513773224,1700.3255615234375,monitor_data.speed
1764513773225,1705.8948974609375,monitor_data.speed
1764513773226,1743.655517578125,monitor_data.speed
1764513773228,1761.389404296875,monitor_data.speed
1764513773229,1744.262451171875,monitor_data.speed
1764513773180,0,monitor_data.speed_ref
1764513773181,0,monitor_data.speed_ref
1764513773182,0,monitor_data.speed_ref
1764513773184,0,monitor_data.speed_ref
1764513773185,0,monitor_data.speed_ref
1764513773186,0,monitor_data.speed_ref
1764513773187,0,monitor_data.speed_ref
1764513773189,0,monitor_data.speed_ref
1764513773190,0,monitor_data.speed_ref
1764513773191,0,monitor_data.speed_ref
1764513773192,0,monitor_data.speed_ref
1764513773194,0,monitor_data.speed_ref
1764513773195,0,monitor_data.speed_ref
1764513773197,0,monitor_data.speed_ref
1764513773198,0,monitor_data.speed_ref
1764513773199,0,monitor_data.speed_ref
1764513773201,0,monitor_data.speed_ref
1764513773202,0,monitor_data.speed_ref
1764513773203,0,monitor_data.speed_ref
1764513773205,0,monitor_data.speed_ref
1764513773206,0,monitor_data.speed_ref
1764513773207,0,monitor_data.speed_ref
1764513773209,0,monitor_data.speed_ref
1764513773210,0,monitor_data.speed_ref
1764513773211,0,monitor_data.speed_ref
1764513773212,0,monitor_data.speed_ref
1764513773214,0,monitor_data.speed_ref
1764513773215,0,monitor_data.speed_ref
1764513773216,0,monitor_data.speed_ref
1764513773217,0,monitor_data.speed_ref
1764513773219,0,monitor_data.speed_ref
1764513773220,0,monitor_data.speed_ref
1764513773221,0,monitor_data.speed_ref
1764513773222,0,monitor_data.speed_ref
1764513773224,0,monitor_data.speed_ref
1764513773225,0,monitor_data.speed_ref
1764513773226,0,monitor_data.speed_ref
1764513773228,0,monitor_data.speed_ref
1764513773229,0,monitor_data.speed_ref
1764513773230,1745.43994140625,monitor_data.speed
1764513773232,1740.9908447265625,monitor_data.speed
1764513773233,1748.0252685546875,monitor_data.speed
1764513773234,1755.4151611328125,monitor_data.speed
1764513773236,1739.351806640625,monitor_data.speed
1764513773237,1769.4459228515625,monitor_data.speed
1764513773238,1757.2996826171875,monitor_data.speed
1764513773239,1745.7564697265625,monitor_data.speed
1764513773241,1740.88671875,monitor_data.speed
1764513773242,1743.2532958984375,monitor_data.speed
1764513773243,1734.20361328125,monitor_data.speed
1764513773245,1720.19384765625,monitor_data.speed
1764513773246,1729.7244873046875,monitor_data.speed
1764513773247,1722.3641357421875,monitor_data.speed
1764513773249,1726.32763671875,monitor_data.speed
1764513773250,1724.384033203125,monitor_data.speed
1764513773251,1733.7357177734375,monitor_data.speed
1764513773252,1725.5745849609375,monitor_data.speed
1764513773254,1740.1292724609375,monitor_data.speed
1764513773255,1731.2576904296875,monitor_data.speed
1764513773256,1734.406982421875,monitor_data.speed
1764513773257,1726.2840576171875,monitor_data.speed
1764513773259,1730.4345703125,monitor_data.speed
1764513773260,1734.495361328125,monitor_data.speed
1764513773261,1735.979248046875,monitor_data.speed
1764513773262,1759.61962890625,monitor_data.speed
1764513773264,1748.49609375,monitor_data.speed
1764513773265,1755.3018798828125,monitor_data.speed
1764513773266,1750.3936767578125,monitor_data.speed
1764513773267,1757.611328125,monitor_data.speed
1764513773269,1746.9686279296875,monitor_data.speed
1764513773270,1753.8087158203125,monitor_data.speed
1764513773272,1760.430419921875,monitor_data.speed
1764513773273,1765.86376953125,monitor_data.speed
1764513773274,1765.3154296875,monitor_data.speed
1764513773276,1748.08056640625,monitor_data.speed
1764513773277,1749.421875,monitor_data.speed
1764513773278,1739.6650390625,monitor_data.speed
1764513773280,1742.8221435546875,monitor_data.speed
1764513773230,0,monitor_data.speed_ref
1764513773232,0,monitor_data.speed_ref
1764513773233,0,monitor_data.speed_ref
1764513773234,0,monitor_data.speed_ref
1764513773236,0,monitor_data.speed_ref
1764513773237,0,monitor_data.speed_ref
1764513773238,0,monitor_data.speed_ref
1764513773239,0,monitor_data.speed_ref
1764513773241,0,monitor_data.speed_ref
1764513773242,0,monitor_data.speed_ref
1764513773243,0,monitor_data.speed_ref
1764513773245,0,monitor_data.speed_ref
1764513773246,0,monitor_data.speed_ref
1764513773247,0,monitor_data.speed_ref
1764513773249,0,monitor_data.speed_ref
1764513773250,0,monitor_data.speed_ref
1764513773251,0,monitor_data.speed_ref
1764513773252,0,monitor_data.speed_ref
1764513773254,0,monitor_data.speed_ref
1764513773255,0,monitor_data.speed_ref
1764513773256,0,monitor_data.speed_ref
1764513773257,0,monitor_data.speed_ref
1764513773259,0,monitor_data.speed_ref
1764513773260,0,monitor_data.speed_ref
1764513773261,0,monitor_data.speed_ref
1764513773262,0,monitor_data.speed_ref
1764513773264,0,monitor_data.speed_ref
1764513773265,0,monitor_data.speed_ref
1764513773266,0,monitor_data.speed_ref
1764513773267,0,monitor_data.speed_ref
1764513773269,0,monitor_data.speed_ref
1764513773270,0,monitor_data.speed_ref
1764513773272,0,monitor_data.speed_ref
1764513773273,0,monitor_data.speed_ref
1764513773274,0,monitor_data.speed_ref
1764513773276,0,monitor_data.speed_ref
1764513773277,0,monitor_data.speed_ref
1764513773278,0,monitor_data.speed_ref
1764513773280,0,monitor_data.speed_ref
1764513773281,1728.377197265625,monitor_data.speed
1764513773282,1742.904541015625,monitor_data.speed
1764513773283,1734.1253662109375,monitor_data.speed
1764513773285,1743.041015625,monitor_data.speed
1764513773286,1739.6578369140625,monitor_data.speed
1764513773287,1736.0867919921875,monitor_data.speed
1764513773288,1743.802978515625,monitor_data.speed
1764513773290,1739.8699951171875,monitor_data.speed
1764513773291,1742.2232666015625,monitor_data.speed
1764513773292,1733.0042724609375,monitor_data.speed
1764513773293,1735.9439697265625,monitor_data.speed
1764513773295,1727.4766845703125,monitor_data.speed
1764513773296,1757.51416015625,monitor_data.speed
1764513773297,1772.9912109375,monitor_data.speed
1764513773298,1776.2188720703125,monitor_data.speed
1764513773299,1762.797119140625,monitor_data.speed
1764513773301,1767.1173095703125,monitor_data.speed
1764513773302,1760.1773681640625,monitor_data.speed
1764513773303,1764.915771484375,monitor_data.speed
1764513773305,1769.90234375,monitor_data.speed
1764513773306,1769.0335693359375,monitor_data.speed
1764513773307,1772.45751953125,monitor_data.speed
1764513773309,1775.9769287109375,monitor_data.speed
1764513773310,1757.0635986328125,monitor_data.speed
1764513773311,1762.6849365234375,monitor_data.speed
1764513773312,1751.4774169921875,monitor_data.speed
1764513773314,1752.87060546875,monitor_data.speed
1764513773315,1737.053955078125,monitor_data.speed
1764513773316,1744.9046630859375,monitor_data.speed
1764513773318,1735.488525390625,monitor_data.speed
1764513773319,1743.091064453125,monitor_data.speed
1764513773320,1739.1453857421875,monitor_data.speed
1764513773322,1746.4066162109375,monitor_data.speed
1764513773323,1747.6439208984375,monitor_data.speed
1764513773324,1748.7965087890625,monitor_data.speed
1764513773326,1738.4664306640625,monitor_data.speed
1764513773327,1745.8623046875,monitor_data.speed
1764513773328,1730.9168701171875,monitor_data.speed
1764513773329,1751.20654296875,monitor_data.speed
1764513773281,0,monitor_data.speed_ref
1764513773282,0,monitor_data.speed_ref
1764513773283,0,monitor_data.speed_ref
1764513773285,0,monitor_data.speed_ref
1764513773286,0,monitor_data.speed_ref
1764513773287,0,monitor_data.speed_ref
1764513773288,0,monitor_data.speed_ref
1764513773290,0,monitor_data.speed_ref
1764513773291,0,monitor_data.speed_ref
1764513773292,0,monitor_data.speed_ref
1764513773293,0,monitor_data.speed_ref
1764513773295,0,monitor_data.speed_ref
1764513773296,0,monitor_data.speed_ref
1764513773297,0,monitor_data.speed_ref
1764513773298,0,monitor_data.speed_ref
1764513773299,0,monitor_data.speed_ref
1764513773301,0,monitor_data.speed_ref
1764513773302,0,monitor_data.speed_ref
1764513773303,0,monitor_data.speed_ref
1764513773305,0,monitor_data.speed_ref
1764513773306,0,monitor_data.speed_ref
1764513773307,0,monitor_data.speed_ref
1764513773309,0,monitor_data.speed_ref
1764513773310,0,monitor_data.speed_ref
1764513773311,0,monitor_data.speed_ref
1764513773312,0,monitor_data.speed_ref
1764513773314,0,monitor_data.speed_ref
1764513773315,0,monitor_data.speed_ref
1764513773316,0,monitor_data.speed_ref
1764513773318,0,monitor_data.speed_ref
1764513773319,0,monitor_data.speed_ref
1764513773320,0,monitor_data.speed_ref
1764513773322,0,monitor_data.speed_ref
1764513773323,0,monitor_data.speed_ref
1764513773324,0,monitor_data.speed_ref
1764513773326,0,monitor_data.speed_ref
1764513773327,0,monitor_data.speed_ref
1764513773328,0,monitor_data.speed_ref
1764513773329,0,monitor_data.speed_ref
1764513773331,1779.7998046875,monitor_data.speed
1764513773332,1766.1953125,monitor_data.speed
1764513773335,1770.2027587890625,monitor_data.speed
1764513773337,1763.2618408203125,monitor_data.speed
1764513773338,1768.30078125,monitor_data.speed
1764513773340,1755.867919921875,monitor_data.speed
1764513773341,1778.2059326171875,monitor_data.speed
1764513773342,1781.170654296875,monitor_data.speed
1764513773344,1767.0526123046875,monitor_data.speed
1764513773345,1759.9334716796875,monitor_data.speed
1764513773347,1748.501220703125,monitor_data.speed
1764513773348,1749.40185546875,monitor_data.speed
1764513773349,1750.995361328125,monitor_data.speed
1764513773351,1740.7249755859375,monitor_data.speed
1764513773352,1742.8763427734375,monitor_data.speed
1764513773354,1756.4613037109375,monitor_data.speed
1764513773355,1745.7940673828125,monitor_data.speed
1764513773356,1758.7579345703125,monitor_data.speed
1764513773358,1747.7440185546875,monitor_data.speed
1764513773359,1754.21240234375,monitor_data.speed
1764513773360,1755.19482421875,monitor_data.speed
1764513773362,1739.20703125,monitor_data.speed
1764513773363,1741.7205810546875,monitor_data.speed
1764513773364,1765.7679443359375,monitor_data.speed
1764513773366,1770.1632080078125,monitor_data.speed
1764513773367,1774.012939453125,monitor_data.speed
1764513773368,1766.336181640625,monitor_data.speed
1764513773370,1770.6903076171875,monitor_data.speed
1764513773371,1763.637939453125,monitor_data.speed
1764513773372,1768.007568359375,monitor_data.speed
1764513773374,1778.4417724609375,monitor_data.speed
1764513773375,1770.997802734375,monitor_data.speed
1764513773376,1774.0703125,monitor_data.speed
1764513773377,1776.7767333984375,monitor_data.speed
1764513773379,1762.966552734375,monitor_data.speed
1764513773331,0,monitor_data.speed_ref
1764513773332,0,monitor_data.speed_ref
1764513773335,0,monitor_data.speed_ref
1764513773337,0,monitor_data.speed_ref
1764513773338,0,monitor_data.speed_ref
1764513773340,0,monitor_data.speed_ref
1764513773341,0,monitor_data.speed_ref
1764513773342,0,monitor_data.speed_ref
1764513773344,0,monitor_data.speed_ref
1764513773345,0,monitor_data.speed_ref
1764513773347,0,monitor_data.speed_ref
1764513773348,0,monitor_data.speed_ref
1764513773349,0,monitor_data.speed_ref
1764513773351,0,monitor_data.speed_ref
1764513773352,0,monitor_data.speed_ref
1764513773354,0,monitor_data.speed_ref
1764513773355,0,monitor_data.speed_ref
1764513773356,0,monitor_data.speed_ref
1764513773358,0,monitor_data.speed_ref
1764513773359,0,monitor_data.speed_ref
1764513773360,0,monitor_data.speed_ref
1764513773362,0,monitor_data.speed_ref
1764513773363,0,monitor_data.speed_ref
1764513773364,0,monitor_data.speed_ref
1764513773366,0,monitor_data.speed_ref
1764513773367,0,monitor_data.speed_ref
1764513773368,0,monitor_data.speed_ref
1764513773370,0,monitor_data.speed_ref
1764513773371,0,monitor_data.speed_ref
1764513773372,0,monitor_data.speed_ref
1764513773374,0,monitor_data.speed_ref
1764513773375,0,monitor_data.speed_ref
1764513773376,0,monitor_data.speed_ref
1764513773377,0,monitor_data.speed_ref
1764513773379,0,monitor_data.speed_ref
1764513773380,1755.9244384765625,monitor_data.speed
1764513773382,1750.30126953125,monitor_data.speed
1764513773383,1751.2852783203125,monitor_data.speed
1764513773385,1740.86669921875,monitor_data.speed
1764513773386,1748.1802978515625,monitor_data.speed
1764513773387,1743.469482421875,monitor_data.speed
1764513773389,1750.36669921875,monitor_data.speed
1764513773390,1750.9730224609375,monitor_data.speed
1764513773391,1757.3984375,monitor_data.speed
1764513773392,1751.7015380859375,monitor_data.speed
1764513773394,1763.7891845703125,monitor_data.speed
1764513773395,1752.4559326171875,monitor_data.speed
1764513773396,1747.95068359375,monitor_data.speed
1764513773398,1732.4739990234375,monitor_data.speed
1764513773399,1762.8072509765625,monitor_data.speed
1764513773401,1761.8916015625,monitor_data.speed
1764513773402,1767.4979248046875,monitor_data.speed
1764513773404,1761.1517333984375,monitor_data.speed
1764513773405,1755.0467529296875,monitor_data.speed
1764513773406,1760.3594970703125,monitor_data.speed
1764513773407,1754.0179443359375,monitor_data.speed
1764513773409,1764.818115234375,monitor_data.speed
1764513773410,1774.986328125,monitor_data.speed
1764513773411,1778.0252685546875,monitor_data.speed
1764513773413,1776.1007080078125,monitor_data.speed
1764513773414,1763.148193359375,monitor_data.speed
1764513773415,1763.2294921875,monitor_data.speed
1764513773417,1746.1551513671875,monitor_data.speed
1764513773418,1753.384521484375,monitor_data.speed
1764513773419,1742.8162841796875,monitor_data.speed
1764513773421,1750.1356201171875,monitor_data.speed
1764513773422,1757.2733154296875,monitor_data.speed
1764513773424,1752.0316162109375,monitor_data.speed
1764513773425,1758.587158203125,monitor_data.speed
1764513773426,1752.9600830078125,monitor_data.speed
1764513773428,1758.8739013671875,monitor_data.speed
1764513773429,1753.2191162109375,monitor_data.speed
1764513773380,0,monitor_data.speed_ref
1764513773382,0,monitor_data.speed_ref
1764513773383,0,monitor_data.speed_ref
1764513773385,0,monitor_data.speed_ref
1764513773386,0,monitor_data.speed_ref
1764513773387,0,monitor_data.speed_ref
1764513773389,0,monitor_data.speed_ref
1764513773390,0,monitor_data.speed_ref
1764513773391,0,monitor_data.speed_ref
1764513773392,0,monitor_data.speed_ref
1764513773394,0,monitor_data.speed_ref
1764513773395,0,monitor_data.speed_ref
1764513773396,0,monitor_data.speed_ref
1764513773398,0,monitor_data.speed_ref
1764513773399,0,monitor_data.speed_ref
1764513773401,0,monitor_data.speed_ref
1764513773402,0,monitor_data.speed_ref
1764513773404,0,monitor_data.speed_ref
1764513773405,0,monitor_data.speed_ref
1764513773406,0,monitor_data.speed_ref
1764513773407,0,monitor_data.speed_ref
1764513773409,0,monitor_data.speed_ref
1764513773410,0,monitor_data.speed_ref
1764513773411,0,monitor_data.speed_ref
1764513773413,0,monitor_data.speed_ref
1764513773414,0,monitor_data.speed_ref
1764513773415,0,monitor_data.speed_ref
1764513773417,0,monitor_data.speed_ref
1764513773418,0,monitor_data.speed_ref
1764513773419,0,monitor_data.speed_ref
1764513773421,0,monitor_data.speed_ref
1764513773422,0,monitor_data.speed_ref
1764513773424,0,monitor_data.speed_ref
1764513773425,0,monitor_data.speed_ref
1764513773426,0,monitor_data.speed_ref
1764513773428,0,monitor_data.speed_ref
1764513773429,0,monitor_data.speed_ref
1764513773430,1754.237060546875,monitor_data.speed
1764513773431,1743.906005859375,monitor_data.speed
1764513773433,1751.4385986328125,monitor_data.speed
1764513773434,1779.0064697265625,monitor_data.speed
1764513773436,1769.4306640625,monitor_data.speed
1764513773438,1772.8321533203125,monitor_data.speed
1764513773439,1765.2452392578125,monitor_data.speed
1764513773440,1769.080322265625,monitor_data.speed
1764513773441,1761.71875,monitor_data.speed
1764513773443,1776.3944091796875,monitor_data.speed
1764513773445,1785.990234375,monitor_data.speed
1764513773446,1771.5975341796875,monitor_data.speed
1764513773447,1769.7403564453125,monitor_data.speed
1764513773449,1757.114013671875,monitor_data.speed
1764513773450,1757.15771484375,monitor_data.speed
1764513773451,1746.1915283203125,monitor_data.speed
1764513773453,1747.3916015625,monitor_data.speed
1764513773454,1742.8681640625,monitor_data.speed
1764513773455,1749.816162109375,monitor_data.speed
1764513773456,1744.9912109375,monitor_data.speed
1764513773458,1751.704345703125,monitor_data.speed
1764513773459,1746.6480712890625,monitor_data.speed
1764513773460,1758.574462890625,monitor_data.speed
1764513773462,1752.9541015625,monitor_data.speed
1764513773463,1753.0509033203125,monitor_data.speed
1764513773464,1747.905029296875,monitor_data.speed
1764513773466,1749.2340087890625,monitor_data.speed
1764513773467,1750.683349609375,monitor_data.speed
1764513773468,1784.07421875,monitor_data.speed
1764513773470,1796.6715087890625,monitor_data.speed
1764513773471,1786.7215576171875,monitor_data.speed
1764513773472,1788.8978271484375,monitor_data.speed
1764513773474,1779.8919677734375,monitor_data.speed
1764513773475,1783.0406494140625,monitor_data.speed
1764513773476,1780.449951171875,monitor_data.speed
1764513773477,1772.294677734375,monitor_data.speed
1764513773479,1781.0155029296875,monitor_data.speed
1764513773430,0,monitor_data.speed_ref
1764513773431,0,monitor_data.speed_ref
1764513773433,0,monitor_data.speed_ref
1764513773434,0,monitor_data.speed_ref
1764513773436,0,monitor_data.speed_ref
1764513773438,0,monitor_data.speed_ref
1764513773439,0,monitor_data.speed_ref
1764513773440,0,monitor_data.speed_ref
1764513773441,0,monitor_data.speed_ref
1764513773443,0,monitor_data.speed_ref
1764513773445,0,monitor_data.speed_ref
1764513773446,0,monitor_data.speed_ref
1764513773447,0,monitor_data.speed_ref
1764513773449,0,monitor_data.speed_ref
1764513773450,0,monitor_data.speed_ref
1764513773451,0,monitor_data.speed_ref
1764513773453,0,monitor_data.speed_ref
1764513773454,0,monitor_data.speed_ref
1764513773455,0,monitor_data.speed_ref
1764513773456,0,monitor_data.speed_ref
1764513773458,0,monitor_data.speed_ref
1764513773459,0,monitor_data.speed_ref
1764513773460,0,monitor_data.speed_ref
1764513773462,0,monitor_data.speed_ref
1764513773463,0,monitor_data.speed_ref
1764513773464,0,monitor_data.speed_ref
1764513773466,0,monitor_data.speed_ref
1764513773467,0,monitor_data.speed_ref
1764513773468,0,monitor_data.speed_ref
1764513773470,0,monitor_data.speed_ref
1764513773471,0,monitor_data.speed_ref
1764513773472,0,monitor_data.speed_ref
1764513773474,0,monitor_data.speed_ref
1764513773475,0,monitor_data.speed_ref
1764513773476,0,monitor_data.speed_ref
1764513773477,0,monitor_data.speed_ref
1764513773479,0,monitor_data.speed_ref
1764513773480,1794.8121337890625,monitor_data.speed
1764513773481,1785.5335693359375,monitor_data.speed
1764513773483,1777.096435546875,monitor_data.speed
1764513773484,1763.9140625,monitor_data.speed
1764513773485,1751.9566650390625,monitor_data.speed
1764513773487,1751.95703125,monitor_data.speed
1764513773488,1746.7640380859375,monitor_data.speed
1764513773489,1759.06884765625,monitor_data.speed
1764513773490,1753.6229248046875,monitor_data.speed
1764513773492,1759.866943359375,monitor_data.speed
1764513773493,1754.0479736328125,monitor_data.speed
1764513773494,1754.159423828125,monitor_data.speed
1764513773495,1765.812744140625,monitor_data.speed
1764513773496,1759.6588134765625,monitor_data.speed
1764513773497,1765.4625244140625,monitor_data.speed
1764513773499,1753.9776611328125,monitor_data.speed
1764513773500,1755.2862548828125,monitor_data.speed
1764513773501,1761.9144287109375,monitor_data.speed
1764513773503,1794.8543701171875,monitor_data.speed
1764513773504,1779.5401611328125,monitor_data.speed
1764513773505,1782.2098388671875,monitor_data.speed
1764513773506,1773.471923828125,monitor_data.speed
1764513773508,1776.2601318359375,monitor_data.speed
1764513773509,1768.3001708984375,monitor_data.speed
1764513773510,1777.4063720703125,monitor_data.speed
1764513773512,1786.6651611328125,monitor_data.speed
1764513773513,1789.611328125,monitor_data.speed
1764513773514,1774.71728515625,monitor_data.speed
1764513773516,1778.499267578125,monitor_data.speed
1764513773517,1765.1976318359375,monitor_data.speed
1764513773518,1764.839111328125,monitor_data.speed
1764513773520,1753.3868408203125,monitor_data.speed
1764513773521,1760.1290283203125,monitor_data.speed
1764513773522,1749.211669921875,monitor_data.speed
1764513773524,1756.5572509765625,monitor_data.speed
1764513773525,1745.6649169921875,monitor_data.speed
1764513773526,1758.268798828125,monitor_data.speed
1764513773480,0,monitor_data.speed_ref
1764513773481,0,monitor_data.speed_ref
1764513773483,0,monitor_data.speed_ref
1764513773484,0,monitor_data.speed_ref
1764513773485,0,monitor_data.speed_ref
1764513773487,0,monitor_data.speed_ref
1764513773488,0,monitor_data.speed_ref
1764513773489,0,monitor_data.speed_ref
1764513773490,0,monitor_data.speed_ref
1764513773492,0,monitor_data.speed_ref
1764513773493,0,monitor_data.speed_ref
1764513773494,0,monitor_data.speed_ref
1764513773495,0,monitor_data.speed_ref
1764513773496,0,monitor_data.speed_ref
1764513773497,0,monitor_data.speed_ref
1764513773499,0,monitor_data.speed_ref
1764513773500,0,monitor_data.speed_ref
1764513773501,0,monitor_data.speed_ref
1764513773503,0,monitor_data.speed_ref
1764513773504,0,monitor_data.speed_ref
1764513773505,0,monitor_data.speed_ref
1764513773506,0,monitor_data.speed_ref
1764513773508,0,monitor_data.speed_ref
1764513773509,0,monitor_data.speed_ref
1764513773510,0,monitor_data.speed_ref
1764513773512,0,monitor_data.speed_ref
1764513773513,0,monitor_data.speed_ref
1764513773514,0,monitor_data.speed_ref
1764513773516,0,monitor_data.speed_ref
1764513773517,0,monitor_data.speed_ref
1764513773518,0,monitor_data.speed_ref
1764513773520,0,monitor_data.speed_ref
1764513773521,0,monitor_data.speed_ref
1764513773522,0,monitor_data.speed_ref
1764513773524,0,monitor_data.speed_ref
1764513773525,0,monitor_data.speed_ref
1764513773526,0,monitor_data.speed_ref
1764513773527,1758.6134033203125,monitor_data.speed
1764513773528,1752.8330078125,monitor_data.speed
1764513773530,1764.8199462890625,monitor_data.speed
1764513773531,1752.9713134765625,monitor_data.speed
1764513773532,1759.3787841796875,monitor_data.speed
1764513773534,1748.47509765625,monitor_data.speed
1764513773535,1738.2672119140625,monitor_data.speed
1764513773536,1786.2296142578125,monitor_data.speed
1764513773537,1789.1536865234375,monitor_data.speed
1764513773539,1779.7325439453125,monitor_data.speed
1764513773540,1782.4652099609375,monitor_data.speed
1764513773541,1773.589599609375,monitor_data.speed
1764513773543,1782.907958984375,monitor_data.speed
1764513773544,1768.72314453125,monitor_data.speed
1764513773545,1778.2037353515625,monitor_data.speed
1764513773546,1769.944580078125,monitor_data.speed
1764513773548,1795.655517578125,monitor_data.speed
1764513773549,1790.415283203125,monitor_data.speed
1764513773550,1774.9346923828125,monitor_data.speed
1764513773552,1772.2056884765625,monitor_data.speed
1764513773553,1771.062255859375,monitor_data.speed
1764513773554,1758.736572265625,monitor_data.speed
1764513773556,1752.9385986328125,monitor_data.speed
1764513773557,1759.06298828125,monitor_data.speed
1764513773558,1753.55078125,monitor_data.speed
1764513773559,1759.6571044921875,monitor_data.speed
1764513773561,1753.8060302734375,monitor_data.speed
1764513773562,1765.40771484375,monitor_data.speed
1764513773563,1753.3406982421875,monitor_data.speed
1764513773565,1764.5521240234375,monitor_data.speed
1764513773566,1752.62255859375,monitor_data.speed
1764513773567,1758.8046875,monitor_data.speed
1764513773569,1747.6934814453125,monitor_data.speed
1764513773570,1749.3880615234375,monitor_data.speed
1764513773571,1783.7200927734375,monitor_data.speed
1764513773572,1785.34765625,monitor_data.speed
1764513773574,1781.2188720703125,monitor_data.speed
1764513773575,1772.3834228515625,monitor_data.speed
1764513773577,1775.46630859375,monitor_data.speed
1764513773578,1773.176025390625,monitor_data.speed
1764513773579,1782.3475341796875,monitor_data.speed
1764513773527,0,monitor_data.speed_ref
1764513773528,0,monitor_data.speed_ref
1764513773530,0,monitor_data.speed_ref
1764513773531,0,monitor_data.speed_ref
1764513773532,0,monitor_data.speed_ref
1764513773534,0,monitor_data.speed_ref
1764513773535,0,monitor_data.speed_ref
1764513773536,0,monitor_data.speed_ref
1764513773537,0,monitor_data.speed_ref
1764513773539,0,monitor_data.speed_ref
1764513773540,0,monitor_data.speed_ref
1764513773541,0,monitor_data.speed_ref
1764513773543,0,monitor_data.speed_ref
1764513773544,0,monitor_data.speed_ref
1764513773545,0,monitor_data.speed_ref
1764513773546,0,monitor_data.speed_ref
1764513773548,0,monitor_data.speed_ref
1764513773549,0,monitor_data.speed_ref
1764513773550,0,monitor_data.speed_ref
1764513773552,0,monitor_data.speed_ref
1764513773553,0,monitor_data.speed_ref
1764513773554,0,monitor_data.speed_ref
1764513773556,0,monitor_data.speed_ref
1764513773557,0,monitor_data.speed_ref
1764513773558,0,monitor_data.speed_ref
1764513773559,0,monitor_data.speed_ref
1764513773561,0,monitor_data.speed_ref
1764513773562,0,monitor_data.speed_ref
1764513773563,0,monitor_data.speed_ref
1764513773565,0,monitor_data.speed_ref
1764513773566,0,monitor_data.speed_ref
1764513773567,0,monitor_data.speed_ref
1764513773569,0,monitor_data.speed_ref
1764513773570,0,monitor_data.speed_ref
1764513773571,0,monitor_data.speed_ref
1764513773572,0,monitor_data.speed_ref
1764513773574,0,monitor_data.speed_ref
1764513773575,0,monitor_data.speed_ref
1764513773577,0,monitor_data.speed_ref
1764513773578,0,monitor_data.speed_ref
1764513773579,0,monitor_data.speed_ref
1764513773580,1767.95947265625,monitor_data.speed
1764513773582,1777.24658203125,monitor_data.speed
1764513773583,1786.0333251953125,monitor_data.speed
1764513773584,1771.83349609375,monitor_data.speed
1764513773586,1770.11279296875,monitor_data.speed
1764513773587,1751.866943359375,monitor_data.speed
1764513773588,1752.160400390625,monitor_data.speed
1764513773589,1747.00048828125,monitor_data.speed
1764513773591,1753.9654541015625,monitor_data.speed
1764513773592,1749.09912109375,monitor_data.speed
1764513773593,1756.0322265625,monitor_data.speed
1764513773594,1750.891357421875,monitor_data.speed
1764513773596,1763.1279296875,monitor_data.speed
1764513773597,1757.2264404296875,monitor_data.speed
1764513773598,1763.1641845703125,monitor_data.speed
1764513773600,1757.08984375,monitor_data.speed
1764513773601,1751.3787841796875,monitor_data.speed
1764513773602,1751.84716796875,monitor_data.speed
1764513773604,1742.2740478515625,monitor_data.speed
1764513773605,1765.99560546875,monitor_data.speed
1764513773606,1792.962890625,monitor_data.speed
1764513773608,1777.498046875,monitor_data.speed
1764513773609,1786.144775390625,monitor_data.speed
1764513773610,1771.5064697265625,monitor_data.speed
1764513773611,1780.4871826171875,monitor_data.speed
1764513773613,1783.5035400390625,monitor_data.speed
1764513773614,1775.055908203125,monitor_data.speed
1764513773615,1766.806396484375,monitor_data.speed
1764513773617,1792.964111328125,monitor_data.speed
1764513773618,1783.021484375,monitor_data.speed
1764513773619,1773.5880126953125,monitor_data.speed
1764513773621,1771.8360595703125,monitor_data.speed
1764513773622,1765.0594482421875,monitor_data.speed
1764513773623,1747.432373046875,monitor_data.speed
1764513773624,1753.6146240234375,monitor_data.speed
1764513773626,1760.26611328125,monitor_data.speed
1764513773627,1754.798095703125,monitor_data.speed
1764513773628,1749.5302734375,monitor_data.speed
1764513773630,1755.5423583984375,monitor_data.speed
1764513773580,0,monitor_data.speed_ref
1764513773582,0,monitor_data.speed_ref
1764513773583,0,monitor_data.speed_ref
1764513773584,0,monitor_data.speed_ref
1764513773586,0,monitor_data.speed_ref
1764513773587,0,monitor_data.speed_ref
1764513773588,0,monitor_data.speed_ref
1764513773589,0,monitor_data.speed_ref
1764513773591,0,monitor_data.speed_ref
1764513773592,0,monitor_data.speed_ref
1764513773593,0,monitor_data.speed_ref
1764513773594,0,monitor_data.speed_ref
1764513773596,0,monitor_data.speed_ref
1764513773597,0,monitor_data.speed_ref
1764513773598,0,monitor_data.speed_ref
1764513773600,0,monitor_data.speed_ref
1764513773601,0,monitor_data.speed_ref
1764513773602,0,monitor_data.speed_ref
1764513773604,0,monitor_data.speed_ref
1764513773605,0,monitor_data.speed_ref
1764513773606,0,monitor_data.speed_ref
1764513773608,0,monitor_data.speed_ref
1764513773609,0,monitor_data.speed_ref
1764513773610,0,monitor_data.speed_ref
1764513773611,0,monitor_data.speed_ref
1764513773613,0,monitor_data.speed_ref
1764513773614,0,monitor_data.speed_ref
1764513773615,0,monitor_data.speed_ref
1764513773617,0,monitor_data.speed_ref
1764513773618,0,monitor_data.speed_ref
1764513773619,0,monitor_data.speed_ref
1764513773621,0,monitor_data.speed_ref
1764513773622,0,monitor_data.speed_ref
1764513773623,0,monitor_data.speed_ref
1764513773624,0,monitor_data.speed_ref
1764513773626,0,monitor_data.speed_ref
1764513773627,0,monitor_data.speed_ref
1764513773628,0,monitor_data.speed_ref
1764513773630,0,monitor_data.speed_ref
1764513773631,1749.82666015625,monitor_data.speed
1764513773632,1761.3536376953125,monitor_data.speed
1764513773634,1766.9036865234375,monitor_data.speed
1764513773635,1754.961669921875,monitor_data.speed
1764513773637,1755.5069580078125,monitor_data.speed
1764513773638,1739.4010009765625,monitor_data.speed
1764513773639,1775.049560546875,monitor_data.speed
1764513773640,1795.3759765625,monitor_data.speed
1764513773642,1779.831298828125,monitor_data.speed
1764513773643,1788.2994384765625,monitor_data.speed
1764513773645,1773.3607177734375,monitor_data.speed
1764513773646,1776.72900390625,monitor_data.speed
1764513773647,1768.3878173828125,monitor_data.speed
1764513773648,1777.2803955078125,monitor_data.speed
1764513773650,1769.2637939453125,monitor_data.speed
1764513773651,1789.056884765625,monitor_data.speed
1764513773652,1779.7642822265625,monitor_data.speed
1764513773654,1776.7557373046875,monitor_data.speed
1764513773655,1757.3660888671875,monitor_data.speed
1764513773656,1762.4615478515625,monitor_data.speed
1764513773658,1750.84423828125,monitor_data.speed
1764513773659,1751.3809814453125,monitor_data.speed
1764513773660,1746.1434326171875,monitor_data.speed
1764513773662,1752.655517578125,monitor_data.speed
1764513773663,1759.2474365234375,monitor_data.speed
1764513773664,1753.583984375,monitor_data.speed
1764513773666,1765.4345703125,monitor_data.speed
1764513773667,1759.260498046875,monitor_data.speed
1764513773668,1765.0399169921875,monitor_data.speed
1764513773670,1747.3924560546875,monitor_data.speed
1764513773671,1753.70556640625,monitor_data.speed
1764513773672,1737.63623046875,monitor_data.speed
1764513773674,1756.1500244140625,monitor_data.speed
1764513773675,1772.189208984375,monitor_data.speed
1764513773676,1764.6842041015625,monitor_data.speed
1764513773678,1768.981689453125,monitor_data.speed
1764513773679,1761.8082275390625,monitor_data.speed
1764513773631,0,monitor_data.speed_ref
1764513773632,0,monitor_data.speed_ref
1764513773634,0,monitor_data.speed_ref
1764513773635,0,monitor_data.speed_ref
1764513773637,0,monitor_data.speed_ref
1764513773638,0,monitor_data.speed_ref
1764513773639,0,monitor_data.speed_ref
1764513773640,0,monitor_data.speed_ref
1764513773642,0,monitor_data.speed_ref
1764513773643,0,monitor_data.speed_ref
1764513773645,0,monitor_data.speed_ref
1764513773646,0,monitor_data.speed_ref
1764513773647,0,monitor_data.speed_ref
1764513773648,0,monitor_data.speed_ref
1764513773650,0,monitor_data.speed_ref
1764513773651,0,monitor_data.speed_ref
1764513773652,0,monitor_data.speed_ref
1764513773654,0,monitor_data.speed_ref
1764513773655,0,monitor_data.speed_ref
1764513773656,0,monitor_data.speed_ref
1764513773658,0,monitor_data.speed_ref
1764513773659,0,monitor_data.speed_ref
1764513773660,0,monitor_data.speed_ref
1764513773662,0,monitor_data.speed_ref
1764513773663,0,monitor_data.speed_ref
1764513773664,0,monitor_data.speed_ref
1764513773666,0,monitor_data.speed_ref
1764513773667,0,monitor_data.speed_ref
1764513773668,0,monitor_data.speed_ref
1764513773670,0,monitor_data.speed_ref
1764513773671,0,monitor_data.speed_ref
1764513773672,0,monitor_data.speed_ref
1764513773674,0,monitor_data.speed_ref
1764513773675,0,monitor_data.speed_ref
1764513773676,0,monitor_data.speed_ref
1764513773678,0,monitor_data.speed_ref
1764513773679,0,monitor_data.speed_ref
1764513773680,1772.0892333984375,monitor_data.speed
1764513773681,1764.807373046875,monitor_data.speed
1764513773683,1775.2333984375,monitor_data.speed
1764513773684,1767.8824462890625,monitor_data.speed
1764513773685,1794.978271484375,monitor_data.speed
1764513773686,1779.4334716796875,monitor_data.speed
1764513773688,1765.5689697265625,monitor_data.speed
1764513773689,1763.6773681640625,monitor_data.speed
1764513773690,1751.5235595703125,monitor_data.speed
1764513773692,1751.751220703125,monitor_data.speed
1764513773693,1746.635986328125,monitor_data.speed
1764513773694,1753.272216796875,monitor_data.speed
1764513773695,1748.2769775390625,monitor_data.speed
1764513773696,1743.333251953125,monitor_data.speed
1764513773698,1755.4613037109375,monitor_data.speed
1764513773699,1749.98193359375,monitor_data.speed
1764513773700,1761.9119873046875,monitor_data.speed
1764513773701,1755.7706298828125,monitor_data.speed
1764513773703,1761.494384765625,monitor_data.speed
1764513773704,1755.517822265625,monitor_data.speed
1764513773705,1756.125,monitor_data.speed
1764513773706,1745.3948974609375,monitor_data.speed
1764513773708,1775.453125,monitor_data.speed
1764513773709,1795.807373046875,monitor_data.speed
1764513773710,1780.0465087890625,monitor_data.speed
1764513773712,1782.7991943359375,monitor_data.speed
1764513773713,1774.1522216796875,monitor_data.speed
1764513773714,1783.2613525390625,monitor_data.speed
1764513773716,1774.8935546875,monitor_data.speed
1764513773717,1784.129638671875,monitor_data.speed
1764513773718,1769.72705078125,monitor_data.speed
1764513773720,1795.8623046875,monitor_data.speed
1764513773721,1780.2603759765625,monitor_data.speed
1764513773722,1776.802734375,monitor_data.speed
1764513773724,1757.6263427734375,monitor_data.speed
1764513773725,1756.8382568359375,monitor_data.speed
1764513773726,1762.981201171875,monitor_data.speed
1764513773728,1751.584716796875,monitor_data.speed
1764513773729,1746.377685546875,monitor_data.speed
1764513773680,0,monitor_data.speed_ref
1764513773681,0,monitor_data.speed_ref
1764513773683,0,monitor_data.speed_ref
1764513773684,0,monitor_data.speed_ref
1764513773685,0,monitor_data.speed_ref
1764513773686,0,monitor_data.speed_ref
1764513773688,0,monitor_data.speed_ref
1764513773689,0,monitor_data.speed_ref
1764513773690,0,monitor_data.speed_ref
1764513773692,0,monitor_data.speed_ref
1764513773693,0,monitor_data.speed_ref
1764513773694,0,monitor_data.speed_ref
1764513773695,0,monitor_data.speed_ref
1764513773696,0,monitor_data.speed_ref
1764513773698,0,monitor_data.speed_ref
1764513773699,0,monitor_data.speed_ref
1764513773700,0,monitor_data.speed_ref
1764513773701,0,monitor_data.speed_ref
1764513773703,0,monitor_data.speed_ref
1764513773704,0,monitor_data.speed_ref
1764513773705,0,monitor_data.speed_ref
1764513773706,0,monitor_data.speed_ref
1764513773708,0,monitor_data.speed_ref
1764513773709,0,monitor_data.speed_ref
1764513773710,0,monitor_data.speed_ref
1764513773712,0,monitor_data.speed_ref
1764513773713,0,monitor_data.speed_ref
1764513773714,0,monitor_data.speed_ref
1764513773716,0,monitor_data.speed_ref
1764513773717,0,monitor_data.speed_ref
1764513773718,0,monitor_data.speed_ref
1764513773720,0,monitor_data.speed_ref
1764513773721,0,monitor_data.speed_ref
1764513773722,0,monitor_data.speed_ref
1764513773724,0,monitor_data.speed_ref
1764513773725,0,monitor_data.speed_ref
1764513773726,0,monitor_data.speed_ref
1764513773728,0,monitor_data.speed_ref
1764513773729,0,monitor_data.speed_ref
1764513773730,1752.8489990234375,monitor_data.speed
1764513773732,1765.121337890625,monitor_data.speed
1764513773733,1753.439208984375,monitor_data.speed
1764513773734,1765.364013671875,monitor_data.speed
1764513773736,1759.0631103515625,monitor_data.speed
1764513773737,1764.7724609375,monitor_data.speed
1764513773738,1758.631591796875,monitor_data.speed
1764513773739,1747.321044921875,monitor_data.speed
1764513773741,1742.5748291015625,monitor_data.speed
1764513773742,1767.1654052734375,monitor_data.speed
1764513773743,1800.0416259765625,monitor_data.speed
1764513773745,1784.19482421875,monitor_data.speed
1764513773746,1774.99560546875,monitor_data.speed
1764513773747,1777.8104248046875,monitor_data.speed
1764513773748,1769.22314453125,monitor_data.speed
1764513773750,1778.21435546875,monitor_data.speed
1764513773751,1769.9100341796875,monitor_data.speed
1764513773752,1778.8275146484375,monitor_data.speed
1764513773754,1798.908203125,monitor_data.speed
1764513773755,1799.0506591796875,monitor_data.speed
1764513773756,1799.7567138671875,monitor_data.speed
1764513773758,1784.0174560546875,monitor_data.speed
1764513773759,1775.606689453125,monitor_data.speed
1764513773760,1768.286376953125,monitor_data.speed
1764513773761,1767.5130615234375,monitor_data.speed
1764513773763,1761.021484375,monitor_data.speed
1764513773764,1766.80029296875,monitor_data.speed
1764513773766,1754.7330322265625,monitor_data.speed
1764513773767,1766.15966796875,monitor_data.speed
1764513773768,1759.665771484375,monitor_data.speed
1764513773770,1770.6519775390625,monitor_data.speed
1764513773771,1758.0220947265625,monitor_data.speed
1764513773772,1763.243408203125,monitor_data.speed
1764513773773,1751.251220703125,monitor_data.speed
1764513773775,1752.06494140625,monitor_data.speed
1764513773776,1741.617919921875,monitor_data.speed
1764513773777,1792.4947509765625,monitor_data.speed
1764513773779,1793.9442138671875,monitor_data.speed
1764513773730,0,monitor_data.speed_ref
1764513773732,0,monitor_data.speed_ref
1764513773733,0,monitor_data.speed_ref
1764513773734,0,monitor_data.speed_ref
1764513773736,0,monitor_data.speed_ref
1764513773737,0,monitor_data.speed_ref
1764513773738,0,monitor_data.speed_ref
1764513773739,0,monitor_data.speed_ref
1764513773741,0,monitor_data.speed_ref
1764513773742,0,monitor_data.speed_ref
1764513773743,0,monitor_data.speed_ref
1764513773745,0,monitor_data.speed_ref
1764513773746,0,monitor_data.speed_ref
1764513773747,0,monitor_data.speed_ref
1764513773748,0,monitor_data.speed_ref
1764513773750,0,monitor_data.speed_ref
1764513773751,0,monitor_data.speed_ref
1764513773752,0,monitor_data.speed_ref
1764513773754,0,monitor_data.speed_ref
1764513773755,0,monitor_data.speed_ref
1764513773756,0,monitor_data.speed_ref
1764513773758,0,monitor_data.speed_ref
1764513773759,0,monitor_data.speed_ref
1764513773760,0,monitor_data.speed_ref
1764513773761,0,monitor_data.speed_ref
1764513773763,0,monitor_data.speed_ref
1764513773764,0,monitor_data.speed_ref
1764513773766,0,monitor_data.speed_ref
1764513773767,0,monitor_data.speed_ref
1764513773768,0,monitor_data.speed_ref
1764513773770,0,monitor_data.speed_ref
1764513773771,0,monitor_data.speed_ref
1764513773772,0,monitor_data.speed_ref
1764513773773,0,monitor_data.speed_ref
1764513773775,0,monitor_data.speed_ref
1764513773776,0,monitor_data.speed_ref
1764513773777,0,monitor_data.speed_ref
1764513773779,0,monitor_data.speed_ref
1764513773780,1778.2529296875,monitor_data.speed
1764513773781,1787.0401611328125,monitor_data.speed
1764513773783,1778.0948486328125,monitor_data.speed
1764513773784,1787.3446044921875,monitor_data.speed
1764513773785,1772.4625244140625,monitor_data.speed
1764513773786,1781.721923828125,monitor_data.speed
1764513773788,1790.9390869140625,monitor_data.speed
1764513773789,1792.4669189453125,monitor_data.speed
1764513773790,1777.06298828125,monitor_data.speed
1764513773792,1774.3282470703125,monitor_data.speed
1764513773793,1761.3148193359375,monitor_data.speed
1764513773794,1766.83349609375,monitor_data.speed
1764513773795,1754.9818115234375,monitor_data.speed
1764513773797,1761.2703857421875,monitor_data.speed
1764513773798,1755.853759765625,monitor_data.speed
1764513773799,1762.5645751953125,monitor_data.speed
1764513773801,1756.9066162109375,monitor_data.speed
1764513773802,1762.8275146484375,monitor_data.speed
1764513773803,1756.671875,monitor_data.speed
1764513773805,1767.9776611328125,monitor_data.speed
1764513773806,1755.70166015625,monitor_data.speed
1764513773807,1761.3834228515625,monitor_data.speed
1764513773809,1750.0965576171875,monitor_data.speed
1764513773810,1751.31884765625,monitor_data.speed
1764513773811,1757.7845458984375,monitor_data.speed
1764513773812,1779.7022705078125,monitor_data.speed
1764513773814,1777.4993896484375,monitor_data.speed
1764513773815,1769.7828369140625,monitor_data.speed
1764513773816,1762.617431640625,monitor_data.speed
1764513773817,1772.8623046875,monitor_data.speed
1764513773819,1759.628662109375,monitor_data.speed
1764513773820,1769.6295166015625,monitor_data.speed
1764513773821,1768.1712646484375,monitor_data.speed
1764513773823,1788.7388916015625,monitor_data.speed
1764513773824,1790.24365234375,monitor_data.speed
1764513773825,1774.946533203125,monitor_data.speed
1764513773827,1766.1961669921875,monitor_data.speed
1764513773828,1765.33837890625,monitor_data.speed
1764513773830,1753.4661865234375,monitor_data.speed
1764513773780,0,monitor_data.speed_ref
1764513773781,0,monitor_data.speed_ref
1764513773783,0,monitor_data.speed_ref
1764513773784,0,monitor_data.speed_ref
1764513773785,0,monitor_data.speed_ref
1764513773786,0,monitor_data.speed_ref
1764513773788,0,monitor_data.speed_ref
1764513773789,0,monitor_data.speed_ref
1764513773790,0,monitor_data.speed_ref
1764513773792,0,monitor_data.speed_ref
1764513773793,0,monitor_data.speed_ref
1764513773794,0,monitor_data.speed_ref
1764513773795,0,monitor_data.speed_ref
1764513773797,0,monitor_data.speed_ref
1764513773798,0,monitor_data.speed_ref
1764513773799,0,monitor_data.speed_ref
1764513773801,0,monitor_data.speed_ref
1764513773802,0,monitor_data.speed_ref
1764513773803,0,monitor_data.speed_ref
1764513773805,0,monitor_data.speed_ref
1764513773806,0,monitor_data.speed_ref
1764513773807,0,monitor_data.speed_ref
1764513773809,0,monitor_data.speed_ref
1764513773810,0,monitor_data.speed_ref
1764513773811,0,monitor_data.speed_ref
1764513773812,0,monitor_data.speed_ref
1764513773814,0,monitor_data.speed_ref
1764513773815,0,monitor_data.speed_ref
1764513773816,0,monitor_data.speed_ref
1764513773817,0,monitor_data.speed_ref
1764513773819,0,monitor_data.speed_ref
1764513773820,0,monitor_data.speed_ref
1764513773821,0,monitor_data.speed_ref
1764513773823,0,monitor_data.speed_ref
1764513773824,0,monitor_data.speed_ref
1764513773825,0,monitor_data.speed_ref
1764513773827,0,monitor_data.speed_ref
1764513773828,0,monitor_data.speed_ref
1764513773830,0,monitor_data.speed_ref
1764513773831,1759.474609375,monitor_data.speed
1764513773832,1748.21923828125,monitor_data.speed
1764513773833,1760.2796630859375,monitor_data.speed
1764513773835,1748.7032470703125,monitor_data.speed
1764513773836,1760.4327392578125,monitor_data.speed
1764513773837,1754.363525390625,monitor_data.speed
1764513773839,1765.6134033203125,monitor_data.speed
1764513773840,1753.490478515625,monitor_data.speed
1764513773841,1759.0914306640625,monitor_data.speed
1764513773843,1747.8338623046875,monitor_data.speed
1764513773844,1748.752197265625,monitor_data.speed
1764513773845,1773.3299560546875,monitor_data.speed
1764513773846,1788.3189697265625,monitor_data.speed
1764513773848,1773.2611083984375,monitor_data.speed
1764513773849,1776.811767578125,monitor_data.speed
1764513773850,1768.7305908203125,monitor_data.speed
1764513773852,1778.485107421875,monitor_data.speed
1764513773853,1770.2281494140625,monitor_data.speed
1764513773854,1773.7908935546875,monitor_data.speed
1764513773856,1771.859375,monitor_data.speed
1764513773857,1792.3916015625,monitor_data.speed
1764513773858,1776.5762939453125,monitor_data.speed
1764513773860,1779.47607421875,monitor_data.speed
1764513773861,1760.136962890625,monitor_data.speed
1764513773862,1765.1607666015625,monitor_data.speed
1764513773863,1747.630615234375,monitor_data.speed
1764513773865,1753.85986328125,monitor_data.speed
1764513773866,1748.67236328125,monitor_data.speed
1764513773867,1755.316650390625,monitor_data.speed
1764513773869,1750.0394287109375,monitor_data.speed
1764513773870,1762.150390625,monitor_data.speed
1764513773871,1756.36669921875,monitor_data.speed
1764513773872,1762.29052734375,monitor_data.speed
1764513773874,1756.0504150390625,monitor_data.speed
1764513773875,1761.68212890625,monitor_data.speed
1764513773876,1750.18017578125,monitor_data.speed
1764513773878,1750.9527587890625,monitor_data.speed
1764513773879,1752.459228515625,monitor_data.speed
1764513773831,0,monitor_data.speed_ref
1764513773832,0,monitor_data.speed_ref
1764513773833,0,monitor_data.speed_ref
1764513773835,0,monitor_data.speed_ref
1764513773836,0,monitor_data.speed_ref
1764513773837,0,monitor_data.speed_ref
1764513773839,0,monitor_data.speed_ref
1764513773840,0,monitor_data.speed_ref
1764513773841,0,monitor_data.speed_ref
1764513773843,0,monitor_data.speed_ref
1764513773844,0,monitor_data.speed_ref
1764513773845,0,monitor_data.speed_ref
1764513773846,0,monitor_data.speed_ref
1764513773848,0,monitor_data.speed_ref
1764513773849,0,monitor_data.speed_ref
1764513773850,0,monitor_data.speed_ref
1764513773852,0,monitor_data.speed_ref
1764513773853,0,monitor_data.speed_ref
1764513773854,0,monitor_data.speed_ref
1764513773856,0,monitor_data.speed_ref
1764513773857,0,monitor_data.speed_ref
1764513773858,0,monitor_data.speed_ref
1764513773860,0,monitor_data.speed_ref
1764513773861,0,monitor_data.speed_ref
1764513773862,0,monitor_data.speed_ref
1764513773863,0,monitor_data.speed_ref
1764513773865,0,monitor_data.speed_ref
1764513773866,0,monitor_data.speed_ref
1764513773867,0,monitor_data.speed_ref
1764513773869,0,monitor_data.speed_ref
1764513773870,0,monitor_data.speed_ref
1764513773871,0,monitor_data.speed_ref
1764513773872,0,monitor_data.speed_ref
1764513773874,0,monitor_data.speed_ref
1764513773875,0,monitor_data.speed_ref
1764513773876,0,monitor_data.speed_ref
1764513773878,0,monitor_data.speed_ref
1764513773879,0,monitor_data.speed_ref
1764513773880,1775.3231201171875,monitor_data.speed
1764513773881,1795.3631591796875,monitor_data.speed
1764513773883,1785.849609375,monitor_data.speed
1764513773884,1770.9212646484375,monitor_data.speed
1764513773886,1773.3516845703125,monitor_data.speed
1764513773887,1782.3114013671875,monitor_data.speed
1764513773888,1774.165771484375,monitor_data.speed
1764513773889,1783.32958984375,monitor_data.speed
1764513773891,1792.5294189453125,monitor_data.speed
1764513773892,1794.13720703125,monitor_data.speed
1764513773893,1778.6944580078125,monitor_data.speed
1764513773895,1776.0885009765625,monitor_data.speed
1764513773896,1762.9112548828125,monitor_data.speed
1764513773897,1768.4342041015625,monitor_data.speed
1764513773898,1756.5732421875,monitor_data.speed
1764513773899,1751.1221923828125,monitor_data.speed
1764513773901,1757.638671875,monitor_data.speed
1764513773902,1752.24169921875,monitor_data.speed
1764513773903,1764.5404052734375,monitor_data.speed
1764513773904,1758.7447509765625,monitor_data.speed
1764513773906,1764.822509765625,monitor_data.speed
1764513773907,1758.539794921875,monitor_data.speed
1764513773908,1764.1949462890625,monitor_data.speed
1764513773910,1758.11279296875,monitor_data.speed
1764513773911,1746.810791015625,monitor_data.speed
1764513773912,1747.6229248046875,monitor_data.speed
1764513773914,1749.4290771484375,monitor_data.speed
1764513773915,1789.51708984375,monitor_data.speed
1764513773916,1774.69775390625,monitor_data.speed
1764513773918,1771.1517333984375,monitor_data.speed
1764513773919,1774.4212646484375,monitor_data.speed
1764513773921,1778.52783203125,monitor_data.speed
1764513773922,1770.4039306640625,monitor_data.speed
1764513773923,1768.6387939453125,monitor_data.speed
1764513773924,1772.0294189453125,monitor_data.speed
1764513773926,1775.0078125,monitor_data.speed
1764513773927,1778.3731689453125,monitor_data.speed
1764513773929,1764.7371826171875,monitor_data.speed
1764513773930,1758.3072509765625,monitor_data.speed
1764513773880,0,monitor_data.speed_ref
1764513773881,0,monitor_data.speed_ref
1764513773883,0,monitor_data.speed_ref
1764513773884,0,monitor_data.speed_ref
1764513773886,0,monitor_data.speed_ref
1764513773887,0,monitor_data.speed_ref
1764513773888,0,monitor_data.speed_ref
1764513773889,0,monitor_data.speed_ref
1764513773891,0,monitor_data.speed_ref
1764513773892,0,monitor_data.speed_ref
1764513773893,0,monitor_data.speed_ref
1764513773895,0,monitor_data.speed_ref
1764513773896,0,monitor_data.speed_ref
1764513773897,0,monitor_data.speed_ref
1764513773898,0,monitor_data.speed_ref
1764513773899,0,monitor_data.speed_ref
1764513773901,0,monitor_data.speed_ref
1764513773902,0,monitor_data.speed_ref
1764513773903,0,monitor_data.speed_ref
1764513773904,0,monitor_data.speed_ref
1764513773906,0,monitor_data.speed_ref
1764513773907,0,monitor_data.speed_ref
1764513773908,0,monitor_data.speed_ref
1764513773910,0,monitor_data.speed_ref
1764513773911,0,monitor_data.speed_ref
1764513773912,0,monitor_data.speed_ref
1764513773914,0,monitor_data.speed_ref
1764513773915,0,monitor_data.speed_ref
1764513773916,0,monitor_data.speed_ref
1764513773918,0,monitor_data.speed_ref
1764513773919,0,monitor_data.speed_ref
1764513773921,0,monitor_data.speed_ref
1764513773922,0,monitor_data.speed_ref
1764513773923,0,monitor_data.speed_ref
1764513773924,0,monitor_data.speed_ref
1764513773926,0,monitor_data.speed_ref
1764513773927,0,monitor_data.speed_ref
1764513773929,0,monitor_data.speed_ref
1764513773930,0,monitor_data.speed_ref
1764513773932,1758.800048828125,monitor_data.speed
1764513773933,1747.6943359375,monitor_data.speed
1764513773934,1754.8321533203125,monitor_data.speed
1764513773936,1744.3873291015625,monitor_data.speed
1764513773937,1751.22607421875,monitor_data.speed
1764513773938,1746.2276611328125,monitor_data.speed
1764513773940,1758.3165283203125,monitor_data.speed
1764513773941,1752.7275390625,monitor_data.speed
1764513773942,1758.3251953125,monitor_data.speed
1764513773943,1752.4573974609375,monitor_data.speed
1764513773945,1758.3175048828125,monitor_data.speed
1764513773946,1741.5693359375,monitor_data.speed
1764513773947,1743.2347412109375,monitor_data.speed
1764513773949,1766.4888916015625,monitor_data.speed
1764513773950,1786.7403564453125,monitor_data.speed
1764513773951,1782.8629150390625,monitor_data.speed
1764513773953,1773.826904296875,monitor_data.speed
1764513773954,1776.8394775390625,monitor_data.speed
1764513773955,1768.3690185546875,monitor_data.speed
1764513773957,1777.4114990234375,monitor_data.speed
1764513773958,1768.9832763671875,monitor_data.speed
1764513773959,1778.3800048828125,monitor_data.speed
1764513773960,1786.2564697265625,monitor_data.speed
1764513773962,1788.617431640625,monitor_data.speed
1764513773963,1773.9632568359375,monitor_data.speed
1764513773964,1772.2706298828125,monitor_data.speed
1764513773965,1759.6767578125,monitor_data.speed
1764513773967,1759.638427734375,monitor_data.speed
1764513773968,1748.3782958984375,monitor_data.speed
1764513773970,1754.7054443359375,monitor_data.speed
1764513773971,1749.448974609375,monitor_data.speed
1764513773972,1761.557861328125,monitor_data.speed
1764513773973,1755.8477783203125,monitor_data.speed
1764513773975,1761.8355712890625,monitor_data.speed
1764513773976,1755.589599609375,monitor_data.speed
1764513773977,1767.027587890625,monitor_data.speed
1764513773978,1754.873291015625,monitor_data.speed
1764513773980,1755.3756103515625,monitor_data.speed
1764513773932,0,monitor_data.speed_ref
1764513773933,0,monitor_data.speed_ref
1764513773934,0,monitor_data.speed_ref
1764513773936,0,monitor_data.speed_ref
1764513773937,0,monitor_data.speed_ref
1764513773938,0,monitor_data.speed_ref
1764513773940,0,monitor_data.speed_ref
1764513773941,0,monitor_data.speed_ref
1764513773942,0,monitor_data.speed_ref
1764513773943,0,monitor_data.speed_ref
1764513773945,0,monitor_data.speed_ref
1764513773946,0,monitor_data.speed_ref
1764513773947,0,monitor_data.speed_ref
1764513773949,0,monitor_data.speed_ref
1764513773950,0,monitor_data.speed_ref
1764513773951,0,monitor_data.speed_ref
1764513773953,0,monitor_data.speed_ref
1764513773954,0,monitor_data.speed_ref
1764513773955,0,monitor_data.speed_ref
1764513773957,0,monitor_data.speed_ref
1764513773958,0,monitor_data.speed_ref
1764513773959,0,monitor_data.speed_ref
1764513773960,0,monitor_data.speed_ref
1764513773962,0,monitor_data.speed_ref
1764513773963,0,monitor_data.speed_ref
1764513773964,0,monitor_data.speed_ref
1764513773965,0,monitor_data.speed_ref
1764513773967,0,monitor_data.speed_ref
1764513773968,0,monitor_data.speed_ref
1764513773970,0,monitor_data.speed_ref
1764513773971,0,monitor_data.speed_ref
1764513773972,0,monitor_data.speed_ref
1764513773973,0,monitor_data.speed_ref
1764513773975,0,monitor_data.speed_ref
1764513773976,0,monitor_data.speed_ref
1764513773977,0,monitor_data.speed_ref
1764513773978,0,monitor_data.speed_ref
1764513773980,0,monitor_data.speed_ref
1764513773981,1744.6839599609375,monitor_data.speed
1764513773982,1763.630859375,monitor_data.speed
1764513773984,1785.3826904296875,monitor_data.speed
1764513773985,1781.9754638671875,monitor_data.speed
1764513773986,1767.47314453125,monitor_data.speed
1764513773988,1777.2615966796875,monitor_data.speed
1764513773989,1769.1258544921875,monitor_data.speed
1764513773990,1779.1177978515625,monitor_data.speed
1764513773992,1770.980712890625,monitor_data.speed
1764513773993,1769.039306640625,monitor_data.speed
1764513773994,1778.4779052734375,monitor_data.speed
1764513773995,1781.0333251953125,monitor_data.speed
1764513773997,1783.613037109375,monitor_data.speed
1764513773998,1769.6912841796875,monitor_data.speed
1764513773999,1756.95166015625,monitor_data.speed
1764513774000,1762.5758056640625,monitor_data.speed
1764513774001,1756.6107177734375,monitor_data.speed
1764513774002,1745.4873046875,monitor_data.speed
1764513774003,1752.0225830078125,monitor_data.speed
1764513774005,1752.5694580078125,monitor_data.speed
1764513774006,1758.9964599609375,monitor_data.speed
1764513774007,1753.3343505859375,monitor_data.speed
1764513774009,1765.250732421875,monitor_data.speed
1764513774010,1759.25390625,monitor_data.speed
1764513774011,1764.93798828125,monitor_data.speed
1764513774012,1752.7933349609375,monitor_data.speed
1764513774014,1758.885498046875,monitor_data.speed
1764513774015,1748.0416259765625,monitor_data.speed
1764513774016,1767.013427734375,monitor_data.speed
1764513774018,1783.06005859375,monitor_data.speed
1764513774019,1784.708984375,monitor_data.speed
1764513774020,1787.0550537109375,monitor_data.speed
1764513774022,1778.3154296875,monitor_data.speed
1764513774023,1781.49169921875,monitor_data.speed
1764513774024,1772.894775390625,monitor_data.speed
1764513774026,1781.9056396484375,monitor_data.speed
1764513774027,1773.4244384765625,monitor_data.speed
1764513774028,1799.92041015625,monitor_data.speed
1764513774030,1783.8214111328125,monitor_data.speed
1764513774031,1786.3349609375,monitor_data.speed
1764513773981,0,monitor_data.speed_ref
1764513773982,0,monitor_data.speed_ref
1764513773984,0,monitor_data.speed_ref
1764513773985,0,monitor_data.speed_ref
1764513773986,0,monitor_data.speed_ref
1764513773988,0,monitor_data.speed_ref
1764513773989,0,monitor_data.speed_ref
1764513773990,0,monitor_data.speed_ref
1764513773992,0,monitor_data.speed_ref
1764513773993,0,monitor_data.speed_ref
1764513773994,0,monitor_data.speed_ref
1764513773995,0,monitor_data.speed_ref
1764513773997,0,monitor_data.speed_ref
1764513773998,0,monitor_data.speed_ref
1764513773999,0,monitor_data.speed_ref
1764513774000,0,monitor_data.speed_ref
1764513774001,0,monitor_data.speed_ref
1764513774002,0,monitor_data.speed_ref
1764513774003,0,monitor_data.speed_ref
1764513774005,0,monitor_data.speed_ref
1764513774006,0,monitor_data.speed_ref
1764513774007,0,monitor_data.speed_ref
1764513774009,0,monitor_data.speed_ref
1764513774010,0,monitor_data.speed_ref
1764513774011,0,monitor_data.speed_ref
1764513774012,0,monitor_data.speed_ref
1764513774014,0,monitor_data.speed_ref
1764513774015,0,monitor_data.speed_ref
1764513774016,0,monitor_data.speed_ref
1764513774018,0,monitor_data.speed_ref
1764513774019,0,monitor_data.speed_ref
1764513774020,0,monitor_data.speed_ref
1764513774022,0,monitor_data.speed_ref
1764513774023,0,monitor_data.speed_ref
1764513774024,0,monitor_data.speed_ref
1764513774026,0,monitor_data.speed_ref
1764513774027,0,monitor_data.speed_ref
1764513774028,0,monitor_data.speed_ref
1764513774030,0,monitor_data.speed_ref
1764513774031,0,monitor_data.speed_ref
1764513774032,1772.218017578125,monitor_data.speed
1764513774033,1765.029296875,monitor_data.speed
1764513774035,1758.8551025390625,monitor_data.speed
1764513774036,1759.2760009765625,monitor_data.speed
1764513774037,1753.806884765625,monitor_data.speed
1764513774039,1760.412841796875,monitor_data.speed
1764513774040,1755.0931396484375,monitor_data.speed
1764513774041,1761.455322265625,monitor_data.speed
1764513774042,1755.6163330078125,monitor_data.speed
1764513774044,1767.3206787109375,monitor_data.speed
1764513774045,1755.1265869140625,monitor_data.speed
1764513774047,1754.6546630859375,monitor_data.speed
1764513774048,1760.855712890625,monitor_data.speed
1764513774049,1749.689208984375,monitor_data.speed
1764513774051,1756.51123046875,monitor_data.speed
1764513774052,1789.5279541015625,monitor_data.speed
1764513774053,1808.014404296875,monitor_data.speed
1764513774055,1790.4813232421875,monitor_data.speed
1764513774056,1791.6761474609375,monitor_data.speed
1764513774057,1781.6136474609375,monitor_data.speed
1764513774058,1783.3017578125,monitor_data.speed
1764513774060,1779.9599609375,monitor_data.speed
1764513774061,1782.219482421875,monitor_data.speed
1764513774062,1790.828857421875,monitor_data.speed
1764513774064,1780.695556640625,monitor_data.speed
1764513774065,1783.4046630859375,monitor_data.speed
1764513774066,1769.339111328125,monitor_data.speed
1764513774067,1767.9967041015625,monitor_data.speed
1764513774069,1750.010009765625,monitor_data.speed
1764513774070,1756.105224609375,monitor_data.speed
1764513774071,1745.0552978515625,monitor_data.speed
1764513774073,1757.4481201171875,monitor_data.speed
1764513774074,1746.4962158203125,monitor_data.speed
1764513774075,1758.6051025390625,monitor_data.speed
1764513774077,1753.09130859375,monitor_data.speed
1764513774078,1764.6812744140625,monitor_data.speed
1764513774079,1758.588623046875,monitor_data.speed
1764513774080,1764.0780029296875,monitor_data.speed
1764513774082,1752.2606201171875,monitor_data.speed
1764513774032,0,monitor_data.speed_ref
1764513774033,0,monitor_data.speed_ref
1764513774035,0,monitor_data.speed_ref
1764513774036,0,monitor_data.speed_ref
1764513774037,0,monitor_data.speed_ref
1764513774039,0,monitor_data.speed_ref
1764513774040,0,monitor_data.speed_ref
1764513774041,0,monitor_data.speed_ref
1764513774042,0,monitor_data.speed_ref
1764513774044,0,monitor_data.speed_ref
1764513774045,0,monitor_data.speed_ref
1764513774047,0,monitor_data.speed_ref
1764513774048,0,monitor_data.speed_ref
1764513774049,0,monitor_data.speed_ref
1764513774051,0,monitor_data.speed_ref
1764513774052,0,monitor_data.speed_ref
1764513774053,0,monitor_data.speed_ref
1764513774055,0,monitor_data.speed_ref
1764513774056,0,monitor_data.speed_ref
1764513774057,0,monitor_data.speed_ref
1764513774058,0,monitor_data.speed_ref
1764513774060,0,monitor_data.speed_ref
1764513774061,0,monitor_data.speed_ref
1764513774062,0,monitor_data.speed_ref
1764513774064,0,monitor_data.speed_ref
1764513774065,0,monitor_data.speed_ref
1764513774066,0,monitor_data.speed_ref
1764513774067,0,monitor_data.speed_ref
1764513774069,0,monitor_data.speed_ref
1764513774070,0,monitor_data.speed_ref
1764513774071,0,monitor_data.speed_ref
1764513774073,0,monitor_data.speed_ref
1764513774074,0,monitor_data.speed_ref
1764513774075,0,monitor_data.speed_ref
1764513774077,0,monitor_data.speed_ref
1764513774078,0,monitor_data.speed_ref
1764513774079,0,monitor_data.speed_ref
1764513774080,0,monitor_data.speed_ref
1764513774082,0,monitor_data.speed_ref
1764513774083,1758.75732421875,monitor_data.speed
1764513774084,1747.8883056640625,monitor_data.speed
1764513774085,1766.7720947265625,monitor_data.speed
1764513774087,1800.0399169921875,monitor_data.speed
1764513774088,1783.985107421875,monitor_data.speed
1764513774089,1792.6741943359375,monitor_data.speed
1764513774091,1777.42822265625,monitor_data.speed
1764513774092,1786.351318359375,monitor_data.speed
1764513774093,1777.658935546875,monitor_data.speed
1764513774095,1787.061767578125,monitor_data.speed
1764513774096,1778.1307373046875,monitor_data.speed
1764513774097,1798.456787109375,monitor_data.speed
1764513774098,1788.2890625,monitor_data.speed
1764513774100,1789.5926513671875,monitor_data.speed
1764513774101,1774.93359375,monitor_data.speed
1764513774102,1766.6314697265625,monitor_data.speed
1764513774104,1754.117431640625,monitor_data.speed
1764513774105,1759.603515625,monitor_data.speed
1764513774106,1765.6766357421875,monitor_data.speed
1764513774108,1753.993408203125,monitor_data.speed
1764513774109,1765.73291015625,monitor_data.speed
1764513774110,1759.5130615234375,monitor_data.speed
1764513774112,1765.2242431640625,monitor_data.speed
1764513774113,1758.7890625,monitor_data.speed
1764513774114,1769.94775390625,monitor_data.speed
1764513774115,1763.494140625,monitor_data.speed
1764513774117,1751.695068359375,monitor_data.speed
1764513774118,1746.37451171875,monitor_data.speed
1764513774120,1753.8138427734375,monitor_data.speed
1764513774121,1770.9501953125,monitor_data.speed
1764513774122,1774.3690185546875,monitor_data.speed
1764513774123,1778.3631591796875,monitor_data.speed
1764513774125,1764.7232666015625,monitor_data.speed
1764513774126,1775.041748046875,monitor_data.speed
1764513774128,1767.4716796875,monitor_data.speed
1764513774129,1771.3392333984375,monitor_data.speed
1764513774130,1781.2286376953125,monitor_data.speed
1764513774132,1790.3084716796875,monitor_data.speed
1764513774083,0,monitor_data.speed_ref
1764513774084,0,monitor_data.speed_ref
1764513774085,0,monitor_data.speed_ref
1764513774087,0,monitor_data.speed_ref
1764513774088,0,monitor_data.speed_ref
1764513774089,0,monitor_data.speed_ref
1764513774091,0,monitor_data.speed_ref
1764513774092,0,monitor_data.speed_ref
1764513774093,0,monitor_data.speed_ref
1764513774095,0,monitor_data.speed_ref
1764513774096,0,monitor_data.speed_ref
1764513774097,0,monitor_data.speed_ref
1764513774098,0,monitor_data.speed_ref
1764513774100,0,monitor_data.speed_ref
1764513774101,0,monitor_data.speed_ref
1764513774102,0,monitor_data.speed_ref
1764513774104,0,monitor_data.speed_ref
1764513774105,0,monitor_data.speed_ref
1764513774106,0,monitor_data.speed_ref
1764513774108,0,monitor_data.speed_ref
1764513774109,0,monitor_data.speed_ref
1764513774110,0,monitor_data.speed_ref
1764513774112,0,monitor_data.speed_ref
1764513774113,0,monitor_data.speed_ref
1764513774114,0,monitor_data.speed_ref
1764513774115,0,monitor_data.speed_ref
1764513774117,0,monitor_data.speed_ref
1764513774118,0,monitor_data.speed_ref
1764513774120,0,monitor_data.speed_ref
1764513774121,0,monitor_data.speed_ref
1764513774122,0,monitor_data.speed_ref
1764513774123,0,monitor_data.speed_ref
1764513774125,0,monitor_data.speed_ref
1764513774126,0,monitor_data.speed_ref
1764513774128,0,monitor_data.speed_ref
1764513774129,0,monitor_data.speed_ref
1764513774130,0,monitor_data.speed_ref
1764513774132,0,monitor_data.speed_ref
1764513774133,1775.2197265625,monitor_data.speed
1764513774134,1778.445556640625,monitor_data.speed
1764513774135,1764.927978515625,monitor_data.speed
1764513774137,1758.197265625,monitor_data.speed
1764513774138,1746.7137451171875,monitor_data.speed
1764513774139,1753.1097412109375,monitor_data.speed
1764513774141,1748.158203125,monitor_data.speed
1764513774142,1754.8104248046875,monitor_data.speed
1764513774143,1749.6263427734375,monitor_data.speed
1764513774144,1761.7220458984375,monitor_data.speed
1764513774146,1756.010986328125,monitor_data.speed
1764513774147,1761.9786376953125,monitor_data.speed
1764513774148,1755.7381591796875,monitor_data.speed
1764513774150,1761.39404296875,monitor_data.speed
1764513774151,1749.6285400390625,monitor_data.speed
1764513774152,1750.567626953125,monitor_data.speed
1764513774154,1740.3426513671875,monitor_data.speed
1764513774155,1757.608642578125,monitor_data.speed
1764513774156,1779.4405517578125,monitor_data.speed
1764513774157,1765.6578369140625,monitor_data.speed
1764513774159,1775.987060546875,monitor_data.speed
1764513774160,1768.7293701171875,monitor_data.speed
1764513774161,1761.515869140625,monitor_data.speed
1764513774162,1771.5631103515625,monitor_data.speed
1764513774164,1764.0736083984375,monitor_data.speed
1764513774165,1774.0777587890625,monitor_data.speed
1764513774166,1782.6573486328125,monitor_data.speed
1764513774168,1779.0682373046875,monitor_data.speed
1764513774169,1776.677734375,monitor_data.speed
1764513774170,1763.6572265625,monitor_data.speed
1764513774171,1757.4107666015625,monitor_data.speed
1764513774173,1763.4886474609375,monitor_data.speed
1764513774174,1746.384765625,monitor_data.speed
1764513774175,1753.17529296875,monitor_data.speed
1764513774177,1759.8829345703125,monitor_data.speed
1764513774178,1754.413818359375,monitor_data.speed
1764513774180,1760.6671142578125,monitor_data.speed
1764513774181,1754.6290283203125,monitor_data.speed
1764513774133,0,monitor_data.speed_ref
1764513774134,0,monitor_data.speed_ref
1764513774135,0,monitor_data.speed_ref
1764513774137,0,monitor_data.speed_ref
1764513774138,0,monitor_data.speed_ref
1764513774139,0,monitor_data.speed_ref
1764513774141,0,monitor_data.speed_ref
1764513774142,0,monitor_data.speed_ref
1764513774143,0,monitor_data.speed_ref
1764513774144,0,monitor_data.speed_ref
1764513774146,0,monitor_data.speed_ref
1764513774147,0,monitor_data.speed_ref
1764513774148,0,monitor_data.speed_ref
1764513774150,0,monitor_data.speed_ref
1764513774151,0,monitor_data.speed_ref
1764513774152,0,monitor_data.speed_ref
1764513774154,0,monitor_data.speed_ref
1764513774155,0,monitor_data.speed_ref
1764513774156,0,monitor_data.speed_ref
1764513774157,0,monitor_data.speed_ref
1764513774159,0,monitor_data.speed_ref
1764513774160,0,monitor_data.speed_ref
1764513774161,0,monitor_data.speed_ref
1764513774162,0,monitor_data.speed_ref
1764513774164,0,monitor_data.speed_ref
1764513774165,0,monitor_data.speed_ref
1764513774166,0,monitor_data.speed_ref
1764513774168,0,monitor_data.speed_ref
1764513774169,0,monitor_data.speed_ref
1764513774170,0,monitor_data.speed_ref
1764513774171,0,monitor_data.speed_ref
1764513774173,0,monitor_data.speed_ref
1764513774174,0,monitor_data.speed_ref
1764513774175,0,monitor_data.speed_ref
1764513774177,0,monitor_data.speed_ref
1764513774178,0,monitor_data.speed_ref
1764513774180,0,monitor_data.speed_ref
1764513774181,0,monitor_data.speed_ref
1764513774182,1765.9908447265625,monitor_data.speed
1764513774184,1753.8404541015625,monitor_data.speed
1764513774185,1765.6285400390625,monitor_data.speed
1764513774186,1748.3602294921875,monitor_data.speed
1764513774187,1749.748779296875,monitor_data.speed
1764513774189,1773.9444580078125,monitor_data.speed
1764513774190,1795.0513916015625,monitor_data.speed
1764513774191,1779.166259765625,monitor_data.speed
1764513774192,1781.5789794921875,monitor_data.speed
1764513774194,1772.6397705078125,monitor_data.speed
1764513774195,1781.436767578125,monitor_data.speed
1764513774196,1773.06787109375,monitor_data.speed
1764513774198,1775.931396484375,monitor_data.speed
1764513774199,1785.2088623046875,monitor_data.speed
1764513774200,1776.4783935546875,monitor_data.speed
1764513774201,1779.2218017578125,monitor_data.speed
1764513774203,1765.0496826171875,monitor_data.speed
1764513774204,1769.598388671875,monitor_data.speed
1764513774205,1757.3280029296875,monitor_data.speed
1764513774207,1757.728515625,monitor_data.speed
1764513774208,1746.912353515625,monitor_data.speed
1764513774210,1747.844482421875,monitor_data.speed
1764513774211,1754.986572265625,monitor_data.speed
1764513774212,1749.6953125,monitor_data.speed
1764513774214,1762.029541015625,monitor_data.speed
1764513774215,1756.3157958984375,monitor_data.speed
1764513774216,1768.08935546875,monitor_data.speed
1764513774217,1761.8980712890625,monitor_data.speed
1764513774219,1762.0904541015625,monitor_data.speed
1764513774220,1750.5728759765625,monitor_data.speed
1764513774221,1751.80615234375,monitor_data.speed
1764513774223,1741.66748046875,monitor_data.speed
1764513774224,1792.891845703125,monitor_data.speed
1764513774225,1787.0474853515625,monitor_data.speed
1764513774227,1794.8848876953125,monitor_data.speed
1764513774228,1785.368408203125,monitor_data.speed
1764513774229,1776.4320068359375,monitor_data.speed
1764513774230,1784.59619140625,monitor_data.speed
1764513774232,1787.5616455078125,monitor_data.speed
1764513774182,0,monitor_data.speed_ref
1764513774184,0,monitor_data.speed_ref
1764513774185,0,monitor_data.speed_ref
1764513774186,0,monitor_data.speed_ref
1764513774187,0,monitor_data.speed_ref
1764513774189,0,monitor_data.speed_ref
1764513774190,0,monitor_data.speed_ref
1764513774191,0,monitor_data.speed_ref
1764513774192,0,monitor_data.speed_ref
1764513774194,0,monitor_data.speed_ref
1764513774195,0,monitor_data.speed_ref
1764513774196,0,monitor_data.speed_ref
1764513774198,0,monitor_data.speed_ref
1764513774199,0,monitor_data.speed_ref
1764513774200,0,monitor_data.speed_ref
1764513774201,0,monitor_data.speed_ref
1764513774203,0,monitor_data.speed_ref
1764513774204,0,monitor_data.speed_ref
1764513774205,0,monitor_data.speed_ref
1764513774207,0,monitor_data.speed_ref
1764513774208,0,monitor_data.speed_ref
1764513774210,0,monitor_data.speed_ref
1764513774211,0,monitor_data.speed_ref
1764513774212,0,monitor_data.speed_ref
1764513774214,0,monitor_data.speed_ref
1764513774215,0,monitor_data.speed_ref
1764513774216,0,monitor_data.speed_ref
1764513774217,0,monitor_data.speed_ref
1764513774219,0,monitor_data.speed_ref
1764513774220,0,monitor_data.speed_ref
1764513774221,0,monitor_data.speed_ref
1764513774223,0,monitor_data.speed_ref
1764513774224,0,monitor_data.speed_ref
1764513774225,0,monitor_data.speed_ref
1764513774227,0,monitor_data.speed_ref
1764513774228,0,monitor_data.speed_ref
1764513774229,0,monitor_data.speed_ref
1764513774230,0,monitor_data.speed_ref
1764513774232,0,monitor_data.speed_ref
1764513774233,1784.5738525390625,monitor_data.speed
1764513774234,1793.34423828125,monitor_data.speed
1764513774236,1788.349365234375,monitor_data.speed
1764513774237,1772.95068359375,monitor_data.speed
1764513774238,1776.2076416015625,monitor_data.speed
1764513774239,1762.7962646484375,monitor_data.speed
1764513774241,1762.033935546875,monitor_data.speed
1764513774242,1750.4697265625,monitor_data.speed
1764513774243,1756.6707763671875,monitor_data.speed
1764513774244,1751.338623046875,monitor_data.speed
1764513774246,1763.462646484375,monitor_data.speed
1764513774247,1751.7745361328125,monitor_data.speed
1764513774248,1763.4581298828125,monitor_data.speed
1764513774250,1757.4495849609375,monitor_data.speed
1764513774251,1757.1507568359375,monitor_data.speed
1764513774252,1768.275390625,monitor_data.speed
1764513774253,1750.2098388671875,monitor_data.speed
1764513774255,1756.3978271484375,monitor_data.speed
1764513774256,1739.83154296875,monitor_data.speed
1764513774257,1764.4647216796875,monitor_data.speed
1764513774258,1798.0069580078125,monitor_data.speed
1764513774260,1781.8681640625,monitor_data.speed
1764513774261,1783.8519287109375,monitor_data.speed
1764513774262,1774.856689453125,monitor_data.speed
1764513774264,1777.743408203125,monitor_data.speed
1764513774265,1769.3275146484375,monitor_data.speed
1764513774266,1784.374267578125,monitor_data.speed
1764513774268,1775.86865234375,monitor_data.speed
1764513774269,1795.510986328125,monitor_data.speed
1764513774270,1779.62158203125,monitor_data.speed
1764513774272,1782.097412109375,monitor_data.speed
1764513774273,1762.37939453125,monitor_data.speed
1764513774274,1761.1767578125,monitor_data.speed
1764513774276,1767.0203857421875,monitor_data.speed
1764513774277,1755.3984375,monitor_data.speed
1764513774278,1744.313720703125,monitor_data.speed
1764513774279,1756.568115234375,monitor_data.speed
1764513774281,1751.1378173828125,monitor_data.speed
1764513774233,0,monitor_data.speed_ref
1764513774234,0,monitor_data.speed_ref
1764513774236,0,monitor_data.speed_ref
1764513774237,0,monitor_data.speed_ref
1764513774238,0,monitor_data.speed_ref
1764513774239,0,monitor_data.speed_ref
1764513774241,0,monitor_data.speed_ref
1764513774242,0,monitor_data.speed_ref
1764513774243,0,monitor_data.speed_ref
1764513774244,0,monitor_data.speed_ref
1764513774246,0,monitor_data.speed_ref
1764513774247,0,monitor_data.speed_ref
1764513774248,0,monitor_data.speed_ref
1764513774250,0,monitor_data.speed_ref
1764513774251,0,monitor_data.speed_ref
1764513774252,0,monitor_data.speed_ref
1764513774253,0,monitor_data.speed_ref
1764513774255,0,monitor_data.speed_ref
1764513774256,0,monitor_data.speed_ref
1764513774257,0,monitor_data.speed_ref
1764513774258,0,monitor_data.speed_ref
1764513774260,0,monitor_data.speed_ref
1764513774261,0,monitor_data.speed_ref
1764513774262,0,monitor_data.speed_ref
1764513774264,0,monitor_data.speed_ref
1764513774265,0,monitor_data.speed_ref
1764513774266,0,monitor_data.speed_ref
1764513774268,0,monitor_data.speed_ref
1764513774269,0,monitor_data.speed_ref
1764513774270,0,monitor_data.speed_ref
1764513774272,0,monitor_data.speed_ref
1764513774273,0,monitor_data.speed_ref
1764513774274,0,monitor_data.speed_ref
1764513774276,0,monitor_data.speed_ref
1764513774277,0,monitor_data.speed_ref
1764513774278,0,monitor_data.speed_ref
1764513774279,0,monitor_data.speed_ref
1764513774281,0,monitor_data.speed_ref
1764513774282,1763.1092529296875,monitor_data.speed
1764513774283,1757.144287109375,monitor_data.speed
1764513774284,1762.8681640625,monitor_data.speed
1764513774286,1756.5543212890625,monitor_data.speed
1764513774287,1762.12939453125,monitor_data.speed
1764513774288,1750.5687255859375,monitor_data.speed
1764513774290,1757.087646484375,monitor_data.speed
1764513774291,1746.5706787109375,monitor_data.speed
1764513774292,1764.3406982421875,monitor_data.speed
1764513774293,1784.507568359375,monitor_data.speed
1764513774295,1786.264892578125,monitor_data.speed
1764513774296,1771.280029296875,monitor_data.speed
1764513774297,1773.7760009765625,monitor_data.speed
1764513774299,1782.8739013671875,monitor_data.speed
1764513774300,1774.2767333984375,monitor_data.speed
1764513774301,1782.86181640625,monitor_data.speed
1764513774303,1786.02099609375,monitor_data.speed
1764513774304,1777.0640869140625,monitor_data.speed
1764513774305,1780.0101318359375,monitor_data.speed
1764513774307,1766.4112548828125,monitor_data.speed
1764513774308,1765.75634765625,monitor_data.speed
1764513774309,1748.3194580078125,monitor_data.speed
1764513774310,1754.9027099609375,monitor_data.speed
1764513774312,1744.067626953125,monitor_data.speed
1764513774313,1756.80517578125,monitor_data.speed
1764513774315,1746.047607421875,monitor_data.speed
1764513774316,1758.2652587890625,monitor_data.speed
1764513774317,1752.7926025390625,monitor_data.speed
1764513774318,1758.6485595703125,monitor_data.speed
1764513774320,1752.7418212890625,monitor_data.speed
1764513774321,1764.095458984375,monitor_data.speed
1764513774322,1752.3843994140625,monitor_data.speed
1764513774324,1753.0391845703125,monitor_data.speed
1764513774325,1736.98388671875,monitor_data.speed
1764513774326,1772.079345703125,monitor_data.speed
1764513774328,1808.6571044921875,monitor_data.speed
1764513774329,1785.5078125,monitor_data.speed
1764513774331,1787.0062255859375,monitor_data.speed
1764513774332,1783.684326171875,monitor_data.speed
1764513774282,0,monitor_data.speed_ref
1764513774283,0,monitor_data.speed_ref
1764513774284,0,monitor_data.speed_ref
1764513774286,0,monitor_data.speed_ref
1764513774287,0,monitor_data.speed_ref
1764513774288,0,monitor_data.speed_ref
1764513774290,0,monitor_data.speed_ref
1764513774291,0,monitor_data.speed_ref
1764513774292,0,monitor_data.speed_ref
1764513774293,0,monitor_data.speed_ref
1764513774295,0,monitor_data.speed_ref
1764513774296,0,monitor_data.speed_ref
1764513774297,0,monitor_data.speed_ref
1764513774299,0,monitor_data.speed_ref
1764513774300,0,monitor_data.speed_ref
1764513774301,0,monitor_data.speed_ref
1764513774303,0,monitor_data.speed_ref
1764513774304,0,monitor_data.speed_ref
1764513774305,0,monitor_data.speed_ref
1764513774307,0,monitor_data.speed_ref
1764513774308,0,monitor_data.speed_ref
1764513774309,0,monitor_data.speed_ref
1764513774310,0,monitor_data.speed_ref
1764513774312,0,monitor_data.speed_ref
1764513774313,0,monitor_data.speed_ref
1764513774315,0,monitor_data.speed_ref
1764513774316,0,monitor_data.speed_ref
1764513774317,0,monitor_data.speed_ref
1764513774318,0,monitor_data.speed_ref
1764513774320,0,monitor_data.speed_ref
1764513774321,0,monitor_data.speed_ref
1764513774322,0,monitor_data.speed_ref
1764513774324,0,monitor_data.speed_ref
1764513774325,0,monitor_data.speed_ref
1764513774326,0,monitor_data.speed_ref
1764513774328,0,monitor_data.speed_ref
1764513774329,0,monitor_data.speed_ref
1764513774331,0,monitor_data.speed_ref
1764513774332,0,monitor_data.speed_ref
1764513774333,1786.374755859375,monitor_data.speed
1764513774334,1777.3770751953125,monitor_data.speed
1764513774336,1785.9195556640625,monitor_data.speed
1764513774337,1794.54736328125,monitor_data.speed
1764513774338,1796.0155029296875,monitor_data.speed
1764513774340,1786.0911865234375,monitor_data.speed
1764513774341,1783.0830078125,monitor_data.speed
1764513774342,1769.56298828125,monitor_data.speed
1764513774343,1757.1270751953125,monitor_data.speed
1764513774344,1762.8514404296875,monitor_data.speed
1764513774346,1751.3394775390625,monitor_data.speed
1764513774347,1757.7777099609375,monitor_data.speed
1764513774348,1752.25390625,monitor_data.speed
1764513774350,1764.43701171875,monitor_data.speed
1764513774351,1758.6124267578125,monitor_data.speed
1764513774352,1752.5404052734375,monitor_data.speed
1764513774353,1763.955078125,monitor_data.speed
1764513774355,1769.50439453125,monitor_data.speed
1764513774356,1757.300537109375,monitor_data.speed
1764513774357,1745.8712158203125,monitor_data.speed
1764513774359,1746.6744384765625,monitor_data.speed
1764513774360,1754.1383056640625,monitor_data.speed
1764513774361,1776.73681640625,monitor_data.speed
1764513774362,1773.2119140625,monitor_data.speed
1764513774364,1776.226806640625,monitor_data.speed
1764513774365,1768.4425048828125,monitor_data.speed
1764513774366,1772.1702880859375,monitor_data.speed
1764513774368,1770.4227294921875,monitor_data.speed
1764513774369,1773.690673828125,monitor_data.speed
1764513774370,1783.462890625,monitor_data.speed
1764513774371,1775.83203125,monitor_data.speed
1764513774373,1785.0079345703125,monitor_data.speed
1764513774374,1770.6248779296875,monitor_data.speed
1764513774375,1769.1744384765625,monitor_data.speed
1764513774377,1751.1090087890625,monitor_data.speed
1764513774378,1757.4068603515625,monitor_data.speed
1764513774379,1746.4085693359375,monitor_data.speed
1764513774381,1753.451904296875,monitor_data.speed
1764513774382,1742.96728515625,monitor_data.speed
1764513774333,0,monitor_data.speed_ref
1764513774334,0,monitor_data.speed_ref
1764513774336,0,monitor_data.speed_ref
1764513774337,0,monitor_data.speed_ref
1764513774338,0,monitor_data.speed_ref
1764513774340,0,monitor_data.speed_ref
1764513774341,0,monitor_data.speed_ref
1764513774342,0,monitor_data.speed_ref
1764513774343,0,monitor_data.speed_ref
1764513774344,0,monitor_data.speed_ref
1764513774346,0,monitor_data.speed_ref
1764513774347,0,monitor_data.speed_ref
1764513774348,0,monitor_data.speed_ref
1764513774350,0,monitor_data.speed_ref
1764513774351,0,monitor_data.speed_ref
1764513774352,0,monitor_data.speed_ref
1764513774353,0,monitor_data.speed_ref
1764513774355,0,monitor_data.speed_ref
1764513774356,0,monitor_data.speed_ref
1764513774357,0,monitor_data.speed_ref
1764513774359,0,monitor_data.speed_ref
1764513774360,0,monitor_data.speed_ref
1764513774361,0,monitor_data.speed_ref
1764513774362,0,monitor_data.speed_ref
1764513774364,0,monitor_data.speed_ref
1764513774365,0,monitor_data.speed_ref
1764513774366,0,monitor_data.speed_ref
1764513774368,0,monitor_data.speed_ref
1764513774369,0,monitor_data.speed_ref
1764513774370,0,monitor_data.speed_ref
1764513774371,0,monitor_data.speed_ref
1764513774373,0,monitor_data.speed_ref
1764513774374,0,monitor_data.speed_ref
1764513774375,0,monitor_data.speed_ref
1764513774377,0,monitor_data.speed_ref
1764513774378,0,monitor_data.speed_ref
1764513774379,0,monitor_data.speed_ref
1764513774381,0,monitor_data.speed_ref
1764513774382,0,monitor_data.speed_ref
1764513774383,1755.8719482421875,monitor_data.speed
1764513774384,1750.8060302734375,monitor_data.speed
1764513774386,1762.9970703125,monitor_data.speed
1764513774387,1757.2215576171875,monitor_data.speed
1764513774388,1763.0906982421875,monitor_data.speed
1764513774390,1756.9747314453125,monitor_data.speed
1764513774391,1763.277587890625,monitor_data.speed
1764513774394,1766.4403076171875,monitor_data.speed
1764513774396,1793.3931884765625,monitor_data.speed
1764513774397,1777.7652587890625,monitor_data.speed
1764513774399,1786.214599609375,monitor_data.speed
1764513774400,1777.7691650390625,monitor_data.speed
1764513774401,1775.5101318359375,monitor_data.speed
1764513774402,1778.9056396484375,monitor_data.speed
1764513774403,1776.3170166015625,monitor_data.speed
1764513774404,1779.8477783203125,monitor_data.speed
1764513774406,1788.9139404296875,monitor_data.speed
1764513774407,1790.0655517578125,monitor_data.speed
1764513774409,1791.3704833984375,monitor_data.speed
1764513774410,1776.27001953125,monitor_data.speed
1764513774411,1768.1075439453125,monitor_data.speed
1764513774412,1761.4124755859375,monitor_data.speed
1764513774414,1761.024169921875,monitor_data.speed
1764513774415,1749.328857421875,monitor_data.speed
1764513774416,1761.4036865234375,monitor_data.speed
1764513774418,1755.6019287109375,monitor_data.speed
1764513774419,1761.4356689453125,monitor_data.speed
1764513774420,1767.0966796875,monitor_data.speed
1764513774422,1760.656494140625,monitor_data.speed
1764513774423,1754.27587890625,monitor_data.speed
1764513774424,1765.353515625,monitor_data.speed
1764513774426,1753.4364013671875,monitor_data.speed
1764513774427,1753.778076171875,monitor_data.speed
1764513774428,1743.1343994140625,monitor_data.speed
1764513774429,1794.831787109375,monitor_data.speed
1764513774431,1796.2943115234375,monitor_data.speed
1764513774432,1797.43896484375,monitor_data.speed
1764513774383,0,monitor_data.speed_ref
1764513774384,0,monitor_data.speed_ref
1764513774386,0,monitor_data.speed_ref
1764513774387,0,monitor_data.speed_ref
1764513774388,0,monitor_data.speed_ref
1764513774390,0,monitor_data.speed_ref
1764513774391,0,monitor_data.speed_ref
1764513774394,0,monitor_data.speed_ref
1764513774396,0,monitor_data.speed_ref
1764513774397,0,monitor_data.speed_ref
1764513774399,0,monitor_data.speed_ref
1764513774400,0,monitor_data.speed_ref
1764513774401,0,monitor_data.speed_ref
1764513774402,0,monitor_data.speed_ref
1764513774403,0,monitor_data.speed_ref
1764513774404,0,monitor_data.speed_ref
1764513774406,0,monitor_data.speed_ref
1764513774407,0,monitor_data.speed_ref
1764513774409,0,monitor_data.speed_ref
1764513774410,0,monitor_data.speed_ref
1764513774411,0,monitor_data.speed_ref
1764513774412,0,monitor_data.speed_ref
1764513774414,0,monitor_data.speed_ref
1764513774415,0,monitor_data.speed_ref
1764513774416,0,monitor_data.speed_ref
1764513774418,0,monitor_data.speed_ref
1764513774419,0,monitor_data.speed_ref
1764513774420,0,monitor_data.speed_ref
1764513774422,0,monitor_data.speed_ref
1764513774423,0,monitor_data.speed_ref
1764513774424,0,monitor_data.speed_ref
1764513774426,0,monitor_data.speed_ref
1764513774427,0,monitor_data.speed_ref
1764513774428,0,monitor_data.speed_ref
1764513774429,0,monitor_data.speed_ref
1764513774431,0,monitor_data.speed_ref
1764513774432,0,monitor_data.speed_ref
1764513774433,1787.3912353515625,monitor_data.speed
1764513774434,1789.999267578125,monitor_data.speed
1764513774436,1780.0771484375,monitor_data.speed
1764513774437,1782.2672119140625,monitor_data.speed
1764513774439,1773.4105224609375,monitor_data.speed
1764513774440,1782.171142578125,monitor_data.speed
1764513774441,1799.798095703125,monitor_data.speed
1764513774443,1800.85595703125,monitor_data.speed
1764513774444,1779.2890625,monitor_data.speed
1764513774445,1777.004638671875,monitor_data.speed
1764513774447,1769.6234130859375,monitor_data.speed
1764513774449,1751.624755859375,monitor_data.speed
1764513774450,1757.3538818359375,monitor_data.speed
1764513774451,1751.6051025390625,monitor_data.speed
1764513774453,1757.2857666015625,monitor_data.speed
1764513774454,1768.9049072265625,monitor_data.speed
1764513774455,1762.565185546875,monitor_data.speed
1764513774456,1756.1622314453125,monitor_data.speed
1764513774458,1761.128662109375,monitor_data.speed
1764513774459,1754.839599609375,monitor_data.speed
1764513774460,1760.6279296875,monitor_data.speed
1764513774462,1749.375,monitor_data.speed
1764513774463,1767.7908935546875,monitor_data.speed
1764513774464,1794.5975341796875,monitor_data.speed
1764513774466,1778.8660888671875,monitor_data.speed
1764513774467,1780.7491455078125,monitor_data.speed
1764513774468,1789.5552978515625,monitor_data.speed
1764513774470,1774.325439453125,monitor_data.speed
1764513774471,1777.3463134765625,monitor_data.speed
1764513774473,1768.925537109375,monitor_data.speed
1764513774474,1777.949951171875,monitor_data.speed
1764513774475,1786.69970703125,monitor_data.speed
1764513774476,1771.945556640625,monitor_data.speed
1764513774478,1775.41845703125,monitor_data.speed
1764513774479,1756.7015380859375,monitor_data.speed
1764513774480,1756.457275390625,monitor_data.speed
1764513774482,1757.0740966796875,monitor_data.speed
1764513774483,1751.91943359375,monitor_data.speed
1764513774433,0,monitor_data.speed_ref
1764513774434,0,monitor_data.speed_ref
1764513774436,0,monitor_data.speed_ref
1764513774437,0,monitor_data.speed_ref
1764513774439,0,monitor_data.speed_ref
1764513774440,0,monitor_data.speed_ref
1764513774441,0,monitor_data.speed_ref
1764513774443,0,monitor_data.speed_ref
1764513774444,0,monitor_data.speed_ref
1764513774445,0,monitor_data.speed_ref
1764513774447,0,monitor_data.speed_ref
1764513774449,0,monitor_data.speed_ref
1764513774450,0,monitor_data.speed_ref
1764513774451,0,monitor_data.speed_ref
1764513774453,0,monitor_data.speed_ref
1764513774454,0,monitor_data.speed_ref
1764513774455,0,monitor_data.speed_ref
1764513774456,0,monitor_data.speed_ref
1764513774458,0,monitor_data.speed_ref
1764513774459,0,monitor_data.speed_ref
1764513774460,0,monitor_data.speed_ref
1764513774462,0,monitor_data.speed_ref
1764513774463,0,monitor_data.speed_ref
1764513774464,0,monitor_data.speed_ref
1764513774466,0,monitor_data.speed_ref
1764513774467,0,monitor_data.speed_ref
1764513774468,0,monitor_data.speed_ref
1764513774470,0,monitor_data.speed_ref
1764513774471,0,monitor_data.speed_ref
1764513774473,0,monitor_data.speed_ref
1764513774474,0,monitor_data.speed_ref
1764513774475,0,monitor_data.speed_ref
1764513774476,0,monitor_data.speed_ref
1764513774478,0,monitor_data.speed_ref
1764513774479,0,monitor_data.speed_ref
1764513774480,0,monitor_data.speed_ref
1764513774482,0,monitor_data.speed_ref
1764513774483,0,monitor_data.speed_ref
1764513774484,1741.4251708984375,monitor_data.speed
1764513774486,1748.0557861328125,monitor_data.speed
1764513774487,1760.698486328125,monitor_data.speed
1764513774488,1755.0084228515625,monitor_data.speed
1764513774490,1749.4381103515625,monitor_data.speed
1764513774491,1760.8525390625,monitor_data.speed
1764513774492,1754.7913818359375,monitor_data.speed
1764513774494,1754.4190673828125,monitor_data.speed
1764513774495,1743.09228515625,monitor_data.speed
1764513774496,1749.8221435546875,monitor_data.speed
1764513774497,1763.3485107421875,monitor_data.speed
1764513774499,1791.49365234375,monitor_data.speed
1764513774500,1776.72900390625,monitor_data.speed
1764513774501,1773.692138671875,monitor_data.speed
1764513774503,1776.974609375,monitor_data.speed
1764513774504,1768.9315185546875,monitor_data.speed
1764513774506,1766.406494140625,monitor_data.speed
1764513774507,1775.77880859375,monitor_data.speed
1764513774509,1785.3514404296875,monitor_data.speed
1764513774510,1788.22998046875,monitor_data.speed
1764513774511,1779.2401123046875,monitor_data.speed
1764513774512,1782.5318603515625,monitor_data.speed
1764513774514,1763.15576171875,monitor_data.speed
1764513774515,1762.8438720703125,monitor_data.speed
1764513774516,1751.2860107421875,monitor_data.speed
1764513774518,1757.78515625,monitor_data.speed
1764513774519,1758.6588134765625,monitor_data.speed
1764513774521,1753.3572998046875,monitor_data.speed
1764513774522,1759.55810546875,monitor_data.speed
1764513774523,1759.63623046875,monitor_data.speed
1764513774524,1765.5267333984375,monitor_data.speed
1764513774526,1759.25927734375,monitor_data.speed
1764513774527,1764.88330078125,monitor_data.speed
1764513774528,1753.075927734375,monitor_data.speed
1764513774530,1753.83447265625,monitor_data.speed
1764513774531,1737.7835693359375,monitor_data.speed
1764513774532,1761.790771484375,monitor_data.speed
1764513774534,1784.1817626953125,monitor_data.speed
1764513774484,0,monitor_data.speed_ref
1764513774486,0,monitor_data.speed_ref
1764513774487,0,monitor_data.speed_ref
1764513774488,0,monitor_data.speed_ref
1764513774490,0,monitor_data.speed_ref
1764513774491,0,monitor_data.speed_ref
1764513774492,0,monitor_data.speed_ref
1764513774494,0,monitor_data.speed_ref
1764513774495,0,monitor_data.speed_ref
1764513774496,0,monitor_data.speed_ref
1764513774497,0,monitor_data.speed_ref
1764513774499,0,monitor_data.speed_ref
1764513774500,0,monitor_data.speed_ref
1764513774501,0,monitor_data.speed_ref
1764513774503,0,monitor_data.speed_ref
1764513774504,0,monitor_data.speed_ref
1764513774506,0,monitor_data.speed_ref
1764513774507,0,monitor_data.speed_ref
1764513774509,0,monitor_data.speed_ref
1764513774510,0,monitor_data.speed_ref
1764513774511,0,monitor_data.speed_ref
1764513774512,0,monitor_data.speed_ref
1764513774514,0,monitor_data.speed_ref
1764513774515,0,monitor_data.speed_ref
1764513774516,0,monitor_data.speed_ref
1764513774518,0,monitor_data.speed_ref
1764513774519,0,monitor_data.speed_ref
1764513774521,0,monitor_data.speed_ref
1764513774522,0,monitor_data.speed_ref
1764513774523,0,monitor_data.speed_ref
1764513774524,0,monitor_data.speed_ref
1764513774526,0,monitor_data.speed_ref
1764513774527,0,monitor_data.speed_ref
1764513774528,0,monitor_data.speed_ref
1764513774530,0,monitor_data.speed_ref
1764513774531,0,monitor_data.speed_ref
1764513774532,0,monitor_data.speed_ref
1764513774534,0,monitor_data.speed_ref
1764513774535,1764.00732421875,monitor_data.speed
1764513774537,1768.27685546875,monitor_data.speed
1764513774538,1767.083251953125,monitor_data.speed
1764513774539,1771.472900390625,monitor_data.speed
1764513774540,1764.16015625,monitor_data.speed
1764513774542,1774.106201171875,monitor_data.speed
1764513774543,1778.21142578125,monitor_data.speed
1764513774544,1786.3214111328125,monitor_data.speed
1764513774546,1777.6676025390625,monitor_data.speed
1764513774547,1769.3111572265625,monitor_data.speed
1764513774548,1756.7381591796875,monitor_data.speed
1764513774549,1756.767333984375,monitor_data.speed
1764513774551,1751.41845703125,monitor_data.speed
1764513774552,1746.6746826171875,monitor_data.speed
1764513774554,1759.6495361328125,monitor_data.speed
1764513774555,1748.5181884765625,monitor_data.speed
1764513774556,1760.767822265625,monitor_data.speed
1764513774558,1749.2386474609375,monitor_data.speed
1764513774559,1761.0098876953125,monitor_data.speed
1764513774560,1754.8988037109375,monitor_data.speed
1764513774562,1760.5020751953125,monitor_data.speed
1764513774563,1754.6478271484375,monitor_data.speed
1764513774564,1749.428955078125,monitor_data.speed
1764513774565,1756.4608154296875,monitor_data.speed
1764513774567,1778.6077880859375,monitor_data.speed
1764513774568,1792.4534912109375,monitor_data.speed
1764513774570,1777.2669677734375,monitor_data.speed
1764513774571,1785.8819580078125,monitor_data.speed
1764513774572,1777.499267578125,monitor_data.speed
1764513774573,1780.99609375,monitor_data.speed
1764513774575,1772.2242431640625,monitor_data.speed
1764513774576,1775.141357421875,monitor_data.speed
1764513774577,1784.545654296875,monitor_data.speed
1764513774579,1775.760498046875,monitor_data.speed
1764513774580,1772.6546630859375,monitor_data.speed
1764513774581,1771.23828125,monitor_data.speed
1764513774583,1764.709716796875,monitor_data.speed
1764513774584,1747.290771484375,monitor_data.speed
1764513774585,1753.9420166015625,monitor_data.speed
1764513774535,0,monitor_data.speed_ref
1764513774537,0,monitor_data.speed_ref
1764513774538,0,monitor_data.speed_ref
1764513774539,0,monitor_data.speed_ref
1764513774540,0,monitor_data.speed_ref
1764513774542,0,monitor_data.speed_ref
1764513774543,0,monitor_data.speed_ref
1764513774544,0,monitor_data.speed_ref
1764513774546,0,monitor_data.speed_ref
1764513774547,0,monitor_data.speed_ref
1764513774548,0,monitor_data.speed_ref
1764513774549,0,monitor_data.speed_ref
1764513774551,0,monitor_data.speed_ref
1764513774552,0,monitor_data.speed_ref
1764513774554,0,monitor_data.speed_ref
1764513774555,0,monitor_data.speed_ref
1764513774556,0,monitor_data.speed_ref
1764513774558,0,monitor_data.speed_ref
1764513774559,0,monitor_data.speed_ref
1764513774560,0,monitor_data.speed_ref
1764513774562,0,monitor_data.speed_ref
1764513774563,0,monitor_data.speed_ref
1764513774564,0,monitor_data.speed_ref
1764513774565,0,monitor_data.speed_ref
1764513774567,0,monitor_data.speed_ref
1764513774568,0,monitor_data.speed_ref
1764513774570,0,monitor_data.speed_ref
1764513774571,0,monitor_data.speed_ref
1764513774572,0,monitor_data.speed_ref
1764513774573,0,monitor_data.speed_ref
1764513774575,0,monitor_data.speed_ref
1764513774576,0,monitor_data.speed_ref
1764513774577,0,monitor_data.speed_ref
1764513774579,0,monitor_data.speed_ref
1764513774580,0,monitor_data.speed_ref
1764513774581,0,monitor_data.speed_ref
1764513774583,0,monitor_data.speed_ref
1764513774584,0,monitor_data.speed_ref
1764513774585,0,monitor_data.speed_ref
1764513774586,1743.2525634765625,monitor_data.speed
1764513774588,1756.1849365234375,monitor_data.speed
1764513774589,1745.342041015625,monitor_data.speed
1764513774590,1757.9805908203125,monitor_data.speed
1764513774592,1752.595947265625,monitor_data.speed
1764513774593,1764.5213623046875,monitor_data.speed
1764513774594,1758.5089111328125,monitor_data.speed
1764513774595,1764.2877197265625,monitor_data.speed
1764513774598,1752.8072509765625,monitor_data.speed
1764513774599,1741.9390869140625,monitor_data.speed
1764513774600,1743.4739990234375,monitor_data.speed
1764513774601,1772.4659423828125,monitor_data.speed
1764513774602,1803.652099609375,monitor_data.speed
1764513774604,1787.099853515625,monitor_data.speed
1764513774605,1795.1204833984375,monitor_data.speed
1764513774606,1785.468994140625,monitor_data.speed
1764513774608,1788.0853271484375,monitor_data.speed
1764513774609,1778.904541015625,monitor_data.speed
1764513774610,1787.76806640625,monitor_data.speed
1764513774611,1779.3348388671875,monitor_data.speed
1764513774613,1787.661376953125,monitor_data.speed
1764513774614,1789.261962890625,monitor_data.speed
1764513774615,1774.417724609375,monitor_data.speed
1764513774617,1765.9921875,monitor_data.speed
1764513774618,1765.197998046875,monitor_data.speed
1764513774619,1753.299560546875,monitor_data.speed
1764513774621,1759.63818359375,monitor_data.speed
1764513774622,1754.1805419921875,monitor_data.speed
1764513774623,1760.5655517578125,monitor_data.speed
1764513774625,1754.762939453125,monitor_data.speed
1764513774626,1760.772216796875,monitor_data.speed
1764513774627,1760.5172119140625,monitor_data.speed
1764513774629,1765.991455078125,monitor_data.speed
1764513774630,1753.63134765625,monitor_data.speed
1764513774631,1759.232421875,monitor_data.speed
1764513774633,1748.0230712890625,monitor_data.speed
1764513774634,1749.1734619140625,monitor_data.speed
1764513774635,1767.0849609375,monitor_data.speed
1764513774586,0,monitor_data.speed_ref
1764513774588,0,monitor_data.speed_ref
1764513774589,0,monitor_data.speed_ref
1764513774590,0,monitor_data.speed_ref
1764513774592,0,monitor_data.speed_ref
1764513774593,0,monitor_data.speed_ref
1764513774594,0,monitor_data.speed_ref
1764513774595,0,monitor_data.speed_ref
1764513774598,0,monitor_data.speed_ref
1764513774599,0,monitor_data.speed_ref
1764513774600,0,monitor_data.speed_ref
1764513774601,0,monitor_data.speed_ref
1764513774602,0,monitor_data.speed_ref
1764513774604,0,monitor_data.speed_ref
1764513774605,0,monitor_data.speed_ref
1764513774606,0,monitor_data.speed_ref
1764513774608,0,monitor_data.speed_ref
1764513774609,0,monitor_data.speed_ref
1764513774610,0,monitor_data.speed_ref
1764513774611,0,monitor_data.speed_ref
1764513774613,0,monitor_data.speed_ref
1764513774614,0,monitor_data.speed_ref
1764513774615,0,monitor_data.speed_ref
1764513774617,0,monitor_data.speed_ref
1764513774618,0,monitor_data.speed_ref
1764513774619,0,monitor_data.speed_ref
1764513774621,0,monitor_data.speed_ref
1764513774622,0,monitor_data.speed_ref
1764513774623,0,monitor_data.speed_ref
1764513774625,0,monitor_data.speed_ref
1764513774626,0,monitor_data.speed_ref
1764513774627,0,monitor_data.speed_ref
1764513774629,0,monitor_data.speed_ref
1764513774630,0,monitor_data.speed_ref
1764513774631,0,monitor_data.speed_ref
1764513774633,0,monitor_data.speed_ref
1764513774634,0,monitor_data.speed_ref
1764513774635,0,monitor_data.speed_ref
1764513774637,1787.4320068359375,monitor_data.speed
1764513774638,1783.153076171875,monitor_data.speed
1764513774639,1774.243408203125,monitor_data.speed
1764513774641,1783.0660400390625,monitor_data.speed
1764513774642,1774.2235107421875,monitor_data.speed
1764513774643,1777.2969970703125,monitor_data.speed
1764513774645,1768.7740478515625,monitor_data.speed
1764513774646,1778.08203125,monitor_data.speed
1764513774647,1802.224365234375,monitor_data.speed
1764513774648,1786.0743408203125,monitor_data.speed
1764513774650,1775.813720703125,monitor_data.speed
1764513774652,1767.5123291015625,monitor_data.speed
1764513774653,1766.6943359375,monitor_data.speed
1764513774654,1754.5546875,monitor_data.speed
1764513774656,1760.7100830078125,monitor_data.speed
1764513774657,1755.05224609375,monitor_data.speed
1764513774658,1761.0748291015625,monitor_data.speed
1764513774660,1755.1768798828125,monitor_data.speed
1764513774661,1766.6102294921875,monitor_data.speed
1764513774662,1760.307373046875,monitor_data.speed
1764513774663,1771.4736328125,monitor_data.speed
1764513774665,1759.1348876953125,monitor_data.speed
1764513774666,1747.5504150390625,monitor_data.speed
1764513774667,1747.9283447265625,monitor_data.speed
1764513774669,1749.0703125,monitor_data.speed
1764513774670,1788.6070556640625,monitor_data.speed
1764513774671,1789.84033203125,monitor_data.speed
1764513774672,1797.31005859375,monitor_data.speed
1764513774674,1781.4132080078125,monitor_data.speed
1764513774675,1789.6322021484375,monitor_data.speed
1764513774676,1780.6578369140625,monitor_data.speed
1764513774677,1772.0880126953125,monitor_data.speed
1764513774679,1780.730224609375,monitor_data.speed
1764513774680,1789.55322265625,monitor_data.speed
1764513774681,1791.2318115234375,monitor_data.speed
1764513774683,1775.47998046875,monitor_data.speed
1764513774684,1778.2227783203125,monitor_data.speed
1764513774685,1764.5770263671875,monitor_data.speed
1764513774637,0,monitor_data.speed_ref
1764513774638,0,monitor_data.speed_ref
1764513774639,0,monitor_data.speed_ref
1764513774641,0,monitor_data.speed_ref
1764513774642,0,monitor_data.speed_ref
1764513774643,0,monitor_data.speed_ref
1764513774645,0,monitor_data.speed_ref
1764513774646,0,monitor_data.speed_ref
1764513774647,0,monitor_data.speed_ref
1764513774648,0,monitor_data.speed_ref
1764513774650,0,monitor_data.speed_ref
1764513774652,0,monitor_data.speed_ref
1764513774653,0,monitor_data.speed_ref
1764513774654,0,monitor_data.speed_ref
1764513774656,0,monitor_data.speed_ref
1764513774657,0,monitor_data.speed_ref
1764513774658,0,monitor_data.speed_ref
1764513774660,0,monitor_data.speed_ref
1764513774661,0,monitor_data.speed_ref
1764513774662,0,monitor_data.speed_ref
1764513774663,0,monitor_data.speed_ref
1764513774665,0,monitor_data.speed_ref
1764513774666,0,monitor_data.speed_ref
1764513774667,0,monitor_data.speed_ref
1764513774669,0,monitor_data.speed_ref
1764513774670,0,monitor_data.speed_ref
1764513774671,0,monitor_data.speed_ref
1764513774672,0,monitor_data.speed_ref
1764513774674,0,monitor_data.speed_ref
1764513774675,0,monitor_data.speed_ref
1764513774676,0,monitor_data.speed_ref
1764513774677,0,monitor_data.speed_ref
1764513774679,0,monitor_data.speed_ref
1764513774680,0,monitor_data.speed_ref
1764513774681,0,monitor_data.speed_ref
1764513774683,0,monitor_data.speed_ref
1764513774684,0,monitor_data.speed_ref
1764513774685,0,monitor_data.speed_ref
1764513774686,1763.5284423828125,monitor_data.speed
1764513774688,1751.5501708984375,monitor_data.speed
1764513774689,1757.6221923828125,monitor_data.speed
1764513774690,1752.174072265625,monitor_data.speed
1764513774691,1758.781982421875,monitor_data.speed
1764513774693,1753.24609375,monitor_data.speed
1764513774694,1759.4412841796875,monitor_data.speed
1764513774695,1759.4049072265625,monitor_data.speed
1764513774697,1765.0706787109375,monitor_data.speed
1764513774698,1752.668701171875,monitor_data.speed
1764513774699,1764.0888671875,monitor_data.speed
1764513774701,1752.492919921875,monitor_data.speed
1764513774702,1747.5565185546875,monitor_data.speed
1764513774703,1755.020751953125,monitor_data.speed
1764513774705,1771.650390625,monitor_data.speed
1764513774706,1790.9019775390625,monitor_data.speed
1764513774707,1775.5184326171875,monitor_data.speed
1764513774709,1784.234130859375,monitor_data.speed
1764513774710,1775.8155517578125,monitor_data.speed
1764513774711,1784.82861328125,monitor_data.speed
1764513774712,1776.4552001953125,monitor_data.speed
1764513774714,1785.673583984375,monitor_data.speed
1764513774715,1788.544677734375,monitor_data.speed
1764513774716,1795.86181640625,monitor_data.speed
1764513774717,1797.349365234375,monitor_data.speed
1764513774719,1782.3170166015625,monitor_data.speed
1764513774720,1762.62939453125,monitor_data.speed
1764513774721,1767.338623046875,monitor_data.speed
1764513774722,1755.150634765625,monitor_data.speed
1764513774724,1760.8668212890625,monitor_data.speed
1764513774725,1755.1885986328125,monitor_data.speed
1764513774726,1761.254638671875,monitor_data.speed
1764513774728,1755.391357421875,monitor_data.speed
1764513774729,1767.10693359375,monitor_data.speed
1764513774730,1760.6314697265625,monitor_data.speed
1764513774731,1754.396728515625,monitor_data.speed
1764513774733,1759.490966796875,monitor_data.speed
1764513774734,1753.4019775390625,monitor_data.speed
1764513774735,1753.5906982421875,monitor_data.speed
1764513774686,0,monitor_data.speed_ref
1764513774688,0,monitor_data.speed_ref
1764513774689,0,monitor_data.speed_ref
1764513774690,0,monitor_data.speed_ref
1764513774691,0,monitor_data.speed_ref
1764513774693,0,monitor_data.speed_ref
1764513774694,0,monitor_data.speed_ref
1764513774695,0,monitor_data.speed_ref
1764513774697,0,monitor_data.speed_ref
1764513774698,0,monitor_data.speed_ref
1764513774699,0,monitor_data.speed_ref
1764513774701,0,monitor_data.speed_ref
1764513774702,0,monitor_data.speed_ref
1764513774703,0,monitor_data.speed_ref
1764513774705,0,monitor_data.speed_ref
1764513774706,0,monitor_data.speed_ref
1764513774707,0,monitor_data.speed_ref
1764513774709,0,monitor_data.speed_ref
1764513774710,0,monitor_data.speed_ref
1764513774711,0,monitor_data.speed_ref
1764513774712,0,monitor_data.speed_ref
1764513774714,0,monitor_data.speed_ref
1764513774715,0,monitor_data.speed_ref
1764513774716,0,monitor_data.speed_ref
1764513774717,0,monitor_data.speed_ref
1764513774719,0,monitor_data.speed_ref
1764513774720,0,monitor_data.speed_ref
1764513774721,0,monitor_data.speed_ref
1764513774722,0,monitor_data.speed_ref
1764513774724,0,monitor_data.speed_ref
1764513774725,0,monitor_data.speed_ref
1764513774726,0,monitor_data.speed_ref
1764513774728,0,monitor_data.speed_ref
1764513774729,0,monitor_data.speed_ref
1764513774730,0,monitor_data.speed_ref
1764513774731,0,monitor_data.speed_ref
1764513774733,0,monitor_data.speed_ref
1764513774734,0,monitor_data.speed_ref
1764513774735,0,monitor_data.speed_ref
1764513774737,1754.6748046875,monitor_data.speed
1764513774738,1773.3216552734375,monitor_data.speed
1764513774739,1760.792724609375,monitor_data.speed
1764513774741,1765.163818359375,monitor_data.speed
1764513774742,1770.345703125,monitor_data.speed
1764513774743,1763.5596923828125,monitor_data.speed
1764513774745,1774.5784912109375,monitor_data.speed
1764513774746,1761.651123046875,monitor_data.speed
1764513774747,1772.291015625,monitor_data.speed
1764513774748,1765.2288818359375,monitor_data.speed
1764513774750,1775.0806884765625,monitor_data.speed
1764513774751,1778.086669921875,monitor_data.speed
1764513774752,1781.626220703125,monitor_data.speed
1764513774754,1762.583740234375,monitor_data.speed
1764513774755,1750.6044921875,monitor_data.speed
1764513774756,1751.057373046875,monitor_data.speed
1764513774758,1740.33447265625,monitor_data.speed
1764513774759,1753.145751953125,monitor_data.speed
1764513774760,1742.4429931640625,monitor_data.speed
1764513774761,1754.9632568359375,monitor_data.speed
1764513774763,1749.560791015625,monitor_data.speed
1764513774764,1761.5711669921875,monitor_data.speed
1764513774765,1755.746337890625,monitor_data.speed
1764513774766,1767.146484375,monitor_data.speed
1764513774768,1755.228759765625,monitor_data.speed
1764513774769,1761.301513671875,monitor_data.speed
1764513774770,1744.412109375,monitor_data.speed
1764513774772,1751.448486328125,monitor_data.speed
1764513774773,1774.285888671875,monitor_data.speed
1764513774774,1788.3048095703125,monitor_data.speed
1764513774775,1778.8778076171875,monitor_data.speed
1764513774777,1781.8948974609375,monitor_data.speed
1764513774778,1772.984619140625,monitor_data.speed
1764513774779,1776.07666015625,monitor_data.speed
1764513774781,1767.7550048828125,monitor_data.speed
1764513774782,1777.0653076171875,monitor_data.speed
1764513774783,1768.678466796875,monitor_data.speed
1764513774784,1777.478271484375,monitor_data.speed
1764513774786,1780.2056884765625,monitor_data.speed
1764513774737,0,monitor_data.speed_ref
1764513774738,0,monitor_data.speed_ref
1764513774739,0,monitor_data.speed_ref
1764513774741,0,monitor_data.speed_ref
1764513774742,0,monitor_data.speed_ref
1764513774743,0,monitor_data.speed_ref
1764513774745,0,monitor_data.speed_ref
1764513774746,0,monitor_data.speed_ref
1764513774747,0,monitor_data.speed_ref
1764513774748,0,monitor_data.speed_ref
1764513774750,0,monitor_data.speed_ref
1764513774751,0,monitor_data.speed_ref
1764513774752,0,monitor_data.speed_ref
1764513774754,0,monitor_data.speed_ref
1764513774755,0,monitor_data.speed_ref
1764513774756,0,monitor_data.speed_ref
1764513774758,0,monitor_data.speed_ref
1764513774759,0,monitor_data.speed_ref
1764513774760,0,monitor_data.speed_ref
1764513774761,0,monitor_data.speed_ref
1764513774763,0,monitor_data.speed_ref
1764513774764,0,monitor_data.speed_ref
1764513774765,0,monitor_data.speed_ref
1764513774766,0,monitor_data.speed_ref
1764513774768,0,monitor_data.speed_ref
1764513774769,0,monitor_data.speed_ref
1764513774770,0,monitor_data.speed_ref
1764513774772,0,monitor_data.speed_ref
1764513774773,0,monitor_data.speed_ref
1764513774774,0,monitor_data.speed_ref
1764513774775,0,monitor_data.speed_ref
1764513774777,0,monitor_data.speed_ref
1764513774778,0,monitor_data.speed_ref
1764513774779,0,monitor_data.speed_ref
1764513774781,0,monitor_data.speed_ref
1764513774782,0,monitor_data.speed_ref
1764513774783,0,monitor_data.speed_ref
1764513774784,0,monitor_data.speed_ref
1764513774786,0,monitor_data.speed_ref
1764513774787,1766.61328125,monitor_data.speed
1764513774788,1771.7091064453125,monitor_data.speed
1764513774789,1753.8961181640625,monitor_data.speed
1764513774791,1760.3519287109375,monitor_data.speed
1764513774792,1749.2132568359375,monitor_data.speed
1764513774793,1744.57568359375,monitor_data.speed
1764513774795,1751.394287109375,monitor_data.speed
1764513774796,1746.2606201171875,monitor_data.speed
1764513774797,1758.5006103515625,monitor_data.speed
1764513774798,1752.8428955078125,monitor_data.speed
1764513774799,1764.573486328125,monitor_data.speed
1764513774801,1758.3370361328125,monitor_data.speed
1764513774802,1752.2503662109375,monitor_data.speed
1764513774803,1758.194580078125,monitor_data.speed
1764513774804,1747.10498046875,monitor_data.speed
1764513774806,1748.535400390625,monitor_data.speed
1764513774807,1766.1329345703125,monitor_data.speed
1764513774808,1786.583984375,monitor_data.speed
1764513774810,1788.5313720703125,monitor_data.speed
1764513774811,1773.4459228515625,monitor_data.speed
1764513774812,1782.1900634765625,monitor_data.speed
1764513774814,1773.8333740234375,monitor_data.speed
1764513774815,1782.9197998046875,monitor_data.speed
1764513774816,1774.3682861328125,monitor_data.speed
1764513774818,1795.0771484375,monitor_data.speed
1764513774819,1796.302001953125,monitor_data.speed
1764513774820,1779.9862060546875,monitor_data.speed
1764513774822,1782.4390869140625,monitor_data.speed
1764513774823,1762.4119873046875,monitor_data.speed
1764513774824,1761.1929931640625,monitor_data.speed
1764513774826,1766.7264404296875,monitor_data.speed
1764513774827,1754.9190673828125,monitor_data.speed
1764513774828,1766.996826171875,monitor_data.speed
1764513774829,1755.150634765625,monitor_data.speed
1764513774831,1766.978515625,monitor_data.speed
1764513774832,1754.7960205078125,monitor_data.speed
1764513774787,0,monitor_data.speed_ref
1764513774788,0,monitor_data.speed_ref
1764513774789,0,monitor_data.speed_ref
1764513774791,0,monitor_data.speed_ref
1764513774792,0,monitor_data.speed_ref
1764513774793,0,monitor_data.speed_ref
1764513774795,0,monitor_data.speed_ref
1764513774796,0,monitor_data.speed_ref
1764513774797,0,monitor_data.speed_ref
1764513774798,0,monitor_data.speed_ref
1764513774799,0,monitor_data.speed_ref
1764513774801,0,monitor_data.speed_ref
1764513774802,0,monitor_data.speed_ref
1764513774803,0,monitor_data.speed_ref
1764513774804,0,monitor_data.speed_ref
1764513774806,0,monitor_data.speed_ref
1764513774807,0,monitor_data.speed_ref
1764513774808,0,monitor_data.speed_ref
1764513774810,0,monitor_data.speed_ref
1764513774811,0,monitor_data.speed_ref
1764513774812,0,monitor_data.speed_ref
1764513774814,0,monitor_data.speed_ref
1764513774815,0,monitor_data.speed_ref
1764513774816,0,monitor_data.speed_ref
1764513774818,0,monitor_data.speed_ref
1764513774819,0,monitor_data.speed_ref
1764513774820,0,monitor_data.speed_ref
1764513774822,0,monitor_data.speed_ref
1764513774823,0,monitor_data.speed_ref
1764513774824,0,monitor_data.speed_ref
1764513774826,0,monitor_data.speed_ref
1764513774827,0,monitor_data.speed_ref
1764513774828,0,monitor_data.speed_ref
1764513774829,0,monitor_data.speed_ref
1764513774831,0,monitor_data.speed_ref
1764513774832,0,monitor_data.speed_ref
1764513774834,1766.3046875,monitor_data.speed
1764513774835,1759.62548828125,monitor_data.speed
1764513774836,1765.1602783203125,monitor_data.speed
1764513774837,1753.0382080078125,monitor_data.speed
1764513774839,1753.5772705078125,monitor_data.speed
1764513774840,1742.9940185546875,monitor_data.speed
1764513774841,1761.0230712890625,monitor_data.speed
1764513774842,1771.7423095703125,monitor_data.speed
1764513774844,1781.6767578125,monitor_data.speed
1764513774845,1773.99560546875,monitor_data.speed
1764513774846,1766.77587890625,monitor_data.speed
1764513774847,1777.0828857421875,monitor_data.speed
1764513774848,1769.524169921875,monitor_data.speed
1764513774850,1779.9129638671875,monitor_data.speed
1764513774851,1772.3013916015625,monitor_data.speed
1764513774852,1770.6510009765625,monitor_data.speed
1764513774853,1780.1298828125,monitor_data.speed
1764513774854,1766.0711669921875,monitor_data.speed
1764513774855,1770.38916015625,monitor_data.speed
1764513774857,1752.109375,monitor_data.speed
1764513774858,1752.2650146484375,monitor_data.speed
1764513774859,1746.98681640625,monitor_data.speed
1764513774860,1754.140625,monitor_data.speed
1764513774862,1749.34326171875,monitor_data.speed
1764513774863,1744.9852294921875,monitor_data.speed
1764513774864,1751.698974609375,monitor_data.speed
1764513774865,1752.28076171875,monitor_data.speed
1764513774867,1764.57470703125,monitor_data.speed
1764513774868,1758.7264404296875,monitor_data.speed
1764513774869,1752.7537841796875,monitor_data.speed
1764513774870,1764.328125,monitor_data.speed
1764513774871,1752.5938720703125,monitor_data.speed
1764513774873,1741.3729248046875,monitor_data.speed
1764513774874,1748.332275390625,monitor_data.speed
1764513774875,1766.97509765625,monitor_data.speed
1764513774876,1777.8741455078125,monitor_data.speed
1764513774877,1780.8900146484375,monitor_data.speed
1764513774879,1772.8897705078125,monitor_data.speed
1764513774880,1776.6695556640625,monitor_data.speed
1764513774881,1768.9404296875,monitor_data.speed
1764513774882,1779.0609130859375,monitor_data.speed
1764513774883,1771.233154296875,monitor_data.speed
1764513774885,1769.5361328125,monitor_data.speed
1764513774886,1779.154052734375,monitor_data.speed
1764513774887,1787.732421875,monitor_data.speed
1764513774888,1778.9105224609375,monitor_data.speed
1764513774889,1782.483642578125,monitor_data.speed
1764513774891,1768.75244140625,monitor_data.speed
1764513774892,1768.0321044921875,monitor_data.speed
1764513774893,1761.8946533203125,monitor_data.speed
1764513774894,1750.6221923828125,monitor_data.speed
1764513774895,1757.185302734375,monitor_data.speed
1764513774834,0,monitor_data.speed_ref
1764513774835,0,monitor_data.speed_ref
1764513774836,0,monitor_data.speed_ref
1764513774837,0,monitor_data.speed_ref
1764513774839,0,monitor_data.speed_ref
1764513774840,0,monitor_data.speed_ref
1764513774841,0,monitor_data.speed_ref
1764513774842,0,monitor_data.speed_ref
1764513774844,0,monitor_data.speed_ref
1764513774845,0,monitor_data.speed_ref
1764513774846,0,monitor_data.speed_ref
1764513774847,0,monitor_data.speed_ref
1764513774848,0,monitor_data.speed_ref
1764513774850,0,monitor_data.speed_ref
1764513774851,0,monitor_data.speed_ref
1764513774852,0,monitor_data.speed_ref
1764513774853,0,monitor_data.speed_ref
1764513774854,0,monitor_data.speed_ref
1764513774855,0,monitor_data.speed_ref
1764513774857,0,monitor_data.speed_ref
1764513774858,0,monitor_data.speed_ref
1764513774859,0,monitor_data.speed_ref
1764513774860,0,monitor_data.speed_ref
1764513774862,0,monitor_data.speed_ref
1764513774863,0,monitor_data.speed_ref
1764513774864,0,monitor_data.speed_ref
1764513774865,0,monitor_data.speed_ref
1764513774867,0,monitor_data.speed_ref
1764513774868,0,monitor_data.speed_ref
1764513774869,0,monitor_data.speed_ref
1764513774870,0,monitor_data.speed_ref
1764513774871,0,monitor_data.speed_ref
1764513774873,0,monitor_data.speed_ref
1764513774874,0,monitor_data.speed_ref
1764513774875,0,monitor_data.speed_ref
1764513774876,0,monitor_data.speed_ref
1764513774877,0,monitor_data.speed_ref
1764513774879,0,monitor_data.speed_ref
1764513774880,0,monitor_data.speed_ref
1764513774881,0,monitor_data.speed_ref
1764513774882,0,monitor_data.speed_ref
1764513774883,0,monitor_data.speed_ref
1764513774885,0,monitor_data.speed_ref
1764513774886,0,monitor_data.speed_ref
1764513774887,0,monitor_data.speed_ref
1764513774888,0,monitor_data.speed_ref
1764513774889,0,monitor_data.speed_ref
1764513774891,0,monitor_data.speed_ref
1764513774892,0,monitor_data.speed_ref
1764513774893,0,monitor_data.speed_ref
1764513774894,0,monitor_data.speed_ref
1764513774895,0,monitor_data.speed_ref
1764513774897,1751.9581298828125,monitor_data.speed
1764513774898,1746.92919921875,monitor_data.speed
1764513774899,1759.2916259765625,monitor_data.speed
1764513774900,1759.5130615234375,monitor_data.speed
1764513774901,1765.4832763671875,monitor_data.speed
1764513774903,1759.2938232421875,monitor_data.speed
1764513774904,1753.3199462890625,monitor_data.speed
1764513774905,1764.84423828125,monitor_data.speed
1764513774906,1758.9798583984375,monitor_data.speed
1764513774907,1742.150634765625,monitor_data.speed
1764513774909,1743.611083984375,monitor_data.speed
1764513774910,1761.246337890625,monitor_data.speed
1764513774912,1798.705078125,monitor_data.speed
1764513774913,1782.976318359375,monitor_data.speed
1764513774914,1785.8692626953125,monitor_data.speed
1764513774915,1776.7138671875,monitor_data.speed
1764513774917,1786.00927734375,monitor_data.speed
1764513774918,1777.30419921875,monitor_data.speed
1764513774919,1780.3829345703125,monitor_data.speed
1764513774921,1788.955078125,monitor_data.speed
1764513774922,1773.757080078125,monitor_data.speed
1764513774924,1776.946044921875,monitor_data.speed
1764513774925,1757.7501220703125,monitor_data.speed
1764513774926,1763.12255859375,monitor_data.speed
1764513774927,1757.212890625,monitor_data.speed
1764513774897,0,monitor_data.speed_ref
1764513774898,0,monitor_data.speed_ref
1764513774899,0,monitor_data.speed_ref
1764513774900,0,monitor_data.speed_ref
1764513774901,0,monitor_data.speed_ref
1764513774903,0,monitor_data.speed_ref
1764513774904,0,monitor_data.speed_ref
1764513774905,0,monitor_data.speed_ref
1764513774906,0,monitor_data.speed_ref
1764513774907,0,monitor_data.speed_ref
1764513774909,0,monitor_data.speed_ref
1764513774910,0,monitor_data.speed_ref
1764513774912,0,monitor_data.speed_ref
1764513774913,0,monitor_data.speed_ref
1764513774914,0,monitor_data.speed_ref
1764513774915,0,monitor_data.speed_ref
1764513774917,0,monitor_data.speed_ref
1764513774918,0,monitor_data.speed_ref
1764513774919,0,monitor_data.speed_ref
1764513774921,0,monitor_data.speed_ref
1764513774922,0,monitor_data.speed_ref
1764513774924,0,monitor_data.speed_ref
1764513774925,0,monitor_data.speed_ref
1764513774926,0,monitor_data.speed_ref
1764513774927,0,monitor_data.speed_ref
