2025-10-15 09:43:43,980 [INFO] Activator:176 - 


2025-10-15 09:43:43,983 [INFO] Activator:177 - !SESSION log4j initialized
2025-10-15 09:43:48,470 [INFO] LogOutputStream:77 - [STDOUT_REDIRECT] 
2025-10-15 09:43:49,207 [INFO] ApplicationProperties:184 - Using Application install path: C:\ST\STM32CubeIDE_1.16.1\STM32CubeIDE\plugins\com.st.stm32cube.common.mx_6.15.0.202507011659
2025-10-15 09:43:49,222 [INFO] DbMcusXml:78 - Set database path to: C:\ST\STM32CubeIDE_1.16.1\STM32CubeIDE\plugins\com.st.stm32cube.common.mx_6.15.0.202507011659\\db\/mcu/
2025-10-15 09:43:49,223 [INFO] ApiDb:274 - Set plugin database path to: C:\ST\STM32CubeIDE_1.16.1\STM32CubeIDE\plugins\com.st.stm32cube.common.mx_6.15.0.202507011659\\db\/plugins/boardmanager/
2025-10-15 09:43:49,223 [WARN] ApiDb:259 - Overriding images path with different value:  => C:\ST\STM32CubeIDE_1.16.1\STM32CubeIDE\plugins\com.st.stm32cube.common.mx_6.15.0.202507011659\\db\/plugins/mcufinder/images/
2025-10-15 09:43:49,231 [INFO] ApiDb:250 - Set database path to: C:\Users\Miloush\.stmcufinder\plugins\mcufinder//mcu/
2025-10-15 09:43:49,231 [INFO] DbMcusAds:125 - Set database path to: C:\Users\Miloush\.stmcufinder\plugins\mcufinder//mcu/
2025-10-15 09:43:49,234 [INFO] CrossReferenceDbSqlite:203 - Set database path to: C:\Users\Miloush\.stmcufinder\plugins\mcufinder//mcu/cs/
2025-10-15 09:43:49,327 [INFO] RulesReader:64 - Compatibility file has been processed (317 Rules)
2025-10-15 09:43:49,409 [INFO] DbMcusXml:78 - Set database path to: C:\ST\STM32CubeIDE_1.16.1\STM32CubeIDE\plugins\com.st.stm32cube.common.mx_6.15.0.202507011659\\db\/mcu/
2025-10-15 09:43:49,409 [INFO] ApiDb:274 - Set plugin database path to: C:\ST\STM32CubeIDE_1.16.1\STM32CubeIDE\plugins\com.st.stm32cube.common.mx_6.15.0.202507011659\\db\/plugins/boardmanager/
2025-10-15 09:43:49,409 [INFO] ApiDb:261 - Set plugin images path to: C:\ST\STM32CubeIDE_1.16.1\STM32CubeIDE\plugins\com.st.stm32cube.common.mx_6.15.0.202507011659\\db\/plugins/mcufinder/images/
2025-10-15 09:43:49,409 [WARN] DbFile:41 - Overriding database path with different value: C:\Users\Miloush\.stmcufinder\plugins\mcufinder/ => C:\Users\Miloush\.stmcufinder\plugins\mcufinder
2025-10-15 09:43:49,409 [INFO] ApiDb:250 - Set database path to: C:\Users\Miloush\.stmcufinder\plugins\mcufinder//mcu/
2025-10-15 09:43:49,409 [WARN] DbFile:41 - Overriding database path with different value: C:\Users\Miloush\.stmcufinder\plugins\mcufinder/ => C:\Users\Miloush\.stmcufinder\plugins\mcufinder
2025-10-15 09:43:49,410 [INFO] DbMcusAds:125 - Set database path to: C:\Users\Miloush\.stmcufinder\plugins\mcufinder//mcu/
2025-10-15 09:43:49,410 [WARN] DbFile:41 - Overriding database path with different value: C:\Users\Miloush\.stmcufinder\plugins\mcufinder/ => C:\Users\Miloush\.stmcufinder\plugins\mcufinder
2025-10-15 09:43:49,410 [WARN] DbFile:41 - Overriding database path with different value: C:\Users\Miloush\.stmcufinder\plugins\mcufinder/ => C:\Users\Miloush\.stmcufinder\plugins\mcufinder
2025-10-15 09:43:49,410 [INFO] CrossReferenceDbSqlite:203 - Set database path to: C:\Users\Miloush\.stmcufinder\plugins\mcufinder//mcu/cs/
2025-10-15 09:43:49,471 [INFO] MainPanel:274 - HeapMemory: 268435456
2025-10-15 09:43:49,562 [INFO] DbMcusXml:78 - Set database path to: C:\ST\STM32CubeIDE_1.16.1\STM32CubeIDE\plugins\com.st.stm32cube.common.mx_6.15.0.202507011659\\db\/mcu/
2025-10-15 09:43:49,562 [INFO] ApiDb:274 - Set plugin database path to: C:\ST\STM32CubeIDE_1.16.1\STM32CubeIDE\plugins\com.st.stm32cube.common.mx_6.15.0.202507011659\\db\/plugins/boardmanager/
2025-10-15 09:43:49,562 [INFO] ApiDb:261 - Set plugin images path to: C:\ST\STM32CubeIDE_1.16.1\STM32CubeIDE\plugins\com.st.stm32cube.common.mx_6.15.0.202507011659\\db\/plugins/mcufinder/images/
2025-10-15 09:43:49,563 [WARN] DbFile:41 - Overriding database path with different value: C:\Users\Miloush\.stmcufinder\plugins\mcufinder/ => C:\Users\Miloush\.stmcufinder\plugins\mcufinder
2025-10-15 09:43:49,563 [INFO] ApiDb:250 - Set database path to: C:\Users\Miloush\.stmcufinder\plugins\mcufinder//mcu/
2025-10-15 09:43:49,563 [WARN] DbFile:41 - Overriding database path with different value: C:\Users\Miloush\.stmcufinder\plugins\mcufinder/ => C:\Users\Miloush\.stmcufinder\plugins\mcufinder
2025-10-15 09:43:49,563 [INFO] DbMcusAds:125 - Set database path to: C:\Users\Miloush\.stmcufinder\plugins\mcufinder//mcu/
2025-10-15 09:43:49,563 [WARN] DbFile:41 - Overriding database path with different value: C:\Users\Miloush\.stmcufinder\plugins\mcufinder/ => C:\Users\Miloush\.stmcufinder\plugins\mcufinder
2025-10-15 09:43:49,563 [WARN] DbFile:41 - Overriding database path with different value: C:\Users\Miloush\.stmcufinder\plugins\mcufinder/ => C:\Users\Miloush\.stmcufinder\plugins\mcufinder
2025-10-15 09:43:49,563 [INFO] CrossReferenceDbSqlite:203 - Set database path to: C:\Users\Miloush\.stmcufinder\plugins\mcufinder//mcu/cs/
2025-10-15 09:43:49,580 [INFO] ApplicationProperties:184 - Using Application install path: C:\ST\STM32CubeIDE_1.16.1\STM32CubeIDE\plugins\com.st.stm32cube.common.mx_6.15.0.202507011659
2025-10-15 09:43:49,581 [INFO] PluginManage:196 - Search for loadable plugins [exclusion list=, ]
2025-10-15 09:43:49,582 [INFO] PluginManage:310 - Check plugin analytics
2025-10-15 09:43:49,766 [INFO] AnalyticsPlugin:253 - Accepted Software Licenses: STM32CubeMX.6.15.0
2025-10-15 09:43:49,766 [INFO] AnalyticsPlugin:255 - Accepted CMSIS Pack Licenses: 
2025-10-15 09:43:49,766 [INFO] AnalyticsPlugin:257 - Accepted Firmware Licenses: FW.G4.1.6.0,FW.F4.1.28.0
2025-10-15 09:43:49,771 [INFO] PluginManage:359 - Loaded plugin analytics (category:tool,tabindex:-1)
2025-10-15 09:43:49,771 [INFO] PluginManage:310 - Check plugin cadmodel
2025-10-15 09:43:49,780 [INFO] CADModel:105 - Init CAD model plugin
2025-10-15 09:43:49,780 [INFO] PluginManage:359 - Loaded plugin cadmodel (category:power,tabindex:5)
2025-10-15 09:43:49,780 [INFO] PluginManage:310 - Check plugin clock
2025-10-15 09:43:49,795 [INFO] PluginManage:359 - Loaded plugin clock (category:base,tabindex:2)
2025-10-15 09:43:49,795 [INFO] PluginManage:310 - Check plugin ddr
2025-10-15 09:43:49,798 [INFO] PluginManage:359 - Loaded plugin ddr (category:tool,tabindex:6)
2025-10-15 09:43:49,798 [INFO] PluginManage:310 - Check plugin filemanager
2025-10-15 09:43:49,940 [INFO] PluginManage:359 - Loaded plugin filemanager (category:base,tabindex:10)
2025-10-15 09:43:49,940 [INFO] PluginManage:310 - Check plugin ipmanager
2025-10-15 09:43:49,946 [INFO] PluginManage:359 - Loaded plugin ipmanager (category:base,tabindex:5)
2025-10-15 09:43:49,946 [INFO] PluginManage:310 - Check plugin lpbam
2025-10-15 09:43:49,953 [INFO] PluginManage:359 - Loaded plugin lpbam (category:base,tabindex:0)
2025-10-15 09:43:49,953 [INFO] PluginManage:310 - Check plugin memorymap
2025-10-15 09:43:49,973 [INFO] PluginManage:359 - Loaded plugin memorymap (category:base,tabindex:4)
2025-10-15 09:43:49,973 [INFO] PluginManage:310 - Check plugin pinoutandconfiguration
2025-10-15 09:43:49,983 [INFO] PluginManage:359 - Loaded plugin pinoutandconfiguration (category:base,tabindex:1)
2025-10-15 09:43:49,983 [INFO] PluginManage:310 - Check plugin pinoutconfig
2025-10-15 09:43:50,053 [WARN] SupportedApi:132 - Cannot load RTOS API schema: s4s-elt-must-match.1: The content of 'definitions' must match (annotation?, (simpleType | complexType)?, (unique | key | keyref)*)). A problem was found starting at: attribute.
2025-10-15 09:43:50,164 [INFO] PluginManage:359 - Loaded plugin pinoutconfig (category:base,tabindex:0)
2025-10-15 09:43:50,165 [INFO] PluginManage:310 - Check plugin power
2025-10-15 09:43:50,172 [INFO] PluginManage:359 - Loaded plugin power (category:power,tabindex:4)
2025-10-15 09:43:50,172 [INFO] PluginManage:310 - Check plugin projectmanager
2025-10-15 09:43:50,185 [INFO] PluginManage:359 - Loaded plugin projectmanager (category:projectmanager,tabindex:4)
2025-10-15 09:43:50,185 [INFO] PluginManage:310 - Check plugin rif
2025-10-15 09:43:50,193 [INFO] PluginManage:359 - Loaded plugin rif (category:base,tabindex:3)
2025-10-15 09:43:50,193 [INFO] PluginManage:310 - Check plugin thirdparty
2025-10-15 09:43:50,315 [WARN] IntegrityCheckThread:84 - waiting for thirdparty lock release [integrity check]
2025-10-15 09:43:50,316 [INFO] IntegrityCheckThread:86 - entering critical section [integrity check]
2025-10-15 09:43:50,316 [INFO] ThirdPartyUpdaterWithRetryManager:70 - Updater plugin not ready yet. [1/15]
2025-10-15 09:43:50,316 [INFO] PluginManage:359 - Loaded plugin thirdparty (category:base,tabindex:-1)
2025-10-15 09:43:50,316 [INFO] PluginManage:310 - Check plugin tools
2025-10-15 09:43:50,319 [INFO] PluginManage:359 - Loaded plugin tools (category:base,tabindex:7)
2025-10-15 09:43:50,319 [INFO] PluginManage:310 - Check plugin tutovideos
2025-10-15 09:43:50,497 [INFO] PluginManage:359 - Loaded plugin tutovideos (category:base,tabindex:-1)
2025-10-15 09:43:50,497 [INFO] PluginManage:310 - Check plugin updater
2025-10-15 09:43:50,516 [INFO] PluginManage:359 - Loaded plugin updater (category:base,tabindex:12)
2025-10-15 09:43:50,517 [INFO] PluginManage:310 - Check plugin userauth
2025-10-15 09:43:50,520 [INFO] UserAuth:118 - Init User Auth plugin
2025-10-15 09:43:50,520 [INFO] PluginManage:359 - Loaded plugin userauth (category:base,tabindex:14)
2025-10-15 09:43:50,521 [INFO] PluginManage:283 - PluginManage : Loaded plugins [18]
2025-10-15 09:43:50,701 [INFO] PinOutPanel:1589 - setPackage(No Configuration,No Configuration)
2025-10-15 09:43:50,771 [INFO] CADModel:165 - CPN selected for project level
2025-10-15 09:43:50,772 [INFO] CADModel:114 - Register for checkConnection events
2025-10-15 09:43:50,787 [INFO] IPUIPlugin:80 - create IPUIPlugin
2025-10-15 09:43:50,787 [INFO] PluginManager:220 - loadIPPluginJar : add adc
2025-10-15 09:43:50,790 [INFO] IPUIPlugin:80 - create IPUIPlugin
2025-10-15 09:43:50,790 [INFO] PluginManager:220 - loadIPPluginJar : add aes
2025-10-15 09:43:50,792 [INFO] IPUIPlugin:80 - create IPUIPlugin
2025-10-15 09:43:50,792 [INFO] PluginManager:220 - loadIPPluginJar : add can
2025-10-15 09:43:50,794 [INFO] IPUIPlugin:80 - create IPUIPlugin
2025-10-15 09:43:50,794 [INFO] PluginManager:220 - loadIPPluginJar : add comp
2025-10-15 09:43:50,796 [INFO] IPUIPlugin:80 - create IPUIPlugin
2025-10-15 09:43:50,796 [INFO] PluginManager:220 - loadIPPluginJar : add cryp
2025-10-15 09:43:50,799 [INFO] IPUIPlugin:80 - create IPUIPlugin
2025-10-15 09:43:50,799 [INFO] PluginManager:220 - loadIPPluginJar : add ddr_ctrl_phy
2025-10-15 09:43:50,801 [INFO] IPUIPlugin:80 - create IPUIPlugin
2025-10-15 09:43:50,801 [INFO] PluginManager:220 - loadIPPluginJar : add dfsdm
2025-10-15 09:43:50,806 [INFO] IPUIPlugin:80 - create IPUIPlugin
2025-10-15 09:43:50,806 [INFO] PluginManager:220 - loadIPPluginJar : add dma
2025-10-15 09:43:50,810 [INFO] IPUIPlugin:80 - create IPUIPlugin
2025-10-15 09:43:50,810 [INFO] PluginManager:220 - loadIPPluginJar : add dma3
2025-10-15 09:43:50,813 [INFO] IPUIPlugin:80 - create IPUIPlugin
2025-10-15 09:43:50,813 [INFO] PluginManager:220 - loadIPPluginJar : add extmemmanager
2025-10-15 09:43:50,814 [INFO] IPUIPlugin:80 - create IPUIPlugin
2025-10-15 09:43:50,815 [INFO] PluginManager:220 - loadIPPluginJar : add fatfs
2025-10-15 09:43:50,819 [INFO] IPUIPlugin:80 - create IPUIPlugin
2025-10-15 09:43:50,819 [INFO] PluginManager:220 - loadIPPluginJar : add fmc
2025-10-15 09:43:50,828 [INFO] IPUIPlugin:80 - create IPUIPlugin
2025-10-15 09:43:50,828 [INFO] PluginManager:220 - loadIPPluginJar : add freertos
2025-10-15 09:43:50,830 [INFO] IPUIPlugin:80 - create IPUIPlugin
2025-10-15 09:43:50,830 [INFO] PluginManager:220 - loadIPPluginJar : add genericplugin
2025-10-15 09:43:50,832 [INFO] IPUIPlugin:80 - create IPUIPlugin
2025-10-15 09:43:50,832 [INFO] PluginManager:220 - loadIPPluginJar : add gfxmmu
2025-10-15 09:43:50,837 [INFO] IPUIPlugin:80 - create IPUIPlugin
2025-10-15 09:43:50,837 [INFO] PluginManager:220 - loadIPPluginJar : add gic
2025-10-15 09:43:50,841 [INFO] IPUIPlugin:80 - create IPUIPlugin
2025-10-15 09:43:50,841 [INFO] PluginManager:220 - loadIPPluginJar : add gpio
2025-10-15 09:43:50,843 [INFO] IPUIPlugin:80 - create IPUIPlugin
2025-10-15 09:43:50,843 [INFO] PluginManager:220 - loadIPPluginJar : add gtzc
2025-10-15 09:43:50,845 [INFO] IPUIPlugin:80 - create IPUIPlugin
2025-10-15 09:43:50,845 [INFO] PluginManager:220 - loadIPPluginJar : add hash
2025-10-15 09:43:50,847 [INFO] IPUIPlugin:80 - create IPUIPlugin
2025-10-15 09:43:50,847 [INFO] PluginManager:220 - loadIPPluginJar : add i2c
2025-10-15 09:43:50,849 [INFO] IPUIPlugin:80 - create IPUIPlugin
2025-10-15 09:43:50,849 [INFO] PluginManager:220 - loadIPPluginJar : add i2s
2025-10-15 09:43:50,852 [INFO] IPUIPlugin:80 - create IPUIPlugin
2025-10-15 09:43:50,852 [INFO] PluginManager:220 - loadIPPluginJar : add i3c
2025-10-15 09:43:50,854 [INFO] IPUIPlugin:80 - create IPUIPlugin
2025-10-15 09:43:50,854 [INFO] PluginManager:220 - loadIPPluginJar : add ipddr
2025-10-15 09:43:50,860 [INFO] IPUIPlugin:80 - create IPUIPlugin
2025-10-15 09:43:50,860 [INFO] PluginManager:220 - loadIPPluginJar : add linkedlist
2025-10-15 09:43:50,863 [INFO] IPUIPlugin:80 - create IPUIPlugin
2025-10-15 09:43:50,863 [INFO] PluginManager:220 - loadIPPluginJar : add lorawan
2025-10-15 09:43:50,864 [INFO] IPUIPlugin:80 - create IPUIPlugin
2025-10-15 09:43:50,864 [INFO] PluginManager:220 - loadIPPluginJar : add ltdc
2025-10-15 09:43:50,868 [INFO] IPUIPlugin:80 - create IPUIPlugin
2025-10-15 09:43:50,868 [INFO] PluginManager:220 - loadIPPluginJar : add mdma
2025-10-15 09:43:50,871 [INFO] IPUIPlugin:80 - create IPUIPlugin
2025-10-15 09:43:50,872 [INFO] PluginManager:220 - loadIPPluginJar : add nvic
2025-10-15 09:43:50,874 [INFO] IPUIPlugin:80 - create IPUIPlugin
2025-10-15 09:43:50,874 [INFO] PluginManager:220 - loadIPPluginJar : add opamp
2025-10-15 09:43:50,876 [INFO] IPUIPlugin:80 - create IPUIPlugin
2025-10-15 09:43:50,876 [INFO] PluginManager:220 - loadIPPluginJar : add openamp
2025-10-15 09:43:50,879 [INFO] IPUIPlugin:80 - create IPUIPlugin
2025-10-15 09:43:50,879 [INFO] PluginManager:220 - loadIPPluginJar : add pdm2pcm
2025-10-15 09:43:50,883 [INFO] IPUIPlugin:80 - create IPUIPlugin
2025-10-15 09:43:50,885 [INFO] PluginManager:220 - loadIPPluginJar : add plateformsettings
2025-10-15 09:43:50,886 [INFO] IPUIPlugin:80 - create IPUIPlugin
2025-10-15 09:43:50,887 [INFO] PluginManager:220 - loadIPPluginJar : add quadspi
2025-10-15 09:43:50,889 [INFO] IPUIPlugin:80 - create IPUIPlugin
2025-10-15 09:43:50,889 [INFO] PluginManager:220 - loadIPPluginJar : add radio
2025-10-15 09:43:50,893 [INFO] IPUIPlugin:80 - create IPUIPlugin
2025-10-15 09:43:50,893 [INFO] PluginManager:220 - loadIPPluginJar : add resmgrutility
2025-10-15 09:43:50,895 [INFO] IPUIPlugin:80 - create IPUIPlugin
2025-10-15 09:43:50,896 [INFO] PluginManager:220 - loadIPPluginJar : add sai
2025-10-15 09:43:50,898 [INFO] IPUIPlugin:80 - create IPUIPlugin
2025-10-15 09:43:50,898 [INFO] PluginManager:220 - loadIPPluginJar : add spi
2025-10-15 09:43:50,903 [INFO] IPUIPlugin:80 - create IPUIPlugin
2025-10-15 09:43:50,903 [INFO] PluginManager:220 - loadIPPluginJar : add stm32_wpan
2025-10-15 09:43:50,904 [INFO] IPUIPlugin:80 - create IPUIPlugin
2025-10-15 09:43:50,904 [INFO] PluginManager:220 - loadIPPluginJar : add tim
2025-10-15 09:43:50,907 [INFO] IPUIPlugin:80 - create IPUIPlugin
2025-10-15 09:43:50,907 [INFO] PluginManager:220 - loadIPPluginJar : add touchsensing
2025-10-15 09:43:50,909 [INFO] IPUIPlugin:80 - create IPUIPlugin
2025-10-15 09:43:50,909 [INFO] PluginManager:220 - loadIPPluginJar : add tracer_emb
2025-10-15 09:43:50,911 [INFO] IPUIPlugin:80 - create IPUIPlugin
2025-10-15 09:43:50,911 [INFO] PluginManager:220 - loadIPPluginJar : add ts
2025-10-15 09:43:50,912 [INFO] IPUIPlugin:80 - create IPUIPlugin
2025-10-15 09:43:50,912 [INFO] PluginManager:220 - loadIPPluginJar : add tsc
2025-10-15 09:43:50,914 [INFO] IPUIPlugin:80 - create IPUIPlugin
2025-10-15 09:43:50,914 [INFO] PluginManager:220 - loadIPPluginJar : add ucpd
2025-10-15 09:43:50,916 [INFO] IPUIPlugin:80 - create IPUIPlugin
2025-10-15 09:43:50,916 [INFO] PluginManager:220 - loadIPPluginJar : add usart
2025-10-15 09:43:50,918 [INFO] IPUIPlugin:80 - create IPUIPlugin
2025-10-15 09:43:50,918 [INFO] PluginManager:220 - loadIPPluginJar : add usbx
2025-10-15 09:43:51,041 [FATAL] Updater:351 - Updater called before beeing initialized
2025-10-15 09:43:51,065 [INFO] RulesReader:64 - Compatibility file has been processed (317 Rules)
2025-10-15 09:43:51,076 [INFO] RulesReader:64 - Compatibility file has been processed (317 Rules)
2025-10-15 09:43:51,084 [INFO] CADModel:165 - CPN selected for project level
2025-10-15 09:43:51,084 [INFO] CADModel:114 - Register for checkConnection events
2025-10-15 09:43:51,084 [FATAL] Updater:351 - Updater called before beeing initialized
2025-10-15 09:43:51,084 [ERROR] CADModel:125 - Updater not yet initialized, retry later 
2025-10-15 09:43:51,228 [FATAL] Updater:351 - Updater called before beeing initialized
2025-10-15 09:43:51,230 [INFO] CADModel:165 - CPN selected for project level
2025-10-15 09:43:51,230 [INFO] CADModel:114 - Register for checkConnection events
2025-10-15 09:43:51,230 [FATAL] Updater:351 - Updater called before beeing initialized
2025-10-15 09:43:51,230 [ERROR] CADModel:125 - Updater not yet initialized, retry later 
2025-10-15 09:43:51,232 [FATAL] Updater:351 - Updater called before beeing initialized
2025-10-15 09:43:51,350 [FATAL] Updater:351 - Updater called before beeing initialized
2025-10-15 09:43:51,356 [INFO] DbMcusAds:53 - JSON generation date=Thu Oct 02 11:36:05 CEST 2025 (1759397765645)
2025-10-15 09:43:51,356 [FATAL] Updater:351 - Updater called before beeing initialized
2025-10-15 09:43:51,391 [WARN] DetailPanel:346 - Failed to get advertising image, set to default
2025-10-15 09:43:51,462 [FATAL] Updater:351 - Updater called before beeing initialized
2025-10-15 09:43:51,464 [FATAL] Updater:351 - Updater called before beeing initialized
2025-10-15 09:43:51,464 [FATAL] Updater:351 - Updater called before beeing initialized
2025-10-15 09:43:51,464 [WARN] DetailPanel:346 - Failed to get advertising image, set to default
2025-10-15 09:43:51,465 [FATAL] Updater:351 - Updater called before beeing initialized
2025-10-15 09:43:51,508 [ERROR] Updater:1198 - MainUpdater not yet initialized. External WinMGr cannot be set.
2025-10-15 09:43:51,510 [INFO] Updater:1134 - Updater Version found : 6.15.0
2025-10-15 09:43:51,526 [INFO] ApplicationProperties:184 - Using Application install path: C:\ST\STM32CubeIDE_1.16.1\STM32CubeIDE\plugins\com.st.stm32cube.common.mx_6.15.0.202507011659
2025-10-15 09:43:52,027 [INFO] MainUpdater:2872 - connection check result : 10
2025-10-15 09:43:52,028 [INFO] MainUpdater:289 - Updater Check For Update Now.
2025-10-15 09:43:52,028 [INFO] MicroXplorer:498 - Change Database Version : DB.6.0.150
2025-10-15 09:43:52,033 [INFO] McuFinderGlobals:63 - Set McuFinder mode to 2 (CubeIDE integrated)
2025-10-15 09:43:52,033 [INFO] UserAuth:487 - Internet connection configuration mode: 1
2025-10-15 09:43:52,052 [INFO] JxBrowserEngine:152 - Initiate JxBrowser Engine with user profile folder
2025-10-15 09:43:52,207 [INFO] CheckServerUpdateThread:120 - End of CheckServer Thread
2025-10-15 09:43:53,056 [INFO] WebApp:169 - Instantiating new browser for Auth
2025-10-15 09:43:53,560 [WARN] PackLoader:240 - Cannot read IP mode file for STMicroelectronics.FP-SNS-MOTENVWB1.1.4.0
2025-10-15 09:43:53,571 [WARN] PackLoader:240 - Cannot read IP mode file for STMicroelectronics.FP-ATR-ASTRA1.2.0.2
2025-10-15 09:43:53,575 [WARN] PackLoader:240 - Cannot read IP mode file for STMicroelectronics.FP-ATR-ASTRA1.2.0.1
2025-10-15 09:43:53,584 [WARN] PackLoader:240 - Cannot read IP mode file for STMicroelectronics.X-CUBE-SMBUS.2.1.0
2025-10-15 09:43:53,592 [WARN] PackLoader:240 - Cannot read IP mode file for STMicroelectronics.X-CUBE-WB05N.1.1.0
2025-10-15 09:43:53,599 [WARN] PackLoader:240 - Cannot read IP mode file for STMicroelectronics.X-CUBE-ST60.1.0.0
2025-10-15 09:43:53,625 [WARN] PackLoader:240 - Cannot read IP mode file for STMicroelectronics.X-CUBE-AZRTOS-F7.1.1.0
2025-10-15 09:43:53,660 [INFO] WebApp:463 - Apply proxy settings
2025-10-15 09:43:53,660 [INFO] WebApp:548 - Chromium requires no authentication
2025-10-15 09:43:53,674 [WARN] PackLoader:240 - Cannot read IP mode file for STMicroelectronics.X-CUBE-MEMS1.11.0.0
2025-10-15 09:43:53,691 [INFO] WebApp:491 - Direct internet connection detected
2025-10-15 09:43:53,791 [INFO] WebApp:900 - Register for checkConnection events
2025-10-15 09:43:53,791 [INFO] WebApp:463 - Apply proxy settings
2025-10-15 09:43:53,791 [INFO] WebApp:548 - Chromium requires no authentication
2025-10-15 09:43:53,791 [INFO] WebApp:491 - Direct internet connection detected
2025-10-15 09:43:53,808 [WARN] PackLoader:240 - Cannot read IP mode file for STMicroelectronics.FP-SNS-FLIGHT1.5.0.2
2025-10-15 09:43:53,824 [WARN] PackLoader:240 - Cannot read IP mode file for STMicroelectronics.X-CUBE-AZRTOS-H7.3.4.0
2025-10-15 09:43:53,832 [WARN] PackLoader:240 - Cannot read IP mode file for STMicroelectronics.X-CUBE-DISPLAY.3.0.0
2025-10-15 09:43:53,840 [WARN] PackLoader:240 - Cannot read IP mode file for STMicroelectronics.X-CUBE-BLE1.7.0.0
2025-10-15 09:43:53,845 [WARN] PackLoader:240 - Cannot read IP mode file for STMicroelectronics.X-CUBE-NFC10.1.0.0
2025-10-15 09:43:53,865 [WARN] PackLoader:240 - Cannot read IP mode file for STMicroelectronics.X-CUBE-BLEMGR.4.0.0
2025-10-15 09:43:53,873 [INFO] WebApp:191 - Connection restablished
2025-10-15 09:43:53,874 [WARN] PackLoader:240 - Cannot read IP mode file for emotas.I-CUBE-CANOPEN.1.3.0
2025-10-15 09:43:53,881 [WARN] PackLoader:240 - Cannot read IP mode file for STMicroelectronics.X-CUBE-BLEMGR.3.1.0
2025-10-15 09:43:53,887 [WARN] PackLoader:240 - Cannot read IP mode file for STMicroelectronics.X-CUBE-AI.10.0.0
2025-10-15 09:43:53,896 [WARN] PackLoader:240 - Cannot read IP mode file for STMicroelectronics.FP-SNS-STBOX1.2.1.0
2025-10-15 09:43:53,905 [WARN] PackLoader:240 - Cannot read IP mode file for STMicroelectronics.FP-SNS-SMARTAG2.1.2.0
2025-10-15 09:43:53,908 [WARN] PackLoader:240 - Cannot read IP mode file for STMicroelectronics.FP-SNS-FLIGHT1.5.1.0
2025-10-15 09:43:53,977 [WARN] PackLoader:240 - Cannot read IP mode file for STMicroelectronics.X-CUBE-MEMS1.11.1.0
2025-10-15 09:43:54,078 [INFO] LogOutputStream:77 - [STDOUT_REDIRECT] 1 : Invalid condition id : UX_CORESTACK_Condition cause : null
2025-10-15 09:43:54,079 [INFO] LogOutputStream:77 - [STDOUT_REDIRECT] 1 : Invalid condition id : UX_CORESTACK_Condition cause : null
2025-10-15 09:43:54,080 [INFO] LogOutputStream:77 - [STDOUT_REDIRECT] 1 : Invalid condition id : UX_CORESTACK_Condition cause : null
2025-10-15 09:43:54,081 [INFO] LogOutputStream:77 - [STDOUT_REDIRECT] 1 : Invalid condition id : UX_CORESTACK_Condition cause : null
2025-10-15 09:43:54,082 [INFO] LogOutputStream:77 - [STDOUT_REDIRECT] 1 : Invalid condition id : UX_CORESTACK_Condition cause : null
2025-10-15 09:43:54,084 [WARN] PackLoader:240 - Cannot read IP mode file for STMicroelectronics.X-CUBE-AZRTOS-WL.2.0.0
2025-10-15 09:43:54,089 [WARN] PackLoader:240 - Cannot read IP mode file for STMicroelectronics.FP-SNS-MOTENV1.5.0.0
2025-10-15 09:43:54,094 [WARN] PackLoader:240 - Cannot read IP mode file for wolfSSL.I-CUBE-wolfMQTT.1.19.0
2025-10-15 09:43:54,102 [WARN] PackLoader:240 - Cannot read IP mode file for WES.I-CUBE-Cesium.1.3.0
2025-10-15 09:43:54,107 [WARN] PackLoader:240 - Cannot read IP mode file for STMicroelectronics.X-CUBE-BLE2.3.3.0
2025-10-15 09:43:54,112 [WARN] PackLoader:240 - Cannot read IP mode file for STMicroelectronics.X-CUBE-NFC9.1.0.0
2025-10-15 09:43:54,117 [WARN] PackLoader:240 - Cannot read IP mode file for STMicroelectronics.X-CUBE-BLE1.7.1.0
2025-10-15 09:43:54,121 [WARN] PackLoader:240 - Cannot read IP mode file for STMicroelectronics.X-CUBE-TCPP.4.1.0
2025-10-15 09:43:54,127 [WARN] PackLoader:240 - Cannot read IP mode file for STMicroelectronics.X-CUBE-EEPRMA1.5.2.0
2025-10-15 09:43:54,135 [WARN] PackLoader:240 - Cannot read IP mode file for STMicroelectronics.X-CUBE-ST67W61.1.1.0
2025-10-15 09:43:54,139 [WARN] PackLoader:240 - Cannot read IP mode file for STMicroelectronics.X-CUBE-AI.10.1.0
2025-10-15 09:43:54,172 [WARN] PackLoader:240 - Cannot read IP mode file for STMicroelectronics.X-CUBE-MEMS1.11.2.0
2025-10-15 09:43:54,267 [WARN] PackLoader:240 - Cannot read IP mode file for STMicroelectronics.X-CUBE-AZRTOS-G0.1.1.0
2025-10-15 09:43:54,274 [WARN] PackLoader:240 - Cannot read IP mode file for STMicroelectronics.X-CUBE-SAFEA1.1.2.2
2025-10-15 09:43:54,278 [WARN] PackLoader:240 - Cannot read IP mode file for STMicroelectronics.X-CUBE-NFC4.3.0.0
2025-10-15 09:43:54,287 [WARN] PackLoader:240 - Cannot read IP mode file for EmbeddedOffice.I-CUBE-FS-RTOS.1.0.1
2025-10-15 09:43:54,291 [WARN] PackLoader:240 - Cannot read IP mode file for STMicroelectronics.X-CUBE-WB05N.2.0.0
2025-10-15 09:43:54,295 [WARN] PackLoader:240 - Cannot read IP mode file for STMicroelectronics.X-CUBE-TCPP.4.2.0
2025-10-15 09:43:54,300 [WARN] PackLoader:240 - Cannot read IP mode file for RealThread.X-CUBE-RT-Thread_Nano.4.1.1
2025-10-15 09:43:54,303 [WARN] PackLoader:240 - Cannot read IP mode file for STMicroelectronics.FP-ATR-SIGFOX1.3.2.0
2025-10-15 09:43:54,306 [WARN] PackLoader:240 - Cannot read IP mode file for wolfSSL.I-CUBE-wolfSSL.5.7.2
2025-10-15 09:43:54,310 [WARN] ConditionMgr:438 - getConditionDescription Invalid condition id : Cortex-A Device cause : null
2025-10-15 09:43:54,324 [WARN] ConditionMgr:1044 - genDependencies : Invalid condition id : Cortex-A Device cause : null
2025-10-15 09:43:54,325 [WARN] ConditionMgr:1044 - genDependencies : Invalid condition id : Cortex-A Device cause : null
2025-10-15 09:43:54,325 [WARN] ConditionMgr:1044 - genDependencies : Invalid condition id : Cortex-A Device cause : null
2025-10-15 09:43:54,328 [WARN] PackLoader:240 - Cannot read IP mode file for STMicroelectronics.X-CUBE-EEPRMA1.5.1.0
2025-10-15 09:43:54,334 [WARN] PackLoader:240 - Cannot read IP mode file for ITTIA_DB.I-CUBE-ITTIADB.8.9.0
2025-10-15 09:43:54,342 [WARN] PackLoader:240 - Cannot read IP mode file for STMicroelectronics.X-CUBE-ST67W61.1.0.0
2025-10-15 09:43:54,345 [WARN] PackLoader:240 - Cannot read IP mode file for STMicroelectronics.X-CUBE-AI.10.2.0
2025-10-15 09:43:54,371 [WARN] PackLoader:240 - Cannot read IP mode file for SEGGER.I-CUBE-embOS.1.3.1
2025-10-15 09:43:54,402 [WARN] PackLoader:240 - Cannot read IP mode file for STMicroelectronics.X-CUBE-ALGOBUILD.1.4.0
2025-10-15 09:43:54,450 [WARN] PackLoader:240 - Cannot read IP mode file for STMicroelectronics.X-CUBE-MEMS1.11.3.0
2025-10-15 09:43:54,544 [WARN] PackLoader:240 - Cannot read IP mode file for STMicroelectronics.X-CUBE-AI.9.1.0
2025-10-15 09:43:54,547 [WARN] PackLoader:240 - Cannot read IP mode file for STMicroelectronics.X-CUBE-PM33A1.1.0.0
2025-10-15 09:43:54,557 [WARN] PackLoader:240 - Cannot read IP mode file for STMicroelectronics.X-CUBE-AZRTOS-F4.1.1.0
2025-10-15 09:43:54,563 [WARN] PackLoader:240 - Cannot read IP mode file for Avnet-IotConnect.X-CUBE-IoTC-DA16k-PMOD.1.0.0
2025-10-15 09:43:54,566 [WARN] PackLoader:240 - Cannot read IP mode file for STMicroelectronics.X-CUBE-ISPU.2.1.0
2025-10-15 09:43:54,575 [WARN] PackLoader:240 - Cannot read IP mode file for STMicroelectronics.X-CUBE-IPS.3.2.0
2025-10-15 09:43:54,583 [WARN] PackLoader:240 - Cannot read IP mode file for STMicroelectronics.X-CUBE-FREERTOS.1.2.0
2025-10-15 09:43:54,588 [WARN] PackLoader:240 - Cannot read IP mode file for STMicroelectronics.X-CUBE-NFC12.1.0.0
2025-10-15 09:43:54,600 [WARN] PackLoader:240 - Cannot read IP mode file for STMicroelectronics.X-CUBE-AZRTOS-L5.2.0.0
2025-10-15 09:43:54,607 [WARN] PackLoader:240 - Cannot read IP mode file for STMicroelectronics.X-CUBE-NFC6.3.1.0
2025-10-15 09:43:54,613 [WARN] PackLoader:240 - Cannot read IP mode file for STMicroelectronics.X-CUBE-DPower.1.2.0
2025-10-15 09:43:54,617 [WARN] PackLoader:240 - Cannot read IP mode file for STMicroelectronics.X-CUBE-FREERTOS.1.3.1
2025-10-15 09:43:54,619 [WARN] PackLoader:240 - Cannot read IP mode file for STMicroelectronics.X-CUBE-FREERTOS.1.3.0
2025-10-15 09:43:54,624 [WARN] PackLoader:240 - Cannot read IP mode file for STMicroelectronics.X-CUBE-NFC7.1.0.1
2025-10-15 09:43:54,630 [WARN] PackLoader:240 - Cannot read IP mode file for STMicroelectronics.X-CUBE-TOUCHGFX.4.26.0
2025-10-15 09:43:54,635 [WARN] PackLoader:240 - Cannot read IP mode file for STMicroelectronics.FP-SNS-STAIOTCFT.1.0.0
2025-10-15 09:43:54,638 [WARN] PackLoader:240 - Cannot read IP mode file for STMicroelectronics.X-CUBE-DPower.1.3.0
2025-10-15 09:43:54,650 [WARN] ConditionMgr:438 - getConditionDescription Invalid condition id : LAN8742 Phy interface Condition cause : null
2025-10-15 09:43:54,650 [WARN] PackLoader:240 - Cannot read IP mode file for STMicroelectronics.X-CUBE-AZRTOS-L4.2.0.0
2025-10-15 09:43:54,651 [WARN] ConditionMgr:1044 - genDependencies : Invalid condition id : LAN8742 Phy interface Condition cause : null
2025-10-15 09:43:54,651 [WARN] ConditionMgr:1044 - genDependencies : Invalid condition id : LAN8742 Phy interface Condition cause : null
2025-10-15 09:43:54,652 [WARN] ConditionMgr:1044 - genDependencies : Invalid condition id : LAN8742 Phy interface Condition cause : null
2025-10-15 09:43:54,657 [WARN] PackLoader:240 - Cannot read IP mode file for STMicroelectronics.X-CUBE-SFXS2LP1.4.0.0
2025-10-15 09:43:54,669 [WARN] PackLoader:240 - Cannot read IP mode file for STMicroelectronics.X-CUBE-AZRTOS-H7.3.3.0
2025-10-15 09:43:54,677 [WARN] PackLoader:240 - Cannot read IP mode file for STMicroelectronics.X-CUBE-BLEMGR.4.1.0
2025-10-15 09:43:54,685 [WARN] PackLoader:240 - Cannot read IP mode file for STMicroelectronics.X-CUBE-IPS.3.0.0
2025-10-15 09:43:54,694 [WARN] ConditionMgr:438 - getConditionDescription Invalid condition id : UX DEVICE CLASS RTOS Condition cause : null
2025-10-15 09:43:54,695 [WARN] ConditionMgr:438 - getConditionDescription Invalid condition id : UX DEVICE CLASS RTOS Condition cause : null
2025-10-15 09:43:54,696 [WARN] PackLoader:240 - Cannot read IP mode file for STMicroelectronics.X-CUBE-AZRTOS-WB.2.0.0
2025-10-15 09:43:54,696 [WARN] ConditionMgr:1044 - genDependencies : Invalid condition id : UX DEVICE CLASS RTOS Condition cause : null
2025-10-15 09:43:54,696 [WARN] ConditionMgr:1044 - genDependencies : Invalid condition id : UX DEVICE CLASS RTOS Condition cause : null
2025-10-15 09:43:54,696 [WARN] ConditionMgr:1044 - genDependencies : Invalid condition id : UX DEVICE CLASS RTOS Condition cause : null
2025-10-15 09:43:54,696 [WARN] ConditionMgr:1044 - genDependencies : Invalid condition id : UX DEVICE CLASS RTOS Condition cause : null
2025-10-15 09:43:54,696 [WARN] ConditionMgr:1044 - genDependencies : Invalid condition id : UX DEVICE CLASS RTOS Condition cause : null
2025-10-15 09:43:54,700 [WARN] PackLoader:240 - Cannot read IP mode file for STMicroelectronics.X-CUBE-GNSS1.7.0.0
2025-10-15 09:43:54,704 [WARN] PackLoader:240 - Cannot read IP mode file for STMicroelectronics.X-CUBE-GNSS1.7.0.1
2025-10-15 09:43:54,706 [WARN] PackLoader:240 - Cannot read IP mode file for STMicroelectronics.X-CUBE-TOUCHGFX.4.25.0
2025-10-15 09:43:54,710 [WARN] PackLoader:240 - Cannot read IP mode file for STMicroelectronics.FP-SNS-STBOX1.2.0.0
2025-10-15 09:43:54,718 [WARN] PackLoader:240 - Cannot read IP mode file for STMicroelectronics.X-CUBE-SUBG2.5.0.0
2025-10-15 09:43:54,738 [WARN] PackLoader:240 - Cannot read IP mode file for STMicroelectronics.X-CUBE-AZRTOS-H7RS.1.1.0
2025-10-15 09:43:54,744 [WARN] PackLoader:240 - Cannot read IP mode file for Cesanta.I-CUBE-Mongoose.7.13.0
2025-10-15 09:43:54,753 [WARN] PackLoader:240 - Cannot read IP mode file for STMicroelectronics.X-CUBE-AZRTOS-G4.2.0.0
2025-10-15 09:43:54,758 [WARN] PackLoader:240 - Cannot read IP mode file for STMicroelectronics.X-CUBE-NFC7.2.0.0
2025-10-15 09:43:54,765 [WARN] PackLoader:240 - Cannot read IP mode file for STMicroelectronics.X-CUBE-IPS.3.1.0
2025-10-15 09:43:54,772 [WARN] PackLoader:240 - Cannot read IP mode file for STMicroelectronics.X-CUBE-ALS.1.0.2
2025-10-15 09:43:54,774 [WARN] PackLoader:240 - Cannot read IP mode file for STMicroelectronics.X-CUBE-TOUCHGFX.4.24.2
2025-10-15 09:43:54,776 [WARN] PackLoader:240 - Cannot read IP mode file for STMicroelectronics.X-CUBE-TOUCHGFX.4.24.1
2025-10-15 09:43:54,780 [WARN] PackLoader:240 - Cannot read IP mode file for STMicroelectronics.X-CUBE-STSE01.1.0.0
2025-10-15 09:43:54,784 [WARN] PackLoader:240 - Cannot read IP mode file for wolfSSL.I-CUBE-wolfTPM.3.4.0
2025-10-15 09:43:54,788 [WARN] PackLoader:240 - Cannot read IP mode file for portGmbH.I-Cube-SoM-uGOAL.1.1.0
2025-10-15 09:43:54,802 [WARN] PackLoader:240 - Cannot read IP mode file for STMicroelectronics.X-CUBE-AZRTOS-H7RS.1.0.0
2025-10-15 09:43:54,809 [WARN] PackLoader:240 - Cannot read IP mode file for STMicroelectronics.FP-ATR-ASTRA1.2.0.0
2025-10-15 09:43:54,815 [WARN] PackLoader:240 - Cannot read IP mode file for STMicroelectronics.X-CUBE-TOF1.3.4.2
2025-10-15 09:43:54,828 [WARN] PackLoader:240 - Cannot read IP mode file for STMicroelectronics.X-CUBE-TOF1.3.4.3
2025-10-15 09:43:54,845 [WARN] PackLoader:240 - Cannot read IP mode file for Infineon.AIROC-Wi-Fi-Bluetooth-STM32.1.6.1
2025-10-15 09:43:54,847 [INFO] WebApp:225 - Starting web application
2025-10-15 09:43:54,848 [INFO] WebApp:593 - Web application path used C:\ST\STM32CubeIDE_1.16.1\STM32CubeIDE\plugins\com.st.stm32cube.common.mx_6.15.0.202507011659\db\plugins\mcufinder\reactClient1\index.html
2025-10-15 09:43:54,850 [WARN] PackLoader:240 - Cannot read IP mode file for wolfSSL.I-CUBE-wolfSSH.1.4.17
2025-10-15 09:43:54,850 [INFO] ThirdParty:978 - Integrity check success = true
2025-10-15 09:43:54,850 [INFO] IntegrityCheckThread:100 - exiting critical section [integrity check]
2025-10-15 09:43:54,850 [INFO] IntegrityCheckThread:103 - End integrity checks thread
2025-10-15 09:43:54,986 [INFO] UserAuth:487 - Internet connection configuration mode: 1
2025-10-15 09:46:26,841 [INFO] McuFinderGlobals:63 - Set McuFinder mode to 2 (CubeIDE integrated)
2025-10-15 09:46:26,844 [INFO] MainUpdater:2872 - connection check result : 10
2025-10-15 09:46:27,131 [INFO] ApiDb:581 - Connected to CubeFinder SQLite database (C:\Users\Miloush\.stmcufinder\plugins\mcufinder\mcu\cube-finder-db.db)
2025-10-15 09:46:27,198 [INFO] ApiDb:668 - CubeFinder database Data Model version=2.1
2025-10-15 09:46:27,198 [INFO] ApiDb:669 - CubeFinder database Configuration version=3.0.39
2025-10-15 09:46:27,198 [INFO] ApiDb:670 - CubeFinder database generation date=2025-08-25 (1756130511)
2025-10-15 09:46:27,198 [INFO] ApiDb:671 - CubeFinder database FW Pack versions=[FP-ATR-ASTRA1_V2.0.0, FP-SNS-FLIGHT1_V5.1.0, FP-SNS-MOTENV1_V5.0.0, FP-SNS-MOTENVWB1_V1.4.0, FP-SNS-SMARTAG2_V1.2.0, FP-SNS-STBOX1_V2.1.0, STM32Cube_FW_C0_V1.4.0, STM32Cube_FW_F4_V1.28.3, STM32Cube_FW_F7_V1.17.4, STM32Cube_FW_G0_V1.6.2, STM32Cube_FW_G4_V1.6.1, STM32Cube_FW_H5_V1.5.0, STM32Cube_FW_H7RS_V1.2.0, STM32Cube_FW_H7_V1.12.1, STM32Cube_FW_L0_V1.12.2, STM32Cube_FW_L4_V1.18.1, STM32Cube_FW_L5_V1.5.1, STM32Cube_FW_N6_V1.2.0, STM32Cube_FW_U0_V1.3.0, STM32Cube_FW_U3_V1.2.0, STM32Cube_FW_U5_V1.8.0, STM32Cube_FW_WB0_V1.3.0, STM32Cube_FW_WBA_V1.7.0, STM32Cube_FW_WB_V1.23.0, STM32Cube_FW_WL3_V1.2.0, STM32Cube_FW_WL_V1.3.1, X-CUBE-ALGOBUILD_V1.4.0, X-CUBE-ALS_V1.0.2, X-CUBE-AZRTOS-F4_V1.1.0, X-CUBE-AZRTOS-F7_V1.1.0, X-CUBE-AZRTOS-G0_V1.1.0, X-CUBE-AZRTOS-G4_V2.0.0, X-CUBE-AZRTOS-H7RS_V1.1.0, X-CUBE-AZRTOS-H7_V3.4.0, X-CUBE-AZRTOS-L4_V2.0.0, X-CUBE-AZRTOS-L5_V2.0.0, X-CUBE-AZRTOS-WB_V2.0.0, X-CUBE-AZRTOS-WL_V2.0.0, X-CUBE-BLE1_V7.1.0, X-CUBE-BLE2_V3.3.0, X-CUBE-BLEMGR_V4.1.0, X-CUBE-EEPRMA1_V5.2.0, X-CUBE-FREERTOS_V1.3.1, X-CUBE-GNSS1_V6.0.0, X-CUBE-MEMS1_V11.3.0, X-CUBE-NFC4_V3.0.0, X-CUBE-NFC7_V2.0.0, X-CUBE-SFXS2LP1_V4.0.0, X-CUBE-ST67W61_V1.0.0, X-CUBE-SUBG2_V5.0.0, X-CUBE-TOF1_V3.4.3]
2025-10-15 09:46:29,230 [INFO] ApiDb:240 - Found 880 in-development CPN: [B-G473E-ZEST1S, B-WB1M-WPAN1, B-WBA5M-WPAN, B-WL5M-SUBG1, NUCLEO-C031C6, NUCLEO-C051C8, NUCLEO-C071RB, NUCLEO-C092RC, NUCLEO-H503RB, NUCLEO-H533RE, NUCLEO-H563ZI, NUCLEO-H7S3L8, NUCLEO-N657X0-Q, NUCLEO-U031R8, NUCLEO-U083RC, NUCLEO-U385RG-Q, NUCLEO-U545RE-Q, NUCLEO-U5A5ZJ-Q, NUCLEO-WB05KZ, NUCLEO-WB07CC, NUCLEO-WB09KE, NUCLEO-WBA52CG, NUCLEO-WBA55CG, NUCLEO-WL33CC1, NUCLEO-WL33CC2, STEVAL-PROTEUS1, STEVAL-SMARTAG2, STEVAL-STWINBX1, STM320518-EVAL, STM32C0116-DK, STM32C011D6Y3TR, STM32C011D6Y6TR, STM32C011F4P3, STM32C011F4P6, STM32C011F4U3, STM32C011F4U6TR, STM32C011F6P3, STM32C011F6P6, STM32C011F6U3, STM32C011F6U6TR, STM32C011J4M3, STM32C011J4M6, STM32C011J6M3, STM32C011J6M6, STM32C0316-DK, STM32C031C4T3, STM32C031C4T6, STM32C031C4U3, STM32C031C4U6, STM32C031C6T3, STM32C031C6T6, STM32C031C6U3, STM32C031C6U6, STM32C031F4P3, STM32C031F4P6, STM32C031F6P3, STM32C031F6P6, STM32C031G4U3, STM32C031G4U6, STM32C031G6U3, STM32C031G6U6, STM32C031K4T3, STM32C031K4T6, STM32C031K4U3, STM32C031K4U6, STM32C031K6T3, STM32C031K6T6, STM32C031K6U3, STM32C031K6U6, STM32C051C6T6, STM32C051C6U6, STM32C051C8T6, STM32C051C8U6, STM32C051D8Y6TR, STM32C051F6P6, STM32C051F8P6, STM32C051G6U6, STM32C051G8U6, STM32C051K6T6, STM32C051K6U6, STM32C051K8T6, STM32C071C8T6, STM32C071C8T6N, STM32C071C8U6, STM32C071C8U6N, STM32C071CBT6, STM32C071CBT6N, STM32C071CBU6, STM32C071CBU6N, STM32C071F8P6, STM32C071F8P6N, STM32C071FBP6, STM32C071FBP6N, STM32C071FBY6TR, STM32C071G8U6, STM32C071G8U6N, STM32C071GBU6, STM32C071GBU6N, STM32C071K8T6, STM32C071K8T6N, STM32C071K8U6, STM32C071K8U6N, STM32C071KBT6, STM32C071KBT6N, STM32C071KBU6, STM32C071KBU6N, STM32C071R8T6, STM32C071R8T6N, STM32C071RBI6N, STM32C071RBT6, STM32C071RBT6N, STM32C091CBT6, STM32C091CBU6, STM32C091CCT6, STM32C091CCU6, STM32C091ECY6TR, STM32C091FBP6, STM32C091FCP6, STM32C091GBU6, STM32C091GCU6, STM32C091KBT6, STM32C091KBU6, STM32C091KCT6, STM32C091KCU6, STM32C091RBT6, STM32C091RCI6, STM32C091RCT6, STM32C092CBT6, STM32C092CBU6, STM32C092CCT6, STM32C092CCU6, STM32C092ECY6TR, STM32C092FBP6, STM32C092FCP6, STM32C092GBU6, STM32C092GCU6, STM32C092KBT6, STM32C092KBU6, STM32C092KCT6, STM32C092KCU6, STM32C092RBT6, STM32C092RCI6, STM32C092RCT6, STM32G071K8TXN, STM32G071K8UXN, STM32G081GBU6N, STM32G081KBT6N, STM32G081KBUXN, STM32G0B1CCT6N, STM32G0B1KCT6, STM32G0B1NEY6TR, STM32G0B1RCT6N, STM32G0C1CCT6, STM32G0C1CCT6N, STM32G0C1CCU6N, STM32G0C1CET6N, STM32G0C1CEU6N, STM32G0C1KCT6, STM32G0C1NEY6TR, STM32G0C1RCI6N, STM32G0C1RCT6N, STM32G0C1REI6N, STM32G0C1RET6N, STM32G0C1VCI6, STM32G0C1VEI6, STM32G411C6T3, STM32G411C6T6, STM32G411C6U3, STM32G411C6U6, STM32G411C8T3, STM32G411C8T6, STM32G411C8U3, STM32G411C8U6, STM32G411CBT3, STM32G411CBT6, STM32G411CBU3, STM32G411CBU6, STM32G411K6T3, STM32G411K6T6, STM32G411K6U3, STM32G411K6U6, STM32G411K8T3, STM32G411K8T6, STM32G411K8U3, STM32G411K8U6, STM32G411KBT3, STM32G411KBT6, STM32G411KBU3, STM32G411KBU6, STM32G411M6T3, STM32G411M6T6, STM32G411M8T3, STM32G411M8T6, STM32G411MBT3, STM32G411MBT6, STM32G411R6T3, STM32G411R6T6, STM32G411R8T3, STM32G411R8T6, STM32G411RBT3, STM32G411RBT6, STM32G414CBT3, STM32G414CBT6, STM32G414CBU3, STM32G414CBU6, STM32G414CCT3, STM32G414CCT6, STM32G414CCU3, STM32G414CCU6, STM32G414MBT3, STM32G414MBT6, STM32G414MCT3, STM32G414MCT6, STM32G414RBT3, STM32G414RBT6, STM32G414RCT3, STM32G414RCT6, STM32G414VBT3, STM32G414VBT6, STM32G414VCT3, STM32G414VCT6, STM32G431CBT3Z, STM32G431RBT3Z, STM32G471CCT6, STM32G471CCU6, STM32G471CET3, STM32G471CET6, STM32G471CEU3, STM32G471CEU6, STM32G471MCT6, STM32G471MET3, STM32G471MET6, STM32G471MEY6TR, STM32G471QCT6, STM32G471QET3, STM32G471RCT6, STM32G471RET3, STM32G471RET6, STM32G471VCH6, STM32G471VCI6, STM32G471VCT6, STM32G471VEH3, STM32G471VEH6, STM32G471VEI3, STM32G471VEI6, STM32G471VET3, STM32G471VET6, STM32G473QET3Z, STM32G473RET3Z, STM32G474CCT6, STM32G491RET3Z, STM32H503CBT6, STM32H503CBU6, STM32H503EBY6TR, STM32H503KBU6, STM32H503RBT6, STM32H523CCT6, STM32H523CCU6, STM32H523CET6, STM32H523CEU6, STM32H523HEY6TR, STM32H523RCT6, STM32H523RET6, STM32H523VCI6, STM32H523VCT6, STM32H523VEI6, STM32H523VET6, STM32H523ZCJ6, STM32H523ZCT6, STM32H523ZEJ6, STM32H523ZET6, STM32H533CET6, STM32H533CEU6, STM32H533HEY6TR, STM32H533RET6, STM32H533VEI6, STM32H533VET6, STM32H533ZEJ6, STM32H533ZET6, STM32H562AGI6, STM32H562AII6, STM32H562IGK6, STM32H562IGT6, STM32H562IIK6, STM32H562IIT6, STM32H562RGT6, STM32H562RGV6, STM32H562RIT6, STM32H562RIV6, STM32H562VGT6, STM32H562VIT6, STM32H562ZGT6, STM32H562ZIT6, STM32H563AGI6, STM32H563AII3Q, STM32H563AII6, STM32H563IGK6, STM32H563IGT6, STM32H563IIK3Q, STM32H563IIK6, STM32H563IIT3Q, STM32H563IIT6, STM32H563MIY3QTR, STM32H563RGT6, STM32H563RGV6, STM32H563RIT6, STM32H563RIV6, STM32H563VGT6, STM32H563VIT3Q, STM32H563VIT6, STM32H563ZGT6, STM32H563ZIT3Q, STM32H563ZIT6, STM32H573AII3Q, STM32H573AII6, STM32H573I-DK, STM32H573IIK3Q, STM32H573IIK6, STM32H573IIT3Q, STM32H573IIT6, STM32H573MIY3QTR, STM32H573RIT6, STM32H573RIV6, STM32H573VIT3Q, STM32H573VIT6, STM32H573ZIT3Q, STM32H573ZIT6, STM32H7R3A8I6, STM32H7R3I8K6, STM32H7R3I8T6, STM32H7R3L8H6, STM32H7R3L8H6H, STM32H7R3R8V6, STM32H7R3V8H6, STM32H7R3V8T6, STM32H7R3V8Y6TR, STM32H7R3Z8J6, STM32H7R3Z8T6, STM32H7R7A8I6, STM32H7R7I8K6, STM32H7R7I8T6, STM32H7R7L8H6, STM32H7R7L8H6H, STM32H7R7Z8J6, STM32H7S3A8I6, STM32H7S3I8K6, STM32H7S3I8T6, STM32H7S3L8H6, STM32H7S3L8H6H, STM32H7S3R8V6, STM32H7S3V8H6, STM32H7S3V8T6, STM32H7S3V8Y6TR, STM32H7S3Z8J6, STM32H7S3Z8T6, STM32H7S78-DK, STM32H7S7A8I6, STM32H7S7I8K6, STM32H7S7I8T6, STM32H7S7L8H6, STM32H7S7L8H6H, STM32H7S7Z8J6, STM32L4R5QGI6STR, STM32MP131AAE3, STM32MP131AAF3, STM32MP131AAG3, STM32MP131CAE3, STM32MP131CAF3, STM32MP131CAG3, STM32MP131DAE7, STM32MP131DAF7, STM32MP131DAG7, STM32MP131FAE7, STM32MP131FAF7, STM32MP131FAG7, STM32MP133AAE3, STM32MP133AAF3, STM32MP133AAG3, STM32MP133CAE3, STM32MP133CAF3, STM32MP133CAG3, STM32MP133DAE7, STM32MP133DAF7, STM32MP133DAG7, STM32MP133FAE7, STM32MP133FAF7, STM32MP133FAG7, STM32MP135AAE3, STM32MP135AAF3, STM32MP135AAG3, STM32MP135CAE3, STM32MP135CAF3, STM32MP135CAG3, STM32MP135DAE7, STM32MP135DAF7, STM32MP135DAG7, STM32MP135F-DK, STM32MP135FAE7, STM32MP135FAF7, STM32MP135FAF7T, STM32MP135FAF7U, STM32MP135FAG7, STM32MP211AAL3, STM32MP211AAM3, STM32MP211AAN3, STM32MP211AAO3, STM32MP211CAL3, STM32MP211CAM3, STM32MP211CAN3, STM32MP211CAO3, STM32MP211DAL3, STM32MP211DAM3, STM32MP211DAN3, STM32MP211DAO3, STM32MP211FAL3, STM32MP211FAM3, STM32MP211FAN3, STM32MP211FAO3, STM32MP213AAL3, STM32MP213AAM3, STM32MP213AAN3, STM32MP213AAO3, STM32MP213CAL3, STM32MP213CAM3, STM32MP213CAN3, STM32MP213CAO3, STM32MP213DAL3, STM32MP213DAM3, STM32MP213DAN3, STM32MP213DAO3, STM32MP213FAL3, STM32MP213FAM3, STM32MP213FAN3, STM32MP213FAO3, STM32MP215AAL3, STM32MP215AAM3, STM32MP215AAN3, STM32MP215AAO3, STM32MP215CAL3, STM32MP215CAM3, STM32MP215CAN3, STM32MP215CAO3, STM32MP215DAL3, STM32MP215DAM3, STM32MP215DAN3, STM32MP215DAO3, STM32MP215F-DK, STM32MP215FAL3, STM32MP215FAM3, STM32MP215FAN3, STM32MP215FAO3, STM32MP231AAJ3, STM32MP231AAK3, STM32MP231AAL3, STM32MP231CAJ3, STM32MP231CAK3, STM32MP231CAL3, STM32MP231DAJ3, STM32MP231DAK3, STM32MP231DAL3, STM32MP231FAJ3, STM32MP231FAK3, STM32MP231FAL3, STM32MP233AAJ3, STM32MP233AAK3, STM32MP233AAL3, STM32MP233CAJ3, STM32MP233CAK3, STM32MP233CAL3, STM32MP233DAJ3, STM32MP233DAK3, STM32MP233DAL3, STM32MP233FAJ3, STM32MP233FAK3, STM32MP233FAL3, STM32MP235AAJ3, STM32MP235AAK3, STM32MP235AAL3, STM32MP235CAJ3, STM32MP235CAK3, STM32MP235CAL3, STM32MP235DAJ3, STM32MP235DAK3, STM32MP235DAL3, STM32MP235FAJ3, STM32MP235FAK3, STM32MP235FAL3, STM32MP251AAI3, STM32MP251AAK3, STM32MP251AAL3, STM32MP251CAI3, STM32MP251CAK3, STM32MP251CAL3, STM32MP251DAI3, STM32MP251DAK3, STM32MP251DAL3, STM32MP251FAI3, STM32MP251FAK3, STM32MP251FAL3, STM32MP253AAI3, STM32MP253AAK3, STM32MP253AAL3, STM32MP253CAI3, STM32MP253CAK3, STM32MP253CAL3, STM32MP253DAI3, STM32MP253DAK3, STM32MP253DAL3, STM32MP253FAI3, STM32MP253FAK3, STM32MP253FAL3, STM32MP255AAI3, STM32MP255AAK3, STM32MP255AAL3, STM32MP255CAI3, STM32MP255CAK3, STM32MP255CAL3, STM32MP255DAI3, STM32MP255DAK3, STM32MP255DAL3, STM32MP255FAI3, STM32MP255FAK3, STM32MP255FAL3, STM32MP257AAI3, STM32MP257AAK3, STM32MP257AAL3, STM32MP257CAI3, STM32MP257CAK3, STM32MP257CAL3, STM32MP257DAI3, STM32MP257DAK3, STM32MP257DAL3, STM32MP257F-DK, STM32MP257F-EV1, STM32MP257FAI3, STM32MP257FAK3, STM32MP257FAL3, STM32N645A0H3Q, STM32N645B0H3Q, STM32N645I0H3Q, STM32N645L0H3Q, STM32N645X0H3Q, STM32N645Z0H3Q, STM32N647A0H3Q, STM32N647B0H3Q, STM32N647I0H3Q, STM32N647L0H3Q, STM32N647X0H3Q, STM32N647Z0H3Q, STM32N655A0H3Q, STM32N655B0H3Q, STM32N655I0H3Q, STM32N655L0H3Q, STM32N655X0H3Q, STM32N655Z0H3Q, STM32N6570-DK, STM32N657A0H3Q, STM32N657B0H3Q, STM32N657I0H3Q, STM32N657L0H3Q, STM32N657X0H3Q, STM32N657Z0H3Q, STM32U031C6T6, STM32U031C6U6, STM32U031C8T6, STM32U031C8U6, STM32U031F4P6, STM32U031F6P6, STM32U031F8P6, STM32U031G6Y6TR, STM32U031G8Y6TR, STM32U031K4U6, STM32U031K6U6, STM32U031K8U6, STM32U031R6I6, STM32U031R6T6, STM32U031R8I6, STM32U031R8T6, STM32U073C8T6, STM32U073C8U6, STM32U073CBT6, STM32U073CBU6, STM32U073CCT6, STM32U073CCU6, STM32U073H8Y6TR, STM32U073HBY6TR, STM32U073HCY6TR, STM32U073K8U6, STM32U073KBU6, STM32U073KCU6, STM32U073M8I6, STM32U073M8T6, STM32U073MBI6, STM32U073MBT6, STM32U073MCI6, STM32U073MCT6, STM32U073R8I6, STM32U073R8T6, STM32U073RBI6, STM32U073RBT6, STM32U073RCI6, STM32U073RCT6, STM32U083C-DK, STM32U083CCT6, STM32U083CCU6, STM32U083HCY6TR, STM32U083KCU6, STM32U083MCI6, STM32U083MCT6, STM32U083RCI6, STM32U083RCT6, STM32U375CET6, STM32U375CET6Q, STM32U375CEU6, STM32U375CEU6Q, STM32U375CEY6QTR, STM32U375CGT6, STM32U375CGT6Q, STM32U375CGU6, STM32U375CGU6Q, STM32U375CGY6QTR, STM32U375KEU6, STM32U375KGU6, STM32U375REI6, STM32U375REI6Q, STM32U375RET6, STM32U375RET6Q, STM32U375REY6GTR, STM32U375REY6QTR, STM32U375RGI6, STM32U375RGI6Q, STM32U375RGT6, STM32U375RGT6Q, STM32U375RGY6GTR, STM32U375RGY6QTR, STM32U375VEI6, STM32U375VEI6Q, STM32U375VET6, STM32U375VET6Q, STM32U375VGI6, STM32U375VGI6Q, STM32U375VGT6, STM32U375VGT6Q, STM32U385CGT6, STM32U385CGT6Q, STM32U385CGU6, STM32U385CGU6Q, STM32U385CGY6QTR, STM32U385KGU6, STM32U385RGI6, STM32U385RGI6Q, STM32U385RGT6, STM32U385RGT6Q, STM32U385RGY6GTR, STM32U385RGY6QTR, STM32U385VGI6, STM32U385VGI6Q, STM32U385VGT6, STM32U385VGT6Q, STM32U535CBT6, STM32U535CBT6Q, STM32U535CBU6, STM32U535CBU6Q, STM32U535CCT6, STM32U535CCT6Q, STM32U535CCU6, STM32U535CCU6Q, STM32U535CET6, STM32U535CET6Q, STM32U535CEU6, STM32U535CEU6Q, STM32U535JEY6QTR, STM32U535NCY6QTR, STM32U535NEY6QTR, STM32U535RBI6, STM32U535RBI6Q, STM32U535RBT6, STM32U535RBT6Q, STM32U535RCI6, STM32U535RCI6Q, STM32U535RCT6, STM32U535RCT6Q, STM32U535REI6, STM32U535REI6Q, STM32U535RET6, STM32U535RET6Q, STM32U535VCI6, STM32U535VCI6Q, STM32U535VCT6, STM32U535VCT6Q, STM32U535VEI6, STM32U535VEI6Q, STM32U535VET6, STM32U535VET6Q, STM32U545CET6, STM32U545CET6Q, STM32U545CEU6, STM32U545CEU6Q, STM32U545JEY6QTR, STM32U545NEY6QTR, STM32U545REI6, STM32U545REI6Q, STM32U545RET6, STM32U545RET6Q, STM32U545VEI6, STM32U545VEI6Q, STM32U545VET6, STM32U545VET6Q, STM32U595AIH6, STM32U595AIH6Q, STM32U595AJH6, STM32U595AJH6Q, STM32U595QII6, STM32U595QII6Q, STM32U595QJI6, STM32U595QJI6Q, STM32U595RIT6, STM32U595RIT6Q, STM32U595RJT6, STM32U595RJT6Q, STM32U595VIT6, STM32U595VIT6Q, STM32U595VJT6, STM32U595VJT6Q, STM32U595ZIT6, STM32U595ZIT6Q, STM32U595ZIY6QTR, STM32U595ZJT6, STM32U595ZJT6Q, STM32U595ZJY6QTR, STM32U599BJY6QTR, STM32U599NIH6Q, STM32U599NJH6Q, STM32U599VIT6Q, STM32U599VJT6, STM32U599VJT6Q, STM32U599ZIT6Q, STM32U599ZIY6QTR, STM32U599ZJT6Q, STM32U599ZJY6QTR, STM32U5A5AJH6, STM32U5A5AJH6Q, STM32U5A5QII3Q , STM32U5A5QJI6, STM32U5A5QJI6Q, STM32U5A5RJT6, STM32U5A5RJT6Q, STM32U5A5VJT6, STM32U5A5VJT6Q, STM32U5A5ZJT6, STM32U5A5ZJT6Q, STM32U5A5ZJY6QTR, STM32U5A9BJY6QTR, STM32U5A9J-DK, STM32U5A9NJH6Q, STM32U5A9VJT6Q, STM32U5A9ZJT6Q, STM32U5A9ZJY6QTR, STM32U5F7VIT6, STM32U5F7VIT6Q, STM32U5F7VJT6, STM32U5F7VJT6Q, STM32U5F9BJY6QTR, STM32U5F9NJH6Q, STM32U5F9VIT6Q, STM32U5F9VJT6Q, STM32U5F9ZIJ6QTR, STM32U5F9ZIT6Q, STM32U5F9ZJJ6QTR, STM32U5F9ZJT6Q, STM32U5G7VJT6, STM32U5G7VJT6Q, STM32U5G9BJY6QTR, STM32U5G9J-DK1, STM32U5G9J-DK2, STM32U5G9NJH6Q, STM32U5G9VJT6Q, STM32U5G9ZJJ6QTR, STM32U5G9ZJT6Q, STM32WB05KZV6TR, STM32WB05KZV7TR, STM32WB05TZF6TR, STM32WB05TZF7TR, STM32WB06CCF6TR, STM32WB06CCF7TR, STM32WB06CCV6TR, STM32WB06CCV7TR, STM32WB06KCV6TR, STM32WB06KCV7TR, STM32WB07CCF6TR, STM32WB07CCF7TR, STM32WB07CCV6TR, STM32WB07CCV7TR, STM32WB07KCV6TR, STM32WB07KCV7TR, STM32WB09KEV6TR, STM32WB09KEV7TR, STM32WB09TEF6TR, STM32WB09TEF7TR, STM32WB1MMCH6, STM32WBA50KGU6, STM32WBA50KGU6TR, STM32WBA52CEU6, STM32WBA52CEU6TR, STM32WBA52CEU7, STM32WBA52CEU7TR, STM32WBA52CGU6, STM32WBA52CGU6TR, STM32WBA52CGU6U, STM32WBA52CGU7, STM32WBA52CGU7TR, STM32WBA52KEU6, STM32WBA52KEU6TR, STM32WBA52KGU6, STM32WBA52KGU6TR, STM32WBA54CEU6, STM32WBA54CEU6TR, STM32WBA54CEU7, STM32WBA54CEU7TR, STM32WBA54CGU6, STM32WBA54CGU6TR, STM32WBA54CGU7, STM32WBA54CGU7TR, STM32WBA54KEU6, STM32WBA54KEU6TR, STM32WBA54KEU7, STM32WBA54KEU7TR, STM32WBA54KGU6, STM32WBA54KGU6TR, STM32WBA54KGU7, STM32WBA54KGU7TR, STM32WBA55CEU6, STM32WBA55CEU6TR, STM32WBA55CEU7, STM32WBA55CEU7TR, STM32WBA55CGU6, STM32WBA55CGU6TR, STM32WBA55CGU6U, STM32WBA55CGU7, STM32WBA55CGU7TR, STM32WBA55G-DK1, STM32WBA55HEF6, STM32WBA55HEF7, STM32WBA55HGF6, STM32WBA55HGF7, STM32WBA55UEI6, STM32WBA55UEI6TR, STM32WBA55UEI7, STM32WBA55UEI7TR, STM32WBA55UGI6, STM32WBA55UGI6TR, STM32WBA55UGI7, STM32WBA55UGI7TR, STM32WBA5MMGH6TR, STM32WBA62MGF6, STM32WBA62MIF6, STM32WBA65MGF7, STM32WBA65MIF6, STM32WBA65MIF7, STM32WL30K8V6, STM32WL30KBV6, STM32WL31C8V6, STM32WL31CBV6, STM32WL31K8V6, STM32WL31KBV6, STM32WL33C8V6, STM32WL33C8V6X, STM32WL33CBV6, STM32WL33CBV6X, STM32WL33CCV6, STM32WL33CCV6A, STM32WL33CCV6X, STM32WL33K8V7, STM32WL33K8V7X, STM32WL33KBV7 , STM32WL33KBV7X, STM32WL33KCV7, STM32WL33KCV7X, STM32WL5MOCH6, STM32WL5MOCH6TR]
2025-10-15 09:46:29,235 [INFO] DbMcus:218 - Found 4801 MCUs, 4801 are supported
2025-10-15 09:46:29,235 [INFO] ApiDb:423 - Load user favorites file C:\Users\Miloush/.stm32cubeide/favorites.mcus.txt: 3 item(s)
2025-10-15 09:46:29,235 [INFO] ApiDb:427 - User favorites MCUs=[STM32F446RET6, STM32G431KBT6, STM32G474CBT3]
2025-10-15 09:46:29,236 [INFO] DbMcus:224 - Set 3 / 3 favorites MCUs
2025-10-15 09:46:29,497 [INFO] ApiDb:668 - CubeFinder database Data Model version=2.1
2025-10-15 09:46:29,497 [INFO] ApiDb:669 - CubeFinder database Configuration version=3.0.39
2025-10-15 09:46:29,497 [INFO] ApiDb:670 - CubeFinder database generation date=2025-08-25 (1756130511)
2025-10-15 09:46:29,497 [INFO] ApiDb:671 - CubeFinder database FW Pack versions=[FP-ATR-ASTRA1_V2.0.0, FP-SNS-FLIGHT1_V5.1.0, FP-SNS-MOTENV1_V5.0.0, FP-SNS-MOTENVWB1_V1.4.0, FP-SNS-SMARTAG2_V1.2.0, FP-SNS-STBOX1_V2.1.0, STM32Cube_FW_C0_V1.4.0, STM32Cube_FW_F4_V1.28.3, STM32Cube_FW_F7_V1.17.4, STM32Cube_FW_G0_V1.6.2, STM32Cube_FW_G4_V1.6.1, STM32Cube_FW_H5_V1.5.0, STM32Cube_FW_H7RS_V1.2.0, STM32Cube_FW_H7_V1.12.1, STM32Cube_FW_L0_V1.12.2, STM32Cube_FW_L4_V1.18.1, STM32Cube_FW_L5_V1.5.1, STM32Cube_FW_N6_V1.2.0, STM32Cube_FW_U0_V1.3.0, STM32Cube_FW_U3_V1.2.0, STM32Cube_FW_U5_V1.8.0, STM32Cube_FW_WB0_V1.3.0, STM32Cube_FW_WBA_V1.7.0, STM32Cube_FW_WB_V1.23.0, STM32Cube_FW_WL3_V1.2.0, STM32Cube_FW_WL_V1.3.1, X-CUBE-ALGOBUILD_V1.4.0, X-CUBE-ALS_V1.0.2, X-CUBE-AZRTOS-F4_V1.1.0, X-CUBE-AZRTOS-F7_V1.1.0, X-CUBE-AZRTOS-G0_V1.1.0, X-CUBE-AZRTOS-G4_V2.0.0, X-CUBE-AZRTOS-H7RS_V1.1.0, X-CUBE-AZRTOS-H7_V3.4.0, X-CUBE-AZRTOS-L4_V2.0.0, X-CUBE-AZRTOS-L5_V2.0.0, X-CUBE-AZRTOS-WB_V2.0.0, X-CUBE-AZRTOS-WL_V2.0.0, X-CUBE-BLE1_V7.1.0, X-CUBE-BLE2_V3.3.0, X-CUBE-BLEMGR_V4.1.0, X-CUBE-EEPRMA1_V5.2.0, X-CUBE-FREERTOS_V1.3.1, X-CUBE-GNSS1_V6.0.0, X-CUBE-MEMS1_V11.3.0, X-CUBE-NFC4_V3.0.0, X-CUBE-NFC7_V2.0.0, X-CUBE-SFXS2LP1_V4.0.0, X-CUBE-ST67W61_V1.0.0, X-CUBE-SUBG2_V5.0.0, X-CUBE-TOF1_V3.4.3]
2025-10-15 09:46:29,543 [INFO] DbBoardsSqlite:226 - include board P-NUCLEO-WB55-NUCLEO as a kit item of type 'Nucleo-64'
2025-10-15 09:46:29,544 [INFO] DbBoardsSqlite:226 - include board P-NUCLEO-WB55-USBDONGLE as a kit item of type 'Nucleo USB Dongle'
2025-10-15 09:46:29,544 [INFO] DbBoardsSqlite:226 - include board STEVAL-IDP005V1 as a kit item of type 'Evaluation Board'
2025-10-15 09:46:29,544 [INFO] DbBoardsSqlite:226 - include board STEVAL-IDP005V2 as a kit item of type 'Evaluation Board'
2025-10-15 09:46:29,600 [INFO] ApiDb:240 - Found 880 in-development CPN: [B-G473E-ZEST1S, B-WB1M-WPAN1, B-WBA5M-WPAN, B-WL5M-SUBG1, NUCLEO-C031C6, NUCLEO-C051C8, NUCLEO-C071RB, NUCLEO-C092RC, NUCLEO-H503RB, NUCLEO-H533RE, NUCLEO-H563ZI, NUCLEO-H7S3L8, NUCLEO-N657X0-Q, NUCLEO-U031R8, NUCLEO-U083RC, NUCLEO-U385RG-Q, NUCLEO-U545RE-Q, NUCLEO-U5A5ZJ-Q, NUCLEO-WB05KZ, NUCLEO-WB07CC, NUCLEO-WB09KE, NUCLEO-WBA52CG, NUCLEO-WBA55CG, NUCLEO-WL33CC1, NUCLEO-WL33CC2, STEVAL-PROTEUS1, STEVAL-SMARTAG2, STEVAL-STWINBX1, STM320518-EVAL, STM32C0116-DK, STM32C011D6Y3TR, STM32C011D6Y6TR, STM32C011F4P3, STM32C011F4P6, STM32C011F4U3, STM32C011F4U6TR, STM32C011F6P3, STM32C011F6P6, STM32C011F6U3, STM32C011F6U6TR, STM32C011J4M3, STM32C011J4M6, STM32C011J6M3, STM32C011J6M6, STM32C0316-DK, STM32C031C4T3, STM32C031C4T6, STM32C031C4U3, STM32C031C4U6, STM32C031C6T3, STM32C031C6T6, STM32C031C6U3, STM32C031C6U6, STM32C031F4P3, STM32C031F4P6, STM32C031F6P3, STM32C031F6P6, STM32C031G4U3, STM32C031G4U6, STM32C031G6U3, STM32C031G6U6, STM32C031K4T3, STM32C031K4T6, STM32C031K4U3, STM32C031K4U6, STM32C031K6T3, STM32C031K6T6, STM32C031K6U3, STM32C031K6U6, STM32C051C6T6, STM32C051C6U6, STM32C051C8T6, STM32C051C8U6, STM32C051D8Y6TR, STM32C051F6P6, STM32C051F8P6, STM32C051G6U6, STM32C051G8U6, STM32C051K6T6, STM32C051K6U6, STM32C051K8T6, STM32C071C8T6, STM32C071C8T6N, STM32C071C8U6, STM32C071C8U6N, STM32C071CBT6, STM32C071CBT6N, STM32C071CBU6, STM32C071CBU6N, STM32C071F8P6, STM32C071F8P6N, STM32C071FBP6, STM32C071FBP6N, STM32C071FBY6TR, STM32C071G8U6, STM32C071G8U6N, STM32C071GBU6, STM32C071GBU6N, STM32C071K8T6, STM32C071K8T6N, STM32C071K8U6, STM32C071K8U6N, STM32C071KBT6, STM32C071KBT6N, STM32C071KBU6, STM32C071KBU6N, STM32C071R8T6, STM32C071R8T6N, STM32C071RBI6N, STM32C071RBT6, STM32C071RBT6N, STM32C091CBT6, STM32C091CBU6, STM32C091CCT6, STM32C091CCU6, STM32C091ECY6TR, STM32C091FBP6, STM32C091FCP6, STM32C091GBU6, STM32C091GCU6, STM32C091KBT6, STM32C091KBU6, STM32C091KCT6, STM32C091KCU6, STM32C091RBT6, STM32C091RCI6, STM32C091RCT6, STM32C092CBT6, STM32C092CBU6, STM32C092CCT6, STM32C092CCU6, STM32C092ECY6TR, STM32C092FBP6, STM32C092FCP6, STM32C092GBU6, STM32C092GCU6, STM32C092KBT6, STM32C092KBU6, STM32C092KCT6, STM32C092KCU6, STM32C092RBT6, STM32C092RCI6, STM32C092RCT6, STM32G071K8TXN, STM32G071K8UXN, STM32G081GBU6N, STM32G081KBT6N, STM32G081KBUXN, STM32G0B1CCT6N, STM32G0B1KCT6, STM32G0B1NEY6TR, STM32G0B1RCT6N, STM32G0C1CCT6, STM32G0C1CCT6N, STM32G0C1CCU6N, STM32G0C1CET6N, STM32G0C1CEU6N, STM32G0C1KCT6, STM32G0C1NEY6TR, STM32G0C1RCI6N, STM32G0C1RCT6N, STM32G0C1REI6N, STM32G0C1RET6N, STM32G0C1VCI6, STM32G0C1VEI6, STM32G411C6T3, STM32G411C6T6, STM32G411C6U3, STM32G411C6U6, STM32G411C8T3, STM32G411C8T6, STM32G411C8U3, STM32G411C8U6, STM32G411CBT3, STM32G411CBT6, STM32G411CBU3, STM32G411CBU6, STM32G411K6T3, STM32G411K6T6, STM32G411K6U3, STM32G411K6U6, STM32G411K8T3, STM32G411K8T6, STM32G411K8U3, STM32G411K8U6, STM32G411KBT3, STM32G411KBT6, STM32G411KBU3, STM32G411KBU6, STM32G411M6T3, STM32G411M6T6, STM32G411M8T3, STM32G411M8T6, STM32G411MBT3, STM32G411MBT6, STM32G411R6T3, STM32G411R6T6, STM32G411R8T3, STM32G411R8T6, STM32G411RBT3, STM32G411RBT6, STM32G414CBT3, STM32G414CBT6, STM32G414CBU3, STM32G414CBU6, STM32G414CCT3, STM32G414CCT6, STM32G414CCU3, STM32G414CCU6, STM32G414MBT3, STM32G414MBT6, STM32G414MCT3, STM32G414MCT6, STM32G414RBT3, STM32G414RBT6, STM32G414RCT3, STM32G414RCT6, STM32G414VBT3, STM32G414VBT6, STM32G414VCT3, STM32G414VCT6, STM32G431CBT3Z, STM32G431RBT3Z, STM32G471CCT6, STM32G471CCU6, STM32G471CET3, STM32G471CET6, STM32G471CEU3, STM32G471CEU6, STM32G471MCT6, STM32G471MET3, STM32G471MET6, STM32G471MEY6TR, STM32G471QCT6, STM32G471QET3, STM32G471RCT6, STM32G471RET3, STM32G471RET6, STM32G471VCH6, STM32G471VCI6, STM32G471VCT6, STM32G471VEH3, STM32G471VEH6, STM32G471VEI3, STM32G471VEI6, STM32G471VET3, STM32G471VET6, STM32G473QET3Z, STM32G473RET3Z, STM32G474CCT6, STM32G491RET3Z, STM32H503CBT6, STM32H503CBU6, STM32H503EBY6TR, STM32H503KBU6, STM32H503RBT6, STM32H523CCT6, STM32H523CCU6, STM32H523CET6, STM32H523CEU6, STM32H523HEY6TR, STM32H523RCT6, STM32H523RET6, STM32H523VCI6, STM32H523VCT6, STM32H523VEI6, STM32H523VET6, STM32H523ZCJ6, STM32H523ZCT6, STM32H523ZEJ6, STM32H523ZET6, STM32H533CET6, STM32H533CEU6, STM32H533HEY6TR, STM32H533RET6, STM32H533VEI6, STM32H533VET6, STM32H533ZEJ6, STM32H533ZET6, STM32H562AGI6, STM32H562AII6, STM32H562IGK6, STM32H562IGT6, STM32H562IIK6, STM32H562IIT6, STM32H562RGT6, STM32H562RGV6, STM32H562RIT6, STM32H562RIV6, STM32H562VGT6, STM32H562VIT6, STM32H562ZGT6, STM32H562ZIT6, STM32H563AGI6, STM32H563AII3Q, STM32H563AII6, STM32H563IGK6, STM32H563IGT6, STM32H563IIK3Q, STM32H563IIK6, STM32H563IIT3Q, STM32H563IIT6, STM32H563MIY3QTR, STM32H563RGT6, STM32H563RGV6, STM32H563RIT6, STM32H563RIV6, STM32H563VGT6, STM32H563VIT3Q, STM32H563VIT6, STM32H563ZGT6, STM32H563ZIT3Q, STM32H563ZIT6, STM32H573AII3Q, STM32H573AII6, STM32H573I-DK, STM32H573IIK3Q, STM32H573IIK6, STM32H573IIT3Q, STM32H573IIT6, STM32H573MIY3QTR, STM32H573RIT6, STM32H573RIV6, STM32H573VIT3Q, STM32H573VIT6, STM32H573ZIT3Q, STM32H573ZIT6, STM32H7R3A8I6, STM32H7R3I8K6, STM32H7R3I8T6, STM32H7R3L8H6, STM32H7R3L8H6H, STM32H7R3R8V6, STM32H7R3V8H6, STM32H7R3V8T6, STM32H7R3V8Y6TR, STM32H7R3Z8J6, STM32H7R3Z8T6, STM32H7R7A8I6, STM32H7R7I8K6, STM32H7R7I8T6, STM32H7R7L8H6, STM32H7R7L8H6H, STM32H7R7Z8J6, STM32H7S3A8I6, STM32H7S3I8K6, STM32H7S3I8T6, STM32H7S3L8H6, STM32H7S3L8H6H, STM32H7S3R8V6, STM32H7S3V8H6, STM32H7S3V8T6, STM32H7S3V8Y6TR, STM32H7S3Z8J6, STM32H7S3Z8T6, STM32H7S78-DK, STM32H7S7A8I6, STM32H7S7I8K6, STM32H7S7I8T6, STM32H7S7L8H6, STM32H7S7L8H6H, STM32H7S7Z8J6, STM32L4R5QGI6STR, STM32MP131AAE3, STM32MP131AAF3, STM32MP131AAG3, STM32MP131CAE3, STM32MP131CAF3, STM32MP131CAG3, STM32MP131DAE7, STM32MP131DAF7, STM32MP131DAG7, STM32MP131FAE7, STM32MP131FAF7, STM32MP131FAG7, STM32MP133AAE3, STM32MP133AAF3, STM32MP133AAG3, STM32MP133CAE3, STM32MP133CAF3, STM32MP133CAG3, STM32MP133DAE7, STM32MP133DAF7, STM32MP133DAG7, STM32MP133FAE7, STM32MP133FAF7, STM32MP133FAG7, STM32MP135AAE3, STM32MP135AAF3, STM32MP135AAG3, STM32MP135CAE3, STM32MP135CAF3, STM32MP135CAG3, STM32MP135DAE7, STM32MP135DAF7, STM32MP135DAG7, STM32MP135F-DK, STM32MP135FAE7, STM32MP135FAF7, STM32MP135FAF7T, STM32MP135FAF7U, STM32MP135FAG7, STM32MP211AAL3, STM32MP211AAM3, STM32MP211AAN3, STM32MP211AAO3, STM32MP211CAL3, STM32MP211CAM3, STM32MP211CAN3, STM32MP211CAO3, STM32MP211DAL3, STM32MP211DAM3, STM32MP211DAN3, STM32MP211DAO3, STM32MP211FAL3, STM32MP211FAM3, STM32MP211FAN3, STM32MP211FAO3, STM32MP213AAL3, STM32MP213AAM3, STM32MP213AAN3, STM32MP213AAO3, STM32MP213CAL3, STM32MP213CAM3, STM32MP213CAN3, STM32MP213CAO3, STM32MP213DAL3, STM32MP213DAM3, STM32MP213DAN3, STM32MP213DAO3, STM32MP213FAL3, STM32MP213FAM3, STM32MP213FAN3, STM32MP213FAO3, STM32MP215AAL3, STM32MP215AAM3, STM32MP215AAN3, STM32MP215AAO3, STM32MP215CAL3, STM32MP215CAM3, STM32MP215CAN3, STM32MP215CAO3, STM32MP215DAL3, STM32MP215DAM3, STM32MP215DAN3, STM32MP215DAO3, STM32MP215F-DK, STM32MP215FAL3, STM32MP215FAM3, STM32MP215FAN3, STM32MP215FAO3, STM32MP231AAJ3, STM32MP231AAK3, STM32MP231AAL3, STM32MP231CAJ3, STM32MP231CAK3, STM32MP231CAL3, STM32MP231DAJ3, STM32MP231DAK3, STM32MP231DAL3, STM32MP231FAJ3, STM32MP231FAK3, STM32MP231FAL3, STM32MP233AAJ3, STM32MP233AAK3, STM32MP233AAL3, STM32MP233CAJ3, STM32MP233CAK3, STM32MP233CAL3, STM32MP233DAJ3, STM32MP233DAK3, STM32MP233DAL3, STM32MP233FAJ3, STM32MP233FAK3, STM32MP233FAL3, STM32MP235AAJ3, STM32MP235AAK3, STM32MP235AAL3, STM32MP235CAJ3, STM32MP235CAK3, STM32MP235CAL3, STM32MP235DAJ3, STM32MP235DAK3, STM32MP235DAL3, STM32MP235FAJ3, STM32MP235FAK3, STM32MP235FAL3, STM32MP251AAI3, STM32MP251AAK3, STM32MP251AAL3, STM32MP251CAI3, STM32MP251CAK3, STM32MP251CAL3, STM32MP251DAI3, STM32MP251DAK3, STM32MP251DAL3, STM32MP251FAI3, STM32MP251FAK3, STM32MP251FAL3, STM32MP253AAI3, STM32MP253AAK3, STM32MP253AAL3, STM32MP253CAI3, STM32MP253CAK3, STM32MP253CAL3, STM32MP253DAI3, STM32MP253DAK3, STM32MP253DAL3, STM32MP253FAI3, STM32MP253FAK3, STM32MP253FAL3, STM32MP255AAI3, STM32MP255AAK3, STM32MP255AAL3, STM32MP255CAI3, STM32MP255CAK3, STM32MP255CAL3, STM32MP255DAI3, STM32MP255DAK3, STM32MP255DAL3, STM32MP255FAI3, STM32MP255FAK3, STM32MP255FAL3, STM32MP257AAI3, STM32MP257AAK3, STM32MP257AAL3, STM32MP257CAI3, STM32MP257CAK3, STM32MP257CAL3, STM32MP257DAI3, STM32MP257DAK3, STM32MP257DAL3, STM32MP257F-DK, STM32MP257F-EV1, STM32MP257FAI3, STM32MP257FAK3, STM32MP257FAL3, STM32N645A0H3Q, STM32N645B0H3Q, STM32N645I0H3Q, STM32N645L0H3Q, STM32N645X0H3Q, STM32N645Z0H3Q, STM32N647A0H3Q, STM32N647B0H3Q, STM32N647I0H3Q, STM32N647L0H3Q, STM32N647X0H3Q, STM32N647Z0H3Q, STM32N655A0H3Q, STM32N655B0H3Q, STM32N655I0H3Q, STM32N655L0H3Q, STM32N655X0H3Q, STM32N655Z0H3Q, STM32N6570-DK, STM32N657A0H3Q, STM32N657B0H3Q, STM32N657I0H3Q, STM32N657L0H3Q, STM32N657X0H3Q, STM32N657Z0H3Q, STM32U031C6T6, STM32U031C6U6, STM32U031C8T6, STM32U031C8U6, STM32U031F4P6, STM32U031F6P6, STM32U031F8P6, STM32U031G6Y6TR, STM32U031G8Y6TR, STM32U031K4U6, STM32U031K6U6, STM32U031K8U6, STM32U031R6I6, STM32U031R6T6, STM32U031R8I6, STM32U031R8T6, STM32U073C8T6, STM32U073C8U6, STM32U073CBT6, STM32U073CBU6, STM32U073CCT6, STM32U073CCU6, STM32U073H8Y6TR, STM32U073HBY6TR, STM32U073HCY6TR, STM32U073K8U6, STM32U073KBU6, STM32U073KCU6, STM32U073M8I6, STM32U073M8T6, STM32U073MBI6, STM32U073MBT6, STM32U073MCI6, STM32U073MCT6, STM32U073R8I6, STM32U073R8T6, STM32U073RBI6, STM32U073RBT6, STM32U073RCI6, STM32U073RCT6, STM32U083C-DK, STM32U083CCT6, STM32U083CCU6, STM32U083HCY6TR, STM32U083KCU6, STM32U083MCI6, STM32U083MCT6, STM32U083RCI6, STM32U083RCT6, STM32U375CET6, STM32U375CET6Q, STM32U375CEU6, STM32U375CEU6Q, STM32U375CEY6QTR, STM32U375CGT6, STM32U375CGT6Q, STM32U375CGU6, STM32U375CGU6Q, STM32U375CGY6QTR, STM32U375KEU6, STM32U375KGU6, STM32U375REI6, STM32U375REI6Q, STM32U375RET6, STM32U375RET6Q, STM32U375REY6GTR, STM32U375REY6QTR, STM32U375RGI6, STM32U375RGI6Q, STM32U375RGT6, STM32U375RGT6Q, STM32U375RGY6GTR, STM32U375RGY6QTR, STM32U375VEI6, STM32U375VEI6Q, STM32U375VET6, STM32U375VET6Q, STM32U375VGI6, STM32U375VGI6Q, STM32U375VGT6, STM32U375VGT6Q, STM32U385CGT6, STM32U385CGT6Q, STM32U385CGU6, STM32U385CGU6Q, STM32U385CGY6QTR, STM32U385KGU6, STM32U385RGI6, STM32U385RGI6Q, STM32U385RGT6, STM32U385RGT6Q, STM32U385RGY6GTR, STM32U385RGY6QTR, STM32U385VGI6, STM32U385VGI6Q, STM32U385VGT6, STM32U385VGT6Q, STM32U535CBT6, STM32U535CBT6Q, STM32U535CBU6, STM32U535CBU6Q, STM32U535CCT6, STM32U535CCT6Q, STM32U535CCU6, STM32U535CCU6Q, STM32U535CET6, STM32U535CET6Q, STM32U535CEU6, STM32U535CEU6Q, STM32U535JEY6QTR, STM32U535NCY6QTR, STM32U535NEY6QTR, STM32U535RBI6, STM32U535RBI6Q, STM32U535RBT6, STM32U535RBT6Q, STM32U535RCI6, STM32U535RCI6Q, STM32U535RCT6, STM32U535RCT6Q, STM32U535REI6, STM32U535REI6Q, STM32U535RET6, STM32U535RET6Q, STM32U535VCI6, STM32U535VCI6Q, STM32U535VCT6, STM32U535VCT6Q, STM32U535VEI6, STM32U535VEI6Q, STM32U535VET6, STM32U535VET6Q, STM32U545CET6, STM32U545CET6Q, STM32U545CEU6, STM32U545CEU6Q, STM32U545JEY6QTR, STM32U545NEY6QTR, STM32U545REI6, STM32U545REI6Q, STM32U545RET6, STM32U545RET6Q, STM32U545VEI6, STM32U545VEI6Q, STM32U545VET6, STM32U545VET6Q, STM32U595AIH6, STM32U595AIH6Q, STM32U595AJH6, STM32U595AJH6Q, STM32U595QII6, STM32U595QII6Q, STM32U595QJI6, STM32U595QJI6Q, STM32U595RIT6, STM32U595RIT6Q, STM32U595RJT6, STM32U595RJT6Q, STM32U595VIT6, STM32U595VIT6Q, STM32U595VJT6, STM32U595VJT6Q, STM32U595ZIT6, STM32U595ZIT6Q, STM32U595ZIY6QTR, STM32U595ZJT6, STM32U595ZJT6Q, STM32U595ZJY6QTR, STM32U599BJY6QTR, STM32U599NIH6Q, STM32U599NJH6Q, STM32U599VIT6Q, STM32U599VJT6, STM32U599VJT6Q, STM32U599ZIT6Q, STM32U599ZIY6QTR, STM32U599ZJT6Q, STM32U599ZJY6QTR, STM32U5A5AJH6, STM32U5A5AJH6Q, STM32U5A5QII3Q , STM32U5A5QJI6, STM32U5A5QJI6Q, STM32U5A5RJT6, STM32U5A5RJT6Q, STM32U5A5VJT6, STM32U5A5VJT6Q, STM32U5A5ZJT6, STM32U5A5ZJT6Q, STM32U5A5ZJY6QTR, STM32U5A9BJY6QTR, STM32U5A9J-DK, STM32U5A9NJH6Q, STM32U5A9VJT6Q, STM32U5A9ZJT6Q, STM32U5A9ZJY6QTR, STM32U5F7VIT6, STM32U5F7VIT6Q, STM32U5F7VJT6, STM32U5F7VJT6Q, STM32U5F9BJY6QTR, STM32U5F9NJH6Q, STM32U5F9VIT6Q, STM32U5F9VJT6Q, STM32U5F9ZIJ6QTR, STM32U5F9ZIT6Q, STM32U5F9ZJJ6QTR, STM32U5F9ZJT6Q, STM32U5G7VJT6, STM32U5G7VJT6Q, STM32U5G9BJY6QTR, STM32U5G9J-DK1, STM32U5G9J-DK2, STM32U5G9NJH6Q, STM32U5G9VJT6Q, STM32U5G9ZJJ6QTR, STM32U5G9ZJT6Q, STM32WB05KZV6TR, STM32WB05KZV7TR, STM32WB05TZF6TR, STM32WB05TZF7TR, STM32WB06CCF6TR, STM32WB06CCF7TR, STM32WB06CCV6TR, STM32WB06CCV7TR, STM32WB06KCV6TR, STM32WB06KCV7TR, STM32WB07CCF6TR, STM32WB07CCF7TR, STM32WB07CCV6TR, STM32WB07CCV7TR, STM32WB07KCV6TR, STM32WB07KCV7TR, STM32WB09KEV6TR, STM32WB09KEV7TR, STM32WB09TEF6TR, STM32WB09TEF7TR, STM32WB1MMCH6, STM32WBA50KGU6, STM32WBA50KGU6TR, STM32WBA52CEU6, STM32WBA52CEU6TR, STM32WBA52CEU7, STM32WBA52CEU7TR, STM32WBA52CGU6, STM32WBA52CGU6TR, STM32WBA52CGU6U, STM32WBA52CGU7, STM32WBA52CGU7TR, STM32WBA52KEU6, STM32WBA52KEU6TR, STM32WBA52KGU6, STM32WBA52KGU6TR, STM32WBA54CEU6, STM32WBA54CEU6TR, STM32WBA54CEU7, STM32WBA54CEU7TR, STM32WBA54CGU6, STM32WBA54CGU6TR, STM32WBA54CGU7, STM32WBA54CGU7TR, STM32WBA54KEU6, STM32WBA54KEU6TR, STM32WBA54KEU7, STM32WBA54KEU7TR, STM32WBA54KGU6, STM32WBA54KGU6TR, STM32WBA54KGU7, STM32WBA54KGU7TR, STM32WBA55CEU6, STM32WBA55CEU6TR, STM32WBA55CEU7, STM32WBA55CEU7TR, STM32WBA55CGU6, STM32WBA55CGU6TR, STM32WBA55CGU6U, STM32WBA55CGU7, STM32WBA55CGU7TR, STM32WBA55G-DK1, STM32WBA55HEF6, STM32WBA55HEF7, STM32WBA55HGF6, STM32WBA55HGF7, STM32WBA55UEI6, STM32WBA55UEI6TR, STM32WBA55UEI7, STM32WBA55UEI7TR, STM32WBA55UGI6, STM32WBA55UGI6TR, STM32WBA55UGI7, STM32WBA55UGI7TR, STM32WBA5MMGH6TR, STM32WBA62MGF6, STM32WBA62MIF6, STM32WBA65MGF7, STM32WBA65MIF6, STM32WBA65MIF7, STM32WL30K8V6, STM32WL30KBV6, STM32WL31C8V6, STM32WL31CBV6, STM32WL31K8V6, STM32WL31KBV6, STM32WL33C8V6, STM32WL33C8V6X, STM32WL33CBV6, STM32WL33CBV6X, STM32WL33CCV6, STM32WL33CCV6A, STM32WL33CCV6X, STM32WL33K8V7, STM32WL33K8V7X, STM32WL33KBV7 , STM32WL33KBV7X, STM32WL33KCV7, STM32WL33KCV7X, STM32WL5MOCH6, STM32WL5MOCH6TR]
2025-10-15 09:46:29,818 [INFO] BoardInfo:889 - No configuration file found for board P-NUCLEO-WB55
2025-10-15 09:46:29,820 [INFO] DbBoards:161 - Kit is not supported: P-NUCLEO-WB55
2025-10-15 09:46:29,828 [INFO] BoardInfo:889 - No configuration file found for board STEVAL-BFA001V1B
2025-10-15 09:46:29,830 [INFO] DbBoards:161 - Kit is not supported: STEVAL-BFA001V1B
2025-10-15 09:46:29,832 [INFO] BoardInfo:889 - No configuration file found for board STEVAL-BFA001V2B
2025-10-15 09:46:29,833 [INFO] DbBoards:161 - Kit is not supported: STEVAL-BFA001V2B
2025-10-15 09:46:30,017 [INFO] DbBoards:168 - Found 212 boards, 209 are supported
2025-10-15 09:46:30,017 [INFO] DbBoards:169 - Found 212 boards, 43 of them is supported for  Bsp
2025-10-15 09:46:30,019 [INFO] ApiDb:423 - Load user favorites file C:\Users\Miloush/.stm32cubeide/favorites.boards.txt: 0 item(s)
2025-10-15 09:46:30,019 [INFO] ApiDb:427 - User favorites Boards=[]
2025-10-15 09:46:30,019 [INFO] DbBoards:198 - Set 0 / 0 favorites Boards
2025-10-15 09:46:30,020 [INFO] McuFinderGlobals:76 - Set McuFinderConnectedMode to true
2025-10-15 09:46:30,026 [INFO] MultiScanPanel:200 - Auto-refresh data requested => check proxy status ongoing
2025-10-15 09:46:30,028 [INFO] FinderPluginLoader:96 - Searching for filters in installed packs
2025-10-15 09:46:31,022 [INFO] LoadUrlFilesThread:185 - End of LoadServerUrlFiles without Thread
2025-10-15 09:46:31,031 [INFO] DetailPanel:341 - Set advertising image to C:/Users/Miloush/STM32Cube/Repository/\en.mcu-finder-stm32n6dk.jpg
2025-10-15 09:46:52,371 [INFO] MultiScanPanel:200 - Auto-refresh data requested => check proxy status ongoing
2025-10-15 09:46:52,446 [INFO] LoadUrlFilesThread:185 - End of LoadServerUrlFiles without Thread
2025-10-15 09:46:52,446 [INFO] DetailPanel:341 - Set advertising image to C:/Users/Miloush/STM32Cube/Repository/\en.mcu-finder-stm32n6dk.jpg
2025-10-15 09:46:52,455 [INFO] DbBoards:642 - Loading board mini-images...
2025-10-15 09:46:53,790 [ERROR] DbBoards:659 - Image file not found for board STM32MP215F-DK: C:\Users\Miloush\.stmcufinder\plugins\mcufinder//mcu//boards_images/STM32MP215F-DK.jpg
2025-10-15 09:46:53,977 [INFO] DbBoards:665 - Loaded 211 board mini-images
2025-10-15 09:47:15,800 [INFO] MainUpdater:2872 - connection check result : 10
2025-10-15 09:47:15,800 [INFO] MainUpdater:2872 - connection check result : 10
2025-10-15 09:47:15,818 [INFO] MicroXplorer:468 - Change Database Path : 
2025-10-15 09:47:15,818 [INFO] MicroXplorer:498 - Change Database Version : DB.6.0.150
2025-10-15 09:47:15,823 [WARN] ThirdParty:871 - waiting for thirdparty lock release [close project]
2025-10-15 09:47:15,823 [INFO] ThirdParty:873 - entering critical section [close project]
2025-10-15 09:47:15,824 [INFO] ThirdParty:883 - exiting critical section [close project]
2025-10-15 09:47:15,825 [INFO] PinOutPanel:1589 - setPackage(No Configuration,No Configuration)
2025-10-15 09:47:15,826 [INFO] UtilMem:75 - Begin LoadConfig() Used Memory: 437746400 Bytes (870318080)
2025-10-15 09:47:15,837 [INFO] MicroXplorer:468 - Change Database Path : 
2025-10-15 09:47:15,837 [INFO] MicroXplorer:498 - Change Database Version : DB.6.0.150
2025-10-15 09:47:15,837 [INFO] OpenFileManager:355 - Change cursor
2025-10-15 09:47:15,916 [INFO] Mcu:2029 - Initializing MCU STM32G431R(6-8-B)Tx STM32G431RBTx STM32G431RBT6
2025-10-15 09:47:18,486 [INFO] Context:786 - Trying to add GPIOservice into a context  which must be forbidden
2025-10-15 09:47:18,955 [INFO] Rule:233 - rule Adapt Old IOC before rework replace old CORTEX_M33/CORTEX_M55 attributes by the new one. is applicable
2025-10-15 09:47:18,955 [INFO] Rule:233 - rule Rename parametre of RCC RCC_APBDBG_DIV2 to RCC_TIMPRES_DIV2 is applicable
2025-10-15 09:47:18,955 [INFO] Rule:233 - rule Rename DIE493 pin PA10 [PA12] -> PA10 is applicable
2025-10-15 09:47:18,955 [INFO] Rule:233 - rule Rename DIE493 pin PA9 [PA11] -> PA9 is applicable
2025-10-15 09:47:18,955 [INFO] Rule:233 - rule Rename DIE492 PartNumber CPN STM32WBA5MJGHx -> STM32WBA5MMGHx is applicable
2025-10-15 09:47:18,955 [INFO] Rule:233 - rule Rename DIE492 PartNumber  Name STM32WBA5MJGHx -> STM32WBA5MMGHx is applicable
2025-10-15 09:47:18,955 [INFO] Rule:233 - rule Rename DIE492 PartNumber UserName STM32WBA5MJGHx -> STM32WBA5MMGHx is applicable
2025-10-15 09:47:18,955 [INFO] Rule:233 - rule Rename DIE492 PartNumber DeviceId STM32WBA5MJGHx -> STM32WBA5MMGHx is applicable
2025-10-15 09:47:18,955 [INFO] Rule:233 - rule Adapt Old IOC CSI. is applicable
2025-10-15 09:47:18,955 [INFO] Rule:233 - rule Adapt Old IOC DCMIPP. is applicable
2025-10-15 09:47:18,955 [INFO] Rule:233 - rule Adapt Old IOC DCMIPP Mode Parallel. is applicable
2025-10-15 09:47:18,955 [INFO] Rule:233 - rule Adapt Old IOC LTDC. is applicable
2025-10-15 09:47:18,955 [INFO] Rule:233 - rule Rename STM32MP2 RIF Peripheral LTDC RIF.RISUP.LTDC_L0L1.Privilege -> RIF.RISUP.LTDC_L1L2.Privilege is applicable
2025-10-15 09:47:18,956 [INFO] Rule:233 - rule Rename STM32MP2 RIF Peripheral LTDC RIF.RISUP.LTDC_L0L1.Privilege -> RIF.RISUP.LTDC_L1L2.Privilege is applicable
2025-10-15 09:47:18,956 [INFO] Rule:233 - rule Rename STM32MP2 RIF Peripheral LTDC RIF.RISUP.LTDC_L0L1.Lock -> RIF.RISUP.LTDC_L1L2.Lock is applicable
2025-10-15 09:47:18,956 [INFO] Rule:233 - rule Rename STM32MP2 RIF Peripheral LTDC RIF.RISUP.LTDC_L2.Lock -> RIF.RISUP.LTDC_L3.Lock is applicable
2025-10-15 09:47:18,956 [INFO] Rule:233 - rule Adapt the old IOC example for updating the SYS when it is misconfigured. is applicable
2025-10-15 09:47:18,956 [INFO] Rule:233 - rule Rename STM32C09 Mcu.Package LQFP64 -> LQFP48 is applicable
2025-10-15 09:47:18,956 [INFO] Rule:233 - rule Adapt the old IOC example for updating the SYS when it is misconfigured. is applicable
2025-10-15 09:47:18,956 [INFO] Rule:233 - rule Adapt the old IOC example for updating the SYS when it is misconfigured. is applicable
2025-10-15 09:47:18,959 [INFO] DbConfProperties:307 - Apply Compatibility (4/20 Rules)
2025-10-15 09:47:19,036 [INFO] ApiDbMcu:532 - Load IP Config File for NUCLEO-G431RB
2025-10-15 09:47:19,107 [INFO] ImportTextPane:234 - (OptionalMessage_ERROR) Pin13 (VP_RIF_VS_RIF1) cannot be retrieved for this MCU
2025-10-15 09:47:19,107 [INFO] ImportTextPane:234 - (OptionalMessage_ERROR) Unknown IP (CORTEX_M4)
2025-10-15 09:47:19,293 [INFO] RtosManager:558 - Registered RTOS mode: class=CMSIS, group=RTOS, mode=CMSIS_V1, owner=FREERTOS
2025-10-15 09:47:19,293 [INFO] RtosManager:558 - Registered RTOS mode: class=CMSIS, group=RTOS2, mode=CMSIS_V2, owner=FREERTOS
2025-10-15 09:47:19,293 [INFO] RtosManager:558 - Registered RTOS mode: class=RTOS, group=Core, mode=CMSIS_V1, owner=FREERTOS
2025-10-15 09:47:19,293 [INFO] RtosManager:558 - Registered RTOS mode: class=RTOS, group=Core, mode=CMSIS_V2, owner=FREERTOS
2025-10-15 09:47:19,294 [WARN] ModelIntegratedComponent:184 - Missing modes for component STMicroelectronics:FreeRTOS:0.0.1:STMicroelectronics:RTOS:FreeRTOS:Core:::10.2.0:
2025-10-15 09:47:19,300 [WARN] ModelIntegratedComponent:63 - No mode defined for component null
2025-10-15 09:47:19,300 [WARN] ModelIntegratedComponent:63 - No mode defined for component null
2025-10-15 09:47:19,300 [WARN] ModelIntegratedComponent:63 - No mode defined for component null
2025-10-15 09:47:19,300 [WARN] ModelIntegratedComponent:63 - No mode defined for component null
2025-10-15 09:47:19,300 [WARN] ModelIntegratedComponent:63 - No mode defined for component null
2025-10-15 09:47:19,300 [WARN] ModelIntegratedComponent:63 - No mode defined for component null
2025-10-15 09:47:19,300 [WARN] ModelIntegratedComponent:63 - No mode defined for component null
2025-10-15 09:47:19,300 [WARN] ModelIntegratedComponent:63 - No mode defined for component null
2025-10-15 09:47:19,300 [WARN] ModelIntegratedComponent:63 - No mode defined for component null
2025-10-15 09:47:19,300 [WARN] ModelIntegratedComponent:63 - No mode defined for component null
2025-10-15 09:47:19,300 [WARN] ModelIntegratedComponent:63 - No mode defined for component null
2025-10-15 09:47:19,300 [WARN] ModelIntegratedComponent:63 - No mode defined for component null
2025-10-15 09:47:19,300 [WARN] ModelIntegratedComponent:63 - No mode defined for component null
2025-10-15 09:47:19,301 [WARN] ModelIntegratedComponent:63 - No mode defined for component null
2025-10-15 09:47:19,301 [WARN] ModelIntegratedComponent:63 - No mode defined for component null
2025-10-15 09:47:19,301 [WARN] ModelIntegratedComponent:63 - No mode defined for component null
2025-10-15 09:47:19,301 [WARN] ModelIntegratedComponent:63 - No mode defined for component null
2025-10-15 09:47:19,301 [WARN] ModelIntegratedComponent:63 - No mode defined for component null
2025-10-15 09:47:19,301 [WARN] ModelIntegratedComponent:63 - No mode defined for component null
2025-10-15 09:47:19,301 [WARN] ModelIntegratedComponent:63 - No mode defined for component null
2025-10-15 09:47:19,301 [WARN] ModelIntegratedComponent:63 - No mode defined for component null
2025-10-15 09:47:19,301 [WARN] ModelIntegratedComponent:63 - No mode defined for component null
2025-10-15 09:47:19,301 [WARN] ModelIntegratedComponent:63 - No mode defined for component null
2025-10-15 09:47:19,301 [WARN] ModelIntegratedComponent:63 - No mode defined for component null
2025-10-15 09:47:19,301 [WARN] ModelIntegratedComponent:63 - No mode defined for component null
2025-10-15 09:47:19,301 [WARN] ModelIntegratedComponent:63 - No mode defined for component null
2025-10-15 09:47:19,301 [WARN] ModelIntegratedComponent:63 - No mode defined for component null
2025-10-15 09:47:19,301 [WARN] ModelIntegratedComponent:63 - No mode defined for component null
2025-10-15 09:47:19,301 [WARN] ModelIntegratedComponent:63 - No mode defined for component null
2025-10-15 09:47:19,301 [WARN] ModelIntegratedComponent:63 - No mode defined for component null
2025-10-15 09:47:19,301 [WARN] ModelIntegratedComponent:63 - No mode defined for component null
2025-10-15 09:47:19,301 [WARN] ModelIntegratedComponent:63 - No mode defined for component null
2025-10-15 09:47:19,301 [WARN] ModelIntegratedComponent:63 - No mode defined for component null
2025-10-15 09:47:19,301 [WARN] ModelIntegratedComponent:63 - No mode defined for component null
2025-10-15 09:47:19,301 [WARN] ModelIntegratedComponent:63 - No mode defined for component null
2025-10-15 09:47:19,301 [WARN] ModelPack:524 - Component already loaded: STMicroelectronics:HAL Drivers:0.0.0:STMicroelectronics:Device:STMicro_Driver:XSPI:HAL::0.0.1:HAL_XSPI
2025-10-15 09:47:19,509 [INFO] ThirdPartyModel:298 - Start build external matchings
2025-10-15 09:47:21,173 [INFO] ThirdPartyModel:316 - End build external matchings
2025-10-15 09:47:21,459 [INFO] UtilMem:75 - End LoadConfig() Used Memory: 489451016 Bytes (870318080)
2025-10-15 09:47:25,839 [INFO] BspBoardWizard:580 - Analytics plugin initialized with success
2025-10-15 09:47:25,841 [INFO] BspBoardWizard:580 - Analytics plugin initialized with success
2025-10-15 09:47:25,843 [INFO] BspBoardWizard:580 - Analytics plugin initialized with success
2025-10-15 09:47:25,928 [WARN] ThirdParty:833 - waiting for thirdparty lock release [change project]
2025-10-15 09:47:25,928 [INFO] ThirdParty:835 - entering critical section [change project]
2025-10-15 09:47:25,928 [INFO] ThirdParty:1030 - CMSIS Pack Vendor :STMicroelectronics X-CUBE-PM33A1 1.0.0
2025-10-15 09:47:25,928 [INFO] ThirdParty:1030 - CMSIS Pack Vendor :STMicroelectronics USBPD 4.1
2025-10-15 09:47:25,928 [INFO] ThirdParty:1030 - CMSIS Pack Vendor :STMicroelectronics USB_HOST 2.0.0
2025-10-15 09:47:25,928 [INFO] ThirdParty:1030 - CMSIS Pack Vendor :STMicroelectronics FP-SNS-MOTENVWB1 1.4.0
2025-10-15 09:47:25,928 [INFO] ThirdParty:1030 - CMSIS Pack Vendor :STMicroelectronics X-CUBE-AZRTOS-F4 1.1.0
2025-10-15 09:47:25,928 [INFO] ThirdParty:1030 - CMSIS Pack Vendor :STMicroelectronics LIBJPEG 8.0.0
2025-10-15 09:47:25,928 [INFO] ThirdParty:1030 - CMSIS Pack Vendor :STMicroelectronics FP-ATR-ASTRA1 2.0.2
2025-10-15 09:47:25,929 [INFO] ThirdParty:1030 - CMSIS Pack Vendor :STMicroelectronics FP-ATR-ASTRA1 2.0.1
2025-10-15 09:47:25,929 [INFO] ThirdParty:1030 - CMSIS Pack Vendor :Avnet-IotConnect X-CUBE-IoTC-DA16k-PMOD 1.0.0
2025-10-15 09:47:25,929 [INFO] ThirdParty:1030 - CMSIS Pack Vendor :STMicroelectronics X-CUBE-SMBUS 2.1.0
2025-10-15 09:47:25,929 [INFO] ThirdParty:1030 - CMSIS Pack Vendor :STMicroelectronics X-CUBE-WB05N 1.1.0
2025-10-15 09:47:25,929 [INFO] ThirdParty:1030 - CMSIS Pack Vendor :STMicroelectronics X-CUBE-ISPU 2.1.0
2025-10-15 09:47:25,929 [INFO] ThirdParty:1030 - CMSIS Pack Vendor :STMicroelectronics X-CUBE-IPS 3.2.0
2025-10-15 09:47:25,929 [INFO] ThirdParty:1030 - CMSIS Pack Vendor :STMicroelectronics X-CUBE-FREERTOS 1.2.0
2025-10-15 09:47:25,929 [INFO] ThirdParty:1030 - CMSIS Pack Vendor :STMicroelectronics X-CUBE-ST60 1.0.0
2025-10-15 09:47:25,929 [INFO] ThirdParty:1030 - CMSIS Pack Vendor :STMicroelectronics X-CUBE-NFC12 1.0.0
2025-10-15 09:47:25,929 [INFO] ThirdParty:1030 - CMSIS Pack Vendor :STMicroelectronics X-CUBE-AZRTOS-F7 1.1.0
2025-10-15 09:47:25,929 [INFO] ThirdParty:1030 - CMSIS Pack Vendor :STMicroelectronics X-CUBE-AZRTOS-L5 2.0.0
2025-10-15 09:47:25,929 [INFO] ThirdParty:1030 - CMSIS Pack Vendor :STMicroelectronics USB_DEVICE 2.0.0
2025-10-15 09:47:25,929 [INFO] ThirdParty:1030 - CMSIS Pack Vendor :STMicroelectronics X-CUBE-NFC6 3.1.0
2025-10-15 09:47:25,929 [INFO] ThirdParty:1030 - CMSIS Pack Vendor :STMicroelectronics X-CUBE-MEMS1 11.0.0
2025-10-15 09:47:25,929 [INFO] ThirdParty:1030 - CMSIS Pack Vendor :STMicroelectronics FreeRTOS 0.0.1
2025-10-15 09:47:25,929 [INFO] ThirdParty:1030 - CMSIS Pack Vendor :STMicroelectronics X-CUBE-DPower 1.2.0
2025-10-15 09:47:25,929 [INFO] ThirdParty:1030 - CMSIS Pack Vendor :STMicroelectronics FP-SNS-FLIGHT1 5.0.2
2025-10-15 09:47:25,929 [INFO] ThirdParty:1030 - CMSIS Pack Vendor :STMicroelectronics PDM2PCM 3.3.0
2025-10-15 09:47:25,929 [INFO] ThirdParty:1030 - CMSIS Pack Vendor :STMicroelectronics X-CUBE-AZRTOS-H7 3.4.0
2025-10-15 09:47:25,929 [INFO] ThirdParty:1030 - CMSIS Pack Vendor :STMicroelectronics X-CUBE-DISPLAY 3.0.0
2025-10-15 09:47:25,929 [INFO] ThirdParty:1030 - CMSIS Pack Vendor :STMicroelectronics X-CUBE-BLE1 7.0.0
2025-10-15 09:47:25,929 [INFO] ThirdParty:1030 - CMSIS Pack Vendor :STMicroelectronics X-CUBE-NFC10 1.0.0
2025-10-15 09:47:25,929 [INFO] ThirdParty:1030 - CMSIS Pack Vendor :STMicroelectronics X-CUBE-BLEMGR 4.0.0
2025-10-15 09:47:25,929 [INFO] ThirdParty:1030 - CMSIS Pack Vendor :STMicroelectronics X-CUBE-FREERTOS 1.3.1
2025-10-15 09:47:25,929 [INFO] ThirdParty:1030 - CMSIS Pack Vendor :STMicroelectronics HAL Drivers 0.0.0
2025-10-15 09:47:25,929 [INFO] ThirdParty:1030 - CMSIS Pack Vendor :emotas I-CUBE-CANOPEN 1.3.0
2025-10-15 09:47:25,929 [INFO] ThirdParty:1030 - CMSIS Pack Vendor :STMicroelectronics X-CUBE-FREERTOS 1.3.0
2025-10-15 09:47:25,929 [INFO] ThirdParty:1030 - CMSIS Pack Vendor :STMicroelectronics X-CUBE-NFC7 1.0.1
2025-10-15 09:47:25,929 [INFO] ThirdParty:1030 - CMSIS Pack Vendor :STMicroelectronics MBEDTLS 2.14.1
2025-10-15 09:47:25,929 [INFO] ThirdParty:1030 - CMSIS Pack Vendor :STMicroelectronics X-CUBE-TOUCHGFX 4.26.0
2025-10-15 09:47:25,930 [INFO] ThirdParty:1030 - CMSIS Pack Vendor :STMicroelectronics X-CUBE-BLEMGR 3.1.0
2025-10-15 09:47:25,930 [INFO] ThirdParty:1030 - CMSIS Pack Vendor :STMicroelectronics X-CUBE-AI 10.0.0
2025-10-15 09:47:25,930 [INFO] ThirdParty:1030 - CMSIS Pack Vendor :STMicroelectronics FP-SNS-STBOX1 2.1.0
2025-10-15 09:47:25,930 [INFO] ThirdParty:1030 - CMSIS Pack Vendor :STMicroelectronics FP-SNS-STAIOTCFT 1.0.0
2025-10-15 09:47:25,930 [INFO] ThirdParty:1030 - CMSIS Pack Vendor :STMicroelectronics FP-SNS-SMARTAG2 1.2.0
2025-10-15 09:47:25,930 [INFO] ThirdParty:1030 - CMSIS Pack Vendor :STMicroelectronics FP-SNS-FLIGHT1 5.1.0
2025-10-15 09:47:25,930 [INFO] ThirdParty:1030 - CMSIS Pack Vendor :STMicroelectronics X-CUBE-MEMS1 11.1.0
2025-10-15 09:47:25,930 [INFO] ThirdParty:1030 - CMSIS Pack Vendor :STMicroelectronics X-CUBE-AZRTOS-WL 2.0.0
2025-10-15 09:47:25,930 [INFO] ThirdParty:1030 - CMSIS Pack Vendor :STMicroelectronics X-CUBE-DPower 1.3.0
2025-10-15 09:47:25,930 [INFO] ThirdParty:1030 - CMSIS Pack Vendor :STMicroelectronics FP-SNS-MOTENV1 5.0.0
2025-10-15 09:47:25,930 [INFO] ThirdParty:1030 - CMSIS Pack Vendor :STMicroelectronics USB_DEVICE 1.0.0
2025-10-15 09:47:25,930 [INFO] ThirdParty:1030 - CMSIS Pack Vendor :wolfSSL I-CUBE-wolfMQTT 1.19.0
2025-10-15 09:47:25,930 [INFO] ThirdParty:1030 - CMSIS Pack Vendor :STMicroelectronics X-CUBE-AZRTOS-L4 2.0.0
2025-10-15 09:47:25,930 [INFO] ThirdParty:1030 - CMSIS Pack Vendor :STMicroelectronics ThreadX 0.0.2
2025-10-15 09:47:25,930 [INFO] ThirdParty:1030 - CMSIS Pack Vendor :WES I-CUBE-Cesium 1.3.0
2025-10-15 09:47:25,930 [INFO] ThirdParty:1030 - CMSIS Pack Vendor :STMicroelectronics lwIP 2.1.2
2025-10-15 09:47:25,930 [INFO] ThirdParty:1030 - CMSIS Pack Vendor :STMicroelectronics X-CUBE-SFXS2LP1 4.0.0
2025-10-15 09:47:25,930 [INFO] ThirdParty:1030 - CMSIS Pack Vendor :STMicroelectronics X-CUBE-BLE2 3.3.0
2025-10-15 09:47:25,930 [INFO] ThirdParty:1030 - CMSIS Pack Vendor :STMicroelectronics PDM2PCM 3.2.0
2025-10-15 09:47:25,930 [INFO] ThirdParty:1030 - CMSIS Pack Vendor :STMicroelectronics X-CUBE-AZRTOS-H7 3.3.0
2025-10-15 09:47:25,930 [INFO] ThirdParty:1030 - CMSIS Pack Vendor :STMicroelectronics X-CUBE-NFC9 1.0.0
2025-10-15 09:47:25,931 [INFO] ThirdParty:1030 - CMSIS Pack Vendor :STMicroelectronics X-CUBE-BLE1 7.1.0
2025-10-15 09:47:25,931 [INFO] ThirdParty:1030 - CMSIS Pack Vendor :STMicroelectronics USB_DEVICE 3.0.0
2025-10-15 09:47:25,931 [INFO] ThirdParty:1030 - CMSIS Pack Vendor :STMicroelectronics X-CUBE-TCPP 4.1.0
2025-10-15 09:47:25,931 [INFO] ThirdParty:1030 - CMSIS Pack Vendor :STMicroelectronics X-CUBE-EEPRMA1 5.2.0
2025-10-15 09:47:25,931 [INFO] ThirdParty:1030 - CMSIS Pack Vendor :STMicroelectronics X-CUBE-BLEMGR 4.1.0
2025-10-15 09:47:25,931 [INFO] ThirdParty:1030 - CMSIS Pack Vendor :STMicroelectronics X-CUBE-IPS 3.0.0
2025-10-15 09:47:25,931 [INFO] ThirdParty:1030 - CMSIS Pack Vendor :STMicroelectronics X-CUBE-AZRTOS-WB 2.0.0
2025-10-15 09:47:25,931 [INFO] ThirdParty:1030 - CMSIS Pack Vendor :STMicroelectronics X-CUBE-GNSS1 7.0.0
2025-10-15 09:47:25,931 [INFO] ThirdParty:1030 - CMSIS Pack Vendor :STMicroelectronics X-CUBE-GNSS1 7.0.1
2025-10-15 09:47:25,931 [INFO] ThirdParty:1030 - CMSIS Pack Vendor :STMicroelectronics X-CUBE-TOUCHGFX 4.25.0
2025-10-15 09:47:25,931 [INFO] ThirdParty:1030 - CMSIS Pack Vendor :STMicroelectronics X-CUBE-ST67W61 1.1.0
2025-10-15 09:47:25,931 [INFO] ThirdParty:1030 - CMSIS Pack Vendor :STMicroelectronics X-CUBE-AI 10.1.0
2025-10-15 09:47:25,931 [INFO] ThirdParty:1030 - CMSIS Pack Vendor :STMicroelectronics FP-SNS-STBOX1 2.0.0
2025-10-15 09:47:25,931 [INFO] ThirdParty:1030 - CMSIS Pack Vendor :STMicroelectronics X-CUBE-MEMS1 11.2.0
2025-10-15 09:47:25,931 [INFO] ThirdParty:1030 - CMSIS Pack Vendor :STMicroelectronics X-CUBE-AZRTOS-G0 1.1.0
2025-10-15 09:47:25,931 [INFO] ThirdParty:1030 - CMSIS Pack Vendor :STMicroelectronics X-CUBE-SAFEA1 1.2.2
2025-10-15 09:47:25,932 [INFO] ThirdParty:1030 - CMSIS Pack Vendor :STMicroelectronics X-CUBE-NFC4 3.0.0
2025-10-15 09:47:25,932 [INFO] ThirdParty:1030 - CMSIS Pack Vendor :STMicroelectronics X-CUBE-SUBG2 5.0.0
2025-10-15 09:47:25,932 [INFO] ThirdParty:1030 - CMSIS Pack Vendor :STMicroelectronics X-CUBE-AZRTOS-H7RS 1.1.0
2025-10-15 09:47:25,932 [INFO] ThirdParty:1030 - CMSIS Pack Vendor :STMicroelectronics STM32_WPAN 1.0.0
2025-10-15 09:47:25,932 [INFO] ThirdParty:1030 - CMSIS Pack Vendor :EmbeddedOffice I-CUBE-FS-RTOS 1.0.1
2025-10-15 09:47:25,932 [INFO] ThirdParty:1030 - CMSIS Pack Vendor :STMicroelectronics lwIP 2.0.3
2025-10-15 09:47:25,932 [INFO] ThirdParty:1030 - CMSIS Pack Vendor :Cesanta I-CUBE-Mongoose 7.13.0
2025-10-15 09:47:25,932 [INFO] ThirdParty:1030 - CMSIS Pack Vendor :STMicroelectronics USB_HOST 1.0.0
2025-10-15 09:47:25,932 [INFO] ThirdParty:1030 - CMSIS Pack Vendor :STMicroelectronics X-CUBE-AZRTOS-G4 2.0.0
2025-10-15 09:47:25,932 [INFO] ThirdParty:1030 - CMSIS Pack Vendor :STMicroelectronics X-CUBE-WB05N 2.0.0
2025-10-15 09:47:25,932 [INFO] ThirdParty:1030 - CMSIS Pack Vendor :STMicroelectronics PDM2PCM 3.1.0
2025-10-15 09:47:25,932 [INFO] ThirdParty:1030 - CMSIS Pack Vendor :STMicroelectronics X-CUBE-NFC7 2.0.0
2025-10-15 09:47:25,932 [INFO] ThirdParty:1030 - CMSIS Pack Vendor :STMicroelectronics X-CUBE-TCPP 4.2.0
2025-10-15 09:47:25,932 [INFO] ThirdParty:1030 - CMSIS Pack Vendor :RealThread X-CUBE-RT-Thread_Nano 4.1.1
2025-10-15 09:47:25,932 [INFO] ThirdParty:1030 - CMSIS Pack Vendor :STMicroelectronics FP-ATR-SIGFOX1 3.2.0
2025-10-15 09:47:25,932 [INFO] ThirdParty:1030 - CMSIS Pack Vendor :wolfSSL I-CUBE-wolfSSL 5.7.2
2025-10-15 09:47:25,932 [INFO] ThirdParty:1030 - CMSIS Pack Vendor :quantropi X-CUBE-qispace-sdk-base 1.9.3
2025-10-15 09:47:25,932 [INFO] ThirdParty:1030 - CMSIS Pack Vendor :STMicroelectronics X-CUBE-EEPRMA1 5.1.0
2025-10-15 09:47:25,932 [INFO] ThirdParty:1030 - CMSIS Pack Vendor :STMicroelectronics MBEDTLS 2.16.2
2025-10-15 09:47:25,932 [INFO] ThirdParty:1030 - CMSIS Pack Vendor :STMicroelectronics X-CUBE-IPS 3.1.0
2025-10-15 09:47:25,932 [INFO] ThirdParty:1030 - CMSIS Pack Vendor :STMicroelectronics X-CUBE-ALS 1.0.2
2025-10-15 09:47:25,932 [INFO] ThirdParty:1030 - CMSIS Pack Vendor :ITTIA_DB I-CUBE-ITTIADB 8.9.0
2025-10-15 09:47:25,932 [INFO] ThirdParty:1030 - CMSIS Pack Vendor :STMicroelectronics X-CUBE-TOUCHGFX 4.24.2
2025-10-15 09:47:25,932 [INFO] ThirdParty:1030 - CMSIS Pack Vendor :STMicroelectronics X-CUBE-TOUCHGFX 4.24.1
2025-10-15 09:47:25,932 [INFO] ThirdParty:1030 - CMSIS Pack Vendor :STMicroelectronics X-CUBE-STSE01 1.0.0
2025-10-15 09:47:25,932 [INFO] ThirdParty:1030 - CMSIS Pack Vendor :wolfSSL I-CUBE-wolfTPM 3.4.0
2025-10-15 09:47:25,932 [INFO] ThirdParty:1030 - CMSIS Pack Vendor :portGmbH I-Cube-SoM-uGOAL 1.1.0
2025-10-15 09:47:25,932 [INFO] ThirdParty:1030 - CMSIS Pack Vendor :STMicroelectronics X-CUBE-ST67W61 1.0.0
2025-10-15 09:47:25,932 [INFO] ThirdParty:1030 - CMSIS Pack Vendor :STMicroelectronics X-CUBE-AI 10.2.0
2025-10-15 09:47:25,933 [INFO] ThirdParty:1030 - CMSIS Pack Vendor :STMicroelectronics ThreadX 1.0.0
2025-10-15 09:47:25,933 [INFO] ThirdParty:1030 - CMSIS Pack Vendor :SEGGER I-CUBE-embOS 1.3.1
2025-10-15 09:47:25,933 [INFO] ThirdParty:1030 - CMSIS Pack Vendor :STMicroelectronics X-CUBE-ALGOBUILD 1.4.0
2025-10-15 09:47:25,933 [INFO] ThirdParty:1030 - CMSIS Pack Vendor :STMicroelectronics X-CUBE-MEMS1 11.3.0
2025-10-15 09:47:25,933 [INFO] ThirdParty:1030 - CMSIS Pack Vendor :STMicroelectronics X-CUBE-AZRTOS-H7RS 1.0.0
2025-10-15 09:47:25,933 [INFO] ThirdParty:1030 - CMSIS Pack Vendor :STMicroelectronics FP-ATR-ASTRA1 2.0.0
2025-10-15 09:47:25,933 [INFO] ThirdParty:1030 - CMSIS Pack Vendor :STMicroelectronics X-CUBE-TOF1 3.4.2
2025-10-15 09:47:25,933 [INFO] ThirdParty:1030 - CMSIS Pack Vendor :STMicroelectronics X-CUBE-TOF1 3.4.3
2025-10-15 09:47:25,933 [INFO] ThirdParty:1030 - CMSIS Pack Vendor :STMicroelectronics X-CUBE-AI 9.1.0
2025-10-15 09:47:25,933 [INFO] ThirdParty:1030 - CMSIS Pack Vendor :Infineon AIROC-Wi-Fi-Bluetooth-STM32 1.6.1
2025-10-15 09:47:25,933 [INFO] ThirdParty:1030 - CMSIS Pack Vendor :wolfSSL I-CUBE-wolfSSH 1.4.17
2025-10-15 09:47:25,933 [INFO] ThirdParty:841 - exiting critical section [change project]
2025-10-15 09:47:26,218 [INFO] PinOutPanel:1589 - setPackage(No Configuration,No Configuration)
2025-10-15 09:47:26,219 [INFO] PinOutPanel:1589 - setPackage(STM32G431RBTx,LQFP64)
2025-10-15 09:47:26,562 [INFO] UtilMem:75 - Before build in PCC Used Memory: 684266184 Bytes (870318080)
2025-10-15 09:47:27,385 [INFO] UtilMem:75 - After build in PCC Used Memory: 340480200 Bytes (870318080)
2025-10-15 09:47:27,411 [INFO] IPUIPlugin:80 - create IPUIPlugin
2025-10-15 09:47:27,411 [INFO] IPUIPlugin:80 - create IPUIPlugin
2025-10-15 09:47:27,411 [INFO] IPUIPlugin:80 - create IPUIPlugin
2025-10-15 09:47:27,411 [INFO] IPUIPlugin:80 - create IPUIPlugin
2025-10-15 09:47:27,411 [INFO] IPUIPlugin:80 - create IPUIPlugin
2025-10-15 09:47:27,411 [INFO] IPUIPlugin:80 - create IPUIPlugin
2025-10-15 09:47:27,412 [INFO] IPUIPlugin:80 - create IPUIPlugin
2025-10-15 09:47:27,412 [INFO] IPUIPlugin:80 - create IPUIPlugin
2025-10-15 09:47:27,412 [INFO] IPUIPlugin:80 - create IPUIPlugin
2025-10-15 09:47:27,412 [INFO] IPUIPlugin:80 - create IPUIPlugin
2025-10-15 09:47:27,412 [INFO] IPUIPlugin:80 - create IPUIPlugin
2025-10-15 09:47:27,412 [INFO] IPUIPlugin:80 - create IPUIPlugin
2025-10-15 09:47:27,412 [INFO] IPUIPlugin:80 - create IPUIPlugin
2025-10-15 09:47:27,412 [INFO] IPUIPlugin:80 - create IPUIPlugin
2025-10-15 09:47:27,412 [INFO] IPUIPlugin:80 - create IPUIPlugin
2025-10-15 09:47:27,412 [INFO] IPUIPlugin:80 - create IPUIPlugin
2025-10-15 09:47:27,412 [INFO] IPUIPlugin:80 - create IPUIPlugin
2025-10-15 09:47:27,413 [INFO] IPUIPlugin:80 - create IPUIPlugin
2025-10-15 09:47:27,413 [INFO] IPUIPlugin:80 - create IPUIPlugin
2025-10-15 09:47:27,413 [INFO] IPUIPlugin:80 - create IPUIPlugin
2025-10-15 09:47:27,413 [INFO] IPUIPlugin:80 - create IPUIPlugin
2025-10-15 09:47:27,413 [INFO] IPUIPlugin:80 - create IPUIPlugin
2025-10-15 09:47:27,413 [INFO] IPUIPlugin:80 - create IPUIPlugin
2025-10-15 09:47:27,413 [INFO] IPUIPlugin:80 - create IPUIPlugin
2025-10-15 09:47:27,413 [INFO] IPUIPlugin:80 - create IPUIPlugin
2025-10-15 09:47:27,413 [INFO] IPUIPlugin:80 - create IPUIPlugin
2025-10-15 09:47:27,413 [INFO] IPUIPlugin:80 - create IPUIPlugin
2025-10-15 09:47:27,413 [INFO] IPUIPlugin:80 - create IPUIPlugin
2025-10-15 09:47:27,413 [INFO] IPUIPlugin:80 - create IPUIPlugin
2025-10-15 09:47:27,415 [INFO] IPUIPlugin:80 - create IPUIPlugin
2025-10-15 09:47:27,415 [INFO] IPUIPlugin:80 - create IPUIPlugin
2025-10-15 09:47:27,415 [INFO] IPUIPlugin:80 - create IPUIPlugin
2025-10-15 09:47:27,415 [INFO] IPUIPlugin:80 - create IPUIPlugin
2025-10-15 09:47:27,415 [INFO] IPUIPlugin:80 - create IPUIPlugin
2025-10-15 09:47:27,415 [INFO] IPUIPlugin:80 - create IPUIPlugin
2025-10-15 09:47:27,416 [INFO] IPUIPlugin:80 - create IPUIPlugin
2025-10-15 09:47:27,416 [INFO] IPUIPlugin:80 - create IPUIPlugin
2025-10-15 09:47:27,416 [INFO] IPUIPlugin:80 - create IPUIPlugin
2025-10-15 09:47:27,416 [INFO] IPUIPlugin:80 - create IPUIPlugin
2025-10-15 09:47:27,416 [INFO] IPUIPlugin:80 - create IPUIPlugin
2025-10-15 09:47:27,416 [INFO] IPUIPlugin:80 - create IPUIPlugin
2025-10-15 09:47:27,416 [INFO] IPUIPlugin:80 - create IPUIPlugin
2025-10-15 09:47:27,417 [INFO] IPUIPlugin:80 - create IPUIPlugin
2025-10-15 09:47:27,417 [INFO] IPUIPlugin:80 - create IPUIPlugin
2025-10-15 09:47:27,417 [INFO] IPUIPlugin:80 - create IPUIPlugin
2025-10-15 09:47:27,417 [INFO] IPUIPlugin:80 - create IPUIPlugin
2025-10-15 09:47:27,417 [INFO] IPUIPlugin:80 - create IPUIPlugin
2025-10-15 09:47:27,417 [INFO] IPUIPlugin:80 - create IPUIPlugin
2025-10-15 09:47:27,418 [INFO] IPUIPlugin:80 - create IPUIPlugin
2025-10-15 09:47:27,418 [INFO] IPUIPlugin:80 - create IPUIPlugin
2025-10-15 09:47:27,418 [INFO] IPUIPlugin:80 - create IPUIPlugin
2025-10-15 09:47:27,418 [INFO] IPUIPlugin:80 - create IPUIPlugin
2025-10-15 09:47:27,419 [INFO] IPUIPlugin:80 - create IPUIPlugin
2025-10-15 09:47:27,419 [INFO] IPUIPlugin:80 - create IPUIPlugin
2025-10-15 09:47:27,419 [INFO] IPUIPlugin:80 - create IPUIPlugin
2025-10-15 09:47:27,419 [INFO] IPUIPlugin:80 - create IPUIPlugin
2025-10-15 09:47:27,419 [INFO] IPUIPlugin:80 - create IPUIPlugin
2025-10-15 09:47:27,420 [INFO] IPUIPlugin:80 - create IPUIPlugin
2025-10-15 09:47:27,420 [INFO] IPUIPlugin:80 - create IPUIPlugin
2025-10-15 09:47:27,589 [INFO] CADModel:165 - CPN selected for project levelSTM32G431RBT6
2025-10-15 09:47:27,589 [INFO] CADModel:114 - Register for checkConnection events
2025-10-15 09:47:27,643 [INFO] OpenFileManager:386 - Restore cursor
2025-10-15 09:47:28,293 [INFO] UtilMem:75 - End SaveConfig() Used Memory: 457513880 Bytes (870318080)
2025-10-15 09:47:28,372 [INFO] UtilMem:75 - End SaveConfig() Used Memory: 477831552 Bytes (870318080)
2025-10-15 09:47:28,698 [INFO] BlockDiagram:2775 - set Specific Code input for plugin: SYS
2025-10-15 09:47:28,699 [INFO] BlockDiagram:2775 - set Specific Code input for plugin: RCC
2025-10-15 09:47:28,699 [INFO] BlockDiagram:2775 - set Specific Code input for plugin: NVIC
2025-10-15 09:47:28,700 [INFO] BlockDiagram:2775 - set Specific Code input for plugin: GPIO
2025-10-15 09:47:28,702 [INFO] CodeGenerator:892 - code generatio: config db path: C:\ST\STM32CubeIDE_1.16.1\STM32CubeIDE\plugins\com.st.stm32cube.common.mx_6.15.0.202507011659\\db\
2025-10-15 09:47:28,805 [INFO] CodeEngine:265 - oldGeneratedFile, E:\AGH\AiR\Praca_inzynierska\bldc_foc\Projects\G4_CAN\MXTmpFiles\license.tmp_save
2025-10-15 09:47:29,068 [INFO] CodeEngine:289 - Generated code: E:\AGH\AiR\Praca_inzynierska\bldc_foc\Projects\G4_CAN\MXTmpFiles\license.tmp
2025-10-15 09:47:29,142 [INFO] CodeEngine:265 - oldGeneratedFile, E:\AGH\AiR\Praca_inzynierska\bldc_foc\Projects\G4_CAN\MXTmpFiles\gpio.tmp_save
2025-10-15 09:47:29,263 [INFO] CodeEngine:289 - Generated code: E:\AGH\AiR\Praca_inzynierska\bldc_foc\Projects\G4_CAN\MXTmpFiles\gpio.tmp
2025-10-15 09:47:29,301 [INFO] CodeEngine:265 - oldGeneratedFile, E:\AGH\AiR\Praca_inzynierska\bldc_foc\Projects\G4_CAN\Core\Src\stm32g4xx_it.c_save
2025-10-15 09:47:29,398 [INFO] CodeEngine:289 - Generated code: E:\AGH\AiR\Praca_inzynierska\bldc_foc\Projects\G4_CAN\Core\Src\stm32g4xx_it.c
2025-10-15 09:47:29,402 [INFO] CodeEngine:265 - oldGeneratedFile, E:\AGH\AiR\Praca_inzynierska\bldc_foc\Projects\G4_CAN\Core\Inc\stm32g4xx_it.h_save
2025-10-15 09:47:29,456 [INFO] CodeEngine:289 - Generated code: E:\AGH\AiR\Praca_inzynierska\bldc_foc\Projects\G4_CAN\Core\Inc\stm32g4xx_it.h
2025-10-15 09:47:29,464 [INFO] CodeEngine:265 - oldGeneratedFile, E:\AGH\AiR\Praca_inzynierska\bldc_foc\Projects\G4_CAN\Core\Src\stm32g4xx_hal_msp.c_save
2025-10-15 09:47:29,558 [INFO] CodeEngine:289 - Generated code: E:\AGH\AiR\Praca_inzynierska\bldc_foc\Projects\G4_CAN\Core\Src\stm32g4xx_hal_msp.c
2025-10-15 09:47:29,562 [INFO] CodeEngine:265 - oldGeneratedFile, E:\AGH\AiR\Praca_inzynierska\bldc_foc\Projects\G4_CAN\MXTmpFiles\system.tmp_save
2025-10-15 09:47:29,615 [INFO] CodeEngine:289 - Generated code: E:\AGH\AiR\Praca_inzynierska\bldc_foc\Projects\G4_CAN\MXTmpFiles\system.tmp
2025-10-15 09:47:29,622 [INFO] CodeEngine:321 - oldGeneratedFile, E:\AGH\AiR\Praca_inzynierska\bldc_foc\Projects\G4_CAN\Core\Inc\stm32g4xx_hal_conf.h_save
2025-10-15 09:47:29,674 [INFO] CodeEngine:345 - Generated code: E:\AGH\AiR\Praca_inzynierska\bldc_foc\Projects\G4_CAN\Core\Inc\stm32g4xx_hal_conf.h
2025-10-15 09:47:29,695 [WARN] IPConfigManager:3238 - Warning: the RefConfig RCC_CommonPeriphClockConfig is not available in your config.xml file
2025-10-15 09:47:29,699 [INFO] ApiDbMcu:532 - Load IP Config File for RCC
2025-10-15 09:47:29,708 [INFO] CodeEngine:265 - oldGeneratedFile, E:\AGH\AiR\Praca_inzynierska\bldc_foc\Projects\G4_CAN\Core\Inc\main.h_save
2025-10-15 09:47:29,775 [INFO] CodeEngine:289 - Generated code: E:\AGH\AiR\Praca_inzynierska\bldc_foc\Projects\G4_CAN\Core\Inc\main.h
2025-10-15 09:47:29,778 [INFO] CodeEngine:265 - oldGeneratedFile, E:\AGH\AiR\Praca_inzynierska\bldc_foc\Projects\G4_CAN\Core\Src\main.c_save
2025-10-15 09:47:29,868 [INFO] CodeEngine:289 - Generated code: E:\AGH\AiR\Praca_inzynierska\bldc_foc\Projects\G4_CAN\Core\Src\main.c
2025-10-15 09:47:30,097 [INFO] ProjectBuilder:3606 - Time for Copy HAL[1] : 91mS.
2025-10-15 09:47:30,101 [INFO] ProjectBuilder:5216 - Project Generator version: 4.7.0-B52
2025-10-15 09:47:30,197 [INFO] ConfigFileManager:1595 - The Die is : DIE468
2025-10-15 09:47:30,201 [INFO] ApiDbMcu:532 - Load IP Config File for FATFS
2025-10-15 09:47:30,206 [INFO] ApiDbMcu:532 - Load IP Config File for FREERTOS
2025-10-15 09:47:30,211 [INFO] ApiDbMcu:532 - Load IP Config File for USBPD
2025-10-15 09:47:30,217 [INFO] ApiDbMcu:532 - Load IP Config File for USB_DEVICE
2025-10-15 09:47:30,560 [INFO] LogOutputStream:77 - [STDOUT_REDIRECT] 
2025-10-15 09:47:32,360 [INFO] ProjectBuilder:5496 - Time for Generating toolchain IDE Files: 2258mS.
2025-10-15 09:47:32,361 [INFO] ProjectBuilder:3463 - Time for Copy CMSIS : 1mS.
2025-10-15 09:47:32,362 [INFO] ProjectBuilder:3463 - Time for Copy CMSIS : 0mS.
2025-10-15 09:47:33,238 [INFO] McuFinderGlobals:76 - Set McuFinderConnectedMode to true
2025-10-15 09:47:33,240 [INFO] ApiDb:448 - Save user favorites file C:\Users\Miloush/.stm32cubeide/favorites.mcus.txt: 3 item(s)
2025-10-15 09:47:33,240 [INFO] ApiDb:452 - User favorites MCUs=[STM32F446RET6, STM32G431KBT6, STM32G474CBT3]
2025-10-15 09:47:33,241 [INFO] ApiDb:448 - Save user favorites file C:\Users\Miloush/.stm32cubeide/favorites.boards.txt: 0 item(s)
2025-10-15 09:47:33,241 [INFO] ApiDb:452 - User favorites Boards=[]
2025-10-15 09:47:44,579 [WARN] IP:2250 - MessageRAMOffset not found: check if there is a RefParameter without a condition.
2025-10-15 09:47:44,580 [WARN] IP:2250 - RxFifo0ElmtsNbr not found: check if there is a RefParameter without a condition.
2025-10-15 09:47:44,580 [WARN] IP:2250 - RxFifo0ElmtSize not found: check if there is a RefParameter without a condition.
2025-10-15 09:47:44,580 [WARN] IP:2250 - RxFifo1ElmtsNbr not found: check if there is a RefParameter without a condition.
2025-10-15 09:47:44,580 [WARN] IP:2250 - RxFifo1ElmtSize not found: check if there is a RefParameter without a condition.
2025-10-15 09:47:44,580 [WARN] IP:2250 - RxBuffersNbr not found: check if there is a RefParameter without a condition.
2025-10-15 09:47:44,580 [WARN] IP:2250 - RxBufferSize not found: check if there is a RefParameter without a condition.
2025-10-15 09:47:44,580 [WARN] IP:2250 - TxEventsNbr not found: check if there is a RefParameter without a condition.
2025-10-15 09:47:44,580 [WARN] IP:2250 - TxBuffersNbr not found: check if there is a RefParameter without a condition.
2025-10-15 09:47:44,580 [WARN] IP:2250 - TxFifoQueueElmtsNbr not found: check if there is a RefParameter without a condition.
2025-10-15 09:47:44,580 [WARN] IP:2250 - TxElmtSize not found: check if there is a RefParameter without a condition.
2025-10-15 09:47:44,580 [WARN] IP:2250 - ClockCalibrationCCU not found: check if there is a RefParameter without a condition.
2025-10-15 09:47:44,580 [WARN] IP:2250 - ClockDividerCCU not found: check if there is a RefParameter without a condition.
2025-10-15 09:47:44,580 [WARN] IP:2250 - MinOscClkPeriodsCCU not found: check if there is a RefParameter without a condition.
2025-10-15 09:47:44,580 [WARN] IP:2250 - TimeQuantaPerBitTimeCCU not found: check if there is a RefParameter without a condition.
2025-10-15 09:47:44,581 [WARN] IP:2250 - WatchdogStartValueCCU not found: check if there is a RefParameter without a condition.
2025-10-15 09:47:44,582 [INFO] LogOutputStream:77 - [STDOUT_REDIRECT] Nominal 
2025-10-15 09:47:44,615 [WARN] IP:2250 - MessageRAMOffset not found: check if there is a RefParameter without a condition.
2025-10-15 09:47:44,615 [WARN] IP:2250 - RxFifo0ElmtsNbr not found: check if there is a RefParameter without a condition.
2025-10-15 09:47:44,615 [WARN] IP:2250 - RxFifo0ElmtSize not found: check if there is a RefParameter without a condition.
2025-10-15 09:47:44,615 [WARN] IP:2250 - RxFifo1ElmtsNbr not found: check if there is a RefParameter without a condition.
2025-10-15 09:47:44,615 [WARN] IP:2250 - RxFifo1ElmtSize not found: check if there is a RefParameter without a condition.
2025-10-15 09:47:44,615 [WARN] IP:2250 - RxBuffersNbr not found: check if there is a RefParameter without a condition.
2025-10-15 09:47:44,615 [WARN] IP:2250 - RxBufferSize not found: check if there is a RefParameter without a condition.
2025-10-15 09:47:44,615 [WARN] IP:2250 - TxEventsNbr not found: check if there is a RefParameter without a condition.
2025-10-15 09:47:44,615 [WARN] IP:2250 - TxBuffersNbr not found: check if there is a RefParameter without a condition.
2025-10-15 09:47:44,615 [WARN] IP:2250 - TxFifoQueueElmtsNbr not found: check if there is a RefParameter without a condition.
2025-10-15 09:47:44,615 [WARN] IP:2250 - TxElmtSize not found: check if there is a RefParameter without a condition.
2025-10-15 09:47:44,615 [WARN] IP:2250 - ClockCalibrationCCU not found: check if there is a RefParameter without a condition.
2025-10-15 09:47:44,615 [WARN] IP:2250 - ClockDividerCCU not found: check if there is a RefParameter without a condition.
2025-10-15 09:47:44,616 [WARN] IP:2250 - MinOscClkPeriodsCCU not found: check if there is a RefParameter without a condition.
2025-10-15 09:47:44,616 [WARN] IP:2250 - TimeQuantaPerBitTimeCCU not found: check if there is a RefParameter without a condition.
2025-10-15 09:47:44,616 [WARN] IP:2250 - WatchdogStartValueCCU not found: check if there is a RefParameter without a condition.
2025-10-15 09:47:44,631 [INFO] Can:71 - Can Add PropertyChangeListener com.st.microxplorer.plugins.ip.can.Can@61ab32fe
2025-10-15 09:47:44,636 [WARN] IP:2250 - MessageRAMOffset not found: check if there is a RefParameter without a condition.
2025-10-15 09:47:44,636 [WARN] IP:2250 - RxFifo0ElmtsNbr not found: check if there is a RefParameter without a condition.
2025-10-15 09:47:44,636 [WARN] IP:2250 - RxFifo0ElmtSize not found: check if there is a RefParameter without a condition.
2025-10-15 09:47:44,636 [WARN] IP:2250 - RxFifo1ElmtsNbr not found: check if there is a RefParameter without a condition.
2025-10-15 09:47:44,636 [WARN] IP:2250 - RxFifo1ElmtSize not found: check if there is a RefParameter without a condition.
2025-10-15 09:47:44,636 [WARN] IP:2250 - RxBuffersNbr not found: check if there is a RefParameter without a condition.
2025-10-15 09:47:44,636 [WARN] IP:2250 - RxBufferSize not found: check if there is a RefParameter without a condition.
2025-10-15 09:47:44,636 [WARN] IP:2250 - TxEventsNbr not found: check if there is a RefParameter without a condition.
2025-10-15 09:47:44,636 [WARN] IP:2250 - TxBuffersNbr not found: check if there is a RefParameter without a condition.
2025-10-15 09:47:44,636 [WARN] IP:2250 - TxFifoQueueElmtsNbr not found: check if there is a RefParameter without a condition.
2025-10-15 09:47:44,636 [WARN] IP:2250 - TxElmtSize not found: check if there is a RefParameter without a condition.
2025-10-15 09:47:44,636 [WARN] IP:2250 - ClockCalibrationCCU not found: check if there is a RefParameter without a condition.
2025-10-15 09:47:44,636 [WARN] IP:2250 - ClockDividerCCU not found: check if there is a RefParameter without a condition.
2025-10-15 09:47:44,636 [WARN] IP:2250 - MinOscClkPeriodsCCU not found: check if there is a RefParameter without a condition.
2025-10-15 09:47:44,636 [WARN] IP:2250 - TimeQuantaPerBitTimeCCU not found: check if there is a RefParameter without a condition.
2025-10-15 09:47:44,636 [WARN] IP:2250 - WatchdogStartValueCCU not found: check if there is a RefParameter without a condition.
2025-10-15 09:47:55,772 [INFO] LogOutputStream:77 - [STDOUT_REDIRECT] Nominal 
2025-10-15 09:48:00,754 [INFO] LogOutputStream:77 - [STDOUT_REDIRECT] Nominal 
2025-10-15 09:48:06,415 [WARN] IP:2250 - MessageRAMOffset not found: check if there is a RefParameter without a condition.
2025-10-15 09:48:06,415 [WARN] IP:2250 - RxFifo0ElmtsNbr not found: check if there is a RefParameter without a condition.
2025-10-15 09:48:06,415 [WARN] IP:2250 - RxFifo0ElmtSize not found: check if there is a RefParameter without a condition.
2025-10-15 09:48:06,415 [WARN] IP:2250 - RxFifo1ElmtsNbr not found: check if there is a RefParameter without a condition.
2025-10-15 09:48:06,415 [WARN] IP:2250 - RxFifo1ElmtSize not found: check if there is a RefParameter without a condition.
2025-10-15 09:48:06,416 [WARN] IP:2250 - RxBuffersNbr not found: check if there is a RefParameter without a condition.
2025-10-15 09:48:06,416 [WARN] IP:2250 - RxBufferSize not found: check if there is a RefParameter without a condition.
2025-10-15 09:48:06,416 [WARN] IP:2250 - TxEventsNbr not found: check if there is a RefParameter without a condition.
2025-10-15 09:48:06,416 [WARN] IP:2250 - TxBuffersNbr not found: check if there is a RefParameter without a condition.
2025-10-15 09:48:06,416 [WARN] IP:2250 - TxFifoQueueElmtsNbr not found: check if there is a RefParameter without a condition.
2025-10-15 09:48:06,416 [WARN] IP:2250 - TxElmtSize not found: check if there is a RefParameter without a condition.
2025-10-15 09:48:06,416 [WARN] IP:2250 - ClockCalibrationCCU not found: check if there is a RefParameter without a condition.
2025-10-15 09:48:06,416 [WARN] IP:2250 - ClockDividerCCU not found: check if there is a RefParameter without a condition.
2025-10-15 09:48:06,416 [WARN] IP:2250 - MinOscClkPeriodsCCU not found: check if there is a RefParameter without a condition.
2025-10-15 09:48:06,416 [WARN] IP:2250 - TimeQuantaPerBitTimeCCU not found: check if there is a RefParameter without a condition.
2025-10-15 09:48:06,416 [WARN] IP:2250 - WatchdogStartValueCCU not found: check if there is a RefParameter without a condition.
2025-10-15 09:48:06,473 [WARN] IP:2250 - MessageRAMOffset not found: check if there is a RefParameter without a condition.
2025-10-15 09:48:06,474 [WARN] IP:2250 - RxFifo0ElmtsNbr not found: check if there is a RefParameter without a condition.
2025-10-15 09:48:06,474 [WARN] IP:2250 - RxFifo0ElmtSize not found: check if there is a RefParameter without a condition.
2025-10-15 09:48:06,474 [WARN] IP:2250 - RxFifo1ElmtsNbr not found: check if there is a RefParameter without a condition.
2025-10-15 09:48:06,474 [WARN] IP:2250 - RxFifo1ElmtSize not found: check if there is a RefParameter without a condition.
2025-10-15 09:48:06,474 [WARN] IP:2250 - RxBuffersNbr not found: check if there is a RefParameter without a condition.
2025-10-15 09:48:06,474 [WARN] IP:2250 - RxBufferSize not found: check if there is a RefParameter without a condition.
2025-10-15 09:48:06,474 [WARN] IP:2250 - TxEventsNbr not found: check if there is a RefParameter without a condition.
2025-10-15 09:48:06,474 [WARN] IP:2250 - TxBuffersNbr not found: check if there is a RefParameter without a condition.
2025-10-15 09:48:06,474 [WARN] IP:2250 - TxFifoQueueElmtsNbr not found: check if there is a RefParameter without a condition.
2025-10-15 09:48:06,474 [WARN] IP:2250 - TxElmtSize not found: check if there is a RefParameter without a condition.
2025-10-15 09:48:06,474 [WARN] IP:2250 - ClockCalibrationCCU not found: check if there is a RefParameter without a condition.
2025-10-15 09:48:06,474 [WARN] IP:2250 - ClockDividerCCU not found: check if there is a RefParameter without a condition.
2025-10-15 09:48:06,474 [WARN] IP:2250 - MinOscClkPeriodsCCU not found: check if there is a RefParameter without a condition.
2025-10-15 09:48:06,474 [WARN] IP:2250 - TimeQuantaPerBitTimeCCU not found: check if there is a RefParameter without a condition.
2025-10-15 09:48:06,474 [WARN] IP:2250 - WatchdogStartValueCCU not found: check if there is a RefParameter without a condition.
2025-10-15 09:48:08,702 [WARN] IP:2250 - MessageRAMOffset not found: check if there is a RefParameter without a condition.
2025-10-15 09:48:08,702 [WARN] IP:2250 - RxFifo0ElmtsNbr not found: check if there is a RefParameter without a condition.
2025-10-15 09:48:08,702 [WARN] IP:2250 - RxFifo0ElmtSize not found: check if there is a RefParameter without a condition.
2025-10-15 09:48:08,702 [WARN] IP:2250 - RxFifo1ElmtsNbr not found: check if there is a RefParameter without a condition.
2025-10-15 09:48:08,702 [WARN] IP:2250 - RxFifo1ElmtSize not found: check if there is a RefParameter without a condition.
2025-10-15 09:48:08,702 [WARN] IP:2250 - RxBuffersNbr not found: check if there is a RefParameter without a condition.
2025-10-15 09:48:08,702 [WARN] IP:2250 - RxBufferSize not found: check if there is a RefParameter without a condition.
2025-10-15 09:48:08,702 [WARN] IP:2250 - TxEventsNbr not found: check if there is a RefParameter without a condition.
2025-10-15 09:48:08,702 [WARN] IP:2250 - TxBuffersNbr not found: check if there is a RefParameter without a condition.
2025-10-15 09:48:08,702 [WARN] IP:2250 - TxFifoQueueElmtsNbr not found: check if there is a RefParameter without a condition.
2025-10-15 09:48:08,702 [WARN] IP:2250 - TxElmtSize not found: check if there is a RefParameter without a condition.
2025-10-15 09:48:08,702 [WARN] IP:2250 - ClockCalibrationCCU not found: check if there is a RefParameter without a condition.
2025-10-15 09:48:08,702 [WARN] IP:2250 - ClockDividerCCU not found: check if there is a RefParameter without a condition.
2025-10-15 09:48:08,703 [WARN] IP:2250 - MinOscClkPeriodsCCU not found: check if there is a RefParameter without a condition.
2025-10-15 09:48:08,703 [WARN] IP:2250 - TimeQuantaPerBitTimeCCU not found: check if there is a RefParameter without a condition.
2025-10-15 09:48:08,703 [WARN] IP:2250 - WatchdogStartValueCCU not found: check if there is a RefParameter without a condition.
2025-10-15 09:48:08,724 [INFO] NvicIntPanel:101 - NVIC parent = com.st.microxplorer.plugins.ip.nvic.MultiNvicIntPanel[,0,0,0x0,invalid,layout=javax.swing.BoxLayout,alignmentX=0.0,alignmentY=0.0,border=,flags=9,maximumSize=,minimumSize=,preferredSize=]
2025-10-15 09:48:08,771 [WARN] IP:2250 - MessageRAMOffset not found: check if there is a RefParameter without a condition.
2025-10-15 09:48:08,771 [WARN] IP:2250 - RxFifo0ElmtsNbr not found: check if there is a RefParameter without a condition.
2025-10-15 09:48:08,771 [WARN] IP:2250 - RxFifo0ElmtSize not found: check if there is a RefParameter without a condition.
2025-10-15 09:48:08,771 [WARN] IP:2250 - RxFifo1ElmtsNbr not found: check if there is a RefParameter without a condition.
2025-10-15 09:48:08,771 [WARN] IP:2250 - RxFifo1ElmtSize not found: check if there is a RefParameter without a condition.
2025-10-15 09:48:08,771 [WARN] IP:2250 - RxBuffersNbr not found: check if there is a RefParameter without a condition.
2025-10-15 09:48:08,771 [WARN] IP:2250 - RxBufferSize not found: check if there is a RefParameter without a condition.
2025-10-15 09:48:08,771 [WARN] IP:2250 - TxEventsNbr not found: check if there is a RefParameter without a condition.
2025-10-15 09:48:08,771 [WARN] IP:2250 - TxBuffersNbr not found: check if there is a RefParameter without a condition.
2025-10-15 09:48:08,771 [WARN] IP:2250 - TxFifoQueueElmtsNbr not found: check if there is a RefParameter without a condition.
2025-10-15 09:48:08,771 [WARN] IP:2250 - TxElmtSize not found: check if there is a RefParameter without a condition.
2025-10-15 09:48:08,771 [WARN] IP:2250 - ClockCalibrationCCU not found: check if there is a RefParameter without a condition.
2025-10-15 09:48:08,771 [WARN] IP:2250 - ClockDividerCCU not found: check if there is a RefParameter without a condition.
2025-10-15 09:48:08,771 [WARN] IP:2250 - MinOscClkPeriodsCCU not found: check if there is a RefParameter without a condition.
2025-10-15 09:48:08,771 [WARN] IP:2250 - TimeQuantaPerBitTimeCCU not found: check if there is a RefParameter without a condition.
2025-10-15 09:48:08,771 [WARN] IP:2250 - WatchdogStartValueCCU not found: check if there is a RefParameter without a condition.
2025-10-15 09:48:08,784 [INFO] NvicIntPanel:101 - NVIC parent = com.st.microxplorer.plugins.ip.nvic.MultiNvicIntPanel[,0,0,0x0,invalid,layout=javax.swing.BoxLayout,alignmentX=0.0,alignmentY=0.0,border=,flags=9,maximumSize=,minimumSize=,preferredSize=]
2025-10-15 09:48:12,215 [WARN] IP:2250 - MessageRAMOffset not found: check if there is a RefParameter without a condition.
2025-10-15 09:48:12,215 [WARN] IP:2250 - RxFifo0ElmtsNbr not found: check if there is a RefParameter without a condition.
2025-10-15 09:48:12,215 [WARN] IP:2250 - RxFifo0ElmtSize not found: check if there is a RefParameter without a condition.
2025-10-15 09:48:12,215 [WARN] IP:2250 - RxFifo1ElmtsNbr not found: check if there is a RefParameter without a condition.
2025-10-15 09:48:12,215 [WARN] IP:2250 - RxFifo1ElmtSize not found: check if there is a RefParameter without a condition.
2025-10-15 09:48:12,215 [WARN] IP:2250 - RxBuffersNbr not found: check if there is a RefParameter without a condition.
2025-10-15 09:48:12,215 [WARN] IP:2250 - RxBufferSize not found: check if there is a RefParameter without a condition.
2025-10-15 09:48:12,215 [WARN] IP:2250 - TxEventsNbr not found: check if there is a RefParameter without a condition.
2025-10-15 09:48:12,215 [WARN] IP:2250 - TxBuffersNbr not found: check if there is a RefParameter without a condition.
2025-10-15 09:48:12,215 [WARN] IP:2250 - TxFifoQueueElmtsNbr not found: check if there is a RefParameter without a condition.
2025-10-15 09:48:12,215 [WARN] IP:2250 - TxElmtSize not found: check if there is a RefParameter without a condition.
2025-10-15 09:48:12,215 [WARN] IP:2250 - ClockCalibrationCCU not found: check if there is a RefParameter without a condition.
2025-10-15 09:48:12,215 [WARN] IP:2250 - ClockDividerCCU not found: check if there is a RefParameter without a condition.
2025-10-15 09:48:12,215 [WARN] IP:2250 - MinOscClkPeriodsCCU not found: check if there is a RefParameter without a condition.
2025-10-15 09:48:12,215 [WARN] IP:2250 - TimeQuantaPerBitTimeCCU not found: check if there is a RefParameter without a condition.
2025-10-15 09:48:12,215 [WARN] IP:2250 - WatchdogStartValueCCU not found: check if there is a RefParameter without a condition.
2025-10-15 09:48:12,238 [INFO] NvicIntPanel:101 - NVIC parent = com.st.microxplorer.plugins.ip.nvic.MultiNvicIntPanel[,0,0,0x0,invalid,layout=javax.swing.BoxLayout,alignmentX=0.0,alignmentY=0.0,border=,flags=9,maximumSize=,minimumSize=,preferredSize=]
2025-10-15 09:48:12,290 [WARN] IP:2250 - MessageRAMOffset not found: check if there is a RefParameter without a condition.
2025-10-15 09:48:12,290 [WARN] IP:2250 - RxFifo0ElmtsNbr not found: check if there is a RefParameter without a condition.
2025-10-15 09:48:12,290 [WARN] IP:2250 - RxFifo0ElmtSize not found: check if there is a RefParameter without a condition.
2025-10-15 09:48:12,290 [WARN] IP:2250 - RxFifo1ElmtsNbr not found: check if there is a RefParameter without a condition.
2025-10-15 09:48:12,290 [WARN] IP:2250 - RxFifo1ElmtSize not found: check if there is a RefParameter without a condition.
2025-10-15 09:48:12,290 [WARN] IP:2250 - RxBuffersNbr not found: check if there is a RefParameter without a condition.
2025-10-15 09:48:12,290 [WARN] IP:2250 - RxBufferSize not found: check if there is a RefParameter without a condition.
2025-10-15 09:48:12,290 [WARN] IP:2250 - TxEventsNbr not found: check if there is a RefParameter without a condition.
2025-10-15 09:48:12,290 [WARN] IP:2250 - TxBuffersNbr not found: check if there is a RefParameter without a condition.
2025-10-15 09:48:12,290 [WARN] IP:2250 - TxFifoQueueElmtsNbr not found: check if there is a RefParameter without a condition.
2025-10-15 09:48:12,290 [WARN] IP:2250 - TxElmtSize not found: check if there is a RefParameter without a condition.
2025-10-15 09:48:12,290 [WARN] IP:2250 - ClockCalibrationCCU not found: check if there is a RefParameter without a condition.
2025-10-15 09:48:12,290 [WARN] IP:2250 - ClockDividerCCU not found: check if there is a RefParameter without a condition.
2025-10-15 09:48:12,290 [WARN] IP:2250 - MinOscClkPeriodsCCU not found: check if there is a RefParameter without a condition.
2025-10-15 09:48:12,290 [WARN] IP:2250 - TimeQuantaPerBitTimeCCU not found: check if there is a RefParameter without a condition.
2025-10-15 09:48:12,290 [WARN] IP:2250 - WatchdogStartValueCCU not found: check if there is a RefParameter without a condition.
2025-10-15 09:48:12,320 [INFO] NvicIntPanel:101 - NVIC parent = com.st.microxplorer.plugins.ip.nvic.MultiNvicIntPanel[,0,0,0x0,invalid,layout=javax.swing.BoxLayout,alignmentX=0.0,alignmentY=0.0,border=,flags=9,maximumSize=,minimumSize=,preferredSize=]
2025-10-15 09:48:15,345 [WARN] IP:2250 - MessageRAMOffset not found: check if there is a RefParameter without a condition.
2025-10-15 09:48:15,345 [WARN] IP:2250 - RxFifo0ElmtsNbr not found: check if there is a RefParameter without a condition.
2025-10-15 09:48:15,345 [WARN] IP:2250 - RxFifo0ElmtSize not found: check if there is a RefParameter without a condition.
2025-10-15 09:48:15,345 [WARN] IP:2250 - RxFifo1ElmtsNbr not found: check if there is a RefParameter without a condition.
2025-10-15 09:48:15,345 [WARN] IP:2250 - RxFifo1ElmtSize not found: check if there is a RefParameter without a condition.
2025-10-15 09:48:15,345 [WARN] IP:2250 - RxBuffersNbr not found: check if there is a RefParameter without a condition.
2025-10-15 09:48:15,345 [WARN] IP:2250 - RxBufferSize not found: check if there is a RefParameter without a condition.
2025-10-15 09:48:15,345 [WARN] IP:2250 - TxEventsNbr not found: check if there is a RefParameter without a condition.
2025-10-15 09:48:15,345 [WARN] IP:2250 - TxBuffersNbr not found: check if there is a RefParameter without a condition.
2025-10-15 09:48:15,345 [WARN] IP:2250 - TxFifoQueueElmtsNbr not found: check if there is a RefParameter without a condition.
2025-10-15 09:48:15,345 [WARN] IP:2250 - TxElmtSize not found: check if there is a RefParameter without a condition.
2025-10-15 09:48:15,345 [WARN] IP:2250 - ClockCalibrationCCU not found: check if there is a RefParameter without a condition.
2025-10-15 09:48:15,345 [WARN] IP:2250 - ClockDividerCCU not found: check if there is a RefParameter without a condition.
2025-10-15 09:48:15,345 [WARN] IP:2250 - MinOscClkPeriodsCCU not found: check if there is a RefParameter without a condition.
2025-10-15 09:48:15,345 [WARN] IP:2250 - TimeQuantaPerBitTimeCCU not found: check if there is a RefParameter without a condition.
2025-10-15 09:48:15,345 [WARN] IP:2250 - WatchdogStartValueCCU not found: check if there is a RefParameter without a condition.
2025-10-15 09:48:15,363 [INFO] NvicIntPanel:101 - NVIC parent = com.st.microxplorer.plugins.ip.nvic.MultiNvicIntPanel[,0,0,0x0,invalid,layout=javax.swing.BoxLayout,alignmentX=0.0,alignmentY=0.0,border=,flags=9,maximumSize=,minimumSize=,preferredSize=]
2025-10-15 09:48:15,407 [WARN] IP:2250 - MessageRAMOffset not found: check if there is a RefParameter without a condition.
2025-10-15 09:48:15,407 [WARN] IP:2250 - RxFifo0ElmtsNbr not found: check if there is a RefParameter without a condition.
2025-10-15 09:48:15,407 [WARN] IP:2250 - RxFifo0ElmtSize not found: check if there is a RefParameter without a condition.
2025-10-15 09:48:15,407 [WARN] IP:2250 - RxFifo1ElmtsNbr not found: check if there is a RefParameter without a condition.
2025-10-15 09:48:15,407 [WARN] IP:2250 - RxFifo1ElmtSize not found: check if there is a RefParameter without a condition.
2025-10-15 09:48:15,407 [WARN] IP:2250 - RxBuffersNbr not found: check if there is a RefParameter without a condition.
2025-10-15 09:48:15,407 [WARN] IP:2250 - RxBufferSize not found: check if there is a RefParameter without a condition.
2025-10-15 09:48:15,407 [WARN] IP:2250 - TxEventsNbr not found: check if there is a RefParameter without a condition.
2025-10-15 09:48:15,407 [WARN] IP:2250 - TxBuffersNbr not found: check if there is a RefParameter without a condition.
2025-10-15 09:48:15,407 [WARN] IP:2250 - TxFifoQueueElmtsNbr not found: check if there is a RefParameter without a condition.
2025-10-15 09:48:15,407 [WARN] IP:2250 - TxElmtSize not found: check if there is a RefParameter without a condition.
2025-10-15 09:48:15,407 [WARN] IP:2250 - ClockCalibrationCCU not found: check if there is a RefParameter without a condition.
2025-10-15 09:48:15,407 [WARN] IP:2250 - ClockDividerCCU not found: check if there is a RefParameter without a condition.
2025-10-15 09:48:15,407 [WARN] IP:2250 - MinOscClkPeriodsCCU not found: check if there is a RefParameter without a condition.
2025-10-15 09:48:15,407 [WARN] IP:2250 - TimeQuantaPerBitTimeCCU not found: check if there is a RefParameter without a condition.
2025-10-15 09:48:15,407 [WARN] IP:2250 - WatchdogStartValueCCU not found: check if there is a RefParameter without a condition.
2025-10-15 09:48:15,420 [INFO] NvicIntPanel:101 - NVIC parent = com.st.microxplorer.plugins.ip.nvic.MultiNvicIntPanel[,0,0,0x0,invalid,layout=javax.swing.BoxLayout,alignmentX=0.0,alignmentY=0.0,border=,flags=9,maximumSize=,minimumSize=,preferredSize=]
2025-10-15 09:48:20,006 [WARN] IP:2250 - MessageRAMOffset not found: check if there is a RefParameter without a condition.
2025-10-15 09:48:20,006 [WARN] IP:2250 - RxFifo0ElmtsNbr not found: check if there is a RefParameter without a condition.
2025-10-15 09:48:20,006 [WARN] IP:2250 - RxFifo0ElmtSize not found: check if there is a RefParameter without a condition.
2025-10-15 09:48:20,006 [WARN] IP:2250 - RxFifo1ElmtsNbr not found: check if there is a RefParameter without a condition.
2025-10-15 09:48:20,006 [WARN] IP:2250 - RxFifo1ElmtSize not found: check if there is a RefParameter without a condition.
2025-10-15 09:48:20,006 [WARN] IP:2250 - RxBuffersNbr not found: check if there is a RefParameter without a condition.
2025-10-15 09:48:20,006 [WARN] IP:2250 - RxBufferSize not found: check if there is a RefParameter without a condition.
2025-10-15 09:48:20,006 [WARN] IP:2250 - TxEventsNbr not found: check if there is a RefParameter without a condition.
2025-10-15 09:48:20,006 [WARN] IP:2250 - TxBuffersNbr not found: check if there is a RefParameter without a condition.
2025-10-15 09:48:20,006 [WARN] IP:2250 - TxFifoQueueElmtsNbr not found: check if there is a RefParameter without a condition.
2025-10-15 09:48:20,006 [WARN] IP:2250 - TxElmtSize not found: check if there is a RefParameter without a condition.
2025-10-15 09:48:20,006 [WARN] IP:2250 - ClockCalibrationCCU not found: check if there is a RefParameter without a condition.
2025-10-15 09:48:20,006 [WARN] IP:2250 - ClockDividerCCU not found: check if there is a RefParameter without a condition.
2025-10-15 09:48:20,006 [WARN] IP:2250 - MinOscClkPeriodsCCU not found: check if there is a RefParameter without a condition.
2025-10-15 09:48:20,006 [WARN] IP:2250 - TimeQuantaPerBitTimeCCU not found: check if there is a RefParameter without a condition.
2025-10-15 09:48:20,006 [WARN] IP:2250 - WatchdogStartValueCCU not found: check if there is a RefParameter without a condition.
2025-10-15 09:48:20,023 [INFO] NvicIntPanel:101 - NVIC parent = com.st.microxplorer.plugins.ip.nvic.MultiNvicIntPanel[,0,0,0x0,invalid,layout=javax.swing.BoxLayout,alignmentX=0.0,alignmentY=0.0,border=,flags=9,maximumSize=,minimumSize=,preferredSize=]
2025-10-15 09:48:20,066 [WARN] IP:2250 - MessageRAMOffset not found: check if there is a RefParameter without a condition.
2025-10-15 09:48:20,066 [WARN] IP:2250 - RxFifo0ElmtsNbr not found: check if there is a RefParameter without a condition.
2025-10-15 09:48:20,066 [WARN] IP:2250 - RxFifo0ElmtSize not found: check if there is a RefParameter without a condition.
2025-10-15 09:48:20,066 [WARN] IP:2250 - RxFifo1ElmtsNbr not found: check if there is a RefParameter without a condition.
2025-10-15 09:48:20,066 [WARN] IP:2250 - RxFifo1ElmtSize not found: check if there is a RefParameter without a condition.
2025-10-15 09:48:20,066 [WARN] IP:2250 - RxBuffersNbr not found: check if there is a RefParameter without a condition.
2025-10-15 09:48:20,066 [WARN] IP:2250 - RxBufferSize not found: check if there is a RefParameter without a condition.
2025-10-15 09:48:20,066 [WARN] IP:2250 - TxEventsNbr not found: check if there is a RefParameter without a condition.
2025-10-15 09:48:20,066 [WARN] IP:2250 - TxBuffersNbr not found: check if there is a RefParameter without a condition.
2025-10-15 09:48:20,066 [WARN] IP:2250 - TxFifoQueueElmtsNbr not found: check if there is a RefParameter without a condition.
2025-10-15 09:48:20,066 [WARN] IP:2250 - TxElmtSize not found: check if there is a RefParameter without a condition.
2025-10-15 09:48:20,066 [WARN] IP:2250 - ClockCalibrationCCU not found: check if there is a RefParameter without a condition.
2025-10-15 09:48:20,066 [WARN] IP:2250 - ClockDividerCCU not found: check if there is a RefParameter without a condition.
2025-10-15 09:48:20,066 [WARN] IP:2250 - MinOscClkPeriodsCCU not found: check if there is a RefParameter without a condition.
2025-10-15 09:48:20,067 [WARN] IP:2250 - TimeQuantaPerBitTimeCCU not found: check if there is a RefParameter without a condition.
2025-10-15 09:48:20,067 [WARN] IP:2250 - WatchdogStartValueCCU not found: check if there is a RefParameter without a condition.
2025-10-15 09:48:20,078 [INFO] NvicIntPanel:101 - NVIC parent = com.st.microxplorer.plugins.ip.nvic.MultiNvicIntPanel[,0,0,0x0,invalid,layout=javax.swing.BoxLayout,alignmentX=0.0,alignmentY=0.0,border=,flags=9,maximumSize=,minimumSize=,preferredSize=]
2025-10-15 09:48:59,008 [INFO] UtilMem:75 - End SaveConfig() Used Memory: 763810224 Bytes (899678208)
2025-10-15 09:48:59,069 [INFO] UtilMem:75 - End SaveConfig() Used Memory: 787401136 Bytes (899678208)
2025-10-15 09:48:59,753 [INFO] UtilMem:75 - End SaveConfig() Used Memory: 489452488 Bytes (899678208)
2025-10-15 09:48:59,989 [INFO] BlockDiagram:2775 - set Specific Code input for plugin: SYS
2025-10-15 09:48:59,989 [INFO] BlockDiagram:2775 - set Specific Code input for plugin: RCC
2025-10-15 09:48:59,989 [INFO] BlockDiagram:2775 - set Specific Code input for plugin: NVIC
2025-10-15 09:48:59,989 [INFO] BlockDiagram:2775 - set Specific Code input for plugin: GPIO
2025-10-15 09:48:59,989 [INFO] BlockDiagram:2775 - set Specific Code input for plugin: FDCAN
2025-10-15 09:48:59,990 [INFO] CodeGenerator:892 - code generatio: config db path: C:\ST\STM32CubeIDE_1.16.1\STM32CubeIDE\plugins\com.st.stm32cube.common.mx_6.15.0.202507011659\\db\
2025-10-15 09:48:59,990 [WARN] IP:2250 - MessageRAMOffset not found: check if there is a RefParameter without a condition.
2025-10-15 09:48:59,990 [WARN] IP:2250 - RxFifo0ElmtsNbr not found: check if there is a RefParameter without a condition.
2025-10-15 09:48:59,991 [WARN] IP:2250 - RxFifo0ElmtSize not found: check if there is a RefParameter without a condition.
2025-10-15 09:48:59,991 [WARN] IP:2250 - RxFifo1ElmtsNbr not found: check if there is a RefParameter without a condition.
2025-10-15 09:48:59,991 [WARN] IP:2250 - RxFifo1ElmtSize not found: check if there is a RefParameter without a condition.
2025-10-15 09:48:59,991 [WARN] IP:2250 - RxBuffersNbr not found: check if there is a RefParameter without a condition.
2025-10-15 09:48:59,991 [WARN] IP:2250 - RxBufferSize not found: check if there is a RefParameter without a condition.
2025-10-15 09:48:59,991 [WARN] IP:2250 - TxEventsNbr not found: check if there is a RefParameter without a condition.
2025-10-15 09:48:59,991 [WARN] IP:2250 - TxBuffersNbr not found: check if there is a RefParameter without a condition.
2025-10-15 09:48:59,991 [WARN] IP:2250 - TxFifoQueueElmtsNbr not found: check if there is a RefParameter without a condition.
2025-10-15 09:48:59,991 [WARN] IP:2250 - TxElmtSize not found: check if there is a RefParameter without a condition.
2025-10-15 09:48:59,991 [WARN] IP:2250 - ClockCalibrationCCU not found: check if there is a RefParameter without a condition.
2025-10-15 09:48:59,991 [WARN] IP:2250 - ClockDividerCCU not found: check if there is a RefParameter without a condition.
2025-10-15 09:48:59,991 [WARN] IP:2250 - MinOscClkPeriodsCCU not found: check if there is a RefParameter without a condition.
2025-10-15 09:48:59,991 [WARN] IP:2250 - TimeQuantaPerBitTimeCCU not found: check if there is a RefParameter without a condition.
2025-10-15 09:48:59,991 [WARN] IP:2250 - WatchdogStartValueCCU not found: check if there is a RefParameter without a condition.
2025-10-15 09:49:00,047 [INFO] CodeEngine:265 - oldGeneratedFile, E:\AGH\AiR\Praca_inzynierska\bldc_foc\Projects\G4_CAN\MXTmpFiles\license.tmp_save
2025-10-15 09:49:00,233 [INFO] CodeEngine:289 - Generated code: E:\AGH\AiR\Praca_inzynierska\bldc_foc\Projects\G4_CAN\MXTmpFiles\license.tmp
2025-10-15 09:49:00,254 [INFO] CodeEngine:265 - oldGeneratedFile, E:\AGH\AiR\Praca_inzynierska\bldc_foc\Projects\G4_CAN\MXTmpFiles\gpio.tmp_save
2025-10-15 09:49:00,366 [INFO] CodeEngine:289 - Generated code: E:\AGH\AiR\Praca_inzynierska\bldc_foc\Projects\G4_CAN\MXTmpFiles\gpio.tmp
2025-10-15 09:49:00,418 [INFO] CodeEngine:265 - oldGeneratedFile, E:\AGH\AiR\Praca_inzynierska\bldc_foc\Projects\G4_CAN\Core\Src\stm32g4xx_it.c_save
2025-10-15 09:49:00,489 [INFO] CodeEngine:289 - Generated code: E:\AGH\AiR\Praca_inzynierska\bldc_foc\Projects\G4_CAN\Core\Src\stm32g4xx_it.c
2025-10-15 09:49:00,493 [INFO] CodeEngine:265 - oldGeneratedFile, E:\AGH\AiR\Praca_inzynierska\bldc_foc\Projects\G4_CAN\Core\Inc\stm32g4xx_it.h_save
2025-10-15 09:49:00,546 [INFO] CodeEngine:289 - Generated code: E:\AGH\AiR\Praca_inzynierska\bldc_foc\Projects\G4_CAN\Core\Inc\stm32g4xx_it.h
2025-10-15 09:49:00,553 [INFO] CodeEngine:265 - oldGeneratedFile, E:\AGH\AiR\Praca_inzynierska\bldc_foc\Projects\G4_CAN\Core\Src\stm32g4xx_hal_msp.c_save
2025-10-15 09:49:00,645 [INFO] CodeEngine:289 - Generated code: E:\AGH\AiR\Praca_inzynierska\bldc_foc\Projects\G4_CAN\Core\Src\stm32g4xx_hal_msp.c
2025-10-15 09:49:00,647 [INFO] CodeEngine:265 - oldGeneratedFile, E:\AGH\AiR\Praca_inzynierska\bldc_foc\Projects\G4_CAN\MXTmpFiles\system.tmp_save
2025-10-15 09:49:00,692 [INFO] CodeEngine:289 - Generated code: E:\AGH\AiR\Praca_inzynierska\bldc_foc\Projects\G4_CAN\MXTmpFiles\system.tmp
2025-10-15 09:49:00,698 [INFO] CodeEngine:321 - oldGeneratedFile, E:\AGH\AiR\Praca_inzynierska\bldc_foc\Projects\G4_CAN\Core\Inc\stm32g4xx_hal_conf.h_save
2025-10-15 09:49:00,746 [INFO] CodeEngine:345 - Generated code: E:\AGH\AiR\Praca_inzynierska\bldc_foc\Projects\G4_CAN\Core\Inc\stm32g4xx_hal_conf.h
2025-10-15 09:49:00,760 [WARN] IPConfigManager:3238 - Warning: the RefConfig RCC_CommonPeriphClockConfig is not available in your config.xml file
2025-10-15 09:49:00,765 [INFO] ApiDbMcu:532 - Load IP Config File for FDCAN1
2025-10-15 09:49:00,771 [INFO] CodeEngine:265 - oldGeneratedFile, E:\AGH\AiR\Praca_inzynierska\bldc_foc\Projects\G4_CAN\Core\Inc\main.h_save
2025-10-15 09:49:00,819 [INFO] CodeEngine:289 - Generated code: E:\AGH\AiR\Praca_inzynierska\bldc_foc\Projects\G4_CAN\Core\Inc\main.h
2025-10-15 09:49:00,823 [INFO] CodeEngine:265 - oldGeneratedFile, E:\AGH\AiR\Praca_inzynierska\bldc_foc\Projects\G4_CAN\Core\Src\main.c_save
2025-10-15 09:49:00,892 [INFO] CodeEngine:289 - Generated code: E:\AGH\AiR\Praca_inzynierska\bldc_foc\Projects\G4_CAN\Core\Src\main.c
2025-10-15 09:49:01,079 [INFO] ProjectBuilder:3606 - Time for Copy HAL[1] : 71mS.
2025-10-15 09:49:01,081 [INFO] ProjectBuilder:5216 - Project Generator version: 4.7.0-B52
2025-10-15 09:49:01,133 [INFO] ConfigFileManager:1595 - The Die is : DIE468
2025-10-15 09:49:01,689 [INFO] ProjectBuilder:5496 - Time for Generating toolchain IDE Files: 608mS.
2025-10-15 09:49:01,690 [INFO] ProjectBuilder:3463 - Time for Copy CMSIS : 0mS.
2025-10-15 09:49:01,691 [INFO] ProjectBuilder:3463 - Time for Copy CMSIS : 0mS.
2025-10-15 09:49:04,579 [INFO] MainUpdater:2872 - connection check result : 10
2025-10-15 09:49:04,579 [INFO] MainUpdater:2872 - connection check result : 10
2025-10-15 09:49:04,589 [INFO] LogOutputStream:77 - [STDOUT_REDIRECT] Nominal 
2025-10-15 09:49:04,591 [INFO] MicroXplorer:468 - Change Database Path : 
2025-10-15 09:49:04,591 [INFO] MicroXplorer:498 - Change Database Version : DB.6.0.150
2025-10-15 09:49:04,615 [ERROR] ProjectManagerView:395 - 
java.lang.NullPointerException: Cannot invoke "javax.swing.JTextField.getText()" because the return value of "java.util.List.get(int)" is null
	at com.st.microxplorer.plugins.projectmanager.gui.ProjectChoiceTab$9.caretUpdate(ProjectChoiceTab.java:2706) ~[filemanager.jar:?]
	at javax.swing.text.JTextComponent.fireCaretUpdate(JTextComponent.java:408) ~[?:?]
	at javax.swing.text.JTextComponent$MutableCaretEvent.fire(JTextComponent.java:4484) ~[?:?]
	at javax.swing.text.JTextComponent$MutableCaretEvent.stateChanged(JTextComponent.java:4506) ~[?:?]
	at javax.swing.text.DefaultCaret.fireStateChanged(DefaultCaret.java:857) ~[?:?]
	at javax.swing.text.DefaultCaret.changeCaretPosition(DefaultCaret.java:1343) ~[?:?]
	at javax.swing.text.DefaultCaret.handleSetDot(DefaultCaret.java:1242) ~[?:?]
	at javax.swing.text.DefaultCaret.setDot(DefaultCaret.java:1223) ~[?:?]
	at javax.swing.text.DefaultCaret$Handler.insertUpdate(DefaultCaret.java:1819) ~[?:?]
	at javax.swing.text.AbstractDocument.fireInsertUpdate(AbstractDocument.java:227) ~[?:?]
	at javax.swing.text.AbstractDocument.handleInsertString(AbstractDocument.java:781) ~[?:?]
	at javax.swing.text.AbstractDocument.insertString(AbstractDocument.java:740) ~[?:?]
	at javax.swing.text.PlainDocument.insertString(PlainDocument.java:131) ~[?:?]
	at javax.swing.text.AbstractDocument.replace(AbstractDocument.java:699) ~[?:?]
	at javax.swing.text.JTextComponent.setText(JTextComponent.java:1725) ~[?:?]
	at com.st.microxplorer.plugins.projectmanager.gui.ProjectChoiceTab.createHeapStackFields(ProjectChoiceTab.java:993) ~[filemanager.jar:?]
	at com.st.microxplorer.plugins.projectmanager.gui.ProjectChoiceTab.buildLinkSettingsPanel(ProjectChoiceTab.java:3813) ~[filemanager.jar:?]
	at com.st.microxplorer.plugins.projectmanager.gui.ProjectChoiceTab.defineWindowsFields(ProjectChoiceTab.java:1987) ~[filemanager.jar:?]
	at com.st.microxplorer.plugins.projectmanager.gui.ProjectChoiceTab.updateSettings(ProjectChoiceTab.java:558) ~[filemanager.jar:?]
	at com.st.microxplorer.plugins.projectmanager.gui.ProjectSettingsPanel.UpdateDialog(ProjectSettingsPanel.java:247) ~[filemanager.jar:?]
	at com.st.microxplorer.plugins.projectmanager.ProjectManagerView.propertyChange(ProjectManagerView.java:392) ~[filemanager.jar:?]
	at java.beans.PropertyChangeSupport.fire(PropertyChangeSupport.java:343) ~[?:?]
	at java.beans.PropertyChangeSupport.firePropertyChange(PropertyChangeSupport.java:335) ~[?:?]
	at java.beans.PropertyChangeSupport.firePropertyChange(PropertyChangeSupport.java:268) ~[?:?]
	at com.st.microxplorer.util.MXPropertyChangeSupport.firePropertyChange(MXPropertyChangeSupport.java:54) ~[STM32CubeMX.jar:?]
	at com.st.microxplorer.mxsystem.MxSystem.closeConfig(MxSystem.java:899) ~[STM32CubeMX.jar:?]
	at com.st.microxplorer.maingui.MainPanel.closeConfig(MainPanel.java:792) ~[STM32CubeMX.jar:?]
	at com.st.microxplorer.plugins.filemanager.engine.OpenFileManager.loadConfigurationFile(OpenFileManager.java:288) ~[filemanager.jar:?]
	at com.st.microxplorer.plugins.filemanager.engine.MainFileManager.userLoadConfig(MainFileManager.java:364) ~[filemanager.jar:?]
	at com.st.microxplorer.plugins.filemanager.engine.MainFileManager.userLoadConfig(MainFileManager.java:342) ~[filemanager.jar:?]
	at com.st.microxplorer.plugins.filemanager.FileManagerView.getSpecificTask(FileManagerView.java:264) ~[filemanager.jar:?]
	at com.st.stm32cube.common.mx.editor.CubeMxEditor.getMxTabbedPaneInstance(CubeMxEditor.java:1198) ~[com.st.stm32cube.common.mx_6.15.0.202507011659/:?]
	at com.st.stm32cube.common.mx.editor.CubeMxEditor$12$1.createSwingComponent(CubeMxEditor.java:1068) ~[com.st.stm32cube.common.mx_6.15.0.202507011659/:?]
	at com.st.stm32cube.common.mx.oss.core.awtswtbridge.EmbeddedSwingComposite.doComponentCreation(EmbeddedSwingComposite.java:492) ~[com.st.stm32cube.common.mx.oss_6.15.0.202507011659/:?]
	at com.st.stm32cube.common.mx.oss.core.awtswtbridge.EmbeddedSwingComposite$4.run(EmbeddedSwingComposite.java:291) ~[com.st.stm32cube.common.mx.oss_6.15.0.202507011659/:?]
	at com.st.stm32cube.common.mx.oss.core.awtswtbridge.AwtEnvironment$2.run(AwtEnvironment.java:166) ~[com.st.stm32cube.common.mx.oss_6.15.0.202507011659/:?]
	at java.awt.event.InvocationEvent.dispatch(InvocationEvent.java:318) ~[?:?]
	at java.awt.EventQueue.dispatchEventImpl(EventQueue.java:773) ~[?:?]
	at java.awt.EventQueue$4.run(EventQueue.java:720) ~[?:?]
	at java.awt.EventQueue$4.run(EventQueue.java:714) ~[?:?]
	at java.security.AccessController.doPrivileged(AccessController.java:400) ~[?:?]
	at java.security.ProtectionDomain$JavaSecurityAccessImpl.doIntersectionPrivilege(ProtectionDomain.java:87) ~[?:?]
	at java.awt.EventQueue.dispatchEvent(EventQueue.java:742) ~[?:?]
	at java.awt.EventDispatchThread.pumpOneEventForFilters(EventDispatchThread.java:203) ~[?:?]
	at java.awt.EventDispatchThread.pumpEventsForFilter(EventDispatchThread.java:124) ~[?:?]
	at java.awt.EventDispatchThread.pumpEventsForHierarchy(EventDispatchThread.java:113) ~[?:?]
	at java.awt.EventDispatchThread.pumpEvents(EventDispatchThread.java:109) ~[?:?]
	at java.awt.EventDispatchThread.pumpEvents(EventDispatchThread.java:101) ~[?:?]
	at java.awt.EventDispatchThread.run(EventDispatchThread.java:90) ~[?:?]
2025-10-15 09:49:04,622 [WARN] ThirdParty:871 - waiting for thirdparty lock release [close project]
2025-10-15 09:49:04,622 [INFO] ThirdParty:873 - entering critical section [close project]
2025-10-15 09:49:04,622 [INFO] ThirdParty:883 - exiting critical section [close project]
2025-10-15 09:49:04,623 [INFO] PinOutPanel:1589 - setPackage(No Configuration,No Configuration)
2025-10-15 09:49:04,627 [INFO] UtilMem:75 - Begin LoadConfig() Used Memory: 581412368 Bytes (899678208)
2025-10-15 09:49:13,223 [INFO] ServerAccessManage:452 - Complete download http(s) 200
2025-10-15 09:49:13,223 [INFO] ServerAccessManage:509 - Download File stm32cube_db_v60130.zip
2025-10-15 09:49:14,153 [INFO] FileExtend:248 - Unzip File : stm32cube_db_v60130.zip
2025-10-15 09:49:14,153 [INFO] FileExtend:263 - Standard Zip Deflate
2025-10-15 09:49:18,052 [INFO] LoadServerPackagesThread:196 - End of LoadServerPackages Thread
2025-10-15 09:49:18,241 [INFO] CheckServerUpdateThread:120 - End of CheckServer Thread
2025-10-15 09:49:18,246 [INFO] MicroXplorer:468 - Change Database Path : C:/Users/Miloush/.stm32cubemx/databases/DB.6.0.130/db/
2025-10-15 09:49:18,246 [INFO] MicroXplorer:498 - Change Database Version : DB.6.0.130
2025-10-15 09:49:18,246 [INFO] OpenFileManager:355 - Change cursor
2025-10-15 09:49:18,258 [INFO] RulesReader:64 - Compatibility file has been processed (297 Rules)
2025-10-15 09:49:18,261 [INFO] Mcu:2029 - Initializing MCU STM32G431C(6-8-B)Ux STM32G431CBUx STM32G431CBU6
2025-10-15 09:49:20,152 [INFO] Context:786 - Trying to add GPIOservice into a context  which must be forbidden
2025-10-15 09:49:20,867 [INFO] ImportTextPane:234 - (OptionalMessage_ERROR) Pin7 (VP_RIF_VS_RIF1) cannot be retrieved for this MCU
2025-10-15 09:49:21,003 [INFO] RtosManager:558 - Registered RTOS mode: class=CMSIS, group=RTOS, mode=CMSIS_V1, owner=FREERTOS
2025-10-15 09:49:21,003 [INFO] RtosManager:558 - Registered RTOS mode: class=CMSIS, group=RTOS2, mode=CMSIS_V2, owner=FREERTOS
2025-10-15 09:49:21,003 [INFO] RtosManager:558 - Registered RTOS mode: class=RTOS, group=Core, mode=CMSIS_V1, owner=FREERTOS
2025-10-15 09:49:21,003 [INFO] RtosManager:558 - Registered RTOS mode: class=RTOS, group=Core, mode=CMSIS_V2, owner=FREERTOS
2025-10-15 09:49:21,003 [WARN] ModelIntegratedComponent:184 - Missing modes for component STMicroelectronics:FreeRTOS:0.0.1:STMicroelectronics:RTOS:FreeRTOS:Core:::10.2.0:
2025-10-15 09:49:21,006 [WARN] ModelIntegratedComponent:63 - No mode defined for component null
2025-10-15 09:49:21,006 [WARN] ModelIntegratedComponent:63 - No mode defined for component null
2025-10-15 09:49:21,007 [WARN] ModelIntegratedComponent:63 - No mode defined for component null
2025-10-15 09:49:21,007 [WARN] ModelIntegratedComponent:63 - No mode defined for component null
2025-10-15 09:49:21,007 [WARN] ModelIntegratedComponent:63 - No mode defined for component null
2025-10-15 09:49:21,007 [WARN] ModelIntegratedComponent:63 - No mode defined for component null
2025-10-15 09:49:21,007 [WARN] ModelIntegratedComponent:63 - No mode defined for component null
2025-10-15 09:49:21,007 [WARN] ModelIntegratedComponent:63 - No mode defined for component null
2025-10-15 09:49:21,007 [WARN] ModelIntegratedComponent:63 - No mode defined for component null
2025-10-15 09:49:21,007 [WARN] ModelIntegratedComponent:63 - No mode defined for component null
2025-10-15 09:49:21,007 [WARN] ModelIntegratedComponent:63 - No mode defined for component null
2025-10-15 09:49:21,007 [WARN] ModelIntegratedComponent:63 - No mode defined for component null
2025-10-15 09:49:21,007 [WARN] ModelIntegratedComponent:63 - No mode defined for component null
2025-10-15 09:49:21,007 [WARN] ModelIntegratedComponent:63 - No mode defined for component null
2025-10-15 09:49:21,007 [WARN] ModelIntegratedComponent:63 - No mode defined for component null
2025-10-15 09:49:21,007 [WARN] ModelIntegratedComponent:63 - No mode defined for component null
2025-10-15 09:49:21,007 [WARN] ModelIntegratedComponent:63 - No mode defined for component null
2025-10-15 09:49:21,007 [WARN] ModelIntegratedComponent:63 - No mode defined for component null
2025-10-15 09:49:21,007 [WARN] ModelIntegratedComponent:63 - No mode defined for component null
2025-10-15 09:49:21,007 [WARN] ModelIntegratedComponent:63 - No mode defined for component null
2025-10-15 09:49:21,007 [WARN] ModelIntegratedComponent:63 - No mode defined for component null
2025-10-15 09:49:21,007 [WARN] ModelIntegratedComponent:63 - No mode defined for component null
2025-10-15 09:49:21,007 [WARN] ModelIntegratedComponent:63 - No mode defined for component null
2025-10-15 09:49:21,007 [WARN] ModelIntegratedComponent:63 - No mode defined for component null
2025-10-15 09:49:21,007 [WARN] ModelIntegratedComponent:63 - No mode defined for component null
2025-10-15 09:49:21,007 [WARN] ModelIntegratedComponent:63 - No mode defined for component null
2025-10-15 09:49:21,007 [WARN] ModelIntegratedComponent:63 - No mode defined for component null
2025-10-15 09:49:21,007 [WARN] ModelIntegratedComponent:63 - No mode defined for component null
2025-10-15 09:49:21,007 [WARN] ModelIntegratedComponent:63 - No mode defined for component null
2025-10-15 09:49:21,007 [WARN] ModelIntegratedComponent:63 - No mode defined for component null
2025-10-15 09:49:21,007 [WARN] ModelIntegratedComponent:63 - No mode defined for component null
2025-10-15 09:49:21,007 [WARN] ModelIntegratedComponent:63 - No mode defined for component null
2025-10-15 09:49:21,007 [WARN] ModelIntegratedComponent:63 - No mode defined for component null
2025-10-15 09:49:21,007 [WARN] ModelIntegratedComponent:63 - No mode defined for component null
2025-10-15 09:49:21,007 [WARN] ModelIntegratedComponent:63 - No mode defined for component null
2025-10-15 09:49:21,007 [WARN] ModelPack:524 - Component already loaded: STMicroelectronics:HAL Drivers:0.0.0:STMicroelectronics:Device:STMicro_Driver:XSPI:HAL::0.0.1:HAL_XSPI
2025-10-15 09:49:21,174 [INFO] ThirdPartyModel:298 - Start build external matchings
2025-10-15 09:49:22,560 [INFO] ThirdPartyModel:316 - End build external matchings
2025-10-15 09:49:22,592 [WARN] IP:2250 - MessageRAMOffset not found: check if there is a RefParameter without a condition.
2025-10-15 09:49:22,593 [WARN] IP:2250 - RxFifo0ElmtsNbr not found: check if there is a RefParameter without a condition.
2025-10-15 09:49:22,593 [WARN] IP:2250 - RxFifo0ElmtSize not found: check if there is a RefParameter without a condition.
2025-10-15 09:49:22,593 [WARN] IP:2250 - RxFifo1ElmtsNbr not found: check if there is a RefParameter without a condition.
2025-10-15 09:49:22,593 [WARN] IP:2250 - RxFifo1ElmtSize not found: check if there is a RefParameter without a condition.
2025-10-15 09:49:22,593 [WARN] IP:2250 - RxBuffersNbr not found: check if there is a RefParameter without a condition.
2025-10-15 09:49:22,593 [WARN] IP:2250 - RxBufferSize not found: check if there is a RefParameter without a condition.
2025-10-15 09:49:22,593 [WARN] IP:2250 - TxEventsNbr not found: check if there is a RefParameter without a condition.
2025-10-15 09:49:22,593 [WARN] IP:2250 - TxBuffersNbr not found: check if there is a RefParameter without a condition.
2025-10-15 09:49:22,593 [WARN] IP:2250 - TxFifoQueueElmtsNbr not found: check if there is a RefParameter without a condition.
2025-10-15 09:49:22,593 [WARN] IP:2250 - TxElmtSize not found: check if there is a RefParameter without a condition.
2025-10-15 09:49:22,593 [WARN] IP:2250 - ClockCalibrationCCU not found: check if there is a RefParameter without a condition.
2025-10-15 09:49:22,593 [WARN] IP:2250 - ClockDividerCCU not found: check if there is a RefParameter without a condition.
2025-10-15 09:49:22,593 [WARN] IP:2250 - MinOscClkPeriodsCCU not found: check if there is a RefParameter without a condition.
2025-10-15 09:49:22,593 [WARN] IP:2250 - TimeQuantaPerBitTimeCCU not found: check if there is a RefParameter without a condition.
2025-10-15 09:49:22,593 [WARN] IP:2250 - WatchdogStartValueCCU not found: check if there is a RefParameter without a condition.
2025-10-15 09:49:22,876 [INFO] UtilMem:75 - End LoadConfig() Used Memory: 964646664 Bytes (1073741824)
2025-10-15 09:49:22,957 [WARN] ThirdParty:833 - waiting for thirdparty lock release [change project]
2025-10-15 09:49:22,957 [INFO] ThirdParty:835 - entering critical section [change project]
2025-10-15 09:49:22,957 [INFO] ThirdParty:1030 - CMSIS Pack Vendor :STMicroelectronics X-CUBE-PM33A1 1.0.0
2025-10-15 09:49:22,957 [INFO] ThirdParty:1030 - CMSIS Pack Vendor :STMicroelectronics USBPD 4.1
2025-10-15 09:49:22,957 [INFO] ThirdParty:1030 - CMSIS Pack Vendor :STMicroelectronics USB_HOST 2.0.0
2025-10-15 09:49:22,957 [INFO] ThirdParty:1030 - CMSIS Pack Vendor :STMicroelectronics FP-SNS-MOTENVWB1 1.4.0
2025-10-15 09:49:22,957 [INFO] ThirdParty:1030 - CMSIS Pack Vendor :STMicroelectronics X-CUBE-AZRTOS-F4 1.1.0
2025-10-15 09:49:22,957 [INFO] ThirdParty:1030 - CMSIS Pack Vendor :STMicroelectronics LIBJPEG 8.0.0
2025-10-15 09:49:22,957 [INFO] ThirdParty:1030 - CMSIS Pack Vendor :STMicroelectronics FP-ATR-ASTRA1 2.0.2
2025-10-15 09:49:22,957 [INFO] ThirdParty:1030 - CMSIS Pack Vendor :STMicroelectronics FP-ATR-ASTRA1 2.0.1
2025-10-15 09:49:22,957 [INFO] ThirdParty:1030 - CMSIS Pack Vendor :Avnet-IotConnect X-CUBE-IoTC-DA16k-PMOD 1.0.0
2025-10-15 09:49:22,957 [INFO] ThirdParty:1030 - CMSIS Pack Vendor :STMicroelectronics X-CUBE-SMBUS 2.1.0
2025-10-15 09:49:22,957 [INFO] ThirdParty:1030 - CMSIS Pack Vendor :STMicroelectronics X-CUBE-WB05N 1.1.0
2025-10-15 09:49:22,957 [INFO] ThirdParty:1030 - CMSIS Pack Vendor :STMicroelectronics X-CUBE-ISPU 2.1.0
2025-10-15 09:49:22,957 [INFO] ThirdParty:1030 - CMSIS Pack Vendor :STMicroelectronics X-CUBE-IPS 3.2.0
2025-10-15 09:49:22,957 [INFO] ThirdParty:1030 - CMSIS Pack Vendor :STMicroelectronics X-CUBE-FREERTOS 1.2.0
2025-10-15 09:49:22,957 [INFO] ThirdParty:1030 - CMSIS Pack Vendor :STMicroelectronics X-CUBE-ST60 1.0.0
2025-10-15 09:49:22,957 [INFO] ThirdParty:1030 - CMSIS Pack Vendor :STMicroelectronics X-CUBE-NFC12 1.0.0
2025-10-15 09:49:22,957 [INFO] ThirdParty:1030 - CMSIS Pack Vendor :STMicroelectronics X-CUBE-AZRTOS-F7 1.1.0
2025-10-15 09:49:22,957 [INFO] ThirdParty:1030 - CMSIS Pack Vendor :STMicroelectronics X-CUBE-AZRTOS-L5 2.0.0
2025-10-15 09:49:22,957 [INFO] ThirdParty:1030 - CMSIS Pack Vendor :STMicroelectronics USB_DEVICE 2.0.0
2025-10-15 09:49:22,957 [INFO] ThirdParty:1030 - CMSIS Pack Vendor :STMicroelectronics X-CUBE-NFC6 3.1.0
2025-10-15 09:49:22,957 [INFO] ThirdParty:1030 - CMSIS Pack Vendor :STMicroelectronics X-CUBE-MEMS1 11.0.0
2025-10-15 09:49:22,957 [INFO] ThirdParty:1030 - CMSIS Pack Vendor :STMicroelectronics FreeRTOS 0.0.1
2025-10-15 09:49:22,957 [INFO] ThirdParty:1030 - CMSIS Pack Vendor :STMicroelectronics X-CUBE-DPower 1.2.0
2025-10-15 09:49:22,957 [INFO] ThirdParty:1030 - CMSIS Pack Vendor :STMicroelectronics FP-SNS-FLIGHT1 5.0.2
2025-10-15 09:49:22,957 [INFO] ThirdParty:1030 - CMSIS Pack Vendor :STMicroelectronics PDM2PCM 3.3.0
2025-10-15 09:49:22,957 [INFO] ThirdParty:1030 - CMSIS Pack Vendor :STMicroelectronics X-CUBE-AZRTOS-H7 3.4.0
2025-10-15 09:49:22,957 [INFO] ThirdParty:1030 - CMSIS Pack Vendor :STMicroelectronics X-CUBE-DISPLAY 3.0.0
2025-10-15 09:49:22,957 [INFO] ThirdParty:1030 - CMSIS Pack Vendor :STMicroelectronics X-CUBE-BLE1 7.0.0
2025-10-15 09:49:22,957 [INFO] ThirdParty:1030 - CMSIS Pack Vendor :STMicroelectronics X-CUBE-NFC10 1.0.0
2025-10-15 09:49:22,957 [INFO] ThirdParty:1030 - CMSIS Pack Vendor :STMicroelectronics X-CUBE-BLEMGR 4.0.0
2025-10-15 09:49:22,957 [INFO] ThirdParty:1030 - CMSIS Pack Vendor :STMicroelectronics X-CUBE-FREERTOS 1.3.1
2025-10-15 09:49:22,957 [INFO] ThirdParty:1030 - CMSIS Pack Vendor :STMicroelectronics HAL Drivers 0.0.0
2025-10-15 09:49:22,957 [INFO] ThirdParty:1030 - CMSIS Pack Vendor :emotas I-CUBE-CANOPEN 1.3.0
2025-10-15 09:49:22,958 [INFO] ThirdParty:1030 - CMSIS Pack Vendor :STMicroelectronics X-CUBE-FREERTOS 1.3.0
2025-10-15 09:49:22,958 [INFO] ThirdParty:1030 - CMSIS Pack Vendor :STMicroelectronics X-CUBE-NFC7 1.0.1
2025-10-15 09:49:22,958 [INFO] ThirdParty:1030 - CMSIS Pack Vendor :STMicroelectronics MBEDTLS 2.14.1
2025-10-15 09:49:22,958 [INFO] ThirdParty:1030 - CMSIS Pack Vendor :STMicroelectronics X-CUBE-TOUCHGFX 4.26.0
2025-10-15 09:49:22,958 [INFO] ThirdParty:1030 - CMSIS Pack Vendor :STMicroelectronics X-CUBE-BLEMGR 3.1.0
2025-10-15 09:49:22,958 [INFO] ThirdParty:1030 - CMSIS Pack Vendor :STMicroelectronics X-CUBE-AI 10.0.0
2025-10-15 09:49:22,958 [INFO] ThirdParty:1030 - CMSIS Pack Vendor :STMicroelectronics FP-SNS-STBOX1 2.1.0
2025-10-15 09:49:22,958 [INFO] ThirdParty:1030 - CMSIS Pack Vendor :STMicroelectronics FP-SNS-STAIOTCFT 1.0.0
2025-10-15 09:49:22,958 [INFO] ThirdParty:1030 - CMSIS Pack Vendor :STMicroelectronics FP-SNS-SMARTAG2 1.2.0
2025-10-15 09:49:22,958 [INFO] ThirdParty:1030 - CMSIS Pack Vendor :STMicroelectronics FP-SNS-FLIGHT1 5.1.0
2025-10-15 09:49:22,958 [INFO] ThirdParty:1030 - CMSIS Pack Vendor :STMicroelectronics X-CUBE-MEMS1 11.1.0
2025-10-15 09:49:22,958 [INFO] ThirdParty:1030 - CMSIS Pack Vendor :STMicroelectronics X-CUBE-AZRTOS-WL 2.0.0
2025-10-15 09:49:22,958 [INFO] ThirdParty:1030 - CMSIS Pack Vendor :STMicroelectronics X-CUBE-DPower 1.3.0
2025-10-15 09:49:22,958 [INFO] ThirdParty:1030 - CMSIS Pack Vendor :STMicroelectronics FP-SNS-MOTENV1 5.0.0
2025-10-15 09:49:22,958 [INFO] ThirdParty:1030 - CMSIS Pack Vendor :STMicroelectronics USB_DEVICE 1.0.0
2025-10-15 09:49:22,958 [INFO] ThirdParty:1030 - CMSIS Pack Vendor :wolfSSL I-CUBE-wolfMQTT 1.19.0
2025-10-15 09:49:22,958 [INFO] ThirdParty:1030 - CMSIS Pack Vendor :STMicroelectronics X-CUBE-AZRTOS-L4 2.0.0
2025-10-15 09:49:22,958 [INFO] ThirdParty:1030 - CMSIS Pack Vendor :STMicroelectronics ThreadX 0.0.2
2025-10-15 09:49:22,958 [INFO] ThirdParty:1030 - CMSIS Pack Vendor :WES I-CUBE-Cesium 1.3.0
2025-10-15 09:49:22,958 [INFO] ThirdParty:1030 - CMSIS Pack Vendor :STMicroelectronics lwIP 2.1.2
2025-10-15 09:49:22,958 [INFO] ThirdParty:1030 - CMSIS Pack Vendor :STMicroelectronics X-CUBE-SFXS2LP1 4.0.0
2025-10-15 09:49:22,958 [INFO] ThirdParty:1030 - CMSIS Pack Vendor :STMicroelectronics X-CUBE-BLE2 3.3.0
2025-10-15 09:49:22,958 [INFO] ThirdParty:1030 - CMSIS Pack Vendor :STMicroelectronics PDM2PCM 3.2.0
2025-10-15 09:49:22,958 [INFO] ThirdParty:1030 - CMSIS Pack Vendor :STMicroelectronics X-CUBE-AZRTOS-H7 3.3.0
2025-10-15 09:49:22,958 [INFO] ThirdParty:1030 - CMSIS Pack Vendor :STMicroelectronics X-CUBE-NFC9 1.0.0
2025-10-15 09:49:22,958 [INFO] ThirdParty:1030 - CMSIS Pack Vendor :STMicroelectronics X-CUBE-BLE1 7.1.0
2025-10-15 09:49:22,958 [INFO] ThirdParty:1030 - CMSIS Pack Vendor :STMicroelectronics USB_DEVICE 3.0.0
2025-10-15 09:49:22,958 [INFO] ThirdParty:1030 - CMSIS Pack Vendor :STMicroelectronics X-CUBE-TCPP 4.1.0
2025-10-15 09:49:22,958 [INFO] ThirdParty:1030 - CMSIS Pack Vendor :STMicroelectronics X-CUBE-EEPRMA1 5.2.0
2025-10-15 09:49:22,958 [INFO] ThirdParty:1030 - CMSIS Pack Vendor :STMicroelectronics X-CUBE-BLEMGR 4.1.0
2025-10-15 09:49:22,958 [INFO] ThirdParty:1030 - CMSIS Pack Vendor :STMicroelectronics X-CUBE-IPS 3.0.0
2025-10-15 09:49:22,958 [INFO] ThirdParty:1030 - CMSIS Pack Vendor :STMicroelectronics X-CUBE-AZRTOS-WB 2.0.0
2025-10-15 09:49:22,958 [INFO] ThirdParty:1030 - CMSIS Pack Vendor :STMicroelectronics X-CUBE-GNSS1 7.0.0
2025-10-15 09:49:22,958 [INFO] ThirdParty:1030 - CMSIS Pack Vendor :STMicroelectronics X-CUBE-GNSS1 7.0.1
2025-10-15 09:49:22,958 [INFO] ThirdParty:1030 - CMSIS Pack Vendor :STMicroelectronics X-CUBE-TOUCHGFX 4.25.0
2025-10-15 09:49:22,958 [INFO] ThirdParty:1030 - CMSIS Pack Vendor :STMicroelectronics X-CUBE-ST67W61 1.1.0
2025-10-15 09:49:22,958 [INFO] ThirdParty:1030 - CMSIS Pack Vendor :STMicroelectronics X-CUBE-AI 10.1.0
2025-10-15 09:49:22,958 [INFO] ThirdParty:1030 - CMSIS Pack Vendor :STMicroelectronics FP-SNS-STBOX1 2.0.0
2025-10-15 09:49:22,958 [INFO] ThirdParty:1030 - CMSIS Pack Vendor :STMicroelectronics X-CUBE-MEMS1 11.2.0
2025-10-15 09:49:22,958 [INFO] ThirdParty:1030 - CMSIS Pack Vendor :STMicroelectronics X-CUBE-AZRTOS-G0 1.1.0
2025-10-15 09:49:22,958 [INFO] ThirdParty:1030 - CMSIS Pack Vendor :STMicroelectronics X-CUBE-SAFEA1 1.2.2
2025-10-15 09:49:22,958 [INFO] ThirdParty:1030 - CMSIS Pack Vendor :STMicroelectronics X-CUBE-NFC4 3.0.0
2025-10-15 09:49:22,958 [INFO] ThirdParty:1030 - CMSIS Pack Vendor :STMicroelectronics X-CUBE-SUBG2 5.0.0
2025-10-15 09:49:22,958 [INFO] ThirdParty:1030 - CMSIS Pack Vendor :STMicroelectronics X-CUBE-AZRTOS-H7RS 1.1.0
2025-10-15 09:49:22,958 [INFO] ThirdParty:1030 - CMSIS Pack Vendor :STMicroelectronics STM32_WPAN 1.0.0
2025-10-15 09:49:22,958 [INFO] ThirdParty:1030 - CMSIS Pack Vendor :EmbeddedOffice I-CUBE-FS-RTOS 1.0.1
2025-10-15 09:49:22,958 [INFO] ThirdParty:1030 - CMSIS Pack Vendor :STMicroelectronics lwIP 2.0.3
2025-10-15 09:49:22,958 [INFO] ThirdParty:1030 - CMSIS Pack Vendor :Cesanta I-CUBE-Mongoose 7.13.0
2025-10-15 09:49:22,958 [INFO] ThirdParty:1030 - CMSIS Pack Vendor :STMicroelectronics USB_HOST 1.0.0
2025-10-15 09:49:22,958 [INFO] ThirdParty:1030 - CMSIS Pack Vendor :STMicroelectronics X-CUBE-AZRTOS-G4 2.0.0
2025-10-15 09:49:22,958 [INFO] ThirdParty:1030 - CMSIS Pack Vendor :STMicroelectronics X-CUBE-WB05N 2.0.0
2025-10-15 09:49:22,958 [INFO] ThirdParty:1030 - CMSIS Pack Vendor :STMicroelectronics PDM2PCM 3.1.0
2025-10-15 09:49:22,958 [INFO] ThirdParty:1030 - CMSIS Pack Vendor :STMicroelectronics X-CUBE-NFC7 2.0.0
2025-10-15 09:49:22,958 [INFO] ThirdParty:1030 - CMSIS Pack Vendor :STMicroelectronics X-CUBE-TCPP 4.2.0
2025-10-15 09:49:22,958 [INFO] ThirdParty:1030 - CMSIS Pack Vendor :RealThread X-CUBE-RT-Thread_Nano 4.1.1
2025-10-15 09:49:22,958 [INFO] ThirdParty:1030 - CMSIS Pack Vendor :STMicroelectronics FP-ATR-SIGFOX1 3.2.0
2025-10-15 09:49:22,958 [INFO] ThirdParty:1030 - CMSIS Pack Vendor :wolfSSL I-CUBE-wolfSSL 5.7.2
2025-10-15 09:49:22,958 [INFO] ThirdParty:1030 - CMSIS Pack Vendor :quantropi X-CUBE-qispace-sdk-base 1.9.3
2025-10-15 09:49:22,958 [INFO] ThirdParty:1030 - CMSIS Pack Vendor :STMicroelectronics X-CUBE-EEPRMA1 5.1.0
2025-10-15 09:49:22,958 [INFO] ThirdParty:1030 - CMSIS Pack Vendor :STMicroelectronics MBEDTLS 2.16.2
2025-10-15 09:49:22,958 [INFO] ThirdParty:1030 - CMSIS Pack Vendor :STMicroelectronics X-CUBE-IPS 3.1.0
2025-10-15 09:49:22,958 [INFO] ThirdParty:1030 - CMSIS Pack Vendor :STMicroelectronics X-CUBE-ALS 1.0.2
2025-10-15 09:49:22,958 [INFO] ThirdParty:1030 - CMSIS Pack Vendor :ITTIA_DB I-CUBE-ITTIADB 8.9.0
2025-10-15 09:49:22,958 [INFO] ThirdParty:1030 - CMSIS Pack Vendor :STMicroelectronics X-CUBE-TOUCHGFX 4.24.2
2025-10-15 09:49:22,958 [INFO] ThirdParty:1030 - CMSIS Pack Vendor :STMicroelectronics X-CUBE-TOUCHGFX 4.24.1
2025-10-15 09:49:22,958 [INFO] ThirdParty:1030 - CMSIS Pack Vendor :STMicroelectronics X-CUBE-STSE01 1.0.0
2025-10-15 09:49:22,958 [INFO] ThirdParty:1030 - CMSIS Pack Vendor :wolfSSL I-CUBE-wolfTPM 3.4.0
2025-10-15 09:49:22,958 [INFO] ThirdParty:1030 - CMSIS Pack Vendor :portGmbH I-Cube-SoM-uGOAL 1.1.0
2025-10-15 09:49:22,959 [INFO] ThirdParty:1030 - CMSIS Pack Vendor :STMicroelectronics X-CUBE-ST67W61 1.0.0
2025-10-15 09:49:22,959 [INFO] ThirdParty:1030 - CMSIS Pack Vendor :STMicroelectronics X-CUBE-AI 10.2.0
2025-10-15 09:49:22,959 [INFO] ThirdParty:1030 - CMSIS Pack Vendor :STMicroelectronics ThreadX 1.0.0
2025-10-15 09:49:22,959 [INFO] ThirdParty:1030 - CMSIS Pack Vendor :SEGGER I-CUBE-embOS 1.3.1
2025-10-15 09:49:22,959 [INFO] ThirdParty:1030 - CMSIS Pack Vendor :STMicroelectronics X-CUBE-ALGOBUILD 1.4.0
2025-10-15 09:49:22,959 [INFO] ThirdParty:1030 - CMSIS Pack Vendor :STMicroelectronics X-CUBE-MEMS1 11.3.0
2025-10-15 09:49:22,959 [INFO] ThirdParty:1030 - CMSIS Pack Vendor :STMicroelectronics X-CUBE-AZRTOS-H7RS 1.0.0
2025-10-15 09:49:22,959 [INFO] ThirdParty:1030 - CMSIS Pack Vendor :STMicroelectronics FP-ATR-ASTRA1 2.0.0
2025-10-15 09:49:22,959 [INFO] ThirdParty:1030 - CMSIS Pack Vendor :STMicroelectronics X-CUBE-TOF1 3.4.2
2025-10-15 09:49:22,959 [INFO] ThirdParty:1030 - CMSIS Pack Vendor :STMicroelectronics X-CUBE-TOF1 3.4.3
2025-10-15 09:49:22,959 [INFO] ThirdParty:1030 - CMSIS Pack Vendor :STMicroelectronics X-CUBE-AI 9.1.0
2025-10-15 09:49:22,959 [INFO] ThirdParty:1030 - CMSIS Pack Vendor :Infineon AIROC-Wi-Fi-Bluetooth-STM32 1.6.1
2025-10-15 09:49:22,959 [INFO] ThirdParty:1030 - CMSIS Pack Vendor :wolfSSL I-CUBE-wolfSSH 1.4.17
2025-10-15 09:49:22,959 [INFO] ThirdParty:841 - exiting critical section [change project]
2025-10-15 09:49:23,172 [INFO] PinOutPanel:1589 - setPackage(No Configuration,No Configuration)
2025-10-15 09:49:23,173 [INFO] PinOutPanel:1589 - setPackage(STM32G431CBUx,UFQFPN48)
2025-10-15 09:49:23,269 [INFO] UtilMem:75 - Before build in PCC Used Memory: 567496968 Bytes (1073741824)
2025-10-15 09:49:23,572 [INFO] UtilMem:75 - After build in PCC Used Memory: 660315408 Bytes (1073741824)
2025-10-15 09:49:23,590 [INFO] IPUIPlugin:80 - create IPUIPlugin
2025-10-15 09:49:23,590 [INFO] IPUIPlugin:80 - create IPUIPlugin
2025-10-15 09:49:23,590 [INFO] IPUIPlugin:80 - create IPUIPlugin
2025-10-15 09:49:23,590 [INFO] IPUIPlugin:80 - create IPUIPlugin
2025-10-15 09:49:23,590 [INFO] IPUIPlugin:80 - create IPUIPlugin
2025-10-15 09:49:23,590 [INFO] IPUIPlugin:80 - create IPUIPlugin
2025-10-15 09:49:23,590 [INFO] IPUIPlugin:80 - create IPUIPlugin
2025-10-15 09:49:23,590 [INFO] IPUIPlugin:80 - create IPUIPlugin
2025-10-15 09:49:23,590 [INFO] IPUIPlugin:80 - create IPUIPlugin
2025-10-15 09:49:23,590 [INFO] IPUIPlugin:80 - create IPUIPlugin
2025-10-15 09:49:23,590 [INFO] IPUIPlugin:80 - create IPUIPlugin
2025-10-15 09:49:23,590 [INFO] IPUIPlugin:80 - create IPUIPlugin
2025-10-15 09:49:23,590 [INFO] IPUIPlugin:80 - create IPUIPlugin
2025-10-15 09:49:23,590 [INFO] IPUIPlugin:80 - create IPUIPlugin
2025-10-15 09:49:23,590 [INFO] IPUIPlugin:80 - create IPUIPlugin
2025-10-15 09:49:23,591 [INFO] IPUIPlugin:80 - create IPUIPlugin
2025-10-15 09:49:23,591 [INFO] IPUIPlugin:80 - create IPUIPlugin
2025-10-15 09:49:23,591 [INFO] IPUIPlugin:80 - create IPUIPlugin
2025-10-15 09:49:23,591 [INFO] IPUIPlugin:80 - create IPUIPlugin
2025-10-15 09:49:23,591 [INFO] IPUIPlugin:80 - create IPUIPlugin
2025-10-15 09:49:23,591 [INFO] IPUIPlugin:80 - create IPUIPlugin
2025-10-15 09:49:23,591 [INFO] IPUIPlugin:80 - create IPUIPlugin
2025-10-15 09:49:23,591 [INFO] IPUIPlugin:80 - create IPUIPlugin
2025-10-15 09:49:23,591 [INFO] IPUIPlugin:80 - create IPUIPlugin
2025-10-15 09:49:23,591 [INFO] IPUIPlugin:80 - create IPUIPlugin
2025-10-15 09:49:23,591 [INFO] IPUIPlugin:80 - create IPUIPlugin
2025-10-15 09:49:23,591 [INFO] IPUIPlugin:80 - create IPUIPlugin
2025-10-15 09:49:23,592 [INFO] IPUIPlugin:80 - create IPUIPlugin
2025-10-15 09:49:23,592 [INFO] IPUIPlugin:80 - create IPUIPlugin
2025-10-15 09:49:23,592 [INFO] IPUIPlugin:80 - create IPUIPlugin
2025-10-15 09:49:23,592 [INFO] IPUIPlugin:80 - create IPUIPlugin
2025-10-15 09:49:23,592 [INFO] IPUIPlugin:80 - create IPUIPlugin
2025-10-15 09:49:23,592 [INFO] IPUIPlugin:80 - create IPUIPlugin
2025-10-15 09:49:23,592 [INFO] IPUIPlugin:80 - create IPUIPlugin
2025-10-15 09:49:23,592 [INFO] IPUIPlugin:80 - create IPUIPlugin
2025-10-15 09:49:23,592 [INFO] IPUIPlugin:80 - create IPUIPlugin
2025-10-15 09:49:23,592 [INFO] IPUIPlugin:80 - create IPUIPlugin
2025-10-15 09:49:23,593 [INFO] IPUIPlugin:80 - create IPUIPlugin
2025-10-15 09:49:23,593 [INFO] IPUIPlugin:80 - create IPUIPlugin
2025-10-15 09:49:23,593 [INFO] IPUIPlugin:80 - create IPUIPlugin
2025-10-15 09:49:23,593 [INFO] IPUIPlugin:80 - create IPUIPlugin
2025-10-15 09:49:23,593 [INFO] IPUIPlugin:80 - create IPUIPlugin
2025-10-15 09:49:23,593 [INFO] IPUIPlugin:80 - create IPUIPlugin
2025-10-15 09:49:23,594 [INFO] IPUIPlugin:80 - create IPUIPlugin
2025-10-15 09:49:23,594 [INFO] IPUIPlugin:80 - create IPUIPlugin
2025-10-15 09:49:23,594 [INFO] IPUIPlugin:80 - create IPUIPlugin
2025-10-15 09:49:23,594 [INFO] IPUIPlugin:80 - create IPUIPlugin
2025-10-15 09:49:23,594 [INFO] IPUIPlugin:80 - create IPUIPlugin
2025-10-15 09:49:23,594 [INFO] IPUIPlugin:80 - create IPUIPlugin
2025-10-15 09:49:23,594 [INFO] IPUIPlugin:80 - create IPUIPlugin
2025-10-15 09:49:23,594 [INFO] IPUIPlugin:80 - create IPUIPlugin
2025-10-15 09:49:23,595 [INFO] IPUIPlugin:80 - create IPUIPlugin
2025-10-15 09:49:23,595 [INFO] IPUIPlugin:80 - create IPUIPlugin
2025-10-15 09:49:23,595 [INFO] IPUIPlugin:80 - create IPUIPlugin
2025-10-15 09:49:23,595 [INFO] IPUIPlugin:80 - create IPUIPlugin
2025-10-15 09:49:23,595 [INFO] IPUIPlugin:80 - create IPUIPlugin
2025-10-15 09:49:23,595 [INFO] IPUIPlugin:80 - create IPUIPlugin
2025-10-15 09:49:23,596 [INFO] IPUIPlugin:80 - create IPUIPlugin
2025-10-15 09:49:23,601 [WARN] IP:2250 - MessageRAMOffset not found: check if there is a RefParameter without a condition.
2025-10-15 09:49:23,601 [WARN] IP:2250 - RxFifo0ElmtsNbr not found: check if there is a RefParameter without a condition.
2025-10-15 09:49:23,601 [WARN] IP:2250 - RxFifo0ElmtSize not found: check if there is a RefParameter without a condition.
2025-10-15 09:49:23,601 [WARN] IP:2250 - RxFifo1ElmtsNbr not found: check if there is a RefParameter without a condition.
2025-10-15 09:49:23,601 [WARN] IP:2250 - RxFifo1ElmtSize not found: check if there is a RefParameter without a condition.
2025-10-15 09:49:23,601 [WARN] IP:2250 - RxBuffersNbr not found: check if there is a RefParameter without a condition.
2025-10-15 09:49:23,601 [WARN] IP:2250 - RxBufferSize not found: check if there is a RefParameter without a condition.
2025-10-15 09:49:23,601 [WARN] IP:2250 - TxEventsNbr not found: check if there is a RefParameter without a condition.
2025-10-15 09:49:23,601 [WARN] IP:2250 - TxBuffersNbr not found: check if there is a RefParameter without a condition.
2025-10-15 09:49:23,601 [WARN] IP:2250 - TxFifoQueueElmtsNbr not found: check if there is a RefParameter without a condition.
2025-10-15 09:49:23,601 [WARN] IP:2250 - TxElmtSize not found: check if there is a RefParameter without a condition.
2025-10-15 09:49:23,601 [WARN] IP:2250 - ClockCalibrationCCU not found: check if there is a RefParameter without a condition.
2025-10-15 09:49:23,601 [WARN] IP:2250 - ClockDividerCCU not found: check if there is a RefParameter without a condition.
2025-10-15 09:49:23,601 [WARN] IP:2250 - MinOscClkPeriodsCCU not found: check if there is a RefParameter without a condition.
2025-10-15 09:49:23,601 [WARN] IP:2250 - TimeQuantaPerBitTimeCCU not found: check if there is a RefParameter without a condition.
2025-10-15 09:49:23,601 [WARN] IP:2250 - WatchdogStartValueCCU not found: check if there is a RefParameter without a condition.
2025-10-15 09:49:23,602 [INFO] LogOutputStream:77 - [STDOUT_REDIRECT] Nominal 
2025-10-15 09:49:23,603 [INFO] Can:71 - Can Add PropertyChangeListener com.st.microxplorer.plugins.ip.can.Can@3a0cd0e6
2025-10-15 09:49:23,658 [INFO] CADModel:165 - CPN selected for project levelSTM32G431CBU6
2025-10-15 09:49:23,658 [INFO] CADModel:114 - Register for checkConnection events
2025-10-15 09:49:23,718 [INFO] OpenFileManager:386 - Restore cursor
2025-10-15 09:49:23,848 [WARN] IP:2250 - MessageRAMOffset not found: check if there is a RefParameter without a condition.
2025-10-15 09:49:23,848 [WARN] IP:2250 - RxFifo0ElmtsNbr not found: check if there is a RefParameter without a condition.
2025-10-15 09:49:23,848 [WARN] IP:2250 - RxFifo0ElmtSize not found: check if there is a RefParameter without a condition.
2025-10-15 09:49:23,848 [WARN] IP:2250 - RxFifo1ElmtsNbr not found: check if there is a RefParameter without a condition.
2025-10-15 09:49:23,848 [WARN] IP:2250 - RxFifo1ElmtSize not found: check if there is a RefParameter without a condition.
2025-10-15 09:49:23,848 [WARN] IP:2250 - RxBuffersNbr not found: check if there is a RefParameter without a condition.
2025-10-15 09:49:23,848 [WARN] IP:2250 - RxBufferSize not found: check if there is a RefParameter without a condition.
2025-10-15 09:49:23,848 [WARN] IP:2250 - TxEventsNbr not found: check if there is a RefParameter without a condition.
2025-10-15 09:49:23,848 [WARN] IP:2250 - TxBuffersNbr not found: check if there is a RefParameter without a condition.
2025-10-15 09:49:23,848 [WARN] IP:2250 - TxFifoQueueElmtsNbr not found: check if there is a RefParameter without a condition.
2025-10-15 09:49:23,848 [WARN] IP:2250 - TxElmtSize not found: check if there is a RefParameter without a condition.
2025-10-15 09:49:23,848 [WARN] IP:2250 - ClockCalibrationCCU not found: check if there is a RefParameter without a condition.
2025-10-15 09:49:23,848 [WARN] IP:2250 - ClockDividerCCU not found: check if there is a RefParameter without a condition.
2025-10-15 09:49:23,848 [WARN] IP:2250 - MinOscClkPeriodsCCU not found: check if there is a RefParameter without a condition.
2025-10-15 09:49:23,848 [WARN] IP:2250 - TimeQuantaPerBitTimeCCU not found: check if there is a RefParameter without a condition.
2025-10-15 09:49:23,848 [WARN] IP:2250 - WatchdogStartValueCCU not found: check if there is a RefParameter without a condition.
2025-10-15 09:49:28,369 [INFO] LogOutputStream:77 - [STDOUT_REDIRECT] Nominal 
2025-10-15 09:49:28,383 [WARN] IP:2250 - MessageRAMOffset not found: check if there is a RefParameter without a condition.
2025-10-15 09:49:28,383 [WARN] IP:2250 - RxFifo0ElmtsNbr not found: check if there is a RefParameter without a condition.
2025-10-15 09:49:28,383 [WARN] IP:2250 - RxFifo0ElmtSize not found: check if there is a RefParameter without a condition.
2025-10-15 09:49:28,383 [WARN] IP:2250 - RxFifo1ElmtsNbr not found: check if there is a RefParameter without a condition.
2025-10-15 09:49:28,383 [WARN] IP:2250 - RxFifo1ElmtSize not found: check if there is a RefParameter without a condition.
2025-10-15 09:49:28,383 [WARN] IP:2250 - RxBuffersNbr not found: check if there is a RefParameter without a condition.
2025-10-15 09:49:28,383 [WARN] IP:2250 - RxBufferSize not found: check if there is a RefParameter without a condition.
2025-10-15 09:49:28,383 [WARN] IP:2250 - TxEventsNbr not found: check if there is a RefParameter without a condition.
2025-10-15 09:49:28,383 [WARN] IP:2250 - TxBuffersNbr not found: check if there is a RefParameter without a condition.
2025-10-15 09:49:28,383 [WARN] IP:2250 - TxFifoQueueElmtsNbr not found: check if there is a RefParameter without a condition.
2025-10-15 09:49:28,383 [WARN] IP:2250 - TxElmtSize not found: check if there is a RefParameter without a condition.
2025-10-15 09:49:28,383 [WARN] IP:2250 - ClockCalibrationCCU not found: check if there is a RefParameter without a condition.
2025-10-15 09:49:28,383 [WARN] IP:2250 - ClockDividerCCU not found: check if there is a RefParameter without a condition.
2025-10-15 09:49:28,383 [WARN] IP:2250 - MinOscClkPeriodsCCU not found: check if there is a RefParameter without a condition.
2025-10-15 09:49:28,383 [WARN] IP:2250 - TimeQuantaPerBitTimeCCU not found: check if there is a RefParameter without a condition.
2025-10-15 09:49:28,383 [WARN] IP:2250 - WatchdogStartValueCCU not found: check if there is a RefParameter without a condition.
2025-10-15 09:49:35,425 [INFO] MainUpdater:2872 - connection check result : 10
2025-10-15 09:49:35,425 [INFO] MainUpdater:2872 - connection check result : 10
2025-10-15 09:49:35,436 [INFO] LogOutputStream:77 - [STDOUT_REDIRECT] Nominal 
2025-10-15 09:49:35,438 [INFO] MicroXplorer:468 - Change Database Path : 
2025-10-15 09:49:35,438 [INFO] MicroXplorer:498 - Change Database Version : DB.6.0.150
2025-10-15 09:49:35,460 [ERROR] ProjectManagerView:395 - 
java.lang.NullPointerException: Cannot invoke "javax.swing.JTextField.getText()" because the return value of "java.util.List.get(int)" is null
	at com.st.microxplorer.plugins.projectmanager.gui.ProjectChoiceTab$9.caretUpdate(ProjectChoiceTab.java:2706) ~[filemanager.jar:?]
	at javax.swing.text.JTextComponent.fireCaretUpdate(JTextComponent.java:408) ~[?:?]
	at javax.swing.text.JTextComponent$MutableCaretEvent.fire(JTextComponent.java:4484) ~[?:?]
	at javax.swing.text.JTextComponent$MutableCaretEvent.stateChanged(JTextComponent.java:4506) ~[?:?]
	at javax.swing.text.DefaultCaret.fireStateChanged(DefaultCaret.java:857) ~[?:?]
	at javax.swing.text.DefaultCaret.changeCaretPosition(DefaultCaret.java:1343) ~[?:?]
	at javax.swing.text.DefaultCaret.handleSetDot(DefaultCaret.java:1242) ~[?:?]
	at javax.swing.text.DefaultCaret.setDot(DefaultCaret.java:1223) ~[?:?]
	at javax.swing.text.DefaultCaret$Handler.insertUpdate(DefaultCaret.java:1819) ~[?:?]
	at javax.swing.text.AbstractDocument.fireInsertUpdate(AbstractDocument.java:227) ~[?:?]
	at javax.swing.text.AbstractDocument.handleInsertString(AbstractDocument.java:781) ~[?:?]
	at javax.swing.text.AbstractDocument.insertString(AbstractDocument.java:740) ~[?:?]
	at javax.swing.text.PlainDocument.insertString(PlainDocument.java:131) ~[?:?]
	at javax.swing.text.AbstractDocument.replace(AbstractDocument.java:699) ~[?:?]
	at javax.swing.text.JTextComponent.setText(JTextComponent.java:1725) ~[?:?]
	at com.st.microxplorer.plugins.projectmanager.gui.ProjectChoiceTab.createHeapStackFields(ProjectChoiceTab.java:993) ~[filemanager.jar:?]
	at com.st.microxplorer.plugins.projectmanager.gui.ProjectChoiceTab.buildLinkSettingsPanel(ProjectChoiceTab.java:3813) ~[filemanager.jar:?]
	at com.st.microxplorer.plugins.projectmanager.gui.ProjectChoiceTab.defineWindowsFields(ProjectChoiceTab.java:1987) ~[filemanager.jar:?]
	at com.st.microxplorer.plugins.projectmanager.gui.ProjectChoiceTab.updateSettings(ProjectChoiceTab.java:558) ~[filemanager.jar:?]
	at com.st.microxplorer.plugins.projectmanager.gui.ProjectSettingsPanel.UpdateDialog(ProjectSettingsPanel.java:247) ~[filemanager.jar:?]
	at com.st.microxplorer.plugins.projectmanager.ProjectManagerView.propertyChange(ProjectManagerView.java:392) ~[filemanager.jar:?]
	at java.beans.PropertyChangeSupport.fire(PropertyChangeSupport.java:343) ~[?:?]
	at java.beans.PropertyChangeSupport.firePropertyChange(PropertyChangeSupport.java:335) ~[?:?]
	at java.beans.PropertyChangeSupport.firePropertyChange(PropertyChangeSupport.java:268) ~[?:?]
	at com.st.microxplorer.util.MXPropertyChangeSupport.firePropertyChange(MXPropertyChangeSupport.java:54) ~[STM32CubeMX.jar:?]
	at com.st.microxplorer.mxsystem.MxSystem.closeConfig(MxSystem.java:899) ~[STM32CubeMX.jar:?]
	at com.st.microxplorer.maingui.MainPanel.closeConfig(MainPanel.java:792) ~[STM32CubeMX.jar:?]
	at com.st.microxplorer.plugins.filemanager.engine.OpenFileManager.loadConfigurationFile(OpenFileManager.java:288) ~[filemanager.jar:?]
	at com.st.microxplorer.plugins.filemanager.engine.MainFileManager.userLoadConfig(MainFileManager.java:364) ~[filemanager.jar:?]
	at com.st.microxplorer.plugins.filemanager.engine.MainFileManager.userLoadConfig(MainFileManager.java:342) ~[filemanager.jar:?]
	at com.st.microxplorer.plugins.filemanager.FileManagerView.getSpecificTask(FileManagerView.java:264) ~[filemanager.jar:?]
	at com.st.stm32cube.common.mx.editor.CubeMxEditor.getMxTabbedPaneInstance(CubeMxEditor.java:1198) ~[com.st.stm32cube.common.mx_6.15.0.202507011659/:?]
	at com.st.stm32cube.common.mx.editor.CubeMxEditor$12$1.createSwingComponent(CubeMxEditor.java:1068) ~[com.st.stm32cube.common.mx_6.15.0.202507011659/:?]
	at com.st.stm32cube.common.mx.oss.core.awtswtbridge.EmbeddedSwingComposite.doComponentCreation(EmbeddedSwingComposite.java:492) ~[com.st.stm32cube.common.mx.oss_6.15.0.202507011659/:?]
	at com.st.stm32cube.common.mx.oss.core.awtswtbridge.EmbeddedSwingComposite$4.run(EmbeddedSwingComposite.java:291) ~[com.st.stm32cube.common.mx.oss_6.15.0.202507011659/:?]
	at com.st.stm32cube.common.mx.oss.core.awtswtbridge.AwtEnvironment$2.run(AwtEnvironment.java:166) ~[com.st.stm32cube.common.mx.oss_6.15.0.202507011659/:?]
	at java.awt.event.InvocationEvent.dispatch(InvocationEvent.java:318) ~[?:?]
	at java.awt.EventQueue.dispatchEventImpl(EventQueue.java:773) ~[?:?]
	at java.awt.EventQueue$4.run(EventQueue.java:720) ~[?:?]
	at java.awt.EventQueue$4.run(EventQueue.java:714) ~[?:?]
	at java.security.AccessController.doPrivileged(AccessController.java:400) ~[?:?]
	at java.security.ProtectionDomain$JavaSecurityAccessImpl.doIntersectionPrivilege(ProtectionDomain.java:87) ~[?:?]
	at java.awt.EventQueue.dispatchEvent(EventQueue.java:742) ~[?:?]
	at java.awt.EventDispatchThread.pumpOneEventForFilters(EventDispatchThread.java:203) ~[?:?]
	at java.awt.EventDispatchThread.pumpEventsForFilter(EventDispatchThread.java:124) ~[?:?]
	at java.awt.EventDispatchThread.pumpEventsForHierarchy(EventDispatchThread.java:113) ~[?:?]
	at java.awt.EventDispatchThread.pumpEvents(EventDispatchThread.java:109) ~[?:?]
	at java.awt.EventDispatchThread.pumpEvents(EventDispatchThread.java:101) ~[?:?]
	at java.awt.EventDispatchThread.run(EventDispatchThread.java:90) ~[?:?]
2025-10-15 09:49:35,461 [WARN] ThirdParty:871 - waiting for thirdparty lock release [close project]
2025-10-15 09:49:35,461 [INFO] ThirdParty:873 - entering critical section [close project]
2025-10-15 09:49:35,461 [INFO] ThirdParty:883 - exiting critical section [close project]
2025-10-15 09:49:35,462 [INFO] PinOutPanel:1589 - setPackage(No Configuration,No Configuration)
2025-10-15 09:49:35,465 [INFO] UtilMem:75 - Begin LoadConfig() Used Memory: 537946168 Bytes (1073741824)
2025-10-15 09:49:35,466 [INFO] MicroXplorer:468 - Change Database Path : 
2025-10-15 09:49:35,466 [INFO] MicroXplorer:498 - Change Database Version : DB.6.0.150
2025-10-15 09:49:35,466 [INFO] OpenFileManager:355 - Change cursor
2025-10-15 09:49:35,471 [INFO] Mcu:2029 - Initializing MCU STM32G431R(6-8-B)Tx STM32G431RBTx STM32G431RBT6
2025-10-15 09:49:37,238 [INFO] Context:786 - Trying to add GPIOservice into a context  which must be forbidden
2025-10-15 09:49:37,420 [INFO] ApiDbMcu:532 - Load IP Config File for NUCLEO-G431RB
2025-10-15 09:49:37,477 [INFO] ImportTextPane:234 - (OptionalMessage_ERROR) Pin15 (VP_RIF_VS_RIF1) cannot be retrieved for this MCU
2025-10-15 09:49:37,539 [INFO] RtosManager:558 - Registered RTOS mode: class=CMSIS, group=RTOS, mode=CMSIS_V1, owner=FREERTOS
2025-10-15 09:49:37,539 [INFO] RtosManager:558 - Registered RTOS mode: class=CMSIS, group=RTOS2, mode=CMSIS_V2, owner=FREERTOS
2025-10-15 09:49:37,539 [INFO] RtosManager:558 - Registered RTOS mode: class=RTOS, group=Core, mode=CMSIS_V1, owner=FREERTOS
2025-10-15 09:49:37,539 [INFO] RtosManager:558 - Registered RTOS mode: class=RTOS, group=Core, mode=CMSIS_V2, owner=FREERTOS
2025-10-15 09:49:37,539 [WARN] ModelIntegratedComponent:184 - Missing modes for component STMicroelectronics:FreeRTOS:0.0.1:STMicroelectronics:RTOS:FreeRTOS:Core:::10.2.0:
2025-10-15 09:49:37,541 [WARN] ModelIntegratedComponent:63 - No mode defined for component null
2025-10-15 09:49:37,541 [WARN] ModelIntegratedComponent:63 - No mode defined for component null
2025-10-15 09:49:37,541 [WARN] ModelIntegratedComponent:63 - No mode defined for component null
2025-10-15 09:49:37,541 [WARN] ModelIntegratedComponent:63 - No mode defined for component null
2025-10-15 09:49:37,541 [WARN] ModelIntegratedComponent:63 - No mode defined for component null
2025-10-15 09:49:37,541 [WARN] ModelIntegratedComponent:63 - No mode defined for component null
2025-10-15 09:49:37,541 [WARN] ModelIntegratedComponent:63 - No mode defined for component null
2025-10-15 09:49:37,541 [WARN] ModelIntegratedComponent:63 - No mode defined for component null
2025-10-15 09:49:37,541 [WARN] ModelIntegratedComponent:63 - No mode defined for component null
2025-10-15 09:49:37,541 [WARN] ModelIntegratedComponent:63 - No mode defined for component null
2025-10-15 09:49:37,541 [WARN] ModelIntegratedComponent:63 - No mode defined for component null
2025-10-15 09:49:37,541 [WARN] ModelIntegratedComponent:63 - No mode defined for component null
2025-10-15 09:49:37,541 [WARN] ModelIntegratedComponent:63 - No mode defined for component null
2025-10-15 09:49:37,541 [WARN] ModelIntegratedComponent:63 - No mode defined for component null
2025-10-15 09:49:37,541 [WARN] ModelIntegratedComponent:63 - No mode defined for component null
2025-10-15 09:49:37,541 [WARN] ModelIntegratedComponent:63 - No mode defined for component null
2025-10-15 09:49:37,541 [WARN] ModelIntegratedComponent:63 - No mode defined for component null
2025-10-15 09:49:37,541 [WARN] ModelIntegratedComponent:63 - No mode defined for component null
2025-10-15 09:49:37,541 [WARN] ModelIntegratedComponent:63 - No mode defined for component null
2025-10-15 09:49:37,541 [WARN] ModelIntegratedComponent:63 - No mode defined for component null
2025-10-15 09:49:37,541 [WARN] ModelIntegratedComponent:63 - No mode defined for component null
2025-10-15 09:49:37,541 [WARN] ModelIntegratedComponent:63 - No mode defined for component null
2025-10-15 09:49:37,541 [WARN] ModelIntegratedComponent:63 - No mode defined for component null
2025-10-15 09:49:37,541 [WARN] ModelIntegratedComponent:63 - No mode defined for component null
2025-10-15 09:49:37,541 [WARN] ModelIntegratedComponent:63 - No mode defined for component null
2025-10-15 09:49:37,541 [WARN] ModelIntegratedComponent:63 - No mode defined for component null
2025-10-15 09:49:37,541 [WARN] ModelIntegratedComponent:63 - No mode defined for component null
2025-10-15 09:49:37,541 [WARN] ModelIntegratedComponent:63 - No mode defined for component null
2025-10-15 09:49:37,541 [WARN] ModelIntegratedComponent:63 - No mode defined for component null
2025-10-15 09:49:37,541 [WARN] ModelIntegratedComponent:63 - No mode defined for component null
2025-10-15 09:49:37,542 [WARN] ModelIntegratedComponent:63 - No mode defined for component null
2025-10-15 09:49:37,542 [WARN] ModelIntegratedComponent:63 - No mode defined for component null
2025-10-15 09:49:37,542 [WARN] ModelIntegratedComponent:63 - No mode defined for component null
2025-10-15 09:49:37,542 [WARN] ModelIntegratedComponent:63 - No mode defined for component null
2025-10-15 09:49:37,542 [WARN] ModelIntegratedComponent:63 - No mode defined for component null
2025-10-15 09:49:37,542 [WARN] ModelPack:524 - Component already loaded: STMicroelectronics:HAL Drivers:0.0.0:STMicroelectronics:Device:STMicro_Driver:XSPI:HAL::0.0.1:HAL_XSPI
2025-10-15 09:49:37,680 [INFO] ThirdPartyModel:298 - Start build external matchings
2025-10-15 09:49:39,058 [INFO] ThirdPartyModel:316 - End build external matchings
2025-10-15 09:49:39,077 [WARN] IP:2250 - MessageRAMOffset not found: check if there is a RefParameter without a condition.
2025-10-15 09:49:39,078 [WARN] IP:2250 - RxFifo0ElmtsNbr not found: check if there is a RefParameter without a condition.
2025-10-15 09:49:39,078 [WARN] IP:2250 - RxFifo0ElmtSize not found: check if there is a RefParameter without a condition.
2025-10-15 09:49:39,078 [WARN] IP:2250 - RxFifo1ElmtsNbr not found: check if there is a RefParameter without a condition.
2025-10-15 09:49:39,078 [WARN] IP:2250 - RxFifo1ElmtSize not found: check if there is a RefParameter without a condition.
2025-10-15 09:49:39,078 [WARN] IP:2250 - RxBuffersNbr not found: check if there is a RefParameter without a condition.
2025-10-15 09:49:39,078 [WARN] IP:2250 - RxBufferSize not found: check if there is a RefParameter without a condition.
2025-10-15 09:49:39,078 [WARN] IP:2250 - TxEventsNbr not found: check if there is a RefParameter without a condition.
2025-10-15 09:49:39,078 [WARN] IP:2250 - TxBuffersNbr not found: check if there is a RefParameter without a condition.
2025-10-15 09:49:39,078 [WARN] IP:2250 - TxFifoQueueElmtsNbr not found: check if there is a RefParameter without a condition.
2025-10-15 09:49:39,078 [WARN] IP:2250 - TxElmtSize not found: check if there is a RefParameter without a condition.
2025-10-15 09:49:39,078 [WARN] IP:2250 - ClockCalibrationCCU not found: check if there is a RefParameter without a condition.
2025-10-15 09:49:39,078 [WARN] IP:2250 - ClockDividerCCU not found: check if there is a RefParameter without a condition.
2025-10-15 09:49:39,078 [WARN] IP:2250 - MinOscClkPeriodsCCU not found: check if there is a RefParameter without a condition.
2025-10-15 09:49:39,078 [WARN] IP:2250 - TimeQuantaPerBitTimeCCU not found: check if there is a RefParameter without a condition.
2025-10-15 09:49:39,078 [WARN] IP:2250 - WatchdogStartValueCCU not found: check if there is a RefParameter without a condition.
2025-10-15 09:49:39,305 [INFO] UtilMem:75 - End LoadConfig() Used Memory: 879301816 Bytes (1073741824)
2025-10-15 09:49:39,345 [WARN] ThirdParty:833 - waiting for thirdparty lock release [change project]
2025-10-15 09:49:39,346 [INFO] ThirdParty:835 - entering critical section [change project]
2025-10-15 09:49:39,346 [INFO] ThirdParty:1030 - CMSIS Pack Vendor :STMicroelectronics X-CUBE-PM33A1 1.0.0
2025-10-15 09:49:39,346 [INFO] ThirdParty:1030 - CMSIS Pack Vendor :STMicroelectronics USBPD 4.1
2025-10-15 09:49:39,346 [INFO] ThirdParty:1030 - CMSIS Pack Vendor :STMicroelectronics USB_HOST 2.0.0
2025-10-15 09:49:39,346 [INFO] ThirdParty:1030 - CMSIS Pack Vendor :STMicroelectronics FP-SNS-MOTENVWB1 1.4.0
2025-10-15 09:49:39,346 [INFO] ThirdParty:1030 - CMSIS Pack Vendor :STMicroelectronics X-CUBE-AZRTOS-F4 1.1.0
2025-10-15 09:49:39,346 [INFO] ThirdParty:1030 - CMSIS Pack Vendor :STMicroelectronics LIBJPEG 8.0.0
2025-10-15 09:49:39,346 [INFO] ThirdParty:1030 - CMSIS Pack Vendor :STMicroelectronics FP-ATR-ASTRA1 2.0.2
2025-10-15 09:49:39,346 [INFO] ThirdParty:1030 - CMSIS Pack Vendor :STMicroelectronics FP-ATR-ASTRA1 2.0.1
2025-10-15 09:49:39,346 [INFO] ThirdParty:1030 - CMSIS Pack Vendor :Avnet-IotConnect X-CUBE-IoTC-DA16k-PMOD 1.0.0
2025-10-15 09:49:39,346 [INFO] ThirdParty:1030 - CMSIS Pack Vendor :STMicroelectronics X-CUBE-SMBUS 2.1.0
2025-10-15 09:49:39,346 [INFO] ThirdParty:1030 - CMSIS Pack Vendor :STMicroelectronics X-CUBE-WB05N 1.1.0
2025-10-15 09:49:39,346 [INFO] ThirdParty:1030 - CMSIS Pack Vendor :STMicroelectronics X-CUBE-ISPU 2.1.0
2025-10-15 09:49:39,346 [INFO] ThirdParty:1030 - CMSIS Pack Vendor :STMicroelectronics X-CUBE-IPS 3.2.0
2025-10-15 09:49:39,346 [INFO] ThirdParty:1030 - CMSIS Pack Vendor :STMicroelectronics X-CUBE-FREERTOS 1.2.0
2025-10-15 09:49:39,346 [INFO] ThirdParty:1030 - CMSIS Pack Vendor :STMicroelectronics X-CUBE-ST60 1.0.0
2025-10-15 09:49:39,346 [INFO] ThirdParty:1030 - CMSIS Pack Vendor :STMicroelectronics X-CUBE-NFC12 1.0.0
2025-10-15 09:49:39,346 [INFO] ThirdParty:1030 - CMSIS Pack Vendor :STMicroelectronics X-CUBE-AZRTOS-F7 1.1.0
2025-10-15 09:49:39,346 [INFO] ThirdParty:1030 - CMSIS Pack Vendor :STMicroelectronics X-CUBE-AZRTOS-L5 2.0.0
2025-10-15 09:49:39,346 [INFO] ThirdParty:1030 - CMSIS Pack Vendor :STMicroelectronics USB_DEVICE 2.0.0
2025-10-15 09:49:39,346 [INFO] ThirdParty:1030 - CMSIS Pack Vendor :STMicroelectronics X-CUBE-NFC6 3.1.0
2025-10-15 09:49:39,346 [INFO] ThirdParty:1030 - CMSIS Pack Vendor :STMicroelectronics X-CUBE-MEMS1 11.0.0
2025-10-15 09:49:39,346 [INFO] ThirdParty:1030 - CMSIS Pack Vendor :STMicroelectronics FreeRTOS 0.0.1
2025-10-15 09:49:39,346 [INFO] ThirdParty:1030 - CMSIS Pack Vendor :STMicroelectronics X-CUBE-DPower 1.2.0
2025-10-15 09:49:39,346 [INFO] ThirdParty:1030 - CMSIS Pack Vendor :STMicroelectronics FP-SNS-FLIGHT1 5.0.2
2025-10-15 09:49:39,346 [INFO] ThirdParty:1030 - CMSIS Pack Vendor :STMicroelectronics PDM2PCM 3.3.0
2025-10-15 09:49:39,346 [INFO] ThirdParty:1030 - CMSIS Pack Vendor :STMicroelectronics X-CUBE-AZRTOS-H7 3.4.0
2025-10-15 09:49:39,346 [INFO] ThirdParty:1030 - CMSIS Pack Vendor :STMicroelectronics X-CUBE-DISPLAY 3.0.0
2025-10-15 09:49:39,346 [INFO] ThirdParty:1030 - CMSIS Pack Vendor :STMicroelectronics X-CUBE-BLE1 7.0.0
2025-10-15 09:49:39,346 [INFO] ThirdParty:1030 - CMSIS Pack Vendor :STMicroelectronics X-CUBE-NFC10 1.0.0
2025-10-15 09:49:39,346 [INFO] ThirdParty:1030 - CMSIS Pack Vendor :STMicroelectronics X-CUBE-BLEMGR 4.0.0
2025-10-15 09:49:39,346 [INFO] ThirdParty:1030 - CMSIS Pack Vendor :STMicroelectronics X-CUBE-FREERTOS 1.3.1
2025-10-15 09:49:39,346 [INFO] ThirdParty:1030 - CMSIS Pack Vendor :STMicroelectronics HAL Drivers 0.0.0
2025-10-15 09:49:39,346 [INFO] ThirdParty:1030 - CMSIS Pack Vendor :emotas I-CUBE-CANOPEN 1.3.0
2025-10-15 09:49:39,346 [INFO] ThirdParty:1030 - CMSIS Pack Vendor :STMicroelectronics X-CUBE-FREERTOS 1.3.0
2025-10-15 09:49:39,346 [INFO] ThirdParty:1030 - CMSIS Pack Vendor :STMicroelectronics X-CUBE-NFC7 1.0.1
2025-10-15 09:49:39,346 [INFO] ThirdParty:1030 - CMSIS Pack Vendor :STMicroelectronics MBEDTLS 2.14.1
2025-10-15 09:49:39,346 [INFO] ThirdParty:1030 - CMSIS Pack Vendor :STMicroelectronics X-CUBE-TOUCHGFX 4.26.0
2025-10-15 09:49:39,346 [INFO] ThirdParty:1030 - CMSIS Pack Vendor :STMicroelectronics X-CUBE-BLEMGR 3.1.0
2025-10-15 09:49:39,346 [INFO] ThirdParty:1030 - CMSIS Pack Vendor :STMicroelectronics X-CUBE-AI 10.0.0
2025-10-15 09:49:39,346 [INFO] ThirdParty:1030 - CMSIS Pack Vendor :STMicroelectronics FP-SNS-STBOX1 2.1.0
2025-10-15 09:49:39,346 [INFO] ThirdParty:1030 - CMSIS Pack Vendor :STMicroelectronics FP-SNS-STAIOTCFT 1.0.0
2025-10-15 09:49:39,346 [INFO] ThirdParty:1030 - CMSIS Pack Vendor :STMicroelectronics FP-SNS-SMARTAG2 1.2.0
2025-10-15 09:49:39,346 [INFO] ThirdParty:1030 - CMSIS Pack Vendor :STMicroelectronics FP-SNS-FLIGHT1 5.1.0
2025-10-15 09:49:39,346 [INFO] ThirdParty:1030 - CMSIS Pack Vendor :STMicroelectronics X-CUBE-MEMS1 11.1.0
2025-10-15 09:49:39,346 [INFO] ThirdParty:1030 - CMSIS Pack Vendor :STMicroelectronics X-CUBE-AZRTOS-WL 2.0.0
2025-10-15 09:49:39,346 [INFO] ThirdParty:1030 - CMSIS Pack Vendor :STMicroelectronics X-CUBE-DPower 1.3.0
2025-10-15 09:49:39,346 [INFO] ThirdParty:1030 - CMSIS Pack Vendor :STMicroelectronics FP-SNS-MOTENV1 5.0.0
2025-10-15 09:49:39,346 [INFO] ThirdParty:1030 - CMSIS Pack Vendor :STMicroelectronics USB_DEVICE 1.0.0
2025-10-15 09:49:39,346 [INFO] ThirdParty:1030 - CMSIS Pack Vendor :wolfSSL I-CUBE-wolfMQTT 1.19.0
2025-10-15 09:49:39,346 [INFO] ThirdParty:1030 - CMSIS Pack Vendor :STMicroelectronics X-CUBE-AZRTOS-L4 2.0.0
2025-10-15 09:49:39,346 [INFO] ThirdParty:1030 - CMSIS Pack Vendor :STMicroelectronics ThreadX 0.0.2
2025-10-15 09:49:39,346 [INFO] ThirdParty:1030 - CMSIS Pack Vendor :WES I-CUBE-Cesium 1.3.0
2025-10-15 09:49:39,346 [INFO] ThirdParty:1030 - CMSIS Pack Vendor :STMicroelectronics lwIP 2.1.2
2025-10-15 09:49:39,346 [INFO] ThirdParty:1030 - CMSIS Pack Vendor :STMicroelectronics X-CUBE-SFXS2LP1 4.0.0
2025-10-15 09:49:39,346 [INFO] ThirdParty:1030 - CMSIS Pack Vendor :STMicroelectronics X-CUBE-BLE2 3.3.0
2025-10-15 09:49:39,346 [INFO] ThirdParty:1030 - CMSIS Pack Vendor :STMicroelectronics PDM2PCM 3.2.0
2025-10-15 09:49:39,346 [INFO] ThirdParty:1030 - CMSIS Pack Vendor :STMicroelectronics X-CUBE-AZRTOS-H7 3.3.0
2025-10-15 09:49:39,346 [INFO] ThirdParty:1030 - CMSIS Pack Vendor :STMicroelectronics X-CUBE-NFC9 1.0.0
2025-10-15 09:49:39,346 [INFO] ThirdParty:1030 - CMSIS Pack Vendor :STMicroelectronics X-CUBE-BLE1 7.1.0
2025-10-15 09:49:39,346 [INFO] ThirdParty:1030 - CMSIS Pack Vendor :STMicroelectronics USB_DEVICE 3.0.0
2025-10-15 09:49:39,346 [INFO] ThirdParty:1030 - CMSIS Pack Vendor :STMicroelectronics X-CUBE-TCPP 4.1.0
2025-10-15 09:49:39,346 [INFO] ThirdParty:1030 - CMSIS Pack Vendor :STMicroelectronics X-CUBE-EEPRMA1 5.2.0
2025-10-15 09:49:39,346 [INFO] ThirdParty:1030 - CMSIS Pack Vendor :STMicroelectronics X-CUBE-BLEMGR 4.1.0
2025-10-15 09:49:39,346 [INFO] ThirdParty:1030 - CMSIS Pack Vendor :STMicroelectronics X-CUBE-IPS 3.0.0
2025-10-15 09:49:39,346 [INFO] ThirdParty:1030 - CMSIS Pack Vendor :STMicroelectronics X-CUBE-AZRTOS-WB 2.0.0
2025-10-15 09:49:39,346 [INFO] ThirdParty:1030 - CMSIS Pack Vendor :STMicroelectronics X-CUBE-GNSS1 7.0.0
2025-10-15 09:49:39,346 [INFO] ThirdParty:1030 - CMSIS Pack Vendor :STMicroelectronics X-CUBE-GNSS1 7.0.1
2025-10-15 09:49:39,346 [INFO] ThirdParty:1030 - CMSIS Pack Vendor :STMicroelectronics X-CUBE-TOUCHGFX 4.25.0
2025-10-15 09:49:39,346 [INFO] ThirdParty:1030 - CMSIS Pack Vendor :STMicroelectronics X-CUBE-ST67W61 1.1.0
2025-10-15 09:49:39,346 [INFO] ThirdParty:1030 - CMSIS Pack Vendor :STMicroelectronics X-CUBE-AI 10.1.0
2025-10-15 09:49:39,346 [INFO] ThirdParty:1030 - CMSIS Pack Vendor :STMicroelectronics FP-SNS-STBOX1 2.0.0
2025-10-15 09:49:39,346 [INFO] ThirdParty:1030 - CMSIS Pack Vendor :STMicroelectronics X-CUBE-MEMS1 11.2.0
2025-10-15 09:49:39,346 [INFO] ThirdParty:1030 - CMSIS Pack Vendor :STMicroelectronics X-CUBE-AZRTOS-G0 1.1.0
2025-10-15 09:49:39,347 [INFO] ThirdParty:1030 - CMSIS Pack Vendor :STMicroelectronics X-CUBE-SAFEA1 1.2.2
2025-10-15 09:49:39,347 [INFO] ThirdParty:1030 - CMSIS Pack Vendor :STMicroelectronics X-CUBE-NFC4 3.0.0
2025-10-15 09:49:39,347 [INFO] ThirdParty:1030 - CMSIS Pack Vendor :STMicroelectronics X-CUBE-SUBG2 5.0.0
2025-10-15 09:49:39,347 [INFO] ThirdParty:1030 - CMSIS Pack Vendor :STMicroelectronics X-CUBE-AZRTOS-H7RS 1.1.0
2025-10-15 09:49:39,347 [INFO] ThirdParty:1030 - CMSIS Pack Vendor :STMicroelectronics STM32_WPAN 1.0.0
2025-10-15 09:49:39,347 [INFO] ThirdParty:1030 - CMSIS Pack Vendor :EmbeddedOffice I-CUBE-FS-RTOS 1.0.1
2025-10-15 09:49:39,347 [INFO] ThirdParty:1030 - CMSIS Pack Vendor :STMicroelectronics lwIP 2.0.3
2025-10-15 09:49:39,347 [INFO] ThirdParty:1030 - CMSIS Pack Vendor :Cesanta I-CUBE-Mongoose 7.13.0
2025-10-15 09:49:39,347 [INFO] ThirdParty:1030 - CMSIS Pack Vendor :STMicroelectronics USB_HOST 1.0.0
2025-10-15 09:49:39,347 [INFO] ThirdParty:1030 - CMSIS Pack Vendor :STMicroelectronics X-CUBE-AZRTOS-G4 2.0.0
2025-10-15 09:49:39,347 [INFO] ThirdParty:1030 - CMSIS Pack Vendor :STMicroelectronics X-CUBE-WB05N 2.0.0
2025-10-15 09:49:39,347 [INFO] ThirdParty:1030 - CMSIS Pack Vendor :STMicroelectronics PDM2PCM 3.1.0
2025-10-15 09:49:39,347 [INFO] ThirdParty:1030 - CMSIS Pack Vendor :STMicroelectronics X-CUBE-NFC7 2.0.0
2025-10-15 09:49:39,347 [INFO] ThirdParty:1030 - CMSIS Pack Vendor :STMicroelectronics X-CUBE-TCPP 4.2.0
2025-10-15 09:49:39,347 [INFO] ThirdParty:1030 - CMSIS Pack Vendor :RealThread X-CUBE-RT-Thread_Nano 4.1.1
2025-10-15 09:49:39,347 [INFO] ThirdParty:1030 - CMSIS Pack Vendor :STMicroelectronics FP-ATR-SIGFOX1 3.2.0
2025-10-15 09:49:39,347 [INFO] ThirdParty:1030 - CMSIS Pack Vendor :wolfSSL I-CUBE-wolfSSL 5.7.2
2025-10-15 09:49:39,347 [INFO] ThirdParty:1030 - CMSIS Pack Vendor :quantropi X-CUBE-qispace-sdk-base 1.9.3
2025-10-15 09:49:39,347 [INFO] ThirdParty:1030 - CMSIS Pack Vendor :STMicroelectronics X-CUBE-EEPRMA1 5.1.0
2025-10-15 09:49:39,347 [INFO] ThirdParty:1030 - CMSIS Pack Vendor :STMicroelectronics MBEDTLS 2.16.2
2025-10-15 09:49:39,347 [INFO] ThirdParty:1030 - CMSIS Pack Vendor :STMicroelectronics X-CUBE-IPS 3.1.0
2025-10-15 09:49:39,347 [INFO] ThirdParty:1030 - CMSIS Pack Vendor :STMicroelectronics X-CUBE-ALS 1.0.2
2025-10-15 09:49:39,347 [INFO] ThirdParty:1030 - CMSIS Pack Vendor :ITTIA_DB I-CUBE-ITTIADB 8.9.0
2025-10-15 09:49:39,347 [INFO] ThirdParty:1030 - CMSIS Pack Vendor :STMicroelectronics X-CUBE-TOUCHGFX 4.24.2
2025-10-15 09:49:39,347 [INFO] ThirdParty:1030 - CMSIS Pack Vendor :STMicroelectronics X-CUBE-TOUCHGFX 4.24.1
2025-10-15 09:49:39,347 [INFO] ThirdParty:1030 - CMSIS Pack Vendor :STMicroelectronics X-CUBE-STSE01 1.0.0
2025-10-15 09:49:39,347 [INFO] ThirdParty:1030 - CMSIS Pack Vendor :wolfSSL I-CUBE-wolfTPM 3.4.0
2025-10-15 09:49:39,347 [INFO] ThirdParty:1030 - CMSIS Pack Vendor :portGmbH I-Cube-SoM-uGOAL 1.1.0
2025-10-15 09:49:39,347 [INFO] ThirdParty:1030 - CMSIS Pack Vendor :STMicroelectronics X-CUBE-ST67W61 1.0.0
2025-10-15 09:49:39,347 [INFO] ThirdParty:1030 - CMSIS Pack Vendor :STMicroelectronics X-CUBE-AI 10.2.0
2025-10-15 09:49:39,347 [INFO] ThirdParty:1030 - CMSIS Pack Vendor :STMicroelectronics ThreadX 1.0.0
2025-10-15 09:49:39,347 [INFO] ThirdParty:1030 - CMSIS Pack Vendor :SEGGER I-CUBE-embOS 1.3.1
2025-10-15 09:49:39,347 [INFO] ThirdParty:1030 - CMSIS Pack Vendor :STMicroelectronics X-CUBE-ALGOBUILD 1.4.0
2025-10-15 09:49:39,347 [INFO] ThirdParty:1030 - CMSIS Pack Vendor :STMicroelectronics X-CUBE-MEMS1 11.3.0
2025-10-15 09:49:39,347 [INFO] ThirdParty:1030 - CMSIS Pack Vendor :STMicroelectronics X-CUBE-AZRTOS-H7RS 1.0.0
2025-10-15 09:49:39,347 [INFO] ThirdParty:1030 - CMSIS Pack Vendor :STMicroelectronics FP-ATR-ASTRA1 2.0.0
2025-10-15 09:49:39,347 [INFO] ThirdParty:1030 - CMSIS Pack Vendor :STMicroelectronics X-CUBE-TOF1 3.4.2
2025-10-15 09:49:39,347 [INFO] ThirdParty:1030 - CMSIS Pack Vendor :STMicroelectronics X-CUBE-TOF1 3.4.3
2025-10-15 09:49:39,347 [INFO] ThirdParty:1030 - CMSIS Pack Vendor :STMicroelectronics X-CUBE-AI 9.1.0
2025-10-15 09:49:39,347 [INFO] ThirdParty:1030 - CMSIS Pack Vendor :Infineon AIROC-Wi-Fi-Bluetooth-STM32 1.6.1
2025-10-15 09:49:39,347 [INFO] ThirdParty:1030 - CMSIS Pack Vendor :wolfSSL I-CUBE-wolfSSH 1.4.17
2025-10-15 09:49:39,347 [INFO] ThirdParty:841 - exiting critical section [change project]
2025-10-15 09:49:39,476 [INFO] PinOutPanel:1589 - setPackage(No Configuration,No Configuration)
2025-10-15 09:49:39,477 [INFO] PinOutPanel:1589 - setPackage(STM32G431RBTx,LQFP64)
2025-10-15 09:49:39,558 [INFO] UtilMem:75 - Before build in PCC Used Memory: 495845480 Bytes (1073741824)
2025-10-15 09:49:39,707 [INFO] UtilMem:75 - After build in PCC Used Memory: 585496680 Bytes (1073741824)
2025-10-15 09:49:39,722 [INFO] IPUIPlugin:80 - create IPUIPlugin
2025-10-15 09:49:39,722 [INFO] IPUIPlugin:80 - create IPUIPlugin
2025-10-15 09:49:39,722 [INFO] IPUIPlugin:80 - create IPUIPlugin
2025-10-15 09:49:39,722 [INFO] IPUIPlugin:80 - create IPUIPlugin
2025-10-15 09:49:39,722 [INFO] IPUIPlugin:80 - create IPUIPlugin
2025-10-15 09:49:39,722 [INFO] IPUIPlugin:80 - create IPUIPlugin
2025-10-15 09:49:39,722 [INFO] IPUIPlugin:80 - create IPUIPlugin
2025-10-15 09:49:39,722 [INFO] IPUIPlugin:80 - create IPUIPlugin
2025-10-15 09:49:39,722 [INFO] IPUIPlugin:80 - create IPUIPlugin
2025-10-15 09:49:39,722 [INFO] IPUIPlugin:80 - create IPUIPlugin
2025-10-15 09:49:39,722 [INFO] IPUIPlugin:80 - create IPUIPlugin
2025-10-15 09:49:39,722 [INFO] IPUIPlugin:80 - create IPUIPlugin
2025-10-15 09:49:39,722 [INFO] IPUIPlugin:80 - create IPUIPlugin
2025-10-15 09:49:39,723 [INFO] IPUIPlugin:80 - create IPUIPlugin
2025-10-15 09:49:39,723 [INFO] IPUIPlugin:80 - create IPUIPlugin
2025-10-15 09:49:39,723 [INFO] IPUIPlugin:80 - create IPUIPlugin
2025-10-15 09:49:39,723 [INFO] IPUIPlugin:80 - create IPUIPlugin
2025-10-15 09:49:39,723 [INFO] IPUIPlugin:80 - create IPUIPlugin
2025-10-15 09:49:39,723 [INFO] IPUIPlugin:80 - create IPUIPlugin
2025-10-15 09:49:39,723 [INFO] IPUIPlugin:80 - create IPUIPlugin
2025-10-15 09:49:39,723 [INFO] IPUIPlugin:80 - create IPUIPlugin
2025-10-15 09:49:39,723 [INFO] IPUIPlugin:80 - create IPUIPlugin
2025-10-15 09:49:39,723 [INFO] IPUIPlugin:80 - create IPUIPlugin
2025-10-15 09:49:39,723 [INFO] IPUIPlugin:80 - create IPUIPlugin
2025-10-15 09:49:39,723 [INFO] IPUIPlugin:80 - create IPUIPlugin
2025-10-15 09:49:39,723 [INFO] IPUIPlugin:80 - create IPUIPlugin
2025-10-15 09:49:39,723 [INFO] IPUIPlugin:80 - create IPUIPlugin
2025-10-15 09:49:39,723 [INFO] IPUIPlugin:80 - create IPUIPlugin
2025-10-15 09:49:39,723 [INFO] IPUIPlugin:80 - create IPUIPlugin
2025-10-15 09:49:39,724 [INFO] IPUIPlugin:80 - create IPUIPlugin
2025-10-15 09:49:39,724 [INFO] IPUIPlugin:80 - create IPUIPlugin
2025-10-15 09:49:39,724 [INFO] IPUIPlugin:80 - create IPUIPlugin
2025-10-15 09:49:39,724 [INFO] IPUIPlugin:80 - create IPUIPlugin
2025-10-15 09:49:39,724 [INFO] IPUIPlugin:80 - create IPUIPlugin
2025-10-15 09:49:39,724 [INFO] IPUIPlugin:80 - create IPUIPlugin
2025-10-15 09:49:39,724 [INFO] IPUIPlugin:80 - create IPUIPlugin
2025-10-15 09:49:39,724 [INFO] IPUIPlugin:80 - create IPUIPlugin
2025-10-15 09:49:39,724 [INFO] IPUIPlugin:80 - create IPUIPlugin
2025-10-15 09:49:39,724 [INFO] IPUIPlugin:80 - create IPUIPlugin
2025-10-15 09:49:39,724 [INFO] IPUIPlugin:80 - create IPUIPlugin
2025-10-15 09:49:39,725 [INFO] IPUIPlugin:80 - create IPUIPlugin
2025-10-15 09:49:39,725 [INFO] IPUIPlugin:80 - create IPUIPlugin
2025-10-15 09:49:39,725 [INFO] IPUIPlugin:80 - create IPUIPlugin
2025-10-15 09:49:39,725 [INFO] IPUIPlugin:80 - create IPUIPlugin
2025-10-15 09:49:39,725 [INFO] IPUIPlugin:80 - create IPUIPlugin
2025-10-15 09:49:39,725 [INFO] IPUIPlugin:80 - create IPUIPlugin
2025-10-15 09:49:39,725 [INFO] IPUIPlugin:80 - create IPUIPlugin
2025-10-15 09:49:39,725 [INFO] IPUIPlugin:80 - create IPUIPlugin
2025-10-15 09:49:39,726 [INFO] IPUIPlugin:80 - create IPUIPlugin
2025-10-15 09:49:39,726 [INFO] IPUIPlugin:80 - create IPUIPlugin
2025-10-15 09:49:39,726 [INFO] IPUIPlugin:80 - create IPUIPlugin
2025-10-15 09:49:39,726 [INFO] IPUIPlugin:80 - create IPUIPlugin
2025-10-15 09:49:39,726 [INFO] IPUIPlugin:80 - create IPUIPlugin
2025-10-15 09:49:39,727 [INFO] IPUIPlugin:80 - create IPUIPlugin
2025-10-15 09:49:39,727 [INFO] IPUIPlugin:80 - create IPUIPlugin
2025-10-15 09:49:39,727 [INFO] IPUIPlugin:80 - create IPUIPlugin
2025-10-15 09:49:39,727 [INFO] IPUIPlugin:80 - create IPUIPlugin
2025-10-15 09:49:39,727 [INFO] IPUIPlugin:80 - create IPUIPlugin
2025-10-15 09:49:39,727 [INFO] IPUIPlugin:80 - create IPUIPlugin
2025-10-15 09:49:39,732 [WARN] IP:2250 - MessageRAMOffset not found: check if there is a RefParameter without a condition.
2025-10-15 09:49:39,732 [WARN] IP:2250 - RxFifo0ElmtsNbr not found: check if there is a RefParameter without a condition.
2025-10-15 09:49:39,732 [WARN] IP:2250 - RxFifo0ElmtSize not found: check if there is a RefParameter without a condition.
2025-10-15 09:49:39,732 [WARN] IP:2250 - RxFifo1ElmtsNbr not found: check if there is a RefParameter without a condition.
2025-10-15 09:49:39,732 [WARN] IP:2250 - RxFifo1ElmtSize not found: check if there is a RefParameter without a condition.
2025-10-15 09:49:39,732 [WARN] IP:2250 - RxBuffersNbr not found: check if there is a RefParameter without a condition.
2025-10-15 09:49:39,732 [WARN] IP:2250 - RxBufferSize not found: check if there is a RefParameter without a condition.
2025-10-15 09:49:39,732 [WARN] IP:2250 - TxEventsNbr not found: check if there is a RefParameter without a condition.
2025-10-15 09:49:39,732 [WARN] IP:2250 - TxBuffersNbr not found: check if there is a RefParameter without a condition.
2025-10-15 09:49:39,733 [WARN] IP:2250 - TxFifoQueueElmtsNbr not found: check if there is a RefParameter without a condition.
2025-10-15 09:49:39,733 [WARN] IP:2250 - TxElmtSize not found: check if there is a RefParameter without a condition.
2025-10-15 09:49:39,733 [WARN] IP:2250 - ClockCalibrationCCU not found: check if there is a RefParameter without a condition.
2025-10-15 09:49:39,733 [WARN] IP:2250 - ClockDividerCCU not found: check if there is a RefParameter without a condition.
2025-10-15 09:49:39,733 [WARN] IP:2250 - MinOscClkPeriodsCCU not found: check if there is a RefParameter without a condition.
2025-10-15 09:49:39,733 [WARN] IP:2250 - TimeQuantaPerBitTimeCCU not found: check if there is a RefParameter without a condition.
2025-10-15 09:49:39,733 [WARN] IP:2250 - WatchdogStartValueCCU not found: check if there is a RefParameter without a condition.
2025-10-15 09:49:39,734 [INFO] LogOutputStream:77 - [STDOUT_REDIRECT] Nominal 
2025-10-15 09:49:39,734 [INFO] Can:71 - Can Add PropertyChangeListener com.st.microxplorer.plugins.ip.can.Can@674ecbd3
2025-10-15 09:49:39,773 [INFO] CADModel:165 - CPN selected for project levelSTM32G431RBT6
2025-10-15 09:49:39,773 [INFO] CADModel:114 - Register for checkConnection events
2025-10-15 09:49:39,836 [INFO] OpenFileManager:386 - Restore cursor
2025-10-15 09:49:39,957 [WARN] IP:2250 - MessageRAMOffset not found: check if there is a RefParameter without a condition.
2025-10-15 09:49:39,957 [WARN] IP:2250 - RxFifo0ElmtsNbr not found: check if there is a RefParameter without a condition.
2025-10-15 09:49:39,957 [WARN] IP:2250 - RxFifo0ElmtSize not found: check if there is a RefParameter without a condition.
2025-10-15 09:49:39,957 [WARN] IP:2250 - RxFifo1ElmtsNbr not found: check if there is a RefParameter without a condition.
2025-10-15 09:49:39,957 [WARN] IP:2250 - RxFifo1ElmtSize not found: check if there is a RefParameter without a condition.
2025-10-15 09:49:39,957 [WARN] IP:2250 - RxBuffersNbr not found: check if there is a RefParameter without a condition.
2025-10-15 09:49:39,957 [WARN] IP:2250 - RxBufferSize not found: check if there is a RefParameter without a condition.
2025-10-15 09:49:39,957 [WARN] IP:2250 - TxEventsNbr not found: check if there is a RefParameter without a condition.
2025-10-15 09:49:39,957 [WARN] IP:2250 - TxBuffersNbr not found: check if there is a RefParameter without a condition.
2025-10-15 09:49:39,958 [WARN] IP:2250 - TxFifoQueueElmtsNbr not found: check if there is a RefParameter without a condition.
2025-10-15 09:49:39,958 [WARN] IP:2250 - TxElmtSize not found: check if there is a RefParameter without a condition.
2025-10-15 09:49:39,958 [WARN] IP:2250 - ClockCalibrationCCU not found: check if there is a RefParameter without a condition.
2025-10-15 09:49:39,958 [WARN] IP:2250 - ClockDividerCCU not found: check if there is a RefParameter without a condition.
2025-10-15 09:49:39,958 [WARN] IP:2250 - MinOscClkPeriodsCCU not found: check if there is a RefParameter without a condition.
2025-10-15 09:49:39,958 [WARN] IP:2250 - TimeQuantaPerBitTimeCCU not found: check if there is a RefParameter without a condition.
2025-10-15 09:49:39,958 [WARN] IP:2250 - WatchdogStartValueCCU not found: check if there is a RefParameter without a condition.
2025-10-15 09:49:49,526 [WARN] IP:2250 - MessageRAMOffset not found: check if there is a RefParameter without a condition.
2025-10-15 09:49:49,526 [WARN] IP:2250 - RxFifo0ElmtsNbr not found: check if there is a RefParameter without a condition.
2025-10-15 09:49:49,526 [WARN] IP:2250 - RxFifo0ElmtSize not found: check if there is a RefParameter without a condition.
2025-10-15 09:49:49,526 [WARN] IP:2250 - RxFifo1ElmtsNbr not found: check if there is a RefParameter without a condition.
2025-10-15 09:49:49,526 [WARN] IP:2250 - RxFifo1ElmtSize not found: check if there is a RefParameter without a condition.
2025-10-15 09:49:49,526 [WARN] IP:2250 - RxBuffersNbr not found: check if there is a RefParameter without a condition.
2025-10-15 09:49:49,526 [WARN] IP:2250 - RxBufferSize not found: check if there is a RefParameter without a condition.
2025-10-15 09:49:49,526 [WARN] IP:2250 - TxEventsNbr not found: check if there is a RefParameter without a condition.
2025-10-15 09:49:49,526 [WARN] IP:2250 - TxBuffersNbr not found: check if there is a RefParameter without a condition.
2025-10-15 09:49:49,526 [WARN] IP:2250 - TxFifoQueueElmtsNbr not found: check if there is a RefParameter without a condition.
2025-10-15 09:49:49,526 [WARN] IP:2250 - TxElmtSize not found: check if there is a RefParameter without a condition.
2025-10-15 09:49:49,526 [WARN] IP:2250 - ClockCalibrationCCU not found: check if there is a RefParameter without a condition.
2025-10-15 09:49:49,526 [WARN] IP:2250 - ClockDividerCCU not found: check if there is a RefParameter without a condition.
2025-10-15 09:49:49,526 [WARN] IP:2250 - MinOscClkPeriodsCCU not found: check if there is a RefParameter without a condition.
2025-10-15 09:49:49,526 [WARN] IP:2250 - TimeQuantaPerBitTimeCCU not found: check if there is a RefParameter without a condition.
2025-10-15 09:49:49,526 [WARN] IP:2250 - WatchdogStartValueCCU not found: check if there is a RefParameter without a condition.
2025-10-15 09:49:49,554 [INFO] NvicIntPanel:101 - NVIC parent = com.st.microxplorer.plugins.ip.nvic.MultiNvicIntPanel[,0,0,0x0,invalid,layout=javax.swing.BoxLayout,alignmentX=0.0,alignmentY=0.0,border=,flags=9,maximumSize=,minimumSize=,preferredSize=]
2025-10-15 09:49:49,600 [WARN] IP:2250 - MessageRAMOffset not found: check if there is a RefParameter without a condition.
2025-10-15 09:49:49,600 [WARN] IP:2250 - RxFifo0ElmtsNbr not found: check if there is a RefParameter without a condition.
2025-10-15 09:49:49,600 [WARN] IP:2250 - RxFifo0ElmtSize not found: check if there is a RefParameter without a condition.
2025-10-15 09:49:49,600 [WARN] IP:2250 - RxFifo1ElmtsNbr not found: check if there is a RefParameter without a condition.
2025-10-15 09:49:49,600 [WARN] IP:2250 - RxFifo1ElmtSize not found: check if there is a RefParameter without a condition.
2025-10-15 09:49:49,600 [WARN] IP:2250 - RxBuffersNbr not found: check if there is a RefParameter without a condition.
2025-10-15 09:49:49,600 [WARN] IP:2250 - RxBufferSize not found: check if there is a RefParameter without a condition.
2025-10-15 09:49:49,600 [WARN] IP:2250 - TxEventsNbr not found: check if there is a RefParameter without a condition.
2025-10-15 09:49:49,600 [WARN] IP:2250 - TxBuffersNbr not found: check if there is a RefParameter without a condition.
2025-10-15 09:49:49,600 [WARN] IP:2250 - TxFifoQueueElmtsNbr not found: check if there is a RefParameter without a condition.
2025-10-15 09:49:49,600 [WARN] IP:2250 - TxElmtSize not found: check if there is a RefParameter without a condition.
2025-10-15 09:49:49,600 [WARN] IP:2250 - ClockCalibrationCCU not found: check if there is a RefParameter without a condition.
2025-10-15 09:49:49,600 [WARN] IP:2250 - ClockDividerCCU not found: check if there is a RefParameter without a condition.
2025-10-15 09:49:49,600 [WARN] IP:2250 - MinOscClkPeriodsCCU not found: check if there is a RefParameter without a condition.
2025-10-15 09:49:49,600 [WARN] IP:2250 - TimeQuantaPerBitTimeCCU not found: check if there is a RefParameter without a condition.
2025-10-15 09:49:49,600 [WARN] IP:2250 - WatchdogStartValueCCU not found: check if there is a RefParameter without a condition.
2025-10-15 09:49:49,613 [INFO] NvicIntPanel:101 - NVIC parent = com.st.microxplorer.plugins.ip.nvic.MultiNvicIntPanel[,0,0,0x0,invalid,layout=javax.swing.BoxLayout,alignmentX=0.0,alignmentY=0.0,border=,flags=9,maximumSize=,minimumSize=,preferredSize=]
2025-10-15 09:49:51,400 [WARN] IP:2250 - MessageRAMOffset not found: check if there is a RefParameter without a condition.
2025-10-15 09:49:51,400 [WARN] IP:2250 - RxFifo0ElmtsNbr not found: check if there is a RefParameter without a condition.
2025-10-15 09:49:51,400 [WARN] IP:2250 - RxFifo0ElmtSize not found: check if there is a RefParameter without a condition.
2025-10-15 09:49:51,400 [WARN] IP:2250 - RxFifo1ElmtsNbr not found: check if there is a RefParameter without a condition.
2025-10-15 09:49:51,400 [WARN] IP:2250 - RxFifo1ElmtSize not found: check if there is a RefParameter without a condition.
2025-10-15 09:49:51,400 [WARN] IP:2250 - RxBuffersNbr not found: check if there is a RefParameter without a condition.
2025-10-15 09:49:51,400 [WARN] IP:2250 - RxBufferSize not found: check if there is a RefParameter without a condition.
2025-10-15 09:49:51,400 [WARN] IP:2250 - TxEventsNbr not found: check if there is a RefParameter without a condition.
2025-10-15 09:49:51,400 [WARN] IP:2250 - TxBuffersNbr not found: check if there is a RefParameter without a condition.
2025-10-15 09:49:51,400 [WARN] IP:2250 - TxFifoQueueElmtsNbr not found: check if there is a RefParameter without a condition.
2025-10-15 09:49:51,400 [WARN] IP:2250 - TxElmtSize not found: check if there is a RefParameter without a condition.
2025-10-15 09:49:51,400 [WARN] IP:2250 - ClockCalibrationCCU not found: check if there is a RefParameter without a condition.
2025-10-15 09:49:51,400 [WARN] IP:2250 - ClockDividerCCU not found: check if there is a RefParameter without a condition.
2025-10-15 09:49:51,400 [WARN] IP:2250 - MinOscClkPeriodsCCU not found: check if there is a RefParameter without a condition.
2025-10-15 09:49:51,400 [WARN] IP:2250 - TimeQuantaPerBitTimeCCU not found: check if there is a RefParameter without a condition.
2025-10-15 09:49:51,400 [WARN] IP:2250 - WatchdogStartValueCCU not found: check if there is a RefParameter without a condition.
2025-10-15 09:49:51,415 [INFO] NvicIntPanel:101 - NVIC parent = com.st.microxplorer.plugins.ip.nvic.MultiNvicIntPanel[,0,0,0x0,invalid,layout=javax.swing.BoxLayout,alignmentX=0.0,alignmentY=0.0,border=,flags=9,maximumSize=,minimumSize=,preferredSize=]
2025-10-15 09:49:51,455 [WARN] IP:2250 - MessageRAMOffset not found: check if there is a RefParameter without a condition.
2025-10-15 09:49:51,455 [WARN] IP:2250 - RxFifo0ElmtsNbr not found: check if there is a RefParameter without a condition.
2025-10-15 09:49:51,455 [WARN] IP:2250 - RxFifo0ElmtSize not found: check if there is a RefParameter without a condition.
2025-10-15 09:49:51,455 [WARN] IP:2250 - RxFifo1ElmtsNbr not found: check if there is a RefParameter without a condition.
2025-10-15 09:49:51,455 [WARN] IP:2250 - RxFifo1ElmtSize not found: check if there is a RefParameter without a condition.
2025-10-15 09:49:51,455 [WARN] IP:2250 - RxBuffersNbr not found: check if there is a RefParameter without a condition.
2025-10-15 09:49:51,455 [WARN] IP:2250 - RxBufferSize not found: check if there is a RefParameter without a condition.
2025-10-15 09:49:51,455 [WARN] IP:2250 - TxEventsNbr not found: check if there is a RefParameter without a condition.
2025-10-15 09:49:51,455 [WARN] IP:2250 - TxBuffersNbr not found: check if there is a RefParameter without a condition.
2025-10-15 09:49:51,455 [WARN] IP:2250 - TxFifoQueueElmtsNbr not found: check if there is a RefParameter without a condition.
2025-10-15 09:49:51,455 [WARN] IP:2250 - TxElmtSize not found: check if there is a RefParameter without a condition.
2025-10-15 09:49:51,455 [WARN] IP:2250 - ClockCalibrationCCU not found: check if there is a RefParameter without a condition.
2025-10-15 09:49:51,455 [WARN] IP:2250 - ClockDividerCCU not found: check if there is a RefParameter without a condition.
2025-10-15 09:49:51,455 [WARN] IP:2250 - MinOscClkPeriodsCCU not found: check if there is a RefParameter without a condition.
2025-10-15 09:49:51,455 [WARN] IP:2250 - TimeQuantaPerBitTimeCCU not found: check if there is a RefParameter without a condition.
2025-10-15 09:49:51,455 [WARN] IP:2250 - WatchdogStartValueCCU not found: check if there is a RefParameter without a condition.
2025-10-15 09:49:51,469 [INFO] NvicIntPanel:101 - NVIC parent = com.st.microxplorer.plugins.ip.nvic.MultiNvicIntPanel[,0,0,0x0,invalid,layout=javax.swing.BoxLayout,alignmentX=0.0,alignmentY=0.0,border=,flags=9,maximumSize=,minimumSize=,preferredSize=]
2025-10-15 09:49:54,557 [INFO] NvicIntPanel:101 - NVIC parent = com.st.microxplorer.plugins.ip.nvic.MultiNvicIntPanel[,0,0,0x0,invalid,layout=javax.swing.BoxLayout,alignmentX=0.0,alignmentY=0.0,border=,flags=9,maximumSize=,minimumSize=,preferredSize=]
2025-10-15 09:49:54,850 [INFO] NvicIntPanel:101 - NVIC parent = com.st.microxplorer.plugins.ip.nvic.MultiNvicIntPanel[,0,0,0x0,invalid,layout=javax.swing.BoxLayout,alignmentX=0.0,alignmentY=0.0,border=,flags=9,maximumSize=,minimumSize=,preferredSize=]
2025-10-15 09:49:55,240 [INFO] NvicIntPanel:101 - NVIC parent = com.st.microxplorer.plugins.ip.nvic.MultiNvicIntPanel[,0,0,0x0,invalid,layout=javax.swing.BoxLayout,alignmentX=0.0,alignmentY=0.0,border=,flags=9,maximumSize=,minimumSize=,preferredSize=]
2025-10-15 09:49:56,154 [INFO] UtilMem:75 - End SaveConfig() Used Memory: 833542000 Bytes (1073741824)
2025-10-15 09:49:56,216 [INFO] UtilMem:75 - End SaveConfig() Used Memory: 852416368 Bytes (1073741824)
2025-10-15 09:49:56,636 [INFO] UtilMem:75 - End SaveConfig() Used Memory: 888590192 Bytes (1073741824)
2025-10-15 09:49:56,937 [INFO] BlockDiagram:2775 - set Specific Code input for plugin: SYS
2025-10-15 09:49:56,937 [INFO] BlockDiagram:2775 - set Specific Code input for plugin: RCC
2025-10-15 09:49:56,937 [INFO] BlockDiagram:2775 - set Specific Code input for plugin: NVIC
2025-10-15 09:49:56,938 [INFO] BlockDiagram:2775 - set Specific Code input for plugin: GPIO
2025-10-15 09:49:56,938 [INFO] BlockDiagram:2775 - set Specific Code input for plugin: FDCAN
2025-10-15 09:49:56,938 [INFO] CodeGenerator:892 - code generatio: config db path: C:\ST\STM32CubeIDE_1.16.1\STM32CubeIDE\plugins\com.st.stm32cube.common.mx_6.15.0.202507011659\\db\
2025-10-15 09:49:56,938 [WARN] IP:2250 - MessageRAMOffset not found: check if there is a RefParameter without a condition.
2025-10-15 09:49:56,938 [WARN] IP:2250 - RxFifo0ElmtsNbr not found: check if there is a RefParameter without a condition.
2025-10-15 09:49:56,938 [WARN] IP:2250 - RxFifo0ElmtSize not found: check if there is a RefParameter without a condition.
2025-10-15 09:49:56,938 [WARN] IP:2250 - RxFifo1ElmtsNbr not found: check if there is a RefParameter without a condition.
2025-10-15 09:49:56,938 [WARN] IP:2250 - RxFifo1ElmtSize not found: check if there is a RefParameter without a condition.
2025-10-15 09:49:56,938 [WARN] IP:2250 - RxBuffersNbr not found: check if there is a RefParameter without a condition.
2025-10-15 09:49:56,938 [WARN] IP:2250 - RxBufferSize not found: check if there is a RefParameter without a condition.
2025-10-15 09:49:56,938 [WARN] IP:2250 - TxEventsNbr not found: check if there is a RefParameter without a condition.
2025-10-15 09:49:56,938 [WARN] IP:2250 - TxBuffersNbr not found: check if there is a RefParameter without a condition.
2025-10-15 09:49:56,938 [WARN] IP:2250 - TxFifoQueueElmtsNbr not found: check if there is a RefParameter without a condition.
2025-10-15 09:49:56,938 [WARN] IP:2250 - TxElmtSize not found: check if there is a RefParameter without a condition.
2025-10-15 09:49:56,938 [WARN] IP:2250 - ClockCalibrationCCU not found: check if there is a RefParameter without a condition.
2025-10-15 09:49:56,939 [WARN] IP:2250 - ClockDividerCCU not found: check if there is a RefParameter without a condition.
2025-10-15 09:49:56,939 [WARN] IP:2250 - MinOscClkPeriodsCCU not found: check if there is a RefParameter without a condition.
2025-10-15 09:49:56,939 [WARN] IP:2250 - TimeQuantaPerBitTimeCCU not found: check if there is a RefParameter without a condition.
2025-10-15 09:49:56,939 [WARN] IP:2250 - WatchdogStartValueCCU not found: check if there is a RefParameter without a condition.
2025-10-15 09:49:56,996 [INFO] CodeEngine:265 - oldGeneratedFile, E:\AGH\AiR\Praca_inzynierska\bldc_foc\Projects\G4_CAN\MXTmpFiles\license.tmp_save
2025-10-15 09:49:57,190 [INFO] CodeEngine:289 - Generated code: E:\AGH\AiR\Praca_inzynierska\bldc_foc\Projects\G4_CAN\MXTmpFiles\license.tmp
2025-10-15 09:49:57,223 [INFO] CodeEngine:265 - oldGeneratedFile, E:\AGH\AiR\Praca_inzynierska\bldc_foc\Projects\G4_CAN\MXTmpFiles\gpio.tmp_save
2025-10-15 09:49:57,357 [INFO] CodeEngine:289 - Generated code: E:\AGH\AiR\Praca_inzynierska\bldc_foc\Projects\G4_CAN\MXTmpFiles\gpio.tmp
2025-10-15 09:49:57,414 [INFO] CodeEngine:265 - oldGeneratedFile, E:\AGH\AiR\Praca_inzynierska\bldc_foc\Projects\G4_CAN\Core\Src\stm32g4xx_it.c_save
2025-10-15 09:49:57,490 [INFO] CodeEngine:289 - Generated code: E:\AGH\AiR\Praca_inzynierska\bldc_foc\Projects\G4_CAN\Core\Src\stm32g4xx_it.c
2025-10-15 09:49:57,493 [INFO] CodeEngine:265 - oldGeneratedFile, E:\AGH\AiR\Praca_inzynierska\bldc_foc\Projects\G4_CAN\Core\Inc\stm32g4xx_it.h_save
2025-10-15 09:49:57,554 [INFO] CodeEngine:289 - Generated code: E:\AGH\AiR\Praca_inzynierska\bldc_foc\Projects\G4_CAN\Core\Inc\stm32g4xx_it.h
2025-10-15 09:49:57,563 [INFO] CodeEngine:265 - oldGeneratedFile, E:\AGH\AiR\Praca_inzynierska\bldc_foc\Projects\G4_CAN\Core\Src\stm32g4xx_hal_msp.c_save
2025-10-15 09:49:57,654 [INFO] CodeEngine:289 - Generated code: E:\AGH\AiR\Praca_inzynierska\bldc_foc\Projects\G4_CAN\Core\Src\stm32g4xx_hal_msp.c
2025-10-15 09:49:57,657 [INFO] CodeEngine:265 - oldGeneratedFile, E:\AGH\AiR\Praca_inzynierska\bldc_foc\Projects\G4_CAN\MXTmpFiles\system.tmp_save
2025-10-15 09:49:57,703 [INFO] CodeEngine:289 - Generated code: E:\AGH\AiR\Praca_inzynierska\bldc_foc\Projects\G4_CAN\MXTmpFiles\system.tmp
2025-10-15 09:49:57,710 [INFO] CodeEngine:321 - oldGeneratedFile, E:\AGH\AiR\Praca_inzynierska\bldc_foc\Projects\G4_CAN\Core\Inc\stm32g4xx_hal_conf.h_save
2025-10-15 09:49:57,756 [INFO] CodeEngine:345 - Generated code: E:\AGH\AiR\Praca_inzynierska\bldc_foc\Projects\G4_CAN\Core\Inc\stm32g4xx_hal_conf.h
2025-10-15 09:49:57,767 [WARN] IPConfigManager:3238 - Warning: the RefConfig RCC_CommonPeriphClockConfig is not available in your config.xml file
2025-10-15 09:49:57,771 [INFO] ApiDbMcu:532 - Load IP Config File for FDCAN1
2025-10-15 09:49:57,773 [INFO] ApiDbMcu:532 - Load IP Config File for RCC
2025-10-15 09:49:57,778 [INFO] CodeEngine:265 - oldGeneratedFile, E:\AGH\AiR\Praca_inzynierska\bldc_foc\Projects\G4_CAN\Core\Inc\main.h_save
2025-10-15 09:49:57,824 [INFO] CodeEngine:289 - Generated code: E:\AGH\AiR\Praca_inzynierska\bldc_foc\Projects\G4_CAN\Core\Inc\main.h
2025-10-15 09:49:57,827 [INFO] CodeEngine:265 - oldGeneratedFile, E:\AGH\AiR\Praca_inzynierska\bldc_foc\Projects\G4_CAN\Core\Src\main.c_save
2025-10-15 09:49:57,892 [INFO] CodeEngine:289 - Generated code: E:\AGH\AiR\Praca_inzynierska\bldc_foc\Projects\G4_CAN\Core\Src\main.c
2025-10-15 09:49:58,118 [INFO] ProjectBuilder:3606 - Time for Copy HAL[1] : 68mS.
2025-10-15 09:49:58,120 [INFO] ProjectBuilder:5216 - Project Generator version: 4.7.0-B52
2025-10-15 09:49:58,179 [INFO] ConfigFileManager:1595 - The Die is : DIE468
2025-10-15 09:49:58,182 [INFO] ApiDbMcu:532 - Load IP Config File for FATFS
2025-10-15 09:49:58,185 [INFO] ApiDbMcu:532 - Load IP Config File for FREERTOS
2025-10-15 09:49:58,188 [INFO] ApiDbMcu:532 - Load IP Config File for USBPD
2025-10-15 09:49:58,191 [INFO] ApiDbMcu:532 - Load IP Config File for USB_DEVICE
2025-10-15 09:49:58,721 [INFO] ProjectBuilder:5496 - Time for Generating toolchain IDE Files: 601mS.
2025-10-15 09:49:58,722 [INFO] ProjectBuilder:3463 - Time for Copy CMSIS : 0mS.
2025-10-15 09:49:58,722 [INFO] ProjectBuilder:3463 - Time for Copy CMSIS : 0mS.
2025-10-15 09:53:31,908 [INFO] MainUpdater:2872 - connection check result : 10
2025-10-15 09:53:31,908 [INFO] MainUpdater:2872 - connection check result : 10
2025-10-15 09:53:31,918 [INFO] LogOutputStream:77 - [STDOUT_REDIRECT] Nominal 
2025-10-15 09:53:31,919 [INFO] MicroXplorer:468 - Change Database Path : 
2025-10-15 09:53:31,919 [INFO] MicroXplorer:498 - Change Database Version : DB.6.0.150
2025-10-15 09:53:31,927 [ERROR] ProjectManagerView:395 - 
java.lang.NullPointerException: Cannot invoke "javax.swing.JTextField.getText()" because the return value of "java.util.List.get(int)" is null
	at com.st.microxplorer.plugins.projectmanager.gui.ProjectChoiceTab$9.caretUpdate(ProjectChoiceTab.java:2706) ~[filemanager.jar:?]
	at javax.swing.text.JTextComponent.fireCaretUpdate(JTextComponent.java:408) ~[?:?]
	at javax.swing.text.JTextComponent$MutableCaretEvent.fire(JTextComponent.java:4484) ~[?:?]
	at javax.swing.text.JTextComponent$MutableCaretEvent.stateChanged(JTextComponent.java:4506) ~[?:?]
	at javax.swing.text.DefaultCaret.fireStateChanged(DefaultCaret.java:857) ~[?:?]
	at javax.swing.text.DefaultCaret.changeCaretPosition(DefaultCaret.java:1343) ~[?:?]
	at javax.swing.text.DefaultCaret.handleSetDot(DefaultCaret.java:1242) ~[?:?]
	at javax.swing.text.DefaultCaret.setDot(DefaultCaret.java:1223) ~[?:?]
	at javax.swing.text.DefaultCaret$Handler.insertUpdate(DefaultCaret.java:1819) ~[?:?]
	at javax.swing.text.AbstractDocument.fireInsertUpdate(AbstractDocument.java:227) ~[?:?]
	at javax.swing.text.AbstractDocument.handleInsertString(AbstractDocument.java:781) ~[?:?]
	at javax.swing.text.AbstractDocument.insertString(AbstractDocument.java:740) ~[?:?]
	at javax.swing.text.PlainDocument.insertString(PlainDocument.java:131) ~[?:?]
	at javax.swing.text.AbstractDocument.replace(AbstractDocument.java:699) ~[?:?]
	at javax.swing.text.JTextComponent.setText(JTextComponent.java:1725) ~[?:?]
	at com.st.microxplorer.plugins.projectmanager.gui.ProjectChoiceTab.createHeapStackFields(ProjectChoiceTab.java:993) ~[filemanager.jar:?]
	at com.st.microxplorer.plugins.projectmanager.gui.ProjectChoiceTab.buildLinkSettingsPanel(ProjectChoiceTab.java:3813) ~[filemanager.jar:?]
	at com.st.microxplorer.plugins.projectmanager.gui.ProjectChoiceTab.defineWindowsFields(ProjectChoiceTab.java:1987) ~[filemanager.jar:?]
	at com.st.microxplorer.plugins.projectmanager.gui.ProjectChoiceTab.updateSettings(ProjectChoiceTab.java:558) ~[filemanager.jar:?]
	at com.st.microxplorer.plugins.projectmanager.gui.ProjectSettingsPanel.UpdateDialog(ProjectSettingsPanel.java:247) ~[filemanager.jar:?]
	at com.st.microxplorer.plugins.projectmanager.ProjectManagerView.propertyChange(ProjectManagerView.java:392) ~[filemanager.jar:?]
	at java.beans.PropertyChangeSupport.fire(PropertyChangeSupport.java:343) ~[?:?]
	at java.beans.PropertyChangeSupport.firePropertyChange(PropertyChangeSupport.java:335) ~[?:?]
	at java.beans.PropertyChangeSupport.firePropertyChange(PropertyChangeSupport.java:268) ~[?:?]
	at com.st.microxplorer.util.MXPropertyChangeSupport.firePropertyChange(MXPropertyChangeSupport.java:54) ~[STM32CubeMX.jar:?]
	at com.st.microxplorer.mxsystem.MxSystem.closeConfig(MxSystem.java:899) ~[STM32CubeMX.jar:?]
	at com.st.microxplorer.maingui.MainPanel.closeConfig(MainPanel.java:792) ~[STM32CubeMX.jar:?]
	at com.st.microxplorer.plugins.filemanager.engine.OpenFileManager.loadConfigurationFile(OpenFileManager.java:288) ~[filemanager.jar:?]
	at com.st.microxplorer.plugins.filemanager.engine.MainFileManager.userLoadConfig(MainFileManager.java:364) ~[filemanager.jar:?]
	at com.st.microxplorer.plugins.filemanager.engine.MainFileManager.userLoadConfig(MainFileManager.java:342) ~[filemanager.jar:?]
	at com.st.microxplorer.plugins.filemanager.FileManagerView.getSpecificTask(FileManagerView.java:264) ~[filemanager.jar:?]
	at com.st.stm32cube.common.mx.editor.CubeMxEditor.getMxTabbedPaneInstance(CubeMxEditor.java:1198) ~[com.st.stm32cube.common.mx_6.15.0.202507011659/:?]
	at com.st.stm32cube.common.mx.editor.CubeMxEditor$12$1.createSwingComponent(CubeMxEditor.java:1068) ~[com.st.stm32cube.common.mx_6.15.0.202507011659/:?]
	at com.st.stm32cube.common.mx.oss.core.awtswtbridge.EmbeddedSwingComposite.doComponentCreation(EmbeddedSwingComposite.java:492) ~[com.st.stm32cube.common.mx.oss_6.15.0.202507011659/:?]
	at com.st.stm32cube.common.mx.oss.core.awtswtbridge.EmbeddedSwingComposite$4.run(EmbeddedSwingComposite.java:291) ~[com.st.stm32cube.common.mx.oss_6.15.0.202507011659/:?]
	at com.st.stm32cube.common.mx.oss.core.awtswtbridge.AwtEnvironment$2.run(AwtEnvironment.java:166) ~[com.st.stm32cube.common.mx.oss_6.15.0.202507011659/:?]
	at java.awt.event.InvocationEvent.dispatch(InvocationEvent.java:318) ~[?:?]
	at java.awt.EventQueue.dispatchEventImpl(EventQueue.java:773) ~[?:?]
	at java.awt.EventQueue$4.run(EventQueue.java:720) ~[?:?]
	at java.awt.EventQueue$4.run(EventQueue.java:714) ~[?:?]
	at java.security.AccessController.doPrivileged(AccessController.java:400) ~[?:?]
	at java.security.ProtectionDomain$JavaSecurityAccessImpl.doIntersectionPrivilege(ProtectionDomain.java:87) ~[?:?]
	at java.awt.EventQueue.dispatchEvent(EventQueue.java:742) ~[?:?]
	at java.awt.EventDispatchThread.pumpOneEventForFilters(EventDispatchThread.java:203) ~[?:?]
	at java.awt.EventDispatchThread.pumpEventsForFilter(EventDispatchThread.java:124) ~[?:?]
	at java.awt.EventDispatchThread.pumpEventsForHierarchy(EventDispatchThread.java:113) ~[?:?]
	at java.awt.EventDispatchThread.pumpEvents(EventDispatchThread.java:109) ~[?:?]
	at java.awt.EventDispatchThread.pumpEvents(EventDispatchThread.java:101) ~[?:?]
	at java.awt.EventDispatchThread.run(EventDispatchThread.java:90) ~[?:?]
2025-10-15 09:53:31,928 [WARN] ThirdParty:871 - waiting for thirdparty lock release [close project]
2025-10-15 09:53:31,928 [INFO] ThirdParty:873 - entering critical section [close project]
2025-10-15 09:53:31,928 [INFO] ThirdParty:883 - exiting critical section [close project]
2025-10-15 09:53:31,930 [INFO] PinOutPanel:1589 - setPackage(No Configuration,No Configuration)
2025-10-15 09:53:31,932 [INFO] UtilMem:75 - Begin LoadConfig() Used Memory: 668897936 Bytes (1073741824)
2025-10-15 09:53:31,933 [INFO] MicroXplorer:468 - Change Database Path : 
2025-10-15 09:53:31,933 [INFO] MicroXplorer:498 - Change Database Version : DB.6.0.150
2025-10-15 09:53:31,933 [INFO] OpenFileManager:355 - Change cursor
2025-10-15 09:53:31,942 [INFO] RulesReader:64 - Compatibility file has been processed (317 Rules)
2025-10-15 09:53:31,944 [INFO] Mcu:2029 - Initializing MCU STM32G431R(6-8-B)Tx STM32G431RBTx STM32G431RBT6
2025-10-15 09:53:33,776 [INFO] Context:786 - Trying to add GPIOservice into a context  which must be forbidden
2025-10-15 09:53:34,326 [INFO] ApiDbMcu:532 - Load IP Config File for NUCLEO-G431RB
2025-10-15 09:53:34,383 [INFO] ImportTextPane:234 - (OptionalMessage_ERROR) Pin15 (VP_RIF_VS_RIF1) cannot be retrieved for this MCU
2025-10-15 09:53:34,530 [INFO] RtosManager:558 - Registered RTOS mode: class=CMSIS, group=RTOS, mode=CMSIS_V1, owner=FREERTOS
2025-10-15 09:53:34,530 [INFO] RtosManager:558 - Registered RTOS mode: class=CMSIS, group=RTOS2, mode=CMSIS_V2, owner=FREERTOS
2025-10-15 09:53:34,530 [INFO] RtosManager:558 - Registered RTOS mode: class=RTOS, group=Core, mode=CMSIS_V1, owner=FREERTOS
2025-10-15 09:53:34,530 [INFO] RtosManager:558 - Registered RTOS mode: class=RTOS, group=Core, mode=CMSIS_V2, owner=FREERTOS
2025-10-15 09:53:34,530 [WARN] ModelIntegratedComponent:184 - Missing modes for component STMicroelectronics:FreeRTOS:0.0.1:STMicroelectronics:RTOS:FreeRTOS:Core:::10.2.0:
2025-10-15 09:53:34,532 [WARN] ModelIntegratedComponent:63 - No mode defined for component null
2025-10-15 09:53:34,532 [WARN] ModelIntegratedComponent:63 - No mode defined for component null
2025-10-15 09:53:34,532 [WARN] ModelIntegratedComponent:63 - No mode defined for component null
2025-10-15 09:53:34,532 [WARN] ModelIntegratedComponent:63 - No mode defined for component null
2025-10-15 09:53:34,533 [WARN] ModelIntegratedComponent:63 - No mode defined for component null
2025-10-15 09:53:34,533 [WARN] ModelIntegratedComponent:63 - No mode defined for component null
2025-10-15 09:53:34,533 [WARN] ModelIntegratedComponent:63 - No mode defined for component null
2025-10-15 09:53:34,533 [WARN] ModelIntegratedComponent:63 - No mode defined for component null
2025-10-15 09:53:34,533 [WARN] ModelIntegratedComponent:63 - No mode defined for component null
2025-10-15 09:53:34,533 [WARN] ModelIntegratedComponent:63 - No mode defined for component null
2025-10-15 09:53:34,533 [WARN] ModelIntegratedComponent:63 - No mode defined for component null
2025-10-15 09:53:34,533 [WARN] ModelIntegratedComponent:63 - No mode defined for component null
2025-10-15 09:53:34,533 [WARN] ModelIntegratedComponent:63 - No mode defined for component null
2025-10-15 09:53:34,533 [WARN] ModelIntegratedComponent:63 - No mode defined for component null
2025-10-15 09:53:34,533 [WARN] ModelIntegratedComponent:63 - No mode defined for component null
2025-10-15 09:53:34,533 [WARN] ModelIntegratedComponent:63 - No mode defined for component null
2025-10-15 09:53:34,533 [WARN] ModelIntegratedComponent:63 - No mode defined for component null
2025-10-15 09:53:34,533 [WARN] ModelIntegratedComponent:63 - No mode defined for component null
2025-10-15 09:53:34,533 [WARN] ModelIntegratedComponent:63 - No mode defined for component null
2025-10-15 09:53:34,533 [WARN] ModelIntegratedComponent:63 - No mode defined for component null
2025-10-15 09:53:34,533 [WARN] ModelIntegratedComponent:63 - No mode defined for component null
2025-10-15 09:53:34,533 [WARN] ModelIntegratedComponent:63 - No mode defined for component null
2025-10-15 09:53:34,533 [WARN] ModelIntegratedComponent:63 - No mode defined for component null
2025-10-15 09:53:34,533 [WARN] ModelIntegratedComponent:63 - No mode defined for component null
2025-10-15 09:53:34,533 [WARN] ModelIntegratedComponent:63 - No mode defined for component null
2025-10-15 09:53:34,533 [WARN] ModelIntegratedComponent:63 - No mode defined for component null
2025-10-15 09:53:34,533 [WARN] ModelIntegratedComponent:63 - No mode defined for component null
2025-10-15 09:53:34,533 [WARN] ModelIntegratedComponent:63 - No mode defined for component null
2025-10-15 09:53:34,533 [WARN] ModelIntegratedComponent:63 - No mode defined for component null
2025-10-15 09:53:34,533 [WARN] ModelIntegratedComponent:63 - No mode defined for component null
2025-10-15 09:53:34,533 [WARN] ModelIntegratedComponent:63 - No mode defined for component null
2025-10-15 09:53:34,533 [WARN] ModelIntegratedComponent:63 - No mode defined for component null
2025-10-15 09:53:34,533 [WARN] ModelIntegratedComponent:63 - No mode defined for component null
2025-10-15 09:53:34,534 [WARN] ModelIntegratedComponent:63 - No mode defined for component null
2025-10-15 09:53:34,534 [WARN] ModelIntegratedComponent:63 - No mode defined for component null
2025-10-15 09:53:34,534 [WARN] ModelPack:524 - Component already loaded: STMicroelectronics:HAL Drivers:0.0.0:STMicroelectronics:Device:STMicro_Driver:XSPI:HAL::0.0.1:HAL_XSPI
2025-10-15 09:53:34,694 [INFO] ThirdPartyModel:298 - Start build external matchings
2025-10-15 09:53:36,139 [INFO] ThirdPartyModel:316 - End build external matchings
2025-10-15 09:53:36,165 [WARN] IP:2250 - MessageRAMOffset not found: check if there is a RefParameter without a condition.
2025-10-15 09:53:36,166 [WARN] IP:2250 - RxFifo0ElmtsNbr not found: check if there is a RefParameter without a condition.
2025-10-15 09:53:36,166 [WARN] IP:2250 - RxFifo0ElmtSize not found: check if there is a RefParameter without a condition.
2025-10-15 09:53:36,166 [WARN] IP:2250 - RxFifo1ElmtsNbr not found: check if there is a RefParameter without a condition.
2025-10-15 09:53:36,166 [WARN] IP:2250 - RxFifo1ElmtSize not found: check if there is a RefParameter without a condition.
2025-10-15 09:53:36,166 [WARN] IP:2250 - RxBuffersNbr not found: check if there is a RefParameter without a condition.
2025-10-15 09:53:36,166 [WARN] IP:2250 - RxBufferSize not found: check if there is a RefParameter without a condition.
2025-10-15 09:53:36,166 [WARN] IP:2250 - TxEventsNbr not found: check if there is a RefParameter without a condition.
2025-10-15 09:53:36,166 [WARN] IP:2250 - TxBuffersNbr not found: check if there is a RefParameter without a condition.
2025-10-15 09:53:36,166 [WARN] IP:2250 - TxFifoQueueElmtsNbr not found: check if there is a RefParameter without a condition.
2025-10-15 09:53:36,166 [WARN] IP:2250 - TxElmtSize not found: check if there is a RefParameter without a condition.
2025-10-15 09:53:36,166 [WARN] IP:2250 - ClockCalibrationCCU not found: check if there is a RefParameter without a condition.
2025-10-15 09:53:36,166 [WARN] IP:2250 - ClockDividerCCU not found: check if there is a RefParameter without a condition.
2025-10-15 09:53:36,166 [WARN] IP:2250 - MinOscClkPeriodsCCU not found: check if there is a RefParameter without a condition.
2025-10-15 09:53:36,166 [WARN] IP:2250 - TimeQuantaPerBitTimeCCU not found: check if there is a RefParameter without a condition.
2025-10-15 09:53:36,166 [WARN] IP:2250 - WatchdogStartValueCCU not found: check if there is a RefParameter without a condition.
2025-10-15 09:53:36,401 [INFO] UtilMem:75 - End LoadConfig() Used Memory: 920466976 Bytes (1073741824)
2025-10-15 09:53:36,438 [WARN] ThirdParty:833 - waiting for thirdparty lock release [change project]
2025-10-15 09:53:36,438 [INFO] ThirdParty:835 - entering critical section [change project]
2025-10-15 09:53:36,438 [INFO] ThirdParty:1030 - CMSIS Pack Vendor :STMicroelectronics X-CUBE-PM33A1 1.0.0
2025-10-15 09:53:36,438 [INFO] ThirdParty:1030 - CMSIS Pack Vendor :STMicroelectronics USBPD 4.1
2025-10-15 09:53:36,438 [INFO] ThirdParty:1030 - CMSIS Pack Vendor :STMicroelectronics USB_HOST 2.0.0
2025-10-15 09:53:36,438 [INFO] ThirdParty:1030 - CMSIS Pack Vendor :STMicroelectronics FP-SNS-MOTENVWB1 1.4.0
2025-10-15 09:53:36,438 [INFO] ThirdParty:1030 - CMSIS Pack Vendor :STMicroelectronics X-CUBE-AZRTOS-F4 1.1.0
2025-10-15 09:53:36,438 [INFO] ThirdParty:1030 - CMSIS Pack Vendor :STMicroelectronics LIBJPEG 8.0.0
2025-10-15 09:53:36,438 [INFO] ThirdParty:1030 - CMSIS Pack Vendor :STMicroelectronics FP-ATR-ASTRA1 2.0.2
2025-10-15 09:53:36,438 [INFO] ThirdParty:1030 - CMSIS Pack Vendor :STMicroelectronics FP-ATR-ASTRA1 2.0.1
2025-10-15 09:53:36,438 [INFO] ThirdParty:1030 - CMSIS Pack Vendor :Avnet-IotConnect X-CUBE-IoTC-DA16k-PMOD 1.0.0
2025-10-15 09:53:36,438 [INFO] ThirdParty:1030 - CMSIS Pack Vendor :STMicroelectronics X-CUBE-SMBUS 2.1.0
2025-10-15 09:53:36,438 [INFO] ThirdParty:1030 - CMSIS Pack Vendor :STMicroelectronics X-CUBE-WB05N 1.1.0
2025-10-15 09:53:36,438 [INFO] ThirdParty:1030 - CMSIS Pack Vendor :STMicroelectronics X-CUBE-ISPU 2.1.0
2025-10-15 09:53:36,438 [INFO] ThirdParty:1030 - CMSIS Pack Vendor :STMicroelectronics X-CUBE-IPS 3.2.0
2025-10-15 09:53:36,438 [INFO] ThirdParty:1030 - CMSIS Pack Vendor :STMicroelectronics X-CUBE-FREERTOS 1.2.0
2025-10-15 09:53:36,438 [INFO] ThirdParty:1030 - CMSIS Pack Vendor :STMicroelectronics X-CUBE-ST60 1.0.0
2025-10-15 09:53:36,438 [INFO] ThirdParty:1030 - CMSIS Pack Vendor :STMicroelectronics X-CUBE-NFC12 1.0.0
2025-10-15 09:53:36,438 [INFO] ThirdParty:1030 - CMSIS Pack Vendor :STMicroelectronics X-CUBE-AZRTOS-F7 1.1.0
2025-10-15 09:53:36,438 [INFO] ThirdParty:1030 - CMSIS Pack Vendor :STMicroelectronics X-CUBE-AZRTOS-L5 2.0.0
2025-10-15 09:53:36,438 [INFO] ThirdParty:1030 - CMSIS Pack Vendor :STMicroelectronics USB_DEVICE 2.0.0
2025-10-15 09:53:36,438 [INFO] ThirdParty:1030 - CMSIS Pack Vendor :STMicroelectronics X-CUBE-NFC6 3.1.0
2025-10-15 09:53:36,438 [INFO] ThirdParty:1030 - CMSIS Pack Vendor :STMicroelectronics X-CUBE-MEMS1 11.0.0
2025-10-15 09:53:36,438 [INFO] ThirdParty:1030 - CMSIS Pack Vendor :STMicroelectronics FreeRTOS 0.0.1
2025-10-15 09:53:36,438 [INFO] ThirdParty:1030 - CMSIS Pack Vendor :STMicroelectronics X-CUBE-DPower 1.2.0
2025-10-15 09:53:36,438 [INFO] ThirdParty:1030 - CMSIS Pack Vendor :STMicroelectronics FP-SNS-FLIGHT1 5.0.2
2025-10-15 09:53:36,438 [INFO] ThirdParty:1030 - CMSIS Pack Vendor :STMicroelectronics PDM2PCM 3.3.0
2025-10-15 09:53:36,438 [INFO] ThirdParty:1030 - CMSIS Pack Vendor :STMicroelectronics X-CUBE-AZRTOS-H7 3.4.0
2025-10-15 09:53:36,438 [INFO] ThirdParty:1030 - CMSIS Pack Vendor :STMicroelectronics X-CUBE-DISPLAY 3.0.0
2025-10-15 09:53:36,438 [INFO] ThirdParty:1030 - CMSIS Pack Vendor :STMicroelectronics X-CUBE-BLE1 7.0.0
2025-10-15 09:53:36,438 [INFO] ThirdParty:1030 - CMSIS Pack Vendor :STMicroelectronics X-CUBE-NFC10 1.0.0
2025-10-15 09:53:36,438 [INFO] ThirdParty:1030 - CMSIS Pack Vendor :STMicroelectronics X-CUBE-BLEMGR 4.0.0
2025-10-15 09:53:36,438 [INFO] ThirdParty:1030 - CMSIS Pack Vendor :STMicroelectronics X-CUBE-FREERTOS 1.3.1
2025-10-15 09:53:36,438 [INFO] ThirdParty:1030 - CMSIS Pack Vendor :STMicroelectronics HAL Drivers 0.0.0
2025-10-15 09:53:36,438 [INFO] ThirdParty:1030 - CMSIS Pack Vendor :emotas I-CUBE-CANOPEN 1.3.0
2025-10-15 09:53:36,438 [INFO] ThirdParty:1030 - CMSIS Pack Vendor :STMicroelectronics X-CUBE-FREERTOS 1.3.0
2025-10-15 09:53:36,438 [INFO] ThirdParty:1030 - CMSIS Pack Vendor :STMicroelectronics X-CUBE-NFC7 1.0.1
2025-10-15 09:53:36,438 [INFO] ThirdParty:1030 - CMSIS Pack Vendor :STMicroelectronics MBEDTLS 2.14.1
2025-10-15 09:53:36,438 [INFO] ThirdParty:1030 - CMSIS Pack Vendor :STMicroelectronics X-CUBE-TOUCHGFX 4.26.0
2025-10-15 09:53:36,438 [INFO] ThirdParty:1030 - CMSIS Pack Vendor :STMicroelectronics X-CUBE-BLEMGR 3.1.0
2025-10-15 09:53:36,438 [INFO] ThirdParty:1030 - CMSIS Pack Vendor :STMicroelectronics X-CUBE-AI 10.0.0
2025-10-15 09:53:36,438 [INFO] ThirdParty:1030 - CMSIS Pack Vendor :STMicroelectronics FP-SNS-STBOX1 2.1.0
2025-10-15 09:53:36,439 [INFO] ThirdParty:1030 - CMSIS Pack Vendor :STMicroelectronics FP-SNS-STAIOTCFT 1.0.0
2025-10-15 09:53:36,439 [INFO] ThirdParty:1030 - CMSIS Pack Vendor :STMicroelectronics FP-SNS-SMARTAG2 1.2.0
2025-10-15 09:53:36,439 [INFO] ThirdParty:1030 - CMSIS Pack Vendor :STMicroelectronics FP-SNS-FLIGHT1 5.1.0
2025-10-15 09:53:36,439 [INFO] ThirdParty:1030 - CMSIS Pack Vendor :STMicroelectronics X-CUBE-MEMS1 11.1.0
2025-10-15 09:53:36,439 [INFO] ThirdParty:1030 - CMSIS Pack Vendor :STMicroelectronics X-CUBE-AZRTOS-WL 2.0.0
2025-10-15 09:53:36,439 [INFO] ThirdParty:1030 - CMSIS Pack Vendor :STMicroelectronics X-CUBE-DPower 1.3.0
2025-10-15 09:53:36,439 [INFO] ThirdParty:1030 - CMSIS Pack Vendor :STMicroelectronics FP-SNS-MOTENV1 5.0.0
2025-10-15 09:53:36,439 [INFO] ThirdParty:1030 - CMSIS Pack Vendor :STMicroelectronics USB_DEVICE 1.0.0
2025-10-15 09:53:36,439 [INFO] ThirdParty:1030 - CMSIS Pack Vendor :wolfSSL I-CUBE-wolfMQTT 1.19.0
2025-10-15 09:53:36,439 [INFO] ThirdParty:1030 - CMSIS Pack Vendor :STMicroelectronics X-CUBE-AZRTOS-L4 2.0.0
2025-10-15 09:53:36,439 [INFO] ThirdParty:1030 - CMSIS Pack Vendor :STMicroelectronics ThreadX 0.0.2
2025-10-15 09:53:36,439 [INFO] ThirdParty:1030 - CMSIS Pack Vendor :WES I-CUBE-Cesium 1.3.0
2025-10-15 09:53:36,439 [INFO] ThirdParty:1030 - CMSIS Pack Vendor :STMicroelectronics lwIP 2.1.2
2025-10-15 09:53:36,439 [INFO] ThirdParty:1030 - CMSIS Pack Vendor :STMicroelectronics X-CUBE-SFXS2LP1 4.0.0
2025-10-15 09:53:36,439 [INFO] ThirdParty:1030 - CMSIS Pack Vendor :STMicroelectronics X-CUBE-BLE2 3.3.0
2025-10-15 09:53:36,439 [INFO] ThirdParty:1030 - CMSIS Pack Vendor :STMicroelectronics PDM2PCM 3.2.0
2025-10-15 09:53:36,439 [INFO] ThirdParty:1030 - CMSIS Pack Vendor :STMicroelectronics X-CUBE-AZRTOS-H7 3.3.0
2025-10-15 09:53:36,439 [INFO] ThirdParty:1030 - CMSIS Pack Vendor :STMicroelectronics X-CUBE-NFC9 1.0.0
2025-10-15 09:53:36,439 [INFO] ThirdParty:1030 - CMSIS Pack Vendor :STMicroelectronics X-CUBE-BLE1 7.1.0
2025-10-15 09:53:36,439 [INFO] ThirdParty:1030 - CMSIS Pack Vendor :STMicroelectronics USB_DEVICE 3.0.0
2025-10-15 09:53:36,439 [INFO] ThirdParty:1030 - CMSIS Pack Vendor :STMicroelectronics X-CUBE-TCPP 4.1.0
2025-10-15 09:53:36,439 [INFO] ThirdParty:1030 - CMSIS Pack Vendor :STMicroelectronics X-CUBE-EEPRMA1 5.2.0
2025-10-15 09:53:36,439 [INFO] ThirdParty:1030 - CMSIS Pack Vendor :STMicroelectronics X-CUBE-BLEMGR 4.1.0
2025-10-15 09:53:36,439 [INFO] ThirdParty:1030 - CMSIS Pack Vendor :STMicroelectronics X-CUBE-IPS 3.0.0
2025-10-15 09:53:36,439 [INFO] ThirdParty:1030 - CMSIS Pack Vendor :STMicroelectronics X-CUBE-AZRTOS-WB 2.0.0
2025-10-15 09:53:36,439 [INFO] ThirdParty:1030 - CMSIS Pack Vendor :STMicroelectronics X-CUBE-GNSS1 7.0.0
2025-10-15 09:53:36,439 [INFO] ThirdParty:1030 - CMSIS Pack Vendor :STMicroelectronics X-CUBE-GNSS1 7.0.1
2025-10-15 09:53:36,439 [INFO] ThirdParty:1030 - CMSIS Pack Vendor :STMicroelectronics X-CUBE-TOUCHGFX 4.25.0
2025-10-15 09:53:36,439 [INFO] ThirdParty:1030 - CMSIS Pack Vendor :STMicroelectronics X-CUBE-ST67W61 1.1.0
2025-10-15 09:53:36,439 [INFO] ThirdParty:1030 - CMSIS Pack Vendor :STMicroelectronics X-CUBE-AI 10.1.0
2025-10-15 09:53:36,439 [INFO] ThirdParty:1030 - CMSIS Pack Vendor :STMicroelectronics FP-SNS-STBOX1 2.0.0
2025-10-15 09:53:36,439 [INFO] ThirdParty:1030 - CMSIS Pack Vendor :STMicroelectronics X-CUBE-MEMS1 11.2.0
2025-10-15 09:53:36,439 [INFO] ThirdParty:1030 - CMSIS Pack Vendor :STMicroelectronics X-CUBE-AZRTOS-G0 1.1.0
2025-10-15 09:53:36,439 [INFO] ThirdParty:1030 - CMSIS Pack Vendor :STMicroelectronics X-CUBE-SAFEA1 1.2.2
2025-10-15 09:53:36,439 [INFO] ThirdParty:1030 - CMSIS Pack Vendor :STMicroelectronics X-CUBE-NFC4 3.0.0
2025-10-15 09:53:36,439 [INFO] ThirdParty:1030 - CMSIS Pack Vendor :STMicroelectronics X-CUBE-SUBG2 5.0.0
2025-10-15 09:53:36,439 [INFO] ThirdParty:1030 - CMSIS Pack Vendor :STMicroelectronics X-CUBE-AZRTOS-H7RS 1.1.0
2025-10-15 09:53:36,439 [INFO] ThirdParty:1030 - CMSIS Pack Vendor :STMicroelectronics STM32_WPAN 1.0.0
2025-10-15 09:53:36,439 [INFO] ThirdParty:1030 - CMSIS Pack Vendor :EmbeddedOffice I-CUBE-FS-RTOS 1.0.1
2025-10-15 09:53:36,439 [INFO] ThirdParty:1030 - CMSIS Pack Vendor :STMicroelectronics lwIP 2.0.3
2025-10-15 09:53:36,439 [INFO] ThirdParty:1030 - CMSIS Pack Vendor :Cesanta I-CUBE-Mongoose 7.13.0
2025-10-15 09:53:36,439 [INFO] ThirdParty:1030 - CMSIS Pack Vendor :STMicroelectronics USB_HOST 1.0.0
2025-10-15 09:53:36,439 [INFO] ThirdParty:1030 - CMSIS Pack Vendor :STMicroelectronics X-CUBE-AZRTOS-G4 2.0.0
2025-10-15 09:53:36,439 [INFO] ThirdParty:1030 - CMSIS Pack Vendor :STMicroelectronics X-CUBE-WB05N 2.0.0
2025-10-15 09:53:36,440 [INFO] ThirdParty:1030 - CMSIS Pack Vendor :STMicroelectronics PDM2PCM 3.1.0
2025-10-15 09:53:36,440 [INFO] ThirdParty:1030 - CMSIS Pack Vendor :STMicroelectronics X-CUBE-NFC7 2.0.0
2025-10-15 09:53:36,440 [INFO] ThirdParty:1030 - CMSIS Pack Vendor :STMicroelectronics X-CUBE-TCPP 4.2.0
2025-10-15 09:53:36,440 [INFO] ThirdParty:1030 - CMSIS Pack Vendor :RealThread X-CUBE-RT-Thread_Nano 4.1.1
2025-10-15 09:53:36,440 [INFO] ThirdParty:1030 - CMSIS Pack Vendor :STMicroelectronics FP-ATR-SIGFOX1 3.2.0
2025-10-15 09:53:36,440 [INFO] ThirdParty:1030 - CMSIS Pack Vendor :wolfSSL I-CUBE-wolfSSL 5.7.2
2025-10-15 09:53:36,440 [INFO] ThirdParty:1030 - CMSIS Pack Vendor :quantropi X-CUBE-qispace-sdk-base 1.9.3
2025-10-15 09:53:36,440 [INFO] ThirdParty:1030 - CMSIS Pack Vendor :STMicroelectronics X-CUBE-EEPRMA1 5.1.0
2025-10-15 09:53:36,440 [INFO] ThirdParty:1030 - CMSIS Pack Vendor :STMicroelectronics MBEDTLS 2.16.2
2025-10-15 09:53:36,440 [INFO] ThirdParty:1030 - CMSIS Pack Vendor :STMicroelectronics X-CUBE-IPS 3.1.0
2025-10-15 09:53:36,440 [INFO] ThirdParty:1030 - CMSIS Pack Vendor :STMicroelectronics X-CUBE-ALS 1.0.2
2025-10-15 09:53:36,440 [INFO] ThirdParty:1030 - CMSIS Pack Vendor :ITTIA_DB I-CUBE-ITTIADB 8.9.0
2025-10-15 09:53:36,440 [INFO] ThirdParty:1030 - CMSIS Pack Vendor :STMicroelectronics X-CUBE-TOUCHGFX 4.24.2
2025-10-15 09:53:36,440 [INFO] ThirdParty:1030 - CMSIS Pack Vendor :STMicroelectronics X-CUBE-TOUCHGFX 4.24.1
2025-10-15 09:53:36,440 [INFO] ThirdParty:1030 - CMSIS Pack Vendor :STMicroelectronics X-CUBE-STSE01 1.0.0
2025-10-15 09:53:36,440 [INFO] ThirdParty:1030 - CMSIS Pack Vendor :wolfSSL I-CUBE-wolfTPM 3.4.0
2025-10-15 09:53:36,440 [INFO] ThirdParty:1030 - CMSIS Pack Vendor :portGmbH I-Cube-SoM-uGOAL 1.1.0
2025-10-15 09:53:36,440 [INFO] ThirdParty:1030 - CMSIS Pack Vendor :STMicroelectronics X-CUBE-ST67W61 1.0.0
2025-10-15 09:53:36,440 [INFO] ThirdParty:1030 - CMSIS Pack Vendor :STMicroelectronics X-CUBE-AI 10.2.0
2025-10-15 09:53:36,440 [INFO] ThirdParty:1030 - CMSIS Pack Vendor :STMicroelectronics ThreadX 1.0.0
2025-10-15 09:53:36,440 [INFO] ThirdParty:1030 - CMSIS Pack Vendor :SEGGER I-CUBE-embOS 1.3.1
2025-10-15 09:53:36,440 [INFO] ThirdParty:1030 - CMSIS Pack Vendor :STMicroelectronics X-CUBE-ALGOBUILD 1.4.0
2025-10-15 09:53:36,440 [INFO] ThirdParty:1030 - CMSIS Pack Vendor :STMicroelectronics X-CUBE-MEMS1 11.3.0
2025-10-15 09:53:36,440 [INFO] ThirdParty:1030 - CMSIS Pack Vendor :STMicroelectronics X-CUBE-AZRTOS-H7RS 1.0.0
2025-10-15 09:53:36,440 [INFO] ThirdParty:1030 - CMSIS Pack Vendor :STMicroelectronics FP-ATR-ASTRA1 2.0.0
2025-10-15 09:53:36,440 [INFO] ThirdParty:1030 - CMSIS Pack Vendor :STMicroelectronics X-CUBE-TOF1 3.4.2
2025-10-15 09:53:36,440 [INFO] ThirdParty:1030 - CMSIS Pack Vendor :STMicroelectronics X-CUBE-TOF1 3.4.3
2025-10-15 09:53:36,440 [INFO] ThirdParty:1030 - CMSIS Pack Vendor :STMicroelectronics X-CUBE-AI 9.1.0
2025-10-15 09:53:36,440 [INFO] ThirdParty:1030 - CMSIS Pack Vendor :Infineon AIROC-Wi-Fi-Bluetooth-STM32 1.6.1
2025-10-15 09:53:36,440 [INFO] ThirdParty:1030 - CMSIS Pack Vendor :wolfSSL I-CUBE-wolfSSH 1.4.17
2025-10-15 09:53:36,440 [INFO] ThirdParty:841 - exiting critical section [change project]
2025-10-15 09:53:36,568 [INFO] PinOutPanel:1589 - setPackage(No Configuration,No Configuration)
2025-10-15 09:53:36,568 [INFO] PinOutPanel:1589 - setPackage(STM32G431RBTx,LQFP64)
2025-10-15 09:53:36,660 [INFO] UtilMem:75 - Before build in PCC Used Memory: 440997048 Bytes (1073741824)
2025-10-15 09:53:36,993 [INFO] UtilMem:75 - After build in PCC Used Memory: 533271736 Bytes (1073741824)
2025-10-15 09:53:37,009 [INFO] IPUIPlugin:80 - create IPUIPlugin
2025-10-15 09:53:37,009 [INFO] IPUIPlugin:80 - create IPUIPlugin
2025-10-15 09:53:37,009 [INFO] IPUIPlugin:80 - create IPUIPlugin
2025-10-15 09:53:37,009 [INFO] IPUIPlugin:80 - create IPUIPlugin
2025-10-15 09:53:37,009 [INFO] IPUIPlugin:80 - create IPUIPlugin
2025-10-15 09:53:37,009 [INFO] IPUIPlugin:80 - create IPUIPlugin
2025-10-15 09:53:37,009 [INFO] IPUIPlugin:80 - create IPUIPlugin
2025-10-15 09:53:37,009 [INFO] IPUIPlugin:80 - create IPUIPlugin
2025-10-15 09:53:37,009 [INFO] IPUIPlugin:80 - create IPUIPlugin
2025-10-15 09:53:37,009 [INFO] IPUIPlugin:80 - create IPUIPlugin
2025-10-15 09:53:37,009 [INFO] IPUIPlugin:80 - create IPUIPlugin
2025-10-15 09:53:37,009 [INFO] IPUIPlugin:80 - create IPUIPlugin
2025-10-15 09:53:37,009 [INFO] IPUIPlugin:80 - create IPUIPlugin
2025-10-15 09:53:37,009 [INFO] IPUIPlugin:80 - create IPUIPlugin
2025-10-15 09:53:37,009 [INFO] IPUIPlugin:80 - create IPUIPlugin
2025-10-15 09:53:37,009 [INFO] IPUIPlugin:80 - create IPUIPlugin
2025-10-15 09:53:37,010 [INFO] IPUIPlugin:80 - create IPUIPlugin
2025-10-15 09:53:37,010 [INFO] IPUIPlugin:80 - create IPUIPlugin
2025-10-15 09:53:37,010 [INFO] IPUIPlugin:80 - create IPUIPlugin
2025-10-15 09:53:37,010 [INFO] IPUIPlugin:80 - create IPUIPlugin
2025-10-15 09:53:37,010 [INFO] IPUIPlugin:80 - create IPUIPlugin
2025-10-15 09:53:37,010 [INFO] IPUIPlugin:80 - create IPUIPlugin
2025-10-15 09:53:37,010 [INFO] IPUIPlugin:80 - create IPUIPlugin
2025-10-15 09:53:37,010 [INFO] IPUIPlugin:80 - create IPUIPlugin
2025-10-15 09:53:37,010 [INFO] IPUIPlugin:80 - create IPUIPlugin
2025-10-15 09:53:37,010 [INFO] IPUIPlugin:80 - create IPUIPlugin
2025-10-15 09:53:37,011 [INFO] IPUIPlugin:80 - create IPUIPlugin
2025-10-15 09:53:37,011 [INFO] IPUIPlugin:80 - create IPUIPlugin
2025-10-15 09:53:37,011 [INFO] IPUIPlugin:80 - create IPUIPlugin
2025-10-15 09:53:37,011 [INFO] IPUIPlugin:80 - create IPUIPlugin
2025-10-15 09:53:37,011 [INFO] IPUIPlugin:80 - create IPUIPlugin
2025-10-15 09:53:37,011 [INFO] IPUIPlugin:80 - create IPUIPlugin
2025-10-15 09:53:37,011 [INFO] IPUIPlugin:80 - create IPUIPlugin
2025-10-15 09:53:37,011 [INFO] IPUIPlugin:80 - create IPUIPlugin
2025-10-15 09:53:37,012 [INFO] IPUIPlugin:80 - create IPUIPlugin
2025-10-15 09:53:37,012 [INFO] IPUIPlugin:80 - create IPUIPlugin
2025-10-15 09:53:37,012 [INFO] IPUIPlugin:80 - create IPUIPlugin
2025-10-15 09:53:37,012 [INFO] IPUIPlugin:80 - create IPUIPlugin
2025-10-15 09:53:37,012 [INFO] IPUIPlugin:80 - create IPUIPlugin
2025-10-15 09:53:37,012 [INFO] IPUIPlugin:80 - create IPUIPlugin
2025-10-15 09:53:37,012 [INFO] IPUIPlugin:80 - create IPUIPlugin
2025-10-15 09:53:37,012 [INFO] IPUIPlugin:80 - create IPUIPlugin
2025-10-15 09:53:37,012 [INFO] IPUIPlugin:80 - create IPUIPlugin
2025-10-15 09:53:37,012 [INFO] IPUIPlugin:80 - create IPUIPlugin
2025-10-15 09:53:37,013 [INFO] IPUIPlugin:80 - create IPUIPlugin
2025-10-15 09:53:37,013 [INFO] IPUIPlugin:80 - create IPUIPlugin
2025-10-15 09:53:37,013 [INFO] IPUIPlugin:80 - create IPUIPlugin
2025-10-15 09:53:37,013 [INFO] IPUIPlugin:80 - create IPUIPlugin
2025-10-15 09:53:37,013 [INFO] IPUIPlugin:80 - create IPUIPlugin
2025-10-15 09:53:37,013 [INFO] IPUIPlugin:80 - create IPUIPlugin
2025-10-15 09:53:37,013 [INFO] IPUIPlugin:80 - create IPUIPlugin
2025-10-15 09:53:37,013 [INFO] IPUIPlugin:80 - create IPUIPlugin
2025-10-15 09:53:37,014 [INFO] IPUIPlugin:80 - create IPUIPlugin
2025-10-15 09:53:37,014 [INFO] IPUIPlugin:80 - create IPUIPlugin
2025-10-15 09:53:37,014 [INFO] IPUIPlugin:80 - create IPUIPlugin
2025-10-15 09:53:37,014 [INFO] IPUIPlugin:80 - create IPUIPlugin
2025-10-15 09:53:37,014 [INFO] IPUIPlugin:80 - create IPUIPlugin
2025-10-15 09:53:37,014 [INFO] IPUIPlugin:80 - create IPUIPlugin
2025-10-15 09:53:37,015 [INFO] IPUIPlugin:80 - create IPUIPlugin
2025-10-15 09:53:37,019 [WARN] IP:2250 - MessageRAMOffset not found: check if there is a RefParameter without a condition.
2025-10-15 09:53:37,019 [WARN] IP:2250 - RxFifo0ElmtsNbr not found: check if there is a RefParameter without a condition.
2025-10-15 09:53:37,019 [WARN] IP:2250 - RxFifo0ElmtSize not found: check if there is a RefParameter without a condition.
2025-10-15 09:53:37,019 [WARN] IP:2250 - RxFifo1ElmtsNbr not found: check if there is a RefParameter without a condition.
2025-10-15 09:53:37,019 [WARN] IP:2250 - RxFifo1ElmtSize not found: check if there is a RefParameter without a condition.
2025-10-15 09:53:37,019 [WARN] IP:2250 - RxBuffersNbr not found: check if there is a RefParameter without a condition.
2025-10-15 09:53:37,019 [WARN] IP:2250 - RxBufferSize not found: check if there is a RefParameter without a condition.
2025-10-15 09:53:37,019 [WARN] IP:2250 - TxEventsNbr not found: check if there is a RefParameter without a condition.
2025-10-15 09:53:37,019 [WARN] IP:2250 - TxBuffersNbr not found: check if there is a RefParameter without a condition.
2025-10-15 09:53:37,019 [WARN] IP:2250 - TxFifoQueueElmtsNbr not found: check if there is a RefParameter without a condition.
2025-10-15 09:53:37,019 [WARN] IP:2250 - TxElmtSize not found: check if there is a RefParameter without a condition.
2025-10-15 09:53:37,019 [WARN] IP:2250 - ClockCalibrationCCU not found: check if there is a RefParameter without a condition.
2025-10-15 09:53:37,019 [WARN] IP:2250 - ClockDividerCCU not found: check if there is a RefParameter without a condition.
2025-10-15 09:53:37,019 [WARN] IP:2250 - MinOscClkPeriodsCCU not found: check if there is a RefParameter without a condition.
2025-10-15 09:53:37,019 [WARN] IP:2250 - TimeQuantaPerBitTimeCCU not found: check if there is a RefParameter without a condition.
2025-10-15 09:53:37,019 [WARN] IP:2250 - WatchdogStartValueCCU not found: check if there is a RefParameter without a condition.
2025-10-15 09:53:37,021 [INFO] LogOutputStream:77 - [STDOUT_REDIRECT] Nominal 
2025-10-15 09:53:37,021 [INFO] Can:71 - Can Add PropertyChangeListener com.st.microxplorer.plugins.ip.can.Can@71f7fa6f
2025-10-15 09:53:37,058 [INFO] CADModel:165 - CPN selected for project levelSTM32G431RBT6
2025-10-15 09:53:37,058 [INFO] CADModel:114 - Register for checkConnection events
2025-10-15 09:53:37,122 [INFO] OpenFileManager:386 - Restore cursor
2025-10-15 09:53:37,233 [WARN] IP:2250 - MessageRAMOffset not found: check if there is a RefParameter without a condition.
2025-10-15 09:53:37,233 [WARN] IP:2250 - RxFifo0ElmtsNbr not found: check if there is a RefParameter without a condition.
2025-10-15 09:53:37,233 [WARN] IP:2250 - RxFifo0ElmtSize not found: check if there is a RefParameter without a condition.
2025-10-15 09:53:37,233 [WARN] IP:2250 - RxFifo1ElmtsNbr not found: check if there is a RefParameter without a condition.
2025-10-15 09:53:37,233 [WARN] IP:2250 - RxFifo1ElmtSize not found: check if there is a RefParameter without a condition.
2025-10-15 09:53:37,233 [WARN] IP:2250 - RxBuffersNbr not found: check if there is a RefParameter without a condition.
2025-10-15 09:53:37,233 [WARN] IP:2250 - RxBufferSize not found: check if there is a RefParameter without a condition.
2025-10-15 09:53:37,233 [WARN] IP:2250 - TxEventsNbr not found: check if there is a RefParameter without a condition.
2025-10-15 09:53:37,233 [WARN] IP:2250 - TxBuffersNbr not found: check if there is a RefParameter without a condition.
2025-10-15 09:53:37,233 [WARN] IP:2250 - TxFifoQueueElmtsNbr not found: check if there is a RefParameter without a condition.
2025-10-15 09:53:37,233 [WARN] IP:2250 - TxElmtSize not found: check if there is a RefParameter without a condition.
2025-10-15 09:53:37,233 [WARN] IP:2250 - ClockCalibrationCCU not found: check if there is a RefParameter without a condition.
2025-10-15 09:53:37,233 [WARN] IP:2250 - ClockDividerCCU not found: check if there is a RefParameter without a condition.
2025-10-15 09:53:37,233 [WARN] IP:2250 - MinOscClkPeriodsCCU not found: check if there is a RefParameter without a condition.
2025-10-15 09:53:37,233 [WARN] IP:2250 - TimeQuantaPerBitTimeCCU not found: check if there is a RefParameter without a condition.
2025-10-15 09:53:37,233 [WARN] IP:2250 - WatchdogStartValueCCU not found: check if there is a RefParameter without a condition.
2025-10-15 09:53:56,008 [WARN] IP:2250 - MessageRAMOffset not found: check if there is a RefParameter without a condition.
2025-10-15 09:53:56,008 [WARN] IP:2250 - RxFifo0ElmtsNbr not found: check if there is a RefParameter without a condition.
2025-10-15 09:53:56,008 [WARN] IP:2250 - RxFifo0ElmtSize not found: check if there is a RefParameter without a condition.
2025-10-15 09:53:56,008 [WARN] IP:2250 - RxFifo1ElmtsNbr not found: check if there is a RefParameter without a condition.
2025-10-15 09:53:56,008 [WARN] IP:2250 - RxFifo1ElmtSize not found: check if there is a RefParameter without a condition.
2025-10-15 09:53:56,008 [WARN] IP:2250 - RxBuffersNbr not found: check if there is a RefParameter without a condition.
2025-10-15 09:53:56,008 [WARN] IP:2250 - RxBufferSize not found: check if there is a RefParameter without a condition.
2025-10-15 09:53:56,008 [WARN] IP:2250 - TxEventsNbr not found: check if there is a RefParameter without a condition.
2025-10-15 09:53:56,008 [WARN] IP:2250 - TxBuffersNbr not found: check if there is a RefParameter without a condition.
2025-10-15 09:53:56,008 [WARN] IP:2250 - TxFifoQueueElmtsNbr not found: check if there is a RefParameter without a condition.
2025-10-15 09:53:56,008 [WARN] IP:2250 - TxElmtSize not found: check if there is a RefParameter without a condition.
2025-10-15 09:53:56,008 [WARN] IP:2250 - ClockCalibrationCCU not found: check if there is a RefParameter without a condition.
2025-10-15 09:53:56,008 [WARN] IP:2250 - ClockDividerCCU not found: check if there is a RefParameter without a condition.
2025-10-15 09:53:56,008 [WARN] IP:2250 - MinOscClkPeriodsCCU not found: check if there is a RefParameter without a condition.
2025-10-15 09:53:56,008 [WARN] IP:2250 - TimeQuantaPerBitTimeCCU not found: check if there is a RefParameter without a condition.
2025-10-15 09:53:56,008 [WARN] IP:2250 - WatchdogStartValueCCU not found: check if there is a RefParameter without a condition.
2025-10-15 09:53:56,019 [WARN] IP:2250 - MessageRAMOffset not found: check if there is a RefParameter without a condition.
2025-10-15 09:53:56,020 [WARN] IP:2250 - RxFifo0ElmtsNbr not found: check if there is a RefParameter without a condition.
2025-10-15 09:53:56,020 [WARN] IP:2250 - RxFifo0ElmtSize not found: check if there is a RefParameter without a condition.
2025-10-15 09:53:56,020 [WARN] IP:2250 - RxFifo1ElmtsNbr not found: check if there is a RefParameter without a condition.
2025-10-15 09:53:56,020 [WARN] IP:2250 - RxFifo1ElmtSize not found: check if there is a RefParameter without a condition.
2025-10-15 09:53:56,020 [WARN] IP:2250 - RxBuffersNbr not found: check if there is a RefParameter without a condition.
2025-10-15 09:53:56,020 [WARN] IP:2250 - RxBufferSize not found: check if there is a RefParameter without a condition.
2025-10-15 09:53:56,020 [WARN] IP:2250 - TxEventsNbr not found: check if there is a RefParameter without a condition.
2025-10-15 09:53:56,020 [WARN] IP:2250 - TxBuffersNbr not found: check if there is a RefParameter without a condition.
2025-10-15 09:53:56,020 [WARN] IP:2250 - TxFifoQueueElmtsNbr not found: check if there is a RefParameter without a condition.
2025-10-15 09:53:56,020 [WARN] IP:2250 - TxElmtSize not found: check if there is a RefParameter without a condition.
2025-10-15 09:53:56,020 [WARN] IP:2250 - ClockCalibrationCCU not found: check if there is a RefParameter without a condition.
2025-10-15 09:53:56,020 [WARN] IP:2250 - ClockDividerCCU not found: check if there is a RefParameter without a condition.
2025-10-15 09:53:56,020 [WARN] IP:2250 - MinOscClkPeriodsCCU not found: check if there is a RefParameter without a condition.
2025-10-15 09:53:56,020 [WARN] IP:2250 - TimeQuantaPerBitTimeCCU not found: check if there is a RefParameter without a condition.
2025-10-15 09:53:56,020 [WARN] IP:2250 - WatchdogStartValueCCU not found: check if there is a RefParameter without a condition.
2025-10-15 09:53:56,036 [WARN] IP:2250 - MessageRAMOffset not found: check if there is a RefParameter without a condition.
2025-10-15 09:53:56,036 [WARN] IP:2250 - RxFifo0ElmtsNbr not found: check if there is a RefParameter without a condition.
2025-10-15 09:53:56,036 [WARN] IP:2250 - RxFifo0ElmtSize not found: check if there is a RefParameter without a condition.
2025-10-15 09:53:56,036 [WARN] IP:2250 - RxFifo1ElmtsNbr not found: check if there is a RefParameter without a condition.
2025-10-15 09:53:56,036 [WARN] IP:2250 - RxFifo1ElmtSize not found: check if there is a RefParameter without a condition.
2025-10-15 09:53:56,036 [WARN] IP:2250 - RxBuffersNbr not found: check if there is a RefParameter without a condition.
2025-10-15 09:53:56,037 [WARN] IP:2250 - RxBufferSize not found: check if there is a RefParameter without a condition.
2025-10-15 09:53:56,037 [WARN] IP:2250 - TxEventsNbr not found: check if there is a RefParameter without a condition.
2025-10-15 09:53:56,037 [WARN] IP:2250 - TxBuffersNbr not found: check if there is a RefParameter without a condition.
2025-10-15 09:53:56,037 [WARN] IP:2250 - TxFifoQueueElmtsNbr not found: check if there is a RefParameter without a condition.
2025-10-15 09:53:56,037 [WARN] IP:2250 - TxElmtSize not found: check if there is a RefParameter without a condition.
2025-10-15 09:53:56,037 [WARN] IP:2250 - ClockCalibrationCCU not found: check if there is a RefParameter without a condition.
2025-10-15 09:53:56,037 [WARN] IP:2250 - ClockDividerCCU not found: check if there is a RefParameter without a condition.
2025-10-15 09:53:56,037 [WARN] IP:2250 - MinOscClkPeriodsCCU not found: check if there is a RefParameter without a condition.
2025-10-15 09:53:56,037 [WARN] IP:2250 - TimeQuantaPerBitTimeCCU not found: check if there is a RefParameter without a condition.
2025-10-15 09:53:56,037 [WARN] IP:2250 - WatchdogStartValueCCU not found: check if there is a RefParameter without a condition.
2025-10-15 09:53:58,666 [WARN] IP:2250 - MessageRAMOffset not found: check if there is a RefParameter without a condition.
2025-10-15 09:53:58,666 [WARN] IP:2250 - RxFifo0ElmtsNbr not found: check if there is a RefParameter without a condition.
2025-10-15 09:53:58,666 [WARN] IP:2250 - RxFifo0ElmtSize not found: check if there is a RefParameter without a condition.
2025-10-15 09:53:58,666 [WARN] IP:2250 - RxFifo1ElmtsNbr not found: check if there is a RefParameter without a condition.
2025-10-15 09:53:58,666 [WARN] IP:2250 - RxFifo1ElmtSize not found: check if there is a RefParameter without a condition.
2025-10-15 09:53:58,666 [WARN] IP:2250 - RxBuffersNbr not found: check if there is a RefParameter without a condition.
2025-10-15 09:53:58,666 [WARN] IP:2250 - RxBufferSize not found: check if there is a RefParameter without a condition.
2025-10-15 09:53:58,666 [WARN] IP:2250 - TxEventsNbr not found: check if there is a RefParameter without a condition.
2025-10-15 09:53:58,666 [WARN] IP:2250 - TxBuffersNbr not found: check if there is a RefParameter without a condition.
2025-10-15 09:53:58,666 [WARN] IP:2250 - TxFifoQueueElmtsNbr not found: check if there is a RefParameter without a condition.
2025-10-15 09:53:58,666 [WARN] IP:2250 - TxElmtSize not found: check if there is a RefParameter without a condition.
2025-10-15 09:53:58,666 [WARN] IP:2250 - ClockCalibrationCCU not found: check if there is a RefParameter without a condition.
2025-10-15 09:53:58,666 [WARN] IP:2250 - ClockDividerCCU not found: check if there is a RefParameter without a condition.
2025-10-15 09:53:58,666 [WARN] IP:2250 - MinOscClkPeriodsCCU not found: check if there is a RefParameter without a condition.
2025-10-15 09:53:58,666 [WARN] IP:2250 - TimeQuantaPerBitTimeCCU not found: check if there is a RefParameter without a condition.
2025-10-15 09:53:58,666 [WARN] IP:2250 - WatchdogStartValueCCU not found: check if there is a RefParameter without a condition.
2025-10-15 09:53:58,676 [WARN] IP:2250 - MessageRAMOffset not found: check if there is a RefParameter without a condition.
2025-10-15 09:53:58,677 [WARN] IP:2250 - RxFifo0ElmtsNbr not found: check if there is a RefParameter without a condition.
2025-10-15 09:53:58,677 [WARN] IP:2250 - RxFifo0ElmtSize not found: check if there is a RefParameter without a condition.
2025-10-15 09:53:58,677 [WARN] IP:2250 - RxFifo1ElmtsNbr not found: check if there is a RefParameter without a condition.
2025-10-15 09:53:58,677 [WARN] IP:2250 - RxFifo1ElmtSize not found: check if there is a RefParameter without a condition.
2025-10-15 09:53:58,677 [WARN] IP:2250 - RxBuffersNbr not found: check if there is a RefParameter without a condition.
2025-10-15 09:53:58,677 [WARN] IP:2250 - RxBufferSize not found: check if there is a RefParameter without a condition.
2025-10-15 09:53:58,677 [WARN] IP:2250 - TxEventsNbr not found: check if there is a RefParameter without a condition.
2025-10-15 09:53:58,677 [WARN] IP:2250 - TxBuffersNbr not found: check if there is a RefParameter without a condition.
2025-10-15 09:53:58,677 [WARN] IP:2250 - TxFifoQueueElmtsNbr not found: check if there is a RefParameter without a condition.
2025-10-15 09:53:58,677 [WARN] IP:2250 - TxElmtSize not found: check if there is a RefParameter without a condition.
2025-10-15 09:53:58,677 [WARN] IP:2250 - ClockCalibrationCCU not found: check if there is a RefParameter without a condition.
2025-10-15 09:53:58,677 [WARN] IP:2250 - ClockDividerCCU not found: check if there is a RefParameter without a condition.
2025-10-15 09:53:58,677 [WARN] IP:2250 - MinOscClkPeriodsCCU not found: check if there is a RefParameter without a condition.
2025-10-15 09:53:58,677 [WARN] IP:2250 - TimeQuantaPerBitTimeCCU not found: check if there is a RefParameter without a condition.
2025-10-15 09:53:58,677 [WARN] IP:2250 - WatchdogStartValueCCU not found: check if there is a RefParameter without a condition.
2025-10-15 09:53:58,685 [WARN] IP:2250 - MessageRAMOffset not found: check if there is a RefParameter without a condition.
2025-10-15 09:53:58,685 [WARN] IP:2250 - RxFifo0ElmtsNbr not found: check if there is a RefParameter without a condition.
2025-10-15 09:53:58,686 [WARN] IP:2250 - RxFifo0ElmtSize not found: check if there is a RefParameter without a condition.
2025-10-15 09:53:58,686 [WARN] IP:2250 - RxFifo1ElmtsNbr not found: check if there is a RefParameter without a condition.
2025-10-15 09:53:58,686 [WARN] IP:2250 - RxFifo1ElmtSize not found: check if there is a RefParameter without a condition.
2025-10-15 09:53:58,686 [WARN] IP:2250 - RxBuffersNbr not found: check if there is a RefParameter without a condition.
2025-10-15 09:53:58,686 [WARN] IP:2250 - RxBufferSize not found: check if there is a RefParameter without a condition.
2025-10-15 09:53:58,686 [WARN] IP:2250 - TxEventsNbr not found: check if there is a RefParameter without a condition.
2025-10-15 09:53:58,686 [WARN] IP:2250 - TxBuffersNbr not found: check if there is a RefParameter without a condition.
2025-10-15 09:53:58,686 [WARN] IP:2250 - TxFifoQueueElmtsNbr not found: check if there is a RefParameter without a condition.
2025-10-15 09:53:58,686 [WARN] IP:2250 - TxElmtSize not found: check if there is a RefParameter without a condition.
2025-10-15 09:53:58,686 [WARN] IP:2250 - ClockCalibrationCCU not found: check if there is a RefParameter without a condition.
2025-10-15 09:53:58,686 [WARN] IP:2250 - ClockDividerCCU not found: check if there is a RefParameter without a condition.
2025-10-15 09:53:58,686 [WARN] IP:2250 - MinOscClkPeriodsCCU not found: check if there is a RefParameter without a condition.
2025-10-15 09:53:58,686 [WARN] IP:2250 - TimeQuantaPerBitTimeCCU not found: check if there is a RefParameter without a condition.
2025-10-15 09:53:58,686 [WARN] IP:2250 - WatchdogStartValueCCU not found: check if there is a RefParameter without a condition.
2025-10-15 09:54:02,608 [INFO] NvicIntPanel:101 - NVIC parent = com.st.microxplorer.plugins.ip.nvic.MultiNvicIntPanel[,0,0,0x0,invalid,layout=javax.swing.BoxLayout,alignmentX=0.0,alignmentY=0.0,border=,flags=9,maximumSize=,minimumSize=,preferredSize=]
2025-10-15 09:54:05,933 [INFO] NvicIntPanel:101 - NVIC parent = com.st.microxplorer.plugins.ip.nvic.MultiNvicIntPanel[,0,0,0x0,invalid,layout=javax.swing.BoxLayout,alignmentX=0.0,alignmentY=0.0,border=,flags=9,maximumSize=,minimumSize=,preferredSize=]
2025-10-15 09:54:10,153 [INFO] UtilMem:75 - End SaveConfig() Used Memory: 949631576 Bytes (1073741824)
2025-10-15 09:54:10,218 [INFO] UtilMem:75 - End SaveConfig() Used Memory: 969028184 Bytes (1073741824)
2025-10-15 09:54:10,773 [INFO] UtilMem:75 - End SaveConfig() Used Memory: 447294488 Bytes (1073741824)
2025-10-15 09:54:11,120 [INFO] BlockDiagram:2775 - set Specific Code input for plugin: SYS
2025-10-15 09:54:11,120 [INFO] BlockDiagram:2775 - set Specific Code input for plugin: RCC
2025-10-15 09:54:11,120 [INFO] BlockDiagram:2775 - set Specific Code input for plugin: NVIC
2025-10-15 09:54:11,120 [INFO] BlockDiagram:2775 - set Specific Code input for plugin: USART
2025-10-15 09:54:11,120 [INFO] BlockDiagram:2775 - set Specific Code input for plugin: GPIO
2025-10-15 09:54:11,120 [INFO] BlockDiagram:2775 - set Specific Code input for plugin: FDCAN
2025-10-15 09:54:11,121 [INFO] CodeGenerator:892 - code generatio: config db path: C:\ST\STM32CubeIDE_1.16.1\STM32CubeIDE\plugins\com.st.stm32cube.common.mx_6.15.0.202507011659\\db\
2025-10-15 09:54:11,121 [WARN] IP:2250 - MessageRAMOffset not found: check if there is a RefParameter without a condition.
2025-10-15 09:54:11,121 [WARN] IP:2250 - RxFifo0ElmtsNbr not found: check if there is a RefParameter without a condition.
2025-10-15 09:54:11,121 [WARN] IP:2250 - RxFifo0ElmtSize not found: check if there is a RefParameter without a condition.
2025-10-15 09:54:11,121 [WARN] IP:2250 - RxFifo1ElmtsNbr not found: check if there is a RefParameter without a condition.
2025-10-15 09:54:11,121 [WARN] IP:2250 - RxFifo1ElmtSize not found: check if there is a RefParameter without a condition.
2025-10-15 09:54:11,121 [WARN] IP:2250 - RxBuffersNbr not found: check if there is a RefParameter without a condition.
2025-10-15 09:54:11,121 [WARN] IP:2250 - RxBufferSize not found: check if there is a RefParameter without a condition.
2025-10-15 09:54:11,121 [WARN] IP:2250 - TxEventsNbr not found: check if there is a RefParameter without a condition.
2025-10-15 09:54:11,121 [WARN] IP:2250 - TxBuffersNbr not found: check if there is a RefParameter without a condition.
2025-10-15 09:54:11,121 [WARN] IP:2250 - TxFifoQueueElmtsNbr not found: check if there is a RefParameter without a condition.
2025-10-15 09:54:11,121 [WARN] IP:2250 - TxElmtSize not found: check if there is a RefParameter without a condition.
2025-10-15 09:54:11,121 [WARN] IP:2250 - ClockCalibrationCCU not found: check if there is a RefParameter without a condition.
2025-10-15 09:54:11,121 [WARN] IP:2250 - ClockDividerCCU not found: check if there is a RefParameter without a condition.
2025-10-15 09:54:11,121 [WARN] IP:2250 - MinOscClkPeriodsCCU not found: check if there is a RefParameter without a condition.
2025-10-15 09:54:11,121 [WARN] IP:2250 - TimeQuantaPerBitTimeCCU not found: check if there is a RefParameter without a condition.
2025-10-15 09:54:11,121 [WARN] IP:2250 - WatchdogStartValueCCU not found: check if there is a RefParameter without a condition.
2025-10-15 09:54:11,244 [INFO] CodeEngine:265 - oldGeneratedFile, E:\AGH\AiR\Praca_inzynierska\bldc_foc\Projects\G4_CAN\MXTmpFiles\license.tmp_save
2025-10-15 09:54:11,418 [INFO] CodeEngine:289 - Generated code: E:\AGH\AiR\Praca_inzynierska\bldc_foc\Projects\G4_CAN\MXTmpFiles\license.tmp
2025-10-15 09:54:11,455 [INFO] CodeEngine:265 - oldGeneratedFile, E:\AGH\AiR\Praca_inzynierska\bldc_foc\Projects\G4_CAN\MXTmpFiles\gpio.tmp_save
2025-10-15 09:54:11,568 [INFO] CodeEngine:289 - Generated code: E:\AGH\AiR\Praca_inzynierska\bldc_foc\Projects\G4_CAN\MXTmpFiles\gpio.tmp
2025-10-15 09:54:11,737 [INFO] CodeEngine:265 - oldGeneratedFile, E:\AGH\AiR\Praca_inzynierska\bldc_foc\Projects\G4_CAN\Core\Src\stm32g4xx_it.c_save
2025-10-15 09:54:11,842 [INFO] CodeEngine:289 - Generated code: E:\AGH\AiR\Praca_inzynierska\bldc_foc\Projects\G4_CAN\Core\Src\stm32g4xx_it.c
2025-10-15 09:54:11,846 [INFO] CodeEngine:265 - oldGeneratedFile, E:\AGH\AiR\Praca_inzynierska\bldc_foc\Projects\G4_CAN\Core\Inc\stm32g4xx_it.h_save
2025-10-15 09:54:11,901 [INFO] CodeEngine:289 - Generated code: E:\AGH\AiR\Praca_inzynierska\bldc_foc\Projects\G4_CAN\Core\Inc\stm32g4xx_it.h
2025-10-15 09:54:11,910 [INFO] CodeEngine:265 - oldGeneratedFile, E:\AGH\AiR\Praca_inzynierska\bldc_foc\Projects\G4_CAN\Core\Src\stm32g4xx_hal_msp.c_save
2025-10-15 09:54:11,994 [INFO] CodeEngine:289 - Generated code: E:\AGH\AiR\Praca_inzynierska\bldc_foc\Projects\G4_CAN\Core\Src\stm32g4xx_hal_msp.c
2025-10-15 09:54:11,997 [INFO] CodeEngine:265 - oldGeneratedFile, E:\AGH\AiR\Praca_inzynierska\bldc_foc\Projects\G4_CAN\MXTmpFiles\system.tmp_save
2025-10-15 09:54:12,044 [INFO] CodeEngine:289 - Generated code: E:\AGH\AiR\Praca_inzynierska\bldc_foc\Projects\G4_CAN\MXTmpFiles\system.tmp
2025-10-15 09:54:12,050 [INFO] CodeEngine:321 - oldGeneratedFile, E:\AGH\AiR\Praca_inzynierska\bldc_foc\Projects\G4_CAN\Core\Inc\stm32g4xx_hal_conf.h_save
2025-10-15 09:54:12,099 [INFO] CodeEngine:345 - Generated code: E:\AGH\AiR\Praca_inzynierska\bldc_foc\Projects\G4_CAN\Core\Inc\stm32g4xx_hal_conf.h
2025-10-15 09:54:12,111 [WARN] IPConfigManager:3238 - Warning: the RefConfig RCC_CommonPeriphClockConfig is not available in your config.xml file
2025-10-15 09:54:12,115 [INFO] ApiDbMcu:532 - Load IP Config File for FDCAN1
2025-10-15 09:54:12,123 [INFO] ApiDbMcu:532 - Load IP Config File for USART2
2025-10-15 09:54:12,125 [INFO] ApiDbMcu:532 - Load IP Config File for RCC
2025-10-15 09:54:12,131 [INFO] CodeEngine:265 - oldGeneratedFile, E:\AGH\AiR\Praca_inzynierska\bldc_foc\Projects\G4_CAN\Core\Inc\main.h_save
2025-10-15 09:54:12,181 [INFO] CodeEngine:289 - Generated code: E:\AGH\AiR\Praca_inzynierska\bldc_foc\Projects\G4_CAN\Core\Inc\main.h
2025-10-15 09:54:12,184 [INFO] CodeEngine:265 - oldGeneratedFile, E:\AGH\AiR\Praca_inzynierska\bldc_foc\Projects\G4_CAN\Core\Src\main.c_save
2025-10-15 09:54:12,254 [INFO] CodeEngine:289 - Generated code: E:\AGH\AiR\Praca_inzynierska\bldc_foc\Projects\G4_CAN\Core\Src\main.c
2025-10-15 09:54:12,435 [INFO] ProjectBuilder:3606 - Time for Copy HAL[1] : 74mS.
2025-10-15 09:54:12,436 [INFO] ProjectBuilder:5216 - Project Generator version: 4.7.0-B52
2025-10-15 09:54:12,495 [INFO] ConfigFileManager:1595 - The Die is : DIE468
2025-10-15 09:54:12,497 [INFO] ApiDbMcu:532 - Load IP Config File for FATFS
2025-10-15 09:54:12,500 [INFO] ApiDbMcu:532 - Load IP Config File for FREERTOS
2025-10-15 09:54:12,502 [INFO] ApiDbMcu:532 - Load IP Config File for USBPD
2025-10-15 09:54:12,505 [INFO] ApiDbMcu:532 - Load IP Config File for USB_DEVICE
2025-10-15 09:54:13,070 [INFO] ProjectBuilder:5496 - Time for Generating toolchain IDE Files: 634mS.
2025-10-15 09:54:13,070 [INFO] ProjectBuilder:3463 - Time for Copy CMSIS : 0mS.
2025-10-15 09:54:13,071 [INFO] ProjectBuilder:3463 - Time for Copy CMSIS : 0mS.
2025-10-15 10:27:12,790 [INFO] WebApp:403 - JxBrowser engine has been closed 
2025-10-15 10:27:47,774 [INFO] Activator:176 - 


2025-10-15 10:27:47,776 [INFO] Activator:177 - !SESSION log4j initialized
2025-10-15 10:27:52,624 [INFO] LogOutputStream:77 - [STDOUT_REDIRECT] 
2025-10-15 10:27:53,232 [INFO] ApplicationProperties:184 - Using Application install path: C:\ST\STM32CubeIDE_1.16.1\STM32CubeIDE\plugins\com.st.stm32cube.common.mx_6.15.0.202507011659
2025-10-15 10:27:53,242 [INFO] DbMcusXml:78 - Set database path to: C:\ST\STM32CubeIDE_1.16.1\STM32CubeIDE\plugins\com.st.stm32cube.common.mx_6.15.0.202507011659\\db\/mcu/
2025-10-15 10:27:53,242 [INFO] ApiDb:274 - Set plugin database path to: C:\ST\STM32CubeIDE_1.16.1\STM32CubeIDE\plugins\com.st.stm32cube.common.mx_6.15.0.202507011659\\db\/plugins/boardmanager/
2025-10-15 10:27:53,242 [WARN] ApiDb:259 - Overriding images path with different value:  => C:\ST\STM32CubeIDE_1.16.1\STM32CubeIDE\plugins\com.st.stm32cube.common.mx_6.15.0.202507011659\\db\/plugins/mcufinder/images/
2025-10-15 10:27:53,246 [INFO] ApiDb:250 - Set database path to: C:\Users\Miloush\.stmcufinder\plugins\mcufinder//mcu/
2025-10-15 10:27:53,247 [INFO] DbMcusAds:125 - Set database path to: C:\Users\Miloush\.stmcufinder\plugins\mcufinder//mcu/
2025-10-15 10:27:53,248 [INFO] CrossReferenceDbSqlite:203 - Set database path to: C:\Users\Miloush\.stmcufinder\plugins\mcufinder//mcu/cs/
2025-10-15 10:27:53,334 [INFO] RulesReader:64 - Compatibility file has been processed (317 Rules)
2025-10-15 10:27:53,402 [INFO] DbMcusXml:78 - Set database path to: C:\ST\STM32CubeIDE_1.16.1\STM32CubeIDE\plugins\com.st.stm32cube.common.mx_6.15.0.202507011659\\db\/mcu/
2025-10-15 10:27:53,402 [INFO] ApiDb:274 - Set plugin database path to: C:\ST\STM32CubeIDE_1.16.1\STM32CubeIDE\plugins\com.st.stm32cube.common.mx_6.15.0.202507011659\\db\/plugins/boardmanager/
2025-10-15 10:27:53,402 [INFO] ApiDb:261 - Set plugin images path to: C:\ST\STM32CubeIDE_1.16.1\STM32CubeIDE\plugins\com.st.stm32cube.common.mx_6.15.0.202507011659\\db\/plugins/mcufinder/images/
2025-10-15 10:27:53,402 [WARN] DbFile:41 - Overriding database path with different value: C:\Users\Miloush\.stmcufinder\plugins\mcufinder/ => C:\Users\Miloush\.stmcufinder\plugins\mcufinder
2025-10-15 10:27:53,402 [INFO] ApiDb:250 - Set database path to: C:\Users\Miloush\.stmcufinder\plugins\mcufinder//mcu/
2025-10-15 10:27:53,403 [WARN] DbFile:41 - Overriding database path with different value: C:\Users\Miloush\.stmcufinder\plugins\mcufinder/ => C:\Users\Miloush\.stmcufinder\plugins\mcufinder
2025-10-15 10:27:53,403 [INFO] DbMcusAds:125 - Set database path to: C:\Users\Miloush\.stmcufinder\plugins\mcufinder//mcu/
2025-10-15 10:27:53,403 [WARN] DbFile:41 - Overriding database path with different value: C:\Users\Miloush\.stmcufinder\plugins\mcufinder/ => C:\Users\Miloush\.stmcufinder\plugins\mcufinder
2025-10-15 10:27:53,403 [WARN] DbFile:41 - Overriding database path with different value: C:\Users\Miloush\.stmcufinder\plugins\mcufinder/ => C:\Users\Miloush\.stmcufinder\plugins\mcufinder
2025-10-15 10:27:53,403 [INFO] CrossReferenceDbSqlite:203 - Set database path to: C:\Users\Miloush\.stmcufinder\plugins\mcufinder//mcu/cs/
2025-10-15 10:27:53,452 [INFO] MainPanel:274 - HeapMemory: 268435456
2025-10-15 10:27:53,515 [INFO] DbMcusXml:78 - Set database path to: C:\ST\STM32CubeIDE_1.16.1\STM32CubeIDE\plugins\com.st.stm32cube.common.mx_6.15.0.202507011659\\db\/mcu/
2025-10-15 10:27:53,515 [INFO] ApiDb:274 - Set plugin database path to: C:\ST\STM32CubeIDE_1.16.1\STM32CubeIDE\plugins\com.st.stm32cube.common.mx_6.15.0.202507011659\\db\/plugins/boardmanager/
2025-10-15 10:27:53,515 [INFO] ApiDb:261 - Set plugin images path to: C:\ST\STM32CubeIDE_1.16.1\STM32CubeIDE\plugins\com.st.stm32cube.common.mx_6.15.0.202507011659\\db\/plugins/mcufinder/images/
2025-10-15 10:27:53,515 [WARN] DbFile:41 - Overriding database path with different value: C:\Users\Miloush\.stmcufinder\plugins\mcufinder/ => C:\Users\Miloush\.stmcufinder\plugins\mcufinder
2025-10-15 10:27:53,515 [INFO] ApiDb:250 - Set database path to: C:\Users\Miloush\.stmcufinder\plugins\mcufinder//mcu/
2025-10-15 10:27:53,516 [WARN] DbFile:41 - Overriding database path with different value: C:\Users\Miloush\.stmcufinder\plugins\mcufinder/ => C:\Users\Miloush\.stmcufinder\plugins\mcufinder
2025-10-15 10:27:53,516 [INFO] DbMcusAds:125 - Set database path to: C:\Users\Miloush\.stmcufinder\plugins\mcufinder//mcu/
2025-10-15 10:27:53,516 [WARN] DbFile:41 - Overriding database path with different value: C:\Users\Miloush\.stmcufinder\plugins\mcufinder/ => C:\Users\Miloush\.stmcufinder\plugins\mcufinder
2025-10-15 10:27:53,516 [WARN] DbFile:41 - Overriding database path with different value: C:\Users\Miloush\.stmcufinder\plugins\mcufinder/ => C:\Users\Miloush\.stmcufinder\plugins\mcufinder
2025-10-15 10:27:53,516 [INFO] CrossReferenceDbSqlite:203 - Set database path to: C:\Users\Miloush\.stmcufinder\plugins\mcufinder//mcu/cs/
2025-10-15 10:27:53,528 [INFO] ApplicationProperties:184 - Using Application install path: C:\ST\STM32CubeIDE_1.16.1\STM32CubeIDE\plugins\com.st.stm32cube.common.mx_6.15.0.202507011659
2025-10-15 10:27:53,529 [INFO] PluginManage:196 - Search for loadable plugins [exclusion list=, ]
2025-10-15 10:27:53,529 [INFO] PluginManage:310 - Check plugin analytics
2025-10-15 10:27:53,698 [INFO] AnalyticsPlugin:253 - Accepted Software Licenses: STM32CubeMX.6.15.0
2025-10-15 10:27:53,698 [INFO] AnalyticsPlugin:255 - Accepted CMSIS Pack Licenses: 
2025-10-15 10:27:53,698 [INFO] AnalyticsPlugin:257 - Accepted Firmware Licenses: FW.G4.1.6.0,FW.F4.1.28.0
2025-10-15 10:27:53,702 [INFO] PluginManage:359 - Loaded plugin analytics (category:tool,tabindex:-1)
2025-10-15 10:27:53,702 [INFO] PluginManage:310 - Check plugin cadmodel
2025-10-15 10:27:53,706 [INFO] CADModel:105 - Init CAD model plugin
2025-10-15 10:27:53,706 [INFO] PluginManage:359 - Loaded plugin cadmodel (category:power,tabindex:5)
2025-10-15 10:27:53,706 [INFO] PluginManage:310 - Check plugin clock
2025-10-15 10:27:53,715 [INFO] PluginManage:359 - Loaded plugin clock (category:base,tabindex:2)
2025-10-15 10:27:53,715 [INFO] PluginManage:310 - Check plugin ddr
2025-10-15 10:27:53,717 [INFO] PluginManage:359 - Loaded plugin ddr (category:tool,tabindex:6)
2025-10-15 10:27:53,717 [INFO] PluginManage:310 - Check plugin filemanager
2025-10-15 10:27:53,813 [INFO] PluginManage:359 - Loaded plugin filemanager (category:base,tabindex:10)
2025-10-15 10:27:53,813 [INFO] PluginManage:310 - Check plugin ipmanager
2025-10-15 10:27:53,818 [INFO] PluginManage:359 - Loaded plugin ipmanager (category:base,tabindex:5)
2025-10-15 10:27:53,818 [INFO] PluginManage:310 - Check plugin lpbam
2025-10-15 10:27:53,823 [INFO] PluginManage:359 - Loaded plugin lpbam (category:base,tabindex:0)
2025-10-15 10:27:53,823 [INFO] PluginManage:310 - Check plugin memorymap
2025-10-15 10:27:53,831 [INFO] PluginManage:359 - Loaded plugin memorymap (category:base,tabindex:4)
2025-10-15 10:27:53,831 [INFO] PluginManage:310 - Check plugin pinoutandconfiguration
2025-10-15 10:27:53,836 [INFO] PluginManage:359 - Loaded plugin pinoutandconfiguration (category:base,tabindex:1)
2025-10-15 10:27:53,836 [INFO] PluginManage:310 - Check plugin pinoutconfig
2025-10-15 10:27:53,894 [WARN] SupportedApi:132 - Cannot load RTOS API schema: s4s-elt-must-match.1: The content of 'definitions' must match (annotation?, (simpleType | complexType)?, (unique | key | keyref)*)). A problem was found starting at: attribute.
2025-10-15 10:27:53,975 [INFO] PluginManage:359 - Loaded plugin pinoutconfig (category:base,tabindex:0)
2025-10-15 10:27:53,975 [INFO] PluginManage:310 - Check plugin power
2025-10-15 10:27:53,980 [INFO] PluginManage:359 - Loaded plugin power (category:power,tabindex:4)
2025-10-15 10:27:53,980 [INFO] PluginManage:310 - Check plugin projectmanager
2025-10-15 10:27:53,991 [INFO] PluginManage:359 - Loaded plugin projectmanager (category:projectmanager,tabindex:4)
2025-10-15 10:27:53,991 [INFO] PluginManage:310 - Check plugin rif
2025-10-15 10:27:53,997 [INFO] PluginManage:359 - Loaded plugin rif (category:base,tabindex:3)
2025-10-15 10:27:53,997 [INFO] PluginManage:310 - Check plugin thirdparty
2025-10-15 10:27:54,088 [WARN] IntegrityCheckThread:84 - waiting for thirdparty lock release [integrity check]
2025-10-15 10:27:54,088 [INFO] IntegrityCheckThread:86 - entering critical section [integrity check]
2025-10-15 10:27:54,089 [INFO] ThirdPartyUpdaterWithRetryManager:70 - Updater plugin not ready yet. [1/15]
2025-10-15 10:27:54,089 [INFO] PluginManage:359 - Loaded plugin thirdparty (category:base,tabindex:-1)
2025-10-15 10:27:54,089 [INFO] PluginManage:310 - Check plugin tools
2025-10-15 10:27:54,094 [INFO] PluginManage:359 - Loaded plugin tools (category:base,tabindex:7)
2025-10-15 10:27:54,094 [INFO] PluginManage:310 - Check plugin tutovideos
2025-10-15 10:27:54,216 [INFO] PluginManage:359 - Loaded plugin tutovideos (category:base,tabindex:-1)
2025-10-15 10:27:54,216 [INFO] PluginManage:310 - Check plugin updater
2025-10-15 10:27:54,231 [INFO] PluginManage:359 - Loaded plugin updater (category:base,tabindex:12)
2025-10-15 10:27:54,231 [INFO] PluginManage:310 - Check plugin userauth
2025-10-15 10:27:54,234 [INFO] UserAuth:118 - Init User Auth plugin
2025-10-15 10:27:54,234 [INFO] PluginManage:359 - Loaded plugin userauth (category:base,tabindex:14)
2025-10-15 10:27:54,234 [INFO] PluginManage:283 - PluginManage : Loaded plugins [18]
2025-10-15 10:27:54,377 [INFO] PinOutPanel:1589 - setPackage(No Configuration,No Configuration)
2025-10-15 10:27:54,438 [INFO] CADModel:165 - CPN selected for project level
2025-10-15 10:27:54,438 [INFO] CADModel:114 - Register for checkConnection events
2025-10-15 10:27:54,452 [INFO] IPUIPlugin:80 - create IPUIPlugin
2025-10-15 10:27:54,452 [INFO] PluginManager:220 - loadIPPluginJar : add adc
2025-10-15 10:27:54,454 [INFO] IPUIPlugin:80 - create IPUIPlugin
2025-10-15 10:27:54,454 [INFO] PluginManager:220 - loadIPPluginJar : add aes
2025-10-15 10:27:54,456 [INFO] IPUIPlugin:80 - create IPUIPlugin
2025-10-15 10:27:54,456 [INFO] PluginManager:220 - loadIPPluginJar : add can
2025-10-15 10:27:54,457 [INFO] IPUIPlugin:80 - create IPUIPlugin
2025-10-15 10:27:54,457 [INFO] PluginManager:220 - loadIPPluginJar : add comp
2025-10-15 10:27:54,458 [INFO] IPUIPlugin:80 - create IPUIPlugin
2025-10-15 10:27:54,458 [INFO] PluginManager:220 - loadIPPluginJar : add cryp
2025-10-15 10:27:54,460 [INFO] IPUIPlugin:80 - create IPUIPlugin
2025-10-15 10:27:54,460 [INFO] PluginManager:220 - loadIPPluginJar : add ddr_ctrl_phy
2025-10-15 10:27:54,461 [INFO] IPUIPlugin:80 - create IPUIPlugin
2025-10-15 10:27:54,461 [INFO] PluginManager:220 - loadIPPluginJar : add dfsdm
2025-10-15 10:27:54,464 [INFO] IPUIPlugin:80 - create IPUIPlugin
2025-10-15 10:27:54,465 [INFO] PluginManager:220 - loadIPPluginJar : add dma
2025-10-15 10:27:54,466 [INFO] IPUIPlugin:80 - create IPUIPlugin
2025-10-15 10:27:54,467 [INFO] PluginManager:220 - loadIPPluginJar : add dma3
2025-10-15 10:27:54,468 [INFO] IPUIPlugin:80 - create IPUIPlugin
2025-10-15 10:27:54,468 [INFO] PluginManager:220 - loadIPPluginJar : add extmemmanager
2025-10-15 10:27:54,469 [INFO] IPUIPlugin:80 - create IPUIPlugin
2025-10-15 10:27:54,469 [INFO] PluginManager:220 - loadIPPluginJar : add fatfs
2025-10-15 10:27:54,472 [INFO] IPUIPlugin:80 - create IPUIPlugin
2025-10-15 10:27:54,473 [INFO] PluginManager:220 - loadIPPluginJar : add fmc
2025-10-15 10:27:54,477 [INFO] IPUIPlugin:80 - create IPUIPlugin
2025-10-15 10:27:54,477 [INFO] PluginManager:220 - loadIPPluginJar : add freertos
2025-10-15 10:27:54,478 [INFO] IPUIPlugin:80 - create IPUIPlugin
2025-10-15 10:27:54,478 [INFO] PluginManager:220 - loadIPPluginJar : add genericplugin
2025-10-15 10:27:54,479 [INFO] IPUIPlugin:80 - create IPUIPlugin
2025-10-15 10:27:54,479 [INFO] PluginManager:220 - loadIPPluginJar : add gfxmmu
2025-10-15 10:27:54,482 [INFO] IPUIPlugin:80 - create IPUIPlugin
2025-10-15 10:27:54,483 [INFO] PluginManager:220 - loadIPPluginJar : add gic
2025-10-15 10:27:54,485 [INFO] IPUIPlugin:80 - create IPUIPlugin
2025-10-15 10:27:54,485 [INFO] PluginManager:220 - loadIPPluginJar : add gpio
2025-10-15 10:27:54,486 [INFO] IPUIPlugin:80 - create IPUIPlugin
2025-10-15 10:27:54,486 [INFO] PluginManager:220 - loadIPPluginJar : add gtzc
2025-10-15 10:27:54,488 [INFO] IPUIPlugin:80 - create IPUIPlugin
2025-10-15 10:27:54,488 [INFO] PluginManager:220 - loadIPPluginJar : add hash
2025-10-15 10:27:54,489 [INFO] IPUIPlugin:80 - create IPUIPlugin
2025-10-15 10:27:54,489 [INFO] PluginManager:220 - loadIPPluginJar : add i2c
2025-10-15 10:27:54,490 [INFO] IPUIPlugin:80 - create IPUIPlugin
2025-10-15 10:27:54,491 [INFO] PluginManager:220 - loadIPPluginJar : add i2s
2025-10-15 10:27:54,492 [INFO] IPUIPlugin:80 - create IPUIPlugin
2025-10-15 10:27:54,492 [INFO] PluginManager:220 - loadIPPluginJar : add i3c
2025-10-15 10:27:54,494 [INFO] IPUIPlugin:80 - create IPUIPlugin
2025-10-15 10:27:54,494 [INFO] PluginManager:220 - loadIPPluginJar : add ipddr
2025-10-15 10:27:54,498 [INFO] IPUIPlugin:80 - create IPUIPlugin
2025-10-15 10:27:54,499 [INFO] PluginManager:220 - loadIPPluginJar : add linkedlist
2025-10-15 10:27:54,501 [INFO] IPUIPlugin:80 - create IPUIPlugin
2025-10-15 10:27:54,501 [INFO] PluginManager:220 - loadIPPluginJar : add lorawan
2025-10-15 10:27:54,502 [INFO] IPUIPlugin:80 - create IPUIPlugin
2025-10-15 10:27:54,502 [INFO] PluginManager:220 - loadIPPluginJar : add ltdc
2025-10-15 10:27:54,505 [INFO] IPUIPlugin:80 - create IPUIPlugin
2025-10-15 10:27:54,505 [INFO] PluginManager:220 - loadIPPluginJar : add mdma
2025-10-15 10:27:54,507 [INFO] IPUIPlugin:80 - create IPUIPlugin
2025-10-15 10:27:54,507 [INFO] PluginManager:220 - loadIPPluginJar : add nvic
2025-10-15 10:27:54,509 [INFO] IPUIPlugin:80 - create IPUIPlugin
2025-10-15 10:27:54,509 [INFO] PluginManager:220 - loadIPPluginJar : add opamp
2025-10-15 10:27:54,511 [INFO] IPUIPlugin:80 - create IPUIPlugin
2025-10-15 10:27:54,511 [INFO] PluginManager:220 - loadIPPluginJar : add openamp
2025-10-15 10:27:54,512 [INFO] IPUIPlugin:80 - create IPUIPlugin
2025-10-15 10:27:54,512 [INFO] PluginManager:220 - loadIPPluginJar : add pdm2pcm
2025-10-15 10:27:54,517 [INFO] IPUIPlugin:80 - create IPUIPlugin
2025-10-15 10:27:54,519 [INFO] PluginManager:220 - loadIPPluginJar : add plateformsettings
2025-10-15 10:27:54,520 [INFO] IPUIPlugin:80 - create IPUIPlugin
2025-10-15 10:27:54,520 [INFO] PluginManager:220 - loadIPPluginJar : add quadspi
2025-10-15 10:27:54,523 [INFO] IPUIPlugin:80 - create IPUIPlugin
2025-10-15 10:27:54,523 [INFO] PluginManager:220 - loadIPPluginJar : add radio
2025-10-15 10:27:54,525 [INFO] IPUIPlugin:80 - create IPUIPlugin
2025-10-15 10:27:54,526 [INFO] PluginManager:220 - loadIPPluginJar : add resmgrutility
2025-10-15 10:27:54,528 [INFO] IPUIPlugin:80 - create IPUIPlugin
2025-10-15 10:27:54,528 [INFO] PluginManager:220 - loadIPPluginJar : add sai
2025-10-15 10:27:54,529 [INFO] IPUIPlugin:80 - create IPUIPlugin
2025-10-15 10:27:54,529 [INFO] PluginManager:220 - loadIPPluginJar : add spi
2025-10-15 10:27:54,532 [INFO] IPUIPlugin:80 - create IPUIPlugin
2025-10-15 10:27:54,533 [INFO] PluginManager:220 - loadIPPluginJar : add stm32_wpan
2025-10-15 10:27:54,533 [INFO] IPUIPlugin:80 - create IPUIPlugin
2025-10-15 10:27:54,533 [INFO] PluginManager:220 - loadIPPluginJar : add tim
2025-10-15 10:27:54,535 [INFO] IPUIPlugin:80 - create IPUIPlugin
2025-10-15 10:27:54,535 [INFO] PluginManager:220 - loadIPPluginJar : add touchsensing
2025-10-15 10:27:54,536 [INFO] IPUIPlugin:80 - create IPUIPlugin
2025-10-15 10:27:54,536 [INFO] PluginManager:220 - loadIPPluginJar : add tracer_emb
2025-10-15 10:27:54,537 [INFO] IPUIPlugin:80 - create IPUIPlugin
2025-10-15 10:27:54,537 [INFO] PluginManager:220 - loadIPPluginJar : add ts
2025-10-15 10:27:54,538 [INFO] IPUIPlugin:80 - create IPUIPlugin
2025-10-15 10:27:54,538 [INFO] PluginManager:220 - loadIPPluginJar : add tsc
2025-10-15 10:27:54,539 [INFO] IPUIPlugin:80 - create IPUIPlugin
2025-10-15 10:27:54,539 [INFO] PluginManager:220 - loadIPPluginJar : add ucpd
2025-10-15 10:27:54,541 [INFO] IPUIPlugin:80 - create IPUIPlugin
2025-10-15 10:27:54,541 [INFO] PluginManager:220 - loadIPPluginJar : add usart
2025-10-15 10:27:54,543 [INFO] IPUIPlugin:80 - create IPUIPlugin
2025-10-15 10:27:54,543 [INFO] PluginManager:220 - loadIPPluginJar : add usbx
2025-10-15 10:27:54,654 [FATAL] Updater:351 - Updater called before beeing initialized
2025-10-15 10:27:54,672 [INFO] RulesReader:64 - Compatibility file has been processed (317 Rules)
2025-10-15 10:27:54,680 [INFO] RulesReader:64 - Compatibility file has been processed (317 Rules)
2025-10-15 10:27:54,688 [INFO] CADModel:165 - CPN selected for project level
2025-10-15 10:27:54,688 [INFO] CADModel:114 - Register for checkConnection events
2025-10-15 10:27:54,688 [FATAL] Updater:351 - Updater called before beeing initialized
2025-10-15 10:27:54,688 [ERROR] CADModel:125 - Updater not yet initialized, retry later 
2025-10-15 10:27:54,837 [FATAL] Updater:351 - Updater called before beeing initialized
2025-10-15 10:27:54,839 [INFO] CADModel:165 - CPN selected for project level
2025-10-15 10:27:54,839 [INFO] CADModel:114 - Register for checkConnection events
2025-10-15 10:27:54,839 [FATAL] Updater:351 - Updater called before beeing initialized
2025-10-15 10:27:54,839 [ERROR] CADModel:125 - Updater not yet initialized, retry later 
2025-10-15 10:27:54,842 [FATAL] Updater:351 - Updater called before beeing initialized
2025-10-15 10:27:54,953 [FATAL] Updater:351 - Updater called before beeing initialized
2025-10-15 10:27:54,957 [INFO] DbMcusAds:53 - JSON generation date=Thu Oct 02 11:36:05 CEST 2025 (1759397765645)
2025-10-15 10:27:54,958 [FATAL] Updater:351 - Updater called before beeing initialized
2025-10-15 10:27:54,982 [WARN] DetailPanel:346 - Failed to get advertising image, set to default
2025-10-15 10:27:55,043 [FATAL] Updater:351 - Updater called before beeing initialized
2025-10-15 10:27:55,044 [FATAL] Updater:351 - Updater called before beeing initialized
2025-10-15 10:27:55,044 [FATAL] Updater:351 - Updater called before beeing initialized
2025-10-15 10:27:55,044 [WARN] DetailPanel:346 - Failed to get advertising image, set to default
2025-10-15 10:27:55,045 [FATAL] Updater:351 - Updater called before beeing initialized
2025-10-15 10:27:55,079 [ERROR] Updater:1198 - MainUpdater not yet initialized. External WinMGr cannot be set.
2025-10-15 10:27:55,080 [INFO] Updater:1134 - Updater Version found : 6.15.0
2025-10-15 10:27:55,089 [INFO] ApplicationProperties:184 - Using Application install path: C:\ST\STM32CubeIDE_1.16.1\STM32CubeIDE\plugins\com.st.stm32cube.common.mx_6.15.0.202507011659
2025-10-15 10:27:55,499 [INFO] MainUpdater:2872 - connection check result : 10
2025-10-15 10:27:55,500 [INFO] MainUpdater:289 - Updater Check For Update Now.
2025-10-15 10:27:55,500 [INFO] MicroXplorer:498 - Change Database Version : DB.6.0.150
2025-10-15 10:27:55,503 [INFO] McuFinderGlobals:63 - Set McuFinder mode to 2 (CubeIDE integrated)
2025-10-15 10:27:55,503 [INFO] UserAuth:487 - Internet connection configuration mode: 1
2025-10-15 10:27:55,521 [INFO] JxBrowserEngine:152 - Initiate JxBrowser Engine with user profile folder
2025-10-15 10:27:55,662 [INFO] CheckServerUpdateThread:120 - End of CheckServer Thread
2025-10-15 10:27:56,004 [INFO] WebApp:169 - Instantiating new browser for Auth
2025-10-15 10:27:56,405 [INFO] WebApp:463 - Apply proxy settings
2025-10-15 10:27:56,405 [INFO] WebApp:548 - Chromium requires no authentication
2025-10-15 10:27:56,409 [INFO] WebApp:491 - Direct internet connection detected
2025-10-15 10:27:56,423 [INFO] WebApp:900 - Register for checkConnection events
2025-10-15 10:27:56,423 [INFO] WebApp:463 - Apply proxy settings
2025-10-15 10:27:56,423 [INFO] WebApp:548 - Chromium requires no authentication
2025-10-15 10:27:56,423 [INFO] WebApp:491 - Direct internet connection detected
2025-10-15 10:27:56,514 [INFO] WebApp:225 - Starting web application
2025-10-15 10:27:56,514 [INFO] WebApp:593 - Web application path used C:\ST\STM32CubeIDE_1.16.1\STM32CubeIDE\plugins\com.st.stm32cube.common.mx_6.15.0.202507011659\db\plugins\mcufinder\reactClient1\index.html
2025-10-15 10:27:56,567 [INFO] UserAuth:487 - Internet connection configuration mode: 1
2025-10-15 10:27:56,628 [INFO] WebApp:191 - Connection restablished
2025-10-15 10:27:57,232 [WARN] PackLoader:240 - Cannot read IP mode file for STMicroelectronics.FP-SNS-MOTENVWB1.1.4.0
2025-10-15 10:27:57,237 [WARN] PackLoader:240 - Cannot read IP mode file for STMicroelectronics.FP-ATR-ASTRA1.2.0.2
2025-10-15 10:27:57,239 [WARN] PackLoader:240 - Cannot read IP mode file for STMicroelectronics.FP-ATR-ASTRA1.2.0.1
2025-10-15 10:27:57,244 [WARN] PackLoader:240 - Cannot read IP mode file for STMicroelectronics.X-CUBE-SMBUS.2.1.0
2025-10-15 10:27:57,250 [WARN] PackLoader:240 - Cannot read IP mode file for STMicroelectronics.X-CUBE-WB05N.1.1.0
2025-10-15 10:27:57,254 [WARN] PackLoader:240 - Cannot read IP mode file for STMicroelectronics.X-CUBE-ST60.1.0.0
2025-10-15 10:27:57,272 [WARN] PackLoader:240 - Cannot read IP mode file for STMicroelectronics.X-CUBE-AZRTOS-F7.1.1.0
2025-10-15 10:27:57,304 [WARN] PackLoader:240 - Cannot read IP mode file for STMicroelectronics.X-CUBE-MEMS1.11.0.0
2025-10-15 10:27:57,396 [WARN] PackLoader:240 - Cannot read IP mode file for STMicroelectronics.FP-SNS-FLIGHT1.5.0.2
2025-10-15 10:27:57,407 [WARN] PackLoader:240 - Cannot read IP mode file for STMicroelectronics.X-CUBE-AZRTOS-H7.3.4.0
2025-10-15 10:27:57,412 [WARN] PackLoader:240 - Cannot read IP mode file for STMicroelectronics.X-CUBE-DISPLAY.3.0.0
2025-10-15 10:27:57,417 [WARN] PackLoader:240 - Cannot read IP mode file for STMicroelectronics.X-CUBE-BLE1.7.0.0
2025-10-15 10:27:57,423 [WARN] PackLoader:240 - Cannot read IP mode file for STMicroelectronics.X-CUBE-NFC10.1.0.0
2025-10-15 10:27:57,432 [WARN] PackLoader:240 - Cannot read IP mode file for STMicroelectronics.X-CUBE-BLEMGR.4.0.0
2025-10-15 10:27:57,438 [WARN] PackLoader:240 - Cannot read IP mode file for emotas.I-CUBE-CANOPEN.1.3.0
2025-10-15 10:27:57,444 [WARN] PackLoader:240 - Cannot read IP mode file for STMicroelectronics.X-CUBE-BLEMGR.3.1.0
2025-10-15 10:27:57,449 [WARN] PackLoader:240 - Cannot read IP mode file for STMicroelectronics.X-CUBE-AI.10.0.0
2025-10-15 10:27:57,454 [WARN] PackLoader:240 - Cannot read IP mode file for STMicroelectronics.FP-SNS-STBOX1.2.1.0
2025-10-15 10:27:57,459 [WARN] PackLoader:240 - Cannot read IP mode file for STMicroelectronics.FP-SNS-SMARTAG2.1.2.0
2025-10-15 10:27:57,480 [WARN] PackLoader:240 - Cannot read IP mode file for STMicroelectronics.FP-SNS-FLIGHT1.5.1.0
2025-10-15 10:27:57,513 [WARN] PackLoader:240 - Cannot read IP mode file for STMicroelectronics.X-CUBE-MEMS1.11.1.0
2025-10-15 10:27:57,594 [INFO] LogOutputStream:77 - [STDOUT_REDIRECT] 1 : Invalid condition id : UX_CORESTACK_Condition cause : null
2025-10-15 10:27:57,595 [INFO] LogOutputStream:77 - [STDOUT_REDIRECT] 1 : Invalid condition id : UX_CORESTACK_Condition cause : null
2025-10-15 10:27:57,596 [INFO] LogOutputStream:77 - [STDOUT_REDIRECT] 1 : Invalid condition id : UX_CORESTACK_Condition cause : null
2025-10-15 10:27:57,597 [INFO] LogOutputStream:77 - [STDOUT_REDIRECT] 1 : Invalid condition id : UX_CORESTACK_Condition cause : null
2025-10-15 10:27:57,598 [INFO] LogOutputStream:77 - [STDOUT_REDIRECT] 1 : Invalid condition id : UX_CORESTACK_Condition cause : null
2025-10-15 10:27:57,600 [WARN] PackLoader:240 - Cannot read IP mode file for STMicroelectronics.X-CUBE-AZRTOS-WL.2.0.0
2025-10-15 10:27:57,603 [WARN] PackLoader:240 - Cannot read IP mode file for STMicroelectronics.FP-SNS-MOTENV1.5.0.0
2025-10-15 10:27:57,606 [WARN] PackLoader:240 - Cannot read IP mode file for wolfSSL.I-CUBE-wolfMQTT.1.19.0
2025-10-15 10:27:57,612 [WARN] PackLoader:240 - Cannot read IP mode file for WES.I-CUBE-Cesium.1.3.0
2025-10-15 10:27:57,616 [WARN] PackLoader:240 - Cannot read IP mode file for STMicroelectronics.X-CUBE-BLE2.3.3.0
2025-10-15 10:27:57,619 [WARN] PackLoader:240 - Cannot read IP mode file for STMicroelectronics.X-CUBE-NFC9.1.0.0
2025-10-15 10:27:57,622 [WARN] PackLoader:240 - Cannot read IP mode file for STMicroelectronics.X-CUBE-BLE1.7.1.0
2025-10-15 10:27:57,625 [WARN] PackLoader:240 - Cannot read IP mode file for STMicroelectronics.X-CUBE-TCPP.4.1.0
2025-10-15 10:27:57,629 [WARN] PackLoader:240 - Cannot read IP mode file for STMicroelectronics.X-CUBE-EEPRMA1.5.2.0
2025-10-15 10:27:57,634 [WARN] PackLoader:240 - Cannot read IP mode file for STMicroelectronics.X-CUBE-ST67W61.1.1.0
2025-10-15 10:27:57,637 [WARN] PackLoader:240 - Cannot read IP mode file for STMicroelectronics.X-CUBE-AI.10.1.0
2025-10-15 10:27:57,659 [WARN] PackLoader:240 - Cannot read IP mode file for STMicroelectronics.X-CUBE-MEMS1.11.2.0
2025-10-15 10:27:57,723 [WARN] PackLoader:240 - Cannot read IP mode file for STMicroelectronics.X-CUBE-AZRTOS-G0.1.1.0
2025-10-15 10:27:57,728 [WARN] PackLoader:240 - Cannot read IP mode file for STMicroelectronics.X-CUBE-SAFEA1.1.2.2
2025-10-15 10:27:57,732 [WARN] PackLoader:240 - Cannot read IP mode file for STMicroelectronics.X-CUBE-NFC4.3.0.0
2025-10-15 10:27:57,738 [WARN] PackLoader:240 - Cannot read IP mode file for EmbeddedOffice.I-CUBE-FS-RTOS.1.0.1
2025-10-15 10:27:57,740 [WARN] PackLoader:240 - Cannot read IP mode file for STMicroelectronics.X-CUBE-WB05N.2.0.0
2025-10-15 10:27:57,744 [WARN] PackLoader:240 - Cannot read IP mode file for STMicroelectronics.X-CUBE-TCPP.4.2.0
2025-10-15 10:27:57,747 [WARN] PackLoader:240 - Cannot read IP mode file for RealThread.X-CUBE-RT-Thread_Nano.4.1.1
2025-10-15 10:27:57,750 [WARN] PackLoader:240 - Cannot read IP mode file for STMicroelectronics.FP-ATR-SIGFOX1.3.2.0
2025-10-15 10:27:57,752 [WARN] PackLoader:240 - Cannot read IP mode file for wolfSSL.I-CUBE-wolfSSL.5.7.2
2025-10-15 10:27:57,755 [WARN] ConditionMgr:438 - getConditionDescription Invalid condition id : Cortex-A Device cause : null
2025-10-15 10:27:57,766 [WARN] ConditionMgr:1044 - genDependencies : Invalid condition id : Cortex-A Device cause : null
2025-10-15 10:27:57,766 [WARN] ConditionMgr:1044 - genDependencies : Invalid condition id : Cortex-A Device cause : null
2025-10-15 10:27:57,766 [WARN] ConditionMgr:1044 - genDependencies : Invalid condition id : Cortex-A Device cause : null
2025-10-15 10:27:57,769 [WARN] PackLoader:240 - Cannot read IP mode file for STMicroelectronics.X-CUBE-EEPRMA1.5.1.0
2025-10-15 10:27:57,773 [WARN] PackLoader:240 - Cannot read IP mode file for ITTIA_DB.I-CUBE-ITTIADB.8.9.0
2025-10-15 10:27:57,781 [WARN] PackLoader:240 - Cannot read IP mode file for STMicroelectronics.X-CUBE-ST67W61.1.0.0
2025-10-15 10:27:57,785 [WARN] PackLoader:240 - Cannot read IP mode file for STMicroelectronics.X-CUBE-AI.10.2.0
2025-10-15 10:27:57,805 [WARN] PackLoader:240 - Cannot read IP mode file for SEGGER.I-CUBE-embOS.1.3.1
2025-10-15 10:27:57,835 [WARN] PackLoader:240 - Cannot read IP mode file for STMicroelectronics.X-CUBE-ALGOBUILD.1.4.0
2025-10-15 10:27:57,867 [WARN] PackLoader:240 - Cannot read IP mode file for STMicroelectronics.X-CUBE-MEMS1.11.3.0
2025-10-15 10:27:57,933 [WARN] PackLoader:240 - Cannot read IP mode file for STMicroelectronics.X-CUBE-AI.9.1.0
2025-10-15 10:27:57,935 [WARN] PackLoader:240 - Cannot read IP mode file for STMicroelectronics.X-CUBE-PM33A1.1.0.0
2025-10-15 10:27:57,942 [WARN] PackLoader:240 - Cannot read IP mode file for STMicroelectronics.X-CUBE-AZRTOS-F4.1.1.0
2025-10-15 10:27:57,946 [WARN] PackLoader:240 - Cannot read IP mode file for Avnet-IotConnect.X-CUBE-IoTC-DA16k-PMOD.1.0.0
2025-10-15 10:27:57,949 [WARN] PackLoader:240 - Cannot read IP mode file for STMicroelectronics.X-CUBE-ISPU.2.1.0
2025-10-15 10:27:57,955 [WARN] PackLoader:240 - Cannot read IP mode file for STMicroelectronics.X-CUBE-IPS.3.2.0
2025-10-15 10:27:57,961 [WARN] PackLoader:240 - Cannot read IP mode file for STMicroelectronics.X-CUBE-FREERTOS.1.2.0
2025-10-15 10:27:57,964 [WARN] PackLoader:240 - Cannot read IP mode file for STMicroelectronics.X-CUBE-NFC12.1.0.0
2025-10-15 10:27:57,972 [WARN] PackLoader:240 - Cannot read IP mode file for STMicroelectronics.X-CUBE-AZRTOS-L5.2.0.0
2025-10-15 10:27:57,977 [WARN] PackLoader:240 - Cannot read IP mode file for STMicroelectronics.X-CUBE-NFC6.3.1.0
2025-10-15 10:27:57,980 [WARN] PackLoader:240 - Cannot read IP mode file for STMicroelectronics.X-CUBE-DPower.1.2.0
2025-10-15 10:27:57,983 [WARN] PackLoader:240 - Cannot read IP mode file for STMicroelectronics.X-CUBE-FREERTOS.1.3.1
2025-10-15 10:27:57,985 [WARN] PackLoader:240 - Cannot read IP mode file for STMicroelectronics.X-CUBE-FREERTOS.1.3.0
2025-10-15 10:27:57,987 [WARN] PackLoader:240 - Cannot read IP mode file for STMicroelectronics.X-CUBE-NFC7.1.0.1
2025-10-15 10:27:57,992 [WARN] PackLoader:240 - Cannot read IP mode file for STMicroelectronics.X-CUBE-TOUCHGFX.4.26.0
2025-10-15 10:27:57,995 [WARN] PackLoader:240 - Cannot read IP mode file for STMicroelectronics.FP-SNS-STAIOTCFT.1.0.0
2025-10-15 10:27:57,998 [WARN] PackLoader:240 - Cannot read IP mode file for STMicroelectronics.X-CUBE-DPower.1.3.0
2025-10-15 10:27:58,005 [WARN] ConditionMgr:438 - getConditionDescription Invalid condition id : LAN8742 Phy interface Condition cause : null
2025-10-15 10:27:58,005 [WARN] PackLoader:240 - Cannot read IP mode file for STMicroelectronics.X-CUBE-AZRTOS-L4.2.0.0
2025-10-15 10:27:58,006 [WARN] ConditionMgr:1044 - genDependencies : Invalid condition id : LAN8742 Phy interface Condition cause : null
2025-10-15 10:27:58,006 [WARN] ConditionMgr:1044 - genDependencies : Invalid condition id : LAN8742 Phy interface Condition cause : null
2025-10-15 10:27:58,006 [WARN] ConditionMgr:1044 - genDependencies : Invalid condition id : LAN8742 Phy interface Condition cause : null
2025-10-15 10:27:58,011 [WARN] PackLoader:240 - Cannot read IP mode file for STMicroelectronics.X-CUBE-SFXS2LP1.4.0.0
2025-10-15 10:27:58,019 [WARN] PackLoader:240 - Cannot read IP mode file for STMicroelectronics.X-CUBE-AZRTOS-H7.3.3.0
2025-10-15 10:27:58,026 [WARN] PackLoader:240 - Cannot read IP mode file for STMicroelectronics.X-CUBE-BLEMGR.4.1.0
2025-10-15 10:27:58,035 [WARN] PackLoader:240 - Cannot read IP mode file for STMicroelectronics.X-CUBE-IPS.3.0.0
2025-10-15 10:27:58,044 [WARN] ConditionMgr:438 - getConditionDescription Invalid condition id : UX DEVICE CLASS RTOS Condition cause : null
2025-10-15 10:27:58,045 [WARN] ConditionMgr:438 - getConditionDescription Invalid condition id : UX DEVICE CLASS RTOS Condition cause : null
2025-10-15 10:27:58,046 [WARN] PackLoader:240 - Cannot read IP mode file for STMicroelectronics.X-CUBE-AZRTOS-WB.2.0.0
2025-10-15 10:27:58,046 [WARN] ConditionMgr:1044 - genDependencies : Invalid condition id : UX DEVICE CLASS RTOS Condition cause : null
2025-10-15 10:27:58,046 [WARN] ConditionMgr:1044 - genDependencies : Invalid condition id : UX DEVICE CLASS RTOS Condition cause : null
2025-10-15 10:27:58,046 [WARN] ConditionMgr:1044 - genDependencies : Invalid condition id : UX DEVICE CLASS RTOS Condition cause : null
2025-10-15 10:27:58,046 [WARN] ConditionMgr:1044 - genDependencies : Invalid condition id : UX DEVICE CLASS RTOS Condition cause : null
2025-10-15 10:27:58,047 [WARN] ConditionMgr:1044 - genDependencies : Invalid condition id : UX DEVICE CLASS RTOS Condition cause : null
2025-10-15 10:27:58,050 [WARN] PackLoader:240 - Cannot read IP mode file for STMicroelectronics.X-CUBE-GNSS1.7.0.0
2025-10-15 10:27:58,053 [WARN] PackLoader:240 - Cannot read IP mode file for STMicroelectronics.X-CUBE-GNSS1.7.0.1
2025-10-15 10:27:58,059 [WARN] PackLoader:240 - Cannot read IP mode file for STMicroelectronics.X-CUBE-TOUCHGFX.4.25.0
2025-10-15 10:27:58,061 [WARN] PackLoader:240 - Cannot read IP mode file for STMicroelectronics.FP-SNS-STBOX1.2.0.0
2025-10-15 10:27:58,068 [WARN] PackLoader:240 - Cannot read IP mode file for STMicroelectronics.X-CUBE-SUBG2.5.0.0
2025-10-15 10:27:58,081 [WARN] PackLoader:240 - Cannot read IP mode file for STMicroelectronics.X-CUBE-AZRTOS-H7RS.1.1.0
2025-10-15 10:27:58,085 [WARN] PackLoader:240 - Cannot read IP mode file for Cesanta.I-CUBE-Mongoose.7.13.0
2025-10-15 10:27:58,093 [WARN] PackLoader:240 - Cannot read IP mode file for STMicroelectronics.X-CUBE-AZRTOS-G4.2.0.0
2025-10-15 10:27:58,096 [WARN] PackLoader:240 - Cannot read IP mode file for STMicroelectronics.X-CUBE-NFC7.2.0.0
2025-10-15 10:27:58,101 [WARN] PackLoader:240 - Cannot read IP mode file for STMicroelectronics.X-CUBE-IPS.3.1.0
2025-10-15 10:27:58,106 [WARN] PackLoader:240 - Cannot read IP mode file for STMicroelectronics.X-CUBE-ALS.1.0.2
2025-10-15 10:27:58,108 [WARN] PackLoader:240 - Cannot read IP mode file for STMicroelectronics.X-CUBE-TOUCHGFX.4.24.2
2025-10-15 10:27:58,109 [WARN] PackLoader:240 - Cannot read IP mode file for STMicroelectronics.X-CUBE-TOUCHGFX.4.24.1
2025-10-15 10:27:58,112 [WARN] PackLoader:240 - Cannot read IP mode file for STMicroelectronics.X-CUBE-STSE01.1.0.0
2025-10-15 10:27:58,115 [WARN] PackLoader:240 - Cannot read IP mode file for wolfSSL.I-CUBE-wolfTPM.3.4.0
2025-10-15 10:27:58,118 [WARN] PackLoader:240 - Cannot read IP mode file for portGmbH.I-Cube-SoM-uGOAL.1.1.0
2025-10-15 10:27:58,124 [WARN] PackLoader:240 - Cannot read IP mode file for STMicroelectronics.X-CUBE-AZRTOS-H7RS.1.0.0
2025-10-15 10:27:58,128 [WARN] PackLoader:240 - Cannot read IP mode file for STMicroelectronics.FP-ATR-ASTRA1.2.0.0
2025-10-15 10:27:58,133 [WARN] PackLoader:240 - Cannot read IP mode file for STMicroelectronics.X-CUBE-TOF1.3.4.2
2025-10-15 10:27:58,142 [WARN] PackLoader:240 - Cannot read IP mode file for STMicroelectronics.X-CUBE-TOF1.3.4.3
2025-10-15 10:27:58,154 [WARN] PackLoader:240 - Cannot read IP mode file for Infineon.AIROC-Wi-Fi-Bluetooth-STM32.1.6.1
2025-10-15 10:27:58,158 [WARN] PackLoader:240 - Cannot read IP mode file for wolfSSL.I-CUBE-wolfSSH.1.4.17
2025-10-15 10:27:58,158 [INFO] ThirdParty:978 - Integrity check success = true
2025-10-15 10:27:58,159 [INFO] IntegrityCheckThread:100 - exiting critical section [integrity check]
2025-10-15 10:27:58,159 [INFO] IntegrityCheckThread:103 - End integrity checks thread
2025-10-15 10:28:20,616 [INFO] WebApp:403 - JxBrowser engine has been closed 
2025-10-15 10:35:38,504 [INFO] Activator:176 - 


2025-10-15 10:35:38,504 [INFO] Activator:177 - !SESSION log4j initialized
2025-10-15 10:35:42,903 [INFO] LogOutputStream:77 - [STDOUT_REDIRECT] 
2025-10-15 10:35:43,466 [INFO] ApplicationProperties:184 - Using Application install path: C:\ST\STM32CubeIDE_1.16.1\STM32CubeIDE\plugins\com.st.stm32cube.common.mx_6.15.0.202507011659
2025-10-15 10:35:43,476 [INFO] DbMcusXml:78 - Set database path to: C:\ST\STM32CubeIDE_1.16.1\STM32CubeIDE\plugins\com.st.stm32cube.common.mx_6.15.0.202507011659\\db\/mcu/
2025-10-15 10:35:43,477 [INFO] ApiDb:274 - Set plugin database path to: C:\ST\STM32CubeIDE_1.16.1\STM32CubeIDE\plugins\com.st.stm32cube.common.mx_6.15.0.202507011659\\db\/plugins/boardmanager/
2025-10-15 10:35:43,477 [WARN] ApiDb:259 - Overriding images path with different value:  => C:\ST\STM32CubeIDE_1.16.1\STM32CubeIDE\plugins\com.st.stm32cube.common.mx_6.15.0.202507011659\\db\/plugins/mcufinder/images/
2025-10-15 10:35:43,480 [INFO] ApiDb:250 - Set database path to: C:\Users\Miloush\.stmcufinder\plugins\mcufinder//mcu/
2025-10-15 10:35:43,480 [INFO] DbMcusAds:125 - Set database path to: C:\Users\Miloush\.stmcufinder\plugins\mcufinder//mcu/
2025-10-15 10:35:43,482 [INFO] CrossReferenceDbSqlite:203 - Set database path to: C:\Users\Miloush\.stmcufinder\plugins\mcufinder//mcu/cs/
2025-10-15 10:35:43,554 [INFO] RulesReader:64 - Compatibility file has been processed (317 Rules)
2025-10-15 10:35:43,621 [INFO] DbMcusXml:78 - Set database path to: C:\ST\STM32CubeIDE_1.16.1\STM32CubeIDE\plugins\com.st.stm32cube.common.mx_6.15.0.202507011659\\db\/mcu/
2025-10-15 10:35:43,621 [INFO] ApiDb:274 - Set plugin database path to: C:\ST\STM32CubeIDE_1.16.1\STM32CubeIDE\plugins\com.st.stm32cube.common.mx_6.15.0.202507011659\\db\/plugins/boardmanager/
2025-10-15 10:35:43,621 [INFO] ApiDb:261 - Set plugin images path to: C:\ST\STM32CubeIDE_1.16.1\STM32CubeIDE\plugins\com.st.stm32cube.common.mx_6.15.0.202507011659\\db\/plugins/mcufinder/images/
2025-10-15 10:35:43,621 [WARN] DbFile:41 - Overriding database path with different value: C:\Users\Miloush\.stmcufinder\plugins\mcufinder/ => C:\Users\Miloush\.stmcufinder\plugins\mcufinder
2025-10-15 10:35:43,621 [INFO] ApiDb:250 - Set database path to: C:\Users\Miloush\.stmcufinder\plugins\mcufinder//mcu/
2025-10-15 10:35:43,621 [WARN] DbFile:41 - Overriding database path with different value: C:\Users\Miloush\.stmcufinder\plugins\mcufinder/ => C:\Users\Miloush\.stmcufinder\plugins\mcufinder
2025-10-15 10:35:43,622 [INFO] DbMcusAds:125 - Set database path to: C:\Users\Miloush\.stmcufinder\plugins\mcufinder//mcu/
2025-10-15 10:35:43,622 [WARN] DbFile:41 - Overriding database path with different value: C:\Users\Miloush\.stmcufinder\plugins\mcufinder/ => C:\Users\Miloush\.stmcufinder\plugins\mcufinder
2025-10-15 10:35:43,622 [WARN] DbFile:41 - Overriding database path with different value: C:\Users\Miloush\.stmcufinder\plugins\mcufinder/ => C:\Users\Miloush\.stmcufinder\plugins\mcufinder
2025-10-15 10:35:43,622 [INFO] CrossReferenceDbSqlite:203 - Set database path to: C:\Users\Miloush\.stmcufinder\plugins\mcufinder//mcu/cs/
2025-10-15 10:35:43,670 [INFO] MainPanel:274 - HeapMemory: 268435456
2025-10-15 10:35:43,725 [INFO] DbMcusXml:78 - Set database path to: C:\ST\STM32CubeIDE_1.16.1\STM32CubeIDE\plugins\com.st.stm32cube.common.mx_6.15.0.202507011659\\db\/mcu/
2025-10-15 10:35:43,725 [INFO] ApiDb:274 - Set plugin database path to: C:\ST\STM32CubeIDE_1.16.1\STM32CubeIDE\plugins\com.st.stm32cube.common.mx_6.15.0.202507011659\\db\/plugins/boardmanager/
2025-10-15 10:35:43,725 [INFO] ApiDb:261 - Set plugin images path to: C:\ST\STM32CubeIDE_1.16.1\STM32CubeIDE\plugins\com.st.stm32cube.common.mx_6.15.0.202507011659\\db\/plugins/mcufinder/images/
2025-10-15 10:35:43,725 [WARN] DbFile:41 - Overriding database path with different value: C:\Users\Miloush\.stmcufinder\plugins\mcufinder/ => C:\Users\Miloush\.stmcufinder\plugins\mcufinder
2025-10-15 10:35:43,725 [INFO] ApiDb:250 - Set database path to: C:\Users\Miloush\.stmcufinder\plugins\mcufinder//mcu/
2025-10-15 10:35:43,725 [WARN] DbFile:41 - Overriding database path with different value: C:\Users\Miloush\.stmcufinder\plugins\mcufinder/ => C:\Users\Miloush\.stmcufinder\plugins\mcufinder
2025-10-15 10:35:43,725 [INFO] DbMcusAds:125 - Set database path to: C:\Users\Miloush\.stmcufinder\plugins\mcufinder//mcu/
2025-10-15 10:35:43,725 [WARN] DbFile:41 - Overriding database path with different value: C:\Users\Miloush\.stmcufinder\plugins\mcufinder/ => C:\Users\Miloush\.stmcufinder\plugins\mcufinder
2025-10-15 10:35:43,725 [WARN] DbFile:41 - Overriding database path with different value: C:\Users\Miloush\.stmcufinder\plugins\mcufinder/ => C:\Users\Miloush\.stmcufinder\plugins\mcufinder
2025-10-15 10:35:43,726 [INFO] CrossReferenceDbSqlite:203 - Set database path to: C:\Users\Miloush\.stmcufinder\plugins\mcufinder//mcu/cs/
2025-10-15 10:35:43,737 [INFO] ApplicationProperties:184 - Using Application install path: C:\ST\STM32CubeIDE_1.16.1\STM32CubeIDE\plugins\com.st.stm32cube.common.mx_6.15.0.202507011659
2025-10-15 10:35:43,738 [INFO] PluginManage:196 - Search for loadable plugins [exclusion list=, ]
2025-10-15 10:35:43,739 [INFO] PluginManage:310 - Check plugin analytics
2025-10-15 10:35:43,882 [INFO] AnalyticsPlugin:253 - Accepted Software Licenses: STM32CubeMX.6.15.0
2025-10-15 10:35:43,882 [INFO] AnalyticsPlugin:255 - Accepted CMSIS Pack Licenses: 
2025-10-15 10:35:43,882 [INFO] AnalyticsPlugin:257 - Accepted Firmware Licenses: FW.G4.1.6.0,FW.F4.1.28.0
2025-10-15 10:35:43,885 [INFO] PluginManage:359 - Loaded plugin analytics (category:tool,tabindex:-1)
2025-10-15 10:35:43,885 [INFO] PluginManage:310 - Check plugin cadmodel
2025-10-15 10:35:43,889 [INFO] CADModel:105 - Init CAD model plugin
2025-10-15 10:35:43,889 [INFO] PluginManage:359 - Loaded plugin cadmodel (category:power,tabindex:5)
2025-10-15 10:35:43,890 [INFO] PluginManage:310 - Check plugin clock
2025-10-15 10:35:43,897 [INFO] PluginManage:359 - Loaded plugin clock (category:base,tabindex:2)
2025-10-15 10:35:43,898 [INFO] PluginManage:310 - Check plugin ddr
2025-10-15 10:35:43,899 [INFO] PluginManage:359 - Loaded plugin ddr (category:tool,tabindex:6)
2025-10-15 10:35:43,899 [INFO] PluginManage:310 - Check plugin filemanager
2025-10-15 10:35:43,996 [INFO] PluginManage:359 - Loaded plugin filemanager (category:base,tabindex:10)
2025-10-15 10:35:43,996 [INFO] PluginManage:310 - Check plugin ipmanager
2025-10-15 10:35:44,001 [INFO] PluginManage:359 - Loaded plugin ipmanager (category:base,tabindex:5)
2025-10-15 10:35:44,002 [INFO] PluginManage:310 - Check plugin lpbam
2025-10-15 10:35:44,007 [INFO] PluginManage:359 - Loaded plugin lpbam (category:base,tabindex:0)
2025-10-15 10:35:44,007 [INFO] PluginManage:310 - Check plugin memorymap
2025-10-15 10:35:44,016 [INFO] PluginManage:359 - Loaded plugin memorymap (category:base,tabindex:4)
2025-10-15 10:35:44,016 [INFO] PluginManage:310 - Check plugin pinoutandconfiguration
2025-10-15 10:35:44,020 [INFO] PluginManage:359 - Loaded plugin pinoutandconfiguration (category:base,tabindex:1)
2025-10-15 10:35:44,020 [INFO] PluginManage:310 - Check plugin pinoutconfig
2025-10-15 10:35:44,072 [WARN] SupportedApi:132 - Cannot load RTOS API schema: s4s-elt-must-match.1: The content of 'definitions' must match (annotation?, (simpleType | complexType)?, (unique | key | keyref)*)). A problem was found starting at: attribute.
2025-10-15 10:35:44,152 [INFO] PluginManage:359 - Loaded plugin pinoutconfig (category:base,tabindex:0)
2025-10-15 10:35:44,152 [INFO] PluginManage:310 - Check plugin power
2025-10-15 10:35:44,157 [INFO] PluginManage:359 - Loaded plugin power (category:power,tabindex:4)
2025-10-15 10:35:44,157 [INFO] PluginManage:310 - Check plugin projectmanager
2025-10-15 10:35:44,169 [INFO] PluginManage:359 - Loaded plugin projectmanager (category:projectmanager,tabindex:4)
2025-10-15 10:35:44,170 [INFO] PluginManage:310 - Check plugin rif
2025-10-15 10:35:44,175 [INFO] PluginManage:359 - Loaded plugin rif (category:base,tabindex:3)
2025-10-15 10:35:44,175 [INFO] PluginManage:310 - Check plugin thirdparty
2025-10-15 10:35:44,262 [WARN] IntegrityCheckThread:84 - waiting for thirdparty lock release [integrity check]
2025-10-15 10:35:44,263 [INFO] IntegrityCheckThread:86 - entering critical section [integrity check]
2025-10-15 10:35:44,263 [INFO] ThirdPartyUpdaterWithRetryManager:70 - Updater plugin not ready yet. [1/15]
2025-10-15 10:35:44,263 [INFO] PluginManage:359 - Loaded plugin thirdparty (category:base,tabindex:-1)
2025-10-15 10:35:44,263 [INFO] PluginManage:310 - Check plugin tools
2025-10-15 10:35:44,267 [INFO] PluginManage:359 - Loaded plugin tools (category:base,tabindex:7)
2025-10-15 10:35:44,267 [INFO] PluginManage:310 - Check plugin tutovideos
2025-10-15 10:35:44,384 [INFO] PluginManage:359 - Loaded plugin tutovideos (category:base,tabindex:-1)
2025-10-15 10:35:44,384 [INFO] PluginManage:310 - Check plugin updater
2025-10-15 10:35:44,397 [INFO] PluginManage:359 - Loaded plugin updater (category:base,tabindex:12)
2025-10-15 10:35:44,397 [INFO] PluginManage:310 - Check plugin userauth
2025-10-15 10:35:44,399 [INFO] UserAuth:118 - Init User Auth plugin
2025-10-15 10:35:44,400 [INFO] PluginManage:359 - Loaded plugin userauth (category:base,tabindex:14)
2025-10-15 10:35:44,400 [INFO] PluginManage:283 - PluginManage : Loaded plugins [18]
2025-10-15 10:35:44,538 [INFO] PinOutPanel:1589 - setPackage(No Configuration,No Configuration)
2025-10-15 10:35:44,599 [INFO] CADModel:165 - CPN selected for project level
2025-10-15 10:35:44,599 [INFO] CADModel:114 - Register for checkConnection events
2025-10-15 10:35:44,615 [INFO] IPUIPlugin:80 - create IPUIPlugin
2025-10-15 10:35:44,615 [INFO] PluginManager:220 - loadIPPluginJar : add adc
2025-10-15 10:35:44,617 [INFO] IPUIPlugin:80 - create IPUIPlugin
2025-10-15 10:35:44,617 [INFO] PluginManager:220 - loadIPPluginJar : add aes
2025-10-15 10:35:44,619 [INFO] IPUIPlugin:80 - create IPUIPlugin
2025-10-15 10:35:44,619 [INFO] PluginManager:220 - loadIPPluginJar : add can
2025-10-15 10:35:44,620 [INFO] IPUIPlugin:80 - create IPUIPlugin
2025-10-15 10:35:44,620 [INFO] PluginManager:220 - loadIPPluginJar : add comp
2025-10-15 10:35:44,622 [INFO] IPUIPlugin:80 - create IPUIPlugin
2025-10-15 10:35:44,622 [INFO] PluginManager:220 - loadIPPluginJar : add cryp
2025-10-15 10:35:44,625 [INFO] IPUIPlugin:80 - create IPUIPlugin
2025-10-15 10:35:44,625 [INFO] PluginManager:220 - loadIPPluginJar : add ddr_ctrl_phy
2025-10-15 10:35:44,626 [INFO] IPUIPlugin:80 - create IPUIPlugin
2025-10-15 10:35:44,626 [INFO] PluginManager:220 - loadIPPluginJar : add dfsdm
2025-10-15 10:35:44,630 [INFO] IPUIPlugin:80 - create IPUIPlugin
2025-10-15 10:35:44,630 [INFO] PluginManager:220 - loadIPPluginJar : add dma
2025-10-15 10:35:44,632 [INFO] IPUIPlugin:80 - create IPUIPlugin
2025-10-15 10:35:44,632 [INFO] PluginManager:220 - loadIPPluginJar : add dma3
2025-10-15 10:35:44,634 [INFO] IPUIPlugin:80 - create IPUIPlugin
2025-10-15 10:35:44,634 [INFO] PluginManager:220 - loadIPPluginJar : add extmemmanager
2025-10-15 10:35:44,635 [INFO] IPUIPlugin:80 - create IPUIPlugin
2025-10-15 10:35:44,635 [INFO] PluginManager:220 - loadIPPluginJar : add fatfs
2025-10-15 10:35:44,638 [INFO] IPUIPlugin:80 - create IPUIPlugin
2025-10-15 10:35:44,638 [INFO] PluginManager:220 - loadIPPluginJar : add fmc
2025-10-15 10:35:44,646 [INFO] IPUIPlugin:80 - create IPUIPlugin
2025-10-15 10:35:44,647 [INFO] PluginManager:220 - loadIPPluginJar : add freertos
2025-10-15 10:35:44,648 [INFO] IPUIPlugin:80 - create IPUIPlugin
2025-10-15 10:35:44,648 [INFO] PluginManager:220 - loadIPPluginJar : add genericplugin
2025-10-15 10:35:44,649 [INFO] IPUIPlugin:80 - create IPUIPlugin
2025-10-15 10:35:44,649 [INFO] PluginManager:220 - loadIPPluginJar : add gfxmmu
2025-10-15 10:35:44,653 [INFO] IPUIPlugin:80 - create IPUIPlugin
2025-10-15 10:35:44,653 [INFO] PluginManager:220 - loadIPPluginJar : add gic
2025-10-15 10:35:44,656 [INFO] IPUIPlugin:80 - create IPUIPlugin
2025-10-15 10:35:44,656 [INFO] PluginManager:220 - loadIPPluginJar : add gpio
2025-10-15 10:35:44,658 [INFO] IPUIPlugin:80 - create IPUIPlugin
2025-10-15 10:35:44,658 [INFO] PluginManager:220 - loadIPPluginJar : add gtzc
2025-10-15 10:35:44,660 [INFO] IPUIPlugin:80 - create IPUIPlugin
2025-10-15 10:35:44,660 [INFO] PluginManager:220 - loadIPPluginJar : add hash
2025-10-15 10:35:44,662 [INFO] IPUIPlugin:80 - create IPUIPlugin
2025-10-15 10:35:44,662 [INFO] PluginManager:220 - loadIPPluginJar : add i2c
2025-10-15 10:35:44,663 [INFO] IPUIPlugin:80 - create IPUIPlugin
2025-10-15 10:35:44,663 [INFO] PluginManager:220 - loadIPPluginJar : add i2s
2025-10-15 10:35:44,665 [INFO] IPUIPlugin:80 - create IPUIPlugin
2025-10-15 10:35:44,665 [INFO] PluginManager:220 - loadIPPluginJar : add i3c
2025-10-15 10:35:44,666 [INFO] IPUIPlugin:80 - create IPUIPlugin
2025-10-15 10:35:44,667 [INFO] PluginManager:220 - loadIPPluginJar : add ipddr
2025-10-15 10:35:44,671 [INFO] IPUIPlugin:80 - create IPUIPlugin
2025-10-15 10:35:44,671 [INFO] PluginManager:220 - loadIPPluginJar : add linkedlist
2025-10-15 10:35:44,673 [INFO] IPUIPlugin:80 - create IPUIPlugin
2025-10-15 10:35:44,673 [INFO] PluginManager:220 - loadIPPluginJar : add lorawan
2025-10-15 10:35:44,674 [INFO] IPUIPlugin:80 - create IPUIPlugin
2025-10-15 10:35:44,674 [INFO] PluginManager:220 - loadIPPluginJar : add ltdc
2025-10-15 10:35:44,678 [INFO] IPUIPlugin:80 - create IPUIPlugin
2025-10-15 10:35:44,678 [INFO] PluginManager:220 - loadIPPluginJar : add mdma
2025-10-15 10:35:44,680 [INFO] IPUIPlugin:80 - create IPUIPlugin
2025-10-15 10:35:44,680 [INFO] PluginManager:220 - loadIPPluginJar : add nvic
2025-10-15 10:35:44,682 [INFO] IPUIPlugin:80 - create IPUIPlugin
2025-10-15 10:35:44,682 [INFO] PluginManager:220 - loadIPPluginJar : add opamp
2025-10-15 10:35:44,683 [INFO] IPUIPlugin:80 - create IPUIPlugin
2025-10-15 10:35:44,683 [INFO] PluginManager:220 - loadIPPluginJar : add openamp
2025-10-15 10:35:44,685 [INFO] IPUIPlugin:80 - create IPUIPlugin
2025-10-15 10:35:44,685 [INFO] PluginManager:220 - loadIPPluginJar : add pdm2pcm
2025-10-15 10:35:44,688 [INFO] IPUIPlugin:80 - create IPUIPlugin
2025-10-15 10:35:44,689 [INFO] PluginManager:220 - loadIPPluginJar : add plateformsettings
2025-10-15 10:35:44,692 [INFO] IPUIPlugin:80 - create IPUIPlugin
2025-10-15 10:35:44,692 [INFO] PluginManager:220 - loadIPPluginJar : add quadspi
2025-10-15 10:35:44,694 [INFO] IPUIPlugin:80 - create IPUIPlugin
2025-10-15 10:35:44,695 [INFO] PluginManager:220 - loadIPPluginJar : add radio
2025-10-15 10:35:44,697 [INFO] IPUIPlugin:80 - create IPUIPlugin
2025-10-15 10:35:44,697 [INFO] PluginManager:220 - loadIPPluginJar : add resmgrutility
2025-10-15 10:35:44,699 [INFO] IPUIPlugin:80 - create IPUIPlugin
2025-10-15 10:35:44,699 [INFO] PluginManager:220 - loadIPPluginJar : add sai
2025-10-15 10:35:44,700 [INFO] IPUIPlugin:80 - create IPUIPlugin
2025-10-15 10:35:44,700 [INFO] PluginManager:220 - loadIPPluginJar : add spi
2025-10-15 10:35:44,704 [INFO] IPUIPlugin:80 - create IPUIPlugin
2025-10-15 10:35:44,704 [INFO] PluginManager:220 - loadIPPluginJar : add stm32_wpan
2025-10-15 10:35:44,705 [INFO] IPUIPlugin:80 - create IPUIPlugin
2025-10-15 10:35:44,705 [INFO] PluginManager:220 - loadIPPluginJar : add tim
2025-10-15 10:35:44,707 [INFO] IPUIPlugin:80 - create IPUIPlugin
2025-10-15 10:35:44,707 [INFO] PluginManager:220 - loadIPPluginJar : add touchsensing
2025-10-15 10:35:44,708 [INFO] IPUIPlugin:80 - create IPUIPlugin
2025-10-15 10:35:44,708 [INFO] PluginManager:220 - loadIPPluginJar : add tracer_emb
2025-10-15 10:35:44,710 [INFO] IPUIPlugin:80 - create IPUIPlugin
2025-10-15 10:35:44,710 [INFO] PluginManager:220 - loadIPPluginJar : add ts
2025-10-15 10:35:44,711 [INFO] IPUIPlugin:80 - create IPUIPlugin
2025-10-15 10:35:44,711 [INFO] PluginManager:220 - loadIPPluginJar : add tsc
2025-10-15 10:35:44,712 [INFO] IPUIPlugin:80 - create IPUIPlugin
2025-10-15 10:35:44,712 [INFO] PluginManager:220 - loadIPPluginJar : add ucpd
2025-10-15 10:35:44,714 [INFO] IPUIPlugin:80 - create IPUIPlugin
2025-10-15 10:35:44,714 [INFO] PluginManager:220 - loadIPPluginJar : add usart
2025-10-15 10:35:44,715 [INFO] IPUIPlugin:80 - create IPUIPlugin
2025-10-15 10:35:44,716 [INFO] PluginManager:220 - loadIPPluginJar : add usbx
2025-10-15 10:35:44,833 [FATAL] Updater:351 - Updater called before beeing initialized
2025-10-15 10:35:44,850 [INFO] RulesReader:64 - Compatibility file has been processed (317 Rules)
2025-10-15 10:35:44,858 [INFO] RulesReader:64 - Compatibility file has been processed (317 Rules)
2025-10-15 10:35:44,866 [INFO] CADModel:165 - CPN selected for project level
2025-10-15 10:35:44,866 [INFO] CADModel:114 - Register for checkConnection events
2025-10-15 10:35:44,866 [FATAL] Updater:351 - Updater called before beeing initialized
2025-10-15 10:35:44,866 [ERROR] CADModel:125 - Updater not yet initialized, retry later 
2025-10-15 10:35:44,992 [FATAL] Updater:351 - Updater called before beeing initialized
2025-10-15 10:35:44,993 [INFO] CADModel:165 - CPN selected for project level
2025-10-15 10:35:44,993 [INFO] CADModel:114 - Register for checkConnection events
2025-10-15 10:35:44,993 [FATAL] Updater:351 - Updater called before beeing initialized
2025-10-15 10:35:44,993 [ERROR] CADModel:125 - Updater not yet initialized, retry later 
2025-10-15 10:35:44,995 [FATAL] Updater:351 - Updater called before beeing initialized
2025-10-15 10:35:45,078 [FATAL] Updater:351 - Updater called before beeing initialized
2025-10-15 10:35:45,081 [INFO] DbMcusAds:53 - JSON generation date=Thu Oct 02 11:36:05 CEST 2025 (1759397765645)
2025-10-15 10:35:45,081 [FATAL] Updater:351 - Updater called before beeing initialized
2025-10-15 10:35:45,100 [WARN] DetailPanel:346 - Failed to get advertising image, set to default
2025-10-15 10:35:45,153 [FATAL] Updater:351 - Updater called before beeing initialized
2025-10-15 10:35:45,154 [FATAL] Updater:351 - Updater called before beeing initialized
2025-10-15 10:35:45,154 [FATAL] Updater:351 - Updater called before beeing initialized
2025-10-15 10:35:45,154 [WARN] DetailPanel:346 - Failed to get advertising image, set to default
2025-10-15 10:35:45,155 [FATAL] Updater:351 - Updater called before beeing initialized
2025-10-15 10:35:45,189 [ERROR] Updater:1198 - MainUpdater not yet initialized. External WinMGr cannot be set.
2025-10-15 10:35:45,190 [INFO] Updater:1134 - Updater Version found : 6.15.0
2025-10-15 10:35:45,200 [INFO] ApplicationProperties:184 - Using Application install path: C:\ST\STM32CubeIDE_1.16.1\STM32CubeIDE\plugins\com.st.stm32cube.common.mx_6.15.0.202507011659
2025-10-15 10:35:45,449 [INFO] MainUpdater:2872 - connection check result : 10
2025-10-15 10:35:45,449 [INFO] MainUpdater:289 - Updater Check For Update Now.
2025-10-15 10:35:45,449 [INFO] MicroXplorer:498 - Change Database Version : DB.6.0.150
2025-10-15 10:35:45,452 [INFO] McuFinderGlobals:63 - Set McuFinder mode to 2 (CubeIDE integrated)
2025-10-15 10:35:45,453 [INFO] UserAuth:487 - Internet connection configuration mode: 1
2025-10-15 10:35:45,475 [INFO] JxBrowserEngine:152 - Initiate JxBrowser Engine with user profile folder
2025-10-15 10:35:45,607 [INFO] CheckServerUpdateThread:120 - End of CheckServer Thread
2025-10-15 10:35:45,927 [INFO] WebApp:169 - Instantiating new browser for Auth
2025-10-15 10:35:46,467 [INFO] WebApp:463 - Apply proxy settings
2025-10-15 10:35:46,467 [INFO] WebApp:548 - Chromium requires no authentication
2025-10-15 10:35:46,472 [INFO] WebApp:491 - Direct internet connection detected
2025-10-15 10:35:46,485 [INFO] WebApp:900 - Register for checkConnection events
2025-10-15 10:35:46,485 [INFO] WebApp:463 - Apply proxy settings
2025-10-15 10:35:46,485 [INFO] WebApp:548 - Chromium requires no authentication
2025-10-15 10:35:46,485 [INFO] WebApp:491 - Direct internet connection detected
2025-10-15 10:35:46,585 [INFO] WebApp:225 - Starting web application
2025-10-15 10:35:46,585 [INFO] WebApp:593 - Web application path used C:\ST\STM32CubeIDE_1.16.1\STM32CubeIDE\plugins\com.st.stm32cube.common.mx_6.15.0.202507011659\db\plugins\mcufinder\reactClient1\index.html
2025-10-15 10:35:46,638 [INFO] UserAuth:487 - Internet connection configuration mode: 1
2025-10-15 10:35:46,681 [INFO] WebApp:191 - Connection restablished
2025-10-15 10:35:47,490 [WARN] PackLoader:240 - Cannot read IP mode file for STMicroelectronics.FP-SNS-MOTENVWB1.1.4.0
2025-10-15 10:35:47,497 [WARN] PackLoader:240 - Cannot read IP mode file for STMicroelectronics.FP-ATR-ASTRA1.2.0.2
2025-10-15 10:35:47,500 [WARN] PackLoader:240 - Cannot read IP mode file for STMicroelectronics.FP-ATR-ASTRA1.2.0.1
2025-10-15 10:35:47,508 [WARN] PackLoader:240 - Cannot read IP mode file for STMicroelectronics.X-CUBE-SMBUS.2.1.0
2025-10-15 10:35:47,515 [WARN] PackLoader:240 - Cannot read IP mode file for STMicroelectronics.X-CUBE-WB05N.1.1.0
2025-10-15 10:35:47,520 [WARN] PackLoader:240 - Cannot read IP mode file for STMicroelectronics.X-CUBE-ST60.1.0.0
2025-10-15 10:35:47,544 [WARN] PackLoader:240 - Cannot read IP mode file for STMicroelectronics.X-CUBE-AZRTOS-F7.1.1.0
2025-10-15 10:35:47,588 [WARN] PackLoader:240 - Cannot read IP mode file for STMicroelectronics.X-CUBE-MEMS1.11.0.0
2025-10-15 10:35:47,674 [WARN] PackLoader:240 - Cannot read IP mode file for STMicroelectronics.FP-SNS-FLIGHT1.5.0.2
2025-10-15 10:35:47,685 [WARN] PackLoader:240 - Cannot read IP mode file for STMicroelectronics.X-CUBE-AZRTOS-H7.3.4.0
2025-10-15 10:35:47,696 [WARN] PackLoader:240 - Cannot read IP mode file for STMicroelectronics.X-CUBE-DISPLAY.3.0.0
2025-10-15 10:35:47,702 [WARN] PackLoader:240 - Cannot read IP mode file for STMicroelectronics.X-CUBE-BLE1.7.0.0
2025-10-15 10:35:47,706 [WARN] PackLoader:240 - Cannot read IP mode file for STMicroelectronics.X-CUBE-NFC10.1.0.0
2025-10-15 10:35:47,712 [WARN] PackLoader:240 - Cannot read IP mode file for STMicroelectronics.X-CUBE-BLEMGR.4.0.0
2025-10-15 10:35:47,718 [WARN] PackLoader:240 - Cannot read IP mode file for emotas.I-CUBE-CANOPEN.1.3.0
2025-10-15 10:35:47,722 [WARN] PackLoader:240 - Cannot read IP mode file for STMicroelectronics.X-CUBE-BLEMGR.3.1.0
2025-10-15 10:35:47,745 [WARN] PackLoader:240 - Cannot read IP mode file for STMicroelectronics.X-CUBE-AI.10.0.0
2025-10-15 10:35:47,752 [WARN] PackLoader:240 - Cannot read IP mode file for STMicroelectronics.FP-SNS-STBOX1.2.1.0
2025-10-15 10:35:47,755 [WARN] PackLoader:240 - Cannot read IP mode file for STMicroelectronics.FP-SNS-SMARTAG2.1.2.0
2025-10-15 10:35:47,758 [WARN] PackLoader:240 - Cannot read IP mode file for STMicroelectronics.FP-SNS-FLIGHT1.5.1.0
2025-10-15 10:35:47,786 [WARN] PackLoader:240 - Cannot read IP mode file for STMicroelectronics.X-CUBE-MEMS1.11.1.0
2025-10-15 10:35:47,861 [INFO] LogOutputStream:77 - [STDOUT_REDIRECT] 1 : Invalid condition id : UX_CORESTACK_Condition cause : null
2025-10-15 10:35:47,862 [INFO] LogOutputStream:77 - [STDOUT_REDIRECT] 1 : Invalid condition id : UX_CORESTACK_Condition cause : null
2025-10-15 10:35:47,863 [INFO] LogOutputStream:77 - [STDOUT_REDIRECT] 1 : Invalid condition id : UX_CORESTACK_Condition cause : null
2025-10-15 10:35:47,865 [INFO] LogOutputStream:77 - [STDOUT_REDIRECT] 1 : Invalid condition id : UX_CORESTACK_Condition cause : null
2025-10-15 10:35:47,866 [INFO] LogOutputStream:77 - [STDOUT_REDIRECT] 1 : Invalid condition id : UX_CORESTACK_Condition cause : null
2025-10-15 10:35:47,868 [WARN] PackLoader:240 - Cannot read IP mode file for STMicroelectronics.X-CUBE-AZRTOS-WL.2.0.0
2025-10-15 10:35:47,873 [WARN] PackLoader:240 - Cannot read IP mode file for STMicroelectronics.FP-SNS-MOTENV1.5.0.0
2025-10-15 10:35:47,876 [WARN] PackLoader:240 - Cannot read IP mode file for wolfSSL.I-CUBE-wolfMQTT.1.19.0
2025-10-15 10:35:47,882 [WARN] PackLoader:240 - Cannot read IP mode file for WES.I-CUBE-Cesium.1.3.0
2025-10-15 10:35:47,885 [WARN] PackLoader:240 - Cannot read IP mode file for STMicroelectronics.X-CUBE-BLE2.3.3.0
2025-10-15 10:35:47,890 [WARN] PackLoader:240 - Cannot read IP mode file for STMicroelectronics.X-CUBE-NFC9.1.0.0
2025-10-15 10:35:47,893 [WARN] PackLoader:240 - Cannot read IP mode file for STMicroelectronics.X-CUBE-BLE1.7.1.0
2025-10-15 10:35:47,897 [WARN] PackLoader:240 - Cannot read IP mode file for STMicroelectronics.X-CUBE-TCPP.4.1.0
2025-10-15 10:35:47,901 [WARN] PackLoader:240 - Cannot read IP mode file for STMicroelectronics.X-CUBE-EEPRMA1.5.2.0
2025-10-15 10:35:47,905 [WARN] PackLoader:240 - Cannot read IP mode file for STMicroelectronics.X-CUBE-ST67W61.1.1.0
2025-10-15 10:35:47,908 [WARN] PackLoader:240 - Cannot read IP mode file for STMicroelectronics.X-CUBE-AI.10.1.0
2025-10-15 10:35:47,928 [WARN] PackLoader:240 - Cannot read IP mode file for STMicroelectronics.X-CUBE-MEMS1.11.2.0
2025-10-15 10:35:47,986 [WARN] PackLoader:240 - Cannot read IP mode file for STMicroelectronics.X-CUBE-AZRTOS-G0.1.1.0
2025-10-15 10:35:47,991 [WARN] PackLoader:240 - Cannot read IP mode file for STMicroelectronics.X-CUBE-SAFEA1.1.2.2
2025-10-15 10:35:47,994 [WARN] PackLoader:240 - Cannot read IP mode file for STMicroelectronics.X-CUBE-NFC4.3.0.0
2025-10-15 10:35:48,000 [WARN] PackLoader:240 - Cannot read IP mode file for EmbeddedOffice.I-CUBE-FS-RTOS.1.0.1
2025-10-15 10:35:48,003 [WARN] PackLoader:240 - Cannot read IP mode file for STMicroelectronics.X-CUBE-WB05N.2.0.0
2025-10-15 10:35:48,006 [WARN] PackLoader:240 - Cannot read IP mode file for STMicroelectronics.X-CUBE-TCPP.4.2.0
2025-10-15 10:35:48,010 [WARN] PackLoader:240 - Cannot read IP mode file for RealThread.X-CUBE-RT-Thread_Nano.4.1.1
2025-10-15 10:35:48,012 [WARN] PackLoader:240 - Cannot read IP mode file for STMicroelectronics.FP-ATR-SIGFOX1.3.2.0
2025-10-15 10:35:48,014 [WARN] PackLoader:240 - Cannot read IP mode file for wolfSSL.I-CUBE-wolfSSL.5.7.2
2025-10-15 10:35:48,017 [WARN] ConditionMgr:438 - getConditionDescription Invalid condition id : Cortex-A Device cause : null
2025-10-15 10:35:48,027 [WARN] ConditionMgr:1044 - genDependencies : Invalid condition id : Cortex-A Device cause : null
2025-10-15 10:35:48,027 [WARN] ConditionMgr:1044 - genDependencies : Invalid condition id : Cortex-A Device cause : null
2025-10-15 10:35:48,027 [WARN] ConditionMgr:1044 - genDependencies : Invalid condition id : Cortex-A Device cause : null
2025-10-15 10:35:48,030 [WARN] PackLoader:240 - Cannot read IP mode file for STMicroelectronics.X-CUBE-EEPRMA1.5.1.0
2025-10-15 10:35:48,033 [WARN] PackLoader:240 - Cannot read IP mode file for ITTIA_DB.I-CUBE-ITTIADB.8.9.0
2025-10-15 10:35:48,038 [WARN] PackLoader:240 - Cannot read IP mode file for STMicroelectronics.X-CUBE-ST67W61.1.0.0
2025-10-15 10:35:48,041 [WARN] PackLoader:240 - Cannot read IP mode file for STMicroelectronics.X-CUBE-AI.10.2.0
2025-10-15 10:35:48,059 [WARN] PackLoader:240 - Cannot read IP mode file for SEGGER.I-CUBE-embOS.1.3.1
2025-10-15 10:35:48,086 [WARN] PackLoader:240 - Cannot read IP mode file for STMicroelectronics.X-CUBE-ALGOBUILD.1.4.0
2025-10-15 10:35:48,128 [WARN] PackLoader:240 - Cannot read IP mode file for STMicroelectronics.X-CUBE-MEMS1.11.3.0
2025-10-15 10:35:48,182 [WARN] PackLoader:240 - Cannot read IP mode file for STMicroelectronics.X-CUBE-AI.9.1.0
2025-10-15 10:35:48,185 [WARN] PackLoader:240 - Cannot read IP mode file for STMicroelectronics.X-CUBE-PM33A1.1.0.0
2025-10-15 10:35:48,193 [WARN] PackLoader:240 - Cannot read IP mode file for STMicroelectronics.X-CUBE-AZRTOS-F4.1.1.0
2025-10-15 10:35:48,197 [WARN] PackLoader:240 - Cannot read IP mode file for Avnet-IotConnect.X-CUBE-IoTC-DA16k-PMOD.1.0.0
2025-10-15 10:35:48,200 [WARN] PackLoader:240 - Cannot read IP mode file for STMicroelectronics.X-CUBE-ISPU.2.1.0
2025-10-15 10:35:48,205 [WARN] PackLoader:240 - Cannot read IP mode file for STMicroelectronics.X-CUBE-IPS.3.2.0
2025-10-15 10:35:48,211 [WARN] PackLoader:240 - Cannot read IP mode file for STMicroelectronics.X-CUBE-FREERTOS.1.2.0
2025-10-15 10:35:48,214 [WARN] PackLoader:240 - Cannot read IP mode file for STMicroelectronics.X-CUBE-NFC12.1.0.0
2025-10-15 10:35:48,223 [WARN] PackLoader:240 - Cannot read IP mode file for STMicroelectronics.X-CUBE-AZRTOS-L5.2.0.0
2025-10-15 10:35:48,227 [WARN] PackLoader:240 - Cannot read IP mode file for STMicroelectronics.X-CUBE-NFC6.3.1.0
2025-10-15 10:35:48,232 [WARN] PackLoader:240 - Cannot read IP mode file for STMicroelectronics.X-CUBE-DPower.1.2.0
2025-10-15 10:35:48,236 [WARN] PackLoader:240 - Cannot read IP mode file for STMicroelectronics.X-CUBE-FREERTOS.1.3.1
2025-10-15 10:35:48,238 [WARN] PackLoader:240 - Cannot read IP mode file for STMicroelectronics.X-CUBE-FREERTOS.1.3.0
2025-10-15 10:35:48,241 [WARN] PackLoader:240 - Cannot read IP mode file for STMicroelectronics.X-CUBE-NFC7.1.0.1
2025-10-15 10:35:48,245 [WARN] PackLoader:240 - Cannot read IP mode file for STMicroelectronics.X-CUBE-TOUCHGFX.4.26.0
2025-10-15 10:35:48,248 [WARN] PackLoader:240 - Cannot read IP mode file for STMicroelectronics.FP-SNS-STAIOTCFT.1.0.0
2025-10-15 10:35:48,250 [WARN] PackLoader:240 - Cannot read IP mode file for STMicroelectronics.X-CUBE-DPower.1.3.0
2025-10-15 10:35:48,258 [WARN] ConditionMgr:438 - getConditionDescription Invalid condition id : LAN8742 Phy interface Condition cause : null
2025-10-15 10:35:48,258 [WARN] PackLoader:240 - Cannot read IP mode file for STMicroelectronics.X-CUBE-AZRTOS-L4.2.0.0
2025-10-15 10:35:48,259 [WARN] ConditionMgr:1044 - genDependencies : Invalid condition id : LAN8742 Phy interface Condition cause : null
2025-10-15 10:35:48,259 [WARN] ConditionMgr:1044 - genDependencies : Invalid condition id : LAN8742 Phy interface Condition cause : null
2025-10-15 10:35:48,259 [WARN] ConditionMgr:1044 - genDependencies : Invalid condition id : LAN8742 Phy interface Condition cause : null
2025-10-15 10:35:48,263 [WARN] PackLoader:240 - Cannot read IP mode file for STMicroelectronics.X-CUBE-SFXS2LP1.4.0.0
2025-10-15 10:35:48,272 [WARN] PackLoader:240 - Cannot read IP mode file for STMicroelectronics.X-CUBE-AZRTOS-H7.3.3.0
2025-10-15 10:35:48,279 [WARN] PackLoader:240 - Cannot read IP mode file for STMicroelectronics.X-CUBE-BLEMGR.4.1.0
2025-10-15 10:35:48,284 [WARN] PackLoader:240 - Cannot read IP mode file for STMicroelectronics.X-CUBE-IPS.3.0.0
2025-10-15 10:35:48,290 [WARN] ConditionMgr:438 - getConditionDescription Invalid condition id : UX DEVICE CLASS RTOS Condition cause : null
2025-10-15 10:35:48,291 [WARN] ConditionMgr:438 - getConditionDescription Invalid condition id : UX DEVICE CLASS RTOS Condition cause : null
2025-10-15 10:35:48,291 [WARN] PackLoader:240 - Cannot read IP mode file for STMicroelectronics.X-CUBE-AZRTOS-WB.2.0.0
2025-10-15 10:35:48,292 [WARN] ConditionMgr:1044 - genDependencies : Invalid condition id : UX DEVICE CLASS RTOS Condition cause : null
2025-10-15 10:35:48,292 [WARN] ConditionMgr:1044 - genDependencies : Invalid condition id : UX DEVICE CLASS RTOS Condition cause : null
2025-10-15 10:35:48,292 [WARN] ConditionMgr:1044 - genDependencies : Invalid condition id : UX DEVICE CLASS RTOS Condition cause : null
2025-10-15 10:35:48,292 [WARN] ConditionMgr:1044 - genDependencies : Invalid condition id : UX DEVICE CLASS RTOS Condition cause : null
2025-10-15 10:35:48,292 [WARN] ConditionMgr:1044 - genDependencies : Invalid condition id : UX DEVICE CLASS RTOS Condition cause : null
2025-10-15 10:35:48,296 [WARN] PackLoader:240 - Cannot read IP mode file for STMicroelectronics.X-CUBE-GNSS1.7.0.0
2025-10-15 10:35:48,299 [WARN] PackLoader:240 - Cannot read IP mode file for STMicroelectronics.X-CUBE-GNSS1.7.0.1
2025-10-15 10:35:48,303 [WARN] PackLoader:240 - Cannot read IP mode file for STMicroelectronics.X-CUBE-TOUCHGFX.4.25.0
2025-10-15 10:35:48,305 [WARN] PackLoader:240 - Cannot read IP mode file for STMicroelectronics.FP-SNS-STBOX1.2.0.0
2025-10-15 10:35:48,311 [WARN] PackLoader:240 - Cannot read IP mode file for STMicroelectronics.X-CUBE-SUBG2.5.0.0
2025-10-15 10:35:48,325 [WARN] PackLoader:240 - Cannot read IP mode file for STMicroelectronics.X-CUBE-AZRTOS-H7RS.1.1.0
2025-10-15 10:35:48,328 [WARN] PackLoader:240 - Cannot read IP mode file for Cesanta.I-CUBE-Mongoose.7.13.0
2025-10-15 10:35:48,336 [WARN] PackLoader:240 - Cannot read IP mode file for STMicroelectronics.X-CUBE-AZRTOS-G4.2.0.0
2025-10-15 10:35:48,340 [WARN] PackLoader:240 - Cannot read IP mode file for STMicroelectronics.X-CUBE-NFC7.2.0.0
2025-10-15 10:35:48,345 [WARN] PackLoader:240 - Cannot read IP mode file for STMicroelectronics.X-CUBE-IPS.3.1.0
2025-10-15 10:35:48,350 [WARN] PackLoader:240 - Cannot read IP mode file for STMicroelectronics.X-CUBE-ALS.1.0.2
2025-10-15 10:35:48,352 [WARN] PackLoader:240 - Cannot read IP mode file for STMicroelectronics.X-CUBE-TOUCHGFX.4.24.2
2025-10-15 10:35:48,353 [WARN] PackLoader:240 - Cannot read IP mode file for STMicroelectronics.X-CUBE-TOUCHGFX.4.24.1
2025-10-15 10:35:48,358 [WARN] PackLoader:240 - Cannot read IP mode file for STMicroelectronics.X-CUBE-STSE01.1.0.0
2025-10-15 10:35:48,360 [WARN] PackLoader:240 - Cannot read IP mode file for wolfSSL.I-CUBE-wolfTPM.3.4.0
2025-10-15 10:35:48,364 [WARN] PackLoader:240 - Cannot read IP mode file for portGmbH.I-Cube-SoM-uGOAL.1.1.0
2025-10-15 10:35:48,371 [WARN] PackLoader:240 - Cannot read IP mode file for STMicroelectronics.X-CUBE-AZRTOS-H7RS.1.0.0
2025-10-15 10:35:48,374 [WARN] PackLoader:240 - Cannot read IP mode file for STMicroelectronics.FP-ATR-ASTRA1.2.0.0
2025-10-15 10:35:48,378 [WARN] PackLoader:240 - Cannot read IP mode file for STMicroelectronics.X-CUBE-TOF1.3.4.2
2025-10-15 10:35:48,386 [WARN] PackLoader:240 - Cannot read IP mode file for STMicroelectronics.X-CUBE-TOF1.3.4.3
2025-10-15 10:35:48,398 [WARN] PackLoader:240 - Cannot read IP mode file for Infineon.AIROC-Wi-Fi-Bluetooth-STM32.1.6.1
2025-10-15 10:35:48,402 [WARN] PackLoader:240 - Cannot read IP mode file for wolfSSL.I-CUBE-wolfSSH.1.4.17
2025-10-15 10:35:48,402 [INFO] ThirdParty:978 - Integrity check success = true
2025-10-15 10:35:48,402 [INFO] IntegrityCheckThread:100 - exiting critical section [integrity check]
2025-10-15 10:35:48,402 [INFO] IntegrityCheckThread:103 - End integrity checks thread
2025-10-15 10:38:54,079 [INFO] McuFinderGlobals:63 - Set McuFinder mode to 2 (CubeIDE integrated)
2025-10-15 10:38:54,083 [INFO] MainUpdater:2872 - connection check result : 10
2025-10-15 10:38:54,083 [INFO] MainUpdater:2872 - connection check result : 10
2025-10-15 10:38:54,108 [INFO] MicroXplorer:468 - Change Database Path : 
2025-10-15 10:38:54,108 [INFO] MicroXplorer:498 - Change Database Version : DB.6.0.150
2025-10-15 10:38:54,113 [WARN] ThirdParty:871 - waiting for thirdparty lock release [close project]
2025-10-15 10:38:54,114 [INFO] ThirdParty:873 - entering critical section [close project]
2025-10-15 10:38:54,115 [INFO] ThirdParty:883 - exiting critical section [close project]
2025-10-15 10:38:54,120 [INFO] PinOutPanel:1589 - setPackage(No Configuration,No Configuration)
2025-10-15 10:38:54,122 [INFO] UtilMem:75 - Begin LoadConfig() Used Memory: 860421216 Bytes (1073741824)
2025-10-15 10:38:54,123 [INFO] MicroXplorer:468 - Change Database Path : 
2025-10-15 10:38:54,123 [INFO] MicroXplorer:498 - Change Database Version : DB.6.0.150
2025-10-15 10:38:54,123 [INFO] OpenFileManager:355 - Change cursor
2025-10-15 10:38:54,193 [INFO] Mcu:2029 - Initializing MCU STM32H755ZITx STM32H755ZITx STM32H755ZIT6
2025-10-15 10:38:56,992 [INFO] Context:786 - Trying to add GPIOservice into a context  which must be forbidden
2025-10-15 10:38:56,992 [INFO] Context:786 - Trying to add GPIOservice into a context  which must be forbidden
2025-10-15 10:38:58,059 [INFO] ApiDbMcu:532 - Load IP Config File for NUCLEO-H755ZI-Q
2025-10-15 10:38:58,173 [INFO] Context:786 - Trying to add GPIOservice into a context  which must be forbidden
2025-10-15 10:38:58,183 [INFO] Context:786 - Trying to add GPIOservice into a context  which must be forbidden
2025-10-15 10:38:58,186 [INFO] ImportTextPane:234 - (OptionalMessage_ERROR) Pin30 (VP_RIF_VS_RIF1) cannot be retrieved for this MCU
2025-10-15 10:38:58,347 [INFO] RtosManager:558 - Registered RTOS mode: class=CMSIS, group=RTOS, mode=CMSIS_V1, owner=FREERTOS_M7
2025-10-15 10:38:58,347 [INFO] RtosManager:558 - Registered RTOS mode: class=CMSIS, group=RTOS2, mode=CMSIS_V2, owner=FREERTOS_M7
2025-10-15 10:38:58,347 [INFO] RtosManager:558 - Registered RTOS mode: class=RTOS, group=Core, mode=CMSIS_V1, owner=FREERTOS_M7
2025-10-15 10:38:58,347 [INFO] RtosManager:558 - Registered RTOS mode: class=RTOS, group=Core, mode=CMSIS_V2, owner=FREERTOS_M7
2025-10-15 10:38:58,347 [WARN] ModelIntegratedComponent:184 - Missing modes for component STMicroelectronics:FreeRTOS:0.0.1:STMicroelectronics:RTOS:FreeRTOS:Core:::10.2.0:
2025-10-15 10:38:58,353 [WARN] ModelIntegratedComponent:63 - No mode defined for component null
2025-10-15 10:38:58,353 [WARN] ModelIntegratedComponent:63 - No mode defined for component null
2025-10-15 10:38:58,353 [WARN] ModelIntegratedComponent:63 - No mode defined for component null
2025-10-15 10:38:58,353 [WARN] ModelIntegratedComponent:63 - No mode defined for component null
2025-10-15 10:38:58,353 [WARN] ModelIntegratedComponent:63 - No mode defined for component null
2025-10-15 10:38:58,353 [WARN] ModelIntegratedComponent:63 - No mode defined for component null
2025-10-15 10:38:58,353 [WARN] ModelIntegratedComponent:63 - No mode defined for component null
2025-10-15 10:38:58,353 [WARN] ModelIntegratedComponent:63 - No mode defined for component null
2025-10-15 10:38:58,353 [WARN] ModelIntegratedComponent:63 - No mode defined for component null
2025-10-15 10:38:58,353 [WARN] ModelIntegratedComponent:63 - No mode defined for component null
2025-10-15 10:38:58,353 [WARN] ModelIntegratedComponent:63 - No mode defined for component null
2025-10-15 10:38:58,353 [WARN] ModelIntegratedComponent:63 - No mode defined for component null
2025-10-15 10:38:58,353 [WARN] ModelIntegratedComponent:63 - No mode defined for component null
2025-10-15 10:38:58,353 [WARN] ModelIntegratedComponent:63 - No mode defined for component null
2025-10-15 10:38:58,353 [WARN] ModelIntegratedComponent:63 - No mode defined for component null
2025-10-15 10:38:58,353 [WARN] ModelIntegratedComponent:63 - No mode defined for component null
2025-10-15 10:38:58,353 [WARN] ModelIntegratedComponent:63 - No mode defined for component null
2025-10-15 10:38:58,353 [WARN] ModelIntegratedComponent:63 - No mode defined for component null
2025-10-15 10:38:58,353 [WARN] ModelIntegratedComponent:63 - No mode defined for component null
2025-10-15 10:38:58,354 [WARN] ModelIntegratedComponent:63 - No mode defined for component null
2025-10-15 10:38:58,354 [WARN] ModelIntegratedComponent:63 - No mode defined for component null
2025-10-15 10:38:58,354 [WARN] ModelIntegratedComponent:63 - No mode defined for component null
2025-10-15 10:38:58,354 [WARN] ModelIntegratedComponent:63 - No mode defined for component null
2025-10-15 10:38:58,354 [WARN] ModelIntegratedComponent:63 - No mode defined for component null
2025-10-15 10:38:58,354 [WARN] ModelIntegratedComponent:63 - No mode defined for component null
2025-10-15 10:38:58,354 [WARN] ModelIntegratedComponent:63 - No mode defined for component null
2025-10-15 10:38:58,354 [WARN] ModelIntegratedComponent:63 - No mode defined for component null
2025-10-15 10:38:58,354 [WARN] ModelIntegratedComponent:63 - No mode defined for component null
2025-10-15 10:38:58,354 [WARN] ModelIntegratedComponent:63 - No mode defined for component null
2025-10-15 10:38:58,354 [WARN] ModelIntegratedComponent:63 - No mode defined for component null
2025-10-15 10:38:58,354 [WARN] ModelIntegratedComponent:63 - No mode defined for component null
2025-10-15 10:38:58,354 [WARN] ModelIntegratedComponent:63 - No mode defined for component null
2025-10-15 10:38:58,354 [WARN] ModelIntegratedComponent:63 - No mode defined for component null
2025-10-15 10:38:58,354 [WARN] ModelIntegratedComponent:63 - No mode defined for component null
2025-10-15 10:38:58,354 [WARN] ModelIntegratedComponent:63 - No mode defined for component null
2025-10-15 10:38:58,354 [WARN] ModelPack:524 - Component already loaded: STMicroelectronics:HAL Drivers:0.0.0:STMicroelectronics:Device:STMicro_Driver:XSPI:HAL::0.0.1:HAL_XSPI
2025-10-15 10:38:58,534 [INFO] RtosManager:558 - Registered RTOS mode: class=CMSIS, group=RTOS, mode=CMSIS_V1, owner=FREERTOS_M4
2025-10-15 10:38:58,534 [INFO] RtosManager:558 - Registered RTOS mode: class=CMSIS, group=RTOS2, mode=CMSIS_V2, owner=FREERTOS_M4
2025-10-15 10:38:58,534 [INFO] RtosManager:558 - Registered RTOS mode: class=RTOS, group=Core, mode=CMSIS_V1, owner=FREERTOS_M4
2025-10-15 10:38:58,534 [INFO] RtosManager:558 - Registered RTOS mode: class=RTOS, group=Core, mode=CMSIS_V2, owner=FREERTOS_M4
2025-10-15 10:38:58,534 [WARN] ModelIntegratedComponent:184 - Missing modes for component STMicroelectronics:FreeRTOS:0.0.1:STMicroelectronics:RTOS:FreeRTOS:Core:::10.2.0:
2025-10-15 10:38:58,536 [WARN] ModelIntegratedComponent:63 - No mode defined for component null
2025-10-15 10:38:58,536 [WARN] ModelIntegratedComponent:63 - No mode defined for component null
2025-10-15 10:38:58,536 [WARN] ModelIntegratedComponent:63 - No mode defined for component null
2025-10-15 10:38:58,536 [WARN] ModelIntegratedComponent:63 - No mode defined for component null
2025-10-15 10:38:58,536 [WARN] ModelIntegratedComponent:63 - No mode defined for component null
2025-10-15 10:38:58,536 [WARN] ModelIntegratedComponent:63 - No mode defined for component null
2025-10-15 10:38:58,536 [WARN] ModelIntegratedComponent:63 - No mode defined for component null
2025-10-15 10:38:58,536 [WARN] ModelIntegratedComponent:63 - No mode defined for component null
2025-10-15 10:38:58,536 [WARN] ModelIntegratedComponent:63 - No mode defined for component null
2025-10-15 10:38:58,536 [WARN] ModelIntegratedComponent:63 - No mode defined for component null
2025-10-15 10:38:58,536 [WARN] ModelIntegratedComponent:63 - No mode defined for component null
2025-10-15 10:38:58,536 [WARN] ModelIntegratedComponent:63 - No mode defined for component null
2025-10-15 10:38:58,536 [WARN] ModelIntegratedComponent:63 - No mode defined for component null
2025-10-15 10:38:58,536 [WARN] ModelIntegratedComponent:63 - No mode defined for component null
2025-10-15 10:38:58,537 [WARN] ModelIntegratedComponent:63 - No mode defined for component null
2025-10-15 10:38:58,537 [WARN] ModelIntegratedComponent:63 - No mode defined for component null
2025-10-15 10:38:58,537 [WARN] ModelIntegratedComponent:63 - No mode defined for component null
2025-10-15 10:38:58,537 [WARN] ModelIntegratedComponent:63 - No mode defined for component null
2025-10-15 10:38:58,537 [WARN] ModelIntegratedComponent:63 - No mode defined for component null
2025-10-15 10:38:58,537 [WARN] ModelIntegratedComponent:63 - No mode defined for component null
2025-10-15 10:38:58,537 [WARN] ModelIntegratedComponent:63 - No mode defined for component null
2025-10-15 10:38:58,537 [WARN] ModelIntegratedComponent:63 - No mode defined for component null
2025-10-15 10:38:58,537 [WARN] ModelIntegratedComponent:63 - No mode defined for component null
2025-10-15 10:38:58,537 [WARN] ModelIntegratedComponent:63 - No mode defined for component null
2025-10-15 10:38:58,537 [WARN] ModelIntegratedComponent:63 - No mode defined for component null
2025-10-15 10:38:58,537 [WARN] ModelIntegratedComponent:63 - No mode defined for component null
2025-10-15 10:38:58,537 [WARN] ModelIntegratedComponent:63 - No mode defined for component null
2025-10-15 10:38:58,537 [WARN] ModelIntegratedComponent:63 - No mode defined for component null
2025-10-15 10:38:58,537 [WARN] ModelIntegratedComponent:63 - No mode defined for component null
2025-10-15 10:38:58,537 [WARN] ModelIntegratedComponent:63 - No mode defined for component null
2025-10-15 10:38:58,537 [WARN] ModelIntegratedComponent:63 - No mode defined for component null
2025-10-15 10:38:58,537 [WARN] ModelIntegratedComponent:63 - No mode defined for component null
2025-10-15 10:38:58,537 [WARN] ModelIntegratedComponent:63 - No mode defined for component null
2025-10-15 10:38:58,537 [WARN] ModelIntegratedComponent:63 - No mode defined for component null
2025-10-15 10:38:58,537 [WARN] ModelIntegratedComponent:63 - No mode defined for component null
2025-10-15 10:38:58,537 [WARN] ModelPack:524 - Component already loaded: STMicroelectronics:HAL Drivers:0.0.0:STMicroelectronics:Device:STMicro_Driver:XSPI:HAL::0.0.1:HAL_XSPI
2025-10-15 10:38:58,689 [INFO] ThirdPartyModel:298 - Start build external matchings
2025-10-15 10:38:59,677 [INFO] ThirdPartyModel:316 - End build external matchings
2025-10-15 10:38:59,698 [INFO] ThirdPartyModel:298 - Start build external matchings
2025-10-15 10:39:00,722 [INFO] ThirdPartyModel:316 - End build external matchings
2025-10-15 10:39:00,746 [WARN] IP:2250 - ClockDivider not found: check if there is a RefParameter without a condition.
2025-10-15 10:39:00,747 [WARN] IP:2250 - ClockDividerCCU not found: check if there is a RefParameter without a condition.
2025-10-15 10:39:00,747 [WARN] IP:2250 - MinOscClkPeriodsCCU not found: check if there is a RefParameter without a condition.
2025-10-15 10:39:00,747 [WARN] IP:2250 - TimeQuantaPerBitTimeCCU not found: check if there is a RefParameter without a condition.
2025-10-15 10:39:00,747 [WARN] IP:2250 - WatchdogStartValueCCU not found: check if there is a RefParameter without a condition.
2025-10-15 10:39:00,959 [INFO] ApiDb:581 - Connected to CubeFinder SQLite database (C:\Users\Miloush\.stmcufinder\plugins\mcufinder\mcu\cube-finder-db.db)
2025-10-15 10:39:01,010 [INFO] ApiDb:668 - CubeFinder database Data Model version=2.1
2025-10-15 10:39:01,010 [INFO] ApiDb:669 - CubeFinder database Configuration version=3.0.39
2025-10-15 10:39:01,010 [INFO] ApiDb:670 - CubeFinder database generation date=2025-08-25 (1756130511)
2025-10-15 10:39:01,010 [INFO] ApiDb:671 - CubeFinder database FW Pack versions=[FP-ATR-ASTRA1_V2.0.0, FP-SNS-FLIGHT1_V5.1.0, FP-SNS-MOTENV1_V5.0.0, FP-SNS-MOTENVWB1_V1.4.0, FP-SNS-SMARTAG2_V1.2.0, FP-SNS-STBOX1_V2.1.0, STM32Cube_FW_C0_V1.4.0, STM32Cube_FW_F4_V1.28.3, STM32Cube_FW_F7_V1.17.4, STM32Cube_FW_G0_V1.6.2, STM32Cube_FW_G4_V1.6.1, STM32Cube_FW_H5_V1.5.0, STM32Cube_FW_H7RS_V1.2.0, STM32Cube_FW_H7_V1.12.1, STM32Cube_FW_L0_V1.12.2, STM32Cube_FW_L4_V1.18.1, STM32Cube_FW_L5_V1.5.1, STM32Cube_FW_N6_V1.2.0, STM32Cube_FW_U0_V1.3.0, STM32Cube_FW_U3_V1.2.0, STM32Cube_FW_U5_V1.8.0, STM32Cube_FW_WB0_V1.3.0, STM32Cube_FW_WBA_V1.7.0, STM32Cube_FW_WB_V1.23.0, STM32Cube_FW_WL3_V1.2.0, STM32Cube_FW_WL_V1.3.1, X-CUBE-ALGOBUILD_V1.4.0, X-CUBE-ALS_V1.0.2, X-CUBE-AZRTOS-F4_V1.1.0, X-CUBE-AZRTOS-F7_V1.1.0, X-CUBE-AZRTOS-G0_V1.1.0, X-CUBE-AZRTOS-G4_V2.0.0, X-CUBE-AZRTOS-H7RS_V1.1.0, X-CUBE-AZRTOS-H7_V3.4.0, X-CUBE-AZRTOS-L4_V2.0.0, X-CUBE-AZRTOS-L5_V2.0.0, X-CUBE-AZRTOS-WB_V2.0.0, X-CUBE-AZRTOS-WL_V2.0.0, X-CUBE-BLE1_V7.1.0, X-CUBE-BLE2_V3.3.0, X-CUBE-BLEMGR_V4.1.0, X-CUBE-EEPRMA1_V5.2.0, X-CUBE-FREERTOS_V1.3.1, X-CUBE-GNSS1_V6.0.0, X-CUBE-MEMS1_V11.3.0, X-CUBE-NFC4_V3.0.0, X-CUBE-NFC7_V2.0.0, X-CUBE-SFXS2LP1_V4.0.0, X-CUBE-ST67W61_V1.0.0, X-CUBE-SUBG2_V5.0.0, X-CUBE-TOF1_V3.4.3]
2025-10-15 10:39:01,052 [INFO] DbBoardsSqlite:226 - include board P-NUCLEO-WB55-NUCLEO as a kit item of type 'Nucleo-64'
2025-10-15 10:39:01,053 [INFO] DbBoardsSqlite:226 - include board P-NUCLEO-WB55-USBDONGLE as a kit item of type 'Nucleo USB Dongle'
2025-10-15 10:39:01,053 [INFO] DbBoardsSqlite:226 - include board STEVAL-IDP005V1 as a kit item of type 'Evaluation Board'
2025-10-15 10:39:01,053 [INFO] DbBoardsSqlite:226 - include board STEVAL-IDP005V2 as a kit item of type 'Evaluation Board'
2025-10-15 10:39:01,101 [INFO] ApiDb:240 - Found 880 in-development CPN: [B-G473E-ZEST1S, B-WB1M-WPAN1, B-WBA5M-WPAN, B-WL5M-SUBG1, NUCLEO-C031C6, NUCLEO-C051C8, NUCLEO-C071RB, NUCLEO-C092RC, NUCLEO-H503RB, NUCLEO-H533RE, NUCLEO-H563ZI, NUCLEO-H7S3L8, NUCLEO-N657X0-Q, NUCLEO-U031R8, NUCLEO-U083RC, NUCLEO-U385RG-Q, NUCLEO-U545RE-Q, NUCLEO-U5A5ZJ-Q, NUCLEO-WB05KZ, NUCLEO-WB07CC, NUCLEO-WB09KE, NUCLEO-WBA52CG, NUCLEO-WBA55CG, NUCLEO-WL33CC1, NUCLEO-WL33CC2, STEVAL-PROTEUS1, STEVAL-SMARTAG2, STEVAL-STWINBX1, STM320518-EVAL, STM32C0116-DK, STM32C011D6Y3TR, STM32C011D6Y6TR, STM32C011F4P3, STM32C011F4P6, STM32C011F4U3, STM32C011F4U6TR, STM32C011F6P3, STM32C011F6P6, STM32C011F6U3, STM32C011F6U6TR, STM32C011J4M3, STM32C011J4M6, STM32C011J6M3, STM32C011J6M6, STM32C0316-DK, STM32C031C4T3, STM32C031C4T6, STM32C031C4U3, STM32C031C4U6, STM32C031C6T3, STM32C031C6T6, STM32C031C6U3, STM32C031C6U6, STM32C031F4P3, STM32C031F4P6, STM32C031F6P3, STM32C031F6P6, STM32C031G4U3, STM32C031G4U6, STM32C031G6U3, STM32C031G6U6, STM32C031K4T3, STM32C031K4T6, STM32C031K4U3, STM32C031K4U6, STM32C031K6T3, STM32C031K6T6, STM32C031K6U3, STM32C031K6U6, STM32C051C6T6, STM32C051C6U6, STM32C051C8T6, STM32C051C8U6, STM32C051D8Y6TR, STM32C051F6P6, STM32C051F8P6, STM32C051G6U6, STM32C051G8U6, STM32C051K6T6, STM32C051K6U6, STM32C051K8T6, STM32C071C8T6, STM32C071C8T6N, STM32C071C8U6, STM32C071C8U6N, STM32C071CBT6, STM32C071CBT6N, STM32C071CBU6, STM32C071CBU6N, STM32C071F8P6, STM32C071F8P6N, STM32C071FBP6, STM32C071FBP6N, STM32C071FBY6TR, STM32C071G8U6, STM32C071G8U6N, STM32C071GBU6, STM32C071GBU6N, STM32C071K8T6, STM32C071K8T6N, STM32C071K8U6, STM32C071K8U6N, STM32C071KBT6, STM32C071KBT6N, STM32C071KBU6, STM32C071KBU6N, STM32C071R8T6, STM32C071R8T6N, STM32C071RBI6N, STM32C071RBT6, STM32C071RBT6N, STM32C091CBT6, STM32C091CBU6, STM32C091CCT6, STM32C091CCU6, STM32C091ECY6TR, STM32C091FBP6, STM32C091FCP6, STM32C091GBU6, STM32C091GCU6, STM32C091KBT6, STM32C091KBU6, STM32C091KCT6, STM32C091KCU6, STM32C091RBT6, STM32C091RCI6, STM32C091RCT6, STM32C092CBT6, STM32C092CBU6, STM32C092CCT6, STM32C092CCU6, STM32C092ECY6TR, STM32C092FBP6, STM32C092FCP6, STM32C092GBU6, STM32C092GCU6, STM32C092KBT6, STM32C092KBU6, STM32C092KCT6, STM32C092KCU6, STM32C092RBT6, STM32C092RCI6, STM32C092RCT6, STM32G071K8TXN, STM32G071K8UXN, STM32G081GBU6N, STM32G081KBT6N, STM32G081KBUXN, STM32G0B1CCT6N, STM32G0B1KCT6, STM32G0B1NEY6TR, STM32G0B1RCT6N, STM32G0C1CCT6, STM32G0C1CCT6N, STM32G0C1CCU6N, STM32G0C1CET6N, STM32G0C1CEU6N, STM32G0C1KCT6, STM32G0C1NEY6TR, STM32G0C1RCI6N, STM32G0C1RCT6N, STM32G0C1REI6N, STM32G0C1RET6N, STM32G0C1VCI6, STM32G0C1VEI6, STM32G411C6T3, STM32G411C6T6, STM32G411C6U3, STM32G411C6U6, STM32G411C8T3, STM32G411C8T6, STM32G411C8U3, STM32G411C8U6, STM32G411CBT3, STM32G411CBT6, STM32G411CBU3, STM32G411CBU6, STM32G411K6T3, STM32G411K6T6, STM32G411K6U3, STM32G411K6U6, STM32G411K8T3, STM32G411K8T6, STM32G411K8U3, STM32G411K8U6, STM32G411KBT3, STM32G411KBT6, STM32G411KBU3, STM32G411KBU6, STM32G411M6T3, STM32G411M6T6, STM32G411M8T3, STM32G411M8T6, STM32G411MBT3, STM32G411MBT6, STM32G411R6T3, STM32G411R6T6, STM32G411R8T3, STM32G411R8T6, STM32G411RBT3, STM32G411RBT6, STM32G414CBT3, STM32G414CBT6, STM32G414CBU3, STM32G414CBU6, STM32G414CCT3, STM32G414CCT6, STM32G414CCU3, STM32G414CCU6, STM32G414MBT3, STM32G414MBT6, STM32G414MCT3, STM32G414MCT6, STM32G414RBT3, STM32G414RBT6, STM32G414RCT3, STM32G414RCT6, STM32G414VBT3, STM32G414VBT6, STM32G414VCT3, STM32G414VCT6, STM32G431CBT3Z, STM32G431RBT3Z, STM32G471CCT6, STM32G471CCU6, STM32G471CET3, STM32G471CET6, STM32G471CEU3, STM32G471CEU6, STM32G471MCT6, STM32G471MET3, STM32G471MET6, STM32G471MEY6TR, STM32G471QCT6, STM32G471QET3, STM32G471RCT6, STM32G471RET3, STM32G471RET6, STM32G471VCH6, STM32G471VCI6, STM32G471VCT6, STM32G471VEH3, STM32G471VEH6, STM32G471VEI3, STM32G471VEI6, STM32G471VET3, STM32G471VET6, STM32G473QET3Z, STM32G473RET3Z, STM32G474CCT6, STM32G491RET3Z, STM32H503CBT6, STM32H503CBU6, STM32H503EBY6TR, STM32H503KBU6, STM32H503RBT6, STM32H523CCT6, STM32H523CCU6, STM32H523CET6, STM32H523CEU6, STM32H523HEY6TR, STM32H523RCT6, STM32H523RET6, STM32H523VCI6, STM32H523VCT6, STM32H523VEI6, STM32H523VET6, STM32H523ZCJ6, STM32H523ZCT6, STM32H523ZEJ6, STM32H523ZET6, STM32H533CET6, STM32H533CEU6, STM32H533HEY6TR, STM32H533RET6, STM32H533VEI6, STM32H533VET6, STM32H533ZEJ6, STM32H533ZET6, STM32H562AGI6, STM32H562AII6, STM32H562IGK6, STM32H562IGT6, STM32H562IIK6, STM32H562IIT6, STM32H562RGT6, STM32H562RGV6, STM32H562RIT6, STM32H562RIV6, STM32H562VGT6, STM32H562VIT6, STM32H562ZGT6, STM32H562ZIT6, STM32H563AGI6, STM32H563AII3Q, STM32H563AII6, STM32H563IGK6, STM32H563IGT6, STM32H563IIK3Q, STM32H563IIK6, STM32H563IIT3Q, STM32H563IIT6, STM32H563MIY3QTR, STM32H563RGT6, STM32H563RGV6, STM32H563RIT6, STM32H563RIV6, STM32H563VGT6, STM32H563VIT3Q, STM32H563VIT6, STM32H563ZGT6, STM32H563ZIT3Q, STM32H563ZIT6, STM32H573AII3Q, STM32H573AII6, STM32H573I-DK, STM32H573IIK3Q, STM32H573IIK6, STM32H573IIT3Q, STM32H573IIT6, STM32H573MIY3QTR, STM32H573RIT6, STM32H573RIV6, STM32H573VIT3Q, STM32H573VIT6, STM32H573ZIT3Q, STM32H573ZIT6, STM32H7R3A8I6, STM32H7R3I8K6, STM32H7R3I8T6, STM32H7R3L8H6, STM32H7R3L8H6H, STM32H7R3R8V6, STM32H7R3V8H6, STM32H7R3V8T6, STM32H7R3V8Y6TR, STM32H7R3Z8J6, STM32H7R3Z8T6, STM32H7R7A8I6, STM32H7R7I8K6, STM32H7R7I8T6, STM32H7R7L8H6, STM32H7R7L8H6H, STM32H7R7Z8J6, STM32H7S3A8I6, STM32H7S3I8K6, STM32H7S3I8T6, STM32H7S3L8H6, STM32H7S3L8H6H, STM32H7S3R8V6, STM32H7S3V8H6, STM32H7S3V8T6, STM32H7S3V8Y6TR, STM32H7S3Z8J6, STM32H7S3Z8T6, STM32H7S78-DK, STM32H7S7A8I6, STM32H7S7I8K6, STM32H7S7I8T6, STM32H7S7L8H6, STM32H7S7L8H6H, STM32H7S7Z8J6, STM32L4R5QGI6STR, STM32MP131AAE3, STM32MP131AAF3, STM32MP131AAG3, STM32MP131CAE3, STM32MP131CAF3, STM32MP131CAG3, STM32MP131DAE7, STM32MP131DAF7, STM32MP131DAG7, STM32MP131FAE7, STM32MP131FAF7, STM32MP131FAG7, STM32MP133AAE3, STM32MP133AAF3, STM32MP133AAG3, STM32MP133CAE3, STM32MP133CAF3, STM32MP133CAG3, STM32MP133DAE7, STM32MP133DAF7, STM32MP133DAG7, STM32MP133FAE7, STM32MP133FAF7, STM32MP133FAG7, STM32MP135AAE3, STM32MP135AAF3, STM32MP135AAG3, STM32MP135CAE3, STM32MP135CAF3, STM32MP135CAG3, STM32MP135DAE7, STM32MP135DAF7, STM32MP135DAG7, STM32MP135F-DK, STM32MP135FAE7, STM32MP135FAF7, STM32MP135FAF7T, STM32MP135FAF7U, STM32MP135FAG7, STM32MP211AAL3, STM32MP211AAM3, STM32MP211AAN3, STM32MP211AAO3, STM32MP211CAL3, STM32MP211CAM3, STM32MP211CAN3, STM32MP211CAO3, STM32MP211DAL3, STM32MP211DAM3, STM32MP211DAN3, STM32MP211DAO3, STM32MP211FAL3, STM32MP211FAM3, STM32MP211FAN3, STM32MP211FAO3, STM32MP213AAL3, STM32MP213AAM3, STM32MP213AAN3, STM32MP213AAO3, STM32MP213CAL3, STM32MP213CAM3, STM32MP213CAN3, STM32MP213CAO3, STM32MP213DAL3, STM32MP213DAM3, STM32MP213DAN3, STM32MP213DAO3, STM32MP213FAL3, STM32MP213FAM3, STM32MP213FAN3, STM32MP213FAO3, STM32MP215AAL3, STM32MP215AAM3, STM32MP215AAN3, STM32MP215AAO3, STM32MP215CAL3, STM32MP215CAM3, STM32MP215CAN3, STM32MP215CAO3, STM32MP215DAL3, STM32MP215DAM3, STM32MP215DAN3, STM32MP215DAO3, STM32MP215F-DK, STM32MP215FAL3, STM32MP215FAM3, STM32MP215FAN3, STM32MP215FAO3, STM32MP231AAJ3, STM32MP231AAK3, STM32MP231AAL3, STM32MP231CAJ3, STM32MP231CAK3, STM32MP231CAL3, STM32MP231DAJ3, STM32MP231DAK3, STM32MP231DAL3, STM32MP231FAJ3, STM32MP231FAK3, STM32MP231FAL3, STM32MP233AAJ3, STM32MP233AAK3, STM32MP233AAL3, STM32MP233CAJ3, STM32MP233CAK3, STM32MP233CAL3, STM32MP233DAJ3, STM32MP233DAK3, STM32MP233DAL3, STM32MP233FAJ3, STM32MP233FAK3, STM32MP233FAL3, STM32MP235AAJ3, STM32MP235AAK3, STM32MP235AAL3, STM32MP235CAJ3, STM32MP235CAK3, STM32MP235CAL3, STM32MP235DAJ3, STM32MP235DAK3, STM32MP235DAL3, STM32MP235FAJ3, STM32MP235FAK3, STM32MP235FAL3, STM32MP251AAI3, STM32MP251AAK3, STM32MP251AAL3, STM32MP251CAI3, STM32MP251CAK3, STM32MP251CAL3, STM32MP251DAI3, STM32MP251DAK3, STM32MP251DAL3, STM32MP251FAI3, STM32MP251FAK3, STM32MP251FAL3, STM32MP253AAI3, STM32MP253AAK3, STM32MP253AAL3, STM32MP253CAI3, STM32MP253CAK3, STM32MP253CAL3, STM32MP253DAI3, STM32MP253DAK3, STM32MP253DAL3, STM32MP253FAI3, STM32MP253FAK3, STM32MP253FAL3, STM32MP255AAI3, STM32MP255AAK3, STM32MP255AAL3, STM32MP255CAI3, STM32MP255CAK3, STM32MP255CAL3, STM32MP255DAI3, STM32MP255DAK3, STM32MP255DAL3, STM32MP255FAI3, STM32MP255FAK3, STM32MP255FAL3, STM32MP257AAI3, STM32MP257AAK3, STM32MP257AAL3, STM32MP257CAI3, STM32MP257CAK3, STM32MP257CAL3, STM32MP257DAI3, STM32MP257DAK3, STM32MP257DAL3, STM32MP257F-DK, STM32MP257F-EV1, STM32MP257FAI3, STM32MP257FAK3, STM32MP257FAL3, STM32N645A0H3Q, STM32N645B0H3Q, STM32N645I0H3Q, STM32N645L0H3Q, STM32N645X0H3Q, STM32N645Z0H3Q, STM32N647A0H3Q, STM32N647B0H3Q, STM32N647I0H3Q, STM32N647L0H3Q, STM32N647X0H3Q, STM32N647Z0H3Q, STM32N655A0H3Q, STM32N655B0H3Q, STM32N655I0H3Q, STM32N655L0H3Q, STM32N655X0H3Q, STM32N655Z0H3Q, STM32N6570-DK, STM32N657A0H3Q, STM32N657B0H3Q, STM32N657I0H3Q, STM32N657L0H3Q, STM32N657X0H3Q, STM32N657Z0H3Q, STM32U031C6T6, STM32U031C6U6, STM32U031C8T6, STM32U031C8U6, STM32U031F4P6, STM32U031F6P6, STM32U031F8P6, STM32U031G6Y6TR, STM32U031G8Y6TR, STM32U031K4U6, STM32U031K6U6, STM32U031K8U6, STM32U031R6I6, STM32U031R6T6, STM32U031R8I6, STM32U031R8T6, STM32U073C8T6, STM32U073C8U6, STM32U073CBT6, STM32U073CBU6, STM32U073CCT6, STM32U073CCU6, STM32U073H8Y6TR, STM32U073HBY6TR, STM32U073HCY6TR, STM32U073K8U6, STM32U073KBU6, STM32U073KCU6, STM32U073M8I6, STM32U073M8T6, STM32U073MBI6, STM32U073MBT6, STM32U073MCI6, STM32U073MCT6, STM32U073R8I6, STM32U073R8T6, STM32U073RBI6, STM32U073RBT6, STM32U073RCI6, STM32U073RCT6, STM32U083C-DK, STM32U083CCT6, STM32U083CCU6, STM32U083HCY6TR, STM32U083KCU6, STM32U083MCI6, STM32U083MCT6, STM32U083RCI6, STM32U083RCT6, STM32U375CET6, STM32U375CET6Q, STM32U375CEU6, STM32U375CEU6Q, STM32U375CEY6QTR, STM32U375CGT6, STM32U375CGT6Q, STM32U375CGU6, STM32U375CGU6Q, STM32U375CGY6QTR, STM32U375KEU6, STM32U375KGU6, STM32U375REI6, STM32U375REI6Q, STM32U375RET6, STM32U375RET6Q, STM32U375REY6GTR, STM32U375REY6QTR, STM32U375RGI6, STM32U375RGI6Q, STM32U375RGT6, STM32U375RGT6Q, STM32U375RGY6GTR, STM32U375RGY6QTR, STM32U375VEI6, STM32U375VEI6Q, STM32U375VET6, STM32U375VET6Q, STM32U375VGI6, STM32U375VGI6Q, STM32U375VGT6, STM32U375VGT6Q, STM32U385CGT6, STM32U385CGT6Q, STM32U385CGU6, STM32U385CGU6Q, STM32U385CGY6QTR, STM32U385KGU6, STM32U385RGI6, STM32U385RGI6Q, STM32U385RGT6, STM32U385RGT6Q, STM32U385RGY6GTR, STM32U385RGY6QTR, STM32U385VGI6, STM32U385VGI6Q, STM32U385VGT6, STM32U385VGT6Q, STM32U535CBT6, STM32U535CBT6Q, STM32U535CBU6, STM32U535CBU6Q, STM32U535CCT6, STM32U535CCT6Q, STM32U535CCU6, STM32U535CCU6Q, STM32U535CET6, STM32U535CET6Q, STM32U535CEU6, STM32U535CEU6Q, STM32U535JEY6QTR, STM32U535NCY6QTR, STM32U535NEY6QTR, STM32U535RBI6, STM32U535RBI6Q, STM32U535RBT6, STM32U535RBT6Q, STM32U535RCI6, STM32U535RCI6Q, STM32U535RCT6, STM32U535RCT6Q, STM32U535REI6, STM32U535REI6Q, STM32U535RET6, STM32U535RET6Q, STM32U535VCI6, STM32U535VCI6Q, STM32U535VCT6, STM32U535VCT6Q, STM32U535VEI6, STM32U535VEI6Q, STM32U535VET6, STM32U535VET6Q, STM32U545CET6, STM32U545CET6Q, STM32U545CEU6, STM32U545CEU6Q, STM32U545JEY6QTR, STM32U545NEY6QTR, STM32U545REI6, STM32U545REI6Q, STM32U545RET6, STM32U545RET6Q, STM32U545VEI6, STM32U545VEI6Q, STM32U545VET6, STM32U545VET6Q, STM32U595AIH6, STM32U595AIH6Q, STM32U595AJH6, STM32U595AJH6Q, STM32U595QII6, STM32U595QII6Q, STM32U595QJI6, STM32U595QJI6Q, STM32U595RIT6, STM32U595RIT6Q, STM32U595RJT6, STM32U595RJT6Q, STM32U595VIT6, STM32U595VIT6Q, STM32U595VJT6, STM32U595VJT6Q, STM32U595ZIT6, STM32U595ZIT6Q, STM32U595ZIY6QTR, STM32U595ZJT6, STM32U595ZJT6Q, STM32U595ZJY6QTR, STM32U599BJY6QTR, STM32U599NIH6Q, STM32U599NJH6Q, STM32U599VIT6Q, STM32U599VJT6, STM32U599VJT6Q, STM32U599ZIT6Q, STM32U599ZIY6QTR, STM32U599ZJT6Q, STM32U599ZJY6QTR, STM32U5A5AJH6, STM32U5A5AJH6Q, STM32U5A5QII3Q , STM32U5A5QJI6, STM32U5A5QJI6Q, STM32U5A5RJT6, STM32U5A5RJT6Q, STM32U5A5VJT6, STM32U5A5VJT6Q, STM32U5A5ZJT6, STM32U5A5ZJT6Q, STM32U5A5ZJY6QTR, STM32U5A9BJY6QTR, STM32U5A9J-DK, STM32U5A9NJH6Q, STM32U5A9VJT6Q, STM32U5A9ZJT6Q, STM32U5A9ZJY6QTR, STM32U5F7VIT6, STM32U5F7VIT6Q, STM32U5F7VJT6, STM32U5F7VJT6Q, STM32U5F9BJY6QTR, STM32U5F9NJH6Q, STM32U5F9VIT6Q, STM32U5F9VJT6Q, STM32U5F9ZIJ6QTR, STM32U5F9ZIT6Q, STM32U5F9ZJJ6QTR, STM32U5F9ZJT6Q, STM32U5G7VJT6, STM32U5G7VJT6Q, STM32U5G9BJY6QTR, STM32U5G9J-DK1, STM32U5G9J-DK2, STM32U5G9NJH6Q, STM32U5G9VJT6Q, STM32U5G9ZJJ6QTR, STM32U5G9ZJT6Q, STM32WB05KZV6TR, STM32WB05KZV7TR, STM32WB05TZF6TR, STM32WB05TZF7TR, STM32WB06CCF6TR, STM32WB06CCF7TR, STM32WB06CCV6TR, STM32WB06CCV7TR, STM32WB06KCV6TR, STM32WB06KCV7TR, STM32WB07CCF6TR, STM32WB07CCF7TR, STM32WB07CCV6TR, STM32WB07CCV7TR, STM32WB07KCV6TR, STM32WB07KCV7TR, STM32WB09KEV6TR, STM32WB09KEV7TR, STM32WB09TEF6TR, STM32WB09TEF7TR, STM32WB1MMCH6, STM32WBA50KGU6, STM32WBA50KGU6TR, STM32WBA52CEU6, STM32WBA52CEU6TR, STM32WBA52CEU7, STM32WBA52CEU7TR, STM32WBA52CGU6, STM32WBA52CGU6TR, STM32WBA52CGU6U, STM32WBA52CGU7, STM32WBA52CGU7TR, STM32WBA52KEU6, STM32WBA52KEU6TR, STM32WBA52KGU6, STM32WBA52KGU6TR, STM32WBA54CEU6, STM32WBA54CEU6TR, STM32WBA54CEU7, STM32WBA54CEU7TR, STM32WBA54CGU6, STM32WBA54CGU6TR, STM32WBA54CGU7, STM32WBA54CGU7TR, STM32WBA54KEU6, STM32WBA54KEU6TR, STM32WBA54KEU7, STM32WBA54KEU7TR, STM32WBA54KGU6, STM32WBA54KGU6TR, STM32WBA54KGU7, STM32WBA54KGU7TR, STM32WBA55CEU6, STM32WBA55CEU6TR, STM32WBA55CEU7, STM32WBA55CEU7TR, STM32WBA55CGU6, STM32WBA55CGU6TR, STM32WBA55CGU6U, STM32WBA55CGU7, STM32WBA55CGU7TR, STM32WBA55G-DK1, STM32WBA55HEF6, STM32WBA55HEF7, STM32WBA55HGF6, STM32WBA55HGF7, STM32WBA55UEI6, STM32WBA55UEI6TR, STM32WBA55UEI7, STM32WBA55UEI7TR, STM32WBA55UGI6, STM32WBA55UGI6TR, STM32WBA55UGI7, STM32WBA55UGI7TR, STM32WBA5MMGH6TR, STM32WBA62MGF6, STM32WBA62MIF6, STM32WBA65MGF7, STM32WBA65MIF6, STM32WBA65MIF7, STM32WL30K8V6, STM32WL30KBV6, STM32WL31C8V6, STM32WL31CBV6, STM32WL31K8V6, STM32WL31KBV6, STM32WL33C8V6, STM32WL33C8V6X, STM32WL33CBV6, STM32WL33CBV6X, STM32WL33CCV6, STM32WL33CCV6A, STM32WL33CCV6X, STM32WL33K8V7, STM32WL33K8V7X, STM32WL33KBV7 , STM32WL33KBV7X, STM32WL33KCV7, STM32WL33KCV7X, STM32WL5MOCH6, STM32WL5MOCH6TR]
2025-10-15 10:39:01,262 [INFO] BoardInfo:889 - No configuration file found for board P-NUCLEO-WB55
2025-10-15 10:39:01,263 [INFO] DbBoards:161 - Kit is not supported: P-NUCLEO-WB55
2025-10-15 10:39:01,269 [INFO] BoardInfo:889 - No configuration file found for board STEVAL-BFA001V1B
2025-10-15 10:39:01,270 [INFO] DbBoards:161 - Kit is not supported: STEVAL-BFA001V1B
2025-10-15 10:39:01,271 [INFO] BoardInfo:889 - No configuration file found for board STEVAL-BFA001V2B
2025-10-15 10:39:01,272 [INFO] DbBoards:161 - Kit is not supported: STEVAL-BFA001V2B
2025-10-15 10:39:01,440 [INFO] DbBoards:168 - Found 212 boards, 209 are supported
2025-10-15 10:39:01,440 [INFO] DbBoards:169 - Found 212 boards, 43 of them is supported for  Bsp
2025-10-15 10:39:01,444 [INFO] ApiDb:668 - CubeFinder database Data Model version=2.1
2025-10-15 10:39:01,444 [INFO] ApiDb:669 - CubeFinder database Configuration version=3.0.39
2025-10-15 10:39:01,444 [INFO] ApiDb:670 - CubeFinder database generation date=2025-08-25 (1756130511)
2025-10-15 10:39:01,444 [INFO] ApiDb:671 - CubeFinder database FW Pack versions=[FP-ATR-ASTRA1_V2.0.0, FP-SNS-FLIGHT1_V5.1.0, FP-SNS-MOTENV1_V5.0.0, FP-SNS-MOTENVWB1_V1.4.0, FP-SNS-SMARTAG2_V1.2.0, FP-SNS-STBOX1_V2.1.0, STM32Cube_FW_C0_V1.4.0, STM32Cube_FW_F4_V1.28.3, STM32Cube_FW_F7_V1.17.4, STM32Cube_FW_G0_V1.6.2, STM32Cube_FW_G4_V1.6.1, STM32Cube_FW_H5_V1.5.0, STM32Cube_FW_H7RS_V1.2.0, STM32Cube_FW_H7_V1.12.1, STM32Cube_FW_L0_V1.12.2, STM32Cube_FW_L4_V1.18.1, STM32Cube_FW_L5_V1.5.1, STM32Cube_FW_N6_V1.2.0, STM32Cube_FW_U0_V1.3.0, STM32Cube_FW_U3_V1.2.0, STM32Cube_FW_U5_V1.8.0, STM32Cube_FW_WB0_V1.3.0, STM32Cube_FW_WBA_V1.7.0, STM32Cube_FW_WB_V1.23.0, STM32Cube_FW_WL3_V1.2.0, STM32Cube_FW_WL_V1.3.1, X-CUBE-ALGOBUILD_V1.4.0, X-CUBE-ALS_V1.0.2, X-CUBE-AZRTOS-F4_V1.1.0, X-CUBE-AZRTOS-F7_V1.1.0, X-CUBE-AZRTOS-G0_V1.1.0, X-CUBE-AZRTOS-G4_V2.0.0, X-CUBE-AZRTOS-H7RS_V1.1.0, X-CUBE-AZRTOS-H7_V3.4.0, X-CUBE-AZRTOS-L4_V2.0.0, X-CUBE-AZRTOS-L5_V2.0.0, X-CUBE-AZRTOS-WB_V2.0.0, X-CUBE-AZRTOS-WL_V2.0.0, X-CUBE-BLE1_V7.1.0, X-CUBE-BLE2_V3.3.0, X-CUBE-BLEMGR_V4.1.0, X-CUBE-EEPRMA1_V5.2.0, X-CUBE-FREERTOS_V1.3.1, X-CUBE-GNSS1_V6.0.0, X-CUBE-MEMS1_V11.3.0, X-CUBE-NFC4_V3.0.0, X-CUBE-NFC7_V2.0.0, X-CUBE-SFXS2LP1_V4.0.0, X-CUBE-ST67W61_V1.0.0, X-CUBE-SUBG2_V5.0.0, X-CUBE-TOF1_V3.4.3]
2025-10-15 10:39:03,014 [INFO] ApiDb:240 - Found 880 in-development CPN: [B-G473E-ZEST1S, B-WB1M-WPAN1, B-WBA5M-WPAN, B-WL5M-SUBG1, NUCLEO-C031C6, NUCLEO-C051C8, NUCLEO-C071RB, NUCLEO-C092RC, NUCLEO-H503RB, NUCLEO-H533RE, NUCLEO-H563ZI, NUCLEO-H7S3L8, NUCLEO-N657X0-Q, NUCLEO-U031R8, NUCLEO-U083RC, NUCLEO-U385RG-Q, NUCLEO-U545RE-Q, NUCLEO-U5A5ZJ-Q, NUCLEO-WB05KZ, NUCLEO-WB07CC, NUCLEO-WB09KE, NUCLEO-WBA52CG, NUCLEO-WBA55CG, NUCLEO-WL33CC1, NUCLEO-WL33CC2, STEVAL-PROTEUS1, STEVAL-SMARTAG2, STEVAL-STWINBX1, STM320518-EVAL, STM32C0116-DK, STM32C011D6Y3TR, STM32C011D6Y6TR, STM32C011F4P3, STM32C011F4P6, STM32C011F4U3, STM32C011F4U6TR, STM32C011F6P3, STM32C011F6P6, STM32C011F6U3, STM32C011F6U6TR, STM32C011J4M3, STM32C011J4M6, STM32C011J6M3, STM32C011J6M6, STM32C0316-DK, STM32C031C4T3, STM32C031C4T6, STM32C031C4U3, STM32C031C4U6, STM32C031C6T3, STM32C031C6T6, STM32C031C6U3, STM32C031C6U6, STM32C031F4P3, STM32C031F4P6, STM32C031F6P3, STM32C031F6P6, STM32C031G4U3, STM32C031G4U6, STM32C031G6U3, STM32C031G6U6, STM32C031K4T3, STM32C031K4T6, STM32C031K4U3, STM32C031K4U6, STM32C031K6T3, STM32C031K6T6, STM32C031K6U3, STM32C031K6U6, STM32C051C6T6, STM32C051C6U6, STM32C051C8T6, STM32C051C8U6, STM32C051D8Y6TR, STM32C051F6P6, STM32C051F8P6, STM32C051G6U6, STM32C051G8U6, STM32C051K6T6, STM32C051K6U6, STM32C051K8T6, STM32C071C8T6, STM32C071C8T6N, STM32C071C8U6, STM32C071C8U6N, STM32C071CBT6, STM32C071CBT6N, STM32C071CBU6, STM32C071CBU6N, STM32C071F8P6, STM32C071F8P6N, STM32C071FBP6, STM32C071FBP6N, STM32C071FBY6TR, STM32C071G8U6, STM32C071G8U6N, STM32C071GBU6, STM32C071GBU6N, STM32C071K8T6, STM32C071K8T6N, STM32C071K8U6, STM32C071K8U6N, STM32C071KBT6, STM32C071KBT6N, STM32C071KBU6, STM32C071KBU6N, STM32C071R8T6, STM32C071R8T6N, STM32C071RBI6N, STM32C071RBT6, STM32C071RBT6N, STM32C091CBT6, STM32C091CBU6, STM32C091CCT6, STM32C091CCU6, STM32C091ECY6TR, STM32C091FBP6, STM32C091FCP6, STM32C091GBU6, STM32C091GCU6, STM32C091KBT6, STM32C091KBU6, STM32C091KCT6, STM32C091KCU6, STM32C091RBT6, STM32C091RCI6, STM32C091RCT6, STM32C092CBT6, STM32C092CBU6, STM32C092CCT6, STM32C092CCU6, STM32C092ECY6TR, STM32C092FBP6, STM32C092FCP6, STM32C092GBU6, STM32C092GCU6, STM32C092KBT6, STM32C092KBU6, STM32C092KCT6, STM32C092KCU6, STM32C092RBT6, STM32C092RCI6, STM32C092RCT6, STM32G071K8TXN, STM32G071K8UXN, STM32G081GBU6N, STM32G081KBT6N, STM32G081KBUXN, STM32G0B1CCT6N, STM32G0B1KCT6, STM32G0B1NEY6TR, STM32G0B1RCT6N, STM32G0C1CCT6, STM32G0C1CCT6N, STM32G0C1CCU6N, STM32G0C1CET6N, STM32G0C1CEU6N, STM32G0C1KCT6, STM32G0C1NEY6TR, STM32G0C1RCI6N, STM32G0C1RCT6N, STM32G0C1REI6N, STM32G0C1RET6N, STM32G0C1VCI6, STM32G0C1VEI6, STM32G411C6T3, STM32G411C6T6, STM32G411C6U3, STM32G411C6U6, STM32G411C8T3, STM32G411C8T6, STM32G411C8U3, STM32G411C8U6, STM32G411CBT3, STM32G411CBT6, STM32G411CBU3, STM32G411CBU6, STM32G411K6T3, STM32G411K6T6, STM32G411K6U3, STM32G411K6U6, STM32G411K8T3, STM32G411K8T6, STM32G411K8U3, STM32G411K8U6, STM32G411KBT3, STM32G411KBT6, STM32G411KBU3, STM32G411KBU6, STM32G411M6T3, STM32G411M6T6, STM32G411M8T3, STM32G411M8T6, STM32G411MBT3, STM32G411MBT6, STM32G411R6T3, STM32G411R6T6, STM32G411R8T3, STM32G411R8T6, STM32G411RBT3, STM32G411RBT6, STM32G414CBT3, STM32G414CBT6, STM32G414CBU3, STM32G414CBU6, STM32G414CCT3, STM32G414CCT6, STM32G414CCU3, STM32G414CCU6, STM32G414MBT3, STM32G414MBT6, STM32G414MCT3, STM32G414MCT6, STM32G414RBT3, STM32G414RBT6, STM32G414RCT3, STM32G414RCT6, STM32G414VBT3, STM32G414VBT6, STM32G414VCT3, STM32G414VCT6, STM32G431CBT3Z, STM32G431RBT3Z, STM32G471CCT6, STM32G471CCU6, STM32G471CET3, STM32G471CET6, STM32G471CEU3, STM32G471CEU6, STM32G471MCT6, STM32G471MET3, STM32G471MET6, STM32G471MEY6TR, STM32G471QCT6, STM32G471QET3, STM32G471RCT6, STM32G471RET3, STM32G471RET6, STM32G471VCH6, STM32G471VCI6, STM32G471VCT6, STM32G471VEH3, STM32G471VEH6, STM32G471VEI3, STM32G471VEI6, STM32G471VET3, STM32G471VET6, STM32G473QET3Z, STM32G473RET3Z, STM32G474CCT6, STM32G491RET3Z, STM32H503CBT6, STM32H503CBU6, STM32H503EBY6TR, STM32H503KBU6, STM32H503RBT6, STM32H523CCT6, STM32H523CCU6, STM32H523CET6, STM32H523CEU6, STM32H523HEY6TR, STM32H523RCT6, STM32H523RET6, STM32H523VCI6, STM32H523VCT6, STM32H523VEI6, STM32H523VET6, STM32H523ZCJ6, STM32H523ZCT6, STM32H523ZEJ6, STM32H523ZET6, STM32H533CET6, STM32H533CEU6, STM32H533HEY6TR, STM32H533RET6, STM32H533VEI6, STM32H533VET6, STM32H533ZEJ6, STM32H533ZET6, STM32H562AGI6, STM32H562AII6, STM32H562IGK6, STM32H562IGT6, STM32H562IIK6, STM32H562IIT6, STM32H562RGT6, STM32H562RGV6, STM32H562RIT6, STM32H562RIV6, STM32H562VGT6, STM32H562VIT6, STM32H562ZGT6, STM32H562ZIT6, STM32H563AGI6, STM32H563AII3Q, STM32H563AII6, STM32H563IGK6, STM32H563IGT6, STM32H563IIK3Q, STM32H563IIK6, STM32H563IIT3Q, STM32H563IIT6, STM32H563MIY3QTR, STM32H563RGT6, STM32H563RGV6, STM32H563RIT6, STM32H563RIV6, STM32H563VGT6, STM32H563VIT3Q, STM32H563VIT6, STM32H563ZGT6, STM32H563ZIT3Q, STM32H563ZIT6, STM32H573AII3Q, STM32H573AII6, STM32H573I-DK, STM32H573IIK3Q, STM32H573IIK6, STM32H573IIT3Q, STM32H573IIT6, STM32H573MIY3QTR, STM32H573RIT6, STM32H573RIV6, STM32H573VIT3Q, STM32H573VIT6, STM32H573ZIT3Q, STM32H573ZIT6, STM32H7R3A8I6, STM32H7R3I8K6, STM32H7R3I8T6, STM32H7R3L8H6, STM32H7R3L8H6H, STM32H7R3R8V6, STM32H7R3V8H6, STM32H7R3V8T6, STM32H7R3V8Y6TR, STM32H7R3Z8J6, STM32H7R3Z8T6, STM32H7R7A8I6, STM32H7R7I8K6, STM32H7R7I8T6, STM32H7R7L8H6, STM32H7R7L8H6H, STM32H7R7Z8J6, STM32H7S3A8I6, STM32H7S3I8K6, STM32H7S3I8T6, STM32H7S3L8H6, STM32H7S3L8H6H, STM32H7S3R8V6, STM32H7S3V8H6, STM32H7S3V8T6, STM32H7S3V8Y6TR, STM32H7S3Z8J6, STM32H7S3Z8T6, STM32H7S78-DK, STM32H7S7A8I6, STM32H7S7I8K6, STM32H7S7I8T6, STM32H7S7L8H6, STM32H7S7L8H6H, STM32H7S7Z8J6, STM32L4R5QGI6STR, STM32MP131AAE3, STM32MP131AAF3, STM32MP131AAG3, STM32MP131CAE3, STM32MP131CAF3, STM32MP131CAG3, STM32MP131DAE7, STM32MP131DAF7, STM32MP131DAG7, STM32MP131FAE7, STM32MP131FAF7, STM32MP131FAG7, STM32MP133AAE3, STM32MP133AAF3, STM32MP133AAG3, STM32MP133CAE3, STM32MP133CAF3, STM32MP133CAG3, STM32MP133DAE7, STM32MP133DAF7, STM32MP133DAG7, STM32MP133FAE7, STM32MP133FAF7, STM32MP133FAG7, STM32MP135AAE3, STM32MP135AAF3, STM32MP135AAG3, STM32MP135CAE3, STM32MP135CAF3, STM32MP135CAG3, STM32MP135DAE7, STM32MP135DAF7, STM32MP135DAG7, STM32MP135F-DK, STM32MP135FAE7, STM32MP135FAF7, STM32MP135FAF7T, STM32MP135FAF7U, STM32MP135FAG7, STM32MP211AAL3, STM32MP211AAM3, STM32MP211AAN3, STM32MP211AAO3, STM32MP211CAL3, STM32MP211CAM3, STM32MP211CAN3, STM32MP211CAO3, STM32MP211DAL3, STM32MP211DAM3, STM32MP211DAN3, STM32MP211DAO3, STM32MP211FAL3, STM32MP211FAM3, STM32MP211FAN3, STM32MP211FAO3, STM32MP213AAL3, STM32MP213AAM3, STM32MP213AAN3, STM32MP213AAO3, STM32MP213CAL3, STM32MP213CAM3, STM32MP213CAN3, STM32MP213CAO3, STM32MP213DAL3, STM32MP213DAM3, STM32MP213DAN3, STM32MP213DAO3, STM32MP213FAL3, STM32MP213FAM3, STM32MP213FAN3, STM32MP213FAO3, STM32MP215AAL3, STM32MP215AAM3, STM32MP215AAN3, STM32MP215AAO3, STM32MP215CAL3, STM32MP215CAM3, STM32MP215CAN3, STM32MP215CAO3, STM32MP215DAL3, STM32MP215DAM3, STM32MP215DAN3, STM32MP215DAO3, STM32MP215F-DK, STM32MP215FAL3, STM32MP215FAM3, STM32MP215FAN3, STM32MP215FAO3, STM32MP231AAJ3, STM32MP231AAK3, STM32MP231AAL3, STM32MP231CAJ3, STM32MP231CAK3, STM32MP231CAL3, STM32MP231DAJ3, STM32MP231DAK3, STM32MP231DAL3, STM32MP231FAJ3, STM32MP231FAK3, STM32MP231FAL3, STM32MP233AAJ3, STM32MP233AAK3, STM32MP233AAL3, STM32MP233CAJ3, STM32MP233CAK3, STM32MP233CAL3, STM32MP233DAJ3, STM32MP233DAK3, STM32MP233DAL3, STM32MP233FAJ3, STM32MP233FAK3, STM32MP233FAL3, STM32MP235AAJ3, STM32MP235AAK3, STM32MP235AAL3, STM32MP235CAJ3, STM32MP235CAK3, STM32MP235CAL3, STM32MP235DAJ3, STM32MP235DAK3, STM32MP235DAL3, STM32MP235FAJ3, STM32MP235FAK3, STM32MP235FAL3, STM32MP251AAI3, STM32MP251AAK3, STM32MP251AAL3, STM32MP251CAI3, STM32MP251CAK3, STM32MP251CAL3, STM32MP251DAI3, STM32MP251DAK3, STM32MP251DAL3, STM32MP251FAI3, STM32MP251FAK3, STM32MP251FAL3, STM32MP253AAI3, STM32MP253AAK3, STM32MP253AAL3, STM32MP253CAI3, STM32MP253CAK3, STM32MP253CAL3, STM32MP253DAI3, STM32MP253DAK3, STM32MP253DAL3, STM32MP253FAI3, STM32MP253FAK3, STM32MP253FAL3, STM32MP255AAI3, STM32MP255AAK3, STM32MP255AAL3, STM32MP255CAI3, STM32MP255CAK3, STM32MP255CAL3, STM32MP255DAI3, STM32MP255DAK3, STM32MP255DAL3, STM32MP255FAI3, STM32MP255FAK3, STM32MP255FAL3, STM32MP257AAI3, STM32MP257AAK3, STM32MP257AAL3, STM32MP257CAI3, STM32MP257CAK3, STM32MP257CAL3, STM32MP257DAI3, STM32MP257DAK3, STM32MP257DAL3, STM32MP257F-DK, STM32MP257F-EV1, STM32MP257FAI3, STM32MP257FAK3, STM32MP257FAL3, STM32N645A0H3Q, STM32N645B0H3Q, STM32N645I0H3Q, STM32N645L0H3Q, STM32N645X0H3Q, STM32N645Z0H3Q, STM32N647A0H3Q, STM32N647B0H3Q, STM32N647I0H3Q, STM32N647L0H3Q, STM32N647X0H3Q, STM32N647Z0H3Q, STM32N655A0H3Q, STM32N655B0H3Q, STM32N655I0H3Q, STM32N655L0H3Q, STM32N655X0H3Q, STM32N655Z0H3Q, STM32N6570-DK, STM32N657A0H3Q, STM32N657B0H3Q, STM32N657I0H3Q, STM32N657L0H3Q, STM32N657X0H3Q, STM32N657Z0H3Q, STM32U031C6T6, STM32U031C6U6, STM32U031C8T6, STM32U031C8U6, STM32U031F4P6, STM32U031F6P6, STM32U031F8P6, STM32U031G6Y6TR, STM32U031G8Y6TR, STM32U031K4U6, STM32U031K6U6, STM32U031K8U6, STM32U031R6I6, STM32U031R6T6, STM32U031R8I6, STM32U031R8T6, STM32U073C8T6, STM32U073C8U6, STM32U073CBT6, STM32U073CBU6, STM32U073CCT6, STM32U073CCU6, STM32U073H8Y6TR, STM32U073HBY6TR, STM32U073HCY6TR, STM32U073K8U6, STM32U073KBU6, STM32U073KCU6, STM32U073M8I6, STM32U073M8T6, STM32U073MBI6, STM32U073MBT6, STM32U073MCI6, STM32U073MCT6, STM32U073R8I6, STM32U073R8T6, STM32U073RBI6, STM32U073RBT6, STM32U073RCI6, STM32U073RCT6, STM32U083C-DK, STM32U083CCT6, STM32U083CCU6, STM32U083HCY6TR, STM32U083KCU6, STM32U083MCI6, STM32U083MCT6, STM32U083RCI6, STM32U083RCT6, STM32U375CET6, STM32U375CET6Q, STM32U375CEU6, STM32U375CEU6Q, STM32U375CEY6QTR, STM32U375CGT6, STM32U375CGT6Q, STM32U375CGU6, STM32U375CGU6Q, STM32U375CGY6QTR, STM32U375KEU6, STM32U375KGU6, STM32U375REI6, STM32U375REI6Q, STM32U375RET6, STM32U375RET6Q, STM32U375REY6GTR, STM32U375REY6QTR, STM32U375RGI6, STM32U375RGI6Q, STM32U375RGT6, STM32U375RGT6Q, STM32U375RGY6GTR, STM32U375RGY6QTR, STM32U375VEI6, STM32U375VEI6Q, STM32U375VET6, STM32U375VET6Q, STM32U375VGI6, STM32U375VGI6Q, STM32U375VGT6, STM32U375VGT6Q, STM32U385CGT6, STM32U385CGT6Q, STM32U385CGU6, STM32U385CGU6Q, STM32U385CGY6QTR, STM32U385KGU6, STM32U385RGI6, STM32U385RGI6Q, STM32U385RGT6, STM32U385RGT6Q, STM32U385RGY6GTR, STM32U385RGY6QTR, STM32U385VGI6, STM32U385VGI6Q, STM32U385VGT6, STM32U385VGT6Q, STM32U535CBT6, STM32U535CBT6Q, STM32U535CBU6, STM32U535CBU6Q, STM32U535CCT6, STM32U535CCT6Q, STM32U535CCU6, STM32U535CCU6Q, STM32U535CET6, STM32U535CET6Q, STM32U535CEU6, STM32U535CEU6Q, STM32U535JEY6QTR, STM32U535NCY6QTR, STM32U535NEY6QTR, STM32U535RBI6, STM32U535RBI6Q, STM32U535RBT6, STM32U535RBT6Q, STM32U535RCI6, STM32U535RCI6Q, STM32U535RCT6, STM32U535RCT6Q, STM32U535REI6, STM32U535REI6Q, STM32U535RET6, STM32U535RET6Q, STM32U535VCI6, STM32U535VCI6Q, STM32U535VCT6, STM32U535VCT6Q, STM32U535VEI6, STM32U535VEI6Q, STM32U535VET6, STM32U535VET6Q, STM32U545CET6, STM32U545CET6Q, STM32U545CEU6, STM32U545CEU6Q, STM32U545JEY6QTR, STM32U545NEY6QTR, STM32U545REI6, STM32U545REI6Q, STM32U545RET6, STM32U545RET6Q, STM32U545VEI6, STM32U545VEI6Q, STM32U545VET6, STM32U545VET6Q, STM32U595AIH6, STM32U595AIH6Q, STM32U595AJH6, STM32U595AJH6Q, STM32U595QII6, STM32U595QII6Q, STM32U595QJI6, STM32U595QJI6Q, STM32U595RIT6, STM32U595RIT6Q, STM32U595RJT6, STM32U595RJT6Q, STM32U595VIT6, STM32U595VIT6Q, STM32U595VJT6, STM32U595VJT6Q, STM32U595ZIT6, STM32U595ZIT6Q, STM32U595ZIY6QTR, STM32U595ZJT6, STM32U595ZJT6Q, STM32U595ZJY6QTR, STM32U599BJY6QTR, STM32U599NIH6Q, STM32U599NJH6Q, STM32U599VIT6Q, STM32U599VJT6, STM32U599VJT6Q, STM32U599ZIT6Q, STM32U599ZIY6QTR, STM32U599ZJT6Q, STM32U599ZJY6QTR, STM32U5A5AJH6, STM32U5A5AJH6Q, STM32U5A5QII3Q , STM32U5A5QJI6, STM32U5A5QJI6Q, STM32U5A5RJT6, STM32U5A5RJT6Q, STM32U5A5VJT6, STM32U5A5VJT6Q, STM32U5A5ZJT6, STM32U5A5ZJT6Q, STM32U5A5ZJY6QTR, STM32U5A9BJY6QTR, STM32U5A9J-DK, STM32U5A9NJH6Q, STM32U5A9VJT6Q, STM32U5A9ZJT6Q, STM32U5A9ZJY6QTR, STM32U5F7VIT6, STM32U5F7VIT6Q, STM32U5F7VJT6, STM32U5F7VJT6Q, STM32U5F9BJY6QTR, STM32U5F9NJH6Q, STM32U5F9VIT6Q, STM32U5F9VJT6Q, STM32U5F9ZIJ6QTR, STM32U5F9ZIT6Q, STM32U5F9ZJJ6QTR, STM32U5F9ZJT6Q, STM32U5G7VJT6, STM32U5G7VJT6Q, STM32U5G9BJY6QTR, STM32U5G9J-DK1, STM32U5G9J-DK2, STM32U5G9NJH6Q, STM32U5G9VJT6Q, STM32U5G9ZJJ6QTR, STM32U5G9ZJT6Q, STM32WB05KZV6TR, STM32WB05KZV7TR, STM32WB05TZF6TR, STM32WB05TZF7TR, STM32WB06CCF6TR, STM32WB06CCF7TR, STM32WB06CCV6TR, STM32WB06CCV7TR, STM32WB06KCV6TR, STM32WB06KCV7TR, STM32WB07CCF6TR, STM32WB07CCF7TR, STM32WB07CCV6TR, STM32WB07CCV7TR, STM32WB07KCV6TR, STM32WB07KCV7TR, STM32WB09KEV6TR, STM32WB09KEV7TR, STM32WB09TEF6TR, STM32WB09TEF7TR, STM32WB1MMCH6, STM32WBA50KGU6, STM32WBA50KGU6TR, STM32WBA52CEU6, STM32WBA52CEU6TR, STM32WBA52CEU7, STM32WBA52CEU7TR, STM32WBA52CGU6, STM32WBA52CGU6TR, STM32WBA52CGU6U, STM32WBA52CGU7, STM32WBA52CGU7TR, STM32WBA52KEU6, STM32WBA52KEU6TR, STM32WBA52KGU6, STM32WBA52KGU6TR, STM32WBA54CEU6, STM32WBA54CEU6TR, STM32WBA54CEU7, STM32WBA54CEU7TR, STM32WBA54CGU6, STM32WBA54CGU6TR, STM32WBA54CGU7, STM32WBA54CGU7TR, STM32WBA54KEU6, STM32WBA54KEU6TR, STM32WBA54KEU7, STM32WBA54KEU7TR, STM32WBA54KGU6, STM32WBA54KGU6TR, STM32WBA54KGU7, STM32WBA54KGU7TR, STM32WBA55CEU6, STM32WBA55CEU6TR, STM32WBA55CEU7, STM32WBA55CEU7TR, STM32WBA55CGU6, STM32WBA55CGU6TR, STM32WBA55CGU6U, STM32WBA55CGU7, STM32WBA55CGU7TR, STM32WBA55G-DK1, STM32WBA55HEF6, STM32WBA55HEF7, STM32WBA55HGF6, STM32WBA55HGF7, STM32WBA55UEI6, STM32WBA55UEI6TR, STM32WBA55UEI7, STM32WBA55UEI7TR, STM32WBA55UGI6, STM32WBA55UGI6TR, STM32WBA55UGI7, STM32WBA55UGI7TR, STM32WBA5MMGH6TR, STM32WBA62MGF6, STM32WBA62MIF6, STM32WBA65MGF7, STM32WBA65MIF6, STM32WBA65MIF7, STM32WL30K8V6, STM32WL30KBV6, STM32WL31C8V6, STM32WL31CBV6, STM32WL31K8V6, STM32WL31KBV6, STM32WL33C8V6, STM32WL33C8V6X, STM32WL33CBV6, STM32WL33CBV6X, STM32WL33CCV6, STM32WL33CCV6A, STM32WL33CCV6X, STM32WL33K8V7, STM32WL33K8V7X, STM32WL33KBV7 , STM32WL33KBV7X, STM32WL33KCV7, STM32WL33KCV7X, STM32WL5MOCH6, STM32WL5MOCH6TR]
2025-10-15 10:39:03,017 [INFO] DbMcus:218 - Found 4801 MCUs, 4801 are supported
2025-10-15 10:39:03,017 [INFO] ApiDb:423 - Load user favorites file C:\Users\Miloush/.stm32cubeide/favorites.mcus.txt: 3 item(s)
2025-10-15 10:39:03,017 [INFO] ApiDb:427 - User favorites MCUs=[STM32F446RET6, STM32G431KBT6, STM32G474CBT3]
2025-10-15 10:39:03,017 [INFO] DbMcus:224 - Set 3 / 3 favorites MCUs
2025-10-15 10:39:03,252 [INFO] ApiDb:423 - Load user favorites file C:\Users\Miloush/.stm32cubeide/favorites.boards.txt: 0 item(s)
2025-10-15 10:39:03,252 [INFO] ApiDb:427 - User favorites Boards=[]
2025-10-15 10:39:03,252 [INFO] DbBoards:198 - Set 0 / 0 favorites Boards
2025-10-15 10:39:03,293 [INFO] UtilMem:75 - End LoadConfig() Used Memory: 831230400 Bytes (1073741824)
2025-10-15 10:39:03,374 [WARN] ThirdParty:833 - waiting for thirdparty lock release [change project]
2025-10-15 10:39:03,374 [INFO] ThirdParty:835 - entering critical section [change project]
2025-10-15 10:39:03,374 [INFO] ThirdParty:1030 - CMSIS Pack Vendor :STMicroelectronics X-CUBE-PM33A1 1.0.0
2025-10-15 10:39:03,374 [INFO] ThirdParty:1030 - CMSIS Pack Vendor :STMicroelectronics USBPD 4.1
2025-10-15 10:39:03,374 [INFO] ThirdParty:1030 - CMSIS Pack Vendor :STMicroelectronics USB_HOST 2.0.0
2025-10-15 10:39:03,374 [INFO] ThirdParty:1030 - CMSIS Pack Vendor :STMicroelectronics FP-SNS-MOTENVWB1 1.4.0
2025-10-15 10:39:03,374 [INFO] ThirdParty:1030 - CMSIS Pack Vendor :STMicroelectronics X-CUBE-AZRTOS-F4 1.1.0
2025-10-15 10:39:03,374 [INFO] ThirdParty:1030 - CMSIS Pack Vendor :STMicroelectronics LIBJPEG 8.0.0
2025-10-15 10:39:03,374 [INFO] ThirdParty:1030 - CMSIS Pack Vendor :STMicroelectronics FP-ATR-ASTRA1 2.0.2
2025-10-15 10:39:03,374 [INFO] ThirdParty:1030 - CMSIS Pack Vendor :STMicroelectronics FP-ATR-ASTRA1 2.0.1
2025-10-15 10:39:03,374 [INFO] ThirdParty:1030 - CMSIS Pack Vendor :Avnet-IotConnect X-CUBE-IoTC-DA16k-PMOD 1.0.0
2025-10-15 10:39:03,374 [INFO] ThirdParty:1030 - CMSIS Pack Vendor :STMicroelectronics X-CUBE-SMBUS 2.1.0
2025-10-15 10:39:03,374 [INFO] ThirdParty:1030 - CMSIS Pack Vendor :STMicroelectronics X-CUBE-WB05N 1.1.0
2025-10-15 10:39:03,374 [INFO] ThirdParty:1030 - CMSIS Pack Vendor :STMicroelectronics X-CUBE-ISPU 2.1.0
2025-10-15 10:39:03,374 [INFO] ThirdParty:1030 - CMSIS Pack Vendor :STMicroelectronics X-CUBE-IPS 3.2.0
2025-10-15 10:39:03,374 [INFO] ThirdParty:1030 - CMSIS Pack Vendor :STMicroelectronics X-CUBE-FREERTOS 1.2.0
2025-10-15 10:39:03,374 [INFO] ThirdParty:1030 - CMSIS Pack Vendor :STMicroelectronics X-CUBE-ST60 1.0.0
2025-10-15 10:39:03,374 [INFO] ThirdParty:1030 - CMSIS Pack Vendor :STMicroelectronics X-CUBE-NFC12 1.0.0
2025-10-15 10:39:03,374 [INFO] ThirdParty:1030 - CMSIS Pack Vendor :STMicroelectronics X-CUBE-AZRTOS-F7 1.1.0
2025-10-15 10:39:03,374 [INFO] ThirdParty:1030 - CMSIS Pack Vendor :STMicroelectronics X-CUBE-AZRTOS-L5 2.0.0
2025-10-15 10:39:03,374 [INFO] ThirdParty:1030 - CMSIS Pack Vendor :STMicroelectronics USB_DEVICE 2.0.0
2025-10-15 10:39:03,375 [INFO] ThirdParty:1030 - CMSIS Pack Vendor :STMicroelectronics X-CUBE-NFC6 3.1.0
2025-10-15 10:39:03,375 [INFO] ThirdParty:1030 - CMSIS Pack Vendor :STMicroelectronics X-CUBE-MEMS1 11.0.0
2025-10-15 10:39:03,375 [INFO] ThirdParty:1030 - CMSIS Pack Vendor :STMicroelectronics FreeRTOS 0.0.1
2025-10-15 10:39:03,375 [INFO] ThirdParty:1030 - CMSIS Pack Vendor :STMicroelectronics X-CUBE-DPower 1.2.0
2025-10-15 10:39:03,375 [INFO] ThirdParty:1030 - CMSIS Pack Vendor :STMicroelectronics FP-SNS-FLIGHT1 5.0.2
2025-10-15 10:39:03,375 [INFO] ThirdParty:1030 - CMSIS Pack Vendor :STMicroelectronics PDM2PCM 3.3.0
2025-10-15 10:39:03,375 [INFO] ThirdParty:1030 - CMSIS Pack Vendor :STMicroelectronics X-CUBE-AZRTOS-H7 3.4.0
2025-10-15 10:39:03,375 [INFO] ThirdParty:1030 - CMSIS Pack Vendor :STMicroelectronics X-CUBE-DISPLAY 3.0.0
2025-10-15 10:39:03,375 [INFO] ThirdParty:1030 - CMSIS Pack Vendor :STMicroelectronics X-CUBE-BLE1 7.0.0
2025-10-15 10:39:03,375 [INFO] ThirdParty:1030 - CMSIS Pack Vendor :STMicroelectronics X-CUBE-NFC10 1.0.0
2025-10-15 10:39:03,375 [INFO] ThirdParty:1030 - CMSIS Pack Vendor :STMicroelectronics X-CUBE-BLEMGR 4.0.0
2025-10-15 10:39:03,375 [INFO] ThirdParty:1030 - CMSIS Pack Vendor :STMicroelectronics X-CUBE-FREERTOS 1.3.1
2025-10-15 10:39:03,375 [INFO] ThirdParty:1030 - CMSIS Pack Vendor :STMicroelectronics HAL Drivers 0.0.0
2025-10-15 10:39:03,375 [INFO] ThirdParty:1030 - CMSIS Pack Vendor :emotas I-CUBE-CANOPEN 1.3.0
2025-10-15 10:39:03,375 [INFO] ThirdParty:1030 - CMSIS Pack Vendor :STMicroelectronics X-CUBE-FREERTOS 1.3.0
2025-10-15 10:39:03,375 [INFO] ThirdParty:1030 - CMSIS Pack Vendor :STMicroelectronics X-CUBE-NFC7 1.0.1
2025-10-15 10:39:03,375 [INFO] ThirdParty:1030 - CMSIS Pack Vendor :STMicroelectronics MBEDTLS 2.14.1
2025-10-15 10:39:03,375 [INFO] ThirdParty:1030 - CMSIS Pack Vendor :STMicroelectronics X-CUBE-TOUCHGFX 4.26.0
2025-10-15 10:39:03,375 [INFO] ThirdParty:1030 - CMSIS Pack Vendor :STMicroelectronics X-CUBE-BLEMGR 3.1.0
2025-10-15 10:39:03,375 [INFO] ThirdParty:1030 - CMSIS Pack Vendor :STMicroelectronics X-CUBE-AI 10.0.0
2025-10-15 10:39:03,375 [INFO] ThirdParty:1030 - CMSIS Pack Vendor :STMicroelectronics FP-SNS-STBOX1 2.1.0
2025-10-15 10:39:03,375 [INFO] ThirdParty:1030 - CMSIS Pack Vendor :STMicroelectronics FP-SNS-STAIOTCFT 1.0.0
2025-10-15 10:39:03,375 [INFO] ThirdParty:1030 - CMSIS Pack Vendor :STMicroelectronics FP-SNS-SMARTAG2 1.2.0
2025-10-15 10:39:03,375 [INFO] ThirdParty:1030 - CMSIS Pack Vendor :STMicroelectronics FP-SNS-FLIGHT1 5.1.0
2025-10-15 10:39:03,375 [INFO] ThirdParty:1030 - CMSIS Pack Vendor :STMicroelectronics X-CUBE-MEMS1 11.1.0
2025-10-15 10:39:03,376 [INFO] ThirdParty:1030 - CMSIS Pack Vendor :STMicroelectronics X-CUBE-AZRTOS-WL 2.0.0
2025-10-15 10:39:03,376 [INFO] ThirdParty:1030 - CMSIS Pack Vendor :STMicroelectronics X-CUBE-DPower 1.3.0
2025-10-15 10:39:03,376 [INFO] ThirdParty:1030 - CMSIS Pack Vendor :STMicroelectronics FP-SNS-MOTENV1 5.0.0
2025-10-15 10:39:03,376 [INFO] ThirdParty:1030 - CMSIS Pack Vendor :STMicroelectronics USB_DEVICE 1.0.0
2025-10-15 10:39:03,376 [INFO] ThirdParty:1030 - CMSIS Pack Vendor :wolfSSL I-CUBE-wolfMQTT 1.19.0
2025-10-15 10:39:03,376 [INFO] ThirdParty:1030 - CMSIS Pack Vendor :STMicroelectronics X-CUBE-AZRTOS-L4 2.0.0
2025-10-15 10:39:03,376 [INFO] ThirdParty:1030 - CMSIS Pack Vendor :STMicroelectronics ThreadX 0.0.2
2025-10-15 10:39:03,376 [INFO] ThirdParty:1030 - CMSIS Pack Vendor :WES I-CUBE-Cesium 1.3.0
2025-10-15 10:39:03,376 [INFO] ThirdParty:1030 - CMSIS Pack Vendor :STMicroelectronics lwIP 2.1.2
2025-10-15 10:39:03,376 [INFO] ThirdParty:1030 - CMSIS Pack Vendor :STMicroelectronics X-CUBE-SFXS2LP1 4.0.0
2025-10-15 10:39:03,376 [INFO] ThirdParty:1030 - CMSIS Pack Vendor :STMicroelectronics X-CUBE-BLE2 3.3.0
2025-10-15 10:39:03,376 [INFO] ThirdParty:1030 - CMSIS Pack Vendor :STMicroelectronics PDM2PCM 3.2.0
2025-10-15 10:39:03,376 [INFO] ThirdParty:1030 - CMSIS Pack Vendor :STMicroelectronics X-CUBE-AZRTOS-H7 3.3.0
2025-10-15 10:39:03,376 [INFO] ThirdParty:1030 - CMSIS Pack Vendor :STMicroelectronics X-CUBE-NFC9 1.0.0
2025-10-15 10:39:03,376 [INFO] ThirdParty:1030 - CMSIS Pack Vendor :STMicroelectronics X-CUBE-BLE1 7.1.0
2025-10-15 10:39:03,376 [INFO] ThirdParty:1030 - CMSIS Pack Vendor :STMicroelectronics USB_DEVICE 3.0.0
2025-10-15 10:39:03,376 [INFO] ThirdParty:1030 - CMSIS Pack Vendor :STMicroelectronics X-CUBE-TCPP 4.1.0
2025-10-15 10:39:03,376 [INFO] ThirdParty:1030 - CMSIS Pack Vendor :STMicroelectronics X-CUBE-EEPRMA1 5.2.0
2025-10-15 10:39:03,376 [INFO] ThirdParty:1030 - CMSIS Pack Vendor :STMicroelectronics X-CUBE-BLEMGR 4.1.0
2025-10-15 10:39:03,376 [INFO] ThirdParty:1030 - CMSIS Pack Vendor :STMicroelectronics X-CUBE-IPS 3.0.0
2025-10-15 10:39:03,376 [INFO] ThirdParty:1030 - CMSIS Pack Vendor :STMicroelectronics X-CUBE-AZRTOS-WB 2.0.0
2025-10-15 10:39:03,376 [INFO] ThirdParty:1030 - CMSIS Pack Vendor :STMicroelectronics X-CUBE-GNSS1 7.0.0
2025-10-15 10:39:03,376 [INFO] ThirdParty:1030 - CMSIS Pack Vendor :STMicroelectronics X-CUBE-GNSS1 7.0.1
2025-10-15 10:39:03,377 [INFO] ThirdParty:1030 - CMSIS Pack Vendor :STMicroelectronics X-CUBE-TOUCHGFX 4.25.0
2025-10-15 10:39:03,377 [INFO] ThirdParty:1030 - CMSIS Pack Vendor :STMicroelectronics X-CUBE-ST67W61 1.1.0
2025-10-15 10:39:03,377 [INFO] ThirdParty:1030 - CMSIS Pack Vendor :STMicroelectronics X-CUBE-AI 10.1.0
2025-10-15 10:39:03,377 [INFO] ThirdParty:1030 - CMSIS Pack Vendor :STMicroelectronics FP-SNS-STBOX1 2.0.0
2025-10-15 10:39:03,377 [INFO] ThirdParty:1030 - CMSIS Pack Vendor :STMicroelectronics X-CUBE-MEMS1 11.2.0
2025-10-15 10:39:03,377 [INFO] ThirdParty:1030 - CMSIS Pack Vendor :STMicroelectronics X-CUBE-AZRTOS-G0 1.1.0
2025-10-15 10:39:03,377 [INFO] ThirdParty:1030 - CMSIS Pack Vendor :STMicroelectronics X-CUBE-SAFEA1 1.2.2
2025-10-15 10:39:03,377 [INFO] ThirdParty:1030 - CMSIS Pack Vendor :STMicroelectronics X-CUBE-NFC4 3.0.0
2025-10-15 10:39:03,377 [INFO] ThirdParty:1030 - CMSIS Pack Vendor :STMicroelectronics X-CUBE-SUBG2 5.0.0
2025-10-15 10:39:03,377 [INFO] ThirdParty:1030 - CMSIS Pack Vendor :STMicroelectronics X-CUBE-AZRTOS-H7RS 1.1.0
2025-10-15 10:39:03,377 [INFO] ThirdParty:1030 - CMSIS Pack Vendor :STMicroelectronics STM32_WPAN 1.0.0
2025-10-15 10:39:03,377 [INFO] ThirdParty:1030 - CMSIS Pack Vendor :EmbeddedOffice I-CUBE-FS-RTOS 1.0.1
2025-10-15 10:39:03,377 [INFO] ThirdParty:1030 - CMSIS Pack Vendor :STMicroelectronics lwIP 2.0.3
2025-10-15 10:39:03,377 [INFO] ThirdParty:1030 - CMSIS Pack Vendor :Cesanta I-CUBE-Mongoose 7.13.0
2025-10-15 10:39:03,377 [INFO] ThirdParty:1030 - CMSIS Pack Vendor :STMicroelectronics USB_HOST 1.0.0
2025-10-15 10:39:03,377 [INFO] ThirdParty:1030 - CMSIS Pack Vendor :STMicroelectronics X-CUBE-AZRTOS-G4 2.0.0
2025-10-15 10:39:03,377 [INFO] ThirdParty:1030 - CMSIS Pack Vendor :STMicroelectronics X-CUBE-WB05N 2.0.0
2025-10-15 10:39:03,377 [INFO] ThirdParty:1030 - CMSIS Pack Vendor :STMicroelectronics PDM2PCM 3.1.0
2025-10-15 10:39:03,377 [INFO] ThirdParty:1030 - CMSIS Pack Vendor :STMicroelectronics X-CUBE-NFC7 2.0.0
2025-10-15 10:39:03,377 [INFO] ThirdParty:1030 - CMSIS Pack Vendor :STMicroelectronics X-CUBE-TCPP 4.2.0
2025-10-15 10:39:03,377 [INFO] ThirdParty:1030 - CMSIS Pack Vendor :RealThread X-CUBE-RT-Thread_Nano 4.1.1
2025-10-15 10:39:03,377 [INFO] ThirdParty:1030 - CMSIS Pack Vendor :STMicroelectronics FP-ATR-SIGFOX1 3.2.0
2025-10-15 10:39:03,377 [INFO] ThirdParty:1030 - CMSIS Pack Vendor :wolfSSL I-CUBE-wolfSSL 5.7.2
2025-10-15 10:39:03,377 [INFO] ThirdParty:1030 - CMSIS Pack Vendor :quantropi X-CUBE-qispace-sdk-base 1.9.3
2025-10-15 10:39:03,377 [INFO] ThirdParty:1030 - CMSIS Pack Vendor :STMicroelectronics X-CUBE-EEPRMA1 5.1.0
2025-10-15 10:39:03,377 [INFO] ThirdParty:1030 - CMSIS Pack Vendor :STMicroelectronics MBEDTLS 2.16.2
2025-10-15 10:39:03,377 [INFO] ThirdParty:1030 - CMSIS Pack Vendor :STMicroelectronics X-CUBE-IPS 3.1.0
2025-10-15 10:39:03,377 [INFO] ThirdParty:1030 - CMSIS Pack Vendor :STMicroelectronics X-CUBE-ALS 1.0.2
2025-10-15 10:39:03,377 [INFO] ThirdParty:1030 - CMSIS Pack Vendor :ITTIA_DB I-CUBE-ITTIADB 8.9.0
2025-10-15 10:39:03,377 [INFO] ThirdParty:1030 - CMSIS Pack Vendor :STMicroelectronics X-CUBE-TOUCHGFX 4.24.2
2025-10-15 10:39:03,377 [INFO] ThirdParty:1030 - CMSIS Pack Vendor :STMicroelectronics X-CUBE-TOUCHGFX 4.24.1
2025-10-15 10:39:03,378 [INFO] ThirdParty:1030 - CMSIS Pack Vendor :STMicroelectronics X-CUBE-STSE01 1.0.0
2025-10-15 10:39:03,378 [INFO] ThirdParty:1030 - CMSIS Pack Vendor :wolfSSL I-CUBE-wolfTPM 3.4.0
2025-10-15 10:39:03,378 [INFO] ThirdParty:1030 - CMSIS Pack Vendor :portGmbH I-Cube-SoM-uGOAL 1.1.0
2025-10-15 10:39:03,378 [INFO] ThirdParty:1030 - CMSIS Pack Vendor :STMicroelectronics X-CUBE-ST67W61 1.0.0
2025-10-15 10:39:03,378 [INFO] ThirdParty:1030 - CMSIS Pack Vendor :STMicroelectronics X-CUBE-AI 10.2.0
2025-10-15 10:39:03,378 [INFO] ThirdParty:1030 - CMSIS Pack Vendor :STMicroelectronics ThreadX 1.0.0
2025-10-15 10:39:03,378 [INFO] ThirdParty:1030 - CMSIS Pack Vendor :SEGGER I-CUBE-embOS 1.3.1
2025-10-15 10:39:03,378 [INFO] ThirdParty:1030 - CMSIS Pack Vendor :STMicroelectronics X-CUBE-ALGOBUILD 1.4.0
2025-10-15 10:39:03,378 [INFO] ThirdParty:1030 - CMSIS Pack Vendor :STMicroelectronics X-CUBE-MEMS1 11.3.0
2025-10-15 10:39:03,378 [INFO] ThirdParty:1030 - CMSIS Pack Vendor :STMicroelectronics X-CUBE-AZRTOS-H7RS 1.0.0
2025-10-15 10:39:03,378 [INFO] ThirdParty:1030 - CMSIS Pack Vendor :STMicroelectronics FP-ATR-ASTRA1 2.0.0
2025-10-15 10:39:03,378 [INFO] ThirdParty:1030 - CMSIS Pack Vendor :STMicroelectronics X-CUBE-TOF1 3.4.2
2025-10-15 10:39:03,378 [INFO] ThirdParty:1030 - CMSIS Pack Vendor :STMicroelectronics X-CUBE-TOF1 3.4.3
2025-10-15 10:39:03,378 [INFO] ThirdParty:1030 - CMSIS Pack Vendor :STMicroelectronics X-CUBE-AI 9.1.0
2025-10-15 10:39:03,378 [INFO] ThirdParty:1030 - CMSIS Pack Vendor :Infineon AIROC-Wi-Fi-Bluetooth-STM32 1.6.1
2025-10-15 10:39:03,378 [INFO] ThirdParty:1030 - CMSIS Pack Vendor :wolfSSL I-CUBE-wolfSSH 1.4.17
2025-10-15 10:39:03,378 [INFO] ThirdParty:841 - exiting critical section [change project]
2025-10-15 10:39:04,091 [INFO] PinOutPanel:1589 - setPackage(No Configuration,No Configuration)
2025-10-15 10:39:04,093 [INFO] PinOutPanel:1589 - setPackage(STM32H755ZITx,LQFP144)
2025-10-15 10:39:04,700 [INFO] UtilMem:75 - Before build in PCC Used Memory: 957715968 Bytes (1073741824)
2025-10-15 10:39:05,714 [INFO] UtilMem:75 - After build in PCC Used Memory: 834263648 Bytes (1073741824)
2025-10-15 10:39:05,766 [INFO] IPUIPlugin:80 - create IPUIPlugin
2025-10-15 10:39:05,766 [INFO] IPUIPlugin:80 - create IPUIPlugin
2025-10-15 10:39:05,766 [INFO] IPUIPlugin:80 - create IPUIPlugin
2025-10-15 10:39:05,766 [INFO] IPUIPlugin:80 - create IPUIPlugin
2025-10-15 10:39:05,766 [INFO] IPUIPlugin:80 - create IPUIPlugin
2025-10-15 10:39:05,766 [INFO] IPUIPlugin:80 - create IPUIPlugin
2025-10-15 10:39:05,767 [INFO] IPUIPlugin:80 - create IPUIPlugin
2025-10-15 10:39:05,767 [INFO] IPUIPlugin:80 - create IPUIPlugin
2025-10-15 10:39:05,767 [INFO] IPUIPlugin:80 - create IPUIPlugin
2025-10-15 10:39:05,767 [INFO] IPUIPlugin:80 - create IPUIPlugin
2025-10-15 10:39:05,767 [INFO] IPUIPlugin:80 - create IPUIPlugin
2025-10-15 10:39:05,767 [INFO] IPUIPlugin:80 - create IPUIPlugin
2025-10-15 10:39:05,767 [INFO] IPUIPlugin:80 - create IPUIPlugin
2025-10-15 10:39:05,767 [INFO] IPUIPlugin:80 - create IPUIPlugin
2025-10-15 10:39:05,767 [INFO] IPUIPlugin:80 - create IPUIPlugin
2025-10-15 10:39:05,768 [INFO] IPUIPlugin:80 - create IPUIPlugin
2025-10-15 10:39:05,768 [INFO] IPUIPlugin:80 - create IPUIPlugin
2025-10-15 10:39:05,768 [INFO] IPUIPlugin:80 - create IPUIPlugin
2025-10-15 10:39:05,768 [INFO] IPUIPlugin:80 - create IPUIPlugin
2025-10-15 10:39:05,768 [INFO] IPUIPlugin:80 - create IPUIPlugin
2025-10-15 10:39:05,768 [INFO] IPUIPlugin:80 - create IPUIPlugin
2025-10-15 10:39:05,768 [INFO] IPUIPlugin:80 - create IPUIPlugin
2025-10-15 10:39:05,768 [INFO] IPUIPlugin:80 - create IPUIPlugin
2025-10-15 10:39:05,768 [INFO] IPUIPlugin:80 - create IPUIPlugin
2025-10-15 10:39:05,768 [INFO] IPUIPlugin:80 - create IPUIPlugin
2025-10-15 10:39:05,768 [INFO] IPUIPlugin:80 - create IPUIPlugin
2025-10-15 10:39:05,768 [INFO] IPUIPlugin:80 - create IPUIPlugin
2025-10-15 10:39:05,770 [INFO] IPUIPlugin:80 - create IPUIPlugin
2025-10-15 10:39:05,770 [INFO] IPUIPlugin:80 - create IPUIPlugin
2025-10-15 10:39:05,770 [INFO] IPUIPlugin:80 - create IPUIPlugin
2025-10-15 10:39:05,770 [INFO] IPUIPlugin:80 - create IPUIPlugin
2025-10-15 10:39:05,770 [INFO] IPUIPlugin:80 - create IPUIPlugin
2025-10-15 10:39:05,770 [INFO] IPUIPlugin:80 - create IPUIPlugin
2025-10-15 10:39:05,770 [INFO] IPUIPlugin:80 - create IPUIPlugin
2025-10-15 10:39:05,770 [INFO] IPUIPlugin:80 - create IPUIPlugin
2025-10-15 10:39:05,771 [INFO] IPUIPlugin:80 - create IPUIPlugin
2025-10-15 10:39:05,771 [INFO] IPUIPlugin:80 - create IPUIPlugin
2025-10-15 10:39:05,771 [INFO] IPUIPlugin:80 - create IPUIPlugin
2025-10-15 10:39:05,771 [INFO] IPUIPlugin:80 - create IPUIPlugin
2025-10-15 10:39:05,772 [INFO] IPUIPlugin:80 - create IPUIPlugin
2025-10-15 10:39:05,772 [INFO] IPUIPlugin:80 - create IPUIPlugin
2025-10-15 10:39:05,772 [INFO] IPUIPlugin:80 - create IPUIPlugin
2025-10-15 10:39:05,772 [INFO] IPUIPlugin:80 - create IPUIPlugin
2025-10-15 10:39:05,773 [INFO] IPUIPlugin:80 - create IPUIPlugin
2025-10-15 10:39:05,773 [INFO] IPUIPlugin:80 - create IPUIPlugin
2025-10-15 10:39:05,773 [INFO] IPUIPlugin:80 - create IPUIPlugin
2025-10-15 10:39:05,773 [INFO] IPUIPlugin:80 - create IPUIPlugin
2025-10-15 10:39:05,773 [INFO] IPUIPlugin:80 - create IPUIPlugin
2025-10-15 10:39:05,774 [INFO] IPUIPlugin:80 - create IPUIPlugin
2025-10-15 10:39:05,774 [INFO] IPUIPlugin:80 - create IPUIPlugin
2025-10-15 10:39:05,774 [INFO] IPUIPlugin:80 - create IPUIPlugin
2025-10-15 10:39:05,774 [INFO] IPUIPlugin:80 - create IPUIPlugin
2025-10-15 10:39:05,775 [INFO] IPUIPlugin:80 - create IPUIPlugin
2025-10-15 10:39:05,775 [INFO] IPUIPlugin:80 - create IPUIPlugin
2025-10-15 10:39:05,775 [INFO] IPUIPlugin:80 - create IPUIPlugin
2025-10-15 10:39:05,775 [INFO] IPUIPlugin:80 - create IPUIPlugin
2025-10-15 10:39:05,776 [INFO] IPUIPlugin:80 - create IPUIPlugin
2025-10-15 10:39:05,776 [INFO] IPUIPlugin:80 - create IPUIPlugin
2025-10-15 10:39:05,776 [INFO] IPUIPlugin:80 - create IPUIPlugin
2025-10-15 10:39:05,776 [INFO] IPUIPlugin:80 - create IPUIPlugin
2025-10-15 10:39:05,776 [INFO] IPUIPlugin:80 - create IPUIPlugin
2025-10-15 10:39:05,776 [INFO] IPUIPlugin:80 - create IPUIPlugin
2025-10-15 10:39:05,777 [INFO] IPUIPlugin:80 - create IPUIPlugin
2025-10-15 10:39:05,777 [INFO] IPUIPlugin:80 - create IPUIPlugin
2025-10-15 10:39:05,777 [INFO] IPUIPlugin:80 - create IPUIPlugin
2025-10-15 10:39:05,777 [INFO] IPUIPlugin:80 - create IPUIPlugin
2025-10-15 10:39:05,779 [INFO] IPUIPlugin:80 - create IPUIPlugin
2025-10-15 10:39:05,779 [INFO] IPUIPlugin:80 - create IPUIPlugin
2025-10-15 10:39:05,779 [INFO] IPUIPlugin:80 - create IPUIPlugin
2025-10-15 10:39:05,780 [INFO] IPUIPlugin:80 - create IPUIPlugin
2025-10-15 10:39:05,780 [INFO] IPUIPlugin:80 - create IPUIPlugin
2025-10-15 10:39:05,780 [INFO] IPUIPlugin:80 - create IPUIPlugin
2025-10-15 10:39:05,781 [INFO] IPUIPlugin:80 - create IPUIPlugin
2025-10-15 10:39:05,781 [INFO] IPUIPlugin:80 - create IPUIPlugin
2025-10-15 10:39:05,781 [INFO] IPUIPlugin:80 - create IPUIPlugin
2025-10-15 10:39:05,782 [INFO] IPUIPlugin:80 - create IPUIPlugin
2025-10-15 10:39:05,782 [INFO] IPUIPlugin:80 - create IPUIPlugin
2025-10-15 10:39:05,782 [INFO] IPUIPlugin:80 - create IPUIPlugin
2025-10-15 10:39:05,783 [INFO] IPUIPlugin:80 - create IPUIPlugin
2025-10-15 10:39:05,783 [INFO] IPUIPlugin:80 - create IPUIPlugin
2025-10-15 10:39:05,783 [INFO] IPUIPlugin:80 - create IPUIPlugin
2025-10-15 10:39:05,784 [INFO] IPUIPlugin:80 - create IPUIPlugin
2025-10-15 10:39:05,784 [INFO] IPUIPlugin:80 - create IPUIPlugin
2025-10-15 10:39:05,784 [INFO] IPUIPlugin:80 - create IPUIPlugin
2025-10-15 10:39:05,785 [INFO] IPUIPlugin:80 - create IPUIPlugin
2025-10-15 10:39:05,785 [INFO] IPUIPlugin:80 - create IPUIPlugin
2025-10-15 10:39:05,785 [INFO] IPUIPlugin:80 - create IPUIPlugin
2025-10-15 10:39:05,786 [INFO] IPUIPlugin:80 - create IPUIPlugin
2025-10-15 10:39:05,786 [INFO] IPUIPlugin:80 - create IPUIPlugin
2025-10-15 10:39:05,786 [INFO] IPUIPlugin:80 - create IPUIPlugin
2025-10-15 10:39:05,787 [INFO] IPUIPlugin:80 - create IPUIPlugin
2025-10-15 10:39:05,787 [INFO] IPUIPlugin:80 - create IPUIPlugin
2025-10-15 10:39:05,787 [INFO] IPUIPlugin:80 - create IPUIPlugin
2025-10-15 10:39:05,787 [INFO] IPUIPlugin:80 - create IPUIPlugin
2025-10-15 10:39:05,789 [INFO] IPUIPlugin:80 - create IPUIPlugin
2025-10-15 10:39:05,789 [INFO] IPUIPlugin:80 - create IPUIPlugin
2025-10-15 10:39:05,789 [INFO] IPUIPlugin:80 - create IPUIPlugin
2025-10-15 10:39:05,790 [INFO] IPUIPlugin:80 - create IPUIPlugin
2025-10-15 10:39:05,790 [INFO] IPUIPlugin:80 - create IPUIPlugin
2025-10-15 10:39:05,791 [INFO] IPUIPlugin:80 - create IPUIPlugin
2025-10-15 10:39:05,791 [INFO] IPUIPlugin:80 - create IPUIPlugin
2025-10-15 10:39:05,792 [INFO] IPUIPlugin:80 - create IPUIPlugin
2025-10-15 10:39:05,792 [INFO] IPUIPlugin:80 - create IPUIPlugin
2025-10-15 10:39:05,792 [INFO] IPUIPlugin:80 - create IPUIPlugin
2025-10-15 10:39:05,793 [INFO] IPUIPlugin:80 - create IPUIPlugin
2025-10-15 10:39:05,793 [INFO] IPUIPlugin:80 - create IPUIPlugin
2025-10-15 10:39:05,794 [INFO] IPUIPlugin:80 - create IPUIPlugin
2025-10-15 10:39:05,794 [INFO] IPUIPlugin:80 - create IPUIPlugin
2025-10-15 10:39:05,795 [INFO] IPUIPlugin:80 - create IPUIPlugin
2025-10-15 10:39:05,795 [INFO] IPUIPlugin:80 - create IPUIPlugin
2025-10-15 10:39:05,796 [INFO] IPUIPlugin:80 - create IPUIPlugin
2025-10-15 10:39:05,796 [INFO] IPUIPlugin:80 - create IPUIPlugin
2025-10-15 10:39:05,797 [INFO] IPUIPlugin:80 - create IPUIPlugin
2025-10-15 10:39:05,797 [INFO] IPUIPlugin:80 - create IPUIPlugin
2025-10-15 10:39:05,818 [INFO] ApiDbMcu:532 - Load IP Config File for PDM2PCM_M7
2025-10-15 10:39:05,822 [INFO] ApiDbMcu:532 - Load IP Config File for PDM2PCM_M4
2025-10-15 10:39:05,831 [WARN] IP:2250 - ClockDivider not found: check if there is a RefParameter without a condition.
2025-10-15 10:39:05,831 [WARN] IP:2250 - ClockDividerCCU not found: check if there is a RefParameter without a condition.
2025-10-15 10:39:05,831 [WARN] IP:2250 - MinOscClkPeriodsCCU not found: check if there is a RefParameter without a condition.
2025-10-15 10:39:05,831 [WARN] IP:2250 - TimeQuantaPerBitTimeCCU not found: check if there is a RefParameter without a condition.
2025-10-15 10:39:05,831 [WARN] IP:2250 - WatchdogStartValueCCU not found: check if there is a RefParameter without a condition.
2025-10-15 10:39:05,840 [INFO] LogOutputStream:77 - [STDOUT_REDIRECT] Nominal 
2025-10-15 10:39:05,840 [INFO] Can:71 - Can Add PropertyChangeListener com.st.microxplorer.plugins.ip.can.Can@1a12ee4a
2025-10-15 10:39:06,070 [INFO] CADModel:165 - CPN selected for project levelSTM32H755ZIT6
2025-10-15 10:39:06,070 [INFO] CADModel:114 - Register for checkConnection events
2025-10-15 10:39:06,111 [INFO] OpenFileManager:386 - Restore cursor
2025-10-15 10:39:06,323 [WARN] IP:2250 - ClockDivider not found: check if there is a RefParameter without a condition.
2025-10-15 10:39:06,323 [WARN] IP:2250 - ClockDividerCCU not found: check if there is a RefParameter without a condition.
2025-10-15 10:39:06,323 [WARN] IP:2250 - MinOscClkPeriodsCCU not found: check if there is a RefParameter without a condition.
2025-10-15 10:39:06,323 [WARN] IP:2250 - TimeQuantaPerBitTimeCCU not found: check if there is a RefParameter without a condition.
2025-10-15 10:39:06,323 [WARN] IP:2250 - WatchdogStartValueCCU not found: check if there is a RefParameter without a condition.
2025-10-15 10:41:08,872 [INFO] MainUpdater:2872 - connection check result : 10
2025-10-15 10:41:08,872 [INFO] MainUpdater:2872 - connection check result : 10
2025-10-15 10:41:09,078 [INFO] LogOutputStream:77 - [STDOUT_REDIRECT] Nominal 
2025-10-15 10:41:09,084 [INFO] MicroXplorer:468 - Change Database Path : 
2025-10-15 10:41:09,085 [INFO] MicroXplorer:498 - Change Database Version : DB.6.0.150
2025-10-15 10:41:09,129 [ERROR] ProjectManagerView:395 - 
java.lang.NullPointerException: Cannot invoke "javax.swing.JTextField.getText()" because the return value of "java.util.List.get(int)" is null
	at com.st.microxplorer.plugins.projectmanager.gui.ProjectChoiceTab$9.caretUpdate(ProjectChoiceTab.java:2706) ~[filemanager.jar:?]
	at javax.swing.text.JTextComponent.fireCaretUpdate(JTextComponent.java:408) ~[?:?]
	at javax.swing.text.JTextComponent$MutableCaretEvent.fire(JTextComponent.java:4484) ~[?:?]
	at javax.swing.text.JTextComponent$MutableCaretEvent.stateChanged(JTextComponent.java:4506) ~[?:?]
	at javax.swing.text.DefaultCaret.fireStateChanged(DefaultCaret.java:857) ~[?:?]
	at javax.swing.text.DefaultCaret.changeCaretPosition(DefaultCaret.java:1343) ~[?:?]
	at javax.swing.text.DefaultCaret.handleSetDot(DefaultCaret.java:1242) ~[?:?]
	at javax.swing.text.DefaultCaret.setDot(DefaultCaret.java:1223) ~[?:?]
	at javax.swing.text.DefaultCaret$Handler.insertUpdate(DefaultCaret.java:1819) ~[?:?]
	at javax.swing.text.AbstractDocument.fireInsertUpdate(AbstractDocument.java:227) ~[?:?]
	at javax.swing.text.AbstractDocument.handleInsertString(AbstractDocument.java:781) ~[?:?]
	at javax.swing.text.AbstractDocument.insertString(AbstractDocument.java:740) ~[?:?]
	at javax.swing.text.PlainDocument.insertString(PlainDocument.java:131) ~[?:?]
	at javax.swing.text.AbstractDocument.replace(AbstractDocument.java:699) ~[?:?]
	at javax.swing.text.JTextComponent.setText(JTextComponent.java:1725) ~[?:?]
	at com.st.microxplorer.plugins.projectmanager.gui.ProjectChoiceTab.createHeapStackFields(ProjectChoiceTab.java:993) ~[filemanager.jar:?]
	at com.st.microxplorer.plugins.projectmanager.gui.ProjectChoiceTab.buildLinkSettingsPanel(ProjectChoiceTab.java:3813) ~[filemanager.jar:?]
	at com.st.microxplorer.plugins.projectmanager.gui.ProjectChoiceTab.defineWindowsFields(ProjectChoiceTab.java:1987) ~[filemanager.jar:?]
	at com.st.microxplorer.plugins.projectmanager.gui.ProjectChoiceTab.updateSettings(ProjectChoiceTab.java:558) ~[filemanager.jar:?]
	at com.st.microxplorer.plugins.projectmanager.gui.ProjectSettingsPanel.UpdateDialog(ProjectSettingsPanel.java:247) ~[filemanager.jar:?]
	at com.st.microxplorer.plugins.projectmanager.ProjectManagerView.propertyChange(ProjectManagerView.java:392) ~[filemanager.jar:?]
	at java.beans.PropertyChangeSupport.fire(PropertyChangeSupport.java:343) ~[?:?]
	at java.beans.PropertyChangeSupport.firePropertyChange(PropertyChangeSupport.java:335) ~[?:?]
	at java.beans.PropertyChangeSupport.firePropertyChange(PropertyChangeSupport.java:268) ~[?:?]
	at com.st.microxplorer.util.MXPropertyChangeSupport.firePropertyChange(MXPropertyChangeSupport.java:54) ~[STM32CubeMX.jar:?]
	at com.st.microxplorer.mxsystem.MxSystem.closeConfig(MxSystem.java:899) ~[STM32CubeMX.jar:?]
	at com.st.microxplorer.maingui.MainPanel.closeConfig(MainPanel.java:792) ~[STM32CubeMX.jar:?]
	at com.st.microxplorer.plugins.filemanager.engine.OpenFileManager.loadConfigurationFile(OpenFileManager.java:288) ~[filemanager.jar:?]
	at com.st.microxplorer.plugins.filemanager.engine.MainFileManager.userLoadConfig(MainFileManager.java:364) ~[filemanager.jar:?]
	at com.st.microxplorer.plugins.filemanager.engine.MainFileManager.userLoadConfig(MainFileManager.java:342) ~[filemanager.jar:?]
	at com.st.microxplorer.plugins.filemanager.FileManagerView.getSpecificTask(FileManagerView.java:264) ~[filemanager.jar:?]
	at com.st.stm32cube.common.mx.editor.CubeMxEditor.getMxTabbedPaneInstance(CubeMxEditor.java:1198) ~[com.st.stm32cube.common.mx_6.15.0.202507011659/:?]
	at com.st.stm32cube.common.mx.editor.CubeMxEditor$12$1.createSwingComponent(CubeMxEditor.java:1068) ~[com.st.stm32cube.common.mx_6.15.0.202507011659/:?]
	at com.st.stm32cube.common.mx.oss.core.awtswtbridge.EmbeddedSwingComposite.doComponentCreation(EmbeddedSwingComposite.java:492) ~[com.st.stm32cube.common.mx.oss_6.15.0.202507011659/:?]
	at com.st.stm32cube.common.mx.oss.core.awtswtbridge.EmbeddedSwingComposite$4.run(EmbeddedSwingComposite.java:291) ~[com.st.stm32cube.common.mx.oss_6.15.0.202507011659/:?]
	at com.st.stm32cube.common.mx.oss.core.awtswtbridge.AwtEnvironment$2.run(AwtEnvironment.java:166) ~[com.st.stm32cube.common.mx.oss_6.15.0.202507011659/:?]
	at java.awt.event.InvocationEvent.dispatch(InvocationEvent.java:318) ~[?:?]
	at java.awt.EventQueue.dispatchEventImpl(EventQueue.java:773) ~[?:?]
	at java.awt.EventQueue$4.run(EventQueue.java:720) ~[?:?]
	at java.awt.EventQueue$4.run(EventQueue.java:714) ~[?:?]
	at java.security.AccessController.doPrivileged(AccessController.java:400) ~[?:?]
	at java.security.ProtectionDomain$JavaSecurityAccessImpl.doIntersectionPrivilege(ProtectionDomain.java:87) ~[?:?]
	at java.awt.EventQueue.dispatchEvent(EventQueue.java:742) ~[?:?]
	at java.awt.EventDispatchThread.pumpOneEventForFilters(EventDispatchThread.java:203) ~[?:?]
	at java.awt.EventDispatchThread.pumpEventsForFilter(EventDispatchThread.java:124) ~[?:?]
	at java.awt.EventDispatchThread.pumpEventsForHierarchy(EventDispatchThread.java:113) ~[?:?]
	at java.awt.EventDispatchThread.pumpEvents(EventDispatchThread.java:109) ~[?:?]
	at java.awt.EventDispatchThread.pumpEvents(EventDispatchThread.java:101) ~[?:?]
	at java.awt.EventDispatchThread.run(EventDispatchThread.java:90) ~[?:?]
2025-10-15 10:41:09,151 [WARN] ThirdParty:871 - waiting for thirdparty lock release [close project]
2025-10-15 10:41:09,151 [INFO] ThirdParty:873 - entering critical section [close project]
2025-10-15 10:41:09,151 [INFO] ThirdParty:883 - exiting critical section [close project]
2025-10-15 10:41:09,155 [INFO] PinOutPanel:1589 - setPackage(No Configuration,No Configuration)
2025-10-15 10:41:09,191 [WARN] IpParametersView:155 - Warning: This peripheral hasn't parameters
2025-10-15 10:41:09,225 [WARN] MainPanel:289 - <html><b><center>Warning: This peripheral has no parameters to be configured<br></b></html>
2025-10-15 10:41:09,239 [WARN] IpParametersView:155 - Warning: This peripheral hasn't parameters
2025-10-15 10:41:09,256 [WARN] MainPanel:289 - <html><b><center>Warning: This peripheral has no parameters to be configured<br></b></html>
2025-10-15 10:41:09,275 [INFO] UtilMem:75 - Begin LoadConfig() Used Memory: 924685000 Bytes (1073741824)
2025-10-15 10:41:09,276 [INFO] MicroXplorer:468 - Change Database Path : 
2025-10-15 10:41:09,276 [INFO] MicroXplorer:498 - Change Database Version : DB.6.0.150
2025-10-15 10:41:09,276 [INFO] OpenFileManager:355 - Change cursor
2025-10-15 10:41:09,286 [INFO] Mcu:2029 - Initializing MCU STM32G431R(6-8-B)Tx STM32G431RBTx STM32G431RBT6
2025-10-15 10:41:11,831 [INFO] Context:786 - Trying to add GPIOservice into a context  which must be forbidden
2025-10-15 10:41:12,594 [INFO] ApiDbMcu:532 - Load IP Config File for NUCLEO-G431RB
2025-10-15 10:41:12,741 [INFO] ImportTextPane:234 - (OptionalMessage_ERROR) Pin15 (VP_RIF_VS_RIF1) cannot be retrieved for this MCU
2025-10-15 10:41:12,960 [INFO] RtosManager:558 - Registered RTOS mode: class=CMSIS, group=RTOS, mode=CMSIS_V1, owner=FREERTOS
2025-10-15 10:41:12,960 [INFO] RtosManager:558 - Registered RTOS mode: class=CMSIS, group=RTOS2, mode=CMSIS_V2, owner=FREERTOS
2025-10-15 10:41:12,960 [INFO] RtosManager:558 - Registered RTOS mode: class=RTOS, group=Core, mode=CMSIS_V1, owner=FREERTOS
2025-10-15 10:41:12,960 [INFO] RtosManager:558 - Registered RTOS mode: class=RTOS, group=Core, mode=CMSIS_V2, owner=FREERTOS
2025-10-15 10:41:12,960 [WARN] ModelIntegratedComponent:184 - Missing modes for component STMicroelectronics:FreeRTOS:0.0.1:STMicroelectronics:RTOS:FreeRTOS:Core:::10.2.0:
2025-10-15 10:41:12,964 [WARN] ModelIntegratedComponent:63 - No mode defined for component null
2025-10-15 10:41:12,964 [WARN] ModelIntegratedComponent:63 - No mode defined for component null
2025-10-15 10:41:12,964 [WARN] ModelIntegratedComponent:63 - No mode defined for component null
2025-10-15 10:41:12,964 [WARN] ModelIntegratedComponent:63 - No mode defined for component null
2025-10-15 10:41:12,964 [WARN] ModelIntegratedComponent:63 - No mode defined for component null
2025-10-15 10:41:12,964 [WARN] ModelIntegratedComponent:63 - No mode defined for component null
2025-10-15 10:41:12,965 [WARN] ModelIntegratedComponent:63 - No mode defined for component null
2025-10-15 10:41:12,965 [WARN] ModelIntegratedComponent:63 - No mode defined for component null
2025-10-15 10:41:12,965 [WARN] ModelIntegratedComponent:63 - No mode defined for component null
2025-10-15 10:41:12,965 [WARN] ModelIntegratedComponent:63 - No mode defined for component null
2025-10-15 10:41:12,965 [WARN] ModelIntegratedComponent:63 - No mode defined for component null
2025-10-15 10:41:12,965 [WARN] ModelIntegratedComponent:63 - No mode defined for component null
2025-10-15 10:41:12,965 [WARN] ModelIntegratedComponent:63 - No mode defined for component null
2025-10-15 10:41:12,965 [WARN] ModelIntegratedComponent:63 - No mode defined for component null
2025-10-15 10:41:12,965 [WARN] ModelIntegratedComponent:63 - No mode defined for component null
2025-10-15 10:41:12,965 [WARN] ModelIntegratedComponent:63 - No mode defined for component null
2025-10-15 10:41:12,965 [WARN] ModelIntegratedComponent:63 - No mode defined for component null
2025-10-15 10:41:12,965 [WARN] ModelIntegratedComponent:63 - No mode defined for component null
2025-10-15 10:41:12,966 [WARN] ModelIntegratedComponent:63 - No mode defined for component null
2025-10-15 10:41:12,966 [WARN] ModelIntegratedComponent:63 - No mode defined for component null
2025-10-15 10:41:12,966 [WARN] ModelIntegratedComponent:63 - No mode defined for component null
2025-10-15 10:41:12,966 [WARN] ModelIntegratedComponent:63 - No mode defined for component null
2025-10-15 10:41:12,966 [WARN] ModelIntegratedComponent:63 - No mode defined for component null
2025-10-15 10:41:12,966 [WARN] ModelIntegratedComponent:63 - No mode defined for component null
2025-10-15 10:41:12,966 [WARN] ModelIntegratedComponent:63 - No mode defined for component null
2025-10-15 10:41:12,966 [WARN] ModelIntegratedComponent:63 - No mode defined for component null
2025-10-15 10:41:12,966 [WARN] ModelIntegratedComponent:63 - No mode defined for component null
2025-10-15 10:41:12,966 [WARN] ModelIntegratedComponent:63 - No mode defined for component null
2025-10-15 10:41:12,967 [WARN] ModelIntegratedComponent:63 - No mode defined for component null
2025-10-15 10:41:12,967 [WARN] ModelIntegratedComponent:63 - No mode defined for component null
2025-10-15 10:41:12,967 [WARN] ModelIntegratedComponent:63 - No mode defined for component null
2025-10-15 10:41:12,967 [WARN] ModelIntegratedComponent:63 - No mode defined for component null
2025-10-15 10:41:12,967 [WARN] ModelIntegratedComponent:63 - No mode defined for component null
2025-10-15 10:41:12,967 [WARN] ModelIntegratedComponent:63 - No mode defined for component null
2025-10-15 10:41:12,967 [WARN] ModelIntegratedComponent:63 - No mode defined for component null
2025-10-15 10:41:12,967 [WARN] ModelPack:524 - Component already loaded: STMicroelectronics:HAL Drivers:0.0.0:STMicroelectronics:Device:STMicro_Driver:XSPI:HAL::0.0.1:HAL_XSPI
2025-10-15 10:41:13,150 [INFO] ThirdPartyModel:298 - Start build external matchings
2025-10-15 10:41:14,299 [INFO] ThirdPartyModel:316 - End build external matchings
2025-10-15 10:41:14,328 [WARN] IP:2250 - MessageRAMOffset not found: check if there is a RefParameter without a condition.
2025-10-15 10:41:14,329 [WARN] IP:2250 - RxFifo0ElmtsNbr not found: check if there is a RefParameter without a condition.
2025-10-15 10:41:14,329 [WARN] IP:2250 - RxFifo0ElmtSize not found: check if there is a RefParameter without a condition.
2025-10-15 10:41:14,329 [WARN] IP:2250 - RxFifo1ElmtsNbr not found: check if there is a RefParameter without a condition.
2025-10-15 10:41:14,329 [WARN] IP:2250 - RxFifo1ElmtSize not found: check if there is a RefParameter without a condition.
2025-10-15 10:41:14,329 [WARN] IP:2250 - RxBuffersNbr not found: check if there is a RefParameter without a condition.
2025-10-15 10:41:14,329 [WARN] IP:2250 - RxBufferSize not found: check if there is a RefParameter without a condition.
2025-10-15 10:41:14,329 [WARN] IP:2250 - TxEventsNbr not found: check if there is a RefParameter without a condition.
2025-10-15 10:41:14,329 [WARN] IP:2250 - TxBuffersNbr not found: check if there is a RefParameter without a condition.
2025-10-15 10:41:14,329 [WARN] IP:2250 - TxFifoQueueElmtsNbr not found: check if there is a RefParameter without a condition.
2025-10-15 10:41:14,329 [WARN] IP:2250 - TxElmtSize not found: check if there is a RefParameter without a condition.
2025-10-15 10:41:14,329 [WARN] IP:2250 - ClockCalibrationCCU not found: check if there is a RefParameter without a condition.
2025-10-15 10:41:14,330 [WARN] IP:2250 - ClockDividerCCU not found: check if there is a RefParameter without a condition.
2025-10-15 10:41:14,330 [WARN] IP:2250 - MinOscClkPeriodsCCU not found: check if there is a RefParameter without a condition.
2025-10-15 10:41:14,330 [WARN] IP:2250 - TimeQuantaPerBitTimeCCU not found: check if there is a RefParameter without a condition.
2025-10-15 10:41:14,330 [WARN] IP:2250 - WatchdogStartValueCCU not found: check if there is a RefParameter without a condition.
2025-10-15 10:41:14,630 [INFO] UtilMem:75 - End LoadConfig() Used Memory: 791546720 Bytes (1073741824)
2025-10-15 10:41:14,747 [WARN] ThirdParty:833 - waiting for thirdparty lock release [change project]
2025-10-15 10:41:14,748 [INFO] ThirdParty:835 - entering critical section [change project]
2025-10-15 10:41:14,748 [INFO] ThirdParty:1030 - CMSIS Pack Vendor :STMicroelectronics X-CUBE-PM33A1 1.0.0
2025-10-15 10:41:14,748 [INFO] ThirdParty:1030 - CMSIS Pack Vendor :STMicroelectronics USBPD 4.1
2025-10-15 10:41:14,748 [INFO] ThirdParty:1030 - CMSIS Pack Vendor :STMicroelectronics USB_HOST 2.0.0
2025-10-15 10:41:14,748 [INFO] ThirdParty:1030 - CMSIS Pack Vendor :STMicroelectronics FP-SNS-MOTENVWB1 1.4.0
2025-10-15 10:41:14,748 [INFO] ThirdParty:1030 - CMSIS Pack Vendor :STMicroelectronics X-CUBE-AZRTOS-F4 1.1.0
2025-10-15 10:41:14,748 [INFO] ThirdParty:1030 - CMSIS Pack Vendor :STMicroelectronics LIBJPEG 8.0.0
2025-10-15 10:41:14,748 [INFO] ThirdParty:1030 - CMSIS Pack Vendor :STMicroelectronics FP-ATR-ASTRA1 2.0.2
2025-10-15 10:41:14,748 [INFO] ThirdParty:1030 - CMSIS Pack Vendor :STMicroelectronics FP-ATR-ASTRA1 2.0.1
2025-10-15 10:41:14,748 [INFO] ThirdParty:1030 - CMSIS Pack Vendor :Avnet-IotConnect X-CUBE-IoTC-DA16k-PMOD 1.0.0
2025-10-15 10:41:14,748 [INFO] ThirdParty:1030 - CMSIS Pack Vendor :STMicroelectronics X-CUBE-SMBUS 2.1.0
2025-10-15 10:41:14,748 [INFO] ThirdParty:1030 - CMSIS Pack Vendor :STMicroelectronics X-CUBE-WB05N 1.1.0
2025-10-15 10:41:14,748 [INFO] ThirdParty:1030 - CMSIS Pack Vendor :STMicroelectronics X-CUBE-ISPU 2.1.0
2025-10-15 10:41:14,748 [INFO] ThirdParty:1030 - CMSIS Pack Vendor :STMicroelectronics X-CUBE-IPS 3.2.0
2025-10-15 10:41:14,748 [INFO] ThirdParty:1030 - CMSIS Pack Vendor :STMicroelectronics X-CUBE-FREERTOS 1.2.0
2025-10-15 10:41:14,748 [INFO] ThirdParty:1030 - CMSIS Pack Vendor :STMicroelectronics X-CUBE-ST60 1.0.0
2025-10-15 10:41:14,748 [INFO] ThirdParty:1030 - CMSIS Pack Vendor :STMicroelectronics X-CUBE-NFC12 1.0.0
2025-10-15 10:41:14,748 [INFO] ThirdParty:1030 - CMSIS Pack Vendor :STMicroelectronics X-CUBE-AZRTOS-F7 1.1.0
2025-10-15 10:41:14,749 [INFO] ThirdParty:1030 - CMSIS Pack Vendor :STMicroelectronics X-CUBE-AZRTOS-L5 2.0.0
2025-10-15 10:41:14,749 [INFO] ThirdParty:1030 - CMSIS Pack Vendor :STMicroelectronics USB_DEVICE 2.0.0
2025-10-15 10:41:14,749 [INFO] ThirdParty:1030 - CMSIS Pack Vendor :STMicroelectronics X-CUBE-NFC6 3.1.0
2025-10-15 10:41:14,749 [INFO] ThirdParty:1030 - CMSIS Pack Vendor :STMicroelectronics X-CUBE-MEMS1 11.0.0
2025-10-15 10:41:14,749 [INFO] ThirdParty:1030 - CMSIS Pack Vendor :STMicroelectronics FreeRTOS 0.0.1
2025-10-15 10:41:14,749 [INFO] ThirdParty:1030 - CMSIS Pack Vendor :STMicroelectronics X-CUBE-DPower 1.2.0
2025-10-15 10:41:14,749 [INFO] ThirdParty:1030 - CMSIS Pack Vendor :STMicroelectronics FP-SNS-FLIGHT1 5.0.2
2025-10-15 10:41:14,749 [INFO] ThirdParty:1030 - CMSIS Pack Vendor :STMicroelectronics PDM2PCM 3.3.0
2025-10-15 10:41:14,749 [INFO] ThirdParty:1030 - CMSIS Pack Vendor :STMicroelectronics X-CUBE-AZRTOS-H7 3.4.0
2025-10-15 10:41:14,749 [INFO] ThirdParty:1030 - CMSIS Pack Vendor :STMicroelectronics X-CUBE-DISPLAY 3.0.0
2025-10-15 10:41:14,749 [INFO] ThirdParty:1030 - CMSIS Pack Vendor :STMicroelectronics X-CUBE-BLE1 7.0.0
2025-10-15 10:41:14,749 [INFO] ThirdParty:1030 - CMSIS Pack Vendor :STMicroelectronics X-CUBE-NFC10 1.0.0
2025-10-15 10:41:14,749 [INFO] ThirdParty:1030 - CMSIS Pack Vendor :STMicroelectronics X-CUBE-BLEMGR 4.0.0
2025-10-15 10:41:14,749 [INFO] ThirdParty:1030 - CMSIS Pack Vendor :STMicroelectronics X-CUBE-FREERTOS 1.3.1
2025-10-15 10:41:14,749 [INFO] ThirdParty:1030 - CMSIS Pack Vendor :STMicroelectronics HAL Drivers 0.0.0
2025-10-15 10:41:14,749 [INFO] ThirdParty:1030 - CMSIS Pack Vendor :emotas I-CUBE-CANOPEN 1.3.0
2025-10-15 10:41:14,749 [INFO] ThirdParty:1030 - CMSIS Pack Vendor :STMicroelectronics X-CUBE-FREERTOS 1.3.0
2025-10-15 10:41:14,749 [INFO] ThirdParty:1030 - CMSIS Pack Vendor :STMicroelectronics X-CUBE-NFC7 1.0.1
2025-10-15 10:41:14,750 [INFO] ThirdParty:1030 - CMSIS Pack Vendor :STMicroelectronics MBEDTLS 2.14.1
2025-10-15 10:41:14,750 [INFO] ThirdParty:1030 - CMSIS Pack Vendor :STMicroelectronics X-CUBE-TOUCHGFX 4.26.0
2025-10-15 10:41:14,750 [INFO] ThirdParty:1030 - CMSIS Pack Vendor :STMicroelectronics X-CUBE-BLEMGR 3.1.0
2025-10-15 10:41:14,750 [INFO] ThirdParty:1030 - CMSIS Pack Vendor :STMicroelectronics X-CUBE-AI 10.0.0
2025-10-15 10:41:14,750 [INFO] ThirdParty:1030 - CMSIS Pack Vendor :STMicroelectronics FP-SNS-STBOX1 2.1.0
2025-10-15 10:41:14,750 [INFO] ThirdParty:1030 - CMSIS Pack Vendor :STMicroelectronics FP-SNS-STAIOTCFT 1.0.0
2025-10-15 10:41:14,750 [INFO] ThirdParty:1030 - CMSIS Pack Vendor :STMicroelectronics FP-SNS-SMARTAG2 1.2.0
2025-10-15 10:41:14,750 [INFO] ThirdParty:1030 - CMSIS Pack Vendor :STMicroelectronics FP-SNS-FLIGHT1 5.1.0
2025-10-15 10:41:14,750 [INFO] ThirdParty:1030 - CMSIS Pack Vendor :STMicroelectronics X-CUBE-MEMS1 11.1.0
2025-10-15 10:41:14,750 [INFO] ThirdParty:1030 - CMSIS Pack Vendor :STMicroelectronics X-CUBE-AZRTOS-WL 2.0.0
2025-10-15 10:41:14,750 [INFO] ThirdParty:1030 - CMSIS Pack Vendor :STMicroelectronics X-CUBE-DPower 1.3.0
2025-10-15 10:41:14,750 [INFO] ThirdParty:1030 - CMSIS Pack Vendor :STMicroelectronics FP-SNS-MOTENV1 5.0.0
2025-10-15 10:41:14,750 [INFO] ThirdParty:1030 - CMSIS Pack Vendor :STMicroelectronics USB_DEVICE 1.0.0
2025-10-15 10:41:14,750 [INFO] ThirdParty:1030 - CMSIS Pack Vendor :wolfSSL I-CUBE-wolfMQTT 1.19.0
2025-10-15 10:41:14,750 [INFO] ThirdParty:1030 - CMSIS Pack Vendor :STMicroelectronics X-CUBE-AZRTOS-L4 2.0.0
2025-10-15 10:41:14,750 [INFO] ThirdParty:1030 - CMSIS Pack Vendor :STMicroelectronics ThreadX 0.0.2
2025-10-15 10:41:14,750 [INFO] ThirdParty:1030 - CMSIS Pack Vendor :WES I-CUBE-Cesium 1.3.0
2025-10-15 10:41:14,750 [INFO] ThirdParty:1030 - CMSIS Pack Vendor :STMicroelectronics lwIP 2.1.2
2025-10-15 10:41:14,750 [INFO] ThirdParty:1030 - CMSIS Pack Vendor :STMicroelectronics X-CUBE-SFXS2LP1 4.0.0
2025-10-15 10:41:14,750 [INFO] ThirdParty:1030 - CMSIS Pack Vendor :STMicroelectronics X-CUBE-BLE2 3.3.0
2025-10-15 10:41:14,751 [INFO] ThirdParty:1030 - CMSIS Pack Vendor :STMicroelectronics PDM2PCM 3.2.0
2025-10-15 10:41:14,751 [INFO] ThirdParty:1030 - CMSIS Pack Vendor :STMicroelectronics X-CUBE-AZRTOS-H7 3.3.0
2025-10-15 10:41:14,751 [INFO] ThirdParty:1030 - CMSIS Pack Vendor :STMicroelectronics X-CUBE-NFC9 1.0.0
2025-10-15 10:41:14,751 [INFO] ThirdParty:1030 - CMSIS Pack Vendor :STMicroelectronics X-CUBE-BLE1 7.1.0
2025-10-15 10:41:14,751 [INFO] ThirdParty:1030 - CMSIS Pack Vendor :STMicroelectronics USB_DEVICE 3.0.0
2025-10-15 10:41:14,751 [INFO] ThirdParty:1030 - CMSIS Pack Vendor :STMicroelectronics X-CUBE-TCPP 4.1.0
2025-10-15 10:41:14,751 [INFO] ThirdParty:1030 - CMSIS Pack Vendor :STMicroelectronics X-CUBE-EEPRMA1 5.2.0
2025-10-15 10:41:14,751 [INFO] ThirdParty:1030 - CMSIS Pack Vendor :STMicroelectronics X-CUBE-BLEMGR 4.1.0
2025-10-15 10:41:14,751 [INFO] ThirdParty:1030 - CMSIS Pack Vendor :STMicroelectronics X-CUBE-IPS 3.0.0
2025-10-15 10:41:14,751 [INFO] ThirdParty:1030 - CMSIS Pack Vendor :STMicroelectronics X-CUBE-AZRTOS-WB 2.0.0
2025-10-15 10:41:14,751 [INFO] ThirdParty:1030 - CMSIS Pack Vendor :STMicroelectronics X-CUBE-GNSS1 7.0.0
2025-10-15 10:41:14,751 [INFO] ThirdParty:1030 - CMSIS Pack Vendor :STMicroelectronics X-CUBE-GNSS1 7.0.1
2025-10-15 10:41:14,751 [INFO] ThirdParty:1030 - CMSIS Pack Vendor :STMicroelectronics X-CUBE-TOUCHGFX 4.25.0
2025-10-15 10:41:14,751 [INFO] ThirdParty:1030 - CMSIS Pack Vendor :STMicroelectronics X-CUBE-ST67W61 1.1.0
2025-10-15 10:41:14,751 [INFO] ThirdParty:1030 - CMSIS Pack Vendor :STMicroelectronics X-CUBE-AI 10.1.0
2025-10-15 10:41:14,751 [INFO] ThirdParty:1030 - CMSIS Pack Vendor :STMicroelectronics FP-SNS-STBOX1 2.0.0
2025-10-15 10:41:14,752 [INFO] ThirdParty:1030 - CMSIS Pack Vendor :STMicroelectronics X-CUBE-MEMS1 11.2.0
2025-10-15 10:41:14,752 [INFO] ThirdParty:1030 - CMSIS Pack Vendor :STMicroelectronics X-CUBE-AZRTOS-G0 1.1.0
2025-10-15 10:41:14,752 [INFO] ThirdParty:1030 - CMSIS Pack Vendor :STMicroelectronics X-CUBE-SAFEA1 1.2.2
2025-10-15 10:41:14,752 [INFO] ThirdParty:1030 - CMSIS Pack Vendor :STMicroelectronics X-CUBE-NFC4 3.0.0
2025-10-15 10:41:14,752 [INFO] ThirdParty:1030 - CMSIS Pack Vendor :STMicroelectronics X-CUBE-SUBG2 5.0.0
2025-10-15 10:41:14,752 [INFO] ThirdParty:1030 - CMSIS Pack Vendor :STMicroelectronics X-CUBE-AZRTOS-H7RS 1.1.0
2025-10-15 10:41:14,752 [INFO] ThirdParty:1030 - CMSIS Pack Vendor :STMicroelectronics STM32_WPAN 1.0.0
2025-10-15 10:41:14,752 [INFO] ThirdParty:1030 - CMSIS Pack Vendor :EmbeddedOffice I-CUBE-FS-RTOS 1.0.1
2025-10-15 10:41:14,752 [INFO] ThirdParty:1030 - CMSIS Pack Vendor :STMicroelectronics lwIP 2.0.3
2025-10-15 10:41:14,752 [INFO] ThirdParty:1030 - CMSIS Pack Vendor :Cesanta I-CUBE-Mongoose 7.13.0
2025-10-15 10:41:14,752 [INFO] ThirdParty:1030 - CMSIS Pack Vendor :STMicroelectronics USB_HOST 1.0.0
2025-10-15 10:41:14,752 [INFO] ThirdParty:1030 - CMSIS Pack Vendor :STMicroelectronics X-CUBE-AZRTOS-G4 2.0.0
2025-10-15 10:41:14,752 [INFO] ThirdParty:1030 - CMSIS Pack Vendor :STMicroelectronics X-CUBE-WB05N 2.0.0
2025-10-15 10:41:14,752 [INFO] ThirdParty:1030 - CMSIS Pack Vendor :STMicroelectronics PDM2PCM 3.1.0
2025-10-15 10:41:14,752 [INFO] ThirdParty:1030 - CMSIS Pack Vendor :STMicroelectronics X-CUBE-NFC7 2.0.0
2025-10-15 10:41:14,752 [INFO] ThirdParty:1030 - CMSIS Pack Vendor :STMicroelectronics X-CUBE-TCPP 4.2.0
2025-10-15 10:41:14,752 [INFO] ThirdParty:1030 - CMSIS Pack Vendor :RealThread X-CUBE-RT-Thread_Nano 4.1.1
2025-10-15 10:41:14,752 [INFO] ThirdParty:1030 - CMSIS Pack Vendor :STMicroelectronics FP-ATR-SIGFOX1 3.2.0
2025-10-15 10:41:14,752 [INFO] ThirdParty:1030 - CMSIS Pack Vendor :wolfSSL I-CUBE-wolfSSL 5.7.2
2025-10-15 10:41:14,752 [INFO] ThirdParty:1030 - CMSIS Pack Vendor :quantropi X-CUBE-qispace-sdk-base 1.9.3
2025-10-15 10:41:14,753 [INFO] ThirdParty:1030 - CMSIS Pack Vendor :STMicroelectronics X-CUBE-EEPRMA1 5.1.0
2025-10-15 10:41:14,753 [INFO] ThirdParty:1030 - CMSIS Pack Vendor :STMicroelectronics MBEDTLS 2.16.2
2025-10-15 10:41:14,753 [INFO] ThirdParty:1030 - CMSIS Pack Vendor :STMicroelectronics X-CUBE-IPS 3.1.0
2025-10-15 10:41:14,753 [INFO] ThirdParty:1030 - CMSIS Pack Vendor :STMicroelectronics X-CUBE-ALS 1.0.2
2025-10-15 10:41:14,753 [INFO] ThirdParty:1030 - CMSIS Pack Vendor :ITTIA_DB I-CUBE-ITTIADB 8.9.0
2025-10-15 10:41:14,753 [INFO] ThirdParty:1030 - CMSIS Pack Vendor :STMicroelectronics X-CUBE-TOUCHGFX 4.24.2
2025-10-15 10:41:14,753 [INFO] ThirdParty:1030 - CMSIS Pack Vendor :STMicroelectronics X-CUBE-TOUCHGFX 4.24.1
2025-10-15 10:41:14,753 [INFO] ThirdParty:1030 - CMSIS Pack Vendor :STMicroelectronics X-CUBE-STSE01 1.0.0
2025-10-15 10:41:14,753 [INFO] ThirdParty:1030 - CMSIS Pack Vendor :wolfSSL I-CUBE-wolfTPM 3.4.0
2025-10-15 10:41:14,753 [INFO] ThirdParty:1030 - CMSIS Pack Vendor :portGmbH I-Cube-SoM-uGOAL 1.1.0
2025-10-15 10:41:14,753 [INFO] ThirdParty:1030 - CMSIS Pack Vendor :STMicroelectronics X-CUBE-ST67W61 1.0.0
2025-10-15 10:41:14,753 [INFO] ThirdParty:1030 - CMSIS Pack Vendor :STMicroelectronics X-CUBE-AI 10.2.0
2025-10-15 10:41:14,753 [INFO] ThirdParty:1030 - CMSIS Pack Vendor :STMicroelectronics ThreadX 1.0.0
2025-10-15 10:41:14,753 [INFO] ThirdParty:1030 - CMSIS Pack Vendor :SEGGER I-CUBE-embOS 1.3.1
2025-10-15 10:41:14,753 [INFO] ThirdParty:1030 - CMSIS Pack Vendor :STMicroelectronics X-CUBE-ALGOBUILD 1.4.0
2025-10-15 10:41:14,753 [INFO] ThirdParty:1030 - CMSIS Pack Vendor :STMicroelectronics X-CUBE-MEMS1 11.3.0
2025-10-15 10:41:14,753 [INFO] ThirdParty:1030 - CMSIS Pack Vendor :STMicroelectronics X-CUBE-AZRTOS-H7RS 1.0.0
2025-10-15 10:41:14,753 [INFO] ThirdParty:1030 - CMSIS Pack Vendor :STMicroelectronics FP-ATR-ASTRA1 2.0.0
2025-10-15 10:41:14,753 [INFO] ThirdParty:1030 - CMSIS Pack Vendor :STMicroelectronics X-CUBE-TOF1 3.4.2
2025-10-15 10:41:14,753 [INFO] ThirdParty:1030 - CMSIS Pack Vendor :STMicroelectronics X-CUBE-TOF1 3.4.3
2025-10-15 10:41:14,753 [INFO] ThirdParty:1030 - CMSIS Pack Vendor :STMicroelectronics X-CUBE-AI 9.1.0
2025-10-15 10:41:14,753 [INFO] ThirdParty:1030 - CMSIS Pack Vendor :Infineon AIROC-Wi-Fi-Bluetooth-STM32 1.6.1
2025-10-15 10:41:14,753 [INFO] ThirdParty:1030 - CMSIS Pack Vendor :wolfSSL I-CUBE-wolfSSH 1.4.17
2025-10-15 10:41:14,754 [INFO] ThirdParty:841 - exiting critical section [change project]
2025-10-15 10:41:15,041 [INFO] PinOutPanel:1589 - setPackage(No Configuration,No Configuration)
2025-10-15 10:41:15,042 [INFO] PinOutPanel:1589 - setPackage(STM32G431RBTx,LQFP64)
2025-10-15 10:41:15,212 [INFO] UtilMem:75 - Before build in PCC Used Memory: 756156832 Bytes (1073741824)
2025-10-15 10:41:15,660 [INFO] UtilMem:75 - After build in PCC Used Memory: 849932752 Bytes (1073741824)
2025-10-15 10:41:15,688 [INFO] IPUIPlugin:80 - create IPUIPlugin
2025-10-15 10:41:15,689 [INFO] IPUIPlugin:80 - create IPUIPlugin
2025-10-15 10:41:15,689 [INFO] IPUIPlugin:80 - create IPUIPlugin
2025-10-15 10:41:15,689 [INFO] IPUIPlugin:80 - create IPUIPlugin
2025-10-15 10:41:15,689 [INFO] IPUIPlugin:80 - create IPUIPlugin
2025-10-15 10:41:15,689 [INFO] IPUIPlugin:80 - create IPUIPlugin
2025-10-15 10:41:15,689 [INFO] IPUIPlugin:80 - create IPUIPlugin
2025-10-15 10:41:15,689 [INFO] IPUIPlugin:80 - create IPUIPlugin
2025-10-15 10:41:15,689 [INFO] IPUIPlugin:80 - create IPUIPlugin
2025-10-15 10:41:15,689 [INFO] IPUIPlugin:80 - create IPUIPlugin
2025-10-15 10:41:15,689 [INFO] IPUIPlugin:80 - create IPUIPlugin
2025-10-15 10:41:15,689 [INFO] IPUIPlugin:80 - create IPUIPlugin
2025-10-15 10:41:15,689 [INFO] IPUIPlugin:80 - create IPUIPlugin
2025-10-15 10:41:15,690 [INFO] IPUIPlugin:80 - create IPUIPlugin
2025-10-15 10:41:15,690 [INFO] IPUIPlugin:80 - create IPUIPlugin
2025-10-15 10:41:15,690 [INFO] IPUIPlugin:80 - create IPUIPlugin
2025-10-15 10:41:15,690 [INFO] IPUIPlugin:80 - create IPUIPlugin
2025-10-15 10:41:15,690 [INFO] IPUIPlugin:80 - create IPUIPlugin
2025-10-15 10:41:15,690 [INFO] IPUIPlugin:80 - create IPUIPlugin
2025-10-15 10:41:15,690 [INFO] IPUIPlugin:80 - create IPUIPlugin
2025-10-15 10:41:15,691 [INFO] IPUIPlugin:80 - create IPUIPlugin
2025-10-15 10:41:15,691 [INFO] IPUIPlugin:80 - create IPUIPlugin
2025-10-15 10:41:15,691 [INFO] IPUIPlugin:80 - create IPUIPlugin
2025-10-15 10:41:15,691 [INFO] IPUIPlugin:80 - create IPUIPlugin
2025-10-15 10:41:15,691 [INFO] IPUIPlugin:80 - create IPUIPlugin
2025-10-15 10:41:15,691 [INFO] IPUIPlugin:80 - create IPUIPlugin
2025-10-15 10:41:15,692 [INFO] IPUIPlugin:80 - create IPUIPlugin
2025-10-15 10:41:15,692 [INFO] IPUIPlugin:80 - create IPUIPlugin
2025-10-15 10:41:15,692 [INFO] IPUIPlugin:80 - create IPUIPlugin
2025-10-15 10:41:15,693 [INFO] IPUIPlugin:80 - create IPUIPlugin
2025-10-15 10:41:15,693 [INFO] IPUIPlugin:80 - create IPUIPlugin
2025-10-15 10:41:15,693 [INFO] IPUIPlugin:80 - create IPUIPlugin
2025-10-15 10:41:15,693 [INFO] IPUIPlugin:80 - create IPUIPlugin
2025-10-15 10:41:15,693 [INFO] IPUIPlugin:80 - create IPUIPlugin
2025-10-15 10:41:15,694 [INFO] IPUIPlugin:80 - create IPUIPlugin
2025-10-15 10:41:15,694 [INFO] IPUIPlugin:80 - create IPUIPlugin
2025-10-15 10:41:15,694 [INFO] IPUIPlugin:80 - create IPUIPlugin
2025-10-15 10:41:15,694 [INFO] IPUIPlugin:80 - create IPUIPlugin
2025-10-15 10:41:15,694 [INFO] IPUIPlugin:80 - create IPUIPlugin
2025-10-15 10:41:15,695 [INFO] IPUIPlugin:80 - create IPUIPlugin
2025-10-15 10:41:15,695 [INFO] IPUIPlugin:80 - create IPUIPlugin
2025-10-15 10:41:15,695 [INFO] IPUIPlugin:80 - create IPUIPlugin
2025-10-15 10:41:15,695 [INFO] IPUIPlugin:80 - create IPUIPlugin
2025-10-15 10:41:15,695 [INFO] IPUIPlugin:80 - create IPUIPlugin
2025-10-15 10:41:15,696 [INFO] IPUIPlugin:80 - create IPUIPlugin
2025-10-15 10:41:15,696 [INFO] IPUIPlugin:80 - create IPUIPlugin
2025-10-15 10:41:15,696 [INFO] IPUIPlugin:80 - create IPUIPlugin
2025-10-15 10:41:15,696 [INFO] IPUIPlugin:80 - create IPUIPlugin
2025-10-15 10:41:15,696 [INFO] IPUIPlugin:80 - create IPUIPlugin
2025-10-15 10:41:15,697 [INFO] IPUIPlugin:80 - create IPUIPlugin
2025-10-15 10:41:15,698 [INFO] IPUIPlugin:80 - create IPUIPlugin
2025-10-15 10:41:15,698 [INFO] IPUIPlugin:80 - create IPUIPlugin
2025-10-15 10:41:15,699 [INFO] IPUIPlugin:80 - create IPUIPlugin
2025-10-15 10:41:15,699 [INFO] IPUIPlugin:80 - create IPUIPlugin
2025-10-15 10:41:15,699 [INFO] IPUIPlugin:80 - create IPUIPlugin
2025-10-15 10:41:15,700 [INFO] IPUIPlugin:80 - create IPUIPlugin
2025-10-15 10:41:15,700 [INFO] IPUIPlugin:80 - create IPUIPlugin
2025-10-15 10:41:15,700 [INFO] IPUIPlugin:80 - create IPUIPlugin
2025-10-15 10:41:15,701 [INFO] IPUIPlugin:80 - create IPUIPlugin
2025-10-15 10:41:15,708 [WARN] IP:2250 - MessageRAMOffset not found: check if there is a RefParameter without a condition.
2025-10-15 10:41:15,708 [WARN] IP:2250 - RxFifo0ElmtsNbr not found: check if there is a RefParameter without a condition.
2025-10-15 10:41:15,708 [WARN] IP:2250 - RxFifo0ElmtSize not found: check if there is a RefParameter without a condition.
2025-10-15 10:41:15,708 [WARN] IP:2250 - RxFifo1ElmtsNbr not found: check if there is a RefParameter without a condition.
2025-10-15 10:41:15,708 [WARN] IP:2250 - RxFifo1ElmtSize not found: check if there is a RefParameter without a condition.
2025-10-15 10:41:15,708 [WARN] IP:2250 - RxBuffersNbr not found: check if there is a RefParameter without a condition.
2025-10-15 10:41:15,708 [WARN] IP:2250 - RxBufferSize not found: check if there is a RefParameter without a condition.
2025-10-15 10:41:15,708 [WARN] IP:2250 - TxEventsNbr not found: check if there is a RefParameter without a condition.
2025-10-15 10:41:15,708 [WARN] IP:2250 - TxBuffersNbr not found: check if there is a RefParameter without a condition.
2025-10-15 10:41:15,708 [WARN] IP:2250 - TxFifoQueueElmtsNbr not found: check if there is a RefParameter without a condition.
2025-10-15 10:41:15,708 [WARN] IP:2250 - TxElmtSize not found: check if there is a RefParameter without a condition.
2025-10-15 10:41:15,708 [WARN] IP:2250 - ClockCalibrationCCU not found: check if there is a RefParameter without a condition.
2025-10-15 10:41:15,708 [WARN] IP:2250 - ClockDividerCCU not found: check if there is a RefParameter without a condition.
2025-10-15 10:41:15,708 [WARN] IP:2250 - MinOscClkPeriodsCCU not found: check if there is a RefParameter without a condition.
2025-10-15 10:41:15,708 [WARN] IP:2250 - TimeQuantaPerBitTimeCCU not found: check if there is a RefParameter without a condition.
2025-10-15 10:41:15,709 [WARN] IP:2250 - WatchdogStartValueCCU not found: check if there is a RefParameter without a condition.
2025-10-15 10:41:15,711 [INFO] LogOutputStream:77 - [STDOUT_REDIRECT] Nominal 
2025-10-15 10:41:15,711 [INFO] Can:71 - Can Add PropertyChangeListener com.st.microxplorer.plugins.ip.can.Can@36fd2785
2025-10-15 10:41:15,787 [INFO] CADModel:165 - CPN selected for project levelSTM32G431RBT6
2025-10-15 10:41:15,787 [INFO] CADModel:114 - Register for checkConnection events
2025-10-15 10:41:15,827 [INFO] OpenFileManager:386 - Restore cursor
2025-10-15 10:41:16,000 [WARN] IP:2250 - MessageRAMOffset not found: check if there is a RefParameter without a condition.
2025-10-15 10:41:16,000 [WARN] IP:2250 - RxFifo0ElmtsNbr not found: check if there is a RefParameter without a condition.
2025-10-15 10:41:16,000 [WARN] IP:2250 - RxFifo0ElmtSize not found: check if there is a RefParameter without a condition.
2025-10-15 10:41:16,001 [WARN] IP:2250 - RxFifo1ElmtsNbr not found: check if there is a RefParameter without a condition.
2025-10-15 10:41:16,001 [WARN] IP:2250 - RxFifo1ElmtSize not found: check if there is a RefParameter without a condition.
2025-10-15 10:41:16,001 [WARN] IP:2250 - RxBuffersNbr not found: check if there is a RefParameter without a condition.
2025-10-15 10:41:16,001 [WARN] IP:2250 - RxBufferSize not found: check if there is a RefParameter without a condition.
2025-10-15 10:41:16,001 [WARN] IP:2250 - TxEventsNbr not found: check if there is a RefParameter without a condition.
2025-10-15 10:41:16,001 [WARN] IP:2250 - TxBuffersNbr not found: check if there is a RefParameter without a condition.
2025-10-15 10:41:16,001 [WARN] IP:2250 - TxFifoQueueElmtsNbr not found: check if there is a RefParameter without a condition.
2025-10-15 10:41:16,001 [WARN] IP:2250 - TxElmtSize not found: check if there is a RefParameter without a condition.
2025-10-15 10:41:16,001 [WARN] IP:2250 - ClockCalibrationCCU not found: check if there is a RefParameter without a condition.
2025-10-15 10:41:16,001 [WARN] IP:2250 - ClockDividerCCU not found: check if there is a RefParameter without a condition.
2025-10-15 10:41:16,001 [WARN] IP:2250 - MinOscClkPeriodsCCU not found: check if there is a RefParameter without a condition.
2025-10-15 10:41:16,001 [WARN] IP:2250 - TimeQuantaPerBitTimeCCU not found: check if there is a RefParameter without a condition.
2025-10-15 10:41:16,001 [WARN] IP:2250 - WatchdogStartValueCCU not found: check if there is a RefParameter without a condition.
2025-10-15 10:41:36,868 [INFO] MainUpdater:2872 - connection check result : 10
2025-10-15 10:41:36,869 [INFO] MainUpdater:2872 - connection check result : 10
2025-10-15 10:41:36,882 [INFO] LogOutputStream:77 - [STDOUT_REDIRECT] Nominal 
2025-10-15 10:41:36,885 [INFO] MicroXplorer:468 - Change Database Path : 
2025-10-15 10:41:36,885 [INFO] MicroXplorer:498 - Change Database Version : DB.6.0.150
2025-10-15 10:41:36,910 [ERROR] ProjectManagerView:395 - 
java.lang.NullPointerException: Cannot invoke "javax.swing.JTextField.getText()" because the return value of "java.util.List.get(int)" is null
	at com.st.microxplorer.plugins.projectmanager.gui.ProjectChoiceTab$9.caretUpdate(ProjectChoiceTab.java:2706) ~[filemanager.jar:?]
	at javax.swing.text.JTextComponent.fireCaretUpdate(JTextComponent.java:408) ~[?:?]
	at javax.swing.text.JTextComponent$MutableCaretEvent.fire(JTextComponent.java:4484) ~[?:?]
	at javax.swing.text.JTextComponent$MutableCaretEvent.stateChanged(JTextComponent.java:4506) ~[?:?]
	at javax.swing.text.DefaultCaret.fireStateChanged(DefaultCaret.java:857) ~[?:?]
	at javax.swing.text.DefaultCaret.changeCaretPosition(DefaultCaret.java:1343) ~[?:?]
	at javax.swing.text.DefaultCaret.handleSetDot(DefaultCaret.java:1242) ~[?:?]
	at javax.swing.text.DefaultCaret.setDot(DefaultCaret.java:1223) ~[?:?]
	at javax.swing.text.DefaultCaret$Handler.insertUpdate(DefaultCaret.java:1819) ~[?:?]
	at javax.swing.text.AbstractDocument.fireInsertUpdate(AbstractDocument.java:227) ~[?:?]
	at javax.swing.text.AbstractDocument.handleInsertString(AbstractDocument.java:781) ~[?:?]
	at javax.swing.text.AbstractDocument.insertString(AbstractDocument.java:740) ~[?:?]
	at javax.swing.text.PlainDocument.insertString(PlainDocument.java:131) ~[?:?]
	at javax.swing.text.AbstractDocument.replace(AbstractDocument.java:699) ~[?:?]
	at javax.swing.text.JTextComponent.setText(JTextComponent.java:1725) ~[?:?]
	at com.st.microxplorer.plugins.projectmanager.gui.ProjectChoiceTab.createHeapStackFields(ProjectChoiceTab.java:993) ~[filemanager.jar:?]
	at com.st.microxplorer.plugins.projectmanager.gui.ProjectChoiceTab.buildLinkSettingsPanel(ProjectChoiceTab.java:3813) ~[filemanager.jar:?]
	at com.st.microxplorer.plugins.projectmanager.gui.ProjectChoiceTab.defineWindowsFields(ProjectChoiceTab.java:1987) ~[filemanager.jar:?]
	at com.st.microxplorer.plugins.projectmanager.gui.ProjectChoiceTab.updateSettings(ProjectChoiceTab.java:558) ~[filemanager.jar:?]
	at com.st.microxplorer.plugins.projectmanager.gui.ProjectSettingsPanel.UpdateDialog(ProjectSettingsPanel.java:247) ~[filemanager.jar:?]
	at com.st.microxplorer.plugins.projectmanager.ProjectManagerView.propertyChange(ProjectManagerView.java:392) ~[filemanager.jar:?]
	at java.beans.PropertyChangeSupport.fire(PropertyChangeSupport.java:343) ~[?:?]
	at java.beans.PropertyChangeSupport.firePropertyChange(PropertyChangeSupport.java:335) ~[?:?]
	at java.beans.PropertyChangeSupport.firePropertyChange(PropertyChangeSupport.java:268) ~[?:?]
	at com.st.microxplorer.util.MXPropertyChangeSupport.firePropertyChange(MXPropertyChangeSupport.java:54) ~[STM32CubeMX.jar:?]
	at com.st.microxplorer.mxsystem.MxSystem.closeConfig(MxSystem.java:899) ~[STM32CubeMX.jar:?]
	at com.st.microxplorer.maingui.MainPanel.closeConfig(MainPanel.java:792) ~[STM32CubeMX.jar:?]
	at com.st.microxplorer.plugins.filemanager.engine.OpenFileManager.loadConfigurationFile(OpenFileManager.java:288) ~[filemanager.jar:?]
	at com.st.microxplorer.plugins.filemanager.engine.MainFileManager.userLoadConfig(MainFileManager.java:364) ~[filemanager.jar:?]
	at com.st.microxplorer.plugins.filemanager.engine.MainFileManager.userLoadConfig(MainFileManager.java:342) ~[filemanager.jar:?]
	at com.st.microxplorer.plugins.filemanager.FileManagerView.getSpecificTask(FileManagerView.java:264) ~[filemanager.jar:?]
	at com.st.stm32cube.common.mx.editor.CubeMxEditor.getMxTabbedPaneInstance(CubeMxEditor.java:1198) ~[com.st.stm32cube.common.mx_6.15.0.202507011659/:?]
	at com.st.stm32cube.common.mx.editor.CubeMxEditor$12$1.createSwingComponent(CubeMxEditor.java:1068) ~[com.st.stm32cube.common.mx_6.15.0.202507011659/:?]
	at com.st.stm32cube.common.mx.oss.core.awtswtbridge.EmbeddedSwingComposite.doComponentCreation(EmbeddedSwingComposite.java:492) ~[com.st.stm32cube.common.mx.oss_6.15.0.202507011659/:?]
	at com.st.stm32cube.common.mx.oss.core.awtswtbridge.EmbeddedSwingComposite$4.run(EmbeddedSwingComposite.java:291) ~[com.st.stm32cube.common.mx.oss_6.15.0.202507011659/:?]
	at com.st.stm32cube.common.mx.oss.core.awtswtbridge.AwtEnvironment$2.run(AwtEnvironment.java:166) ~[com.st.stm32cube.common.mx.oss_6.15.0.202507011659/:?]
	at java.awt.event.InvocationEvent.dispatch(InvocationEvent.java:318) ~[?:?]
	at java.awt.EventQueue.dispatchEventImpl(EventQueue.java:773) ~[?:?]
	at java.awt.EventQueue$4.run(EventQueue.java:720) ~[?:?]
	at java.awt.EventQueue$4.run(EventQueue.java:714) ~[?:?]
	at java.security.AccessController.doPrivileged(AccessController.java:400) ~[?:?]
	at java.security.ProtectionDomain$JavaSecurityAccessImpl.doIntersectionPrivilege(ProtectionDomain.java:87) ~[?:?]
	at java.awt.EventQueue.dispatchEvent(EventQueue.java:742) ~[?:?]
	at java.awt.EventDispatchThread.pumpOneEventForFilters(EventDispatchThread.java:203) ~[?:?]
	at java.awt.EventDispatchThread.pumpEventsForFilter(EventDispatchThread.java:124) ~[?:?]
	at java.awt.EventDispatchThread.pumpEventsForHierarchy(EventDispatchThread.java:113) ~[?:?]
	at java.awt.EventDispatchThread.pumpEvents(EventDispatchThread.java:109) ~[?:?]
	at java.awt.EventDispatchThread.pumpEvents(EventDispatchThread.java:101) ~[?:?]
	at java.awt.EventDispatchThread.run(EventDispatchThread.java:90) ~[?:?]
2025-10-15 10:41:36,912 [WARN] ThirdParty:871 - waiting for thirdparty lock release [close project]
2025-10-15 10:41:36,912 [INFO] ThirdParty:873 - entering critical section [close project]
2025-10-15 10:41:36,912 [INFO] ThirdParty:883 - exiting critical section [close project]
2025-10-15 10:41:36,917 [INFO] PinOutPanel:1589 - setPackage(No Configuration,No Configuration)
2025-10-15 10:41:36,928 [INFO] UtilMem:75 - Begin LoadConfig() Used Memory: 801213416 Bytes (1073741824)
2025-10-15 10:41:36,929 [INFO] MicroXplorer:468 - Change Database Path : 
2025-10-15 10:41:36,929 [INFO] MicroXplorer:498 - Change Database Version : DB.6.0.150
2025-10-15 10:41:36,929 [INFO] OpenFileManager:355 - Change cursor
2025-10-15 10:41:36,936 [INFO] Mcu:2029 - Initializing MCU STM32H755ZITx STM32H755ZITx STM32H755ZIT6
2025-10-15 10:41:38,987 [INFO] Context:786 - Trying to add GPIOservice into a context  which must be forbidden
2025-10-15 10:41:38,988 [INFO] Context:786 - Trying to add GPIOservice into a context  which must be forbidden
2025-10-15 10:41:39,702 [INFO] ApiDbMcu:532 - Load IP Config File for NUCLEO-H755ZI-Q
2025-10-15 10:41:39,821 [INFO] Context:786 - Trying to add GPIOservice into a context  which must be forbidden
2025-10-15 10:41:39,833 [INFO] Context:786 - Trying to add GPIOservice into a context  which must be forbidden
2025-10-15 10:41:39,835 [INFO] ImportTextPane:234 - (OptionalMessage_ERROR) Pin30 (VP_RIF_VS_RIF1) cannot be retrieved for this MCU
2025-10-15 10:41:39,921 [INFO] RtosManager:558 - Registered RTOS mode: class=CMSIS, group=RTOS, mode=CMSIS_V1, owner=FREERTOS_M7
2025-10-15 10:41:39,921 [INFO] RtosManager:558 - Registered RTOS mode: class=CMSIS, group=RTOS2, mode=CMSIS_V2, owner=FREERTOS_M7
2025-10-15 10:41:39,921 [INFO] RtosManager:558 - Registered RTOS mode: class=RTOS, group=Core, mode=CMSIS_V1, owner=FREERTOS_M7
2025-10-15 10:41:39,921 [INFO] RtosManager:558 - Registered RTOS mode: class=RTOS, group=Core, mode=CMSIS_V2, owner=FREERTOS_M7
2025-10-15 10:41:39,921 [WARN] ModelIntegratedComponent:184 - Missing modes for component STMicroelectronics:FreeRTOS:0.0.1:STMicroelectronics:RTOS:FreeRTOS:Core:::10.2.0:
2025-10-15 10:41:39,923 [WARN] ModelIntegratedComponent:63 - No mode defined for component null
2025-10-15 10:41:39,923 [WARN] ModelIntegratedComponent:63 - No mode defined for component null
2025-10-15 10:41:39,923 [WARN] ModelIntegratedComponent:63 - No mode defined for component null
2025-10-15 10:41:39,923 [WARN] ModelIntegratedComponent:63 - No mode defined for component null
2025-10-15 10:41:39,923 [WARN] ModelIntegratedComponent:63 - No mode defined for component null
2025-10-15 10:41:39,923 [WARN] ModelIntegratedComponent:63 - No mode defined for component null
2025-10-15 10:41:39,923 [WARN] ModelIntegratedComponent:63 - No mode defined for component null
2025-10-15 10:41:39,923 [WARN] ModelIntegratedComponent:63 - No mode defined for component null
2025-10-15 10:41:39,923 [WARN] ModelIntegratedComponent:63 - No mode defined for component null
2025-10-15 10:41:39,923 [WARN] ModelIntegratedComponent:63 - No mode defined for component null
2025-10-15 10:41:39,923 [WARN] ModelIntegratedComponent:63 - No mode defined for component null
2025-10-15 10:41:39,923 [WARN] ModelIntegratedComponent:63 - No mode defined for component null
2025-10-15 10:41:39,923 [WARN] ModelIntegratedComponent:63 - No mode defined for component null
2025-10-15 10:41:39,923 [WARN] ModelIntegratedComponent:63 - No mode defined for component null
2025-10-15 10:41:39,923 [WARN] ModelIntegratedComponent:63 - No mode defined for component null
2025-10-15 10:41:39,923 [WARN] ModelIntegratedComponent:63 - No mode defined for component null
2025-10-15 10:41:39,923 [WARN] ModelIntegratedComponent:63 - No mode defined for component null
2025-10-15 10:41:39,923 [WARN] ModelIntegratedComponent:63 - No mode defined for component null
2025-10-15 10:41:39,923 [WARN] ModelIntegratedComponent:63 - No mode defined for component null
2025-10-15 10:41:39,923 [WARN] ModelIntegratedComponent:63 - No mode defined for component null
2025-10-15 10:41:39,923 [WARN] ModelIntegratedComponent:63 - No mode defined for component null
2025-10-15 10:41:39,923 [WARN] ModelIntegratedComponent:63 - No mode defined for component null
2025-10-15 10:41:39,923 [WARN] ModelIntegratedComponent:63 - No mode defined for component null
2025-10-15 10:41:39,923 [WARN] ModelIntegratedComponent:63 - No mode defined for component null
2025-10-15 10:41:39,923 [WARN] ModelIntegratedComponent:63 - No mode defined for component null
2025-10-15 10:41:39,923 [WARN] ModelIntegratedComponent:63 - No mode defined for component null
2025-10-15 10:41:39,923 [WARN] ModelIntegratedComponent:63 - No mode defined for component null
2025-10-15 10:41:39,923 [WARN] ModelIntegratedComponent:63 - No mode defined for component null
2025-10-15 10:41:39,923 [WARN] ModelIntegratedComponent:63 - No mode defined for component null
2025-10-15 10:41:39,923 [WARN] ModelIntegratedComponent:63 - No mode defined for component null
2025-10-15 10:41:39,923 [WARN] ModelIntegratedComponent:63 - No mode defined for component null
2025-10-15 10:41:39,923 [WARN] ModelIntegratedComponent:63 - No mode defined for component null
2025-10-15 10:41:39,923 [WARN] ModelIntegratedComponent:63 - No mode defined for component null
2025-10-15 10:41:39,923 [WARN] ModelIntegratedComponent:63 - No mode defined for component null
2025-10-15 10:41:39,923 [WARN] ModelIntegratedComponent:63 - No mode defined for component null
2025-10-15 10:41:39,923 [WARN] ModelPack:524 - Component already loaded: STMicroelectronics:HAL Drivers:0.0.0:STMicroelectronics:Device:STMicro_Driver:XSPI:HAL::0.0.1:HAL_XSPI
2025-10-15 10:41:40,082 [INFO] RtosManager:558 - Registered RTOS mode: class=CMSIS, group=RTOS, mode=CMSIS_V1, owner=FREERTOS_M4
2025-10-15 10:41:40,082 [INFO] RtosManager:558 - Registered RTOS mode: class=CMSIS, group=RTOS2, mode=CMSIS_V2, owner=FREERTOS_M4
2025-10-15 10:41:40,082 [INFO] RtosManager:558 - Registered RTOS mode: class=RTOS, group=Core, mode=CMSIS_V1, owner=FREERTOS_M4
2025-10-15 10:41:40,082 [INFO] RtosManager:558 - Registered RTOS mode: class=RTOS, group=Core, mode=CMSIS_V2, owner=FREERTOS_M4
2025-10-15 10:41:40,082 [WARN] ModelIntegratedComponent:184 - Missing modes for component STMicroelectronics:FreeRTOS:0.0.1:STMicroelectronics:RTOS:FreeRTOS:Core:::10.2.0:
2025-10-15 10:41:40,083 [WARN] ModelIntegratedComponent:63 - No mode defined for component null
2025-10-15 10:41:40,083 [WARN] ModelIntegratedComponent:63 - No mode defined for component null
2025-10-15 10:41:40,083 [WARN] ModelIntegratedComponent:63 - No mode defined for component null
2025-10-15 10:41:40,084 [WARN] ModelIntegratedComponent:63 - No mode defined for component null
2025-10-15 10:41:40,084 [WARN] ModelIntegratedComponent:63 - No mode defined for component null
2025-10-15 10:41:40,084 [WARN] ModelIntegratedComponent:63 - No mode defined for component null
2025-10-15 10:41:40,084 [WARN] ModelIntegratedComponent:63 - No mode defined for component null
2025-10-15 10:41:40,084 [WARN] ModelIntegratedComponent:63 - No mode defined for component null
2025-10-15 10:41:40,084 [WARN] ModelIntegratedComponent:63 - No mode defined for component null
2025-10-15 10:41:40,084 [WARN] ModelIntegratedComponent:63 - No mode defined for component null
2025-10-15 10:41:40,084 [WARN] ModelIntegratedComponent:63 - No mode defined for component null
2025-10-15 10:41:40,084 [WARN] ModelIntegratedComponent:63 - No mode defined for component null
2025-10-15 10:41:40,084 [WARN] ModelIntegratedComponent:63 - No mode defined for component null
2025-10-15 10:41:40,084 [WARN] ModelIntegratedComponent:63 - No mode defined for component null
2025-10-15 10:41:40,084 [WARN] ModelIntegratedComponent:63 - No mode defined for component null
2025-10-15 10:41:40,084 [WARN] ModelIntegratedComponent:63 - No mode defined for component null
2025-10-15 10:41:40,084 [WARN] ModelIntegratedComponent:63 - No mode defined for component null
2025-10-15 10:41:40,084 [WARN] ModelIntegratedComponent:63 - No mode defined for component null
2025-10-15 10:41:40,084 [WARN] ModelIntegratedComponent:63 - No mode defined for component null
2025-10-15 10:41:40,084 [WARN] ModelIntegratedComponent:63 - No mode defined for component null
2025-10-15 10:41:40,084 [WARN] ModelIntegratedComponent:63 - No mode defined for component null
2025-10-15 10:41:40,084 [WARN] ModelIntegratedComponent:63 - No mode defined for component null
2025-10-15 10:41:40,084 [WARN] ModelIntegratedComponent:63 - No mode defined for component null
2025-10-15 10:41:40,084 [WARN] ModelIntegratedComponent:63 - No mode defined for component null
2025-10-15 10:41:40,084 [WARN] ModelIntegratedComponent:63 - No mode defined for component null
2025-10-15 10:41:40,084 [WARN] ModelIntegratedComponent:63 - No mode defined for component null
2025-10-15 10:41:40,084 [WARN] ModelIntegratedComponent:63 - No mode defined for component null
2025-10-15 10:41:40,084 [WARN] ModelIntegratedComponent:63 - No mode defined for component null
2025-10-15 10:41:40,084 [WARN] ModelIntegratedComponent:63 - No mode defined for component null
2025-10-15 10:41:40,084 [WARN] ModelIntegratedComponent:63 - No mode defined for component null
2025-10-15 10:41:40,084 [WARN] ModelIntegratedComponent:63 - No mode defined for component null
2025-10-15 10:41:40,084 [WARN] ModelIntegratedComponent:63 - No mode defined for component null
2025-10-15 10:41:40,084 [WARN] ModelIntegratedComponent:63 - No mode defined for component null
2025-10-15 10:41:40,084 [WARN] ModelIntegratedComponent:63 - No mode defined for component null
2025-10-15 10:41:40,084 [WARN] ModelIntegratedComponent:63 - No mode defined for component null
2025-10-15 10:41:40,084 [WARN] ModelPack:524 - Component already loaded: STMicroelectronics:HAL Drivers:0.0.0:STMicroelectronics:Device:STMicro_Driver:XSPI:HAL::0.0.1:HAL_XSPI
2025-10-15 10:41:40,212 [INFO] ThirdPartyModel:298 - Start build external matchings
2025-10-15 10:41:41,285 [INFO] ThirdPartyModel:316 - End build external matchings
2025-10-15 10:41:41,316 [INFO] ThirdPartyModel:298 - Start build external matchings
2025-10-15 10:41:42,402 [INFO] ThirdPartyModel:316 - End build external matchings
2025-10-15 10:41:42,420 [WARN] IP:2250 - ClockDivider not found: check if there is a RefParameter without a condition.
2025-10-15 10:41:42,421 [WARN] IP:2250 - ClockDividerCCU not found: check if there is a RefParameter without a condition.
2025-10-15 10:41:42,421 [WARN] IP:2250 - MinOscClkPeriodsCCU not found: check if there is a RefParameter without a condition.
2025-10-15 10:41:42,421 [WARN] IP:2250 - TimeQuantaPerBitTimeCCU not found: check if there is a RefParameter without a condition.
2025-10-15 10:41:42,421 [WARN] IP:2250 - WatchdogStartValueCCU not found: check if there is a RefParameter without a condition.
2025-10-15 10:41:42,562 [INFO] UtilMem:75 - End LoadConfig() Used Memory: 730443632 Bytes (1073741824)
2025-10-15 10:41:42,575 [WARN] ThirdParty:833 - waiting for thirdparty lock release [change project]
2025-10-15 10:41:42,576 [INFO] ThirdParty:835 - entering critical section [change project]
2025-10-15 10:41:42,576 [INFO] ThirdParty:1030 - CMSIS Pack Vendor :STMicroelectronics X-CUBE-PM33A1 1.0.0
2025-10-15 10:41:42,576 [INFO] ThirdParty:1030 - CMSIS Pack Vendor :STMicroelectronics USBPD 4.1
2025-10-15 10:41:42,576 [INFO] ThirdParty:1030 - CMSIS Pack Vendor :STMicroelectronics USB_HOST 2.0.0
2025-10-15 10:41:42,576 [INFO] ThirdParty:1030 - CMSIS Pack Vendor :STMicroelectronics FP-SNS-MOTENVWB1 1.4.0
2025-10-15 10:41:42,576 [INFO] ThirdParty:1030 - CMSIS Pack Vendor :STMicroelectronics X-CUBE-AZRTOS-F4 1.1.0
2025-10-15 10:41:42,576 [INFO] ThirdParty:1030 - CMSIS Pack Vendor :STMicroelectronics LIBJPEG 8.0.0
2025-10-15 10:41:42,576 [INFO] ThirdParty:1030 - CMSIS Pack Vendor :STMicroelectronics FP-ATR-ASTRA1 2.0.2
2025-10-15 10:41:42,576 [INFO] ThirdParty:1030 - CMSIS Pack Vendor :STMicroelectronics FP-ATR-ASTRA1 2.0.1
2025-10-15 10:41:42,576 [INFO] ThirdParty:1030 - CMSIS Pack Vendor :Avnet-IotConnect X-CUBE-IoTC-DA16k-PMOD 1.0.0
2025-10-15 10:41:42,576 [INFO] ThirdParty:1030 - CMSIS Pack Vendor :STMicroelectronics X-CUBE-SMBUS 2.1.0
2025-10-15 10:41:42,576 [INFO] ThirdParty:1030 - CMSIS Pack Vendor :STMicroelectronics X-CUBE-WB05N 1.1.0
2025-10-15 10:41:42,576 [INFO] ThirdParty:1030 - CMSIS Pack Vendor :STMicroelectronics X-CUBE-ISPU 2.1.0
2025-10-15 10:41:42,576 [INFO] ThirdParty:1030 - CMSIS Pack Vendor :STMicroelectronics X-CUBE-IPS 3.2.0
2025-10-15 10:41:42,576 [INFO] ThirdParty:1030 - CMSIS Pack Vendor :STMicroelectronics X-CUBE-FREERTOS 1.2.0
2025-10-15 10:41:42,576 [INFO] ThirdParty:1030 - CMSIS Pack Vendor :STMicroelectronics X-CUBE-ST60 1.0.0
2025-10-15 10:41:42,576 [INFO] ThirdParty:1030 - CMSIS Pack Vendor :STMicroelectronics X-CUBE-NFC12 1.0.0
2025-10-15 10:41:42,576 [INFO] ThirdParty:1030 - CMSIS Pack Vendor :STMicroelectronics X-CUBE-AZRTOS-F7 1.1.0
2025-10-15 10:41:42,576 [INFO] ThirdParty:1030 - CMSIS Pack Vendor :STMicroelectronics X-CUBE-AZRTOS-L5 2.0.0
2025-10-15 10:41:42,576 [INFO] ThirdParty:1030 - CMSIS Pack Vendor :STMicroelectronics USB_DEVICE 2.0.0
2025-10-15 10:41:42,576 [INFO] ThirdParty:1030 - CMSIS Pack Vendor :STMicroelectronics X-CUBE-NFC6 3.1.0
2025-10-15 10:41:42,576 [INFO] ThirdParty:1030 - CMSIS Pack Vendor :STMicroelectronics X-CUBE-MEMS1 11.0.0
2025-10-15 10:41:42,576 [INFO] ThirdParty:1030 - CMSIS Pack Vendor :STMicroelectronics FreeRTOS 0.0.1
2025-10-15 10:41:42,576 [INFO] ThirdParty:1030 - CMSIS Pack Vendor :STMicroelectronics X-CUBE-DPower 1.2.0
2025-10-15 10:41:42,576 [INFO] ThirdParty:1030 - CMSIS Pack Vendor :STMicroelectronics FP-SNS-FLIGHT1 5.0.2
2025-10-15 10:41:42,576 [INFO] ThirdParty:1030 - CMSIS Pack Vendor :STMicroelectronics PDM2PCM 3.3.0
2025-10-15 10:41:42,576 [INFO] ThirdParty:1030 - CMSIS Pack Vendor :STMicroelectronics X-CUBE-AZRTOS-H7 3.4.0
2025-10-15 10:41:42,576 [INFO] ThirdParty:1030 - CMSIS Pack Vendor :STMicroelectronics X-CUBE-DISPLAY 3.0.0
2025-10-15 10:41:42,576 [INFO] ThirdParty:1030 - CMSIS Pack Vendor :STMicroelectronics X-CUBE-BLE1 7.0.0
2025-10-15 10:41:42,576 [INFO] ThirdParty:1030 - CMSIS Pack Vendor :STMicroelectronics X-CUBE-NFC10 1.0.0
2025-10-15 10:41:42,576 [INFO] ThirdParty:1030 - CMSIS Pack Vendor :STMicroelectronics X-CUBE-BLEMGR 4.0.0
2025-10-15 10:41:42,576 [INFO] ThirdParty:1030 - CMSIS Pack Vendor :STMicroelectronics X-CUBE-FREERTOS 1.3.1
2025-10-15 10:41:42,576 [INFO] ThirdParty:1030 - CMSIS Pack Vendor :STMicroelectronics HAL Drivers 0.0.0
2025-10-15 10:41:42,576 [INFO] ThirdParty:1030 - CMSIS Pack Vendor :emotas I-CUBE-CANOPEN 1.3.0
2025-10-15 10:41:42,576 [INFO] ThirdParty:1030 - CMSIS Pack Vendor :STMicroelectronics X-CUBE-FREERTOS 1.3.0
2025-10-15 10:41:42,576 [INFO] ThirdParty:1030 - CMSIS Pack Vendor :STMicroelectronics X-CUBE-NFC7 1.0.1
2025-10-15 10:41:42,576 [INFO] ThirdParty:1030 - CMSIS Pack Vendor :STMicroelectronics MBEDTLS 2.14.1
2025-10-15 10:41:42,576 [INFO] ThirdParty:1030 - CMSIS Pack Vendor :STMicroelectronics X-CUBE-TOUCHGFX 4.26.0
2025-10-15 10:41:42,576 [INFO] ThirdParty:1030 - CMSIS Pack Vendor :STMicroelectronics X-CUBE-BLEMGR 3.1.0
2025-10-15 10:41:42,576 [INFO] ThirdParty:1030 - CMSIS Pack Vendor :STMicroelectronics X-CUBE-AI 10.0.0
2025-10-15 10:41:42,576 [INFO] ThirdParty:1030 - CMSIS Pack Vendor :STMicroelectronics FP-SNS-STBOX1 2.1.0
2025-10-15 10:41:42,576 [INFO] ThirdParty:1030 - CMSIS Pack Vendor :STMicroelectronics FP-SNS-STAIOTCFT 1.0.0
2025-10-15 10:41:42,576 [INFO] ThirdParty:1030 - CMSIS Pack Vendor :STMicroelectronics FP-SNS-SMARTAG2 1.2.0
2025-10-15 10:41:42,577 [INFO] ThirdParty:1030 - CMSIS Pack Vendor :STMicroelectronics FP-SNS-FLIGHT1 5.1.0
2025-10-15 10:41:42,577 [INFO] ThirdParty:1030 - CMSIS Pack Vendor :STMicroelectronics X-CUBE-MEMS1 11.1.0
2025-10-15 10:41:42,577 [INFO] ThirdParty:1030 - CMSIS Pack Vendor :STMicroelectronics X-CUBE-AZRTOS-WL 2.0.0
2025-10-15 10:41:42,577 [INFO] ThirdParty:1030 - CMSIS Pack Vendor :STMicroelectronics X-CUBE-DPower 1.3.0
2025-10-15 10:41:42,577 [INFO] ThirdParty:1030 - CMSIS Pack Vendor :STMicroelectronics FP-SNS-MOTENV1 5.0.0
2025-10-15 10:41:42,577 [INFO] ThirdParty:1030 - CMSIS Pack Vendor :STMicroelectronics USB_DEVICE 1.0.0
2025-10-15 10:41:42,577 [INFO] ThirdParty:1030 - CMSIS Pack Vendor :wolfSSL I-CUBE-wolfMQTT 1.19.0
2025-10-15 10:41:42,577 [INFO] ThirdParty:1030 - CMSIS Pack Vendor :STMicroelectronics X-CUBE-AZRTOS-L4 2.0.0
2025-10-15 10:41:42,577 [INFO] ThirdParty:1030 - CMSIS Pack Vendor :STMicroelectronics ThreadX 0.0.2
2025-10-15 10:41:42,577 [INFO] ThirdParty:1030 - CMSIS Pack Vendor :WES I-CUBE-Cesium 1.3.0
2025-10-15 10:41:42,577 [INFO] ThirdParty:1030 - CMSIS Pack Vendor :STMicroelectronics lwIP 2.1.2
2025-10-15 10:41:42,577 [INFO] ThirdParty:1030 - CMSIS Pack Vendor :STMicroelectronics X-CUBE-SFXS2LP1 4.0.0
2025-10-15 10:41:42,577 [INFO] ThirdParty:1030 - CMSIS Pack Vendor :STMicroelectronics X-CUBE-BLE2 3.3.0
2025-10-15 10:41:42,577 [INFO] ThirdParty:1030 - CMSIS Pack Vendor :STMicroelectronics PDM2PCM 3.2.0
2025-10-15 10:41:42,577 [INFO] ThirdParty:1030 - CMSIS Pack Vendor :STMicroelectronics X-CUBE-AZRTOS-H7 3.3.0
2025-10-15 10:41:42,577 [INFO] ThirdParty:1030 - CMSIS Pack Vendor :STMicroelectronics X-CUBE-NFC9 1.0.0
2025-10-15 10:41:42,577 [INFO] ThirdParty:1030 - CMSIS Pack Vendor :STMicroelectronics X-CUBE-BLE1 7.1.0
2025-10-15 10:41:42,577 [INFO] ThirdParty:1030 - CMSIS Pack Vendor :STMicroelectronics USB_DEVICE 3.0.0
2025-10-15 10:41:42,577 [INFO] ThirdParty:1030 - CMSIS Pack Vendor :STMicroelectronics X-CUBE-TCPP 4.1.0
2025-10-15 10:41:42,577 [INFO] ThirdParty:1030 - CMSIS Pack Vendor :STMicroelectronics X-CUBE-EEPRMA1 5.2.0
2025-10-15 10:41:42,577 [INFO] ThirdParty:1030 - CMSIS Pack Vendor :STMicroelectronics X-CUBE-BLEMGR 4.1.0
2025-10-15 10:41:42,577 [INFO] ThirdParty:1030 - CMSIS Pack Vendor :STMicroelectronics X-CUBE-IPS 3.0.0
2025-10-15 10:41:42,577 [INFO] ThirdParty:1030 - CMSIS Pack Vendor :STMicroelectronics X-CUBE-AZRTOS-WB 2.0.0
2025-10-15 10:41:42,577 [INFO] ThirdParty:1030 - CMSIS Pack Vendor :STMicroelectronics X-CUBE-GNSS1 7.0.0
2025-10-15 10:41:42,577 [INFO] ThirdParty:1030 - CMSIS Pack Vendor :STMicroelectronics X-CUBE-GNSS1 7.0.1
2025-10-15 10:41:42,577 [INFO] ThirdParty:1030 - CMSIS Pack Vendor :STMicroelectronics X-CUBE-TOUCHGFX 4.25.0
2025-10-15 10:41:42,577 [INFO] ThirdParty:1030 - CMSIS Pack Vendor :STMicroelectronics X-CUBE-ST67W61 1.1.0
2025-10-15 10:41:42,577 [INFO] ThirdParty:1030 - CMSIS Pack Vendor :STMicroelectronics X-CUBE-AI 10.1.0
2025-10-15 10:41:42,577 [INFO] ThirdParty:1030 - CMSIS Pack Vendor :STMicroelectronics FP-SNS-STBOX1 2.0.0
2025-10-15 10:41:42,577 [INFO] ThirdParty:1030 - CMSIS Pack Vendor :STMicroelectronics X-CUBE-MEMS1 11.2.0
2025-10-15 10:41:42,577 [INFO] ThirdParty:1030 - CMSIS Pack Vendor :STMicroelectronics X-CUBE-AZRTOS-G0 1.1.0
2025-10-15 10:41:42,577 [INFO] ThirdParty:1030 - CMSIS Pack Vendor :STMicroelectronics X-CUBE-SAFEA1 1.2.2
2025-10-15 10:41:42,577 [INFO] ThirdParty:1030 - CMSIS Pack Vendor :STMicroelectronics X-CUBE-NFC4 3.0.0
2025-10-15 10:41:42,577 [INFO] ThirdParty:1030 - CMSIS Pack Vendor :STMicroelectronics X-CUBE-SUBG2 5.0.0
2025-10-15 10:41:42,577 [INFO] ThirdParty:1030 - CMSIS Pack Vendor :STMicroelectronics X-CUBE-AZRTOS-H7RS 1.1.0
2025-10-15 10:41:42,577 [INFO] ThirdParty:1030 - CMSIS Pack Vendor :STMicroelectronics STM32_WPAN 1.0.0
2025-10-15 10:41:42,577 [INFO] ThirdParty:1030 - CMSIS Pack Vendor :EmbeddedOffice I-CUBE-FS-RTOS 1.0.1
2025-10-15 10:41:42,577 [INFO] ThirdParty:1030 - CMSIS Pack Vendor :STMicroelectronics lwIP 2.0.3
2025-10-15 10:41:42,577 [INFO] ThirdParty:1030 - CMSIS Pack Vendor :Cesanta I-CUBE-Mongoose 7.13.0
2025-10-15 10:41:42,577 [INFO] ThirdParty:1030 - CMSIS Pack Vendor :STMicroelectronics USB_HOST 1.0.0
2025-10-15 10:41:42,577 [INFO] ThirdParty:1030 - CMSIS Pack Vendor :STMicroelectronics X-CUBE-AZRTOS-G4 2.0.0
2025-10-15 10:41:42,577 [INFO] ThirdParty:1030 - CMSIS Pack Vendor :STMicroelectronics X-CUBE-WB05N 2.0.0
2025-10-15 10:41:42,577 [INFO] ThirdParty:1030 - CMSIS Pack Vendor :STMicroelectronics PDM2PCM 3.1.0
2025-10-15 10:41:42,577 [INFO] ThirdParty:1030 - CMSIS Pack Vendor :STMicroelectronics X-CUBE-NFC7 2.0.0
2025-10-15 10:41:42,577 [INFO] ThirdParty:1030 - CMSIS Pack Vendor :STMicroelectronics X-CUBE-TCPP 4.2.0
2025-10-15 10:41:42,577 [INFO] ThirdParty:1030 - CMSIS Pack Vendor :RealThread X-CUBE-RT-Thread_Nano 4.1.1
2025-10-15 10:41:42,577 [INFO] ThirdParty:1030 - CMSIS Pack Vendor :STMicroelectronics FP-ATR-SIGFOX1 3.2.0
2025-10-15 10:41:42,577 [INFO] ThirdParty:1030 - CMSIS Pack Vendor :wolfSSL I-CUBE-wolfSSL 5.7.2
2025-10-15 10:41:42,577 [INFO] ThirdParty:1030 - CMSIS Pack Vendor :quantropi X-CUBE-qispace-sdk-base 1.9.3
2025-10-15 10:41:42,577 [INFO] ThirdParty:1030 - CMSIS Pack Vendor :STMicroelectronics X-CUBE-EEPRMA1 5.1.0
2025-10-15 10:41:42,577 [INFO] ThirdParty:1030 - CMSIS Pack Vendor :STMicroelectronics MBEDTLS 2.16.2
2025-10-15 10:41:42,577 [INFO] ThirdParty:1030 - CMSIS Pack Vendor :STMicroelectronics X-CUBE-IPS 3.1.0
2025-10-15 10:41:42,577 [INFO] ThirdParty:1030 - CMSIS Pack Vendor :STMicroelectronics X-CUBE-ALS 1.0.2
2025-10-15 10:41:42,577 [INFO] ThirdParty:1030 - CMSIS Pack Vendor :ITTIA_DB I-CUBE-ITTIADB 8.9.0
2025-10-15 10:41:42,577 [INFO] ThirdParty:1030 - CMSIS Pack Vendor :STMicroelectronics X-CUBE-TOUCHGFX 4.24.2
2025-10-15 10:41:42,577 [INFO] ThirdParty:1030 - CMSIS Pack Vendor :STMicroelectronics X-CUBE-TOUCHGFX 4.24.1
2025-10-15 10:41:42,578 [INFO] ThirdParty:1030 - CMSIS Pack Vendor :STMicroelectronics X-CUBE-STSE01 1.0.0
2025-10-15 10:41:42,578 [INFO] ThirdParty:1030 - CMSIS Pack Vendor :wolfSSL I-CUBE-wolfTPM 3.4.0
2025-10-15 10:41:42,578 [INFO] ThirdParty:1030 - CMSIS Pack Vendor :portGmbH I-Cube-SoM-uGOAL 1.1.0
2025-10-15 10:41:42,578 [INFO] ThirdParty:1030 - CMSIS Pack Vendor :STMicroelectronics X-CUBE-ST67W61 1.0.0
2025-10-15 10:41:42,578 [INFO] ThirdParty:1030 - CMSIS Pack Vendor :STMicroelectronics X-CUBE-AI 10.2.0
2025-10-15 10:41:42,578 [INFO] ThirdParty:1030 - CMSIS Pack Vendor :STMicroelectronics ThreadX 1.0.0
2025-10-15 10:41:42,578 [INFO] ThirdParty:1030 - CMSIS Pack Vendor :SEGGER I-CUBE-embOS 1.3.1
2025-10-15 10:41:42,578 [INFO] ThirdParty:1030 - CMSIS Pack Vendor :STMicroelectronics X-CUBE-ALGOBUILD 1.4.0
2025-10-15 10:41:42,578 [INFO] ThirdParty:1030 - CMSIS Pack Vendor :STMicroelectronics X-CUBE-MEMS1 11.3.0
2025-10-15 10:41:42,578 [INFO] ThirdParty:1030 - CMSIS Pack Vendor :STMicroelectronics X-CUBE-AZRTOS-H7RS 1.0.0
2025-10-15 10:41:42,578 [INFO] ThirdParty:1030 - CMSIS Pack Vendor :STMicroelectronics FP-ATR-ASTRA1 2.0.0
2025-10-15 10:41:42,578 [INFO] ThirdParty:1030 - CMSIS Pack Vendor :STMicroelectronics X-CUBE-TOF1 3.4.2
2025-10-15 10:41:42,578 [INFO] ThirdParty:1030 - CMSIS Pack Vendor :STMicroelectronics X-CUBE-TOF1 3.4.3
2025-10-15 10:41:42,578 [INFO] ThirdParty:1030 - CMSIS Pack Vendor :STMicroelectronics X-CUBE-AI 9.1.0
2025-10-15 10:41:42,578 [INFO] ThirdParty:1030 - CMSIS Pack Vendor :Infineon AIROC-Wi-Fi-Bluetooth-STM32 1.6.1
2025-10-15 10:41:42,578 [INFO] ThirdParty:1030 - CMSIS Pack Vendor :wolfSSL I-CUBE-wolfSSH 1.4.17
2025-10-15 10:41:42,578 [INFO] ThirdParty:841 - exiting critical section [change project]
2025-10-15 10:41:42,952 [INFO] PinOutPanel:1589 - setPackage(No Configuration,No Configuration)
2025-10-15 10:41:42,952 [INFO] PinOutPanel:1589 - setPackage(STM32H755ZITx,LQFP144)
2025-10-15 10:41:43,442 [INFO] UtilMem:75 - Before build in PCC Used Memory: 637202096 Bytes (1073741824)
2025-10-15 10:41:43,679 [INFO] UtilMem:75 - After build in PCC Used Memory: 757262000 Bytes (1073741824)
2025-10-15 10:41:43,705 [INFO] IPUIPlugin:80 - create IPUIPlugin
2025-10-15 10:41:43,705 [INFO] IPUIPlugin:80 - create IPUIPlugin
2025-10-15 10:41:43,705 [INFO] IPUIPlugin:80 - create IPUIPlugin
2025-10-15 10:41:43,705 [INFO] IPUIPlugin:80 - create IPUIPlugin
2025-10-15 10:41:43,705 [INFO] IPUIPlugin:80 - create IPUIPlugin
2025-10-15 10:41:43,706 [INFO] IPUIPlugin:80 - create IPUIPlugin
2025-10-15 10:41:43,706 [INFO] IPUIPlugin:80 - create IPUIPlugin
2025-10-15 10:41:43,706 [INFO] IPUIPlugin:80 - create IPUIPlugin
2025-10-15 10:41:43,706 [INFO] IPUIPlugin:80 - create IPUIPlugin
2025-10-15 10:41:43,706 [INFO] IPUIPlugin:80 - create IPUIPlugin
2025-10-15 10:41:43,706 [INFO] IPUIPlugin:80 - create IPUIPlugin
2025-10-15 10:41:43,706 [INFO] IPUIPlugin:80 - create IPUIPlugin
2025-10-15 10:41:43,706 [INFO] IPUIPlugin:80 - create IPUIPlugin
2025-10-15 10:41:43,706 [INFO] IPUIPlugin:80 - create IPUIPlugin
2025-10-15 10:41:43,706 [INFO] IPUIPlugin:80 - create IPUIPlugin
2025-10-15 10:41:43,707 [INFO] IPUIPlugin:80 - create IPUIPlugin
2025-10-15 10:41:43,707 [INFO] IPUIPlugin:80 - create IPUIPlugin
2025-10-15 10:41:43,707 [INFO] IPUIPlugin:80 - create IPUIPlugin
2025-10-15 10:41:43,707 [INFO] IPUIPlugin:80 - create IPUIPlugin
2025-10-15 10:41:43,707 [INFO] IPUIPlugin:80 - create IPUIPlugin
2025-10-15 10:41:43,707 [INFO] IPUIPlugin:80 - create IPUIPlugin
2025-10-15 10:41:43,707 [INFO] IPUIPlugin:80 - create IPUIPlugin
2025-10-15 10:41:43,707 [INFO] IPUIPlugin:80 - create IPUIPlugin
2025-10-15 10:41:43,707 [INFO] IPUIPlugin:80 - create IPUIPlugin
2025-10-15 10:41:43,707 [INFO] IPUIPlugin:80 - create IPUIPlugin
2025-10-15 10:41:43,707 [INFO] IPUIPlugin:80 - create IPUIPlugin
2025-10-15 10:41:43,707 [INFO] IPUIPlugin:80 - create IPUIPlugin
2025-10-15 10:41:43,708 [INFO] IPUIPlugin:80 - create IPUIPlugin
2025-10-15 10:41:43,708 [INFO] IPUIPlugin:80 - create IPUIPlugin
2025-10-15 10:41:43,708 [INFO] IPUIPlugin:80 - create IPUIPlugin
2025-10-15 10:41:43,708 [INFO] IPUIPlugin:80 - create IPUIPlugin
2025-10-15 10:41:43,708 [INFO] IPUIPlugin:80 - create IPUIPlugin
2025-10-15 10:41:43,708 [INFO] IPUIPlugin:80 - create IPUIPlugin
2025-10-15 10:41:43,708 [INFO] IPUIPlugin:80 - create IPUIPlugin
2025-10-15 10:41:43,708 [INFO] IPUIPlugin:80 - create IPUIPlugin
2025-10-15 10:41:43,708 [INFO] IPUIPlugin:80 - create IPUIPlugin
2025-10-15 10:41:43,709 [INFO] IPUIPlugin:80 - create IPUIPlugin
2025-10-15 10:41:43,709 [INFO] IPUIPlugin:80 - create IPUIPlugin
2025-10-15 10:41:43,709 [INFO] IPUIPlugin:80 - create IPUIPlugin
2025-10-15 10:41:43,710 [INFO] IPUIPlugin:80 - create IPUIPlugin
2025-10-15 10:41:43,710 [INFO] IPUIPlugin:80 - create IPUIPlugin
2025-10-15 10:41:43,710 [INFO] IPUIPlugin:80 - create IPUIPlugin
2025-10-15 10:41:43,710 [INFO] IPUIPlugin:80 - create IPUIPlugin
2025-10-15 10:41:43,710 [INFO] IPUIPlugin:80 - create IPUIPlugin
2025-10-15 10:41:43,711 [INFO] IPUIPlugin:80 - create IPUIPlugin
2025-10-15 10:41:43,711 [INFO] IPUIPlugin:80 - create IPUIPlugin
2025-10-15 10:41:43,711 [INFO] IPUIPlugin:80 - create IPUIPlugin
2025-10-15 10:41:43,711 [INFO] IPUIPlugin:80 - create IPUIPlugin
2025-10-15 10:41:43,711 [INFO] IPUIPlugin:80 - create IPUIPlugin
2025-10-15 10:41:43,712 [INFO] IPUIPlugin:80 - create IPUIPlugin
2025-10-15 10:41:43,712 [INFO] IPUIPlugin:80 - create IPUIPlugin
2025-10-15 10:41:43,712 [INFO] IPUIPlugin:80 - create IPUIPlugin
2025-10-15 10:41:43,712 [INFO] IPUIPlugin:80 - create IPUIPlugin
2025-10-15 10:41:43,712 [INFO] IPUIPlugin:80 - create IPUIPlugin
2025-10-15 10:41:43,713 [INFO] IPUIPlugin:80 - create IPUIPlugin
2025-10-15 10:41:43,713 [INFO] IPUIPlugin:80 - create IPUIPlugin
2025-10-15 10:41:43,713 [INFO] IPUIPlugin:80 - create IPUIPlugin
2025-10-15 10:41:43,713 [INFO] IPUIPlugin:80 - create IPUIPlugin
2025-10-15 10:41:43,713 [INFO] IPUIPlugin:80 - create IPUIPlugin
2025-10-15 10:41:43,713 [INFO] IPUIPlugin:80 - create IPUIPlugin
2025-10-15 10:41:43,713 [INFO] IPUIPlugin:80 - create IPUIPlugin
2025-10-15 10:41:43,715 [INFO] IPUIPlugin:80 - create IPUIPlugin
2025-10-15 10:41:43,715 [INFO] IPUIPlugin:80 - create IPUIPlugin
2025-10-15 10:41:43,715 [INFO] IPUIPlugin:80 - create IPUIPlugin
2025-10-15 10:41:43,716 [INFO] IPUIPlugin:80 - create IPUIPlugin
2025-10-15 10:41:43,716 [INFO] IPUIPlugin:80 - create IPUIPlugin
2025-10-15 10:41:43,716 [INFO] IPUIPlugin:80 - create IPUIPlugin
2025-10-15 10:41:43,716 [INFO] IPUIPlugin:80 - create IPUIPlugin
2025-10-15 10:41:43,717 [INFO] IPUIPlugin:80 - create IPUIPlugin
2025-10-15 10:41:43,717 [INFO] IPUIPlugin:80 - create IPUIPlugin
2025-10-15 10:41:43,717 [INFO] IPUIPlugin:80 - create IPUIPlugin
2025-10-15 10:41:43,717 [INFO] IPUIPlugin:80 - create IPUIPlugin
2025-10-15 10:41:43,718 [INFO] IPUIPlugin:80 - create IPUIPlugin
2025-10-15 10:41:43,718 [INFO] IPUIPlugin:80 - create IPUIPlugin
2025-10-15 10:41:43,718 [INFO] IPUIPlugin:80 - create IPUIPlugin
2025-10-15 10:41:43,719 [INFO] IPUIPlugin:80 - create IPUIPlugin
2025-10-15 10:41:43,719 [INFO] IPUIPlugin:80 - create IPUIPlugin
2025-10-15 10:41:43,719 [INFO] IPUIPlugin:80 - create IPUIPlugin
2025-10-15 10:41:43,720 [INFO] IPUIPlugin:80 - create IPUIPlugin
2025-10-15 10:41:43,720 [INFO] IPUIPlugin:80 - create IPUIPlugin
2025-10-15 10:41:43,720 [INFO] IPUIPlugin:80 - create IPUIPlugin
2025-10-15 10:41:43,720 [INFO] IPUIPlugin:80 - create IPUIPlugin
2025-10-15 10:41:43,721 [INFO] IPUIPlugin:80 - create IPUIPlugin
2025-10-15 10:41:43,721 [INFO] IPUIPlugin:80 - create IPUIPlugin
2025-10-15 10:41:43,722 [INFO] IPUIPlugin:80 - create IPUIPlugin
2025-10-15 10:41:43,722 [INFO] IPUIPlugin:80 - create IPUIPlugin
2025-10-15 10:41:43,722 [INFO] IPUIPlugin:80 - create IPUIPlugin
2025-10-15 10:41:43,723 [INFO] IPUIPlugin:80 - create IPUIPlugin
2025-10-15 10:41:43,723 [INFO] IPUIPlugin:80 - create IPUIPlugin
2025-10-15 10:41:43,723 [INFO] IPUIPlugin:80 - create IPUIPlugin
2025-10-15 10:41:43,724 [INFO] IPUIPlugin:80 - create IPUIPlugin
2025-10-15 10:41:43,724 [INFO] IPUIPlugin:80 - create IPUIPlugin
2025-10-15 10:41:43,724 [INFO] IPUIPlugin:80 - create IPUIPlugin
2025-10-15 10:41:43,725 [INFO] IPUIPlugin:80 - create IPUIPlugin
2025-10-15 10:41:43,725 [INFO] IPUIPlugin:80 - create IPUIPlugin
2025-10-15 10:41:43,725 [INFO] IPUIPlugin:80 - create IPUIPlugin
2025-10-15 10:41:43,726 [INFO] IPUIPlugin:80 - create IPUIPlugin
2025-10-15 10:41:43,726 [INFO] IPUIPlugin:80 - create IPUIPlugin
2025-10-15 10:41:43,726 [INFO] IPUIPlugin:80 - create IPUIPlugin
2025-10-15 10:41:43,727 [INFO] IPUIPlugin:80 - create IPUIPlugin
2025-10-15 10:41:43,727 [INFO] IPUIPlugin:80 - create IPUIPlugin
2025-10-15 10:41:43,728 [INFO] IPUIPlugin:80 - create IPUIPlugin
2025-10-15 10:41:43,728 [INFO] IPUIPlugin:80 - create IPUIPlugin
2025-10-15 10:41:43,729 [INFO] IPUIPlugin:80 - create IPUIPlugin
2025-10-15 10:41:43,729 [INFO] IPUIPlugin:80 - create IPUIPlugin
2025-10-15 10:41:43,729 [INFO] IPUIPlugin:80 - create IPUIPlugin
2025-10-15 10:41:43,730 [INFO] IPUIPlugin:80 - create IPUIPlugin
2025-10-15 10:41:43,730 [INFO] IPUIPlugin:80 - create IPUIPlugin
2025-10-15 10:41:43,731 [INFO] IPUIPlugin:80 - create IPUIPlugin
2025-10-15 10:41:43,731 [INFO] IPUIPlugin:80 - create IPUIPlugin
2025-10-15 10:41:43,732 [INFO] IPUIPlugin:80 - create IPUIPlugin
2025-10-15 10:41:43,732 [INFO] IPUIPlugin:80 - create IPUIPlugin
2025-10-15 10:41:43,733 [INFO] IPUIPlugin:80 - create IPUIPlugin
2025-10-15 10:41:43,733 [INFO] IPUIPlugin:80 - create IPUIPlugin
2025-10-15 10:41:43,741 [INFO] ApiDbMcu:532 - Load IP Config File for PDM2PCM_M7
2025-10-15 10:41:43,743 [INFO] ApiDbMcu:532 - Load IP Config File for PDM2PCM_M4
2025-10-15 10:41:43,749 [WARN] IP:2250 - ClockDivider not found: check if there is a RefParameter without a condition.
2025-10-15 10:41:43,749 [WARN] IP:2250 - ClockDividerCCU not found: check if there is a RefParameter without a condition.
2025-10-15 10:41:43,749 [WARN] IP:2250 - MinOscClkPeriodsCCU not found: check if there is a RefParameter without a condition.
2025-10-15 10:41:43,749 [WARN] IP:2250 - TimeQuantaPerBitTimeCCU not found: check if there is a RefParameter without a condition.
2025-10-15 10:41:43,749 [WARN] IP:2250 - WatchdogStartValueCCU not found: check if there is a RefParameter without a condition.
2025-10-15 10:41:43,755 [INFO] LogOutputStream:77 - [STDOUT_REDIRECT] Nominal 
2025-10-15 10:41:43,755 [INFO] Can:71 - Can Add PropertyChangeListener com.st.microxplorer.plugins.ip.can.Can@764c1cd0
2025-10-15 10:41:43,820 [INFO] CADModel:165 - CPN selected for project levelSTM32H755ZIT6
2025-10-15 10:41:43,820 [INFO] CADModel:114 - Register for checkConnection events
2025-10-15 10:41:43,875 [INFO] OpenFileManager:386 - Restore cursor
2025-10-15 10:41:44,082 [WARN] IP:2250 - ClockDivider not found: check if there is a RefParameter without a condition.
2025-10-15 10:41:44,082 [WARN] IP:2250 - ClockDividerCCU not found: check if there is a RefParameter without a condition.
2025-10-15 10:41:44,082 [WARN] IP:2250 - MinOscClkPeriodsCCU not found: check if there is a RefParameter without a condition.
2025-10-15 10:41:44,083 [WARN] IP:2250 - TimeQuantaPerBitTimeCCU not found: check if there is a RefParameter without a condition.
2025-10-15 10:41:44,083 [WARN] IP:2250 - WatchdogStartValueCCU not found: check if there is a RefParameter without a condition.
2025-10-15 10:46:15,499 [INFO] WebApp:403 - JxBrowser engine has been closed 
2025-10-15 10:51:35,096 [INFO] Activator:176 - 


2025-10-15 10:51:35,098 [INFO] Activator:177 - !SESSION log4j initialized
2025-10-15 10:51:39,627 [INFO] LogOutputStream:77 - [STDOUT_REDIRECT] 
2025-10-15 10:51:40,301 [INFO] ApplicationProperties:184 - Using Application install path: C:\ST\STM32CubeIDE_1.16.1\STM32CubeIDE\plugins\com.st.stm32cube.common.mx_6.15.0.202507011659
2025-10-15 10:51:40,314 [INFO] DbMcusXml:78 - Set database path to: C:\ST\STM32CubeIDE_1.16.1\STM32CubeIDE\plugins\com.st.stm32cube.common.mx_6.15.0.202507011659\\db\/mcu/
2025-10-15 10:51:40,314 [INFO] ApiDb:274 - Set plugin database path to: C:\ST\STM32CubeIDE_1.16.1\STM32CubeIDE\plugins\com.st.stm32cube.common.mx_6.15.0.202507011659\\db\/plugins/boardmanager/
2025-10-15 10:51:40,314 [WARN] ApiDb:259 - Overriding images path with different value:  => C:\ST\STM32CubeIDE_1.16.1\STM32CubeIDE\plugins\com.st.stm32cube.common.mx_6.15.0.202507011659\\db\/plugins/mcufinder/images/
2025-10-15 10:51:40,319 [INFO] ApiDb:250 - Set database path to: C:\Users\Miloush\.stmcufinder\plugins\mcufinder//mcu/
2025-10-15 10:51:40,320 [INFO] DbMcusAds:125 - Set database path to: C:\Users\Miloush\.stmcufinder\plugins\mcufinder//mcu/
2025-10-15 10:51:40,322 [INFO] CrossReferenceDbSqlite:203 - Set database path to: C:\Users\Miloush\.stmcufinder\plugins\mcufinder//mcu/cs/
2025-10-15 10:51:40,406 [INFO] RulesReader:64 - Compatibility file has been processed (317 Rules)
2025-10-15 10:51:40,476 [INFO] DbMcusXml:78 - Set database path to: C:\ST\STM32CubeIDE_1.16.1\STM32CubeIDE\plugins\com.st.stm32cube.common.mx_6.15.0.202507011659\\db\/mcu/
2025-10-15 10:51:40,477 [INFO] ApiDb:274 - Set plugin database path to: C:\ST\STM32CubeIDE_1.16.1\STM32CubeIDE\plugins\com.st.stm32cube.common.mx_6.15.0.202507011659\\db\/plugins/boardmanager/
2025-10-15 10:51:40,477 [INFO] ApiDb:261 - Set plugin images path to: C:\ST\STM32CubeIDE_1.16.1\STM32CubeIDE\plugins\com.st.stm32cube.common.mx_6.15.0.202507011659\\db\/plugins/mcufinder/images/
2025-10-15 10:51:40,477 [WARN] DbFile:41 - Overriding database path with different value: C:\Users\Miloush\.stmcufinder\plugins\mcufinder/ => C:\Users\Miloush\.stmcufinder\plugins\mcufinder
2025-10-15 10:51:40,477 [INFO] ApiDb:250 - Set database path to: C:\Users\Miloush\.stmcufinder\plugins\mcufinder//mcu/
2025-10-15 10:51:40,477 [WARN] DbFile:41 - Overriding database path with different value: C:\Users\Miloush\.stmcufinder\plugins\mcufinder/ => C:\Users\Miloush\.stmcufinder\plugins\mcufinder
2025-10-15 10:51:40,477 [INFO] DbMcusAds:125 - Set database path to: C:\Users\Miloush\.stmcufinder\plugins\mcufinder//mcu/
2025-10-15 10:51:40,477 [WARN] DbFile:41 - Overriding database path with different value: C:\Users\Miloush\.stmcufinder\plugins\mcufinder/ => C:\Users\Miloush\.stmcufinder\plugins\mcufinder
2025-10-15 10:51:40,477 [WARN] DbFile:41 - Overriding database path with different value: C:\Users\Miloush\.stmcufinder\plugins\mcufinder/ => C:\Users\Miloush\.stmcufinder\plugins\mcufinder
2025-10-15 10:51:40,477 [INFO] CrossReferenceDbSqlite:203 - Set database path to: C:\Users\Miloush\.stmcufinder\plugins\mcufinder//mcu/cs/
2025-10-15 10:51:40,527 [INFO] MainPanel:274 - HeapMemory: 268435456
2025-10-15 10:51:40,602 [INFO] DbMcusXml:78 - Set database path to: C:\ST\STM32CubeIDE_1.16.1\STM32CubeIDE\plugins\com.st.stm32cube.common.mx_6.15.0.202507011659\\db\/mcu/
2025-10-15 10:51:40,602 [INFO] ApiDb:274 - Set plugin database path to: C:\ST\STM32CubeIDE_1.16.1\STM32CubeIDE\plugins\com.st.stm32cube.common.mx_6.15.0.202507011659\\db\/plugins/boardmanager/
2025-10-15 10:51:40,602 [INFO] ApiDb:261 - Set plugin images path to: C:\ST\STM32CubeIDE_1.16.1\STM32CubeIDE\plugins\com.st.stm32cube.common.mx_6.15.0.202507011659\\db\/plugins/mcufinder/images/
2025-10-15 10:51:40,603 [WARN] DbFile:41 - Overriding database path with different value: C:\Users\Miloush\.stmcufinder\plugins\mcufinder/ => C:\Users\Miloush\.stmcufinder\plugins\mcufinder
2025-10-15 10:51:40,603 [INFO] ApiDb:250 - Set database path to: C:\Users\Miloush\.stmcufinder\plugins\mcufinder//mcu/
2025-10-15 10:51:40,603 [WARN] DbFile:41 - Overriding database path with different value: C:\Users\Miloush\.stmcufinder\plugins\mcufinder/ => C:\Users\Miloush\.stmcufinder\plugins\mcufinder
2025-10-15 10:51:40,603 [INFO] DbMcusAds:125 - Set database path to: C:\Users\Miloush\.stmcufinder\plugins\mcufinder//mcu/
2025-10-15 10:51:40,603 [WARN] DbFile:41 - Overriding database path with different value: C:\Users\Miloush\.stmcufinder\plugins\mcufinder/ => C:\Users\Miloush\.stmcufinder\plugins\mcufinder
2025-10-15 10:51:40,603 [WARN] DbFile:41 - Overriding database path with different value: C:\Users\Miloush\.stmcufinder\plugins\mcufinder/ => C:\Users\Miloush\.stmcufinder\plugins\mcufinder
2025-10-15 10:51:40,603 [INFO] CrossReferenceDbSqlite:203 - Set database path to: C:\Users\Miloush\.stmcufinder\plugins\mcufinder//mcu/cs/
2025-10-15 10:51:40,616 [INFO] ApplicationProperties:184 - Using Application install path: C:\ST\STM32CubeIDE_1.16.1\STM32CubeIDE\plugins\com.st.stm32cube.common.mx_6.15.0.202507011659
2025-10-15 10:51:40,617 [INFO] PluginManage:196 - Search for loadable plugins [exclusion list=, ]
2025-10-15 10:51:40,618 [INFO] PluginManage:310 - Check plugin analytics
2025-10-15 10:51:40,760 [INFO] AnalyticsPlugin:253 - Accepted Software Licenses: STM32CubeMX.6.15.0
2025-10-15 10:51:40,760 [INFO] AnalyticsPlugin:255 - Accepted CMSIS Pack Licenses: 
2025-10-15 10:51:40,760 [INFO] AnalyticsPlugin:257 - Accepted Firmware Licenses: FW.G4.1.6.0,FW.F4.1.28.0
2025-10-15 10:51:40,762 [INFO] PluginManage:359 - Loaded plugin analytics (category:tool,tabindex:-1)
2025-10-15 10:51:40,764 [INFO] PluginManage:310 - Check plugin cadmodel
2025-10-15 10:51:40,769 [INFO] CADModel:105 - Init CAD model plugin
2025-10-15 10:51:40,769 [INFO] PluginManage:359 - Loaded plugin cadmodel (category:power,tabindex:5)
2025-10-15 10:51:40,770 [INFO] PluginManage:310 - Check plugin clock
2025-10-15 10:51:40,780 [INFO] PluginManage:359 - Loaded plugin clock (category:base,tabindex:2)
2025-10-15 10:51:40,780 [INFO] PluginManage:310 - Check plugin ddr
2025-10-15 10:51:40,783 [INFO] PluginManage:359 - Loaded plugin ddr (category:tool,tabindex:6)
2025-10-15 10:51:40,783 [INFO] PluginManage:310 - Check plugin filemanager
2025-10-15 10:51:40,897 [INFO] PluginManage:359 - Loaded plugin filemanager (category:base,tabindex:10)
2025-10-15 10:51:40,897 [INFO] PluginManage:310 - Check plugin ipmanager
2025-10-15 10:51:40,901 [INFO] PluginManage:359 - Loaded plugin ipmanager (category:base,tabindex:5)
2025-10-15 10:51:40,901 [INFO] PluginManage:310 - Check plugin lpbam
2025-10-15 10:51:40,907 [INFO] PluginManage:359 - Loaded plugin lpbam (category:base,tabindex:0)
2025-10-15 10:51:40,907 [INFO] PluginManage:310 - Check plugin memorymap
2025-10-15 10:51:40,917 [INFO] PluginManage:359 - Loaded plugin memorymap (category:base,tabindex:4)
2025-10-15 10:51:40,917 [INFO] PluginManage:310 - Check plugin pinoutandconfiguration
2025-10-15 10:51:40,923 [INFO] PluginManage:359 - Loaded plugin pinoutandconfiguration (category:base,tabindex:1)
2025-10-15 10:51:40,923 [INFO] PluginManage:310 - Check plugin pinoutconfig
2025-10-15 10:51:40,982 [WARN] SupportedApi:132 - Cannot load RTOS API schema: s4s-elt-must-match.1: The content of 'definitions' must match (annotation?, (simpleType | complexType)?, (unique | key | keyref)*)). A problem was found starting at: attribute.
2025-10-15 10:51:41,069 [INFO] PluginManage:359 - Loaded plugin pinoutconfig (category:base,tabindex:0)
2025-10-15 10:51:41,070 [INFO] PluginManage:310 - Check plugin power
2025-10-15 10:51:41,077 [INFO] PluginManage:359 - Loaded plugin power (category:power,tabindex:4)
2025-10-15 10:51:41,077 [INFO] PluginManage:310 - Check plugin projectmanager
2025-10-15 10:51:41,087 [INFO] PluginManage:359 - Loaded plugin projectmanager (category:projectmanager,tabindex:4)
2025-10-15 10:51:41,087 [INFO] PluginManage:310 - Check plugin rif
2025-10-15 10:51:41,096 [INFO] PluginManage:359 - Loaded plugin rif (category:base,tabindex:3)
2025-10-15 10:51:41,096 [INFO] PluginManage:310 - Check plugin thirdparty
2025-10-15 10:51:41,190 [WARN] IntegrityCheckThread:84 - waiting for thirdparty lock release [integrity check]
2025-10-15 10:51:41,190 [INFO] IntegrityCheckThread:86 - entering critical section [integrity check]
2025-10-15 10:51:41,190 [INFO] PluginManage:359 - Loaded plugin thirdparty (category:base,tabindex:-1)
2025-10-15 10:51:41,190 [INFO] ThirdPartyUpdaterWithRetryManager:70 - Updater plugin not ready yet. [1/15]
2025-10-15 10:51:41,191 [INFO] PluginManage:310 - Check plugin tools
2025-10-15 10:51:41,193 [INFO] PluginManage:359 - Loaded plugin tools (category:base,tabindex:7)
2025-10-15 10:51:41,193 [INFO] PluginManage:310 - Check plugin tutovideos
2025-10-15 10:51:41,361 [INFO] PluginManage:359 - Loaded plugin tutovideos (category:base,tabindex:-1)
2025-10-15 10:51:41,361 [INFO] PluginManage:310 - Check plugin updater
2025-10-15 10:51:41,376 [INFO] PluginManage:359 - Loaded plugin updater (category:base,tabindex:12)
2025-10-15 10:51:41,376 [INFO] PluginManage:310 - Check plugin userauth
2025-10-15 10:51:41,379 [INFO] UserAuth:118 - Init User Auth plugin
2025-10-15 10:51:41,379 [INFO] PluginManage:359 - Loaded plugin userauth (category:base,tabindex:14)
2025-10-15 10:51:41,379 [INFO] PluginManage:283 - PluginManage : Loaded plugins [18]
2025-10-15 10:51:41,512 [INFO] PinOutPanel:1589 - setPackage(No Configuration,No Configuration)
2025-10-15 10:51:41,566 [INFO] CADModel:165 - CPN selected for project level
2025-10-15 10:51:41,566 [INFO] CADModel:114 - Register for checkConnection events
2025-10-15 10:51:41,576 [INFO] IPUIPlugin:80 - create IPUIPlugin
2025-10-15 10:51:41,576 [INFO] PluginManager:220 - loadIPPluginJar : add adc
2025-10-15 10:51:41,577 [INFO] IPUIPlugin:80 - create IPUIPlugin
2025-10-15 10:51:41,578 [INFO] PluginManager:220 - loadIPPluginJar : add aes
2025-10-15 10:51:41,579 [INFO] IPUIPlugin:80 - create IPUIPlugin
2025-10-15 10:51:41,579 [INFO] PluginManager:220 - loadIPPluginJar : add can
2025-10-15 10:51:41,580 [INFO] IPUIPlugin:80 - create IPUIPlugin
2025-10-15 10:51:41,580 [INFO] PluginManager:220 - loadIPPluginJar : add comp
2025-10-15 10:51:41,582 [INFO] IPUIPlugin:80 - create IPUIPlugin
2025-10-15 10:51:41,582 [INFO] PluginManager:220 - loadIPPluginJar : add cryp
2025-10-15 10:51:41,583 [INFO] IPUIPlugin:80 - create IPUIPlugin
2025-10-15 10:51:41,584 [INFO] PluginManager:220 - loadIPPluginJar : add ddr_ctrl_phy
2025-10-15 10:51:41,585 [INFO] IPUIPlugin:80 - create IPUIPlugin
2025-10-15 10:51:41,585 [INFO] PluginManager:220 - loadIPPluginJar : add dfsdm
2025-10-15 10:51:41,588 [INFO] IPUIPlugin:80 - create IPUIPlugin
2025-10-15 10:51:41,588 [INFO] PluginManager:220 - loadIPPluginJar : add dma
2025-10-15 10:51:41,589 [INFO] IPUIPlugin:80 - create IPUIPlugin
2025-10-15 10:51:41,589 [INFO] PluginManager:220 - loadIPPluginJar : add dma3
2025-10-15 10:51:41,591 [INFO] IPUIPlugin:80 - create IPUIPlugin
2025-10-15 10:51:41,591 [INFO] PluginManager:220 - loadIPPluginJar : add extmemmanager
2025-10-15 10:51:41,592 [INFO] IPUIPlugin:80 - create IPUIPlugin
2025-10-15 10:51:41,592 [INFO] PluginManager:220 - loadIPPluginJar : add fatfs
2025-10-15 10:51:41,594 [INFO] IPUIPlugin:80 - create IPUIPlugin
2025-10-15 10:51:41,594 [INFO] PluginManager:220 - loadIPPluginJar : add fmc
2025-10-15 10:51:41,598 [INFO] IPUIPlugin:80 - create IPUIPlugin
2025-10-15 10:51:41,598 [INFO] PluginManager:220 - loadIPPluginJar : add freertos
2025-10-15 10:51:41,599 [INFO] IPUIPlugin:80 - create IPUIPlugin
2025-10-15 10:51:41,599 [INFO] PluginManager:220 - loadIPPluginJar : add genericplugin
2025-10-15 10:51:41,600 [INFO] IPUIPlugin:80 - create IPUIPlugin
2025-10-15 10:51:41,600 [INFO] PluginManager:220 - loadIPPluginJar : add gfxmmu
2025-10-15 10:51:41,603 [INFO] IPUIPlugin:80 - create IPUIPlugin
2025-10-15 10:51:41,603 [INFO] PluginManager:220 - loadIPPluginJar : add gic
2025-10-15 10:51:41,605 [INFO] IPUIPlugin:80 - create IPUIPlugin
2025-10-15 10:51:41,605 [INFO] PluginManager:220 - loadIPPluginJar : add gpio
2025-10-15 10:51:41,606 [INFO] IPUIPlugin:80 - create IPUIPlugin
2025-10-15 10:51:41,606 [INFO] PluginManager:220 - loadIPPluginJar : add gtzc
2025-10-15 10:51:41,608 [INFO] IPUIPlugin:80 - create IPUIPlugin
2025-10-15 10:51:41,608 [INFO] PluginManager:220 - loadIPPluginJar : add hash
2025-10-15 10:51:41,609 [INFO] IPUIPlugin:80 - create IPUIPlugin
2025-10-15 10:51:41,609 [INFO] PluginManager:220 - loadIPPluginJar : add i2c
2025-10-15 10:51:41,611 [INFO] IPUIPlugin:80 - create IPUIPlugin
2025-10-15 10:51:41,611 [INFO] PluginManager:220 - loadIPPluginJar : add i2s
2025-10-15 10:51:41,613 [INFO] IPUIPlugin:80 - create IPUIPlugin
2025-10-15 10:51:41,613 [INFO] PluginManager:220 - loadIPPluginJar : add i3c
2025-10-15 10:51:41,614 [INFO] IPUIPlugin:80 - create IPUIPlugin
2025-10-15 10:51:41,614 [INFO] PluginManager:220 - loadIPPluginJar : add ipddr
2025-10-15 10:51:41,618 [INFO] IPUIPlugin:80 - create IPUIPlugin
2025-10-15 10:51:41,618 [INFO] PluginManager:220 - loadIPPluginJar : add linkedlist
2025-10-15 10:51:41,620 [INFO] IPUIPlugin:80 - create IPUIPlugin
2025-10-15 10:51:41,620 [INFO] PluginManager:220 - loadIPPluginJar : add lorawan
2025-10-15 10:51:41,621 [INFO] IPUIPlugin:80 - create IPUIPlugin
2025-10-15 10:51:41,621 [INFO] PluginManager:220 - loadIPPluginJar : add ltdc
2025-10-15 10:51:41,624 [INFO] IPUIPlugin:80 - create IPUIPlugin
2025-10-15 10:51:41,624 [INFO] PluginManager:220 - loadIPPluginJar : add mdma
2025-10-15 10:51:41,626 [INFO] IPUIPlugin:80 - create IPUIPlugin
2025-10-15 10:51:41,626 [INFO] PluginManager:220 - loadIPPluginJar : add nvic
2025-10-15 10:51:41,628 [INFO] IPUIPlugin:80 - create IPUIPlugin
2025-10-15 10:51:41,628 [INFO] PluginManager:220 - loadIPPluginJar : add opamp
2025-10-15 10:51:41,630 [INFO] IPUIPlugin:80 - create IPUIPlugin
2025-10-15 10:51:41,630 [INFO] PluginManager:220 - loadIPPluginJar : add openamp
2025-10-15 10:51:41,632 [INFO] IPUIPlugin:80 - create IPUIPlugin
2025-10-15 10:51:41,632 [INFO] PluginManager:220 - loadIPPluginJar : add pdm2pcm
2025-10-15 10:51:41,635 [INFO] IPUIPlugin:80 - create IPUIPlugin
2025-10-15 10:51:41,637 [INFO] PluginManager:220 - loadIPPluginJar : add plateformsettings
2025-10-15 10:51:41,637 [INFO] IPUIPlugin:80 - create IPUIPlugin
2025-10-15 10:51:41,638 [INFO] PluginManager:220 - loadIPPluginJar : add quadspi
2025-10-15 10:51:41,639 [INFO] IPUIPlugin:80 - create IPUIPlugin
2025-10-15 10:51:41,639 [INFO] PluginManager:220 - loadIPPluginJar : add radio
2025-10-15 10:51:41,641 [INFO] IPUIPlugin:80 - create IPUIPlugin
2025-10-15 10:51:41,642 [INFO] PluginManager:220 - loadIPPluginJar : add resmgrutility
2025-10-15 10:51:41,644 [INFO] IPUIPlugin:80 - create IPUIPlugin
2025-10-15 10:51:41,644 [INFO] PluginManager:220 - loadIPPluginJar : add sai
2025-10-15 10:51:41,645 [INFO] IPUIPlugin:80 - create IPUIPlugin
2025-10-15 10:51:41,645 [INFO] PluginManager:220 - loadIPPluginJar : add spi
2025-10-15 10:51:41,648 [INFO] IPUIPlugin:80 - create IPUIPlugin
2025-10-15 10:51:41,648 [INFO] PluginManager:220 - loadIPPluginJar : add stm32_wpan
2025-10-15 10:51:41,649 [INFO] IPUIPlugin:80 - create IPUIPlugin
2025-10-15 10:51:41,649 [INFO] PluginManager:220 - loadIPPluginJar : add tim
2025-10-15 10:51:41,651 [INFO] IPUIPlugin:80 - create IPUIPlugin
2025-10-15 10:51:41,651 [INFO] PluginManager:220 - loadIPPluginJar : add touchsensing
2025-10-15 10:51:41,652 [INFO] IPUIPlugin:80 - create IPUIPlugin
2025-10-15 10:51:41,652 [INFO] PluginManager:220 - loadIPPluginJar : add tracer_emb
2025-10-15 10:51:41,653 [INFO] IPUIPlugin:80 - create IPUIPlugin
2025-10-15 10:51:41,653 [INFO] PluginManager:220 - loadIPPluginJar : add ts
2025-10-15 10:51:41,654 [INFO] IPUIPlugin:80 - create IPUIPlugin
2025-10-15 10:51:41,654 [INFO] PluginManager:220 - loadIPPluginJar : add tsc
2025-10-15 10:51:41,655 [INFO] IPUIPlugin:80 - create IPUIPlugin
2025-10-15 10:51:41,655 [INFO] PluginManager:220 - loadIPPluginJar : add ucpd
2025-10-15 10:51:41,656 [INFO] IPUIPlugin:80 - create IPUIPlugin
2025-10-15 10:51:41,656 [INFO] PluginManager:220 - loadIPPluginJar : add usart
2025-10-15 10:51:41,658 [INFO] IPUIPlugin:80 - create IPUIPlugin
2025-10-15 10:51:41,658 [INFO] PluginManager:220 - loadIPPluginJar : add usbx
2025-10-15 10:51:41,766 [FATAL] Updater:351 - Updater called before beeing initialized
2025-10-15 10:51:41,783 [INFO] RulesReader:64 - Compatibility file has been processed (317 Rules)
2025-10-15 10:51:41,791 [INFO] RulesReader:64 - Compatibility file has been processed (317 Rules)
2025-10-15 10:51:41,798 [INFO] CADModel:165 - CPN selected for project level
2025-10-15 10:51:41,798 [INFO] CADModel:114 - Register for checkConnection events
2025-10-15 10:51:41,798 [FATAL] Updater:351 - Updater called before beeing initialized
2025-10-15 10:51:41,798 [ERROR] CADModel:125 - Updater not yet initialized, retry later 
2025-10-15 10:51:41,915 [FATAL] Updater:351 - Updater called before beeing initialized
2025-10-15 10:51:41,916 [INFO] CADModel:165 - CPN selected for project level
2025-10-15 10:51:41,916 [INFO] CADModel:114 - Register for checkConnection events
2025-10-15 10:51:41,917 [FATAL] Updater:351 - Updater called before beeing initialized
2025-10-15 10:51:41,917 [ERROR] CADModel:125 - Updater not yet initialized, retry later 
2025-10-15 10:51:41,918 [FATAL] Updater:351 - Updater called before beeing initialized
2025-10-15 10:51:42,005 [FATAL] Updater:351 - Updater called before beeing initialized
2025-10-15 10:51:42,007 [INFO] DbMcusAds:53 - JSON generation date=Thu Oct 02 11:36:05 CEST 2025 (1759397765645)
2025-10-15 10:51:42,007 [FATAL] Updater:351 - Updater called before beeing initialized
2025-10-15 10:51:42,032 [WARN] DetailPanel:346 - Failed to get advertising image, set to default
2025-10-15 10:51:42,085 [FATAL] Updater:351 - Updater called before beeing initialized
2025-10-15 10:51:42,086 [FATAL] Updater:351 - Updater called before beeing initialized
2025-10-15 10:51:42,086 [FATAL] Updater:351 - Updater called before beeing initialized
2025-10-15 10:51:42,086 [WARN] DetailPanel:346 - Failed to get advertising image, set to default
2025-10-15 10:51:42,087 [FATAL] Updater:351 - Updater called before beeing initialized
2025-10-15 10:51:42,118 [ERROR] Updater:1198 - MainUpdater not yet initialized. External WinMGr cannot be set.
2025-10-15 10:51:42,119 [INFO] Updater:1134 - Updater Version found : 6.15.0
2025-10-15 10:51:42,130 [INFO] ApplicationProperties:184 - Using Application install path: C:\ST\STM32CubeIDE_1.16.1\STM32CubeIDE\plugins\com.st.stm32cube.common.mx_6.15.0.202507011659
2025-10-15 10:51:42,387 [INFO] MainUpdater:2872 - connection check result : 10
2025-10-15 10:51:42,387 [INFO] MainUpdater:289 - Updater Check For Update Now.
2025-10-15 10:51:42,387 [INFO] MicroXplorer:498 - Change Database Version : DB.6.0.150
2025-10-15 10:51:42,391 [INFO] McuFinderGlobals:63 - Set McuFinder mode to 2 (CubeIDE integrated)
2025-10-15 10:51:42,391 [INFO] UserAuth:487 - Internet connection configuration mode: 1
2025-10-15 10:51:42,422 [INFO] JxBrowserEngine:152 - Initiate JxBrowser Engine with user profile folder
2025-10-15 10:51:42,551 [INFO] CheckServerUpdateThread:120 - End of CheckServer Thread
2025-10-15 10:51:43,668 [INFO] WebApp:169 - Instantiating new browser for Auth
2025-10-15 10:51:44,394 [INFO] WebApp:463 - Apply proxy settings
2025-10-15 10:51:44,394 [INFO] WebApp:548 - Chromium requires no authentication
2025-10-15 10:51:44,428 [INFO] WebApp:491 - Direct internet connection detected
2025-10-15 10:51:44,455 [WARN] PackLoader:240 - Cannot read IP mode file for STMicroelectronics.FP-SNS-MOTENVWB1.1.4.0
2025-10-15 10:51:44,472 [WARN] PackLoader:240 - Cannot read IP mode file for STMicroelectronics.FP-ATR-ASTRA1.2.0.2
2025-10-15 10:51:44,476 [WARN] PackLoader:240 - Cannot read IP mode file for STMicroelectronics.FP-ATR-ASTRA1.2.0.1
2025-10-15 10:51:44,487 [INFO] WebApp:900 - Register for checkConnection events
2025-10-15 10:51:44,488 [INFO] WebApp:463 - Apply proxy settings
2025-10-15 10:51:44,488 [INFO] WebApp:548 - Chromium requires no authentication
2025-10-15 10:51:44,488 [INFO] WebApp:491 - Direct internet connection detected
2025-10-15 10:51:44,491 [WARN] PackLoader:240 - Cannot read IP mode file for STMicroelectronics.X-CUBE-SMBUS.2.1.0
2025-10-15 10:51:44,507 [WARN] PackLoader:240 - Cannot read IP mode file for STMicroelectronics.X-CUBE-WB05N.1.1.0
2025-10-15 10:51:44,520 [WARN] PackLoader:240 - Cannot read IP mode file for STMicroelectronics.X-CUBE-ST60.1.0.0
2025-10-15 10:51:44,548 [WARN] PackLoader:240 - Cannot read IP mode file for STMicroelectronics.X-CUBE-AZRTOS-F7.1.1.0
2025-10-15 10:51:44,585 [WARN] PackLoader:240 - Cannot read IP mode file for STMicroelectronics.X-CUBE-MEMS1.11.0.0
2025-10-15 10:51:44,684 [INFO] WebApp:191 - Connection restablished
2025-10-15 10:51:44,707 [WARN] PackLoader:240 - Cannot read IP mode file for STMicroelectronics.FP-SNS-FLIGHT1.5.0.2
2025-10-15 10:51:44,732 [WARN] PackLoader:240 - Cannot read IP mode file for STMicroelectronics.X-CUBE-AZRTOS-H7.3.4.0
2025-10-15 10:51:44,739 [WARN] PackLoader:240 - Cannot read IP mode file for STMicroelectronics.X-CUBE-DISPLAY.3.0.0
2025-10-15 10:51:44,744 [WARN] PackLoader:240 - Cannot read IP mode file for STMicroelectronics.X-CUBE-BLE1.7.0.0
2025-10-15 10:51:44,747 [WARN] PackLoader:240 - Cannot read IP mode file for STMicroelectronics.X-CUBE-NFC10.1.0.0
2025-10-15 10:51:44,754 [WARN] PackLoader:240 - Cannot read IP mode file for STMicroelectronics.X-CUBE-BLEMGR.4.0.0
2025-10-15 10:51:44,759 [WARN] PackLoader:240 - Cannot read IP mode file for emotas.I-CUBE-CANOPEN.1.3.0
2025-10-15 10:51:44,762 [WARN] PackLoader:240 - Cannot read IP mode file for STMicroelectronics.X-CUBE-BLEMGR.3.1.0
2025-10-15 10:51:44,767 [WARN] PackLoader:240 - Cannot read IP mode file for STMicroelectronics.X-CUBE-AI.10.0.0
2025-10-15 10:51:44,772 [WARN] PackLoader:240 - Cannot read IP mode file for STMicroelectronics.FP-SNS-STBOX1.2.1.0
2025-10-15 10:51:44,776 [WARN] PackLoader:240 - Cannot read IP mode file for STMicroelectronics.FP-SNS-SMARTAG2.1.2.0
2025-10-15 10:51:44,777 [WARN] PackLoader:240 - Cannot read IP mode file for STMicroelectronics.FP-SNS-FLIGHT1.5.1.0
2025-10-15 10:51:44,802 [WARN] PackLoader:240 - Cannot read IP mode file for STMicroelectronics.X-CUBE-MEMS1.11.1.0
2025-10-15 10:51:44,893 [INFO] LogOutputStream:77 - [STDOUT_REDIRECT] 1 : Invalid condition id : UX_CORESTACK_Condition cause : null
2025-10-15 10:51:44,894 [INFO] LogOutputStream:77 - [STDOUT_REDIRECT] 1 : Invalid condition id : UX_CORESTACK_Condition cause : null
2025-10-15 10:51:44,895 [INFO] LogOutputStream:77 - [STDOUT_REDIRECT] 1 : Invalid condition id : UX_CORESTACK_Condition cause : null
2025-10-15 10:51:44,897 [INFO] LogOutputStream:77 - [STDOUT_REDIRECT] 1 : Invalid condition id : UX_CORESTACK_Condition cause : null
2025-10-15 10:51:44,898 [INFO] LogOutputStream:77 - [STDOUT_REDIRECT] 1 : Invalid condition id : UX_CORESTACK_Condition cause : null
2025-10-15 10:51:44,901 [WARN] PackLoader:240 - Cannot read IP mode file for STMicroelectronics.X-CUBE-AZRTOS-WL.2.0.0
2025-10-15 10:51:44,906 [WARN] PackLoader:240 - Cannot read IP mode file for STMicroelectronics.FP-SNS-MOTENV1.5.0.0
2025-10-15 10:51:44,910 [WARN] PackLoader:240 - Cannot read IP mode file for wolfSSL.I-CUBE-wolfMQTT.1.19.0
2025-10-15 10:51:44,918 [WARN] PackLoader:240 - Cannot read IP mode file for WES.I-CUBE-Cesium.1.3.0
2025-10-15 10:51:44,922 [WARN] PackLoader:240 - Cannot read IP mode file for STMicroelectronics.X-CUBE-BLE2.3.3.0
2025-10-15 10:51:44,926 [WARN] PackLoader:240 - Cannot read IP mode file for STMicroelectronics.X-CUBE-NFC9.1.0.0
2025-10-15 10:51:44,931 [WARN] PackLoader:240 - Cannot read IP mode file for STMicroelectronics.X-CUBE-BLE1.7.1.0
2025-10-15 10:51:44,935 [WARN] PackLoader:240 - Cannot read IP mode file for STMicroelectronics.X-CUBE-TCPP.4.1.0
2025-10-15 10:51:44,940 [WARN] PackLoader:240 - Cannot read IP mode file for STMicroelectronics.X-CUBE-EEPRMA1.5.2.0
2025-10-15 10:51:44,946 [WARN] PackLoader:240 - Cannot read IP mode file for STMicroelectronics.X-CUBE-ST67W61.1.1.0
2025-10-15 10:51:44,950 [WARN] PackLoader:240 - Cannot read IP mode file for STMicroelectronics.X-CUBE-AI.10.1.0
2025-10-15 10:51:44,982 [WARN] PackLoader:240 - Cannot read IP mode file for STMicroelectronics.X-CUBE-MEMS1.11.2.0
2025-10-15 10:51:45,099 [WARN] PackLoader:240 - Cannot read IP mode file for STMicroelectronics.X-CUBE-AZRTOS-G0.1.1.0
2025-10-15 10:51:45,114 [WARN] PackLoader:240 - Cannot read IP mode file for STMicroelectronics.X-CUBE-SAFEA1.1.2.2
2025-10-15 10:51:45,120 [WARN] PackLoader:240 - Cannot read IP mode file for STMicroelectronics.X-CUBE-NFC4.3.0.0
2025-10-15 10:51:45,127 [WARN] PackLoader:240 - Cannot read IP mode file for EmbeddedOffice.I-CUBE-FS-RTOS.1.0.1
2025-10-15 10:51:45,131 [WARN] PackLoader:240 - Cannot read IP mode file for STMicroelectronics.X-CUBE-WB05N.2.0.0
2025-10-15 10:51:45,135 [WARN] PackLoader:240 - Cannot read IP mode file for STMicroelectronics.X-CUBE-TCPP.4.2.0
2025-10-15 10:51:45,140 [WARN] PackLoader:240 - Cannot read IP mode file for RealThread.X-CUBE-RT-Thread_Nano.4.1.1
2025-10-15 10:51:45,142 [WARN] PackLoader:240 - Cannot read IP mode file for STMicroelectronics.FP-ATR-SIGFOX1.3.2.0
2025-10-15 10:51:45,145 [WARN] PackLoader:240 - Cannot read IP mode file for wolfSSL.I-CUBE-wolfSSL.5.7.2
2025-10-15 10:51:45,148 [WARN] ConditionMgr:438 - getConditionDescription Invalid condition id : Cortex-A Device cause : null
2025-10-15 10:51:45,162 [WARN] ConditionMgr:1044 - genDependencies : Invalid condition id : Cortex-A Device cause : null
2025-10-15 10:51:45,162 [WARN] ConditionMgr:1044 - genDependencies : Invalid condition id : Cortex-A Device cause : null
2025-10-15 10:51:45,162 [WARN] ConditionMgr:1044 - genDependencies : Invalid condition id : Cortex-A Device cause : null
2025-10-15 10:51:45,165 [WARN] PackLoader:240 - Cannot read IP mode file for STMicroelectronics.X-CUBE-EEPRMA1.5.1.0
2025-10-15 10:51:45,171 [WARN] PackLoader:240 - Cannot read IP mode file for ITTIA_DB.I-CUBE-ITTIADB.8.9.0
2025-10-15 10:51:45,178 [WARN] PackLoader:240 - Cannot read IP mode file for STMicroelectronics.X-CUBE-ST67W61.1.0.0
2025-10-15 10:51:45,181 [WARN] PackLoader:240 - Cannot read IP mode file for STMicroelectronics.X-CUBE-AI.10.2.0
2025-10-15 10:51:45,205 [WARN] PackLoader:240 - Cannot read IP mode file for SEGGER.I-CUBE-embOS.1.3.1
2025-10-15 10:51:45,225 [WARN] PackLoader:240 - Cannot read IP mode file for STMicroelectronics.X-CUBE-ALGOBUILD.1.4.0
2025-10-15 10:51:45,255 [WARN] PackLoader:240 - Cannot read IP mode file for STMicroelectronics.X-CUBE-MEMS1.11.3.0
2025-10-15 10:51:45,318 [WARN] PackLoader:240 - Cannot read IP mode file for STMicroelectronics.X-CUBE-AI.9.1.0
2025-10-15 10:51:45,321 [WARN] PackLoader:240 - Cannot read IP mode file for STMicroelectronics.X-CUBE-PM33A1.1.0.0
2025-10-15 10:51:45,330 [WARN] PackLoader:240 - Cannot read IP mode file for STMicroelectronics.X-CUBE-AZRTOS-F4.1.1.0
2025-10-15 10:51:45,335 [WARN] PackLoader:240 - Cannot read IP mode file for Avnet-IotConnect.X-CUBE-IoTC-DA16k-PMOD.1.0.0
2025-10-15 10:51:45,338 [WARN] PackLoader:240 - Cannot read IP mode file for STMicroelectronics.X-CUBE-ISPU.2.1.0
2025-10-15 10:51:45,348 [WARN] PackLoader:240 - Cannot read IP mode file for STMicroelectronics.X-CUBE-IPS.3.2.0
2025-10-15 10:51:45,354 [WARN] PackLoader:240 - Cannot read IP mode file for STMicroelectronics.X-CUBE-FREERTOS.1.2.0
2025-10-15 10:51:45,358 [WARN] PackLoader:240 - Cannot read IP mode file for STMicroelectronics.X-CUBE-NFC12.1.0.0
2025-10-15 10:51:45,367 [WARN] PackLoader:240 - Cannot read IP mode file for STMicroelectronics.X-CUBE-AZRTOS-L5.2.0.0
2025-10-15 10:51:45,373 [WARN] PackLoader:240 - Cannot read IP mode file for STMicroelectronics.X-CUBE-NFC6.3.1.0
2025-10-15 10:51:45,377 [WARN] PackLoader:240 - Cannot read IP mode file for STMicroelectronics.X-CUBE-DPower.1.2.0
2025-10-15 10:51:45,380 [WARN] PackLoader:240 - Cannot read IP mode file for STMicroelectronics.X-CUBE-FREERTOS.1.3.1
2025-10-15 10:51:45,382 [WARN] PackLoader:240 - Cannot read IP mode file for STMicroelectronics.X-CUBE-FREERTOS.1.3.0
2025-10-15 10:51:45,386 [WARN] PackLoader:240 - Cannot read IP mode file for STMicroelectronics.X-CUBE-NFC7.1.0.1
2025-10-15 10:51:45,391 [WARN] PackLoader:240 - Cannot read IP mode file for STMicroelectronics.X-CUBE-TOUCHGFX.4.26.0
2025-10-15 10:51:45,394 [WARN] PackLoader:240 - Cannot read IP mode file for STMicroelectronics.FP-SNS-STAIOTCFT.1.0.0
2025-10-15 10:51:45,397 [WARN] PackLoader:240 - Cannot read IP mode file for STMicroelectronics.X-CUBE-DPower.1.3.0
2025-10-15 10:51:45,407 [WARN] ConditionMgr:438 - getConditionDescription Invalid condition id : LAN8742 Phy interface Condition cause : null
2025-10-15 10:51:45,407 [WARN] PackLoader:240 - Cannot read IP mode file for STMicroelectronics.X-CUBE-AZRTOS-L4.2.0.0
2025-10-15 10:51:45,407 [WARN] ConditionMgr:1044 - genDependencies : Invalid condition id : LAN8742 Phy interface Condition cause : null
2025-10-15 10:51:45,408 [WARN] ConditionMgr:1044 - genDependencies : Invalid condition id : LAN8742 Phy interface Condition cause : null
2025-10-15 10:51:45,408 [WARN] ConditionMgr:1044 - genDependencies : Invalid condition id : LAN8742 Phy interface Condition cause : null
2025-10-15 10:51:45,413 [WARN] PackLoader:240 - Cannot read IP mode file for STMicroelectronics.X-CUBE-SFXS2LP1.4.0.0
2025-10-15 10:51:45,424 [WARN] PackLoader:240 - Cannot read IP mode file for STMicroelectronics.X-CUBE-AZRTOS-H7.3.3.0
2025-10-15 10:51:45,430 [WARN] PackLoader:240 - Cannot read IP mode file for STMicroelectronics.X-CUBE-BLEMGR.4.1.0
2025-10-15 10:51:45,436 [WARN] PackLoader:240 - Cannot read IP mode file for STMicroelectronics.X-CUBE-IPS.3.0.0
2025-10-15 10:51:45,444 [WARN] ConditionMgr:438 - getConditionDescription Invalid condition id : UX DEVICE CLASS RTOS Condition cause : null
2025-10-15 10:51:45,444 [WARN] ConditionMgr:438 - getConditionDescription Invalid condition id : UX DEVICE CLASS RTOS Condition cause : null
2025-10-15 10:51:45,445 [WARN] PackLoader:240 - Cannot read IP mode file for STMicroelectronics.X-CUBE-AZRTOS-WB.2.0.0
2025-10-15 10:51:45,446 [WARN] ConditionMgr:1044 - genDependencies : Invalid condition id : UX DEVICE CLASS RTOS Condition cause : null
2025-10-15 10:51:45,446 [WARN] ConditionMgr:1044 - genDependencies : Invalid condition id : UX DEVICE CLASS RTOS Condition cause : null
2025-10-15 10:51:45,446 [WARN] ConditionMgr:1044 - genDependencies : Invalid condition id : UX DEVICE CLASS RTOS Condition cause : null
2025-10-15 10:51:45,446 [WARN] ConditionMgr:1044 - genDependencies : Invalid condition id : UX DEVICE CLASS RTOS Condition cause : null
2025-10-15 10:51:45,446 [WARN] ConditionMgr:1044 - genDependencies : Invalid condition id : UX DEVICE CLASS RTOS Condition cause : null
2025-10-15 10:51:45,450 [WARN] PackLoader:240 - Cannot read IP mode file for STMicroelectronics.X-CUBE-GNSS1.7.0.0
2025-10-15 10:51:45,453 [WARN] PackLoader:240 - Cannot read IP mode file for STMicroelectronics.X-CUBE-GNSS1.7.0.1
2025-10-15 10:51:45,454 [WARN] PackLoader:240 - Cannot read IP mode file for STMicroelectronics.X-CUBE-TOUCHGFX.4.25.0
2025-10-15 10:51:45,457 [WARN] PackLoader:240 - Cannot read IP mode file for STMicroelectronics.FP-SNS-STBOX1.2.0.0
2025-10-15 10:51:45,463 [WARN] PackLoader:240 - Cannot read IP mode file for STMicroelectronics.X-CUBE-SUBG2.5.0.0
2025-10-15 10:51:45,474 [WARN] PackLoader:240 - Cannot read IP mode file for STMicroelectronics.X-CUBE-AZRTOS-H7RS.1.1.0
2025-10-15 10:51:45,479 [WARN] PackLoader:240 - Cannot read IP mode file for Cesanta.I-CUBE-Mongoose.7.13.0
2025-10-15 10:51:45,487 [WARN] PackLoader:240 - Cannot read IP mode file for STMicroelectronics.X-CUBE-AZRTOS-G4.2.0.0
2025-10-15 10:51:45,491 [WARN] PackLoader:240 - Cannot read IP mode file for STMicroelectronics.X-CUBE-NFC7.2.0.0
2025-10-15 10:51:45,500 [WARN] PackLoader:240 - Cannot read IP mode file for STMicroelectronics.X-CUBE-IPS.3.1.0
2025-10-15 10:51:45,510 [WARN] PackLoader:240 - Cannot read IP mode file for STMicroelectronics.X-CUBE-ALS.1.0.2
2025-10-15 10:51:45,515 [WARN] PackLoader:240 - Cannot read IP mode file for STMicroelectronics.X-CUBE-TOUCHGFX.4.24.2
2025-10-15 10:51:45,516 [WARN] PackLoader:240 - Cannot read IP mode file for STMicroelectronics.X-CUBE-TOUCHGFX.4.24.1
2025-10-15 10:51:45,520 [WARN] PackLoader:240 - Cannot read IP mode file for STMicroelectronics.X-CUBE-STSE01.1.0.0
2025-10-15 10:51:45,523 [WARN] PackLoader:240 - Cannot read IP mode file for wolfSSL.I-CUBE-wolfTPM.3.4.0
2025-10-15 10:51:45,526 [WARN] PackLoader:240 - Cannot read IP mode file for portGmbH.I-Cube-SoM-uGOAL.1.1.0
2025-10-15 10:51:45,533 [WARN] PackLoader:240 - Cannot read IP mode file for STMicroelectronics.X-CUBE-AZRTOS-H7RS.1.0.0
2025-10-15 10:51:45,537 [WARN] PackLoader:240 - Cannot read IP mode file for STMicroelectronics.FP-ATR-ASTRA1.2.0.0
2025-10-15 10:51:45,542 [WARN] PackLoader:240 - Cannot read IP mode file for STMicroelectronics.X-CUBE-TOF1.3.4.2
2025-10-15 10:51:45,552 [WARN] PackLoader:240 - Cannot read IP mode file for STMicroelectronics.X-CUBE-TOF1.3.4.3
2025-10-15 10:51:45,564 [INFO] WebApp:225 - Starting web application
2025-10-15 10:51:45,565 [INFO] WebApp:593 - Web application path used C:\ST\STM32CubeIDE_1.16.1\STM32CubeIDE\plugins\com.st.stm32cube.common.mx_6.15.0.202507011659\db\plugins\mcufinder\reactClient1\index.html
2025-10-15 10:51:45,579 [WARN] PackLoader:240 - Cannot read IP mode file for Infineon.AIROC-Wi-Fi-Bluetooth-STM32.1.6.1
2025-10-15 10:51:45,591 [WARN] PackLoader:240 - Cannot read IP mode file for wolfSSL.I-CUBE-wolfSSH.1.4.17
2025-10-15 10:51:45,591 [INFO] ThirdParty:978 - Integrity check success = true
2025-10-15 10:51:45,591 [INFO] IntegrityCheckThread:100 - exiting critical section [integrity check]
2025-10-15 10:51:45,591 [INFO] IntegrityCheckThread:103 - End integrity checks thread
2025-10-15 10:51:45,764 [INFO] UserAuth:487 - Internet connection configuration mode: 1
2025-10-15 11:01:19,622 [INFO] McuFinderGlobals:63 - Set McuFinder mode to 2 (CubeIDE integrated)
2025-10-15 11:01:19,626 [INFO] MainUpdater:2872 - connection check result : 10
2025-10-15 11:01:19,626 [INFO] MainUpdater:2872 - connection check result : 10
2025-10-15 11:01:19,653 [INFO] MicroXplorer:468 - Change Database Path : 
2025-10-15 11:01:19,654 [INFO] MicroXplorer:498 - Change Database Version : DB.6.0.150
2025-10-15 11:01:19,660 [WARN] ThirdParty:871 - waiting for thirdparty lock release [close project]
2025-10-15 11:01:19,660 [INFO] ThirdParty:873 - entering critical section [close project]
2025-10-15 11:01:19,662 [INFO] ThirdParty:883 - exiting critical section [close project]
2025-10-15 11:01:19,664 [INFO] PinOutPanel:1589 - setPackage(No Configuration,No Configuration)
2025-10-15 11:01:19,666 [INFO] UtilMem:75 - Begin LoadConfig() Used Memory: 699723928 Bytes (943718400)
2025-10-15 11:01:19,668 [INFO] MicroXplorer:468 - Change Database Path : 
2025-10-15 11:01:19,668 [INFO] MicroXplorer:498 - Change Database Version : DB.6.0.150
2025-10-15 11:01:19,668 [INFO] OpenFileManager:355 - Change cursor
2025-10-15 11:01:19,736 [INFO] Mcu:2029 - Initializing MCU STM32H755ZITx STM32H755ZITx STM32H755ZIT6
2025-10-15 11:01:22,567 [INFO] Context:786 - Trying to add GPIOservice into a context  which must be forbidden
2025-10-15 11:01:22,567 [INFO] Context:786 - Trying to add GPIOservice into a context  which must be forbidden
2025-10-15 11:01:23,663 [INFO] ApiDbMcu:532 - Load IP Config File for NUCLEO-H755ZI-Q
2025-10-15 11:01:23,771 [INFO] Context:786 - Trying to add GPIOservice into a context  which must be forbidden
2025-10-15 11:01:23,781 [INFO] Context:786 - Trying to add GPIOservice into a context  which must be forbidden
2025-10-15 11:01:23,784 [INFO] ImportTextPane:234 - (OptionalMessage_ERROR) Pin30 (VP_RIF_VS_RIF1) cannot be retrieved for this MCU
2025-10-15 11:01:23,975 [INFO] RtosManager:558 - Registered RTOS mode: class=CMSIS, group=RTOS, mode=CMSIS_V1, owner=FREERTOS_M7
2025-10-15 11:01:23,975 [INFO] RtosManager:558 - Registered RTOS mode: class=CMSIS, group=RTOS2, mode=CMSIS_V2, owner=FREERTOS_M7
2025-10-15 11:01:23,975 [INFO] RtosManager:558 - Registered RTOS mode: class=RTOS, group=Core, mode=CMSIS_V1, owner=FREERTOS_M7
2025-10-15 11:01:23,975 [INFO] RtosManager:558 - Registered RTOS mode: class=RTOS, group=Core, mode=CMSIS_V2, owner=FREERTOS_M7
2025-10-15 11:01:23,975 [WARN] ModelIntegratedComponent:184 - Missing modes for component STMicroelectronics:FreeRTOS:0.0.1:STMicroelectronics:RTOS:FreeRTOS:Core:::10.2.0:
2025-10-15 11:01:23,981 [WARN] ModelIntegratedComponent:63 - No mode defined for component null
2025-10-15 11:01:23,981 [WARN] ModelIntegratedComponent:63 - No mode defined for component null
2025-10-15 11:01:23,981 [WARN] ModelIntegratedComponent:63 - No mode defined for component null
2025-10-15 11:01:23,982 [WARN] ModelIntegratedComponent:63 - No mode defined for component null
2025-10-15 11:01:23,982 [WARN] ModelIntegratedComponent:63 - No mode defined for component null
2025-10-15 11:01:23,982 [WARN] ModelIntegratedComponent:63 - No mode defined for component null
2025-10-15 11:01:23,982 [WARN] ModelIntegratedComponent:63 - No mode defined for component null
2025-10-15 11:01:23,982 [WARN] ModelIntegratedComponent:63 - No mode defined for component null
2025-10-15 11:01:23,982 [WARN] ModelIntegratedComponent:63 - No mode defined for component null
2025-10-15 11:01:23,982 [WARN] ModelIntegratedComponent:63 - No mode defined for component null
2025-10-15 11:01:23,982 [WARN] ModelIntegratedComponent:63 - No mode defined for component null
2025-10-15 11:01:23,982 [WARN] ModelIntegratedComponent:63 - No mode defined for component null
2025-10-15 11:01:23,982 [WARN] ModelIntegratedComponent:63 - No mode defined for component null
2025-10-15 11:01:23,982 [WARN] ModelIntegratedComponent:63 - No mode defined for component null
2025-10-15 11:01:23,982 [WARN] ModelIntegratedComponent:63 - No mode defined for component null
2025-10-15 11:01:23,982 [WARN] ModelIntegratedComponent:63 - No mode defined for component null
2025-10-15 11:01:23,982 [WARN] ModelIntegratedComponent:63 - No mode defined for component null
2025-10-15 11:01:23,982 [WARN] ModelIntegratedComponent:63 - No mode defined for component null
2025-10-15 11:01:23,982 [WARN] ModelIntegratedComponent:63 - No mode defined for component null
2025-10-15 11:01:23,982 [WARN] ModelIntegratedComponent:63 - No mode defined for component null
2025-10-15 11:01:23,982 [WARN] ModelIntegratedComponent:63 - No mode defined for component null
2025-10-15 11:01:23,983 [WARN] ModelIntegratedComponent:63 - No mode defined for component null
2025-10-15 11:01:23,983 [WARN] ModelIntegratedComponent:63 - No mode defined for component null
2025-10-15 11:01:23,983 [WARN] ModelIntegratedComponent:63 - No mode defined for component null
2025-10-15 11:01:23,983 [WARN] ModelIntegratedComponent:63 - No mode defined for component null
2025-10-15 11:01:23,983 [WARN] ModelIntegratedComponent:63 - No mode defined for component null
2025-10-15 11:01:23,983 [WARN] ModelIntegratedComponent:63 - No mode defined for component null
2025-10-15 11:01:23,983 [WARN] ModelIntegratedComponent:63 - No mode defined for component null
2025-10-15 11:01:23,983 [WARN] ModelIntegratedComponent:63 - No mode defined for component null
2025-10-15 11:01:23,983 [WARN] ModelIntegratedComponent:63 - No mode defined for component null
2025-10-15 11:01:23,983 [WARN] ModelIntegratedComponent:63 - No mode defined for component null
2025-10-15 11:01:23,983 [WARN] ModelIntegratedComponent:63 - No mode defined for component null
2025-10-15 11:01:23,983 [WARN] ModelIntegratedComponent:63 - No mode defined for component null
2025-10-15 11:01:23,983 [WARN] ModelIntegratedComponent:63 - No mode defined for component null
2025-10-15 11:01:23,983 [WARN] ModelIntegratedComponent:63 - No mode defined for component null
2025-10-15 11:01:23,983 [WARN] ModelPack:524 - Component already loaded: STMicroelectronics:HAL Drivers:0.0.0:STMicroelectronics:Device:STMicro_Driver:XSPI:HAL::0.0.1:HAL_XSPI
2025-10-15 11:01:24,175 [INFO] RtosManager:558 - Registered RTOS mode: class=CMSIS, group=RTOS, mode=CMSIS_V1, owner=FREERTOS_M4
2025-10-15 11:01:24,175 [INFO] RtosManager:558 - Registered RTOS mode: class=CMSIS, group=RTOS2, mode=CMSIS_V2, owner=FREERTOS_M4
2025-10-15 11:01:24,175 [INFO] RtosManager:558 - Registered RTOS mode: class=RTOS, group=Core, mode=CMSIS_V1, owner=FREERTOS_M4
2025-10-15 11:01:24,175 [INFO] RtosManager:558 - Registered RTOS mode: class=RTOS, group=Core, mode=CMSIS_V2, owner=FREERTOS_M4
2025-10-15 11:01:24,175 [WARN] ModelIntegratedComponent:184 - Missing modes for component STMicroelectronics:FreeRTOS:0.0.1:STMicroelectronics:RTOS:FreeRTOS:Core:::10.2.0:
2025-10-15 11:01:24,177 [WARN] ModelIntegratedComponent:63 - No mode defined for component null
2025-10-15 11:01:24,177 [WARN] ModelIntegratedComponent:63 - No mode defined for component null
2025-10-15 11:01:24,177 [WARN] ModelIntegratedComponent:63 - No mode defined for component null
2025-10-15 11:01:24,177 [WARN] ModelIntegratedComponent:63 - No mode defined for component null
2025-10-15 11:01:24,177 [WARN] ModelIntegratedComponent:63 - No mode defined for component null
2025-10-15 11:01:24,177 [WARN] ModelIntegratedComponent:63 - No mode defined for component null
2025-10-15 11:01:24,177 [WARN] ModelIntegratedComponent:63 - No mode defined for component null
2025-10-15 11:01:24,177 [WARN] ModelIntegratedComponent:63 - No mode defined for component null
2025-10-15 11:01:24,177 [WARN] ModelIntegratedComponent:63 - No mode defined for component null
2025-10-15 11:01:24,177 [WARN] ModelIntegratedComponent:63 - No mode defined for component null
2025-10-15 11:01:24,177 [WARN] ModelIntegratedComponent:63 - No mode defined for component null
2025-10-15 11:01:24,177 [WARN] ModelIntegratedComponent:63 - No mode defined for component null
2025-10-15 11:01:24,177 [WARN] ModelIntegratedComponent:63 - No mode defined for component null
2025-10-15 11:01:24,177 [WARN] ModelIntegratedComponent:63 - No mode defined for component null
2025-10-15 11:01:24,177 [WARN] ModelIntegratedComponent:63 - No mode defined for component null
2025-10-15 11:01:24,177 [WARN] ModelIntegratedComponent:63 - No mode defined for component null
2025-10-15 11:01:24,177 [WARN] ModelIntegratedComponent:63 - No mode defined for component null
2025-10-15 11:01:24,177 [WARN] ModelIntegratedComponent:63 - No mode defined for component null
2025-10-15 11:01:24,178 [WARN] ModelIntegratedComponent:63 - No mode defined for component null
2025-10-15 11:01:24,178 [WARN] ModelIntegratedComponent:63 - No mode defined for component null
2025-10-15 11:01:24,178 [WARN] ModelIntegratedComponent:63 - No mode defined for component null
2025-10-15 11:01:24,178 [WARN] ModelIntegratedComponent:63 - No mode defined for component null
2025-10-15 11:01:24,178 [WARN] ModelIntegratedComponent:63 - No mode defined for component null
2025-10-15 11:01:24,178 [WARN] ModelIntegratedComponent:63 - No mode defined for component null
2025-10-15 11:01:24,178 [WARN] ModelIntegratedComponent:63 - No mode defined for component null
2025-10-15 11:01:24,178 [WARN] ModelIntegratedComponent:63 - No mode defined for component null
2025-10-15 11:01:24,178 [WARN] ModelIntegratedComponent:63 - No mode defined for component null
2025-10-15 11:01:24,178 [WARN] ModelIntegratedComponent:63 - No mode defined for component null
2025-10-15 11:01:24,178 [WARN] ModelIntegratedComponent:63 - No mode defined for component null
2025-10-15 11:01:24,178 [WARN] ModelIntegratedComponent:63 - No mode defined for component null
2025-10-15 11:01:24,178 [WARN] ModelIntegratedComponent:63 - No mode defined for component null
2025-10-15 11:01:24,178 [WARN] ModelIntegratedComponent:63 - No mode defined for component null
2025-10-15 11:01:24,178 [WARN] ModelIntegratedComponent:63 - No mode defined for component null
2025-10-15 11:01:24,178 [WARN] ModelIntegratedComponent:63 - No mode defined for component null
2025-10-15 11:01:24,178 [WARN] ModelIntegratedComponent:63 - No mode defined for component null
2025-10-15 11:01:24,178 [WARN] ModelPack:524 - Component already loaded: STMicroelectronics:HAL Drivers:0.0.0:STMicroelectronics:Device:STMicro_Driver:XSPI:HAL::0.0.1:HAL_XSPI
2025-10-15 11:01:24,332 [INFO] ThirdPartyModel:298 - Start build external matchings
2025-10-15 11:01:25,425 [INFO] ThirdPartyModel:316 - End build external matchings
2025-10-15 11:01:25,449 [INFO] ThirdPartyModel:298 - Start build external matchings
2025-10-15 11:01:26,523 [INFO] ThirdPartyModel:316 - End build external matchings
2025-10-15 11:01:26,544 [WARN] IP:2250 - ClockDivider not found: check if there is a RefParameter without a condition.
2025-10-15 11:01:26,544 [WARN] IP:2250 - ClockDividerCCU not found: check if there is a RefParameter without a condition.
2025-10-15 11:01:26,544 [WARN] IP:2250 - MinOscClkPeriodsCCU not found: check if there is a RefParameter without a condition.
2025-10-15 11:01:26,544 [WARN] IP:2250 - TimeQuantaPerBitTimeCCU not found: check if there is a RefParameter without a condition.
2025-10-15 11:01:26,544 [WARN] IP:2250 - WatchdogStartValueCCU not found: check if there is a RefParameter without a condition.
2025-10-15 11:01:26,713 [INFO] ApiDb:581 - Connected to CubeFinder SQLite database (C:\Users\Miloush\.stmcufinder\plugins\mcufinder\mcu\cube-finder-db.db)
2025-10-15 11:01:26,774 [INFO] ApiDb:668 - CubeFinder database Data Model version=2.1
2025-10-15 11:01:26,774 [INFO] ApiDb:669 - CubeFinder database Configuration version=3.0.39
2025-10-15 11:01:26,775 [INFO] ApiDb:670 - CubeFinder database generation date=2025-08-25 (1756130511)
2025-10-15 11:01:26,775 [INFO] ApiDb:671 - CubeFinder database FW Pack versions=[FP-ATR-ASTRA1_V2.0.0, FP-SNS-FLIGHT1_V5.1.0, FP-SNS-MOTENV1_V5.0.0, FP-SNS-MOTENVWB1_V1.4.0, FP-SNS-SMARTAG2_V1.2.0, FP-SNS-STBOX1_V2.1.0, STM32Cube_FW_C0_V1.4.0, STM32Cube_FW_F4_V1.28.3, STM32Cube_FW_F7_V1.17.4, STM32Cube_FW_G0_V1.6.2, STM32Cube_FW_G4_V1.6.1, STM32Cube_FW_H5_V1.5.0, STM32Cube_FW_H7RS_V1.2.0, STM32Cube_FW_H7_V1.12.1, STM32Cube_FW_L0_V1.12.2, STM32Cube_FW_L4_V1.18.1, STM32Cube_FW_L5_V1.5.1, STM32Cube_FW_N6_V1.2.0, STM32Cube_FW_U0_V1.3.0, STM32Cube_FW_U3_V1.2.0, STM32Cube_FW_U5_V1.8.0, STM32Cube_FW_WB0_V1.3.0, STM32Cube_FW_WBA_V1.7.0, STM32Cube_FW_WB_V1.23.0, STM32Cube_FW_WL3_V1.2.0, STM32Cube_FW_WL_V1.3.1, X-CUBE-ALGOBUILD_V1.4.0, X-CUBE-ALS_V1.0.2, X-CUBE-AZRTOS-F4_V1.1.0, X-CUBE-AZRTOS-F7_V1.1.0, X-CUBE-AZRTOS-G0_V1.1.0, X-CUBE-AZRTOS-G4_V2.0.0, X-CUBE-AZRTOS-H7RS_V1.1.0, X-CUBE-AZRTOS-H7_V3.4.0, X-CUBE-AZRTOS-L4_V2.0.0, X-CUBE-AZRTOS-L5_V2.0.0, X-CUBE-AZRTOS-WB_V2.0.0, X-CUBE-AZRTOS-WL_V2.0.0, X-CUBE-BLE1_V7.1.0, X-CUBE-BLE2_V3.3.0, X-CUBE-BLEMGR_V4.1.0, X-CUBE-EEPRMA1_V5.2.0, X-CUBE-FREERTOS_V1.3.1, X-CUBE-GNSS1_V6.0.0, X-CUBE-MEMS1_V11.3.0, X-CUBE-NFC4_V3.0.0, X-CUBE-NFC7_V2.0.0, X-CUBE-SFXS2LP1_V4.0.0, X-CUBE-ST67W61_V1.0.0, X-CUBE-SUBG2_V5.0.0, X-CUBE-TOF1_V3.4.3]
2025-10-15 11:01:26,862 [INFO] DbBoardsSqlite:226 - include board P-NUCLEO-WB55-NUCLEO as a kit item of type 'Nucleo-64'
2025-10-15 11:01:26,862 [INFO] DbBoardsSqlite:226 - include board P-NUCLEO-WB55-USBDONGLE as a kit item of type 'Nucleo USB Dongle'
2025-10-15 11:01:26,863 [INFO] DbBoardsSqlite:226 - include board STEVAL-IDP005V1 as a kit item of type 'Evaluation Board'
2025-10-15 11:01:26,863 [INFO] DbBoardsSqlite:226 - include board STEVAL-IDP005V2 as a kit item of type 'Evaluation Board'
2025-10-15 11:01:27,211 [INFO] ApiDb:240 - Found 880 in-development CPN: [B-G473E-ZEST1S, B-WB1M-WPAN1, B-WBA5M-WPAN, B-WL5M-SUBG1, NUCLEO-C031C6, NUCLEO-C051C8, NUCLEO-C071RB, NUCLEO-C092RC, NUCLEO-H503RB, NUCLEO-H533RE, NUCLEO-H563ZI, NUCLEO-H7S3L8, NUCLEO-N657X0-Q, NUCLEO-U031R8, NUCLEO-U083RC, NUCLEO-U385RG-Q, NUCLEO-U545RE-Q, NUCLEO-U5A5ZJ-Q, NUCLEO-WB05KZ, NUCLEO-WB07CC, NUCLEO-WB09KE, NUCLEO-WBA52CG, NUCLEO-WBA55CG, NUCLEO-WL33CC1, NUCLEO-WL33CC2, STEVAL-PROTEUS1, STEVAL-SMARTAG2, STEVAL-STWINBX1, STM320518-EVAL, STM32C0116-DK, STM32C011D6Y3TR, STM32C011D6Y6TR, STM32C011F4P3, STM32C011F4P6, STM32C011F4U3, STM32C011F4U6TR, STM32C011F6P3, STM32C011F6P6, STM32C011F6U3, STM32C011F6U6TR, STM32C011J4M3, STM32C011J4M6, STM32C011J6M3, STM32C011J6M6, STM32C0316-DK, STM32C031C4T3, STM32C031C4T6, STM32C031C4U3, STM32C031C4U6, STM32C031C6T3, STM32C031C6T6, STM32C031C6U3, STM32C031C6U6, STM32C031F4P3, STM32C031F4P6, STM32C031F6P3, STM32C031F6P6, STM32C031G4U3, STM32C031G4U6, STM32C031G6U3, STM32C031G6U6, STM32C031K4T3, STM32C031K4T6, STM32C031K4U3, STM32C031K4U6, STM32C031K6T3, STM32C031K6T6, STM32C031K6U3, STM32C031K6U6, STM32C051C6T6, STM32C051C6U6, STM32C051C8T6, STM32C051C8U6, STM32C051D8Y6TR, STM32C051F6P6, STM32C051F8P6, STM32C051G6U6, STM32C051G8U6, STM32C051K6T6, STM32C051K6U6, STM32C051K8T6, STM32C071C8T6, STM32C071C8T6N, STM32C071C8U6, STM32C071C8U6N, STM32C071CBT6, STM32C071CBT6N, STM32C071CBU6, STM32C071CBU6N, STM32C071F8P6, STM32C071F8P6N, STM32C071FBP6, STM32C071FBP6N, STM32C071FBY6TR, STM32C071G8U6, STM32C071G8U6N, STM32C071GBU6, STM32C071GBU6N, STM32C071K8T6, STM32C071K8T6N, STM32C071K8U6, STM32C071K8U6N, STM32C071KBT6, STM32C071KBT6N, STM32C071KBU6, STM32C071KBU6N, STM32C071R8T6, STM32C071R8T6N, STM32C071RBI6N, STM32C071RBT6, STM32C071RBT6N, STM32C091CBT6, STM32C091CBU6, STM32C091CCT6, STM32C091CCU6, STM32C091ECY6TR, STM32C091FBP6, STM32C091FCP6, STM32C091GBU6, STM32C091GCU6, STM32C091KBT6, STM32C091KBU6, STM32C091KCT6, STM32C091KCU6, STM32C091RBT6, STM32C091RCI6, STM32C091RCT6, STM32C092CBT6, STM32C092CBU6, STM32C092CCT6, STM32C092CCU6, STM32C092ECY6TR, STM32C092FBP6, STM32C092FCP6, STM32C092GBU6, STM32C092GCU6, STM32C092KBT6, STM32C092KBU6, STM32C092KCT6, STM32C092KCU6, STM32C092RBT6, STM32C092RCI6, STM32C092RCT6, STM32G071K8TXN, STM32G071K8UXN, STM32G081GBU6N, STM32G081KBT6N, STM32G081KBUXN, STM32G0B1CCT6N, STM32G0B1KCT6, STM32G0B1NEY6TR, STM32G0B1RCT6N, STM32G0C1CCT6, STM32G0C1CCT6N, STM32G0C1CCU6N, STM32G0C1CET6N, STM32G0C1CEU6N, STM32G0C1KCT6, STM32G0C1NEY6TR, STM32G0C1RCI6N, STM32G0C1RCT6N, STM32G0C1REI6N, STM32G0C1RET6N, STM32G0C1VCI6, STM32G0C1VEI6, STM32G411C6T3, STM32G411C6T6, STM32G411C6U3, STM32G411C6U6, STM32G411C8T3, STM32G411C8T6, STM32G411C8U3, STM32G411C8U6, STM32G411CBT3, STM32G411CBT6, STM32G411CBU3, STM32G411CBU6, STM32G411K6T3, STM32G411K6T6, STM32G411K6U3, STM32G411K6U6, STM32G411K8T3, STM32G411K8T6, STM32G411K8U3, STM32G411K8U6, STM32G411KBT3, STM32G411KBT6, STM32G411KBU3, STM32G411KBU6, STM32G411M6T3, STM32G411M6T6, STM32G411M8T3, STM32G411M8T6, STM32G411MBT3, STM32G411MBT6, STM32G411R6T3, STM32G411R6T6, STM32G411R8T3, STM32G411R8T6, STM32G411RBT3, STM32G411RBT6, STM32G414CBT3, STM32G414CBT6, STM32G414CBU3, STM32G414CBU6, STM32G414CCT3, STM32G414CCT6, STM32G414CCU3, STM32G414CCU6, STM32G414MBT3, STM32G414MBT6, STM32G414MCT3, STM32G414MCT6, STM32G414RBT3, STM32G414RBT6, STM32G414RCT3, STM32G414RCT6, STM32G414VBT3, STM32G414VBT6, STM32G414VCT3, STM32G414VCT6, STM32G431CBT3Z, STM32G431RBT3Z, STM32G471CCT6, STM32G471CCU6, STM32G471CET3, STM32G471CET6, STM32G471CEU3, STM32G471CEU6, STM32G471MCT6, STM32G471MET3, STM32G471MET6, STM32G471MEY6TR, STM32G471QCT6, STM32G471QET3, STM32G471RCT6, STM32G471RET3, STM32G471RET6, STM32G471VCH6, STM32G471VCI6, STM32G471VCT6, STM32G471VEH3, STM32G471VEH6, STM32G471VEI3, STM32G471VEI6, STM32G471VET3, STM32G471VET6, STM32G473QET3Z, STM32G473RET3Z, STM32G474CCT6, STM32G491RET3Z, STM32H503CBT6, STM32H503CBU6, STM32H503EBY6TR, STM32H503KBU6, STM32H503RBT6, STM32H523CCT6, STM32H523CCU6, STM32H523CET6, STM32H523CEU6, STM32H523HEY6TR, STM32H523RCT6, STM32H523RET6, STM32H523VCI6, STM32H523VCT6, STM32H523VEI6, STM32H523VET6, STM32H523ZCJ6, STM32H523ZCT6, STM32H523ZEJ6, STM32H523ZET6, STM32H533CET6, STM32H533CEU6, STM32H533HEY6TR, STM32H533RET6, STM32H533VEI6, STM32H533VET6, STM32H533ZEJ6, STM32H533ZET6, STM32H562AGI6, STM32H562AII6, STM32H562IGK6, STM32H562IGT6, STM32H562IIK6, STM32H562IIT6, STM32H562RGT6, STM32H562RGV6, STM32H562RIT6, STM32H562RIV6, STM32H562VGT6, STM32H562VIT6, STM32H562ZGT6, STM32H562ZIT6, STM32H563AGI6, STM32H563AII3Q, STM32H563AII6, STM32H563IGK6, STM32H563IGT6, STM32H563IIK3Q, STM32H563IIK6, STM32H563IIT3Q, STM32H563IIT6, STM32H563MIY3QTR, STM32H563RGT6, STM32H563RGV6, STM32H563RIT6, STM32H563RIV6, STM32H563VGT6, STM32H563VIT3Q, STM32H563VIT6, STM32H563ZGT6, STM32H563ZIT3Q, STM32H563ZIT6, STM32H573AII3Q, STM32H573AII6, STM32H573I-DK, STM32H573IIK3Q, STM32H573IIK6, STM32H573IIT3Q, STM32H573IIT6, STM32H573MIY3QTR, STM32H573RIT6, STM32H573RIV6, STM32H573VIT3Q, STM32H573VIT6, STM32H573ZIT3Q, STM32H573ZIT6, STM32H7R3A8I6, STM32H7R3I8K6, STM32H7R3I8T6, STM32H7R3L8H6, STM32H7R3L8H6H, STM32H7R3R8V6, STM32H7R3V8H6, STM32H7R3V8T6, STM32H7R3V8Y6TR, STM32H7R3Z8J6, STM32H7R3Z8T6, STM32H7R7A8I6, STM32H7R7I8K6, STM32H7R7I8T6, STM32H7R7L8H6, STM32H7R7L8H6H, STM32H7R7Z8J6, STM32H7S3A8I6, STM32H7S3I8K6, STM32H7S3I8T6, STM32H7S3L8H6, STM32H7S3L8H6H, STM32H7S3R8V6, STM32H7S3V8H6, STM32H7S3V8T6, STM32H7S3V8Y6TR, STM32H7S3Z8J6, STM32H7S3Z8T6, STM32H7S78-DK, STM32H7S7A8I6, STM32H7S7I8K6, STM32H7S7I8T6, STM32H7S7L8H6, STM32H7S7L8H6H, STM32H7S7Z8J6, STM32L4R5QGI6STR, STM32MP131AAE3, STM32MP131AAF3, STM32MP131AAG3, STM32MP131CAE3, STM32MP131CAF3, STM32MP131CAG3, STM32MP131DAE7, STM32MP131DAF7, STM32MP131DAG7, STM32MP131FAE7, STM32MP131FAF7, STM32MP131FAG7, STM32MP133AAE3, STM32MP133AAF3, STM32MP133AAG3, STM32MP133CAE3, STM32MP133CAF3, STM32MP133CAG3, STM32MP133DAE7, STM32MP133DAF7, STM32MP133DAG7, STM32MP133FAE7, STM32MP133FAF7, STM32MP133FAG7, STM32MP135AAE3, STM32MP135AAF3, STM32MP135AAG3, STM32MP135CAE3, STM32MP135CAF3, STM32MP135CAG3, STM32MP135DAE7, STM32MP135DAF7, STM32MP135DAG7, STM32MP135F-DK, STM32MP135FAE7, STM32MP135FAF7, STM32MP135FAF7T, STM32MP135FAF7U, STM32MP135FAG7, STM32MP211AAL3, STM32MP211AAM3, STM32MP211AAN3, STM32MP211AAO3, STM32MP211CAL3, STM32MP211CAM3, STM32MP211CAN3, STM32MP211CAO3, STM32MP211DAL3, STM32MP211DAM3, STM32MP211DAN3, STM32MP211DAO3, STM32MP211FAL3, STM32MP211FAM3, STM32MP211FAN3, STM32MP211FAO3, STM32MP213AAL3, STM32MP213AAM3, STM32MP213AAN3, STM32MP213AAO3, STM32MP213CAL3, STM32MP213CAM3, STM32MP213CAN3, STM32MP213CAO3, STM32MP213DAL3, STM32MP213DAM3, STM32MP213DAN3, STM32MP213DAO3, STM32MP213FAL3, STM32MP213FAM3, STM32MP213FAN3, STM32MP213FAO3, STM32MP215AAL3, STM32MP215AAM3, STM32MP215AAN3, STM32MP215AAO3, STM32MP215CAL3, STM32MP215CAM3, STM32MP215CAN3, STM32MP215CAO3, STM32MP215DAL3, STM32MP215DAM3, STM32MP215DAN3, STM32MP215DAO3, STM32MP215F-DK, STM32MP215FAL3, STM32MP215FAM3, STM32MP215FAN3, STM32MP215FAO3, STM32MP231AAJ3, STM32MP231AAK3, STM32MP231AAL3, STM32MP231CAJ3, STM32MP231CAK3, STM32MP231CAL3, STM32MP231DAJ3, STM32MP231DAK3, STM32MP231DAL3, STM32MP231FAJ3, STM32MP231FAK3, STM32MP231FAL3, STM32MP233AAJ3, STM32MP233AAK3, STM32MP233AAL3, STM32MP233CAJ3, STM32MP233CAK3, STM32MP233CAL3, STM32MP233DAJ3, STM32MP233DAK3, STM32MP233DAL3, STM32MP233FAJ3, STM32MP233FAK3, STM32MP233FAL3, STM32MP235AAJ3, STM32MP235AAK3, STM32MP235AAL3, STM32MP235CAJ3, STM32MP235CAK3, STM32MP235CAL3, STM32MP235DAJ3, STM32MP235DAK3, STM32MP235DAL3, STM32MP235FAJ3, STM32MP235FAK3, STM32MP235FAL3, STM32MP251AAI3, STM32MP251AAK3, STM32MP251AAL3, STM32MP251CAI3, STM32MP251CAK3, STM32MP251CAL3, STM32MP251DAI3, STM32MP251DAK3, STM32MP251DAL3, STM32MP251FAI3, STM32MP251FAK3, STM32MP251FAL3, STM32MP253AAI3, STM32MP253AAK3, STM32MP253AAL3, STM32MP253CAI3, STM32MP253CAK3, STM32MP253CAL3, STM32MP253DAI3, STM32MP253DAK3, STM32MP253DAL3, STM32MP253FAI3, STM32MP253FAK3, STM32MP253FAL3, STM32MP255AAI3, STM32MP255AAK3, STM32MP255AAL3, STM32MP255CAI3, STM32MP255CAK3, STM32MP255CAL3, STM32MP255DAI3, STM32MP255DAK3, STM32MP255DAL3, STM32MP255FAI3, STM32MP255FAK3, STM32MP255FAL3, STM32MP257AAI3, STM32MP257AAK3, STM32MP257AAL3, STM32MP257CAI3, STM32MP257CAK3, STM32MP257CAL3, STM32MP257DAI3, STM32MP257DAK3, STM32MP257DAL3, STM32MP257F-DK, STM32MP257F-EV1, STM32MP257FAI3, STM32MP257FAK3, STM32MP257FAL3, STM32N645A0H3Q, STM32N645B0H3Q, STM32N645I0H3Q, STM32N645L0H3Q, STM32N645X0H3Q, STM32N645Z0H3Q, STM32N647A0H3Q, STM32N647B0H3Q, STM32N647I0H3Q, STM32N647L0H3Q, STM32N647X0H3Q, STM32N647Z0H3Q, STM32N655A0H3Q, STM32N655B0H3Q, STM32N655I0H3Q, STM32N655L0H3Q, STM32N655X0H3Q, STM32N655Z0H3Q, STM32N6570-DK, STM32N657A0H3Q, STM32N657B0H3Q, STM32N657I0H3Q, STM32N657L0H3Q, STM32N657X0H3Q, STM32N657Z0H3Q, STM32U031C6T6, STM32U031C6U6, STM32U031C8T6, STM32U031C8U6, STM32U031F4P6, STM32U031F6P6, STM32U031F8P6, STM32U031G6Y6TR, STM32U031G8Y6TR, STM32U031K4U6, STM32U031K6U6, STM32U031K8U6, STM32U031R6I6, STM32U031R6T6, STM32U031R8I6, STM32U031R8T6, STM32U073C8T6, STM32U073C8U6, STM32U073CBT6, STM32U073CBU6, STM32U073CCT6, STM32U073CCU6, STM32U073H8Y6TR, STM32U073HBY6TR, STM32U073HCY6TR, STM32U073K8U6, STM32U073KBU6, STM32U073KCU6, STM32U073M8I6, STM32U073M8T6, STM32U073MBI6, STM32U073MBT6, STM32U073MCI6, STM32U073MCT6, STM32U073R8I6, STM32U073R8T6, STM32U073RBI6, STM32U073RBT6, STM32U073RCI6, STM32U073RCT6, STM32U083C-DK, STM32U083CCT6, STM32U083CCU6, STM32U083HCY6TR, STM32U083KCU6, STM32U083MCI6, STM32U083MCT6, STM32U083RCI6, STM32U083RCT6, STM32U375CET6, STM32U375CET6Q, STM32U375CEU6, STM32U375CEU6Q, STM32U375CEY6QTR, STM32U375CGT6, STM32U375CGT6Q, STM32U375CGU6, STM32U375CGU6Q, STM32U375CGY6QTR, STM32U375KEU6, STM32U375KGU6, STM32U375REI6, STM32U375REI6Q, STM32U375RET6, STM32U375RET6Q, STM32U375REY6GTR, STM32U375REY6QTR, STM32U375RGI6, STM32U375RGI6Q, STM32U375RGT6, STM32U375RGT6Q, STM32U375RGY6GTR, STM32U375RGY6QTR, STM32U375VEI6, STM32U375VEI6Q, STM32U375VET6, STM32U375VET6Q, STM32U375VGI6, STM32U375VGI6Q, STM32U375VGT6, STM32U375VGT6Q, STM32U385CGT6, STM32U385CGT6Q, STM32U385CGU6, STM32U385CGU6Q, STM32U385CGY6QTR, STM32U385KGU6, STM32U385RGI6, STM32U385RGI6Q, STM32U385RGT6, STM32U385RGT6Q, STM32U385RGY6GTR, STM32U385RGY6QTR, STM32U385VGI6, STM32U385VGI6Q, STM32U385VGT6, STM32U385VGT6Q, STM32U535CBT6, STM32U535CBT6Q, STM32U535CBU6, STM32U535CBU6Q, STM32U535CCT6, STM32U535CCT6Q, STM32U535CCU6, STM32U535CCU6Q, STM32U535CET6, STM32U535CET6Q, STM32U535CEU6, STM32U535CEU6Q, STM32U535JEY6QTR, STM32U535NCY6QTR, STM32U535NEY6QTR, STM32U535RBI6, STM32U535RBI6Q, STM32U535RBT6, STM32U535RBT6Q, STM32U535RCI6, STM32U535RCI6Q, STM32U535RCT6, STM32U535RCT6Q, STM32U535REI6, STM32U535REI6Q, STM32U535RET6, STM32U535RET6Q, STM32U535VCI6, STM32U535VCI6Q, STM32U535VCT6, STM32U535VCT6Q, STM32U535VEI6, STM32U535VEI6Q, STM32U535VET6, STM32U535VET6Q, STM32U545CET6, STM32U545CET6Q, STM32U545CEU6, STM32U545CEU6Q, STM32U545JEY6QTR, STM32U545NEY6QTR, STM32U545REI6, STM32U545REI6Q, STM32U545RET6, STM32U545RET6Q, STM32U545VEI6, STM32U545VEI6Q, STM32U545VET6, STM32U545VET6Q, STM32U595AIH6, STM32U595AIH6Q, STM32U595AJH6, STM32U595AJH6Q, STM32U595QII6, STM32U595QII6Q, STM32U595QJI6, STM32U595QJI6Q, STM32U595RIT6, STM32U595RIT6Q, STM32U595RJT6, STM32U595RJT6Q, STM32U595VIT6, STM32U595VIT6Q, STM32U595VJT6, STM32U595VJT6Q, STM32U595ZIT6, STM32U595ZIT6Q, STM32U595ZIY6QTR, STM32U595ZJT6, STM32U595ZJT6Q, STM32U595ZJY6QTR, STM32U599BJY6QTR, STM32U599NIH6Q, STM32U599NJH6Q, STM32U599VIT6Q, STM32U599VJT6, STM32U599VJT6Q, STM32U599ZIT6Q, STM32U599ZIY6QTR, STM32U599ZJT6Q, STM32U599ZJY6QTR, STM32U5A5AJH6, STM32U5A5AJH6Q, STM32U5A5QII3Q , STM32U5A5QJI6, STM32U5A5QJI6Q, STM32U5A5RJT6, STM32U5A5RJT6Q, STM32U5A5VJT6, STM32U5A5VJT6Q, STM32U5A5ZJT6, STM32U5A5ZJT6Q, STM32U5A5ZJY6QTR, STM32U5A9BJY6QTR, STM32U5A9J-DK, STM32U5A9NJH6Q, STM32U5A9VJT6Q, STM32U5A9ZJT6Q, STM32U5A9ZJY6QTR, STM32U5F7VIT6, STM32U5F7VIT6Q, STM32U5F7VJT6, STM32U5F7VJT6Q, STM32U5F9BJY6QTR, STM32U5F9NJH6Q, STM32U5F9VIT6Q, STM32U5F9VJT6Q, STM32U5F9ZIJ6QTR, STM32U5F9ZIT6Q, STM32U5F9ZJJ6QTR, STM32U5F9ZJT6Q, STM32U5G7VJT6, STM32U5G7VJT6Q, STM32U5G9BJY6QTR, STM32U5G9J-DK1, STM32U5G9J-DK2, STM32U5G9NJH6Q, STM32U5G9VJT6Q, STM32U5G9ZJJ6QTR, STM32U5G9ZJT6Q, STM32WB05KZV6TR, STM32WB05KZV7TR, STM32WB05TZF6TR, STM32WB05TZF7TR, STM32WB06CCF6TR, STM32WB06CCF7TR, STM32WB06CCV6TR, STM32WB06CCV7TR, STM32WB06KCV6TR, STM32WB06KCV7TR, STM32WB07CCF6TR, STM32WB07CCF7TR, STM32WB07CCV6TR, STM32WB07CCV7TR, STM32WB07KCV6TR, STM32WB07KCV7TR, STM32WB09KEV6TR, STM32WB09KEV7TR, STM32WB09TEF6TR, STM32WB09TEF7TR, STM32WB1MMCH6, STM32WBA50KGU6, STM32WBA50KGU6TR, STM32WBA52CEU6, STM32WBA52CEU6TR, STM32WBA52CEU7, STM32WBA52CEU7TR, STM32WBA52CGU6, STM32WBA52CGU6TR, STM32WBA52CGU6U, STM32WBA52CGU7, STM32WBA52CGU7TR, STM32WBA52KEU6, STM32WBA52KEU6TR, STM32WBA52KGU6, STM32WBA52KGU6TR, STM32WBA54CEU6, STM32WBA54CEU6TR, STM32WBA54CEU7, STM32WBA54CEU7TR, STM32WBA54CGU6, STM32WBA54CGU6TR, STM32WBA54CGU7, STM32WBA54CGU7TR, STM32WBA54KEU6, STM32WBA54KEU6TR, STM32WBA54KEU7, STM32WBA54KEU7TR, STM32WBA54KGU6, STM32WBA54KGU6TR, STM32WBA54KGU7, STM32WBA54KGU7TR, STM32WBA55CEU6, STM32WBA55CEU6TR, STM32WBA55CEU7, STM32WBA55CEU7TR, STM32WBA55CGU6, STM32WBA55CGU6TR, STM32WBA55CGU6U, STM32WBA55CGU7, STM32WBA55CGU7TR, STM32WBA55G-DK1, STM32WBA55HEF6, STM32WBA55HEF7, STM32WBA55HGF6, STM32WBA55HGF7, STM32WBA55UEI6, STM32WBA55UEI6TR, STM32WBA55UEI7, STM32WBA55UEI7TR, STM32WBA55UGI6, STM32WBA55UGI6TR, STM32WBA55UGI7, STM32WBA55UGI7TR, STM32WBA5MMGH6TR, STM32WBA62MGF6, STM32WBA62MIF6, STM32WBA65MGF7, STM32WBA65MIF6, STM32WBA65MIF7, STM32WL30K8V6, STM32WL30KBV6, STM32WL31C8V6, STM32WL31CBV6, STM32WL31K8V6, STM32WL31KBV6, STM32WL33C8V6, STM32WL33C8V6X, STM32WL33CBV6, STM32WL33CBV6X, STM32WL33CCV6, STM32WL33CCV6A, STM32WL33CCV6X, STM32WL33K8V7, STM32WL33K8V7X, STM32WL33KBV7 , STM32WL33KBV7X, STM32WL33KCV7, STM32WL33KCV7X, STM32WL5MOCH6, STM32WL5MOCH6TR]
2025-10-15 11:01:27,400 [INFO] BoardInfo:889 - No configuration file found for board P-NUCLEO-WB55
2025-10-15 11:01:27,401 [INFO] DbBoards:161 - Kit is not supported: P-NUCLEO-WB55
2025-10-15 11:01:27,408 [INFO] BoardInfo:889 - No configuration file found for board STEVAL-BFA001V1B
2025-10-15 11:01:27,409 [INFO] DbBoards:161 - Kit is not supported: STEVAL-BFA001V1B
2025-10-15 11:01:27,410 [INFO] BoardInfo:889 - No configuration file found for board STEVAL-BFA001V2B
2025-10-15 11:01:27,410 [INFO] DbBoards:161 - Kit is not supported: STEVAL-BFA001V2B
2025-10-15 11:01:27,575 [INFO] DbBoards:168 - Found 212 boards, 209 are supported
2025-10-15 11:01:27,575 [INFO] DbBoards:169 - Found 212 boards, 43 of them is supported for  Bsp
2025-10-15 11:01:27,577 [INFO] ApiDb:668 - CubeFinder database Data Model version=2.1
2025-10-15 11:01:27,577 [INFO] ApiDb:669 - CubeFinder database Configuration version=3.0.39
2025-10-15 11:01:27,577 [INFO] ApiDb:670 - CubeFinder database generation date=2025-08-25 (1756130511)
2025-10-15 11:01:27,577 [INFO] ApiDb:671 - CubeFinder database FW Pack versions=[FP-ATR-ASTRA1_V2.0.0, FP-SNS-FLIGHT1_V5.1.0, FP-SNS-MOTENV1_V5.0.0, FP-SNS-MOTENVWB1_V1.4.0, FP-SNS-SMARTAG2_V1.2.0, FP-SNS-STBOX1_V2.1.0, STM32Cube_FW_C0_V1.4.0, STM32Cube_FW_F4_V1.28.3, STM32Cube_FW_F7_V1.17.4, STM32Cube_FW_G0_V1.6.2, STM32Cube_FW_G4_V1.6.1, STM32Cube_FW_H5_V1.5.0, STM32Cube_FW_H7RS_V1.2.0, STM32Cube_FW_H7_V1.12.1, STM32Cube_FW_L0_V1.12.2, STM32Cube_FW_L4_V1.18.1, STM32Cube_FW_L5_V1.5.1, STM32Cube_FW_N6_V1.2.0, STM32Cube_FW_U0_V1.3.0, STM32Cube_FW_U3_V1.2.0, STM32Cube_FW_U5_V1.8.0, STM32Cube_FW_WB0_V1.3.0, STM32Cube_FW_WBA_V1.7.0, STM32Cube_FW_WB_V1.23.0, STM32Cube_FW_WL3_V1.2.0, STM32Cube_FW_WL_V1.3.1, X-CUBE-ALGOBUILD_V1.4.0, X-CUBE-ALS_V1.0.2, X-CUBE-AZRTOS-F4_V1.1.0, X-CUBE-AZRTOS-F7_V1.1.0, X-CUBE-AZRTOS-G0_V1.1.0, X-CUBE-AZRTOS-G4_V2.0.0, X-CUBE-AZRTOS-H7RS_V1.1.0, X-CUBE-AZRTOS-H7_V3.4.0, X-CUBE-AZRTOS-L4_V2.0.0, X-CUBE-AZRTOS-L5_V2.0.0, X-CUBE-AZRTOS-WB_V2.0.0, X-CUBE-AZRTOS-WL_V2.0.0, X-CUBE-BLE1_V7.1.0, X-CUBE-BLE2_V3.3.0, X-CUBE-BLEMGR_V4.1.0, X-CUBE-EEPRMA1_V5.2.0, X-CUBE-FREERTOS_V1.3.1, X-CUBE-GNSS1_V6.0.0, X-CUBE-MEMS1_V11.3.0, X-CUBE-NFC4_V3.0.0, X-CUBE-NFC7_V2.0.0, X-CUBE-SFXS2LP1_V4.0.0, X-CUBE-ST67W61_V1.0.0, X-CUBE-SUBG2_V5.0.0, X-CUBE-TOF1_V3.4.3]
2025-10-15 11:01:29,109 [INFO] ApiDb:240 - Found 880 in-development CPN: [B-G473E-ZEST1S, B-WB1M-WPAN1, B-WBA5M-WPAN, B-WL5M-SUBG1, NUCLEO-C031C6, NUCLEO-C051C8, NUCLEO-C071RB, NUCLEO-C092RC, NUCLEO-H503RB, NUCLEO-H533RE, NUCLEO-H563ZI, NUCLEO-H7S3L8, NUCLEO-N657X0-Q, NUCLEO-U031R8, NUCLEO-U083RC, NUCLEO-U385RG-Q, NUCLEO-U545RE-Q, NUCLEO-U5A5ZJ-Q, NUCLEO-WB05KZ, NUCLEO-WB07CC, NUCLEO-WB09KE, NUCLEO-WBA52CG, NUCLEO-WBA55CG, NUCLEO-WL33CC1, NUCLEO-WL33CC2, STEVAL-PROTEUS1, STEVAL-SMARTAG2, STEVAL-STWINBX1, STM320518-EVAL, STM32C0116-DK, STM32C011D6Y3TR, STM32C011D6Y6TR, STM32C011F4P3, STM32C011F4P6, STM32C011F4U3, STM32C011F4U6TR, STM32C011F6P3, STM32C011F6P6, STM32C011F6U3, STM32C011F6U6TR, STM32C011J4M3, STM32C011J4M6, STM32C011J6M3, STM32C011J6M6, STM32C0316-DK, STM32C031C4T3, STM32C031C4T6, STM32C031C4U3, STM32C031C4U6, STM32C031C6T3, STM32C031C6T6, STM32C031C6U3, STM32C031C6U6, STM32C031F4P3, STM32C031F4P6, STM32C031F6P3, STM32C031F6P6, STM32C031G4U3, STM32C031G4U6, STM32C031G6U3, STM32C031G6U6, STM32C031K4T3, STM32C031K4T6, STM32C031K4U3, STM32C031K4U6, STM32C031K6T3, STM32C031K6T6, STM32C031K6U3, STM32C031K6U6, STM32C051C6T6, STM32C051C6U6, STM32C051C8T6, STM32C051C8U6, STM32C051D8Y6TR, STM32C051F6P6, STM32C051F8P6, STM32C051G6U6, STM32C051G8U6, STM32C051K6T6, STM32C051K6U6, STM32C051K8T6, STM32C071C8T6, STM32C071C8T6N, STM32C071C8U6, STM32C071C8U6N, STM32C071CBT6, STM32C071CBT6N, STM32C071CBU6, STM32C071CBU6N, STM32C071F8P6, STM32C071F8P6N, STM32C071FBP6, STM32C071FBP6N, STM32C071FBY6TR, STM32C071G8U6, STM32C071G8U6N, STM32C071GBU6, STM32C071GBU6N, STM32C071K8T6, STM32C071K8T6N, STM32C071K8U6, STM32C071K8U6N, STM32C071KBT6, STM32C071KBT6N, STM32C071KBU6, STM32C071KBU6N, STM32C071R8T6, STM32C071R8T6N, STM32C071RBI6N, STM32C071RBT6, STM32C071RBT6N, STM32C091CBT6, STM32C091CBU6, STM32C091CCT6, STM32C091CCU6, STM32C091ECY6TR, STM32C091FBP6, STM32C091FCP6, STM32C091GBU6, STM32C091GCU6, STM32C091KBT6, STM32C091KBU6, STM32C091KCT6, STM32C091KCU6, STM32C091RBT6, STM32C091RCI6, STM32C091RCT6, STM32C092CBT6, STM32C092CBU6, STM32C092CCT6, STM32C092CCU6, STM32C092ECY6TR, STM32C092FBP6, STM32C092FCP6, STM32C092GBU6, STM32C092GCU6, STM32C092KBT6, STM32C092KBU6, STM32C092KCT6, STM32C092KCU6, STM32C092RBT6, STM32C092RCI6, STM32C092RCT6, STM32G071K8TXN, STM32G071K8UXN, STM32G081GBU6N, STM32G081KBT6N, STM32G081KBUXN, STM32G0B1CCT6N, STM32G0B1KCT6, STM32G0B1NEY6TR, STM32G0B1RCT6N, STM32G0C1CCT6, STM32G0C1CCT6N, STM32G0C1CCU6N, STM32G0C1CET6N, STM32G0C1CEU6N, STM32G0C1KCT6, STM32G0C1NEY6TR, STM32G0C1RCI6N, STM32G0C1RCT6N, STM32G0C1REI6N, STM32G0C1RET6N, STM32G0C1VCI6, STM32G0C1VEI6, STM32G411C6T3, STM32G411C6T6, STM32G411C6U3, STM32G411C6U6, STM32G411C8T3, STM32G411C8T6, STM32G411C8U3, STM32G411C8U6, STM32G411CBT3, STM32G411CBT6, STM32G411CBU3, STM32G411CBU6, STM32G411K6T3, STM32G411K6T6, STM32G411K6U3, STM32G411K6U6, STM32G411K8T3, STM32G411K8T6, STM32G411K8U3, STM32G411K8U6, STM32G411KBT3, STM32G411KBT6, STM32G411KBU3, STM32G411KBU6, STM32G411M6T3, STM32G411M6T6, STM32G411M8T3, STM32G411M8T6, STM32G411MBT3, STM32G411MBT6, STM32G411R6T3, STM32G411R6T6, STM32G411R8T3, STM32G411R8T6, STM32G411RBT3, STM32G411RBT6, STM32G414CBT3, STM32G414CBT6, STM32G414CBU3, STM32G414CBU6, STM32G414CCT3, STM32G414CCT6, STM32G414CCU3, STM32G414CCU6, STM32G414MBT3, STM32G414MBT6, STM32G414MCT3, STM32G414MCT6, STM32G414RBT3, STM32G414RBT6, STM32G414RCT3, STM32G414RCT6, STM32G414VBT3, STM32G414VBT6, STM32G414VCT3, STM32G414VCT6, STM32G431CBT3Z, STM32G431RBT3Z, STM32G471CCT6, STM32G471CCU6, STM32G471CET3, STM32G471CET6, STM32G471CEU3, STM32G471CEU6, STM32G471MCT6, STM32G471MET3, STM32G471MET6, STM32G471MEY6TR, STM32G471QCT6, STM32G471QET3, STM32G471RCT6, STM32G471RET3, STM32G471RET6, STM32G471VCH6, STM32G471VCI6, STM32G471VCT6, STM32G471VEH3, STM32G471VEH6, STM32G471VEI3, STM32G471VEI6, STM32G471VET3, STM32G471VET6, STM32G473QET3Z, STM32G473RET3Z, STM32G474CCT6, STM32G491RET3Z, STM32H503CBT6, STM32H503CBU6, STM32H503EBY6TR, STM32H503KBU6, STM32H503RBT6, STM32H523CCT6, STM32H523CCU6, STM32H523CET6, STM32H523CEU6, STM32H523HEY6TR, STM32H523RCT6, STM32H523RET6, STM32H523VCI6, STM32H523VCT6, STM32H523VEI6, STM32H523VET6, STM32H523ZCJ6, STM32H523ZCT6, STM32H523ZEJ6, STM32H523ZET6, STM32H533CET6, STM32H533CEU6, STM32H533HEY6TR, STM32H533RET6, STM32H533VEI6, STM32H533VET6, STM32H533ZEJ6, STM32H533ZET6, STM32H562AGI6, STM32H562AII6, STM32H562IGK6, STM32H562IGT6, STM32H562IIK6, STM32H562IIT6, STM32H562RGT6, STM32H562RGV6, STM32H562RIT6, STM32H562RIV6, STM32H562VGT6, STM32H562VIT6, STM32H562ZGT6, STM32H562ZIT6, STM32H563AGI6, STM32H563AII3Q, STM32H563AII6, STM32H563IGK6, STM32H563IGT6, STM32H563IIK3Q, STM32H563IIK6, STM32H563IIT3Q, STM32H563IIT6, STM32H563MIY3QTR, STM32H563RGT6, STM32H563RGV6, STM32H563RIT6, STM32H563RIV6, STM32H563VGT6, STM32H563VIT3Q, STM32H563VIT6, STM32H563ZGT6, STM32H563ZIT3Q, STM32H563ZIT6, STM32H573AII3Q, STM32H573AII6, STM32H573I-DK, STM32H573IIK3Q, STM32H573IIK6, STM32H573IIT3Q, STM32H573IIT6, STM32H573MIY3QTR, STM32H573RIT6, STM32H573RIV6, STM32H573VIT3Q, STM32H573VIT6, STM32H573ZIT3Q, STM32H573ZIT6, STM32H7R3A8I6, STM32H7R3I8K6, STM32H7R3I8T6, STM32H7R3L8H6, STM32H7R3L8H6H, STM32H7R3R8V6, STM32H7R3V8H6, STM32H7R3V8T6, STM32H7R3V8Y6TR, STM32H7R3Z8J6, STM32H7R3Z8T6, STM32H7R7A8I6, STM32H7R7I8K6, STM32H7R7I8T6, STM32H7R7L8H6, STM32H7R7L8H6H, STM32H7R7Z8J6, STM32H7S3A8I6, STM32H7S3I8K6, STM32H7S3I8T6, STM32H7S3L8H6, STM32H7S3L8H6H, STM32H7S3R8V6, STM32H7S3V8H6, STM32H7S3V8T6, STM32H7S3V8Y6TR, STM32H7S3Z8J6, STM32H7S3Z8T6, STM32H7S78-DK, STM32H7S7A8I6, STM32H7S7I8K6, STM32H7S7I8T6, STM32H7S7L8H6, STM32H7S7L8H6H, STM32H7S7Z8J6, STM32L4R5QGI6STR, STM32MP131AAE3, STM32MP131AAF3, STM32MP131AAG3, STM32MP131CAE3, STM32MP131CAF3, STM32MP131CAG3, STM32MP131DAE7, STM32MP131DAF7, STM32MP131DAG7, STM32MP131FAE7, STM32MP131FAF7, STM32MP131FAG7, STM32MP133AAE3, STM32MP133AAF3, STM32MP133AAG3, STM32MP133CAE3, STM32MP133CAF3, STM32MP133CAG3, STM32MP133DAE7, STM32MP133DAF7, STM32MP133DAG7, STM32MP133FAE7, STM32MP133FAF7, STM32MP133FAG7, STM32MP135AAE3, STM32MP135AAF3, STM32MP135AAG3, STM32MP135CAE3, STM32MP135CAF3, STM32MP135CAG3, STM32MP135DAE7, STM32MP135DAF7, STM32MP135DAG7, STM32MP135F-DK, STM32MP135FAE7, STM32MP135FAF7, STM32MP135FAF7T, STM32MP135FAF7U, STM32MP135FAG7, STM32MP211AAL3, STM32MP211AAM3, STM32MP211AAN3, STM32MP211AAO3, STM32MP211CAL3, STM32MP211CAM3, STM32MP211CAN3, STM32MP211CAO3, STM32MP211DAL3, STM32MP211DAM3, STM32MP211DAN3, STM32MP211DAO3, STM32MP211FAL3, STM32MP211FAM3, STM32MP211FAN3, STM32MP211FAO3, STM32MP213AAL3, STM32MP213AAM3, STM32MP213AAN3, STM32MP213AAO3, STM32MP213CAL3, STM32MP213CAM3, STM32MP213CAN3, STM32MP213CAO3, STM32MP213DAL3, STM32MP213DAM3, STM32MP213DAN3, STM32MP213DAO3, STM32MP213FAL3, STM32MP213FAM3, STM32MP213FAN3, STM32MP213FAO3, STM32MP215AAL3, STM32MP215AAM3, STM32MP215AAN3, STM32MP215AAO3, STM32MP215CAL3, STM32MP215CAM3, STM32MP215CAN3, STM32MP215CAO3, STM32MP215DAL3, STM32MP215DAM3, STM32MP215DAN3, STM32MP215DAO3, STM32MP215F-DK, STM32MP215FAL3, STM32MP215FAM3, STM32MP215FAN3, STM32MP215FAO3, STM32MP231AAJ3, STM32MP231AAK3, STM32MP231AAL3, STM32MP231CAJ3, STM32MP231CAK3, STM32MP231CAL3, STM32MP231DAJ3, STM32MP231DAK3, STM32MP231DAL3, STM32MP231FAJ3, STM32MP231FAK3, STM32MP231FAL3, STM32MP233AAJ3, STM32MP233AAK3, STM32MP233AAL3, STM32MP233CAJ3, STM32MP233CAK3, STM32MP233CAL3, STM32MP233DAJ3, STM32MP233DAK3, STM32MP233DAL3, STM32MP233FAJ3, STM32MP233FAK3, STM32MP233FAL3, STM32MP235AAJ3, STM32MP235AAK3, STM32MP235AAL3, STM32MP235CAJ3, STM32MP235CAK3, STM32MP235CAL3, STM32MP235DAJ3, STM32MP235DAK3, STM32MP235DAL3, STM32MP235FAJ3, STM32MP235FAK3, STM32MP235FAL3, STM32MP251AAI3, STM32MP251AAK3, STM32MP251AAL3, STM32MP251CAI3, STM32MP251CAK3, STM32MP251CAL3, STM32MP251DAI3, STM32MP251DAK3, STM32MP251DAL3, STM32MP251FAI3, STM32MP251FAK3, STM32MP251FAL3, STM32MP253AAI3, STM32MP253AAK3, STM32MP253AAL3, STM32MP253CAI3, STM32MP253CAK3, STM32MP253CAL3, STM32MP253DAI3, STM32MP253DAK3, STM32MP253DAL3, STM32MP253FAI3, STM32MP253FAK3, STM32MP253FAL3, STM32MP255AAI3, STM32MP255AAK3, STM32MP255AAL3, STM32MP255CAI3, STM32MP255CAK3, STM32MP255CAL3, STM32MP255DAI3, STM32MP255DAK3, STM32MP255DAL3, STM32MP255FAI3, STM32MP255FAK3, STM32MP255FAL3, STM32MP257AAI3, STM32MP257AAK3, STM32MP257AAL3, STM32MP257CAI3, STM32MP257CAK3, STM32MP257CAL3, STM32MP257DAI3, STM32MP257DAK3, STM32MP257DAL3, STM32MP257F-DK, STM32MP257F-EV1, STM32MP257FAI3, STM32MP257FAK3, STM32MP257FAL3, STM32N645A0H3Q, STM32N645B0H3Q, STM32N645I0H3Q, STM32N645L0H3Q, STM32N645X0H3Q, STM32N645Z0H3Q, STM32N647A0H3Q, STM32N647B0H3Q, STM32N647I0H3Q, STM32N647L0H3Q, STM32N647X0H3Q, STM32N647Z0H3Q, STM32N655A0H3Q, STM32N655B0H3Q, STM32N655I0H3Q, STM32N655L0H3Q, STM32N655X0H3Q, STM32N655Z0H3Q, STM32N6570-DK, STM32N657A0H3Q, STM32N657B0H3Q, STM32N657I0H3Q, STM32N657L0H3Q, STM32N657X0H3Q, STM32N657Z0H3Q, STM32U031C6T6, STM32U031C6U6, STM32U031C8T6, STM32U031C8U6, STM32U031F4P6, STM32U031F6P6, STM32U031F8P6, STM32U031G6Y6TR, STM32U031G8Y6TR, STM32U031K4U6, STM32U031K6U6, STM32U031K8U6, STM32U031R6I6, STM32U031R6T6, STM32U031R8I6, STM32U031R8T6, STM32U073C8T6, STM32U073C8U6, STM32U073CBT6, STM32U073CBU6, STM32U073CCT6, STM32U073CCU6, STM32U073H8Y6TR, STM32U073HBY6TR, STM32U073HCY6TR, STM32U073K8U6, STM32U073KBU6, STM32U073KCU6, STM32U073M8I6, STM32U073M8T6, STM32U073MBI6, STM32U073MBT6, STM32U073MCI6, STM32U073MCT6, STM32U073R8I6, STM32U073R8T6, STM32U073RBI6, STM32U073RBT6, STM32U073RCI6, STM32U073RCT6, STM32U083C-DK, STM32U083CCT6, STM32U083CCU6, STM32U083HCY6TR, STM32U083KCU6, STM32U083MCI6, STM32U083MCT6, STM32U083RCI6, STM32U083RCT6, STM32U375CET6, STM32U375CET6Q, STM32U375CEU6, STM32U375CEU6Q, STM32U375CEY6QTR, STM32U375CGT6, STM32U375CGT6Q, STM32U375CGU6, STM32U375CGU6Q, STM32U375CGY6QTR, STM32U375KEU6, STM32U375KGU6, STM32U375REI6, STM32U375REI6Q, STM32U375RET6, STM32U375RET6Q, STM32U375REY6GTR, STM32U375REY6QTR, STM32U375RGI6, STM32U375RGI6Q, STM32U375RGT6, STM32U375RGT6Q, STM32U375RGY6GTR, STM32U375RGY6QTR, STM32U375VEI6, STM32U375VEI6Q, STM32U375VET6, STM32U375VET6Q, STM32U375VGI6, STM32U375VGI6Q, STM32U375VGT6, STM32U375VGT6Q, STM32U385CGT6, STM32U385CGT6Q, STM32U385CGU6, STM32U385CGU6Q, STM32U385CGY6QTR, STM32U385KGU6, STM32U385RGI6, STM32U385RGI6Q, STM32U385RGT6, STM32U385RGT6Q, STM32U385RGY6GTR, STM32U385RGY6QTR, STM32U385VGI6, STM32U385VGI6Q, STM32U385VGT6, STM32U385VGT6Q, STM32U535CBT6, STM32U535CBT6Q, STM32U535CBU6, STM32U535CBU6Q, STM32U535CCT6, STM32U535CCT6Q, STM32U535CCU6, STM32U535CCU6Q, STM32U535CET6, STM32U535CET6Q, STM32U535CEU6, STM32U535CEU6Q, STM32U535JEY6QTR, STM32U535NCY6QTR, STM32U535NEY6QTR, STM32U535RBI6, STM32U535RBI6Q, STM32U535RBT6, STM32U535RBT6Q, STM32U535RCI6, STM32U535RCI6Q, STM32U535RCT6, STM32U535RCT6Q, STM32U535REI6, STM32U535REI6Q, STM32U535RET6, STM32U535RET6Q, STM32U535VCI6, STM32U535VCI6Q, STM32U535VCT6, STM32U535VCT6Q, STM32U535VEI6, STM32U535VEI6Q, STM32U535VET6, STM32U535VET6Q, STM32U545CET6, STM32U545CET6Q, STM32U545CEU6, STM32U545CEU6Q, STM32U545JEY6QTR, STM32U545NEY6QTR, STM32U545REI6, STM32U545REI6Q, STM32U545RET6, STM32U545RET6Q, STM32U545VEI6, STM32U545VEI6Q, STM32U545VET6, STM32U545VET6Q, STM32U595AIH6, STM32U595AIH6Q, STM32U595AJH6, STM32U595AJH6Q, STM32U595QII6, STM32U595QII6Q, STM32U595QJI6, STM32U595QJI6Q, STM32U595RIT6, STM32U595RIT6Q, STM32U595RJT6, STM32U595RJT6Q, STM32U595VIT6, STM32U595VIT6Q, STM32U595VJT6, STM32U595VJT6Q, STM32U595ZIT6, STM32U595ZIT6Q, STM32U595ZIY6QTR, STM32U595ZJT6, STM32U595ZJT6Q, STM32U595ZJY6QTR, STM32U599BJY6QTR, STM32U599NIH6Q, STM32U599NJH6Q, STM32U599VIT6Q, STM32U599VJT6, STM32U599VJT6Q, STM32U599ZIT6Q, STM32U599ZIY6QTR, STM32U599ZJT6Q, STM32U599ZJY6QTR, STM32U5A5AJH6, STM32U5A5AJH6Q, STM32U5A5QII3Q , STM32U5A5QJI6, STM32U5A5QJI6Q, STM32U5A5RJT6, STM32U5A5RJT6Q, STM32U5A5VJT6, STM32U5A5VJT6Q, STM32U5A5ZJT6, STM32U5A5ZJT6Q, STM32U5A5ZJY6QTR, STM32U5A9BJY6QTR, STM32U5A9J-DK, STM32U5A9NJH6Q, STM32U5A9VJT6Q, STM32U5A9ZJT6Q, STM32U5A9ZJY6QTR, STM32U5F7VIT6, STM32U5F7VIT6Q, STM32U5F7VJT6, STM32U5F7VJT6Q, STM32U5F9BJY6QTR, STM32U5F9NJH6Q, STM32U5F9VIT6Q, STM32U5F9VJT6Q, STM32U5F9ZIJ6QTR, STM32U5F9ZIT6Q, STM32U5F9ZJJ6QTR, STM32U5F9ZJT6Q, STM32U5G7VJT6, STM32U5G7VJT6Q, STM32U5G9BJY6QTR, STM32U5G9J-DK1, STM32U5G9J-DK2, STM32U5G9NJH6Q, STM32U5G9VJT6Q, STM32U5G9ZJJ6QTR, STM32U5G9ZJT6Q, STM32WB05KZV6TR, STM32WB05KZV7TR, STM32WB05TZF6TR, STM32WB05TZF7TR, STM32WB06CCF6TR, STM32WB06CCF7TR, STM32WB06CCV6TR, STM32WB06CCV7TR, STM32WB06KCV6TR, STM32WB06KCV7TR, STM32WB07CCF6TR, STM32WB07CCF7TR, STM32WB07CCV6TR, STM32WB07CCV7TR, STM32WB07KCV6TR, STM32WB07KCV7TR, STM32WB09KEV6TR, STM32WB09KEV7TR, STM32WB09TEF6TR, STM32WB09TEF7TR, STM32WB1MMCH6, STM32WBA50KGU6, STM32WBA50KGU6TR, STM32WBA52CEU6, STM32WBA52CEU6TR, STM32WBA52CEU7, STM32WBA52CEU7TR, STM32WBA52CGU6, STM32WBA52CGU6TR, STM32WBA52CGU6U, STM32WBA52CGU7, STM32WBA52CGU7TR, STM32WBA52KEU6, STM32WBA52KEU6TR, STM32WBA52KGU6, STM32WBA52KGU6TR, STM32WBA54CEU6, STM32WBA54CEU6TR, STM32WBA54CEU7, STM32WBA54CEU7TR, STM32WBA54CGU6, STM32WBA54CGU6TR, STM32WBA54CGU7, STM32WBA54CGU7TR, STM32WBA54KEU6, STM32WBA54KEU6TR, STM32WBA54KEU7, STM32WBA54KEU7TR, STM32WBA54KGU6, STM32WBA54KGU6TR, STM32WBA54KGU7, STM32WBA54KGU7TR, STM32WBA55CEU6, STM32WBA55CEU6TR, STM32WBA55CEU7, STM32WBA55CEU7TR, STM32WBA55CGU6, STM32WBA55CGU6TR, STM32WBA55CGU6U, STM32WBA55CGU7, STM32WBA55CGU7TR, STM32WBA55G-DK1, STM32WBA55HEF6, STM32WBA55HEF7, STM32WBA55HGF6, STM32WBA55HGF7, STM32WBA55UEI6, STM32WBA55UEI6TR, STM32WBA55UEI7, STM32WBA55UEI7TR, STM32WBA55UGI6, STM32WBA55UGI6TR, STM32WBA55UGI7, STM32WBA55UGI7TR, STM32WBA5MMGH6TR, STM32WBA62MGF6, STM32WBA62MIF6, STM32WBA65MGF7, STM32WBA65MIF6, STM32WBA65MIF7, STM32WL30K8V6, STM32WL30KBV6, STM32WL31C8V6, STM32WL31CBV6, STM32WL31K8V6, STM32WL31KBV6, STM32WL33C8V6, STM32WL33C8V6X, STM32WL33CBV6, STM32WL33CBV6X, STM32WL33CCV6, STM32WL33CCV6A, STM32WL33CCV6X, STM32WL33K8V7, STM32WL33K8V7X, STM32WL33KBV7 , STM32WL33KBV7X, STM32WL33KCV7, STM32WL33KCV7X, STM32WL5MOCH6, STM32WL5MOCH6TR]
2025-10-15 11:01:29,112 [INFO] DbMcus:218 - Found 4801 MCUs, 4801 are supported
2025-10-15 11:01:29,112 [INFO] ApiDb:423 - Load user favorites file C:\Users\Miloush/.stm32cubeide/favorites.mcus.txt: 3 item(s)
2025-10-15 11:01:29,112 [INFO] ApiDb:427 - User favorites MCUs=[STM32F446RET6, STM32G431KBT6, STM32G474CBT3]
2025-10-15 11:01:29,112 [INFO] DbMcus:224 - Set 3 / 3 favorites MCUs
2025-10-15 11:01:29,402 [INFO] ApiDb:423 - Load user favorites file C:\Users\Miloush/.stm32cubeide/favorites.boards.txt: 0 item(s)
2025-10-15 11:01:29,403 [INFO] ApiDb:427 - User favorites Boards=[]
2025-10-15 11:01:29,403 [INFO] DbBoards:198 - Set 0 / 0 favorites Boards
2025-10-15 11:01:29,465 [INFO] UtilMem:75 - End LoadConfig() Used Memory: 593479160 Bytes (943718400)
2025-10-15 11:01:29,565 [WARN] ThirdParty:833 - waiting for thirdparty lock release [change project]
2025-10-15 11:01:29,566 [INFO] ThirdParty:835 - entering critical section [change project]
2025-10-15 11:01:29,566 [INFO] ThirdParty:1030 - CMSIS Pack Vendor :STMicroelectronics X-CUBE-PM33A1 1.0.0
2025-10-15 11:01:29,566 [INFO] ThirdParty:1030 - CMSIS Pack Vendor :STMicroelectronics USBPD 4.1
2025-10-15 11:01:29,566 [INFO] ThirdParty:1030 - CMSIS Pack Vendor :STMicroelectronics USB_HOST 2.0.0
2025-10-15 11:01:29,566 [INFO] ThirdParty:1030 - CMSIS Pack Vendor :STMicroelectronics FP-SNS-MOTENVWB1 1.4.0
2025-10-15 11:01:29,566 [INFO] ThirdParty:1030 - CMSIS Pack Vendor :STMicroelectronics X-CUBE-AZRTOS-F4 1.1.0
2025-10-15 11:01:29,566 [INFO] ThirdParty:1030 - CMSIS Pack Vendor :STMicroelectronics LIBJPEG 8.0.0
2025-10-15 11:01:29,566 [INFO] ThirdParty:1030 - CMSIS Pack Vendor :STMicroelectronics FP-ATR-ASTRA1 2.0.2
2025-10-15 11:01:29,566 [INFO] ThirdParty:1030 - CMSIS Pack Vendor :STMicroelectronics FP-ATR-ASTRA1 2.0.1
2025-10-15 11:01:29,566 [INFO] ThirdParty:1030 - CMSIS Pack Vendor :Avnet-IotConnect X-CUBE-IoTC-DA16k-PMOD 1.0.0
2025-10-15 11:01:29,566 [INFO] ThirdParty:1030 - CMSIS Pack Vendor :STMicroelectronics X-CUBE-SMBUS 2.1.0
2025-10-15 11:01:29,566 [INFO] ThirdParty:1030 - CMSIS Pack Vendor :STMicroelectronics X-CUBE-WB05N 1.1.0
2025-10-15 11:01:29,566 [INFO] ThirdParty:1030 - CMSIS Pack Vendor :STMicroelectronics X-CUBE-ISPU 2.1.0
2025-10-15 11:01:29,566 [INFO] ThirdParty:1030 - CMSIS Pack Vendor :STMicroelectronics X-CUBE-IPS 3.2.0
2025-10-15 11:01:29,566 [INFO] ThirdParty:1030 - CMSIS Pack Vendor :STMicroelectronics X-CUBE-FREERTOS 1.2.0
2025-10-15 11:01:29,566 [INFO] ThirdParty:1030 - CMSIS Pack Vendor :STMicroelectronics X-CUBE-ST60 1.0.0
2025-10-15 11:01:29,566 [INFO] ThirdParty:1030 - CMSIS Pack Vendor :STMicroelectronics X-CUBE-NFC12 1.0.0
2025-10-15 11:01:29,566 [INFO] ThirdParty:1030 - CMSIS Pack Vendor :STMicroelectronics X-CUBE-AZRTOS-F7 1.1.0
2025-10-15 11:01:29,566 [INFO] ThirdParty:1030 - CMSIS Pack Vendor :STMicroelectronics X-CUBE-AZRTOS-L5 2.0.0
2025-10-15 11:01:29,566 [INFO] ThirdParty:1030 - CMSIS Pack Vendor :STMicroelectronics USB_DEVICE 2.0.0
2025-10-15 11:01:29,566 [INFO] ThirdParty:1030 - CMSIS Pack Vendor :STMicroelectronics X-CUBE-NFC6 3.1.0
2025-10-15 11:01:29,566 [INFO] ThirdParty:1030 - CMSIS Pack Vendor :STMicroelectronics X-CUBE-MEMS1 11.0.0
2025-10-15 11:01:29,566 [INFO] ThirdParty:1030 - CMSIS Pack Vendor :STMicroelectronics FreeRTOS 0.0.1
2025-10-15 11:01:29,567 [INFO] ThirdParty:1030 - CMSIS Pack Vendor :STMicroelectronics X-CUBE-DPower 1.2.0
2025-10-15 11:01:29,567 [INFO] ThirdParty:1030 - CMSIS Pack Vendor :STMicroelectronics FP-SNS-FLIGHT1 5.0.2
2025-10-15 11:01:29,567 [INFO] ThirdParty:1030 - CMSIS Pack Vendor :STMicroelectronics PDM2PCM 3.3.0
2025-10-15 11:01:29,567 [INFO] ThirdParty:1030 - CMSIS Pack Vendor :STMicroelectronics X-CUBE-AZRTOS-H7 3.4.0
2025-10-15 11:01:29,567 [INFO] ThirdParty:1030 - CMSIS Pack Vendor :STMicroelectronics X-CUBE-DISPLAY 3.0.0
2025-10-15 11:01:29,567 [INFO] ThirdParty:1030 - CMSIS Pack Vendor :STMicroelectronics X-CUBE-BLE1 7.0.0
2025-10-15 11:01:29,567 [INFO] ThirdParty:1030 - CMSIS Pack Vendor :STMicroelectronics X-CUBE-NFC10 1.0.0
2025-10-15 11:01:29,567 [INFO] ThirdParty:1030 - CMSIS Pack Vendor :STMicroelectronics X-CUBE-BLEMGR 4.0.0
2025-10-15 11:01:29,567 [INFO] ThirdParty:1030 - CMSIS Pack Vendor :STMicroelectronics X-CUBE-FREERTOS 1.3.1
2025-10-15 11:01:29,567 [INFO] ThirdParty:1030 - CMSIS Pack Vendor :STMicroelectronics HAL Drivers 0.0.0
2025-10-15 11:01:29,567 [INFO] ThirdParty:1030 - CMSIS Pack Vendor :emotas I-CUBE-CANOPEN 1.3.0
2025-10-15 11:01:29,567 [INFO] ThirdParty:1030 - CMSIS Pack Vendor :STMicroelectronics X-CUBE-FREERTOS 1.3.0
2025-10-15 11:01:29,567 [INFO] ThirdParty:1030 - CMSIS Pack Vendor :STMicroelectronics X-CUBE-NFC7 1.0.1
2025-10-15 11:01:29,567 [INFO] ThirdParty:1030 - CMSIS Pack Vendor :STMicroelectronics MBEDTLS 2.14.1
2025-10-15 11:01:29,567 [INFO] ThirdParty:1030 - CMSIS Pack Vendor :STMicroelectronics X-CUBE-TOUCHGFX 4.26.0
2025-10-15 11:01:29,567 [INFO] ThirdParty:1030 - CMSIS Pack Vendor :STMicroelectronics X-CUBE-BLEMGR 3.1.0
2025-10-15 11:01:29,567 [INFO] ThirdParty:1030 - CMSIS Pack Vendor :STMicroelectronics X-CUBE-AI 10.0.0
2025-10-15 11:01:29,567 [INFO] ThirdParty:1030 - CMSIS Pack Vendor :STMicroelectronics FP-SNS-STBOX1 2.1.0
2025-10-15 11:01:29,567 [INFO] ThirdParty:1030 - CMSIS Pack Vendor :STMicroelectronics FP-SNS-STAIOTCFT 1.0.0
2025-10-15 11:01:29,567 [INFO] ThirdParty:1030 - CMSIS Pack Vendor :STMicroelectronics FP-SNS-SMARTAG2 1.2.0
2025-10-15 11:01:29,567 [INFO] ThirdParty:1030 - CMSIS Pack Vendor :STMicroelectronics FP-SNS-FLIGHT1 5.1.0
2025-10-15 11:01:29,567 [INFO] ThirdParty:1030 - CMSIS Pack Vendor :STMicroelectronics X-CUBE-MEMS1 11.1.0
2025-10-15 11:01:29,567 [INFO] ThirdParty:1030 - CMSIS Pack Vendor :STMicroelectronics X-CUBE-AZRTOS-WL 2.0.0
2025-10-15 11:01:29,567 [INFO] ThirdParty:1030 - CMSIS Pack Vendor :STMicroelectronics X-CUBE-DPower 1.3.0
2025-10-15 11:01:29,567 [INFO] ThirdParty:1030 - CMSIS Pack Vendor :STMicroelectronics FP-SNS-MOTENV1 5.0.0
2025-10-15 11:01:29,567 [INFO] ThirdParty:1030 - CMSIS Pack Vendor :STMicroelectronics USB_DEVICE 1.0.0
2025-10-15 11:01:29,567 [INFO] ThirdParty:1030 - CMSIS Pack Vendor :wolfSSL I-CUBE-wolfMQTT 1.19.0
2025-10-15 11:01:29,567 [INFO] ThirdParty:1030 - CMSIS Pack Vendor :STMicroelectronics X-CUBE-AZRTOS-L4 2.0.0
2025-10-15 11:01:29,568 [INFO] ThirdParty:1030 - CMSIS Pack Vendor :STMicroelectronics ThreadX 0.0.2
2025-10-15 11:01:29,568 [INFO] ThirdParty:1030 - CMSIS Pack Vendor :WES I-CUBE-Cesium 1.3.0
2025-10-15 11:01:29,568 [INFO] ThirdParty:1030 - CMSIS Pack Vendor :STMicroelectronics lwIP 2.1.2
2025-10-15 11:01:29,568 [INFO] ThirdParty:1030 - CMSIS Pack Vendor :STMicroelectronics X-CUBE-SFXS2LP1 4.0.0
2025-10-15 11:01:29,568 [INFO] ThirdParty:1030 - CMSIS Pack Vendor :STMicroelectronics X-CUBE-BLE2 3.3.0
2025-10-15 11:01:29,568 [INFO] ThirdParty:1030 - CMSIS Pack Vendor :STMicroelectronics PDM2PCM 3.2.0
2025-10-15 11:01:29,568 [INFO] ThirdParty:1030 - CMSIS Pack Vendor :STMicroelectronics X-CUBE-AZRTOS-H7 3.3.0
2025-10-15 11:01:29,568 [INFO] ThirdParty:1030 - CMSIS Pack Vendor :STMicroelectronics X-CUBE-NFC9 1.0.0
2025-10-15 11:01:29,568 [INFO] ThirdParty:1030 - CMSIS Pack Vendor :STMicroelectronics X-CUBE-BLE1 7.1.0
2025-10-15 11:01:29,568 [INFO] ThirdParty:1030 - CMSIS Pack Vendor :STMicroelectronics USB_DEVICE 3.0.0
2025-10-15 11:01:29,568 [INFO] ThirdParty:1030 - CMSIS Pack Vendor :STMicroelectronics X-CUBE-TCPP 4.1.0
2025-10-15 11:01:29,568 [INFO] ThirdParty:1030 - CMSIS Pack Vendor :STMicroelectronics X-CUBE-EEPRMA1 5.2.0
2025-10-15 11:01:29,568 [INFO] ThirdParty:1030 - CMSIS Pack Vendor :STMicroelectronics X-CUBE-BLEMGR 4.1.0
2025-10-15 11:01:29,568 [INFO] ThirdParty:1030 - CMSIS Pack Vendor :STMicroelectronics X-CUBE-IPS 3.0.0
2025-10-15 11:01:29,568 [INFO] ThirdParty:1030 - CMSIS Pack Vendor :STMicroelectronics X-CUBE-AZRTOS-WB 2.0.0
2025-10-15 11:01:29,568 [INFO] ThirdParty:1030 - CMSIS Pack Vendor :STMicroelectronics X-CUBE-GNSS1 7.0.0
2025-10-15 11:01:29,568 [INFO] ThirdParty:1030 - CMSIS Pack Vendor :STMicroelectronics X-CUBE-GNSS1 7.0.1
2025-10-15 11:01:29,568 [INFO] ThirdParty:1030 - CMSIS Pack Vendor :STMicroelectronics X-CUBE-TOUCHGFX 4.25.0
2025-10-15 11:01:29,568 [INFO] ThirdParty:1030 - CMSIS Pack Vendor :STMicroelectronics X-CUBE-ST67W61 1.1.0
2025-10-15 11:01:29,568 [INFO] ThirdParty:1030 - CMSIS Pack Vendor :STMicroelectronics X-CUBE-AI 10.1.0
2025-10-15 11:01:29,568 [INFO] ThirdParty:1030 - CMSIS Pack Vendor :STMicroelectronics FP-SNS-STBOX1 2.0.0
2025-10-15 11:01:29,568 [INFO] ThirdParty:1030 - CMSIS Pack Vendor :STMicroelectronics X-CUBE-MEMS1 11.2.0
2025-10-15 11:01:29,568 [INFO] ThirdParty:1030 - CMSIS Pack Vendor :STMicroelectronics X-CUBE-AZRTOS-G0 1.1.0
2025-10-15 11:01:29,568 [INFO] ThirdParty:1030 - CMSIS Pack Vendor :STMicroelectronics X-CUBE-SAFEA1 1.2.2
2025-10-15 11:01:29,568 [INFO] ThirdParty:1030 - CMSIS Pack Vendor :STMicroelectronics X-CUBE-NFC4 3.0.0
2025-10-15 11:01:29,568 [INFO] ThirdParty:1030 - CMSIS Pack Vendor :STMicroelectronics X-CUBE-SUBG2 5.0.0
2025-10-15 11:01:29,568 [INFO] ThirdParty:1030 - CMSIS Pack Vendor :STMicroelectronics X-CUBE-AZRTOS-H7RS 1.1.0
2025-10-15 11:01:29,568 [INFO] ThirdParty:1030 - CMSIS Pack Vendor :STMicroelectronics STM32_WPAN 1.0.0
2025-10-15 11:01:29,568 [INFO] ThirdParty:1030 - CMSIS Pack Vendor :EmbeddedOffice I-CUBE-FS-RTOS 1.0.1
2025-10-15 11:01:29,568 [INFO] ThirdParty:1030 - CMSIS Pack Vendor :STMicroelectronics lwIP 2.0.3
2025-10-15 11:01:29,568 [INFO] ThirdParty:1030 - CMSIS Pack Vendor :Cesanta I-CUBE-Mongoose 7.13.0
2025-10-15 11:01:29,568 [INFO] ThirdParty:1030 - CMSIS Pack Vendor :STMicroelectronics USB_HOST 1.0.0
2025-10-15 11:01:29,568 [INFO] ThirdParty:1030 - CMSIS Pack Vendor :STMicroelectronics X-CUBE-AZRTOS-G4 2.0.0
2025-10-15 11:01:29,568 [INFO] ThirdParty:1030 - CMSIS Pack Vendor :STMicroelectronics X-CUBE-WB05N 2.0.0
2025-10-15 11:01:29,568 [INFO] ThirdParty:1030 - CMSIS Pack Vendor :STMicroelectronics PDM2PCM 3.1.0
2025-10-15 11:01:29,568 [INFO] ThirdParty:1030 - CMSIS Pack Vendor :STMicroelectronics X-CUBE-NFC7 2.0.0
2025-10-15 11:01:29,568 [INFO] ThirdParty:1030 - CMSIS Pack Vendor :STMicroelectronics X-CUBE-TCPP 4.2.0
2025-10-15 11:01:29,568 [INFO] ThirdParty:1030 - CMSIS Pack Vendor :RealThread X-CUBE-RT-Thread_Nano 4.1.1
2025-10-15 11:01:29,568 [INFO] ThirdParty:1030 - CMSIS Pack Vendor :STMicroelectronics FP-ATR-SIGFOX1 3.2.0
2025-10-15 11:01:29,568 [INFO] ThirdParty:1030 - CMSIS Pack Vendor :wolfSSL I-CUBE-wolfSSL 5.7.2
2025-10-15 11:01:29,569 [INFO] ThirdParty:1030 - CMSIS Pack Vendor :quantropi X-CUBE-qispace-sdk-base 1.9.3
2025-10-15 11:01:29,569 [INFO] ThirdParty:1030 - CMSIS Pack Vendor :STMicroelectronics X-CUBE-EEPRMA1 5.1.0
2025-10-15 11:01:29,569 [INFO] ThirdParty:1030 - CMSIS Pack Vendor :STMicroelectronics MBEDTLS 2.16.2
2025-10-15 11:01:29,569 [INFO] ThirdParty:1030 - CMSIS Pack Vendor :STMicroelectronics X-CUBE-IPS 3.1.0
2025-10-15 11:01:29,569 [INFO] ThirdParty:1030 - CMSIS Pack Vendor :STMicroelectronics X-CUBE-ALS 1.0.2
2025-10-15 11:01:29,569 [INFO] ThirdParty:1030 - CMSIS Pack Vendor :ITTIA_DB I-CUBE-ITTIADB 8.9.0
2025-10-15 11:01:29,569 [INFO] ThirdParty:1030 - CMSIS Pack Vendor :STMicroelectronics X-CUBE-TOUCHGFX 4.24.2
2025-10-15 11:01:29,569 [INFO] ThirdParty:1030 - CMSIS Pack Vendor :STMicroelectronics X-CUBE-TOUCHGFX 4.24.1
2025-10-15 11:01:29,569 [INFO] ThirdParty:1030 - CMSIS Pack Vendor :STMicroelectronics X-CUBE-STSE01 1.0.0
2025-10-15 11:01:29,569 [INFO] ThirdParty:1030 - CMSIS Pack Vendor :wolfSSL I-CUBE-wolfTPM 3.4.0
2025-10-15 11:01:29,569 [INFO] ThirdParty:1030 - CMSIS Pack Vendor :portGmbH I-Cube-SoM-uGOAL 1.1.0
2025-10-15 11:01:29,569 [INFO] ThirdParty:1030 - CMSIS Pack Vendor :STMicroelectronics X-CUBE-ST67W61 1.0.0
2025-10-15 11:01:29,569 [INFO] ThirdParty:1030 - CMSIS Pack Vendor :STMicroelectronics X-CUBE-AI 10.2.0
2025-10-15 11:01:29,569 [INFO] ThirdParty:1030 - CMSIS Pack Vendor :STMicroelectronics ThreadX 1.0.0
2025-10-15 11:01:29,569 [INFO] ThirdParty:1030 - CMSIS Pack Vendor :SEGGER I-CUBE-embOS 1.3.1
2025-10-15 11:01:29,569 [INFO] ThirdParty:1030 - CMSIS Pack Vendor :STMicroelectronics X-CUBE-ALGOBUILD 1.4.0
2025-10-15 11:01:29,569 [INFO] ThirdParty:1030 - CMSIS Pack Vendor :STMicroelectronics X-CUBE-MEMS1 11.3.0
2025-10-15 11:01:29,569 [INFO] ThirdParty:1030 - CMSIS Pack Vendor :STMicroelectronics X-CUBE-AZRTOS-H7RS 1.0.0
2025-10-15 11:01:29,569 [INFO] ThirdParty:1030 - CMSIS Pack Vendor :STMicroelectronics FP-ATR-ASTRA1 2.0.0
2025-10-15 11:01:29,569 [INFO] ThirdParty:1030 - CMSIS Pack Vendor :STMicroelectronics X-CUBE-TOF1 3.4.2
2025-10-15 11:01:29,569 [INFO] ThirdParty:1030 - CMSIS Pack Vendor :STMicroelectronics X-CUBE-TOF1 3.4.3
2025-10-15 11:01:29,569 [INFO] ThirdParty:1030 - CMSIS Pack Vendor :STMicroelectronics X-CUBE-AI 9.1.0
2025-10-15 11:01:29,569 [INFO] ThirdParty:1030 - CMSIS Pack Vendor :Infineon AIROC-Wi-Fi-Bluetooth-STM32 1.6.1
2025-10-15 11:01:29,569 [INFO] ThirdParty:1030 - CMSIS Pack Vendor :wolfSSL I-CUBE-wolfSSH 1.4.17
2025-10-15 11:01:29,569 [INFO] ThirdParty:841 - exiting critical section [change project]
2025-10-15 11:01:30,139 [INFO] PinOutPanel:1589 - setPackage(No Configuration,No Configuration)
2025-10-15 11:01:30,140 [INFO] PinOutPanel:1589 - setPackage(STM32H755ZITx,LQFP144)
2025-10-15 11:01:30,795 [INFO] UtilMem:75 - Before build in PCC Used Memory: 541065216 Bytes (943718400)
2025-10-15 11:01:31,607 [INFO] UtilMem:75 - After build in PCC Used Memory: 681052160 Bytes (943718400)
2025-10-15 11:01:31,642 [INFO] IPUIPlugin:80 - create IPUIPlugin
2025-10-15 11:01:31,642 [INFO] IPUIPlugin:80 - create IPUIPlugin
2025-10-15 11:01:31,642 [INFO] IPUIPlugin:80 - create IPUIPlugin
2025-10-15 11:01:31,642 [INFO] IPUIPlugin:80 - create IPUIPlugin
2025-10-15 11:01:31,642 [INFO] IPUIPlugin:80 - create IPUIPlugin
2025-10-15 11:01:31,642 [INFO] IPUIPlugin:80 - create IPUIPlugin
2025-10-15 11:01:31,643 [INFO] IPUIPlugin:80 - create IPUIPlugin
2025-10-15 11:01:31,643 [INFO] IPUIPlugin:80 - create IPUIPlugin
2025-10-15 11:01:31,643 [INFO] IPUIPlugin:80 - create IPUIPlugin
2025-10-15 11:01:31,643 [INFO] IPUIPlugin:80 - create IPUIPlugin
2025-10-15 11:01:31,643 [INFO] IPUIPlugin:80 - create IPUIPlugin
2025-10-15 11:01:31,643 [INFO] IPUIPlugin:80 - create IPUIPlugin
2025-10-15 11:01:31,643 [INFO] IPUIPlugin:80 - create IPUIPlugin
2025-10-15 11:01:31,643 [INFO] IPUIPlugin:80 - create IPUIPlugin
2025-10-15 11:01:31,643 [INFO] IPUIPlugin:80 - create IPUIPlugin
2025-10-15 11:01:31,643 [INFO] IPUIPlugin:80 - create IPUIPlugin
2025-10-15 11:01:31,643 [INFO] IPUIPlugin:80 - create IPUIPlugin
2025-10-15 11:01:31,643 [INFO] IPUIPlugin:80 - create IPUIPlugin
2025-10-15 11:01:31,643 [INFO] IPUIPlugin:80 - create IPUIPlugin
2025-10-15 11:01:31,644 [INFO] IPUIPlugin:80 - create IPUIPlugin
2025-10-15 11:01:31,644 [INFO] IPUIPlugin:80 - create IPUIPlugin
2025-10-15 11:01:31,644 [INFO] IPUIPlugin:80 - create IPUIPlugin
2025-10-15 11:01:31,644 [INFO] IPUIPlugin:80 - create IPUIPlugin
2025-10-15 11:01:31,644 [INFO] IPUIPlugin:80 - create IPUIPlugin
2025-10-15 11:01:31,644 [INFO] IPUIPlugin:80 - create IPUIPlugin
2025-10-15 11:01:31,644 [INFO] IPUIPlugin:80 - create IPUIPlugin
2025-10-15 11:01:31,644 [INFO] IPUIPlugin:80 - create IPUIPlugin
2025-10-15 11:01:31,644 [INFO] IPUIPlugin:80 - create IPUIPlugin
2025-10-15 11:01:31,644 [INFO] IPUIPlugin:80 - create IPUIPlugin
2025-10-15 11:01:31,644 [INFO] IPUIPlugin:80 - create IPUIPlugin
2025-10-15 11:01:31,645 [INFO] IPUIPlugin:80 - create IPUIPlugin
2025-10-15 11:01:31,645 [INFO] IPUIPlugin:80 - create IPUIPlugin
2025-10-15 11:01:31,645 [INFO] IPUIPlugin:80 - create IPUIPlugin
2025-10-15 11:01:31,645 [INFO] IPUIPlugin:80 - create IPUIPlugin
2025-10-15 11:01:31,645 [INFO] IPUIPlugin:80 - create IPUIPlugin
2025-10-15 11:01:31,645 [INFO] IPUIPlugin:80 - create IPUIPlugin
2025-10-15 11:01:31,645 [INFO] IPUIPlugin:80 - create IPUIPlugin
2025-10-15 11:01:31,645 [INFO] IPUIPlugin:80 - create IPUIPlugin
2025-10-15 11:01:31,646 [INFO] IPUIPlugin:80 - create IPUIPlugin
2025-10-15 11:01:31,646 [INFO] IPUIPlugin:80 - create IPUIPlugin
2025-10-15 11:01:31,646 [INFO] IPUIPlugin:80 - create IPUIPlugin
2025-10-15 11:01:31,646 [INFO] IPUIPlugin:80 - create IPUIPlugin
2025-10-15 11:01:31,646 [INFO] IPUIPlugin:80 - create IPUIPlugin
2025-10-15 11:01:31,646 [INFO] IPUIPlugin:80 - create IPUIPlugin
2025-10-15 11:01:31,646 [INFO] IPUIPlugin:80 - create IPUIPlugin
2025-10-15 11:01:31,647 [INFO] IPUIPlugin:80 - create IPUIPlugin
2025-10-15 11:01:31,647 [INFO] IPUIPlugin:80 - create IPUIPlugin
2025-10-15 11:01:31,647 [INFO] IPUIPlugin:80 - create IPUIPlugin
2025-10-15 11:01:31,647 [INFO] IPUIPlugin:80 - create IPUIPlugin
2025-10-15 11:01:31,647 [INFO] IPUIPlugin:80 - create IPUIPlugin
2025-10-15 11:01:31,647 [INFO] IPUIPlugin:80 - create IPUIPlugin
2025-10-15 11:01:31,648 [INFO] IPUIPlugin:80 - create IPUIPlugin
2025-10-15 11:01:31,648 [INFO] IPUIPlugin:80 - create IPUIPlugin
2025-10-15 11:01:31,648 [INFO] IPUIPlugin:80 - create IPUIPlugin
2025-10-15 11:01:31,648 [INFO] IPUIPlugin:80 - create IPUIPlugin
2025-10-15 11:01:31,648 [INFO] IPUIPlugin:80 - create IPUIPlugin
2025-10-15 11:01:31,648 [INFO] IPUIPlugin:80 - create IPUIPlugin
2025-10-15 11:01:31,648 [INFO] IPUIPlugin:80 - create IPUIPlugin
2025-10-15 11:01:31,649 [INFO] IPUIPlugin:80 - create IPUIPlugin
2025-10-15 11:01:31,649 [INFO] IPUIPlugin:80 - create IPUIPlugin
2025-10-15 11:01:31,649 [INFO] IPUIPlugin:80 - create IPUIPlugin
2025-10-15 11:01:31,649 [INFO] IPUIPlugin:80 - create IPUIPlugin
2025-10-15 11:01:31,649 [INFO] IPUIPlugin:80 - create IPUIPlugin
2025-10-15 11:01:31,650 [INFO] IPUIPlugin:80 - create IPUIPlugin
2025-10-15 11:01:31,650 [INFO] IPUIPlugin:80 - create IPUIPlugin
2025-10-15 11:01:31,650 [INFO] IPUIPlugin:80 - create IPUIPlugin
2025-10-15 11:01:31,650 [INFO] IPUIPlugin:80 - create IPUIPlugin
2025-10-15 11:01:31,650 [INFO] IPUIPlugin:80 - create IPUIPlugin
2025-10-15 11:01:31,651 [INFO] IPUIPlugin:80 - create IPUIPlugin
2025-10-15 11:01:31,651 [INFO] IPUIPlugin:80 - create IPUIPlugin
2025-10-15 11:01:31,651 [INFO] IPUIPlugin:80 - create IPUIPlugin
2025-10-15 11:01:31,651 [INFO] IPUIPlugin:80 - create IPUIPlugin
2025-10-15 11:01:31,651 [INFO] IPUIPlugin:80 - create IPUIPlugin
2025-10-15 11:01:31,652 [INFO] IPUIPlugin:80 - create IPUIPlugin
2025-10-15 11:01:31,652 [INFO] IPUIPlugin:80 - create IPUIPlugin
2025-10-15 11:01:31,652 [INFO] IPUIPlugin:80 - create IPUIPlugin
2025-10-15 11:01:31,652 [INFO] IPUIPlugin:80 - create IPUIPlugin
2025-10-15 11:01:31,652 [INFO] IPUIPlugin:80 - create IPUIPlugin
2025-10-15 11:01:31,652 [INFO] IPUIPlugin:80 - create IPUIPlugin
2025-10-15 11:01:31,653 [INFO] IPUIPlugin:80 - create IPUIPlugin
2025-10-15 11:01:31,653 [INFO] IPUIPlugin:80 - create IPUIPlugin
2025-10-15 11:01:31,653 [INFO] IPUIPlugin:80 - create IPUIPlugin
2025-10-15 11:01:31,653 [INFO] IPUIPlugin:80 - create IPUIPlugin
2025-10-15 11:01:31,654 [INFO] IPUIPlugin:80 - create IPUIPlugin
2025-10-15 11:01:31,654 [INFO] IPUIPlugin:80 - create IPUIPlugin
2025-10-15 11:01:31,654 [INFO] IPUIPlugin:80 - create IPUIPlugin
2025-10-15 11:01:31,654 [INFO] IPUIPlugin:80 - create IPUIPlugin
2025-10-15 11:01:31,654 [INFO] IPUIPlugin:80 - create IPUIPlugin
2025-10-15 11:01:31,654 [INFO] IPUIPlugin:80 - create IPUIPlugin
2025-10-15 11:01:31,656 [INFO] IPUIPlugin:80 - create IPUIPlugin
2025-10-15 11:01:31,656 [INFO] IPUIPlugin:80 - create IPUIPlugin
2025-10-15 11:01:31,656 [INFO] IPUIPlugin:80 - create IPUIPlugin
2025-10-15 11:01:31,656 [INFO] IPUIPlugin:80 - create IPUIPlugin
2025-10-15 11:01:31,657 [INFO] IPUIPlugin:80 - create IPUIPlugin
2025-10-15 11:01:31,657 [INFO] IPUIPlugin:80 - create IPUIPlugin
2025-10-15 11:01:31,657 [INFO] IPUIPlugin:80 - create IPUIPlugin
2025-10-15 11:01:31,657 [INFO] IPUIPlugin:80 - create IPUIPlugin
2025-10-15 11:01:31,658 [INFO] IPUIPlugin:80 - create IPUIPlugin
2025-10-15 11:01:31,658 [INFO] IPUIPlugin:80 - create IPUIPlugin
2025-10-15 11:01:31,658 [INFO] IPUIPlugin:80 - create IPUIPlugin
2025-10-15 11:01:31,659 [INFO] IPUIPlugin:80 - create IPUIPlugin
2025-10-15 11:01:31,659 [INFO] IPUIPlugin:80 - create IPUIPlugin
2025-10-15 11:01:31,659 [INFO] IPUIPlugin:80 - create IPUIPlugin
2025-10-15 11:01:31,660 [INFO] IPUIPlugin:80 - create IPUIPlugin
2025-10-15 11:01:31,660 [INFO] IPUIPlugin:80 - create IPUIPlugin
2025-10-15 11:01:31,660 [INFO] IPUIPlugin:80 - create IPUIPlugin
2025-10-15 11:01:31,661 [INFO] IPUIPlugin:80 - create IPUIPlugin
2025-10-15 11:01:31,661 [INFO] IPUIPlugin:80 - create IPUIPlugin
2025-10-15 11:01:31,662 [INFO] IPUIPlugin:80 - create IPUIPlugin
2025-10-15 11:01:31,662 [INFO] IPUIPlugin:80 - create IPUIPlugin
2025-10-15 11:01:31,663 [INFO] IPUIPlugin:80 - create IPUIPlugin
2025-10-15 11:01:31,663 [INFO] IPUIPlugin:80 - create IPUIPlugin
2025-10-15 11:01:31,663 [INFO] IPUIPlugin:80 - create IPUIPlugin
2025-10-15 11:01:31,664 [INFO] IPUIPlugin:80 - create IPUIPlugin
2025-10-15 11:01:31,688 [INFO] ApiDbMcu:532 - Load IP Config File for PDM2PCM_M7
2025-10-15 11:01:31,691 [INFO] ApiDbMcu:532 - Load IP Config File for PDM2PCM_M4
2025-10-15 11:01:31,698 [WARN] IP:2250 - ClockDivider not found: check if there is a RefParameter without a condition.
2025-10-15 11:01:31,699 [WARN] IP:2250 - ClockDividerCCU not found: check if there is a RefParameter without a condition.
2025-10-15 11:01:31,699 [WARN] IP:2250 - MinOscClkPeriodsCCU not found: check if there is a RefParameter without a condition.
2025-10-15 11:01:31,699 [WARN] IP:2250 - TimeQuantaPerBitTimeCCU not found: check if there is a RefParameter without a condition.
2025-10-15 11:01:31,699 [WARN] IP:2250 - WatchdogStartValueCCU not found: check if there is a RefParameter without a condition.
2025-10-15 11:01:31,706 [INFO] LogOutputStream:77 - [STDOUT_REDIRECT] Nominal 
2025-10-15 11:01:31,707 [INFO] Can:71 - Can Add PropertyChangeListener com.st.microxplorer.plugins.ip.can.Can@65cf353b
2025-10-15 11:01:31,891 [INFO] CADModel:165 - CPN selected for project levelSTM32H755ZIT6
2025-10-15 11:01:31,891 [INFO] CADModel:114 - Register for checkConnection events
2025-10-15 11:01:31,949 [INFO] OpenFileManager:386 - Restore cursor
2025-10-15 11:01:32,128 [WARN] IP:2250 - ClockDivider not found: check if there is a RefParameter without a condition.
2025-10-15 11:01:32,128 [WARN] IP:2250 - ClockDividerCCU not found: check if there is a RefParameter without a condition.
2025-10-15 11:01:32,128 [WARN] IP:2250 - MinOscClkPeriodsCCU not found: check if there is a RefParameter without a condition.
2025-10-15 11:01:32,128 [WARN] IP:2250 - TimeQuantaPerBitTimeCCU not found: check if there is a RefParameter without a condition.
2025-10-15 11:01:32,128 [WARN] IP:2250 - WatchdogStartValueCCU not found: check if there is a RefParameter without a condition.
2025-10-15 11:02:27,141 [WARN] MainPanel:289 - <html><b><center>Warning: This peripheral has no parameters to be configured<br></b></html>
2025-10-15 11:03:46,734 [WARN] MainPanel:289 - <html><b><center>Warning: This peripheral has no parameters to be configured<br></b></html>
2025-10-15 11:04:09,373 [INFO] UtilMem:75 - End SaveConfig() Used Memory: 465226184 Bytes (943718400)
2025-10-15 11:04:09,498 [INFO] UtilMem:75 - End SaveConfig() Used Memory: 485149128 Bytes (943718400)
2025-10-15 11:04:10,495 [INFO] UtilMem:75 - End SaveConfig() Used Memory: 684425336 Bytes (943718400)
2025-10-15 11:04:10,983 [INFO] BlockDiagram:2775 - set Specific Code input for plugin: RCC
2025-10-15 11:04:10,983 [INFO] BlockDiagram:2775 - set Specific Code input for plugin: USART
2025-10-15 11:04:10,983 [INFO] BlockDiagram:2775 - set Specific Code input for plugin: FDCAN
2025-10-15 11:04:10,983 [INFO] BlockDiagram:2775 - set Specific Code input for plugin: MEMORYMAP
2025-10-15 11:04:10,983 [INFO] BlockDiagram:2775 - set Specific Code input for plugin: SYS
2025-10-15 11:04:10,983 [INFO] BlockDiagram:2775 - set Specific Code input for plugin: NVIC2
2025-10-15 11:04:10,983 [INFO] BlockDiagram:2775 - set Specific Code input for plugin: DEBUG
2025-10-15 11:04:10,984 [INFO] BlockDiagram:2775 - set Specific Code input for plugin: GPIO
2025-10-15 11:04:10,984 [INFO] BlockDiagram:2775 - set Specific Code input for plugin: SYS_M4
2025-10-15 11:04:10,984 [INFO] BlockDiagram:2775 - set Specific Code input for plugin: NVIC1
2025-10-15 11:04:10,985 [INFO] CodeGenerator:892 - code generatio: config db path: C:\ST\STM32CubeIDE_1.16.1\STM32CubeIDE\plugins\com.st.stm32cube.common.mx_6.15.0.202507011659\\db\
2025-10-15 11:04:10,991 [WARN] IP:2250 - ClockDivider not found: check if there is a RefParameter without a condition.
2025-10-15 11:04:10,991 [WARN] IP:2250 - ClockDividerCCU not found: check if there is a RefParameter without a condition.
2025-10-15 11:04:10,991 [WARN] IP:2250 - MinOscClkPeriodsCCU not found: check if there is a RefParameter without a condition.
2025-10-15 11:04:10,991 [WARN] IP:2250 - TimeQuantaPerBitTimeCCU not found: check if there is a RefParameter without a condition.
2025-10-15 11:04:10,991 [WARN] IP:2250 - WatchdogStartValueCCU not found: check if there is a RefParameter without a condition.
2025-10-15 11:04:11,032 [INFO] CodeGenerator:1619 - *******************Project context M7 selected
2025-10-15 11:04:11,140 [INFO] CodeEngine:265 - oldGeneratedFile, E:\AGH\AiR\Praca_inzynierska\bldc_foc\Projects\H7_CAN\MXTmpFiles\license.tmp_save
2025-10-15 11:04:11,629 [INFO] CodeEngine:289 - Generated code: E:\AGH\AiR\Praca_inzynierska\bldc_foc\Projects\H7_CAN\MXTmpFiles\license.tmp
2025-10-15 11:04:11,789 [INFO] CodeEngine:265 - oldGeneratedFile, E:\AGH\AiR\Praca_inzynierska\bldc_foc\Projects\H7_CAN\CM7\MXTmpFiles\gpio.tmp_save
2025-10-15 11:04:11,913 [INFO] CodeEngine:289 - Generated code: E:\AGH\AiR\Praca_inzynierska\bldc_foc\Projects\H7_CAN\CM7\MXTmpFiles\gpio.tmp
2025-10-15 11:04:11,955 [WARN] IPConfigManager:103 - WARNING: Missing Config File for DEBUG ip!!
2025-10-15 11:04:12,070 [WARN] IPConfigManager:103 - WARNING: Missing Config File for MEMORYMAP ip!!
2025-10-15 11:04:12,108 [WARN] IPConfigManager:103 - WARNING: Missing Config File for NVIC1 ip!!
2025-10-15 11:04:12,235 [INFO] CodeEngine:265 - oldGeneratedFile, E:\AGH\AiR\Praca_inzynierska\bldc_foc\Projects\H7_CAN\CM7\MXTmpFiles\cortex.tmp_save
2025-10-15 11:04:12,294 [INFO] CodeEngine:289 - Generated code: E:\AGH\AiR\Praca_inzynierska\bldc_foc\Projects\H7_CAN\CM7\MXTmpFiles\cortex.tmp
2025-10-15 11:04:12,312 [INFO] CodeEngine:265 - oldGeneratedFile, E:\AGH\AiR\Praca_inzynierska\bldc_foc\Projects\H7_CAN\CM7\Core\Src\stm32h7xx_it.c_save
2025-10-15 11:04:12,393 [INFO] CodeEngine:289 - Generated code: E:\AGH\AiR\Praca_inzynierska\bldc_foc\Projects\H7_CAN\CM7\Core\Src\stm32h7xx_it.c
2025-10-15 11:04:12,397 [INFO] CodeEngine:265 - oldGeneratedFile, E:\AGH\AiR\Praca_inzynierska\bldc_foc\Projects\H7_CAN\CM7\Core\Inc\stm32h7xx_it.h_save
2025-10-15 11:04:12,448 [INFO] CodeEngine:289 - Generated code: E:\AGH\AiR\Praca_inzynierska\bldc_foc\Projects\H7_CAN\CM7\Core\Inc\stm32h7xx_it.h
2025-10-15 11:04:12,533 [INFO] CodeEngine:265 - oldGeneratedFile, E:\AGH\AiR\Praca_inzynierska\bldc_foc\Projects\H7_CAN\CM7\Core\Src\stm32h7xx_hal_msp.c_save
2025-10-15 11:04:12,640 [INFO] CodeEngine:289 - Generated code: E:\AGH\AiR\Praca_inzynierska\bldc_foc\Projects\H7_CAN\CM7\Core\Src\stm32h7xx_hal_msp.c
2025-10-15 11:04:12,644 [INFO] CodeEngine:265 - oldGeneratedFile, E:\AGH\AiR\Praca_inzynierska\bldc_foc\Projects\H7_CAN\CM7\MXTmpFiles\system.tmp_save
2025-10-15 11:04:12,691 [INFO] CodeEngine:289 - Generated code: E:\AGH\AiR\Praca_inzynierska\bldc_foc\Projects\H7_CAN\CM7\MXTmpFiles\system.tmp
2025-10-15 11:04:12,699 [INFO] CodeEngine:321 - oldGeneratedFile, E:\AGH\AiR\Praca_inzynierska\bldc_foc\Projects\H7_CAN\CM7\Core\Inc\stm32h7xx_hal_conf.h_save
2025-10-15 11:04:12,753 [INFO] CodeEngine:345 - Generated code: E:\AGH\AiR\Praca_inzynierska\bldc_foc\Projects\H7_CAN\CM7\Core\Inc\stm32h7xx_hal_conf.h
2025-10-15 11:04:12,795 [INFO] ApiDbMcu:532 - Load IP Config File for FDCAN1
2025-10-15 11:04:12,824 [INFO] ApiDbMcu:532 - Load IP Config File for USART3
2025-10-15 11:04:12,829 [INFO] ApiDbMcu:532 - Load IP Config File for RCC
2025-10-15 11:04:12,832 [WARN] IPConfigManager:3811 - IP not found : NVIC
2025-10-15 11:04:12,833 [WARN] CodeGenerator:4259 - IP not found : null
2025-10-15 11:04:12,839 [INFO] CodeEngine:265 - oldGeneratedFile, E:\AGH\AiR\Praca_inzynierska\bldc_foc\Projects\H7_CAN\CM7\Core\Inc\main.h_save
2025-10-15 11:04:12,907 [INFO] CodeEngine:289 - Generated code: E:\AGH\AiR\Praca_inzynierska\bldc_foc\Projects\H7_CAN\CM7\Core\Inc\main.h
2025-10-15 11:04:12,911 [INFO] CodeEngine:265 - oldGeneratedFile, E:\AGH\AiR\Praca_inzynierska\bldc_foc\Projects\H7_CAN\CM7\Core\Src\main.c_save
2025-10-15 11:04:13,014 [INFO] CodeEngine:289 - Generated code: E:\AGH\AiR\Praca_inzynierska\bldc_foc\Projects\H7_CAN\CM7\Core\Src\main.c
2025-10-15 11:04:13,079 [INFO] CodeGenerator:1619 - *******************Project context M4 selected
2025-10-15 11:04:13,139 [INFO] CodeEngine:265 - oldGeneratedFile, E:\AGH\AiR\Praca_inzynierska\bldc_foc\Projects\H7_CAN\MXTmpFiles\license.tmp_save
2025-10-15 11:04:13,206 [INFO] CodeEngine:289 - Generated code: E:\AGH\AiR\Praca_inzynierska\bldc_foc\Projects\H7_CAN\MXTmpFiles\license.tmp
2025-10-15 11:04:13,214 [WARN] IPConfigManager:103 - WARNING: Missing Config File for DEBUG ip!!
2025-10-15 11:04:13,223 [WARN] IPConfigManager:103 - WARNING: Missing Config File for NVIC2 ip!!
2025-10-15 11:04:13,240 [INFO] CodeEngine:265 - oldGeneratedFile, E:\AGH\AiR\Praca_inzynierska\bldc_foc\Projects\H7_CAN\CM4\MXTmpFiles\cortex.tmp_save
2025-10-15 11:04:13,285 [INFO] CodeEngine:289 - Generated code: E:\AGH\AiR\Praca_inzynierska\bldc_foc\Projects\H7_CAN\CM4\MXTmpFiles\cortex.tmp
2025-10-15 11:04:13,298 [INFO] CodeEngine:265 - oldGeneratedFile, E:\AGH\AiR\Praca_inzynierska\bldc_foc\Projects\H7_CAN\CM4\Core\Src\stm32h7xx_it.c_save
2025-10-15 11:04:13,348 [INFO] CodeEngine:289 - Generated code: E:\AGH\AiR\Praca_inzynierska\bldc_foc\Projects\H7_CAN\CM4\Core\Src\stm32h7xx_it.c
2025-10-15 11:04:13,351 [INFO] CodeEngine:265 - oldGeneratedFile, E:\AGH\AiR\Praca_inzynierska\bldc_foc\Projects\H7_CAN\CM4\Core\Inc\stm32h7xx_it.h_save
2025-10-15 11:04:13,394 [INFO] CodeEngine:289 - Generated code: E:\AGH\AiR\Praca_inzynierska\bldc_foc\Projects\H7_CAN\CM4\Core\Inc\stm32h7xx_it.h
2025-10-15 11:04:13,414 [INFO] CodeEngine:265 - oldGeneratedFile, E:\AGH\AiR\Praca_inzynierska\bldc_foc\Projects\H7_CAN\CM4\Core\Src\stm32h7xx_hal_msp.c_save
2025-10-15 11:04:13,480 [INFO] CodeEngine:289 - Generated code: E:\AGH\AiR\Praca_inzynierska\bldc_foc\Projects\H7_CAN\CM4\Core\Src\stm32h7xx_hal_msp.c
2025-10-15 11:04:13,483 [INFO] CodeEngine:265 - oldGeneratedFile, E:\AGH\AiR\Praca_inzynierska\bldc_foc\Projects\H7_CAN\CM4\MXTmpFiles\system.tmp_save
2025-10-15 11:04:13,522 [INFO] CodeEngine:289 - Generated code: E:\AGH\AiR\Praca_inzynierska\bldc_foc\Projects\H7_CAN\CM4\MXTmpFiles\system.tmp
2025-10-15 11:04:13,529 [INFO] CodeEngine:321 - oldGeneratedFile, E:\AGH\AiR\Praca_inzynierska\bldc_foc\Projects\H7_CAN\CM4\Core\Inc\stm32h7xx_hal_conf.h_save
2025-10-15 11:04:13,576 [INFO] CodeEngine:345 - Generated code: E:\AGH\AiR\Praca_inzynierska\bldc_foc\Projects\H7_CAN\CM4\Core\Inc\stm32h7xx_hal_conf.h
2025-10-15 11:04:13,586 [WARN] IPConfigManager:3811 - IP not found : NVIC
2025-10-15 11:04:13,587 [WARN] CodeGenerator:4259 - IP not found : null
2025-10-15 11:04:13,592 [INFO] CodeEngine:265 - oldGeneratedFile, E:\AGH\AiR\Praca_inzynierska\bldc_foc\Projects\H7_CAN\CM4\Core\Inc\main.h_save
2025-10-15 11:04:13,637 [INFO] CodeEngine:289 - Generated code: E:\AGH\AiR\Praca_inzynierska\bldc_foc\Projects\H7_CAN\CM4\Core\Inc\main.h
2025-10-15 11:04:13,641 [INFO] CodeEngine:265 - oldGeneratedFile, E:\AGH\AiR\Praca_inzynierska\bldc_foc\Projects\H7_CAN\CM4\Core\Src\main.c_save
2025-10-15 11:04:13,709 [INFO] CodeEngine:289 - Generated code: E:\AGH\AiR\Praca_inzynierska\bldc_foc\Projects\H7_CAN\CM4\Core\Src\main.c
2025-10-15 11:04:14,014 [INFO] ProjectBuilder:3606 - Time for Copy HAL[1] : 119mS.
2025-10-15 11:04:14,025 [INFO] ProjectBuilder:5216 - Project Generator version: 4.7.0-B52
2025-10-15 11:04:14,087 [INFO] ConfigFileManager:1595 - The Die is : DIE450
2025-10-15 11:04:14,800 [INFO] LogOutputStream:77 - [STDOUT_REDIRECT] 
2025-10-15 11:04:17,972 [INFO] ProjectBuilder:5496 - Time for Generating toolchain IDE Files: 3945mS.
2025-10-15 11:04:17,973 [INFO] ProjectBuilder:3463 - Time for Copy CMSIS : 1mS.
2025-10-15 11:04:17,973 [INFO] ProjectBuilder:3463 - Time for Copy CMSIS : 0mS.
2025-10-15 11:08:38,385 [INFO] MainUpdater:2872 - connection check result : 10
2025-10-15 11:08:38,528 [INFO] McuFinderGlobals:76 - Set McuFinderConnectedMode to true
2025-10-15 11:08:38,534 [INFO] MultiScanPanel:200 - Auto-refresh data requested => check proxy status ongoing
2025-10-15 11:08:38,538 [INFO] FinderPluginLoader:96 - Searching for filters in installed packs
2025-10-15 11:08:39,473 [INFO] LoadUrlFilesThread:185 - End of LoadServerUrlFiles without Thread
2025-10-15 11:08:39,482 [INFO] DetailPanel:341 - Set advertising image to C:/Users/Miloush/STM32Cube/Repository/\en.mcu-finder-stm32n6dk.jpg
2025-10-15 11:08:42,267 [INFO] MultiScanPanel:200 - Auto-refresh data requested => check proxy status ongoing
2025-10-15 11:08:42,337 [INFO] LoadUrlFilesThread:185 - End of LoadServerUrlFiles without Thread
2025-10-15 11:08:42,337 [INFO] DetailPanel:341 - Set advertising image to C:/Users/Miloush/STM32Cube/Repository/\en.mcu-finder-stm32n6dk.jpg
2025-10-15 11:08:42,345 [INFO] DbBoards:642 - Loading board mini-images...
2025-10-15 11:08:43,622 [ERROR] DbBoards:659 - Image file not found for board STM32MP215F-DK: C:\Users\Miloush\.stmcufinder\plugins\mcufinder//mcu//boards_images/STM32MP215F-DK.jpg
2025-10-15 11:08:43,702 [INFO] DbBoards:665 - Loaded 211 board mini-images
2025-10-15 11:08:55,467 [INFO] MainUpdater:2872 - connection check result : 10
2025-10-15 11:08:55,467 [INFO] MainUpdater:2872 - connection check result : 10
2025-10-15 11:08:55,511 [INFO] LogOutputStream:77 - [STDOUT_REDIRECT] Nominal 
2025-10-15 11:08:55,517 [INFO] MicroXplorer:468 - Change Database Path : 
2025-10-15 11:08:55,517 [INFO] MicroXplorer:498 - Change Database Version : DB.6.0.150
2025-10-15 11:08:55,547 [ERROR] ProjectManagerView:395 - 
java.lang.NullPointerException: Cannot invoke "javax.swing.JTextField.getText()" because the return value of "java.util.List.get(int)" is null
	at com.st.microxplorer.plugins.projectmanager.gui.ProjectChoiceTab$9.caretUpdate(ProjectChoiceTab.java:2706) ~[filemanager.jar:?]
	at javax.swing.text.JTextComponent.fireCaretUpdate(JTextComponent.java:408) ~[?:?]
	at javax.swing.text.JTextComponent$MutableCaretEvent.fire(JTextComponent.java:4484) ~[?:?]
	at javax.swing.text.JTextComponent$MutableCaretEvent.stateChanged(JTextComponent.java:4506) ~[?:?]
	at javax.swing.text.DefaultCaret.fireStateChanged(DefaultCaret.java:857) ~[?:?]
	at javax.swing.text.DefaultCaret.changeCaretPosition(DefaultCaret.java:1343) ~[?:?]
	at javax.swing.text.DefaultCaret.handleSetDot(DefaultCaret.java:1242) ~[?:?]
	at javax.swing.text.DefaultCaret.setDot(DefaultCaret.java:1223) ~[?:?]
	at javax.swing.text.DefaultCaret$Handler.insertUpdate(DefaultCaret.java:1819) ~[?:?]
	at javax.swing.text.AbstractDocument.fireInsertUpdate(AbstractDocument.java:227) ~[?:?]
	at javax.swing.text.AbstractDocument.handleInsertString(AbstractDocument.java:781) ~[?:?]
	at javax.swing.text.AbstractDocument.insertString(AbstractDocument.java:740) ~[?:?]
	at javax.swing.text.PlainDocument.insertString(PlainDocument.java:131) ~[?:?]
	at javax.swing.text.AbstractDocument.replace(AbstractDocument.java:699) ~[?:?]
	at javax.swing.text.JTextComponent.setText(JTextComponent.java:1725) ~[?:?]
	at com.st.microxplorer.plugins.projectmanager.gui.ProjectChoiceTab.createHeapStackFields(ProjectChoiceTab.java:993) ~[filemanager.jar:?]
	at com.st.microxplorer.plugins.projectmanager.gui.ProjectChoiceTab.buildLinkSettingsPanel(ProjectChoiceTab.java:3813) ~[filemanager.jar:?]
	at com.st.microxplorer.plugins.projectmanager.gui.ProjectChoiceTab.defineWindowsFields(ProjectChoiceTab.java:1987) ~[filemanager.jar:?]
	at com.st.microxplorer.plugins.projectmanager.gui.ProjectChoiceTab.updateSettings(ProjectChoiceTab.java:558) ~[filemanager.jar:?]
	at com.st.microxplorer.plugins.projectmanager.gui.ProjectSettingsPanel.UpdateDialog(ProjectSettingsPanel.java:247) ~[filemanager.jar:?]
	at com.st.microxplorer.plugins.projectmanager.ProjectManagerView.propertyChange(ProjectManagerView.java:392) ~[filemanager.jar:?]
	at java.beans.PropertyChangeSupport.fire(PropertyChangeSupport.java:343) ~[?:?]
	at java.beans.PropertyChangeSupport.firePropertyChange(PropertyChangeSupport.java:335) ~[?:?]
	at java.beans.PropertyChangeSupport.firePropertyChange(PropertyChangeSupport.java:268) ~[?:?]
	at com.st.microxplorer.util.MXPropertyChangeSupport.firePropertyChange(MXPropertyChangeSupport.java:54) ~[STM32CubeMX.jar:?]
	at com.st.microxplorer.mxsystem.MxSystem.closeConfig(MxSystem.java:899) ~[STM32CubeMX.jar:?]
	at com.st.microxplorer.maingui.MainPanel.closeConfig(MainPanel.java:792) ~[STM32CubeMX.jar:?]
	at com.st.microxplorer.plugins.filemanager.engine.OpenFileManager.loadConfigurationFile(OpenFileManager.java:288) ~[filemanager.jar:?]
	at com.st.microxplorer.plugins.filemanager.engine.MainFileManager.userLoadConfig(MainFileManager.java:364) ~[filemanager.jar:?]
	at com.st.microxplorer.plugins.filemanager.FileManagerView.getSpecificTask(FileManagerView.java:268) ~[filemanager.jar:?]
	at com.st.stm32cube.common.mx.editor.CubeMxEditor.getMxTabbedPaneInstance(CubeMxEditor.java:1191) ~[com.st.stm32cube.common.mx_6.15.0.202507011659/:?]
	at com.st.stm32cube.common.mx.editor.CubeMxEditor$12$1.createSwingComponent(CubeMxEditor.java:1068) ~[com.st.stm32cube.common.mx_6.15.0.202507011659/:?]
	at com.st.stm32cube.common.mx.oss.core.awtswtbridge.EmbeddedSwingComposite.doComponentCreation(EmbeddedSwingComposite.java:492) ~[com.st.stm32cube.common.mx.oss_6.15.0.202507011659/:?]
	at com.st.stm32cube.common.mx.oss.core.awtswtbridge.EmbeddedSwingComposite$4.run(EmbeddedSwingComposite.java:291) ~[com.st.stm32cube.common.mx.oss_6.15.0.202507011659/:?]
	at com.st.stm32cube.common.mx.oss.core.awtswtbridge.AwtEnvironment$2.run(AwtEnvironment.java:166) ~[com.st.stm32cube.common.mx.oss_6.15.0.202507011659/:?]
	at java.awt.event.InvocationEvent.dispatch(InvocationEvent.java:318) ~[?:?]
	at java.awt.EventQueue.dispatchEventImpl(EventQueue.java:773) ~[?:?]
	at java.awt.EventQueue$4.run(EventQueue.java:720) ~[?:?]
	at java.awt.EventQueue$4.run(EventQueue.java:714) ~[?:?]
	at java.security.AccessController.doPrivileged(AccessController.java:400) ~[?:?]
	at java.security.ProtectionDomain$JavaSecurityAccessImpl.doIntersectionPrivilege(ProtectionDomain.java:87) ~[?:?]
	at java.awt.EventQueue.dispatchEvent(EventQueue.java:742) ~[?:?]
	at java.awt.EventDispatchThread.pumpOneEventForFilters(EventDispatchThread.java:203) ~[?:?]
	at java.awt.EventDispatchThread.pumpEventsForFilter(EventDispatchThread.java:124) ~[?:?]
	at java.awt.EventDispatchThread.pumpEventsForHierarchy(EventDispatchThread.java:113) ~[?:?]
	at java.awt.EventDispatchThread.pumpEvents(EventDispatchThread.java:109) ~[?:?]
	at java.awt.EventDispatchThread.pumpEvents(EventDispatchThread.java:101) ~[?:?]
	at java.awt.EventDispatchThread.run(EventDispatchThread.java:90) ~[?:?]
2025-10-15 11:08:55,561 [WARN] ThirdParty:871 - waiting for thirdparty lock release [close project]
2025-10-15 11:08:55,561 [INFO] ThirdParty:873 - entering critical section [close project]
2025-10-15 11:08:55,561 [INFO] ThirdParty:883 - exiting critical section [close project]
2025-10-15 11:08:55,564 [INFO] PinOutPanel:1589 - setPackage(No Configuration,No Configuration)
2025-10-15 11:08:55,584 [WARN] IpParametersView:155 - Warning: This peripheral hasn't parameters
2025-10-15 11:08:55,603 [WARN] MainPanel:289 - <html><b><center>Warning: This peripheral has no parameters to be configured<br></b></html>
2025-10-15 11:08:55,612 [WARN] IpParametersView:155 - Warning: This peripheral hasn't parameters
2025-10-15 11:08:55,625 [WARN] MainPanel:289 - <html><b><center>Warning: This peripheral has no parameters to be configured<br></b></html>
2025-10-15 11:08:55,638 [INFO] UtilMem:75 - Begin LoadConfig() Used Memory: 1069096896 Bytes (1073741824)
2025-10-15 11:08:55,639 [INFO] OpenFileManager:355 - Change cursor
2025-10-15 11:08:55,662 [INFO] RulesReader:64 - Compatibility file has been processed (317 Rules)
2025-10-15 11:08:55,678 [INFO] Mcu:2029 - Initializing MCU STM32H755ZITx STM32H755ZITx STM32H755ZIT6
2025-10-15 11:08:58,085 [INFO] Context:786 - Trying to add GPIOservice into a context  which must be forbidden
2025-10-15 11:08:58,086 [INFO] Context:786 - Trying to add GPIOservice into a context  which must be forbidden
2025-10-15 11:08:59,260 [INFO] Rule:233 - rule Adapt Old IOC before rework replace old CORTEX_M33/CORTEX_M55 attributes by the new one. is applicable
2025-10-15 11:08:59,260 [INFO] Rule:233 - rule Rename parametre of RCC RCC_APBDBG_DIV2 to RCC_TIMPRES_DIV2 is applicable
2025-10-15 11:08:59,260 [INFO] Rule:233 - rule Rename DIE493 pin PA10 [PA12] -> PA10 is applicable
2025-10-15 11:08:59,260 [INFO] Rule:233 - rule Rename DIE493 pin PA9 [PA11] -> PA9 is applicable
2025-10-15 11:08:59,260 [INFO] Rule:233 - rule Rename DIE492 PartNumber CPN STM32WBA5MJGHx -> STM32WBA5MMGHx is applicable
2025-10-15 11:08:59,260 [INFO] Rule:233 - rule Rename DIE492 PartNumber  Name STM32WBA5MJGHx -> STM32WBA5MMGHx is applicable
2025-10-15 11:08:59,260 [INFO] Rule:233 - rule Rename DIE492 PartNumber UserName STM32WBA5MJGHx -> STM32WBA5MMGHx is applicable
2025-10-15 11:08:59,260 [INFO] Rule:233 - rule Rename DIE492 PartNumber DeviceId STM32WBA5MJGHx -> STM32WBA5MMGHx is applicable
2025-10-15 11:08:59,260 [INFO] Rule:233 - rule Adapt Old IOC CSI. is applicable
2025-10-15 11:08:59,260 [INFO] Rule:233 - rule Adapt Old IOC DCMIPP. is applicable
2025-10-15 11:08:59,260 [INFO] Rule:233 - rule Adapt Old IOC DCMIPP Mode Parallel. is applicable
2025-10-15 11:08:59,260 [INFO] Rule:233 - rule Adapt Old IOC LTDC. is applicable
2025-10-15 11:08:59,260 [INFO] Rule:233 - rule Rename STM32MP2 RIF Peripheral LTDC RIF.RISUP.LTDC_L0L1.Privilege -> RIF.RISUP.LTDC_L1L2.Privilege is applicable
2025-10-15 11:08:59,260 [INFO] Rule:233 - rule Rename STM32MP2 RIF Peripheral LTDC RIF.RISUP.LTDC_L0L1.Privilege -> RIF.RISUP.LTDC_L1L2.Privilege is applicable
2025-10-15 11:08:59,260 [INFO] Rule:233 - rule Rename STM32MP2 RIF Peripheral LTDC RIF.RISUP.LTDC_L0L1.Lock -> RIF.RISUP.LTDC_L1L2.Lock is applicable
2025-10-15 11:08:59,260 [INFO] Rule:233 - rule Rename STM32MP2 RIF Peripheral LTDC RIF.RISUP.LTDC_L2.Lock -> RIF.RISUP.LTDC_L3.Lock is applicable
2025-10-15 11:08:59,260 [INFO] Rule:233 - rule Adapt the old IOC example for updating the SYS when it is misconfigured. is applicable
2025-10-15 11:08:59,260 [INFO] Rule:233 - rule Rename STM32C09 Mcu.Package LQFP64 -> LQFP48 is applicable
2025-10-15 11:08:59,261 [INFO] Rule:233 - rule Adapt the old IOC example for updating the SYS when it is misconfigured. is applicable
2025-10-15 11:08:59,261 [INFO] Rule:233 - rule Adapt the old IOC example for updating the SYS when it is misconfigured. is applicable
2025-10-15 11:08:59,265 [INFO] DbConfProperties:307 - Apply Compatibility (4/20 Rules)
2025-10-15 11:08:59,280 [INFO] ApiDbMcu:532 - Load IP Config File for NUCLEO-H755ZI-Q
2025-10-15 11:08:59,420 [INFO] Context:786 - Trying to add GPIOservice into a context  which must be forbidden
2025-10-15 11:08:59,427 [INFO] Context:786 - Trying to add GPIOservice into a context  which must be forbidden
2025-10-15 11:08:59,429 [INFO] ImportTextPane:234 - (OptionalMessage_ERROR) Pin27 (VP_RIF_VS_RIF1) cannot be retrieved for this MCU
2025-10-15 11:08:59,589 [INFO] RtosManager:558 - Registered RTOS mode: class=CMSIS, group=RTOS, mode=CMSIS_V1, owner=FREERTOS_M7
2025-10-15 11:08:59,589 [INFO] RtosManager:558 - Registered RTOS mode: class=CMSIS, group=RTOS2, mode=CMSIS_V2, owner=FREERTOS_M7
2025-10-15 11:08:59,589 [INFO] RtosManager:558 - Registered RTOS mode: class=RTOS, group=Core, mode=CMSIS_V1, owner=FREERTOS_M7
2025-10-15 11:08:59,589 [INFO] RtosManager:558 - Registered RTOS mode: class=RTOS, group=Core, mode=CMSIS_V2, owner=FREERTOS_M7
2025-10-15 11:08:59,590 [WARN] ModelIntegratedComponent:184 - Missing modes for component STMicroelectronics:FreeRTOS:0.0.1:STMicroelectronics:RTOS:FreeRTOS:Core:::10.2.0:
2025-10-15 11:08:59,593 [WARN] ModelIntegratedComponent:63 - No mode defined for component null
2025-10-15 11:08:59,593 [WARN] ModelIntegratedComponent:63 - No mode defined for component null
2025-10-15 11:08:59,593 [WARN] ModelIntegratedComponent:63 - No mode defined for component null
2025-10-15 11:08:59,593 [WARN] ModelIntegratedComponent:63 - No mode defined for component null
2025-10-15 11:08:59,593 [WARN] ModelIntegratedComponent:63 - No mode defined for component null
2025-10-15 11:08:59,593 [WARN] ModelIntegratedComponent:63 - No mode defined for component null
2025-10-15 11:08:59,593 [WARN] ModelIntegratedComponent:63 - No mode defined for component null
2025-10-15 11:08:59,593 [WARN] ModelIntegratedComponent:63 - No mode defined for component null
2025-10-15 11:08:59,593 [WARN] ModelIntegratedComponent:63 - No mode defined for component null
2025-10-15 11:08:59,593 [WARN] ModelIntegratedComponent:63 - No mode defined for component null
2025-10-15 11:08:59,593 [WARN] ModelIntegratedComponent:63 - No mode defined for component null
2025-10-15 11:08:59,593 [WARN] ModelIntegratedComponent:63 - No mode defined for component null
2025-10-15 11:08:59,593 [WARN] ModelIntegratedComponent:63 - No mode defined for component null
2025-10-15 11:08:59,593 [WARN] ModelIntegratedComponent:63 - No mode defined for component null
2025-10-15 11:08:59,593 [WARN] ModelIntegratedComponent:63 - No mode defined for component null
2025-10-15 11:08:59,593 [WARN] ModelIntegratedComponent:63 - No mode defined for component null
2025-10-15 11:08:59,593 [WARN] ModelIntegratedComponent:63 - No mode defined for component null
2025-10-15 11:08:59,593 [WARN] ModelIntegratedComponent:63 - No mode defined for component null
2025-10-15 11:08:59,593 [WARN] ModelIntegratedComponent:63 - No mode defined for component null
2025-10-15 11:08:59,593 [WARN] ModelIntegratedComponent:63 - No mode defined for component null
2025-10-15 11:08:59,593 [WARN] ModelIntegratedComponent:63 - No mode defined for component null
2025-10-15 11:08:59,593 [WARN] ModelIntegratedComponent:63 - No mode defined for component null
2025-10-15 11:08:59,593 [WARN] ModelIntegratedComponent:63 - No mode defined for component null
2025-10-15 11:08:59,593 [WARN] ModelIntegratedComponent:63 - No mode defined for component null
2025-10-15 11:08:59,593 [WARN] ModelIntegratedComponent:63 - No mode defined for component null
2025-10-15 11:08:59,593 [WARN] ModelIntegratedComponent:63 - No mode defined for component null
2025-10-15 11:08:59,593 [WARN] ModelIntegratedComponent:63 - No mode defined for component null
2025-10-15 11:08:59,593 [WARN] ModelIntegratedComponent:63 - No mode defined for component null
2025-10-15 11:08:59,593 [WARN] ModelIntegratedComponent:63 - No mode defined for component null
2025-10-15 11:08:59,593 [WARN] ModelIntegratedComponent:63 - No mode defined for component null
2025-10-15 11:08:59,593 [WARN] ModelIntegratedComponent:63 - No mode defined for component null
2025-10-15 11:08:59,593 [WARN] ModelIntegratedComponent:63 - No mode defined for component null
2025-10-15 11:08:59,593 [WARN] ModelIntegratedComponent:63 - No mode defined for component null
2025-10-15 11:08:59,593 [WARN] ModelIntegratedComponent:63 - No mode defined for component null
2025-10-15 11:08:59,593 [WARN] ModelIntegratedComponent:63 - No mode defined for component null
2025-10-15 11:08:59,593 [WARN] ModelPack:524 - Component already loaded: STMicroelectronics:HAL Drivers:0.0.0:STMicroelectronics:Device:STMicro_Driver:XSPI:HAL::0.0.1:HAL_XSPI
2025-10-15 11:08:59,779 [INFO] RtosManager:558 - Registered RTOS mode: class=CMSIS, group=RTOS, mode=CMSIS_V1, owner=FREERTOS_M4
2025-10-15 11:08:59,779 [INFO] RtosManager:558 - Registered RTOS mode: class=CMSIS, group=RTOS2, mode=CMSIS_V2, owner=FREERTOS_M4
2025-10-15 11:08:59,779 [INFO] RtosManager:558 - Registered RTOS mode: class=RTOS, group=Core, mode=CMSIS_V1, owner=FREERTOS_M4
2025-10-15 11:08:59,779 [INFO] RtosManager:558 - Registered RTOS mode: class=RTOS, group=Core, mode=CMSIS_V2, owner=FREERTOS_M4
2025-10-15 11:08:59,779 [WARN] ModelIntegratedComponent:184 - Missing modes for component STMicroelectronics:FreeRTOS:0.0.1:STMicroelectronics:RTOS:FreeRTOS:Core:::10.2.0:
2025-10-15 11:08:59,781 [WARN] ModelIntegratedComponent:63 - No mode defined for component null
2025-10-15 11:08:59,781 [WARN] ModelIntegratedComponent:63 - No mode defined for component null
2025-10-15 11:08:59,781 [WARN] ModelIntegratedComponent:63 - No mode defined for component null
2025-10-15 11:08:59,781 [WARN] ModelIntegratedComponent:63 - No mode defined for component null
2025-10-15 11:08:59,781 [WARN] ModelIntegratedComponent:63 - No mode defined for component null
2025-10-15 11:08:59,781 [WARN] ModelIntegratedComponent:63 - No mode defined for component null
2025-10-15 11:08:59,781 [WARN] ModelIntegratedComponent:63 - No mode defined for component null
2025-10-15 11:08:59,782 [WARN] ModelIntegratedComponent:63 - No mode defined for component null
2025-10-15 11:08:59,782 [WARN] ModelIntegratedComponent:63 - No mode defined for component null
2025-10-15 11:08:59,782 [WARN] ModelIntegratedComponent:63 - No mode defined for component null
2025-10-15 11:08:59,782 [WARN] ModelIntegratedComponent:63 - No mode defined for component null
2025-10-15 11:08:59,782 [WARN] ModelIntegratedComponent:63 - No mode defined for component null
2025-10-15 11:08:59,782 [WARN] ModelIntegratedComponent:63 - No mode defined for component null
2025-10-15 11:08:59,782 [WARN] ModelIntegratedComponent:63 - No mode defined for component null
2025-10-15 11:08:59,782 [WARN] ModelIntegratedComponent:63 - No mode defined for component null
2025-10-15 11:08:59,782 [WARN] ModelIntegratedComponent:63 - No mode defined for component null
2025-10-15 11:08:59,782 [WARN] ModelIntegratedComponent:63 - No mode defined for component null
2025-10-15 11:08:59,782 [WARN] ModelIntegratedComponent:63 - No mode defined for component null
2025-10-15 11:08:59,782 [WARN] ModelIntegratedComponent:63 - No mode defined for component null
2025-10-15 11:08:59,782 [WARN] ModelIntegratedComponent:63 - No mode defined for component null
2025-10-15 11:08:59,782 [WARN] ModelIntegratedComponent:63 - No mode defined for component null
2025-10-15 11:08:59,782 [WARN] ModelIntegratedComponent:63 - No mode defined for component null
2025-10-15 11:08:59,782 [WARN] ModelIntegratedComponent:63 - No mode defined for component null
2025-10-15 11:08:59,782 [WARN] ModelIntegratedComponent:63 - No mode defined for component null
2025-10-15 11:08:59,782 [WARN] ModelIntegratedComponent:63 - No mode defined for component null
2025-10-15 11:08:59,782 [WARN] ModelIntegratedComponent:63 - No mode defined for component null
2025-10-15 11:08:59,782 [WARN] ModelIntegratedComponent:63 - No mode defined for component null
2025-10-15 11:08:59,782 [WARN] ModelIntegratedComponent:63 - No mode defined for component null
2025-10-15 11:08:59,782 [WARN] ModelIntegratedComponent:63 - No mode defined for component null
2025-10-15 11:08:59,782 [WARN] ModelIntegratedComponent:63 - No mode defined for component null
2025-10-15 11:08:59,782 [WARN] ModelIntegratedComponent:63 - No mode defined for component null
2025-10-15 11:08:59,782 [WARN] ModelIntegratedComponent:63 - No mode defined for component null
2025-10-15 11:08:59,782 [WARN] ModelIntegratedComponent:63 - No mode defined for component null
2025-10-15 11:08:59,782 [WARN] ModelIntegratedComponent:63 - No mode defined for component null
2025-10-15 11:08:59,782 [WARN] ModelIntegratedComponent:63 - No mode defined for component null
2025-10-15 11:08:59,782 [WARN] ModelPack:524 - Component already loaded: STMicroelectronics:HAL Drivers:0.0.0:STMicroelectronics:Device:STMicro_Driver:XSPI:HAL::0.0.1:HAL_XSPI
2025-10-15 11:08:59,955 [INFO] ThirdPartyModel:298 - Start build external matchings
2025-10-15 11:09:01,411 [INFO] ThirdPartyModel:316 - End build external matchings
2025-10-15 11:09:01,434 [INFO] ThirdPartyModel:298 - Start build external matchings
2025-10-15 11:09:02,770 [INFO] ThirdPartyModel:316 - End build external matchings
2025-10-15 11:09:02,964 [INFO] UtilMem:75 - End LoadConfig() Used Memory: 596189944 Bytes (1073741824)
2025-10-15 11:09:06,257 [INFO] BspBoardWizard:580 - Analytics plugin initialized with success
2025-10-15 11:09:06,261 [INFO] BspBoardWizard:580 - Analytics plugin initialized with success
2025-10-15 11:09:06,264 [INFO] BspBoardWizard:580 - Analytics plugin initialized with success
2025-10-15 11:09:06,287 [WARN] ThirdParty:833 - waiting for thirdparty lock release [change project]
2025-10-15 11:09:06,287 [INFO] ThirdParty:835 - entering critical section [change project]
2025-10-15 11:09:06,287 [INFO] ThirdParty:1030 - CMSIS Pack Vendor :STMicroelectronics X-CUBE-PM33A1 1.0.0
2025-10-15 11:09:06,287 [INFO] ThirdParty:1030 - CMSIS Pack Vendor :STMicroelectronics USBPD 4.1
2025-10-15 11:09:06,287 [INFO] ThirdParty:1030 - CMSIS Pack Vendor :STMicroelectronics USB_HOST 2.0.0
2025-10-15 11:09:06,287 [INFO] ThirdParty:1030 - CMSIS Pack Vendor :STMicroelectronics FP-SNS-MOTENVWB1 1.4.0
2025-10-15 11:09:06,287 [INFO] ThirdParty:1030 - CMSIS Pack Vendor :STMicroelectronics X-CUBE-AZRTOS-F4 1.1.0
2025-10-15 11:09:06,287 [INFO] ThirdParty:1030 - CMSIS Pack Vendor :STMicroelectronics LIBJPEG 8.0.0
2025-10-15 11:09:06,287 [INFO] ThirdParty:1030 - CMSIS Pack Vendor :STMicroelectronics FP-ATR-ASTRA1 2.0.2
2025-10-15 11:09:06,287 [INFO] ThirdParty:1030 - CMSIS Pack Vendor :STMicroelectronics FP-ATR-ASTRA1 2.0.1
2025-10-15 11:09:06,287 [INFO] ThirdParty:1030 - CMSIS Pack Vendor :Avnet-IotConnect X-CUBE-IoTC-DA16k-PMOD 1.0.0
2025-10-15 11:09:06,287 [INFO] ThirdParty:1030 - CMSIS Pack Vendor :STMicroelectronics X-CUBE-SMBUS 2.1.0
2025-10-15 11:09:06,287 [INFO] ThirdParty:1030 - CMSIS Pack Vendor :STMicroelectronics X-CUBE-WB05N 1.1.0
2025-10-15 11:09:06,287 [INFO] ThirdParty:1030 - CMSIS Pack Vendor :STMicroelectronics X-CUBE-ISPU 2.1.0
2025-10-15 11:09:06,287 [INFO] ThirdParty:1030 - CMSIS Pack Vendor :STMicroelectronics X-CUBE-IPS 3.2.0
2025-10-15 11:09:06,287 [INFO] ThirdParty:1030 - CMSIS Pack Vendor :STMicroelectronics X-CUBE-FREERTOS 1.2.0
2025-10-15 11:09:06,287 [INFO] ThirdParty:1030 - CMSIS Pack Vendor :STMicroelectronics X-CUBE-ST60 1.0.0
2025-10-15 11:09:06,287 [INFO] ThirdParty:1030 - CMSIS Pack Vendor :STMicroelectronics X-CUBE-NFC12 1.0.0
2025-10-15 11:09:06,287 [INFO] ThirdParty:1030 - CMSIS Pack Vendor :STMicroelectronics X-CUBE-AZRTOS-F7 1.1.0
2025-10-15 11:09:06,287 [INFO] ThirdParty:1030 - CMSIS Pack Vendor :STMicroelectronics X-CUBE-AZRTOS-L5 2.0.0
2025-10-15 11:09:06,287 [INFO] ThirdParty:1030 - CMSIS Pack Vendor :STMicroelectronics USB_DEVICE 2.0.0
2025-10-15 11:09:06,287 [INFO] ThirdParty:1030 - CMSIS Pack Vendor :STMicroelectronics X-CUBE-NFC6 3.1.0
2025-10-15 11:09:06,287 [INFO] ThirdParty:1030 - CMSIS Pack Vendor :STMicroelectronics X-CUBE-MEMS1 11.0.0
2025-10-15 11:09:06,287 [INFO] ThirdParty:1030 - CMSIS Pack Vendor :STMicroelectronics FreeRTOS 0.0.1
2025-10-15 11:09:06,287 [INFO] ThirdParty:1030 - CMSIS Pack Vendor :STMicroelectronics X-CUBE-DPower 1.2.0
2025-10-15 11:09:06,287 [INFO] ThirdParty:1030 - CMSIS Pack Vendor :STMicroelectronics FP-SNS-FLIGHT1 5.0.2
2025-10-15 11:09:06,287 [INFO] ThirdParty:1030 - CMSIS Pack Vendor :STMicroelectronics PDM2PCM 3.3.0
2025-10-15 11:09:06,287 [INFO] ThirdParty:1030 - CMSIS Pack Vendor :STMicroelectronics X-CUBE-AZRTOS-H7 3.4.0
2025-10-15 11:09:06,287 [INFO] ThirdParty:1030 - CMSIS Pack Vendor :STMicroelectronics X-CUBE-DISPLAY 3.0.0
2025-10-15 11:09:06,287 [INFO] ThirdParty:1030 - CMSIS Pack Vendor :STMicroelectronics X-CUBE-BLE1 7.0.0
2025-10-15 11:09:06,287 [INFO] ThirdParty:1030 - CMSIS Pack Vendor :STMicroelectronics X-CUBE-NFC10 1.0.0
2025-10-15 11:09:06,287 [INFO] ThirdParty:1030 - CMSIS Pack Vendor :STMicroelectronics X-CUBE-BLEMGR 4.0.0
2025-10-15 11:09:06,287 [INFO] ThirdParty:1030 - CMSIS Pack Vendor :STMicroelectronics X-CUBE-FREERTOS 1.3.1
2025-10-15 11:09:06,287 [INFO] ThirdParty:1030 - CMSIS Pack Vendor :STMicroelectronics HAL Drivers 0.0.0
2025-10-15 11:09:06,287 [INFO] ThirdParty:1030 - CMSIS Pack Vendor :emotas I-CUBE-CANOPEN 1.3.0
2025-10-15 11:09:06,287 [INFO] ThirdParty:1030 - CMSIS Pack Vendor :STMicroelectronics X-CUBE-FREERTOS 1.3.0
2025-10-15 11:09:06,287 [INFO] ThirdParty:1030 - CMSIS Pack Vendor :STMicroelectronics X-CUBE-NFC7 1.0.1
2025-10-15 11:09:06,287 [INFO] ThirdParty:1030 - CMSIS Pack Vendor :STMicroelectronics MBEDTLS 2.14.1
2025-10-15 11:09:06,287 [INFO] ThirdParty:1030 - CMSIS Pack Vendor :STMicroelectronics X-CUBE-TOUCHGFX 4.26.0
2025-10-15 11:09:06,287 [INFO] ThirdParty:1030 - CMSIS Pack Vendor :STMicroelectronics X-CUBE-BLEMGR 3.1.0
2025-10-15 11:09:06,288 [INFO] ThirdParty:1030 - CMSIS Pack Vendor :STMicroelectronics X-CUBE-AI 10.0.0
2025-10-15 11:09:06,288 [INFO] ThirdParty:1030 - CMSIS Pack Vendor :STMicroelectronics FP-SNS-STBOX1 2.1.0
2025-10-15 11:09:06,288 [INFO] ThirdParty:1030 - CMSIS Pack Vendor :STMicroelectronics FP-SNS-STAIOTCFT 1.0.0
2025-10-15 11:09:06,288 [INFO] ThirdParty:1030 - CMSIS Pack Vendor :STMicroelectronics FP-SNS-SMARTAG2 1.2.0
2025-10-15 11:09:06,288 [INFO] ThirdParty:1030 - CMSIS Pack Vendor :STMicroelectronics FP-SNS-FLIGHT1 5.1.0
2025-10-15 11:09:06,288 [INFO] ThirdParty:1030 - CMSIS Pack Vendor :STMicroelectronics X-CUBE-MEMS1 11.1.0
2025-10-15 11:09:06,288 [INFO] ThirdParty:1030 - CMSIS Pack Vendor :STMicroelectronics X-CUBE-AZRTOS-WL 2.0.0
2025-10-15 11:09:06,288 [INFO] ThirdParty:1030 - CMSIS Pack Vendor :STMicroelectronics X-CUBE-DPower 1.3.0
2025-10-15 11:09:06,288 [INFO] ThirdParty:1030 - CMSIS Pack Vendor :STMicroelectronics FP-SNS-MOTENV1 5.0.0
2025-10-15 11:09:06,288 [INFO] ThirdParty:1030 - CMSIS Pack Vendor :STMicroelectronics USB_DEVICE 1.0.0
2025-10-15 11:09:06,288 [INFO] ThirdParty:1030 - CMSIS Pack Vendor :wolfSSL I-CUBE-wolfMQTT 1.19.0
2025-10-15 11:09:06,288 [INFO] ThirdParty:1030 - CMSIS Pack Vendor :STMicroelectronics X-CUBE-AZRTOS-L4 2.0.0
2025-10-15 11:09:06,288 [INFO] ThirdParty:1030 - CMSIS Pack Vendor :STMicroelectronics ThreadX 0.0.2
2025-10-15 11:09:06,288 [INFO] ThirdParty:1030 - CMSIS Pack Vendor :WES I-CUBE-Cesium 1.3.0
2025-10-15 11:09:06,288 [INFO] ThirdParty:1030 - CMSIS Pack Vendor :STMicroelectronics lwIP 2.1.2
2025-10-15 11:09:06,288 [INFO] ThirdParty:1030 - CMSIS Pack Vendor :STMicroelectronics X-CUBE-SFXS2LP1 4.0.0
2025-10-15 11:09:06,288 [INFO] ThirdParty:1030 - CMSIS Pack Vendor :STMicroelectronics X-CUBE-BLE2 3.3.0
2025-10-15 11:09:06,288 [INFO] ThirdParty:1030 - CMSIS Pack Vendor :STMicroelectronics PDM2PCM 3.2.0
2025-10-15 11:09:06,288 [INFO] ThirdParty:1030 - CMSIS Pack Vendor :STMicroelectronics X-CUBE-AZRTOS-H7 3.3.0
2025-10-15 11:09:06,288 [INFO] ThirdParty:1030 - CMSIS Pack Vendor :STMicroelectronics X-CUBE-NFC9 1.0.0
2025-10-15 11:09:06,288 [INFO] ThirdParty:1030 - CMSIS Pack Vendor :STMicroelectronics X-CUBE-BLE1 7.1.0
2025-10-15 11:09:06,288 [INFO] ThirdParty:1030 - CMSIS Pack Vendor :STMicroelectronics USB_DEVICE 3.0.0
2025-10-15 11:09:06,288 [INFO] ThirdParty:1030 - CMSIS Pack Vendor :STMicroelectronics X-CUBE-TCPP 4.1.0
2025-10-15 11:09:06,288 [INFO] ThirdParty:1030 - CMSIS Pack Vendor :STMicroelectronics X-CUBE-EEPRMA1 5.2.0
2025-10-15 11:09:06,288 [INFO] ThirdParty:1030 - CMSIS Pack Vendor :STMicroelectronics X-CUBE-BLEMGR 4.1.0
2025-10-15 11:09:06,288 [INFO] ThirdParty:1030 - CMSIS Pack Vendor :STMicroelectronics X-CUBE-IPS 3.0.0
2025-10-15 11:09:06,288 [INFO] ThirdParty:1030 - CMSIS Pack Vendor :STMicroelectronics X-CUBE-AZRTOS-WB 2.0.0
2025-10-15 11:09:06,288 [INFO] ThirdParty:1030 - CMSIS Pack Vendor :STMicroelectronics X-CUBE-GNSS1 7.0.0
2025-10-15 11:09:06,288 [INFO] ThirdParty:1030 - CMSIS Pack Vendor :STMicroelectronics X-CUBE-GNSS1 7.0.1
2025-10-15 11:09:06,288 [INFO] ThirdParty:1030 - CMSIS Pack Vendor :STMicroelectronics X-CUBE-TOUCHGFX 4.25.0
2025-10-15 11:09:06,288 [INFO] ThirdParty:1030 - CMSIS Pack Vendor :STMicroelectronics X-CUBE-ST67W61 1.1.0
2025-10-15 11:09:06,288 [INFO] ThirdParty:1030 - CMSIS Pack Vendor :STMicroelectronics X-CUBE-AI 10.1.0
2025-10-15 11:09:06,288 [INFO] ThirdParty:1030 - CMSIS Pack Vendor :STMicroelectronics FP-SNS-STBOX1 2.0.0
2025-10-15 11:09:06,288 [INFO] ThirdParty:1030 - CMSIS Pack Vendor :STMicroelectronics X-CUBE-MEMS1 11.2.0
2025-10-15 11:09:06,288 [INFO] ThirdParty:1030 - CMSIS Pack Vendor :STMicroelectronics X-CUBE-AZRTOS-G0 1.1.0
2025-10-15 11:09:06,288 [INFO] ThirdParty:1030 - CMSIS Pack Vendor :STMicroelectronics X-CUBE-SAFEA1 1.2.2
2025-10-15 11:09:06,288 [INFO] ThirdParty:1030 - CMSIS Pack Vendor :STMicroelectronics X-CUBE-NFC4 3.0.0
2025-10-15 11:09:06,288 [INFO] ThirdParty:1030 - CMSIS Pack Vendor :STMicroelectronics X-CUBE-SUBG2 5.0.0
2025-10-15 11:09:06,288 [INFO] ThirdParty:1030 - CMSIS Pack Vendor :STMicroelectronics X-CUBE-AZRTOS-H7RS 1.1.0
2025-10-15 11:09:06,288 [INFO] ThirdParty:1030 - CMSIS Pack Vendor :STMicroelectronics STM32_WPAN 1.0.0
2025-10-15 11:09:06,288 [INFO] ThirdParty:1030 - CMSIS Pack Vendor :EmbeddedOffice I-CUBE-FS-RTOS 1.0.1
2025-10-15 11:09:06,288 [INFO] ThirdParty:1030 - CMSIS Pack Vendor :STMicroelectronics lwIP 2.0.3
2025-10-15 11:09:06,288 [INFO] ThirdParty:1030 - CMSIS Pack Vendor :Cesanta I-CUBE-Mongoose 7.13.0
2025-10-15 11:09:06,288 [INFO] ThirdParty:1030 - CMSIS Pack Vendor :STMicroelectronics USB_HOST 1.0.0
2025-10-15 11:09:06,288 [INFO] ThirdParty:1030 - CMSIS Pack Vendor :STMicroelectronics X-CUBE-AZRTOS-G4 2.0.0
2025-10-15 11:09:06,288 [INFO] ThirdParty:1030 - CMSIS Pack Vendor :STMicroelectronics X-CUBE-WB05N 2.0.0
2025-10-15 11:09:06,288 [INFO] ThirdParty:1030 - CMSIS Pack Vendor :STMicroelectronics PDM2PCM 3.1.0
2025-10-15 11:09:06,288 [INFO] ThirdParty:1030 - CMSIS Pack Vendor :STMicroelectronics X-CUBE-NFC7 2.0.0
2025-10-15 11:09:06,288 [INFO] ThirdParty:1030 - CMSIS Pack Vendor :STMicroelectronics X-CUBE-TCPP 4.2.0
2025-10-15 11:09:06,288 [INFO] ThirdParty:1030 - CMSIS Pack Vendor :RealThread X-CUBE-RT-Thread_Nano 4.1.1
2025-10-15 11:09:06,288 [INFO] ThirdParty:1030 - CMSIS Pack Vendor :STMicroelectronics FP-ATR-SIGFOX1 3.2.0
2025-10-15 11:09:06,288 [INFO] ThirdParty:1030 - CMSIS Pack Vendor :wolfSSL I-CUBE-wolfSSL 5.7.2
2025-10-15 11:09:06,288 [INFO] ThirdParty:1030 - CMSIS Pack Vendor :quantropi X-CUBE-qispace-sdk-base 1.9.3
2025-10-15 11:09:06,288 [INFO] ThirdParty:1030 - CMSIS Pack Vendor :STMicroelectronics X-CUBE-EEPRMA1 5.1.0
2025-10-15 11:09:06,288 [INFO] ThirdParty:1030 - CMSIS Pack Vendor :STMicroelectronics MBEDTLS 2.16.2
2025-10-15 11:09:06,288 [INFO] ThirdParty:1030 - CMSIS Pack Vendor :STMicroelectronics X-CUBE-IPS 3.1.0
2025-10-15 11:09:06,288 [INFO] ThirdParty:1030 - CMSIS Pack Vendor :STMicroelectronics X-CUBE-ALS 1.0.2
2025-10-15 11:09:06,288 [INFO] ThirdParty:1030 - CMSIS Pack Vendor :ITTIA_DB I-CUBE-ITTIADB 8.9.0
2025-10-15 11:09:06,288 [INFO] ThirdParty:1030 - CMSIS Pack Vendor :STMicroelectronics X-CUBE-TOUCHGFX 4.24.2
2025-10-15 11:09:06,288 [INFO] ThirdParty:1030 - CMSIS Pack Vendor :STMicroelectronics X-CUBE-TOUCHGFX 4.24.1
2025-10-15 11:09:06,288 [INFO] ThirdParty:1030 - CMSIS Pack Vendor :STMicroelectronics X-CUBE-STSE01 1.0.0
2025-10-15 11:09:06,288 [INFO] ThirdParty:1030 - CMSIS Pack Vendor :wolfSSL I-CUBE-wolfTPM 3.4.0
2025-10-15 11:09:06,288 [INFO] ThirdParty:1030 - CMSIS Pack Vendor :portGmbH I-Cube-SoM-uGOAL 1.1.0
2025-10-15 11:09:06,288 [INFO] ThirdParty:1030 - CMSIS Pack Vendor :STMicroelectronics X-CUBE-ST67W61 1.0.0
2025-10-15 11:09:06,288 [INFO] ThirdParty:1030 - CMSIS Pack Vendor :STMicroelectronics X-CUBE-AI 10.2.0
2025-10-15 11:09:06,288 [INFO] ThirdParty:1030 - CMSIS Pack Vendor :STMicroelectronics ThreadX 1.0.0
2025-10-15 11:09:06,288 [INFO] ThirdParty:1030 - CMSIS Pack Vendor :SEGGER I-CUBE-embOS 1.3.1
2025-10-15 11:09:06,288 [INFO] ThirdParty:1030 - CMSIS Pack Vendor :STMicroelectronics X-CUBE-ALGOBUILD 1.4.0
2025-10-15 11:09:06,289 [INFO] ThirdParty:1030 - CMSIS Pack Vendor :STMicroelectronics X-CUBE-MEMS1 11.3.0
2025-10-15 11:09:06,289 [INFO] ThirdParty:1030 - CMSIS Pack Vendor :STMicroelectronics X-CUBE-AZRTOS-H7RS 1.0.0
2025-10-15 11:09:06,289 [INFO] ThirdParty:1030 - CMSIS Pack Vendor :STMicroelectronics FP-ATR-ASTRA1 2.0.0
2025-10-15 11:09:06,289 [INFO] ThirdParty:1030 - CMSIS Pack Vendor :STMicroelectronics X-CUBE-TOF1 3.4.2
2025-10-15 11:09:06,289 [INFO] ThirdParty:1030 - CMSIS Pack Vendor :STMicroelectronics X-CUBE-TOF1 3.4.3
2025-10-15 11:09:06,289 [INFO] ThirdParty:1030 - CMSIS Pack Vendor :STMicroelectronics X-CUBE-AI 9.1.0
2025-10-15 11:09:06,289 [INFO] ThirdParty:1030 - CMSIS Pack Vendor :Infineon AIROC-Wi-Fi-Bluetooth-STM32 1.6.1
2025-10-15 11:09:06,289 [INFO] ThirdParty:1030 - CMSIS Pack Vendor :wolfSSL I-CUBE-wolfSSH 1.4.17
2025-10-15 11:09:06,289 [INFO] ThirdParty:841 - exiting critical section [change project]
2025-10-15 11:09:06,736 [INFO] PinOutPanel:1589 - setPackage(No Configuration,No Configuration)
2025-10-15 11:09:06,737 [INFO] PinOutPanel:1589 - setPackage(STM32H755ZITx,LQFP144)
2025-10-15 11:09:07,155 [INFO] UtilMem:75 - Before build in PCC Used Memory: 571874416 Bytes (1073741824)
2025-10-15 11:09:07,519 [INFO] UtilMem:75 - After build in PCC Used Memory: 696132720 Bytes (1073741824)
2025-10-15 11:09:07,540 [INFO] IPUIPlugin:80 - create IPUIPlugin
2025-10-15 11:09:07,540 [INFO] IPUIPlugin:80 - create IPUIPlugin
2025-10-15 11:09:07,540 [INFO] IPUIPlugin:80 - create IPUIPlugin
2025-10-15 11:09:07,541 [INFO] IPUIPlugin:80 - create IPUIPlugin
2025-10-15 11:09:07,541 [INFO] IPUIPlugin:80 - create IPUIPlugin
2025-10-15 11:09:07,541 [INFO] IPUIPlugin:80 - create IPUIPlugin
2025-10-15 11:09:07,541 [INFO] IPUIPlugin:80 - create IPUIPlugin
2025-10-15 11:09:07,541 [INFO] IPUIPlugin:80 - create IPUIPlugin
2025-10-15 11:09:07,541 [INFO] IPUIPlugin:80 - create IPUIPlugin
2025-10-15 11:09:07,541 [INFO] IPUIPlugin:80 - create IPUIPlugin
2025-10-15 11:09:07,541 [INFO] IPUIPlugin:80 - create IPUIPlugin
2025-10-15 11:09:07,541 [INFO] IPUIPlugin:80 - create IPUIPlugin
2025-10-15 11:09:07,541 [INFO] IPUIPlugin:80 - create IPUIPlugin
2025-10-15 11:09:07,541 [INFO] IPUIPlugin:80 - create IPUIPlugin
2025-10-15 11:09:07,541 [INFO] IPUIPlugin:80 - create IPUIPlugin
2025-10-15 11:09:07,541 [INFO] IPUIPlugin:80 - create IPUIPlugin
2025-10-15 11:09:07,542 [INFO] IPUIPlugin:80 - create IPUIPlugin
2025-10-15 11:09:07,542 [INFO] IPUIPlugin:80 - create IPUIPlugin
2025-10-15 11:09:07,542 [INFO] IPUIPlugin:80 - create IPUIPlugin
2025-10-15 11:09:07,542 [INFO] IPUIPlugin:80 - create IPUIPlugin
2025-10-15 11:09:07,542 [INFO] IPUIPlugin:80 - create IPUIPlugin
2025-10-15 11:09:07,542 [INFO] IPUIPlugin:80 - create IPUIPlugin
2025-10-15 11:09:07,542 [INFO] IPUIPlugin:80 - create IPUIPlugin
2025-10-15 11:09:07,542 [INFO] IPUIPlugin:80 - create IPUIPlugin
2025-10-15 11:09:07,542 [INFO] IPUIPlugin:80 - create IPUIPlugin
2025-10-15 11:09:07,542 [INFO] IPUIPlugin:80 - create IPUIPlugin
2025-10-15 11:09:07,542 [INFO] IPUIPlugin:80 - create IPUIPlugin
2025-10-15 11:09:07,542 [INFO] IPUIPlugin:80 - create IPUIPlugin
2025-10-15 11:09:07,542 [INFO] IPUIPlugin:80 - create IPUIPlugin
2025-10-15 11:09:07,543 [INFO] IPUIPlugin:80 - create IPUIPlugin
2025-10-15 11:09:07,543 [INFO] IPUIPlugin:80 - create IPUIPlugin
2025-10-15 11:09:07,543 [INFO] IPUIPlugin:80 - create IPUIPlugin
2025-10-15 11:09:07,543 [INFO] IPUIPlugin:80 - create IPUIPlugin
2025-10-15 11:09:07,543 [INFO] IPUIPlugin:80 - create IPUIPlugin
2025-10-15 11:09:07,543 [INFO] IPUIPlugin:80 - create IPUIPlugin
2025-10-15 11:09:07,543 [INFO] IPUIPlugin:80 - create IPUIPlugin
2025-10-15 11:09:07,543 [INFO] IPUIPlugin:80 - create IPUIPlugin
2025-10-15 11:09:07,543 [INFO] IPUIPlugin:80 - create IPUIPlugin
2025-10-15 11:09:07,544 [INFO] IPUIPlugin:80 - create IPUIPlugin
2025-10-15 11:09:07,544 [INFO] IPUIPlugin:80 - create IPUIPlugin
2025-10-15 11:09:07,544 [INFO] IPUIPlugin:80 - create IPUIPlugin
2025-10-15 11:09:07,544 [INFO] IPUIPlugin:80 - create IPUIPlugin
2025-10-15 11:09:07,544 [INFO] IPUIPlugin:80 - create IPUIPlugin
2025-10-15 11:09:07,544 [INFO] IPUIPlugin:80 - create IPUIPlugin
2025-10-15 11:09:07,544 [INFO] IPUIPlugin:80 - create IPUIPlugin
2025-10-15 11:09:07,544 [INFO] IPUIPlugin:80 - create IPUIPlugin
2025-10-15 11:09:07,545 [INFO] IPUIPlugin:80 - create IPUIPlugin
2025-10-15 11:09:07,545 [INFO] IPUIPlugin:80 - create IPUIPlugin
2025-10-15 11:09:07,545 [INFO] IPUIPlugin:80 - create IPUIPlugin
2025-10-15 11:09:07,545 [INFO] IPUIPlugin:80 - create IPUIPlugin
2025-10-15 11:09:07,545 [INFO] IPUIPlugin:80 - create IPUIPlugin
2025-10-15 11:09:07,545 [INFO] IPUIPlugin:80 - create IPUIPlugin
2025-10-15 11:09:07,545 [INFO] IPUIPlugin:80 - create IPUIPlugin
2025-10-15 11:09:07,545 [INFO] IPUIPlugin:80 - create IPUIPlugin
2025-10-15 11:09:07,546 [INFO] IPUIPlugin:80 - create IPUIPlugin
2025-10-15 11:09:07,546 [INFO] IPUIPlugin:80 - create IPUIPlugin
2025-10-15 11:09:07,546 [INFO] IPUIPlugin:80 - create IPUIPlugin
2025-10-15 11:09:07,546 [INFO] IPUIPlugin:80 - create IPUIPlugin
2025-10-15 11:09:07,546 [INFO] IPUIPlugin:80 - create IPUIPlugin
2025-10-15 11:09:07,546 [INFO] IPUIPlugin:80 - create IPUIPlugin
2025-10-15 11:09:07,546 [INFO] IPUIPlugin:80 - create IPUIPlugin
2025-10-15 11:09:07,547 [INFO] IPUIPlugin:80 - create IPUIPlugin
2025-10-15 11:09:07,547 [INFO] IPUIPlugin:80 - create IPUIPlugin
2025-10-15 11:09:07,547 [INFO] IPUIPlugin:80 - create IPUIPlugin
2025-10-15 11:09:07,547 [INFO] IPUIPlugin:80 - create IPUIPlugin
2025-10-15 11:09:07,547 [INFO] IPUIPlugin:80 - create IPUIPlugin
2025-10-15 11:09:07,547 [INFO] IPUIPlugin:80 - create IPUIPlugin
2025-10-15 11:09:07,548 [INFO] IPUIPlugin:80 - create IPUIPlugin
2025-10-15 11:09:07,548 [INFO] IPUIPlugin:80 - create IPUIPlugin
2025-10-15 11:09:07,548 [INFO] IPUIPlugin:80 - create IPUIPlugin
2025-10-15 11:09:07,548 [INFO] IPUIPlugin:80 - create IPUIPlugin
2025-10-15 11:09:07,548 [INFO] IPUIPlugin:80 - create IPUIPlugin
2025-10-15 11:09:07,548 [INFO] IPUIPlugin:80 - create IPUIPlugin
2025-10-15 11:09:07,549 [INFO] IPUIPlugin:80 - create IPUIPlugin
2025-10-15 11:09:07,549 [INFO] IPUIPlugin:80 - create IPUIPlugin
2025-10-15 11:09:07,549 [INFO] IPUIPlugin:80 - create IPUIPlugin
2025-10-15 11:09:07,549 [INFO] IPUIPlugin:80 - create IPUIPlugin
2025-10-15 11:09:07,549 [INFO] IPUIPlugin:80 - create IPUIPlugin
2025-10-15 11:09:07,549 [INFO] IPUIPlugin:80 - create IPUIPlugin
2025-10-15 11:09:07,550 [INFO] IPUIPlugin:80 - create IPUIPlugin
2025-10-15 11:09:07,550 [INFO] IPUIPlugin:80 - create IPUIPlugin
2025-10-15 11:09:07,550 [INFO] IPUIPlugin:80 - create IPUIPlugin
2025-10-15 11:09:07,550 [INFO] IPUIPlugin:80 - create IPUIPlugin
2025-10-15 11:09:07,550 [INFO] IPUIPlugin:80 - create IPUIPlugin
2025-10-15 11:09:07,551 [INFO] IPUIPlugin:80 - create IPUIPlugin
2025-10-15 11:09:07,551 [INFO] IPUIPlugin:80 - create IPUIPlugin
2025-10-15 11:09:07,551 [INFO] IPUIPlugin:80 - create IPUIPlugin
2025-10-15 11:09:07,551 [INFO] IPUIPlugin:80 - create IPUIPlugin
2025-10-15 11:09:07,551 [INFO] IPUIPlugin:80 - create IPUIPlugin
2025-10-15 11:09:07,552 [INFO] IPUIPlugin:80 - create IPUIPlugin
2025-10-15 11:09:07,552 [INFO] IPUIPlugin:80 - create IPUIPlugin
2025-10-15 11:09:07,552 [INFO] IPUIPlugin:80 - create IPUIPlugin
2025-10-15 11:09:07,552 [INFO] IPUIPlugin:80 - create IPUIPlugin
2025-10-15 11:09:07,553 [INFO] IPUIPlugin:80 - create IPUIPlugin
2025-10-15 11:09:07,553 [INFO] IPUIPlugin:80 - create IPUIPlugin
2025-10-15 11:09:07,553 [INFO] IPUIPlugin:80 - create IPUIPlugin
2025-10-15 11:09:07,553 [INFO] IPUIPlugin:80 - create IPUIPlugin
2025-10-15 11:09:07,553 [INFO] IPUIPlugin:80 - create IPUIPlugin
2025-10-15 11:09:07,554 [INFO] IPUIPlugin:80 - create IPUIPlugin
2025-10-15 11:09:07,554 [INFO] IPUIPlugin:80 - create IPUIPlugin
2025-10-15 11:09:07,554 [INFO] IPUIPlugin:80 - create IPUIPlugin
2025-10-15 11:09:07,555 [INFO] IPUIPlugin:80 - create IPUIPlugin
2025-10-15 11:09:07,555 [INFO] IPUIPlugin:80 - create IPUIPlugin
2025-10-15 11:09:07,555 [INFO] IPUIPlugin:80 - create IPUIPlugin
2025-10-15 11:09:07,555 [INFO] IPUIPlugin:80 - create IPUIPlugin
2025-10-15 11:09:07,556 [INFO] IPUIPlugin:80 - create IPUIPlugin
2025-10-15 11:09:07,556 [INFO] IPUIPlugin:80 - create IPUIPlugin
2025-10-15 11:09:07,556 [INFO] IPUIPlugin:80 - create IPUIPlugin
2025-10-15 11:09:07,557 [INFO] IPUIPlugin:80 - create IPUIPlugin
2025-10-15 11:09:07,557 [INFO] IPUIPlugin:80 - create IPUIPlugin
2025-10-15 11:09:07,557 [INFO] IPUIPlugin:80 - create IPUIPlugin
2025-10-15 11:09:07,557 [INFO] IPUIPlugin:80 - create IPUIPlugin
2025-10-15 11:09:07,558 [INFO] IPUIPlugin:80 - create IPUIPlugin
2025-10-15 11:09:07,558 [INFO] IPUIPlugin:80 - create IPUIPlugin
2025-10-15 11:09:07,565 [INFO] ApiDbMcu:532 - Load IP Config File for PDM2PCM_M7
2025-10-15 11:09:07,567 [INFO] ApiDbMcu:532 - Load IP Config File for PDM2PCM_M4
2025-10-15 11:09:07,604 [INFO] CADModel:165 - CPN selected for project levelSTM32H755ZIT6
2025-10-15 11:09:07,604 [INFO] CADModel:114 - Register for checkConnection events
2025-10-15 11:09:07,656 [INFO] OpenFileManager:386 - Restore cursor
2025-10-15 11:09:08,749 [INFO] UtilMem:75 - End SaveConfig() Used Memory: 887731824 Bytes (1073741824)
2025-10-15 11:09:08,857 [INFO] UtilMem:75 - End SaveConfig() Used Memory: 915229784 Bytes (1073741824)
2025-10-15 11:09:09,146 [INFO] BlockDiagram:2775 - set Specific Code input for plugin: RCC
2025-10-15 11:09:09,147 [INFO] BlockDiagram:2775 - set Specific Code input for plugin: SYS
2025-10-15 11:09:09,147 [INFO] BlockDiagram:2775 - set Specific Code input for plugin: NVIC2
2025-10-15 11:09:09,147 [INFO] BlockDiagram:2775 - set Specific Code input for plugin: SYS_M4
2025-10-15 11:09:09,147 [INFO] BlockDiagram:2775 - set Specific Code input for plugin: NVIC1
2025-10-15 11:09:09,148 [INFO] CodeGenerator:892 - code generatio: config db path: C:\ST\STM32CubeIDE_1.16.1\STM32CubeIDE\plugins\com.st.stm32cube.common.mx_6.15.0.202507011659\\db\
2025-10-15 11:09:09,195 [INFO] CodeGenerator:1619 - *******************Project context M7 selected
2025-10-15 11:09:09,241 [INFO] CodeEngine:265 - oldGeneratedFile, E:\AGH\AiR\Praca_inzynierska\bldc_foc\Projects\H7_v2\MXTmpFiles\license.tmp_save
2025-10-15 11:09:09,425 [INFO] CodeEngine:289 - Generated code: E:\AGH\AiR\Praca_inzynierska\bldc_foc\Projects\H7_v2\MXTmpFiles\license.tmp
2025-10-15 11:09:09,450 [WARN] IPConfigManager:103 - WARNING: Missing Config File for NVIC1 ip!!
2025-10-15 11:09:09,461 [INFO] CodeEngine:265 - oldGeneratedFile, E:\AGH\AiR\Praca_inzynierska\bldc_foc\Projects\H7_v2\CM7\MXTmpFiles\cortex.tmp_save
2025-10-15 11:09:09,556 [INFO] CodeEngine:289 - Generated code: E:\AGH\AiR\Praca_inzynierska\bldc_foc\Projects\H7_v2\CM7\MXTmpFiles\cortex.tmp
2025-10-15 11:09:09,568 [INFO] CodeEngine:265 - oldGeneratedFile, E:\AGH\AiR\Praca_inzynierska\bldc_foc\Projects\H7_v2\CM7\Core\Src\stm32h7xx_it.c_save
2025-10-15 11:09:09,752 [INFO] CodeEngine:289 - Generated code: E:\AGH\AiR\Praca_inzynierska\bldc_foc\Projects\H7_v2\CM7\Core\Src\stm32h7xx_it.c
2025-10-15 11:09:09,756 [INFO] CodeEngine:265 - oldGeneratedFile, E:\AGH\AiR\Praca_inzynierska\bldc_foc\Projects\H7_v2\CM7\Core\Inc\stm32h7xx_it.h_save
2025-10-15 11:09:09,811 [INFO] CodeEngine:289 - Generated code: E:\AGH\AiR\Praca_inzynierska\bldc_foc\Projects\H7_v2\CM7\Core\Inc\stm32h7xx_it.h
2025-10-15 11:09:09,842 [INFO] CodeEngine:265 - oldGeneratedFile, E:\AGH\AiR\Praca_inzynierska\bldc_foc\Projects\H7_v2\CM7\Core\Src\stm32h7xx_hal_msp.c_save
2025-10-15 11:09:09,912 [INFO] CodeEngine:289 - Generated code: E:\AGH\AiR\Praca_inzynierska\bldc_foc\Projects\H7_v2\CM7\Core\Src\stm32h7xx_hal_msp.c
2025-10-15 11:09:09,915 [INFO] CodeEngine:265 - oldGeneratedFile, E:\AGH\AiR\Praca_inzynierska\bldc_foc\Projects\H7_v2\CM7\MXTmpFiles\system.tmp_save
2025-10-15 11:09:09,961 [INFO] CodeEngine:289 - Generated code: E:\AGH\AiR\Praca_inzynierska\bldc_foc\Projects\H7_v2\CM7\MXTmpFiles\system.tmp
2025-10-15 11:09:09,967 [INFO] CodeEngine:321 - oldGeneratedFile, E:\AGH\AiR\Praca_inzynierska\bldc_foc\Projects\H7_v2\CM7\Core\Inc\stm32h7xx_hal_conf.h_save
2025-10-15 11:09:10,020 [INFO] CodeEngine:345 - Generated code: E:\AGH\AiR\Praca_inzynierska\bldc_foc\Projects\H7_v2\CM7\Core\Inc\stm32h7xx_hal_conf.h
2025-10-15 11:09:10,046 [INFO] ApiDbMcu:532 - Load IP Config File for RCC
2025-10-15 11:09:10,048 [WARN] IPConfigManager:3811 - IP not found : NVIC
2025-10-15 11:09:10,048 [WARN] CodeGenerator:4259 - IP not found : null
2025-10-15 11:09:10,053 [INFO] CodeEngine:265 - oldGeneratedFile, E:\AGH\AiR\Praca_inzynierska\bldc_foc\Projects\H7_v2\CM7\Core\Inc\main.h_save
2025-10-15 11:09:10,121 [INFO] CodeEngine:289 - Generated code: E:\AGH\AiR\Praca_inzynierska\bldc_foc\Projects\H7_v2\CM7\Core\Inc\main.h
2025-10-15 11:09:10,124 [INFO] CodeEngine:265 - oldGeneratedFile, E:\AGH\AiR\Praca_inzynierska\bldc_foc\Projects\H7_v2\CM7\Core\Src\main.c_save
2025-10-15 11:09:10,198 [INFO] CodeEngine:289 - Generated code: E:\AGH\AiR\Praca_inzynierska\bldc_foc\Projects\H7_v2\CM7\Core\Src\main.c
2025-10-15 11:09:10,235 [INFO] CodeGenerator:1619 - *******************Project context M4 selected
2025-10-15 11:09:10,276 [INFO] CodeEngine:265 - oldGeneratedFile, E:\AGH\AiR\Praca_inzynierska\bldc_foc\Projects\H7_v2\MXTmpFiles\license.tmp_save
2025-10-15 11:09:10,314 [INFO] CodeEngine:289 - Generated code: E:\AGH\AiR\Praca_inzynierska\bldc_foc\Projects\H7_v2\MXTmpFiles\license.tmp
2025-10-15 11:09:10,319 [WARN] IPConfigManager:103 - WARNING: Missing Config File for NVIC2 ip!!
2025-10-15 11:09:10,328 [INFO] CodeEngine:265 - oldGeneratedFile, E:\AGH\AiR\Praca_inzynierska\bldc_foc\Projects\H7_v2\CM4\MXTmpFiles\cortex.tmp_save
2025-10-15 11:09:10,368 [INFO] CodeEngine:289 - Generated code: E:\AGH\AiR\Praca_inzynierska\bldc_foc\Projects\H7_v2\CM4\MXTmpFiles\cortex.tmp
2025-10-15 11:09:10,377 [INFO] CodeEngine:265 - oldGeneratedFile, E:\AGH\AiR\Praca_inzynierska\bldc_foc\Projects\H7_v2\CM4\Core\Src\stm32h7xx_it.c_save
2025-10-15 11:09:10,422 [INFO] CodeEngine:289 - Generated code: E:\AGH\AiR\Praca_inzynierska\bldc_foc\Projects\H7_v2\CM4\Core\Src\stm32h7xx_it.c
2025-10-15 11:09:10,425 [INFO] CodeEngine:265 - oldGeneratedFile, E:\AGH\AiR\Praca_inzynierska\bldc_foc\Projects\H7_v2\CM4\Core\Inc\stm32h7xx_it.h_save
2025-10-15 11:09:10,465 [INFO] CodeEngine:289 - Generated code: E:\AGH\AiR\Praca_inzynierska\bldc_foc\Projects\H7_v2\CM4\Core\Inc\stm32h7xx_it.h
2025-10-15 11:09:10,482 [INFO] CodeEngine:265 - oldGeneratedFile, E:\AGH\AiR\Praca_inzynierska\bldc_foc\Projects\H7_v2\CM4\Core\Src\stm32h7xx_hal_msp.c_save
2025-10-15 11:09:10,536 [INFO] CodeEngine:289 - Generated code: E:\AGH\AiR\Praca_inzynierska\bldc_foc\Projects\H7_v2\CM4\Core\Src\stm32h7xx_hal_msp.c
2025-10-15 11:09:10,539 [INFO] CodeEngine:265 - oldGeneratedFile, E:\AGH\AiR\Praca_inzynierska\bldc_foc\Projects\H7_v2\CM4\MXTmpFiles\system.tmp_save
2025-10-15 11:09:10,586 [INFO] CodeEngine:289 - Generated code: E:\AGH\AiR\Praca_inzynierska\bldc_foc\Projects\H7_v2\CM4\MXTmpFiles\system.tmp
2025-10-15 11:09:10,593 [INFO] CodeEngine:321 - oldGeneratedFile, E:\AGH\AiR\Praca_inzynierska\bldc_foc\Projects\H7_v2\CM4\Core\Inc\stm32h7xx_hal_conf.h_save
2025-10-15 11:09:10,639 [INFO] CodeEngine:345 - Generated code: E:\AGH\AiR\Praca_inzynierska\bldc_foc\Projects\H7_v2\CM4\Core\Inc\stm32h7xx_hal_conf.h
2025-10-15 11:09:10,650 [WARN] IPConfigManager:3811 - IP not found : NVIC
2025-10-15 11:09:10,650 [WARN] CodeGenerator:4259 - IP not found : null
2025-10-15 11:09:10,654 [INFO] CodeEngine:265 - oldGeneratedFile, E:\AGH\AiR\Praca_inzynierska\bldc_foc\Projects\H7_v2\CM4\Core\Inc\main.h_save
2025-10-15 11:09:10,697 [INFO] CodeEngine:289 - Generated code: E:\AGH\AiR\Praca_inzynierska\bldc_foc\Projects\H7_v2\CM4\Core\Inc\main.h
2025-10-15 11:09:10,700 [INFO] CodeEngine:265 - oldGeneratedFile, E:\AGH\AiR\Praca_inzynierska\bldc_foc\Projects\H7_v2\CM4\Core\Src\main.c_save
2025-10-15 11:09:10,755 [INFO] CodeEngine:289 - Generated code: E:\AGH\AiR\Praca_inzynierska\bldc_foc\Projects\H7_v2\CM4\Core\Src\main.c
2025-10-15 11:09:11,030 [INFO] ProjectBuilder:3606 - Time for Copy HAL[1] : 82mS.
2025-10-15 11:09:11,036 [INFO] ProjectBuilder:5216 - Project Generator version: 4.7.0-B52
2025-10-15 11:09:11,098 [INFO] ConfigFileManager:1595 - The Die is : DIE450
2025-10-15 11:09:14,377 [INFO] ProjectBuilder:5496 - Time for Generating toolchain IDE Files: 3340mS.
2025-10-15 11:09:14,377 [INFO] ProjectBuilder:3463 - Time for Copy CMSIS : 0mS.
2025-10-15 11:09:14,378 [INFO] ProjectBuilder:3463 - Time for Copy CMSIS : 0mS.
2025-10-15 11:09:14,749 [INFO] McuFinderGlobals:76 - Set McuFinderConnectedMode to true
2025-10-15 11:09:14,752 [INFO] ApiDb:448 - Save user favorites file C:\Users\Miloush/.stm32cubeide/favorites.mcus.txt: 3 item(s)
2025-10-15 11:09:14,752 [INFO] ApiDb:452 - User favorites MCUs=[STM32F446RET6, STM32G431KBT6, STM32G474CBT3]
2025-10-15 11:09:14,753 [INFO] ApiDb:448 - Save user favorites file C:\Users\Miloush/.stm32cubeide/favorites.boards.txt: 0 item(s)
2025-10-15 11:09:14,753 [INFO] ApiDb:452 - User favorites Boards=[]
2025-10-15 11:09:24,474 [WARN] ContextAllowed:149 - Switch context cannot be done in case of multiple context selected
2025-10-15 11:09:27,831 [INFO] UtilMem:75 - End SaveConfig() Used Memory: 776149336 Bytes (1073741824)
2025-10-15 11:09:28,092 [INFO] UtilMem:75 - End SaveConfig() Used Memory: 801866688 Bytes (1073741824)
2025-10-15 11:09:29,219 [INFO] UtilMem:75 - End SaveConfig() Used Memory: 491460952 Bytes (1073741824)
2025-10-15 11:09:29,319 [INFO] BlockDiagram:2775 - set Specific Code input for plugin: RCC
2025-10-15 11:09:29,319 [INFO] BlockDiagram:2775 - set Specific Code input for plugin: MEMORYMAP
2025-10-15 11:09:29,319 [INFO] BlockDiagram:2775 - set Specific Code input for plugin: SYS
2025-10-15 11:09:29,319 [INFO] BlockDiagram:2775 - set Specific Code input for plugin: NVIC2
2025-10-15 11:09:29,319 [INFO] BlockDiagram:2775 - set Specific Code input for plugin: GPIO
2025-10-15 11:09:29,319 [INFO] BlockDiagram:2775 - set Specific Code input for plugin: SYS_M4
2025-10-15 11:09:29,319 [INFO] BlockDiagram:2775 - set Specific Code input for plugin: NVIC1
2025-10-15 11:09:29,320 [INFO] CodeGenerator:892 - code generatio: config db path: C:\ST\STM32CubeIDE_1.16.1\STM32CubeIDE\plugins\com.st.stm32cube.common.mx_6.15.0.202507011659\\db\
2025-10-15 11:09:29,351 [INFO] CodeGenerator:1619 - *******************Project context M7 selected
2025-10-15 11:09:29,398 [INFO] CodeEngine:265 - oldGeneratedFile, E:\AGH\AiR\Praca_inzynierska\bldc_foc\Projects\H7_v2\MXTmpFiles\license.tmp_save
2025-10-15 11:09:29,440 [INFO] CodeEngine:289 - Generated code: E:\AGH\AiR\Praca_inzynierska\bldc_foc\Projects\H7_v2\MXTmpFiles\license.tmp
2025-10-15 11:09:29,468 [INFO] CodeEngine:265 - oldGeneratedFile, E:\AGH\AiR\Praca_inzynierska\bldc_foc\Projects\H7_v2\CM7\MXTmpFiles\gpio.tmp_save
2025-10-15 11:09:29,512 [INFO] CodeEngine:289 - Generated code: E:\AGH\AiR\Praca_inzynierska\bldc_foc\Projects\H7_v2\CM7\MXTmpFiles\gpio.tmp
2025-10-15 11:09:29,527 [WARN] IPConfigManager:103 - WARNING: Missing Config File for MEMORYMAP ip!!
2025-10-15 11:09:29,584 [WARN] IPConfigManager:103 - WARNING: Missing Config File for NVIC1 ip!!
2025-10-15 11:09:29,609 [INFO] CodeEngine:265 - oldGeneratedFile, E:\AGH\AiR\Praca_inzynierska\bldc_foc\Projects\H7_v2\CM7\MXTmpFiles\cortex.tmp_save
2025-10-15 11:09:29,646 [INFO] CodeEngine:289 - Generated code: E:\AGH\AiR\Praca_inzynierska\bldc_foc\Projects\H7_v2\CM7\MXTmpFiles\cortex.tmp
2025-10-15 11:09:29,657 [INFO] CodeEngine:265 - oldGeneratedFile, E:\AGH\AiR\Praca_inzynierska\bldc_foc\Projects\H7_v2\CM7\Core\Src\stm32h7xx_it.c_save
2025-10-15 11:09:29,704 [INFO] CodeEngine:289 - Generated code: E:\AGH\AiR\Praca_inzynierska\bldc_foc\Projects\H7_v2\CM7\Core\Src\stm32h7xx_it.c
2025-10-15 11:09:29,707 [INFO] CodeEngine:265 - oldGeneratedFile, E:\AGH\AiR\Praca_inzynierska\bldc_foc\Projects\H7_v2\CM7\Core\Inc\stm32h7xx_it.h_save
2025-10-15 11:09:29,748 [INFO] CodeEngine:289 - Generated code: E:\AGH\AiR\Praca_inzynierska\bldc_foc\Projects\H7_v2\CM7\Core\Inc\stm32h7xx_it.h
2025-10-15 11:09:29,789 [INFO] CodeEngine:265 - oldGeneratedFile, E:\AGH\AiR\Praca_inzynierska\bldc_foc\Projects\H7_v2\CM7\Core\Src\stm32h7xx_hal_msp.c_save
2025-10-15 11:09:29,850 [INFO] CodeEngine:289 - Generated code: E:\AGH\AiR\Praca_inzynierska\bldc_foc\Projects\H7_v2\CM7\Core\Src\stm32h7xx_hal_msp.c
2025-10-15 11:09:29,853 [INFO] CodeEngine:265 - oldGeneratedFile, E:\AGH\AiR\Praca_inzynierska\bldc_foc\Projects\H7_v2\CM7\MXTmpFiles\system.tmp_save
2025-10-15 11:09:29,892 [INFO] CodeEngine:289 - Generated code: E:\AGH\AiR\Praca_inzynierska\bldc_foc\Projects\H7_v2\CM7\MXTmpFiles\system.tmp
2025-10-15 11:09:29,898 [INFO] CodeEngine:321 - oldGeneratedFile, E:\AGH\AiR\Praca_inzynierska\bldc_foc\Projects\H7_v2\CM7\Core\Inc\stm32h7xx_hal_conf.h_save
2025-10-15 11:09:29,940 [INFO] CodeEngine:345 - Generated code: E:\AGH\AiR\Praca_inzynierska\bldc_foc\Projects\H7_v2\CM7\Core\Inc\stm32h7xx_hal_conf.h
2025-10-15 11:09:29,960 [WARN] IPConfigManager:3811 - IP not found : NVIC
2025-10-15 11:09:29,961 [WARN] CodeGenerator:4259 - IP not found : null
2025-10-15 11:09:29,966 [INFO] CodeEngine:265 - oldGeneratedFile, E:\AGH\AiR\Praca_inzynierska\bldc_foc\Projects\H7_v2\CM7\Core\Inc\main.h_save
2025-10-15 11:09:30,008 [INFO] CodeEngine:289 - Generated code: E:\AGH\AiR\Praca_inzynierska\bldc_foc\Projects\H7_v2\CM7\Core\Inc\main.h
2025-10-15 11:09:30,011 [INFO] CodeEngine:265 - oldGeneratedFile, E:\AGH\AiR\Praca_inzynierska\bldc_foc\Projects\H7_v2\CM7\Core\Src\main.c_save
2025-10-15 11:09:30,072 [INFO] CodeEngine:289 - Generated code: E:\AGH\AiR\Praca_inzynierska\bldc_foc\Projects\H7_v2\CM7\Core\Src\main.c
2025-10-15 11:09:30,104 [INFO] CodeGenerator:1619 - *******************Project context M4 selected
2025-10-15 11:09:30,140 [INFO] CodeEngine:265 - oldGeneratedFile, E:\AGH\AiR\Praca_inzynierska\bldc_foc\Projects\H7_v2\MXTmpFiles\license.tmp_save
2025-10-15 11:09:30,177 [INFO] CodeEngine:289 - Generated code: E:\AGH\AiR\Praca_inzynierska\bldc_foc\Projects\H7_v2\MXTmpFiles\license.tmp
2025-10-15 11:09:30,195 [INFO] CodeEngine:265 - oldGeneratedFile, E:\AGH\AiR\Praca_inzynierska\bldc_foc\Projects\H7_v2\CM4\MXTmpFiles\gpio.tmp_save
2025-10-15 11:09:30,233 [INFO] CodeEngine:289 - Generated code: E:\AGH\AiR\Praca_inzynierska\bldc_foc\Projects\H7_v2\CM4\MXTmpFiles\gpio.tmp
2025-10-15 11:09:30,247 [WARN] IPConfigManager:103 - WARNING: Missing Config File for NVIC2 ip!!
2025-10-15 11:09:30,277 [INFO] CodeEngine:265 - oldGeneratedFile, E:\AGH\AiR\Praca_inzynierska\bldc_foc\Projects\H7_v2\CM4\MXTmpFiles\cortex.tmp_save
2025-10-15 11:09:30,324 [INFO] CodeEngine:289 - Generated code: E:\AGH\AiR\Praca_inzynierska\bldc_foc\Projects\H7_v2\CM4\MXTmpFiles\cortex.tmp
2025-10-15 11:09:30,334 [INFO] CodeEngine:265 - oldGeneratedFile, E:\AGH\AiR\Praca_inzynierska\bldc_foc\Projects\H7_v2\CM4\Core\Src\stm32h7xx_it.c_save
2025-10-15 11:09:30,375 [INFO] CodeEngine:289 - Generated code: E:\AGH\AiR\Praca_inzynierska\bldc_foc\Projects\H7_v2\CM4\Core\Src\stm32h7xx_it.c
2025-10-15 11:09:30,378 [INFO] CodeEngine:265 - oldGeneratedFile, E:\AGH\AiR\Praca_inzynierska\bldc_foc\Projects\H7_v2\CM4\Core\Inc\stm32h7xx_it.h_save
2025-10-15 11:09:30,415 [INFO] CodeEngine:289 - Generated code: E:\AGH\AiR\Praca_inzynierska\bldc_foc\Projects\H7_v2\CM4\Core\Inc\stm32h7xx_it.h
2025-10-15 11:09:30,463 [INFO] CodeEngine:265 - oldGeneratedFile, E:\AGH\AiR\Praca_inzynierska\bldc_foc\Projects\H7_v2\CM4\Core\Src\stm32h7xx_hal_msp.c_save
2025-10-15 11:09:30,519 [INFO] CodeEngine:289 - Generated code: E:\AGH\AiR\Praca_inzynierska\bldc_foc\Projects\H7_v2\CM4\Core\Src\stm32h7xx_hal_msp.c
2025-10-15 11:09:30,522 [INFO] CodeEngine:265 - oldGeneratedFile, E:\AGH\AiR\Praca_inzynierska\bldc_foc\Projects\H7_v2\CM4\MXTmpFiles\system.tmp_save
2025-10-15 11:09:30,558 [INFO] CodeEngine:289 - Generated code: E:\AGH\AiR\Praca_inzynierska\bldc_foc\Projects\H7_v2\CM4\MXTmpFiles\system.tmp
2025-10-15 11:09:30,563 [INFO] CodeEngine:321 - oldGeneratedFile, E:\AGH\AiR\Praca_inzynierska\bldc_foc\Projects\H7_v2\CM4\Core\Inc\stm32h7xx_hal_conf.h_save
2025-10-15 11:09:30,604 [INFO] CodeEngine:345 - Generated code: E:\AGH\AiR\Praca_inzynierska\bldc_foc\Projects\H7_v2\CM4\Core\Inc\stm32h7xx_hal_conf.h
2025-10-15 11:09:30,612 [WARN] IPConfigManager:3811 - IP not found : NVIC
2025-10-15 11:09:30,613 [WARN] CodeGenerator:4259 - IP not found : null
2025-10-15 11:09:30,617 [INFO] CodeEngine:265 - oldGeneratedFile, E:\AGH\AiR\Praca_inzynierska\bldc_foc\Projects\H7_v2\CM4\Core\Inc\main.h_save
2025-10-15 11:09:30,657 [INFO] CodeEngine:289 - Generated code: E:\AGH\AiR\Praca_inzynierska\bldc_foc\Projects\H7_v2\CM4\Core\Inc\main.h
2025-10-15 11:09:30,660 [INFO] CodeEngine:265 - oldGeneratedFile, E:\AGH\AiR\Praca_inzynierska\bldc_foc\Projects\H7_v2\CM4\Core\Src\main.c_save
2025-10-15 11:09:30,715 [INFO] CodeEngine:289 - Generated code: E:\AGH\AiR\Praca_inzynierska\bldc_foc\Projects\H7_v2\CM4\Core\Src\main.c
2025-10-15 11:09:30,956 [INFO] ProjectBuilder:3606 - Time for Copy HAL[1] : 78mS.
2025-10-15 11:09:30,961 [INFO] ProjectBuilder:5216 - Project Generator version: 4.7.0-B52
2025-10-15 11:09:31,013 [INFO] ConfigFileManager:1595 - The Die is : DIE450
2025-10-15 11:09:33,452 [INFO] ProjectBuilder:5496 - Time for Generating toolchain IDE Files: 2491mS.
2025-10-15 11:09:33,452 [INFO] ProjectBuilder:3463 - Time for Copy CMSIS : 0mS.
2025-10-15 11:09:33,453 [INFO] ProjectBuilder:3463 - Time for Copy CMSIS : 0mS.
2025-10-15 11:14:34,908 [ERROR] LogOutputStream:75 - [STDERR_REDIRECT] Oct 15, 2025 11:14:34 AM org.apache.lucene.internal.vectorization.VectorizationProvider lookup
2025-10-15 11:14:34,909 [ERROR] LogOutputStream:75 - [STDERR_REDIRECT] WARNING: Java vector incubator module is not readable. For optimal vector performance, pass '--add-modules jdk.incubator.vector' to enable Vector API.
2025-10-15 11:14:34,909 [ERROR] LogOutputStream:75 - [STDERR_REDIRECT] 
2025-10-15 11:18:02,858 [WARN] IP:2250 - ClockDivider not found: check if there is a RefParameter without a condition.
2025-10-15 11:18:02,859 [WARN] IP:2250 - ClockDividerCCU not found: check if there is a RefParameter without a condition.
2025-10-15 11:18:02,859 [WARN] IP:2250 - MinOscClkPeriodsCCU not found: check if there is a RefParameter without a condition.
2025-10-15 11:18:02,859 [WARN] IP:2250 - TimeQuantaPerBitTimeCCU not found: check if there is a RefParameter without a condition.
2025-10-15 11:18:02,859 [WARN] IP:2250 - WatchdogStartValueCCU not found: check if there is a RefParameter without a condition.
2025-10-15 11:18:02,865 [INFO] LogOutputStream:77 - [STDOUT_REDIRECT] Nominal 
2025-10-15 11:18:02,907 [WARN] IP:2250 - ClockDivider not found: check if there is a RefParameter without a condition.
2025-10-15 11:18:02,907 [WARN] IP:2250 - ClockDividerCCU not found: check if there is a RefParameter without a condition.
2025-10-15 11:18:02,907 [WARN] IP:2250 - MinOscClkPeriodsCCU not found: check if there is a RefParameter without a condition.
2025-10-15 11:18:02,907 [WARN] IP:2250 - TimeQuantaPerBitTimeCCU not found: check if there is a RefParameter without a condition.
2025-10-15 11:18:02,907 [WARN] IP:2250 - WatchdogStartValueCCU not found: check if there is a RefParameter without a condition.
2025-10-15 11:18:02,925 [INFO] Can:71 - Can Add PropertyChangeListener com.st.microxplorer.plugins.ip.can.Can@76d7d44c
2025-10-15 11:18:02,936 [WARN] IP:2250 - ClockDivider not found: check if there is a RefParameter without a condition.
2025-10-15 11:18:02,937 [WARN] IP:2250 - ClockDividerCCU not found: check if there is a RefParameter without a condition.
2025-10-15 11:18:02,937 [WARN] IP:2250 - MinOscClkPeriodsCCU not found: check if there is a RefParameter without a condition.
2025-10-15 11:18:02,937 [WARN] IP:2250 - TimeQuantaPerBitTimeCCU not found: check if there is a RefParameter without a condition.
2025-10-15 11:18:02,937 [WARN] IP:2250 - WatchdogStartValueCCU not found: check if there is a RefParameter without a condition.
2025-10-15 11:18:03,216 [INFO] NvicIntPanel:101 - NVIC parent = com.st.microxplorer.plugins.ip.nvic.MultiNvicIntPanel[,0,0,0x0,invalid,layout=javax.swing.BoxLayout,alignmentX=0.0,alignmentY=0.0,border=,flags=9,maximumSize=,minimumSize=,preferredSize=]
2025-10-15 11:18:04,788 [INFO] NvicIntPanel:101 - NVIC parent = com.st.microxplorer.plugins.ip.nvic.MultiNvicIntPanel[,0,0,0x0,invalid,layout=javax.swing.BoxLayout,alignmentX=0.0,alignmentY=0.0,border=,flags=9,maximumSize=,minimumSize=,preferredSize=]
2025-10-15 11:18:05,614 [WARN] IP:2250 - ClockDivider not found: check if there is a RefParameter without a condition.
2025-10-15 11:18:05,614 [WARN] IP:2250 - ClockDividerCCU not found: check if there is a RefParameter without a condition.
2025-10-15 11:18:05,614 [WARN] IP:2250 - MinOscClkPeriodsCCU not found: check if there is a RefParameter without a condition.
2025-10-15 11:18:05,615 [WARN] IP:2250 - TimeQuantaPerBitTimeCCU not found: check if there is a RefParameter without a condition.
2025-10-15 11:18:05,615 [WARN] IP:2250 - WatchdogStartValueCCU not found: check if there is a RefParameter without a condition.
2025-10-15 11:18:11,603 [WARN] IP:2250 - ClockDivider not found: check if there is a RefParameter without a condition.
2025-10-15 11:18:11,603 [WARN] IP:2250 - ClockDividerCCU not found: check if there is a RefParameter without a condition.
2025-10-15 11:18:11,604 [WARN] IP:2250 - MinOscClkPeriodsCCU not found: check if there is a RefParameter without a condition.
2025-10-15 11:18:11,604 [WARN] IP:2250 - TimeQuantaPerBitTimeCCU not found: check if there is a RefParameter without a condition.
2025-10-15 11:18:11,604 [WARN] IP:2250 - WatchdogStartValueCCU not found: check if there is a RefParameter without a condition.
2025-10-15 11:18:11,660 [INFO] NvicIntPanel:101 - NVIC parent = com.st.microxplorer.plugins.ip.nvic.MultiNvicIntPanel[,0,0,0x0,invalid,layout=javax.swing.BoxLayout,alignmentX=0.0,alignmentY=0.0,border=,flags=9,maximumSize=,minimumSize=,preferredSize=]
2025-10-15 11:18:11,793 [WARN] IP:2250 - ClockDivider not found: check if there is a RefParameter without a condition.
2025-10-15 11:18:11,793 [WARN] IP:2250 - ClockDividerCCU not found: check if there is a RefParameter without a condition.
2025-10-15 11:18:11,793 [WARN] IP:2250 - MinOscClkPeriodsCCU not found: check if there is a RefParameter without a condition.
2025-10-15 11:18:11,793 [WARN] IP:2250 - TimeQuantaPerBitTimeCCU not found: check if there is a RefParameter without a condition.
2025-10-15 11:18:11,793 [WARN] IP:2250 - WatchdogStartValueCCU not found: check if there is a RefParameter without a condition.
2025-10-15 11:18:11,819 [INFO] NvicIntPanel:101 - NVIC parent = com.st.microxplorer.plugins.ip.nvic.MultiNvicIntPanel[,0,0,0x0,invalid,layout=javax.swing.BoxLayout,alignmentX=0.0,alignmentY=0.0,border=,flags=9,maximumSize=,minimumSize=,preferredSize=]
2025-10-15 11:18:15,810 [WARN] IP:2250 - ClockDivider not found: check if there is a RefParameter without a condition.
2025-10-15 11:18:15,810 [WARN] IP:2250 - ClockDividerCCU not found: check if there is a RefParameter without a condition.
2025-10-15 11:18:15,810 [WARN] IP:2250 - MinOscClkPeriodsCCU not found: check if there is a RefParameter without a condition.
2025-10-15 11:18:15,810 [WARN] IP:2250 - TimeQuantaPerBitTimeCCU not found: check if there is a RefParameter without a condition.
2025-10-15 11:18:15,811 [WARN] IP:2250 - WatchdogStartValueCCU not found: check if there is a RefParameter without a condition.
2025-10-15 11:18:15,835 [INFO] NvicIntPanel:101 - NVIC parent = com.st.microxplorer.plugins.ip.nvic.MultiNvicIntPanel[,0,0,0x0,invalid,layout=javax.swing.BoxLayout,alignmentX=0.0,alignmentY=0.0,border=,flags=9,maximumSize=,minimumSize=,preferredSize=]
2025-10-15 11:18:15,896 [WARN] IP:2250 - ClockDivider not found: check if there is a RefParameter without a condition.
2025-10-15 11:18:15,896 [WARN] IP:2250 - ClockDividerCCU not found: check if there is a RefParameter without a condition.
2025-10-15 11:18:15,896 [WARN] IP:2250 - MinOscClkPeriodsCCU not found: check if there is a RefParameter without a condition.
2025-10-15 11:18:15,896 [WARN] IP:2250 - TimeQuantaPerBitTimeCCU not found: check if there is a RefParameter without a condition.
2025-10-15 11:18:15,896 [WARN] IP:2250 - WatchdogStartValueCCU not found: check if there is a RefParameter without a condition.
2025-10-15 11:18:15,923 [INFO] NvicIntPanel:101 - NVIC parent = com.st.microxplorer.plugins.ip.nvic.MultiNvicIntPanel[,0,0,0x0,invalid,layout=javax.swing.BoxLayout,alignmentX=0.0,alignmentY=0.0,border=,flags=9,maximumSize=,minimumSize=,preferredSize=]
2025-10-15 11:18:18,265 [WARN] IP:2250 - ClockDivider not found: check if there is a RefParameter without a condition.
2025-10-15 11:18:18,265 [WARN] IP:2250 - ClockDividerCCU not found: check if there is a RefParameter without a condition.
2025-10-15 11:18:18,265 [WARN] IP:2250 - MinOscClkPeriodsCCU not found: check if there is a RefParameter without a condition.
2025-10-15 11:18:18,265 [WARN] IP:2250 - TimeQuantaPerBitTimeCCU not found: check if there is a RefParameter without a condition.
2025-10-15 11:18:18,265 [WARN] IP:2250 - WatchdogStartValueCCU not found: check if there is a RefParameter without a condition.
2025-10-15 11:18:18,289 [INFO] NvicIntPanel:101 - NVIC parent = com.st.microxplorer.plugins.ip.nvic.MultiNvicIntPanel[,0,0,0x0,invalid,layout=javax.swing.BoxLayout,alignmentX=0.0,alignmentY=0.0,border=,flags=9,maximumSize=,minimumSize=,preferredSize=]
2025-10-15 11:18:18,361 [WARN] IP:2250 - ClockDivider not found: check if there is a RefParameter without a condition.
2025-10-15 11:18:18,361 [WARN] IP:2250 - ClockDividerCCU not found: check if there is a RefParameter without a condition.
2025-10-15 11:18:18,361 [WARN] IP:2250 - MinOscClkPeriodsCCU not found: check if there is a RefParameter without a condition.
2025-10-15 11:18:18,361 [WARN] IP:2250 - TimeQuantaPerBitTimeCCU not found: check if there is a RefParameter without a condition.
2025-10-15 11:18:18,362 [WARN] IP:2250 - WatchdogStartValueCCU not found: check if there is a RefParameter without a condition.
2025-10-15 11:18:18,387 [INFO] NvicIntPanel:101 - NVIC parent = com.st.microxplorer.plugins.ip.nvic.MultiNvicIntPanel[,0,0,0x0,invalid,layout=javax.swing.BoxLayout,alignmentX=0.0,alignmentY=0.0,border=,flags=9,maximumSize=,minimumSize=,preferredSize=]
2025-10-15 11:18:21,928 [WARN] IP:2250 - ClockDivider not found: check if there is a RefParameter without a condition.
2025-10-15 11:18:21,928 [WARN] IP:2250 - ClockDividerCCU not found: check if there is a RefParameter without a condition.
2025-10-15 11:18:21,928 [WARN] IP:2250 - MinOscClkPeriodsCCU not found: check if there is a RefParameter without a condition.
2025-10-15 11:18:21,928 [WARN] IP:2250 - TimeQuantaPerBitTimeCCU not found: check if there is a RefParameter without a condition.
2025-10-15 11:18:21,928 [WARN] IP:2250 - WatchdogStartValueCCU not found: check if there is a RefParameter without a condition.
2025-10-15 11:18:21,951 [INFO] NvicIntPanel:101 - NVIC parent = com.st.microxplorer.plugins.ip.nvic.MultiNvicIntPanel[,0,0,0x0,invalid,layout=javax.swing.BoxLayout,alignmentX=0.0,alignmentY=0.0,border=,flags=9,maximumSize=,minimumSize=,preferredSize=]
2025-10-15 11:18:22,006 [WARN] IP:2250 - ClockDivider not found: check if there is a RefParameter without a condition.
2025-10-15 11:18:22,006 [WARN] IP:2250 - ClockDividerCCU not found: check if there is a RefParameter without a condition.
2025-10-15 11:18:22,006 [WARN] IP:2250 - MinOscClkPeriodsCCU not found: check if there is a RefParameter without a condition.
2025-10-15 11:18:22,006 [WARN] IP:2250 - TimeQuantaPerBitTimeCCU not found: check if there is a RefParameter without a condition.
2025-10-15 11:18:22,006 [WARN] IP:2250 - WatchdogStartValueCCU not found: check if there is a RefParameter without a condition.
2025-10-15 11:18:22,026 [INFO] NvicIntPanel:101 - NVIC parent = com.st.microxplorer.plugins.ip.nvic.MultiNvicIntPanel[,0,0,0x0,invalid,layout=javax.swing.BoxLayout,alignmentX=0.0,alignmentY=0.0,border=,flags=9,maximumSize=,minimumSize=,preferredSize=]
2025-10-15 11:18:41,354 [ERROR] LogOutputStream:75 - [STDERR_REDIRECT] Exception in thread "AWT-EventQueue-0" java.lang.ClassCastException: class sun.awt.windows.WEmbeddedFrame cannot be cast to class javax.swing.JFrame (sun.awt.windows.WEmbeddedFrame and javax.swing.JFrame are in module java.desktop of loader 'bootstrap')
2025-10-15 11:18:41,355 [ERROR] LogOutputStream:75 - [STDERR_REDIRECT] 	at com.st.microxplorer.plugins.clock.ClockConfigurationView.activatePlugin(ClockConfigurationView.java:424)
2025-10-15 11:18:41,355 [ERROR] LogOutputStream:75 - [STDERR_REDIRECT] 	at com.st.microxplorer.maingui.MainPanel$1.stateChanged(MainPanel.java:385)
2025-10-15 11:18:41,356 [ERROR] LogOutputStream:75 - [STDERR_REDIRECT] 	at java.desktop/javax.swing.JTabbedPane.fireStateChanged(JTabbedPane.java:446)
2025-10-15 11:18:41,357 [ERROR] LogOutputStream:75 - [STDERR_REDIRECT] 	at java.desktop/javax.swing.JTabbedPane$ModelListener.stateChanged(JTabbedPane.java:297)
2025-10-15 11:18:41,358 [ERROR] LogOutputStream:75 - [STDERR_REDIRECT] 	at java.desktop/javax.swing.DefaultSingleSelectionModel.fireStateChanged(DefaultSingleSelectionModel.java:148)
2025-10-15 11:18:41,359 [ERROR] LogOutputStream:75 - [STDERR_REDIRECT] 	at java.desktop/javax.swing.DefaultSingleSelectionModel.setSelectedIndex(DefaultSingleSelectionModel.java:79)
2025-10-15 11:18:41,360 [ERROR] LogOutputStream:75 - [STDERR_REDIRECT] 	at java.desktop/javax.swing.JTabbedPane.setSelectedIndexImpl(JTabbedPane.java:650)
2025-10-15 11:18:41,360 [ERROR] LogOutputStream:75 - [STDERR_REDIRECT] 	at java.desktop/javax.swing.JTabbedPane.setSelectedIndex(JTabbedPane.java:625)
2025-10-15 11:18:41,362 [ERROR] LogOutputStream:75 - [STDERR_REDIRECT] 	at java.desktop/javax.swing.plaf.basic.BasicTabbedPaneUI$Handler.mousePressed(BasicTabbedPaneUI.java:4140)
2025-10-15 11:18:41,363 [ERROR] LogOutputStream:75 - [STDERR_REDIRECT] 	at java.desktop/java.awt.Component.processMouseEvent(Component.java:6618)
2025-10-15 11:18:41,364 [ERROR] LogOutputStream:75 - [STDERR_REDIRECT] 	at java.desktop/javax.swing.JComponent.processMouseEvent(JComponent.java:3398)
2025-10-15 11:18:41,365 [ERROR] LogOutputStream:75 - [STDERR_REDIRECT] 	at java.desktop/java.awt.Component.processEvent(Component.java:6386)
2025-10-15 11:18:41,365 [ERROR] LogOutputStream:75 - [STDERR_REDIRECT] 	at java.desktop/java.awt.Container.processEvent(Container.java:2266)
2025-10-15 11:18:41,366 [ERROR] LogOutputStream:75 - [STDERR_REDIRECT] 	at java.desktop/java.awt.Component.dispatchEventImpl(Component.java:4996)
2025-10-15 11:18:41,367 [ERROR] LogOutputStream:75 - [STDERR_REDIRECT] 	at java.desktop/java.awt.Container.dispatchEventImpl(Container.java:2324)
2025-10-15 11:18:41,367 [ERROR] LogOutputStream:75 - [STDERR_REDIRECT] 	at java.desktop/java.awt.Component.dispatchEvent(Component.java:4828)
2025-10-15 11:18:41,368 [ERROR] LogOutputStream:75 - [STDERR_REDIRECT] 	at java.desktop/java.awt.LightweightDispatcher.retargetMouseEvent(Container.java:4948)
2025-10-15 11:18:41,369 [ERROR] LogOutputStream:75 - [STDERR_REDIRECT] 	at java.desktop/java.awt.LightweightDispatcher.processMouseEvent(Container.java:4572)
2025-10-15 11:18:41,370 [ERROR] LogOutputStream:75 - [STDERR_REDIRECT] 	at java.desktop/java.awt.LightweightDispatcher.dispatchEvent(Container.java:4516)
2025-10-15 11:18:41,370 [ERROR] LogOutputStream:75 - [STDERR_REDIRECT] 	at java.desktop/java.awt.Container.dispatchEventImpl(Container.java:2310)
2025-10-15 11:18:41,371 [ERROR] LogOutputStream:75 - [STDERR_REDIRECT] 	at java.desktop/java.awt.Component.dispatchEvent(Component.java:4828)
2025-10-15 11:18:41,372 [ERROR] LogOutputStream:75 - [STDERR_REDIRECT] 	at java.desktop/java.awt.EventQueue.dispatchEventImpl(EventQueue.java:775)
2025-10-15 11:18:41,372 [ERROR] LogOutputStream:75 - [STDERR_REDIRECT] 	at java.desktop/java.awt.EventQueue$4.run(EventQueue.java:720)
2025-10-15 11:18:41,373 [ERROR] LogOutputStream:75 - [STDERR_REDIRECT] 	at java.desktop/java.awt.EventQueue$4.run(EventQueue.java:714)
2025-10-15 11:18:41,373 [ERROR] LogOutputStream:75 - [STDERR_REDIRECT] 	at java.base/java.security.AccessController.doPrivileged(AccessController.java:400)
2025-10-15 11:18:41,374 [ERROR] LogOutputStream:75 - [STDERR_REDIRECT] 	at java.base/java.security.ProtectionDomain$JavaSecurityAccessImpl.doIntersectionPrivilege(ProtectionDomain.java:87)
2025-10-15 11:18:41,375 [ERROR] LogOutputStream:75 - [STDERR_REDIRECT] 	at java.base/java.security.ProtectionDomain$JavaSecurityAccessImpl.doIntersectionPrivilege(ProtectionDomain.java:98)
2025-10-15 11:18:41,376 [ERROR] LogOutputStream:75 - [STDERR_REDIRECT] 	at java.desktop/java.awt.EventQueue$5.run(EventQueue.java:747)
2025-10-15 11:18:41,376 [ERROR] LogOutputStream:75 - [STDERR_REDIRECT] 	at java.desktop/java.awt.EventQueue$5.run(EventQueue.java:745)
2025-10-15 11:18:41,377 [ERROR] LogOutputStream:75 - [STDERR_REDIRECT] 	at java.base/java.security.AccessController.doPrivileged(AccessController.java:400)
2025-10-15 11:18:41,378 [ERROR] LogOutputStream:75 - [STDERR_REDIRECT] 	at java.base/java.security.ProtectionDomain$JavaSecurityAccessImpl.doIntersectionPrivilege(ProtectionDomain.java:87)
2025-10-15 11:18:41,379 [ERROR] LogOutputStream:75 - [STDERR_REDIRECT] 	at java.desktop/java.awt.EventQueue.dispatchEvent(EventQueue.java:744)
2025-10-15 11:18:41,380 [ERROR] LogOutputStream:75 - [STDERR_REDIRECT] 	at java.desktop/java.awt.EventDispatchThread.pumpOneEventForFilters(EventDispatchThread.java:203)
2025-10-15 11:18:41,381 [ERROR] LogOutputStream:75 - [STDERR_REDIRECT] 	at java.desktop/java.awt.EventDispatchThread.pumpEventsForFilter(EventDispatchThread.java:124)
2025-10-15 11:18:41,382 [ERROR] LogOutputStream:75 - [STDERR_REDIRECT] 	at java.desktop/java.awt.EventDispatchThread.pumpEventsForHierarchy(EventDispatchThread.java:113)
2025-10-15 11:18:41,382 [ERROR] LogOutputStream:75 - [STDERR_REDIRECT] 	at java.desktop/java.awt.EventDispatchThread.pumpEvents(EventDispatchThread.java:109)
2025-10-15 11:18:41,383 [ERROR] LogOutputStream:75 - [STDERR_REDIRECT] 	at java.desktop/java.awt.EventDispatchThread.pumpEvents(EventDispatchThread.java:101)
2025-10-15 11:18:41,384 [ERROR] LogOutputStream:75 - [STDERR_REDIRECT] 	at java.desktop/java.awt.EventDispatchThread.run(EventDispatchThread.java:90)
2025-10-15 11:18:56,551 [INFO] LogOutputStream:77 - [STDOUT_REDIRECT] Nominal 
2025-10-15 11:18:56,694 [WARN] IP:2250 - ClockDivider not found: check if there is a RefParameter without a condition.
2025-10-15 11:18:56,694 [WARN] IP:2250 - ClockDividerCCU not found: check if there is a RefParameter without a condition.
2025-10-15 11:18:56,695 [WARN] IP:2250 - MinOscClkPeriodsCCU not found: check if there is a RefParameter without a condition.
2025-10-15 11:18:56,695 [WARN] IP:2250 - TimeQuantaPerBitTimeCCU not found: check if there is a RefParameter without a condition.
2025-10-15 11:18:56,695 [WARN] IP:2250 - WatchdogStartValueCCU not found: check if there is a RefParameter without a condition.
2025-10-15 11:18:57,312 [WARN] IP:2250 - ClockDivider not found: check if there is a RefParameter without a condition.
2025-10-15 11:18:57,312 [WARN] IP:2250 - ClockDividerCCU not found: check if there is a RefParameter without a condition.
2025-10-15 11:18:57,312 [WARN] IP:2250 - MinOscClkPeriodsCCU not found: check if there is a RefParameter without a condition.
2025-10-15 11:18:57,312 [WARN] IP:2250 - TimeQuantaPerBitTimeCCU not found: check if there is a RefParameter without a condition.
2025-10-15 11:18:57,312 [WARN] IP:2250 - WatchdogStartValueCCU not found: check if there is a RefParameter without a condition.
2025-10-15 11:19:21,289 [INFO] LogOutputStream:77 - [STDOUT_REDIRECT] Nominal 
2025-10-15 11:19:21,417 [INFO] ParamManager:905 - [Generic UI] PropertyChangeEvent: TAB_STATUS_CHANGED , "dont care", "never mind"
2025-10-15 11:19:21,439 [WARN] IP:2250 - ClockDivider not found: check if there is a RefParameter without a condition.
2025-10-15 11:19:21,440 [WARN] IP:2250 - ClockDividerCCU not found: check if there is a RefParameter without a condition.
2025-10-15 11:19:21,440 [WARN] IP:2250 - MinOscClkPeriodsCCU not found: check if there is a RefParameter without a condition.
2025-10-15 11:19:21,440 [WARN] IP:2250 - TimeQuantaPerBitTimeCCU not found: check if there is a RefParameter without a condition.
2025-10-15 11:19:21,440 [WARN] IP:2250 - WatchdogStartValueCCU not found: check if there is a RefParameter without a condition.
2025-10-15 11:19:21,996 [WARN] IP:2250 - ClockDivider not found: check if there is a RefParameter without a condition.
2025-10-15 11:19:21,997 [WARN] IP:2250 - ClockDividerCCU not found: check if there is a RefParameter without a condition.
2025-10-15 11:19:21,997 [WARN] IP:2250 - MinOscClkPeriodsCCU not found: check if there is a RefParameter without a condition.
2025-10-15 11:19:21,997 [WARN] IP:2250 - TimeQuantaPerBitTimeCCU not found: check if there is a RefParameter without a condition.
2025-10-15 11:19:21,997 [WARN] IP:2250 - WatchdogStartValueCCU not found: check if there is a RefParameter without a condition.
2025-10-15 11:19:24,558 [INFO] LogOutputStream:77 - [STDOUT_REDIRECT] Nominal 
2025-10-15 11:19:29,652 [WARN] IP:2250 - ClockDivider not found: check if there is a RefParameter without a condition.
2025-10-15 11:19:29,652 [WARN] IP:2250 - ClockDividerCCU not found: check if there is a RefParameter without a condition.
2025-10-15 11:19:29,652 [WARN] IP:2250 - MinOscClkPeriodsCCU not found: check if there is a RefParameter without a condition.
2025-10-15 11:19:29,652 [WARN] IP:2250 - TimeQuantaPerBitTimeCCU not found: check if there is a RefParameter without a condition.
2025-10-15 11:19:29,652 [WARN] IP:2250 - WatchdogStartValueCCU not found: check if there is a RefParameter without a condition.
2025-10-15 11:19:29,706 [INFO] NvicIntPanel:101 - NVIC parent = com.st.microxplorer.plugins.ip.nvic.MultiNvicIntPanel[,0,0,0x0,invalid,layout=javax.swing.BoxLayout,alignmentX=0.0,alignmentY=0.0,border=,flags=9,maximumSize=,minimumSize=,preferredSize=]
2025-10-15 11:19:29,855 [WARN] IP:2250 - ClockDivider not found: check if there is a RefParameter without a condition.
2025-10-15 11:19:29,856 [WARN] IP:2250 - ClockDividerCCU not found: check if there is a RefParameter without a condition.
2025-10-15 11:19:29,856 [WARN] IP:2250 - MinOscClkPeriodsCCU not found: check if there is a RefParameter without a condition.
2025-10-15 11:19:29,856 [WARN] IP:2250 - TimeQuantaPerBitTimeCCU not found: check if there is a RefParameter without a condition.
2025-10-15 11:19:29,856 [WARN] IP:2250 - WatchdogStartValueCCU not found: check if there is a RefParameter without a condition.
2025-10-15 11:19:29,902 [INFO] NvicIntPanel:101 - NVIC parent = com.st.microxplorer.plugins.ip.nvic.MultiNvicIntPanel[,0,0,0x0,invalid,layout=javax.swing.BoxLayout,alignmentX=0.0,alignmentY=0.0,border=,flags=9,maximumSize=,minimumSize=,preferredSize=]
2025-10-15 11:19:39,716 [INFO] ParamManager:905 - [Generic UI] PropertyChangeEvent: TAB_STATUS_CHANGED , "dont care", "never mind"
2025-10-15 11:19:40,476 [INFO] UtilMem:75 - End SaveConfig() Used Memory: 970277736 Bytes (1073741824)
2025-10-15 11:19:40,648 [INFO] UtilMem:75 - End SaveConfig() Used Memory: 1002261352 Bytes (1073741824)
2025-10-15 11:19:41,546 [INFO] UtilMem:75 - End SaveConfig() Used Memory: 600548192 Bytes (1073741824)
2025-10-15 11:19:42,069 [INFO] BlockDiagram:2775 - set Specific Code input for plugin: RCC
2025-10-15 11:19:42,069 [INFO] BlockDiagram:2775 - set Specific Code input for plugin: FDCAN
2025-10-15 11:19:42,069 [INFO] BlockDiagram:2775 - set Specific Code input for plugin: MEMORYMAP
2025-10-15 11:19:42,069 [INFO] BlockDiagram:2775 - set Specific Code input for plugin: SYS
2025-10-15 11:19:42,069 [INFO] BlockDiagram:2775 - set Specific Code input for plugin: NVIC2
2025-10-15 11:19:42,069 [INFO] BlockDiagram:2775 - set Specific Code input for plugin: GPIO
2025-10-15 11:19:42,069 [INFO] BlockDiagram:2775 - set Specific Code input for plugin: SYS_M4
2025-10-15 11:19:42,069 [INFO] BlockDiagram:2775 - set Specific Code input for plugin: NVIC1
2025-10-15 11:19:42,070 [INFO] CodeGenerator:892 - code generatio: config db path: C:\ST\STM32CubeIDE_1.16.1\STM32CubeIDE\plugins\com.st.stm32cube.common.mx_6.15.0.202507011659\\db\
2025-10-15 11:19:42,072 [WARN] IP:2250 - ClockDivider not found: check if there is a RefParameter without a condition.
2025-10-15 11:19:42,072 [WARN] IP:2250 - ClockDividerCCU not found: check if there is a RefParameter without a condition.
2025-10-15 11:19:42,072 [WARN] IP:2250 - MinOscClkPeriodsCCU not found: check if there is a RefParameter without a condition.
2025-10-15 11:19:42,072 [WARN] IP:2250 - TimeQuantaPerBitTimeCCU not found: check if there is a RefParameter without a condition.
2025-10-15 11:19:42,072 [WARN] IP:2250 - WatchdogStartValueCCU not found: check if there is a RefParameter without a condition.
2025-10-15 11:19:42,100 [INFO] CodeGenerator:1619 - *******************Project context M7 selected
2025-10-15 11:19:42,233 [INFO] CodeEngine:265 - oldGeneratedFile, E:\AGH\AiR\Praca_inzynierska\bldc_foc\Projects\H7_v2\MXTmpFiles\license.tmp_save
2025-10-15 11:19:42,384 [INFO] CodeEngine:289 - Generated code: E:\AGH\AiR\Praca_inzynierska\bldc_foc\Projects\H7_v2\MXTmpFiles\license.tmp
2025-10-15 11:19:42,407 [INFO] CodeEngine:265 - oldGeneratedFile, E:\AGH\AiR\Praca_inzynierska\bldc_foc\Projects\H7_v2\CM7\MXTmpFiles\gpio.tmp_save
2025-10-15 11:19:42,501 [INFO] CodeEngine:289 - Generated code: E:\AGH\AiR\Praca_inzynierska\bldc_foc\Projects\H7_v2\CM7\MXTmpFiles\gpio.tmp
2025-10-15 11:19:42,577 [WARN] IPConfigManager:103 - WARNING: Missing Config File for MEMORYMAP ip!!
2025-10-15 11:19:42,600 [WARN] IPConfigManager:103 - WARNING: Missing Config File for NVIC1 ip!!
2025-10-15 11:19:42,631 [INFO] CodeEngine:265 - oldGeneratedFile, E:\AGH\AiR\Praca_inzynierska\bldc_foc\Projects\H7_v2\CM7\MXTmpFiles\cortex.tmp_save
2025-10-15 11:19:42,704 [INFO] CodeEngine:289 - Generated code: E:\AGH\AiR\Praca_inzynierska\bldc_foc\Projects\H7_v2\CM7\MXTmpFiles\cortex.tmp
2025-10-15 11:19:42,717 [INFO] CodeEngine:265 - oldGeneratedFile, E:\AGH\AiR\Praca_inzynierska\bldc_foc\Projects\H7_v2\CM7\Core\Src\stm32h7xx_it.c_save
2025-10-15 11:19:42,880 [INFO] CodeEngine:289 - Generated code: E:\AGH\AiR\Praca_inzynierska\bldc_foc\Projects\H7_v2\CM7\Core\Src\stm32h7xx_it.c
2025-10-15 11:19:42,884 [INFO] CodeEngine:265 - oldGeneratedFile, E:\AGH\AiR\Praca_inzynierska\bldc_foc\Projects\H7_v2\CM7\Core\Inc\stm32h7xx_it.h_save
2025-10-15 11:19:42,949 [INFO] CodeEngine:289 - Generated code: E:\AGH\AiR\Praca_inzynierska\bldc_foc\Projects\H7_v2\CM7\Core\Inc\stm32h7xx_it.h
2025-10-15 11:19:42,994 [INFO] CodeEngine:265 - oldGeneratedFile, E:\AGH\AiR\Praca_inzynierska\bldc_foc\Projects\H7_v2\CM7\Core\Src\stm32h7xx_hal_msp.c_save
2025-10-15 11:19:43,101 [INFO] CodeEngine:289 - Generated code: E:\AGH\AiR\Praca_inzynierska\bldc_foc\Projects\H7_v2\CM7\Core\Src\stm32h7xx_hal_msp.c
2025-10-15 11:19:43,104 [INFO] CodeEngine:265 - oldGeneratedFile, E:\AGH\AiR\Praca_inzynierska\bldc_foc\Projects\H7_v2\CM7\MXTmpFiles\system.tmp_save
2025-10-15 11:19:43,160 [INFO] CodeEngine:289 - Generated code: E:\AGH\AiR\Praca_inzynierska\bldc_foc\Projects\H7_v2\CM7\MXTmpFiles\system.tmp
2025-10-15 11:19:43,167 [INFO] CodeEngine:321 - oldGeneratedFile, E:\AGH\AiR\Praca_inzynierska\bldc_foc\Projects\H7_v2\CM7\Core\Inc\stm32h7xx_hal_conf.h_save
2025-10-15 11:19:43,220 [INFO] CodeEngine:345 - Generated code: E:\AGH\AiR\Praca_inzynierska\bldc_foc\Projects\H7_v2\CM7\Core\Inc\stm32h7xx_hal_conf.h
2025-10-15 11:19:43,245 [INFO] ApiDbMcu:532 - Load IP Config File for FDCAN1
2025-10-15 11:19:43,247 [WARN] IPConfigManager:3811 - IP not found : NVIC
2025-10-15 11:19:43,247 [WARN] CodeGenerator:4259 - IP not found : null
2025-10-15 11:19:43,252 [INFO] CodeEngine:265 - oldGeneratedFile, E:\AGH\AiR\Praca_inzynierska\bldc_foc\Projects\H7_v2\CM7\Core\Inc\main.h_save
2025-10-15 11:19:43,322 [INFO] CodeEngine:289 - Generated code: E:\AGH\AiR\Praca_inzynierska\bldc_foc\Projects\H7_v2\CM7\Core\Inc\main.h
2025-10-15 11:19:43,326 [INFO] CodeEngine:265 - oldGeneratedFile, E:\AGH\AiR\Praca_inzynierska\bldc_foc\Projects\H7_v2\CM7\Core\Src\main.c_save
2025-10-15 11:19:43,410 [INFO] CodeEngine:289 - Generated code: E:\AGH\AiR\Praca_inzynierska\bldc_foc\Projects\H7_v2\CM7\Core\Src\main.c
2025-10-15 11:19:43,463 [INFO] CodeGenerator:1619 - *******************Project context M4 selected
2025-10-15 11:19:43,516 [INFO] CodeEngine:265 - oldGeneratedFile, E:\AGH\AiR\Praca_inzynierska\bldc_foc\Projects\H7_v2\MXTmpFiles\license.tmp_save
2025-10-15 11:19:43,581 [INFO] CodeEngine:289 - Generated code: E:\AGH\AiR\Praca_inzynierska\bldc_foc\Projects\H7_v2\MXTmpFiles\license.tmp
2025-10-15 11:19:43,604 [INFO] CodeEngine:265 - oldGeneratedFile, E:\AGH\AiR\Praca_inzynierska\bldc_foc\Projects\H7_v2\CM4\MXTmpFiles\gpio.tmp_save
2025-10-15 11:19:43,649 [INFO] CodeEngine:289 - Generated code: E:\AGH\AiR\Praca_inzynierska\bldc_foc\Projects\H7_v2\CM4\MXTmpFiles\gpio.tmp
2025-10-15 11:19:43,667 [WARN] IPConfigManager:103 - WARNING: Missing Config File for NVIC2 ip!!
2025-10-15 11:19:43,698 [INFO] CodeEngine:265 - oldGeneratedFile, E:\AGH\AiR\Praca_inzynierska\bldc_foc\Projects\H7_v2\CM4\MXTmpFiles\cortex.tmp_save
2025-10-15 11:19:43,737 [INFO] CodeEngine:289 - Generated code: E:\AGH\AiR\Praca_inzynierska\bldc_foc\Projects\H7_v2\CM4\MXTmpFiles\cortex.tmp
2025-10-15 11:19:43,747 [INFO] CodeEngine:265 - oldGeneratedFile, E:\AGH\AiR\Praca_inzynierska\bldc_foc\Projects\H7_v2\CM4\Core\Src\stm32h7xx_it.c_save
2025-10-15 11:19:43,791 [INFO] CodeEngine:289 - Generated code: E:\AGH\AiR\Praca_inzynierska\bldc_foc\Projects\H7_v2\CM4\Core\Src\stm32h7xx_it.c
2025-10-15 11:19:43,794 [INFO] CodeEngine:265 - oldGeneratedFile, E:\AGH\AiR\Praca_inzynierska\bldc_foc\Projects\H7_v2\CM4\Core\Inc\stm32h7xx_it.h_save
2025-10-15 11:19:43,834 [INFO] CodeEngine:289 - Generated code: E:\AGH\AiR\Praca_inzynierska\bldc_foc\Projects\H7_v2\CM4\Core\Inc\stm32h7xx_it.h
2025-10-15 11:19:43,885 [INFO] CodeEngine:265 - oldGeneratedFile, E:\AGH\AiR\Praca_inzynierska\bldc_foc\Projects\H7_v2\CM4\Core\Src\stm32h7xx_hal_msp.c_save
2025-10-15 11:19:43,944 [INFO] CodeEngine:289 - Generated code: E:\AGH\AiR\Praca_inzynierska\bldc_foc\Projects\H7_v2\CM4\Core\Src\stm32h7xx_hal_msp.c
2025-10-15 11:19:43,947 [INFO] CodeEngine:265 - oldGeneratedFile, E:\AGH\AiR\Praca_inzynierska\bldc_foc\Projects\H7_v2\CM4\MXTmpFiles\system.tmp_save
2025-10-15 11:19:43,984 [INFO] CodeEngine:289 - Generated code: E:\AGH\AiR\Praca_inzynierska\bldc_foc\Projects\H7_v2\CM4\MXTmpFiles\system.tmp
2025-10-15 11:19:43,991 [INFO] CodeEngine:321 - oldGeneratedFile, E:\AGH\AiR\Praca_inzynierska\bldc_foc\Projects\H7_v2\CM4\Core\Inc\stm32h7xx_hal_conf.h_save
2025-10-15 11:19:44,034 [INFO] CodeEngine:345 - Generated code: E:\AGH\AiR\Praca_inzynierska\bldc_foc\Projects\H7_v2\CM4\Core\Inc\stm32h7xx_hal_conf.h
2025-10-15 11:19:44,042 [WARN] IPConfigManager:3811 - IP not found : NVIC
2025-10-15 11:19:44,043 [WARN] CodeGenerator:4259 - IP not found : null
2025-10-15 11:19:44,047 [INFO] CodeEngine:265 - oldGeneratedFile, E:\AGH\AiR\Praca_inzynierska\bldc_foc\Projects\H7_v2\CM4\Core\Inc\main.h_save
2025-10-15 11:19:44,089 [INFO] CodeEngine:289 - Generated code: E:\AGH\AiR\Praca_inzynierska\bldc_foc\Projects\H7_v2\CM4\Core\Inc\main.h
2025-10-15 11:19:44,092 [INFO] CodeEngine:265 - oldGeneratedFile, E:\AGH\AiR\Praca_inzynierska\bldc_foc\Projects\H7_v2\CM4\Core\Src\main.c_save
2025-10-15 11:19:44,146 [INFO] CodeEngine:289 - Generated code: E:\AGH\AiR\Praca_inzynierska\bldc_foc\Projects\H7_v2\CM4\Core\Src\main.c
2025-10-15 11:19:44,386 [INFO] ProjectBuilder:3606 - Time for Copy HAL[1] : 91mS.
2025-10-15 11:19:44,393 [INFO] ProjectBuilder:5216 - Project Generator version: 4.7.0-B52
2025-10-15 11:19:44,456 [INFO] ConfigFileManager:1595 - The Die is : DIE450
2025-10-15 11:19:47,639 [INFO] ProjectBuilder:5496 - Time for Generating toolchain IDE Files: 3246mS.
2025-10-15 11:19:47,639 [INFO] ProjectBuilder:3463 - Time for Copy CMSIS : 0mS.
2025-10-15 11:19:47,640 [INFO] ProjectBuilder:3463 - Time for Copy CMSIS : 0mS.
2025-10-15 11:20:00,771 [INFO] NvicIntPanel:101 - NVIC parent = com.st.microxplorer.plugins.ip.nvic.MultiNvicIntPanel[,0,0,549x413,layout=javax.swing.BoxLayout,alignmentX=0.0,alignmentY=0.0,border=,flags=9,maximumSize=,minimumSize=,preferredSize=]
2025-10-15 11:20:01,776 [INFO] NvicIntPanel:101 - NVIC parent = com.st.microxplorer.plugins.ip.nvic.MultiNvicIntPanel[,0,0,0x0,invalid,layout=javax.swing.BoxLayout,alignmentX=0.0,alignmentY=0.0,border=,flags=9,maximumSize=,minimumSize=,preferredSize=]
2025-10-15 11:20:02,841 [WARN] IP:2250 - ClockDivider not found: check if there is a RefParameter without a condition.
2025-10-15 11:20:02,841 [WARN] IP:2250 - ClockDividerCCU not found: check if there is a RefParameter without a condition.
2025-10-15 11:20:02,841 [WARN] IP:2250 - MinOscClkPeriodsCCU not found: check if there is a RefParameter without a condition.
2025-10-15 11:20:02,841 [WARN] IP:2250 - TimeQuantaPerBitTimeCCU not found: check if there is a RefParameter without a condition.
2025-10-15 11:20:02,841 [WARN] IP:2250 - WatchdogStartValueCCU not found: check if there is a RefParameter without a condition.
2025-10-15 11:20:03,768 [INFO] NvicIntPanel:101 - NVIC parent = com.st.microxplorer.plugins.ip.nvic.MultiNvicIntPanel[,0,0,549x432,layout=javax.swing.BoxLayout,alignmentX=0.0,alignmentY=0.0,border=,flags=9,maximumSize=,minimumSize=,preferredSize=]
2025-10-15 11:20:09,927 [INFO] UtilMem:75 - End SaveConfig() Used Memory: 674324904 Bytes (1073741824)
2025-10-15 11:20:09,999 [INFO] UtilMem:75 - End SaveConfig() Used Memory: 693199272 Bytes (1073741824)
2025-10-15 11:20:10,577 [INFO] UtilMem:75 - End SaveConfig() Used Memory: 738288040 Bytes (1073741824)
2025-10-15 11:20:10,697 [INFO] BlockDiagram:2775 - set Specific Code input for plugin: RCC
2025-10-15 11:20:10,697 [INFO] BlockDiagram:2775 - set Specific Code input for plugin: USART
2025-10-15 11:20:10,697 [INFO] BlockDiagram:2775 - set Specific Code input for plugin: FDCAN
2025-10-15 11:20:10,697 [INFO] BlockDiagram:2775 - set Specific Code input for plugin: MEMORYMAP
2025-10-15 11:20:10,697 [INFO] BlockDiagram:2775 - set Specific Code input for plugin: SYS
2025-10-15 11:20:10,697 [INFO] BlockDiagram:2775 - set Specific Code input for plugin: NVIC2
2025-10-15 11:20:10,698 [INFO] BlockDiagram:2775 - set Specific Code input for plugin: GPIO
2025-10-15 11:20:10,698 [INFO] BlockDiagram:2775 - set Specific Code input for plugin: SYS_M4
2025-10-15 11:20:10,698 [INFO] BlockDiagram:2775 - set Specific Code input for plugin: NVIC1
2025-10-15 11:20:10,699 [INFO] CodeGenerator:892 - code generatio: config db path: C:\ST\STM32CubeIDE_1.16.1\STM32CubeIDE\plugins\com.st.stm32cube.common.mx_6.15.0.202507011659\\db\
2025-10-15 11:20:10,702 [WARN] IP:2250 - ClockDivider not found: check if there is a RefParameter without a condition.
2025-10-15 11:20:10,702 [WARN] IP:2250 - ClockDividerCCU not found: check if there is a RefParameter without a condition.
2025-10-15 11:20:10,702 [WARN] IP:2250 - MinOscClkPeriodsCCU not found: check if there is a RefParameter without a condition.
2025-10-15 11:20:10,702 [WARN] IP:2250 - TimeQuantaPerBitTimeCCU not found: check if there is a RefParameter without a condition.
2025-10-15 11:20:10,702 [WARN] IP:2250 - WatchdogStartValueCCU not found: check if there is a RefParameter without a condition.
2025-10-15 11:20:10,736 [INFO] CodeGenerator:1619 - *******************Project context M7 selected
2025-10-15 11:20:10,785 [INFO] CodeEngine:265 - oldGeneratedFile, E:\AGH\AiR\Praca_inzynierska\bldc_foc\Projects\H7_v2\MXTmpFiles\license.tmp_save
2025-10-15 11:20:10,839 [INFO] CodeEngine:289 - Generated code: E:\AGH\AiR\Praca_inzynierska\bldc_foc\Projects\H7_v2\MXTmpFiles\license.tmp
2025-10-15 11:20:10,857 [INFO] CodeEngine:265 - oldGeneratedFile, E:\AGH\AiR\Praca_inzynierska\bldc_foc\Projects\H7_v2\CM7\MXTmpFiles\gpio.tmp_save
2025-10-15 11:20:10,900 [INFO] CodeEngine:289 - Generated code: E:\AGH\AiR\Praca_inzynierska\bldc_foc\Projects\H7_v2\CM7\MXTmpFiles\gpio.tmp
2025-10-15 11:20:10,934 [WARN] IPConfigManager:103 - WARNING: Missing Config File for MEMORYMAP ip!!
2025-10-15 11:20:10,950 [WARN] IPConfigManager:103 - WARNING: Missing Config File for NVIC1 ip!!
2025-10-15 11:20:11,014 [INFO] CodeEngine:265 - oldGeneratedFile, E:\AGH\AiR\Praca_inzynierska\bldc_foc\Projects\H7_v2\CM7\MXTmpFiles\cortex.tmp_save
2025-10-15 11:20:11,050 [INFO] CodeEngine:289 - Generated code: E:\AGH\AiR\Praca_inzynierska\bldc_foc\Projects\H7_v2\CM7\MXTmpFiles\cortex.tmp
2025-10-15 11:20:11,065 [INFO] CodeEngine:265 - oldGeneratedFile, E:\AGH\AiR\Praca_inzynierska\bldc_foc\Projects\H7_v2\CM7\Core\Src\stm32h7xx_it.c_save
2025-10-15 11:20:11,116 [INFO] CodeEngine:289 - Generated code: E:\AGH\AiR\Praca_inzynierska\bldc_foc\Projects\H7_v2\CM7\Core\Src\stm32h7xx_it.c
2025-10-15 11:20:11,120 [INFO] CodeEngine:265 - oldGeneratedFile, E:\AGH\AiR\Praca_inzynierska\bldc_foc\Projects\H7_v2\CM7\Core\Inc\stm32h7xx_it.h_save
2025-10-15 11:20:11,159 [INFO] CodeEngine:289 - Generated code: E:\AGH\AiR\Praca_inzynierska\bldc_foc\Projects\H7_v2\CM7\Core\Inc\stm32h7xx_it.h
2025-10-15 11:20:11,198 [INFO] CodeEngine:265 - oldGeneratedFile, E:\AGH\AiR\Praca_inzynierska\bldc_foc\Projects\H7_v2\CM7\Core\Src\stm32h7xx_hal_msp.c_save
2025-10-15 11:20:11,258 [INFO] CodeEngine:289 - Generated code: E:\AGH\AiR\Praca_inzynierska\bldc_foc\Projects\H7_v2\CM7\Core\Src\stm32h7xx_hal_msp.c
2025-10-15 11:20:11,260 [INFO] CodeEngine:265 - oldGeneratedFile, E:\AGH\AiR\Praca_inzynierska\bldc_foc\Projects\H7_v2\CM7\MXTmpFiles\system.tmp_save
2025-10-15 11:20:11,298 [INFO] CodeEngine:289 - Generated code: E:\AGH\AiR\Praca_inzynierska\bldc_foc\Projects\H7_v2\CM7\MXTmpFiles\system.tmp
2025-10-15 11:20:11,304 [INFO] CodeEngine:321 - oldGeneratedFile, E:\AGH\AiR\Praca_inzynierska\bldc_foc\Projects\H7_v2\CM7\Core\Inc\stm32h7xx_hal_conf.h_save
2025-10-15 11:20:11,345 [INFO] CodeEngine:345 - Generated code: E:\AGH\AiR\Praca_inzynierska\bldc_foc\Projects\H7_v2\CM7\Core\Inc\stm32h7xx_hal_conf.h
2025-10-15 11:20:11,367 [INFO] ApiDbMcu:532 - Load IP Config File for USART3
2025-10-15 11:20:11,368 [WARN] IPConfigManager:3811 - IP not found : NVIC
2025-10-15 11:20:11,368 [WARN] CodeGenerator:4259 - IP not found : null
2025-10-15 11:20:11,373 [INFO] CodeEngine:265 - oldGeneratedFile, E:\AGH\AiR\Praca_inzynierska\bldc_foc\Projects\H7_v2\CM7\Core\Inc\main.h_save
2025-10-15 11:20:11,413 [INFO] CodeEngine:289 - Generated code: E:\AGH\AiR\Praca_inzynierska\bldc_foc\Projects\H7_v2\CM7\Core\Inc\main.h
2025-10-15 11:20:11,416 [INFO] CodeEngine:265 - oldGeneratedFile, E:\AGH\AiR\Praca_inzynierska\bldc_foc\Projects\H7_v2\CM7\Core\Src\main.c_save
2025-10-15 11:20:11,482 [INFO] CodeEngine:289 - Generated code: E:\AGH\AiR\Praca_inzynierska\bldc_foc\Projects\H7_v2\CM7\Core\Src\main.c
2025-10-15 11:20:11,540 [INFO] CodeGenerator:1619 - *******************Project context M4 selected
2025-10-15 11:20:11,583 [INFO] CodeEngine:265 - oldGeneratedFile, E:\AGH\AiR\Praca_inzynierska\bldc_foc\Projects\H7_v2\MXTmpFiles\license.tmp_save
2025-10-15 11:20:11,623 [INFO] CodeEngine:289 - Generated code: E:\AGH\AiR\Praca_inzynierska\bldc_foc\Projects\H7_v2\MXTmpFiles\license.tmp
2025-10-15 11:20:11,656 [INFO] CodeEngine:265 - oldGeneratedFile, E:\AGH\AiR\Praca_inzynierska\bldc_foc\Projects\H7_v2\CM4\MXTmpFiles\gpio.tmp_save
2025-10-15 11:20:11,699 [INFO] CodeEngine:289 - Generated code: E:\AGH\AiR\Praca_inzynierska\bldc_foc\Projects\H7_v2\CM4\MXTmpFiles\gpio.tmp
2025-10-15 11:20:11,713 [WARN] IPConfigManager:103 - WARNING: Missing Config File for NVIC2 ip!!
2025-10-15 11:20:11,757 [INFO] CodeEngine:265 - oldGeneratedFile, E:\AGH\AiR\Praca_inzynierska\bldc_foc\Projects\H7_v2\CM4\MXTmpFiles\cortex.tmp_save
2025-10-15 11:20:11,795 [INFO] CodeEngine:289 - Generated code: E:\AGH\AiR\Praca_inzynierska\bldc_foc\Projects\H7_v2\CM4\MXTmpFiles\cortex.tmp
2025-10-15 11:20:11,806 [INFO] CodeEngine:265 - oldGeneratedFile, E:\AGH\AiR\Praca_inzynierska\bldc_foc\Projects\H7_v2\CM4\Core\Src\stm32h7xx_it.c_save
2025-10-15 11:20:11,846 [INFO] CodeEngine:289 - Generated code: E:\AGH\AiR\Praca_inzynierska\bldc_foc\Projects\H7_v2\CM4\Core\Src\stm32h7xx_it.c
2025-10-15 11:20:11,849 [INFO] CodeEngine:265 - oldGeneratedFile, E:\AGH\AiR\Praca_inzynierska\bldc_foc\Projects\H7_v2\CM4\Core\Inc\stm32h7xx_it.h_save
2025-10-15 11:20:11,888 [INFO] CodeEngine:289 - Generated code: E:\AGH\AiR\Praca_inzynierska\bldc_foc\Projects\H7_v2\CM4\Core\Inc\stm32h7xx_it.h
2025-10-15 11:20:11,935 [INFO] CodeEngine:265 - oldGeneratedFile, E:\AGH\AiR\Praca_inzynierska\bldc_foc\Projects\H7_v2\CM4\Core\Src\stm32h7xx_hal_msp.c_save
2025-10-15 11:20:11,992 [INFO] CodeEngine:289 - Generated code: E:\AGH\AiR\Praca_inzynierska\bldc_foc\Projects\H7_v2\CM4\Core\Src\stm32h7xx_hal_msp.c
2025-10-15 11:20:11,994 [INFO] CodeEngine:265 - oldGeneratedFile, E:\AGH\AiR\Praca_inzynierska\bldc_foc\Projects\H7_v2\CM4\MXTmpFiles\system.tmp_save
2025-10-15 11:20:12,030 [INFO] CodeEngine:289 - Generated code: E:\AGH\AiR\Praca_inzynierska\bldc_foc\Projects\H7_v2\CM4\MXTmpFiles\system.tmp
2025-10-15 11:20:12,038 [INFO] CodeEngine:321 - oldGeneratedFile, E:\AGH\AiR\Praca_inzynierska\bldc_foc\Projects\H7_v2\CM4\Core\Inc\stm32h7xx_hal_conf.h_save
2025-10-15 11:20:12,078 [INFO] CodeEngine:345 - Generated code: E:\AGH\AiR\Praca_inzynierska\bldc_foc\Projects\H7_v2\CM4\Core\Inc\stm32h7xx_hal_conf.h
2025-10-15 11:20:12,085 [WARN] IPConfigManager:3811 - IP not found : NVIC
2025-10-15 11:20:12,085 [WARN] CodeGenerator:4259 - IP not found : null
2025-10-15 11:20:12,089 [INFO] CodeEngine:265 - oldGeneratedFile, E:\AGH\AiR\Praca_inzynierska\bldc_foc\Projects\H7_v2\CM4\Core\Inc\main.h_save
2025-10-15 11:20:12,128 [INFO] CodeEngine:289 - Generated code: E:\AGH\AiR\Praca_inzynierska\bldc_foc\Projects\H7_v2\CM4\Core\Inc\main.h
2025-10-15 11:20:12,132 [INFO] CodeEngine:265 - oldGeneratedFile, E:\AGH\AiR\Praca_inzynierska\bldc_foc\Projects\H7_v2\CM4\Core\Src\main.c_save
2025-10-15 11:20:12,188 [INFO] CodeEngine:289 - Generated code: E:\AGH\AiR\Praca_inzynierska\bldc_foc\Projects\H7_v2\CM4\Core\Src\main.c
2025-10-15 11:20:12,407 [INFO] ProjectBuilder:3606 - Time for Copy HAL[1] : 88mS.
2025-10-15 11:20:12,412 [INFO] ProjectBuilder:5216 - Project Generator version: 4.7.0-B52
2025-10-15 11:20:12,461 [INFO] ConfigFileManager:1595 - The Die is : DIE450
2025-10-15 11:20:14,913 [INFO] ProjectBuilder:5496 - Time for Generating toolchain IDE Files: 2501mS.
2025-10-15 11:20:14,914 [INFO] ProjectBuilder:3463 - Time for Copy CMSIS : 0mS.
2025-10-15 11:20:14,914 [INFO] ProjectBuilder:3463 - Time for Copy CMSIS : 0mS.
2025-10-15 11:31:38,583 [INFO] LogOutputStream:77 - [STDOUT_REDIRECT] Nominal 
2025-10-15 11:31:39,006 [WARN] IP:2250 - ClockDivider not found: check if there is a RefParameter without a condition.
2025-10-15 11:31:39,006 [WARN] IP:2250 - ClockDividerCCU not found: check if there is a RefParameter without a condition.
2025-10-15 11:31:39,006 [WARN] IP:2250 - MinOscClkPeriodsCCU not found: check if there is a RefParameter without a condition.
2025-10-15 11:31:39,007 [WARN] IP:2250 - TimeQuantaPerBitTimeCCU not found: check if there is a RefParameter without a condition.
2025-10-15 11:31:39,007 [WARN] IP:2250 - WatchdogStartValueCCU not found: check if there is a RefParameter without a condition.
2025-10-15 11:31:39,541 [INFO] NvicIntPanel:101 - NVIC parent = com.st.microxplorer.plugins.ip.nvic.MultiNvicIntPanel[,0,0,0x0,invalid,layout=javax.swing.BoxLayout,alignmentX=0.0,alignmentY=0.0,border=,flags=9,maximumSize=,minimumSize=,preferredSize=]
2025-10-15 11:41:16,529 [INFO] MainUpdater:2872 - connection check result : 10
2025-10-15 11:41:16,529 [INFO] MainUpdater:2872 - connection check result : 10
2025-10-15 11:41:16,558 [INFO] LogOutputStream:77 - [STDOUT_REDIRECT] Nominal 
2025-10-15 11:41:16,577 [INFO] MicroXplorer:468 - Change Database Path : 
2025-10-15 11:41:16,577 [INFO] MicroXplorer:498 - Change Database Version : DB.6.0.150
2025-10-15 11:41:16,634 [ERROR] ProjectManagerView:395 - 
java.lang.NullPointerException: Cannot invoke "javax.swing.JTextField.getText()" because the return value of "java.util.List.get(int)" is null
	at com.st.microxplorer.plugins.projectmanager.gui.ProjectChoiceTab$9.caretUpdate(ProjectChoiceTab.java:2706) ~[filemanager.jar:?]
	at javax.swing.text.JTextComponent.fireCaretUpdate(JTextComponent.java:408) ~[?:?]
	at javax.swing.text.JTextComponent$MutableCaretEvent.fire(JTextComponent.java:4484) ~[?:?]
	at javax.swing.text.JTextComponent$MutableCaretEvent.stateChanged(JTextComponent.java:4506) ~[?:?]
	at javax.swing.text.DefaultCaret.fireStateChanged(DefaultCaret.java:857) ~[?:?]
	at javax.swing.text.DefaultCaret.changeCaretPosition(DefaultCaret.java:1343) ~[?:?]
	at javax.swing.text.DefaultCaret.handleSetDot(DefaultCaret.java:1242) ~[?:?]
	at javax.swing.text.DefaultCaret.setDot(DefaultCaret.java:1223) ~[?:?]
	at javax.swing.text.DefaultCaret$Handler.insertUpdate(DefaultCaret.java:1819) ~[?:?]
	at javax.swing.text.AbstractDocument.fireInsertUpdate(AbstractDocument.java:227) ~[?:?]
	at javax.swing.text.AbstractDocument.handleInsertString(AbstractDocument.java:781) ~[?:?]
	at javax.swing.text.AbstractDocument.insertString(AbstractDocument.java:740) ~[?:?]
	at javax.swing.text.PlainDocument.insertString(PlainDocument.java:131) ~[?:?]
	at javax.swing.text.AbstractDocument.replace(AbstractDocument.java:699) ~[?:?]
	at javax.swing.text.JTextComponent.setText(JTextComponent.java:1725) ~[?:?]
	at com.st.microxplorer.plugins.projectmanager.gui.ProjectChoiceTab.createHeapStackFields(ProjectChoiceTab.java:993) ~[filemanager.jar:?]
	at com.st.microxplorer.plugins.projectmanager.gui.ProjectChoiceTab.buildLinkSettingsPanel(ProjectChoiceTab.java:3813) ~[filemanager.jar:?]
	at com.st.microxplorer.plugins.projectmanager.gui.ProjectChoiceTab.defineWindowsFields(ProjectChoiceTab.java:1987) ~[filemanager.jar:?]
	at com.st.microxplorer.plugins.projectmanager.gui.ProjectChoiceTab.updateSettings(ProjectChoiceTab.java:558) ~[filemanager.jar:?]
	at com.st.microxplorer.plugins.projectmanager.gui.ProjectSettingsPanel.UpdateDialog(ProjectSettingsPanel.java:247) ~[filemanager.jar:?]
	at com.st.microxplorer.plugins.projectmanager.ProjectManagerView.propertyChange(ProjectManagerView.java:392) ~[filemanager.jar:?]
	at java.beans.PropertyChangeSupport.fire(PropertyChangeSupport.java:343) ~[?:?]
	at java.beans.PropertyChangeSupport.firePropertyChange(PropertyChangeSupport.java:335) ~[?:?]
	at java.beans.PropertyChangeSupport.firePropertyChange(PropertyChangeSupport.java:268) ~[?:?]
	at com.st.microxplorer.util.MXPropertyChangeSupport.firePropertyChange(MXPropertyChangeSupport.java:54) ~[STM32CubeMX.jar:?]
	at com.st.microxplorer.mxsystem.MxSystem.closeConfig(MxSystem.java:899) ~[STM32CubeMX.jar:?]
	at com.st.microxplorer.maingui.MainPanel.closeConfig(MainPanel.java:792) ~[STM32CubeMX.jar:?]
	at com.st.microxplorer.plugins.filemanager.engine.OpenFileManager.loadConfigurationFile(OpenFileManager.java:288) ~[filemanager.jar:?]
	at com.st.microxplorer.plugins.filemanager.engine.MainFileManager.userLoadConfig(MainFileManager.java:364) ~[filemanager.jar:?]
	at com.st.microxplorer.plugins.filemanager.engine.MainFileManager.userLoadConfig(MainFileManager.java:342) ~[filemanager.jar:?]
	at com.st.microxplorer.plugins.filemanager.FileManagerView.getSpecificTask(FileManagerView.java:264) ~[filemanager.jar:?]
	at com.st.stm32cube.common.mx.editor.CubeMxEditor.getMxTabbedPaneInstance(CubeMxEditor.java:1198) ~[com.st.stm32cube.common.mx_6.15.0.202507011659/:?]
	at com.st.stm32cube.common.mx.editor.CubeMxEditor$12$1.createSwingComponent(CubeMxEditor.java:1068) ~[com.st.stm32cube.common.mx_6.15.0.202507011659/:?]
	at com.st.stm32cube.common.mx.oss.core.awtswtbridge.EmbeddedSwingComposite.doComponentCreation(EmbeddedSwingComposite.java:492) ~[com.st.stm32cube.common.mx.oss_6.15.0.202507011659/:?]
	at com.st.stm32cube.common.mx.oss.core.awtswtbridge.EmbeddedSwingComposite$4.run(EmbeddedSwingComposite.java:291) ~[com.st.stm32cube.common.mx.oss_6.15.0.202507011659/:?]
	at com.st.stm32cube.common.mx.oss.core.awtswtbridge.AwtEnvironment$2.run(AwtEnvironment.java:166) ~[com.st.stm32cube.common.mx.oss_6.15.0.202507011659/:?]
	at java.awt.event.InvocationEvent.dispatch(InvocationEvent.java:318) ~[?:?]
	at java.awt.EventQueue.dispatchEventImpl(EventQueue.java:773) ~[?:?]
	at java.awt.EventQueue$4.run(EventQueue.java:720) ~[?:?]
	at java.awt.EventQueue$4.run(EventQueue.java:714) ~[?:?]
	at java.security.AccessController.doPrivileged(AccessController.java:400) ~[?:?]
	at java.security.ProtectionDomain$JavaSecurityAccessImpl.doIntersectionPrivilege(ProtectionDomain.java:87) ~[?:?]
	at java.awt.EventQueue.dispatchEvent(EventQueue.java:742) ~[?:?]
	at java.awt.EventDispatchThread.pumpOneEventForFilters(EventDispatchThread.java:203) ~[?:?]
	at java.awt.EventDispatchThread.pumpEventsForFilter(EventDispatchThread.java:124) ~[?:?]
	at java.awt.EventDispatchThread.pumpEventsForHierarchy(EventDispatchThread.java:113) ~[?:?]
	at java.awt.EventDispatchThread.pumpEvents(EventDispatchThread.java:109) ~[?:?]
	at java.awt.EventDispatchThread.pumpEvents(EventDispatchThread.java:101) ~[?:?]
	at java.awt.EventDispatchThread.run(EventDispatchThread.java:90) ~[?:?]
2025-10-15 11:41:16,637 [WARN] ThirdParty:871 - waiting for thirdparty lock release [close project]
2025-10-15 11:41:16,637 [INFO] ThirdParty:873 - entering critical section [close project]
2025-10-15 11:41:16,637 [INFO] ThirdParty:883 - exiting critical section [close project]
2025-10-15 11:41:16,648 [INFO] PinOutPanel:1589 - setPackage(No Configuration,No Configuration)
2025-10-15 11:41:16,673 [WARN] IpParametersView:155 - Warning: This peripheral hasn't parameters
2025-10-15 11:41:16,697 [WARN] MainPanel:289 - <html><b><center>Warning: This peripheral has no parameters to be configured<br></b></html>
2025-10-15 11:41:16,711 [WARN] IpParametersView:155 - Warning: This peripheral hasn't parameters
2025-10-15 11:41:16,732 [WARN] MainPanel:289 - <html><b><center>Warning: This peripheral has no parameters to be configured<br></b></html>
2025-10-15 11:41:16,750 [INFO] UtilMem:75 - Begin LoadConfig() Used Memory: 763502776 Bytes (1073741824)
2025-10-15 11:41:16,751 [INFO] MicroXplorer:468 - Change Database Path : 
2025-10-15 11:41:16,751 [INFO] MicroXplorer:498 - Change Database Version : DB.6.0.150
2025-10-15 11:41:16,751 [INFO] OpenFileManager:355 - Change cursor
2025-10-15 11:41:16,794 [INFO] RulesReader:64 - Compatibility file has been processed (317 Rules)
2025-10-15 11:41:16,813 [INFO] Mcu:2029 - Initializing MCU STM32H755ZITx STM32H755ZITx STM32H755ZIT6
2025-10-15 11:41:19,618 [INFO] Context:786 - Trying to add GPIOservice into a context  which must be forbidden
2025-10-15 11:41:19,619 [INFO] Context:786 - Trying to add GPIOservice into a context  which must be forbidden
2025-10-15 11:41:20,882 [INFO] ApiDbMcu:532 - Load IP Config File for NUCLEO-H755ZI-Q
2025-10-15 11:41:21,090 [INFO] Context:786 - Trying to add GPIOservice into a context  which must be forbidden
2025-10-15 11:41:21,109 [INFO] Context:786 - Trying to add GPIOservice into a context  which must be forbidden
2025-10-15 11:41:21,113 [INFO] ImportTextPane:234 - (OptionalMessage_ERROR) Pin30 (VP_RIF_VS_RIF1) cannot be retrieved for this MCU
2025-10-15 11:41:21,306 [INFO] RtosManager:558 - Registered RTOS mode: class=CMSIS, group=RTOS, mode=CMSIS_V1, owner=FREERTOS_M7
2025-10-15 11:41:21,306 [INFO] RtosManager:558 - Registered RTOS mode: class=CMSIS, group=RTOS2, mode=CMSIS_V2, owner=FREERTOS_M7
2025-10-15 11:41:21,307 [INFO] RtosManager:558 - Registered RTOS mode: class=RTOS, group=Core, mode=CMSIS_V1, owner=FREERTOS_M7
2025-10-15 11:41:21,307 [INFO] RtosManager:558 - Registered RTOS mode: class=RTOS, group=Core, mode=CMSIS_V2, owner=FREERTOS_M7
2025-10-15 11:41:21,307 [WARN] ModelIntegratedComponent:184 - Missing modes for component STMicroelectronics:FreeRTOS:0.0.1:STMicroelectronics:RTOS:FreeRTOS:Core:::10.2.0:
2025-10-15 11:41:21,310 [WARN] ModelIntegratedComponent:63 - No mode defined for component null
2025-10-15 11:41:21,310 [WARN] ModelIntegratedComponent:63 - No mode defined for component null
2025-10-15 11:41:21,310 [WARN] ModelIntegratedComponent:63 - No mode defined for component null
2025-10-15 11:41:21,310 [WARN] ModelIntegratedComponent:63 - No mode defined for component null
2025-10-15 11:41:21,310 [WARN] ModelIntegratedComponent:63 - No mode defined for component null
2025-10-15 11:41:21,310 [WARN] ModelIntegratedComponent:63 - No mode defined for component null
2025-10-15 11:41:21,310 [WARN] ModelIntegratedComponent:63 - No mode defined for component null
2025-10-15 11:41:21,310 [WARN] ModelIntegratedComponent:63 - No mode defined for component null
2025-10-15 11:41:21,310 [WARN] ModelIntegratedComponent:63 - No mode defined for component null
2025-10-15 11:41:21,310 [WARN] ModelIntegratedComponent:63 - No mode defined for component null
2025-10-15 11:41:21,310 [WARN] ModelIntegratedComponent:63 - No mode defined for component null
2025-10-15 11:41:21,310 [WARN] ModelIntegratedComponent:63 - No mode defined for component null
2025-10-15 11:41:21,310 [WARN] ModelIntegratedComponent:63 - No mode defined for component null
2025-10-15 11:41:21,311 [WARN] ModelIntegratedComponent:63 - No mode defined for component null
2025-10-15 11:41:21,311 [WARN] ModelIntegratedComponent:63 - No mode defined for component null
2025-10-15 11:41:21,311 [WARN] ModelIntegratedComponent:63 - No mode defined for component null
2025-10-15 11:41:21,311 [WARN] ModelIntegratedComponent:63 - No mode defined for component null
2025-10-15 11:41:21,311 [WARN] ModelIntegratedComponent:63 - No mode defined for component null
2025-10-15 11:41:21,311 [WARN] ModelIntegratedComponent:63 - No mode defined for component null
2025-10-15 11:41:21,311 [WARN] ModelIntegratedComponent:63 - No mode defined for component null
2025-10-15 11:41:21,311 [WARN] ModelIntegratedComponent:63 - No mode defined for component null
2025-10-15 11:41:21,311 [WARN] ModelIntegratedComponent:63 - No mode defined for component null
2025-10-15 11:41:21,311 [WARN] ModelIntegratedComponent:63 - No mode defined for component null
2025-10-15 11:41:21,311 [WARN] ModelIntegratedComponent:63 - No mode defined for component null
2025-10-15 11:41:21,311 [WARN] ModelIntegratedComponent:63 - No mode defined for component null
2025-10-15 11:41:21,311 [WARN] ModelIntegratedComponent:63 - No mode defined for component null
2025-10-15 11:41:21,311 [WARN] ModelIntegratedComponent:63 - No mode defined for component null
2025-10-15 11:41:21,311 [WARN] ModelIntegratedComponent:63 - No mode defined for component null
2025-10-15 11:41:21,311 [WARN] ModelIntegratedComponent:63 - No mode defined for component null
2025-10-15 11:41:21,311 [WARN] ModelIntegratedComponent:63 - No mode defined for component null
2025-10-15 11:41:21,311 [WARN] ModelIntegratedComponent:63 - No mode defined for component null
2025-10-15 11:41:21,311 [WARN] ModelIntegratedComponent:63 - No mode defined for component null
2025-10-15 11:41:21,311 [WARN] ModelIntegratedComponent:63 - No mode defined for component null
2025-10-15 11:41:21,312 [WARN] ModelIntegratedComponent:63 - No mode defined for component null
2025-10-15 11:41:21,312 [WARN] ModelIntegratedComponent:63 - No mode defined for component null
2025-10-15 11:41:21,312 [WARN] ModelPack:524 - Component already loaded: STMicroelectronics:HAL Drivers:0.0.0:STMicroelectronics:Device:STMicro_Driver:XSPI:HAL::0.0.1:HAL_XSPI
2025-10-15 11:41:21,515 [INFO] RtosManager:558 - Registered RTOS mode: class=CMSIS, group=RTOS, mode=CMSIS_V1, owner=FREERTOS_M4
2025-10-15 11:41:21,515 [INFO] RtosManager:558 - Registered RTOS mode: class=CMSIS, group=RTOS2, mode=CMSIS_V2, owner=FREERTOS_M4
2025-10-15 11:41:21,515 [INFO] RtosManager:558 - Registered RTOS mode: class=RTOS, group=Core, mode=CMSIS_V1, owner=FREERTOS_M4
2025-10-15 11:41:21,515 [INFO] RtosManager:558 - Registered RTOS mode: class=RTOS, group=Core, mode=CMSIS_V2, owner=FREERTOS_M4
2025-10-15 11:41:21,515 [WARN] ModelIntegratedComponent:184 - Missing modes for component STMicroelectronics:FreeRTOS:0.0.1:STMicroelectronics:RTOS:FreeRTOS:Core:::10.2.0:
2025-10-15 11:41:21,517 [WARN] ModelIntegratedComponent:63 - No mode defined for component null
2025-10-15 11:41:21,517 [WARN] ModelIntegratedComponent:63 - No mode defined for component null
2025-10-15 11:41:21,517 [WARN] ModelIntegratedComponent:63 - No mode defined for component null
2025-10-15 11:41:21,517 [WARN] ModelIntegratedComponent:63 - No mode defined for component null
2025-10-15 11:41:21,517 [WARN] ModelIntegratedComponent:63 - No mode defined for component null
2025-10-15 11:41:21,517 [WARN] ModelIntegratedComponent:63 - No mode defined for component null
2025-10-15 11:41:21,517 [WARN] ModelIntegratedComponent:63 - No mode defined for component null
2025-10-15 11:41:21,517 [WARN] ModelIntegratedComponent:63 - No mode defined for component null
2025-10-15 11:41:21,517 [WARN] ModelIntegratedComponent:63 - No mode defined for component null
2025-10-15 11:41:21,517 [WARN] ModelIntegratedComponent:63 - No mode defined for component null
2025-10-15 11:41:21,517 [WARN] ModelIntegratedComponent:63 - No mode defined for component null
2025-10-15 11:41:21,517 [WARN] ModelIntegratedComponent:63 - No mode defined for component null
2025-10-15 11:41:21,517 [WARN] ModelIntegratedComponent:63 - No mode defined for component null
2025-10-15 11:41:21,517 [WARN] ModelIntegratedComponent:63 - No mode defined for component null
2025-10-15 11:41:21,518 [WARN] ModelIntegratedComponent:63 - No mode defined for component null
2025-10-15 11:41:21,518 [WARN] ModelIntegratedComponent:63 - No mode defined for component null
2025-10-15 11:41:21,518 [WARN] ModelIntegratedComponent:63 - No mode defined for component null
2025-10-15 11:41:21,518 [WARN] ModelIntegratedComponent:63 - No mode defined for component null
2025-10-15 11:41:21,518 [WARN] ModelIntegratedComponent:63 - No mode defined for component null
2025-10-15 11:41:21,518 [WARN] ModelIntegratedComponent:63 - No mode defined for component null
2025-10-15 11:41:21,518 [WARN] ModelIntegratedComponent:63 - No mode defined for component null
2025-10-15 11:41:21,518 [WARN] ModelIntegratedComponent:63 - No mode defined for component null
2025-10-15 11:41:21,518 [WARN] ModelIntegratedComponent:63 - No mode defined for component null
2025-10-15 11:41:21,518 [WARN] ModelIntegratedComponent:63 - No mode defined for component null
2025-10-15 11:41:21,518 [WARN] ModelIntegratedComponent:63 - No mode defined for component null
2025-10-15 11:41:21,518 [WARN] ModelIntegratedComponent:63 - No mode defined for component null
2025-10-15 11:41:21,518 [WARN] ModelIntegratedComponent:63 - No mode defined for component null
2025-10-15 11:41:21,518 [WARN] ModelIntegratedComponent:63 - No mode defined for component null
2025-10-15 11:41:21,518 [WARN] ModelIntegratedComponent:63 - No mode defined for component null
2025-10-15 11:41:21,518 [WARN] ModelIntegratedComponent:63 - No mode defined for component null
2025-10-15 11:41:21,518 [WARN] ModelIntegratedComponent:63 - No mode defined for component null
2025-10-15 11:41:21,518 [WARN] ModelIntegratedComponent:63 - No mode defined for component null
2025-10-15 11:41:21,518 [WARN] ModelIntegratedComponent:63 - No mode defined for component null
2025-10-15 11:41:21,518 [WARN] ModelIntegratedComponent:63 - No mode defined for component null
2025-10-15 11:41:21,518 [WARN] ModelIntegratedComponent:63 - No mode defined for component null
2025-10-15 11:41:21,518 [WARN] ModelPack:524 - Component already loaded: STMicroelectronics:HAL Drivers:0.0.0:STMicroelectronics:Device:STMicro_Driver:XSPI:HAL::0.0.1:HAL_XSPI
2025-10-15 11:41:21,694 [INFO] ThirdPartyModel:298 - Start build external matchings
2025-10-15 11:41:23,369 [INFO] ThirdPartyModel:316 - End build external matchings
2025-10-15 11:41:23,401 [INFO] ThirdPartyModel:298 - Start build external matchings
2025-10-15 11:41:25,017 [INFO] ThirdPartyModel:316 - End build external matchings
2025-10-15 11:41:25,033 [WARN] IP:2250 - ClockDivider not found: check if there is a RefParameter without a condition.
2025-10-15 11:41:25,033 [WARN] IP:2250 - ClockDividerCCU not found: check if there is a RefParameter without a condition.
2025-10-15 11:41:25,033 [WARN] IP:2250 - MinOscClkPeriodsCCU not found: check if there is a RefParameter without a condition.
2025-10-15 11:41:25,033 [WARN] IP:2250 - TimeQuantaPerBitTimeCCU not found: check if there is a RefParameter without a condition.
2025-10-15 11:41:25,033 [WARN] IP:2250 - WatchdogStartValueCCU not found: check if there is a RefParameter without a condition.
2025-10-15 11:41:25,211 [INFO] UtilMem:75 - End LoadConfig() Used Memory: 667458768 Bytes (1073741824)
2025-10-15 11:41:25,261 [WARN] ThirdParty:833 - waiting for thirdparty lock release [change project]
2025-10-15 11:41:25,261 [INFO] ThirdParty:835 - entering critical section [change project]
2025-10-15 11:41:25,261 [INFO] ThirdParty:1030 - CMSIS Pack Vendor :STMicroelectronics X-CUBE-PM33A1 1.0.0
2025-10-15 11:41:25,262 [INFO] ThirdParty:1030 - CMSIS Pack Vendor :STMicroelectronics USBPD 4.1
2025-10-15 11:41:25,262 [INFO] ThirdParty:1030 - CMSIS Pack Vendor :STMicroelectronics USB_HOST 2.0.0
2025-10-15 11:41:25,262 [INFO] ThirdParty:1030 - CMSIS Pack Vendor :STMicroelectronics FP-SNS-MOTENVWB1 1.4.0
2025-10-15 11:41:25,262 [INFO] ThirdParty:1030 - CMSIS Pack Vendor :STMicroelectronics X-CUBE-AZRTOS-F4 1.1.0
2025-10-15 11:41:25,262 [INFO] ThirdParty:1030 - CMSIS Pack Vendor :STMicroelectronics LIBJPEG 8.0.0
2025-10-15 11:41:25,262 [INFO] ThirdParty:1030 - CMSIS Pack Vendor :STMicroelectronics FP-ATR-ASTRA1 2.0.2
2025-10-15 11:41:25,262 [INFO] ThirdParty:1030 - CMSIS Pack Vendor :STMicroelectronics FP-ATR-ASTRA1 2.0.1
2025-10-15 11:41:25,262 [INFO] ThirdParty:1030 - CMSIS Pack Vendor :Avnet-IotConnect X-CUBE-IoTC-DA16k-PMOD 1.0.0
2025-10-15 11:41:25,262 [INFO] ThirdParty:1030 - CMSIS Pack Vendor :STMicroelectronics X-CUBE-SMBUS 2.1.0
2025-10-15 11:41:25,262 [INFO] ThirdParty:1030 - CMSIS Pack Vendor :STMicroelectronics X-CUBE-WB05N 1.1.0
2025-10-15 11:41:25,262 [INFO] ThirdParty:1030 - CMSIS Pack Vendor :STMicroelectronics X-CUBE-ISPU 2.1.0
2025-10-15 11:41:25,262 [INFO] ThirdParty:1030 - CMSIS Pack Vendor :STMicroelectronics X-CUBE-IPS 3.2.0
2025-10-15 11:41:25,262 [INFO] ThirdParty:1030 - CMSIS Pack Vendor :STMicroelectronics X-CUBE-FREERTOS 1.2.0
2025-10-15 11:41:25,262 [INFO] ThirdParty:1030 - CMSIS Pack Vendor :STMicroelectronics X-CUBE-ST60 1.0.0
2025-10-15 11:41:25,262 [INFO] ThirdParty:1030 - CMSIS Pack Vendor :STMicroelectronics X-CUBE-NFC12 1.0.0
2025-10-15 11:41:25,262 [INFO] ThirdParty:1030 - CMSIS Pack Vendor :STMicroelectronics X-CUBE-AZRTOS-F7 1.1.0
2025-10-15 11:41:25,262 [INFO] ThirdParty:1030 - CMSIS Pack Vendor :STMicroelectronics X-CUBE-AZRTOS-L5 2.0.0
2025-10-15 11:41:25,262 [INFO] ThirdParty:1030 - CMSIS Pack Vendor :STMicroelectronics USB_DEVICE 2.0.0
2025-10-15 11:41:25,262 [INFO] ThirdParty:1030 - CMSIS Pack Vendor :STMicroelectronics X-CUBE-NFC6 3.1.0
2025-10-15 11:41:25,262 [INFO] ThirdParty:1030 - CMSIS Pack Vendor :STMicroelectronics X-CUBE-MEMS1 11.0.0
2025-10-15 11:41:25,263 [INFO] ThirdParty:1030 - CMSIS Pack Vendor :STMicroelectronics FreeRTOS 0.0.1
2025-10-15 11:41:25,263 [INFO] ThirdParty:1030 - CMSIS Pack Vendor :STMicroelectronics X-CUBE-DPower 1.2.0
2025-10-15 11:41:25,263 [INFO] ThirdParty:1030 - CMSIS Pack Vendor :STMicroelectronics FP-SNS-FLIGHT1 5.0.2
2025-10-15 11:41:25,263 [INFO] ThirdParty:1030 - CMSIS Pack Vendor :STMicroelectronics PDM2PCM 3.3.0
2025-10-15 11:41:25,263 [INFO] ThirdParty:1030 - CMSIS Pack Vendor :STMicroelectronics X-CUBE-AZRTOS-H7 3.4.0
2025-10-15 11:41:25,263 [INFO] ThirdParty:1030 - CMSIS Pack Vendor :STMicroelectronics X-CUBE-DISPLAY 3.0.0
2025-10-15 11:41:25,263 [INFO] ThirdParty:1030 - CMSIS Pack Vendor :STMicroelectronics X-CUBE-BLE1 7.0.0
2025-10-15 11:41:25,263 [INFO] ThirdParty:1030 - CMSIS Pack Vendor :STMicroelectronics X-CUBE-NFC10 1.0.0
2025-10-15 11:41:25,263 [INFO] ThirdParty:1030 - CMSIS Pack Vendor :STMicroelectronics X-CUBE-BLEMGR 4.0.0
2025-10-15 11:41:25,263 [INFO] ThirdParty:1030 - CMSIS Pack Vendor :STMicroelectronics X-CUBE-FREERTOS 1.3.1
2025-10-15 11:41:25,263 [INFO] ThirdParty:1030 - CMSIS Pack Vendor :STMicroelectronics HAL Drivers 0.0.0
2025-10-15 11:41:25,263 [INFO] ThirdParty:1030 - CMSIS Pack Vendor :emotas I-CUBE-CANOPEN 1.3.0
2025-10-15 11:41:25,263 [INFO] ThirdParty:1030 - CMSIS Pack Vendor :STMicroelectronics X-CUBE-FREERTOS 1.3.0
2025-10-15 11:41:25,263 [INFO] ThirdParty:1030 - CMSIS Pack Vendor :STMicroelectronics X-CUBE-NFC7 1.0.1
2025-10-15 11:41:25,263 [INFO] ThirdParty:1030 - CMSIS Pack Vendor :STMicroelectronics MBEDTLS 2.14.1
2025-10-15 11:41:25,263 [INFO] ThirdParty:1030 - CMSIS Pack Vendor :STMicroelectronics X-CUBE-TOUCHGFX 4.26.0
2025-10-15 11:41:25,263 [INFO] ThirdParty:1030 - CMSIS Pack Vendor :STMicroelectronics X-CUBE-BLEMGR 3.1.0
2025-10-15 11:41:25,263 [INFO] ThirdParty:1030 - CMSIS Pack Vendor :STMicroelectronics X-CUBE-AI 10.0.0
2025-10-15 11:41:25,263 [INFO] ThirdParty:1030 - CMSIS Pack Vendor :STMicroelectronics FP-SNS-STBOX1 2.1.0
2025-10-15 11:41:25,263 [INFO] ThirdParty:1030 - CMSIS Pack Vendor :STMicroelectronics FP-SNS-STAIOTCFT 1.0.0
2025-10-15 11:41:25,263 [INFO] ThirdParty:1030 - CMSIS Pack Vendor :STMicroelectronics FP-SNS-SMARTAG2 1.2.0
2025-10-15 11:41:25,263 [INFO] ThirdParty:1030 - CMSIS Pack Vendor :STMicroelectronics FP-SNS-FLIGHT1 5.1.0
2025-10-15 11:41:25,263 [INFO] ThirdParty:1030 - CMSIS Pack Vendor :STMicroelectronics X-CUBE-MEMS1 11.1.0
2025-10-15 11:41:25,263 [INFO] ThirdParty:1030 - CMSIS Pack Vendor :STMicroelectronics X-CUBE-AZRTOS-WL 2.0.0
2025-10-15 11:41:25,263 [INFO] ThirdParty:1030 - CMSIS Pack Vendor :STMicroelectronics X-CUBE-DPower 1.3.0
2025-10-15 11:41:25,263 [INFO] ThirdParty:1030 - CMSIS Pack Vendor :STMicroelectronics FP-SNS-MOTENV1 5.0.0
2025-10-15 11:41:25,263 [INFO] ThirdParty:1030 - CMSIS Pack Vendor :STMicroelectronics USB_DEVICE 1.0.0
2025-10-15 11:41:25,263 [INFO] ThirdParty:1030 - CMSIS Pack Vendor :wolfSSL I-CUBE-wolfMQTT 1.19.0
2025-10-15 11:41:25,263 [INFO] ThirdParty:1030 - CMSIS Pack Vendor :STMicroelectronics X-CUBE-AZRTOS-L4 2.0.0
2025-10-15 11:41:25,264 [INFO] ThirdParty:1030 - CMSIS Pack Vendor :STMicroelectronics ThreadX 0.0.2
2025-10-15 11:41:25,264 [INFO] ThirdParty:1030 - CMSIS Pack Vendor :WES I-CUBE-Cesium 1.3.0
2025-10-15 11:41:25,264 [INFO] ThirdParty:1030 - CMSIS Pack Vendor :STMicroelectronics lwIP 2.1.2
2025-10-15 11:41:25,264 [INFO] ThirdParty:1030 - CMSIS Pack Vendor :STMicroelectronics X-CUBE-SFXS2LP1 4.0.0
2025-10-15 11:41:25,264 [INFO] ThirdParty:1030 - CMSIS Pack Vendor :STMicroelectronics X-CUBE-BLE2 3.3.0
2025-10-15 11:41:25,264 [INFO] ThirdParty:1030 - CMSIS Pack Vendor :STMicroelectronics PDM2PCM 3.2.0
2025-10-15 11:41:25,264 [INFO] ThirdParty:1030 - CMSIS Pack Vendor :STMicroelectronics X-CUBE-AZRTOS-H7 3.3.0
2025-10-15 11:41:25,264 [INFO] ThirdParty:1030 - CMSIS Pack Vendor :STMicroelectronics X-CUBE-NFC9 1.0.0
2025-10-15 11:41:25,264 [INFO] ThirdParty:1030 - CMSIS Pack Vendor :STMicroelectronics X-CUBE-BLE1 7.1.0
2025-10-15 11:41:25,264 [INFO] ThirdParty:1030 - CMSIS Pack Vendor :STMicroelectronics USB_DEVICE 3.0.0
2025-10-15 11:41:25,264 [INFO] ThirdParty:1030 - CMSIS Pack Vendor :STMicroelectronics X-CUBE-TCPP 4.1.0
2025-10-15 11:41:25,264 [INFO] ThirdParty:1030 - CMSIS Pack Vendor :STMicroelectronics X-CUBE-EEPRMA1 5.2.0
2025-10-15 11:41:25,264 [INFO] ThirdParty:1030 - CMSIS Pack Vendor :STMicroelectronics X-CUBE-BLEMGR 4.1.0
2025-10-15 11:41:25,264 [INFO] ThirdParty:1030 - CMSIS Pack Vendor :STMicroelectronics X-CUBE-IPS 3.0.0
2025-10-15 11:41:25,264 [INFO] ThirdParty:1030 - CMSIS Pack Vendor :STMicroelectronics X-CUBE-AZRTOS-WB 2.0.0
2025-10-15 11:41:25,264 [INFO] ThirdParty:1030 - CMSIS Pack Vendor :STMicroelectronics X-CUBE-GNSS1 7.0.0
2025-10-15 11:41:25,264 [INFO] ThirdParty:1030 - CMSIS Pack Vendor :STMicroelectronics X-CUBE-GNSS1 7.0.1
2025-10-15 11:41:25,264 [INFO] ThirdParty:1030 - CMSIS Pack Vendor :STMicroelectronics X-CUBE-TOUCHGFX 4.25.0
2025-10-15 11:41:25,264 [INFO] ThirdParty:1030 - CMSIS Pack Vendor :STMicroelectronics X-CUBE-ST67W61 1.1.0
2025-10-15 11:41:25,264 [INFO] ThirdParty:1030 - CMSIS Pack Vendor :STMicroelectronics X-CUBE-AI 10.1.0
2025-10-15 11:41:25,264 [INFO] ThirdParty:1030 - CMSIS Pack Vendor :STMicroelectronics FP-SNS-STBOX1 2.0.0
2025-10-15 11:41:25,264 [INFO] ThirdParty:1030 - CMSIS Pack Vendor :STMicroelectronics X-CUBE-MEMS1 11.2.0
2025-10-15 11:41:25,264 [INFO] ThirdParty:1030 - CMSIS Pack Vendor :STMicroelectronics X-CUBE-AZRTOS-G0 1.1.0
2025-10-15 11:41:25,265 [INFO] ThirdParty:1030 - CMSIS Pack Vendor :STMicroelectronics X-CUBE-SAFEA1 1.2.2
2025-10-15 11:41:25,265 [INFO] ThirdParty:1030 - CMSIS Pack Vendor :STMicroelectronics X-CUBE-NFC4 3.0.0
2025-10-15 11:41:25,265 [INFO] ThirdParty:1030 - CMSIS Pack Vendor :STMicroelectronics X-CUBE-SUBG2 5.0.0
2025-10-15 11:41:25,265 [INFO] ThirdParty:1030 - CMSIS Pack Vendor :STMicroelectronics X-CUBE-AZRTOS-H7RS 1.1.0
2025-10-15 11:41:25,265 [INFO] ThirdParty:1030 - CMSIS Pack Vendor :STMicroelectronics STM32_WPAN 1.0.0
2025-10-15 11:41:25,265 [INFO] ThirdParty:1030 - CMSIS Pack Vendor :EmbeddedOffice I-CUBE-FS-RTOS 1.0.1
2025-10-15 11:41:25,265 [INFO] ThirdParty:1030 - CMSIS Pack Vendor :STMicroelectronics lwIP 2.0.3
2025-10-15 11:41:25,265 [INFO] ThirdParty:1030 - CMSIS Pack Vendor :Cesanta I-CUBE-Mongoose 7.13.0
2025-10-15 11:41:25,265 [INFO] ThirdParty:1030 - CMSIS Pack Vendor :STMicroelectronics USB_HOST 1.0.0
2025-10-15 11:41:25,265 [INFO] ThirdParty:1030 - CMSIS Pack Vendor :STMicroelectronics X-CUBE-AZRTOS-G4 2.0.0
2025-10-15 11:41:25,265 [INFO] ThirdParty:1030 - CMSIS Pack Vendor :STMicroelectronics X-CUBE-WB05N 2.0.0
2025-10-15 11:41:25,265 [INFO] ThirdParty:1030 - CMSIS Pack Vendor :STMicroelectronics PDM2PCM 3.1.0
2025-10-15 11:41:25,265 [INFO] ThirdParty:1030 - CMSIS Pack Vendor :STMicroelectronics X-CUBE-NFC7 2.0.0
2025-10-15 11:41:25,265 [INFO] ThirdParty:1030 - CMSIS Pack Vendor :STMicroelectronics X-CUBE-TCPP 4.2.0
2025-10-15 11:41:25,265 [INFO] ThirdParty:1030 - CMSIS Pack Vendor :RealThread X-CUBE-RT-Thread_Nano 4.1.1
2025-10-15 11:41:25,265 [INFO] ThirdParty:1030 - CMSIS Pack Vendor :STMicroelectronics FP-ATR-SIGFOX1 3.2.0
2025-10-15 11:41:25,265 [INFO] ThirdParty:1030 - CMSIS Pack Vendor :wolfSSL I-CUBE-wolfSSL 5.7.2
2025-10-15 11:41:25,265 [INFO] ThirdParty:1030 - CMSIS Pack Vendor :quantropi X-CUBE-qispace-sdk-base 1.9.3
2025-10-15 11:41:25,265 [INFO] ThirdParty:1030 - CMSIS Pack Vendor :STMicroelectronics X-CUBE-EEPRMA1 5.1.0
2025-10-15 11:41:25,265 [INFO] ThirdParty:1030 - CMSIS Pack Vendor :STMicroelectronics MBEDTLS 2.16.2
2025-10-15 11:41:25,265 [INFO] ThirdParty:1030 - CMSIS Pack Vendor :STMicroelectronics X-CUBE-IPS 3.1.0
2025-10-15 11:41:25,265 [INFO] ThirdParty:1030 - CMSIS Pack Vendor :STMicroelectronics X-CUBE-ALS 1.0.2
2025-10-15 11:41:25,265 [INFO] ThirdParty:1030 - CMSIS Pack Vendor :ITTIA_DB I-CUBE-ITTIADB 8.9.0
2025-10-15 11:41:25,265 [INFO] ThirdParty:1030 - CMSIS Pack Vendor :STMicroelectronics X-CUBE-TOUCHGFX 4.24.2
2025-10-15 11:41:25,265 [INFO] ThirdParty:1030 - CMSIS Pack Vendor :STMicroelectronics X-CUBE-TOUCHGFX 4.24.1
2025-10-15 11:41:25,266 [INFO] ThirdParty:1030 - CMSIS Pack Vendor :STMicroelectronics X-CUBE-STSE01 1.0.0
2025-10-15 11:41:25,266 [INFO] ThirdParty:1030 - CMSIS Pack Vendor :wolfSSL I-CUBE-wolfTPM 3.4.0
2025-10-15 11:41:25,266 [INFO] ThirdParty:1030 - CMSIS Pack Vendor :portGmbH I-Cube-SoM-uGOAL 1.1.0
2025-10-15 11:41:25,266 [INFO] ThirdParty:1030 - CMSIS Pack Vendor :STMicroelectronics X-CUBE-ST67W61 1.0.0
2025-10-15 11:41:25,266 [INFO] ThirdParty:1030 - CMSIS Pack Vendor :STMicroelectronics X-CUBE-AI 10.2.0
2025-10-15 11:41:25,266 [INFO] ThirdParty:1030 - CMSIS Pack Vendor :STMicroelectronics ThreadX 1.0.0
2025-10-15 11:41:25,266 [INFO] ThirdParty:1030 - CMSIS Pack Vendor :SEGGER I-CUBE-embOS 1.3.1
2025-10-15 11:41:25,266 [INFO] ThirdParty:1030 - CMSIS Pack Vendor :STMicroelectronics X-CUBE-ALGOBUILD 1.4.0
2025-10-15 11:41:25,266 [INFO] ThirdParty:1030 - CMSIS Pack Vendor :STMicroelectronics X-CUBE-MEMS1 11.3.0
2025-10-15 11:41:25,266 [INFO] ThirdParty:1030 - CMSIS Pack Vendor :STMicroelectronics X-CUBE-AZRTOS-H7RS 1.0.0
2025-10-15 11:41:25,266 [INFO] ThirdParty:1030 - CMSIS Pack Vendor :STMicroelectronics FP-ATR-ASTRA1 2.0.0
2025-10-15 11:41:25,266 [INFO] ThirdParty:1030 - CMSIS Pack Vendor :STMicroelectronics X-CUBE-TOF1 3.4.2
2025-10-15 11:41:25,266 [INFO] ThirdParty:1030 - CMSIS Pack Vendor :STMicroelectronics X-CUBE-TOF1 3.4.3
2025-10-15 11:41:25,266 [INFO] ThirdParty:1030 - CMSIS Pack Vendor :STMicroelectronics X-CUBE-AI 9.1.0
2025-10-15 11:41:25,266 [INFO] ThirdParty:1030 - CMSIS Pack Vendor :Infineon AIROC-Wi-Fi-Bluetooth-STM32 1.6.1
2025-10-15 11:41:25,266 [INFO] ThirdParty:1030 - CMSIS Pack Vendor :wolfSSL I-CUBE-wolfSSH 1.4.17
2025-10-15 11:41:25,266 [INFO] ThirdParty:841 - exiting critical section [change project]
2025-10-15 11:41:25,760 [INFO] PinOutPanel:1589 - setPackage(No Configuration,No Configuration)
2025-10-15 11:41:25,760 [INFO] PinOutPanel:1589 - setPackage(STM32H755ZITx,LQFP144)
2025-10-15 11:41:26,184 [INFO] UtilMem:75 - Before build in PCC Used Memory: 682710656 Bytes (1073741824)
2025-10-15 11:41:26,507 [INFO] UtilMem:75 - After build in PCC Used Memory: 806442624 Bytes (1073741824)
2025-10-15 11:41:26,531 [INFO] IPUIPlugin:80 - create IPUIPlugin
2025-10-15 11:41:26,531 [INFO] IPUIPlugin:80 - create IPUIPlugin
2025-10-15 11:41:26,532 [INFO] IPUIPlugin:80 - create IPUIPlugin
2025-10-15 11:41:26,532 [INFO] IPUIPlugin:80 - create IPUIPlugin
2025-10-15 11:41:26,532 [INFO] IPUIPlugin:80 - create IPUIPlugin
2025-10-15 11:41:26,532 [INFO] IPUIPlugin:80 - create IPUIPlugin
2025-10-15 11:41:26,532 [INFO] IPUIPlugin:80 - create IPUIPlugin
2025-10-15 11:41:26,532 [INFO] IPUIPlugin:80 - create IPUIPlugin
2025-10-15 11:41:26,532 [INFO] IPUIPlugin:80 - create IPUIPlugin
2025-10-15 11:41:26,532 [INFO] IPUIPlugin:80 - create IPUIPlugin
2025-10-15 11:41:26,532 [INFO] IPUIPlugin:80 - create IPUIPlugin
2025-10-15 11:41:26,532 [INFO] IPUIPlugin:80 - create IPUIPlugin
2025-10-15 11:41:26,533 [INFO] IPUIPlugin:80 - create IPUIPlugin
2025-10-15 11:41:26,533 [INFO] IPUIPlugin:80 - create IPUIPlugin
2025-10-15 11:41:26,533 [INFO] IPUIPlugin:80 - create IPUIPlugin
2025-10-15 11:41:26,533 [INFO] IPUIPlugin:80 - create IPUIPlugin
2025-10-15 11:41:26,533 [INFO] IPUIPlugin:80 - create IPUIPlugin
2025-10-15 11:41:26,533 [INFO] IPUIPlugin:80 - create IPUIPlugin
2025-10-15 11:41:26,533 [INFO] IPUIPlugin:80 - create IPUIPlugin
2025-10-15 11:41:26,533 [INFO] IPUIPlugin:80 - create IPUIPlugin
2025-10-15 11:41:26,533 [INFO] IPUIPlugin:80 - create IPUIPlugin
2025-10-15 11:41:26,533 [INFO] IPUIPlugin:80 - create IPUIPlugin
2025-10-15 11:41:26,533 [INFO] IPUIPlugin:80 - create IPUIPlugin
2025-10-15 11:41:26,533 [INFO] IPUIPlugin:80 - create IPUIPlugin
2025-10-15 11:41:26,534 [INFO] IPUIPlugin:80 - create IPUIPlugin
2025-10-15 11:41:26,534 [INFO] IPUIPlugin:80 - create IPUIPlugin
2025-10-15 11:41:26,534 [INFO] IPUIPlugin:80 - create IPUIPlugin
2025-10-15 11:41:26,534 [INFO] IPUIPlugin:80 - create IPUIPlugin
2025-10-15 11:41:26,534 [INFO] IPUIPlugin:80 - create IPUIPlugin
2025-10-15 11:41:26,534 [INFO] IPUIPlugin:80 - create IPUIPlugin
2025-10-15 11:41:26,534 [INFO] IPUIPlugin:80 - create IPUIPlugin
2025-10-15 11:41:26,534 [INFO] IPUIPlugin:80 - create IPUIPlugin
2025-10-15 11:41:26,534 [INFO] IPUIPlugin:80 - create IPUIPlugin
2025-10-15 11:41:26,535 [INFO] IPUIPlugin:80 - create IPUIPlugin
2025-10-15 11:41:26,535 [INFO] IPUIPlugin:80 - create IPUIPlugin
2025-10-15 11:41:26,535 [INFO] IPUIPlugin:80 - create IPUIPlugin
2025-10-15 11:41:26,535 [INFO] IPUIPlugin:80 - create IPUIPlugin
2025-10-15 11:41:26,535 [INFO] IPUIPlugin:80 - create IPUIPlugin
2025-10-15 11:41:26,535 [INFO] IPUIPlugin:80 - create IPUIPlugin
2025-10-15 11:41:26,535 [INFO] IPUIPlugin:80 - create IPUIPlugin
2025-10-15 11:41:26,536 [INFO] IPUIPlugin:80 - create IPUIPlugin
2025-10-15 11:41:26,536 [INFO] IPUIPlugin:80 - create IPUIPlugin
2025-10-15 11:41:26,536 [INFO] IPUIPlugin:80 - create IPUIPlugin
2025-10-15 11:41:26,536 [INFO] IPUIPlugin:80 - create IPUIPlugin
2025-10-15 11:41:26,536 [INFO] IPUIPlugin:80 - create IPUIPlugin
2025-10-15 11:41:26,536 [INFO] IPUIPlugin:80 - create IPUIPlugin
2025-10-15 11:41:26,537 [INFO] IPUIPlugin:80 - create IPUIPlugin
2025-10-15 11:41:26,537 [INFO] IPUIPlugin:80 - create IPUIPlugin
2025-10-15 11:41:26,537 [INFO] IPUIPlugin:80 - create IPUIPlugin
2025-10-15 11:41:26,537 [INFO] IPUIPlugin:80 - create IPUIPlugin
2025-10-15 11:41:26,538 [INFO] IPUIPlugin:80 - create IPUIPlugin
2025-10-15 11:41:26,538 [INFO] IPUIPlugin:80 - create IPUIPlugin
2025-10-15 11:41:26,538 [INFO] IPUIPlugin:80 - create IPUIPlugin
2025-10-15 11:41:26,538 [INFO] IPUIPlugin:80 - create IPUIPlugin
2025-10-15 11:41:26,538 [INFO] IPUIPlugin:80 - create IPUIPlugin
2025-10-15 11:41:26,539 [INFO] IPUIPlugin:80 - create IPUIPlugin
2025-10-15 11:41:26,539 [INFO] IPUIPlugin:80 - create IPUIPlugin
2025-10-15 11:41:26,539 [INFO] IPUIPlugin:80 - create IPUIPlugin
2025-10-15 11:41:26,539 [INFO] IPUIPlugin:80 - create IPUIPlugin
2025-10-15 11:41:26,539 [INFO] IPUIPlugin:80 - create IPUIPlugin
2025-10-15 11:41:26,540 [INFO] IPUIPlugin:80 - create IPUIPlugin
2025-10-15 11:41:26,540 [INFO] IPUIPlugin:80 - create IPUIPlugin
2025-10-15 11:41:26,540 [INFO] IPUIPlugin:80 - create IPUIPlugin
2025-10-15 11:41:26,540 [INFO] IPUIPlugin:80 - create IPUIPlugin
2025-10-15 11:41:26,540 [INFO] IPUIPlugin:80 - create IPUIPlugin
2025-10-15 11:41:26,541 [INFO] IPUIPlugin:80 - create IPUIPlugin
2025-10-15 11:41:26,541 [INFO] IPUIPlugin:80 - create IPUIPlugin
2025-10-15 11:41:26,541 [INFO] IPUIPlugin:80 - create IPUIPlugin
2025-10-15 11:41:26,541 [INFO] IPUIPlugin:80 - create IPUIPlugin
2025-10-15 11:41:26,542 [INFO] IPUIPlugin:80 - create IPUIPlugin
2025-10-15 11:41:26,542 [INFO] IPUIPlugin:80 - create IPUIPlugin
2025-10-15 11:41:26,542 [INFO] IPUIPlugin:80 - create IPUIPlugin
2025-10-15 11:41:26,542 [INFO] IPUIPlugin:80 - create IPUIPlugin
2025-10-15 11:41:26,543 [INFO] IPUIPlugin:80 - create IPUIPlugin
2025-10-15 11:41:26,543 [INFO] IPUIPlugin:80 - create IPUIPlugin
2025-10-15 11:41:26,543 [INFO] IPUIPlugin:80 - create IPUIPlugin
2025-10-15 11:41:26,543 [INFO] IPUIPlugin:80 - create IPUIPlugin
2025-10-15 11:41:26,544 [INFO] IPUIPlugin:80 - create IPUIPlugin
2025-10-15 11:41:26,544 [INFO] IPUIPlugin:80 - create IPUIPlugin
2025-10-15 11:41:26,544 [INFO] IPUIPlugin:80 - create IPUIPlugin
2025-10-15 11:41:26,544 [INFO] IPUIPlugin:80 - create IPUIPlugin
2025-10-15 11:41:26,544 [INFO] IPUIPlugin:80 - create IPUIPlugin
2025-10-15 11:41:26,545 [INFO] IPUIPlugin:80 - create IPUIPlugin
2025-10-15 11:41:26,545 [INFO] IPUIPlugin:80 - create IPUIPlugin
2025-10-15 11:41:26,545 [INFO] IPUIPlugin:80 - create IPUIPlugin
2025-10-15 11:41:26,545 [INFO] IPUIPlugin:80 - create IPUIPlugin
2025-10-15 11:41:26,546 [INFO] IPUIPlugin:80 - create IPUIPlugin
2025-10-15 11:41:26,546 [INFO] IPUIPlugin:80 - create IPUIPlugin
2025-10-15 11:41:26,546 [INFO] IPUIPlugin:80 - create IPUIPlugin
2025-10-15 11:41:26,546 [INFO] IPUIPlugin:80 - create IPUIPlugin
2025-10-15 11:41:26,546 [INFO] IPUIPlugin:80 - create IPUIPlugin
2025-10-15 11:41:26,547 [INFO] IPUIPlugin:80 - create IPUIPlugin
2025-10-15 11:41:26,547 [INFO] IPUIPlugin:80 - create IPUIPlugin
2025-10-15 11:41:26,547 [INFO] IPUIPlugin:80 - create IPUIPlugin
2025-10-15 11:41:26,547 [INFO] IPUIPlugin:80 - create IPUIPlugin
2025-10-15 11:41:26,548 [INFO] IPUIPlugin:80 - create IPUIPlugin
2025-10-15 11:41:26,548 [INFO] IPUIPlugin:80 - create IPUIPlugin
2025-10-15 11:41:26,548 [INFO] IPUIPlugin:80 - create IPUIPlugin
2025-10-15 11:41:26,548 [INFO] IPUIPlugin:80 - create IPUIPlugin
2025-10-15 11:41:26,549 [INFO] IPUIPlugin:80 - create IPUIPlugin
2025-10-15 11:41:26,549 [INFO] IPUIPlugin:80 - create IPUIPlugin
2025-10-15 11:41:26,549 [INFO] IPUIPlugin:80 - create IPUIPlugin
2025-10-15 11:41:26,550 [INFO] IPUIPlugin:80 - create IPUIPlugin
2025-10-15 11:41:26,550 [INFO] IPUIPlugin:80 - create IPUIPlugin
2025-10-15 11:41:26,550 [INFO] IPUIPlugin:80 - create IPUIPlugin
2025-10-15 11:41:26,551 [INFO] IPUIPlugin:80 - create IPUIPlugin
2025-10-15 11:41:26,551 [INFO] IPUIPlugin:80 - create IPUIPlugin
2025-10-15 11:41:26,551 [INFO] IPUIPlugin:80 - create IPUIPlugin
2025-10-15 11:41:26,552 [INFO] IPUIPlugin:80 - create IPUIPlugin
2025-10-15 11:41:26,552 [INFO] IPUIPlugin:80 - create IPUIPlugin
2025-10-15 11:41:26,553 [INFO] IPUIPlugin:80 - create IPUIPlugin
2025-10-15 11:41:26,553 [INFO] IPUIPlugin:80 - create IPUIPlugin
2025-10-15 11:41:26,553 [INFO] IPUIPlugin:80 - create IPUIPlugin
2025-10-15 11:41:26,554 [INFO] IPUIPlugin:80 - create IPUIPlugin
2025-10-15 11:41:26,563 [INFO] ApiDbMcu:532 - Load IP Config File for PDM2PCM_M7
2025-10-15 11:41:26,565 [INFO] ApiDbMcu:532 - Load IP Config File for PDM2PCM_M4
2025-10-15 11:41:26,571 [WARN] IP:2250 - ClockDivider not found: check if there is a RefParameter without a condition.
2025-10-15 11:41:26,571 [WARN] IP:2250 - ClockDividerCCU not found: check if there is a RefParameter without a condition.
2025-10-15 11:41:26,571 [WARN] IP:2250 - MinOscClkPeriodsCCU not found: check if there is a RefParameter without a condition.
2025-10-15 11:41:26,571 [WARN] IP:2250 - TimeQuantaPerBitTimeCCU not found: check if there is a RefParameter without a condition.
2025-10-15 11:41:26,571 [WARN] IP:2250 - WatchdogStartValueCCU not found: check if there is a RefParameter without a condition.
2025-10-15 11:41:26,576 [INFO] LogOutputStream:77 - [STDOUT_REDIRECT] Nominal 
2025-10-15 11:41:26,576 [INFO] Can:71 - Can Add PropertyChangeListener com.st.microxplorer.plugins.ip.can.Can@1c73d25e
2025-10-15 11:41:26,635 [INFO] CADModel:165 - CPN selected for project levelSTM32H755ZIT6
2025-10-15 11:41:26,635 [INFO] CADModel:114 - Register for checkConnection events
2025-10-15 11:41:26,731 [INFO] OpenFileManager:386 - Restore cursor
2025-10-15 11:41:26,907 [WARN] IP:2250 - ClockDivider not found: check if there is a RefParameter without a condition.
2025-10-15 11:41:26,907 [WARN] IP:2250 - ClockDividerCCU not found: check if there is a RefParameter without a condition.
2025-10-15 11:41:26,907 [WARN] IP:2250 - MinOscClkPeriodsCCU not found: check if there is a RefParameter without a condition.
2025-10-15 11:41:26,907 [WARN] IP:2250 - TimeQuantaPerBitTimeCCU not found: check if there is a RefParameter without a condition.
2025-10-15 11:41:26,907 [WARN] IP:2250 - WatchdogStartValueCCU not found: check if there is a RefParameter without a condition.
2025-10-15 11:41:32,527 [INFO] LogOutputStream:77 - [STDOUT_REDIRECT] Nominal 
2025-10-15 11:41:32,584 [WARN] IP:2250 - ClockDivider not found: check if there is a RefParameter without a condition.
2025-10-15 11:41:32,584 [WARN] IP:2250 - ClockDividerCCU not found: check if there is a RefParameter without a condition.
2025-10-15 11:41:32,584 [WARN] IP:2250 - MinOscClkPeriodsCCU not found: check if there is a RefParameter without a condition.
2025-10-15 11:41:32,584 [WARN] IP:2250 - TimeQuantaPerBitTimeCCU not found: check if there is a RefParameter without a condition.
2025-10-15 11:41:32,584 [WARN] IP:2250 - WatchdogStartValueCCU not found: check if there is a RefParameter without a condition.
2025-10-15 11:41:36,387 [INFO] NvicIntPanel:101 - NVIC parent = com.st.microxplorer.plugins.ip.nvic.MultiNvicIntPanel[,0,0,0x0,invalid,layout=javax.swing.BoxLayout,alignmentX=0.0,alignmentY=0.0,border=,flags=9,maximumSize=,minimumSize=,preferredSize=]
2025-10-15 11:41:57,929 [WARN] IP:2250 - ClockDivider not found: check if there is a RefParameter without a condition.
2025-10-15 11:41:57,929 [WARN] IP:2250 - ClockDividerCCU not found: check if there is a RefParameter without a condition.
2025-10-15 11:41:57,929 [WARN] IP:2250 - MinOscClkPeriodsCCU not found: check if there is a RefParameter without a condition.
2025-10-15 11:41:57,929 [WARN] IP:2250 - TimeQuantaPerBitTimeCCU not found: check if there is a RefParameter without a condition.
2025-10-15 11:41:57,929 [WARN] IP:2250 - WatchdogStartValueCCU not found: check if there is a RefParameter without a condition.
2025-10-15 11:41:57,973 [INFO] NvicIntPanel:101 - NVIC parent = com.st.microxplorer.plugins.ip.nvic.MultiNvicIntPanel[,0,0,0x0,invalid,layout=javax.swing.BoxLayout,alignmentX=0.0,alignmentY=0.0,border=,flags=9,maximumSize=,minimumSize=,preferredSize=]
2025-10-15 11:42:14,127 [WARN] IP:2250 - ClockDivider not found: check if there is a RefParameter without a condition.
2025-10-15 11:42:14,128 [WARN] IP:2250 - ClockDividerCCU not found: check if there is a RefParameter without a condition.
2025-10-15 11:42:14,128 [WARN] IP:2250 - MinOscClkPeriodsCCU not found: check if there is a RefParameter without a condition.
2025-10-15 11:42:14,128 [WARN] IP:2250 - TimeQuantaPerBitTimeCCU not found: check if there is a RefParameter without a condition.
2025-10-15 11:42:14,128 [WARN] IP:2250 - WatchdogStartValueCCU not found: check if there is a RefParameter without a condition.
2025-10-15 11:42:14,153 [INFO] NvicIntPanel:101 - NVIC parent = com.st.microxplorer.plugins.ip.nvic.MultiNvicIntPanel[,0,0,0x0,invalid,layout=javax.swing.BoxLayout,alignmentX=0.0,alignmentY=0.0,border=,flags=9,maximumSize=,minimumSize=,preferredSize=]
2025-10-15 11:42:15,528 [INFO] UtilMem:75 - End SaveConfig() Used Memory: 856042864 Bytes (1073741824)
2025-10-15 11:42:15,685 [INFO] UtilMem:75 - End SaveConfig() Used Memory: 881804264 Bytes (1073741824)
2025-10-15 11:42:16,767 [INFO] UtilMem:75 - End SaveConfig() Used Memory: 576243920 Bytes (1073741824)
2025-10-15 11:42:17,298 [INFO] BlockDiagram:2775 - set Specific Code input for plugin: RCC
2025-10-15 11:42:17,298 [INFO] BlockDiagram:2775 - set Specific Code input for plugin: USART
2025-10-15 11:42:17,298 [INFO] BlockDiagram:2775 - set Specific Code input for plugin: FDCAN
2025-10-15 11:42:17,298 [INFO] BlockDiagram:2775 - set Specific Code input for plugin: MEMORYMAP
2025-10-15 11:42:17,298 [INFO] BlockDiagram:2775 - set Specific Code input for plugin: SYS
2025-10-15 11:42:17,298 [INFO] BlockDiagram:2775 - set Specific Code input for plugin: NVIC2
2025-10-15 11:42:17,298 [INFO] BlockDiagram:2775 - set Specific Code input for plugin: GPIO
2025-10-15 11:42:17,298 [INFO] BlockDiagram:2775 - set Specific Code input for plugin: SYS_M4
2025-10-15 11:42:17,298 [INFO] BlockDiagram:2775 - set Specific Code input for plugin: NVIC1
2025-10-15 11:42:17,299 [INFO] CodeGenerator:892 - code generatio: config db path: C:\ST\STM32CubeIDE_1.16.1\STM32CubeIDE\plugins\com.st.stm32cube.common.mx_6.15.0.202507011659\\db\
2025-10-15 11:42:17,301 [WARN] IP:2250 - ClockDivider not found: check if there is a RefParameter without a condition.
2025-10-15 11:42:17,301 [WARN] IP:2250 - ClockDividerCCU not found: check if there is a RefParameter without a condition.
2025-10-15 11:42:17,301 [WARN] IP:2250 - MinOscClkPeriodsCCU not found: check if there is a RefParameter without a condition.
2025-10-15 11:42:17,301 [WARN] IP:2250 - TimeQuantaPerBitTimeCCU not found: check if there is a RefParameter without a condition.
2025-10-15 11:42:17,301 [WARN] IP:2250 - WatchdogStartValueCCU not found: check if there is a RefParameter without a condition.
2025-10-15 11:42:17,330 [INFO] CodeGenerator:1619 - *******************Project context M7 selected
2025-10-15 11:42:17,466 [INFO] CodeEngine:265 - oldGeneratedFile, E:\AGH\AiR\Praca_inzynierska\bldc_foc\Projects\H7_v2\MXTmpFiles\license.tmp_save
2025-10-15 11:42:17,628 [INFO] CodeEngine:289 - Generated code: E:\AGH\AiR\Praca_inzynierska\bldc_foc\Projects\H7_v2\MXTmpFiles\license.tmp
2025-10-15 11:42:17,694 [INFO] CodeEngine:265 - oldGeneratedFile, E:\AGH\AiR\Praca_inzynierska\bldc_foc\Projects\H7_v2\CM7\MXTmpFiles\gpio.tmp_save
2025-10-15 11:42:17,792 [INFO] CodeEngine:289 - Generated code: E:\AGH\AiR\Praca_inzynierska\bldc_foc\Projects\H7_v2\CM7\MXTmpFiles\gpio.tmp
2025-10-15 11:42:17,875 [WARN] IPConfigManager:103 - WARNING: Missing Config File for MEMORYMAP ip!!
2025-10-15 11:42:17,904 [WARN] IPConfigManager:103 - WARNING: Missing Config File for NVIC1 ip!!
2025-10-15 11:42:18,056 [INFO] CodeEngine:265 - oldGeneratedFile, E:\AGH\AiR\Praca_inzynierska\bldc_foc\Projects\H7_v2\CM7\MXTmpFiles\cortex.tmp_save
2025-10-15 11:42:18,138 [INFO] CodeEngine:289 - Generated code: E:\AGH\AiR\Praca_inzynierska\bldc_foc\Projects\H7_v2\CM7\MXTmpFiles\cortex.tmp
2025-10-15 11:42:18,155 [INFO] CodeEngine:265 - oldGeneratedFile, E:\AGH\AiR\Praca_inzynierska\bldc_foc\Projects\H7_v2\CM7\Core\Src\stm32h7xx_it.c_save
2025-10-15 11:42:18,331 [INFO] CodeEngine:289 - Generated code: E:\AGH\AiR\Praca_inzynierska\bldc_foc\Projects\H7_v2\CM7\Core\Src\stm32h7xx_it.c
2025-10-15 11:42:18,335 [INFO] CodeEngine:265 - oldGeneratedFile, E:\AGH\AiR\Praca_inzynierska\bldc_foc\Projects\H7_v2\CM7\Core\Inc\stm32h7xx_it.h_save
2025-10-15 11:42:18,398 [INFO] CodeEngine:289 - Generated code: E:\AGH\AiR\Praca_inzynierska\bldc_foc\Projects\H7_v2\CM7\Core\Inc\stm32h7xx_it.h
2025-10-15 11:42:18,452 [INFO] CodeEngine:265 - oldGeneratedFile, E:\AGH\AiR\Praca_inzynierska\bldc_foc\Projects\H7_v2\CM7\Core\Src\stm32h7xx_hal_msp.c_save
2025-10-15 11:42:18,562 [INFO] CodeEngine:289 - Generated code: E:\AGH\AiR\Praca_inzynierska\bldc_foc\Projects\H7_v2\CM7\Core\Src\stm32h7xx_hal_msp.c
2025-10-15 11:42:18,565 [INFO] CodeEngine:265 - oldGeneratedFile, E:\AGH\AiR\Praca_inzynierska\bldc_foc\Projects\H7_v2\CM7\MXTmpFiles\system.tmp_save
2025-10-15 11:42:18,621 [INFO] CodeEngine:289 - Generated code: E:\AGH\AiR\Praca_inzynierska\bldc_foc\Projects\H7_v2\CM7\MXTmpFiles\system.tmp
2025-10-15 11:42:18,628 [INFO] CodeEngine:321 - oldGeneratedFile, E:\AGH\AiR\Praca_inzynierska\bldc_foc\Projects\H7_v2\CM7\Core\Inc\stm32h7xx_hal_conf.h_save
2025-10-15 11:42:18,690 [INFO] CodeEngine:345 - Generated code: E:\AGH\AiR\Praca_inzynierska\bldc_foc\Projects\H7_v2\CM7\Core\Inc\stm32h7xx_hal_conf.h
2025-10-15 11:42:18,721 [INFO] ApiDbMcu:532 - Load IP Config File for FDCAN1
2025-10-15 11:42:18,730 [INFO] ApiDbMcu:532 - Load IP Config File for USART3
2025-10-15 11:42:18,733 [INFO] ApiDbMcu:532 - Load IP Config File for RCC
2025-10-15 11:42:18,736 [WARN] IPConfigManager:3811 - IP not found : NVIC
2025-10-15 11:42:18,736 [WARN] CodeGenerator:4259 - IP not found : null
2025-10-15 11:42:18,741 [INFO] CodeEngine:265 - oldGeneratedFile, E:\AGH\AiR\Praca_inzynierska\bldc_foc\Projects\H7_v2\CM7\Core\Inc\main.h_save
2025-10-15 11:42:18,822 [INFO] CodeEngine:289 - Generated code: E:\AGH\AiR\Praca_inzynierska\bldc_foc\Projects\H7_v2\CM7\Core\Inc\main.h
2025-10-15 11:42:18,826 [INFO] CodeEngine:265 - oldGeneratedFile, E:\AGH\AiR\Praca_inzynierska\bldc_foc\Projects\H7_v2\CM7\Core\Src\main.c_save
2025-10-15 11:42:18,924 [INFO] CodeEngine:289 - Generated code: E:\AGH\AiR\Praca_inzynierska\bldc_foc\Projects\H7_v2\CM7\Core\Src\main.c
2025-10-15 11:42:18,980 [INFO] CodeGenerator:1619 - *******************Project context M4 selected
2025-10-15 11:42:19,039 [INFO] CodeEngine:265 - oldGeneratedFile, E:\AGH\AiR\Praca_inzynierska\bldc_foc\Projects\H7_v2\MXTmpFiles\license.tmp_save
2025-10-15 11:42:19,095 [INFO] CodeEngine:289 - Generated code: E:\AGH\AiR\Praca_inzynierska\bldc_foc\Projects\H7_v2\MXTmpFiles\license.tmp
2025-10-15 11:42:19,133 [INFO] CodeEngine:265 - oldGeneratedFile, E:\AGH\AiR\Praca_inzynierska\bldc_foc\Projects\H7_v2\CM4\MXTmpFiles\gpio.tmp_save
2025-10-15 11:42:19,192 [INFO] CodeEngine:289 - Generated code: E:\AGH\AiR\Praca_inzynierska\bldc_foc\Projects\H7_v2\CM4\MXTmpFiles\gpio.tmp
2025-10-15 11:42:19,211 [WARN] IPConfigManager:103 - WARNING: Missing Config File for NVIC2 ip!!
2025-10-15 11:42:19,264 [INFO] CodeEngine:265 - oldGeneratedFile, E:\AGH\AiR\Praca_inzynierska\bldc_foc\Projects\H7_v2\CM4\MXTmpFiles\cortex.tmp_save
2025-10-15 11:42:19,313 [INFO] CodeEngine:289 - Generated code: E:\AGH\AiR\Praca_inzynierska\bldc_foc\Projects\H7_v2\CM4\MXTmpFiles\cortex.tmp
2025-10-15 11:42:19,327 [INFO] CodeEngine:265 - oldGeneratedFile, E:\AGH\AiR\Praca_inzynierska\bldc_foc\Projects\H7_v2\CM4\Core\Src\stm32h7xx_it.c_save
2025-10-15 11:42:19,382 [INFO] CodeEngine:289 - Generated code: E:\AGH\AiR\Praca_inzynierska\bldc_foc\Projects\H7_v2\CM4\Core\Src\stm32h7xx_it.c
2025-10-15 11:42:19,386 [INFO] CodeEngine:265 - oldGeneratedFile, E:\AGH\AiR\Praca_inzynierska\bldc_foc\Projects\H7_v2\CM4\Core\Inc\stm32h7xx_it.h_save
2025-10-15 11:42:19,429 [INFO] CodeEngine:289 - Generated code: E:\AGH\AiR\Praca_inzynierska\bldc_foc\Projects\H7_v2\CM4\Core\Inc\stm32h7xx_it.h
2025-10-15 11:42:19,490 [INFO] CodeEngine:265 - oldGeneratedFile, E:\AGH\AiR\Praca_inzynierska\bldc_foc\Projects\H7_v2\CM4\Core\Src\stm32h7xx_hal_msp.c_save
2025-10-15 11:42:19,554 [INFO] CodeEngine:289 - Generated code: E:\AGH\AiR\Praca_inzynierska\bldc_foc\Projects\H7_v2\CM4\Core\Src\stm32h7xx_hal_msp.c
2025-10-15 11:42:19,556 [INFO] CodeEngine:265 - oldGeneratedFile, E:\AGH\AiR\Praca_inzynierska\bldc_foc\Projects\H7_v2\CM4\MXTmpFiles\system.tmp_save
2025-10-15 11:42:19,595 [INFO] CodeEngine:289 - Generated code: E:\AGH\AiR\Praca_inzynierska\bldc_foc\Projects\H7_v2\CM4\MXTmpFiles\system.tmp
2025-10-15 11:42:19,602 [INFO] CodeEngine:321 - oldGeneratedFile, E:\AGH\AiR\Praca_inzynierska\bldc_foc\Projects\H7_v2\CM4\Core\Inc\stm32h7xx_hal_conf.h_save
2025-10-15 11:42:19,648 [INFO] CodeEngine:345 - Generated code: E:\AGH\AiR\Praca_inzynierska\bldc_foc\Projects\H7_v2\CM4\Core\Inc\stm32h7xx_hal_conf.h
2025-10-15 11:42:19,657 [WARN] IPConfigManager:3811 - IP not found : NVIC
2025-10-15 11:42:19,657 [WARN] CodeGenerator:4259 - IP not found : null
2025-10-15 11:42:19,662 [INFO] CodeEngine:265 - oldGeneratedFile, E:\AGH\AiR\Praca_inzynierska\bldc_foc\Projects\H7_v2\CM4\Core\Inc\main.h_save
2025-10-15 11:42:19,705 [INFO] CodeEngine:289 - Generated code: E:\AGH\AiR\Praca_inzynierska\bldc_foc\Projects\H7_v2\CM4\Core\Inc\main.h
2025-10-15 11:42:19,708 [INFO] CodeEngine:265 - oldGeneratedFile, E:\AGH\AiR\Praca_inzynierska\bldc_foc\Projects\H7_v2\CM4\Core\Src\main.c_save
2025-10-15 11:42:19,766 [INFO] CodeEngine:289 - Generated code: E:\AGH\AiR\Praca_inzynierska\bldc_foc\Projects\H7_v2\CM4\Core\Src\main.c
2025-10-15 11:42:20,005 [INFO] ProjectBuilder:3606 - Time for Copy HAL[1] : 95mS.
2025-10-15 11:42:20,011 [INFO] ProjectBuilder:5216 - Project Generator version: 4.7.0-B52
2025-10-15 11:42:20,072 [INFO] ConfigFileManager:1595 - The Die is : DIE450
2025-10-15 11:42:23,646 [INFO] ProjectBuilder:5496 - Time for Generating toolchain IDE Files: 3635mS.
2025-10-15 11:42:23,646 [INFO] ProjectBuilder:3463 - Time for Copy CMSIS : 0mS.
2025-10-15 11:42:23,647 [INFO] ProjectBuilder:3463 - Time for Copy CMSIS : 0mS.
2025-10-15 12:00:36,066 [INFO] WebApp:194 - Connection lost
2025-10-15 12:00:36,344 [INFO] WebApp:191 - Connection restablished
2025-10-15 12:00:38,868 [INFO] WebApp:194 - Connection lost
2025-10-15 12:00:38,979 [INFO] WebApp:191 - Connection restablished
2025-10-15 12:13:54,311 [INFO] MainUpdater:2872 - connection check result : 10
2025-10-15 12:13:54,311 [INFO] MainUpdater:2872 - connection check result : 10
2025-10-15 12:13:54,347 [INFO] LogOutputStream:77 - [STDOUT_REDIRECT] Nominal 
2025-10-15 12:13:54,356 [INFO] MicroXplorer:468 - Change Database Path : 
2025-10-15 12:13:54,356 [INFO] MicroXplorer:498 - Change Database Version : DB.6.0.150
2025-10-15 12:13:54,414 [ERROR] ProjectManagerView:395 - 
java.lang.NullPointerException: Cannot invoke "javax.swing.JTextField.getText()" because the return value of "java.util.List.get(int)" is null
	at com.st.microxplorer.plugins.projectmanager.gui.ProjectChoiceTab$9.caretUpdate(ProjectChoiceTab.java:2706) ~[filemanager.jar:?]
	at javax.swing.text.JTextComponent.fireCaretUpdate(JTextComponent.java:408) ~[?:?]
	at javax.swing.text.JTextComponent$MutableCaretEvent.fire(JTextComponent.java:4484) ~[?:?]
	at javax.swing.text.JTextComponent$MutableCaretEvent.stateChanged(JTextComponent.java:4506) ~[?:?]
	at javax.swing.text.DefaultCaret.fireStateChanged(DefaultCaret.java:857) ~[?:?]
	at javax.swing.text.DefaultCaret.changeCaretPosition(DefaultCaret.java:1343) ~[?:?]
	at javax.swing.text.DefaultCaret.handleSetDot(DefaultCaret.java:1242) ~[?:?]
	at javax.swing.text.DefaultCaret.setDot(DefaultCaret.java:1223) ~[?:?]
	at javax.swing.text.DefaultCaret$Handler.insertUpdate(DefaultCaret.java:1819) ~[?:?]
	at javax.swing.text.AbstractDocument.fireInsertUpdate(AbstractDocument.java:227) ~[?:?]
	at javax.swing.text.AbstractDocument.handleInsertString(AbstractDocument.java:781) ~[?:?]
	at javax.swing.text.AbstractDocument.insertString(AbstractDocument.java:740) ~[?:?]
	at javax.swing.text.PlainDocument.insertString(PlainDocument.java:131) ~[?:?]
	at javax.swing.text.AbstractDocument.replace(AbstractDocument.java:699) ~[?:?]
	at javax.swing.text.JTextComponent.setText(JTextComponent.java:1725) ~[?:?]
	at com.st.microxplorer.plugins.projectmanager.gui.ProjectChoiceTab.createHeapStackFields(ProjectChoiceTab.java:993) ~[filemanager.jar:?]
	at com.st.microxplorer.plugins.projectmanager.gui.ProjectChoiceTab.buildLinkSettingsPanel(ProjectChoiceTab.java:3813) ~[filemanager.jar:?]
	at com.st.microxplorer.plugins.projectmanager.gui.ProjectChoiceTab.defineWindowsFields(ProjectChoiceTab.java:1987) ~[filemanager.jar:?]
	at com.st.microxplorer.plugins.projectmanager.gui.ProjectChoiceTab.updateSettings(ProjectChoiceTab.java:558) ~[filemanager.jar:?]
	at com.st.microxplorer.plugins.projectmanager.gui.ProjectSettingsPanel.UpdateDialog(ProjectSettingsPanel.java:247) ~[filemanager.jar:?]
	at com.st.microxplorer.plugins.projectmanager.ProjectManagerView.propertyChange(ProjectManagerView.java:392) ~[filemanager.jar:?]
	at java.beans.PropertyChangeSupport.fire(PropertyChangeSupport.java:343) ~[?:?]
	at java.beans.PropertyChangeSupport.firePropertyChange(PropertyChangeSupport.java:335) ~[?:?]
	at java.beans.PropertyChangeSupport.firePropertyChange(PropertyChangeSupport.java:268) ~[?:?]
	at com.st.microxplorer.util.MXPropertyChangeSupport.firePropertyChange(MXPropertyChangeSupport.java:54) ~[STM32CubeMX.jar:?]
	at com.st.microxplorer.mxsystem.MxSystem.closeConfig(MxSystem.java:899) ~[STM32CubeMX.jar:?]
	at com.st.microxplorer.maingui.MainPanel.closeConfig(MainPanel.java:792) ~[STM32CubeMX.jar:?]
	at com.st.microxplorer.plugins.filemanager.engine.OpenFileManager.loadConfigurationFile(OpenFileManager.java:288) ~[filemanager.jar:?]
	at com.st.microxplorer.plugins.filemanager.engine.MainFileManager.userLoadConfig(MainFileManager.java:364) ~[filemanager.jar:?]
	at com.st.microxplorer.plugins.filemanager.engine.MainFileManager.userLoadConfig(MainFileManager.java:342) ~[filemanager.jar:?]
	at com.st.microxplorer.plugins.filemanager.FileManagerView.getSpecificTask(FileManagerView.java:264) ~[filemanager.jar:?]
	at com.st.stm32cube.common.mx.editor.CubeMxEditor.getMxTabbedPaneInstance(CubeMxEditor.java:1198) ~[com.st.stm32cube.common.mx_6.15.0.202507011659/:?]
	at com.st.stm32cube.common.mx.editor.CubeMxEditor$12$1.createSwingComponent(CubeMxEditor.java:1068) ~[com.st.stm32cube.common.mx_6.15.0.202507011659/:?]
	at com.st.stm32cube.common.mx.oss.core.awtswtbridge.EmbeddedSwingComposite.doComponentCreation(EmbeddedSwingComposite.java:492) ~[com.st.stm32cube.common.mx.oss_6.15.0.202507011659/:?]
	at com.st.stm32cube.common.mx.oss.core.awtswtbridge.EmbeddedSwingComposite$4.run(EmbeddedSwingComposite.java:291) ~[com.st.stm32cube.common.mx.oss_6.15.0.202507011659/:?]
	at com.st.stm32cube.common.mx.oss.core.awtswtbridge.AwtEnvironment$2.run(AwtEnvironment.java:166) ~[com.st.stm32cube.common.mx.oss_6.15.0.202507011659/:?]
	at java.awt.event.InvocationEvent.dispatch(InvocationEvent.java:318) ~[?:?]
	at java.awt.EventQueue.dispatchEventImpl(EventQueue.java:773) ~[?:?]
	at java.awt.EventQueue$4.run(EventQueue.java:720) ~[?:?]
	at java.awt.EventQueue$4.run(EventQueue.java:714) ~[?:?]
	at java.security.AccessController.doPrivileged(AccessController.java:400) ~[?:?]
	at java.security.ProtectionDomain$JavaSecurityAccessImpl.doIntersectionPrivilege(ProtectionDomain.java:87) ~[?:?]
	at java.awt.EventQueue.dispatchEvent(EventQueue.java:742) ~[?:?]
	at java.awt.EventDispatchThread.pumpOneEventForFilters(EventDispatchThread.java:203) ~[?:?]
	at java.awt.EventDispatchThread.pumpEventsForFilter(EventDispatchThread.java:124) ~[?:?]
	at java.awt.EventDispatchThread.pumpEventsForHierarchy(EventDispatchThread.java:113) ~[?:?]
	at java.awt.EventDispatchThread.pumpEvents(EventDispatchThread.java:109) ~[?:?]
	at java.awt.EventDispatchThread.pumpEvents(EventDispatchThread.java:101) ~[?:?]
	at java.awt.EventDispatchThread.run(EventDispatchThread.java:90) ~[?:?]
2025-10-15 12:13:54,417 [WARN] ThirdParty:871 - waiting for thirdparty lock release [close project]
2025-10-15 12:13:54,417 [INFO] ThirdParty:873 - entering critical section [close project]
2025-10-15 12:13:54,417 [INFO] ThirdParty:883 - exiting critical section [close project]
2025-10-15 12:13:54,421 [INFO] PinOutPanel:1589 - setPackage(No Configuration,No Configuration)
2025-10-15 12:13:54,448 [WARN] IpParametersView:155 - Warning: This peripheral hasn't parameters
2025-10-15 12:13:54,469 [WARN] MainPanel:289 - <html><b><center>Warning: This peripheral has no parameters to be configured<br></b></html>
2025-10-15 12:13:54,484 [WARN] IpParametersView:155 - Warning: This peripheral hasn't parameters
2025-10-15 12:13:54,505 [WARN] MainPanel:289 - <html><b><center>Warning: This peripheral has no parameters to be configured<br></b></html>
2025-10-15 12:13:54,519 [INFO] UtilMem:75 - Begin LoadConfig() Used Memory: 981211976 Bytes (1073741824)
2025-10-15 12:13:54,520 [INFO] MicroXplorer:468 - Change Database Path : 
2025-10-15 12:13:54,520 [INFO] MicroXplorer:498 - Change Database Version : DB.6.0.150
2025-10-15 12:13:54,520 [INFO] OpenFileManager:355 - Change cursor
2025-10-15 12:13:54,568 [INFO] RulesReader:64 - Compatibility file has been processed (317 Rules)
2025-10-15 12:13:54,592 [INFO] Mcu:2029 - Initializing MCU STM32H755ZITx STM32H755ZITx STM32H755ZIT6
2025-10-15 12:13:57,493 [INFO] Context:786 - Trying to add GPIOservice into a context  which must be forbidden
2025-10-15 12:13:57,494 [INFO] Context:786 - Trying to add GPIOservice into a context  which must be forbidden
2025-10-15 12:13:58,831 [INFO] ApiDbMcu:532 - Load IP Config File for NUCLEO-H755ZI-Q
2025-10-15 12:13:59,010 [INFO] Context:786 - Trying to add GPIOservice into a context  which must be forbidden
2025-10-15 12:13:59,020 [INFO] Context:786 - Trying to add GPIOservice into a context  which must be forbidden
2025-10-15 12:13:59,022 [INFO] ImportTextPane:234 - (OptionalMessage_ERROR) Pin30 (VP_RIF_VS_RIF1) cannot be retrieved for this MCU
2025-10-15 12:13:59,192 [INFO] RtosManager:558 - Registered RTOS mode: class=CMSIS, group=RTOS, mode=CMSIS_V1, owner=FREERTOS_M7
2025-10-15 12:13:59,192 [INFO] RtosManager:558 - Registered RTOS mode: class=CMSIS, group=RTOS2, mode=CMSIS_V2, owner=FREERTOS_M7
2025-10-15 12:13:59,192 [INFO] RtosManager:558 - Registered RTOS mode: class=RTOS, group=Core, mode=CMSIS_V1, owner=FREERTOS_M7
2025-10-15 12:13:59,192 [INFO] RtosManager:558 - Registered RTOS mode: class=RTOS, group=Core, mode=CMSIS_V2, owner=FREERTOS_M7
2025-10-15 12:13:59,192 [WARN] ModelIntegratedComponent:184 - Missing modes for component STMicroelectronics:FreeRTOS:0.0.1:STMicroelectronics:RTOS:FreeRTOS:Core:::10.2.0:
2025-10-15 12:13:59,194 [WARN] ModelIntegratedComponent:63 - No mode defined for component null
2025-10-15 12:13:59,194 [WARN] ModelIntegratedComponent:63 - No mode defined for component null
2025-10-15 12:13:59,194 [WARN] ModelIntegratedComponent:63 - No mode defined for component null
2025-10-15 12:13:59,194 [WARN] ModelIntegratedComponent:63 - No mode defined for component null
2025-10-15 12:13:59,194 [WARN] ModelIntegratedComponent:63 - No mode defined for component null
2025-10-15 12:13:59,196 [WARN] ModelIntegratedComponent:63 - No mode defined for component null
2025-10-15 12:13:59,196 [WARN] ModelIntegratedComponent:63 - No mode defined for component null
2025-10-15 12:13:59,196 [WARN] ModelIntegratedComponent:63 - No mode defined for component null
2025-10-15 12:13:59,196 [WARN] ModelIntegratedComponent:63 - No mode defined for component null
2025-10-15 12:13:59,196 [WARN] ModelIntegratedComponent:63 - No mode defined for component null
2025-10-15 12:13:59,196 [WARN] ModelIntegratedComponent:63 - No mode defined for component null
2025-10-15 12:13:59,196 [WARN] ModelIntegratedComponent:63 - No mode defined for component null
2025-10-15 12:13:59,196 [WARN] ModelIntegratedComponent:63 - No mode defined for component null
2025-10-15 12:13:59,196 [WARN] ModelIntegratedComponent:63 - No mode defined for component null
2025-10-15 12:13:59,196 [WARN] ModelIntegratedComponent:63 - No mode defined for component null
2025-10-15 12:13:59,196 [WARN] ModelIntegratedComponent:63 - No mode defined for component null
2025-10-15 12:13:59,196 [WARN] ModelIntegratedComponent:63 - No mode defined for component null
2025-10-15 12:13:59,196 [WARN] ModelIntegratedComponent:63 - No mode defined for component null
2025-10-15 12:13:59,196 [WARN] ModelIntegratedComponent:63 - No mode defined for component null
2025-10-15 12:13:59,196 [WARN] ModelIntegratedComponent:63 - No mode defined for component null
2025-10-15 12:13:59,197 [WARN] ModelIntegratedComponent:63 - No mode defined for component null
2025-10-15 12:13:59,197 [WARN] ModelIntegratedComponent:63 - No mode defined for component null
2025-10-15 12:13:59,197 [WARN] ModelIntegratedComponent:63 - No mode defined for component null
2025-10-15 12:13:59,197 [WARN] ModelIntegratedComponent:63 - No mode defined for component null
2025-10-15 12:13:59,197 [WARN] ModelIntegratedComponent:63 - No mode defined for component null
2025-10-15 12:13:59,197 [WARN] ModelIntegratedComponent:63 - No mode defined for component null
2025-10-15 12:13:59,197 [WARN] ModelIntegratedComponent:63 - No mode defined for component null
2025-10-15 12:13:59,197 [WARN] ModelIntegratedComponent:63 - No mode defined for component null
2025-10-15 12:13:59,197 [WARN] ModelIntegratedComponent:63 - No mode defined for component null
2025-10-15 12:13:59,197 [WARN] ModelIntegratedComponent:63 - No mode defined for component null
2025-10-15 12:13:59,197 [WARN] ModelIntegratedComponent:63 - No mode defined for component null
2025-10-15 12:13:59,197 [WARN] ModelIntegratedComponent:63 - No mode defined for component null
2025-10-15 12:13:59,197 [WARN] ModelIntegratedComponent:63 - No mode defined for component null
2025-10-15 12:13:59,197 [WARN] ModelIntegratedComponent:63 - No mode defined for component null
2025-10-15 12:13:59,197 [WARN] ModelIntegratedComponent:63 - No mode defined for component null
2025-10-15 12:13:59,197 [WARN] ModelPack:524 - Component already loaded: STMicroelectronics:HAL Drivers:0.0.0:STMicroelectronics:Device:STMicro_Driver:XSPI:HAL::0.0.1:HAL_XSPI
2025-10-15 12:13:59,394 [INFO] RtosManager:558 - Registered RTOS mode: class=CMSIS, group=RTOS, mode=CMSIS_V1, owner=FREERTOS_M4
2025-10-15 12:13:59,396 [INFO] RtosManager:558 - Registered RTOS mode: class=CMSIS, group=RTOS2, mode=CMSIS_V2, owner=FREERTOS_M4
2025-10-15 12:13:59,396 [INFO] RtosManager:558 - Registered RTOS mode: class=RTOS, group=Core, mode=CMSIS_V1, owner=FREERTOS_M4
2025-10-15 12:13:59,396 [INFO] RtosManager:558 - Registered RTOS mode: class=RTOS, group=Core, mode=CMSIS_V2, owner=FREERTOS_M4
2025-10-15 12:13:59,396 [WARN] ModelIntegratedComponent:184 - Missing modes for component STMicroelectronics:FreeRTOS:0.0.1:STMicroelectronics:RTOS:FreeRTOS:Core:::10.2.0:
2025-10-15 12:13:59,398 [WARN] ModelIntegratedComponent:63 - No mode defined for component null
2025-10-15 12:13:59,399 [WARN] ModelIntegratedComponent:63 - No mode defined for component null
2025-10-15 12:13:59,399 [WARN] ModelIntegratedComponent:63 - No mode defined for component null
2025-10-15 12:13:59,399 [WARN] ModelIntegratedComponent:63 - No mode defined for component null
2025-10-15 12:13:59,399 [WARN] ModelIntegratedComponent:63 - No mode defined for component null
2025-10-15 12:13:59,399 [WARN] ModelIntegratedComponent:63 - No mode defined for component null
2025-10-15 12:13:59,399 [WARN] ModelIntegratedComponent:63 - No mode defined for component null
2025-10-15 12:13:59,399 [WARN] ModelIntegratedComponent:63 - No mode defined for component null
2025-10-15 12:13:59,399 [WARN] ModelIntegratedComponent:63 - No mode defined for component null
2025-10-15 12:13:59,399 [WARN] ModelIntegratedComponent:63 - No mode defined for component null
2025-10-15 12:13:59,399 [WARN] ModelIntegratedComponent:63 - No mode defined for component null
2025-10-15 12:13:59,399 [WARN] ModelIntegratedComponent:63 - No mode defined for component null
2025-10-15 12:13:59,399 [WARN] ModelIntegratedComponent:63 - No mode defined for component null
2025-10-15 12:13:59,399 [WARN] ModelIntegratedComponent:63 - No mode defined for component null
2025-10-15 12:13:59,399 [WARN] ModelIntegratedComponent:63 - No mode defined for component null
2025-10-15 12:13:59,399 [WARN] ModelIntegratedComponent:63 - No mode defined for component null
2025-10-15 12:13:59,399 [WARN] ModelIntegratedComponent:63 - No mode defined for component null
2025-10-15 12:13:59,399 [WARN] ModelIntegratedComponent:63 - No mode defined for component null
2025-10-15 12:13:59,399 [WARN] ModelIntegratedComponent:63 - No mode defined for component null
2025-10-15 12:13:59,399 [WARN] ModelIntegratedComponent:63 - No mode defined for component null
2025-10-15 12:13:59,399 [WARN] ModelIntegratedComponent:63 - No mode defined for component null
2025-10-15 12:13:59,399 [WARN] ModelIntegratedComponent:63 - No mode defined for component null
2025-10-15 12:13:59,399 [WARN] ModelIntegratedComponent:63 - No mode defined for component null
2025-10-15 12:13:59,399 [WARN] ModelIntegratedComponent:63 - No mode defined for component null
2025-10-15 12:13:59,399 [WARN] ModelIntegratedComponent:63 - No mode defined for component null
2025-10-15 12:13:59,399 [WARN] ModelIntegratedComponent:63 - No mode defined for component null
2025-10-15 12:13:59,399 [WARN] ModelIntegratedComponent:63 - No mode defined for component null
2025-10-15 12:13:59,400 [WARN] ModelIntegratedComponent:63 - No mode defined for component null
2025-10-15 12:13:59,400 [WARN] ModelIntegratedComponent:63 - No mode defined for component null
2025-10-15 12:13:59,400 [WARN] ModelIntegratedComponent:63 - No mode defined for component null
2025-10-15 12:13:59,400 [WARN] ModelIntegratedComponent:63 - No mode defined for component null
2025-10-15 12:13:59,400 [WARN] ModelIntegratedComponent:63 - No mode defined for component null
2025-10-15 12:13:59,400 [WARN] ModelIntegratedComponent:63 - No mode defined for component null
2025-10-15 12:13:59,400 [WARN] ModelIntegratedComponent:63 - No mode defined for component null
2025-10-15 12:13:59,400 [WARN] ModelIntegratedComponent:63 - No mode defined for component null
2025-10-15 12:13:59,400 [WARN] ModelPack:524 - Component already loaded: STMicroelectronics:HAL Drivers:0.0.0:STMicroelectronics:Device:STMicro_Driver:XSPI:HAL::0.0.1:HAL_XSPI
2025-10-15 12:13:59,657 [INFO] ThirdPartyModel:298 - Start build external matchings
2025-10-15 12:14:01,363 [INFO] ThirdPartyModel:316 - End build external matchings
2025-10-15 12:14:01,389 [INFO] ThirdPartyModel:298 - Start build external matchings
2025-10-15 12:14:03,149 [INFO] ThirdPartyModel:316 - End build external matchings
2025-10-15 12:14:03,173 [WARN] IP:2250 - ClockDivider not found: check if there is a RefParameter without a condition.
2025-10-15 12:14:03,174 [WARN] IP:2250 - ClockDividerCCU not found: check if there is a RefParameter without a condition.
2025-10-15 12:14:03,174 [WARN] IP:2250 - MinOscClkPeriodsCCU not found: check if there is a RefParameter without a condition.
2025-10-15 12:14:03,174 [WARN] IP:2250 - TimeQuantaPerBitTimeCCU not found: check if there is a RefParameter without a condition.
2025-10-15 12:14:03,174 [WARN] IP:2250 - WatchdogStartValueCCU not found: check if there is a RefParameter without a condition.
2025-10-15 12:14:03,432 [INFO] UtilMem:75 - End LoadConfig() Used Memory: 887599928 Bytes (1073741824)
2025-10-15 12:14:03,458 [WARN] ThirdParty:833 - waiting for thirdparty lock release [change project]
2025-10-15 12:14:03,458 [INFO] ThirdParty:835 - entering critical section [change project]
2025-10-15 12:14:03,458 [INFO] ThirdParty:1030 - CMSIS Pack Vendor :STMicroelectronics X-CUBE-PM33A1 1.0.0
2025-10-15 12:14:03,458 [INFO] ThirdParty:1030 - CMSIS Pack Vendor :STMicroelectronics USBPD 4.1
2025-10-15 12:14:03,458 [INFO] ThirdParty:1030 - CMSIS Pack Vendor :STMicroelectronics USB_HOST 2.0.0
2025-10-15 12:14:03,458 [INFO] ThirdParty:1030 - CMSIS Pack Vendor :STMicroelectronics FP-SNS-MOTENVWB1 1.4.0
2025-10-15 12:14:03,458 [INFO] ThirdParty:1030 - CMSIS Pack Vendor :STMicroelectronics X-CUBE-AZRTOS-F4 1.1.0
2025-10-15 12:14:03,458 [INFO] ThirdParty:1030 - CMSIS Pack Vendor :STMicroelectronics LIBJPEG 8.0.0
2025-10-15 12:14:03,458 [INFO] ThirdParty:1030 - CMSIS Pack Vendor :STMicroelectronics FP-ATR-ASTRA1 2.0.2
2025-10-15 12:14:03,458 [INFO] ThirdParty:1030 - CMSIS Pack Vendor :STMicroelectronics FP-ATR-ASTRA1 2.0.1
2025-10-15 12:14:03,458 [INFO] ThirdParty:1030 - CMSIS Pack Vendor :Avnet-IotConnect X-CUBE-IoTC-DA16k-PMOD 1.0.0
2025-10-15 12:14:03,458 [INFO] ThirdParty:1030 - CMSIS Pack Vendor :STMicroelectronics X-CUBE-SMBUS 2.1.0
2025-10-15 12:14:03,459 [INFO] ThirdParty:1030 - CMSIS Pack Vendor :STMicroelectronics X-CUBE-WB05N 1.1.0
2025-10-15 12:14:03,459 [INFO] ThirdParty:1030 - CMSIS Pack Vendor :STMicroelectronics X-CUBE-ISPU 2.1.0
2025-10-15 12:14:03,459 [INFO] ThirdParty:1030 - CMSIS Pack Vendor :STMicroelectronics X-CUBE-IPS 3.2.0
2025-10-15 12:14:03,459 [INFO] ThirdParty:1030 - CMSIS Pack Vendor :STMicroelectronics X-CUBE-FREERTOS 1.2.0
2025-10-15 12:14:03,459 [INFO] ThirdParty:1030 - CMSIS Pack Vendor :STMicroelectronics X-CUBE-ST60 1.0.0
2025-10-15 12:14:03,459 [INFO] ThirdParty:1030 - CMSIS Pack Vendor :STMicroelectronics X-CUBE-NFC12 1.0.0
2025-10-15 12:14:03,459 [INFO] ThirdParty:1030 - CMSIS Pack Vendor :STMicroelectronics X-CUBE-AZRTOS-F7 1.1.0
2025-10-15 12:14:03,459 [INFO] ThirdParty:1030 - CMSIS Pack Vendor :STMicroelectronics X-CUBE-AZRTOS-L5 2.0.0
2025-10-15 12:14:03,459 [INFO] ThirdParty:1030 - CMSIS Pack Vendor :STMicroelectronics USB_DEVICE 2.0.0
2025-10-15 12:14:03,459 [INFO] ThirdParty:1030 - CMSIS Pack Vendor :STMicroelectronics X-CUBE-NFC6 3.1.0
2025-10-15 12:14:03,459 [INFO] ThirdParty:1030 - CMSIS Pack Vendor :STMicroelectronics X-CUBE-MEMS1 11.0.0
2025-10-15 12:14:03,459 [INFO] ThirdParty:1030 - CMSIS Pack Vendor :STMicroelectronics FreeRTOS 0.0.1
2025-10-15 12:14:03,459 [INFO] ThirdParty:1030 - CMSIS Pack Vendor :STMicroelectronics X-CUBE-DPower 1.2.0
2025-10-15 12:14:03,459 [INFO] ThirdParty:1030 - CMSIS Pack Vendor :STMicroelectronics FP-SNS-FLIGHT1 5.0.2
2025-10-15 12:14:03,459 [INFO] ThirdParty:1030 - CMSIS Pack Vendor :STMicroelectronics PDM2PCM 3.3.0
2025-10-15 12:14:03,459 [INFO] ThirdParty:1030 - CMSIS Pack Vendor :STMicroelectronics X-CUBE-AZRTOS-H7 3.4.0
2025-10-15 12:14:03,459 [INFO] ThirdParty:1030 - CMSIS Pack Vendor :STMicroelectronics X-CUBE-DISPLAY 3.0.0
2025-10-15 12:14:03,459 [INFO] ThirdParty:1030 - CMSIS Pack Vendor :STMicroelectronics X-CUBE-BLE1 7.0.0
2025-10-15 12:14:03,459 [INFO] ThirdParty:1030 - CMSIS Pack Vendor :STMicroelectronics X-CUBE-NFC10 1.0.0
2025-10-15 12:14:03,459 [INFO] ThirdParty:1030 - CMSIS Pack Vendor :STMicroelectronics X-CUBE-BLEMGR 4.0.0
2025-10-15 12:14:03,459 [INFO] ThirdParty:1030 - CMSIS Pack Vendor :STMicroelectronics X-CUBE-FREERTOS 1.3.1
2025-10-15 12:14:03,459 [INFO] ThirdParty:1030 - CMSIS Pack Vendor :STMicroelectronics HAL Drivers 0.0.0
2025-10-15 12:14:03,459 [INFO] ThirdParty:1030 - CMSIS Pack Vendor :emotas I-CUBE-CANOPEN 1.3.0
2025-10-15 12:14:03,459 [INFO] ThirdParty:1030 - CMSIS Pack Vendor :STMicroelectronics X-CUBE-FREERTOS 1.3.0
2025-10-15 12:14:03,459 [INFO] ThirdParty:1030 - CMSIS Pack Vendor :STMicroelectronics X-CUBE-NFC7 1.0.1
2025-10-15 12:14:03,459 [INFO] ThirdParty:1030 - CMSIS Pack Vendor :STMicroelectronics MBEDTLS 2.14.1
2025-10-15 12:14:03,459 [INFO] ThirdParty:1030 - CMSIS Pack Vendor :STMicroelectronics X-CUBE-TOUCHGFX 4.26.0
2025-10-15 12:14:03,459 [INFO] ThirdParty:1030 - CMSIS Pack Vendor :STMicroelectronics X-CUBE-BLEMGR 3.1.0
2025-10-15 12:14:03,459 [INFO] ThirdParty:1030 - CMSIS Pack Vendor :STMicroelectronics X-CUBE-AI 10.0.0
2025-10-15 12:14:03,459 [INFO] ThirdParty:1030 - CMSIS Pack Vendor :STMicroelectronics FP-SNS-STBOX1 2.1.0
2025-10-15 12:14:03,460 [INFO] ThirdParty:1030 - CMSIS Pack Vendor :STMicroelectronics FP-SNS-STAIOTCFT 1.0.0
2025-10-15 12:14:03,460 [INFO] ThirdParty:1030 - CMSIS Pack Vendor :STMicroelectronics FP-SNS-SMARTAG2 1.2.0
2025-10-15 12:14:03,460 [INFO] ThirdParty:1030 - CMSIS Pack Vendor :STMicroelectronics FP-SNS-FLIGHT1 5.1.0
2025-10-15 12:14:03,460 [INFO] ThirdParty:1030 - CMSIS Pack Vendor :STMicroelectronics X-CUBE-MEMS1 11.1.0
2025-10-15 12:14:03,460 [INFO] ThirdParty:1030 - CMSIS Pack Vendor :STMicroelectronics X-CUBE-AZRTOS-WL 2.0.0
2025-10-15 12:14:03,460 [INFO] ThirdParty:1030 - CMSIS Pack Vendor :STMicroelectronics X-CUBE-DPower 1.3.0
2025-10-15 12:14:03,460 [INFO] ThirdParty:1030 - CMSIS Pack Vendor :STMicroelectronics FP-SNS-MOTENV1 5.0.0
2025-10-15 12:14:03,460 [INFO] ThirdParty:1030 - CMSIS Pack Vendor :STMicroelectronics USB_DEVICE 1.0.0
2025-10-15 12:14:03,460 [INFO] ThirdParty:1030 - CMSIS Pack Vendor :wolfSSL I-CUBE-wolfMQTT 1.19.0
2025-10-15 12:14:03,460 [INFO] ThirdParty:1030 - CMSIS Pack Vendor :STMicroelectronics X-CUBE-AZRTOS-L4 2.0.0
2025-10-15 12:14:03,460 [INFO] ThirdParty:1030 - CMSIS Pack Vendor :STMicroelectronics ThreadX 0.0.2
2025-10-15 12:14:03,460 [INFO] ThirdParty:1030 - CMSIS Pack Vendor :WES I-CUBE-Cesium 1.3.0
2025-10-15 12:14:03,460 [INFO] ThirdParty:1030 - CMSIS Pack Vendor :STMicroelectronics lwIP 2.1.2
2025-10-15 12:14:03,460 [INFO] ThirdParty:1030 - CMSIS Pack Vendor :STMicroelectronics X-CUBE-SFXS2LP1 4.0.0
2025-10-15 12:14:03,460 [INFO] ThirdParty:1030 - CMSIS Pack Vendor :STMicroelectronics X-CUBE-BLE2 3.3.0
2025-10-15 12:14:03,460 [INFO] ThirdParty:1030 - CMSIS Pack Vendor :STMicroelectronics PDM2PCM 3.2.0
2025-10-15 12:14:03,460 [INFO] ThirdParty:1030 - CMSIS Pack Vendor :STMicroelectronics X-CUBE-AZRTOS-H7 3.3.0
2025-10-15 12:14:03,460 [INFO] ThirdParty:1030 - CMSIS Pack Vendor :STMicroelectronics X-CUBE-NFC9 1.0.0
2025-10-15 12:14:03,460 [INFO] ThirdParty:1030 - CMSIS Pack Vendor :STMicroelectronics X-CUBE-BLE1 7.1.0
2025-10-15 12:14:03,460 [INFO] ThirdParty:1030 - CMSIS Pack Vendor :STMicroelectronics USB_DEVICE 3.0.0
2025-10-15 12:14:03,460 [INFO] ThirdParty:1030 - CMSIS Pack Vendor :STMicroelectronics X-CUBE-TCPP 4.1.0
2025-10-15 12:14:03,460 [INFO] ThirdParty:1030 - CMSIS Pack Vendor :STMicroelectronics X-CUBE-EEPRMA1 5.2.0
2025-10-15 12:14:03,460 [INFO] ThirdParty:1030 - CMSIS Pack Vendor :STMicroelectronics X-CUBE-BLEMGR 4.1.0
2025-10-15 12:14:03,460 [INFO] ThirdParty:1030 - CMSIS Pack Vendor :STMicroelectronics X-CUBE-IPS 3.0.0
2025-10-15 12:14:03,460 [INFO] ThirdParty:1030 - CMSIS Pack Vendor :STMicroelectronics X-CUBE-AZRTOS-WB 2.0.0
2025-10-15 12:14:03,460 [INFO] ThirdParty:1030 - CMSIS Pack Vendor :STMicroelectronics X-CUBE-GNSS1 7.0.0
2025-10-15 12:14:03,460 [INFO] ThirdParty:1030 - CMSIS Pack Vendor :STMicroelectronics X-CUBE-GNSS1 7.0.1
2025-10-15 12:14:03,460 [INFO] ThirdParty:1030 - CMSIS Pack Vendor :STMicroelectronics X-CUBE-TOUCHGFX 4.25.0
2025-10-15 12:14:03,460 [INFO] ThirdParty:1030 - CMSIS Pack Vendor :STMicroelectronics X-CUBE-ST67W61 1.1.0
2025-10-15 12:14:03,460 [INFO] ThirdParty:1030 - CMSIS Pack Vendor :STMicroelectronics X-CUBE-AI 10.1.0
2025-10-15 12:14:03,460 [INFO] ThirdParty:1030 - CMSIS Pack Vendor :STMicroelectronics FP-SNS-STBOX1 2.0.0
2025-10-15 12:14:03,461 [INFO] ThirdParty:1030 - CMSIS Pack Vendor :STMicroelectronics X-CUBE-MEMS1 11.2.0
2025-10-15 12:14:03,461 [INFO] ThirdParty:1030 - CMSIS Pack Vendor :STMicroelectronics X-CUBE-AZRTOS-G0 1.1.0
2025-10-15 12:14:03,461 [INFO] ThirdParty:1030 - CMSIS Pack Vendor :STMicroelectronics X-CUBE-SAFEA1 1.2.2
2025-10-15 12:14:03,461 [INFO] ThirdParty:1030 - CMSIS Pack Vendor :STMicroelectronics X-CUBE-NFC4 3.0.0
2025-10-15 12:14:03,461 [INFO] ThirdParty:1030 - CMSIS Pack Vendor :STMicroelectronics X-CUBE-SUBG2 5.0.0
2025-10-15 12:14:03,461 [INFO] ThirdParty:1030 - CMSIS Pack Vendor :STMicroelectronics X-CUBE-AZRTOS-H7RS 1.1.0
2025-10-15 12:14:03,461 [INFO] ThirdParty:1030 - CMSIS Pack Vendor :STMicroelectronics STM32_WPAN 1.0.0
2025-10-15 12:14:03,461 [INFO] ThirdParty:1030 - CMSIS Pack Vendor :EmbeddedOffice I-CUBE-FS-RTOS 1.0.1
2025-10-15 12:14:03,461 [INFO] ThirdParty:1030 - CMSIS Pack Vendor :STMicroelectronics lwIP 2.0.3
2025-10-15 12:14:03,461 [INFO] ThirdParty:1030 - CMSIS Pack Vendor :Cesanta I-CUBE-Mongoose 7.13.0
2025-10-15 12:14:03,461 [INFO] ThirdParty:1030 - CMSIS Pack Vendor :STMicroelectronics USB_HOST 1.0.0
2025-10-15 12:14:03,461 [INFO] ThirdParty:1030 - CMSIS Pack Vendor :STMicroelectronics X-CUBE-AZRTOS-G4 2.0.0
2025-10-15 12:14:03,461 [INFO] ThirdParty:1030 - CMSIS Pack Vendor :STMicroelectronics X-CUBE-WB05N 2.0.0
2025-10-15 12:14:03,461 [INFO] ThirdParty:1030 - CMSIS Pack Vendor :STMicroelectronics PDM2PCM 3.1.0
2025-10-15 12:14:03,461 [INFO] ThirdParty:1030 - CMSIS Pack Vendor :STMicroelectronics X-CUBE-NFC7 2.0.0
2025-10-15 12:14:03,461 [INFO] ThirdParty:1030 - CMSIS Pack Vendor :STMicroelectronics X-CUBE-TCPP 4.2.0
2025-10-15 12:14:03,461 [INFO] ThirdParty:1030 - CMSIS Pack Vendor :RealThread X-CUBE-RT-Thread_Nano 4.1.1
2025-10-15 12:14:03,461 [INFO] ThirdParty:1030 - CMSIS Pack Vendor :STMicroelectronics FP-ATR-SIGFOX1 3.2.0
2025-10-15 12:14:03,461 [INFO] ThirdParty:1030 - CMSIS Pack Vendor :wolfSSL I-CUBE-wolfSSL 5.7.2
2025-10-15 12:14:03,461 [INFO] ThirdParty:1030 - CMSIS Pack Vendor :quantropi X-CUBE-qispace-sdk-base 1.9.3
2025-10-15 12:14:03,461 [INFO] ThirdParty:1030 - CMSIS Pack Vendor :STMicroelectronics X-CUBE-EEPRMA1 5.1.0
2025-10-15 12:14:03,461 [INFO] ThirdParty:1030 - CMSIS Pack Vendor :STMicroelectronics MBEDTLS 2.16.2
2025-10-15 12:14:03,461 [INFO] ThirdParty:1030 - CMSIS Pack Vendor :STMicroelectronics X-CUBE-IPS 3.1.0
2025-10-15 12:14:03,461 [INFO] ThirdParty:1030 - CMSIS Pack Vendor :STMicroelectronics X-CUBE-ALS 1.0.2
2025-10-15 12:14:03,461 [INFO] ThirdParty:1030 - CMSIS Pack Vendor :ITTIA_DB I-CUBE-ITTIADB 8.9.0
2025-10-15 12:14:03,461 [INFO] ThirdParty:1030 - CMSIS Pack Vendor :STMicroelectronics X-CUBE-TOUCHGFX 4.24.2
2025-10-15 12:14:03,461 [INFO] ThirdParty:1030 - CMSIS Pack Vendor :STMicroelectronics X-CUBE-TOUCHGFX 4.24.1
2025-10-15 12:14:03,461 [INFO] ThirdParty:1030 - CMSIS Pack Vendor :STMicroelectronics X-CUBE-STSE01 1.0.0
2025-10-15 12:14:03,461 [INFO] ThirdParty:1030 - CMSIS Pack Vendor :wolfSSL I-CUBE-wolfTPM 3.4.0
2025-10-15 12:14:03,461 [INFO] ThirdParty:1030 - CMSIS Pack Vendor :portGmbH I-Cube-SoM-uGOAL 1.1.0
2025-10-15 12:14:03,461 [INFO] ThirdParty:1030 - CMSIS Pack Vendor :STMicroelectronics X-CUBE-ST67W61 1.0.0
2025-10-15 12:14:03,462 [INFO] ThirdParty:1030 - CMSIS Pack Vendor :STMicroelectronics X-CUBE-AI 10.2.0
2025-10-15 12:14:03,462 [INFO] ThirdParty:1030 - CMSIS Pack Vendor :STMicroelectronics ThreadX 1.0.0
2025-10-15 12:14:03,462 [INFO] ThirdParty:1030 - CMSIS Pack Vendor :SEGGER I-CUBE-embOS 1.3.1
2025-10-15 12:14:03,462 [INFO] ThirdParty:1030 - CMSIS Pack Vendor :STMicroelectronics X-CUBE-ALGOBUILD 1.4.0
2025-10-15 12:14:03,462 [INFO] ThirdParty:1030 - CMSIS Pack Vendor :STMicroelectronics X-CUBE-MEMS1 11.3.0
2025-10-15 12:14:03,462 [INFO] ThirdParty:1030 - CMSIS Pack Vendor :STMicroelectronics X-CUBE-AZRTOS-H7RS 1.0.0
2025-10-15 12:14:03,462 [INFO] ThirdParty:1030 - CMSIS Pack Vendor :STMicroelectronics FP-ATR-ASTRA1 2.0.0
2025-10-15 12:14:03,462 [INFO] ThirdParty:1030 - CMSIS Pack Vendor :STMicroelectronics X-CUBE-TOF1 3.4.2
2025-10-15 12:14:03,462 [INFO] ThirdParty:1030 - CMSIS Pack Vendor :STMicroelectronics X-CUBE-TOF1 3.4.3
2025-10-15 12:14:03,462 [INFO] ThirdParty:1030 - CMSIS Pack Vendor :STMicroelectronics X-CUBE-AI 9.1.0
2025-10-15 12:14:03,462 [INFO] ThirdParty:1030 - CMSIS Pack Vendor :Infineon AIROC-Wi-Fi-Bluetooth-STM32 1.6.1
2025-10-15 12:14:03,462 [INFO] ThirdParty:1030 - CMSIS Pack Vendor :wolfSSL I-CUBE-wolfSSH 1.4.17
2025-10-15 12:14:03,462 [INFO] ThirdParty:841 - exiting critical section [change project]
2025-10-15 12:14:04,374 [INFO] PinOutPanel:1589 - setPackage(No Configuration,No Configuration)
2025-10-15 12:14:04,374 [INFO] PinOutPanel:1589 - setPackage(STM32H755ZITx,LQFP144)
2025-10-15 12:14:05,083 [INFO] UtilMem:75 - Before build in PCC Used Memory: 610999288 Bytes (1073741824)
2025-10-15 12:14:05,754 [INFO] UtilMem:75 - After build in PCC Used Memory: 742597624 Bytes (1073741824)
2025-10-15 12:14:05,801 [INFO] IPUIPlugin:80 - create IPUIPlugin
2025-10-15 12:14:05,801 [INFO] IPUIPlugin:80 - create IPUIPlugin
2025-10-15 12:14:05,801 [INFO] IPUIPlugin:80 - create IPUIPlugin
2025-10-15 12:14:05,802 [INFO] IPUIPlugin:80 - create IPUIPlugin
2025-10-15 12:14:05,802 [INFO] IPUIPlugin:80 - create IPUIPlugin
2025-10-15 12:14:05,802 [INFO] IPUIPlugin:80 - create IPUIPlugin
2025-10-15 12:14:05,802 [INFO] IPUIPlugin:80 - create IPUIPlugin
2025-10-15 12:14:05,802 [INFO] IPUIPlugin:80 - create IPUIPlugin
2025-10-15 12:14:05,803 [INFO] IPUIPlugin:80 - create IPUIPlugin
2025-10-15 12:14:05,803 [INFO] IPUIPlugin:80 - create IPUIPlugin
2025-10-15 12:14:05,803 [INFO] IPUIPlugin:80 - create IPUIPlugin
2025-10-15 12:14:05,803 [INFO] IPUIPlugin:80 - create IPUIPlugin
2025-10-15 12:14:05,803 [INFO] IPUIPlugin:80 - create IPUIPlugin
2025-10-15 12:14:05,803 [INFO] IPUIPlugin:80 - create IPUIPlugin
2025-10-15 12:14:05,803 [INFO] IPUIPlugin:80 - create IPUIPlugin
2025-10-15 12:14:05,804 [INFO] IPUIPlugin:80 - create IPUIPlugin
2025-10-15 12:14:05,804 [INFO] IPUIPlugin:80 - create IPUIPlugin
2025-10-15 12:14:05,804 [INFO] IPUIPlugin:80 - create IPUIPlugin
2025-10-15 12:14:05,804 [INFO] IPUIPlugin:80 - create IPUIPlugin
2025-10-15 12:14:05,804 [INFO] IPUIPlugin:80 - create IPUIPlugin
2025-10-15 12:14:05,804 [INFO] IPUIPlugin:80 - create IPUIPlugin
2025-10-15 12:14:05,804 [INFO] IPUIPlugin:80 - create IPUIPlugin
2025-10-15 12:14:05,804 [INFO] IPUIPlugin:80 - create IPUIPlugin
2025-10-15 12:14:05,804 [INFO] IPUIPlugin:80 - create IPUIPlugin
2025-10-15 12:14:05,804 [INFO] IPUIPlugin:80 - create IPUIPlugin
2025-10-15 12:14:05,804 [INFO] IPUIPlugin:80 - create IPUIPlugin
2025-10-15 12:14:05,806 [INFO] IPUIPlugin:80 - create IPUIPlugin
2025-10-15 12:14:05,806 [INFO] IPUIPlugin:80 - create IPUIPlugin
2025-10-15 12:14:05,806 [INFO] IPUIPlugin:80 - create IPUIPlugin
2025-10-15 12:14:05,806 [INFO] IPUIPlugin:80 - create IPUIPlugin
2025-10-15 12:14:05,806 [INFO] IPUIPlugin:80 - create IPUIPlugin
2025-10-15 12:14:05,806 [INFO] IPUIPlugin:80 - create IPUIPlugin
2025-10-15 12:14:05,807 [INFO] IPUIPlugin:80 - create IPUIPlugin
2025-10-15 12:14:05,807 [INFO] IPUIPlugin:80 - create IPUIPlugin
2025-10-15 12:14:05,807 [INFO] IPUIPlugin:80 - create IPUIPlugin
2025-10-15 12:14:05,807 [INFO] IPUIPlugin:80 - create IPUIPlugin
2025-10-15 12:14:05,807 [INFO] IPUIPlugin:80 - create IPUIPlugin
2025-10-15 12:14:05,808 [INFO] IPUIPlugin:80 - create IPUIPlugin
2025-10-15 12:14:05,808 [INFO] IPUIPlugin:80 - create IPUIPlugin
2025-10-15 12:14:05,808 [INFO] IPUIPlugin:80 - create IPUIPlugin
2025-10-15 12:14:05,808 [INFO] IPUIPlugin:80 - create IPUIPlugin
2025-10-15 12:14:05,809 [INFO] IPUIPlugin:80 - create IPUIPlugin
2025-10-15 12:14:05,809 [INFO] IPUIPlugin:80 - create IPUIPlugin
2025-10-15 12:14:05,809 [INFO] IPUIPlugin:80 - create IPUIPlugin
2025-10-15 12:14:05,809 [INFO] IPUIPlugin:80 - create IPUIPlugin
2025-10-15 12:14:05,810 [INFO] IPUIPlugin:80 - create IPUIPlugin
2025-10-15 12:14:05,810 [INFO] IPUIPlugin:80 - create IPUIPlugin
2025-10-15 12:14:05,810 [INFO] IPUIPlugin:80 - create IPUIPlugin
2025-10-15 12:14:05,811 [INFO] IPUIPlugin:80 - create IPUIPlugin
2025-10-15 12:14:05,811 [INFO] IPUIPlugin:80 - create IPUIPlugin
2025-10-15 12:14:05,811 [INFO] IPUIPlugin:80 - create IPUIPlugin
2025-10-15 12:14:05,811 [INFO] IPUIPlugin:80 - create IPUIPlugin
2025-10-15 12:14:05,812 [INFO] IPUIPlugin:80 - create IPUIPlugin
2025-10-15 12:14:05,812 [INFO] IPUIPlugin:80 - create IPUIPlugin
2025-10-15 12:14:05,812 [INFO] IPUIPlugin:80 - create IPUIPlugin
2025-10-15 12:14:05,812 [INFO] IPUIPlugin:80 - create IPUIPlugin
2025-10-15 12:14:05,813 [INFO] IPUIPlugin:80 - create IPUIPlugin
2025-10-15 12:14:05,813 [INFO] IPUIPlugin:80 - create IPUIPlugin
2025-10-15 12:14:05,813 [INFO] IPUIPlugin:80 - create IPUIPlugin
2025-10-15 12:14:05,813 [INFO] IPUIPlugin:80 - create IPUIPlugin
2025-10-15 12:14:05,814 [INFO] IPUIPlugin:80 - create IPUIPlugin
2025-10-15 12:14:05,814 [INFO] IPUIPlugin:80 - create IPUIPlugin
2025-10-15 12:14:05,814 [INFO] IPUIPlugin:80 - create IPUIPlugin
2025-10-15 12:14:05,815 [INFO] IPUIPlugin:80 - create IPUIPlugin
2025-10-15 12:14:05,815 [INFO] IPUIPlugin:80 - create IPUIPlugin
2025-10-15 12:14:05,815 [INFO] IPUIPlugin:80 - create IPUIPlugin
2025-10-15 12:14:05,816 [INFO] IPUIPlugin:80 - create IPUIPlugin
2025-10-15 12:14:05,816 [INFO] IPUIPlugin:80 - create IPUIPlugin
2025-10-15 12:14:05,816 [INFO] IPUIPlugin:80 - create IPUIPlugin
2025-10-15 12:14:05,817 [INFO] IPUIPlugin:80 - create IPUIPlugin
2025-10-15 12:14:05,817 [INFO] IPUIPlugin:80 - create IPUIPlugin
2025-10-15 12:14:05,817 [INFO] IPUIPlugin:80 - create IPUIPlugin
2025-10-15 12:14:05,818 [INFO] IPUIPlugin:80 - create IPUIPlugin
2025-10-15 12:14:05,818 [INFO] IPUIPlugin:80 - create IPUIPlugin
2025-10-15 12:14:05,818 [INFO] IPUIPlugin:80 - create IPUIPlugin
2025-10-15 12:14:05,819 [INFO] IPUIPlugin:80 - create IPUIPlugin
2025-10-15 12:14:05,819 [INFO] IPUIPlugin:80 - create IPUIPlugin
2025-10-15 12:14:05,819 [INFO] IPUIPlugin:80 - create IPUIPlugin
2025-10-15 12:14:05,820 [INFO] IPUIPlugin:80 - create IPUIPlugin
2025-10-15 12:14:05,820 [INFO] IPUIPlugin:80 - create IPUIPlugin
2025-10-15 12:14:05,820 [INFO] IPUIPlugin:80 - create IPUIPlugin
2025-10-15 12:14:05,821 [INFO] IPUIPlugin:80 - create IPUIPlugin
2025-10-15 12:14:05,821 [INFO] IPUIPlugin:80 - create IPUIPlugin
2025-10-15 12:14:05,821 [INFO] IPUIPlugin:80 - create IPUIPlugin
2025-10-15 12:14:05,822 [INFO] IPUIPlugin:80 - create IPUIPlugin
2025-10-15 12:14:05,822 [INFO] IPUIPlugin:80 - create IPUIPlugin
2025-10-15 12:14:05,822 [INFO] IPUIPlugin:80 - create IPUIPlugin
2025-10-15 12:14:05,823 [INFO] IPUIPlugin:80 - create IPUIPlugin
2025-10-15 12:14:05,823 [INFO] IPUIPlugin:80 - create IPUIPlugin
2025-10-15 12:14:05,824 [INFO] IPUIPlugin:80 - create IPUIPlugin
2025-10-15 12:14:05,824 [INFO] IPUIPlugin:80 - create IPUIPlugin
2025-10-15 12:14:05,825 [INFO] IPUIPlugin:80 - create IPUIPlugin
2025-10-15 12:14:05,825 [INFO] IPUIPlugin:80 - create IPUIPlugin
2025-10-15 12:14:05,825 [INFO] IPUIPlugin:80 - create IPUIPlugin
2025-10-15 12:14:05,826 [INFO] IPUIPlugin:80 - create IPUIPlugin
2025-10-15 12:14:05,826 [INFO] IPUIPlugin:80 - create IPUIPlugin
2025-10-15 12:14:05,827 [INFO] IPUIPlugin:80 - create IPUIPlugin
2025-10-15 12:14:05,827 [INFO] IPUIPlugin:80 - create IPUIPlugin
2025-10-15 12:14:05,828 [INFO] IPUIPlugin:80 - create IPUIPlugin
2025-10-15 12:14:05,828 [INFO] IPUIPlugin:80 - create IPUIPlugin
2025-10-15 12:14:05,829 [INFO] IPUIPlugin:80 - create IPUIPlugin
2025-10-15 12:14:05,829 [INFO] IPUIPlugin:80 - create IPUIPlugin
2025-10-15 12:14:05,830 [INFO] IPUIPlugin:80 - create IPUIPlugin
2025-10-15 12:14:05,830 [INFO] IPUIPlugin:80 - create IPUIPlugin
2025-10-15 12:14:05,831 [INFO] IPUIPlugin:80 - create IPUIPlugin
2025-10-15 12:14:05,831 [INFO] IPUIPlugin:80 - create IPUIPlugin
2025-10-15 12:14:05,832 [INFO] IPUIPlugin:80 - create IPUIPlugin
2025-10-15 12:14:05,833 [INFO] IPUIPlugin:80 - create IPUIPlugin
2025-10-15 12:14:05,833 [INFO] IPUIPlugin:80 - create IPUIPlugin
2025-10-15 12:14:05,834 [INFO] IPUIPlugin:80 - create IPUIPlugin
2025-10-15 12:14:05,834 [INFO] IPUIPlugin:80 - create IPUIPlugin
2025-10-15 12:14:05,835 [INFO] IPUIPlugin:80 - create IPUIPlugin
2025-10-15 12:14:05,835 [INFO] IPUIPlugin:80 - create IPUIPlugin
2025-10-15 12:14:05,836 [INFO] IPUIPlugin:80 - create IPUIPlugin
2025-10-15 12:14:05,850 [INFO] ApiDbMcu:532 - Load IP Config File for PDM2PCM_M7
2025-10-15 12:14:05,854 [INFO] ApiDbMcu:532 - Load IP Config File for PDM2PCM_M4
2025-10-15 12:14:05,863 [WARN] IP:2250 - ClockDivider not found: check if there is a RefParameter without a condition.
2025-10-15 12:14:05,863 [WARN] IP:2250 - ClockDividerCCU not found: check if there is a RefParameter without a condition.
2025-10-15 12:14:05,863 [WARN] IP:2250 - MinOscClkPeriodsCCU not found: check if there is a RefParameter without a condition.
2025-10-15 12:14:05,863 [WARN] IP:2250 - TimeQuantaPerBitTimeCCU not found: check if there is a RefParameter without a condition.
2025-10-15 12:14:05,863 [WARN] IP:2250 - WatchdogStartValueCCU not found: check if there is a RefParameter without a condition.
2025-10-15 12:14:05,872 [INFO] LogOutputStream:77 - [STDOUT_REDIRECT] Nominal 
2025-10-15 12:14:05,872 [INFO] Can:71 - Can Add PropertyChangeListener com.st.microxplorer.plugins.ip.can.Can@49ae8f6
2025-10-15 12:14:05,971 [INFO] CADModel:165 - CPN selected for project levelSTM32H755ZIT6
2025-10-15 12:14:05,971 [INFO] CADModel:114 - Register for checkConnection events
2025-10-15 12:14:06,053 [INFO] OpenFileManager:386 - Restore cursor
2025-10-15 12:14:06,327 [WARN] IP:2250 - ClockDivider not found: check if there is a RefParameter without a condition.
2025-10-15 12:14:06,327 [WARN] IP:2250 - ClockDividerCCU not found: check if there is a RefParameter without a condition.
2025-10-15 12:14:06,327 [WARN] IP:2250 - MinOscClkPeriodsCCU not found: check if there is a RefParameter without a condition.
2025-10-15 12:14:06,327 [WARN] IP:2250 - TimeQuantaPerBitTimeCCU not found: check if there is a RefParameter without a condition.
2025-10-15 12:14:06,327 [WARN] IP:2250 - WatchdogStartValueCCU not found: check if there is a RefParameter without a condition.
2025-10-15 12:14:22,198 [WARN] IP:2250 - ClockDivider not found: check if there is a RefParameter without a condition.
2025-10-15 12:14:22,198 [WARN] IP:2250 - ClockDividerCCU not found: check if there is a RefParameter without a condition.
2025-10-15 12:14:22,198 [WARN] IP:2250 - MinOscClkPeriodsCCU not found: check if there is a RefParameter without a condition.
2025-10-15 12:14:22,198 [WARN] IP:2250 - TimeQuantaPerBitTimeCCU not found: check if there is a RefParameter without a condition.
2025-10-15 12:14:22,198 [WARN] IP:2250 - WatchdogStartValueCCU not found: check if there is a RefParameter without a condition.
2025-10-15 12:14:22,233 [INFO] NvicIntPanel:101 - NVIC parent = com.st.microxplorer.plugins.ip.nvic.MultiNvicIntPanel[,0,0,0x0,invalid,layout=javax.swing.BoxLayout,alignmentX=0.0,alignmentY=0.0,border=,flags=9,maximumSize=,minimumSize=,preferredSize=]
2025-10-15 12:14:23,533 [INFO] UtilMem:75 - End SaveConfig() Used Memory: 523708552 Bytes (1073741824)
2025-10-15 12:14:23,681 [INFO] UtilMem:75 - End SaveConfig() Used Memory: 547299464 Bytes (1073741824)
2025-10-15 12:14:25,051 [INFO] UtilMem:75 - End SaveConfig() Used Memory: 826747016 Bytes (1073741824)
2025-10-15 12:14:25,566 [INFO] BlockDiagram:2775 - set Specific Code input for plugin: RCC
2025-10-15 12:14:25,566 [INFO] BlockDiagram:2775 - set Specific Code input for plugin: USART
2025-10-15 12:14:25,566 [INFO] BlockDiagram:2775 - set Specific Code input for plugin: FDCAN
2025-10-15 12:14:25,566 [INFO] BlockDiagram:2775 - set Specific Code input for plugin: MEMORYMAP
2025-10-15 12:14:25,566 [INFO] BlockDiagram:2775 - set Specific Code input for plugin: SYS
2025-10-15 12:14:25,566 [INFO] BlockDiagram:2775 - set Specific Code input for plugin: NVIC2
2025-10-15 12:14:25,566 [INFO] BlockDiagram:2775 - set Specific Code input for plugin: GPIO
2025-10-15 12:14:25,566 [INFO] BlockDiagram:2775 - set Specific Code input for plugin: SYS_M4
2025-10-15 12:14:25,567 [INFO] BlockDiagram:2775 - set Specific Code input for plugin: NVIC1
2025-10-15 12:14:25,567 [INFO] CodeGenerator:892 - code generatio: config db path: C:\ST\STM32CubeIDE_1.16.1\STM32CubeIDE\plugins\com.st.stm32cube.common.mx_6.15.0.202507011659\\db\
2025-10-15 12:14:25,570 [WARN] IP:2250 - ClockDivider not found: check if there is a RefParameter without a condition.
2025-10-15 12:14:25,570 [WARN] IP:2250 - ClockDividerCCU not found: check if there is a RefParameter without a condition.
2025-10-15 12:14:25,570 [WARN] IP:2250 - MinOscClkPeriodsCCU not found: check if there is a RefParameter without a condition.
2025-10-15 12:14:25,570 [WARN] IP:2250 - TimeQuantaPerBitTimeCCU not found: check if there is a RefParameter without a condition.
2025-10-15 12:14:25,570 [WARN] IP:2250 - WatchdogStartValueCCU not found: check if there is a RefParameter without a condition.
2025-10-15 12:14:25,603 [INFO] CodeGenerator:1619 - *******************Project context M7 selected
2025-10-15 12:14:25,768 [INFO] CodeEngine:265 - oldGeneratedFile, E:\AGH\AiR\Praca_inzynierska\bldc_foc\Projects\H7_v2\MXTmpFiles\license.tmp_save
2025-10-15 12:14:25,923 [INFO] CodeEngine:289 - Generated code: E:\AGH\AiR\Praca_inzynierska\bldc_foc\Projects\H7_v2\MXTmpFiles\license.tmp
2025-10-15 12:14:25,985 [INFO] CodeEngine:265 - oldGeneratedFile, E:\AGH\AiR\Praca_inzynierska\bldc_foc\Projects\H7_v2\CM7\MXTmpFiles\gpio.tmp_save
2025-10-15 12:14:26,082 [INFO] CodeEngine:289 - Generated code: E:\AGH\AiR\Praca_inzynierska\bldc_foc\Projects\H7_v2\CM7\MXTmpFiles\gpio.tmp
2025-10-15 12:14:26,143 [WARN] IPConfigManager:103 - WARNING: Missing Config File for MEMORYMAP ip!!
2025-10-15 12:14:26,170 [WARN] IPConfigManager:103 - WARNING: Missing Config File for NVIC1 ip!!
2025-10-15 12:14:26,248 [INFO] CodeEngine:265 - oldGeneratedFile, E:\AGH\AiR\Praca_inzynierska\bldc_foc\Projects\H7_v2\CM7\MXTmpFiles\cortex.tmp_save
2025-10-15 12:14:26,324 [INFO] CodeEngine:289 - Generated code: E:\AGH\AiR\Praca_inzynierska\bldc_foc\Projects\H7_v2\CM7\MXTmpFiles\cortex.tmp
2025-10-15 12:14:26,340 [INFO] CodeEngine:265 - oldGeneratedFile, E:\AGH\AiR\Praca_inzynierska\bldc_foc\Projects\H7_v2\CM7\Core\Src\stm32h7xx_it.c_save
2025-10-15 12:14:26,483 [INFO] CodeEngine:289 - Generated code: E:\AGH\AiR\Praca_inzynierska\bldc_foc\Projects\H7_v2\CM7\Core\Src\stm32h7xx_it.c
2025-10-15 12:14:26,486 [INFO] CodeEngine:265 - oldGeneratedFile, E:\AGH\AiR\Praca_inzynierska\bldc_foc\Projects\H7_v2\CM7\Core\Inc\stm32h7xx_it.h_save
2025-10-15 12:14:26,550 [INFO] CodeEngine:289 - Generated code: E:\AGH\AiR\Praca_inzynierska\bldc_foc\Projects\H7_v2\CM7\Core\Inc\stm32h7xx_it.h
2025-10-15 12:14:26,608 [INFO] CodeEngine:265 - oldGeneratedFile, E:\AGH\AiR\Praca_inzynierska\bldc_foc\Projects\H7_v2\CM7\Core\Src\stm32h7xx_hal_msp.c_save
2025-10-15 12:14:26,717 [INFO] CodeEngine:289 - Generated code: E:\AGH\AiR\Praca_inzynierska\bldc_foc\Projects\H7_v2\CM7\Core\Src\stm32h7xx_hal_msp.c
2025-10-15 12:14:26,720 [INFO] CodeEngine:265 - oldGeneratedFile, E:\AGH\AiR\Praca_inzynierska\bldc_foc\Projects\H7_v2\CM7\MXTmpFiles\system.tmp_save
2025-10-15 12:14:26,780 [INFO] CodeEngine:289 - Generated code: E:\AGH\AiR\Praca_inzynierska\bldc_foc\Projects\H7_v2\CM7\MXTmpFiles\system.tmp
2025-10-15 12:14:26,789 [INFO] CodeEngine:321 - oldGeneratedFile, E:\AGH\AiR\Praca_inzynierska\bldc_foc\Projects\H7_v2\CM7\Core\Inc\stm32h7xx_hal_conf.h_save
2025-10-15 12:14:26,901 [INFO] CodeEngine:345 - Generated code: E:\AGH\AiR\Praca_inzynierska\bldc_foc\Projects\H7_v2\CM7\Core\Inc\stm32h7xx_hal_conf.h
2025-10-15 12:14:26,951 [INFO] ApiDbMcu:532 - Load IP Config File for FDCAN1
2025-10-15 12:14:26,960 [INFO] ApiDbMcu:532 - Load IP Config File for USART3
2025-10-15 12:14:26,964 [INFO] ApiDbMcu:532 - Load IP Config File for RCC
2025-10-15 12:14:26,966 [WARN] IPConfigManager:3811 - IP not found : NVIC
2025-10-15 12:14:26,966 [WARN] CodeGenerator:4259 - IP not found : null
2025-10-15 12:14:26,973 [INFO] CodeEngine:265 - oldGeneratedFile, E:\AGH\AiR\Praca_inzynierska\bldc_foc\Projects\H7_v2\CM7\Core\Inc\main.h_save
2025-10-15 12:14:27,055 [INFO] CodeEngine:289 - Generated code: E:\AGH\AiR\Praca_inzynierska\bldc_foc\Projects\H7_v2\CM7\Core\Inc\main.h
2025-10-15 12:14:27,059 [INFO] CodeEngine:265 - oldGeneratedFile, E:\AGH\AiR\Praca_inzynierska\bldc_foc\Projects\H7_v2\CM7\Core\Src\main.c_save
2025-10-15 12:14:27,148 [INFO] CodeEngine:289 - Generated code: E:\AGH\AiR\Praca_inzynierska\bldc_foc\Projects\H7_v2\CM7\Core\Src\main.c
2025-10-15 12:14:27,198 [INFO] CodeGenerator:1619 - *******************Project context M4 selected
2025-10-15 12:14:27,262 [INFO] CodeEngine:265 - oldGeneratedFile, E:\AGH\AiR\Praca_inzynierska\bldc_foc\Projects\H7_v2\MXTmpFiles\license.tmp_save
2025-10-15 12:14:27,325 [INFO] CodeEngine:289 - Generated code: E:\AGH\AiR\Praca_inzynierska\bldc_foc\Projects\H7_v2\MXTmpFiles\license.tmp
2025-10-15 12:14:27,371 [INFO] CodeEngine:265 - oldGeneratedFile, E:\AGH\AiR\Praca_inzynierska\bldc_foc\Projects\H7_v2\CM4\MXTmpFiles\gpio.tmp_save
2025-10-15 12:14:27,434 [INFO] CodeEngine:289 - Generated code: E:\AGH\AiR\Praca_inzynierska\bldc_foc\Projects\H7_v2\CM4\MXTmpFiles\gpio.tmp
2025-10-15 12:14:27,455 [WARN] IPConfigManager:103 - WARNING: Missing Config File for NVIC2 ip!!
2025-10-15 12:14:27,508 [INFO] CodeEngine:265 - oldGeneratedFile, E:\AGH\AiR\Praca_inzynierska\bldc_foc\Projects\H7_v2\CM4\MXTmpFiles\cortex.tmp_save
2025-10-15 12:14:27,549 [INFO] CodeEngine:289 - Generated code: E:\AGH\AiR\Praca_inzynierska\bldc_foc\Projects\H7_v2\CM4\MXTmpFiles\cortex.tmp
2025-10-15 12:14:27,560 [INFO] CodeEngine:265 - oldGeneratedFile, E:\AGH\AiR\Praca_inzynierska\bldc_foc\Projects\H7_v2\CM4\Core\Src\stm32h7xx_it.c_save
2025-10-15 12:14:27,609 [INFO] CodeEngine:289 - Generated code: E:\AGH\AiR\Praca_inzynierska\bldc_foc\Projects\H7_v2\CM4\Core\Src\stm32h7xx_it.c
2025-10-15 12:14:27,612 [INFO] CodeEngine:265 - oldGeneratedFile, E:\AGH\AiR\Praca_inzynierska\bldc_foc\Projects\H7_v2\CM4\Core\Inc\stm32h7xx_it.h_save
2025-10-15 12:14:27,673 [INFO] CodeEngine:289 - Generated code: E:\AGH\AiR\Praca_inzynierska\bldc_foc\Projects\H7_v2\CM4\Core\Inc\stm32h7xx_it.h
2025-10-15 12:14:27,732 [INFO] CodeEngine:265 - oldGeneratedFile, E:\AGH\AiR\Praca_inzynierska\bldc_foc\Projects\H7_v2\CM4\Core\Src\stm32h7xx_hal_msp.c_save
2025-10-15 12:14:27,809 [INFO] CodeEngine:289 - Generated code: E:\AGH\AiR\Praca_inzynierska\bldc_foc\Projects\H7_v2\CM4\Core\Src\stm32h7xx_hal_msp.c
2025-10-15 12:14:27,812 [INFO] CodeEngine:265 - oldGeneratedFile, E:\AGH\AiR\Praca_inzynierska\bldc_foc\Projects\H7_v2\CM4\MXTmpFiles\system.tmp_save
2025-10-15 12:14:27,854 [INFO] CodeEngine:289 - Generated code: E:\AGH\AiR\Praca_inzynierska\bldc_foc\Projects\H7_v2\CM4\MXTmpFiles\system.tmp
2025-10-15 12:14:27,864 [INFO] CodeEngine:321 - oldGeneratedFile, E:\AGH\AiR\Praca_inzynierska\bldc_foc\Projects\H7_v2\CM4\Core\Inc\stm32h7xx_hal_conf.h_save
2025-10-15 12:14:27,914 [INFO] CodeEngine:345 - Generated code: E:\AGH\AiR\Praca_inzynierska\bldc_foc\Projects\H7_v2\CM4\Core\Inc\stm32h7xx_hal_conf.h
2025-10-15 12:14:27,924 [WARN] IPConfigManager:3811 - IP not found : NVIC
2025-10-15 12:14:27,924 [WARN] CodeGenerator:4259 - IP not found : null
2025-10-15 12:14:27,929 [INFO] CodeEngine:265 - oldGeneratedFile, E:\AGH\AiR\Praca_inzynierska\bldc_foc\Projects\H7_v2\CM4\Core\Inc\main.h_save
2025-10-15 12:14:27,976 [INFO] CodeEngine:289 - Generated code: E:\AGH\AiR\Praca_inzynierska\bldc_foc\Projects\H7_v2\CM4\Core\Inc\main.h
2025-10-15 12:14:27,979 [INFO] CodeEngine:265 - oldGeneratedFile, E:\AGH\AiR\Praca_inzynierska\bldc_foc\Projects\H7_v2\CM4\Core\Src\main.c_save
2025-10-15 12:14:28,040 [INFO] CodeEngine:289 - Generated code: E:\AGH\AiR\Praca_inzynierska\bldc_foc\Projects\H7_v2\CM4\Core\Src\main.c
2025-10-15 12:14:28,307 [INFO] ProjectBuilder:3606 - Time for Copy HAL[1] : 109mS.
2025-10-15 12:14:28,314 [INFO] ProjectBuilder:5216 - Project Generator version: 4.7.0-B52
2025-10-15 12:14:28,399 [INFO] ConfigFileManager:1595 - The Die is : DIE450
2025-10-15 12:14:32,174 [INFO] ProjectBuilder:5496 - Time for Generating toolchain IDE Files: 3860mS.
2025-10-15 12:14:32,174 [INFO] ProjectBuilder:3463 - Time for Copy CMSIS : 0mS.
2025-10-15 12:14:32,176 [INFO] ProjectBuilder:3463 - Time for Copy CMSIS : 0mS.
2025-10-15 15:15:23,600 [ERROR] LogOutputStream:75 - [STDERR_REDIRECT] 
