2025-05-04 14:20:22,592 [INFO] Activator:176 - 


2025-05-04 14:20:22,593 [INFO] Activator:177 - !SESSION log4j initialized
2025-05-04 14:20:24,400 [INFO] LogOutputStream:77 - [STDOUT_REDIRECT] 
2025-05-04 14:20:25,722 [INFO] ApplicationProperties:184 - Using Application install path: C:\ST\STM32CubeIDE_1.16.1\STM32CubeIDE\plugins\com.st.stm32cube.common.mx_6.13.0.202411220809
2025-05-04 14:20:25,732 [INFO] DbMcusXml:78 - Set database path to: C:\ST\STM32CubeIDE_1.16.1\STM32CubeIDE\plugins\com.st.stm32cube.common.mx_6.13.0.202411220809\\db\/mcu/
2025-05-04 14:20:25,732 [INFO] ApiDb:274 - Set plugin database path to: C:\ST\STM32CubeIDE_1.16.1\STM32CubeIDE\plugins\com.st.stm32cube.common.mx_6.13.0.202411220809\\db\/plugins/boardmanager/
2025-05-04 14:20:25,734 [WARN] ApiDb:259 - Overriding images path with different value:  => C:\ST\STM32CubeIDE_1.16.1\STM32CubeIDE\plugins\com.st.stm32cube.common.mx_6.13.0.202411220809\\db\/plugins/mcufinder/images/
2025-05-04 14:20:25,738 [INFO] ApiDb:250 - Set database path to: C:\Users\Miloush\.stmcufinder\plugins\mcufinder//mcu/
2025-05-04 14:20:25,738 [INFO] DbMcusAds:125 - Set database path to: C:\Users\Miloush\.stmcufinder\plugins\mcufinder//mcu/
2025-05-04 14:20:25,740 [INFO] CrossReferenceDbSqlite:203 - Set database path to: C:\Users\Miloush\.stmcufinder\plugins\mcufinder//mcu/cs/
2025-05-04 14:20:25,808 [INFO] RulesReader:64 - Compatibility file has been processed (297 Rules)
2025-05-04 14:20:25,874 [INFO] DbMcusXml:78 - Set database path to: C:\ST\STM32CubeIDE_1.16.1\STM32CubeIDE\plugins\com.st.stm32cube.common.mx_6.13.0.202411220809\\db\/mcu/
2025-05-04 14:20:25,874 [INFO] ApiDb:274 - Set plugin database path to: C:\ST\STM32CubeIDE_1.16.1\STM32CubeIDE\plugins\com.st.stm32cube.common.mx_6.13.0.202411220809\\db\/plugins/boardmanager/
2025-05-04 14:20:25,874 [INFO] ApiDb:261 - Set plugin images path to: C:\ST\STM32CubeIDE_1.16.1\STM32CubeIDE\plugins\com.st.stm32cube.common.mx_6.13.0.202411220809\\db\/plugins/mcufinder/images/
2025-05-04 14:20:25,875 [WARN] DbFile:41 - Overriding database path with different value: C:\Users\Miloush\.stmcufinder\plugins\mcufinder/ => C:\Users\Miloush\.stmcufinder\plugins\mcufinder
2025-05-04 14:20:25,875 [INFO] ApiDb:250 - Set database path to: C:\Users\Miloush\.stmcufinder\plugins\mcufinder//mcu/
2025-05-04 14:20:25,875 [WARN] DbFile:41 - Overriding database path with different value: C:\Users\Miloush\.stmcufinder\plugins\mcufinder/ => C:\Users\Miloush\.stmcufinder\plugins\mcufinder
2025-05-04 14:20:25,875 [INFO] DbMcusAds:125 - Set database path to: C:\Users\Miloush\.stmcufinder\plugins\mcufinder//mcu/
2025-05-04 14:20:25,875 [WARN] DbFile:41 - Overriding database path with different value: C:\Users\Miloush\.stmcufinder\plugins\mcufinder/ => C:\Users\Miloush\.stmcufinder\plugins\mcufinder
2025-05-04 14:20:25,875 [WARN] DbFile:41 - Overriding database path with different value: C:\Users\Miloush\.stmcufinder\plugins\mcufinder/ => C:\Users\Miloush\.stmcufinder\plugins\mcufinder
2025-05-04 14:20:25,875 [INFO] CrossReferenceDbSqlite:203 - Set database path to: C:\Users\Miloush\.stmcufinder\plugins\mcufinder//mcu/cs/
2025-05-04 14:20:25,916 [INFO] MainPanel:272 - HeapMemory: 268435456
2025-05-04 14:20:25,963 [INFO] DbMcusXml:78 - Set database path to: C:\ST\STM32CubeIDE_1.16.1\STM32CubeIDE\plugins\com.st.stm32cube.common.mx_6.13.0.202411220809\\db\/mcu/
2025-05-04 14:20:25,963 [INFO] ApiDb:274 - Set plugin database path to: C:\ST\STM32CubeIDE_1.16.1\STM32CubeIDE\plugins\com.st.stm32cube.common.mx_6.13.0.202411220809\\db\/plugins/boardmanager/
2025-05-04 14:20:25,964 [INFO] ApiDb:261 - Set plugin images path to: C:\ST\STM32CubeIDE_1.16.1\STM32CubeIDE\plugins\com.st.stm32cube.common.mx_6.13.0.202411220809\\db\/plugins/mcufinder/images/
2025-05-04 14:20:25,964 [WARN] DbFile:41 - Overriding database path with different value: C:\Users\Miloush\.stmcufinder\plugins\mcufinder/ => C:\Users\Miloush\.stmcufinder\plugins\mcufinder
2025-05-04 14:20:25,964 [INFO] ApiDb:250 - Set database path to: C:\Users\Miloush\.stmcufinder\plugins\mcufinder//mcu/
2025-05-04 14:20:25,964 [WARN] DbFile:41 - Overriding database path with different value: C:\Users\Miloush\.stmcufinder\plugins\mcufinder/ => C:\Users\Miloush\.stmcufinder\plugins\mcufinder
2025-05-04 14:20:25,964 [INFO] DbMcusAds:125 - Set database path to: C:\Users\Miloush\.stmcufinder\plugins\mcufinder//mcu/
2025-05-04 14:20:25,964 [WARN] DbFile:41 - Overriding database path with different value: C:\Users\Miloush\.stmcufinder\plugins\mcufinder/ => C:\Users\Miloush\.stmcufinder\plugins\mcufinder
2025-05-04 14:20:25,964 [WARN] DbFile:41 - Overriding database path with different value: C:\Users\Miloush\.stmcufinder\plugins\mcufinder/ => C:\Users\Miloush\.stmcufinder\plugins\mcufinder
2025-05-04 14:20:25,964 [INFO] CrossReferenceDbSqlite:203 - Set database path to: C:\Users\Miloush\.stmcufinder\plugins\mcufinder//mcu/cs/
2025-05-04 14:20:25,975 [INFO] ApplicationProperties:184 - Using Application install path: C:\ST\STM32CubeIDE_1.16.1\STM32CubeIDE\plugins\com.st.stm32cube.common.mx_6.13.0.202411220809
2025-05-04 14:20:25,976 [INFO] PluginManage:196 - Search for loadable plugins [exclusion list=, ]
2025-05-04 14:20:25,977 [INFO] PluginManage:310 - Check plugin analytics
2025-05-04 14:20:26,121 [INFO] AnalyticsPlugin:253 - Accepted Software Licenses: 
2025-05-04 14:20:26,122 [INFO] AnalyticsPlugin:255 - Accepted CMSIS Pack Licenses: 
2025-05-04 14:20:26,122 [INFO] AnalyticsPlugin:257 - Accepted Firmware Licenses: FW.G4.1.6.0
2025-05-04 14:20:26,126 [INFO] PluginManage:359 - Loaded plugin analytics (category:tool,tabindex:-1)
2025-05-04 14:20:26,126 [INFO] PluginManage:310 - Check plugin cadmodel
2025-05-04 14:20:26,130 [INFO] CADModel:105 - Init CAD model plugin
2025-05-04 14:20:26,131 [INFO] PluginManage:359 - Loaded plugin cadmodel (category:power,tabindex:5)
2025-05-04 14:20:26,131 [INFO] PluginManage:310 - Check plugin clock
2025-05-04 14:20:26,141 [INFO] PluginManage:359 - Loaded plugin clock (category:base,tabindex:2)
2025-05-04 14:20:26,141 [INFO] PluginManage:310 - Check plugin ddr
2025-05-04 14:20:26,144 [INFO] PluginManage:359 - Loaded plugin ddr (category:tool,tabindex:6)
2025-05-04 14:20:26,144 [INFO] PluginManage:310 - Check plugin filemanager
2025-05-04 14:20:26,296 [INFO] PluginManage:359 - Loaded plugin filemanager (category:base,tabindex:10)
2025-05-04 14:20:26,296 [INFO] PluginManage:310 - Check plugin ipmanager
2025-05-04 14:20:26,302 [INFO] PluginManage:359 - Loaded plugin ipmanager (category:base,tabindex:5)
2025-05-04 14:20:26,303 [INFO] PluginManage:310 - Check plugin lpbam
2025-05-04 14:20:26,308 [INFO] PluginManage:359 - Loaded plugin lpbam (category:base,tabindex:0)
2025-05-04 14:20:26,308 [INFO] PluginManage:310 - Check plugin memorymap
2025-05-04 14:20:26,315 [INFO] PluginManage:359 - Loaded plugin memorymap (category:base,tabindex:4)
2025-05-04 14:20:26,315 [INFO] PluginManage:310 - Check plugin pinoutandconfiguration
2025-05-04 14:20:26,320 [INFO] PluginManage:359 - Loaded plugin pinoutandconfiguration (category:base,tabindex:1)
2025-05-04 14:20:26,320 [INFO] PluginManage:310 - Check plugin pinoutconfig
2025-05-04 14:20:26,387 [WARN] SupportedApi:132 - Cannot load RTOS API schema: s4s-elt-must-match.1: The content of 'definitions' must match (annotation?, (simpleType | complexType)?, (unique | key | keyref)*)). A problem was found starting at: attribute.
2025-05-04 14:20:26,537 [INFO] PluginManage:359 - Loaded plugin pinoutconfig (category:base,tabindex:0)
2025-05-04 14:20:26,538 [INFO] PluginManage:310 - Check plugin power
2025-05-04 14:20:26,544 [INFO] PluginManage:359 - Loaded plugin power (category:power,tabindex:4)
2025-05-04 14:20:26,544 [INFO] PluginManage:310 - Check plugin projectmanager
2025-05-04 14:20:26,556 [INFO] PluginManage:359 - Loaded plugin projectmanager (category:projectmanager,tabindex:4)
2025-05-04 14:20:26,556 [INFO] PluginManage:310 - Check plugin rif
2025-05-04 14:20:26,560 [INFO] PluginManage:359 - Loaded plugin rif (category:base,tabindex:3)
2025-05-04 14:20:26,560 [INFO] PluginManage:310 - Check plugin thirdparty
2025-05-04 14:20:26,653 [WARN] IntegrityCheckThread:84 - waiting for thirdparty lock release [integrity check]
2025-05-04 14:20:26,653 [INFO] IntegrityCheckThread:86 - entering critical section [integrity check]
2025-05-04 14:20:26,653 [INFO] PluginManage:359 - Loaded plugin thirdparty (category:base,tabindex:-1)
2025-05-04 14:20:26,653 [INFO] ThirdPartyUpdaterWithRetryManager:70 - Updater plugin not ready yet. [1/15]
2025-05-04 14:20:26,653 [INFO] PluginManage:310 - Check plugin tools
2025-05-04 14:20:26,656 [INFO] PluginManage:359 - Loaded plugin tools (category:base,tabindex:7)
2025-05-04 14:20:26,656 [INFO] PluginManage:310 - Check plugin tutovideos
2025-05-04 14:20:26,754 [INFO] PluginManage:359 - Loaded plugin tutovideos (category:base,tabindex:-1)
2025-05-04 14:20:26,754 [INFO] PluginManage:310 - Check plugin updater
2025-05-04 14:20:26,770 [INFO] PluginManage:359 - Loaded plugin updater (category:base,tabindex:12)
2025-05-04 14:20:26,771 [INFO] PluginManage:310 - Check plugin userauth
2025-05-04 14:20:26,774 [INFO] UserAuth:118 - Init User Auth plugin
2025-05-04 14:20:26,774 [INFO] PluginManage:359 - Loaded plugin userauth (category:base,tabindex:14)
2025-05-04 14:20:26,775 [INFO] PluginManage:283 - PluginManage : Loaded plugins [18]
2025-05-04 14:20:26,907 [INFO] PinOutPanel:1589 - setPackage(No Configuration,No Configuration)
2025-05-04 14:20:26,956 [INFO] CADModel:165 - CPN selected for project level
2025-05-04 14:20:26,956 [INFO] CADModel:114 - Register for checkConnection events
2025-05-04 14:20:26,967 [INFO] IPUIPlugin:80 - create IPUIPlugin
2025-05-04 14:20:26,967 [INFO] PluginManager:220 - loadIPPluginJar : add adc
2025-05-04 14:20:26,968 [INFO] IPUIPlugin:80 - create IPUIPlugin
2025-05-04 14:20:26,968 [INFO] PluginManager:220 - loadIPPluginJar : add aes
2025-05-04 14:20:26,970 [INFO] IPUIPlugin:80 - create IPUIPlugin
2025-05-04 14:20:26,970 [INFO] PluginManager:220 - loadIPPluginJar : add can
2025-05-04 14:20:26,971 [INFO] IPUIPlugin:80 - create IPUIPlugin
2025-05-04 14:20:26,971 [INFO] PluginManager:220 - loadIPPluginJar : add comp
2025-05-04 14:20:26,973 [INFO] IPUIPlugin:80 - create IPUIPlugin
2025-05-04 14:20:26,973 [INFO] PluginManager:220 - loadIPPluginJar : add cryp
2025-05-04 14:20:26,975 [INFO] IPUIPlugin:80 - create IPUIPlugin
2025-05-04 14:20:26,975 [INFO] PluginManager:220 - loadIPPluginJar : add ddr_ctrl_phy
2025-05-04 14:20:26,977 [INFO] IPUIPlugin:80 - create IPUIPlugin
2025-05-04 14:20:26,977 [INFO] PluginManager:220 - loadIPPluginJar : add dfsdm
2025-05-04 14:20:26,983 [INFO] IPUIPlugin:80 - create IPUIPlugin
2025-05-04 14:20:26,984 [INFO] PluginManager:220 - loadIPPluginJar : add dma
2025-05-04 14:20:26,986 [INFO] IPUIPlugin:80 - create IPUIPlugin
2025-05-04 14:20:26,986 [INFO] PluginManager:220 - loadIPPluginJar : add dma3
2025-05-04 14:20:26,987 [INFO] IPUIPlugin:80 - create IPUIPlugin
2025-05-04 14:20:26,987 [INFO] PluginManager:220 - loadIPPluginJar : add extmemmanager
2025-05-04 14:20:26,988 [INFO] IPUIPlugin:80 - create IPUIPlugin
2025-05-04 14:20:26,988 [INFO] PluginManager:220 - loadIPPluginJar : add fatfs
2025-05-04 14:20:26,991 [INFO] IPUIPlugin:80 - create IPUIPlugin
2025-05-04 14:20:26,991 [INFO] PluginManager:220 - loadIPPluginJar : add fmc
2025-05-04 14:20:26,998 [INFO] IPUIPlugin:80 - create IPUIPlugin
2025-05-04 14:20:26,998 [INFO] PluginManager:220 - loadIPPluginJar : add freertos
2025-05-04 14:20:26,999 [INFO] IPUIPlugin:80 - create IPUIPlugin
2025-05-04 14:20:26,999 [INFO] PluginManager:220 - loadIPPluginJar : add genericplugin
2025-05-04 14:20:27,001 [INFO] IPUIPlugin:80 - create IPUIPlugin
2025-05-04 14:20:27,001 [INFO] PluginManager:220 - loadIPPluginJar : add gfxmmu
2025-05-04 14:20:27,004 [INFO] IPUIPlugin:80 - create IPUIPlugin
2025-05-04 14:20:27,004 [INFO] PluginManager:220 - loadIPPluginJar : add gic
2025-05-04 14:20:27,007 [INFO] IPUIPlugin:80 - create IPUIPlugin
2025-05-04 14:20:27,007 [INFO] PluginManager:220 - loadIPPluginJar : add gpio
2025-05-04 14:20:27,009 [INFO] IPUIPlugin:80 - create IPUIPlugin
2025-05-04 14:20:27,009 [INFO] PluginManager:220 - loadIPPluginJar : add gtzc
2025-05-04 14:20:27,011 [INFO] IPUIPlugin:80 - create IPUIPlugin
2025-05-04 14:20:27,011 [INFO] PluginManager:220 - loadIPPluginJar : add hash
2025-05-04 14:20:27,013 [INFO] IPUIPlugin:80 - create IPUIPlugin
2025-05-04 14:20:27,013 [INFO] PluginManager:220 - loadIPPluginJar : add i2c
2025-05-04 14:20:27,014 [INFO] IPUIPlugin:80 - create IPUIPlugin
2025-05-04 14:20:27,014 [INFO] PluginManager:220 - loadIPPluginJar : add i2s
2025-05-04 14:20:27,015 [INFO] IPUIPlugin:80 - create IPUIPlugin
2025-05-04 14:20:27,016 [INFO] PluginManager:220 - loadIPPluginJar : add i3c
2025-05-04 14:20:27,017 [INFO] IPUIPlugin:80 - create IPUIPlugin
2025-05-04 14:20:27,018 [INFO] PluginManager:220 - loadIPPluginJar : add ipddr
2025-05-04 14:20:27,022 [INFO] IPUIPlugin:80 - create IPUIPlugin
2025-05-04 14:20:27,022 [INFO] PluginManager:220 - loadIPPluginJar : add linkedlist
2025-05-04 14:20:27,024 [INFO] IPUIPlugin:80 - create IPUIPlugin
2025-05-04 14:20:27,024 [INFO] PluginManager:220 - loadIPPluginJar : add lorawan
2025-05-04 14:20:27,025 [INFO] IPUIPlugin:80 - create IPUIPlugin
2025-05-04 14:20:27,025 [INFO] PluginManager:220 - loadIPPluginJar : add ltdc
2025-05-04 14:20:27,029 [INFO] IPUIPlugin:80 - create IPUIPlugin
2025-05-04 14:20:27,029 [INFO] PluginManager:220 - loadIPPluginJar : add mdma
2025-05-04 14:20:27,031 [INFO] IPUIPlugin:80 - create IPUIPlugin
2025-05-04 14:20:27,032 [INFO] PluginManager:220 - loadIPPluginJar : add nvic
2025-05-04 14:20:27,033 [INFO] IPUIPlugin:80 - create IPUIPlugin
2025-05-04 14:20:27,033 [INFO] PluginManager:220 - loadIPPluginJar : add opamp
2025-05-04 14:20:27,036 [INFO] IPUIPlugin:80 - create IPUIPlugin
2025-05-04 14:20:27,036 [INFO] PluginManager:220 - loadIPPluginJar : add openamp
2025-05-04 14:20:27,038 [INFO] IPUIPlugin:80 - create IPUIPlugin
2025-05-04 14:20:27,038 [INFO] PluginManager:220 - loadIPPluginJar : add pdm2pcm
2025-05-04 14:20:27,042 [INFO] IPUIPlugin:80 - create IPUIPlugin
2025-05-04 14:20:27,045 [INFO] PluginManager:220 - loadIPPluginJar : add plateformsettings
2025-05-04 14:20:27,046 [INFO] IPUIPlugin:80 - create IPUIPlugin
2025-05-04 14:20:27,047 [INFO] PluginManager:220 - loadIPPluginJar : add quadspi
2025-05-04 14:20:27,048 [INFO] IPUIPlugin:80 - create IPUIPlugin
2025-05-04 14:20:27,049 [INFO] PluginManager:220 - loadIPPluginJar : add radio
2025-05-04 14:20:27,051 [INFO] IPUIPlugin:80 - create IPUIPlugin
2025-05-04 14:20:27,051 [INFO] PluginManager:220 - loadIPPluginJar : add resmgrutility
2025-05-04 14:20:27,053 [INFO] IPUIPlugin:80 - create IPUIPlugin
2025-05-04 14:20:27,053 [INFO] PluginManager:220 - loadIPPluginJar : add sai
2025-05-04 14:20:27,055 [INFO] IPUIPlugin:80 - create IPUIPlugin
2025-05-04 14:20:27,055 [INFO] PluginManager:220 - loadIPPluginJar : add spi
2025-05-04 14:20:27,059 [INFO] IPUIPlugin:80 - create IPUIPlugin
2025-05-04 14:20:27,059 [INFO] PluginManager:220 - loadIPPluginJar : add stm32_wpan
2025-05-04 14:20:27,061 [INFO] IPUIPlugin:80 - create IPUIPlugin
2025-05-04 14:20:27,061 [INFO] PluginManager:220 - loadIPPluginJar : add tim
2025-05-04 14:20:27,063 [INFO] IPUIPlugin:80 - create IPUIPlugin
2025-05-04 14:20:27,063 [INFO] PluginManager:220 - loadIPPluginJar : add touchsensing
2025-05-04 14:20:27,065 [INFO] IPUIPlugin:80 - create IPUIPlugin
2025-05-04 14:20:27,065 [INFO] PluginManager:220 - loadIPPluginJar : add tracer_emb
2025-05-04 14:20:27,066 [INFO] IPUIPlugin:80 - create IPUIPlugin
2025-05-04 14:20:27,066 [INFO] PluginManager:220 - loadIPPluginJar : add ts
2025-05-04 14:20:27,067 [INFO] IPUIPlugin:80 - create IPUIPlugin
2025-05-04 14:20:27,067 [INFO] PluginManager:220 - loadIPPluginJar : add tsc
2025-05-04 14:20:27,069 [INFO] IPUIPlugin:80 - create IPUIPlugin
2025-05-04 14:20:27,069 [INFO] PluginManager:220 - loadIPPluginJar : add ucpd
2025-05-04 14:20:27,070 [INFO] IPUIPlugin:80 - create IPUIPlugin
2025-05-04 14:20:27,071 [INFO] PluginManager:220 - loadIPPluginJar : add usart
2025-05-04 14:20:27,073 [INFO] IPUIPlugin:80 - create IPUIPlugin
2025-05-04 14:20:27,073 [INFO] PluginManager:220 - loadIPPluginJar : add usbx
2025-05-04 14:20:27,187 [FATAL] Updater:351 - Updater called before beeing initialized
2025-05-04 14:20:27,206 [INFO] RulesReader:64 - Compatibility file has been processed (297 Rules)
2025-05-04 14:20:27,214 [INFO] RulesReader:64 - Compatibility file has been processed (297 Rules)
2025-05-04 14:20:27,222 [INFO] CADModel:165 - CPN selected for project level
2025-05-04 14:20:27,222 [INFO] CADModel:114 - Register for checkConnection events
2025-05-04 14:20:27,222 [FATAL] Updater:351 - Updater called before beeing initialized
2025-05-04 14:20:27,222 [ERROR] CADModel:125 - Updater not yet initialized, retry later 
2025-05-04 14:20:27,322 [FATAL] Updater:351 - Updater called before beeing initialized
2025-05-04 14:20:27,323 [INFO] CADModel:165 - CPN selected for project level
2025-05-04 14:20:27,323 [INFO] CADModel:114 - Register for checkConnection events
2025-05-04 14:20:27,323 [FATAL] Updater:351 - Updater called before beeing initialized
2025-05-04 14:20:27,323 [ERROR] CADModel:125 - Updater not yet initialized, retry later 
2025-05-04 14:20:27,324 [FATAL] Updater:351 - Updater called before beeing initialized
2025-05-04 14:20:27,398 [FATAL] Updater:351 - Updater called before beeing initialized
2025-05-04 14:20:27,407 [INFO] DbMcusAds:53 - JSON generation date=Thu Mar 06 15:54:22 CET 2025 (1741272862078)
2025-05-04 14:20:27,408 [FATAL] Updater:351 - Updater called before beeing initialized
2025-05-04 14:20:27,432 [WARN] DetailPanel:346 - Failed to get advertising image, set to default
2025-05-04 14:20:27,585 [FATAL] Updater:351 - Updater called before beeing initialized
2025-05-04 14:20:27,586 [FATAL] Updater:351 - Updater called before beeing initialized
2025-05-04 14:20:27,586 [FATAL] Updater:351 - Updater called before beeing initialized
2025-05-04 14:20:27,586 [WARN] DetailPanel:346 - Failed to get advertising image, set to default
2025-05-04 14:20:27,587 [FATAL] Updater:351 - Updater called before beeing initialized
2025-05-04 14:20:27,616 [ERROR] Updater:1198 - MainUpdater not yet initialized. External WinMGr cannot be set.
2025-05-04 14:20:27,617 [INFO] Updater:1134 - Updater Version found : 6.13.0
2025-05-04 14:20:27,626 [INFO] ApplicationProperties:184 - Using Application install path: C:\ST\STM32CubeIDE_1.16.1\STM32CubeIDE\plugins\com.st.stm32cube.common.mx_6.13.0.202411220809
2025-05-04 14:20:27,879 [INFO] MainUpdater:2872 - connection check result : 10
2025-05-04 14:20:27,879 [INFO] MainUpdater:289 - Updater Check For Update Now.
2025-05-04 14:20:27,880 [INFO] MicroXplorer:498 - Change Database Version : DB.6.0.130
2025-05-04 14:20:27,883 [INFO] McuFinderGlobals:63 - Set McuFinder mode to 2 (CubeIDE integrated)
2025-05-04 14:20:27,883 [INFO] UserAuth:486 - Internet connection configuration mode: 1
2025-05-04 14:20:27,906 [INFO] JxBrowserEngine:152 - Initiate JxBrowser Engine with user profile folder
2025-05-04 14:20:28,040 [INFO] CheckServerUpdateThread:120 - End of CheckServer Thread
2025-05-04 14:20:28,367 [INFO] WebApp:168 - Instantiating new browser for Auth
2025-05-04 14:20:29,786 [WARN] PackLoader:240 - Cannot read IP mode file for STMicroelectronics.FP-SNS-MOTENVWB1.1.4.0
2025-05-04 14:20:29,792 [WARN] PackLoader:240 - Cannot read IP mode file for STMicroelectronics.FP-ATR-ASTRA1.2.0.2
2025-05-04 14:20:29,795 [WARN] PackLoader:240 - Cannot read IP mode file for STMicroelectronics.FP-ATR-ASTRA1.2.0.1
2025-05-04 14:20:29,812 [WARN] PackLoader:240 - Cannot read IP mode file for STMicroelectronics.X-CUBE-SMBUS.2.1.0
2025-05-04 14:20:29,818 [WARN] PackLoader:240 - Cannot read IP mode file for STMicroelectronics.X-CUBE-WB05N.1.1.0
2025-05-04 14:20:29,842 [WARN] PackLoader:240 - Cannot read IP mode file for STMicroelectronics.X-CUBE-AZRTOS-F7.1.1.0
2025-05-04 14:20:29,882 [WARN] PackLoader:240 - Cannot read IP mode file for STMicroelectronics.X-CUBE-MEMS1.11.0.0
2025-05-04 14:20:29,983 [WARN] PackLoader:240 - Cannot read IP mode file for STMicroelectronics.FP-SNS-FLIGHT1.5.0.2
2025-05-04 14:20:29,988 [WARN] PackLoader:240 - Cannot read IP mode file for STMicroelectronics.X-CUBE-DISPLAY.3.0.0
2025-05-04 14:20:29,993 [WARN] PackLoader:240 - Cannot read IP mode file for STMicroelectronics.X-CUBE-BLE1.7.0.0
2025-05-04 14:20:29,996 [WARN] PackLoader:240 - Cannot read IP mode file for STMicroelectronics.X-CUBE-NFC10.1.0.0
2025-05-04 14:20:30,001 [WARN] PackLoader:240 - Cannot read IP mode file for STMicroelectronics.X-CUBE-BLEMGR.4.0.0
2025-05-04 14:20:30,005 [WARN] PackLoader:240 - Cannot read IP mode file for emotas.I-CUBE-CANOPEN.1.3.0
2025-05-04 14:20:30,009 [WARN] PackLoader:240 - Cannot read IP mode file for STMicroelectronics.X-CUBE-BLEMGR.3.1.0
2025-05-04 14:20:30,012 [WARN] PackLoader:240 - Cannot read IP mode file for STMicroelectronics.X-CUBE-AI.10.0.0
2025-05-04 14:20:30,015 [WARN] PackLoader:240 - Cannot read IP mode file for STMicroelectronics.FP-SNS-SMARTAG2.1.2.0
2025-05-04 14:20:30,016 [WARN] PackLoader:240 - Cannot read IP mode file for STMicroelectronics.FP-SNS-FLIGHT1.5.1.0
2025-05-04 14:20:30,037 [WARN] PackLoader:240 - Cannot read IP mode file for STMicroelectronics.X-CUBE-MEMS1.11.1.0
2025-05-04 14:20:30,108 [INFO] LogOutputStream:77 - [STDOUT_REDIRECT] 1 : Invalid condition id : UX_CORESTACK_Condition cause : null
2025-05-04 14:20:30,109 [INFO] LogOutputStream:77 - [STDOUT_REDIRECT] 1 : Invalid condition id : UX_CORESTACK_Condition cause : null
2025-05-04 14:20:30,109 [INFO] LogOutputStream:77 - [STDOUT_REDIRECT] 1 : Invalid condition id : UX_CORESTACK_Condition cause : null
2025-05-04 14:20:30,111 [INFO] LogOutputStream:77 - [STDOUT_REDIRECT] 1 : Invalid condition id : UX_CORESTACK_Condition cause : null
2025-05-04 14:20:30,112 [INFO] LogOutputStream:77 - [STDOUT_REDIRECT] 1 : Invalid condition id : UX_CORESTACK_Condition cause : null
2025-05-04 14:20:30,113 [WARN] PackLoader:240 - Cannot read IP mode file for STMicroelectronics.X-CUBE-AZRTOS-WL.2.0.0
2025-05-04 14:20:30,117 [WARN] PackLoader:240 - Cannot read IP mode file for STMicroelectronics.FP-SNS-MOTENV1.5.0.0
2025-05-04 14:20:30,135 [WARN] PackLoader:240 - Cannot read IP mode file for wolfSSL.I-CUBE-wolfMQTT.1.19.0
2025-05-04 14:20:30,145 [WARN] PackLoader:240 - Cannot read IP mode file for WES.I-CUBE-Cesium.1.3.0
2025-05-04 14:20:30,149 [WARN] PackLoader:240 - Cannot read IP mode file for STMicroelectronics.X-CUBE-BLE2.3.3.0
2025-05-04 14:20:30,153 [WARN] PackLoader:240 - Cannot read IP mode file for STMicroelectronics.X-CUBE-NFC9.1.0.0
2025-05-04 14:20:30,156 [WARN] PackLoader:240 - Cannot read IP mode file for STMicroelectronics.X-CUBE-BLE1.7.1.0
2025-05-04 14:20:30,159 [WARN] PackLoader:240 - Cannot read IP mode file for STMicroelectronics.X-CUBE-TCPP.4.1.0
2025-05-04 14:20:30,186 [WARN] PackLoader:240 - Cannot read IP mode file for STMicroelectronics.X-CUBE-MEMS1.11.2.0
2025-05-04 14:20:30,242 [WARN] PackLoader:240 - Cannot read IP mode file for STMicroelectronics.X-CUBE-AZRTOS-G0.1.1.0
2025-05-04 14:20:30,246 [WARN] PackLoader:240 - Cannot read IP mode file for STMicroelectronics.X-CUBE-SAFEA1.1.2.2
2025-05-04 14:20:30,251 [WARN] PackLoader:240 - Cannot read IP mode file for STMicroelectronics.X-CUBE-NFC4.3.0.0
2025-05-04 14:20:30,257 [WARN] PackLoader:240 - Cannot read IP mode file for EmbeddedOffice.I-CUBE-FS-RTOS.1.0.1
2025-05-04 14:20:30,260 [WARN] PackLoader:240 - Cannot read IP mode file for STMicroelectronics.X-CUBE-WB05N.2.0.0
2025-05-04 14:20:30,263 [WARN] PackLoader:240 - Cannot read IP mode file for STMicroelectronics.X-CUBE-TCPP.4.2.0
2025-05-04 14:20:30,268 [WARN] PackLoader:240 - Cannot read IP mode file for RealThread.X-CUBE-RT-Thread_Nano.4.1.1
2025-05-04 14:20:30,271 [WARN] PackLoader:240 - Cannot read IP mode file for STMicroelectronics.FP-ATR-SIGFOX1.3.2.0
2025-05-04 14:20:30,273 [WARN] PackLoader:240 - Cannot read IP mode file for wolfSSL.I-CUBE-wolfSSL.5.7.2
2025-05-04 14:20:30,276 [WARN] ConditionMgr:438 - getConditionDescription Invalid condition id : Cortex-A Device cause : null
2025-05-04 14:20:30,288 [WARN] ConditionMgr:1044 - genDependencies : Invalid condition id : Cortex-A Device cause : null
2025-05-04 14:20:30,288 [WARN] ConditionMgr:1044 - genDependencies : Invalid condition id : Cortex-A Device cause : null
2025-05-04 14:20:30,288 [WARN] ConditionMgr:1044 - genDependencies : Invalid condition id : Cortex-A Device cause : null
2025-05-04 14:20:30,291 [WARN] PackLoader:240 - Cannot read IP mode file for STMicroelectronics.X-CUBE-EEPRMA1.5.1.0
2025-05-04 14:20:30,295 [WARN] PackLoader:240 - Cannot read IP mode file for ITTIA_DB.I-CUBE-ITTIADB.8.9.0
2025-05-04 14:20:30,308 [WARN] PackLoader:240 - Cannot read IP mode file for SEGGER.I-CUBE-embOS.1.3.1
2025-05-04 14:20:30,326 [WARN] PackLoader:240 - Cannot read IP mode file for STMicroelectronics.X-CUBE-ALGOBUILD.1.4.0
2025-05-04 14:20:30,328 [WARN] PackLoader:240 - Cannot read IP mode file for STMicroelectronics.X-CUBE-AI.9.1.0
2025-05-04 14:20:30,335 [WARN] PackLoader:240 - Cannot read IP mode file for STMicroelectronics.X-CUBE-AZRTOS-F4.1.1.0
2025-05-04 14:20:30,339 [WARN] PackLoader:240 - Cannot read IP mode file for Avnet-IotConnect.X-CUBE-IoTC-DA16k-PMOD.1.0.0
2025-05-04 14:20:30,341 [WARN] PackLoader:240 - Cannot read IP mode file for STMicroelectronics.X-CUBE-ISPU.2.1.0
2025-05-04 14:20:30,343 [WARN] PackLoader:240 - Cannot read IP mode file for STMicroelectronics.X-CUBE-FREERTOS.1.2.0
2025-05-04 14:20:30,350 [WARN] PackLoader:240 - Cannot read IP mode file for STMicroelectronics.X-CUBE-AZRTOS-L5.2.0.0
2025-05-04 14:20:30,355 [WARN] PackLoader:240 - Cannot read IP mode file for STMicroelectronics.X-CUBE-NFC6.3.1.0
2025-05-04 14:20:30,359 [WARN] PackLoader:240 - Cannot read IP mode file for STMicroelectronics.X-CUBE-DPower.1.2.0
2025-05-04 14:20:30,362 [WARN] PackLoader:240 - Cannot read IP mode file for STMicroelectronics.X-CUBE-FREERTOS.1.3.0
2025-05-04 14:20:30,364 [WARN] PackLoader:240 - Cannot read IP mode file for STMicroelectronics.X-CUBE-NFC7.1.0.1
2025-05-04 14:20:30,366 [WARN] PackLoader:240 - Cannot read IP mode file for STMicroelectronics.X-CUBE-DPower.1.3.0
2025-05-04 14:20:30,374 [WARN] ConditionMgr:438 - getConditionDescription Invalid condition id : LAN8742 Phy interface Condition cause : null
2025-05-04 14:20:30,374 [WARN] PackLoader:240 - Cannot read IP mode file for STMicroelectronics.X-CUBE-AZRTOS-L4.2.0.0
2025-05-04 14:20:30,375 [WARN] ConditionMgr:1044 - genDependencies : Invalid condition id : LAN8742 Phy interface Condition cause : null
2025-05-04 14:20:30,375 [WARN] ConditionMgr:1044 - genDependencies : Invalid condition id : LAN8742 Phy interface Condition cause : null
2025-05-04 14:20:30,375 [WARN] ConditionMgr:1044 - genDependencies : Invalid condition id : LAN8742 Phy interface Condition cause : null
2025-05-04 14:20:30,379 [WARN] PackLoader:240 - Cannot read IP mode file for STMicroelectronics.X-CUBE-SFXS2LP1.4.0.0
2025-05-04 14:20:30,388 [WARN] PackLoader:240 - Cannot read IP mode file for STMicroelectronics.X-CUBE-AZRTOS-H7.3.3.0
2025-05-04 14:20:30,394 [WARN] PackLoader:240 - Cannot read IP mode file for STMicroelectronics.X-CUBE-IPS.3.0.0
2025-05-04 14:20:30,402 [WARN] ConditionMgr:438 - getConditionDescription Invalid condition id : UX DEVICE CLASS RTOS Condition cause : null
2025-05-04 14:20:30,402 [WARN] ConditionMgr:438 - getConditionDescription Invalid condition id : UX DEVICE CLASS RTOS Condition cause : null
2025-05-04 14:20:30,403 [WARN] PackLoader:240 - Cannot read IP mode file for STMicroelectronics.X-CUBE-AZRTOS-WB.2.0.0
2025-05-04 14:20:30,403 [WARN] ConditionMgr:1044 - genDependencies : Invalid condition id : UX DEVICE CLASS RTOS Condition cause : null
2025-05-04 14:20:30,403 [WARN] ConditionMgr:1044 - genDependencies : Invalid condition id : UX DEVICE CLASS RTOS Condition cause : null
2025-05-04 14:20:30,403 [WARN] ConditionMgr:1044 - genDependencies : Invalid condition id : UX DEVICE CLASS RTOS Condition cause : null
2025-05-04 14:20:30,403 [WARN] ConditionMgr:1044 - genDependencies : Invalid condition id : UX DEVICE CLASS RTOS Condition cause : null
2025-05-04 14:20:30,403 [WARN] ConditionMgr:1044 - genDependencies : Invalid condition id : UX DEVICE CLASS RTOS Condition cause : null
2025-05-04 14:20:30,407 [WARN] PackLoader:240 - Cannot read IP mode file for STMicroelectronics.X-CUBE-GNSS1.7.0.0
2025-05-04 14:20:30,409 [WARN] PackLoader:240 - Cannot read IP mode file for STMicroelectronics.X-CUBE-GNSS1.7.0.1
2025-05-04 14:20:30,413 [WARN] PackLoader:240 - Cannot read IP mode file for STMicroelectronics.X-CUBE-TOUCHGFX.4.25.0
2025-05-04 14:20:30,416 [WARN] PackLoader:240 - Cannot read IP mode file for STMicroelectronics.FP-SNS-STBOX1.2.0.0
2025-05-04 14:20:30,421 [WARN] PackLoader:240 - Cannot read IP mode file for STMicroelectronics.X-CUBE-SUBG2.5.0.0
2025-05-04 14:20:30,432 [WARN] PackLoader:240 - Cannot read IP mode file for STMicroelectronics.X-CUBE-AZRTOS-H7RS.1.1.0
2025-05-04 14:20:30,435 [WARN] PackLoader:240 - Cannot read IP mode file for Cesanta.I-CUBE-Mongoose.7.13.0
2025-05-04 14:20:30,441 [WARN] PackLoader:240 - Cannot read IP mode file for STMicroelectronics.X-CUBE-AZRTOS-G4.2.0.0
2025-05-04 14:20:30,444 [WARN] PackLoader:240 - Cannot read IP mode file for STMicroelectronics.X-CUBE-NFC7.2.0.0
2025-05-04 14:20:30,453 [WARN] PackLoader:240 - Cannot read IP mode file for STMicroelectronics.X-CUBE-IPS.3.1.0
2025-05-04 14:20:30,460 [WARN] PackLoader:240 - Cannot read IP mode file for STMicroelectronics.X-CUBE-ALS.1.0.2
2025-05-04 14:20:30,462 [WARN] PackLoader:240 - Cannot read IP mode file for STMicroelectronics.X-CUBE-TOUCHGFX.4.24.2
2025-05-04 14:20:30,464 [WARN] PackLoader:240 - Cannot read IP mode file for STMicroelectronics.X-CUBE-TOUCHGFX.4.24.1
2025-05-04 14:20:30,466 [WARN] PackLoader:240 - Cannot read IP mode file for wolfSSL.I-CUBE-wolfTPM.3.4.0
2025-05-04 14:20:30,469 [WARN] PackLoader:240 - Cannot read IP mode file for portGmbH.I-Cube-SoM-uGOAL.1.1.0
2025-05-04 14:20:30,480 [WARN] PackLoader:240 - Cannot read IP mode file for STMicroelectronics.X-CUBE-AZRTOS-H7RS.1.0.0
2025-05-04 14:20:30,492 [WARN] PackLoader:240 - Cannot read IP mode file for STMicroelectronics.FP-ATR-ASTRA1.2.0.0
2025-05-04 14:20:30,497 [WARN] PackLoader:240 - Cannot read IP mode file for STMicroelectronics.X-CUBE-TOF1.3.4.2
2025-05-04 14:20:30,507 [WARN] PackLoader:240 - Cannot read IP mode file for STMicroelectronics.X-CUBE-TOF1.3.4.3
2025-05-04 14:20:30,518 [WARN] PackLoader:240 - Cannot read IP mode file for Infineon.AIROC-Wi-Fi-Bluetooth-STM32.1.6.1
2025-05-04 14:20:30,522 [WARN] PackLoader:240 - Cannot read IP mode file for wolfSSL.I-CUBE-wolfSSH.1.4.17
2025-05-04 14:20:30,523 [INFO] ThirdParty:978 - Integrity check success = true
2025-05-04 14:20:30,523 [INFO] IntegrityCheckThread:100 - exiting critical section [integrity check]
2025-05-04 14:20:30,523 [INFO] IntegrityCheckThread:103 - End integrity checks thread
2025-05-04 14:24:52,116 [INFO] McuFinderGlobals:63 - Set McuFinder mode to 2 (CubeIDE integrated)
2025-05-04 14:24:53,255 [INFO] MainUpdater:2872 - connection check result : 10
2025-05-04 14:24:53,260 [INFO] MainUpdater:2872 - connection check result : 10
2025-05-04 14:24:53,333 [INFO] MicroXplorer:468 - Change Database Path : 
2025-05-04 14:24:53,334 [INFO] MicroXplorer:498 - Change Database Version : DB.6.0.130
2025-05-04 14:24:53,338 [WARN] ThirdParty:871 - waiting for thirdparty lock release [close project]
2025-05-04 14:24:53,338 [INFO] ThirdParty:873 - entering critical section [close project]
2025-05-04 14:24:53,340 [INFO] ThirdParty:883 - exiting critical section [close project]
2025-05-04 14:24:53,343 [INFO] PinOutPanel:1589 - setPackage(No Configuration,No Configuration)
2025-05-04 14:24:53,349 [INFO] UtilMem:75 - Begin LoadConfig() Used Memory: 751690008 Bytes (1073741824)
2025-05-04 14:24:53,350 [INFO] MicroXplorer:468 - Change Database Path : 
2025-05-04 14:24:53,350 [INFO] MicroXplorer:498 - Change Database Version : DB.6.0.130
2025-05-04 14:24:53,351 [INFO] OpenFileManager:332 - Change cursor
2025-05-04 14:24:53,389 [INFO] Mcu:2035 - Initializing MCU STM32G431R(6-8-B)Tx STM32G431RBTx STM32G431RBT6
2025-05-04 14:24:55,747 [INFO] Context:748 - Trying to add GPIOservice into a context  which must be forbidden
2025-05-04 14:24:56,233 [INFO] ApiDbMcu:508 - Load IP Config File for NUCLEO-G431RB
2025-05-04 14:24:56,304 [INFO] ImportTextPane:218 - (OptionalMessage_ERROR) Unable to find key (Mcu.IP9) in loaded IOC file
2025-05-04 14:24:56,304 [INFO] ImportTextPane:218 - (OptionalMessage_ERROR) Unknown IP (dummy)
2025-05-04 14:24:56,434 [INFO] RtosManager:555 - Registered RTOS mode: class=CMSIS, group=RTOS, mode=CMSIS_V1, owner=FREERTOS
2025-05-04 14:24:56,434 [INFO] RtosManager:555 - Registered RTOS mode: class=CMSIS, group=RTOS2, mode=CMSIS_V2, owner=FREERTOS
2025-05-04 14:24:56,434 [INFO] RtosManager:555 - Registered RTOS mode: class=RTOS, group=Core, mode=CMSIS_V1, owner=FREERTOS
2025-05-04 14:24:56,434 [INFO] RtosManager:555 - Registered RTOS mode: class=RTOS, group=Core, mode=CMSIS_V2, owner=FREERTOS
2025-05-04 14:24:56,435 [WARN] ModelIntegratedComponent:184 - Missing modes for component STMicroelectronics:FreeRTOS:0.0.1:STMicroelectronics:RTOS:FreeRTOS:Core:::10.2.0:
2025-05-04 14:24:56,439 [WARN] ModelIntegratedComponent:63 - No mode defined for component null
2025-05-04 14:24:56,439 [WARN] ModelIntegratedComponent:63 - No mode defined for component null
2025-05-04 14:24:56,439 [WARN] ModelIntegratedComponent:63 - No mode defined for component null
2025-05-04 14:24:56,439 [WARN] ModelIntegratedComponent:63 - No mode defined for component null
2025-05-04 14:24:56,440 [WARN] ModelIntegratedComponent:63 - No mode defined for component null
2025-05-04 14:24:56,440 [WARN] ModelIntegratedComponent:63 - No mode defined for component null
2025-05-04 14:24:56,440 [WARN] ModelIntegratedComponent:63 - No mode defined for component null
2025-05-04 14:24:56,440 [WARN] ModelIntegratedComponent:63 - No mode defined for component null
2025-05-04 14:24:56,440 [WARN] ModelIntegratedComponent:63 - No mode defined for component null
2025-05-04 14:24:56,440 [WARN] ModelIntegratedComponent:63 - No mode defined for component null
2025-05-04 14:24:56,440 [WARN] ModelIntegratedComponent:63 - No mode defined for component null
2025-05-04 14:24:56,440 [WARN] ModelIntegratedComponent:63 - No mode defined for component null
2025-05-04 14:24:56,440 [WARN] ModelIntegratedComponent:63 - No mode defined for component null
2025-05-04 14:24:56,440 [WARN] ModelIntegratedComponent:63 - No mode defined for component null
2025-05-04 14:24:56,440 [WARN] ModelIntegratedComponent:63 - No mode defined for component null
2025-05-04 14:24:56,440 [WARN] ModelIntegratedComponent:63 - No mode defined for component null
2025-05-04 14:24:56,440 [WARN] ModelIntegratedComponent:63 - No mode defined for component null
2025-05-04 14:24:56,440 [WARN] ModelIntegratedComponent:63 - No mode defined for component null
2025-05-04 14:24:56,440 [WARN] ModelIntegratedComponent:63 - No mode defined for component null
2025-05-04 14:24:56,440 [WARN] ModelIntegratedComponent:63 - No mode defined for component null
2025-05-04 14:24:56,440 [WARN] ModelIntegratedComponent:63 - No mode defined for component null
2025-05-04 14:24:56,440 [WARN] ModelIntegratedComponent:63 - No mode defined for component null
2025-05-04 14:24:56,440 [WARN] ModelIntegratedComponent:63 - No mode defined for component null
2025-05-04 14:24:56,440 [WARN] ModelIntegratedComponent:63 - No mode defined for component null
2025-05-04 14:24:56,440 [WARN] ModelIntegratedComponent:63 - No mode defined for component null
2025-05-04 14:24:56,440 [WARN] ModelIntegratedComponent:63 - No mode defined for component null
2025-05-04 14:24:56,440 [WARN] ModelIntegratedComponent:63 - No mode defined for component null
2025-05-04 14:24:56,440 [WARN] ModelIntegratedComponent:63 - No mode defined for component null
2025-05-04 14:24:56,440 [WARN] ModelIntegratedComponent:63 - No mode defined for component null
2025-05-04 14:24:56,441 [WARN] ModelIntegratedComponent:63 - No mode defined for component null
2025-05-04 14:24:56,441 [WARN] ModelIntegratedComponent:63 - No mode defined for component null
2025-05-04 14:24:56,441 [WARN] ModelIntegratedComponent:63 - No mode defined for component null
2025-05-04 14:24:56,441 [WARN] ModelIntegratedComponent:63 - No mode defined for component null
2025-05-04 14:24:56,441 [WARN] ModelIntegratedComponent:63 - No mode defined for component null
2025-05-04 14:24:56,441 [WARN] ModelIntegratedComponent:63 - No mode defined for component null
2025-05-04 14:24:56,441 [WARN] ModelPack:524 - Component already loaded: STMicroelectronics:HAL Drivers:0.0.0:STMicroelectronics:Device:STMicro_Driver:XSPI:HAL::0.0.1:HAL_XSPI
2025-05-04 14:24:56,546 [INFO] ThirdPartyModel:298 - Start build external matchings
2025-05-04 14:24:57,183 [INFO] ThirdPartyModel:316 - End build external matchings
2025-05-04 14:24:57,204 [INFO] ImportTextPane:218 - (OptionalMessage_ERROR) IP (ADC1) : Parameter (CommonPathInternal) has invalid value (null|null|null|null)
2025-05-04 14:24:57,205 [INFO] ImportTextPane:218 - (OptionalMessage_ERROR) IP (RCC) : Invalid parameter (FamilyName)
2025-05-04 14:24:57,206 [INFO] ImportTextPane:218 - (OptionalMessage_ERROR) IP (RCC) : Parameter (RNGFreq_Value) has invalid value (170000000)
2025-05-04 14:24:57,206 [INFO] ImportTextPane:218 - (OptionalMessage_ERROR) IP (RCC) : Parameter (USBFreq_Value) has invalid value (170000000)
2025-05-04 14:24:57,526 [INFO] ApiDb:581 - Connected to CubeFinder SQLite database (C:\Users\Miloush\.stmcufinder\plugins\mcufinder\mcu\cube-finder-db.db)
2025-05-04 14:24:57,575 [INFO] ApiDb:668 - CubeFinder database Data Model version=2.1
2025-05-04 14:24:57,575 [INFO] ApiDb:669 - CubeFinder database Configuration version=3.0.39
2025-05-04 14:24:57,575 [INFO] ApiDb:670 - CubeFinder database generation date=2025-04-23 (1745419778)
2025-05-04 14:24:57,575 [INFO] ApiDb:671 - CubeFinder database FW Pack versions=[FP-ATR-ASTRA1_V2.0.0, FP-SNS-FLIGHT1_V5.1.0, FP-SNS-MOTENV1_V5.0.0, FP-SNS-MOTENVWB1_V1.4.0, FP-SNS-SMARTAG2_V1.2.0, FP-SNS-STBOX1_V2.0.0, STM32Cube_FW_C0_V1.4.0, STM32Cube_FW_F4_V1.28.1, STM32Cube_FW_F7_V1.17.2, STM32Cube_FW_G0_V1.6.2, STM32Cube_FW_G4_V1.6.1, STM32Cube_FW_H5_V1.5.0, STM32Cube_FW_H7RS_V1.2.0, STM32Cube_FW_H7_V1.12.1, STM32Cube_FW_L0_V1.12.2, STM32Cube_FW_L4_V1.18.1, STM32Cube_FW_L5_V1.5.1, STM32Cube_FW_N6_V1.1.1, STM32Cube_FW_U0_V1.2.0, STM32Cube_FW_U3_V1.1.0, STM32Cube_FW_U5_V1.7.0, STM32Cube_FW_WB0_V1.2.0, STM32Cube_FW_WBA_V1.6.0, STM32Cube_FW_WB_V1.22.0, STM32Cube_FW_WL3_V1.1.0, STM32Cube_FW_WL_V1.3.1, X-CUBE-ALGOBUILD_V1.4.0, X-CUBE-ALS_V1.0.2, X-CUBE-AZRTOS-F4_V1.1.0, X-CUBE-AZRTOS-F7_V1.1.0, X-CUBE-AZRTOS-G0_V1.1.0, X-CUBE-AZRTOS-G4_V2.0.0, X-CUBE-AZRTOS-H7RS_V1.1.0, X-CUBE-AZRTOS-H7_V3.3.0, X-CUBE-AZRTOS-L4_V2.0.0, X-CUBE-AZRTOS-L5_V2.0.0, X-CUBE-AZRTOS-WB_V2.0.0, X-CUBE-AZRTOS-WL_V2.0.0, X-CUBE-BLE1_V7.1.0, X-CUBE-BLE2_V3.3.0, X-CUBE-BLEMGR_V4.0.0, X-CUBE-EEPRMA1_V5.1.0, X-CUBE-FREERTOS_V1.3.0, X-CUBE-GNSS1_V6.0.0, X-CUBE-MEMS1_V11.2.0, X-CUBE-NFC4_V3.0.0, X-CUBE-NFC7_V1.0.1, X-CUBE-SFXS2LP1_V4.0.0, X-CUBE-SUBG2_V5.0.0, X-CUBE-TOF1_V3.4.3]
2025-05-04 14:24:57,614 [INFO] DbBoardsSqlite:226 - include board P-NUCLEO-WB55-NUCLEO as a kit item of type 'Nucleo-64'
2025-05-04 14:24:57,615 [INFO] DbBoardsSqlite:226 - include board P-NUCLEO-WB55-USBDONGLE as a kit item of type 'Nucleo USB Dongle'
2025-05-04 14:24:57,615 [INFO] DbBoardsSqlite:226 - include board STEVAL-IDP005V1 as a kit item of type 'Evaluation Board'
2025-05-04 14:24:57,615 [INFO] DbBoardsSqlite:226 - include board STEVAL-IDP005V2 as a kit item of type 'Evaluation Board'
2025-05-04 14:24:57,656 [INFO] ApiDb:240 - Found 858 in-development CPN: [B-G473E-ZEST1S, B-WB1M-WPAN1, B-WBA5M-WPAN, B-WL5M-SUBG1, NUCLEO-C031C6, NUCLEO-C051C8, NUCLEO-C071RB, NUCLEO-C092RC, NUCLEO-H503RB, NUCLEO-H533RE, NUCLEO-H563ZI, NUCLEO-H7S3L8, NUCLEO-N657X0-Q, NUCLEO-U031R8, NUCLEO-U083RC, NUCLEO-U385RG-Q, NUCLEO-U545RE-Q, NUCLEO-U5A5ZJ-Q, NUCLEO-WB05KZ, NUCLEO-WB07CC, NUCLEO-WB09KE, NUCLEO-WBA52CG, NUCLEO-WBA55CG, NUCLEO-WL33CC1, NUCLEO-WL33CC2, STEVAL-PROTEUS1, STEVAL-SMARTAG2, STEVAL-STWINBX1, STM320518-EVAL, STM32C0116-DK, STM32C011D6Y3TR, STM32C011D6Y6TR, STM32C011F4P3, STM32C011F4P6, STM32C011F4U3, STM32C011F4U6TR, STM32C011F6P3, STM32C011F6P6, STM32C011F6U3, STM32C011F6U6TR, STM32C011J4M3, STM32C011J4M6, STM32C011J6M3, STM32C011J6M6, STM32C0316-DK, STM32C031C4T3, STM32C031C4T6, STM32C031C4U3, STM32C031C4U6, STM32C031C6T3, STM32C031C6T6, STM32C031C6U3, STM32C031C6U6, STM32C031F4P3, STM32C031F4P6, STM32C031F6P3, STM32C031F6P6, STM32C031G4U3, STM32C031G4U6, STM32C031G6U3, STM32C031G6U6, STM32C031K4T3, STM32C031K4T6, STM32C031K4U3, STM32C031K4U6, STM32C031K6T3, STM32C031K6T6, STM32C031K6U3, STM32C031K6U6, STM32C051C6T6, STM32C051C6U6, STM32C051C8T6, STM32C051C8U6, STM32C051D8Y6TR, STM32C051F6P6, STM32C051F8P6, STM32C051G6U6, STM32C051G8U6, STM32C051K6T6, STM32C051K6U6, STM32C051K8T6, STM32C071C8T6, STM32C071C8T6N, STM32C071C8U6, STM32C071C8U6N, STM32C071CBT6, STM32C071CBT6N, STM32C071CBU6, STM32C071CBU6N, STM32C071F8P6, STM32C071F8P6N, STM32C071FBP6, STM32C071FBP6N, STM32C071FBY6TR, STM32C071G8U6, STM32C071G8U6N, STM32C071GBU6, STM32C071GBU6N, STM32C071K8T6, STM32C071K8T6N, STM32C071K8U6, STM32C071K8U6N, STM32C071KBT6, STM32C071KBT6N, STM32C071KBU6, STM32C071KBU6N, STM32C071R8T6, STM32C071R8T6N, STM32C071RBI6N, STM32C071RBT6, STM32C071RBT6N, STM32C091CBT6, STM32C091CBU6, STM32C091CCT6, STM32C091CCU6, STM32C091ECY6TR, STM32C091FBP6, STM32C091FCP6, STM32C091GBU6, STM32C091GCU6, STM32C091KBT6, STM32C091KBU6, STM32C091KCT6, STM32C091KCU6, STM32C091RBT6, STM32C091RCI6, STM32C091RCT6, STM32C092CBT6, STM32C092CBU6, STM32C092CCT6, STM32C092CCU6, STM32C092ECY6TR, STM32C092FBP6, STM32C092FCP6, STM32C092GBU6, STM32C092GCU6, STM32C092KBT6, STM32C092KBU6, STM32C092KCT6, STM32C092KCU6, STM32C092RBT6, STM32C092RCI6, STM32C092RCT6, STM32G071K8TXN, STM32G071K8UXN, STM32G081GBU6N, STM32G081KBT6N, STM32G081KBUXN, STM32G0B1CCT6N, STM32G0B1KCT6, STM32G0B1NEY6TR, STM32G0B1RCT6N, STM32G0C1CCT6, STM32G0C1CCT6N, STM32G0C1CCU6N, STM32G0C1CET6N, STM32G0C1CEU6N, STM32G0C1KCT6, STM32G0C1NEY6TR, STM32G0C1RCI6N, STM32G0C1RCT6N, STM32G0C1REI6N, STM32G0C1RET6N, STM32G0C1VCI6, STM32G0C1VEI6, STM32G411C6T3, STM32G411C6T6, STM32G411C6U3, STM32G411C6U6, STM32G411C8T3, STM32G411C8T6, STM32G411C8U3, STM32G411C8U6, STM32G411CBT3, STM32G411CBT6, STM32G411CBU3, STM32G411CBU6, STM32G411CCT3, STM32G411CCT6, STM32G411CCU3, STM32G411CCU6, STM32G411K6T3, STM32G411K6T6, STM32G411K6U3, STM32G411K6U6, STM32G411K8T3, STM32G411K8T6, STM32G411K8U3, STM32G411K8U6, STM32G411KBT3, STM32G411KBT6, STM32G411KBU3, STM32G411KBU6, STM32G411M6T3, STM32G411M6T6, STM32G411M8T3, STM32G411M8T6, STM32G411MBT3, STM32G411MBT6, STM32G411MCT3, STM32G411MCT6, STM32G411R6T3, STM32G411R6T6, STM32G411R8T3, STM32G411R8T6, STM32G411RBT3, STM32G411RBT6, STM32G411RCT3, STM32G411RCT6, STM32G414CBT3, STM32G414CBT6, STM32G414CBU3, STM32G414CBU6, STM32G414CCT3, STM32G414CCT6, STM32G414CCU3, STM32G414CCU6, STM32G414MBT3, STM32G414MBT6, STM32G414MCT3, STM32G414MCT6, STM32G414RBT3, STM32G414RBT6, STM32G414RCT3, STM32G414RCT6, STM32G414VBT3, STM32G414VBT6, STM32G414VCT3, STM32G414VCT6, STM32G431CBT3Z, STM32G431RBT3Z, STM32G471CCT6, STM32G471CCU6, STM32G471CET3, STM32G471CET6, STM32G471CEU3, STM32G471CEU6, STM32G471MCT6, STM32G471MET3, STM32G471MET6, STM32G471MEY6TR, STM32G471QCT6, STM32G471QET3, STM32G471RCT6, STM32G471RET3, STM32G471RET6, STM32G471VCH6, STM32G471VCI6, STM32G471VCT6, STM32G471VEH3, STM32G471VEH6, STM32G471VEI3, STM32G471VEI6, STM32G471VET3, STM32G471VET6, STM32G473QET3Z, STM32G473RET3Z, STM32G474CCT6, STM32G491RET3Z, STM32H503CBT6, STM32H503CBU6, STM32H503EBY6TR, STM32H503KBU6, STM32H503RBT6, STM32H523CCT6, STM32H523CCU6, STM32H523CET6, STM32H523CEU6, STM32H523HEY6TR, STM32H523RCT6, STM32H523RET6, STM32H523VCI6, STM32H523VCT6, STM32H523VEI6, STM32H523VET6, STM32H523ZCJ6, STM32H523ZCT6, STM32H523ZEJ6, STM32H523ZET6, STM32H533CET6, STM32H533CEU6, STM32H533HEY6TR, STM32H533RET6, STM32H533VEI6, STM32H533VET6, STM32H533ZEJ6, STM32H533ZET6, STM32H562AGI6, STM32H562AII6, STM32H562IGK6, STM32H562IGT6, STM32H562IIK6, STM32H562IIT6, STM32H562RGT6, STM32H562RGV6, STM32H562RIT6, STM32H562RIV6, STM32H562VGT6, STM32H562VIT6, STM32H562ZGT6, STM32H562ZIT6, STM32H563AGI6, STM32H563AII3Q, STM32H563AII6, STM32H563IGK6, STM32H563IGT6, STM32H563IIK3Q, STM32H563IIK6, STM32H563IIT3Q, STM32H563IIT6, STM32H563MIY3QTR, STM32H563RGT6, STM32H563RGV6, STM32H563RIT6, STM32H563RIV6, STM32H563VGT6, STM32H563VIT3Q, STM32H563VIT6, STM32H563ZGT6, STM32H563ZIT3Q, STM32H563ZIT6, STM32H573AII3Q, STM32H573AII6, STM32H573I-DK, STM32H573IIK3Q, STM32H573IIK6, STM32H573IIT3Q, STM32H573IIT6, STM32H573MIY3QTR, STM32H573RIT6, STM32H573RIV6, STM32H573VIT3Q, STM32H573VIT6, STM32H573ZIT3Q, STM32H573ZIT6, STM32H7R3A8I6, STM32H7R3I8K6, STM32H7R3I8T6, STM32H7R3L8H6, STM32H7R3L8H6H, STM32H7R3R8V6, STM32H7R3V8H6, STM32H7R3V8T6, STM32H7R3V8Y6TR, STM32H7R3Z8J6, STM32H7R3Z8T6, STM32H7R7A8I6, STM32H7R7I8K6, STM32H7R7I8T6, STM32H7R7L8H6, STM32H7R7L8H6H, STM32H7R7Z8J6, STM32H7S3A8I6, STM32H7S3I8K6, STM32H7S3I8T6, STM32H7S3L8H6, STM32H7S3L8H6H, STM32H7S3R8V6, STM32H7S3V8H6, STM32H7S3V8T6, STM32H7S3V8Y6TR, STM32H7S3Z8J6, STM32H7S3Z8T6, STM32H7S78-DK, STM32H7S7A8I6, STM32H7S7I8K6, STM32H7S7I8T6, STM32H7S7L8H6, STM32H7S7L8H6H, STM32H7S7Z8J6, STM32L4R5QGI6STR, STM32MP131AAE3, STM32MP131AAF3, STM32MP131AAG3, STM32MP131CAE3, STM32MP131CAF3, STM32MP131CAG3, STM32MP131DAE7, STM32MP131DAF7, STM32MP131DAG7, STM32MP131FAE7, STM32MP131FAF7, STM32MP131FAG7, STM32MP133AAE3, STM32MP133AAF3, STM32MP133AAG3, STM32MP133CAE3, STM32MP133CAF3, STM32MP133CAG3, STM32MP133DAE7, STM32MP133DAF7, STM32MP133DAG7, STM32MP133FAE7, STM32MP133FAF7, STM32MP133FAG7, STM32MP135AAE3, STM32MP135AAF3, STM32MP135AAG3, STM32MP135CAE3, STM32MP135CAF3, STM32MP135CAG3, STM32MP135DAE7, STM32MP135DAF7, STM32MP135DAG7, STM32MP135F-DK, STM32MP135FAE7, STM32MP135FAF7, STM32MP135FAF7T, STM32MP135FAF7U, STM32MP135FAG7, STM32MP231AAJ3, STM32MP231AAK3, STM32MP231AAL3, STM32MP231CAJ3, STM32MP231CAK3, STM32MP231CAL3, STM32MP231DAJ3, STM32MP231DAK3, STM32MP231DAL3, STM32MP231FAJ3, STM32MP231FAK3, STM32MP231FAL3, STM32MP233AAJ3, STM32MP233AAK3, STM32MP233AAL3, STM32MP233CAJ3, STM32MP233CAK3, STM32MP233CAL3, STM32MP233DAJ3, STM32MP233DAK3, STM32MP233DAL3, STM32MP233FAJ3, STM32MP233FAK3, STM32MP233FAL3, STM32MP235AAJ3, STM32MP235AAK3, STM32MP235AAL3, STM32MP235CAJ3, STM32MP235CAK3, STM32MP235CAL3, STM32MP235DAJ3, STM32MP235DAK3, STM32MP235DAL3, STM32MP235FAJ3, STM32MP235FAK3, STM32MP235FAL3, STM32MP251AAI3, STM32MP251AAJ3, STM32MP251AAK3, STM32MP251AAL3, STM32MP251CAI3, STM32MP251CAJ3, STM32MP251CAK3, STM32MP251CAL3, STM32MP251DAI3, STM32MP251DAJ3, STM32MP251DAK3, STM32MP251DAL3, STM32MP251FAI3, STM32MP251FAJ3, STM32MP251FAK3, STM32MP251FAL3, STM32MP253AAI3, STM32MP253AAJ3, STM32MP253AAK3, STM32MP253AAL3, STM32MP253CAI3, STM32MP253CAJ3, STM32MP253CAK3, STM32MP253CAL3, STM32MP253DAI3, STM32MP253DAJ3, STM32MP253DAK3, STM32MP253DAL3, STM32MP253FAI3, STM32MP253FAJ3, STM32MP253FAK3, STM32MP253FAL3, STM32MP255AAI3, STM32MP255AAJ3, STM32MP255AAK3, STM32MP255AAL3, STM32MP255CAI3, STM32MP255CAJ3, STM32MP255CAK3, STM32MP255CAL3, STM32MP255DAI3, STM32MP255DAJ3, STM32MP255DAK3, STM32MP255DAL3, STM32MP255FAI3, STM32MP255FAJ3, STM32MP255FAK3, STM32MP255FAL3, STM32MP257AAI3, STM32MP257AAJ3, STM32MP257AAK3, STM32MP257AAL3, STM32MP257CAI3, STM32MP257CAJ3, STM32MP257CAK3, STM32MP257CAL3, STM32MP257DAI3, STM32MP257DAJ3, STM32MP257DAK3, STM32MP257DAL3, STM32MP257F-DK, STM32MP257F-EV1, STM32MP257FAI3, STM32MP257FAJ3, STM32MP257FAK3, STM32MP257FAL3, STM32N645A0H3Q, STM32N645B0H3Q, STM32N645I0H3Q, STM32N645L0H3Q, STM32N645X0H3Q, STM32N645Z0H3Q, STM32N647A0H3Q, STM32N647B0H3Q, STM32N647I0H3Q, STM32N647L0H3Q, STM32N647X0H3Q, STM32N647Z0H3Q, STM32N655A0H3Q, STM32N655B0H3Q, STM32N655I0H3Q, STM32N655L0H3Q, STM32N655X0H3Q, STM32N655Z0H3Q, STM32N6570-DK, STM32N657A0H3Q, STM32N657B0H3Q, STM32N657I0H3Q, STM32N657L0H3Q, STM32N657X0H3Q, STM32N657Z0H3Q, STM32U031C6T6, STM32U031C6U6, STM32U031C8T6, STM32U031C8U6, STM32U031F4P6, STM32U031F6P6, STM32U031F8P6, STM32U031G6Y6TR, STM32U031G8Y6TR, STM32U031K4U6, STM32U031K6U6, STM32U031K8U6, STM32U031R6I6, STM32U031R6T6, STM32U031R8I6, STM32U031R8T6, STM32U073C8T6, STM32U073C8U6, STM32U073CBT6, STM32U073CBU6, STM32U073CCT6, STM32U073CCU6, STM32U073H8Y6TR, STM32U073HBY6TR, STM32U073HCY6TR, STM32U073K8U6, STM32U073KBU6, STM32U073KCU6, STM32U073M8I6, STM32U073M8T6, STM32U073MBI6, STM32U073MBT6, STM32U073MCI6, STM32U073MCT6, STM32U073R8I6, STM32U073R8T6, STM32U073RBI6, STM32U073RBT6, STM32U073RCI6, STM32U073RCT6, STM32U083C-DK, STM32U083CCT6, STM32U083CCU6, STM32U083HCY6TR, STM32U083KCU6, STM32U083MCI6, STM32U083MCT6, STM32U083RCI6, STM32U083RCT6, STM32U375CET6, STM32U375CET6Q, STM32U375CEU6, STM32U375CEU6Q, STM32U375CEY6QTR, STM32U375CGT6, STM32U375CGT6Q, STM32U375CGU6, STM32U375CGU6Q, STM32U375CGY6QTR, STM32U375KEU6, STM32U375KGU6, STM32U375REI6, STM32U375REI6Q, STM32U375RET6, STM32U375RET6Q, STM32U375REY6GTR, STM32U375REY6QTR, STM32U375RGI6, STM32U375RGI6Q, STM32U375RGT6, STM32U375RGT6Q, STM32U375RGY6GTR, STM32U375RGY6QTR, STM32U375VEI6, STM32U375VEI6Q, STM32U375VET6, STM32U375VET6Q, STM32U375VGI6, STM32U375VGI6Q, STM32U375VGT6, STM32U375VGT6Q, STM32U385CGT6, STM32U385CGT6Q, STM32U385CGU6, STM32U385CGU6Q, STM32U385CGY6QTR, STM32U385KGU6, STM32U385RGI6, STM32U385RGI6Q, STM32U385RGT6, STM32U385RGT6Q, STM32U385RGY6GTR, STM32U385RGY6QTR, STM32U385VGI6, STM32U385VGI6Q, STM32U385VGT6, STM32U385VGT6Q, STM32U535CBT6, STM32U535CBT6Q, STM32U535CBU6, STM32U535CBU6Q, STM32U535CCT6, STM32U535CCT6Q, STM32U535CCU6, STM32U535CCU6Q, STM32U535CET6, STM32U535CET6Q, STM32U535CEU6, STM32U535CEU6Q, STM32U535JEY6QTR, STM32U535NCY6QTR, STM32U535NEY6QTR, STM32U535RBI6, STM32U535RBI6Q, STM32U535RBT6, STM32U535RBT6Q, STM32U535RCI6, STM32U535RCI6Q, STM32U535RCT6, STM32U535RCT6Q, STM32U535REI6, STM32U535REI6Q, STM32U535RET6, STM32U535RET6Q, STM32U535VCI6, STM32U535VCI6Q, STM32U535VCT6, STM32U535VCT6Q, STM32U535VEI6, STM32U535VEI6Q, STM32U535VET6, STM32U535VET6Q, STM32U545CET6, STM32U545CET6Q, STM32U545CEU6, STM32U545CEU6Q, STM32U545JEY6QTR, STM32U545NEY6QTR, STM32U545REI6, STM32U545REI6Q, STM32U545RET6, STM32U545RET6Q, STM32U545VEI6, STM32U545VEI6Q, STM32U545VET6, STM32U545VET6Q, STM32U595AIH6, STM32U595AIH6Q, STM32U595AJH6, STM32U595AJH6Q, STM32U595QII6, STM32U595QII6Q, STM32U595QJI6, STM32U595QJI6Q, STM32U595RIT6, STM32U595RIT6Q, STM32U595RJT6, STM32U595RJT6Q, STM32U595VIT6, STM32U595VIT6Q, STM32U595VJT6, STM32U595VJT6Q, STM32U595ZIT6, STM32U595ZIT6Q, STM32U595ZIY6QTR, STM32U595ZJT6, STM32U595ZJT6Q, STM32U595ZJY6QTR, STM32U599BJY6QTR, STM32U599NIH6Q, STM32U599NJH6Q, STM32U599VIT6Q, STM32U599VJT6, STM32U599VJT6Q, STM32U599ZIT6Q, STM32U599ZIY6QTR, STM32U599ZJT6Q, STM32U599ZJY6QTR, STM32U5A5AJH6, STM32U5A5AJH6Q, STM32U5A5QII3Q , STM32U5A5QJI6, STM32U5A5QJI6Q, STM32U5A5RJT6, STM32U5A5RJT6Q, STM32U5A5VJT6, STM32U5A5VJT6Q, STM32U5A5ZJT6, STM32U5A5ZJT6Q, STM32U5A5ZJY6QTR, STM32U5A9BJY6QTR, STM32U5A9J-DK, STM32U5A9NJH6Q, STM32U5A9VJT6Q, STM32U5A9ZJT6Q, STM32U5A9ZJY6QTR, STM32U5F7VIT6, STM32U5F7VIT6Q, STM32U5F7VJT6, STM32U5F7VJT6Q, STM32U5F9BJY6QTR, STM32U5F9NJH6Q, STM32U5F9VIT6Q, STM32U5F9VJT6Q, STM32U5F9ZIJ6QTR, STM32U5F9ZIT6Q, STM32U5F9ZJJ6QTR, STM32U5F9ZJT6Q, STM32U5G7VJT6, STM32U5G7VJT6Q, STM32U5G9BJY6QTR, STM32U5G9J-DK1, STM32U5G9J-DK2, STM32U5G9NJH6Q, STM32U5G9VJT6Q, STM32U5G9ZJJ6QTR, STM32U5G9ZJT6Q, STM32WB05KZV6TR, STM32WB05KZV7TR, STM32WB05TZF6TR, STM32WB05TZF7TR, STM32WB06CCF6TR, STM32WB06CCF7TR, STM32WB06CCV6TR, STM32WB06CCV7TR, STM32WB06KCV6TR, STM32WB06KCV7TR, STM32WB07CCF6TR, STM32WB07CCF7TR, STM32WB07CCV6TR, STM32WB07CCV7TR, STM32WB07KCV6TR, STM32WB07KCV7TR, STM32WB09KEV6TR, STM32WB09KEV7TR, STM32WB09TEF6TR, STM32WB09TEF7TR, STM32WB1MMCH6, STM32WBA50KGU6, STM32WBA50KGU6TR, STM32WBA52CEU6, STM32WBA52CEU6TR, STM32WBA52CEU7, STM32WBA52CEU7TR, STM32WBA52CGU6, STM32WBA52CGU6TR, STM32WBA52CGU6U, STM32WBA52CGU7, STM32WBA52CGU7TR, STM32WBA52KEU6, STM32WBA52KEU6TR, STM32WBA52KGU6, STM32WBA52KGU6TR, STM32WBA54CEU6, STM32WBA54CEU6TR, STM32WBA54CEU7, STM32WBA54CEU7TR, STM32WBA54CGU6, STM32WBA54CGU6TR, STM32WBA54CGU7, STM32WBA54CGU7TR, STM32WBA54KEU6, STM32WBA54KEU6TR, STM32WBA54KEU7, STM32WBA54KEU7TR, STM32WBA54KGU6, STM32WBA54KGU6TR, STM32WBA54KGU7, STM32WBA54KGU7TR, STM32WBA55CEU6, STM32WBA55CEU6TR, STM32WBA55CEU7, STM32WBA55CEU7TR, STM32WBA55CGU6, STM32WBA55CGU6TR, STM32WBA55CGU6U, STM32WBA55CGU7, STM32WBA55CGU7TR, STM32WBA55G-DK1, STM32WBA55HEF6, STM32WBA55HEF7, STM32WBA55HGF6, STM32WBA55HGF7, STM32WBA55UEI6, STM32WBA55UEI6TR, STM32WBA55UEI7, STM32WBA55UEI7TR, STM32WBA55UGI6, STM32WBA55UGI6TR, STM32WBA55UGI7, STM32WBA55UGI7TR, STM32WBA5MJGH6TR, STM32WBA5MJGH6U, STM32WL33C8V6, STM32WL33C8V6TR, STM32WL33C8V7, STM32WL33C8V7TR, STM32WL33CBV6, STM32WL33CBV6TR, STM32WL33CBV7, STM32WL33CBV7TR, STM32WL33CCV6, STM32WL33CCV6TR, STM32WL33CCV7, STM32WL33CCV7A, STM32WL33CCV7ATR, STM32WL33CCV7TR, STM32WL33K8V6, STM32WL33K8V6TR, STM32WL33K8V7, STM32WL33K8V7TR, STM32WL33KBV6, STM32WL33KBV6TR, STM32WL33KBV7, STM32WL33KBV7TR, STM32WL33KCV6, STM32WL33KCV6TR, STM32WL33KCV7, STM32WL33KCV7TR, STM32WL5MOCH6, STM32WL5MOCH6TR]
2025-05-04 14:24:57,795 [INFO] BoardInfo:889 - No configuration file found for board NUCLEO-WBA65RI
2025-05-04 14:24:57,796 [INFO] DbBoards:161 - Board is not supported: NUCLEO-WBA65RI
2025-05-04 14:24:57,806 [INFO] BoardInfo:889 - No configuration file found for board P-NUCLEO-WB55
2025-05-04 14:24:57,807 [INFO] DbBoards:161 - Kit is not supported: P-NUCLEO-WB55
2025-05-04 14:24:57,812 [INFO] BoardInfo:889 - No configuration file found for board STEVAL-BFA001V1B
2025-05-04 14:24:57,813 [INFO] DbBoards:161 - Kit is not supported: STEVAL-BFA001V1B
2025-05-04 14:24:57,813 [INFO] BoardInfo:889 - No configuration file found for board STEVAL-BFA001V2B
2025-05-04 14:24:57,815 [INFO] DbBoards:161 - Kit is not supported: STEVAL-BFA001V2B
2025-05-04 14:24:57,971 [INFO] BoardInfo:889 - No configuration file found for board STM32WBA65I-DK1
2025-05-04 14:24:57,972 [INFO] DbBoards:161 - Board is not supported: STM32WBA65I-DK1
2025-05-04 14:24:57,973 [INFO] DbBoards:168 - Found 211 boards, 206 are supported
2025-05-04 14:24:57,973 [INFO] DbBoards:169 - Found 211 boards, 42 of them is supported for  Bsp
2025-05-04 14:24:57,976 [INFO] ApiDb:668 - CubeFinder database Data Model version=2.1
2025-05-04 14:24:57,976 [INFO] ApiDb:669 - CubeFinder database Configuration version=3.0.39
2025-05-04 14:24:57,976 [INFO] ApiDb:670 - CubeFinder database generation date=2025-04-23 (1745419778)
2025-05-04 14:24:57,976 [INFO] ApiDb:671 - CubeFinder database FW Pack versions=[FP-ATR-ASTRA1_V2.0.0, FP-SNS-FLIGHT1_V5.1.0, FP-SNS-MOTENV1_V5.0.0, FP-SNS-MOTENVWB1_V1.4.0, FP-SNS-SMARTAG2_V1.2.0, FP-SNS-STBOX1_V2.0.0, STM32Cube_FW_C0_V1.4.0, STM32Cube_FW_F4_V1.28.1, STM32Cube_FW_F7_V1.17.2, STM32Cube_FW_G0_V1.6.2, STM32Cube_FW_G4_V1.6.1, STM32Cube_FW_H5_V1.5.0, STM32Cube_FW_H7RS_V1.2.0, STM32Cube_FW_H7_V1.12.1, STM32Cube_FW_L0_V1.12.2, STM32Cube_FW_L4_V1.18.1, STM32Cube_FW_L5_V1.5.1, STM32Cube_FW_N6_V1.1.1, STM32Cube_FW_U0_V1.2.0, STM32Cube_FW_U3_V1.1.0, STM32Cube_FW_U5_V1.7.0, STM32Cube_FW_WB0_V1.2.0, STM32Cube_FW_WBA_V1.6.0, STM32Cube_FW_WB_V1.22.0, STM32Cube_FW_WL3_V1.1.0, STM32Cube_FW_WL_V1.3.1, X-CUBE-ALGOBUILD_V1.4.0, X-CUBE-ALS_V1.0.2, X-CUBE-AZRTOS-F4_V1.1.0, X-CUBE-AZRTOS-F7_V1.1.0, X-CUBE-AZRTOS-G0_V1.1.0, X-CUBE-AZRTOS-G4_V2.0.0, X-CUBE-AZRTOS-H7RS_V1.1.0, X-CUBE-AZRTOS-H7_V3.3.0, X-CUBE-AZRTOS-L4_V2.0.0, X-CUBE-AZRTOS-L5_V2.0.0, X-CUBE-AZRTOS-WB_V2.0.0, X-CUBE-AZRTOS-WL_V2.0.0, X-CUBE-BLE1_V7.1.0, X-CUBE-BLE2_V3.3.0, X-CUBE-BLEMGR_V4.0.0, X-CUBE-EEPRMA1_V5.1.0, X-CUBE-FREERTOS_V1.3.0, X-CUBE-GNSS1_V6.0.0, X-CUBE-MEMS1_V11.2.0, X-CUBE-NFC4_V3.0.0, X-CUBE-NFC7_V1.0.1, X-CUBE-SFXS2LP1_V4.0.0, X-CUBE-SUBG2_V5.0.0, X-CUBE-TOF1_V3.4.3]
2025-05-04 14:24:59,535 [INFO] ApiDb:240 - Found 858 in-development CPN: [B-G473E-ZEST1S, B-WB1M-WPAN1, B-WBA5M-WPAN, B-WL5M-SUBG1, NUCLEO-C031C6, NUCLEO-C051C8, NUCLEO-C071RB, NUCLEO-C092RC, NUCLEO-H503RB, NUCLEO-H533RE, NUCLEO-H563ZI, NUCLEO-H7S3L8, NUCLEO-N657X0-Q, NUCLEO-U031R8, NUCLEO-U083RC, NUCLEO-U385RG-Q, NUCLEO-U545RE-Q, NUCLEO-U5A5ZJ-Q, NUCLEO-WB05KZ, NUCLEO-WB07CC, NUCLEO-WB09KE, NUCLEO-WBA52CG, NUCLEO-WBA55CG, NUCLEO-WL33CC1, NUCLEO-WL33CC2, STEVAL-PROTEUS1, STEVAL-SMARTAG2, STEVAL-STWINBX1, STM320518-EVAL, STM32C0116-DK, STM32C011D6Y3TR, STM32C011D6Y6TR, STM32C011F4P3, STM32C011F4P6, STM32C011F4U3, STM32C011F4U6TR, STM32C011F6P3, STM32C011F6P6, STM32C011F6U3, STM32C011F6U6TR, STM32C011J4M3, STM32C011J4M6, STM32C011J6M3, STM32C011J6M6, STM32C0316-DK, STM32C031C4T3, STM32C031C4T6, STM32C031C4U3, STM32C031C4U6, STM32C031C6T3, STM32C031C6T6, STM32C031C6U3, STM32C031C6U6, STM32C031F4P3, STM32C031F4P6, STM32C031F6P3, STM32C031F6P6, STM32C031G4U3, STM32C031G4U6, STM32C031G6U3, STM32C031G6U6, STM32C031K4T3, STM32C031K4T6, STM32C031K4U3, STM32C031K4U6, STM32C031K6T3, STM32C031K6T6, STM32C031K6U3, STM32C031K6U6, STM32C051C6T6, STM32C051C6U6, STM32C051C8T6, STM32C051C8U6, STM32C051D8Y6TR, STM32C051F6P6, STM32C051F8P6, STM32C051G6U6, STM32C051G8U6, STM32C051K6T6, STM32C051K6U6, STM32C051K8T6, STM32C071C8T6, STM32C071C8T6N, STM32C071C8U6, STM32C071C8U6N, STM32C071CBT6, STM32C071CBT6N, STM32C071CBU6, STM32C071CBU6N, STM32C071F8P6, STM32C071F8P6N, STM32C071FBP6, STM32C071FBP6N, STM32C071FBY6TR, STM32C071G8U6, STM32C071G8U6N, STM32C071GBU6, STM32C071GBU6N, STM32C071K8T6, STM32C071K8T6N, STM32C071K8U6, STM32C071K8U6N, STM32C071KBT6, STM32C071KBT6N, STM32C071KBU6, STM32C071KBU6N, STM32C071R8T6, STM32C071R8T6N, STM32C071RBI6N, STM32C071RBT6, STM32C071RBT6N, STM32C091CBT6, STM32C091CBU6, STM32C091CCT6, STM32C091CCU6, STM32C091ECY6TR, STM32C091FBP6, STM32C091FCP6, STM32C091GBU6, STM32C091GCU6, STM32C091KBT6, STM32C091KBU6, STM32C091KCT6, STM32C091KCU6, STM32C091RBT6, STM32C091RCI6, STM32C091RCT6, STM32C092CBT6, STM32C092CBU6, STM32C092CCT6, STM32C092CCU6, STM32C092ECY6TR, STM32C092FBP6, STM32C092FCP6, STM32C092GBU6, STM32C092GCU6, STM32C092KBT6, STM32C092KBU6, STM32C092KCT6, STM32C092KCU6, STM32C092RBT6, STM32C092RCI6, STM32C092RCT6, STM32G071K8TXN, STM32G071K8UXN, STM32G081GBU6N, STM32G081KBT6N, STM32G081KBUXN, STM32G0B1CCT6N, STM32G0B1KCT6, STM32G0B1NEY6TR, STM32G0B1RCT6N, STM32G0C1CCT6, STM32G0C1CCT6N, STM32G0C1CCU6N, STM32G0C1CET6N, STM32G0C1CEU6N, STM32G0C1KCT6, STM32G0C1NEY6TR, STM32G0C1RCI6N, STM32G0C1RCT6N, STM32G0C1REI6N, STM32G0C1RET6N, STM32G0C1VCI6, STM32G0C1VEI6, STM32G411C6T3, STM32G411C6T6, STM32G411C6U3, STM32G411C6U6, STM32G411C8T3, STM32G411C8T6, STM32G411C8U3, STM32G411C8U6, STM32G411CBT3, STM32G411CBT6, STM32G411CBU3, STM32G411CBU6, STM32G411CCT3, STM32G411CCT6, STM32G411CCU3, STM32G411CCU6, STM32G411K6T3, STM32G411K6T6, STM32G411K6U3, STM32G411K6U6, STM32G411K8T3, STM32G411K8T6, STM32G411K8U3, STM32G411K8U6, STM32G411KBT3, STM32G411KBT6, STM32G411KBU3, STM32G411KBU6, STM32G411M6T3, STM32G411M6T6, STM32G411M8T3, STM32G411M8T6, STM32G411MBT3, STM32G411MBT6, STM32G411MCT3, STM32G411MCT6, STM32G411R6T3, STM32G411R6T6, STM32G411R8T3, STM32G411R8T6, STM32G411RBT3, STM32G411RBT6, STM32G411RCT3, STM32G411RCT6, STM32G414CBT3, STM32G414CBT6, STM32G414CBU3, STM32G414CBU6, STM32G414CCT3, STM32G414CCT6, STM32G414CCU3, STM32G414CCU6, STM32G414MBT3, STM32G414MBT6, STM32G414MCT3, STM32G414MCT6, STM32G414RBT3, STM32G414RBT6, STM32G414RCT3, STM32G414RCT6, STM32G414VBT3, STM32G414VBT6, STM32G414VCT3, STM32G414VCT6, STM32G431CBT3Z, STM32G431RBT3Z, STM32G471CCT6, STM32G471CCU6, STM32G471CET3, STM32G471CET6, STM32G471CEU3, STM32G471CEU6, STM32G471MCT6, STM32G471MET3, STM32G471MET6, STM32G471MEY6TR, STM32G471QCT6, STM32G471QET3, STM32G471RCT6, STM32G471RET3, STM32G471RET6, STM32G471VCH6, STM32G471VCI6, STM32G471VCT6, STM32G471VEH3, STM32G471VEH6, STM32G471VEI3, STM32G471VEI6, STM32G471VET3, STM32G471VET6, STM32G473QET3Z, STM32G473RET3Z, STM32G474CCT6, STM32G491RET3Z, STM32H503CBT6, STM32H503CBU6, STM32H503EBY6TR, STM32H503KBU6, STM32H503RBT6, STM32H523CCT6, STM32H523CCU6, STM32H523CET6, STM32H523CEU6, STM32H523HEY6TR, STM32H523RCT6, STM32H523RET6, STM32H523VCI6, STM32H523VCT6, STM32H523VEI6, STM32H523VET6, STM32H523ZCJ6, STM32H523ZCT6, STM32H523ZEJ6, STM32H523ZET6, STM32H533CET6, STM32H533CEU6, STM32H533HEY6TR, STM32H533RET6, STM32H533VEI6, STM32H533VET6, STM32H533ZEJ6, STM32H533ZET6, STM32H562AGI6, STM32H562AII6, STM32H562IGK6, STM32H562IGT6, STM32H562IIK6, STM32H562IIT6, STM32H562RGT6, STM32H562RGV6, STM32H562RIT6, STM32H562RIV6, STM32H562VGT6, STM32H562VIT6, STM32H562ZGT6, STM32H562ZIT6, STM32H563AGI6, STM32H563AII3Q, STM32H563AII6, STM32H563IGK6, STM32H563IGT6, STM32H563IIK3Q, STM32H563IIK6, STM32H563IIT3Q, STM32H563IIT6, STM32H563MIY3QTR, STM32H563RGT6, STM32H563RGV6, STM32H563RIT6, STM32H563RIV6, STM32H563VGT6, STM32H563VIT3Q, STM32H563VIT6, STM32H563ZGT6, STM32H563ZIT3Q, STM32H563ZIT6, STM32H573AII3Q, STM32H573AII6, STM32H573I-DK, STM32H573IIK3Q, STM32H573IIK6, STM32H573IIT3Q, STM32H573IIT6, STM32H573MIY3QTR, STM32H573RIT6, STM32H573RIV6, STM32H573VIT3Q, STM32H573VIT6, STM32H573ZIT3Q, STM32H573ZIT6, STM32H7R3A8I6, STM32H7R3I8K6, STM32H7R3I8T6, STM32H7R3L8H6, STM32H7R3L8H6H, STM32H7R3R8V6, STM32H7R3V8H6, STM32H7R3V8T6, STM32H7R3V8Y6TR, STM32H7R3Z8J6, STM32H7R3Z8T6, STM32H7R7A8I6, STM32H7R7I8K6, STM32H7R7I8T6, STM32H7R7L8H6, STM32H7R7L8H6H, STM32H7R7Z8J6, STM32H7S3A8I6, STM32H7S3I8K6, STM32H7S3I8T6, STM32H7S3L8H6, STM32H7S3L8H6H, STM32H7S3R8V6, STM32H7S3V8H6, STM32H7S3V8T6, STM32H7S3V8Y6TR, STM32H7S3Z8J6, STM32H7S3Z8T6, STM32H7S78-DK, STM32H7S7A8I6, STM32H7S7I8K6, STM32H7S7I8T6, STM32H7S7L8H6, STM32H7S7L8H6H, STM32H7S7Z8J6, STM32L4R5QGI6STR, STM32MP131AAE3, STM32MP131AAF3, STM32MP131AAG3, STM32MP131CAE3, STM32MP131CAF3, STM32MP131CAG3, STM32MP131DAE7, STM32MP131DAF7, STM32MP131DAG7, STM32MP131FAE7, STM32MP131FAF7, STM32MP131FAG7, STM32MP133AAE3, STM32MP133AAF3, STM32MP133AAG3, STM32MP133CAE3, STM32MP133CAF3, STM32MP133CAG3, STM32MP133DAE7, STM32MP133DAF7, STM32MP133DAG7, STM32MP133FAE7, STM32MP133FAF7, STM32MP133FAG7, STM32MP135AAE3, STM32MP135AAF3, STM32MP135AAG3, STM32MP135CAE3, STM32MP135CAF3, STM32MP135CAG3, STM32MP135DAE7, STM32MP135DAF7, STM32MP135DAG7, STM32MP135F-DK, STM32MP135FAE7, STM32MP135FAF7, STM32MP135FAF7T, STM32MP135FAF7U, STM32MP135FAG7, STM32MP231AAJ3, STM32MP231AAK3, STM32MP231AAL3, STM32MP231CAJ3, STM32MP231CAK3, STM32MP231CAL3, STM32MP231DAJ3, STM32MP231DAK3, STM32MP231DAL3, STM32MP231FAJ3, STM32MP231FAK3, STM32MP231FAL3, STM32MP233AAJ3, STM32MP233AAK3, STM32MP233AAL3, STM32MP233CAJ3, STM32MP233CAK3, STM32MP233CAL3, STM32MP233DAJ3, STM32MP233DAK3, STM32MP233DAL3, STM32MP233FAJ3, STM32MP233FAK3, STM32MP233FAL3, STM32MP235AAJ3, STM32MP235AAK3, STM32MP235AAL3, STM32MP235CAJ3, STM32MP235CAK3, STM32MP235CAL3, STM32MP235DAJ3, STM32MP235DAK3, STM32MP235DAL3, STM32MP235FAJ3, STM32MP235FAK3, STM32MP235FAL3, STM32MP251AAI3, STM32MP251AAJ3, STM32MP251AAK3, STM32MP251AAL3, STM32MP251CAI3, STM32MP251CAJ3, STM32MP251CAK3, STM32MP251CAL3, STM32MP251DAI3, STM32MP251DAJ3, STM32MP251DAK3, STM32MP251DAL3, STM32MP251FAI3, STM32MP251FAJ3, STM32MP251FAK3, STM32MP251FAL3, STM32MP253AAI3, STM32MP253AAJ3, STM32MP253AAK3, STM32MP253AAL3, STM32MP253CAI3, STM32MP253CAJ3, STM32MP253CAK3, STM32MP253CAL3, STM32MP253DAI3, STM32MP253DAJ3, STM32MP253DAK3, STM32MP253DAL3, STM32MP253FAI3, STM32MP253FAJ3, STM32MP253FAK3, STM32MP253FAL3, STM32MP255AAI3, STM32MP255AAJ3, STM32MP255AAK3, STM32MP255AAL3, STM32MP255CAI3, STM32MP255CAJ3, STM32MP255CAK3, STM32MP255CAL3, STM32MP255DAI3, STM32MP255DAJ3, STM32MP255DAK3, STM32MP255DAL3, STM32MP255FAI3, STM32MP255FAJ3, STM32MP255FAK3, STM32MP255FAL3, STM32MP257AAI3, STM32MP257AAJ3, STM32MP257AAK3, STM32MP257AAL3, STM32MP257CAI3, STM32MP257CAJ3, STM32MP257CAK3, STM32MP257CAL3, STM32MP257DAI3, STM32MP257DAJ3, STM32MP257DAK3, STM32MP257DAL3, STM32MP257F-DK, STM32MP257F-EV1, STM32MP257FAI3, STM32MP257FAJ3, STM32MP257FAK3, STM32MP257FAL3, STM32N645A0H3Q, STM32N645B0H3Q, STM32N645I0H3Q, STM32N645L0H3Q, STM32N645X0H3Q, STM32N645Z0H3Q, STM32N647A0H3Q, STM32N647B0H3Q, STM32N647I0H3Q, STM32N647L0H3Q, STM32N647X0H3Q, STM32N647Z0H3Q, STM32N655A0H3Q, STM32N655B0H3Q, STM32N655I0H3Q, STM32N655L0H3Q, STM32N655X0H3Q, STM32N655Z0H3Q, STM32N6570-DK, STM32N657A0H3Q, STM32N657B0H3Q, STM32N657I0H3Q, STM32N657L0H3Q, STM32N657X0H3Q, STM32N657Z0H3Q, STM32U031C6T6, STM32U031C6U6, STM32U031C8T6, STM32U031C8U6, STM32U031F4P6, STM32U031F6P6, STM32U031F8P6, STM32U031G6Y6TR, STM32U031G8Y6TR, STM32U031K4U6, STM32U031K6U6, STM32U031K8U6, STM32U031R6I6, STM32U031R6T6, STM32U031R8I6, STM32U031R8T6, STM32U073C8T6, STM32U073C8U6, STM32U073CBT6, STM32U073CBU6, STM32U073CCT6, STM32U073CCU6, STM32U073H8Y6TR, STM32U073HBY6TR, STM32U073HCY6TR, STM32U073K8U6, STM32U073KBU6, STM32U073KCU6, STM32U073M8I6, STM32U073M8T6, STM32U073MBI6, STM32U073MBT6, STM32U073MCI6, STM32U073MCT6, STM32U073R8I6, STM32U073R8T6, STM32U073RBI6, STM32U073RBT6, STM32U073RCI6, STM32U073RCT6, STM32U083C-DK, STM32U083CCT6, STM32U083CCU6, STM32U083HCY6TR, STM32U083KCU6, STM32U083MCI6, STM32U083MCT6, STM32U083RCI6, STM32U083RCT6, STM32U375CET6, STM32U375CET6Q, STM32U375CEU6, STM32U375CEU6Q, STM32U375CEY6QTR, STM32U375CGT6, STM32U375CGT6Q, STM32U375CGU6, STM32U375CGU6Q, STM32U375CGY6QTR, STM32U375KEU6, STM32U375KGU6, STM32U375REI6, STM32U375REI6Q, STM32U375RET6, STM32U375RET6Q, STM32U375REY6GTR, STM32U375REY6QTR, STM32U375RGI6, STM32U375RGI6Q, STM32U375RGT6, STM32U375RGT6Q, STM32U375RGY6GTR, STM32U375RGY6QTR, STM32U375VEI6, STM32U375VEI6Q, STM32U375VET6, STM32U375VET6Q, STM32U375VGI6, STM32U375VGI6Q, STM32U375VGT6, STM32U375VGT6Q, STM32U385CGT6, STM32U385CGT6Q, STM32U385CGU6, STM32U385CGU6Q, STM32U385CGY6QTR, STM32U385KGU6, STM32U385RGI6, STM32U385RGI6Q, STM32U385RGT6, STM32U385RGT6Q, STM32U385RGY6GTR, STM32U385RGY6QTR, STM32U385VGI6, STM32U385VGI6Q, STM32U385VGT6, STM32U385VGT6Q, STM32U535CBT6, STM32U535CBT6Q, STM32U535CBU6, STM32U535CBU6Q, STM32U535CCT6, STM32U535CCT6Q, STM32U535CCU6, STM32U535CCU6Q, STM32U535CET6, STM32U535CET6Q, STM32U535CEU6, STM32U535CEU6Q, STM32U535JEY6QTR, STM32U535NCY6QTR, STM32U535NEY6QTR, STM32U535RBI6, STM32U535RBI6Q, STM32U535RBT6, STM32U535RBT6Q, STM32U535RCI6, STM32U535RCI6Q, STM32U535RCT6, STM32U535RCT6Q, STM32U535REI6, STM32U535REI6Q, STM32U535RET6, STM32U535RET6Q, STM32U535VCI6, STM32U535VCI6Q, STM32U535VCT6, STM32U535VCT6Q, STM32U535VEI6, STM32U535VEI6Q, STM32U535VET6, STM32U535VET6Q, STM32U545CET6, STM32U545CET6Q, STM32U545CEU6, STM32U545CEU6Q, STM32U545JEY6QTR, STM32U545NEY6QTR, STM32U545REI6, STM32U545REI6Q, STM32U545RET6, STM32U545RET6Q, STM32U545VEI6, STM32U545VEI6Q, STM32U545VET6, STM32U545VET6Q, STM32U595AIH6, STM32U595AIH6Q, STM32U595AJH6, STM32U595AJH6Q, STM32U595QII6, STM32U595QII6Q, STM32U595QJI6, STM32U595QJI6Q, STM32U595RIT6, STM32U595RIT6Q, STM32U595RJT6, STM32U595RJT6Q, STM32U595VIT6, STM32U595VIT6Q, STM32U595VJT6, STM32U595VJT6Q, STM32U595ZIT6, STM32U595ZIT6Q, STM32U595ZIY6QTR, STM32U595ZJT6, STM32U595ZJT6Q, STM32U595ZJY6QTR, STM32U599BJY6QTR, STM32U599NIH6Q, STM32U599NJH6Q, STM32U599VIT6Q, STM32U599VJT6, STM32U599VJT6Q, STM32U599ZIT6Q, STM32U599ZIY6QTR, STM32U599ZJT6Q, STM32U599ZJY6QTR, STM32U5A5AJH6, STM32U5A5AJH6Q, STM32U5A5QII3Q , STM32U5A5QJI6, STM32U5A5QJI6Q, STM32U5A5RJT6, STM32U5A5RJT6Q, STM32U5A5VJT6, STM32U5A5VJT6Q, STM32U5A5ZJT6, STM32U5A5ZJT6Q, STM32U5A5ZJY6QTR, STM32U5A9BJY6QTR, STM32U5A9J-DK, STM32U5A9NJH6Q, STM32U5A9VJT6Q, STM32U5A9ZJT6Q, STM32U5A9ZJY6QTR, STM32U5F7VIT6, STM32U5F7VIT6Q, STM32U5F7VJT6, STM32U5F7VJT6Q, STM32U5F9BJY6QTR, STM32U5F9NJH6Q, STM32U5F9VIT6Q, STM32U5F9VJT6Q, STM32U5F9ZIJ6QTR, STM32U5F9ZIT6Q, STM32U5F9ZJJ6QTR, STM32U5F9ZJT6Q, STM32U5G7VJT6, STM32U5G7VJT6Q, STM32U5G9BJY6QTR, STM32U5G9J-DK1, STM32U5G9J-DK2, STM32U5G9NJH6Q, STM32U5G9VJT6Q, STM32U5G9ZJJ6QTR, STM32U5G9ZJT6Q, STM32WB05KZV6TR, STM32WB05KZV7TR, STM32WB05TZF6TR, STM32WB05TZF7TR, STM32WB06CCF6TR, STM32WB06CCF7TR, STM32WB06CCV6TR, STM32WB06CCV7TR, STM32WB06KCV6TR, STM32WB06KCV7TR, STM32WB07CCF6TR, STM32WB07CCF7TR, STM32WB07CCV6TR, STM32WB07CCV7TR, STM32WB07KCV6TR, STM32WB07KCV7TR, STM32WB09KEV6TR, STM32WB09KEV7TR, STM32WB09TEF6TR, STM32WB09TEF7TR, STM32WB1MMCH6, STM32WBA50KGU6, STM32WBA50KGU6TR, STM32WBA52CEU6, STM32WBA52CEU6TR, STM32WBA52CEU7, STM32WBA52CEU7TR, STM32WBA52CGU6, STM32WBA52CGU6TR, STM32WBA52CGU6U, STM32WBA52CGU7, STM32WBA52CGU7TR, STM32WBA52KEU6, STM32WBA52KEU6TR, STM32WBA52KGU6, STM32WBA52KGU6TR, STM32WBA54CEU6, STM32WBA54CEU6TR, STM32WBA54CEU7, STM32WBA54CEU7TR, STM32WBA54CGU6, STM32WBA54CGU6TR, STM32WBA54CGU7, STM32WBA54CGU7TR, STM32WBA54KEU6, STM32WBA54KEU6TR, STM32WBA54KEU7, STM32WBA54KEU7TR, STM32WBA54KGU6, STM32WBA54KGU6TR, STM32WBA54KGU7, STM32WBA54KGU7TR, STM32WBA55CEU6, STM32WBA55CEU6TR, STM32WBA55CEU7, STM32WBA55CEU7TR, STM32WBA55CGU6, STM32WBA55CGU6TR, STM32WBA55CGU6U, STM32WBA55CGU7, STM32WBA55CGU7TR, STM32WBA55G-DK1, STM32WBA55HEF6, STM32WBA55HEF7, STM32WBA55HGF6, STM32WBA55HGF7, STM32WBA55UEI6, STM32WBA55UEI6TR, STM32WBA55UEI7, STM32WBA55UEI7TR, STM32WBA55UGI6, STM32WBA55UGI6TR, STM32WBA55UGI7, STM32WBA55UGI7TR, STM32WBA5MJGH6TR, STM32WBA5MJGH6U, STM32WL33C8V6, STM32WL33C8V6TR, STM32WL33C8V7, STM32WL33C8V7TR, STM32WL33CBV6, STM32WL33CBV6TR, STM32WL33CBV7, STM32WL33CBV7TR, STM32WL33CCV6, STM32WL33CCV6TR, STM32WL33CCV7, STM32WL33CCV7A, STM32WL33CCV7ATR, STM32WL33CCV7TR, STM32WL33K8V6, STM32WL33K8V6TR, STM32WL33K8V7, STM32WL33K8V7TR, STM32WL33KBV6, STM32WL33KBV6TR, STM32WL33KBV7, STM32WL33KBV7TR, STM32WL33KCV6, STM32WL33KCV6TR, STM32WL33KCV7, STM32WL33KCV7TR, STM32WL5MOCH6, STM32WL5MOCH6TR]
2025-05-04 14:24:59,537 [INFO] DbMcus:218 - Found 4674 MCUs, 4674 are supported
2025-05-04 14:24:59,544 [INFO] ApiDb:423 - Load user favorites file C:\Users\Miloush/.stm32cubeide/favorites.mcus.txt: 3 item(s)
2025-05-04 14:24:59,544 [INFO] ApiDb:427 - User favorites MCUs=[STM32F446RET6, STM32G431KBT6, STM32G474CBT3]
2025-05-04 14:24:59,544 [INFO] DbMcus:224 - Set 3 / 3 favorites MCUs
2025-05-04 14:24:59,799 [INFO] ApiDb:423 - Load user favorites file C:\Users\Miloush/.stm32cubeide/favorites.boards.txt: 0 item(s)
2025-05-04 14:24:59,799 [INFO] ApiDb:427 - User favorites Boards=[]
2025-05-04 14:24:59,799 [INFO] DbBoards:198 - Set 0 / 0 favorites Boards
2025-05-04 14:24:59,855 [INFO] UtilMem:75 - End LoadConfig() Used Memory: 828044720 Bytes (1073741824)
2025-05-04 14:24:59,927 [WARN] ThirdParty:833 - waiting for thirdparty lock release [change project]
2025-05-04 14:24:59,928 [INFO] ThirdParty:835 - entering critical section [change project]
2025-05-04 14:24:59,928 [INFO] ThirdParty:1030 - CMSIS Pack Vendor :STMicroelectronics USBPD 4.1
2025-05-04 14:24:59,928 [INFO] ThirdParty:1030 - CMSIS Pack Vendor :STMicroelectronics USB_HOST 2.0.0
2025-05-04 14:24:59,928 [INFO] ThirdParty:1030 - CMSIS Pack Vendor :STMicroelectronics FP-SNS-MOTENVWB1 1.4.0
2025-05-04 14:24:59,928 [INFO] ThirdParty:1030 - CMSIS Pack Vendor :STMicroelectronics X-CUBE-AZRTOS-F4 1.1.0
2025-05-04 14:24:59,928 [INFO] ThirdParty:1030 - CMSIS Pack Vendor :STMicroelectronics LIBJPEG 8.0.0
2025-05-04 14:24:59,928 [INFO] ThirdParty:1030 - CMSIS Pack Vendor :STMicroelectronics FP-ATR-ASTRA1 2.0.2
2025-05-04 14:24:59,928 [INFO] ThirdParty:1030 - CMSIS Pack Vendor :STMicroelectronics FP-ATR-ASTRA1 2.0.1
2025-05-04 14:24:59,928 [INFO] ThirdParty:1030 - CMSIS Pack Vendor :Avnet-IotConnect X-CUBE-IoTC-DA16k-PMOD 1.0.0
2025-05-04 14:24:59,928 [INFO] ThirdParty:1030 - CMSIS Pack Vendor :STMicroelectronics X-CUBE-SMBUS 2.1.0
2025-05-04 14:24:59,928 [INFO] ThirdParty:1030 - CMSIS Pack Vendor :STMicroelectronics X-CUBE-WB05N 1.1.0
2025-05-04 14:24:59,928 [INFO] ThirdParty:1030 - CMSIS Pack Vendor :STMicroelectronics X-CUBE-ISPU 2.1.0
2025-05-04 14:24:59,928 [INFO] ThirdParty:1030 - CMSIS Pack Vendor :STMicroelectronics X-CUBE-FREERTOS 1.2.0
2025-05-04 14:24:59,928 [INFO] ThirdParty:1030 - CMSIS Pack Vendor :STMicroelectronics X-CUBE-AZRTOS-F7 1.1.0
2025-05-04 14:24:59,928 [INFO] ThirdParty:1030 - CMSIS Pack Vendor :STMicroelectronics X-CUBE-AZRTOS-L5 2.0.0
2025-05-04 14:24:59,928 [INFO] ThirdParty:1030 - CMSIS Pack Vendor :STMicroelectronics USB_DEVICE 2.0.0
2025-05-04 14:24:59,928 [INFO] ThirdParty:1030 - CMSIS Pack Vendor :STMicroelectronics X-CUBE-NFC6 3.1.0
2025-05-04 14:24:59,928 [INFO] ThirdParty:1030 - CMSIS Pack Vendor :STMicroelectronics X-CUBE-MEMS1 11.0.0
2025-05-04 14:24:59,928 [INFO] ThirdParty:1030 - CMSIS Pack Vendor :STMicroelectronics FreeRTOS 0.0.1
2025-05-04 14:24:59,928 [INFO] ThirdParty:1030 - CMSIS Pack Vendor :STMicroelectronics X-CUBE-DPower 1.2.0
2025-05-04 14:24:59,928 [INFO] ThirdParty:1030 - CMSIS Pack Vendor :STMicroelectronics FP-SNS-FLIGHT1 5.0.2
2025-05-04 14:24:59,928 [INFO] ThirdParty:1030 - CMSIS Pack Vendor :STMicroelectronics PDM2PCM 3.3.0
2025-05-04 14:24:59,928 [INFO] ThirdParty:1030 - CMSIS Pack Vendor :STMicroelectronics X-CUBE-DISPLAY 3.0.0
2025-05-04 14:24:59,928 [INFO] ThirdParty:1030 - CMSIS Pack Vendor :STMicroelectronics X-CUBE-BLE1 7.0.0
2025-05-04 14:24:59,928 [INFO] ThirdParty:1030 - CMSIS Pack Vendor :STMicroelectronics X-CUBE-NFC10 1.0.0
2025-05-04 14:24:59,928 [INFO] ThirdParty:1030 - CMSIS Pack Vendor :STMicroelectronics X-CUBE-BLEMGR 4.0.0
2025-05-04 14:24:59,928 [INFO] ThirdParty:1030 - CMSIS Pack Vendor :STMicroelectronics HAL Drivers 0.0.0
2025-05-04 14:24:59,928 [INFO] ThirdParty:1030 - CMSIS Pack Vendor :emotas I-CUBE-CANOPEN 1.3.0
2025-05-04 14:24:59,928 [INFO] ThirdParty:1030 - CMSIS Pack Vendor :STMicroelectronics X-CUBE-FREERTOS 1.3.0
2025-05-04 14:24:59,928 [INFO] ThirdParty:1030 - CMSIS Pack Vendor :STMicroelectronics X-CUBE-NFC7 1.0.1
2025-05-04 14:24:59,928 [INFO] ThirdParty:1030 - CMSIS Pack Vendor :STMicroelectronics MBEDTLS 2.14.1
2025-05-04 14:24:59,928 [INFO] ThirdParty:1030 - CMSIS Pack Vendor :STMicroelectronics X-CUBE-BLEMGR 3.1.0
2025-05-04 14:24:59,928 [INFO] ThirdParty:1030 - CMSIS Pack Vendor :STMicroelectronics X-CUBE-AI 10.0.0
2025-05-04 14:24:59,928 [INFO] ThirdParty:1030 - CMSIS Pack Vendor :STMicroelectronics FP-SNS-SMARTAG2 1.2.0
2025-05-04 14:24:59,928 [INFO] ThirdParty:1030 - CMSIS Pack Vendor :STMicroelectronics FP-SNS-FLIGHT1 5.1.0
2025-05-04 14:24:59,929 [INFO] ThirdParty:1030 - CMSIS Pack Vendor :STMicroelectronics X-CUBE-MEMS1 11.1.0
2025-05-04 14:24:59,929 [INFO] ThirdParty:1030 - CMSIS Pack Vendor :STMicroelectronics X-CUBE-AZRTOS-WL 2.0.0
2025-05-04 14:24:59,929 [INFO] ThirdParty:1030 - CMSIS Pack Vendor :STMicroelectronics X-CUBE-DPower 1.3.0
2025-05-04 14:24:59,929 [INFO] ThirdParty:1030 - CMSIS Pack Vendor :STMicroelectronics FP-SNS-MOTENV1 5.0.0
2025-05-04 14:24:59,929 [INFO] ThirdParty:1030 - CMSIS Pack Vendor :STMicroelectronics USB_DEVICE 1.0.0
2025-05-04 14:24:59,929 [INFO] ThirdParty:1030 - CMSIS Pack Vendor :wolfSSL I-CUBE-wolfMQTT 1.19.0
2025-05-04 14:24:59,929 [INFO] ThirdParty:1030 - CMSIS Pack Vendor :STMicroelectronics X-CUBE-AZRTOS-L4 2.0.0
2025-05-04 14:24:59,929 [INFO] ThirdParty:1030 - CMSIS Pack Vendor :STMicroelectronics ThreadX 0.0.2
2025-05-04 14:24:59,929 [INFO] ThirdParty:1030 - CMSIS Pack Vendor :WES I-CUBE-Cesium 1.3.0
2025-05-04 14:24:59,929 [INFO] ThirdParty:1030 - CMSIS Pack Vendor :STMicroelectronics lwIP 2.1.2
2025-05-04 14:24:59,929 [INFO] ThirdParty:1030 - CMSIS Pack Vendor :STMicroelectronics X-CUBE-SFXS2LP1 4.0.0
2025-05-04 14:24:59,929 [INFO] ThirdParty:1030 - CMSIS Pack Vendor :STMicroelectronics X-CUBE-BLE2 3.3.0
2025-05-04 14:24:59,929 [INFO] ThirdParty:1030 - CMSIS Pack Vendor :STMicroelectronics PDM2PCM 3.2.0
2025-05-04 14:24:59,929 [INFO] ThirdParty:1030 - CMSIS Pack Vendor :STMicroelectronics X-CUBE-AZRTOS-H7 3.3.0
2025-05-04 14:24:59,929 [INFO] ThirdParty:1030 - CMSIS Pack Vendor :STMicroelectronics X-CUBE-NFC9 1.0.0
2025-05-04 14:24:59,929 [INFO] ThirdParty:1030 - CMSIS Pack Vendor :STMicroelectronics X-CUBE-BLE1 7.1.0
2025-05-04 14:24:59,929 [INFO] ThirdParty:1030 - CMSIS Pack Vendor :STMicroelectronics USB_DEVICE 3.0.0
2025-05-04 14:24:59,929 [INFO] ThirdParty:1030 - CMSIS Pack Vendor :STMicroelectronics X-CUBE-TCPP 4.1.0
2025-05-04 14:24:59,929 [INFO] ThirdParty:1030 - CMSIS Pack Vendor :STMicroelectronics X-CUBE-IPS 3.0.0
2025-05-04 14:24:59,929 [INFO] ThirdParty:1030 - CMSIS Pack Vendor :STMicroelectronics X-CUBE-AZRTOS-WB 2.0.0
2025-05-04 14:24:59,929 [INFO] ThirdParty:1030 - CMSIS Pack Vendor :STMicroelectronics X-CUBE-GNSS1 7.0.0
2025-05-04 14:24:59,929 [INFO] ThirdParty:1030 - CMSIS Pack Vendor :STMicroelectronics X-CUBE-GNSS1 7.0.1
2025-05-04 14:24:59,929 [INFO] ThirdParty:1030 - CMSIS Pack Vendor :STMicroelectronics X-CUBE-TOUCHGFX 4.25.0
2025-05-04 14:24:59,929 [INFO] ThirdParty:1030 - CMSIS Pack Vendor :STMicroelectronics FP-SNS-STBOX1 2.0.0
2025-05-04 14:24:59,929 [INFO] ThirdParty:1030 - CMSIS Pack Vendor :STMicroelectronics X-CUBE-MEMS1 11.2.0
2025-05-04 14:24:59,929 [INFO] ThirdParty:1030 - CMSIS Pack Vendor :STMicroelectronics X-CUBE-AZRTOS-G0 1.1.0
2025-05-04 14:24:59,929 [INFO] ThirdParty:1030 - CMSIS Pack Vendor :STMicroelectronics X-CUBE-SAFEA1 1.2.2
2025-05-04 14:24:59,929 [INFO] ThirdParty:1030 - CMSIS Pack Vendor :STMicroelectronics X-CUBE-NFC4 3.0.0
2025-05-04 14:24:59,929 [INFO] ThirdParty:1030 - CMSIS Pack Vendor :STMicroelectronics X-CUBE-SUBG2 5.0.0
2025-05-04 14:24:59,929 [INFO] ThirdParty:1030 - CMSIS Pack Vendor :STMicroelectronics X-CUBE-AZRTOS-H7RS 1.1.0
2025-05-04 14:24:59,929 [INFO] ThirdParty:1030 - CMSIS Pack Vendor :STMicroelectronics STM32_WPAN 1.0.0
2025-05-04 14:24:59,929 [INFO] ThirdParty:1030 - CMSIS Pack Vendor :EmbeddedOffice I-CUBE-FS-RTOS 1.0.1
2025-05-04 14:24:59,929 [INFO] ThirdParty:1030 - CMSIS Pack Vendor :STMicroelectronics lwIP 2.0.3
2025-05-04 14:24:59,929 [INFO] ThirdParty:1030 - CMSIS Pack Vendor :Cesanta I-CUBE-Mongoose 7.13.0
2025-05-04 14:24:59,929 [INFO] ThirdParty:1030 - CMSIS Pack Vendor :STMicroelectronics USB_HOST 1.0.0
2025-05-04 14:24:59,929 [INFO] ThirdParty:1030 - CMSIS Pack Vendor :STMicroelectronics X-CUBE-AZRTOS-G4 2.0.0
2025-05-04 14:24:59,929 [INFO] ThirdParty:1030 - CMSIS Pack Vendor :STMicroelectronics X-CUBE-WB05N 2.0.0
2025-05-04 14:24:59,929 [INFO] ThirdParty:1030 - CMSIS Pack Vendor :STMicroelectronics PDM2PCM 3.1.0
2025-05-04 14:24:59,929 [INFO] ThirdParty:1030 - CMSIS Pack Vendor :STMicroelectronics X-CUBE-NFC7 2.0.0
2025-05-04 14:24:59,929 [INFO] ThirdParty:1030 - CMSIS Pack Vendor :STMicroelectronics X-CUBE-TCPP 4.2.0
2025-05-04 14:24:59,929 [INFO] ThirdParty:1030 - CMSIS Pack Vendor :RealThread X-CUBE-RT-Thread_Nano 4.1.1
2025-05-04 14:24:59,929 [INFO] ThirdParty:1030 - CMSIS Pack Vendor :STMicroelectronics FP-ATR-SIGFOX1 3.2.0
2025-05-04 14:24:59,929 [INFO] ThirdParty:1030 - CMSIS Pack Vendor :wolfSSL I-CUBE-wolfSSL 5.7.2
2025-05-04 14:24:59,929 [INFO] ThirdParty:1030 - CMSIS Pack Vendor :quantropi X-CUBE-qispace-sdk-base 1.9.3
2025-05-04 14:24:59,929 [INFO] ThirdParty:1030 - CMSIS Pack Vendor :STMicroelectronics X-CUBE-EEPRMA1 5.1.0
2025-05-04 14:24:59,929 [INFO] ThirdParty:1030 - CMSIS Pack Vendor :STMicroelectronics MBEDTLS 2.16.2
2025-05-04 14:24:59,929 [INFO] ThirdParty:1030 - CMSIS Pack Vendor :STMicroelectronics X-CUBE-IPS 3.1.0
2025-05-04 14:24:59,929 [INFO] ThirdParty:1030 - CMSIS Pack Vendor :STMicroelectronics X-CUBE-ALS 1.0.2
2025-05-04 14:24:59,929 [INFO] ThirdParty:1030 - CMSIS Pack Vendor :ITTIA_DB I-CUBE-ITTIADB 8.9.0
2025-05-04 14:24:59,929 [INFO] ThirdParty:1030 - CMSIS Pack Vendor :STMicroelectronics X-CUBE-TOUCHGFX 4.24.2
2025-05-04 14:24:59,929 [INFO] ThirdParty:1030 - CMSIS Pack Vendor :STMicroelectronics X-CUBE-TOUCHGFX 4.24.1
2025-05-04 14:24:59,929 [INFO] ThirdParty:1030 - CMSIS Pack Vendor :wolfSSL I-CUBE-wolfTPM 3.4.0
2025-05-04 14:24:59,929 [INFO] ThirdParty:1030 - CMSIS Pack Vendor :portGmbH I-Cube-SoM-uGOAL 1.1.0
2025-05-04 14:24:59,929 [INFO] ThirdParty:1030 - CMSIS Pack Vendor :STMicroelectronics ThreadX 1.0.0
2025-05-04 14:24:59,929 [INFO] ThirdParty:1030 - CMSIS Pack Vendor :SEGGER I-CUBE-embOS 1.3.1
2025-05-04 14:24:59,929 [INFO] ThirdParty:1030 - CMSIS Pack Vendor :STMicroelectronics X-CUBE-ALGOBUILD 1.4.0
2025-05-04 14:24:59,929 [INFO] ThirdParty:1030 - CMSIS Pack Vendor :STMicroelectronics X-CUBE-AZRTOS-H7RS 1.0.0
2025-05-04 14:24:59,929 [INFO] ThirdParty:1030 - CMSIS Pack Vendor :STMicroelectronics FP-ATR-ASTRA1 2.0.0
2025-05-04 14:24:59,929 [INFO] ThirdParty:1030 - CMSIS Pack Vendor :STMicroelectronics X-CUBE-TOF1 3.4.2
2025-05-04 14:24:59,929 [INFO] ThirdParty:1030 - CMSIS Pack Vendor :STMicroelectronics X-CUBE-TOF1 3.4.3
2025-05-04 14:24:59,929 [INFO] ThirdParty:1030 - CMSIS Pack Vendor :STMicroelectronics X-CUBE-AI 9.1.0
2025-05-04 14:24:59,929 [INFO] ThirdParty:1030 - CMSIS Pack Vendor :Infineon AIROC-Wi-Fi-Bluetooth-STM32 1.6.1
2025-05-04 14:24:59,929 [INFO] ThirdParty:1030 - CMSIS Pack Vendor :wolfSSL I-CUBE-wolfSSH 1.4.17
2025-05-04 14:24:59,929 [INFO] ThirdParty:841 - exiting critical section [change project]
2025-05-04 14:25:00,260 [INFO] PinOutPanel:1589 - setPackage(No Configuration,No Configuration)
2025-05-04 14:25:00,261 [INFO] PinOutPanel:1589 - setPackage(STM32G431RBTx,LQFP64)
2025-05-04 14:25:00,739 [INFO] UtilMem:75 - Before build in PCC Used Memory: 775946240 Bytes (1073741824)
2025-05-04 14:25:01,575 [INFO] UtilMem:75 - After build in PCC Used Memory: 882378752 Bytes (1073741824)
2025-05-04 14:25:01,599 [INFO] IPUIPlugin:80 - create IPUIPlugin
2025-05-04 14:25:01,599 [INFO] IPUIPlugin:80 - create IPUIPlugin
2025-05-04 14:25:01,600 [INFO] IPUIPlugin:80 - create IPUIPlugin
2025-05-04 14:25:01,600 [INFO] IPUIPlugin:80 - create IPUIPlugin
2025-05-04 14:25:01,600 [INFO] IPUIPlugin:80 - create IPUIPlugin
2025-05-04 14:25:01,600 [INFO] IPUIPlugin:80 - create IPUIPlugin
2025-05-04 14:25:01,600 [INFO] IPUIPlugin:80 - create IPUIPlugin
2025-05-04 14:25:01,600 [INFO] IPUIPlugin:80 - create IPUIPlugin
2025-05-04 14:25:01,600 [INFO] IPUIPlugin:80 - create IPUIPlugin
2025-05-04 14:25:01,600 [INFO] IPUIPlugin:80 - create IPUIPlugin
2025-05-04 14:25:01,600 [INFO] IPUIPlugin:80 - create IPUIPlugin
2025-05-04 14:25:01,600 [INFO] IPUIPlugin:80 - create IPUIPlugin
2025-05-04 14:25:01,600 [INFO] IPUIPlugin:80 - create IPUIPlugin
2025-05-04 14:25:01,600 [INFO] IPUIPlugin:80 - create IPUIPlugin
2025-05-04 14:25:01,600 [INFO] IPUIPlugin:80 - create IPUIPlugin
2025-05-04 14:25:01,600 [INFO] IPUIPlugin:80 - create IPUIPlugin
2025-05-04 14:25:01,601 [INFO] IPUIPlugin:80 - create IPUIPlugin
2025-05-04 14:25:01,601 [INFO] IPUIPlugin:80 - create IPUIPlugin
2025-05-04 14:25:01,601 [INFO] IPUIPlugin:80 - create IPUIPlugin
2025-05-04 14:25:01,601 [INFO] IPUIPlugin:80 - create IPUIPlugin
2025-05-04 14:25:01,601 [INFO] IPUIPlugin:80 - create IPUIPlugin
2025-05-04 14:25:01,601 [INFO] IPUIPlugin:80 - create IPUIPlugin
2025-05-04 14:25:01,601 [INFO] IPUIPlugin:80 - create IPUIPlugin
2025-05-04 14:25:01,601 [INFO] IPUIPlugin:80 - create IPUIPlugin
2025-05-04 14:25:01,601 [INFO] IPUIPlugin:80 - create IPUIPlugin
2025-05-04 14:25:01,601 [INFO] IPUIPlugin:80 - create IPUIPlugin
2025-05-04 14:25:01,601 [INFO] IPUIPlugin:80 - create IPUIPlugin
2025-05-04 14:25:01,601 [INFO] IPUIPlugin:80 - create IPUIPlugin
2025-05-04 14:25:01,602 [INFO] IPUIPlugin:80 - create IPUIPlugin
2025-05-04 14:25:01,602 [INFO] IPUIPlugin:80 - create IPUIPlugin
2025-05-04 14:25:01,602 [INFO] IPUIPlugin:80 - create IPUIPlugin
2025-05-04 14:25:01,602 [INFO] IPUIPlugin:80 - create IPUIPlugin
2025-05-04 14:25:01,602 [INFO] IPUIPlugin:80 - create IPUIPlugin
2025-05-04 14:25:01,602 [INFO] IPUIPlugin:80 - create IPUIPlugin
2025-05-04 14:25:01,602 [INFO] IPUIPlugin:80 - create IPUIPlugin
2025-05-04 14:25:01,602 [INFO] IPUIPlugin:80 - create IPUIPlugin
2025-05-04 14:25:01,602 [INFO] IPUIPlugin:80 - create IPUIPlugin
2025-05-04 14:25:01,603 [INFO] IPUIPlugin:80 - create IPUIPlugin
2025-05-04 14:25:01,603 [INFO] IPUIPlugin:80 - create IPUIPlugin
2025-05-04 14:25:01,603 [INFO] IPUIPlugin:80 - create IPUIPlugin
2025-05-04 14:25:01,603 [INFO] IPUIPlugin:80 - create IPUIPlugin
2025-05-04 14:25:01,603 [INFO] IPUIPlugin:80 - create IPUIPlugin
2025-05-04 14:25:01,603 [INFO] IPUIPlugin:80 - create IPUIPlugin
2025-05-04 14:25:01,603 [INFO] IPUIPlugin:80 - create IPUIPlugin
2025-05-04 14:25:01,603 [INFO] IPUIPlugin:80 - create IPUIPlugin
2025-05-04 14:25:01,604 [INFO] IPUIPlugin:80 - create IPUIPlugin
2025-05-04 14:25:01,604 [INFO] IPUIPlugin:80 - create IPUIPlugin
2025-05-04 14:25:01,604 [INFO] IPUIPlugin:80 - create IPUIPlugin
2025-05-04 14:25:01,604 [INFO] IPUIPlugin:80 - create IPUIPlugin
2025-05-04 14:25:01,604 [INFO] IPUIPlugin:80 - create IPUIPlugin
2025-05-04 14:25:01,604 [INFO] IPUIPlugin:80 - create IPUIPlugin
2025-05-04 14:25:01,605 [INFO] IPUIPlugin:80 - create IPUIPlugin
2025-05-04 14:25:01,605 [INFO] IPUIPlugin:80 - create IPUIPlugin
2025-05-04 14:25:01,605 [INFO] IPUIPlugin:80 - create IPUIPlugin
2025-05-04 14:25:01,605 [INFO] IPUIPlugin:80 - create IPUIPlugin
2025-05-04 14:25:01,605 [INFO] IPUIPlugin:80 - create IPUIPlugin
2025-05-04 14:25:01,605 [INFO] IPUIPlugin:80 - create IPUIPlugin
2025-05-04 14:25:01,606 [INFO] IPUIPlugin:80 - create IPUIPlugin
2025-05-04 14:25:01,606 [INFO] IPUIPlugin:80 - create IPUIPlugin
2025-05-04 14:25:01,802 [INFO] CADModel:165 - CPN selected for project levelSTM32G431RBT6
2025-05-04 14:25:01,802 [INFO] CADModel:114 - Register for checkConnection events
2025-05-04 14:25:01,855 [INFO] OpenFileManager:363 - Restore cursor
2025-05-04 14:25:15,026 [INFO] UtilMem:75 - End SaveConfig() Used Memory: 698767488 Bytes (1073741824)
2025-05-04 14:25:15,771 [INFO] UtilMem:75 - End SaveConfig() Used Memory: 721672784 Bytes (1073741824)
2025-05-04 14:25:17,155 [INFO] UtilMem:75 - End SaveConfig() Used Memory: 770498088 Bytes (1073741824)
2025-05-04 14:25:17,644 [INFO] BlockDiagram:2766 - set Specific Code input for plugin: TIM1_8G4
2025-05-04 14:25:17,644 [INFO] BlockDiagram:2766 - set Specific Code input for plugin: TIM1_8G4
2025-05-04 14:25:17,644 [INFO] BlockDiagram:2766 - set Specific Code input for plugin: SYS
2025-05-04 14:25:17,644 [INFO] BlockDiagram:2766 - set Specific Code input for plugin: ADC
2025-05-04 14:25:17,644 [INFO] BlockDiagram:2766 - set Specific Code input for plugin: RCC
2025-05-04 14:25:17,644 [INFO] BlockDiagram:2766 - set Specific Code input for plugin: NVIC
2025-05-04 14:25:17,644 [INFO] BlockDiagram:2766 - set Specific Code input for plugin: USART
2025-05-04 14:25:17,645 [INFO] BlockDiagram:2766 - set Specific Code input for plugin: GPIO
2025-05-04 14:25:17,645 [INFO] CodeGenerator:896 - code generatio: config db path: C:\ST\STM32CubeIDE_1.16.1\STM32CubeIDE\plugins\com.st.stm32cube.common.mx_6.13.0.202411220809\\db\
2025-05-04 14:25:17,803 [INFO] CodeEngine:255 - oldGeneratedFile, E:\AGH\AiR\Praca_inzynierska\bldc_foc\Projects\bldc_foc-3140a2e43a172b19a50723ef87278b5c8d5977c6.zip_expanded\bldc_foc-3140a2e43a172b19a50723ef87278b5c8d5977c6\BLDC_FOC\MXTmpFiles\license.tmp_save
2025-05-04 14:25:18,283 [INFO] CodeEngine:279 - Generated code: E:\AGH\AiR\Praca_inzynierska\bldc_foc\Projects\bldc_foc-3140a2e43a172b19a50723ef87278b5c8d5977c6.zip_expanded\bldc_foc-3140a2e43a172b19a50723ef87278b5c8d5977c6\BLDC_FOC\MXTmpFiles\license.tmp
2025-05-04 14:25:18,385 [INFO] CodeEngine:255 - oldGeneratedFile, E:\AGH\AiR\Praca_inzynierska\bldc_foc\Projects\bldc_foc-3140a2e43a172b19a50723ef87278b5c8d5977c6.zip_expanded\bldc_foc-3140a2e43a172b19a50723ef87278b5c8d5977c6\BLDC_FOC\MXTmpFiles\gpio.tmp_save
2025-05-04 14:25:18,529 [INFO] CodeEngine:279 - Generated code: E:\AGH\AiR\Praca_inzynierska\bldc_foc\Projects\bldc_foc-3140a2e43a172b19a50723ef87278b5c8d5977c6.zip_expanded\bldc_foc-3140a2e43a172b19a50723ef87278b5c8d5977c6\BLDC_FOC\MXTmpFiles\gpio.tmp
2025-05-04 14:25:18,828 [INFO] CodeEngine:255 - oldGeneratedFile, E:\AGH\AiR\Praca_inzynierska\bldc_foc\Projects\bldc_foc-3140a2e43a172b19a50723ef87278b5c8d5977c6.zip_expanded\bldc_foc-3140a2e43a172b19a50723ef87278b5c8d5977c6\BLDC_FOC\Core\Src\stm32g4xx_it.c_save
2025-05-04 14:25:18,947 [INFO] CodeEngine:279 - Generated code: E:\AGH\AiR\Praca_inzynierska\bldc_foc\Projects\bldc_foc-3140a2e43a172b19a50723ef87278b5c8d5977c6.zip_expanded\bldc_foc-3140a2e43a172b19a50723ef87278b5c8d5977c6\BLDC_FOC\Core\Src\stm32g4xx_it.c
2025-05-04 14:25:18,959 [INFO] CodeEngine:255 - oldGeneratedFile, E:\AGH\AiR\Praca_inzynierska\bldc_foc\Projects\bldc_foc-3140a2e43a172b19a50723ef87278b5c8d5977c6.zip_expanded\bldc_foc-3140a2e43a172b19a50723ef87278b5c8d5977c6\BLDC_FOC\Core\Inc\stm32g4xx_it.h_save
2025-05-04 14:25:19,024 [INFO] CodeEngine:279 - Generated code: E:\AGH\AiR\Praca_inzynierska\bldc_foc\Projects\bldc_foc-3140a2e43a172b19a50723ef87278b5c8d5977c6.zip_expanded\bldc_foc-3140a2e43a172b19a50723ef87278b5c8d5977c6\BLDC_FOC\Core\Inc\stm32g4xx_it.h
2025-05-04 14:25:19,042 [INFO] CodeEngine:255 - oldGeneratedFile, E:\AGH\AiR\Praca_inzynierska\bldc_foc\Projects\bldc_foc-3140a2e43a172b19a50723ef87278b5c8d5977c6.zip_expanded\bldc_foc-3140a2e43a172b19a50723ef87278b5c8d5977c6\BLDC_FOC\Core\Src\stm32g4xx_hal_msp.c_save
2025-05-04 14:25:19,197 [INFO] CodeEngine:279 - Generated code: E:\AGH\AiR\Praca_inzynierska\bldc_foc\Projects\bldc_foc-3140a2e43a172b19a50723ef87278b5c8d5977c6.zip_expanded\bldc_foc-3140a2e43a172b19a50723ef87278b5c8d5977c6\BLDC_FOC\Core\Src\stm32g4xx_hal_msp.c
2025-05-04 14:25:19,207 [INFO] CodeEngine:255 - oldGeneratedFile, E:\AGH\AiR\Praca_inzynierska\bldc_foc\Projects\bldc_foc-3140a2e43a172b19a50723ef87278b5c8d5977c6.zip_expanded\bldc_foc-3140a2e43a172b19a50723ef87278b5c8d5977c6\BLDC_FOC\MXTmpFiles\system.tmp_save
2025-05-04 14:25:19,271 [INFO] CodeEngine:279 - Generated code: E:\AGH\AiR\Praca_inzynierska\bldc_foc\Projects\bldc_foc-3140a2e43a172b19a50723ef87278b5c8d5977c6.zip_expanded\bldc_foc-3140a2e43a172b19a50723ef87278b5c8d5977c6\BLDC_FOC\MXTmpFiles\system.tmp
2025-05-04 14:25:19,285 [INFO] CodeEngine:311 - oldGeneratedFile, E:\AGH\AiR\Praca_inzynierska\bldc_foc\Projects\bldc_foc-3140a2e43a172b19a50723ef87278b5c8d5977c6.zip_expanded\bldc_foc-3140a2e43a172b19a50723ef87278b5c8d5977c6\BLDC_FOC\Core\Inc\stm32g4xx_hal_conf.h_save
2025-05-04 14:25:19,373 [INFO] CodeEngine:335 - Generated code: E:\AGH\AiR\Praca_inzynierska\bldc_foc\Projects\bldc_foc-3140a2e43a172b19a50723ef87278b5c8d5977c6.zip_expanded\bldc_foc-3140a2e43a172b19a50723ef87278b5c8d5977c6\BLDC_FOC\Core\Inc\stm32g4xx_hal_conf.h
2025-05-04 14:25:19,403 [WARN] IPConfigManager:3034 - Warning: the RefConfig RCC_CommonPeriphClockConfig is not available in your config.xml file
2025-05-04 14:25:19,407 [INFO] ApiDbMcu:508 - Load IP Config File for ADC1
2025-05-04 14:25:19,422 [INFO] ApiDbMcu:508 - Load IP Config File for TIM1
2025-05-04 14:25:19,434 [INFO] ApiDbMcu:508 - Load IP Config File for TIM2
2025-05-04 14:25:19,442 [INFO] ApiDbMcu:508 - Load IP Config File for USART2
2025-05-04 14:25:19,445 [INFO] ApiDbMcu:508 - Load IP Config File for RCC
2025-05-04 14:25:19,447 [WARN] IPConfigManager:3618 - IP not found : TIM
2025-05-04 14:25:19,448 [WARN] CodeGenerator:4152 - IP not found : null
2025-05-04 14:25:19,460 [INFO] CodeEngine:255 - oldGeneratedFile, E:\AGH\AiR\Praca_inzynierska\bldc_foc\Projects\bldc_foc-3140a2e43a172b19a50723ef87278b5c8d5977c6.zip_expanded\bldc_foc-3140a2e43a172b19a50723ef87278b5c8d5977c6\BLDC_FOC\Core\Inc\main.h_save
2025-05-04 14:25:19,543 [INFO] CodeEngine:279 - Generated code: E:\AGH\AiR\Praca_inzynierska\bldc_foc\Projects\bldc_foc-3140a2e43a172b19a50723ef87278b5c8d5977c6.zip_expanded\bldc_foc-3140a2e43a172b19a50723ef87278b5c8d5977c6\BLDC_FOC\Core\Inc\main.h
2025-05-04 14:25:19,554 [INFO] CodeEngine:255 - oldGeneratedFile, E:\AGH\AiR\Praca_inzynierska\bldc_foc\Projects\bldc_foc-3140a2e43a172b19a50723ef87278b5c8d5977c6.zip_expanded\bldc_foc-3140a2e43a172b19a50723ef87278b5c8d5977c6\BLDC_FOC\Core\Src\main.c_save
2025-05-04 14:25:19,709 [INFO] CodeEngine:279 - Generated code: E:\AGH\AiR\Praca_inzynierska\bldc_foc\Projects\bldc_foc-3140a2e43a172b19a50723ef87278b5c8d5977c6.zip_expanded\bldc_foc-3140a2e43a172b19a50723ef87278b5c8d5977c6\BLDC_FOC\Core\Src\main.c
2025-05-04 14:25:20,039 [INFO] ProjectBuilder:3289 - Time for Copy HAL[1] : 127mS.
2025-05-04 14:25:20,049 [INFO] ProjectBuilder:4876 - Project Generator version: 4.5.0-RC5
2025-05-04 14:25:20,140 [INFO] ConfigFileManager:1579 - The Die is : DIE468
2025-05-04 14:25:20,144 [INFO] ApiDbMcu:508 - Load IP Config File for FATFS
2025-05-04 14:25:20,147 [INFO] ApiDbMcu:508 - Load IP Config File for FREERTOS
2025-05-04 14:25:20,150 [INFO] ApiDbMcu:508 - Load IP Config File for USBPD
2025-05-04 14:25:20,164 [INFO] ApiDbMcu:508 - Load IP Config File for USB_DEVICE
2025-05-04 14:25:20,688 [INFO] LogOutputStream:77 - [STDOUT_REDIRECT] 
2025-05-04 14:25:21,610 [INFO] ProjectBuilder:5154 - Time for Generating toolchain IDE Files: 1561mS.
2025-05-04 14:25:21,610 [INFO] ProjectBuilder:3146 - Time for Copy CMSIS : 0mS.
2025-05-04 14:25:21,611 [INFO] ProjectBuilder:3146 - Time for Copy CMSIS : 0mS.
2025-05-04 14:26:18,316 [INFO] UtilMem:75 - End SaveConfig() Used Memory: 987167520 Bytes (1073741824)
2025-05-04 14:26:18,906 [INFO] UtilMem:75 - End SaveConfig() Used Memory: 1009187616 Bytes (1073741824)
2025-05-04 14:26:19,797 [INFO] UtilMem:75 - End SaveConfig() Used Memory: 784209296 Bytes (1073741824)
2025-05-04 14:26:20,072 [INFO] BlockDiagram:2766 - set Specific Code input for plugin: TIM1_8G4
2025-05-04 14:26:20,072 [INFO] BlockDiagram:2766 - set Specific Code input for plugin: TIM1_8G4
2025-05-04 14:26:20,072 [INFO] BlockDiagram:2766 - set Specific Code input for plugin: SYS
2025-05-04 14:26:20,072 [INFO] BlockDiagram:2766 - set Specific Code input for plugin: ADC
2025-05-04 14:26:20,072 [INFO] BlockDiagram:2766 - set Specific Code input for plugin: RCC
2025-05-04 14:26:20,072 [INFO] BlockDiagram:2766 - set Specific Code input for plugin: NVIC
2025-05-04 14:26:20,072 [INFO] BlockDiagram:2766 - set Specific Code input for plugin: USART
2025-05-04 14:26:20,073 [INFO] BlockDiagram:2766 - set Specific Code input for plugin: GPIO
2025-05-04 14:26:20,073 [INFO] CodeGenerator:896 - code generatio: config db path: C:\ST\STM32CubeIDE_1.16.1\STM32CubeIDE\plugins\com.st.stm32cube.common.mx_6.13.0.202411220809\\db\
2025-05-04 14:26:20,154 [INFO] CodeEngine:255 - oldGeneratedFile, E:\AGH\AiR\Praca_inzynierska\bldc_foc\Projects\bldc_foc-3140a2e43a172b19a50723ef87278b5c8d5977c6.zip_expanded\bldc_foc-3140a2e43a172b19a50723ef87278b5c8d5977c6\BLDC_FOC\MXTmpFiles\license.tmp_save
2025-05-04 14:26:20,342 [INFO] CodeEngine:279 - Generated code: E:\AGH\AiR\Praca_inzynierska\bldc_foc\Projects\bldc_foc-3140a2e43a172b19a50723ef87278b5c8d5977c6.zip_expanded\bldc_foc-3140a2e43a172b19a50723ef87278b5c8d5977c6\BLDC_FOC\MXTmpFiles\license.tmp
2025-05-04 14:26:20,392 [INFO] CodeEngine:255 - oldGeneratedFile, E:\AGH\AiR\Praca_inzynierska\bldc_foc\Projects\bldc_foc-3140a2e43a172b19a50723ef87278b5c8d5977c6.zip_expanded\bldc_foc-3140a2e43a172b19a50723ef87278b5c8d5977c6\BLDC_FOC\MXTmpFiles\gpio.tmp_save
2025-05-04 14:26:20,499 [INFO] CodeEngine:279 - Generated code: E:\AGH\AiR\Praca_inzynierska\bldc_foc\Projects\bldc_foc-3140a2e43a172b19a50723ef87278b5c8d5977c6.zip_expanded\bldc_foc-3140a2e43a172b19a50723ef87278b5c8d5977c6\BLDC_FOC\MXTmpFiles\gpio.tmp
2025-05-04 14:26:20,746 [INFO] CodeEngine:255 - oldGeneratedFile, E:\AGH\AiR\Praca_inzynierska\bldc_foc\Projects\bldc_foc-3140a2e43a172b19a50723ef87278b5c8d5977c6.zip_expanded\bldc_foc-3140a2e43a172b19a50723ef87278b5c8d5977c6\BLDC_FOC\Core\Src\stm32g4xx_it.c_save
2025-05-04 14:26:20,824 [INFO] CodeEngine:279 - Generated code: E:\AGH\AiR\Praca_inzynierska\bldc_foc\Projects\bldc_foc-3140a2e43a172b19a50723ef87278b5c8d5977c6.zip_expanded\bldc_foc-3140a2e43a172b19a50723ef87278b5c8d5977c6\BLDC_FOC\Core\Src\stm32g4xx_it.c
2025-05-04 14:26:20,827 [INFO] CodeEngine:255 - oldGeneratedFile, E:\AGH\AiR\Praca_inzynierska\bldc_foc\Projects\bldc_foc-3140a2e43a172b19a50723ef87278b5c8d5977c6.zip_expanded\bldc_foc-3140a2e43a172b19a50723ef87278b5c8d5977c6\BLDC_FOC\Core\Inc\stm32g4xx_it.h_save
2025-05-04 14:26:20,880 [INFO] CodeEngine:279 - Generated code: E:\AGH\AiR\Praca_inzynierska\bldc_foc\Projects\bldc_foc-3140a2e43a172b19a50723ef87278b5c8d5977c6.zip_expanded\bldc_foc-3140a2e43a172b19a50723ef87278b5c8d5977c6\BLDC_FOC\Core\Inc\stm32g4xx_it.h
2025-05-04 14:26:20,898 [INFO] CodeEngine:255 - oldGeneratedFile, E:\AGH\AiR\Praca_inzynierska\bldc_foc\Projects\bldc_foc-3140a2e43a172b19a50723ef87278b5c8d5977c6.zip_expanded\bldc_foc-3140a2e43a172b19a50723ef87278b5c8d5977c6\BLDC_FOC\Core\Src\stm32g4xx_hal_msp.c_save
2025-05-04 14:26:21,003 [INFO] CodeEngine:279 - Generated code: E:\AGH\AiR\Praca_inzynierska\bldc_foc\Projects\bldc_foc-3140a2e43a172b19a50723ef87278b5c8d5977c6.zip_expanded\bldc_foc-3140a2e43a172b19a50723ef87278b5c8d5977c6\BLDC_FOC\Core\Src\stm32g4xx_hal_msp.c
2025-05-04 14:26:21,014 [INFO] CodeEngine:255 - oldGeneratedFile, E:\AGH\AiR\Praca_inzynierska\bldc_foc\Projects\bldc_foc-3140a2e43a172b19a50723ef87278b5c8d5977c6.zip_expanded\bldc_foc-3140a2e43a172b19a50723ef87278b5c8d5977c6\BLDC_FOC\MXTmpFiles\system.tmp_save
2025-05-04 14:26:21,056 [INFO] CodeEngine:279 - Generated code: E:\AGH\AiR\Praca_inzynierska\bldc_foc\Projects\bldc_foc-3140a2e43a172b19a50723ef87278b5c8d5977c6.zip_expanded\bldc_foc-3140a2e43a172b19a50723ef87278b5c8d5977c6\BLDC_FOC\MXTmpFiles\system.tmp
2025-05-04 14:26:21,069 [INFO] CodeEngine:311 - oldGeneratedFile, E:\AGH\AiR\Praca_inzynierska\bldc_foc\Projects\bldc_foc-3140a2e43a172b19a50723ef87278b5c8d5977c6.zip_expanded\bldc_foc-3140a2e43a172b19a50723ef87278b5c8d5977c6\BLDC_FOC\Core\Inc\stm32g4xx_hal_conf.h_save
2025-05-04 14:26:21,151 [INFO] CodeEngine:335 - Generated code: E:\AGH\AiR\Praca_inzynierska\bldc_foc\Projects\bldc_foc-3140a2e43a172b19a50723ef87278b5c8d5977c6.zip_expanded\bldc_foc-3140a2e43a172b19a50723ef87278b5c8d5977c6\BLDC_FOC\Core\Inc\stm32g4xx_hal_conf.h
2025-05-04 14:26:21,172 [WARN] IPConfigManager:3034 - Warning: the RefConfig RCC_CommonPeriphClockConfig is not available in your config.xml file
2025-05-04 14:26:21,174 [WARN] IPConfigManager:3618 - IP not found : TIM
2025-05-04 14:26:21,174 [WARN] CodeGenerator:4152 - IP not found : null
2025-05-04 14:26:21,185 [INFO] CodeEngine:255 - oldGeneratedFile, E:\AGH\AiR\Praca_inzynierska\bldc_foc\Projects\bldc_foc-3140a2e43a172b19a50723ef87278b5c8d5977c6.zip_expanded\bldc_foc-3140a2e43a172b19a50723ef87278b5c8d5977c6\BLDC_FOC\Core\Inc\main.h_save
2025-05-04 14:26:21,244 [INFO] CodeEngine:279 - Generated code: E:\AGH\AiR\Praca_inzynierska\bldc_foc\Projects\bldc_foc-3140a2e43a172b19a50723ef87278b5c8d5977c6.zip_expanded\bldc_foc-3140a2e43a172b19a50723ef87278b5c8d5977c6\BLDC_FOC\Core\Inc\main.h
2025-05-04 14:26:21,256 [INFO] CodeEngine:255 - oldGeneratedFile, E:\AGH\AiR\Praca_inzynierska\bldc_foc\Projects\bldc_foc-3140a2e43a172b19a50723ef87278b5c8d5977c6.zip_expanded\bldc_foc-3140a2e43a172b19a50723ef87278b5c8d5977c6\BLDC_FOC\Core\Src\main.c_save
2025-05-04 14:26:21,359 [INFO] CodeEngine:279 - Generated code: E:\AGH\AiR\Praca_inzynierska\bldc_foc\Projects\bldc_foc-3140a2e43a172b19a50723ef87278b5c8d5977c6.zip_expanded\bldc_foc-3140a2e43a172b19a50723ef87278b5c8d5977c6\BLDC_FOC\Core\Src\main.c
2025-05-04 14:26:21,548 [INFO] ProjectBuilder:3289 - Time for Copy HAL[1] : 79mS.
2025-05-04 14:26:21,551 [INFO] ProjectBuilder:4876 - Project Generator version: 4.5.0-RC5
2025-05-04 14:26:21,600 [INFO] ConfigFileManager:1579 - The Die is : DIE468
2025-05-04 14:26:22,178 [INFO] ProjectBuilder:5154 - Time for Generating toolchain IDE Files: 626mS.
2025-05-04 14:26:22,178 [INFO] ProjectBuilder:3146 - Time for Copy CMSIS : 0mS.
2025-05-04 14:26:22,179 [INFO] ProjectBuilder:3146 - Time for Copy CMSIS : 0mS.
2025-05-04 14:30:47,927 [INFO] UtilMem:75 - End SaveConfig() Used Memory: 754331360 Bytes (1073741824)
2025-05-04 14:30:48,679 [INFO] UtilMem:75 - End SaveConfig() Used Memory: 775305528 Bytes (1073741824)
2025-05-04 14:30:49,954 [INFO] UtilMem:75 - End SaveConfig() Used Memory: 821440224 Bytes (1073741824)
2025-05-04 14:30:50,287 [INFO] BlockDiagram:2766 - set Specific Code input for plugin: TIM1_8G4
2025-05-04 14:30:50,287 [INFO] BlockDiagram:2766 - set Specific Code input for plugin: TIM1_8G4
2025-05-04 14:30:50,287 [INFO] BlockDiagram:2766 - set Specific Code input for plugin: SYS
2025-05-04 14:30:50,287 [INFO] BlockDiagram:2766 - set Specific Code input for plugin: ADC
2025-05-04 14:30:50,288 [INFO] BlockDiagram:2766 - set Specific Code input for plugin: RCC
2025-05-04 14:30:50,288 [INFO] BlockDiagram:2766 - set Specific Code input for plugin: NVIC
2025-05-04 14:30:50,288 [INFO] BlockDiagram:2766 - set Specific Code input for plugin: USART
2025-05-04 14:30:50,288 [INFO] BlockDiagram:2766 - set Specific Code input for plugin: GPIO
2025-05-04 14:30:50,288 [INFO] CodeGenerator:896 - code generatio: config db path: C:\ST\STM32CubeIDE_1.16.1\STM32CubeIDE\plugins\com.st.stm32cube.common.mx_6.13.0.202411220809\\db\
2025-05-04 14:30:50,370 [INFO] CodeEngine:255 - oldGeneratedFile, E:\AGH\AiR\Praca_inzynierska\bldc_foc\Projects\bldc_foc-3140a2e43a172b19a50723ef87278b5c8d5977c6.zip_expanded\bldc_foc-3140a2e43a172b19a50723ef87278b5c8d5977c6\BLDC_FOC\MXTmpFiles\license.tmp_save
2025-05-04 14:30:50,574 [INFO] CodeEngine:279 - Generated code: E:\AGH\AiR\Praca_inzynierska\bldc_foc\Projects\bldc_foc-3140a2e43a172b19a50723ef87278b5c8d5977c6.zip_expanded\bldc_foc-3140a2e43a172b19a50723ef87278b5c8d5977c6\BLDC_FOC\MXTmpFiles\license.tmp
2025-05-04 14:30:50,635 [INFO] CodeEngine:255 - oldGeneratedFile, E:\AGH\AiR\Praca_inzynierska\bldc_foc\Projects\bldc_foc-3140a2e43a172b19a50723ef87278b5c8d5977c6.zip_expanded\bldc_foc-3140a2e43a172b19a50723ef87278b5c8d5977c6\BLDC_FOC\Core\Src\gpio.c_save
2025-05-04 14:30:50,798 [INFO] CodeEngine:279 - Generated code: E:\AGH\AiR\Praca_inzynierska\bldc_foc\Projects\bldc_foc-3140a2e43a172b19a50723ef87278b5c8d5977c6.zip_expanded\bldc_foc-3140a2e43a172b19a50723ef87278b5c8d5977c6\BLDC_FOC\Core\Src\gpio.c
2025-05-04 14:30:50,801 [INFO] CodeEngine:255 - oldGeneratedFile, E:\AGH\AiR\Praca_inzynierska\bldc_foc\Projects\bldc_foc-3140a2e43a172b19a50723ef87278b5c8d5977c6.zip_expanded\bldc_foc-3140a2e43a172b19a50723ef87278b5c8d5977c6\BLDC_FOC\Core\Inc\gpio.h_save
2025-05-04 14:30:50,880 [INFO] CodeEngine:279 - Generated code: E:\AGH\AiR\Praca_inzynierska\bldc_foc\Projects\bldc_foc-3140a2e43a172b19a50723ef87278b5c8d5977c6.zip_expanded\bldc_foc-3140a2e43a172b19a50723ef87278b5c8d5977c6\BLDC_FOC\Core\Inc\gpio.h
2025-05-04 14:30:51,131 [INFO] CodeEngine:255 - oldGeneratedFile, E:\AGH\AiR\Praca_inzynierska\bldc_foc\Projects\bldc_foc-3140a2e43a172b19a50723ef87278b5c8d5977c6.zip_expanded\bldc_foc-3140a2e43a172b19a50723ef87278b5c8d5977c6\BLDC_FOC\Core\Src\adc.c_save
2025-05-04 14:30:51,242 [INFO] CodeEngine:279 - Generated code: E:\AGH\AiR\Praca_inzynierska\bldc_foc\Projects\bldc_foc-3140a2e43a172b19a50723ef87278b5c8d5977c6.zip_expanded\bldc_foc-3140a2e43a172b19a50723ef87278b5c8d5977c6\BLDC_FOC\Core\Src\adc.c
2025-05-04 14:30:51,250 [INFO] CodeEngine:255 - oldGeneratedFile, E:\AGH\AiR\Praca_inzynierska\bldc_foc\Projects\bldc_foc-3140a2e43a172b19a50723ef87278b5c8d5977c6.zip_expanded\bldc_foc-3140a2e43a172b19a50723ef87278b5c8d5977c6\BLDC_FOC\Core\Inc\adc.h_save
2025-05-04 14:30:51,315 [INFO] CodeEngine:279 - Generated code: E:\AGH\AiR\Praca_inzynierska\bldc_foc\Projects\bldc_foc-3140a2e43a172b19a50723ef87278b5c8d5977c6.zip_expanded\bldc_foc-3140a2e43a172b19a50723ef87278b5c8d5977c6\BLDC_FOC\Core\Inc\adc.h
2025-05-04 14:30:51,320 [INFO] CodeEngine:255 - oldGeneratedFile, E:\AGH\AiR\Praca_inzynierska\bldc_foc\Projects\bldc_foc-3140a2e43a172b19a50723ef87278b5c8d5977c6.zip_expanded\bldc_foc-3140a2e43a172b19a50723ef87278b5c8d5977c6\BLDC_FOC\Core\Src\tim.c_save
2025-05-04 14:30:51,424 [INFO] CodeEngine:279 - Generated code: E:\AGH\AiR\Praca_inzynierska\bldc_foc\Projects\bldc_foc-3140a2e43a172b19a50723ef87278b5c8d5977c6.zip_expanded\bldc_foc-3140a2e43a172b19a50723ef87278b5c8d5977c6\BLDC_FOC\Core\Src\tim.c
2025-05-04 14:30:51,433 [INFO] CodeEngine:255 - oldGeneratedFile, E:\AGH\AiR\Praca_inzynierska\bldc_foc\Projects\bldc_foc-3140a2e43a172b19a50723ef87278b5c8d5977c6.zip_expanded\bldc_foc-3140a2e43a172b19a50723ef87278b5c8d5977c6\BLDC_FOC\Core\Inc\tim.h_save
2025-05-04 14:30:51,493 [INFO] CodeEngine:279 - Generated code: E:\AGH\AiR\Praca_inzynierska\bldc_foc\Projects\bldc_foc-3140a2e43a172b19a50723ef87278b5c8d5977c6.zip_expanded\bldc_foc-3140a2e43a172b19a50723ef87278b5c8d5977c6\BLDC_FOC\Core\Inc\tim.h
2025-05-04 14:30:51,499 [INFO] CodeEngine:255 - oldGeneratedFile, E:\AGH\AiR\Praca_inzynierska\bldc_foc\Projects\bldc_foc-3140a2e43a172b19a50723ef87278b5c8d5977c6.zip_expanded\bldc_foc-3140a2e43a172b19a50723ef87278b5c8d5977c6\BLDC_FOC\Core\Src\usart.c_save
2025-05-04 14:30:51,583 [INFO] CodeEngine:279 - Generated code: E:\AGH\AiR\Praca_inzynierska\bldc_foc\Projects\bldc_foc-3140a2e43a172b19a50723ef87278b5c8d5977c6.zip_expanded\bldc_foc-3140a2e43a172b19a50723ef87278b5c8d5977c6\BLDC_FOC\Core\Src\usart.c
2025-05-04 14:30:51,585 [INFO] CodeEngine:255 - oldGeneratedFile, E:\AGH\AiR\Praca_inzynierska\bldc_foc\Projects\bldc_foc-3140a2e43a172b19a50723ef87278b5c8d5977c6.zip_expanded\bldc_foc-3140a2e43a172b19a50723ef87278b5c8d5977c6\BLDC_FOC\Core\Inc\usart.h_save
2025-05-04 14:30:51,640 [INFO] CodeEngine:279 - Generated code: E:\AGH\AiR\Praca_inzynierska\bldc_foc\Projects\bldc_foc-3140a2e43a172b19a50723ef87278b5c8d5977c6.zip_expanded\bldc_foc-3140a2e43a172b19a50723ef87278b5c8d5977c6\BLDC_FOC\Core\Inc\usart.h
2025-05-04 14:30:51,655 [INFO] CodeEngine:255 - oldGeneratedFile, E:\AGH\AiR\Praca_inzynierska\bldc_foc\Projects\bldc_foc-3140a2e43a172b19a50723ef87278b5c8d5977c6.zip_expanded\bldc_foc-3140a2e43a172b19a50723ef87278b5c8d5977c6\BLDC_FOC\Core\Src\stm32g4xx_it.c_save
2025-05-04 14:30:51,717 [INFO] CodeEngine:279 - Generated code: E:\AGH\AiR\Praca_inzynierska\bldc_foc\Projects\bldc_foc-3140a2e43a172b19a50723ef87278b5c8d5977c6.zip_expanded\bldc_foc-3140a2e43a172b19a50723ef87278b5c8d5977c6\BLDC_FOC\Core\Src\stm32g4xx_it.c
2025-05-04 14:30:51,720 [INFO] CodeEngine:255 - oldGeneratedFile, E:\AGH\AiR\Praca_inzynierska\bldc_foc\Projects\bldc_foc-3140a2e43a172b19a50723ef87278b5c8d5977c6.zip_expanded\bldc_foc-3140a2e43a172b19a50723ef87278b5c8d5977c6\BLDC_FOC\Core\Inc\stm32g4xx_it.h_save
2025-05-04 14:30:51,761 [INFO] CodeEngine:279 - Generated code: E:\AGH\AiR\Praca_inzynierska\bldc_foc\Projects\bldc_foc-3140a2e43a172b19a50723ef87278b5c8d5977c6.zip_expanded\bldc_foc-3140a2e43a172b19a50723ef87278b5c8d5977c6\BLDC_FOC\Core\Inc\stm32g4xx_it.h
2025-05-04 14:30:51,775 [INFO] CodeEngine:255 - oldGeneratedFile, E:\AGH\AiR\Praca_inzynierska\bldc_foc\Projects\bldc_foc-3140a2e43a172b19a50723ef87278b5c8d5977c6.zip_expanded\bldc_foc-3140a2e43a172b19a50723ef87278b5c8d5977c6\BLDC_FOC\Core\Src\stm32g4xx_hal_msp.c_save
2025-05-04 14:30:51,854 [INFO] CodeEngine:279 - Generated code: E:\AGH\AiR\Praca_inzynierska\bldc_foc\Projects\bldc_foc-3140a2e43a172b19a50723ef87278b5c8d5977c6.zip_expanded\bldc_foc-3140a2e43a172b19a50723ef87278b5c8d5977c6\BLDC_FOC\Core\Src\stm32g4xx_hal_msp.c
2025-05-04 14:30:51,856 [INFO] CodeEngine:255 - oldGeneratedFile, E:\AGH\AiR\Praca_inzynierska\bldc_foc\Projects\bldc_foc-3140a2e43a172b19a50723ef87278b5c8d5977c6.zip_expanded\bldc_foc-3140a2e43a172b19a50723ef87278b5c8d5977c6\BLDC_FOC\MXTmpFiles\system.tmp_save
2025-05-04 14:30:51,893 [INFO] CodeEngine:279 - Generated code: E:\AGH\AiR\Praca_inzynierska\bldc_foc\Projects\bldc_foc-3140a2e43a172b19a50723ef87278b5c8d5977c6.zip_expanded\bldc_foc-3140a2e43a172b19a50723ef87278b5c8d5977c6\BLDC_FOC\MXTmpFiles\system.tmp
2025-05-04 14:30:51,905 [INFO] CodeEngine:311 - oldGeneratedFile, E:\AGH\AiR\Praca_inzynierska\bldc_foc\Projects\bldc_foc-3140a2e43a172b19a50723ef87278b5c8d5977c6.zip_expanded\bldc_foc-3140a2e43a172b19a50723ef87278b5c8d5977c6\BLDC_FOC\Core\Inc\stm32g4xx_hal_conf.h_save
2025-05-04 14:30:51,983 [INFO] CodeEngine:335 - Generated code: E:\AGH\AiR\Praca_inzynierska\bldc_foc\Projects\bldc_foc-3140a2e43a172b19a50723ef87278b5c8d5977c6.zip_expanded\bldc_foc-3140a2e43a172b19a50723ef87278b5c8d5977c6\BLDC_FOC\Core\Inc\stm32g4xx_hal_conf.h
2025-05-04 14:30:52,001 [WARN] IPConfigManager:3034 - Warning: the RefConfig RCC_CommonPeriphClockConfig is not available in your config.xml file
2025-05-04 14:30:52,014 [INFO] CodeEngine:255 - oldGeneratedFile, E:\AGH\AiR\Praca_inzynierska\bldc_foc\Projects\bldc_foc-3140a2e43a172b19a50723ef87278b5c8d5977c6.zip_expanded\bldc_foc-3140a2e43a172b19a50723ef87278b5c8d5977c6\BLDC_FOC\Core\Inc\main.h_save
2025-05-04 14:30:52,083 [INFO] CodeEngine:279 - Generated code: E:\AGH\AiR\Praca_inzynierska\bldc_foc\Projects\bldc_foc-3140a2e43a172b19a50723ef87278b5c8d5977c6.zip_expanded\bldc_foc-3140a2e43a172b19a50723ef87278b5c8d5977c6\BLDC_FOC\Core\Inc\main.h
2025-05-04 14:30:52,091 [INFO] CodeEngine:255 - oldGeneratedFile, E:\AGH\AiR\Praca_inzynierska\bldc_foc\Projects\bldc_foc-3140a2e43a172b19a50723ef87278b5c8d5977c6.zip_expanded\bldc_foc-3140a2e43a172b19a50723ef87278b5c8d5977c6\BLDC_FOC\Core\Src\main.c_save
2025-05-04 14:30:52,169 [INFO] CodeEngine:279 - Generated code: E:\AGH\AiR\Praca_inzynierska\bldc_foc\Projects\bldc_foc-3140a2e43a172b19a50723ef87278b5c8d5977c6.zip_expanded\bldc_foc-3140a2e43a172b19a50723ef87278b5c8d5977c6\BLDC_FOC\Core\Src\main.c
2025-05-04 14:30:52,377 [INFO] ProjectBuilder:3289 - Time for Copy HAL[1] : 88mS.
2025-05-04 14:30:52,379 [INFO] ProjectBuilder:4876 - Project Generator version: 4.5.0-RC5
2025-05-04 14:30:52,446 [INFO] ConfigFileManager:1579 - The Die is : DIE468
2025-05-04 14:30:52,921 [INFO] ProjectBuilder:5154 - Time for Generating toolchain IDE Files: 542mS.
2025-05-04 14:30:52,922 [INFO] ProjectBuilder:3146 - Time for Copy CMSIS : 0mS.
2025-05-04 14:30:52,923 [INFO] ProjectBuilder:3146 - Time for Copy CMSIS : 0mS.
2025-05-04 14:31:39,097 [INFO] NvicIntPanel:101 - NVIC parent = com.st.microxplorer.plugins.ip.nvic.MultiNvicIntPanel[,0,0,0x0,invalid,layout=javax.swing.BoxLayout,alignmentX=0.0,alignmentY=0.0,border=,flags=9,maximumSize=,minimumSize=,preferredSize=]
2025-05-04 14:31:39,192 [INFO] NvicIntPanel:101 - NVIC parent = com.st.microxplorer.plugins.ip.nvic.MultiNvicIntPanel[,0,0,0x0,invalid,layout=javax.swing.BoxLayout,alignmentX=0.0,alignmentY=0.0,border=,flags=9,maximumSize=,minimumSize=,preferredSize=]
2025-05-04 14:31:42,526 [INFO] NvicIntPanel:101 - NVIC parent = com.st.microxplorer.plugins.ip.nvic.MultiNvicIntPanel[,0,0,0x0,invalid,layout=javax.swing.BoxLayout,alignmentX=0.0,alignmentY=0.0,border=,flags=9,maximumSize=,minimumSize=,preferredSize=]
2025-05-04 14:31:44,399 [INFO] NvicIntPanel:101 - NVIC parent = com.st.microxplorer.plugins.ip.nvic.MultiNvicIntPanel[,0,0,0x0,invalid,layout=javax.swing.BoxLayout,alignmentX=0.0,alignmentY=0.0,border=,flags=9,maximumSize=,minimumSize=,preferredSize=]
2025-05-04 14:31:53,494 [INFO] UtilMem:75 - End SaveConfig() Used Memory: 764800608 Bytes (1073741824)
2025-05-04 14:31:54,246 [INFO] UtilMem:75 - End SaveConfig() Used Memory: 787291512 Bytes (1073741824)
2025-05-04 14:31:55,406 [INFO] UtilMem:75 - End SaveConfig() Used Memory: 838674536 Bytes (1073741824)
2025-05-04 14:31:55,553 [INFO] BlockDiagram:2766 - set Specific Code input for plugin: SPI
2025-05-04 14:31:55,553 [INFO] BlockDiagram:2766 - set Specific Code input for plugin: TIM1_8G4
2025-05-04 14:31:55,553 [INFO] BlockDiagram:2766 - set Specific Code input for plugin: TIM1_8G4
2025-05-04 14:31:55,553 [INFO] BlockDiagram:2766 - set Specific Code input for plugin: SYS
2025-05-04 14:31:55,553 [INFO] BlockDiagram:2766 - set Specific Code input for plugin: ADC
2025-05-04 14:31:55,553 [INFO] BlockDiagram:2766 - set Specific Code input for plugin: RCC
2025-05-04 14:31:55,553 [INFO] BlockDiagram:2766 - set Specific Code input for plugin: NVIC
2025-05-04 14:31:55,553 [INFO] BlockDiagram:2766 - set Specific Code input for plugin: USART
2025-05-04 14:31:55,554 [INFO] BlockDiagram:2766 - set Specific Code input for plugin: GPIO
2025-05-04 14:31:55,554 [INFO] CodeGenerator:896 - code generatio: config db path: C:\ST\STM32CubeIDE_1.16.1\STM32CubeIDE\plugins\com.st.stm32cube.common.mx_6.13.0.202411220809\\db\
2025-05-04 14:31:55,623 [INFO] CodeEngine:255 - oldGeneratedFile, E:\AGH\AiR\Praca_inzynierska\bldc_foc\Projects\bldc_foc-3140a2e43a172b19a50723ef87278b5c8d5977c6.zip_expanded\bldc_foc-3140a2e43a172b19a50723ef87278b5c8d5977c6\BLDC_FOC\MXTmpFiles\license.tmp_save
2025-05-04 14:31:55,791 [INFO] CodeEngine:279 - Generated code: E:\AGH\AiR\Praca_inzynierska\bldc_foc\Projects\bldc_foc-3140a2e43a172b19a50723ef87278b5c8d5977c6.zip_expanded\bldc_foc-3140a2e43a172b19a50723ef87278b5c8d5977c6\BLDC_FOC\MXTmpFiles\license.tmp
2025-05-04 14:31:55,848 [INFO] CodeEngine:255 - oldGeneratedFile, E:\AGH\AiR\Praca_inzynierska\bldc_foc\Projects\bldc_foc-3140a2e43a172b19a50723ef87278b5c8d5977c6.zip_expanded\bldc_foc-3140a2e43a172b19a50723ef87278b5c8d5977c6\BLDC_FOC\Core\Src\gpio.c_save
2025-05-04 14:31:55,955 [INFO] CodeEngine:279 - Generated code: E:\AGH\AiR\Praca_inzynierska\bldc_foc\Projects\bldc_foc-3140a2e43a172b19a50723ef87278b5c8d5977c6.zip_expanded\bldc_foc-3140a2e43a172b19a50723ef87278b5c8d5977c6\BLDC_FOC\Core\Src\gpio.c
2025-05-04 14:31:55,959 [INFO] CodeEngine:255 - oldGeneratedFile, E:\AGH\AiR\Praca_inzynierska\bldc_foc\Projects\bldc_foc-3140a2e43a172b19a50723ef87278b5c8d5977c6.zip_expanded\bldc_foc-3140a2e43a172b19a50723ef87278b5c8d5977c6\BLDC_FOC\Core\Inc\gpio.h_save
2025-05-04 14:31:56,024 [INFO] CodeEngine:279 - Generated code: E:\AGH\AiR\Praca_inzynierska\bldc_foc\Projects\bldc_foc-3140a2e43a172b19a50723ef87278b5c8d5977c6.zip_expanded\bldc_foc-3140a2e43a172b19a50723ef87278b5c8d5977c6\BLDC_FOC\Core\Inc\gpio.h
2025-05-04 14:31:56,328 [INFO] CodeEngine:255 - oldGeneratedFile, E:\AGH\AiR\Praca_inzynierska\bldc_foc\Projects\bldc_foc-3140a2e43a172b19a50723ef87278b5c8d5977c6.zip_expanded\bldc_foc-3140a2e43a172b19a50723ef87278b5c8d5977c6\BLDC_FOC\Core\Src\adc.c_save
2025-05-04 14:31:56,421 [INFO] CodeEngine:279 - Generated code: E:\AGH\AiR\Praca_inzynierska\bldc_foc\Projects\bldc_foc-3140a2e43a172b19a50723ef87278b5c8d5977c6.zip_expanded\bldc_foc-3140a2e43a172b19a50723ef87278b5c8d5977c6\BLDC_FOC\Core\Src\adc.c
2025-05-04 14:31:56,424 [INFO] CodeEngine:255 - oldGeneratedFile, E:\AGH\AiR\Praca_inzynierska\bldc_foc\Projects\bldc_foc-3140a2e43a172b19a50723ef87278b5c8d5977c6.zip_expanded\bldc_foc-3140a2e43a172b19a50723ef87278b5c8d5977c6\BLDC_FOC\Core\Inc\adc.h_save
2025-05-04 14:31:56,477 [INFO] CodeEngine:279 - Generated code: E:\AGH\AiR\Praca_inzynierska\bldc_foc\Projects\bldc_foc-3140a2e43a172b19a50723ef87278b5c8d5977c6.zip_expanded\bldc_foc-3140a2e43a172b19a50723ef87278b5c8d5977c6\BLDC_FOC\Core\Inc\adc.h
2025-05-04 14:31:56,482 [INFO] CodeEngine:255 - oldGeneratedFile, E:\AGH\AiR\Praca_inzynierska\bldc_foc\Projects\bldc_foc-3140a2e43a172b19a50723ef87278b5c8d5977c6.zip_expanded\bldc_foc-3140a2e43a172b19a50723ef87278b5c8d5977c6\BLDC_FOC\Core\Src\spi.c_save
2025-05-04 14:31:56,586 [INFO] CodeEngine:279 - Generated code: E:\AGH\AiR\Praca_inzynierska\bldc_foc\Projects\bldc_foc-3140a2e43a172b19a50723ef87278b5c8d5977c6.zip_expanded\bldc_foc-3140a2e43a172b19a50723ef87278b5c8d5977c6\BLDC_FOC\Core\Src\spi.c
2025-05-04 14:31:56,588 [INFO] CodeEngine:255 - oldGeneratedFile, E:\AGH\AiR\Praca_inzynierska\bldc_foc\Projects\bldc_foc-3140a2e43a172b19a50723ef87278b5c8d5977c6.zip_expanded\bldc_foc-3140a2e43a172b19a50723ef87278b5c8d5977c6\BLDC_FOC\Core\Inc\spi.h_save
2025-05-04 14:31:56,643 [INFO] CodeEngine:279 - Generated code: E:\AGH\AiR\Praca_inzynierska\bldc_foc\Projects\bldc_foc-3140a2e43a172b19a50723ef87278b5c8d5977c6.zip_expanded\bldc_foc-3140a2e43a172b19a50723ef87278b5c8d5977c6\BLDC_FOC\Core\Inc\spi.h
2025-05-04 14:31:56,656 [INFO] CodeEngine:255 - oldGeneratedFile, E:\AGH\AiR\Praca_inzynierska\bldc_foc\Projects\bldc_foc-3140a2e43a172b19a50723ef87278b5c8d5977c6.zip_expanded\bldc_foc-3140a2e43a172b19a50723ef87278b5c8d5977c6\BLDC_FOC\Core\Src\tim.c_save
2025-05-04 14:31:56,743 [INFO] CodeEngine:279 - Generated code: E:\AGH\AiR\Praca_inzynierska\bldc_foc\Projects\bldc_foc-3140a2e43a172b19a50723ef87278b5c8d5977c6.zip_expanded\bldc_foc-3140a2e43a172b19a50723ef87278b5c8d5977c6\BLDC_FOC\Core\Src\tim.c
2025-05-04 14:31:56,746 [INFO] CodeEngine:255 - oldGeneratedFile, E:\AGH\AiR\Praca_inzynierska\bldc_foc\Projects\bldc_foc-3140a2e43a172b19a50723ef87278b5c8d5977c6.zip_expanded\bldc_foc-3140a2e43a172b19a50723ef87278b5c8d5977c6\BLDC_FOC\Core\Inc\tim.h_save
2025-05-04 14:31:56,787 [INFO] CodeEngine:279 - Generated code: E:\AGH\AiR\Praca_inzynierska\bldc_foc\Projects\bldc_foc-3140a2e43a172b19a50723ef87278b5c8d5977c6.zip_expanded\bldc_foc-3140a2e43a172b19a50723ef87278b5c8d5977c6\BLDC_FOC\Core\Inc\tim.h
2025-05-04 14:31:56,799 [INFO] CodeEngine:255 - oldGeneratedFile, E:\AGH\AiR\Praca_inzynierska\bldc_foc\Projects\bldc_foc-3140a2e43a172b19a50723ef87278b5c8d5977c6.zip_expanded\bldc_foc-3140a2e43a172b19a50723ef87278b5c8d5977c6\BLDC_FOC\Core\Src\usart.c_save
2025-05-04 14:31:56,860 [INFO] CodeEngine:279 - Generated code: E:\AGH\AiR\Praca_inzynierska\bldc_foc\Projects\bldc_foc-3140a2e43a172b19a50723ef87278b5c8d5977c6.zip_expanded\bldc_foc-3140a2e43a172b19a50723ef87278b5c8d5977c6\BLDC_FOC\Core\Src\usart.c
2025-05-04 14:31:56,863 [INFO] CodeEngine:255 - oldGeneratedFile, E:\AGH\AiR\Praca_inzynierska\bldc_foc\Projects\bldc_foc-3140a2e43a172b19a50723ef87278b5c8d5977c6.zip_expanded\bldc_foc-3140a2e43a172b19a50723ef87278b5c8d5977c6\BLDC_FOC\Core\Inc\usart.h_save
2025-05-04 14:31:56,903 [INFO] CodeEngine:279 - Generated code: E:\AGH\AiR\Praca_inzynierska\bldc_foc\Projects\bldc_foc-3140a2e43a172b19a50723ef87278b5c8d5977c6.zip_expanded\bldc_foc-3140a2e43a172b19a50723ef87278b5c8d5977c6\BLDC_FOC\Core\Inc\usart.h
2025-05-04 14:31:56,919 [INFO] CodeEngine:255 - oldGeneratedFile, E:\AGH\AiR\Praca_inzynierska\bldc_foc\Projects\bldc_foc-3140a2e43a172b19a50723ef87278b5c8d5977c6.zip_expanded\bldc_foc-3140a2e43a172b19a50723ef87278b5c8d5977c6\BLDC_FOC\Core\Src\stm32g4xx_it.c_save
2025-05-04 14:31:56,986 [INFO] CodeEngine:279 - Generated code: E:\AGH\AiR\Praca_inzynierska\bldc_foc\Projects\bldc_foc-3140a2e43a172b19a50723ef87278b5c8d5977c6.zip_expanded\bldc_foc-3140a2e43a172b19a50723ef87278b5c8d5977c6\BLDC_FOC\Core\Src\stm32g4xx_it.c
2025-05-04 14:31:56,990 [INFO] CodeEngine:255 - oldGeneratedFile, E:\AGH\AiR\Praca_inzynierska\bldc_foc\Projects\bldc_foc-3140a2e43a172b19a50723ef87278b5c8d5977c6.zip_expanded\bldc_foc-3140a2e43a172b19a50723ef87278b5c8d5977c6\BLDC_FOC\Core\Inc\stm32g4xx_it.h_save
2025-05-04 14:31:57,034 [INFO] CodeEngine:279 - Generated code: E:\AGH\AiR\Praca_inzynierska\bldc_foc\Projects\bldc_foc-3140a2e43a172b19a50723ef87278b5c8d5977c6.zip_expanded\bldc_foc-3140a2e43a172b19a50723ef87278b5c8d5977c6\BLDC_FOC\Core\Inc\stm32g4xx_it.h
2025-05-04 14:31:57,051 [INFO] CodeEngine:255 - oldGeneratedFile, E:\AGH\AiR\Praca_inzynierska\bldc_foc\Projects\bldc_foc-3140a2e43a172b19a50723ef87278b5c8d5977c6.zip_expanded\bldc_foc-3140a2e43a172b19a50723ef87278b5c8d5977c6\BLDC_FOC\Core\Src\stm32g4xx_hal_msp.c_save
2025-05-04 14:31:57,111 [INFO] CodeEngine:279 - Generated code: E:\AGH\AiR\Praca_inzynierska\bldc_foc\Projects\bldc_foc-3140a2e43a172b19a50723ef87278b5c8d5977c6.zip_expanded\bldc_foc-3140a2e43a172b19a50723ef87278b5c8d5977c6\BLDC_FOC\Core\Src\stm32g4xx_hal_msp.c
2025-05-04 14:31:57,113 [INFO] CodeEngine:255 - oldGeneratedFile, E:\AGH\AiR\Praca_inzynierska\bldc_foc\Projects\bldc_foc-3140a2e43a172b19a50723ef87278b5c8d5977c6.zip_expanded\bldc_foc-3140a2e43a172b19a50723ef87278b5c8d5977c6\BLDC_FOC\MXTmpFiles\system.tmp_save
2025-05-04 14:31:57,155 [INFO] CodeEngine:279 - Generated code: E:\AGH\AiR\Praca_inzynierska\bldc_foc\Projects\bldc_foc-3140a2e43a172b19a50723ef87278b5c8d5977c6.zip_expanded\bldc_foc-3140a2e43a172b19a50723ef87278b5c8d5977c6\BLDC_FOC\MXTmpFiles\system.tmp
2025-05-04 14:31:57,167 [INFO] CodeEngine:311 - oldGeneratedFile, E:\AGH\AiR\Praca_inzynierska\bldc_foc\Projects\bldc_foc-3140a2e43a172b19a50723ef87278b5c8d5977c6.zip_expanded\bldc_foc-3140a2e43a172b19a50723ef87278b5c8d5977c6\BLDC_FOC\Core\Inc\stm32g4xx_hal_conf.h_save
2025-05-04 14:31:57,241 [INFO] CodeEngine:335 - Generated code: E:\AGH\AiR\Praca_inzynierska\bldc_foc\Projects\bldc_foc-3140a2e43a172b19a50723ef87278b5c8d5977c6.zip_expanded\bldc_foc-3140a2e43a172b19a50723ef87278b5c8d5977c6\BLDC_FOC\Core\Inc\stm32g4xx_hal_conf.h
2025-05-04 14:31:57,269 [WARN] IPConfigManager:3034 - Warning: the RefConfig RCC_CommonPeriphClockConfig is not available in your config.xml file
2025-05-04 14:31:57,272 [INFO] ApiDbMcu:508 - Load IP Config File for SPI3
2025-05-04 14:31:57,285 [INFO] CodeEngine:255 - oldGeneratedFile, E:\AGH\AiR\Praca_inzynierska\bldc_foc\Projects\bldc_foc-3140a2e43a172b19a50723ef87278b5c8d5977c6.zip_expanded\bldc_foc-3140a2e43a172b19a50723ef87278b5c8d5977c6\BLDC_FOC\Core\Inc\main.h_save
2025-05-04 14:31:57,353 [INFO] CodeEngine:279 - Generated code: E:\AGH\AiR\Praca_inzynierska\bldc_foc\Projects\bldc_foc-3140a2e43a172b19a50723ef87278b5c8d5977c6.zip_expanded\bldc_foc-3140a2e43a172b19a50723ef87278b5c8d5977c6\BLDC_FOC\Core\Inc\main.h
2025-05-04 14:31:57,364 [INFO] CodeEngine:255 - oldGeneratedFile, E:\AGH\AiR\Praca_inzynierska\bldc_foc\Projects\bldc_foc-3140a2e43a172b19a50723ef87278b5c8d5977c6.zip_expanded\bldc_foc-3140a2e43a172b19a50723ef87278b5c8d5977c6\BLDC_FOC\Core\Src\main.c_save
2025-05-04 14:31:57,444 [INFO] CodeEngine:279 - Generated code: E:\AGH\AiR\Praca_inzynierska\bldc_foc\Projects\bldc_foc-3140a2e43a172b19a50723ef87278b5c8d5977c6.zip_expanded\bldc_foc-3140a2e43a172b19a50723ef87278b5c8d5977c6\BLDC_FOC\Core\Src\main.c
2025-05-04 14:31:57,650 [INFO] ProjectBuilder:3289 - Time for Copy HAL[1] : 89mS.
2025-05-04 14:31:57,653 [INFO] ProjectBuilder:4876 - Project Generator version: 4.5.0-RC5
2025-05-04 14:31:57,729 [INFO] ConfigFileManager:1579 - The Die is : DIE468
2025-05-04 14:31:58,332 [INFO] ProjectBuilder:5154 - Time for Generating toolchain IDE Files: 678mS.
2025-05-04 14:31:58,332 [INFO] ProjectBuilder:3146 - Time for Copy CMSIS : 0mS.
2025-05-04 14:31:58,334 [INFO] ProjectBuilder:3146 - Time for Copy CMSIS : 0mS.
2025-05-04 14:32:32,767 [INFO] UtilMem:75 - End SaveConfig() Used Memory: 999512120 Bytes (1073741824)
2025-05-04 14:32:33,402 [INFO] UtilMem:75 - End SaveConfig() Used Memory: 763636992 Bytes (1073741824)
2025-05-04 14:32:34,502 [INFO] UtilMem:75 - End SaveConfig() Used Memory: 811642808 Bytes (1073741824)
2025-05-04 14:32:34,652 [INFO] BlockDiagram:2766 - set Specific Code input for plugin: SPI
2025-05-04 14:32:34,652 [INFO] BlockDiagram:2766 - set Specific Code input for plugin: TIM1_8G4
2025-05-04 14:32:34,652 [INFO] BlockDiagram:2766 - set Specific Code input for plugin: SYS
2025-05-04 14:32:34,652 [INFO] BlockDiagram:2766 - set Specific Code input for plugin: ADC
2025-05-04 14:32:34,652 [INFO] BlockDiagram:2766 - set Specific Code input for plugin: RCC
2025-05-04 14:32:34,652 [INFO] BlockDiagram:2766 - set Specific Code input for plugin: NVIC
2025-05-04 14:32:34,652 [INFO] BlockDiagram:2766 - set Specific Code input for plugin: USART
2025-05-04 14:32:34,653 [INFO] BlockDiagram:2766 - set Specific Code input for plugin: GPIO
2025-05-04 14:32:34,653 [INFO] CodeGenerator:896 - code generatio: config db path: C:\ST\STM32CubeIDE_1.16.1\STM32CubeIDE\plugins\com.st.stm32cube.common.mx_6.13.0.202411220809\\db\
2025-05-04 14:32:34,724 [INFO] CodeEngine:255 - oldGeneratedFile, E:\AGH\AiR\Praca_inzynierska\bldc_foc\Projects\bldc_foc-3140a2e43a172b19a50723ef87278b5c8d5977c6.zip_expanded\bldc_foc-3140a2e43a172b19a50723ef87278b5c8d5977c6\BLDC_FOC\MXTmpFiles\license.tmp_save
2025-05-04 14:32:34,804 [INFO] CodeEngine:279 - Generated code: E:\AGH\AiR\Praca_inzynierska\bldc_foc\Projects\bldc_foc-3140a2e43a172b19a50723ef87278b5c8d5977c6.zip_expanded\bldc_foc-3140a2e43a172b19a50723ef87278b5c8d5977c6\BLDC_FOC\MXTmpFiles\license.tmp
2025-05-04 14:32:34,867 [INFO] CodeEngine:255 - oldGeneratedFile, E:\AGH\AiR\Praca_inzynierska\bldc_foc\Projects\bldc_foc-3140a2e43a172b19a50723ef87278b5c8d5977c6.zip_expanded\bldc_foc-3140a2e43a172b19a50723ef87278b5c8d5977c6\BLDC_FOC\Core\Src\gpio.c_save
2025-05-04 14:32:34,929 [INFO] CodeEngine:279 - Generated code: E:\AGH\AiR\Praca_inzynierska\bldc_foc\Projects\bldc_foc-3140a2e43a172b19a50723ef87278b5c8d5977c6.zip_expanded\bldc_foc-3140a2e43a172b19a50723ef87278b5c8d5977c6\BLDC_FOC\Core\Src\gpio.c
2025-05-04 14:32:34,933 [INFO] CodeEngine:255 - oldGeneratedFile, E:\AGH\AiR\Praca_inzynierska\bldc_foc\Projects\bldc_foc-3140a2e43a172b19a50723ef87278b5c8d5977c6.zip_expanded\bldc_foc-3140a2e43a172b19a50723ef87278b5c8d5977c6\BLDC_FOC\Core\Inc\gpio.h_save
2025-05-04 14:32:34,981 [INFO] CodeEngine:279 - Generated code: E:\AGH\AiR\Praca_inzynierska\bldc_foc\Projects\bldc_foc-3140a2e43a172b19a50723ef87278b5c8d5977c6.zip_expanded\bldc_foc-3140a2e43a172b19a50723ef87278b5c8d5977c6\BLDC_FOC\Core\Inc\gpio.h
2025-05-04 14:32:35,221 [INFO] CodeEngine:255 - oldGeneratedFile, E:\AGH\AiR\Praca_inzynierska\bldc_foc\Projects\bldc_foc-3140a2e43a172b19a50723ef87278b5c8d5977c6.zip_expanded\bldc_foc-3140a2e43a172b19a50723ef87278b5c8d5977c6\BLDC_FOC\Core\Src\adc.c_save
2025-05-04 14:32:35,285 [INFO] CodeEngine:279 - Generated code: E:\AGH\AiR\Praca_inzynierska\bldc_foc\Projects\bldc_foc-3140a2e43a172b19a50723ef87278b5c8d5977c6.zip_expanded\bldc_foc-3140a2e43a172b19a50723ef87278b5c8d5977c6\BLDC_FOC\Core\Src\adc.c
2025-05-04 14:32:35,287 [INFO] CodeEngine:255 - oldGeneratedFile, E:\AGH\AiR\Praca_inzynierska\bldc_foc\Projects\bldc_foc-3140a2e43a172b19a50723ef87278b5c8d5977c6.zip_expanded\bldc_foc-3140a2e43a172b19a50723ef87278b5c8d5977c6\BLDC_FOC\Core\Inc\adc.h_save
2025-05-04 14:32:35,328 [INFO] CodeEngine:279 - Generated code: E:\AGH\AiR\Praca_inzynierska\bldc_foc\Projects\bldc_foc-3140a2e43a172b19a50723ef87278b5c8d5977c6.zip_expanded\bldc_foc-3140a2e43a172b19a50723ef87278b5c8d5977c6\BLDC_FOC\Core\Inc\adc.h
2025-05-04 14:32:35,343 [INFO] CodeEngine:255 - oldGeneratedFile, E:\AGH\AiR\Praca_inzynierska\bldc_foc\Projects\bldc_foc-3140a2e43a172b19a50723ef87278b5c8d5977c6.zip_expanded\bldc_foc-3140a2e43a172b19a50723ef87278b5c8d5977c6\BLDC_FOC\Core\Src\spi.c_save
2025-05-04 14:32:35,398 [INFO] CodeEngine:279 - Generated code: E:\AGH\AiR\Praca_inzynierska\bldc_foc\Projects\bldc_foc-3140a2e43a172b19a50723ef87278b5c8d5977c6.zip_expanded\bldc_foc-3140a2e43a172b19a50723ef87278b5c8d5977c6\BLDC_FOC\Core\Src\spi.c
2025-05-04 14:32:35,401 [INFO] CodeEngine:255 - oldGeneratedFile, E:\AGH\AiR\Praca_inzynierska\bldc_foc\Projects\bldc_foc-3140a2e43a172b19a50723ef87278b5c8d5977c6.zip_expanded\bldc_foc-3140a2e43a172b19a50723ef87278b5c8d5977c6\BLDC_FOC\Core\Inc\spi.h_save
2025-05-04 14:32:35,446 [INFO] CodeEngine:279 - Generated code: E:\AGH\AiR\Praca_inzynierska\bldc_foc\Projects\bldc_foc-3140a2e43a172b19a50723ef87278b5c8d5977c6.zip_expanded\bldc_foc-3140a2e43a172b19a50723ef87278b5c8d5977c6\BLDC_FOC\Core\Inc\spi.h
2025-05-04 14:32:35,458 [INFO] CodeEngine:255 - oldGeneratedFile, E:\AGH\AiR\Praca_inzynierska\bldc_foc\Projects\bldc_foc-3140a2e43a172b19a50723ef87278b5c8d5977c6.zip_expanded\bldc_foc-3140a2e43a172b19a50723ef87278b5c8d5977c6\BLDC_FOC\Core\Src\tim.c_save
2025-05-04 14:32:35,535 [INFO] CodeEngine:279 - Generated code: E:\AGH\AiR\Praca_inzynierska\bldc_foc\Projects\bldc_foc-3140a2e43a172b19a50723ef87278b5c8d5977c6.zip_expanded\bldc_foc-3140a2e43a172b19a50723ef87278b5c8d5977c6\BLDC_FOC\Core\Src\tim.c
2025-05-04 14:32:35,538 [INFO] CodeEngine:255 - oldGeneratedFile, E:\AGH\AiR\Praca_inzynierska\bldc_foc\Projects\bldc_foc-3140a2e43a172b19a50723ef87278b5c8d5977c6.zip_expanded\bldc_foc-3140a2e43a172b19a50723ef87278b5c8d5977c6\BLDC_FOC\Core\Inc\tim.h_save
2025-05-04 14:32:35,584 [INFO] CodeEngine:279 - Generated code: E:\AGH\AiR\Praca_inzynierska\bldc_foc\Projects\bldc_foc-3140a2e43a172b19a50723ef87278b5c8d5977c6.zip_expanded\bldc_foc-3140a2e43a172b19a50723ef87278b5c8d5977c6\BLDC_FOC\Core\Inc\tim.h
2025-05-04 14:32:35,597 [INFO] CodeEngine:255 - oldGeneratedFile, E:\AGH\AiR\Praca_inzynierska\bldc_foc\Projects\bldc_foc-3140a2e43a172b19a50723ef87278b5c8d5977c6.zip_expanded\bldc_foc-3140a2e43a172b19a50723ef87278b5c8d5977c6\BLDC_FOC\Core\Src\usart.c_save
2025-05-04 14:32:35,651 [INFO] CodeEngine:279 - Generated code: E:\AGH\AiR\Praca_inzynierska\bldc_foc\Projects\bldc_foc-3140a2e43a172b19a50723ef87278b5c8d5977c6.zip_expanded\bldc_foc-3140a2e43a172b19a50723ef87278b5c8d5977c6\BLDC_FOC\Core\Src\usart.c
2025-05-04 14:32:35,655 [INFO] CodeEngine:255 - oldGeneratedFile, E:\AGH\AiR\Praca_inzynierska\bldc_foc\Projects\bldc_foc-3140a2e43a172b19a50723ef87278b5c8d5977c6.zip_expanded\bldc_foc-3140a2e43a172b19a50723ef87278b5c8d5977c6\BLDC_FOC\Core\Inc\usart.h_save
2025-05-04 14:32:35,692 [INFO] CodeEngine:279 - Generated code: E:\AGH\AiR\Praca_inzynierska\bldc_foc\Projects\bldc_foc-3140a2e43a172b19a50723ef87278b5c8d5977c6.zip_expanded\bldc_foc-3140a2e43a172b19a50723ef87278b5c8d5977c6\BLDC_FOC\Core\Inc\usart.h
2025-05-04 14:32:35,706 [INFO] CodeEngine:255 - oldGeneratedFile, E:\AGH\AiR\Praca_inzynierska\bldc_foc\Projects\bldc_foc-3140a2e43a172b19a50723ef87278b5c8d5977c6.zip_expanded\bldc_foc-3140a2e43a172b19a50723ef87278b5c8d5977c6\BLDC_FOC\Core\Src\stm32g4xx_it.c_save
2025-05-04 14:32:35,781 [INFO] CodeEngine:279 - Generated code: E:\AGH\AiR\Praca_inzynierska\bldc_foc\Projects\bldc_foc-3140a2e43a172b19a50723ef87278b5c8d5977c6.zip_expanded\bldc_foc-3140a2e43a172b19a50723ef87278b5c8d5977c6\BLDC_FOC\Core\Src\stm32g4xx_it.c
2025-05-04 14:32:35,784 [INFO] CodeEngine:255 - oldGeneratedFile, E:\AGH\AiR\Praca_inzynierska\bldc_foc\Projects\bldc_foc-3140a2e43a172b19a50723ef87278b5c8d5977c6.zip_expanded\bldc_foc-3140a2e43a172b19a50723ef87278b5c8d5977c6\BLDC_FOC\Core\Inc\stm32g4xx_it.h_save
2025-05-04 14:32:35,835 [INFO] CodeEngine:279 - Generated code: E:\AGH\AiR\Praca_inzynierska\bldc_foc\Projects\bldc_foc-3140a2e43a172b19a50723ef87278b5c8d5977c6.zip_expanded\bldc_foc-3140a2e43a172b19a50723ef87278b5c8d5977c6\BLDC_FOC\Core\Inc\stm32g4xx_it.h
2025-05-04 14:32:35,849 [INFO] CodeEngine:255 - oldGeneratedFile, E:\AGH\AiR\Praca_inzynierska\bldc_foc\Projects\bldc_foc-3140a2e43a172b19a50723ef87278b5c8d5977c6.zip_expanded\bldc_foc-3140a2e43a172b19a50723ef87278b5c8d5977c6\BLDC_FOC\Core\Src\stm32g4xx_hal_msp.c_save
2025-05-04 14:32:35,902 [INFO] CodeEngine:279 - Generated code: E:\AGH\AiR\Praca_inzynierska\bldc_foc\Projects\bldc_foc-3140a2e43a172b19a50723ef87278b5c8d5977c6.zip_expanded\bldc_foc-3140a2e43a172b19a50723ef87278b5c8d5977c6\BLDC_FOC\Core\Src\stm32g4xx_hal_msp.c
2025-05-04 14:32:35,904 [INFO] CodeEngine:255 - oldGeneratedFile, E:\AGH\AiR\Praca_inzynierska\bldc_foc\Projects\bldc_foc-3140a2e43a172b19a50723ef87278b5c8d5977c6.zip_expanded\bldc_foc-3140a2e43a172b19a50723ef87278b5c8d5977c6\BLDC_FOC\MXTmpFiles\system.tmp_save
2025-05-04 14:32:35,940 [INFO] CodeEngine:279 - Generated code: E:\AGH\AiR\Praca_inzynierska\bldc_foc\Projects\bldc_foc-3140a2e43a172b19a50723ef87278b5c8d5977c6.zip_expanded\bldc_foc-3140a2e43a172b19a50723ef87278b5c8d5977c6\BLDC_FOC\MXTmpFiles\system.tmp
2025-05-04 14:32:35,952 [INFO] CodeEngine:311 - oldGeneratedFile, E:\AGH\AiR\Praca_inzynierska\bldc_foc\Projects\bldc_foc-3140a2e43a172b19a50723ef87278b5c8d5977c6.zip_expanded\bldc_foc-3140a2e43a172b19a50723ef87278b5c8d5977c6\BLDC_FOC\Core\Inc\stm32g4xx_hal_conf.h_save
2025-05-04 14:32:36,016 [INFO] CodeEngine:335 - Generated code: E:\AGH\AiR\Praca_inzynierska\bldc_foc\Projects\bldc_foc-3140a2e43a172b19a50723ef87278b5c8d5977c6.zip_expanded\bldc_foc-3140a2e43a172b19a50723ef87278b5c8d5977c6\BLDC_FOC\Core\Inc\stm32g4xx_hal_conf.h
2025-05-04 14:32:36,032 [WARN] IPConfigManager:3034 - Warning: the RefConfig RCC_CommonPeriphClockConfig is not available in your config.xml file
2025-05-04 14:32:36,044 [INFO] CodeEngine:255 - oldGeneratedFile, E:\AGH\AiR\Praca_inzynierska\bldc_foc\Projects\bldc_foc-3140a2e43a172b19a50723ef87278b5c8d5977c6.zip_expanded\bldc_foc-3140a2e43a172b19a50723ef87278b5c8d5977c6\BLDC_FOC\Core\Inc\main.h_save
2025-05-04 14:32:36,093 [INFO] CodeEngine:279 - Generated code: E:\AGH\AiR\Praca_inzynierska\bldc_foc\Projects\bldc_foc-3140a2e43a172b19a50723ef87278b5c8d5977c6.zip_expanded\bldc_foc-3140a2e43a172b19a50723ef87278b5c8d5977c6\BLDC_FOC\Core\Inc\main.h
2025-05-04 14:32:36,103 [INFO] CodeEngine:255 - oldGeneratedFile, E:\AGH\AiR\Praca_inzynierska\bldc_foc\Projects\bldc_foc-3140a2e43a172b19a50723ef87278b5c8d5977c6.zip_expanded\bldc_foc-3140a2e43a172b19a50723ef87278b5c8d5977c6\BLDC_FOC\Core\Src\main.c_save
2025-05-04 14:32:36,171 [INFO] CodeEngine:279 - Generated code: E:\AGH\AiR\Praca_inzynierska\bldc_foc\Projects\bldc_foc-3140a2e43a172b19a50723ef87278b5c8d5977c6.zip_expanded\bldc_foc-3140a2e43a172b19a50723ef87278b5c8d5977c6\BLDC_FOC\Core\Src\main.c
2025-05-04 14:32:36,370 [INFO] ProjectBuilder:3289 - Time for Copy HAL[1] : 84mS.
2025-05-04 14:32:36,373 [INFO] ProjectBuilder:4876 - Project Generator version: 4.5.0-RC5
2025-05-04 14:32:36,438 [INFO] ConfigFileManager:1579 - The Die is : DIE468
2025-05-04 14:32:36,863 [INFO] ProjectBuilder:5154 - Time for Generating toolchain IDE Files: 490mS.
2025-05-04 14:32:36,864 [INFO] ProjectBuilder:3146 - Time for Copy CMSIS : 1mS.
2025-05-04 14:32:36,865 [INFO] ProjectBuilder:3146 - Time for Copy CMSIS : 0mS.
2025-05-04 23:59:26,670 [INFO] WebApp:389 - JxBrowser engine has been closed 
2025-05-04 23:59:38,892 [ERROR] LogOutputStream:75 - [STDERR_REDIRECT] 
