2025-05-10 12:33:12,425 [INFO] Activator:176 - 


2025-05-10 12:33:12,429 [INFO] Activator:177 - !SESSION log4j initialized
2025-05-10 12:33:16,717 [INFO] LogOutputStream:77 - [STDOUT_REDIRECT] 
2025-05-10 12:33:18,239 [INFO] ApplicationProperties:184 - Using Application install path: C:\ST\STM32CubeIDE_1.16.1\STM32CubeIDE\plugins\com.st.stm32cube.common.mx_6.13.0.202411220809
2025-05-10 12:33:18,250 [INFO] DbMcusXml:78 - Set database path to: C:\ST\STM32CubeIDE_1.16.1\STM32CubeIDE\plugins\com.st.stm32cube.common.mx_6.13.0.202411220809\\db\/mcu/
2025-05-10 12:33:18,251 [INFO] ApiDb:274 - Set plugin database path to: C:\ST\STM32CubeIDE_1.16.1\STM32CubeIDE\plugins\com.st.stm32cube.common.mx_6.13.0.202411220809\\db\/plugins/boardmanager/
2025-05-10 12:33:18,253 [WARN] ApiDb:259 - Overriding images path with different value:  => C:\ST\STM32CubeIDE_1.16.1\STM32CubeIDE\plugins\com.st.stm32cube.common.mx_6.13.0.202411220809\\db\/plugins/mcufinder/images/
2025-05-10 12:33:18,257 [INFO] ApiDb:250 - Set database path to: C:\Users\Miloush\.stmcufinder\plugins\mcufinder//mcu/
2025-05-10 12:33:18,258 [INFO] DbMcusAds:125 - Set database path to: C:\Users\Miloush\.stmcufinder\plugins\mcufinder//mcu/
2025-05-10 12:33:18,259 [INFO] CrossReferenceDbSqlite:203 - Set database path to: C:\Users\Miloush\.stmcufinder\plugins\mcufinder//mcu/cs/
2025-05-10 12:33:18,340 [INFO] RulesReader:64 - Compatibility file has been processed (297 Rules)
2025-05-10 12:33:18,409 [INFO] DbMcusXml:78 - Set database path to: C:\ST\STM32CubeIDE_1.16.1\STM32CubeIDE\plugins\com.st.stm32cube.common.mx_6.13.0.202411220809\\db\/mcu/
2025-05-10 12:33:18,409 [INFO] ApiDb:274 - Set plugin database path to: C:\ST\STM32CubeIDE_1.16.1\STM32CubeIDE\plugins\com.st.stm32cube.common.mx_6.13.0.202411220809\\db\/plugins/boardmanager/
2025-05-10 12:33:18,409 [INFO] ApiDb:261 - Set plugin images path to: C:\ST\STM32CubeIDE_1.16.1\STM32CubeIDE\plugins\com.st.stm32cube.common.mx_6.13.0.202411220809\\db\/plugins/mcufinder/images/
2025-05-10 12:33:18,409 [WARN] DbFile:41 - Overriding database path with different value: C:\Users\Miloush\.stmcufinder\plugins\mcufinder/ => C:\Users\Miloush\.stmcufinder\plugins\mcufinder
2025-05-10 12:33:18,409 [INFO] ApiDb:250 - Set database path to: C:\Users\Miloush\.stmcufinder\plugins\mcufinder//mcu/
2025-05-10 12:33:18,409 [WARN] DbFile:41 - Overriding database path with different value: C:\Users\Miloush\.stmcufinder\plugins\mcufinder/ => C:\Users\Miloush\.stmcufinder\plugins\mcufinder
2025-05-10 12:33:18,409 [INFO] DbMcusAds:125 - Set database path to: C:\Users\Miloush\.stmcufinder\plugins\mcufinder//mcu/
2025-05-10 12:33:18,409 [WARN] DbFile:41 - Overriding database path with different value: C:\Users\Miloush\.stmcufinder\plugins\mcufinder/ => C:\Users\Miloush\.stmcufinder\plugins\mcufinder
2025-05-10 12:33:18,409 [WARN] DbFile:41 - Overriding database path with different value: C:\Users\Miloush\.stmcufinder\plugins\mcufinder/ => C:\Users\Miloush\.stmcufinder\plugins\mcufinder
2025-05-10 12:33:18,409 [INFO] CrossReferenceDbSqlite:203 - Set database path to: C:\Users\Miloush\.stmcufinder\plugins\mcufinder//mcu/cs/
2025-05-10 12:33:18,460 [INFO] MainPanel:272 - HeapMemory: 268435456
2025-05-10 12:33:18,516 [INFO] DbMcusXml:78 - Set database path to: C:\ST\STM32CubeIDE_1.16.1\STM32CubeIDE\plugins\com.st.stm32cube.common.mx_6.13.0.202411220809\\db\/mcu/
2025-05-10 12:33:18,516 [INFO] ApiDb:274 - Set plugin database path to: C:\ST\STM32CubeIDE_1.16.1\STM32CubeIDE\plugins\com.st.stm32cube.common.mx_6.13.0.202411220809\\db\/plugins/boardmanager/
2025-05-10 12:33:18,517 [INFO] ApiDb:261 - Set plugin images path to: C:\ST\STM32CubeIDE_1.16.1\STM32CubeIDE\plugins\com.st.stm32cube.common.mx_6.13.0.202411220809\\db\/plugins/mcufinder/images/
2025-05-10 12:33:18,517 [WARN] DbFile:41 - Overriding database path with different value: C:\Users\Miloush\.stmcufinder\plugins\mcufinder/ => C:\Users\Miloush\.stmcufinder\plugins\mcufinder
2025-05-10 12:33:18,517 [INFO] ApiDb:250 - Set database path to: C:\Users\Miloush\.stmcufinder\plugins\mcufinder//mcu/
2025-05-10 12:33:18,517 [WARN] DbFile:41 - Overriding database path with different value: C:\Users\Miloush\.stmcufinder\plugins\mcufinder/ => C:\Users\Miloush\.stmcufinder\plugins\mcufinder
2025-05-10 12:33:18,517 [INFO] DbMcusAds:125 - Set database path to: C:\Users\Miloush\.stmcufinder\plugins\mcufinder//mcu/
2025-05-10 12:33:18,517 [WARN] DbFile:41 - Overriding database path with different value: C:\Users\Miloush\.stmcufinder\plugins\mcufinder/ => C:\Users\Miloush\.stmcufinder\plugins\mcufinder
2025-05-10 12:33:18,517 [WARN] DbFile:41 - Overriding database path with different value: C:\Users\Miloush\.stmcufinder\plugins\mcufinder/ => C:\Users\Miloush\.stmcufinder\plugins\mcufinder
2025-05-10 12:33:18,517 [INFO] CrossReferenceDbSqlite:203 - Set database path to: C:\Users\Miloush\.stmcufinder\plugins\mcufinder//mcu/cs/
2025-05-10 12:33:18,532 [INFO] ApplicationProperties:184 - Using Application install path: C:\ST\STM32CubeIDE_1.16.1\STM32CubeIDE\plugins\com.st.stm32cube.common.mx_6.13.0.202411220809
2025-05-10 12:33:18,533 [INFO] PluginManage:196 - Search for loadable plugins [exclusion list=, ]
2025-05-10 12:33:18,534 [INFO] PluginManage:310 - Check plugin analytics
2025-05-10 12:33:18,696 [INFO] AnalyticsPlugin:253 - Accepted Software Licenses: 
2025-05-10 12:33:18,697 [INFO] AnalyticsPlugin:255 - Accepted CMSIS Pack Licenses: 
2025-05-10 12:33:18,697 [INFO] AnalyticsPlugin:257 - Accepted Firmware Licenses: FW.G4.1.6.0
2025-05-10 12:33:18,701 [INFO] PluginManage:359 - Loaded plugin analytics (category:tool,tabindex:-1)
2025-05-10 12:33:18,701 [INFO] PluginManage:310 - Check plugin cadmodel
2025-05-10 12:33:18,707 [INFO] CADModel:105 - Init CAD model plugin
2025-05-10 12:33:18,707 [INFO] PluginManage:359 - Loaded plugin cadmodel (category:power,tabindex:5)
2025-05-10 12:33:18,708 [INFO] PluginManage:310 - Check plugin clock
2025-05-10 12:33:18,720 [INFO] PluginManage:359 - Loaded plugin clock (category:base,tabindex:2)
2025-05-10 12:33:18,720 [INFO] PluginManage:310 - Check plugin ddr
2025-05-10 12:33:18,725 [INFO] PluginManage:359 - Loaded plugin ddr (category:tool,tabindex:6)
2025-05-10 12:33:18,725 [INFO] PluginManage:310 - Check plugin filemanager
2025-05-10 12:33:18,861 [INFO] PluginManage:359 - Loaded plugin filemanager (category:base,tabindex:10)
2025-05-10 12:33:18,862 [INFO] PluginManage:310 - Check plugin ipmanager
2025-05-10 12:33:18,868 [INFO] PluginManage:359 - Loaded plugin ipmanager (category:base,tabindex:5)
2025-05-10 12:33:18,868 [INFO] PluginManage:310 - Check plugin lpbam
2025-05-10 12:33:18,875 [INFO] PluginManage:359 - Loaded plugin lpbam (category:base,tabindex:0)
2025-05-10 12:33:18,875 [INFO] PluginManage:310 - Check plugin memorymap
2025-05-10 12:33:18,883 [INFO] PluginManage:359 - Loaded plugin memorymap (category:base,tabindex:4)
2025-05-10 12:33:18,883 [INFO] PluginManage:310 - Check plugin pinoutandconfiguration
2025-05-10 12:33:18,889 [INFO] PluginManage:359 - Loaded plugin pinoutandconfiguration (category:base,tabindex:1)
2025-05-10 12:33:18,889 [INFO] PluginManage:310 - Check plugin pinoutconfig
2025-05-10 12:33:18,953 [WARN] SupportedApi:132 - Cannot load RTOS API schema: s4s-elt-must-match.1: The content of 'definitions' must match (annotation?, (simpleType | complexType)?, (unique | key | keyref)*)). A problem was found starting at: attribute.
2025-05-10 12:33:19,067 [INFO] PluginManage:359 - Loaded plugin pinoutconfig (category:base,tabindex:0)
2025-05-10 12:33:19,067 [INFO] PluginManage:310 - Check plugin power
2025-05-10 12:33:19,074 [INFO] PluginManage:359 - Loaded plugin power (category:power,tabindex:4)
2025-05-10 12:33:19,074 [INFO] PluginManage:310 - Check plugin projectmanager
2025-05-10 12:33:19,086 [INFO] PluginManage:359 - Loaded plugin projectmanager (category:projectmanager,tabindex:4)
2025-05-10 12:33:19,086 [INFO] PluginManage:310 - Check plugin rif
2025-05-10 12:33:19,090 [INFO] PluginManage:359 - Loaded plugin rif (category:base,tabindex:3)
2025-05-10 12:33:19,091 [INFO] PluginManage:310 - Check plugin thirdparty
2025-05-10 12:33:19,201 [WARN] IntegrityCheckThread:84 - waiting for thirdparty lock release [integrity check]
2025-05-10 12:33:19,202 [INFO] IntegrityCheckThread:86 - entering critical section [integrity check]
2025-05-10 12:33:19,202 [INFO] PluginManage:359 - Loaded plugin thirdparty (category:base,tabindex:-1)
2025-05-10 12:33:19,202 [INFO] ThirdPartyUpdaterWithRetryManager:70 - Updater plugin not ready yet. [1/15]
2025-05-10 12:33:19,202 [INFO] PluginManage:310 - Check plugin tools
2025-05-10 12:33:19,206 [INFO] PluginManage:359 - Loaded plugin tools (category:base,tabindex:7)
2025-05-10 12:33:19,206 [INFO] PluginManage:310 - Check plugin tutovideos
2025-05-10 12:33:19,316 [INFO] PluginManage:359 - Loaded plugin tutovideos (category:base,tabindex:-1)
2025-05-10 12:33:19,316 [INFO] PluginManage:310 - Check plugin updater
2025-05-10 12:33:19,331 [INFO] PluginManage:359 - Loaded plugin updater (category:base,tabindex:12)
2025-05-10 12:33:19,331 [INFO] PluginManage:310 - Check plugin userauth
2025-05-10 12:33:19,333 [INFO] UserAuth:118 - Init User Auth plugin
2025-05-10 12:33:19,334 [INFO] PluginManage:359 - Loaded plugin userauth (category:base,tabindex:14)
2025-05-10 12:33:19,334 [INFO] PluginManage:283 - PluginManage : Loaded plugins [18]
2025-05-10 12:33:19,485 [INFO] PinOutPanel:1589 - setPackage(No Configuration,No Configuration)
2025-05-10 12:33:19,540 [INFO] CADModel:165 - CPN selected for project level
2025-05-10 12:33:19,540 [INFO] CADModel:114 - Register for checkConnection events
2025-05-10 12:33:19,553 [INFO] IPUIPlugin:80 - create IPUIPlugin
2025-05-10 12:33:19,553 [INFO] PluginManager:220 - loadIPPluginJar : add adc
2025-05-10 12:33:19,555 [INFO] IPUIPlugin:80 - create IPUIPlugin
2025-05-10 12:33:19,556 [INFO] PluginManager:220 - loadIPPluginJar : add aes
2025-05-10 12:33:19,557 [INFO] IPUIPlugin:80 - create IPUIPlugin
2025-05-10 12:33:19,557 [INFO] PluginManager:220 - loadIPPluginJar : add can
2025-05-10 12:33:19,558 [INFO] IPUIPlugin:80 - create IPUIPlugin
2025-05-10 12:33:19,558 [INFO] PluginManager:220 - loadIPPluginJar : add comp
2025-05-10 12:33:19,560 [INFO] IPUIPlugin:80 - create IPUIPlugin
2025-05-10 12:33:19,560 [INFO] PluginManager:220 - loadIPPluginJar : add cryp
2025-05-10 12:33:19,563 [INFO] IPUIPlugin:80 - create IPUIPlugin
2025-05-10 12:33:19,563 [INFO] PluginManager:220 - loadIPPluginJar : add ddr_ctrl_phy
2025-05-10 12:33:19,565 [INFO] IPUIPlugin:80 - create IPUIPlugin
2025-05-10 12:33:19,565 [INFO] PluginManager:220 - loadIPPluginJar : add dfsdm
2025-05-10 12:33:19,569 [INFO] IPUIPlugin:80 - create IPUIPlugin
2025-05-10 12:33:19,570 [INFO] PluginManager:220 - loadIPPluginJar : add dma
2025-05-10 12:33:19,572 [INFO] IPUIPlugin:80 - create IPUIPlugin
2025-05-10 12:33:19,572 [INFO] PluginManager:220 - loadIPPluginJar : add dma3
2025-05-10 12:33:19,575 [INFO] IPUIPlugin:80 - create IPUIPlugin
2025-05-10 12:33:19,575 [INFO] PluginManager:220 - loadIPPluginJar : add extmemmanager
2025-05-10 12:33:19,576 [INFO] IPUIPlugin:80 - create IPUIPlugin
2025-05-10 12:33:19,576 [INFO] PluginManager:220 - loadIPPluginJar : add fatfs
2025-05-10 12:33:19,579 [INFO] IPUIPlugin:80 - create IPUIPlugin
2025-05-10 12:33:19,579 [INFO] PluginManager:220 - loadIPPluginJar : add fmc
2025-05-10 12:33:19,589 [INFO] IPUIPlugin:80 - create IPUIPlugin
2025-05-10 12:33:19,589 [INFO] PluginManager:220 - loadIPPluginJar : add freertos
2025-05-10 12:33:19,591 [INFO] IPUIPlugin:80 - create IPUIPlugin
2025-05-10 12:33:19,591 [INFO] PluginManager:220 - loadIPPluginJar : add genericplugin
2025-05-10 12:33:19,593 [INFO] IPUIPlugin:80 - create IPUIPlugin
2025-05-10 12:33:19,593 [INFO] PluginManager:220 - loadIPPluginJar : add gfxmmu
2025-05-10 12:33:19,597 [INFO] IPUIPlugin:80 - create IPUIPlugin
2025-05-10 12:33:19,597 [INFO] PluginManager:220 - loadIPPluginJar : add gic
2025-05-10 12:33:19,599 [INFO] IPUIPlugin:80 - create IPUIPlugin
2025-05-10 12:33:19,599 [INFO] PluginManager:220 - loadIPPluginJar : add gpio
2025-05-10 12:33:19,601 [INFO] IPUIPlugin:80 - create IPUIPlugin
2025-05-10 12:33:19,601 [INFO] PluginManager:220 - loadIPPluginJar : add gtzc
2025-05-10 12:33:19,602 [INFO] IPUIPlugin:80 - create IPUIPlugin
2025-05-10 12:33:19,602 [INFO] PluginManager:220 - loadIPPluginJar : add hash
2025-05-10 12:33:19,604 [INFO] IPUIPlugin:80 - create IPUIPlugin
2025-05-10 12:33:19,604 [INFO] PluginManager:220 - loadIPPluginJar : add i2c
2025-05-10 12:33:19,606 [INFO] IPUIPlugin:80 - create IPUIPlugin
2025-05-10 12:33:19,606 [INFO] PluginManager:220 - loadIPPluginJar : add i2s
2025-05-10 12:33:19,607 [INFO] IPUIPlugin:80 - create IPUIPlugin
2025-05-10 12:33:19,608 [INFO] PluginManager:220 - loadIPPluginJar : add i3c
2025-05-10 12:33:19,610 [INFO] IPUIPlugin:80 - create IPUIPlugin
2025-05-10 12:33:19,610 [INFO] PluginManager:220 - loadIPPluginJar : add ipddr
2025-05-10 12:33:19,615 [INFO] IPUIPlugin:80 - create IPUIPlugin
2025-05-10 12:33:19,615 [INFO] PluginManager:220 - loadIPPluginJar : add linkedlist
2025-05-10 12:33:19,619 [INFO] IPUIPlugin:80 - create IPUIPlugin
2025-05-10 12:33:19,619 [INFO] PluginManager:220 - loadIPPluginJar : add lorawan
2025-05-10 12:33:19,619 [INFO] IPUIPlugin:80 - create IPUIPlugin
2025-05-10 12:33:19,619 [INFO] PluginManager:220 - loadIPPluginJar : add ltdc
2025-05-10 12:33:19,623 [INFO] IPUIPlugin:80 - create IPUIPlugin
2025-05-10 12:33:19,623 [INFO] PluginManager:220 - loadIPPluginJar : add mdma
2025-05-10 12:33:19,625 [INFO] IPUIPlugin:80 - create IPUIPlugin
2025-05-10 12:33:19,625 [INFO] PluginManager:220 - loadIPPluginJar : add nvic
2025-05-10 12:33:19,627 [INFO] IPUIPlugin:80 - create IPUIPlugin
2025-05-10 12:33:19,627 [INFO] PluginManager:220 - loadIPPluginJar : add opamp
2025-05-10 12:33:19,629 [INFO] IPUIPlugin:80 - create IPUIPlugin
2025-05-10 12:33:19,629 [INFO] PluginManager:220 - loadIPPluginJar : add openamp
2025-05-10 12:33:19,633 [INFO] IPUIPlugin:80 - create IPUIPlugin
2025-05-10 12:33:19,633 [INFO] PluginManager:220 - loadIPPluginJar : add pdm2pcm
2025-05-10 12:33:19,637 [INFO] IPUIPlugin:80 - create IPUIPlugin
2025-05-10 12:33:19,639 [INFO] PluginManager:220 - loadIPPluginJar : add plateformsettings
2025-05-10 12:33:19,640 [INFO] IPUIPlugin:80 - create IPUIPlugin
2025-05-10 12:33:19,640 [INFO] PluginManager:220 - loadIPPluginJar : add quadspi
2025-05-10 12:33:19,641 [INFO] IPUIPlugin:80 - create IPUIPlugin
2025-05-10 12:33:19,641 [INFO] PluginManager:220 - loadIPPluginJar : add radio
2025-05-10 12:33:19,643 [INFO] IPUIPlugin:80 - create IPUIPlugin
2025-05-10 12:33:19,643 [INFO] PluginManager:220 - loadIPPluginJar : add resmgrutility
2025-05-10 12:33:19,647 [INFO] IPUIPlugin:80 - create IPUIPlugin
2025-05-10 12:33:19,647 [INFO] PluginManager:220 - loadIPPluginJar : add sai
2025-05-10 12:33:19,649 [INFO] IPUIPlugin:80 - create IPUIPlugin
2025-05-10 12:33:19,649 [INFO] PluginManager:220 - loadIPPluginJar : add spi
2025-05-10 12:33:19,654 [INFO] IPUIPlugin:80 - create IPUIPlugin
2025-05-10 12:33:19,654 [INFO] PluginManager:220 - loadIPPluginJar : add stm32_wpan
2025-05-10 12:33:19,657 [INFO] IPUIPlugin:80 - create IPUIPlugin
2025-05-10 12:33:19,657 [INFO] PluginManager:220 - loadIPPluginJar : add tim
2025-05-10 12:33:19,660 [INFO] IPUIPlugin:80 - create IPUIPlugin
2025-05-10 12:33:19,660 [INFO] PluginManager:220 - loadIPPluginJar : add touchsensing
2025-05-10 12:33:19,660 [INFO] IPUIPlugin:80 - create IPUIPlugin
2025-05-10 12:33:19,662 [INFO] PluginManager:220 - loadIPPluginJar : add tracer_emb
2025-05-10 12:33:19,663 [INFO] IPUIPlugin:80 - create IPUIPlugin
2025-05-10 12:33:19,663 [INFO] PluginManager:220 - loadIPPluginJar : add ts
2025-05-10 12:33:19,664 [INFO] IPUIPlugin:80 - create IPUIPlugin
2025-05-10 12:33:19,665 [INFO] PluginManager:220 - loadIPPluginJar : add tsc
2025-05-10 12:33:19,666 [INFO] IPUIPlugin:80 - create IPUIPlugin
2025-05-10 12:33:19,666 [INFO] PluginManager:220 - loadIPPluginJar : add ucpd
2025-05-10 12:33:19,667 [INFO] IPUIPlugin:80 - create IPUIPlugin
2025-05-10 12:33:19,667 [INFO] PluginManager:220 - loadIPPluginJar : add usart
2025-05-10 12:33:19,668 [INFO] IPUIPlugin:80 - create IPUIPlugin
2025-05-10 12:33:19,669 [INFO] PluginManager:220 - loadIPPluginJar : add usbx
2025-05-10 12:33:19,787 [FATAL] Updater:351 - Updater called before beeing initialized
2025-05-10 12:33:19,804 [INFO] RulesReader:64 - Compatibility file has been processed (297 Rules)
2025-05-10 12:33:19,811 [INFO] RulesReader:64 - Compatibility file has been processed (297 Rules)
2025-05-10 12:33:19,817 [INFO] CADModel:165 - CPN selected for project level
2025-05-10 12:33:19,817 [INFO] CADModel:114 - Register for checkConnection events
2025-05-10 12:33:19,817 [FATAL] Updater:351 - Updater called before beeing initialized
2025-05-10 12:33:19,817 [ERROR] CADModel:125 - Updater not yet initialized, retry later 
2025-05-10 12:33:19,923 [FATAL] Updater:351 - Updater called before beeing initialized
2025-05-10 12:33:19,924 [INFO] CADModel:165 - CPN selected for project level
2025-05-10 12:33:19,924 [INFO] CADModel:114 - Register for checkConnection events
2025-05-10 12:33:19,924 [FATAL] Updater:351 - Updater called before beeing initialized
2025-05-10 12:33:19,924 [ERROR] CADModel:125 - Updater not yet initialized, retry later 
2025-05-10 12:33:19,926 [FATAL] Updater:351 - Updater called before beeing initialized
2025-05-10 12:33:19,992 [FATAL] Updater:351 - Updater called before beeing initialized
2025-05-10 12:33:19,997 [INFO] DbMcusAds:53 - JSON generation date=Thu Mar 06 15:54:22 CET 2025 (1741272862078)
2025-05-10 12:33:19,997 [FATAL] Updater:351 - Updater called before beeing initialized
2025-05-10 12:33:20,021 [WARN] DetailPanel:346 - Failed to get advertising image, set to default
2025-05-10 12:33:20,173 [FATAL] Updater:351 - Updater called before beeing initialized
2025-05-10 12:33:20,174 [FATAL] Updater:351 - Updater called before beeing initialized
2025-05-10 12:33:20,175 [FATAL] Updater:351 - Updater called before beeing initialized
2025-05-10 12:33:20,175 [WARN] DetailPanel:346 - Failed to get advertising image, set to default
2025-05-10 12:33:20,176 [FATAL] Updater:351 - Updater called before beeing initialized
2025-05-10 12:33:20,210 [ERROR] Updater:1198 - MainUpdater not yet initialized. External WinMGr cannot be set.
2025-05-10 12:33:20,211 [INFO] Updater:1134 - Updater Version found : 6.13.0
2025-05-10 12:33:20,223 [INFO] ApplicationProperties:184 - Using Application install path: C:\ST\STM32CubeIDE_1.16.1\STM32CubeIDE\plugins\com.st.stm32cube.common.mx_6.13.0.202411220809
2025-05-10 12:33:20,592 [INFO] MainUpdater:2872 - connection check result : 10
2025-05-10 12:33:20,592 [INFO] MainUpdater:289 - Updater Check For Update Now.
2025-05-10 12:33:20,592 [INFO] MicroXplorer:498 - Change Database Version : DB.6.0.130
2025-05-10 12:33:20,596 [INFO] McuFinderGlobals:63 - Set McuFinder mode to 2 (CubeIDE integrated)
2025-05-10 12:33:20,596 [INFO] UserAuth:486 - Internet connection configuration mode: 1
2025-05-10 12:33:20,616 [INFO] JxBrowserEngine:152 - Initiate JxBrowser Engine with user profile folder
2025-05-10 12:33:20,750 [INFO] CheckServerUpdateThread:120 - End of CheckServer Thread
2025-05-10 12:33:21,094 [INFO] WebApp:168 - Instantiating new browser for Auth
2025-05-10 12:33:21,506 [INFO] WebApp:449 - Apply proxy settings
2025-05-10 12:33:21,506 [INFO] WebApp:534 - Chromium requires no authentication
2025-05-10 12:33:21,513 [INFO] WebApp:477 - Direct internet connection detected
2025-05-10 12:33:21,534 [INFO] WebApp:880 - Register for checkConnection events
2025-05-10 12:33:21,534 [INFO] WebApp:449 - Apply proxy settings
2025-05-10 12:33:21,535 [INFO] WebApp:534 - Chromium requires no authentication
2025-05-10 12:33:21,535 [INFO] WebApp:477 - Direct internet connection detected
2025-05-10 12:33:21,624 [INFO] WebApp:221 - Starting web application
2025-05-10 12:33:21,624 [INFO] WebApp:579 - Web application path used C:\ST\STM32CubeIDE_1.16.1\STM32CubeIDE\plugins\com.st.stm32cube.common.mx_6.13.0.202411220809\db\plugins\mcufinder\reactClient1\index.html
2025-05-10 12:33:21,679 [INFO] UserAuth:486 - Internet connection configuration mode: 1
2025-05-10 12:33:21,822 [INFO] WebApp:187 - Connection restablished
2025-05-10 12:33:22,346 [WARN] PackLoader:240 - Cannot read IP mode file for STMicroelectronics.FP-SNS-MOTENVWB1.1.4.0
2025-05-10 12:33:22,351 [WARN] PackLoader:240 - Cannot read IP mode file for STMicroelectronics.FP-ATR-ASTRA1.2.0.2
2025-05-10 12:33:22,353 [WARN] PackLoader:240 - Cannot read IP mode file for STMicroelectronics.FP-ATR-ASTRA1.2.0.1
2025-05-10 12:33:22,359 [WARN] PackLoader:240 - Cannot read IP mode file for STMicroelectronics.X-CUBE-SMBUS.2.1.0
2025-05-10 12:33:22,363 [WARN] PackLoader:240 - Cannot read IP mode file for STMicroelectronics.X-CUBE-WB05N.1.1.0
2025-05-10 12:33:22,386 [WARN] PackLoader:240 - Cannot read IP mode file for STMicroelectronics.X-CUBE-AZRTOS-F7.1.1.0
2025-05-10 12:33:22,434 [WARN] PackLoader:240 - Cannot read IP mode file for STMicroelectronics.X-CUBE-MEMS1.11.0.0
2025-05-10 12:33:22,571 [WARN] PackLoader:240 - Cannot read IP mode file for STMicroelectronics.FP-SNS-FLIGHT1.5.0.2
2025-05-10 12:33:22,580 [WARN] PackLoader:240 - Cannot read IP mode file for STMicroelectronics.X-CUBE-DISPLAY.3.0.0
2025-05-10 12:33:22,588 [WARN] PackLoader:240 - Cannot read IP mode file for STMicroelectronics.X-CUBE-BLE1.7.0.0
2025-05-10 12:33:22,592 [WARN] PackLoader:240 - Cannot read IP mode file for STMicroelectronics.X-CUBE-NFC10.1.0.0
2025-05-10 12:33:22,624 [WARN] PackLoader:240 - Cannot read IP mode file for STMicroelectronics.X-CUBE-BLEMGR.4.0.0
2025-05-10 12:33:22,633 [WARN] PackLoader:240 - Cannot read IP mode file for emotas.I-CUBE-CANOPEN.1.3.0
2025-05-10 12:33:22,640 [WARN] PackLoader:240 - Cannot read IP mode file for STMicroelectronics.X-CUBE-BLEMGR.3.1.0
2025-05-10 12:33:22,645 [WARN] PackLoader:240 - Cannot read IP mode file for STMicroelectronics.X-CUBE-AI.10.0.0
2025-05-10 12:33:22,649 [WARN] PackLoader:240 - Cannot read IP mode file for STMicroelectronics.FP-SNS-SMARTAG2.1.2.0
2025-05-10 12:33:22,652 [WARN] PackLoader:240 - Cannot read IP mode file for STMicroelectronics.FP-SNS-FLIGHT1.5.1.0
2025-05-10 12:33:22,689 [WARN] PackLoader:240 - Cannot read IP mode file for STMicroelectronics.X-CUBE-MEMS1.11.1.0
2025-05-10 12:33:22,787 [INFO] LogOutputStream:77 - [STDOUT_REDIRECT] 1 : Invalid condition id : UX_CORESTACK_Condition cause : null
2025-05-10 12:33:22,787 [INFO] LogOutputStream:77 - [STDOUT_REDIRECT] 1 : Invalid condition id : UX_CORESTACK_Condition cause : null
2025-05-10 12:33:22,789 [INFO] LogOutputStream:77 - [STDOUT_REDIRECT] 1 : Invalid condition id : UX_CORESTACK_Condition cause : null
2025-05-10 12:33:22,790 [INFO] LogOutputStream:77 - [STDOUT_REDIRECT] 1 : Invalid condition id : UX_CORESTACK_Condition cause : null
2025-05-10 12:33:22,791 [INFO] LogOutputStream:77 - [STDOUT_REDIRECT] 1 : Invalid condition id : UX_CORESTACK_Condition cause : null
2025-05-10 12:33:22,793 [WARN] PackLoader:240 - Cannot read IP mode file for STMicroelectronics.X-CUBE-AZRTOS-WL.2.0.0
2025-05-10 12:33:22,798 [WARN] PackLoader:240 - Cannot read IP mode file for STMicroelectronics.FP-SNS-MOTENV1.5.0.0
2025-05-10 12:33:22,803 [WARN] PackLoader:240 - Cannot read IP mode file for wolfSSL.I-CUBE-wolfMQTT.1.19.0
2025-05-10 12:33:22,810 [WARN] PackLoader:240 - Cannot read IP mode file for WES.I-CUBE-Cesium.1.3.0
2025-05-10 12:33:22,814 [WARN] PackLoader:240 - Cannot read IP mode file for STMicroelectronics.X-CUBE-BLE2.3.3.0
2025-05-10 12:33:22,819 [WARN] PackLoader:240 - Cannot read IP mode file for STMicroelectronics.X-CUBE-NFC9.1.0.0
2025-05-10 12:33:22,823 [WARN] PackLoader:240 - Cannot read IP mode file for STMicroelectronics.X-CUBE-BLE1.7.1.0
2025-05-10 12:33:22,827 [WARN] PackLoader:240 - Cannot read IP mode file for STMicroelectronics.X-CUBE-TCPP.4.1.0
2025-05-10 12:33:22,862 [WARN] PackLoader:240 - Cannot read IP mode file for STMicroelectronics.X-CUBE-MEMS1.11.2.0
2025-05-10 12:33:22,957 [WARN] PackLoader:240 - Cannot read IP mode file for STMicroelectronics.X-CUBE-AZRTOS-G0.1.1.0
2025-05-10 12:33:22,963 [WARN] PackLoader:240 - Cannot read IP mode file for STMicroelectronics.X-CUBE-SAFEA1.1.2.2
2025-05-10 12:33:22,967 [WARN] PackLoader:240 - Cannot read IP mode file for STMicroelectronics.X-CUBE-NFC4.3.0.0
2025-05-10 12:33:22,975 [WARN] PackLoader:240 - Cannot read IP mode file for EmbeddedOffice.I-CUBE-FS-RTOS.1.0.1
2025-05-10 12:33:22,978 [WARN] PackLoader:240 - Cannot read IP mode file for STMicroelectronics.X-CUBE-WB05N.2.0.0
2025-05-10 12:33:22,982 [WARN] PackLoader:240 - Cannot read IP mode file for STMicroelectronics.X-CUBE-TCPP.4.2.0
2025-05-10 12:33:22,987 [WARN] PackLoader:240 - Cannot read IP mode file for RealThread.X-CUBE-RT-Thread_Nano.4.1.1
2025-05-10 12:33:22,990 [WARN] PackLoader:240 - Cannot read IP mode file for STMicroelectronics.FP-ATR-SIGFOX1.3.2.0
2025-05-10 12:33:22,993 [WARN] PackLoader:240 - Cannot read IP mode file for wolfSSL.I-CUBE-wolfSSL.5.7.2
2025-05-10 12:33:22,996 [WARN] ConditionMgr:438 - getConditionDescription Invalid condition id : Cortex-A Device cause : null
2025-05-10 12:33:23,008 [WARN] ConditionMgr:1044 - genDependencies : Invalid condition id : Cortex-A Device cause : null
2025-05-10 12:33:23,008 [WARN] ConditionMgr:1044 - genDependencies : Invalid condition id : Cortex-A Device cause : null
2025-05-10 12:33:23,010 [WARN] ConditionMgr:1044 - genDependencies : Invalid condition id : Cortex-A Device cause : null
2025-05-10 12:33:23,014 [WARN] PackLoader:240 - Cannot read IP mode file for STMicroelectronics.X-CUBE-EEPRMA1.5.1.0
2025-05-10 12:33:23,020 [WARN] PackLoader:240 - Cannot read IP mode file for ITTIA_DB.I-CUBE-ITTIADB.8.9.0
2025-05-10 12:33:23,039 [WARN] PackLoader:240 - Cannot read IP mode file for SEGGER.I-CUBE-embOS.1.3.1
2025-05-10 12:33:23,069 [WARN] PackLoader:240 - Cannot read IP mode file for STMicroelectronics.X-CUBE-ALGOBUILD.1.4.0
2025-05-10 12:33:23,071 [WARN] PackLoader:240 - Cannot read IP mode file for STMicroelectronics.X-CUBE-AI.9.1.0
2025-05-10 12:33:23,083 [WARN] PackLoader:240 - Cannot read IP mode file for STMicroelectronics.X-CUBE-AZRTOS-F4.1.1.0
2025-05-10 12:33:23,088 [WARN] PackLoader:240 - Cannot read IP mode file for Avnet-IotConnect.X-CUBE-IoTC-DA16k-PMOD.1.0.0
2025-05-10 12:33:23,093 [WARN] PackLoader:240 - Cannot read IP mode file for STMicroelectronics.X-CUBE-ISPU.2.1.0
2025-05-10 12:33:23,097 [WARN] PackLoader:240 - Cannot read IP mode file for STMicroelectronics.X-CUBE-FREERTOS.1.2.0
2025-05-10 12:33:23,120 [WARN] PackLoader:240 - Cannot read IP mode file for STMicroelectronics.X-CUBE-AZRTOS-L5.2.0.0
2025-05-10 12:33:23,129 [WARN] PackLoader:240 - Cannot read IP mode file for STMicroelectronics.X-CUBE-NFC6.3.1.0
2025-05-10 12:33:23,134 [WARN] PackLoader:240 - Cannot read IP mode file for STMicroelectronics.X-CUBE-DPower.1.2.0
2025-05-10 12:33:23,137 [WARN] PackLoader:240 - Cannot read IP mode file for STMicroelectronics.X-CUBE-FREERTOS.1.3.1
2025-05-10 12:33:23,141 [WARN] PackLoader:240 - Cannot read IP mode file for STMicroelectronics.X-CUBE-FREERTOS.1.3.0
2025-05-10 12:33:23,144 [WARN] PackLoader:240 - Cannot read IP mode file for STMicroelectronics.X-CUBE-NFC7.1.0.1
2025-05-10 12:33:23,148 [WARN] PackLoader:240 - Cannot read IP mode file for STMicroelectronics.X-CUBE-DPower.1.3.0
2025-05-10 12:33:23,158 [WARN] ConditionMgr:438 - getConditionDescription Invalid condition id : LAN8742 Phy interface Condition cause : null
2025-05-10 12:33:23,159 [WARN] PackLoader:240 - Cannot read IP mode file for STMicroelectronics.X-CUBE-AZRTOS-L4.2.0.0
2025-05-10 12:33:23,160 [WARN] ConditionMgr:1044 - genDependencies : Invalid condition id : LAN8742 Phy interface Condition cause : null
2025-05-10 12:33:23,160 [WARN] ConditionMgr:1044 - genDependencies : Invalid condition id : LAN8742 Phy interface Condition cause : null
2025-05-10 12:33:23,160 [WARN] ConditionMgr:1044 - genDependencies : Invalid condition id : LAN8742 Phy interface Condition cause : null
2025-05-10 12:33:23,165 [WARN] PackLoader:240 - Cannot read IP mode file for STMicroelectronics.X-CUBE-SFXS2LP1.4.0.0
2025-05-10 12:33:23,180 [WARN] PackLoader:240 - Cannot read IP mode file for STMicroelectronics.X-CUBE-AZRTOS-H7.3.3.0
2025-05-10 12:33:23,188 [WARN] PackLoader:240 - Cannot read IP mode file for STMicroelectronics.X-CUBE-IPS.3.0.0
2025-05-10 12:33:23,199 [WARN] ConditionMgr:438 - getConditionDescription Invalid condition id : UX DEVICE CLASS RTOS Condition cause : null
2025-05-10 12:33:23,199 [WARN] ConditionMgr:438 - getConditionDescription Invalid condition id : UX DEVICE CLASS RTOS Condition cause : null
2025-05-10 12:33:23,200 [WARN] PackLoader:240 - Cannot read IP mode file for STMicroelectronics.X-CUBE-AZRTOS-WB.2.0.0
2025-05-10 12:33:23,201 [WARN] ConditionMgr:1044 - genDependencies : Invalid condition id : UX DEVICE CLASS RTOS Condition cause : null
2025-05-10 12:33:23,201 [WARN] ConditionMgr:1044 - genDependencies : Invalid condition id : UX DEVICE CLASS RTOS Condition cause : null
2025-05-10 12:33:23,201 [WARN] ConditionMgr:1044 - genDependencies : Invalid condition id : UX DEVICE CLASS RTOS Condition cause : null
2025-05-10 12:33:23,201 [WARN] ConditionMgr:1044 - genDependencies : Invalid condition id : UX DEVICE CLASS RTOS Condition cause : null
2025-05-10 12:33:23,201 [WARN] ConditionMgr:1044 - genDependencies : Invalid condition id : UX DEVICE CLASS RTOS Condition cause : null
2025-05-10 12:33:23,206 [WARN] PackLoader:240 - Cannot read IP mode file for STMicroelectronics.X-CUBE-GNSS1.7.0.0
2025-05-10 12:33:23,209 [WARN] PackLoader:240 - Cannot read IP mode file for STMicroelectronics.X-CUBE-GNSS1.7.0.1
2025-05-10 12:33:23,215 [WARN] PackLoader:240 - Cannot read IP mode file for STMicroelectronics.X-CUBE-TOUCHGFX.4.25.0
2025-05-10 12:33:23,219 [WARN] PackLoader:240 - Cannot read IP mode file for STMicroelectronics.FP-SNS-STBOX1.2.0.0
2025-05-10 12:33:23,227 [WARN] PackLoader:240 - Cannot read IP mode file for STMicroelectronics.X-CUBE-SUBG2.5.0.0
2025-05-10 12:33:23,242 [WARN] PackLoader:240 - Cannot read IP mode file for STMicroelectronics.X-CUBE-AZRTOS-H7RS.1.1.0
2025-05-10 12:33:23,250 [WARN] PackLoader:240 - Cannot read IP mode file for Cesanta.I-CUBE-Mongoose.7.13.0
2025-05-10 12:33:23,259 [WARN] PackLoader:240 - Cannot read IP mode file for STMicroelectronics.X-CUBE-AZRTOS-G4.2.0.0
2025-05-10 12:33:23,264 [WARN] PackLoader:240 - Cannot read IP mode file for STMicroelectronics.X-CUBE-NFC7.2.0.0
2025-05-10 12:33:23,271 [WARN] PackLoader:240 - Cannot read IP mode file for STMicroelectronics.X-CUBE-IPS.3.1.0
2025-05-10 12:33:23,278 [WARN] PackLoader:240 - Cannot read IP mode file for STMicroelectronics.X-CUBE-ALS.1.0.2
2025-05-10 12:33:23,279 [WARN] PackLoader:240 - Cannot read IP mode file for STMicroelectronics.X-CUBE-TOUCHGFX.4.24.2
2025-05-10 12:33:23,282 [WARN] PackLoader:240 - Cannot read IP mode file for STMicroelectronics.X-CUBE-TOUCHGFX.4.24.1
2025-05-10 12:33:23,284 [WARN] PackLoader:240 - Cannot read IP mode file for wolfSSL.I-CUBE-wolfTPM.3.4.0
2025-05-10 12:33:23,288 [WARN] PackLoader:240 - Cannot read IP mode file for portGmbH.I-Cube-SoM-uGOAL.1.1.0
2025-05-10 12:33:23,297 [WARN] PackLoader:240 - Cannot read IP mode file for STMicroelectronics.X-CUBE-AZRTOS-H7RS.1.0.0
2025-05-10 12:33:23,301 [WARN] PackLoader:240 - Cannot read IP mode file for STMicroelectronics.FP-ATR-ASTRA1.2.0.0
2025-05-10 12:33:23,307 [WARN] PackLoader:240 - Cannot read IP mode file for STMicroelectronics.X-CUBE-TOF1.3.4.2
2025-05-10 12:33:23,319 [WARN] PackLoader:240 - Cannot read IP mode file for STMicroelectronics.X-CUBE-TOF1.3.4.3
2025-05-10 12:33:23,337 [WARN] PackLoader:240 - Cannot read IP mode file for Infineon.AIROC-Wi-Fi-Bluetooth-STM32.1.6.1
2025-05-10 12:33:23,343 [WARN] PackLoader:240 - Cannot read IP mode file for wolfSSL.I-CUBE-wolfSSH.1.4.17
2025-05-10 12:33:23,343 [INFO] ThirdParty:978 - Integrity check success = true
2025-05-10 12:33:23,343 [INFO] IntegrityCheckThread:100 - exiting critical section [integrity check]
2025-05-10 12:33:23,343 [INFO] IntegrityCheckThread:103 - End integrity checks thread
2025-05-10 14:19:02,278 [INFO] McuFinderGlobals:63 - Set McuFinder mode to 2 (CubeIDE integrated)
2025-05-10 14:19:02,300 [INFO] MainUpdater:2872 - connection check result : 10
2025-05-10 14:19:02,307 [INFO] MainUpdater:2872 - connection check result : 10
2025-05-10 14:19:02,432 [INFO] MicroXplorer:468 - Change Database Path : 
2025-05-10 14:19:02,433 [INFO] MicroXplorer:498 - Change Database Version : DB.6.0.130
2025-05-10 14:19:02,436 [WARN] ThirdParty:871 - waiting for thirdparty lock release [close project]
2025-05-10 14:19:02,436 [INFO] ThirdParty:873 - entering critical section [close project]
2025-05-10 14:19:02,438 [INFO] ThirdParty:883 - exiting critical section [close project]
2025-05-10 14:19:02,441 [INFO] PinOutPanel:1589 - setPackage(No Configuration,No Configuration)
2025-05-10 14:19:02,447 [INFO] UtilMem:75 - Begin LoadConfig() Used Memory: 637985576 Bytes (1073741824)
2025-05-10 14:19:02,449 [INFO] MicroXplorer:468 - Change Database Path : 
2025-05-10 14:19:02,449 [INFO] MicroXplorer:498 - Change Database Version : DB.6.0.130
2025-05-10 14:19:02,449 [INFO] OpenFileManager:332 - Change cursor
2025-05-10 14:19:02,523 [INFO] Mcu:2035 - Initializing MCU STM32G431R(6-8-B)Tx STM32G431RBTx STM32G431RBT6
2025-05-10 14:19:05,372 [INFO] Context:748 - Trying to add GPIOservice into a context  which must be forbidden
2025-05-10 14:19:05,918 [INFO] ApiDbMcu:508 - Load IP Config File for NUCLEO-G431RB
2025-05-10 14:19:06,161 [INFO] RtosManager:555 - Registered RTOS mode: class=CMSIS, group=RTOS, mode=CMSIS_V1, owner=FREERTOS
2025-05-10 14:19:06,162 [INFO] RtosManager:555 - Registered RTOS mode: class=CMSIS, group=RTOS2, mode=CMSIS_V2, owner=FREERTOS
2025-05-10 14:19:06,162 [INFO] RtosManager:555 - Registered RTOS mode: class=RTOS, group=Core, mode=CMSIS_V1, owner=FREERTOS
2025-05-10 14:19:06,162 [INFO] RtosManager:555 - Registered RTOS mode: class=RTOS, group=Core, mode=CMSIS_V2, owner=FREERTOS
2025-05-10 14:19:06,162 [WARN] ModelIntegratedComponent:184 - Missing modes for component STMicroelectronics:FreeRTOS:0.0.1:STMicroelectronics:RTOS:FreeRTOS:Core:::10.2.0:
2025-05-10 14:19:06,166 [WARN] ModelIntegratedComponent:63 - No mode defined for component null
2025-05-10 14:19:06,167 [WARN] ModelIntegratedComponent:63 - No mode defined for component null
2025-05-10 14:19:06,167 [WARN] ModelIntegratedComponent:63 - No mode defined for component null
2025-05-10 14:19:06,167 [WARN] ModelIntegratedComponent:63 - No mode defined for component null
2025-05-10 14:19:06,167 [WARN] ModelIntegratedComponent:63 - No mode defined for component null
2025-05-10 14:19:06,167 [WARN] ModelIntegratedComponent:63 - No mode defined for component null
2025-05-10 14:19:06,167 [WARN] ModelIntegratedComponent:63 - No mode defined for component null
2025-05-10 14:19:06,167 [WARN] ModelIntegratedComponent:63 - No mode defined for component null
2025-05-10 14:19:06,167 [WARN] ModelIntegratedComponent:63 - No mode defined for component null
2025-05-10 14:19:06,167 [WARN] ModelIntegratedComponent:63 - No mode defined for component null
2025-05-10 14:19:06,167 [WARN] ModelIntegratedComponent:63 - No mode defined for component null
2025-05-10 14:19:06,167 [WARN] ModelIntegratedComponent:63 - No mode defined for component null
2025-05-10 14:19:06,167 [WARN] ModelIntegratedComponent:63 - No mode defined for component null
2025-05-10 14:19:06,167 [WARN] ModelIntegratedComponent:63 - No mode defined for component null
2025-05-10 14:19:06,167 [WARN] ModelIntegratedComponent:63 - No mode defined for component null
2025-05-10 14:19:06,167 [WARN] ModelIntegratedComponent:63 - No mode defined for component null
2025-05-10 14:19:06,167 [WARN] ModelIntegratedComponent:63 - No mode defined for component null
2025-05-10 14:19:06,167 [WARN] ModelIntegratedComponent:63 - No mode defined for component null
2025-05-10 14:19:06,167 [WARN] ModelIntegratedComponent:63 - No mode defined for component null
2025-05-10 14:19:06,167 [WARN] ModelIntegratedComponent:63 - No mode defined for component null
2025-05-10 14:19:06,168 [WARN] ModelIntegratedComponent:63 - No mode defined for component null
2025-05-10 14:19:06,168 [WARN] ModelIntegratedComponent:63 - No mode defined for component null
2025-05-10 14:19:06,168 [WARN] ModelIntegratedComponent:63 - No mode defined for component null
2025-05-10 14:19:06,168 [WARN] ModelIntegratedComponent:63 - No mode defined for component null
2025-05-10 14:19:06,168 [WARN] ModelIntegratedComponent:63 - No mode defined for component null
2025-05-10 14:19:06,168 [WARN] ModelIntegratedComponent:63 - No mode defined for component null
2025-05-10 14:19:06,168 [WARN] ModelIntegratedComponent:63 - No mode defined for component null
2025-05-10 14:19:06,168 [WARN] ModelIntegratedComponent:63 - No mode defined for component null
2025-05-10 14:19:06,168 [WARN] ModelIntegratedComponent:63 - No mode defined for component null
2025-05-10 14:19:06,168 [WARN] ModelIntegratedComponent:63 - No mode defined for component null
2025-05-10 14:19:06,168 [WARN] ModelIntegratedComponent:63 - No mode defined for component null
2025-05-10 14:19:06,168 [WARN] ModelIntegratedComponent:63 - No mode defined for component null
2025-05-10 14:19:06,168 [WARN] ModelIntegratedComponent:63 - No mode defined for component null
2025-05-10 14:19:06,168 [WARN] ModelIntegratedComponent:63 - No mode defined for component null
2025-05-10 14:19:06,168 [WARN] ModelIntegratedComponent:63 - No mode defined for component null
2025-05-10 14:19:06,168 [WARN] ModelPack:524 - Component already loaded: STMicroelectronics:HAL Drivers:0.0.0:STMicroelectronics:Device:STMicro_Driver:XSPI:HAL::0.0.1:HAL_XSPI
2025-05-10 14:19:06,300 [INFO] ThirdPartyModel:298 - Start build external matchings
2025-05-10 14:19:06,915 [INFO] ThirdPartyModel:316 - End build external matchings
2025-05-10 14:19:06,936 [INFO] ImportTextPane:218 - (OptionalMessage_ERROR) IP (ADC1) : Parameter (CommonPathInternal) has invalid value (null|null|null|null)
2025-05-10 14:19:06,937 [INFO] ImportTextPane:218 - (OptionalMessage_ERROR) IP (RCC) : Invalid parameter (FamilyName)
2025-05-10 14:19:06,937 [INFO] ImportTextPane:218 - (OptionalMessage_ERROR) IP (RCC) : Parameter (RNGFreq_Value) has invalid value (170000000)
2025-05-10 14:19:06,937 [INFO] ImportTextPane:218 - (OptionalMessage_ERROR) IP (RCC) : Parameter (USBFreq_Value) has invalid value (170000000)
2025-05-10 14:19:07,273 [INFO] ApiDb:581 - Connected to CubeFinder SQLite database (C:\Users\Miloush\.stmcufinder\plugins\mcufinder\mcu\cube-finder-db.db)
2025-05-10 14:19:07,346 [INFO] ApiDb:668 - CubeFinder database Data Model version=2.1
2025-05-10 14:19:07,346 [INFO] ApiDb:669 - CubeFinder database Configuration version=3.0.39
2025-05-10 14:19:07,347 [INFO] ApiDb:670 - CubeFinder database generation date=2025-04-23 (1745419778)
2025-05-10 14:19:07,347 [INFO] ApiDb:671 - CubeFinder database FW Pack versions=[FP-ATR-ASTRA1_V2.0.0, FP-SNS-FLIGHT1_V5.1.0, FP-SNS-MOTENV1_V5.0.0, FP-SNS-MOTENVWB1_V1.4.0, FP-SNS-SMARTAG2_V1.2.0, FP-SNS-STBOX1_V2.0.0, STM32Cube_FW_C0_V1.4.0, STM32Cube_FW_F4_V1.28.1, STM32Cube_FW_F7_V1.17.2, STM32Cube_FW_G0_V1.6.2, STM32Cube_FW_G4_V1.6.1, STM32Cube_FW_H5_V1.5.0, STM32Cube_FW_H7RS_V1.2.0, STM32Cube_FW_H7_V1.12.1, STM32Cube_FW_L0_V1.12.2, STM32Cube_FW_L4_V1.18.1, STM32Cube_FW_L5_V1.5.1, STM32Cube_FW_N6_V1.1.1, STM32Cube_FW_U0_V1.2.0, STM32Cube_FW_U3_V1.1.0, STM32Cube_FW_U5_V1.7.0, STM32Cube_FW_WB0_V1.2.0, STM32Cube_FW_WBA_V1.6.0, STM32Cube_FW_WB_V1.22.0, STM32Cube_FW_WL3_V1.1.0, STM32Cube_FW_WL_V1.3.1, X-CUBE-ALGOBUILD_V1.4.0, X-CUBE-ALS_V1.0.2, X-CUBE-AZRTOS-F4_V1.1.0, X-CUBE-AZRTOS-F7_V1.1.0, X-CUBE-AZRTOS-G0_V1.1.0, X-CUBE-AZRTOS-G4_V2.0.0, X-CUBE-AZRTOS-H7RS_V1.1.0, X-CUBE-AZRTOS-H7_V3.3.0, X-CUBE-AZRTOS-L4_V2.0.0, X-CUBE-AZRTOS-L5_V2.0.0, X-CUBE-AZRTOS-WB_V2.0.0, X-CUBE-AZRTOS-WL_V2.0.0, X-CUBE-BLE1_V7.1.0, X-CUBE-BLE2_V3.3.0, X-CUBE-BLEMGR_V4.0.0, X-CUBE-EEPRMA1_V5.1.0, X-CUBE-FREERTOS_V1.3.0, X-CUBE-GNSS1_V6.0.0, X-CUBE-MEMS1_V11.2.0, X-CUBE-NFC4_V3.0.0, X-CUBE-NFC7_V1.0.1, X-CUBE-SFXS2LP1_V4.0.0, X-CUBE-SUBG2_V5.0.0, X-CUBE-TOF1_V3.4.3]
2025-05-10 14:19:07,452 [INFO] DbBoardsSqlite:226 - include board P-NUCLEO-WB55-NUCLEO as a kit item of type 'Nucleo-64'
2025-05-10 14:19:07,452 [INFO] DbBoardsSqlite:226 - include board P-NUCLEO-WB55-USBDONGLE as a kit item of type 'Nucleo USB Dongle'
2025-05-10 14:19:07,453 [INFO] DbBoardsSqlite:226 - include board STEVAL-IDP005V1 as a kit item of type 'Evaluation Board'
2025-05-10 14:19:07,453 [INFO] DbBoardsSqlite:226 - include board STEVAL-IDP005V2 as a kit item of type 'Evaluation Board'
2025-05-10 14:19:07,802 [INFO] ApiDb:240 - Found 858 in-development CPN: [B-G473E-ZEST1S, B-WB1M-WPAN1, B-WBA5M-WPAN, B-WL5M-SUBG1, NUCLEO-C031C6, NUCLEO-C051C8, NUCLEO-C071RB, NUCLEO-C092RC, NUCLEO-H503RB, NUCLEO-H533RE, NUCLEO-H563ZI, NUCLEO-H7S3L8, NUCLEO-N657X0-Q, NUCLEO-U031R8, NUCLEO-U083RC, NUCLEO-U385RG-Q, NUCLEO-U545RE-Q, NUCLEO-U5A5ZJ-Q, NUCLEO-WB05KZ, NUCLEO-WB07CC, NUCLEO-WB09KE, NUCLEO-WBA52CG, NUCLEO-WBA55CG, NUCLEO-WL33CC1, NUCLEO-WL33CC2, STEVAL-PROTEUS1, STEVAL-SMARTAG2, STEVAL-STWINBX1, STM320518-EVAL, STM32C0116-DK, STM32C011D6Y3TR, STM32C011D6Y6TR, STM32C011F4P3, STM32C011F4P6, STM32C011F4U3, STM32C011F4U6TR, STM32C011F6P3, STM32C011F6P6, STM32C011F6U3, STM32C011F6U6TR, STM32C011J4M3, STM32C011J4M6, STM32C011J6M3, STM32C011J6M6, STM32C0316-DK, STM32C031C4T3, STM32C031C4T6, STM32C031C4U3, STM32C031C4U6, STM32C031C6T3, STM32C031C6T6, STM32C031C6U3, STM32C031C6U6, STM32C031F4P3, STM32C031F4P6, STM32C031F6P3, STM32C031F6P6, STM32C031G4U3, STM32C031G4U6, STM32C031G6U3, STM32C031G6U6, STM32C031K4T3, STM32C031K4T6, STM32C031K4U3, STM32C031K4U6, STM32C031K6T3, STM32C031K6T6, STM32C031K6U3, STM32C031K6U6, STM32C051C6T6, STM32C051C6U6, STM32C051C8T6, STM32C051C8U6, STM32C051D8Y6TR, STM32C051F6P6, STM32C051F8P6, STM32C051G6U6, STM32C051G8U6, STM32C051K6T6, STM32C051K6U6, STM32C051K8T6, STM32C071C8T6, STM32C071C8T6N, STM32C071C8U6, STM32C071C8U6N, STM32C071CBT6, STM32C071CBT6N, STM32C071CBU6, STM32C071CBU6N, STM32C071F8P6, STM32C071F8P6N, STM32C071FBP6, STM32C071FBP6N, STM32C071FBY6TR, STM32C071G8U6, STM32C071G8U6N, STM32C071GBU6, STM32C071GBU6N, STM32C071K8T6, STM32C071K8T6N, STM32C071K8U6, STM32C071K8U6N, STM32C071KBT6, STM32C071KBT6N, STM32C071KBU6, STM32C071KBU6N, STM32C071R8T6, STM32C071R8T6N, STM32C071RBI6N, STM32C071RBT6, STM32C071RBT6N, STM32C091CBT6, STM32C091CBU6, STM32C091CCT6, STM32C091CCU6, STM32C091ECY6TR, STM32C091FBP6, STM32C091FCP6, STM32C091GBU6, STM32C091GCU6, STM32C091KBT6, STM32C091KBU6, STM32C091KCT6, STM32C091KCU6, STM32C091RBT6, STM32C091RCI6, STM32C091RCT6, STM32C092CBT6, STM32C092CBU6, STM32C092CCT6, STM32C092CCU6, STM32C092ECY6TR, STM32C092FBP6, STM32C092FCP6, STM32C092GBU6, STM32C092GCU6, STM32C092KBT6, STM32C092KBU6, STM32C092KCT6, STM32C092KCU6, STM32C092RBT6, STM32C092RCI6, STM32C092RCT6, STM32G071K8TXN, STM32G071K8UXN, STM32G081GBU6N, STM32G081KBT6N, STM32G081KBUXN, STM32G0B1CCT6N, STM32G0B1KCT6, STM32G0B1NEY6TR, STM32G0B1RCT6N, STM32G0C1CCT6, STM32G0C1CCT6N, STM32G0C1CCU6N, STM32G0C1CET6N, STM32G0C1CEU6N, STM32G0C1KCT6, STM32G0C1NEY6TR, STM32G0C1RCI6N, STM32G0C1RCT6N, STM32G0C1REI6N, STM32G0C1RET6N, STM32G0C1VCI6, STM32G0C1VEI6, STM32G411C6T3, STM32G411C6T6, STM32G411C6U3, STM32G411C6U6, STM32G411C8T3, STM32G411C8T6, STM32G411C8U3, STM32G411C8U6, STM32G411CBT3, STM32G411CBT6, STM32G411CBU3, STM32G411CBU6, STM32G411CCT3, STM32G411CCT6, STM32G411CCU3, STM32G411CCU6, STM32G411K6T3, STM32G411K6T6, STM32G411K6U3, STM32G411K6U6, STM32G411K8T3, STM32G411K8T6, STM32G411K8U3, STM32G411K8U6, STM32G411KBT3, STM32G411KBT6, STM32G411KBU3, STM32G411KBU6, STM32G411M6T3, STM32G411M6T6, STM32G411M8T3, STM32G411M8T6, STM32G411MBT3, STM32G411MBT6, STM32G411MCT3, STM32G411MCT6, STM32G411R6T3, STM32G411R6T6, STM32G411R8T3, STM32G411R8T6, STM32G411RBT3, STM32G411RBT6, STM32G411RCT3, STM32G411RCT6, STM32G414CBT3, STM32G414CBT6, STM32G414CBU3, STM32G414CBU6, STM32G414CCT3, STM32G414CCT6, STM32G414CCU3, STM32G414CCU6, STM32G414MBT3, STM32G414MBT6, STM32G414MCT3, STM32G414MCT6, STM32G414RBT3, STM32G414RBT6, STM32G414RCT3, STM32G414RCT6, STM32G414VBT3, STM32G414VBT6, STM32G414VCT3, STM32G414VCT6, STM32G431CBT3Z, STM32G431RBT3Z, STM32G471CCT6, STM32G471CCU6, STM32G471CET3, STM32G471CET6, STM32G471CEU3, STM32G471CEU6, STM32G471MCT6, STM32G471MET3, STM32G471MET6, STM32G471MEY6TR, STM32G471QCT6, STM32G471QET3, STM32G471RCT6, STM32G471RET3, STM32G471RET6, STM32G471VCH6, STM32G471VCI6, STM32G471VCT6, STM32G471VEH3, STM32G471VEH6, STM32G471VEI3, STM32G471VEI6, STM32G471VET3, STM32G471VET6, STM32G473QET3Z, STM32G473RET3Z, STM32G474CCT6, STM32G491RET3Z, STM32H503CBT6, STM32H503CBU6, STM32H503EBY6TR, STM32H503KBU6, STM32H503RBT6, STM32H523CCT6, STM32H523CCU6, STM32H523CET6, STM32H523CEU6, STM32H523HEY6TR, STM32H523RCT6, STM32H523RET6, STM32H523VCI6, STM32H523VCT6, STM32H523VEI6, STM32H523VET6, STM32H523ZCJ6, STM32H523ZCT6, STM32H523ZEJ6, STM32H523ZET6, STM32H533CET6, STM32H533CEU6, STM32H533HEY6TR, STM32H533RET6, STM32H533VEI6, STM32H533VET6, STM32H533ZEJ6, STM32H533ZET6, STM32H562AGI6, STM32H562AII6, STM32H562IGK6, STM32H562IGT6, STM32H562IIK6, STM32H562IIT6, STM32H562RGT6, STM32H562RGV6, STM32H562RIT6, STM32H562RIV6, STM32H562VGT6, STM32H562VIT6, STM32H562ZGT6, STM32H562ZIT6, STM32H563AGI6, STM32H563AII3Q, STM32H563AII6, STM32H563IGK6, STM32H563IGT6, STM32H563IIK3Q, STM32H563IIK6, STM32H563IIT3Q, STM32H563IIT6, STM32H563MIY3QTR, STM32H563RGT6, STM32H563RGV6, STM32H563RIT6, STM32H563RIV6, STM32H563VGT6, STM32H563VIT3Q, STM32H563VIT6, STM32H563ZGT6, STM32H563ZIT3Q, STM32H563ZIT6, STM32H573AII3Q, STM32H573AII6, STM32H573I-DK, STM32H573IIK3Q, STM32H573IIK6, STM32H573IIT3Q, STM32H573IIT6, STM32H573MIY3QTR, STM32H573RIT6, STM32H573RIV6, STM32H573VIT3Q, STM32H573VIT6, STM32H573ZIT3Q, STM32H573ZIT6, STM32H7R3A8I6, STM32H7R3I8K6, STM32H7R3I8T6, STM32H7R3L8H6, STM32H7R3L8H6H, STM32H7R3R8V6, STM32H7R3V8H6, STM32H7R3V8T6, STM32H7R3V8Y6TR, STM32H7R3Z8J6, STM32H7R3Z8T6, STM32H7R7A8I6, STM32H7R7I8K6, STM32H7R7I8T6, STM32H7R7L8H6, STM32H7R7L8H6H, STM32H7R7Z8J6, STM32H7S3A8I6, STM32H7S3I8K6, STM32H7S3I8T6, STM32H7S3L8H6, STM32H7S3L8H6H, STM32H7S3R8V6, STM32H7S3V8H6, STM32H7S3V8T6, STM32H7S3V8Y6TR, STM32H7S3Z8J6, STM32H7S3Z8T6, STM32H7S78-DK, STM32H7S7A8I6, STM32H7S7I8K6, STM32H7S7I8T6, STM32H7S7L8H6, STM32H7S7L8H6H, STM32H7S7Z8J6, STM32L4R5QGI6STR, STM32MP131AAE3, STM32MP131AAF3, STM32MP131AAG3, STM32MP131CAE3, STM32MP131CAF3, STM32MP131CAG3, STM32MP131DAE7, STM32MP131DAF7, STM32MP131DAG7, STM32MP131FAE7, STM32MP131FAF7, STM32MP131FAG7, STM32MP133AAE3, STM32MP133AAF3, STM32MP133AAG3, STM32MP133CAE3, STM32MP133CAF3, STM32MP133CAG3, STM32MP133DAE7, STM32MP133DAF7, STM32MP133DAG7, STM32MP133FAE7, STM32MP133FAF7, STM32MP133FAG7, STM32MP135AAE3, STM32MP135AAF3, STM32MP135AAG3, STM32MP135CAE3, STM32MP135CAF3, STM32MP135CAG3, STM32MP135DAE7, STM32MP135DAF7, STM32MP135DAG7, STM32MP135F-DK, STM32MP135FAE7, STM32MP135FAF7, STM32MP135FAF7T, STM32MP135FAF7U, STM32MP135FAG7, STM32MP231AAJ3, STM32MP231AAK3, STM32MP231AAL3, STM32MP231CAJ3, STM32MP231CAK3, STM32MP231CAL3, STM32MP231DAJ3, STM32MP231DAK3, STM32MP231DAL3, STM32MP231FAJ3, STM32MP231FAK3, STM32MP231FAL3, STM32MP233AAJ3, STM32MP233AAK3, STM32MP233AAL3, STM32MP233CAJ3, STM32MP233CAK3, STM32MP233CAL3, STM32MP233DAJ3, STM32MP233DAK3, STM32MP233DAL3, STM32MP233FAJ3, STM32MP233FAK3, STM32MP233FAL3, STM32MP235AAJ3, STM32MP235AAK3, STM32MP235AAL3, STM32MP235CAJ3, STM32MP235CAK3, STM32MP235CAL3, STM32MP235DAJ3, STM32MP235DAK3, STM32MP235DAL3, STM32MP235FAJ3, STM32MP235FAK3, STM32MP235FAL3, STM32MP251AAI3, STM32MP251AAJ3, STM32MP251AAK3, STM32MP251AAL3, STM32MP251CAI3, STM32MP251CAJ3, STM32MP251CAK3, STM32MP251CAL3, STM32MP251DAI3, STM32MP251DAJ3, STM32MP251DAK3, STM32MP251DAL3, STM32MP251FAI3, STM32MP251FAJ3, STM32MP251FAK3, STM32MP251FAL3, STM32MP253AAI3, STM32MP253AAJ3, STM32MP253AAK3, STM32MP253AAL3, STM32MP253CAI3, STM32MP253CAJ3, STM32MP253CAK3, STM32MP253CAL3, STM32MP253DAI3, STM32MP253DAJ3, STM32MP253DAK3, STM32MP253DAL3, STM32MP253FAI3, STM32MP253FAJ3, STM32MP253FAK3, STM32MP253FAL3, STM32MP255AAI3, STM32MP255AAJ3, STM32MP255AAK3, STM32MP255AAL3, STM32MP255CAI3, STM32MP255CAJ3, STM32MP255CAK3, STM32MP255CAL3, STM32MP255DAI3, STM32MP255DAJ3, STM32MP255DAK3, STM32MP255DAL3, STM32MP255FAI3, STM32MP255FAJ3, STM32MP255FAK3, STM32MP255FAL3, STM32MP257AAI3, STM32MP257AAJ3, STM32MP257AAK3, STM32MP257AAL3, STM32MP257CAI3, STM32MP257CAJ3, STM32MP257CAK3, STM32MP257CAL3, STM32MP257DAI3, STM32MP257DAJ3, STM32MP257DAK3, STM32MP257DAL3, STM32MP257F-DK, STM32MP257F-EV1, STM32MP257FAI3, STM32MP257FAJ3, STM32MP257FAK3, STM32MP257FAL3, STM32N645A0H3Q, STM32N645B0H3Q, STM32N645I0H3Q, STM32N645L0H3Q, STM32N645X0H3Q, STM32N645Z0H3Q, STM32N647A0H3Q, STM32N647B0H3Q, STM32N647I0H3Q, STM32N647L0H3Q, STM32N647X0H3Q, STM32N647Z0H3Q, STM32N655A0H3Q, STM32N655B0H3Q, STM32N655I0H3Q, STM32N655L0H3Q, STM32N655X0H3Q, STM32N655Z0H3Q, STM32N6570-DK, STM32N657A0H3Q, STM32N657B0H3Q, STM32N657I0H3Q, STM32N657L0H3Q, STM32N657X0H3Q, STM32N657Z0H3Q, STM32U031C6T6, STM32U031C6U6, STM32U031C8T6, STM32U031C8U6, STM32U031F4P6, STM32U031F6P6, STM32U031F8P6, STM32U031G6Y6TR, STM32U031G8Y6TR, STM32U031K4U6, STM32U031K6U6, STM32U031K8U6, STM32U031R6I6, STM32U031R6T6, STM32U031R8I6, STM32U031R8T6, STM32U073C8T6, STM32U073C8U6, STM32U073CBT6, STM32U073CBU6, STM32U073CCT6, STM32U073CCU6, STM32U073H8Y6TR, STM32U073HBY6TR, STM32U073HCY6TR, STM32U073K8U6, STM32U073KBU6, STM32U073KCU6, STM32U073M8I6, STM32U073M8T6, STM32U073MBI6, STM32U073MBT6, STM32U073MCI6, STM32U073MCT6, STM32U073R8I6, STM32U073R8T6, STM32U073RBI6, STM32U073RBT6, STM32U073RCI6, STM32U073RCT6, STM32U083C-DK, STM32U083CCT6, STM32U083CCU6, STM32U083HCY6TR, STM32U083KCU6, STM32U083MCI6, STM32U083MCT6, STM32U083RCI6, STM32U083RCT6, STM32U375CET6, STM32U375CET6Q, STM32U375CEU6, STM32U375CEU6Q, STM32U375CEY6QTR, STM32U375CGT6, STM32U375CGT6Q, STM32U375CGU6, STM32U375CGU6Q, STM32U375CGY6QTR, STM32U375KEU6, STM32U375KGU6, STM32U375REI6, STM32U375REI6Q, STM32U375RET6, STM32U375RET6Q, STM32U375REY6GTR, STM32U375REY6QTR, STM32U375RGI6, STM32U375RGI6Q, STM32U375RGT6, STM32U375RGT6Q, STM32U375RGY6GTR, STM32U375RGY6QTR, STM32U375VEI6, STM32U375VEI6Q, STM32U375VET6, STM32U375VET6Q, STM32U375VGI6, STM32U375VGI6Q, STM32U375VGT6, STM32U375VGT6Q, STM32U385CGT6, STM32U385CGT6Q, STM32U385CGU6, STM32U385CGU6Q, STM32U385CGY6QTR, STM32U385KGU6, STM32U385RGI6, STM32U385RGI6Q, STM32U385RGT6, STM32U385RGT6Q, STM32U385RGY6GTR, STM32U385RGY6QTR, STM32U385VGI6, STM32U385VGI6Q, STM32U385VGT6, STM32U385VGT6Q, STM32U535CBT6, STM32U535CBT6Q, STM32U535CBU6, STM32U535CBU6Q, STM32U535CCT6, STM32U535CCT6Q, STM32U535CCU6, STM32U535CCU6Q, STM32U535CET6, STM32U535CET6Q, STM32U535CEU6, STM32U535CEU6Q, STM32U535JEY6QTR, STM32U535NCY6QTR, STM32U535NEY6QTR, STM32U535RBI6, STM32U535RBI6Q, STM32U535RBT6, STM32U535RBT6Q, STM32U535RCI6, STM32U535RCI6Q, STM32U535RCT6, STM32U535RCT6Q, STM32U535REI6, STM32U535REI6Q, STM32U535RET6, STM32U535RET6Q, STM32U535VCI6, STM32U535VCI6Q, STM32U535VCT6, STM32U535VCT6Q, STM32U535VEI6, STM32U535VEI6Q, STM32U535VET6, STM32U535VET6Q, STM32U545CET6, STM32U545CET6Q, STM32U545CEU6, STM32U545CEU6Q, STM32U545JEY6QTR, STM32U545NEY6QTR, STM32U545REI6, STM32U545REI6Q, STM32U545RET6, STM32U545RET6Q, STM32U545VEI6, STM32U545VEI6Q, STM32U545VET6, STM32U545VET6Q, STM32U595AIH6, STM32U595AIH6Q, STM32U595AJH6, STM32U595AJH6Q, STM32U595QII6, STM32U595QII6Q, STM32U595QJI6, STM32U595QJI6Q, STM32U595RIT6, STM32U595RIT6Q, STM32U595RJT6, STM32U595RJT6Q, STM32U595VIT6, STM32U595VIT6Q, STM32U595VJT6, STM32U595VJT6Q, STM32U595ZIT6, STM32U595ZIT6Q, STM32U595ZIY6QTR, STM32U595ZJT6, STM32U595ZJT6Q, STM32U595ZJY6QTR, STM32U599BJY6QTR, STM32U599NIH6Q, STM32U599NJH6Q, STM32U599VIT6Q, STM32U599VJT6, STM32U599VJT6Q, STM32U599ZIT6Q, STM32U599ZIY6QTR, STM32U599ZJT6Q, STM32U599ZJY6QTR, STM32U5A5AJH6, STM32U5A5AJH6Q, STM32U5A5QII3Q , STM32U5A5QJI6, STM32U5A5QJI6Q, STM32U5A5RJT6, STM32U5A5RJT6Q, STM32U5A5VJT6, STM32U5A5VJT6Q, STM32U5A5ZJT6, STM32U5A5ZJT6Q, STM32U5A5ZJY6QTR, STM32U5A9BJY6QTR, STM32U5A9J-DK, STM32U5A9NJH6Q, STM32U5A9VJT6Q, STM32U5A9ZJT6Q, STM32U5A9ZJY6QTR, STM32U5F7VIT6, STM32U5F7VIT6Q, STM32U5F7VJT6, STM32U5F7VJT6Q, STM32U5F9BJY6QTR, STM32U5F9NJH6Q, STM32U5F9VIT6Q, STM32U5F9VJT6Q, STM32U5F9ZIJ6QTR, STM32U5F9ZIT6Q, STM32U5F9ZJJ6QTR, STM32U5F9ZJT6Q, STM32U5G7VJT6, STM32U5G7VJT6Q, STM32U5G9BJY6QTR, STM32U5G9J-DK1, STM32U5G9J-DK2, STM32U5G9NJH6Q, STM32U5G9VJT6Q, STM32U5G9ZJJ6QTR, STM32U5G9ZJT6Q, STM32WB05KZV6TR, STM32WB05KZV7TR, STM32WB05TZF6TR, STM32WB05TZF7TR, STM32WB06CCF6TR, STM32WB06CCF7TR, STM32WB06CCV6TR, STM32WB06CCV7TR, STM32WB06KCV6TR, STM32WB06KCV7TR, STM32WB07CCF6TR, STM32WB07CCF7TR, STM32WB07CCV6TR, STM32WB07CCV7TR, STM32WB07KCV6TR, STM32WB07KCV7TR, STM32WB09KEV6TR, STM32WB09KEV7TR, STM32WB09TEF6TR, STM32WB09TEF7TR, STM32WB1MMCH6, STM32WBA50KGU6, STM32WBA50KGU6TR, STM32WBA52CEU6, STM32WBA52CEU6TR, STM32WBA52CEU7, STM32WBA52CEU7TR, STM32WBA52CGU6, STM32WBA52CGU6TR, STM32WBA52CGU6U, STM32WBA52CGU7, STM32WBA52CGU7TR, STM32WBA52KEU6, STM32WBA52KEU6TR, STM32WBA52KGU6, STM32WBA52KGU6TR, STM32WBA54CEU6, STM32WBA54CEU6TR, STM32WBA54CEU7, STM32WBA54CEU7TR, STM32WBA54CGU6, STM32WBA54CGU6TR, STM32WBA54CGU7, STM32WBA54CGU7TR, STM32WBA54KEU6, STM32WBA54KEU6TR, STM32WBA54KEU7, STM32WBA54KEU7TR, STM32WBA54KGU6, STM32WBA54KGU6TR, STM32WBA54KGU7, STM32WBA54KGU7TR, STM32WBA55CEU6, STM32WBA55CEU6TR, STM32WBA55CEU7, STM32WBA55CEU7TR, STM32WBA55CGU6, STM32WBA55CGU6TR, STM32WBA55CGU6U, STM32WBA55CGU7, STM32WBA55CGU7TR, STM32WBA55G-DK1, STM32WBA55HEF6, STM32WBA55HEF7, STM32WBA55HGF6, STM32WBA55HGF7, STM32WBA55UEI6, STM32WBA55UEI6TR, STM32WBA55UEI7, STM32WBA55UEI7TR, STM32WBA55UGI6, STM32WBA55UGI6TR, STM32WBA55UGI7, STM32WBA55UGI7TR, STM32WBA5MJGH6TR, STM32WBA5MJGH6U, STM32WL33C8V6, STM32WL33C8V6TR, STM32WL33C8V7, STM32WL33C8V7TR, STM32WL33CBV6, STM32WL33CBV6TR, STM32WL33CBV7, STM32WL33CBV7TR, STM32WL33CCV6, STM32WL33CCV6TR, STM32WL33CCV7, STM32WL33CCV7A, STM32WL33CCV7ATR, STM32WL33CCV7TR, STM32WL33K8V6, STM32WL33K8V6TR, STM32WL33K8V7, STM32WL33K8V7TR, STM32WL33KBV6, STM32WL33KBV6TR, STM32WL33KBV7, STM32WL33KBV7TR, STM32WL33KCV6, STM32WL33KCV6TR, STM32WL33KCV7, STM32WL33KCV7TR, STM32WL5MOCH6, STM32WL5MOCH6TR]
2025-05-10 14:19:07,961 [INFO] BoardInfo:889 - No configuration file found for board NUCLEO-WBA65RI
2025-05-10 14:19:07,963 [INFO] DbBoards:161 - Board is not supported: NUCLEO-WBA65RI
2025-05-10 14:19:07,973 [INFO] BoardInfo:889 - No configuration file found for board P-NUCLEO-WB55
2025-05-10 14:19:07,973 [INFO] DbBoards:161 - Kit is not supported: P-NUCLEO-WB55
2025-05-10 14:19:07,980 [INFO] BoardInfo:889 - No configuration file found for board STEVAL-BFA001V1B
2025-05-10 14:19:07,981 [INFO] DbBoards:161 - Kit is not supported: STEVAL-BFA001V1B
2025-05-10 14:19:07,982 [INFO] BoardInfo:889 - No configuration file found for board STEVAL-BFA001V2B
2025-05-10 14:19:07,984 [INFO] DbBoards:161 - Kit is not supported: STEVAL-BFA001V2B
2025-05-10 14:19:08,140 [INFO] BoardInfo:889 - No configuration file found for board STM32WBA65I-DK1
2025-05-10 14:19:08,141 [INFO] DbBoards:161 - Board is not supported: STM32WBA65I-DK1
2025-05-10 14:19:08,141 [INFO] DbBoards:168 - Found 211 boards, 206 are supported
2025-05-10 14:19:08,141 [INFO] DbBoards:169 - Found 211 boards, 42 of them is supported for  Bsp
2025-05-10 14:19:08,143 [INFO] ApiDb:668 - CubeFinder database Data Model version=2.1
2025-05-10 14:19:08,143 [INFO] ApiDb:669 - CubeFinder database Configuration version=3.0.39
2025-05-10 14:19:08,143 [INFO] ApiDb:670 - CubeFinder database generation date=2025-04-23 (1745419778)
2025-05-10 14:19:08,143 [INFO] ApiDb:671 - CubeFinder database FW Pack versions=[FP-ATR-ASTRA1_V2.0.0, FP-SNS-FLIGHT1_V5.1.0, FP-SNS-MOTENV1_V5.0.0, FP-SNS-MOTENVWB1_V1.4.0, FP-SNS-SMARTAG2_V1.2.0, FP-SNS-STBOX1_V2.0.0, STM32Cube_FW_C0_V1.4.0, STM32Cube_FW_F4_V1.28.1, STM32Cube_FW_F7_V1.17.2, STM32Cube_FW_G0_V1.6.2, STM32Cube_FW_G4_V1.6.1, STM32Cube_FW_H5_V1.5.0, STM32Cube_FW_H7RS_V1.2.0, STM32Cube_FW_H7_V1.12.1, STM32Cube_FW_L0_V1.12.2, STM32Cube_FW_L4_V1.18.1, STM32Cube_FW_L5_V1.5.1, STM32Cube_FW_N6_V1.1.1, STM32Cube_FW_U0_V1.2.0, STM32Cube_FW_U3_V1.1.0, STM32Cube_FW_U5_V1.7.0, STM32Cube_FW_WB0_V1.2.0, STM32Cube_FW_WBA_V1.6.0, STM32Cube_FW_WB_V1.22.0, STM32Cube_FW_WL3_V1.1.0, STM32Cube_FW_WL_V1.3.1, X-CUBE-ALGOBUILD_V1.4.0, X-CUBE-ALS_V1.0.2, X-CUBE-AZRTOS-F4_V1.1.0, X-CUBE-AZRTOS-F7_V1.1.0, X-CUBE-AZRTOS-G0_V1.1.0, X-CUBE-AZRTOS-G4_V2.0.0, X-CUBE-AZRTOS-H7RS_V1.1.0, X-CUBE-AZRTOS-H7_V3.3.0, X-CUBE-AZRTOS-L4_V2.0.0, X-CUBE-AZRTOS-L5_V2.0.0, X-CUBE-AZRTOS-WB_V2.0.0, X-CUBE-AZRTOS-WL_V2.0.0, X-CUBE-BLE1_V7.1.0, X-CUBE-BLE2_V3.3.0, X-CUBE-BLEMGR_V4.0.0, X-CUBE-EEPRMA1_V5.1.0, X-CUBE-FREERTOS_V1.3.0, X-CUBE-GNSS1_V6.0.0, X-CUBE-MEMS1_V11.2.0, X-CUBE-NFC4_V3.0.0, X-CUBE-NFC7_V1.0.1, X-CUBE-SFXS2LP1_V4.0.0, X-CUBE-SUBG2_V5.0.0, X-CUBE-TOF1_V3.4.3]
2025-05-10 14:19:09,626 [INFO] ApiDb:240 - Found 858 in-development CPN: [B-G473E-ZEST1S, B-WB1M-WPAN1, B-WBA5M-WPAN, B-WL5M-SUBG1, NUCLEO-C031C6, NUCLEO-C051C8, NUCLEO-C071RB, NUCLEO-C092RC, NUCLEO-H503RB, NUCLEO-H533RE, NUCLEO-H563ZI, NUCLEO-H7S3L8, NUCLEO-N657X0-Q, NUCLEO-U031R8, NUCLEO-U083RC, NUCLEO-U385RG-Q, NUCLEO-U545RE-Q, NUCLEO-U5A5ZJ-Q, NUCLEO-WB05KZ, NUCLEO-WB07CC, NUCLEO-WB09KE, NUCLEO-WBA52CG, NUCLEO-WBA55CG, NUCLEO-WL33CC1, NUCLEO-WL33CC2, STEVAL-PROTEUS1, STEVAL-SMARTAG2, STEVAL-STWINBX1, STM320518-EVAL, STM32C0116-DK, STM32C011D6Y3TR, STM32C011D6Y6TR, STM32C011F4P3, STM32C011F4P6, STM32C011F4U3, STM32C011F4U6TR, STM32C011F6P3, STM32C011F6P6, STM32C011F6U3, STM32C011F6U6TR, STM32C011J4M3, STM32C011J4M6, STM32C011J6M3, STM32C011J6M6, STM32C0316-DK, STM32C031C4T3, STM32C031C4T6, STM32C031C4U3, STM32C031C4U6, STM32C031C6T3, STM32C031C6T6, STM32C031C6U3, STM32C031C6U6, STM32C031F4P3, STM32C031F4P6, STM32C031F6P3, STM32C031F6P6, STM32C031G4U3, STM32C031G4U6, STM32C031G6U3, STM32C031G6U6, STM32C031K4T3, STM32C031K4T6, STM32C031K4U3, STM32C031K4U6, STM32C031K6T3, STM32C031K6T6, STM32C031K6U3, STM32C031K6U6, STM32C051C6T6, STM32C051C6U6, STM32C051C8T6, STM32C051C8U6, STM32C051D8Y6TR, STM32C051F6P6, STM32C051F8P6, STM32C051G6U6, STM32C051G8U6, STM32C051K6T6, STM32C051K6U6, STM32C051K8T6, STM32C071C8T6, STM32C071C8T6N, STM32C071C8U6, STM32C071C8U6N, STM32C071CBT6, STM32C071CBT6N, STM32C071CBU6, STM32C071CBU6N, STM32C071F8P6, STM32C071F8P6N, STM32C071FBP6, STM32C071FBP6N, STM32C071FBY6TR, STM32C071G8U6, STM32C071G8U6N, STM32C071GBU6, STM32C071GBU6N, STM32C071K8T6, STM32C071K8T6N, STM32C071K8U6, STM32C071K8U6N, STM32C071KBT6, STM32C071KBT6N, STM32C071KBU6, STM32C071KBU6N, STM32C071R8T6, STM32C071R8T6N, STM32C071RBI6N, STM32C071RBT6, STM32C071RBT6N, STM32C091CBT6, STM32C091CBU6, STM32C091CCT6, STM32C091CCU6, STM32C091ECY6TR, STM32C091FBP6, STM32C091FCP6, STM32C091GBU6, STM32C091GCU6, STM32C091KBT6, STM32C091KBU6, STM32C091KCT6, STM32C091KCU6, STM32C091RBT6, STM32C091RCI6, STM32C091RCT6, STM32C092CBT6, STM32C092CBU6, STM32C092CCT6, STM32C092CCU6, STM32C092ECY6TR, STM32C092FBP6, STM32C092FCP6, STM32C092GBU6, STM32C092GCU6, STM32C092KBT6, STM32C092KBU6, STM32C092KCT6, STM32C092KCU6, STM32C092RBT6, STM32C092RCI6, STM32C092RCT6, STM32G071K8TXN, STM32G071K8UXN, STM32G081GBU6N, STM32G081KBT6N, STM32G081KBUXN, STM32G0B1CCT6N, STM32G0B1KCT6, STM32G0B1NEY6TR, STM32G0B1RCT6N, STM32G0C1CCT6, STM32G0C1CCT6N, STM32G0C1CCU6N, STM32G0C1CET6N, STM32G0C1CEU6N, STM32G0C1KCT6, STM32G0C1NEY6TR, STM32G0C1RCI6N, STM32G0C1RCT6N, STM32G0C1REI6N, STM32G0C1RET6N, STM32G0C1VCI6, STM32G0C1VEI6, STM32G411C6T3, STM32G411C6T6, STM32G411C6U3, STM32G411C6U6, STM32G411C8T3, STM32G411C8T6, STM32G411C8U3, STM32G411C8U6, STM32G411CBT3, STM32G411CBT6, STM32G411CBU3, STM32G411CBU6, STM32G411CCT3, STM32G411CCT6, STM32G411CCU3, STM32G411CCU6, STM32G411K6T3, STM32G411K6T6, STM32G411K6U3, STM32G411K6U6, STM32G411K8T3, STM32G411K8T6, STM32G411K8U3, STM32G411K8U6, STM32G411KBT3, STM32G411KBT6, STM32G411KBU3, STM32G411KBU6, STM32G411M6T3, STM32G411M6T6, STM32G411M8T3, STM32G411M8T6, STM32G411MBT3, STM32G411MBT6, STM32G411MCT3, STM32G411MCT6, STM32G411R6T3, STM32G411R6T6, STM32G411R8T3, STM32G411R8T6, STM32G411RBT3, STM32G411RBT6, STM32G411RCT3, STM32G411RCT6, STM32G414CBT3, STM32G414CBT6, STM32G414CBU3, STM32G414CBU6, STM32G414CCT3, STM32G414CCT6, STM32G414CCU3, STM32G414CCU6, STM32G414MBT3, STM32G414MBT6, STM32G414MCT3, STM32G414MCT6, STM32G414RBT3, STM32G414RBT6, STM32G414RCT3, STM32G414RCT6, STM32G414VBT3, STM32G414VBT6, STM32G414VCT3, STM32G414VCT6, STM32G431CBT3Z, STM32G431RBT3Z, STM32G471CCT6, STM32G471CCU6, STM32G471CET3, STM32G471CET6, STM32G471CEU3, STM32G471CEU6, STM32G471MCT6, STM32G471MET3, STM32G471MET6, STM32G471MEY6TR, STM32G471QCT6, STM32G471QET3, STM32G471RCT6, STM32G471RET3, STM32G471RET6, STM32G471VCH6, STM32G471VCI6, STM32G471VCT6, STM32G471VEH3, STM32G471VEH6, STM32G471VEI3, STM32G471VEI6, STM32G471VET3, STM32G471VET6, STM32G473QET3Z, STM32G473RET3Z, STM32G474CCT6, STM32G491RET3Z, STM32H503CBT6, STM32H503CBU6, STM32H503EBY6TR, STM32H503KBU6, STM32H503RBT6, STM32H523CCT6, STM32H523CCU6, STM32H523CET6, STM32H523CEU6, STM32H523HEY6TR, STM32H523RCT6, STM32H523RET6, STM32H523VCI6, STM32H523VCT6, STM32H523VEI6, STM32H523VET6, STM32H523ZCJ6, STM32H523ZCT6, STM32H523ZEJ6, STM32H523ZET6, STM32H533CET6, STM32H533CEU6, STM32H533HEY6TR, STM32H533RET6, STM32H533VEI6, STM32H533VET6, STM32H533ZEJ6, STM32H533ZET6, STM32H562AGI6, STM32H562AII6, STM32H562IGK6, STM32H562IGT6, STM32H562IIK6, STM32H562IIT6, STM32H562RGT6, STM32H562RGV6, STM32H562RIT6, STM32H562RIV6, STM32H562VGT6, STM32H562VIT6, STM32H562ZGT6, STM32H562ZIT6, STM32H563AGI6, STM32H563AII3Q, STM32H563AII6, STM32H563IGK6, STM32H563IGT6, STM32H563IIK3Q, STM32H563IIK6, STM32H563IIT3Q, STM32H563IIT6, STM32H563MIY3QTR, STM32H563RGT6, STM32H563RGV6, STM32H563RIT6, STM32H563RIV6, STM32H563VGT6, STM32H563VIT3Q, STM32H563VIT6, STM32H563ZGT6, STM32H563ZIT3Q, STM32H563ZIT6, STM32H573AII3Q, STM32H573AII6, STM32H573I-DK, STM32H573IIK3Q, STM32H573IIK6, STM32H573IIT3Q, STM32H573IIT6, STM32H573MIY3QTR, STM32H573RIT6, STM32H573RIV6, STM32H573VIT3Q, STM32H573VIT6, STM32H573ZIT3Q, STM32H573ZIT6, STM32H7R3A8I6, STM32H7R3I8K6, STM32H7R3I8T6, STM32H7R3L8H6, STM32H7R3L8H6H, STM32H7R3R8V6, STM32H7R3V8H6, STM32H7R3V8T6, STM32H7R3V8Y6TR, STM32H7R3Z8J6, STM32H7R3Z8T6, STM32H7R7A8I6, STM32H7R7I8K6, STM32H7R7I8T6, STM32H7R7L8H6, STM32H7R7L8H6H, STM32H7R7Z8J6, STM32H7S3A8I6, STM32H7S3I8K6, STM32H7S3I8T6, STM32H7S3L8H6, STM32H7S3L8H6H, STM32H7S3R8V6, STM32H7S3V8H6, STM32H7S3V8T6, STM32H7S3V8Y6TR, STM32H7S3Z8J6, STM32H7S3Z8T6, STM32H7S78-DK, STM32H7S7A8I6, STM32H7S7I8K6, STM32H7S7I8T6, STM32H7S7L8H6, STM32H7S7L8H6H, STM32H7S7Z8J6, STM32L4R5QGI6STR, STM32MP131AAE3, STM32MP131AAF3, STM32MP131AAG3, STM32MP131CAE3, STM32MP131CAF3, STM32MP131CAG3, STM32MP131DAE7, STM32MP131DAF7, STM32MP131DAG7, STM32MP131FAE7, STM32MP131FAF7, STM32MP131FAG7, STM32MP133AAE3, STM32MP133AAF3, STM32MP133AAG3, STM32MP133CAE3, STM32MP133CAF3, STM32MP133CAG3, STM32MP133DAE7, STM32MP133DAF7, STM32MP133DAG7, STM32MP133FAE7, STM32MP133FAF7, STM32MP133FAG7, STM32MP135AAE3, STM32MP135AAF3, STM32MP135AAG3, STM32MP135CAE3, STM32MP135CAF3, STM32MP135CAG3, STM32MP135DAE7, STM32MP135DAF7, STM32MP135DAG7, STM32MP135F-DK, STM32MP135FAE7, STM32MP135FAF7, STM32MP135FAF7T, STM32MP135FAF7U, STM32MP135FAG7, STM32MP231AAJ3, STM32MP231AAK3, STM32MP231AAL3, STM32MP231CAJ3, STM32MP231CAK3, STM32MP231CAL3, STM32MP231DAJ3, STM32MP231DAK3, STM32MP231DAL3, STM32MP231FAJ3, STM32MP231FAK3, STM32MP231FAL3, STM32MP233AAJ3, STM32MP233AAK3, STM32MP233AAL3, STM32MP233CAJ3, STM32MP233CAK3, STM32MP233CAL3, STM32MP233DAJ3, STM32MP233DAK3, STM32MP233DAL3, STM32MP233FAJ3, STM32MP233FAK3, STM32MP233FAL3, STM32MP235AAJ3, STM32MP235AAK3, STM32MP235AAL3, STM32MP235CAJ3, STM32MP235CAK3, STM32MP235CAL3, STM32MP235DAJ3, STM32MP235DAK3, STM32MP235DAL3, STM32MP235FAJ3, STM32MP235FAK3, STM32MP235FAL3, STM32MP251AAI3, STM32MP251AAJ3, STM32MP251AAK3, STM32MP251AAL3, STM32MP251CAI3, STM32MP251CAJ3, STM32MP251CAK3, STM32MP251CAL3, STM32MP251DAI3, STM32MP251DAJ3, STM32MP251DAK3, STM32MP251DAL3, STM32MP251FAI3, STM32MP251FAJ3, STM32MP251FAK3, STM32MP251FAL3, STM32MP253AAI3, STM32MP253AAJ3, STM32MP253AAK3, STM32MP253AAL3, STM32MP253CAI3, STM32MP253CAJ3, STM32MP253CAK3, STM32MP253CAL3, STM32MP253DAI3, STM32MP253DAJ3, STM32MP253DAK3, STM32MP253DAL3, STM32MP253FAI3, STM32MP253FAJ3, STM32MP253FAK3, STM32MP253FAL3, STM32MP255AAI3, STM32MP255AAJ3, STM32MP255AAK3, STM32MP255AAL3, STM32MP255CAI3, STM32MP255CAJ3, STM32MP255CAK3, STM32MP255CAL3, STM32MP255DAI3, STM32MP255DAJ3, STM32MP255DAK3, STM32MP255DAL3, STM32MP255FAI3, STM32MP255FAJ3, STM32MP255FAK3, STM32MP255FAL3, STM32MP257AAI3, STM32MP257AAJ3, STM32MP257AAK3, STM32MP257AAL3, STM32MP257CAI3, STM32MP257CAJ3, STM32MP257CAK3, STM32MP257CAL3, STM32MP257DAI3, STM32MP257DAJ3, STM32MP257DAK3, STM32MP257DAL3, STM32MP257F-DK, STM32MP257F-EV1, STM32MP257FAI3, STM32MP257FAJ3, STM32MP257FAK3, STM32MP257FAL3, STM32N645A0H3Q, STM32N645B0H3Q, STM32N645I0H3Q, STM32N645L0H3Q, STM32N645X0H3Q, STM32N645Z0H3Q, STM32N647A0H3Q, STM32N647B0H3Q, STM32N647I0H3Q, STM32N647L0H3Q, STM32N647X0H3Q, STM32N647Z0H3Q, STM32N655A0H3Q, STM32N655B0H3Q, STM32N655I0H3Q, STM32N655L0H3Q, STM32N655X0H3Q, STM32N655Z0H3Q, STM32N6570-DK, STM32N657A0H3Q, STM32N657B0H3Q, STM32N657I0H3Q, STM32N657L0H3Q, STM32N657X0H3Q, STM32N657Z0H3Q, STM32U031C6T6, STM32U031C6U6, STM32U031C8T6, STM32U031C8U6, STM32U031F4P6, STM32U031F6P6, STM32U031F8P6, STM32U031G6Y6TR, STM32U031G8Y6TR, STM32U031K4U6, STM32U031K6U6, STM32U031K8U6, STM32U031R6I6, STM32U031R6T6, STM32U031R8I6, STM32U031R8T6, STM32U073C8T6, STM32U073C8U6, STM32U073CBT6, STM32U073CBU6, STM32U073CCT6, STM32U073CCU6, STM32U073H8Y6TR, STM32U073HBY6TR, STM32U073HCY6TR, STM32U073K8U6, STM32U073KBU6, STM32U073KCU6, STM32U073M8I6, STM32U073M8T6, STM32U073MBI6, STM32U073MBT6, STM32U073MCI6, STM32U073MCT6, STM32U073R8I6, STM32U073R8T6, STM32U073RBI6, STM32U073RBT6, STM32U073RCI6, STM32U073RCT6, STM32U083C-DK, STM32U083CCT6, STM32U083CCU6, STM32U083HCY6TR, STM32U083KCU6, STM32U083MCI6, STM32U083MCT6, STM32U083RCI6, STM32U083RCT6, STM32U375CET6, STM32U375CET6Q, STM32U375CEU6, STM32U375CEU6Q, STM32U375CEY6QTR, STM32U375CGT6, STM32U375CGT6Q, STM32U375CGU6, STM32U375CGU6Q, STM32U375CGY6QTR, STM32U375KEU6, STM32U375KGU6, STM32U375REI6, STM32U375REI6Q, STM32U375RET6, STM32U375RET6Q, STM32U375REY6GTR, STM32U375REY6QTR, STM32U375RGI6, STM32U375RGI6Q, STM32U375RGT6, STM32U375RGT6Q, STM32U375RGY6GTR, STM32U375RGY6QTR, STM32U375VEI6, STM32U375VEI6Q, STM32U375VET6, STM32U375VET6Q, STM32U375VGI6, STM32U375VGI6Q, STM32U375VGT6, STM32U375VGT6Q, STM32U385CGT6, STM32U385CGT6Q, STM32U385CGU6, STM32U385CGU6Q, STM32U385CGY6QTR, STM32U385KGU6, STM32U385RGI6, STM32U385RGI6Q, STM32U385RGT6, STM32U385RGT6Q, STM32U385RGY6GTR, STM32U385RGY6QTR, STM32U385VGI6, STM32U385VGI6Q, STM32U385VGT6, STM32U385VGT6Q, STM32U535CBT6, STM32U535CBT6Q, STM32U535CBU6, STM32U535CBU6Q, STM32U535CCT6, STM32U535CCT6Q, STM32U535CCU6, STM32U535CCU6Q, STM32U535CET6, STM32U535CET6Q, STM32U535CEU6, STM32U535CEU6Q, STM32U535JEY6QTR, STM32U535NCY6QTR, STM32U535NEY6QTR, STM32U535RBI6, STM32U535RBI6Q, STM32U535RBT6, STM32U535RBT6Q, STM32U535RCI6, STM32U535RCI6Q, STM32U535RCT6, STM32U535RCT6Q, STM32U535REI6, STM32U535REI6Q, STM32U535RET6, STM32U535RET6Q, STM32U535VCI6, STM32U535VCI6Q, STM32U535VCT6, STM32U535VCT6Q, STM32U535VEI6, STM32U535VEI6Q, STM32U535VET6, STM32U535VET6Q, STM32U545CET6, STM32U545CET6Q, STM32U545CEU6, STM32U545CEU6Q, STM32U545JEY6QTR, STM32U545NEY6QTR, STM32U545REI6, STM32U545REI6Q, STM32U545RET6, STM32U545RET6Q, STM32U545VEI6, STM32U545VEI6Q, STM32U545VET6, STM32U545VET6Q, STM32U595AIH6, STM32U595AIH6Q, STM32U595AJH6, STM32U595AJH6Q, STM32U595QII6, STM32U595QII6Q, STM32U595QJI6, STM32U595QJI6Q, STM32U595RIT6, STM32U595RIT6Q, STM32U595RJT6, STM32U595RJT6Q, STM32U595VIT6, STM32U595VIT6Q, STM32U595VJT6, STM32U595VJT6Q, STM32U595ZIT6, STM32U595ZIT6Q, STM32U595ZIY6QTR, STM32U595ZJT6, STM32U595ZJT6Q, STM32U595ZJY6QTR, STM32U599BJY6QTR, STM32U599NIH6Q, STM32U599NJH6Q, STM32U599VIT6Q, STM32U599VJT6, STM32U599VJT6Q, STM32U599ZIT6Q, STM32U599ZIY6QTR, STM32U599ZJT6Q, STM32U599ZJY6QTR, STM32U5A5AJH6, STM32U5A5AJH6Q, STM32U5A5QII3Q , STM32U5A5QJI6, STM32U5A5QJI6Q, STM32U5A5RJT6, STM32U5A5RJT6Q, STM32U5A5VJT6, STM32U5A5VJT6Q, STM32U5A5ZJT6, STM32U5A5ZJT6Q, STM32U5A5ZJY6QTR, STM32U5A9BJY6QTR, STM32U5A9J-DK, STM32U5A9NJH6Q, STM32U5A9VJT6Q, STM32U5A9ZJT6Q, STM32U5A9ZJY6QTR, STM32U5F7VIT6, STM32U5F7VIT6Q, STM32U5F7VJT6, STM32U5F7VJT6Q, STM32U5F9BJY6QTR, STM32U5F9NJH6Q, STM32U5F9VIT6Q, STM32U5F9VJT6Q, STM32U5F9ZIJ6QTR, STM32U5F9ZIT6Q, STM32U5F9ZJJ6QTR, STM32U5F9ZJT6Q, STM32U5G7VJT6, STM32U5G7VJT6Q, STM32U5G9BJY6QTR, STM32U5G9J-DK1, STM32U5G9J-DK2, STM32U5G9NJH6Q, STM32U5G9VJT6Q, STM32U5G9ZJJ6QTR, STM32U5G9ZJT6Q, STM32WB05KZV6TR, STM32WB05KZV7TR, STM32WB05TZF6TR, STM32WB05TZF7TR, STM32WB06CCF6TR, STM32WB06CCF7TR, STM32WB06CCV6TR, STM32WB06CCV7TR, STM32WB06KCV6TR, STM32WB06KCV7TR, STM32WB07CCF6TR, STM32WB07CCF7TR, STM32WB07CCV6TR, STM32WB07CCV7TR, STM32WB07KCV6TR, STM32WB07KCV7TR, STM32WB09KEV6TR, STM32WB09KEV7TR, STM32WB09TEF6TR, STM32WB09TEF7TR, STM32WB1MMCH6, STM32WBA50KGU6, STM32WBA50KGU6TR, STM32WBA52CEU6, STM32WBA52CEU6TR, STM32WBA52CEU7, STM32WBA52CEU7TR, STM32WBA52CGU6, STM32WBA52CGU6TR, STM32WBA52CGU6U, STM32WBA52CGU7, STM32WBA52CGU7TR, STM32WBA52KEU6, STM32WBA52KEU6TR, STM32WBA52KGU6, STM32WBA52KGU6TR, STM32WBA54CEU6, STM32WBA54CEU6TR, STM32WBA54CEU7, STM32WBA54CEU7TR, STM32WBA54CGU6, STM32WBA54CGU6TR, STM32WBA54CGU7, STM32WBA54CGU7TR, STM32WBA54KEU6, STM32WBA54KEU6TR, STM32WBA54KEU7, STM32WBA54KEU7TR, STM32WBA54KGU6, STM32WBA54KGU6TR, STM32WBA54KGU7, STM32WBA54KGU7TR, STM32WBA55CEU6, STM32WBA55CEU6TR, STM32WBA55CEU7, STM32WBA55CEU7TR, STM32WBA55CGU6, STM32WBA55CGU6TR, STM32WBA55CGU6U, STM32WBA55CGU7, STM32WBA55CGU7TR, STM32WBA55G-DK1, STM32WBA55HEF6, STM32WBA55HEF7, STM32WBA55HGF6, STM32WBA55HGF7, STM32WBA55UEI6, STM32WBA55UEI6TR, STM32WBA55UEI7, STM32WBA55UEI7TR, STM32WBA55UGI6, STM32WBA55UGI6TR, STM32WBA55UGI7, STM32WBA55UGI7TR, STM32WBA5MJGH6TR, STM32WBA5MJGH6U, STM32WL33C8V6, STM32WL33C8V6TR, STM32WL33C8V7, STM32WL33C8V7TR, STM32WL33CBV6, STM32WL33CBV6TR, STM32WL33CBV7, STM32WL33CBV7TR, STM32WL33CCV6, STM32WL33CCV6TR, STM32WL33CCV7, STM32WL33CCV7A, STM32WL33CCV7ATR, STM32WL33CCV7TR, STM32WL33K8V6, STM32WL33K8V6TR, STM32WL33K8V7, STM32WL33K8V7TR, STM32WL33KBV6, STM32WL33KBV6TR, STM32WL33KBV7, STM32WL33KBV7TR, STM32WL33KCV6, STM32WL33KCV6TR, STM32WL33KCV7, STM32WL33KCV7TR, STM32WL5MOCH6, STM32WL5MOCH6TR]
2025-05-10 14:19:09,629 [INFO] DbMcus:218 - Found 4674 MCUs, 4674 are supported
2025-05-10 14:19:09,636 [INFO] ApiDb:423 - Load user favorites file C:\Users\Miloush/.stm32cubeide/favorites.mcus.txt: 3 item(s)
2025-05-10 14:19:09,636 [INFO] ApiDb:427 - User favorites MCUs=[STM32F446RET6, STM32G431KBT6, STM32G474CBT3]
2025-05-10 14:19:09,637 [INFO] DbMcus:224 - Set 3 / 3 favorites MCUs
2025-05-10 14:19:09,916 [INFO] ApiDb:423 - Load user favorites file C:\Users\Miloush/.stm32cubeide/favorites.boards.txt: 0 item(s)
2025-05-10 14:19:09,916 [INFO] ApiDb:427 - User favorites Boards=[]
2025-05-10 14:19:09,916 [INFO] DbBoards:198 - Set 0 / 0 favorites Boards
2025-05-10 14:19:09,989 [INFO] UtilMem:75 - End LoadConfig() Used Memory: 968009848 Bytes (1073741824)
2025-05-10 14:19:10,089 [WARN] ThirdParty:833 - waiting for thirdparty lock release [change project]
2025-05-10 14:19:10,089 [INFO] ThirdParty:835 - entering critical section [change project]
2025-05-10 14:19:10,089 [INFO] ThirdParty:1030 - CMSIS Pack Vendor :STMicroelectronics USBPD 4.1
2025-05-10 14:19:10,089 [INFO] ThirdParty:1030 - CMSIS Pack Vendor :STMicroelectronics USB_HOST 2.0.0
2025-05-10 14:19:10,089 [INFO] ThirdParty:1030 - CMSIS Pack Vendor :STMicroelectronics FP-SNS-MOTENVWB1 1.4.0
2025-05-10 14:19:10,089 [INFO] ThirdParty:1030 - CMSIS Pack Vendor :STMicroelectronics X-CUBE-AZRTOS-F4 1.1.0
2025-05-10 14:19:10,089 [INFO] ThirdParty:1030 - CMSIS Pack Vendor :STMicroelectronics LIBJPEG 8.0.0
2025-05-10 14:19:10,089 [INFO] ThirdParty:1030 - CMSIS Pack Vendor :STMicroelectronics FP-ATR-ASTRA1 2.0.2
2025-05-10 14:19:10,089 [INFO] ThirdParty:1030 - CMSIS Pack Vendor :STMicroelectronics FP-ATR-ASTRA1 2.0.1
2025-05-10 14:19:10,089 [INFO] ThirdParty:1030 - CMSIS Pack Vendor :Avnet-IotConnect X-CUBE-IoTC-DA16k-PMOD 1.0.0
2025-05-10 14:19:10,089 [INFO] ThirdParty:1030 - CMSIS Pack Vendor :STMicroelectronics X-CUBE-SMBUS 2.1.0
2025-05-10 14:19:10,089 [INFO] ThirdParty:1030 - CMSIS Pack Vendor :STMicroelectronics X-CUBE-WB05N 1.1.0
2025-05-10 14:19:10,090 [INFO] ThirdParty:1030 - CMSIS Pack Vendor :STMicroelectronics X-CUBE-ISPU 2.1.0
2025-05-10 14:19:10,090 [INFO] ThirdParty:1030 - CMSIS Pack Vendor :STMicroelectronics X-CUBE-FREERTOS 1.2.0
2025-05-10 14:19:10,090 [INFO] ThirdParty:1030 - CMSIS Pack Vendor :STMicroelectronics X-CUBE-AZRTOS-F7 1.1.0
2025-05-10 14:19:10,090 [INFO] ThirdParty:1030 - CMSIS Pack Vendor :STMicroelectronics X-CUBE-AZRTOS-L5 2.0.0
2025-05-10 14:19:10,090 [INFO] ThirdParty:1030 - CMSIS Pack Vendor :STMicroelectronics USB_DEVICE 2.0.0
2025-05-10 14:19:10,090 [INFO] ThirdParty:1030 - CMSIS Pack Vendor :STMicroelectronics X-CUBE-NFC6 3.1.0
2025-05-10 14:19:10,090 [INFO] ThirdParty:1030 - CMSIS Pack Vendor :STMicroelectronics X-CUBE-MEMS1 11.0.0
2025-05-10 14:19:10,090 [INFO] ThirdParty:1030 - CMSIS Pack Vendor :STMicroelectronics FreeRTOS 0.0.1
2025-05-10 14:19:10,090 [INFO] ThirdParty:1030 - CMSIS Pack Vendor :STMicroelectronics X-CUBE-DPower 1.2.0
2025-05-10 14:19:10,090 [INFO] ThirdParty:1030 - CMSIS Pack Vendor :STMicroelectronics FP-SNS-FLIGHT1 5.0.2
2025-05-10 14:19:10,090 [INFO] ThirdParty:1030 - CMSIS Pack Vendor :STMicroelectronics PDM2PCM 3.3.0
2025-05-10 14:19:10,090 [INFO] ThirdParty:1030 - CMSIS Pack Vendor :STMicroelectronics X-CUBE-DISPLAY 3.0.0
2025-05-10 14:19:10,090 [INFO] ThirdParty:1030 - CMSIS Pack Vendor :STMicroelectronics X-CUBE-BLE1 7.0.0
2025-05-10 14:19:10,090 [INFO] ThirdParty:1030 - CMSIS Pack Vendor :STMicroelectronics X-CUBE-NFC10 1.0.0
2025-05-10 14:19:10,090 [INFO] ThirdParty:1030 - CMSIS Pack Vendor :STMicroelectronics X-CUBE-BLEMGR 4.0.0
2025-05-10 14:19:10,090 [INFO] ThirdParty:1030 - CMSIS Pack Vendor :STMicroelectronics X-CUBE-FREERTOS 1.3.1
2025-05-10 14:19:10,090 [INFO] ThirdParty:1030 - CMSIS Pack Vendor :STMicroelectronics HAL Drivers 0.0.0
2025-05-10 14:19:10,090 [INFO] ThirdParty:1030 - CMSIS Pack Vendor :emotas I-CUBE-CANOPEN 1.3.0
2025-05-10 14:19:10,090 [INFO] ThirdParty:1030 - CMSIS Pack Vendor :STMicroelectronics X-CUBE-FREERTOS 1.3.0
2025-05-10 14:19:10,090 [INFO] ThirdParty:1030 - CMSIS Pack Vendor :STMicroelectronics X-CUBE-NFC7 1.0.1
2025-05-10 14:19:10,090 [INFO] ThirdParty:1030 - CMSIS Pack Vendor :STMicroelectronics MBEDTLS 2.14.1
2025-05-10 14:19:10,090 [INFO] ThirdParty:1030 - CMSIS Pack Vendor :STMicroelectronics X-CUBE-BLEMGR 3.1.0
2025-05-10 14:19:10,090 [INFO] ThirdParty:1030 - CMSIS Pack Vendor :STMicroelectronics X-CUBE-AI 10.0.0
2025-05-10 14:19:10,090 [INFO] ThirdParty:1030 - CMSIS Pack Vendor :STMicroelectronics FP-SNS-SMARTAG2 1.2.0
2025-05-10 14:19:10,090 [INFO] ThirdParty:1030 - CMSIS Pack Vendor :STMicroelectronics FP-SNS-FLIGHT1 5.1.0
2025-05-10 14:19:10,090 [INFO] ThirdParty:1030 - CMSIS Pack Vendor :STMicroelectronics X-CUBE-MEMS1 11.1.0
2025-05-10 14:19:10,090 [INFO] ThirdParty:1030 - CMSIS Pack Vendor :STMicroelectronics X-CUBE-AZRTOS-WL 2.0.0
2025-05-10 14:19:10,090 [INFO] ThirdParty:1030 - CMSIS Pack Vendor :STMicroelectronics X-CUBE-DPower 1.3.0
2025-05-10 14:19:10,090 [INFO] ThirdParty:1030 - CMSIS Pack Vendor :STMicroelectronics FP-SNS-MOTENV1 5.0.0
2025-05-10 14:19:10,090 [INFO] ThirdParty:1030 - CMSIS Pack Vendor :STMicroelectronics USB_DEVICE 1.0.0
2025-05-10 14:19:10,090 [INFO] ThirdParty:1030 - CMSIS Pack Vendor :wolfSSL I-CUBE-wolfMQTT 1.19.0
2025-05-10 14:19:10,090 [INFO] ThirdParty:1030 - CMSIS Pack Vendor :STMicroelectronics X-CUBE-AZRTOS-L4 2.0.0
2025-05-10 14:19:10,090 [INFO] ThirdParty:1030 - CMSIS Pack Vendor :STMicroelectronics ThreadX 0.0.2
2025-05-10 14:19:10,090 [INFO] ThirdParty:1030 - CMSIS Pack Vendor :WES I-CUBE-Cesium 1.3.0
2025-05-10 14:19:10,090 [INFO] ThirdParty:1030 - CMSIS Pack Vendor :STMicroelectronics lwIP 2.1.2
2025-05-10 14:19:10,090 [INFO] ThirdParty:1030 - CMSIS Pack Vendor :STMicroelectronics X-CUBE-SFXS2LP1 4.0.0
2025-05-10 14:19:10,090 [INFO] ThirdParty:1030 - CMSIS Pack Vendor :STMicroelectronics X-CUBE-BLE2 3.3.0
2025-05-10 14:19:10,090 [INFO] ThirdParty:1030 - CMSIS Pack Vendor :STMicroelectronics PDM2PCM 3.2.0
2025-05-10 14:19:10,091 [INFO] ThirdParty:1030 - CMSIS Pack Vendor :STMicroelectronics X-CUBE-AZRTOS-H7 3.3.0
2025-05-10 14:19:10,091 [INFO] ThirdParty:1030 - CMSIS Pack Vendor :STMicroelectronics X-CUBE-NFC9 1.0.0
2025-05-10 14:19:10,091 [INFO] ThirdParty:1030 - CMSIS Pack Vendor :STMicroelectronics X-CUBE-BLE1 7.1.0
2025-05-10 14:19:10,091 [INFO] ThirdParty:1030 - CMSIS Pack Vendor :STMicroelectronics USB_DEVICE 3.0.0
2025-05-10 14:19:10,091 [INFO] ThirdParty:1030 - CMSIS Pack Vendor :STMicroelectronics X-CUBE-TCPP 4.1.0
2025-05-10 14:19:10,091 [INFO] ThirdParty:1030 - CMSIS Pack Vendor :STMicroelectronics X-CUBE-IPS 3.0.0
2025-05-10 14:19:10,091 [INFO] ThirdParty:1030 - CMSIS Pack Vendor :STMicroelectronics X-CUBE-AZRTOS-WB 2.0.0
2025-05-10 14:19:10,091 [INFO] ThirdParty:1030 - CMSIS Pack Vendor :STMicroelectronics X-CUBE-GNSS1 7.0.0
2025-05-10 14:19:10,091 [INFO] ThirdParty:1030 - CMSIS Pack Vendor :STMicroelectronics X-CUBE-GNSS1 7.0.1
2025-05-10 14:19:10,091 [INFO] ThirdParty:1030 - CMSIS Pack Vendor :STMicroelectronics X-CUBE-TOUCHGFX 4.25.0
2025-05-10 14:19:10,091 [INFO] ThirdParty:1030 - CMSIS Pack Vendor :STMicroelectronics FP-SNS-STBOX1 2.0.0
2025-05-10 14:19:10,091 [INFO] ThirdParty:1030 - CMSIS Pack Vendor :STMicroelectronics X-CUBE-MEMS1 11.2.0
2025-05-10 14:19:10,091 [INFO] ThirdParty:1030 - CMSIS Pack Vendor :STMicroelectronics X-CUBE-AZRTOS-G0 1.1.0
2025-05-10 14:19:10,091 [INFO] ThirdParty:1030 - CMSIS Pack Vendor :STMicroelectronics X-CUBE-SAFEA1 1.2.2
2025-05-10 14:19:10,091 [INFO] ThirdParty:1030 - CMSIS Pack Vendor :STMicroelectronics X-CUBE-NFC4 3.0.0
2025-05-10 14:19:10,091 [INFO] ThirdParty:1030 - CMSIS Pack Vendor :STMicroelectronics X-CUBE-SUBG2 5.0.0
2025-05-10 14:19:10,091 [INFO] ThirdParty:1030 - CMSIS Pack Vendor :STMicroelectronics X-CUBE-AZRTOS-H7RS 1.1.0
2025-05-10 14:19:10,091 [INFO] ThirdParty:1030 - CMSIS Pack Vendor :STMicroelectronics STM32_WPAN 1.0.0
2025-05-10 14:19:10,091 [INFO] ThirdParty:1030 - CMSIS Pack Vendor :EmbeddedOffice I-CUBE-FS-RTOS 1.0.1
2025-05-10 14:19:10,091 [INFO] ThirdParty:1030 - CMSIS Pack Vendor :STMicroelectronics lwIP 2.0.3
2025-05-10 14:19:10,091 [INFO] ThirdParty:1030 - CMSIS Pack Vendor :Cesanta I-CUBE-Mongoose 7.13.0
2025-05-10 14:19:10,091 [INFO] ThirdParty:1030 - CMSIS Pack Vendor :STMicroelectronics USB_HOST 1.0.0
2025-05-10 14:19:10,091 [INFO] ThirdParty:1030 - CMSIS Pack Vendor :STMicroelectronics X-CUBE-AZRTOS-G4 2.0.0
2025-05-10 14:19:10,091 [INFO] ThirdParty:1030 - CMSIS Pack Vendor :STMicroelectronics X-CUBE-WB05N 2.0.0
2025-05-10 14:19:10,091 [INFO] ThirdParty:1030 - CMSIS Pack Vendor :STMicroelectronics PDM2PCM 3.1.0
2025-05-10 14:19:10,091 [INFO] ThirdParty:1030 - CMSIS Pack Vendor :STMicroelectronics X-CUBE-NFC7 2.0.0
2025-05-10 14:19:10,091 [INFO] ThirdParty:1030 - CMSIS Pack Vendor :STMicroelectronics X-CUBE-TCPP 4.2.0
2025-05-10 14:19:10,091 [INFO] ThirdParty:1030 - CMSIS Pack Vendor :RealThread X-CUBE-RT-Thread_Nano 4.1.1
2025-05-10 14:19:10,091 [INFO] ThirdParty:1030 - CMSIS Pack Vendor :STMicroelectronics FP-ATR-SIGFOX1 3.2.0
2025-05-10 14:19:10,091 [INFO] ThirdParty:1030 - CMSIS Pack Vendor :wolfSSL I-CUBE-wolfSSL 5.7.2
2025-05-10 14:19:10,091 [INFO] ThirdParty:1030 - CMSIS Pack Vendor :quantropi X-CUBE-qispace-sdk-base 1.9.3
2025-05-10 14:19:10,091 [INFO] ThirdParty:1030 - CMSIS Pack Vendor :STMicroelectronics X-CUBE-EEPRMA1 5.1.0
2025-05-10 14:19:10,091 [INFO] ThirdParty:1030 - CMSIS Pack Vendor :STMicroelectronics MBEDTLS 2.16.2
2025-05-10 14:19:10,091 [INFO] ThirdParty:1030 - CMSIS Pack Vendor :STMicroelectronics X-CUBE-IPS 3.1.0
2025-05-10 14:19:10,091 [INFO] ThirdParty:1030 - CMSIS Pack Vendor :STMicroelectronics X-CUBE-ALS 1.0.2
2025-05-10 14:19:10,091 [INFO] ThirdParty:1030 - CMSIS Pack Vendor :ITTIA_DB I-CUBE-ITTIADB 8.9.0
2025-05-10 14:19:10,091 [INFO] ThirdParty:1030 - CMSIS Pack Vendor :STMicroelectronics X-CUBE-TOUCHGFX 4.24.2
2025-05-10 14:19:10,091 [INFO] ThirdParty:1030 - CMSIS Pack Vendor :STMicroelectronics X-CUBE-TOUCHGFX 4.24.1
2025-05-10 14:19:10,091 [INFO] ThirdParty:1030 - CMSIS Pack Vendor :wolfSSL I-CUBE-wolfTPM 3.4.0
2025-05-10 14:19:10,091 [INFO] ThirdParty:1030 - CMSIS Pack Vendor :portGmbH I-Cube-SoM-uGOAL 1.1.0
2025-05-10 14:19:10,091 [INFO] ThirdParty:1030 - CMSIS Pack Vendor :STMicroelectronics ThreadX 1.0.0
2025-05-10 14:19:10,092 [INFO] ThirdParty:1030 - CMSIS Pack Vendor :SEGGER I-CUBE-embOS 1.3.1
2025-05-10 14:19:10,092 [INFO] ThirdParty:1030 - CMSIS Pack Vendor :STMicroelectronics X-CUBE-ALGOBUILD 1.4.0
2025-05-10 14:19:10,092 [INFO] ThirdParty:1030 - CMSIS Pack Vendor :STMicroelectronics X-CUBE-AZRTOS-H7RS 1.0.0
2025-05-10 14:19:10,092 [INFO] ThirdParty:1030 - CMSIS Pack Vendor :STMicroelectronics FP-ATR-ASTRA1 2.0.0
2025-05-10 14:19:10,092 [INFO] ThirdParty:1030 - CMSIS Pack Vendor :STMicroelectronics X-CUBE-TOF1 3.4.2
2025-05-10 14:19:10,092 [INFO] ThirdParty:1030 - CMSIS Pack Vendor :STMicroelectronics X-CUBE-TOF1 3.4.3
2025-05-10 14:19:10,092 [INFO] ThirdParty:1030 - CMSIS Pack Vendor :STMicroelectronics X-CUBE-AI 9.1.0
2025-05-10 14:19:10,092 [INFO] ThirdParty:1030 - CMSIS Pack Vendor :Infineon AIROC-Wi-Fi-Bluetooth-STM32 1.6.1
2025-05-10 14:19:10,092 [INFO] ThirdParty:1030 - CMSIS Pack Vendor :wolfSSL I-CUBE-wolfSSH 1.4.17
2025-05-10 14:19:10,092 [INFO] ThirdParty:841 - exiting critical section [change project]
2025-05-10 14:19:10,458 [INFO] PinOutPanel:1589 - setPackage(No Configuration,No Configuration)
2025-05-10 14:19:10,460 [INFO] PinOutPanel:1589 - setPackage(STM32G431RBTx,LQFP64)
2025-05-10 14:19:10,936 [INFO] UtilMem:75 - Before build in PCC Used Memory: 878475304 Bytes (1073741824)
2025-05-10 14:19:11,876 [INFO] UtilMem:75 - After build in PCC Used Memory: 657947552 Bytes (1073741824)
2025-05-10 14:19:11,912 [INFO] IPUIPlugin:80 - create IPUIPlugin
2025-05-10 14:19:11,912 [INFO] IPUIPlugin:80 - create IPUIPlugin
2025-05-10 14:19:11,913 [INFO] IPUIPlugin:80 - create IPUIPlugin
2025-05-10 14:19:11,913 [INFO] IPUIPlugin:80 - create IPUIPlugin
2025-05-10 14:19:11,913 [INFO] IPUIPlugin:80 - create IPUIPlugin
2025-05-10 14:19:11,913 [INFO] IPUIPlugin:80 - create IPUIPlugin
2025-05-10 14:19:11,913 [INFO] IPUIPlugin:80 - create IPUIPlugin
2025-05-10 14:19:11,913 [INFO] IPUIPlugin:80 - create IPUIPlugin
2025-05-10 14:19:11,913 [INFO] IPUIPlugin:80 - create IPUIPlugin
2025-05-10 14:19:11,914 [INFO] IPUIPlugin:80 - create IPUIPlugin
2025-05-10 14:19:11,914 [INFO] IPUIPlugin:80 - create IPUIPlugin
2025-05-10 14:19:11,914 [INFO] IPUIPlugin:80 - create IPUIPlugin
2025-05-10 14:19:11,914 [INFO] IPUIPlugin:80 - create IPUIPlugin
2025-05-10 14:19:11,914 [INFO] IPUIPlugin:80 - create IPUIPlugin
2025-05-10 14:19:11,914 [INFO] IPUIPlugin:80 - create IPUIPlugin
2025-05-10 14:19:11,914 [INFO] IPUIPlugin:80 - create IPUIPlugin
2025-05-10 14:19:11,914 [INFO] IPUIPlugin:80 - create IPUIPlugin
2025-05-10 14:19:11,914 [INFO] IPUIPlugin:80 - create IPUIPlugin
2025-05-10 14:19:11,914 [INFO] IPUIPlugin:80 - create IPUIPlugin
2025-05-10 14:19:11,914 [INFO] IPUIPlugin:80 - create IPUIPlugin
2025-05-10 14:19:11,915 [INFO] IPUIPlugin:80 - create IPUIPlugin
2025-05-10 14:19:11,915 [INFO] IPUIPlugin:80 - create IPUIPlugin
2025-05-10 14:19:11,915 [INFO] IPUIPlugin:80 - create IPUIPlugin
2025-05-10 14:19:11,915 [INFO] IPUIPlugin:80 - create IPUIPlugin
2025-05-10 14:19:11,915 [INFO] IPUIPlugin:80 - create IPUIPlugin
2025-05-10 14:19:11,916 [INFO] IPUIPlugin:80 - create IPUIPlugin
2025-05-10 14:19:11,916 [INFO] IPUIPlugin:80 - create IPUIPlugin
2025-05-10 14:19:11,916 [INFO] IPUIPlugin:80 - create IPUIPlugin
2025-05-10 14:19:11,916 [INFO] IPUIPlugin:80 - create IPUIPlugin
2025-05-10 14:19:11,916 [INFO] IPUIPlugin:80 - create IPUIPlugin
2025-05-10 14:19:11,916 [INFO] IPUIPlugin:80 - create IPUIPlugin
2025-05-10 14:19:11,917 [INFO] IPUIPlugin:80 - create IPUIPlugin
2025-05-10 14:19:11,917 [INFO] IPUIPlugin:80 - create IPUIPlugin
2025-05-10 14:19:11,917 [INFO] IPUIPlugin:80 - create IPUIPlugin
2025-05-10 14:19:11,917 [INFO] IPUIPlugin:80 - create IPUIPlugin
2025-05-10 14:19:11,918 [INFO] IPUIPlugin:80 - create IPUIPlugin
2025-05-10 14:19:11,918 [INFO] IPUIPlugin:80 - create IPUIPlugin
2025-05-10 14:19:11,918 [INFO] IPUIPlugin:80 - create IPUIPlugin
2025-05-10 14:19:11,918 [INFO] IPUIPlugin:80 - create IPUIPlugin
2025-05-10 14:19:11,918 [INFO] IPUIPlugin:80 - create IPUIPlugin
2025-05-10 14:19:11,918 [INFO] IPUIPlugin:80 - create IPUIPlugin
2025-05-10 14:19:11,919 [INFO] IPUIPlugin:80 - create IPUIPlugin
2025-05-10 14:19:11,919 [INFO] IPUIPlugin:80 - create IPUIPlugin
2025-05-10 14:19:11,919 [INFO] IPUIPlugin:80 - create IPUIPlugin
2025-05-10 14:19:11,919 [INFO] IPUIPlugin:80 - create IPUIPlugin
2025-05-10 14:19:11,919 [INFO] IPUIPlugin:80 - create IPUIPlugin
2025-05-10 14:19:11,920 [INFO] IPUIPlugin:80 - create IPUIPlugin
2025-05-10 14:19:11,920 [INFO] IPUIPlugin:80 - create IPUIPlugin
2025-05-10 14:19:11,920 [INFO] IPUIPlugin:80 - create IPUIPlugin
2025-05-10 14:19:11,920 [INFO] IPUIPlugin:80 - create IPUIPlugin
2025-05-10 14:19:11,921 [INFO] IPUIPlugin:80 - create IPUIPlugin
2025-05-10 14:19:11,921 [INFO] IPUIPlugin:80 - create IPUIPlugin
2025-05-10 14:19:11,921 [INFO] IPUIPlugin:80 - create IPUIPlugin
2025-05-10 14:19:11,922 [INFO] IPUIPlugin:80 - create IPUIPlugin
2025-05-10 14:19:11,922 [INFO] IPUIPlugin:80 - create IPUIPlugin
2025-05-10 14:19:11,922 [INFO] IPUIPlugin:80 - create IPUIPlugin
2025-05-10 14:19:11,923 [INFO] IPUIPlugin:80 - create IPUIPlugin
2025-05-10 14:19:11,923 [INFO] IPUIPlugin:80 - create IPUIPlugin
2025-05-10 14:19:11,923 [INFO] IPUIPlugin:80 - create IPUIPlugin
2025-05-10 14:19:12,169 [INFO] CADModel:165 - CPN selected for project levelSTM32G431RBT6
2025-05-10 14:19:12,169 [INFO] CADModel:114 - Register for checkConnection events
2025-05-10 14:19:12,227 [INFO] OpenFileManager:363 - Restore cursor
2025-05-10 14:25:09,120 [INFO] NvicIntPanel:101 - NVIC parent = com.st.microxplorer.plugins.ip.nvic.MultiNvicIntPanel[,0,0,0x0,invalid,layout=javax.swing.BoxLayout,alignmentX=0.0,alignmentY=0.0,border=,flags=9,maximumSize=,minimumSize=,preferredSize=]
2025-05-10 14:25:22,064 [INFO] NvicIntPanel:101 - NVIC parent = com.st.microxplorer.plugins.ip.nvic.MultiNvicIntPanel[,0,0,0x0,invalid,layout=javax.swing.BoxLayout,alignmentX=0.0,alignmentY=0.0,border=,flags=9,maximumSize=,minimumSize=,preferredSize=]
2025-05-10 14:26:04,044 [INFO] NvicIntPanel:101 - NVIC parent = com.st.microxplorer.plugins.ip.nvic.MultiNvicIntPanel[,0,0,0x0,invalid,layout=javax.swing.BoxLayout,alignmentX=0.0,alignmentY=0.0,border=,flags=9,maximumSize=,minimumSize=,preferredSize=]
2025-05-10 14:26:35,825 [INFO] UtilMem:75 - End SaveConfig() Used Memory: 664126016 Bytes (1073741824)
2025-05-10 14:26:36,579 [INFO] UtilMem:75 - End SaveConfig() Used Memory: 685097536 Bytes (1073741824)
2025-05-10 14:26:37,722 [INFO] UtilMem:75 - End SaveConfig() Used Memory: 730186304 Bytes (1073741824)
2025-05-10 14:26:38,233 [INFO] BlockDiagram:2766 - set Specific Code input for plugin: SPI
2025-05-10 14:26:38,233 [INFO] BlockDiagram:2766 - set Specific Code input for plugin: TIM1_8G4
2025-05-10 14:26:38,233 [INFO] BlockDiagram:2766 - set Specific Code input for plugin: SYS
2025-05-10 14:26:38,233 [INFO] BlockDiagram:2766 - set Specific Code input for plugin: ADC
2025-05-10 14:26:38,233 [INFO] BlockDiagram:2766 - set Specific Code input for plugin: RCC
2025-05-10 14:26:38,233 [INFO] BlockDiagram:2766 - set Specific Code input for plugin: NVIC
2025-05-10 14:26:38,233 [INFO] BlockDiagram:2766 - set Specific Code input for plugin: USART
2025-05-10 14:26:38,234 [INFO] BlockDiagram:2766 - set Specific Code input for plugin: GPIO
2025-05-10 14:26:38,234 [INFO] CodeGenerator:896 - code generatio: config db path: C:\ST\STM32CubeIDE_1.16.1\STM32CubeIDE\plugins\com.st.stm32cube.common.mx_6.13.0.202411220809\\db\
2025-05-10 14:26:38,434 [INFO] CodeEngine:255 - oldGeneratedFile, E:\AGH\AiR\Praca_inzynierska\bldc_foc\Projects\BLDC_FOC\MXTmpFiles\license.tmp_save
2025-05-10 14:26:38,710 [INFO] CodeEngine:279 - Generated code: E:\AGH\AiR\Praca_inzynierska\bldc_foc\Projects\BLDC_FOC\MXTmpFiles\license.tmp
2025-05-10 14:26:38,887 [INFO] CodeEngine:255 - oldGeneratedFile, E:\AGH\AiR\Praca_inzynierska\bldc_foc\Projects\BLDC_FOC\Core\Src\gpio.c_save
2025-05-10 14:26:39,036 [INFO] CodeEngine:279 - Generated code: E:\AGH\AiR\Praca_inzynierska\bldc_foc\Projects\BLDC_FOC\Core\Src\gpio.c
2025-05-10 14:26:39,054 [INFO] CodeEngine:255 - oldGeneratedFile, E:\AGH\AiR\Praca_inzynierska\bldc_foc\Projects\BLDC_FOC\Core\Inc\gpio.h_save
2025-05-10 14:26:39,153 [INFO] CodeEngine:279 - Generated code: E:\AGH\AiR\Praca_inzynierska\bldc_foc\Projects\BLDC_FOC\Core\Inc\gpio.h
2025-05-10 14:26:39,647 [INFO] CodeEngine:255 - oldGeneratedFile, E:\AGH\AiR\Praca_inzynierska\bldc_foc\Projects\BLDC_FOC\Core\Src\adc.c_save
2025-05-10 14:26:39,832 [INFO] CodeEngine:279 - Generated code: E:\AGH\AiR\Praca_inzynierska\bldc_foc\Projects\BLDC_FOC\Core\Src\adc.c
2025-05-10 14:26:39,852 [INFO] CodeEngine:255 - oldGeneratedFile, E:\AGH\AiR\Praca_inzynierska\bldc_foc\Projects\BLDC_FOC\Core\Inc\adc.h_save
2025-05-10 14:26:39,938 [INFO] CodeEngine:279 - Generated code: E:\AGH\AiR\Praca_inzynierska\bldc_foc\Projects\BLDC_FOC\Core\Inc\adc.h
2025-05-10 14:26:39,955 [INFO] CodeEngine:255 - oldGeneratedFile, E:\AGH\AiR\Praca_inzynierska\bldc_foc\Projects\BLDC_FOC\Core\Src\spi.c_save
2025-05-10 14:26:40,051 [INFO] CodeEngine:279 - Generated code: E:\AGH\AiR\Praca_inzynierska\bldc_foc\Projects\BLDC_FOC\Core\Src\spi.c
2025-05-10 14:26:40,055 [INFO] CodeEngine:255 - oldGeneratedFile, E:\AGH\AiR\Praca_inzynierska\bldc_foc\Projects\BLDC_FOC\Core\Inc\spi.h_save
2025-05-10 14:26:40,153 [INFO] CodeEngine:279 - Generated code: E:\AGH\AiR\Praca_inzynierska\bldc_foc\Projects\BLDC_FOC\Core\Inc\spi.h
2025-05-10 14:26:40,169 [INFO] CodeEngine:255 - oldGeneratedFile, E:\AGH\AiR\Praca_inzynierska\bldc_foc\Projects\BLDC_FOC\Core\Src\tim.c_save
2025-05-10 14:26:40,277 [INFO] CodeEngine:279 - Generated code: E:\AGH\AiR\Praca_inzynierska\bldc_foc\Projects\BLDC_FOC\Core\Src\tim.c
2025-05-10 14:26:40,280 [INFO] CodeEngine:255 - oldGeneratedFile, E:\AGH\AiR\Praca_inzynierska\bldc_foc\Projects\BLDC_FOC\Core\Inc\tim.h_save
2025-05-10 14:26:40,359 [INFO] CodeEngine:279 - Generated code: E:\AGH\AiR\Praca_inzynierska\bldc_foc\Projects\BLDC_FOC\Core\Inc\tim.h
2025-05-10 14:26:40,372 [INFO] CodeEngine:255 - oldGeneratedFile, E:\AGH\AiR\Praca_inzynierska\bldc_foc\Projects\BLDC_FOC\Core\Src\usart.c_save
2025-05-10 14:26:40,473 [INFO] CodeEngine:279 - Generated code: E:\AGH\AiR\Praca_inzynierska\bldc_foc\Projects\BLDC_FOC\Core\Src\usart.c
2025-05-10 14:26:40,477 [INFO] CodeEngine:255 - oldGeneratedFile, E:\AGH\AiR\Praca_inzynierska\bldc_foc\Projects\BLDC_FOC\Core\Inc\usart.h_save
2025-05-10 14:26:40,555 [INFO] CodeEngine:279 - Generated code: E:\AGH\AiR\Praca_inzynierska\bldc_foc\Projects\BLDC_FOC\Core\Inc\usart.h
2025-05-10 14:26:40,579 [INFO] CodeEngine:255 - oldGeneratedFile, E:\AGH\AiR\Praca_inzynierska\bldc_foc\Projects\BLDC_FOC\Core\Src\stm32g4xx_it.c_save
2025-05-10 14:26:40,687 [INFO] CodeEngine:279 - Generated code: E:\AGH\AiR\Praca_inzynierska\bldc_foc\Projects\BLDC_FOC\Core\Src\stm32g4xx_it.c
2025-05-10 14:26:40,705 [INFO] CodeEngine:255 - oldGeneratedFile, E:\AGH\AiR\Praca_inzynierska\bldc_foc\Projects\BLDC_FOC\Core\Inc\stm32g4xx_it.h_save
2025-05-10 14:26:40,770 [INFO] CodeEngine:279 - Generated code: E:\AGH\AiR\Praca_inzynierska\bldc_foc\Projects\BLDC_FOC\Core\Inc\stm32g4xx_it.h
2025-05-10 14:26:40,793 [INFO] CodeEngine:255 - oldGeneratedFile, E:\AGH\AiR\Praca_inzynierska\bldc_foc\Projects\BLDC_FOC\Core\Src\stm32g4xx_hal_msp.c_save
2025-05-10 14:26:40,869 [INFO] CodeEngine:279 - Generated code: E:\AGH\AiR\Praca_inzynierska\bldc_foc\Projects\BLDC_FOC\Core\Src\stm32g4xx_hal_msp.c
2025-05-10 14:26:40,877 [INFO] CodeEngine:255 - oldGeneratedFile, E:\AGH\AiR\Praca_inzynierska\bldc_foc\Projects\BLDC_FOC\MXTmpFiles\system.tmp_save
2025-05-10 14:26:40,932 [INFO] CodeEngine:279 - Generated code: E:\AGH\AiR\Praca_inzynierska\bldc_foc\Projects\BLDC_FOC\MXTmpFiles\system.tmp
2025-05-10 14:26:40,951 [INFO] CodeEngine:311 - oldGeneratedFile, E:\AGH\AiR\Praca_inzynierska\bldc_foc\Projects\BLDC_FOC\Core\Inc\stm32g4xx_hal_conf.h_save
2025-05-10 14:26:41,024 [INFO] CodeEngine:335 - Generated code: E:\AGH\AiR\Praca_inzynierska\bldc_foc\Projects\BLDC_FOC\Core\Inc\stm32g4xx_hal_conf.h
2025-05-10 14:26:41,051 [WARN] IPConfigManager:3034 - Warning: the RefConfig RCC_CommonPeriphClockConfig is not available in your config.xml file
2025-05-10 14:26:41,055 [INFO] ApiDbMcu:508 - Load IP Config File for ADC1
2025-05-10 14:26:41,057 [INFO] ApiDbMcu:508 - Load IP Config File for SPI3
2025-05-10 14:26:41,067 [INFO] ApiDbMcu:508 - Load IP Config File for TIM1
2025-05-10 14:26:41,074 [INFO] ApiDbMcu:508 - Load IP Config File for USART2
2025-05-10 14:26:41,076 [INFO] ApiDbMcu:508 - Load IP Config File for RCC
2025-05-10 14:26:41,097 [INFO] CodeEngine:255 - oldGeneratedFile, E:\AGH\AiR\Praca_inzynierska\bldc_foc\Projects\BLDC_FOC\Core\Inc\main.h_save
2025-05-10 14:26:41,174 [INFO] CodeEngine:279 - Generated code: E:\AGH\AiR\Praca_inzynierska\bldc_foc\Projects\BLDC_FOC\Core\Inc\main.h
2025-05-10 14:26:41,193 [INFO] CodeEngine:255 - oldGeneratedFile, E:\AGH\AiR\Praca_inzynierska\bldc_foc\Projects\BLDC_FOC\Core\Src\main.c_save
2025-05-10 14:26:41,294 [INFO] CodeEngine:279 - Generated code: E:\AGH\AiR\Praca_inzynierska\bldc_foc\Projects\BLDC_FOC\Core\Src\main.c
2025-05-10 14:26:41,543 [INFO] ProjectBuilder:3289 - Time for Copy HAL[1] : 126mS.
2025-05-10 14:26:41,548 [INFO] ProjectBuilder:4876 - Project Generator version: 4.5.0-RC5
2025-05-10 14:26:41,615 [INFO] ConfigFileManager:1579 - The Die is : DIE468
2025-05-10 14:26:41,625 [INFO] ApiDbMcu:508 - Load IP Config File for FATFS
2025-05-10 14:26:41,637 [INFO] ApiDbMcu:508 - Load IP Config File for FREERTOS
2025-05-10 14:26:41,648 [INFO] ApiDbMcu:508 - Load IP Config File for USBPD
2025-05-10 14:26:41,670 [INFO] ApiDbMcu:508 - Load IP Config File for USB_DEVICE
2025-05-10 14:26:42,270 [INFO] LogOutputStream:77 - [STDOUT_REDIRECT] 
2025-05-10 14:26:43,665 [INFO] ProjectBuilder:5154 - Time for Generating toolchain IDE Files: 2116mS.
2025-05-10 14:26:43,666 [INFO] ProjectBuilder:3146 - Time for Copy CMSIS : 0mS.
2025-05-10 14:26:43,667 [INFO] ProjectBuilder:3146 - Time for Copy CMSIS : 0mS.
2025-05-10 14:56:31,392 [INFO] Activator:176 - 


2025-05-10 14:56:31,394 [INFO] Activator:177 - !SESSION log4j initialized
2025-05-10 14:56:35,490 [INFO] LogOutputStream:77 - [STDOUT_REDIRECT] 
2025-05-10 14:56:36,328 [INFO] ApplicationProperties:184 - Using Application install path: C:\ST\STM32CubeIDE_1.16.1\STM32CubeIDE\plugins\com.st.stm32cube.common.mx_6.13.0.202411220809
2025-05-10 14:56:36,345 [INFO] DbMcusXml:78 - Set database path to: C:\ST\STM32CubeIDE_1.16.1\STM32CubeIDE\plugins\com.st.stm32cube.common.mx_6.13.0.202411220809\\db\/mcu/
2025-05-10 14:56:36,345 [INFO] ApiDb:274 - Set plugin database path to: C:\ST\STM32CubeIDE_1.16.1\STM32CubeIDE\plugins\com.st.stm32cube.common.mx_6.13.0.202411220809\\db\/plugins/boardmanager/
2025-05-10 14:56:36,346 [WARN] ApiDb:259 - Overriding images path with different value:  => C:\ST\STM32CubeIDE_1.16.1\STM32CubeIDE\plugins\com.st.stm32cube.common.mx_6.13.0.202411220809\\db\/plugins/mcufinder/images/
2025-05-10 14:56:36,349 [INFO] ApiDb:250 - Set database path to: C:\Users\Miloush\.stmcufinder\plugins\mcufinder//mcu/
2025-05-10 14:56:36,350 [INFO] DbMcusAds:125 - Set database path to: C:\Users\Miloush\.stmcufinder\plugins\mcufinder//mcu/
2025-05-10 14:56:36,352 [INFO] CrossReferenceDbSqlite:203 - Set database path to: C:\Users\Miloush\.stmcufinder\plugins\mcufinder//mcu/cs/
2025-05-10 14:56:36,468 [INFO] RulesReader:64 - Compatibility file has been processed (297 Rules)
2025-05-10 14:56:36,549 [INFO] DbMcusXml:78 - Set database path to: C:\ST\STM32CubeIDE_1.16.1\STM32CubeIDE\plugins\com.st.stm32cube.common.mx_6.13.0.202411220809\\db\/mcu/
2025-05-10 14:56:36,549 [INFO] ApiDb:274 - Set plugin database path to: C:\ST\STM32CubeIDE_1.16.1\STM32CubeIDE\plugins\com.st.stm32cube.common.mx_6.13.0.202411220809\\db\/plugins/boardmanager/
2025-05-10 14:56:36,549 [INFO] ApiDb:261 - Set plugin images path to: C:\ST\STM32CubeIDE_1.16.1\STM32CubeIDE\plugins\com.st.stm32cube.common.mx_6.13.0.202411220809\\db\/plugins/mcufinder/images/
2025-05-10 14:56:36,549 [WARN] DbFile:41 - Overriding database path with different value: C:\Users\Miloush\.stmcufinder\plugins\mcufinder/ => C:\Users\Miloush\.stmcufinder\plugins\mcufinder
2025-05-10 14:56:36,550 [INFO] ApiDb:250 - Set database path to: C:\Users\Miloush\.stmcufinder\plugins\mcufinder//mcu/
2025-05-10 14:56:36,550 [WARN] DbFile:41 - Overriding database path with different value: C:\Users\Miloush\.stmcufinder\plugins\mcufinder/ => C:\Users\Miloush\.stmcufinder\plugins\mcufinder
2025-05-10 14:56:36,550 [INFO] DbMcusAds:125 - Set database path to: C:\Users\Miloush\.stmcufinder\plugins\mcufinder//mcu/
2025-05-10 14:56:36,550 [WARN] DbFile:41 - Overriding database path with different value: C:\Users\Miloush\.stmcufinder\plugins\mcufinder/ => C:\Users\Miloush\.stmcufinder\plugins\mcufinder
2025-05-10 14:56:36,550 [WARN] DbFile:41 - Overriding database path with different value: C:\Users\Miloush\.stmcufinder\plugins\mcufinder/ => C:\Users\Miloush\.stmcufinder\plugins\mcufinder
2025-05-10 14:56:36,550 [INFO] CrossReferenceDbSqlite:203 - Set database path to: C:\Users\Miloush\.stmcufinder\plugins\mcufinder//mcu/cs/
2025-05-10 14:56:36,598 [INFO] MainPanel:272 - HeapMemory: 268435456
2025-05-10 14:56:36,655 [INFO] DbMcusXml:78 - Set database path to: C:\ST\STM32CubeIDE_1.16.1\STM32CubeIDE\plugins\com.st.stm32cube.common.mx_6.13.0.202411220809\\db\/mcu/
2025-05-10 14:56:36,655 [INFO] ApiDb:274 - Set plugin database path to: C:\ST\STM32CubeIDE_1.16.1\STM32CubeIDE\plugins\com.st.stm32cube.common.mx_6.13.0.202411220809\\db\/plugins/boardmanager/
2025-05-10 14:56:36,655 [INFO] ApiDb:261 - Set plugin images path to: C:\ST\STM32CubeIDE_1.16.1\STM32CubeIDE\plugins\com.st.stm32cube.common.mx_6.13.0.202411220809\\db\/plugins/mcufinder/images/
2025-05-10 14:56:36,655 [WARN] DbFile:41 - Overriding database path with different value: C:\Users\Miloush\.stmcufinder\plugins\mcufinder/ => C:\Users\Miloush\.stmcufinder\plugins\mcufinder
2025-05-10 14:56:36,655 [INFO] ApiDb:250 - Set database path to: C:\Users\Miloush\.stmcufinder\plugins\mcufinder//mcu/
2025-05-10 14:56:36,655 [WARN] DbFile:41 - Overriding database path with different value: C:\Users\Miloush\.stmcufinder\plugins\mcufinder/ => C:\Users\Miloush\.stmcufinder\plugins\mcufinder
2025-05-10 14:56:36,656 [INFO] DbMcusAds:125 - Set database path to: C:\Users\Miloush\.stmcufinder\plugins\mcufinder//mcu/
2025-05-10 14:56:36,656 [WARN] DbFile:41 - Overriding database path with different value: C:\Users\Miloush\.stmcufinder\plugins\mcufinder/ => C:\Users\Miloush\.stmcufinder\plugins\mcufinder
2025-05-10 14:56:36,656 [WARN] DbFile:41 - Overriding database path with different value: C:\Users\Miloush\.stmcufinder\plugins\mcufinder/ => C:\Users\Miloush\.stmcufinder\plugins\mcufinder
2025-05-10 14:56:36,656 [INFO] CrossReferenceDbSqlite:203 - Set database path to: C:\Users\Miloush\.stmcufinder\plugins\mcufinder//mcu/cs/
2025-05-10 14:56:36,669 [INFO] ApplicationProperties:184 - Using Application install path: C:\ST\STM32CubeIDE_1.16.1\STM32CubeIDE\plugins\com.st.stm32cube.common.mx_6.13.0.202411220809
2025-05-10 14:56:36,669 [INFO] PluginManage:196 - Search for loadable plugins [exclusion list=, ]
2025-05-10 14:56:36,670 [INFO] PluginManage:310 - Check plugin analytics
2025-05-10 14:56:36,841 [INFO] AnalyticsPlugin:253 - Accepted Software Licenses: 
2025-05-10 14:56:36,842 [INFO] AnalyticsPlugin:255 - Accepted CMSIS Pack Licenses: 
2025-05-10 14:56:36,842 [INFO] AnalyticsPlugin:257 - Accepted Firmware Licenses: FW.G4.1.6.0
2025-05-10 14:56:36,846 [INFO] PluginManage:359 - Loaded plugin analytics (category:tool,tabindex:-1)
2025-05-10 14:56:36,846 [INFO] PluginManage:310 - Check plugin cadmodel
2025-05-10 14:56:36,850 [INFO] CADModel:105 - Init CAD model plugin
2025-05-10 14:56:36,850 [INFO] PluginManage:359 - Loaded plugin cadmodel (category:power,tabindex:5)
2025-05-10 14:56:36,850 [INFO] PluginManage:310 - Check plugin clock
2025-05-10 14:56:36,857 [INFO] PluginManage:359 - Loaded plugin clock (category:base,tabindex:2)
2025-05-10 14:56:36,857 [INFO] PluginManage:310 - Check plugin ddr
2025-05-10 14:56:36,859 [INFO] PluginManage:359 - Loaded plugin ddr (category:tool,tabindex:6)
2025-05-10 14:56:36,859 [INFO] PluginManage:310 - Check plugin filemanager
2025-05-10 14:56:36,959 [INFO] PluginManage:359 - Loaded plugin filemanager (category:base,tabindex:10)
2025-05-10 14:56:36,959 [INFO] PluginManage:310 - Check plugin ipmanager
2025-05-10 14:56:36,967 [INFO] PluginManage:359 - Loaded plugin ipmanager (category:base,tabindex:5)
2025-05-10 14:56:36,967 [INFO] PluginManage:310 - Check plugin lpbam
2025-05-10 14:56:36,973 [INFO] PluginManage:359 - Loaded plugin lpbam (category:base,tabindex:0)
2025-05-10 14:56:36,975 [INFO] PluginManage:310 - Check plugin memorymap
2025-05-10 14:56:36,982 [INFO] PluginManage:359 - Loaded plugin memorymap (category:base,tabindex:4)
2025-05-10 14:56:36,982 [INFO] PluginManage:310 - Check plugin pinoutandconfiguration
2025-05-10 14:56:36,987 [INFO] PluginManage:359 - Loaded plugin pinoutandconfiguration (category:base,tabindex:1)
2025-05-10 14:56:36,987 [INFO] PluginManage:310 - Check plugin pinoutconfig
2025-05-10 14:56:37,046 [WARN] SupportedApi:132 - Cannot load RTOS API schema: s4s-elt-must-match.1: The content of 'definitions' must match (annotation?, (simpleType | complexType)?, (unique | key | keyref)*)). A problem was found starting at: attribute.
2025-05-10 14:56:37,138 [INFO] PluginManage:359 - Loaded plugin pinoutconfig (category:base,tabindex:0)
2025-05-10 14:56:37,138 [INFO] PluginManage:310 - Check plugin power
2025-05-10 14:56:37,144 [INFO] PluginManage:359 - Loaded plugin power (category:power,tabindex:4)
2025-05-10 14:56:37,144 [INFO] PluginManage:310 - Check plugin projectmanager
2025-05-10 14:56:37,153 [INFO] PluginManage:359 - Loaded plugin projectmanager (category:projectmanager,tabindex:4)
2025-05-10 14:56:37,154 [INFO] PluginManage:310 - Check plugin rif
2025-05-10 14:56:37,157 [INFO] PluginManage:359 - Loaded plugin rif (category:base,tabindex:3)
2025-05-10 14:56:37,158 [INFO] PluginManage:310 - Check plugin thirdparty
2025-05-10 14:56:37,249 [WARN] IntegrityCheckThread:84 - waiting for thirdparty lock release [integrity check]
2025-05-10 14:56:37,249 [INFO] IntegrityCheckThread:86 - entering critical section [integrity check]
2025-05-10 14:56:37,249 [INFO] ThirdPartyUpdaterWithRetryManager:70 - Updater plugin not ready yet. [1/15]
2025-05-10 14:56:37,249 [INFO] PluginManage:359 - Loaded plugin thirdparty (category:base,tabindex:-1)
2025-05-10 14:56:37,250 [INFO] PluginManage:310 - Check plugin tools
2025-05-10 14:56:37,253 [INFO] PluginManage:359 - Loaded plugin tools (category:base,tabindex:7)
2025-05-10 14:56:37,253 [INFO] PluginManage:310 - Check plugin tutovideos
2025-05-10 14:56:37,371 [INFO] PluginManage:359 - Loaded plugin tutovideos (category:base,tabindex:-1)
2025-05-10 14:56:37,371 [INFO] PluginManage:310 - Check plugin updater
2025-05-10 14:56:37,386 [INFO] PluginManage:359 - Loaded plugin updater (category:base,tabindex:12)
2025-05-10 14:56:37,386 [INFO] PluginManage:310 - Check plugin userauth
2025-05-10 14:56:37,388 [INFO] UserAuth:118 - Init User Auth plugin
2025-05-10 14:56:37,389 [INFO] PluginManage:359 - Loaded plugin userauth (category:base,tabindex:14)
2025-05-10 14:56:37,389 [INFO] PluginManage:283 - PluginManage : Loaded plugins [18]
2025-05-10 14:56:37,546 [INFO] PinOutPanel:1589 - setPackage(No Configuration,No Configuration)
2025-05-10 14:56:37,614 [INFO] CADModel:165 - CPN selected for project level
2025-05-10 14:56:37,614 [INFO] CADModel:114 - Register for checkConnection events
2025-05-10 14:56:37,625 [INFO] IPUIPlugin:80 - create IPUIPlugin
2025-05-10 14:56:37,625 [INFO] PluginManager:220 - loadIPPluginJar : add adc
2025-05-10 14:56:37,627 [INFO] IPUIPlugin:80 - create IPUIPlugin
2025-05-10 14:56:37,628 [INFO] PluginManager:220 - loadIPPluginJar : add aes
2025-05-10 14:56:37,629 [INFO] IPUIPlugin:80 - create IPUIPlugin
2025-05-10 14:56:37,630 [INFO] PluginManager:220 - loadIPPluginJar : add can
2025-05-10 14:56:37,631 [INFO] IPUIPlugin:80 - create IPUIPlugin
2025-05-10 14:56:37,631 [INFO] PluginManager:220 - loadIPPluginJar : add comp
2025-05-10 14:56:37,633 [INFO] IPUIPlugin:80 - create IPUIPlugin
2025-05-10 14:56:37,633 [INFO] PluginManager:220 - loadIPPluginJar : add cryp
2025-05-10 14:56:37,635 [INFO] IPUIPlugin:80 - create IPUIPlugin
2025-05-10 14:56:37,635 [INFO] PluginManager:220 - loadIPPluginJar : add ddr_ctrl_phy
2025-05-10 14:56:37,638 [INFO] IPUIPlugin:80 - create IPUIPlugin
2025-05-10 14:56:37,638 [INFO] PluginManager:220 - loadIPPluginJar : add dfsdm
2025-05-10 14:56:37,643 [INFO] IPUIPlugin:80 - create IPUIPlugin
2025-05-10 14:56:37,643 [INFO] PluginManager:220 - loadIPPluginJar : add dma
2025-05-10 14:56:37,645 [INFO] IPUIPlugin:80 - create IPUIPlugin
2025-05-10 14:56:37,646 [INFO] PluginManager:220 - loadIPPluginJar : add dma3
2025-05-10 14:56:37,647 [INFO] IPUIPlugin:80 - create IPUIPlugin
2025-05-10 14:56:37,648 [INFO] PluginManager:220 - loadIPPluginJar : add extmemmanager
2025-05-10 14:56:37,648 [INFO] IPUIPlugin:80 - create IPUIPlugin
2025-05-10 14:56:37,648 [INFO] PluginManager:220 - loadIPPluginJar : add fatfs
2025-05-10 14:56:37,651 [INFO] IPUIPlugin:80 - create IPUIPlugin
2025-05-10 14:56:37,651 [INFO] PluginManager:220 - loadIPPluginJar : add fmc
2025-05-10 14:56:37,656 [INFO] IPUIPlugin:80 - create IPUIPlugin
2025-05-10 14:56:37,656 [INFO] PluginManager:220 - loadIPPluginJar : add freertos
2025-05-10 14:56:37,657 [INFO] IPUIPlugin:80 - create IPUIPlugin
2025-05-10 14:56:37,657 [INFO] PluginManager:220 - loadIPPluginJar : add genericplugin
2025-05-10 14:56:37,658 [INFO] IPUIPlugin:80 - create IPUIPlugin
2025-05-10 14:56:37,658 [INFO] PluginManager:220 - loadIPPluginJar : add gfxmmu
2025-05-10 14:56:37,661 [INFO] IPUIPlugin:80 - create IPUIPlugin
2025-05-10 14:56:37,661 [INFO] PluginManager:220 - loadIPPluginJar : add gic
2025-05-10 14:56:37,663 [INFO] IPUIPlugin:80 - create IPUIPlugin
2025-05-10 14:56:37,664 [INFO] PluginManager:220 - loadIPPluginJar : add gpio
2025-05-10 14:56:37,666 [INFO] IPUIPlugin:80 - create IPUIPlugin
2025-05-10 14:56:37,666 [INFO] PluginManager:220 - loadIPPluginJar : add gtzc
2025-05-10 14:56:37,667 [INFO] IPUIPlugin:80 - create IPUIPlugin
2025-05-10 14:56:37,667 [INFO] PluginManager:220 - loadIPPluginJar : add hash
2025-05-10 14:56:37,670 [INFO] IPUIPlugin:80 - create IPUIPlugin
2025-05-10 14:56:37,670 [INFO] PluginManager:220 - loadIPPluginJar : add i2c
2025-05-10 14:56:37,671 [INFO] IPUIPlugin:80 - create IPUIPlugin
2025-05-10 14:56:37,671 [INFO] PluginManager:220 - loadIPPluginJar : add i2s
2025-05-10 14:56:37,672 [INFO] IPUIPlugin:80 - create IPUIPlugin
2025-05-10 14:56:37,673 [INFO] PluginManager:220 - loadIPPluginJar : add i3c
2025-05-10 14:56:37,675 [INFO] IPUIPlugin:80 - create IPUIPlugin
2025-05-10 14:56:37,675 [INFO] PluginManager:220 - loadIPPluginJar : add ipddr
2025-05-10 14:56:37,680 [INFO] IPUIPlugin:80 - create IPUIPlugin
2025-05-10 14:56:37,681 [INFO] PluginManager:220 - loadIPPluginJar : add linkedlist
2025-05-10 14:56:37,684 [INFO] IPUIPlugin:80 - create IPUIPlugin
2025-05-10 14:56:37,684 [INFO] PluginManager:220 - loadIPPluginJar : add lorawan
2025-05-10 14:56:37,684 [INFO] IPUIPlugin:80 - create IPUIPlugin
2025-05-10 14:56:37,685 [INFO] PluginManager:220 - loadIPPluginJar : add ltdc
2025-05-10 14:56:37,688 [INFO] IPUIPlugin:80 - create IPUIPlugin
2025-05-10 14:56:37,690 [INFO] PluginManager:220 - loadIPPluginJar : add mdma
2025-05-10 14:56:37,691 [INFO] IPUIPlugin:80 - create IPUIPlugin
2025-05-10 14:56:37,691 [INFO] PluginManager:220 - loadIPPluginJar : add nvic
2025-05-10 14:56:37,693 [INFO] IPUIPlugin:80 - create IPUIPlugin
2025-05-10 14:56:37,693 [INFO] PluginManager:220 - loadIPPluginJar : add opamp
2025-05-10 14:56:37,696 [INFO] IPUIPlugin:80 - create IPUIPlugin
2025-05-10 14:56:37,696 [INFO] PluginManager:220 - loadIPPluginJar : add openamp
2025-05-10 14:56:37,698 [INFO] IPUIPlugin:80 - create IPUIPlugin
2025-05-10 14:56:37,698 [INFO] PluginManager:220 - loadIPPluginJar : add pdm2pcm
2025-05-10 14:56:37,701 [INFO] IPUIPlugin:80 - create IPUIPlugin
2025-05-10 14:56:37,703 [INFO] PluginManager:220 - loadIPPluginJar : add plateformsettings
2025-05-10 14:56:37,704 [INFO] IPUIPlugin:80 - create IPUIPlugin
2025-05-10 14:56:37,704 [INFO] PluginManager:220 - loadIPPluginJar : add quadspi
2025-05-10 14:56:37,705 [INFO] IPUIPlugin:80 - create IPUIPlugin
2025-05-10 14:56:37,706 [INFO] PluginManager:220 - loadIPPluginJar : add radio
2025-05-10 14:56:37,708 [INFO] IPUIPlugin:80 - create IPUIPlugin
2025-05-10 14:56:37,708 [INFO] PluginManager:220 - loadIPPluginJar : add resmgrutility
2025-05-10 14:56:37,709 [INFO] IPUIPlugin:80 - create IPUIPlugin
2025-05-10 14:56:37,710 [INFO] PluginManager:220 - loadIPPluginJar : add sai
2025-05-10 14:56:37,711 [INFO] IPUIPlugin:80 - create IPUIPlugin
2025-05-10 14:56:37,711 [INFO] PluginManager:220 - loadIPPluginJar : add spi
2025-05-10 14:56:37,715 [INFO] IPUIPlugin:80 - create IPUIPlugin
2025-05-10 14:56:37,715 [INFO] PluginManager:220 - loadIPPluginJar : add stm32_wpan
2025-05-10 14:56:37,716 [INFO] IPUIPlugin:80 - create IPUIPlugin
2025-05-10 14:56:37,716 [INFO] PluginManager:220 - loadIPPluginJar : add tim
2025-05-10 14:56:37,718 [INFO] IPUIPlugin:80 - create IPUIPlugin
2025-05-10 14:56:37,718 [INFO] PluginManager:220 - loadIPPluginJar : add touchsensing
2025-05-10 14:56:37,719 [INFO] IPUIPlugin:80 - create IPUIPlugin
2025-05-10 14:56:37,719 [INFO] PluginManager:220 - loadIPPluginJar : add tracer_emb
2025-05-10 14:56:37,720 [INFO] IPUIPlugin:80 - create IPUIPlugin
2025-05-10 14:56:37,720 [INFO] PluginManager:220 - loadIPPluginJar : add ts
2025-05-10 14:56:37,721 [INFO] IPUIPlugin:80 - create IPUIPlugin
2025-05-10 14:56:37,721 [INFO] PluginManager:220 - loadIPPluginJar : add tsc
2025-05-10 14:56:37,721 [INFO] IPUIPlugin:80 - create IPUIPlugin
2025-05-10 14:56:37,722 [INFO] PluginManager:220 - loadIPPluginJar : add ucpd
2025-05-10 14:56:37,723 [INFO] IPUIPlugin:80 - create IPUIPlugin
2025-05-10 14:56:37,723 [INFO] PluginManager:220 - loadIPPluginJar : add usart
2025-05-10 14:56:37,724 [INFO] IPUIPlugin:80 - create IPUIPlugin
2025-05-10 14:56:37,724 [INFO] PluginManager:220 - loadIPPluginJar : add usbx
2025-05-10 14:56:37,837 [FATAL] Updater:351 - Updater called before beeing initialized
2025-05-10 14:56:37,854 [INFO] RulesReader:64 - Compatibility file has been processed (297 Rules)
2025-05-10 14:56:37,864 [INFO] RulesReader:64 - Compatibility file has been processed (297 Rules)
2025-05-10 14:56:37,871 [INFO] CADModel:165 - CPN selected for project level
2025-05-10 14:56:37,871 [INFO] CADModel:114 - Register for checkConnection events
2025-05-10 14:56:37,871 [FATAL] Updater:351 - Updater called before beeing initialized
2025-05-10 14:56:37,871 [ERROR] CADModel:125 - Updater not yet initialized, retry later 
2025-05-10 14:56:37,985 [FATAL] Updater:351 - Updater called before beeing initialized
2025-05-10 14:56:37,986 [INFO] CADModel:165 - CPN selected for project level
2025-05-10 14:56:37,986 [INFO] CADModel:114 - Register for checkConnection events
2025-05-10 14:56:37,986 [FATAL] Updater:351 - Updater called before beeing initialized
2025-05-10 14:56:37,986 [ERROR] CADModel:125 - Updater not yet initialized, retry later 
2025-05-10 14:56:37,988 [FATAL] Updater:351 - Updater called before beeing initialized
2025-05-10 14:56:38,082 [FATAL] Updater:351 - Updater called before beeing initialized
2025-05-10 14:56:38,085 [INFO] DbMcusAds:53 - JSON generation date=Thu Mar 06 15:54:22 CET 2025 (1741272862078)
2025-05-10 14:56:38,085 [FATAL] Updater:351 - Updater called before beeing initialized
2025-05-10 14:56:38,109 [WARN] DetailPanel:346 - Failed to get advertising image, set to default
2025-05-10 14:56:38,273 [FATAL] Updater:351 - Updater called before beeing initialized
2025-05-10 14:56:38,274 [FATAL] Updater:351 - Updater called before beeing initialized
2025-05-10 14:56:38,275 [FATAL] Updater:351 - Updater called before beeing initialized
2025-05-10 14:56:38,275 [WARN] DetailPanel:346 - Failed to get advertising image, set to default
2025-05-10 14:56:38,275 [FATAL] Updater:351 - Updater called before beeing initialized
2025-05-10 14:56:38,304 [ERROR] Updater:1198 - MainUpdater not yet initialized. External WinMGr cannot be set.
2025-05-10 14:56:38,306 [INFO] Updater:1134 - Updater Version found : 6.13.0
2025-05-10 14:56:38,319 [INFO] ApplicationProperties:184 - Using Application install path: C:\ST\STM32CubeIDE_1.16.1\STM32CubeIDE\plugins\com.st.stm32cube.common.mx_6.13.0.202411220809
2025-05-10 14:56:38,603 [INFO] MainUpdater:2872 - connection check result : 10
2025-05-10 14:56:38,603 [INFO] MainUpdater:289 - Updater Check For Update Now.
2025-05-10 14:56:38,604 [INFO] MicroXplorer:498 - Change Database Version : DB.6.0.130
2025-05-10 14:56:38,608 [INFO] McuFinderGlobals:63 - Set McuFinder mode to 2 (CubeIDE integrated)
2025-05-10 14:56:38,609 [INFO] UserAuth:486 - Internet connection configuration mode: 1
2025-05-10 14:56:38,636 [INFO] JxBrowserEngine:152 - Initiate JxBrowser Engine with user profile folder
2025-05-10 14:56:38,776 [INFO] CheckServerUpdateThread:120 - End of CheckServer Thread
2025-05-10 14:56:39,091 [INFO] WebApp:168 - Instantiating new browser for Auth
2025-05-10 14:56:39,523 [INFO] WebApp:449 - Apply proxy settings
2025-05-10 14:56:39,523 [INFO] WebApp:534 - Chromium requires no authentication
2025-05-10 14:56:39,528 [INFO] WebApp:477 - Direct internet connection detected
2025-05-10 14:56:39,539 [INFO] WebApp:880 - Register for checkConnection events
2025-05-10 14:56:39,539 [INFO] WebApp:449 - Apply proxy settings
2025-05-10 14:56:39,540 [INFO] WebApp:534 - Chromium requires no authentication
2025-05-10 14:56:39,540 [INFO] WebApp:477 - Direct internet connection detected
2025-05-10 14:56:39,645 [INFO] WebApp:221 - Starting web application
2025-05-10 14:56:39,645 [INFO] WebApp:579 - Web application path used C:\ST\STM32CubeIDE_1.16.1\STM32CubeIDE\plugins\com.st.stm32cube.common.mx_6.13.0.202411220809\db\plugins\mcufinder\reactClient1\index.html
2025-05-10 14:56:39,697 [INFO] UserAuth:486 - Internet connection configuration mode: 1
2025-05-10 14:56:39,771 [INFO] WebApp:187 - Connection restablished
2025-05-10 14:56:40,400 [WARN] PackLoader:240 - Cannot read IP mode file for STMicroelectronics.FP-SNS-MOTENVWB1.1.4.0
2025-05-10 14:56:40,407 [WARN] PackLoader:240 - Cannot read IP mode file for STMicroelectronics.FP-ATR-ASTRA1.2.0.2
2025-05-10 14:56:40,410 [WARN] PackLoader:240 - Cannot read IP mode file for STMicroelectronics.FP-ATR-ASTRA1.2.0.1
2025-05-10 14:56:40,415 [WARN] PackLoader:240 - Cannot read IP mode file for STMicroelectronics.X-CUBE-SMBUS.2.1.0
2025-05-10 14:56:40,421 [WARN] PackLoader:240 - Cannot read IP mode file for STMicroelectronics.X-CUBE-WB05N.1.1.0
2025-05-10 14:56:40,439 [WARN] PackLoader:240 - Cannot read IP mode file for STMicroelectronics.X-CUBE-AZRTOS-F7.1.1.0
2025-05-10 14:56:40,480 [WARN] PackLoader:240 - Cannot read IP mode file for STMicroelectronics.X-CUBE-MEMS1.11.0.0
2025-05-10 14:56:40,587 [WARN] PackLoader:240 - Cannot read IP mode file for STMicroelectronics.FP-SNS-FLIGHT1.5.0.2
2025-05-10 14:56:40,594 [WARN] PackLoader:240 - Cannot read IP mode file for STMicroelectronics.X-CUBE-DISPLAY.3.0.0
2025-05-10 14:56:40,601 [WARN] PackLoader:240 - Cannot read IP mode file for STMicroelectronics.X-CUBE-BLE1.7.0.0
2025-05-10 14:56:40,607 [WARN] PackLoader:240 - Cannot read IP mode file for STMicroelectronics.X-CUBE-NFC10.1.0.0
2025-05-10 14:56:40,614 [WARN] PackLoader:240 - Cannot read IP mode file for STMicroelectronics.X-CUBE-BLEMGR.4.0.0
2025-05-10 14:56:40,620 [WARN] PackLoader:240 - Cannot read IP mode file for emotas.I-CUBE-CANOPEN.1.3.0
2025-05-10 14:56:40,631 [WARN] PackLoader:240 - Cannot read IP mode file for STMicroelectronics.X-CUBE-BLEMGR.3.1.0
2025-05-10 14:56:40,638 [WARN] PackLoader:240 - Cannot read IP mode file for STMicroelectronics.X-CUBE-AI.10.0.0
2025-05-10 14:56:40,643 [WARN] PackLoader:240 - Cannot read IP mode file for STMicroelectronics.FP-SNS-SMARTAG2.1.2.0
2025-05-10 14:56:40,647 [WARN] PackLoader:240 - Cannot read IP mode file for STMicroelectronics.FP-SNS-FLIGHT1.5.1.0
2025-05-10 14:56:40,703 [WARN] PackLoader:240 - Cannot read IP mode file for STMicroelectronics.X-CUBE-MEMS1.11.1.0
2025-05-10 14:56:40,722 [INFO] McuFinderGlobals:63 - Set McuFinder mode to 2 (CubeIDE integrated)
2025-05-10 14:56:40,789 [INFO] LogOutputStream:77 - [STDOUT_REDIRECT] 1 : Invalid condition id : UX_CORESTACK_Condition cause : null
2025-05-10 14:56:40,790 [INFO] LogOutputStream:77 - [STDOUT_REDIRECT] 1 : Invalid condition id : UX_CORESTACK_Condition cause : null
2025-05-10 14:56:40,791 [INFO] LogOutputStream:77 - [STDOUT_REDIRECT] 1 : Invalid condition id : UX_CORESTACK_Condition cause : null
2025-05-10 14:56:40,793 [INFO] LogOutputStream:77 - [STDOUT_REDIRECT] 1 : Invalid condition id : UX_CORESTACK_Condition cause : null
2025-05-10 14:56:40,795 [INFO] LogOutputStream:77 - [STDOUT_REDIRECT] 1 : Invalid condition id : UX_CORESTACK_Condition cause : null
2025-05-10 14:56:40,797 [WARN] PackLoader:240 - Cannot read IP mode file for STMicroelectronics.X-CUBE-AZRTOS-WL.2.0.0
2025-05-10 14:56:40,801 [WARN] PackLoader:240 - Cannot read IP mode file for STMicroelectronics.FP-SNS-MOTENV1.5.0.0
2025-05-10 14:56:40,806 [WARN] PackLoader:240 - Cannot read IP mode file for wolfSSL.I-CUBE-wolfMQTT.1.19.0
2025-05-10 14:56:40,813 [WARN] PackLoader:240 - Cannot read IP mode file for WES.I-CUBE-Cesium.1.3.0
2025-05-10 14:56:40,817 [WARN] PackLoader:240 - Cannot read IP mode file for STMicroelectronics.X-CUBE-BLE2.3.3.0
2025-05-10 14:56:40,823 [WARN] PackLoader:240 - Cannot read IP mode file for STMicroelectronics.X-CUBE-NFC9.1.0.0
2025-05-10 14:56:40,826 [WARN] PackLoader:240 - Cannot read IP mode file for STMicroelectronics.X-CUBE-BLE1.7.1.0
2025-05-10 14:56:40,830 [WARN] PackLoader:240 - Cannot read IP mode file for STMicroelectronics.X-CUBE-TCPP.4.1.0
2025-05-10 14:56:40,871 [WARN] PackLoader:240 - Cannot read IP mode file for STMicroelectronics.X-CUBE-MEMS1.11.2.0
2025-05-10 14:56:40,960 [WARN] PackLoader:240 - Cannot read IP mode file for STMicroelectronics.X-CUBE-AZRTOS-G0.1.1.0
2025-05-10 14:56:40,967 [WARN] PackLoader:240 - Cannot read IP mode file for STMicroelectronics.X-CUBE-SAFEA1.1.2.2
2025-05-10 14:56:40,970 [WARN] PackLoader:240 - Cannot read IP mode file for STMicroelectronics.X-CUBE-NFC4.3.0.0
2025-05-10 14:56:40,977 [WARN] PackLoader:240 - Cannot read IP mode file for EmbeddedOffice.I-CUBE-FS-RTOS.1.0.1
2025-05-10 14:56:40,980 [WARN] PackLoader:240 - Cannot read IP mode file for STMicroelectronics.X-CUBE-WB05N.2.0.0
2025-05-10 14:56:40,983 [WARN] PackLoader:240 - Cannot read IP mode file for STMicroelectronics.X-CUBE-TCPP.4.2.0
2025-05-10 14:56:40,987 [WARN] PackLoader:240 - Cannot read IP mode file for RealThread.X-CUBE-RT-Thread_Nano.4.1.1
2025-05-10 14:56:40,991 [WARN] PackLoader:240 - Cannot read IP mode file for STMicroelectronics.FP-ATR-SIGFOX1.3.2.0
2025-05-10 14:56:40,994 [WARN] PackLoader:240 - Cannot read IP mode file for wolfSSL.I-CUBE-wolfSSL.5.7.2
2025-05-10 14:56:40,997 [WARN] ConditionMgr:438 - getConditionDescription Invalid condition id : Cortex-A Device cause : null
2025-05-10 14:56:41,010 [WARN] ConditionMgr:1044 - genDependencies : Invalid condition id : Cortex-A Device cause : null
2025-05-10 14:56:41,010 [WARN] ConditionMgr:1044 - genDependencies : Invalid condition id : Cortex-A Device cause : null
2025-05-10 14:56:41,010 [WARN] ConditionMgr:1044 - genDependencies : Invalid condition id : Cortex-A Device cause : null
2025-05-10 14:56:41,015 [WARN] PackLoader:240 - Cannot read IP mode file for STMicroelectronics.X-CUBE-EEPRMA1.5.1.0
2025-05-10 14:56:41,021 [WARN] PackLoader:240 - Cannot read IP mode file for ITTIA_DB.I-CUBE-ITTIADB.8.9.0
2025-05-10 14:56:41,041 [WARN] PackLoader:240 - Cannot read IP mode file for SEGGER.I-CUBE-embOS.1.3.1
2025-05-10 14:56:41,060 [WARN] PackLoader:240 - Cannot read IP mode file for STMicroelectronics.X-CUBE-ALGOBUILD.1.4.0
2025-05-10 14:56:41,061 [WARN] PackLoader:240 - Cannot read IP mode file for STMicroelectronics.X-CUBE-AI.9.1.0
2025-05-10 14:56:41,071 [WARN] PackLoader:240 - Cannot read IP mode file for STMicroelectronics.X-CUBE-AZRTOS-F4.1.1.0
2025-05-10 14:56:41,076 [WARN] PackLoader:240 - Cannot read IP mode file for Avnet-IotConnect.X-CUBE-IoTC-DA16k-PMOD.1.0.0
2025-05-10 14:56:41,080 [WARN] PackLoader:240 - Cannot read IP mode file for STMicroelectronics.X-CUBE-ISPU.2.1.0
2025-05-10 14:56:41,083 [WARN] PackLoader:240 - Cannot read IP mode file for STMicroelectronics.X-CUBE-FREERTOS.1.2.0
2025-05-10 14:56:41,093 [WARN] PackLoader:240 - Cannot read IP mode file for STMicroelectronics.X-CUBE-AZRTOS-L5.2.0.0
2025-05-10 14:56:41,099 [WARN] PackLoader:240 - Cannot read IP mode file for STMicroelectronics.X-CUBE-NFC6.3.1.0
2025-05-10 14:56:41,104 [WARN] PackLoader:240 - Cannot read IP mode file for STMicroelectronics.X-CUBE-DPower.1.2.0
2025-05-10 14:56:41,107 [WARN] PackLoader:240 - Cannot read IP mode file for STMicroelectronics.X-CUBE-FREERTOS.1.3.1
2025-05-10 14:56:41,110 [WARN] PackLoader:240 - Cannot read IP mode file for STMicroelectronics.X-CUBE-FREERTOS.1.3.0
2025-05-10 14:56:41,114 [WARN] PackLoader:240 - Cannot read IP mode file for STMicroelectronics.X-CUBE-NFC7.1.0.1
2025-05-10 14:56:41,118 [WARN] PackLoader:240 - Cannot read IP mode file for STMicroelectronics.X-CUBE-DPower.1.3.0
2025-05-10 14:56:41,130 [WARN] ConditionMgr:438 - getConditionDescription Invalid condition id : LAN8742 Phy interface Condition cause : null
2025-05-10 14:56:41,130 [WARN] PackLoader:240 - Cannot read IP mode file for STMicroelectronics.X-CUBE-AZRTOS-L4.2.0.0
2025-05-10 14:56:41,131 [WARN] ConditionMgr:1044 - genDependencies : Invalid condition id : LAN8742 Phy interface Condition cause : null
2025-05-10 14:56:41,131 [WARN] ConditionMgr:1044 - genDependencies : Invalid condition id : LAN8742 Phy interface Condition cause : null
2025-05-10 14:56:41,132 [WARN] ConditionMgr:1044 - genDependencies : Invalid condition id : LAN8742 Phy interface Condition cause : null
2025-05-10 14:56:41,137 [WARN] PackLoader:240 - Cannot read IP mode file for STMicroelectronics.X-CUBE-SFXS2LP1.4.0.0
2025-05-10 14:56:41,151 [WARN] PackLoader:240 - Cannot read IP mode file for STMicroelectronics.X-CUBE-AZRTOS-H7.3.3.0
2025-05-10 14:56:41,161 [WARN] PackLoader:240 - Cannot read IP mode file for STMicroelectronics.X-CUBE-IPS.3.0.0
2025-05-10 14:56:41,173 [WARN] ConditionMgr:438 - getConditionDescription Invalid condition id : UX DEVICE CLASS RTOS Condition cause : null
2025-05-10 14:56:41,173 [WARN] ConditionMgr:438 - getConditionDescription Invalid condition id : UX DEVICE CLASS RTOS Condition cause : null
2025-05-10 14:56:41,175 [WARN] PackLoader:240 - Cannot read IP mode file for STMicroelectronics.X-CUBE-AZRTOS-WB.2.0.0
2025-05-10 14:56:41,176 [WARN] ConditionMgr:1044 - genDependencies : Invalid condition id : UX DEVICE CLASS RTOS Condition cause : null
2025-05-10 14:56:41,176 [WARN] ConditionMgr:1044 - genDependencies : Invalid condition id : UX DEVICE CLASS RTOS Condition cause : null
2025-05-10 14:56:41,176 [WARN] ConditionMgr:1044 - genDependencies : Invalid condition id : UX DEVICE CLASS RTOS Condition cause : null
2025-05-10 14:56:41,176 [WARN] ConditionMgr:1044 - genDependencies : Invalid condition id : UX DEVICE CLASS RTOS Condition cause : null
2025-05-10 14:56:41,176 [WARN] ConditionMgr:1044 - genDependencies : Invalid condition id : UX DEVICE CLASS RTOS Condition cause : null
2025-05-10 14:56:41,181 [WARN] PackLoader:240 - Cannot read IP mode file for STMicroelectronics.X-CUBE-GNSS1.7.0.0
2025-05-10 14:56:41,185 [WARN] PackLoader:240 - Cannot read IP mode file for STMicroelectronics.X-CUBE-GNSS1.7.0.1
2025-05-10 14:56:41,191 [WARN] PackLoader:240 - Cannot read IP mode file for STMicroelectronics.X-CUBE-TOUCHGFX.4.25.0
2025-05-10 14:56:41,195 [WARN] PackLoader:240 - Cannot read IP mode file for STMicroelectronics.FP-SNS-STBOX1.2.0.0
2025-05-10 14:56:41,203 [WARN] PackLoader:240 - Cannot read IP mode file for STMicroelectronics.X-CUBE-SUBG2.5.0.0
2025-05-10 14:56:41,218 [WARN] PackLoader:240 - Cannot read IP mode file for STMicroelectronics.X-CUBE-AZRTOS-H7RS.1.1.0
2025-05-10 14:56:41,222 [WARN] PackLoader:240 - Cannot read IP mode file for Cesanta.I-CUBE-Mongoose.7.13.0
2025-05-10 14:56:41,238 [WARN] PackLoader:240 - Cannot read IP mode file for STMicroelectronics.X-CUBE-AZRTOS-G4.2.0.0
2025-05-10 14:56:41,244 [WARN] PackLoader:240 - Cannot read IP mode file for STMicroelectronics.X-CUBE-NFC7.2.0.0
2025-05-10 14:56:41,253 [WARN] PackLoader:240 - Cannot read IP mode file for STMicroelectronics.X-CUBE-IPS.3.1.0
2025-05-10 14:56:41,260 [WARN] PackLoader:240 - Cannot read IP mode file for STMicroelectronics.X-CUBE-ALS.1.0.2
2025-05-10 14:56:41,262 [WARN] PackLoader:240 - Cannot read IP mode file for STMicroelectronics.X-CUBE-TOUCHGFX.4.24.2
2025-05-10 14:56:41,266 [WARN] PackLoader:240 - Cannot read IP mode file for STMicroelectronics.X-CUBE-TOUCHGFX.4.24.1
2025-05-10 14:56:41,269 [WARN] PackLoader:240 - Cannot read IP mode file for wolfSSL.I-CUBE-wolfTPM.3.4.0
2025-05-10 14:56:41,274 [WARN] PackLoader:240 - Cannot read IP mode file for portGmbH.I-Cube-SoM-uGOAL.1.1.0
2025-05-10 14:56:41,296 [WARN] PackLoader:240 - Cannot read IP mode file for STMicroelectronics.X-CUBE-AZRTOS-H7RS.1.0.0
2025-05-10 14:56:41,301 [WARN] PackLoader:240 - Cannot read IP mode file for STMicroelectronics.FP-ATR-ASTRA1.2.0.0
2025-05-10 14:56:41,309 [WARN] PackLoader:240 - Cannot read IP mode file for STMicroelectronics.X-CUBE-TOF1.3.4.2
2025-05-10 14:56:41,318 [WARN] PackLoader:240 - Cannot read IP mode file for STMicroelectronics.X-CUBE-TOF1.3.4.3
2025-05-10 14:56:41,332 [WARN] PackLoader:240 - Cannot read IP mode file for Infineon.AIROC-Wi-Fi-Bluetooth-STM32.1.6.1
2025-05-10 14:56:41,336 [WARN] PackLoader:240 - Cannot read IP mode file for wolfSSL.I-CUBE-wolfSSH.1.4.17
2025-05-10 14:56:41,336 [INFO] ThirdParty:978 - Integrity check success = true
2025-05-10 14:56:41,336 [INFO] IntegrityCheckThread:100 - exiting critical section [integrity check]
2025-05-10 14:56:41,336 [INFO] IntegrityCheckThread:103 - End integrity checks thread
2025-05-10 14:56:41,897 [INFO] MainUpdater:2872 - connection check result : 10
2025-05-10 14:56:41,898 [INFO] MainUpdater:2872 - connection check result : 10
2025-05-10 14:56:41,921 [INFO] MicroXplorer:468 - Change Database Path : 
2025-05-10 14:56:41,923 [INFO] MicroXplorer:498 - Change Database Version : DB.6.0.130
2025-05-10 14:56:41,926 [WARN] ThirdParty:871 - waiting for thirdparty lock release [close project]
2025-05-10 14:56:41,927 [INFO] ThirdParty:873 - entering critical section [close project]
2025-05-10 14:56:41,927 [INFO] ThirdParty:883 - exiting critical section [close project]
2025-05-10 14:56:41,929 [INFO] PinOutPanel:1589 - setPackage(No Configuration,No Configuration)
2025-05-10 14:56:41,935 [INFO] UtilMem:75 - Begin LoadConfig() Used Memory: 200653768 Bytes (281018368)
2025-05-10 14:56:41,937 [INFO] MicroXplorer:468 - Change Database Path : 
2025-05-10 14:56:41,937 [INFO] MicroXplorer:498 - Change Database Version : DB.6.0.130
2025-05-10 14:56:41,937 [INFO] OpenFileManager:332 - Change cursor
2025-05-10 14:56:41,952 [INFO] Mcu:2035 - Initializing MCU STM32G431R(6-8-B)Tx STM32G431RBTx STM32G431RBT6
2025-05-10 14:56:44,317 [INFO] Context:748 - Trying to add GPIOservice into a context  which must be forbidden
2025-05-10 14:56:44,882 [INFO] ApiDbMcu:508 - Load IP Config File for NUCLEO-G431RB
2025-05-10 14:56:45,118 [INFO] RtosManager:555 - Registered RTOS mode: class=CMSIS, group=RTOS, mode=CMSIS_V1, owner=FREERTOS
2025-05-10 14:56:45,118 [INFO] RtosManager:555 - Registered RTOS mode: class=CMSIS, group=RTOS2, mode=CMSIS_V2, owner=FREERTOS
2025-05-10 14:56:45,118 [INFO] RtosManager:555 - Registered RTOS mode: class=RTOS, group=Core, mode=CMSIS_V1, owner=FREERTOS
2025-05-10 14:56:45,118 [INFO] RtosManager:555 - Registered RTOS mode: class=RTOS, group=Core, mode=CMSIS_V2, owner=FREERTOS
2025-05-10 14:56:45,118 [WARN] ModelIntegratedComponent:184 - Missing modes for component STMicroelectronics:FreeRTOS:0.0.1:STMicroelectronics:RTOS:FreeRTOS:Core:::10.2.0:
2025-05-10 14:56:45,123 [WARN] ModelIntegratedComponent:63 - No mode defined for component null
2025-05-10 14:56:45,123 [WARN] ModelIntegratedComponent:63 - No mode defined for component null
2025-05-10 14:56:45,123 [WARN] ModelIntegratedComponent:63 - No mode defined for component null
2025-05-10 14:56:45,123 [WARN] ModelIntegratedComponent:63 - No mode defined for component null
2025-05-10 14:56:45,123 [WARN] ModelIntegratedComponent:63 - No mode defined for component null
2025-05-10 14:56:45,124 [WARN] ModelIntegratedComponent:63 - No mode defined for component null
2025-05-10 14:56:45,124 [WARN] ModelIntegratedComponent:63 - No mode defined for component null
2025-05-10 14:56:45,124 [WARN] ModelIntegratedComponent:63 - No mode defined for component null
2025-05-10 14:56:45,124 [WARN] ModelIntegratedComponent:63 - No mode defined for component null
2025-05-10 14:56:45,124 [WARN] ModelIntegratedComponent:63 - No mode defined for component null
2025-05-10 14:56:45,124 [WARN] ModelIntegratedComponent:63 - No mode defined for component null
2025-05-10 14:56:45,124 [WARN] ModelIntegratedComponent:63 - No mode defined for component null
2025-05-10 14:56:45,124 [WARN] ModelIntegratedComponent:63 - No mode defined for component null
2025-05-10 14:56:45,124 [WARN] ModelIntegratedComponent:63 - No mode defined for component null
2025-05-10 14:56:45,124 [WARN] ModelIntegratedComponent:63 - No mode defined for component null
2025-05-10 14:56:45,124 [WARN] ModelIntegratedComponent:63 - No mode defined for component null
2025-05-10 14:56:45,124 [WARN] ModelIntegratedComponent:63 - No mode defined for component null
2025-05-10 14:56:45,124 [WARN] ModelIntegratedComponent:63 - No mode defined for component null
2025-05-10 14:56:45,124 [WARN] ModelIntegratedComponent:63 - No mode defined for component null
2025-05-10 14:56:45,124 [WARN] ModelIntegratedComponent:63 - No mode defined for component null
2025-05-10 14:56:45,124 [WARN] ModelIntegratedComponent:63 - No mode defined for component null
2025-05-10 14:56:45,124 [WARN] ModelIntegratedComponent:63 - No mode defined for component null
2025-05-10 14:56:45,124 [WARN] ModelIntegratedComponent:63 - No mode defined for component null
2025-05-10 14:56:45,124 [WARN] ModelIntegratedComponent:63 - No mode defined for component null
2025-05-10 14:56:45,124 [WARN] ModelIntegratedComponent:63 - No mode defined for component null
2025-05-10 14:56:45,125 [WARN] ModelIntegratedComponent:63 - No mode defined for component null
2025-05-10 14:56:45,125 [WARN] ModelIntegratedComponent:63 - No mode defined for component null
2025-05-10 14:56:45,125 [WARN] ModelIntegratedComponent:63 - No mode defined for component null
2025-05-10 14:56:45,125 [WARN] ModelIntegratedComponent:63 - No mode defined for component null
2025-05-10 14:56:45,125 [WARN] ModelIntegratedComponent:63 - No mode defined for component null
2025-05-10 14:56:45,125 [WARN] ModelIntegratedComponent:63 - No mode defined for component null
2025-05-10 14:56:45,125 [WARN] ModelIntegratedComponent:63 - No mode defined for component null
2025-05-10 14:56:45,125 [WARN] ModelIntegratedComponent:63 - No mode defined for component null
2025-05-10 14:56:45,125 [WARN] ModelIntegratedComponent:63 - No mode defined for component null
2025-05-10 14:56:45,125 [WARN] ModelIntegratedComponent:63 - No mode defined for component null
2025-05-10 14:56:45,125 [WARN] ModelPack:524 - Component already loaded: STMicroelectronics:HAL Drivers:0.0.0:STMicroelectronics:Device:STMicro_Driver:XSPI:HAL::0.0.1:HAL_XSPI
2025-05-10 14:56:45,255 [INFO] ThirdPartyModel:298 - Start build external matchings
2025-05-10 14:56:45,991 [INFO] ThirdPartyModel:316 - End build external matchings
2025-05-10 14:56:46,016 [INFO] ImportTextPane:218 - (OptionalMessage_ERROR) IP (ADC1) : Parameter (CommonPathInternal) has invalid value (null|null|null|null)
2025-05-10 14:56:46,017 [INFO] ImportTextPane:218 - (OptionalMessage_ERROR) IP (RCC) : Invalid parameter (FamilyName)
2025-05-10 14:56:46,017 [INFO] ImportTextPane:218 - (OptionalMessage_ERROR) IP (RCC) : Parameter (RNGFreq_Value) has invalid value (170000000)
2025-05-10 14:56:46,017 [INFO] ImportTextPane:218 - (OptionalMessage_ERROR) IP (RCC) : Parameter (USBFreq_Value) has invalid value (170000000)
2025-05-10 14:56:46,429 [INFO] ApiDb:581 - Connected to CubeFinder SQLite database (C:\Users\Miloush\.stmcufinder\plugins\mcufinder\mcu\cube-finder-db.db)
2025-05-10 14:56:46,487 [INFO] ApiDb:668 - CubeFinder database Data Model version=2.1
2025-05-10 14:56:46,487 [INFO] ApiDb:669 - CubeFinder database Configuration version=3.0.39
2025-05-10 14:56:46,487 [INFO] ApiDb:670 - CubeFinder database generation date=2025-04-23 (1745419778)
2025-05-10 14:56:46,487 [INFO] ApiDb:671 - CubeFinder database FW Pack versions=[FP-ATR-ASTRA1_V2.0.0, FP-SNS-FLIGHT1_V5.1.0, FP-SNS-MOTENV1_V5.0.0, FP-SNS-MOTENVWB1_V1.4.0, FP-SNS-SMARTAG2_V1.2.0, FP-SNS-STBOX1_V2.0.0, STM32Cube_FW_C0_V1.4.0, STM32Cube_FW_F4_V1.28.1, STM32Cube_FW_F7_V1.17.2, STM32Cube_FW_G0_V1.6.2, STM32Cube_FW_G4_V1.6.1, STM32Cube_FW_H5_V1.5.0, STM32Cube_FW_H7RS_V1.2.0, STM32Cube_FW_H7_V1.12.1, STM32Cube_FW_L0_V1.12.2, STM32Cube_FW_L4_V1.18.1, STM32Cube_FW_L5_V1.5.1, STM32Cube_FW_N6_V1.1.1, STM32Cube_FW_U0_V1.2.0, STM32Cube_FW_U3_V1.1.0, STM32Cube_FW_U5_V1.7.0, STM32Cube_FW_WB0_V1.2.0, STM32Cube_FW_WBA_V1.6.0, STM32Cube_FW_WB_V1.22.0, STM32Cube_FW_WL3_V1.1.0, STM32Cube_FW_WL_V1.3.1, X-CUBE-ALGOBUILD_V1.4.0, X-CUBE-ALS_V1.0.2, X-CUBE-AZRTOS-F4_V1.1.0, X-CUBE-AZRTOS-F7_V1.1.0, X-CUBE-AZRTOS-G0_V1.1.0, X-CUBE-AZRTOS-G4_V2.0.0, X-CUBE-AZRTOS-H7RS_V1.1.0, X-CUBE-AZRTOS-H7_V3.3.0, X-CUBE-AZRTOS-L4_V2.0.0, X-CUBE-AZRTOS-L5_V2.0.0, X-CUBE-AZRTOS-WB_V2.0.0, X-CUBE-AZRTOS-WL_V2.0.0, X-CUBE-BLE1_V7.1.0, X-CUBE-BLE2_V3.3.0, X-CUBE-BLEMGR_V4.0.0, X-CUBE-EEPRMA1_V5.1.0, X-CUBE-FREERTOS_V1.3.0, X-CUBE-GNSS1_V6.0.0, X-CUBE-MEMS1_V11.2.0, X-CUBE-NFC4_V3.0.0, X-CUBE-NFC7_V1.0.1, X-CUBE-SFXS2LP1_V4.0.0, X-CUBE-SUBG2_V5.0.0, X-CUBE-TOF1_V3.4.3]
2025-05-10 14:56:46,540 [INFO] DbBoardsSqlite:226 - include board P-NUCLEO-WB55-NUCLEO as a kit item of type 'Nucleo-64'
2025-05-10 14:56:46,540 [INFO] DbBoardsSqlite:226 - include board P-NUCLEO-WB55-USBDONGLE as a kit item of type 'Nucleo USB Dongle'
2025-05-10 14:56:46,540 [INFO] DbBoardsSqlite:226 - include board STEVAL-IDP005V1 as a kit item of type 'Evaluation Board'
2025-05-10 14:56:46,541 [INFO] DbBoardsSqlite:226 - include board STEVAL-IDP005V2 as a kit item of type 'Evaluation Board'
2025-05-10 14:56:46,595 [INFO] ApiDb:240 - Found 858 in-development CPN: [B-G473E-ZEST1S, B-WB1M-WPAN1, B-WBA5M-WPAN, B-WL5M-SUBG1, NUCLEO-C031C6, NUCLEO-C051C8, NUCLEO-C071RB, NUCLEO-C092RC, NUCLEO-H503RB, NUCLEO-H533RE, NUCLEO-H563ZI, NUCLEO-H7S3L8, NUCLEO-N657X0-Q, NUCLEO-U031R8, NUCLEO-U083RC, NUCLEO-U385RG-Q, NUCLEO-U545RE-Q, NUCLEO-U5A5ZJ-Q, NUCLEO-WB05KZ, NUCLEO-WB07CC, NUCLEO-WB09KE, NUCLEO-WBA52CG, NUCLEO-WBA55CG, NUCLEO-WL33CC1, NUCLEO-WL33CC2, STEVAL-PROTEUS1, STEVAL-SMARTAG2, STEVAL-STWINBX1, STM320518-EVAL, STM32C0116-DK, STM32C011D6Y3TR, STM32C011D6Y6TR, STM32C011F4P3, STM32C011F4P6, STM32C011F4U3, STM32C011F4U6TR, STM32C011F6P3, STM32C011F6P6, STM32C011F6U3, STM32C011F6U6TR, STM32C011J4M3, STM32C011J4M6, STM32C011J6M3, STM32C011J6M6, STM32C0316-DK, STM32C031C4T3, STM32C031C4T6, STM32C031C4U3, STM32C031C4U6, STM32C031C6T3, STM32C031C6T6, STM32C031C6U3, STM32C031C6U6, STM32C031F4P3, STM32C031F4P6, STM32C031F6P3, STM32C031F6P6, STM32C031G4U3, STM32C031G4U6, STM32C031G6U3, STM32C031G6U6, STM32C031K4T3, STM32C031K4T6, STM32C031K4U3, STM32C031K4U6, STM32C031K6T3, STM32C031K6T6, STM32C031K6U3, STM32C031K6U6, STM32C051C6T6, STM32C051C6U6, STM32C051C8T6, STM32C051C8U6, STM32C051D8Y6TR, STM32C051F6P6, STM32C051F8P6, STM32C051G6U6, STM32C051G8U6, STM32C051K6T6, STM32C051K6U6, STM32C051K8T6, STM32C071C8T6, STM32C071C8T6N, STM32C071C8U6, STM32C071C8U6N, STM32C071CBT6, STM32C071CBT6N, STM32C071CBU6, STM32C071CBU6N, STM32C071F8P6, STM32C071F8P6N, STM32C071FBP6, STM32C071FBP6N, STM32C071FBY6TR, STM32C071G8U6, STM32C071G8U6N, STM32C071GBU6, STM32C071GBU6N, STM32C071K8T6, STM32C071K8T6N, STM32C071K8U6, STM32C071K8U6N, STM32C071KBT6, STM32C071KBT6N, STM32C071KBU6, STM32C071KBU6N, STM32C071R8T6, STM32C071R8T6N, STM32C071RBI6N, STM32C071RBT6, STM32C071RBT6N, STM32C091CBT6, STM32C091CBU6, STM32C091CCT6, STM32C091CCU6, STM32C091ECY6TR, STM32C091FBP6, STM32C091FCP6, STM32C091GBU6, STM32C091GCU6, STM32C091KBT6, STM32C091KBU6, STM32C091KCT6, STM32C091KCU6, STM32C091RBT6, STM32C091RCI6, STM32C091RCT6, STM32C092CBT6, STM32C092CBU6, STM32C092CCT6, STM32C092CCU6, STM32C092ECY6TR, STM32C092FBP6, STM32C092FCP6, STM32C092GBU6, STM32C092GCU6, STM32C092KBT6, STM32C092KBU6, STM32C092KCT6, STM32C092KCU6, STM32C092RBT6, STM32C092RCI6, STM32C092RCT6, STM32G071K8TXN, STM32G071K8UXN, STM32G081GBU6N, STM32G081KBT6N, STM32G081KBUXN, STM32G0B1CCT6N, STM32G0B1KCT6, STM32G0B1NEY6TR, STM32G0B1RCT6N, STM32G0C1CCT6, STM32G0C1CCT6N, STM32G0C1CCU6N, STM32G0C1CET6N, STM32G0C1CEU6N, STM32G0C1KCT6, STM32G0C1NEY6TR, STM32G0C1RCI6N, STM32G0C1RCT6N, STM32G0C1REI6N, STM32G0C1RET6N, STM32G0C1VCI6, STM32G0C1VEI6, STM32G411C6T3, STM32G411C6T6, STM32G411C6U3, STM32G411C6U6, STM32G411C8T3, STM32G411C8T6, STM32G411C8U3, STM32G411C8U6, STM32G411CBT3, STM32G411CBT6, STM32G411CBU3, STM32G411CBU6, STM32G411CCT3, STM32G411CCT6, STM32G411CCU3, STM32G411CCU6, STM32G411K6T3, STM32G411K6T6, STM32G411K6U3, STM32G411K6U6, STM32G411K8T3, STM32G411K8T6, STM32G411K8U3, STM32G411K8U6, STM32G411KBT3, STM32G411KBT6, STM32G411KBU3, STM32G411KBU6, STM32G411M6T3, STM32G411M6T6, STM32G411M8T3, STM32G411M8T6, STM32G411MBT3, STM32G411MBT6, STM32G411MCT3, STM32G411MCT6, STM32G411R6T3, STM32G411R6T6, STM32G411R8T3, STM32G411R8T6, STM32G411RBT3, STM32G411RBT6, STM32G411RCT3, STM32G411RCT6, STM32G414CBT3, STM32G414CBT6, STM32G414CBU3, STM32G414CBU6, STM32G414CCT3, STM32G414CCT6, STM32G414CCU3, STM32G414CCU6, STM32G414MBT3, STM32G414MBT6, STM32G414MCT3, STM32G414MCT6, STM32G414RBT3, STM32G414RBT6, STM32G414RCT3, STM32G414RCT6, STM32G414VBT3, STM32G414VBT6, STM32G414VCT3, STM32G414VCT6, STM32G431CBT3Z, STM32G431RBT3Z, STM32G471CCT6, STM32G471CCU6, STM32G471CET3, STM32G471CET6, STM32G471CEU3, STM32G471CEU6, STM32G471MCT6, STM32G471MET3, STM32G471MET6, STM32G471MEY6TR, STM32G471QCT6, STM32G471QET3, STM32G471RCT6, STM32G471RET3, STM32G471RET6, STM32G471VCH6, STM32G471VCI6, STM32G471VCT6, STM32G471VEH3, STM32G471VEH6, STM32G471VEI3, STM32G471VEI6, STM32G471VET3, STM32G471VET6, STM32G473QET3Z, STM32G473RET3Z, STM32G474CCT6, STM32G491RET3Z, STM32H503CBT6, STM32H503CBU6, STM32H503EBY6TR, STM32H503KBU6, STM32H503RBT6, STM32H523CCT6, STM32H523CCU6, STM32H523CET6, STM32H523CEU6, STM32H523HEY6TR, STM32H523RCT6, STM32H523RET6, STM32H523VCI6, STM32H523VCT6, STM32H523VEI6, STM32H523VET6, STM32H523ZCJ6, STM32H523ZCT6, STM32H523ZEJ6, STM32H523ZET6, STM32H533CET6, STM32H533CEU6, STM32H533HEY6TR, STM32H533RET6, STM32H533VEI6, STM32H533VET6, STM32H533ZEJ6, STM32H533ZET6, STM32H562AGI6, STM32H562AII6, STM32H562IGK6, STM32H562IGT6, STM32H562IIK6, STM32H562IIT6, STM32H562RGT6, STM32H562RGV6, STM32H562RIT6, STM32H562RIV6, STM32H562VGT6, STM32H562VIT6, STM32H562ZGT6, STM32H562ZIT6, STM32H563AGI6, STM32H563AII3Q, STM32H563AII6, STM32H563IGK6, STM32H563IGT6, STM32H563IIK3Q, STM32H563IIK6, STM32H563IIT3Q, STM32H563IIT6, STM32H563MIY3QTR, STM32H563RGT6, STM32H563RGV6, STM32H563RIT6, STM32H563RIV6, STM32H563VGT6, STM32H563VIT3Q, STM32H563VIT6, STM32H563ZGT6, STM32H563ZIT3Q, STM32H563ZIT6, STM32H573AII3Q, STM32H573AII6, STM32H573I-DK, STM32H573IIK3Q, STM32H573IIK6, STM32H573IIT3Q, STM32H573IIT6, STM32H573MIY3QTR, STM32H573RIT6, STM32H573RIV6, STM32H573VIT3Q, STM32H573VIT6, STM32H573ZIT3Q, STM32H573ZIT6, STM32H7R3A8I6, STM32H7R3I8K6, STM32H7R3I8T6, STM32H7R3L8H6, STM32H7R3L8H6H, STM32H7R3R8V6, STM32H7R3V8H6, STM32H7R3V8T6, STM32H7R3V8Y6TR, STM32H7R3Z8J6, STM32H7R3Z8T6, STM32H7R7A8I6, STM32H7R7I8K6, STM32H7R7I8T6, STM32H7R7L8H6, STM32H7R7L8H6H, STM32H7R7Z8J6, STM32H7S3A8I6, STM32H7S3I8K6, STM32H7S3I8T6, STM32H7S3L8H6, STM32H7S3L8H6H, STM32H7S3R8V6, STM32H7S3V8H6, STM32H7S3V8T6, STM32H7S3V8Y6TR, STM32H7S3Z8J6, STM32H7S3Z8T6, STM32H7S78-DK, STM32H7S7A8I6, STM32H7S7I8K6, STM32H7S7I8T6, STM32H7S7L8H6, STM32H7S7L8H6H, STM32H7S7Z8J6, STM32L4R5QGI6STR, STM32MP131AAE3, STM32MP131AAF3, STM32MP131AAG3, STM32MP131CAE3, STM32MP131CAF3, STM32MP131CAG3, STM32MP131DAE7, STM32MP131DAF7, STM32MP131DAG7, STM32MP131FAE7, STM32MP131FAF7, STM32MP131FAG7, STM32MP133AAE3, STM32MP133AAF3, STM32MP133AAG3, STM32MP133CAE3, STM32MP133CAF3, STM32MP133CAG3, STM32MP133DAE7, STM32MP133DAF7, STM32MP133DAG7, STM32MP133FAE7, STM32MP133FAF7, STM32MP133FAG7, STM32MP135AAE3, STM32MP135AAF3, STM32MP135AAG3, STM32MP135CAE3, STM32MP135CAF3, STM32MP135CAG3, STM32MP135DAE7, STM32MP135DAF7, STM32MP135DAG7, STM32MP135F-DK, STM32MP135FAE7, STM32MP135FAF7, STM32MP135FAF7T, STM32MP135FAF7U, STM32MP135FAG7, STM32MP231AAJ3, STM32MP231AAK3, STM32MP231AAL3, STM32MP231CAJ3, STM32MP231CAK3, STM32MP231CAL3, STM32MP231DAJ3, STM32MP231DAK3, STM32MP231DAL3, STM32MP231FAJ3, STM32MP231FAK3, STM32MP231FAL3, STM32MP233AAJ3, STM32MP233AAK3, STM32MP233AAL3, STM32MP233CAJ3, STM32MP233CAK3, STM32MP233CAL3, STM32MP233DAJ3, STM32MP233DAK3, STM32MP233DAL3, STM32MP233FAJ3, STM32MP233FAK3, STM32MP233FAL3, STM32MP235AAJ3, STM32MP235AAK3, STM32MP235AAL3, STM32MP235CAJ3, STM32MP235CAK3, STM32MP235CAL3, STM32MP235DAJ3, STM32MP235DAK3, STM32MP235DAL3, STM32MP235FAJ3, STM32MP235FAK3, STM32MP235FAL3, STM32MP251AAI3, STM32MP251AAJ3, STM32MP251AAK3, STM32MP251AAL3, STM32MP251CAI3, STM32MP251CAJ3, STM32MP251CAK3, STM32MP251CAL3, STM32MP251DAI3, STM32MP251DAJ3, STM32MP251DAK3, STM32MP251DAL3, STM32MP251FAI3, STM32MP251FAJ3, STM32MP251FAK3, STM32MP251FAL3, STM32MP253AAI3, STM32MP253AAJ3, STM32MP253AAK3, STM32MP253AAL3, STM32MP253CAI3, STM32MP253CAJ3, STM32MP253CAK3, STM32MP253CAL3, STM32MP253DAI3, STM32MP253DAJ3, STM32MP253DAK3, STM32MP253DAL3, STM32MP253FAI3, STM32MP253FAJ3, STM32MP253FAK3, STM32MP253FAL3, STM32MP255AAI3, STM32MP255AAJ3, STM32MP255AAK3, STM32MP255AAL3, STM32MP255CAI3, STM32MP255CAJ3, STM32MP255CAK3, STM32MP255CAL3, STM32MP255DAI3, STM32MP255DAJ3, STM32MP255DAK3, STM32MP255DAL3, STM32MP255FAI3, STM32MP255FAJ3, STM32MP255FAK3, STM32MP255FAL3, STM32MP257AAI3, STM32MP257AAJ3, STM32MP257AAK3, STM32MP257AAL3, STM32MP257CAI3, STM32MP257CAJ3, STM32MP257CAK3, STM32MP257CAL3, STM32MP257DAI3, STM32MP257DAJ3, STM32MP257DAK3, STM32MP257DAL3, STM32MP257F-DK, STM32MP257F-EV1, STM32MP257FAI3, STM32MP257FAJ3, STM32MP257FAK3, STM32MP257FAL3, STM32N645A0H3Q, STM32N645B0H3Q, STM32N645I0H3Q, STM32N645L0H3Q, STM32N645X0H3Q, STM32N645Z0H3Q, STM32N647A0H3Q, STM32N647B0H3Q, STM32N647I0H3Q, STM32N647L0H3Q, STM32N647X0H3Q, STM32N647Z0H3Q, STM32N655A0H3Q, STM32N655B0H3Q, STM32N655I0H3Q, STM32N655L0H3Q, STM32N655X0H3Q, STM32N655Z0H3Q, STM32N6570-DK, STM32N657A0H3Q, STM32N657B0H3Q, STM32N657I0H3Q, STM32N657L0H3Q, STM32N657X0H3Q, STM32N657Z0H3Q, STM32U031C6T6, STM32U031C6U6, STM32U031C8T6, STM32U031C8U6, STM32U031F4P6, STM32U031F6P6, STM32U031F8P6, STM32U031G6Y6TR, STM32U031G8Y6TR, STM32U031K4U6, STM32U031K6U6, STM32U031K8U6, STM32U031R6I6, STM32U031R6T6, STM32U031R8I6, STM32U031R8T6, STM32U073C8T6, STM32U073C8U6, STM32U073CBT6, STM32U073CBU6, STM32U073CCT6, STM32U073CCU6, STM32U073H8Y6TR, STM32U073HBY6TR, STM32U073HCY6TR, STM32U073K8U6, STM32U073KBU6, STM32U073KCU6, STM32U073M8I6, STM32U073M8T6, STM32U073MBI6, STM32U073MBT6, STM32U073MCI6, STM32U073MCT6, STM32U073R8I6, STM32U073R8T6, STM32U073RBI6, STM32U073RBT6, STM32U073RCI6, STM32U073RCT6, STM32U083C-DK, STM32U083CCT6, STM32U083CCU6, STM32U083HCY6TR, STM32U083KCU6, STM32U083MCI6, STM32U083MCT6, STM32U083RCI6, STM32U083RCT6, STM32U375CET6, STM32U375CET6Q, STM32U375CEU6, STM32U375CEU6Q, STM32U375CEY6QTR, STM32U375CGT6, STM32U375CGT6Q, STM32U375CGU6, STM32U375CGU6Q, STM32U375CGY6QTR, STM32U375KEU6, STM32U375KGU6, STM32U375REI6, STM32U375REI6Q, STM32U375RET6, STM32U375RET6Q, STM32U375REY6GTR, STM32U375REY6QTR, STM32U375RGI6, STM32U375RGI6Q, STM32U375RGT6, STM32U375RGT6Q, STM32U375RGY6GTR, STM32U375RGY6QTR, STM32U375VEI6, STM32U375VEI6Q, STM32U375VET6, STM32U375VET6Q, STM32U375VGI6, STM32U375VGI6Q, STM32U375VGT6, STM32U375VGT6Q, STM32U385CGT6, STM32U385CGT6Q, STM32U385CGU6, STM32U385CGU6Q, STM32U385CGY6QTR, STM32U385KGU6, STM32U385RGI6, STM32U385RGI6Q, STM32U385RGT6, STM32U385RGT6Q, STM32U385RGY6GTR, STM32U385RGY6QTR, STM32U385VGI6, STM32U385VGI6Q, STM32U385VGT6, STM32U385VGT6Q, STM32U535CBT6, STM32U535CBT6Q, STM32U535CBU6, STM32U535CBU6Q, STM32U535CCT6, STM32U535CCT6Q, STM32U535CCU6, STM32U535CCU6Q, STM32U535CET6, STM32U535CET6Q, STM32U535CEU6, STM32U535CEU6Q, STM32U535JEY6QTR, STM32U535NCY6QTR, STM32U535NEY6QTR, STM32U535RBI6, STM32U535RBI6Q, STM32U535RBT6, STM32U535RBT6Q, STM32U535RCI6, STM32U535RCI6Q, STM32U535RCT6, STM32U535RCT6Q, STM32U535REI6, STM32U535REI6Q, STM32U535RET6, STM32U535RET6Q, STM32U535VCI6, STM32U535VCI6Q, STM32U535VCT6, STM32U535VCT6Q, STM32U535VEI6, STM32U535VEI6Q, STM32U535VET6, STM32U535VET6Q, STM32U545CET6, STM32U545CET6Q, STM32U545CEU6, STM32U545CEU6Q, STM32U545JEY6QTR, STM32U545NEY6QTR, STM32U545REI6, STM32U545REI6Q, STM32U545RET6, STM32U545RET6Q, STM32U545VEI6, STM32U545VEI6Q, STM32U545VET6, STM32U545VET6Q, STM32U595AIH6, STM32U595AIH6Q, STM32U595AJH6, STM32U595AJH6Q, STM32U595QII6, STM32U595QII6Q, STM32U595QJI6, STM32U595QJI6Q, STM32U595RIT6, STM32U595RIT6Q, STM32U595RJT6, STM32U595RJT6Q, STM32U595VIT6, STM32U595VIT6Q, STM32U595VJT6, STM32U595VJT6Q, STM32U595ZIT6, STM32U595ZIT6Q, STM32U595ZIY6QTR, STM32U595ZJT6, STM32U595ZJT6Q, STM32U595ZJY6QTR, STM32U599BJY6QTR, STM32U599NIH6Q, STM32U599NJH6Q, STM32U599VIT6Q, STM32U599VJT6, STM32U599VJT6Q, STM32U599ZIT6Q, STM32U599ZIY6QTR, STM32U599ZJT6Q, STM32U599ZJY6QTR, STM32U5A5AJH6, STM32U5A5AJH6Q, STM32U5A5QII3Q , STM32U5A5QJI6, STM32U5A5QJI6Q, STM32U5A5RJT6, STM32U5A5RJT6Q, STM32U5A5VJT6, STM32U5A5VJT6Q, STM32U5A5ZJT6, STM32U5A5ZJT6Q, STM32U5A5ZJY6QTR, STM32U5A9BJY6QTR, STM32U5A9J-DK, STM32U5A9NJH6Q, STM32U5A9VJT6Q, STM32U5A9ZJT6Q, STM32U5A9ZJY6QTR, STM32U5F7VIT6, STM32U5F7VIT6Q, STM32U5F7VJT6, STM32U5F7VJT6Q, STM32U5F9BJY6QTR, STM32U5F9NJH6Q, STM32U5F9VIT6Q, STM32U5F9VJT6Q, STM32U5F9ZIJ6QTR, STM32U5F9ZIT6Q, STM32U5F9ZJJ6QTR, STM32U5F9ZJT6Q, STM32U5G7VJT6, STM32U5G7VJT6Q, STM32U5G9BJY6QTR, STM32U5G9J-DK1, STM32U5G9J-DK2, STM32U5G9NJH6Q, STM32U5G9VJT6Q, STM32U5G9ZJJ6QTR, STM32U5G9ZJT6Q, STM32WB05KZV6TR, STM32WB05KZV7TR, STM32WB05TZF6TR, STM32WB05TZF7TR, STM32WB06CCF6TR, STM32WB06CCF7TR, STM32WB06CCV6TR, STM32WB06CCV7TR, STM32WB06KCV6TR, STM32WB06KCV7TR, STM32WB07CCF6TR, STM32WB07CCF7TR, STM32WB07CCV6TR, STM32WB07CCV7TR, STM32WB07KCV6TR, STM32WB07KCV7TR, STM32WB09KEV6TR, STM32WB09KEV7TR, STM32WB09TEF6TR, STM32WB09TEF7TR, STM32WB1MMCH6, STM32WBA50KGU6, STM32WBA50KGU6TR, STM32WBA52CEU6, STM32WBA52CEU6TR, STM32WBA52CEU7, STM32WBA52CEU7TR, STM32WBA52CGU6, STM32WBA52CGU6TR, STM32WBA52CGU6U, STM32WBA52CGU7, STM32WBA52CGU7TR, STM32WBA52KEU6, STM32WBA52KEU6TR, STM32WBA52KGU6, STM32WBA52KGU6TR, STM32WBA54CEU6, STM32WBA54CEU6TR, STM32WBA54CEU7, STM32WBA54CEU7TR, STM32WBA54CGU6, STM32WBA54CGU6TR, STM32WBA54CGU7, STM32WBA54CGU7TR, STM32WBA54KEU6, STM32WBA54KEU6TR, STM32WBA54KEU7, STM32WBA54KEU7TR, STM32WBA54KGU6, STM32WBA54KGU6TR, STM32WBA54KGU7, STM32WBA54KGU7TR, STM32WBA55CEU6, STM32WBA55CEU6TR, STM32WBA55CEU7, STM32WBA55CEU7TR, STM32WBA55CGU6, STM32WBA55CGU6TR, STM32WBA55CGU6U, STM32WBA55CGU7, STM32WBA55CGU7TR, STM32WBA55G-DK1, STM32WBA55HEF6, STM32WBA55HEF7, STM32WBA55HGF6, STM32WBA55HGF7, STM32WBA55UEI6, STM32WBA55UEI6TR, STM32WBA55UEI7, STM32WBA55UEI7TR, STM32WBA55UGI6, STM32WBA55UGI6TR, STM32WBA55UGI7, STM32WBA55UGI7TR, STM32WBA5MJGH6TR, STM32WBA5MJGH6U, STM32WL33C8V6, STM32WL33C8V6TR, STM32WL33C8V7, STM32WL33C8V7TR, STM32WL33CBV6, STM32WL33CBV6TR, STM32WL33CBV7, STM32WL33CBV7TR, STM32WL33CCV6, STM32WL33CCV6TR, STM32WL33CCV7, STM32WL33CCV7A, STM32WL33CCV7ATR, STM32WL33CCV7TR, STM32WL33K8V6, STM32WL33K8V6TR, STM32WL33K8V7, STM32WL33K8V7TR, STM32WL33KBV6, STM32WL33KBV6TR, STM32WL33KBV7, STM32WL33KBV7TR, STM32WL33KCV6, STM32WL33KCV6TR, STM32WL33KCV7, STM32WL33KCV7TR, STM32WL5MOCH6, STM32WL5MOCH6TR]
2025-05-10 14:56:46,759 [INFO] BoardInfo:889 - No configuration file found for board NUCLEO-WBA65RI
2025-05-10 14:56:46,760 [INFO] DbBoards:161 - Board is not supported: NUCLEO-WBA65RI
2025-05-10 14:56:46,771 [INFO] BoardInfo:889 - No configuration file found for board P-NUCLEO-WB55
2025-05-10 14:56:46,772 [INFO] DbBoards:161 - Kit is not supported: P-NUCLEO-WB55
2025-05-10 14:56:46,777 [INFO] BoardInfo:889 - No configuration file found for board STEVAL-BFA001V1B
2025-05-10 14:56:46,779 [INFO] DbBoards:161 - Kit is not supported: STEVAL-BFA001V1B
2025-05-10 14:56:46,780 [INFO] BoardInfo:889 - No configuration file found for board STEVAL-BFA001V2B
2025-05-10 14:56:46,781 [INFO] DbBoards:161 - Kit is not supported: STEVAL-BFA001V2B
2025-05-10 14:56:46,955 [INFO] BoardInfo:889 - No configuration file found for board STM32WBA65I-DK1
2025-05-10 14:56:46,956 [INFO] DbBoards:161 - Board is not supported: STM32WBA65I-DK1
2025-05-10 14:56:46,956 [INFO] DbBoards:168 - Found 211 boards, 206 are supported
2025-05-10 14:56:46,956 [INFO] DbBoards:169 - Found 211 boards, 42 of them is supported for  Bsp
2025-05-10 14:56:46,959 [INFO] ApiDb:668 - CubeFinder database Data Model version=2.1
2025-05-10 14:56:46,959 [INFO] ApiDb:669 - CubeFinder database Configuration version=3.0.39
2025-05-10 14:56:46,959 [INFO] ApiDb:670 - CubeFinder database generation date=2025-04-23 (1745419778)
2025-05-10 14:56:46,959 [INFO] ApiDb:671 - CubeFinder database FW Pack versions=[FP-ATR-ASTRA1_V2.0.0, FP-SNS-FLIGHT1_V5.1.0, FP-SNS-MOTENV1_V5.0.0, FP-SNS-MOTENVWB1_V1.4.0, FP-SNS-SMARTAG2_V1.2.0, FP-SNS-STBOX1_V2.0.0, STM32Cube_FW_C0_V1.4.0, STM32Cube_FW_F4_V1.28.1, STM32Cube_FW_F7_V1.17.2, STM32Cube_FW_G0_V1.6.2, STM32Cube_FW_G4_V1.6.1, STM32Cube_FW_H5_V1.5.0, STM32Cube_FW_H7RS_V1.2.0, STM32Cube_FW_H7_V1.12.1, STM32Cube_FW_L0_V1.12.2, STM32Cube_FW_L4_V1.18.1, STM32Cube_FW_L5_V1.5.1, STM32Cube_FW_N6_V1.1.1, STM32Cube_FW_U0_V1.2.0, STM32Cube_FW_U3_V1.1.0, STM32Cube_FW_U5_V1.7.0, STM32Cube_FW_WB0_V1.2.0, STM32Cube_FW_WBA_V1.6.0, STM32Cube_FW_WB_V1.22.0, STM32Cube_FW_WL3_V1.1.0, STM32Cube_FW_WL_V1.3.1, X-CUBE-ALGOBUILD_V1.4.0, X-CUBE-ALS_V1.0.2, X-CUBE-AZRTOS-F4_V1.1.0, X-CUBE-AZRTOS-F7_V1.1.0, X-CUBE-AZRTOS-G0_V1.1.0, X-CUBE-AZRTOS-G4_V2.0.0, X-CUBE-AZRTOS-H7RS_V1.1.0, X-CUBE-AZRTOS-H7_V3.3.0, X-CUBE-AZRTOS-L4_V2.0.0, X-CUBE-AZRTOS-L5_V2.0.0, X-CUBE-AZRTOS-WB_V2.0.0, X-CUBE-AZRTOS-WL_V2.0.0, X-CUBE-BLE1_V7.1.0, X-CUBE-BLE2_V3.3.0, X-CUBE-BLEMGR_V4.0.0, X-CUBE-EEPRMA1_V5.1.0, X-CUBE-FREERTOS_V1.3.0, X-CUBE-GNSS1_V6.0.0, X-CUBE-MEMS1_V11.2.0, X-CUBE-NFC4_V3.0.0, X-CUBE-NFC7_V1.0.1, X-CUBE-SFXS2LP1_V4.0.0, X-CUBE-SUBG2_V5.0.0, X-CUBE-TOF1_V3.4.3]
2025-05-10 14:56:48,603 [INFO] ApiDb:240 - Found 858 in-development CPN: [B-G473E-ZEST1S, B-WB1M-WPAN1, B-WBA5M-WPAN, B-WL5M-SUBG1, NUCLEO-C031C6, NUCLEO-C051C8, NUCLEO-C071RB, NUCLEO-C092RC, NUCLEO-H503RB, NUCLEO-H533RE, NUCLEO-H563ZI, NUCLEO-H7S3L8, NUCLEO-N657X0-Q, NUCLEO-U031R8, NUCLEO-U083RC, NUCLEO-U385RG-Q, NUCLEO-U545RE-Q, NUCLEO-U5A5ZJ-Q, NUCLEO-WB05KZ, NUCLEO-WB07CC, NUCLEO-WB09KE, NUCLEO-WBA52CG, NUCLEO-WBA55CG, NUCLEO-WL33CC1, NUCLEO-WL33CC2, STEVAL-PROTEUS1, STEVAL-SMARTAG2, STEVAL-STWINBX1, STM320518-EVAL, STM32C0116-DK, STM32C011D6Y3TR, STM32C011D6Y6TR, STM32C011F4P3, STM32C011F4P6, STM32C011F4U3, STM32C011F4U6TR, STM32C011F6P3, STM32C011F6P6, STM32C011F6U3, STM32C011F6U6TR, STM32C011J4M3, STM32C011J4M6, STM32C011J6M3, STM32C011J6M6, STM32C0316-DK, STM32C031C4T3, STM32C031C4T6, STM32C031C4U3, STM32C031C4U6, STM32C031C6T3, STM32C031C6T6, STM32C031C6U3, STM32C031C6U6, STM32C031F4P3, STM32C031F4P6, STM32C031F6P3, STM32C031F6P6, STM32C031G4U3, STM32C031G4U6, STM32C031G6U3, STM32C031G6U6, STM32C031K4T3, STM32C031K4T6, STM32C031K4U3, STM32C031K4U6, STM32C031K6T3, STM32C031K6T6, STM32C031K6U3, STM32C031K6U6, STM32C051C6T6, STM32C051C6U6, STM32C051C8T6, STM32C051C8U6, STM32C051D8Y6TR, STM32C051F6P6, STM32C051F8P6, STM32C051G6U6, STM32C051G8U6, STM32C051K6T6, STM32C051K6U6, STM32C051K8T6, STM32C071C8T6, STM32C071C8T6N, STM32C071C8U6, STM32C071C8U6N, STM32C071CBT6, STM32C071CBT6N, STM32C071CBU6, STM32C071CBU6N, STM32C071F8P6, STM32C071F8P6N, STM32C071FBP6, STM32C071FBP6N, STM32C071FBY6TR, STM32C071G8U6, STM32C071G8U6N, STM32C071GBU6, STM32C071GBU6N, STM32C071K8T6, STM32C071K8T6N, STM32C071K8U6, STM32C071K8U6N, STM32C071KBT6, STM32C071KBT6N, STM32C071KBU6, STM32C071KBU6N, STM32C071R8T6, STM32C071R8T6N, STM32C071RBI6N, STM32C071RBT6, STM32C071RBT6N, STM32C091CBT6, STM32C091CBU6, STM32C091CCT6, STM32C091CCU6, STM32C091ECY6TR, STM32C091FBP6, STM32C091FCP6, STM32C091GBU6, STM32C091GCU6, STM32C091KBT6, STM32C091KBU6, STM32C091KCT6, STM32C091KCU6, STM32C091RBT6, STM32C091RCI6, STM32C091RCT6, STM32C092CBT6, STM32C092CBU6, STM32C092CCT6, STM32C092CCU6, STM32C092ECY6TR, STM32C092FBP6, STM32C092FCP6, STM32C092GBU6, STM32C092GCU6, STM32C092KBT6, STM32C092KBU6, STM32C092KCT6, STM32C092KCU6, STM32C092RBT6, STM32C092RCI6, STM32C092RCT6, STM32G071K8TXN, STM32G071K8UXN, STM32G081GBU6N, STM32G081KBT6N, STM32G081KBUXN, STM32G0B1CCT6N, STM32G0B1KCT6, STM32G0B1NEY6TR, STM32G0B1RCT6N, STM32G0C1CCT6, STM32G0C1CCT6N, STM32G0C1CCU6N, STM32G0C1CET6N, STM32G0C1CEU6N, STM32G0C1KCT6, STM32G0C1NEY6TR, STM32G0C1RCI6N, STM32G0C1RCT6N, STM32G0C1REI6N, STM32G0C1RET6N, STM32G0C1VCI6, STM32G0C1VEI6, STM32G411C6T3, STM32G411C6T6, STM32G411C6U3, STM32G411C6U6, STM32G411C8T3, STM32G411C8T6, STM32G411C8U3, STM32G411C8U6, STM32G411CBT3, STM32G411CBT6, STM32G411CBU3, STM32G411CBU6, STM32G411CCT3, STM32G411CCT6, STM32G411CCU3, STM32G411CCU6, STM32G411K6T3, STM32G411K6T6, STM32G411K6U3, STM32G411K6U6, STM32G411K8T3, STM32G411K8T6, STM32G411K8U3, STM32G411K8U6, STM32G411KBT3, STM32G411KBT6, STM32G411KBU3, STM32G411KBU6, STM32G411M6T3, STM32G411M6T6, STM32G411M8T3, STM32G411M8T6, STM32G411MBT3, STM32G411MBT6, STM32G411MCT3, STM32G411MCT6, STM32G411R6T3, STM32G411R6T6, STM32G411R8T3, STM32G411R8T6, STM32G411RBT3, STM32G411RBT6, STM32G411RCT3, STM32G411RCT6, STM32G414CBT3, STM32G414CBT6, STM32G414CBU3, STM32G414CBU6, STM32G414CCT3, STM32G414CCT6, STM32G414CCU3, STM32G414CCU6, STM32G414MBT3, STM32G414MBT6, STM32G414MCT3, STM32G414MCT6, STM32G414RBT3, STM32G414RBT6, STM32G414RCT3, STM32G414RCT6, STM32G414VBT3, STM32G414VBT6, STM32G414VCT3, STM32G414VCT6, STM32G431CBT3Z, STM32G431RBT3Z, STM32G471CCT6, STM32G471CCU6, STM32G471CET3, STM32G471CET6, STM32G471CEU3, STM32G471CEU6, STM32G471MCT6, STM32G471MET3, STM32G471MET6, STM32G471MEY6TR, STM32G471QCT6, STM32G471QET3, STM32G471RCT6, STM32G471RET3, STM32G471RET6, STM32G471VCH6, STM32G471VCI6, STM32G471VCT6, STM32G471VEH3, STM32G471VEH6, STM32G471VEI3, STM32G471VEI6, STM32G471VET3, STM32G471VET6, STM32G473QET3Z, STM32G473RET3Z, STM32G474CCT6, STM32G491RET3Z, STM32H503CBT6, STM32H503CBU6, STM32H503EBY6TR, STM32H503KBU6, STM32H503RBT6, STM32H523CCT6, STM32H523CCU6, STM32H523CET6, STM32H523CEU6, STM32H523HEY6TR, STM32H523RCT6, STM32H523RET6, STM32H523VCI6, STM32H523VCT6, STM32H523VEI6, STM32H523VET6, STM32H523ZCJ6, STM32H523ZCT6, STM32H523ZEJ6, STM32H523ZET6, STM32H533CET6, STM32H533CEU6, STM32H533HEY6TR, STM32H533RET6, STM32H533VEI6, STM32H533VET6, STM32H533ZEJ6, STM32H533ZET6, STM32H562AGI6, STM32H562AII6, STM32H562IGK6, STM32H562IGT6, STM32H562IIK6, STM32H562IIT6, STM32H562RGT6, STM32H562RGV6, STM32H562RIT6, STM32H562RIV6, STM32H562VGT6, STM32H562VIT6, STM32H562ZGT6, STM32H562ZIT6, STM32H563AGI6, STM32H563AII3Q, STM32H563AII6, STM32H563IGK6, STM32H563IGT6, STM32H563IIK3Q, STM32H563IIK6, STM32H563IIT3Q, STM32H563IIT6, STM32H563MIY3QTR, STM32H563RGT6, STM32H563RGV6, STM32H563RIT6, STM32H563RIV6, STM32H563VGT6, STM32H563VIT3Q, STM32H563VIT6, STM32H563ZGT6, STM32H563ZIT3Q, STM32H563ZIT6, STM32H573AII3Q, STM32H573AII6, STM32H573I-DK, STM32H573IIK3Q, STM32H573IIK6, STM32H573IIT3Q, STM32H573IIT6, STM32H573MIY3QTR, STM32H573RIT6, STM32H573RIV6, STM32H573VIT3Q, STM32H573VIT6, STM32H573ZIT3Q, STM32H573ZIT6, STM32H7R3A8I6, STM32H7R3I8K6, STM32H7R3I8T6, STM32H7R3L8H6, STM32H7R3L8H6H, STM32H7R3R8V6, STM32H7R3V8H6, STM32H7R3V8T6, STM32H7R3V8Y6TR, STM32H7R3Z8J6, STM32H7R3Z8T6, STM32H7R7A8I6, STM32H7R7I8K6, STM32H7R7I8T6, STM32H7R7L8H6, STM32H7R7L8H6H, STM32H7R7Z8J6, STM32H7S3A8I6, STM32H7S3I8K6, STM32H7S3I8T6, STM32H7S3L8H6, STM32H7S3L8H6H, STM32H7S3R8V6, STM32H7S3V8H6, STM32H7S3V8T6, STM32H7S3V8Y6TR, STM32H7S3Z8J6, STM32H7S3Z8T6, STM32H7S78-DK, STM32H7S7A8I6, STM32H7S7I8K6, STM32H7S7I8T6, STM32H7S7L8H6, STM32H7S7L8H6H, STM32H7S7Z8J6, STM32L4R5QGI6STR, STM32MP131AAE3, STM32MP131AAF3, STM32MP131AAG3, STM32MP131CAE3, STM32MP131CAF3, STM32MP131CAG3, STM32MP131DAE7, STM32MP131DAF7, STM32MP131DAG7, STM32MP131FAE7, STM32MP131FAF7, STM32MP131FAG7, STM32MP133AAE3, STM32MP133AAF3, STM32MP133AAG3, STM32MP133CAE3, STM32MP133CAF3, STM32MP133CAG3, STM32MP133DAE7, STM32MP133DAF7, STM32MP133DAG7, STM32MP133FAE7, STM32MP133FAF7, STM32MP133FAG7, STM32MP135AAE3, STM32MP135AAF3, STM32MP135AAG3, STM32MP135CAE3, STM32MP135CAF3, STM32MP135CAG3, STM32MP135DAE7, STM32MP135DAF7, STM32MP135DAG7, STM32MP135F-DK, STM32MP135FAE7, STM32MP135FAF7, STM32MP135FAF7T, STM32MP135FAF7U, STM32MP135FAG7, STM32MP231AAJ3, STM32MP231AAK3, STM32MP231AAL3, STM32MP231CAJ3, STM32MP231CAK3, STM32MP231CAL3, STM32MP231DAJ3, STM32MP231DAK3, STM32MP231DAL3, STM32MP231FAJ3, STM32MP231FAK3, STM32MP231FAL3, STM32MP233AAJ3, STM32MP233AAK3, STM32MP233AAL3, STM32MP233CAJ3, STM32MP233CAK3, STM32MP233CAL3, STM32MP233DAJ3, STM32MP233DAK3, STM32MP233DAL3, STM32MP233FAJ3, STM32MP233FAK3, STM32MP233FAL3, STM32MP235AAJ3, STM32MP235AAK3, STM32MP235AAL3, STM32MP235CAJ3, STM32MP235CAK3, STM32MP235CAL3, STM32MP235DAJ3, STM32MP235DAK3, STM32MP235DAL3, STM32MP235FAJ3, STM32MP235FAK3, STM32MP235FAL3, STM32MP251AAI3, STM32MP251AAJ3, STM32MP251AAK3, STM32MP251AAL3, STM32MP251CAI3, STM32MP251CAJ3, STM32MP251CAK3, STM32MP251CAL3, STM32MP251DAI3, STM32MP251DAJ3, STM32MP251DAK3, STM32MP251DAL3, STM32MP251FAI3, STM32MP251FAJ3, STM32MP251FAK3, STM32MP251FAL3, STM32MP253AAI3, STM32MP253AAJ3, STM32MP253AAK3, STM32MP253AAL3, STM32MP253CAI3, STM32MP253CAJ3, STM32MP253CAK3, STM32MP253CAL3, STM32MP253DAI3, STM32MP253DAJ3, STM32MP253DAK3, STM32MP253DAL3, STM32MP253FAI3, STM32MP253FAJ3, STM32MP253FAK3, STM32MP253FAL3, STM32MP255AAI3, STM32MP255AAJ3, STM32MP255AAK3, STM32MP255AAL3, STM32MP255CAI3, STM32MP255CAJ3, STM32MP255CAK3, STM32MP255CAL3, STM32MP255DAI3, STM32MP255DAJ3, STM32MP255DAK3, STM32MP255DAL3, STM32MP255FAI3, STM32MP255FAJ3, STM32MP255FAK3, STM32MP255FAL3, STM32MP257AAI3, STM32MP257AAJ3, STM32MP257AAK3, STM32MP257AAL3, STM32MP257CAI3, STM32MP257CAJ3, STM32MP257CAK3, STM32MP257CAL3, STM32MP257DAI3, STM32MP257DAJ3, STM32MP257DAK3, STM32MP257DAL3, STM32MP257F-DK, STM32MP257F-EV1, STM32MP257FAI3, STM32MP257FAJ3, STM32MP257FAK3, STM32MP257FAL3, STM32N645A0H3Q, STM32N645B0H3Q, STM32N645I0H3Q, STM32N645L0H3Q, STM32N645X0H3Q, STM32N645Z0H3Q, STM32N647A0H3Q, STM32N647B0H3Q, STM32N647I0H3Q, STM32N647L0H3Q, STM32N647X0H3Q, STM32N647Z0H3Q, STM32N655A0H3Q, STM32N655B0H3Q, STM32N655I0H3Q, STM32N655L0H3Q, STM32N655X0H3Q, STM32N655Z0H3Q, STM32N6570-DK, STM32N657A0H3Q, STM32N657B0H3Q, STM32N657I0H3Q, STM32N657L0H3Q, STM32N657X0H3Q, STM32N657Z0H3Q, STM32U031C6T6, STM32U031C6U6, STM32U031C8T6, STM32U031C8U6, STM32U031F4P6, STM32U031F6P6, STM32U031F8P6, STM32U031G6Y6TR, STM32U031G8Y6TR, STM32U031K4U6, STM32U031K6U6, STM32U031K8U6, STM32U031R6I6, STM32U031R6T6, STM32U031R8I6, STM32U031R8T6, STM32U073C8T6, STM32U073C8U6, STM32U073CBT6, STM32U073CBU6, STM32U073CCT6, STM32U073CCU6, STM32U073H8Y6TR, STM32U073HBY6TR, STM32U073HCY6TR, STM32U073K8U6, STM32U073KBU6, STM32U073KCU6, STM32U073M8I6, STM32U073M8T6, STM32U073MBI6, STM32U073MBT6, STM32U073MCI6, STM32U073MCT6, STM32U073R8I6, STM32U073R8T6, STM32U073RBI6, STM32U073RBT6, STM32U073RCI6, STM32U073RCT6, STM32U083C-DK, STM32U083CCT6, STM32U083CCU6, STM32U083HCY6TR, STM32U083KCU6, STM32U083MCI6, STM32U083MCT6, STM32U083RCI6, STM32U083RCT6, STM32U375CET6, STM32U375CET6Q, STM32U375CEU6, STM32U375CEU6Q, STM32U375CEY6QTR, STM32U375CGT6, STM32U375CGT6Q, STM32U375CGU6, STM32U375CGU6Q, STM32U375CGY6QTR, STM32U375KEU6, STM32U375KGU6, STM32U375REI6, STM32U375REI6Q, STM32U375RET6, STM32U375RET6Q, STM32U375REY6GTR, STM32U375REY6QTR, STM32U375RGI6, STM32U375RGI6Q, STM32U375RGT6, STM32U375RGT6Q, STM32U375RGY6GTR, STM32U375RGY6QTR, STM32U375VEI6, STM32U375VEI6Q, STM32U375VET6, STM32U375VET6Q, STM32U375VGI6, STM32U375VGI6Q, STM32U375VGT6, STM32U375VGT6Q, STM32U385CGT6, STM32U385CGT6Q, STM32U385CGU6, STM32U385CGU6Q, STM32U385CGY6QTR, STM32U385KGU6, STM32U385RGI6, STM32U385RGI6Q, STM32U385RGT6, STM32U385RGT6Q, STM32U385RGY6GTR, STM32U385RGY6QTR, STM32U385VGI6, STM32U385VGI6Q, STM32U385VGT6, STM32U385VGT6Q, STM32U535CBT6, STM32U535CBT6Q, STM32U535CBU6, STM32U535CBU6Q, STM32U535CCT6, STM32U535CCT6Q, STM32U535CCU6, STM32U535CCU6Q, STM32U535CET6, STM32U535CET6Q, STM32U535CEU6, STM32U535CEU6Q, STM32U535JEY6QTR, STM32U535NCY6QTR, STM32U535NEY6QTR, STM32U535RBI6, STM32U535RBI6Q, STM32U535RBT6, STM32U535RBT6Q, STM32U535RCI6, STM32U535RCI6Q, STM32U535RCT6, STM32U535RCT6Q, STM32U535REI6, STM32U535REI6Q, STM32U535RET6, STM32U535RET6Q, STM32U535VCI6, STM32U535VCI6Q, STM32U535VCT6, STM32U535VCT6Q, STM32U535VEI6, STM32U535VEI6Q, STM32U535VET6, STM32U535VET6Q, STM32U545CET6, STM32U545CET6Q, STM32U545CEU6, STM32U545CEU6Q, STM32U545JEY6QTR, STM32U545NEY6QTR, STM32U545REI6, STM32U545REI6Q, STM32U545RET6, STM32U545RET6Q, STM32U545VEI6, STM32U545VEI6Q, STM32U545VET6, STM32U545VET6Q, STM32U595AIH6, STM32U595AIH6Q, STM32U595AJH6, STM32U595AJH6Q, STM32U595QII6, STM32U595QII6Q, STM32U595QJI6, STM32U595QJI6Q, STM32U595RIT6, STM32U595RIT6Q, STM32U595RJT6, STM32U595RJT6Q, STM32U595VIT6, STM32U595VIT6Q, STM32U595VJT6, STM32U595VJT6Q, STM32U595ZIT6, STM32U595ZIT6Q, STM32U595ZIY6QTR, STM32U595ZJT6, STM32U595ZJT6Q, STM32U595ZJY6QTR, STM32U599BJY6QTR, STM32U599NIH6Q, STM32U599NJH6Q, STM32U599VIT6Q, STM32U599VJT6, STM32U599VJT6Q, STM32U599ZIT6Q, STM32U599ZIY6QTR, STM32U599ZJT6Q, STM32U599ZJY6QTR, STM32U5A5AJH6, STM32U5A5AJH6Q, STM32U5A5QII3Q , STM32U5A5QJI6, STM32U5A5QJI6Q, STM32U5A5RJT6, STM32U5A5RJT6Q, STM32U5A5VJT6, STM32U5A5VJT6Q, STM32U5A5ZJT6, STM32U5A5ZJT6Q, STM32U5A5ZJY6QTR, STM32U5A9BJY6QTR, STM32U5A9J-DK, STM32U5A9NJH6Q, STM32U5A9VJT6Q, STM32U5A9ZJT6Q, STM32U5A9ZJY6QTR, STM32U5F7VIT6, STM32U5F7VIT6Q, STM32U5F7VJT6, STM32U5F7VJT6Q, STM32U5F9BJY6QTR, STM32U5F9NJH6Q, STM32U5F9VIT6Q, STM32U5F9VJT6Q, STM32U5F9ZIJ6QTR, STM32U5F9ZIT6Q, STM32U5F9ZJJ6QTR, STM32U5F9ZJT6Q, STM32U5G7VJT6, STM32U5G7VJT6Q, STM32U5G9BJY6QTR, STM32U5G9J-DK1, STM32U5G9J-DK2, STM32U5G9NJH6Q, STM32U5G9VJT6Q, STM32U5G9ZJJ6QTR, STM32U5G9ZJT6Q, STM32WB05KZV6TR, STM32WB05KZV7TR, STM32WB05TZF6TR, STM32WB05TZF7TR, STM32WB06CCF6TR, STM32WB06CCF7TR, STM32WB06CCV6TR, STM32WB06CCV7TR, STM32WB06KCV6TR, STM32WB06KCV7TR, STM32WB07CCF6TR, STM32WB07CCF7TR, STM32WB07CCV6TR, STM32WB07CCV7TR, STM32WB07KCV6TR, STM32WB07KCV7TR, STM32WB09KEV6TR, STM32WB09KEV7TR, STM32WB09TEF6TR, STM32WB09TEF7TR, STM32WB1MMCH6, STM32WBA50KGU6, STM32WBA50KGU6TR, STM32WBA52CEU6, STM32WBA52CEU6TR, STM32WBA52CEU7, STM32WBA52CEU7TR, STM32WBA52CGU6, STM32WBA52CGU6TR, STM32WBA52CGU6U, STM32WBA52CGU7, STM32WBA52CGU7TR, STM32WBA52KEU6, STM32WBA52KEU6TR, STM32WBA52KGU6, STM32WBA52KGU6TR, STM32WBA54CEU6, STM32WBA54CEU6TR, STM32WBA54CEU7, STM32WBA54CEU7TR, STM32WBA54CGU6, STM32WBA54CGU6TR, STM32WBA54CGU7, STM32WBA54CGU7TR, STM32WBA54KEU6, STM32WBA54KEU6TR, STM32WBA54KEU7, STM32WBA54KEU7TR, STM32WBA54KGU6, STM32WBA54KGU6TR, STM32WBA54KGU7, STM32WBA54KGU7TR, STM32WBA55CEU6, STM32WBA55CEU6TR, STM32WBA55CEU7, STM32WBA55CEU7TR, STM32WBA55CGU6, STM32WBA55CGU6TR, STM32WBA55CGU6U, STM32WBA55CGU7, STM32WBA55CGU7TR, STM32WBA55G-DK1, STM32WBA55HEF6, STM32WBA55HEF7, STM32WBA55HGF6, STM32WBA55HGF7, STM32WBA55UEI6, STM32WBA55UEI6TR, STM32WBA55UEI7, STM32WBA55UEI7TR, STM32WBA55UGI6, STM32WBA55UGI6TR, STM32WBA55UGI7, STM32WBA55UGI7TR, STM32WBA5MJGH6TR, STM32WBA5MJGH6U, STM32WL33C8V6, STM32WL33C8V6TR, STM32WL33C8V7, STM32WL33C8V7TR, STM32WL33CBV6, STM32WL33CBV6TR, STM32WL33CBV7, STM32WL33CBV7TR, STM32WL33CCV6, STM32WL33CCV6TR, STM32WL33CCV7, STM32WL33CCV7A, STM32WL33CCV7ATR, STM32WL33CCV7TR, STM32WL33K8V6, STM32WL33K8V6TR, STM32WL33K8V7, STM32WL33K8V7TR, STM32WL33KBV6, STM32WL33KBV6TR, STM32WL33KBV7, STM32WL33KBV7TR, STM32WL33KCV6, STM32WL33KCV6TR, STM32WL33KCV7, STM32WL33KCV7TR, STM32WL5MOCH6, STM32WL5MOCH6TR]
2025-05-10 14:56:48,606 [INFO] DbMcus:218 - Found 4674 MCUs, 4674 are supported
2025-05-10 14:56:48,607 [INFO] ApiDb:423 - Load user favorites file C:\Users\Miloush/.stm32cubeide/favorites.mcus.txt: 3 item(s)
2025-05-10 14:56:48,607 [INFO] ApiDb:427 - User favorites MCUs=[STM32F446RET6, STM32G431KBT6, STM32G474CBT3]
2025-05-10 14:56:48,607 [INFO] DbMcus:224 - Set 3 / 3 favorites MCUs
2025-05-10 14:56:48,889 [INFO] ApiDb:423 - Load user favorites file C:\Users\Miloush/.stm32cubeide/favorites.boards.txt: 0 item(s)
2025-05-10 14:56:48,889 [INFO] ApiDb:427 - User favorites Boards=[]
2025-05-10 14:56:48,889 [INFO] DbBoards:198 - Set 0 / 0 favorites Boards
2025-05-10 14:56:48,930 [INFO] UtilMem:75 - End LoadConfig() Used Memory: 293576080 Bytes (356515840)
2025-05-10 14:56:49,020 [WARN] ThirdParty:833 - waiting for thirdparty lock release [change project]
2025-05-10 14:56:49,020 [INFO] ThirdParty:835 - entering critical section [change project]
2025-05-10 14:56:49,020 [INFO] ThirdParty:1030 - CMSIS Pack Vendor :STMicroelectronics USBPD 4.1
2025-05-10 14:56:49,020 [INFO] ThirdParty:1030 - CMSIS Pack Vendor :STMicroelectronics USB_HOST 2.0.0
2025-05-10 14:56:49,020 [INFO] ThirdParty:1030 - CMSIS Pack Vendor :STMicroelectronics FP-SNS-MOTENVWB1 1.4.0
2025-05-10 14:56:49,020 [INFO] ThirdParty:1030 - CMSIS Pack Vendor :STMicroelectronics X-CUBE-AZRTOS-F4 1.1.0
2025-05-10 14:56:49,020 [INFO] ThirdParty:1030 - CMSIS Pack Vendor :STMicroelectronics LIBJPEG 8.0.0
2025-05-10 14:56:49,020 [INFO] ThirdParty:1030 - CMSIS Pack Vendor :STMicroelectronics FP-ATR-ASTRA1 2.0.2
2025-05-10 14:56:49,020 [INFO] ThirdParty:1030 - CMSIS Pack Vendor :STMicroelectronics FP-ATR-ASTRA1 2.0.1
2025-05-10 14:56:49,020 [INFO] ThirdParty:1030 - CMSIS Pack Vendor :Avnet-IotConnect X-CUBE-IoTC-DA16k-PMOD 1.0.0
2025-05-10 14:56:49,020 [INFO] ThirdParty:1030 - CMSIS Pack Vendor :STMicroelectronics X-CUBE-SMBUS 2.1.0
2025-05-10 14:56:49,020 [INFO] ThirdParty:1030 - CMSIS Pack Vendor :STMicroelectronics X-CUBE-WB05N 1.1.0
2025-05-10 14:56:49,020 [INFO] ThirdParty:1030 - CMSIS Pack Vendor :STMicroelectronics X-CUBE-ISPU 2.1.0
2025-05-10 14:56:49,021 [INFO] ThirdParty:1030 - CMSIS Pack Vendor :STMicroelectronics X-CUBE-FREERTOS 1.2.0
2025-05-10 14:56:49,021 [INFO] ThirdParty:1030 - CMSIS Pack Vendor :STMicroelectronics X-CUBE-AZRTOS-F7 1.1.0
2025-05-10 14:56:49,021 [INFO] ThirdParty:1030 - CMSIS Pack Vendor :STMicroelectronics X-CUBE-AZRTOS-L5 2.0.0
2025-05-10 14:56:49,021 [INFO] ThirdParty:1030 - CMSIS Pack Vendor :STMicroelectronics USB_DEVICE 2.0.0
2025-05-10 14:56:49,021 [INFO] ThirdParty:1030 - CMSIS Pack Vendor :STMicroelectronics X-CUBE-NFC6 3.1.0
2025-05-10 14:56:49,021 [INFO] ThirdParty:1030 - CMSIS Pack Vendor :STMicroelectronics X-CUBE-MEMS1 11.0.0
2025-05-10 14:56:49,021 [INFO] ThirdParty:1030 - CMSIS Pack Vendor :STMicroelectronics FreeRTOS 0.0.1
2025-05-10 14:56:49,021 [INFO] ThirdParty:1030 - CMSIS Pack Vendor :STMicroelectronics X-CUBE-DPower 1.2.0
2025-05-10 14:56:49,021 [INFO] ThirdParty:1030 - CMSIS Pack Vendor :STMicroelectronics FP-SNS-FLIGHT1 5.0.2
2025-05-10 14:56:49,021 [INFO] ThirdParty:1030 - CMSIS Pack Vendor :STMicroelectronics PDM2PCM 3.3.0
2025-05-10 14:56:49,021 [INFO] ThirdParty:1030 - CMSIS Pack Vendor :STMicroelectronics X-CUBE-DISPLAY 3.0.0
2025-05-10 14:56:49,021 [INFO] ThirdParty:1030 - CMSIS Pack Vendor :STMicroelectronics X-CUBE-BLE1 7.0.0
2025-05-10 14:56:49,021 [INFO] ThirdParty:1030 - CMSIS Pack Vendor :STMicroelectronics X-CUBE-NFC10 1.0.0
2025-05-10 14:56:49,021 [INFO] ThirdParty:1030 - CMSIS Pack Vendor :STMicroelectronics X-CUBE-BLEMGR 4.0.0
2025-05-10 14:56:49,021 [INFO] ThirdParty:1030 - CMSIS Pack Vendor :STMicroelectronics X-CUBE-FREERTOS 1.3.1
2025-05-10 14:56:49,021 [INFO] ThirdParty:1030 - CMSIS Pack Vendor :STMicroelectronics HAL Drivers 0.0.0
2025-05-10 14:56:49,021 [INFO] ThirdParty:1030 - CMSIS Pack Vendor :emotas I-CUBE-CANOPEN 1.3.0
2025-05-10 14:56:49,021 [INFO] ThirdParty:1030 - CMSIS Pack Vendor :STMicroelectronics X-CUBE-FREERTOS 1.3.0
2025-05-10 14:56:49,021 [INFO] ThirdParty:1030 - CMSIS Pack Vendor :STMicroelectronics X-CUBE-NFC7 1.0.1
2025-05-10 14:56:49,021 [INFO] ThirdParty:1030 - CMSIS Pack Vendor :STMicroelectronics MBEDTLS 2.14.1
2025-05-10 14:56:49,021 [INFO] ThirdParty:1030 - CMSIS Pack Vendor :STMicroelectronics X-CUBE-BLEMGR 3.1.0
2025-05-10 14:56:49,021 [INFO] ThirdParty:1030 - CMSIS Pack Vendor :STMicroelectronics X-CUBE-AI 10.0.0
2025-05-10 14:56:49,021 [INFO] ThirdParty:1030 - CMSIS Pack Vendor :STMicroelectronics FP-SNS-SMARTAG2 1.2.0
2025-05-10 14:56:49,021 [INFO] ThirdParty:1030 - CMSIS Pack Vendor :STMicroelectronics FP-SNS-FLIGHT1 5.1.0
2025-05-10 14:56:49,021 [INFO] ThirdParty:1030 - CMSIS Pack Vendor :STMicroelectronics X-CUBE-MEMS1 11.1.0
2025-05-10 14:56:49,021 [INFO] ThirdParty:1030 - CMSIS Pack Vendor :STMicroelectronics X-CUBE-AZRTOS-WL 2.0.0
2025-05-10 14:56:49,021 [INFO] ThirdParty:1030 - CMSIS Pack Vendor :STMicroelectronics X-CUBE-DPower 1.3.0
2025-05-10 14:56:49,021 [INFO] ThirdParty:1030 - CMSIS Pack Vendor :STMicroelectronics FP-SNS-MOTENV1 5.0.0
2025-05-10 14:56:49,022 [INFO] ThirdParty:1030 - CMSIS Pack Vendor :STMicroelectronics USB_DEVICE 1.0.0
2025-05-10 14:56:49,022 [INFO] ThirdParty:1030 - CMSIS Pack Vendor :wolfSSL I-CUBE-wolfMQTT 1.19.0
2025-05-10 14:56:49,022 [INFO] ThirdParty:1030 - CMSIS Pack Vendor :STMicroelectronics X-CUBE-AZRTOS-L4 2.0.0
2025-05-10 14:56:49,022 [INFO] ThirdParty:1030 - CMSIS Pack Vendor :STMicroelectronics ThreadX 0.0.2
2025-05-10 14:56:49,022 [INFO] ThirdParty:1030 - CMSIS Pack Vendor :WES I-CUBE-Cesium 1.3.0
2025-05-10 14:56:49,022 [INFO] ThirdParty:1030 - CMSIS Pack Vendor :STMicroelectronics lwIP 2.1.2
2025-05-10 14:56:49,022 [INFO] ThirdParty:1030 - CMSIS Pack Vendor :STMicroelectronics X-CUBE-SFXS2LP1 4.0.0
2025-05-10 14:56:49,022 [INFO] ThirdParty:1030 - CMSIS Pack Vendor :STMicroelectronics X-CUBE-BLE2 3.3.0
2025-05-10 14:56:49,022 [INFO] ThirdParty:1030 - CMSIS Pack Vendor :STMicroelectronics PDM2PCM 3.2.0
2025-05-10 14:56:49,022 [INFO] ThirdParty:1030 - CMSIS Pack Vendor :STMicroelectronics X-CUBE-AZRTOS-H7 3.3.0
2025-05-10 14:56:49,022 [INFO] ThirdParty:1030 - CMSIS Pack Vendor :STMicroelectronics X-CUBE-NFC9 1.0.0
2025-05-10 14:56:49,022 [INFO] ThirdParty:1030 - CMSIS Pack Vendor :STMicroelectronics X-CUBE-BLE1 7.1.0
2025-05-10 14:56:49,022 [INFO] ThirdParty:1030 - CMSIS Pack Vendor :STMicroelectronics USB_DEVICE 3.0.0
2025-05-10 14:56:49,022 [INFO] ThirdParty:1030 - CMSIS Pack Vendor :STMicroelectronics X-CUBE-TCPP 4.1.0
2025-05-10 14:56:49,022 [INFO] ThirdParty:1030 - CMSIS Pack Vendor :STMicroelectronics X-CUBE-IPS 3.0.0
2025-05-10 14:56:49,022 [INFO] ThirdParty:1030 - CMSIS Pack Vendor :STMicroelectronics X-CUBE-AZRTOS-WB 2.0.0
2025-05-10 14:56:49,022 [INFO] ThirdParty:1030 - CMSIS Pack Vendor :STMicroelectronics X-CUBE-GNSS1 7.0.0
2025-05-10 14:56:49,022 [INFO] ThirdParty:1030 - CMSIS Pack Vendor :STMicroelectronics X-CUBE-GNSS1 7.0.1
2025-05-10 14:56:49,022 [INFO] ThirdParty:1030 - CMSIS Pack Vendor :STMicroelectronics X-CUBE-TOUCHGFX 4.25.0
2025-05-10 14:56:49,022 [INFO] ThirdParty:1030 - CMSIS Pack Vendor :STMicroelectronics FP-SNS-STBOX1 2.0.0
2025-05-10 14:56:49,022 [INFO] ThirdParty:1030 - CMSIS Pack Vendor :STMicroelectronics X-CUBE-MEMS1 11.2.0
2025-05-10 14:56:49,022 [INFO] ThirdParty:1030 - CMSIS Pack Vendor :STMicroelectronics X-CUBE-AZRTOS-G0 1.1.0
2025-05-10 14:56:49,022 [INFO] ThirdParty:1030 - CMSIS Pack Vendor :STMicroelectronics X-CUBE-SAFEA1 1.2.2
2025-05-10 14:56:49,022 [INFO] ThirdParty:1030 - CMSIS Pack Vendor :STMicroelectronics X-CUBE-NFC4 3.0.0
2025-05-10 14:56:49,022 [INFO] ThirdParty:1030 - CMSIS Pack Vendor :STMicroelectronics X-CUBE-SUBG2 5.0.0
2025-05-10 14:56:49,022 [INFO] ThirdParty:1030 - CMSIS Pack Vendor :STMicroelectronics X-CUBE-AZRTOS-H7RS 1.1.0
2025-05-10 14:56:49,023 [INFO] ThirdParty:1030 - CMSIS Pack Vendor :STMicroelectronics STM32_WPAN 1.0.0
2025-05-10 14:56:49,023 [INFO] ThirdParty:1030 - CMSIS Pack Vendor :EmbeddedOffice I-CUBE-FS-RTOS 1.0.1
2025-05-10 14:56:49,023 [INFO] ThirdParty:1030 - CMSIS Pack Vendor :STMicroelectronics lwIP 2.0.3
2025-05-10 14:56:49,023 [INFO] ThirdParty:1030 - CMSIS Pack Vendor :Cesanta I-CUBE-Mongoose 7.13.0
2025-05-10 14:56:49,023 [INFO] ThirdParty:1030 - CMSIS Pack Vendor :STMicroelectronics USB_HOST 1.0.0
2025-05-10 14:56:49,023 [INFO] ThirdParty:1030 - CMSIS Pack Vendor :STMicroelectronics X-CUBE-AZRTOS-G4 2.0.0
2025-05-10 14:56:49,023 [INFO] ThirdParty:1030 - CMSIS Pack Vendor :STMicroelectronics X-CUBE-WB05N 2.0.0
2025-05-10 14:56:49,023 [INFO] ThirdParty:1030 - CMSIS Pack Vendor :STMicroelectronics PDM2PCM 3.1.0
2025-05-10 14:56:49,023 [INFO] ThirdParty:1030 - CMSIS Pack Vendor :STMicroelectronics X-CUBE-NFC7 2.0.0
2025-05-10 14:56:49,023 [INFO] ThirdParty:1030 - CMSIS Pack Vendor :STMicroelectronics X-CUBE-TCPP 4.2.0
2025-05-10 14:56:49,023 [INFO] ThirdParty:1030 - CMSIS Pack Vendor :RealThread X-CUBE-RT-Thread_Nano 4.1.1
2025-05-10 14:56:49,023 [INFO] ThirdParty:1030 - CMSIS Pack Vendor :STMicroelectronics FP-ATR-SIGFOX1 3.2.0
2025-05-10 14:56:49,023 [INFO] ThirdParty:1030 - CMSIS Pack Vendor :wolfSSL I-CUBE-wolfSSL 5.7.2
2025-05-10 14:56:49,023 [INFO] ThirdParty:1030 - CMSIS Pack Vendor :quantropi X-CUBE-qispace-sdk-base 1.9.3
2025-05-10 14:56:49,023 [INFO] ThirdParty:1030 - CMSIS Pack Vendor :STMicroelectronics X-CUBE-EEPRMA1 5.1.0
2025-05-10 14:56:49,023 [INFO] ThirdParty:1030 - CMSIS Pack Vendor :STMicroelectronics MBEDTLS 2.16.2
2025-05-10 14:56:49,023 [INFO] ThirdParty:1030 - CMSIS Pack Vendor :STMicroelectronics X-CUBE-IPS 3.1.0
2025-05-10 14:56:49,023 [INFO] ThirdParty:1030 - CMSIS Pack Vendor :STMicroelectronics X-CUBE-ALS 1.0.2
2025-05-10 14:56:49,023 [INFO] ThirdParty:1030 - CMSIS Pack Vendor :ITTIA_DB I-CUBE-ITTIADB 8.9.0
2025-05-10 14:56:49,023 [INFO] ThirdParty:1030 - CMSIS Pack Vendor :STMicroelectronics X-CUBE-TOUCHGFX 4.24.2
2025-05-10 14:56:49,023 [INFO] ThirdParty:1030 - CMSIS Pack Vendor :STMicroelectronics X-CUBE-TOUCHGFX 4.24.1
2025-05-10 14:56:49,023 [INFO] ThirdParty:1030 - CMSIS Pack Vendor :wolfSSL I-CUBE-wolfTPM 3.4.0
2025-05-10 14:56:49,023 [INFO] ThirdParty:1030 - CMSIS Pack Vendor :portGmbH I-Cube-SoM-uGOAL 1.1.0
2025-05-10 14:56:49,023 [INFO] ThirdParty:1030 - CMSIS Pack Vendor :STMicroelectronics ThreadX 1.0.0
2025-05-10 14:56:49,023 [INFO] ThirdParty:1030 - CMSIS Pack Vendor :SEGGER I-CUBE-embOS 1.3.1
2025-05-10 14:56:49,023 [INFO] ThirdParty:1030 - CMSIS Pack Vendor :STMicroelectronics X-CUBE-ALGOBUILD 1.4.0
2025-05-10 14:56:49,023 [INFO] ThirdParty:1030 - CMSIS Pack Vendor :STMicroelectronics X-CUBE-AZRTOS-H7RS 1.0.0
2025-05-10 14:56:49,023 [INFO] ThirdParty:1030 - CMSIS Pack Vendor :STMicroelectronics FP-ATR-ASTRA1 2.0.0
2025-05-10 14:56:49,023 [INFO] ThirdParty:1030 - CMSIS Pack Vendor :STMicroelectronics X-CUBE-TOF1 3.4.2
2025-05-10 14:56:49,023 [INFO] ThirdParty:1030 - CMSIS Pack Vendor :STMicroelectronics X-CUBE-TOF1 3.4.3
2025-05-10 14:56:49,023 [INFO] ThirdParty:1030 - CMSIS Pack Vendor :STMicroelectronics X-CUBE-AI 9.1.0
2025-05-10 14:56:49,023 [INFO] ThirdParty:1030 - CMSIS Pack Vendor :Infineon AIROC-Wi-Fi-Bluetooth-STM32 1.6.1
2025-05-10 14:56:49,023 [INFO] ThirdParty:1030 - CMSIS Pack Vendor :wolfSSL I-CUBE-wolfSSH 1.4.17
2025-05-10 14:56:49,023 [INFO] ThirdParty:841 - exiting critical section [change project]
2025-05-10 14:56:49,365 [INFO] PinOutPanel:1589 - setPackage(No Configuration,No Configuration)
2025-05-10 14:56:49,367 [INFO] PinOutPanel:1589 - setPackage(STM32G431RBTx,LQFP64)
2025-05-10 14:56:49,848 [INFO] UtilMem:75 - Before build in PCC Used Memory: 290516504 Bytes (407896064)
2025-05-10 14:56:50,716 [INFO] UtilMem:75 - After build in PCC Used Memory: 281642616 Bytes (407896064)
2025-05-10 14:56:50,750 [INFO] IPUIPlugin:80 - create IPUIPlugin
2025-05-10 14:56:50,750 [INFO] IPUIPlugin:80 - create IPUIPlugin
2025-05-10 14:56:50,750 [INFO] IPUIPlugin:80 - create IPUIPlugin
2025-05-10 14:56:50,750 [INFO] IPUIPlugin:80 - create IPUIPlugin
2025-05-10 14:56:50,750 [INFO] IPUIPlugin:80 - create IPUIPlugin
2025-05-10 14:56:50,750 [INFO] IPUIPlugin:80 - create IPUIPlugin
2025-05-10 14:56:50,751 [INFO] IPUIPlugin:80 - create IPUIPlugin
2025-05-10 14:56:50,751 [INFO] IPUIPlugin:80 - create IPUIPlugin
2025-05-10 14:56:50,751 [INFO] IPUIPlugin:80 - create IPUIPlugin
2025-05-10 14:56:50,751 [INFO] IPUIPlugin:80 - create IPUIPlugin
2025-05-10 14:56:50,751 [INFO] IPUIPlugin:80 - create IPUIPlugin
2025-05-10 14:56:50,751 [INFO] IPUIPlugin:80 - create IPUIPlugin
2025-05-10 14:56:50,751 [INFO] IPUIPlugin:80 - create IPUIPlugin
2025-05-10 14:56:50,751 [INFO] IPUIPlugin:80 - create IPUIPlugin
2025-05-10 14:56:50,751 [INFO] IPUIPlugin:80 - create IPUIPlugin
2025-05-10 14:56:50,751 [INFO] IPUIPlugin:80 - create IPUIPlugin
2025-05-10 14:56:50,752 [INFO] IPUIPlugin:80 - create IPUIPlugin
2025-05-10 14:56:50,752 [INFO] IPUIPlugin:80 - create IPUIPlugin
2025-05-10 14:56:50,752 [INFO] IPUIPlugin:80 - create IPUIPlugin
2025-05-10 14:56:50,752 [INFO] IPUIPlugin:80 - create IPUIPlugin
2025-05-10 14:56:50,752 [INFO] IPUIPlugin:80 - create IPUIPlugin
2025-05-10 14:56:50,752 [INFO] IPUIPlugin:80 - create IPUIPlugin
2025-05-10 14:56:50,752 [INFO] IPUIPlugin:80 - create IPUIPlugin
2025-05-10 14:56:50,752 [INFO] IPUIPlugin:80 - create IPUIPlugin
2025-05-10 14:56:50,752 [INFO] IPUIPlugin:80 - create IPUIPlugin
2025-05-10 14:56:50,752 [INFO] IPUIPlugin:80 - create IPUIPlugin
2025-05-10 14:56:50,754 [INFO] IPUIPlugin:80 - create IPUIPlugin
2025-05-10 14:56:50,754 [INFO] IPUIPlugin:80 - create IPUIPlugin
2025-05-10 14:56:50,754 [INFO] IPUIPlugin:80 - create IPUIPlugin
2025-05-10 14:56:50,754 [INFO] IPUIPlugin:80 - create IPUIPlugin
2025-05-10 14:56:50,754 [INFO] IPUIPlugin:80 - create IPUIPlugin
2025-05-10 14:56:50,754 [INFO] IPUIPlugin:80 - create IPUIPlugin
2025-05-10 14:56:50,755 [INFO] IPUIPlugin:80 - create IPUIPlugin
2025-05-10 14:56:50,755 [INFO] IPUIPlugin:80 - create IPUIPlugin
2025-05-10 14:56:50,755 [INFO] IPUIPlugin:80 - create IPUIPlugin
2025-05-10 14:56:50,755 [INFO] IPUIPlugin:80 - create IPUIPlugin
2025-05-10 14:56:50,755 [INFO] IPUIPlugin:80 - create IPUIPlugin
2025-05-10 14:56:50,755 [INFO] IPUIPlugin:80 - create IPUIPlugin
2025-05-10 14:56:50,755 [INFO] IPUIPlugin:80 - create IPUIPlugin
2025-05-10 14:56:50,755 [INFO] IPUIPlugin:80 - create IPUIPlugin
2025-05-10 14:56:50,755 [INFO] IPUIPlugin:80 - create IPUIPlugin
2025-05-10 14:56:50,756 [INFO] IPUIPlugin:80 - create IPUIPlugin
2025-05-10 14:56:50,756 [INFO] IPUIPlugin:80 - create IPUIPlugin
2025-05-10 14:56:50,756 [INFO] IPUIPlugin:80 - create IPUIPlugin
2025-05-10 14:56:50,756 [INFO] IPUIPlugin:80 - create IPUIPlugin
2025-05-10 14:56:50,756 [INFO] IPUIPlugin:80 - create IPUIPlugin
2025-05-10 14:56:50,756 [INFO] IPUIPlugin:80 - create IPUIPlugin
2025-05-10 14:56:50,756 [INFO] IPUIPlugin:80 - create IPUIPlugin
2025-05-10 14:56:50,756 [INFO] IPUIPlugin:80 - create IPUIPlugin
2025-05-10 14:56:50,757 [INFO] IPUIPlugin:80 - create IPUIPlugin
2025-05-10 14:56:50,757 [INFO] IPUIPlugin:80 - create IPUIPlugin
2025-05-10 14:56:50,757 [INFO] IPUIPlugin:80 - create IPUIPlugin
2025-05-10 14:56:50,758 [INFO] IPUIPlugin:80 - create IPUIPlugin
2025-05-10 14:56:50,758 [INFO] IPUIPlugin:80 - create IPUIPlugin
2025-05-10 14:56:50,758 [INFO] IPUIPlugin:80 - create IPUIPlugin
2025-05-10 14:56:50,759 [INFO] IPUIPlugin:80 - create IPUIPlugin
2025-05-10 14:56:50,759 [INFO] IPUIPlugin:80 - create IPUIPlugin
2025-05-10 14:56:50,759 [INFO] IPUIPlugin:80 - create IPUIPlugin
2025-05-10 14:56:50,759 [INFO] IPUIPlugin:80 - create IPUIPlugin
2025-05-10 14:56:51,005 [INFO] CADModel:165 - CPN selected for project levelSTM32G431RBT6
2025-05-10 14:56:51,005 [INFO] CADModel:114 - Register for checkConnection events
2025-05-10 14:56:51,070 [INFO] OpenFileManager:363 - Restore cursor
2025-05-10 14:57:02,523 [ERROR] LogOutputStream:75 - [STDERR_REDIRECT] 
2025-05-10 14:57:22,413 [INFO] Activator:176 - 


2025-05-10 14:57:22,414 [INFO] Activator:177 - !SESSION log4j initialized
2025-05-10 14:57:26,759 [INFO] LogOutputStream:77 - [STDOUT_REDIRECT] 
2025-05-10 14:57:27,503 [INFO] ApplicationProperties:184 - Using Application install path: C:\ST\STM32CubeIDE_1.16.1\STM32CubeIDE\plugins\com.st.stm32cube.common.mx_6.13.0.202411220809
2025-05-10 14:57:27,522 [INFO] DbMcusXml:78 - Set database path to: C:\ST\STM32CubeIDE_1.16.1\STM32CubeIDE\plugins\com.st.stm32cube.common.mx_6.13.0.202411220809\\db\/mcu/
2025-05-10 14:57:27,522 [INFO] ApiDb:274 - Set plugin database path to: C:\ST\STM32CubeIDE_1.16.1\STM32CubeIDE\plugins\com.st.stm32cube.common.mx_6.13.0.202411220809\\db\/plugins/boardmanager/
2025-05-10 14:57:27,523 [WARN] ApiDb:259 - Overriding images path with different value:  => C:\ST\STM32CubeIDE_1.16.1\STM32CubeIDE\plugins\com.st.stm32cube.common.mx_6.13.0.202411220809\\db\/plugins/mcufinder/images/
2025-05-10 14:57:27,527 [INFO] ApiDb:250 - Set database path to: C:\Users\Miloush\.stmcufinder\plugins\mcufinder//mcu/
2025-05-10 14:57:27,528 [INFO] DbMcusAds:125 - Set database path to: C:\Users\Miloush\.stmcufinder\plugins\mcufinder//mcu/
2025-05-10 14:57:27,531 [INFO] CrossReferenceDbSqlite:203 - Set database path to: C:\Users\Miloush\.stmcufinder\plugins\mcufinder//mcu/cs/
2025-05-10 14:57:27,612 [INFO] RulesReader:64 - Compatibility file has been processed (297 Rules)
2025-05-10 14:57:27,676 [INFO] DbMcusXml:78 - Set database path to: C:\ST\STM32CubeIDE_1.16.1\STM32CubeIDE\plugins\com.st.stm32cube.common.mx_6.13.0.202411220809\\db\/mcu/
2025-05-10 14:57:27,676 [INFO] ApiDb:274 - Set plugin database path to: C:\ST\STM32CubeIDE_1.16.1\STM32CubeIDE\plugins\com.st.stm32cube.common.mx_6.13.0.202411220809\\db\/plugins/boardmanager/
2025-05-10 14:57:27,676 [INFO] ApiDb:261 - Set plugin images path to: C:\ST\STM32CubeIDE_1.16.1\STM32CubeIDE\plugins\com.st.stm32cube.common.mx_6.13.0.202411220809\\db\/plugins/mcufinder/images/
2025-05-10 14:57:27,676 [WARN] DbFile:41 - Overriding database path with different value: C:\Users\Miloush\.stmcufinder\plugins\mcufinder/ => C:\Users\Miloush\.stmcufinder\plugins\mcufinder
2025-05-10 14:57:27,676 [INFO] ApiDb:250 - Set database path to: C:\Users\Miloush\.stmcufinder\plugins\mcufinder//mcu/
2025-05-10 14:57:27,676 [WARN] DbFile:41 - Overriding database path with different value: C:\Users\Miloush\.stmcufinder\plugins\mcufinder/ => C:\Users\Miloush\.stmcufinder\plugins\mcufinder
2025-05-10 14:57:27,677 [INFO] DbMcusAds:125 - Set database path to: C:\Users\Miloush\.stmcufinder\plugins\mcufinder//mcu/
2025-05-10 14:57:27,677 [WARN] DbFile:41 - Overriding database path with different value: C:\Users\Miloush\.stmcufinder\plugins\mcufinder/ => C:\Users\Miloush\.stmcufinder\plugins\mcufinder
2025-05-10 14:57:27,677 [WARN] DbFile:41 - Overriding database path with different value: C:\Users\Miloush\.stmcufinder\plugins\mcufinder/ => C:\Users\Miloush\.stmcufinder\plugins\mcufinder
2025-05-10 14:57:27,677 [INFO] CrossReferenceDbSqlite:203 - Set database path to: C:\Users\Miloush\.stmcufinder\plugins\mcufinder//mcu/cs/
2025-05-10 14:57:27,726 [INFO] MainPanel:272 - HeapMemory: 268435456
2025-05-10 14:57:27,786 [INFO] DbMcusXml:78 - Set database path to: C:\ST\STM32CubeIDE_1.16.1\STM32CubeIDE\plugins\com.st.stm32cube.common.mx_6.13.0.202411220809\\db\/mcu/
2025-05-10 14:57:27,787 [INFO] ApiDb:274 - Set plugin database path to: C:\ST\STM32CubeIDE_1.16.1\STM32CubeIDE\plugins\com.st.stm32cube.common.mx_6.13.0.202411220809\\db\/plugins/boardmanager/
2025-05-10 14:57:27,787 [INFO] ApiDb:261 - Set plugin images path to: C:\ST\STM32CubeIDE_1.16.1\STM32CubeIDE\plugins\com.st.stm32cube.common.mx_6.13.0.202411220809\\db\/plugins/mcufinder/images/
2025-05-10 14:57:27,787 [WARN] DbFile:41 - Overriding database path with different value: C:\Users\Miloush\.stmcufinder\plugins\mcufinder/ => C:\Users\Miloush\.stmcufinder\plugins\mcufinder
2025-05-10 14:57:27,787 [INFO] ApiDb:250 - Set database path to: C:\Users\Miloush\.stmcufinder\plugins\mcufinder//mcu/
2025-05-10 14:57:27,787 [WARN] DbFile:41 - Overriding database path with different value: C:\Users\Miloush\.stmcufinder\plugins\mcufinder/ => C:\Users\Miloush\.stmcufinder\plugins\mcufinder
2025-05-10 14:57:27,787 [INFO] DbMcusAds:125 - Set database path to: C:\Users\Miloush\.stmcufinder\plugins\mcufinder//mcu/
2025-05-10 14:57:27,787 [WARN] DbFile:41 - Overriding database path with different value: C:\Users\Miloush\.stmcufinder\plugins\mcufinder/ => C:\Users\Miloush\.stmcufinder\plugins\mcufinder
2025-05-10 14:57:27,787 [WARN] DbFile:41 - Overriding database path with different value: C:\Users\Miloush\.stmcufinder\plugins\mcufinder/ => C:\Users\Miloush\.stmcufinder\plugins\mcufinder
2025-05-10 14:57:27,787 [INFO] CrossReferenceDbSqlite:203 - Set database path to: C:\Users\Miloush\.stmcufinder\plugins\mcufinder//mcu/cs/
2025-05-10 14:57:27,801 [INFO] ApplicationProperties:184 - Using Application install path: C:\ST\STM32CubeIDE_1.16.1\STM32CubeIDE\plugins\com.st.stm32cube.common.mx_6.13.0.202411220809
2025-05-10 14:57:27,803 [INFO] PluginManage:196 - Search for loadable plugins [exclusion list=, ]
2025-05-10 14:57:27,803 [INFO] PluginManage:310 - Check plugin analytics
2025-05-10 14:57:27,967 [INFO] AnalyticsPlugin:253 - Accepted Software Licenses: 
2025-05-10 14:57:27,967 [INFO] AnalyticsPlugin:255 - Accepted CMSIS Pack Licenses: 
2025-05-10 14:57:27,968 [INFO] AnalyticsPlugin:257 - Accepted Firmware Licenses: FW.G4.1.6.0
2025-05-10 14:57:27,971 [INFO] PluginManage:359 - Loaded plugin analytics (category:tool,tabindex:-1)
2025-05-10 14:57:27,971 [INFO] PluginManage:310 - Check plugin cadmodel
2025-05-10 14:57:27,975 [INFO] CADModel:105 - Init CAD model plugin
2025-05-10 14:57:27,976 [INFO] PluginManage:359 - Loaded plugin cadmodel (category:power,tabindex:5)
2025-05-10 14:57:27,976 [INFO] PluginManage:310 - Check plugin clock
2025-05-10 14:57:27,985 [INFO] PluginManage:359 - Loaded plugin clock (category:base,tabindex:2)
2025-05-10 14:57:27,985 [INFO] PluginManage:310 - Check plugin ddr
2025-05-10 14:57:27,987 [INFO] PluginManage:359 - Loaded plugin ddr (category:tool,tabindex:6)
2025-05-10 14:57:27,987 [INFO] PluginManage:310 - Check plugin filemanager
2025-05-10 14:57:28,094 [INFO] PluginManage:359 - Loaded plugin filemanager (category:base,tabindex:10)
2025-05-10 14:57:28,094 [INFO] PluginManage:310 - Check plugin ipmanager
2025-05-10 14:57:28,100 [INFO] PluginManage:359 - Loaded plugin ipmanager (category:base,tabindex:5)
2025-05-10 14:57:28,100 [INFO] PluginManage:310 - Check plugin lpbam
2025-05-10 14:57:28,105 [INFO] PluginManage:359 - Loaded plugin lpbam (category:base,tabindex:0)
2025-05-10 14:57:28,105 [INFO] PluginManage:310 - Check plugin memorymap
2025-05-10 14:57:28,113 [INFO] PluginManage:359 - Loaded plugin memorymap (category:base,tabindex:4)
2025-05-10 14:57:28,113 [INFO] PluginManage:310 - Check plugin pinoutandconfiguration
2025-05-10 14:57:28,118 [INFO] PluginManage:359 - Loaded plugin pinoutandconfiguration (category:base,tabindex:1)
2025-05-10 14:57:28,118 [INFO] PluginManage:310 - Check plugin pinoutconfig
2025-05-10 14:57:28,174 [WARN] SupportedApi:132 - Cannot load RTOS API schema: s4s-elt-must-match.1: The content of 'definitions' must match (annotation?, (simpleType | complexType)?, (unique | key | keyref)*)). A problem was found starting at: attribute.
2025-05-10 14:57:28,405 [INFO] PluginManage:359 - Loaded plugin pinoutconfig (category:base,tabindex:0)
2025-05-10 14:57:28,405 [INFO] PluginManage:310 - Check plugin power
2025-05-10 14:57:28,417 [INFO] PluginManage:359 - Loaded plugin power (category:power,tabindex:4)
2025-05-10 14:57:28,417 [INFO] PluginManage:310 - Check plugin projectmanager
2025-05-10 14:57:28,431 [INFO] PluginManage:359 - Loaded plugin projectmanager (category:projectmanager,tabindex:4)
2025-05-10 14:57:28,431 [INFO] PluginManage:310 - Check plugin rif
2025-05-10 14:57:28,435 [INFO] PluginManage:359 - Loaded plugin rif (category:base,tabindex:3)
2025-05-10 14:57:28,435 [INFO] PluginManage:310 - Check plugin thirdparty
2025-05-10 14:57:28,537 [WARN] IntegrityCheckThread:84 - waiting for thirdparty lock release [integrity check]
2025-05-10 14:57:28,538 [INFO] IntegrityCheckThread:86 - entering critical section [integrity check]
2025-05-10 14:57:28,538 [INFO] PluginManage:359 - Loaded plugin thirdparty (category:base,tabindex:-1)
2025-05-10 14:57:28,538 [INFO] PluginManage:310 - Check plugin tools
2025-05-10 14:57:28,538 [INFO] ThirdPartyUpdaterWithRetryManager:70 - Updater plugin not ready yet. [1/15]
2025-05-10 14:57:28,541 [INFO] PluginManage:359 - Loaded plugin tools (category:base,tabindex:7)
2025-05-10 14:57:28,541 [INFO] PluginManage:310 - Check plugin tutovideos
2025-05-10 14:57:28,655 [INFO] PluginManage:359 - Loaded plugin tutovideos (category:base,tabindex:-1)
2025-05-10 14:57:28,655 [INFO] PluginManage:310 - Check plugin updater
2025-05-10 14:57:28,671 [INFO] PluginManage:359 - Loaded plugin updater (category:base,tabindex:12)
2025-05-10 14:57:28,671 [INFO] PluginManage:310 - Check plugin userauth
2025-05-10 14:57:28,674 [INFO] UserAuth:118 - Init User Auth plugin
2025-05-10 14:57:28,674 [INFO] PluginManage:359 - Loaded plugin userauth (category:base,tabindex:14)
2025-05-10 14:57:28,674 [INFO] PluginManage:283 - PluginManage : Loaded plugins [18]
2025-05-10 14:57:28,836 [INFO] PinOutPanel:1589 - setPackage(No Configuration,No Configuration)
2025-05-10 14:57:28,903 [INFO] CADModel:165 - CPN selected for project level
2025-05-10 14:57:28,903 [INFO] CADModel:114 - Register for checkConnection events
2025-05-10 14:57:28,915 [INFO] IPUIPlugin:80 - create IPUIPlugin
2025-05-10 14:57:28,915 [INFO] PluginManager:220 - loadIPPluginJar : add adc
2025-05-10 14:57:28,917 [INFO] IPUIPlugin:80 - create IPUIPlugin
2025-05-10 14:57:28,917 [INFO] PluginManager:220 - loadIPPluginJar : add aes
2025-05-10 14:57:28,918 [INFO] IPUIPlugin:80 - create IPUIPlugin
2025-05-10 14:57:28,919 [INFO] PluginManager:220 - loadIPPluginJar : add can
2025-05-10 14:57:28,920 [INFO] IPUIPlugin:80 - create IPUIPlugin
2025-05-10 14:57:28,920 [INFO] PluginManager:220 - loadIPPluginJar : add comp
2025-05-10 14:57:28,921 [INFO] IPUIPlugin:80 - create IPUIPlugin
2025-05-10 14:57:28,921 [INFO] PluginManager:220 - loadIPPluginJar : add cryp
2025-05-10 14:57:28,923 [INFO] IPUIPlugin:80 - create IPUIPlugin
2025-05-10 14:57:28,923 [INFO] PluginManager:220 - loadIPPluginJar : add ddr_ctrl_phy
2025-05-10 14:57:28,924 [INFO] IPUIPlugin:80 - create IPUIPlugin
2025-05-10 14:57:28,924 [INFO] PluginManager:220 - loadIPPluginJar : add dfsdm
2025-05-10 14:57:28,928 [INFO] IPUIPlugin:80 - create IPUIPlugin
2025-05-10 14:57:28,928 [INFO] PluginManager:220 - loadIPPluginJar : add dma
2025-05-10 14:57:28,930 [INFO] IPUIPlugin:80 - create IPUIPlugin
2025-05-10 14:57:28,930 [INFO] PluginManager:220 - loadIPPluginJar : add dma3
2025-05-10 14:57:28,931 [INFO] IPUIPlugin:80 - create IPUIPlugin
2025-05-10 14:57:28,931 [INFO] PluginManager:220 - loadIPPluginJar : add extmemmanager
2025-05-10 14:57:28,932 [INFO] IPUIPlugin:80 - create IPUIPlugin
2025-05-10 14:57:28,932 [INFO] PluginManager:220 - loadIPPluginJar : add fatfs
2025-05-10 14:57:28,935 [INFO] IPUIPlugin:80 - create IPUIPlugin
2025-05-10 14:57:28,935 [INFO] PluginManager:220 - loadIPPluginJar : add fmc
2025-05-10 14:57:28,939 [INFO] IPUIPlugin:80 - create IPUIPlugin
2025-05-10 14:57:28,939 [INFO] PluginManager:220 - loadIPPluginJar : add freertos
2025-05-10 14:57:28,939 [INFO] IPUIPlugin:80 - create IPUIPlugin
2025-05-10 14:57:28,940 [INFO] PluginManager:220 - loadIPPluginJar : add genericplugin
2025-05-10 14:57:28,941 [INFO] IPUIPlugin:80 - create IPUIPlugin
2025-05-10 14:57:28,941 [INFO] PluginManager:220 - loadIPPluginJar : add gfxmmu
2025-05-10 14:57:28,944 [INFO] IPUIPlugin:80 - create IPUIPlugin
2025-05-10 14:57:28,944 [INFO] PluginManager:220 - loadIPPluginJar : add gic
2025-05-10 14:57:28,947 [INFO] IPUIPlugin:80 - create IPUIPlugin
2025-05-10 14:57:28,947 [INFO] PluginManager:220 - loadIPPluginJar : add gpio
2025-05-10 14:57:28,948 [INFO] IPUIPlugin:80 - create IPUIPlugin
2025-05-10 14:57:28,948 [INFO] PluginManager:220 - loadIPPluginJar : add gtzc
2025-05-10 14:57:28,949 [INFO] IPUIPlugin:80 - create IPUIPlugin
2025-05-10 14:57:28,949 [INFO] PluginManager:220 - loadIPPluginJar : add hash
2025-05-10 14:57:28,950 [INFO] IPUIPlugin:80 - create IPUIPlugin
2025-05-10 14:57:28,950 [INFO] PluginManager:220 - loadIPPluginJar : add i2c
2025-05-10 14:57:28,951 [INFO] IPUIPlugin:80 - create IPUIPlugin
2025-05-10 14:57:28,951 [INFO] PluginManager:220 - loadIPPluginJar : add i2s
2025-05-10 14:57:28,954 [INFO] IPUIPlugin:80 - create IPUIPlugin
2025-05-10 14:57:28,954 [INFO] PluginManager:220 - loadIPPluginJar : add i3c
2025-05-10 14:57:28,956 [INFO] IPUIPlugin:80 - create IPUIPlugin
2025-05-10 14:57:28,956 [INFO] PluginManager:220 - loadIPPluginJar : add ipddr
2025-05-10 14:57:28,961 [INFO] IPUIPlugin:80 - create IPUIPlugin
2025-05-10 14:57:28,961 [INFO] PluginManager:220 - loadIPPluginJar : add linkedlist
2025-05-10 14:57:28,964 [INFO] IPUIPlugin:80 - create IPUIPlugin
2025-05-10 14:57:28,964 [INFO] PluginManager:220 - loadIPPluginJar : add lorawan
2025-05-10 14:57:28,965 [INFO] IPUIPlugin:80 - create IPUIPlugin
2025-05-10 14:57:28,965 [INFO] PluginManager:220 - loadIPPluginJar : add ltdc
2025-05-10 14:57:28,968 [INFO] IPUIPlugin:80 - create IPUIPlugin
2025-05-10 14:57:28,968 [INFO] PluginManager:220 - loadIPPluginJar : add mdma
2025-05-10 14:57:28,971 [INFO] IPUIPlugin:80 - create IPUIPlugin
2025-05-10 14:57:28,972 [INFO] PluginManager:220 - loadIPPluginJar : add nvic
2025-05-10 14:57:28,974 [INFO] IPUIPlugin:80 - create IPUIPlugin
2025-05-10 14:57:28,974 [INFO] PluginManager:220 - loadIPPluginJar : add opamp
2025-05-10 14:57:28,976 [INFO] IPUIPlugin:80 - create IPUIPlugin
2025-05-10 14:57:28,976 [INFO] PluginManager:220 - loadIPPluginJar : add openamp
2025-05-10 14:57:28,978 [INFO] IPUIPlugin:80 - create IPUIPlugin
2025-05-10 14:57:28,978 [INFO] PluginManager:220 - loadIPPluginJar : add pdm2pcm
2025-05-10 14:57:28,982 [INFO] IPUIPlugin:80 - create IPUIPlugin
2025-05-10 14:57:28,984 [INFO] PluginManager:220 - loadIPPluginJar : add plateformsettings
2025-05-10 14:57:28,985 [INFO] IPUIPlugin:80 - create IPUIPlugin
2025-05-10 14:57:28,985 [INFO] PluginManager:220 - loadIPPluginJar : add quadspi
2025-05-10 14:57:28,986 [INFO] IPUIPlugin:80 - create IPUIPlugin
2025-05-10 14:57:28,987 [INFO] PluginManager:220 - loadIPPluginJar : add radio
2025-05-10 14:57:28,991 [INFO] IPUIPlugin:80 - create IPUIPlugin
2025-05-10 14:57:28,991 [INFO] PluginManager:220 - loadIPPluginJar : add resmgrutility
2025-05-10 14:57:28,995 [INFO] IPUIPlugin:80 - create IPUIPlugin
2025-05-10 14:57:28,995 [INFO] PluginManager:220 - loadIPPluginJar : add sai
2025-05-10 14:57:28,997 [INFO] IPUIPlugin:80 - create IPUIPlugin
2025-05-10 14:57:28,997 [INFO] PluginManager:220 - loadIPPluginJar : add spi
2025-05-10 14:57:29,002 [INFO] IPUIPlugin:80 - create IPUIPlugin
2025-05-10 14:57:29,002 [INFO] PluginManager:220 - loadIPPluginJar : add stm32_wpan
2025-05-10 14:57:29,003 [INFO] IPUIPlugin:80 - create IPUIPlugin
2025-05-10 14:57:29,003 [INFO] PluginManager:220 - loadIPPluginJar : add tim
2025-05-10 14:57:29,005 [INFO] IPUIPlugin:80 - create IPUIPlugin
2025-05-10 14:57:29,005 [INFO] PluginManager:220 - loadIPPluginJar : add touchsensing
2025-05-10 14:57:29,007 [INFO] IPUIPlugin:80 - create IPUIPlugin
2025-05-10 14:57:29,007 [INFO] PluginManager:220 - loadIPPluginJar : add tracer_emb
2025-05-10 14:57:29,008 [INFO] IPUIPlugin:80 - create IPUIPlugin
2025-05-10 14:57:29,009 [INFO] PluginManager:220 - loadIPPluginJar : add ts
2025-05-10 14:57:29,009 [INFO] IPUIPlugin:80 - create IPUIPlugin
2025-05-10 14:57:29,009 [INFO] PluginManager:220 - loadIPPluginJar : add tsc
2025-05-10 14:57:29,011 [INFO] IPUIPlugin:80 - create IPUIPlugin
2025-05-10 14:57:29,011 [INFO] PluginManager:220 - loadIPPluginJar : add ucpd
2025-05-10 14:57:29,013 [INFO] IPUIPlugin:80 - create IPUIPlugin
2025-05-10 14:57:29,014 [INFO] PluginManager:220 - loadIPPluginJar : add usart
2025-05-10 14:57:29,016 [INFO] IPUIPlugin:80 - create IPUIPlugin
2025-05-10 14:57:29,016 [INFO] PluginManager:220 - loadIPPluginJar : add usbx
2025-05-10 14:57:29,133 [FATAL] Updater:351 - Updater called before beeing initialized
2025-05-10 14:57:29,153 [INFO] RulesReader:64 - Compatibility file has been processed (297 Rules)
2025-05-10 14:57:29,163 [INFO] RulesReader:64 - Compatibility file has been processed (297 Rules)
2025-05-10 14:57:29,170 [INFO] CADModel:165 - CPN selected for project level
2025-05-10 14:57:29,170 [INFO] CADModel:114 - Register for checkConnection events
2025-05-10 14:57:29,170 [FATAL] Updater:351 - Updater called before beeing initialized
2025-05-10 14:57:29,171 [ERROR] CADModel:125 - Updater not yet initialized, retry later 
2025-05-10 14:57:29,279 [FATAL] Updater:351 - Updater called before beeing initialized
2025-05-10 14:57:29,281 [INFO] CADModel:165 - CPN selected for project level
2025-05-10 14:57:29,281 [INFO] CADModel:114 - Register for checkConnection events
2025-05-10 14:57:29,281 [FATAL] Updater:351 - Updater called before beeing initialized
2025-05-10 14:57:29,281 [ERROR] CADModel:125 - Updater not yet initialized, retry later 
2025-05-10 14:57:29,283 [FATAL] Updater:351 - Updater called before beeing initialized
2025-05-10 14:57:29,363 [FATAL] Updater:351 - Updater called before beeing initialized
2025-05-10 14:57:29,366 [INFO] DbMcusAds:53 - JSON generation date=Thu Mar 06 15:54:22 CET 2025 (1741272862078)
2025-05-10 14:57:29,366 [FATAL] Updater:351 - Updater called before beeing initialized
2025-05-10 14:57:29,393 [WARN] DetailPanel:346 - Failed to get advertising image, set to default
2025-05-10 14:57:29,565 [FATAL] Updater:351 - Updater called before beeing initialized
2025-05-10 14:57:29,567 [FATAL] Updater:351 - Updater called before beeing initialized
2025-05-10 14:57:29,567 [FATAL] Updater:351 - Updater called before beeing initialized
2025-05-10 14:57:29,567 [WARN] DetailPanel:346 - Failed to get advertising image, set to default
2025-05-10 14:57:29,568 [FATAL] Updater:351 - Updater called before beeing initialized
2025-05-10 14:57:29,607 [ERROR] Updater:1198 - MainUpdater not yet initialized. External WinMGr cannot be set.
2025-05-10 14:57:29,609 [INFO] Updater:1134 - Updater Version found : 6.13.0
2025-05-10 14:57:29,630 [INFO] ApplicationProperties:184 - Using Application install path: C:\ST\STM32CubeIDE_1.16.1\STM32CubeIDE\plugins\com.st.stm32cube.common.mx_6.13.0.202411220809
2025-05-10 14:57:30,096 [INFO] MainUpdater:2872 - connection check result : 10
2025-05-10 14:57:30,097 [INFO] MainUpdater:289 - Updater Check For Update Now.
2025-05-10 14:57:30,097 [INFO] MicroXplorer:498 - Change Database Version : DB.6.0.130
2025-05-10 14:57:30,115 [INFO] McuFinderGlobals:63 - Set McuFinder mode to 2 (CubeIDE integrated)
2025-05-10 14:57:30,115 [INFO] UserAuth:486 - Internet connection configuration mode: 1
2025-05-10 14:57:30,146 [INFO] JxBrowserEngine:152 - Initiate JxBrowser Engine with user profile folder
2025-05-10 14:57:30,272 [INFO] CheckServerUpdateThread:120 - End of CheckServer Thread
2025-05-10 14:57:30,715 [INFO] WebApp:168 - Instantiating new browser for Auth
2025-05-10 14:57:31,199 [INFO] WebApp:449 - Apply proxy settings
2025-05-10 14:57:31,199 [INFO] WebApp:534 - Chromium requires no authentication
2025-05-10 14:57:31,206 [INFO] WebApp:477 - Direct internet connection detected
2025-05-10 14:57:31,224 [INFO] WebApp:880 - Register for checkConnection events
2025-05-10 14:57:31,224 [INFO] WebApp:449 - Apply proxy settings
2025-05-10 14:57:31,224 [INFO] WebApp:534 - Chromium requires no authentication
2025-05-10 14:57:31,224 [INFO] WebApp:477 - Direct internet connection detected
2025-05-10 14:57:31,342 [INFO] WebApp:221 - Starting web application
2025-05-10 14:57:31,342 [INFO] WebApp:579 - Web application path used C:\ST\STM32CubeIDE_1.16.1\STM32CubeIDE\plugins\com.st.stm32cube.common.mx_6.13.0.202411220809\db\plugins\mcufinder\reactClient1\index.html
2025-05-10 14:57:31,406 [INFO] UserAuth:486 - Internet connection configuration mode: 1
2025-05-10 14:57:31,466 [INFO] WebApp:187 - Connection restablished
2025-05-10 14:57:31,726 [WARN] PackLoader:240 - Cannot read IP mode file for STMicroelectronics.FP-SNS-MOTENVWB1.1.4.0
2025-05-10 14:57:31,738 [WARN] PackLoader:240 - Cannot read IP mode file for STMicroelectronics.FP-ATR-ASTRA1.2.0.2
2025-05-10 14:57:31,741 [WARN] PackLoader:240 - Cannot read IP mode file for STMicroelectronics.FP-ATR-ASTRA1.2.0.1
2025-05-10 14:57:31,749 [WARN] PackLoader:240 - Cannot read IP mode file for STMicroelectronics.X-CUBE-SMBUS.2.1.0
2025-05-10 14:57:31,758 [WARN] PackLoader:240 - Cannot read IP mode file for STMicroelectronics.X-CUBE-WB05N.1.1.0
2025-05-10 14:57:31,784 [WARN] PackLoader:240 - Cannot read IP mode file for STMicroelectronics.X-CUBE-AZRTOS-F7.1.1.0
2025-05-10 14:57:31,835 [WARN] PackLoader:240 - Cannot read IP mode file for STMicroelectronics.X-CUBE-MEMS1.11.0.0
2025-05-10 14:57:31,964 [WARN] PackLoader:240 - Cannot read IP mode file for STMicroelectronics.FP-SNS-FLIGHT1.5.0.2
2025-05-10 14:57:31,972 [WARN] PackLoader:240 - Cannot read IP mode file for STMicroelectronics.X-CUBE-DISPLAY.3.0.0
2025-05-10 14:57:31,979 [WARN] PackLoader:240 - Cannot read IP mode file for STMicroelectronics.X-CUBE-BLE1.7.0.0
2025-05-10 14:57:31,985 [WARN] PackLoader:240 - Cannot read IP mode file for STMicroelectronics.X-CUBE-NFC10.1.0.0
2025-05-10 14:57:31,994 [WARN] PackLoader:240 - Cannot read IP mode file for STMicroelectronics.X-CUBE-BLEMGR.4.0.0
2025-05-10 14:57:32,021 [WARN] PackLoader:240 - Cannot read IP mode file for emotas.I-CUBE-CANOPEN.1.3.0
2025-05-10 14:57:32,027 [WARN] PackLoader:240 - Cannot read IP mode file for STMicroelectronics.X-CUBE-BLEMGR.3.1.0
2025-05-10 14:57:32,031 [WARN] PackLoader:240 - Cannot read IP mode file for STMicroelectronics.X-CUBE-AI.10.0.0
2025-05-10 14:57:32,035 [WARN] PackLoader:240 - Cannot read IP mode file for STMicroelectronics.FP-SNS-SMARTAG2.1.2.0
2025-05-10 14:57:32,038 [WARN] PackLoader:240 - Cannot read IP mode file for STMicroelectronics.FP-SNS-FLIGHT1.5.1.0
2025-05-10 14:57:32,072 [WARN] PackLoader:240 - Cannot read IP mode file for STMicroelectronics.X-CUBE-MEMS1.11.1.0
2025-05-10 14:57:32,169 [INFO] LogOutputStream:77 - [STDOUT_REDIRECT] 1 : Invalid condition id : UX_CORESTACK_Condition cause : null
2025-05-10 14:57:32,171 [INFO] LogOutputStream:77 - [STDOUT_REDIRECT] 1 : Invalid condition id : UX_CORESTACK_Condition cause : null
2025-05-10 14:57:32,173 [INFO] LogOutputStream:77 - [STDOUT_REDIRECT] 1 : Invalid condition id : UX_CORESTACK_Condition cause : null
2025-05-10 14:57:32,175 [INFO] LogOutputStream:77 - [STDOUT_REDIRECT] 1 : Invalid condition id : UX_CORESTACK_Condition cause : null
2025-05-10 14:57:32,176 [INFO] LogOutputStream:77 - [STDOUT_REDIRECT] 1 : Invalid condition id : UX_CORESTACK_Condition cause : null
2025-05-10 14:57:32,178 [WARN] PackLoader:240 - Cannot read IP mode file for STMicroelectronics.X-CUBE-AZRTOS-WL.2.0.0
2025-05-10 14:57:32,183 [WARN] PackLoader:240 - Cannot read IP mode file for STMicroelectronics.FP-SNS-MOTENV1.5.0.0
2025-05-10 14:57:32,187 [WARN] PackLoader:240 - Cannot read IP mode file for wolfSSL.I-CUBE-wolfMQTT.1.19.0
2025-05-10 14:57:32,195 [WARN] PackLoader:240 - Cannot read IP mode file for WES.I-CUBE-Cesium.1.3.0
2025-05-10 14:57:32,197 [WARN] PackLoader:240 - Cannot read IP mode file for STMicroelectronics.X-CUBE-BLE2.3.3.0
2025-05-10 14:57:32,201 [WARN] PackLoader:240 - Cannot read IP mode file for STMicroelectronics.X-CUBE-NFC9.1.0.0
2025-05-10 14:57:32,204 [WARN] PackLoader:240 - Cannot read IP mode file for STMicroelectronics.X-CUBE-BLE1.7.1.0
2025-05-10 14:57:32,209 [WARN] PackLoader:240 - Cannot read IP mode file for STMicroelectronics.X-CUBE-TCPP.4.1.0
2025-05-10 14:57:32,235 [WARN] PackLoader:240 - Cannot read IP mode file for STMicroelectronics.X-CUBE-MEMS1.11.2.0
2025-05-10 14:57:32,309 [WARN] PackLoader:240 - Cannot read IP mode file for STMicroelectronics.X-CUBE-AZRTOS-G0.1.1.0
2025-05-10 14:57:32,313 [WARN] PackLoader:240 - Cannot read IP mode file for STMicroelectronics.X-CUBE-SAFEA1.1.2.2
2025-05-10 14:57:32,317 [WARN] PackLoader:240 - Cannot read IP mode file for STMicroelectronics.X-CUBE-NFC4.3.0.0
2025-05-10 14:57:32,323 [WARN] PackLoader:240 - Cannot read IP mode file for EmbeddedOffice.I-CUBE-FS-RTOS.1.0.1
2025-05-10 14:57:32,327 [WARN] PackLoader:240 - Cannot read IP mode file for STMicroelectronics.X-CUBE-WB05N.2.0.0
2025-05-10 14:57:32,330 [WARN] PackLoader:240 - Cannot read IP mode file for STMicroelectronics.X-CUBE-TCPP.4.2.0
2025-05-10 14:57:32,334 [WARN] PackLoader:240 - Cannot read IP mode file for RealThread.X-CUBE-RT-Thread_Nano.4.1.1
2025-05-10 14:57:32,339 [WARN] PackLoader:240 - Cannot read IP mode file for STMicroelectronics.FP-ATR-SIGFOX1.3.2.0
2025-05-10 14:57:32,342 [WARN] PackLoader:240 - Cannot read IP mode file for wolfSSL.I-CUBE-wolfSSL.5.7.2
2025-05-10 14:57:32,345 [WARN] ConditionMgr:438 - getConditionDescription Invalid condition id : Cortex-A Device cause : null
2025-05-10 14:57:32,357 [WARN] ConditionMgr:1044 - genDependencies : Invalid condition id : Cortex-A Device cause : null
2025-05-10 14:57:32,357 [WARN] ConditionMgr:1044 - genDependencies : Invalid condition id : Cortex-A Device cause : null
2025-05-10 14:57:32,357 [WARN] ConditionMgr:1044 - genDependencies : Invalid condition id : Cortex-A Device cause : null
2025-05-10 14:57:32,362 [WARN] PackLoader:240 - Cannot read IP mode file for STMicroelectronics.X-CUBE-EEPRMA1.5.1.0
2025-05-10 14:57:32,367 [WARN] PackLoader:240 - Cannot read IP mode file for ITTIA_DB.I-CUBE-ITTIADB.8.9.0
2025-05-10 14:57:32,389 [WARN] PackLoader:240 - Cannot read IP mode file for SEGGER.I-CUBE-embOS.1.3.1
2025-05-10 14:57:32,421 [WARN] PackLoader:240 - Cannot read IP mode file for STMicroelectronics.X-CUBE-ALGOBUILD.1.4.0
2025-05-10 14:57:32,425 [WARN] PackLoader:240 - Cannot read IP mode file for STMicroelectronics.X-CUBE-AI.9.1.0
2025-05-10 14:57:32,450 [WARN] PackLoader:240 - Cannot read IP mode file for STMicroelectronics.X-CUBE-AZRTOS-F4.1.1.0
2025-05-10 14:57:32,456 [WARN] PackLoader:240 - Cannot read IP mode file for Avnet-IotConnect.X-CUBE-IoTC-DA16k-PMOD.1.0.0
2025-05-10 14:57:32,461 [WARN] PackLoader:240 - Cannot read IP mode file for STMicroelectronics.X-CUBE-ISPU.2.1.0
2025-05-10 14:57:32,465 [WARN] PackLoader:240 - Cannot read IP mode file for STMicroelectronics.X-CUBE-FREERTOS.1.2.0
2025-05-10 14:57:32,477 [WARN] PackLoader:240 - Cannot read IP mode file for STMicroelectronics.X-CUBE-AZRTOS-L5.2.0.0
2025-05-10 14:57:32,485 [WARN] PackLoader:240 - Cannot read IP mode file for STMicroelectronics.X-CUBE-NFC6.3.1.0
2025-05-10 14:57:32,491 [WARN] PackLoader:240 - Cannot read IP mode file for STMicroelectronics.X-CUBE-DPower.1.2.0
2025-05-10 14:57:32,495 [WARN] PackLoader:240 - Cannot read IP mode file for STMicroelectronics.X-CUBE-FREERTOS.1.3.1
2025-05-10 14:57:32,499 [WARN] PackLoader:240 - Cannot read IP mode file for STMicroelectronics.X-CUBE-FREERTOS.1.3.0
2025-05-10 14:57:32,503 [WARN] PackLoader:240 - Cannot read IP mode file for STMicroelectronics.X-CUBE-NFC7.1.0.1
2025-05-10 14:57:32,506 [WARN] PackLoader:240 - Cannot read IP mode file for STMicroelectronics.X-CUBE-DPower.1.3.0
2025-05-10 14:57:32,519 [WARN] ConditionMgr:438 - getConditionDescription Invalid condition id : LAN8742 Phy interface Condition cause : null
2025-05-10 14:57:32,520 [WARN] PackLoader:240 - Cannot read IP mode file for STMicroelectronics.X-CUBE-AZRTOS-L4.2.0.0
2025-05-10 14:57:32,521 [WARN] ConditionMgr:1044 - genDependencies : Invalid condition id : LAN8742 Phy interface Condition cause : null
2025-05-10 14:57:32,521 [WARN] ConditionMgr:1044 - genDependencies : Invalid condition id : LAN8742 Phy interface Condition cause : null
2025-05-10 14:57:32,521 [WARN] ConditionMgr:1044 - genDependencies : Invalid condition id : LAN8742 Phy interface Condition cause : null
2025-05-10 14:57:32,526 [WARN] PackLoader:240 - Cannot read IP mode file for STMicroelectronics.X-CUBE-SFXS2LP1.4.0.0
2025-05-10 14:57:32,542 [WARN] PackLoader:240 - Cannot read IP mode file for STMicroelectronics.X-CUBE-AZRTOS-H7.3.3.0
2025-05-10 14:57:32,549 [WARN] PackLoader:240 - Cannot read IP mode file for STMicroelectronics.X-CUBE-IPS.3.0.0
2025-05-10 14:57:32,559 [WARN] ConditionMgr:438 - getConditionDescription Invalid condition id : UX DEVICE CLASS RTOS Condition cause : null
2025-05-10 14:57:32,559 [WARN] ConditionMgr:438 - getConditionDescription Invalid condition id : UX DEVICE CLASS RTOS Condition cause : null
2025-05-10 14:57:32,561 [WARN] PackLoader:240 - Cannot read IP mode file for STMicroelectronics.X-CUBE-AZRTOS-WB.2.0.0
2025-05-10 14:57:32,561 [WARN] ConditionMgr:1044 - genDependencies : Invalid condition id : UX DEVICE CLASS RTOS Condition cause : null
2025-05-10 14:57:32,561 [WARN] ConditionMgr:1044 - genDependencies : Invalid condition id : UX DEVICE CLASS RTOS Condition cause : null
2025-05-10 14:57:32,562 [WARN] ConditionMgr:1044 - genDependencies : Invalid condition id : UX DEVICE CLASS RTOS Condition cause : null
2025-05-10 14:57:32,562 [WARN] ConditionMgr:1044 - genDependencies : Invalid condition id : UX DEVICE CLASS RTOS Condition cause : null
2025-05-10 14:57:32,562 [WARN] ConditionMgr:1044 - genDependencies : Invalid condition id : UX DEVICE CLASS RTOS Condition cause : null
2025-05-10 14:57:32,566 [WARN] PackLoader:240 - Cannot read IP mode file for STMicroelectronics.X-CUBE-GNSS1.7.0.0
2025-05-10 14:57:32,571 [WARN] PackLoader:240 - Cannot read IP mode file for STMicroelectronics.X-CUBE-GNSS1.7.0.1
2025-05-10 14:57:32,578 [WARN] PackLoader:240 - Cannot read IP mode file for STMicroelectronics.X-CUBE-TOUCHGFX.4.25.0
2025-05-10 14:57:32,582 [WARN] PackLoader:240 - Cannot read IP mode file for STMicroelectronics.FP-SNS-STBOX1.2.0.0
2025-05-10 14:57:32,591 [WARN] PackLoader:240 - Cannot read IP mode file for STMicroelectronics.X-CUBE-SUBG2.5.0.0
2025-05-10 14:57:32,605 [WARN] PackLoader:240 - Cannot read IP mode file for STMicroelectronics.X-CUBE-AZRTOS-H7RS.1.1.0
2025-05-10 14:57:32,609 [WARN] PackLoader:240 - Cannot read IP mode file for Cesanta.I-CUBE-Mongoose.7.13.0
2025-05-10 14:57:32,618 [WARN] PackLoader:240 - Cannot read IP mode file for STMicroelectronics.X-CUBE-AZRTOS-G4.2.0.0
2025-05-10 14:57:32,622 [WARN] PackLoader:240 - Cannot read IP mode file for STMicroelectronics.X-CUBE-NFC7.2.0.0
2025-05-10 14:57:32,629 [WARN] PackLoader:240 - Cannot read IP mode file for STMicroelectronics.X-CUBE-IPS.3.1.0
2025-05-10 14:57:32,635 [WARN] PackLoader:240 - Cannot read IP mode file for STMicroelectronics.X-CUBE-ALS.1.0.2
2025-05-10 14:57:32,637 [WARN] PackLoader:240 - Cannot read IP mode file for STMicroelectronics.X-CUBE-TOUCHGFX.4.24.2
2025-05-10 14:57:32,640 [WARN] PackLoader:240 - Cannot read IP mode file for STMicroelectronics.X-CUBE-TOUCHGFX.4.24.1
2025-05-10 14:57:32,643 [WARN] PackLoader:240 - Cannot read IP mode file for wolfSSL.I-CUBE-wolfTPM.3.4.0
2025-05-10 14:57:32,647 [WARN] PackLoader:240 - Cannot read IP mode file for portGmbH.I-Cube-SoM-uGOAL.1.1.0
2025-05-10 14:57:32,658 [WARN] PackLoader:240 - Cannot read IP mode file for STMicroelectronics.X-CUBE-AZRTOS-H7RS.1.0.0
2025-05-10 14:57:32,662 [WARN] PackLoader:240 - Cannot read IP mode file for STMicroelectronics.FP-ATR-ASTRA1.2.0.0
2025-05-10 14:57:32,667 [WARN] PackLoader:240 - Cannot read IP mode file for STMicroelectronics.X-CUBE-TOF1.3.4.2
2025-05-10 14:57:32,676 [WARN] PackLoader:240 - Cannot read IP mode file for STMicroelectronics.X-CUBE-TOF1.3.4.3
2025-05-10 14:57:32,690 [WARN] PackLoader:240 - Cannot read IP mode file for Infineon.AIROC-Wi-Fi-Bluetooth-STM32.1.6.1
2025-05-10 14:57:32,695 [WARN] PackLoader:240 - Cannot read IP mode file for wolfSSL.I-CUBE-wolfSSH.1.4.17
2025-05-10 14:57:32,696 [INFO] ThirdParty:978 - Integrity check success = true
2025-05-10 14:57:32,696 [INFO] IntegrityCheckThread:100 - exiting critical section [integrity check]
2025-05-10 14:57:32,696 [INFO] IntegrityCheckThread:103 - End integrity checks thread
2025-05-10 15:00:32,146 [ERROR] LogOutputStream:75 - [STDERR_REDIRECT] 
2025-05-10 15:01:54,675 [INFO] Activator:176 - 


2025-05-10 15:01:54,676 [INFO] Activator:177 - !SESSION log4j initialized
2025-05-10 15:01:59,555 [INFO] LogOutputStream:77 - [STDOUT_REDIRECT] 
2025-05-10 15:02:00,218 [INFO] ApplicationProperties:184 - Using Application install path: C:\ST\STM32CubeIDE_1.16.1\STM32CubeIDE\plugins\com.st.stm32cube.common.mx_6.13.0.202411220809
2025-05-10 15:02:00,232 [INFO] DbMcusXml:78 - Set database path to: C:\ST\STM32CubeIDE_1.16.1\STM32CubeIDE\plugins\com.st.stm32cube.common.mx_6.13.0.202411220809\\db\/mcu/
2025-05-10 15:02:00,232 [INFO] ApiDb:274 - Set plugin database path to: C:\ST\STM32CubeIDE_1.16.1\STM32CubeIDE\plugins\com.st.stm32cube.common.mx_6.13.0.202411220809\\db\/plugins/boardmanager/
2025-05-10 15:02:00,232 [WARN] ApiDb:259 - Overriding images path with different value:  => C:\ST\STM32CubeIDE_1.16.1\STM32CubeIDE\plugins\com.st.stm32cube.common.mx_6.13.0.202411220809\\db\/plugins/mcufinder/images/
2025-05-10 15:02:00,235 [INFO] ApiDb:250 - Set database path to: C:\Users\Miloush\.stmcufinder\plugins\mcufinder//mcu/
2025-05-10 15:02:00,236 [INFO] DbMcusAds:125 - Set database path to: C:\Users\Miloush\.stmcufinder\plugins\mcufinder//mcu/
2025-05-10 15:02:00,237 [INFO] CrossReferenceDbSqlite:203 - Set database path to: C:\Users\Miloush\.stmcufinder\plugins\mcufinder//mcu/cs/
2025-05-10 15:02:00,302 [INFO] RulesReader:64 - Compatibility file has been processed (297 Rules)
2025-05-10 15:02:00,361 [INFO] DbMcusXml:78 - Set database path to: C:\ST\STM32CubeIDE_1.16.1\STM32CubeIDE\plugins\com.st.stm32cube.common.mx_6.13.0.202411220809\\db\/mcu/
2025-05-10 15:02:00,361 [INFO] ApiDb:274 - Set plugin database path to: C:\ST\STM32CubeIDE_1.16.1\STM32CubeIDE\plugins\com.st.stm32cube.common.mx_6.13.0.202411220809\\db\/plugins/boardmanager/
2025-05-10 15:02:00,361 [INFO] ApiDb:261 - Set plugin images path to: C:\ST\STM32CubeIDE_1.16.1\STM32CubeIDE\plugins\com.st.stm32cube.common.mx_6.13.0.202411220809\\db\/plugins/mcufinder/images/
2025-05-10 15:02:00,361 [WARN] DbFile:41 - Overriding database path with different value: C:\Users\Miloush\.stmcufinder\plugins\mcufinder/ => C:\Users\Miloush\.stmcufinder\plugins\mcufinder
2025-05-10 15:02:00,361 [INFO] ApiDb:250 - Set database path to: C:\Users\Miloush\.stmcufinder\plugins\mcufinder//mcu/
2025-05-10 15:02:00,361 [WARN] DbFile:41 - Overriding database path with different value: C:\Users\Miloush\.stmcufinder\plugins\mcufinder/ => C:\Users\Miloush\.stmcufinder\plugins\mcufinder
2025-05-10 15:02:00,362 [INFO] DbMcusAds:125 - Set database path to: C:\Users\Miloush\.stmcufinder\plugins\mcufinder//mcu/
2025-05-10 15:02:00,362 [WARN] DbFile:41 - Overriding database path with different value: C:\Users\Miloush\.stmcufinder\plugins\mcufinder/ => C:\Users\Miloush\.stmcufinder\plugins\mcufinder
2025-05-10 15:02:00,362 [WARN] DbFile:41 - Overriding database path with different value: C:\Users\Miloush\.stmcufinder\plugins\mcufinder/ => C:\Users\Miloush\.stmcufinder\plugins\mcufinder
2025-05-10 15:02:00,362 [INFO] CrossReferenceDbSqlite:203 - Set database path to: C:\Users\Miloush\.stmcufinder\plugins\mcufinder//mcu/cs/
2025-05-10 15:02:00,405 [INFO] MainPanel:272 - HeapMemory: 268435456
2025-05-10 15:02:00,458 [INFO] DbMcusXml:78 - Set database path to: C:\ST\STM32CubeIDE_1.16.1\STM32CubeIDE\plugins\com.st.stm32cube.common.mx_6.13.0.202411220809\\db\/mcu/
2025-05-10 15:02:00,458 [INFO] ApiDb:274 - Set plugin database path to: C:\ST\STM32CubeIDE_1.16.1\STM32CubeIDE\plugins\com.st.stm32cube.common.mx_6.13.0.202411220809\\db\/plugins/boardmanager/
2025-05-10 15:02:00,458 [INFO] ApiDb:261 - Set plugin images path to: C:\ST\STM32CubeIDE_1.16.1\STM32CubeIDE\plugins\com.st.stm32cube.common.mx_6.13.0.202411220809\\db\/plugins/mcufinder/images/
2025-05-10 15:02:00,458 [WARN] DbFile:41 - Overriding database path with different value: C:\Users\Miloush\.stmcufinder\plugins\mcufinder/ => C:\Users\Miloush\.stmcufinder\plugins\mcufinder
2025-05-10 15:02:00,458 [INFO] ApiDb:250 - Set database path to: C:\Users\Miloush\.stmcufinder\plugins\mcufinder//mcu/
2025-05-10 15:02:00,458 [WARN] DbFile:41 - Overriding database path with different value: C:\Users\Miloush\.stmcufinder\plugins\mcufinder/ => C:\Users\Miloush\.stmcufinder\plugins\mcufinder
2025-05-10 15:02:00,459 [INFO] DbMcusAds:125 - Set database path to: C:\Users\Miloush\.stmcufinder\plugins\mcufinder//mcu/
2025-05-10 15:02:00,459 [WARN] DbFile:41 - Overriding database path with different value: C:\Users\Miloush\.stmcufinder\plugins\mcufinder/ => C:\Users\Miloush\.stmcufinder\plugins\mcufinder
2025-05-10 15:02:00,459 [WARN] DbFile:41 - Overriding database path with different value: C:\Users\Miloush\.stmcufinder\plugins\mcufinder/ => C:\Users\Miloush\.stmcufinder\plugins\mcufinder
2025-05-10 15:02:00,459 [INFO] CrossReferenceDbSqlite:203 - Set database path to: C:\Users\Miloush\.stmcufinder\plugins\mcufinder//mcu/cs/
2025-05-10 15:02:00,472 [INFO] ApplicationProperties:184 - Using Application install path: C:\ST\STM32CubeIDE_1.16.1\STM32CubeIDE\plugins\com.st.stm32cube.common.mx_6.13.0.202411220809
2025-05-10 15:02:00,473 [INFO] PluginManage:196 - Search for loadable plugins [exclusion list=, ]
2025-05-10 15:02:00,474 [INFO] PluginManage:310 - Check plugin analytics
2025-05-10 15:02:00,612 [INFO] AnalyticsPlugin:253 - Accepted Software Licenses: 
2025-05-10 15:02:00,612 [INFO] AnalyticsPlugin:255 - Accepted CMSIS Pack Licenses: 
2025-05-10 15:02:00,612 [INFO] AnalyticsPlugin:257 - Accepted Firmware Licenses: FW.G4.1.6.0
2025-05-10 15:02:00,615 [INFO] PluginManage:359 - Loaded plugin analytics (category:tool,tabindex:-1)
2025-05-10 15:02:00,616 [INFO] PluginManage:310 - Check plugin cadmodel
2025-05-10 15:02:00,620 [INFO] CADModel:105 - Init CAD model plugin
2025-05-10 15:02:00,620 [INFO] PluginManage:359 - Loaded plugin cadmodel (category:power,tabindex:5)
2025-05-10 15:02:00,620 [INFO] PluginManage:310 - Check plugin clock
2025-05-10 15:02:00,628 [INFO] PluginManage:359 - Loaded plugin clock (category:base,tabindex:2)
2025-05-10 15:02:00,628 [INFO] PluginManage:310 - Check plugin ddr
2025-05-10 15:02:00,630 [INFO] PluginManage:359 - Loaded plugin ddr (category:tool,tabindex:6)
2025-05-10 15:02:00,630 [INFO] PluginManage:310 - Check plugin filemanager
2025-05-10 15:02:00,743 [INFO] PluginManage:359 - Loaded plugin filemanager (category:base,tabindex:10)
2025-05-10 15:02:00,743 [INFO] PluginManage:310 - Check plugin ipmanager
2025-05-10 15:02:00,749 [INFO] PluginManage:359 - Loaded plugin ipmanager (category:base,tabindex:5)
2025-05-10 15:02:00,749 [INFO] PluginManage:310 - Check plugin lpbam
2025-05-10 15:02:00,754 [INFO] PluginManage:359 - Loaded plugin lpbam (category:base,tabindex:0)
2025-05-10 15:02:00,754 [INFO] PluginManage:310 - Check plugin memorymap
2025-05-10 15:02:00,762 [INFO] PluginManage:359 - Loaded plugin memorymap (category:base,tabindex:4)
2025-05-10 15:02:00,762 [INFO] PluginManage:310 - Check plugin pinoutandconfiguration
2025-05-10 15:02:00,767 [INFO] PluginManage:359 - Loaded plugin pinoutandconfiguration (category:base,tabindex:1)
2025-05-10 15:02:00,767 [INFO] PluginManage:310 - Check plugin pinoutconfig
2025-05-10 15:02:00,822 [WARN] SupportedApi:132 - Cannot load RTOS API schema: s4s-elt-must-match.1: The content of 'definitions' must match (annotation?, (simpleType | complexType)?, (unique | key | keyref)*)). A problem was found starting at: attribute.
2025-05-10 15:02:00,910 [INFO] PluginManage:359 - Loaded plugin pinoutconfig (category:base,tabindex:0)
2025-05-10 15:02:00,910 [INFO] PluginManage:310 - Check plugin power
2025-05-10 15:02:00,914 [INFO] PluginManage:359 - Loaded plugin power (category:power,tabindex:4)
2025-05-10 15:02:00,915 [INFO] PluginManage:310 - Check plugin projectmanager
2025-05-10 15:02:00,926 [INFO] PluginManage:359 - Loaded plugin projectmanager (category:projectmanager,tabindex:4)
2025-05-10 15:02:00,926 [INFO] PluginManage:310 - Check plugin rif
2025-05-10 15:02:00,930 [INFO] PluginManage:359 - Loaded plugin rif (category:base,tabindex:3)
2025-05-10 15:02:00,930 [INFO] PluginManage:310 - Check plugin thirdparty
2025-05-10 15:02:01,028 [WARN] IntegrityCheckThread:84 - waiting for thirdparty lock release [integrity check]
2025-05-10 15:02:01,028 [INFO] IntegrityCheckThread:86 - entering critical section [integrity check]
2025-05-10 15:02:01,028 [INFO] PluginManage:359 - Loaded plugin thirdparty (category:base,tabindex:-1)
2025-05-10 15:02:01,028 [INFO] PluginManage:310 - Check plugin tools
2025-05-10 15:02:01,029 [INFO] ThirdPartyUpdaterWithRetryManager:70 - Updater plugin not ready yet. [1/15]
2025-05-10 15:02:01,031 [INFO] PluginManage:359 - Loaded plugin tools (category:base,tabindex:7)
2025-05-10 15:02:01,032 [INFO] PluginManage:310 - Check plugin tutovideos
2025-05-10 15:02:01,144 [INFO] PluginManage:359 - Loaded plugin tutovideos (category:base,tabindex:-1)
2025-05-10 15:02:01,144 [INFO] PluginManage:310 - Check plugin updater
2025-05-10 15:02:01,158 [INFO] PluginManage:359 - Loaded plugin updater (category:base,tabindex:12)
2025-05-10 15:02:01,158 [INFO] PluginManage:310 - Check plugin userauth
2025-05-10 15:02:01,160 [INFO] UserAuth:118 - Init User Auth plugin
2025-05-10 15:02:01,161 [INFO] PluginManage:359 - Loaded plugin userauth (category:base,tabindex:14)
2025-05-10 15:02:01,161 [INFO] PluginManage:283 - PluginManage : Loaded plugins [18]
2025-05-10 15:02:01,310 [INFO] PinOutPanel:1589 - setPackage(No Configuration,No Configuration)
2025-05-10 15:02:01,402 [INFO] CADModel:165 - CPN selected for project level
2025-05-10 15:02:01,402 [INFO] CADModel:114 - Register for checkConnection events
2025-05-10 15:02:01,417 [INFO] IPUIPlugin:80 - create IPUIPlugin
2025-05-10 15:02:01,417 [INFO] PluginManager:220 - loadIPPluginJar : add adc
2025-05-10 15:02:01,419 [INFO] IPUIPlugin:80 - create IPUIPlugin
2025-05-10 15:02:01,419 [INFO] PluginManager:220 - loadIPPluginJar : add aes
2025-05-10 15:02:01,421 [INFO] IPUIPlugin:80 - create IPUIPlugin
2025-05-10 15:02:01,421 [INFO] PluginManager:220 - loadIPPluginJar : add can
2025-05-10 15:02:01,422 [INFO] IPUIPlugin:80 - create IPUIPlugin
2025-05-10 15:02:01,423 [INFO] PluginManager:220 - loadIPPluginJar : add comp
2025-05-10 15:02:01,424 [INFO] IPUIPlugin:80 - create IPUIPlugin
2025-05-10 15:02:01,424 [INFO] PluginManager:220 - loadIPPluginJar : add cryp
2025-05-10 15:02:01,425 [INFO] IPUIPlugin:80 - create IPUIPlugin
2025-05-10 15:02:01,426 [INFO] PluginManager:220 - loadIPPluginJar : add ddr_ctrl_phy
2025-05-10 15:02:01,427 [INFO] IPUIPlugin:80 - create IPUIPlugin
2025-05-10 15:02:01,427 [INFO] PluginManager:220 - loadIPPluginJar : add dfsdm
2025-05-10 15:02:01,430 [INFO] IPUIPlugin:80 - create IPUIPlugin
2025-05-10 15:02:01,430 [INFO] PluginManager:220 - loadIPPluginJar : add dma
2025-05-10 15:02:01,431 [INFO] IPUIPlugin:80 - create IPUIPlugin
2025-05-10 15:02:01,432 [INFO] PluginManager:220 - loadIPPluginJar : add dma3
2025-05-10 15:02:01,433 [INFO] IPUIPlugin:80 - create IPUIPlugin
2025-05-10 15:02:01,433 [INFO] PluginManager:220 - loadIPPluginJar : add extmemmanager
2025-05-10 15:02:01,434 [INFO] IPUIPlugin:80 - create IPUIPlugin
2025-05-10 15:02:01,434 [INFO] PluginManager:220 - loadIPPluginJar : add fatfs
2025-05-10 15:02:01,436 [INFO] IPUIPlugin:80 - create IPUIPlugin
2025-05-10 15:02:01,436 [INFO] PluginManager:220 - loadIPPluginJar : add fmc
2025-05-10 15:02:01,446 [INFO] IPUIPlugin:80 - create IPUIPlugin
2025-05-10 15:02:01,446 [INFO] PluginManager:220 - loadIPPluginJar : add freertos
2025-05-10 15:02:01,449 [INFO] IPUIPlugin:80 - create IPUIPlugin
2025-05-10 15:02:01,449 [INFO] PluginManager:220 - loadIPPluginJar : add genericplugin
2025-05-10 15:02:01,451 [INFO] IPUIPlugin:80 - create IPUIPlugin
2025-05-10 15:02:01,451 [INFO] PluginManager:220 - loadIPPluginJar : add gfxmmu
2025-05-10 15:02:01,455 [INFO] IPUIPlugin:80 - create IPUIPlugin
2025-05-10 15:02:01,455 [INFO] PluginManager:220 - loadIPPluginJar : add gic
2025-05-10 15:02:01,458 [INFO] IPUIPlugin:80 - create IPUIPlugin
2025-05-10 15:02:01,458 [INFO] PluginManager:220 - loadIPPluginJar : add gpio
2025-05-10 15:02:01,460 [INFO] IPUIPlugin:80 - create IPUIPlugin
2025-05-10 15:02:01,460 [INFO] PluginManager:220 - loadIPPluginJar : add gtzc
2025-05-10 15:02:01,461 [INFO] IPUIPlugin:80 - create IPUIPlugin
2025-05-10 15:02:01,461 [INFO] PluginManager:220 - loadIPPluginJar : add hash
2025-05-10 15:02:01,463 [INFO] IPUIPlugin:80 - create IPUIPlugin
2025-05-10 15:02:01,463 [INFO] PluginManager:220 - loadIPPluginJar : add i2c
2025-05-10 15:02:01,464 [INFO] IPUIPlugin:80 - create IPUIPlugin
2025-05-10 15:02:01,464 [INFO] PluginManager:220 - loadIPPluginJar : add i2s
2025-05-10 15:02:01,466 [INFO] IPUIPlugin:80 - create IPUIPlugin
2025-05-10 15:02:01,466 [INFO] PluginManager:220 - loadIPPluginJar : add i3c
2025-05-10 15:02:01,469 [INFO] IPUIPlugin:80 - create IPUIPlugin
2025-05-10 15:02:01,469 [INFO] PluginManager:220 - loadIPPluginJar : add ipddr
2025-05-10 15:02:01,473 [INFO] IPUIPlugin:80 - create IPUIPlugin
2025-05-10 15:02:01,474 [INFO] PluginManager:220 - loadIPPluginJar : add linkedlist
2025-05-10 15:02:01,476 [INFO] IPUIPlugin:80 - create IPUIPlugin
2025-05-10 15:02:01,476 [INFO] PluginManager:220 - loadIPPluginJar : add lorawan
2025-05-10 15:02:01,477 [INFO] IPUIPlugin:80 - create IPUIPlugin
2025-05-10 15:02:01,477 [INFO] PluginManager:220 - loadIPPluginJar : add ltdc
2025-05-10 15:02:01,480 [INFO] IPUIPlugin:80 - create IPUIPlugin
2025-05-10 15:02:01,481 [INFO] PluginManager:220 - loadIPPluginJar : add mdma
2025-05-10 15:02:01,483 [INFO] IPUIPlugin:80 - create IPUIPlugin
2025-05-10 15:02:01,484 [INFO] PluginManager:220 - loadIPPluginJar : add nvic
2025-05-10 15:02:01,486 [INFO] IPUIPlugin:80 - create IPUIPlugin
2025-05-10 15:02:01,486 [INFO] PluginManager:220 - loadIPPluginJar : add opamp
2025-05-10 15:02:01,488 [INFO] IPUIPlugin:80 - create IPUIPlugin
2025-05-10 15:02:01,488 [INFO] PluginManager:220 - loadIPPluginJar : add openamp
2025-05-10 15:02:01,491 [INFO] IPUIPlugin:80 - create IPUIPlugin
2025-05-10 15:02:01,491 [INFO] PluginManager:220 - loadIPPluginJar : add pdm2pcm
2025-05-10 15:02:01,495 [INFO] IPUIPlugin:80 - create IPUIPlugin
2025-05-10 15:02:01,497 [INFO] PluginManager:220 - loadIPPluginJar : add plateformsettings
2025-05-10 15:02:01,498 [INFO] IPUIPlugin:80 - create IPUIPlugin
2025-05-10 15:02:01,498 [INFO] PluginManager:220 - loadIPPluginJar : add quadspi
2025-05-10 15:02:01,499 [INFO] IPUIPlugin:80 - create IPUIPlugin
2025-05-10 15:02:01,500 [INFO] PluginManager:220 - loadIPPluginJar : add radio
2025-05-10 15:02:01,502 [INFO] IPUIPlugin:80 - create IPUIPlugin
2025-05-10 15:02:01,502 [INFO] PluginManager:220 - loadIPPluginJar : add resmgrutility
2025-05-10 15:02:01,504 [INFO] IPUIPlugin:80 - create IPUIPlugin
2025-05-10 15:02:01,504 [INFO] PluginManager:220 - loadIPPluginJar : add sai
2025-05-10 15:02:01,506 [INFO] IPUIPlugin:80 - create IPUIPlugin
2025-05-10 15:02:01,506 [INFO] PluginManager:220 - loadIPPluginJar : add spi
2025-05-10 15:02:01,512 [INFO] IPUIPlugin:80 - create IPUIPlugin
2025-05-10 15:02:01,512 [INFO] PluginManager:220 - loadIPPluginJar : add stm32_wpan
2025-05-10 15:02:01,514 [INFO] IPUIPlugin:80 - create IPUIPlugin
2025-05-10 15:02:01,515 [INFO] PluginManager:220 - loadIPPluginJar : add tim
2025-05-10 15:02:01,517 [INFO] IPUIPlugin:80 - create IPUIPlugin
2025-05-10 15:02:01,518 [INFO] PluginManager:220 - loadIPPluginJar : add touchsensing
2025-05-10 15:02:01,520 [INFO] IPUIPlugin:80 - create IPUIPlugin
2025-05-10 15:02:01,520 [INFO] PluginManager:220 - loadIPPluginJar : add tracer_emb
2025-05-10 15:02:01,521 [INFO] IPUIPlugin:80 - create IPUIPlugin
2025-05-10 15:02:01,522 [INFO] PluginManager:220 - loadIPPluginJar : add ts
2025-05-10 15:02:01,523 [INFO] IPUIPlugin:80 - create IPUIPlugin
2025-05-10 15:02:01,523 [INFO] PluginManager:220 - loadIPPluginJar : add tsc
2025-05-10 15:02:01,525 [INFO] IPUIPlugin:80 - create IPUIPlugin
2025-05-10 15:02:01,525 [INFO] PluginManager:220 - loadIPPluginJar : add ucpd
2025-05-10 15:02:01,528 [INFO] IPUIPlugin:80 - create IPUIPlugin
2025-05-10 15:02:01,528 [INFO] PluginManager:220 - loadIPPluginJar : add usart
2025-05-10 15:02:01,534 [INFO] IPUIPlugin:80 - create IPUIPlugin
2025-05-10 15:02:01,534 [INFO] PluginManager:220 - loadIPPluginJar : add usbx
2025-05-10 15:02:01,646 [FATAL] Updater:351 - Updater called before beeing initialized
2025-05-10 15:02:01,664 [INFO] RulesReader:64 - Compatibility file has been processed (297 Rules)
2025-05-10 15:02:01,672 [INFO] RulesReader:64 - Compatibility file has been processed (297 Rules)
2025-05-10 15:02:01,679 [INFO] CADModel:165 - CPN selected for project level
2025-05-10 15:02:01,679 [INFO] CADModel:114 - Register for checkConnection events
2025-05-10 15:02:01,679 [FATAL] Updater:351 - Updater called before beeing initialized
2025-05-10 15:02:01,679 [ERROR] CADModel:125 - Updater not yet initialized, retry later 
2025-05-10 15:02:01,784 [FATAL] Updater:351 - Updater called before beeing initialized
2025-05-10 15:02:01,785 [INFO] CADModel:165 - CPN selected for project level
2025-05-10 15:02:01,785 [INFO] CADModel:114 - Register for checkConnection events
2025-05-10 15:02:01,785 [FATAL] Updater:351 - Updater called before beeing initialized
2025-05-10 15:02:01,785 [ERROR] CADModel:125 - Updater not yet initialized, retry later 
2025-05-10 15:02:01,787 [FATAL] Updater:351 - Updater called before beeing initialized
2025-05-10 15:02:01,860 [FATAL] Updater:351 - Updater called before beeing initialized
2025-05-10 15:02:01,865 [INFO] DbMcusAds:53 - JSON generation date=Thu Mar 06 15:54:22 CET 2025 (1741272862078)
2025-05-10 15:02:01,865 [FATAL] Updater:351 - Updater called before beeing initialized
2025-05-10 15:02:01,892 [WARN] DetailPanel:346 - Failed to get advertising image, set to default
2025-05-10 15:02:02,056 [FATAL] Updater:351 - Updater called before beeing initialized
2025-05-10 15:02:02,057 [FATAL] Updater:351 - Updater called before beeing initialized
2025-05-10 15:02:02,057 [FATAL] Updater:351 - Updater called before beeing initialized
2025-05-10 15:02:02,058 [WARN] DetailPanel:346 - Failed to get advertising image, set to default
2025-05-10 15:02:02,058 [FATAL] Updater:351 - Updater called before beeing initialized
2025-05-10 15:02:02,089 [ERROR] Updater:1198 - MainUpdater not yet initialized. External WinMGr cannot be set.
2025-05-10 15:02:02,090 [INFO] Updater:1134 - Updater Version found : 6.13.0
2025-05-10 15:02:02,103 [INFO] ApplicationProperties:184 - Using Application install path: C:\ST\STM32CubeIDE_1.16.1\STM32CubeIDE\plugins\com.st.stm32cube.common.mx_6.13.0.202411220809
2025-05-10 15:02:02,423 [INFO] MainUpdater:2872 - connection check result : 10
2025-05-10 15:02:02,423 [INFO] MainUpdater:289 - Updater Check For Update Now.
2025-05-10 15:02:02,423 [INFO] MicroXplorer:498 - Change Database Version : DB.6.0.130
2025-05-10 15:02:02,429 [INFO] McuFinderGlobals:63 - Set McuFinder mode to 2 (CubeIDE integrated)
2025-05-10 15:02:02,429 [INFO] UserAuth:486 - Internet connection configuration mode: 1
2025-05-10 15:02:02,456 [INFO] JxBrowserEngine:152 - Initiate JxBrowser Engine with user profile folder
2025-05-10 15:02:02,583 [INFO] CheckServerUpdateThread:120 - End of CheckServer Thread
2025-05-10 15:02:02,884 [INFO] WebApp:168 - Instantiating new browser for Auth
2025-05-10 15:02:03,314 [INFO] WebApp:449 - Apply proxy settings
2025-05-10 15:02:03,314 [INFO] WebApp:534 - Chromium requires no authentication
2025-05-10 15:02:03,319 [INFO] WebApp:477 - Direct internet connection detected
2025-05-10 15:02:03,332 [INFO] WebApp:880 - Register for checkConnection events
2025-05-10 15:02:03,332 [INFO] WebApp:449 - Apply proxy settings
2025-05-10 15:02:03,332 [INFO] WebApp:534 - Chromium requires no authentication
2025-05-10 15:02:03,332 [INFO] WebApp:477 - Direct internet connection detected
2025-05-10 15:02:03,433 [INFO] WebApp:221 - Starting web application
2025-05-10 15:02:03,433 [INFO] WebApp:579 - Web application path used C:\ST\STM32CubeIDE_1.16.1\STM32CubeIDE\plugins\com.st.stm32cube.common.mx_6.13.0.202411220809\db\plugins\mcufinder\reactClient1\index.html
2025-05-10 15:02:03,488 [INFO] UserAuth:486 - Internet connection configuration mode: 1
2025-05-10 15:02:03,561 [INFO] WebApp:187 - Connection restablished
2025-05-10 15:02:04,168 [WARN] PackLoader:240 - Cannot read IP mode file for STMicroelectronics.FP-SNS-MOTENVWB1.1.4.0
2025-05-10 15:02:04,173 [WARN] PackLoader:240 - Cannot read IP mode file for STMicroelectronics.FP-ATR-ASTRA1.2.0.2
2025-05-10 15:02:04,176 [WARN] PackLoader:240 - Cannot read IP mode file for STMicroelectronics.FP-ATR-ASTRA1.2.0.1
2025-05-10 15:02:04,181 [WARN] PackLoader:240 - Cannot read IP mode file for STMicroelectronics.X-CUBE-SMBUS.2.1.0
2025-05-10 15:02:04,186 [WARN] PackLoader:240 - Cannot read IP mode file for STMicroelectronics.X-CUBE-WB05N.1.1.0
2025-05-10 15:02:04,204 [WARN] PackLoader:240 - Cannot read IP mode file for STMicroelectronics.X-CUBE-AZRTOS-F7.1.1.0
2025-05-10 15:02:04,240 [WARN] PackLoader:240 - Cannot read IP mode file for STMicroelectronics.X-CUBE-MEMS1.11.0.0
2025-05-10 15:02:04,345 [WARN] PackLoader:240 - Cannot read IP mode file for STMicroelectronics.FP-SNS-FLIGHT1.5.0.2
2025-05-10 15:02:04,353 [WARN] PackLoader:240 - Cannot read IP mode file for STMicroelectronics.X-CUBE-DISPLAY.3.0.0
2025-05-10 15:02:04,358 [WARN] PackLoader:240 - Cannot read IP mode file for STMicroelectronics.X-CUBE-BLE1.7.0.0
2025-05-10 15:02:04,381 [WARN] PackLoader:240 - Cannot read IP mode file for STMicroelectronics.X-CUBE-NFC10.1.0.0
2025-05-10 15:02:04,392 [WARN] PackLoader:240 - Cannot read IP mode file for STMicroelectronics.X-CUBE-BLEMGR.4.0.0
2025-05-10 15:02:04,398 [WARN] PackLoader:240 - Cannot read IP mode file for emotas.I-CUBE-CANOPEN.1.3.0
2025-05-10 15:02:04,403 [WARN] PackLoader:240 - Cannot read IP mode file for STMicroelectronics.X-CUBE-BLEMGR.3.1.0
2025-05-10 15:02:04,409 [WARN] PackLoader:240 - Cannot read IP mode file for STMicroelectronics.X-CUBE-AI.10.0.0
2025-05-10 15:02:04,413 [WARN] PackLoader:240 - Cannot read IP mode file for STMicroelectronics.FP-SNS-SMARTAG2.1.2.0
2025-05-10 15:02:04,416 [WARN] PackLoader:240 - Cannot read IP mode file for STMicroelectronics.FP-SNS-FLIGHT1.5.1.0
2025-05-10 15:02:04,449 [WARN] PackLoader:240 - Cannot read IP mode file for STMicroelectronics.X-CUBE-MEMS1.11.1.0
2025-05-10 15:02:04,526 [INFO] LogOutputStream:77 - [STDOUT_REDIRECT] 1 : Invalid condition id : UX_CORESTACK_Condition cause : null
2025-05-10 15:02:04,527 [INFO] LogOutputStream:77 - [STDOUT_REDIRECT] 1 : Invalid condition id : UX_CORESTACK_Condition cause : null
2025-05-10 15:02:04,528 [INFO] LogOutputStream:77 - [STDOUT_REDIRECT] 1 : Invalid condition id : UX_CORESTACK_Condition cause : null
2025-05-10 15:02:04,529 [INFO] LogOutputStream:77 - [STDOUT_REDIRECT] 1 : Invalid condition id : UX_CORESTACK_Condition cause : null
2025-05-10 15:02:04,531 [INFO] LogOutputStream:77 - [STDOUT_REDIRECT] 1 : Invalid condition id : UX_CORESTACK_Condition cause : null
2025-05-10 15:02:04,532 [WARN] PackLoader:240 - Cannot read IP mode file for STMicroelectronics.X-CUBE-AZRTOS-WL.2.0.0
2025-05-10 15:02:04,536 [WARN] PackLoader:240 - Cannot read IP mode file for STMicroelectronics.FP-SNS-MOTENV1.5.0.0
2025-05-10 15:02:04,541 [WARN] PackLoader:240 - Cannot read IP mode file for wolfSSL.I-CUBE-wolfMQTT.1.19.0
2025-05-10 15:02:04,547 [WARN] PackLoader:240 - Cannot read IP mode file for WES.I-CUBE-Cesium.1.3.0
2025-05-10 15:02:04,550 [WARN] PackLoader:240 - Cannot read IP mode file for STMicroelectronics.X-CUBE-BLE2.3.3.0
2025-05-10 15:02:04,554 [WARN] PackLoader:240 - Cannot read IP mode file for STMicroelectronics.X-CUBE-NFC9.1.0.0
2025-05-10 15:02:04,557 [WARN] PackLoader:240 - Cannot read IP mode file for STMicroelectronics.X-CUBE-BLE1.7.1.0
2025-05-10 15:02:04,560 [WARN] PackLoader:240 - Cannot read IP mode file for STMicroelectronics.X-CUBE-TCPP.4.1.0
2025-05-10 15:02:04,584 [WARN] PackLoader:240 - Cannot read IP mode file for STMicroelectronics.X-CUBE-MEMS1.11.2.0
2025-05-10 15:02:04,660 [WARN] PackLoader:240 - Cannot read IP mode file for STMicroelectronics.X-CUBE-AZRTOS-G0.1.1.0
2025-05-10 15:02:04,665 [WARN] PackLoader:240 - Cannot read IP mode file for STMicroelectronics.X-CUBE-SAFEA1.1.2.2
2025-05-10 15:02:04,669 [WARN] PackLoader:240 - Cannot read IP mode file for STMicroelectronics.X-CUBE-NFC4.3.0.0
2025-05-10 15:02:04,676 [WARN] PackLoader:240 - Cannot read IP mode file for EmbeddedOffice.I-CUBE-FS-RTOS.1.0.1
2025-05-10 15:02:04,681 [WARN] PackLoader:240 - Cannot read IP mode file for STMicroelectronics.X-CUBE-WB05N.2.0.0
2025-05-10 15:02:04,685 [WARN] PackLoader:240 - Cannot read IP mode file for STMicroelectronics.X-CUBE-TCPP.4.2.0
2025-05-10 15:02:04,690 [WARN] PackLoader:240 - Cannot read IP mode file for RealThread.X-CUBE-RT-Thread_Nano.4.1.1
2025-05-10 15:02:04,694 [WARN] PackLoader:240 - Cannot read IP mode file for STMicroelectronics.FP-ATR-SIGFOX1.3.2.0
2025-05-10 15:02:04,697 [WARN] PackLoader:240 - Cannot read IP mode file for wolfSSL.I-CUBE-wolfSSL.5.7.2
2025-05-10 15:02:04,701 [WARN] ConditionMgr:438 - getConditionDescription Invalid condition id : Cortex-A Device cause : null
2025-05-10 15:02:04,714 [WARN] ConditionMgr:1044 - genDependencies : Invalid condition id : Cortex-A Device cause : null
2025-05-10 15:02:04,714 [WARN] ConditionMgr:1044 - genDependencies : Invalid condition id : Cortex-A Device cause : null
2025-05-10 15:02:04,714 [WARN] ConditionMgr:1044 - genDependencies : Invalid condition id : Cortex-A Device cause : null
2025-05-10 15:02:04,718 [WARN] PackLoader:240 - Cannot read IP mode file for STMicroelectronics.X-CUBE-EEPRMA1.5.1.0
2025-05-10 15:02:04,725 [WARN] PackLoader:240 - Cannot read IP mode file for ITTIA_DB.I-CUBE-ITTIADB.8.9.0
2025-05-10 15:02:04,745 [WARN] PackLoader:240 - Cannot read IP mode file for SEGGER.I-CUBE-embOS.1.3.1
2025-05-10 15:02:04,772 [WARN] PackLoader:240 - Cannot read IP mode file for STMicroelectronics.X-CUBE-ALGOBUILD.1.4.0
2025-05-10 15:02:04,775 [WARN] PackLoader:240 - Cannot read IP mode file for STMicroelectronics.X-CUBE-AI.9.1.0
2025-05-10 15:02:04,790 [WARN] PackLoader:240 - Cannot read IP mode file for STMicroelectronics.X-CUBE-AZRTOS-F4.1.1.0
2025-05-10 15:02:04,795 [WARN] PackLoader:240 - Cannot read IP mode file for Avnet-IotConnect.X-CUBE-IoTC-DA16k-PMOD.1.0.0
2025-05-10 15:02:04,799 [WARN] PackLoader:240 - Cannot read IP mode file for STMicroelectronics.X-CUBE-ISPU.2.1.0
2025-05-10 15:02:04,803 [WARN] PackLoader:240 - Cannot read IP mode file for STMicroelectronics.X-CUBE-FREERTOS.1.2.0
2025-05-10 15:02:04,835 [WARN] PackLoader:240 - Cannot read IP mode file for STMicroelectronics.X-CUBE-AZRTOS-L5.2.0.0
2025-05-10 15:02:04,843 [WARN] PackLoader:240 - Cannot read IP mode file for STMicroelectronics.X-CUBE-NFC6.3.1.0
2025-05-10 15:02:04,849 [WARN] PackLoader:240 - Cannot read IP mode file for STMicroelectronics.X-CUBE-DPower.1.2.0
2025-05-10 15:02:04,852 [WARN] PackLoader:240 - Cannot read IP mode file for STMicroelectronics.X-CUBE-FREERTOS.1.3.1
2025-05-10 15:02:04,855 [WARN] PackLoader:240 - Cannot read IP mode file for STMicroelectronics.X-CUBE-FREERTOS.1.3.0
2025-05-10 15:02:04,859 [WARN] PackLoader:240 - Cannot read IP mode file for STMicroelectronics.X-CUBE-NFC7.1.0.1
2025-05-10 15:02:04,862 [WARN] PackLoader:240 - Cannot read IP mode file for STMicroelectronics.X-CUBE-DPower.1.3.0
2025-05-10 15:02:04,873 [WARN] ConditionMgr:438 - getConditionDescription Invalid condition id : LAN8742 Phy interface Condition cause : null
2025-05-10 15:02:04,874 [WARN] PackLoader:240 - Cannot read IP mode file for STMicroelectronics.X-CUBE-AZRTOS-L4.2.0.0
2025-05-10 15:02:04,874 [WARN] ConditionMgr:1044 - genDependencies : Invalid condition id : LAN8742 Phy interface Condition cause : null
2025-05-10 15:02:04,874 [WARN] ConditionMgr:1044 - genDependencies : Invalid condition id : LAN8742 Phy interface Condition cause : null
2025-05-10 15:02:04,875 [WARN] ConditionMgr:1044 - genDependencies : Invalid condition id : LAN8742 Phy interface Condition cause : null
2025-05-10 15:02:04,879 [WARN] PackLoader:240 - Cannot read IP mode file for STMicroelectronics.X-CUBE-SFXS2LP1.4.0.0
2025-05-10 15:02:04,891 [WARN] PackLoader:240 - Cannot read IP mode file for STMicroelectronics.X-CUBE-AZRTOS-H7.3.3.0
2025-05-10 15:02:04,897 [WARN] PackLoader:240 - Cannot read IP mode file for STMicroelectronics.X-CUBE-IPS.3.0.0
2025-05-10 15:02:04,907 [WARN] ConditionMgr:438 - getConditionDescription Invalid condition id : UX DEVICE CLASS RTOS Condition cause : null
2025-05-10 15:02:04,907 [WARN] ConditionMgr:438 - getConditionDescription Invalid condition id : UX DEVICE CLASS RTOS Condition cause : null
2025-05-10 15:02:04,908 [WARN] PackLoader:240 - Cannot read IP mode file for STMicroelectronics.X-CUBE-AZRTOS-WB.2.0.0
2025-05-10 15:02:04,908 [WARN] ConditionMgr:1044 - genDependencies : Invalid condition id : UX DEVICE CLASS RTOS Condition cause : null
2025-05-10 15:02:04,909 [WARN] ConditionMgr:1044 - genDependencies : Invalid condition id : UX DEVICE CLASS RTOS Condition cause : null
2025-05-10 15:02:04,909 [WARN] ConditionMgr:1044 - genDependencies : Invalid condition id : UX DEVICE CLASS RTOS Condition cause : null
2025-05-10 15:02:04,909 [WARN] ConditionMgr:1044 - genDependencies : Invalid condition id : UX DEVICE CLASS RTOS Condition cause : null
2025-05-10 15:02:04,909 [WARN] ConditionMgr:1044 - genDependencies : Invalid condition id : UX DEVICE CLASS RTOS Condition cause : null
2025-05-10 15:02:04,913 [WARN] PackLoader:240 - Cannot read IP mode file for STMicroelectronics.X-CUBE-GNSS1.7.0.0
2025-05-10 15:02:04,916 [WARN] PackLoader:240 - Cannot read IP mode file for STMicroelectronics.X-CUBE-GNSS1.7.0.1
2025-05-10 15:02:04,921 [WARN] PackLoader:240 - Cannot read IP mode file for STMicroelectronics.X-CUBE-TOUCHGFX.4.25.0
2025-05-10 15:02:04,925 [WARN] PackLoader:240 - Cannot read IP mode file for STMicroelectronics.FP-SNS-STBOX1.2.0.0
2025-05-10 15:02:04,930 [WARN] PackLoader:240 - Cannot read IP mode file for STMicroelectronics.X-CUBE-SUBG2.5.0.0
2025-05-10 15:02:04,943 [WARN] PackLoader:240 - Cannot read IP mode file for STMicroelectronics.X-CUBE-AZRTOS-H7RS.1.1.0
2025-05-10 15:02:04,946 [WARN] PackLoader:240 - Cannot read IP mode file for Cesanta.I-CUBE-Mongoose.7.13.0
2025-05-10 15:02:04,959 [WARN] PackLoader:240 - Cannot read IP mode file for STMicroelectronics.X-CUBE-AZRTOS-G4.2.0.0
2025-05-10 15:02:04,964 [WARN] PackLoader:240 - Cannot read IP mode file for STMicroelectronics.X-CUBE-NFC7.2.0.0
2025-05-10 15:02:04,970 [WARN] PackLoader:240 - Cannot read IP mode file for STMicroelectronics.X-CUBE-IPS.3.1.0
2025-05-10 15:02:04,976 [WARN] PackLoader:240 - Cannot read IP mode file for STMicroelectronics.X-CUBE-ALS.1.0.2
2025-05-10 15:02:04,978 [WARN] PackLoader:240 - Cannot read IP mode file for STMicroelectronics.X-CUBE-TOUCHGFX.4.24.2
2025-05-10 15:02:04,980 [WARN] PackLoader:240 - Cannot read IP mode file for STMicroelectronics.X-CUBE-TOUCHGFX.4.24.1
2025-05-10 15:02:04,983 [WARN] PackLoader:240 - Cannot read IP mode file for wolfSSL.I-CUBE-wolfTPM.3.4.0
2025-05-10 15:02:04,986 [WARN] PackLoader:240 - Cannot read IP mode file for portGmbH.I-Cube-SoM-uGOAL.1.1.0
2025-05-10 15:02:04,995 [WARN] PackLoader:240 - Cannot read IP mode file for STMicroelectronics.X-CUBE-AZRTOS-H7RS.1.0.0
2025-05-10 15:02:04,998 [WARN] PackLoader:240 - Cannot read IP mode file for STMicroelectronics.FP-ATR-ASTRA1.2.0.0
2025-05-10 15:02:05,005 [WARN] PackLoader:240 - Cannot read IP mode file for STMicroelectronics.X-CUBE-TOF1.3.4.2
2025-05-10 15:02:05,017 [WARN] PackLoader:240 - Cannot read IP mode file for STMicroelectronics.X-CUBE-TOF1.3.4.3
2025-05-10 15:02:05,032 [WARN] PackLoader:240 - Cannot read IP mode file for Infineon.AIROC-Wi-Fi-Bluetooth-STM32.1.6.1
2025-05-10 15:02:05,037 [WARN] PackLoader:240 - Cannot read IP mode file for wolfSSL.I-CUBE-wolfSSH.1.4.17
2025-05-10 15:02:05,037 [INFO] ThirdParty:978 - Integrity check success = true
2025-05-10 15:02:05,037 [INFO] IntegrityCheckThread:100 - exiting critical section [integrity check]
2025-05-10 15:02:05,037 [INFO] IntegrityCheckThread:103 - End integrity checks thread
2025-05-10 15:02:10,358 [INFO] Activator:176 - 


2025-05-10 15:02:10,360 [INFO] Activator:177 - !SESSION log4j initialized
2025-05-10 15:02:14,330 [INFO] LogOutputStream:77 - [STDOUT_REDIRECT] 
2025-05-10 15:02:15,098 [INFO] ApplicationProperties:184 - Using Application install path: C:\ST\STM32CubeIDE_1.16.1\STM32CubeIDE\plugins\com.st.stm32cube.common.mx_6.13.0.202411220809
2025-05-10 15:02:15,116 [INFO] DbMcusXml:78 - Set database path to: C:\ST\STM32CubeIDE_1.16.1\STM32CubeIDE\plugins\com.st.stm32cube.common.mx_6.13.0.202411220809\\db\/mcu/
2025-05-10 15:02:15,116 [INFO] ApiDb:274 - Set plugin database path to: C:\ST\STM32CubeIDE_1.16.1\STM32CubeIDE\plugins\com.st.stm32cube.common.mx_6.13.0.202411220809\\db\/plugins/boardmanager/
2025-05-10 15:02:15,116 [WARN] ApiDb:259 - Overriding images path with different value:  => C:\ST\STM32CubeIDE_1.16.1\STM32CubeIDE\plugins\com.st.stm32cube.common.mx_6.13.0.202411220809\\db\/plugins/mcufinder/images/
2025-05-10 15:02:15,120 [INFO] ApiDb:250 - Set database path to: C:\Users\Miloush\.stmcufinder\plugins\mcufinder//mcu/
2025-05-10 15:02:15,120 [INFO] DbMcusAds:125 - Set database path to: C:\Users\Miloush\.stmcufinder\plugins\mcufinder//mcu/
2025-05-10 15:02:15,122 [INFO] CrossReferenceDbSqlite:203 - Set database path to: C:\Users\Miloush\.stmcufinder\plugins\mcufinder//mcu/cs/
2025-05-10 15:02:15,199 [INFO] RulesReader:64 - Compatibility file has been processed (297 Rules)
2025-05-10 15:02:15,262 [INFO] DbMcusXml:78 - Set database path to: C:\ST\STM32CubeIDE_1.16.1\STM32CubeIDE\plugins\com.st.stm32cube.common.mx_6.13.0.202411220809\\db\/mcu/
2025-05-10 15:02:15,263 [INFO] ApiDb:274 - Set plugin database path to: C:\ST\STM32CubeIDE_1.16.1\STM32CubeIDE\plugins\com.st.stm32cube.common.mx_6.13.0.202411220809\\db\/plugins/boardmanager/
2025-05-10 15:02:15,263 [INFO] ApiDb:261 - Set plugin images path to: C:\ST\STM32CubeIDE_1.16.1\STM32CubeIDE\plugins\com.st.stm32cube.common.mx_6.13.0.202411220809\\db\/plugins/mcufinder/images/
2025-05-10 15:02:15,263 [WARN] DbFile:41 - Overriding database path with different value: C:\Users\Miloush\.stmcufinder\plugins\mcufinder/ => C:\Users\Miloush\.stmcufinder\plugins\mcufinder
2025-05-10 15:02:15,263 [INFO] ApiDb:250 - Set database path to: C:\Users\Miloush\.stmcufinder\plugins\mcufinder//mcu/
2025-05-10 15:02:15,263 [WARN] DbFile:41 - Overriding database path with different value: C:\Users\Miloush\.stmcufinder\plugins\mcufinder/ => C:\Users\Miloush\.stmcufinder\plugins\mcufinder
2025-05-10 15:02:15,263 [INFO] DbMcusAds:125 - Set database path to: C:\Users\Miloush\.stmcufinder\plugins\mcufinder//mcu/
2025-05-10 15:02:15,263 [WARN] DbFile:41 - Overriding database path with different value: C:\Users\Miloush\.stmcufinder\plugins\mcufinder/ => C:\Users\Miloush\.stmcufinder\plugins\mcufinder
2025-05-10 15:02:15,263 [WARN] DbFile:41 - Overriding database path with different value: C:\Users\Miloush\.stmcufinder\plugins\mcufinder/ => C:\Users\Miloush\.stmcufinder\plugins\mcufinder
2025-05-10 15:02:15,263 [INFO] CrossReferenceDbSqlite:203 - Set database path to: C:\Users\Miloush\.stmcufinder\plugins\mcufinder//mcu/cs/
2025-05-10 15:02:15,328 [INFO] MainPanel:272 - HeapMemory: 268435456
2025-05-10 15:02:15,381 [INFO] DbMcusXml:78 - Set database path to: C:\ST\STM32CubeIDE_1.16.1\STM32CubeIDE\plugins\com.st.stm32cube.common.mx_6.13.0.202411220809\\db\/mcu/
2025-05-10 15:02:15,381 [INFO] ApiDb:274 - Set plugin database path to: C:\ST\STM32CubeIDE_1.16.1\STM32CubeIDE\plugins\com.st.stm32cube.common.mx_6.13.0.202411220809\\db\/plugins/boardmanager/
2025-05-10 15:02:15,381 [INFO] ApiDb:261 - Set plugin images path to: C:\ST\STM32CubeIDE_1.16.1\STM32CubeIDE\plugins\com.st.stm32cube.common.mx_6.13.0.202411220809\\db\/plugins/mcufinder/images/
2025-05-10 15:02:15,381 [WARN] DbFile:41 - Overriding database path with different value: C:\Users\Miloush\.stmcufinder\plugins\mcufinder/ => C:\Users\Miloush\.stmcufinder\plugins\mcufinder
2025-05-10 15:02:15,381 [INFO] ApiDb:250 - Set database path to: C:\Users\Miloush\.stmcufinder\plugins\mcufinder//mcu/
2025-05-10 15:02:15,381 [WARN] DbFile:41 - Overriding database path with different value: C:\Users\Miloush\.stmcufinder\plugins\mcufinder/ => C:\Users\Miloush\.stmcufinder\plugins\mcufinder
2025-05-10 15:02:15,381 [INFO] DbMcusAds:125 - Set database path to: C:\Users\Miloush\.stmcufinder\plugins\mcufinder//mcu/
2025-05-10 15:02:15,381 [WARN] DbFile:41 - Overriding database path with different value: C:\Users\Miloush\.stmcufinder\plugins\mcufinder/ => C:\Users\Miloush\.stmcufinder\plugins\mcufinder
2025-05-10 15:02:15,381 [WARN] DbFile:41 - Overriding database path with different value: C:\Users\Miloush\.stmcufinder\plugins\mcufinder/ => C:\Users\Miloush\.stmcufinder\plugins\mcufinder
2025-05-10 15:02:15,382 [INFO] CrossReferenceDbSqlite:203 - Set database path to: C:\Users\Miloush\.stmcufinder\plugins\mcufinder//mcu/cs/
2025-05-10 15:02:15,394 [INFO] ApplicationProperties:184 - Using Application install path: C:\ST\STM32CubeIDE_1.16.1\STM32CubeIDE\plugins\com.st.stm32cube.common.mx_6.13.0.202411220809
2025-05-10 15:02:15,395 [INFO] PluginManage:196 - Search for loadable plugins [exclusion list=, ]
2025-05-10 15:02:15,396 [INFO] PluginManage:310 - Check plugin analytics
2025-05-10 15:02:15,624 [INFO] AnalyticsPlugin:253 - Accepted Software Licenses: 
2025-05-10 15:02:15,624 [INFO] AnalyticsPlugin:255 - Accepted CMSIS Pack Licenses: 
2025-05-10 15:02:15,624 [INFO] AnalyticsPlugin:257 - Accepted Firmware Licenses: FW.G4.1.6.0
2025-05-10 15:02:15,628 [INFO] PluginManage:359 - Loaded plugin analytics (category:tool,tabindex:-1)
2025-05-10 15:02:15,628 [INFO] PluginManage:310 - Check plugin cadmodel
2025-05-10 15:02:15,635 [INFO] CADModel:105 - Init CAD model plugin
2025-05-10 15:02:15,635 [INFO] PluginManage:359 - Loaded plugin cadmodel (category:power,tabindex:5)
2025-05-10 15:02:15,636 [INFO] PluginManage:310 - Check plugin clock
2025-05-10 15:02:15,647 [INFO] PluginManage:359 - Loaded plugin clock (category:base,tabindex:2)
2025-05-10 15:02:15,648 [INFO] PluginManage:310 - Check plugin ddr
2025-05-10 15:02:15,651 [INFO] PluginManage:359 - Loaded plugin ddr (category:tool,tabindex:6)
2025-05-10 15:02:15,651 [INFO] PluginManage:310 - Check plugin filemanager
2025-05-10 15:02:15,765 [INFO] PluginManage:359 - Loaded plugin filemanager (category:base,tabindex:10)
2025-05-10 15:02:15,765 [INFO] PluginManage:310 - Check plugin ipmanager
2025-05-10 15:02:15,770 [INFO] PluginManage:359 - Loaded plugin ipmanager (category:base,tabindex:5)
2025-05-10 15:02:15,770 [INFO] PluginManage:310 - Check plugin lpbam
2025-05-10 15:02:15,776 [INFO] PluginManage:359 - Loaded plugin lpbam (category:base,tabindex:0)
2025-05-10 15:02:15,776 [INFO] PluginManage:310 - Check plugin memorymap
2025-05-10 15:02:15,785 [INFO] PluginManage:359 - Loaded plugin memorymap (category:base,tabindex:4)
2025-05-10 15:02:15,785 [INFO] PluginManage:310 - Check plugin pinoutandconfiguration
2025-05-10 15:02:15,790 [INFO] PluginManage:359 - Loaded plugin pinoutandconfiguration (category:base,tabindex:1)
2025-05-10 15:02:15,790 [INFO] PluginManage:310 - Check plugin pinoutconfig
2025-05-10 15:02:15,853 [WARN] SupportedApi:132 - Cannot load RTOS API schema: s4s-elt-must-match.1: The content of 'definitions' must match (annotation?, (simpleType | complexType)?, (unique | key | keyref)*)). A problem was found starting at: attribute.
2025-05-10 15:02:15,952 [INFO] PluginManage:359 - Loaded plugin pinoutconfig (category:base,tabindex:0)
2025-05-10 15:02:15,953 [INFO] PluginManage:310 - Check plugin power
2025-05-10 15:02:15,958 [INFO] PluginManage:359 - Loaded plugin power (category:power,tabindex:4)
2025-05-10 15:02:15,958 [INFO] PluginManage:310 - Check plugin projectmanager
2025-05-10 15:02:15,970 [INFO] PluginManage:359 - Loaded plugin projectmanager (category:projectmanager,tabindex:4)
2025-05-10 15:02:15,970 [INFO] PluginManage:310 - Check plugin rif
2025-05-10 15:02:15,978 [INFO] PluginManage:359 - Loaded plugin rif (category:base,tabindex:3)
2025-05-10 15:02:15,978 [INFO] PluginManage:310 - Check plugin thirdparty
2025-05-10 15:02:16,090 [WARN] IntegrityCheckThread:84 - waiting for thirdparty lock release [integrity check]
2025-05-10 15:02:16,090 [INFO] IntegrityCheckThread:86 - entering critical section [integrity check]
2025-05-10 15:02:16,090 [INFO] ThirdPartyUpdaterWithRetryManager:70 - Updater plugin not ready yet. [1/15]
2025-05-10 15:02:16,090 [INFO] PluginManage:359 - Loaded plugin thirdparty (category:base,tabindex:-1)
2025-05-10 15:02:16,091 [INFO] PluginManage:310 - Check plugin tools
2025-05-10 15:02:16,094 [INFO] PluginManage:359 - Loaded plugin tools (category:base,tabindex:7)
2025-05-10 15:02:16,094 [INFO] PluginManage:310 - Check plugin tutovideos
2025-05-10 15:02:16,319 [INFO] PluginManage:359 - Loaded plugin tutovideos (category:base,tabindex:-1)
2025-05-10 15:02:16,319 [INFO] PluginManage:310 - Check plugin updater
2025-05-10 15:02:16,342 [INFO] PluginManage:359 - Loaded plugin updater (category:base,tabindex:12)
2025-05-10 15:02:16,342 [INFO] PluginManage:310 - Check plugin userauth
2025-05-10 15:02:16,348 [INFO] UserAuth:118 - Init User Auth plugin
2025-05-10 15:02:16,350 [INFO] PluginManage:359 - Loaded plugin userauth (category:base,tabindex:14)
2025-05-10 15:02:16,351 [INFO] PluginManage:283 - PluginManage : Loaded plugins [18]
2025-05-10 15:02:16,614 [INFO] PinOutPanel:1589 - setPackage(No Configuration,No Configuration)
2025-05-10 15:02:16,695 [INFO] CADModel:165 - CPN selected for project level
2025-05-10 15:02:16,695 [INFO] CADModel:114 - Register for checkConnection events
2025-05-10 15:02:16,708 [INFO] IPUIPlugin:80 - create IPUIPlugin
2025-05-10 15:02:16,709 [INFO] PluginManager:220 - loadIPPluginJar : add adc
2025-05-10 15:02:16,713 [INFO] IPUIPlugin:80 - create IPUIPlugin
2025-05-10 15:02:16,713 [INFO] PluginManager:220 - loadIPPluginJar : add aes
2025-05-10 15:02:16,715 [INFO] IPUIPlugin:80 - create IPUIPlugin
2025-05-10 15:02:16,716 [INFO] PluginManager:220 - loadIPPluginJar : add can
2025-05-10 15:02:16,717 [INFO] IPUIPlugin:80 - create IPUIPlugin
2025-05-10 15:02:16,717 [INFO] PluginManager:220 - loadIPPluginJar : add comp
2025-05-10 15:02:16,719 [INFO] IPUIPlugin:80 - create IPUIPlugin
2025-05-10 15:02:16,719 [INFO] PluginManager:220 - loadIPPluginJar : add cryp
2025-05-10 15:02:16,721 [INFO] IPUIPlugin:80 - create IPUIPlugin
2025-05-10 15:02:16,721 [INFO] PluginManager:220 - loadIPPluginJar : add ddr_ctrl_phy
2025-05-10 15:02:16,723 [INFO] IPUIPlugin:80 - create IPUIPlugin
2025-05-10 15:02:16,723 [INFO] PluginManager:220 - loadIPPluginJar : add dfsdm
2025-05-10 15:02:16,728 [INFO] IPUIPlugin:80 - create IPUIPlugin
2025-05-10 15:02:16,729 [INFO] PluginManager:220 - loadIPPluginJar : add dma
2025-05-10 15:02:16,731 [INFO] IPUIPlugin:80 - create IPUIPlugin
2025-05-10 15:02:16,732 [INFO] PluginManager:220 - loadIPPluginJar : add dma3
2025-05-10 15:02:16,734 [INFO] IPUIPlugin:80 - create IPUIPlugin
2025-05-10 15:02:16,734 [INFO] PluginManager:220 - loadIPPluginJar : add extmemmanager
2025-05-10 15:02:16,735 [INFO] IPUIPlugin:80 - create IPUIPlugin
2025-05-10 15:02:16,735 [INFO] PluginManager:220 - loadIPPluginJar : add fatfs
2025-05-10 15:02:16,740 [INFO] IPUIPlugin:80 - create IPUIPlugin
2025-05-10 15:02:16,740 [INFO] PluginManager:220 - loadIPPluginJar : add fmc
2025-05-10 15:02:16,758 [INFO] IPUIPlugin:80 - create IPUIPlugin
2025-05-10 15:02:16,759 [INFO] PluginManager:220 - loadIPPluginJar : add freertos
2025-05-10 15:02:16,760 [INFO] IPUIPlugin:80 - create IPUIPlugin
2025-05-10 15:02:16,760 [INFO] PluginManager:220 - loadIPPluginJar : add genericplugin
2025-05-10 15:02:16,761 [INFO] IPUIPlugin:80 - create IPUIPlugin
2025-05-10 15:02:16,761 [INFO] PluginManager:220 - loadIPPluginJar : add gfxmmu
2025-05-10 15:02:16,764 [INFO] IPUIPlugin:80 - create IPUIPlugin
2025-05-10 15:02:16,764 [INFO] PluginManager:220 - loadIPPluginJar : add gic
2025-05-10 15:02:16,768 [INFO] IPUIPlugin:80 - create IPUIPlugin
2025-05-10 15:02:16,768 [INFO] PluginManager:220 - loadIPPluginJar : add gpio
2025-05-10 15:02:16,771 [INFO] IPUIPlugin:80 - create IPUIPlugin
2025-05-10 15:02:16,771 [INFO] PluginManager:220 - loadIPPluginJar : add gtzc
2025-05-10 15:02:16,774 [INFO] IPUIPlugin:80 - create IPUIPlugin
2025-05-10 15:02:16,775 [INFO] PluginManager:220 - loadIPPluginJar : add hash
2025-05-10 15:02:16,777 [INFO] IPUIPlugin:80 - create IPUIPlugin
2025-05-10 15:02:16,777 [INFO] PluginManager:220 - loadIPPluginJar : add i2c
2025-05-10 15:02:16,781 [INFO] IPUIPlugin:80 - create IPUIPlugin
2025-05-10 15:02:16,781 [INFO] PluginManager:220 - loadIPPluginJar : add i2s
2025-05-10 15:02:16,785 [INFO] IPUIPlugin:80 - create IPUIPlugin
2025-05-10 15:02:16,785 [INFO] PluginManager:220 - loadIPPluginJar : add i3c
2025-05-10 15:02:16,790 [INFO] IPUIPlugin:80 - create IPUIPlugin
2025-05-10 15:02:16,790 [INFO] PluginManager:220 - loadIPPluginJar : add ipddr
2025-05-10 15:02:16,794 [INFO] IPUIPlugin:80 - create IPUIPlugin
2025-05-10 15:02:16,795 [INFO] PluginManager:220 - loadIPPluginJar : add linkedlist
2025-05-10 15:02:16,797 [INFO] IPUIPlugin:80 - create IPUIPlugin
2025-05-10 15:02:16,798 [INFO] PluginManager:220 - loadIPPluginJar : add lorawan
2025-05-10 15:02:16,799 [INFO] IPUIPlugin:80 - create IPUIPlugin
2025-05-10 15:02:16,799 [INFO] PluginManager:220 - loadIPPluginJar : add ltdc
2025-05-10 15:02:16,803 [INFO] IPUIPlugin:80 - create IPUIPlugin
2025-05-10 15:02:16,804 [INFO] PluginManager:220 - loadIPPluginJar : add mdma
2025-05-10 15:02:16,806 [INFO] IPUIPlugin:80 - create IPUIPlugin
2025-05-10 15:02:16,807 [INFO] PluginManager:220 - loadIPPluginJar : add nvic
2025-05-10 15:02:16,808 [INFO] IPUIPlugin:80 - create IPUIPlugin
2025-05-10 15:02:16,808 [INFO] PluginManager:220 - loadIPPluginJar : add opamp
2025-05-10 15:02:16,810 [INFO] IPUIPlugin:80 - create IPUIPlugin
2025-05-10 15:02:16,810 [INFO] PluginManager:220 - loadIPPluginJar : add openamp
2025-05-10 15:02:16,812 [INFO] IPUIPlugin:80 - create IPUIPlugin
2025-05-10 15:02:16,812 [INFO] PluginManager:220 - loadIPPluginJar : add pdm2pcm
2025-05-10 15:02:16,816 [INFO] IPUIPlugin:80 - create IPUIPlugin
2025-05-10 15:02:16,817 [INFO] PluginManager:220 - loadIPPluginJar : add plateformsettings
2025-05-10 15:02:16,818 [INFO] IPUIPlugin:80 - create IPUIPlugin
2025-05-10 15:02:16,819 [INFO] PluginManager:220 - loadIPPluginJar : add quadspi
2025-05-10 15:02:16,819 [INFO] IPUIPlugin:80 - create IPUIPlugin
2025-05-10 15:02:16,820 [INFO] PluginManager:220 - loadIPPluginJar : add radio
2025-05-10 15:02:16,821 [INFO] IPUIPlugin:80 - create IPUIPlugin
2025-05-10 15:02:16,821 [INFO] PluginManager:220 - loadIPPluginJar : add resmgrutility
2025-05-10 15:02:16,823 [INFO] IPUIPlugin:80 - create IPUIPlugin
2025-05-10 15:02:16,823 [INFO] PluginManager:220 - loadIPPluginJar : add sai
2025-05-10 15:02:16,824 [INFO] IPUIPlugin:80 - create IPUIPlugin
2025-05-10 15:02:16,824 [INFO] PluginManager:220 - loadIPPluginJar : add spi
2025-05-10 15:02:16,827 [INFO] IPUIPlugin:80 - create IPUIPlugin
2025-05-10 15:02:16,827 [INFO] PluginManager:220 - loadIPPluginJar : add stm32_wpan
2025-05-10 15:02:16,827 [INFO] IPUIPlugin:80 - create IPUIPlugin
2025-05-10 15:02:16,827 [INFO] PluginManager:220 - loadIPPluginJar : add tim
2025-05-10 15:02:16,830 [INFO] IPUIPlugin:80 - create IPUIPlugin
2025-05-10 15:02:16,830 [INFO] PluginManager:220 - loadIPPluginJar : add touchsensing
2025-05-10 15:02:16,831 [INFO] IPUIPlugin:80 - create IPUIPlugin
2025-05-10 15:02:16,831 [INFO] PluginManager:220 - loadIPPluginJar : add tracer_emb
2025-05-10 15:02:16,832 [INFO] IPUIPlugin:80 - create IPUIPlugin
2025-05-10 15:02:16,832 [INFO] PluginManager:220 - loadIPPluginJar : add ts
2025-05-10 15:02:16,833 [INFO] IPUIPlugin:80 - create IPUIPlugin
2025-05-10 15:02:16,833 [INFO] PluginManager:220 - loadIPPluginJar : add tsc
2025-05-10 15:02:16,834 [INFO] IPUIPlugin:80 - create IPUIPlugin
2025-05-10 15:02:16,834 [INFO] PluginManager:220 - loadIPPluginJar : add ucpd
2025-05-10 15:02:16,835 [INFO] IPUIPlugin:80 - create IPUIPlugin
2025-05-10 15:02:16,835 [INFO] PluginManager:220 - loadIPPluginJar : add usart
2025-05-10 15:02:16,837 [INFO] IPUIPlugin:80 - create IPUIPlugin
2025-05-10 15:02:16,837 [INFO] PluginManager:220 - loadIPPluginJar : add usbx
2025-05-10 15:02:16,948 [FATAL] Updater:351 - Updater called before beeing initialized
2025-05-10 15:02:16,967 [INFO] RulesReader:64 - Compatibility file has been processed (297 Rules)
2025-05-10 15:02:16,977 [INFO] RulesReader:64 - Compatibility file has been processed (297 Rules)
2025-05-10 15:02:16,984 [INFO] CADModel:165 - CPN selected for project level
2025-05-10 15:02:16,985 [INFO] CADModel:114 - Register for checkConnection events
2025-05-10 15:02:16,985 [FATAL] Updater:351 - Updater called before beeing initialized
2025-05-10 15:02:16,985 [ERROR] CADModel:125 - Updater not yet initialized, retry later 
2025-05-10 15:02:17,149 [FATAL] Updater:351 - Updater called before beeing initialized
2025-05-10 15:02:17,151 [INFO] CADModel:165 - CPN selected for project level
2025-05-10 15:02:17,151 [INFO] CADModel:114 - Register for checkConnection events
2025-05-10 15:02:17,151 [FATAL] Updater:351 - Updater called before beeing initialized
2025-05-10 15:02:17,151 [ERROR] CADModel:125 - Updater not yet initialized, retry later 
2025-05-10 15:02:17,155 [FATAL] Updater:351 - Updater called before beeing initialized
2025-05-10 15:02:17,252 [FATAL] Updater:351 - Updater called before beeing initialized
2025-05-10 15:02:17,258 [INFO] DbMcusAds:53 - JSON generation date=Thu Mar 06 15:54:22 CET 2025 (1741272862078)
2025-05-10 15:02:17,258 [FATAL] Updater:351 - Updater called before beeing initialized
2025-05-10 15:02:17,283 [WARN] DetailPanel:346 - Failed to get advertising image, set to default
2025-05-10 15:02:17,488 [FATAL] Updater:351 - Updater called before beeing initialized
2025-05-10 15:02:17,490 [FATAL] Updater:351 - Updater called before beeing initialized
2025-05-10 15:02:17,490 [FATAL] Updater:351 - Updater called before beeing initialized
2025-05-10 15:02:17,490 [WARN] DetailPanel:346 - Failed to get advertising image, set to default
2025-05-10 15:02:17,492 [FATAL] Updater:351 - Updater called before beeing initialized
2025-05-10 15:02:17,527 [ERROR] Updater:1198 - MainUpdater not yet initialized. External WinMGr cannot be set.
2025-05-10 15:02:17,529 [INFO] Updater:1134 - Updater Version found : 6.13.0
2025-05-10 15:02:17,556 [INFO] ApplicationProperties:184 - Using Application install path: C:\ST\STM32CubeIDE_1.16.1\STM32CubeIDE\plugins\com.st.stm32cube.common.mx_6.13.0.202411220809
2025-05-10 15:02:17,890 [INFO] MainUpdater:2872 - connection check result : 10
2025-05-10 15:02:17,890 [INFO] MainUpdater:289 - Updater Check For Update Now.
2025-05-10 15:02:17,890 [INFO] MicroXplorer:498 - Change Database Version : DB.6.0.130
2025-05-10 15:02:17,894 [INFO] McuFinderGlobals:63 - Set McuFinder mode to 2 (CubeIDE integrated)
2025-05-10 15:02:17,895 [INFO] UserAuth:486 - Internet connection configuration mode: 1
2025-05-10 15:02:17,922 [INFO] JxBrowserEngine:152 - Initiate JxBrowser Engine with user profile folder
2025-05-10 15:02:18,053 [INFO] CheckServerUpdateThread:120 - End of CheckServer Thread
2025-05-10 15:02:18,337 [INFO] WebApp:168 - Instantiating new browser for Auth
2025-05-10 15:02:18,739 [INFO] WebApp:449 - Apply proxy settings
2025-05-10 15:02:18,739 [INFO] WebApp:534 - Chromium requires no authentication
2025-05-10 15:02:18,743 [INFO] WebApp:477 - Direct internet connection detected
2025-05-10 15:02:18,755 [INFO] WebApp:880 - Register for checkConnection events
2025-05-10 15:02:18,755 [INFO] WebApp:449 - Apply proxy settings
2025-05-10 15:02:18,755 [INFO] WebApp:534 - Chromium requires no authentication
2025-05-10 15:02:18,756 [INFO] WebApp:477 - Direct internet connection detected
2025-05-10 15:02:18,847 [INFO] WebApp:221 - Starting web application
2025-05-10 15:02:18,847 [INFO] WebApp:579 - Web application path used C:\ST\STM32CubeIDE_1.16.1\STM32CubeIDE\plugins\com.st.stm32cube.common.mx_6.13.0.202411220809\db\plugins\mcufinder\reactClient1\index.html
2025-05-10 15:02:18,898 [INFO] UserAuth:486 - Internet connection configuration mode: 1
2025-05-10 15:02:18,986 [INFO] WebApp:187 - Connection restablished
2025-05-10 15:02:19,282 [WARN] PackLoader:240 - Cannot read IP mode file for STMicroelectronics.FP-SNS-MOTENVWB1.1.4.0
2025-05-10 15:02:19,289 [WARN] PackLoader:240 - Cannot read IP mode file for STMicroelectronics.FP-ATR-ASTRA1.2.0.2
2025-05-10 15:02:19,292 [WARN] PackLoader:240 - Cannot read IP mode file for STMicroelectronics.FP-ATR-ASTRA1.2.0.1
2025-05-10 15:02:19,298 [WARN] PackLoader:240 - Cannot read IP mode file for STMicroelectronics.X-CUBE-SMBUS.2.1.0
2025-05-10 15:02:19,304 [WARN] PackLoader:240 - Cannot read IP mode file for STMicroelectronics.X-CUBE-WB05N.1.1.0
2025-05-10 15:02:19,332 [WARN] PackLoader:240 - Cannot read IP mode file for STMicroelectronics.X-CUBE-AZRTOS-F7.1.1.0
2025-05-10 15:02:19,384 [WARN] PackLoader:240 - Cannot read IP mode file for STMicroelectronics.X-CUBE-MEMS1.11.0.0
2025-05-10 15:02:19,499 [WARN] PackLoader:240 - Cannot read IP mode file for STMicroelectronics.FP-SNS-FLIGHT1.5.0.2
2025-05-10 15:02:19,505 [WARN] PackLoader:240 - Cannot read IP mode file for STMicroelectronics.X-CUBE-DISPLAY.3.0.0
2025-05-10 15:02:19,516 [WARN] PackLoader:240 - Cannot read IP mode file for STMicroelectronics.X-CUBE-BLE1.7.0.0
2025-05-10 15:02:19,520 [WARN] PackLoader:240 - Cannot read IP mode file for STMicroelectronics.X-CUBE-NFC10.1.0.0
2025-05-10 15:02:19,526 [WARN] PackLoader:240 - Cannot read IP mode file for STMicroelectronics.X-CUBE-BLEMGR.4.0.0
2025-05-10 15:02:19,532 [WARN] PackLoader:240 - Cannot read IP mode file for emotas.I-CUBE-CANOPEN.1.3.0
2025-05-10 15:02:19,536 [WARN] PackLoader:240 - Cannot read IP mode file for STMicroelectronics.X-CUBE-BLEMGR.3.1.0
2025-05-10 15:02:19,540 [WARN] PackLoader:240 - Cannot read IP mode file for STMicroelectronics.X-CUBE-AI.10.0.0
2025-05-10 15:02:19,542 [WARN] PackLoader:240 - Cannot read IP mode file for STMicroelectronics.FP-SNS-SMARTAG2.1.2.0
2025-05-10 15:02:19,544 [WARN] PackLoader:240 - Cannot read IP mode file for STMicroelectronics.FP-SNS-FLIGHT1.5.1.0
2025-05-10 15:02:19,566 [WARN] PackLoader:240 - Cannot read IP mode file for STMicroelectronics.X-CUBE-MEMS1.11.1.0
2025-05-10 15:02:19,671 [INFO] LogOutputStream:77 - [STDOUT_REDIRECT] 1 : Invalid condition id : UX_CORESTACK_Condition cause : null
2025-05-10 15:02:19,672 [INFO] LogOutputStream:77 - [STDOUT_REDIRECT] 1 : Invalid condition id : UX_CORESTACK_Condition cause : null
2025-05-10 15:02:19,673 [INFO] LogOutputStream:77 - [STDOUT_REDIRECT] 1 : Invalid condition id : UX_CORESTACK_Condition cause : null
2025-05-10 15:02:19,675 [INFO] LogOutputStream:77 - [STDOUT_REDIRECT] 1 : Invalid condition id : UX_CORESTACK_Condition cause : null
2025-05-10 15:02:19,677 [INFO] LogOutputStream:77 - [STDOUT_REDIRECT] 1 : Invalid condition id : UX_CORESTACK_Condition cause : null
2025-05-10 15:02:19,679 [WARN] PackLoader:240 - Cannot read IP mode file for STMicroelectronics.X-CUBE-AZRTOS-WL.2.0.0
2025-05-10 15:02:19,685 [WARN] PackLoader:240 - Cannot read IP mode file for STMicroelectronics.FP-SNS-MOTENV1.5.0.0
2025-05-10 15:02:19,690 [WARN] PackLoader:240 - Cannot read IP mode file for wolfSSL.I-CUBE-wolfMQTT.1.19.0
2025-05-10 15:02:19,699 [WARN] PackLoader:240 - Cannot read IP mode file for WES.I-CUBE-Cesium.1.3.0
2025-05-10 15:02:19,703 [WARN] PackLoader:240 - Cannot read IP mode file for STMicroelectronics.X-CUBE-BLE2.3.3.0
2025-05-10 15:02:19,730 [WARN] PackLoader:240 - Cannot read IP mode file for STMicroelectronics.X-CUBE-NFC9.1.0.0
2025-05-10 15:02:19,735 [WARN] PackLoader:240 - Cannot read IP mode file for STMicroelectronics.X-CUBE-BLE1.7.1.0
2025-05-10 15:02:19,741 [WARN] PackLoader:240 - Cannot read IP mode file for STMicroelectronics.X-CUBE-TCPP.4.1.0
2025-05-10 15:02:19,774 [WARN] PackLoader:240 - Cannot read IP mode file for STMicroelectronics.X-CUBE-MEMS1.11.2.0
2025-05-10 15:02:19,882 [WARN] PackLoader:240 - Cannot read IP mode file for STMicroelectronics.X-CUBE-AZRTOS-G0.1.1.0
2025-05-10 15:02:19,888 [WARN] PackLoader:240 - Cannot read IP mode file for STMicroelectronics.X-CUBE-SAFEA1.1.2.2
2025-05-10 15:02:19,893 [WARN] PackLoader:240 - Cannot read IP mode file for STMicroelectronics.X-CUBE-NFC4.3.0.0
2025-05-10 15:02:19,899 [WARN] PackLoader:240 - Cannot read IP mode file for EmbeddedOffice.I-CUBE-FS-RTOS.1.0.1
2025-05-10 15:02:19,902 [WARN] PackLoader:240 - Cannot read IP mode file for STMicroelectronics.X-CUBE-WB05N.2.0.0
2025-05-10 15:02:19,906 [WARN] PackLoader:240 - Cannot read IP mode file for STMicroelectronics.X-CUBE-TCPP.4.2.0
2025-05-10 15:02:19,910 [WARN] PackLoader:240 - Cannot read IP mode file for RealThread.X-CUBE-RT-Thread_Nano.4.1.1
2025-05-10 15:02:19,914 [WARN] PackLoader:240 - Cannot read IP mode file for STMicroelectronics.FP-ATR-SIGFOX1.3.2.0
2025-05-10 15:02:19,917 [WARN] PackLoader:240 - Cannot read IP mode file for wolfSSL.I-CUBE-wolfSSL.5.7.2
2025-05-10 15:02:19,921 [WARN] ConditionMgr:438 - getConditionDescription Invalid condition id : Cortex-A Device cause : null
2025-05-10 15:02:19,936 [WARN] ConditionMgr:1044 - genDependencies : Invalid condition id : Cortex-A Device cause : null
2025-05-10 15:02:19,936 [WARN] ConditionMgr:1044 - genDependencies : Invalid condition id : Cortex-A Device cause : null
2025-05-10 15:02:19,936 [WARN] ConditionMgr:1044 - genDependencies : Invalid condition id : Cortex-A Device cause : null
2025-05-10 15:02:19,940 [WARN] PackLoader:240 - Cannot read IP mode file for STMicroelectronics.X-CUBE-EEPRMA1.5.1.0
2025-05-10 15:02:19,945 [WARN] PackLoader:240 - Cannot read IP mode file for ITTIA_DB.I-CUBE-ITTIADB.8.9.0
2025-05-10 15:02:19,963 [WARN] PackLoader:240 - Cannot read IP mode file for SEGGER.I-CUBE-embOS.1.3.1
2025-05-10 15:02:19,993 [WARN] PackLoader:240 - Cannot read IP mode file for STMicroelectronics.X-CUBE-ALGOBUILD.1.4.0
2025-05-10 15:02:19,995 [WARN] PackLoader:240 - Cannot read IP mode file for STMicroelectronics.X-CUBE-AI.9.1.0
2025-05-10 15:02:20,010 [WARN] PackLoader:240 - Cannot read IP mode file for STMicroelectronics.X-CUBE-AZRTOS-F4.1.1.0
2025-05-10 15:02:20,015 [WARN] PackLoader:240 - Cannot read IP mode file for Avnet-IotConnect.X-CUBE-IoTC-DA16k-PMOD.1.0.0
2025-05-10 15:02:20,018 [WARN] PackLoader:240 - Cannot read IP mode file for STMicroelectronics.X-CUBE-ISPU.2.1.0
2025-05-10 15:02:20,022 [WARN] PackLoader:240 - Cannot read IP mode file for STMicroelectronics.X-CUBE-FREERTOS.1.2.0
2025-05-10 15:02:20,034 [WARN] PackLoader:240 - Cannot read IP mode file for STMicroelectronics.X-CUBE-AZRTOS-L5.2.0.0
2025-05-10 15:02:20,041 [WARN] PackLoader:240 - Cannot read IP mode file for STMicroelectronics.X-CUBE-NFC6.3.1.0
2025-05-10 15:02:20,046 [WARN] PackLoader:240 - Cannot read IP mode file for STMicroelectronics.X-CUBE-DPower.1.2.0
2025-05-10 15:02:20,049 [WARN] PackLoader:240 - Cannot read IP mode file for STMicroelectronics.X-CUBE-FREERTOS.1.3.1
2025-05-10 15:02:20,052 [WARN] PackLoader:240 - Cannot read IP mode file for STMicroelectronics.X-CUBE-FREERTOS.1.3.0
2025-05-10 15:02:20,055 [WARN] PackLoader:240 - Cannot read IP mode file for STMicroelectronics.X-CUBE-NFC7.1.0.1
2025-05-10 15:02:20,057 [WARN] PackLoader:240 - Cannot read IP mode file for STMicroelectronics.X-CUBE-DPower.1.3.0
2025-05-10 15:02:20,068 [WARN] ConditionMgr:438 - getConditionDescription Invalid condition id : LAN8742 Phy interface Condition cause : null
2025-05-10 15:02:20,068 [WARN] PackLoader:240 - Cannot read IP mode file for STMicroelectronics.X-CUBE-AZRTOS-L4.2.0.0
2025-05-10 15:02:20,069 [WARN] ConditionMgr:1044 - genDependencies : Invalid condition id : LAN8742 Phy interface Condition cause : null
2025-05-10 15:02:20,069 [WARN] ConditionMgr:1044 - genDependencies : Invalid condition id : LAN8742 Phy interface Condition cause : null
2025-05-10 15:02:20,070 [WARN] ConditionMgr:1044 - genDependencies : Invalid condition id : LAN8742 Phy interface Condition cause : null
2025-05-10 15:02:20,076 [WARN] PackLoader:240 - Cannot read IP mode file for STMicroelectronics.X-CUBE-SFXS2LP1.4.0.0
2025-05-10 15:02:20,090 [WARN] PackLoader:240 - Cannot read IP mode file for STMicroelectronics.X-CUBE-AZRTOS-H7.3.3.0
2025-05-10 15:02:20,101 [WARN] PackLoader:240 - Cannot read IP mode file for STMicroelectronics.X-CUBE-IPS.3.0.0
2025-05-10 15:02:20,115 [WARN] ConditionMgr:438 - getConditionDescription Invalid condition id : UX DEVICE CLASS RTOS Condition cause : null
2025-05-10 15:02:20,115 [WARN] ConditionMgr:438 - getConditionDescription Invalid condition id : UX DEVICE CLASS RTOS Condition cause : null
2025-05-10 15:02:20,116 [WARN] PackLoader:240 - Cannot read IP mode file for STMicroelectronics.X-CUBE-AZRTOS-WB.2.0.0
2025-05-10 15:02:20,117 [WARN] ConditionMgr:1044 - genDependencies : Invalid condition id : UX DEVICE CLASS RTOS Condition cause : null
2025-05-10 15:02:20,117 [WARN] ConditionMgr:1044 - genDependencies : Invalid condition id : UX DEVICE CLASS RTOS Condition cause : null
2025-05-10 15:02:20,117 [WARN] ConditionMgr:1044 - genDependencies : Invalid condition id : UX DEVICE CLASS RTOS Condition cause : null
2025-05-10 15:02:20,117 [WARN] ConditionMgr:1044 - genDependencies : Invalid condition id : UX DEVICE CLASS RTOS Condition cause : null
2025-05-10 15:02:20,117 [WARN] ConditionMgr:1044 - genDependencies : Invalid condition id : UX DEVICE CLASS RTOS Condition cause : null
2025-05-10 15:02:20,123 [WARN] PackLoader:240 - Cannot read IP mode file for STMicroelectronics.X-CUBE-GNSS1.7.0.0
2025-05-10 15:02:20,127 [WARN] PackLoader:240 - Cannot read IP mode file for STMicroelectronics.X-CUBE-GNSS1.7.0.1
2025-05-10 15:02:20,133 [WARN] PackLoader:240 - Cannot read IP mode file for STMicroelectronics.X-CUBE-TOUCHGFX.4.25.0
2025-05-10 15:02:20,138 [WARN] PackLoader:240 - Cannot read IP mode file for STMicroelectronics.FP-SNS-STBOX1.2.0.0
2025-05-10 15:02:20,149 [WARN] PackLoader:240 - Cannot read IP mode file for STMicroelectronics.X-CUBE-SUBG2.5.0.0
2025-05-10 15:02:20,166 [WARN] PackLoader:240 - Cannot read IP mode file for STMicroelectronics.X-CUBE-AZRTOS-H7RS.1.1.0
2025-05-10 15:02:20,177 [WARN] PackLoader:240 - Cannot read IP mode file for Cesanta.I-CUBE-Mongoose.7.13.0
2025-05-10 15:02:20,186 [WARN] PackLoader:240 - Cannot read IP mode file for STMicroelectronics.X-CUBE-AZRTOS-G4.2.0.0
2025-05-10 15:02:20,190 [WARN] PackLoader:240 - Cannot read IP mode file for STMicroelectronics.X-CUBE-NFC7.2.0.0
2025-05-10 15:02:20,199 [WARN] PackLoader:240 - Cannot read IP mode file for STMicroelectronics.X-CUBE-IPS.3.1.0
2025-05-10 15:02:20,207 [WARN] PackLoader:240 - Cannot read IP mode file for STMicroelectronics.X-CUBE-ALS.1.0.2
2025-05-10 15:02:20,209 [WARN] PackLoader:240 - Cannot read IP mode file for STMicroelectronics.X-CUBE-TOUCHGFX.4.24.2
2025-05-10 15:02:20,212 [WARN] PackLoader:240 - Cannot read IP mode file for STMicroelectronics.X-CUBE-TOUCHGFX.4.24.1
2025-05-10 15:02:20,215 [WARN] PackLoader:240 - Cannot read IP mode file for wolfSSL.I-CUBE-wolfTPM.3.4.0
2025-05-10 15:02:20,219 [WARN] PackLoader:240 - Cannot read IP mode file for portGmbH.I-Cube-SoM-uGOAL.1.1.0
2025-05-10 15:02:20,247 [WARN] PackLoader:240 - Cannot read IP mode file for STMicroelectronics.X-CUBE-AZRTOS-H7RS.1.0.0
2025-05-10 15:02:20,251 [WARN] PackLoader:240 - Cannot read IP mode file for STMicroelectronics.FP-ATR-ASTRA1.2.0.0
2025-05-10 15:02:20,258 [WARN] PackLoader:240 - Cannot read IP mode file for STMicroelectronics.X-CUBE-TOF1.3.4.2
2025-05-10 15:02:20,270 [WARN] PackLoader:240 - Cannot read IP mode file for STMicroelectronics.X-CUBE-TOF1.3.4.3
2025-05-10 15:02:20,286 [WARN] PackLoader:240 - Cannot read IP mode file for Infineon.AIROC-Wi-Fi-Bluetooth-STM32.1.6.1
2025-05-10 15:02:20,291 [WARN] PackLoader:240 - Cannot read IP mode file for wolfSSL.I-CUBE-wolfSSH.1.4.17
2025-05-10 15:02:20,291 [INFO] ThirdParty:978 - Integrity check success = true
2025-05-10 15:02:20,291 [INFO] IntegrityCheckThread:100 - exiting critical section [integrity check]
2025-05-10 15:02:20,292 [INFO] IntegrityCheckThread:103 - End integrity checks thread
2025-05-10 15:12:44,637 [INFO] McuFinderGlobals:63 - Set McuFinder mode to 2 (CubeIDE integrated)
2025-05-10 15:12:44,641 [INFO] MainUpdater:2872 - connection check result : 10
2025-05-10 15:12:44,641 [INFO] MainUpdater:2872 - connection check result : 10
2025-05-10 15:12:44,666 [INFO] MicroXplorer:468 - Change Database Path : 
2025-05-10 15:12:44,667 [INFO] MicroXplorer:498 - Change Database Version : DB.6.0.130
2025-05-10 15:12:44,671 [WARN] ThirdParty:871 - waiting for thirdparty lock release [close project]
2025-05-10 15:12:44,671 [INFO] ThirdParty:873 - entering critical section [close project]
2025-05-10 15:12:44,673 [INFO] ThirdParty:883 - exiting critical section [close project]
2025-05-10 15:12:44,676 [INFO] PinOutPanel:1589 - setPackage(No Configuration,No Configuration)
2025-05-10 15:12:44,683 [INFO] UtilMem:75 - Begin LoadConfig() Used Memory: 700986736 Bytes (1073741824)
2025-05-10 15:12:44,685 [INFO] MicroXplorer:468 - Change Database Path : 
2025-05-10 15:12:44,685 [INFO] MicroXplorer:498 - Change Database Version : DB.6.0.130
2025-05-10 15:12:44,685 [INFO] OpenFileManager:332 - Change cursor
2025-05-10 15:12:44,739 [INFO] Mcu:2035 - Initializing MCU STM32G431R(6-8-B)Tx STM32G431RBTx STM32G431RBT6
2025-05-10 15:12:47,269 [INFO] Context:748 - Trying to add GPIOservice into a context  which must be forbidden
2025-05-10 15:12:47,818 [INFO] ApiDbMcu:508 - Load IP Config File for NUCLEO-G431RB
2025-05-10 15:12:48,026 [INFO] RtosManager:555 - Registered RTOS mode: class=CMSIS, group=RTOS, mode=CMSIS_V1, owner=FREERTOS
2025-05-10 15:12:48,026 [INFO] RtosManager:555 - Registered RTOS mode: class=CMSIS, group=RTOS2, mode=CMSIS_V2, owner=FREERTOS
2025-05-10 15:12:48,026 [INFO] RtosManager:555 - Registered RTOS mode: class=RTOS, group=Core, mode=CMSIS_V1, owner=FREERTOS
2025-05-10 15:12:48,026 [INFO] RtosManager:555 - Registered RTOS mode: class=RTOS, group=Core, mode=CMSIS_V2, owner=FREERTOS
2025-05-10 15:12:48,026 [WARN] ModelIntegratedComponent:184 - Missing modes for component STMicroelectronics:FreeRTOS:0.0.1:STMicroelectronics:RTOS:FreeRTOS:Core:::10.2.0:
2025-05-10 15:12:48,032 [WARN] ModelIntegratedComponent:63 - No mode defined for component null
2025-05-10 15:12:48,032 [WARN] ModelIntegratedComponent:63 - No mode defined for component null
2025-05-10 15:12:48,032 [WARN] ModelIntegratedComponent:63 - No mode defined for component null
2025-05-10 15:12:48,032 [WARN] ModelIntegratedComponent:63 - No mode defined for component null
2025-05-10 15:12:48,032 [WARN] ModelIntegratedComponent:63 - No mode defined for component null
2025-05-10 15:12:48,032 [WARN] ModelIntegratedComponent:63 - No mode defined for component null
2025-05-10 15:12:48,033 [WARN] ModelIntegratedComponent:63 - No mode defined for component null
2025-05-10 15:12:48,033 [WARN] ModelIntegratedComponent:63 - No mode defined for component null
2025-05-10 15:12:48,033 [WARN] ModelIntegratedComponent:63 - No mode defined for component null
2025-05-10 15:12:48,033 [WARN] ModelIntegratedComponent:63 - No mode defined for component null
2025-05-10 15:12:48,033 [WARN] ModelIntegratedComponent:63 - No mode defined for component null
2025-05-10 15:12:48,033 [WARN] ModelIntegratedComponent:63 - No mode defined for component null
2025-05-10 15:12:48,033 [WARN] ModelIntegratedComponent:63 - No mode defined for component null
2025-05-10 15:12:48,033 [WARN] ModelIntegratedComponent:63 - No mode defined for component null
2025-05-10 15:12:48,033 [WARN] ModelIntegratedComponent:63 - No mode defined for component null
2025-05-10 15:12:48,033 [WARN] ModelIntegratedComponent:63 - No mode defined for component null
2025-05-10 15:12:48,033 [WARN] ModelIntegratedComponent:63 - No mode defined for component null
2025-05-10 15:12:48,033 [WARN] ModelIntegratedComponent:63 - No mode defined for component null
2025-05-10 15:12:48,033 [WARN] ModelIntegratedComponent:63 - No mode defined for component null
2025-05-10 15:12:48,033 [WARN] ModelIntegratedComponent:63 - No mode defined for component null
2025-05-10 15:12:48,033 [WARN] ModelIntegratedComponent:63 - No mode defined for component null
2025-05-10 15:12:48,033 [WARN] ModelIntegratedComponent:63 - No mode defined for component null
2025-05-10 15:12:48,033 [WARN] ModelIntegratedComponent:63 - No mode defined for component null
2025-05-10 15:12:48,033 [WARN] ModelIntegratedComponent:63 - No mode defined for component null
2025-05-10 15:12:48,033 [WARN] ModelIntegratedComponent:63 - No mode defined for component null
2025-05-10 15:12:48,033 [WARN] ModelIntegratedComponent:63 - No mode defined for component null
2025-05-10 15:12:48,033 [WARN] ModelIntegratedComponent:63 - No mode defined for component null
2025-05-10 15:12:48,033 [WARN] ModelIntegratedComponent:63 - No mode defined for component null
2025-05-10 15:12:48,035 [WARN] ModelIntegratedComponent:63 - No mode defined for component null
2025-05-10 15:12:48,035 [WARN] ModelIntegratedComponent:63 - No mode defined for component null
2025-05-10 15:12:48,035 [WARN] ModelIntegratedComponent:63 - No mode defined for component null
2025-05-10 15:12:48,035 [WARN] ModelIntegratedComponent:63 - No mode defined for component null
2025-05-10 15:12:48,035 [WARN] ModelIntegratedComponent:63 - No mode defined for component null
2025-05-10 15:12:48,035 [WARN] ModelIntegratedComponent:63 - No mode defined for component null
2025-05-10 15:12:48,035 [WARN] ModelIntegratedComponent:63 - No mode defined for component null
2025-05-10 15:12:48,035 [WARN] ModelPack:524 - Component already loaded: STMicroelectronics:HAL Drivers:0.0.0:STMicroelectronics:Device:STMicro_Driver:XSPI:HAL::0.0.1:HAL_XSPI
2025-05-10 15:12:48,167 [INFO] ThirdPartyModel:298 - Start build external matchings
2025-05-10 15:12:48,839 [INFO] ThirdPartyModel:316 - End build external matchings
2025-05-10 15:12:48,862 [INFO] ImportTextPane:218 - (OptionalMessage_ERROR) IP (ADC1) : Parameter (CommonPathInternal) has invalid value (null|null|null|null)
2025-05-10 15:12:48,863 [INFO] ImportTextPane:218 - (OptionalMessage_ERROR) IP (RCC) : Invalid parameter (FamilyName)
2025-05-10 15:12:48,863 [INFO] ImportTextPane:218 - (OptionalMessage_ERROR) IP (RCC) : Parameter (RNGFreq_Value) has invalid value (170000000)
2025-05-10 15:12:48,863 [INFO] ImportTextPane:218 - (OptionalMessage_ERROR) IP (RCC) : Parameter (USBFreq_Value) has invalid value (170000000)
2025-05-10 15:12:49,261 [INFO] ApiDb:581 - Connected to CubeFinder SQLite database (C:\Users\Miloush\.stmcufinder\plugins\mcufinder\mcu\cube-finder-db.db)
2025-05-10 15:12:49,313 [INFO] ApiDb:668 - CubeFinder database Data Model version=2.1
2025-05-10 15:12:49,313 [INFO] ApiDb:669 - CubeFinder database Configuration version=3.0.39
2025-05-10 15:12:49,314 [INFO] ApiDb:670 - CubeFinder database generation date=2025-04-23 (1745419778)
2025-05-10 15:12:49,314 [INFO] ApiDb:671 - CubeFinder database FW Pack versions=[FP-ATR-ASTRA1_V2.0.0, FP-SNS-FLIGHT1_V5.1.0, FP-SNS-MOTENV1_V5.0.0, FP-SNS-MOTENVWB1_V1.4.0, FP-SNS-SMARTAG2_V1.2.0, FP-SNS-STBOX1_V2.0.0, STM32Cube_FW_C0_V1.4.0, STM32Cube_FW_F4_V1.28.1, STM32Cube_FW_F7_V1.17.2, STM32Cube_FW_G0_V1.6.2, STM32Cube_FW_G4_V1.6.1, STM32Cube_FW_H5_V1.5.0, STM32Cube_FW_H7RS_V1.2.0, STM32Cube_FW_H7_V1.12.1, STM32Cube_FW_L0_V1.12.2, STM32Cube_FW_L4_V1.18.1, STM32Cube_FW_L5_V1.5.1, STM32Cube_FW_N6_V1.1.1, STM32Cube_FW_U0_V1.2.0, STM32Cube_FW_U3_V1.1.0, STM32Cube_FW_U5_V1.7.0, STM32Cube_FW_WB0_V1.2.0, STM32Cube_FW_WBA_V1.6.0, STM32Cube_FW_WB_V1.22.0, STM32Cube_FW_WL3_V1.1.0, STM32Cube_FW_WL_V1.3.1, X-CUBE-ALGOBUILD_V1.4.0, X-CUBE-ALS_V1.0.2, X-CUBE-AZRTOS-F4_V1.1.0, X-CUBE-AZRTOS-F7_V1.1.0, X-CUBE-AZRTOS-G0_V1.1.0, X-CUBE-AZRTOS-G4_V2.0.0, X-CUBE-AZRTOS-H7RS_V1.1.0, X-CUBE-AZRTOS-H7_V3.3.0, X-CUBE-AZRTOS-L4_V2.0.0, X-CUBE-AZRTOS-L5_V2.0.0, X-CUBE-AZRTOS-WB_V2.0.0, X-CUBE-AZRTOS-WL_V2.0.0, X-CUBE-BLE1_V7.1.0, X-CUBE-BLE2_V3.3.0, X-CUBE-BLEMGR_V4.0.0, X-CUBE-EEPRMA1_V5.1.0, X-CUBE-FREERTOS_V1.3.0, X-CUBE-GNSS1_V6.0.0, X-CUBE-MEMS1_V11.2.0, X-CUBE-NFC4_V3.0.0, X-CUBE-NFC7_V1.0.1, X-CUBE-SFXS2LP1_V4.0.0, X-CUBE-SUBG2_V5.0.0, X-CUBE-TOF1_V3.4.3]
2025-05-10 15:12:49,357 [INFO] DbBoardsSqlite:226 - include board P-NUCLEO-WB55-NUCLEO as a kit item of type 'Nucleo-64'
2025-05-10 15:12:49,357 [INFO] DbBoardsSqlite:226 - include board P-NUCLEO-WB55-USBDONGLE as a kit item of type 'Nucleo USB Dongle'
2025-05-10 15:12:49,357 [INFO] DbBoardsSqlite:226 - include board STEVAL-IDP005V1 as a kit item of type 'Evaluation Board'
2025-05-10 15:12:49,358 [INFO] DbBoardsSqlite:226 - include board STEVAL-IDP005V2 as a kit item of type 'Evaluation Board'
2025-05-10 15:12:49,405 [INFO] ApiDb:240 - Found 858 in-development CPN: [B-G473E-ZEST1S, B-WB1M-WPAN1, B-WBA5M-WPAN, B-WL5M-SUBG1, NUCLEO-C031C6, NUCLEO-C051C8, NUCLEO-C071RB, NUCLEO-C092RC, NUCLEO-H503RB, NUCLEO-H533RE, NUCLEO-H563ZI, NUCLEO-H7S3L8, NUCLEO-N657X0-Q, NUCLEO-U031R8, NUCLEO-U083RC, NUCLEO-U385RG-Q, NUCLEO-U545RE-Q, NUCLEO-U5A5ZJ-Q, NUCLEO-WB05KZ, NUCLEO-WB07CC, NUCLEO-WB09KE, NUCLEO-WBA52CG, NUCLEO-WBA55CG, NUCLEO-WL33CC1, NUCLEO-WL33CC2, STEVAL-PROTEUS1, STEVAL-SMARTAG2, STEVAL-STWINBX1, STM320518-EVAL, STM32C0116-DK, STM32C011D6Y3TR, STM32C011D6Y6TR, STM32C011F4P3, STM32C011F4P6, STM32C011F4U3, STM32C011F4U6TR, STM32C011F6P3, STM32C011F6P6, STM32C011F6U3, STM32C011F6U6TR, STM32C011J4M3, STM32C011J4M6, STM32C011J6M3, STM32C011J6M6, STM32C0316-DK, STM32C031C4T3, STM32C031C4T6, STM32C031C4U3, STM32C031C4U6, STM32C031C6T3, STM32C031C6T6, STM32C031C6U3, STM32C031C6U6, STM32C031F4P3, STM32C031F4P6, STM32C031F6P3, STM32C031F6P6, STM32C031G4U3, STM32C031G4U6, STM32C031G6U3, STM32C031G6U6, STM32C031K4T3, STM32C031K4T6, STM32C031K4U3, STM32C031K4U6, STM32C031K6T3, STM32C031K6T6, STM32C031K6U3, STM32C031K6U6, STM32C051C6T6, STM32C051C6U6, STM32C051C8T6, STM32C051C8U6, STM32C051D8Y6TR, STM32C051F6P6, STM32C051F8P6, STM32C051G6U6, STM32C051G8U6, STM32C051K6T6, STM32C051K6U6, STM32C051K8T6, STM32C071C8T6, STM32C071C8T6N, STM32C071C8U6, STM32C071C8U6N, STM32C071CBT6, STM32C071CBT6N, STM32C071CBU6, STM32C071CBU6N, STM32C071F8P6, STM32C071F8P6N, STM32C071FBP6, STM32C071FBP6N, STM32C071FBY6TR, STM32C071G8U6, STM32C071G8U6N, STM32C071GBU6, STM32C071GBU6N, STM32C071K8T6, STM32C071K8T6N, STM32C071K8U6, STM32C071K8U6N, STM32C071KBT6, STM32C071KBT6N, STM32C071KBU6, STM32C071KBU6N, STM32C071R8T6, STM32C071R8T6N, STM32C071RBI6N, STM32C071RBT6, STM32C071RBT6N, STM32C091CBT6, STM32C091CBU6, STM32C091CCT6, STM32C091CCU6, STM32C091ECY6TR, STM32C091FBP6, STM32C091FCP6, STM32C091GBU6, STM32C091GCU6, STM32C091KBT6, STM32C091KBU6, STM32C091KCT6, STM32C091KCU6, STM32C091RBT6, STM32C091RCI6, STM32C091RCT6, STM32C092CBT6, STM32C092CBU6, STM32C092CCT6, STM32C092CCU6, STM32C092ECY6TR, STM32C092FBP6, STM32C092FCP6, STM32C092GBU6, STM32C092GCU6, STM32C092KBT6, STM32C092KBU6, STM32C092KCT6, STM32C092KCU6, STM32C092RBT6, STM32C092RCI6, STM32C092RCT6, STM32G071K8TXN, STM32G071K8UXN, STM32G081GBU6N, STM32G081KBT6N, STM32G081KBUXN, STM32G0B1CCT6N, STM32G0B1KCT6, STM32G0B1NEY6TR, STM32G0B1RCT6N, STM32G0C1CCT6, STM32G0C1CCT6N, STM32G0C1CCU6N, STM32G0C1CET6N, STM32G0C1CEU6N, STM32G0C1KCT6, STM32G0C1NEY6TR, STM32G0C1RCI6N, STM32G0C1RCT6N, STM32G0C1REI6N, STM32G0C1RET6N, STM32G0C1VCI6, STM32G0C1VEI6, STM32G411C6T3, STM32G411C6T6, STM32G411C6U3, STM32G411C6U6, STM32G411C8T3, STM32G411C8T6, STM32G411C8U3, STM32G411C8U6, STM32G411CBT3, STM32G411CBT6, STM32G411CBU3, STM32G411CBU6, STM32G411CCT3, STM32G411CCT6, STM32G411CCU3, STM32G411CCU6, STM32G411K6T3, STM32G411K6T6, STM32G411K6U3, STM32G411K6U6, STM32G411K8T3, STM32G411K8T6, STM32G411K8U3, STM32G411K8U6, STM32G411KBT3, STM32G411KBT6, STM32G411KBU3, STM32G411KBU6, STM32G411M6T3, STM32G411M6T6, STM32G411M8T3, STM32G411M8T6, STM32G411MBT3, STM32G411MBT6, STM32G411MCT3, STM32G411MCT6, STM32G411R6T3, STM32G411R6T6, STM32G411R8T3, STM32G411R8T6, STM32G411RBT3, STM32G411RBT6, STM32G411RCT3, STM32G411RCT6, STM32G414CBT3, STM32G414CBT6, STM32G414CBU3, STM32G414CBU6, STM32G414CCT3, STM32G414CCT6, STM32G414CCU3, STM32G414CCU6, STM32G414MBT3, STM32G414MBT6, STM32G414MCT3, STM32G414MCT6, STM32G414RBT3, STM32G414RBT6, STM32G414RCT3, STM32G414RCT6, STM32G414VBT3, STM32G414VBT6, STM32G414VCT3, STM32G414VCT6, STM32G431CBT3Z, STM32G431RBT3Z, STM32G471CCT6, STM32G471CCU6, STM32G471CET3, STM32G471CET6, STM32G471CEU3, STM32G471CEU6, STM32G471MCT6, STM32G471MET3, STM32G471MET6, STM32G471MEY6TR, STM32G471QCT6, STM32G471QET3, STM32G471RCT6, STM32G471RET3, STM32G471RET6, STM32G471VCH6, STM32G471VCI6, STM32G471VCT6, STM32G471VEH3, STM32G471VEH6, STM32G471VEI3, STM32G471VEI6, STM32G471VET3, STM32G471VET6, STM32G473QET3Z, STM32G473RET3Z, STM32G474CCT6, STM32G491RET3Z, STM32H503CBT6, STM32H503CBU6, STM32H503EBY6TR, STM32H503KBU6, STM32H503RBT6, STM32H523CCT6, STM32H523CCU6, STM32H523CET6, STM32H523CEU6, STM32H523HEY6TR, STM32H523RCT6, STM32H523RET6, STM32H523VCI6, STM32H523VCT6, STM32H523VEI6, STM32H523VET6, STM32H523ZCJ6, STM32H523ZCT6, STM32H523ZEJ6, STM32H523ZET6, STM32H533CET6, STM32H533CEU6, STM32H533HEY6TR, STM32H533RET6, STM32H533VEI6, STM32H533VET6, STM32H533ZEJ6, STM32H533ZET6, STM32H562AGI6, STM32H562AII6, STM32H562IGK6, STM32H562IGT6, STM32H562IIK6, STM32H562IIT6, STM32H562RGT6, STM32H562RGV6, STM32H562RIT6, STM32H562RIV6, STM32H562VGT6, STM32H562VIT6, STM32H562ZGT6, STM32H562ZIT6, STM32H563AGI6, STM32H563AII3Q, STM32H563AII6, STM32H563IGK6, STM32H563IGT6, STM32H563IIK3Q, STM32H563IIK6, STM32H563IIT3Q, STM32H563IIT6, STM32H563MIY3QTR, STM32H563RGT6, STM32H563RGV6, STM32H563RIT6, STM32H563RIV6, STM32H563VGT6, STM32H563VIT3Q, STM32H563VIT6, STM32H563ZGT6, STM32H563ZIT3Q, STM32H563ZIT6, STM32H573AII3Q, STM32H573AII6, STM32H573I-DK, STM32H573IIK3Q, STM32H573IIK6, STM32H573IIT3Q, STM32H573IIT6, STM32H573MIY3QTR, STM32H573RIT6, STM32H573RIV6, STM32H573VIT3Q, STM32H573VIT6, STM32H573ZIT3Q, STM32H573ZIT6, STM32H7R3A8I6, STM32H7R3I8K6, STM32H7R3I8T6, STM32H7R3L8H6, STM32H7R3L8H6H, STM32H7R3R8V6, STM32H7R3V8H6, STM32H7R3V8T6, STM32H7R3V8Y6TR, STM32H7R3Z8J6, STM32H7R3Z8T6, STM32H7R7A8I6, STM32H7R7I8K6, STM32H7R7I8T6, STM32H7R7L8H6, STM32H7R7L8H6H, STM32H7R7Z8J6, STM32H7S3A8I6, STM32H7S3I8K6, STM32H7S3I8T6, STM32H7S3L8H6, STM32H7S3L8H6H, STM32H7S3R8V6, STM32H7S3V8H6, STM32H7S3V8T6, STM32H7S3V8Y6TR, STM32H7S3Z8J6, STM32H7S3Z8T6, STM32H7S78-DK, STM32H7S7A8I6, STM32H7S7I8K6, STM32H7S7I8T6, STM32H7S7L8H6, STM32H7S7L8H6H, STM32H7S7Z8J6, STM32L4R5QGI6STR, STM32MP131AAE3, STM32MP131AAF3, STM32MP131AAG3, STM32MP131CAE3, STM32MP131CAF3, STM32MP131CAG3, STM32MP131DAE7, STM32MP131DAF7, STM32MP131DAG7, STM32MP131FAE7, STM32MP131FAF7, STM32MP131FAG7, STM32MP133AAE3, STM32MP133AAF3, STM32MP133AAG3, STM32MP133CAE3, STM32MP133CAF3, STM32MP133CAG3, STM32MP133DAE7, STM32MP133DAF7, STM32MP133DAG7, STM32MP133FAE7, STM32MP133FAF7, STM32MP133FAG7, STM32MP135AAE3, STM32MP135AAF3, STM32MP135AAG3, STM32MP135CAE3, STM32MP135CAF3, STM32MP135CAG3, STM32MP135DAE7, STM32MP135DAF7, STM32MP135DAG7, STM32MP135F-DK, STM32MP135FAE7, STM32MP135FAF7, STM32MP135FAF7T, STM32MP135FAF7U, STM32MP135FAG7, STM32MP231AAJ3, STM32MP231AAK3, STM32MP231AAL3, STM32MP231CAJ3, STM32MP231CAK3, STM32MP231CAL3, STM32MP231DAJ3, STM32MP231DAK3, STM32MP231DAL3, STM32MP231FAJ3, STM32MP231FAK3, STM32MP231FAL3, STM32MP233AAJ3, STM32MP233AAK3, STM32MP233AAL3, STM32MP233CAJ3, STM32MP233CAK3, STM32MP233CAL3, STM32MP233DAJ3, STM32MP233DAK3, STM32MP233DAL3, STM32MP233FAJ3, STM32MP233FAK3, STM32MP233FAL3, STM32MP235AAJ3, STM32MP235AAK3, STM32MP235AAL3, STM32MP235CAJ3, STM32MP235CAK3, STM32MP235CAL3, STM32MP235DAJ3, STM32MP235DAK3, STM32MP235DAL3, STM32MP235FAJ3, STM32MP235FAK3, STM32MP235FAL3, STM32MP251AAI3, STM32MP251AAJ3, STM32MP251AAK3, STM32MP251AAL3, STM32MP251CAI3, STM32MP251CAJ3, STM32MP251CAK3, STM32MP251CAL3, STM32MP251DAI3, STM32MP251DAJ3, STM32MP251DAK3, STM32MP251DAL3, STM32MP251FAI3, STM32MP251FAJ3, STM32MP251FAK3, STM32MP251FAL3, STM32MP253AAI3, STM32MP253AAJ3, STM32MP253AAK3, STM32MP253AAL3, STM32MP253CAI3, STM32MP253CAJ3, STM32MP253CAK3, STM32MP253CAL3, STM32MP253DAI3, STM32MP253DAJ3, STM32MP253DAK3, STM32MP253DAL3, STM32MP253FAI3, STM32MP253FAJ3, STM32MP253FAK3, STM32MP253FAL3, STM32MP255AAI3, STM32MP255AAJ3, STM32MP255AAK3, STM32MP255AAL3, STM32MP255CAI3, STM32MP255CAJ3, STM32MP255CAK3, STM32MP255CAL3, STM32MP255DAI3, STM32MP255DAJ3, STM32MP255DAK3, STM32MP255DAL3, STM32MP255FAI3, STM32MP255FAJ3, STM32MP255FAK3, STM32MP255FAL3, STM32MP257AAI3, STM32MP257AAJ3, STM32MP257AAK3, STM32MP257AAL3, STM32MP257CAI3, STM32MP257CAJ3, STM32MP257CAK3, STM32MP257CAL3, STM32MP257DAI3, STM32MP257DAJ3, STM32MP257DAK3, STM32MP257DAL3, STM32MP257F-DK, STM32MP257F-EV1, STM32MP257FAI3, STM32MP257FAJ3, STM32MP257FAK3, STM32MP257FAL3, STM32N645A0H3Q, STM32N645B0H3Q, STM32N645I0H3Q, STM32N645L0H3Q, STM32N645X0H3Q, STM32N645Z0H3Q, STM32N647A0H3Q, STM32N647B0H3Q, STM32N647I0H3Q, STM32N647L0H3Q, STM32N647X0H3Q, STM32N647Z0H3Q, STM32N655A0H3Q, STM32N655B0H3Q, STM32N655I0H3Q, STM32N655L0H3Q, STM32N655X0H3Q, STM32N655Z0H3Q, STM32N6570-DK, STM32N657A0H3Q, STM32N657B0H3Q, STM32N657I0H3Q, STM32N657L0H3Q, STM32N657X0H3Q, STM32N657Z0H3Q, STM32U031C6T6, STM32U031C6U6, STM32U031C8T6, STM32U031C8U6, STM32U031F4P6, STM32U031F6P6, STM32U031F8P6, STM32U031G6Y6TR, STM32U031G8Y6TR, STM32U031K4U6, STM32U031K6U6, STM32U031K8U6, STM32U031R6I6, STM32U031R6T6, STM32U031R8I6, STM32U031R8T6, STM32U073C8T6, STM32U073C8U6, STM32U073CBT6, STM32U073CBU6, STM32U073CCT6, STM32U073CCU6, STM32U073H8Y6TR, STM32U073HBY6TR, STM32U073HCY6TR, STM32U073K8U6, STM32U073KBU6, STM32U073KCU6, STM32U073M8I6, STM32U073M8T6, STM32U073MBI6, STM32U073MBT6, STM32U073MCI6, STM32U073MCT6, STM32U073R8I6, STM32U073R8T6, STM32U073RBI6, STM32U073RBT6, STM32U073RCI6, STM32U073RCT6, STM32U083C-DK, STM32U083CCT6, STM32U083CCU6, STM32U083HCY6TR, STM32U083KCU6, STM32U083MCI6, STM32U083MCT6, STM32U083RCI6, STM32U083RCT6, STM32U375CET6, STM32U375CET6Q, STM32U375CEU6, STM32U375CEU6Q, STM32U375CEY6QTR, STM32U375CGT6, STM32U375CGT6Q, STM32U375CGU6, STM32U375CGU6Q, STM32U375CGY6QTR, STM32U375KEU6, STM32U375KGU6, STM32U375REI6, STM32U375REI6Q, STM32U375RET6, STM32U375RET6Q, STM32U375REY6GTR, STM32U375REY6QTR, STM32U375RGI6, STM32U375RGI6Q, STM32U375RGT6, STM32U375RGT6Q, STM32U375RGY6GTR, STM32U375RGY6QTR, STM32U375VEI6, STM32U375VEI6Q, STM32U375VET6, STM32U375VET6Q, STM32U375VGI6, STM32U375VGI6Q, STM32U375VGT6, STM32U375VGT6Q, STM32U385CGT6, STM32U385CGT6Q, STM32U385CGU6, STM32U385CGU6Q, STM32U385CGY6QTR, STM32U385KGU6, STM32U385RGI6, STM32U385RGI6Q, STM32U385RGT6, STM32U385RGT6Q, STM32U385RGY6GTR, STM32U385RGY6QTR, STM32U385VGI6, STM32U385VGI6Q, STM32U385VGT6, STM32U385VGT6Q, STM32U535CBT6, STM32U535CBT6Q, STM32U535CBU6, STM32U535CBU6Q, STM32U535CCT6, STM32U535CCT6Q, STM32U535CCU6, STM32U535CCU6Q, STM32U535CET6, STM32U535CET6Q, STM32U535CEU6, STM32U535CEU6Q, STM32U535JEY6QTR, STM32U535NCY6QTR, STM32U535NEY6QTR, STM32U535RBI6, STM32U535RBI6Q, STM32U535RBT6, STM32U535RBT6Q, STM32U535RCI6, STM32U535RCI6Q, STM32U535RCT6, STM32U535RCT6Q, STM32U535REI6, STM32U535REI6Q, STM32U535RET6, STM32U535RET6Q, STM32U535VCI6, STM32U535VCI6Q, STM32U535VCT6, STM32U535VCT6Q, STM32U535VEI6, STM32U535VEI6Q, STM32U535VET6, STM32U535VET6Q, STM32U545CET6, STM32U545CET6Q, STM32U545CEU6, STM32U545CEU6Q, STM32U545JEY6QTR, STM32U545NEY6QTR, STM32U545REI6, STM32U545REI6Q, STM32U545RET6, STM32U545RET6Q, STM32U545VEI6, STM32U545VEI6Q, STM32U545VET6, STM32U545VET6Q, STM32U595AIH6, STM32U595AIH6Q, STM32U595AJH6, STM32U595AJH6Q, STM32U595QII6, STM32U595QII6Q, STM32U595QJI6, STM32U595QJI6Q, STM32U595RIT6, STM32U595RIT6Q, STM32U595RJT6, STM32U595RJT6Q, STM32U595VIT6, STM32U595VIT6Q, STM32U595VJT6, STM32U595VJT6Q, STM32U595ZIT6, STM32U595ZIT6Q, STM32U595ZIY6QTR, STM32U595ZJT6, STM32U595ZJT6Q, STM32U595ZJY6QTR, STM32U599BJY6QTR, STM32U599NIH6Q, STM32U599NJH6Q, STM32U599VIT6Q, STM32U599VJT6, STM32U599VJT6Q, STM32U599ZIT6Q, STM32U599ZIY6QTR, STM32U599ZJT6Q, STM32U599ZJY6QTR, STM32U5A5AJH6, STM32U5A5AJH6Q, STM32U5A5QII3Q , STM32U5A5QJI6, STM32U5A5QJI6Q, STM32U5A5RJT6, STM32U5A5RJT6Q, STM32U5A5VJT6, STM32U5A5VJT6Q, STM32U5A5ZJT6, STM32U5A5ZJT6Q, STM32U5A5ZJY6QTR, STM32U5A9BJY6QTR, STM32U5A9J-DK, STM32U5A9NJH6Q, STM32U5A9VJT6Q, STM32U5A9ZJT6Q, STM32U5A9ZJY6QTR, STM32U5F7VIT6, STM32U5F7VIT6Q, STM32U5F7VJT6, STM32U5F7VJT6Q, STM32U5F9BJY6QTR, STM32U5F9NJH6Q, STM32U5F9VIT6Q, STM32U5F9VJT6Q, STM32U5F9ZIJ6QTR, STM32U5F9ZIT6Q, STM32U5F9ZJJ6QTR, STM32U5F9ZJT6Q, STM32U5G7VJT6, STM32U5G7VJT6Q, STM32U5G9BJY6QTR, STM32U5G9J-DK1, STM32U5G9J-DK2, STM32U5G9NJH6Q, STM32U5G9VJT6Q, STM32U5G9ZJJ6QTR, STM32U5G9ZJT6Q, STM32WB05KZV6TR, STM32WB05KZV7TR, STM32WB05TZF6TR, STM32WB05TZF7TR, STM32WB06CCF6TR, STM32WB06CCF7TR, STM32WB06CCV6TR, STM32WB06CCV7TR, STM32WB06KCV6TR, STM32WB06KCV7TR, STM32WB07CCF6TR, STM32WB07CCF7TR, STM32WB07CCV6TR, STM32WB07CCV7TR, STM32WB07KCV6TR, STM32WB07KCV7TR, STM32WB09KEV6TR, STM32WB09KEV7TR, STM32WB09TEF6TR, STM32WB09TEF7TR, STM32WB1MMCH6, STM32WBA50KGU6, STM32WBA50KGU6TR, STM32WBA52CEU6, STM32WBA52CEU6TR, STM32WBA52CEU7, STM32WBA52CEU7TR, STM32WBA52CGU6, STM32WBA52CGU6TR, STM32WBA52CGU6U, STM32WBA52CGU7, STM32WBA52CGU7TR, STM32WBA52KEU6, STM32WBA52KEU6TR, STM32WBA52KGU6, STM32WBA52KGU6TR, STM32WBA54CEU6, STM32WBA54CEU6TR, STM32WBA54CEU7, STM32WBA54CEU7TR, STM32WBA54CGU6, STM32WBA54CGU6TR, STM32WBA54CGU7, STM32WBA54CGU7TR, STM32WBA54KEU6, STM32WBA54KEU6TR, STM32WBA54KEU7, STM32WBA54KEU7TR, STM32WBA54KGU6, STM32WBA54KGU6TR, STM32WBA54KGU7, STM32WBA54KGU7TR, STM32WBA55CEU6, STM32WBA55CEU6TR, STM32WBA55CEU7, STM32WBA55CEU7TR, STM32WBA55CGU6, STM32WBA55CGU6TR, STM32WBA55CGU6U, STM32WBA55CGU7, STM32WBA55CGU7TR, STM32WBA55G-DK1, STM32WBA55HEF6, STM32WBA55HEF7, STM32WBA55HGF6, STM32WBA55HGF7, STM32WBA55UEI6, STM32WBA55UEI6TR, STM32WBA55UEI7, STM32WBA55UEI7TR, STM32WBA55UGI6, STM32WBA55UGI6TR, STM32WBA55UGI7, STM32WBA55UGI7TR, STM32WBA5MJGH6TR, STM32WBA5MJGH6U, STM32WL33C8V6, STM32WL33C8V6TR, STM32WL33C8V7, STM32WL33C8V7TR, STM32WL33CBV6, STM32WL33CBV6TR, STM32WL33CBV7, STM32WL33CBV7TR, STM32WL33CCV6, STM32WL33CCV6TR, STM32WL33CCV7, STM32WL33CCV7A, STM32WL33CCV7ATR, STM32WL33CCV7TR, STM32WL33K8V6, STM32WL33K8V6TR, STM32WL33K8V7, STM32WL33K8V7TR, STM32WL33KBV6, STM32WL33KBV6TR, STM32WL33KBV7, STM32WL33KBV7TR, STM32WL33KCV6, STM32WL33KCV6TR, STM32WL33KCV7, STM32WL33KCV7TR, STM32WL5MOCH6, STM32WL5MOCH6TR]
2025-05-10 15:12:49,550 [INFO] BoardInfo:889 - No configuration file found for board NUCLEO-WBA65RI
2025-05-10 15:12:49,551 [INFO] DbBoards:161 - Board is not supported: NUCLEO-WBA65RI
2025-05-10 15:12:49,561 [INFO] BoardInfo:889 - No configuration file found for board P-NUCLEO-WB55
2025-05-10 15:12:49,561 [INFO] DbBoards:161 - Kit is not supported: P-NUCLEO-WB55
2025-05-10 15:12:49,567 [INFO] BoardInfo:889 - No configuration file found for board STEVAL-BFA001V1B
2025-05-10 15:12:49,568 [INFO] DbBoards:161 - Kit is not supported: STEVAL-BFA001V1B
2025-05-10 15:12:49,569 [INFO] BoardInfo:889 - No configuration file found for board STEVAL-BFA001V2B
2025-05-10 15:12:49,570 [INFO] DbBoards:161 - Kit is not supported: STEVAL-BFA001V2B
2025-05-10 15:12:49,737 [INFO] BoardInfo:889 - No configuration file found for board STM32WBA65I-DK1
2025-05-10 15:12:49,738 [INFO] DbBoards:161 - Board is not supported: STM32WBA65I-DK1
2025-05-10 15:12:49,738 [INFO] DbBoards:168 - Found 211 boards, 206 are supported
2025-05-10 15:12:49,738 [INFO] DbBoards:169 - Found 211 boards, 42 of them is supported for  Bsp
2025-05-10 15:12:49,741 [INFO] ApiDb:668 - CubeFinder database Data Model version=2.1
2025-05-10 15:12:49,741 [INFO] ApiDb:669 - CubeFinder database Configuration version=3.0.39
2025-05-10 15:12:49,741 [INFO] ApiDb:670 - CubeFinder database generation date=2025-04-23 (1745419778)
2025-05-10 15:12:49,741 [INFO] ApiDb:671 - CubeFinder database FW Pack versions=[FP-ATR-ASTRA1_V2.0.0, FP-SNS-FLIGHT1_V5.1.0, FP-SNS-MOTENV1_V5.0.0, FP-SNS-MOTENVWB1_V1.4.0, FP-SNS-SMARTAG2_V1.2.0, FP-SNS-STBOX1_V2.0.0, STM32Cube_FW_C0_V1.4.0, STM32Cube_FW_F4_V1.28.1, STM32Cube_FW_F7_V1.17.2, STM32Cube_FW_G0_V1.6.2, STM32Cube_FW_G4_V1.6.1, STM32Cube_FW_H5_V1.5.0, STM32Cube_FW_H7RS_V1.2.0, STM32Cube_FW_H7_V1.12.1, STM32Cube_FW_L0_V1.12.2, STM32Cube_FW_L4_V1.18.1, STM32Cube_FW_L5_V1.5.1, STM32Cube_FW_N6_V1.1.1, STM32Cube_FW_U0_V1.2.0, STM32Cube_FW_U3_V1.1.0, STM32Cube_FW_U5_V1.7.0, STM32Cube_FW_WB0_V1.2.0, STM32Cube_FW_WBA_V1.6.0, STM32Cube_FW_WB_V1.22.0, STM32Cube_FW_WL3_V1.1.0, STM32Cube_FW_WL_V1.3.1, X-CUBE-ALGOBUILD_V1.4.0, X-CUBE-ALS_V1.0.2, X-CUBE-AZRTOS-F4_V1.1.0, X-CUBE-AZRTOS-F7_V1.1.0, X-CUBE-AZRTOS-G0_V1.1.0, X-CUBE-AZRTOS-G4_V2.0.0, X-CUBE-AZRTOS-H7RS_V1.1.0, X-CUBE-AZRTOS-H7_V3.3.0, X-CUBE-AZRTOS-L4_V2.0.0, X-CUBE-AZRTOS-L5_V2.0.0, X-CUBE-AZRTOS-WB_V2.0.0, X-CUBE-AZRTOS-WL_V2.0.0, X-CUBE-BLE1_V7.1.0, X-CUBE-BLE2_V3.3.0, X-CUBE-BLEMGR_V4.0.0, X-CUBE-EEPRMA1_V5.1.0, X-CUBE-FREERTOS_V1.3.0, X-CUBE-GNSS1_V6.0.0, X-CUBE-MEMS1_V11.2.0, X-CUBE-NFC4_V3.0.0, X-CUBE-NFC7_V1.0.1, X-CUBE-SFXS2LP1_V4.0.0, X-CUBE-SUBG2_V5.0.0, X-CUBE-TOF1_V3.4.3]
2025-05-10 15:12:51,285 [INFO] ApiDb:240 - Found 858 in-development CPN: [B-G473E-ZEST1S, B-WB1M-WPAN1, B-WBA5M-WPAN, B-WL5M-SUBG1, NUCLEO-C031C6, NUCLEO-C051C8, NUCLEO-C071RB, NUCLEO-C092RC, NUCLEO-H503RB, NUCLEO-H533RE, NUCLEO-H563ZI, NUCLEO-H7S3L8, NUCLEO-N657X0-Q, NUCLEO-U031R8, NUCLEO-U083RC, NUCLEO-U385RG-Q, NUCLEO-U545RE-Q, NUCLEO-U5A5ZJ-Q, NUCLEO-WB05KZ, NUCLEO-WB07CC, NUCLEO-WB09KE, NUCLEO-WBA52CG, NUCLEO-WBA55CG, NUCLEO-WL33CC1, NUCLEO-WL33CC2, STEVAL-PROTEUS1, STEVAL-SMARTAG2, STEVAL-STWINBX1, STM320518-EVAL, STM32C0116-DK, STM32C011D6Y3TR, STM32C011D6Y6TR, STM32C011F4P3, STM32C011F4P6, STM32C011F4U3, STM32C011F4U6TR, STM32C011F6P3, STM32C011F6P6, STM32C011F6U3, STM32C011F6U6TR, STM32C011J4M3, STM32C011J4M6, STM32C011J6M3, STM32C011J6M6, STM32C0316-DK, STM32C031C4T3, STM32C031C4T6, STM32C031C4U3, STM32C031C4U6, STM32C031C6T3, STM32C031C6T6, STM32C031C6U3, STM32C031C6U6, STM32C031F4P3, STM32C031F4P6, STM32C031F6P3, STM32C031F6P6, STM32C031G4U3, STM32C031G4U6, STM32C031G6U3, STM32C031G6U6, STM32C031K4T3, STM32C031K4T6, STM32C031K4U3, STM32C031K4U6, STM32C031K6T3, STM32C031K6T6, STM32C031K6U3, STM32C031K6U6, STM32C051C6T6, STM32C051C6U6, STM32C051C8T6, STM32C051C8U6, STM32C051D8Y6TR, STM32C051F6P6, STM32C051F8P6, STM32C051G6U6, STM32C051G8U6, STM32C051K6T6, STM32C051K6U6, STM32C051K8T6, STM32C071C8T6, STM32C071C8T6N, STM32C071C8U6, STM32C071C8U6N, STM32C071CBT6, STM32C071CBT6N, STM32C071CBU6, STM32C071CBU6N, STM32C071F8P6, STM32C071F8P6N, STM32C071FBP6, STM32C071FBP6N, STM32C071FBY6TR, STM32C071G8U6, STM32C071G8U6N, STM32C071GBU6, STM32C071GBU6N, STM32C071K8T6, STM32C071K8T6N, STM32C071K8U6, STM32C071K8U6N, STM32C071KBT6, STM32C071KBT6N, STM32C071KBU6, STM32C071KBU6N, STM32C071R8T6, STM32C071R8T6N, STM32C071RBI6N, STM32C071RBT6, STM32C071RBT6N, STM32C091CBT6, STM32C091CBU6, STM32C091CCT6, STM32C091CCU6, STM32C091ECY6TR, STM32C091FBP6, STM32C091FCP6, STM32C091GBU6, STM32C091GCU6, STM32C091KBT6, STM32C091KBU6, STM32C091KCT6, STM32C091KCU6, STM32C091RBT6, STM32C091RCI6, STM32C091RCT6, STM32C092CBT6, STM32C092CBU6, STM32C092CCT6, STM32C092CCU6, STM32C092ECY6TR, STM32C092FBP6, STM32C092FCP6, STM32C092GBU6, STM32C092GCU6, STM32C092KBT6, STM32C092KBU6, STM32C092KCT6, STM32C092KCU6, STM32C092RBT6, STM32C092RCI6, STM32C092RCT6, STM32G071K8TXN, STM32G071K8UXN, STM32G081GBU6N, STM32G081KBT6N, STM32G081KBUXN, STM32G0B1CCT6N, STM32G0B1KCT6, STM32G0B1NEY6TR, STM32G0B1RCT6N, STM32G0C1CCT6, STM32G0C1CCT6N, STM32G0C1CCU6N, STM32G0C1CET6N, STM32G0C1CEU6N, STM32G0C1KCT6, STM32G0C1NEY6TR, STM32G0C1RCI6N, STM32G0C1RCT6N, STM32G0C1REI6N, STM32G0C1RET6N, STM32G0C1VCI6, STM32G0C1VEI6, STM32G411C6T3, STM32G411C6T6, STM32G411C6U3, STM32G411C6U6, STM32G411C8T3, STM32G411C8T6, STM32G411C8U3, STM32G411C8U6, STM32G411CBT3, STM32G411CBT6, STM32G411CBU3, STM32G411CBU6, STM32G411CCT3, STM32G411CCT6, STM32G411CCU3, STM32G411CCU6, STM32G411K6T3, STM32G411K6T6, STM32G411K6U3, STM32G411K6U6, STM32G411K8T3, STM32G411K8T6, STM32G411K8U3, STM32G411K8U6, STM32G411KBT3, STM32G411KBT6, STM32G411KBU3, STM32G411KBU6, STM32G411M6T3, STM32G411M6T6, STM32G411M8T3, STM32G411M8T6, STM32G411MBT3, STM32G411MBT6, STM32G411MCT3, STM32G411MCT6, STM32G411R6T3, STM32G411R6T6, STM32G411R8T3, STM32G411R8T6, STM32G411RBT3, STM32G411RBT6, STM32G411RCT3, STM32G411RCT6, STM32G414CBT3, STM32G414CBT6, STM32G414CBU3, STM32G414CBU6, STM32G414CCT3, STM32G414CCT6, STM32G414CCU3, STM32G414CCU6, STM32G414MBT3, STM32G414MBT6, STM32G414MCT3, STM32G414MCT6, STM32G414RBT3, STM32G414RBT6, STM32G414RCT3, STM32G414RCT6, STM32G414VBT3, STM32G414VBT6, STM32G414VCT3, STM32G414VCT6, STM32G431CBT3Z, STM32G431RBT3Z, STM32G471CCT6, STM32G471CCU6, STM32G471CET3, STM32G471CET6, STM32G471CEU3, STM32G471CEU6, STM32G471MCT6, STM32G471MET3, STM32G471MET6, STM32G471MEY6TR, STM32G471QCT6, STM32G471QET3, STM32G471RCT6, STM32G471RET3, STM32G471RET6, STM32G471VCH6, STM32G471VCI6, STM32G471VCT6, STM32G471VEH3, STM32G471VEH6, STM32G471VEI3, STM32G471VEI6, STM32G471VET3, STM32G471VET6, STM32G473QET3Z, STM32G473RET3Z, STM32G474CCT6, STM32G491RET3Z, STM32H503CBT6, STM32H503CBU6, STM32H503EBY6TR, STM32H503KBU6, STM32H503RBT6, STM32H523CCT6, STM32H523CCU6, STM32H523CET6, STM32H523CEU6, STM32H523HEY6TR, STM32H523RCT6, STM32H523RET6, STM32H523VCI6, STM32H523VCT6, STM32H523VEI6, STM32H523VET6, STM32H523ZCJ6, STM32H523ZCT6, STM32H523ZEJ6, STM32H523ZET6, STM32H533CET6, STM32H533CEU6, STM32H533HEY6TR, STM32H533RET6, STM32H533VEI6, STM32H533VET6, STM32H533ZEJ6, STM32H533ZET6, STM32H562AGI6, STM32H562AII6, STM32H562IGK6, STM32H562IGT6, STM32H562IIK6, STM32H562IIT6, STM32H562RGT6, STM32H562RGV6, STM32H562RIT6, STM32H562RIV6, STM32H562VGT6, STM32H562VIT6, STM32H562ZGT6, STM32H562ZIT6, STM32H563AGI6, STM32H563AII3Q, STM32H563AII6, STM32H563IGK6, STM32H563IGT6, STM32H563IIK3Q, STM32H563IIK6, STM32H563IIT3Q, STM32H563IIT6, STM32H563MIY3QTR, STM32H563RGT6, STM32H563RGV6, STM32H563RIT6, STM32H563RIV6, STM32H563VGT6, STM32H563VIT3Q, STM32H563VIT6, STM32H563ZGT6, STM32H563ZIT3Q, STM32H563ZIT6, STM32H573AII3Q, STM32H573AII6, STM32H573I-DK, STM32H573IIK3Q, STM32H573IIK6, STM32H573IIT3Q, STM32H573IIT6, STM32H573MIY3QTR, STM32H573RIT6, STM32H573RIV6, STM32H573VIT3Q, STM32H573VIT6, STM32H573ZIT3Q, STM32H573ZIT6, STM32H7R3A8I6, STM32H7R3I8K6, STM32H7R3I8T6, STM32H7R3L8H6, STM32H7R3L8H6H, STM32H7R3R8V6, STM32H7R3V8H6, STM32H7R3V8T6, STM32H7R3V8Y6TR, STM32H7R3Z8J6, STM32H7R3Z8T6, STM32H7R7A8I6, STM32H7R7I8K6, STM32H7R7I8T6, STM32H7R7L8H6, STM32H7R7L8H6H, STM32H7R7Z8J6, STM32H7S3A8I6, STM32H7S3I8K6, STM32H7S3I8T6, STM32H7S3L8H6, STM32H7S3L8H6H, STM32H7S3R8V6, STM32H7S3V8H6, STM32H7S3V8T6, STM32H7S3V8Y6TR, STM32H7S3Z8J6, STM32H7S3Z8T6, STM32H7S78-DK, STM32H7S7A8I6, STM32H7S7I8K6, STM32H7S7I8T6, STM32H7S7L8H6, STM32H7S7L8H6H, STM32H7S7Z8J6, STM32L4R5QGI6STR, STM32MP131AAE3, STM32MP131AAF3, STM32MP131AAG3, STM32MP131CAE3, STM32MP131CAF3, STM32MP131CAG3, STM32MP131DAE7, STM32MP131DAF7, STM32MP131DAG7, STM32MP131FAE7, STM32MP131FAF7, STM32MP131FAG7, STM32MP133AAE3, STM32MP133AAF3, STM32MP133AAG3, STM32MP133CAE3, STM32MP133CAF3, STM32MP133CAG3, STM32MP133DAE7, STM32MP133DAF7, STM32MP133DAG7, STM32MP133FAE7, STM32MP133FAF7, STM32MP133FAG7, STM32MP135AAE3, STM32MP135AAF3, STM32MP135AAG3, STM32MP135CAE3, STM32MP135CAF3, STM32MP135CAG3, STM32MP135DAE7, STM32MP135DAF7, STM32MP135DAG7, STM32MP135F-DK, STM32MP135FAE7, STM32MP135FAF7, STM32MP135FAF7T, STM32MP135FAF7U, STM32MP135FAG7, STM32MP231AAJ3, STM32MP231AAK3, STM32MP231AAL3, STM32MP231CAJ3, STM32MP231CAK3, STM32MP231CAL3, STM32MP231DAJ3, STM32MP231DAK3, STM32MP231DAL3, STM32MP231FAJ3, STM32MP231FAK3, STM32MP231FAL3, STM32MP233AAJ3, STM32MP233AAK3, STM32MP233AAL3, STM32MP233CAJ3, STM32MP233CAK3, STM32MP233CAL3, STM32MP233DAJ3, STM32MP233DAK3, STM32MP233DAL3, STM32MP233FAJ3, STM32MP233FAK3, STM32MP233FAL3, STM32MP235AAJ3, STM32MP235AAK3, STM32MP235AAL3, STM32MP235CAJ3, STM32MP235CAK3, STM32MP235CAL3, STM32MP235DAJ3, STM32MP235DAK3, STM32MP235DAL3, STM32MP235FAJ3, STM32MP235FAK3, STM32MP235FAL3, STM32MP251AAI3, STM32MP251AAJ3, STM32MP251AAK3, STM32MP251AAL3, STM32MP251CAI3, STM32MP251CAJ3, STM32MP251CAK3, STM32MP251CAL3, STM32MP251DAI3, STM32MP251DAJ3, STM32MP251DAK3, STM32MP251DAL3, STM32MP251FAI3, STM32MP251FAJ3, STM32MP251FAK3, STM32MP251FAL3, STM32MP253AAI3, STM32MP253AAJ3, STM32MP253AAK3, STM32MP253AAL3, STM32MP253CAI3, STM32MP253CAJ3, STM32MP253CAK3, STM32MP253CAL3, STM32MP253DAI3, STM32MP253DAJ3, STM32MP253DAK3, STM32MP253DAL3, STM32MP253FAI3, STM32MP253FAJ3, STM32MP253FAK3, STM32MP253FAL3, STM32MP255AAI3, STM32MP255AAJ3, STM32MP255AAK3, STM32MP255AAL3, STM32MP255CAI3, STM32MP255CAJ3, STM32MP255CAK3, STM32MP255CAL3, STM32MP255DAI3, STM32MP255DAJ3, STM32MP255DAK3, STM32MP255DAL3, STM32MP255FAI3, STM32MP255FAJ3, STM32MP255FAK3, STM32MP255FAL3, STM32MP257AAI3, STM32MP257AAJ3, STM32MP257AAK3, STM32MP257AAL3, STM32MP257CAI3, STM32MP257CAJ3, STM32MP257CAK3, STM32MP257CAL3, STM32MP257DAI3, STM32MP257DAJ3, STM32MP257DAK3, STM32MP257DAL3, STM32MP257F-DK, STM32MP257F-EV1, STM32MP257FAI3, STM32MP257FAJ3, STM32MP257FAK3, STM32MP257FAL3, STM32N645A0H3Q, STM32N645B0H3Q, STM32N645I0H3Q, STM32N645L0H3Q, STM32N645X0H3Q, STM32N645Z0H3Q, STM32N647A0H3Q, STM32N647B0H3Q, STM32N647I0H3Q, STM32N647L0H3Q, STM32N647X0H3Q, STM32N647Z0H3Q, STM32N655A0H3Q, STM32N655B0H3Q, STM32N655I0H3Q, STM32N655L0H3Q, STM32N655X0H3Q, STM32N655Z0H3Q, STM32N6570-DK, STM32N657A0H3Q, STM32N657B0H3Q, STM32N657I0H3Q, STM32N657L0H3Q, STM32N657X0H3Q, STM32N657Z0H3Q, STM32U031C6T6, STM32U031C6U6, STM32U031C8T6, STM32U031C8U6, STM32U031F4P6, STM32U031F6P6, STM32U031F8P6, STM32U031G6Y6TR, STM32U031G8Y6TR, STM32U031K4U6, STM32U031K6U6, STM32U031K8U6, STM32U031R6I6, STM32U031R6T6, STM32U031R8I6, STM32U031R8T6, STM32U073C8T6, STM32U073C8U6, STM32U073CBT6, STM32U073CBU6, STM32U073CCT6, STM32U073CCU6, STM32U073H8Y6TR, STM32U073HBY6TR, STM32U073HCY6TR, STM32U073K8U6, STM32U073KBU6, STM32U073KCU6, STM32U073M8I6, STM32U073M8T6, STM32U073MBI6, STM32U073MBT6, STM32U073MCI6, STM32U073MCT6, STM32U073R8I6, STM32U073R8T6, STM32U073RBI6, STM32U073RBT6, STM32U073RCI6, STM32U073RCT6, STM32U083C-DK, STM32U083CCT6, STM32U083CCU6, STM32U083HCY6TR, STM32U083KCU6, STM32U083MCI6, STM32U083MCT6, STM32U083RCI6, STM32U083RCT6, STM32U375CET6, STM32U375CET6Q, STM32U375CEU6, STM32U375CEU6Q, STM32U375CEY6QTR, STM32U375CGT6, STM32U375CGT6Q, STM32U375CGU6, STM32U375CGU6Q, STM32U375CGY6QTR, STM32U375KEU6, STM32U375KGU6, STM32U375REI6, STM32U375REI6Q, STM32U375RET6, STM32U375RET6Q, STM32U375REY6GTR, STM32U375REY6QTR, STM32U375RGI6, STM32U375RGI6Q, STM32U375RGT6, STM32U375RGT6Q, STM32U375RGY6GTR, STM32U375RGY6QTR, STM32U375VEI6, STM32U375VEI6Q, STM32U375VET6, STM32U375VET6Q, STM32U375VGI6, STM32U375VGI6Q, STM32U375VGT6, STM32U375VGT6Q, STM32U385CGT6, STM32U385CGT6Q, STM32U385CGU6, STM32U385CGU6Q, STM32U385CGY6QTR, STM32U385KGU6, STM32U385RGI6, STM32U385RGI6Q, STM32U385RGT6, STM32U385RGT6Q, STM32U385RGY6GTR, STM32U385RGY6QTR, STM32U385VGI6, STM32U385VGI6Q, STM32U385VGT6, STM32U385VGT6Q, STM32U535CBT6, STM32U535CBT6Q, STM32U535CBU6, STM32U535CBU6Q, STM32U535CCT6, STM32U535CCT6Q, STM32U535CCU6, STM32U535CCU6Q, STM32U535CET6, STM32U535CET6Q, STM32U535CEU6, STM32U535CEU6Q, STM32U535JEY6QTR, STM32U535NCY6QTR, STM32U535NEY6QTR, STM32U535RBI6, STM32U535RBI6Q, STM32U535RBT6, STM32U535RBT6Q, STM32U535RCI6, STM32U535RCI6Q, STM32U535RCT6, STM32U535RCT6Q, STM32U535REI6, STM32U535REI6Q, STM32U535RET6, STM32U535RET6Q, STM32U535VCI6, STM32U535VCI6Q, STM32U535VCT6, STM32U535VCT6Q, STM32U535VEI6, STM32U535VEI6Q, STM32U535VET6, STM32U535VET6Q, STM32U545CET6, STM32U545CET6Q, STM32U545CEU6, STM32U545CEU6Q, STM32U545JEY6QTR, STM32U545NEY6QTR, STM32U545REI6, STM32U545REI6Q, STM32U545RET6, STM32U545RET6Q, STM32U545VEI6, STM32U545VEI6Q, STM32U545VET6, STM32U545VET6Q, STM32U595AIH6, STM32U595AIH6Q, STM32U595AJH6, STM32U595AJH6Q, STM32U595QII6, STM32U595QII6Q, STM32U595QJI6, STM32U595QJI6Q, STM32U595RIT6, STM32U595RIT6Q, STM32U595RJT6, STM32U595RJT6Q, STM32U595VIT6, STM32U595VIT6Q, STM32U595VJT6, STM32U595VJT6Q, STM32U595ZIT6, STM32U595ZIT6Q, STM32U595ZIY6QTR, STM32U595ZJT6, STM32U595ZJT6Q, STM32U595ZJY6QTR, STM32U599BJY6QTR, STM32U599NIH6Q, STM32U599NJH6Q, STM32U599VIT6Q, STM32U599VJT6, STM32U599VJT6Q, STM32U599ZIT6Q, STM32U599ZIY6QTR, STM32U599ZJT6Q, STM32U599ZJY6QTR, STM32U5A5AJH6, STM32U5A5AJH6Q, STM32U5A5QII3Q , STM32U5A5QJI6, STM32U5A5QJI6Q, STM32U5A5RJT6, STM32U5A5RJT6Q, STM32U5A5VJT6, STM32U5A5VJT6Q, STM32U5A5ZJT6, STM32U5A5ZJT6Q, STM32U5A5ZJY6QTR, STM32U5A9BJY6QTR, STM32U5A9J-DK, STM32U5A9NJH6Q, STM32U5A9VJT6Q, STM32U5A9ZJT6Q, STM32U5A9ZJY6QTR, STM32U5F7VIT6, STM32U5F7VIT6Q, STM32U5F7VJT6, STM32U5F7VJT6Q, STM32U5F9BJY6QTR, STM32U5F9NJH6Q, STM32U5F9VIT6Q, STM32U5F9VJT6Q, STM32U5F9ZIJ6QTR, STM32U5F9ZIT6Q, STM32U5F9ZJJ6QTR, STM32U5F9ZJT6Q, STM32U5G7VJT6, STM32U5G7VJT6Q, STM32U5G9BJY6QTR, STM32U5G9J-DK1, STM32U5G9J-DK2, STM32U5G9NJH6Q, STM32U5G9VJT6Q, STM32U5G9ZJJ6QTR, STM32U5G9ZJT6Q, STM32WB05KZV6TR, STM32WB05KZV7TR, STM32WB05TZF6TR, STM32WB05TZF7TR, STM32WB06CCF6TR, STM32WB06CCF7TR, STM32WB06CCV6TR, STM32WB06CCV7TR, STM32WB06KCV6TR, STM32WB06KCV7TR, STM32WB07CCF6TR, STM32WB07CCF7TR, STM32WB07CCV6TR, STM32WB07CCV7TR, STM32WB07KCV6TR, STM32WB07KCV7TR, STM32WB09KEV6TR, STM32WB09KEV7TR, STM32WB09TEF6TR, STM32WB09TEF7TR, STM32WB1MMCH6, STM32WBA50KGU6, STM32WBA50KGU6TR, STM32WBA52CEU6, STM32WBA52CEU6TR, STM32WBA52CEU7, STM32WBA52CEU7TR, STM32WBA52CGU6, STM32WBA52CGU6TR, STM32WBA52CGU6U, STM32WBA52CGU7, STM32WBA52CGU7TR, STM32WBA52KEU6, STM32WBA52KEU6TR, STM32WBA52KGU6, STM32WBA52KGU6TR, STM32WBA54CEU6, STM32WBA54CEU6TR, STM32WBA54CEU7, STM32WBA54CEU7TR, STM32WBA54CGU6, STM32WBA54CGU6TR, STM32WBA54CGU7, STM32WBA54CGU7TR, STM32WBA54KEU6, STM32WBA54KEU6TR, STM32WBA54KEU7, STM32WBA54KEU7TR, STM32WBA54KGU6, STM32WBA54KGU6TR, STM32WBA54KGU7, STM32WBA54KGU7TR, STM32WBA55CEU6, STM32WBA55CEU6TR, STM32WBA55CEU7, STM32WBA55CEU7TR, STM32WBA55CGU6, STM32WBA55CGU6TR, STM32WBA55CGU6U, STM32WBA55CGU7, STM32WBA55CGU7TR, STM32WBA55G-DK1, STM32WBA55HEF6, STM32WBA55HEF7, STM32WBA55HGF6, STM32WBA55HGF7, STM32WBA55UEI6, STM32WBA55UEI6TR, STM32WBA55UEI7, STM32WBA55UEI7TR, STM32WBA55UGI6, STM32WBA55UGI6TR, STM32WBA55UGI7, STM32WBA55UGI7TR, STM32WBA5MJGH6TR, STM32WBA5MJGH6U, STM32WL33C8V6, STM32WL33C8V6TR, STM32WL33C8V7, STM32WL33C8V7TR, STM32WL33CBV6, STM32WL33CBV6TR, STM32WL33CBV7, STM32WL33CBV7TR, STM32WL33CCV6, STM32WL33CCV6TR, STM32WL33CCV7, STM32WL33CCV7A, STM32WL33CCV7ATR, STM32WL33CCV7TR, STM32WL33K8V6, STM32WL33K8V6TR, STM32WL33K8V7, STM32WL33K8V7TR, STM32WL33KBV6, STM32WL33KBV6TR, STM32WL33KBV7, STM32WL33KBV7TR, STM32WL33KCV6, STM32WL33KCV6TR, STM32WL33KCV7, STM32WL33KCV7TR, STM32WL5MOCH6, STM32WL5MOCH6TR]
2025-05-10 15:12:51,287 [INFO] DbMcus:218 - Found 4674 MCUs, 4674 are supported
2025-05-10 15:12:51,288 [INFO] ApiDb:423 - Load user favorites file C:\Users\Miloush/.stm32cubeide/favorites.mcus.txt: 3 item(s)
2025-05-10 15:12:51,288 [INFO] ApiDb:427 - User favorites MCUs=[STM32F446RET6, STM32G431KBT6, STM32G474CBT3]
2025-05-10 15:12:51,288 [INFO] DbMcus:224 - Set 3 / 3 favorites MCUs
2025-05-10 15:12:51,562 [INFO] ApiDb:423 - Load user favorites file C:\Users\Miloush/.stm32cubeide/favorites.boards.txt: 0 item(s)
2025-05-10 15:12:51,562 [INFO] ApiDb:427 - User favorites Boards=[]
2025-05-10 15:12:51,562 [INFO] DbBoards:198 - Set 0 / 0 favorites Boards
2025-05-10 15:12:51,624 [INFO] UtilMem:75 - End LoadConfig() Used Memory: 781834288 Bytes (1073741824)
2025-05-10 15:12:51,699 [WARN] ThirdParty:833 - waiting for thirdparty lock release [change project]
2025-05-10 15:12:51,699 [INFO] ThirdParty:835 - entering critical section [change project]
2025-05-10 15:12:51,699 [INFO] ThirdParty:1030 - CMSIS Pack Vendor :STMicroelectronics USBPD 4.1
2025-05-10 15:12:51,699 [INFO] ThirdParty:1030 - CMSIS Pack Vendor :STMicroelectronics USB_HOST 2.0.0
2025-05-10 15:12:51,699 [INFO] ThirdParty:1030 - CMSIS Pack Vendor :STMicroelectronics FP-SNS-MOTENVWB1 1.4.0
2025-05-10 15:12:51,700 [INFO] ThirdParty:1030 - CMSIS Pack Vendor :STMicroelectronics X-CUBE-AZRTOS-F4 1.1.0
2025-05-10 15:12:51,700 [INFO] ThirdParty:1030 - CMSIS Pack Vendor :STMicroelectronics LIBJPEG 8.0.0
2025-05-10 15:12:51,700 [INFO] ThirdParty:1030 - CMSIS Pack Vendor :STMicroelectronics FP-ATR-ASTRA1 2.0.2
2025-05-10 15:12:51,700 [INFO] ThirdParty:1030 - CMSIS Pack Vendor :STMicroelectronics FP-ATR-ASTRA1 2.0.1
2025-05-10 15:12:51,700 [INFO] ThirdParty:1030 - CMSIS Pack Vendor :Avnet-IotConnect X-CUBE-IoTC-DA16k-PMOD 1.0.0
2025-05-10 15:12:51,700 [INFO] ThirdParty:1030 - CMSIS Pack Vendor :STMicroelectronics X-CUBE-SMBUS 2.1.0
2025-05-10 15:12:51,700 [INFO] ThirdParty:1030 - CMSIS Pack Vendor :STMicroelectronics X-CUBE-WB05N 1.1.0
2025-05-10 15:12:51,700 [INFO] ThirdParty:1030 - CMSIS Pack Vendor :STMicroelectronics X-CUBE-ISPU 2.1.0
2025-05-10 15:12:51,700 [INFO] ThirdParty:1030 - CMSIS Pack Vendor :STMicroelectronics X-CUBE-FREERTOS 1.2.0
2025-05-10 15:12:51,700 [INFO] ThirdParty:1030 - CMSIS Pack Vendor :STMicroelectronics X-CUBE-AZRTOS-F7 1.1.0
2025-05-10 15:12:51,700 [INFO] ThirdParty:1030 - CMSIS Pack Vendor :STMicroelectronics X-CUBE-AZRTOS-L5 2.0.0
2025-05-10 15:12:51,700 [INFO] ThirdParty:1030 - CMSIS Pack Vendor :STMicroelectronics USB_DEVICE 2.0.0
2025-05-10 15:12:51,700 [INFO] ThirdParty:1030 - CMSIS Pack Vendor :STMicroelectronics X-CUBE-NFC6 3.1.0
2025-05-10 15:12:51,700 [INFO] ThirdParty:1030 - CMSIS Pack Vendor :STMicroelectronics X-CUBE-MEMS1 11.0.0
2025-05-10 15:12:51,700 [INFO] ThirdParty:1030 - CMSIS Pack Vendor :STMicroelectronics FreeRTOS 0.0.1
2025-05-10 15:12:51,700 [INFO] ThirdParty:1030 - CMSIS Pack Vendor :STMicroelectronics X-CUBE-DPower 1.2.0
2025-05-10 15:12:51,700 [INFO] ThirdParty:1030 - CMSIS Pack Vendor :STMicroelectronics FP-SNS-FLIGHT1 5.0.2
2025-05-10 15:12:51,700 [INFO] ThirdParty:1030 - CMSIS Pack Vendor :STMicroelectronics PDM2PCM 3.3.0
2025-05-10 15:12:51,700 [INFO] ThirdParty:1030 - CMSIS Pack Vendor :STMicroelectronics X-CUBE-DISPLAY 3.0.0
2025-05-10 15:12:51,700 [INFO] ThirdParty:1030 - CMSIS Pack Vendor :STMicroelectronics X-CUBE-BLE1 7.0.0
2025-05-10 15:12:51,700 [INFO] ThirdParty:1030 - CMSIS Pack Vendor :STMicroelectronics X-CUBE-NFC10 1.0.0
2025-05-10 15:12:51,700 [INFO] ThirdParty:1030 - CMSIS Pack Vendor :STMicroelectronics X-CUBE-BLEMGR 4.0.0
2025-05-10 15:12:51,700 [INFO] ThirdParty:1030 - CMSIS Pack Vendor :STMicroelectronics X-CUBE-FREERTOS 1.3.1
2025-05-10 15:12:51,700 [INFO] ThirdParty:1030 - CMSIS Pack Vendor :STMicroelectronics HAL Drivers 0.0.0
2025-05-10 15:12:51,700 [INFO] ThirdParty:1030 - CMSIS Pack Vendor :emotas I-CUBE-CANOPEN 1.3.0
2025-05-10 15:12:51,700 [INFO] ThirdParty:1030 - CMSIS Pack Vendor :STMicroelectronics X-CUBE-FREERTOS 1.3.0
2025-05-10 15:12:51,700 [INFO] ThirdParty:1030 - CMSIS Pack Vendor :STMicroelectronics X-CUBE-NFC7 1.0.1
2025-05-10 15:12:51,700 [INFO] ThirdParty:1030 - CMSIS Pack Vendor :STMicroelectronics MBEDTLS 2.14.1
2025-05-10 15:12:51,700 [INFO] ThirdParty:1030 - CMSIS Pack Vendor :STMicroelectronics X-CUBE-BLEMGR 3.1.0
2025-05-10 15:12:51,700 [INFO] ThirdParty:1030 - CMSIS Pack Vendor :STMicroelectronics X-CUBE-AI 10.0.0
2025-05-10 15:12:51,700 [INFO] ThirdParty:1030 - CMSIS Pack Vendor :STMicroelectronics FP-SNS-SMARTAG2 1.2.0
2025-05-10 15:12:51,700 [INFO] ThirdParty:1030 - CMSIS Pack Vendor :STMicroelectronics FP-SNS-FLIGHT1 5.1.0
2025-05-10 15:12:51,700 [INFO] ThirdParty:1030 - CMSIS Pack Vendor :STMicroelectronics X-CUBE-MEMS1 11.1.0
2025-05-10 15:12:51,700 [INFO] ThirdParty:1030 - CMSIS Pack Vendor :STMicroelectronics X-CUBE-AZRTOS-WL 2.0.0
2025-05-10 15:12:51,700 [INFO] ThirdParty:1030 - CMSIS Pack Vendor :STMicroelectronics X-CUBE-DPower 1.3.0
2025-05-10 15:12:51,700 [INFO] ThirdParty:1030 - CMSIS Pack Vendor :STMicroelectronics FP-SNS-MOTENV1 5.0.0
2025-05-10 15:12:51,700 [INFO] ThirdParty:1030 - CMSIS Pack Vendor :STMicroelectronics USB_DEVICE 1.0.0
2025-05-10 15:12:51,701 [INFO] ThirdParty:1030 - CMSIS Pack Vendor :wolfSSL I-CUBE-wolfMQTT 1.19.0
2025-05-10 15:12:51,701 [INFO] ThirdParty:1030 - CMSIS Pack Vendor :STMicroelectronics X-CUBE-AZRTOS-L4 2.0.0
2025-05-10 15:12:51,701 [INFO] ThirdParty:1030 - CMSIS Pack Vendor :STMicroelectronics ThreadX 0.0.2
2025-05-10 15:12:51,701 [INFO] ThirdParty:1030 - CMSIS Pack Vendor :WES I-CUBE-Cesium 1.3.0
2025-05-10 15:12:51,701 [INFO] ThirdParty:1030 - CMSIS Pack Vendor :STMicroelectronics lwIP 2.1.2
2025-05-10 15:12:51,701 [INFO] ThirdParty:1030 - CMSIS Pack Vendor :STMicroelectronics X-CUBE-SFXS2LP1 4.0.0
2025-05-10 15:12:51,701 [INFO] ThirdParty:1030 - CMSIS Pack Vendor :STMicroelectronics X-CUBE-BLE2 3.3.0
2025-05-10 15:12:51,701 [INFO] ThirdParty:1030 - CMSIS Pack Vendor :STMicroelectronics PDM2PCM 3.2.0
2025-05-10 15:12:51,701 [INFO] ThirdParty:1030 - CMSIS Pack Vendor :STMicroelectronics X-CUBE-AZRTOS-H7 3.3.0
2025-05-10 15:12:51,701 [INFO] ThirdParty:1030 - CMSIS Pack Vendor :STMicroelectronics X-CUBE-NFC9 1.0.0
2025-05-10 15:12:51,701 [INFO] ThirdParty:1030 - CMSIS Pack Vendor :STMicroelectronics X-CUBE-BLE1 7.1.0
2025-05-10 15:12:51,701 [INFO] ThirdParty:1030 - CMSIS Pack Vendor :STMicroelectronics USB_DEVICE 3.0.0
2025-05-10 15:12:51,701 [INFO] ThirdParty:1030 - CMSIS Pack Vendor :STMicroelectronics X-CUBE-TCPP 4.1.0
2025-05-10 15:12:51,701 [INFO] ThirdParty:1030 - CMSIS Pack Vendor :STMicroelectronics X-CUBE-IPS 3.0.0
2025-05-10 15:12:51,701 [INFO] ThirdParty:1030 - CMSIS Pack Vendor :STMicroelectronics X-CUBE-AZRTOS-WB 2.0.0
2025-05-10 15:12:51,701 [INFO] ThirdParty:1030 - CMSIS Pack Vendor :STMicroelectronics X-CUBE-GNSS1 7.0.0
2025-05-10 15:12:51,701 [INFO] ThirdParty:1030 - CMSIS Pack Vendor :STMicroelectronics X-CUBE-GNSS1 7.0.1
2025-05-10 15:12:51,701 [INFO] ThirdParty:1030 - CMSIS Pack Vendor :STMicroelectronics X-CUBE-TOUCHGFX 4.25.0
2025-05-10 15:12:51,701 [INFO] ThirdParty:1030 - CMSIS Pack Vendor :STMicroelectronics FP-SNS-STBOX1 2.0.0
2025-05-10 15:12:51,701 [INFO] ThirdParty:1030 - CMSIS Pack Vendor :STMicroelectronics X-CUBE-MEMS1 11.2.0
2025-05-10 15:12:51,701 [INFO] ThirdParty:1030 - CMSIS Pack Vendor :STMicroelectronics X-CUBE-AZRTOS-G0 1.1.0
2025-05-10 15:12:51,701 [INFO] ThirdParty:1030 - CMSIS Pack Vendor :STMicroelectronics X-CUBE-SAFEA1 1.2.2
2025-05-10 15:12:51,701 [INFO] ThirdParty:1030 - CMSIS Pack Vendor :STMicroelectronics X-CUBE-NFC4 3.0.0
2025-05-10 15:12:51,701 [INFO] ThirdParty:1030 - CMSIS Pack Vendor :STMicroelectronics X-CUBE-SUBG2 5.0.0
2025-05-10 15:12:51,701 [INFO] ThirdParty:1030 - CMSIS Pack Vendor :STMicroelectronics X-CUBE-AZRTOS-H7RS 1.1.0
2025-05-10 15:12:51,701 [INFO] ThirdParty:1030 - CMSIS Pack Vendor :STMicroelectronics STM32_WPAN 1.0.0
2025-05-10 15:12:51,701 [INFO] ThirdParty:1030 - CMSIS Pack Vendor :EmbeddedOffice I-CUBE-FS-RTOS 1.0.1
2025-05-10 15:12:51,701 [INFO] ThirdParty:1030 - CMSIS Pack Vendor :STMicroelectronics lwIP 2.0.3
2025-05-10 15:12:51,701 [INFO] ThirdParty:1030 - CMSIS Pack Vendor :Cesanta I-CUBE-Mongoose 7.13.0
2025-05-10 15:12:51,701 [INFO] ThirdParty:1030 - CMSIS Pack Vendor :STMicroelectronics USB_HOST 1.0.0
2025-05-10 15:12:51,701 [INFO] ThirdParty:1030 - CMSIS Pack Vendor :STMicroelectronics X-CUBE-AZRTOS-G4 2.0.0
2025-05-10 15:12:51,701 [INFO] ThirdParty:1030 - CMSIS Pack Vendor :STMicroelectronics X-CUBE-WB05N 2.0.0
2025-05-10 15:12:51,701 [INFO] ThirdParty:1030 - CMSIS Pack Vendor :STMicroelectronics PDM2PCM 3.1.0
2025-05-10 15:12:51,701 [INFO] ThirdParty:1030 - CMSIS Pack Vendor :STMicroelectronics X-CUBE-NFC7 2.0.0
2025-05-10 15:12:51,701 [INFO] ThirdParty:1030 - CMSIS Pack Vendor :STMicroelectronics X-CUBE-TCPP 4.2.0
2025-05-10 15:12:51,702 [INFO] ThirdParty:1030 - CMSIS Pack Vendor :RealThread X-CUBE-RT-Thread_Nano 4.1.1
2025-05-10 15:12:51,702 [INFO] ThirdParty:1030 - CMSIS Pack Vendor :STMicroelectronics FP-ATR-SIGFOX1 3.2.0
2025-05-10 15:12:51,702 [INFO] ThirdParty:1030 - CMSIS Pack Vendor :wolfSSL I-CUBE-wolfSSL 5.7.2
2025-05-10 15:12:51,702 [INFO] ThirdParty:1030 - CMSIS Pack Vendor :quantropi X-CUBE-qispace-sdk-base 1.9.3
2025-05-10 15:12:51,702 [INFO] ThirdParty:1030 - CMSIS Pack Vendor :STMicroelectronics X-CUBE-EEPRMA1 5.1.0
2025-05-10 15:12:51,702 [INFO] ThirdParty:1030 - CMSIS Pack Vendor :STMicroelectronics MBEDTLS 2.16.2
2025-05-10 15:12:51,702 [INFO] ThirdParty:1030 - CMSIS Pack Vendor :STMicroelectronics X-CUBE-IPS 3.1.0
2025-05-10 15:12:51,702 [INFO] ThirdParty:1030 - CMSIS Pack Vendor :STMicroelectronics X-CUBE-ALS 1.0.2
2025-05-10 15:12:51,702 [INFO] ThirdParty:1030 - CMSIS Pack Vendor :ITTIA_DB I-CUBE-ITTIADB 8.9.0
2025-05-10 15:12:51,702 [INFO] ThirdParty:1030 - CMSIS Pack Vendor :STMicroelectronics X-CUBE-TOUCHGFX 4.24.2
2025-05-10 15:12:51,702 [INFO] ThirdParty:1030 - CMSIS Pack Vendor :STMicroelectronics X-CUBE-TOUCHGFX 4.24.1
2025-05-10 15:12:51,702 [INFO] ThirdParty:1030 - CMSIS Pack Vendor :wolfSSL I-CUBE-wolfTPM 3.4.0
2025-05-10 15:12:51,702 [INFO] ThirdParty:1030 - CMSIS Pack Vendor :portGmbH I-Cube-SoM-uGOAL 1.1.0
2025-05-10 15:12:51,702 [INFO] ThirdParty:1030 - CMSIS Pack Vendor :STMicroelectronics ThreadX 1.0.0
2025-05-10 15:12:51,702 [INFO] ThirdParty:1030 - CMSIS Pack Vendor :SEGGER I-CUBE-embOS 1.3.1
2025-05-10 15:12:51,702 [INFO] ThirdParty:1030 - CMSIS Pack Vendor :STMicroelectronics X-CUBE-ALGOBUILD 1.4.0
2025-05-10 15:12:51,702 [INFO] ThirdParty:1030 - CMSIS Pack Vendor :STMicroelectronics X-CUBE-AZRTOS-H7RS 1.0.0
2025-05-10 15:12:51,702 [INFO] ThirdParty:1030 - CMSIS Pack Vendor :STMicroelectronics FP-ATR-ASTRA1 2.0.0
2025-05-10 15:12:51,702 [INFO] ThirdParty:1030 - CMSIS Pack Vendor :STMicroelectronics X-CUBE-TOF1 3.4.2
2025-05-10 15:12:51,702 [INFO] ThirdParty:1030 - CMSIS Pack Vendor :STMicroelectronics X-CUBE-TOF1 3.4.3
2025-05-10 15:12:51,702 [INFO] ThirdParty:1030 - CMSIS Pack Vendor :STMicroelectronics X-CUBE-AI 9.1.0
2025-05-10 15:12:51,702 [INFO] ThirdParty:1030 - CMSIS Pack Vendor :Infineon AIROC-Wi-Fi-Bluetooth-STM32 1.6.1
2025-05-10 15:12:51,702 [INFO] ThirdParty:1030 - CMSIS Pack Vendor :wolfSSL I-CUBE-wolfSSH 1.4.17
2025-05-10 15:12:51,703 [INFO] ThirdParty:841 - exiting critical section [change project]
2025-05-10 15:12:52,065 [INFO] PinOutPanel:1589 - setPackage(No Configuration,No Configuration)
2025-05-10 15:12:52,067 [INFO] PinOutPanel:1589 - setPackage(STM32G431RBTx,LQFP64)
2025-05-10 15:12:52,555 [INFO] UtilMem:75 - Before build in PCC Used Memory: 760750080 Bytes (1073741824)
2025-05-10 15:12:53,450 [INFO] UtilMem:75 - After build in PCC Used Memory: 867704832 Bytes (1073741824)
2025-05-10 15:12:53,477 [INFO] IPUIPlugin:80 - create IPUIPlugin
2025-05-10 15:12:53,477 [INFO] IPUIPlugin:80 - create IPUIPlugin
2025-05-10 15:12:53,477 [INFO] IPUIPlugin:80 - create IPUIPlugin
2025-05-10 15:12:53,477 [INFO] IPUIPlugin:80 - create IPUIPlugin
2025-05-10 15:12:53,477 [INFO] IPUIPlugin:80 - create IPUIPlugin
2025-05-10 15:12:53,477 [INFO] IPUIPlugin:80 - create IPUIPlugin
2025-05-10 15:12:53,477 [INFO] IPUIPlugin:80 - create IPUIPlugin
2025-05-10 15:12:53,477 [INFO] IPUIPlugin:80 - create IPUIPlugin
2025-05-10 15:12:53,477 [INFO] IPUIPlugin:80 - create IPUIPlugin
2025-05-10 15:12:53,478 [INFO] IPUIPlugin:80 - create IPUIPlugin
2025-05-10 15:12:53,478 [INFO] IPUIPlugin:80 - create IPUIPlugin
2025-05-10 15:12:53,478 [INFO] IPUIPlugin:80 - create IPUIPlugin
2025-05-10 15:12:53,478 [INFO] IPUIPlugin:80 - create IPUIPlugin
2025-05-10 15:12:53,478 [INFO] IPUIPlugin:80 - create IPUIPlugin
2025-05-10 15:12:53,478 [INFO] IPUIPlugin:80 - create IPUIPlugin
2025-05-10 15:12:53,478 [INFO] IPUIPlugin:80 - create IPUIPlugin
2025-05-10 15:12:53,478 [INFO] IPUIPlugin:80 - create IPUIPlugin
2025-05-10 15:12:53,478 [INFO] IPUIPlugin:80 - create IPUIPlugin
2025-05-10 15:12:53,478 [INFO] IPUIPlugin:80 - create IPUIPlugin
2025-05-10 15:12:53,478 [INFO] IPUIPlugin:80 - create IPUIPlugin
2025-05-10 15:12:53,479 [INFO] IPUIPlugin:80 - create IPUIPlugin
2025-05-10 15:12:53,479 [INFO] IPUIPlugin:80 - create IPUIPlugin
2025-05-10 15:12:53,479 [INFO] IPUIPlugin:80 - create IPUIPlugin
2025-05-10 15:12:53,479 [INFO] IPUIPlugin:80 - create IPUIPlugin
2025-05-10 15:12:53,479 [INFO] IPUIPlugin:80 - create IPUIPlugin
2025-05-10 15:12:53,479 [INFO] IPUIPlugin:80 - create IPUIPlugin
2025-05-10 15:12:53,479 [INFO] IPUIPlugin:80 - create IPUIPlugin
2025-05-10 15:12:53,480 [INFO] IPUIPlugin:80 - create IPUIPlugin
2025-05-10 15:12:53,480 [INFO] IPUIPlugin:80 - create IPUIPlugin
2025-05-10 15:12:53,480 [INFO] IPUIPlugin:80 - create IPUIPlugin
2025-05-10 15:12:53,480 [INFO] IPUIPlugin:80 - create IPUIPlugin
2025-05-10 15:12:53,480 [INFO] IPUIPlugin:80 - create IPUIPlugin
2025-05-10 15:12:53,480 [INFO] IPUIPlugin:80 - create IPUIPlugin
2025-05-10 15:12:53,481 [INFO] IPUIPlugin:80 - create IPUIPlugin
2025-05-10 15:12:53,481 [INFO] IPUIPlugin:80 - create IPUIPlugin
2025-05-10 15:12:53,481 [INFO] IPUIPlugin:80 - create IPUIPlugin
2025-05-10 15:12:53,481 [INFO] IPUIPlugin:80 - create IPUIPlugin
2025-05-10 15:12:53,481 [INFO] IPUIPlugin:80 - create IPUIPlugin
2025-05-10 15:12:53,481 [INFO] IPUIPlugin:80 - create IPUIPlugin
2025-05-10 15:12:53,482 [INFO] IPUIPlugin:80 - create IPUIPlugin
2025-05-10 15:12:53,482 [INFO] IPUIPlugin:80 - create IPUIPlugin
2025-05-10 15:12:53,482 [INFO] IPUIPlugin:80 - create IPUIPlugin
2025-05-10 15:12:53,482 [INFO] IPUIPlugin:80 - create IPUIPlugin
2025-05-10 15:12:53,482 [INFO] IPUIPlugin:80 - create IPUIPlugin
2025-05-10 15:12:53,483 [INFO] IPUIPlugin:80 - create IPUIPlugin
2025-05-10 15:12:53,483 [INFO] IPUIPlugin:80 - create IPUIPlugin
2025-05-10 15:12:53,483 [INFO] IPUIPlugin:80 - create IPUIPlugin
2025-05-10 15:12:53,483 [INFO] IPUIPlugin:80 - create IPUIPlugin
2025-05-10 15:12:53,483 [INFO] IPUIPlugin:80 - create IPUIPlugin
2025-05-10 15:12:53,484 [INFO] IPUIPlugin:80 - create IPUIPlugin
2025-05-10 15:12:53,484 [INFO] IPUIPlugin:80 - create IPUIPlugin
2025-05-10 15:12:53,484 [INFO] IPUIPlugin:80 - create IPUIPlugin
2025-05-10 15:12:53,484 [INFO] IPUIPlugin:80 - create IPUIPlugin
2025-05-10 15:12:53,484 [INFO] IPUIPlugin:80 - create IPUIPlugin
2025-05-10 15:12:53,485 [INFO] IPUIPlugin:80 - create IPUIPlugin
2025-05-10 15:12:53,485 [INFO] IPUIPlugin:80 - create IPUIPlugin
2025-05-10 15:12:53,485 [INFO] IPUIPlugin:80 - create IPUIPlugin
2025-05-10 15:12:53,485 [INFO] IPUIPlugin:80 - create IPUIPlugin
2025-05-10 15:12:53,485 [INFO] IPUIPlugin:80 - create IPUIPlugin
2025-05-10 15:12:53,712 [INFO] CADModel:165 - CPN selected for project levelSTM32G431RBT6
2025-05-10 15:12:53,712 [INFO] CADModel:114 - Register for checkConnection events
2025-05-10 15:12:53,775 [INFO] OpenFileManager:363 - Restore cursor
2025-05-10 15:12:56,777 [INFO] NvicIntPanel:101 - NVIC parent = com.st.microxplorer.plugins.ip.nvic.MultiNvicIntPanel[,0,0,0x0,invalid,layout=javax.swing.BoxLayout,alignmentX=0.0,alignmentY=0.0,border=,flags=9,maximumSize=,minimumSize=,preferredSize=]
2025-05-10 15:13:36,224 [INFO] ADCParametersView:116 -                Rank 1 : false
2025-05-10 15:13:36,224 [INFO] ADCParametersView:116 -                Rank 1 : false
2025-05-10 15:13:36,224 [INFO] ADCParametersView:116 -                Rank 1 : false
2025-05-10 15:13:36,225 [INFO] ADCParametersView:116 -                Rank 1 : false
2025-05-10 15:13:36,225 [INFO] ADCParametersView:116 -                Rank 1 : false
2025-05-10 15:13:36,225 [INFO] ADCParametersView:116 -                Rank 2 : false
2025-05-10 15:13:36,225 [INFO] ADCParametersView:116 -                Rank 1 : false
2025-05-10 15:13:36,225 [INFO] ADCParametersView:116 -                Rank 1 : false
2025-05-10 15:13:36,225 [INFO] ADCParametersView:116 -                Rank 2 : false
2025-05-10 15:13:36,225 [INFO] ADCParametersView:116 -                Rank 3 : false
2025-05-10 15:13:36,269 [INFO] ADCParametersView:116 -                Rank 1 : false
2025-05-10 15:13:36,269 [INFO] ADCParametersView:116 -                Rank 1 : false
2025-05-10 15:13:36,269 [INFO] ADCParametersView:116 -                Rank 2 : false
2025-05-10 15:13:36,270 [INFO] ADCParametersView:116 -                Rank 3 : false
2025-05-10 15:13:36,270 [INFO] ADCParametersView:116 -                Rank 1 : false
2025-05-10 15:13:36,270 [INFO] ADCParametersView:116 -                Rank 1 : false
2025-05-10 15:13:36,270 [INFO] ADCParametersView:116 -                Rank 2 : false
2025-05-10 15:13:36,270 [INFO] ADCParametersView:116 -                Rank 3 : false
2025-05-10 15:13:36,270 [INFO] ADCParametersView:116 -                Rank 1 : false
2025-05-10 15:13:36,270 [INFO] ADCParametersView:116 -                Rank 1 : false
2025-05-10 15:13:36,270 [INFO] ADCParametersView:116 -                Rank 2 : false
2025-05-10 15:13:36,270 [INFO] ADCParametersView:116 -                Rank 3 : false
2025-05-10 15:13:36,271 [INFO] ADCParametersView:116 -                Rank 1 : false
2025-05-10 15:13:36,271 [INFO] ADCParametersView:116 -                Rank 1 : false
2025-05-10 15:13:36,271 [INFO] ADCParametersView:116 -                Rank 2 : false
2025-05-10 15:13:36,271 [INFO] ADCParametersView:116 -                Rank 3 : false
2025-05-10 15:13:36,271 [INFO] ADCParametersView:116 -                Rank 1 : false
2025-05-10 15:13:36,271 [INFO] ADCParametersView:116 -                Rank 1 : false
2025-05-10 15:13:36,271 [INFO] ADCParametersView:116 -                Rank 2 : false
2025-05-10 15:13:36,271 [INFO] ADCParametersView:116 -                Rank 3 : false
2025-05-10 15:13:36,271 [INFO] ADCParametersView:116 -                Rank 1 : false
2025-05-10 15:13:36,271 [INFO] ADCParametersView:116 -                Rank 1 : false
2025-05-10 15:13:36,271 [INFO] ADCParametersView:116 -                Rank 2 : false
2025-05-10 15:13:36,271 [INFO] ADCParametersView:116 -                Rank 3 : false
2025-05-10 15:13:36,272 [INFO] ADCParametersView:116 -                Rank 1 : false
2025-05-10 15:13:36,272 [INFO] ADCParametersView:116 -                Rank 1 : false
2025-05-10 15:13:36,272 [INFO] ADCParametersView:116 -                Rank 2 : false
2025-05-10 15:13:36,272 [INFO] ADCParametersView:116 -                Rank 3 : false
2025-05-10 15:13:36,272 [INFO] ADCParametersView:116 -                Rank 1 : false
2025-05-10 15:13:36,272 [INFO] ADCParametersView:116 -                Rank 1 : false
2025-05-10 15:13:36,272 [INFO] ADCParametersView:116 -                Rank 2 : false
2025-05-10 15:13:36,272 [INFO] ADCParametersView:116 -                Rank 3 : false
2025-05-10 15:13:36,272 [INFO] ADCParametersView:116 -                Rank 1 : false
2025-05-10 15:13:36,272 [INFO] ADCParametersView:116 -                Rank 1 : false
2025-05-10 15:13:36,272 [INFO] ADCParametersView:116 -                Rank 2 : false
2025-05-10 15:13:36,272 [INFO] ADCParametersView:116 -                Rank 3 : false
2025-05-10 15:13:36,272 [INFO] ADCParametersView:116 -                Rank 1 : false
2025-05-10 15:13:36,272 [INFO] ADCParametersView:116 -                Rank 1 : false
2025-05-10 15:13:36,272 [INFO] ADCParametersView:116 -                Rank 2 : false
2025-05-10 15:13:36,272 [INFO] ADCParametersView:116 -                Rank 3 : false
2025-05-10 15:13:36,272 [INFO] ADCParametersView:116 -                Rank 1 : false
2025-05-10 15:13:36,272 [INFO] ADCParametersView:116 -                Rank 1 : false
2025-05-10 15:13:36,273 [INFO] ADCParametersView:116 -                Rank 2 : false
2025-05-10 15:13:36,273 [INFO] ADCParametersView:116 -                Rank 3 : false
2025-05-10 15:13:36,273 [INFO] ADCParametersView:116 -                Rank 1 : false
2025-05-10 15:13:36,273 [INFO] ADCParametersView:116 -                Rank 1 : false
2025-05-10 15:13:36,273 [INFO] ADCParametersView:116 -                Rank 2 : false
2025-05-10 15:13:36,273 [INFO] ADCParametersView:116 -                Rank 3 : false
2025-05-10 15:13:36,273 [INFO] ADCParametersView:116 -                Rank 1 : false
2025-05-10 15:13:36,273 [INFO] ADCParametersView:116 -                Rank 1 : false
2025-05-10 15:13:36,273 [INFO] ADCParametersView:116 -                Rank 2 : false
2025-05-10 15:13:36,273 [INFO] ADCParametersView:116 -                Rank 3 : false
2025-05-10 15:13:36,273 [INFO] ADCParametersView:116 -                Rank 1 : false
2025-05-10 15:13:36,274 [INFO] ADCParametersView:116 -                Rank 1 : false
2025-05-10 15:13:36,274 [INFO] ADCParametersView:116 -                Rank 2 : false
2025-05-10 15:13:36,274 [INFO] ADCParametersView:116 -                Rank 3 : false
2025-05-10 15:13:36,274 [INFO] ADCParametersView:116 -                Rank 1 : false
2025-05-10 15:13:36,274 [INFO] ADCParametersView:116 -                Rank 1 : false
2025-05-10 15:13:36,274 [INFO] ADCParametersView:116 -                Rank 2 : false
2025-05-10 15:13:36,274 [INFO] ADCParametersView:116 -                Rank 3 : false
2025-05-10 15:13:36,274 [INFO] ADCParametersView:116 -                Rank 1 : false
2025-05-10 15:13:36,274 [INFO] ADCParametersView:116 -                Rank 1 : false
2025-05-10 15:13:36,275 [INFO] ADCParametersView:116 -                Rank 2 : false
2025-05-10 15:13:36,275 [INFO] ADCParametersView:116 -                Rank 3 : false
2025-05-10 15:13:36,275 [INFO] ADCParametersView:116 -                Rank 1 : false
2025-05-10 15:13:36,275 [INFO] ADCParametersView:116 -                Rank 2 : false
2025-05-10 15:13:36,275 [INFO] ADCParametersView:116 -                Rank 3 : false
2025-05-10 15:13:36,275 [INFO] ADCParametersView:116 -                Rank 1 : false
2025-05-10 15:13:36,275 [INFO] ADCParametersView:116 -                Rank 1 : false
2025-05-10 15:13:36,275 [INFO] ADCParametersView:116 -                Rank 2 : false
2025-05-10 15:13:36,275 [INFO] ADCParametersView:116 -                Rank 3 : false
2025-05-10 15:13:36,275 [INFO] ADCParametersView:116 -                Rank 1 : false
2025-05-10 15:13:36,276 [INFO] ADCParametersView:116 -                Rank 1 : false
2025-05-10 15:13:36,276 [INFO] ADCParametersView:116 -                Rank 2 : false
2025-05-10 15:13:36,276 [INFO] ADCParametersView:116 -                Rank 3 : false
2025-05-10 15:13:36,276 [INFO] ADCParametersView:116 -                Rank 1 : false
2025-05-10 15:13:36,276 [INFO] ADCParametersView:116 -                Rank 1 : false
2025-05-10 15:13:36,276 [INFO] ADCParametersView:116 -                Rank 2 : false
2025-05-10 15:13:36,276 [INFO] ADCParametersView:116 -                Rank 3 : false
2025-05-10 15:13:36,276 [INFO] ADCParametersView:116 -                Rank 1 : false
2025-05-10 15:13:36,277 [INFO] ADCParametersView:116 -                Rank 1 : false
2025-05-10 15:13:36,277 [INFO] ADCParametersView:116 -                Rank 2 : false
2025-05-10 15:13:36,277 [INFO] ADCParametersView:116 -                Rank 3 : false
2025-05-10 15:13:36,277 [INFO] ADCParametersView:116 -                Rank 1 : false
2025-05-10 15:13:36,277 [INFO] ADCParametersView:116 -                Rank 1 : false
2025-05-10 15:13:36,277 [INFO] ADCParametersView:116 -                Rank 2 : false
2025-05-10 15:13:36,277 [INFO] ADCParametersView:116 -                Rank 3 : false
2025-05-10 15:13:36,277 [INFO] ADCParametersView:116 -                Rank 1 : false
2025-05-10 15:13:36,277 [INFO] ADCParametersView:116 -                Rank 1 : false
2025-05-10 15:13:36,277 [INFO] ADCParametersView:116 -                Rank 2 : false
2025-05-10 15:13:36,277 [INFO] ADCParametersView:116 -                Rank 3 : false
2025-05-10 15:13:36,278 [INFO] ADCParametersView:116 -                Rank 1 : false
2025-05-10 15:13:36,278 [INFO] ADCParametersView:116 -                Rank 1 : false
2025-05-10 15:13:36,278 [INFO] ADCParametersView:116 -                Rank 1 : false
2025-05-10 15:13:36,278 [INFO] ADCParametersView:116 -                Rank 2 : false
2025-05-10 15:13:36,278 [INFO] ADCParametersView:116 -                Rank 3 : false
2025-05-10 15:13:36,278 [INFO] ADCParametersView:116 -                Rank 1 : false
2025-05-10 15:13:36,278 [INFO] ADCParametersView:116 -                Rank 1 : false
2025-05-10 15:13:36,278 [INFO] ADCParametersView:116 -                Rank 2 : false
2025-05-10 15:13:36,278 [INFO] ADCParametersView:116 -                Rank 3 : false
2025-05-10 15:13:36,278 [INFO] ADCParametersView:116 -                Rank 1 : false
2025-05-10 15:13:36,278 [INFO] ADCParametersView:116 -                Rank 1 : false
2025-05-10 15:13:36,278 [INFO] ADCParametersView:116 -                Rank 2 : false
2025-05-10 15:13:36,278 [INFO] ADCParametersView:116 -                Rank 3 : false
2025-05-10 15:13:36,279 [INFO] ADCParametersView:116 -                Rank 1 : false
2025-05-10 15:13:36,279 [INFO] ADCParametersView:116 -                Rank 1 : false
2025-05-10 15:13:36,279 [INFO] ADCParametersView:116 -                Rank 2 : false
2025-05-10 15:13:36,279 [INFO] ADCParametersView:116 -                Rank 3 : false
2025-05-10 15:13:36,279 [INFO] ADCParametersView:116 -                Rank 1 : false
2025-05-10 15:13:36,279 [INFO] ADCParametersView:116 -                Rank 2 : false
2025-05-10 15:13:36,279 [INFO] ADCParametersView:116 -                Rank 3 : false
2025-05-10 15:13:36,279 [INFO] ADCParametersView:116 -                Rank 2 : false
2025-05-10 15:13:36,279 [INFO] ADCParametersView:116 -                Rank 3 : false
2025-05-10 15:13:36,279 [INFO] ADCParametersView:116 -                Rank 3 : false
2025-05-10 15:13:36,313 [INFO] ADCParametersView:116 -                Rank 1 : false
2025-05-10 15:13:36,313 [INFO] ADCParametersView:116 -                Rank 1 : false
2025-05-10 15:13:36,313 [INFO] ADCParametersView:116 -                Rank 1 : false
2025-05-10 15:13:36,313 [INFO] ADCParametersView:116 -                Rank 1 : false
2025-05-10 15:13:36,313 [INFO] ADCParametersView:116 -                Rank 1 : false
2025-05-10 15:13:36,313 [INFO] ADCParametersView:116 -                Rank 2 : false
2025-05-10 15:13:36,314 [INFO] ADCParametersView:116 -                Rank 1 : false
2025-05-10 15:13:36,314 [INFO] ADCParametersView:116 -                Rank 1 : false
2025-05-10 15:13:36,314 [INFO] ADCParametersView:116 -                Rank 2 : false
2025-05-10 15:13:36,314 [INFO] ADCParametersView:116 -                Rank 3 : false
2025-05-10 15:13:41,547 [INFO] ADCParametersView:116 -                Rank 1 : false
2025-05-10 15:13:41,547 [INFO] ADCParametersView:116 -                Rank 1 : false
2025-05-10 15:13:41,547 [INFO] ADCParametersView:116 -                Rank 2 : false
2025-05-10 15:13:41,548 [INFO] ADCParametersView:116 -                Rank 3 : false
2025-05-10 15:13:42,996 [INFO] ADCParametersView:116 -                Rank 1 : false
2025-05-10 15:13:42,996 [INFO] ADCParametersView:116 -                Rank 1 : true
2025-05-10 15:13:42,996 [INFO] ADCParametersView:116 -                Rank 2 : false
2025-05-10 15:13:42,996 [INFO] ADCParametersView:116 -                Rank 3 : false
2025-05-10 15:13:44,380 [INFO] ADCParametersView:116 -                Rank 1 : false
2025-05-10 15:13:44,380 [INFO] ADCParametersView:116 -                Rank 1 : true
2025-05-10 15:13:44,380 [INFO] ADCParametersView:116 -                Rank 2 : true
2025-05-10 15:13:44,380 [INFO] ADCParametersView:116 -                Rank 3 : false
2025-05-10 15:13:45,512 [INFO] ADCParametersView:116 -                Rank 1 : false
2025-05-10 15:13:45,512 [INFO] ADCParametersView:116 -                Rank 1 : true
2025-05-10 15:13:45,513 [INFO] ADCParametersView:116 -                Rank 2 : true
2025-05-10 15:13:45,513 [INFO] ADCParametersView:116 -                Rank 3 : true
2025-05-10 15:14:38,922 [INFO] NvicIntPanel:101 - NVIC parent = com.st.microxplorer.plugins.ip.nvic.MultiNvicIntPanel[,0,0,0x0,invalid,layout=javax.swing.BoxLayout,alignmentX=0.0,alignmentY=0.0,border=,flags=9,maximumSize=,minimumSize=,preferredSize=]
2025-05-10 15:14:38,967 [INFO] ADCParametersView:116 -                Rank 1 : false
2025-05-10 15:14:38,967 [INFO] ADCParametersView:116 -                Rank 1 : true
2025-05-10 15:14:38,967 [INFO] ADCParametersView:116 -                Rank 2 : true
2025-05-10 15:14:38,967 [INFO] ADCParametersView:116 -                Rank 3 : true
2025-05-10 15:14:38,970 [INFO] ADCParametersView:116 -                Rank 1 : false
2025-05-10 15:14:38,970 [INFO] ADCParametersView:116 -                Rank 1 : true
2025-05-10 15:14:38,970 [INFO] ADCParametersView:116 -                Rank 2 : true
2025-05-10 15:14:38,970 [INFO] ADCParametersView:116 -                Rank 3 : true
2025-05-10 15:14:38,970 [INFO] ADCParametersView:116 -                Rank 1 : false
2025-05-10 15:14:38,970 [INFO] ADCParametersView:116 -                Rank 1 : true
2025-05-10 15:14:38,970 [INFO] ADCParametersView:116 -                Rank 2 : true
2025-05-10 15:14:38,970 [INFO] ADCParametersView:116 -                Rank 3 : true
2025-05-10 15:14:38,970 [INFO] ADCParametersView:116 -                Rank 1 : false
2025-05-10 15:14:38,970 [INFO] ADCParametersView:116 -                Rank 1 : true
2025-05-10 15:14:38,970 [INFO] ADCParametersView:116 -                Rank 2 : true
2025-05-10 15:14:38,970 [INFO] ADCParametersView:116 -                Rank 3 : true
2025-05-10 15:14:38,970 [INFO] ADCParametersView:116 -                Rank 1 : false
2025-05-10 15:14:38,970 [INFO] ADCParametersView:116 -                Rank 1 : true
2025-05-10 15:14:38,970 [INFO] ADCParametersView:116 -                Rank 2 : true
2025-05-10 15:14:38,970 [INFO] ADCParametersView:116 -                Rank 3 : true
2025-05-10 15:14:38,970 [INFO] ADCParametersView:116 -                Rank 1 : false
2025-05-10 15:14:38,970 [INFO] ADCParametersView:116 -                Rank 1 : true
2025-05-10 15:14:38,971 [INFO] ADCParametersView:116 -                Rank 2 : true
2025-05-10 15:14:38,971 [INFO] ADCParametersView:116 -                Rank 3 : true
2025-05-10 15:14:38,971 [INFO] ADCParametersView:116 -                Rank 1 : false
2025-05-10 15:14:38,971 [INFO] ADCParametersView:116 -                Rank 1 : true
2025-05-10 15:14:38,971 [INFO] ADCParametersView:116 -                Rank 2 : true
2025-05-10 15:14:38,971 [INFO] ADCParametersView:116 -                Rank 3 : true
2025-05-10 15:14:38,971 [INFO] ADCParametersView:116 -                Rank 1 : false
2025-05-10 15:14:38,971 [INFO] ADCParametersView:116 -                Rank 1 : true
2025-05-10 15:14:38,971 [INFO] ADCParametersView:116 -                Rank 2 : true
2025-05-10 15:14:38,971 [INFO] ADCParametersView:116 -                Rank 3 : true
2025-05-10 15:14:38,971 [INFO] ADCParametersView:116 -                Rank 1 : false
2025-05-10 15:14:38,971 [INFO] ADCParametersView:116 -                Rank 1 : true
2025-05-10 15:14:38,971 [INFO] ADCParametersView:116 -                Rank 2 : true
2025-05-10 15:14:38,971 [INFO] ADCParametersView:116 -                Rank 3 : true
2025-05-10 15:14:38,971 [INFO] ADCParametersView:116 -                Rank 1 : false
2025-05-10 15:14:38,971 [INFO] ADCParametersView:116 -                Rank 1 : true
2025-05-10 15:14:38,971 [INFO] ADCParametersView:116 -                Rank 2 : true
2025-05-10 15:14:38,971 [INFO] ADCParametersView:116 -                Rank 3 : true
2025-05-10 15:14:38,971 [INFO] ADCParametersView:116 -                Rank 1 : false
2025-05-10 15:14:38,971 [INFO] ADCParametersView:116 -                Rank 1 : true
2025-05-10 15:14:38,971 [INFO] ADCParametersView:116 -                Rank 2 : true
2025-05-10 15:14:38,971 [INFO] ADCParametersView:116 -                Rank 3 : true
2025-05-10 15:14:38,971 [INFO] ADCParametersView:116 -                Rank 1 : false
2025-05-10 15:14:38,972 [INFO] ADCParametersView:116 -                Rank 1 : true
2025-05-10 15:14:38,972 [INFO] ADCParametersView:116 -                Rank 2 : true
2025-05-10 15:14:38,972 [INFO] ADCParametersView:116 -                Rank 3 : true
2025-05-10 15:14:38,972 [INFO] ADCParametersView:116 -                Rank 1 : false
2025-05-10 15:14:38,972 [INFO] ADCParametersView:116 -                Rank 1 : true
2025-05-10 15:14:38,972 [INFO] ADCParametersView:116 -                Rank 2 : true
2025-05-10 15:14:38,972 [INFO] ADCParametersView:116 -                Rank 3 : true
2025-05-10 15:14:38,972 [INFO] ADCParametersView:116 -                Rank 1 : false
2025-05-10 15:14:38,972 [INFO] ADCParametersView:116 -                Rank 1 : true
2025-05-10 15:14:38,972 [INFO] ADCParametersView:116 -                Rank 2 : true
2025-05-10 15:14:38,972 [INFO] ADCParametersView:116 -                Rank 3 : true
2025-05-10 15:14:38,972 [INFO] ADCParametersView:116 -                Rank 1 : false
2025-05-10 15:14:38,972 [INFO] ADCParametersView:116 -                Rank 1 : true
2025-05-10 15:14:38,972 [INFO] ADCParametersView:116 -                Rank 2 : true
2025-05-10 15:14:38,972 [INFO] ADCParametersView:116 -                Rank 3 : true
2025-05-10 15:14:38,972 [INFO] ADCParametersView:116 -                Rank 1 : false
2025-05-10 15:14:38,972 [INFO] ADCParametersView:116 -                Rank 1 : true
2025-05-10 15:14:38,972 [INFO] ADCParametersView:116 -                Rank 2 : true
2025-05-10 15:14:38,972 [INFO] ADCParametersView:116 -                Rank 3 : true
2025-05-10 15:14:38,972 [INFO] ADCParametersView:116 -                Rank 1 : true
2025-05-10 15:14:38,972 [INFO] ADCParametersView:116 -                Rank 2 : true
2025-05-10 15:14:38,972 [INFO] ADCParametersView:116 -                Rank 3 : true
2025-05-10 15:14:38,972 [INFO] ADCParametersView:116 -                Rank 1 : false
2025-05-10 15:14:38,972 [INFO] ADCParametersView:116 -                Rank 1 : true
2025-05-10 15:14:38,972 [INFO] ADCParametersView:116 -                Rank 2 : true
2025-05-10 15:14:38,972 [INFO] ADCParametersView:116 -                Rank 3 : true
2025-05-10 15:14:38,973 [INFO] ADCParametersView:116 -                Rank 1 : false
2025-05-10 15:14:38,973 [INFO] ADCParametersView:116 -                Rank 1 : true
2025-05-10 15:14:38,973 [INFO] ADCParametersView:116 -                Rank 2 : true
2025-05-10 15:14:38,973 [INFO] ADCParametersView:116 -                Rank 3 : true
2025-05-10 15:14:38,973 [INFO] ADCParametersView:116 -                Rank 1 : false
2025-05-10 15:14:38,973 [INFO] ADCParametersView:116 -                Rank 1 : true
2025-05-10 15:14:38,973 [INFO] ADCParametersView:116 -                Rank 2 : true
2025-05-10 15:14:38,973 [INFO] ADCParametersView:116 -                Rank 3 : true
2025-05-10 15:14:38,973 [INFO] ADCParametersView:116 -                Rank 1 : false
2025-05-10 15:14:38,973 [INFO] ADCParametersView:116 -                Rank 1 : true
2025-05-10 15:14:38,973 [INFO] ADCParametersView:116 -                Rank 2 : true
2025-05-10 15:14:38,973 [INFO] ADCParametersView:116 -                Rank 3 : true
2025-05-10 15:14:38,973 [INFO] ADCParametersView:116 -                Rank 1 : false
2025-05-10 15:14:38,973 [INFO] ADCParametersView:116 -                Rank 1 : true
2025-05-10 15:14:38,973 [INFO] ADCParametersView:116 -                Rank 2 : true
2025-05-10 15:14:38,973 [INFO] ADCParametersView:116 -                Rank 3 : true
2025-05-10 15:14:38,973 [INFO] ADCParametersView:116 -                Rank 1 : false
2025-05-10 15:14:38,973 [INFO] ADCParametersView:116 -                Rank 1 : true
2025-05-10 15:14:38,974 [INFO] ADCParametersView:116 -                Rank 2 : true
2025-05-10 15:14:38,974 [INFO] ADCParametersView:116 -                Rank 3 : true
2025-05-10 15:14:38,974 [INFO] ADCParametersView:116 -                Rank 1 : false
2025-05-10 15:14:38,974 [INFO] ADCParametersView:116 -                Rank 1 : false
2025-05-10 15:14:38,974 [INFO] ADCParametersView:116 -                Rank 1 : true
2025-05-10 15:14:38,974 [INFO] ADCParametersView:116 -                Rank 2 : true
2025-05-10 15:14:38,974 [INFO] ADCParametersView:116 -                Rank 3 : true
2025-05-10 15:14:38,974 [INFO] ADCParametersView:116 -                Rank 1 : false
2025-05-10 15:14:38,974 [INFO] ADCParametersView:116 -                Rank 1 : true
2025-05-10 15:14:38,974 [INFO] ADCParametersView:116 -                Rank 2 : true
2025-05-10 15:14:38,974 [INFO] ADCParametersView:116 -                Rank 3 : true
2025-05-10 15:14:38,974 [INFO] ADCParametersView:116 -                Rank 1 : false
2025-05-10 15:14:38,974 [INFO] ADCParametersView:116 -                Rank 1 : true
2025-05-10 15:14:38,974 [INFO] ADCParametersView:116 -                Rank 2 : true
2025-05-10 15:14:38,974 [INFO] ADCParametersView:116 -                Rank 3 : true
2025-05-10 15:14:38,974 [INFO] ADCParametersView:116 -                Rank 1 : false
2025-05-10 15:14:38,974 [INFO] ADCParametersView:116 -                Rank 1 : true
2025-05-10 15:14:38,974 [INFO] ADCParametersView:116 -                Rank 2 : true
2025-05-10 15:14:38,974 [INFO] ADCParametersView:116 -                Rank 3 : true
2025-05-10 15:14:38,975 [INFO] ADCParametersView:116 -                Rank 1 : true
2025-05-10 15:14:38,975 [INFO] ADCParametersView:116 -                Rank 2 : true
2025-05-10 15:14:38,975 [INFO] ADCParametersView:116 -                Rank 3 : true
2025-05-10 15:14:38,975 [INFO] ADCParametersView:116 -                Rank 2 : true
2025-05-10 15:14:38,975 [INFO] ADCParametersView:116 -                Rank 3 : true
2025-05-10 15:14:38,975 [INFO] ADCParametersView:116 -                Rank 3 : true
2025-05-10 15:14:39,001 [INFO] ADCParametersView:116 -                Rank 1 : false
2025-05-10 15:14:39,002 [INFO] ADCParametersView:116 -                Rank 1 : false
2025-05-10 15:14:39,002 [INFO] ADCParametersView:116 -                Rank 1 : true
2025-05-10 15:14:39,002 [INFO] ADCParametersView:116 -                Rank 1 : false
2025-05-10 15:14:39,002 [INFO] ADCParametersView:116 -                Rank 1 : true
2025-05-10 15:14:39,002 [INFO] ADCParametersView:116 -                Rank 2 : true
2025-05-10 15:14:39,002 [INFO] ADCParametersView:116 -                Rank 1 : false
2025-05-10 15:14:39,002 [INFO] ADCParametersView:116 -                Rank 1 : true
2025-05-10 15:14:39,002 [INFO] ADCParametersView:116 -                Rank 2 : true
2025-05-10 15:14:39,002 [INFO] ADCParametersView:116 -                Rank 3 : true
2025-05-10 15:14:40,165 [INFO] NvicIntPanel:101 - NVIC parent = com.st.microxplorer.plugins.ip.nvic.MultiNvicIntPanel[,0,0,0x0,invalid,layout=javax.swing.BoxLayout,alignmentX=0.0,alignmentY=0.0,border=,flags=9,maximumSize=,minimumSize=,preferredSize=]
2025-05-10 15:14:40,203 [INFO] ADCParametersView:116 -                Rank 1 : false
2025-05-10 15:14:40,203 [INFO] ADCParametersView:116 -                Rank 1 : true
2025-05-10 15:14:40,203 [INFO] ADCParametersView:116 -                Rank 2 : true
2025-05-10 15:14:40,203 [INFO] ADCParametersView:116 -                Rank 3 : true
2025-05-10 15:14:40,205 [INFO] ADCParametersView:116 -                Rank 1 : false
2025-05-10 15:14:40,205 [INFO] ADCParametersView:116 -                Rank 1 : true
2025-05-10 15:14:40,205 [INFO] ADCParametersView:116 -                Rank 2 : true
2025-05-10 15:14:40,205 [INFO] ADCParametersView:116 -                Rank 3 : true
2025-05-10 15:14:40,206 [INFO] ADCParametersView:116 -                Rank 1 : false
2025-05-10 15:14:40,206 [INFO] ADCParametersView:116 -                Rank 1 : true
2025-05-10 15:14:40,206 [INFO] ADCParametersView:116 -                Rank 2 : true
2025-05-10 15:14:40,206 [INFO] ADCParametersView:116 -                Rank 3 : true
2025-05-10 15:14:40,206 [INFO] ADCParametersView:116 -                Rank 1 : false
2025-05-10 15:14:40,206 [INFO] ADCParametersView:116 -                Rank 1 : true
2025-05-10 15:14:40,206 [INFO] ADCParametersView:116 -                Rank 2 : true
2025-05-10 15:14:40,206 [INFO] ADCParametersView:116 -                Rank 3 : true
2025-05-10 15:14:40,206 [INFO] ADCParametersView:116 -                Rank 1 : false
2025-05-10 15:14:40,206 [INFO] ADCParametersView:116 -                Rank 1 : true
2025-05-10 15:14:40,206 [INFO] ADCParametersView:116 -                Rank 2 : true
2025-05-10 15:14:40,206 [INFO] ADCParametersView:116 -                Rank 3 : true
2025-05-10 15:14:40,206 [INFO] ADCParametersView:116 -                Rank 1 : false
2025-05-10 15:14:40,206 [INFO] ADCParametersView:116 -                Rank 1 : true
2025-05-10 15:14:40,206 [INFO] ADCParametersView:116 -                Rank 2 : true
2025-05-10 15:14:40,206 [INFO] ADCParametersView:116 -                Rank 3 : true
2025-05-10 15:14:40,206 [INFO] ADCParametersView:116 -                Rank 1 : false
2025-05-10 15:14:40,206 [INFO] ADCParametersView:116 -                Rank 1 : true
2025-05-10 15:14:40,206 [INFO] ADCParametersView:116 -                Rank 2 : true
2025-05-10 15:14:40,206 [INFO] ADCParametersView:116 -                Rank 3 : true
2025-05-10 15:14:40,206 [INFO] ADCParametersView:116 -                Rank 1 : false
2025-05-10 15:14:40,206 [INFO] ADCParametersView:116 -                Rank 1 : true
2025-05-10 15:14:40,206 [INFO] ADCParametersView:116 -                Rank 2 : true
2025-05-10 15:14:40,206 [INFO] ADCParametersView:116 -                Rank 3 : true
2025-05-10 15:14:40,206 [INFO] ADCParametersView:116 -                Rank 1 : false
2025-05-10 15:14:40,206 [INFO] ADCParametersView:116 -                Rank 1 : true
2025-05-10 15:14:40,206 [INFO] ADCParametersView:116 -                Rank 2 : true
2025-05-10 15:14:40,206 [INFO] ADCParametersView:116 -                Rank 3 : true
2025-05-10 15:14:40,206 [INFO] ADCParametersView:116 -                Rank 1 : false
2025-05-10 15:14:40,206 [INFO] ADCParametersView:116 -                Rank 1 : true
2025-05-10 15:14:40,206 [INFO] ADCParametersView:116 -                Rank 2 : true
2025-05-10 15:14:40,206 [INFO] ADCParametersView:116 -                Rank 3 : true
2025-05-10 15:14:40,207 [INFO] ADCParametersView:116 -                Rank 1 : false
2025-05-10 15:14:40,207 [INFO] ADCParametersView:116 -                Rank 1 : true
2025-05-10 15:14:40,207 [INFO] ADCParametersView:116 -                Rank 2 : true
2025-05-10 15:14:40,207 [INFO] ADCParametersView:116 -                Rank 3 : true
2025-05-10 15:14:40,207 [INFO] ADCParametersView:116 -                Rank 1 : false
2025-05-10 15:14:40,207 [INFO] ADCParametersView:116 -                Rank 1 : true
2025-05-10 15:14:40,207 [INFO] ADCParametersView:116 -                Rank 2 : true
2025-05-10 15:14:40,207 [INFO] ADCParametersView:116 -                Rank 3 : true
2025-05-10 15:14:40,207 [INFO] ADCParametersView:116 -                Rank 1 : false
2025-05-10 15:14:40,207 [INFO] ADCParametersView:116 -                Rank 1 : true
2025-05-10 15:14:40,207 [INFO] ADCParametersView:116 -                Rank 2 : true
2025-05-10 15:14:40,207 [INFO] ADCParametersView:116 -                Rank 3 : true
2025-05-10 15:14:40,207 [INFO] ADCParametersView:116 -                Rank 1 : false
2025-05-10 15:14:40,207 [INFO] ADCParametersView:116 -                Rank 1 : true
2025-05-10 15:14:40,207 [INFO] ADCParametersView:116 -                Rank 2 : true
2025-05-10 15:14:40,207 [INFO] ADCParametersView:116 -                Rank 3 : true
2025-05-10 15:14:40,207 [INFO] ADCParametersView:116 -                Rank 1 : false
2025-05-10 15:14:40,207 [INFO] ADCParametersView:116 -                Rank 1 : true
2025-05-10 15:14:40,207 [INFO] ADCParametersView:116 -                Rank 2 : true
2025-05-10 15:14:40,207 [INFO] ADCParametersView:116 -                Rank 3 : true
2025-05-10 15:14:40,207 [INFO] ADCParametersView:116 -                Rank 1 : false
2025-05-10 15:14:40,207 [INFO] ADCParametersView:116 -                Rank 1 : true
2025-05-10 15:14:40,207 [INFO] ADCParametersView:116 -                Rank 2 : true
2025-05-10 15:14:40,207 [INFO] ADCParametersView:116 -                Rank 3 : true
2025-05-10 15:14:40,207 [INFO] ADCParametersView:116 -                Rank 1 : true
2025-05-10 15:14:40,207 [INFO] ADCParametersView:116 -                Rank 2 : true
2025-05-10 15:14:40,207 [INFO] ADCParametersView:116 -                Rank 3 : true
2025-05-10 15:14:40,207 [INFO] ADCParametersView:116 -                Rank 1 : false
2025-05-10 15:14:40,207 [INFO] ADCParametersView:116 -                Rank 1 : true
2025-05-10 15:14:40,207 [INFO] ADCParametersView:116 -                Rank 2 : true
2025-05-10 15:14:40,207 [INFO] ADCParametersView:116 -                Rank 3 : true
2025-05-10 15:14:40,207 [INFO] ADCParametersView:116 -                Rank 1 : false
2025-05-10 15:14:40,207 [INFO] ADCParametersView:116 -                Rank 1 : true
2025-05-10 15:14:40,207 [INFO] ADCParametersView:116 -                Rank 2 : true
2025-05-10 15:14:40,207 [INFO] ADCParametersView:116 -                Rank 3 : true
2025-05-10 15:14:40,207 [INFO] ADCParametersView:116 -                Rank 1 : false
2025-05-10 15:14:40,208 [INFO] ADCParametersView:116 -                Rank 1 : true
2025-05-10 15:14:40,208 [INFO] ADCParametersView:116 -                Rank 2 : true
2025-05-10 15:14:40,208 [INFO] ADCParametersView:116 -                Rank 3 : true
2025-05-10 15:14:40,208 [INFO] ADCParametersView:116 -                Rank 1 : false
2025-05-10 15:14:40,208 [INFO] ADCParametersView:116 -                Rank 1 : true
2025-05-10 15:14:40,208 [INFO] ADCParametersView:116 -                Rank 2 : true
2025-05-10 15:14:40,208 [INFO] ADCParametersView:116 -                Rank 3 : true
2025-05-10 15:14:40,208 [INFO] ADCParametersView:116 -                Rank 1 : false
2025-05-10 15:14:40,208 [INFO] ADCParametersView:116 -                Rank 1 : true
2025-05-10 15:14:40,208 [INFO] ADCParametersView:116 -                Rank 2 : true
2025-05-10 15:14:40,208 [INFO] ADCParametersView:116 -                Rank 3 : true
2025-05-10 15:14:40,208 [INFO] ADCParametersView:116 -                Rank 1 : false
2025-05-10 15:14:40,208 [INFO] ADCParametersView:116 -                Rank 1 : true
2025-05-10 15:14:40,208 [INFO] ADCParametersView:116 -                Rank 2 : true
2025-05-10 15:14:40,208 [INFO] ADCParametersView:116 -                Rank 3 : true
2025-05-10 15:14:40,208 [INFO] ADCParametersView:116 -                Rank 1 : false
2025-05-10 15:14:40,208 [INFO] ADCParametersView:116 -                Rank 1 : false
2025-05-10 15:14:40,208 [INFO] ADCParametersView:116 -                Rank 1 : true
2025-05-10 15:14:40,208 [INFO] ADCParametersView:116 -                Rank 2 : true
2025-05-10 15:14:40,208 [INFO] ADCParametersView:116 -                Rank 3 : true
2025-05-10 15:14:40,208 [INFO] ADCParametersView:116 -                Rank 1 : false
2025-05-10 15:14:40,208 [INFO] ADCParametersView:116 -                Rank 1 : true
2025-05-10 15:14:40,208 [INFO] ADCParametersView:116 -                Rank 2 : true
2025-05-10 15:14:40,208 [INFO] ADCParametersView:116 -                Rank 3 : true
2025-05-10 15:14:40,208 [INFO] ADCParametersView:116 -                Rank 1 : false
2025-05-10 15:14:40,208 [INFO] ADCParametersView:116 -                Rank 1 : true
2025-05-10 15:14:40,208 [INFO] ADCParametersView:116 -                Rank 2 : true
2025-05-10 15:14:40,208 [INFO] ADCParametersView:116 -                Rank 3 : true
2025-05-10 15:14:40,208 [INFO] ADCParametersView:116 -                Rank 1 : false
2025-05-10 15:14:40,208 [INFO] ADCParametersView:116 -                Rank 1 : true
2025-05-10 15:14:40,208 [INFO] ADCParametersView:116 -                Rank 2 : true
2025-05-10 15:14:40,208 [INFO] ADCParametersView:116 -                Rank 3 : true
2025-05-10 15:14:40,208 [INFO] ADCParametersView:116 -                Rank 1 : true
2025-05-10 15:14:40,208 [INFO] ADCParametersView:116 -                Rank 2 : true
2025-05-10 15:14:40,208 [INFO] ADCParametersView:116 -                Rank 3 : true
2025-05-10 15:14:40,208 [INFO] ADCParametersView:116 -                Rank 2 : true
2025-05-10 15:14:40,208 [INFO] ADCParametersView:116 -                Rank 3 : true
2025-05-10 15:14:40,208 [INFO] ADCParametersView:116 -                Rank 3 : true
2025-05-10 15:14:40,231 [INFO] ADCParametersView:116 -                Rank 1 : false
2025-05-10 15:14:40,232 [INFO] ADCParametersView:116 -                Rank 1 : false
2025-05-10 15:14:40,232 [INFO] ADCParametersView:116 -                Rank 1 : true
2025-05-10 15:14:40,232 [INFO] ADCParametersView:116 -                Rank 1 : false
2025-05-10 15:14:40,232 [INFO] ADCParametersView:116 -                Rank 1 : true
2025-05-10 15:14:40,232 [INFO] ADCParametersView:116 -                Rank 2 : true
2025-05-10 15:14:40,232 [INFO] ADCParametersView:116 -                Rank 1 : false
2025-05-10 15:14:40,232 [INFO] ADCParametersView:116 -                Rank 1 : true
2025-05-10 15:14:40,232 [INFO] ADCParametersView:116 -                Rank 2 : true
2025-05-10 15:14:40,232 [INFO] ADCParametersView:116 -                Rank 3 : true
2025-05-10 15:14:53,063 [INFO] UtilMem:75 - End SaveConfig() Used Memory: 787921520 Bytes (1073741824)
2025-05-10 15:14:54,154 [INFO] UtilMem:75 - End SaveConfig() Used Memory: 822954312 Bytes (1073741824)
2025-05-10 15:14:55,299 [INFO] UtilMem:75 - End SaveConfig() Used Memory: 866606992 Bytes (1073741824)
2025-05-10 15:14:55,853 [INFO] BlockDiagram:2766 - set Specific Code input for plugin: SPI
2025-05-10 15:14:55,853 [INFO] BlockDiagram:2766 - set Specific Code input for plugin: TIM1_8G4
2025-05-10 15:14:55,853 [INFO] BlockDiagram:2766 - set Specific Code input for plugin: SYS
2025-05-10 15:14:55,853 [INFO] BlockDiagram:2766 - set Specific Code input for plugin: ADC
2025-05-10 15:14:55,853 [INFO] BlockDiagram:2766 - set Specific Code input for plugin: RCC
2025-05-10 15:14:55,853 [INFO] BlockDiagram:2766 - set Specific Code input for plugin: NVIC
2025-05-10 15:14:55,853 [INFO] BlockDiagram:2766 - set Specific Code input for plugin: GPIO
2025-05-10 15:14:55,854 [INFO] CodeGenerator:896 - code generatio: config db path: C:\ST\STM32CubeIDE_1.16.1\STM32CubeIDE\plugins\com.st.stm32cube.common.mx_6.13.0.202411220809\\db\
2025-05-10 15:14:56,142 [INFO] CodeEngine:255 - oldGeneratedFile, E:\AGH\AiR\Praca_inzynierska\bldc_foc\Projects\BLDC_FOC\MXTmpFiles\license.tmp_save
2025-05-10 15:14:56,638 [INFO] CodeEngine:279 - Generated code: E:\AGH\AiR\Praca_inzynierska\bldc_foc\Projects\BLDC_FOC\MXTmpFiles\license.tmp
2025-05-10 15:14:56,773 [INFO] CodeEngine:255 - oldGeneratedFile, E:\AGH\AiR\Praca_inzynierska\bldc_foc\Projects\BLDC_FOC\Core\Src\gpio.c_save
2025-05-10 15:14:56,928 [INFO] CodeEngine:279 - Generated code: E:\AGH\AiR\Praca_inzynierska\bldc_foc\Projects\BLDC_FOC\Core\Src\gpio.c
2025-05-10 15:14:56,938 [INFO] CodeEngine:255 - oldGeneratedFile, E:\AGH\AiR\Praca_inzynierska\bldc_foc\Projects\BLDC_FOC\Core\Inc\gpio.h_save
2025-05-10 15:14:57,027 [INFO] CodeEngine:279 - Generated code: E:\AGH\AiR\Praca_inzynierska\bldc_foc\Projects\BLDC_FOC\Core\Inc\gpio.h
2025-05-10 15:14:57,331 [INFO] CodeEngine:255 - oldGeneratedFile, E:\AGH\AiR\Praca_inzynierska\bldc_foc\Projects\BLDC_FOC\Core\Src\adc.c_save
2025-05-10 15:14:57,508 [INFO] CodeEngine:279 - Generated code: E:\AGH\AiR\Praca_inzynierska\bldc_foc\Projects\BLDC_FOC\Core\Src\adc.c
2025-05-10 15:14:57,521 [INFO] CodeEngine:255 - oldGeneratedFile, E:\AGH\AiR\Praca_inzynierska\bldc_foc\Projects\BLDC_FOC\Core\Inc\adc.h_save
2025-05-10 15:14:57,575 [INFO] CodeEngine:279 - Generated code: E:\AGH\AiR\Praca_inzynierska\bldc_foc\Projects\BLDC_FOC\Core\Inc\adc.h
2025-05-10 15:14:57,588 [INFO] CodeEngine:255 - oldGeneratedFile, E:\AGH\AiR\Praca_inzynierska\bldc_foc\Projects\BLDC_FOC\Core\Src\spi.c_save
2025-05-10 15:14:57,674 [INFO] CodeEngine:279 - Generated code: E:\AGH\AiR\Praca_inzynierska\bldc_foc\Projects\BLDC_FOC\Core\Src\spi.c
2025-05-10 15:14:57,677 [INFO] CodeEngine:255 - oldGeneratedFile, E:\AGH\AiR\Praca_inzynierska\bldc_foc\Projects\BLDC_FOC\Core\Inc\spi.h_save
2025-05-10 15:14:57,746 [INFO] CodeEngine:279 - Generated code: E:\AGH\AiR\Praca_inzynierska\bldc_foc\Projects\BLDC_FOC\Core\Inc\spi.h
2025-05-10 15:14:57,761 [INFO] CodeEngine:255 - oldGeneratedFile, E:\AGH\AiR\Praca_inzynierska\bldc_foc\Projects\BLDC_FOC\Core\Src\tim.c_save
2025-05-10 15:14:57,838 [INFO] CodeEngine:279 - Generated code: E:\AGH\AiR\Praca_inzynierska\bldc_foc\Projects\BLDC_FOC\Core\Src\tim.c
2025-05-10 15:14:57,842 [INFO] CodeEngine:255 - oldGeneratedFile, E:\AGH\AiR\Praca_inzynierska\bldc_foc\Projects\BLDC_FOC\Core\Inc\tim.h_save
2025-05-10 15:14:57,903 [INFO] CodeEngine:279 - Generated code: E:\AGH\AiR\Praca_inzynierska\bldc_foc\Projects\BLDC_FOC\Core\Inc\tim.h
2025-05-10 15:14:57,924 [INFO] CodeEngine:255 - oldGeneratedFile, E:\AGH\AiR\Praca_inzynierska\bldc_foc\Projects\BLDC_FOC\Core\Src\stm32g4xx_it.c_save
2025-05-10 15:14:58,026 [INFO] CodeEngine:279 - Generated code: E:\AGH\AiR\Praca_inzynierska\bldc_foc\Projects\BLDC_FOC\Core\Src\stm32g4xx_it.c
2025-05-10 15:14:58,039 [INFO] CodeEngine:255 - oldGeneratedFile, E:\AGH\AiR\Praca_inzynierska\bldc_foc\Projects\BLDC_FOC\Core\Inc\stm32g4xx_it.h_save
2025-05-10 15:14:58,087 [INFO] CodeEngine:279 - Generated code: E:\AGH\AiR\Praca_inzynierska\bldc_foc\Projects\BLDC_FOC\Core\Inc\stm32g4xx_it.h
2025-05-10 15:14:58,102 [INFO] CodeEngine:255 - oldGeneratedFile, E:\AGH\AiR\Praca_inzynierska\bldc_foc\Projects\BLDC_FOC\Core\Src\stm32g4xx_hal_msp.c_save
2025-05-10 15:14:58,169 [INFO] CodeEngine:279 - Generated code: E:\AGH\AiR\Praca_inzynierska\bldc_foc\Projects\BLDC_FOC\Core\Src\stm32g4xx_hal_msp.c
2025-05-10 15:14:58,171 [INFO] CodeEngine:255 - oldGeneratedFile, E:\AGH\AiR\Praca_inzynierska\bldc_foc\Projects\BLDC_FOC\MXTmpFiles\system.tmp_save
2025-05-10 15:14:58,217 [INFO] CodeEngine:279 - Generated code: E:\AGH\AiR\Praca_inzynierska\bldc_foc\Projects\BLDC_FOC\MXTmpFiles\system.tmp
2025-05-10 15:14:58,231 [INFO] CodeEngine:311 - oldGeneratedFile, E:\AGH\AiR\Praca_inzynierska\bldc_foc\Projects\BLDC_FOC\Core\Inc\stm32g4xx_hal_conf.h_save
2025-05-10 15:14:58,305 [INFO] CodeEngine:335 - Generated code: E:\AGH\AiR\Praca_inzynierska\bldc_foc\Projects\BLDC_FOC\Core\Inc\stm32g4xx_hal_conf.h
2025-05-10 15:14:58,339 [WARN] IPConfigManager:3034 - Warning: the RefConfig RCC_CommonPeriphClockConfig is not available in your config.xml file
2025-05-10 15:14:58,344 [INFO] ApiDbMcu:508 - Load IP Config File for ADC1
2025-05-10 15:14:58,347 [INFO] ApiDbMcu:508 - Load IP Config File for SPI3
2025-05-10 15:14:58,361 [INFO] ApiDbMcu:508 - Load IP Config File for TIM1
2025-05-10 15:14:58,364 [INFO] ApiDbMcu:508 - Load IP Config File for RCC
2025-05-10 15:14:58,380 [INFO] CodeEngine:255 - oldGeneratedFile, E:\AGH\AiR\Praca_inzynierska\bldc_foc\Projects\BLDC_FOC\Core\Inc\main.h_save
2025-05-10 15:14:58,469 [INFO] CodeEngine:279 - Generated code: E:\AGH\AiR\Praca_inzynierska\bldc_foc\Projects\BLDC_FOC\Core\Inc\main.h
2025-05-10 15:14:58,481 [INFO] CodeEngine:255 - oldGeneratedFile, E:\AGH\AiR\Praca_inzynierska\bldc_foc\Projects\BLDC_FOC\Core\Src\main.c_save
2025-05-10 15:14:58,591 [INFO] CodeEngine:279 - Generated code: E:\AGH\AiR\Praca_inzynierska\bldc_foc\Projects\BLDC_FOC\Core\Src\main.c
2025-05-10 15:14:58,816 [INFO] ProjectBuilder:3289 - Time for Copy HAL[1] : 92mS.
2025-05-10 15:14:58,822 [INFO] ProjectBuilder:4876 - Project Generator version: 4.5.0-RC5
2025-05-10 15:14:58,900 [INFO] ConfigFileManager:1579 - The Die is : DIE468
2025-05-10 15:14:58,903 [INFO] ApiDbMcu:508 - Load IP Config File for FATFS
2025-05-10 15:14:58,907 [INFO] ApiDbMcu:508 - Load IP Config File for FREERTOS
2025-05-10 15:14:58,912 [INFO] ApiDbMcu:508 - Load IP Config File for USBPD
2025-05-10 15:14:58,931 [INFO] ApiDbMcu:508 - Load IP Config File for USB_DEVICE
2025-05-10 15:14:59,300 [INFO] LogOutputStream:77 - [STDOUT_REDIRECT] 
2025-05-10 15:15:00,085 [INFO] ProjectBuilder:5154 - Time for Generating toolchain IDE Files: 1261mS.
2025-05-10 15:15:00,086 [INFO] ProjectBuilder:3146 - Time for Copy CMSIS : 0mS.
2025-05-10 15:15:00,088 [INFO] ProjectBuilder:3146 - Time for Copy CMSIS : 0mS.
2025-05-10 15:15:45,653 [INFO] UtilMem:75 - End SaveConfig() Used Memory: 822516280 Bytes (1073741824)
2025-05-10 15:15:46,474 [INFO] UtilMem:75 - End SaveConfig() Used Memory: 843487800 Bytes (1073741824)
2025-05-10 15:15:47,552 [INFO] UtilMem:75 - End SaveConfig() Used Memory: 883333688 Bytes (1073741824)
2025-05-10 15:15:47,706 [INFO] BlockDiagram:2766 - set Specific Code input for plugin: SPI
2025-05-10 15:15:47,706 [INFO] BlockDiagram:2766 - set Specific Code input for plugin: TIM1_8G4
2025-05-10 15:15:47,706 [INFO] BlockDiagram:2766 - set Specific Code input for plugin: SYS
2025-05-10 15:15:47,706 [INFO] BlockDiagram:2766 - set Specific Code input for plugin: ADC
2025-05-10 15:15:47,706 [INFO] BlockDiagram:2766 - set Specific Code input for plugin: RCC
2025-05-10 15:15:47,707 [INFO] BlockDiagram:2766 - set Specific Code input for plugin: NVIC
2025-05-10 15:15:47,707 [INFO] BlockDiagram:2766 - set Specific Code input for plugin: USART
2025-05-10 15:15:47,707 [INFO] BlockDiagram:2766 - set Specific Code input for plugin: GPIO
2025-05-10 15:15:47,707 [INFO] CodeGenerator:896 - code generatio: config db path: C:\ST\STM32CubeIDE_1.16.1\STM32CubeIDE\plugins\com.st.stm32cube.common.mx_6.13.0.202411220809\\db\
2025-05-10 15:15:47,778 [INFO] CodeEngine:255 - oldGeneratedFile, E:\AGH\AiR\Praca_inzynierska\bldc_foc\Projects\BLDC_FOC\MXTmpFiles\license.tmp_save
2025-05-10 15:15:47,842 [INFO] CodeEngine:279 - Generated code: E:\AGH\AiR\Praca_inzynierska\bldc_foc\Projects\BLDC_FOC\MXTmpFiles\license.tmp
2025-05-10 15:15:47,897 [INFO] CodeEngine:255 - oldGeneratedFile, E:\AGH\AiR\Praca_inzynierska\bldc_foc\Projects\BLDC_FOC\Core\Src\gpio.c_save
2025-05-10 15:15:47,957 [INFO] CodeEngine:279 - Generated code: E:\AGH\AiR\Praca_inzynierska\bldc_foc\Projects\BLDC_FOC\Core\Src\gpio.c
2025-05-10 15:15:47,960 [INFO] CodeEngine:255 - oldGeneratedFile, E:\AGH\AiR\Praca_inzynierska\bldc_foc\Projects\BLDC_FOC\Core\Inc\gpio.h_save
2025-05-10 15:15:48,003 [INFO] CodeEngine:279 - Generated code: E:\AGH\AiR\Praca_inzynierska\bldc_foc\Projects\BLDC_FOC\Core\Inc\gpio.h
2025-05-10 15:15:48,270 [INFO] CodeEngine:255 - oldGeneratedFile, E:\AGH\AiR\Praca_inzynierska\bldc_foc\Projects\BLDC_FOC\Core\Src\adc.c_save
2025-05-10 15:15:48,341 [INFO] CodeEngine:279 - Generated code: E:\AGH\AiR\Praca_inzynierska\bldc_foc\Projects\BLDC_FOC\Core\Src\adc.c
2025-05-10 15:15:48,352 [INFO] CodeEngine:255 - oldGeneratedFile, E:\AGH\AiR\Praca_inzynierska\bldc_foc\Projects\BLDC_FOC\Core\Inc\adc.h_save
2025-05-10 15:15:48,395 [INFO] CodeEngine:279 - Generated code: E:\AGH\AiR\Praca_inzynierska\bldc_foc\Projects\BLDC_FOC\Core\Inc\adc.h
2025-05-10 15:15:48,406 [INFO] CodeEngine:255 - oldGeneratedFile, E:\AGH\AiR\Praca_inzynierska\bldc_foc\Projects\BLDC_FOC\Core\Src\spi.c_save
2025-05-10 15:15:48,462 [INFO] CodeEngine:279 - Generated code: E:\AGH\AiR\Praca_inzynierska\bldc_foc\Projects\BLDC_FOC\Core\Src\spi.c
2025-05-10 15:15:48,465 [INFO] CodeEngine:255 - oldGeneratedFile, E:\AGH\AiR\Praca_inzynierska\bldc_foc\Projects\BLDC_FOC\Core\Inc\spi.h_save
2025-05-10 15:15:48,507 [INFO] CodeEngine:279 - Generated code: E:\AGH\AiR\Praca_inzynierska\bldc_foc\Projects\BLDC_FOC\Core\Inc\spi.h
2025-05-10 15:15:48,518 [INFO] CodeEngine:255 - oldGeneratedFile, E:\AGH\AiR\Praca_inzynierska\bldc_foc\Projects\BLDC_FOC\Core\Src\tim.c_save
2025-05-10 15:15:48,578 [INFO] CodeEngine:279 - Generated code: E:\AGH\AiR\Praca_inzynierska\bldc_foc\Projects\BLDC_FOC\Core\Src\tim.c
2025-05-10 15:15:48,581 [INFO] CodeEngine:255 - oldGeneratedFile, E:\AGH\AiR\Praca_inzynierska\bldc_foc\Projects\BLDC_FOC\Core\Inc\tim.h_save
2025-05-10 15:15:48,622 [INFO] CodeEngine:279 - Generated code: E:\AGH\AiR\Praca_inzynierska\bldc_foc\Projects\BLDC_FOC\Core\Inc\tim.h
2025-05-10 15:15:48,627 [INFO] CodeEngine:255 - oldGeneratedFile, E:\AGH\AiR\Praca_inzynierska\bldc_foc\Projects\BLDC_FOC\Core\Src\usart.c_save
2025-05-10 15:15:48,710 [INFO] CodeEngine:279 - Generated code: E:\AGH\AiR\Praca_inzynierska\bldc_foc\Projects\BLDC_FOC\Core\Src\usart.c
2025-05-10 15:15:48,712 [INFO] CodeEngine:255 - oldGeneratedFile, E:\AGH\AiR\Praca_inzynierska\bldc_foc\Projects\BLDC_FOC\Core\Inc\usart.h_save
2025-05-10 15:15:48,770 [INFO] CodeEngine:279 - Generated code: E:\AGH\AiR\Praca_inzynierska\bldc_foc\Projects\BLDC_FOC\Core\Inc\usart.h
2025-05-10 15:15:48,785 [INFO] CodeEngine:255 - oldGeneratedFile, E:\AGH\AiR\Praca_inzynierska\bldc_foc\Projects\BLDC_FOC\Core\Src\stm32g4xx_it.c_save
2025-05-10 15:15:48,844 [INFO] CodeEngine:279 - Generated code: E:\AGH\AiR\Praca_inzynierska\bldc_foc\Projects\BLDC_FOC\Core\Src\stm32g4xx_it.c
2025-05-10 15:15:48,847 [INFO] CodeEngine:255 - oldGeneratedFile, E:\AGH\AiR\Praca_inzynierska\bldc_foc\Projects\BLDC_FOC\Core\Inc\stm32g4xx_it.h_save
2025-05-10 15:15:48,887 [INFO] CodeEngine:279 - Generated code: E:\AGH\AiR\Praca_inzynierska\bldc_foc\Projects\BLDC_FOC\Core\Inc\stm32g4xx_it.h
2025-05-10 15:15:48,901 [INFO] CodeEngine:255 - oldGeneratedFile, E:\AGH\AiR\Praca_inzynierska\bldc_foc\Projects\BLDC_FOC\Core\Src\stm32g4xx_hal_msp.c_save
2025-05-10 15:15:48,964 [INFO] CodeEngine:279 - Generated code: E:\AGH\AiR\Praca_inzynierska\bldc_foc\Projects\BLDC_FOC\Core\Src\stm32g4xx_hal_msp.c
2025-05-10 15:15:48,966 [INFO] CodeEngine:255 - oldGeneratedFile, E:\AGH\AiR\Praca_inzynierska\bldc_foc\Projects\BLDC_FOC\MXTmpFiles\system.tmp_save
2025-05-10 15:15:49,011 [INFO] CodeEngine:279 - Generated code: E:\AGH\AiR\Praca_inzynierska\bldc_foc\Projects\BLDC_FOC\MXTmpFiles\system.tmp
2025-05-10 15:15:49,023 [INFO] CodeEngine:311 - oldGeneratedFile, E:\AGH\AiR\Praca_inzynierska\bldc_foc\Projects\BLDC_FOC\Core\Inc\stm32g4xx_hal_conf.h_save
2025-05-10 15:15:49,098 [INFO] CodeEngine:335 - Generated code: E:\AGH\AiR\Praca_inzynierska\bldc_foc\Projects\BLDC_FOC\Core\Inc\stm32g4xx_hal_conf.h
2025-05-10 15:15:49,118 [WARN] IPConfigManager:3034 - Warning: the RefConfig RCC_CommonPeriphClockConfig is not available in your config.xml file
2025-05-10 15:15:49,125 [INFO] ApiDbMcu:508 - Load IP Config File for USART2
2025-05-10 15:15:49,136 [INFO] CodeEngine:255 - oldGeneratedFile, E:\AGH\AiR\Praca_inzynierska\bldc_foc\Projects\BLDC_FOC\Core\Inc\main.h_save
2025-05-10 15:15:49,202 [INFO] CodeEngine:279 - Generated code: E:\AGH\AiR\Praca_inzynierska\bldc_foc\Projects\BLDC_FOC\Core\Inc\main.h
2025-05-10 15:15:49,212 [INFO] CodeEngine:255 - oldGeneratedFile, E:\AGH\AiR\Praca_inzynierska\bldc_foc\Projects\BLDC_FOC\Core\Src\main.c_save
2025-05-10 15:15:49,288 [INFO] CodeEngine:279 - Generated code: E:\AGH\AiR\Praca_inzynierska\bldc_foc\Projects\BLDC_FOC\Core\Src\main.c
2025-05-10 15:15:49,511 [INFO] ProjectBuilder:3289 - Time for Copy HAL[1] : 86mS.
2025-05-10 15:15:49,514 [INFO] ProjectBuilder:4876 - Project Generator version: 4.5.0-RC5
2025-05-10 15:15:49,589 [INFO] ConfigFileManager:1579 - The Die is : DIE468
2025-05-10 15:15:50,181 [INFO] ProjectBuilder:5154 - Time for Generating toolchain IDE Files: 668mS.
2025-05-10 15:15:50,181 [INFO] ProjectBuilder:3146 - Time for Copy CMSIS : 0mS.
2025-05-10 15:15:50,183 [INFO] ProjectBuilder:3146 - Time for Copy CMSIS : 0mS.
2025-05-10 15:17:18,760 [INFO] ADCParametersView:116 -                Rank 1 : false
2025-05-10 15:17:18,760 [INFO] ADCParametersView:116 -                Rank 1 : true
2025-05-10 15:17:18,760 [INFO] ADCParametersView:116 -                Rank 2 : true
2025-05-10 15:17:18,760 [INFO] ADCParametersView:116 -                Rank 3 : true
2025-05-10 15:17:18,762 [INFO] ADCParametersView:116 -                Rank 1 : false
2025-05-10 15:17:18,762 [INFO] ADCParametersView:116 -                Rank 1 : true
2025-05-10 15:17:18,762 [INFO] ADCParametersView:116 -                Rank 2 : true
2025-05-10 15:17:18,762 [INFO] ADCParametersView:116 -                Rank 3 : true
2025-05-10 15:17:18,762 [INFO] ADCParametersView:116 -                Rank 1 : false
2025-05-10 15:17:18,762 [INFO] ADCParametersView:116 -                Rank 1 : true
2025-05-10 15:17:18,762 [INFO] ADCParametersView:116 -                Rank 2 : true
2025-05-10 15:17:18,762 [INFO] ADCParametersView:116 -                Rank 3 : true
2025-05-10 15:17:18,762 [INFO] ADCParametersView:116 -                Rank 1 : false
2025-05-10 15:17:18,762 [INFO] ADCParametersView:116 -                Rank 1 : true
2025-05-10 15:17:18,762 [INFO] ADCParametersView:116 -                Rank 2 : true
2025-05-10 15:17:18,762 [INFO] ADCParametersView:116 -                Rank 3 : true
2025-05-10 15:17:18,762 [INFO] ADCParametersView:116 -                Rank 1 : false
2025-05-10 15:17:18,763 [INFO] ADCParametersView:116 -                Rank 1 : true
2025-05-10 15:17:18,763 [INFO] ADCParametersView:116 -                Rank 2 : true
2025-05-10 15:17:18,763 [INFO] ADCParametersView:116 -                Rank 3 : true
2025-05-10 15:17:18,763 [INFO] ADCParametersView:116 -                Rank 1 : false
2025-05-10 15:17:18,763 [INFO] ADCParametersView:116 -                Rank 1 : true
2025-05-10 15:17:18,763 [INFO] ADCParametersView:116 -                Rank 2 : true
2025-05-10 15:17:18,763 [INFO] ADCParametersView:116 -                Rank 3 : true
2025-05-10 15:17:18,763 [INFO] ADCParametersView:116 -                Rank 1 : false
2025-05-10 15:17:18,763 [INFO] ADCParametersView:116 -                Rank 1 : true
2025-05-10 15:17:18,763 [INFO] ADCParametersView:116 -                Rank 2 : true
2025-05-10 15:17:18,763 [INFO] ADCParametersView:116 -                Rank 3 : true
2025-05-10 15:17:18,763 [INFO] ADCParametersView:116 -                Rank 1 : false
2025-05-10 15:17:18,763 [INFO] ADCParametersView:116 -                Rank 1 : true
2025-05-10 15:17:18,763 [INFO] ADCParametersView:116 -                Rank 2 : true
2025-05-10 15:17:18,763 [INFO] ADCParametersView:116 -                Rank 3 : true
2025-05-10 15:17:18,763 [INFO] ADCParametersView:116 -                Rank 1 : false
2025-05-10 15:17:18,763 [INFO] ADCParametersView:116 -                Rank 1 : true
2025-05-10 15:17:18,763 [INFO] ADCParametersView:116 -                Rank 2 : true
2025-05-10 15:17:18,763 [INFO] ADCParametersView:116 -                Rank 3 : true
2025-05-10 15:17:18,764 [INFO] ADCParametersView:116 -                Rank 1 : false
2025-05-10 15:17:18,764 [INFO] ADCParametersView:116 -                Rank 1 : true
2025-05-10 15:17:18,764 [INFO] ADCParametersView:116 -                Rank 2 : true
2025-05-10 15:17:18,764 [INFO] ADCParametersView:116 -                Rank 3 : true
2025-05-10 15:17:18,764 [INFO] ADCParametersView:116 -                Rank 1 : false
2025-05-10 15:17:18,764 [INFO] ADCParametersView:116 -                Rank 1 : true
2025-05-10 15:17:18,764 [INFO] ADCParametersView:116 -                Rank 2 : true
2025-05-10 15:17:18,764 [INFO] ADCParametersView:116 -                Rank 3 : true
2025-05-10 15:17:18,764 [INFO] ADCParametersView:116 -                Rank 1 : false
2025-05-10 15:17:18,764 [INFO] ADCParametersView:116 -                Rank 1 : true
2025-05-10 15:17:18,764 [INFO] ADCParametersView:116 -                Rank 2 : true
2025-05-10 15:17:18,764 [INFO] ADCParametersView:116 -                Rank 3 : true
2025-05-10 15:17:18,764 [INFO] ADCParametersView:116 -                Rank 1 : false
2025-05-10 15:17:18,764 [INFO] ADCParametersView:116 -                Rank 1 : true
2025-05-10 15:17:18,764 [INFO] ADCParametersView:116 -                Rank 2 : true
2025-05-10 15:17:18,764 [INFO] ADCParametersView:116 -                Rank 3 : true
2025-05-10 15:17:18,764 [INFO] ADCParametersView:116 -                Rank 1 : false
2025-05-10 15:17:18,764 [INFO] ADCParametersView:116 -                Rank 1 : true
2025-05-10 15:17:18,764 [INFO] ADCParametersView:116 -                Rank 2 : true
2025-05-10 15:17:18,764 [INFO] ADCParametersView:116 -                Rank 3 : true
2025-05-10 15:17:18,764 [INFO] ADCParametersView:116 -                Rank 1 : false
2025-05-10 15:17:18,764 [INFO] ADCParametersView:116 -                Rank 1 : true
2025-05-10 15:17:18,764 [INFO] ADCParametersView:116 -                Rank 2 : true
2025-05-10 15:17:18,764 [INFO] ADCParametersView:116 -                Rank 3 : true
2025-05-10 15:17:18,765 [INFO] ADCParametersView:116 -                Rank 1 : false
2025-05-10 15:17:18,765 [INFO] ADCParametersView:116 -                Rank 1 : true
2025-05-10 15:17:18,765 [INFO] ADCParametersView:116 -                Rank 2 : true
2025-05-10 15:17:18,765 [INFO] ADCParametersView:116 -                Rank 3 : true
2025-05-10 15:17:18,765 [INFO] ADCParametersView:116 -                Rank 1 : true
2025-05-10 15:17:18,765 [INFO] ADCParametersView:116 -                Rank 2 : true
2025-05-10 15:17:18,765 [INFO] ADCParametersView:116 -                Rank 3 : true
2025-05-10 15:17:18,765 [INFO] ADCParametersView:116 -                Rank 1 : false
2025-05-10 15:17:18,765 [INFO] ADCParametersView:116 -                Rank 1 : true
2025-05-10 15:17:18,765 [INFO] ADCParametersView:116 -                Rank 2 : true
2025-05-10 15:17:18,765 [INFO] ADCParametersView:116 -                Rank 3 : true
2025-05-10 15:17:18,765 [INFO] ADCParametersView:116 -                Rank 1 : false
2025-05-10 15:17:18,765 [INFO] ADCParametersView:116 -                Rank 1 : true
2025-05-10 15:17:18,765 [INFO] ADCParametersView:116 -                Rank 2 : true
2025-05-10 15:17:18,765 [INFO] ADCParametersView:116 -                Rank 3 : true
2025-05-10 15:17:18,765 [INFO] ADCParametersView:116 -                Rank 1 : false
2025-05-10 15:17:18,765 [INFO] ADCParametersView:116 -                Rank 1 : true
2025-05-10 15:17:18,765 [INFO] ADCParametersView:116 -                Rank 2 : true
2025-05-10 15:17:18,765 [INFO] ADCParametersView:116 -                Rank 3 : true
2025-05-10 15:17:18,765 [INFO] ADCParametersView:116 -                Rank 1 : false
2025-05-10 15:17:18,765 [INFO] ADCParametersView:116 -                Rank 1 : true
2025-05-10 15:17:18,765 [INFO] ADCParametersView:116 -                Rank 2 : true
2025-05-10 15:17:18,765 [INFO] ADCParametersView:116 -                Rank 3 : true
2025-05-10 15:17:18,765 [INFO] ADCParametersView:116 -                Rank 1 : false
2025-05-10 15:17:18,765 [INFO] ADCParametersView:116 -                Rank 1 : true
2025-05-10 15:17:18,765 [INFO] ADCParametersView:116 -                Rank 2 : true
2025-05-10 15:17:18,765 [INFO] ADCParametersView:116 -                Rank 3 : true
2025-05-10 15:17:18,765 [INFO] ADCParametersView:116 -                Rank 1 : false
2025-05-10 15:17:18,765 [INFO] ADCParametersView:116 -                Rank 1 : true
2025-05-10 15:17:18,765 [INFO] ADCParametersView:116 -                Rank 2 : true
2025-05-10 15:17:18,765 [INFO] ADCParametersView:116 -                Rank 3 : true
2025-05-10 15:17:18,765 [INFO] ADCParametersView:116 -                Rank 1 : false
2025-05-10 15:17:18,765 [INFO] ADCParametersView:116 -                Rank 1 : false
2025-05-10 15:17:18,765 [INFO] ADCParametersView:116 -                Rank 1 : true
2025-05-10 15:17:18,765 [INFO] ADCParametersView:116 -                Rank 2 : true
2025-05-10 15:17:18,765 [INFO] ADCParametersView:116 -                Rank 3 : true
2025-05-10 15:17:18,765 [INFO] ADCParametersView:116 -                Rank 1 : false
2025-05-10 15:17:18,765 [INFO] ADCParametersView:116 -                Rank 1 : true
2025-05-10 15:17:18,765 [INFO] ADCParametersView:116 -                Rank 2 : true
2025-05-10 15:17:18,766 [INFO] ADCParametersView:116 -                Rank 3 : true
2025-05-10 15:17:18,766 [INFO] ADCParametersView:116 -                Rank 1 : false
2025-05-10 15:17:18,766 [INFO] ADCParametersView:116 -                Rank 1 : true
2025-05-10 15:17:18,766 [INFO] ADCParametersView:116 -                Rank 2 : true
2025-05-10 15:17:18,766 [INFO] ADCParametersView:116 -                Rank 3 : true
2025-05-10 15:17:18,766 [INFO] ADCParametersView:116 -                Rank 1 : false
2025-05-10 15:17:18,766 [INFO] ADCParametersView:116 -                Rank 1 : true
2025-05-10 15:17:18,766 [INFO] ADCParametersView:116 -                Rank 2 : true
2025-05-10 15:17:18,766 [INFO] ADCParametersView:116 -                Rank 3 : true
2025-05-10 15:17:18,766 [INFO] ADCParametersView:116 -                Rank 1 : true
2025-05-10 15:17:18,766 [INFO] ADCParametersView:116 -                Rank 2 : true
2025-05-10 15:17:18,766 [INFO] ADCParametersView:116 -                Rank 3 : true
2025-05-10 15:17:18,766 [INFO] ADCParametersView:116 -                Rank 2 : true
2025-05-10 15:17:18,766 [INFO] ADCParametersView:116 -                Rank 3 : true
2025-05-10 15:17:18,766 [INFO] ADCParametersView:116 -                Rank 3 : true
2025-05-10 15:17:18,788 [INFO] ADCParametersView:116 -                Rank 1 : false
2025-05-10 15:17:18,788 [INFO] ADCParametersView:116 -                Rank 1 : false
2025-05-10 15:17:18,788 [INFO] ADCParametersView:116 -                Rank 1 : true
2025-05-10 15:17:18,788 [INFO] ADCParametersView:116 -                Rank 1 : false
2025-05-10 15:17:18,788 [INFO] ADCParametersView:116 -                Rank 1 : true
2025-05-10 15:17:18,788 [INFO] ADCParametersView:116 -                Rank 2 : true
2025-05-10 15:17:18,789 [INFO] ADCParametersView:116 -                Rank 1 : false
2025-05-10 15:17:18,789 [INFO] ADCParametersView:116 -                Rank 1 : true
2025-05-10 15:17:18,789 [INFO] ADCParametersView:116 -                Rank 2 : true
2025-05-10 15:17:18,789 [INFO] ADCParametersView:116 -                Rank 3 : true
2025-05-10 15:17:18,826 [INFO] ADCParametersView:116 -                Rank 1 : false
2025-05-10 15:17:18,826 [INFO] ADCParametersView:116 -                Rank 1 : true
2025-05-10 15:17:18,826 [INFO] ADCParametersView:116 -                Rank 2 : true
2025-05-10 15:17:18,826 [INFO] ADCParametersView:116 -                Rank 3 : true
2025-05-10 15:17:18,828 [INFO] ADCParametersView:116 -                Rank 1 : false
2025-05-10 15:17:18,828 [INFO] ADCParametersView:116 -                Rank 1 : true
2025-05-10 15:17:18,828 [INFO] ADCParametersView:116 -                Rank 2 : true
2025-05-10 15:17:18,828 [INFO] ADCParametersView:116 -                Rank 3 : true
2025-05-10 15:17:18,828 [INFO] ADCParametersView:116 -                Rank 1 : false
2025-05-10 15:17:18,828 [INFO] ADCParametersView:116 -                Rank 1 : true
2025-05-10 15:17:18,828 [INFO] ADCParametersView:116 -                Rank 2 : true
2025-05-10 15:17:18,828 [INFO] ADCParametersView:116 -                Rank 3 : true
2025-05-10 15:17:18,828 [INFO] ADCParametersView:116 -                Rank 1 : false
2025-05-10 15:17:18,828 [INFO] ADCParametersView:116 -                Rank 1 : true
2025-05-10 15:17:18,828 [INFO] ADCParametersView:116 -                Rank 2 : true
2025-05-10 15:17:18,828 [INFO] ADCParametersView:116 -                Rank 3 : true
2025-05-10 15:17:18,828 [INFO] ADCParametersView:116 -                Rank 1 : false
2025-05-10 15:17:18,828 [INFO] ADCParametersView:116 -                Rank 1 : true
2025-05-10 15:17:18,828 [INFO] ADCParametersView:116 -                Rank 2 : true
2025-05-10 15:17:18,828 [INFO] ADCParametersView:116 -                Rank 3 : true
2025-05-10 15:17:18,828 [INFO] ADCParametersView:116 -                Rank 1 : false
2025-05-10 15:17:18,828 [INFO] ADCParametersView:116 -                Rank 1 : true
2025-05-10 15:17:18,828 [INFO] ADCParametersView:116 -                Rank 2 : true
2025-05-10 15:17:18,828 [INFO] ADCParametersView:116 -                Rank 3 : true
2025-05-10 15:17:18,828 [INFO] ADCParametersView:116 -                Rank 1 : false
2025-05-10 15:17:18,828 [INFO] ADCParametersView:116 -                Rank 1 : true
2025-05-10 15:17:18,828 [INFO] ADCParametersView:116 -                Rank 2 : true
2025-05-10 15:17:18,828 [INFO] ADCParametersView:116 -                Rank 3 : true
2025-05-10 15:17:18,828 [INFO] ADCParametersView:116 -                Rank 1 : false
2025-05-10 15:17:18,828 [INFO] ADCParametersView:116 -                Rank 1 : true
2025-05-10 15:17:18,828 [INFO] ADCParametersView:116 -                Rank 2 : true
2025-05-10 15:17:18,828 [INFO] ADCParametersView:116 -                Rank 3 : true
2025-05-10 15:17:18,828 [INFO] ADCParametersView:116 -                Rank 1 : false
2025-05-10 15:17:18,828 [INFO] ADCParametersView:116 -                Rank 1 : true
2025-05-10 15:17:18,828 [INFO] ADCParametersView:116 -                Rank 2 : true
2025-05-10 15:17:18,828 [INFO] ADCParametersView:116 -                Rank 3 : true
2025-05-10 15:17:18,828 [INFO] ADCParametersView:116 -                Rank 1 : false
2025-05-10 15:17:18,828 [INFO] ADCParametersView:116 -                Rank 1 : true
2025-05-10 15:17:18,828 [INFO] ADCParametersView:116 -                Rank 2 : true
2025-05-10 15:17:18,828 [INFO] ADCParametersView:116 -                Rank 3 : true
2025-05-10 15:17:18,829 [INFO] ADCParametersView:116 -                Rank 1 : false
2025-05-10 15:17:18,829 [INFO] ADCParametersView:116 -                Rank 1 : true
2025-05-10 15:17:18,829 [INFO] ADCParametersView:116 -                Rank 2 : true
2025-05-10 15:17:18,829 [INFO] ADCParametersView:116 -                Rank 3 : true
2025-05-10 15:17:18,829 [INFO] ADCParametersView:116 -                Rank 1 : false
2025-05-10 15:17:18,829 [INFO] ADCParametersView:116 -                Rank 1 : true
2025-05-10 15:17:18,829 [INFO] ADCParametersView:116 -                Rank 2 : true
2025-05-10 15:17:18,829 [INFO] ADCParametersView:116 -                Rank 3 : true
2025-05-10 15:17:18,829 [INFO] ADCParametersView:116 -                Rank 1 : false
2025-05-10 15:17:18,829 [INFO] ADCParametersView:116 -                Rank 1 : true
2025-05-10 15:17:18,829 [INFO] ADCParametersView:116 -                Rank 2 : true
2025-05-10 15:17:18,829 [INFO] ADCParametersView:116 -                Rank 3 : true
2025-05-10 15:17:18,829 [INFO] ADCParametersView:116 -                Rank 1 : false
2025-05-10 15:17:18,829 [INFO] ADCParametersView:116 -                Rank 1 : true
2025-05-10 15:17:18,829 [INFO] ADCParametersView:116 -                Rank 2 : true
2025-05-10 15:17:18,829 [INFO] ADCParametersView:116 -                Rank 3 : true
2025-05-10 15:17:18,829 [INFO] ADCParametersView:116 -                Rank 1 : false
2025-05-10 15:17:18,829 [INFO] ADCParametersView:116 -                Rank 1 : true
2025-05-10 15:17:18,829 [INFO] ADCParametersView:116 -                Rank 2 : true
2025-05-10 15:17:18,829 [INFO] ADCParametersView:116 -                Rank 3 : true
2025-05-10 15:17:18,829 [INFO] ADCParametersView:116 -                Rank 1 : false
2025-05-10 15:17:18,829 [INFO] ADCParametersView:116 -                Rank 1 : true
2025-05-10 15:17:18,829 [INFO] ADCParametersView:116 -                Rank 2 : true
2025-05-10 15:17:18,829 [INFO] ADCParametersView:116 -                Rank 3 : true
2025-05-10 15:17:18,829 [INFO] ADCParametersView:116 -                Rank 1 : true
2025-05-10 15:17:18,829 [INFO] ADCParametersView:116 -                Rank 2 : true
2025-05-10 15:17:18,829 [INFO] ADCParametersView:116 -                Rank 3 : true
2025-05-10 15:17:18,829 [INFO] ADCParametersView:116 -                Rank 1 : false
2025-05-10 15:17:18,829 [INFO] ADCParametersView:116 -                Rank 1 : true
2025-05-10 15:17:18,829 [INFO] ADCParametersView:116 -                Rank 2 : true
2025-05-10 15:17:18,829 [INFO] ADCParametersView:116 -                Rank 3 : true
2025-05-10 15:17:18,829 [INFO] ADCParametersView:116 -                Rank 1 : false
2025-05-10 15:17:18,829 [INFO] ADCParametersView:116 -                Rank 1 : true
2025-05-10 15:17:18,829 [INFO] ADCParametersView:116 -                Rank 2 : true
2025-05-10 15:17:18,829 [INFO] ADCParametersView:116 -                Rank 3 : true
2025-05-10 15:17:18,829 [INFO] ADCParametersView:116 -                Rank 1 : false
2025-05-10 15:17:18,829 [INFO] ADCParametersView:116 -                Rank 1 : true
2025-05-10 15:17:18,830 [INFO] ADCParametersView:116 -                Rank 2 : true
2025-05-10 15:17:18,830 [INFO] ADCParametersView:116 -                Rank 3 : true
2025-05-10 15:17:18,830 [INFO] ADCParametersView:116 -                Rank 1 : false
2025-05-10 15:17:18,830 [INFO] ADCParametersView:116 -                Rank 1 : true
2025-05-10 15:17:18,830 [INFO] ADCParametersView:116 -                Rank 2 : true
2025-05-10 15:17:18,830 [INFO] ADCParametersView:116 -                Rank 3 : true
2025-05-10 15:17:18,830 [INFO] ADCParametersView:116 -                Rank 1 : false
2025-05-10 15:17:18,830 [INFO] ADCParametersView:116 -                Rank 1 : true
2025-05-10 15:17:18,830 [INFO] ADCParametersView:116 -                Rank 2 : true
2025-05-10 15:17:18,830 [INFO] ADCParametersView:116 -                Rank 3 : true
2025-05-10 15:17:18,830 [INFO] ADCParametersView:116 -                Rank 1 : false
2025-05-10 15:17:18,830 [INFO] ADCParametersView:116 -                Rank 1 : true
2025-05-10 15:17:18,830 [INFO] ADCParametersView:116 -                Rank 2 : true
2025-05-10 15:17:18,830 [INFO] ADCParametersView:116 -                Rank 3 : true
2025-05-10 15:17:18,830 [INFO] ADCParametersView:116 -                Rank 1 : false
2025-05-10 15:17:18,830 [INFO] ADCParametersView:116 -                Rank 1 : false
2025-05-10 15:17:18,830 [INFO] ADCParametersView:116 -                Rank 1 : true
2025-05-10 15:17:18,830 [INFO] ADCParametersView:116 -                Rank 2 : true
2025-05-10 15:17:18,830 [INFO] ADCParametersView:116 -                Rank 3 : true
2025-05-10 15:17:18,830 [INFO] ADCParametersView:116 -                Rank 1 : false
2025-05-10 15:17:18,830 [INFO] ADCParametersView:116 -                Rank 1 : true
2025-05-10 15:17:18,830 [INFO] ADCParametersView:116 -                Rank 2 : true
2025-05-10 15:17:18,830 [INFO] ADCParametersView:116 -                Rank 3 : true
2025-05-10 15:17:18,831 [INFO] ADCParametersView:116 -                Rank 1 : false
2025-05-10 15:17:18,831 [INFO] ADCParametersView:116 -                Rank 1 : true
2025-05-10 15:17:18,831 [INFO] ADCParametersView:116 -                Rank 2 : true
2025-05-10 15:17:18,831 [INFO] ADCParametersView:116 -                Rank 3 : true
2025-05-10 15:17:18,831 [INFO] ADCParametersView:116 -                Rank 1 : false
2025-05-10 15:17:18,831 [INFO] ADCParametersView:116 -                Rank 1 : true
2025-05-10 15:17:18,831 [INFO] ADCParametersView:116 -                Rank 2 : true
2025-05-10 15:17:18,831 [INFO] ADCParametersView:116 -                Rank 3 : true
2025-05-10 15:17:18,831 [INFO] ADCParametersView:116 -                Rank 1 : true
2025-05-10 15:17:18,831 [INFO] ADCParametersView:116 -                Rank 2 : true
2025-05-10 15:17:18,831 [INFO] ADCParametersView:116 -                Rank 3 : true
2025-05-10 15:17:18,831 [INFO] ADCParametersView:116 -                Rank 2 : true
2025-05-10 15:17:18,831 [INFO] ADCParametersView:116 -                Rank 3 : true
2025-05-10 15:17:18,831 [INFO] ADCParametersView:116 -                Rank 3 : true
2025-05-10 15:17:18,858 [INFO] ADCParametersView:116 -                Rank 1 : false
2025-05-10 15:17:18,859 [INFO] ADCParametersView:116 -                Rank 1 : false
2025-05-10 15:17:18,859 [INFO] ADCParametersView:116 -                Rank 1 : true
2025-05-10 15:17:18,859 [INFO] ADCParametersView:116 -                Rank 1 : false
2025-05-10 15:17:18,859 [INFO] ADCParametersView:116 -                Rank 1 : true
2025-05-10 15:17:18,859 [INFO] ADCParametersView:116 -                Rank 2 : true
2025-05-10 15:17:18,859 [INFO] ADCParametersView:116 -                Rank 1 : false
2025-05-10 15:17:18,859 [INFO] ADCParametersView:116 -                Rank 1 : true
2025-05-10 15:17:18,859 [INFO] ADCParametersView:116 -                Rank 2 : true
2025-05-10 15:17:18,859 [INFO] ADCParametersView:116 -                Rank 3 : true
2025-05-10 15:17:19,210 [INFO] NvicIntPanel:101 - NVIC parent = com.st.microxplorer.plugins.ip.nvic.MultiNvicIntPanel[,0,0,540x507,layout=javax.swing.BoxLayout,alignmentX=0.0,alignmentY=0.0,border=,flags=9,maximumSize=,minimumSize=,preferredSize=]
2025-05-10 17:04:55,875 [INFO] WebApp:190 - Connection lost
2025-05-10 17:04:56,025 [INFO] WebApp:187 - Connection restablished
2025-05-10 21:27:02,651 [INFO] WebApp:190 - Connection lost
2025-05-10 21:27:11,385 [INFO] WebApp:187 - Connection restablished
2025-05-10 21:27:13,376 [INFO] WebApp:190 - Connection lost
2025-05-10 21:27:13,507 [INFO] WebApp:187 - Connection restablished
2025-05-10 21:30:20,479 [ERROR] LogOutputStream:75 - [STDERR_REDIRECT] 
