2025-10-14 23:29:43,988 [INFO] Activator:176 - 


2025-10-14 23:29:43,992 [INFO] Activator:177 - !SESSION log4j initialized
2025-10-14 23:29:47,678 [INFO] LogOutputStream:77 - [STDOUT_REDIRECT] 
2025-10-14 23:29:48,245 [INFO] ApplicationProperties:184 - Using Application install path: C:\ST\STM32CubeIDE_1.16.1\STM32CubeIDE\plugins\com.st.stm32cube.common.mx_6.15.0.202507011659
2025-10-14 23:29:48,256 [INFO] DbMcusXml:78 - Set database path to: C:\ST\STM32CubeIDE_1.16.1\STM32CubeIDE\plugins\com.st.stm32cube.common.mx_6.15.0.202507011659\\db\/mcu/
2025-10-14 23:29:48,256 [INFO] ApiDb:274 - Set plugin database path to: C:\ST\STM32CubeIDE_1.16.1\STM32CubeIDE\plugins\com.st.stm32cube.common.mx_6.15.0.202507011659\\db\/plugins/boardmanager/
2025-10-14 23:29:48,258 [WARN] ApiDb:259 - Overriding images path with different value:  => C:\ST\STM32CubeIDE_1.16.1\STM32CubeIDE\plugins\com.st.stm32cube.common.mx_6.15.0.202507011659\\db\/plugins/mcufinder/images/
2025-10-14 23:29:48,262 [INFO] ApiDb:250 - Set database path to: C:\Users\Miloush\.stmcufinder\plugins\mcufinder//mcu/
2025-10-14 23:29:48,263 [INFO] DbMcusAds:125 - Set database path to: C:\Users\Miloush\.stmcufinder\plugins\mcufinder//mcu/
2025-10-14 23:29:48,264 [INFO] CrossReferenceDbSqlite:203 - Set database path to: C:\Users\Miloush\.stmcufinder\plugins\mcufinder//mcu/cs/
2025-10-14 23:29:48,336 [INFO] RulesReader:64 - Compatibility file has been processed (317 Rules)
2025-10-14 23:29:48,410 [INFO] DbMcusXml:78 - Set database path to: C:\ST\STM32CubeIDE_1.16.1\STM32CubeIDE\plugins\com.st.stm32cube.common.mx_6.15.0.202507011659\\db\/mcu/
2025-10-14 23:29:48,410 [INFO] ApiDb:274 - Set plugin database path to: C:\ST\STM32CubeIDE_1.16.1\STM32CubeIDE\plugins\com.st.stm32cube.common.mx_6.15.0.202507011659\\db\/plugins/boardmanager/
2025-10-14 23:29:48,411 [INFO] ApiDb:261 - Set plugin images path to: C:\ST\STM32CubeIDE_1.16.1\STM32CubeIDE\plugins\com.st.stm32cube.common.mx_6.15.0.202507011659\\db\/plugins/mcufinder/images/
2025-10-14 23:29:48,411 [WARN] DbFile:41 - Overriding database path with different value: C:\Users\Miloush\.stmcufinder\plugins\mcufinder/ => C:\Users\Miloush\.stmcufinder\plugins\mcufinder
2025-10-14 23:29:48,411 [INFO] ApiDb:250 - Set database path to: C:\Users\Miloush\.stmcufinder\plugins\mcufinder//mcu/
2025-10-14 23:29:48,411 [WARN] DbFile:41 - Overriding database path with different value: C:\Users\Miloush\.stmcufinder\plugins\mcufinder/ => C:\Users\Miloush\.stmcufinder\plugins\mcufinder
2025-10-14 23:29:48,411 [INFO] DbMcusAds:125 - Set database path to: C:\Users\Miloush\.stmcufinder\plugins\mcufinder//mcu/
2025-10-14 23:29:48,411 [WARN] DbFile:41 - Overriding database path with different value: C:\Users\Miloush\.stmcufinder\plugins\mcufinder/ => C:\Users\Miloush\.stmcufinder\plugins\mcufinder
2025-10-14 23:29:48,411 [WARN] DbFile:41 - Overriding database path with different value: C:\Users\Miloush\.stmcufinder\plugins\mcufinder/ => C:\Users\Miloush\.stmcufinder\plugins\mcufinder
2025-10-14 23:29:48,411 [INFO] CrossReferenceDbSqlite:203 - Set database path to: C:\Users\Miloush\.stmcufinder\plugins\mcufinder//mcu/cs/
2025-10-14 23:29:48,459 [INFO] MainPanel:274 - HeapMemory: 268435456
2025-10-14 23:29:48,530 [INFO] DbMcusXml:78 - Set database path to: C:\ST\STM32CubeIDE_1.16.1\STM32CubeIDE\plugins\com.st.stm32cube.common.mx_6.15.0.202507011659\\db\/mcu/
2025-10-14 23:29:48,530 [INFO] ApiDb:274 - Set plugin database path to: C:\ST\STM32CubeIDE_1.16.1\STM32CubeIDE\plugins\com.st.stm32cube.common.mx_6.15.0.202507011659\\db\/plugins/boardmanager/
2025-10-14 23:29:48,530 [INFO] ApiDb:261 - Set plugin images path to: C:\ST\STM32CubeIDE_1.16.1\STM32CubeIDE\plugins\com.st.stm32cube.common.mx_6.15.0.202507011659\\db\/plugins/mcufinder/images/
2025-10-14 23:29:48,530 [WARN] DbFile:41 - Overriding database path with different value: C:\Users\Miloush\.stmcufinder\plugins\mcufinder/ => C:\Users\Miloush\.stmcufinder\plugins\mcufinder
2025-10-14 23:29:48,530 [INFO] ApiDb:250 - Set database path to: C:\Users\Miloush\.stmcufinder\plugins\mcufinder//mcu/
2025-10-14 23:29:48,530 [WARN] DbFile:41 - Overriding database path with different value: C:\Users\Miloush\.stmcufinder\plugins\mcufinder/ => C:\Users\Miloush\.stmcufinder\plugins\mcufinder
2025-10-14 23:29:48,530 [INFO] DbMcusAds:125 - Set database path to: C:\Users\Miloush\.stmcufinder\plugins\mcufinder//mcu/
2025-10-14 23:29:48,530 [WARN] DbFile:41 - Overriding database path with different value: C:\Users\Miloush\.stmcufinder\plugins\mcufinder/ => C:\Users\Miloush\.stmcufinder\plugins\mcufinder
2025-10-14 23:29:48,530 [WARN] DbFile:41 - Overriding database path with different value: C:\Users\Miloush\.stmcufinder\plugins\mcufinder/ => C:\Users\Miloush\.stmcufinder\plugins\mcufinder
2025-10-14 23:29:48,530 [INFO] CrossReferenceDbSqlite:203 - Set database path to: C:\Users\Miloush\.stmcufinder\plugins\mcufinder//mcu/cs/
2025-10-14 23:29:48,543 [INFO] ApplicationProperties:184 - Using Application install path: C:\ST\STM32CubeIDE_1.16.1\STM32CubeIDE\plugins\com.st.stm32cube.common.mx_6.15.0.202507011659
2025-10-14 23:29:48,543 [INFO] PluginManage:196 - Search for loadable plugins [exclusion list=, ]
2025-10-14 23:29:48,544 [INFO] PluginManage:310 - Check plugin analytics
2025-10-14 23:29:48,688 [INFO] AnalyticsPlugin:253 - Accepted Software Licenses: STM32CubeMX.6.15.0
2025-10-14 23:29:48,688 [INFO] AnalyticsPlugin:255 - Accepted CMSIS Pack Licenses: 
2025-10-14 23:29:48,688 [INFO] AnalyticsPlugin:257 - Accepted Firmware Licenses: FW.G4.1.6.0,FW.F4.1.28.0
2025-10-14 23:29:48,691 [INFO] PluginManage:359 - Loaded plugin analytics (category:tool,tabindex:-1)
2025-10-14 23:29:48,692 [INFO] PluginManage:310 - Check plugin cadmodel
2025-10-14 23:29:48,697 [INFO] CADModel:105 - Init CAD model plugin
2025-10-14 23:29:48,697 [INFO] PluginManage:359 - Loaded plugin cadmodel (category:power,tabindex:5)
2025-10-14 23:29:48,697 [INFO] PluginManage:310 - Check plugin clock
2025-10-14 23:29:48,708 [INFO] PluginManage:359 - Loaded plugin clock (category:base,tabindex:2)
2025-10-14 23:29:48,708 [INFO] PluginManage:310 - Check plugin ddr
2025-10-14 23:29:48,711 [INFO] PluginManage:359 - Loaded plugin ddr (category:tool,tabindex:6)
2025-10-14 23:29:48,711 [INFO] PluginManage:310 - Check plugin filemanager
2025-10-14 23:29:48,828 [INFO] PluginManage:359 - Loaded plugin filemanager (category:base,tabindex:10)
2025-10-14 23:29:48,828 [INFO] PluginManage:310 - Check plugin ipmanager
2025-10-14 23:29:48,833 [INFO] PluginManage:359 - Loaded plugin ipmanager (category:base,tabindex:5)
2025-10-14 23:29:48,833 [INFO] PluginManage:310 - Check plugin lpbam
2025-10-14 23:29:48,839 [INFO] PluginManage:359 - Loaded plugin lpbam (category:base,tabindex:0)
2025-10-14 23:29:48,839 [INFO] PluginManage:310 - Check plugin memorymap
2025-10-14 23:29:48,848 [INFO] PluginManage:359 - Loaded plugin memorymap (category:base,tabindex:4)
2025-10-14 23:29:48,848 [INFO] PluginManage:310 - Check plugin pinoutandconfiguration
2025-10-14 23:29:48,854 [INFO] PluginManage:359 - Loaded plugin pinoutandconfiguration (category:base,tabindex:1)
2025-10-14 23:29:48,854 [INFO] PluginManage:310 - Check plugin pinoutconfig
2025-10-14 23:29:48,910 [WARN] SupportedApi:132 - Cannot load RTOS API schema: s4s-elt-must-match.1: The content of 'definitions' must match (annotation?, (simpleType | complexType)?, (unique | key | keyref)*)). A problem was found starting at: attribute.
2025-10-14 23:29:48,992 [INFO] PluginManage:359 - Loaded plugin pinoutconfig (category:base,tabindex:0)
2025-10-14 23:29:48,992 [INFO] PluginManage:310 - Check plugin power
2025-10-14 23:29:48,998 [INFO] PluginManage:359 - Loaded plugin power (category:power,tabindex:4)
2025-10-14 23:29:48,998 [INFO] PluginManage:310 - Check plugin projectmanager
2025-10-14 23:29:49,009 [INFO] PluginManage:359 - Loaded plugin projectmanager (category:projectmanager,tabindex:4)
2025-10-14 23:29:49,009 [INFO] PluginManage:310 - Check plugin rif
2025-10-14 23:29:49,015 [INFO] PluginManage:359 - Loaded plugin rif (category:base,tabindex:3)
2025-10-14 23:29:49,015 [INFO] PluginManage:310 - Check plugin thirdparty
2025-10-14 23:29:49,102 [INFO] PluginManage:359 - Loaded plugin thirdparty (category:base,tabindex:-1)
2025-10-14 23:29:49,102 [WARN] IntegrityCheckThread:84 - waiting for thirdparty lock release [integrity check]
2025-10-14 23:29:49,102 [INFO] PluginManage:310 - Check plugin tools
2025-10-14 23:29:49,102 [INFO] IntegrityCheckThread:86 - entering critical section [integrity check]
2025-10-14 23:29:49,102 [INFO] ThirdPartyUpdaterWithRetryManager:70 - Updater plugin not ready yet. [1/15]
2025-10-14 23:29:49,104 [INFO] PluginManage:359 - Loaded plugin tools (category:base,tabindex:7)
2025-10-14 23:29:49,104 [INFO] PluginManage:310 - Check plugin tutovideos
2025-10-14 23:29:49,242 [INFO] PluginManage:359 - Loaded plugin tutovideos (category:base,tabindex:-1)
2025-10-14 23:29:49,242 [INFO] PluginManage:310 - Check plugin updater
2025-10-14 23:29:49,258 [INFO] PluginManage:359 - Loaded plugin updater (category:base,tabindex:12)
2025-10-14 23:29:49,258 [INFO] PluginManage:310 - Check plugin userauth
2025-10-14 23:29:49,260 [INFO] UserAuth:118 - Init User Auth plugin
2025-10-14 23:29:49,261 [INFO] PluginManage:359 - Loaded plugin userauth (category:base,tabindex:14)
2025-10-14 23:29:49,261 [INFO] PluginManage:283 - PluginManage : Loaded plugins [18]
2025-10-14 23:29:49,390 [INFO] PinOutPanel:1589 - setPackage(No Configuration,No Configuration)
2025-10-14 23:29:49,441 [INFO] CADModel:165 - CPN selected for project level
2025-10-14 23:29:49,442 [INFO] CADModel:114 - Register for checkConnection events
2025-10-14 23:29:49,453 [INFO] IPUIPlugin:80 - create IPUIPlugin
2025-10-14 23:29:49,454 [INFO] PluginManager:220 - loadIPPluginJar : add adc
2025-10-14 23:29:49,455 [INFO] IPUIPlugin:80 - create IPUIPlugin
2025-10-14 23:29:49,455 [INFO] PluginManager:220 - loadIPPluginJar : add aes
2025-10-14 23:29:49,457 [INFO] IPUIPlugin:80 - create IPUIPlugin
2025-10-14 23:29:49,457 [INFO] PluginManager:220 - loadIPPluginJar : add can
2025-10-14 23:29:49,458 [INFO] IPUIPlugin:80 - create IPUIPlugin
2025-10-14 23:29:49,458 [INFO] PluginManager:220 - loadIPPluginJar : add comp
2025-10-14 23:29:49,460 [INFO] IPUIPlugin:80 - create IPUIPlugin
2025-10-14 23:29:49,460 [INFO] PluginManager:220 - loadIPPluginJar : add cryp
2025-10-14 23:29:49,461 [INFO] IPUIPlugin:80 - create IPUIPlugin
2025-10-14 23:29:49,462 [INFO] PluginManager:220 - loadIPPluginJar : add ddr_ctrl_phy
2025-10-14 23:29:49,463 [INFO] IPUIPlugin:80 - create IPUIPlugin
2025-10-14 23:29:49,463 [INFO] PluginManager:220 - loadIPPluginJar : add dfsdm
2025-10-14 23:29:49,466 [INFO] IPUIPlugin:80 - create IPUIPlugin
2025-10-14 23:29:49,466 [INFO] PluginManager:220 - loadIPPluginJar : add dma
2025-10-14 23:29:49,468 [INFO] IPUIPlugin:80 - create IPUIPlugin
2025-10-14 23:29:49,468 [INFO] PluginManager:220 - loadIPPluginJar : add dma3
2025-10-14 23:29:49,470 [INFO] IPUIPlugin:80 - create IPUIPlugin
2025-10-14 23:29:49,470 [INFO] PluginManager:220 - loadIPPluginJar : add extmemmanager
2025-10-14 23:29:49,471 [INFO] IPUIPlugin:80 - create IPUIPlugin
2025-10-14 23:29:49,471 [INFO] PluginManager:220 - loadIPPluginJar : add fatfs
2025-10-14 23:29:49,474 [INFO] IPUIPlugin:80 - create IPUIPlugin
2025-10-14 23:29:49,474 [INFO] PluginManager:220 - loadIPPluginJar : add fmc
2025-10-14 23:29:49,478 [INFO] IPUIPlugin:80 - create IPUIPlugin
2025-10-14 23:29:49,479 [INFO] PluginManager:220 - loadIPPluginJar : add freertos
2025-10-14 23:29:49,480 [INFO] IPUIPlugin:80 - create IPUIPlugin
2025-10-14 23:29:49,480 [INFO] PluginManager:220 - loadIPPluginJar : add genericplugin
2025-10-14 23:29:49,481 [INFO] IPUIPlugin:80 - create IPUIPlugin
2025-10-14 23:29:49,481 [INFO] PluginManager:220 - loadIPPluginJar : add gfxmmu
2025-10-14 23:29:49,483 [INFO] IPUIPlugin:80 - create IPUIPlugin
2025-10-14 23:29:49,483 [INFO] PluginManager:220 - loadIPPluginJar : add gic
2025-10-14 23:29:49,487 [INFO] IPUIPlugin:80 - create IPUIPlugin
2025-10-14 23:29:49,487 [INFO] PluginManager:220 - loadIPPluginJar : add gpio
2025-10-14 23:29:49,489 [INFO] IPUIPlugin:80 - create IPUIPlugin
2025-10-14 23:29:49,489 [INFO] PluginManager:220 - loadIPPluginJar : add gtzc
2025-10-14 23:29:49,490 [INFO] IPUIPlugin:80 - create IPUIPlugin
2025-10-14 23:29:49,490 [INFO] PluginManager:220 - loadIPPluginJar : add hash
2025-10-14 23:29:49,492 [INFO] IPUIPlugin:80 - create IPUIPlugin
2025-10-14 23:29:49,492 [INFO] PluginManager:220 - loadIPPluginJar : add i2c
2025-10-14 23:29:49,493 [INFO] IPUIPlugin:80 - create IPUIPlugin
2025-10-14 23:29:49,493 [INFO] PluginManager:220 - loadIPPluginJar : add i2s
2025-10-14 23:29:49,495 [INFO] IPUIPlugin:80 - create IPUIPlugin
2025-10-14 23:29:49,495 [INFO] PluginManager:220 - loadIPPluginJar : add i3c
2025-10-14 23:29:49,497 [INFO] IPUIPlugin:80 - create IPUIPlugin
2025-10-14 23:29:49,497 [INFO] PluginManager:220 - loadIPPluginJar : add ipddr
2025-10-14 23:29:49,501 [INFO] IPUIPlugin:80 - create IPUIPlugin
2025-10-14 23:29:49,501 [INFO] PluginManager:220 - loadIPPluginJar : add linkedlist
2025-10-14 23:29:49,503 [INFO] IPUIPlugin:80 - create IPUIPlugin
2025-10-14 23:29:49,503 [INFO] PluginManager:220 - loadIPPluginJar : add lorawan
2025-10-14 23:29:49,504 [INFO] IPUIPlugin:80 - create IPUIPlugin
2025-10-14 23:29:49,504 [INFO] PluginManager:220 - loadIPPluginJar : add ltdc
2025-10-14 23:29:49,507 [INFO] IPUIPlugin:80 - create IPUIPlugin
2025-10-14 23:29:49,508 [INFO] PluginManager:220 - loadIPPluginJar : add mdma
2025-10-14 23:29:49,510 [INFO] IPUIPlugin:80 - create IPUIPlugin
2025-10-14 23:29:49,510 [INFO] PluginManager:220 - loadIPPluginJar : add nvic
2025-10-14 23:29:49,511 [INFO] IPUIPlugin:80 - create IPUIPlugin
2025-10-14 23:29:49,511 [INFO] PluginManager:220 - loadIPPluginJar : add opamp
2025-10-14 23:29:49,513 [INFO] IPUIPlugin:80 - create IPUIPlugin
2025-10-14 23:29:49,514 [INFO] PluginManager:220 - loadIPPluginJar : add openamp
2025-10-14 23:29:49,515 [INFO] IPUIPlugin:80 - create IPUIPlugin
2025-10-14 23:29:49,515 [INFO] PluginManager:220 - loadIPPluginJar : add pdm2pcm
2025-10-14 23:29:49,519 [INFO] IPUIPlugin:80 - create IPUIPlugin
2025-10-14 23:29:49,520 [INFO] PluginManager:220 - loadIPPluginJar : add plateformsettings
2025-10-14 23:29:49,521 [INFO] IPUIPlugin:80 - create IPUIPlugin
2025-10-14 23:29:49,521 [INFO] PluginManager:220 - loadIPPluginJar : add quadspi
2025-10-14 23:29:49,522 [INFO] IPUIPlugin:80 - create IPUIPlugin
2025-10-14 23:29:49,523 [INFO] PluginManager:220 - loadIPPluginJar : add radio
2025-10-14 23:29:49,525 [INFO] IPUIPlugin:80 - create IPUIPlugin
2025-10-14 23:29:49,525 [INFO] PluginManager:220 - loadIPPluginJar : add resmgrutility
2025-10-14 23:29:49,527 [INFO] IPUIPlugin:80 - create IPUIPlugin
2025-10-14 23:29:49,527 [INFO] PluginManager:220 - loadIPPluginJar : add sai
2025-10-14 23:29:49,529 [INFO] IPUIPlugin:80 - create IPUIPlugin
2025-10-14 23:29:49,529 [INFO] PluginManager:220 - loadIPPluginJar : add spi
2025-10-14 23:29:49,532 [INFO] IPUIPlugin:80 - create IPUIPlugin
2025-10-14 23:29:49,532 [INFO] PluginManager:220 - loadIPPluginJar : add stm32_wpan
2025-10-14 23:29:49,533 [INFO] IPUIPlugin:80 - create IPUIPlugin
2025-10-14 23:29:49,533 [INFO] PluginManager:220 - loadIPPluginJar : add tim
2025-10-14 23:29:49,535 [INFO] IPUIPlugin:80 - create IPUIPlugin
2025-10-14 23:29:49,535 [INFO] PluginManager:220 - loadIPPluginJar : add touchsensing
2025-10-14 23:29:49,537 [INFO] IPUIPlugin:80 - create IPUIPlugin
2025-10-14 23:29:49,537 [INFO] PluginManager:220 - loadIPPluginJar : add tracer_emb
2025-10-14 23:29:49,538 [INFO] IPUIPlugin:80 - create IPUIPlugin
2025-10-14 23:29:49,538 [INFO] PluginManager:220 - loadIPPluginJar : add ts
2025-10-14 23:29:49,539 [INFO] IPUIPlugin:80 - create IPUIPlugin
2025-10-14 23:29:49,539 [INFO] PluginManager:220 - loadIPPluginJar : add tsc
2025-10-14 23:29:49,541 [INFO] IPUIPlugin:80 - create IPUIPlugin
2025-10-14 23:29:49,541 [INFO] PluginManager:220 - loadIPPluginJar : add ucpd
2025-10-14 23:29:49,543 [INFO] IPUIPlugin:80 - create IPUIPlugin
2025-10-14 23:29:49,543 [INFO] PluginManager:220 - loadIPPluginJar : add usart
2025-10-14 23:29:49,545 [INFO] IPUIPlugin:80 - create IPUIPlugin
2025-10-14 23:29:49,546 [INFO] PluginManager:220 - loadIPPluginJar : add usbx
2025-10-14 23:29:49,654 [FATAL] Updater:351 - Updater called before beeing initialized
2025-10-14 23:29:49,670 [INFO] RulesReader:64 - Compatibility file has been processed (317 Rules)
2025-10-14 23:29:49,677 [INFO] RulesReader:64 - Compatibility file has been processed (317 Rules)
2025-10-14 23:29:49,685 [INFO] CADModel:165 - CPN selected for project level
2025-10-14 23:29:49,685 [INFO] CADModel:114 - Register for checkConnection events
2025-10-14 23:29:49,686 [FATAL] Updater:351 - Updater called before beeing initialized
2025-10-14 23:29:49,686 [ERROR] CADModel:125 - Updater not yet initialized, retry later 
2025-10-14 23:29:49,796 [FATAL] Updater:351 - Updater called before beeing initialized
2025-10-14 23:29:49,797 [INFO] CADModel:165 - CPN selected for project level
2025-10-14 23:29:49,797 [INFO] CADModel:114 - Register for checkConnection events
2025-10-14 23:29:49,797 [FATAL] Updater:351 - Updater called before beeing initialized
2025-10-14 23:29:49,797 [ERROR] CADModel:125 - Updater not yet initialized, retry later 
2025-10-14 23:29:49,799 [FATAL] Updater:351 - Updater called before beeing initialized
2025-10-14 23:29:49,878 [FATAL] Updater:351 - Updater called before beeing initialized
2025-10-14 23:29:49,888 [INFO] DbMcusAds:53 - JSON generation date=Tue Jul 08 10:14:23 CEST 2025 (1751962463582)
2025-10-14 23:29:49,888 [FATAL] Updater:351 - Updater called before beeing initialized
2025-10-14 23:29:49,918 [WARN] DetailPanel:346 - Failed to get advertising image, set to default
2025-10-14 23:29:49,973 [FATAL] Updater:351 - Updater called before beeing initialized
2025-10-14 23:29:49,974 [FATAL] Updater:351 - Updater called before beeing initialized
2025-10-14 23:29:49,974 [FATAL] Updater:351 - Updater called before beeing initialized
2025-10-14 23:29:49,974 [WARN] DetailPanel:346 - Failed to get advertising image, set to default
2025-10-14 23:29:49,975 [FATAL] Updater:351 - Updater called before beeing initialized
2025-10-14 23:29:50,007 [ERROR] Updater:1198 - MainUpdater not yet initialized. External WinMGr cannot be set.
2025-10-14 23:29:50,008 [INFO] Updater:1134 - Updater Version found : 6.15.0
2025-10-14 23:29:50,020 [INFO] ApplicationProperties:184 - Using Application install path: C:\ST\STM32CubeIDE_1.16.1\STM32CubeIDE\plugins\com.st.stm32cube.common.mx_6.15.0.202507011659
2025-10-14 23:29:50,319 [INFO] MainUpdater:2872 - connection check result : 10
2025-10-14 23:29:50,319 [INFO] MainUpdater:3604 - Updater definition file requires update
2025-10-14 23:29:50,320 [INFO] MainUpdater:289 - Updater Check For Update Now.
2025-10-14 23:29:50,320 [INFO] MicroXplorer:498 - Change Database Version : DB.6.0.150
2025-10-14 23:29:50,324 [INFO] McuFinderGlobals:63 - Set McuFinder mode to 2 (CubeIDE integrated)
2025-10-14 23:29:50,324 [INFO] UserAuth:487 - Internet connection configuration mode: 1
2025-10-14 23:29:50,335 [INFO] JxBrowserEngine:152 - Initiate JxBrowser Engine with user profile folder
2025-10-14 23:29:50,504 [INFO] ServerAccessManage:452 - Complete download http(s) 200
2025-10-14 23:29:50,505 [INFO] ServerAccessManage:509 - Download File updaters.zip
2025-10-14 23:29:50,547 [INFO] FileExtend:248 - Unzip File : updaters.zip
2025-10-14 23:29:50,548 [INFO] FileExtend:263 - Standard Zip Deflate
2025-10-14 23:29:50,797 [INFO] ServerAccessManage:452 - Complete download http(s) 200
2025-10-14 23:29:50,797 [INFO] ServerAccessManage:509 - Download File PacksControlFlags.xml
2025-10-14 23:29:50,896 [INFO] ServerAccessManage:452 - Complete download http(s) 200
2025-10-14 23:29:50,896 [INFO] ServerAccessManage:509 - Download File cubemx.pidx
2025-10-14 23:29:51,419 [INFO] ServerAccessManage:452 - Complete download http(s) 200
2025-10-14 23:29:51,419 [INFO] ServerAccessManage:509 - Download File STMicroelectronics.X-CUBE-IPS.pdsc
2025-10-14 23:29:51,564 [INFO] WebApp:169 - Instantiating new browser for Auth
2025-10-14 23:29:51,933 [INFO] ServerAccessManage:452 - Complete download http(s) 200
2025-10-14 23:29:51,933 [INFO] ServerAccessManage:509 - Download File STMicroelectronics.X-CUBE-ST67W61.pdsc
2025-10-14 23:29:52,104 [WARN] MainUpdater:1193 - Updater busy. Cannot search thirdparties
2025-10-14 23:29:52,104 [INFO] ThirdPartyUpdaterWithRetryManager:96 - Updater plugin is busy. [1/15]
2025-10-14 23:29:52,161 [INFO] ServerAccessManage:452 - Complete download http(s) 200
2025-10-14 23:29:52,161 [INFO] ServerAccessManage:509 - Download File STMicroelectronics.X-CUBE-TOUCHGFX.pdsc
2025-10-14 23:29:52,280 [INFO] WebApp:463 - Apply proxy settings
2025-10-14 23:29:52,280 [INFO] WebApp:548 - Chromium requires no authentication
2025-10-14 23:29:52,287 [INFO] WebApp:491 - Direct internet connection detected
2025-10-14 23:29:52,304 [INFO] WebApp:900 - Register for checkConnection events
2025-10-14 23:29:52,304 [INFO] WebApp:463 - Apply proxy settings
2025-10-14 23:29:52,304 [INFO] WebApp:548 - Chromium requires no authentication
2025-10-14 23:29:52,304 [INFO] WebApp:491 - Direct internet connection detected
2025-10-14 23:29:52,424 [INFO] WebApp:225 - Starting web application
2025-10-14 23:29:52,424 [INFO] WebApp:593 - Web application path used C:\ST\STM32CubeIDE_1.16.1\STM32CubeIDE\plugins\com.st.stm32cube.common.mx_6.15.0.202507011659\db\plugins\mcufinder\reactClient1\index.html
2025-10-14 23:29:52,448 [INFO] WebApp:191 - Connection restablished
2025-10-14 23:29:52,551 [INFO] UserAuth:487 - Internet connection configuration mode: 1
2025-10-14 23:29:54,227 [INFO] McuFinderGlobals:63 - Set McuFinder mode to 2 (CubeIDE integrated)
2025-10-14 23:29:55,106 [WARN] MainUpdater:1193 - Updater busy. Cannot search thirdparties
2025-10-14 23:29:55,106 [INFO] ThirdPartyUpdaterWithRetryManager:96 - Updater plugin is busy. [2/15]
2025-10-14 23:29:55,702 [WARN] PackLoader:240 - Cannot read IP mode file for STMicroelectronics.X-CUBE-IPS.3.2.0
2025-10-14 23:29:55,719 [WARN] PackLoader:240 - Cannot read IP mode file for STMicroelectronics.X-CUBE-ST67W61.1.1.0
2025-10-14 23:29:55,724 [WARN] PackLoader:240 - Cannot read IP mode file for STMicroelectronics.X-CUBE-TOUCHGFX.4.26.0
2025-10-14 23:29:55,724 [INFO] PopulateThirdPartyThread:66 - Ending populate Thread
2025-10-14 23:29:55,726 [INFO] ThirdParty:1030 - CMSIS Pack Vendor :STMicroelectronics X-CUBE-ST67W61 1.1.0
2025-10-14 23:29:55,726 [INFO] ThirdParty:1030 - CMSIS Pack Vendor :STMicroelectronics X-CUBE-IPS 3.2.0
2025-10-14 23:29:55,726 [INFO] ThirdParty:1030 - CMSIS Pack Vendor :STMicroelectronics X-CUBE-TOUCHGFX 4.26.0
2025-10-14 23:29:55,726 [INFO] LoadServerUpdatesThread:375 - End of LoadServerUpdate Thread
2025-10-14 23:29:55,763 [INFO] CheckServerUpdateThread:120 - End of CheckServer Thread
2025-10-14 23:29:55,833 [INFO] MainUpdater:2872 - connection check result : 10
2025-10-14 23:29:55,835 [INFO] McuFinderGlobals:76 - Set McuFinderConnectedMode to true
2025-10-14 23:29:56,000 [INFO] ServerAccessManage:452 - Complete download http(s) 200
2025-10-14 23:29:56,000 [INFO] ServerAccessManage:509 - Download File mcusAds.json._tmp_
2025-10-14 23:29:56,109 [INFO] LoadUrlFilesThread:156 - End of LoadUrlFiles Thread
2025-10-14 23:29:56,371 [INFO] ServerAccessManage:452 - Complete download http(s) 200
2025-10-14 23:29:56,371 [INFO] ServerAccessManage:509 - Download File cube-finder-db.zip
2025-10-14 23:29:57,442 [INFO] FileExtend:248 - Unzip File : cube-finder-db.zip
2025-10-14 23:29:57,442 [INFO] FileExtend:263 - Standard Zip Deflate
2025-10-14 23:29:57,893 [INFO] LoadUrlFilesThread:156 - End of LoadUrlFiles Thread
2025-10-14 23:29:58,107 [WARN] MainUpdater:1193 - Updater busy. Cannot search thirdparties
2025-10-14 23:29:58,107 [INFO] ThirdPartyUpdaterWithRetryManager:96 - Updater plugin is busy. [3/15]
2025-10-14 23:29:58,208 [INFO] ServerAccessManage:452 - Complete download http(s) 200
2025-10-14 23:29:58,209 [INFO] ServerAccessManage:509 - Download File crdb.zip
2025-10-14 23:29:58,430 [INFO] FileExtend:248 - Unzip File : crdb.zip
2025-10-14 23:29:58,430 [INFO] FileExtend:263 - Standard Zip Deflate
2025-10-14 23:29:58,542 [INFO] LoadUrlFilesThread:156 - End of LoadUrlFiles Thread
2025-10-14 23:29:58,735 [INFO] ServerAccessManage:452 - Complete download http(s) 200
2025-10-14 23:29:58,735 [INFO] ServerAccessManage:509 - Download File tutoVideoDB.zip
2025-10-14 23:29:58,738 [INFO] FileExtend:248 - Unzip File : tutoVideoDB.zip
2025-10-14 23:29:58,738 [INFO] FileExtend:263 - Standard Zip Deflate
2025-10-14 23:29:58,842 [INFO] LoadUrlFilesThread:156 - End of LoadUrlFiles Thread
2025-10-14 23:29:58,843 [WARN] DbFile:41 - Overriding database path with different value: C:\Users\Miloush\.stmcufinder\plugins\mcufinder/ => C:\Users\Miloush\.stmcufinder\plugins\mcufinder
2025-10-14 23:29:59,101 [INFO] ServerAccessManage:452 - Complete download http(s) 200
2025-10-14 23:29:59,101 [INFO] ServerAccessManage:509 - Download File api_config.json
2025-10-14 23:29:59,205 [INFO] LoadUrlFilesThread:156 - End of LoadUrlFiles Thread
2025-10-14 23:29:59,205 [INFO] DbMcusAds:53 - JSON generation date=Thu Oct 02 11:36:05 CEST 2025 (1759397765645)
2025-10-14 23:29:59,237 [INFO] ServerAccessManage:452 - Complete download http(s) 200
2025-10-14 23:29:59,237 [INFO] ServerAccessManage:509 - Download File 
2025-10-14 23:29:59,255 [INFO] LoadUrlFilesThread:185 - End of LoadServerUrlFiles without Thread
2025-10-14 23:29:59,255 [INFO] TargetSelectorAdapter:259 - Refresh data is successful
2025-10-14 23:29:59,324 [INFO] ApiDb:581 - Connected to CubeFinder SQLite database (C:\Users\Miloush\.stmcufinder\plugins\mcufinder\mcu\cube-finder-db.db)
2025-10-14 23:29:59,378 [INFO] ApiDb:668 - CubeFinder database Data Model version=2.1
2025-10-14 23:29:59,378 [INFO] ApiDb:669 - CubeFinder database Configuration version=3.0.39
2025-10-14 23:29:59,379 [INFO] ApiDb:670 - CubeFinder database generation date=2025-08-25 (1756130511)
2025-10-14 23:29:59,379 [INFO] ApiDb:671 - CubeFinder database FW Pack versions=[FP-ATR-ASTRA1_V2.0.0, FP-SNS-FLIGHT1_V5.1.0, FP-SNS-MOTENV1_V5.0.0, FP-SNS-MOTENVWB1_V1.4.0, FP-SNS-SMARTAG2_V1.2.0, FP-SNS-STBOX1_V2.1.0, STM32Cube_FW_C0_V1.4.0, STM32Cube_FW_F4_V1.28.3, STM32Cube_FW_F7_V1.17.4, STM32Cube_FW_G0_V1.6.2, STM32Cube_FW_G4_V1.6.1, STM32Cube_FW_H5_V1.5.0, STM32Cube_FW_H7RS_V1.2.0, STM32Cube_FW_H7_V1.12.1, STM32Cube_FW_L0_V1.12.2, STM32Cube_FW_L4_V1.18.1, STM32Cube_FW_L5_V1.5.1, STM32Cube_FW_N6_V1.2.0, STM32Cube_FW_U0_V1.3.0, STM32Cube_FW_U3_V1.2.0, STM32Cube_FW_U5_V1.8.0, STM32Cube_FW_WB0_V1.3.0, STM32Cube_FW_WBA_V1.7.0, STM32Cube_FW_WB_V1.23.0, STM32Cube_FW_WL3_V1.2.0, STM32Cube_FW_WL_V1.3.1, X-CUBE-ALGOBUILD_V1.4.0, X-CUBE-ALS_V1.0.2, X-CUBE-AZRTOS-F4_V1.1.0, X-CUBE-AZRTOS-F7_V1.1.0, X-CUBE-AZRTOS-G0_V1.1.0, X-CUBE-AZRTOS-G4_V2.0.0, X-CUBE-AZRTOS-H7RS_V1.1.0, X-CUBE-AZRTOS-H7_V3.4.0, X-CUBE-AZRTOS-L4_V2.0.0, X-CUBE-AZRTOS-L5_V2.0.0, X-CUBE-AZRTOS-WB_V2.0.0, X-CUBE-AZRTOS-WL_V2.0.0, X-CUBE-BLE1_V7.1.0, X-CUBE-BLE2_V3.3.0, X-CUBE-BLEMGR_V4.1.0, X-CUBE-EEPRMA1_V5.2.0, X-CUBE-FREERTOS_V1.3.1, X-CUBE-GNSS1_V6.0.0, X-CUBE-MEMS1_V11.3.0, X-CUBE-NFC4_V3.0.0, X-CUBE-NFC7_V2.0.0, X-CUBE-SFXS2LP1_V4.0.0, X-CUBE-ST67W61_V1.0.0, X-CUBE-SUBG2_V5.0.0, X-CUBE-TOF1_V3.4.3]
2025-10-14 23:30:00,948 [INFO] ApiDb:240 - Found 880 in-development CPN: [B-G473E-ZEST1S, B-WB1M-WPAN1, B-WBA5M-WPAN, B-WL5M-SUBG1, NUCLEO-C031C6, NUCLEO-C051C8, NUCLEO-C071RB, NUCLEO-C092RC, NUCLEO-H503RB, NUCLEO-H533RE, NUCLEO-H563ZI, NUCLEO-H7S3L8, NUCLEO-N657X0-Q, NUCLEO-U031R8, NUCLEO-U083RC, NUCLEO-U385RG-Q, NUCLEO-U545RE-Q, NUCLEO-U5A5ZJ-Q, NUCLEO-WB05KZ, NUCLEO-WB07CC, NUCLEO-WB09KE, NUCLEO-WBA52CG, NUCLEO-WBA55CG, NUCLEO-WL33CC1, NUCLEO-WL33CC2, STEVAL-PROTEUS1, STEVAL-SMARTAG2, STEVAL-STWINBX1, STM320518-EVAL, STM32C0116-DK, STM32C011D6Y3TR, STM32C011D6Y6TR, STM32C011F4P3, STM32C011F4P6, STM32C011F4U3, STM32C011F4U6TR, STM32C011F6P3, STM32C011F6P6, STM32C011F6U3, STM32C011F6U6TR, STM32C011J4M3, STM32C011J4M6, STM32C011J6M3, STM32C011J6M6, STM32C0316-DK, STM32C031C4T3, STM32C031C4T6, STM32C031C4U3, STM32C031C4U6, STM32C031C6T3, STM32C031C6T6, STM32C031C6U3, STM32C031C6U6, STM32C031F4P3, STM32C031F4P6, STM32C031F6P3, STM32C031F6P6, STM32C031G4U3, STM32C031G4U6, STM32C031G6U3, STM32C031G6U6, STM32C031K4T3, STM32C031K4T6, STM32C031K4U3, STM32C031K4U6, STM32C031K6T3, STM32C031K6T6, STM32C031K6U3, STM32C031K6U6, STM32C051C6T6, STM32C051C6U6, STM32C051C8T6, STM32C051C8U6, STM32C051D8Y6TR, STM32C051F6P6, STM32C051F8P6, STM32C051G6U6, STM32C051G8U6, STM32C051K6T6, STM32C051K6U6, STM32C051K8T6, STM32C071C8T6, STM32C071C8T6N, STM32C071C8U6, STM32C071C8U6N, STM32C071CBT6, STM32C071CBT6N, STM32C071CBU6, STM32C071CBU6N, STM32C071F8P6, STM32C071F8P6N, STM32C071FBP6, STM32C071FBP6N, STM32C071FBY6TR, STM32C071G8U6, STM32C071G8U6N, STM32C071GBU6, STM32C071GBU6N, STM32C071K8T6, STM32C071K8T6N, STM32C071K8U6, STM32C071K8U6N, STM32C071KBT6, STM32C071KBT6N, STM32C071KBU6, STM32C071KBU6N, STM32C071R8T6, STM32C071R8T6N, STM32C071RBI6N, STM32C071RBT6, STM32C071RBT6N, STM32C091CBT6, STM32C091CBU6, STM32C091CCT6, STM32C091CCU6, STM32C091ECY6TR, STM32C091FBP6, STM32C091FCP6, STM32C091GBU6, STM32C091GCU6, STM32C091KBT6, STM32C091KBU6, STM32C091KCT6, STM32C091KCU6, STM32C091RBT6, STM32C091RCI6, STM32C091RCT6, STM32C092CBT6, STM32C092CBU6, STM32C092CCT6, STM32C092CCU6, STM32C092ECY6TR, STM32C092FBP6, STM32C092FCP6, STM32C092GBU6, STM32C092GCU6, STM32C092KBT6, STM32C092KBU6, STM32C092KCT6, STM32C092KCU6, STM32C092RBT6, STM32C092RCI6, STM32C092RCT6, STM32G071K8TXN, STM32G071K8UXN, STM32G081GBU6N, STM32G081KBT6N, STM32G081KBUXN, STM32G0B1CCT6N, STM32G0B1KCT6, STM32G0B1NEY6TR, STM32G0B1RCT6N, STM32G0C1CCT6, STM32G0C1CCT6N, STM32G0C1CCU6N, STM32G0C1CET6N, STM32G0C1CEU6N, STM32G0C1KCT6, STM32G0C1NEY6TR, STM32G0C1RCI6N, STM32G0C1RCT6N, STM32G0C1REI6N, STM32G0C1RET6N, STM32G0C1VCI6, STM32G0C1VEI6, STM32G411C6T3, STM32G411C6T6, STM32G411C6U3, STM32G411C6U6, STM32G411C8T3, STM32G411C8T6, STM32G411C8U3, STM32G411C8U6, STM32G411CBT3, STM32G411CBT6, STM32G411CBU3, STM32G411CBU6, STM32G411K6T3, STM32G411K6T6, STM32G411K6U3, STM32G411K6U6, STM32G411K8T3, STM32G411K8T6, STM32G411K8U3, STM32G411K8U6, STM32G411KBT3, STM32G411KBT6, STM32G411KBU3, STM32G411KBU6, STM32G411M6T3, STM32G411M6T6, STM32G411M8T3, STM32G411M8T6, STM32G411MBT3, STM32G411MBT6, STM32G411R6T3, STM32G411R6T6, STM32G411R8T3, STM32G411R8T6, STM32G411RBT3, STM32G411RBT6, STM32G414CBT3, STM32G414CBT6, STM32G414CBU3, STM32G414CBU6, STM32G414CCT3, STM32G414CCT6, STM32G414CCU3, STM32G414CCU6, STM32G414MBT3, STM32G414MBT6, STM32G414MCT3, STM32G414MCT6, STM32G414RBT3, STM32G414RBT6, STM32G414RCT3, STM32G414RCT6, STM32G414VBT3, STM32G414VBT6, STM32G414VCT3, STM32G414VCT6, STM32G431CBT3Z, STM32G431RBT3Z, STM32G471CCT6, STM32G471CCU6, STM32G471CET3, STM32G471CET6, STM32G471CEU3, STM32G471CEU6, STM32G471MCT6, STM32G471MET3, STM32G471MET6, STM32G471MEY6TR, STM32G471QCT6, STM32G471QET3, STM32G471RCT6, STM32G471RET3, STM32G471RET6, STM32G471VCH6, STM32G471VCI6, STM32G471VCT6, STM32G471VEH3, STM32G471VEH6, STM32G471VEI3, STM32G471VEI6, STM32G471VET3, STM32G471VET6, STM32G473QET3Z, STM32G473RET3Z, STM32G474CCT6, STM32G491RET3Z, STM32H503CBT6, STM32H503CBU6, STM32H503EBY6TR, STM32H503KBU6, STM32H503RBT6, STM32H523CCT6, STM32H523CCU6, STM32H523CET6, STM32H523CEU6, STM32H523HEY6TR, STM32H523RCT6, STM32H523RET6, STM32H523VCI6, STM32H523VCT6, STM32H523VEI6, STM32H523VET6, STM32H523ZCJ6, STM32H523ZCT6, STM32H523ZEJ6, STM32H523ZET6, STM32H533CET6, STM32H533CEU6, STM32H533HEY6TR, STM32H533RET6, STM32H533VEI6, STM32H533VET6, STM32H533ZEJ6, STM32H533ZET6, STM32H562AGI6, STM32H562AII6, STM32H562IGK6, STM32H562IGT6, STM32H562IIK6, STM32H562IIT6, STM32H562RGT6, STM32H562RGV6, STM32H562RIT6, STM32H562RIV6, STM32H562VGT6, STM32H562VIT6, STM32H562ZGT6, STM32H562ZIT6, STM32H563AGI6, STM32H563AII3Q, STM32H563AII6, STM32H563IGK6, STM32H563IGT6, STM32H563IIK3Q, STM32H563IIK6, STM32H563IIT3Q, STM32H563IIT6, STM32H563MIY3QTR, STM32H563RGT6, STM32H563RGV6, STM32H563RIT6, STM32H563RIV6, STM32H563VGT6, STM32H563VIT3Q, STM32H563VIT6, STM32H563ZGT6, STM32H563ZIT3Q, STM32H563ZIT6, STM32H573AII3Q, STM32H573AII6, STM32H573I-DK, STM32H573IIK3Q, STM32H573IIK6, STM32H573IIT3Q, STM32H573IIT6, STM32H573MIY3QTR, STM32H573RIT6, STM32H573RIV6, STM32H573VIT3Q, STM32H573VIT6, STM32H573ZIT3Q, STM32H573ZIT6, STM32H7R3A8I6, STM32H7R3I8K6, STM32H7R3I8T6, STM32H7R3L8H6, STM32H7R3L8H6H, STM32H7R3R8V6, STM32H7R3V8H6, STM32H7R3V8T6, STM32H7R3V8Y6TR, STM32H7R3Z8J6, STM32H7R3Z8T6, STM32H7R7A8I6, STM32H7R7I8K6, STM32H7R7I8T6, STM32H7R7L8H6, STM32H7R7L8H6H, STM32H7R7Z8J6, STM32H7S3A8I6, STM32H7S3I8K6, STM32H7S3I8T6, STM32H7S3L8H6, STM32H7S3L8H6H, STM32H7S3R8V6, STM32H7S3V8H6, STM32H7S3V8T6, STM32H7S3V8Y6TR, STM32H7S3Z8J6, STM32H7S3Z8T6, STM32H7S78-DK, STM32H7S7A8I6, STM32H7S7I8K6, STM32H7S7I8T6, STM32H7S7L8H6, STM32H7S7L8H6H, STM32H7S7Z8J6, STM32L4R5QGI6STR, STM32MP131AAE3, STM32MP131AAF3, STM32MP131AAG3, STM32MP131CAE3, STM32MP131CAF3, STM32MP131CAG3, STM32MP131DAE7, STM32MP131DAF7, STM32MP131DAG7, STM32MP131FAE7, STM32MP131FAF7, STM32MP131FAG7, STM32MP133AAE3, STM32MP133AAF3, STM32MP133AAG3, STM32MP133CAE3, STM32MP133CAF3, STM32MP133CAG3, STM32MP133DAE7, STM32MP133DAF7, STM32MP133DAG7, STM32MP133FAE7, STM32MP133FAF7, STM32MP133FAG7, STM32MP135AAE3, STM32MP135AAF3, STM32MP135AAG3, STM32MP135CAE3, STM32MP135CAF3, STM32MP135CAG3, STM32MP135DAE7, STM32MP135DAF7, STM32MP135DAG7, STM32MP135F-DK, STM32MP135FAE7, STM32MP135FAF7, STM32MP135FAF7T, STM32MP135FAF7U, STM32MP135FAG7, STM32MP211AAL3, STM32MP211AAM3, STM32MP211AAN3, STM32MP211AAO3, STM32MP211CAL3, STM32MP211CAM3, STM32MP211CAN3, STM32MP211CAO3, STM32MP211DAL3, STM32MP211DAM3, STM32MP211DAN3, STM32MP211DAO3, STM32MP211FAL3, STM32MP211FAM3, STM32MP211FAN3, STM32MP211FAO3, STM32MP213AAL3, STM32MP213AAM3, STM32MP213AAN3, STM32MP213AAO3, STM32MP213CAL3, STM32MP213CAM3, STM32MP213CAN3, STM32MP213CAO3, STM32MP213DAL3, STM32MP213DAM3, STM32MP213DAN3, STM32MP213DAO3, STM32MP213FAL3, STM32MP213FAM3, STM32MP213FAN3, STM32MP213FAO3, STM32MP215AAL3, STM32MP215AAM3, STM32MP215AAN3, STM32MP215AAO3, STM32MP215CAL3, STM32MP215CAM3, STM32MP215CAN3, STM32MP215CAO3, STM32MP215DAL3, STM32MP215DAM3, STM32MP215DAN3, STM32MP215DAO3, STM32MP215F-DK, STM32MP215FAL3, STM32MP215FAM3, STM32MP215FAN3, STM32MP215FAO3, STM32MP231AAJ3, STM32MP231AAK3, STM32MP231AAL3, STM32MP231CAJ3, STM32MP231CAK3, STM32MP231CAL3, STM32MP231DAJ3, STM32MP231DAK3, STM32MP231DAL3, STM32MP231FAJ3, STM32MP231FAK3, STM32MP231FAL3, STM32MP233AAJ3, STM32MP233AAK3, STM32MP233AAL3, STM32MP233CAJ3, STM32MP233CAK3, STM32MP233CAL3, STM32MP233DAJ3, STM32MP233DAK3, STM32MP233DAL3, STM32MP233FAJ3, STM32MP233FAK3, STM32MP233FAL3, STM32MP235AAJ3, STM32MP235AAK3, STM32MP235AAL3, STM32MP235CAJ3, STM32MP235CAK3, STM32MP235CAL3, STM32MP235DAJ3, STM32MP235DAK3, STM32MP235DAL3, STM32MP235FAJ3, STM32MP235FAK3, STM32MP235FAL3, STM32MP251AAI3, STM32MP251AAK3, STM32MP251AAL3, STM32MP251CAI3, STM32MP251CAK3, STM32MP251CAL3, STM32MP251DAI3, STM32MP251DAK3, STM32MP251DAL3, STM32MP251FAI3, STM32MP251FAK3, STM32MP251FAL3, STM32MP253AAI3, STM32MP253AAK3, STM32MP253AAL3, STM32MP253CAI3, STM32MP253CAK3, STM32MP253CAL3, STM32MP253DAI3, STM32MP253DAK3, STM32MP253DAL3, STM32MP253FAI3, STM32MP253FAK3, STM32MP253FAL3, STM32MP255AAI3, STM32MP255AAK3, STM32MP255AAL3, STM32MP255CAI3, STM32MP255CAK3, STM32MP255CAL3, STM32MP255DAI3, STM32MP255DAK3, STM32MP255DAL3, STM32MP255FAI3, STM32MP255FAK3, STM32MP255FAL3, STM32MP257AAI3, STM32MP257AAK3, STM32MP257AAL3, STM32MP257CAI3, STM32MP257CAK3, STM32MP257CAL3, STM32MP257DAI3, STM32MP257DAK3, STM32MP257DAL3, STM32MP257F-DK, STM32MP257F-EV1, STM32MP257FAI3, STM32MP257FAK3, STM32MP257FAL3, STM32N645A0H3Q, STM32N645B0H3Q, STM32N645I0H3Q, STM32N645L0H3Q, STM32N645X0H3Q, STM32N645Z0H3Q, STM32N647A0H3Q, STM32N647B0H3Q, STM32N647I0H3Q, STM32N647L0H3Q, STM32N647X0H3Q, STM32N647Z0H3Q, STM32N655A0H3Q, STM32N655B0H3Q, STM32N655I0H3Q, STM32N655L0H3Q, STM32N655X0H3Q, STM32N655Z0H3Q, STM32N6570-DK, STM32N657A0H3Q, STM32N657B0H3Q, STM32N657I0H3Q, STM32N657L0H3Q, STM32N657X0H3Q, STM32N657Z0H3Q, STM32U031C6T6, STM32U031C6U6, STM32U031C8T6, STM32U031C8U6, STM32U031F4P6, STM32U031F6P6, STM32U031F8P6, STM32U031G6Y6TR, STM32U031G8Y6TR, STM32U031K4U6, STM32U031K6U6, STM32U031K8U6, STM32U031R6I6, STM32U031R6T6, STM32U031R8I6, STM32U031R8T6, STM32U073C8T6, STM32U073C8U6, STM32U073CBT6, STM32U073CBU6, STM32U073CCT6, STM32U073CCU6, STM32U073H8Y6TR, STM32U073HBY6TR, STM32U073HCY6TR, STM32U073K8U6, STM32U073KBU6, STM32U073KCU6, STM32U073M8I6, STM32U073M8T6, STM32U073MBI6, STM32U073MBT6, STM32U073MCI6, STM32U073MCT6, STM32U073R8I6, STM32U073R8T6, STM32U073RBI6, STM32U073RBT6, STM32U073RCI6, STM32U073RCT6, STM32U083C-DK, STM32U083CCT6, STM32U083CCU6, STM32U083HCY6TR, STM32U083KCU6, STM32U083MCI6, STM32U083MCT6, STM32U083RCI6, STM32U083RCT6, STM32U375CET6, STM32U375CET6Q, STM32U375CEU6, STM32U375CEU6Q, STM32U375CEY6QTR, STM32U375CGT6, STM32U375CGT6Q, STM32U375CGU6, STM32U375CGU6Q, STM32U375CGY6QTR, STM32U375KEU6, STM32U375KGU6, STM32U375REI6, STM32U375REI6Q, STM32U375RET6, STM32U375RET6Q, STM32U375REY6GTR, STM32U375REY6QTR, STM32U375RGI6, STM32U375RGI6Q, STM32U375RGT6, STM32U375RGT6Q, STM32U375RGY6GTR, STM32U375RGY6QTR, STM32U375VEI6, STM32U375VEI6Q, STM32U375VET6, STM32U375VET6Q, STM32U375VGI6, STM32U375VGI6Q, STM32U375VGT6, STM32U375VGT6Q, STM32U385CGT6, STM32U385CGT6Q, STM32U385CGU6, STM32U385CGU6Q, STM32U385CGY6QTR, STM32U385KGU6, STM32U385RGI6, STM32U385RGI6Q, STM32U385RGT6, STM32U385RGT6Q, STM32U385RGY6GTR, STM32U385RGY6QTR, STM32U385VGI6, STM32U385VGI6Q, STM32U385VGT6, STM32U385VGT6Q, STM32U535CBT6, STM32U535CBT6Q, STM32U535CBU6, STM32U535CBU6Q, STM32U535CCT6, STM32U535CCT6Q, STM32U535CCU6, STM32U535CCU6Q, STM32U535CET6, STM32U535CET6Q, STM32U535CEU6, STM32U535CEU6Q, STM32U535JEY6QTR, STM32U535NCY6QTR, STM32U535NEY6QTR, STM32U535RBI6, STM32U535RBI6Q, STM32U535RBT6, STM32U535RBT6Q, STM32U535RCI6, STM32U535RCI6Q, STM32U535RCT6, STM32U535RCT6Q, STM32U535REI6, STM32U535REI6Q, STM32U535RET6, STM32U535RET6Q, STM32U535VCI6, STM32U535VCI6Q, STM32U535VCT6, STM32U535VCT6Q, STM32U535VEI6, STM32U535VEI6Q, STM32U535VET6, STM32U535VET6Q, STM32U545CET6, STM32U545CET6Q, STM32U545CEU6, STM32U545CEU6Q, STM32U545JEY6QTR, STM32U545NEY6QTR, STM32U545REI6, STM32U545REI6Q, STM32U545RET6, STM32U545RET6Q, STM32U545VEI6, STM32U545VEI6Q, STM32U545VET6, STM32U545VET6Q, STM32U595AIH6, STM32U595AIH6Q, STM32U595AJH6, STM32U595AJH6Q, STM32U595QII6, STM32U595QII6Q, STM32U595QJI6, STM32U595QJI6Q, STM32U595RIT6, STM32U595RIT6Q, STM32U595RJT6, STM32U595RJT6Q, STM32U595VIT6, STM32U595VIT6Q, STM32U595VJT6, STM32U595VJT6Q, STM32U595ZIT6, STM32U595ZIT6Q, STM32U595ZIY6QTR, STM32U595ZJT6, STM32U595ZJT6Q, STM32U595ZJY6QTR, STM32U599BJY6QTR, STM32U599NIH6Q, STM32U599NJH6Q, STM32U599VIT6Q, STM32U599VJT6, STM32U599VJT6Q, STM32U599ZIT6Q, STM32U599ZIY6QTR, STM32U599ZJT6Q, STM32U599ZJY6QTR, STM32U5A5AJH6, STM32U5A5AJH6Q, STM32U5A5QII3Q , STM32U5A5QJI6, STM32U5A5QJI6Q, STM32U5A5RJT6, STM32U5A5RJT6Q, STM32U5A5VJT6, STM32U5A5VJT6Q, STM32U5A5ZJT6, STM32U5A5ZJT6Q, STM32U5A5ZJY6QTR, STM32U5A9BJY6QTR, STM32U5A9J-DK, STM32U5A9NJH6Q, STM32U5A9VJT6Q, STM32U5A9ZJT6Q, STM32U5A9ZJY6QTR, STM32U5F7VIT6, STM32U5F7VIT6Q, STM32U5F7VJT6, STM32U5F7VJT6Q, STM32U5F9BJY6QTR, STM32U5F9NJH6Q, STM32U5F9VIT6Q, STM32U5F9VJT6Q, STM32U5F9ZIJ6QTR, STM32U5F9ZIT6Q, STM32U5F9ZJJ6QTR, STM32U5F9ZJT6Q, STM32U5G7VJT6, STM32U5G7VJT6Q, STM32U5G9BJY6QTR, STM32U5G9J-DK1, STM32U5G9J-DK2, STM32U5G9NJH6Q, STM32U5G9VJT6Q, STM32U5G9ZJJ6QTR, STM32U5G9ZJT6Q, STM32WB05KZV6TR, STM32WB05KZV7TR, STM32WB05TZF6TR, STM32WB05TZF7TR, STM32WB06CCF6TR, STM32WB06CCF7TR, STM32WB06CCV6TR, STM32WB06CCV7TR, STM32WB06KCV6TR, STM32WB06KCV7TR, STM32WB07CCF6TR, STM32WB07CCF7TR, STM32WB07CCV6TR, STM32WB07CCV7TR, STM32WB07KCV6TR, STM32WB07KCV7TR, STM32WB09KEV6TR, STM32WB09KEV7TR, STM32WB09TEF6TR, STM32WB09TEF7TR, STM32WB1MMCH6, STM32WBA50KGU6, STM32WBA50KGU6TR, STM32WBA52CEU6, STM32WBA52CEU6TR, STM32WBA52CEU7, STM32WBA52CEU7TR, STM32WBA52CGU6, STM32WBA52CGU6TR, STM32WBA52CGU6U, STM32WBA52CGU7, STM32WBA52CGU7TR, STM32WBA52KEU6, STM32WBA52KEU6TR, STM32WBA52KGU6, STM32WBA52KGU6TR, STM32WBA54CEU6, STM32WBA54CEU6TR, STM32WBA54CEU7, STM32WBA54CEU7TR, STM32WBA54CGU6, STM32WBA54CGU6TR, STM32WBA54CGU7, STM32WBA54CGU7TR, STM32WBA54KEU6, STM32WBA54KEU6TR, STM32WBA54KEU7, STM32WBA54KEU7TR, STM32WBA54KGU6, STM32WBA54KGU6TR, STM32WBA54KGU7, STM32WBA54KGU7TR, STM32WBA55CEU6, STM32WBA55CEU6TR, STM32WBA55CEU7, STM32WBA55CEU7TR, STM32WBA55CGU6, STM32WBA55CGU6TR, STM32WBA55CGU6U, STM32WBA55CGU7, STM32WBA55CGU7TR, STM32WBA55G-DK1, STM32WBA55HEF6, STM32WBA55HEF7, STM32WBA55HGF6, STM32WBA55HGF7, STM32WBA55UEI6, STM32WBA55UEI6TR, STM32WBA55UEI7, STM32WBA55UEI7TR, STM32WBA55UGI6, STM32WBA55UGI6TR, STM32WBA55UGI7, STM32WBA55UGI7TR, STM32WBA5MMGH6TR, STM32WBA62MGF6, STM32WBA62MIF6, STM32WBA65MGF7, STM32WBA65MIF6, STM32WBA65MIF7, STM32WL30K8V6, STM32WL30KBV6, STM32WL31C8V6, STM32WL31CBV6, STM32WL31K8V6, STM32WL31KBV6, STM32WL33C8V6, STM32WL33C8V6X, STM32WL33CBV6, STM32WL33CBV6X, STM32WL33CCV6, STM32WL33CCV6A, STM32WL33CCV6X, STM32WL33K8V7, STM32WL33K8V7X, STM32WL33KBV7 , STM32WL33KBV7X, STM32WL33KCV7, STM32WL33KCV7X, STM32WL5MOCH6, STM32WL5MOCH6TR]
2025-10-14 23:30:00,953 [INFO] DbMcus:218 - Found 4801 MCUs, 4801 are supported
2025-10-14 23:30:00,953 [INFO] ApiDb:423 - Load user favorites file C:\Users\Miloush/.stm32cubeide/favorites.mcus.txt: 3 item(s)
2025-10-14 23:30:00,953 [INFO] ApiDb:427 - User favorites MCUs=[STM32F446RET6, STM32G431KBT6, STM32G474CBT3]
2025-10-14 23:30:00,953 [INFO] DbMcus:224 - Set 3 / 3 favorites MCUs
2025-10-14 23:30:01,287 [INFO] ApiDb:668 - CubeFinder database Data Model version=2.1
2025-10-14 23:30:01,287 [INFO] ApiDb:669 - CubeFinder database Configuration version=3.0.39
2025-10-14 23:30:01,287 [INFO] ApiDb:670 - CubeFinder database generation date=2025-08-25 (1756130511)
2025-10-14 23:30:01,287 [INFO] ApiDb:671 - CubeFinder database FW Pack versions=[FP-ATR-ASTRA1_V2.0.0, FP-SNS-FLIGHT1_V5.1.0, FP-SNS-MOTENV1_V5.0.0, FP-SNS-MOTENVWB1_V1.4.0, FP-SNS-SMARTAG2_V1.2.0, FP-SNS-STBOX1_V2.1.0, STM32Cube_FW_C0_V1.4.0, STM32Cube_FW_F4_V1.28.3, STM32Cube_FW_F7_V1.17.4, STM32Cube_FW_G0_V1.6.2, STM32Cube_FW_G4_V1.6.1, STM32Cube_FW_H5_V1.5.0, STM32Cube_FW_H7RS_V1.2.0, STM32Cube_FW_H7_V1.12.1, STM32Cube_FW_L0_V1.12.2, STM32Cube_FW_L4_V1.18.1, STM32Cube_FW_L5_V1.5.1, STM32Cube_FW_N6_V1.2.0, STM32Cube_FW_U0_V1.3.0, STM32Cube_FW_U3_V1.2.0, STM32Cube_FW_U5_V1.8.0, STM32Cube_FW_WB0_V1.3.0, STM32Cube_FW_WBA_V1.7.0, STM32Cube_FW_WB_V1.23.0, STM32Cube_FW_WL3_V1.2.0, STM32Cube_FW_WL_V1.3.1, X-CUBE-ALGOBUILD_V1.4.0, X-CUBE-ALS_V1.0.2, X-CUBE-AZRTOS-F4_V1.1.0, X-CUBE-AZRTOS-F7_V1.1.0, X-CUBE-AZRTOS-G0_V1.1.0, X-CUBE-AZRTOS-G4_V2.0.0, X-CUBE-AZRTOS-H7RS_V1.1.0, X-CUBE-AZRTOS-H7_V3.4.0, X-CUBE-AZRTOS-L4_V2.0.0, X-CUBE-AZRTOS-L5_V2.0.0, X-CUBE-AZRTOS-WB_V2.0.0, X-CUBE-AZRTOS-WL_V2.0.0, X-CUBE-BLE1_V7.1.0, X-CUBE-BLE2_V3.3.0, X-CUBE-BLEMGR_V4.1.0, X-CUBE-EEPRMA1_V5.2.0, X-CUBE-FREERTOS_V1.3.1, X-CUBE-GNSS1_V6.0.0, X-CUBE-MEMS1_V11.3.0, X-CUBE-NFC4_V3.0.0, X-CUBE-NFC7_V2.0.0, X-CUBE-SFXS2LP1_V4.0.0, X-CUBE-ST67W61_V1.0.0, X-CUBE-SUBG2_V5.0.0, X-CUBE-TOF1_V3.4.3]
2025-10-14 23:30:01,311 [WARN] PackLoader:240 - Cannot read IP mode file for STMicroelectronics.FP-SNS-MOTENVWB1.1.4.0
2025-10-14 23:30:01,316 [WARN] PackLoader:240 - Cannot read IP mode file for STMicroelectronics.FP-ATR-ASTRA1.2.0.2
2025-10-14 23:30:01,319 [WARN] PackLoader:240 - Cannot read IP mode file for STMicroelectronics.FP-ATR-ASTRA1.2.0.1
2025-10-14 23:30:01,325 [WARN] PackLoader:240 - Cannot read IP mode file for STMicroelectronics.X-CUBE-SMBUS.2.1.0
2025-10-14 23:30:01,330 [INFO] DbBoardsSqlite:226 - include board P-NUCLEO-WB55-NUCLEO as a kit item of type 'Nucleo-64'
2025-10-14 23:30:01,330 [INFO] DbBoardsSqlite:226 - include board P-NUCLEO-WB55-USBDONGLE as a kit item of type 'Nucleo USB Dongle'
2025-10-14 23:30:01,330 [INFO] DbBoardsSqlite:226 - include board STEVAL-IDP005V1 as a kit item of type 'Evaluation Board'
2025-10-14 23:30:01,330 [INFO] DbBoardsSqlite:226 - include board STEVAL-IDP005V2 as a kit item of type 'Evaluation Board'
2025-10-14 23:30:01,331 [WARN] PackLoader:240 - Cannot read IP mode file for STMicroelectronics.X-CUBE-WB05N.1.1.0
2025-10-14 23:30:01,336 [WARN] PackLoader:240 - Cannot read IP mode file for STMicroelectronics.X-CUBE-ST60.1.0.0
2025-10-14 23:30:01,352 [WARN] PackLoader:240 - Cannot read IP mode file for STMicroelectronics.X-CUBE-AZRTOS-F7.1.1.0
2025-10-14 23:30:01,384 [WARN] PackLoader:240 - Cannot read IP mode file for STMicroelectronics.X-CUBE-MEMS1.11.0.0
2025-10-14 23:30:01,396 [INFO] ApiDb:240 - Found 880 in-development CPN: [B-G473E-ZEST1S, B-WB1M-WPAN1, B-WBA5M-WPAN, B-WL5M-SUBG1, NUCLEO-C031C6, NUCLEO-C051C8, NUCLEO-C071RB, NUCLEO-C092RC, NUCLEO-H503RB, NUCLEO-H533RE, NUCLEO-H563ZI, NUCLEO-H7S3L8, NUCLEO-N657X0-Q, NUCLEO-U031R8, NUCLEO-U083RC, NUCLEO-U385RG-Q, NUCLEO-U545RE-Q, NUCLEO-U5A5ZJ-Q, NUCLEO-WB05KZ, NUCLEO-WB07CC, NUCLEO-WB09KE, NUCLEO-WBA52CG, NUCLEO-WBA55CG, NUCLEO-WL33CC1, NUCLEO-WL33CC2, STEVAL-PROTEUS1, STEVAL-SMARTAG2, STEVAL-STWINBX1, STM320518-EVAL, STM32C0116-DK, STM32C011D6Y3TR, STM32C011D6Y6TR, STM32C011F4P3, STM32C011F4P6, STM32C011F4U3, STM32C011F4U6TR, STM32C011F6P3, STM32C011F6P6, STM32C011F6U3, STM32C011F6U6TR, STM32C011J4M3, STM32C011J4M6, STM32C011J6M3, STM32C011J6M6, STM32C0316-DK, STM32C031C4T3, STM32C031C4T6, STM32C031C4U3, STM32C031C4U6, STM32C031C6T3, STM32C031C6T6, STM32C031C6U3, STM32C031C6U6, STM32C031F4P3, STM32C031F4P6, STM32C031F6P3, STM32C031F6P6, STM32C031G4U3, STM32C031G4U6, STM32C031G6U3, STM32C031G6U6, STM32C031K4T3, STM32C031K4T6, STM32C031K4U3, STM32C031K4U6, STM32C031K6T3, STM32C031K6T6, STM32C031K6U3, STM32C031K6U6, STM32C051C6T6, STM32C051C6U6, STM32C051C8T6, STM32C051C8U6, STM32C051D8Y6TR, STM32C051F6P6, STM32C051F8P6, STM32C051G6U6, STM32C051G8U6, STM32C051K6T6, STM32C051K6U6, STM32C051K8T6, STM32C071C8T6, STM32C071C8T6N, STM32C071C8U6, STM32C071C8U6N, STM32C071CBT6, STM32C071CBT6N, STM32C071CBU6, STM32C071CBU6N, STM32C071F8P6, STM32C071F8P6N, STM32C071FBP6, STM32C071FBP6N, STM32C071FBY6TR, STM32C071G8U6, STM32C071G8U6N, STM32C071GBU6, STM32C071GBU6N, STM32C071K8T6, STM32C071K8T6N, STM32C071K8U6, STM32C071K8U6N, STM32C071KBT6, STM32C071KBT6N, STM32C071KBU6, STM32C071KBU6N, STM32C071R8T6, STM32C071R8T6N, STM32C071RBI6N, STM32C071RBT6, STM32C071RBT6N, STM32C091CBT6, STM32C091CBU6, STM32C091CCT6, STM32C091CCU6, STM32C091ECY6TR, STM32C091FBP6, STM32C091FCP6, STM32C091GBU6, STM32C091GCU6, STM32C091KBT6, STM32C091KBU6, STM32C091KCT6, STM32C091KCU6, STM32C091RBT6, STM32C091RCI6, STM32C091RCT6, STM32C092CBT6, STM32C092CBU6, STM32C092CCT6, STM32C092CCU6, STM32C092ECY6TR, STM32C092FBP6, STM32C092FCP6, STM32C092GBU6, STM32C092GCU6, STM32C092KBT6, STM32C092KBU6, STM32C092KCT6, STM32C092KCU6, STM32C092RBT6, STM32C092RCI6, STM32C092RCT6, STM32G071K8TXN, STM32G071K8UXN, STM32G081GBU6N, STM32G081KBT6N, STM32G081KBUXN, STM32G0B1CCT6N, STM32G0B1KCT6, STM32G0B1NEY6TR, STM32G0B1RCT6N, STM32G0C1CCT6, STM32G0C1CCT6N, STM32G0C1CCU6N, STM32G0C1CET6N, STM32G0C1CEU6N, STM32G0C1KCT6, STM32G0C1NEY6TR, STM32G0C1RCI6N, STM32G0C1RCT6N, STM32G0C1REI6N, STM32G0C1RET6N, STM32G0C1VCI6, STM32G0C1VEI6, STM32G411C6T3, STM32G411C6T6, STM32G411C6U3, STM32G411C6U6, STM32G411C8T3, STM32G411C8T6, STM32G411C8U3, STM32G411C8U6, STM32G411CBT3, STM32G411CBT6, STM32G411CBU3, STM32G411CBU6, STM32G411K6T3, STM32G411K6T6, STM32G411K6U3, STM32G411K6U6, STM32G411K8T3, STM32G411K8T6, STM32G411K8U3, STM32G411K8U6, STM32G411KBT3, STM32G411KBT6, STM32G411KBU3, STM32G411KBU6, STM32G411M6T3, STM32G411M6T6, STM32G411M8T3, STM32G411M8T6, STM32G411MBT3, STM32G411MBT6, STM32G411R6T3, STM32G411R6T6, STM32G411R8T3, STM32G411R8T6, STM32G411RBT3, STM32G411RBT6, STM32G414CBT3, STM32G414CBT6, STM32G414CBU3, STM32G414CBU6, STM32G414CCT3, STM32G414CCT6, STM32G414CCU3, STM32G414CCU6, STM32G414MBT3, STM32G414MBT6, STM32G414MCT3, STM32G414MCT6, STM32G414RBT3, STM32G414RBT6, STM32G414RCT3, STM32G414RCT6, STM32G414VBT3, STM32G414VBT6, STM32G414VCT3, STM32G414VCT6, STM32G431CBT3Z, STM32G431RBT3Z, STM32G471CCT6, STM32G471CCU6, STM32G471CET3, STM32G471CET6, STM32G471CEU3, STM32G471CEU6, STM32G471MCT6, STM32G471MET3, STM32G471MET6, STM32G471MEY6TR, STM32G471QCT6, STM32G471QET3, STM32G471RCT6, STM32G471RET3, STM32G471RET6, STM32G471VCH6, STM32G471VCI6, STM32G471VCT6, STM32G471VEH3, STM32G471VEH6, STM32G471VEI3, STM32G471VEI6, STM32G471VET3, STM32G471VET6, STM32G473QET3Z, STM32G473RET3Z, STM32G474CCT6, STM32G491RET3Z, STM32H503CBT6, STM32H503CBU6, STM32H503EBY6TR, STM32H503KBU6, STM32H503RBT6, STM32H523CCT6, STM32H523CCU6, STM32H523CET6, STM32H523CEU6, STM32H523HEY6TR, STM32H523RCT6, STM32H523RET6, STM32H523VCI6, STM32H523VCT6, STM32H523VEI6, STM32H523VET6, STM32H523ZCJ6, STM32H523ZCT6, STM32H523ZEJ6, STM32H523ZET6, STM32H533CET6, STM32H533CEU6, STM32H533HEY6TR, STM32H533RET6, STM32H533VEI6, STM32H533VET6, STM32H533ZEJ6, STM32H533ZET6, STM32H562AGI6, STM32H562AII6, STM32H562IGK6, STM32H562IGT6, STM32H562IIK6, STM32H562IIT6, STM32H562RGT6, STM32H562RGV6, STM32H562RIT6, STM32H562RIV6, STM32H562VGT6, STM32H562VIT6, STM32H562ZGT6, STM32H562ZIT6, STM32H563AGI6, STM32H563AII3Q, STM32H563AII6, STM32H563IGK6, STM32H563IGT6, STM32H563IIK3Q, STM32H563IIK6, STM32H563IIT3Q, STM32H563IIT6, STM32H563MIY3QTR, STM32H563RGT6, STM32H563RGV6, STM32H563RIT6, STM32H563RIV6, STM32H563VGT6, STM32H563VIT3Q, STM32H563VIT6, STM32H563ZGT6, STM32H563ZIT3Q, STM32H563ZIT6, STM32H573AII3Q, STM32H573AII6, STM32H573I-DK, STM32H573IIK3Q, STM32H573IIK6, STM32H573IIT3Q, STM32H573IIT6, STM32H573MIY3QTR, STM32H573RIT6, STM32H573RIV6, STM32H573VIT3Q, STM32H573VIT6, STM32H573ZIT3Q, STM32H573ZIT6, STM32H7R3A8I6, STM32H7R3I8K6, STM32H7R3I8T6, STM32H7R3L8H6, STM32H7R3L8H6H, STM32H7R3R8V6, STM32H7R3V8H6, STM32H7R3V8T6, STM32H7R3V8Y6TR, STM32H7R3Z8J6, STM32H7R3Z8T6, STM32H7R7A8I6, STM32H7R7I8K6, STM32H7R7I8T6, STM32H7R7L8H6, STM32H7R7L8H6H, STM32H7R7Z8J6, STM32H7S3A8I6, STM32H7S3I8K6, STM32H7S3I8T6, STM32H7S3L8H6, STM32H7S3L8H6H, STM32H7S3R8V6, STM32H7S3V8H6, STM32H7S3V8T6, STM32H7S3V8Y6TR, STM32H7S3Z8J6, STM32H7S3Z8T6, STM32H7S78-DK, STM32H7S7A8I6, STM32H7S7I8K6, STM32H7S7I8T6, STM32H7S7L8H6, STM32H7S7L8H6H, STM32H7S7Z8J6, STM32L4R5QGI6STR, STM32MP131AAE3, STM32MP131AAF3, STM32MP131AAG3, STM32MP131CAE3, STM32MP131CAF3, STM32MP131CAG3, STM32MP131DAE7, STM32MP131DAF7, STM32MP131DAG7, STM32MP131FAE7, STM32MP131FAF7, STM32MP131FAG7, STM32MP133AAE3, STM32MP133AAF3, STM32MP133AAG3, STM32MP133CAE3, STM32MP133CAF3, STM32MP133CAG3, STM32MP133DAE7, STM32MP133DAF7, STM32MP133DAG7, STM32MP133FAE7, STM32MP133FAF7, STM32MP133FAG7, STM32MP135AAE3, STM32MP135AAF3, STM32MP135AAG3, STM32MP135CAE3, STM32MP135CAF3, STM32MP135CAG3, STM32MP135DAE7, STM32MP135DAF7, STM32MP135DAG7, STM32MP135F-DK, STM32MP135FAE7, STM32MP135FAF7, STM32MP135FAF7T, STM32MP135FAF7U, STM32MP135FAG7, STM32MP211AAL3, STM32MP211AAM3, STM32MP211AAN3, STM32MP211AAO3, STM32MP211CAL3, STM32MP211CAM3, STM32MP211CAN3, STM32MP211CAO3, STM32MP211DAL3, STM32MP211DAM3, STM32MP211DAN3, STM32MP211DAO3, STM32MP211FAL3, STM32MP211FAM3, STM32MP211FAN3, STM32MP211FAO3, STM32MP213AAL3, STM32MP213AAM3, STM32MP213AAN3, STM32MP213AAO3, STM32MP213CAL3, STM32MP213CAM3, STM32MP213CAN3, STM32MP213CAO3, STM32MP213DAL3, STM32MP213DAM3, STM32MP213DAN3, STM32MP213DAO3, STM32MP213FAL3, STM32MP213FAM3, STM32MP213FAN3, STM32MP213FAO3, STM32MP215AAL3, STM32MP215AAM3, STM32MP215AAN3, STM32MP215AAO3, STM32MP215CAL3, STM32MP215CAM3, STM32MP215CAN3, STM32MP215CAO3, STM32MP215DAL3, STM32MP215DAM3, STM32MP215DAN3, STM32MP215DAO3, STM32MP215F-DK, STM32MP215FAL3, STM32MP215FAM3, STM32MP215FAN3, STM32MP215FAO3, STM32MP231AAJ3, STM32MP231AAK3, STM32MP231AAL3, STM32MP231CAJ3, STM32MP231CAK3, STM32MP231CAL3, STM32MP231DAJ3, STM32MP231DAK3, STM32MP231DAL3, STM32MP231FAJ3, STM32MP231FAK3, STM32MP231FAL3, STM32MP233AAJ3, STM32MP233AAK3, STM32MP233AAL3, STM32MP233CAJ3, STM32MP233CAK3, STM32MP233CAL3, STM32MP233DAJ3, STM32MP233DAK3, STM32MP233DAL3, STM32MP233FAJ3, STM32MP233FAK3, STM32MP233FAL3, STM32MP235AAJ3, STM32MP235AAK3, STM32MP235AAL3, STM32MP235CAJ3, STM32MP235CAK3, STM32MP235CAL3, STM32MP235DAJ3, STM32MP235DAK3, STM32MP235DAL3, STM32MP235FAJ3, STM32MP235FAK3, STM32MP235FAL3, STM32MP251AAI3, STM32MP251AAK3, STM32MP251AAL3, STM32MP251CAI3, STM32MP251CAK3, STM32MP251CAL3, STM32MP251DAI3, STM32MP251DAK3, STM32MP251DAL3, STM32MP251FAI3, STM32MP251FAK3, STM32MP251FAL3, STM32MP253AAI3, STM32MP253AAK3, STM32MP253AAL3, STM32MP253CAI3, STM32MP253CAK3, STM32MP253CAL3, STM32MP253DAI3, STM32MP253DAK3, STM32MP253DAL3, STM32MP253FAI3, STM32MP253FAK3, STM32MP253FAL3, STM32MP255AAI3, STM32MP255AAK3, STM32MP255AAL3, STM32MP255CAI3, STM32MP255CAK3, STM32MP255CAL3, STM32MP255DAI3, STM32MP255DAK3, STM32MP255DAL3, STM32MP255FAI3, STM32MP255FAK3, STM32MP255FAL3, STM32MP257AAI3, STM32MP257AAK3, STM32MP257AAL3, STM32MP257CAI3, STM32MP257CAK3, STM32MP257CAL3, STM32MP257DAI3, STM32MP257DAK3, STM32MP257DAL3, STM32MP257F-DK, STM32MP257F-EV1, STM32MP257FAI3, STM32MP257FAK3, STM32MP257FAL3, STM32N645A0H3Q, STM32N645B0H3Q, STM32N645I0H3Q, STM32N645L0H3Q, STM32N645X0H3Q, STM32N645Z0H3Q, STM32N647A0H3Q, STM32N647B0H3Q, STM32N647I0H3Q, STM32N647L0H3Q, STM32N647X0H3Q, STM32N647Z0H3Q, STM32N655A0H3Q, STM32N655B0H3Q, STM32N655I0H3Q, STM32N655L0H3Q, STM32N655X0H3Q, STM32N655Z0H3Q, STM32N6570-DK, STM32N657A0H3Q, STM32N657B0H3Q, STM32N657I0H3Q, STM32N657L0H3Q, STM32N657X0H3Q, STM32N657Z0H3Q, STM32U031C6T6, STM32U031C6U6, STM32U031C8T6, STM32U031C8U6, STM32U031F4P6, STM32U031F6P6, STM32U031F8P6, STM32U031G6Y6TR, STM32U031G8Y6TR, STM32U031K4U6, STM32U031K6U6, STM32U031K8U6, STM32U031R6I6, STM32U031R6T6, STM32U031R8I6, STM32U031R8T6, STM32U073C8T6, STM32U073C8U6, STM32U073CBT6, STM32U073CBU6, STM32U073CCT6, STM32U073CCU6, STM32U073H8Y6TR, STM32U073HBY6TR, STM32U073HCY6TR, STM32U073K8U6, STM32U073KBU6, STM32U073KCU6, STM32U073M8I6, STM32U073M8T6, STM32U073MBI6, STM32U073MBT6, STM32U073MCI6, STM32U073MCT6, STM32U073R8I6, STM32U073R8T6, STM32U073RBI6, STM32U073RBT6, STM32U073RCI6, STM32U073RCT6, STM32U083C-DK, STM32U083CCT6, STM32U083CCU6, STM32U083HCY6TR, STM32U083KCU6, STM32U083MCI6, STM32U083MCT6, STM32U083RCI6, STM32U083RCT6, STM32U375CET6, STM32U375CET6Q, STM32U375CEU6, STM32U375CEU6Q, STM32U375CEY6QTR, STM32U375CGT6, STM32U375CGT6Q, STM32U375CGU6, STM32U375CGU6Q, STM32U375CGY6QTR, STM32U375KEU6, STM32U375KGU6, STM32U375REI6, STM32U375REI6Q, STM32U375RET6, STM32U375RET6Q, STM32U375REY6GTR, STM32U375REY6QTR, STM32U375RGI6, STM32U375RGI6Q, STM32U375RGT6, STM32U375RGT6Q, STM32U375RGY6GTR, STM32U375RGY6QTR, STM32U375VEI6, STM32U375VEI6Q, STM32U375VET6, STM32U375VET6Q, STM32U375VGI6, STM32U375VGI6Q, STM32U375VGT6, STM32U375VGT6Q, STM32U385CGT6, STM32U385CGT6Q, STM32U385CGU6, STM32U385CGU6Q, STM32U385CGY6QTR, STM32U385KGU6, STM32U385RGI6, STM32U385RGI6Q, STM32U385RGT6, STM32U385RGT6Q, STM32U385RGY6GTR, STM32U385RGY6QTR, STM32U385VGI6, STM32U385VGI6Q, STM32U385VGT6, STM32U385VGT6Q, STM32U535CBT6, STM32U535CBT6Q, STM32U535CBU6, STM32U535CBU6Q, STM32U535CCT6, STM32U535CCT6Q, STM32U535CCU6, STM32U535CCU6Q, STM32U535CET6, STM32U535CET6Q, STM32U535CEU6, STM32U535CEU6Q, STM32U535JEY6QTR, STM32U535NCY6QTR, STM32U535NEY6QTR, STM32U535RBI6, STM32U535RBI6Q, STM32U535RBT6, STM32U535RBT6Q, STM32U535RCI6, STM32U535RCI6Q, STM32U535RCT6, STM32U535RCT6Q, STM32U535REI6, STM32U535REI6Q, STM32U535RET6, STM32U535RET6Q, STM32U535VCI6, STM32U535VCI6Q, STM32U535VCT6, STM32U535VCT6Q, STM32U535VEI6, STM32U535VEI6Q, STM32U535VET6, STM32U535VET6Q, STM32U545CET6, STM32U545CET6Q, STM32U545CEU6, STM32U545CEU6Q, STM32U545JEY6QTR, STM32U545NEY6QTR, STM32U545REI6, STM32U545REI6Q, STM32U545RET6, STM32U545RET6Q, STM32U545VEI6, STM32U545VEI6Q, STM32U545VET6, STM32U545VET6Q, STM32U595AIH6, STM32U595AIH6Q, STM32U595AJH6, STM32U595AJH6Q, STM32U595QII6, STM32U595QII6Q, STM32U595QJI6, STM32U595QJI6Q, STM32U595RIT6, STM32U595RIT6Q, STM32U595RJT6, STM32U595RJT6Q, STM32U595VIT6, STM32U595VIT6Q, STM32U595VJT6, STM32U595VJT6Q, STM32U595ZIT6, STM32U595ZIT6Q, STM32U595ZIY6QTR, STM32U595ZJT6, STM32U595ZJT6Q, STM32U595ZJY6QTR, STM32U599BJY6QTR, STM32U599NIH6Q, STM32U599NJH6Q, STM32U599VIT6Q, STM32U599VJT6, STM32U599VJT6Q, STM32U599ZIT6Q, STM32U599ZIY6QTR, STM32U599ZJT6Q, STM32U599ZJY6QTR, STM32U5A5AJH6, STM32U5A5AJH6Q, STM32U5A5QII3Q , STM32U5A5QJI6, STM32U5A5QJI6Q, STM32U5A5RJT6, STM32U5A5RJT6Q, STM32U5A5VJT6, STM32U5A5VJT6Q, STM32U5A5ZJT6, STM32U5A5ZJT6Q, STM32U5A5ZJY6QTR, STM32U5A9BJY6QTR, STM32U5A9J-DK, STM32U5A9NJH6Q, STM32U5A9VJT6Q, STM32U5A9ZJT6Q, STM32U5A9ZJY6QTR, STM32U5F7VIT6, STM32U5F7VIT6Q, STM32U5F7VJT6, STM32U5F7VJT6Q, STM32U5F9BJY6QTR, STM32U5F9NJH6Q, STM32U5F9VIT6Q, STM32U5F9VJT6Q, STM32U5F9ZIJ6QTR, STM32U5F9ZIT6Q, STM32U5F9ZJJ6QTR, STM32U5F9ZJT6Q, STM32U5G7VJT6, STM32U5G7VJT6Q, STM32U5G9BJY6QTR, STM32U5G9J-DK1, STM32U5G9J-DK2, STM32U5G9NJH6Q, STM32U5G9VJT6Q, STM32U5G9ZJJ6QTR, STM32U5G9ZJT6Q, STM32WB05KZV6TR, STM32WB05KZV7TR, STM32WB05TZF6TR, STM32WB05TZF7TR, STM32WB06CCF6TR, STM32WB06CCF7TR, STM32WB06CCV6TR, STM32WB06CCV7TR, STM32WB06KCV6TR, STM32WB06KCV7TR, STM32WB07CCF6TR, STM32WB07CCF7TR, STM32WB07CCV6TR, STM32WB07CCV7TR, STM32WB07KCV6TR, STM32WB07KCV7TR, STM32WB09KEV6TR, STM32WB09KEV7TR, STM32WB09TEF6TR, STM32WB09TEF7TR, STM32WB1MMCH6, STM32WBA50KGU6, STM32WBA50KGU6TR, STM32WBA52CEU6, STM32WBA52CEU6TR, STM32WBA52CEU7, STM32WBA52CEU7TR, STM32WBA52CGU6, STM32WBA52CGU6TR, STM32WBA52CGU6U, STM32WBA52CGU7, STM32WBA52CGU7TR, STM32WBA52KEU6, STM32WBA52KEU6TR, STM32WBA52KGU6, STM32WBA52KGU6TR, STM32WBA54CEU6, STM32WBA54CEU6TR, STM32WBA54CEU7, STM32WBA54CEU7TR, STM32WBA54CGU6, STM32WBA54CGU6TR, STM32WBA54CGU7, STM32WBA54CGU7TR, STM32WBA54KEU6, STM32WBA54KEU6TR, STM32WBA54KEU7, STM32WBA54KEU7TR, STM32WBA54KGU6, STM32WBA54KGU6TR, STM32WBA54KGU7, STM32WBA54KGU7TR, STM32WBA55CEU6, STM32WBA55CEU6TR, STM32WBA55CEU7, STM32WBA55CEU7TR, STM32WBA55CGU6, STM32WBA55CGU6TR, STM32WBA55CGU6U, STM32WBA55CGU7, STM32WBA55CGU7TR, STM32WBA55G-DK1, STM32WBA55HEF6, STM32WBA55HEF7, STM32WBA55HGF6, STM32WBA55HGF7, STM32WBA55UEI6, STM32WBA55UEI6TR, STM32WBA55UEI7, STM32WBA55UEI7TR, STM32WBA55UGI6, STM32WBA55UGI6TR, STM32WBA55UGI7, STM32WBA55UGI7TR, STM32WBA5MMGH6TR, STM32WBA62MGF6, STM32WBA62MIF6, STM32WBA65MGF7, STM32WBA65MIF6, STM32WBA65MIF7, STM32WL30K8V6, STM32WL30KBV6, STM32WL31C8V6, STM32WL31CBV6, STM32WL31K8V6, STM32WL31KBV6, STM32WL33C8V6, STM32WL33C8V6X, STM32WL33CBV6, STM32WL33CBV6X, STM32WL33CCV6, STM32WL33CCV6A, STM32WL33CCV6X, STM32WL33K8V7, STM32WL33K8V7X, STM32WL33KBV7 , STM32WL33KBV7X, STM32WL33KCV7, STM32WL33KCV7X, STM32WL5MOCH6, STM32WL5MOCH6TR]
2025-10-14 23:30:01,495 [WARN] PackLoader:240 - Cannot read IP mode file for STMicroelectronics.FP-SNS-FLIGHT1.5.0.2
2025-10-14 23:30:01,510 [WARN] PackLoader:240 - Cannot read IP mode file for STMicroelectronics.X-CUBE-AZRTOS-H7.3.4.0
2025-10-14 23:30:01,517 [WARN] PackLoader:240 - Cannot read IP mode file for STMicroelectronics.X-CUBE-DISPLAY.3.0.0
2025-10-14 23:30:01,523 [WARN] PackLoader:240 - Cannot read IP mode file for STMicroelectronics.X-CUBE-BLE1.7.0.0
2025-10-14 23:30:01,527 [WARN] PackLoader:240 - Cannot read IP mode file for STMicroelectronics.X-CUBE-NFC10.1.0.0
2025-10-14 23:30:01,535 [WARN] PackLoader:240 - Cannot read IP mode file for STMicroelectronics.X-CUBE-BLEMGR.4.0.0
2025-10-14 23:30:01,541 [WARN] PackLoader:240 - Cannot read IP mode file for emotas.I-CUBE-CANOPEN.1.3.0
2025-10-14 23:30:01,546 [WARN] PackLoader:240 - Cannot read IP mode file for STMicroelectronics.X-CUBE-BLEMGR.3.1.0
2025-10-14 23:30:01,551 [WARN] PackLoader:240 - Cannot read IP mode file for STMicroelectronics.X-CUBE-AI.10.0.0
2025-10-14 23:30:01,556 [WARN] PackLoader:240 - Cannot read IP mode file for STMicroelectronics.FP-SNS-STBOX1.2.1.0
2025-10-14 23:30:01,561 [WARN] PackLoader:240 - Cannot read IP mode file for STMicroelectronics.FP-SNS-SMARTAG2.1.2.0
2025-10-14 23:30:01,564 [WARN] PackLoader:240 - Cannot read IP mode file for STMicroelectronics.FP-SNS-FLIGHT1.5.1.0
2025-10-14 23:30:01,602 [WARN] PackLoader:240 - Cannot read IP mode file for STMicroelectronics.X-CUBE-MEMS1.11.1.0
2025-10-14 23:30:01,703 [INFO] LogOutputStream:77 - [STDOUT_REDIRECT] 1 : Invalid condition id : UX_CORESTACK_Condition cause : null
2025-10-14 23:30:01,704 [INFO] LogOutputStream:77 - [STDOUT_REDIRECT] 1 : Invalid condition id : UX_CORESTACK_Condition cause : null
2025-10-14 23:30:01,705 [INFO] LogOutputStream:77 - [STDOUT_REDIRECT] 1 : Invalid condition id : UX_CORESTACK_Condition cause : null
2025-10-14 23:30:01,707 [INFO] LogOutputStream:77 - [STDOUT_REDIRECT] 1 : Invalid condition id : UX_CORESTACK_Condition cause : null
2025-10-14 23:30:01,708 [INFO] LogOutputStream:77 - [STDOUT_REDIRECT] 1 : Invalid condition id : UX_CORESTACK_Condition cause : null
2025-10-14 23:30:01,710 [WARN] PackLoader:240 - Cannot read IP mode file for STMicroelectronics.X-CUBE-AZRTOS-WL.2.0.0
2025-10-14 23:30:01,712 [INFO] BoardInfo:889 - No configuration file found for board P-NUCLEO-WB55
2025-10-14 23:30:01,714 [WARN] PackLoader:240 - Cannot read IP mode file for STMicroelectronics.FP-SNS-MOTENV1.5.0.0
2025-10-14 23:30:01,714 [INFO] DbBoards:161 - Kit is not supported: P-NUCLEO-WB55
2025-10-14 23:30:01,718 [WARN] PackLoader:240 - Cannot read IP mode file for wolfSSL.I-CUBE-wolfMQTT.1.19.0
2025-10-14 23:30:01,723 [WARN] PackLoader:240 - Cannot read IP mode file for WES.I-CUBE-Cesium.1.3.0
2025-10-14 23:30:01,724 [INFO] BoardInfo:889 - No configuration file found for board STEVAL-BFA001V1B
2025-10-14 23:30:01,725 [INFO] DbBoards:161 - Kit is not supported: STEVAL-BFA001V1B
2025-10-14 23:30:01,726 [WARN] PackLoader:240 - Cannot read IP mode file for STMicroelectronics.X-CUBE-BLE2.3.3.0
2025-10-14 23:30:01,726 [INFO] BoardInfo:889 - No configuration file found for board STEVAL-BFA001V2B
2025-10-14 23:30:01,728 [INFO] DbBoards:161 - Kit is not supported: STEVAL-BFA001V2B
2025-10-14 23:30:01,731 [WARN] PackLoader:240 - Cannot read IP mode file for STMicroelectronics.X-CUBE-NFC9.1.0.0
2025-10-14 23:30:01,735 [WARN] PackLoader:240 - Cannot read IP mode file for STMicroelectronics.X-CUBE-BLE1.7.1.0
2025-10-14 23:30:01,739 [WARN] PackLoader:240 - Cannot read IP mode file for STMicroelectronics.X-CUBE-TCPP.4.1.0
2025-10-14 23:30:01,744 [WARN] PackLoader:240 - Cannot read IP mode file for STMicroelectronics.X-CUBE-EEPRMA1.5.2.0
2025-10-14 23:30:01,748 [WARN] PackLoader:240 - Cannot read IP mode file for STMicroelectronics.X-CUBE-ST67W61.1.1.0
2025-10-14 23:30:01,751 [WARN] PackLoader:240 - Cannot read IP mode file for STMicroelectronics.X-CUBE-AI.10.1.0
2025-10-14 23:30:01,780 [WARN] PackLoader:240 - Cannot read IP mode file for STMicroelectronics.X-CUBE-MEMS1.11.2.0
2025-10-14 23:30:01,868 [WARN] PackLoader:240 - Cannot read IP mode file for STMicroelectronics.X-CUBE-AZRTOS-G0.1.1.0
2025-10-14 23:30:01,874 [WARN] PackLoader:240 - Cannot read IP mode file for STMicroelectronics.X-CUBE-SAFEA1.1.2.2
2025-10-14 23:30:01,877 [WARN] PackLoader:240 - Cannot read IP mode file for STMicroelectronics.X-CUBE-NFC4.3.0.0
2025-10-14 23:30:01,885 [WARN] PackLoader:240 - Cannot read IP mode file for EmbeddedOffice.I-CUBE-FS-RTOS.1.0.1
2025-10-14 23:30:01,889 [WARN] PackLoader:240 - Cannot read IP mode file for STMicroelectronics.X-CUBE-WB05N.2.0.0
2025-10-14 23:30:01,892 [WARN] PackLoader:240 - Cannot read IP mode file for STMicroelectronics.X-CUBE-TCPP.4.2.0
2025-10-14 23:30:01,896 [WARN] PackLoader:240 - Cannot read IP mode file for RealThread.X-CUBE-RT-Thread_Nano.4.1.1
2025-10-14 23:30:01,899 [WARN] PackLoader:240 - Cannot read IP mode file for STMicroelectronics.FP-ATR-SIGFOX1.3.2.0
2025-10-14 23:30:01,902 [WARN] PackLoader:240 - Cannot read IP mode file for wolfSSL.I-CUBE-wolfSSL.5.7.2
2025-10-14 23:30:01,905 [WARN] ConditionMgr:438 - getConditionDescription Invalid condition id : Cortex-A Device cause : null
2025-10-14 23:30:01,915 [WARN] ConditionMgr:1044 - genDependencies : Invalid condition id : Cortex-A Device cause : null
2025-10-14 23:30:01,915 [WARN] ConditionMgr:1044 - genDependencies : Invalid condition id : Cortex-A Device cause : null
2025-10-14 23:30:01,915 [WARN] ConditionMgr:1044 - genDependencies : Invalid condition id : Cortex-A Device cause : null
2025-10-14 23:30:01,918 [WARN] PackLoader:240 - Cannot read IP mode file for STMicroelectronics.X-CUBE-EEPRMA1.5.1.0
2025-10-14 23:30:01,924 [WARN] PackLoader:240 - Cannot read IP mode file for ITTIA_DB.I-CUBE-ITTIADB.8.9.0
2025-10-14 23:30:01,929 [WARN] PackLoader:240 - Cannot read IP mode file for STMicroelectronics.X-CUBE-ST67W61.1.0.0
2025-10-14 23:30:01,932 [WARN] PackLoader:240 - Cannot read IP mode file for STMicroelectronics.X-CUBE-AI.10.2.0
2025-10-14 23:30:01,949 [WARN] PackLoader:240 - Cannot read IP mode file for SEGGER.I-CUBE-embOS.1.3.1
2025-10-14 23:30:01,974 [WARN] PackLoader:240 - Cannot read IP mode file for STMicroelectronics.X-CUBE-ALGOBUILD.1.4.0
2025-10-14 23:30:02,002 [WARN] PackLoader:240 - Cannot read IP mode file for STMicroelectronics.X-CUBE-MEMS1.11.3.0
2025-10-14 23:30:02,021 [INFO] DbBoards:168 - Found 212 boards, 209 are supported
2025-10-14 23:30:02,021 [INFO] DbBoards:169 - Found 212 boards, 43 of them is supported for  Bsp
2025-10-14 23:30:02,024 [INFO] ApiDb:423 - Load user favorites file C:\Users\Miloush/.stm32cubeide/favorites.boards.txt: 0 item(s)
2025-10-14 23:30:02,024 [INFO] ApiDb:427 - User favorites Boards=[]
2025-10-14 23:30:02,024 [INFO] DbBoards:198 - Set 0 / 0 favorites Boards
2025-10-14 23:30:02,029 [INFO] ApiDb:668 - CubeFinder database Data Model version=2.1
2025-10-14 23:30:02,029 [INFO] ApiDb:669 - CubeFinder database Configuration version=3.0.39
2025-10-14 23:30:02,029 [INFO] ApiDb:670 - CubeFinder database generation date=2025-08-25 (1756130511)
2025-10-14 23:30:02,029 [INFO] ApiDb:671 - CubeFinder database FW Pack versions=[FP-ATR-ASTRA1_V2.0.0, FP-SNS-FLIGHT1_V5.1.0, FP-SNS-MOTENV1_V5.0.0, FP-SNS-MOTENVWB1_V1.4.0, FP-SNS-SMARTAG2_V1.2.0, FP-SNS-STBOX1_V2.1.0, STM32Cube_FW_C0_V1.4.0, STM32Cube_FW_F4_V1.28.3, STM32Cube_FW_F7_V1.17.4, STM32Cube_FW_G0_V1.6.2, STM32Cube_FW_G4_V1.6.1, STM32Cube_FW_H5_V1.5.0, STM32Cube_FW_H7RS_V1.2.0, STM32Cube_FW_H7_V1.12.1, STM32Cube_FW_L0_V1.12.2, STM32Cube_FW_L4_V1.18.1, STM32Cube_FW_L5_V1.5.1, STM32Cube_FW_N6_V1.2.0, STM32Cube_FW_U0_V1.3.0, STM32Cube_FW_U3_V1.2.0, STM32Cube_FW_U5_V1.8.0, STM32Cube_FW_WB0_V1.3.0, STM32Cube_FW_WBA_V1.7.0, STM32Cube_FW_WB_V1.23.0, STM32Cube_FW_WL3_V1.2.0, STM32Cube_FW_WL_V1.3.1, X-CUBE-ALGOBUILD_V1.4.0, X-CUBE-ALS_V1.0.2, X-CUBE-AZRTOS-F4_V1.1.0, X-CUBE-AZRTOS-F7_V1.1.0, X-CUBE-AZRTOS-G0_V1.1.0, X-CUBE-AZRTOS-G4_V2.0.0, X-CUBE-AZRTOS-H7RS_V1.1.0, X-CUBE-AZRTOS-H7_V3.4.0, X-CUBE-AZRTOS-L4_V2.0.0, X-CUBE-AZRTOS-L5_V2.0.0, X-CUBE-AZRTOS-WB_V2.0.0, X-CUBE-AZRTOS-WL_V2.0.0, X-CUBE-BLE1_V7.1.0, X-CUBE-BLE2_V3.3.0, X-CUBE-BLEMGR_V4.1.0, X-CUBE-EEPRMA1_V5.2.0, X-CUBE-FREERTOS_V1.3.1, X-CUBE-GNSS1_V6.0.0, X-CUBE-MEMS1_V11.3.0, X-CUBE-NFC4_V3.0.0, X-CUBE-NFC7_V2.0.0, X-CUBE-SFXS2LP1_V4.0.0, X-CUBE-ST67W61_V1.0.0, X-CUBE-SUBG2_V5.0.0, X-CUBE-TOF1_V3.4.3]
2025-10-14 23:30:02,104 [WARN] PackLoader:240 - Cannot read IP mode file for STMicroelectronics.X-CUBE-AI.9.1.0
2025-10-14 23:30:02,107 [WARN] PackLoader:240 - Cannot read IP mode file for STMicroelectronics.X-CUBE-PM33A1.1.0.0
2025-10-14 23:30:02,117 [WARN] PackLoader:240 - Cannot read IP mode file for STMicroelectronics.X-CUBE-AZRTOS-F4.1.1.0
2025-10-14 23:30:02,121 [WARN] PackLoader:240 - Cannot read IP mode file for Avnet-IotConnect.X-CUBE-IoTC-DA16k-PMOD.1.0.0
2025-10-14 23:30:02,124 [WARN] PackLoader:240 - Cannot read IP mode file for STMicroelectronics.X-CUBE-ISPU.2.1.0
2025-10-14 23:30:02,130 [WARN] PackLoader:240 - Cannot read IP mode file for STMicroelectronics.X-CUBE-IPS.3.2.0
2025-10-14 23:30:02,138 [WARN] PackLoader:240 - Cannot read IP mode file for STMicroelectronics.X-CUBE-FREERTOS.1.2.0
2025-10-14 23:30:02,141 [WARN] PackLoader:240 - Cannot read IP mode file for STMicroelectronics.X-CUBE-NFC12.1.0.0
2025-10-14 23:30:02,152 [WARN] PackLoader:240 - Cannot read IP mode file for STMicroelectronics.X-CUBE-AZRTOS-L5.2.0.0
2025-10-14 23:30:02,157 [WARN] PackLoader:240 - Cannot read IP mode file for STMicroelectronics.X-CUBE-NFC6.3.1.0
2025-10-14 23:30:02,163 [WARN] PackLoader:240 - Cannot read IP mode file for STMicroelectronics.X-CUBE-DPower.1.2.0
2025-10-14 23:30:02,166 [WARN] PackLoader:240 - Cannot read IP mode file for STMicroelectronics.X-CUBE-FREERTOS.1.3.1
2025-10-14 23:30:02,168 [WARN] PackLoader:240 - Cannot read IP mode file for STMicroelectronics.X-CUBE-FREERTOS.1.3.0
2025-10-14 23:30:02,171 [WARN] PackLoader:240 - Cannot read IP mode file for STMicroelectronics.X-CUBE-NFC7.1.0.1
2025-10-14 23:30:02,174 [WARN] PackLoader:240 - Cannot read IP mode file for STMicroelectronics.X-CUBE-TOUCHGFX.4.26.0
2025-10-14 23:30:02,178 [WARN] PackLoader:240 - Cannot read IP mode file for STMicroelectronics.FP-SNS-STAIOTCFT.1.0.0
2025-10-14 23:30:02,181 [WARN] PackLoader:240 - Cannot read IP mode file for STMicroelectronics.X-CUBE-DPower.1.3.0
2025-10-14 23:30:02,192 [WARN] ConditionMgr:438 - getConditionDescription Invalid condition id : LAN8742 Phy interface Condition cause : null
2025-10-14 23:30:02,192 [WARN] PackLoader:240 - Cannot read IP mode file for STMicroelectronics.X-CUBE-AZRTOS-L4.2.0.0
2025-10-14 23:30:02,193 [WARN] ConditionMgr:1044 - genDependencies : Invalid condition id : LAN8742 Phy interface Condition cause : null
2025-10-14 23:30:02,193 [WARN] ConditionMgr:1044 - genDependencies : Invalid condition id : LAN8742 Phy interface Condition cause : null
2025-10-14 23:30:02,194 [WARN] ConditionMgr:1044 - genDependencies : Invalid condition id : LAN8742 Phy interface Condition cause : null
2025-10-14 23:30:02,199 [WARN] PackLoader:240 - Cannot read IP mode file for STMicroelectronics.X-CUBE-SFXS2LP1.4.0.0
2025-10-14 23:30:02,211 [WARN] PackLoader:240 - Cannot read IP mode file for STMicroelectronics.X-CUBE-AZRTOS-H7.3.3.0
2025-10-14 23:30:02,219 [WARN] PackLoader:240 - Cannot read IP mode file for STMicroelectronics.X-CUBE-BLEMGR.4.1.0
2025-10-14 23:30:02,227 [WARN] PackLoader:240 - Cannot read IP mode file for STMicroelectronics.X-CUBE-IPS.3.0.0
2025-10-14 23:30:02,235 [WARN] ConditionMgr:438 - getConditionDescription Invalid condition id : UX DEVICE CLASS RTOS Condition cause : null
2025-10-14 23:30:02,235 [WARN] ConditionMgr:438 - getConditionDescription Invalid condition id : UX DEVICE CLASS RTOS Condition cause : null
2025-10-14 23:30:02,236 [WARN] PackLoader:240 - Cannot read IP mode file for STMicroelectronics.X-CUBE-AZRTOS-WB.2.0.0
2025-10-14 23:30:02,236 [WARN] ConditionMgr:1044 - genDependencies : Invalid condition id : UX DEVICE CLASS RTOS Condition cause : null
2025-10-14 23:30:02,236 [WARN] ConditionMgr:1044 - genDependencies : Invalid condition id : UX DEVICE CLASS RTOS Condition cause : null
2025-10-14 23:30:02,237 [WARN] ConditionMgr:1044 - genDependencies : Invalid condition id : UX DEVICE CLASS RTOS Condition cause : null
2025-10-14 23:30:02,237 [WARN] ConditionMgr:1044 - genDependencies : Invalid condition id : UX DEVICE CLASS RTOS Condition cause : null
2025-10-14 23:30:02,237 [WARN] ConditionMgr:1044 - genDependencies : Invalid condition id : UX DEVICE CLASS RTOS Condition cause : null
2025-10-14 23:30:02,242 [WARN] PackLoader:240 - Cannot read IP mode file for STMicroelectronics.X-CUBE-GNSS1.7.0.0
2025-10-14 23:30:02,244 [WARN] PackLoader:240 - Cannot read IP mode file for STMicroelectronics.X-CUBE-GNSS1.7.0.1
2025-10-14 23:30:02,246 [WARN] PackLoader:240 - Cannot read IP mode file for STMicroelectronics.X-CUBE-TOUCHGFX.4.25.0
2025-10-14 23:30:02,249 [WARN] PackLoader:240 - Cannot read IP mode file for STMicroelectronics.FP-SNS-STBOX1.2.0.0
2025-10-14 23:30:02,256 [WARN] PackLoader:240 - Cannot read IP mode file for STMicroelectronics.X-CUBE-SUBG2.5.0.0
2025-10-14 23:30:02,270 [WARN] PackLoader:240 - Cannot read IP mode file for STMicroelectronics.X-CUBE-AZRTOS-H7RS.1.1.0
2025-10-14 23:30:02,275 [WARN] PackLoader:240 - Cannot read IP mode file for Cesanta.I-CUBE-Mongoose.7.13.0
2025-10-14 23:30:02,283 [WARN] PackLoader:240 - Cannot read IP mode file for STMicroelectronics.X-CUBE-AZRTOS-G4.2.0.0
2025-10-14 23:30:02,287 [WARN] PackLoader:240 - Cannot read IP mode file for STMicroelectronics.X-CUBE-NFC7.2.0.0
2025-10-14 23:30:02,293 [WARN] PackLoader:240 - Cannot read IP mode file for STMicroelectronics.X-CUBE-IPS.3.1.0
2025-10-14 23:30:02,298 [WARN] PackLoader:240 - Cannot read IP mode file for STMicroelectronics.X-CUBE-ALS.1.0.2
2025-10-14 23:30:02,300 [WARN] PackLoader:240 - Cannot read IP mode file for STMicroelectronics.X-CUBE-TOUCHGFX.4.24.2
2025-10-14 23:30:02,302 [WARN] PackLoader:240 - Cannot read IP mode file for STMicroelectronics.X-CUBE-TOUCHGFX.4.24.1
2025-10-14 23:30:02,307 [WARN] PackLoader:240 - Cannot read IP mode file for STMicroelectronics.X-CUBE-STSE01.1.0.0
2025-10-14 23:30:02,310 [WARN] PackLoader:240 - Cannot read IP mode file for wolfSSL.I-CUBE-wolfTPM.3.4.0
2025-10-14 23:30:02,314 [WARN] PackLoader:240 - Cannot read IP mode file for portGmbH.I-Cube-SoM-uGOAL.1.1.0
2025-10-14 23:30:02,324 [WARN] PackLoader:240 - Cannot read IP mode file for STMicroelectronics.X-CUBE-AZRTOS-H7RS.1.0.0
2025-10-14 23:30:02,328 [WARN] PackLoader:240 - Cannot read IP mode file for STMicroelectronics.FP-ATR-ASTRA1.2.0.0
2025-10-14 23:30:02,334 [WARN] PackLoader:240 - Cannot read IP mode file for STMicroelectronics.X-CUBE-TOF1.3.4.2
2025-10-14 23:30:02,345 [WARN] PackLoader:240 - Cannot read IP mode file for STMicroelectronics.X-CUBE-TOF1.3.4.3
2025-10-14 23:30:02,362 [WARN] PackLoader:240 - Cannot read IP mode file for Infineon.AIROC-Wi-Fi-Bluetooth-STM32.1.6.1
2025-10-14 23:30:02,367 [WARN] PackLoader:240 - Cannot read IP mode file for wolfSSL.I-CUBE-wolfSSH.1.4.17
2025-10-14 23:30:02,368 [INFO] ThirdParty:978 - Integrity check success = true
2025-10-14 23:30:02,368 [INFO] IntegrityCheckThread:100 - exiting critical section [integrity check]
2025-10-14 23:30:02,368 [INFO] IntegrityCheckThread:103 - End integrity checks thread
2025-10-14 23:30:02,682 [ERROR] DbExamplesSqlite:437 - Missing JSON key: board_cpn
2025-10-14 23:30:02,683 [ERROR] DbExamplesSqlite:437 - Missing JSON key: board_cpn
2025-10-14 23:30:02,683 [ERROR] DbExamplesSqlite:437 - Missing JSON key: board_cpn
2025-10-14 23:30:02,683 [ERROR] DbExamplesSqlite:437 - Missing JSON key: board_cpn
2025-10-14 23:30:02,933 [ERROR] DbExamplesSqlite:437 - Missing JSON key: board_cpn
2025-10-14 23:30:02,933 [ERROR] DbExamplesSqlite:437 - Missing JSON key: board_cpn
2025-10-14 23:30:02,936 [INFO] DbExamplesSqlite:395 - Ignored 33 examples not supported by CubeIDE
2025-10-14 23:30:02,936 [INFO] DbExamplesSqlite:396 - Found 10871 examples active
2025-10-14 23:30:02,936 [INFO] DbExamplesSqlite:397 - Found 0 examples obsolete
2025-10-14 23:30:02,936 [INFO] DbExamplesSqlite:398 - Found 0 examples under development
2025-10-14 23:30:02,936 [INFO] DbExamplesSqlite:399 - Found 65 examples not building
2025-10-14 23:30:02,938 [INFO] DbExamples:125 - Found 10903 examples
2025-10-14 23:30:02,950 [INFO] DbExamples:222 - Found 134 boards with related examples
2025-10-14 23:30:02,951 [INFO] DbExamples:235 - Found 111 MCUs with related examples
2025-10-14 23:30:02,966 [INFO] ApiDb:414 - User favorites file not found: C:\Users\Miloush/.stm32cubeide/favorites.examples.txt
2025-10-14 23:30:02,966 [INFO] DbExamples:250 - Set 0 / 0 favorites Examples
2025-10-14 23:30:03,066 [INFO] McuFinderGlobals:76 - Set McuFinderConnectedMode to true
2025-10-14 23:30:03,072 [INFO] MultiScanPanel:200 - Auto-refresh data requested => check proxy status ongoing
2025-10-14 23:30:03,075 [INFO] FinderPluginLoader:96 - Searching for filters in installed packs
2025-10-14 23:30:04,146 [INFO] LoadUrlFilesThread:185 - End of LoadServerUrlFiles without Thread
2025-10-14 23:30:04,156 [INFO] DetailPanel:341 - Set advertising image to C:/Users/Miloush/STM32Cube/Repository/\en.mcu-finder-stm32n6dk.jpg
2025-10-14 23:30:16,863 [INFO] MultiScanPanel:200 - Auto-refresh data requested => check proxy status ongoing
2025-10-14 23:30:16,967 [INFO] LoadUrlFilesThread:185 - End of LoadServerUrlFiles without Thread
2025-10-14 23:30:16,967 [INFO] DetailPanel:341 - Set advertising image to C:/Users/Miloush/STM32Cube/Repository/\en.mcu-finder-stm32n6dk.jpg
2025-10-14 23:30:16,975 [INFO] DbBoards:642 - Loading board mini-images...
2025-10-14 23:30:18,327 [ERROR] DbBoards:659 - Image file not found for board STM32MP215F-DK: C:\Users\Miloush\.stmcufinder\plugins\mcufinder//mcu//boards_images/STM32MP215F-DK.jpg
2025-10-14 23:30:18,406 [INFO] DbBoards:665 - Loaded 211 board mini-images
2025-10-14 23:30:28,949 [INFO] MainUpdater:2872 - connection check result : 10
2025-10-14 23:30:28,949 [INFO] MainUpdater:2872 - connection check result : 10
2025-10-14 23:30:28,961 [INFO] MicroXplorer:468 - Change Database Path : 
2025-10-14 23:30:28,961 [INFO] MicroXplorer:498 - Change Database Version : DB.6.0.150
2025-10-14 23:30:28,968 [WARN] ThirdParty:871 - waiting for thirdparty lock release [close project]
2025-10-14 23:30:28,968 [INFO] ThirdParty:873 - entering critical section [close project]
2025-10-14 23:30:28,970 [INFO] ThirdParty:883 - exiting critical section [close project]
2025-10-14 23:30:28,973 [INFO] PinOutPanel:1589 - setPackage(No Configuration,No Configuration)
2025-10-14 23:30:28,974 [INFO] UtilMem:75 - Begin LoadConfig() Used Memory: 837564760 Bytes (1073741824)
2025-10-14 23:30:28,980 [INFO] OpenFileManager:355 - Change cursor
2025-10-14 23:30:29,048 [INFO] Mcu:2029 - Initializing MCU STM32H755ZITx STM32H755ZITx STM32H755ZIT6
2025-10-14 23:30:32,053 [INFO] Context:786 - Trying to add GPIOservice into a context  which must be forbidden
2025-10-14 23:30:32,053 [INFO] Context:786 - Trying to add GPIOservice into a context  which must be forbidden
2025-10-14 23:30:33,185 [INFO] Rule:233 - rule Adapt Old IOC before rework replace old CORTEX_M33/CORTEX_M55 attributes by the new one. is applicable
2025-10-14 23:30:33,185 [INFO] Rule:233 - rule Rename parametre of RCC RCC_APBDBG_DIV2 to RCC_TIMPRES_DIV2 is applicable
2025-10-14 23:30:33,185 [INFO] Rule:233 - rule Rename DIE493 pin PA10 [PA12] -> PA10 is applicable
2025-10-14 23:30:33,185 [INFO] Rule:233 - rule Rename DIE493 pin PA9 [PA11] -> PA9 is applicable
2025-10-14 23:30:33,185 [INFO] Rule:233 - rule Rename DIE492 PartNumber CPN STM32WBA5MJGHx -> STM32WBA5MMGHx is applicable
2025-10-14 23:30:33,185 [INFO] Rule:233 - rule Rename DIE492 PartNumber  Name STM32WBA5MJGHx -> STM32WBA5MMGHx is applicable
2025-10-14 23:30:33,185 [INFO] Rule:233 - rule Rename DIE492 PartNumber UserName STM32WBA5MJGHx -> STM32WBA5MMGHx is applicable
2025-10-14 23:30:33,185 [INFO] Rule:233 - rule Rename DIE492 PartNumber DeviceId STM32WBA5MJGHx -> STM32WBA5MMGHx is applicable
2025-10-14 23:30:33,185 [INFO] Rule:233 - rule Adapt Old IOC CSI. is applicable
2025-10-14 23:30:33,185 [INFO] Rule:233 - rule Adapt Old IOC DCMIPP. is applicable
2025-10-14 23:30:33,185 [INFO] Rule:233 - rule Adapt Old IOC DCMIPP Mode Parallel. is applicable
2025-10-14 23:30:33,185 [INFO] Rule:233 - rule Adapt Old IOC LTDC. is applicable
2025-10-14 23:30:33,185 [INFO] Rule:233 - rule Rename STM32MP2 RIF Peripheral LTDC RIF.RISUP.LTDC_L0L1.Privilege -> RIF.RISUP.LTDC_L1L2.Privilege is applicable
2025-10-14 23:30:33,185 [INFO] Rule:233 - rule Rename STM32MP2 RIF Peripheral LTDC RIF.RISUP.LTDC_L0L1.Privilege -> RIF.RISUP.LTDC_L1L2.Privilege is applicable
2025-10-14 23:30:33,185 [INFO] Rule:233 - rule Rename STM32MP2 RIF Peripheral LTDC RIF.RISUP.LTDC_L0L1.Lock -> RIF.RISUP.LTDC_L1L2.Lock is applicable
2025-10-14 23:30:33,185 [INFO] Rule:233 - rule Rename STM32MP2 RIF Peripheral LTDC RIF.RISUP.LTDC_L2.Lock -> RIF.RISUP.LTDC_L3.Lock is applicable
2025-10-14 23:30:33,185 [INFO] Rule:233 - rule Adapt the old IOC example for updating the SYS when it is misconfigured. is applicable
2025-10-14 23:30:33,185 [INFO] Rule:233 - rule Rename STM32C09 Mcu.Package LQFP64 -> LQFP48 is applicable
2025-10-14 23:30:33,185 [INFO] Rule:233 - rule Adapt the old IOC example for updating the SYS when it is misconfigured. is applicable
2025-10-14 23:30:33,185 [INFO] Rule:233 - rule Adapt the old IOC example for updating the SYS when it is misconfigured. is applicable
2025-10-14 23:30:33,187 [INFO] DbConfProperties:307 - Apply Compatibility (4/20 Rules)
2025-10-14 23:30:33,233 [INFO] ApiDbMcu:532 - Load IP Config File for NUCLEO-H755ZI-Q
2025-10-14 23:30:33,357 [INFO] Context:786 - Trying to add GPIOservice into a context  which must be forbidden
2025-10-14 23:30:33,366 [INFO] Context:786 - Trying to add GPIOservice into a context  which must be forbidden
2025-10-14 23:30:33,369 [INFO] ImportTextPane:234 - (OptionalMessage_ERROR) Pin27 (VP_RIF_VS_RIF1) cannot be retrieved for this MCU
2025-10-14 23:30:33,569 [INFO] RtosManager:558 - Registered RTOS mode: class=CMSIS, group=RTOS, mode=CMSIS_V1, owner=FREERTOS_M7
2025-10-14 23:30:33,569 [INFO] RtosManager:558 - Registered RTOS mode: class=CMSIS, group=RTOS2, mode=CMSIS_V2, owner=FREERTOS_M7
2025-10-14 23:30:33,569 [INFO] RtosManager:558 - Registered RTOS mode: class=RTOS, group=Core, mode=CMSIS_V1, owner=FREERTOS_M7
2025-10-14 23:30:33,569 [INFO] RtosManager:558 - Registered RTOS mode: class=RTOS, group=Core, mode=CMSIS_V2, owner=FREERTOS_M7
2025-10-14 23:30:33,569 [WARN] ModelIntegratedComponent:184 - Missing modes for component STMicroelectronics:FreeRTOS:0.0.1:STMicroelectronics:RTOS:FreeRTOS:Core:::10.2.0:
2025-10-14 23:30:33,575 [WARN] ModelIntegratedComponent:63 - No mode defined for component null
2025-10-14 23:30:33,575 [WARN] ModelIntegratedComponent:63 - No mode defined for component null
2025-10-14 23:30:33,575 [WARN] ModelIntegratedComponent:63 - No mode defined for component null
2025-10-14 23:30:33,575 [WARN] ModelIntegratedComponent:63 - No mode defined for component null
2025-10-14 23:30:33,575 [WARN] ModelIntegratedComponent:63 - No mode defined for component null
2025-10-14 23:30:33,575 [WARN] ModelIntegratedComponent:63 - No mode defined for component null
2025-10-14 23:30:33,575 [WARN] ModelIntegratedComponent:63 - No mode defined for component null
2025-10-14 23:30:33,575 [WARN] ModelIntegratedComponent:63 - No mode defined for component null
2025-10-14 23:30:33,575 [WARN] ModelIntegratedComponent:63 - No mode defined for component null
2025-10-14 23:30:33,576 [WARN] ModelIntegratedComponent:63 - No mode defined for component null
2025-10-14 23:30:33,576 [WARN] ModelIntegratedComponent:63 - No mode defined for component null
2025-10-14 23:30:33,576 [WARN] ModelIntegratedComponent:63 - No mode defined for component null
2025-10-14 23:30:33,576 [WARN] ModelIntegratedComponent:63 - No mode defined for component null
2025-10-14 23:30:33,576 [WARN] ModelIntegratedComponent:63 - No mode defined for component null
2025-10-14 23:30:33,576 [WARN] ModelIntegratedComponent:63 - No mode defined for component null
2025-10-14 23:30:33,576 [WARN] ModelIntegratedComponent:63 - No mode defined for component null
2025-10-14 23:30:33,576 [WARN] ModelIntegratedComponent:63 - No mode defined for component null
2025-10-14 23:30:33,576 [WARN] ModelIntegratedComponent:63 - No mode defined for component null
2025-10-14 23:30:33,576 [WARN] ModelIntegratedComponent:63 - No mode defined for component null
2025-10-14 23:30:33,576 [WARN] ModelIntegratedComponent:63 - No mode defined for component null
2025-10-14 23:30:33,576 [WARN] ModelIntegratedComponent:63 - No mode defined for component null
2025-10-14 23:30:33,576 [WARN] ModelIntegratedComponent:63 - No mode defined for component null
2025-10-14 23:30:33,576 [WARN] ModelIntegratedComponent:63 - No mode defined for component null
2025-10-14 23:30:33,576 [WARN] ModelIntegratedComponent:63 - No mode defined for component null
2025-10-14 23:30:33,576 [WARN] ModelIntegratedComponent:63 - No mode defined for component null
2025-10-14 23:30:33,576 [WARN] ModelIntegratedComponent:63 - No mode defined for component null
2025-10-14 23:30:33,576 [WARN] ModelIntegratedComponent:63 - No mode defined for component null
2025-10-14 23:30:33,576 [WARN] ModelIntegratedComponent:63 - No mode defined for component null
2025-10-14 23:30:33,576 [WARN] ModelIntegratedComponent:63 - No mode defined for component null
2025-10-14 23:30:33,576 [WARN] ModelIntegratedComponent:63 - No mode defined for component null
2025-10-14 23:30:33,576 [WARN] ModelIntegratedComponent:63 - No mode defined for component null
2025-10-14 23:30:33,576 [WARN] ModelIntegratedComponent:63 - No mode defined for component null
2025-10-14 23:30:33,576 [WARN] ModelIntegratedComponent:63 - No mode defined for component null
2025-10-14 23:30:33,576 [WARN] ModelIntegratedComponent:63 - No mode defined for component null
2025-10-14 23:30:33,576 [WARN] ModelIntegratedComponent:63 - No mode defined for component null
2025-10-14 23:30:33,576 [WARN] ModelPack:524 - Component already loaded: STMicroelectronics:HAL Drivers:0.0.0:STMicroelectronics:Device:STMicro_Driver:XSPI:HAL::0.0.1:HAL_XSPI
2025-10-14 23:30:33,804 [INFO] RtosManager:558 - Registered RTOS mode: class=CMSIS, group=RTOS, mode=CMSIS_V1, owner=FREERTOS_M4
2025-10-14 23:30:33,804 [INFO] RtosManager:558 - Registered RTOS mode: class=CMSIS, group=RTOS2, mode=CMSIS_V2, owner=FREERTOS_M4
2025-10-14 23:30:33,804 [INFO] RtosManager:558 - Registered RTOS mode: class=RTOS, group=Core, mode=CMSIS_V1, owner=FREERTOS_M4
2025-10-14 23:30:33,804 [INFO] RtosManager:558 - Registered RTOS mode: class=RTOS, group=Core, mode=CMSIS_V2, owner=FREERTOS_M4
2025-10-14 23:30:33,805 [WARN] ModelIntegratedComponent:184 - Missing modes for component STMicroelectronics:FreeRTOS:0.0.1:STMicroelectronics:RTOS:FreeRTOS:Core:::10.2.0:
2025-10-14 23:30:33,808 [WARN] ModelIntegratedComponent:63 - No mode defined for component null
2025-10-14 23:30:33,808 [WARN] ModelIntegratedComponent:63 - No mode defined for component null
2025-10-14 23:30:33,808 [WARN] ModelIntegratedComponent:63 - No mode defined for component null
2025-10-14 23:30:33,808 [WARN] ModelIntegratedComponent:63 - No mode defined for component null
2025-10-14 23:30:33,808 [WARN] ModelIntegratedComponent:63 - No mode defined for component null
2025-10-14 23:30:33,808 [WARN] ModelIntegratedComponent:63 - No mode defined for component null
2025-10-14 23:30:33,808 [WARN] ModelIntegratedComponent:63 - No mode defined for component null
2025-10-14 23:30:33,808 [WARN] ModelIntegratedComponent:63 - No mode defined for component null
2025-10-14 23:30:33,808 [WARN] ModelIntegratedComponent:63 - No mode defined for component null
2025-10-14 23:30:33,808 [WARN] ModelIntegratedComponent:63 - No mode defined for component null
2025-10-14 23:30:33,808 [WARN] ModelIntegratedComponent:63 - No mode defined for component null
2025-10-14 23:30:33,808 [WARN] ModelIntegratedComponent:63 - No mode defined for component null
2025-10-14 23:30:33,808 [WARN] ModelIntegratedComponent:63 - No mode defined for component null
2025-10-14 23:30:33,808 [WARN] ModelIntegratedComponent:63 - No mode defined for component null
2025-10-14 23:30:33,808 [WARN] ModelIntegratedComponent:63 - No mode defined for component null
2025-10-14 23:30:33,808 [WARN] ModelIntegratedComponent:63 - No mode defined for component null
2025-10-14 23:30:33,808 [WARN] ModelIntegratedComponent:63 - No mode defined for component null
2025-10-14 23:30:33,808 [WARN] ModelIntegratedComponent:63 - No mode defined for component null
2025-10-14 23:30:33,808 [WARN] ModelIntegratedComponent:63 - No mode defined for component null
2025-10-14 23:30:33,808 [WARN] ModelIntegratedComponent:63 - No mode defined for component null
2025-10-14 23:30:33,808 [WARN] ModelIntegratedComponent:63 - No mode defined for component null
2025-10-14 23:30:33,809 [WARN] ModelIntegratedComponent:63 - No mode defined for component null
2025-10-14 23:30:33,809 [WARN] ModelIntegratedComponent:63 - No mode defined for component null
2025-10-14 23:30:33,809 [WARN] ModelIntegratedComponent:63 - No mode defined for component null
2025-10-14 23:30:33,809 [WARN] ModelIntegratedComponent:63 - No mode defined for component null
2025-10-14 23:30:33,809 [WARN] ModelIntegratedComponent:63 - No mode defined for component null
2025-10-14 23:30:33,809 [WARN] ModelIntegratedComponent:63 - No mode defined for component null
2025-10-14 23:30:33,809 [WARN] ModelIntegratedComponent:63 - No mode defined for component null
2025-10-14 23:30:33,809 [WARN] ModelIntegratedComponent:63 - No mode defined for component null
2025-10-14 23:30:33,809 [WARN] ModelIntegratedComponent:63 - No mode defined for component null
2025-10-14 23:30:33,809 [WARN] ModelIntegratedComponent:63 - No mode defined for component null
2025-10-14 23:30:33,809 [WARN] ModelIntegratedComponent:63 - No mode defined for component null
2025-10-14 23:30:33,809 [WARN] ModelIntegratedComponent:63 - No mode defined for component null
2025-10-14 23:30:33,809 [WARN] ModelIntegratedComponent:63 - No mode defined for component null
2025-10-14 23:30:33,809 [WARN] ModelIntegratedComponent:63 - No mode defined for component null
2025-10-14 23:30:33,809 [WARN] ModelPack:524 - Component already loaded: STMicroelectronics:HAL Drivers:0.0.0:STMicroelectronics:Device:STMicro_Driver:XSPI:HAL::0.0.1:HAL_XSPI
2025-10-14 23:30:34,074 [INFO] ThirdPartyModel:298 - Start build external matchings
2025-10-14 23:30:35,882 [INFO] ThirdPartyModel:316 - End build external matchings
2025-10-14 23:30:35,908 [INFO] ThirdPartyModel:298 - Start build external matchings
2025-10-14 23:30:37,614 [INFO] ThirdPartyModel:316 - End build external matchings
2025-10-14 23:30:37,773 [INFO] UtilMem:75 - End LoadConfig() Used Memory: 971029408 Bytes (1073741824)
2025-10-14 23:30:42,778 [INFO] BspBoardWizard:580 - Analytics plugin initialized with success
2025-10-14 23:30:42,779 [INFO] BspBoardWizard:580 - Analytics plugin initialized with success
2025-10-14 23:30:42,783 [INFO] BspBoardWizard:580 - Analytics plugin initialized with success
2025-10-14 23:30:42,873 [WARN] ThirdParty:833 - waiting for thirdparty lock release [change project]
2025-10-14 23:30:42,873 [INFO] ThirdParty:835 - entering critical section [change project]
2025-10-14 23:30:42,873 [INFO] ThirdParty:1030 - CMSIS Pack Vendor :STMicroelectronics X-CUBE-PM33A1 1.0.0
2025-10-14 23:30:42,873 [INFO] ThirdParty:1030 - CMSIS Pack Vendor :STMicroelectronics USBPD 4.1
2025-10-14 23:30:42,873 [INFO] ThirdParty:1030 - CMSIS Pack Vendor :STMicroelectronics USB_HOST 2.0.0
2025-10-14 23:30:42,873 [INFO] ThirdParty:1030 - CMSIS Pack Vendor :STMicroelectronics FP-SNS-MOTENVWB1 1.4.0
2025-10-14 23:30:42,873 [INFO] ThirdParty:1030 - CMSIS Pack Vendor :STMicroelectronics X-CUBE-AZRTOS-F4 1.1.0
2025-10-14 23:30:42,873 [INFO] ThirdParty:1030 - CMSIS Pack Vendor :STMicroelectronics LIBJPEG 8.0.0
2025-10-14 23:30:42,873 [INFO] ThirdParty:1030 - CMSIS Pack Vendor :STMicroelectronics FP-ATR-ASTRA1 2.0.2
2025-10-14 23:30:42,873 [INFO] ThirdParty:1030 - CMSIS Pack Vendor :STMicroelectronics FP-ATR-ASTRA1 2.0.1
2025-10-14 23:30:42,873 [INFO] ThirdParty:1030 - CMSIS Pack Vendor :Avnet-IotConnect X-CUBE-IoTC-DA16k-PMOD 1.0.0
2025-10-14 23:30:42,873 [INFO] ThirdParty:1030 - CMSIS Pack Vendor :STMicroelectronics X-CUBE-SMBUS 2.1.0
2025-10-14 23:30:42,874 [INFO] ThirdParty:1030 - CMSIS Pack Vendor :STMicroelectronics X-CUBE-WB05N 1.1.0
2025-10-14 23:30:42,874 [INFO] ThirdParty:1030 - CMSIS Pack Vendor :STMicroelectronics X-CUBE-ISPU 2.1.0
2025-10-14 23:30:42,874 [INFO] ThirdParty:1030 - CMSIS Pack Vendor :STMicroelectronics X-CUBE-IPS 3.2.0
2025-10-14 23:30:42,874 [INFO] ThirdParty:1030 - CMSIS Pack Vendor :STMicroelectronics X-CUBE-FREERTOS 1.2.0
2025-10-14 23:30:42,874 [INFO] ThirdParty:1030 - CMSIS Pack Vendor :STMicroelectronics X-CUBE-ST60 1.0.0
2025-10-14 23:30:42,874 [INFO] ThirdParty:1030 - CMSIS Pack Vendor :STMicroelectronics X-CUBE-NFC12 1.0.0
2025-10-14 23:30:42,874 [INFO] ThirdParty:1030 - CMSIS Pack Vendor :STMicroelectronics X-CUBE-AZRTOS-F7 1.1.0
2025-10-14 23:30:42,874 [INFO] ThirdParty:1030 - CMSIS Pack Vendor :STMicroelectronics X-CUBE-AZRTOS-L5 2.0.0
2025-10-14 23:30:42,874 [INFO] ThirdParty:1030 - CMSIS Pack Vendor :STMicroelectronics USB_DEVICE 2.0.0
2025-10-14 23:30:42,874 [INFO] ThirdParty:1030 - CMSIS Pack Vendor :STMicroelectronics X-CUBE-NFC6 3.1.0
2025-10-14 23:30:42,874 [INFO] ThirdParty:1030 - CMSIS Pack Vendor :STMicroelectronics X-CUBE-MEMS1 11.0.0
2025-10-14 23:30:42,874 [INFO] ThirdParty:1030 - CMSIS Pack Vendor :STMicroelectronics FreeRTOS 0.0.1
2025-10-14 23:30:42,874 [INFO] ThirdParty:1030 - CMSIS Pack Vendor :STMicroelectronics X-CUBE-DPower 1.2.0
2025-10-14 23:30:42,874 [INFO] ThirdParty:1030 - CMSIS Pack Vendor :STMicroelectronics FP-SNS-FLIGHT1 5.0.2
2025-10-14 23:30:42,874 [INFO] ThirdParty:1030 - CMSIS Pack Vendor :STMicroelectronics PDM2PCM 3.3.0
2025-10-14 23:30:42,874 [INFO] ThirdParty:1030 - CMSIS Pack Vendor :STMicroelectronics X-CUBE-AZRTOS-H7 3.4.0
2025-10-14 23:30:42,874 [INFO] ThirdParty:1030 - CMSIS Pack Vendor :STMicroelectronics X-CUBE-DISPLAY 3.0.0
2025-10-14 23:30:42,874 [INFO] ThirdParty:1030 - CMSIS Pack Vendor :STMicroelectronics X-CUBE-BLE1 7.0.0
2025-10-14 23:30:42,874 [INFO] ThirdParty:1030 - CMSIS Pack Vendor :STMicroelectronics X-CUBE-NFC10 1.0.0
2025-10-14 23:30:42,874 [INFO] ThirdParty:1030 - CMSIS Pack Vendor :STMicroelectronics X-CUBE-BLEMGR 4.0.0
2025-10-14 23:30:42,874 [INFO] ThirdParty:1030 - CMSIS Pack Vendor :STMicroelectronics X-CUBE-FREERTOS 1.3.1
2025-10-14 23:30:42,874 [INFO] ThirdParty:1030 - CMSIS Pack Vendor :STMicroelectronics HAL Drivers 0.0.0
2025-10-14 23:30:42,874 [INFO] ThirdParty:1030 - CMSIS Pack Vendor :emotas I-CUBE-CANOPEN 1.3.0
2025-10-14 23:30:42,874 [INFO] ThirdParty:1030 - CMSIS Pack Vendor :STMicroelectronics X-CUBE-FREERTOS 1.3.0
2025-10-14 23:30:42,874 [INFO] ThirdParty:1030 - CMSIS Pack Vendor :STMicroelectronics X-CUBE-NFC7 1.0.1
2025-10-14 23:30:42,874 [INFO] ThirdParty:1030 - CMSIS Pack Vendor :STMicroelectronics MBEDTLS 2.14.1
2025-10-14 23:30:42,874 [INFO] ThirdParty:1030 - CMSIS Pack Vendor :STMicroelectronics X-CUBE-TOUCHGFX 4.26.0
2025-10-14 23:30:42,874 [INFO] ThirdParty:1030 - CMSIS Pack Vendor :STMicroelectronics X-CUBE-BLEMGR 3.1.0
2025-10-14 23:30:42,874 [INFO] ThirdParty:1030 - CMSIS Pack Vendor :STMicroelectronics X-CUBE-AI 10.0.0
2025-10-14 23:30:42,874 [INFO] ThirdParty:1030 - CMSIS Pack Vendor :STMicroelectronics FP-SNS-STBOX1 2.1.0
2025-10-14 23:30:42,874 [INFO] ThirdParty:1030 - CMSIS Pack Vendor :STMicroelectronics FP-SNS-STAIOTCFT 1.0.0
2025-10-14 23:30:42,874 [INFO] ThirdParty:1030 - CMSIS Pack Vendor :STMicroelectronics FP-SNS-SMARTAG2 1.2.0
2025-10-14 23:30:42,874 [INFO] ThirdParty:1030 - CMSIS Pack Vendor :STMicroelectronics FP-SNS-FLIGHT1 5.1.0
2025-10-14 23:30:42,874 [INFO] ThirdParty:1030 - CMSIS Pack Vendor :STMicroelectronics X-CUBE-MEMS1 11.1.0
2025-10-14 23:30:42,874 [INFO] ThirdParty:1030 - CMSIS Pack Vendor :STMicroelectronics X-CUBE-AZRTOS-WL 2.0.0
2025-10-14 23:30:42,874 [INFO] ThirdParty:1030 - CMSIS Pack Vendor :STMicroelectronics X-CUBE-DPower 1.3.0
2025-10-14 23:30:42,874 [INFO] ThirdParty:1030 - CMSIS Pack Vendor :STMicroelectronics FP-SNS-MOTENV1 5.0.0
2025-10-14 23:30:42,874 [INFO] ThirdParty:1030 - CMSIS Pack Vendor :STMicroelectronics USB_DEVICE 1.0.0
2025-10-14 23:30:42,874 [INFO] ThirdParty:1030 - CMSIS Pack Vendor :wolfSSL I-CUBE-wolfMQTT 1.19.0
2025-10-14 23:30:42,874 [INFO] ThirdParty:1030 - CMSIS Pack Vendor :STMicroelectronics X-CUBE-AZRTOS-L4 2.0.0
2025-10-14 23:30:42,874 [INFO] ThirdParty:1030 - CMSIS Pack Vendor :STMicroelectronics ThreadX 0.0.2
2025-10-14 23:30:42,874 [INFO] ThirdParty:1030 - CMSIS Pack Vendor :WES I-CUBE-Cesium 1.3.0
2025-10-14 23:30:42,874 [INFO] ThirdParty:1030 - CMSIS Pack Vendor :STMicroelectronics lwIP 2.1.2
2025-10-14 23:30:42,874 [INFO] ThirdParty:1030 - CMSIS Pack Vendor :STMicroelectronics X-CUBE-SFXS2LP1 4.0.0
2025-10-14 23:30:42,874 [INFO] ThirdParty:1030 - CMSIS Pack Vendor :STMicroelectronics X-CUBE-BLE2 3.3.0
2025-10-14 23:30:42,874 [INFO] ThirdParty:1030 - CMSIS Pack Vendor :STMicroelectronics PDM2PCM 3.2.0
2025-10-14 23:30:42,874 [INFO] ThirdParty:1030 - CMSIS Pack Vendor :STMicroelectronics X-CUBE-AZRTOS-H7 3.3.0
2025-10-14 23:30:42,875 [INFO] ThirdParty:1030 - CMSIS Pack Vendor :STMicroelectronics X-CUBE-NFC9 1.0.0
2025-10-14 23:30:42,875 [INFO] ThirdParty:1030 - CMSIS Pack Vendor :STMicroelectronics X-CUBE-BLE1 7.1.0
2025-10-14 23:30:42,875 [INFO] ThirdParty:1030 - CMSIS Pack Vendor :STMicroelectronics USB_DEVICE 3.0.0
2025-10-14 23:30:42,875 [INFO] ThirdParty:1030 - CMSIS Pack Vendor :STMicroelectronics X-CUBE-TCPP 4.1.0
2025-10-14 23:30:42,875 [INFO] ThirdParty:1030 - CMSIS Pack Vendor :STMicroelectronics X-CUBE-EEPRMA1 5.2.0
2025-10-14 23:30:42,875 [INFO] ThirdParty:1030 - CMSIS Pack Vendor :STMicroelectronics X-CUBE-BLEMGR 4.1.0
2025-10-14 23:30:42,875 [INFO] ThirdParty:1030 - CMSIS Pack Vendor :STMicroelectronics X-CUBE-IPS 3.0.0
2025-10-14 23:30:42,875 [INFO] ThirdParty:1030 - CMSIS Pack Vendor :STMicroelectronics X-CUBE-AZRTOS-WB 2.0.0
2025-10-14 23:30:42,875 [INFO] ThirdParty:1030 - CMSIS Pack Vendor :STMicroelectronics X-CUBE-GNSS1 7.0.0
2025-10-14 23:30:42,875 [INFO] ThirdParty:1030 - CMSIS Pack Vendor :STMicroelectronics X-CUBE-GNSS1 7.0.1
2025-10-14 23:30:42,875 [INFO] ThirdParty:1030 - CMSIS Pack Vendor :STMicroelectronics X-CUBE-TOUCHGFX 4.25.0
2025-10-14 23:30:42,875 [INFO] ThirdParty:1030 - CMSIS Pack Vendor :STMicroelectronics X-CUBE-ST67W61 1.1.0
2025-10-14 23:30:42,875 [INFO] ThirdParty:1030 - CMSIS Pack Vendor :STMicroelectronics X-CUBE-AI 10.1.0
2025-10-14 23:30:42,875 [INFO] ThirdParty:1030 - CMSIS Pack Vendor :STMicroelectronics FP-SNS-STBOX1 2.0.0
2025-10-14 23:30:42,875 [INFO] ThirdParty:1030 - CMSIS Pack Vendor :STMicroelectronics X-CUBE-MEMS1 11.2.0
2025-10-14 23:30:42,875 [INFO] ThirdParty:1030 - CMSIS Pack Vendor :STMicroelectronics X-CUBE-AZRTOS-G0 1.1.0
2025-10-14 23:30:42,875 [INFO] ThirdParty:1030 - CMSIS Pack Vendor :STMicroelectronics X-CUBE-SAFEA1 1.2.2
2025-10-14 23:30:42,875 [INFO] ThirdParty:1030 - CMSIS Pack Vendor :STMicroelectronics X-CUBE-NFC4 3.0.0
2025-10-14 23:30:42,875 [INFO] ThirdParty:1030 - CMSIS Pack Vendor :STMicroelectronics X-CUBE-SUBG2 5.0.0
2025-10-14 23:30:42,875 [INFO] ThirdParty:1030 - CMSIS Pack Vendor :STMicroelectronics X-CUBE-AZRTOS-H7RS 1.1.0
2025-10-14 23:30:42,875 [INFO] ThirdParty:1030 - CMSIS Pack Vendor :STMicroelectronics STM32_WPAN 1.0.0
2025-10-14 23:30:42,875 [INFO] ThirdParty:1030 - CMSIS Pack Vendor :EmbeddedOffice I-CUBE-FS-RTOS 1.0.1
2025-10-14 23:30:42,875 [INFO] ThirdParty:1030 - CMSIS Pack Vendor :STMicroelectronics lwIP 2.0.3
2025-10-14 23:30:42,875 [INFO] ThirdParty:1030 - CMSIS Pack Vendor :Cesanta I-CUBE-Mongoose 7.13.0
2025-10-14 23:30:42,875 [INFO] ThirdParty:1030 - CMSIS Pack Vendor :STMicroelectronics USB_HOST 1.0.0
2025-10-14 23:30:42,875 [INFO] ThirdParty:1030 - CMSIS Pack Vendor :STMicroelectronics X-CUBE-AZRTOS-G4 2.0.0
2025-10-14 23:30:42,875 [INFO] ThirdParty:1030 - CMSIS Pack Vendor :STMicroelectronics X-CUBE-WB05N 2.0.0
2025-10-14 23:30:42,875 [INFO] ThirdParty:1030 - CMSIS Pack Vendor :STMicroelectronics PDM2PCM 3.1.0
2025-10-14 23:30:42,875 [INFO] ThirdParty:1030 - CMSIS Pack Vendor :STMicroelectronics X-CUBE-NFC7 2.0.0
2025-10-14 23:30:42,875 [INFO] ThirdParty:1030 - CMSIS Pack Vendor :STMicroelectronics X-CUBE-TCPP 4.2.0
2025-10-14 23:30:42,875 [INFO] ThirdParty:1030 - CMSIS Pack Vendor :RealThread X-CUBE-RT-Thread_Nano 4.1.1
2025-10-14 23:30:42,875 [INFO] ThirdParty:1030 - CMSIS Pack Vendor :STMicroelectronics FP-ATR-SIGFOX1 3.2.0
2025-10-14 23:30:42,875 [INFO] ThirdParty:1030 - CMSIS Pack Vendor :wolfSSL I-CUBE-wolfSSL 5.7.2
2025-10-14 23:30:42,875 [INFO] ThirdParty:1030 - CMSIS Pack Vendor :quantropi X-CUBE-qispace-sdk-base 1.9.3
2025-10-14 23:30:42,875 [INFO] ThirdParty:1030 - CMSIS Pack Vendor :STMicroelectronics X-CUBE-EEPRMA1 5.1.0
2025-10-14 23:30:42,875 [INFO] ThirdParty:1030 - CMSIS Pack Vendor :STMicroelectronics MBEDTLS 2.16.2
2025-10-14 23:30:42,875 [INFO] ThirdParty:1030 - CMSIS Pack Vendor :STMicroelectronics X-CUBE-IPS 3.1.0
2025-10-14 23:30:42,875 [INFO] ThirdParty:1030 - CMSIS Pack Vendor :STMicroelectronics X-CUBE-ALS 1.0.2
2025-10-14 23:30:42,875 [INFO] ThirdParty:1030 - CMSIS Pack Vendor :ITTIA_DB I-CUBE-ITTIADB 8.9.0
2025-10-14 23:30:42,875 [INFO] ThirdParty:1030 - CMSIS Pack Vendor :STMicroelectronics X-CUBE-TOUCHGFX 4.24.2
2025-10-14 23:30:42,875 [INFO] ThirdParty:1030 - CMSIS Pack Vendor :STMicroelectronics X-CUBE-TOUCHGFX 4.24.1
2025-10-14 23:30:42,875 [INFO] ThirdParty:1030 - CMSIS Pack Vendor :STMicroelectronics X-CUBE-STSE01 1.0.0
2025-10-14 23:30:42,875 [INFO] ThirdParty:1030 - CMSIS Pack Vendor :wolfSSL I-CUBE-wolfTPM 3.4.0
2025-10-14 23:30:42,876 [INFO] ThirdParty:1030 - CMSIS Pack Vendor :portGmbH I-Cube-SoM-uGOAL 1.1.0
2025-10-14 23:30:42,876 [INFO] ThirdParty:1030 - CMSIS Pack Vendor :STMicroelectronics X-CUBE-ST67W61 1.0.0
2025-10-14 23:30:42,876 [INFO] ThirdParty:1030 - CMSIS Pack Vendor :STMicroelectronics X-CUBE-AI 10.2.0
2025-10-14 23:30:42,876 [INFO] ThirdParty:1030 - CMSIS Pack Vendor :STMicroelectronics ThreadX 1.0.0
2025-10-14 23:30:42,876 [INFO] ThirdParty:1030 - CMSIS Pack Vendor :SEGGER I-CUBE-embOS 1.3.1
2025-10-14 23:30:42,876 [INFO] ThirdParty:1030 - CMSIS Pack Vendor :STMicroelectronics X-CUBE-ALGOBUILD 1.4.0
2025-10-14 23:30:42,876 [INFO] ThirdParty:1030 - CMSIS Pack Vendor :STMicroelectronics X-CUBE-MEMS1 11.3.0
2025-10-14 23:30:42,876 [INFO] ThirdParty:1030 - CMSIS Pack Vendor :STMicroelectronics X-CUBE-AZRTOS-H7RS 1.0.0
2025-10-14 23:30:42,876 [INFO] ThirdParty:1030 - CMSIS Pack Vendor :STMicroelectronics FP-ATR-ASTRA1 2.0.0
2025-10-14 23:30:42,876 [INFO] ThirdParty:1030 - CMSIS Pack Vendor :STMicroelectronics X-CUBE-TOF1 3.4.2
2025-10-14 23:30:42,876 [INFO] ThirdParty:1030 - CMSIS Pack Vendor :STMicroelectronics X-CUBE-TOF1 3.4.3
2025-10-14 23:30:42,876 [INFO] ThirdParty:1030 - CMSIS Pack Vendor :STMicroelectronics X-CUBE-AI 9.1.0
2025-10-14 23:30:42,876 [INFO] ThirdParty:1030 - CMSIS Pack Vendor :Infineon AIROC-Wi-Fi-Bluetooth-STM32 1.6.1
2025-10-14 23:30:42,876 [INFO] ThirdParty:1030 - CMSIS Pack Vendor :wolfSSL I-CUBE-wolfSSH 1.4.17
2025-10-14 23:30:42,876 [INFO] ThirdParty:841 - exiting critical section [change project]
2025-10-14 23:30:43,512 [INFO] PinOutPanel:1589 - setPackage(No Configuration,No Configuration)
2025-10-14 23:30:43,513 [INFO] PinOutPanel:1589 - setPackage(STM32H755ZITx,LQFP144)
2025-10-14 23:30:44,188 [INFO] UtilMem:75 - Before build in PCC Used Memory: 939187376 Bytes (1073741824)
2025-10-14 23:30:45,109 [INFO] UtilMem:75 - After build in PCC Used Memory: 1006043088 Bytes (1073741824)
2025-10-14 23:30:45,151 [INFO] IPUIPlugin:80 - create IPUIPlugin
2025-10-14 23:30:45,151 [INFO] IPUIPlugin:80 - create IPUIPlugin
2025-10-14 23:30:45,151 [INFO] IPUIPlugin:80 - create IPUIPlugin
2025-10-14 23:30:45,151 [INFO] IPUIPlugin:80 - create IPUIPlugin
2025-10-14 23:30:45,151 [INFO] IPUIPlugin:80 - create IPUIPlugin
2025-10-14 23:30:45,151 [INFO] IPUIPlugin:80 - create IPUIPlugin
2025-10-14 23:30:45,151 [INFO] IPUIPlugin:80 - create IPUIPlugin
2025-10-14 23:30:45,151 [INFO] IPUIPlugin:80 - create IPUIPlugin
2025-10-14 23:30:45,151 [INFO] IPUIPlugin:80 - create IPUIPlugin
2025-10-14 23:30:45,151 [INFO] IPUIPlugin:80 - create IPUIPlugin
2025-10-14 23:30:45,151 [INFO] IPUIPlugin:80 - create IPUIPlugin
2025-10-14 23:30:45,151 [INFO] IPUIPlugin:80 - create IPUIPlugin
2025-10-14 23:30:45,152 [INFO] IPUIPlugin:80 - create IPUIPlugin
2025-10-14 23:30:45,152 [INFO] IPUIPlugin:80 - create IPUIPlugin
2025-10-14 23:30:45,152 [INFO] IPUIPlugin:80 - create IPUIPlugin
2025-10-14 23:30:45,152 [INFO] IPUIPlugin:80 - create IPUIPlugin
2025-10-14 23:30:45,152 [INFO] IPUIPlugin:80 - create IPUIPlugin
2025-10-14 23:30:45,152 [INFO] IPUIPlugin:80 - create IPUIPlugin
2025-10-14 23:30:45,152 [INFO] IPUIPlugin:80 - create IPUIPlugin
2025-10-14 23:30:45,152 [INFO] IPUIPlugin:80 - create IPUIPlugin
2025-10-14 23:30:45,152 [INFO] IPUIPlugin:80 - create IPUIPlugin
2025-10-14 23:30:45,152 [INFO] IPUIPlugin:80 - create IPUIPlugin
2025-10-14 23:30:45,152 [INFO] IPUIPlugin:80 - create IPUIPlugin
2025-10-14 23:30:45,152 [INFO] IPUIPlugin:80 - create IPUIPlugin
2025-10-14 23:30:45,152 [INFO] IPUIPlugin:80 - create IPUIPlugin
2025-10-14 23:30:45,152 [INFO] IPUIPlugin:80 - create IPUIPlugin
2025-10-14 23:30:45,152 [INFO] IPUIPlugin:80 - create IPUIPlugin
2025-10-14 23:30:45,152 [INFO] IPUIPlugin:80 - create IPUIPlugin
2025-10-14 23:30:45,152 [INFO] IPUIPlugin:80 - create IPUIPlugin
2025-10-14 23:30:45,153 [INFO] IPUIPlugin:80 - create IPUIPlugin
2025-10-14 23:30:45,153 [INFO] IPUIPlugin:80 - create IPUIPlugin
2025-10-14 23:30:45,153 [INFO] IPUIPlugin:80 - create IPUIPlugin
2025-10-14 23:30:45,153 [INFO] IPUIPlugin:80 - create IPUIPlugin
2025-10-14 23:30:45,153 [INFO] IPUIPlugin:80 - create IPUIPlugin
2025-10-14 23:30:45,153 [INFO] IPUIPlugin:80 - create IPUIPlugin
2025-10-14 23:30:45,153 [INFO] IPUIPlugin:80 - create IPUIPlugin
2025-10-14 23:30:45,153 [INFO] IPUIPlugin:80 - create IPUIPlugin
2025-10-14 23:30:45,153 [INFO] IPUIPlugin:80 - create IPUIPlugin
2025-10-14 23:30:45,153 [INFO] IPUIPlugin:80 - create IPUIPlugin
2025-10-14 23:30:45,154 [INFO] IPUIPlugin:80 - create IPUIPlugin
2025-10-14 23:30:45,154 [INFO] IPUIPlugin:80 - create IPUIPlugin
2025-10-14 23:30:45,154 [INFO] IPUIPlugin:80 - create IPUIPlugin
2025-10-14 23:30:45,154 [INFO] IPUIPlugin:80 - create IPUIPlugin
2025-10-14 23:30:45,154 [INFO] IPUIPlugin:80 - create IPUIPlugin
2025-10-14 23:30:45,154 [INFO] IPUIPlugin:80 - create IPUIPlugin
2025-10-14 23:30:45,155 [INFO] IPUIPlugin:80 - create IPUIPlugin
2025-10-14 23:30:45,155 [INFO] IPUIPlugin:80 - create IPUIPlugin
2025-10-14 23:30:45,155 [INFO] IPUIPlugin:80 - create IPUIPlugin
2025-10-14 23:30:45,155 [INFO] IPUIPlugin:80 - create IPUIPlugin
2025-10-14 23:30:45,155 [INFO] IPUIPlugin:80 - create IPUIPlugin
2025-10-14 23:30:45,155 [INFO] IPUIPlugin:80 - create IPUIPlugin
2025-10-14 23:30:45,156 [INFO] IPUIPlugin:80 - create IPUIPlugin
2025-10-14 23:30:45,156 [INFO] IPUIPlugin:80 - create IPUIPlugin
2025-10-14 23:30:45,156 [INFO] IPUIPlugin:80 - create IPUIPlugin
2025-10-14 23:30:45,156 [INFO] IPUIPlugin:80 - create IPUIPlugin
2025-10-14 23:30:45,156 [INFO] IPUIPlugin:80 - create IPUIPlugin
2025-10-14 23:30:45,156 [INFO] IPUIPlugin:80 - create IPUIPlugin
2025-10-14 23:30:45,156 [INFO] IPUIPlugin:80 - create IPUIPlugin
2025-10-14 23:30:45,156 [INFO] IPUIPlugin:80 - create IPUIPlugin
2025-10-14 23:30:45,156 [INFO] IPUIPlugin:80 - create IPUIPlugin
2025-10-14 23:30:45,157 [INFO] IPUIPlugin:80 - create IPUIPlugin
2025-10-14 23:30:45,157 [INFO] IPUIPlugin:80 - create IPUIPlugin
2025-10-14 23:30:45,157 [INFO] IPUIPlugin:80 - create IPUIPlugin
2025-10-14 23:30:45,157 [INFO] IPUIPlugin:80 - create IPUIPlugin
2025-10-14 23:30:45,157 [INFO] IPUIPlugin:80 - create IPUIPlugin
2025-10-14 23:30:45,157 [INFO] IPUIPlugin:80 - create IPUIPlugin
2025-10-14 23:30:45,158 [INFO] IPUIPlugin:80 - create IPUIPlugin
2025-10-14 23:30:45,158 [INFO] IPUIPlugin:80 - create IPUIPlugin
2025-10-14 23:30:45,158 [INFO] IPUIPlugin:80 - create IPUIPlugin
2025-10-14 23:30:45,158 [INFO] IPUIPlugin:80 - create IPUIPlugin
2025-10-14 23:30:45,158 [INFO] IPUIPlugin:80 - create IPUIPlugin
2025-10-14 23:30:45,158 [INFO] IPUIPlugin:80 - create IPUIPlugin
2025-10-14 23:30:45,159 [INFO] IPUIPlugin:80 - create IPUIPlugin
2025-10-14 23:30:45,159 [INFO] IPUIPlugin:80 - create IPUIPlugin
2025-10-14 23:30:45,159 [INFO] IPUIPlugin:80 - create IPUIPlugin
2025-10-14 23:30:45,159 [INFO] IPUIPlugin:80 - create IPUIPlugin
2025-10-14 23:30:45,159 [INFO] IPUIPlugin:80 - create IPUIPlugin
2025-10-14 23:30:45,160 [INFO] IPUIPlugin:80 - create IPUIPlugin
2025-10-14 23:30:45,160 [INFO] IPUIPlugin:80 - create IPUIPlugin
2025-10-14 23:30:45,160 [INFO] IPUIPlugin:80 - create IPUIPlugin
2025-10-14 23:30:45,160 [INFO] IPUIPlugin:80 - create IPUIPlugin
2025-10-14 23:30:45,161 [INFO] IPUIPlugin:80 - create IPUIPlugin
2025-10-14 23:30:45,161 [INFO] IPUIPlugin:80 - create IPUIPlugin
2025-10-14 23:30:45,161 [INFO] IPUIPlugin:80 - create IPUIPlugin
2025-10-14 23:30:45,161 [INFO] IPUIPlugin:80 - create IPUIPlugin
2025-10-14 23:30:45,162 [INFO] IPUIPlugin:80 - create IPUIPlugin
2025-10-14 23:30:45,162 [INFO] IPUIPlugin:80 - create IPUIPlugin
2025-10-14 23:30:45,162 [INFO] IPUIPlugin:80 - create IPUIPlugin
2025-10-14 23:30:45,162 [INFO] IPUIPlugin:80 - create IPUIPlugin
2025-10-14 23:30:45,162 [INFO] IPUIPlugin:80 - create IPUIPlugin
2025-10-14 23:30:45,163 [INFO] IPUIPlugin:80 - create IPUIPlugin
2025-10-14 23:30:45,163 [INFO] IPUIPlugin:80 - create IPUIPlugin
2025-10-14 23:30:45,163 [INFO] IPUIPlugin:80 - create IPUIPlugin
2025-10-14 23:30:45,163 [INFO] IPUIPlugin:80 - create IPUIPlugin
2025-10-14 23:30:45,163 [INFO] IPUIPlugin:80 - create IPUIPlugin
2025-10-14 23:30:45,164 [INFO] IPUIPlugin:80 - create IPUIPlugin
2025-10-14 23:30:45,164 [INFO] IPUIPlugin:80 - create IPUIPlugin
2025-10-14 23:30:45,164 [INFO] IPUIPlugin:80 - create IPUIPlugin
2025-10-14 23:30:45,165 [INFO] IPUIPlugin:80 - create IPUIPlugin
2025-10-14 23:30:45,165 [INFO] IPUIPlugin:80 - create IPUIPlugin
2025-10-14 23:30:45,165 [INFO] IPUIPlugin:80 - create IPUIPlugin
2025-10-14 23:30:45,165 [INFO] IPUIPlugin:80 - create IPUIPlugin
2025-10-14 23:30:45,166 [INFO] IPUIPlugin:80 - create IPUIPlugin
2025-10-14 23:30:45,166 [INFO] IPUIPlugin:80 - create IPUIPlugin
2025-10-14 23:30:45,166 [INFO] IPUIPlugin:80 - create IPUIPlugin
2025-10-14 23:30:45,167 [INFO] IPUIPlugin:80 - create IPUIPlugin
2025-10-14 23:30:45,167 [INFO] IPUIPlugin:80 - create IPUIPlugin
2025-10-14 23:30:45,167 [INFO] IPUIPlugin:80 - create IPUIPlugin
2025-10-14 23:30:45,168 [INFO] IPUIPlugin:80 - create IPUIPlugin
2025-10-14 23:30:45,168 [INFO] IPUIPlugin:80 - create IPUIPlugin
2025-10-14 23:30:45,168 [INFO] IPUIPlugin:80 - create IPUIPlugin
2025-10-14 23:30:45,169 [INFO] IPUIPlugin:80 - create IPUIPlugin
2025-10-14 23:30:45,169 [INFO] IPUIPlugin:80 - create IPUIPlugin
2025-10-14 23:30:45,169 [INFO] IPUIPlugin:80 - create IPUIPlugin
2025-10-14 23:30:45,205 [INFO] ApiDbMcu:532 - Load IP Config File for PDM2PCM_M7
2025-10-14 23:30:45,208 [INFO] ApiDbMcu:532 - Load IP Config File for PDM2PCM_M4
2025-10-14 23:30:45,346 [INFO] CADModel:165 - CPN selected for project levelSTM32H755ZIT6
2025-10-14 23:30:45,346 [INFO] CADModel:114 - Register for checkConnection events
2025-10-14 23:30:45,395 [INFO] OpenFileManager:386 - Restore cursor
2025-10-14 23:30:46,691 [INFO] UtilMem:75 - End SaveConfig() Used Memory: 968288800 Bytes (1073741824)
2025-10-14 23:30:47,297 [INFO] ServerAccessManage:452 - Complete download http(s) 200
2025-10-14 23:30:47,506 [INFO] ServerAccessManage:509 - Download File stm32cube_fw_h7_v1120.zip
2025-10-14 23:31:47,367 [INFO] AnalyticsPlugin:363 - Accepted License(s) without tracking enabled: [FW.H7.1.12.0]
2025-10-14 23:31:47,367 [INFO] FileExtend:248 - Unzip File : stm32cube_fw_h7_v1120.zip
2025-10-14 23:31:47,367 [INFO] FileExtend:263 - Standard Zip Deflate
2025-10-14 23:32:15,901 [INFO] ServerAccessManage:452 - Complete download http(s) 200
2025-10-14 23:32:15,901 [INFO] ServerAccessManage:509 - Download File stm32cube_fw_h7_v1121.zip
2025-10-14 23:32:42,656 [INFO] FileExtend:248 - Unzip File : stm32cube_fw_h7_v1121.zip
2025-10-14 23:32:42,656 [INFO] FileExtend:263 - Standard Zip Deflate
2025-10-14 23:33:00,039 [INFO] LoadServerPackagesThread:196 - End of LoadServerPackages Thread
2025-10-14 23:33:00,186 [INFO] ThirdPartyModel:298 - Start build external matchings
2025-10-14 23:33:00,197 [INFO] UtilMem:75 - End SaveConfig() Used Memory: 953471384 Bytes (1073741824)
2025-10-14 23:33:00,608 [INFO] BlockDiagram:2775 - set Specific Code input for plugin: RCC
2025-10-14 23:33:00,609 [INFO] BlockDiagram:2775 - set Specific Code input for plugin: SYS
2025-10-14 23:33:00,609 [INFO] BlockDiagram:2775 - set Specific Code input for plugin: NVIC2
2025-10-14 23:33:00,610 [INFO] BlockDiagram:2775 - set Specific Code input for plugin: SYS_M4
2025-10-14 23:33:00,610 [INFO] BlockDiagram:2775 - set Specific Code input for plugin: NVIC1
2025-10-14 23:33:00,611 [INFO] CodeGenerator:892 - code generatio: config db path: C:\ST\STM32CubeIDE_1.16.1\STM32CubeIDE\plugins\com.st.stm32cube.common.mx_6.15.0.202507011659\\db\
2025-10-14 23:33:00,676 [INFO] CodeGenerator:1619 - *******************Project context M7 selected
2025-10-14 23:33:00,813 [INFO] CodeEngine:265 - oldGeneratedFile, E:\AGH\AiR\Praca_inzynierska\bldc_foc\Projects\H7_CAN\MXTmpFiles\license.tmp_save
2025-10-14 23:33:01,145 [INFO] CodeEngine:289 - Generated code: E:\AGH\AiR\Praca_inzynierska\bldc_foc\Projects\H7_CAN\MXTmpFiles\license.tmp
2025-10-14 23:33:01,253 [WARN] IPConfigManager:103 - WARNING: Missing Config File for NVIC1 ip!!
2025-10-14 23:33:01,272 [INFO] CodeEngine:265 - oldGeneratedFile, E:\AGH\AiR\Praca_inzynierska\bldc_foc\Projects\H7_CAN\CM7\MXTmpFiles\cortex.tmp_save
2025-10-14 23:33:01,384 [INFO] CodeEngine:289 - Generated code: E:\AGH\AiR\Praca_inzynierska\bldc_foc\Projects\H7_CAN\CM7\MXTmpFiles\cortex.tmp
2025-10-14 23:33:01,403 [INFO] CodeEngine:265 - oldGeneratedFile, E:\AGH\AiR\Praca_inzynierska\bldc_foc\Projects\H7_CAN\CM7\Core\Src\stm32h7xx_it.c_save
2025-10-14 23:33:01,537 [INFO] CodeEngine:289 - Generated code: E:\AGH\AiR\Praca_inzynierska\bldc_foc\Projects\H7_CAN\CM7\Core\Src\stm32h7xx_it.c
2025-10-14 23:33:01,542 [INFO] CodeEngine:265 - oldGeneratedFile, E:\AGH\AiR\Praca_inzynierska\bldc_foc\Projects\H7_CAN\CM7\Core\Inc\stm32h7xx_it.h_save
2025-10-14 23:33:01,617 [INFO] CodeEngine:289 - Generated code: E:\AGH\AiR\Praca_inzynierska\bldc_foc\Projects\H7_CAN\CM7\Core\Inc\stm32h7xx_it.h
2025-10-14 23:33:01,679 [INFO] CodeEngine:265 - oldGeneratedFile, E:\AGH\AiR\Praca_inzynierska\bldc_foc\Projects\H7_CAN\CM7\Core\Src\stm32h7xx_hal_msp.c_save
2025-10-14 23:33:01,796 [INFO] CodeEngine:289 - Generated code: E:\AGH\AiR\Praca_inzynierska\bldc_foc\Projects\H7_CAN\CM7\Core\Src\stm32h7xx_hal_msp.c
2025-10-14 23:33:01,800 [INFO] CodeEngine:265 - oldGeneratedFile, E:\AGH\AiR\Praca_inzynierska\bldc_foc\Projects\H7_CAN\CM7\MXTmpFiles\system.tmp_save
2025-10-14 23:33:01,857 [INFO] CodeEngine:289 - Generated code: E:\AGH\AiR\Praca_inzynierska\bldc_foc\Projects\H7_CAN\CM7\MXTmpFiles\system.tmp
2025-10-14 23:33:01,865 [INFO] CodeEngine:321 - oldGeneratedFile, E:\AGH\AiR\Praca_inzynierska\bldc_foc\Projects\H7_CAN\CM7\Core\Inc\stm32h7xx_hal_conf.h_save
2025-10-14 23:33:01,926 [INFO] CodeEngine:345 - Generated code: E:\AGH\AiR\Praca_inzynierska\bldc_foc\Projects\H7_CAN\CM7\Core\Inc\stm32h7xx_hal_conf.h
2025-10-14 23:33:01,969 [INFO] ApiDbMcu:532 - Load IP Config File for RCC
2025-10-14 23:33:01,973 [WARN] IPConfigManager:3811 - IP not found : NVIC
2025-10-14 23:33:01,973 [WARN] CodeGenerator:4259 - IP not found : null
2025-10-14 23:33:01,978 [INFO] CodeEngine:265 - oldGeneratedFile, E:\AGH\AiR\Praca_inzynierska\bldc_foc\Projects\H7_CAN\CM7\Core\Inc\main.h_save
2025-10-14 23:33:02,056 [INFO] CodeEngine:289 - Generated code: E:\AGH\AiR\Praca_inzynierska\bldc_foc\Projects\H7_CAN\CM7\Core\Inc\main.h
2025-10-14 23:33:02,059 [INFO] CodeEngine:265 - oldGeneratedFile, E:\AGH\AiR\Praca_inzynierska\bldc_foc\Projects\H7_CAN\CM7\Core\Src\main.c_save
2025-10-14 23:33:02,180 [INFO] CodeEngine:289 - Generated code: E:\AGH\AiR\Praca_inzynierska\bldc_foc\Projects\H7_CAN\CM7\Core\Src\main.c
2025-10-14 23:33:02,243 [INFO] CodeGenerator:1619 - *******************Project context M4 selected
2025-10-14 23:33:02,304 [INFO] CodeEngine:265 - oldGeneratedFile, E:\AGH\AiR\Praca_inzynierska\bldc_foc\Projects\H7_CAN\MXTmpFiles\license.tmp_save
2025-10-14 23:33:02,358 [INFO] CodeEngine:289 - Generated code: E:\AGH\AiR\Praca_inzynierska\bldc_foc\Projects\H7_CAN\MXTmpFiles\license.tmp
2025-10-14 23:33:02,367 [WARN] IPConfigManager:103 - WARNING: Missing Config File for NVIC2 ip!!
2025-10-14 23:33:02,380 [INFO] CodeEngine:265 - oldGeneratedFile, E:\AGH\AiR\Praca_inzynierska\bldc_foc\Projects\H7_CAN\CM4\MXTmpFiles\cortex.tmp_save
2025-10-14 23:33:02,430 [INFO] CodeEngine:289 - Generated code: E:\AGH\AiR\Praca_inzynierska\bldc_foc\Projects\H7_CAN\CM4\MXTmpFiles\cortex.tmp
2025-10-14 23:33:02,447 [INFO] CodeEngine:265 - oldGeneratedFile, E:\AGH\AiR\Praca_inzynierska\bldc_foc\Projects\H7_CAN\CM4\Core\Src\stm32h7xx_it.c_save
2025-10-14 23:33:02,468 [INFO] ThirdPartyModel:316 - End build external matchings
2025-10-14 23:33:02,512 [INFO] ThirdPartyModel:298 - Start build external matchings
2025-10-14 23:33:02,520 [INFO] CodeEngine:289 - Generated code: E:\AGH\AiR\Praca_inzynierska\bldc_foc\Projects\H7_CAN\CM4\Core\Src\stm32h7xx_it.c
2025-10-14 23:33:02,523 [INFO] CodeEngine:265 - oldGeneratedFile, E:\AGH\AiR\Praca_inzynierska\bldc_foc\Projects\H7_CAN\CM4\Core\Inc\stm32h7xx_it.h_save
2025-10-14 23:33:02,567 [INFO] CodeEngine:289 - Generated code: E:\AGH\AiR\Praca_inzynierska\bldc_foc\Projects\H7_CAN\CM4\Core\Inc\stm32h7xx_it.h
2025-10-14 23:33:02,594 [INFO] CodeEngine:265 - oldGeneratedFile, E:\AGH\AiR\Praca_inzynierska\bldc_foc\Projects\H7_CAN\CM4\Core\Src\stm32h7xx_hal_msp.c_save
2025-10-14 23:33:02,652 [INFO] CodeEngine:289 - Generated code: E:\AGH\AiR\Praca_inzynierska\bldc_foc\Projects\H7_CAN\CM4\Core\Src\stm32h7xx_hal_msp.c
2025-10-14 23:33:02,655 [INFO] CodeEngine:265 - oldGeneratedFile, E:\AGH\AiR\Praca_inzynierska\bldc_foc\Projects\H7_CAN\CM4\MXTmpFiles\system.tmp_save
2025-10-14 23:33:02,698 [INFO] CodeEngine:289 - Generated code: E:\AGH\AiR\Praca_inzynierska\bldc_foc\Projects\H7_CAN\CM4\MXTmpFiles\system.tmp
2025-10-14 23:33:02,706 [INFO] CodeEngine:321 - oldGeneratedFile, E:\AGH\AiR\Praca_inzynierska\bldc_foc\Projects\H7_CAN\CM4\Core\Inc\stm32h7xx_hal_conf.h_save
2025-10-14 23:33:02,749 [INFO] CodeEngine:345 - Generated code: E:\AGH\AiR\Praca_inzynierska\bldc_foc\Projects\H7_CAN\CM4\Core\Inc\stm32h7xx_hal_conf.h
2025-10-14 23:33:02,759 [WARN] IPConfigManager:3811 - IP not found : NVIC
2025-10-14 23:33:02,759 [WARN] CodeGenerator:4259 - IP not found : null
2025-10-14 23:33:02,766 [INFO] CodeEngine:265 - oldGeneratedFile, E:\AGH\AiR\Praca_inzynierska\bldc_foc\Projects\H7_CAN\CM4\Core\Inc\main.h_save
2025-10-14 23:33:02,813 [INFO] CodeEngine:289 - Generated code: E:\AGH\AiR\Praca_inzynierska\bldc_foc\Projects\H7_CAN\CM4\Core\Inc\main.h
2025-10-14 23:33:02,816 [INFO] CodeEngine:265 - oldGeneratedFile, E:\AGH\AiR\Praca_inzynierska\bldc_foc\Projects\H7_CAN\CM4\Core\Src\main.c_save
2025-10-14 23:33:02,881 [INFO] CodeEngine:289 - Generated code: E:\AGH\AiR\Praca_inzynierska\bldc_foc\Projects\H7_CAN\CM4\Core\Src\main.c
2025-10-14 23:33:03,139 [INFO] ProjectBuilder:3606 - Time for Copy HAL[1] : 85mS.
2025-10-14 23:33:03,149 [INFO] ProjectBuilder:5216 - Project Generator version: 4.7.0-B52
2025-10-14 23:33:03,227 [INFO] ConfigFileManager:1595 - The Die is : DIE450
2025-10-14 23:33:04,025 [INFO] LogOutputStream:77 - [STDOUT_REDIRECT] 
2025-10-14 23:33:04,385 [INFO] ThirdPartyModel:316 - End build external matchings
2025-10-14 23:33:04,410 [INFO] CheckServerUpdateThread:120 - End of CheckServer Thread
2025-10-14 23:33:07,954 [INFO] ProjectBuilder:5496 - Time for Generating toolchain IDE Files: 4805mS.
2025-10-14 23:33:07,955 [INFO] ProjectBuilder:3463 - Time for Copy CMSIS : 0mS.
2025-10-14 23:33:07,956 [INFO] ProjectBuilder:3463 - Time for Copy CMSIS : 0mS.
2025-10-14 23:33:08,208 [INFO] McuFinderGlobals:76 - Set McuFinderConnectedMode to true
2025-10-14 23:33:08,212 [INFO] ApiDb:448 - Save user favorites file C:\Users\Miloush/.stm32cubeide/favorites.mcus.txt: 3 item(s)
2025-10-14 23:33:08,212 [INFO] ApiDb:452 - User favorites MCUs=[STM32F446RET6, STM32G431KBT6, STM32G474CBT3]
2025-10-14 23:33:08,213 [INFO] ApiDb:448 - Save user favorites file C:\Users\Miloush/.stm32cubeide/favorites.boards.txt: 0 item(s)
2025-10-14 23:33:08,214 [INFO] ApiDb:452 - User favorites Boards=[]
2025-10-14 23:37:40,169 [INFO] MainUpdater:2872 - connection check result : 10
2025-10-14 23:37:40,169 [INFO] MainUpdater:2872 - connection check result : 10
2025-10-14 23:37:40,184 [INFO] MicroXplorer:468 - Change Database Path : 
2025-10-14 23:37:40,184 [INFO] MicroXplorer:498 - Change Database Version : DB.6.0.150
2025-10-14 23:37:40,224 [ERROR] ProjectManagerView:395 - 
java.lang.NullPointerException: Cannot invoke "javax.swing.JTextField.getText()" because the return value of "java.util.List.get(int)" is null
	at com.st.microxplorer.plugins.projectmanager.gui.ProjectChoiceTab$9.caretUpdate(ProjectChoiceTab.java:2706) ~[filemanager.jar:?]
	at javax.swing.text.JTextComponent.fireCaretUpdate(JTextComponent.java:408) ~[?:?]
	at javax.swing.text.JTextComponent$MutableCaretEvent.fire(JTextComponent.java:4484) ~[?:?]
	at javax.swing.text.JTextComponent$MutableCaretEvent.stateChanged(JTextComponent.java:4506) ~[?:?]
	at javax.swing.text.DefaultCaret.fireStateChanged(DefaultCaret.java:857) ~[?:?]
	at javax.swing.text.DefaultCaret.changeCaretPosition(DefaultCaret.java:1343) ~[?:?]
	at javax.swing.text.DefaultCaret.handleSetDot(DefaultCaret.java:1242) ~[?:?]
	at javax.swing.text.DefaultCaret.setDot(DefaultCaret.java:1223) ~[?:?]
	at javax.swing.text.DefaultCaret$Handler.insertUpdate(DefaultCaret.java:1819) ~[?:?]
	at javax.swing.text.AbstractDocument.fireInsertUpdate(AbstractDocument.java:227) ~[?:?]
	at javax.swing.text.AbstractDocument.handleInsertString(AbstractDocument.java:781) ~[?:?]
	at javax.swing.text.AbstractDocument.insertString(AbstractDocument.java:740) ~[?:?]
	at javax.swing.text.PlainDocument.insertString(PlainDocument.java:131) ~[?:?]
	at javax.swing.text.AbstractDocument.replace(AbstractDocument.java:699) ~[?:?]
	at javax.swing.text.JTextComponent.setText(JTextComponent.java:1725) ~[?:?]
	at com.st.microxplorer.plugins.projectmanager.gui.ProjectChoiceTab.createHeapStackFields(ProjectChoiceTab.java:993) ~[filemanager.jar:?]
	at com.st.microxplorer.plugins.projectmanager.gui.ProjectChoiceTab.buildLinkSettingsPanel(ProjectChoiceTab.java:3813) ~[filemanager.jar:?]
	at com.st.microxplorer.plugins.projectmanager.gui.ProjectChoiceTab.defineWindowsFields(ProjectChoiceTab.java:1987) ~[filemanager.jar:?]
	at com.st.microxplorer.plugins.projectmanager.gui.ProjectChoiceTab.updateSettings(ProjectChoiceTab.java:558) ~[filemanager.jar:?]
	at com.st.microxplorer.plugins.projectmanager.gui.ProjectSettingsPanel.UpdateDialog(ProjectSettingsPanel.java:247) ~[filemanager.jar:?]
	at com.st.microxplorer.plugins.projectmanager.ProjectManagerView.propertyChange(ProjectManagerView.java:392) ~[filemanager.jar:?]
	at java.beans.PropertyChangeSupport.fire(PropertyChangeSupport.java:343) ~[?:?]
	at java.beans.PropertyChangeSupport.firePropertyChange(PropertyChangeSupport.java:335) ~[?:?]
	at java.beans.PropertyChangeSupport.firePropertyChange(PropertyChangeSupport.java:268) ~[?:?]
	at com.st.microxplorer.util.MXPropertyChangeSupport.firePropertyChange(MXPropertyChangeSupport.java:54) ~[STM32CubeMX.jar:?]
	at com.st.microxplorer.mxsystem.MxSystem.closeConfig(MxSystem.java:899) ~[STM32CubeMX.jar:?]
	at com.st.microxplorer.maingui.MainPanel.closeConfig(MainPanel.java:792) ~[STM32CubeMX.jar:?]
	at com.st.microxplorer.plugins.filemanager.engine.OpenFileManager.loadConfigurationFile(OpenFileManager.java:288) ~[filemanager.jar:?]
	at com.st.microxplorer.plugins.filemanager.engine.MainFileManager.userLoadConfig(MainFileManager.java:364) ~[filemanager.jar:?]
	at com.st.microxplorer.plugins.filemanager.engine.MainFileManager.userLoadConfig(MainFileManager.java:342) ~[filemanager.jar:?]
	at com.st.microxplorer.plugins.filemanager.FileManagerView.getSpecificTask(FileManagerView.java:264) ~[filemanager.jar:?]
	at com.st.stm32cube.common.mx.editor.CubeMxEditor.getMxTabbedPaneInstance(CubeMxEditor.java:1198) ~[com.st.stm32cube.common.mx_6.15.0.202507011659/:?]
	at com.st.stm32cube.common.mx.editor.CubeMxEditor$12$1.createSwingComponent(CubeMxEditor.java:1068) ~[com.st.stm32cube.common.mx_6.15.0.202507011659/:?]
	at com.st.stm32cube.common.mx.oss.core.awtswtbridge.EmbeddedSwingComposite.doComponentCreation(EmbeddedSwingComposite.java:492) ~[com.st.stm32cube.common.mx.oss_6.15.0.202507011659/:?]
	at com.st.stm32cube.common.mx.oss.core.awtswtbridge.EmbeddedSwingComposite$4.run(EmbeddedSwingComposite.java:291) ~[com.st.stm32cube.common.mx.oss_6.15.0.202507011659/:?]
	at com.st.stm32cube.common.mx.oss.core.awtswtbridge.AwtEnvironment$2.run(AwtEnvironment.java:166) ~[com.st.stm32cube.common.mx.oss_6.15.0.202507011659/:?]
	at java.awt.event.InvocationEvent.dispatch(InvocationEvent.java:318) ~[?:?]
	at java.awt.EventQueue.dispatchEventImpl(EventQueue.java:773) ~[?:?]
	at java.awt.EventQueue$4.run(EventQueue.java:720) ~[?:?]
	at java.awt.EventQueue$4.run(EventQueue.java:714) ~[?:?]
	at java.security.AccessController.doPrivileged(AccessController.java:400) ~[?:?]
	at java.security.ProtectionDomain$JavaSecurityAccessImpl.doIntersectionPrivilege(ProtectionDomain.java:87) ~[?:?]
	at java.awt.EventQueue.dispatchEvent(EventQueue.java:742) ~[?:?]
	at java.awt.EventDispatchThread.pumpOneEventForFilters(EventDispatchThread.java:203) ~[?:?]
	at java.awt.EventDispatchThread.pumpEventsForFilter(EventDispatchThread.java:124) ~[?:?]
	at java.awt.EventDispatchThread.pumpEventsForHierarchy(EventDispatchThread.java:113) ~[?:?]
	at java.awt.EventDispatchThread.pumpEvents(EventDispatchThread.java:109) ~[?:?]
	at java.awt.EventDispatchThread.pumpEvents(EventDispatchThread.java:101) ~[?:?]
	at java.awt.EventDispatchThread.run(EventDispatchThread.java:90) ~[?:?]
2025-10-14 23:37:40,244 [WARN] ThirdParty:871 - waiting for thirdparty lock release [close project]
2025-10-14 23:37:40,244 [INFO] ThirdParty:873 - entering critical section [close project]
2025-10-14 23:37:40,244 [INFO] ThirdParty:883 - exiting critical section [close project]
2025-10-14 23:37:40,247 [INFO] PinOutPanel:1589 - setPackage(No Configuration,No Configuration)
2025-10-14 23:37:40,278 [WARN] IpParametersView:155 - Warning: This peripheral hasn't parameters
2025-10-14 23:37:40,308 [WARN] MainPanel:289 - <html><b><center>Warning: This peripheral has no parameters to be configured<br></b></html>
2025-10-14 23:37:40,320 [WARN] IpParametersView:155 - Warning: This peripheral hasn't parameters
2025-10-14 23:37:40,335 [WARN] MainPanel:289 - <html><b><center>Warning: This peripheral has no parameters to be configured<br></b></html>
2025-10-14 23:37:40,350 [INFO] UtilMem:75 - Begin LoadConfig() Used Memory: 818849984 Bytes (1073741824)
2025-10-14 23:37:40,351 [INFO] MicroXplorer:468 - Change Database Path : 
2025-10-14 23:37:40,351 [INFO] MicroXplorer:498 - Change Database Version : DB.6.0.150
2025-10-14 23:37:40,351 [INFO] OpenFileManager:355 - Change cursor
2025-10-14 23:37:40,377 [INFO] RulesReader:64 - Compatibility file has been processed (317 Rules)
2025-10-14 23:37:40,391 [INFO] Mcu:2029 - Initializing MCU STM32H755ZITx STM32H755ZITx STM32H755ZIT6
2025-10-14 23:37:42,548 [INFO] Context:786 - Trying to add GPIOservice into a context  which must be forbidden
2025-10-14 23:37:42,548 [INFO] Context:786 - Trying to add GPIOservice into a context  which must be forbidden
2025-10-14 23:37:43,561 [INFO] ApiDbMcu:532 - Load IP Config File for NUCLEO-H755ZI-Q
2025-10-14 23:37:43,735 [INFO] Context:786 - Trying to add GPIOservice into a context  which must be forbidden
2025-10-14 23:37:43,743 [INFO] Context:786 - Trying to add GPIOservice into a context  which must be forbidden
2025-10-14 23:37:43,745 [INFO] ImportTextPane:234 - (OptionalMessage_ERROR) Pin27 (VP_RIF_VS_RIF1) cannot be retrieved for this MCU
2025-10-14 23:37:43,873 [INFO] RtosManager:558 - Registered RTOS mode: class=CMSIS, group=RTOS, mode=CMSIS_V1, owner=FREERTOS_M7
2025-10-14 23:37:43,873 [INFO] RtosManager:558 - Registered RTOS mode: class=CMSIS, group=RTOS2, mode=CMSIS_V2, owner=FREERTOS_M7
2025-10-14 23:37:43,873 [INFO] RtosManager:558 - Registered RTOS mode: class=RTOS, group=Core, mode=CMSIS_V1, owner=FREERTOS_M7
2025-10-14 23:37:43,873 [INFO] RtosManager:558 - Registered RTOS mode: class=RTOS, group=Core, mode=CMSIS_V2, owner=FREERTOS_M7
2025-10-14 23:37:43,873 [WARN] ModelIntegratedComponent:184 - Missing modes for component STMicroelectronics:FreeRTOS:0.0.1:STMicroelectronics:RTOS:FreeRTOS:Core:::10.2.0:
2025-10-14 23:37:43,876 [WARN] ModelIntegratedComponent:63 - No mode defined for component null
2025-10-14 23:37:43,876 [WARN] ModelIntegratedComponent:63 - No mode defined for component null
2025-10-14 23:37:43,876 [WARN] ModelIntegratedComponent:63 - No mode defined for component null
2025-10-14 23:37:43,876 [WARN] ModelIntegratedComponent:63 - No mode defined for component null
2025-10-14 23:37:43,876 [WARN] ModelIntegratedComponent:63 - No mode defined for component null
2025-10-14 23:37:43,876 [WARN] ModelIntegratedComponent:63 - No mode defined for component null
2025-10-14 23:37:43,876 [WARN] ModelIntegratedComponent:63 - No mode defined for component null
2025-10-14 23:37:43,876 [WARN] ModelIntegratedComponent:63 - No mode defined for component null
2025-10-14 23:37:43,876 [WARN] ModelIntegratedComponent:63 - No mode defined for component null
2025-10-14 23:37:43,876 [WARN] ModelIntegratedComponent:63 - No mode defined for component null
2025-10-14 23:37:43,877 [WARN] ModelIntegratedComponent:63 - No mode defined for component null
2025-10-14 23:37:43,877 [WARN] ModelIntegratedComponent:63 - No mode defined for component null
2025-10-14 23:37:43,877 [WARN] ModelIntegratedComponent:63 - No mode defined for component null
2025-10-14 23:37:43,877 [WARN] ModelIntegratedComponent:63 - No mode defined for component null
2025-10-14 23:37:43,877 [WARN] ModelIntegratedComponent:63 - No mode defined for component null
2025-10-14 23:37:43,877 [WARN] ModelIntegratedComponent:63 - No mode defined for component null
2025-10-14 23:37:43,877 [WARN] ModelIntegratedComponent:63 - No mode defined for component null
2025-10-14 23:37:43,877 [WARN] ModelIntegratedComponent:63 - No mode defined for component null
2025-10-14 23:37:43,877 [WARN] ModelIntegratedComponent:63 - No mode defined for component null
2025-10-14 23:37:43,877 [WARN] ModelIntegratedComponent:63 - No mode defined for component null
2025-10-14 23:37:43,877 [WARN] ModelIntegratedComponent:63 - No mode defined for component null
2025-10-14 23:37:43,877 [WARN] ModelIntegratedComponent:63 - No mode defined for component null
2025-10-14 23:37:43,877 [WARN] ModelIntegratedComponent:63 - No mode defined for component null
2025-10-14 23:37:43,877 [WARN] ModelIntegratedComponent:63 - No mode defined for component null
2025-10-14 23:37:43,877 [WARN] ModelIntegratedComponent:63 - No mode defined for component null
2025-10-14 23:37:43,877 [WARN] ModelIntegratedComponent:63 - No mode defined for component null
2025-10-14 23:37:43,877 [WARN] ModelIntegratedComponent:63 - No mode defined for component null
2025-10-14 23:37:43,877 [WARN] ModelIntegratedComponent:63 - No mode defined for component null
2025-10-14 23:37:43,877 [WARN] ModelIntegratedComponent:63 - No mode defined for component null
2025-10-14 23:37:43,877 [WARN] ModelIntegratedComponent:63 - No mode defined for component null
2025-10-14 23:37:43,877 [WARN] ModelIntegratedComponent:63 - No mode defined for component null
2025-10-14 23:37:43,877 [WARN] ModelIntegratedComponent:63 - No mode defined for component null
2025-10-14 23:37:43,877 [WARN] ModelIntegratedComponent:63 - No mode defined for component null
2025-10-14 23:37:43,877 [WARN] ModelIntegratedComponent:63 - No mode defined for component null
2025-10-14 23:37:43,877 [WARN] ModelIntegratedComponent:63 - No mode defined for component null
2025-10-14 23:37:43,878 [WARN] ModelPack:524 - Component already loaded: STMicroelectronics:HAL Drivers:0.0.0:STMicroelectronics:Device:STMicro_Driver:XSPI:HAL::0.0.1:HAL_XSPI
2025-10-14 23:37:44,070 [INFO] RtosManager:558 - Registered RTOS mode: class=CMSIS, group=RTOS, mode=CMSIS_V1, owner=FREERTOS_M4
2025-10-14 23:37:44,070 [INFO] RtosManager:558 - Registered RTOS mode: class=CMSIS, group=RTOS2, mode=CMSIS_V2, owner=FREERTOS_M4
2025-10-14 23:37:44,070 [INFO] RtosManager:558 - Registered RTOS mode: class=RTOS, group=Core, mode=CMSIS_V1, owner=FREERTOS_M4
2025-10-14 23:37:44,070 [INFO] RtosManager:558 - Registered RTOS mode: class=RTOS, group=Core, mode=CMSIS_V2, owner=FREERTOS_M4
2025-10-14 23:37:44,070 [WARN] ModelIntegratedComponent:184 - Missing modes for component STMicroelectronics:FreeRTOS:0.0.1:STMicroelectronics:RTOS:FreeRTOS:Core:::10.2.0:
2025-10-14 23:37:44,073 [WARN] ModelIntegratedComponent:63 - No mode defined for component null
2025-10-14 23:37:44,073 [WARN] ModelIntegratedComponent:63 - No mode defined for component null
2025-10-14 23:37:44,073 [WARN] ModelIntegratedComponent:63 - No mode defined for component null
2025-10-14 23:37:44,073 [WARN] ModelIntegratedComponent:63 - No mode defined for component null
2025-10-14 23:37:44,073 [WARN] ModelIntegratedComponent:63 - No mode defined for component null
2025-10-14 23:37:44,073 [WARN] ModelIntegratedComponent:63 - No mode defined for component null
2025-10-14 23:37:44,073 [WARN] ModelIntegratedComponent:63 - No mode defined for component null
2025-10-14 23:37:44,073 [WARN] ModelIntegratedComponent:63 - No mode defined for component null
2025-10-14 23:37:44,073 [WARN] ModelIntegratedComponent:63 - No mode defined for component null
2025-10-14 23:37:44,073 [WARN] ModelIntegratedComponent:63 - No mode defined for component null
2025-10-14 23:37:44,073 [WARN] ModelIntegratedComponent:63 - No mode defined for component null
2025-10-14 23:37:44,073 [WARN] ModelIntegratedComponent:63 - No mode defined for component null
2025-10-14 23:37:44,073 [WARN] ModelIntegratedComponent:63 - No mode defined for component null
2025-10-14 23:37:44,073 [WARN] ModelIntegratedComponent:63 - No mode defined for component null
2025-10-14 23:37:44,073 [WARN] ModelIntegratedComponent:63 - No mode defined for component null
2025-10-14 23:37:44,073 [WARN] ModelIntegratedComponent:63 - No mode defined for component null
2025-10-14 23:37:44,073 [WARN] ModelIntegratedComponent:63 - No mode defined for component null
2025-10-14 23:37:44,073 [WARN] ModelIntegratedComponent:63 - No mode defined for component null
2025-10-14 23:37:44,073 [WARN] ModelIntegratedComponent:63 - No mode defined for component null
2025-10-14 23:37:44,073 [WARN] ModelIntegratedComponent:63 - No mode defined for component null
2025-10-14 23:37:44,073 [WARN] ModelIntegratedComponent:63 - No mode defined for component null
2025-10-14 23:37:44,073 [WARN] ModelIntegratedComponent:63 - No mode defined for component null
2025-10-14 23:37:44,074 [WARN] ModelIntegratedComponent:63 - No mode defined for component null
2025-10-14 23:37:44,074 [WARN] ModelIntegratedComponent:63 - No mode defined for component null
2025-10-14 23:37:44,074 [WARN] ModelIntegratedComponent:63 - No mode defined for component null
2025-10-14 23:37:44,074 [WARN] ModelIntegratedComponent:63 - No mode defined for component null
2025-10-14 23:37:44,074 [WARN] ModelIntegratedComponent:63 - No mode defined for component null
2025-10-14 23:37:44,074 [WARN] ModelIntegratedComponent:63 - No mode defined for component null
2025-10-14 23:37:44,074 [WARN] ModelIntegratedComponent:63 - No mode defined for component null
2025-10-14 23:37:44,074 [WARN] ModelIntegratedComponent:63 - No mode defined for component null
2025-10-14 23:37:44,074 [WARN] ModelIntegratedComponent:63 - No mode defined for component null
2025-10-14 23:37:44,074 [WARN] ModelIntegratedComponent:63 - No mode defined for component null
2025-10-14 23:37:44,074 [WARN] ModelIntegratedComponent:63 - No mode defined for component null
2025-10-14 23:37:44,074 [WARN] ModelIntegratedComponent:63 - No mode defined for component null
2025-10-14 23:37:44,074 [WARN] ModelIntegratedComponent:63 - No mode defined for component null
2025-10-14 23:37:44,074 [WARN] ModelPack:524 - Component already loaded: STMicroelectronics:HAL Drivers:0.0.0:STMicroelectronics:Device:STMicro_Driver:XSPI:HAL::0.0.1:HAL_XSPI
2025-10-14 23:37:44,301 [INFO] ThirdPartyModel:298 - Start build external matchings
2025-10-14 23:37:45,709 [INFO] ThirdPartyModel:316 - End build external matchings
2025-10-14 23:37:45,735 [INFO] ThirdPartyModel:298 - Start build external matchings
2025-10-14 23:37:47,091 [INFO] ThirdPartyModel:316 - End build external matchings
2025-10-14 23:37:47,247 [INFO] UtilMem:75 - End LoadConfig() Used Memory: 933239424 Bytes (1073741824)
2025-10-14 23:37:47,290 [WARN] ThirdParty:833 - waiting for thirdparty lock release [change project]
2025-10-14 23:37:47,290 [INFO] ThirdParty:835 - entering critical section [change project]
2025-10-14 23:37:47,290 [INFO] ThirdParty:1030 - CMSIS Pack Vendor :STMicroelectronics X-CUBE-PM33A1 1.0.0
2025-10-14 23:37:47,290 [INFO] ThirdParty:1030 - CMSIS Pack Vendor :STMicroelectronics USBPD 4.1
2025-10-14 23:37:47,290 [INFO] ThirdParty:1030 - CMSIS Pack Vendor :STMicroelectronics USB_HOST 2.0.0
2025-10-14 23:37:47,290 [INFO] ThirdParty:1030 - CMSIS Pack Vendor :STMicroelectronics FP-SNS-MOTENVWB1 1.4.0
2025-10-14 23:37:47,290 [INFO] ThirdParty:1030 - CMSIS Pack Vendor :STMicroelectronics X-CUBE-AZRTOS-F4 1.1.0
2025-10-14 23:37:47,290 [INFO] ThirdParty:1030 - CMSIS Pack Vendor :STMicroelectronics LIBJPEG 8.0.0
2025-10-14 23:37:47,290 [INFO] ThirdParty:1030 - CMSIS Pack Vendor :STMicroelectronics FP-ATR-ASTRA1 2.0.2
2025-10-14 23:37:47,290 [INFO] ThirdParty:1030 - CMSIS Pack Vendor :STMicroelectronics FP-ATR-ASTRA1 2.0.1
2025-10-14 23:37:47,290 [INFO] ThirdParty:1030 - CMSIS Pack Vendor :Avnet-IotConnect X-CUBE-IoTC-DA16k-PMOD 1.0.0
2025-10-14 23:37:47,291 [INFO] ThirdParty:1030 - CMSIS Pack Vendor :STMicroelectronics X-CUBE-SMBUS 2.1.0
2025-10-14 23:37:47,291 [INFO] ThirdParty:1030 - CMSIS Pack Vendor :STMicroelectronics X-CUBE-WB05N 1.1.0
2025-10-14 23:37:47,291 [INFO] ThirdParty:1030 - CMSIS Pack Vendor :STMicroelectronics X-CUBE-ISPU 2.1.0
2025-10-14 23:37:47,291 [INFO] ThirdParty:1030 - CMSIS Pack Vendor :STMicroelectronics X-CUBE-IPS 3.2.0
2025-10-14 23:37:47,291 [INFO] ThirdParty:1030 - CMSIS Pack Vendor :STMicroelectronics X-CUBE-FREERTOS 1.2.0
2025-10-14 23:37:47,291 [INFO] ThirdParty:1030 - CMSIS Pack Vendor :STMicroelectronics X-CUBE-ST60 1.0.0
2025-10-14 23:37:47,291 [INFO] ThirdParty:1030 - CMSIS Pack Vendor :STMicroelectronics X-CUBE-NFC12 1.0.0
2025-10-14 23:37:47,291 [INFO] ThirdParty:1030 - CMSIS Pack Vendor :STMicroelectronics X-CUBE-AZRTOS-F7 1.1.0
2025-10-14 23:37:47,291 [INFO] ThirdParty:1030 - CMSIS Pack Vendor :STMicroelectronics X-CUBE-AZRTOS-L5 2.0.0
2025-10-14 23:37:47,291 [INFO] ThirdParty:1030 - CMSIS Pack Vendor :STMicroelectronics USB_DEVICE 2.0.0
2025-10-14 23:37:47,291 [INFO] ThirdParty:1030 - CMSIS Pack Vendor :STMicroelectronics X-CUBE-NFC6 3.1.0
2025-10-14 23:37:47,291 [INFO] ThirdParty:1030 - CMSIS Pack Vendor :STMicroelectronics X-CUBE-MEMS1 11.0.0
2025-10-14 23:37:47,291 [INFO] ThirdParty:1030 - CMSIS Pack Vendor :STMicroelectronics FreeRTOS 0.0.1
2025-10-14 23:37:47,291 [INFO] ThirdParty:1030 - CMSIS Pack Vendor :STMicroelectronics X-CUBE-DPower 1.2.0
2025-10-14 23:37:47,291 [INFO] ThirdParty:1030 - CMSIS Pack Vendor :STMicroelectronics FP-SNS-FLIGHT1 5.0.2
2025-10-14 23:37:47,291 [INFO] ThirdParty:1030 - CMSIS Pack Vendor :STMicroelectronics PDM2PCM 3.3.0
2025-10-14 23:37:47,291 [INFO] ThirdParty:1030 - CMSIS Pack Vendor :STMicroelectronics X-CUBE-AZRTOS-H7 3.4.0
2025-10-14 23:37:47,291 [INFO] ThirdParty:1030 - CMSIS Pack Vendor :STMicroelectronics X-CUBE-DISPLAY 3.0.0
2025-10-14 23:37:47,291 [INFO] ThirdParty:1030 - CMSIS Pack Vendor :STMicroelectronics X-CUBE-BLE1 7.0.0
2025-10-14 23:37:47,291 [INFO] ThirdParty:1030 - CMSIS Pack Vendor :STMicroelectronics X-CUBE-NFC10 1.0.0
2025-10-14 23:37:47,291 [INFO] ThirdParty:1030 - CMSIS Pack Vendor :STMicroelectronics X-CUBE-BLEMGR 4.0.0
2025-10-14 23:37:47,291 [INFO] ThirdParty:1030 - CMSIS Pack Vendor :STMicroelectronics X-CUBE-FREERTOS 1.3.1
2025-10-14 23:37:47,291 [INFO] ThirdParty:1030 - CMSIS Pack Vendor :STMicroelectronics HAL Drivers 0.0.0
2025-10-14 23:37:47,291 [INFO] ThirdParty:1030 - CMSIS Pack Vendor :emotas I-CUBE-CANOPEN 1.3.0
2025-10-14 23:37:47,291 [INFO] ThirdParty:1030 - CMSIS Pack Vendor :STMicroelectronics X-CUBE-FREERTOS 1.3.0
2025-10-14 23:37:47,291 [INFO] ThirdParty:1030 - CMSIS Pack Vendor :STMicroelectronics X-CUBE-NFC7 1.0.1
2025-10-14 23:37:47,291 [INFO] ThirdParty:1030 - CMSIS Pack Vendor :STMicroelectronics MBEDTLS 2.14.1
2025-10-14 23:37:47,291 [INFO] ThirdParty:1030 - CMSIS Pack Vendor :STMicroelectronics X-CUBE-TOUCHGFX 4.26.0
2025-10-14 23:37:47,291 [INFO] ThirdParty:1030 - CMSIS Pack Vendor :STMicroelectronics X-CUBE-BLEMGR 3.1.0
2025-10-14 23:37:47,291 [INFO] ThirdParty:1030 - CMSIS Pack Vendor :STMicroelectronics X-CUBE-AI 10.0.0
2025-10-14 23:37:47,291 [INFO] ThirdParty:1030 - CMSIS Pack Vendor :STMicroelectronics FP-SNS-STBOX1 2.1.0
2025-10-14 23:37:47,291 [INFO] ThirdParty:1030 - CMSIS Pack Vendor :STMicroelectronics FP-SNS-STAIOTCFT 1.0.0
2025-10-14 23:37:47,291 [INFO] ThirdParty:1030 - CMSIS Pack Vendor :STMicroelectronics FP-SNS-SMARTAG2 1.2.0
2025-10-14 23:37:47,291 [INFO] ThirdParty:1030 - CMSIS Pack Vendor :STMicroelectronics FP-SNS-FLIGHT1 5.1.0
2025-10-14 23:37:47,291 [INFO] ThirdParty:1030 - CMSIS Pack Vendor :STMicroelectronics X-CUBE-MEMS1 11.1.0
2025-10-14 23:37:47,291 [INFO] ThirdParty:1030 - CMSIS Pack Vendor :STMicroelectronics X-CUBE-AZRTOS-WL 2.0.0
2025-10-14 23:37:47,291 [INFO] ThirdParty:1030 - CMSIS Pack Vendor :STMicroelectronics X-CUBE-DPower 1.3.0
2025-10-14 23:37:47,291 [INFO] ThirdParty:1030 - CMSIS Pack Vendor :STMicroelectronics FP-SNS-MOTENV1 5.0.0
2025-10-14 23:37:47,291 [INFO] ThirdParty:1030 - CMSIS Pack Vendor :STMicroelectronics USB_DEVICE 1.0.0
2025-10-14 23:37:47,291 [INFO] ThirdParty:1030 - CMSIS Pack Vendor :wolfSSL I-CUBE-wolfMQTT 1.19.0
2025-10-14 23:37:47,291 [INFO] ThirdParty:1030 - CMSIS Pack Vendor :STMicroelectronics X-CUBE-AZRTOS-L4 2.0.0
2025-10-14 23:37:47,291 [INFO] ThirdParty:1030 - CMSIS Pack Vendor :STMicroelectronics ThreadX 0.0.2
2025-10-14 23:37:47,291 [INFO] ThirdParty:1030 - CMSIS Pack Vendor :WES I-CUBE-Cesium 1.3.0
2025-10-14 23:37:47,291 [INFO] ThirdParty:1030 - CMSIS Pack Vendor :STMicroelectronics lwIP 2.1.2
2025-10-14 23:37:47,291 [INFO] ThirdParty:1030 - CMSIS Pack Vendor :STMicroelectronics X-CUBE-SFXS2LP1 4.0.0
2025-10-14 23:37:47,291 [INFO] ThirdParty:1030 - CMSIS Pack Vendor :STMicroelectronics X-CUBE-BLE2 3.3.0
2025-10-14 23:37:47,291 [INFO] ThirdParty:1030 - CMSIS Pack Vendor :STMicroelectronics PDM2PCM 3.2.0
2025-10-14 23:37:47,291 [INFO] ThirdParty:1030 - CMSIS Pack Vendor :STMicroelectronics X-CUBE-AZRTOS-H7 3.3.0
2025-10-14 23:37:47,291 [INFO] ThirdParty:1030 - CMSIS Pack Vendor :STMicroelectronics X-CUBE-NFC9 1.0.0
2025-10-14 23:37:47,291 [INFO] ThirdParty:1030 - CMSIS Pack Vendor :STMicroelectronics X-CUBE-BLE1 7.1.0
2025-10-14 23:37:47,291 [INFO] ThirdParty:1030 - CMSIS Pack Vendor :STMicroelectronics USB_DEVICE 3.0.0
2025-10-14 23:37:47,291 [INFO] ThirdParty:1030 - CMSIS Pack Vendor :STMicroelectronics X-CUBE-TCPP 4.1.0
2025-10-14 23:37:47,291 [INFO] ThirdParty:1030 - CMSIS Pack Vendor :STMicroelectronics X-CUBE-EEPRMA1 5.2.0
2025-10-14 23:37:47,291 [INFO] ThirdParty:1030 - CMSIS Pack Vendor :STMicroelectronics X-CUBE-BLEMGR 4.1.0
2025-10-14 23:37:47,291 [INFO] ThirdParty:1030 - CMSIS Pack Vendor :STMicroelectronics X-CUBE-IPS 3.0.0
2025-10-14 23:37:47,291 [INFO] ThirdParty:1030 - CMSIS Pack Vendor :STMicroelectronics X-CUBE-AZRTOS-WB 2.0.0
2025-10-14 23:37:47,291 [INFO] ThirdParty:1030 - CMSIS Pack Vendor :STMicroelectronics X-CUBE-GNSS1 7.0.0
2025-10-14 23:37:47,291 [INFO] ThirdParty:1030 - CMSIS Pack Vendor :STMicroelectronics X-CUBE-GNSS1 7.0.1
2025-10-14 23:37:47,291 [INFO] ThirdParty:1030 - CMSIS Pack Vendor :STMicroelectronics X-CUBE-TOUCHGFX 4.25.0
2025-10-14 23:37:47,291 [INFO] ThirdParty:1030 - CMSIS Pack Vendor :STMicroelectronics X-CUBE-ST67W61 1.1.0
2025-10-14 23:37:47,291 [INFO] ThirdParty:1030 - CMSIS Pack Vendor :STMicroelectronics X-CUBE-AI 10.1.0
2025-10-14 23:37:47,292 [INFO] ThirdParty:1030 - CMSIS Pack Vendor :STMicroelectronics FP-SNS-STBOX1 2.0.0
2025-10-14 23:37:47,292 [INFO] ThirdParty:1030 - CMSIS Pack Vendor :STMicroelectronics X-CUBE-MEMS1 11.2.0
2025-10-14 23:37:47,292 [INFO] ThirdParty:1030 - CMSIS Pack Vendor :STMicroelectronics X-CUBE-AZRTOS-G0 1.1.0
2025-10-14 23:37:47,292 [INFO] ThirdParty:1030 - CMSIS Pack Vendor :STMicroelectronics X-CUBE-SAFEA1 1.2.2
2025-10-14 23:37:47,292 [INFO] ThirdParty:1030 - CMSIS Pack Vendor :STMicroelectronics X-CUBE-NFC4 3.0.0
2025-10-14 23:37:47,292 [INFO] ThirdParty:1030 - CMSIS Pack Vendor :STMicroelectronics X-CUBE-SUBG2 5.0.0
2025-10-14 23:37:47,292 [INFO] ThirdParty:1030 - CMSIS Pack Vendor :STMicroelectronics X-CUBE-AZRTOS-H7RS 1.1.0
2025-10-14 23:37:47,292 [INFO] ThirdParty:1030 - CMSIS Pack Vendor :STMicroelectronics STM32_WPAN 1.0.0
2025-10-14 23:37:47,292 [INFO] ThirdParty:1030 - CMSIS Pack Vendor :EmbeddedOffice I-CUBE-FS-RTOS 1.0.1
2025-10-14 23:37:47,292 [INFO] ThirdParty:1030 - CMSIS Pack Vendor :STMicroelectronics lwIP 2.0.3
2025-10-14 23:37:47,292 [INFO] ThirdParty:1030 - CMSIS Pack Vendor :Cesanta I-CUBE-Mongoose 7.13.0
2025-10-14 23:37:47,292 [INFO] ThirdParty:1030 - CMSIS Pack Vendor :STMicroelectronics USB_HOST 1.0.0
2025-10-14 23:37:47,292 [INFO] ThirdParty:1030 - CMSIS Pack Vendor :STMicroelectronics X-CUBE-AZRTOS-G4 2.0.0
2025-10-14 23:37:47,292 [INFO] ThirdParty:1030 - CMSIS Pack Vendor :STMicroelectronics X-CUBE-WB05N 2.0.0
2025-10-14 23:37:47,292 [INFO] ThirdParty:1030 - CMSIS Pack Vendor :STMicroelectronics PDM2PCM 3.1.0
2025-10-14 23:37:47,292 [INFO] ThirdParty:1030 - CMSIS Pack Vendor :STMicroelectronics X-CUBE-NFC7 2.0.0
2025-10-14 23:37:47,292 [INFO] ThirdParty:1030 - CMSIS Pack Vendor :STMicroelectronics X-CUBE-TCPP 4.2.0
2025-10-14 23:37:47,292 [INFO] ThirdParty:1030 - CMSIS Pack Vendor :RealThread X-CUBE-RT-Thread_Nano 4.1.1
2025-10-14 23:37:47,292 [INFO] ThirdParty:1030 - CMSIS Pack Vendor :STMicroelectronics FP-ATR-SIGFOX1 3.2.0
2025-10-14 23:37:47,292 [INFO] ThirdParty:1030 - CMSIS Pack Vendor :wolfSSL I-CUBE-wolfSSL 5.7.2
2025-10-14 23:37:47,292 [INFO] ThirdParty:1030 - CMSIS Pack Vendor :quantropi X-CUBE-qispace-sdk-base 1.9.3
2025-10-14 23:37:47,292 [INFO] ThirdParty:1030 - CMSIS Pack Vendor :STMicroelectronics X-CUBE-EEPRMA1 5.1.0
2025-10-14 23:37:47,292 [INFO] ThirdParty:1030 - CMSIS Pack Vendor :STMicroelectronics MBEDTLS 2.16.2
2025-10-14 23:37:47,292 [INFO] ThirdParty:1030 - CMSIS Pack Vendor :STMicroelectronics X-CUBE-IPS 3.1.0
2025-10-14 23:37:47,292 [INFO] ThirdParty:1030 - CMSIS Pack Vendor :STMicroelectronics X-CUBE-ALS 1.0.2
2025-10-14 23:37:47,292 [INFO] ThirdParty:1030 - CMSIS Pack Vendor :ITTIA_DB I-CUBE-ITTIADB 8.9.0
2025-10-14 23:37:47,292 [INFO] ThirdParty:1030 - CMSIS Pack Vendor :STMicroelectronics X-CUBE-TOUCHGFX 4.24.2
2025-10-14 23:37:47,292 [INFO] ThirdParty:1030 - CMSIS Pack Vendor :STMicroelectronics X-CUBE-TOUCHGFX 4.24.1
2025-10-14 23:37:47,292 [INFO] ThirdParty:1030 - CMSIS Pack Vendor :STMicroelectronics X-CUBE-STSE01 1.0.0
2025-10-14 23:37:47,292 [INFO] ThirdParty:1030 - CMSIS Pack Vendor :wolfSSL I-CUBE-wolfTPM 3.4.0
2025-10-14 23:37:47,292 [INFO] ThirdParty:1030 - CMSIS Pack Vendor :portGmbH I-Cube-SoM-uGOAL 1.1.0
2025-10-14 23:37:47,292 [INFO] ThirdParty:1030 - CMSIS Pack Vendor :STMicroelectronics X-CUBE-ST67W61 1.0.0
2025-10-14 23:37:47,292 [INFO] ThirdParty:1030 - CMSIS Pack Vendor :STMicroelectronics X-CUBE-AI 10.2.0
2025-10-14 23:37:47,292 [INFO] ThirdParty:1030 - CMSIS Pack Vendor :STMicroelectronics ThreadX 1.0.0
2025-10-14 23:37:47,292 [INFO] ThirdParty:1030 - CMSIS Pack Vendor :SEGGER I-CUBE-embOS 1.3.1
2025-10-14 23:37:47,292 [INFO] ThirdParty:1030 - CMSIS Pack Vendor :STMicroelectronics X-CUBE-ALGOBUILD 1.4.0
2025-10-14 23:37:47,292 [INFO] ThirdParty:1030 - CMSIS Pack Vendor :STMicroelectronics X-CUBE-MEMS1 11.3.0
2025-10-14 23:37:47,292 [INFO] ThirdParty:1030 - CMSIS Pack Vendor :STMicroelectronics X-CUBE-AZRTOS-H7RS 1.0.0
2025-10-14 23:37:47,292 [INFO] ThirdParty:1030 - CMSIS Pack Vendor :STMicroelectronics FP-ATR-ASTRA1 2.0.0
2025-10-14 23:37:47,292 [INFO] ThirdParty:1030 - CMSIS Pack Vendor :STMicroelectronics X-CUBE-TOF1 3.4.2
2025-10-14 23:37:47,293 [INFO] ThirdParty:1030 - CMSIS Pack Vendor :STMicroelectronics X-CUBE-TOF1 3.4.3
2025-10-14 23:37:47,293 [INFO] ThirdParty:1030 - CMSIS Pack Vendor :STMicroelectronics X-CUBE-AI 9.1.0
2025-10-14 23:37:47,293 [INFO] ThirdParty:1030 - CMSIS Pack Vendor :Infineon AIROC-Wi-Fi-Bluetooth-STM32 1.6.1
2025-10-14 23:37:47,293 [INFO] ThirdParty:1030 - CMSIS Pack Vendor :wolfSSL I-CUBE-wolfSSH 1.4.17
2025-10-14 23:37:47,293 [INFO] ThirdParty:841 - exiting critical section [change project]
2025-10-14 23:37:47,751 [INFO] PinOutPanel:1589 - setPackage(No Configuration,No Configuration)
2025-10-14 23:37:47,752 [INFO] PinOutPanel:1589 - setPackage(STM32H755ZITx,LQFP144)
2025-10-14 23:37:48,119 [INFO] UtilMem:75 - Before build in PCC Used Memory: 775678144 Bytes (1073741824)
2025-10-14 23:37:48,478 [INFO] UtilMem:75 - After build in PCC Used Memory: 899936448 Bytes (1073741824)
2025-10-14 23:37:48,500 [INFO] IPUIPlugin:80 - create IPUIPlugin
2025-10-14 23:37:48,500 [INFO] IPUIPlugin:80 - create IPUIPlugin
2025-10-14 23:37:48,500 [INFO] IPUIPlugin:80 - create IPUIPlugin
2025-10-14 23:37:48,500 [INFO] IPUIPlugin:80 - create IPUIPlugin
2025-10-14 23:37:48,500 [INFO] IPUIPlugin:80 - create IPUIPlugin
2025-10-14 23:37:48,500 [INFO] IPUIPlugin:80 - create IPUIPlugin
2025-10-14 23:37:48,501 [INFO] IPUIPlugin:80 - create IPUIPlugin
2025-10-14 23:37:48,501 [INFO] IPUIPlugin:80 - create IPUIPlugin
2025-10-14 23:37:48,501 [INFO] IPUIPlugin:80 - create IPUIPlugin
2025-10-14 23:37:48,501 [INFO] IPUIPlugin:80 - create IPUIPlugin
2025-10-14 23:37:48,501 [INFO] IPUIPlugin:80 - create IPUIPlugin
2025-10-14 23:37:48,501 [INFO] IPUIPlugin:80 - create IPUIPlugin
2025-10-14 23:37:48,501 [INFO] IPUIPlugin:80 - create IPUIPlugin
2025-10-14 23:37:48,501 [INFO] IPUIPlugin:80 - create IPUIPlugin
2025-10-14 23:37:48,501 [INFO] IPUIPlugin:80 - create IPUIPlugin
2025-10-14 23:37:48,501 [INFO] IPUIPlugin:80 - create IPUIPlugin
2025-10-14 23:37:48,501 [INFO] IPUIPlugin:80 - create IPUIPlugin
2025-10-14 23:37:48,501 [INFO] IPUIPlugin:80 - create IPUIPlugin
2025-10-14 23:37:48,502 [INFO] IPUIPlugin:80 - create IPUIPlugin
2025-10-14 23:37:48,502 [INFO] IPUIPlugin:80 - create IPUIPlugin
2025-10-14 23:37:48,502 [INFO] IPUIPlugin:80 - create IPUIPlugin
2025-10-14 23:37:48,502 [INFO] IPUIPlugin:80 - create IPUIPlugin
2025-10-14 23:37:48,502 [INFO] IPUIPlugin:80 - create IPUIPlugin
2025-10-14 23:37:48,502 [INFO] IPUIPlugin:80 - create IPUIPlugin
2025-10-14 23:37:48,502 [INFO] IPUIPlugin:80 - create IPUIPlugin
2025-10-14 23:37:48,502 [INFO] IPUIPlugin:80 - create IPUIPlugin
2025-10-14 23:37:48,502 [INFO] IPUIPlugin:80 - create IPUIPlugin
2025-10-14 23:37:48,502 [INFO] IPUIPlugin:80 - create IPUIPlugin
2025-10-14 23:37:48,502 [INFO] IPUIPlugin:80 - create IPUIPlugin
2025-10-14 23:37:48,502 [INFO] IPUIPlugin:80 - create IPUIPlugin
2025-10-14 23:37:48,502 [INFO] IPUIPlugin:80 - create IPUIPlugin
2025-10-14 23:37:48,503 [INFO] IPUIPlugin:80 - create IPUIPlugin
2025-10-14 23:37:48,503 [INFO] IPUIPlugin:80 - create IPUIPlugin
2025-10-14 23:37:48,503 [INFO] IPUIPlugin:80 - create IPUIPlugin
2025-10-14 23:37:48,503 [INFO] IPUIPlugin:80 - create IPUIPlugin
2025-10-14 23:37:48,503 [INFO] IPUIPlugin:80 - create IPUIPlugin
2025-10-14 23:37:48,503 [INFO] IPUIPlugin:80 - create IPUIPlugin
2025-10-14 23:37:48,503 [INFO] IPUIPlugin:80 - create IPUIPlugin
2025-10-14 23:37:48,504 [INFO] IPUIPlugin:80 - create IPUIPlugin
2025-10-14 23:37:48,504 [INFO] IPUIPlugin:80 - create IPUIPlugin
2025-10-14 23:37:48,504 [INFO] IPUIPlugin:80 - create IPUIPlugin
2025-10-14 23:37:48,504 [INFO] IPUIPlugin:80 - create IPUIPlugin
2025-10-14 23:37:48,504 [INFO] IPUIPlugin:80 - create IPUIPlugin
2025-10-14 23:37:48,504 [INFO] IPUIPlugin:80 - create IPUIPlugin
2025-10-14 23:37:48,504 [INFO] IPUIPlugin:80 - create IPUIPlugin
2025-10-14 23:37:48,505 [INFO] IPUIPlugin:80 - create IPUIPlugin
2025-10-14 23:37:48,505 [INFO] IPUIPlugin:80 - create IPUIPlugin
2025-10-14 23:37:48,505 [INFO] IPUIPlugin:80 - create IPUIPlugin
2025-10-14 23:37:48,505 [INFO] IPUIPlugin:80 - create IPUIPlugin
2025-10-14 23:37:48,505 [INFO] IPUIPlugin:80 - create IPUIPlugin
2025-10-14 23:37:48,505 [INFO] IPUIPlugin:80 - create IPUIPlugin
2025-10-14 23:37:48,506 [INFO] IPUIPlugin:80 - create IPUIPlugin
2025-10-14 23:37:48,506 [INFO] IPUIPlugin:80 - create IPUIPlugin
2025-10-14 23:37:48,506 [INFO] IPUIPlugin:80 - create IPUIPlugin
2025-10-14 23:37:48,506 [INFO] IPUIPlugin:80 - create IPUIPlugin
2025-10-14 23:37:48,506 [INFO] IPUIPlugin:80 - create IPUIPlugin
2025-10-14 23:37:48,506 [INFO] IPUIPlugin:80 - create IPUIPlugin
2025-10-14 23:37:48,506 [INFO] IPUIPlugin:80 - create IPUIPlugin
2025-10-14 23:37:48,507 [INFO] IPUIPlugin:80 - create IPUIPlugin
2025-10-14 23:37:48,507 [INFO] IPUIPlugin:80 - create IPUIPlugin
2025-10-14 23:37:48,507 [INFO] IPUIPlugin:80 - create IPUIPlugin
2025-10-14 23:37:48,507 [INFO] IPUIPlugin:80 - create IPUIPlugin
2025-10-14 23:37:48,507 [INFO] IPUIPlugin:80 - create IPUIPlugin
2025-10-14 23:37:48,507 [INFO] IPUIPlugin:80 - create IPUIPlugin
2025-10-14 23:37:48,508 [INFO] IPUIPlugin:80 - create IPUIPlugin
2025-10-14 23:37:48,508 [INFO] IPUIPlugin:80 - create IPUIPlugin
2025-10-14 23:37:48,508 [INFO] IPUIPlugin:80 - create IPUIPlugin
2025-10-14 23:37:48,508 [INFO] IPUIPlugin:80 - create IPUIPlugin
2025-10-14 23:37:48,508 [INFO] IPUIPlugin:80 - create IPUIPlugin
2025-10-14 23:37:48,508 [INFO] IPUIPlugin:80 - create IPUIPlugin
2025-10-14 23:37:48,509 [INFO] IPUIPlugin:80 - create IPUIPlugin
2025-10-14 23:37:48,509 [INFO] IPUIPlugin:80 - create IPUIPlugin
2025-10-14 23:37:48,509 [INFO] IPUIPlugin:80 - create IPUIPlugin
2025-10-14 23:37:48,509 [INFO] IPUIPlugin:80 - create IPUIPlugin
2025-10-14 23:37:48,509 [INFO] IPUIPlugin:80 - create IPUIPlugin
2025-10-14 23:37:48,510 [INFO] IPUIPlugin:80 - create IPUIPlugin
2025-10-14 23:37:48,510 [INFO] IPUIPlugin:80 - create IPUIPlugin
2025-10-14 23:37:48,510 [INFO] IPUIPlugin:80 - create IPUIPlugin
2025-10-14 23:37:48,510 [INFO] IPUIPlugin:80 - create IPUIPlugin
2025-10-14 23:37:48,511 [INFO] IPUIPlugin:80 - create IPUIPlugin
2025-10-14 23:37:48,511 [INFO] IPUIPlugin:80 - create IPUIPlugin
2025-10-14 23:37:48,511 [INFO] IPUIPlugin:80 - create IPUIPlugin
2025-10-14 23:37:48,511 [INFO] IPUIPlugin:80 - create IPUIPlugin
2025-10-14 23:37:48,512 [INFO] IPUIPlugin:80 - create IPUIPlugin
2025-10-14 23:37:48,512 [INFO] IPUIPlugin:80 - create IPUIPlugin
2025-10-14 23:37:48,512 [INFO] IPUIPlugin:80 - create IPUIPlugin
2025-10-14 23:37:48,512 [INFO] IPUIPlugin:80 - create IPUIPlugin
2025-10-14 23:37:48,512 [INFO] IPUIPlugin:80 - create IPUIPlugin
2025-10-14 23:37:48,513 [INFO] IPUIPlugin:80 - create IPUIPlugin
2025-10-14 23:37:48,513 [INFO] IPUIPlugin:80 - create IPUIPlugin
2025-10-14 23:37:48,513 [INFO] IPUIPlugin:80 - create IPUIPlugin
2025-10-14 23:37:48,513 [INFO] IPUIPlugin:80 - create IPUIPlugin
2025-10-14 23:37:48,513 [INFO] IPUIPlugin:80 - create IPUIPlugin
2025-10-14 23:37:48,514 [INFO] IPUIPlugin:80 - create IPUIPlugin
2025-10-14 23:37:48,514 [INFO] IPUIPlugin:80 - create IPUIPlugin
2025-10-14 23:37:48,514 [INFO] IPUIPlugin:80 - create IPUIPlugin
2025-10-14 23:37:48,514 [INFO] IPUIPlugin:80 - create IPUIPlugin
2025-10-14 23:37:48,515 [INFO] IPUIPlugin:80 - create IPUIPlugin
2025-10-14 23:37:48,515 [INFO] IPUIPlugin:80 - create IPUIPlugin
2025-10-14 23:37:48,515 [INFO] IPUIPlugin:80 - create IPUIPlugin
2025-10-14 23:37:48,515 [INFO] IPUIPlugin:80 - create IPUIPlugin
2025-10-14 23:37:48,516 [INFO] IPUIPlugin:80 - create IPUIPlugin
2025-10-14 23:37:48,516 [INFO] IPUIPlugin:80 - create IPUIPlugin
2025-10-14 23:37:48,516 [INFO] IPUIPlugin:80 - create IPUIPlugin
2025-10-14 23:37:48,516 [INFO] IPUIPlugin:80 - create IPUIPlugin
2025-10-14 23:37:48,517 [INFO] IPUIPlugin:80 - create IPUIPlugin
2025-10-14 23:37:48,517 [INFO] IPUIPlugin:80 - create IPUIPlugin
2025-10-14 23:37:48,517 [INFO] IPUIPlugin:80 - create IPUIPlugin
2025-10-14 23:37:48,518 [INFO] IPUIPlugin:80 - create IPUIPlugin
2025-10-14 23:37:48,518 [INFO] IPUIPlugin:80 - create IPUIPlugin
2025-10-14 23:37:48,518 [INFO] IPUIPlugin:80 - create IPUIPlugin
2025-10-14 23:37:48,519 [INFO] IPUIPlugin:80 - create IPUIPlugin
2025-10-14 23:37:48,519 [INFO] IPUIPlugin:80 - create IPUIPlugin
2025-10-14 23:37:48,519 [INFO] IPUIPlugin:80 - create IPUIPlugin
2025-10-14 23:37:48,526 [INFO] ApiDbMcu:532 - Load IP Config File for PDM2PCM_M7
2025-10-14 23:37:48,528 [INFO] ApiDbMcu:532 - Load IP Config File for PDM2PCM_M4
2025-10-14 23:37:48,561 [INFO] CADModel:165 - CPN selected for project levelSTM32H755ZIT6
2025-10-14 23:37:48,561 [INFO] CADModel:114 - Register for checkConnection events
2025-10-14 23:37:48,628 [INFO] OpenFileManager:386 - Restore cursor
2025-10-14 23:37:48,631 [INFO] ApiDb:581 - Connected to CubeFinder SQLite database (C:\Users\Miloush\.stmcufinder\plugins\mcufinder\mcu\cube-finder-db.db)
2025-10-14 23:38:01,963 [WARN] IP:2250 - ClockDivider not found: check if there is a RefParameter without a condition.
2025-10-14 23:38:01,963 [WARN] IP:2250 - ClockDividerCCU not found: check if there is a RefParameter without a condition.
2025-10-14 23:38:01,963 [WARN] IP:2250 - MinOscClkPeriodsCCU not found: check if there is a RefParameter without a condition.
2025-10-14 23:38:01,963 [WARN] IP:2250 - TimeQuantaPerBitTimeCCU not found: check if there is a RefParameter without a condition.
2025-10-14 23:38:01,963 [WARN] IP:2250 - WatchdogStartValueCCU not found: check if there is a RefParameter without a condition.
2025-10-14 23:38:01,967 [INFO] LogOutputStream:77 - [STDOUT_REDIRECT] Nominal 
2025-10-14 23:38:02,006 [WARN] IP:2250 - ClockDivider not found: check if there is a RefParameter without a condition.
2025-10-14 23:38:02,006 [WARN] IP:2250 - ClockDividerCCU not found: check if there is a RefParameter without a condition.
2025-10-14 23:38:02,006 [WARN] IP:2250 - MinOscClkPeriodsCCU not found: check if there is a RefParameter without a condition.
2025-10-14 23:38:02,006 [WARN] IP:2250 - TimeQuantaPerBitTimeCCU not found: check if there is a RefParameter without a condition.
2025-10-14 23:38:02,006 [WARN] IP:2250 - WatchdogStartValueCCU not found: check if there is a RefParameter without a condition.
2025-10-14 23:38:02,021 [INFO] Can:71 - Can Add PropertyChangeListener com.st.microxplorer.plugins.ip.can.Can@3535881f
2025-10-14 23:38:02,028 [WARN] IP:2250 - ClockDivider not found: check if there is a RefParameter without a condition.
2025-10-14 23:38:02,028 [WARN] IP:2250 - ClockDividerCCU not found: check if there is a RefParameter without a condition.
2025-10-14 23:38:02,028 [WARN] IP:2250 - MinOscClkPeriodsCCU not found: check if there is a RefParameter without a condition.
2025-10-14 23:38:02,028 [WARN] IP:2250 - TimeQuantaPerBitTimeCCU not found: check if there is a RefParameter without a condition.
2025-10-14 23:38:02,028 [WARN] IP:2250 - WatchdogStartValueCCU not found: check if there is a RefParameter without a condition.
2025-10-14 23:38:04,483 [INFO] NvicIntPanel:101 - NVIC parent = com.st.microxplorer.plugins.ip.nvic.MultiNvicIntPanel[,0,0,622x361,layout=javax.swing.BoxLayout,alignmentX=0.0,alignmentY=0.0,border=,flags=9,maximumSize=,minimumSize=,preferredSize=]
2025-10-14 23:38:05,555 [INFO] NvicIntPanel:101 - NVIC parent = com.st.microxplorer.plugins.ip.nvic.MultiNvicIntPanel[,0,0,0x0,invalid,layout=javax.swing.BoxLayout,alignmentX=0.0,alignmentY=0.0,border=,flags=9,maximumSize=,minimumSize=,preferredSize=]
2025-10-14 23:38:07,987 [ERROR] LogOutputStream:75 - [STDERR_REDIRECT] Exception in thread "AWT-EventQueue-0" java.lang.ClassCastException: class sun.awt.windows.WEmbeddedFrame cannot be cast to class javax.swing.JFrame (sun.awt.windows.WEmbeddedFrame and javax.swing.JFrame are in module java.desktop of loader 'bootstrap')
2025-10-14 23:38:07,989 [ERROR] LogOutputStream:75 - [STDERR_REDIRECT] 	at com.st.microxplorer.plugins.clock.ClockConfigurationView.activatePlugin(ClockConfigurationView.java:424)
2025-10-14 23:38:07,990 [ERROR] LogOutputStream:75 - [STDERR_REDIRECT] 	at com.st.microxplorer.maingui.MainPanel$1.stateChanged(MainPanel.java:385)
2025-10-14 23:38:07,990 [ERROR] LogOutputStream:75 - [STDERR_REDIRECT] 	at java.desktop/javax.swing.JTabbedPane.fireStateChanged(JTabbedPane.java:446)
2025-10-14 23:38:07,991 [ERROR] LogOutputStream:75 - [STDERR_REDIRECT] 	at java.desktop/javax.swing.JTabbedPane$ModelListener.stateChanged(JTabbedPane.java:297)
2025-10-14 23:38:07,993 [ERROR] LogOutputStream:75 - [STDERR_REDIRECT] 	at java.desktop/javax.swing.DefaultSingleSelectionModel.fireStateChanged(DefaultSingleSelectionModel.java:148)
2025-10-14 23:38:07,994 [ERROR] LogOutputStream:75 - [STDERR_REDIRECT] 	at java.desktop/javax.swing.DefaultSingleSelectionModel.setSelectedIndex(DefaultSingleSelectionModel.java:79)
2025-10-14 23:38:07,995 [ERROR] LogOutputStream:75 - [STDERR_REDIRECT] 	at java.desktop/javax.swing.JTabbedPane.setSelectedIndexImpl(JTabbedPane.java:650)
2025-10-14 23:38:07,996 [ERROR] LogOutputStream:75 - [STDERR_REDIRECT] 	at java.desktop/javax.swing.JTabbedPane.setSelectedIndex(JTabbedPane.java:625)
2025-10-14 23:38:07,996 [ERROR] LogOutputStream:75 - [STDERR_REDIRECT] 	at java.desktop/javax.swing.plaf.basic.BasicTabbedPaneUI$Handler.mousePressed(BasicTabbedPaneUI.java:4140)
2025-10-14 23:38:07,997 [ERROR] LogOutputStream:75 - [STDERR_REDIRECT] 	at java.desktop/java.awt.Component.processMouseEvent(Component.java:6618)
2025-10-14 23:38:07,998 [ERROR] LogOutputStream:75 - [STDERR_REDIRECT] 	at java.desktop/javax.swing.JComponent.processMouseEvent(JComponent.java:3398)
2025-10-14 23:38:07,998 [ERROR] LogOutputStream:75 - [STDERR_REDIRECT] 	at java.desktop/java.awt.Component.processEvent(Component.java:6386)
2025-10-14 23:38:07,999 [ERROR] LogOutputStream:75 - [STDERR_REDIRECT] 	at java.desktop/java.awt.Container.processEvent(Container.java:2266)
2025-10-14 23:38:07,999 [ERROR] LogOutputStream:75 - [STDERR_REDIRECT] 	at java.desktop/java.awt.Component.dispatchEventImpl(Component.java:4996)
2025-10-14 23:38:08,000 [ERROR] LogOutputStream:75 - [STDERR_REDIRECT] 	at java.desktop/java.awt.Container.dispatchEventImpl(Container.java:2324)
2025-10-14 23:38:08,001 [ERROR] LogOutputStream:75 - [STDERR_REDIRECT] 	at java.desktop/java.awt.Component.dispatchEvent(Component.java:4828)
2025-10-14 23:38:08,002 [ERROR] LogOutputStream:75 - [STDERR_REDIRECT] 	at java.desktop/java.awt.LightweightDispatcher.retargetMouseEvent(Container.java:4948)
2025-10-14 23:38:08,003 [ERROR] LogOutputStream:75 - [STDERR_REDIRECT] 	at java.desktop/java.awt.LightweightDispatcher.processMouseEvent(Container.java:4572)
2025-10-14 23:38:08,003 [ERROR] LogOutputStream:75 - [STDERR_REDIRECT] 	at java.desktop/java.awt.LightweightDispatcher.dispatchEvent(Container.java:4516)
2025-10-14 23:38:08,004 [ERROR] LogOutputStream:75 - [STDERR_REDIRECT] 	at java.desktop/java.awt.Container.dispatchEventImpl(Container.java:2310)
2025-10-14 23:38:08,005 [ERROR] LogOutputStream:75 - [STDERR_REDIRECT] 	at java.desktop/java.awt.Component.dispatchEvent(Component.java:4828)
2025-10-14 23:38:08,005 [ERROR] LogOutputStream:75 - [STDERR_REDIRECT] 	at java.desktop/java.awt.EventQueue.dispatchEventImpl(EventQueue.java:775)
2025-10-14 23:38:08,006 [ERROR] LogOutputStream:75 - [STDERR_REDIRECT] 	at java.desktop/java.awt.EventQueue$4.run(EventQueue.java:720)
2025-10-14 23:38:08,006 [ERROR] LogOutputStream:75 - [STDERR_REDIRECT] 	at java.desktop/java.awt.EventQueue$4.run(EventQueue.java:714)
2025-10-14 23:38:08,007 [ERROR] LogOutputStream:75 - [STDERR_REDIRECT] 	at java.base/java.security.AccessController.doPrivileged(AccessController.java:400)
2025-10-14 23:38:08,008 [ERROR] LogOutputStream:75 - [STDERR_REDIRECT] 	at java.base/java.security.ProtectionDomain$JavaSecurityAccessImpl.doIntersectionPrivilege(ProtectionDomain.java:87)
2025-10-14 23:38:08,009 [ERROR] LogOutputStream:75 - [STDERR_REDIRECT] 	at java.base/java.security.ProtectionDomain$JavaSecurityAccessImpl.doIntersectionPrivilege(ProtectionDomain.java:98)
2025-10-14 23:38:08,009 [ERROR] LogOutputStream:75 - [STDERR_REDIRECT] 	at java.desktop/java.awt.EventQueue$5.run(EventQueue.java:747)
2025-10-14 23:38:08,010 [ERROR] LogOutputStream:75 - [STDERR_REDIRECT] 	at java.desktop/java.awt.EventQueue$5.run(EventQueue.java:745)
2025-10-14 23:38:08,010 [ERROR] LogOutputStream:75 - [STDERR_REDIRECT] 	at java.base/java.security.AccessController.doPrivileged(AccessController.java:400)
2025-10-14 23:38:08,011 [ERROR] LogOutputStream:75 - [STDERR_REDIRECT] 	at java.base/java.security.ProtectionDomain$JavaSecurityAccessImpl.doIntersectionPrivilege(ProtectionDomain.java:87)
2025-10-14 23:38:08,012 [ERROR] LogOutputStream:75 - [STDERR_REDIRECT] 	at java.desktop/java.awt.EventQueue.dispatchEvent(EventQueue.java:744)
2025-10-14 23:38:08,013 [ERROR] LogOutputStream:75 - [STDERR_REDIRECT] 	at java.desktop/java.awt.EventDispatchThread.pumpOneEventForFilters(EventDispatchThread.java:203)
2025-10-14 23:38:08,014 [ERROR] LogOutputStream:75 - [STDERR_REDIRECT] 	at java.desktop/java.awt.EventDispatchThread.pumpEventsForFilter(EventDispatchThread.java:124)
2025-10-14 23:38:08,015 [ERROR] LogOutputStream:75 - [STDERR_REDIRECT] 	at java.desktop/java.awt.EventDispatchThread.pumpEventsForHierarchy(EventDispatchThread.java:113)
2025-10-14 23:38:08,015 [ERROR] LogOutputStream:75 - [STDERR_REDIRECT] 	at java.desktop/java.awt.EventDispatchThread.pumpEvents(EventDispatchThread.java:109)
2025-10-14 23:38:08,016 [ERROR] LogOutputStream:75 - [STDERR_REDIRECT] 	at java.desktop/java.awt.EventDispatchThread.pumpEvents(EventDispatchThread.java:101)
2025-10-14 23:38:08,017 [ERROR] LogOutputStream:75 - [STDERR_REDIRECT] 	at java.desktop/java.awt.EventDispatchThread.run(EventDispatchThread.java:90)
2025-10-14 23:38:24,940 [INFO] LogOutputStream:77 - [STDOUT_REDIRECT] Nominal 
2025-10-14 23:38:24,987 [WARN] IP:2250 - ClockDivider not found: check if there is a RefParameter without a condition.
2025-10-14 23:38:24,988 [WARN] IP:2250 - ClockDividerCCU not found: check if there is a RefParameter without a condition.
2025-10-14 23:38:24,988 [WARN] IP:2250 - MinOscClkPeriodsCCU not found: check if there is a RefParameter without a condition.
2025-10-14 23:38:24,988 [WARN] IP:2250 - TimeQuantaPerBitTimeCCU not found: check if there is a RefParameter without a condition.
2025-10-14 23:38:24,988 [WARN] IP:2250 - WatchdogStartValueCCU not found: check if there is a RefParameter without a condition.
2025-10-14 23:38:25,265 [INFO] ParamManager:905 - [Generic UI] PropertyChangeEvent: TAB_STATUS_CHANGED , "dont care", "never mind"
2025-10-14 23:38:25,271 [WARN] IP:2250 - ClockDivider not found: check if there is a RefParameter without a condition.
2025-10-14 23:38:25,272 [WARN] IP:2250 - ClockDividerCCU not found: check if there is a RefParameter without a condition.
2025-10-14 23:38:25,272 [WARN] IP:2250 - MinOscClkPeriodsCCU not found: check if there is a RefParameter without a condition.
2025-10-14 23:38:25,272 [WARN] IP:2250 - TimeQuantaPerBitTimeCCU not found: check if there is a RefParameter without a condition.
2025-10-14 23:38:25,272 [WARN] IP:2250 - WatchdogStartValueCCU not found: check if there is a RefParameter without a condition.
2025-10-14 23:38:48,822 [INFO] UtilMem:75 - End SaveConfig() Used Memory: 626643096 Bytes (1073741824)
2025-10-14 23:38:48,991 [INFO] UtilMem:75 - End SaveConfig() Used Memory: 649400184 Bytes (1073741824)
2025-10-14 23:38:49,896 [INFO] UtilMem:75 - End SaveConfig() Used Memory: 474401616 Bytes (1073741824)
2025-10-14 23:38:50,319 [INFO] ProjectBuilder:2395 - IP not ready for code generation: RCC
2025-10-14 23:38:55,282 [INFO] LogOutputStream:77 - [STDOUT_REDIRECT] Nominal 
2025-10-14 23:38:55,335 [INFO] NvicIntPanel:101 - NVIC parent = com.st.microxplorer.plugins.ip.nvic.MultiNvicIntPanel[,0,0,612x361,layout=javax.swing.BoxLayout,alignmentX=0.0,alignmentY=0.0,border=,flags=9,maximumSize=,minimumSize=,preferredSize=]
2025-10-14 23:38:59,470 [INFO] ParamManager:905 - [Generic UI] PropertyChangeEvent: TAB_STATUS_CHANGED , "dont care", "never mind"
2025-10-14 23:39:01,737 [WARN] IP:2250 - ClockDivider not found: check if there is a RefParameter without a condition.
2025-10-14 23:39:01,737 [WARN] IP:2250 - ClockDividerCCU not found: check if there is a RefParameter without a condition.
2025-10-14 23:39:01,737 [WARN] IP:2250 - MinOscClkPeriodsCCU not found: check if there is a RefParameter without a condition.
2025-10-14 23:39:01,737 [WARN] IP:2250 - TimeQuantaPerBitTimeCCU not found: check if there is a RefParameter without a condition.
2025-10-14 23:39:01,737 [WARN] IP:2250 - WatchdogStartValueCCU not found: check if there is a RefParameter without a condition.
2025-10-14 23:39:01,800 [INFO] NvicIntPanel:101 - NVIC parent = com.st.microxplorer.plugins.ip.nvic.MultiNvicIntPanel[,0,0,0x0,invalid,layout=javax.swing.BoxLayout,alignmentX=0.0,alignmentY=0.0,border=,flags=9,maximumSize=,minimumSize=,preferredSize=]
2025-10-14 23:39:08,562 [WARN] IP:2250 - ClockDivider not found: check if there is a RefParameter without a condition.
2025-10-14 23:39:08,562 [WARN] IP:2250 - ClockDividerCCU not found: check if there is a RefParameter without a condition.
2025-10-14 23:39:08,562 [WARN] IP:2250 - MinOscClkPeriodsCCU not found: check if there is a RefParameter without a condition.
2025-10-14 23:39:08,562 [WARN] IP:2250 - TimeQuantaPerBitTimeCCU not found: check if there is a RefParameter without a condition.
2025-10-14 23:39:08,562 [WARN] IP:2250 - WatchdogStartValueCCU not found: check if there is a RefParameter without a condition.
2025-10-14 23:39:08,587 [INFO] NvicIntPanel:101 - NVIC parent = com.st.microxplorer.plugins.ip.nvic.MultiNvicIntPanel[,0,0,0x0,invalid,layout=javax.swing.BoxLayout,alignmentX=0.0,alignmentY=0.0,border=,flags=9,maximumSize=,minimumSize=,preferredSize=]
2025-10-14 23:39:08,677 [WARN] IP:2250 - ClockDivider not found: check if there is a RefParameter without a condition.
2025-10-14 23:39:08,677 [WARN] IP:2250 - ClockDividerCCU not found: check if there is a RefParameter without a condition.
2025-10-14 23:39:08,677 [WARN] IP:2250 - MinOscClkPeriodsCCU not found: check if there is a RefParameter without a condition.
2025-10-14 23:39:08,677 [WARN] IP:2250 - TimeQuantaPerBitTimeCCU not found: check if there is a RefParameter without a condition.
2025-10-14 23:39:08,677 [WARN] IP:2250 - WatchdogStartValueCCU not found: check if there is a RefParameter without a condition.
2025-10-14 23:39:08,699 [INFO] NvicIntPanel:101 - NVIC parent = com.st.microxplorer.plugins.ip.nvic.MultiNvicIntPanel[,0,0,0x0,invalid,layout=javax.swing.BoxLayout,alignmentX=0.0,alignmentY=0.0,border=,flags=9,maximumSize=,minimumSize=,preferredSize=]
2025-10-14 23:39:10,973 [WARN] IP:2250 - ClockDivider not found: check if there is a RefParameter without a condition.
2025-10-14 23:39:10,973 [WARN] IP:2250 - ClockDividerCCU not found: check if there is a RefParameter without a condition.
2025-10-14 23:39:10,973 [WARN] IP:2250 - MinOscClkPeriodsCCU not found: check if there is a RefParameter without a condition.
2025-10-14 23:39:10,973 [WARN] IP:2250 - TimeQuantaPerBitTimeCCU not found: check if there is a RefParameter without a condition.
2025-10-14 23:39:10,973 [WARN] IP:2250 - WatchdogStartValueCCU not found: check if there is a RefParameter without a condition.
2025-10-14 23:39:10,995 [INFO] NvicIntPanel:101 - NVIC parent = com.st.microxplorer.plugins.ip.nvic.MultiNvicIntPanel[,0,0,0x0,invalid,layout=javax.swing.BoxLayout,alignmentX=0.0,alignmentY=0.0,border=,flags=9,maximumSize=,minimumSize=,preferredSize=]
2025-10-14 23:39:11,050 [WARN] IP:2250 - ClockDivider not found: check if there is a RefParameter without a condition.
2025-10-14 23:39:11,050 [WARN] IP:2250 - ClockDividerCCU not found: check if there is a RefParameter without a condition.
2025-10-14 23:39:11,050 [WARN] IP:2250 - MinOscClkPeriodsCCU not found: check if there is a RefParameter without a condition.
2025-10-14 23:39:11,050 [WARN] IP:2250 - TimeQuantaPerBitTimeCCU not found: check if there is a RefParameter without a condition.
2025-10-14 23:39:11,050 [WARN] IP:2250 - WatchdogStartValueCCU not found: check if there is a RefParameter without a condition.
2025-10-14 23:39:11,068 [INFO] NvicIntPanel:101 - NVIC parent = com.st.microxplorer.plugins.ip.nvic.MultiNvicIntPanel[,0,0,0x0,invalid,layout=javax.swing.BoxLayout,alignmentX=0.0,alignmentY=0.0,border=,flags=9,maximumSize=,minimumSize=,preferredSize=]
2025-10-14 23:39:12,898 [WARN] IP:2250 - ClockDivider not found: check if there is a RefParameter without a condition.
2025-10-14 23:39:12,899 [WARN] IP:2250 - ClockDividerCCU not found: check if there is a RefParameter without a condition.
2025-10-14 23:39:12,899 [WARN] IP:2250 - MinOscClkPeriodsCCU not found: check if there is a RefParameter without a condition.
2025-10-14 23:39:12,899 [WARN] IP:2250 - TimeQuantaPerBitTimeCCU not found: check if there is a RefParameter without a condition.
2025-10-14 23:39:12,899 [WARN] IP:2250 - WatchdogStartValueCCU not found: check if there is a RefParameter without a condition.
2025-10-14 23:39:12,919 [INFO] NvicIntPanel:101 - NVIC parent = com.st.microxplorer.plugins.ip.nvic.MultiNvicIntPanel[,0,0,0x0,invalid,layout=javax.swing.BoxLayout,alignmentX=0.0,alignmentY=0.0,border=,flags=9,maximumSize=,minimumSize=,preferredSize=]
2025-10-14 23:39:12,975 [WARN] IP:2250 - ClockDivider not found: check if there is a RefParameter without a condition.
2025-10-14 23:39:12,975 [WARN] IP:2250 - ClockDividerCCU not found: check if there is a RefParameter without a condition.
2025-10-14 23:39:12,975 [WARN] IP:2250 - MinOscClkPeriodsCCU not found: check if there is a RefParameter without a condition.
2025-10-14 23:39:12,975 [WARN] IP:2250 - TimeQuantaPerBitTimeCCU not found: check if there is a RefParameter without a condition.
2025-10-14 23:39:12,975 [WARN] IP:2250 - WatchdogStartValueCCU not found: check if there is a RefParameter without a condition.
2025-10-14 23:39:12,993 [INFO] NvicIntPanel:101 - NVIC parent = com.st.microxplorer.plugins.ip.nvic.MultiNvicIntPanel[,0,0,0x0,invalid,layout=javax.swing.BoxLayout,alignmentX=0.0,alignmentY=0.0,border=,flags=9,maximumSize=,minimumSize=,preferredSize=]
2025-10-14 23:39:15,292 [INFO] UtilMem:75 - End SaveConfig() Used Memory: 803297776 Bytes (1073741824)
2025-10-14 23:39:15,376 [INFO] UtilMem:75 - End SaveConfig() Used Memory: 822172144 Bytes (1073741824)
2025-10-14 23:39:15,898 [INFO] UtilMem:75 - End SaveConfig() Used Memory: 862018032 Bytes (1073741824)
2025-10-14 23:39:16,047 [INFO] BlockDiagram:2775 - set Specific Code input for plugin: RCC
2025-10-14 23:39:16,047 [INFO] BlockDiagram:2775 - set Specific Code input for plugin: FDCAN
2025-10-14 23:39:16,047 [INFO] BlockDiagram:2775 - set Specific Code input for plugin: MEMORYMAP
2025-10-14 23:39:16,047 [INFO] BlockDiagram:2775 - set Specific Code input for plugin: SYS
2025-10-14 23:39:16,047 [INFO] BlockDiagram:2775 - set Specific Code input for plugin: NVIC2
2025-10-14 23:39:16,048 [INFO] BlockDiagram:2775 - set Specific Code input for plugin: GPIO
2025-10-14 23:39:16,048 [INFO] BlockDiagram:2775 - set Specific Code input for plugin: SYS_M4
2025-10-14 23:39:16,048 [INFO] BlockDiagram:2775 - set Specific Code input for plugin: NVIC1
2025-10-14 23:39:16,049 [INFO] CodeGenerator:892 - code generatio: config db path: C:\ST\STM32CubeIDE_1.16.1\STM32CubeIDE\plugins\com.st.stm32cube.common.mx_6.15.0.202507011659\\db\
2025-10-14 23:39:16,052 [WARN] IP:2250 - ClockDivider not found: check if there is a RefParameter without a condition.
2025-10-14 23:39:16,052 [WARN] IP:2250 - ClockDividerCCU not found: check if there is a RefParameter without a condition.
2025-10-14 23:39:16,052 [WARN] IP:2250 - MinOscClkPeriodsCCU not found: check if there is a RefParameter without a condition.
2025-10-14 23:39:16,052 [WARN] IP:2250 - TimeQuantaPerBitTimeCCU not found: check if there is a RefParameter without a condition.
2025-10-14 23:39:16,052 [WARN] IP:2250 - WatchdogStartValueCCU not found: check if there is a RefParameter without a condition.
2025-10-14 23:39:16,117 [INFO] CodeGenerator:1619 - *******************Project context M7 selected
2025-10-14 23:39:16,178 [INFO] CodeEngine:265 - oldGeneratedFile, E:\AGH\AiR\Praca_inzynierska\bldc_foc\Projects\H7_CAN\MXTmpFiles\license.tmp_save
2025-10-14 23:39:16,334 [INFO] CodeEngine:289 - Generated code: E:\AGH\AiR\Praca_inzynierska\bldc_foc\Projects\H7_CAN\MXTmpFiles\license.tmp
2025-10-14 23:39:16,419 [INFO] CodeEngine:265 - oldGeneratedFile, E:\AGH\AiR\Praca_inzynierska\bldc_foc\Projects\H7_CAN\CM7\MXTmpFiles\gpio.tmp_save
2025-10-14 23:39:16,491 [INFO] CodeEngine:289 - Generated code: E:\AGH\AiR\Praca_inzynierska\bldc_foc\Projects\H7_CAN\CM7\MXTmpFiles\gpio.tmp
2025-10-14 23:39:16,599 [WARN] IPConfigManager:103 - WARNING: Missing Config File for MEMORYMAP ip!!
2025-10-14 23:39:16,644 [WARN] IPConfigManager:103 - WARNING: Missing Config File for NVIC1 ip!!
2025-10-14 23:39:16,696 [INFO] CodeEngine:265 - oldGeneratedFile, E:\AGH\AiR\Praca_inzynierska\bldc_foc\Projects\H7_CAN\CM7\MXTmpFiles\cortex.tmp_save
2025-10-14 23:39:16,745 [INFO] CodeEngine:289 - Generated code: E:\AGH\AiR\Praca_inzynierska\bldc_foc\Projects\H7_CAN\CM7\MXTmpFiles\cortex.tmp
2025-10-14 23:39:16,760 [INFO] CodeEngine:265 - oldGeneratedFile, E:\AGH\AiR\Praca_inzynierska\bldc_foc\Projects\H7_CAN\CM7\Core\Src\stm32h7xx_it.c_save
2025-10-14 23:39:16,834 [INFO] CodeEngine:289 - Generated code: E:\AGH\AiR\Praca_inzynierska\bldc_foc\Projects\H7_CAN\CM7\Core\Src\stm32h7xx_it.c
2025-10-14 23:39:16,838 [INFO] CodeEngine:265 - oldGeneratedFile, E:\AGH\AiR\Praca_inzynierska\bldc_foc\Projects\H7_CAN\CM7\Core\Inc\stm32h7xx_it.h_save
2025-10-14 23:39:16,888 [INFO] CodeEngine:289 - Generated code: E:\AGH\AiR\Praca_inzynierska\bldc_foc\Projects\H7_CAN\CM7\Core\Inc\stm32h7xx_it.h
2025-10-14 23:39:16,962 [INFO] CodeEngine:265 - oldGeneratedFile, E:\AGH\AiR\Praca_inzynierska\bldc_foc\Projects\H7_CAN\CM7\Core\Src\stm32h7xx_hal_msp.c_save
2025-10-14 23:39:17,039 [INFO] CodeEngine:289 - Generated code: E:\AGH\AiR\Praca_inzynierska\bldc_foc\Projects\H7_CAN\CM7\Core\Src\stm32h7xx_hal_msp.c
2025-10-14 23:39:17,042 [INFO] CodeEngine:265 - oldGeneratedFile, E:\AGH\AiR\Praca_inzynierska\bldc_foc\Projects\H7_CAN\CM7\MXTmpFiles\system.tmp_save
2025-10-14 23:39:17,087 [INFO] CodeEngine:289 - Generated code: E:\AGH\AiR\Praca_inzynierska\bldc_foc\Projects\H7_CAN\CM7\MXTmpFiles\system.tmp
2025-10-14 23:39:17,095 [INFO] CodeEngine:321 - oldGeneratedFile, E:\AGH\AiR\Praca_inzynierska\bldc_foc\Projects\H7_CAN\CM7\Core\Inc\stm32h7xx_hal_conf.h_save
2025-10-14 23:39:17,144 [INFO] CodeEngine:345 - Generated code: E:\AGH\AiR\Praca_inzynierska\bldc_foc\Projects\H7_CAN\CM7\Core\Inc\stm32h7xx_hal_conf.h
2025-10-14 23:39:17,172 [INFO] ApiDbMcu:532 - Load IP Config File for FDCAN1
2025-10-14 23:39:17,176 [INFO] ApiDbMcu:532 - Load IP Config File for RCC
2025-10-14 23:39:17,178 [WARN] IPConfigManager:3811 - IP not found : NVIC
2025-10-14 23:39:17,178 [WARN] CodeGenerator:4259 - IP not found : null
2025-10-14 23:39:17,183 [INFO] CodeEngine:265 - oldGeneratedFile, E:\AGH\AiR\Praca_inzynierska\bldc_foc\Projects\H7_CAN\CM7\Core\Inc\main.h_save
2025-10-14 23:39:17,233 [INFO] CodeEngine:289 - Generated code: E:\AGH\AiR\Praca_inzynierska\bldc_foc\Projects\H7_CAN\CM7\Core\Inc\main.h
2025-10-14 23:39:17,236 [INFO] CodeEngine:265 - oldGeneratedFile, E:\AGH\AiR\Praca_inzynierska\bldc_foc\Projects\H7_CAN\CM7\Core\Src\main.c_save
2025-10-14 23:39:17,311 [INFO] CodeEngine:289 - Generated code: E:\AGH\AiR\Praca_inzynierska\bldc_foc\Projects\H7_CAN\CM7\Core\Src\main.c
2025-10-14 23:39:17,350 [INFO] CodeGenerator:1619 - *******************Project context M4 selected
2025-10-14 23:39:17,401 [INFO] CodeEngine:265 - oldGeneratedFile, E:\AGH\AiR\Praca_inzynierska\bldc_foc\Projects\H7_CAN\MXTmpFiles\license.tmp_save
2025-10-14 23:39:17,443 [INFO] CodeEngine:289 - Generated code: E:\AGH\AiR\Praca_inzynierska\bldc_foc\Projects\H7_CAN\MXTmpFiles\license.tmp
2025-10-14 23:39:17,449 [WARN] IPConfigManager:103 - WARNING: Missing Config File for NVIC2 ip!!
2025-10-14 23:39:17,458 [INFO] CodeEngine:265 - oldGeneratedFile, E:\AGH\AiR\Praca_inzynierska\bldc_foc\Projects\H7_CAN\CM4\MXTmpFiles\cortex.tmp_save
2025-10-14 23:39:17,497 [INFO] CodeEngine:289 - Generated code: E:\AGH\AiR\Praca_inzynierska\bldc_foc\Projects\H7_CAN\CM4\MXTmpFiles\cortex.tmp
2025-10-14 23:39:17,508 [INFO] CodeEngine:265 - oldGeneratedFile, E:\AGH\AiR\Praca_inzynierska\bldc_foc\Projects\H7_CAN\CM4\Core\Src\stm32h7xx_it.c_save
2025-10-14 23:39:17,556 [INFO] CodeEngine:289 - Generated code: E:\AGH\AiR\Praca_inzynierska\bldc_foc\Projects\H7_CAN\CM4\Core\Src\stm32h7xx_it.c
2025-10-14 23:39:17,559 [INFO] CodeEngine:265 - oldGeneratedFile, E:\AGH\AiR\Praca_inzynierska\bldc_foc\Projects\H7_CAN\CM4\Core\Inc\stm32h7xx_it.h_save
2025-10-14 23:39:17,601 [INFO] CodeEngine:289 - Generated code: E:\AGH\AiR\Praca_inzynierska\bldc_foc\Projects\H7_CAN\CM4\Core\Inc\stm32h7xx_it.h
2025-10-14 23:39:17,619 [INFO] CodeEngine:265 - oldGeneratedFile, E:\AGH\AiR\Praca_inzynierska\bldc_foc\Projects\H7_CAN\CM4\Core\Src\stm32h7xx_hal_msp.c_save
2025-10-14 23:39:17,675 [INFO] CodeEngine:289 - Generated code: E:\AGH\AiR\Praca_inzynierska\bldc_foc\Projects\H7_CAN\CM4\Core\Src\stm32h7xx_hal_msp.c
2025-10-14 23:39:17,678 [INFO] CodeEngine:265 - oldGeneratedFile, E:\AGH\AiR\Praca_inzynierska\bldc_foc\Projects\H7_CAN\CM4\MXTmpFiles\system.tmp_save
2025-10-14 23:39:17,716 [INFO] CodeEngine:289 - Generated code: E:\AGH\AiR\Praca_inzynierska\bldc_foc\Projects\H7_CAN\CM4\MXTmpFiles\system.tmp
2025-10-14 23:39:17,723 [INFO] CodeEngine:321 - oldGeneratedFile, E:\AGH\AiR\Praca_inzynierska\bldc_foc\Projects\H7_CAN\CM4\Core\Inc\stm32h7xx_hal_conf.h_save
2025-10-14 23:39:17,766 [INFO] CodeEngine:345 - Generated code: E:\AGH\AiR\Praca_inzynierska\bldc_foc\Projects\H7_CAN\CM4\Core\Inc\stm32h7xx_hal_conf.h
2025-10-14 23:39:17,774 [WARN] IPConfigManager:3811 - IP not found : NVIC
2025-10-14 23:39:17,775 [WARN] CodeGenerator:4259 - IP not found : null
2025-10-14 23:39:17,779 [INFO] CodeEngine:265 - oldGeneratedFile, E:\AGH\AiR\Praca_inzynierska\bldc_foc\Projects\H7_CAN\CM4\Core\Inc\main.h_save
2025-10-14 23:39:17,824 [INFO] CodeEngine:289 - Generated code: E:\AGH\AiR\Praca_inzynierska\bldc_foc\Projects\H7_CAN\CM4\Core\Inc\main.h
2025-10-14 23:39:17,827 [INFO] CodeEngine:265 - oldGeneratedFile, E:\AGH\AiR\Praca_inzynierska\bldc_foc\Projects\H7_CAN\CM4\Core\Src\main.c_save
2025-10-14 23:39:17,885 [INFO] CodeEngine:289 - Generated code: E:\AGH\AiR\Praca_inzynierska\bldc_foc\Projects\H7_CAN\CM4\Core\Src\main.c
2025-10-14 23:39:18,126 [INFO] ProjectBuilder:3606 - Time for Copy HAL[1] : 87mS.
2025-10-14 23:39:18,133 [INFO] ProjectBuilder:5216 - Project Generator version: 4.7.0-B52
2025-10-14 23:39:18,190 [INFO] ConfigFileManager:1595 - The Die is : DIE450
2025-10-14 23:39:21,371 [INFO] ProjectBuilder:5496 - Time for Generating toolchain IDE Files: 3239mS.
2025-10-14 23:39:21,371 [INFO] ProjectBuilder:3463 - Time for Copy CMSIS : 0mS.
2025-10-14 23:39:21,372 [INFO] ProjectBuilder:3463 - Time for Copy CMSIS : 0mS.
2025-10-14 23:42:01,545 [INFO] NvicIntPanel:101 - NVIC parent = com.st.microxplorer.plugins.ip.nvic.MultiNvicIntPanel[,0,0,612x342,layout=javax.swing.BoxLayout,alignmentX=0.0,alignmentY=0.0,border=,flags=9,maximumSize=,minimumSize=,preferredSize=]
2025-10-14 23:42:02,593 [INFO] NvicIntPanel:101 - NVIC parent = com.st.microxplorer.plugins.ip.nvic.MultiNvicIntPanel[,0,0,0x0,invalid,layout=javax.swing.BoxLayout,alignmentX=0.0,alignmentY=0.0,border=,flags=9,maximumSize=,minimumSize=,preferredSize=]
2025-10-14 23:42:03,432 [INFO] UtilMem:75 - End SaveConfig() Used Memory: 795119640 Bytes (1073741824)
2025-10-14 23:42:03,550 [INFO] UtilMem:75 - End SaveConfig() Used Memory: 814520360 Bytes (1073741824)
2025-10-14 23:42:04,054 [INFO] UtilMem:75 - End SaveConfig() Used Memory: 857729296 Bytes (1073741824)
2025-10-14 23:42:04,179 [INFO] BlockDiagram:2775 - set Specific Code input for plugin: RCC
2025-10-14 23:42:04,179 [INFO] BlockDiagram:2775 - set Specific Code input for plugin: USART
2025-10-14 23:42:04,179 [INFO] BlockDiagram:2775 - set Specific Code input for plugin: FDCAN
2025-10-14 23:42:04,179 [INFO] BlockDiagram:2775 - set Specific Code input for plugin: MEMORYMAP
2025-10-14 23:42:04,179 [INFO] BlockDiagram:2775 - set Specific Code input for plugin: SYS
2025-10-14 23:42:04,179 [INFO] BlockDiagram:2775 - set Specific Code input for plugin: NVIC2
2025-10-14 23:42:04,180 [INFO] BlockDiagram:2775 - set Specific Code input for plugin: GPIO
2025-10-14 23:42:04,180 [INFO] BlockDiagram:2775 - set Specific Code input for plugin: SYS_M4
2025-10-14 23:42:04,180 [INFO] BlockDiagram:2775 - set Specific Code input for plugin: NVIC1
2025-10-14 23:42:04,180 [INFO] CodeGenerator:892 - code generatio: config db path: C:\ST\STM32CubeIDE_1.16.1\STM32CubeIDE\plugins\com.st.stm32cube.common.mx_6.15.0.202507011659\\db\
2025-10-14 23:42:04,183 [WARN] IP:2250 - ClockDivider not found: check if there is a RefParameter without a condition.
2025-10-14 23:42:04,183 [WARN] IP:2250 - ClockDividerCCU not found: check if there is a RefParameter without a condition.
2025-10-14 23:42:04,184 [WARN] IP:2250 - MinOscClkPeriodsCCU not found: check if there is a RefParameter without a condition.
2025-10-14 23:42:04,184 [WARN] IP:2250 - TimeQuantaPerBitTimeCCU not found: check if there is a RefParameter without a condition.
2025-10-14 23:42:04,184 [WARN] IP:2250 - WatchdogStartValueCCU not found: check if there is a RefParameter without a condition.
2025-10-14 23:42:04,229 [INFO] CodeGenerator:1619 - *******************Project context M7 selected
2025-10-14 23:42:04,301 [INFO] CodeEngine:265 - oldGeneratedFile, E:\AGH\AiR\Praca_inzynierska\bldc_foc\Projects\H7_CAN\MXTmpFiles\license.tmp_save
2025-10-14 23:42:04,532 [INFO] CodeEngine:289 - Generated code: E:\AGH\AiR\Praca_inzynierska\bldc_foc\Projects\H7_CAN\MXTmpFiles\license.tmp
2025-10-14 23:42:04,564 [INFO] CodeEngine:265 - oldGeneratedFile, E:\AGH\AiR\Praca_inzynierska\bldc_foc\Projects\H7_CAN\CM7\MXTmpFiles\gpio.tmp_save
2025-10-14 23:42:04,680 [INFO] CodeEngine:289 - Generated code: E:\AGH\AiR\Praca_inzynierska\bldc_foc\Projects\H7_CAN\CM7\MXTmpFiles\gpio.tmp
2025-10-14 23:42:04,742 [WARN] IPConfigManager:103 - WARNING: Missing Config File for MEMORYMAP ip!!
2025-10-14 23:42:04,773 [WARN] IPConfigManager:103 - WARNING: Missing Config File for NVIC1 ip!!
2025-10-14 23:42:04,955 [INFO] CodeEngine:265 - oldGeneratedFile, E:\AGH\AiR\Praca_inzynierska\bldc_foc\Projects\H7_CAN\CM7\MXTmpFiles\cortex.tmp_save
2025-10-14 23:42:05,009 [INFO] CodeEngine:289 - Generated code: E:\AGH\AiR\Praca_inzynierska\bldc_foc\Projects\H7_CAN\CM7\MXTmpFiles\cortex.tmp
2025-10-14 23:42:05,026 [INFO] CodeEngine:265 - oldGeneratedFile, E:\AGH\AiR\Praca_inzynierska\bldc_foc\Projects\H7_CAN\CM7\Core\Src\stm32h7xx_it.c_save
2025-10-14 23:42:05,092 [INFO] CodeEngine:289 - Generated code: E:\AGH\AiR\Praca_inzynierska\bldc_foc\Projects\H7_CAN\CM7\Core\Src\stm32h7xx_it.c
2025-10-14 23:42:05,096 [INFO] CodeEngine:265 - oldGeneratedFile, E:\AGH\AiR\Praca_inzynierska\bldc_foc\Projects\H7_CAN\CM7\Core\Inc\stm32h7xx_it.h_save
2025-10-14 23:42:05,147 [INFO] CodeEngine:289 - Generated code: E:\AGH\AiR\Praca_inzynierska\bldc_foc\Projects\H7_CAN\CM7\Core\Inc\stm32h7xx_it.h
2025-10-14 23:42:05,215 [INFO] CodeEngine:265 - oldGeneratedFile, E:\AGH\AiR\Praca_inzynierska\bldc_foc\Projects\H7_CAN\CM7\Core\Src\stm32h7xx_hal_msp.c_save
2025-10-14 23:42:05,301 [INFO] CodeEngine:289 - Generated code: E:\AGH\AiR\Praca_inzynierska\bldc_foc\Projects\H7_CAN\CM7\Core\Src\stm32h7xx_hal_msp.c
2025-10-14 23:42:05,304 [INFO] CodeEngine:265 - oldGeneratedFile, E:\AGH\AiR\Praca_inzynierska\bldc_foc\Projects\H7_CAN\CM7\MXTmpFiles\system.tmp_save
2025-10-14 23:42:05,345 [INFO] CodeEngine:289 - Generated code: E:\AGH\AiR\Praca_inzynierska\bldc_foc\Projects\H7_CAN\CM7\MXTmpFiles\system.tmp
2025-10-14 23:42:05,353 [INFO] CodeEngine:321 - oldGeneratedFile, E:\AGH\AiR\Praca_inzynierska\bldc_foc\Projects\H7_CAN\CM7\Core\Inc\stm32h7xx_hal_conf.h_save
2025-10-14 23:42:05,398 [INFO] CodeEngine:345 - Generated code: E:\AGH\AiR\Praca_inzynierska\bldc_foc\Projects\H7_CAN\CM7\Core\Inc\stm32h7xx_hal_conf.h
2025-10-14 23:42:05,424 [INFO] ApiDbMcu:532 - Load IP Config File for USART3
2025-10-14 23:42:05,425 [WARN] IPConfigManager:3811 - IP not found : NVIC
2025-10-14 23:42:05,426 [WARN] CodeGenerator:4259 - IP not found : null
2025-10-14 23:42:05,431 [INFO] CodeEngine:265 - oldGeneratedFile, E:\AGH\AiR\Praca_inzynierska\bldc_foc\Projects\H7_CAN\CM7\Core\Inc\main.h_save
2025-10-14 23:42:05,478 [INFO] CodeEngine:289 - Generated code: E:\AGH\AiR\Praca_inzynierska\bldc_foc\Projects\H7_CAN\CM7\Core\Inc\main.h
2025-10-14 23:42:05,481 [INFO] CodeEngine:265 - oldGeneratedFile, E:\AGH\AiR\Praca_inzynierska\bldc_foc\Projects\H7_CAN\CM7\Core\Src\main.c_save
2025-10-14 23:42:05,549 [INFO] CodeEngine:289 - Generated code: E:\AGH\AiR\Praca_inzynierska\bldc_foc\Projects\H7_CAN\CM7\Core\Src\main.c
2025-10-14 23:42:05,587 [INFO] CodeGenerator:1619 - *******************Project context M4 selected
2025-10-14 23:42:05,629 [INFO] CodeEngine:265 - oldGeneratedFile, E:\AGH\AiR\Praca_inzynierska\bldc_foc\Projects\H7_CAN\MXTmpFiles\license.tmp_save
2025-10-14 23:42:05,667 [INFO] CodeEngine:289 - Generated code: E:\AGH\AiR\Praca_inzynierska\bldc_foc\Projects\H7_CAN\MXTmpFiles\license.tmp
2025-10-14 23:42:05,671 [WARN] IPConfigManager:103 - WARNING: Missing Config File for NVIC2 ip!!
2025-10-14 23:42:05,684 [INFO] CodeEngine:265 - oldGeneratedFile, E:\AGH\AiR\Praca_inzynierska\bldc_foc\Projects\H7_CAN\CM4\MXTmpFiles\cortex.tmp_save
2025-10-14 23:42:05,722 [INFO] CodeEngine:289 - Generated code: E:\AGH\AiR\Praca_inzynierska\bldc_foc\Projects\H7_CAN\CM4\MXTmpFiles\cortex.tmp
2025-10-14 23:42:05,733 [INFO] CodeEngine:265 - oldGeneratedFile, E:\AGH\AiR\Praca_inzynierska\bldc_foc\Projects\H7_CAN\CM4\Core\Src\stm32h7xx_it.c_save
2025-10-14 23:42:05,778 [INFO] CodeEngine:289 - Generated code: E:\AGH\AiR\Praca_inzynierska\bldc_foc\Projects\H7_CAN\CM4\Core\Src\stm32h7xx_it.c
2025-10-14 23:42:05,782 [INFO] CodeEngine:265 - oldGeneratedFile, E:\AGH\AiR\Praca_inzynierska\bldc_foc\Projects\H7_CAN\CM4\Core\Inc\stm32h7xx_it.h_save
2025-10-14 23:42:05,820 [INFO] CodeEngine:289 - Generated code: E:\AGH\AiR\Praca_inzynierska\bldc_foc\Projects\H7_CAN\CM4\Core\Inc\stm32h7xx_it.h
2025-10-14 23:42:05,837 [INFO] CodeEngine:265 - oldGeneratedFile, E:\AGH\AiR\Praca_inzynierska\bldc_foc\Projects\H7_CAN\CM4\Core\Src\stm32h7xx_hal_msp.c_save
2025-10-14 23:42:05,899 [INFO] CodeEngine:289 - Generated code: E:\AGH\AiR\Praca_inzynierska\bldc_foc\Projects\H7_CAN\CM4\Core\Src\stm32h7xx_hal_msp.c
2025-10-14 23:42:05,902 [INFO] CodeEngine:265 - oldGeneratedFile, E:\AGH\AiR\Praca_inzynierska\bldc_foc\Projects\H7_CAN\CM4\MXTmpFiles\system.tmp_save
2025-10-14 23:42:05,937 [INFO] CodeEngine:289 - Generated code: E:\AGH\AiR\Praca_inzynierska\bldc_foc\Projects\H7_CAN\CM4\MXTmpFiles\system.tmp
2025-10-14 23:42:05,944 [INFO] CodeEngine:321 - oldGeneratedFile, E:\AGH\AiR\Praca_inzynierska\bldc_foc\Projects\H7_CAN\CM4\Core\Inc\stm32h7xx_hal_conf.h_save
2025-10-14 23:42:05,987 [INFO] CodeEngine:345 - Generated code: E:\AGH\AiR\Praca_inzynierska\bldc_foc\Projects\H7_CAN\CM4\Core\Inc\stm32h7xx_hal_conf.h
2025-10-14 23:42:05,996 [WARN] IPConfigManager:3811 - IP not found : NVIC
2025-10-14 23:42:05,996 [WARN] CodeGenerator:4259 - IP not found : null
2025-10-14 23:42:06,000 [INFO] CodeEngine:265 - oldGeneratedFile, E:\AGH\AiR\Praca_inzynierska\bldc_foc\Projects\H7_CAN\CM4\Core\Inc\main.h_save
2025-10-14 23:42:06,041 [INFO] CodeEngine:289 - Generated code: E:\AGH\AiR\Praca_inzynierska\bldc_foc\Projects\H7_CAN\CM4\Core\Inc\main.h
2025-10-14 23:42:06,044 [INFO] CodeEngine:265 - oldGeneratedFile, E:\AGH\AiR\Praca_inzynierska\bldc_foc\Projects\H7_CAN\CM4\Core\Src\main.c_save
2025-10-14 23:42:06,098 [INFO] CodeEngine:289 - Generated code: E:\AGH\AiR\Praca_inzynierska\bldc_foc\Projects\H7_CAN\CM4\Core\Src\main.c
2025-10-14 23:42:06,318 [INFO] ProjectBuilder:3606 - Time for Copy HAL[1] : 82mS.
2025-10-14 23:42:06,324 [INFO] ProjectBuilder:5216 - Project Generator version: 4.7.0-B52
2025-10-14 23:42:06,380 [INFO] ConfigFileManager:1595 - The Die is : DIE450
2025-10-14 23:42:09,115 [INFO] ProjectBuilder:5496 - Time for Generating toolchain IDE Files: 2791mS.
2025-10-14 23:42:09,116 [INFO] ProjectBuilder:3463 - Time for Copy CMSIS : 1mS.
2025-10-14 23:42:09,116 [INFO] ProjectBuilder:3463 - Time for Copy CMSIS : 0mS.
2025-10-14 23:45:42,713 [INFO] NvicIntPanel:101 - NVIC parent = com.st.microxplorer.plugins.ip.nvic.MultiNvicIntPanel[,0,0,0x0,invalid,layout=javax.swing.BoxLayout,alignmentX=0.0,alignmentY=0.0,border=,flags=9,maximumSize=,minimumSize=,preferredSize=]
2025-10-14 23:54:38,593 [ERROR] LogOutputStream:75 - [STDERR_REDIRECT] 
