2025-05-13 10:34:01,561 [INFO] Activator:176 - 


2025-05-13 10:34:01,566 [INFO] Activator:177 - !SESSION log4j initialized
2025-05-13 10:34:06,911 [INFO] LogOutputStream:77 - [STDOUT_REDIRECT] 
2025-05-13 10:34:08,848 [INFO] ApplicationProperties:184 - Using Application install path: C:\ST\STM32CubeIDE_1.16.1\STM32CubeIDE\plugins\com.st.stm32cube.common.mx_6.13.0.202411220809
2025-05-13 10:34:08,863 [INFO] DbMcusXml:78 - Set database path to: C:\ST\STM32CubeIDE_1.16.1\STM32CubeIDE\plugins\com.st.stm32cube.common.mx_6.13.0.202411220809\\db\/mcu/
2025-05-13 10:34:08,863 [INFO] ApiDb:274 - Set plugin database path to: C:\ST\STM32CubeIDE_1.16.1\STM32CubeIDE\plugins\com.st.stm32cube.common.mx_6.13.0.202411220809\\db\/plugins/boardmanager/
2025-05-13 10:34:08,865 [WARN] ApiDb:259 - Overriding images path with different value:  => C:\ST\STM32CubeIDE_1.16.1\STM32CubeIDE\plugins\com.st.stm32cube.common.mx_6.13.0.202411220809\\db\/plugins/mcufinder/images/
2025-05-13 10:34:08,877 [INFO] ApiDb:250 - Set database path to: C:\Users\Miloush\.stmcufinder\plugins\mcufinder//mcu/
2025-05-13 10:34:08,878 [INFO] DbMcusAds:125 - Set database path to: C:\Users\Miloush\.stmcufinder\plugins\mcufinder//mcu/
2025-05-13 10:34:08,880 [INFO] CrossReferenceDbSqlite:203 - Set database path to: C:\Users\Miloush\.stmcufinder\plugins\mcufinder//mcu/cs/
2025-05-13 10:34:08,970 [INFO] RulesReader:64 - Compatibility file has been processed (297 Rules)
2025-05-13 10:34:09,044 [INFO] DbMcusXml:78 - Set database path to: C:\ST\STM32CubeIDE_1.16.1\STM32CubeIDE\plugins\com.st.stm32cube.common.mx_6.13.0.202411220809\\db\/mcu/
2025-05-13 10:34:09,044 [INFO] ApiDb:274 - Set plugin database path to: C:\ST\STM32CubeIDE_1.16.1\STM32CubeIDE\plugins\com.st.stm32cube.common.mx_6.13.0.202411220809\\db\/plugins/boardmanager/
2025-05-13 10:34:09,044 [INFO] ApiDb:261 - Set plugin images path to: C:\ST\STM32CubeIDE_1.16.1\STM32CubeIDE\plugins\com.st.stm32cube.common.mx_6.13.0.202411220809\\db\/plugins/mcufinder/images/
2025-05-13 10:34:09,044 [WARN] DbFile:41 - Overriding database path with different value: C:\Users\Miloush\.stmcufinder\plugins\mcufinder/ => C:\Users\Miloush\.stmcufinder\plugins\mcufinder
2025-05-13 10:34:09,044 [INFO] ApiDb:250 - Set database path to: C:\Users\Miloush\.stmcufinder\plugins\mcufinder//mcu/
2025-05-13 10:34:09,045 [WARN] DbFile:41 - Overriding database path with different value: C:\Users\Miloush\.stmcufinder\plugins\mcufinder/ => C:\Users\Miloush\.stmcufinder\plugins\mcufinder
2025-05-13 10:34:09,045 [INFO] DbMcusAds:125 - Set database path to: C:\Users\Miloush\.stmcufinder\plugins\mcufinder//mcu/
2025-05-13 10:34:09,045 [WARN] DbFile:41 - Overriding database path with different value: C:\Users\Miloush\.stmcufinder\plugins\mcufinder/ => C:\Users\Miloush\.stmcufinder\plugins\mcufinder
2025-05-13 10:34:09,045 [WARN] DbFile:41 - Overriding database path with different value: C:\Users\Miloush\.stmcufinder\plugins\mcufinder/ => C:\Users\Miloush\.stmcufinder\plugins\mcufinder
2025-05-13 10:34:09,045 [INFO] CrossReferenceDbSqlite:203 - Set database path to: C:\Users\Miloush\.stmcufinder\plugins\mcufinder//mcu/cs/
2025-05-13 10:34:09,101 [INFO] MainPanel:272 - HeapMemory: 268435456
2025-05-13 10:34:09,179 [INFO] DbMcusXml:78 - Set database path to: C:\ST\STM32CubeIDE_1.16.1\STM32CubeIDE\plugins\com.st.stm32cube.common.mx_6.13.0.202411220809\\db\/mcu/
2025-05-13 10:34:09,179 [INFO] ApiDb:274 - Set plugin database path to: C:\ST\STM32CubeIDE_1.16.1\STM32CubeIDE\plugins\com.st.stm32cube.common.mx_6.13.0.202411220809\\db\/plugins/boardmanager/
2025-05-13 10:34:09,179 [INFO] ApiDb:261 - Set plugin images path to: C:\ST\STM32CubeIDE_1.16.1\STM32CubeIDE\plugins\com.st.stm32cube.common.mx_6.13.0.202411220809\\db\/plugins/mcufinder/images/
2025-05-13 10:34:09,179 [WARN] DbFile:41 - Overriding database path with different value: C:\Users\Miloush\.stmcufinder\plugins\mcufinder/ => C:\Users\Miloush\.stmcufinder\plugins\mcufinder
2025-05-13 10:34:09,179 [INFO] ApiDb:250 - Set database path to: C:\Users\Miloush\.stmcufinder\plugins\mcufinder//mcu/
2025-05-13 10:34:09,179 [WARN] DbFile:41 - Overriding database path with different value: C:\Users\Miloush\.stmcufinder\plugins\mcufinder/ => C:\Users\Miloush\.stmcufinder\plugins\mcufinder
2025-05-13 10:34:09,179 [INFO] DbMcusAds:125 - Set database path to: C:\Users\Miloush\.stmcufinder\plugins\mcufinder//mcu/
2025-05-13 10:34:09,180 [WARN] DbFile:41 - Overriding database path with different value: C:\Users\Miloush\.stmcufinder\plugins\mcufinder/ => C:\Users\Miloush\.stmcufinder\plugins\mcufinder
2025-05-13 10:34:09,180 [WARN] DbFile:41 - Overriding database path with different value: C:\Users\Miloush\.stmcufinder\plugins\mcufinder/ => C:\Users\Miloush\.stmcufinder\plugins\mcufinder
2025-05-13 10:34:09,180 [INFO] CrossReferenceDbSqlite:203 - Set database path to: C:\Users\Miloush\.stmcufinder\plugins\mcufinder//mcu/cs/
2025-05-13 10:34:09,194 [INFO] ApplicationProperties:184 - Using Application install path: C:\ST\STM32CubeIDE_1.16.1\STM32CubeIDE\plugins\com.st.stm32cube.common.mx_6.13.0.202411220809
2025-05-13 10:34:09,195 [INFO] PluginManage:196 - Search for loadable plugins [exclusion list=, ]
2025-05-13 10:34:09,196 [INFO] PluginManage:310 - Check plugin analytics
2025-05-13 10:34:09,342 [INFO] AnalyticsPlugin:253 - Accepted Software Licenses: 
2025-05-13 10:34:09,342 [INFO] AnalyticsPlugin:255 - Accepted CMSIS Pack Licenses: 
2025-05-13 10:34:09,343 [INFO] AnalyticsPlugin:257 - Accepted Firmware Licenses: FW.G4.1.6.0
2025-05-13 10:34:09,345 [INFO] PluginManage:359 - Loaded plugin analytics (category:tool,tabindex:-1)
2025-05-13 10:34:09,345 [INFO] PluginManage:310 - Check plugin cadmodel
2025-05-13 10:34:09,362 [INFO] CADModel:105 - Init CAD model plugin
2025-05-13 10:34:09,362 [INFO] PluginManage:359 - Loaded plugin cadmodel (category:power,tabindex:5)
2025-05-13 10:34:09,363 [INFO] PluginManage:310 - Check plugin clock
2025-05-13 10:34:09,382 [INFO] PluginManage:359 - Loaded plugin clock (category:base,tabindex:2)
2025-05-13 10:34:09,382 [INFO] PluginManage:310 - Check plugin ddr
2025-05-13 10:34:09,384 [INFO] PluginManage:359 - Loaded plugin ddr (category:tool,tabindex:6)
2025-05-13 10:34:09,384 [INFO] PluginManage:310 - Check plugin filemanager
2025-05-13 10:34:09,500 [INFO] PluginManage:359 - Loaded plugin filemanager (category:base,tabindex:10)
2025-05-13 10:34:09,500 [INFO] PluginManage:310 - Check plugin ipmanager
2025-05-13 10:34:09,505 [INFO] PluginManage:359 - Loaded plugin ipmanager (category:base,tabindex:5)
2025-05-13 10:34:09,505 [INFO] PluginManage:310 - Check plugin lpbam
2025-05-13 10:34:09,522 [INFO] PluginManage:359 - Loaded plugin lpbam (category:base,tabindex:0)
2025-05-13 10:34:09,522 [INFO] PluginManage:310 - Check plugin memorymap
2025-05-13 10:34:09,543 [INFO] PluginManage:359 - Loaded plugin memorymap (category:base,tabindex:4)
2025-05-13 10:34:09,543 [INFO] PluginManage:310 - Check plugin pinoutandconfiguration
2025-05-13 10:34:09,560 [INFO] PluginManage:359 - Loaded plugin pinoutandconfiguration (category:base,tabindex:1)
2025-05-13 10:34:09,561 [INFO] PluginManage:310 - Check plugin pinoutconfig
2025-05-13 10:34:09,636 [WARN] SupportedApi:132 - Cannot load RTOS API schema: s4s-elt-must-match.1: The content of 'definitions' must match (annotation?, (simpleType | complexType)?, (unique | key | keyref)*)). A problem was found starting at: attribute.
2025-05-13 10:34:09,742 [INFO] PluginManage:359 - Loaded plugin pinoutconfig (category:base,tabindex:0)
2025-05-13 10:34:09,742 [INFO] PluginManage:310 - Check plugin power
2025-05-13 10:34:09,761 [INFO] PluginManage:359 - Loaded plugin power (category:power,tabindex:4)
2025-05-13 10:34:09,761 [INFO] PluginManage:310 - Check plugin projectmanager
2025-05-13 10:34:09,774 [INFO] PluginManage:359 - Loaded plugin projectmanager (category:projectmanager,tabindex:4)
2025-05-13 10:34:09,774 [INFO] PluginManage:310 - Check plugin rif
2025-05-13 10:34:09,790 [INFO] PluginManage:359 - Loaded plugin rif (category:base,tabindex:3)
2025-05-13 10:34:09,791 [INFO] PluginManage:310 - Check plugin thirdparty
2025-05-13 10:34:10,039 [INFO] PluginManage:359 - Loaded plugin thirdparty (category:base,tabindex:-1)
2025-05-13 10:34:10,039 [WARN] IntegrityCheckThread:84 - waiting for thirdparty lock release [integrity check]
2025-05-13 10:34:10,039 [INFO] PluginManage:310 - Check plugin tools
2025-05-13 10:34:10,039 [INFO] IntegrityCheckThread:86 - entering critical section [integrity check]
2025-05-13 10:34:10,040 [INFO] ThirdPartyUpdaterWithRetryManager:70 - Updater plugin not ready yet. [1/15]
2025-05-13 10:34:10,072 [INFO] PluginManage:359 - Loaded plugin tools (category:base,tabindex:7)
2025-05-13 10:34:10,073 [INFO] PluginManage:310 - Check plugin tutovideos
2025-05-13 10:34:10,231 [INFO] PluginManage:359 - Loaded plugin tutovideos (category:base,tabindex:-1)
2025-05-13 10:34:10,231 [INFO] PluginManage:310 - Check plugin updater
2025-05-13 10:34:10,252 [INFO] PluginManage:359 - Loaded plugin updater (category:base,tabindex:12)
2025-05-13 10:34:10,252 [INFO] PluginManage:310 - Check plugin userauth
2025-05-13 10:34:10,255 [INFO] UserAuth:118 - Init User Auth plugin
2025-05-13 10:34:10,255 [INFO] PluginManage:359 - Loaded plugin userauth (category:base,tabindex:14)
2025-05-13 10:34:10,256 [INFO] PluginManage:283 - PluginManage : Loaded plugins [18]
2025-05-13 10:34:10,422 [INFO] PinOutPanel:1589 - setPackage(No Configuration,No Configuration)
2025-05-13 10:34:10,494 [INFO] CADModel:165 - CPN selected for project level
2025-05-13 10:34:10,495 [INFO] CADModel:114 - Register for checkConnection events
2025-05-13 10:34:10,520 [INFO] IPUIPlugin:80 - create IPUIPlugin
2025-05-13 10:34:10,521 [INFO] PluginManager:220 - loadIPPluginJar : add adc
2025-05-13 10:34:10,556 [INFO] IPUIPlugin:80 - create IPUIPlugin
2025-05-13 10:34:10,556 [INFO] PluginManager:220 - loadIPPluginJar : add aes
2025-05-13 10:34:10,594 [INFO] IPUIPlugin:80 - create IPUIPlugin
2025-05-13 10:34:10,594 [INFO] PluginManager:220 - loadIPPluginJar : add can
2025-05-13 10:34:10,616 [INFO] IPUIPlugin:80 - create IPUIPlugin
2025-05-13 10:34:10,616 [INFO] PluginManager:220 - loadIPPluginJar : add comp
2025-05-13 10:34:10,645 [INFO] IPUIPlugin:80 - create IPUIPlugin
2025-05-13 10:34:10,645 [INFO] PluginManager:220 - loadIPPluginJar : add cryp
2025-05-13 10:34:10,655 [INFO] IPUIPlugin:80 - create IPUIPlugin
2025-05-13 10:34:10,655 [INFO] PluginManager:220 - loadIPPluginJar : add ddr_ctrl_phy
2025-05-13 10:34:10,682 [INFO] IPUIPlugin:80 - create IPUIPlugin
2025-05-13 10:34:10,682 [INFO] PluginManager:220 - loadIPPluginJar : add dfsdm
2025-05-13 10:34:10,694 [INFO] IPUIPlugin:80 - create IPUIPlugin
2025-05-13 10:34:10,694 [INFO] PluginManager:220 - loadIPPluginJar : add dma
2025-05-13 10:34:10,722 [INFO] IPUIPlugin:80 - create IPUIPlugin
2025-05-13 10:34:10,723 [INFO] PluginManager:220 - loadIPPluginJar : add dma3
2025-05-13 10:34:10,758 [INFO] IPUIPlugin:80 - create IPUIPlugin
2025-05-13 10:34:10,758 [INFO] PluginManager:220 - loadIPPluginJar : add extmemmanager
2025-05-13 10:34:10,774 [INFO] IPUIPlugin:80 - create IPUIPlugin
2025-05-13 10:34:10,774 [INFO] PluginManager:220 - loadIPPluginJar : add fatfs
2025-05-13 10:34:10,811 [INFO] IPUIPlugin:80 - create IPUIPlugin
2025-05-13 10:34:10,811 [INFO] PluginManager:220 - loadIPPluginJar : add fmc
2025-05-13 10:34:10,823 [INFO] IPUIPlugin:80 - create IPUIPlugin
2025-05-13 10:34:10,823 [INFO] PluginManager:220 - loadIPPluginJar : add freertos
2025-05-13 10:34:10,838 [INFO] IPUIPlugin:80 - create IPUIPlugin
2025-05-13 10:34:10,838 [INFO] PluginManager:220 - loadIPPluginJar : add genericplugin
2025-05-13 10:34:10,903 [INFO] IPUIPlugin:80 - create IPUIPlugin
2025-05-13 10:34:10,903 [INFO] PluginManager:220 - loadIPPluginJar : add gfxmmu
2025-05-13 10:34:11,000 [INFO] IPUIPlugin:80 - create IPUIPlugin
2025-05-13 10:34:11,001 [INFO] PluginManager:220 - loadIPPluginJar : add gic
2025-05-13 10:34:11,011 [INFO] IPUIPlugin:80 - create IPUIPlugin
2025-05-13 10:34:11,011 [INFO] PluginManager:220 - loadIPPluginJar : add gpio
2025-05-13 10:34:11,087 [INFO] IPUIPlugin:80 - create IPUIPlugin
2025-05-13 10:34:11,087 [INFO] PluginManager:220 - loadIPPluginJar : add gtzc
2025-05-13 10:34:11,115 [INFO] IPUIPlugin:80 - create IPUIPlugin
2025-05-13 10:34:11,115 [INFO] PluginManager:220 - loadIPPluginJar : add hash
2025-05-13 10:34:11,155 [INFO] IPUIPlugin:80 - create IPUIPlugin
2025-05-13 10:34:11,155 [INFO] PluginManager:220 - loadIPPluginJar : add i2c
2025-05-13 10:34:11,188 [INFO] IPUIPlugin:80 - create IPUIPlugin
2025-05-13 10:34:11,188 [INFO] PluginManager:220 - loadIPPluginJar : add i2s
2025-05-13 10:34:11,221 [INFO] IPUIPlugin:80 - create IPUIPlugin
2025-05-13 10:34:11,221 [INFO] PluginManager:220 - loadIPPluginJar : add i3c
2025-05-13 10:34:11,301 [INFO] IPUIPlugin:80 - create IPUIPlugin
2025-05-13 10:34:11,301 [INFO] PluginManager:220 - loadIPPluginJar : add ipddr
2025-05-13 10:34:11,367 [INFO] IPUIPlugin:80 - create IPUIPlugin
2025-05-13 10:34:11,367 [INFO] PluginManager:220 - loadIPPluginJar : add linkedlist
2025-05-13 10:34:11,393 [INFO] IPUIPlugin:80 - create IPUIPlugin
2025-05-13 10:34:11,394 [INFO] PluginManager:220 - loadIPPluginJar : add lorawan
2025-05-13 10:34:11,420 [INFO] IPUIPlugin:80 - create IPUIPlugin
2025-05-13 10:34:11,420 [INFO] PluginManager:220 - loadIPPluginJar : add ltdc
2025-05-13 10:34:11,430 [INFO] IPUIPlugin:80 - create IPUIPlugin
2025-05-13 10:34:11,430 [INFO] PluginManager:220 - loadIPPluginJar : add mdma
2025-05-13 10:34:11,439 [INFO] IPUIPlugin:80 - create IPUIPlugin
2025-05-13 10:34:11,439 [INFO] PluginManager:220 - loadIPPluginJar : add nvic
2025-05-13 10:34:11,470 [INFO] IPUIPlugin:80 - create IPUIPlugin
2025-05-13 10:34:11,470 [INFO] PluginManager:220 - loadIPPluginJar : add opamp
2025-05-13 10:34:11,523 [INFO] IPUIPlugin:80 - create IPUIPlugin
2025-05-13 10:34:11,523 [INFO] PluginManager:220 - loadIPPluginJar : add openamp
2025-05-13 10:34:11,557 [INFO] IPUIPlugin:80 - create IPUIPlugin
2025-05-13 10:34:11,557 [INFO] PluginManager:220 - loadIPPluginJar : add pdm2pcm
2025-05-13 10:34:11,568 [INFO] IPUIPlugin:80 - create IPUIPlugin
2025-05-13 10:34:11,570 [INFO] PluginManager:220 - loadIPPluginJar : add plateformsettings
2025-05-13 10:34:11,588 [INFO] IPUIPlugin:80 - create IPUIPlugin
2025-05-13 10:34:11,588 [INFO] PluginManager:220 - loadIPPluginJar : add quadspi
2025-05-13 10:34:11,611 [INFO] IPUIPlugin:80 - create IPUIPlugin
2025-05-13 10:34:11,612 [INFO] PluginManager:220 - loadIPPluginJar : add radio
2025-05-13 10:34:11,622 [INFO] IPUIPlugin:80 - create IPUIPlugin
2025-05-13 10:34:11,622 [INFO] PluginManager:220 - loadIPPluginJar : add resmgrutility
2025-05-13 10:34:11,662 [INFO] IPUIPlugin:80 - create IPUIPlugin
2025-05-13 10:34:11,662 [INFO] PluginManager:220 - loadIPPluginJar : add sai
2025-05-13 10:34:11,692 [INFO] IPUIPlugin:80 - create IPUIPlugin
2025-05-13 10:34:11,692 [INFO] PluginManager:220 - loadIPPluginJar : add spi
2025-05-13 10:34:11,745 [INFO] IPUIPlugin:80 - create IPUIPlugin
2025-05-13 10:34:11,745 [INFO] PluginManager:220 - loadIPPluginJar : add stm32_wpan
2025-05-13 10:34:11,769 [INFO] IPUIPlugin:80 - create IPUIPlugin
2025-05-13 10:34:11,769 [INFO] PluginManager:220 - loadIPPluginJar : add tim
2025-05-13 10:34:11,817 [INFO] IPUIPlugin:80 - create IPUIPlugin
2025-05-13 10:34:11,817 [INFO] PluginManager:220 - loadIPPluginJar : add touchsensing
2025-05-13 10:34:11,836 [INFO] IPUIPlugin:80 - create IPUIPlugin
2025-05-13 10:34:11,836 [INFO] PluginManager:220 - loadIPPluginJar : add tracer_emb
2025-05-13 10:34:11,854 [INFO] IPUIPlugin:80 - create IPUIPlugin
2025-05-13 10:34:11,855 [INFO] PluginManager:220 - loadIPPluginJar : add ts
2025-05-13 10:34:11,873 [INFO] IPUIPlugin:80 - create IPUIPlugin
2025-05-13 10:34:11,873 [INFO] PluginManager:220 - loadIPPluginJar : add tsc
2025-05-13 10:34:11,890 [INFO] IPUIPlugin:80 - create IPUIPlugin
2025-05-13 10:34:11,890 [INFO] PluginManager:220 - loadIPPluginJar : add ucpd
2025-05-13 10:34:11,922 [INFO] IPUIPlugin:80 - create IPUIPlugin
2025-05-13 10:34:11,922 [INFO] PluginManager:220 - loadIPPluginJar : add usart
2025-05-13 10:34:11,956 [INFO] IPUIPlugin:80 - create IPUIPlugin
2025-05-13 10:34:11,956 [INFO] PluginManager:220 - loadIPPluginJar : add usbx
2025-05-13 10:34:12,076 [FATAL] Updater:351 - Updater called before beeing initialized
2025-05-13 10:34:12,096 [INFO] RulesReader:64 - Compatibility file has been processed (297 Rules)
2025-05-13 10:34:12,106 [INFO] RulesReader:64 - Compatibility file has been processed (297 Rules)
2025-05-13 10:34:12,113 [INFO] CADModel:165 - CPN selected for project level
2025-05-13 10:34:12,113 [INFO] CADModel:114 - Register for checkConnection events
2025-05-13 10:34:12,113 [FATAL] Updater:351 - Updater called before beeing initialized
2025-05-13 10:34:12,113 [ERROR] CADModel:125 - Updater not yet initialized, retry later 
2025-05-13 10:34:12,260 [FATAL] Updater:351 - Updater called before beeing initialized
2025-05-13 10:34:12,262 [INFO] CADModel:165 - CPN selected for project level
2025-05-13 10:34:12,262 [INFO] CADModel:114 - Register for checkConnection events
2025-05-13 10:34:12,262 [FATAL] Updater:351 - Updater called before beeing initialized
2025-05-13 10:34:12,262 [ERROR] CADModel:125 - Updater not yet initialized, retry later 
2025-05-13 10:34:12,264 [FATAL] Updater:351 - Updater called before beeing initialized
2025-05-13 10:34:12,361 [FATAL] Updater:351 - Updater called before beeing initialized
2025-05-13 10:34:12,372 [INFO] DbMcusAds:53 - JSON generation date=Thu Mar 06 15:54:22 CET 2025 (1741272862078)
2025-05-13 10:34:12,372 [FATAL] Updater:351 - Updater called before beeing initialized
2025-05-13 10:34:12,403 [WARN] DetailPanel:346 - Failed to get advertising image, set to default
2025-05-13 10:34:12,595 [FATAL] Updater:351 - Updater called before beeing initialized
2025-05-13 10:34:12,597 [FATAL] Updater:351 - Updater called before beeing initialized
2025-05-13 10:34:12,597 [FATAL] Updater:351 - Updater called before beeing initialized
2025-05-13 10:34:12,598 [WARN] DetailPanel:346 - Failed to get advertising image, set to default
2025-05-13 10:34:12,598 [FATAL] Updater:351 - Updater called before beeing initialized
2025-05-13 10:34:12,658 [ERROR] Updater:1198 - MainUpdater not yet initialized. External WinMGr cannot be set.
2025-05-13 10:34:12,668 [INFO] Updater:1134 - Updater Version found : 6.13.0
2025-05-13 10:34:12,684 [INFO] ApplicationProperties:184 - Using Application install path: C:\ST\STM32CubeIDE_1.16.1\STM32CubeIDE\plugins\com.st.stm32cube.common.mx_6.13.0.202411220809
2025-05-13 10:34:13,051 [INFO] ThirdPartyUpdaterWithRetryManager:70 - Updater plugin not ready yet. [2/15]
2025-05-13 10:34:13,079 [INFO] MainUpdater:2872 - connection check result : 10
2025-05-13 10:34:13,079 [INFO] MainUpdater:289 - Updater Check For Update Now.
2025-05-13 10:34:13,079 [INFO] MicroXplorer:498 - Change Database Version : DB.6.0.130
2025-05-13 10:34:13,092 [INFO] McuFinderGlobals:63 - Set McuFinder mode to 2 (CubeIDE integrated)
2025-05-13 10:34:13,099 [INFO] UserAuth:486 - Internet connection configuration mode: 1
2025-05-13 10:34:13,132 [INFO] JxBrowserEngine:152 - Initiate JxBrowser Engine with user profile folder
2025-05-13 10:34:13,285 [INFO] CheckServerUpdateThread:120 - End of CheckServer Thread
2025-05-13 10:34:13,966 [INFO] WebApp:168 - Instantiating new browser for Auth
2025-05-13 10:34:14,516 [INFO] WebApp:449 - Apply proxy settings
2025-05-13 10:34:14,516 [INFO] WebApp:534 - Chromium requires no authentication
2025-05-13 10:34:14,523 [INFO] WebApp:477 - Direct internet connection detected
2025-05-13 10:34:14,545 [INFO] WebApp:880 - Register for checkConnection events
2025-05-13 10:34:14,545 [INFO] WebApp:449 - Apply proxy settings
2025-05-13 10:34:14,545 [INFO] WebApp:534 - Chromium requires no authentication
2025-05-13 10:34:14,547 [INFO] WebApp:477 - Direct internet connection detected
2025-05-13 10:34:14,722 [INFO] WebApp:221 - Starting web application
2025-05-13 10:34:14,722 [INFO] WebApp:579 - Web application path used C:\ST\STM32CubeIDE_1.16.1\STM32CubeIDE\plugins\com.st.stm32cube.common.mx_6.13.0.202411220809\db\plugins\mcufinder\reactClient1\index.html
2025-05-13 10:34:14,729 [INFO] WebApp:187 - Connection restablished
2025-05-13 10:34:14,864 [INFO] UserAuth:486 - Internet connection configuration mode: 1
2025-05-13 10:34:16,271 [WARN] PackLoader:240 - Cannot read IP mode file for STMicroelectronics.FP-SNS-MOTENVWB1.1.4.0
2025-05-13 10:34:16,285 [WARN] PackLoader:240 - Cannot read IP mode file for STMicroelectronics.FP-ATR-ASTRA1.2.0.2
2025-05-13 10:34:16,296 [WARN] PackLoader:240 - Cannot read IP mode file for STMicroelectronics.FP-ATR-ASTRA1.2.0.1
2025-05-13 10:34:16,310 [WARN] PackLoader:240 - Cannot read IP mode file for STMicroelectronics.X-CUBE-SMBUS.2.1.0
2025-05-13 10:34:16,326 [WARN] PackLoader:240 - Cannot read IP mode file for STMicroelectronics.X-CUBE-WB05N.1.1.0
2025-05-13 10:34:16,361 [WARN] PackLoader:240 - Cannot read IP mode file for STMicroelectronics.X-CUBE-AZRTOS-F7.1.1.0
2025-05-13 10:34:16,420 [WARN] PackLoader:240 - Cannot read IP mode file for STMicroelectronics.X-CUBE-MEMS1.11.0.0
2025-05-13 10:34:16,565 [WARN] PackLoader:240 - Cannot read IP mode file for STMicroelectronics.FP-SNS-FLIGHT1.5.0.2
2025-05-13 10:34:16,605 [WARN] PackLoader:240 - Cannot read IP mode file for STMicroelectronics.X-CUBE-DISPLAY.3.0.0
2025-05-13 10:34:16,628 [WARN] PackLoader:240 - Cannot read IP mode file for STMicroelectronics.X-CUBE-BLE1.7.0.0
2025-05-13 10:34:16,645 [WARN] PackLoader:240 - Cannot read IP mode file for STMicroelectronics.X-CUBE-NFC10.1.0.0
2025-05-13 10:34:16,662 [WARN] PackLoader:240 - Cannot read IP mode file for STMicroelectronics.X-CUBE-BLEMGR.4.0.0
2025-05-13 10:34:16,675 [WARN] PackLoader:240 - Cannot read IP mode file for emotas.I-CUBE-CANOPEN.1.3.0
2025-05-13 10:34:16,687 [WARN] PackLoader:240 - Cannot read IP mode file for STMicroelectronics.X-CUBE-BLEMGR.3.1.0
2025-05-13 10:34:16,699 [WARN] PackLoader:240 - Cannot read IP mode file for STMicroelectronics.X-CUBE-AI.10.0.0
2025-05-13 10:34:16,712 [WARN] PackLoader:240 - Cannot read IP mode file for STMicroelectronics.FP-SNS-SMARTAG2.1.2.0
2025-05-13 10:34:16,722 [WARN] PackLoader:240 - Cannot read IP mode file for STMicroelectronics.FP-SNS-FLIGHT1.5.1.0
2025-05-13 10:34:16,769 [WARN] PackLoader:240 - Cannot read IP mode file for STMicroelectronics.X-CUBE-MEMS1.11.1.0
2025-05-13 10:34:16,863 [INFO] LogOutputStream:77 - [STDOUT_REDIRECT] 1 : Invalid condition id : UX_CORESTACK_Condition cause : null
2025-05-13 10:34:16,864 [INFO] LogOutputStream:77 - [STDOUT_REDIRECT] 1 : Invalid condition id : UX_CORESTACK_Condition cause : null
2025-05-13 10:34:16,865 [INFO] LogOutputStream:77 - [STDOUT_REDIRECT] 1 : Invalid condition id : UX_CORESTACK_Condition cause : null
2025-05-13 10:34:16,866 [INFO] LogOutputStream:77 - [STDOUT_REDIRECT] 1 : Invalid condition id : UX_CORESTACK_Condition cause : null
2025-05-13 10:34:16,867 [INFO] LogOutputStream:77 - [STDOUT_REDIRECT] 1 : Invalid condition id : UX_CORESTACK_Condition cause : null
2025-05-13 10:34:16,869 [WARN] PackLoader:240 - Cannot read IP mode file for STMicroelectronics.X-CUBE-AZRTOS-WL.2.0.0
2025-05-13 10:34:16,882 [WARN] PackLoader:240 - Cannot read IP mode file for STMicroelectronics.FP-SNS-MOTENV1.5.0.0
2025-05-13 10:34:16,896 [WARN] PackLoader:240 - Cannot read IP mode file for wolfSSL.I-CUBE-wolfMQTT.1.19.0
2025-05-13 10:34:16,912 [WARN] PackLoader:240 - Cannot read IP mode file for WES.I-CUBE-Cesium.1.3.0
2025-05-13 10:34:16,924 [WARN] PackLoader:240 - Cannot read IP mode file for STMicroelectronics.X-CUBE-BLE2.3.3.0
2025-05-13 10:34:16,939 [WARN] PackLoader:240 - Cannot read IP mode file for STMicroelectronics.X-CUBE-NFC9.1.0.0
2025-05-13 10:34:16,954 [WARN] PackLoader:240 - Cannot read IP mode file for STMicroelectronics.X-CUBE-BLE1.7.1.0
2025-05-13 10:34:16,969 [WARN] PackLoader:240 - Cannot read IP mode file for STMicroelectronics.X-CUBE-TCPP.4.1.0
2025-05-13 10:34:17,019 [WARN] PackLoader:240 - Cannot read IP mode file for STMicroelectronics.X-CUBE-MEMS1.11.2.0
2025-05-13 10:34:17,119 [WARN] PackLoader:240 - Cannot read IP mode file for STMicroelectronics.X-CUBE-AZRTOS-G0.1.1.0
2025-05-13 10:34:17,135 [WARN] PackLoader:240 - Cannot read IP mode file for STMicroelectronics.X-CUBE-SAFEA1.1.2.2
2025-05-13 10:34:17,147 [WARN] PackLoader:240 - Cannot read IP mode file for STMicroelectronics.X-CUBE-NFC4.3.0.0
2025-05-13 10:34:17,164 [WARN] PackLoader:240 - Cannot read IP mode file for EmbeddedOffice.I-CUBE-FS-RTOS.1.0.1
2025-05-13 10:34:17,176 [WARN] PackLoader:240 - Cannot read IP mode file for STMicroelectronics.X-CUBE-WB05N.2.0.0
2025-05-13 10:34:17,189 [WARN] PackLoader:240 - Cannot read IP mode file for STMicroelectronics.X-CUBE-TCPP.4.2.0
2025-05-13 10:34:17,202 [WARN] PackLoader:240 - Cannot read IP mode file for RealThread.X-CUBE-RT-Thread_Nano.4.1.1
2025-05-13 10:34:17,215 [WARN] PackLoader:240 - Cannot read IP mode file for STMicroelectronics.FP-ATR-SIGFOX1.3.2.0
2025-05-13 10:34:17,227 [WARN] PackLoader:240 - Cannot read IP mode file for wolfSSL.I-CUBE-wolfSSL.5.7.2
2025-05-13 10:34:17,238 [WARN] ConditionMgr:438 - getConditionDescription Invalid condition id : Cortex-A Device cause : null
2025-05-13 10:34:17,258 [WARN] ConditionMgr:1044 - genDependencies : Invalid condition id : Cortex-A Device cause : null
2025-05-13 10:34:17,258 [WARN] ConditionMgr:1044 - genDependencies : Invalid condition id : Cortex-A Device cause : null
2025-05-13 10:34:17,259 [WARN] ConditionMgr:1044 - genDependencies : Invalid condition id : Cortex-A Device cause : null
2025-05-13 10:34:17,272 [WARN] PackLoader:240 - Cannot read IP mode file for STMicroelectronics.X-CUBE-EEPRMA1.5.1.0
2025-05-13 10:34:17,286 [WARN] PackLoader:240 - Cannot read IP mode file for ITTIA_DB.I-CUBE-ITTIADB.8.9.0
2025-05-13 10:34:17,317 [WARN] PackLoader:240 - Cannot read IP mode file for SEGGER.I-CUBE-embOS.1.3.1
2025-05-13 10:34:17,349 [WARN] PackLoader:240 - Cannot read IP mode file for STMicroelectronics.X-CUBE-ALGOBUILD.1.4.0
2025-05-13 10:34:17,363 [WARN] PackLoader:240 - Cannot read IP mode file for STMicroelectronics.X-CUBE-AI.9.1.0
2025-05-13 10:34:17,390 [WARN] PackLoader:240 - Cannot read IP mode file for STMicroelectronics.X-CUBE-AZRTOS-F4.1.1.0
2025-05-13 10:34:17,402 [WARN] PackLoader:240 - Cannot read IP mode file for Avnet-IotConnect.X-CUBE-IoTC-DA16k-PMOD.1.0.0
2025-05-13 10:34:17,414 [WARN] PackLoader:240 - Cannot read IP mode file for STMicroelectronics.X-CUBE-ISPU.2.1.0
2025-05-13 10:34:17,425 [WARN] PackLoader:240 - Cannot read IP mode file for STMicroelectronics.X-CUBE-FREERTOS.1.2.0
2025-05-13 10:34:17,446 [WARN] PackLoader:240 - Cannot read IP mode file for STMicroelectronics.X-CUBE-AZRTOS-L5.2.0.0
2025-05-13 10:34:17,461 [WARN] PackLoader:240 - Cannot read IP mode file for STMicroelectronics.X-CUBE-NFC6.3.1.0
2025-05-13 10:34:17,475 [WARN] PackLoader:240 - Cannot read IP mode file for STMicroelectronics.X-CUBE-DPower.1.2.0
2025-05-13 10:34:17,485 [WARN] PackLoader:240 - Cannot read IP mode file for STMicroelectronics.X-CUBE-FREERTOS.1.3.1
2025-05-13 10:34:17,496 [WARN] PackLoader:240 - Cannot read IP mode file for STMicroelectronics.X-CUBE-FREERTOS.1.3.0
2025-05-13 10:34:17,505 [WARN] PackLoader:240 - Cannot read IP mode file for STMicroelectronics.X-CUBE-NFC7.1.0.1
2025-05-13 10:34:17,517 [WARN] PackLoader:240 - Cannot read IP mode file for STMicroelectronics.X-CUBE-DPower.1.3.0
2025-05-13 10:34:17,541 [WARN] ConditionMgr:438 - getConditionDescription Invalid condition id : LAN8742 Phy interface Condition cause : null
2025-05-13 10:34:17,541 [WARN] PackLoader:240 - Cannot read IP mode file for STMicroelectronics.X-CUBE-AZRTOS-L4.2.0.0
2025-05-13 10:34:17,542 [WARN] ConditionMgr:1044 - genDependencies : Invalid condition id : LAN8742 Phy interface Condition cause : null
2025-05-13 10:34:17,542 [WARN] ConditionMgr:1044 - genDependencies : Invalid condition id : LAN8742 Phy interface Condition cause : null
2025-05-13 10:34:17,543 [WARN] ConditionMgr:1044 - genDependencies : Invalid condition id : LAN8742 Phy interface Condition cause : null
2025-05-13 10:34:17,555 [WARN] PackLoader:240 - Cannot read IP mode file for STMicroelectronics.X-CUBE-SFXS2LP1.4.0.0
2025-05-13 10:34:17,579 [WARN] PackLoader:240 - Cannot read IP mode file for STMicroelectronics.X-CUBE-AZRTOS-H7.3.3.0
2025-05-13 10:34:17,595 [WARN] PackLoader:240 - Cannot read IP mode file for STMicroelectronics.X-CUBE-IPS.3.0.0
2025-05-13 10:34:17,617 [WARN] ConditionMgr:438 - getConditionDescription Invalid condition id : UX DEVICE CLASS RTOS Condition cause : null
2025-05-13 10:34:17,617 [WARN] ConditionMgr:438 - getConditionDescription Invalid condition id : UX DEVICE CLASS RTOS Condition cause : null
2025-05-13 10:34:17,618 [WARN] PackLoader:240 - Cannot read IP mode file for STMicroelectronics.X-CUBE-AZRTOS-WB.2.0.0
2025-05-13 10:34:17,619 [WARN] ConditionMgr:1044 - genDependencies : Invalid condition id : UX DEVICE CLASS RTOS Condition cause : null
2025-05-13 10:34:17,619 [WARN] ConditionMgr:1044 - genDependencies : Invalid condition id : UX DEVICE CLASS RTOS Condition cause : null
2025-05-13 10:34:17,619 [WARN] ConditionMgr:1044 - genDependencies : Invalid condition id : UX DEVICE CLASS RTOS Condition cause : null
2025-05-13 10:34:17,619 [WARN] ConditionMgr:1044 - genDependencies : Invalid condition id : UX DEVICE CLASS RTOS Condition cause : null
2025-05-13 10:34:17,619 [WARN] ConditionMgr:1044 - genDependencies : Invalid condition id : UX DEVICE CLASS RTOS Condition cause : null
2025-05-13 10:34:17,632 [WARN] PackLoader:240 - Cannot read IP mode file for STMicroelectronics.X-CUBE-GNSS1.7.0.0
2025-05-13 10:34:17,643 [WARN] PackLoader:240 - Cannot read IP mode file for STMicroelectronics.X-CUBE-GNSS1.7.0.1
2025-05-13 10:34:17,655 [WARN] PackLoader:240 - Cannot read IP mode file for STMicroelectronics.X-CUBE-TOUCHGFX.4.25.0
2025-05-13 10:34:17,666 [WARN] PackLoader:240 - Cannot read IP mode file for STMicroelectronics.FP-SNS-STBOX1.2.0.0
2025-05-13 10:34:17,683 [WARN] PackLoader:240 - Cannot read IP mode file for STMicroelectronics.X-CUBE-SUBG2.5.0.0
2025-05-13 10:34:17,705 [WARN] PackLoader:240 - Cannot read IP mode file for STMicroelectronics.X-CUBE-AZRTOS-H7RS.1.1.0
2025-05-13 10:34:17,717 [WARN] PackLoader:240 - Cannot read IP mode file for Cesanta.I-CUBE-Mongoose.7.13.0
2025-05-13 10:34:17,734 [WARN] PackLoader:240 - Cannot read IP mode file for STMicroelectronics.X-CUBE-AZRTOS-G4.2.0.0
2025-05-13 10:34:17,745 [WARN] PackLoader:240 - Cannot read IP mode file for STMicroelectronics.X-CUBE-NFC7.2.0.0
2025-05-13 10:34:17,757 [WARN] PackLoader:240 - Cannot read IP mode file for STMicroelectronics.X-CUBE-IPS.3.1.0
2025-05-13 10:34:17,768 [WARN] PackLoader:240 - Cannot read IP mode file for STMicroelectronics.X-CUBE-ALS.1.0.2
2025-05-13 10:34:17,779 [WARN] PackLoader:240 - Cannot read IP mode file for STMicroelectronics.X-CUBE-TOUCHGFX.4.24.2
2025-05-13 10:34:17,788 [WARN] PackLoader:240 - Cannot read IP mode file for STMicroelectronics.X-CUBE-TOUCHGFX.4.24.1
2025-05-13 10:34:17,799 [WARN] PackLoader:240 - Cannot read IP mode file for wolfSSL.I-CUBE-wolfTPM.3.4.0
2025-05-13 10:34:17,810 [WARN] PackLoader:240 - Cannot read IP mode file for portGmbH.I-Cube-SoM-uGOAL.1.1.0
2025-05-13 10:34:17,827 [WARN] PackLoader:240 - Cannot read IP mode file for STMicroelectronics.X-CUBE-AZRTOS-H7RS.1.0.0
2025-05-13 10:34:17,839 [WARN] PackLoader:240 - Cannot read IP mode file for STMicroelectronics.FP-ATR-ASTRA1.2.0.0
2025-05-13 10:34:17,852 [WARN] PackLoader:240 - Cannot read IP mode file for STMicroelectronics.X-CUBE-TOF1.3.4.2
2025-05-13 10:34:17,870 [WARN] PackLoader:240 - Cannot read IP mode file for STMicroelectronics.X-CUBE-TOF1.3.4.3
2025-05-13 10:34:17,895 [WARN] PackLoader:240 - Cannot read IP mode file for Infineon.AIROC-Wi-Fi-Bluetooth-STM32.1.6.1
2025-05-13 10:34:17,909 [WARN] PackLoader:240 - Cannot read IP mode file for wolfSSL.I-CUBE-wolfSSH.1.4.17
2025-05-13 10:34:17,910 [INFO] ThirdParty:978 - Integrity check success = true
2025-05-13 10:34:17,910 [INFO] IntegrityCheckThread:100 - exiting critical section [integrity check]
2025-05-13 10:34:17,910 [INFO] IntegrityCheckThread:103 - End integrity checks thread
2025-05-13 11:15:19,938 [INFO] McuFinderGlobals:63 - Set McuFinder mode to 2 (CubeIDE integrated)
2025-05-13 11:15:19,959 [INFO] MainUpdater:2872 - connection check result : 10
2025-05-13 11:15:19,963 [INFO] MainUpdater:2872 - connection check result : 10
2025-05-13 11:15:20,071 [INFO] MicroXplorer:468 - Change Database Path : 
2025-05-13 11:15:20,071 [INFO] MicroXplorer:498 - Change Database Version : DB.6.0.130
2025-05-13 11:15:20,078 [WARN] ThirdParty:871 - waiting for thirdparty lock release [close project]
2025-05-13 11:15:20,078 [INFO] ThirdParty:873 - entering critical section [close project]
2025-05-13 11:15:20,078 [INFO] ThirdParty:883 - exiting critical section [close project]
2025-05-13 11:15:20,079 [INFO] PinOutPanel:1589 - setPackage(No Configuration,No Configuration)
2025-05-13 11:15:20,082 [INFO] UtilMem:75 - Begin LoadConfig() Used Memory: 781998904 Bytes (1073741824)
2025-05-13 11:15:20,083 [INFO] MicroXplorer:468 - Change Database Path : 
2025-05-13 11:15:20,083 [INFO] MicroXplorer:498 - Change Database Version : DB.6.0.130
2025-05-13 11:15:20,083 [INFO] OpenFileManager:332 - Change cursor
2025-05-13 11:15:20,116 [INFO] Mcu:2035 - Initializing MCU STM32G431R(6-8-B)Tx STM32G431RBTx STM32G431RBT6
2025-05-13 11:15:22,478 [INFO] Context:748 - Trying to add GPIOservice into a context  which must be forbidden
2025-05-13 11:15:23,014 [INFO] ApiDbMcu:508 - Load IP Config File for NUCLEO-G431RB
2025-05-13 11:15:23,237 [INFO] RtosManager:555 - Registered RTOS mode: class=CMSIS, group=RTOS, mode=CMSIS_V1, owner=FREERTOS
2025-05-13 11:15:23,237 [INFO] RtosManager:555 - Registered RTOS mode: class=CMSIS, group=RTOS2, mode=CMSIS_V2, owner=FREERTOS
2025-05-13 11:15:23,237 [INFO] RtosManager:555 - Registered RTOS mode: class=RTOS, group=Core, mode=CMSIS_V1, owner=FREERTOS
2025-05-13 11:15:23,237 [INFO] RtosManager:555 - Registered RTOS mode: class=RTOS, group=Core, mode=CMSIS_V2, owner=FREERTOS
2025-05-13 11:15:23,237 [WARN] ModelIntegratedComponent:184 - Missing modes for component STMicroelectronics:FreeRTOS:0.0.1:STMicroelectronics:RTOS:FreeRTOS:Core:::10.2.0:
2025-05-13 11:15:23,243 [WARN] ModelIntegratedComponent:63 - No mode defined for component null
2025-05-13 11:15:23,243 [WARN] ModelIntegratedComponent:63 - No mode defined for component null
2025-05-13 11:15:23,243 [WARN] ModelIntegratedComponent:63 - No mode defined for component null
2025-05-13 11:15:23,243 [WARN] ModelIntegratedComponent:63 - No mode defined for component null
2025-05-13 11:15:23,243 [WARN] ModelIntegratedComponent:63 - No mode defined for component null
2025-05-13 11:15:23,243 [WARN] ModelIntegratedComponent:63 - No mode defined for component null
2025-05-13 11:15:23,243 [WARN] ModelIntegratedComponent:63 - No mode defined for component null
2025-05-13 11:15:23,243 [WARN] ModelIntegratedComponent:63 - No mode defined for component null
2025-05-13 11:15:23,243 [WARN] ModelIntegratedComponent:63 - No mode defined for component null
2025-05-13 11:15:23,243 [WARN] ModelIntegratedComponent:63 - No mode defined for component null
2025-05-13 11:15:23,243 [WARN] ModelIntegratedComponent:63 - No mode defined for component null
2025-05-13 11:15:23,243 [WARN] ModelIntegratedComponent:63 - No mode defined for component null
2025-05-13 11:15:23,243 [WARN] ModelIntegratedComponent:63 - No mode defined for component null
2025-05-13 11:15:23,243 [WARN] ModelIntegratedComponent:63 - No mode defined for component null
2025-05-13 11:15:23,243 [WARN] ModelIntegratedComponent:63 - No mode defined for component null
2025-05-13 11:15:23,243 [WARN] ModelIntegratedComponent:63 - No mode defined for component null
2025-05-13 11:15:23,243 [WARN] ModelIntegratedComponent:63 - No mode defined for component null
2025-05-13 11:15:23,243 [WARN] ModelIntegratedComponent:63 - No mode defined for component null
2025-05-13 11:15:23,243 [WARN] ModelIntegratedComponent:63 - No mode defined for component null
2025-05-13 11:15:23,243 [WARN] ModelIntegratedComponent:63 - No mode defined for component null
2025-05-13 11:15:23,243 [WARN] ModelIntegratedComponent:63 - No mode defined for component null
2025-05-13 11:15:23,243 [WARN] ModelIntegratedComponent:63 - No mode defined for component null
2025-05-13 11:15:23,245 [WARN] ModelIntegratedComponent:63 - No mode defined for component null
2025-05-13 11:15:23,245 [WARN] ModelIntegratedComponent:63 - No mode defined for component null
2025-05-13 11:15:23,245 [WARN] ModelIntegratedComponent:63 - No mode defined for component null
2025-05-13 11:15:23,245 [WARN] ModelIntegratedComponent:63 - No mode defined for component null
2025-05-13 11:15:23,245 [WARN] ModelIntegratedComponent:63 - No mode defined for component null
2025-05-13 11:15:23,245 [WARN] ModelIntegratedComponent:63 - No mode defined for component null
2025-05-13 11:15:23,245 [WARN] ModelIntegratedComponent:63 - No mode defined for component null
2025-05-13 11:15:23,245 [WARN] ModelIntegratedComponent:63 - No mode defined for component null
2025-05-13 11:15:23,245 [WARN] ModelIntegratedComponent:63 - No mode defined for component null
2025-05-13 11:15:23,245 [WARN] ModelIntegratedComponent:63 - No mode defined for component null
2025-05-13 11:15:23,245 [WARN] ModelIntegratedComponent:63 - No mode defined for component null
2025-05-13 11:15:23,245 [WARN] ModelIntegratedComponent:63 - No mode defined for component null
2025-05-13 11:15:23,245 [WARN] ModelIntegratedComponent:63 - No mode defined for component null
2025-05-13 11:15:23,245 [WARN] ModelPack:524 - Component already loaded: STMicroelectronics:HAL Drivers:0.0.0:STMicroelectronics:Device:STMicro_Driver:XSPI:HAL::0.0.1:HAL_XSPI
2025-05-13 11:15:23,374 [INFO] ThirdPartyModel:298 - Start build external matchings
2025-05-13 11:15:23,987 [INFO] ThirdPartyModel:316 - End build external matchings
2025-05-13 11:15:24,003 [INFO] ImportTextPane:218 - (OptionalMessage_ERROR) IP (ADC1) : Parameter (CommonPathInternal) has invalid value (null|null|null|null)
2025-05-13 11:15:24,005 [INFO] ImportTextPane:218 - (OptionalMessage_ERROR) IP (RCC) : Invalid parameter (FamilyName)
2025-05-13 11:15:24,005 [INFO] ImportTextPane:218 - (OptionalMessage_ERROR) IP (RCC) : Parameter (RNGFreq_Value) has invalid value (170000000)
2025-05-13 11:15:24,005 [INFO] ImportTextPane:218 - (OptionalMessage_ERROR) IP (RCC) : Parameter (USBFreq_Value) has invalid value (170000000)
2025-05-13 11:15:24,352 [INFO] ApiDb:581 - Connected to CubeFinder SQLite database (C:\Users\Miloush\.stmcufinder\plugins\mcufinder\mcu\cube-finder-db.db)
2025-05-13 11:15:24,412 [INFO] ApiDb:668 - CubeFinder database Data Model version=2.1
2025-05-13 11:15:24,412 [INFO] ApiDb:669 - CubeFinder database Configuration version=3.0.39
2025-05-13 11:15:24,412 [INFO] ApiDb:670 - CubeFinder database generation date=2025-04-23 (1745419778)
2025-05-13 11:15:24,413 [INFO] ApiDb:671 - CubeFinder database FW Pack versions=[FP-ATR-ASTRA1_V2.0.0, FP-SNS-FLIGHT1_V5.1.0, FP-SNS-MOTENV1_V5.0.0, FP-SNS-MOTENVWB1_V1.4.0, FP-SNS-SMARTAG2_V1.2.0, FP-SNS-STBOX1_V2.0.0, STM32Cube_FW_C0_V1.4.0, STM32Cube_FW_F4_V1.28.1, STM32Cube_FW_F7_V1.17.2, STM32Cube_FW_G0_V1.6.2, STM32Cube_FW_G4_V1.6.1, STM32Cube_FW_H5_V1.5.0, STM32Cube_FW_H7RS_V1.2.0, STM32Cube_FW_H7_V1.12.1, STM32Cube_FW_L0_V1.12.2, STM32Cube_FW_L4_V1.18.1, STM32Cube_FW_L5_V1.5.1, STM32Cube_FW_N6_V1.1.1, STM32Cube_FW_U0_V1.2.0, STM32Cube_FW_U3_V1.1.0, STM32Cube_FW_U5_V1.7.0, STM32Cube_FW_WB0_V1.2.0, STM32Cube_FW_WBA_V1.6.0, STM32Cube_FW_WB_V1.22.0, STM32Cube_FW_WL3_V1.1.0, STM32Cube_FW_WL_V1.3.1, X-CUBE-ALGOBUILD_V1.4.0, X-CUBE-ALS_V1.0.2, X-CUBE-AZRTOS-F4_V1.1.0, X-CUBE-AZRTOS-F7_V1.1.0, X-CUBE-AZRTOS-G0_V1.1.0, X-CUBE-AZRTOS-G4_V2.0.0, X-CUBE-AZRTOS-H7RS_V1.1.0, X-CUBE-AZRTOS-H7_V3.3.0, X-CUBE-AZRTOS-L4_V2.0.0, X-CUBE-AZRTOS-L5_V2.0.0, X-CUBE-AZRTOS-WB_V2.0.0, X-CUBE-AZRTOS-WL_V2.0.0, X-CUBE-BLE1_V7.1.0, X-CUBE-BLE2_V3.3.0, X-CUBE-BLEMGR_V4.0.0, X-CUBE-EEPRMA1_V5.1.0, X-CUBE-FREERTOS_V1.3.0, X-CUBE-GNSS1_V6.0.0, X-CUBE-MEMS1_V11.2.0, X-CUBE-NFC4_V3.0.0, X-CUBE-NFC7_V1.0.1, X-CUBE-SFXS2LP1_V4.0.0, X-CUBE-SUBG2_V5.0.0, X-CUBE-TOF1_V3.4.3]
2025-05-13 11:15:24,500 [INFO] DbBoardsSqlite:226 - include board P-NUCLEO-WB55-NUCLEO as a kit item of type 'Nucleo-64'
2025-05-13 11:15:24,500 [INFO] DbBoardsSqlite:226 - include board P-NUCLEO-WB55-USBDONGLE as a kit item of type 'Nucleo USB Dongle'
2025-05-13 11:15:24,501 [INFO] DbBoardsSqlite:226 - include board STEVAL-IDP005V1 as a kit item of type 'Evaluation Board'
2025-05-13 11:15:24,501 [INFO] DbBoardsSqlite:226 - include board STEVAL-IDP005V2 as a kit item of type 'Evaluation Board'
2025-05-13 11:15:24,842 [INFO] ApiDb:240 - Found 858 in-development CPN: [B-G473E-ZEST1S, B-WB1M-WPAN1, B-WBA5M-WPAN, B-WL5M-SUBG1, NUCLEO-C031C6, NUCLEO-C051C8, NUCLEO-C071RB, NUCLEO-C092RC, NUCLEO-H503RB, NUCLEO-H533RE, NUCLEO-H563ZI, NUCLEO-H7S3L8, NUCLEO-N657X0-Q, NUCLEO-U031R8, NUCLEO-U083RC, NUCLEO-U385RG-Q, NUCLEO-U545RE-Q, NUCLEO-U5A5ZJ-Q, NUCLEO-WB05KZ, NUCLEO-WB07CC, NUCLEO-WB09KE, NUCLEO-WBA52CG, NUCLEO-WBA55CG, NUCLEO-WL33CC1, NUCLEO-WL33CC2, STEVAL-PROTEUS1, STEVAL-SMARTAG2, STEVAL-STWINBX1, STM320518-EVAL, STM32C0116-DK, STM32C011D6Y3TR, STM32C011D6Y6TR, STM32C011F4P3, STM32C011F4P6, STM32C011F4U3, STM32C011F4U6TR, STM32C011F6P3, STM32C011F6P6, STM32C011F6U3, STM32C011F6U6TR, STM32C011J4M3, STM32C011J4M6, STM32C011J6M3, STM32C011J6M6, STM32C0316-DK, STM32C031C4T3, STM32C031C4T6, STM32C031C4U3, STM32C031C4U6, STM32C031C6T3, STM32C031C6T6, STM32C031C6U3, STM32C031C6U6, STM32C031F4P3, STM32C031F4P6, STM32C031F6P3, STM32C031F6P6, STM32C031G4U3, STM32C031G4U6, STM32C031G6U3, STM32C031G6U6, STM32C031K4T3, STM32C031K4T6, STM32C031K4U3, STM32C031K4U6, STM32C031K6T3, STM32C031K6T6, STM32C031K6U3, STM32C031K6U6, STM32C051C6T6, STM32C051C6U6, STM32C051C8T6, STM32C051C8U6, STM32C051D8Y6TR, STM32C051F6P6, STM32C051F8P6, STM32C051G6U6, STM32C051G8U6, STM32C051K6T6, STM32C051K6U6, STM32C051K8T6, STM32C071C8T6, STM32C071C8T6N, STM32C071C8U6, STM32C071C8U6N, STM32C071CBT6, STM32C071CBT6N, STM32C071CBU6, STM32C071CBU6N, STM32C071F8P6, STM32C071F8P6N, STM32C071FBP6, STM32C071FBP6N, STM32C071FBY6TR, STM32C071G8U6, STM32C071G8U6N, STM32C071GBU6, STM32C071GBU6N, STM32C071K8T6, STM32C071K8T6N, STM32C071K8U6, STM32C071K8U6N, STM32C071KBT6, STM32C071KBT6N, STM32C071KBU6, STM32C071KBU6N, STM32C071R8T6, STM32C071R8T6N, STM32C071RBI6N, STM32C071RBT6, STM32C071RBT6N, STM32C091CBT6, STM32C091CBU6, STM32C091CCT6, STM32C091CCU6, STM32C091ECY6TR, STM32C091FBP6, STM32C091FCP6, STM32C091GBU6, STM32C091GCU6, STM32C091KBT6, STM32C091KBU6, STM32C091KCT6, STM32C091KCU6, STM32C091RBT6, STM32C091RCI6, STM32C091RCT6, STM32C092CBT6, STM32C092CBU6, STM32C092CCT6, STM32C092CCU6, STM32C092ECY6TR, STM32C092FBP6, STM32C092FCP6, STM32C092GBU6, STM32C092GCU6, STM32C092KBT6, STM32C092KBU6, STM32C092KCT6, STM32C092KCU6, STM32C092RBT6, STM32C092RCI6, STM32C092RCT6, STM32G071K8TXN, STM32G071K8UXN, STM32G081GBU6N, STM32G081KBT6N, STM32G081KBUXN, STM32G0B1CCT6N, STM32G0B1KCT6, STM32G0B1NEY6TR, STM32G0B1RCT6N, STM32G0C1CCT6, STM32G0C1CCT6N, STM32G0C1CCU6N, STM32G0C1CET6N, STM32G0C1CEU6N, STM32G0C1KCT6, STM32G0C1NEY6TR, STM32G0C1RCI6N, STM32G0C1RCT6N, STM32G0C1REI6N, STM32G0C1RET6N, STM32G0C1VCI6, STM32G0C1VEI6, STM32G411C6T3, STM32G411C6T6, STM32G411C6U3, STM32G411C6U6, STM32G411C8T3, STM32G411C8T6, STM32G411C8U3, STM32G411C8U6, STM32G411CBT3, STM32G411CBT6, STM32G411CBU3, STM32G411CBU6, STM32G411CCT3, STM32G411CCT6, STM32G411CCU3, STM32G411CCU6, STM32G411K6T3, STM32G411K6T6, STM32G411K6U3, STM32G411K6U6, STM32G411K8T3, STM32G411K8T6, STM32G411K8U3, STM32G411K8U6, STM32G411KBT3, STM32G411KBT6, STM32G411KBU3, STM32G411KBU6, STM32G411M6T3, STM32G411M6T6, STM32G411M8T3, STM32G411M8T6, STM32G411MBT3, STM32G411MBT6, STM32G411MCT3, STM32G411MCT6, STM32G411R6T3, STM32G411R6T6, STM32G411R8T3, STM32G411R8T6, STM32G411RBT3, STM32G411RBT6, STM32G411RCT3, STM32G411RCT6, STM32G414CBT3, STM32G414CBT6, STM32G414CBU3, STM32G414CBU6, STM32G414CCT3, STM32G414CCT6, STM32G414CCU3, STM32G414CCU6, STM32G414MBT3, STM32G414MBT6, STM32G414MCT3, STM32G414MCT6, STM32G414RBT3, STM32G414RBT6, STM32G414RCT3, STM32G414RCT6, STM32G414VBT3, STM32G414VBT6, STM32G414VCT3, STM32G414VCT6, STM32G431CBT3Z, STM32G431RBT3Z, STM32G471CCT6, STM32G471CCU6, STM32G471CET3, STM32G471CET6, STM32G471CEU3, STM32G471CEU6, STM32G471MCT6, STM32G471MET3, STM32G471MET6, STM32G471MEY6TR, STM32G471QCT6, STM32G471QET3, STM32G471RCT6, STM32G471RET3, STM32G471RET6, STM32G471VCH6, STM32G471VCI6, STM32G471VCT6, STM32G471VEH3, STM32G471VEH6, STM32G471VEI3, STM32G471VEI6, STM32G471VET3, STM32G471VET6, STM32G473QET3Z, STM32G473RET3Z, STM32G474CCT6, STM32G491RET3Z, STM32H503CBT6, STM32H503CBU6, STM32H503EBY6TR, STM32H503KBU6, STM32H503RBT6, STM32H523CCT6, STM32H523CCU6, STM32H523CET6, STM32H523CEU6, STM32H523HEY6TR, STM32H523RCT6, STM32H523RET6, STM32H523VCI6, STM32H523VCT6, STM32H523VEI6, STM32H523VET6, STM32H523ZCJ6, STM32H523ZCT6, STM32H523ZEJ6, STM32H523ZET6, STM32H533CET6, STM32H533CEU6, STM32H533HEY6TR, STM32H533RET6, STM32H533VEI6, STM32H533VET6, STM32H533ZEJ6, STM32H533ZET6, STM32H562AGI6, STM32H562AII6, STM32H562IGK6, STM32H562IGT6, STM32H562IIK6, STM32H562IIT6, STM32H562RGT6, STM32H562RGV6, STM32H562RIT6, STM32H562RIV6, STM32H562VGT6, STM32H562VIT6, STM32H562ZGT6, STM32H562ZIT6, STM32H563AGI6, STM32H563AII3Q, STM32H563AII6, STM32H563IGK6, STM32H563IGT6, STM32H563IIK3Q, STM32H563IIK6, STM32H563IIT3Q, STM32H563IIT6, STM32H563MIY3QTR, STM32H563RGT6, STM32H563RGV6, STM32H563RIT6, STM32H563RIV6, STM32H563VGT6, STM32H563VIT3Q, STM32H563VIT6, STM32H563ZGT6, STM32H563ZIT3Q, STM32H563ZIT6, STM32H573AII3Q, STM32H573AII6, STM32H573I-DK, STM32H573IIK3Q, STM32H573IIK6, STM32H573IIT3Q, STM32H573IIT6, STM32H573MIY3QTR, STM32H573RIT6, STM32H573RIV6, STM32H573VIT3Q, STM32H573VIT6, STM32H573ZIT3Q, STM32H573ZIT6, STM32H7R3A8I6, STM32H7R3I8K6, STM32H7R3I8T6, STM32H7R3L8H6, STM32H7R3L8H6H, STM32H7R3R8V6, STM32H7R3V8H6, STM32H7R3V8T6, STM32H7R3V8Y6TR, STM32H7R3Z8J6, STM32H7R3Z8T6, STM32H7R7A8I6, STM32H7R7I8K6, STM32H7R7I8T6, STM32H7R7L8H6, STM32H7R7L8H6H, STM32H7R7Z8J6, STM32H7S3A8I6, STM32H7S3I8K6, STM32H7S3I8T6, STM32H7S3L8H6, STM32H7S3L8H6H, STM32H7S3R8V6, STM32H7S3V8H6, STM32H7S3V8T6, STM32H7S3V8Y6TR, STM32H7S3Z8J6, STM32H7S3Z8T6, STM32H7S78-DK, STM32H7S7A8I6, STM32H7S7I8K6, STM32H7S7I8T6, STM32H7S7L8H6, STM32H7S7L8H6H, STM32H7S7Z8J6, STM32L4R5QGI6STR, STM32MP131AAE3, STM32MP131AAF3, STM32MP131AAG3, STM32MP131CAE3, STM32MP131CAF3, STM32MP131CAG3, STM32MP131DAE7, STM32MP131DAF7, STM32MP131DAG7, STM32MP131FAE7, STM32MP131FAF7, STM32MP131FAG7, STM32MP133AAE3, STM32MP133AAF3, STM32MP133AAG3, STM32MP133CAE3, STM32MP133CAF3, STM32MP133CAG3, STM32MP133DAE7, STM32MP133DAF7, STM32MP133DAG7, STM32MP133FAE7, STM32MP133FAF7, STM32MP133FAG7, STM32MP135AAE3, STM32MP135AAF3, STM32MP135AAG3, STM32MP135CAE3, STM32MP135CAF3, STM32MP135CAG3, STM32MP135DAE7, STM32MP135DAF7, STM32MP135DAG7, STM32MP135F-DK, STM32MP135FAE7, STM32MP135FAF7, STM32MP135FAF7T, STM32MP135FAF7U, STM32MP135FAG7, STM32MP231AAJ3, STM32MP231AAK3, STM32MP231AAL3, STM32MP231CAJ3, STM32MP231CAK3, STM32MP231CAL3, STM32MP231DAJ3, STM32MP231DAK3, STM32MP231DAL3, STM32MP231FAJ3, STM32MP231FAK3, STM32MP231FAL3, STM32MP233AAJ3, STM32MP233AAK3, STM32MP233AAL3, STM32MP233CAJ3, STM32MP233CAK3, STM32MP233CAL3, STM32MP233DAJ3, STM32MP233DAK3, STM32MP233DAL3, STM32MP233FAJ3, STM32MP233FAK3, STM32MP233FAL3, STM32MP235AAJ3, STM32MP235AAK3, STM32MP235AAL3, STM32MP235CAJ3, STM32MP235CAK3, STM32MP235CAL3, STM32MP235DAJ3, STM32MP235DAK3, STM32MP235DAL3, STM32MP235FAJ3, STM32MP235FAK3, STM32MP235FAL3, STM32MP251AAI3, STM32MP251AAJ3, STM32MP251AAK3, STM32MP251AAL3, STM32MP251CAI3, STM32MP251CAJ3, STM32MP251CAK3, STM32MP251CAL3, STM32MP251DAI3, STM32MP251DAJ3, STM32MP251DAK3, STM32MP251DAL3, STM32MP251FAI3, STM32MP251FAJ3, STM32MP251FAK3, STM32MP251FAL3, STM32MP253AAI3, STM32MP253AAJ3, STM32MP253AAK3, STM32MP253AAL3, STM32MP253CAI3, STM32MP253CAJ3, STM32MP253CAK3, STM32MP253CAL3, STM32MP253DAI3, STM32MP253DAJ3, STM32MP253DAK3, STM32MP253DAL3, STM32MP253FAI3, STM32MP253FAJ3, STM32MP253FAK3, STM32MP253FAL3, STM32MP255AAI3, STM32MP255AAJ3, STM32MP255AAK3, STM32MP255AAL3, STM32MP255CAI3, STM32MP255CAJ3, STM32MP255CAK3, STM32MP255CAL3, STM32MP255DAI3, STM32MP255DAJ3, STM32MP255DAK3, STM32MP255DAL3, STM32MP255FAI3, STM32MP255FAJ3, STM32MP255FAK3, STM32MP255FAL3, STM32MP257AAI3, STM32MP257AAJ3, STM32MP257AAK3, STM32MP257AAL3, STM32MP257CAI3, STM32MP257CAJ3, STM32MP257CAK3, STM32MP257CAL3, STM32MP257DAI3, STM32MP257DAJ3, STM32MP257DAK3, STM32MP257DAL3, STM32MP257F-DK, STM32MP257F-EV1, STM32MP257FAI3, STM32MP257FAJ3, STM32MP257FAK3, STM32MP257FAL3, STM32N645A0H3Q, STM32N645B0H3Q, STM32N645I0H3Q, STM32N645L0H3Q, STM32N645X0H3Q, STM32N645Z0H3Q, STM32N647A0H3Q, STM32N647B0H3Q, STM32N647I0H3Q, STM32N647L0H3Q, STM32N647X0H3Q, STM32N647Z0H3Q, STM32N655A0H3Q, STM32N655B0H3Q, STM32N655I0H3Q, STM32N655L0H3Q, STM32N655X0H3Q, STM32N655Z0H3Q, STM32N6570-DK, STM32N657A0H3Q, STM32N657B0H3Q, STM32N657I0H3Q, STM32N657L0H3Q, STM32N657X0H3Q, STM32N657Z0H3Q, STM32U031C6T6, STM32U031C6U6, STM32U031C8T6, STM32U031C8U6, STM32U031F4P6, STM32U031F6P6, STM32U031F8P6, STM32U031G6Y6TR, STM32U031G8Y6TR, STM32U031K4U6, STM32U031K6U6, STM32U031K8U6, STM32U031R6I6, STM32U031R6T6, STM32U031R8I6, STM32U031R8T6, STM32U073C8T6, STM32U073C8U6, STM32U073CBT6, STM32U073CBU6, STM32U073CCT6, STM32U073CCU6, STM32U073H8Y6TR, STM32U073HBY6TR, STM32U073HCY6TR, STM32U073K8U6, STM32U073KBU6, STM32U073KCU6, STM32U073M8I6, STM32U073M8T6, STM32U073MBI6, STM32U073MBT6, STM32U073MCI6, STM32U073MCT6, STM32U073R8I6, STM32U073R8T6, STM32U073RBI6, STM32U073RBT6, STM32U073RCI6, STM32U073RCT6, STM32U083C-DK, STM32U083CCT6, STM32U083CCU6, STM32U083HCY6TR, STM32U083KCU6, STM32U083MCI6, STM32U083MCT6, STM32U083RCI6, STM32U083RCT6, STM32U375CET6, STM32U375CET6Q, STM32U375CEU6, STM32U375CEU6Q, STM32U375CEY6QTR, STM32U375CGT6, STM32U375CGT6Q, STM32U375CGU6, STM32U375CGU6Q, STM32U375CGY6QTR, STM32U375KEU6, STM32U375KGU6, STM32U375REI6, STM32U375REI6Q, STM32U375RET6, STM32U375RET6Q, STM32U375REY6GTR, STM32U375REY6QTR, STM32U375RGI6, STM32U375RGI6Q, STM32U375RGT6, STM32U375RGT6Q, STM32U375RGY6GTR, STM32U375RGY6QTR, STM32U375VEI6, STM32U375VEI6Q, STM32U375VET6, STM32U375VET6Q, STM32U375VGI6, STM32U375VGI6Q, STM32U375VGT6, STM32U375VGT6Q, STM32U385CGT6, STM32U385CGT6Q, STM32U385CGU6, STM32U385CGU6Q, STM32U385CGY6QTR, STM32U385KGU6, STM32U385RGI6, STM32U385RGI6Q, STM32U385RGT6, STM32U385RGT6Q, STM32U385RGY6GTR, STM32U385RGY6QTR, STM32U385VGI6, STM32U385VGI6Q, STM32U385VGT6, STM32U385VGT6Q, STM32U535CBT6, STM32U535CBT6Q, STM32U535CBU6, STM32U535CBU6Q, STM32U535CCT6, STM32U535CCT6Q, STM32U535CCU6, STM32U535CCU6Q, STM32U535CET6, STM32U535CET6Q, STM32U535CEU6, STM32U535CEU6Q, STM32U535JEY6QTR, STM32U535NCY6QTR, STM32U535NEY6QTR, STM32U535RBI6, STM32U535RBI6Q, STM32U535RBT6, STM32U535RBT6Q, STM32U535RCI6, STM32U535RCI6Q, STM32U535RCT6, STM32U535RCT6Q, STM32U535REI6, STM32U535REI6Q, STM32U535RET6, STM32U535RET6Q, STM32U535VCI6, STM32U535VCI6Q, STM32U535VCT6, STM32U535VCT6Q, STM32U535VEI6, STM32U535VEI6Q, STM32U535VET6, STM32U535VET6Q, STM32U545CET6, STM32U545CET6Q, STM32U545CEU6, STM32U545CEU6Q, STM32U545JEY6QTR, STM32U545NEY6QTR, STM32U545REI6, STM32U545REI6Q, STM32U545RET6, STM32U545RET6Q, STM32U545VEI6, STM32U545VEI6Q, STM32U545VET6, STM32U545VET6Q, STM32U595AIH6, STM32U595AIH6Q, STM32U595AJH6, STM32U595AJH6Q, STM32U595QII6, STM32U595QII6Q, STM32U595QJI6, STM32U595QJI6Q, STM32U595RIT6, STM32U595RIT6Q, STM32U595RJT6, STM32U595RJT6Q, STM32U595VIT6, STM32U595VIT6Q, STM32U595VJT6, STM32U595VJT6Q, STM32U595ZIT6, STM32U595ZIT6Q, STM32U595ZIY6QTR, STM32U595ZJT6, STM32U595ZJT6Q, STM32U595ZJY6QTR, STM32U599BJY6QTR, STM32U599NIH6Q, STM32U599NJH6Q, STM32U599VIT6Q, STM32U599VJT6, STM32U599VJT6Q, STM32U599ZIT6Q, STM32U599ZIY6QTR, STM32U599ZJT6Q, STM32U599ZJY6QTR, STM32U5A5AJH6, STM32U5A5AJH6Q, STM32U5A5QII3Q , STM32U5A5QJI6, STM32U5A5QJI6Q, STM32U5A5RJT6, STM32U5A5RJT6Q, STM32U5A5VJT6, STM32U5A5VJT6Q, STM32U5A5ZJT6, STM32U5A5ZJT6Q, STM32U5A5ZJY6QTR, STM32U5A9BJY6QTR, STM32U5A9J-DK, STM32U5A9NJH6Q, STM32U5A9VJT6Q, STM32U5A9ZJT6Q, STM32U5A9ZJY6QTR, STM32U5F7VIT6, STM32U5F7VIT6Q, STM32U5F7VJT6, STM32U5F7VJT6Q, STM32U5F9BJY6QTR, STM32U5F9NJH6Q, STM32U5F9VIT6Q, STM32U5F9VJT6Q, STM32U5F9ZIJ6QTR, STM32U5F9ZIT6Q, STM32U5F9ZJJ6QTR, STM32U5F9ZJT6Q, STM32U5G7VJT6, STM32U5G7VJT6Q, STM32U5G9BJY6QTR, STM32U5G9J-DK1, STM32U5G9J-DK2, STM32U5G9NJH6Q, STM32U5G9VJT6Q, STM32U5G9ZJJ6QTR, STM32U5G9ZJT6Q, STM32WB05KZV6TR, STM32WB05KZV7TR, STM32WB05TZF6TR, STM32WB05TZF7TR, STM32WB06CCF6TR, STM32WB06CCF7TR, STM32WB06CCV6TR, STM32WB06CCV7TR, STM32WB06KCV6TR, STM32WB06KCV7TR, STM32WB07CCF6TR, STM32WB07CCF7TR, STM32WB07CCV6TR, STM32WB07CCV7TR, STM32WB07KCV6TR, STM32WB07KCV7TR, STM32WB09KEV6TR, STM32WB09KEV7TR, STM32WB09TEF6TR, STM32WB09TEF7TR, STM32WB1MMCH6, STM32WBA50KGU6, STM32WBA50KGU6TR, STM32WBA52CEU6, STM32WBA52CEU6TR, STM32WBA52CEU7, STM32WBA52CEU7TR, STM32WBA52CGU6, STM32WBA52CGU6TR, STM32WBA52CGU6U, STM32WBA52CGU7, STM32WBA52CGU7TR, STM32WBA52KEU6, STM32WBA52KEU6TR, STM32WBA52KGU6, STM32WBA52KGU6TR, STM32WBA54CEU6, STM32WBA54CEU6TR, STM32WBA54CEU7, STM32WBA54CEU7TR, STM32WBA54CGU6, STM32WBA54CGU6TR, STM32WBA54CGU7, STM32WBA54CGU7TR, STM32WBA54KEU6, STM32WBA54KEU6TR, STM32WBA54KEU7, STM32WBA54KEU7TR, STM32WBA54KGU6, STM32WBA54KGU6TR, STM32WBA54KGU7, STM32WBA54KGU7TR, STM32WBA55CEU6, STM32WBA55CEU6TR, STM32WBA55CEU7, STM32WBA55CEU7TR, STM32WBA55CGU6, STM32WBA55CGU6TR, STM32WBA55CGU6U, STM32WBA55CGU7, STM32WBA55CGU7TR, STM32WBA55G-DK1, STM32WBA55HEF6, STM32WBA55HEF7, STM32WBA55HGF6, STM32WBA55HGF7, STM32WBA55UEI6, STM32WBA55UEI6TR, STM32WBA55UEI7, STM32WBA55UEI7TR, STM32WBA55UGI6, STM32WBA55UGI6TR, STM32WBA55UGI7, STM32WBA55UGI7TR, STM32WBA5MJGH6TR, STM32WBA5MJGH6U, STM32WL33C8V6, STM32WL33C8V6TR, STM32WL33C8V7, STM32WL33C8V7TR, STM32WL33CBV6, STM32WL33CBV6TR, STM32WL33CBV7, STM32WL33CBV7TR, STM32WL33CCV6, STM32WL33CCV6TR, STM32WL33CCV7, STM32WL33CCV7A, STM32WL33CCV7ATR, STM32WL33CCV7TR, STM32WL33K8V6, STM32WL33K8V6TR, STM32WL33K8V7, STM32WL33K8V7TR, STM32WL33KBV6, STM32WL33KBV6TR, STM32WL33KBV7, STM32WL33KBV7TR, STM32WL33KCV6, STM32WL33KCV6TR, STM32WL33KCV7, STM32WL33KCV7TR, STM32WL5MOCH6, STM32WL5MOCH6TR]
2025-05-13 11:15:24,993 [INFO] BoardInfo:889 - No configuration file found for board NUCLEO-WBA65RI
2025-05-13 11:15:24,994 [INFO] DbBoards:161 - Board is not supported: NUCLEO-WBA65RI
2025-05-13 11:15:25,004 [INFO] BoardInfo:889 - No configuration file found for board P-NUCLEO-WB55
2025-05-13 11:15:25,005 [INFO] DbBoards:161 - Kit is not supported: P-NUCLEO-WB55
2025-05-13 11:15:25,010 [INFO] BoardInfo:889 - No configuration file found for board STEVAL-BFA001V1B
2025-05-13 11:15:25,011 [INFO] DbBoards:161 - Kit is not supported: STEVAL-BFA001V1B
2025-05-13 11:15:25,011 [INFO] BoardInfo:889 - No configuration file found for board STEVAL-BFA001V2B
2025-05-13 11:15:25,012 [INFO] DbBoards:161 - Kit is not supported: STEVAL-BFA001V2B
2025-05-13 11:15:25,171 [INFO] BoardInfo:889 - No configuration file found for board STM32WBA65I-DK1
2025-05-13 11:15:25,172 [INFO] DbBoards:161 - Board is not supported: STM32WBA65I-DK1
2025-05-13 11:15:25,172 [INFO] DbBoards:168 - Found 211 boards, 206 are supported
2025-05-13 11:15:25,172 [INFO] DbBoards:169 - Found 211 boards, 42 of them is supported for  Bsp
2025-05-13 11:15:25,175 [INFO] ApiDb:668 - CubeFinder database Data Model version=2.1
2025-05-13 11:15:25,175 [INFO] ApiDb:669 - CubeFinder database Configuration version=3.0.39
2025-05-13 11:15:25,175 [INFO] ApiDb:670 - CubeFinder database generation date=2025-04-23 (1745419778)
2025-05-13 11:15:25,175 [INFO] ApiDb:671 - CubeFinder database FW Pack versions=[FP-ATR-ASTRA1_V2.0.0, FP-SNS-FLIGHT1_V5.1.0, FP-SNS-MOTENV1_V5.0.0, FP-SNS-MOTENVWB1_V1.4.0, FP-SNS-SMARTAG2_V1.2.0, FP-SNS-STBOX1_V2.0.0, STM32Cube_FW_C0_V1.4.0, STM32Cube_FW_F4_V1.28.1, STM32Cube_FW_F7_V1.17.2, STM32Cube_FW_G0_V1.6.2, STM32Cube_FW_G4_V1.6.1, STM32Cube_FW_H5_V1.5.0, STM32Cube_FW_H7RS_V1.2.0, STM32Cube_FW_H7_V1.12.1, STM32Cube_FW_L0_V1.12.2, STM32Cube_FW_L4_V1.18.1, STM32Cube_FW_L5_V1.5.1, STM32Cube_FW_N6_V1.1.1, STM32Cube_FW_U0_V1.2.0, STM32Cube_FW_U3_V1.1.0, STM32Cube_FW_U5_V1.7.0, STM32Cube_FW_WB0_V1.2.0, STM32Cube_FW_WBA_V1.6.0, STM32Cube_FW_WB_V1.22.0, STM32Cube_FW_WL3_V1.1.0, STM32Cube_FW_WL_V1.3.1, X-CUBE-ALGOBUILD_V1.4.0, X-CUBE-ALS_V1.0.2, X-CUBE-AZRTOS-F4_V1.1.0, X-CUBE-AZRTOS-F7_V1.1.0, X-CUBE-AZRTOS-G0_V1.1.0, X-CUBE-AZRTOS-G4_V2.0.0, X-CUBE-AZRTOS-H7RS_V1.1.0, X-CUBE-AZRTOS-H7_V3.3.0, X-CUBE-AZRTOS-L4_V2.0.0, X-CUBE-AZRTOS-L5_V2.0.0, X-CUBE-AZRTOS-WB_V2.0.0, X-CUBE-AZRTOS-WL_V2.0.0, X-CUBE-BLE1_V7.1.0, X-CUBE-BLE2_V3.3.0, X-CUBE-BLEMGR_V4.0.0, X-CUBE-EEPRMA1_V5.1.0, X-CUBE-FREERTOS_V1.3.0, X-CUBE-GNSS1_V6.0.0, X-CUBE-MEMS1_V11.2.0, X-CUBE-NFC4_V3.0.0, X-CUBE-NFC7_V1.0.1, X-CUBE-SFXS2LP1_V4.0.0, X-CUBE-SUBG2_V5.0.0, X-CUBE-TOF1_V3.4.3]
2025-05-13 11:15:26,793 [INFO] ApiDb:240 - Found 858 in-development CPN: [B-G473E-ZEST1S, B-WB1M-WPAN1, B-WBA5M-WPAN, B-WL5M-SUBG1, NUCLEO-C031C6, NUCLEO-C051C8, NUCLEO-C071RB, NUCLEO-C092RC, NUCLEO-H503RB, NUCLEO-H533RE, NUCLEO-H563ZI, NUCLEO-H7S3L8, NUCLEO-N657X0-Q, NUCLEO-U031R8, NUCLEO-U083RC, NUCLEO-U385RG-Q, NUCLEO-U545RE-Q, NUCLEO-U5A5ZJ-Q, NUCLEO-WB05KZ, NUCLEO-WB07CC, NUCLEO-WB09KE, NUCLEO-WBA52CG, NUCLEO-WBA55CG, NUCLEO-WL33CC1, NUCLEO-WL33CC2, STEVAL-PROTEUS1, STEVAL-SMARTAG2, STEVAL-STWINBX1, STM320518-EVAL, STM32C0116-DK, STM32C011D6Y3TR, STM32C011D6Y6TR, STM32C011F4P3, STM32C011F4P6, STM32C011F4U3, STM32C011F4U6TR, STM32C011F6P3, STM32C011F6P6, STM32C011F6U3, STM32C011F6U6TR, STM32C011J4M3, STM32C011J4M6, STM32C011J6M3, STM32C011J6M6, STM32C0316-DK, STM32C031C4T3, STM32C031C4T6, STM32C031C4U3, STM32C031C4U6, STM32C031C6T3, STM32C031C6T6, STM32C031C6U3, STM32C031C6U6, STM32C031F4P3, STM32C031F4P6, STM32C031F6P3, STM32C031F6P6, STM32C031G4U3, STM32C031G4U6, STM32C031G6U3, STM32C031G6U6, STM32C031K4T3, STM32C031K4T6, STM32C031K4U3, STM32C031K4U6, STM32C031K6T3, STM32C031K6T6, STM32C031K6U3, STM32C031K6U6, STM32C051C6T6, STM32C051C6U6, STM32C051C8T6, STM32C051C8U6, STM32C051D8Y6TR, STM32C051F6P6, STM32C051F8P6, STM32C051G6U6, STM32C051G8U6, STM32C051K6T6, STM32C051K6U6, STM32C051K8T6, STM32C071C8T6, STM32C071C8T6N, STM32C071C8U6, STM32C071C8U6N, STM32C071CBT6, STM32C071CBT6N, STM32C071CBU6, STM32C071CBU6N, STM32C071F8P6, STM32C071F8P6N, STM32C071FBP6, STM32C071FBP6N, STM32C071FBY6TR, STM32C071G8U6, STM32C071G8U6N, STM32C071GBU6, STM32C071GBU6N, STM32C071K8T6, STM32C071K8T6N, STM32C071K8U6, STM32C071K8U6N, STM32C071KBT6, STM32C071KBT6N, STM32C071KBU6, STM32C071KBU6N, STM32C071R8T6, STM32C071R8T6N, STM32C071RBI6N, STM32C071RBT6, STM32C071RBT6N, STM32C091CBT6, STM32C091CBU6, STM32C091CCT6, STM32C091CCU6, STM32C091ECY6TR, STM32C091FBP6, STM32C091FCP6, STM32C091GBU6, STM32C091GCU6, STM32C091KBT6, STM32C091KBU6, STM32C091KCT6, STM32C091KCU6, STM32C091RBT6, STM32C091RCI6, STM32C091RCT6, STM32C092CBT6, STM32C092CBU6, STM32C092CCT6, STM32C092CCU6, STM32C092ECY6TR, STM32C092FBP6, STM32C092FCP6, STM32C092GBU6, STM32C092GCU6, STM32C092KBT6, STM32C092KBU6, STM32C092KCT6, STM32C092KCU6, STM32C092RBT6, STM32C092RCI6, STM32C092RCT6, STM32G071K8TXN, STM32G071K8UXN, STM32G081GBU6N, STM32G081KBT6N, STM32G081KBUXN, STM32G0B1CCT6N, STM32G0B1KCT6, STM32G0B1NEY6TR, STM32G0B1RCT6N, STM32G0C1CCT6, STM32G0C1CCT6N, STM32G0C1CCU6N, STM32G0C1CET6N, STM32G0C1CEU6N, STM32G0C1KCT6, STM32G0C1NEY6TR, STM32G0C1RCI6N, STM32G0C1RCT6N, STM32G0C1REI6N, STM32G0C1RET6N, STM32G0C1VCI6, STM32G0C1VEI6, STM32G411C6T3, STM32G411C6T6, STM32G411C6U3, STM32G411C6U6, STM32G411C8T3, STM32G411C8T6, STM32G411C8U3, STM32G411C8U6, STM32G411CBT3, STM32G411CBT6, STM32G411CBU3, STM32G411CBU6, STM32G411CCT3, STM32G411CCT6, STM32G411CCU3, STM32G411CCU6, STM32G411K6T3, STM32G411K6T6, STM32G411K6U3, STM32G411K6U6, STM32G411K8T3, STM32G411K8T6, STM32G411K8U3, STM32G411K8U6, STM32G411KBT3, STM32G411KBT6, STM32G411KBU3, STM32G411KBU6, STM32G411M6T3, STM32G411M6T6, STM32G411M8T3, STM32G411M8T6, STM32G411MBT3, STM32G411MBT6, STM32G411MCT3, STM32G411MCT6, STM32G411R6T3, STM32G411R6T6, STM32G411R8T3, STM32G411R8T6, STM32G411RBT3, STM32G411RBT6, STM32G411RCT3, STM32G411RCT6, STM32G414CBT3, STM32G414CBT6, STM32G414CBU3, STM32G414CBU6, STM32G414CCT3, STM32G414CCT6, STM32G414CCU3, STM32G414CCU6, STM32G414MBT3, STM32G414MBT6, STM32G414MCT3, STM32G414MCT6, STM32G414RBT3, STM32G414RBT6, STM32G414RCT3, STM32G414RCT6, STM32G414VBT3, STM32G414VBT6, STM32G414VCT3, STM32G414VCT6, STM32G431CBT3Z, STM32G431RBT3Z, STM32G471CCT6, STM32G471CCU6, STM32G471CET3, STM32G471CET6, STM32G471CEU3, STM32G471CEU6, STM32G471MCT6, STM32G471MET3, STM32G471MET6, STM32G471MEY6TR, STM32G471QCT6, STM32G471QET3, STM32G471RCT6, STM32G471RET3, STM32G471RET6, STM32G471VCH6, STM32G471VCI6, STM32G471VCT6, STM32G471VEH3, STM32G471VEH6, STM32G471VEI3, STM32G471VEI6, STM32G471VET3, STM32G471VET6, STM32G473QET3Z, STM32G473RET3Z, STM32G474CCT6, STM32G491RET3Z, STM32H503CBT6, STM32H503CBU6, STM32H503EBY6TR, STM32H503KBU6, STM32H503RBT6, STM32H523CCT6, STM32H523CCU6, STM32H523CET6, STM32H523CEU6, STM32H523HEY6TR, STM32H523RCT6, STM32H523RET6, STM32H523VCI6, STM32H523VCT6, STM32H523VEI6, STM32H523VET6, STM32H523ZCJ6, STM32H523ZCT6, STM32H523ZEJ6, STM32H523ZET6, STM32H533CET6, STM32H533CEU6, STM32H533HEY6TR, STM32H533RET6, STM32H533VEI6, STM32H533VET6, STM32H533ZEJ6, STM32H533ZET6, STM32H562AGI6, STM32H562AII6, STM32H562IGK6, STM32H562IGT6, STM32H562IIK6, STM32H562IIT6, STM32H562RGT6, STM32H562RGV6, STM32H562RIT6, STM32H562RIV6, STM32H562VGT6, STM32H562VIT6, STM32H562ZGT6, STM32H562ZIT6, STM32H563AGI6, STM32H563AII3Q, STM32H563AII6, STM32H563IGK6, STM32H563IGT6, STM32H563IIK3Q, STM32H563IIK6, STM32H563IIT3Q, STM32H563IIT6, STM32H563MIY3QTR, STM32H563RGT6, STM32H563RGV6, STM32H563RIT6, STM32H563RIV6, STM32H563VGT6, STM32H563VIT3Q, STM32H563VIT6, STM32H563ZGT6, STM32H563ZIT3Q, STM32H563ZIT6, STM32H573AII3Q, STM32H573AII6, STM32H573I-DK, STM32H573IIK3Q, STM32H573IIK6, STM32H573IIT3Q, STM32H573IIT6, STM32H573MIY3QTR, STM32H573RIT6, STM32H573RIV6, STM32H573VIT3Q, STM32H573VIT6, STM32H573ZIT3Q, STM32H573ZIT6, STM32H7R3A8I6, STM32H7R3I8K6, STM32H7R3I8T6, STM32H7R3L8H6, STM32H7R3L8H6H, STM32H7R3R8V6, STM32H7R3V8H6, STM32H7R3V8T6, STM32H7R3V8Y6TR, STM32H7R3Z8J6, STM32H7R3Z8T6, STM32H7R7A8I6, STM32H7R7I8K6, STM32H7R7I8T6, STM32H7R7L8H6, STM32H7R7L8H6H, STM32H7R7Z8J6, STM32H7S3A8I6, STM32H7S3I8K6, STM32H7S3I8T6, STM32H7S3L8H6, STM32H7S3L8H6H, STM32H7S3R8V6, STM32H7S3V8H6, STM32H7S3V8T6, STM32H7S3V8Y6TR, STM32H7S3Z8J6, STM32H7S3Z8T6, STM32H7S78-DK, STM32H7S7A8I6, STM32H7S7I8K6, STM32H7S7I8T6, STM32H7S7L8H6, STM32H7S7L8H6H, STM32H7S7Z8J6, STM32L4R5QGI6STR, STM32MP131AAE3, STM32MP131AAF3, STM32MP131AAG3, STM32MP131CAE3, STM32MP131CAF3, STM32MP131CAG3, STM32MP131DAE7, STM32MP131DAF7, STM32MP131DAG7, STM32MP131FAE7, STM32MP131FAF7, STM32MP131FAG7, STM32MP133AAE3, STM32MP133AAF3, STM32MP133AAG3, STM32MP133CAE3, STM32MP133CAF3, STM32MP133CAG3, STM32MP133DAE7, STM32MP133DAF7, STM32MP133DAG7, STM32MP133FAE7, STM32MP133FAF7, STM32MP133FAG7, STM32MP135AAE3, STM32MP135AAF3, STM32MP135AAG3, STM32MP135CAE3, STM32MP135CAF3, STM32MP135CAG3, STM32MP135DAE7, STM32MP135DAF7, STM32MP135DAG7, STM32MP135F-DK, STM32MP135FAE7, STM32MP135FAF7, STM32MP135FAF7T, STM32MP135FAF7U, STM32MP135FAG7, STM32MP231AAJ3, STM32MP231AAK3, STM32MP231AAL3, STM32MP231CAJ3, STM32MP231CAK3, STM32MP231CAL3, STM32MP231DAJ3, STM32MP231DAK3, STM32MP231DAL3, STM32MP231FAJ3, STM32MP231FAK3, STM32MP231FAL3, STM32MP233AAJ3, STM32MP233AAK3, STM32MP233AAL3, STM32MP233CAJ3, STM32MP233CAK3, STM32MP233CAL3, STM32MP233DAJ3, STM32MP233DAK3, STM32MP233DAL3, STM32MP233FAJ3, STM32MP233FAK3, STM32MP233FAL3, STM32MP235AAJ3, STM32MP235AAK3, STM32MP235AAL3, STM32MP235CAJ3, STM32MP235CAK3, STM32MP235CAL3, STM32MP235DAJ3, STM32MP235DAK3, STM32MP235DAL3, STM32MP235FAJ3, STM32MP235FAK3, STM32MP235FAL3, STM32MP251AAI3, STM32MP251AAJ3, STM32MP251AAK3, STM32MP251AAL3, STM32MP251CAI3, STM32MP251CAJ3, STM32MP251CAK3, STM32MP251CAL3, STM32MP251DAI3, STM32MP251DAJ3, STM32MP251DAK3, STM32MP251DAL3, STM32MP251FAI3, STM32MP251FAJ3, STM32MP251FAK3, STM32MP251FAL3, STM32MP253AAI3, STM32MP253AAJ3, STM32MP253AAK3, STM32MP253AAL3, STM32MP253CAI3, STM32MP253CAJ3, STM32MP253CAK3, STM32MP253CAL3, STM32MP253DAI3, STM32MP253DAJ3, STM32MP253DAK3, STM32MP253DAL3, STM32MP253FAI3, STM32MP253FAJ3, STM32MP253FAK3, STM32MP253FAL3, STM32MP255AAI3, STM32MP255AAJ3, STM32MP255AAK3, STM32MP255AAL3, STM32MP255CAI3, STM32MP255CAJ3, STM32MP255CAK3, STM32MP255CAL3, STM32MP255DAI3, STM32MP255DAJ3, STM32MP255DAK3, STM32MP255DAL3, STM32MP255FAI3, STM32MP255FAJ3, STM32MP255FAK3, STM32MP255FAL3, STM32MP257AAI3, STM32MP257AAJ3, STM32MP257AAK3, STM32MP257AAL3, STM32MP257CAI3, STM32MP257CAJ3, STM32MP257CAK3, STM32MP257CAL3, STM32MP257DAI3, STM32MP257DAJ3, STM32MP257DAK3, STM32MP257DAL3, STM32MP257F-DK, STM32MP257F-EV1, STM32MP257FAI3, STM32MP257FAJ3, STM32MP257FAK3, STM32MP257FAL3, STM32N645A0H3Q, STM32N645B0H3Q, STM32N645I0H3Q, STM32N645L0H3Q, STM32N645X0H3Q, STM32N645Z0H3Q, STM32N647A0H3Q, STM32N647B0H3Q, STM32N647I0H3Q, STM32N647L0H3Q, STM32N647X0H3Q, STM32N647Z0H3Q, STM32N655A0H3Q, STM32N655B0H3Q, STM32N655I0H3Q, STM32N655L0H3Q, STM32N655X0H3Q, STM32N655Z0H3Q, STM32N6570-DK, STM32N657A0H3Q, STM32N657B0H3Q, STM32N657I0H3Q, STM32N657L0H3Q, STM32N657X0H3Q, STM32N657Z0H3Q, STM32U031C6T6, STM32U031C6U6, STM32U031C8T6, STM32U031C8U6, STM32U031F4P6, STM32U031F6P6, STM32U031F8P6, STM32U031G6Y6TR, STM32U031G8Y6TR, STM32U031K4U6, STM32U031K6U6, STM32U031K8U6, STM32U031R6I6, STM32U031R6T6, STM32U031R8I6, STM32U031R8T6, STM32U073C8T6, STM32U073C8U6, STM32U073CBT6, STM32U073CBU6, STM32U073CCT6, STM32U073CCU6, STM32U073H8Y6TR, STM32U073HBY6TR, STM32U073HCY6TR, STM32U073K8U6, STM32U073KBU6, STM32U073KCU6, STM32U073M8I6, STM32U073M8T6, STM32U073MBI6, STM32U073MBT6, STM32U073MCI6, STM32U073MCT6, STM32U073R8I6, STM32U073R8T6, STM32U073RBI6, STM32U073RBT6, STM32U073RCI6, STM32U073RCT6, STM32U083C-DK, STM32U083CCT6, STM32U083CCU6, STM32U083HCY6TR, STM32U083KCU6, STM32U083MCI6, STM32U083MCT6, STM32U083RCI6, STM32U083RCT6, STM32U375CET6, STM32U375CET6Q, STM32U375CEU6, STM32U375CEU6Q, STM32U375CEY6QTR, STM32U375CGT6, STM32U375CGT6Q, STM32U375CGU6, STM32U375CGU6Q, STM32U375CGY6QTR, STM32U375KEU6, STM32U375KGU6, STM32U375REI6, STM32U375REI6Q, STM32U375RET6, STM32U375RET6Q, STM32U375REY6GTR, STM32U375REY6QTR, STM32U375RGI6, STM32U375RGI6Q, STM32U375RGT6, STM32U375RGT6Q, STM32U375RGY6GTR, STM32U375RGY6QTR, STM32U375VEI6, STM32U375VEI6Q, STM32U375VET6, STM32U375VET6Q, STM32U375VGI6, STM32U375VGI6Q, STM32U375VGT6, STM32U375VGT6Q, STM32U385CGT6, STM32U385CGT6Q, STM32U385CGU6, STM32U385CGU6Q, STM32U385CGY6QTR, STM32U385KGU6, STM32U385RGI6, STM32U385RGI6Q, STM32U385RGT6, STM32U385RGT6Q, STM32U385RGY6GTR, STM32U385RGY6QTR, STM32U385VGI6, STM32U385VGI6Q, STM32U385VGT6, STM32U385VGT6Q, STM32U535CBT6, STM32U535CBT6Q, STM32U535CBU6, STM32U535CBU6Q, STM32U535CCT6, STM32U535CCT6Q, STM32U535CCU6, STM32U535CCU6Q, STM32U535CET6, STM32U535CET6Q, STM32U535CEU6, STM32U535CEU6Q, STM32U535JEY6QTR, STM32U535NCY6QTR, STM32U535NEY6QTR, STM32U535RBI6, STM32U535RBI6Q, STM32U535RBT6, STM32U535RBT6Q, STM32U535RCI6, STM32U535RCI6Q, STM32U535RCT6, STM32U535RCT6Q, STM32U535REI6, STM32U535REI6Q, STM32U535RET6, STM32U535RET6Q, STM32U535VCI6, STM32U535VCI6Q, STM32U535VCT6, STM32U535VCT6Q, STM32U535VEI6, STM32U535VEI6Q, STM32U535VET6, STM32U535VET6Q, STM32U545CET6, STM32U545CET6Q, STM32U545CEU6, STM32U545CEU6Q, STM32U545JEY6QTR, STM32U545NEY6QTR, STM32U545REI6, STM32U545REI6Q, STM32U545RET6, STM32U545RET6Q, STM32U545VEI6, STM32U545VEI6Q, STM32U545VET6, STM32U545VET6Q, STM32U595AIH6, STM32U595AIH6Q, STM32U595AJH6, STM32U595AJH6Q, STM32U595QII6, STM32U595QII6Q, STM32U595QJI6, STM32U595QJI6Q, STM32U595RIT6, STM32U595RIT6Q, STM32U595RJT6, STM32U595RJT6Q, STM32U595VIT6, STM32U595VIT6Q, STM32U595VJT6, STM32U595VJT6Q, STM32U595ZIT6, STM32U595ZIT6Q, STM32U595ZIY6QTR, STM32U595ZJT6, STM32U595ZJT6Q, STM32U595ZJY6QTR, STM32U599BJY6QTR, STM32U599NIH6Q, STM32U599NJH6Q, STM32U599VIT6Q, STM32U599VJT6, STM32U599VJT6Q, STM32U599ZIT6Q, STM32U599ZIY6QTR, STM32U599ZJT6Q, STM32U599ZJY6QTR, STM32U5A5AJH6, STM32U5A5AJH6Q, STM32U5A5QII3Q , STM32U5A5QJI6, STM32U5A5QJI6Q, STM32U5A5RJT6, STM32U5A5RJT6Q, STM32U5A5VJT6, STM32U5A5VJT6Q, STM32U5A5ZJT6, STM32U5A5ZJT6Q, STM32U5A5ZJY6QTR, STM32U5A9BJY6QTR, STM32U5A9J-DK, STM32U5A9NJH6Q, STM32U5A9VJT6Q, STM32U5A9ZJT6Q, STM32U5A9ZJY6QTR, STM32U5F7VIT6, STM32U5F7VIT6Q, STM32U5F7VJT6, STM32U5F7VJT6Q, STM32U5F9BJY6QTR, STM32U5F9NJH6Q, STM32U5F9VIT6Q, STM32U5F9VJT6Q, STM32U5F9ZIJ6QTR, STM32U5F9ZIT6Q, STM32U5F9ZJJ6QTR, STM32U5F9ZJT6Q, STM32U5G7VJT6, STM32U5G7VJT6Q, STM32U5G9BJY6QTR, STM32U5G9J-DK1, STM32U5G9J-DK2, STM32U5G9NJH6Q, STM32U5G9VJT6Q, STM32U5G9ZJJ6QTR, STM32U5G9ZJT6Q, STM32WB05KZV6TR, STM32WB05KZV7TR, STM32WB05TZF6TR, STM32WB05TZF7TR, STM32WB06CCF6TR, STM32WB06CCF7TR, STM32WB06CCV6TR, STM32WB06CCV7TR, STM32WB06KCV6TR, STM32WB06KCV7TR, STM32WB07CCF6TR, STM32WB07CCF7TR, STM32WB07CCV6TR, STM32WB07CCV7TR, STM32WB07KCV6TR, STM32WB07KCV7TR, STM32WB09KEV6TR, STM32WB09KEV7TR, STM32WB09TEF6TR, STM32WB09TEF7TR, STM32WB1MMCH6, STM32WBA50KGU6, STM32WBA50KGU6TR, STM32WBA52CEU6, STM32WBA52CEU6TR, STM32WBA52CEU7, STM32WBA52CEU7TR, STM32WBA52CGU6, STM32WBA52CGU6TR, STM32WBA52CGU6U, STM32WBA52CGU7, STM32WBA52CGU7TR, STM32WBA52KEU6, STM32WBA52KEU6TR, STM32WBA52KGU6, STM32WBA52KGU6TR, STM32WBA54CEU6, STM32WBA54CEU6TR, STM32WBA54CEU7, STM32WBA54CEU7TR, STM32WBA54CGU6, STM32WBA54CGU6TR, STM32WBA54CGU7, STM32WBA54CGU7TR, STM32WBA54KEU6, STM32WBA54KEU6TR, STM32WBA54KEU7, STM32WBA54KEU7TR, STM32WBA54KGU6, STM32WBA54KGU6TR, STM32WBA54KGU7, STM32WBA54KGU7TR, STM32WBA55CEU6, STM32WBA55CEU6TR, STM32WBA55CEU7, STM32WBA55CEU7TR, STM32WBA55CGU6, STM32WBA55CGU6TR, STM32WBA55CGU6U, STM32WBA55CGU7, STM32WBA55CGU7TR, STM32WBA55G-DK1, STM32WBA55HEF6, STM32WBA55HEF7, STM32WBA55HGF6, STM32WBA55HGF7, STM32WBA55UEI6, STM32WBA55UEI6TR, STM32WBA55UEI7, STM32WBA55UEI7TR, STM32WBA55UGI6, STM32WBA55UGI6TR, STM32WBA55UGI7, STM32WBA55UGI7TR, STM32WBA5MJGH6TR, STM32WBA5MJGH6U, STM32WL33C8V6, STM32WL33C8V6TR, STM32WL33C8V7, STM32WL33C8V7TR, STM32WL33CBV6, STM32WL33CBV6TR, STM32WL33CBV7, STM32WL33CBV7TR, STM32WL33CCV6, STM32WL33CCV6TR, STM32WL33CCV7, STM32WL33CCV7A, STM32WL33CCV7ATR, STM32WL33CCV7TR, STM32WL33K8V6, STM32WL33K8V6TR, STM32WL33K8V7, STM32WL33K8V7TR, STM32WL33KBV6, STM32WL33KBV6TR, STM32WL33KBV7, STM32WL33KBV7TR, STM32WL33KCV6, STM32WL33KCV6TR, STM32WL33KCV7, STM32WL33KCV7TR, STM32WL5MOCH6, STM32WL5MOCH6TR]
2025-05-13 11:15:26,795 [INFO] DbMcus:218 - Found 4674 MCUs, 4674 are supported
2025-05-13 11:15:26,803 [INFO] ApiDb:423 - Load user favorites file C:\Users\Miloush/.stm32cubeide/favorites.mcus.txt: 3 item(s)
2025-05-13 11:15:26,803 [INFO] ApiDb:427 - User favorites MCUs=[STM32F446RET6, STM32G431KBT6, STM32G474CBT3]
2025-05-13 11:15:26,803 [INFO] DbMcus:224 - Set 3 / 3 favorites MCUs
2025-05-13 11:15:27,047 [INFO] ApiDb:423 - Load user favorites file C:\Users\Miloush/.stm32cubeide/favorites.boards.txt: 0 item(s)
2025-05-13 11:15:27,047 [INFO] ApiDb:427 - User favorites Boards=[]
2025-05-13 11:15:27,047 [INFO] DbBoards:198 - Set 0 / 0 favorites Boards
2025-05-13 11:15:27,087 [INFO] UtilMem:75 - End LoadConfig() Used Memory: 958870096 Bytes (1073741824)
2025-05-13 11:15:27,187 [WARN] ThirdParty:833 - waiting for thirdparty lock release [change project]
2025-05-13 11:15:27,188 [INFO] ThirdParty:835 - entering critical section [change project]
2025-05-13 11:15:27,188 [INFO] ThirdParty:1030 - CMSIS Pack Vendor :STMicroelectronics USBPD 4.1
2025-05-13 11:15:27,188 [INFO] ThirdParty:1030 - CMSIS Pack Vendor :STMicroelectronics USB_HOST 2.0.0
2025-05-13 11:15:27,188 [INFO] ThirdParty:1030 - CMSIS Pack Vendor :STMicroelectronics FP-SNS-MOTENVWB1 1.4.0
2025-05-13 11:15:27,188 [INFO] ThirdParty:1030 - CMSIS Pack Vendor :STMicroelectronics X-CUBE-AZRTOS-F4 1.1.0
2025-05-13 11:15:27,188 [INFO] ThirdParty:1030 - CMSIS Pack Vendor :STMicroelectronics LIBJPEG 8.0.0
2025-05-13 11:15:27,188 [INFO] ThirdParty:1030 - CMSIS Pack Vendor :STMicroelectronics FP-ATR-ASTRA1 2.0.2
2025-05-13 11:15:27,188 [INFO] ThirdParty:1030 - CMSIS Pack Vendor :STMicroelectronics FP-ATR-ASTRA1 2.0.1
2025-05-13 11:15:27,188 [INFO] ThirdParty:1030 - CMSIS Pack Vendor :Avnet-IotConnect X-CUBE-IoTC-DA16k-PMOD 1.0.0
2025-05-13 11:15:27,188 [INFO] ThirdParty:1030 - CMSIS Pack Vendor :STMicroelectronics X-CUBE-SMBUS 2.1.0
2025-05-13 11:15:27,188 [INFO] ThirdParty:1030 - CMSIS Pack Vendor :STMicroelectronics X-CUBE-WB05N 1.1.0
2025-05-13 11:15:27,188 [INFO] ThirdParty:1030 - CMSIS Pack Vendor :STMicroelectronics X-CUBE-ISPU 2.1.0
2025-05-13 11:15:27,188 [INFO] ThirdParty:1030 - CMSIS Pack Vendor :STMicroelectronics X-CUBE-FREERTOS 1.2.0
2025-05-13 11:15:27,188 [INFO] ThirdParty:1030 - CMSIS Pack Vendor :STMicroelectronics X-CUBE-AZRTOS-F7 1.1.0
2025-05-13 11:15:27,188 [INFO] ThirdParty:1030 - CMSIS Pack Vendor :STMicroelectronics X-CUBE-AZRTOS-L5 2.0.0
2025-05-13 11:15:27,188 [INFO] ThirdParty:1030 - CMSIS Pack Vendor :STMicroelectronics USB_DEVICE 2.0.0
2025-05-13 11:15:27,188 [INFO] ThirdParty:1030 - CMSIS Pack Vendor :STMicroelectronics X-CUBE-NFC6 3.1.0
2025-05-13 11:15:27,188 [INFO] ThirdParty:1030 - CMSIS Pack Vendor :STMicroelectronics X-CUBE-MEMS1 11.0.0
2025-05-13 11:15:27,188 [INFO] ThirdParty:1030 - CMSIS Pack Vendor :STMicroelectronics FreeRTOS 0.0.1
2025-05-13 11:15:27,188 [INFO] ThirdParty:1030 - CMSIS Pack Vendor :STMicroelectronics X-CUBE-DPower 1.2.0
2025-05-13 11:15:27,188 [INFO] ThirdParty:1030 - CMSIS Pack Vendor :STMicroelectronics FP-SNS-FLIGHT1 5.0.2
2025-05-13 11:15:27,189 [INFO] ThirdParty:1030 - CMSIS Pack Vendor :STMicroelectronics PDM2PCM 3.3.0
2025-05-13 11:15:27,189 [INFO] ThirdParty:1030 - CMSIS Pack Vendor :STMicroelectronics X-CUBE-DISPLAY 3.0.0
2025-05-13 11:15:27,189 [INFO] ThirdParty:1030 - CMSIS Pack Vendor :STMicroelectronics X-CUBE-BLE1 7.0.0
2025-05-13 11:15:27,189 [INFO] ThirdParty:1030 - CMSIS Pack Vendor :STMicroelectronics X-CUBE-NFC10 1.0.0
2025-05-13 11:15:27,189 [INFO] ThirdParty:1030 - CMSIS Pack Vendor :STMicroelectronics X-CUBE-BLEMGR 4.0.0
2025-05-13 11:15:27,189 [INFO] ThirdParty:1030 - CMSIS Pack Vendor :STMicroelectronics X-CUBE-FREERTOS 1.3.1
2025-05-13 11:15:27,189 [INFO] ThirdParty:1030 - CMSIS Pack Vendor :STMicroelectronics HAL Drivers 0.0.0
2025-05-13 11:15:27,189 [INFO] ThirdParty:1030 - CMSIS Pack Vendor :emotas I-CUBE-CANOPEN 1.3.0
2025-05-13 11:15:27,189 [INFO] ThirdParty:1030 - CMSIS Pack Vendor :STMicroelectronics X-CUBE-FREERTOS 1.3.0
2025-05-13 11:15:27,189 [INFO] ThirdParty:1030 - CMSIS Pack Vendor :STMicroelectronics X-CUBE-NFC7 1.0.1
2025-05-13 11:15:27,189 [INFO] ThirdParty:1030 - CMSIS Pack Vendor :STMicroelectronics MBEDTLS 2.14.1
2025-05-13 11:15:27,189 [INFO] ThirdParty:1030 - CMSIS Pack Vendor :STMicroelectronics X-CUBE-BLEMGR 3.1.0
2025-05-13 11:15:27,189 [INFO] ThirdParty:1030 - CMSIS Pack Vendor :STMicroelectronics X-CUBE-AI 10.0.0
2025-05-13 11:15:27,189 [INFO] ThirdParty:1030 - CMSIS Pack Vendor :STMicroelectronics FP-SNS-SMARTAG2 1.2.0
2025-05-13 11:15:27,189 [INFO] ThirdParty:1030 - CMSIS Pack Vendor :STMicroelectronics FP-SNS-FLIGHT1 5.1.0
2025-05-13 11:15:27,189 [INFO] ThirdParty:1030 - CMSIS Pack Vendor :STMicroelectronics X-CUBE-MEMS1 11.1.0
2025-05-13 11:15:27,189 [INFO] ThirdParty:1030 - CMSIS Pack Vendor :STMicroelectronics X-CUBE-AZRTOS-WL 2.0.0
2025-05-13 11:15:27,189 [INFO] ThirdParty:1030 - CMSIS Pack Vendor :STMicroelectronics X-CUBE-DPower 1.3.0
2025-05-13 11:15:27,189 [INFO] ThirdParty:1030 - CMSIS Pack Vendor :STMicroelectronics FP-SNS-MOTENV1 5.0.0
2025-05-13 11:15:27,189 [INFO] ThirdParty:1030 - CMSIS Pack Vendor :STMicroelectronics USB_DEVICE 1.0.0
2025-05-13 11:15:27,189 [INFO] ThirdParty:1030 - CMSIS Pack Vendor :wolfSSL I-CUBE-wolfMQTT 1.19.0
2025-05-13 11:15:27,189 [INFO] ThirdParty:1030 - CMSIS Pack Vendor :STMicroelectronics X-CUBE-AZRTOS-L4 2.0.0
2025-05-13 11:15:27,189 [INFO] ThirdParty:1030 - CMSIS Pack Vendor :STMicroelectronics ThreadX 0.0.2
2025-05-13 11:15:27,189 [INFO] ThirdParty:1030 - CMSIS Pack Vendor :WES I-CUBE-Cesium 1.3.0
2025-05-13 11:15:27,189 [INFO] ThirdParty:1030 - CMSIS Pack Vendor :STMicroelectronics lwIP 2.1.2
2025-05-13 11:15:27,189 [INFO] ThirdParty:1030 - CMSIS Pack Vendor :STMicroelectronics X-CUBE-SFXS2LP1 4.0.0
2025-05-13 11:15:27,189 [INFO] ThirdParty:1030 - CMSIS Pack Vendor :STMicroelectronics X-CUBE-BLE2 3.3.0
2025-05-13 11:15:27,189 [INFO] ThirdParty:1030 - CMSIS Pack Vendor :STMicroelectronics PDM2PCM 3.2.0
2025-05-13 11:15:27,189 [INFO] ThirdParty:1030 - CMSIS Pack Vendor :STMicroelectronics X-CUBE-AZRTOS-H7 3.3.0
2025-05-13 11:15:27,189 [INFO] ThirdParty:1030 - CMSIS Pack Vendor :STMicroelectronics X-CUBE-NFC9 1.0.0
2025-05-13 11:15:27,189 [INFO] ThirdParty:1030 - CMSIS Pack Vendor :STMicroelectronics X-CUBE-BLE1 7.1.0
2025-05-13 11:15:27,189 [INFO] ThirdParty:1030 - CMSIS Pack Vendor :STMicroelectronics USB_DEVICE 3.0.0
2025-05-13 11:15:27,189 [INFO] ThirdParty:1030 - CMSIS Pack Vendor :STMicroelectronics X-CUBE-TCPP 4.1.0
2025-05-13 11:15:27,189 [INFO] ThirdParty:1030 - CMSIS Pack Vendor :STMicroelectronics X-CUBE-IPS 3.0.0
2025-05-13 11:15:27,189 [INFO] ThirdParty:1030 - CMSIS Pack Vendor :STMicroelectronics X-CUBE-AZRTOS-WB 2.0.0
2025-05-13 11:15:27,189 [INFO] ThirdParty:1030 - CMSIS Pack Vendor :STMicroelectronics X-CUBE-GNSS1 7.0.0
2025-05-13 11:15:27,189 [INFO] ThirdParty:1030 - CMSIS Pack Vendor :STMicroelectronics X-CUBE-GNSS1 7.0.1
2025-05-13 11:15:27,189 [INFO] ThirdParty:1030 - CMSIS Pack Vendor :STMicroelectronics X-CUBE-TOUCHGFX 4.25.0
2025-05-13 11:15:27,189 [INFO] ThirdParty:1030 - CMSIS Pack Vendor :STMicroelectronics FP-SNS-STBOX1 2.0.0
2025-05-13 11:15:27,189 [INFO] ThirdParty:1030 - CMSIS Pack Vendor :STMicroelectronics X-CUBE-MEMS1 11.2.0
2025-05-13 11:15:27,189 [INFO] ThirdParty:1030 - CMSIS Pack Vendor :STMicroelectronics X-CUBE-AZRTOS-G0 1.1.0
2025-05-13 11:15:27,190 [INFO] ThirdParty:1030 - CMSIS Pack Vendor :STMicroelectronics X-CUBE-SAFEA1 1.2.2
2025-05-13 11:15:27,190 [INFO] ThirdParty:1030 - CMSIS Pack Vendor :STMicroelectronics X-CUBE-NFC4 3.0.0
2025-05-13 11:15:27,190 [INFO] ThirdParty:1030 - CMSIS Pack Vendor :STMicroelectronics X-CUBE-SUBG2 5.0.0
2025-05-13 11:15:27,190 [INFO] ThirdParty:1030 - CMSIS Pack Vendor :STMicroelectronics X-CUBE-AZRTOS-H7RS 1.1.0
2025-05-13 11:15:27,190 [INFO] ThirdParty:1030 - CMSIS Pack Vendor :STMicroelectronics STM32_WPAN 1.0.0
2025-05-13 11:15:27,190 [INFO] ThirdParty:1030 - CMSIS Pack Vendor :EmbeddedOffice I-CUBE-FS-RTOS 1.0.1
2025-05-13 11:15:27,190 [INFO] ThirdParty:1030 - CMSIS Pack Vendor :STMicroelectronics lwIP 2.0.3
2025-05-13 11:15:27,190 [INFO] ThirdParty:1030 - CMSIS Pack Vendor :Cesanta I-CUBE-Mongoose 7.13.0
2025-05-13 11:15:27,190 [INFO] ThirdParty:1030 - CMSIS Pack Vendor :STMicroelectronics USB_HOST 1.0.0
2025-05-13 11:15:27,190 [INFO] ThirdParty:1030 - CMSIS Pack Vendor :STMicroelectronics X-CUBE-AZRTOS-G4 2.0.0
2025-05-13 11:15:27,190 [INFO] ThirdParty:1030 - CMSIS Pack Vendor :STMicroelectronics X-CUBE-WB05N 2.0.0
2025-05-13 11:15:27,190 [INFO] ThirdParty:1030 - CMSIS Pack Vendor :STMicroelectronics PDM2PCM 3.1.0
2025-05-13 11:15:27,190 [INFO] ThirdParty:1030 - CMSIS Pack Vendor :STMicroelectronics X-CUBE-NFC7 2.0.0
2025-05-13 11:15:27,190 [INFO] ThirdParty:1030 - CMSIS Pack Vendor :STMicroelectronics X-CUBE-TCPP 4.2.0
2025-05-13 11:15:27,190 [INFO] ThirdParty:1030 - CMSIS Pack Vendor :RealThread X-CUBE-RT-Thread_Nano 4.1.1
2025-05-13 11:15:27,190 [INFO] ThirdParty:1030 - CMSIS Pack Vendor :STMicroelectronics FP-ATR-SIGFOX1 3.2.0
2025-05-13 11:15:27,190 [INFO] ThirdParty:1030 - CMSIS Pack Vendor :wolfSSL I-CUBE-wolfSSL 5.7.2
2025-05-13 11:15:27,190 [INFO] ThirdParty:1030 - CMSIS Pack Vendor :quantropi X-CUBE-qispace-sdk-base 1.9.3
2025-05-13 11:15:27,190 [INFO] ThirdParty:1030 - CMSIS Pack Vendor :STMicroelectronics X-CUBE-EEPRMA1 5.1.0
2025-05-13 11:15:27,190 [INFO] ThirdParty:1030 - CMSIS Pack Vendor :STMicroelectronics MBEDTLS 2.16.2
2025-05-13 11:15:27,190 [INFO] ThirdParty:1030 - CMSIS Pack Vendor :STMicroelectronics X-CUBE-IPS 3.1.0
2025-05-13 11:15:27,190 [INFO] ThirdParty:1030 - CMSIS Pack Vendor :STMicroelectronics X-CUBE-ALS 1.0.2
2025-05-13 11:15:27,190 [INFO] ThirdParty:1030 - CMSIS Pack Vendor :ITTIA_DB I-CUBE-ITTIADB 8.9.0
2025-05-13 11:15:27,190 [INFO] ThirdParty:1030 - CMSIS Pack Vendor :STMicroelectronics X-CUBE-TOUCHGFX 4.24.2
2025-05-13 11:15:27,190 [INFO] ThirdParty:1030 - CMSIS Pack Vendor :STMicroelectronics X-CUBE-TOUCHGFX 4.24.1
2025-05-13 11:15:27,190 [INFO] ThirdParty:1030 - CMSIS Pack Vendor :wolfSSL I-CUBE-wolfTPM 3.4.0
2025-05-13 11:15:27,190 [INFO] ThirdParty:1030 - CMSIS Pack Vendor :portGmbH I-Cube-SoM-uGOAL 1.1.0
2025-05-13 11:15:27,190 [INFO] ThirdParty:1030 - CMSIS Pack Vendor :STMicroelectronics ThreadX 1.0.0
2025-05-13 11:15:27,190 [INFO] ThirdParty:1030 - CMSIS Pack Vendor :SEGGER I-CUBE-embOS 1.3.1
2025-05-13 11:15:27,190 [INFO] ThirdParty:1030 - CMSIS Pack Vendor :STMicroelectronics X-CUBE-ALGOBUILD 1.4.0
2025-05-13 11:15:27,190 [INFO] ThirdParty:1030 - CMSIS Pack Vendor :STMicroelectronics X-CUBE-AZRTOS-H7RS 1.0.0
2025-05-13 11:15:27,190 [INFO] ThirdParty:1030 - CMSIS Pack Vendor :STMicroelectronics FP-ATR-ASTRA1 2.0.0
2025-05-13 11:15:27,190 [INFO] ThirdParty:1030 - CMSIS Pack Vendor :STMicroelectronics X-CUBE-TOF1 3.4.2
2025-05-13 11:15:27,190 [INFO] ThirdParty:1030 - CMSIS Pack Vendor :STMicroelectronics X-CUBE-TOF1 3.4.3
2025-05-13 11:15:27,190 [INFO] ThirdParty:1030 - CMSIS Pack Vendor :STMicroelectronics X-CUBE-AI 9.1.0
2025-05-13 11:15:27,190 [INFO] ThirdParty:1030 - CMSIS Pack Vendor :Infineon AIROC-Wi-Fi-Bluetooth-STM32 1.6.1
2025-05-13 11:15:27,190 [INFO] ThirdParty:1030 - CMSIS Pack Vendor :wolfSSL I-CUBE-wolfSSH 1.4.17
2025-05-13 11:15:27,191 [INFO] ThirdParty:841 - exiting critical section [change project]
2025-05-13 11:15:27,511 [INFO] PinOutPanel:1589 - setPackage(No Configuration,No Configuration)
2025-05-13 11:15:27,512 [INFO] PinOutPanel:1589 - setPackage(STM32G431RBTx,LQFP64)
2025-05-13 11:15:27,908 [INFO] UtilMem:75 - Before build in PCC Used Memory: 882376704 Bytes (1073741824)
2025-05-13 11:15:28,806 [INFO] UtilMem:75 - After build in PCC Used Memory: 678469896 Bytes (1073741824)
2025-05-13 11:15:28,832 [INFO] IPUIPlugin:80 - create IPUIPlugin
2025-05-13 11:15:28,832 [INFO] IPUIPlugin:80 - create IPUIPlugin
2025-05-13 11:15:28,832 [INFO] IPUIPlugin:80 - create IPUIPlugin
2025-05-13 11:15:28,833 [INFO] IPUIPlugin:80 - create IPUIPlugin
2025-05-13 11:15:28,833 [INFO] IPUIPlugin:80 - create IPUIPlugin
2025-05-13 11:15:28,833 [INFO] IPUIPlugin:80 - create IPUIPlugin
2025-05-13 11:15:28,833 [INFO] IPUIPlugin:80 - create IPUIPlugin
2025-05-13 11:15:28,833 [INFO] IPUIPlugin:80 - create IPUIPlugin
2025-05-13 11:15:28,833 [INFO] IPUIPlugin:80 - create IPUIPlugin
2025-05-13 11:15:28,833 [INFO] IPUIPlugin:80 - create IPUIPlugin
2025-05-13 11:15:28,833 [INFO] IPUIPlugin:80 - create IPUIPlugin
2025-05-13 11:15:28,833 [INFO] IPUIPlugin:80 - create IPUIPlugin
2025-05-13 11:15:28,833 [INFO] IPUIPlugin:80 - create IPUIPlugin
2025-05-13 11:15:28,833 [INFO] IPUIPlugin:80 - create IPUIPlugin
2025-05-13 11:15:28,833 [INFO] IPUIPlugin:80 - create IPUIPlugin
2025-05-13 11:15:28,834 [INFO] IPUIPlugin:80 - create IPUIPlugin
2025-05-13 11:15:28,834 [INFO] IPUIPlugin:80 - create IPUIPlugin
2025-05-13 11:15:28,834 [INFO] IPUIPlugin:80 - create IPUIPlugin
2025-05-13 11:15:28,834 [INFO] IPUIPlugin:80 - create IPUIPlugin
2025-05-13 11:15:28,834 [INFO] IPUIPlugin:80 - create IPUIPlugin
2025-05-13 11:15:28,834 [INFO] IPUIPlugin:80 - create IPUIPlugin
2025-05-13 11:15:28,834 [INFO] IPUIPlugin:80 - create IPUIPlugin
2025-05-13 11:15:28,834 [INFO] IPUIPlugin:80 - create IPUIPlugin
2025-05-13 11:15:28,834 [INFO] IPUIPlugin:80 - create IPUIPlugin
2025-05-13 11:15:28,834 [INFO] IPUIPlugin:80 - create IPUIPlugin
2025-05-13 11:15:28,834 [INFO] IPUIPlugin:80 - create IPUIPlugin
2025-05-13 11:15:28,834 [INFO] IPUIPlugin:80 - create IPUIPlugin
2025-05-13 11:15:28,834 [INFO] IPUIPlugin:80 - create IPUIPlugin
2025-05-13 11:15:28,834 [INFO] IPUIPlugin:80 - create IPUIPlugin
2025-05-13 11:15:28,834 [INFO] IPUIPlugin:80 - create IPUIPlugin
2025-05-13 11:15:28,835 [INFO] IPUIPlugin:80 - create IPUIPlugin
2025-05-13 11:15:28,835 [INFO] IPUIPlugin:80 - create IPUIPlugin
2025-05-13 11:15:28,835 [INFO] IPUIPlugin:80 - create IPUIPlugin
2025-05-13 11:15:28,835 [INFO] IPUIPlugin:80 - create IPUIPlugin
2025-05-13 11:15:28,835 [INFO] IPUIPlugin:80 - create IPUIPlugin
2025-05-13 11:15:28,835 [INFO] IPUIPlugin:80 - create IPUIPlugin
2025-05-13 11:15:28,835 [INFO] IPUIPlugin:80 - create IPUIPlugin
2025-05-13 11:15:28,835 [INFO] IPUIPlugin:80 - create IPUIPlugin
2025-05-13 11:15:28,836 [INFO] IPUIPlugin:80 - create IPUIPlugin
2025-05-13 11:15:28,836 [INFO] IPUIPlugin:80 - create IPUIPlugin
2025-05-13 11:15:28,836 [INFO] IPUIPlugin:80 - create IPUIPlugin
2025-05-13 11:15:28,836 [INFO] IPUIPlugin:80 - create IPUIPlugin
2025-05-13 11:15:28,836 [INFO] IPUIPlugin:80 - create IPUIPlugin
2025-05-13 11:15:28,836 [INFO] IPUIPlugin:80 - create IPUIPlugin
2025-05-13 11:15:28,836 [INFO] IPUIPlugin:80 - create IPUIPlugin
2025-05-13 11:15:28,837 [INFO] IPUIPlugin:80 - create IPUIPlugin
2025-05-13 11:15:28,837 [INFO] IPUIPlugin:80 - create IPUIPlugin
2025-05-13 11:15:28,837 [INFO] IPUIPlugin:80 - create IPUIPlugin
2025-05-13 11:15:28,837 [INFO] IPUIPlugin:80 - create IPUIPlugin
2025-05-13 11:15:28,837 [INFO] IPUIPlugin:80 - create IPUIPlugin
2025-05-13 11:15:28,837 [INFO] IPUIPlugin:80 - create IPUIPlugin
2025-05-13 11:15:28,837 [INFO] IPUIPlugin:80 - create IPUIPlugin
2025-05-13 11:15:28,838 [INFO] IPUIPlugin:80 - create IPUIPlugin
2025-05-13 11:15:28,838 [INFO] IPUIPlugin:80 - create IPUIPlugin
2025-05-13 11:15:28,838 [INFO] IPUIPlugin:80 - create IPUIPlugin
2025-05-13 11:15:28,838 [INFO] IPUIPlugin:80 - create IPUIPlugin
2025-05-13 11:15:28,838 [INFO] IPUIPlugin:80 - create IPUIPlugin
2025-05-13 11:15:28,838 [INFO] IPUIPlugin:80 - create IPUIPlugin
2025-05-13 11:15:28,839 [INFO] IPUIPlugin:80 - create IPUIPlugin
2025-05-13 11:15:29,042 [INFO] CADModel:165 - CPN selected for project levelSTM32G431RBT6
2025-05-13 11:15:29,042 [INFO] CADModel:114 - Register for checkConnection events
2025-05-13 11:15:29,079 [INFO] OpenFileManager:363 - Restore cursor
2025-05-13 11:17:56,583 [INFO] NvicIntPanel:101 - NVIC parent = com.st.microxplorer.plugins.ip.nvic.MultiNvicIntPanel[,0,0,0x0,invalid,layout=javax.swing.BoxLayout,alignmentX=0.0,alignmentY=0.0,border=,flags=9,maximumSize=,minimumSize=,preferredSize=]
2025-05-13 11:18:16,140 [INFO] UtilMem:75 - End SaveConfig() Used Memory: 839865600 Bytes (1073741824)
2025-05-13 11:18:18,213 [INFO] UtilMem:75 - End SaveConfig() Used Memory: 867621640 Bytes (1073741824)
2025-05-13 11:18:21,435 [INFO] UtilMem:75 - End SaveConfig() Used Memory: 915333896 Bytes (1073741824)
2025-05-13 11:18:21,841 [INFO] BlockDiagram:2766 - set Specific Code input for plugin: SPI
2025-05-13 11:18:21,841 [INFO] BlockDiagram:2766 - set Specific Code input for plugin: TIM1_8G4
2025-05-13 11:18:21,841 [INFO] BlockDiagram:2766 - set Specific Code input for plugin: SYS
2025-05-13 11:18:21,841 [INFO] BlockDiagram:2766 - set Specific Code input for plugin: ADC
2025-05-13 11:18:21,841 [INFO] BlockDiagram:2766 - set Specific Code input for plugin: RCC
2025-05-13 11:18:21,841 [INFO] BlockDiagram:2766 - set Specific Code input for plugin: NVIC
2025-05-13 11:18:21,841 [INFO] BlockDiagram:2766 - set Specific Code input for plugin: USART
2025-05-13 11:18:21,842 [INFO] BlockDiagram:2766 - set Specific Code input for plugin: GPIO
2025-05-13 11:18:21,843 [INFO] CodeGenerator:896 - code generatio: config db path: C:\ST\STM32CubeIDE_1.16.1\STM32CubeIDE\plugins\com.st.stm32cube.common.mx_6.13.0.202411220809\\db\
2025-05-13 11:18:22,077 [INFO] CodeEngine:255 - oldGeneratedFile, E:\AGH\AiR\Praca_inzynierska\bldc_foc\Projects\BLDC_FOC\MXTmpFiles\license.tmp_save
2025-05-13 11:18:22,382 [INFO] CodeEngine:279 - Generated code: E:\AGH\AiR\Praca_inzynierska\bldc_foc\Projects\BLDC_FOC\MXTmpFiles\license.tmp
2025-05-13 11:18:22,527 [INFO] CodeEngine:255 - oldGeneratedFile, E:\AGH\AiR\Praca_inzynierska\bldc_foc\Projects\BLDC_FOC\Core\Src\gpio.c_save
2025-05-13 11:18:22,679 [INFO] CodeEngine:279 - Generated code: E:\AGH\AiR\Praca_inzynierska\bldc_foc\Projects\BLDC_FOC\Core\Src\gpio.c
2025-05-13 11:18:22,696 [INFO] CodeEngine:255 - oldGeneratedFile, E:\AGH\AiR\Praca_inzynierska\bldc_foc\Projects\BLDC_FOC\Core\Inc\gpio.h_save
2025-05-13 11:18:22,793 [INFO] CodeEngine:279 - Generated code: E:\AGH\AiR\Praca_inzynierska\bldc_foc\Projects\BLDC_FOC\Core\Inc\gpio.h
2025-05-13 11:18:23,209 [INFO] CodeEngine:255 - oldGeneratedFile, E:\AGH\AiR\Praca_inzynierska\bldc_foc\Projects\BLDC_FOC\Core\Src\adc.c_save
2025-05-13 11:18:23,372 [INFO] CodeEngine:279 - Generated code: E:\AGH\AiR\Praca_inzynierska\bldc_foc\Projects\BLDC_FOC\Core\Src\adc.c
2025-05-13 11:18:23,391 [INFO] CodeEngine:255 - oldGeneratedFile, E:\AGH\AiR\Praca_inzynierska\bldc_foc\Projects\BLDC_FOC\Core\Inc\adc.h_save
2025-05-13 11:18:23,462 [INFO] CodeEngine:279 - Generated code: E:\AGH\AiR\Praca_inzynierska\bldc_foc\Projects\BLDC_FOC\Core\Inc\adc.h
2025-05-13 11:18:23,475 [INFO] CodeEngine:255 - oldGeneratedFile, E:\AGH\AiR\Praca_inzynierska\bldc_foc\Projects\BLDC_FOC\Core\Src\spi.c_save
2025-05-13 11:18:23,564 [INFO] CodeEngine:279 - Generated code: E:\AGH\AiR\Praca_inzynierska\bldc_foc\Projects\BLDC_FOC\Core\Src\spi.c
2025-05-13 11:18:23,567 [INFO] CodeEngine:255 - oldGeneratedFile, E:\AGH\AiR\Praca_inzynierska\bldc_foc\Projects\BLDC_FOC\Core\Inc\spi.h_save
2025-05-13 11:18:23,639 [INFO] CodeEngine:279 - Generated code: E:\AGH\AiR\Praca_inzynierska\bldc_foc\Projects\BLDC_FOC\Core\Inc\spi.h
2025-05-13 11:18:23,652 [INFO] CodeEngine:255 - oldGeneratedFile, E:\AGH\AiR\Praca_inzynierska\bldc_foc\Projects\BLDC_FOC\Core\Src\tim.c_save
2025-05-13 11:18:23,751 [INFO] CodeEngine:279 - Generated code: E:\AGH\AiR\Praca_inzynierska\bldc_foc\Projects\BLDC_FOC\Core\Src\tim.c
2025-05-13 11:18:23,754 [INFO] CodeEngine:255 - oldGeneratedFile, E:\AGH\AiR\Praca_inzynierska\bldc_foc\Projects\BLDC_FOC\Core\Inc\tim.h_save
2025-05-13 11:18:23,820 [INFO] CodeEngine:279 - Generated code: E:\AGH\AiR\Praca_inzynierska\bldc_foc\Projects\BLDC_FOC\Core\Inc\tim.h
2025-05-13 11:18:23,832 [INFO] CodeEngine:255 - oldGeneratedFile, E:\AGH\AiR\Praca_inzynierska\bldc_foc\Projects\BLDC_FOC\Core\Src\usart.c_save
2025-05-13 11:18:23,908 [INFO] CodeEngine:279 - Generated code: E:\AGH\AiR\Praca_inzynierska\bldc_foc\Projects\BLDC_FOC\Core\Src\usart.c
2025-05-13 11:18:23,912 [INFO] CodeEngine:255 - oldGeneratedFile, E:\AGH\AiR\Praca_inzynierska\bldc_foc\Projects\BLDC_FOC\Core\Inc\usart.h_save
2025-05-13 11:18:23,978 [INFO] CodeEngine:279 - Generated code: E:\AGH\AiR\Praca_inzynierska\bldc_foc\Projects\BLDC_FOC\Core\Inc\usart.h
2025-05-13 11:18:24,000 [INFO] CodeEngine:255 - oldGeneratedFile, E:\AGH\AiR\Praca_inzynierska\bldc_foc\Projects\BLDC_FOC\Core\Src\stm32g4xx_it.c_save
2025-05-13 11:18:24,107 [INFO] CodeEngine:279 - Generated code: E:\AGH\AiR\Praca_inzynierska\bldc_foc\Projects\BLDC_FOC\Core\Src\stm32g4xx_it.c
2025-05-13 11:18:24,125 [INFO] CodeEngine:255 - oldGeneratedFile, E:\AGH\AiR\Praca_inzynierska\bldc_foc\Projects\BLDC_FOC\Core\Inc\stm32g4xx_it.h_save
2025-05-13 11:18:24,191 [INFO] CodeEngine:279 - Generated code: E:\AGH\AiR\Praca_inzynierska\bldc_foc\Projects\BLDC_FOC\Core\Inc\stm32g4xx_it.h
2025-05-13 11:18:24,217 [INFO] CodeEngine:255 - oldGeneratedFile, E:\AGH\AiR\Praca_inzynierska\bldc_foc\Projects\BLDC_FOC\Core\Src\stm32g4xx_hal_msp.c_save
2025-05-13 11:18:24,317 [INFO] CodeEngine:279 - Generated code: E:\AGH\AiR\Praca_inzynierska\bldc_foc\Projects\BLDC_FOC\Core\Src\stm32g4xx_hal_msp.c
2025-05-13 11:18:24,328 [INFO] CodeEngine:255 - oldGeneratedFile, E:\AGH\AiR\Praca_inzynierska\bldc_foc\Projects\BLDC_FOC\MXTmpFiles\system.tmp_save
2025-05-13 11:18:24,380 [INFO] CodeEngine:279 - Generated code: E:\AGH\AiR\Praca_inzynierska\bldc_foc\Projects\BLDC_FOC\MXTmpFiles\system.tmp
2025-05-13 11:18:24,404 [INFO] CodeEngine:311 - oldGeneratedFile, E:\AGH\AiR\Praca_inzynierska\bldc_foc\Projects\BLDC_FOC\Core\Inc\stm32g4xx_hal_conf.h_save
2025-05-13 11:18:24,480 [INFO] CodeEngine:335 - Generated code: E:\AGH\AiR\Praca_inzynierska\bldc_foc\Projects\BLDC_FOC\Core\Inc\stm32g4xx_hal_conf.h
2025-05-13 11:18:24,506 [WARN] IPConfigManager:3034 - Warning: the RefConfig RCC_CommonPeriphClockConfig is not available in your config.xml file
2025-05-13 11:18:24,511 [INFO] ApiDbMcu:508 - Load IP Config File for ADC1
2025-05-13 11:18:24,513 [INFO] ApiDbMcu:508 - Load IP Config File for SPI3
2025-05-13 11:18:24,523 [INFO] ApiDbMcu:508 - Load IP Config File for TIM1
2025-05-13 11:18:24,531 [INFO] ApiDbMcu:508 - Load IP Config File for USART2
2025-05-13 11:18:24,533 [INFO] ApiDbMcu:508 - Load IP Config File for RCC
2025-05-13 11:18:24,555 [INFO] CodeEngine:255 - oldGeneratedFile, E:\AGH\AiR\Praca_inzynierska\bldc_foc\Projects\BLDC_FOC\Core\Inc\main.h_save
2025-05-13 11:18:24,631 [INFO] CodeEngine:279 - Generated code: E:\AGH\AiR\Praca_inzynierska\bldc_foc\Projects\BLDC_FOC\Core\Inc\main.h
2025-05-13 11:18:24,647 [INFO] CodeEngine:255 - oldGeneratedFile, E:\AGH\AiR\Praca_inzynierska\bldc_foc\Projects\BLDC_FOC\Core\Src\main.c_save
2025-05-13 11:18:24,747 [INFO] CodeEngine:279 - Generated code: E:\AGH\AiR\Praca_inzynierska\bldc_foc\Projects\BLDC_FOC\Core\Src\main.c
2025-05-13 11:18:25,022 [INFO] ProjectBuilder:3289 - Time for Copy HAL[1] : 124mS.
2025-05-13 11:18:25,026 [INFO] ProjectBuilder:4876 - Project Generator version: 4.5.0-RC5
2025-05-13 11:18:25,091 [INFO] ConfigFileManager:1579 - The Die is : DIE468
2025-05-13 11:18:25,102 [INFO] ApiDbMcu:508 - Load IP Config File for FATFS
2025-05-13 11:18:25,112 [INFO] ApiDbMcu:508 - Load IP Config File for FREERTOS
2025-05-13 11:18:25,122 [INFO] ApiDbMcu:508 - Load IP Config File for USBPD
2025-05-13 11:18:25,137 [INFO] ApiDbMcu:508 - Load IP Config File for USB_DEVICE
2025-05-13 11:18:25,713 [INFO] LogOutputStream:77 - [STDOUT_REDIRECT] 
2025-05-13 11:18:27,069 [INFO] ProjectBuilder:5154 - Time for Generating toolchain IDE Files: 2040mS.
2025-05-13 11:18:27,070 [INFO] ProjectBuilder:3146 - Time for Copy CMSIS : 1mS.
2025-05-13 11:18:27,071 [INFO] ProjectBuilder:3146 - Time for Copy CMSIS : 0mS.
2025-05-13 12:09:20,666 [INFO] Gpio:277 - dependency for GPIO [ADC1, RCC, SPI3, SYS, TIM1, USART2]
2025-05-13 13:01:10,112 [INFO] MainUpdater:2872 - connection check result : 10
2025-05-13 13:01:10,113 [INFO] MainUpdater:2872 - connection check result : 10
2025-05-13 13:01:10,147 [INFO] MicroXplorer:468 - Change Database Path : 
2025-05-13 13:01:10,147 [INFO] MicroXplorer:498 - Change Database Version : DB.6.0.130
2025-05-13 13:01:10,194 [ERROR] ProjectManagerView:394 - 
java.lang.NullPointerException: Cannot invoke "javax.swing.JTextField.getText()" because the return value of "java.util.List.get(int)" is null
	at com.st.microxplorer.plugins.projectmanager.gui.ProjectChoiceTab$9.caretUpdate(ProjectChoiceTab.java:2616) ~[filemanager.jar:?]
	at javax.swing.text.JTextComponent.fireCaretUpdate(JTextComponent.java:408) ~[?:?]
	at javax.swing.text.JTextComponent$MutableCaretEvent.fire(JTextComponent.java:4484) ~[?:?]
	at javax.swing.text.JTextComponent$MutableCaretEvent.stateChanged(JTextComponent.java:4506) ~[?:?]
	at javax.swing.text.DefaultCaret.fireStateChanged(DefaultCaret.java:857) ~[?:?]
	at javax.swing.text.DefaultCaret.changeCaretPosition(DefaultCaret.java:1343) ~[?:?]
	at javax.swing.text.DefaultCaret.handleSetDot(DefaultCaret.java:1242) ~[?:?]
	at javax.swing.text.DefaultCaret.setDot(DefaultCaret.java:1223) ~[?:?]
	at javax.swing.text.DefaultCaret$Handler.insertUpdate(DefaultCaret.java:1819) ~[?:?]
	at javax.swing.text.AbstractDocument.fireInsertUpdate(AbstractDocument.java:227) ~[?:?]
	at javax.swing.text.AbstractDocument.handleInsertString(AbstractDocument.java:781) ~[?:?]
	at javax.swing.text.AbstractDocument.insertString(AbstractDocument.java:740) ~[?:?]
	at javax.swing.text.PlainDocument.insertString(PlainDocument.java:131) ~[?:?]
	at javax.swing.text.AbstractDocument.replace(AbstractDocument.java:699) ~[?:?]
	at javax.swing.text.JTextComponent.setText(JTextComponent.java:1725) ~[?:?]
	at com.st.microxplorer.plugins.projectmanager.gui.ProjectChoiceTab.createHeapStackFields(ProjectChoiceTab.java:975) ~[filemanager.jar:?]
	at com.st.microxplorer.plugins.projectmanager.gui.ProjectChoiceTab.buildLinkSettingsPanel(ProjectChoiceTab.java:3666) ~[filemanager.jar:?]
	at com.st.microxplorer.plugins.projectmanager.gui.ProjectChoiceTab.defineWindowsFields(ProjectChoiceTab.java:1934) ~[filemanager.jar:?]
	at com.st.microxplorer.plugins.projectmanager.gui.ProjectChoiceTab.updateSettings(ProjectChoiceTab.java:553) ~[filemanager.jar:?]
	at com.st.microxplorer.plugins.projectmanager.gui.ProjectSettingsPanel.UpdateDialog(ProjectSettingsPanel.java:245) ~[filemanager.jar:?]
	at com.st.microxplorer.plugins.projectmanager.ProjectManagerView.propertyChange(ProjectManagerView.java:391) ~[filemanager.jar:?]
	at java.beans.PropertyChangeSupport.fire(PropertyChangeSupport.java:343) ~[?:?]
	at java.beans.PropertyChangeSupport.firePropertyChange(PropertyChangeSupport.java:335) ~[?:?]
	at java.beans.PropertyChangeSupport.firePropertyChange(PropertyChangeSupport.java:268) ~[?:?]
	at com.st.microxplorer.util.MXPropertyChangeSupport.firePropertyChange(MXPropertyChangeSupport.java:54) ~[STM32CubeMX.jar:?]
	at com.st.microxplorer.mxsystem.MxSystem.closeConfig(MxSystem.java:899) ~[STM32CubeMX.jar:?]
	at com.st.microxplorer.maingui.MainPanel.closeConfig(MainPanel.java:789) ~[STM32CubeMX.jar:?]
	at com.st.microxplorer.plugins.filemanager.engine.OpenFileManager.loadConfigurationFile(OpenFileManager.java:265) ~[filemanager.jar:?]
	at com.st.microxplorer.plugins.filemanager.engine.MainFileManager.userLoadConfig(MainFileManager.java:340) ~[filemanager.jar:?]
	at com.st.microxplorer.plugins.filemanager.engine.MainFileManager.userLoadConfig(MainFileManager.java:318) ~[filemanager.jar:?]
	at com.st.microxplorer.plugins.filemanager.FileManagerView.getSpecificTask(FileManagerView.java:246) ~[filemanager.jar:?]
	at com.st.stm32cube.common.mx.editor.CubeMxEditor.getMxTabbedPaneInstance(CubeMxEditor.java:1198) ~[com.st.stm32cube.common.mx_6.13.0.202411220809/:?]
	at com.st.stm32cube.common.mx.editor.CubeMxEditor$12$1.createSwingComponent(CubeMxEditor.java:1068) ~[com.st.stm32cube.common.mx_6.13.0.202411220809/:?]
	at com.st.stm32cube.common.mx.oss.core.awtswtbridge.EmbeddedSwingComposite.doComponentCreation(EmbeddedSwingComposite.java:492) ~[com.st.stm32cube.common.mx.oss_6.13.0.202411220809/:?]
	at com.st.stm32cube.common.mx.oss.core.awtswtbridge.EmbeddedSwingComposite$4.run(EmbeddedSwingComposite.java:291) ~[com.st.stm32cube.common.mx.oss_6.13.0.202411220809/:?]
	at com.st.stm32cube.common.mx.oss.core.awtswtbridge.AwtEnvironment$2.run(AwtEnvironment.java:166) ~[com.st.stm32cube.common.mx.oss_6.13.0.202411220809/:?]
	at java.awt.event.InvocationEvent.dispatch(InvocationEvent.java:318) ~[?:?]
	at java.awt.EventQueue.dispatchEventImpl(EventQueue.java:773) ~[?:?]
	at java.awt.EventQueue$4.run(EventQueue.java:720) ~[?:?]
	at java.awt.EventQueue$4.run(EventQueue.java:714) ~[?:?]
	at java.security.AccessController.doPrivileged(AccessController.java:400) ~[?:?]
	at java.security.ProtectionDomain$JavaSecurityAccessImpl.doIntersectionPrivilege(ProtectionDomain.java:87) ~[?:?]
	at java.awt.EventQueue.dispatchEvent(EventQueue.java:742) ~[?:?]
	at java.awt.EventDispatchThread.pumpOneEventForFilters(EventDispatchThread.java:203) ~[?:?]
	at java.awt.EventDispatchThread.pumpEventsForFilter(EventDispatchThread.java:124) ~[?:?]
	at java.awt.EventDispatchThread.pumpEventsForHierarchy(EventDispatchThread.java:113) ~[?:?]
	at java.awt.EventDispatchThread.pumpEvents(EventDispatchThread.java:109) ~[?:?]
	at java.awt.EventDispatchThread.pumpEvents(EventDispatchThread.java:101) ~[?:?]
	at java.awt.EventDispatchThread.run(EventDispatchThread.java:90) ~[?:?]
2025-05-13 13:01:10,222 [WARN] ThirdParty:871 - waiting for thirdparty lock release [close project]
2025-05-13 13:01:10,222 [INFO] ThirdParty:873 - entering critical section [close project]
2025-05-13 13:01:10,222 [INFO] ThirdParty:883 - exiting critical section [close project]
2025-05-13 13:01:10,229 [INFO] PinOutPanel:1589 - setPackage(No Configuration,No Configuration)
2025-05-13 13:01:10,247 [INFO] UtilMem:75 - Begin LoadConfig() Used Memory: 945528424 Bytes (1073741824)
2025-05-13 13:01:10,247 [INFO] MicroXplorer:468 - Change Database Path : 
2025-05-13 13:01:10,247 [INFO] MicroXplorer:498 - Change Database Version : DB.6.0.130
2025-05-13 13:01:10,247 [INFO] OpenFileManager:332 - Change cursor
2025-05-13 13:01:10,275 [INFO] RulesReader:64 - Compatibility file has been processed (297 Rules)
2025-05-13 13:01:10,279 [INFO] Mcu:2035 - Initializing MCU STM32G431R(6-8-B)Tx STM32G431RBTx STM32G431RBT6
2025-05-13 13:01:12,578 [INFO] Context:748 - Trying to add GPIOservice into a context  which must be forbidden
2025-05-13 13:01:13,094 [INFO] ApiDbMcu:508 - Load IP Config File for NUCLEO-G431RB
2025-05-13 13:01:13,304 [INFO] RtosManager:555 - Registered RTOS mode: class=CMSIS, group=RTOS, mode=CMSIS_V1, owner=FREERTOS
2025-05-13 13:01:13,304 [INFO] RtosManager:555 - Registered RTOS mode: class=CMSIS, group=RTOS2, mode=CMSIS_V2, owner=FREERTOS
2025-05-13 13:01:13,304 [INFO] RtosManager:555 - Registered RTOS mode: class=RTOS, group=Core, mode=CMSIS_V1, owner=FREERTOS
2025-05-13 13:01:13,304 [INFO] RtosManager:555 - Registered RTOS mode: class=RTOS, group=Core, mode=CMSIS_V2, owner=FREERTOS
2025-05-13 13:01:13,304 [WARN] ModelIntegratedComponent:184 - Missing modes for component STMicroelectronics:FreeRTOS:0.0.1:STMicroelectronics:RTOS:FreeRTOS:Core:::10.2.0:
2025-05-13 13:01:13,307 [WARN] ModelIntegratedComponent:63 - No mode defined for component null
2025-05-13 13:01:13,307 [WARN] ModelIntegratedComponent:63 - No mode defined for component null
2025-05-13 13:01:13,307 [WARN] ModelIntegratedComponent:63 - No mode defined for component null
2025-05-13 13:01:13,307 [WARN] ModelIntegratedComponent:63 - No mode defined for component null
2025-05-13 13:01:13,307 [WARN] ModelIntegratedComponent:63 - No mode defined for component null
2025-05-13 13:01:13,307 [WARN] ModelIntegratedComponent:63 - No mode defined for component null
2025-05-13 13:01:13,307 [WARN] ModelIntegratedComponent:63 - No mode defined for component null
2025-05-13 13:01:13,307 [WARN] ModelIntegratedComponent:63 - No mode defined for component null
2025-05-13 13:01:13,307 [WARN] ModelIntegratedComponent:63 - No mode defined for component null
2025-05-13 13:01:13,307 [WARN] ModelIntegratedComponent:63 - No mode defined for component null
2025-05-13 13:01:13,307 [WARN] ModelIntegratedComponent:63 - No mode defined for component null
2025-05-13 13:01:13,307 [WARN] ModelIntegratedComponent:63 - No mode defined for component null
2025-05-13 13:01:13,307 [WARN] ModelIntegratedComponent:63 - No mode defined for component null
2025-05-13 13:01:13,307 [WARN] ModelIntegratedComponent:63 - No mode defined for component null
2025-05-13 13:01:13,307 [WARN] ModelIntegratedComponent:63 - No mode defined for component null
2025-05-13 13:01:13,307 [WARN] ModelIntegratedComponent:63 - No mode defined for component null
2025-05-13 13:01:13,307 [WARN] ModelIntegratedComponent:63 - No mode defined for component null
2025-05-13 13:01:13,308 [WARN] ModelIntegratedComponent:63 - No mode defined for component null
2025-05-13 13:01:13,308 [WARN] ModelIntegratedComponent:63 - No mode defined for component null
2025-05-13 13:01:13,308 [WARN] ModelIntegratedComponent:63 - No mode defined for component null
2025-05-13 13:01:13,308 [WARN] ModelIntegratedComponent:63 - No mode defined for component null
2025-05-13 13:01:13,308 [WARN] ModelIntegratedComponent:63 - No mode defined for component null
2025-05-13 13:01:13,308 [WARN] ModelIntegratedComponent:63 - No mode defined for component null
2025-05-13 13:01:13,308 [WARN] ModelIntegratedComponent:63 - No mode defined for component null
2025-05-13 13:01:13,308 [WARN] ModelIntegratedComponent:63 - No mode defined for component null
2025-05-13 13:01:13,308 [WARN] ModelIntegratedComponent:63 - No mode defined for component null
2025-05-13 13:01:13,308 [WARN] ModelIntegratedComponent:63 - No mode defined for component null
2025-05-13 13:01:13,308 [WARN] ModelIntegratedComponent:63 - No mode defined for component null
2025-05-13 13:01:13,308 [WARN] ModelIntegratedComponent:63 - No mode defined for component null
2025-05-13 13:01:13,308 [WARN] ModelIntegratedComponent:63 - No mode defined for component null
2025-05-13 13:01:13,308 [WARN] ModelIntegratedComponent:63 - No mode defined for component null
2025-05-13 13:01:13,308 [WARN] ModelIntegratedComponent:63 - No mode defined for component null
2025-05-13 13:01:13,308 [WARN] ModelIntegratedComponent:63 - No mode defined for component null
2025-05-13 13:01:13,308 [WARN] ModelIntegratedComponent:63 - No mode defined for component null
2025-05-13 13:01:13,308 [WARN] ModelIntegratedComponent:63 - No mode defined for component null
2025-05-13 13:01:13,309 [WARN] ModelPack:524 - Component already loaded: STMicroelectronics:HAL Drivers:0.0.0:STMicroelectronics:Device:STMicro_Driver:XSPI:HAL::0.0.1:HAL_XSPI
2025-05-13 13:01:13,395 [INFO] ThirdPartyModel:298 - Start build external matchings
2025-05-13 13:01:13,978 [INFO] ThirdPartyModel:316 - End build external matchings
2025-05-13 13:01:14,001 [INFO] ImportTextPane:218 - (OptionalMessage_ERROR) IP (ADC1) : Parameter (CommonPathInternal) has invalid value (null|null|null|null)
2025-05-13 13:01:14,002 [INFO] ImportTextPane:218 - (OptionalMessage_ERROR) IP (RCC) : Invalid parameter (FamilyName)
2025-05-13 13:01:14,002 [INFO] ImportTextPane:218 - (OptionalMessage_ERROR) IP (RCC) : Parameter (RNGFreq_Value) has invalid value (170000000)
2025-05-13 13:01:14,002 [INFO] ImportTextPane:218 - (OptionalMessage_ERROR) IP (RCC) : Parameter (USBFreq_Value) has invalid value (170000000)
2025-05-13 13:01:14,331 [INFO] UtilMem:75 - End LoadConfig() Used Memory: 959144248 Bytes (1073741824)
2025-05-13 13:01:14,363 [WARN] ThirdParty:833 - waiting for thirdparty lock release [change project]
2025-05-13 13:01:14,364 [INFO] ThirdParty:835 - entering critical section [change project]
2025-05-13 13:01:14,364 [INFO] ThirdParty:1030 - CMSIS Pack Vendor :STMicroelectronics USBPD 4.1
2025-05-13 13:01:14,364 [INFO] ThirdParty:1030 - CMSIS Pack Vendor :STMicroelectronics USB_HOST 2.0.0
2025-05-13 13:01:14,364 [INFO] ThirdParty:1030 - CMSIS Pack Vendor :STMicroelectronics FP-SNS-MOTENVWB1 1.4.0
2025-05-13 13:01:14,364 [INFO] ThirdParty:1030 - CMSIS Pack Vendor :STMicroelectronics X-CUBE-AZRTOS-F4 1.1.0
2025-05-13 13:01:14,364 [INFO] ThirdParty:1030 - CMSIS Pack Vendor :STMicroelectronics LIBJPEG 8.0.0
2025-05-13 13:01:14,364 [INFO] ThirdParty:1030 - CMSIS Pack Vendor :STMicroelectronics FP-ATR-ASTRA1 2.0.2
2025-05-13 13:01:14,364 [INFO] ThirdParty:1030 - CMSIS Pack Vendor :STMicroelectronics FP-ATR-ASTRA1 2.0.1
2025-05-13 13:01:14,364 [INFO] ThirdParty:1030 - CMSIS Pack Vendor :Avnet-IotConnect X-CUBE-IoTC-DA16k-PMOD 1.0.0
2025-05-13 13:01:14,364 [INFO] ThirdParty:1030 - CMSIS Pack Vendor :STMicroelectronics X-CUBE-SMBUS 2.1.0
2025-05-13 13:01:14,364 [INFO] ThirdParty:1030 - CMSIS Pack Vendor :STMicroelectronics X-CUBE-WB05N 1.1.0
2025-05-13 13:01:14,364 [INFO] ThirdParty:1030 - CMSIS Pack Vendor :STMicroelectronics X-CUBE-ISPU 2.1.0
2025-05-13 13:01:14,364 [INFO] ThirdParty:1030 - CMSIS Pack Vendor :STMicroelectronics X-CUBE-FREERTOS 1.2.0
2025-05-13 13:01:14,364 [INFO] ThirdParty:1030 - CMSIS Pack Vendor :STMicroelectronics X-CUBE-AZRTOS-F7 1.1.0
2025-05-13 13:01:14,364 [INFO] ThirdParty:1030 - CMSIS Pack Vendor :STMicroelectronics X-CUBE-AZRTOS-L5 2.0.0
2025-05-13 13:01:14,364 [INFO] ThirdParty:1030 - CMSIS Pack Vendor :STMicroelectronics USB_DEVICE 2.0.0
2025-05-13 13:01:14,364 [INFO] ThirdParty:1030 - CMSIS Pack Vendor :STMicroelectronics X-CUBE-NFC6 3.1.0
2025-05-13 13:01:14,365 [INFO] ThirdParty:1030 - CMSIS Pack Vendor :STMicroelectronics X-CUBE-MEMS1 11.0.0
2025-05-13 13:01:14,365 [INFO] ThirdParty:1030 - CMSIS Pack Vendor :STMicroelectronics FreeRTOS 0.0.1
2025-05-13 13:01:14,365 [INFO] ThirdParty:1030 - CMSIS Pack Vendor :STMicroelectronics X-CUBE-DPower 1.2.0
2025-05-13 13:01:14,365 [INFO] ThirdParty:1030 - CMSIS Pack Vendor :STMicroelectronics FP-SNS-FLIGHT1 5.0.2
2025-05-13 13:01:14,365 [INFO] ThirdParty:1030 - CMSIS Pack Vendor :STMicroelectronics PDM2PCM 3.3.0
2025-05-13 13:01:14,365 [INFO] ThirdParty:1030 - CMSIS Pack Vendor :STMicroelectronics X-CUBE-DISPLAY 3.0.0
2025-05-13 13:01:14,365 [INFO] ThirdParty:1030 - CMSIS Pack Vendor :STMicroelectronics X-CUBE-BLE1 7.0.0
2025-05-13 13:01:14,365 [INFO] ThirdParty:1030 - CMSIS Pack Vendor :STMicroelectronics X-CUBE-NFC10 1.0.0
2025-05-13 13:01:14,365 [INFO] ThirdParty:1030 - CMSIS Pack Vendor :STMicroelectronics X-CUBE-BLEMGR 4.0.0
2025-05-13 13:01:14,365 [INFO] ThirdParty:1030 - CMSIS Pack Vendor :STMicroelectronics X-CUBE-FREERTOS 1.3.1
2025-05-13 13:01:14,365 [INFO] ThirdParty:1030 - CMSIS Pack Vendor :STMicroelectronics HAL Drivers 0.0.0
2025-05-13 13:01:14,365 [INFO] ThirdParty:1030 - CMSIS Pack Vendor :emotas I-CUBE-CANOPEN 1.3.0
2025-05-13 13:01:14,365 [INFO] ThirdParty:1030 - CMSIS Pack Vendor :STMicroelectronics X-CUBE-FREERTOS 1.3.0
2025-05-13 13:01:14,365 [INFO] ThirdParty:1030 - CMSIS Pack Vendor :STMicroelectronics X-CUBE-NFC7 1.0.1
2025-05-13 13:01:14,365 [INFO] ThirdParty:1030 - CMSIS Pack Vendor :STMicroelectronics MBEDTLS 2.14.1
2025-05-13 13:01:14,365 [INFO] ThirdParty:1030 - CMSIS Pack Vendor :STMicroelectronics X-CUBE-BLEMGR 3.1.0
2025-05-13 13:01:14,366 [INFO] ThirdParty:1030 - CMSIS Pack Vendor :STMicroelectronics X-CUBE-AI 10.0.0
2025-05-13 13:01:14,366 [INFO] ThirdParty:1030 - CMSIS Pack Vendor :STMicroelectronics FP-SNS-SMARTAG2 1.2.0
2025-05-13 13:01:14,366 [INFO] ThirdParty:1030 - CMSIS Pack Vendor :STMicroelectronics FP-SNS-FLIGHT1 5.1.0
2025-05-13 13:01:14,366 [INFO] ThirdParty:1030 - CMSIS Pack Vendor :STMicroelectronics X-CUBE-MEMS1 11.1.0
2025-05-13 13:01:14,366 [INFO] ThirdParty:1030 - CMSIS Pack Vendor :STMicroelectronics X-CUBE-AZRTOS-WL 2.0.0
2025-05-13 13:01:14,366 [INFO] ThirdParty:1030 - CMSIS Pack Vendor :STMicroelectronics X-CUBE-DPower 1.3.0
2025-05-13 13:01:14,366 [INFO] ThirdParty:1030 - CMSIS Pack Vendor :STMicroelectronics FP-SNS-MOTENV1 5.0.0
2025-05-13 13:01:14,366 [INFO] ThirdParty:1030 - CMSIS Pack Vendor :STMicroelectronics USB_DEVICE 1.0.0
2025-05-13 13:01:14,366 [INFO] ThirdParty:1030 - CMSIS Pack Vendor :wolfSSL I-CUBE-wolfMQTT 1.19.0
2025-05-13 13:01:14,366 [INFO] ThirdParty:1030 - CMSIS Pack Vendor :STMicroelectronics X-CUBE-AZRTOS-L4 2.0.0
2025-05-13 13:01:14,366 [INFO] ThirdParty:1030 - CMSIS Pack Vendor :STMicroelectronics ThreadX 0.0.2
2025-05-13 13:01:14,366 [INFO] ThirdParty:1030 - CMSIS Pack Vendor :WES I-CUBE-Cesium 1.3.0
2025-05-13 13:01:14,366 [INFO] ThirdParty:1030 - CMSIS Pack Vendor :STMicroelectronics lwIP 2.1.2
2025-05-13 13:01:14,366 [INFO] ThirdParty:1030 - CMSIS Pack Vendor :STMicroelectronics X-CUBE-SFXS2LP1 4.0.0
2025-05-13 13:01:14,366 [INFO] ThirdParty:1030 - CMSIS Pack Vendor :STMicroelectronics X-CUBE-BLE2 3.3.0
2025-05-13 13:01:14,366 [INFO] ThirdParty:1030 - CMSIS Pack Vendor :STMicroelectronics PDM2PCM 3.2.0
2025-05-13 13:01:14,366 [INFO] ThirdParty:1030 - CMSIS Pack Vendor :STMicroelectronics X-CUBE-AZRTOS-H7 3.3.0
2025-05-13 13:01:14,366 [INFO] ThirdParty:1030 - CMSIS Pack Vendor :STMicroelectronics X-CUBE-NFC9 1.0.0
2025-05-13 13:01:14,366 [INFO] ThirdParty:1030 - CMSIS Pack Vendor :STMicroelectronics X-CUBE-BLE1 7.1.0
2025-05-13 13:01:14,367 [INFO] ThirdParty:1030 - CMSIS Pack Vendor :STMicroelectronics USB_DEVICE 3.0.0
2025-05-13 13:01:14,367 [INFO] ThirdParty:1030 - CMSIS Pack Vendor :STMicroelectronics X-CUBE-TCPP 4.1.0
2025-05-13 13:01:14,367 [INFO] ThirdParty:1030 - CMSIS Pack Vendor :STMicroelectronics X-CUBE-IPS 3.0.0
2025-05-13 13:01:14,367 [INFO] ThirdParty:1030 - CMSIS Pack Vendor :STMicroelectronics X-CUBE-AZRTOS-WB 2.0.0
2025-05-13 13:01:14,367 [INFO] ThirdParty:1030 - CMSIS Pack Vendor :STMicroelectronics X-CUBE-GNSS1 7.0.0
2025-05-13 13:01:14,367 [INFO] ThirdParty:1030 - CMSIS Pack Vendor :STMicroelectronics X-CUBE-GNSS1 7.0.1
2025-05-13 13:01:14,367 [INFO] ThirdParty:1030 - CMSIS Pack Vendor :STMicroelectronics X-CUBE-TOUCHGFX 4.25.0
2025-05-13 13:01:14,367 [INFO] ThirdParty:1030 - CMSIS Pack Vendor :STMicroelectronics FP-SNS-STBOX1 2.0.0
2025-05-13 13:01:14,367 [INFO] ThirdParty:1030 - CMSIS Pack Vendor :STMicroelectronics X-CUBE-MEMS1 11.2.0
2025-05-13 13:01:14,368 [INFO] ThirdParty:1030 - CMSIS Pack Vendor :STMicroelectronics X-CUBE-AZRTOS-G0 1.1.0
2025-05-13 13:01:14,368 [INFO] ThirdParty:1030 - CMSIS Pack Vendor :STMicroelectronics X-CUBE-SAFEA1 1.2.2
2025-05-13 13:01:14,368 [INFO] ThirdParty:1030 - CMSIS Pack Vendor :STMicroelectronics X-CUBE-NFC4 3.0.0
2025-05-13 13:01:14,368 [INFO] ThirdParty:1030 - CMSIS Pack Vendor :STMicroelectronics X-CUBE-SUBG2 5.0.0
2025-05-13 13:01:14,368 [INFO] ThirdParty:1030 - CMSIS Pack Vendor :STMicroelectronics X-CUBE-AZRTOS-H7RS 1.1.0
2025-05-13 13:01:14,368 [INFO] ThirdParty:1030 - CMSIS Pack Vendor :STMicroelectronics STM32_WPAN 1.0.0
2025-05-13 13:01:14,368 [INFO] ThirdParty:1030 - CMSIS Pack Vendor :EmbeddedOffice I-CUBE-FS-RTOS 1.0.1
2025-05-13 13:01:14,368 [INFO] ThirdParty:1030 - CMSIS Pack Vendor :STMicroelectronics lwIP 2.0.3
2025-05-13 13:01:14,368 [INFO] ThirdParty:1030 - CMSIS Pack Vendor :Cesanta I-CUBE-Mongoose 7.13.0
2025-05-13 13:01:14,368 [INFO] ThirdParty:1030 - CMSIS Pack Vendor :STMicroelectronics USB_HOST 1.0.0
2025-05-13 13:01:14,368 [INFO] ThirdParty:1030 - CMSIS Pack Vendor :STMicroelectronics X-CUBE-AZRTOS-G4 2.0.0
2025-05-13 13:01:14,368 [INFO] ThirdParty:1030 - CMSIS Pack Vendor :STMicroelectronics X-CUBE-WB05N 2.0.0
2025-05-13 13:01:14,368 [INFO] ThirdParty:1030 - CMSIS Pack Vendor :STMicroelectronics PDM2PCM 3.1.0
2025-05-13 13:01:14,368 [INFO] ThirdParty:1030 - CMSIS Pack Vendor :STMicroelectronics X-CUBE-NFC7 2.0.0
2025-05-13 13:01:14,369 [INFO] ThirdParty:1030 - CMSIS Pack Vendor :STMicroelectronics X-CUBE-TCPP 4.2.0
2025-05-13 13:01:14,369 [INFO] ThirdParty:1030 - CMSIS Pack Vendor :RealThread X-CUBE-RT-Thread_Nano 4.1.1
2025-05-13 13:01:14,369 [INFO] ThirdParty:1030 - CMSIS Pack Vendor :STMicroelectronics FP-ATR-SIGFOX1 3.2.0
2025-05-13 13:01:14,369 [INFO] ThirdParty:1030 - CMSIS Pack Vendor :wolfSSL I-CUBE-wolfSSL 5.7.2
2025-05-13 13:01:14,369 [INFO] ThirdParty:1030 - CMSIS Pack Vendor :quantropi X-CUBE-qispace-sdk-base 1.9.3
2025-05-13 13:01:14,369 [INFO] ThirdParty:1030 - CMSIS Pack Vendor :STMicroelectronics X-CUBE-EEPRMA1 5.1.0
2025-05-13 13:01:14,369 [INFO] ThirdParty:1030 - CMSIS Pack Vendor :STMicroelectronics MBEDTLS 2.16.2
2025-05-13 13:01:14,369 [INFO] ThirdParty:1030 - CMSIS Pack Vendor :STMicroelectronics X-CUBE-IPS 3.1.0
2025-05-13 13:01:14,369 [INFO] ThirdParty:1030 - CMSIS Pack Vendor :STMicroelectronics X-CUBE-ALS 1.0.2
2025-05-13 13:01:14,369 [INFO] ThirdParty:1030 - CMSIS Pack Vendor :ITTIA_DB I-CUBE-ITTIADB 8.9.0
2025-05-13 13:01:14,369 [INFO] ThirdParty:1030 - CMSIS Pack Vendor :STMicroelectronics X-CUBE-TOUCHGFX 4.24.2
2025-05-13 13:01:14,369 [INFO] ThirdParty:1030 - CMSIS Pack Vendor :STMicroelectronics X-CUBE-TOUCHGFX 4.24.1
2025-05-13 13:01:14,369 [INFO] ThirdParty:1030 - CMSIS Pack Vendor :wolfSSL I-CUBE-wolfTPM 3.4.0
2025-05-13 13:01:14,369 [INFO] ThirdParty:1030 - CMSIS Pack Vendor :portGmbH I-Cube-SoM-uGOAL 1.1.0
2025-05-13 13:01:14,369 [INFO] ThirdParty:1030 - CMSIS Pack Vendor :STMicroelectronics ThreadX 1.0.0
2025-05-13 13:01:14,369 [INFO] ThirdParty:1030 - CMSIS Pack Vendor :SEGGER I-CUBE-embOS 1.3.1
2025-05-13 13:01:14,369 [INFO] ThirdParty:1030 - CMSIS Pack Vendor :STMicroelectronics X-CUBE-ALGOBUILD 1.4.0
2025-05-13 13:01:14,369 [INFO] ThirdParty:1030 - CMSIS Pack Vendor :STMicroelectronics X-CUBE-AZRTOS-H7RS 1.0.0
2025-05-13 13:01:14,369 [INFO] ThirdParty:1030 - CMSIS Pack Vendor :STMicroelectronics FP-ATR-ASTRA1 2.0.0
2025-05-13 13:01:14,369 [INFO] ThirdParty:1030 - CMSIS Pack Vendor :STMicroelectronics X-CUBE-TOF1 3.4.2
2025-05-13 13:01:14,370 [INFO] ThirdParty:1030 - CMSIS Pack Vendor :STMicroelectronics X-CUBE-TOF1 3.4.3
2025-05-13 13:01:14,370 [INFO] ThirdParty:1030 - CMSIS Pack Vendor :STMicroelectronics X-CUBE-AI 9.1.0
2025-05-13 13:01:14,370 [INFO] ThirdParty:1030 - CMSIS Pack Vendor :Infineon AIROC-Wi-Fi-Bluetooth-STM32 1.6.1
2025-05-13 13:01:14,370 [INFO] ThirdParty:1030 - CMSIS Pack Vendor :wolfSSL I-CUBE-wolfSSH 1.4.17
2025-05-13 13:01:14,370 [INFO] ThirdParty:841 - exiting critical section [change project]
2025-05-13 13:01:14,610 [INFO] PinOutPanel:1589 - setPackage(No Configuration,No Configuration)
2025-05-13 13:01:14,610 [INFO] PinOutPanel:1589 - setPackage(STM32G431RBTx,LQFP64)
2025-05-13 13:01:14,782 [INFO] UtilMem:75 - Before build in PCC Used Memory: 958181824 Bytes (1073741824)
2025-05-13 13:01:15,087 [INFO] UtilMem:75 - After build in PCC Used Memory: 800956440 Bytes (1073741824)
2025-05-13 13:01:15,105 [INFO] IPUIPlugin:80 - create IPUIPlugin
2025-05-13 13:01:15,105 [INFO] IPUIPlugin:80 - create IPUIPlugin
2025-05-13 13:01:15,105 [INFO] IPUIPlugin:80 - create IPUIPlugin
2025-05-13 13:01:15,105 [INFO] IPUIPlugin:80 - create IPUIPlugin
2025-05-13 13:01:15,105 [INFO] IPUIPlugin:80 - create IPUIPlugin
2025-05-13 13:01:15,105 [INFO] IPUIPlugin:80 - create IPUIPlugin
2025-05-13 13:01:15,105 [INFO] IPUIPlugin:80 - create IPUIPlugin
2025-05-13 13:01:15,106 [INFO] IPUIPlugin:80 - create IPUIPlugin
2025-05-13 13:01:15,106 [INFO] IPUIPlugin:80 - create IPUIPlugin
2025-05-13 13:01:15,106 [INFO] IPUIPlugin:80 - create IPUIPlugin
2025-05-13 13:01:15,106 [INFO] IPUIPlugin:80 - create IPUIPlugin
2025-05-13 13:01:15,106 [INFO] IPUIPlugin:80 - create IPUIPlugin
2025-05-13 13:01:15,106 [INFO] IPUIPlugin:80 - create IPUIPlugin
2025-05-13 13:01:15,106 [INFO] IPUIPlugin:80 - create IPUIPlugin
2025-05-13 13:01:15,106 [INFO] IPUIPlugin:80 - create IPUIPlugin
2025-05-13 13:01:15,106 [INFO] IPUIPlugin:80 - create IPUIPlugin
2025-05-13 13:01:15,106 [INFO] IPUIPlugin:80 - create IPUIPlugin
2025-05-13 13:01:15,106 [INFO] IPUIPlugin:80 - create IPUIPlugin
2025-05-13 13:01:15,107 [INFO] IPUIPlugin:80 - create IPUIPlugin
2025-05-13 13:01:15,107 [INFO] IPUIPlugin:80 - create IPUIPlugin
2025-05-13 13:01:15,107 [INFO] IPUIPlugin:80 - create IPUIPlugin
2025-05-13 13:01:15,107 [INFO] IPUIPlugin:80 - create IPUIPlugin
2025-05-13 13:01:15,107 [INFO] IPUIPlugin:80 - create IPUIPlugin
2025-05-13 13:01:15,107 [INFO] IPUIPlugin:80 - create IPUIPlugin
2025-05-13 13:01:15,107 [INFO] IPUIPlugin:80 - create IPUIPlugin
2025-05-13 13:01:15,107 [INFO] IPUIPlugin:80 - create IPUIPlugin
2025-05-13 13:01:15,108 [INFO] IPUIPlugin:80 - create IPUIPlugin
2025-05-13 13:01:15,108 [INFO] IPUIPlugin:80 - create IPUIPlugin
2025-05-13 13:01:15,108 [INFO] IPUIPlugin:80 - create IPUIPlugin
2025-05-13 13:01:15,108 [INFO] IPUIPlugin:80 - create IPUIPlugin
2025-05-13 13:01:15,108 [INFO] IPUIPlugin:80 - create IPUIPlugin
2025-05-13 13:01:15,108 [INFO] IPUIPlugin:80 - create IPUIPlugin
2025-05-13 13:01:15,108 [INFO] IPUIPlugin:80 - create IPUIPlugin
2025-05-13 13:01:15,108 [INFO] IPUIPlugin:80 - create IPUIPlugin
2025-05-13 13:01:15,108 [INFO] IPUIPlugin:80 - create IPUIPlugin
2025-05-13 13:01:15,109 [INFO] IPUIPlugin:80 - create IPUIPlugin
2025-05-13 13:01:15,109 [INFO] IPUIPlugin:80 - create IPUIPlugin
2025-05-13 13:01:15,109 [INFO] IPUIPlugin:80 - create IPUIPlugin
2025-05-13 13:01:15,109 [INFO] IPUIPlugin:80 - create IPUIPlugin
2025-05-13 13:01:15,109 [INFO] IPUIPlugin:80 - create IPUIPlugin
2025-05-13 13:01:15,109 [INFO] IPUIPlugin:80 - create IPUIPlugin
2025-05-13 13:01:15,109 [INFO] IPUIPlugin:80 - create IPUIPlugin
2025-05-13 13:01:15,109 [INFO] IPUIPlugin:80 - create IPUIPlugin
2025-05-13 13:01:15,110 [INFO] IPUIPlugin:80 - create IPUIPlugin
2025-05-13 13:01:15,110 [INFO] IPUIPlugin:80 - create IPUIPlugin
2025-05-13 13:01:15,110 [INFO] IPUIPlugin:80 - create IPUIPlugin
2025-05-13 13:01:15,110 [INFO] IPUIPlugin:80 - create IPUIPlugin
2025-05-13 13:01:15,110 [INFO] IPUIPlugin:80 - create IPUIPlugin
2025-05-13 13:01:15,111 [INFO] IPUIPlugin:80 - create IPUIPlugin
2025-05-13 13:01:15,111 [INFO] IPUIPlugin:80 - create IPUIPlugin
2025-05-13 13:01:15,111 [INFO] IPUIPlugin:80 - create IPUIPlugin
2025-05-13 13:01:15,111 [INFO] IPUIPlugin:80 - create IPUIPlugin
2025-05-13 13:01:15,111 [INFO] IPUIPlugin:80 - create IPUIPlugin
2025-05-13 13:01:15,111 [INFO] IPUIPlugin:80 - create IPUIPlugin
2025-05-13 13:01:15,112 [INFO] IPUIPlugin:80 - create IPUIPlugin
2025-05-13 13:01:15,112 [INFO] IPUIPlugin:80 - create IPUIPlugin
2025-05-13 13:01:15,112 [INFO] IPUIPlugin:80 - create IPUIPlugin
2025-05-13 13:01:15,112 [INFO] IPUIPlugin:80 - create IPUIPlugin
2025-05-13 13:01:15,112 [INFO] IPUIPlugin:80 - create IPUIPlugin
2025-05-13 13:01:15,158 [INFO] CADModel:165 - CPN selected for project levelSTM32G431RBT6
2025-05-13 13:01:15,158 [INFO] CADModel:114 - Register for checkConnection events
2025-05-13 13:01:15,219 [INFO] OpenFileManager:363 - Restore cursor
2025-05-13 13:01:18,243 [INFO] ADCParametersView:116 -                Rank 1 : false
2025-05-13 13:01:18,243 [INFO] ADCParametersView:116 -                Rank 1 : false
2025-05-13 13:01:18,243 [INFO] ADCParametersView:116 -                Rank 1 : false
2025-05-13 13:01:18,244 [INFO] ADCParametersView:116 -                Rank 1 : false
2025-05-13 13:01:18,244 [INFO] ADCParametersView:116 -                Rank 1 : false
2025-05-13 13:01:18,244 [INFO] ADCParametersView:116 -                Rank 2 : false
2025-05-13 13:01:18,244 [INFO] ADCParametersView:116 -                Rank 1 : false
2025-05-13 13:01:18,244 [INFO] ADCParametersView:116 -                Rank 1 : false
2025-05-13 13:01:18,244 [INFO] ADCParametersView:116 -                Rank 2 : false
2025-05-13 13:01:18,244 [INFO] ADCParametersView:116 -                Rank 3 : false
2025-05-13 13:01:18,321 [INFO] ADCParametersView:116 -                Rank 1 : false
2025-05-13 13:01:18,321 [INFO] ADCParametersView:116 -                Rank 1 : false
2025-05-13 13:01:18,321 [INFO] ADCParametersView:116 -                Rank 2 : false
2025-05-13 13:01:18,321 [INFO] ADCParametersView:116 -                Rank 3 : false
2025-05-13 13:01:18,321 [INFO] ADCParametersView:116 -                Rank 1 : false
2025-05-13 13:01:18,321 [INFO] ADCParametersView:116 -                Rank 1 : false
2025-05-13 13:01:18,321 [INFO] ADCParametersView:116 -                Rank 2 : false
2025-05-13 13:01:18,321 [INFO] ADCParametersView:116 -                Rank 3 : false
2025-05-13 13:01:18,321 [INFO] ADCParametersView:116 -                Rank 1 : false
2025-05-13 13:01:18,321 [INFO] ADCParametersView:116 -                Rank 1 : false
2025-05-13 13:01:18,322 [INFO] ADCParametersView:116 -                Rank 2 : false
2025-05-13 13:01:18,322 [INFO] ADCParametersView:116 -                Rank 3 : false
2025-05-13 13:01:18,322 [INFO] ADCParametersView:116 -                Rank 1 : false
2025-05-13 13:01:18,322 [INFO] ADCParametersView:116 -                Rank 1 : false
2025-05-13 13:01:18,322 [INFO] ADCParametersView:116 -                Rank 2 : false
2025-05-13 13:01:18,322 [INFO] ADCParametersView:116 -                Rank 3 : false
2025-05-13 13:01:18,322 [INFO] ADCParametersView:116 -                Rank 1 : false
2025-05-13 13:01:18,322 [INFO] ADCParametersView:116 -                Rank 1 : false
2025-05-13 13:01:18,322 [INFO] ADCParametersView:116 -                Rank 2 : false
2025-05-13 13:01:18,322 [INFO] ADCParametersView:116 -                Rank 3 : false
2025-05-13 13:01:18,322 [INFO] ADCParametersView:116 -                Rank 1 : false
2025-05-13 13:01:18,322 [INFO] ADCParametersView:116 -                Rank 1 : false
2025-05-13 13:01:18,322 [INFO] ADCParametersView:116 -                Rank 2 : false
2025-05-13 13:01:18,322 [INFO] ADCParametersView:116 -                Rank 3 : false
2025-05-13 13:01:18,322 [INFO] ADCParametersView:116 -                Rank 1 : false
2025-05-13 13:01:18,323 [INFO] ADCParametersView:116 -                Rank 1 : false
2025-05-13 13:01:18,323 [INFO] ADCParametersView:116 -                Rank 2 : false
2025-05-13 13:01:18,323 [INFO] ADCParametersView:116 -                Rank 3 : false
2025-05-13 13:01:18,323 [INFO] ADCParametersView:116 -                Rank 1 : false
2025-05-13 13:01:18,323 [INFO] ADCParametersView:116 -                Rank 1 : false
2025-05-13 13:01:18,323 [INFO] ADCParametersView:116 -                Rank 2 : false
2025-05-13 13:01:18,323 [INFO] ADCParametersView:116 -                Rank 3 : false
2025-05-13 13:01:18,323 [INFO] ADCParametersView:116 -                Rank 1 : false
2025-05-13 13:01:18,323 [INFO] ADCParametersView:116 -                Rank 1 : false
2025-05-13 13:01:18,323 [INFO] ADCParametersView:116 -                Rank 2 : false
2025-05-13 13:01:18,323 [INFO] ADCParametersView:116 -                Rank 3 : false
2025-05-13 13:01:18,323 [INFO] ADCParametersView:116 -                Rank 1 : false
2025-05-13 13:01:18,323 [INFO] ADCParametersView:116 -                Rank 1 : false
2025-05-13 13:01:18,323 [INFO] ADCParametersView:116 -                Rank 2 : false
2025-05-13 13:01:18,323 [INFO] ADCParametersView:116 -                Rank 3 : false
2025-05-13 13:01:18,323 [INFO] ADCParametersView:116 -                Rank 1 : false
2025-05-13 13:01:18,324 [INFO] ADCParametersView:116 -                Rank 1 : false
2025-05-13 13:01:18,324 [INFO] ADCParametersView:116 -                Rank 2 : false
2025-05-13 13:01:18,324 [INFO] ADCParametersView:116 -                Rank 3 : false
2025-05-13 13:01:18,324 [INFO] ADCParametersView:116 -                Rank 1 : false
2025-05-13 13:01:18,324 [INFO] ADCParametersView:116 -                Rank 1 : false
2025-05-13 13:01:18,324 [INFO] ADCParametersView:116 -                Rank 2 : false
2025-05-13 13:01:18,324 [INFO] ADCParametersView:116 -                Rank 3 : false
2025-05-13 13:01:18,324 [INFO] ADCParametersView:116 -                Rank 1 : false
2025-05-13 13:01:18,324 [INFO] ADCParametersView:116 -                Rank 1 : false
2025-05-13 13:01:18,324 [INFO] ADCParametersView:116 -                Rank 2 : false
2025-05-13 13:01:18,324 [INFO] ADCParametersView:116 -                Rank 3 : false
2025-05-13 13:01:18,324 [INFO] ADCParametersView:116 -                Rank 1 : false
2025-05-13 13:01:18,324 [INFO] ADCParametersView:116 -                Rank 1 : false
2025-05-13 13:01:18,324 [INFO] ADCParametersView:116 -                Rank 2 : false
2025-05-13 13:01:18,324 [INFO] ADCParametersView:116 -                Rank 3 : false
2025-05-13 13:01:18,324 [INFO] ADCParametersView:116 -                Rank 1 : false
2025-05-13 13:01:18,324 [INFO] ADCParametersView:116 -                Rank 1 : false
2025-05-13 13:01:18,324 [INFO] ADCParametersView:116 -                Rank 2 : false
2025-05-13 13:01:18,325 [INFO] ADCParametersView:116 -                Rank 3 : false
2025-05-13 13:01:18,325 [INFO] ADCParametersView:116 -                Rank 1 : false
2025-05-13 13:01:18,325 [INFO] ADCParametersView:116 -                Rank 1 : false
2025-05-13 13:01:18,325 [INFO] ADCParametersView:116 -                Rank 2 : false
2025-05-13 13:01:18,325 [INFO] ADCParametersView:116 -                Rank 3 : false
2025-05-13 13:01:18,325 [INFO] ADCParametersView:116 -                Rank 1 : false
2025-05-13 13:01:18,325 [INFO] ADCParametersView:116 -                Rank 2 : false
2025-05-13 13:01:18,325 [INFO] ADCParametersView:116 -                Rank 3 : false
2025-05-13 13:01:18,325 [INFO] ADCParametersView:116 -                Rank 1 : false
2025-05-13 13:01:18,325 [INFO] ADCParametersView:116 -                Rank 1 : false
2025-05-13 13:01:18,325 [INFO] ADCParametersView:116 -                Rank 2 : false
2025-05-13 13:01:18,325 [INFO] ADCParametersView:116 -                Rank 3 : false
2025-05-13 13:01:18,325 [INFO] ADCParametersView:116 -                Rank 1 : false
2025-05-13 13:01:18,325 [INFO] ADCParametersView:116 -                Rank 1 : false
2025-05-13 13:01:18,325 [INFO] ADCParametersView:116 -                Rank 2 : false
2025-05-13 13:01:18,325 [INFO] ADCParametersView:116 -                Rank 3 : false
2025-05-13 13:01:18,325 [INFO] ADCParametersView:116 -                Rank 1 : false
2025-05-13 13:01:18,326 [INFO] ADCParametersView:116 -                Rank 1 : false
2025-05-13 13:01:18,326 [INFO] ADCParametersView:116 -                Rank 2 : false
2025-05-13 13:01:18,326 [INFO] ADCParametersView:116 -                Rank 3 : false
2025-05-13 13:01:18,326 [INFO] ADCParametersView:116 -                Rank 1 : false
2025-05-13 13:01:18,326 [INFO] ADCParametersView:116 -                Rank 1 : false
2025-05-13 13:01:18,326 [INFO] ADCParametersView:116 -                Rank 2 : false
2025-05-13 13:01:18,326 [INFO] ADCParametersView:116 -                Rank 3 : false
2025-05-13 13:01:18,326 [INFO] ADCParametersView:116 -                Rank 1 : false
2025-05-13 13:01:18,326 [INFO] ADCParametersView:116 -                Rank 1 : false
2025-05-13 13:01:18,326 [INFO] ADCParametersView:116 -                Rank 2 : false
2025-05-13 13:01:18,326 [INFO] ADCParametersView:116 -                Rank 3 : false
2025-05-13 13:01:18,326 [INFO] ADCParametersView:116 -                Rank 1 : false
2025-05-13 13:01:18,326 [INFO] ADCParametersView:116 -                Rank 1 : false
2025-05-13 13:01:18,326 [INFO] ADCParametersView:116 -                Rank 2 : false
2025-05-13 13:01:18,326 [INFO] ADCParametersView:116 -                Rank 3 : false
2025-05-13 13:01:18,326 [INFO] ADCParametersView:116 -                Rank 1 : false
2025-05-13 13:01:18,327 [INFO] ADCParametersView:116 -                Rank 1 : false
2025-05-13 13:01:18,327 [INFO] ADCParametersView:116 -                Rank 1 : false
2025-05-13 13:01:18,327 [INFO] ADCParametersView:116 -                Rank 2 : false
2025-05-13 13:01:18,327 [INFO] ADCParametersView:116 -                Rank 3 : false
2025-05-13 13:01:18,327 [INFO] ADCParametersView:116 -                Rank 1 : false
2025-05-13 13:01:18,327 [INFO] ADCParametersView:116 -                Rank 1 : false
2025-05-13 13:01:18,327 [INFO] ADCParametersView:116 -                Rank 2 : false
2025-05-13 13:01:18,327 [INFO] ADCParametersView:116 -                Rank 3 : false
2025-05-13 13:01:18,327 [INFO] ADCParametersView:116 -                Rank 1 : false
2025-05-13 13:01:18,327 [INFO] ADCParametersView:116 -                Rank 1 : false
2025-05-13 13:01:18,327 [INFO] ADCParametersView:116 -                Rank 2 : false
2025-05-13 13:01:18,327 [INFO] ADCParametersView:116 -                Rank 3 : false
2025-05-13 13:01:18,327 [INFO] ADCParametersView:116 -                Rank 1 : false
2025-05-13 13:01:18,327 [INFO] ADCParametersView:116 -                Rank 1 : false
2025-05-13 13:01:18,327 [INFO] ADCParametersView:116 -                Rank 2 : false
2025-05-13 13:01:18,327 [INFO] ADCParametersView:116 -                Rank 3 : false
2025-05-13 13:01:18,327 [INFO] ADCParametersView:116 -                Rank 1 : false
2025-05-13 13:01:18,327 [INFO] ADCParametersView:116 -                Rank 2 : false
2025-05-13 13:01:18,327 [INFO] ADCParametersView:116 -                Rank 3 : false
2025-05-13 13:01:18,327 [INFO] ADCParametersView:116 -                Rank 2 : false
2025-05-13 13:01:18,327 [INFO] ADCParametersView:116 -                Rank 3 : false
2025-05-13 13:01:18,328 [INFO] ADCParametersView:116 -                Rank 3 : false
2025-05-13 13:01:18,358 [INFO] ADCParametersView:116 -                Rank 1 : false
2025-05-13 13:01:18,358 [INFO] ADCParametersView:116 -                Rank 1 : false
2025-05-13 13:01:18,358 [INFO] ADCParametersView:116 -                Rank 1 : false
2025-05-13 13:01:18,359 [INFO] ADCParametersView:116 -                Rank 1 : false
2025-05-13 13:01:18,359 [INFO] ADCParametersView:116 -                Rank 1 : false
2025-05-13 13:01:18,359 [INFO] ADCParametersView:116 -                Rank 2 : false
2025-05-13 13:01:18,359 [INFO] ADCParametersView:116 -                Rank 1 : false
2025-05-13 13:01:18,359 [INFO] ADCParametersView:116 -                Rank 1 : false
2025-05-13 13:01:18,359 [INFO] ADCParametersView:116 -                Rank 2 : false
2025-05-13 13:01:18,359 [INFO] ADCParametersView:116 -                Rank 3 : false
2025-05-13 13:01:18,373 [INFO] NvicIntPanel:101 - NVIC parent = com.st.microxplorer.plugins.ip.nvic.MultiNvicIntPanel[,0,0,0x0,invalid,layout=javax.swing.BoxLayout,alignmentX=0.0,alignmentY=0.0,border=,flags=9,maximumSize=,minimumSize=,preferredSize=]
2025-05-13 13:01:20,710 [INFO] ADCParametersView:116 -                Rank 1 : false
2025-05-13 13:01:20,710 [INFO] ADCParametersView:116 -                Rank 1 : false
2025-05-13 13:01:20,710 [INFO] ADCParametersView:116 -                Rank 2 : false
2025-05-13 13:01:20,710 [INFO] ADCParametersView:116 -                Rank 3 : false
2025-05-13 13:01:20,710 [INFO] ADCParametersView:116 -                Rank 1 : false
2025-05-13 13:01:20,710 [INFO] ADCParametersView:116 -                Rank 1 : false
2025-05-13 13:01:20,710 [INFO] ADCParametersView:116 -                Rank 2 : false
2025-05-13 13:01:20,710 [INFO] ADCParametersView:116 -                Rank 3 : false
2025-05-13 13:01:20,711 [INFO] ADCParametersView:116 -                Rank 1 : false
2025-05-13 13:01:20,711 [INFO] ADCParametersView:116 -                Rank 1 : false
2025-05-13 13:01:20,711 [INFO] ADCParametersView:116 -                Rank 2 : false
2025-05-13 13:01:20,711 [INFO] ADCParametersView:116 -                Rank 3 : false
2025-05-13 13:01:20,711 [INFO] ADCParametersView:116 -                Rank 1 : false
2025-05-13 13:01:20,711 [INFO] ADCParametersView:116 -                Rank 1 : false
2025-05-13 13:01:20,711 [INFO] ADCParametersView:116 -                Rank 2 : false
2025-05-13 13:01:20,711 [INFO] ADCParametersView:116 -                Rank 3 : false
2025-05-13 13:01:20,711 [INFO] ADCParametersView:116 -                Rank 1 : false
2025-05-13 13:01:20,711 [INFO] ADCParametersView:116 -                Rank 1 : false
2025-05-13 13:01:20,711 [INFO] ADCParametersView:116 -                Rank 2 : false
2025-05-13 13:01:20,711 [INFO] ADCParametersView:116 -                Rank 3 : false
2025-05-13 13:01:20,711 [INFO] ADCParametersView:116 -                Rank 1 : false
2025-05-13 13:01:20,711 [INFO] ADCParametersView:116 -                Rank 1 : false
2025-05-13 13:01:20,711 [INFO] ADCParametersView:116 -                Rank 2 : false
2025-05-13 13:01:20,711 [INFO] ADCParametersView:116 -                Rank 3 : false
2025-05-13 13:01:20,711 [INFO] ADCParametersView:116 -                Rank 1 : false
2025-05-13 13:01:20,712 [INFO] ADCParametersView:116 -                Rank 1 : false
2025-05-13 13:01:20,712 [INFO] ADCParametersView:116 -                Rank 2 : false
2025-05-13 13:01:20,712 [INFO] ADCParametersView:116 -                Rank 3 : false
2025-05-13 13:01:20,712 [INFO] ADCParametersView:116 -                Rank 1 : false
2025-05-13 13:01:20,712 [INFO] ADCParametersView:116 -                Rank 1 : false
2025-05-13 13:01:20,712 [INFO] ADCParametersView:116 -                Rank 2 : false
2025-05-13 13:01:20,712 [INFO] ADCParametersView:116 -                Rank 3 : false
2025-05-13 13:01:20,712 [INFO] ADCParametersView:116 -                Rank 1 : false
2025-05-13 13:01:20,712 [INFO] ADCParametersView:116 -                Rank 1 : false
2025-05-13 13:01:20,712 [INFO] ADCParametersView:116 -                Rank 2 : false
2025-05-13 13:01:20,712 [INFO] ADCParametersView:116 -                Rank 3 : false
2025-05-13 13:01:20,712 [INFO] ADCParametersView:116 -                Rank 1 : false
2025-05-13 13:01:20,712 [INFO] ADCParametersView:116 -                Rank 1 : false
2025-05-13 13:01:20,712 [INFO] ADCParametersView:116 -                Rank 2 : false
2025-05-13 13:01:20,712 [INFO] ADCParametersView:116 -                Rank 3 : false
2025-05-13 13:01:20,712 [INFO] ADCParametersView:116 -                Rank 1 : false
2025-05-13 13:01:20,713 [INFO] ADCParametersView:116 -                Rank 1 : false
2025-05-13 13:01:20,713 [INFO] ADCParametersView:116 -                Rank 2 : false
2025-05-13 13:01:20,713 [INFO] ADCParametersView:116 -                Rank 3 : false
2025-05-13 13:01:20,713 [INFO] ADCParametersView:116 -                Rank 1 : false
2025-05-13 13:01:20,713 [INFO] ADCParametersView:116 -                Rank 1 : false
2025-05-13 13:01:20,713 [INFO] ADCParametersView:116 -                Rank 2 : false
2025-05-13 13:01:20,713 [INFO] ADCParametersView:116 -                Rank 3 : false
2025-05-13 13:01:20,713 [INFO] ADCParametersView:116 -                Rank 1 : false
2025-05-13 13:01:20,713 [INFO] ADCParametersView:116 -                Rank 1 : false
2025-05-13 13:01:20,713 [INFO] ADCParametersView:116 -                Rank 2 : false
2025-05-13 13:01:20,713 [INFO] ADCParametersView:116 -                Rank 3 : false
2025-05-13 13:01:20,713 [INFO] ADCParametersView:116 -                Rank 1 : false
2025-05-13 13:01:20,713 [INFO] ADCParametersView:116 -                Rank 1 : false
2025-05-13 13:01:20,713 [INFO] ADCParametersView:116 -                Rank 2 : false
2025-05-13 13:01:20,713 [INFO] ADCParametersView:116 -                Rank 3 : false
2025-05-13 13:01:20,713 [INFO] ADCParametersView:116 -                Rank 1 : false
2025-05-13 13:01:20,713 [INFO] ADCParametersView:116 -                Rank 1 : false
2025-05-13 13:01:20,713 [INFO] ADCParametersView:116 -                Rank 2 : false
2025-05-13 13:01:20,713 [INFO] ADCParametersView:116 -                Rank 3 : false
2025-05-13 13:01:20,714 [INFO] ADCParametersView:116 -                Rank 1 : false
2025-05-13 13:01:20,714 [INFO] ADCParametersView:116 -                Rank 1 : false
2025-05-13 13:01:20,714 [INFO] ADCParametersView:116 -                Rank 2 : false
2025-05-13 13:01:20,714 [INFO] ADCParametersView:116 -                Rank 3 : false
2025-05-13 13:01:20,714 [INFO] ADCParametersView:116 -                Rank 1 : false
2025-05-13 13:01:20,714 [INFO] ADCParametersView:116 -                Rank 2 : false
2025-05-13 13:01:20,714 [INFO] ADCParametersView:116 -                Rank 3 : false
2025-05-13 13:01:20,714 [INFO] ADCParametersView:116 -                Rank 1 : false
2025-05-13 13:01:20,714 [INFO] ADCParametersView:116 -                Rank 1 : false
2025-05-13 13:01:20,714 [INFO] ADCParametersView:116 -                Rank 2 : false
2025-05-13 13:01:20,714 [INFO] ADCParametersView:116 -                Rank 3 : false
2025-05-13 13:01:20,714 [INFO] ADCParametersView:116 -                Rank 1 : false
2025-05-13 13:01:20,714 [INFO] ADCParametersView:116 -                Rank 1 : false
2025-05-13 13:01:20,714 [INFO] ADCParametersView:116 -                Rank 2 : false
2025-05-13 13:01:20,714 [INFO] ADCParametersView:116 -                Rank 3 : false
2025-05-13 13:01:20,714 [INFO] ADCParametersView:116 -                Rank 1 : false
2025-05-13 13:01:20,714 [INFO] ADCParametersView:116 -                Rank 1 : false
2025-05-13 13:01:20,714 [INFO] ADCParametersView:116 -                Rank 2 : false
2025-05-13 13:01:20,714 [INFO] ADCParametersView:116 -                Rank 3 : false
2025-05-13 13:01:20,714 [INFO] ADCParametersView:116 -                Rank 1 : false
2025-05-13 13:01:20,714 [INFO] ADCParametersView:116 -                Rank 1 : false
2025-05-13 13:01:20,714 [INFO] ADCParametersView:116 -                Rank 2 : false
2025-05-13 13:01:20,714 [INFO] ADCParametersView:116 -                Rank 3 : false
2025-05-13 13:01:20,714 [INFO] ADCParametersView:116 -                Rank 1 : false
2025-05-13 13:01:20,714 [INFO] ADCParametersView:116 -                Rank 1 : false
2025-05-13 13:01:20,714 [INFO] ADCParametersView:116 -                Rank 2 : false
2025-05-13 13:01:20,714 [INFO] ADCParametersView:116 -                Rank 3 : false
2025-05-13 13:01:20,715 [INFO] ADCParametersView:116 -                Rank 1 : false
2025-05-13 13:01:20,715 [INFO] ADCParametersView:116 -                Rank 1 : false
2025-05-13 13:01:20,715 [INFO] ADCParametersView:116 -                Rank 2 : false
2025-05-13 13:01:20,715 [INFO] ADCParametersView:116 -                Rank 3 : false
2025-05-13 13:01:20,715 [INFO] ADCParametersView:116 -                Rank 1 : false
2025-05-13 13:01:20,715 [INFO] ADCParametersView:116 -                Rank 1 : false
2025-05-13 13:01:20,715 [INFO] ADCParametersView:116 -                Rank 1 : false
2025-05-13 13:01:20,715 [INFO] ADCParametersView:116 -                Rank 2 : false
2025-05-13 13:01:20,715 [INFO] ADCParametersView:116 -                Rank 3 : false
2025-05-13 13:01:20,715 [INFO] ADCParametersView:116 -                Rank 1 : false
2025-05-13 13:01:20,715 [INFO] ADCParametersView:116 -                Rank 1 : false
2025-05-13 13:01:20,715 [INFO] ADCParametersView:116 -                Rank 2 : false
2025-05-13 13:01:20,715 [INFO] ADCParametersView:116 -                Rank 3 : false
2025-05-13 13:01:20,715 [INFO] ADCParametersView:116 -                Rank 1 : false
2025-05-13 13:01:20,715 [INFO] ADCParametersView:116 -                Rank 1 : false
2025-05-13 13:01:20,715 [INFO] ADCParametersView:116 -                Rank 2 : false
2025-05-13 13:01:20,715 [INFO] ADCParametersView:116 -                Rank 3 : false
2025-05-13 13:01:20,715 [INFO] ADCParametersView:116 -                Rank 1 : false
2025-05-13 13:01:20,715 [INFO] ADCParametersView:116 -                Rank 1 : false
2025-05-13 13:01:20,715 [INFO] ADCParametersView:116 -                Rank 2 : false
2025-05-13 13:01:20,715 [INFO] ADCParametersView:116 -                Rank 3 : false
2025-05-13 13:01:20,715 [INFO] ADCParametersView:116 -                Rank 1 : false
2025-05-13 13:01:20,715 [INFO] ADCParametersView:116 -                Rank 2 : false
2025-05-13 13:01:20,715 [INFO] ADCParametersView:116 -                Rank 3 : false
2025-05-13 13:01:20,715 [INFO] ADCParametersView:116 -                Rank 2 : false
2025-05-13 13:01:20,715 [INFO] ADCParametersView:116 -                Rank 3 : false
2025-05-13 13:01:20,715 [INFO] ADCParametersView:116 -                Rank 3 : false
2025-05-13 13:01:20,737 [INFO] ADCParametersView:116 -                Rank 1 : false
2025-05-13 13:01:20,737 [INFO] ADCParametersView:116 -                Rank 1 : false
2025-05-13 13:01:20,737 [INFO] ADCParametersView:116 -                Rank 1 : false
2025-05-13 13:01:20,737 [INFO] ADCParametersView:116 -                Rank 1 : false
2025-05-13 13:01:20,737 [INFO] ADCParametersView:116 -                Rank 1 : false
2025-05-13 13:01:20,737 [INFO] ADCParametersView:116 -                Rank 2 : false
2025-05-13 13:01:20,737 [INFO] ADCParametersView:116 -                Rank 1 : false
2025-05-13 13:01:20,737 [INFO] ADCParametersView:116 -                Rank 1 : false
2025-05-13 13:01:20,737 [INFO] ADCParametersView:116 -                Rank 2 : false
2025-05-13 13:01:20,737 [INFO] ADCParametersView:116 -                Rank 3 : false
2025-05-13 13:34:17,890 [INFO] WebApp:190 - Connection lost
2025-05-13 13:34:18,028 [INFO] WebApp:187 - Connection restablished
2025-05-13 20:39:46,476 [INFO] WebApp:190 - Connection lost
2025-05-13 20:39:51,623 [INFO] WebApp:187 - Connection restablished
2025-05-13 20:39:53,884 [INFO] WebApp:190 - Connection lost
2025-05-13 20:39:54,008 [INFO] WebApp:187 - Connection restablished
2025-05-13 21:25:14,699 [INFO] WebApp:190 - Connection lost
2025-05-13 21:25:14,890 [INFO] WebApp:187 - Connection restablished
2025-05-13 21:25:18,378 [INFO] WebApp:190 - Connection lost
2025-05-13 21:25:18,487 [INFO] WebApp:187 - Connection restablished
