2025-10-29 16:49:52,489 [INFO] Activator:176 - 


2025-10-29 16:49:52,494 [INFO] Activator:177 - !SESSION log4j initialized
2025-10-29 16:49:58,102 [INFO] LogOutputStream:77 - [STDOUT_REDIRECT] 
2025-10-29 16:49:59,180 [INFO] ApplicationProperties:184 - Using Application install path: C:\ST\STM32CubeIDE_1.16.1\STM32CubeIDE\plugins\com.st.stm32cube.common.mx_6.15.0.202507011659
2025-10-29 16:49:59,196 [INFO] DbMcusXml:78 - Set database path to: C:\ST\STM32CubeIDE_1.16.1\STM32CubeIDE\plugins\com.st.stm32cube.common.mx_6.15.0.202507011659\\db\/mcu/
2025-10-29 16:49:59,197 [INFO] ApiDb:274 - Set plugin database path to: C:\ST\STM32CubeIDE_1.16.1\STM32CubeIDE\plugins\com.st.stm32cube.common.mx_6.15.0.202507011659\\db\/plugins/boardmanager/
2025-10-29 16:49:59,199 [WARN] ApiDb:259 - Overriding images path with different value:  => C:\ST\STM32CubeIDE_1.16.1\STM32CubeIDE\plugins\com.st.stm32cube.common.mx_6.15.0.202507011659\\db\/plugins/mcufinder/images/
2025-10-29 16:49:59,206 [INFO] ApiDb:250 - Set database path to: C:\Users\Miloush\.stmcufinder\plugins\mcufinder//mcu/
2025-10-29 16:49:59,208 [INFO] DbMcusAds:125 - Set database path to: C:\Users\Miloush\.stmcufinder\plugins\mcufinder//mcu/
2025-10-29 16:49:59,211 [INFO] CrossReferenceDbSqlite:203 - Set database path to: C:\Users\Miloush\.stmcufinder\plugins\mcufinder//mcu/cs/
2025-10-29 16:49:59,323 [INFO] RulesReader:64 - Compatibility file has been processed (317 Rules)
2025-10-29 16:49:59,405 [INFO] DbMcusXml:78 - Set database path to: C:\ST\STM32CubeIDE_1.16.1\STM32CubeIDE\plugins\com.st.stm32cube.common.mx_6.15.0.202507011659\\db\/mcu/
2025-10-29 16:49:59,405 [INFO] ApiDb:274 - Set plugin database path to: C:\ST\STM32CubeIDE_1.16.1\STM32CubeIDE\plugins\com.st.stm32cube.common.mx_6.15.0.202507011659\\db\/plugins/boardmanager/
2025-10-29 16:49:59,405 [INFO] ApiDb:261 - Set plugin images path to: C:\ST\STM32CubeIDE_1.16.1\STM32CubeIDE\plugins\com.st.stm32cube.common.mx_6.15.0.202507011659\\db\/plugins/mcufinder/images/
2025-10-29 16:49:59,405 [WARN] DbFile:41 - Overriding database path with different value: C:\Users\Miloush\.stmcufinder\plugins\mcufinder/ => C:\Users\Miloush\.stmcufinder\plugins\mcufinder
2025-10-29 16:49:59,405 [INFO] ApiDb:250 - Set database path to: C:\Users\Miloush\.stmcufinder\plugins\mcufinder//mcu/
2025-10-29 16:49:59,405 [WARN] DbFile:41 - Overriding database path with different value: C:\Users\Miloush\.stmcufinder\plugins\mcufinder/ => C:\Users\Miloush\.stmcufinder\plugins\mcufinder
2025-10-29 16:49:59,405 [INFO] DbMcusAds:125 - Set database path to: C:\Users\Miloush\.stmcufinder\plugins\mcufinder//mcu/
2025-10-29 16:49:59,405 [WARN] DbFile:41 - Overriding database path with different value: C:\Users\Miloush\.stmcufinder\plugins\mcufinder/ => C:\Users\Miloush\.stmcufinder\plugins\mcufinder
2025-10-29 16:49:59,405 [WARN] DbFile:41 - Overriding database path with different value: C:\Users\Miloush\.stmcufinder\plugins\mcufinder/ => C:\Users\Miloush\.stmcufinder\plugins\mcufinder
2025-10-29 16:49:59,405 [INFO] CrossReferenceDbSqlite:203 - Set database path to: C:\Users\Miloush\.stmcufinder\plugins\mcufinder//mcu/cs/
2025-10-29 16:49:59,465 [INFO] MainPanel:274 - HeapMemory: 268435456
2025-10-29 16:49:59,565 [INFO] DbMcusXml:78 - Set database path to: C:\ST\STM32CubeIDE_1.16.1\STM32CubeIDE\plugins\com.st.stm32cube.common.mx_6.15.0.202507011659\\db\/mcu/
2025-10-29 16:49:59,565 [INFO] ApiDb:274 - Set plugin database path to: C:\ST\STM32CubeIDE_1.16.1\STM32CubeIDE\plugins\com.st.stm32cube.common.mx_6.15.0.202507011659\\db\/plugins/boardmanager/
2025-10-29 16:49:59,565 [INFO] ApiDb:261 - Set plugin images path to: C:\ST\STM32CubeIDE_1.16.1\STM32CubeIDE\plugins\com.st.stm32cube.common.mx_6.15.0.202507011659\\db\/plugins/mcufinder/images/
2025-10-29 16:49:59,566 [WARN] DbFile:41 - Overriding database path with different value: C:\Users\Miloush\.stmcufinder\plugins\mcufinder/ => C:\Users\Miloush\.stmcufinder\plugins\mcufinder
2025-10-29 16:49:59,566 [INFO] ApiDb:250 - Set database path to: C:\Users\Miloush\.stmcufinder\plugins\mcufinder//mcu/
2025-10-29 16:49:59,567 [WARN] DbFile:41 - Overriding database path with different value: C:\Users\Miloush\.stmcufinder\plugins\mcufinder/ => C:\Users\Miloush\.stmcufinder\plugins\mcufinder
2025-10-29 16:49:59,567 [INFO] DbMcusAds:125 - Set database path to: C:\Users\Miloush\.stmcufinder\plugins\mcufinder//mcu/
2025-10-29 16:49:59,567 [WARN] DbFile:41 - Overriding database path with different value: C:\Users\Miloush\.stmcufinder\plugins\mcufinder/ => C:\Users\Miloush\.stmcufinder\plugins\mcufinder
2025-10-29 16:49:59,567 [WARN] DbFile:41 - Overriding database path with different value: C:\Users\Miloush\.stmcufinder\plugins\mcufinder/ => C:\Users\Miloush\.stmcufinder\plugins\mcufinder
2025-10-29 16:49:59,567 [INFO] CrossReferenceDbSqlite:203 - Set database path to: C:\Users\Miloush\.stmcufinder\plugins\mcufinder//mcu/cs/
2025-10-29 16:49:59,593 [INFO] ApplicationProperties:184 - Using Application install path: C:\ST\STM32CubeIDE_1.16.1\STM32CubeIDE\plugins\com.st.stm32cube.common.mx_6.15.0.202507011659
2025-10-29 16:49:59,595 [INFO] PluginManage:196 - Search for loadable plugins [exclusion list=, ]
2025-10-29 16:49:59,599 [INFO] PluginManage:310 - Check plugin analytics
2025-10-29 16:49:59,849 [INFO] AnalyticsPlugin:253 - Accepted Software Licenses: STM32CubeMX.6.15.0
2025-10-29 16:49:59,850 [INFO] AnalyticsPlugin:255 - Accepted CMSIS Pack Licenses: 
2025-10-29 16:49:59,850 [INFO] AnalyticsPlugin:257 - Accepted Firmware Licenses: FW.G4.1.6.0,FW.F4.1.28.0
2025-10-29 16:49:59,853 [INFO] PluginManage:359 - Loaded plugin analytics (category:tool,tabindex:-1)
2025-10-29 16:49:59,853 [INFO] PluginManage:310 - Check plugin cadmodel
2025-10-29 16:49:59,861 [INFO] CADModel:105 - Init CAD model plugin
2025-10-29 16:49:59,861 [INFO] PluginManage:359 - Loaded plugin cadmodel (category:power,tabindex:5)
2025-10-29 16:49:59,862 [INFO] PluginManage:310 - Check plugin clock
2025-10-29 16:49:59,880 [INFO] PluginManage:359 - Loaded plugin clock (category:base,tabindex:2)
2025-10-29 16:49:59,880 [INFO] PluginManage:310 - Check plugin ddr
2025-10-29 16:49:59,885 [INFO] PluginManage:359 - Loaded plugin ddr (category:tool,tabindex:6)
2025-10-29 16:49:59,886 [INFO] PluginManage:310 - Check plugin filemanager
2025-10-29 16:50:00,040 [INFO] PluginManage:359 - Loaded plugin filemanager (category:base,tabindex:10)
2025-10-29 16:50:00,040 [INFO] PluginManage:310 - Check plugin ipmanager
2025-10-29 16:50:00,046 [INFO] PluginManage:359 - Loaded plugin ipmanager (category:base,tabindex:5)
2025-10-29 16:50:00,046 [INFO] PluginManage:310 - Check plugin lpbam
2025-10-29 16:50:00,054 [INFO] PluginManage:359 - Loaded plugin lpbam (category:base,tabindex:0)
2025-10-29 16:50:00,054 [INFO] PluginManage:310 - Check plugin memorymap
2025-10-29 16:50:00,066 [INFO] PluginManage:359 - Loaded plugin memorymap (category:base,tabindex:4)
2025-10-29 16:50:00,066 [INFO] PluginManage:310 - Check plugin pinoutandconfiguration
2025-10-29 16:50:00,073 [INFO] PluginManage:359 - Loaded plugin pinoutandconfiguration (category:base,tabindex:1)
2025-10-29 16:50:00,073 [INFO] PluginManage:310 - Check plugin pinoutconfig
2025-10-29 16:50:00,161 [WARN] SupportedApi:132 - Cannot load RTOS API schema: s4s-elt-must-match.1: The content of 'definitions' must match (annotation?, (simpleType | complexType)?, (unique | key | keyref)*)). A problem was found starting at: attribute.
2025-10-29 16:50:00,286 [INFO] PluginManage:359 - Loaded plugin pinoutconfig (category:base,tabindex:0)
2025-10-29 16:50:00,286 [INFO] PluginManage:310 - Check plugin power
2025-10-29 16:50:00,295 [INFO] PluginManage:359 - Loaded plugin power (category:power,tabindex:4)
2025-10-29 16:50:00,295 [INFO] PluginManage:310 - Check plugin projectmanager
2025-10-29 16:50:00,309 [INFO] PluginManage:359 - Loaded plugin projectmanager (category:projectmanager,tabindex:4)
2025-10-29 16:50:00,309 [INFO] PluginManage:310 - Check plugin rif
2025-10-29 16:50:00,317 [INFO] PluginManage:359 - Loaded plugin rif (category:base,tabindex:3)
2025-10-29 16:50:00,317 [INFO] PluginManage:310 - Check plugin thirdparty
2025-10-29 16:50:00,453 [WARN] IntegrityCheckThread:84 - waiting for thirdparty lock release [integrity check]
2025-10-29 16:50:00,453 [INFO] IntegrityCheckThread:86 - entering critical section [integrity check]
2025-10-29 16:50:00,453 [INFO] ThirdPartyUpdaterWithRetryManager:70 - Updater plugin not ready yet. [1/15]
2025-10-29 16:50:00,453 [INFO] PluginManage:359 - Loaded plugin thirdparty (category:base,tabindex:-1)
2025-10-29 16:50:00,453 [INFO] PluginManage:310 - Check plugin tools
2025-10-29 16:50:00,458 [INFO] PluginManage:359 - Loaded plugin tools (category:base,tabindex:7)
2025-10-29 16:50:00,459 [INFO] PluginManage:310 - Check plugin tutovideos
2025-10-29 16:50:00,622 [INFO] PluginManage:359 - Loaded plugin tutovideos (category:base,tabindex:-1)
2025-10-29 16:50:00,622 [INFO] PluginManage:310 - Check plugin updater
2025-10-29 16:50:00,643 [INFO] PluginManage:359 - Loaded plugin updater (category:base,tabindex:12)
2025-10-29 16:50:00,643 [INFO] PluginManage:310 - Check plugin userauth
2025-10-29 16:50:00,647 [INFO] UserAuth:118 - Init User Auth plugin
2025-10-29 16:50:00,647 [INFO] PluginManage:359 - Loaded plugin userauth (category:base,tabindex:14)
2025-10-29 16:50:00,647 [INFO] PluginManage:283 - PluginManage : Loaded plugins [18]
2025-10-29 16:50:00,842 [INFO] PinOutPanel:1589 - setPackage(No Configuration,No Configuration)
2025-10-29 16:50:00,914 [INFO] CADModel:165 - CPN selected for project level
2025-10-29 16:50:00,914 [INFO] CADModel:114 - Register for checkConnection events
2025-10-29 16:50:00,928 [INFO] IPUIPlugin:80 - create IPUIPlugin
2025-10-29 16:50:00,928 [INFO] PluginManager:220 - loadIPPluginJar : add adc
2025-10-29 16:50:00,931 [INFO] IPUIPlugin:80 - create IPUIPlugin
2025-10-29 16:50:00,931 [INFO] PluginManager:220 - loadIPPluginJar : add aes
2025-10-29 16:50:00,933 [INFO] IPUIPlugin:80 - create IPUIPlugin
2025-10-29 16:50:00,933 [INFO] PluginManager:220 - loadIPPluginJar : add can
2025-10-29 16:50:00,935 [INFO] IPUIPlugin:80 - create IPUIPlugin
2025-10-29 16:50:00,935 [INFO] PluginManager:220 - loadIPPluginJar : add comp
2025-10-29 16:50:00,937 [INFO] IPUIPlugin:80 - create IPUIPlugin
2025-10-29 16:50:00,937 [INFO] PluginManager:220 - loadIPPluginJar : add cryp
2025-10-29 16:50:00,940 [INFO] IPUIPlugin:80 - create IPUIPlugin
2025-10-29 16:50:00,940 [INFO] PluginManager:220 - loadIPPluginJar : add ddr_ctrl_phy
2025-10-29 16:50:00,942 [INFO] IPUIPlugin:80 - create IPUIPlugin
2025-10-29 16:50:00,942 [INFO] PluginManager:220 - loadIPPluginJar : add dfsdm
2025-10-29 16:50:00,945 [INFO] IPUIPlugin:80 - create IPUIPlugin
2025-10-29 16:50:00,946 [INFO] PluginManager:220 - loadIPPluginJar : add dma
2025-10-29 16:50:00,949 [INFO] IPUIPlugin:80 - create IPUIPlugin
2025-10-29 16:50:00,949 [INFO] PluginManager:220 - loadIPPluginJar : add dma3
2025-10-29 16:50:00,951 [INFO] IPUIPlugin:80 - create IPUIPlugin
2025-10-29 16:50:00,951 [INFO] PluginManager:220 - loadIPPluginJar : add extmemmanager
2025-10-29 16:50:00,953 [INFO] IPUIPlugin:80 - create IPUIPlugin
2025-10-29 16:50:00,953 [INFO] PluginManager:220 - loadIPPluginJar : add fatfs
2025-10-29 16:50:00,958 [INFO] IPUIPlugin:80 - create IPUIPlugin
2025-10-29 16:50:00,958 [INFO] PluginManager:220 - loadIPPluginJar : add fmc
2025-10-29 16:50:00,971 [INFO] IPUIPlugin:80 - create IPUIPlugin
2025-10-29 16:50:00,971 [INFO] PluginManager:220 - loadIPPluginJar : add freertos
2025-10-29 16:50:00,973 [INFO] IPUIPlugin:80 - create IPUIPlugin
2025-10-29 16:50:00,973 [INFO] PluginManager:220 - loadIPPluginJar : add genericplugin
2025-10-29 16:50:00,975 [INFO] IPUIPlugin:80 - create IPUIPlugin
2025-10-29 16:50:00,975 [INFO] PluginManager:220 - loadIPPluginJar : add gfxmmu
2025-10-29 16:50:00,979 [INFO] IPUIPlugin:80 - create IPUIPlugin
2025-10-29 16:50:00,979 [INFO] PluginManager:220 - loadIPPluginJar : add gic
2025-10-29 16:50:00,982 [INFO] IPUIPlugin:80 - create IPUIPlugin
2025-10-29 16:50:00,982 [INFO] PluginManager:220 - loadIPPluginJar : add gpio
2025-10-29 16:50:00,985 [INFO] IPUIPlugin:80 - create IPUIPlugin
2025-10-29 16:50:00,985 [INFO] PluginManager:220 - loadIPPluginJar : add gtzc
2025-10-29 16:50:00,986 [INFO] IPUIPlugin:80 - create IPUIPlugin
2025-10-29 16:50:00,986 [INFO] PluginManager:220 - loadIPPluginJar : add hash
2025-10-29 16:50:00,988 [INFO] IPUIPlugin:80 - create IPUIPlugin
2025-10-29 16:50:00,988 [INFO] PluginManager:220 - loadIPPluginJar : add i2c
2025-10-29 16:50:00,990 [INFO] IPUIPlugin:80 - create IPUIPlugin
2025-10-29 16:50:00,990 [INFO] PluginManager:220 - loadIPPluginJar : add i2s
2025-10-29 16:50:00,993 [INFO] IPUIPlugin:80 - create IPUIPlugin
2025-10-29 16:50:00,993 [INFO] PluginManager:220 - loadIPPluginJar : add i3c
2025-10-29 16:50:00,996 [INFO] IPUIPlugin:80 - create IPUIPlugin
2025-10-29 16:50:00,996 [INFO] PluginManager:220 - loadIPPluginJar : add ipddr
2025-10-29 16:50:01,001 [INFO] IPUIPlugin:80 - create IPUIPlugin
2025-10-29 16:50:01,001 [INFO] PluginManager:220 - loadIPPluginJar : add linkedlist
2025-10-29 16:50:01,003 [INFO] IPUIPlugin:80 - create IPUIPlugin
2025-10-29 16:50:01,003 [INFO] PluginManager:220 - loadIPPluginJar : add lorawan
2025-10-29 16:50:01,004 [INFO] IPUIPlugin:80 - create IPUIPlugin
2025-10-29 16:50:01,004 [INFO] PluginManager:220 - loadIPPluginJar : add ltdc
2025-10-29 16:50:01,008 [INFO] IPUIPlugin:80 - create IPUIPlugin
2025-10-29 16:50:01,008 [INFO] PluginManager:220 - loadIPPluginJar : add mdma
2025-10-29 16:50:01,010 [INFO] IPUIPlugin:80 - create IPUIPlugin
2025-10-29 16:50:01,010 [INFO] PluginManager:220 - loadIPPluginJar : add nvic
2025-10-29 16:50:01,013 [INFO] IPUIPlugin:80 - create IPUIPlugin
2025-10-29 16:50:01,013 [INFO] PluginManager:220 - loadIPPluginJar : add opamp
2025-10-29 16:50:01,016 [INFO] IPUIPlugin:80 - create IPUIPlugin
2025-10-29 16:50:01,016 [INFO] PluginManager:220 - loadIPPluginJar : add openamp
2025-10-29 16:50:01,018 [INFO] IPUIPlugin:80 - create IPUIPlugin
2025-10-29 16:50:01,018 [INFO] PluginManager:220 - loadIPPluginJar : add pdm2pcm
2025-10-29 16:50:01,022 [INFO] IPUIPlugin:80 - create IPUIPlugin
2025-10-29 16:50:01,024 [INFO] PluginManager:220 - loadIPPluginJar : add plateformsettings
2025-10-29 16:50:01,025 [INFO] IPUIPlugin:80 - create IPUIPlugin
2025-10-29 16:50:01,026 [INFO] PluginManager:220 - loadIPPluginJar : add quadspi
2025-10-29 16:50:01,028 [INFO] IPUIPlugin:80 - create IPUIPlugin
2025-10-29 16:50:01,028 [INFO] PluginManager:220 - loadIPPluginJar : add radio
2025-10-29 16:50:01,031 [INFO] IPUIPlugin:80 - create IPUIPlugin
2025-10-29 16:50:01,031 [INFO] PluginManager:220 - loadIPPluginJar : add resmgrutility
2025-10-29 16:50:01,033 [INFO] IPUIPlugin:80 - create IPUIPlugin
2025-10-29 16:50:01,033 [INFO] PluginManager:220 - loadIPPluginJar : add sai
2025-10-29 16:50:01,036 [INFO] IPUIPlugin:80 - create IPUIPlugin
2025-10-29 16:50:01,036 [INFO] PluginManager:220 - loadIPPluginJar : add spi
2025-10-29 16:50:01,040 [INFO] IPUIPlugin:80 - create IPUIPlugin
2025-10-29 16:50:01,040 [INFO] PluginManager:220 - loadIPPluginJar : add stm32_wpan
2025-10-29 16:50:01,043 [INFO] IPUIPlugin:80 - create IPUIPlugin
2025-10-29 16:50:01,043 [INFO] PluginManager:220 - loadIPPluginJar : add tim
2025-10-29 16:50:01,046 [INFO] IPUIPlugin:80 - create IPUIPlugin
2025-10-29 16:50:01,046 [INFO] PluginManager:220 - loadIPPluginJar : add touchsensing
2025-10-29 16:50:01,048 [INFO] IPUIPlugin:80 - create IPUIPlugin
2025-10-29 16:50:01,048 [INFO] PluginManager:220 - loadIPPluginJar : add tracer_emb
2025-10-29 16:50:01,049 [INFO] IPUIPlugin:80 - create IPUIPlugin
2025-10-29 16:50:01,049 [INFO] PluginManager:220 - loadIPPluginJar : add ts
2025-10-29 16:50:01,051 [INFO] IPUIPlugin:80 - create IPUIPlugin
2025-10-29 16:50:01,051 [INFO] PluginManager:220 - loadIPPluginJar : add tsc
2025-10-29 16:50:01,053 [INFO] IPUIPlugin:80 - create IPUIPlugin
2025-10-29 16:50:01,053 [INFO] PluginManager:220 - loadIPPluginJar : add ucpd
2025-10-29 16:50:01,055 [INFO] IPUIPlugin:80 - create IPUIPlugin
2025-10-29 16:50:01,055 [INFO] PluginManager:220 - loadIPPluginJar : add usart
2025-10-29 16:50:01,057 [INFO] IPUIPlugin:80 - create IPUIPlugin
2025-10-29 16:50:01,057 [INFO] PluginManager:220 - loadIPPluginJar : add usbx
2025-10-29 16:50:01,173 [FATAL] Updater:351 - Updater called before beeing initialized
2025-10-29 16:50:01,198 [INFO] RulesReader:64 - Compatibility file has been processed (317 Rules)
2025-10-29 16:50:01,210 [INFO] RulesReader:64 - Compatibility file has been processed (317 Rules)
2025-10-29 16:50:01,219 [INFO] CADModel:165 - CPN selected for project level
2025-10-29 16:50:01,219 [INFO] CADModel:114 - Register for checkConnection events
2025-10-29 16:50:01,219 [FATAL] Updater:351 - Updater called before beeing initialized
2025-10-29 16:50:01,219 [ERROR] CADModel:125 - Updater not yet initialized, retry later 
2025-10-29 16:50:01,400 [FATAL] Updater:351 - Updater called before beeing initialized
2025-10-29 16:50:01,402 [INFO] CADModel:165 - CPN selected for project level
2025-10-29 16:50:01,402 [INFO] CADModel:114 - Register for checkConnection events
2025-10-29 16:50:01,402 [FATAL] Updater:351 - Updater called before beeing initialized
2025-10-29 16:50:01,402 [ERROR] CADModel:125 - Updater not yet initialized, retry later 
2025-10-29 16:50:01,404 [FATAL] Updater:351 - Updater called before beeing initialized
2025-10-29 16:50:01,486 [FATAL] Updater:351 - Updater called before beeing initialized
2025-10-29 16:50:01,490 [INFO] DbMcusAds:53 - JSON generation date=Thu Oct 02 11:36:05 CEST 2025 (1759397765645)
2025-10-29 16:50:01,490 [FATAL] Updater:351 - Updater called before beeing initialized
2025-10-29 16:50:01,517 [WARN] DetailPanel:346 - Failed to get advertising image, set to default
2025-10-29 16:50:01,579 [FATAL] Updater:351 - Updater called before beeing initialized
2025-10-29 16:50:01,580 [FATAL] Updater:351 - Updater called before beeing initialized
2025-10-29 16:50:01,580 [FATAL] Updater:351 - Updater called before beeing initialized
2025-10-29 16:50:01,580 [WARN] DetailPanel:346 - Failed to get advertising image, set to default
2025-10-29 16:50:01,581 [FATAL] Updater:351 - Updater called before beeing initialized
2025-10-29 16:50:01,619 [ERROR] Updater:1198 - MainUpdater not yet initialized. External WinMGr cannot be set.
2025-10-29 16:50:01,621 [INFO] Updater:1134 - Updater Version found : 6.15.0
2025-10-29 16:50:01,637 [INFO] ApplicationProperties:184 - Using Application install path: C:\ST\STM32CubeIDE_1.16.1\STM32CubeIDE\plugins\com.st.stm32cube.common.mx_6.15.0.202507011659
2025-10-29 16:50:02,099 [INFO] MainUpdater:2872 - connection check result : 10
2025-10-29 16:50:02,100 [INFO] MainUpdater:3604 - Updater definition file requires update
2025-10-29 16:50:02,100 [INFO] MainUpdater:289 - Updater Check For Update Now.
2025-10-29 16:50:02,100 [INFO] MicroXplorer:498 - Change Database Version : DB.6.0.150
2025-10-29 16:50:02,105 [INFO] McuFinderGlobals:63 - Set McuFinder mode to 2 (CubeIDE integrated)
2025-10-29 16:50:02,106 [INFO] UserAuth:487 - Internet connection configuration mode: 1
2025-10-29 16:50:02,119 [INFO] JxBrowserEngine:152 - Initiate JxBrowser Engine with user profile folder
2025-10-29 16:50:02,171 [INFO] ServerAccessManage:452 - Complete download http(s) 200
2025-10-29 16:50:02,171 [INFO] ServerAccessManage:509 - Download File updaters.zip
2025-10-29 16:50:02,225 [INFO] FileExtend:248 - Unzip File : updaters.zip
2025-10-29 16:50:02,225 [INFO] FileExtend:263 - Standard Zip Deflate
2025-10-29 16:50:02,476 [INFO] ServerAccessManage:452 - Complete download http(s) 200
2025-10-29 16:50:02,477 [INFO] ServerAccessManage:509 - Download File PacksControlFlags.xml
2025-10-29 16:50:02,519 [INFO] ServerAccessManage:452 - Complete download http(s) 200
2025-10-29 16:50:02,520 [INFO] ServerAccessManage:509 - Download File cubemx.pidx
2025-10-29 16:50:02,795 [INFO] ServerAccessManage:452 - Complete download http(s) 200
2025-10-29 16:50:02,795 [INFO] ServerAccessManage:509 - Download File STMicroelectronics.FP-SNS-MOTENV1.pdsc
2025-10-29 16:50:03,234 [INFO] ServerAccessManage:452 - Complete download http(s) 200
2025-10-29 16:50:03,235 [INFO] ServerAccessManage:509 - Download File STMicroelectronics.X-CUBE-GNSS1.pdsc
2025-10-29 16:50:03,399 [INFO] WebApp:169 - Instantiating new browser for Auth
2025-10-29 16:50:03,455 [WARN] MainUpdater:1193 - Updater busy. Cannot search thirdparties
2025-10-29 16:50:03,455 [INFO] ThirdPartyUpdaterWithRetryManager:96 - Updater plugin is busy. [1/15]
2025-10-29 16:50:03,824 [ERROR] ServerAccessManage:1212 - Problem, file not found on Server
2025-10-29 16:50:03,956 [ERROR] ServerAccessManage:1212 - Problem, file not found on Server
2025-10-29 16:50:04,008 [INFO] WebApp:463 - Apply proxy settings
2025-10-29 16:50:04,008 [INFO] WebApp:548 - Chromium requires no authentication
2025-10-29 16:50:04,016 [INFO] WebApp:491 - Direct internet connection detected
2025-10-29 16:50:04,035 [INFO] WebApp:900 - Register for checkConnection events
2025-10-29 16:50:04,036 [INFO] WebApp:463 - Apply proxy settings
2025-10-29 16:50:04,036 [INFO] WebApp:548 - Chromium requires no authentication
2025-10-29 16:50:04,036 [INFO] WebApp:491 - Direct internet connection detected
2025-10-29 16:50:04,053 [ERROR] ServerAccessManage:1212 - Problem, file not found on Server
2025-10-29 16:50:04,176 [ERROR] ServerAccessManage:1212 - Problem, file not found on Server
2025-10-29 16:50:04,189 [INFO] WebApp:225 - Starting web application
2025-10-29 16:50:04,189 [INFO] WebApp:593 - Web application path used C:\ST\STM32CubeIDE_1.16.1\STM32CubeIDE\plugins\com.st.stm32cube.common.mx_6.15.0.202507011659\db\plugins\mcufinder\reactClient1\index.html
2025-10-29 16:50:04,283 [INFO] WebApp:191 - Connection restablished
2025-10-29 16:50:04,306 [ERROR] ServerAccessManage:1212 - Problem, file not found on Server
2025-10-29 16:50:04,313 [INFO] UserAuth:487 - Internet connection configuration mode: 1
2025-10-29 16:50:04,427 [ERROR] ServerAccessManage:1212 - Problem, file not found on Server
2025-10-29 16:50:04,665 [INFO] ServerAccessManage:452 - Complete download http(s) 200
2025-10-29 16:50:04,665 [INFO] ServerAccessManage:509 - Download File STMicroelectronics.X-CUBE-ST60.pdsc
2025-10-29 16:50:05,313 [WARN] PackLoader:240 - Cannot read IP mode file for STMicroelectronics.FP-SNS-MOTENV1.5.1.0
2025-10-29 16:50:05,334 [WARN] PackLoader:240 - Cannot read IP mode file for STMicroelectronics.X-CUBE-GNSS1.7.1.0
2025-10-29 16:50:05,340 [WARN] PackLoader:240 - Cannot read IP mode file for STMicroelectronics.X-CUBE-ST60.1.1.0
2025-10-29 16:50:05,342 [INFO] PopulateThirdPartyThread:66 - Ending populate Thread
2025-10-29 16:50:05,345 [INFO] ThirdParty:1030 - CMSIS Pack Vendor :STMicroelectronics X-CUBE-ST60 1.1.0
2025-10-29 16:50:05,345 [INFO] ThirdParty:1030 - CMSIS Pack Vendor :STMicroelectronics X-CUBE-GNSS1 7.1.0
2025-10-29 16:50:05,345 [INFO] ThirdParty:1030 - CMSIS Pack Vendor :STMicroelectronics FP-SNS-MOTENV1 5.1.0
2025-10-29 16:50:05,345 [INFO] LoadServerUpdatesThread:375 - End of LoadServerUpdate Thread
2025-10-29 16:50:05,378 [INFO] CheckServerUpdateThread:120 - End of CheckServer Thread
2025-10-29 16:50:06,597 [WARN] PackLoader:240 - Cannot read IP mode file for STMicroelectronics.FP-SNS-MOTENVWB1.1.4.0
2025-10-29 16:50:06,599 [WARN] PackLoader:240 - Cannot read IP mode file for STMicroelectronics.FP-ATR-ASTRA1.2.0.2
2025-10-29 16:50:06,602 [WARN] PackLoader:240 - Cannot read IP mode file for STMicroelectronics.FP-ATR-ASTRA1.2.0.1
2025-10-29 16:50:06,608 [WARN] PackLoader:240 - Cannot read IP mode file for STMicroelectronics.X-CUBE-SMBUS.2.1.0
2025-10-29 16:50:06,612 [WARN] PackLoader:240 - Cannot read IP mode file for STMicroelectronics.X-CUBE-WB05N.1.1.0
2025-10-29 16:50:06,615 [WARN] PackLoader:240 - Cannot read IP mode file for STMicroelectronics.X-CUBE-ST60.1.0.0
2025-10-29 16:50:06,628 [WARN] PackLoader:240 - Cannot read IP mode file for STMicroelectronics.X-CUBE-AZRTOS-F7.1.1.0
2025-10-29 16:50:06,659 [WARN] PackLoader:240 - Cannot read IP mode file for STMicroelectronics.X-CUBE-MEMS1.11.0.0
2025-10-29 16:50:06,722 [WARN] PackLoader:240 - Cannot read IP mode file for STMicroelectronics.FP-SNS-MOTENV1.5.1.0
2025-10-29 16:50:06,724 [WARN] PackLoader:240 - Cannot read IP mode file for STMicroelectronics.FP-SNS-FLIGHT1.5.0.2
2025-10-29 16:50:06,733 [WARN] PackLoader:240 - Cannot read IP mode file for STMicroelectronics.X-CUBE-AZRTOS-H7.3.4.0
2025-10-29 16:50:06,739 [WARN] PackLoader:240 - Cannot read IP mode file for STMicroelectronics.X-CUBE-DISPLAY.3.0.0
2025-10-29 16:50:06,745 [WARN] PackLoader:240 - Cannot read IP mode file for STMicroelectronics.X-CUBE-BLE1.7.0.0
2025-10-29 16:50:06,749 [WARN] PackLoader:240 - Cannot read IP mode file for STMicroelectronics.X-CUBE-NFC10.1.0.0
2025-10-29 16:50:06,755 [WARN] PackLoader:240 - Cannot read IP mode file for STMicroelectronics.X-CUBE-BLEMGR.4.0.0
2025-10-29 16:50:06,758 [WARN] PackLoader:240 - Cannot read IP mode file for STMicroelectronics.X-CUBE-ST60.1.1.0
2025-10-29 16:50:06,761 [WARN] PackLoader:240 - Cannot read IP mode file for emotas.I-CUBE-CANOPEN.1.3.0
2025-10-29 16:50:06,764 [WARN] PackLoader:240 - Cannot read IP mode file for STMicroelectronics.X-CUBE-GNSS1.7.1.0
2025-10-29 16:50:06,768 [WARN] PackLoader:240 - Cannot read IP mode file for STMicroelectronics.X-CUBE-BLEMGR.3.1.0
2025-10-29 16:50:06,772 [WARN] PackLoader:240 - Cannot read IP mode file for STMicroelectronics.X-CUBE-AI.10.0.0
2025-10-29 16:50:06,776 [WARN] PackLoader:240 - Cannot read IP mode file for STMicroelectronics.FP-SNS-STBOX1.2.1.0
2025-10-29 16:50:06,780 [WARN] PackLoader:240 - Cannot read IP mode file for STMicroelectronics.FP-SNS-SMARTAG2.1.2.0
2025-10-29 16:50:06,781 [WARN] PackLoader:240 - Cannot read IP mode file for STMicroelectronics.FP-SNS-FLIGHT1.5.1.0
2025-10-29 16:50:06,802 [WARN] PackLoader:240 - Cannot read IP mode file for STMicroelectronics.X-CUBE-MEMS1.11.1.0
2025-10-29 16:50:06,854 [INFO] LogOutputStream:77 - [STDOUT_REDIRECT] 1 : Invalid condition id : UX_CORESTACK_Condition cause : null
2025-10-29 16:50:06,855 [INFO] LogOutputStream:77 - [STDOUT_REDIRECT] 1 : Invalid condition id : UX_CORESTACK_Condition cause : null
2025-10-29 16:50:06,855 [INFO] LogOutputStream:77 - [STDOUT_REDIRECT] 1 : Invalid condition id : UX_CORESTACK_Condition cause : null
2025-10-29 16:50:06,855 [INFO] LogOutputStream:77 - [STDOUT_REDIRECT] 1 : Invalid condition id : UX_CORESTACK_Condition cause : null
2025-10-29 16:50:06,857 [INFO] LogOutputStream:77 - [STDOUT_REDIRECT] 1 : Invalid condition id : UX_CORESTACK_Condition cause : null
2025-10-29 16:50:06,858 [WARN] PackLoader:240 - Cannot read IP mode file for STMicroelectronics.X-CUBE-AZRTOS-WL.2.0.0
2025-10-29 16:50:06,861 [WARN] PackLoader:240 - Cannot read IP mode file for STMicroelectronics.FP-SNS-MOTENV1.5.0.0
2025-10-29 16:50:06,864 [WARN] PackLoader:240 - Cannot read IP mode file for wolfSSL.I-CUBE-wolfMQTT.1.19.0
2025-10-29 16:50:06,867 [WARN] PackLoader:240 - Cannot read IP mode file for WES.I-CUBE-Cesium.1.3.0
2025-10-29 16:50:06,871 [WARN] PackLoader:240 - Cannot read IP mode file for STMicroelectronics.X-CUBE-BLE2.3.3.0
2025-10-29 16:50:06,875 [WARN] PackLoader:240 - Cannot read IP mode file for STMicroelectronics.X-CUBE-NFC9.1.0.0
2025-10-29 16:50:06,878 [WARN] PackLoader:240 - Cannot read IP mode file for STMicroelectronics.X-CUBE-BLE1.7.1.0
2025-10-29 16:50:06,881 [WARN] PackLoader:240 - Cannot read IP mode file for STMicroelectronics.X-CUBE-TCPP.4.1.0
2025-10-29 16:50:06,886 [WARN] PackLoader:240 - Cannot read IP mode file for STMicroelectronics.X-CUBE-EEPRMA1.5.2.0
2025-10-29 16:50:06,890 [WARN] PackLoader:240 - Cannot read IP mode file for STMicroelectronics.X-CUBE-ST67W61.1.1.0
2025-10-29 16:50:06,893 [WARN] PackLoader:240 - Cannot read IP mode file for STMicroelectronics.X-CUBE-AI.10.1.0
2025-10-29 16:50:06,915 [WARN] PackLoader:240 - Cannot read IP mode file for STMicroelectronics.X-CUBE-MEMS1.11.2.0
2025-10-29 16:50:06,994 [WARN] PackLoader:240 - Cannot read IP mode file for STMicroelectronics.X-CUBE-AZRTOS-G0.1.1.0
2025-10-29 16:50:07,000 [WARN] PackLoader:240 - Cannot read IP mode file for STMicroelectronics.X-CUBE-SAFEA1.1.2.2
2025-10-29 16:50:07,003 [WARN] PackLoader:240 - Cannot read IP mode file for STMicroelectronics.X-CUBE-NFC4.3.0.0
2025-10-29 16:50:07,012 [WARN] PackLoader:240 - Cannot read IP mode file for EmbeddedOffice.I-CUBE-FS-RTOS.1.0.1
2025-10-29 16:50:07,015 [WARN] PackLoader:240 - Cannot read IP mode file for STMicroelectronics.X-CUBE-WB05N.2.0.0
2025-10-29 16:50:07,019 [WARN] PackLoader:240 - Cannot read IP mode file for STMicroelectronics.X-CUBE-TCPP.4.2.0
2025-10-29 16:50:07,024 [WARN] PackLoader:240 - Cannot read IP mode file for RealThread.X-CUBE-RT-Thread_Nano.4.1.1
2025-10-29 16:50:07,038 [WARN] PackLoader:240 - Cannot read IP mode file for STMicroelectronics.FP-ATR-SIGFOX1.3.2.0
2025-10-29 16:50:07,043 [WARN] PackLoader:240 - Cannot read IP mode file for wolfSSL.I-CUBE-wolfSSL.5.7.2
2025-10-29 16:50:07,046 [WARN] ConditionMgr:438 - getConditionDescription Invalid condition id : Cortex-A Device cause : null
2025-10-29 16:50:07,060 [WARN] ConditionMgr:1044 - genDependencies : Invalid condition id : Cortex-A Device cause : null
2025-10-29 16:50:07,060 [WARN] ConditionMgr:1044 - genDependencies : Invalid condition id : Cortex-A Device cause : null
2025-10-29 16:50:07,060 [WARN] ConditionMgr:1044 - genDependencies : Invalid condition id : Cortex-A Device cause : null
2025-10-29 16:50:07,063 [WARN] PackLoader:240 - Cannot read IP mode file for STMicroelectronics.X-CUBE-EEPRMA1.5.1.0
2025-10-29 16:50:07,069 [WARN] PackLoader:240 - Cannot read IP mode file for ITTIA_DB.I-CUBE-ITTIADB.8.9.0
2025-10-29 16:50:07,075 [WARN] PackLoader:240 - Cannot read IP mode file for STMicroelectronics.X-CUBE-ST67W61.1.0.0
2025-10-29 16:50:07,078 [WARN] PackLoader:240 - Cannot read IP mode file for STMicroelectronics.X-CUBE-AI.10.2.0
2025-10-29 16:50:07,096 [WARN] PackLoader:240 - Cannot read IP mode file for SEGGER.I-CUBE-embOS.1.3.1
2025-10-29 16:50:07,114 [WARN] PackLoader:240 - Cannot read IP mode file for STMicroelectronics.X-CUBE-ALGOBUILD.1.4.0
2025-10-29 16:50:07,134 [WARN] PackLoader:240 - Cannot read IP mode file for STMicroelectronics.X-CUBE-MEMS1.11.3.0
2025-10-29 16:50:07,198 [WARN] PackLoader:240 - Cannot read IP mode file for STMicroelectronics.X-CUBE-AI.9.1.0
2025-10-29 16:50:07,201 [WARN] PackLoader:240 - Cannot read IP mode file for STMicroelectronics.X-CUBE-PM33A1.1.0.0
2025-10-29 16:50:07,208 [WARN] PackLoader:240 - Cannot read IP mode file for STMicroelectronics.X-CUBE-AZRTOS-F4.1.1.0
2025-10-29 16:50:07,212 [WARN] PackLoader:240 - Cannot read IP mode file for Avnet-IotConnect.X-CUBE-IoTC-DA16k-PMOD.1.0.0
2025-10-29 16:50:07,216 [WARN] PackLoader:240 - Cannot read IP mode file for STMicroelectronics.X-CUBE-ISPU.2.1.0
2025-10-29 16:50:07,223 [WARN] PackLoader:240 - Cannot read IP mode file for STMicroelectronics.X-CUBE-IPS.3.2.0
2025-10-29 16:50:07,229 [WARN] PackLoader:240 - Cannot read IP mode file for STMicroelectronics.X-CUBE-FREERTOS.1.2.0
2025-10-29 16:50:07,233 [WARN] PackLoader:240 - Cannot read IP mode file for STMicroelectronics.X-CUBE-NFC12.1.0.0
2025-10-29 16:50:07,242 [WARN] PackLoader:240 - Cannot read IP mode file for STMicroelectronics.X-CUBE-AZRTOS-L5.2.0.0
2025-10-29 16:50:07,247 [WARN] PackLoader:240 - Cannot read IP mode file for STMicroelectronics.X-CUBE-NFC6.3.1.0
2025-10-29 16:50:07,251 [WARN] PackLoader:240 - Cannot read IP mode file for STMicroelectronics.X-CUBE-DPower.1.2.0
2025-10-29 16:50:07,254 [WARN] PackLoader:240 - Cannot read IP mode file for STMicroelectronics.X-CUBE-FREERTOS.1.3.1
2025-10-29 16:50:07,256 [WARN] PackLoader:240 - Cannot read IP mode file for STMicroelectronics.X-CUBE-FREERTOS.1.3.0
2025-10-29 16:50:07,259 [WARN] PackLoader:240 - Cannot read IP mode file for STMicroelectronics.X-CUBE-NFC7.1.0.1
2025-10-29 16:50:07,264 [WARN] PackLoader:240 - Cannot read IP mode file for STMicroelectronics.X-CUBE-TOUCHGFX.4.26.0
2025-10-29 16:50:07,267 [WARN] PackLoader:240 - Cannot read IP mode file for STMicroelectronics.FP-SNS-STAIOTCFT.1.0.0
2025-10-29 16:50:07,269 [WARN] PackLoader:240 - Cannot read IP mode file for STMicroelectronics.X-CUBE-DPower.1.3.0
2025-10-29 16:50:07,278 [WARN] ConditionMgr:438 - getConditionDescription Invalid condition id : LAN8742 Phy interface Condition cause : null
2025-10-29 16:50:07,278 [WARN] PackLoader:240 - Cannot read IP mode file for STMicroelectronics.X-CUBE-AZRTOS-L4.2.0.0
2025-10-29 16:50:07,279 [WARN] ConditionMgr:1044 - genDependencies : Invalid condition id : LAN8742 Phy interface Condition cause : null
2025-10-29 16:50:07,279 [WARN] ConditionMgr:1044 - genDependencies : Invalid condition id : LAN8742 Phy interface Condition cause : null
2025-10-29 16:50:07,279 [WARN] ConditionMgr:1044 - genDependencies : Invalid condition id : LAN8742 Phy interface Condition cause : null
2025-10-29 16:50:07,283 [WARN] PackLoader:240 - Cannot read IP mode file for STMicroelectronics.X-CUBE-SFXS2LP1.4.0.0
2025-10-29 16:50:07,294 [WARN] PackLoader:240 - Cannot read IP mode file for STMicroelectronics.X-CUBE-AZRTOS-H7.3.3.0
2025-10-29 16:50:07,302 [WARN] PackLoader:240 - Cannot read IP mode file for STMicroelectronics.X-CUBE-BLEMGR.4.1.0
2025-10-29 16:50:07,308 [WARN] PackLoader:240 - Cannot read IP mode file for STMicroelectronics.X-CUBE-IPS.3.0.0
2025-10-29 16:50:07,315 [WARN] ConditionMgr:438 - getConditionDescription Invalid condition id : UX DEVICE CLASS RTOS Condition cause : null
2025-10-29 16:50:07,315 [WARN] ConditionMgr:438 - getConditionDescription Invalid condition id : UX DEVICE CLASS RTOS Condition cause : null
2025-10-29 16:50:07,316 [WARN] PackLoader:240 - Cannot read IP mode file for STMicroelectronics.X-CUBE-AZRTOS-WB.2.0.0
2025-10-29 16:50:07,316 [WARN] ConditionMgr:1044 - genDependencies : Invalid condition id : UX DEVICE CLASS RTOS Condition cause : null
2025-10-29 16:50:07,316 [WARN] ConditionMgr:1044 - genDependencies : Invalid condition id : UX DEVICE CLASS RTOS Condition cause : null
2025-10-29 16:50:07,316 [WARN] ConditionMgr:1044 - genDependencies : Invalid condition id : UX DEVICE CLASS RTOS Condition cause : null
2025-10-29 16:50:07,316 [WARN] ConditionMgr:1044 - genDependencies : Invalid condition id : UX DEVICE CLASS RTOS Condition cause : null
2025-10-29 16:50:07,316 [WARN] ConditionMgr:1044 - genDependencies : Invalid condition id : UX DEVICE CLASS RTOS Condition cause : null
2025-10-29 16:50:07,319 [WARN] PackLoader:240 - Cannot read IP mode file for STMicroelectronics.X-CUBE-GNSS1.7.0.0
2025-10-29 16:50:07,322 [WARN] PackLoader:240 - Cannot read IP mode file for STMicroelectronics.X-CUBE-GNSS1.7.0.1
2025-10-29 16:50:07,324 [WARN] PackLoader:240 - Cannot read IP mode file for STMicroelectronics.X-CUBE-TOUCHGFX.4.25.0
2025-10-29 16:50:07,327 [WARN] PackLoader:240 - Cannot read IP mode file for STMicroelectronics.FP-SNS-STBOX1.2.0.0
2025-10-29 16:50:07,339 [WARN] PackLoader:240 - Cannot read IP mode file for STMicroelectronics.X-CUBE-SUBG2.5.0.0
2025-10-29 16:50:07,351 [WARN] PackLoader:240 - Cannot read IP mode file for STMicroelectronics.X-CUBE-AZRTOS-H7RS.1.1.0
2025-10-29 16:50:07,357 [WARN] PackLoader:240 - Cannot read IP mode file for Cesanta.I-CUBE-Mongoose.7.13.0
2025-10-29 16:50:07,364 [WARN] PackLoader:240 - Cannot read IP mode file for STMicroelectronics.X-CUBE-AZRTOS-G4.2.0.0
2025-10-29 16:50:07,367 [WARN] PackLoader:240 - Cannot read IP mode file for STMicroelectronics.X-CUBE-NFC7.2.0.0
2025-10-29 16:50:07,373 [WARN] PackLoader:240 - Cannot read IP mode file for STMicroelectronics.X-CUBE-IPS.3.1.0
2025-10-29 16:50:07,378 [WARN] PackLoader:240 - Cannot read IP mode file for STMicroelectronics.X-CUBE-ALS.1.0.2
2025-10-29 16:50:07,381 [WARN] PackLoader:240 - Cannot read IP mode file for STMicroelectronics.X-CUBE-TOUCHGFX.4.24.2
2025-10-29 16:50:07,383 [WARN] PackLoader:240 - Cannot read IP mode file for STMicroelectronics.X-CUBE-TOUCHGFX.4.24.1
2025-10-29 16:50:07,386 [WARN] PackLoader:240 - Cannot read IP mode file for STMicroelectronics.X-CUBE-STSE01.1.0.0
2025-10-29 16:50:07,390 [WARN] PackLoader:240 - Cannot read IP mode file for wolfSSL.I-CUBE-wolfTPM.3.4.0
2025-10-29 16:50:07,395 [WARN] PackLoader:240 - Cannot read IP mode file for portGmbH.I-Cube-SoM-uGOAL.1.1.0
2025-10-29 16:50:07,405 [WARN] PackLoader:240 - Cannot read IP mode file for STMicroelectronics.X-CUBE-AZRTOS-H7RS.1.0.0
2025-10-29 16:50:07,408 [WARN] PackLoader:240 - Cannot read IP mode file for STMicroelectronics.FP-ATR-ASTRA1.2.0.0
2025-10-29 16:50:07,413 [WARN] PackLoader:240 - Cannot read IP mode file for STMicroelectronics.X-CUBE-TOF1.3.4.2
2025-10-29 16:50:07,425 [WARN] PackLoader:240 - Cannot read IP mode file for STMicroelectronics.X-CUBE-TOF1.3.4.3
2025-10-29 16:50:07,441 [WARN] PackLoader:240 - Cannot read IP mode file for Infineon.AIROC-Wi-Fi-Bluetooth-STM32.1.6.1
2025-10-29 16:50:07,446 [WARN] PackLoader:240 - Cannot read IP mode file for wolfSSL.I-CUBE-wolfSSH.1.4.17
2025-10-29 16:50:07,447 [INFO] ThirdParty:978 - Integrity check success = true
2025-10-29 16:50:07,447 [INFO] IntegrityCheckThread:100 - exiting critical section [integrity check]
2025-10-29 16:50:07,447 [INFO] IntegrityCheckThread:103 - End integrity checks thread
2025-10-29 16:50:09,398 [INFO] McuFinderGlobals:63 - Set McuFinder mode to 2 (CubeIDE integrated)
2025-10-29 16:50:09,402 [INFO] MainUpdater:2872 - connection check result : 10
2025-10-29 16:50:09,403 [INFO] MainUpdater:2872 - connection check result : 10
2025-10-29 16:50:09,427 [INFO] MicroXplorer:468 - Change Database Path : 
2025-10-29 16:50:09,427 [INFO] MicroXplorer:498 - Change Database Version : DB.6.0.150
2025-10-29 16:50:09,430 [WARN] ThirdParty:871 - waiting for thirdparty lock release [close project]
2025-10-29 16:50:09,430 [INFO] ThirdParty:873 - entering critical section [close project]
2025-10-29 16:50:09,431 [INFO] ThirdParty:883 - exiting critical section [close project]
2025-10-29 16:50:09,432 [INFO] PinOutPanel:1589 - setPackage(No Configuration,No Configuration)
2025-10-29 16:50:09,433 [INFO] UtilMem:75 - Begin LoadConfig() Used Memory: 445288888 Bytes (547356672)
2025-10-29 16:50:09,439 [INFO] MicroXplorer:468 - Change Database Path : C:/Users/Miloush/.stm32cubemx/databases/DB.6.0.130/db/
2025-10-29 16:50:09,439 [INFO] MicroXplorer:498 - Change Database Version : DB.6.0.130
2025-10-29 16:50:11,939 [INFO] MicroXplorer:468 - Change Database Path : 
2025-10-29 16:50:11,939 [INFO] MicroXplorer:498 - Change Database Version : DB.6.0.150
2025-10-29 16:50:11,939 [INFO] OpenFileManager:355 - Change cursor
2025-10-29 16:50:11,953 [INFO] Mcu:2029 - Initializing MCU STM32G431R(6-8-B)Tx STM32G431RBTx STM32G431RBT6
2025-10-29 16:50:13,917 [INFO] Context:786 - Trying to add GPIOservice into a context  which must be forbidden
2025-10-29 16:50:14,319 [INFO] Rule:233 - rule Adapt Old IOC before rework replace old CORTEX_M33/CORTEX_M55 attributes by the new one. is applicable
2025-10-29 16:50:14,320 [INFO] Rule:233 - rule Rename parametre of RCC RCC_APBDBG_DIV2 to RCC_TIMPRES_DIV2 is applicable
2025-10-29 16:50:14,320 [INFO] Rule:233 - rule Rename DIE493 pin PA10 [PA12] -> PA10 is applicable
2025-10-29 16:50:14,320 [INFO] Rule:233 - rule Rename DIE493 pin PA9 [PA11] -> PA9 is applicable
2025-10-29 16:50:14,320 [INFO] Rule:233 - rule Rename DIE492 PartNumber CPN STM32WBA5MJGHx -> STM32WBA5MMGHx is applicable
2025-10-29 16:50:14,320 [INFO] Rule:233 - rule Rename DIE492 PartNumber  Name STM32WBA5MJGHx -> STM32WBA5MMGHx is applicable
2025-10-29 16:50:14,320 [INFO] Rule:233 - rule Rename DIE492 PartNumber UserName STM32WBA5MJGHx -> STM32WBA5MMGHx is applicable
2025-10-29 16:50:14,320 [INFO] Rule:233 - rule Rename DIE492 PartNumber DeviceId STM32WBA5MJGHx -> STM32WBA5MMGHx is applicable
2025-10-29 16:50:14,320 [INFO] Rule:233 - rule Adapt Old IOC CSI. is applicable
2025-10-29 16:50:14,320 [INFO] Rule:233 - rule Adapt Old IOC DCMIPP. is applicable
2025-10-29 16:50:14,320 [INFO] Rule:233 - rule Adapt Old IOC DCMIPP Mode Parallel. is applicable
2025-10-29 16:50:14,320 [INFO] Rule:233 - rule Adapt Old IOC LTDC. is applicable
2025-10-29 16:50:14,320 [INFO] Rule:233 - rule Rename STM32MP2 RIF Peripheral LTDC RIF.RISUP.LTDC_L0L1.Privilege -> RIF.RISUP.LTDC_L1L2.Privilege is applicable
2025-10-29 16:50:14,320 [INFO] Rule:233 - rule Rename STM32MP2 RIF Peripheral LTDC RIF.RISUP.LTDC_L0L1.Privilege -> RIF.RISUP.LTDC_L1L2.Privilege is applicable
2025-10-29 16:50:14,320 [INFO] Rule:233 - rule Rename STM32MP2 RIF Peripheral LTDC RIF.RISUP.LTDC_L0L1.Lock -> RIF.RISUP.LTDC_L1L2.Lock is applicable
2025-10-29 16:50:14,321 [INFO] Rule:233 - rule Rename STM32MP2 RIF Peripheral LTDC RIF.RISUP.LTDC_L2.Lock -> RIF.RISUP.LTDC_L3.Lock is applicable
2025-10-29 16:50:14,321 [INFO] Rule:233 - rule Adapt the old IOC example for updating the SYS when it is misconfigured. is applicable
2025-10-29 16:50:14,321 [INFO] Rule:233 - rule Rename STM32C09 Mcu.Package LQFP64 -> LQFP48 is applicable
2025-10-29 16:50:14,321 [INFO] Rule:233 - rule Adapt the old IOC example for updating the SYS when it is misconfigured. is applicable
2025-10-29 16:50:14,321 [INFO] Rule:233 - rule Adapt the old IOC example for updating the SYS when it is misconfigured. is applicable
2025-10-29 16:50:14,325 [INFO] DbConfProperties:307 - Apply Compatibility (4/20 Rules)
2025-10-29 16:50:14,391 [INFO] ApiDbMcu:532 - Load IP Config File for NUCLEO-G431RB
2025-10-29 16:50:14,457 [INFO] ImportTextPane:234 - (OptionalMessage_ERROR) Pin27 (VP_RIF_VS_RIF1) cannot be retrieved for this MCU
2025-10-29 16:50:14,594 [INFO] RtosManager:558 - Registered RTOS mode: class=CMSIS, group=RTOS, mode=CMSIS_V1, owner=FREERTOS
2025-10-29 16:50:14,594 [INFO] RtosManager:558 - Registered RTOS mode: class=CMSIS, group=RTOS2, mode=CMSIS_V2, owner=FREERTOS
2025-10-29 16:50:14,594 [INFO] RtosManager:558 - Registered RTOS mode: class=RTOS, group=Core, mode=CMSIS_V1, owner=FREERTOS
2025-10-29 16:50:14,594 [INFO] RtosManager:558 - Registered RTOS mode: class=RTOS, group=Core, mode=CMSIS_V2, owner=FREERTOS
2025-10-29 16:50:14,594 [WARN] ModelIntegratedComponent:184 - Missing modes for component STMicroelectronics:FreeRTOS:0.0.1:STMicroelectronics:RTOS:FreeRTOS:Core:::10.2.0:
2025-10-29 16:50:14,599 [WARN] ModelIntegratedComponent:63 - No mode defined for component null
2025-10-29 16:50:14,599 [WARN] ModelIntegratedComponent:63 - No mode defined for component null
2025-10-29 16:50:14,599 [WARN] ModelIntegratedComponent:63 - No mode defined for component null
2025-10-29 16:50:14,599 [WARN] ModelIntegratedComponent:63 - No mode defined for component null
2025-10-29 16:50:14,599 [WARN] ModelIntegratedComponent:63 - No mode defined for component null
2025-10-29 16:50:14,599 [WARN] ModelIntegratedComponent:63 - No mode defined for component null
2025-10-29 16:50:14,599 [WARN] ModelIntegratedComponent:63 - No mode defined for component null
2025-10-29 16:50:14,599 [WARN] ModelIntegratedComponent:63 - No mode defined for component null
2025-10-29 16:50:14,599 [WARN] ModelIntegratedComponent:63 - No mode defined for component null
2025-10-29 16:50:14,599 [WARN] ModelIntegratedComponent:63 - No mode defined for component null
2025-10-29 16:50:14,600 [WARN] ModelIntegratedComponent:63 - No mode defined for component null
2025-10-29 16:50:14,600 [WARN] ModelIntegratedComponent:63 - No mode defined for component null
2025-10-29 16:50:14,600 [WARN] ModelIntegratedComponent:63 - No mode defined for component null
2025-10-29 16:50:14,600 [WARN] ModelIntegratedComponent:63 - No mode defined for component null
2025-10-29 16:50:14,600 [WARN] ModelIntegratedComponent:63 - No mode defined for component null
2025-10-29 16:50:14,600 [WARN] ModelIntegratedComponent:63 - No mode defined for component null
2025-10-29 16:50:14,600 [WARN] ModelIntegratedComponent:63 - No mode defined for component null
2025-10-29 16:50:14,600 [WARN] ModelIntegratedComponent:63 - No mode defined for component null
2025-10-29 16:50:14,600 [WARN] ModelIntegratedComponent:63 - No mode defined for component null
2025-10-29 16:50:14,600 [WARN] ModelIntegratedComponent:63 - No mode defined for component null
2025-10-29 16:50:14,600 [WARN] ModelIntegratedComponent:63 - No mode defined for component null
2025-10-29 16:50:14,600 [WARN] ModelIntegratedComponent:63 - No mode defined for component null
2025-10-29 16:50:14,600 [WARN] ModelIntegratedComponent:63 - No mode defined for component null
2025-10-29 16:50:14,600 [WARN] ModelIntegratedComponent:63 - No mode defined for component null
2025-10-29 16:50:14,600 [WARN] ModelIntegratedComponent:63 - No mode defined for component null
2025-10-29 16:50:14,600 [WARN] ModelIntegratedComponent:63 - No mode defined for component null
2025-10-29 16:50:14,600 [WARN] ModelIntegratedComponent:63 - No mode defined for component null
2025-10-29 16:50:14,600 [WARN] ModelIntegratedComponent:63 - No mode defined for component null
2025-10-29 16:50:14,600 [WARN] ModelIntegratedComponent:63 - No mode defined for component null
2025-10-29 16:50:14,600 [WARN] ModelIntegratedComponent:63 - No mode defined for component null
2025-10-29 16:50:14,600 [WARN] ModelIntegratedComponent:63 - No mode defined for component null
2025-10-29 16:50:14,600 [WARN] ModelIntegratedComponent:63 - No mode defined for component null
2025-10-29 16:50:14,600 [WARN] ModelIntegratedComponent:63 - No mode defined for component null
2025-10-29 16:50:14,600 [WARN] ModelIntegratedComponent:63 - No mode defined for component null
2025-10-29 16:50:14,600 [WARN] ModelIntegratedComponent:63 - No mode defined for component null
2025-10-29 16:50:14,600 [WARN] ModelPack:524 - Component already loaded: STMicroelectronics:HAL Drivers:0.0.0:STMicroelectronics:Device:STMicro_Driver:XSPI:HAL::0.0.1:HAL_XSPI
2025-10-29 16:50:14,758 [INFO] ThirdPartyModel:298 - Start build external matchings
2025-10-29 16:50:15,912 [INFO] ThirdPartyModel:316 - End build external matchings
2025-10-29 16:50:15,938 [INFO] ImportTextPane:234 - (OptionalMessage_ERROR) IP (ADC1) : Parameter (CommonPathInternal) has invalid value (null|null|null|null)
2025-10-29 16:50:15,939 [INFO] ImportTextPane:234 - (OptionalMessage_ERROR) IP (RCC) : Invalid parameter (FamilyName)
2025-10-29 16:50:15,940 [INFO] ImportTextPane:234 - (OptionalMessage_ERROR) IP (RCC) : Parameter (RNGFreq_Value) has invalid value (170000000)
2025-10-29 16:50:15,940 [INFO] ImportTextPane:234 - (OptionalMessage_ERROR) IP (RCC) : Parameter (USBFreq_Value) has invalid value (170000000)
2025-10-29 16:50:16,270 [INFO] ApiDb:581 - Connected to CubeFinder SQLite database (C:\Users\Miloush\.stmcufinder\plugins\mcufinder\mcu\cube-finder-db.db)
2025-10-29 16:50:16,340 [INFO] ApiDb:668 - CubeFinder database Data Model version=2.1
2025-10-29 16:50:16,340 [INFO] ApiDb:669 - CubeFinder database Configuration version=3.0.39
2025-10-29 16:50:16,340 [INFO] ApiDb:670 - CubeFinder database generation date=2025-08-25 (1756130511)
2025-10-29 16:50:16,340 [INFO] ApiDb:671 - CubeFinder database FW Pack versions=[FP-ATR-ASTRA1_V2.0.0, FP-SNS-FLIGHT1_V5.1.0, FP-SNS-MOTENV1_V5.0.0, FP-SNS-MOTENVWB1_V1.4.0, FP-SNS-SMARTAG2_V1.2.0, FP-SNS-STBOX1_V2.1.0, STM32Cube_FW_C0_V1.4.0, STM32Cube_FW_F4_V1.28.3, STM32Cube_FW_F7_V1.17.4, STM32Cube_FW_G0_V1.6.2, STM32Cube_FW_G4_V1.6.1, STM32Cube_FW_H5_V1.5.0, STM32Cube_FW_H7RS_V1.2.0, STM32Cube_FW_H7_V1.12.1, STM32Cube_FW_L0_V1.12.2, STM32Cube_FW_L4_V1.18.1, STM32Cube_FW_L5_V1.5.1, STM32Cube_FW_N6_V1.2.0, STM32Cube_FW_U0_V1.3.0, STM32Cube_FW_U3_V1.2.0, STM32Cube_FW_U5_V1.8.0, STM32Cube_FW_WB0_V1.3.0, STM32Cube_FW_WBA_V1.7.0, STM32Cube_FW_WB_V1.23.0, STM32Cube_FW_WL3_V1.2.0, STM32Cube_FW_WL_V1.3.1, X-CUBE-ALGOBUILD_V1.4.0, X-CUBE-ALS_V1.0.2, X-CUBE-AZRTOS-F4_V1.1.0, X-CUBE-AZRTOS-F7_V1.1.0, X-CUBE-AZRTOS-G0_V1.1.0, X-CUBE-AZRTOS-G4_V2.0.0, X-CUBE-AZRTOS-H7RS_V1.1.0, X-CUBE-AZRTOS-H7_V3.4.0, X-CUBE-AZRTOS-L4_V2.0.0, X-CUBE-AZRTOS-L5_V2.0.0, X-CUBE-AZRTOS-WB_V2.0.0, X-CUBE-AZRTOS-WL_V2.0.0, X-CUBE-BLE1_V7.1.0, X-CUBE-BLE2_V3.3.0, X-CUBE-BLEMGR_V4.1.0, X-CUBE-EEPRMA1_V5.2.0, X-CUBE-FREERTOS_V1.3.1, X-CUBE-GNSS1_V6.0.0, X-CUBE-MEMS1_V11.3.0, X-CUBE-NFC4_V3.0.0, X-CUBE-NFC7_V2.0.0, X-CUBE-SFXS2LP1_V4.0.0, X-CUBE-ST67W61_V1.0.0, X-CUBE-SUBG2_V5.0.0, X-CUBE-TOF1_V3.4.3]
2025-10-29 16:50:16,432 [INFO] DbBoardsSqlite:226 - include board P-NUCLEO-WB55-NUCLEO as a kit item of type 'Nucleo-64'
2025-10-29 16:50:16,432 [INFO] DbBoardsSqlite:226 - include board P-NUCLEO-WB55-USBDONGLE as a kit item of type 'Nucleo USB Dongle'
2025-10-29 16:50:16,433 [INFO] DbBoardsSqlite:226 - include board STEVAL-IDP005V1 as a kit item of type 'Evaluation Board'
2025-10-29 16:50:16,433 [INFO] DbBoardsSqlite:226 - include board STEVAL-IDP005V2 as a kit item of type 'Evaluation Board'
2025-10-29 16:50:16,771 [INFO] ApiDb:240 - Found 880 in-development CPN: [B-G473E-ZEST1S, B-WB1M-WPAN1, B-WBA5M-WPAN, B-WL5M-SUBG1, NUCLEO-C031C6, NUCLEO-C051C8, NUCLEO-C071RB, NUCLEO-C092RC, NUCLEO-H503RB, NUCLEO-H533RE, NUCLEO-H563ZI, NUCLEO-H7S3L8, NUCLEO-N657X0-Q, NUCLEO-U031R8, NUCLEO-U083RC, NUCLEO-U385RG-Q, NUCLEO-U545RE-Q, NUCLEO-U5A5ZJ-Q, NUCLEO-WB05KZ, NUCLEO-WB07CC, NUCLEO-WB09KE, NUCLEO-WBA52CG, NUCLEO-WBA55CG, NUCLEO-WL33CC1, NUCLEO-WL33CC2, STEVAL-PROTEUS1, STEVAL-SMARTAG2, STEVAL-STWINBX1, STM320518-EVAL, STM32C0116-DK, STM32C011D6Y3TR, STM32C011D6Y6TR, STM32C011F4P3, STM32C011F4P6, STM32C011F4U3, STM32C011F4U6TR, STM32C011F6P3, STM32C011F6P6, STM32C011F6U3, STM32C011F6U6TR, STM32C011J4M3, STM32C011J4M6, STM32C011J6M3, STM32C011J6M6, STM32C0316-DK, STM32C031C4T3, STM32C031C4T6, STM32C031C4U3, STM32C031C4U6, STM32C031C6T3, STM32C031C6T6, STM32C031C6U3, STM32C031C6U6, STM32C031F4P3, STM32C031F4P6, STM32C031F6P3, STM32C031F6P6, STM32C031G4U3, STM32C031G4U6, STM32C031G6U3, STM32C031G6U6, STM32C031K4T3, STM32C031K4T6, STM32C031K4U3, STM32C031K4U6, STM32C031K6T3, STM32C031K6T6, STM32C031K6U3, STM32C031K6U6, STM32C051C6T6, STM32C051C6U6, STM32C051C8T6, STM32C051C8U6, STM32C051D8Y6TR, STM32C051F6P6, STM32C051F8P6, STM32C051G6U6, STM32C051G8U6, STM32C051K6T6, STM32C051K6U6, STM32C051K8T6, STM32C071C8T6, STM32C071C8T6N, STM32C071C8U6, STM32C071C8U6N, STM32C071CBT6, STM32C071CBT6N, STM32C071CBU6, STM32C071CBU6N, STM32C071F8P6, STM32C071F8P6N, STM32C071FBP6, STM32C071FBP6N, STM32C071FBY6TR, STM32C071G8U6, STM32C071G8U6N, STM32C071GBU6, STM32C071GBU6N, STM32C071K8T6, STM32C071K8T6N, STM32C071K8U6, STM32C071K8U6N, STM32C071KBT6, STM32C071KBT6N, STM32C071KBU6, STM32C071KBU6N, STM32C071R8T6, STM32C071R8T6N, STM32C071RBI6N, STM32C071RBT6, STM32C071RBT6N, STM32C091CBT6, STM32C091CBU6, STM32C091CCT6, STM32C091CCU6, STM32C091ECY6TR, STM32C091FBP6, STM32C091FCP6, STM32C091GBU6, STM32C091GCU6, STM32C091KBT6, STM32C091KBU6, STM32C091KCT6, STM32C091KCU6, STM32C091RBT6, STM32C091RCI6, STM32C091RCT6, STM32C092CBT6, STM32C092CBU6, STM32C092CCT6, STM32C092CCU6, STM32C092ECY6TR, STM32C092FBP6, STM32C092FCP6, STM32C092GBU6, STM32C092GCU6, STM32C092KBT6, STM32C092KBU6, STM32C092KCT6, STM32C092KCU6, STM32C092RBT6, STM32C092RCI6, STM32C092RCT6, STM32G071K8TXN, STM32G071K8UXN, STM32G081GBU6N, STM32G081KBT6N, STM32G081KBUXN, STM32G0B1CCT6N, STM32G0B1KCT6, STM32G0B1NEY6TR, STM32G0B1RCT6N, STM32G0C1CCT6, STM32G0C1CCT6N, STM32G0C1CCU6N, STM32G0C1CET6N, STM32G0C1CEU6N, STM32G0C1KCT6, STM32G0C1NEY6TR, STM32G0C1RCI6N, STM32G0C1RCT6N, STM32G0C1REI6N, STM32G0C1RET6N, STM32G0C1VCI6, STM32G0C1VEI6, STM32G411C6T3, STM32G411C6T6, STM32G411C6U3, STM32G411C6U6, STM32G411C8T3, STM32G411C8T6, STM32G411C8U3, STM32G411C8U6, STM32G411CBT3, STM32G411CBT6, STM32G411CBU3, STM32G411CBU6, STM32G411K6T3, STM32G411K6T6, STM32G411K6U3, STM32G411K6U6, STM32G411K8T3, STM32G411K8T6, STM32G411K8U3, STM32G411K8U6, STM32G411KBT3, STM32G411KBT6, STM32G411KBU3, STM32G411KBU6, STM32G411M6T3, STM32G411M6T6, STM32G411M8T3, STM32G411M8T6, STM32G411MBT3, STM32G411MBT6, STM32G411R6T3, STM32G411R6T6, STM32G411R8T3, STM32G411R8T6, STM32G411RBT3, STM32G411RBT6, STM32G414CBT3, STM32G414CBT6, STM32G414CBU3, STM32G414CBU6, STM32G414CCT3, STM32G414CCT6, STM32G414CCU3, STM32G414CCU6, STM32G414MBT3, STM32G414MBT6, STM32G414MCT3, STM32G414MCT6, STM32G414RBT3, STM32G414RBT6, STM32G414RCT3, STM32G414RCT6, STM32G414VBT3, STM32G414VBT6, STM32G414VCT3, STM32G414VCT6, STM32G431CBT3Z, STM32G431RBT3Z, STM32G471CCT6, STM32G471CCU6, STM32G471CET3, STM32G471CET6, STM32G471CEU3, STM32G471CEU6, STM32G471MCT6, STM32G471MET3, STM32G471MET6, STM32G471MEY6TR, STM32G471QCT6, STM32G471QET3, STM32G471RCT6, STM32G471RET3, STM32G471RET6, STM32G471VCH6, STM32G471VCI6, STM32G471VCT6, STM32G471VEH3, STM32G471VEH6, STM32G471VEI3, STM32G471VEI6, STM32G471VET3, STM32G471VET6, STM32G473QET3Z, STM32G473RET3Z, STM32G474CCT6, STM32G491RET3Z, STM32H503CBT6, STM32H503CBU6, STM32H503EBY6TR, STM32H503KBU6, STM32H503RBT6, STM32H523CCT6, STM32H523CCU6, STM32H523CET6, STM32H523CEU6, STM32H523HEY6TR, STM32H523RCT6, STM32H523RET6, STM32H523VCI6, STM32H523VCT6, STM32H523VEI6, STM32H523VET6, STM32H523ZCJ6, STM32H523ZCT6, STM32H523ZEJ6, STM32H523ZET6, STM32H533CET6, STM32H533CEU6, STM32H533HEY6TR, STM32H533RET6, STM32H533VEI6, STM32H533VET6, STM32H533ZEJ6, STM32H533ZET6, STM32H562AGI6, STM32H562AII6, STM32H562IGK6, STM32H562IGT6, STM32H562IIK6, STM32H562IIT6, STM32H562RGT6, STM32H562RGV6, STM32H562RIT6, STM32H562RIV6, STM32H562VGT6, STM32H562VIT6, STM32H562ZGT6, STM32H562ZIT6, STM32H563AGI6, STM32H563AII3Q, STM32H563AII6, STM32H563IGK6, STM32H563IGT6, STM32H563IIK3Q, STM32H563IIK6, STM32H563IIT3Q, STM32H563IIT6, STM32H563MIY3QTR, STM32H563RGT6, STM32H563RGV6, STM32H563RIT6, STM32H563RIV6, STM32H563VGT6, STM32H563VIT3Q, STM32H563VIT6, STM32H563ZGT6, STM32H563ZIT3Q, STM32H563ZIT6, STM32H573AII3Q, STM32H573AII6, STM32H573I-DK, STM32H573IIK3Q, STM32H573IIK6, STM32H573IIT3Q, STM32H573IIT6, STM32H573MIY3QTR, STM32H573RIT6, STM32H573RIV6, STM32H573VIT3Q, STM32H573VIT6, STM32H573ZIT3Q, STM32H573ZIT6, STM32H7R3A8I6, STM32H7R3I8K6, STM32H7R3I8T6, STM32H7R3L8H6, STM32H7R3L8H6H, STM32H7R3R8V6, STM32H7R3V8H6, STM32H7R3V8T6, STM32H7R3V8Y6TR, STM32H7R3Z8J6, STM32H7R3Z8T6, STM32H7R7A8I6, STM32H7R7I8K6, STM32H7R7I8T6, STM32H7R7L8H6, STM32H7R7L8H6H, STM32H7R7Z8J6, STM32H7S3A8I6, STM32H7S3I8K6, STM32H7S3I8T6, STM32H7S3L8H6, STM32H7S3L8H6H, STM32H7S3R8V6, STM32H7S3V8H6, STM32H7S3V8T6, STM32H7S3V8Y6TR, STM32H7S3Z8J6, STM32H7S3Z8T6, STM32H7S78-DK, STM32H7S7A8I6, STM32H7S7I8K6, STM32H7S7I8T6, STM32H7S7L8H6, STM32H7S7L8H6H, STM32H7S7Z8J6, STM32L4R5QGI6STR, STM32MP131AAE3, STM32MP131AAF3, STM32MP131AAG3, STM32MP131CAE3, STM32MP131CAF3, STM32MP131CAG3, STM32MP131DAE7, STM32MP131DAF7, STM32MP131DAG7, STM32MP131FAE7, STM32MP131FAF7, STM32MP131FAG7, STM32MP133AAE3, STM32MP133AAF3, STM32MP133AAG3, STM32MP133CAE3, STM32MP133CAF3, STM32MP133CAG3, STM32MP133DAE7, STM32MP133DAF7, STM32MP133DAG7, STM32MP133FAE7, STM32MP133FAF7, STM32MP133FAG7, STM32MP135AAE3, STM32MP135AAF3, STM32MP135AAG3, STM32MP135CAE3, STM32MP135CAF3, STM32MP135CAG3, STM32MP135DAE7, STM32MP135DAF7, STM32MP135DAG7, STM32MP135F-DK, STM32MP135FAE7, STM32MP135FAF7, STM32MP135FAF7T, STM32MP135FAF7U, STM32MP135FAG7, STM32MP211AAL3, STM32MP211AAM3, STM32MP211AAN3, STM32MP211AAO3, STM32MP211CAL3, STM32MP211CAM3, STM32MP211CAN3, STM32MP211CAO3, STM32MP211DAL3, STM32MP211DAM3, STM32MP211DAN3, STM32MP211DAO3, STM32MP211FAL3, STM32MP211FAM3, STM32MP211FAN3, STM32MP211FAO3, STM32MP213AAL3, STM32MP213AAM3, STM32MP213AAN3, STM32MP213AAO3, STM32MP213CAL3, STM32MP213CAM3, STM32MP213CAN3, STM32MP213CAO3, STM32MP213DAL3, STM32MP213DAM3, STM32MP213DAN3, STM32MP213DAO3, STM32MP213FAL3, STM32MP213FAM3, STM32MP213FAN3, STM32MP213FAO3, STM32MP215AAL3, STM32MP215AAM3, STM32MP215AAN3, STM32MP215AAO3, STM32MP215CAL3, STM32MP215CAM3, STM32MP215CAN3, STM32MP215CAO3, STM32MP215DAL3, STM32MP215DAM3, STM32MP215DAN3, STM32MP215DAO3, STM32MP215F-DK, STM32MP215FAL3, STM32MP215FAM3, STM32MP215FAN3, STM32MP215FAO3, STM32MP231AAJ3, STM32MP231AAK3, STM32MP231AAL3, STM32MP231CAJ3, STM32MP231CAK3, STM32MP231CAL3, STM32MP231DAJ3, STM32MP231DAK3, STM32MP231DAL3, STM32MP231FAJ3, STM32MP231FAK3, STM32MP231FAL3, STM32MP233AAJ3, STM32MP233AAK3, STM32MP233AAL3, STM32MP233CAJ3, STM32MP233CAK3, STM32MP233CAL3, STM32MP233DAJ3, STM32MP233DAK3, STM32MP233DAL3, STM32MP233FAJ3, STM32MP233FAK3, STM32MP233FAL3, STM32MP235AAJ3, STM32MP235AAK3, STM32MP235AAL3, STM32MP235CAJ3, STM32MP235CAK3, STM32MP235CAL3, STM32MP235DAJ3, STM32MP235DAK3, STM32MP235DAL3, STM32MP235FAJ3, STM32MP235FAK3, STM32MP235FAL3, STM32MP251AAI3, STM32MP251AAK3, STM32MP251AAL3, STM32MP251CAI3, STM32MP251CAK3, STM32MP251CAL3, STM32MP251DAI3, STM32MP251DAK3, STM32MP251DAL3, STM32MP251FAI3, STM32MP251FAK3, STM32MP251FAL3, STM32MP253AAI3, STM32MP253AAK3, STM32MP253AAL3, STM32MP253CAI3, STM32MP253CAK3, STM32MP253CAL3, STM32MP253DAI3, STM32MP253DAK3, STM32MP253DAL3, STM32MP253FAI3, STM32MP253FAK3, STM32MP253FAL3, STM32MP255AAI3, STM32MP255AAK3, STM32MP255AAL3, STM32MP255CAI3, STM32MP255CAK3, STM32MP255CAL3, STM32MP255DAI3, STM32MP255DAK3, STM32MP255DAL3, STM32MP255FAI3, STM32MP255FAK3, STM32MP255FAL3, STM32MP257AAI3, STM32MP257AAK3, STM32MP257AAL3, STM32MP257CAI3, STM32MP257CAK3, STM32MP257CAL3, STM32MP257DAI3, STM32MP257DAK3, STM32MP257DAL3, STM32MP257F-DK, STM32MP257F-EV1, STM32MP257FAI3, STM32MP257FAK3, STM32MP257FAL3, STM32N645A0H3Q, STM32N645B0H3Q, STM32N645I0H3Q, STM32N645L0H3Q, STM32N645X0H3Q, STM32N645Z0H3Q, STM32N647A0H3Q, STM32N647B0H3Q, STM32N647I0H3Q, STM32N647L0H3Q, STM32N647X0H3Q, STM32N647Z0H3Q, STM32N655A0H3Q, STM32N655B0H3Q, STM32N655I0H3Q, STM32N655L0H3Q, STM32N655X0H3Q, STM32N655Z0H3Q, STM32N6570-DK, STM32N657A0H3Q, STM32N657B0H3Q, STM32N657I0H3Q, STM32N657L0H3Q, STM32N657X0H3Q, STM32N657Z0H3Q, STM32U031C6T6, STM32U031C6U6, STM32U031C8T6, STM32U031C8U6, STM32U031F4P6, STM32U031F6P6, STM32U031F8P6, STM32U031G6Y6TR, STM32U031G8Y6TR, STM32U031K4U6, STM32U031K6U6, STM32U031K8U6, STM32U031R6I6, STM32U031R6T6, STM32U031R8I6, STM32U031R8T6, STM32U073C8T6, STM32U073C8U6, STM32U073CBT6, STM32U073CBU6, STM32U073CCT6, STM32U073CCU6, STM32U073H8Y6TR, STM32U073HBY6TR, STM32U073HCY6TR, STM32U073K8U6, STM32U073KBU6, STM32U073KCU6, STM32U073M8I6, STM32U073M8T6, STM32U073MBI6, STM32U073MBT6, STM32U073MCI6, STM32U073MCT6, STM32U073R8I6, STM32U073R8T6, STM32U073RBI6, STM32U073RBT6, STM32U073RCI6, STM32U073RCT6, STM32U083C-DK, STM32U083CCT6, STM32U083CCU6, STM32U083HCY6TR, STM32U083KCU6, STM32U083MCI6, STM32U083MCT6, STM32U083RCI6, STM32U083RCT6, STM32U375CET6, STM32U375CET6Q, STM32U375CEU6, STM32U375CEU6Q, STM32U375CEY6QTR, STM32U375CGT6, STM32U375CGT6Q, STM32U375CGU6, STM32U375CGU6Q, STM32U375CGY6QTR, STM32U375KEU6, STM32U375KGU6, STM32U375REI6, STM32U375REI6Q, STM32U375RET6, STM32U375RET6Q, STM32U375REY6GTR, STM32U375REY6QTR, STM32U375RGI6, STM32U375RGI6Q, STM32U375RGT6, STM32U375RGT6Q, STM32U375RGY6GTR, STM32U375RGY6QTR, STM32U375VEI6, STM32U375VEI6Q, STM32U375VET6, STM32U375VET6Q, STM32U375VGI6, STM32U375VGI6Q, STM32U375VGT6, STM32U375VGT6Q, STM32U385CGT6, STM32U385CGT6Q, STM32U385CGU6, STM32U385CGU6Q, STM32U385CGY6QTR, STM32U385KGU6, STM32U385RGI6, STM32U385RGI6Q, STM32U385RGT6, STM32U385RGT6Q, STM32U385RGY6GTR, STM32U385RGY6QTR, STM32U385VGI6, STM32U385VGI6Q, STM32U385VGT6, STM32U385VGT6Q, STM32U535CBT6, STM32U535CBT6Q, STM32U535CBU6, STM32U535CBU6Q, STM32U535CCT6, STM32U535CCT6Q, STM32U535CCU6, STM32U535CCU6Q, STM32U535CET6, STM32U535CET6Q, STM32U535CEU6, STM32U535CEU6Q, STM32U535JEY6QTR, STM32U535NCY6QTR, STM32U535NEY6QTR, STM32U535RBI6, STM32U535RBI6Q, STM32U535RBT6, STM32U535RBT6Q, STM32U535RCI6, STM32U535RCI6Q, STM32U535RCT6, STM32U535RCT6Q, STM32U535REI6, STM32U535REI6Q, STM32U535RET6, STM32U535RET6Q, STM32U535VCI6, STM32U535VCI6Q, STM32U535VCT6, STM32U535VCT6Q, STM32U535VEI6, STM32U535VEI6Q, STM32U535VET6, STM32U535VET6Q, STM32U545CET6, STM32U545CET6Q, STM32U545CEU6, STM32U545CEU6Q, STM32U545JEY6QTR, STM32U545NEY6QTR, STM32U545REI6, STM32U545REI6Q, STM32U545RET6, STM32U545RET6Q, STM32U545VEI6, STM32U545VEI6Q, STM32U545VET6, STM32U545VET6Q, STM32U595AIH6, STM32U595AIH6Q, STM32U595AJH6, STM32U595AJH6Q, STM32U595QII6, STM32U595QII6Q, STM32U595QJI6, STM32U595QJI6Q, STM32U595RIT6, STM32U595RIT6Q, STM32U595RJT6, STM32U595RJT6Q, STM32U595VIT6, STM32U595VIT6Q, STM32U595VJT6, STM32U595VJT6Q, STM32U595ZIT6, STM32U595ZIT6Q, STM32U595ZIY6QTR, STM32U595ZJT6, STM32U595ZJT6Q, STM32U595ZJY6QTR, STM32U599BJY6QTR, STM32U599NIH6Q, STM32U599NJH6Q, STM32U599VIT6Q, STM32U599VJT6, STM32U599VJT6Q, STM32U599ZIT6Q, STM32U599ZIY6QTR, STM32U599ZJT6Q, STM32U599ZJY6QTR, STM32U5A5AJH6, STM32U5A5AJH6Q, STM32U5A5QII3Q , STM32U5A5QJI6, STM32U5A5QJI6Q, STM32U5A5RJT6, STM32U5A5RJT6Q, STM32U5A5VJT6, STM32U5A5VJT6Q, STM32U5A5ZJT6, STM32U5A5ZJT6Q, STM32U5A5ZJY6QTR, STM32U5A9BJY6QTR, STM32U5A9J-DK, STM32U5A9NJH6Q, STM32U5A9VJT6Q, STM32U5A9ZJT6Q, STM32U5A9ZJY6QTR, STM32U5F7VIT6, STM32U5F7VIT6Q, STM32U5F7VJT6, STM32U5F7VJT6Q, STM32U5F9BJY6QTR, STM32U5F9NJH6Q, STM32U5F9VIT6Q, STM32U5F9VJT6Q, STM32U5F9ZIJ6QTR, STM32U5F9ZIT6Q, STM32U5F9ZJJ6QTR, STM32U5F9ZJT6Q, STM32U5G7VJT6, STM32U5G7VJT6Q, STM32U5G9BJY6QTR, STM32U5G9J-DK1, STM32U5G9J-DK2, STM32U5G9NJH6Q, STM32U5G9VJT6Q, STM32U5G9ZJJ6QTR, STM32U5G9ZJT6Q, STM32WB05KZV6TR, STM32WB05KZV7TR, STM32WB05TZF6TR, STM32WB05TZF7TR, STM32WB06CCF6TR, STM32WB06CCF7TR, STM32WB06CCV6TR, STM32WB06CCV7TR, STM32WB06KCV6TR, STM32WB06KCV7TR, STM32WB07CCF6TR, STM32WB07CCF7TR, STM32WB07CCV6TR, STM32WB07CCV7TR, STM32WB07KCV6TR, STM32WB07KCV7TR, STM32WB09KEV6TR, STM32WB09KEV7TR, STM32WB09TEF6TR, STM32WB09TEF7TR, STM32WB1MMCH6, STM32WBA50KGU6, STM32WBA50KGU6TR, STM32WBA52CEU6, STM32WBA52CEU6TR, STM32WBA52CEU7, STM32WBA52CEU7TR, STM32WBA52CGU6, STM32WBA52CGU6TR, STM32WBA52CGU6U, STM32WBA52CGU7, STM32WBA52CGU7TR, STM32WBA52KEU6, STM32WBA52KEU6TR, STM32WBA52KGU6, STM32WBA52KGU6TR, STM32WBA54CEU6, STM32WBA54CEU6TR, STM32WBA54CEU7, STM32WBA54CEU7TR, STM32WBA54CGU6, STM32WBA54CGU6TR, STM32WBA54CGU7, STM32WBA54CGU7TR, STM32WBA54KEU6, STM32WBA54KEU6TR, STM32WBA54KEU7, STM32WBA54KEU7TR, STM32WBA54KGU6, STM32WBA54KGU6TR, STM32WBA54KGU7, STM32WBA54KGU7TR, STM32WBA55CEU6, STM32WBA55CEU6TR, STM32WBA55CEU7, STM32WBA55CEU7TR, STM32WBA55CGU6, STM32WBA55CGU6TR, STM32WBA55CGU6U, STM32WBA55CGU7, STM32WBA55CGU7TR, STM32WBA55G-DK1, STM32WBA55HEF6, STM32WBA55HEF7, STM32WBA55HGF6, STM32WBA55HGF7, STM32WBA55UEI6, STM32WBA55UEI6TR, STM32WBA55UEI7, STM32WBA55UEI7TR, STM32WBA55UGI6, STM32WBA55UGI6TR, STM32WBA55UGI7, STM32WBA55UGI7TR, STM32WBA5MMGH6TR, STM32WBA62MGF6, STM32WBA62MIF6, STM32WBA65MGF7, STM32WBA65MIF6, STM32WBA65MIF7, STM32WL30K8V6, STM32WL30KBV6, STM32WL31C8V6, STM32WL31CBV6, STM32WL31K8V6, STM32WL31KBV6, STM32WL33C8V6, STM32WL33C8V6X, STM32WL33CBV6, STM32WL33CBV6X, STM32WL33CCV6, STM32WL33CCV6A, STM32WL33CCV6X, STM32WL33K8V7, STM32WL33K8V7X, STM32WL33KBV7 , STM32WL33KBV7X, STM32WL33KCV7, STM32WL33KCV7X, STM32WL5MOCH6, STM32WL5MOCH6TR]
2025-10-29 16:50:16,970 [INFO] BoardInfo:889 - No configuration file found for board P-NUCLEO-WB55
2025-10-29 16:50:16,971 [INFO] DbBoards:161 - Kit is not supported: P-NUCLEO-WB55
2025-10-29 16:50:16,985 [INFO] BoardInfo:889 - No configuration file found for board STEVAL-BFA001V1B
2025-10-29 16:50:16,986 [INFO] DbBoards:161 - Kit is not supported: STEVAL-BFA001V1B
2025-10-29 16:50:16,986 [INFO] BoardInfo:889 - No configuration file found for board STEVAL-BFA001V2B
2025-10-29 16:50:16,988 [INFO] DbBoards:161 - Kit is not supported: STEVAL-BFA001V2B
2025-10-29 16:50:17,151 [INFO] DbBoards:168 - Found 212 boards, 209 are supported
2025-10-29 16:50:17,151 [INFO] DbBoards:169 - Found 212 boards, 43 of them is supported for  Bsp
2025-10-29 16:50:17,154 [INFO] ApiDb:668 - CubeFinder database Data Model version=2.1
2025-10-29 16:50:17,154 [INFO] ApiDb:669 - CubeFinder database Configuration version=3.0.39
2025-10-29 16:50:17,154 [INFO] ApiDb:670 - CubeFinder database generation date=2025-08-25 (1756130511)
2025-10-29 16:50:17,154 [INFO] ApiDb:671 - CubeFinder database FW Pack versions=[FP-ATR-ASTRA1_V2.0.0, FP-SNS-FLIGHT1_V5.1.0, FP-SNS-MOTENV1_V5.0.0, FP-SNS-MOTENVWB1_V1.4.0, FP-SNS-SMARTAG2_V1.2.0, FP-SNS-STBOX1_V2.1.0, STM32Cube_FW_C0_V1.4.0, STM32Cube_FW_F4_V1.28.3, STM32Cube_FW_F7_V1.17.4, STM32Cube_FW_G0_V1.6.2, STM32Cube_FW_G4_V1.6.1, STM32Cube_FW_H5_V1.5.0, STM32Cube_FW_H7RS_V1.2.0, STM32Cube_FW_H7_V1.12.1, STM32Cube_FW_L0_V1.12.2, STM32Cube_FW_L4_V1.18.1, STM32Cube_FW_L5_V1.5.1, STM32Cube_FW_N6_V1.2.0, STM32Cube_FW_U0_V1.3.0, STM32Cube_FW_U3_V1.2.0, STM32Cube_FW_U5_V1.8.0, STM32Cube_FW_WB0_V1.3.0, STM32Cube_FW_WBA_V1.7.0, STM32Cube_FW_WB_V1.23.0, STM32Cube_FW_WL3_V1.2.0, STM32Cube_FW_WL_V1.3.1, X-CUBE-ALGOBUILD_V1.4.0, X-CUBE-ALS_V1.0.2, X-CUBE-AZRTOS-F4_V1.1.0, X-CUBE-AZRTOS-F7_V1.1.0, X-CUBE-AZRTOS-G0_V1.1.0, X-CUBE-AZRTOS-G4_V2.0.0, X-CUBE-AZRTOS-H7RS_V1.1.0, X-CUBE-AZRTOS-H7_V3.4.0, X-CUBE-AZRTOS-L4_V2.0.0, X-CUBE-AZRTOS-L5_V2.0.0, X-CUBE-AZRTOS-WB_V2.0.0, X-CUBE-AZRTOS-WL_V2.0.0, X-CUBE-BLE1_V7.1.0, X-CUBE-BLE2_V3.3.0, X-CUBE-BLEMGR_V4.1.0, X-CUBE-EEPRMA1_V5.2.0, X-CUBE-FREERTOS_V1.3.1, X-CUBE-GNSS1_V6.0.0, X-CUBE-MEMS1_V11.3.0, X-CUBE-NFC4_V3.0.0, X-CUBE-NFC7_V2.0.0, X-CUBE-SFXS2LP1_V4.0.0, X-CUBE-ST67W61_V1.0.0, X-CUBE-SUBG2_V5.0.0, X-CUBE-TOF1_V3.4.3]
2025-10-29 16:50:18,704 [INFO] ApiDb:240 - Found 880 in-development CPN: [B-G473E-ZEST1S, B-WB1M-WPAN1, B-WBA5M-WPAN, B-WL5M-SUBG1, NUCLEO-C031C6, NUCLEO-C051C8, NUCLEO-C071RB, NUCLEO-C092RC, NUCLEO-H503RB, NUCLEO-H533RE, NUCLEO-H563ZI, NUCLEO-H7S3L8, NUCLEO-N657X0-Q, NUCLEO-U031R8, NUCLEO-U083RC, NUCLEO-U385RG-Q, NUCLEO-U545RE-Q, NUCLEO-U5A5ZJ-Q, NUCLEO-WB05KZ, NUCLEO-WB07CC, NUCLEO-WB09KE, NUCLEO-WBA52CG, NUCLEO-WBA55CG, NUCLEO-WL33CC1, NUCLEO-WL33CC2, STEVAL-PROTEUS1, STEVAL-SMARTAG2, STEVAL-STWINBX1, STM320518-EVAL, STM32C0116-DK, STM32C011D6Y3TR, STM32C011D6Y6TR, STM32C011F4P3, STM32C011F4P6, STM32C011F4U3, STM32C011F4U6TR, STM32C011F6P3, STM32C011F6P6, STM32C011F6U3, STM32C011F6U6TR, STM32C011J4M3, STM32C011J4M6, STM32C011J6M3, STM32C011J6M6, STM32C0316-DK, STM32C031C4T3, STM32C031C4T6, STM32C031C4U3, STM32C031C4U6, STM32C031C6T3, STM32C031C6T6, STM32C031C6U3, STM32C031C6U6, STM32C031F4P3, STM32C031F4P6, STM32C031F6P3, STM32C031F6P6, STM32C031G4U3, STM32C031G4U6, STM32C031G6U3, STM32C031G6U6, STM32C031K4T3, STM32C031K4T6, STM32C031K4U3, STM32C031K4U6, STM32C031K6T3, STM32C031K6T6, STM32C031K6U3, STM32C031K6U6, STM32C051C6T6, STM32C051C6U6, STM32C051C8T6, STM32C051C8U6, STM32C051D8Y6TR, STM32C051F6P6, STM32C051F8P6, STM32C051G6U6, STM32C051G8U6, STM32C051K6T6, STM32C051K6U6, STM32C051K8T6, STM32C071C8T6, STM32C071C8T6N, STM32C071C8U6, STM32C071C8U6N, STM32C071CBT6, STM32C071CBT6N, STM32C071CBU6, STM32C071CBU6N, STM32C071F8P6, STM32C071F8P6N, STM32C071FBP6, STM32C071FBP6N, STM32C071FBY6TR, STM32C071G8U6, STM32C071G8U6N, STM32C071GBU6, STM32C071GBU6N, STM32C071K8T6, STM32C071K8T6N, STM32C071K8U6, STM32C071K8U6N, STM32C071KBT6, STM32C071KBT6N, STM32C071KBU6, STM32C071KBU6N, STM32C071R8T6, STM32C071R8T6N, STM32C071RBI6N, STM32C071RBT6, STM32C071RBT6N, STM32C091CBT6, STM32C091CBU6, STM32C091CCT6, STM32C091CCU6, STM32C091ECY6TR, STM32C091FBP6, STM32C091FCP6, STM32C091GBU6, STM32C091GCU6, STM32C091KBT6, STM32C091KBU6, STM32C091KCT6, STM32C091KCU6, STM32C091RBT6, STM32C091RCI6, STM32C091RCT6, STM32C092CBT6, STM32C092CBU6, STM32C092CCT6, STM32C092CCU6, STM32C092ECY6TR, STM32C092FBP6, STM32C092FCP6, STM32C092GBU6, STM32C092GCU6, STM32C092KBT6, STM32C092KBU6, STM32C092KCT6, STM32C092KCU6, STM32C092RBT6, STM32C092RCI6, STM32C092RCT6, STM32G071K8TXN, STM32G071K8UXN, STM32G081GBU6N, STM32G081KBT6N, STM32G081KBUXN, STM32G0B1CCT6N, STM32G0B1KCT6, STM32G0B1NEY6TR, STM32G0B1RCT6N, STM32G0C1CCT6, STM32G0C1CCT6N, STM32G0C1CCU6N, STM32G0C1CET6N, STM32G0C1CEU6N, STM32G0C1KCT6, STM32G0C1NEY6TR, STM32G0C1RCI6N, STM32G0C1RCT6N, STM32G0C1REI6N, STM32G0C1RET6N, STM32G0C1VCI6, STM32G0C1VEI6, STM32G411C6T3, STM32G411C6T6, STM32G411C6U3, STM32G411C6U6, STM32G411C8T3, STM32G411C8T6, STM32G411C8U3, STM32G411C8U6, STM32G411CBT3, STM32G411CBT6, STM32G411CBU3, STM32G411CBU6, STM32G411K6T3, STM32G411K6T6, STM32G411K6U3, STM32G411K6U6, STM32G411K8T3, STM32G411K8T6, STM32G411K8U3, STM32G411K8U6, STM32G411KBT3, STM32G411KBT6, STM32G411KBU3, STM32G411KBU6, STM32G411M6T3, STM32G411M6T6, STM32G411M8T3, STM32G411M8T6, STM32G411MBT3, STM32G411MBT6, STM32G411R6T3, STM32G411R6T6, STM32G411R8T3, STM32G411R8T6, STM32G411RBT3, STM32G411RBT6, STM32G414CBT3, STM32G414CBT6, STM32G414CBU3, STM32G414CBU6, STM32G414CCT3, STM32G414CCT6, STM32G414CCU3, STM32G414CCU6, STM32G414MBT3, STM32G414MBT6, STM32G414MCT3, STM32G414MCT6, STM32G414RBT3, STM32G414RBT6, STM32G414RCT3, STM32G414RCT6, STM32G414VBT3, STM32G414VBT6, STM32G414VCT3, STM32G414VCT6, STM32G431CBT3Z, STM32G431RBT3Z, STM32G471CCT6, STM32G471CCU6, STM32G471CET3, STM32G471CET6, STM32G471CEU3, STM32G471CEU6, STM32G471MCT6, STM32G471MET3, STM32G471MET6, STM32G471MEY6TR, STM32G471QCT6, STM32G471QET3, STM32G471RCT6, STM32G471RET3, STM32G471RET6, STM32G471VCH6, STM32G471VCI6, STM32G471VCT6, STM32G471VEH3, STM32G471VEH6, STM32G471VEI3, STM32G471VEI6, STM32G471VET3, STM32G471VET6, STM32G473QET3Z, STM32G473RET3Z, STM32G474CCT6, STM32G491RET3Z, STM32H503CBT6, STM32H503CBU6, STM32H503EBY6TR, STM32H503KBU6, STM32H503RBT6, STM32H523CCT6, STM32H523CCU6, STM32H523CET6, STM32H523CEU6, STM32H523HEY6TR, STM32H523RCT6, STM32H523RET6, STM32H523VCI6, STM32H523VCT6, STM32H523VEI6, STM32H523VET6, STM32H523ZCJ6, STM32H523ZCT6, STM32H523ZEJ6, STM32H523ZET6, STM32H533CET6, STM32H533CEU6, STM32H533HEY6TR, STM32H533RET6, STM32H533VEI6, STM32H533VET6, STM32H533ZEJ6, STM32H533ZET6, STM32H562AGI6, STM32H562AII6, STM32H562IGK6, STM32H562IGT6, STM32H562IIK6, STM32H562IIT6, STM32H562RGT6, STM32H562RGV6, STM32H562RIT6, STM32H562RIV6, STM32H562VGT6, STM32H562VIT6, STM32H562ZGT6, STM32H562ZIT6, STM32H563AGI6, STM32H563AII3Q, STM32H563AII6, STM32H563IGK6, STM32H563IGT6, STM32H563IIK3Q, STM32H563IIK6, STM32H563IIT3Q, STM32H563IIT6, STM32H563MIY3QTR, STM32H563RGT6, STM32H563RGV6, STM32H563RIT6, STM32H563RIV6, STM32H563VGT6, STM32H563VIT3Q, STM32H563VIT6, STM32H563ZGT6, STM32H563ZIT3Q, STM32H563ZIT6, STM32H573AII3Q, STM32H573AII6, STM32H573I-DK, STM32H573IIK3Q, STM32H573IIK6, STM32H573IIT3Q, STM32H573IIT6, STM32H573MIY3QTR, STM32H573RIT6, STM32H573RIV6, STM32H573VIT3Q, STM32H573VIT6, STM32H573ZIT3Q, STM32H573ZIT6, STM32H7R3A8I6, STM32H7R3I8K6, STM32H7R3I8T6, STM32H7R3L8H6, STM32H7R3L8H6H, STM32H7R3R8V6, STM32H7R3V8H6, STM32H7R3V8T6, STM32H7R3V8Y6TR, STM32H7R3Z8J6, STM32H7R3Z8T6, STM32H7R7A8I6, STM32H7R7I8K6, STM32H7R7I8T6, STM32H7R7L8H6, STM32H7R7L8H6H, STM32H7R7Z8J6, STM32H7S3A8I6, STM32H7S3I8K6, STM32H7S3I8T6, STM32H7S3L8H6, STM32H7S3L8H6H, STM32H7S3R8V6, STM32H7S3V8H6, STM32H7S3V8T6, STM32H7S3V8Y6TR, STM32H7S3Z8J6, STM32H7S3Z8T6, STM32H7S78-DK, STM32H7S7A8I6, STM32H7S7I8K6, STM32H7S7I8T6, STM32H7S7L8H6, STM32H7S7L8H6H, STM32H7S7Z8J6, STM32L4R5QGI6STR, STM32MP131AAE3, STM32MP131AAF3, STM32MP131AAG3, STM32MP131CAE3, STM32MP131CAF3, STM32MP131CAG3, STM32MP131DAE7, STM32MP131DAF7, STM32MP131DAG7, STM32MP131FAE7, STM32MP131FAF7, STM32MP131FAG7, STM32MP133AAE3, STM32MP133AAF3, STM32MP133AAG3, STM32MP133CAE3, STM32MP133CAF3, STM32MP133CAG3, STM32MP133DAE7, STM32MP133DAF7, STM32MP133DAG7, STM32MP133FAE7, STM32MP133FAF7, STM32MP133FAG7, STM32MP135AAE3, STM32MP135AAF3, STM32MP135AAG3, STM32MP135CAE3, STM32MP135CAF3, STM32MP135CAG3, STM32MP135DAE7, STM32MP135DAF7, STM32MP135DAG7, STM32MP135F-DK, STM32MP135FAE7, STM32MP135FAF7, STM32MP135FAF7T, STM32MP135FAF7U, STM32MP135FAG7, STM32MP211AAL3, STM32MP211AAM3, STM32MP211AAN3, STM32MP211AAO3, STM32MP211CAL3, STM32MP211CAM3, STM32MP211CAN3, STM32MP211CAO3, STM32MP211DAL3, STM32MP211DAM3, STM32MP211DAN3, STM32MP211DAO3, STM32MP211FAL3, STM32MP211FAM3, STM32MP211FAN3, STM32MP211FAO3, STM32MP213AAL3, STM32MP213AAM3, STM32MP213AAN3, STM32MP213AAO3, STM32MP213CAL3, STM32MP213CAM3, STM32MP213CAN3, STM32MP213CAO3, STM32MP213DAL3, STM32MP213DAM3, STM32MP213DAN3, STM32MP213DAO3, STM32MP213FAL3, STM32MP213FAM3, STM32MP213FAN3, STM32MP213FAO3, STM32MP215AAL3, STM32MP215AAM3, STM32MP215AAN3, STM32MP215AAO3, STM32MP215CAL3, STM32MP215CAM3, STM32MP215CAN3, STM32MP215CAO3, STM32MP215DAL3, STM32MP215DAM3, STM32MP215DAN3, STM32MP215DAO3, STM32MP215F-DK, STM32MP215FAL3, STM32MP215FAM3, STM32MP215FAN3, STM32MP215FAO3, STM32MP231AAJ3, STM32MP231AAK3, STM32MP231AAL3, STM32MP231CAJ3, STM32MP231CAK3, STM32MP231CAL3, STM32MP231DAJ3, STM32MP231DAK3, STM32MP231DAL3, STM32MP231FAJ3, STM32MP231FAK3, STM32MP231FAL3, STM32MP233AAJ3, STM32MP233AAK3, STM32MP233AAL3, STM32MP233CAJ3, STM32MP233CAK3, STM32MP233CAL3, STM32MP233DAJ3, STM32MP233DAK3, STM32MP233DAL3, STM32MP233FAJ3, STM32MP233FAK3, STM32MP233FAL3, STM32MP235AAJ3, STM32MP235AAK3, STM32MP235AAL3, STM32MP235CAJ3, STM32MP235CAK3, STM32MP235CAL3, STM32MP235DAJ3, STM32MP235DAK3, STM32MP235DAL3, STM32MP235FAJ3, STM32MP235FAK3, STM32MP235FAL3, STM32MP251AAI3, STM32MP251AAK3, STM32MP251AAL3, STM32MP251CAI3, STM32MP251CAK3, STM32MP251CAL3, STM32MP251DAI3, STM32MP251DAK3, STM32MP251DAL3, STM32MP251FAI3, STM32MP251FAK3, STM32MP251FAL3, STM32MP253AAI3, STM32MP253AAK3, STM32MP253AAL3, STM32MP253CAI3, STM32MP253CAK3, STM32MP253CAL3, STM32MP253DAI3, STM32MP253DAK3, STM32MP253DAL3, STM32MP253FAI3, STM32MP253FAK3, STM32MP253FAL3, STM32MP255AAI3, STM32MP255AAK3, STM32MP255AAL3, STM32MP255CAI3, STM32MP255CAK3, STM32MP255CAL3, STM32MP255DAI3, STM32MP255DAK3, STM32MP255DAL3, STM32MP255FAI3, STM32MP255FAK3, STM32MP255FAL3, STM32MP257AAI3, STM32MP257AAK3, STM32MP257AAL3, STM32MP257CAI3, STM32MP257CAK3, STM32MP257CAL3, STM32MP257DAI3, STM32MP257DAK3, STM32MP257DAL3, STM32MP257F-DK, STM32MP257F-EV1, STM32MP257FAI3, STM32MP257FAK3, STM32MP257FAL3, STM32N645A0H3Q, STM32N645B0H3Q, STM32N645I0H3Q, STM32N645L0H3Q, STM32N645X0H3Q, STM32N645Z0H3Q, STM32N647A0H3Q, STM32N647B0H3Q, STM32N647I0H3Q, STM32N647L0H3Q, STM32N647X0H3Q, STM32N647Z0H3Q, STM32N655A0H3Q, STM32N655B0H3Q, STM32N655I0H3Q, STM32N655L0H3Q, STM32N655X0H3Q, STM32N655Z0H3Q, STM32N6570-DK, STM32N657A0H3Q, STM32N657B0H3Q, STM32N657I0H3Q, STM32N657L0H3Q, STM32N657X0H3Q, STM32N657Z0H3Q, STM32U031C6T6, STM32U031C6U6, STM32U031C8T6, STM32U031C8U6, STM32U031F4P6, STM32U031F6P6, STM32U031F8P6, STM32U031G6Y6TR, STM32U031G8Y6TR, STM32U031K4U6, STM32U031K6U6, STM32U031K8U6, STM32U031R6I6, STM32U031R6T6, STM32U031R8I6, STM32U031R8T6, STM32U073C8T6, STM32U073C8U6, STM32U073CBT6, STM32U073CBU6, STM32U073CCT6, STM32U073CCU6, STM32U073H8Y6TR, STM32U073HBY6TR, STM32U073HCY6TR, STM32U073K8U6, STM32U073KBU6, STM32U073KCU6, STM32U073M8I6, STM32U073M8T6, STM32U073MBI6, STM32U073MBT6, STM32U073MCI6, STM32U073MCT6, STM32U073R8I6, STM32U073R8T6, STM32U073RBI6, STM32U073RBT6, STM32U073RCI6, STM32U073RCT6, STM32U083C-DK, STM32U083CCT6, STM32U083CCU6, STM32U083HCY6TR, STM32U083KCU6, STM32U083MCI6, STM32U083MCT6, STM32U083RCI6, STM32U083RCT6, STM32U375CET6, STM32U375CET6Q, STM32U375CEU6, STM32U375CEU6Q, STM32U375CEY6QTR, STM32U375CGT6, STM32U375CGT6Q, STM32U375CGU6, STM32U375CGU6Q, STM32U375CGY6QTR, STM32U375KEU6, STM32U375KGU6, STM32U375REI6, STM32U375REI6Q, STM32U375RET6, STM32U375RET6Q, STM32U375REY6GTR, STM32U375REY6QTR, STM32U375RGI6, STM32U375RGI6Q, STM32U375RGT6, STM32U375RGT6Q, STM32U375RGY6GTR, STM32U375RGY6QTR, STM32U375VEI6, STM32U375VEI6Q, STM32U375VET6, STM32U375VET6Q, STM32U375VGI6, STM32U375VGI6Q, STM32U375VGT6, STM32U375VGT6Q, STM32U385CGT6, STM32U385CGT6Q, STM32U385CGU6, STM32U385CGU6Q, STM32U385CGY6QTR, STM32U385KGU6, STM32U385RGI6, STM32U385RGI6Q, STM32U385RGT6, STM32U385RGT6Q, STM32U385RGY6GTR, STM32U385RGY6QTR, STM32U385VGI6, STM32U385VGI6Q, STM32U385VGT6, STM32U385VGT6Q, STM32U535CBT6, STM32U535CBT6Q, STM32U535CBU6, STM32U535CBU6Q, STM32U535CCT6, STM32U535CCT6Q, STM32U535CCU6, STM32U535CCU6Q, STM32U535CET6, STM32U535CET6Q, STM32U535CEU6, STM32U535CEU6Q, STM32U535JEY6QTR, STM32U535NCY6QTR, STM32U535NEY6QTR, STM32U535RBI6, STM32U535RBI6Q, STM32U535RBT6, STM32U535RBT6Q, STM32U535RCI6, STM32U535RCI6Q, STM32U535RCT6, STM32U535RCT6Q, STM32U535REI6, STM32U535REI6Q, STM32U535RET6, STM32U535RET6Q, STM32U535VCI6, STM32U535VCI6Q, STM32U535VCT6, STM32U535VCT6Q, STM32U535VEI6, STM32U535VEI6Q, STM32U535VET6, STM32U535VET6Q, STM32U545CET6, STM32U545CET6Q, STM32U545CEU6, STM32U545CEU6Q, STM32U545JEY6QTR, STM32U545NEY6QTR, STM32U545REI6, STM32U545REI6Q, STM32U545RET6, STM32U545RET6Q, STM32U545VEI6, STM32U545VEI6Q, STM32U545VET6, STM32U545VET6Q, STM32U595AIH6, STM32U595AIH6Q, STM32U595AJH6, STM32U595AJH6Q, STM32U595QII6, STM32U595QII6Q, STM32U595QJI6, STM32U595QJI6Q, STM32U595RIT6, STM32U595RIT6Q, STM32U595RJT6, STM32U595RJT6Q, STM32U595VIT6, STM32U595VIT6Q, STM32U595VJT6, STM32U595VJT6Q, STM32U595ZIT6, STM32U595ZIT6Q, STM32U595ZIY6QTR, STM32U595ZJT6, STM32U595ZJT6Q, STM32U595ZJY6QTR, STM32U599BJY6QTR, STM32U599NIH6Q, STM32U599NJH6Q, STM32U599VIT6Q, STM32U599VJT6, STM32U599VJT6Q, STM32U599ZIT6Q, STM32U599ZIY6QTR, STM32U599ZJT6Q, STM32U599ZJY6QTR, STM32U5A5AJH6, STM32U5A5AJH6Q, STM32U5A5QII3Q , STM32U5A5QJI6, STM32U5A5QJI6Q, STM32U5A5RJT6, STM32U5A5RJT6Q, STM32U5A5VJT6, STM32U5A5VJT6Q, STM32U5A5ZJT6, STM32U5A5ZJT6Q, STM32U5A5ZJY6QTR, STM32U5A9BJY6QTR, STM32U5A9J-DK, STM32U5A9NJH6Q, STM32U5A9VJT6Q, STM32U5A9ZJT6Q, STM32U5A9ZJY6QTR, STM32U5F7VIT6, STM32U5F7VIT6Q, STM32U5F7VJT6, STM32U5F7VJT6Q, STM32U5F9BJY6QTR, STM32U5F9NJH6Q, STM32U5F9VIT6Q, STM32U5F9VJT6Q, STM32U5F9ZIJ6QTR, STM32U5F9ZIT6Q, STM32U5F9ZJJ6QTR, STM32U5F9ZJT6Q, STM32U5G7VJT6, STM32U5G7VJT6Q, STM32U5G9BJY6QTR, STM32U5G9J-DK1, STM32U5G9J-DK2, STM32U5G9NJH6Q, STM32U5G9VJT6Q, STM32U5G9ZJJ6QTR, STM32U5G9ZJT6Q, STM32WB05KZV6TR, STM32WB05KZV7TR, STM32WB05TZF6TR, STM32WB05TZF7TR, STM32WB06CCF6TR, STM32WB06CCF7TR, STM32WB06CCV6TR, STM32WB06CCV7TR, STM32WB06KCV6TR, STM32WB06KCV7TR, STM32WB07CCF6TR, STM32WB07CCF7TR, STM32WB07CCV6TR, STM32WB07CCV7TR, STM32WB07KCV6TR, STM32WB07KCV7TR, STM32WB09KEV6TR, STM32WB09KEV7TR, STM32WB09TEF6TR, STM32WB09TEF7TR, STM32WB1MMCH6, STM32WBA50KGU6, STM32WBA50KGU6TR, STM32WBA52CEU6, STM32WBA52CEU6TR, STM32WBA52CEU7, STM32WBA52CEU7TR, STM32WBA52CGU6, STM32WBA52CGU6TR, STM32WBA52CGU6U, STM32WBA52CGU7, STM32WBA52CGU7TR, STM32WBA52KEU6, STM32WBA52KEU6TR, STM32WBA52KGU6, STM32WBA52KGU6TR, STM32WBA54CEU6, STM32WBA54CEU6TR, STM32WBA54CEU7, STM32WBA54CEU7TR, STM32WBA54CGU6, STM32WBA54CGU6TR, STM32WBA54CGU7, STM32WBA54CGU7TR, STM32WBA54KEU6, STM32WBA54KEU6TR, STM32WBA54KEU7, STM32WBA54KEU7TR, STM32WBA54KGU6, STM32WBA54KGU6TR, STM32WBA54KGU7, STM32WBA54KGU7TR, STM32WBA55CEU6, STM32WBA55CEU6TR, STM32WBA55CEU7, STM32WBA55CEU7TR, STM32WBA55CGU6, STM32WBA55CGU6TR, STM32WBA55CGU6U, STM32WBA55CGU7, STM32WBA55CGU7TR, STM32WBA55G-DK1, STM32WBA55HEF6, STM32WBA55HEF7, STM32WBA55HGF6, STM32WBA55HGF7, STM32WBA55UEI6, STM32WBA55UEI6TR, STM32WBA55UEI7, STM32WBA55UEI7TR, STM32WBA55UGI6, STM32WBA55UGI6TR, STM32WBA55UGI7, STM32WBA55UGI7TR, STM32WBA5MMGH6TR, STM32WBA62MGF6, STM32WBA62MIF6, STM32WBA65MGF7, STM32WBA65MIF6, STM32WBA65MIF7, STM32WL30K8V6, STM32WL30KBV6, STM32WL31C8V6, STM32WL31CBV6, STM32WL31K8V6, STM32WL31KBV6, STM32WL33C8V6, STM32WL33C8V6X, STM32WL33CBV6, STM32WL33CBV6X, STM32WL33CCV6, STM32WL33CCV6A, STM32WL33CCV6X, STM32WL33K8V7, STM32WL33K8V7X, STM32WL33KBV7 , STM32WL33KBV7X, STM32WL33KCV7, STM32WL33KCV7X, STM32WL5MOCH6, STM32WL5MOCH6TR]
2025-10-29 16:50:18,707 [INFO] DbMcus:218 - Found 4801 MCUs, 4801 are supported
2025-10-29 16:50:18,707 [INFO] ApiDb:423 - Load user favorites file C:\Users\Miloush/.stm32cubeide/favorites.mcus.txt: 3 item(s)
2025-10-29 16:50:18,708 [INFO] ApiDb:427 - User favorites MCUs=[STM32F446RET6, STM32G431KBT6, STM32G474CBT3]
2025-10-29 16:50:18,708 [INFO] DbMcus:224 - Set 3 / 3 favorites MCUs
2025-10-29 16:50:19,033 [INFO] ApiDb:423 - Load user favorites file C:\Users\Miloush/.stm32cubeide/favorites.boards.txt: 0 item(s)
2025-10-29 16:50:19,033 [INFO] ApiDb:427 - User favorites Boards=[]
2025-10-29 16:50:19,033 [INFO] DbBoards:198 - Set 0 / 0 favorites Boards
2025-10-29 16:50:19,073 [INFO] UtilMem:75 - End LoadConfig() Used Memory: 478263944 Bytes (547356672)
2025-10-29 16:50:19,165 [WARN] ThirdParty:833 - waiting for thirdparty lock release [change project]
2025-10-29 16:50:19,165 [INFO] ThirdParty:835 - entering critical section [change project]
2025-10-29 16:50:19,165 [INFO] ThirdParty:1030 - CMSIS Pack Vendor :STMicroelectronics X-CUBE-PM33A1 1.0.0
2025-10-29 16:50:19,165 [INFO] ThirdParty:1030 - CMSIS Pack Vendor :STMicroelectronics USBPD 4.1
2025-10-29 16:50:19,165 [INFO] ThirdParty:1030 - CMSIS Pack Vendor :STMicroelectronics USB_HOST 2.0.0
2025-10-29 16:50:19,165 [INFO] ThirdParty:1030 - CMSIS Pack Vendor :STMicroelectronics FP-SNS-MOTENVWB1 1.4.0
2025-10-29 16:50:19,165 [INFO] ThirdParty:1030 - CMSIS Pack Vendor :STMicroelectronics X-CUBE-AZRTOS-F4 1.1.0
2025-10-29 16:50:19,165 [INFO] ThirdParty:1030 - CMSIS Pack Vendor :STMicroelectronics LIBJPEG 8.0.0
2025-10-29 16:50:19,166 [INFO] ThirdParty:1030 - CMSIS Pack Vendor :STMicroelectronics FP-ATR-ASTRA1 2.0.2
2025-10-29 16:50:19,166 [INFO] ThirdParty:1030 - CMSIS Pack Vendor :STMicroelectronics FP-ATR-ASTRA1 2.0.1
2025-10-29 16:50:19,166 [INFO] ThirdParty:1030 - CMSIS Pack Vendor :Avnet-IotConnect X-CUBE-IoTC-DA16k-PMOD 1.0.0
2025-10-29 16:50:19,166 [INFO] ThirdParty:1030 - CMSIS Pack Vendor :STMicroelectronics X-CUBE-SMBUS 2.1.0
2025-10-29 16:50:19,166 [INFO] ThirdParty:1030 - CMSIS Pack Vendor :STMicroelectronics X-CUBE-WB05N 1.1.0
2025-10-29 16:50:19,166 [INFO] ThirdParty:1030 - CMSIS Pack Vendor :STMicroelectronics X-CUBE-ISPU 2.1.0
2025-10-29 16:50:19,166 [INFO] ThirdParty:1030 - CMSIS Pack Vendor :STMicroelectronics X-CUBE-IPS 3.2.0
2025-10-29 16:50:19,166 [INFO] ThirdParty:1030 - CMSIS Pack Vendor :STMicroelectronics X-CUBE-FREERTOS 1.2.0
2025-10-29 16:50:19,166 [INFO] ThirdParty:1030 - CMSIS Pack Vendor :STMicroelectronics X-CUBE-ST60 1.0.0
2025-10-29 16:50:19,166 [INFO] ThirdParty:1030 - CMSIS Pack Vendor :STMicroelectronics X-CUBE-NFC12 1.0.0
2025-10-29 16:50:19,166 [INFO] ThirdParty:1030 - CMSIS Pack Vendor :STMicroelectronics X-CUBE-AZRTOS-F7 1.1.0
2025-10-29 16:50:19,166 [INFO] ThirdParty:1030 - CMSIS Pack Vendor :STMicroelectronics X-CUBE-AZRTOS-L5 2.0.0
2025-10-29 16:50:19,166 [INFO] ThirdParty:1030 - CMSIS Pack Vendor :STMicroelectronics USB_DEVICE 2.0.0
2025-10-29 16:50:19,166 [INFO] ThirdParty:1030 - CMSIS Pack Vendor :STMicroelectronics X-CUBE-NFC6 3.1.0
2025-10-29 16:50:19,166 [INFO] ThirdParty:1030 - CMSIS Pack Vendor :STMicroelectronics X-CUBE-MEMS1 11.0.0
2025-10-29 16:50:19,166 [INFO] ThirdParty:1030 - CMSIS Pack Vendor :STMicroelectronics FP-SNS-MOTENV1 5.1.0
2025-10-29 16:50:19,166 [INFO] ThirdParty:1030 - CMSIS Pack Vendor :STMicroelectronics FreeRTOS 0.0.1
2025-10-29 16:50:19,166 [INFO] ThirdParty:1030 - CMSIS Pack Vendor :STMicroelectronics X-CUBE-DPower 1.2.0
2025-10-29 16:50:19,166 [INFO] ThirdParty:1030 - CMSIS Pack Vendor :STMicroelectronics FP-SNS-FLIGHT1 5.0.2
2025-10-29 16:50:19,166 [INFO] ThirdParty:1030 - CMSIS Pack Vendor :STMicroelectronics PDM2PCM 3.3.0
2025-10-29 16:50:19,166 [INFO] ThirdParty:1030 - CMSIS Pack Vendor :STMicroelectronics X-CUBE-AZRTOS-H7 3.4.0
2025-10-29 16:50:19,166 [INFO] ThirdParty:1030 - CMSIS Pack Vendor :STMicroelectronics X-CUBE-DISPLAY 3.0.0
2025-10-29 16:50:19,166 [INFO] ThirdParty:1030 - CMSIS Pack Vendor :STMicroelectronics X-CUBE-BLE1 7.0.0
2025-10-29 16:50:19,166 [INFO] ThirdParty:1030 - CMSIS Pack Vendor :STMicroelectronics X-CUBE-NFC10 1.0.0
2025-10-29 16:50:19,166 [INFO] ThirdParty:1030 - CMSIS Pack Vendor :STMicroelectronics X-CUBE-BLEMGR 4.0.0
2025-10-29 16:50:19,166 [INFO] ThirdParty:1030 - CMSIS Pack Vendor :STMicroelectronics X-CUBE-FREERTOS 1.3.1
2025-10-29 16:50:19,166 [INFO] ThirdParty:1030 - CMSIS Pack Vendor :STMicroelectronics HAL Drivers 0.0.0
2025-10-29 16:50:19,166 [INFO] ThirdParty:1030 - CMSIS Pack Vendor :STMicroelectronics X-CUBE-ST60 1.1.0
2025-10-29 16:50:19,166 [INFO] ThirdParty:1030 - CMSIS Pack Vendor :emotas I-CUBE-CANOPEN 1.3.0
2025-10-29 16:50:19,166 [INFO] ThirdParty:1030 - CMSIS Pack Vendor :STMicroelectronics X-CUBE-FREERTOS 1.3.0
2025-10-29 16:50:19,167 [INFO] ThirdParty:1030 - CMSIS Pack Vendor :STMicroelectronics X-CUBE-NFC7 1.0.1
2025-10-29 16:50:19,167 [INFO] ThirdParty:1030 - CMSIS Pack Vendor :STMicroelectronics MBEDTLS 2.14.1
2025-10-29 16:50:19,167 [INFO] ThirdParty:1030 - CMSIS Pack Vendor :STMicroelectronics X-CUBE-GNSS1 7.1.0
2025-10-29 16:50:19,167 [INFO] ThirdParty:1030 - CMSIS Pack Vendor :STMicroelectronics X-CUBE-TOUCHGFX 4.26.0
2025-10-29 16:50:19,167 [INFO] ThirdParty:1030 - CMSIS Pack Vendor :STMicroelectronics X-CUBE-BLEMGR 3.1.0
2025-10-29 16:50:19,167 [INFO] ThirdParty:1030 - CMSIS Pack Vendor :STMicroelectronics X-CUBE-AI 10.0.0
2025-10-29 16:50:19,167 [INFO] ThirdParty:1030 - CMSIS Pack Vendor :STMicroelectronics FP-SNS-STBOX1 2.1.0
2025-10-29 16:50:19,167 [INFO] ThirdParty:1030 - CMSIS Pack Vendor :STMicroelectronics FP-SNS-STAIOTCFT 1.0.0
2025-10-29 16:50:19,167 [INFO] ThirdParty:1030 - CMSIS Pack Vendor :STMicroelectronics FP-SNS-SMARTAG2 1.2.0
2025-10-29 16:50:19,167 [INFO] ThirdParty:1030 - CMSIS Pack Vendor :STMicroelectronics FP-SNS-FLIGHT1 5.1.0
2025-10-29 16:50:19,167 [INFO] ThirdParty:1030 - CMSIS Pack Vendor :STMicroelectronics X-CUBE-MEMS1 11.1.0
2025-10-29 16:50:19,167 [INFO] ThirdParty:1030 - CMSIS Pack Vendor :STMicroelectronics X-CUBE-AZRTOS-WL 2.0.0
2025-10-29 16:50:19,167 [INFO] ThirdParty:1030 - CMSIS Pack Vendor :STMicroelectronics X-CUBE-DPower 1.3.0
2025-10-29 16:50:19,167 [INFO] ThirdParty:1030 - CMSIS Pack Vendor :STMicroelectronics FP-SNS-MOTENV1 5.0.0
2025-10-29 16:50:19,167 [INFO] ThirdParty:1030 - CMSIS Pack Vendor :STMicroelectronics USB_DEVICE 1.0.0
2025-10-29 16:50:19,167 [INFO] ThirdParty:1030 - CMSIS Pack Vendor :wolfSSL I-CUBE-wolfMQTT 1.19.0
2025-10-29 16:50:19,167 [INFO] ThirdParty:1030 - CMSIS Pack Vendor :STMicroelectronics X-CUBE-AZRTOS-L4 2.0.0
2025-10-29 16:50:19,167 [INFO] ThirdParty:1030 - CMSIS Pack Vendor :STMicroelectronics ThreadX 0.0.2
2025-10-29 16:50:19,167 [INFO] ThirdParty:1030 - CMSIS Pack Vendor :WES I-CUBE-Cesium 1.3.0
2025-10-29 16:50:19,167 [INFO] ThirdParty:1030 - CMSIS Pack Vendor :STMicroelectronics lwIP 2.1.2
2025-10-29 16:50:19,167 [INFO] ThirdParty:1030 - CMSIS Pack Vendor :STMicroelectronics X-CUBE-SFXS2LP1 4.0.0
2025-10-29 16:50:19,167 [INFO] ThirdParty:1030 - CMSIS Pack Vendor :STMicroelectronics X-CUBE-BLE2 3.3.0
2025-10-29 16:50:19,167 [INFO] ThirdParty:1030 - CMSIS Pack Vendor :STMicroelectronics PDM2PCM 3.2.0
2025-10-29 16:50:19,167 [INFO] ThirdParty:1030 - CMSIS Pack Vendor :STMicroelectronics X-CUBE-AZRTOS-H7 3.3.0
2025-10-29 16:50:19,167 [INFO] ThirdParty:1030 - CMSIS Pack Vendor :STMicroelectronics X-CUBE-NFC9 1.0.0
2025-10-29 16:50:19,167 [INFO] ThirdParty:1030 - CMSIS Pack Vendor :STMicroelectronics X-CUBE-BLE1 7.1.0
2025-10-29 16:50:19,167 [INFO] ThirdParty:1030 - CMSIS Pack Vendor :STMicroelectronics USB_DEVICE 3.0.0
2025-10-29 16:50:19,167 [INFO] ThirdParty:1030 - CMSIS Pack Vendor :STMicroelectronics X-CUBE-TCPP 4.1.0
2025-10-29 16:50:19,167 [INFO] ThirdParty:1030 - CMSIS Pack Vendor :STMicroelectronics X-CUBE-EEPRMA1 5.2.0
2025-10-29 16:50:19,167 [INFO] ThirdParty:1030 - CMSIS Pack Vendor :STMicroelectronics X-CUBE-BLEMGR 4.1.0
2025-10-29 16:50:19,167 [INFO] ThirdParty:1030 - CMSIS Pack Vendor :STMicroelectronics X-CUBE-IPS 3.0.0
2025-10-29 16:50:19,167 [INFO] ThirdParty:1030 - CMSIS Pack Vendor :STMicroelectronics X-CUBE-AZRTOS-WB 2.0.0
2025-10-29 16:50:19,168 [INFO] ThirdParty:1030 - CMSIS Pack Vendor :STMicroelectronics X-CUBE-GNSS1 7.0.0
2025-10-29 16:50:19,168 [INFO] ThirdParty:1030 - CMSIS Pack Vendor :STMicroelectronics X-CUBE-GNSS1 7.0.1
2025-10-29 16:50:19,168 [INFO] ThirdParty:1030 - CMSIS Pack Vendor :STMicroelectronics X-CUBE-TOUCHGFX 4.25.0
2025-10-29 16:50:19,168 [INFO] ThirdParty:1030 - CMSIS Pack Vendor :STMicroelectronics X-CUBE-ST67W61 1.1.0
2025-10-29 16:50:19,168 [INFO] ThirdParty:1030 - CMSIS Pack Vendor :STMicroelectronics X-CUBE-AI 10.1.0
2025-10-29 16:50:19,168 [INFO] ThirdParty:1030 - CMSIS Pack Vendor :STMicroelectronics FP-SNS-STBOX1 2.0.0
2025-10-29 16:50:19,168 [INFO] ThirdParty:1030 - CMSIS Pack Vendor :STMicroelectronics X-CUBE-MEMS1 11.2.0
2025-10-29 16:50:19,168 [INFO] ThirdParty:1030 - CMSIS Pack Vendor :STMicroelectronics X-CUBE-AZRTOS-G0 1.1.0
2025-10-29 16:50:19,168 [INFO] ThirdParty:1030 - CMSIS Pack Vendor :STMicroelectronics X-CUBE-SAFEA1 1.2.2
2025-10-29 16:50:19,168 [INFO] ThirdParty:1030 - CMSIS Pack Vendor :STMicroelectronics X-CUBE-NFC4 3.0.0
2025-10-29 16:50:19,168 [INFO] ThirdParty:1030 - CMSIS Pack Vendor :STMicroelectronics X-CUBE-SUBG2 5.0.0
2025-10-29 16:50:19,168 [INFO] ThirdParty:1030 - CMSIS Pack Vendor :STMicroelectronics X-CUBE-AZRTOS-H7RS 1.1.0
2025-10-29 16:50:19,168 [INFO] ThirdParty:1030 - CMSIS Pack Vendor :STMicroelectronics STM32_WPAN 1.0.0
2025-10-29 16:50:19,168 [INFO] ThirdParty:1030 - CMSIS Pack Vendor :EmbeddedOffice I-CUBE-FS-RTOS 1.0.1
2025-10-29 16:50:19,168 [INFO] ThirdParty:1030 - CMSIS Pack Vendor :STMicroelectronics lwIP 2.0.3
2025-10-29 16:50:19,168 [INFO] ThirdParty:1030 - CMSIS Pack Vendor :Cesanta I-CUBE-Mongoose 7.13.0
2025-10-29 16:50:19,168 [INFO] ThirdParty:1030 - CMSIS Pack Vendor :STMicroelectronics USB_HOST 1.0.0
2025-10-29 16:50:19,168 [INFO] ThirdParty:1030 - CMSIS Pack Vendor :STMicroelectronics X-CUBE-AZRTOS-G4 2.0.0
2025-10-29 16:50:19,168 [INFO] ThirdParty:1030 - CMSIS Pack Vendor :STMicroelectronics X-CUBE-WB05N 2.0.0
2025-10-29 16:50:19,168 [INFO] ThirdParty:1030 - CMSIS Pack Vendor :STMicroelectronics PDM2PCM 3.1.0
2025-10-29 16:50:19,168 [INFO] ThirdParty:1030 - CMSIS Pack Vendor :STMicroelectronics X-CUBE-NFC7 2.0.0
2025-10-29 16:50:19,168 [INFO] ThirdParty:1030 - CMSIS Pack Vendor :STMicroelectronics X-CUBE-TCPP 4.2.0
2025-10-29 16:50:19,168 [INFO] ThirdParty:1030 - CMSIS Pack Vendor :RealThread X-CUBE-RT-Thread_Nano 4.1.1
2025-10-29 16:50:19,168 [INFO] ThirdParty:1030 - CMSIS Pack Vendor :STMicroelectronics FP-ATR-SIGFOX1 3.2.0
2025-10-29 16:50:19,168 [INFO] ThirdParty:1030 - CMSIS Pack Vendor :wolfSSL I-CUBE-wolfSSL 5.7.2
2025-10-29 16:50:19,168 [INFO] ThirdParty:1030 - CMSIS Pack Vendor :quantropi X-CUBE-qispace-sdk-base 1.9.3
2025-10-29 16:50:19,168 [INFO] ThirdParty:1030 - CMSIS Pack Vendor :STMicroelectronics X-CUBE-EEPRMA1 5.1.0
2025-10-29 16:50:19,168 [INFO] ThirdParty:1030 - CMSIS Pack Vendor :STMicroelectronics MBEDTLS 2.16.2
2025-10-29 16:50:19,168 [INFO] ThirdParty:1030 - CMSIS Pack Vendor :STMicroelectronics X-CUBE-IPS 3.1.0
2025-10-29 16:50:19,168 [INFO] ThirdParty:1030 - CMSIS Pack Vendor :STMicroelectronics X-CUBE-ALS 1.0.2
2025-10-29 16:50:19,168 [INFO] ThirdParty:1030 - CMSIS Pack Vendor :ITTIA_DB I-CUBE-ITTIADB 8.9.0
2025-10-29 16:50:19,168 [INFO] ThirdParty:1030 - CMSIS Pack Vendor :STMicroelectronics X-CUBE-TOUCHGFX 4.24.2
2025-10-29 16:50:19,168 [INFO] ThirdParty:1030 - CMSIS Pack Vendor :STMicroelectronics X-CUBE-TOUCHGFX 4.24.1
2025-10-29 16:50:19,168 [INFO] ThirdParty:1030 - CMSIS Pack Vendor :STMicroelectronics X-CUBE-STSE01 1.0.0
2025-10-29 16:50:19,169 [INFO] ThirdParty:1030 - CMSIS Pack Vendor :wolfSSL I-CUBE-wolfTPM 3.4.0
2025-10-29 16:50:19,169 [INFO] ThirdParty:1030 - CMSIS Pack Vendor :portGmbH I-Cube-SoM-uGOAL 1.1.0
2025-10-29 16:50:19,169 [INFO] ThirdParty:1030 - CMSIS Pack Vendor :STMicroelectronics X-CUBE-ST67W61 1.0.0
2025-10-29 16:50:19,169 [INFO] ThirdParty:1030 - CMSIS Pack Vendor :STMicroelectronics X-CUBE-AI 10.2.0
2025-10-29 16:50:19,169 [INFO] ThirdParty:1030 - CMSIS Pack Vendor :STMicroelectronics ThreadX 1.0.0
2025-10-29 16:50:19,169 [INFO] ThirdParty:1030 - CMSIS Pack Vendor :SEGGER I-CUBE-embOS 1.3.1
2025-10-29 16:50:19,169 [INFO] ThirdParty:1030 - CMSIS Pack Vendor :STMicroelectronics X-CUBE-ALGOBUILD 1.4.0
2025-10-29 16:50:19,169 [INFO] ThirdParty:1030 - CMSIS Pack Vendor :STMicroelectronics X-CUBE-MEMS1 11.3.0
2025-10-29 16:50:19,169 [INFO] ThirdParty:1030 - CMSIS Pack Vendor :STMicroelectronics X-CUBE-AZRTOS-H7RS 1.0.0
2025-10-29 16:50:19,169 [INFO] ThirdParty:1030 - CMSIS Pack Vendor :STMicroelectronics FP-ATR-ASTRA1 2.0.0
2025-10-29 16:50:19,169 [INFO] ThirdParty:1030 - CMSIS Pack Vendor :STMicroelectronics X-CUBE-TOF1 3.4.2
2025-10-29 16:50:19,169 [INFO] ThirdParty:1030 - CMSIS Pack Vendor :STMicroelectronics X-CUBE-TOF1 3.4.3
2025-10-29 16:50:19,169 [INFO] ThirdParty:1030 - CMSIS Pack Vendor :STMicroelectronics X-CUBE-AI 9.1.0
2025-10-29 16:50:19,169 [INFO] ThirdParty:1030 - CMSIS Pack Vendor :Infineon AIROC-Wi-Fi-Bluetooth-STM32 1.6.1
2025-10-29 16:50:19,169 [INFO] ThirdParty:1030 - CMSIS Pack Vendor :wolfSSL I-CUBE-wolfSSH 1.4.17
2025-10-29 16:50:19,169 [INFO] ThirdParty:841 - exiting critical section [change project]
2025-10-29 16:50:19,486 [INFO] PinOutPanel:1589 - setPackage(No Configuration,No Configuration)
2025-10-29 16:50:19,487 [INFO] PinOutPanel:1589 - setPackage(STM32G431RBTx,LQFP64)
2025-10-29 16:50:19,882 [INFO] UtilMem:75 - Before build in PCC Used Memory: 352300496 Bytes (547356672)
2025-10-29 16:50:20,670 [INFO] UtilMem:75 - After build in PCC Used Memory: 462400976 Bytes (547356672)
2025-10-29 16:50:20,695 [INFO] IPUIPlugin:80 - create IPUIPlugin
2025-10-29 16:50:20,696 [INFO] IPUIPlugin:80 - create IPUIPlugin
2025-10-29 16:50:20,696 [INFO] IPUIPlugin:80 - create IPUIPlugin
2025-10-29 16:50:20,696 [INFO] IPUIPlugin:80 - create IPUIPlugin
2025-10-29 16:50:20,696 [INFO] IPUIPlugin:80 - create IPUIPlugin
2025-10-29 16:50:20,696 [INFO] IPUIPlugin:80 - create IPUIPlugin
2025-10-29 16:50:20,696 [INFO] IPUIPlugin:80 - create IPUIPlugin
2025-10-29 16:50:20,696 [INFO] IPUIPlugin:80 - create IPUIPlugin
2025-10-29 16:50:20,696 [INFO] IPUIPlugin:80 - create IPUIPlugin
2025-10-29 16:50:20,696 [INFO] IPUIPlugin:80 - create IPUIPlugin
2025-10-29 16:50:20,696 [INFO] IPUIPlugin:80 - create IPUIPlugin
2025-10-29 16:50:20,696 [INFO] IPUIPlugin:80 - create IPUIPlugin
2025-10-29 16:50:20,696 [INFO] IPUIPlugin:80 - create IPUIPlugin
2025-10-29 16:50:20,696 [INFO] IPUIPlugin:80 - create IPUIPlugin
2025-10-29 16:50:20,696 [INFO] IPUIPlugin:80 - create IPUIPlugin
2025-10-29 16:50:20,696 [INFO] IPUIPlugin:80 - create IPUIPlugin
2025-10-29 16:50:20,696 [INFO] IPUIPlugin:80 - create IPUIPlugin
2025-10-29 16:50:20,696 [INFO] IPUIPlugin:80 - create IPUIPlugin
2025-10-29 16:50:20,697 [INFO] IPUIPlugin:80 - create IPUIPlugin
2025-10-29 16:50:20,697 [INFO] IPUIPlugin:80 - create IPUIPlugin
2025-10-29 16:50:20,697 [INFO] IPUIPlugin:80 - create IPUIPlugin
2025-10-29 16:50:20,697 [INFO] IPUIPlugin:80 - create IPUIPlugin
2025-10-29 16:50:20,697 [INFO] IPUIPlugin:80 - create IPUIPlugin
2025-10-29 16:50:20,697 [INFO] IPUIPlugin:80 - create IPUIPlugin
2025-10-29 16:50:20,697 [INFO] IPUIPlugin:80 - create IPUIPlugin
2025-10-29 16:50:20,697 [INFO] IPUIPlugin:80 - create IPUIPlugin
2025-10-29 16:50:20,697 [INFO] IPUIPlugin:80 - create IPUIPlugin
2025-10-29 16:50:20,697 [INFO] IPUIPlugin:80 - create IPUIPlugin
2025-10-29 16:50:20,697 [INFO] IPUIPlugin:80 - create IPUIPlugin
2025-10-29 16:50:20,698 [INFO] IPUIPlugin:80 - create IPUIPlugin
2025-10-29 16:50:20,698 [INFO] IPUIPlugin:80 - create IPUIPlugin
2025-10-29 16:50:20,698 [INFO] IPUIPlugin:80 - create IPUIPlugin
2025-10-29 16:50:20,698 [INFO] IPUIPlugin:80 - create IPUIPlugin
2025-10-29 16:50:20,698 [INFO] IPUIPlugin:80 - create IPUIPlugin
2025-10-29 16:50:20,698 [INFO] IPUIPlugin:80 - create IPUIPlugin
2025-10-29 16:50:20,699 [INFO] IPUIPlugin:80 - create IPUIPlugin
2025-10-29 16:50:20,699 [INFO] IPUIPlugin:80 - create IPUIPlugin
2025-10-29 16:50:20,699 [INFO] IPUIPlugin:80 - create IPUIPlugin
2025-10-29 16:50:20,699 [INFO] IPUIPlugin:80 - create IPUIPlugin
2025-10-29 16:50:20,699 [INFO] IPUIPlugin:80 - create IPUIPlugin
2025-10-29 16:50:20,699 [INFO] IPUIPlugin:80 - create IPUIPlugin
2025-10-29 16:50:20,699 [INFO] IPUIPlugin:80 - create IPUIPlugin
2025-10-29 16:50:20,700 [INFO] IPUIPlugin:80 - create IPUIPlugin
2025-10-29 16:50:20,700 [INFO] IPUIPlugin:80 - create IPUIPlugin
2025-10-29 16:50:20,700 [INFO] IPUIPlugin:80 - create IPUIPlugin
2025-10-29 16:50:20,700 [INFO] IPUIPlugin:80 - create IPUIPlugin
2025-10-29 16:50:20,700 [INFO] IPUIPlugin:80 - create IPUIPlugin
2025-10-29 16:50:20,700 [INFO] IPUIPlugin:80 - create IPUIPlugin
2025-10-29 16:50:20,700 [INFO] IPUIPlugin:80 - create IPUIPlugin
2025-10-29 16:50:20,700 [INFO] IPUIPlugin:80 - create IPUIPlugin
2025-10-29 16:50:20,701 [INFO] IPUIPlugin:80 - create IPUIPlugin
2025-10-29 16:50:20,701 [INFO] IPUIPlugin:80 - create IPUIPlugin
2025-10-29 16:50:20,701 [INFO] IPUIPlugin:80 - create IPUIPlugin
2025-10-29 16:50:20,701 [INFO] IPUIPlugin:80 - create IPUIPlugin
2025-10-29 16:50:20,701 [INFO] IPUIPlugin:80 - create IPUIPlugin
2025-10-29 16:50:20,701 [INFO] IPUIPlugin:80 - create IPUIPlugin
2025-10-29 16:50:20,702 [INFO] IPUIPlugin:80 - create IPUIPlugin
2025-10-29 16:50:20,702 [INFO] IPUIPlugin:80 - create IPUIPlugin
2025-10-29 16:50:20,702 [INFO] IPUIPlugin:80 - create IPUIPlugin
2025-10-29 16:50:20,892 [INFO] CADModel:165 - CPN selected for project levelSTM32G431RBT6
2025-10-29 16:50:20,892 [INFO] CADModel:114 - Register for checkConnection events
2025-10-29 16:50:20,940 [INFO] OpenFileManager:386 - Restore cursor
2025-10-29 18:08:14,265 [INFO] WebApp:194 - Connection lost
2025-10-29 18:08:14,399 [INFO] WebApp:191 - Connection restablished
2025-10-29 18:08:16,876 [INFO] WebApp:194 - Connection lost
2025-10-29 18:08:17,030 [INFO] WebApp:191 - Connection restablished
2025-10-29 18:43:59,678 [INFO] WebApp:403 - JxBrowser engine has been closed 
2025-10-29 23:11:12,207 [INFO] Activator:176 - 


2025-10-29 23:11:12,208 [INFO] Activator:177 - !SESSION log4j initialized
2025-10-29 23:11:13,839 [INFO] ApplicationProperties:184 - Using Application install path: C:\ST\STM32CubeIDE_1.16.1\STM32CubeIDE\plugins\com.st.stm32cube.common.mx_6.15.0.202507011659
2025-10-29 23:11:13,851 [INFO] DbMcusXml:78 - Set database path to: C:\ST\STM32CubeIDE_1.16.1\STM32CubeIDE\plugins\com.st.stm32cube.common.mx_6.15.0.202507011659\\db\/mcu/
2025-10-29 23:11:13,851 [INFO] ApiDb:274 - Set plugin database path to: C:\ST\STM32CubeIDE_1.16.1\STM32CubeIDE\plugins\com.st.stm32cube.common.mx_6.15.0.202507011659\\db\/plugins/boardmanager/
2025-10-29 23:11:13,851 [WARN] ApiDb:259 - Overriding images path with different value:  => C:\ST\STM32CubeIDE_1.16.1\STM32CubeIDE\plugins\com.st.stm32cube.common.mx_6.15.0.202507011659\\db\/plugins/mcufinder/images/
2025-10-29 23:11:13,857 [INFO] ApiDb:250 - Set database path to: C:\Users\Miloush\.stmcufinder\plugins\mcufinder//mcu/
2025-10-29 23:11:13,858 [INFO] DbMcusAds:125 - Set database path to: C:\Users\Miloush\.stmcufinder\plugins\mcufinder//mcu/
2025-10-29 23:11:14,386 [INFO] CrossReferenceDbSqlite:203 - Set database path to: C:\Users\Miloush\.stmcufinder\plugins\mcufinder//mcu/cs/
2025-10-29 23:11:14,492 [INFO] RulesReader:64 - Compatibility file has been processed (317 Rules)
2025-10-29 23:11:14,595 [INFO] DbMcusXml:78 - Set database path to: C:\ST\STM32CubeIDE_1.16.1\STM32CubeIDE\plugins\com.st.stm32cube.common.mx_6.15.0.202507011659\\db\/mcu/
2025-10-29 23:11:14,595 [INFO] ApiDb:274 - Set plugin database path to: C:\ST\STM32CubeIDE_1.16.1\STM32CubeIDE\plugins\com.st.stm32cube.common.mx_6.15.0.202507011659\\db\/plugins/boardmanager/
2025-10-29 23:11:14,595 [INFO] ApiDb:261 - Set plugin images path to: C:\ST\STM32CubeIDE_1.16.1\STM32CubeIDE\plugins\com.st.stm32cube.common.mx_6.15.0.202507011659\\db\/plugins/mcufinder/images/
2025-10-29 23:11:14,595 [WARN] DbFile:41 - Overriding database path with different value: C:\Users\Miloush\.stmcufinder\plugins\mcufinder/ => C:\Users\Miloush\.stmcufinder\plugins\mcufinder
2025-10-29 23:11:14,595 [INFO] ApiDb:250 - Set database path to: C:\Users\Miloush\.stmcufinder\plugins\mcufinder//mcu/
2025-10-29 23:11:14,595 [WARN] DbFile:41 - Overriding database path with different value: C:\Users\Miloush\.stmcufinder\plugins\mcufinder/ => C:\Users\Miloush\.stmcufinder\plugins\mcufinder
2025-10-29 23:11:14,595 [INFO] DbMcusAds:125 - Set database path to: C:\Users\Miloush\.stmcufinder\plugins\mcufinder//mcu/
2025-10-29 23:11:14,596 [WARN] DbFile:41 - Overriding database path with different value: C:\Users\Miloush\.stmcufinder\plugins\mcufinder/ => C:\Users\Miloush\.stmcufinder\plugins\mcufinder
2025-10-29 23:11:14,596 [WARN] DbFile:41 - Overriding database path with different value: C:\Users\Miloush\.stmcufinder\plugins\mcufinder/ => C:\Users\Miloush\.stmcufinder\plugins\mcufinder
2025-10-29 23:11:14,596 [INFO] CrossReferenceDbSqlite:203 - Set database path to: C:\Users\Miloush\.stmcufinder\plugins\mcufinder//mcu/cs/
2025-10-29 23:11:14,672 [INFO] MainPanel:274 - HeapMemory: 268435456
2025-10-29 23:11:14,814 [INFO] DbMcusXml:78 - Set database path to: C:\ST\STM32CubeIDE_1.16.1\STM32CubeIDE\plugins\com.st.stm32cube.common.mx_6.15.0.202507011659\\db\/mcu/
2025-10-29 23:11:14,814 [INFO] ApiDb:274 - Set plugin database path to: C:\ST\STM32CubeIDE_1.16.1\STM32CubeIDE\plugins\com.st.stm32cube.common.mx_6.15.0.202507011659\\db\/plugins/boardmanager/
2025-10-29 23:11:14,815 [INFO] ApiDb:261 - Set plugin images path to: C:\ST\STM32CubeIDE_1.16.1\STM32CubeIDE\plugins\com.st.stm32cube.common.mx_6.15.0.202507011659\\db\/plugins/mcufinder/images/
2025-10-29 23:11:14,815 [WARN] DbFile:41 - Overriding database path with different value: C:\Users\Miloush\.stmcufinder\plugins\mcufinder/ => C:\Users\Miloush\.stmcufinder\plugins\mcufinder
2025-10-29 23:11:14,815 [INFO] ApiDb:250 - Set database path to: C:\Users\Miloush\.stmcufinder\plugins\mcufinder//mcu/
2025-10-29 23:11:14,815 [WARN] DbFile:41 - Overriding database path with different value: C:\Users\Miloush\.stmcufinder\plugins\mcufinder/ => C:\Users\Miloush\.stmcufinder\plugins\mcufinder
2025-10-29 23:11:14,816 [INFO] DbMcusAds:125 - Set database path to: C:\Users\Miloush\.stmcufinder\plugins\mcufinder//mcu/
2025-10-29 23:11:14,816 [WARN] DbFile:41 - Overriding database path with different value: C:\Users\Miloush\.stmcufinder\plugins\mcufinder/ => C:\Users\Miloush\.stmcufinder\plugins\mcufinder
2025-10-29 23:11:14,816 [WARN] DbFile:41 - Overriding database path with different value: C:\Users\Miloush\.stmcufinder\plugins\mcufinder/ => C:\Users\Miloush\.stmcufinder\plugins\mcufinder
2025-10-29 23:11:14,816 [INFO] CrossReferenceDbSqlite:203 - Set database path to: C:\Users\Miloush\.stmcufinder\plugins\mcufinder//mcu/cs/
2025-10-29 23:11:14,835 [INFO] ApplicationProperties:184 - Using Application install path: C:\ST\STM32CubeIDE_1.16.1\STM32CubeIDE\plugins\com.st.stm32cube.common.mx_6.15.0.202507011659
2025-10-29 23:11:14,836 [INFO] PluginManage:196 - Search for loadable plugins [exclusion list=, ]
2025-10-29 23:11:14,837 [INFO] PluginManage:310 - Check plugin analytics
2025-10-29 23:11:15,153 [INFO] AnalyticsPlugin:253 - Accepted Software Licenses: STM32CubeMX.6.15.0
2025-10-29 23:11:15,153 [INFO] AnalyticsPlugin:255 - Accepted CMSIS Pack Licenses: 
2025-10-29 23:11:15,153 [INFO] AnalyticsPlugin:257 - Accepted Firmware Licenses: FW.G4.1.6.0,FW.F4.1.28.0
2025-10-29 23:11:15,157 [INFO] PluginManage:359 - Loaded plugin analytics (category:tool,tabindex:-1)
2025-10-29 23:11:15,158 [INFO] PluginManage:310 - Check plugin cadmodel
2025-10-29 23:11:15,166 [INFO] CADModel:105 - Init CAD model plugin
2025-10-29 23:11:15,166 [INFO] PluginManage:359 - Loaded plugin cadmodel (category:power,tabindex:5)
2025-10-29 23:11:15,166 [INFO] PluginManage:310 - Check plugin clock
2025-10-29 23:11:15,180 [INFO] PluginManage:359 - Loaded plugin clock (category:base,tabindex:2)
2025-10-29 23:11:15,180 [INFO] PluginManage:310 - Check plugin ddr
2025-10-29 23:11:15,183 [INFO] PluginManage:359 - Loaded plugin ddr (category:tool,tabindex:6)
2025-10-29 23:11:15,183 [INFO] PluginManage:310 - Check plugin filemanager
2025-10-29 23:11:15,320 [INFO] PluginManage:359 - Loaded plugin filemanager (category:base,tabindex:10)
2025-10-29 23:11:15,320 [INFO] PluginManage:310 - Check plugin ipmanager
2025-10-29 23:11:15,327 [INFO] PluginManage:359 - Loaded plugin ipmanager (category:base,tabindex:5)
2025-10-29 23:11:15,327 [INFO] PluginManage:310 - Check plugin lpbam
2025-10-29 23:11:15,335 [INFO] PluginManage:359 - Loaded plugin lpbam (category:base,tabindex:0)
2025-10-29 23:11:15,335 [INFO] PluginManage:310 - Check plugin memorymap
2025-10-29 23:11:15,351 [INFO] PluginManage:359 - Loaded plugin memorymap (category:base,tabindex:4)
2025-10-29 23:11:15,351 [INFO] PluginManage:310 - Check plugin pinoutandconfiguration
2025-10-29 23:11:15,363 [INFO] PluginManage:359 - Loaded plugin pinoutandconfiguration (category:base,tabindex:1)
2025-10-29 23:11:15,363 [INFO] PluginManage:310 - Check plugin pinoutconfig
2025-10-29 23:11:15,428 [WARN] SupportedApi:132 - Cannot load RTOS API schema: s4s-elt-must-match.1: The content of 'definitions' must match (annotation?, (simpleType | complexType)?, (unique | key | keyref)*)). A problem was found starting at: attribute.
2025-10-29 23:11:15,553 [INFO] PluginManage:359 - Loaded plugin pinoutconfig (category:base,tabindex:0)
2025-10-29 23:11:15,553 [INFO] PluginManage:310 - Check plugin power
2025-10-29 23:11:15,561 [INFO] PluginManage:359 - Loaded plugin power (category:power,tabindex:4)
2025-10-29 23:11:15,561 [INFO] PluginManage:310 - Check plugin projectmanager
2025-10-29 23:11:15,576 [INFO] PluginManage:359 - Loaded plugin projectmanager (category:projectmanager,tabindex:4)
2025-10-29 23:11:15,577 [INFO] PluginManage:310 - Check plugin rif
2025-10-29 23:11:15,583 [INFO] PluginManage:359 - Loaded plugin rif (category:base,tabindex:3)
2025-10-29 23:11:15,584 [INFO] PluginManage:310 - Check plugin thirdparty
2025-10-29 23:11:15,713 [WARN] IntegrityCheckThread:84 - waiting for thirdparty lock release [integrity check]
2025-10-29 23:11:15,713 [INFO] PluginManage:359 - Loaded plugin thirdparty (category:base,tabindex:-1)
2025-10-29 23:11:15,713 [INFO] IntegrityCheckThread:86 - entering critical section [integrity check]
2025-10-29 23:11:15,713 [INFO] PluginManage:310 - Check plugin tools
2025-10-29 23:11:15,714 [INFO] ThirdPartyUpdaterWithRetryManager:70 - Updater plugin not ready yet. [1/15]
2025-10-29 23:11:15,716 [INFO] PluginManage:359 - Loaded plugin tools (category:base,tabindex:7)
2025-10-29 23:11:15,716 [INFO] PluginManage:310 - Check plugin tutovideos
2025-10-29 23:11:15,871 [INFO] PluginManage:359 - Loaded plugin tutovideos (category:base,tabindex:-1)
2025-10-29 23:11:15,871 [INFO] PluginManage:310 - Check plugin updater
2025-10-29 23:11:15,890 [INFO] PluginManage:359 - Loaded plugin updater (category:base,tabindex:12)
2025-10-29 23:11:15,890 [INFO] PluginManage:310 - Check plugin userauth
2025-10-29 23:11:15,893 [INFO] UserAuth:118 - Init User Auth plugin
2025-10-29 23:11:15,894 [INFO] PluginManage:359 - Loaded plugin userauth (category:base,tabindex:14)
2025-10-29 23:11:15,895 [INFO] PluginManage:283 - PluginManage : Loaded plugins [18]
2025-10-29 23:11:16,108 [INFO] PinOutPanel:1589 - setPackage(No Configuration,No Configuration)
2025-10-29 23:11:16,193 [INFO] CADModel:165 - CPN selected for project level
2025-10-29 23:11:16,193 [INFO] CADModel:114 - Register for checkConnection events
2025-10-29 23:11:16,217 [INFO] IPUIPlugin:80 - create IPUIPlugin
2025-10-29 23:11:16,217 [INFO] PluginManager:220 - loadIPPluginJar : add adc
2025-10-29 23:11:16,226 [INFO] IPUIPlugin:80 - create IPUIPlugin
2025-10-29 23:11:16,227 [INFO] PluginManager:220 - loadIPPluginJar : add aes
2025-10-29 23:11:16,236 [INFO] IPUIPlugin:80 - create IPUIPlugin
2025-10-29 23:11:16,236 [INFO] PluginManager:220 - loadIPPluginJar : add can
2025-10-29 23:11:16,241 [INFO] IPUIPlugin:80 - create IPUIPlugin
2025-10-29 23:11:16,241 [INFO] PluginManager:220 - loadIPPluginJar : add comp
2025-10-29 23:11:16,248 [INFO] IPUIPlugin:80 - create IPUIPlugin
2025-10-29 23:11:16,248 [INFO] PluginManager:220 - loadIPPluginJar : add cryp
2025-10-29 23:11:16,251 [INFO] IPUIPlugin:80 - create IPUIPlugin
2025-10-29 23:11:16,251 [INFO] PluginManager:220 - loadIPPluginJar : add ddr_ctrl_phy
2025-10-29 23:11:16,253 [INFO] IPUIPlugin:80 - create IPUIPlugin
2025-10-29 23:11:16,253 [INFO] PluginManager:220 - loadIPPluginJar : add dfsdm
2025-10-29 23:11:16,261 [INFO] IPUIPlugin:80 - create IPUIPlugin
2025-10-29 23:11:16,261 [INFO] PluginManager:220 - loadIPPluginJar : add dma
2025-10-29 23:11:16,264 [INFO] IPUIPlugin:80 - create IPUIPlugin
2025-10-29 23:11:16,264 [INFO] PluginManager:220 - loadIPPluginJar : add dma3
2025-10-29 23:11:16,266 [INFO] IPUIPlugin:80 - create IPUIPlugin
2025-10-29 23:11:16,266 [INFO] PluginManager:220 - loadIPPluginJar : add extmemmanager
2025-10-29 23:11:16,267 [INFO] IPUIPlugin:80 - create IPUIPlugin
2025-10-29 23:11:16,268 [INFO] PluginManager:220 - loadIPPluginJar : add fatfs
2025-10-29 23:11:16,271 [INFO] IPUIPlugin:80 - create IPUIPlugin
2025-10-29 23:11:16,271 [INFO] PluginManager:220 - loadIPPluginJar : add fmc
2025-10-29 23:11:16,280 [INFO] IPUIPlugin:80 - create IPUIPlugin
2025-10-29 23:11:16,280 [INFO] PluginManager:220 - loadIPPluginJar : add freertos
2025-10-29 23:11:16,282 [INFO] IPUIPlugin:80 - create IPUIPlugin
2025-10-29 23:11:16,282 [INFO] PluginManager:220 - loadIPPluginJar : add genericplugin
2025-10-29 23:11:16,284 [INFO] IPUIPlugin:80 - create IPUIPlugin
2025-10-29 23:11:16,284 [INFO] PluginManager:220 - loadIPPluginJar : add gfxmmu
2025-10-29 23:11:16,288 [INFO] IPUIPlugin:80 - create IPUIPlugin
2025-10-29 23:11:16,288 [INFO] PluginManager:220 - loadIPPluginJar : add gic
2025-10-29 23:11:16,291 [INFO] IPUIPlugin:80 - create IPUIPlugin
2025-10-29 23:11:16,291 [INFO] PluginManager:220 - loadIPPluginJar : add gpio
2025-10-29 23:11:16,293 [INFO] IPUIPlugin:80 - create IPUIPlugin
2025-10-29 23:11:16,293 [INFO] PluginManager:220 - loadIPPluginJar : add gtzc
2025-10-29 23:11:16,294 [INFO] IPUIPlugin:80 - create IPUIPlugin
2025-10-29 23:11:16,294 [INFO] PluginManager:220 - loadIPPluginJar : add hash
2025-10-29 23:11:16,296 [INFO] IPUIPlugin:80 - create IPUIPlugin
2025-10-29 23:11:16,297 [INFO] PluginManager:220 - loadIPPluginJar : add i2c
2025-10-29 23:11:16,299 [INFO] IPUIPlugin:80 - create IPUIPlugin
2025-10-29 23:11:16,299 [INFO] PluginManager:220 - loadIPPluginJar : add i2s
2025-10-29 23:11:16,301 [INFO] IPUIPlugin:80 - create IPUIPlugin
2025-10-29 23:11:16,301 [INFO] PluginManager:220 - loadIPPluginJar : add i3c
2025-10-29 23:11:16,307 [INFO] IPUIPlugin:80 - create IPUIPlugin
2025-10-29 23:11:16,307 [INFO] PluginManager:220 - loadIPPluginJar : add ipddr
2025-10-29 23:11:16,313 [INFO] IPUIPlugin:80 - create IPUIPlugin
2025-10-29 23:11:16,313 [INFO] PluginManager:220 - loadIPPluginJar : add linkedlist
2025-10-29 23:11:16,315 [INFO] IPUIPlugin:80 - create IPUIPlugin
2025-10-29 23:11:16,315 [INFO] PluginManager:220 - loadIPPluginJar : add lorawan
2025-10-29 23:11:16,317 [INFO] IPUIPlugin:80 - create IPUIPlugin
2025-10-29 23:11:16,317 [INFO] PluginManager:220 - loadIPPluginJar : add ltdc
2025-10-29 23:11:16,321 [INFO] IPUIPlugin:80 - create IPUIPlugin
2025-10-29 23:11:16,321 [INFO] PluginManager:220 - loadIPPluginJar : add mdma
2025-10-29 23:11:16,324 [INFO] IPUIPlugin:80 - create IPUIPlugin
2025-10-29 23:11:16,324 [INFO] PluginManager:220 - loadIPPluginJar : add nvic
2025-10-29 23:11:16,326 [INFO] IPUIPlugin:80 - create IPUIPlugin
2025-10-29 23:11:16,326 [INFO] PluginManager:220 - loadIPPluginJar : add opamp
2025-10-29 23:11:16,329 [INFO] IPUIPlugin:80 - create IPUIPlugin
2025-10-29 23:11:16,329 [INFO] PluginManager:220 - loadIPPluginJar : add openamp
2025-10-29 23:11:16,335 [INFO] IPUIPlugin:80 - create IPUIPlugin
2025-10-29 23:11:16,335 [INFO] PluginManager:220 - loadIPPluginJar : add pdm2pcm
2025-10-29 23:11:16,340 [INFO] IPUIPlugin:80 - create IPUIPlugin
2025-10-29 23:11:16,343 [INFO] PluginManager:220 - loadIPPluginJar : add plateformsettings
2025-10-29 23:11:16,345 [INFO] IPUIPlugin:80 - create IPUIPlugin
2025-10-29 23:11:16,345 [INFO] PluginManager:220 - loadIPPluginJar : add quadspi
2025-10-29 23:11:16,347 [INFO] IPUIPlugin:80 - create IPUIPlugin
2025-10-29 23:11:16,349 [INFO] PluginManager:220 - loadIPPluginJar : add radio
2025-10-29 23:11:16,353 [INFO] IPUIPlugin:80 - create IPUIPlugin
2025-10-29 23:11:16,353 [INFO] PluginManager:220 - loadIPPluginJar : add resmgrutility
2025-10-29 23:11:16,355 [INFO] IPUIPlugin:80 - create IPUIPlugin
2025-10-29 23:11:16,356 [INFO] PluginManager:220 - loadIPPluginJar : add sai
2025-10-29 23:11:16,358 [INFO] IPUIPlugin:80 - create IPUIPlugin
2025-10-29 23:11:16,358 [INFO] PluginManager:220 - loadIPPluginJar : add spi
2025-10-29 23:11:16,363 [INFO] IPUIPlugin:80 - create IPUIPlugin
2025-10-29 23:11:16,363 [INFO] PluginManager:220 - loadIPPluginJar : add stm32_wpan
2025-10-29 23:11:16,364 [INFO] IPUIPlugin:80 - create IPUIPlugin
2025-10-29 23:11:16,365 [INFO] PluginManager:220 - loadIPPluginJar : add tim
2025-10-29 23:11:16,367 [INFO] IPUIPlugin:80 - create IPUIPlugin
2025-10-29 23:11:16,368 [INFO] PluginManager:220 - loadIPPluginJar : add touchsensing
2025-10-29 23:11:16,370 [INFO] IPUIPlugin:80 - create IPUIPlugin
2025-10-29 23:11:16,370 [INFO] PluginManager:220 - loadIPPluginJar : add tracer_emb
2025-10-29 23:11:16,371 [INFO] IPUIPlugin:80 - create IPUIPlugin
2025-10-29 23:11:16,371 [INFO] PluginManager:220 - loadIPPluginJar : add ts
2025-10-29 23:11:16,376 [INFO] IPUIPlugin:80 - create IPUIPlugin
2025-10-29 23:11:16,376 [INFO] PluginManager:220 - loadIPPluginJar : add tsc
2025-10-29 23:11:16,379 [INFO] IPUIPlugin:80 - create IPUIPlugin
2025-10-29 23:11:16,379 [INFO] PluginManager:220 - loadIPPluginJar : add ucpd
2025-10-29 23:11:16,386 [INFO] IPUIPlugin:80 - create IPUIPlugin
2025-10-29 23:11:16,386 [INFO] PluginManager:220 - loadIPPluginJar : add usart
2025-10-29 23:11:16,397 [INFO] IPUIPlugin:80 - create IPUIPlugin
2025-10-29 23:11:16,397 [INFO] PluginManager:220 - loadIPPluginJar : add usbx
2025-10-29 23:11:16,536 [FATAL] Updater:351 - Updater called before beeing initialized
2025-10-29 23:11:16,561 [INFO] RulesReader:64 - Compatibility file has been processed (317 Rules)
2025-10-29 23:11:16,574 [INFO] RulesReader:64 - Compatibility file has been processed (317 Rules)
2025-10-29 23:11:16,590 [INFO] CADModel:165 - CPN selected for project level
2025-10-29 23:11:16,590 [INFO] CADModel:114 - Register for checkConnection events
2025-10-29 23:11:16,590 [FATAL] Updater:351 - Updater called before beeing initialized
2025-10-29 23:11:16,590 [ERROR] CADModel:125 - Updater not yet initialized, retry later 
2025-10-29 23:11:16,752 [FATAL] Updater:351 - Updater called before beeing initialized
2025-10-29 23:11:16,753 [INFO] CADModel:165 - CPN selected for project level
2025-10-29 23:11:16,754 [INFO] CADModel:114 - Register for checkConnection events
2025-10-29 23:11:16,754 [FATAL] Updater:351 - Updater called before beeing initialized
2025-10-29 23:11:16,754 [ERROR] CADModel:125 - Updater not yet initialized, retry later 
2025-10-29 23:11:16,756 [FATAL] Updater:351 - Updater called before beeing initialized
2025-10-29 23:11:16,864 [FATAL] Updater:351 - Updater called before beeing initialized
2025-10-29 23:11:16,867 [INFO] DbMcusAds:53 - JSON generation date=Thu Oct 02 11:36:05 CEST 2025 (1759397765645)
2025-10-29 23:11:16,868 [FATAL] Updater:351 - Updater called before beeing initialized
2025-10-29 23:11:16,894 [WARN] DetailPanel:346 - Failed to get advertising image, set to default
2025-10-29 23:11:16,949 [FATAL] Updater:351 - Updater called before beeing initialized
2025-10-29 23:11:16,950 [FATAL] Updater:351 - Updater called before beeing initialized
2025-10-29 23:11:16,950 [FATAL] Updater:351 - Updater called before beeing initialized
2025-10-29 23:11:16,950 [WARN] DetailPanel:346 - Failed to get advertising image, set to default
2025-10-29 23:11:16,951 [FATAL] Updater:351 - Updater called before beeing initialized
2025-10-29 23:11:16,990 [ERROR] Updater:1198 - MainUpdater not yet initialized. External WinMGr cannot be set.
2025-10-29 23:11:16,991 [INFO] Updater:1134 - Updater Version found : 6.15.0
2025-10-29 23:11:17,003 [INFO] ApplicationProperties:184 - Using Application install path: C:\ST\STM32CubeIDE_1.16.1\STM32CubeIDE\plugins\com.st.stm32cube.common.mx_6.15.0.202507011659
2025-10-29 23:11:17,838 [INFO] MainUpdater:2872 - connection check result : 10
2025-10-29 23:11:17,839 [INFO] MainUpdater:289 - Updater Check For Update Now.
2025-10-29 23:11:17,839 [INFO] MicroXplorer:498 - Change Database Version : DB.6.0.150
2025-10-29 23:11:18,037 [INFO] CheckServerUpdateThread:120 - End of CheckServer Thread
2025-10-29 23:11:18,083 [INFO] MainUpdater:2872 - connection check result : 10
2025-10-29 23:11:18,084 [INFO] MainUpdater:2872 - connection check result : 10
2025-10-29 23:11:18,139 [INFO] MicroXplorer:468 - Change Database Path : 
2025-10-29 23:11:18,139 [INFO] MicroXplorer:498 - Change Database Version : DB.6.0.150
2025-10-29 23:11:18,152 [WARN] ThirdParty:871 - waiting for thirdparty lock release [close project]
2025-10-29 23:11:18,955 [WARN] PackLoader:240 - Cannot read IP mode file for STMicroelectronics.FP-SNS-MOTENVWB1.1.4.0
2025-10-29 23:11:18,962 [WARN] PackLoader:240 - Cannot read IP mode file for STMicroelectronics.FP-ATR-ASTRA1.2.0.2
2025-10-29 23:11:18,965 [WARN] PackLoader:240 - Cannot read IP mode file for STMicroelectronics.FP-ATR-ASTRA1.2.0.1
2025-10-29 23:11:18,974 [WARN] PackLoader:240 - Cannot read IP mode file for STMicroelectronics.X-CUBE-SMBUS.2.1.0
2025-10-29 23:11:18,980 [WARN] PackLoader:240 - Cannot read IP mode file for STMicroelectronics.X-CUBE-WB05N.1.1.0
2025-10-29 23:11:18,985 [WARN] PackLoader:240 - Cannot read IP mode file for STMicroelectronics.X-CUBE-ST60.1.0.0
2025-10-29 23:11:19,013 [WARN] PackLoader:240 - Cannot read IP mode file for STMicroelectronics.X-CUBE-AZRTOS-F7.1.1.0
2025-10-29 23:11:19,060 [WARN] PackLoader:240 - Cannot read IP mode file for STMicroelectronics.X-CUBE-MEMS1.11.0.0
2025-10-29 23:11:19,207 [WARN] PackLoader:240 - Cannot read IP mode file for STMicroelectronics.FP-SNS-MOTENV1.5.1.0
2025-10-29 23:11:19,212 [WARN] PackLoader:240 - Cannot read IP mode file for STMicroelectronics.FP-SNS-FLIGHT1.5.0.2
2025-10-29 23:11:19,230 [WARN] PackLoader:240 - Cannot read IP mode file for STMicroelectronics.X-CUBE-AZRTOS-H7.3.4.0
2025-10-29 23:11:19,237 [WARN] PackLoader:240 - Cannot read IP mode file for STMicroelectronics.X-CUBE-DISPLAY.3.0.0
2025-10-29 23:11:19,245 [WARN] PackLoader:240 - Cannot read IP mode file for STMicroelectronics.X-CUBE-BLE1.7.0.0
2025-10-29 23:11:19,250 [WARN] PackLoader:240 - Cannot read IP mode file for STMicroelectronics.X-CUBE-NFC10.1.0.0
2025-10-29 23:11:19,259 [WARN] PackLoader:240 - Cannot read IP mode file for STMicroelectronics.X-CUBE-BLEMGR.4.0.0
2025-10-29 23:11:19,264 [WARN] PackLoader:240 - Cannot read IP mode file for STMicroelectronics.X-CUBE-ST60.1.1.0
2025-10-29 23:11:19,269 [WARN] PackLoader:240 - Cannot read IP mode file for emotas.I-CUBE-CANOPEN.1.3.0
2025-10-29 23:11:19,273 [WARN] PackLoader:240 - Cannot read IP mode file for STMicroelectronics.X-CUBE-GNSS1.7.1.0
2025-10-29 23:11:19,281 [WARN] PackLoader:240 - Cannot read IP mode file for STMicroelectronics.X-CUBE-BLEMGR.3.1.0
2025-10-29 23:11:19,286 [WARN] PackLoader:240 - Cannot read IP mode file for STMicroelectronics.X-CUBE-AI.10.0.0
2025-10-29 23:11:19,291 [WARN] PackLoader:240 - Cannot read IP mode file for STMicroelectronics.FP-SNS-STBOX1.2.1.0
2025-10-29 23:11:19,296 [WARN] PackLoader:240 - Cannot read IP mode file for STMicroelectronics.FP-SNS-SMARTAG2.1.2.0
2025-10-29 23:11:19,299 [WARN] PackLoader:240 - Cannot read IP mode file for STMicroelectronics.FP-SNS-FLIGHT1.5.1.0
2025-10-29 23:11:19,337 [WARN] PackLoader:240 - Cannot read IP mode file for STMicroelectronics.X-CUBE-MEMS1.11.1.0
2025-10-29 23:11:19,424 [INFO] LogOutputStream:77 - [STDOUT_REDIRECT] 1 : Invalid condition id : UX_CORESTACK_Condition cause : null
2025-10-29 23:11:19,425 [INFO] LogOutputStream:77 - [STDOUT_REDIRECT] 1 : Invalid condition id : UX_CORESTACK_Condition cause : null
2025-10-29 23:11:19,427 [INFO] LogOutputStream:77 - [STDOUT_REDIRECT] 1 : Invalid condition id : UX_CORESTACK_Condition cause : null
2025-10-29 23:11:19,428 [INFO] LogOutputStream:77 - [STDOUT_REDIRECT] 1 : Invalid condition id : UX_CORESTACK_Condition cause : null
2025-10-29 23:11:19,430 [INFO] LogOutputStream:77 - [STDOUT_REDIRECT] 1 : Invalid condition id : UX_CORESTACK_Condition cause : null
2025-10-29 23:11:19,433 [WARN] PackLoader:240 - Cannot read IP mode file for STMicroelectronics.X-CUBE-AZRTOS-WL.2.0.0
2025-10-29 23:11:19,436 [WARN] PackLoader:240 - Cannot read IP mode file for STMicroelectronics.FP-SNS-MOTENV1.5.0.0
2025-10-29 23:11:19,440 [WARN] PackLoader:240 - Cannot read IP mode file for wolfSSL.I-CUBE-wolfMQTT.1.19.0
2025-10-29 23:11:19,447 [WARN] PackLoader:240 - Cannot read IP mode file for WES.I-CUBE-Cesium.1.3.0
2025-10-29 23:11:19,450 [WARN] PackLoader:240 - Cannot read IP mode file for STMicroelectronics.X-CUBE-BLE2.3.3.0
2025-10-29 23:11:19,455 [WARN] PackLoader:240 - Cannot read IP mode file for STMicroelectronics.X-CUBE-NFC9.1.0.0
2025-10-29 23:11:19,459 [WARN] PackLoader:240 - Cannot read IP mode file for STMicroelectronics.X-CUBE-BLE1.7.1.0
2025-10-29 23:11:19,463 [WARN] PackLoader:240 - Cannot read IP mode file for STMicroelectronics.X-CUBE-TCPP.4.1.0
2025-10-29 23:11:19,470 [WARN] PackLoader:240 - Cannot read IP mode file for STMicroelectronics.X-CUBE-EEPRMA1.5.2.0
2025-10-29 23:11:19,476 [WARN] PackLoader:240 - Cannot read IP mode file for STMicroelectronics.X-CUBE-ST67W61.1.1.0
2025-10-29 23:11:19,479 [WARN] PackLoader:240 - Cannot read IP mode file for STMicroelectronics.X-CUBE-AI.10.1.0
2025-10-29 23:11:19,512 [WARN] PackLoader:240 - Cannot read IP mode file for STMicroelectronics.X-CUBE-MEMS1.11.2.0
2025-10-29 23:11:19,614 [WARN] PackLoader:240 - Cannot read IP mode file for STMicroelectronics.X-CUBE-AZRTOS-G0.1.1.0
2025-10-29 23:11:19,621 [WARN] PackLoader:240 - Cannot read IP mode file for STMicroelectronics.X-CUBE-SAFEA1.1.2.2
2025-10-29 23:11:19,625 [WARN] PackLoader:240 - Cannot read IP mode file for STMicroelectronics.X-CUBE-NFC4.3.0.0
2025-10-29 23:11:19,632 [WARN] PackLoader:240 - Cannot read IP mode file for EmbeddedOffice.I-CUBE-FS-RTOS.1.0.1
2025-10-29 23:11:19,636 [WARN] PackLoader:240 - Cannot read IP mode file for STMicroelectronics.X-CUBE-WB05N.2.0.0
2025-10-29 23:11:19,640 [WARN] PackLoader:240 - Cannot read IP mode file for STMicroelectronics.X-CUBE-TCPP.4.2.0
2025-10-29 23:11:19,645 [WARN] PackLoader:240 - Cannot read IP mode file for RealThread.X-CUBE-RT-Thread_Nano.4.1.1
2025-10-29 23:11:19,648 [WARN] PackLoader:240 - Cannot read IP mode file for STMicroelectronics.FP-ATR-SIGFOX1.3.2.0
2025-10-29 23:11:19,651 [WARN] PackLoader:240 - Cannot read IP mode file for wolfSSL.I-CUBE-wolfSSL.5.7.2
2025-10-29 23:11:19,655 [WARN] ConditionMgr:438 - getConditionDescription Invalid condition id : Cortex-A Device cause : null
2025-10-29 23:11:19,667 [WARN] ConditionMgr:1044 - genDependencies : Invalid condition id : Cortex-A Device cause : null
2025-10-29 23:11:19,667 [WARN] ConditionMgr:1044 - genDependencies : Invalid condition id : Cortex-A Device cause : null
2025-10-29 23:11:19,667 [WARN] ConditionMgr:1044 - genDependencies : Invalid condition id : Cortex-A Device cause : null
2025-10-29 23:11:19,672 [WARN] PackLoader:240 - Cannot read IP mode file for STMicroelectronics.X-CUBE-EEPRMA1.5.1.0
2025-10-29 23:11:19,677 [WARN] PackLoader:240 - Cannot read IP mode file for ITTIA_DB.I-CUBE-ITTIADB.8.9.0
2025-10-29 23:11:19,685 [WARN] PackLoader:240 - Cannot read IP mode file for STMicroelectronics.X-CUBE-ST67W61.1.0.0
2025-10-29 23:11:19,690 [WARN] PackLoader:240 - Cannot read IP mode file for STMicroelectronics.X-CUBE-AI.10.2.0
2025-10-29 23:11:19,710 [WARN] PackLoader:240 - Cannot read IP mode file for SEGGER.I-CUBE-embOS.1.3.1
2025-10-29 23:11:19,740 [WARN] PackLoader:240 - Cannot read IP mode file for STMicroelectronics.X-CUBE-ALGOBUILD.1.4.0
2025-10-29 23:11:19,771 [WARN] PackLoader:240 - Cannot read IP mode file for STMicroelectronics.X-CUBE-MEMS1.11.3.0
2025-10-29 23:11:19,857 [WARN] PackLoader:240 - Cannot read IP mode file for STMicroelectronics.X-CUBE-AI.9.1.0
2025-10-29 23:11:19,861 [WARN] PackLoader:240 - Cannot read IP mode file for STMicroelectronics.X-CUBE-PM33A1.1.0.0
2025-10-29 23:11:19,871 [WARN] PackLoader:240 - Cannot read IP mode file for STMicroelectronics.X-CUBE-AZRTOS-F4.1.1.0
2025-10-29 23:11:19,876 [WARN] PackLoader:240 - Cannot read IP mode file for Avnet-IotConnect.X-CUBE-IoTC-DA16k-PMOD.1.0.0
2025-10-29 23:11:19,879 [WARN] PackLoader:240 - Cannot read IP mode file for STMicroelectronics.X-CUBE-ISPU.2.1.0
2025-10-29 23:11:19,887 [WARN] PackLoader:240 - Cannot read IP mode file for STMicroelectronics.X-CUBE-IPS.3.2.0
2025-10-29 23:11:19,897 [WARN] PackLoader:240 - Cannot read IP mode file for STMicroelectronics.X-CUBE-FREERTOS.1.2.0
2025-10-29 23:11:19,902 [WARN] PackLoader:240 - Cannot read IP mode file for STMicroelectronics.X-CUBE-NFC12.1.0.0
2025-10-29 23:11:19,917 [WARN] PackLoader:240 - Cannot read IP mode file for STMicroelectronics.X-CUBE-AZRTOS-L5.2.0.0
2025-10-29 23:11:19,924 [WARN] PackLoader:240 - Cannot read IP mode file for STMicroelectronics.X-CUBE-NFC6.3.1.0
2025-10-29 23:11:19,929 [WARN] PackLoader:240 - Cannot read IP mode file for STMicroelectronics.X-CUBE-DPower.1.2.0
2025-10-29 23:11:19,932 [WARN] PackLoader:240 - Cannot read IP mode file for STMicroelectronics.X-CUBE-FREERTOS.1.3.1
2025-10-29 23:11:19,935 [WARN] PackLoader:240 - Cannot read IP mode file for STMicroelectronics.X-CUBE-FREERTOS.1.3.0
2025-10-29 23:11:19,939 [WARN] PackLoader:240 - Cannot read IP mode file for STMicroelectronics.X-CUBE-NFC7.1.0.1
2025-10-29 23:11:19,944 [WARN] PackLoader:240 - Cannot read IP mode file for STMicroelectronics.X-CUBE-TOUCHGFX.4.26.0
2025-10-29 23:11:19,948 [WARN] PackLoader:240 - Cannot read IP mode file for STMicroelectronics.FP-SNS-STAIOTCFT.1.0.0
2025-10-29 23:11:19,951 [WARN] PackLoader:240 - Cannot read IP mode file for STMicroelectronics.X-CUBE-DPower.1.3.0
2025-10-29 23:11:19,962 [WARN] ConditionMgr:438 - getConditionDescription Invalid condition id : LAN8742 Phy interface Condition cause : null
2025-10-29 23:11:19,963 [WARN] PackLoader:240 - Cannot read IP mode file for STMicroelectronics.X-CUBE-AZRTOS-L4.2.0.0
2025-10-29 23:11:19,963 [WARN] ConditionMgr:1044 - genDependencies : Invalid condition id : LAN8742 Phy interface Condition cause : null
2025-10-29 23:11:19,964 [WARN] ConditionMgr:1044 - genDependencies : Invalid condition id : LAN8742 Phy interface Condition cause : null
2025-10-29 23:11:19,964 [WARN] ConditionMgr:1044 - genDependencies : Invalid condition id : LAN8742 Phy interface Condition cause : null
2025-10-29 23:11:19,970 [WARN] PackLoader:240 - Cannot read IP mode file for STMicroelectronics.X-CUBE-SFXS2LP1.4.0.0
2025-10-29 23:11:19,982 [WARN] PackLoader:240 - Cannot read IP mode file for STMicroelectronics.X-CUBE-AZRTOS-H7.3.3.0
2025-10-29 23:11:19,991 [WARN] PackLoader:240 - Cannot read IP mode file for STMicroelectronics.X-CUBE-BLEMGR.4.1.0
2025-10-29 23:11:19,999 [WARN] PackLoader:240 - Cannot read IP mode file for STMicroelectronics.X-CUBE-IPS.3.0.0
2025-10-29 23:11:20,009 [WARN] ConditionMgr:438 - getConditionDescription Invalid condition id : UX DEVICE CLASS RTOS Condition cause : null
2025-10-29 23:11:20,009 [WARN] ConditionMgr:438 - getConditionDescription Invalid condition id : UX DEVICE CLASS RTOS Condition cause : null
2025-10-29 23:11:20,010 [WARN] PackLoader:240 - Cannot read IP mode file for STMicroelectronics.X-CUBE-AZRTOS-WB.2.0.0
2025-10-29 23:11:20,010 [WARN] ConditionMgr:1044 - genDependencies : Invalid condition id : UX DEVICE CLASS RTOS Condition cause : null
2025-10-29 23:11:20,010 [WARN] ConditionMgr:1044 - genDependencies : Invalid condition id : UX DEVICE CLASS RTOS Condition cause : null
2025-10-29 23:11:20,010 [WARN] ConditionMgr:1044 - genDependencies : Invalid condition id : UX DEVICE CLASS RTOS Condition cause : null
2025-10-29 23:11:20,011 [WARN] ConditionMgr:1044 - genDependencies : Invalid condition id : UX DEVICE CLASS RTOS Condition cause : null
2025-10-29 23:11:20,011 [WARN] ConditionMgr:1044 - genDependencies : Invalid condition id : UX DEVICE CLASS RTOS Condition cause : null
2025-10-29 23:11:20,014 [WARN] PackLoader:240 - Cannot read IP mode file for STMicroelectronics.X-CUBE-GNSS1.7.0.0
2025-10-29 23:11:20,018 [WARN] PackLoader:240 - Cannot read IP mode file for STMicroelectronics.X-CUBE-GNSS1.7.0.1
2025-10-29 23:11:20,021 [WARN] PackLoader:240 - Cannot read IP mode file for STMicroelectronics.X-CUBE-TOUCHGFX.4.25.0
2025-10-29 23:11:20,024 [WARN] PackLoader:240 - Cannot read IP mode file for STMicroelectronics.FP-SNS-STBOX1.2.0.0
2025-10-29 23:11:20,033 [WARN] PackLoader:240 - Cannot read IP mode file for STMicroelectronics.X-CUBE-SUBG2.5.0.0
2025-10-29 23:11:20,045 [WARN] PackLoader:240 - Cannot read IP mode file for STMicroelectronics.X-CUBE-AZRTOS-H7RS.1.1.0
2025-10-29 23:11:20,051 [WARN] PackLoader:240 - Cannot read IP mode file for Cesanta.I-CUBE-Mongoose.7.13.0
2025-10-29 23:11:20,059 [WARN] PackLoader:240 - Cannot read IP mode file for STMicroelectronics.X-CUBE-AZRTOS-G4.2.0.0
2025-10-29 23:11:20,064 [WARN] PackLoader:240 - Cannot read IP mode file for STMicroelectronics.X-CUBE-NFC7.2.0.0
2025-10-29 23:11:20,071 [WARN] PackLoader:240 - Cannot read IP mode file for STMicroelectronics.X-CUBE-IPS.3.1.0
2025-10-29 23:11:20,077 [WARN] PackLoader:240 - Cannot read IP mode file for STMicroelectronics.X-CUBE-ALS.1.0.2
2025-10-29 23:11:20,080 [WARN] PackLoader:240 - Cannot read IP mode file for STMicroelectronics.X-CUBE-TOUCHGFX.4.24.2
2025-10-29 23:11:20,082 [WARN] PackLoader:240 - Cannot read IP mode file for STMicroelectronics.X-CUBE-TOUCHGFX.4.24.1
2025-10-29 23:11:20,086 [WARN] PackLoader:240 - Cannot read IP mode file for STMicroelectronics.X-CUBE-STSE01.1.0.0
2025-10-29 23:11:20,091 [WARN] PackLoader:240 - Cannot read IP mode file for wolfSSL.I-CUBE-wolfTPM.3.4.0
2025-10-29 23:11:20,095 [WARN] PackLoader:240 - Cannot read IP mode file for portGmbH.I-Cube-SoM-uGOAL.1.1.0
2025-10-29 23:11:20,105 [WARN] PackLoader:240 - Cannot read IP mode file for STMicroelectronics.X-CUBE-AZRTOS-H7RS.1.0.0
2025-10-29 23:11:20,109 [WARN] PackLoader:240 - Cannot read IP mode file for STMicroelectronics.FP-ATR-ASTRA1.2.0.0
2025-10-29 23:11:20,115 [WARN] PackLoader:240 - Cannot read IP mode file for STMicroelectronics.X-CUBE-TOF1.3.4.2
2025-10-29 23:11:20,132 [WARN] PackLoader:240 - Cannot read IP mode file for STMicroelectronics.X-CUBE-TOF1.3.4.3
2025-10-29 23:11:20,152 [WARN] PackLoader:240 - Cannot read IP mode file for Infineon.AIROC-Wi-Fi-Bluetooth-STM32.1.6.1
2025-10-29 23:11:20,166 [WARN] PackLoader:240 - Cannot read IP mode file for wolfSSL.I-CUBE-wolfSSH.1.4.17
2025-10-29 23:11:20,167 [INFO] ThirdParty:978 - Integrity check success = true
2025-10-29 23:11:20,167 [INFO] IntegrityCheckThread:100 - exiting critical section [integrity check]
2025-10-29 23:11:20,167 [INFO] IntegrityCheckThread:103 - End integrity checks thread
2025-10-29 23:11:20,167 [INFO] ThirdParty:873 - entering critical section [close project]
2025-10-29 23:11:20,169 [INFO] ThirdParty:883 - exiting critical section [close project]
2025-10-29 23:11:20,174 [INFO] PinOutPanel:1589 - setPackage(No Configuration,No Configuration)
2025-10-29 23:11:20,175 [INFO] UtilMem:75 - Begin LoadConfig() Used Memory: 151314328 Bytes (273678336)
2025-10-29 23:11:20,185 [INFO] MicroXplorer:468 - Change Database Path : C:/Users/Miloush/.stm32cubemx/databases/DB.6.0.130/db/
2025-10-29 23:11:20,185 [INFO] MicroXplorer:498 - Change Database Version : DB.6.0.130
2025-10-29 23:18:45,173 [INFO] MicroXplorer:468 - Change Database Path : 
2025-10-29 23:18:45,173 [INFO] MicroXplorer:498 - Change Database Version : DB.6.0.150
2025-10-29 23:18:45,173 [INFO] OpenFileManager:355 - Change cursor
2025-10-29 23:18:45,188 [INFO] Mcu:2029 - Initializing MCU STM32G431R(6-8-B)Tx STM32G431RBTx STM32G431RBT6
2025-10-29 23:18:47,096 [INFO] Context:786 - Trying to add GPIOservice into a context  which must be forbidden
2025-10-29 23:18:47,755 [INFO] Rule:233 - rule Adapt Old IOC before rework replace old CORTEX_M33/CORTEX_M55 attributes by the new one. is applicable
2025-10-29 23:18:47,756 [INFO] Rule:233 - rule Rename parametre of RCC RCC_APBDBG_DIV2 to RCC_TIMPRES_DIV2 is applicable
2025-10-29 23:18:47,756 [INFO] Rule:233 - rule Rename DIE493 pin PA10 [PA12] -> PA10 is applicable
2025-10-29 23:18:47,756 [INFO] Rule:233 - rule Rename DIE493 pin PA9 [PA11] -> PA9 is applicable
2025-10-29 23:18:47,756 [INFO] Rule:233 - rule Rename DIE492 PartNumber CPN STM32WBA5MJGHx -> STM32WBA5MMGHx is applicable
2025-10-29 23:18:47,756 [INFO] Rule:233 - rule Rename DIE492 PartNumber  Name STM32WBA5MJGHx -> STM32WBA5MMGHx is applicable
2025-10-29 23:18:47,756 [INFO] Rule:233 - rule Rename DIE492 PartNumber UserName STM32WBA5MJGHx -> STM32WBA5MMGHx is applicable
2025-10-29 23:18:47,756 [INFO] Rule:233 - rule Rename DIE492 PartNumber DeviceId STM32WBA5MJGHx -> STM32WBA5MMGHx is applicable
2025-10-29 23:18:47,756 [INFO] Rule:233 - rule Adapt Old IOC CSI. is applicable
2025-10-29 23:18:47,756 [INFO] Rule:233 - rule Adapt Old IOC DCMIPP. is applicable
2025-10-29 23:18:47,756 [INFO] Rule:233 - rule Adapt Old IOC DCMIPP Mode Parallel. is applicable
2025-10-29 23:18:47,757 [INFO] Rule:233 - rule Adapt Old IOC LTDC. is applicable
2025-10-29 23:18:47,757 [INFO] Rule:233 - rule Rename STM32MP2 RIF Peripheral LTDC RIF.RISUP.LTDC_L0L1.Privilege -> RIF.RISUP.LTDC_L1L2.Privilege is applicable
2025-10-29 23:18:47,757 [INFO] Rule:233 - rule Rename STM32MP2 RIF Peripheral LTDC RIF.RISUP.LTDC_L0L1.Privilege -> RIF.RISUP.LTDC_L1L2.Privilege is applicable
2025-10-29 23:18:47,757 [INFO] Rule:233 - rule Rename STM32MP2 RIF Peripheral LTDC RIF.RISUP.LTDC_L0L1.Lock -> RIF.RISUP.LTDC_L1L2.Lock is applicable
2025-10-29 23:18:47,757 [INFO] Rule:233 - rule Rename STM32MP2 RIF Peripheral LTDC RIF.RISUP.LTDC_L2.Lock -> RIF.RISUP.LTDC_L3.Lock is applicable
2025-10-29 23:18:47,757 [INFO] Rule:233 - rule Adapt the old IOC example for updating the SYS when it is misconfigured. is applicable
2025-10-29 23:18:47,757 [INFO] Rule:233 - rule Rename STM32C09 Mcu.Package LQFP64 -> LQFP48 is applicable
2025-10-29 23:18:47,757 [INFO] Rule:233 - rule Adapt the old IOC example for updating the SYS when it is misconfigured. is applicable
2025-10-29 23:18:47,757 [INFO] Rule:233 - rule Adapt the old IOC example for updating the SYS when it is misconfigured. is applicable
2025-10-29 23:18:47,762 [INFO] DbConfProperties:307 - Apply Compatibility (4/20 Rules)
2025-10-29 23:18:47,894 [INFO] ApiDbMcu:532 - Load IP Config File for NUCLEO-G431RB
2025-10-29 23:18:47,980 [INFO] ImportTextPane:234 - (OptionalMessage_ERROR) Pin27 (VP_RIF_VS_RIF1) cannot be retrieved for this MCU
2025-10-29 23:18:48,199 [INFO] RtosManager:558 - Registered RTOS mode: class=CMSIS, group=RTOS, mode=CMSIS_V1, owner=FREERTOS
2025-10-29 23:18:48,199 [INFO] RtosManager:558 - Registered RTOS mode: class=CMSIS, group=RTOS2, mode=CMSIS_V2, owner=FREERTOS
2025-10-29 23:18:48,199 [INFO] RtosManager:558 - Registered RTOS mode: class=RTOS, group=Core, mode=CMSIS_V1, owner=FREERTOS
2025-10-29 23:18:48,199 [INFO] RtosManager:558 - Registered RTOS mode: class=RTOS, group=Core, mode=CMSIS_V2, owner=FREERTOS
2025-10-29 23:18:48,199 [WARN] ModelIntegratedComponent:184 - Missing modes for component STMicroelectronics:FreeRTOS:0.0.1:STMicroelectronics:RTOS:FreeRTOS:Core:::10.2.0:
2025-10-29 23:18:48,206 [WARN] ModelIntegratedComponent:63 - No mode defined for component null
2025-10-29 23:18:48,207 [WARN] ModelIntegratedComponent:63 - No mode defined for component null
2025-10-29 23:18:48,207 [WARN] ModelIntegratedComponent:63 - No mode defined for component null
2025-10-29 23:18:48,207 [WARN] ModelIntegratedComponent:63 - No mode defined for component null
2025-10-29 23:18:48,207 [WARN] ModelIntegratedComponent:63 - No mode defined for component null
2025-10-29 23:18:48,207 [WARN] ModelIntegratedComponent:63 - No mode defined for component null
2025-10-29 23:18:48,207 [WARN] ModelIntegratedComponent:63 - No mode defined for component null
2025-10-29 23:18:48,207 [WARN] ModelIntegratedComponent:63 - No mode defined for component null
2025-10-29 23:18:48,207 [WARN] ModelIntegratedComponent:63 - No mode defined for component null
2025-10-29 23:18:48,207 [WARN] ModelIntegratedComponent:63 - No mode defined for component null
2025-10-29 23:18:48,207 [WARN] ModelIntegratedComponent:63 - No mode defined for component null
2025-10-29 23:18:48,207 [WARN] ModelIntegratedComponent:63 - No mode defined for component null
2025-10-29 23:18:48,207 [WARN] ModelIntegratedComponent:63 - No mode defined for component null
2025-10-29 23:18:48,207 [WARN] ModelIntegratedComponent:63 - No mode defined for component null
2025-10-29 23:18:48,207 [WARN] ModelIntegratedComponent:63 - No mode defined for component null
2025-10-29 23:18:48,208 [WARN] ModelIntegratedComponent:63 - No mode defined for component null
2025-10-29 23:18:48,208 [WARN] ModelIntegratedComponent:63 - No mode defined for component null
2025-10-29 23:18:48,208 [WARN] ModelIntegratedComponent:63 - No mode defined for component null
2025-10-29 23:18:48,208 [WARN] ModelIntegratedComponent:63 - No mode defined for component null
2025-10-29 23:18:48,208 [WARN] ModelIntegratedComponent:63 - No mode defined for component null
2025-10-29 23:18:48,208 [WARN] ModelIntegratedComponent:63 - No mode defined for component null
2025-10-29 23:18:48,208 [WARN] ModelIntegratedComponent:63 - No mode defined for component null
2025-10-29 23:18:48,208 [WARN] ModelIntegratedComponent:63 - No mode defined for component null
2025-10-29 23:18:48,208 [WARN] ModelIntegratedComponent:63 - No mode defined for component null
2025-10-29 23:18:48,208 [WARN] ModelIntegratedComponent:63 - No mode defined for component null
2025-10-29 23:18:48,208 [WARN] ModelIntegratedComponent:63 - No mode defined for component null
2025-10-29 23:18:48,208 [WARN] ModelIntegratedComponent:63 - No mode defined for component null
2025-10-29 23:18:48,208 [WARN] ModelIntegratedComponent:63 - No mode defined for component null
2025-10-29 23:18:48,209 [WARN] ModelIntegratedComponent:63 - No mode defined for component null
2025-10-29 23:18:48,209 [WARN] ModelIntegratedComponent:63 - No mode defined for component null
2025-10-29 23:18:48,209 [WARN] ModelIntegratedComponent:63 - No mode defined for component null
2025-10-29 23:18:48,209 [WARN] ModelIntegratedComponent:63 - No mode defined for component null
2025-10-29 23:18:48,209 [WARN] ModelIntegratedComponent:63 - No mode defined for component null
2025-10-29 23:18:48,209 [WARN] ModelIntegratedComponent:63 - No mode defined for component null
2025-10-29 23:18:48,209 [WARN] ModelIntegratedComponent:63 - No mode defined for component null
2025-10-29 23:18:48,209 [WARN] ModelPack:524 - Component already loaded: STMicroelectronics:HAL Drivers:0.0.0:STMicroelectronics:Device:STMicro_Driver:XSPI:HAL::0.0.1:HAL_XSPI
2025-10-29 23:18:48,369 [INFO] ThirdPartyModel:298 - Start build external matchings
2025-10-29 23:18:49,399 [INFO] ThirdPartyModel:316 - End build external matchings
2025-10-29 23:18:49,431 [INFO] ImportTextPane:234 - (OptionalMessage_ERROR) IP (ADC1) : Parameter (CommonPathInternal) has invalid value (null|null|null|null)
2025-10-29 23:18:49,433 [INFO] ImportTextPane:234 - (OptionalMessage_ERROR) IP (RCC) : Invalid parameter (FamilyName)
2025-10-29 23:18:49,433 [INFO] ImportTextPane:234 - (OptionalMessage_ERROR) IP (RCC) : Parameter (RNGFreq_Value) has invalid value (170000000)
2025-10-29 23:18:49,434 [INFO] ImportTextPane:234 - (OptionalMessage_ERROR) IP (RCC) : Parameter (USBFreq_Value) has invalid value (170000000)
2025-10-29 23:18:49,805 [INFO] ApiDb:581 - Connected to CubeFinder SQLite database (C:\Users\Miloush\.stmcufinder\plugins\mcufinder\mcu\cube-finder-db.db)
2025-10-29 23:18:49,885 [INFO] ApiDb:668 - CubeFinder database Data Model version=2.1
2025-10-29 23:18:49,885 [INFO] ApiDb:669 - CubeFinder database Configuration version=3.0.39
2025-10-29 23:18:49,885 [INFO] ApiDb:670 - CubeFinder database generation date=2025-08-25 (1756130511)
2025-10-29 23:18:49,885 [INFO] ApiDb:671 - CubeFinder database FW Pack versions=[FP-ATR-ASTRA1_V2.0.0, FP-SNS-FLIGHT1_V5.1.0, FP-SNS-MOTENV1_V5.0.0, FP-SNS-MOTENVWB1_V1.4.0, FP-SNS-SMARTAG2_V1.2.0, FP-SNS-STBOX1_V2.1.0, STM32Cube_FW_C0_V1.4.0, STM32Cube_FW_F4_V1.28.3, STM32Cube_FW_F7_V1.17.4, STM32Cube_FW_G0_V1.6.2, STM32Cube_FW_G4_V1.6.1, STM32Cube_FW_H5_V1.5.0, STM32Cube_FW_H7RS_V1.2.0, STM32Cube_FW_H7_V1.12.1, STM32Cube_FW_L0_V1.12.2, STM32Cube_FW_L4_V1.18.1, STM32Cube_FW_L5_V1.5.1, STM32Cube_FW_N6_V1.2.0, STM32Cube_FW_U0_V1.3.0, STM32Cube_FW_U3_V1.2.0, STM32Cube_FW_U5_V1.8.0, STM32Cube_FW_WB0_V1.3.0, STM32Cube_FW_WBA_V1.7.0, STM32Cube_FW_WB_V1.23.0, STM32Cube_FW_WL3_V1.2.0, STM32Cube_FW_WL_V1.3.1, X-CUBE-ALGOBUILD_V1.4.0, X-CUBE-ALS_V1.0.2, X-CUBE-AZRTOS-F4_V1.1.0, X-CUBE-AZRTOS-F7_V1.1.0, X-CUBE-AZRTOS-G0_V1.1.0, X-CUBE-AZRTOS-G4_V2.0.0, X-CUBE-AZRTOS-H7RS_V1.1.0, X-CUBE-AZRTOS-H7_V3.4.0, X-CUBE-AZRTOS-L4_V2.0.0, X-CUBE-AZRTOS-L5_V2.0.0, X-CUBE-AZRTOS-WB_V2.0.0, X-CUBE-AZRTOS-WL_V2.0.0, X-CUBE-BLE1_V7.1.0, X-CUBE-BLE2_V3.3.0, X-CUBE-BLEMGR_V4.1.0, X-CUBE-EEPRMA1_V5.2.0, X-CUBE-FREERTOS_V1.3.1, X-CUBE-GNSS1_V6.0.0, X-CUBE-MEMS1_V11.3.0, X-CUBE-NFC4_V3.0.0, X-CUBE-NFC7_V2.0.0, X-CUBE-SFXS2LP1_V4.0.0, X-CUBE-ST67W61_V1.0.0, X-CUBE-SUBG2_V5.0.0, X-CUBE-TOF1_V3.4.3]
2025-10-29 23:18:49,986 [INFO] DbBoardsSqlite:226 - include board P-NUCLEO-WB55-NUCLEO as a kit item of type 'Nucleo-64'
2025-10-29 23:18:49,986 [INFO] DbBoardsSqlite:226 - include board P-NUCLEO-WB55-USBDONGLE as a kit item of type 'Nucleo USB Dongle'
2025-10-29 23:18:49,987 [INFO] DbBoardsSqlite:226 - include board STEVAL-IDP005V1 as a kit item of type 'Evaluation Board'
2025-10-29 23:18:49,988 [INFO] DbBoardsSqlite:226 - include board STEVAL-IDP005V2 as a kit item of type 'Evaluation Board'
2025-10-29 23:18:50,329 [INFO] ApiDb:240 - Found 880 in-development CPN: [B-G473E-ZEST1S, B-WB1M-WPAN1, B-WBA5M-WPAN, B-WL5M-SUBG1, NUCLEO-C031C6, NUCLEO-C051C8, NUCLEO-C071RB, NUCLEO-C092RC, NUCLEO-H503RB, NUCLEO-H533RE, NUCLEO-H563ZI, NUCLEO-H7S3L8, NUCLEO-N657X0-Q, NUCLEO-U031R8, NUCLEO-U083RC, NUCLEO-U385RG-Q, NUCLEO-U545RE-Q, NUCLEO-U5A5ZJ-Q, NUCLEO-WB05KZ, NUCLEO-WB07CC, NUCLEO-WB09KE, NUCLEO-WBA52CG, NUCLEO-WBA55CG, NUCLEO-WL33CC1, NUCLEO-WL33CC2, STEVAL-PROTEUS1, STEVAL-SMARTAG2, STEVAL-STWINBX1, STM320518-EVAL, STM32C0116-DK, STM32C011D6Y3TR, STM32C011D6Y6TR, STM32C011F4P3, STM32C011F4P6, STM32C011F4U3, STM32C011F4U6TR, STM32C011F6P3, STM32C011F6P6, STM32C011F6U3, STM32C011F6U6TR, STM32C011J4M3, STM32C011J4M6, STM32C011J6M3, STM32C011J6M6, STM32C0316-DK, STM32C031C4T3, STM32C031C4T6, STM32C031C4U3, STM32C031C4U6, STM32C031C6T3, STM32C031C6T6, STM32C031C6U3, STM32C031C6U6, STM32C031F4P3, STM32C031F4P6, STM32C031F6P3, STM32C031F6P6, STM32C031G4U3, STM32C031G4U6, STM32C031G6U3, STM32C031G6U6, STM32C031K4T3, STM32C031K4T6, STM32C031K4U3, STM32C031K4U6, STM32C031K6T3, STM32C031K6T6, STM32C031K6U3, STM32C031K6U6, STM32C051C6T6, STM32C051C6U6, STM32C051C8T6, STM32C051C8U6, STM32C051D8Y6TR, STM32C051F6P6, STM32C051F8P6, STM32C051G6U6, STM32C051G8U6, STM32C051K6T6, STM32C051K6U6, STM32C051K8T6, STM32C071C8T6, STM32C071C8T6N, STM32C071C8U6, STM32C071C8U6N, STM32C071CBT6, STM32C071CBT6N, STM32C071CBU6, STM32C071CBU6N, STM32C071F8P6, STM32C071F8P6N, STM32C071FBP6, STM32C071FBP6N, STM32C071FBY6TR, STM32C071G8U6, STM32C071G8U6N, STM32C071GBU6, STM32C071GBU6N, STM32C071K8T6, STM32C071K8T6N, STM32C071K8U6, STM32C071K8U6N, STM32C071KBT6, STM32C071KBT6N, STM32C071KBU6, STM32C071KBU6N, STM32C071R8T6, STM32C071R8T6N, STM32C071RBI6N, STM32C071RBT6, STM32C071RBT6N, STM32C091CBT6, STM32C091CBU6, STM32C091CCT6, STM32C091CCU6, STM32C091ECY6TR, STM32C091FBP6, STM32C091FCP6, STM32C091GBU6, STM32C091GCU6, STM32C091KBT6, STM32C091KBU6, STM32C091KCT6, STM32C091KCU6, STM32C091RBT6, STM32C091RCI6, STM32C091RCT6, STM32C092CBT6, STM32C092CBU6, STM32C092CCT6, STM32C092CCU6, STM32C092ECY6TR, STM32C092FBP6, STM32C092FCP6, STM32C092GBU6, STM32C092GCU6, STM32C092KBT6, STM32C092KBU6, STM32C092KCT6, STM32C092KCU6, STM32C092RBT6, STM32C092RCI6, STM32C092RCT6, STM32G071K8TXN, STM32G071K8UXN, STM32G081GBU6N, STM32G081KBT6N, STM32G081KBUXN, STM32G0B1CCT6N, STM32G0B1KCT6, STM32G0B1NEY6TR, STM32G0B1RCT6N, STM32G0C1CCT6, STM32G0C1CCT6N, STM32G0C1CCU6N, STM32G0C1CET6N, STM32G0C1CEU6N, STM32G0C1KCT6, STM32G0C1NEY6TR, STM32G0C1RCI6N, STM32G0C1RCT6N, STM32G0C1REI6N, STM32G0C1RET6N, STM32G0C1VCI6, STM32G0C1VEI6, STM32G411C6T3, STM32G411C6T6, STM32G411C6U3, STM32G411C6U6, STM32G411C8T3, STM32G411C8T6, STM32G411C8U3, STM32G411C8U6, STM32G411CBT3, STM32G411CBT6, STM32G411CBU3, STM32G411CBU6, STM32G411K6T3, STM32G411K6T6, STM32G411K6U3, STM32G411K6U6, STM32G411K8T3, STM32G411K8T6, STM32G411K8U3, STM32G411K8U6, STM32G411KBT3, STM32G411KBT6, STM32G411KBU3, STM32G411KBU6, STM32G411M6T3, STM32G411M6T6, STM32G411M8T3, STM32G411M8T6, STM32G411MBT3, STM32G411MBT6, STM32G411R6T3, STM32G411R6T6, STM32G411R8T3, STM32G411R8T6, STM32G411RBT3, STM32G411RBT6, STM32G414CBT3, STM32G414CBT6, STM32G414CBU3, STM32G414CBU6, STM32G414CCT3, STM32G414CCT6, STM32G414CCU3, STM32G414CCU6, STM32G414MBT3, STM32G414MBT6, STM32G414MCT3, STM32G414MCT6, STM32G414RBT3, STM32G414RBT6, STM32G414RCT3, STM32G414RCT6, STM32G414VBT3, STM32G414VBT6, STM32G414VCT3, STM32G414VCT6, STM32G431CBT3Z, STM32G431RBT3Z, STM32G471CCT6, STM32G471CCU6, STM32G471CET3, STM32G471CET6, STM32G471CEU3, STM32G471CEU6, STM32G471MCT6, STM32G471MET3, STM32G471MET6, STM32G471MEY6TR, STM32G471QCT6, STM32G471QET3, STM32G471RCT6, STM32G471RET3, STM32G471RET6, STM32G471VCH6, STM32G471VCI6, STM32G471VCT6, STM32G471VEH3, STM32G471VEH6, STM32G471VEI3, STM32G471VEI6, STM32G471VET3, STM32G471VET6, STM32G473QET3Z, STM32G473RET3Z, STM32G474CCT6, STM32G491RET3Z, STM32H503CBT6, STM32H503CBU6, STM32H503EBY6TR, STM32H503KBU6, STM32H503RBT6, STM32H523CCT6, STM32H523CCU6, STM32H523CET6, STM32H523CEU6, STM32H523HEY6TR, STM32H523RCT6, STM32H523RET6, STM32H523VCI6, STM32H523VCT6, STM32H523VEI6, STM32H523VET6, STM32H523ZCJ6, STM32H523ZCT6, STM32H523ZEJ6, STM32H523ZET6, STM32H533CET6, STM32H533CEU6, STM32H533HEY6TR, STM32H533RET6, STM32H533VEI6, STM32H533VET6, STM32H533ZEJ6, STM32H533ZET6, STM32H562AGI6, STM32H562AII6, STM32H562IGK6, STM32H562IGT6, STM32H562IIK6, STM32H562IIT6, STM32H562RGT6, STM32H562RGV6, STM32H562RIT6, STM32H562RIV6, STM32H562VGT6, STM32H562VIT6, STM32H562ZGT6, STM32H562ZIT6, STM32H563AGI6, STM32H563AII3Q, STM32H563AII6, STM32H563IGK6, STM32H563IGT6, STM32H563IIK3Q, STM32H563IIK6, STM32H563IIT3Q, STM32H563IIT6, STM32H563MIY3QTR, STM32H563RGT6, STM32H563RGV6, STM32H563RIT6, STM32H563RIV6, STM32H563VGT6, STM32H563VIT3Q, STM32H563VIT6, STM32H563ZGT6, STM32H563ZIT3Q, STM32H563ZIT6, STM32H573AII3Q, STM32H573AII6, STM32H573I-DK, STM32H573IIK3Q, STM32H573IIK6, STM32H573IIT3Q, STM32H573IIT6, STM32H573MIY3QTR, STM32H573RIT6, STM32H573RIV6, STM32H573VIT3Q, STM32H573VIT6, STM32H573ZIT3Q, STM32H573ZIT6, STM32H7R3A8I6, STM32H7R3I8K6, STM32H7R3I8T6, STM32H7R3L8H6, STM32H7R3L8H6H, STM32H7R3R8V6, STM32H7R3V8H6, STM32H7R3V8T6, STM32H7R3V8Y6TR, STM32H7R3Z8J6, STM32H7R3Z8T6, STM32H7R7A8I6, STM32H7R7I8K6, STM32H7R7I8T6, STM32H7R7L8H6, STM32H7R7L8H6H, STM32H7R7Z8J6, STM32H7S3A8I6, STM32H7S3I8K6, STM32H7S3I8T6, STM32H7S3L8H6, STM32H7S3L8H6H, STM32H7S3R8V6, STM32H7S3V8H6, STM32H7S3V8T6, STM32H7S3V8Y6TR, STM32H7S3Z8J6, STM32H7S3Z8T6, STM32H7S78-DK, STM32H7S7A8I6, STM32H7S7I8K6, STM32H7S7I8T6, STM32H7S7L8H6, STM32H7S7L8H6H, STM32H7S7Z8J6, STM32L4R5QGI6STR, STM32MP131AAE3, STM32MP131AAF3, STM32MP131AAG3, STM32MP131CAE3, STM32MP131CAF3, STM32MP131CAG3, STM32MP131DAE7, STM32MP131DAF7, STM32MP131DAG7, STM32MP131FAE7, STM32MP131FAF7, STM32MP131FAG7, STM32MP133AAE3, STM32MP133AAF3, STM32MP133AAG3, STM32MP133CAE3, STM32MP133CAF3, STM32MP133CAG3, STM32MP133DAE7, STM32MP133DAF7, STM32MP133DAG7, STM32MP133FAE7, STM32MP133FAF7, STM32MP133FAG7, STM32MP135AAE3, STM32MP135AAF3, STM32MP135AAG3, STM32MP135CAE3, STM32MP135CAF3, STM32MP135CAG3, STM32MP135DAE7, STM32MP135DAF7, STM32MP135DAG7, STM32MP135F-DK, STM32MP135FAE7, STM32MP135FAF7, STM32MP135FAF7T, STM32MP135FAF7U, STM32MP135FAG7, STM32MP211AAL3, STM32MP211AAM3, STM32MP211AAN3, STM32MP211AAO3, STM32MP211CAL3, STM32MP211CAM3, STM32MP211CAN3, STM32MP211CAO3, STM32MP211DAL3, STM32MP211DAM3, STM32MP211DAN3, STM32MP211DAO3, STM32MP211FAL3, STM32MP211FAM3, STM32MP211FAN3, STM32MP211FAO3, STM32MP213AAL3, STM32MP213AAM3, STM32MP213AAN3, STM32MP213AAO3, STM32MP213CAL3, STM32MP213CAM3, STM32MP213CAN3, STM32MP213CAO3, STM32MP213DAL3, STM32MP213DAM3, STM32MP213DAN3, STM32MP213DAO3, STM32MP213FAL3, STM32MP213FAM3, STM32MP213FAN3, STM32MP213FAO3, STM32MP215AAL3, STM32MP215AAM3, STM32MP215AAN3, STM32MP215AAO3, STM32MP215CAL3, STM32MP215CAM3, STM32MP215CAN3, STM32MP215CAO3, STM32MP215DAL3, STM32MP215DAM3, STM32MP215DAN3, STM32MP215DAO3, STM32MP215F-DK, STM32MP215FAL3, STM32MP215FAM3, STM32MP215FAN3, STM32MP215FAO3, STM32MP231AAJ3, STM32MP231AAK3, STM32MP231AAL3, STM32MP231CAJ3, STM32MP231CAK3, STM32MP231CAL3, STM32MP231DAJ3, STM32MP231DAK3, STM32MP231DAL3, STM32MP231FAJ3, STM32MP231FAK3, STM32MP231FAL3, STM32MP233AAJ3, STM32MP233AAK3, STM32MP233AAL3, STM32MP233CAJ3, STM32MP233CAK3, STM32MP233CAL3, STM32MP233DAJ3, STM32MP233DAK3, STM32MP233DAL3, STM32MP233FAJ3, STM32MP233FAK3, STM32MP233FAL3, STM32MP235AAJ3, STM32MP235AAK3, STM32MP235AAL3, STM32MP235CAJ3, STM32MP235CAK3, STM32MP235CAL3, STM32MP235DAJ3, STM32MP235DAK3, STM32MP235DAL3, STM32MP235FAJ3, STM32MP235FAK3, STM32MP235FAL3, STM32MP251AAI3, STM32MP251AAK3, STM32MP251AAL3, STM32MP251CAI3, STM32MP251CAK3, STM32MP251CAL3, STM32MP251DAI3, STM32MP251DAK3, STM32MP251DAL3, STM32MP251FAI3, STM32MP251FAK3, STM32MP251FAL3, STM32MP253AAI3, STM32MP253AAK3, STM32MP253AAL3, STM32MP253CAI3, STM32MP253CAK3, STM32MP253CAL3, STM32MP253DAI3, STM32MP253DAK3, STM32MP253DAL3, STM32MP253FAI3, STM32MP253FAK3, STM32MP253FAL3, STM32MP255AAI3, STM32MP255AAK3, STM32MP255AAL3, STM32MP255CAI3, STM32MP255CAK3, STM32MP255CAL3, STM32MP255DAI3, STM32MP255DAK3, STM32MP255DAL3, STM32MP255FAI3, STM32MP255FAK3, STM32MP255FAL3, STM32MP257AAI3, STM32MP257AAK3, STM32MP257AAL3, STM32MP257CAI3, STM32MP257CAK3, STM32MP257CAL3, STM32MP257DAI3, STM32MP257DAK3, STM32MP257DAL3, STM32MP257F-DK, STM32MP257F-EV1, STM32MP257FAI3, STM32MP257FAK3, STM32MP257FAL3, STM32N645A0H3Q, STM32N645B0H3Q, STM32N645I0H3Q, STM32N645L0H3Q, STM32N645X0H3Q, STM32N645Z0H3Q, STM32N647A0H3Q, STM32N647B0H3Q, STM32N647I0H3Q, STM32N647L0H3Q, STM32N647X0H3Q, STM32N647Z0H3Q, STM32N655A0H3Q, STM32N655B0H3Q, STM32N655I0H3Q, STM32N655L0H3Q, STM32N655X0H3Q, STM32N655Z0H3Q, STM32N6570-DK, STM32N657A0H3Q, STM32N657B0H3Q, STM32N657I0H3Q, STM32N657L0H3Q, STM32N657X0H3Q, STM32N657Z0H3Q, STM32U031C6T6, STM32U031C6U6, STM32U031C8T6, STM32U031C8U6, STM32U031F4P6, STM32U031F6P6, STM32U031F8P6, STM32U031G6Y6TR, STM32U031G8Y6TR, STM32U031K4U6, STM32U031K6U6, STM32U031K8U6, STM32U031R6I6, STM32U031R6T6, STM32U031R8I6, STM32U031R8T6, STM32U073C8T6, STM32U073C8U6, STM32U073CBT6, STM32U073CBU6, STM32U073CCT6, STM32U073CCU6, STM32U073H8Y6TR, STM32U073HBY6TR, STM32U073HCY6TR, STM32U073K8U6, STM32U073KBU6, STM32U073KCU6, STM32U073M8I6, STM32U073M8T6, STM32U073MBI6, STM32U073MBT6, STM32U073MCI6, STM32U073MCT6, STM32U073R8I6, STM32U073R8T6, STM32U073RBI6, STM32U073RBT6, STM32U073RCI6, STM32U073RCT6, STM32U083C-DK, STM32U083CCT6, STM32U083CCU6, STM32U083HCY6TR, STM32U083KCU6, STM32U083MCI6, STM32U083MCT6, STM32U083RCI6, STM32U083RCT6, STM32U375CET6, STM32U375CET6Q, STM32U375CEU6, STM32U375CEU6Q, STM32U375CEY6QTR, STM32U375CGT6, STM32U375CGT6Q, STM32U375CGU6, STM32U375CGU6Q, STM32U375CGY6QTR, STM32U375KEU6, STM32U375KGU6, STM32U375REI6, STM32U375REI6Q, STM32U375RET6, STM32U375RET6Q, STM32U375REY6GTR, STM32U375REY6QTR, STM32U375RGI6, STM32U375RGI6Q, STM32U375RGT6, STM32U375RGT6Q, STM32U375RGY6GTR, STM32U375RGY6QTR, STM32U375VEI6, STM32U375VEI6Q, STM32U375VET6, STM32U375VET6Q, STM32U375VGI6, STM32U375VGI6Q, STM32U375VGT6, STM32U375VGT6Q, STM32U385CGT6, STM32U385CGT6Q, STM32U385CGU6, STM32U385CGU6Q, STM32U385CGY6QTR, STM32U385KGU6, STM32U385RGI6, STM32U385RGI6Q, STM32U385RGT6, STM32U385RGT6Q, STM32U385RGY6GTR, STM32U385RGY6QTR, STM32U385VGI6, STM32U385VGI6Q, STM32U385VGT6, STM32U385VGT6Q, STM32U535CBT6, STM32U535CBT6Q, STM32U535CBU6, STM32U535CBU6Q, STM32U535CCT6, STM32U535CCT6Q, STM32U535CCU6, STM32U535CCU6Q, STM32U535CET6, STM32U535CET6Q, STM32U535CEU6, STM32U535CEU6Q, STM32U535JEY6QTR, STM32U535NCY6QTR, STM32U535NEY6QTR, STM32U535RBI6, STM32U535RBI6Q, STM32U535RBT6, STM32U535RBT6Q, STM32U535RCI6, STM32U535RCI6Q, STM32U535RCT6, STM32U535RCT6Q, STM32U535REI6, STM32U535REI6Q, STM32U535RET6, STM32U535RET6Q, STM32U535VCI6, STM32U535VCI6Q, STM32U535VCT6, STM32U535VCT6Q, STM32U535VEI6, STM32U535VEI6Q, STM32U535VET6, STM32U535VET6Q, STM32U545CET6, STM32U545CET6Q, STM32U545CEU6, STM32U545CEU6Q, STM32U545JEY6QTR, STM32U545NEY6QTR, STM32U545REI6, STM32U545REI6Q, STM32U545RET6, STM32U545RET6Q, STM32U545VEI6, STM32U545VEI6Q, STM32U545VET6, STM32U545VET6Q, STM32U595AIH6, STM32U595AIH6Q, STM32U595AJH6, STM32U595AJH6Q, STM32U595QII6, STM32U595QII6Q, STM32U595QJI6, STM32U595QJI6Q, STM32U595RIT6, STM32U595RIT6Q, STM32U595RJT6, STM32U595RJT6Q, STM32U595VIT6, STM32U595VIT6Q, STM32U595VJT6, STM32U595VJT6Q, STM32U595ZIT6, STM32U595ZIT6Q, STM32U595ZIY6QTR, STM32U595ZJT6, STM32U595ZJT6Q, STM32U595ZJY6QTR, STM32U599BJY6QTR, STM32U599NIH6Q, STM32U599NJH6Q, STM32U599VIT6Q, STM32U599VJT6, STM32U599VJT6Q, STM32U599ZIT6Q, STM32U599ZIY6QTR, STM32U599ZJT6Q, STM32U599ZJY6QTR, STM32U5A5AJH6, STM32U5A5AJH6Q, STM32U5A5QII3Q , STM32U5A5QJI6, STM32U5A5QJI6Q, STM32U5A5RJT6, STM32U5A5RJT6Q, STM32U5A5VJT6, STM32U5A5VJT6Q, STM32U5A5ZJT6, STM32U5A5ZJT6Q, STM32U5A5ZJY6QTR, STM32U5A9BJY6QTR, STM32U5A9J-DK, STM32U5A9NJH6Q, STM32U5A9VJT6Q, STM32U5A9ZJT6Q, STM32U5A9ZJY6QTR, STM32U5F7VIT6, STM32U5F7VIT6Q, STM32U5F7VJT6, STM32U5F7VJT6Q, STM32U5F9BJY6QTR, STM32U5F9NJH6Q, STM32U5F9VIT6Q, STM32U5F9VJT6Q, STM32U5F9ZIJ6QTR, STM32U5F9ZIT6Q, STM32U5F9ZJJ6QTR, STM32U5F9ZJT6Q, STM32U5G7VJT6, STM32U5G7VJT6Q, STM32U5G9BJY6QTR, STM32U5G9J-DK1, STM32U5G9J-DK2, STM32U5G9NJH6Q, STM32U5G9VJT6Q, STM32U5G9ZJJ6QTR, STM32U5G9ZJT6Q, STM32WB05KZV6TR, STM32WB05KZV7TR, STM32WB05TZF6TR, STM32WB05TZF7TR, STM32WB06CCF6TR, STM32WB06CCF7TR, STM32WB06CCV6TR, STM32WB06CCV7TR, STM32WB06KCV6TR, STM32WB06KCV7TR, STM32WB07CCF6TR, STM32WB07CCF7TR, STM32WB07CCV6TR, STM32WB07CCV7TR, STM32WB07KCV6TR, STM32WB07KCV7TR, STM32WB09KEV6TR, STM32WB09KEV7TR, STM32WB09TEF6TR, STM32WB09TEF7TR, STM32WB1MMCH6, STM32WBA50KGU6, STM32WBA50KGU6TR, STM32WBA52CEU6, STM32WBA52CEU6TR, STM32WBA52CEU7, STM32WBA52CEU7TR, STM32WBA52CGU6, STM32WBA52CGU6TR, STM32WBA52CGU6U, STM32WBA52CGU7, STM32WBA52CGU7TR, STM32WBA52KEU6, STM32WBA52KEU6TR, STM32WBA52KGU6, STM32WBA52KGU6TR, STM32WBA54CEU6, STM32WBA54CEU6TR, STM32WBA54CEU7, STM32WBA54CEU7TR, STM32WBA54CGU6, STM32WBA54CGU6TR, STM32WBA54CGU7, STM32WBA54CGU7TR, STM32WBA54KEU6, STM32WBA54KEU6TR, STM32WBA54KEU7, STM32WBA54KEU7TR, STM32WBA54KGU6, STM32WBA54KGU6TR, STM32WBA54KGU7, STM32WBA54KGU7TR, STM32WBA55CEU6, STM32WBA55CEU6TR, STM32WBA55CEU7, STM32WBA55CEU7TR, STM32WBA55CGU6, STM32WBA55CGU6TR, STM32WBA55CGU6U, STM32WBA55CGU7, STM32WBA55CGU7TR, STM32WBA55G-DK1, STM32WBA55HEF6, STM32WBA55HEF7, STM32WBA55HGF6, STM32WBA55HGF7, STM32WBA55UEI6, STM32WBA55UEI6TR, STM32WBA55UEI7, STM32WBA55UEI7TR, STM32WBA55UGI6, STM32WBA55UGI6TR, STM32WBA55UGI7, STM32WBA55UGI7TR, STM32WBA5MMGH6TR, STM32WBA62MGF6, STM32WBA62MIF6, STM32WBA65MGF7, STM32WBA65MIF6, STM32WBA65MIF7, STM32WL30K8V6, STM32WL30KBV6, STM32WL31C8V6, STM32WL31CBV6, STM32WL31K8V6, STM32WL31KBV6, STM32WL33C8V6, STM32WL33C8V6X, STM32WL33CBV6, STM32WL33CBV6X, STM32WL33CCV6, STM32WL33CCV6A, STM32WL33CCV6X, STM32WL33K8V7, STM32WL33K8V7X, STM32WL33KBV7 , STM32WL33KBV7X, STM32WL33KCV7, STM32WL33KCV7X, STM32WL5MOCH6, STM32WL5MOCH6TR]
2025-10-29 23:18:50,529 [INFO] BoardInfo:889 - No configuration file found for board P-NUCLEO-WB55
2025-10-29 23:18:50,530 [INFO] DbBoards:161 - Kit is not supported: P-NUCLEO-WB55
2025-10-29 23:18:50,536 [INFO] BoardInfo:889 - No configuration file found for board STEVAL-BFA001V1B
2025-10-29 23:18:50,537 [INFO] DbBoards:161 - Kit is not supported: STEVAL-BFA001V1B
2025-10-29 23:18:50,538 [INFO] BoardInfo:889 - No configuration file found for board STEVAL-BFA001V2B
2025-10-29 23:18:50,539 [INFO] DbBoards:161 - Kit is not supported: STEVAL-BFA001V2B
2025-10-29 23:18:50,748 [INFO] DbBoards:168 - Found 212 boards, 209 are supported
2025-10-29 23:18:50,748 [INFO] DbBoards:169 - Found 212 boards, 43 of them is supported for  Bsp
2025-10-29 23:18:50,751 [INFO] ApiDb:668 - CubeFinder database Data Model version=2.1
2025-10-29 23:18:50,751 [INFO] ApiDb:669 - CubeFinder database Configuration version=3.0.39
2025-10-29 23:18:50,751 [INFO] ApiDb:670 - CubeFinder database generation date=2025-08-25 (1756130511)
2025-10-29 23:18:50,751 [INFO] ApiDb:671 - CubeFinder database FW Pack versions=[FP-ATR-ASTRA1_V2.0.0, FP-SNS-FLIGHT1_V5.1.0, FP-SNS-MOTENV1_V5.0.0, FP-SNS-MOTENVWB1_V1.4.0, FP-SNS-SMARTAG2_V1.2.0, FP-SNS-STBOX1_V2.1.0, STM32Cube_FW_C0_V1.4.0, STM32Cube_FW_F4_V1.28.3, STM32Cube_FW_F7_V1.17.4, STM32Cube_FW_G0_V1.6.2, STM32Cube_FW_G4_V1.6.1, STM32Cube_FW_H5_V1.5.0, STM32Cube_FW_H7RS_V1.2.0, STM32Cube_FW_H7_V1.12.1, STM32Cube_FW_L0_V1.12.2, STM32Cube_FW_L4_V1.18.1, STM32Cube_FW_L5_V1.5.1, STM32Cube_FW_N6_V1.2.0, STM32Cube_FW_U0_V1.3.0, STM32Cube_FW_U3_V1.2.0, STM32Cube_FW_U5_V1.8.0, STM32Cube_FW_WB0_V1.3.0, STM32Cube_FW_WBA_V1.7.0, STM32Cube_FW_WB_V1.23.0, STM32Cube_FW_WL3_V1.2.0, STM32Cube_FW_WL_V1.3.1, X-CUBE-ALGOBUILD_V1.4.0, X-CUBE-ALS_V1.0.2, X-CUBE-AZRTOS-F4_V1.1.0, X-CUBE-AZRTOS-F7_V1.1.0, X-CUBE-AZRTOS-G0_V1.1.0, X-CUBE-AZRTOS-G4_V2.0.0, X-CUBE-AZRTOS-H7RS_V1.1.0, X-CUBE-AZRTOS-H7_V3.4.0, X-CUBE-AZRTOS-L4_V2.0.0, X-CUBE-AZRTOS-L5_V2.0.0, X-CUBE-AZRTOS-WB_V2.0.0, X-CUBE-AZRTOS-WL_V2.0.0, X-CUBE-BLE1_V7.1.0, X-CUBE-BLE2_V3.3.0, X-CUBE-BLEMGR_V4.1.0, X-CUBE-EEPRMA1_V5.2.0, X-CUBE-FREERTOS_V1.3.1, X-CUBE-GNSS1_V6.0.0, X-CUBE-MEMS1_V11.3.0, X-CUBE-NFC4_V3.0.0, X-CUBE-NFC7_V2.0.0, X-CUBE-SFXS2LP1_V4.0.0, X-CUBE-ST67W61_V1.0.0, X-CUBE-SUBG2_V5.0.0, X-CUBE-TOF1_V3.4.3]
2025-10-29 23:18:52,343 [INFO] ApiDb:240 - Found 880 in-development CPN: [B-G473E-ZEST1S, B-WB1M-WPAN1, B-WBA5M-WPAN, B-WL5M-SUBG1, NUCLEO-C031C6, NUCLEO-C051C8, NUCLEO-C071RB, NUCLEO-C092RC, NUCLEO-H503RB, NUCLEO-H533RE, NUCLEO-H563ZI, NUCLEO-H7S3L8, NUCLEO-N657X0-Q, NUCLEO-U031R8, NUCLEO-U083RC, NUCLEO-U385RG-Q, NUCLEO-U545RE-Q, NUCLEO-U5A5ZJ-Q, NUCLEO-WB05KZ, NUCLEO-WB07CC, NUCLEO-WB09KE, NUCLEO-WBA52CG, NUCLEO-WBA55CG, NUCLEO-WL33CC1, NUCLEO-WL33CC2, STEVAL-PROTEUS1, STEVAL-SMARTAG2, STEVAL-STWINBX1, STM320518-EVAL, STM32C0116-DK, STM32C011D6Y3TR, STM32C011D6Y6TR, STM32C011F4P3, STM32C011F4P6, STM32C011F4U3, STM32C011F4U6TR, STM32C011F6P3, STM32C011F6P6, STM32C011F6U3, STM32C011F6U6TR, STM32C011J4M3, STM32C011J4M6, STM32C011J6M3, STM32C011J6M6, STM32C0316-DK, STM32C031C4T3, STM32C031C4T6, STM32C031C4U3, STM32C031C4U6, STM32C031C6T3, STM32C031C6T6, STM32C031C6U3, STM32C031C6U6, STM32C031F4P3, STM32C031F4P6, STM32C031F6P3, STM32C031F6P6, STM32C031G4U3, STM32C031G4U6, STM32C031G6U3, STM32C031G6U6, STM32C031K4T3, STM32C031K4T6, STM32C031K4U3, STM32C031K4U6, STM32C031K6T3, STM32C031K6T6, STM32C031K6U3, STM32C031K6U6, STM32C051C6T6, STM32C051C6U6, STM32C051C8T6, STM32C051C8U6, STM32C051D8Y6TR, STM32C051F6P6, STM32C051F8P6, STM32C051G6U6, STM32C051G8U6, STM32C051K6T6, STM32C051K6U6, STM32C051K8T6, STM32C071C8T6, STM32C071C8T6N, STM32C071C8U6, STM32C071C8U6N, STM32C071CBT6, STM32C071CBT6N, STM32C071CBU6, STM32C071CBU6N, STM32C071F8P6, STM32C071F8P6N, STM32C071FBP6, STM32C071FBP6N, STM32C071FBY6TR, STM32C071G8U6, STM32C071G8U6N, STM32C071GBU6, STM32C071GBU6N, STM32C071K8T6, STM32C071K8T6N, STM32C071K8U6, STM32C071K8U6N, STM32C071KBT6, STM32C071KBT6N, STM32C071KBU6, STM32C071KBU6N, STM32C071R8T6, STM32C071R8T6N, STM32C071RBI6N, STM32C071RBT6, STM32C071RBT6N, STM32C091CBT6, STM32C091CBU6, STM32C091CCT6, STM32C091CCU6, STM32C091ECY6TR, STM32C091FBP6, STM32C091FCP6, STM32C091GBU6, STM32C091GCU6, STM32C091KBT6, STM32C091KBU6, STM32C091KCT6, STM32C091KCU6, STM32C091RBT6, STM32C091RCI6, STM32C091RCT6, STM32C092CBT6, STM32C092CBU6, STM32C092CCT6, STM32C092CCU6, STM32C092ECY6TR, STM32C092FBP6, STM32C092FCP6, STM32C092GBU6, STM32C092GCU6, STM32C092KBT6, STM32C092KBU6, STM32C092KCT6, STM32C092KCU6, STM32C092RBT6, STM32C092RCI6, STM32C092RCT6, STM32G071K8TXN, STM32G071K8UXN, STM32G081GBU6N, STM32G081KBT6N, STM32G081KBUXN, STM32G0B1CCT6N, STM32G0B1KCT6, STM32G0B1NEY6TR, STM32G0B1RCT6N, STM32G0C1CCT6, STM32G0C1CCT6N, STM32G0C1CCU6N, STM32G0C1CET6N, STM32G0C1CEU6N, STM32G0C1KCT6, STM32G0C1NEY6TR, STM32G0C1RCI6N, STM32G0C1RCT6N, STM32G0C1REI6N, STM32G0C1RET6N, STM32G0C1VCI6, STM32G0C1VEI6, STM32G411C6T3, STM32G411C6T6, STM32G411C6U3, STM32G411C6U6, STM32G411C8T3, STM32G411C8T6, STM32G411C8U3, STM32G411C8U6, STM32G411CBT3, STM32G411CBT6, STM32G411CBU3, STM32G411CBU6, STM32G411K6T3, STM32G411K6T6, STM32G411K6U3, STM32G411K6U6, STM32G411K8T3, STM32G411K8T6, STM32G411K8U3, STM32G411K8U6, STM32G411KBT3, STM32G411KBT6, STM32G411KBU3, STM32G411KBU6, STM32G411M6T3, STM32G411M6T6, STM32G411M8T3, STM32G411M8T6, STM32G411MBT3, STM32G411MBT6, STM32G411R6T3, STM32G411R6T6, STM32G411R8T3, STM32G411R8T6, STM32G411RBT3, STM32G411RBT6, STM32G414CBT3, STM32G414CBT6, STM32G414CBU3, STM32G414CBU6, STM32G414CCT3, STM32G414CCT6, STM32G414CCU3, STM32G414CCU6, STM32G414MBT3, STM32G414MBT6, STM32G414MCT3, STM32G414MCT6, STM32G414RBT3, STM32G414RBT6, STM32G414RCT3, STM32G414RCT6, STM32G414VBT3, STM32G414VBT6, STM32G414VCT3, STM32G414VCT6, STM32G431CBT3Z, STM32G431RBT3Z, STM32G471CCT6, STM32G471CCU6, STM32G471CET3, STM32G471CET6, STM32G471CEU3, STM32G471CEU6, STM32G471MCT6, STM32G471MET3, STM32G471MET6, STM32G471MEY6TR, STM32G471QCT6, STM32G471QET3, STM32G471RCT6, STM32G471RET3, STM32G471RET6, STM32G471VCH6, STM32G471VCI6, STM32G471VCT6, STM32G471VEH3, STM32G471VEH6, STM32G471VEI3, STM32G471VEI6, STM32G471VET3, STM32G471VET6, STM32G473QET3Z, STM32G473RET3Z, STM32G474CCT6, STM32G491RET3Z, STM32H503CBT6, STM32H503CBU6, STM32H503EBY6TR, STM32H503KBU6, STM32H503RBT6, STM32H523CCT6, STM32H523CCU6, STM32H523CET6, STM32H523CEU6, STM32H523HEY6TR, STM32H523RCT6, STM32H523RET6, STM32H523VCI6, STM32H523VCT6, STM32H523VEI6, STM32H523VET6, STM32H523ZCJ6, STM32H523ZCT6, STM32H523ZEJ6, STM32H523ZET6, STM32H533CET6, STM32H533CEU6, STM32H533HEY6TR, STM32H533RET6, STM32H533VEI6, STM32H533VET6, STM32H533ZEJ6, STM32H533ZET6, STM32H562AGI6, STM32H562AII6, STM32H562IGK6, STM32H562IGT6, STM32H562IIK6, STM32H562IIT6, STM32H562RGT6, STM32H562RGV6, STM32H562RIT6, STM32H562RIV6, STM32H562VGT6, STM32H562VIT6, STM32H562ZGT6, STM32H562ZIT6, STM32H563AGI6, STM32H563AII3Q, STM32H563AII6, STM32H563IGK6, STM32H563IGT6, STM32H563IIK3Q, STM32H563IIK6, STM32H563IIT3Q, STM32H563IIT6, STM32H563MIY3QTR, STM32H563RGT6, STM32H563RGV6, STM32H563RIT6, STM32H563RIV6, STM32H563VGT6, STM32H563VIT3Q, STM32H563VIT6, STM32H563ZGT6, STM32H563ZIT3Q, STM32H563ZIT6, STM32H573AII3Q, STM32H573AII6, STM32H573I-DK, STM32H573IIK3Q, STM32H573IIK6, STM32H573IIT3Q, STM32H573IIT6, STM32H573MIY3QTR, STM32H573RIT6, STM32H573RIV6, STM32H573VIT3Q, STM32H573VIT6, STM32H573ZIT3Q, STM32H573ZIT6, STM32H7R3A8I6, STM32H7R3I8K6, STM32H7R3I8T6, STM32H7R3L8H6, STM32H7R3L8H6H, STM32H7R3R8V6, STM32H7R3V8H6, STM32H7R3V8T6, STM32H7R3V8Y6TR, STM32H7R3Z8J6, STM32H7R3Z8T6, STM32H7R7A8I6, STM32H7R7I8K6, STM32H7R7I8T6, STM32H7R7L8H6, STM32H7R7L8H6H, STM32H7R7Z8J6, STM32H7S3A8I6, STM32H7S3I8K6, STM32H7S3I8T6, STM32H7S3L8H6, STM32H7S3L8H6H, STM32H7S3R8V6, STM32H7S3V8H6, STM32H7S3V8T6, STM32H7S3V8Y6TR, STM32H7S3Z8J6, STM32H7S3Z8T6, STM32H7S78-DK, STM32H7S7A8I6, STM32H7S7I8K6, STM32H7S7I8T6, STM32H7S7L8H6, STM32H7S7L8H6H, STM32H7S7Z8J6, STM32L4R5QGI6STR, STM32MP131AAE3, STM32MP131AAF3, STM32MP131AAG3, STM32MP131CAE3, STM32MP131CAF3, STM32MP131CAG3, STM32MP131DAE7, STM32MP131DAF7, STM32MP131DAG7, STM32MP131FAE7, STM32MP131FAF7, STM32MP131FAG7, STM32MP133AAE3, STM32MP133AAF3, STM32MP133AAG3, STM32MP133CAE3, STM32MP133CAF3, STM32MP133CAG3, STM32MP133DAE7, STM32MP133DAF7, STM32MP133DAG7, STM32MP133FAE7, STM32MP133FAF7, STM32MP133FAG7, STM32MP135AAE3, STM32MP135AAF3, STM32MP135AAG3, STM32MP135CAE3, STM32MP135CAF3, STM32MP135CAG3, STM32MP135DAE7, STM32MP135DAF7, STM32MP135DAG7, STM32MP135F-DK, STM32MP135FAE7, STM32MP135FAF7, STM32MP135FAF7T, STM32MP135FAF7U, STM32MP135FAG7, STM32MP211AAL3, STM32MP211AAM3, STM32MP211AAN3, STM32MP211AAO3, STM32MP211CAL3, STM32MP211CAM3, STM32MP211CAN3, STM32MP211CAO3, STM32MP211DAL3, STM32MP211DAM3, STM32MP211DAN3, STM32MP211DAO3, STM32MP211FAL3, STM32MP211FAM3, STM32MP211FAN3, STM32MP211FAO3, STM32MP213AAL3, STM32MP213AAM3, STM32MP213AAN3, STM32MP213AAO3, STM32MP213CAL3, STM32MP213CAM3, STM32MP213CAN3, STM32MP213CAO3, STM32MP213DAL3, STM32MP213DAM3, STM32MP213DAN3, STM32MP213DAO3, STM32MP213FAL3, STM32MP213FAM3, STM32MP213FAN3, STM32MP213FAO3, STM32MP215AAL3, STM32MP215AAM3, STM32MP215AAN3, STM32MP215AAO3, STM32MP215CAL3, STM32MP215CAM3, STM32MP215CAN3, STM32MP215CAO3, STM32MP215DAL3, STM32MP215DAM3, STM32MP215DAN3, STM32MP215DAO3, STM32MP215F-DK, STM32MP215FAL3, STM32MP215FAM3, STM32MP215FAN3, STM32MP215FAO3, STM32MP231AAJ3, STM32MP231AAK3, STM32MP231AAL3, STM32MP231CAJ3, STM32MP231CAK3, STM32MP231CAL3, STM32MP231DAJ3, STM32MP231DAK3, STM32MP231DAL3, STM32MP231FAJ3, STM32MP231FAK3, STM32MP231FAL3, STM32MP233AAJ3, STM32MP233AAK3, STM32MP233AAL3, STM32MP233CAJ3, STM32MP233CAK3, STM32MP233CAL3, STM32MP233DAJ3, STM32MP233DAK3, STM32MP233DAL3, STM32MP233FAJ3, STM32MP233FAK3, STM32MP233FAL3, STM32MP235AAJ3, STM32MP235AAK3, STM32MP235AAL3, STM32MP235CAJ3, STM32MP235CAK3, STM32MP235CAL3, STM32MP235DAJ3, STM32MP235DAK3, STM32MP235DAL3, STM32MP235FAJ3, STM32MP235FAK3, STM32MP235FAL3, STM32MP251AAI3, STM32MP251AAK3, STM32MP251AAL3, STM32MP251CAI3, STM32MP251CAK3, STM32MP251CAL3, STM32MP251DAI3, STM32MP251DAK3, STM32MP251DAL3, STM32MP251FAI3, STM32MP251FAK3, STM32MP251FAL3, STM32MP253AAI3, STM32MP253AAK3, STM32MP253AAL3, STM32MP253CAI3, STM32MP253CAK3, STM32MP253CAL3, STM32MP253DAI3, STM32MP253DAK3, STM32MP253DAL3, STM32MP253FAI3, STM32MP253FAK3, STM32MP253FAL3, STM32MP255AAI3, STM32MP255AAK3, STM32MP255AAL3, STM32MP255CAI3, STM32MP255CAK3, STM32MP255CAL3, STM32MP255DAI3, STM32MP255DAK3, STM32MP255DAL3, STM32MP255FAI3, STM32MP255FAK3, STM32MP255FAL3, STM32MP257AAI3, STM32MP257AAK3, STM32MP257AAL3, STM32MP257CAI3, STM32MP257CAK3, STM32MP257CAL3, STM32MP257DAI3, STM32MP257DAK3, STM32MP257DAL3, STM32MP257F-DK, STM32MP257F-EV1, STM32MP257FAI3, STM32MP257FAK3, STM32MP257FAL3, STM32N645A0H3Q, STM32N645B0H3Q, STM32N645I0H3Q, STM32N645L0H3Q, STM32N645X0H3Q, STM32N645Z0H3Q, STM32N647A0H3Q, STM32N647B0H3Q, STM32N647I0H3Q, STM32N647L0H3Q, STM32N647X0H3Q, STM32N647Z0H3Q, STM32N655A0H3Q, STM32N655B0H3Q, STM32N655I0H3Q, STM32N655L0H3Q, STM32N655X0H3Q, STM32N655Z0H3Q, STM32N6570-DK, STM32N657A0H3Q, STM32N657B0H3Q, STM32N657I0H3Q, STM32N657L0H3Q, STM32N657X0H3Q, STM32N657Z0H3Q, STM32U031C6T6, STM32U031C6U6, STM32U031C8T6, STM32U031C8U6, STM32U031F4P6, STM32U031F6P6, STM32U031F8P6, STM32U031G6Y6TR, STM32U031G8Y6TR, STM32U031K4U6, STM32U031K6U6, STM32U031K8U6, STM32U031R6I6, STM32U031R6T6, STM32U031R8I6, STM32U031R8T6, STM32U073C8T6, STM32U073C8U6, STM32U073CBT6, STM32U073CBU6, STM32U073CCT6, STM32U073CCU6, STM32U073H8Y6TR, STM32U073HBY6TR, STM32U073HCY6TR, STM32U073K8U6, STM32U073KBU6, STM32U073KCU6, STM32U073M8I6, STM32U073M8T6, STM32U073MBI6, STM32U073MBT6, STM32U073MCI6, STM32U073MCT6, STM32U073R8I6, STM32U073R8T6, STM32U073RBI6, STM32U073RBT6, STM32U073RCI6, STM32U073RCT6, STM32U083C-DK, STM32U083CCT6, STM32U083CCU6, STM32U083HCY6TR, STM32U083KCU6, STM32U083MCI6, STM32U083MCT6, STM32U083RCI6, STM32U083RCT6, STM32U375CET6, STM32U375CET6Q, STM32U375CEU6, STM32U375CEU6Q, STM32U375CEY6QTR, STM32U375CGT6, STM32U375CGT6Q, STM32U375CGU6, STM32U375CGU6Q, STM32U375CGY6QTR, STM32U375KEU6, STM32U375KGU6, STM32U375REI6, STM32U375REI6Q, STM32U375RET6, STM32U375RET6Q, STM32U375REY6GTR, STM32U375REY6QTR, STM32U375RGI6, STM32U375RGI6Q, STM32U375RGT6, STM32U375RGT6Q, STM32U375RGY6GTR, STM32U375RGY6QTR, STM32U375VEI6, STM32U375VEI6Q, STM32U375VET6, STM32U375VET6Q, STM32U375VGI6, STM32U375VGI6Q, STM32U375VGT6, STM32U375VGT6Q, STM32U385CGT6, STM32U385CGT6Q, STM32U385CGU6, STM32U385CGU6Q, STM32U385CGY6QTR, STM32U385KGU6, STM32U385RGI6, STM32U385RGI6Q, STM32U385RGT6, STM32U385RGT6Q, STM32U385RGY6GTR, STM32U385RGY6QTR, STM32U385VGI6, STM32U385VGI6Q, STM32U385VGT6, STM32U385VGT6Q, STM32U535CBT6, STM32U535CBT6Q, STM32U535CBU6, STM32U535CBU6Q, STM32U535CCT6, STM32U535CCT6Q, STM32U535CCU6, STM32U535CCU6Q, STM32U535CET6, STM32U535CET6Q, STM32U535CEU6, STM32U535CEU6Q, STM32U535JEY6QTR, STM32U535NCY6QTR, STM32U535NEY6QTR, STM32U535RBI6, STM32U535RBI6Q, STM32U535RBT6, STM32U535RBT6Q, STM32U535RCI6, STM32U535RCI6Q, STM32U535RCT6, STM32U535RCT6Q, STM32U535REI6, STM32U535REI6Q, STM32U535RET6, STM32U535RET6Q, STM32U535VCI6, STM32U535VCI6Q, STM32U535VCT6, STM32U535VCT6Q, STM32U535VEI6, STM32U535VEI6Q, STM32U535VET6, STM32U535VET6Q, STM32U545CET6, STM32U545CET6Q, STM32U545CEU6, STM32U545CEU6Q, STM32U545JEY6QTR, STM32U545NEY6QTR, STM32U545REI6, STM32U545REI6Q, STM32U545RET6, STM32U545RET6Q, STM32U545VEI6, STM32U545VEI6Q, STM32U545VET6, STM32U545VET6Q, STM32U595AIH6, STM32U595AIH6Q, STM32U595AJH6, STM32U595AJH6Q, STM32U595QII6, STM32U595QII6Q, STM32U595QJI6, STM32U595QJI6Q, STM32U595RIT6, STM32U595RIT6Q, STM32U595RJT6, STM32U595RJT6Q, STM32U595VIT6, STM32U595VIT6Q, STM32U595VJT6, STM32U595VJT6Q, STM32U595ZIT6, STM32U595ZIT6Q, STM32U595ZIY6QTR, STM32U595ZJT6, STM32U595ZJT6Q, STM32U595ZJY6QTR, STM32U599BJY6QTR, STM32U599NIH6Q, STM32U599NJH6Q, STM32U599VIT6Q, STM32U599VJT6, STM32U599VJT6Q, STM32U599ZIT6Q, STM32U599ZIY6QTR, STM32U599ZJT6Q, STM32U599ZJY6QTR, STM32U5A5AJH6, STM32U5A5AJH6Q, STM32U5A5QII3Q , STM32U5A5QJI6, STM32U5A5QJI6Q, STM32U5A5RJT6, STM32U5A5RJT6Q, STM32U5A5VJT6, STM32U5A5VJT6Q, STM32U5A5ZJT6, STM32U5A5ZJT6Q, STM32U5A5ZJY6QTR, STM32U5A9BJY6QTR, STM32U5A9J-DK, STM32U5A9NJH6Q, STM32U5A9VJT6Q, STM32U5A9ZJT6Q, STM32U5A9ZJY6QTR, STM32U5F7VIT6, STM32U5F7VIT6Q, STM32U5F7VJT6, STM32U5F7VJT6Q, STM32U5F9BJY6QTR, STM32U5F9NJH6Q, STM32U5F9VIT6Q, STM32U5F9VJT6Q, STM32U5F9ZIJ6QTR, STM32U5F9ZIT6Q, STM32U5F9ZJJ6QTR, STM32U5F9ZJT6Q, STM32U5G7VJT6, STM32U5G7VJT6Q, STM32U5G9BJY6QTR, STM32U5G9J-DK1, STM32U5G9J-DK2, STM32U5G9NJH6Q, STM32U5G9VJT6Q, STM32U5G9ZJJ6QTR, STM32U5G9ZJT6Q, STM32WB05KZV6TR, STM32WB05KZV7TR, STM32WB05TZF6TR, STM32WB05TZF7TR, STM32WB06CCF6TR, STM32WB06CCF7TR, STM32WB06CCV6TR, STM32WB06CCV7TR, STM32WB06KCV6TR, STM32WB06KCV7TR, STM32WB07CCF6TR, STM32WB07CCF7TR, STM32WB07CCV6TR, STM32WB07CCV7TR, STM32WB07KCV6TR, STM32WB07KCV7TR, STM32WB09KEV6TR, STM32WB09KEV7TR, STM32WB09TEF6TR, STM32WB09TEF7TR, STM32WB1MMCH6, STM32WBA50KGU6, STM32WBA50KGU6TR, STM32WBA52CEU6, STM32WBA52CEU6TR, STM32WBA52CEU7, STM32WBA52CEU7TR, STM32WBA52CGU6, STM32WBA52CGU6TR, STM32WBA52CGU6U, STM32WBA52CGU7, STM32WBA52CGU7TR, STM32WBA52KEU6, STM32WBA52KEU6TR, STM32WBA52KGU6, STM32WBA52KGU6TR, STM32WBA54CEU6, STM32WBA54CEU6TR, STM32WBA54CEU7, STM32WBA54CEU7TR, STM32WBA54CGU6, STM32WBA54CGU6TR, STM32WBA54CGU7, STM32WBA54CGU7TR, STM32WBA54KEU6, STM32WBA54KEU6TR, STM32WBA54KEU7, STM32WBA54KEU7TR, STM32WBA54KGU6, STM32WBA54KGU6TR, STM32WBA54KGU7, STM32WBA54KGU7TR, STM32WBA55CEU6, STM32WBA55CEU6TR, STM32WBA55CEU7, STM32WBA55CEU7TR, STM32WBA55CGU6, STM32WBA55CGU6TR, STM32WBA55CGU6U, STM32WBA55CGU7, STM32WBA55CGU7TR, STM32WBA55G-DK1, STM32WBA55HEF6, STM32WBA55HEF7, STM32WBA55HGF6, STM32WBA55HGF7, STM32WBA55UEI6, STM32WBA55UEI6TR, STM32WBA55UEI7, STM32WBA55UEI7TR, STM32WBA55UGI6, STM32WBA55UGI6TR, STM32WBA55UGI7, STM32WBA55UGI7TR, STM32WBA5MMGH6TR, STM32WBA62MGF6, STM32WBA62MIF6, STM32WBA65MGF7, STM32WBA65MIF6, STM32WBA65MIF7, STM32WL30K8V6, STM32WL30KBV6, STM32WL31C8V6, STM32WL31CBV6, STM32WL31K8V6, STM32WL31KBV6, STM32WL33C8V6, STM32WL33C8V6X, STM32WL33CBV6, STM32WL33CBV6X, STM32WL33CCV6, STM32WL33CCV6A, STM32WL33CCV6X, STM32WL33K8V7, STM32WL33K8V7X, STM32WL33KBV7 , STM32WL33KBV7X, STM32WL33KCV7, STM32WL33KCV7X, STM32WL5MOCH6, STM32WL5MOCH6TR]
2025-10-29 23:18:52,350 [INFO] DbMcus:218 - Found 4801 MCUs, 4801 are supported
2025-10-29 23:18:52,351 [INFO] ApiDb:423 - Load user favorites file C:\Users\Miloush/.stm32cubeide/favorites.mcus.txt: 3 item(s)
2025-10-29 23:18:52,351 [INFO] ApiDb:427 - User favorites MCUs=[STM32F446RET6, STM32G431KBT6, STM32G474CBT3]
2025-10-29 23:18:52,351 [INFO] DbMcus:224 - Set 3 / 3 favorites MCUs
2025-10-29 23:18:52,654 [INFO] ApiDb:423 - Load user favorites file C:\Users\Miloush/.stm32cubeide/favorites.boards.txt: 0 item(s)
2025-10-29 23:18:52,655 [INFO] ApiDb:427 - User favorites Boards=[]
2025-10-29 23:18:52,655 [INFO] DbBoards:198 - Set 0 / 0 favorites Boards
2025-10-29 23:18:52,698 [INFO] UtilMem:75 - End LoadConfig() Used Memory: 186819560 Bytes (432013312)
2025-10-29 23:18:52,816 [WARN] ThirdParty:833 - waiting for thirdparty lock release [change project]
2025-10-29 23:18:52,817 [INFO] ThirdParty:835 - entering critical section [change project]
2025-10-29 23:18:52,817 [INFO] ThirdParty:1030 - CMSIS Pack Vendor :STMicroelectronics X-CUBE-PM33A1 1.0.0
2025-10-29 23:18:52,817 [INFO] ThirdParty:1030 - CMSIS Pack Vendor :STMicroelectronics USBPD 4.1
2025-10-29 23:18:52,817 [INFO] ThirdParty:1030 - CMSIS Pack Vendor :STMicroelectronics USB_HOST 2.0.0
2025-10-29 23:18:52,817 [INFO] ThirdParty:1030 - CMSIS Pack Vendor :STMicroelectronics FP-SNS-MOTENVWB1 1.4.0
2025-10-29 23:18:52,817 [INFO] ThirdParty:1030 - CMSIS Pack Vendor :STMicroelectronics X-CUBE-AZRTOS-F4 1.1.0
2025-10-29 23:18:52,817 [INFO] ThirdParty:1030 - CMSIS Pack Vendor :STMicroelectronics LIBJPEG 8.0.0
2025-10-29 23:18:52,817 [INFO] ThirdParty:1030 - CMSIS Pack Vendor :STMicroelectronics FP-ATR-ASTRA1 2.0.2
2025-10-29 23:18:52,817 [INFO] ThirdParty:1030 - CMSIS Pack Vendor :STMicroelectronics FP-ATR-ASTRA1 2.0.1
2025-10-29 23:18:52,817 [INFO] ThirdParty:1030 - CMSIS Pack Vendor :Avnet-IotConnect X-CUBE-IoTC-DA16k-PMOD 1.0.0
2025-10-29 23:18:52,817 [INFO] ThirdParty:1030 - CMSIS Pack Vendor :STMicroelectronics X-CUBE-SMBUS 2.1.0
2025-10-29 23:18:52,817 [INFO] ThirdParty:1030 - CMSIS Pack Vendor :STMicroelectronics X-CUBE-WB05N 1.1.0
2025-10-29 23:18:52,817 [INFO] ThirdParty:1030 - CMSIS Pack Vendor :STMicroelectronics X-CUBE-ISPU 2.1.0
2025-10-29 23:18:52,817 [INFO] ThirdParty:1030 - CMSIS Pack Vendor :STMicroelectronics X-CUBE-IPS 3.2.0
2025-10-29 23:18:52,818 [INFO] ThirdParty:1030 - CMSIS Pack Vendor :STMicroelectronics X-CUBE-FREERTOS 1.2.0
2025-10-29 23:18:52,818 [INFO] ThirdParty:1030 - CMSIS Pack Vendor :STMicroelectronics X-CUBE-ST60 1.0.0
2025-10-29 23:18:52,818 [INFO] ThirdParty:1030 - CMSIS Pack Vendor :STMicroelectronics X-CUBE-NFC12 1.0.0
2025-10-29 23:18:52,818 [INFO] ThirdParty:1030 - CMSIS Pack Vendor :STMicroelectronics X-CUBE-AZRTOS-F7 1.1.0
2025-10-29 23:18:52,818 [INFO] ThirdParty:1030 - CMSIS Pack Vendor :STMicroelectronics X-CUBE-AZRTOS-L5 2.0.0
2025-10-29 23:18:52,818 [INFO] ThirdParty:1030 - CMSIS Pack Vendor :STMicroelectronics USB_DEVICE 2.0.0
2025-10-29 23:18:52,818 [INFO] ThirdParty:1030 - CMSIS Pack Vendor :STMicroelectronics X-CUBE-NFC6 3.1.0
2025-10-29 23:18:52,818 [INFO] ThirdParty:1030 - CMSIS Pack Vendor :STMicroelectronics X-CUBE-MEMS1 11.0.0
2025-10-29 23:18:52,818 [INFO] ThirdParty:1030 - CMSIS Pack Vendor :STMicroelectronics FP-SNS-MOTENV1 5.1.0
2025-10-29 23:18:52,818 [INFO] ThirdParty:1030 - CMSIS Pack Vendor :STMicroelectronics FreeRTOS 0.0.1
2025-10-29 23:18:52,818 [INFO] ThirdParty:1030 - CMSIS Pack Vendor :STMicroelectronics X-CUBE-DPower 1.2.0
2025-10-29 23:18:52,818 [INFO] ThirdParty:1030 - CMSIS Pack Vendor :STMicroelectronics FP-SNS-FLIGHT1 5.0.2
2025-10-29 23:18:52,818 [INFO] ThirdParty:1030 - CMSIS Pack Vendor :STMicroelectronics PDM2PCM 3.3.0
2025-10-29 23:18:52,818 [INFO] ThirdParty:1030 - CMSIS Pack Vendor :STMicroelectronics X-CUBE-AZRTOS-H7 3.4.0
2025-10-29 23:18:52,818 [INFO] ThirdParty:1030 - CMSIS Pack Vendor :STMicroelectronics X-CUBE-DISPLAY 3.0.0
2025-10-29 23:18:52,818 [INFO] ThirdParty:1030 - CMSIS Pack Vendor :STMicroelectronics X-CUBE-BLE1 7.0.0
2025-10-29 23:18:52,818 [INFO] ThirdParty:1030 - CMSIS Pack Vendor :STMicroelectronics X-CUBE-NFC10 1.0.0
2025-10-29 23:18:52,819 [INFO] ThirdParty:1030 - CMSIS Pack Vendor :STMicroelectronics X-CUBE-BLEMGR 4.0.0
2025-10-29 23:18:52,819 [INFO] ThirdParty:1030 - CMSIS Pack Vendor :STMicroelectronics X-CUBE-FREERTOS 1.3.1
2025-10-29 23:18:52,819 [INFO] ThirdParty:1030 - CMSIS Pack Vendor :STMicroelectronics HAL Drivers 0.0.0
2025-10-29 23:18:52,819 [INFO] ThirdParty:1030 - CMSIS Pack Vendor :STMicroelectronics X-CUBE-ST60 1.1.0
2025-10-29 23:18:52,819 [INFO] ThirdParty:1030 - CMSIS Pack Vendor :emotas I-CUBE-CANOPEN 1.3.0
2025-10-29 23:18:52,819 [INFO] ThirdParty:1030 - CMSIS Pack Vendor :STMicroelectronics X-CUBE-FREERTOS 1.3.0
2025-10-29 23:18:52,819 [INFO] ThirdParty:1030 - CMSIS Pack Vendor :STMicroelectronics X-CUBE-NFC7 1.0.1
2025-10-29 23:18:52,819 [INFO] ThirdParty:1030 - CMSIS Pack Vendor :STMicroelectronics MBEDTLS 2.14.1
2025-10-29 23:18:52,819 [INFO] ThirdParty:1030 - CMSIS Pack Vendor :STMicroelectronics X-CUBE-GNSS1 7.1.0
2025-10-29 23:18:52,819 [INFO] ThirdParty:1030 - CMSIS Pack Vendor :STMicroelectronics X-CUBE-TOUCHGFX 4.26.0
2025-10-29 23:18:52,819 [INFO] ThirdParty:1030 - CMSIS Pack Vendor :STMicroelectronics X-CUBE-BLEMGR 3.1.0
2025-10-29 23:18:52,819 [INFO] ThirdParty:1030 - CMSIS Pack Vendor :STMicroelectronics X-CUBE-AI 10.0.0
2025-10-29 23:18:52,819 [INFO] ThirdParty:1030 - CMSIS Pack Vendor :STMicroelectronics FP-SNS-STBOX1 2.1.0
2025-10-29 23:18:52,819 [INFO] ThirdParty:1030 - CMSIS Pack Vendor :STMicroelectronics FP-SNS-STAIOTCFT 1.0.0
2025-10-29 23:18:52,819 [INFO] ThirdParty:1030 - CMSIS Pack Vendor :STMicroelectronics FP-SNS-SMARTAG2 1.2.0
2025-10-29 23:18:52,819 [INFO] ThirdParty:1030 - CMSIS Pack Vendor :STMicroelectronics FP-SNS-FLIGHT1 5.1.0
2025-10-29 23:18:52,819 [INFO] ThirdParty:1030 - CMSIS Pack Vendor :STMicroelectronics X-CUBE-MEMS1 11.1.0
2025-10-29 23:18:52,819 [INFO] ThirdParty:1030 - CMSIS Pack Vendor :STMicroelectronics X-CUBE-AZRTOS-WL 2.0.0
2025-10-29 23:18:52,819 [INFO] ThirdParty:1030 - CMSIS Pack Vendor :STMicroelectronics X-CUBE-DPower 1.3.0
2025-10-29 23:18:52,820 [INFO] ThirdParty:1030 - CMSIS Pack Vendor :STMicroelectronics FP-SNS-MOTENV1 5.0.0
2025-10-29 23:18:52,820 [INFO] ThirdParty:1030 - CMSIS Pack Vendor :STMicroelectronics USB_DEVICE 1.0.0
2025-10-29 23:18:52,820 [INFO] ThirdParty:1030 - CMSIS Pack Vendor :wolfSSL I-CUBE-wolfMQTT 1.19.0
2025-10-29 23:18:52,820 [INFO] ThirdParty:1030 - CMSIS Pack Vendor :STMicroelectronics X-CUBE-AZRTOS-L4 2.0.0
2025-10-29 23:18:52,820 [INFO] ThirdParty:1030 - CMSIS Pack Vendor :STMicroelectronics ThreadX 0.0.2
2025-10-29 23:18:52,820 [INFO] ThirdParty:1030 - CMSIS Pack Vendor :WES I-CUBE-Cesium 1.3.0
2025-10-29 23:18:52,820 [INFO] ThirdParty:1030 - CMSIS Pack Vendor :STMicroelectronics lwIP 2.1.2
2025-10-29 23:18:52,820 [INFO] ThirdParty:1030 - CMSIS Pack Vendor :STMicroelectronics X-CUBE-SFXS2LP1 4.0.0
2025-10-29 23:18:52,820 [INFO] ThirdParty:1030 - CMSIS Pack Vendor :STMicroelectronics X-CUBE-BLE2 3.3.0
2025-10-29 23:18:52,820 [INFO] ThirdParty:1030 - CMSIS Pack Vendor :STMicroelectronics PDM2PCM 3.2.0
2025-10-29 23:18:52,820 [INFO] ThirdParty:1030 - CMSIS Pack Vendor :STMicroelectronics X-CUBE-AZRTOS-H7 3.3.0
2025-10-29 23:18:52,820 [INFO] ThirdParty:1030 - CMSIS Pack Vendor :STMicroelectronics X-CUBE-NFC9 1.0.0
2025-10-29 23:18:52,820 [INFO] ThirdParty:1030 - CMSIS Pack Vendor :STMicroelectronics X-CUBE-BLE1 7.1.0
2025-10-29 23:18:52,820 [INFO] ThirdParty:1030 - CMSIS Pack Vendor :STMicroelectronics USB_DEVICE 3.0.0
2025-10-29 23:18:52,820 [INFO] ThirdParty:1030 - CMSIS Pack Vendor :STMicroelectronics X-CUBE-TCPP 4.1.0
2025-10-29 23:18:52,820 [INFO] ThirdParty:1030 - CMSIS Pack Vendor :STMicroelectronics X-CUBE-EEPRMA1 5.2.0
2025-10-29 23:18:52,820 [INFO] ThirdParty:1030 - CMSIS Pack Vendor :STMicroelectronics X-CUBE-BLEMGR 4.1.0
2025-10-29 23:18:52,820 [INFO] ThirdParty:1030 - CMSIS Pack Vendor :STMicroelectronics X-CUBE-IPS 3.0.0
2025-10-29 23:18:52,820 [INFO] ThirdParty:1030 - CMSIS Pack Vendor :STMicroelectronics X-CUBE-AZRTOS-WB 2.0.0
2025-10-29 23:18:52,821 [INFO] ThirdParty:1030 - CMSIS Pack Vendor :STMicroelectronics X-CUBE-GNSS1 7.0.0
2025-10-29 23:18:52,821 [INFO] ThirdParty:1030 - CMSIS Pack Vendor :STMicroelectronics X-CUBE-GNSS1 7.0.1
2025-10-29 23:18:52,821 [INFO] ThirdParty:1030 - CMSIS Pack Vendor :STMicroelectronics X-CUBE-TOUCHGFX 4.25.0
2025-10-29 23:18:52,821 [INFO] ThirdParty:1030 - CMSIS Pack Vendor :STMicroelectronics X-CUBE-ST67W61 1.1.0
2025-10-29 23:18:52,821 [INFO] ThirdParty:1030 - CMSIS Pack Vendor :STMicroelectronics X-CUBE-AI 10.1.0
2025-10-29 23:18:52,821 [INFO] ThirdParty:1030 - CMSIS Pack Vendor :STMicroelectronics FP-SNS-STBOX1 2.0.0
2025-10-29 23:18:52,821 [INFO] ThirdParty:1030 - CMSIS Pack Vendor :STMicroelectronics X-CUBE-MEMS1 11.2.0
2025-10-29 23:18:52,821 [INFO] ThirdParty:1030 - CMSIS Pack Vendor :STMicroelectronics X-CUBE-AZRTOS-G0 1.1.0
2025-10-29 23:18:52,821 [INFO] ThirdParty:1030 - CMSIS Pack Vendor :STMicroelectronics X-CUBE-SAFEA1 1.2.2
2025-10-29 23:18:52,821 [INFO] ThirdParty:1030 - CMSIS Pack Vendor :STMicroelectronics X-CUBE-NFC4 3.0.0
2025-10-29 23:18:52,821 [INFO] ThirdParty:1030 - CMSIS Pack Vendor :STMicroelectronics X-CUBE-SUBG2 5.0.0
2025-10-29 23:18:52,821 [INFO] ThirdParty:1030 - CMSIS Pack Vendor :STMicroelectronics X-CUBE-AZRTOS-H7RS 1.1.0
2025-10-29 23:18:52,821 [INFO] ThirdParty:1030 - CMSIS Pack Vendor :STMicroelectronics STM32_WPAN 1.0.0
2025-10-29 23:18:52,822 [INFO] ThirdParty:1030 - CMSIS Pack Vendor :EmbeddedOffice I-CUBE-FS-RTOS 1.0.1
2025-10-29 23:18:52,822 [INFO] ThirdParty:1030 - CMSIS Pack Vendor :STMicroelectronics lwIP 2.0.3
2025-10-29 23:18:52,822 [INFO] ThirdParty:1030 - CMSIS Pack Vendor :Cesanta I-CUBE-Mongoose 7.13.0
2025-10-29 23:18:52,822 [INFO] ThirdParty:1030 - CMSIS Pack Vendor :STMicroelectronics USB_HOST 1.0.0
2025-10-29 23:18:52,822 [INFO] ThirdParty:1030 - CMSIS Pack Vendor :STMicroelectronics X-CUBE-AZRTOS-G4 2.0.0
2025-10-29 23:18:52,822 [INFO] ThirdParty:1030 - CMSIS Pack Vendor :STMicroelectronics X-CUBE-WB05N 2.0.0
2025-10-29 23:18:52,822 [INFO] ThirdParty:1030 - CMSIS Pack Vendor :STMicroelectronics PDM2PCM 3.1.0
2025-10-29 23:18:52,822 [INFO] ThirdParty:1030 - CMSIS Pack Vendor :STMicroelectronics X-CUBE-NFC7 2.0.0
2025-10-29 23:18:52,822 [INFO] ThirdParty:1030 - CMSIS Pack Vendor :STMicroelectronics X-CUBE-TCPP 4.2.0
2025-10-29 23:18:52,822 [INFO] ThirdParty:1030 - CMSIS Pack Vendor :RealThread X-CUBE-RT-Thread_Nano 4.1.1
2025-10-29 23:18:52,822 [INFO] ThirdParty:1030 - CMSIS Pack Vendor :STMicroelectronics FP-ATR-SIGFOX1 3.2.0
2025-10-29 23:18:52,822 [INFO] ThirdParty:1030 - CMSIS Pack Vendor :wolfSSL I-CUBE-wolfSSL 5.7.2
2025-10-29 23:18:52,822 [INFO] ThirdParty:1030 - CMSIS Pack Vendor :quantropi X-CUBE-qispace-sdk-base 1.9.3
2025-10-29 23:18:52,822 [INFO] ThirdParty:1030 - CMSIS Pack Vendor :STMicroelectronics X-CUBE-EEPRMA1 5.1.0
2025-10-29 23:18:52,822 [INFO] ThirdParty:1030 - CMSIS Pack Vendor :STMicroelectronics MBEDTLS 2.16.2
2025-10-29 23:18:52,822 [INFO] ThirdParty:1030 - CMSIS Pack Vendor :STMicroelectronics X-CUBE-IPS 3.1.0
2025-10-29 23:18:52,822 [INFO] ThirdParty:1030 - CMSIS Pack Vendor :STMicroelectronics X-CUBE-ALS 1.0.2
2025-10-29 23:18:52,822 [INFO] ThirdParty:1030 - CMSIS Pack Vendor :ITTIA_DB I-CUBE-ITTIADB 8.9.0
2025-10-29 23:18:52,823 [INFO] ThirdParty:1030 - CMSIS Pack Vendor :STMicroelectronics X-CUBE-TOUCHGFX 4.24.2
2025-10-29 23:18:52,823 [INFO] ThirdParty:1030 - CMSIS Pack Vendor :STMicroelectronics X-CUBE-TOUCHGFX 4.24.1
2025-10-29 23:18:52,823 [INFO] ThirdParty:1030 - CMSIS Pack Vendor :STMicroelectronics X-CUBE-STSE01 1.0.0
2025-10-29 23:18:52,823 [INFO] ThirdParty:1030 - CMSIS Pack Vendor :wolfSSL I-CUBE-wolfTPM 3.4.0
2025-10-29 23:18:52,823 [INFO] ThirdParty:1030 - CMSIS Pack Vendor :portGmbH I-Cube-SoM-uGOAL 1.1.0
2025-10-29 23:18:52,823 [INFO] ThirdParty:1030 - CMSIS Pack Vendor :STMicroelectronics X-CUBE-ST67W61 1.0.0
2025-10-29 23:18:52,823 [INFO] ThirdParty:1030 - CMSIS Pack Vendor :STMicroelectronics X-CUBE-AI 10.2.0
2025-10-29 23:18:52,823 [INFO] ThirdParty:1030 - CMSIS Pack Vendor :STMicroelectronics ThreadX 1.0.0
2025-10-29 23:18:52,823 [INFO] ThirdParty:1030 - CMSIS Pack Vendor :SEGGER I-CUBE-embOS 1.3.1
2025-10-29 23:18:52,823 [INFO] ThirdParty:1030 - CMSIS Pack Vendor :STMicroelectronics X-CUBE-ALGOBUILD 1.4.0
2025-10-29 23:18:52,823 [INFO] ThirdParty:1030 - CMSIS Pack Vendor :STMicroelectronics X-CUBE-MEMS1 11.3.0
2025-10-29 23:18:52,823 [INFO] ThirdParty:1030 - CMSIS Pack Vendor :STMicroelectronics X-CUBE-AZRTOS-H7RS 1.0.0
2025-10-29 23:18:52,823 [INFO] ThirdParty:1030 - CMSIS Pack Vendor :STMicroelectronics FP-ATR-ASTRA1 2.0.0
2025-10-29 23:18:52,823 [INFO] ThirdParty:1030 - CMSIS Pack Vendor :STMicroelectronics X-CUBE-TOF1 3.4.2
2025-10-29 23:18:52,823 [INFO] ThirdParty:1030 - CMSIS Pack Vendor :STMicroelectronics X-CUBE-TOF1 3.4.3
2025-10-29 23:18:52,823 [INFO] ThirdParty:1030 - CMSIS Pack Vendor :STMicroelectronics X-CUBE-AI 9.1.0
2025-10-29 23:18:52,824 [INFO] ThirdParty:1030 - CMSIS Pack Vendor :Infineon AIROC-Wi-Fi-Bluetooth-STM32 1.6.1
2025-10-29 23:18:52,824 [INFO] ThirdParty:1030 - CMSIS Pack Vendor :wolfSSL I-CUBE-wolfSSH 1.4.17
2025-10-29 23:18:52,824 [INFO] ThirdParty:841 - exiting critical section [change project]
2025-10-29 23:18:53,436 [INFO] PinOutPanel:1589 - setPackage(No Configuration,No Configuration)
2025-10-29 23:18:53,437 [INFO] PinOutPanel:1589 - setPackage(STM32G431RBTx,LQFP64)
2025-10-29 23:18:54,005 [INFO] UtilMem:75 - Before build in PCC Used Memory: 289526344 Bytes (432013312)
2025-10-29 23:18:55,074 [INFO] UtilMem:75 - After build in PCC Used Memory: 395987824 Bytes (432013312)
2025-10-29 23:18:55,119 [INFO] IPUIPlugin:80 - create IPUIPlugin
2025-10-29 23:18:55,120 [INFO] IPUIPlugin:80 - create IPUIPlugin
2025-10-29 23:18:55,120 [INFO] IPUIPlugin:80 - create IPUIPlugin
2025-10-29 23:18:55,120 [INFO] IPUIPlugin:80 - create IPUIPlugin
2025-10-29 23:18:55,120 [INFO] IPUIPlugin:80 - create IPUIPlugin
2025-10-29 23:18:55,120 [INFO] IPUIPlugin:80 - create IPUIPlugin
2025-10-29 23:18:55,120 [INFO] IPUIPlugin:80 - create IPUIPlugin
2025-10-29 23:18:55,120 [INFO] IPUIPlugin:80 - create IPUIPlugin
2025-10-29 23:18:55,120 [INFO] IPUIPlugin:80 - create IPUIPlugin
2025-10-29 23:18:55,121 [INFO] IPUIPlugin:80 - create IPUIPlugin
2025-10-29 23:18:55,121 [INFO] IPUIPlugin:80 - create IPUIPlugin
2025-10-29 23:18:55,121 [INFO] IPUIPlugin:80 - create IPUIPlugin
2025-10-29 23:18:55,121 [INFO] IPUIPlugin:80 - create IPUIPlugin
2025-10-29 23:18:55,121 [INFO] IPUIPlugin:80 - create IPUIPlugin
2025-10-29 23:18:55,121 [INFO] IPUIPlugin:80 - create IPUIPlugin
2025-10-29 23:18:55,121 [INFO] IPUIPlugin:80 - create IPUIPlugin
2025-10-29 23:18:55,121 [INFO] IPUIPlugin:80 - create IPUIPlugin
2025-10-29 23:18:55,122 [INFO] IPUIPlugin:80 - create IPUIPlugin
2025-10-29 23:18:55,122 [INFO] IPUIPlugin:80 - create IPUIPlugin
2025-10-29 23:18:55,122 [INFO] IPUIPlugin:80 - create IPUIPlugin
2025-10-29 23:18:55,122 [INFO] IPUIPlugin:80 - create IPUIPlugin
2025-10-29 23:18:55,122 [INFO] IPUIPlugin:80 - create IPUIPlugin
2025-10-29 23:18:55,122 [INFO] IPUIPlugin:80 - create IPUIPlugin
2025-10-29 23:18:55,122 [INFO] IPUIPlugin:80 - create IPUIPlugin
2025-10-29 23:18:55,123 [INFO] IPUIPlugin:80 - create IPUIPlugin
2025-10-29 23:18:55,123 [INFO] IPUIPlugin:80 - create IPUIPlugin
2025-10-29 23:18:55,123 [INFO] IPUIPlugin:80 - create IPUIPlugin
2025-10-29 23:18:55,123 [INFO] IPUIPlugin:80 - create IPUIPlugin
2025-10-29 23:18:55,123 [INFO] IPUIPlugin:80 - create IPUIPlugin
2025-10-29 23:18:55,124 [INFO] IPUIPlugin:80 - create IPUIPlugin
2025-10-29 23:18:55,124 [INFO] IPUIPlugin:80 - create IPUIPlugin
2025-10-29 23:18:55,124 [INFO] IPUIPlugin:80 - create IPUIPlugin
2025-10-29 23:18:55,124 [INFO] IPUIPlugin:80 - create IPUIPlugin
2025-10-29 23:18:55,124 [INFO] IPUIPlugin:80 - create IPUIPlugin
2025-10-29 23:18:55,125 [INFO] IPUIPlugin:80 - create IPUIPlugin
2025-10-29 23:18:55,125 [INFO] IPUIPlugin:80 - create IPUIPlugin
2025-10-29 23:18:55,125 [INFO] IPUIPlugin:80 - create IPUIPlugin
2025-10-29 23:18:55,125 [INFO] IPUIPlugin:80 - create IPUIPlugin
2025-10-29 23:18:55,126 [INFO] IPUIPlugin:80 - create IPUIPlugin
2025-10-29 23:18:55,126 [INFO] IPUIPlugin:80 - create IPUIPlugin
2025-10-29 23:18:55,126 [INFO] IPUIPlugin:80 - create IPUIPlugin
2025-10-29 23:18:55,126 [INFO] IPUIPlugin:80 - create IPUIPlugin
2025-10-29 23:18:55,126 [INFO] IPUIPlugin:80 - create IPUIPlugin
2025-10-29 23:18:55,127 [INFO] IPUIPlugin:80 - create IPUIPlugin
2025-10-29 23:18:55,127 [INFO] IPUIPlugin:80 - create IPUIPlugin
2025-10-29 23:18:55,127 [INFO] IPUIPlugin:80 - create IPUIPlugin
2025-10-29 23:18:55,127 [INFO] IPUIPlugin:80 - create IPUIPlugin
2025-10-29 23:18:55,128 [INFO] IPUIPlugin:80 - create IPUIPlugin
2025-10-29 23:18:55,128 [INFO] IPUIPlugin:80 - create IPUIPlugin
2025-10-29 23:18:55,128 [INFO] IPUIPlugin:80 - create IPUIPlugin
2025-10-29 23:18:55,128 [INFO] IPUIPlugin:80 - create IPUIPlugin
2025-10-29 23:18:55,129 [INFO] IPUIPlugin:80 - create IPUIPlugin
2025-10-29 23:18:55,129 [INFO] IPUIPlugin:80 - create IPUIPlugin
2025-10-29 23:18:55,129 [INFO] IPUIPlugin:80 - create IPUIPlugin
2025-10-29 23:18:55,130 [INFO] IPUIPlugin:80 - create IPUIPlugin
2025-10-29 23:18:55,130 [INFO] IPUIPlugin:80 - create IPUIPlugin
2025-10-29 23:18:55,130 [INFO] IPUIPlugin:80 - create IPUIPlugin
2025-10-29 23:18:55,130 [INFO] IPUIPlugin:80 - create IPUIPlugin
2025-10-29 23:18:55,131 [INFO] IPUIPlugin:80 - create IPUIPlugin
2025-10-29 23:18:55,396 [INFO] CADModel:165 - CPN selected for project levelSTM32G431RBT6
2025-10-29 23:18:55,396 [INFO] CADModel:114 - Register for checkConnection events
2025-10-29 23:18:55,448 [INFO] OpenFileManager:386 - Restore cursor
2025-10-29 23:18:59,401 [INFO] LogOutputStream:77 - [STDOUT_REDIRECT] 
2025-10-29 23:18:59,723 [INFO] McuFinderGlobals:63 - Set McuFinder mode to 2 (CubeIDE integrated)
2025-10-29 23:18:59,724 [INFO] UserAuth:487 - Internet connection configuration mode: 1
2025-10-29 23:18:59,742 [INFO] JxBrowserEngine:152 - Initiate JxBrowser Engine with user profile folder
2025-10-29 23:19:00,880 [INFO] WebApp:169 - Instantiating new browser for Auth
2025-10-29 23:19:01,388 [INFO] WebApp:463 - Apply proxy settings
2025-10-29 23:19:01,388 [INFO] WebApp:548 - Chromium requires no authentication
2025-10-29 23:19:01,395 [INFO] WebApp:491 - Direct internet connection detected
2025-10-29 23:19:01,413 [INFO] WebApp:900 - Register for checkConnection events
2025-10-29 23:19:01,413 [INFO] WebApp:463 - Apply proxy settings
2025-10-29 23:19:01,413 [INFO] WebApp:548 - Chromium requires no authentication
2025-10-29 23:19:01,413 [INFO] WebApp:491 - Direct internet connection detected
2025-10-29 23:19:01,533 [INFO] WebApp:225 - Starting web application
2025-10-29 23:19:01,534 [INFO] WebApp:593 - Web application path used C:\ST\STM32CubeIDE_1.16.1\STM32CubeIDE\plugins\com.st.stm32cube.common.mx_6.15.0.202507011659\db\plugins\mcufinder\reactClient1\index.html
2025-10-29 23:19:01,627 [INFO] WebApp:191 - Connection restablished
2025-10-29 23:19:01,646 [INFO] UserAuth:487 - Internet connection configuration mode: 1
2025-10-29 23:19:15,788 [ERROR] LogOutputStream:75 - [STDERR_REDIRECT] 
2025-10-29 23:19:23,729 [INFO] Activator:176 - 


2025-10-29 23:19:23,731 [INFO] Activator:177 - !SESSION log4j initialized
2025-10-29 23:19:29,206 [INFO] LogOutputStream:77 - [STDOUT_REDIRECT] 
2025-10-29 23:19:29,839 [INFO] ApplicationProperties:184 - Using Application install path: C:\ST\STM32CubeIDE_1.16.1\STM32CubeIDE\plugins\com.st.stm32cube.common.mx_6.15.0.202507011659
2025-10-29 23:19:29,849 [INFO] DbMcusXml:78 - Set database path to: C:\ST\STM32CubeIDE_1.16.1\STM32CubeIDE\plugins\com.st.stm32cube.common.mx_6.15.0.202507011659\\db\/mcu/
2025-10-29 23:19:29,849 [INFO] ApiDb:274 - Set plugin database path to: C:\ST\STM32CubeIDE_1.16.1\STM32CubeIDE\plugins\com.st.stm32cube.common.mx_6.15.0.202507011659\\db\/plugins/boardmanager/
2025-10-29 23:19:29,849 [WARN] ApiDb:259 - Overriding images path with different value:  => C:\ST\STM32CubeIDE_1.16.1\STM32CubeIDE\plugins\com.st.stm32cube.common.mx_6.15.0.202507011659\\db\/plugins/mcufinder/images/
2025-10-29 23:19:29,852 [INFO] ApiDb:250 - Set database path to: C:\Users\Miloush\.stmcufinder\plugins\mcufinder//mcu/
2025-10-29 23:19:29,852 [INFO] DbMcusAds:125 - Set database path to: C:\Users\Miloush\.stmcufinder\plugins\mcufinder//mcu/
2025-10-29 23:19:29,853 [INFO] CrossReferenceDbSqlite:203 - Set database path to: C:\Users\Miloush\.stmcufinder\plugins\mcufinder//mcu/cs/
2025-10-29 23:19:29,935 [INFO] RulesReader:64 - Compatibility file has been processed (317 Rules)
2025-10-29 23:19:29,998 [INFO] DbMcusXml:78 - Set database path to: C:\ST\STM32CubeIDE_1.16.1\STM32CubeIDE\plugins\com.st.stm32cube.common.mx_6.15.0.202507011659\\db\/mcu/
2025-10-29 23:19:29,998 [INFO] ApiDb:274 - Set plugin database path to: C:\ST\STM32CubeIDE_1.16.1\STM32CubeIDE\plugins\com.st.stm32cube.common.mx_6.15.0.202507011659\\db\/plugins/boardmanager/
2025-10-29 23:19:29,998 [INFO] ApiDb:261 - Set plugin images path to: C:\ST\STM32CubeIDE_1.16.1\STM32CubeIDE\plugins\com.st.stm32cube.common.mx_6.15.0.202507011659\\db\/plugins/mcufinder/images/
2025-10-29 23:19:29,999 [WARN] DbFile:41 - Overriding database path with different value: C:\Users\Miloush\.stmcufinder\plugins\mcufinder/ => C:\Users\Miloush\.stmcufinder\plugins\mcufinder
2025-10-29 23:19:29,999 [INFO] ApiDb:250 - Set database path to: C:\Users\Miloush\.stmcufinder\plugins\mcufinder//mcu/
2025-10-29 23:19:29,999 [WARN] DbFile:41 - Overriding database path with different value: C:\Users\Miloush\.stmcufinder\plugins\mcufinder/ => C:\Users\Miloush\.stmcufinder\plugins\mcufinder
2025-10-29 23:19:29,999 [INFO] DbMcusAds:125 - Set database path to: C:\Users\Miloush\.stmcufinder\plugins\mcufinder//mcu/
2025-10-29 23:19:29,999 [WARN] DbFile:41 - Overriding database path with different value: C:\Users\Miloush\.stmcufinder\plugins\mcufinder/ => C:\Users\Miloush\.stmcufinder\plugins\mcufinder
2025-10-29 23:19:29,999 [WARN] DbFile:41 - Overriding database path with different value: C:\Users\Miloush\.stmcufinder\plugins\mcufinder/ => C:\Users\Miloush\.stmcufinder\plugins\mcufinder
2025-10-29 23:19:29,999 [INFO] CrossReferenceDbSqlite:203 - Set database path to: C:\Users\Miloush\.stmcufinder\plugins\mcufinder//mcu/cs/
2025-10-29 23:19:30,042 [INFO] MainPanel:274 - HeapMemory: 268435456
2025-10-29 23:19:30,096 [INFO] DbMcusXml:78 - Set database path to: C:\ST\STM32CubeIDE_1.16.1\STM32CubeIDE\plugins\com.st.stm32cube.common.mx_6.15.0.202507011659\\db\/mcu/
2025-10-29 23:19:30,097 [INFO] ApiDb:274 - Set plugin database path to: C:\ST\STM32CubeIDE_1.16.1\STM32CubeIDE\plugins\com.st.stm32cube.common.mx_6.15.0.202507011659\\db\/plugins/boardmanager/
2025-10-29 23:19:30,097 [INFO] ApiDb:261 - Set plugin images path to: C:\ST\STM32CubeIDE_1.16.1\STM32CubeIDE\plugins\com.st.stm32cube.common.mx_6.15.0.202507011659\\db\/plugins/mcufinder/images/
2025-10-29 23:19:30,097 [WARN] DbFile:41 - Overriding database path with different value: C:\Users\Miloush\.stmcufinder\plugins\mcufinder/ => C:\Users\Miloush\.stmcufinder\plugins\mcufinder
2025-10-29 23:19:30,097 [INFO] ApiDb:250 - Set database path to: C:\Users\Miloush\.stmcufinder\plugins\mcufinder//mcu/
2025-10-29 23:19:30,097 [WARN] DbFile:41 - Overriding database path with different value: C:\Users\Miloush\.stmcufinder\plugins\mcufinder/ => C:\Users\Miloush\.stmcufinder\plugins\mcufinder
2025-10-29 23:19:30,097 [INFO] DbMcusAds:125 - Set database path to: C:\Users\Miloush\.stmcufinder\plugins\mcufinder//mcu/
2025-10-29 23:19:30,097 [WARN] DbFile:41 - Overriding database path with different value: C:\Users\Miloush\.stmcufinder\plugins\mcufinder/ => C:\Users\Miloush\.stmcufinder\plugins\mcufinder
2025-10-29 23:19:30,097 [WARN] DbFile:41 - Overriding database path with different value: C:\Users\Miloush\.stmcufinder\plugins\mcufinder/ => C:\Users\Miloush\.stmcufinder\plugins\mcufinder
2025-10-29 23:19:30,097 [INFO] CrossReferenceDbSqlite:203 - Set database path to: C:\Users\Miloush\.stmcufinder\plugins\mcufinder//mcu/cs/
2025-10-29 23:19:30,110 [INFO] ApplicationProperties:184 - Using Application install path: C:\ST\STM32CubeIDE_1.16.1\STM32CubeIDE\plugins\com.st.stm32cube.common.mx_6.15.0.202507011659
2025-10-29 23:19:30,111 [INFO] PluginManage:196 - Search for loadable plugins [exclusion list=, ]
2025-10-29 23:19:30,112 [INFO] PluginManage:310 - Check plugin analytics
2025-10-29 23:19:30,429 [INFO] AnalyticsPlugin:253 - Accepted Software Licenses: STM32CubeMX.6.15.0
2025-10-29 23:19:30,429 [INFO] AnalyticsPlugin:255 - Accepted CMSIS Pack Licenses: 
2025-10-29 23:19:30,429 [INFO] AnalyticsPlugin:257 - Accepted Firmware Licenses: FW.G4.1.6.0,FW.F4.1.28.0
2025-10-29 23:19:30,433 [INFO] PluginManage:359 - Loaded plugin analytics (category:tool,tabindex:-1)
2025-10-29 23:19:30,433 [INFO] PluginManage:310 - Check plugin cadmodel
2025-10-29 23:19:30,438 [INFO] CADModel:105 - Init CAD model plugin
2025-10-29 23:19:30,438 [INFO] PluginManage:359 - Loaded plugin cadmodel (category:power,tabindex:5)
2025-10-29 23:19:30,438 [INFO] PluginManage:310 - Check plugin clock
2025-10-29 23:19:30,444 [INFO] PluginManage:359 - Loaded plugin clock (category:base,tabindex:2)
2025-10-29 23:19:30,444 [INFO] PluginManage:310 - Check plugin ddr
2025-10-29 23:19:30,445 [INFO] PluginManage:359 - Loaded plugin ddr (category:tool,tabindex:6)
2025-10-29 23:19:30,446 [INFO] PluginManage:310 - Check plugin filemanager
2025-10-29 23:19:30,548 [INFO] PluginManage:359 - Loaded plugin filemanager (category:base,tabindex:10)
2025-10-29 23:19:30,548 [INFO] PluginManage:310 - Check plugin ipmanager
2025-10-29 23:19:30,552 [INFO] PluginManage:359 - Loaded plugin ipmanager (category:base,tabindex:5)
2025-10-29 23:19:30,553 [INFO] PluginManage:310 - Check plugin lpbam
2025-10-29 23:19:30,557 [INFO] PluginManage:359 - Loaded plugin lpbam (category:base,tabindex:0)
2025-10-29 23:19:30,557 [INFO] PluginManage:310 - Check plugin memorymap
2025-10-29 23:19:30,563 [INFO] PluginManage:359 - Loaded plugin memorymap (category:base,tabindex:4)
2025-10-29 23:19:30,563 [INFO] PluginManage:310 - Check plugin pinoutandconfiguration
2025-10-29 23:19:30,568 [INFO] PluginManage:359 - Loaded plugin pinoutandconfiguration (category:base,tabindex:1)
2025-10-29 23:19:30,568 [INFO] PluginManage:310 - Check plugin pinoutconfig
2025-10-29 23:19:30,617 [INFO] McuFinderGlobals:63 - Set McuFinder mode to 2 (CubeIDE integrated)
2025-10-29 23:19:30,629 [WARN] SupportedApi:132 - Cannot load RTOS API schema: s4s-elt-must-match.1: The content of 'definitions' must match (annotation?, (simpleType | complexType)?, (unique | key | keyref)*)). A problem was found starting at: attribute.
2025-10-29 23:19:30,717 [INFO] PluginManage:359 - Loaded plugin pinoutconfig (category:base,tabindex:0)
2025-10-29 23:19:30,718 [INFO] PluginManage:310 - Check plugin power
2025-10-29 23:19:30,724 [INFO] PluginManage:359 - Loaded plugin power (category:power,tabindex:4)
2025-10-29 23:19:30,724 [INFO] PluginManage:310 - Check plugin projectmanager
2025-10-29 23:19:30,736 [INFO] PluginManage:359 - Loaded plugin projectmanager (category:projectmanager,tabindex:4)
2025-10-29 23:19:30,736 [INFO] PluginManage:310 - Check plugin rif
2025-10-29 23:19:30,744 [INFO] PluginManage:359 - Loaded plugin rif (category:base,tabindex:3)
2025-10-29 23:19:30,744 [INFO] PluginManage:310 - Check plugin thirdparty
2025-10-29 23:19:30,833 [WARN] IntegrityCheckThread:84 - waiting for thirdparty lock release [integrity check]
2025-10-29 23:19:30,833 [INFO] IntegrityCheckThread:86 - entering critical section [integrity check]
2025-10-29 23:19:30,833 [INFO] ThirdPartyUpdaterWithRetryManager:70 - Updater plugin not ready yet. [1/15]
2025-10-29 23:19:30,834 [INFO] PluginManage:359 - Loaded plugin thirdparty (category:base,tabindex:-1)
2025-10-29 23:19:30,834 [INFO] PluginManage:310 - Check plugin tools
2025-10-29 23:19:30,838 [INFO] PluginManage:359 - Loaded plugin tools (category:base,tabindex:7)
2025-10-29 23:19:30,838 [INFO] PluginManage:310 - Check plugin tutovideos
2025-10-29 23:19:30,953 [INFO] PluginManage:359 - Loaded plugin tutovideos (category:base,tabindex:-1)
2025-10-29 23:19:30,953 [INFO] PluginManage:310 - Check plugin updater
2025-10-29 23:19:30,967 [INFO] PluginManage:359 - Loaded plugin updater (category:base,tabindex:12)
2025-10-29 23:19:30,967 [INFO] PluginManage:310 - Check plugin userauth
2025-10-29 23:19:30,970 [INFO] UserAuth:118 - Init User Auth plugin
2025-10-29 23:19:30,970 [INFO] PluginManage:359 - Loaded plugin userauth (category:base,tabindex:14)
2025-10-29 23:19:30,970 [INFO] PluginManage:283 - PluginManage : Loaded plugins [18]
2025-10-29 23:19:31,096 [INFO] PinOutPanel:1589 - setPackage(No Configuration,No Configuration)
2025-10-29 23:19:31,144 [INFO] CADModel:165 - CPN selected for project level
2025-10-29 23:19:31,145 [INFO] CADModel:114 - Register for checkConnection events
2025-10-29 23:19:31,155 [INFO] IPUIPlugin:80 - create IPUIPlugin
2025-10-29 23:19:31,155 [INFO] PluginManager:220 - loadIPPluginJar : add adc
2025-10-29 23:19:31,156 [INFO] IPUIPlugin:80 - create IPUIPlugin
2025-10-29 23:19:31,156 [INFO] PluginManager:220 - loadIPPluginJar : add aes
2025-10-29 23:19:31,158 [INFO] IPUIPlugin:80 - create IPUIPlugin
2025-10-29 23:19:31,158 [INFO] PluginManager:220 - loadIPPluginJar : add can
2025-10-29 23:19:31,159 [INFO] IPUIPlugin:80 - create IPUIPlugin
2025-10-29 23:19:31,159 [INFO] PluginManager:220 - loadIPPluginJar : add comp
2025-10-29 23:19:31,160 [INFO] IPUIPlugin:80 - create IPUIPlugin
2025-10-29 23:19:31,160 [INFO] PluginManager:220 - loadIPPluginJar : add cryp
2025-10-29 23:19:31,161 [INFO] IPUIPlugin:80 - create IPUIPlugin
2025-10-29 23:19:31,161 [INFO] PluginManager:220 - loadIPPluginJar : add ddr_ctrl_phy
2025-10-29 23:19:31,162 [INFO] IPUIPlugin:80 - create IPUIPlugin
2025-10-29 23:19:31,162 [INFO] PluginManager:220 - loadIPPluginJar : add dfsdm
2025-10-29 23:19:31,165 [INFO] IPUIPlugin:80 - create IPUIPlugin
2025-10-29 23:19:31,166 [INFO] PluginManager:220 - loadIPPluginJar : add dma
2025-10-29 23:19:31,169 [INFO] IPUIPlugin:80 - create IPUIPlugin
2025-10-29 23:19:31,169 [INFO] PluginManager:220 - loadIPPluginJar : add dma3
2025-10-29 23:19:31,171 [INFO] IPUIPlugin:80 - create IPUIPlugin
2025-10-29 23:19:31,171 [INFO] PluginManager:220 - loadIPPluginJar : add extmemmanager
2025-10-29 23:19:31,172 [INFO] IPUIPlugin:80 - create IPUIPlugin
2025-10-29 23:19:31,172 [INFO] PluginManager:220 - loadIPPluginJar : add fatfs
2025-10-29 23:19:31,174 [INFO] IPUIPlugin:80 - create IPUIPlugin
2025-10-29 23:19:31,174 [INFO] PluginManager:220 - loadIPPluginJar : add fmc
2025-10-29 23:19:31,180 [INFO] IPUIPlugin:80 - create IPUIPlugin
2025-10-29 23:19:31,180 [INFO] PluginManager:220 - loadIPPluginJar : add freertos
2025-10-29 23:19:31,181 [INFO] IPUIPlugin:80 - create IPUIPlugin
2025-10-29 23:19:31,181 [INFO] PluginManager:220 - loadIPPluginJar : add genericplugin
2025-10-29 23:19:31,182 [INFO] IPUIPlugin:80 - create IPUIPlugin
2025-10-29 23:19:31,182 [INFO] PluginManager:220 - loadIPPluginJar : add gfxmmu
2025-10-29 23:19:31,185 [INFO] IPUIPlugin:80 - create IPUIPlugin
2025-10-29 23:19:31,186 [INFO] PluginManager:220 - loadIPPluginJar : add gic
2025-10-29 23:19:31,188 [INFO] IPUIPlugin:80 - create IPUIPlugin
2025-10-29 23:19:31,188 [INFO] PluginManager:220 - loadIPPluginJar : add gpio
2025-10-29 23:19:31,191 [INFO] IPUIPlugin:80 - create IPUIPlugin
2025-10-29 23:19:31,191 [INFO] PluginManager:220 - loadIPPluginJar : add gtzc
2025-10-29 23:19:31,192 [INFO] IPUIPlugin:80 - create IPUIPlugin
2025-10-29 23:19:31,192 [INFO] PluginManager:220 - loadIPPluginJar : add hash
2025-10-29 23:19:31,194 [INFO] IPUIPlugin:80 - create IPUIPlugin
2025-10-29 23:19:31,194 [INFO] PluginManager:220 - loadIPPluginJar : add i2c
2025-10-29 23:19:31,196 [INFO] IPUIPlugin:80 - create IPUIPlugin
2025-10-29 23:19:31,196 [INFO] PluginManager:220 - loadIPPluginJar : add i2s
2025-10-29 23:19:31,198 [INFO] IPUIPlugin:80 - create IPUIPlugin
2025-10-29 23:19:31,198 [INFO] PluginManager:220 - loadIPPluginJar : add i3c
2025-10-29 23:19:31,201 [INFO] IPUIPlugin:80 - create IPUIPlugin
2025-10-29 23:19:31,201 [INFO] PluginManager:220 - loadIPPluginJar : add ipddr
2025-10-29 23:19:31,205 [INFO] IPUIPlugin:80 - create IPUIPlugin
2025-10-29 23:19:31,206 [INFO] PluginManager:220 - loadIPPluginJar : add linkedlist
2025-10-29 23:19:31,208 [INFO] IPUIPlugin:80 - create IPUIPlugin
2025-10-29 23:19:31,208 [INFO] PluginManager:220 - loadIPPluginJar : add lorawan
2025-10-29 23:19:31,209 [INFO] IPUIPlugin:80 - create IPUIPlugin
2025-10-29 23:19:31,209 [INFO] PluginManager:220 - loadIPPluginJar : add ltdc
2025-10-29 23:19:31,212 [INFO] IPUIPlugin:80 - create IPUIPlugin
2025-10-29 23:19:31,212 [INFO] PluginManager:220 - loadIPPluginJar : add mdma
2025-10-29 23:19:31,214 [INFO] IPUIPlugin:80 - create IPUIPlugin
2025-10-29 23:19:31,214 [INFO] PluginManager:220 - loadIPPluginJar : add nvic
2025-10-29 23:19:31,215 [INFO] IPUIPlugin:80 - create IPUIPlugin
2025-10-29 23:19:31,215 [INFO] PluginManager:220 - loadIPPluginJar : add opamp
2025-10-29 23:19:31,217 [INFO] IPUIPlugin:80 - create IPUIPlugin
2025-10-29 23:19:31,217 [INFO] PluginManager:220 - loadIPPluginJar : add openamp
2025-10-29 23:19:31,218 [INFO] IPUIPlugin:80 - create IPUIPlugin
2025-10-29 23:19:31,219 [INFO] PluginManager:220 - loadIPPluginJar : add pdm2pcm
2025-10-29 23:19:31,222 [INFO] IPUIPlugin:80 - create IPUIPlugin
2025-10-29 23:19:31,224 [INFO] PluginManager:220 - loadIPPluginJar : add plateformsettings
2025-10-29 23:19:31,224 [INFO] IPUIPlugin:80 - create IPUIPlugin
2025-10-29 23:19:31,224 [INFO] PluginManager:220 - loadIPPluginJar : add quadspi
2025-10-29 23:19:31,225 [INFO] IPUIPlugin:80 - create IPUIPlugin
2025-10-29 23:19:31,226 [INFO] PluginManager:220 - loadIPPluginJar : add radio
2025-10-29 23:19:31,227 [INFO] IPUIPlugin:80 - create IPUIPlugin
2025-10-29 23:19:31,227 [INFO] PluginManager:220 - loadIPPluginJar : add resmgrutility
2025-10-29 23:19:31,229 [INFO] IPUIPlugin:80 - create IPUIPlugin
2025-10-29 23:19:31,229 [INFO] PluginManager:220 - loadIPPluginJar : add sai
2025-10-29 23:19:31,230 [INFO] IPUIPlugin:80 - create IPUIPlugin
2025-10-29 23:19:31,230 [INFO] PluginManager:220 - loadIPPluginJar : add spi
2025-10-29 23:19:31,234 [INFO] IPUIPlugin:80 - create IPUIPlugin
2025-10-29 23:19:31,234 [INFO] PluginManager:220 - loadIPPluginJar : add stm32_wpan
2025-10-29 23:19:31,235 [INFO] IPUIPlugin:80 - create IPUIPlugin
2025-10-29 23:19:31,235 [INFO] PluginManager:220 - loadIPPluginJar : add tim
2025-10-29 23:19:31,237 [INFO] IPUIPlugin:80 - create IPUIPlugin
2025-10-29 23:19:31,237 [INFO] PluginManager:220 - loadIPPluginJar : add touchsensing
2025-10-29 23:19:31,238 [INFO] IPUIPlugin:80 - create IPUIPlugin
2025-10-29 23:19:31,238 [INFO] PluginManager:220 - loadIPPluginJar : add tracer_emb
2025-10-29 23:19:31,239 [INFO] IPUIPlugin:80 - create IPUIPlugin
2025-10-29 23:19:31,239 [INFO] PluginManager:220 - loadIPPluginJar : add ts
2025-10-29 23:19:31,240 [INFO] IPUIPlugin:80 - create IPUIPlugin
2025-10-29 23:19:31,240 [INFO] PluginManager:220 - loadIPPluginJar : add tsc
2025-10-29 23:19:31,241 [INFO] IPUIPlugin:80 - create IPUIPlugin
2025-10-29 23:19:31,241 [INFO] PluginManager:220 - loadIPPluginJar : add ucpd
2025-10-29 23:19:31,242 [INFO] IPUIPlugin:80 - create IPUIPlugin
2025-10-29 23:19:31,242 [INFO] PluginManager:220 - loadIPPluginJar : add usart
2025-10-29 23:19:31,244 [INFO] IPUIPlugin:80 - create IPUIPlugin
2025-10-29 23:19:31,244 [INFO] PluginManager:220 - loadIPPluginJar : add usbx
2025-10-29 23:19:31,352 [FATAL] Updater:351 - Updater called before beeing initialized
2025-10-29 23:19:31,370 [INFO] RulesReader:64 - Compatibility file has been processed (317 Rules)
2025-10-29 23:19:31,377 [INFO] RulesReader:64 - Compatibility file has been processed (317 Rules)
2025-10-29 23:19:31,386 [INFO] CADModel:165 - CPN selected for project level
2025-10-29 23:19:31,386 [INFO] CADModel:114 - Register for checkConnection events
2025-10-29 23:19:31,386 [FATAL] Updater:351 - Updater called before beeing initialized
2025-10-29 23:19:31,386 [ERROR] CADModel:125 - Updater not yet initialized, retry later 
2025-10-29 23:19:31,504 [FATAL] Updater:351 - Updater called before beeing initialized
2025-10-29 23:19:31,505 [INFO] CADModel:165 - CPN selected for project level
2025-10-29 23:19:31,505 [INFO] CADModel:114 - Register for checkConnection events
2025-10-29 23:19:31,505 [FATAL] Updater:351 - Updater called before beeing initialized
2025-10-29 23:19:31,505 [ERROR] CADModel:125 - Updater not yet initialized, retry later 
2025-10-29 23:19:31,507 [FATAL] Updater:351 - Updater called before beeing initialized
2025-10-29 23:19:31,589 [FATAL] Updater:351 - Updater called before beeing initialized
2025-10-29 23:19:31,592 [INFO] DbMcusAds:53 - JSON generation date=Thu Oct 02 11:36:05 CEST 2025 (1759397765645)
2025-10-29 23:19:31,592 [FATAL] Updater:351 - Updater called before beeing initialized
2025-10-29 23:19:31,616 [WARN] DetailPanel:346 - Failed to get advertising image, set to default
2025-10-29 23:19:31,668 [FATAL] Updater:351 - Updater called before beeing initialized
2025-10-29 23:19:31,669 [FATAL] Updater:351 - Updater called before beeing initialized
2025-10-29 23:19:31,670 [FATAL] Updater:351 - Updater called before beeing initialized
2025-10-29 23:19:31,670 [WARN] DetailPanel:346 - Failed to get advertising image, set to default
2025-10-29 23:19:31,670 [FATAL] Updater:351 - Updater called before beeing initialized
2025-10-29 23:19:31,697 [ERROR] Updater:1198 - MainUpdater not yet initialized. External WinMGr cannot be set.
2025-10-29 23:19:31,698 [INFO] Updater:1134 - Updater Version found : 6.15.0
2025-10-29 23:19:31,707 [INFO] ApplicationProperties:184 - Using Application install path: C:\ST\STM32CubeIDE_1.16.1\STM32CubeIDE\plugins\com.st.stm32cube.common.mx_6.15.0.202507011659
2025-10-29 23:19:31,973 [INFO] MainUpdater:2872 - connection check result : 10
2025-10-29 23:19:31,973 [INFO] MainUpdater:289 - Updater Check For Update Now.
2025-10-29 23:19:31,973 [INFO] MicroXplorer:498 - Change Database Version : DB.6.0.150
2025-10-29 23:19:31,980 [INFO] McuFinderGlobals:63 - Set McuFinder mode to 2 (CubeIDE integrated)
2025-10-29 23:19:31,981 [INFO] UserAuth:487 - Internet connection configuration mode: 1
2025-10-29 23:19:32,000 [INFO] JxBrowserEngine:152 - Initiate JxBrowser Engine with user profile folder
2025-10-29 23:19:32,133 [INFO] CheckServerUpdateThread:120 - End of CheckServer Thread
2025-10-29 23:19:32,183 [INFO] MainUpdater:2872 - connection check result : 10
2025-10-29 23:19:32,183 [INFO] MainUpdater:2872 - connection check result : 10
2025-10-29 23:19:32,204 [INFO] MicroXplorer:468 - Change Database Path : 
2025-10-29 23:19:32,204 [INFO] MicroXplorer:498 - Change Database Version : DB.6.0.150
2025-10-29 23:19:32,207 [WARN] ThirdParty:871 - waiting for thirdparty lock release [close project]
2025-10-29 23:19:32,819 [INFO] WebApp:169 - Instantiating new browser for Auth
2025-10-29 23:19:33,183 [INFO] WebApp:463 - Apply proxy settings
2025-10-29 23:19:33,183 [INFO] WebApp:548 - Chromium requires no authentication
2025-10-29 23:19:33,188 [INFO] WebApp:491 - Direct internet connection detected
2025-10-29 23:19:33,199 [INFO] WebApp:900 - Register for checkConnection events
2025-10-29 23:19:33,199 [INFO] WebApp:463 - Apply proxy settings
2025-10-29 23:19:33,199 [INFO] WebApp:548 - Chromium requires no authentication
2025-10-29 23:19:33,200 [INFO] WebApp:491 - Direct internet connection detected
2025-10-29 23:19:33,291 [INFO] WebApp:225 - Starting web application
2025-10-29 23:19:33,291 [INFO] WebApp:593 - Web application path used C:\ST\STM32CubeIDE_1.16.1\STM32CubeIDE\plugins\com.st.stm32cube.common.mx_6.15.0.202507011659\db\plugins\mcufinder\reactClient1\index.html
2025-10-29 23:19:33,389 [INFO] UserAuth:487 - Internet connection configuration mode: 1
2025-10-29 23:19:33,428 [INFO] WebApp:191 - Connection restablished
2025-10-29 23:19:33,966 [WARN] PackLoader:240 - Cannot read IP mode file for STMicroelectronics.FP-SNS-MOTENVWB1.1.4.0
2025-10-29 23:19:33,971 [WARN] PackLoader:240 - Cannot read IP mode file for STMicroelectronics.FP-ATR-ASTRA1.2.0.2
2025-10-29 23:19:33,974 [WARN] PackLoader:240 - Cannot read IP mode file for STMicroelectronics.FP-ATR-ASTRA1.2.0.1
2025-10-29 23:19:33,980 [WARN] PackLoader:240 - Cannot read IP mode file for STMicroelectronics.X-CUBE-SMBUS.2.1.0
2025-10-29 23:19:33,985 [WARN] PackLoader:240 - Cannot read IP mode file for STMicroelectronics.X-CUBE-WB05N.1.1.0
2025-10-29 23:19:33,989 [WARN] PackLoader:240 - Cannot read IP mode file for STMicroelectronics.X-CUBE-ST60.1.0.0
2025-10-29 23:19:34,011 [WARN] PackLoader:240 - Cannot read IP mode file for STMicroelectronics.X-CUBE-AZRTOS-F7.1.1.0
2025-10-29 23:19:34,041 [WARN] PackLoader:240 - Cannot read IP mode file for STMicroelectronics.X-CUBE-MEMS1.11.0.0
2025-10-29 23:19:34,122 [WARN] PackLoader:240 - Cannot read IP mode file for STMicroelectronics.FP-SNS-MOTENV1.5.1.0
2025-10-29 23:19:34,126 [WARN] PackLoader:240 - Cannot read IP mode file for STMicroelectronics.FP-SNS-FLIGHT1.5.0.2
2025-10-29 23:19:34,138 [WARN] PackLoader:240 - Cannot read IP mode file for STMicroelectronics.X-CUBE-AZRTOS-H7.3.4.0
2025-10-29 23:19:34,143 [WARN] PackLoader:240 - Cannot read IP mode file for STMicroelectronics.X-CUBE-DISPLAY.3.0.0
2025-10-29 23:19:34,148 [WARN] PackLoader:240 - Cannot read IP mode file for STMicroelectronics.X-CUBE-BLE1.7.0.0
2025-10-29 23:19:34,151 [WARN] PackLoader:240 - Cannot read IP mode file for STMicroelectronics.X-CUBE-NFC10.1.0.0
2025-10-29 23:19:34,177 [WARN] PackLoader:240 - Cannot read IP mode file for STMicroelectronics.X-CUBE-BLEMGR.4.0.0
2025-10-29 23:19:34,182 [WARN] PackLoader:240 - Cannot read IP mode file for STMicroelectronics.X-CUBE-ST60.1.1.0
2025-10-29 23:19:34,187 [WARN] PackLoader:240 - Cannot read IP mode file for emotas.I-CUBE-CANOPEN.1.3.0
2025-10-29 23:19:34,191 [WARN] PackLoader:240 - Cannot read IP mode file for STMicroelectronics.X-CUBE-GNSS1.7.1.0
2025-10-29 23:19:34,197 [WARN] PackLoader:240 - Cannot read IP mode file for STMicroelectronics.X-CUBE-BLEMGR.3.1.0
2025-10-29 23:19:34,201 [WARN] PackLoader:240 - Cannot read IP mode file for STMicroelectronics.X-CUBE-AI.10.0.0
2025-10-29 23:19:34,205 [WARN] PackLoader:240 - Cannot read IP mode file for STMicroelectronics.FP-SNS-STBOX1.2.1.0
2025-10-29 23:19:34,208 [WARN] PackLoader:240 - Cannot read IP mode file for STMicroelectronics.FP-SNS-SMARTAG2.1.2.0
2025-10-29 23:19:34,210 [WARN] PackLoader:240 - Cannot read IP mode file for STMicroelectronics.FP-SNS-FLIGHT1.5.1.0
2025-10-29 23:19:34,233 [WARN] PackLoader:240 - Cannot read IP mode file for STMicroelectronics.X-CUBE-MEMS1.11.1.0
2025-10-29 23:19:34,290 [INFO] LogOutputStream:77 - [STDOUT_REDIRECT] 1 : Invalid condition id : UX_CORESTACK_Condition cause : null
2025-10-29 23:19:34,291 [INFO] LogOutputStream:77 - [STDOUT_REDIRECT] 1 : Invalid condition id : UX_CORESTACK_Condition cause : null
2025-10-29 23:19:34,292 [INFO] LogOutputStream:77 - [STDOUT_REDIRECT] 1 : Invalid condition id : UX_CORESTACK_Condition cause : null
2025-10-29 23:19:34,293 [INFO] LogOutputStream:77 - [STDOUT_REDIRECT] 1 : Invalid condition id : UX_CORESTACK_Condition cause : null
2025-10-29 23:19:34,294 [INFO] LogOutputStream:77 - [STDOUT_REDIRECT] 1 : Invalid condition id : UX_CORESTACK_Condition cause : null
2025-10-29 23:19:34,295 [WARN] PackLoader:240 - Cannot read IP mode file for STMicroelectronics.X-CUBE-AZRTOS-WL.2.0.0
2025-10-29 23:19:34,297 [WARN] PackLoader:240 - Cannot read IP mode file for STMicroelectronics.FP-SNS-MOTENV1.5.0.0
2025-10-29 23:19:34,300 [WARN] PackLoader:240 - Cannot read IP mode file for wolfSSL.I-CUBE-wolfMQTT.1.19.0
2025-10-29 23:19:34,305 [WARN] PackLoader:240 - Cannot read IP mode file for WES.I-CUBE-Cesium.1.3.0
2025-10-29 23:19:34,308 [WARN] PackLoader:240 - Cannot read IP mode file for STMicroelectronics.X-CUBE-BLE2.3.3.0
2025-10-29 23:19:34,311 [WARN] PackLoader:240 - Cannot read IP mode file for STMicroelectronics.X-CUBE-NFC9.1.0.0
2025-10-29 23:19:34,313 [WARN] PackLoader:240 - Cannot read IP mode file for STMicroelectronics.X-CUBE-BLE1.7.1.0
2025-10-29 23:19:34,316 [WARN] PackLoader:240 - Cannot read IP mode file for STMicroelectronics.X-CUBE-TCPP.4.1.0
2025-10-29 23:19:34,320 [WARN] PackLoader:240 - Cannot read IP mode file for STMicroelectronics.X-CUBE-EEPRMA1.5.2.0
2025-10-29 23:19:34,324 [WARN] PackLoader:240 - Cannot read IP mode file for STMicroelectronics.X-CUBE-ST67W61.1.1.0
2025-10-29 23:19:34,326 [WARN] PackLoader:240 - Cannot read IP mode file for STMicroelectronics.X-CUBE-AI.10.1.0
2025-10-29 23:19:34,346 [WARN] PackLoader:240 - Cannot read IP mode file for STMicroelectronics.X-CUBE-MEMS1.11.2.0
2025-10-29 23:19:34,405 [WARN] PackLoader:240 - Cannot read IP mode file for STMicroelectronics.X-CUBE-AZRTOS-G0.1.1.0
2025-10-29 23:19:34,409 [WARN] PackLoader:240 - Cannot read IP mode file for STMicroelectronics.X-CUBE-SAFEA1.1.2.2
2025-10-29 23:19:34,411 [WARN] PackLoader:240 - Cannot read IP mode file for STMicroelectronics.X-CUBE-NFC4.3.0.0
2025-10-29 23:19:34,417 [WARN] PackLoader:240 - Cannot read IP mode file for EmbeddedOffice.I-CUBE-FS-RTOS.1.0.1
2025-10-29 23:19:34,420 [WARN] PackLoader:240 - Cannot read IP mode file for STMicroelectronics.X-CUBE-WB05N.2.0.0
2025-10-29 23:19:34,422 [WARN] PackLoader:240 - Cannot read IP mode file for STMicroelectronics.X-CUBE-TCPP.4.2.0
2025-10-29 23:19:34,425 [WARN] PackLoader:240 - Cannot read IP mode file for RealThread.X-CUBE-RT-Thread_Nano.4.1.1
2025-10-29 23:19:34,427 [WARN] PackLoader:240 - Cannot read IP mode file for STMicroelectronics.FP-ATR-SIGFOX1.3.2.0
2025-10-29 23:19:34,429 [WARN] PackLoader:240 - Cannot read IP mode file for wolfSSL.I-CUBE-wolfSSL.5.7.2
2025-10-29 23:19:34,432 [WARN] ConditionMgr:438 - getConditionDescription Invalid condition id : Cortex-A Device cause : null
2025-10-29 23:19:34,441 [WARN] ConditionMgr:1044 - genDependencies : Invalid condition id : Cortex-A Device cause : null
2025-10-29 23:19:34,442 [WARN] ConditionMgr:1044 - genDependencies : Invalid condition id : Cortex-A Device cause : null
2025-10-29 23:19:34,442 [WARN] ConditionMgr:1044 - genDependencies : Invalid condition id : Cortex-A Device cause : null
2025-10-29 23:19:34,444 [WARN] PackLoader:240 - Cannot read IP mode file for STMicroelectronics.X-CUBE-EEPRMA1.5.1.0
2025-10-29 23:19:34,449 [WARN] PackLoader:240 - Cannot read IP mode file for ITTIA_DB.I-CUBE-ITTIADB.8.9.0
2025-10-29 23:19:34,457 [WARN] PackLoader:240 - Cannot read IP mode file for STMicroelectronics.X-CUBE-ST67W61.1.0.0
2025-10-29 23:19:34,460 [WARN] PackLoader:240 - Cannot read IP mode file for STMicroelectronics.X-CUBE-AI.10.2.0
2025-10-29 23:19:34,473 [WARN] PackLoader:240 - Cannot read IP mode file for SEGGER.I-CUBE-embOS.1.3.1
2025-10-29 23:19:34,487 [WARN] PackLoader:240 - Cannot read IP mode file for STMicroelectronics.X-CUBE-ALGOBUILD.1.4.0
2025-10-29 23:19:34,516 [WARN] PackLoader:240 - Cannot read IP mode file for STMicroelectronics.X-CUBE-MEMS1.11.3.0
2025-10-29 23:19:34,586 [WARN] PackLoader:240 - Cannot read IP mode file for STMicroelectronics.X-CUBE-AI.9.1.0
2025-10-29 23:19:34,590 [WARN] PackLoader:240 - Cannot read IP mode file for STMicroelectronics.X-CUBE-PM33A1.1.0.0
2025-10-29 23:19:34,596 [WARN] PackLoader:240 - Cannot read IP mode file for STMicroelectronics.X-CUBE-AZRTOS-F4.1.1.0
2025-10-29 23:19:34,600 [WARN] PackLoader:240 - Cannot read IP mode file for Avnet-IotConnect.X-CUBE-IoTC-DA16k-PMOD.1.0.0
2025-10-29 23:19:34,602 [WARN] PackLoader:240 - Cannot read IP mode file for STMicroelectronics.X-CUBE-ISPU.2.1.0
2025-10-29 23:19:34,607 [WARN] PackLoader:240 - Cannot read IP mode file for STMicroelectronics.X-CUBE-IPS.3.2.0
2025-10-29 23:19:34,612 [WARN] PackLoader:240 - Cannot read IP mode file for STMicroelectronics.X-CUBE-FREERTOS.1.2.0
2025-10-29 23:19:34,615 [WARN] PackLoader:240 - Cannot read IP mode file for STMicroelectronics.X-CUBE-NFC12.1.0.0
2025-10-29 23:19:34,623 [WARN] PackLoader:240 - Cannot read IP mode file for STMicroelectronics.X-CUBE-AZRTOS-L5.2.0.0
2025-10-29 23:19:34,627 [WARN] PackLoader:240 - Cannot read IP mode file for STMicroelectronics.X-CUBE-NFC6.3.1.0
2025-10-29 23:19:34,630 [WARN] PackLoader:240 - Cannot read IP mode file for STMicroelectronics.X-CUBE-DPower.1.2.0
2025-10-29 23:19:34,632 [WARN] PackLoader:240 - Cannot read IP mode file for STMicroelectronics.X-CUBE-FREERTOS.1.3.1
2025-10-29 23:19:34,634 [WARN] PackLoader:240 - Cannot read IP mode file for STMicroelectronics.X-CUBE-FREERTOS.1.3.0
2025-10-29 23:19:34,637 [WARN] PackLoader:240 - Cannot read IP mode file for STMicroelectronics.X-CUBE-NFC7.1.0.1
2025-10-29 23:19:34,642 [WARN] PackLoader:240 - Cannot read IP mode file for STMicroelectronics.X-CUBE-TOUCHGFX.4.26.0
2025-10-29 23:19:34,645 [WARN] PackLoader:240 - Cannot read IP mode file for STMicroelectronics.FP-SNS-STAIOTCFT.1.0.0
2025-10-29 23:19:34,647 [WARN] PackLoader:240 - Cannot read IP mode file for STMicroelectronics.X-CUBE-DPower.1.3.0
2025-10-29 23:19:34,654 [WARN] ConditionMgr:438 - getConditionDescription Invalid condition id : LAN8742 Phy interface Condition cause : null
2025-10-29 23:19:34,655 [WARN] PackLoader:240 - Cannot read IP mode file for STMicroelectronics.X-CUBE-AZRTOS-L4.2.0.0
2025-10-29 23:19:34,655 [WARN] ConditionMgr:1044 - genDependencies : Invalid condition id : LAN8742 Phy interface Condition cause : null
2025-10-29 23:19:34,655 [WARN] ConditionMgr:1044 - genDependencies : Invalid condition id : LAN8742 Phy interface Condition cause : null
2025-10-29 23:19:34,655 [WARN] ConditionMgr:1044 - genDependencies : Invalid condition id : LAN8742 Phy interface Condition cause : null
2025-10-29 23:19:34,659 [WARN] PackLoader:240 - Cannot read IP mode file for STMicroelectronics.X-CUBE-SFXS2LP1.4.0.0
2025-10-29 23:19:34,667 [WARN] PackLoader:240 - Cannot read IP mode file for STMicroelectronics.X-CUBE-AZRTOS-H7.3.3.0
2025-10-29 23:19:34,672 [WARN] PackLoader:240 - Cannot read IP mode file for STMicroelectronics.X-CUBE-BLEMGR.4.1.0
2025-10-29 23:19:34,680 [WARN] PackLoader:240 - Cannot read IP mode file for STMicroelectronics.X-CUBE-IPS.3.0.0
2025-10-29 23:19:34,686 [WARN] ConditionMgr:438 - getConditionDescription Invalid condition id : UX DEVICE CLASS RTOS Condition cause : null
2025-10-29 23:19:34,687 [WARN] ConditionMgr:438 - getConditionDescription Invalid condition id : UX DEVICE CLASS RTOS Condition cause : null
2025-10-29 23:19:34,687 [WARN] PackLoader:240 - Cannot read IP mode file for STMicroelectronics.X-CUBE-AZRTOS-WB.2.0.0
2025-10-29 23:19:34,688 [WARN] ConditionMgr:1044 - genDependencies : Invalid condition id : UX DEVICE CLASS RTOS Condition cause : null
2025-10-29 23:19:34,688 [WARN] ConditionMgr:1044 - genDependencies : Invalid condition id : UX DEVICE CLASS RTOS Condition cause : null
2025-10-29 23:19:34,688 [WARN] ConditionMgr:1044 - genDependencies : Invalid condition id : UX DEVICE CLASS RTOS Condition cause : null
2025-10-29 23:19:34,688 [WARN] ConditionMgr:1044 - genDependencies : Invalid condition id : UX DEVICE CLASS RTOS Condition cause : null
2025-10-29 23:19:34,688 [WARN] ConditionMgr:1044 - genDependencies : Invalid condition id : UX DEVICE CLASS RTOS Condition cause : null
2025-10-29 23:19:34,690 [WARN] PackLoader:240 - Cannot read IP mode file for STMicroelectronics.X-CUBE-GNSS1.7.0.0
2025-10-29 23:19:34,692 [WARN] PackLoader:240 - Cannot read IP mode file for STMicroelectronics.X-CUBE-GNSS1.7.0.1
2025-10-29 23:19:34,695 [WARN] PackLoader:240 - Cannot read IP mode file for STMicroelectronics.X-CUBE-TOUCHGFX.4.25.0
2025-10-29 23:19:34,698 [WARN] PackLoader:240 - Cannot read IP mode file for STMicroelectronics.FP-SNS-STBOX1.2.0.0
2025-10-29 23:19:34,703 [WARN] PackLoader:240 - Cannot read IP mode file for STMicroelectronics.X-CUBE-SUBG2.5.0.0
2025-10-29 23:19:34,713 [WARN] PackLoader:240 - Cannot read IP mode file for STMicroelectronics.X-CUBE-AZRTOS-H7RS.1.1.0
2025-10-29 23:19:34,718 [WARN] PackLoader:240 - Cannot read IP mode file for Cesanta.I-CUBE-Mongoose.7.13.0
2025-10-29 23:19:34,725 [WARN] PackLoader:240 - Cannot read IP mode file for STMicroelectronics.X-CUBE-AZRTOS-G4.2.0.0
2025-10-29 23:19:34,728 [WARN] PackLoader:240 - Cannot read IP mode file for STMicroelectronics.X-CUBE-NFC7.2.0.0
2025-10-29 23:19:34,734 [WARN] PackLoader:240 - Cannot read IP mode file for STMicroelectronics.X-CUBE-IPS.3.1.0
2025-10-29 23:19:34,739 [WARN] PackLoader:240 - Cannot read IP mode file for STMicroelectronics.X-CUBE-ALS.1.0.2
2025-10-29 23:19:34,741 [WARN] PackLoader:240 - Cannot read IP mode file for STMicroelectronics.X-CUBE-TOUCHGFX.4.24.2
2025-10-29 23:19:34,743 [WARN] PackLoader:240 - Cannot read IP mode file for STMicroelectronics.X-CUBE-TOUCHGFX.4.24.1
2025-10-29 23:19:34,745 [WARN] PackLoader:240 - Cannot read IP mode file for STMicroelectronics.X-CUBE-STSE01.1.0.0
2025-10-29 23:19:34,748 [WARN] PackLoader:240 - Cannot read IP mode file for wolfSSL.I-CUBE-wolfTPM.3.4.0
2025-10-29 23:19:34,751 [WARN] PackLoader:240 - Cannot read IP mode file for portGmbH.I-Cube-SoM-uGOAL.1.1.0
2025-10-29 23:19:34,757 [WARN] PackLoader:240 - Cannot read IP mode file for STMicroelectronics.X-CUBE-AZRTOS-H7RS.1.0.0
2025-10-29 23:19:34,761 [WARN] PackLoader:240 - Cannot read IP mode file for STMicroelectronics.FP-ATR-ASTRA1.2.0.0
2025-10-29 23:19:34,765 [WARN] PackLoader:240 - Cannot read IP mode file for STMicroelectronics.X-CUBE-TOF1.3.4.2
2025-10-29 23:19:34,773 [WARN] PackLoader:240 - Cannot read IP mode file for STMicroelectronics.X-CUBE-TOF1.3.4.3
2025-10-29 23:19:34,784 [WARN] PackLoader:240 - Cannot read IP mode file for Infineon.AIROC-Wi-Fi-Bluetooth-STM32.1.6.1
2025-10-29 23:19:34,787 [WARN] PackLoader:240 - Cannot read IP mode file for wolfSSL.I-CUBE-wolfSSH.1.4.17
2025-10-29 23:19:34,788 [INFO] ThirdParty:978 - Integrity check success = true
2025-10-29 23:19:34,788 [INFO] IntegrityCheckThread:100 - exiting critical section [integrity check]
2025-10-29 23:19:34,788 [INFO] IntegrityCheckThread:103 - End integrity checks thread
2025-10-29 23:19:34,788 [INFO] ThirdParty:873 - entering critical section [close project]
2025-10-29 23:19:34,789 [INFO] ThirdParty:883 - exiting critical section [close project]
2025-10-29 23:19:34,792 [INFO] PinOutPanel:1589 - setPackage(No Configuration,No Configuration)
2025-10-29 23:19:34,794 [INFO] UtilMem:75 - Begin LoadConfig() Used Memory: 281953960 Bytes (361758720)
2025-10-29 23:19:34,800 [INFO] MicroXplorer:468 - Change Database Path : C:/Users/Miloush/.stm32cubemx/databases/DB.6.0.130/db/
2025-10-29 23:19:34,800 [INFO] MicroXplorer:498 - Change Database Version : DB.6.0.130
2025-10-29 23:19:37,244 [INFO] MicroXplorer:468 - Change Database Path : 
2025-10-29 23:19:37,244 [INFO] MicroXplorer:498 - Change Database Version : DB.6.0.150
2025-10-29 23:19:37,244 [INFO] OpenFileManager:355 - Change cursor
2025-10-29 23:19:37,258 [INFO] Mcu:2029 - Initializing MCU STM32G431R(6-8-B)Tx STM32G431RBTx STM32G431RBT6
2025-10-29 23:19:39,263 [INFO] Context:786 - Trying to add GPIOservice into a context  which must be forbidden
2025-10-29 23:19:39,654 [INFO] Rule:233 - rule Adapt Old IOC before rework replace old CORTEX_M33/CORTEX_M55 attributes by the new one. is applicable
2025-10-29 23:19:39,654 [INFO] Rule:233 - rule Rename parametre of RCC RCC_APBDBG_DIV2 to RCC_TIMPRES_DIV2 is applicable
2025-10-29 23:19:39,654 [INFO] Rule:233 - rule Rename DIE493 pin PA10 [PA12] -> PA10 is applicable
2025-10-29 23:19:39,654 [INFO] Rule:233 - rule Rename DIE493 pin PA9 [PA11] -> PA9 is applicable
2025-10-29 23:19:39,654 [INFO] Rule:233 - rule Rename DIE492 PartNumber CPN STM32WBA5MJGHx -> STM32WBA5MMGHx is applicable
2025-10-29 23:19:39,654 [INFO] Rule:233 - rule Rename DIE492 PartNumber  Name STM32WBA5MJGHx -> STM32WBA5MMGHx is applicable
2025-10-29 23:19:39,654 [INFO] Rule:233 - rule Rename DIE492 PartNumber UserName STM32WBA5MJGHx -> STM32WBA5MMGHx is applicable
2025-10-29 23:19:39,655 [INFO] Rule:233 - rule Rename DIE492 PartNumber DeviceId STM32WBA5MJGHx -> STM32WBA5MMGHx is applicable
2025-10-29 23:19:39,655 [INFO] Rule:233 - rule Adapt Old IOC CSI. is applicable
2025-10-29 23:19:39,655 [INFO] Rule:233 - rule Adapt Old IOC DCMIPP. is applicable
2025-10-29 23:19:39,655 [INFO] Rule:233 - rule Adapt Old IOC DCMIPP Mode Parallel. is applicable
2025-10-29 23:19:39,655 [INFO] Rule:233 - rule Adapt Old IOC LTDC. is applicable
2025-10-29 23:19:39,655 [INFO] Rule:233 - rule Rename STM32MP2 RIF Peripheral LTDC RIF.RISUP.LTDC_L0L1.Privilege -> RIF.RISUP.LTDC_L1L2.Privilege is applicable
2025-10-29 23:19:39,655 [INFO] Rule:233 - rule Rename STM32MP2 RIF Peripheral LTDC RIF.RISUP.LTDC_L0L1.Privilege -> RIF.RISUP.LTDC_L1L2.Privilege is applicable
2025-10-29 23:19:39,655 [INFO] Rule:233 - rule Rename STM32MP2 RIF Peripheral LTDC RIF.RISUP.LTDC_L0L1.Lock -> RIF.RISUP.LTDC_L1L2.Lock is applicable
2025-10-29 23:19:39,655 [INFO] Rule:233 - rule Rename STM32MP2 RIF Peripheral LTDC RIF.RISUP.LTDC_L2.Lock -> RIF.RISUP.LTDC_L3.Lock is applicable
2025-10-29 23:19:39,655 [INFO] Rule:233 - rule Adapt the old IOC example for updating the SYS when it is misconfigured. is applicable
2025-10-29 23:19:39,655 [INFO] Rule:233 - rule Rename STM32C09 Mcu.Package LQFP64 -> LQFP48 is applicable
2025-10-29 23:19:39,655 [INFO] Rule:233 - rule Adapt the old IOC example for updating the SYS when it is misconfigured. is applicable
2025-10-29 23:19:39,655 [INFO] Rule:233 - rule Adapt the old IOC example for updating the SYS when it is misconfigured. is applicable
2025-10-29 23:19:39,657 [INFO] DbConfProperties:307 - Apply Compatibility (4/20 Rules)
2025-10-29 23:19:39,716 [INFO] ApiDbMcu:532 - Load IP Config File for NUCLEO-G431RB
2025-10-29 23:19:39,786 [INFO] ImportTextPane:234 - (OptionalMessage_ERROR) Pin27 (VP_RIF_VS_RIF1) cannot be retrieved for this MCU
2025-10-29 23:19:39,972 [INFO] RtosManager:558 - Registered RTOS mode: class=CMSIS, group=RTOS, mode=CMSIS_V1, owner=FREERTOS
2025-10-29 23:19:39,972 [INFO] RtosManager:558 - Registered RTOS mode: class=CMSIS, group=RTOS2, mode=CMSIS_V2, owner=FREERTOS
2025-10-29 23:19:39,972 [INFO] RtosManager:558 - Registered RTOS mode: class=RTOS, group=Core, mode=CMSIS_V1, owner=FREERTOS
2025-10-29 23:19:39,972 [INFO] RtosManager:558 - Registered RTOS mode: class=RTOS, group=Core, mode=CMSIS_V2, owner=FREERTOS
2025-10-29 23:19:39,973 [WARN] ModelIntegratedComponent:184 - Missing modes for component STMicroelectronics:FreeRTOS:0.0.1:STMicroelectronics:RTOS:FreeRTOS:Core:::10.2.0:
2025-10-29 23:19:39,978 [WARN] ModelIntegratedComponent:63 - No mode defined for component null
2025-10-29 23:19:39,978 [WARN] ModelIntegratedComponent:63 - No mode defined for component null
2025-10-29 23:19:39,978 [WARN] ModelIntegratedComponent:63 - No mode defined for component null
2025-10-29 23:19:39,978 [WARN] ModelIntegratedComponent:63 - No mode defined for component null
2025-10-29 23:19:39,978 [WARN] ModelIntegratedComponent:63 - No mode defined for component null
2025-10-29 23:19:39,978 [WARN] ModelIntegratedComponent:63 - No mode defined for component null
2025-10-29 23:19:39,978 [WARN] ModelIntegratedComponent:63 - No mode defined for component null
2025-10-29 23:19:39,978 [WARN] ModelIntegratedComponent:63 - No mode defined for component null
2025-10-29 23:19:39,978 [WARN] ModelIntegratedComponent:63 - No mode defined for component null
2025-10-29 23:19:39,978 [WARN] ModelIntegratedComponent:63 - No mode defined for component null
2025-10-29 23:19:39,978 [WARN] ModelIntegratedComponent:63 - No mode defined for component null
2025-10-29 23:19:39,978 [WARN] ModelIntegratedComponent:63 - No mode defined for component null
2025-10-29 23:19:39,978 [WARN] ModelIntegratedComponent:63 - No mode defined for component null
2025-10-29 23:19:39,978 [WARN] ModelIntegratedComponent:63 - No mode defined for component null
2025-10-29 23:19:39,979 [WARN] ModelIntegratedComponent:63 - No mode defined for component null
2025-10-29 23:19:39,979 [WARN] ModelIntegratedComponent:63 - No mode defined for component null
2025-10-29 23:19:39,979 [WARN] ModelIntegratedComponent:63 - No mode defined for component null
2025-10-29 23:19:39,979 [WARN] ModelIntegratedComponent:63 - No mode defined for component null
2025-10-29 23:19:39,979 [WARN] ModelIntegratedComponent:63 - No mode defined for component null
2025-10-29 23:19:39,979 [WARN] ModelIntegratedComponent:63 - No mode defined for component null
2025-10-29 23:19:39,979 [WARN] ModelIntegratedComponent:63 - No mode defined for component null
2025-10-29 23:19:39,979 [WARN] ModelIntegratedComponent:63 - No mode defined for component null
2025-10-29 23:19:39,979 [WARN] ModelIntegratedComponent:63 - No mode defined for component null
2025-10-29 23:19:39,979 [WARN] ModelIntegratedComponent:63 - No mode defined for component null
2025-10-29 23:19:39,979 [WARN] ModelIntegratedComponent:63 - No mode defined for component null
2025-10-29 23:19:39,979 [WARN] ModelIntegratedComponent:63 - No mode defined for component null
2025-10-29 23:19:39,979 [WARN] ModelIntegratedComponent:63 - No mode defined for component null
2025-10-29 23:19:39,979 [WARN] ModelIntegratedComponent:63 - No mode defined for component null
2025-10-29 23:19:39,979 [WARN] ModelIntegratedComponent:63 - No mode defined for component null
2025-10-29 23:19:39,979 [WARN] ModelIntegratedComponent:63 - No mode defined for component null
2025-10-29 23:19:39,979 [WARN] ModelIntegratedComponent:63 - No mode defined for component null
2025-10-29 23:19:39,979 [WARN] ModelIntegratedComponent:63 - No mode defined for component null
2025-10-29 23:19:39,979 [WARN] ModelIntegratedComponent:63 - No mode defined for component null
2025-10-29 23:19:39,979 [WARN] ModelIntegratedComponent:63 - No mode defined for component null
2025-10-29 23:19:39,979 [WARN] ModelIntegratedComponent:63 - No mode defined for component null
2025-10-29 23:19:39,979 [WARN] ModelPack:524 - Component already loaded: STMicroelectronics:HAL Drivers:0.0.0:STMicroelectronics:Device:STMicro_Driver:XSPI:HAL::0.0.1:HAL_XSPI
2025-10-29 23:19:40,136 [INFO] ThirdPartyModel:298 - Start build external matchings
2025-10-29 23:19:41,203 [INFO] ThirdPartyModel:316 - End build external matchings
2025-10-29 23:19:41,233 [INFO] ImportTextPane:234 - (OptionalMessage_ERROR) IP (ADC1) : Parameter (CommonPathInternal) has invalid value (null|null|null|null)
2025-10-29 23:19:41,234 [INFO] ImportTextPane:234 - (OptionalMessage_ERROR) IP (RCC) : Invalid parameter (FamilyName)
2025-10-29 23:19:41,234 [INFO] ImportTextPane:234 - (OptionalMessage_ERROR) IP (RCC) : Parameter (RNGFreq_Value) has invalid value (170000000)
2025-10-29 23:19:41,234 [INFO] ImportTextPane:234 - (OptionalMessage_ERROR) IP (RCC) : Parameter (USBFreq_Value) has invalid value (170000000)
2025-10-29 23:19:41,541 [INFO] ApiDb:581 - Connected to CubeFinder SQLite database (C:\Users\Miloush\.stmcufinder\plugins\mcufinder\mcu\cube-finder-db.db)
2025-10-29 23:19:41,587 [INFO] ApiDb:668 - CubeFinder database Data Model version=2.1
2025-10-29 23:19:41,587 [INFO] ApiDb:669 - CubeFinder database Configuration version=3.0.39
2025-10-29 23:19:41,587 [INFO] ApiDb:670 - CubeFinder database generation date=2025-08-25 (1756130511)
2025-10-29 23:19:41,587 [INFO] ApiDb:671 - CubeFinder database FW Pack versions=[FP-ATR-ASTRA1_V2.0.0, FP-SNS-FLIGHT1_V5.1.0, FP-SNS-MOTENV1_V5.0.0, FP-SNS-MOTENVWB1_V1.4.0, FP-SNS-SMARTAG2_V1.2.0, FP-SNS-STBOX1_V2.1.0, STM32Cube_FW_C0_V1.4.0, STM32Cube_FW_F4_V1.28.3, STM32Cube_FW_F7_V1.17.4, STM32Cube_FW_G0_V1.6.2, STM32Cube_FW_G4_V1.6.1, STM32Cube_FW_H5_V1.5.0, STM32Cube_FW_H7RS_V1.2.0, STM32Cube_FW_H7_V1.12.1, STM32Cube_FW_L0_V1.12.2, STM32Cube_FW_L4_V1.18.1, STM32Cube_FW_L5_V1.5.1, STM32Cube_FW_N6_V1.2.0, STM32Cube_FW_U0_V1.3.0, STM32Cube_FW_U3_V1.2.0, STM32Cube_FW_U5_V1.8.0, STM32Cube_FW_WB0_V1.3.0, STM32Cube_FW_WBA_V1.7.0, STM32Cube_FW_WB_V1.23.0, STM32Cube_FW_WL3_V1.2.0, STM32Cube_FW_WL_V1.3.1, X-CUBE-ALGOBUILD_V1.4.0, X-CUBE-ALS_V1.0.2, X-CUBE-AZRTOS-F4_V1.1.0, X-CUBE-AZRTOS-F7_V1.1.0, X-CUBE-AZRTOS-G0_V1.1.0, X-CUBE-AZRTOS-G4_V2.0.0, X-CUBE-AZRTOS-H7RS_V1.1.0, X-CUBE-AZRTOS-H7_V3.4.0, X-CUBE-AZRTOS-L4_V2.0.0, X-CUBE-AZRTOS-L5_V2.0.0, X-CUBE-AZRTOS-WB_V2.0.0, X-CUBE-AZRTOS-WL_V2.0.0, X-CUBE-BLE1_V7.1.0, X-CUBE-BLE2_V3.3.0, X-CUBE-BLEMGR_V4.1.0, X-CUBE-EEPRMA1_V5.2.0, X-CUBE-FREERTOS_V1.3.1, X-CUBE-GNSS1_V6.0.0, X-CUBE-MEMS1_V11.3.0, X-CUBE-NFC4_V3.0.0, X-CUBE-NFC7_V2.0.0, X-CUBE-SFXS2LP1_V4.0.0, X-CUBE-ST67W61_V1.0.0, X-CUBE-SUBG2_V5.0.0, X-CUBE-TOF1_V3.4.3]
2025-10-29 23:19:41,627 [INFO] DbBoardsSqlite:226 - include board P-NUCLEO-WB55-NUCLEO as a kit item of type 'Nucleo-64'
2025-10-29 23:19:41,627 [INFO] DbBoardsSqlite:226 - include board P-NUCLEO-WB55-USBDONGLE as a kit item of type 'Nucleo USB Dongle'
2025-10-29 23:19:41,627 [INFO] DbBoardsSqlite:226 - include board STEVAL-IDP005V1 as a kit item of type 'Evaluation Board'
2025-10-29 23:19:41,627 [INFO] DbBoardsSqlite:226 - include board STEVAL-IDP005V2 as a kit item of type 'Evaluation Board'
2025-10-29 23:19:41,669 [INFO] ApiDb:240 - Found 880 in-development CPN: [B-G473E-ZEST1S, B-WB1M-WPAN1, B-WBA5M-WPAN, B-WL5M-SUBG1, NUCLEO-C031C6, NUCLEO-C051C8, NUCLEO-C071RB, NUCLEO-C092RC, NUCLEO-H503RB, NUCLEO-H533RE, NUCLEO-H563ZI, NUCLEO-H7S3L8, NUCLEO-N657X0-Q, NUCLEO-U031R8, NUCLEO-U083RC, NUCLEO-U385RG-Q, NUCLEO-U545RE-Q, NUCLEO-U5A5ZJ-Q, NUCLEO-WB05KZ, NUCLEO-WB07CC, NUCLEO-WB09KE, NUCLEO-WBA52CG, NUCLEO-WBA55CG, NUCLEO-WL33CC1, NUCLEO-WL33CC2, STEVAL-PROTEUS1, STEVAL-SMARTAG2, STEVAL-STWINBX1, STM320518-EVAL, STM32C0116-DK, STM32C011D6Y3TR, STM32C011D6Y6TR, STM32C011F4P3, STM32C011F4P6, STM32C011F4U3, STM32C011F4U6TR, STM32C011F6P3, STM32C011F6P6, STM32C011F6U3, STM32C011F6U6TR, STM32C011J4M3, STM32C011J4M6, STM32C011J6M3, STM32C011J6M6, STM32C0316-DK, STM32C031C4T3, STM32C031C4T6, STM32C031C4U3, STM32C031C4U6, STM32C031C6T3, STM32C031C6T6, STM32C031C6U3, STM32C031C6U6, STM32C031F4P3, STM32C031F4P6, STM32C031F6P3, STM32C031F6P6, STM32C031G4U3, STM32C031G4U6, STM32C031G6U3, STM32C031G6U6, STM32C031K4T3, STM32C031K4T6, STM32C031K4U3, STM32C031K4U6, STM32C031K6T3, STM32C031K6T6, STM32C031K6U3, STM32C031K6U6, STM32C051C6T6, STM32C051C6U6, STM32C051C8T6, STM32C051C8U6, STM32C051D8Y6TR, STM32C051F6P6, STM32C051F8P6, STM32C051G6U6, STM32C051G8U6, STM32C051K6T6, STM32C051K6U6, STM32C051K8T6, STM32C071C8T6, STM32C071C8T6N, STM32C071C8U6, STM32C071C8U6N, STM32C071CBT6, STM32C071CBT6N, STM32C071CBU6, STM32C071CBU6N, STM32C071F8P6, STM32C071F8P6N, STM32C071FBP6, STM32C071FBP6N, STM32C071FBY6TR, STM32C071G8U6, STM32C071G8U6N, STM32C071GBU6, STM32C071GBU6N, STM32C071K8T6, STM32C071K8T6N, STM32C071K8U6, STM32C071K8U6N, STM32C071KBT6, STM32C071KBT6N, STM32C071KBU6, STM32C071KBU6N, STM32C071R8T6, STM32C071R8T6N, STM32C071RBI6N, STM32C071RBT6, STM32C071RBT6N, STM32C091CBT6, STM32C091CBU6, STM32C091CCT6, STM32C091CCU6, STM32C091ECY6TR, STM32C091FBP6, STM32C091FCP6, STM32C091GBU6, STM32C091GCU6, STM32C091KBT6, STM32C091KBU6, STM32C091KCT6, STM32C091KCU6, STM32C091RBT6, STM32C091RCI6, STM32C091RCT6, STM32C092CBT6, STM32C092CBU6, STM32C092CCT6, STM32C092CCU6, STM32C092ECY6TR, STM32C092FBP6, STM32C092FCP6, STM32C092GBU6, STM32C092GCU6, STM32C092KBT6, STM32C092KBU6, STM32C092KCT6, STM32C092KCU6, STM32C092RBT6, STM32C092RCI6, STM32C092RCT6, STM32G071K8TXN, STM32G071K8UXN, STM32G081GBU6N, STM32G081KBT6N, STM32G081KBUXN, STM32G0B1CCT6N, STM32G0B1KCT6, STM32G0B1NEY6TR, STM32G0B1RCT6N, STM32G0C1CCT6, STM32G0C1CCT6N, STM32G0C1CCU6N, STM32G0C1CET6N, STM32G0C1CEU6N, STM32G0C1KCT6, STM32G0C1NEY6TR, STM32G0C1RCI6N, STM32G0C1RCT6N, STM32G0C1REI6N, STM32G0C1RET6N, STM32G0C1VCI6, STM32G0C1VEI6, STM32G411C6T3, STM32G411C6T6, STM32G411C6U3, STM32G411C6U6, STM32G411C8T3, STM32G411C8T6, STM32G411C8U3, STM32G411C8U6, STM32G411CBT3, STM32G411CBT6, STM32G411CBU3, STM32G411CBU6, STM32G411K6T3, STM32G411K6T6, STM32G411K6U3, STM32G411K6U6, STM32G411K8T3, STM32G411K8T6, STM32G411K8U3, STM32G411K8U6, STM32G411KBT3, STM32G411KBT6, STM32G411KBU3, STM32G411KBU6, STM32G411M6T3, STM32G411M6T6, STM32G411M8T3, STM32G411M8T6, STM32G411MBT3, STM32G411MBT6, STM32G411R6T3, STM32G411R6T6, STM32G411R8T3, STM32G411R8T6, STM32G411RBT3, STM32G411RBT6, STM32G414CBT3, STM32G414CBT6, STM32G414CBU3, STM32G414CBU6, STM32G414CCT3, STM32G414CCT6, STM32G414CCU3, STM32G414CCU6, STM32G414MBT3, STM32G414MBT6, STM32G414MCT3, STM32G414MCT6, STM32G414RBT3, STM32G414RBT6, STM32G414RCT3, STM32G414RCT6, STM32G414VBT3, STM32G414VBT6, STM32G414VCT3, STM32G414VCT6, STM32G431CBT3Z, STM32G431RBT3Z, STM32G471CCT6, STM32G471CCU6, STM32G471CET3, STM32G471CET6, STM32G471CEU3, STM32G471CEU6, STM32G471MCT6, STM32G471MET3, STM32G471MET6, STM32G471MEY6TR, STM32G471QCT6, STM32G471QET3, STM32G471RCT6, STM32G471RET3, STM32G471RET6, STM32G471VCH6, STM32G471VCI6, STM32G471VCT6, STM32G471VEH3, STM32G471VEH6, STM32G471VEI3, STM32G471VEI6, STM32G471VET3, STM32G471VET6, STM32G473QET3Z, STM32G473RET3Z, STM32G474CCT6, STM32G491RET3Z, STM32H503CBT6, STM32H503CBU6, STM32H503EBY6TR, STM32H503KBU6, STM32H503RBT6, STM32H523CCT6, STM32H523CCU6, STM32H523CET6, STM32H523CEU6, STM32H523HEY6TR, STM32H523RCT6, STM32H523RET6, STM32H523VCI6, STM32H523VCT6, STM32H523VEI6, STM32H523VET6, STM32H523ZCJ6, STM32H523ZCT6, STM32H523ZEJ6, STM32H523ZET6, STM32H533CET6, STM32H533CEU6, STM32H533HEY6TR, STM32H533RET6, STM32H533VEI6, STM32H533VET6, STM32H533ZEJ6, STM32H533ZET6, STM32H562AGI6, STM32H562AII6, STM32H562IGK6, STM32H562IGT6, STM32H562IIK6, STM32H562IIT6, STM32H562RGT6, STM32H562RGV6, STM32H562RIT6, STM32H562RIV6, STM32H562VGT6, STM32H562VIT6, STM32H562ZGT6, STM32H562ZIT6, STM32H563AGI6, STM32H563AII3Q, STM32H563AII6, STM32H563IGK6, STM32H563IGT6, STM32H563IIK3Q, STM32H563IIK6, STM32H563IIT3Q, STM32H563IIT6, STM32H563MIY3QTR, STM32H563RGT6, STM32H563RGV6, STM32H563RIT6, STM32H563RIV6, STM32H563VGT6, STM32H563VIT3Q, STM32H563VIT6, STM32H563ZGT6, STM32H563ZIT3Q, STM32H563ZIT6, STM32H573AII3Q, STM32H573AII6, STM32H573I-DK, STM32H573IIK3Q, STM32H573IIK6, STM32H573IIT3Q, STM32H573IIT6, STM32H573MIY3QTR, STM32H573RIT6, STM32H573RIV6, STM32H573VIT3Q, STM32H573VIT6, STM32H573ZIT3Q, STM32H573ZIT6, STM32H7R3A8I6, STM32H7R3I8K6, STM32H7R3I8T6, STM32H7R3L8H6, STM32H7R3L8H6H, STM32H7R3R8V6, STM32H7R3V8H6, STM32H7R3V8T6, STM32H7R3V8Y6TR, STM32H7R3Z8J6, STM32H7R3Z8T6, STM32H7R7A8I6, STM32H7R7I8K6, STM32H7R7I8T6, STM32H7R7L8H6, STM32H7R7L8H6H, STM32H7R7Z8J6, STM32H7S3A8I6, STM32H7S3I8K6, STM32H7S3I8T6, STM32H7S3L8H6, STM32H7S3L8H6H, STM32H7S3R8V6, STM32H7S3V8H6, STM32H7S3V8T6, STM32H7S3V8Y6TR, STM32H7S3Z8J6, STM32H7S3Z8T6, STM32H7S78-DK, STM32H7S7A8I6, STM32H7S7I8K6, STM32H7S7I8T6, STM32H7S7L8H6, STM32H7S7L8H6H, STM32H7S7Z8J6, STM32L4R5QGI6STR, STM32MP131AAE3, STM32MP131AAF3, STM32MP131AAG3, STM32MP131CAE3, STM32MP131CAF3, STM32MP131CAG3, STM32MP131DAE7, STM32MP131DAF7, STM32MP131DAG7, STM32MP131FAE7, STM32MP131FAF7, STM32MP131FAG7, STM32MP133AAE3, STM32MP133AAF3, STM32MP133AAG3, STM32MP133CAE3, STM32MP133CAF3, STM32MP133CAG3, STM32MP133DAE7, STM32MP133DAF7, STM32MP133DAG7, STM32MP133FAE7, STM32MP133FAF7, STM32MP133FAG7, STM32MP135AAE3, STM32MP135AAF3, STM32MP135AAG3, STM32MP135CAE3, STM32MP135CAF3, STM32MP135CAG3, STM32MP135DAE7, STM32MP135DAF7, STM32MP135DAG7, STM32MP135F-DK, STM32MP135FAE7, STM32MP135FAF7, STM32MP135FAF7T, STM32MP135FAF7U, STM32MP135FAG7, STM32MP211AAL3, STM32MP211AAM3, STM32MP211AAN3, STM32MP211AAO3, STM32MP211CAL3, STM32MP211CAM3, STM32MP211CAN3, STM32MP211CAO3, STM32MP211DAL3, STM32MP211DAM3, STM32MP211DAN3, STM32MP211DAO3, STM32MP211FAL3, STM32MP211FAM3, STM32MP211FAN3, STM32MP211FAO3, STM32MP213AAL3, STM32MP213AAM3, STM32MP213AAN3, STM32MP213AAO3, STM32MP213CAL3, STM32MP213CAM3, STM32MP213CAN3, STM32MP213CAO3, STM32MP213DAL3, STM32MP213DAM3, STM32MP213DAN3, STM32MP213DAO3, STM32MP213FAL3, STM32MP213FAM3, STM32MP213FAN3, STM32MP213FAO3, STM32MP215AAL3, STM32MP215AAM3, STM32MP215AAN3, STM32MP215AAO3, STM32MP215CAL3, STM32MP215CAM3, STM32MP215CAN3, STM32MP215CAO3, STM32MP215DAL3, STM32MP215DAM3, STM32MP215DAN3, STM32MP215DAO3, STM32MP215F-DK, STM32MP215FAL3, STM32MP215FAM3, STM32MP215FAN3, STM32MP215FAO3, STM32MP231AAJ3, STM32MP231AAK3, STM32MP231AAL3, STM32MP231CAJ3, STM32MP231CAK3, STM32MP231CAL3, STM32MP231DAJ3, STM32MP231DAK3, STM32MP231DAL3, STM32MP231FAJ3, STM32MP231FAK3, STM32MP231FAL3, STM32MP233AAJ3, STM32MP233AAK3, STM32MP233AAL3, STM32MP233CAJ3, STM32MP233CAK3, STM32MP233CAL3, STM32MP233DAJ3, STM32MP233DAK3, STM32MP233DAL3, STM32MP233FAJ3, STM32MP233FAK3, STM32MP233FAL3, STM32MP235AAJ3, STM32MP235AAK3, STM32MP235AAL3, STM32MP235CAJ3, STM32MP235CAK3, STM32MP235CAL3, STM32MP235DAJ3, STM32MP235DAK3, STM32MP235DAL3, STM32MP235FAJ3, STM32MP235FAK3, STM32MP235FAL3, STM32MP251AAI3, STM32MP251AAK3, STM32MP251AAL3, STM32MP251CAI3, STM32MP251CAK3, STM32MP251CAL3, STM32MP251DAI3, STM32MP251DAK3, STM32MP251DAL3, STM32MP251FAI3, STM32MP251FAK3, STM32MP251FAL3, STM32MP253AAI3, STM32MP253AAK3, STM32MP253AAL3, STM32MP253CAI3, STM32MP253CAK3, STM32MP253CAL3, STM32MP253DAI3, STM32MP253DAK3, STM32MP253DAL3, STM32MP253FAI3, STM32MP253FAK3, STM32MP253FAL3, STM32MP255AAI3, STM32MP255AAK3, STM32MP255AAL3, STM32MP255CAI3, STM32MP255CAK3, STM32MP255CAL3, STM32MP255DAI3, STM32MP255DAK3, STM32MP255DAL3, STM32MP255FAI3, STM32MP255FAK3, STM32MP255FAL3, STM32MP257AAI3, STM32MP257AAK3, STM32MP257AAL3, STM32MP257CAI3, STM32MP257CAK3, STM32MP257CAL3, STM32MP257DAI3, STM32MP257DAK3, STM32MP257DAL3, STM32MP257F-DK, STM32MP257F-EV1, STM32MP257FAI3, STM32MP257FAK3, STM32MP257FAL3, STM32N645A0H3Q, STM32N645B0H3Q, STM32N645I0H3Q, STM32N645L0H3Q, STM32N645X0H3Q, STM32N645Z0H3Q, STM32N647A0H3Q, STM32N647B0H3Q, STM32N647I0H3Q, STM32N647L0H3Q, STM32N647X0H3Q, STM32N647Z0H3Q, STM32N655A0H3Q, STM32N655B0H3Q, STM32N655I0H3Q, STM32N655L0H3Q, STM32N655X0H3Q, STM32N655Z0H3Q, STM32N6570-DK, STM32N657A0H3Q, STM32N657B0H3Q, STM32N657I0H3Q, STM32N657L0H3Q, STM32N657X0H3Q, STM32N657Z0H3Q, STM32U031C6T6, STM32U031C6U6, STM32U031C8T6, STM32U031C8U6, STM32U031F4P6, STM32U031F6P6, STM32U031F8P6, STM32U031G6Y6TR, STM32U031G8Y6TR, STM32U031K4U6, STM32U031K6U6, STM32U031K8U6, STM32U031R6I6, STM32U031R6T6, STM32U031R8I6, STM32U031R8T6, STM32U073C8T6, STM32U073C8U6, STM32U073CBT6, STM32U073CBU6, STM32U073CCT6, STM32U073CCU6, STM32U073H8Y6TR, STM32U073HBY6TR, STM32U073HCY6TR, STM32U073K8U6, STM32U073KBU6, STM32U073KCU6, STM32U073M8I6, STM32U073M8T6, STM32U073MBI6, STM32U073MBT6, STM32U073MCI6, STM32U073MCT6, STM32U073R8I6, STM32U073R8T6, STM32U073RBI6, STM32U073RBT6, STM32U073RCI6, STM32U073RCT6, STM32U083C-DK, STM32U083CCT6, STM32U083CCU6, STM32U083HCY6TR, STM32U083KCU6, STM32U083MCI6, STM32U083MCT6, STM32U083RCI6, STM32U083RCT6, STM32U375CET6, STM32U375CET6Q, STM32U375CEU6, STM32U375CEU6Q, STM32U375CEY6QTR, STM32U375CGT6, STM32U375CGT6Q, STM32U375CGU6, STM32U375CGU6Q, STM32U375CGY6QTR, STM32U375KEU6, STM32U375KGU6, STM32U375REI6, STM32U375REI6Q, STM32U375RET6, STM32U375RET6Q, STM32U375REY6GTR, STM32U375REY6QTR, STM32U375RGI6, STM32U375RGI6Q, STM32U375RGT6, STM32U375RGT6Q, STM32U375RGY6GTR, STM32U375RGY6QTR, STM32U375VEI6, STM32U375VEI6Q, STM32U375VET6, STM32U375VET6Q, STM32U375VGI6, STM32U375VGI6Q, STM32U375VGT6, STM32U375VGT6Q, STM32U385CGT6, STM32U385CGT6Q, STM32U385CGU6, STM32U385CGU6Q, STM32U385CGY6QTR, STM32U385KGU6, STM32U385RGI6, STM32U385RGI6Q, STM32U385RGT6, STM32U385RGT6Q, STM32U385RGY6GTR, STM32U385RGY6QTR, STM32U385VGI6, STM32U385VGI6Q, STM32U385VGT6, STM32U385VGT6Q, STM32U535CBT6, STM32U535CBT6Q, STM32U535CBU6, STM32U535CBU6Q, STM32U535CCT6, STM32U535CCT6Q, STM32U535CCU6, STM32U535CCU6Q, STM32U535CET6, STM32U535CET6Q, STM32U535CEU6, STM32U535CEU6Q, STM32U535JEY6QTR, STM32U535NCY6QTR, STM32U535NEY6QTR, STM32U535RBI6, STM32U535RBI6Q, STM32U535RBT6, STM32U535RBT6Q, STM32U535RCI6, STM32U535RCI6Q, STM32U535RCT6, STM32U535RCT6Q, STM32U535REI6, STM32U535REI6Q, STM32U535RET6, STM32U535RET6Q, STM32U535VCI6, STM32U535VCI6Q, STM32U535VCT6, STM32U535VCT6Q, STM32U535VEI6, STM32U535VEI6Q, STM32U535VET6, STM32U535VET6Q, STM32U545CET6, STM32U545CET6Q, STM32U545CEU6, STM32U545CEU6Q, STM32U545JEY6QTR, STM32U545NEY6QTR, STM32U545REI6, STM32U545REI6Q, STM32U545RET6, STM32U545RET6Q, STM32U545VEI6, STM32U545VEI6Q, STM32U545VET6, STM32U545VET6Q, STM32U595AIH6, STM32U595AIH6Q, STM32U595AJH6, STM32U595AJH6Q, STM32U595QII6, STM32U595QII6Q, STM32U595QJI6, STM32U595QJI6Q, STM32U595RIT6, STM32U595RIT6Q, STM32U595RJT6, STM32U595RJT6Q, STM32U595VIT6, STM32U595VIT6Q, STM32U595VJT6, STM32U595VJT6Q, STM32U595ZIT6, STM32U595ZIT6Q, STM32U595ZIY6QTR, STM32U595ZJT6, STM32U595ZJT6Q, STM32U595ZJY6QTR, STM32U599BJY6QTR, STM32U599NIH6Q, STM32U599NJH6Q, STM32U599VIT6Q, STM32U599VJT6, STM32U599VJT6Q, STM32U599ZIT6Q, STM32U599ZIY6QTR, STM32U599ZJT6Q, STM32U599ZJY6QTR, STM32U5A5AJH6, STM32U5A5AJH6Q, STM32U5A5QII3Q , STM32U5A5QJI6, STM32U5A5QJI6Q, STM32U5A5RJT6, STM32U5A5RJT6Q, STM32U5A5VJT6, STM32U5A5VJT6Q, STM32U5A5ZJT6, STM32U5A5ZJT6Q, STM32U5A5ZJY6QTR, STM32U5A9BJY6QTR, STM32U5A9J-DK, STM32U5A9NJH6Q, STM32U5A9VJT6Q, STM32U5A9ZJT6Q, STM32U5A9ZJY6QTR, STM32U5F7VIT6, STM32U5F7VIT6Q, STM32U5F7VJT6, STM32U5F7VJT6Q, STM32U5F9BJY6QTR, STM32U5F9NJH6Q, STM32U5F9VIT6Q, STM32U5F9VJT6Q, STM32U5F9ZIJ6QTR, STM32U5F9ZIT6Q, STM32U5F9ZJJ6QTR, STM32U5F9ZJT6Q, STM32U5G7VJT6, STM32U5G7VJT6Q, STM32U5G9BJY6QTR, STM32U5G9J-DK1, STM32U5G9J-DK2, STM32U5G9NJH6Q, STM32U5G9VJT6Q, STM32U5G9ZJJ6QTR, STM32U5G9ZJT6Q, STM32WB05KZV6TR, STM32WB05KZV7TR, STM32WB05TZF6TR, STM32WB05TZF7TR, STM32WB06CCF6TR, STM32WB06CCF7TR, STM32WB06CCV6TR, STM32WB06CCV7TR, STM32WB06KCV6TR, STM32WB06KCV7TR, STM32WB07CCF6TR, STM32WB07CCF7TR, STM32WB07CCV6TR, STM32WB07CCV7TR, STM32WB07KCV6TR, STM32WB07KCV7TR, STM32WB09KEV6TR, STM32WB09KEV7TR, STM32WB09TEF6TR, STM32WB09TEF7TR, STM32WB1MMCH6, STM32WBA50KGU6, STM32WBA50KGU6TR, STM32WBA52CEU6, STM32WBA52CEU6TR, STM32WBA52CEU7, STM32WBA52CEU7TR, STM32WBA52CGU6, STM32WBA52CGU6TR, STM32WBA52CGU6U, STM32WBA52CGU7, STM32WBA52CGU7TR, STM32WBA52KEU6, STM32WBA52KEU6TR, STM32WBA52KGU6, STM32WBA52KGU6TR, STM32WBA54CEU6, STM32WBA54CEU6TR, STM32WBA54CEU7, STM32WBA54CEU7TR, STM32WBA54CGU6, STM32WBA54CGU6TR, STM32WBA54CGU7, STM32WBA54CGU7TR, STM32WBA54KEU6, STM32WBA54KEU6TR, STM32WBA54KEU7, STM32WBA54KEU7TR, STM32WBA54KGU6, STM32WBA54KGU6TR, STM32WBA54KGU7, STM32WBA54KGU7TR, STM32WBA55CEU6, STM32WBA55CEU6TR, STM32WBA55CEU7, STM32WBA55CEU7TR, STM32WBA55CGU6, STM32WBA55CGU6TR, STM32WBA55CGU6U, STM32WBA55CGU7, STM32WBA55CGU7TR, STM32WBA55G-DK1, STM32WBA55HEF6, STM32WBA55HEF7, STM32WBA55HGF6, STM32WBA55HGF7, STM32WBA55UEI6, STM32WBA55UEI6TR, STM32WBA55UEI7, STM32WBA55UEI7TR, STM32WBA55UGI6, STM32WBA55UGI6TR, STM32WBA55UGI7, STM32WBA55UGI7TR, STM32WBA5MMGH6TR, STM32WBA62MGF6, STM32WBA62MIF6, STM32WBA65MGF7, STM32WBA65MIF6, STM32WBA65MIF7, STM32WL30K8V6, STM32WL30KBV6, STM32WL31C8V6, STM32WL31CBV6, STM32WL31K8V6, STM32WL31KBV6, STM32WL33C8V6, STM32WL33C8V6X, STM32WL33CBV6, STM32WL33CBV6X, STM32WL33CCV6, STM32WL33CCV6A, STM32WL33CCV6X, STM32WL33K8V7, STM32WL33K8V7X, STM32WL33KBV7 , STM32WL33KBV7X, STM32WL33KCV7, STM32WL33KCV7X, STM32WL5MOCH6, STM32WL5MOCH6TR]
2025-10-29 23:19:41,821 [INFO] BoardInfo:889 - No configuration file found for board P-NUCLEO-WB55
2025-10-29 23:19:41,822 [INFO] DbBoards:161 - Kit is not supported: P-NUCLEO-WB55
2025-10-29 23:19:41,828 [INFO] BoardInfo:889 - No configuration file found for board STEVAL-BFA001V1B
2025-10-29 23:19:41,828 [INFO] DbBoards:161 - Kit is not supported: STEVAL-BFA001V1B
2025-10-29 23:19:41,829 [INFO] BoardInfo:889 - No configuration file found for board STEVAL-BFA001V2B
2025-10-29 23:19:41,830 [INFO] DbBoards:161 - Kit is not supported: STEVAL-BFA001V2B
2025-10-29 23:19:41,987 [INFO] DbBoards:168 - Found 212 boards, 209 are supported
2025-10-29 23:19:41,988 [INFO] DbBoards:169 - Found 212 boards, 43 of them is supported for  Bsp
2025-10-29 23:19:41,990 [INFO] ApiDb:668 - CubeFinder database Data Model version=2.1
2025-10-29 23:19:41,990 [INFO] ApiDb:669 - CubeFinder database Configuration version=3.0.39
2025-10-29 23:19:41,991 [INFO] ApiDb:670 - CubeFinder database generation date=2025-08-25 (1756130511)
2025-10-29 23:19:41,991 [INFO] ApiDb:671 - CubeFinder database FW Pack versions=[FP-ATR-ASTRA1_V2.0.0, FP-SNS-FLIGHT1_V5.1.0, FP-SNS-MOTENV1_V5.0.0, FP-SNS-MOTENVWB1_V1.4.0, FP-SNS-SMARTAG2_V1.2.0, FP-SNS-STBOX1_V2.1.0, STM32Cube_FW_C0_V1.4.0, STM32Cube_FW_F4_V1.28.3, STM32Cube_FW_F7_V1.17.4, STM32Cube_FW_G0_V1.6.2, STM32Cube_FW_G4_V1.6.1, STM32Cube_FW_H5_V1.5.0, STM32Cube_FW_H7RS_V1.2.0, STM32Cube_FW_H7_V1.12.1, STM32Cube_FW_L0_V1.12.2, STM32Cube_FW_L4_V1.18.1, STM32Cube_FW_L5_V1.5.1, STM32Cube_FW_N6_V1.2.0, STM32Cube_FW_U0_V1.3.0, STM32Cube_FW_U3_V1.2.0, STM32Cube_FW_U5_V1.8.0, STM32Cube_FW_WB0_V1.3.0, STM32Cube_FW_WBA_V1.7.0, STM32Cube_FW_WB_V1.23.0, STM32Cube_FW_WL3_V1.2.0, STM32Cube_FW_WL_V1.3.1, X-CUBE-ALGOBUILD_V1.4.0, X-CUBE-ALS_V1.0.2, X-CUBE-AZRTOS-F4_V1.1.0, X-CUBE-AZRTOS-F7_V1.1.0, X-CUBE-AZRTOS-G0_V1.1.0, X-CUBE-AZRTOS-G4_V2.0.0, X-CUBE-AZRTOS-H7RS_V1.1.0, X-CUBE-AZRTOS-H7_V3.4.0, X-CUBE-AZRTOS-L4_V2.0.0, X-CUBE-AZRTOS-L5_V2.0.0, X-CUBE-AZRTOS-WB_V2.0.0, X-CUBE-AZRTOS-WL_V2.0.0, X-CUBE-BLE1_V7.1.0, X-CUBE-BLE2_V3.3.0, X-CUBE-BLEMGR_V4.1.0, X-CUBE-EEPRMA1_V5.2.0, X-CUBE-FREERTOS_V1.3.1, X-CUBE-GNSS1_V6.0.0, X-CUBE-MEMS1_V11.3.0, X-CUBE-NFC4_V3.0.0, X-CUBE-NFC7_V2.0.0, X-CUBE-SFXS2LP1_V4.0.0, X-CUBE-ST67W61_V1.0.0, X-CUBE-SUBG2_V5.0.0, X-CUBE-TOF1_V3.4.3]
2025-10-29 23:19:43,422 [INFO] ApiDb:240 - Found 880 in-development CPN: [B-G473E-ZEST1S, B-WB1M-WPAN1, B-WBA5M-WPAN, B-WL5M-SUBG1, NUCLEO-C031C6, NUCLEO-C051C8, NUCLEO-C071RB, NUCLEO-C092RC, NUCLEO-H503RB, NUCLEO-H533RE, NUCLEO-H563ZI, NUCLEO-H7S3L8, NUCLEO-N657X0-Q, NUCLEO-U031R8, NUCLEO-U083RC, NUCLEO-U385RG-Q, NUCLEO-U545RE-Q, NUCLEO-U5A5ZJ-Q, NUCLEO-WB05KZ, NUCLEO-WB07CC, NUCLEO-WB09KE, NUCLEO-WBA52CG, NUCLEO-WBA55CG, NUCLEO-WL33CC1, NUCLEO-WL33CC2, STEVAL-PROTEUS1, STEVAL-SMARTAG2, STEVAL-STWINBX1, STM320518-EVAL, STM32C0116-DK, STM32C011D6Y3TR, STM32C011D6Y6TR, STM32C011F4P3, STM32C011F4P6, STM32C011F4U3, STM32C011F4U6TR, STM32C011F6P3, STM32C011F6P6, STM32C011F6U3, STM32C011F6U6TR, STM32C011J4M3, STM32C011J4M6, STM32C011J6M3, STM32C011J6M6, STM32C0316-DK, STM32C031C4T3, STM32C031C4T6, STM32C031C4U3, STM32C031C4U6, STM32C031C6T3, STM32C031C6T6, STM32C031C6U3, STM32C031C6U6, STM32C031F4P3, STM32C031F4P6, STM32C031F6P3, STM32C031F6P6, STM32C031G4U3, STM32C031G4U6, STM32C031G6U3, STM32C031G6U6, STM32C031K4T3, STM32C031K4T6, STM32C031K4U3, STM32C031K4U6, STM32C031K6T3, STM32C031K6T6, STM32C031K6U3, STM32C031K6U6, STM32C051C6T6, STM32C051C6U6, STM32C051C8T6, STM32C051C8U6, STM32C051D8Y6TR, STM32C051F6P6, STM32C051F8P6, STM32C051G6U6, STM32C051G8U6, STM32C051K6T6, STM32C051K6U6, STM32C051K8T6, STM32C071C8T6, STM32C071C8T6N, STM32C071C8U6, STM32C071C8U6N, STM32C071CBT6, STM32C071CBT6N, STM32C071CBU6, STM32C071CBU6N, STM32C071F8P6, STM32C071F8P6N, STM32C071FBP6, STM32C071FBP6N, STM32C071FBY6TR, STM32C071G8U6, STM32C071G8U6N, STM32C071GBU6, STM32C071GBU6N, STM32C071K8T6, STM32C071K8T6N, STM32C071K8U6, STM32C071K8U6N, STM32C071KBT6, STM32C071KBT6N, STM32C071KBU6, STM32C071KBU6N, STM32C071R8T6, STM32C071R8T6N, STM32C071RBI6N, STM32C071RBT6, STM32C071RBT6N, STM32C091CBT6, STM32C091CBU6, STM32C091CCT6, STM32C091CCU6, STM32C091ECY6TR, STM32C091FBP6, STM32C091FCP6, STM32C091GBU6, STM32C091GCU6, STM32C091KBT6, STM32C091KBU6, STM32C091KCT6, STM32C091KCU6, STM32C091RBT6, STM32C091RCI6, STM32C091RCT6, STM32C092CBT6, STM32C092CBU6, STM32C092CCT6, STM32C092CCU6, STM32C092ECY6TR, STM32C092FBP6, STM32C092FCP6, STM32C092GBU6, STM32C092GCU6, STM32C092KBT6, STM32C092KBU6, STM32C092KCT6, STM32C092KCU6, STM32C092RBT6, STM32C092RCI6, STM32C092RCT6, STM32G071K8TXN, STM32G071K8UXN, STM32G081GBU6N, STM32G081KBT6N, STM32G081KBUXN, STM32G0B1CCT6N, STM32G0B1KCT6, STM32G0B1NEY6TR, STM32G0B1RCT6N, STM32G0C1CCT6, STM32G0C1CCT6N, STM32G0C1CCU6N, STM32G0C1CET6N, STM32G0C1CEU6N, STM32G0C1KCT6, STM32G0C1NEY6TR, STM32G0C1RCI6N, STM32G0C1RCT6N, STM32G0C1REI6N, STM32G0C1RET6N, STM32G0C1VCI6, STM32G0C1VEI6, STM32G411C6T3, STM32G411C6T6, STM32G411C6U3, STM32G411C6U6, STM32G411C8T3, STM32G411C8T6, STM32G411C8U3, STM32G411C8U6, STM32G411CBT3, STM32G411CBT6, STM32G411CBU3, STM32G411CBU6, STM32G411K6T3, STM32G411K6T6, STM32G411K6U3, STM32G411K6U6, STM32G411K8T3, STM32G411K8T6, STM32G411K8U3, STM32G411K8U6, STM32G411KBT3, STM32G411KBT6, STM32G411KBU3, STM32G411KBU6, STM32G411M6T3, STM32G411M6T6, STM32G411M8T3, STM32G411M8T6, STM32G411MBT3, STM32G411MBT6, STM32G411R6T3, STM32G411R6T6, STM32G411R8T3, STM32G411R8T6, STM32G411RBT3, STM32G411RBT6, STM32G414CBT3, STM32G414CBT6, STM32G414CBU3, STM32G414CBU6, STM32G414CCT3, STM32G414CCT6, STM32G414CCU3, STM32G414CCU6, STM32G414MBT3, STM32G414MBT6, STM32G414MCT3, STM32G414MCT6, STM32G414RBT3, STM32G414RBT6, STM32G414RCT3, STM32G414RCT6, STM32G414VBT3, STM32G414VBT6, STM32G414VCT3, STM32G414VCT6, STM32G431CBT3Z, STM32G431RBT3Z, STM32G471CCT6, STM32G471CCU6, STM32G471CET3, STM32G471CET6, STM32G471CEU3, STM32G471CEU6, STM32G471MCT6, STM32G471MET3, STM32G471MET6, STM32G471MEY6TR, STM32G471QCT6, STM32G471QET3, STM32G471RCT6, STM32G471RET3, STM32G471RET6, STM32G471VCH6, STM32G471VCI6, STM32G471VCT6, STM32G471VEH3, STM32G471VEH6, STM32G471VEI3, STM32G471VEI6, STM32G471VET3, STM32G471VET6, STM32G473QET3Z, STM32G473RET3Z, STM32G474CCT6, STM32G491RET3Z, STM32H503CBT6, STM32H503CBU6, STM32H503EBY6TR, STM32H503KBU6, STM32H503RBT6, STM32H523CCT6, STM32H523CCU6, STM32H523CET6, STM32H523CEU6, STM32H523HEY6TR, STM32H523RCT6, STM32H523RET6, STM32H523VCI6, STM32H523VCT6, STM32H523VEI6, STM32H523VET6, STM32H523ZCJ6, STM32H523ZCT6, STM32H523ZEJ6, STM32H523ZET6, STM32H533CET6, STM32H533CEU6, STM32H533HEY6TR, STM32H533RET6, STM32H533VEI6, STM32H533VET6, STM32H533ZEJ6, STM32H533ZET6, STM32H562AGI6, STM32H562AII6, STM32H562IGK6, STM32H562IGT6, STM32H562IIK6, STM32H562IIT6, STM32H562RGT6, STM32H562RGV6, STM32H562RIT6, STM32H562RIV6, STM32H562VGT6, STM32H562VIT6, STM32H562ZGT6, STM32H562ZIT6, STM32H563AGI6, STM32H563AII3Q, STM32H563AII6, STM32H563IGK6, STM32H563IGT6, STM32H563IIK3Q, STM32H563IIK6, STM32H563IIT3Q, STM32H563IIT6, STM32H563MIY3QTR, STM32H563RGT6, STM32H563RGV6, STM32H563RIT6, STM32H563RIV6, STM32H563VGT6, STM32H563VIT3Q, STM32H563VIT6, STM32H563ZGT6, STM32H563ZIT3Q, STM32H563ZIT6, STM32H573AII3Q, STM32H573AII6, STM32H573I-DK, STM32H573IIK3Q, STM32H573IIK6, STM32H573IIT3Q, STM32H573IIT6, STM32H573MIY3QTR, STM32H573RIT6, STM32H573RIV6, STM32H573VIT3Q, STM32H573VIT6, STM32H573ZIT3Q, STM32H573ZIT6, STM32H7R3A8I6, STM32H7R3I8K6, STM32H7R3I8T6, STM32H7R3L8H6, STM32H7R3L8H6H, STM32H7R3R8V6, STM32H7R3V8H6, STM32H7R3V8T6, STM32H7R3V8Y6TR, STM32H7R3Z8J6, STM32H7R3Z8T6, STM32H7R7A8I6, STM32H7R7I8K6, STM32H7R7I8T6, STM32H7R7L8H6, STM32H7R7L8H6H, STM32H7R7Z8J6, STM32H7S3A8I6, STM32H7S3I8K6, STM32H7S3I8T6, STM32H7S3L8H6, STM32H7S3L8H6H, STM32H7S3R8V6, STM32H7S3V8H6, STM32H7S3V8T6, STM32H7S3V8Y6TR, STM32H7S3Z8J6, STM32H7S3Z8T6, STM32H7S78-DK, STM32H7S7A8I6, STM32H7S7I8K6, STM32H7S7I8T6, STM32H7S7L8H6, STM32H7S7L8H6H, STM32H7S7Z8J6, STM32L4R5QGI6STR, STM32MP131AAE3, STM32MP131AAF3, STM32MP131AAG3, STM32MP131CAE3, STM32MP131CAF3, STM32MP131CAG3, STM32MP131DAE7, STM32MP131DAF7, STM32MP131DAG7, STM32MP131FAE7, STM32MP131FAF7, STM32MP131FAG7, STM32MP133AAE3, STM32MP133AAF3, STM32MP133AAG3, STM32MP133CAE3, STM32MP133CAF3, STM32MP133CAG3, STM32MP133DAE7, STM32MP133DAF7, STM32MP133DAG7, STM32MP133FAE7, STM32MP133FAF7, STM32MP133FAG7, STM32MP135AAE3, STM32MP135AAF3, STM32MP135AAG3, STM32MP135CAE3, STM32MP135CAF3, STM32MP135CAG3, STM32MP135DAE7, STM32MP135DAF7, STM32MP135DAG7, STM32MP135F-DK, STM32MP135FAE7, STM32MP135FAF7, STM32MP135FAF7T, STM32MP135FAF7U, STM32MP135FAG7, STM32MP211AAL3, STM32MP211AAM3, STM32MP211AAN3, STM32MP211AAO3, STM32MP211CAL3, STM32MP211CAM3, STM32MP211CAN3, STM32MP211CAO3, STM32MP211DAL3, STM32MP211DAM3, STM32MP211DAN3, STM32MP211DAO3, STM32MP211FAL3, STM32MP211FAM3, STM32MP211FAN3, STM32MP211FAO3, STM32MP213AAL3, STM32MP213AAM3, STM32MP213AAN3, STM32MP213AAO3, STM32MP213CAL3, STM32MP213CAM3, STM32MP213CAN3, STM32MP213CAO3, STM32MP213DAL3, STM32MP213DAM3, STM32MP213DAN3, STM32MP213DAO3, STM32MP213FAL3, STM32MP213FAM3, STM32MP213FAN3, STM32MP213FAO3, STM32MP215AAL3, STM32MP215AAM3, STM32MP215AAN3, STM32MP215AAO3, STM32MP215CAL3, STM32MP215CAM3, STM32MP215CAN3, STM32MP215CAO3, STM32MP215DAL3, STM32MP215DAM3, STM32MP215DAN3, STM32MP215DAO3, STM32MP215F-DK, STM32MP215FAL3, STM32MP215FAM3, STM32MP215FAN3, STM32MP215FAO3, STM32MP231AAJ3, STM32MP231AAK3, STM32MP231AAL3, STM32MP231CAJ3, STM32MP231CAK3, STM32MP231CAL3, STM32MP231DAJ3, STM32MP231DAK3, STM32MP231DAL3, STM32MP231FAJ3, STM32MP231FAK3, STM32MP231FAL3, STM32MP233AAJ3, STM32MP233AAK3, STM32MP233AAL3, STM32MP233CAJ3, STM32MP233CAK3, STM32MP233CAL3, STM32MP233DAJ3, STM32MP233DAK3, STM32MP233DAL3, STM32MP233FAJ3, STM32MP233FAK3, STM32MP233FAL3, STM32MP235AAJ3, STM32MP235AAK3, STM32MP235AAL3, STM32MP235CAJ3, STM32MP235CAK3, STM32MP235CAL3, STM32MP235DAJ3, STM32MP235DAK3, STM32MP235DAL3, STM32MP235FAJ3, STM32MP235FAK3, STM32MP235FAL3, STM32MP251AAI3, STM32MP251AAK3, STM32MP251AAL3, STM32MP251CAI3, STM32MP251CAK3, STM32MP251CAL3, STM32MP251DAI3, STM32MP251DAK3, STM32MP251DAL3, STM32MP251FAI3, STM32MP251FAK3, STM32MP251FAL3, STM32MP253AAI3, STM32MP253AAK3, STM32MP253AAL3, STM32MP253CAI3, STM32MP253CAK3, STM32MP253CAL3, STM32MP253DAI3, STM32MP253DAK3, STM32MP253DAL3, STM32MP253FAI3, STM32MP253FAK3, STM32MP253FAL3, STM32MP255AAI3, STM32MP255AAK3, STM32MP255AAL3, STM32MP255CAI3, STM32MP255CAK3, STM32MP255CAL3, STM32MP255DAI3, STM32MP255DAK3, STM32MP255DAL3, STM32MP255FAI3, STM32MP255FAK3, STM32MP255FAL3, STM32MP257AAI3, STM32MP257AAK3, STM32MP257AAL3, STM32MP257CAI3, STM32MP257CAK3, STM32MP257CAL3, STM32MP257DAI3, STM32MP257DAK3, STM32MP257DAL3, STM32MP257F-DK, STM32MP257F-EV1, STM32MP257FAI3, STM32MP257FAK3, STM32MP257FAL3, STM32N645A0H3Q, STM32N645B0H3Q, STM32N645I0H3Q, STM32N645L0H3Q, STM32N645X0H3Q, STM32N645Z0H3Q, STM32N647A0H3Q, STM32N647B0H3Q, STM32N647I0H3Q, STM32N647L0H3Q, STM32N647X0H3Q, STM32N647Z0H3Q, STM32N655A0H3Q, STM32N655B0H3Q, STM32N655I0H3Q, STM32N655L0H3Q, STM32N655X0H3Q, STM32N655Z0H3Q, STM32N6570-DK, STM32N657A0H3Q, STM32N657B0H3Q, STM32N657I0H3Q, STM32N657L0H3Q, STM32N657X0H3Q, STM32N657Z0H3Q, STM32U031C6T6, STM32U031C6U6, STM32U031C8T6, STM32U031C8U6, STM32U031F4P6, STM32U031F6P6, STM32U031F8P6, STM32U031G6Y6TR, STM32U031G8Y6TR, STM32U031K4U6, STM32U031K6U6, STM32U031K8U6, STM32U031R6I6, STM32U031R6T6, STM32U031R8I6, STM32U031R8T6, STM32U073C8T6, STM32U073C8U6, STM32U073CBT6, STM32U073CBU6, STM32U073CCT6, STM32U073CCU6, STM32U073H8Y6TR, STM32U073HBY6TR, STM32U073HCY6TR, STM32U073K8U6, STM32U073KBU6, STM32U073KCU6, STM32U073M8I6, STM32U073M8T6, STM32U073MBI6, STM32U073MBT6, STM32U073MCI6, STM32U073MCT6, STM32U073R8I6, STM32U073R8T6, STM32U073RBI6, STM32U073RBT6, STM32U073RCI6, STM32U073RCT6, STM32U083C-DK, STM32U083CCT6, STM32U083CCU6, STM32U083HCY6TR, STM32U083KCU6, STM32U083MCI6, STM32U083MCT6, STM32U083RCI6, STM32U083RCT6, STM32U375CET6, STM32U375CET6Q, STM32U375CEU6, STM32U375CEU6Q, STM32U375CEY6QTR, STM32U375CGT6, STM32U375CGT6Q, STM32U375CGU6, STM32U375CGU6Q, STM32U375CGY6QTR, STM32U375KEU6, STM32U375KGU6, STM32U375REI6, STM32U375REI6Q, STM32U375RET6, STM32U375RET6Q, STM32U375REY6GTR, STM32U375REY6QTR, STM32U375RGI6, STM32U375RGI6Q, STM32U375RGT6, STM32U375RGT6Q, STM32U375RGY6GTR, STM32U375RGY6QTR, STM32U375VEI6, STM32U375VEI6Q, STM32U375VET6, STM32U375VET6Q, STM32U375VGI6, STM32U375VGI6Q, STM32U375VGT6, STM32U375VGT6Q, STM32U385CGT6, STM32U385CGT6Q, STM32U385CGU6, STM32U385CGU6Q, STM32U385CGY6QTR, STM32U385KGU6, STM32U385RGI6, STM32U385RGI6Q, STM32U385RGT6, STM32U385RGT6Q, STM32U385RGY6GTR, STM32U385RGY6QTR, STM32U385VGI6, STM32U385VGI6Q, STM32U385VGT6, STM32U385VGT6Q, STM32U535CBT6, STM32U535CBT6Q, STM32U535CBU6, STM32U535CBU6Q, STM32U535CCT6, STM32U535CCT6Q, STM32U535CCU6, STM32U535CCU6Q, STM32U535CET6, STM32U535CET6Q, STM32U535CEU6, STM32U535CEU6Q, STM32U535JEY6QTR, STM32U535NCY6QTR, STM32U535NEY6QTR, STM32U535RBI6, STM32U535RBI6Q, STM32U535RBT6, STM32U535RBT6Q, STM32U535RCI6, STM32U535RCI6Q, STM32U535RCT6, STM32U535RCT6Q, STM32U535REI6, STM32U535REI6Q, STM32U535RET6, STM32U535RET6Q, STM32U535VCI6, STM32U535VCI6Q, STM32U535VCT6, STM32U535VCT6Q, STM32U535VEI6, STM32U535VEI6Q, STM32U535VET6, STM32U535VET6Q, STM32U545CET6, STM32U545CET6Q, STM32U545CEU6, STM32U545CEU6Q, STM32U545JEY6QTR, STM32U545NEY6QTR, STM32U545REI6, STM32U545REI6Q, STM32U545RET6, STM32U545RET6Q, STM32U545VEI6, STM32U545VEI6Q, STM32U545VET6, STM32U545VET6Q, STM32U595AIH6, STM32U595AIH6Q, STM32U595AJH6, STM32U595AJH6Q, STM32U595QII6, STM32U595QII6Q, STM32U595QJI6, STM32U595QJI6Q, STM32U595RIT6, STM32U595RIT6Q, STM32U595RJT6, STM32U595RJT6Q, STM32U595VIT6, STM32U595VIT6Q, STM32U595VJT6, STM32U595VJT6Q, STM32U595ZIT6, STM32U595ZIT6Q, STM32U595ZIY6QTR, STM32U595ZJT6, STM32U595ZJT6Q, STM32U595ZJY6QTR, STM32U599BJY6QTR, STM32U599NIH6Q, STM32U599NJH6Q, STM32U599VIT6Q, STM32U599VJT6, STM32U599VJT6Q, STM32U599ZIT6Q, STM32U599ZIY6QTR, STM32U599ZJT6Q, STM32U599ZJY6QTR, STM32U5A5AJH6, STM32U5A5AJH6Q, STM32U5A5QII3Q , STM32U5A5QJI6, STM32U5A5QJI6Q, STM32U5A5RJT6, STM32U5A5RJT6Q, STM32U5A5VJT6, STM32U5A5VJT6Q, STM32U5A5ZJT6, STM32U5A5ZJT6Q, STM32U5A5ZJY6QTR, STM32U5A9BJY6QTR, STM32U5A9J-DK, STM32U5A9NJH6Q, STM32U5A9VJT6Q, STM32U5A9ZJT6Q, STM32U5A9ZJY6QTR, STM32U5F7VIT6, STM32U5F7VIT6Q, STM32U5F7VJT6, STM32U5F7VJT6Q, STM32U5F9BJY6QTR, STM32U5F9NJH6Q, STM32U5F9VIT6Q, STM32U5F9VJT6Q, STM32U5F9ZIJ6QTR, STM32U5F9ZIT6Q, STM32U5F9ZJJ6QTR, STM32U5F9ZJT6Q, STM32U5G7VJT6, STM32U5G7VJT6Q, STM32U5G9BJY6QTR, STM32U5G9J-DK1, STM32U5G9J-DK2, STM32U5G9NJH6Q, STM32U5G9VJT6Q, STM32U5G9ZJJ6QTR, STM32U5G9ZJT6Q, STM32WB05KZV6TR, STM32WB05KZV7TR, STM32WB05TZF6TR, STM32WB05TZF7TR, STM32WB06CCF6TR, STM32WB06CCF7TR, STM32WB06CCV6TR, STM32WB06CCV7TR, STM32WB06KCV6TR, STM32WB06KCV7TR, STM32WB07CCF6TR, STM32WB07CCF7TR, STM32WB07CCV6TR, STM32WB07CCV7TR, STM32WB07KCV6TR, STM32WB07KCV7TR, STM32WB09KEV6TR, STM32WB09KEV7TR, STM32WB09TEF6TR, STM32WB09TEF7TR, STM32WB1MMCH6, STM32WBA50KGU6, STM32WBA50KGU6TR, STM32WBA52CEU6, STM32WBA52CEU6TR, STM32WBA52CEU7, STM32WBA52CEU7TR, STM32WBA52CGU6, STM32WBA52CGU6TR, STM32WBA52CGU6U, STM32WBA52CGU7, STM32WBA52CGU7TR, STM32WBA52KEU6, STM32WBA52KEU6TR, STM32WBA52KGU6, STM32WBA52KGU6TR, STM32WBA54CEU6, STM32WBA54CEU6TR, STM32WBA54CEU7, STM32WBA54CEU7TR, STM32WBA54CGU6, STM32WBA54CGU6TR, STM32WBA54CGU7, STM32WBA54CGU7TR, STM32WBA54KEU6, STM32WBA54KEU6TR, STM32WBA54KEU7, STM32WBA54KEU7TR, STM32WBA54KGU6, STM32WBA54KGU6TR, STM32WBA54KGU7, STM32WBA54KGU7TR, STM32WBA55CEU6, STM32WBA55CEU6TR, STM32WBA55CEU7, STM32WBA55CEU7TR, STM32WBA55CGU6, STM32WBA55CGU6TR, STM32WBA55CGU6U, STM32WBA55CGU7, STM32WBA55CGU7TR, STM32WBA55G-DK1, STM32WBA55HEF6, STM32WBA55HEF7, STM32WBA55HGF6, STM32WBA55HGF7, STM32WBA55UEI6, STM32WBA55UEI6TR, STM32WBA55UEI7, STM32WBA55UEI7TR, STM32WBA55UGI6, STM32WBA55UGI6TR, STM32WBA55UGI7, STM32WBA55UGI7TR, STM32WBA5MMGH6TR, STM32WBA62MGF6, STM32WBA62MIF6, STM32WBA65MGF7, STM32WBA65MIF6, STM32WBA65MIF7, STM32WL30K8V6, STM32WL30KBV6, STM32WL31C8V6, STM32WL31CBV6, STM32WL31K8V6, STM32WL31KBV6, STM32WL33C8V6, STM32WL33C8V6X, STM32WL33CBV6, STM32WL33CBV6X, STM32WL33CCV6, STM32WL33CCV6A, STM32WL33CCV6X, STM32WL33K8V7, STM32WL33K8V7X, STM32WL33KBV7 , STM32WL33KBV7X, STM32WL33KCV7, STM32WL33KCV7X, STM32WL5MOCH6, STM32WL5MOCH6TR]
2025-10-29 23:19:43,426 [INFO] DbMcus:218 - Found 4801 MCUs, 4801 are supported
2025-10-29 23:19:43,426 [INFO] ApiDb:423 - Load user favorites file C:\Users\Miloush/.stm32cubeide/favorites.mcus.txt: 3 item(s)
2025-10-29 23:19:43,426 [INFO] ApiDb:427 - User favorites MCUs=[STM32F446RET6, STM32G431KBT6, STM32G474CBT3]
2025-10-29 23:19:43,426 [INFO] DbMcus:224 - Set 3 / 3 favorites MCUs
2025-10-29 23:19:43,685 [INFO] ApiDb:423 - Load user favorites file C:\Users\Miloush/.stm32cubeide/favorites.boards.txt: 0 item(s)
2025-10-29 23:19:43,686 [INFO] ApiDb:427 - User favorites Boards=[]
2025-10-29 23:19:43,686 [INFO] DbBoards:198 - Set 0 / 0 favorites Boards
2025-10-29 23:19:43,747 [INFO] UtilMem:75 - End LoadConfig() Used Memory: 369910632 Bytes (447741952)
2025-10-29 23:19:43,821 [WARN] ThirdParty:833 - waiting for thirdparty lock release [change project]
2025-10-29 23:19:43,821 [INFO] ThirdParty:835 - entering critical section [change project]
2025-10-29 23:19:43,821 [INFO] ThirdParty:1030 - CMSIS Pack Vendor :STMicroelectronics X-CUBE-PM33A1 1.0.0
2025-10-29 23:19:43,821 [INFO] ThirdParty:1030 - CMSIS Pack Vendor :STMicroelectronics USBPD 4.1
2025-10-29 23:19:43,821 [INFO] ThirdParty:1030 - CMSIS Pack Vendor :STMicroelectronics USB_HOST 2.0.0
2025-10-29 23:19:43,821 [INFO] ThirdParty:1030 - CMSIS Pack Vendor :STMicroelectronics FP-SNS-MOTENVWB1 1.4.0
2025-10-29 23:19:43,821 [INFO] ThirdParty:1030 - CMSIS Pack Vendor :STMicroelectronics X-CUBE-AZRTOS-F4 1.1.0
2025-10-29 23:19:43,822 [INFO] ThirdParty:1030 - CMSIS Pack Vendor :STMicroelectronics LIBJPEG 8.0.0
2025-10-29 23:19:43,822 [INFO] ThirdParty:1030 - CMSIS Pack Vendor :STMicroelectronics FP-ATR-ASTRA1 2.0.2
2025-10-29 23:19:43,822 [INFO] ThirdParty:1030 - CMSIS Pack Vendor :STMicroelectronics FP-ATR-ASTRA1 2.0.1
2025-10-29 23:19:43,822 [INFO] ThirdParty:1030 - CMSIS Pack Vendor :Avnet-IotConnect X-CUBE-IoTC-DA16k-PMOD 1.0.0
2025-10-29 23:19:43,822 [INFO] ThirdParty:1030 - CMSIS Pack Vendor :STMicroelectronics X-CUBE-SMBUS 2.1.0
2025-10-29 23:19:43,822 [INFO] ThirdParty:1030 - CMSIS Pack Vendor :STMicroelectronics X-CUBE-WB05N 1.1.0
2025-10-29 23:19:43,822 [INFO] ThirdParty:1030 - CMSIS Pack Vendor :STMicroelectronics X-CUBE-ISPU 2.1.0
2025-10-29 23:19:43,822 [INFO] ThirdParty:1030 - CMSIS Pack Vendor :STMicroelectronics X-CUBE-IPS 3.2.0
2025-10-29 23:19:43,822 [INFO] ThirdParty:1030 - CMSIS Pack Vendor :STMicroelectronics X-CUBE-FREERTOS 1.2.0
2025-10-29 23:19:43,822 [INFO] ThirdParty:1030 - CMSIS Pack Vendor :STMicroelectronics X-CUBE-ST60 1.0.0
2025-10-29 23:19:43,822 [INFO] ThirdParty:1030 - CMSIS Pack Vendor :STMicroelectronics X-CUBE-NFC12 1.0.0
2025-10-29 23:19:43,822 [INFO] ThirdParty:1030 - CMSIS Pack Vendor :STMicroelectronics X-CUBE-AZRTOS-F7 1.1.0
2025-10-29 23:19:43,822 [INFO] ThirdParty:1030 - CMSIS Pack Vendor :STMicroelectronics X-CUBE-AZRTOS-L5 2.0.0
2025-10-29 23:19:43,822 [INFO] ThirdParty:1030 - CMSIS Pack Vendor :STMicroelectronics USB_DEVICE 2.0.0
2025-10-29 23:19:43,822 [INFO] ThirdParty:1030 - CMSIS Pack Vendor :STMicroelectronics X-CUBE-NFC6 3.1.0
2025-10-29 23:19:43,822 [INFO] ThirdParty:1030 - CMSIS Pack Vendor :STMicroelectronics X-CUBE-MEMS1 11.0.0
2025-10-29 23:19:43,822 [INFO] ThirdParty:1030 - CMSIS Pack Vendor :STMicroelectronics FP-SNS-MOTENV1 5.1.0
2025-10-29 23:19:43,822 [INFO] ThirdParty:1030 - CMSIS Pack Vendor :STMicroelectronics FreeRTOS 0.0.1
2025-10-29 23:19:43,822 [INFO] ThirdParty:1030 - CMSIS Pack Vendor :STMicroelectronics X-CUBE-DPower 1.2.0
2025-10-29 23:19:43,822 [INFO] ThirdParty:1030 - CMSIS Pack Vendor :STMicroelectronics FP-SNS-FLIGHT1 5.0.2
2025-10-29 23:19:43,822 [INFO] ThirdParty:1030 - CMSIS Pack Vendor :STMicroelectronics PDM2PCM 3.3.0
2025-10-29 23:19:43,822 [INFO] ThirdParty:1030 - CMSIS Pack Vendor :STMicroelectronics X-CUBE-AZRTOS-H7 3.4.0
2025-10-29 23:19:43,822 [INFO] ThirdParty:1030 - CMSIS Pack Vendor :STMicroelectronics X-CUBE-DISPLAY 3.0.0
2025-10-29 23:19:43,822 [INFO] ThirdParty:1030 - CMSIS Pack Vendor :STMicroelectronics X-CUBE-BLE1 7.0.0
2025-10-29 23:19:43,822 [INFO] ThirdParty:1030 - CMSIS Pack Vendor :STMicroelectronics X-CUBE-NFC10 1.0.0
2025-10-29 23:19:43,822 [INFO] ThirdParty:1030 - CMSIS Pack Vendor :STMicroelectronics X-CUBE-BLEMGR 4.0.0
2025-10-29 23:19:43,822 [INFO] ThirdParty:1030 - CMSIS Pack Vendor :STMicroelectronics X-CUBE-FREERTOS 1.3.1
2025-10-29 23:19:43,822 [INFO] ThirdParty:1030 - CMSIS Pack Vendor :STMicroelectronics HAL Drivers 0.0.0
2025-10-29 23:19:43,822 [INFO] ThirdParty:1030 - CMSIS Pack Vendor :STMicroelectronics X-CUBE-ST60 1.1.0
2025-10-29 23:19:43,822 [INFO] ThirdParty:1030 - CMSIS Pack Vendor :emotas I-CUBE-CANOPEN 1.3.0
2025-10-29 23:19:43,822 [INFO] ThirdParty:1030 - CMSIS Pack Vendor :STMicroelectronics X-CUBE-FREERTOS 1.3.0
2025-10-29 23:19:43,822 [INFO] ThirdParty:1030 - CMSIS Pack Vendor :STMicroelectronics X-CUBE-NFC7 1.0.1
2025-10-29 23:19:43,822 [INFO] ThirdParty:1030 - CMSIS Pack Vendor :STMicroelectronics MBEDTLS 2.14.1
2025-10-29 23:19:43,822 [INFO] ThirdParty:1030 - CMSIS Pack Vendor :STMicroelectronics X-CUBE-GNSS1 7.1.0
2025-10-29 23:19:43,822 [INFO] ThirdParty:1030 - CMSIS Pack Vendor :STMicroelectronics X-CUBE-TOUCHGFX 4.26.0
2025-10-29 23:19:43,822 [INFO] ThirdParty:1030 - CMSIS Pack Vendor :STMicroelectronics X-CUBE-BLEMGR 3.1.0
2025-10-29 23:19:43,822 [INFO] ThirdParty:1030 - CMSIS Pack Vendor :STMicroelectronics X-CUBE-AI 10.0.0
2025-10-29 23:19:43,822 [INFO] ThirdParty:1030 - CMSIS Pack Vendor :STMicroelectronics FP-SNS-STBOX1 2.1.0
2025-10-29 23:19:43,822 [INFO] ThirdParty:1030 - CMSIS Pack Vendor :STMicroelectronics FP-SNS-STAIOTCFT 1.0.0
2025-10-29 23:19:43,822 [INFO] ThirdParty:1030 - CMSIS Pack Vendor :STMicroelectronics FP-SNS-SMARTAG2 1.2.0
2025-10-29 23:19:43,822 [INFO] ThirdParty:1030 - CMSIS Pack Vendor :STMicroelectronics FP-SNS-FLIGHT1 5.1.0
2025-10-29 23:19:43,822 [INFO] ThirdParty:1030 - CMSIS Pack Vendor :STMicroelectronics X-CUBE-MEMS1 11.1.0
2025-10-29 23:19:43,822 [INFO] ThirdParty:1030 - CMSIS Pack Vendor :STMicroelectronics X-CUBE-AZRTOS-WL 2.0.0
2025-10-29 23:19:43,822 [INFO] ThirdParty:1030 - CMSIS Pack Vendor :STMicroelectronics X-CUBE-DPower 1.3.0
2025-10-29 23:19:43,822 [INFO] ThirdParty:1030 - CMSIS Pack Vendor :STMicroelectronics FP-SNS-MOTENV1 5.0.0
2025-10-29 23:19:43,822 [INFO] ThirdParty:1030 - CMSIS Pack Vendor :STMicroelectronics USB_DEVICE 1.0.0
2025-10-29 23:19:43,822 [INFO] ThirdParty:1030 - CMSIS Pack Vendor :wolfSSL I-CUBE-wolfMQTT 1.19.0
2025-10-29 23:19:43,823 [INFO] ThirdParty:1030 - CMSIS Pack Vendor :STMicroelectronics X-CUBE-AZRTOS-L4 2.0.0
2025-10-29 23:19:43,823 [INFO] ThirdParty:1030 - CMSIS Pack Vendor :STMicroelectronics ThreadX 0.0.2
2025-10-29 23:19:43,823 [INFO] ThirdParty:1030 - CMSIS Pack Vendor :WES I-CUBE-Cesium 1.3.0
2025-10-29 23:19:43,823 [INFO] ThirdParty:1030 - CMSIS Pack Vendor :STMicroelectronics lwIP 2.1.2
2025-10-29 23:19:43,823 [INFO] ThirdParty:1030 - CMSIS Pack Vendor :STMicroelectronics X-CUBE-SFXS2LP1 4.0.0
2025-10-29 23:19:43,823 [INFO] ThirdParty:1030 - CMSIS Pack Vendor :STMicroelectronics X-CUBE-BLE2 3.3.0
2025-10-29 23:19:43,823 [INFO] ThirdParty:1030 - CMSIS Pack Vendor :STMicroelectronics PDM2PCM 3.2.0
2025-10-29 23:19:43,823 [INFO] ThirdParty:1030 - CMSIS Pack Vendor :STMicroelectronics X-CUBE-AZRTOS-H7 3.3.0
2025-10-29 23:19:43,823 [INFO] ThirdParty:1030 - CMSIS Pack Vendor :STMicroelectronics X-CUBE-NFC9 1.0.0
2025-10-29 23:19:43,823 [INFO] ThirdParty:1030 - CMSIS Pack Vendor :STMicroelectronics X-CUBE-BLE1 7.1.0
2025-10-29 23:19:43,823 [INFO] ThirdParty:1030 - CMSIS Pack Vendor :STMicroelectronics USB_DEVICE 3.0.0
2025-10-29 23:19:43,823 [INFO] ThirdParty:1030 - CMSIS Pack Vendor :STMicroelectronics X-CUBE-TCPP 4.1.0
2025-10-29 23:19:43,823 [INFO] ThirdParty:1030 - CMSIS Pack Vendor :STMicroelectronics X-CUBE-EEPRMA1 5.2.0
2025-10-29 23:19:43,823 [INFO] ThirdParty:1030 - CMSIS Pack Vendor :STMicroelectronics X-CUBE-BLEMGR 4.1.0
2025-10-29 23:19:43,823 [INFO] ThirdParty:1030 - CMSIS Pack Vendor :STMicroelectronics X-CUBE-IPS 3.0.0
2025-10-29 23:19:43,823 [INFO] ThirdParty:1030 - CMSIS Pack Vendor :STMicroelectronics X-CUBE-AZRTOS-WB 2.0.0
2025-10-29 23:19:43,823 [INFO] ThirdParty:1030 - CMSIS Pack Vendor :STMicroelectronics X-CUBE-GNSS1 7.0.0
2025-10-29 23:19:43,823 [INFO] ThirdParty:1030 - CMSIS Pack Vendor :STMicroelectronics X-CUBE-GNSS1 7.0.1
2025-10-29 23:19:43,823 [INFO] ThirdParty:1030 - CMSIS Pack Vendor :STMicroelectronics X-CUBE-TOUCHGFX 4.25.0
2025-10-29 23:19:43,823 [INFO] ThirdParty:1030 - CMSIS Pack Vendor :STMicroelectronics X-CUBE-ST67W61 1.1.0
2025-10-29 23:19:43,823 [INFO] ThirdParty:1030 - CMSIS Pack Vendor :STMicroelectronics X-CUBE-AI 10.1.0
2025-10-29 23:19:43,823 [INFO] ThirdParty:1030 - CMSIS Pack Vendor :STMicroelectronics FP-SNS-STBOX1 2.0.0
2025-10-29 23:19:43,823 [INFO] ThirdParty:1030 - CMSIS Pack Vendor :STMicroelectronics X-CUBE-MEMS1 11.2.0
2025-10-29 23:19:43,823 [INFO] ThirdParty:1030 - CMSIS Pack Vendor :STMicroelectronics X-CUBE-AZRTOS-G0 1.1.0
2025-10-29 23:19:43,823 [INFO] ThirdParty:1030 - CMSIS Pack Vendor :STMicroelectronics X-CUBE-SAFEA1 1.2.2
2025-10-29 23:19:43,823 [INFO] ThirdParty:1030 - CMSIS Pack Vendor :STMicroelectronics X-CUBE-NFC4 3.0.0
2025-10-29 23:19:43,823 [INFO] ThirdParty:1030 - CMSIS Pack Vendor :STMicroelectronics X-CUBE-SUBG2 5.0.0
2025-10-29 23:19:43,823 [INFO] ThirdParty:1030 - CMSIS Pack Vendor :STMicroelectronics X-CUBE-AZRTOS-H7RS 1.1.0
2025-10-29 23:19:43,823 [INFO] ThirdParty:1030 - CMSIS Pack Vendor :STMicroelectronics STM32_WPAN 1.0.0
2025-10-29 23:19:43,823 [INFO] ThirdParty:1030 - CMSIS Pack Vendor :EmbeddedOffice I-CUBE-FS-RTOS 1.0.1
2025-10-29 23:19:43,823 [INFO] ThirdParty:1030 - CMSIS Pack Vendor :STMicroelectronics lwIP 2.0.3
2025-10-29 23:19:43,823 [INFO] ThirdParty:1030 - CMSIS Pack Vendor :Cesanta I-CUBE-Mongoose 7.13.0
2025-10-29 23:19:43,823 [INFO] ThirdParty:1030 - CMSIS Pack Vendor :STMicroelectronics USB_HOST 1.0.0
2025-10-29 23:19:43,823 [INFO] ThirdParty:1030 - CMSIS Pack Vendor :STMicroelectronics X-CUBE-AZRTOS-G4 2.0.0
2025-10-29 23:19:43,824 [INFO] ThirdParty:1030 - CMSIS Pack Vendor :STMicroelectronics X-CUBE-WB05N 2.0.0
2025-10-29 23:19:43,824 [INFO] ThirdParty:1030 - CMSIS Pack Vendor :STMicroelectronics PDM2PCM 3.1.0
2025-10-29 23:19:43,824 [INFO] ThirdParty:1030 - CMSIS Pack Vendor :STMicroelectronics X-CUBE-NFC7 2.0.0
2025-10-29 23:19:43,824 [INFO] ThirdParty:1030 - CMSIS Pack Vendor :STMicroelectronics X-CUBE-TCPP 4.2.0
2025-10-29 23:19:43,824 [INFO] ThirdParty:1030 - CMSIS Pack Vendor :RealThread X-CUBE-RT-Thread_Nano 4.1.1
2025-10-29 23:19:43,824 [INFO] ThirdParty:1030 - CMSIS Pack Vendor :STMicroelectronics FP-ATR-SIGFOX1 3.2.0
2025-10-29 23:19:43,824 [INFO] ThirdParty:1030 - CMSIS Pack Vendor :wolfSSL I-CUBE-wolfSSL 5.7.2
2025-10-29 23:19:43,824 [INFO] ThirdParty:1030 - CMSIS Pack Vendor :quantropi X-CUBE-qispace-sdk-base 1.9.3
2025-10-29 23:19:43,824 [INFO] ThirdParty:1030 - CMSIS Pack Vendor :STMicroelectronics X-CUBE-EEPRMA1 5.1.0
2025-10-29 23:19:43,824 [INFO] ThirdParty:1030 - CMSIS Pack Vendor :STMicroelectronics MBEDTLS 2.16.2
2025-10-29 23:19:43,824 [INFO] ThirdParty:1030 - CMSIS Pack Vendor :STMicroelectronics X-CUBE-IPS 3.1.0
2025-10-29 23:19:43,824 [INFO] ThirdParty:1030 - CMSIS Pack Vendor :STMicroelectronics X-CUBE-ALS 1.0.2
2025-10-29 23:19:43,824 [INFO] ThirdParty:1030 - CMSIS Pack Vendor :ITTIA_DB I-CUBE-ITTIADB 8.9.0
2025-10-29 23:19:43,824 [INFO] ThirdParty:1030 - CMSIS Pack Vendor :STMicroelectronics X-CUBE-TOUCHGFX 4.24.2
2025-10-29 23:19:43,824 [INFO] ThirdParty:1030 - CMSIS Pack Vendor :STMicroelectronics X-CUBE-TOUCHGFX 4.24.1
2025-10-29 23:19:43,824 [INFO] ThirdParty:1030 - CMSIS Pack Vendor :STMicroelectronics X-CUBE-STSE01 1.0.0
2025-10-29 23:19:43,824 [INFO] ThirdParty:1030 - CMSIS Pack Vendor :wolfSSL I-CUBE-wolfTPM 3.4.0
2025-10-29 23:19:43,824 [INFO] ThirdParty:1030 - CMSIS Pack Vendor :portGmbH I-Cube-SoM-uGOAL 1.1.0
2025-10-29 23:19:43,824 [INFO] ThirdParty:1030 - CMSIS Pack Vendor :STMicroelectronics X-CUBE-ST67W61 1.0.0
2025-10-29 23:19:43,824 [INFO] ThirdParty:1030 - CMSIS Pack Vendor :STMicroelectronics X-CUBE-AI 10.2.0
2025-10-29 23:19:43,824 [INFO] ThirdParty:1030 - CMSIS Pack Vendor :STMicroelectronics ThreadX 1.0.0
2025-10-29 23:19:43,824 [INFO] ThirdParty:1030 - CMSIS Pack Vendor :SEGGER I-CUBE-embOS 1.3.1
2025-10-29 23:19:43,824 [INFO] ThirdParty:1030 - CMSIS Pack Vendor :STMicroelectronics X-CUBE-ALGOBUILD 1.4.0
2025-10-29 23:19:43,824 [INFO] ThirdParty:1030 - CMSIS Pack Vendor :STMicroelectronics X-CUBE-MEMS1 11.3.0
2025-10-29 23:19:43,824 [INFO] ThirdParty:1030 - CMSIS Pack Vendor :STMicroelectronics X-CUBE-AZRTOS-H7RS 1.0.0
2025-10-29 23:19:43,824 [INFO] ThirdParty:1030 - CMSIS Pack Vendor :STMicroelectronics FP-ATR-ASTRA1 2.0.0
2025-10-29 23:19:43,824 [INFO] ThirdParty:1030 - CMSIS Pack Vendor :STMicroelectronics X-CUBE-TOF1 3.4.2
2025-10-29 23:19:43,824 [INFO] ThirdParty:1030 - CMSIS Pack Vendor :STMicroelectronics X-CUBE-TOF1 3.4.3
2025-10-29 23:19:43,824 [INFO] ThirdParty:1030 - CMSIS Pack Vendor :STMicroelectronics X-CUBE-AI 9.1.0
2025-10-29 23:19:43,824 [INFO] ThirdParty:1030 - CMSIS Pack Vendor :Infineon AIROC-Wi-Fi-Bluetooth-STM32 1.6.1
2025-10-29 23:19:43,825 [INFO] ThirdParty:1030 - CMSIS Pack Vendor :wolfSSL I-CUBE-wolfSSH 1.4.17
2025-10-29 23:19:43,825 [INFO] ThirdParty:841 - exiting critical section [change project]
2025-10-29 23:19:44,165 [INFO] PinOutPanel:1589 - setPackage(No Configuration,No Configuration)
2025-10-29 23:19:44,166 [INFO] PinOutPanel:1589 - setPackage(STM32G431RBTx,LQFP64)
2025-10-29 23:19:44,596 [INFO] UtilMem:75 - Before build in PCC Used Memory: 298648496 Bytes (447741952)
2025-10-29 23:19:45,352 [INFO] UtilMem:75 - After build in PCC Used Memory: 407176112 Bytes (447741952)
2025-10-29 23:19:45,383 [INFO] IPUIPlugin:80 - create IPUIPlugin
2025-10-29 23:19:45,383 [INFO] IPUIPlugin:80 - create IPUIPlugin
2025-10-29 23:19:45,384 [INFO] IPUIPlugin:80 - create IPUIPlugin
2025-10-29 23:19:45,384 [INFO] IPUIPlugin:80 - create IPUIPlugin
2025-10-29 23:19:45,384 [INFO] IPUIPlugin:80 - create IPUIPlugin
2025-10-29 23:19:45,384 [INFO] IPUIPlugin:80 - create IPUIPlugin
2025-10-29 23:19:45,384 [INFO] IPUIPlugin:80 - create IPUIPlugin
2025-10-29 23:19:45,384 [INFO] IPUIPlugin:80 - create IPUIPlugin
2025-10-29 23:19:45,384 [INFO] IPUIPlugin:80 - create IPUIPlugin
2025-10-29 23:19:45,384 [INFO] IPUIPlugin:80 - create IPUIPlugin
2025-10-29 23:19:45,384 [INFO] IPUIPlugin:80 - create IPUIPlugin
2025-10-29 23:19:45,384 [INFO] IPUIPlugin:80 - create IPUIPlugin
2025-10-29 23:19:45,384 [INFO] IPUIPlugin:80 - create IPUIPlugin
2025-10-29 23:19:45,384 [INFO] IPUIPlugin:80 - create IPUIPlugin
2025-10-29 23:19:45,384 [INFO] IPUIPlugin:80 - create IPUIPlugin
2025-10-29 23:19:45,384 [INFO] IPUIPlugin:80 - create IPUIPlugin
2025-10-29 23:19:45,384 [INFO] IPUIPlugin:80 - create IPUIPlugin
2025-10-29 23:19:45,385 [INFO] IPUIPlugin:80 - create IPUIPlugin
2025-10-29 23:19:45,385 [INFO] IPUIPlugin:80 - create IPUIPlugin
2025-10-29 23:19:45,385 [INFO] IPUIPlugin:80 - create IPUIPlugin
2025-10-29 23:19:45,385 [INFO] IPUIPlugin:80 - create IPUIPlugin
2025-10-29 23:19:45,385 [INFO] IPUIPlugin:80 - create IPUIPlugin
2025-10-29 23:19:45,385 [INFO] IPUIPlugin:80 - create IPUIPlugin
2025-10-29 23:19:45,385 [INFO] IPUIPlugin:80 - create IPUIPlugin
2025-10-29 23:19:45,386 [INFO] IPUIPlugin:80 - create IPUIPlugin
2025-10-29 23:19:45,386 [INFO] IPUIPlugin:80 - create IPUIPlugin
2025-10-29 23:19:45,386 [INFO] IPUIPlugin:80 - create IPUIPlugin
2025-10-29 23:19:45,386 [INFO] IPUIPlugin:80 - create IPUIPlugin
2025-10-29 23:19:45,386 [INFO] IPUIPlugin:80 - create IPUIPlugin
2025-10-29 23:19:45,386 [INFO] IPUIPlugin:80 - create IPUIPlugin
2025-10-29 23:19:45,386 [INFO] IPUIPlugin:80 - create IPUIPlugin
2025-10-29 23:19:45,387 [INFO] IPUIPlugin:80 - create IPUIPlugin
2025-10-29 23:19:45,387 [INFO] IPUIPlugin:80 - create IPUIPlugin
2025-10-29 23:19:45,387 [INFO] IPUIPlugin:80 - create IPUIPlugin
2025-10-29 23:19:45,387 [INFO] IPUIPlugin:80 - create IPUIPlugin
2025-10-29 23:19:45,387 [INFO] IPUIPlugin:80 - create IPUIPlugin
2025-10-29 23:19:45,387 [INFO] IPUIPlugin:80 - create IPUIPlugin
2025-10-29 23:19:45,387 [INFO] IPUIPlugin:80 - create IPUIPlugin
2025-10-29 23:19:45,387 [INFO] IPUIPlugin:80 - create IPUIPlugin
2025-10-29 23:19:45,388 [INFO] IPUIPlugin:80 - create IPUIPlugin
2025-10-29 23:19:45,388 [INFO] IPUIPlugin:80 - create IPUIPlugin
2025-10-29 23:19:45,388 [INFO] IPUIPlugin:80 - create IPUIPlugin
2025-10-29 23:19:45,388 [INFO] IPUIPlugin:80 - create IPUIPlugin
2025-10-29 23:19:45,388 [INFO] IPUIPlugin:80 - create IPUIPlugin
2025-10-29 23:19:45,388 [INFO] IPUIPlugin:80 - create IPUIPlugin
2025-10-29 23:19:45,388 [INFO] IPUIPlugin:80 - create IPUIPlugin
2025-10-29 23:19:45,388 [INFO] IPUIPlugin:80 - create IPUIPlugin
2025-10-29 23:19:45,389 [INFO] IPUIPlugin:80 - create IPUIPlugin
2025-10-29 23:19:45,389 [INFO] IPUIPlugin:80 - create IPUIPlugin
2025-10-29 23:19:45,389 [INFO] IPUIPlugin:80 - create IPUIPlugin
2025-10-29 23:19:45,389 [INFO] IPUIPlugin:80 - create IPUIPlugin
2025-10-29 23:19:45,389 [INFO] IPUIPlugin:80 - create IPUIPlugin
2025-10-29 23:19:45,389 [INFO] IPUIPlugin:80 - create IPUIPlugin
2025-10-29 23:19:45,390 [INFO] IPUIPlugin:80 - create IPUIPlugin
2025-10-29 23:19:45,390 [INFO] IPUIPlugin:80 - create IPUIPlugin
2025-10-29 23:19:45,390 [INFO] IPUIPlugin:80 - create IPUIPlugin
2025-10-29 23:19:45,390 [INFO] IPUIPlugin:80 - create IPUIPlugin
2025-10-29 23:19:45,390 [INFO] IPUIPlugin:80 - create IPUIPlugin
2025-10-29 23:19:45,391 [INFO] IPUIPlugin:80 - create IPUIPlugin
2025-10-29 23:19:45,618 [INFO] CADModel:165 - CPN selected for project levelSTM32G431RBT6
2025-10-29 23:19:45,618 [INFO] CADModel:114 - Register for checkConnection events
2025-10-29 23:19:45,677 [INFO] OpenFileManager:386 - Restore cursor
2025-10-29 23:50:18,744 [INFO] MainUpdater:2872 - connection check result : 10
2025-10-29 23:50:18,744 [INFO] MainUpdater:2872 - connection check result : 10
2025-10-29 23:50:18,757 [INFO] MicroXplorer:468 - Change Database Path : 
2025-10-29 23:50:18,758 [INFO] MicroXplorer:498 - Change Database Version : DB.6.0.150
2025-10-29 23:50:18,800 [ERROR] ProjectManagerView:395 - 
java.lang.NullPointerException: Cannot invoke "javax.swing.JTextField.getText()" because the return value of "java.util.List.get(int)" is null
	at com.st.microxplorer.plugins.projectmanager.gui.ProjectChoiceTab$9.caretUpdate(ProjectChoiceTab.java:2706) ~[filemanager.jar:?]
	at javax.swing.text.JTextComponent.fireCaretUpdate(JTextComponent.java:408) ~[?:?]
	at javax.swing.text.JTextComponent$MutableCaretEvent.fire(JTextComponent.java:4484) ~[?:?]
	at javax.swing.text.JTextComponent$MutableCaretEvent.stateChanged(JTextComponent.java:4506) ~[?:?]
	at javax.swing.text.DefaultCaret.fireStateChanged(DefaultCaret.java:857) ~[?:?]
	at javax.swing.text.DefaultCaret.changeCaretPosition(DefaultCaret.java:1343) ~[?:?]
	at javax.swing.text.DefaultCaret.handleSetDot(DefaultCaret.java:1242) ~[?:?]
	at javax.swing.text.DefaultCaret.setDot(DefaultCaret.java:1223) ~[?:?]
	at javax.swing.text.DefaultCaret$Handler.insertUpdate(DefaultCaret.java:1819) ~[?:?]
	at javax.swing.text.AbstractDocument.fireInsertUpdate(AbstractDocument.java:227) ~[?:?]
	at javax.swing.text.AbstractDocument.handleInsertString(AbstractDocument.java:781) ~[?:?]
	at javax.swing.text.AbstractDocument.insertString(AbstractDocument.java:740) ~[?:?]
	at javax.swing.text.PlainDocument.insertString(PlainDocument.java:131) ~[?:?]
	at javax.swing.text.AbstractDocument.replace(AbstractDocument.java:699) ~[?:?]
	at javax.swing.text.JTextComponent.setText(JTextComponent.java:1725) ~[?:?]
	at com.st.microxplorer.plugins.projectmanager.gui.ProjectChoiceTab.createHeapStackFields(ProjectChoiceTab.java:993) ~[filemanager.jar:?]
	at com.st.microxplorer.plugins.projectmanager.gui.ProjectChoiceTab.buildLinkSettingsPanel(ProjectChoiceTab.java:3813) ~[filemanager.jar:?]
	at com.st.microxplorer.plugins.projectmanager.gui.ProjectChoiceTab.defineWindowsFields(ProjectChoiceTab.java:1987) ~[filemanager.jar:?]
	at com.st.microxplorer.plugins.projectmanager.gui.ProjectChoiceTab.updateSettings(ProjectChoiceTab.java:558) ~[filemanager.jar:?]
	at com.st.microxplorer.plugins.projectmanager.gui.ProjectSettingsPanel.UpdateDialog(ProjectSettingsPanel.java:247) ~[filemanager.jar:?]
	at com.st.microxplorer.plugins.projectmanager.ProjectManagerView.propertyChange(ProjectManagerView.java:392) ~[filemanager.jar:?]
	at java.beans.PropertyChangeSupport.fire(PropertyChangeSupport.java:343) ~[?:?]
	at java.beans.PropertyChangeSupport.firePropertyChange(PropertyChangeSupport.java:335) ~[?:?]
	at java.beans.PropertyChangeSupport.firePropertyChange(PropertyChangeSupport.java:268) ~[?:?]
	at com.st.microxplorer.util.MXPropertyChangeSupport.firePropertyChange(MXPropertyChangeSupport.java:54) ~[STM32CubeMX.jar:?]
	at com.st.microxplorer.mxsystem.MxSystem.closeConfig(MxSystem.java:899) ~[STM32CubeMX.jar:?]
	at com.st.microxplorer.maingui.MainPanel.closeConfig(MainPanel.java:792) ~[STM32CubeMX.jar:?]
	at com.st.microxplorer.plugins.filemanager.engine.OpenFileManager.loadConfigurationFile(OpenFileManager.java:288) ~[filemanager.jar:?]
	at com.st.microxplorer.plugins.filemanager.engine.MainFileManager.userLoadConfig(MainFileManager.java:364) ~[filemanager.jar:?]
	at com.st.microxplorer.plugins.filemanager.engine.MainFileManager.userLoadConfig(MainFileManager.java:342) ~[filemanager.jar:?]
	at com.st.microxplorer.plugins.filemanager.FileManagerView.getSpecificTask(FileManagerView.java:264) ~[filemanager.jar:?]
	at com.st.stm32cube.common.mx.editor.CubeMxEditor.getMxTabbedPaneInstance(CubeMxEditor.java:1198) ~[com.st.stm32cube.common.mx_6.15.0.202507011659/:?]
	at com.st.stm32cube.common.mx.editor.CubeMxEditor$12$1.createSwingComponent(CubeMxEditor.java:1068) ~[com.st.stm32cube.common.mx_6.15.0.202507011659/:?]
	at com.st.stm32cube.common.mx.oss.core.awtswtbridge.EmbeddedSwingComposite.doComponentCreation(EmbeddedSwingComposite.java:492) ~[com.st.stm32cube.common.mx.oss_6.15.0.202507011659/:?]
	at com.st.stm32cube.common.mx.oss.core.awtswtbridge.EmbeddedSwingComposite$4.run(EmbeddedSwingComposite.java:291) ~[com.st.stm32cube.common.mx.oss_6.15.0.202507011659/:?]
	at com.st.stm32cube.common.mx.oss.core.awtswtbridge.AwtEnvironment$2.run(AwtEnvironment.java:166) ~[com.st.stm32cube.common.mx.oss_6.15.0.202507011659/:?]
	at java.awt.event.InvocationEvent.dispatch(InvocationEvent.java:318) ~[?:?]
	at java.awt.EventQueue.dispatchEventImpl(EventQueue.java:773) ~[?:?]
	at java.awt.EventQueue$4.run(EventQueue.java:720) ~[?:?]
	at java.awt.EventQueue$4.run(EventQueue.java:714) ~[?:?]
	at java.security.AccessController.doPrivileged(AccessController.java:400) ~[?:?]
	at java.security.ProtectionDomain$JavaSecurityAccessImpl.doIntersectionPrivilege(ProtectionDomain.java:87) ~[?:?]
	at java.awt.EventQueue.dispatchEvent(EventQueue.java:742) ~[?:?]
	at java.awt.EventDispatchThread.pumpOneEventForFilters(EventDispatchThread.java:203) ~[?:?]
	at java.awt.EventDispatchThread.pumpEventsForFilter(EventDispatchThread.java:124) ~[?:?]
	at java.awt.EventDispatchThread.pumpEventsForHierarchy(EventDispatchThread.java:113) ~[?:?]
	at java.awt.EventDispatchThread.pumpEvents(EventDispatchThread.java:109) ~[?:?]
	at java.awt.EventDispatchThread.pumpEvents(EventDispatchThread.java:101) ~[?:?]
	at java.awt.EventDispatchThread.run(EventDispatchThread.java:90) ~[?:?]
2025-10-29 23:50:18,826 [WARN] ThirdParty:871 - waiting for thirdparty lock release [close project]
2025-10-29 23:50:18,826 [INFO] ThirdParty:873 - entering critical section [close project]
2025-10-29 23:50:18,826 [INFO] ThirdParty:883 - exiting critical section [close project]
2025-10-29 23:50:18,832 [INFO] PinOutPanel:1589 - setPackage(No Configuration,No Configuration)
2025-10-29 23:50:18,846 [INFO] UtilMem:75 - Begin LoadConfig() Used Memory: 888044112 Bytes (1073741824)
2025-10-29 23:50:18,855 [INFO] MicroXplorer:468 - Change Database Path : C:/Users/Miloush/.stm32cubemx/databases/DB.6.0.130/db/
2025-10-29 23:50:18,855 [INFO] MicroXplorer:498 - Change Database Version : DB.6.0.130
2025-10-29 23:50:20,109 [INFO] MicroXplorer:468 - Change Database Path : 
2025-10-29 23:50:20,109 [INFO] MicroXplorer:498 - Change Database Version : DB.6.0.150
2025-10-29 23:50:20,110 [INFO] OpenFileManager:355 - Change cursor
2025-10-29 23:50:20,126 [INFO] Mcu:2029 - Initializing MCU STM32G431R(6-8-B)Tx STM32G431RBTx STM32G431RBT6
2025-10-29 23:50:22,126 [INFO] Context:786 - Trying to add GPIOservice into a context  which must be forbidden
2025-10-29 23:50:22,716 [INFO] Rule:233 - rule Adapt Old IOC before rework replace old CORTEX_M33/CORTEX_M55 attributes by the new one. is applicable
2025-10-29 23:50:22,716 [INFO] Rule:233 - rule Rename parametre of RCC RCC_APBDBG_DIV2 to RCC_TIMPRES_DIV2 is applicable
2025-10-29 23:50:22,716 [INFO] Rule:233 - rule Rename DIE493 pin PA10 [PA12] -> PA10 is applicable
2025-10-29 23:50:22,716 [INFO] Rule:233 - rule Rename DIE493 pin PA9 [PA11] -> PA9 is applicable
2025-10-29 23:50:22,716 [INFO] Rule:233 - rule Rename DIE492 PartNumber CPN STM32WBA5MJGHx -> STM32WBA5MMGHx is applicable
2025-10-29 23:50:22,716 [INFO] Rule:233 - rule Rename DIE492 PartNumber  Name STM32WBA5MJGHx -> STM32WBA5MMGHx is applicable
2025-10-29 23:50:22,717 [INFO] Rule:233 - rule Rename DIE492 PartNumber UserName STM32WBA5MJGHx -> STM32WBA5MMGHx is applicable
2025-10-29 23:50:22,717 [INFO] Rule:233 - rule Rename DIE492 PartNumber DeviceId STM32WBA5MJGHx -> STM32WBA5MMGHx is applicable
2025-10-29 23:50:22,717 [INFO] Rule:233 - rule Adapt Old IOC CSI. is applicable
2025-10-29 23:50:22,717 [INFO] Rule:233 - rule Adapt Old IOC DCMIPP. is applicable
2025-10-29 23:50:22,717 [INFO] Rule:233 - rule Adapt Old IOC DCMIPP Mode Parallel. is applicable
2025-10-29 23:50:22,717 [INFO] Rule:233 - rule Adapt Old IOC LTDC. is applicable
2025-10-29 23:50:22,717 [INFO] Rule:233 - rule Rename STM32MP2 RIF Peripheral LTDC RIF.RISUP.LTDC_L0L1.Privilege -> RIF.RISUP.LTDC_L1L2.Privilege is applicable
2025-10-29 23:50:22,717 [INFO] Rule:233 - rule Rename STM32MP2 RIF Peripheral LTDC RIF.RISUP.LTDC_L0L1.Privilege -> RIF.RISUP.LTDC_L1L2.Privilege is applicable
2025-10-29 23:50:22,717 [INFO] Rule:233 - rule Rename STM32MP2 RIF Peripheral LTDC RIF.RISUP.LTDC_L0L1.Lock -> RIF.RISUP.LTDC_L1L2.Lock is applicable
2025-10-29 23:50:22,717 [INFO] Rule:233 - rule Rename STM32MP2 RIF Peripheral LTDC RIF.RISUP.LTDC_L2.Lock -> RIF.RISUP.LTDC_L3.Lock is applicable
2025-10-29 23:50:22,717 [INFO] Rule:233 - rule Adapt the old IOC example for updating the SYS when it is misconfigured. is applicable
2025-10-29 23:50:22,717 [INFO] Rule:233 - rule Rename STM32C09 Mcu.Package LQFP64 -> LQFP48 is applicable
2025-10-29 23:50:22,717 [INFO] Rule:233 - rule Adapt the old IOC example for updating the SYS when it is misconfigured. is applicable
2025-10-29 23:50:22,717 [INFO] Rule:233 - rule Adapt the old IOC example for updating the SYS when it is misconfigured. is applicable
2025-10-29 23:50:22,718 [INFO] DbConfProperties:307 - Apply Compatibility (4/20 Rules)
2025-10-29 23:50:22,736 [INFO] ApiDbMcu:532 - Load IP Config File for NUCLEO-G431RB
2025-10-29 23:50:22,823 [INFO] ImportTextPane:234 - (OptionalMessage_ERROR) Pin26 (VP_RIF_VS_RIF1) cannot be retrieved for this MCU
2025-10-29 23:50:22,999 [INFO] RtosManager:558 - Registered RTOS mode: class=CMSIS, group=RTOS, mode=CMSIS_V1, owner=FREERTOS
2025-10-29 23:50:22,999 [INFO] RtosManager:558 - Registered RTOS mode: class=CMSIS, group=RTOS2, mode=CMSIS_V2, owner=FREERTOS
2025-10-29 23:50:22,999 [INFO] RtosManager:558 - Registered RTOS mode: class=RTOS, group=Core, mode=CMSIS_V1, owner=FREERTOS
2025-10-29 23:50:22,999 [INFO] RtosManager:558 - Registered RTOS mode: class=RTOS, group=Core, mode=CMSIS_V2, owner=FREERTOS
2025-10-29 23:50:22,999 [WARN] ModelIntegratedComponent:184 - Missing modes for component STMicroelectronics:FreeRTOS:0.0.1:STMicroelectronics:RTOS:FreeRTOS:Core:::10.2.0:
2025-10-29 23:50:23,002 [WARN] ModelIntegratedComponent:63 - No mode defined for component null
2025-10-29 23:50:23,003 [WARN] ModelIntegratedComponent:63 - No mode defined for component null
2025-10-29 23:50:23,003 [WARN] ModelIntegratedComponent:63 - No mode defined for component null
2025-10-29 23:50:23,003 [WARN] ModelIntegratedComponent:63 - No mode defined for component null
2025-10-29 23:50:23,003 [WARN] ModelIntegratedComponent:63 - No mode defined for component null
2025-10-29 23:50:23,003 [WARN] ModelIntegratedComponent:63 - No mode defined for component null
2025-10-29 23:50:23,003 [WARN] ModelIntegratedComponent:63 - No mode defined for component null
2025-10-29 23:50:23,003 [WARN] ModelIntegratedComponent:63 - No mode defined for component null
2025-10-29 23:50:23,003 [WARN] ModelIntegratedComponent:63 - No mode defined for component null
2025-10-29 23:50:23,003 [WARN] ModelIntegratedComponent:63 - No mode defined for component null
2025-10-29 23:50:23,003 [WARN] ModelIntegratedComponent:63 - No mode defined for component null
2025-10-29 23:50:23,003 [WARN] ModelIntegratedComponent:63 - No mode defined for component null
2025-10-29 23:50:23,003 [WARN] ModelIntegratedComponent:63 - No mode defined for component null
2025-10-29 23:50:23,003 [WARN] ModelIntegratedComponent:63 - No mode defined for component null
2025-10-29 23:50:23,003 [WARN] ModelIntegratedComponent:63 - No mode defined for component null
2025-10-29 23:50:23,003 [WARN] ModelIntegratedComponent:63 - No mode defined for component null
2025-10-29 23:50:23,003 [WARN] ModelIntegratedComponent:63 - No mode defined for component null
2025-10-29 23:50:23,003 [WARN] ModelIntegratedComponent:63 - No mode defined for component null
2025-10-29 23:50:23,003 [WARN] ModelIntegratedComponent:63 - No mode defined for component null
2025-10-29 23:50:23,003 [WARN] ModelIntegratedComponent:63 - No mode defined for component null
2025-10-29 23:50:23,003 [WARN] ModelIntegratedComponent:63 - No mode defined for component null
2025-10-29 23:50:23,003 [WARN] ModelIntegratedComponent:63 - No mode defined for component null
2025-10-29 23:50:23,003 [WARN] ModelIntegratedComponent:63 - No mode defined for component null
2025-10-29 23:50:23,003 [WARN] ModelIntegratedComponent:63 - No mode defined for component null
2025-10-29 23:50:23,003 [WARN] ModelIntegratedComponent:63 - No mode defined for component null
2025-10-29 23:50:23,003 [WARN] ModelIntegratedComponent:63 - No mode defined for component null
2025-10-29 23:50:23,004 [WARN] ModelIntegratedComponent:63 - No mode defined for component null
2025-10-29 23:50:23,004 [WARN] ModelIntegratedComponent:63 - No mode defined for component null
2025-10-29 23:50:23,004 [WARN] ModelIntegratedComponent:63 - No mode defined for component null
2025-10-29 23:50:23,004 [WARN] ModelIntegratedComponent:63 - No mode defined for component null
2025-10-29 23:50:23,004 [WARN] ModelIntegratedComponent:63 - No mode defined for component null
2025-10-29 23:50:23,004 [WARN] ModelIntegratedComponent:63 - No mode defined for component null
2025-10-29 23:50:23,004 [WARN] ModelIntegratedComponent:63 - No mode defined for component null
2025-10-29 23:50:23,004 [WARN] ModelIntegratedComponent:63 - No mode defined for component null
2025-10-29 23:50:23,004 [WARN] ModelIntegratedComponent:63 - No mode defined for component null
2025-10-29 23:50:23,004 [WARN] ModelPack:524 - Component already loaded: STMicroelectronics:HAL Drivers:0.0.0:STMicroelectronics:Device:STMicro_Driver:XSPI:HAL::0.0.1:HAL_XSPI
2025-10-29 23:50:23,139 [INFO] ThirdPartyModel:298 - Start build external matchings
2025-10-29 23:50:24,152 [INFO] ThirdPartyModel:316 - End build external matchings
2025-10-29 23:50:24,183 [INFO] ImportTextPane:234 - (OptionalMessage_ERROR) IP (ADC1) : Parameter (CommonPathInternal) has invalid value (null|null|null|null)
2025-10-29 23:50:24,184 [INFO] ImportTextPane:234 - (OptionalMessage_ERROR) IP (RCC) : Invalid parameter (FamilyName)
2025-10-29 23:50:24,184 [INFO] ImportTextPane:234 - (OptionalMessage_ERROR) IP (RCC) : Parameter (RNGFreq_Value) has invalid value (170000000)
2025-10-29 23:50:24,185 [INFO] ImportTextPane:234 - (OptionalMessage_ERROR) IP (RCC) : Parameter (USBFreq_Value) has invalid value (170000000)
2025-10-29 23:50:24,478 [INFO] UtilMem:75 - End LoadConfig() Used Memory: 493002264 Bytes (1073741824)
2025-10-29 23:50:24,519 [WARN] ThirdParty:833 - waiting for thirdparty lock release [change project]
2025-10-29 23:50:24,519 [INFO] ThirdParty:835 - entering critical section [change project]
2025-10-29 23:50:24,519 [INFO] ThirdParty:1030 - CMSIS Pack Vendor :STMicroelectronics X-CUBE-PM33A1 1.0.0
2025-10-29 23:50:24,519 [INFO] ThirdParty:1030 - CMSIS Pack Vendor :STMicroelectronics USBPD 4.1
2025-10-29 23:50:24,519 [INFO] ThirdParty:1030 - CMSIS Pack Vendor :STMicroelectronics USB_HOST 2.0.0
2025-10-29 23:50:24,519 [INFO] ThirdParty:1030 - CMSIS Pack Vendor :STMicroelectronics FP-SNS-MOTENVWB1 1.4.0
2025-10-29 23:50:24,520 [INFO] ThirdParty:1030 - CMSIS Pack Vendor :STMicroelectronics X-CUBE-AZRTOS-F4 1.1.0
2025-10-29 23:50:24,520 [INFO] ThirdParty:1030 - CMSIS Pack Vendor :STMicroelectronics LIBJPEG 8.0.0
2025-10-29 23:50:24,520 [INFO] ThirdParty:1030 - CMSIS Pack Vendor :STMicroelectronics FP-ATR-ASTRA1 2.0.2
2025-10-29 23:50:24,520 [INFO] ThirdParty:1030 - CMSIS Pack Vendor :STMicroelectronics FP-ATR-ASTRA1 2.0.1
2025-10-29 23:50:24,520 [INFO] ThirdParty:1030 - CMSIS Pack Vendor :Avnet-IotConnect X-CUBE-IoTC-DA16k-PMOD 1.0.0
2025-10-29 23:50:24,520 [INFO] ThirdParty:1030 - CMSIS Pack Vendor :STMicroelectronics X-CUBE-SMBUS 2.1.0
2025-10-29 23:50:24,520 [INFO] ThirdParty:1030 - CMSIS Pack Vendor :STMicroelectronics X-CUBE-WB05N 1.1.0
2025-10-29 23:50:24,520 [INFO] ThirdParty:1030 - CMSIS Pack Vendor :STMicroelectronics X-CUBE-ISPU 2.1.0
2025-10-29 23:50:24,520 [INFO] ThirdParty:1030 - CMSIS Pack Vendor :STMicroelectronics X-CUBE-IPS 3.2.0
2025-10-29 23:50:24,520 [INFO] ThirdParty:1030 - CMSIS Pack Vendor :STMicroelectronics X-CUBE-FREERTOS 1.2.0
2025-10-29 23:50:24,520 [INFO] ThirdParty:1030 - CMSIS Pack Vendor :STMicroelectronics X-CUBE-ST60 1.0.0
2025-10-29 23:50:24,520 [INFO] ThirdParty:1030 - CMSIS Pack Vendor :STMicroelectronics X-CUBE-NFC12 1.0.0
2025-10-29 23:50:24,520 [INFO] ThirdParty:1030 - CMSIS Pack Vendor :STMicroelectronics X-CUBE-AZRTOS-F7 1.1.0
2025-10-29 23:50:24,520 [INFO] ThirdParty:1030 - CMSIS Pack Vendor :STMicroelectronics X-CUBE-AZRTOS-L5 2.0.0
2025-10-29 23:50:24,520 [INFO] ThirdParty:1030 - CMSIS Pack Vendor :STMicroelectronics USB_DEVICE 2.0.0
2025-10-29 23:50:24,520 [INFO] ThirdParty:1030 - CMSIS Pack Vendor :STMicroelectronics X-CUBE-NFC6 3.1.0
2025-10-29 23:50:24,520 [INFO] ThirdParty:1030 - CMSIS Pack Vendor :STMicroelectronics X-CUBE-MEMS1 11.0.0
2025-10-29 23:50:24,520 [INFO] ThirdParty:1030 - CMSIS Pack Vendor :STMicroelectronics FP-SNS-MOTENV1 5.1.0
2025-10-29 23:50:24,520 [INFO] ThirdParty:1030 - CMSIS Pack Vendor :STMicroelectronics FreeRTOS 0.0.1
2025-10-29 23:50:24,520 [INFO] ThirdParty:1030 - CMSIS Pack Vendor :STMicroelectronics X-CUBE-DPower 1.2.0
2025-10-29 23:50:24,520 [INFO] ThirdParty:1030 - CMSIS Pack Vendor :STMicroelectronics FP-SNS-FLIGHT1 5.0.2
2025-10-29 23:50:24,520 [INFO] ThirdParty:1030 - CMSIS Pack Vendor :STMicroelectronics PDM2PCM 3.3.0
2025-10-29 23:50:24,520 [INFO] ThirdParty:1030 - CMSIS Pack Vendor :STMicroelectronics X-CUBE-AZRTOS-H7 3.4.0
2025-10-29 23:50:24,520 [INFO] ThirdParty:1030 - CMSIS Pack Vendor :STMicroelectronics X-CUBE-DISPLAY 3.0.0
2025-10-29 23:50:24,520 [INFO] ThirdParty:1030 - CMSIS Pack Vendor :STMicroelectronics X-CUBE-BLE1 7.0.0
2025-10-29 23:50:24,520 [INFO] ThirdParty:1030 - CMSIS Pack Vendor :STMicroelectronics X-CUBE-NFC10 1.0.0
2025-10-29 23:50:24,520 [INFO] ThirdParty:1030 - CMSIS Pack Vendor :STMicroelectronics X-CUBE-BLEMGR 4.0.0
2025-10-29 23:50:24,520 [INFO] ThirdParty:1030 - CMSIS Pack Vendor :STMicroelectronics X-CUBE-FREERTOS 1.3.1
2025-10-29 23:50:24,520 [INFO] ThirdParty:1030 - CMSIS Pack Vendor :STMicroelectronics HAL Drivers 0.0.0
2025-10-29 23:50:24,520 [INFO] ThirdParty:1030 - CMSIS Pack Vendor :STMicroelectronics X-CUBE-ST60 1.1.0
2025-10-29 23:50:24,520 [INFO] ThirdParty:1030 - CMSIS Pack Vendor :emotas I-CUBE-CANOPEN 1.3.0
2025-10-29 23:50:24,520 [INFO] ThirdParty:1030 - CMSIS Pack Vendor :STMicroelectronics X-CUBE-FREERTOS 1.3.0
2025-10-29 23:50:24,520 [INFO] ThirdParty:1030 - CMSIS Pack Vendor :STMicroelectronics X-CUBE-NFC7 1.0.1
2025-10-29 23:50:24,520 [INFO] ThirdParty:1030 - CMSIS Pack Vendor :STMicroelectronics MBEDTLS 2.14.1
2025-10-29 23:50:24,520 [INFO] ThirdParty:1030 - CMSIS Pack Vendor :STMicroelectronics X-CUBE-GNSS1 7.1.0
2025-10-29 23:50:24,520 [INFO] ThirdParty:1030 - CMSIS Pack Vendor :STMicroelectronics X-CUBE-TOUCHGFX 4.26.0
2025-10-29 23:50:24,520 [INFO] ThirdParty:1030 - CMSIS Pack Vendor :STMicroelectronics X-CUBE-BLEMGR 3.1.0
2025-10-29 23:50:24,520 [INFO] ThirdParty:1030 - CMSIS Pack Vendor :STMicroelectronics X-CUBE-AI 10.0.0
2025-10-29 23:50:24,520 [INFO] ThirdParty:1030 - CMSIS Pack Vendor :STMicroelectronics FP-SNS-STBOX1 2.1.0
2025-10-29 23:50:24,521 [INFO] ThirdParty:1030 - CMSIS Pack Vendor :STMicroelectronics FP-SNS-STAIOTCFT 1.0.0
2025-10-29 23:50:24,521 [INFO] ThirdParty:1030 - CMSIS Pack Vendor :STMicroelectronics FP-SNS-SMARTAG2 1.2.0
2025-10-29 23:50:24,521 [INFO] ThirdParty:1030 - CMSIS Pack Vendor :STMicroelectronics FP-SNS-FLIGHT1 5.1.0
2025-10-29 23:50:24,521 [INFO] ThirdParty:1030 - CMSIS Pack Vendor :STMicroelectronics X-CUBE-MEMS1 11.1.0
2025-10-29 23:50:24,521 [INFO] ThirdParty:1030 - CMSIS Pack Vendor :STMicroelectronics X-CUBE-AZRTOS-WL 2.0.0
2025-10-29 23:50:24,521 [INFO] ThirdParty:1030 - CMSIS Pack Vendor :STMicroelectronics X-CUBE-DPower 1.3.0
2025-10-29 23:50:24,521 [INFO] ThirdParty:1030 - CMSIS Pack Vendor :STMicroelectronics FP-SNS-MOTENV1 5.0.0
2025-10-29 23:50:24,521 [INFO] ThirdParty:1030 - CMSIS Pack Vendor :STMicroelectronics USB_DEVICE 1.0.0
2025-10-29 23:50:24,521 [INFO] ThirdParty:1030 - CMSIS Pack Vendor :wolfSSL I-CUBE-wolfMQTT 1.19.0
2025-10-29 23:50:24,521 [INFO] ThirdParty:1030 - CMSIS Pack Vendor :STMicroelectronics X-CUBE-AZRTOS-L4 2.0.0
2025-10-29 23:50:24,521 [INFO] ThirdParty:1030 - CMSIS Pack Vendor :STMicroelectronics ThreadX 0.0.2
2025-10-29 23:50:24,521 [INFO] ThirdParty:1030 - CMSIS Pack Vendor :WES I-CUBE-Cesium 1.3.0
2025-10-29 23:50:24,521 [INFO] ThirdParty:1030 - CMSIS Pack Vendor :STMicroelectronics lwIP 2.1.2
2025-10-29 23:50:24,521 [INFO] ThirdParty:1030 - CMSIS Pack Vendor :STMicroelectronics X-CUBE-SFXS2LP1 4.0.0
2025-10-29 23:50:24,521 [INFO] ThirdParty:1030 - CMSIS Pack Vendor :STMicroelectronics X-CUBE-BLE2 3.3.0
2025-10-29 23:50:24,521 [INFO] ThirdParty:1030 - CMSIS Pack Vendor :STMicroelectronics PDM2PCM 3.2.0
2025-10-29 23:50:24,521 [INFO] ThirdParty:1030 - CMSIS Pack Vendor :STMicroelectronics X-CUBE-AZRTOS-H7 3.3.0
2025-10-29 23:50:24,521 [INFO] ThirdParty:1030 - CMSIS Pack Vendor :STMicroelectronics X-CUBE-NFC9 1.0.0
2025-10-29 23:50:24,521 [INFO] ThirdParty:1030 - CMSIS Pack Vendor :STMicroelectronics X-CUBE-BLE1 7.1.0
2025-10-29 23:50:24,521 [INFO] ThirdParty:1030 - CMSIS Pack Vendor :STMicroelectronics USB_DEVICE 3.0.0
2025-10-29 23:50:24,521 [INFO] ThirdParty:1030 - CMSIS Pack Vendor :STMicroelectronics X-CUBE-TCPP 4.1.0
2025-10-29 23:50:24,521 [INFO] ThirdParty:1030 - CMSIS Pack Vendor :STMicroelectronics X-CUBE-EEPRMA1 5.2.0
2025-10-29 23:50:24,521 [INFO] ThirdParty:1030 - CMSIS Pack Vendor :STMicroelectronics X-CUBE-BLEMGR 4.1.0
2025-10-29 23:50:24,521 [INFO] ThirdParty:1030 - CMSIS Pack Vendor :STMicroelectronics X-CUBE-IPS 3.0.0
2025-10-29 23:50:24,521 [INFO] ThirdParty:1030 - CMSIS Pack Vendor :STMicroelectronics X-CUBE-AZRTOS-WB 2.0.0
2025-10-29 23:50:24,521 [INFO] ThirdParty:1030 - CMSIS Pack Vendor :STMicroelectronics X-CUBE-GNSS1 7.0.0
2025-10-29 23:50:24,521 [INFO] ThirdParty:1030 - CMSIS Pack Vendor :STMicroelectronics X-CUBE-GNSS1 7.0.1
2025-10-29 23:50:24,521 [INFO] ThirdParty:1030 - CMSIS Pack Vendor :STMicroelectronics X-CUBE-TOUCHGFX 4.25.0
2025-10-29 23:50:24,521 [INFO] ThirdParty:1030 - CMSIS Pack Vendor :STMicroelectronics X-CUBE-ST67W61 1.1.0
2025-10-29 23:50:24,521 [INFO] ThirdParty:1030 - CMSIS Pack Vendor :STMicroelectronics X-CUBE-AI 10.1.0
2025-10-29 23:50:24,521 [INFO] ThirdParty:1030 - CMSIS Pack Vendor :STMicroelectronics FP-SNS-STBOX1 2.0.0
2025-10-29 23:50:24,521 [INFO] ThirdParty:1030 - CMSIS Pack Vendor :STMicroelectronics X-CUBE-MEMS1 11.2.0
2025-10-29 23:50:24,521 [INFO] ThirdParty:1030 - CMSIS Pack Vendor :STMicroelectronics X-CUBE-AZRTOS-G0 1.1.0
2025-10-29 23:50:24,521 [INFO] ThirdParty:1030 - CMSIS Pack Vendor :STMicroelectronics X-CUBE-SAFEA1 1.2.2
2025-10-29 23:50:24,521 [INFO] ThirdParty:1030 - CMSIS Pack Vendor :STMicroelectronics X-CUBE-NFC4 3.0.0
2025-10-29 23:50:24,521 [INFO] ThirdParty:1030 - CMSIS Pack Vendor :STMicroelectronics X-CUBE-SUBG2 5.0.0
2025-10-29 23:50:24,521 [INFO] ThirdParty:1030 - CMSIS Pack Vendor :STMicroelectronics X-CUBE-AZRTOS-H7RS 1.1.0
2025-10-29 23:50:24,521 [INFO] ThirdParty:1030 - CMSIS Pack Vendor :STMicroelectronics STM32_WPAN 1.0.0
2025-10-29 23:50:24,521 [INFO] ThirdParty:1030 - CMSIS Pack Vendor :EmbeddedOffice I-CUBE-FS-RTOS 1.0.1
2025-10-29 23:50:24,521 [INFO] ThirdParty:1030 - CMSIS Pack Vendor :STMicroelectronics lwIP 2.0.3
2025-10-29 23:50:24,521 [INFO] ThirdParty:1030 - CMSIS Pack Vendor :Cesanta I-CUBE-Mongoose 7.13.0
2025-10-29 23:50:24,521 [INFO] ThirdParty:1030 - CMSIS Pack Vendor :STMicroelectronics USB_HOST 1.0.0
2025-10-29 23:50:24,522 [INFO] ThirdParty:1030 - CMSIS Pack Vendor :STMicroelectronics X-CUBE-AZRTOS-G4 2.0.0
2025-10-29 23:50:24,522 [INFO] ThirdParty:1030 - CMSIS Pack Vendor :STMicroelectronics X-CUBE-WB05N 2.0.0
2025-10-29 23:50:24,522 [INFO] ThirdParty:1030 - CMSIS Pack Vendor :STMicroelectronics PDM2PCM 3.1.0
2025-10-29 23:50:24,522 [INFO] ThirdParty:1030 - CMSIS Pack Vendor :STMicroelectronics X-CUBE-NFC7 2.0.0
2025-10-29 23:50:24,522 [INFO] ThirdParty:1030 - CMSIS Pack Vendor :STMicroelectronics X-CUBE-TCPP 4.2.0
2025-10-29 23:50:24,522 [INFO] ThirdParty:1030 - CMSIS Pack Vendor :RealThread X-CUBE-RT-Thread_Nano 4.1.1
2025-10-29 23:50:24,522 [INFO] ThirdParty:1030 - CMSIS Pack Vendor :STMicroelectronics FP-ATR-SIGFOX1 3.2.0
2025-10-29 23:50:24,522 [INFO] ThirdParty:1030 - CMSIS Pack Vendor :wolfSSL I-CUBE-wolfSSL 5.7.2
2025-10-29 23:50:24,522 [INFO] ThirdParty:1030 - CMSIS Pack Vendor :quantropi X-CUBE-qispace-sdk-base 1.9.3
2025-10-29 23:50:24,522 [INFO] ThirdParty:1030 - CMSIS Pack Vendor :STMicroelectronics X-CUBE-EEPRMA1 5.1.0
2025-10-29 23:50:24,522 [INFO] ThirdParty:1030 - CMSIS Pack Vendor :STMicroelectronics MBEDTLS 2.16.2
2025-10-29 23:50:24,522 [INFO] ThirdParty:1030 - CMSIS Pack Vendor :STMicroelectronics X-CUBE-IPS 3.1.0
2025-10-29 23:50:24,522 [INFO] ThirdParty:1030 - CMSIS Pack Vendor :STMicroelectronics X-CUBE-ALS 1.0.2
2025-10-29 23:50:24,522 [INFO] ThirdParty:1030 - CMSIS Pack Vendor :ITTIA_DB I-CUBE-ITTIADB 8.9.0
2025-10-29 23:50:24,522 [INFO] ThirdParty:1030 - CMSIS Pack Vendor :STMicroelectronics X-CUBE-TOUCHGFX 4.24.2
2025-10-29 23:50:24,522 [INFO] ThirdParty:1030 - CMSIS Pack Vendor :STMicroelectronics X-CUBE-TOUCHGFX 4.24.1
2025-10-29 23:50:24,522 [INFO] ThirdParty:1030 - CMSIS Pack Vendor :STMicroelectronics X-CUBE-STSE01 1.0.0
2025-10-29 23:50:24,522 [INFO] ThirdParty:1030 - CMSIS Pack Vendor :wolfSSL I-CUBE-wolfTPM 3.4.0
2025-10-29 23:50:24,522 [INFO] ThirdParty:1030 - CMSIS Pack Vendor :portGmbH I-Cube-SoM-uGOAL 1.1.0
2025-10-29 23:50:24,522 [INFO] ThirdParty:1030 - CMSIS Pack Vendor :STMicroelectronics X-CUBE-ST67W61 1.0.0
2025-10-29 23:50:24,522 [INFO] ThirdParty:1030 - CMSIS Pack Vendor :STMicroelectronics X-CUBE-AI 10.2.0
2025-10-29 23:50:24,522 [INFO] ThirdParty:1030 - CMSIS Pack Vendor :STMicroelectronics ThreadX 1.0.0
2025-10-29 23:50:24,522 [INFO] ThirdParty:1030 - CMSIS Pack Vendor :SEGGER I-CUBE-embOS 1.3.1
2025-10-29 23:50:24,522 [INFO] ThirdParty:1030 - CMSIS Pack Vendor :STMicroelectronics X-CUBE-ALGOBUILD 1.4.0
2025-10-29 23:50:24,522 [INFO] ThirdParty:1030 - CMSIS Pack Vendor :STMicroelectronics X-CUBE-MEMS1 11.3.0
2025-10-29 23:50:24,522 [INFO] ThirdParty:1030 - CMSIS Pack Vendor :STMicroelectronics X-CUBE-AZRTOS-H7RS 1.0.0
2025-10-29 23:50:24,522 [INFO] ThirdParty:1030 - CMSIS Pack Vendor :STMicroelectronics FP-ATR-ASTRA1 2.0.0
2025-10-29 23:50:24,522 [INFO] ThirdParty:1030 - CMSIS Pack Vendor :STMicroelectronics X-CUBE-TOF1 3.4.2
2025-10-29 23:50:24,522 [INFO] ThirdParty:1030 - CMSIS Pack Vendor :STMicroelectronics X-CUBE-TOF1 3.4.3
2025-10-29 23:50:24,522 [INFO] ThirdParty:1030 - CMSIS Pack Vendor :STMicroelectronics X-CUBE-AI 9.1.0
2025-10-29 23:50:24,522 [INFO] ThirdParty:1030 - CMSIS Pack Vendor :Infineon AIROC-Wi-Fi-Bluetooth-STM32 1.6.1
2025-10-29 23:50:24,522 [INFO] ThirdParty:1030 - CMSIS Pack Vendor :wolfSSL I-CUBE-wolfSSH 1.4.17
2025-10-29 23:50:24,522 [INFO] ThirdParty:841 - exiting critical section [change project]
2025-10-29 23:50:24,683 [INFO] PinOutPanel:1589 - setPackage(No Configuration,No Configuration)
2025-10-29 23:50:24,684 [INFO] PinOutPanel:1589 - setPackage(STM32G431RBTx,LQFP64)
2025-10-29 23:50:24,856 [INFO] UtilMem:75 - Before build in PCC Used Memory: 756278416 Bytes (1073741824)
2025-10-29 23:50:25,125 [INFO] UtilMem:75 - After build in PCC Used Memory: 849601680 Bytes (1073741824)
2025-10-29 23:50:25,141 [INFO] IPUIPlugin:80 - create IPUIPlugin
2025-10-29 23:50:25,141 [INFO] IPUIPlugin:80 - create IPUIPlugin
2025-10-29 23:50:25,141 [INFO] IPUIPlugin:80 - create IPUIPlugin
2025-10-29 23:50:25,141 [INFO] IPUIPlugin:80 - create IPUIPlugin
2025-10-29 23:50:25,142 [INFO] IPUIPlugin:80 - create IPUIPlugin
2025-10-29 23:50:25,142 [INFO] IPUIPlugin:80 - create IPUIPlugin
2025-10-29 23:50:25,142 [INFO] IPUIPlugin:80 - create IPUIPlugin
2025-10-29 23:50:25,142 [INFO] IPUIPlugin:80 - create IPUIPlugin
2025-10-29 23:50:25,142 [INFO] IPUIPlugin:80 - create IPUIPlugin
2025-10-29 23:50:25,142 [INFO] IPUIPlugin:80 - create IPUIPlugin
2025-10-29 23:50:25,142 [INFO] IPUIPlugin:80 - create IPUIPlugin
2025-10-29 23:50:25,142 [INFO] IPUIPlugin:80 - create IPUIPlugin
2025-10-29 23:50:25,142 [INFO] IPUIPlugin:80 - create IPUIPlugin
2025-10-29 23:50:25,142 [INFO] IPUIPlugin:80 - create IPUIPlugin
2025-10-29 23:50:25,142 [INFO] IPUIPlugin:80 - create IPUIPlugin
2025-10-29 23:50:25,142 [INFO] IPUIPlugin:80 - create IPUIPlugin
2025-10-29 23:50:25,142 [INFO] IPUIPlugin:80 - create IPUIPlugin
2025-10-29 23:50:25,142 [INFO] IPUIPlugin:80 - create IPUIPlugin
2025-10-29 23:50:25,142 [INFO] IPUIPlugin:80 - create IPUIPlugin
2025-10-29 23:50:25,143 [INFO] IPUIPlugin:80 - create IPUIPlugin
2025-10-29 23:50:25,143 [INFO] IPUIPlugin:80 - create IPUIPlugin
2025-10-29 23:50:25,143 [INFO] IPUIPlugin:80 - create IPUIPlugin
2025-10-29 23:50:25,143 [INFO] IPUIPlugin:80 - create IPUIPlugin
2025-10-29 23:50:25,143 [INFO] IPUIPlugin:80 - create IPUIPlugin
2025-10-29 23:50:25,143 [INFO] IPUIPlugin:80 - create IPUIPlugin
2025-10-29 23:50:25,143 [INFO] IPUIPlugin:80 - create IPUIPlugin
2025-10-29 23:50:25,143 [INFO] IPUIPlugin:80 - create IPUIPlugin
2025-10-29 23:50:25,143 [INFO] IPUIPlugin:80 - create IPUIPlugin
2025-10-29 23:50:25,144 [INFO] IPUIPlugin:80 - create IPUIPlugin
2025-10-29 23:50:25,144 [INFO] IPUIPlugin:80 - create IPUIPlugin
2025-10-29 23:50:25,144 [INFO] IPUIPlugin:80 - create IPUIPlugin
2025-10-29 23:50:25,144 [INFO] IPUIPlugin:80 - create IPUIPlugin
2025-10-29 23:50:25,144 [INFO] IPUIPlugin:80 - create IPUIPlugin
2025-10-29 23:50:25,144 [INFO] IPUIPlugin:80 - create IPUIPlugin
2025-10-29 23:50:25,144 [INFO] IPUIPlugin:80 - create IPUIPlugin
2025-10-29 23:50:25,145 [INFO] IPUIPlugin:80 - create IPUIPlugin
2025-10-29 23:50:25,145 [INFO] IPUIPlugin:80 - create IPUIPlugin
2025-10-29 23:50:25,145 [INFO] IPUIPlugin:80 - create IPUIPlugin
2025-10-29 23:50:25,145 [INFO] IPUIPlugin:80 - create IPUIPlugin
2025-10-29 23:50:25,145 [INFO] IPUIPlugin:80 - create IPUIPlugin
2025-10-29 23:50:25,145 [INFO] IPUIPlugin:80 - create IPUIPlugin
2025-10-29 23:50:25,145 [INFO] IPUIPlugin:80 - create IPUIPlugin
2025-10-29 23:50:25,146 [INFO] IPUIPlugin:80 - create IPUIPlugin
2025-10-29 23:50:25,146 [INFO] IPUIPlugin:80 - create IPUIPlugin
2025-10-29 23:50:25,146 [INFO] IPUIPlugin:80 - create IPUIPlugin
2025-10-29 23:50:25,146 [INFO] IPUIPlugin:80 - create IPUIPlugin
2025-10-29 23:50:25,146 [INFO] IPUIPlugin:80 - create IPUIPlugin
2025-10-29 23:50:25,146 [INFO] IPUIPlugin:80 - create IPUIPlugin
2025-10-29 23:50:25,146 [INFO] IPUIPlugin:80 - create IPUIPlugin
2025-10-29 23:50:25,147 [INFO] IPUIPlugin:80 - create IPUIPlugin
2025-10-29 23:50:25,147 [INFO] IPUIPlugin:80 - create IPUIPlugin
2025-10-29 23:50:25,147 [INFO] IPUIPlugin:80 - create IPUIPlugin
2025-10-29 23:50:25,147 [INFO] IPUIPlugin:80 - create IPUIPlugin
2025-10-29 23:50:25,147 [INFO] IPUIPlugin:80 - create IPUIPlugin
2025-10-29 23:50:25,148 [INFO] IPUIPlugin:80 - create IPUIPlugin
2025-10-29 23:50:25,148 [INFO] IPUIPlugin:80 - create IPUIPlugin
2025-10-29 23:50:25,148 [INFO] IPUIPlugin:80 - create IPUIPlugin
2025-10-29 23:50:25,148 [INFO] IPUIPlugin:80 - create IPUIPlugin
2025-10-29 23:50:25,148 [INFO] IPUIPlugin:80 - create IPUIPlugin
2025-10-29 23:50:25,201 [INFO] CADModel:165 - CPN selected for project levelSTM32G431RBT6
2025-10-29 23:50:25,201 [INFO] CADModel:114 - Register for checkConnection events
2025-10-29 23:50:25,262 [INFO] OpenFileManager:386 - Restore cursor
