2025-05-14 18:27:24,826 [INFO] Activator:176 - 


2025-05-14 18:27:24,830 [INFO] Activator:177 - !SESSION log4j initialized
2025-05-14 18:27:26,900 [INFO] ApplicationProperties:184 - Using Application install path: C:\ST\STM32CubeIDE_1.16.1\STM32CubeIDE\plugins\com.st.stm32cube.common.mx_6.13.0.202411220809
2025-05-14 18:27:26,910 [INFO] DbMcusXml:78 - Set database path to: C:\ST\STM32CubeIDE_1.16.1\STM32CubeIDE\plugins\com.st.stm32cube.common.mx_6.13.0.202411220809\\db\/mcu/
2025-05-14 18:27:26,911 [INFO] ApiDb:274 - Set plugin database path to: C:\ST\STM32CubeIDE_1.16.1\STM32CubeIDE\plugins\com.st.stm32cube.common.mx_6.13.0.202411220809\\db\/plugins/boardmanager/
2025-05-14 18:27:26,911 [WARN] ApiDb:259 - Overriding images path with different value:  => C:\ST\STM32CubeIDE_1.16.1\STM32CubeIDE\plugins\com.st.stm32cube.common.mx_6.13.0.202411220809\\db\/plugins/mcufinder/images/
2025-05-14 18:27:26,924 [INFO] ApiDb:250 - Set database path to: C:\Users\Miloush\.stmcufinder\plugins\mcufinder//mcu/
2025-05-14 18:27:26,924 [INFO] DbMcusAds:125 - Set database path to: C:\Users\Miloush\.stmcufinder\plugins\mcufinder//mcu/
2025-05-14 18:27:27,089 [INFO] CrossReferenceDbSqlite:203 - Set database path to: C:\Users\Miloush\.stmcufinder\plugins\mcufinder//mcu/cs/
2025-05-14 18:27:27,166 [INFO] RulesReader:64 - Compatibility file has been processed (297 Rules)
2025-05-14 18:27:27,236 [INFO] DbMcusXml:78 - Set database path to: C:\ST\STM32CubeIDE_1.16.1\STM32CubeIDE\plugins\com.st.stm32cube.common.mx_6.13.0.202411220809\\db\/mcu/
2025-05-14 18:27:27,236 [INFO] ApiDb:274 - Set plugin database path to: C:\ST\STM32CubeIDE_1.16.1\STM32CubeIDE\plugins\com.st.stm32cube.common.mx_6.13.0.202411220809\\db\/plugins/boardmanager/
2025-05-14 18:27:27,236 [INFO] ApiDb:261 - Set plugin images path to: C:\ST\STM32CubeIDE_1.16.1\STM32CubeIDE\plugins\com.st.stm32cube.common.mx_6.13.0.202411220809\\db\/plugins/mcufinder/images/
2025-05-14 18:27:27,236 [WARN] DbFile:41 - Overriding database path with different value: C:\Users\Miloush\.stmcufinder\plugins\mcufinder/ => C:\Users\Miloush\.stmcufinder\plugins\mcufinder
2025-05-14 18:27:27,236 [INFO] ApiDb:250 - Set database path to: C:\Users\Miloush\.stmcufinder\plugins\mcufinder//mcu/
2025-05-14 18:27:27,236 [WARN] DbFile:41 - Overriding database path with different value: C:\Users\Miloush\.stmcufinder\plugins\mcufinder/ => C:\Users\Miloush\.stmcufinder\plugins\mcufinder
2025-05-14 18:27:27,236 [INFO] DbMcusAds:125 - Set database path to: C:\Users\Miloush\.stmcufinder\plugins\mcufinder//mcu/
2025-05-14 18:27:27,237 [WARN] DbFile:41 - Overriding database path with different value: C:\Users\Miloush\.stmcufinder\plugins\mcufinder/ => C:\Users\Miloush\.stmcufinder\plugins\mcufinder
2025-05-14 18:27:27,237 [WARN] DbFile:41 - Overriding database path with different value: C:\Users\Miloush\.stmcufinder\plugins\mcufinder/ => C:\Users\Miloush\.stmcufinder\plugins\mcufinder
2025-05-14 18:27:27,237 [INFO] CrossReferenceDbSqlite:203 - Set database path to: C:\Users\Miloush\.stmcufinder\plugins\mcufinder//mcu/cs/
2025-05-14 18:27:27,288 [INFO] MainPanel:272 - HeapMemory: 268435456
2025-05-14 18:27:27,383 [INFO] DbMcusXml:78 - Set database path to: C:\ST\STM32CubeIDE_1.16.1\STM32CubeIDE\plugins\com.st.stm32cube.common.mx_6.13.0.202411220809\\db\/mcu/
2025-05-14 18:27:27,383 [INFO] ApiDb:274 - Set plugin database path to: C:\ST\STM32CubeIDE_1.16.1\STM32CubeIDE\plugins\com.st.stm32cube.common.mx_6.13.0.202411220809\\db\/plugins/boardmanager/
2025-05-14 18:27:27,384 [INFO] ApiDb:261 - Set plugin images path to: C:\ST\STM32CubeIDE_1.16.1\STM32CubeIDE\plugins\com.st.stm32cube.common.mx_6.13.0.202411220809\\db\/plugins/mcufinder/images/
2025-05-14 18:27:27,384 [WARN] DbFile:41 - Overriding database path with different value: C:\Users\Miloush\.stmcufinder\plugins\mcufinder/ => C:\Users\Miloush\.stmcufinder\plugins\mcufinder
2025-05-14 18:27:27,384 [INFO] ApiDb:250 - Set database path to: C:\Users\Miloush\.stmcufinder\plugins\mcufinder//mcu/
2025-05-14 18:27:27,384 [WARN] DbFile:41 - Overriding database path with different value: C:\Users\Miloush\.stmcufinder\plugins\mcufinder/ => C:\Users\Miloush\.stmcufinder\plugins\mcufinder
2025-05-14 18:27:27,384 [INFO] DbMcusAds:125 - Set database path to: C:\Users\Miloush\.stmcufinder\plugins\mcufinder//mcu/
2025-05-14 18:27:27,384 [WARN] DbFile:41 - Overriding database path with different value: C:\Users\Miloush\.stmcufinder\plugins\mcufinder/ => C:\Users\Miloush\.stmcufinder\plugins\mcufinder
2025-05-14 18:27:27,384 [WARN] DbFile:41 - Overriding database path with different value: C:\Users\Miloush\.stmcufinder\plugins\mcufinder/ => C:\Users\Miloush\.stmcufinder\plugins\mcufinder
2025-05-14 18:27:27,384 [INFO] CrossReferenceDbSqlite:203 - Set database path to: C:\Users\Miloush\.stmcufinder\plugins\mcufinder//mcu/cs/
2025-05-14 18:27:27,397 [INFO] ApplicationProperties:184 - Using Application install path: C:\ST\STM32CubeIDE_1.16.1\STM32CubeIDE\plugins\com.st.stm32cube.common.mx_6.13.0.202411220809
2025-05-14 18:27:27,398 [INFO] PluginManage:196 - Search for loadable plugins [exclusion list=, ]
2025-05-14 18:27:27,398 [INFO] PluginManage:310 - Check plugin analytics
2025-05-14 18:27:27,637 [INFO] AnalyticsPlugin:253 - Accepted Software Licenses: 
2025-05-14 18:27:27,637 [INFO] AnalyticsPlugin:255 - Accepted CMSIS Pack Licenses: 
2025-05-14 18:27:27,637 [INFO] AnalyticsPlugin:257 - Accepted Firmware Licenses: FW.G4.1.6.0
2025-05-14 18:27:27,640 [INFO] PluginManage:359 - Loaded plugin analytics (category:tool,tabindex:-1)
2025-05-14 18:27:27,640 [INFO] PluginManage:310 - Check plugin cadmodel
2025-05-14 18:27:27,658 [INFO] CADModel:105 - Init CAD model plugin
2025-05-14 18:27:27,658 [INFO] PluginManage:359 - Loaded plugin cadmodel (category:power,tabindex:5)
2025-05-14 18:27:27,658 [INFO] PluginManage:310 - Check plugin clock
2025-05-14 18:27:27,676 [INFO] PluginManage:359 - Loaded plugin clock (category:base,tabindex:2)
2025-05-14 18:27:27,676 [INFO] PluginManage:310 - Check plugin ddr
2025-05-14 18:27:27,678 [INFO] PluginManage:359 - Loaded plugin ddr (category:tool,tabindex:6)
2025-05-14 18:27:27,678 [INFO] PluginManage:310 - Check plugin filemanager
2025-05-14 18:27:27,787 [INFO] PluginManage:359 - Loaded plugin filemanager (category:base,tabindex:10)
2025-05-14 18:27:27,787 [INFO] PluginManage:310 - Check plugin ipmanager
2025-05-14 18:27:27,792 [INFO] PluginManage:359 - Loaded plugin ipmanager (category:base,tabindex:5)
2025-05-14 18:27:27,792 [INFO] PluginManage:310 - Check plugin lpbam
2025-05-14 18:27:27,810 [INFO] PluginManage:359 - Loaded plugin lpbam (category:base,tabindex:0)
2025-05-14 18:27:27,810 [INFO] PluginManage:310 - Check plugin memorymap
2025-05-14 18:27:27,832 [INFO] PluginManage:359 - Loaded plugin memorymap (category:base,tabindex:4)
2025-05-14 18:27:27,832 [INFO] PluginManage:310 - Check plugin pinoutandconfiguration
2025-05-14 18:27:27,848 [INFO] PluginManage:359 - Loaded plugin pinoutandconfiguration (category:base,tabindex:1)
2025-05-14 18:27:27,848 [INFO] PluginManage:310 - Check plugin pinoutconfig
2025-05-14 18:27:27,916 [WARN] SupportedApi:132 - Cannot load RTOS API schema: s4s-elt-must-match.1: The content of 'definitions' must match (annotation?, (simpleType | complexType)?, (unique | key | keyref)*)). A problem was found starting at: attribute.
2025-05-14 18:27:28,015 [INFO] PluginManage:359 - Loaded plugin pinoutconfig (category:base,tabindex:0)
2025-05-14 18:27:28,016 [INFO] PluginManage:310 - Check plugin power
2025-05-14 18:27:28,034 [INFO] PluginManage:359 - Loaded plugin power (category:power,tabindex:4)
2025-05-14 18:27:28,034 [INFO] PluginManage:310 - Check plugin projectmanager
2025-05-14 18:27:28,046 [INFO] PluginManage:359 - Loaded plugin projectmanager (category:projectmanager,tabindex:4)
2025-05-14 18:27:28,046 [INFO] PluginManage:310 - Check plugin rif
2025-05-14 18:27:28,061 [INFO] PluginManage:359 - Loaded plugin rif (category:base,tabindex:3)
2025-05-14 18:27:28,061 [INFO] PluginManage:310 - Check plugin thirdparty
2025-05-14 18:27:28,254 [INFO] PluginManage:359 - Loaded plugin thirdparty (category:base,tabindex:-1)
2025-05-14 18:27:28,254 [WARN] IntegrityCheckThread:84 - waiting for thirdparty lock release [integrity check]
2025-05-14 18:27:28,255 [INFO] PluginManage:310 - Check plugin tools
2025-05-14 18:27:28,255 [INFO] IntegrityCheckThread:86 - entering critical section [integrity check]
2025-05-14 18:27:28,255 [INFO] ThirdPartyUpdaterWithRetryManager:70 - Updater plugin not ready yet. [1/15]
2025-05-14 18:27:28,283 [INFO] PluginManage:359 - Loaded plugin tools (category:base,tabindex:7)
2025-05-14 18:27:28,283 [INFO] PluginManage:310 - Check plugin tutovideos
2025-05-14 18:27:28,419 [INFO] PluginManage:359 - Loaded plugin tutovideos (category:base,tabindex:-1)
2025-05-14 18:27:28,419 [INFO] PluginManage:310 - Check plugin updater
2025-05-14 18:27:28,436 [INFO] PluginManage:359 - Loaded plugin updater (category:base,tabindex:12)
2025-05-14 18:27:28,436 [INFO] PluginManage:310 - Check plugin userauth
2025-05-14 18:27:28,440 [INFO] UserAuth:118 - Init User Auth plugin
2025-05-14 18:27:28,441 [INFO] PluginManage:359 - Loaded plugin userauth (category:base,tabindex:14)
2025-05-14 18:27:28,441 [INFO] PluginManage:283 - PluginManage : Loaded plugins [18]
2025-05-14 18:27:28,609 [INFO] PinOutPanel:1589 - setPackage(No Configuration,No Configuration)
2025-05-14 18:27:28,676 [INFO] CADModel:165 - CPN selected for project level
2025-05-14 18:27:28,676 [INFO] CADModel:114 - Register for checkConnection events
2025-05-14 18:27:28,700 [INFO] IPUIPlugin:80 - create IPUIPlugin
2025-05-14 18:27:28,700 [INFO] PluginManager:220 - loadIPPluginJar : add adc
2025-05-14 18:27:28,741 [INFO] IPUIPlugin:80 - create IPUIPlugin
2025-05-14 18:27:28,741 [INFO] PluginManager:220 - loadIPPluginJar : add aes
2025-05-14 18:27:28,777 [INFO] IPUIPlugin:80 - create IPUIPlugin
2025-05-14 18:27:28,777 [INFO] PluginManager:220 - loadIPPluginJar : add can
2025-05-14 18:27:28,800 [INFO] IPUIPlugin:80 - create IPUIPlugin
2025-05-14 18:27:28,800 [INFO] PluginManager:220 - loadIPPluginJar : add comp
2025-05-14 18:27:28,825 [INFO] IPUIPlugin:80 - create IPUIPlugin
2025-05-14 18:27:28,825 [INFO] PluginManager:220 - loadIPPluginJar : add cryp
2025-05-14 18:27:28,834 [INFO] IPUIPlugin:80 - create IPUIPlugin
2025-05-14 18:27:28,834 [INFO] PluginManager:220 - loadIPPluginJar : add ddr_ctrl_phy
2025-05-14 18:27:28,857 [INFO] IPUIPlugin:80 - create IPUIPlugin
2025-05-14 18:27:28,857 [INFO] PluginManager:220 - loadIPPluginJar : add dfsdm
2025-05-14 18:27:28,868 [INFO] IPUIPlugin:80 - create IPUIPlugin
2025-05-14 18:27:28,868 [INFO] PluginManager:220 - loadIPPluginJar : add dma
2025-05-14 18:27:28,897 [INFO] IPUIPlugin:80 - create IPUIPlugin
2025-05-14 18:27:28,897 [INFO] PluginManager:220 - loadIPPluginJar : add dma3
2025-05-14 18:27:28,929 [INFO] IPUIPlugin:80 - create IPUIPlugin
2025-05-14 18:27:28,929 [INFO] PluginManager:220 - loadIPPluginJar : add extmemmanager
2025-05-14 18:27:28,946 [INFO] IPUIPlugin:80 - create IPUIPlugin
2025-05-14 18:27:28,946 [INFO] PluginManager:220 - loadIPPluginJar : add fatfs
2025-05-14 18:27:28,982 [INFO] IPUIPlugin:80 - create IPUIPlugin
2025-05-14 18:27:28,982 [INFO] PluginManager:220 - loadIPPluginJar : add fmc
2025-05-14 18:27:28,993 [INFO] IPUIPlugin:80 - create IPUIPlugin
2025-05-14 18:27:28,993 [INFO] PluginManager:220 - loadIPPluginJar : add freertos
2025-05-14 18:27:29,008 [INFO] IPUIPlugin:80 - create IPUIPlugin
2025-05-14 18:27:29,009 [INFO] PluginManager:220 - loadIPPluginJar : add genericplugin
2025-05-14 18:27:29,076 [INFO] IPUIPlugin:80 - create IPUIPlugin
2025-05-14 18:27:29,077 [INFO] PluginManager:220 - loadIPPluginJar : add gfxmmu
2025-05-14 18:27:29,173 [INFO] IPUIPlugin:80 - create IPUIPlugin
2025-05-14 18:27:29,173 [INFO] PluginManager:220 - loadIPPluginJar : add gic
2025-05-14 18:27:29,183 [INFO] IPUIPlugin:80 - create IPUIPlugin
2025-05-14 18:27:29,183 [INFO] PluginManager:220 - loadIPPluginJar : add gpio
2025-05-14 18:27:29,261 [INFO] IPUIPlugin:80 - create IPUIPlugin
2025-05-14 18:27:29,261 [INFO] PluginManager:220 - loadIPPluginJar : add gtzc
2025-05-14 18:27:29,293 [INFO] IPUIPlugin:80 - create IPUIPlugin
2025-05-14 18:27:29,293 [INFO] PluginManager:220 - loadIPPluginJar : add hash
2025-05-14 18:27:29,337 [INFO] IPUIPlugin:80 - create IPUIPlugin
2025-05-14 18:27:29,337 [INFO] PluginManager:220 - loadIPPluginJar : add i2c
2025-05-14 18:27:29,371 [INFO] IPUIPlugin:80 - create IPUIPlugin
2025-05-14 18:27:29,371 [INFO] PluginManager:220 - loadIPPluginJar : add i2s
2025-05-14 18:27:29,405 [INFO] IPUIPlugin:80 - create IPUIPlugin
2025-05-14 18:27:29,405 [INFO] PluginManager:220 - loadIPPluginJar : add i3c
2025-05-14 18:27:29,485 [INFO] IPUIPlugin:80 - create IPUIPlugin
2025-05-14 18:27:29,485 [INFO] PluginManager:220 - loadIPPluginJar : add ipddr
2025-05-14 18:27:29,551 [INFO] IPUIPlugin:80 - create IPUIPlugin
2025-05-14 18:27:29,552 [INFO] PluginManager:220 - loadIPPluginJar : add linkedlist
2025-05-14 18:27:29,581 [INFO] IPUIPlugin:80 - create IPUIPlugin
2025-05-14 18:27:29,582 [INFO] PluginManager:220 - loadIPPluginJar : add lorawan
2025-05-14 18:27:29,618 [INFO] IPUIPlugin:80 - create IPUIPlugin
2025-05-14 18:27:29,618 [INFO] PluginManager:220 - loadIPPluginJar : add ltdc
2025-05-14 18:27:29,631 [INFO] IPUIPlugin:80 - create IPUIPlugin
2025-05-14 18:27:29,631 [INFO] PluginManager:220 - loadIPPluginJar : add mdma
2025-05-14 18:27:29,641 [INFO] IPUIPlugin:80 - create IPUIPlugin
2025-05-14 18:27:29,641 [INFO] PluginManager:220 - loadIPPluginJar : add nvic
2025-05-14 18:27:29,672 [INFO] IPUIPlugin:80 - create IPUIPlugin
2025-05-14 18:27:29,672 [INFO] PluginManager:220 - loadIPPluginJar : add opamp
2025-05-14 18:27:29,717 [INFO] IPUIPlugin:80 - create IPUIPlugin
2025-05-14 18:27:29,717 [INFO] PluginManager:220 - loadIPPluginJar : add openamp
2025-05-14 18:27:29,749 [INFO] IPUIPlugin:80 - create IPUIPlugin
2025-05-14 18:27:29,750 [INFO] PluginManager:220 - loadIPPluginJar : add pdm2pcm
2025-05-14 18:27:29,761 [INFO] IPUIPlugin:80 - create IPUIPlugin
2025-05-14 18:27:29,763 [INFO] PluginManager:220 - loadIPPluginJar : add plateformsettings
2025-05-14 18:27:29,780 [INFO] IPUIPlugin:80 - create IPUIPlugin
2025-05-14 18:27:29,780 [INFO] PluginManager:220 - loadIPPluginJar : add quadspi
2025-05-14 18:27:29,798 [INFO] IPUIPlugin:80 - create IPUIPlugin
2025-05-14 18:27:29,800 [INFO] PluginManager:220 - loadIPPluginJar : add radio
2025-05-14 18:27:29,810 [INFO] IPUIPlugin:80 - create IPUIPlugin
2025-05-14 18:27:29,810 [INFO] PluginManager:220 - loadIPPluginJar : add resmgrutility
2025-05-14 18:27:29,846 [INFO] IPUIPlugin:80 - create IPUIPlugin
2025-05-14 18:27:29,846 [INFO] PluginManager:220 - loadIPPluginJar : add sai
2025-05-14 18:27:29,874 [INFO] IPUIPlugin:80 - create IPUIPlugin
2025-05-14 18:27:29,874 [INFO] PluginManager:220 - loadIPPluginJar : add spi
2025-05-14 18:27:29,926 [INFO] IPUIPlugin:80 - create IPUIPlugin
2025-05-14 18:27:29,926 [INFO] PluginManager:220 - loadIPPluginJar : add stm32_wpan
2025-05-14 18:27:29,945 [INFO] IPUIPlugin:80 - create IPUIPlugin
2025-05-14 18:27:29,945 [INFO] PluginManager:220 - loadIPPluginJar : add tim
2025-05-14 18:27:29,990 [INFO] IPUIPlugin:80 - create IPUIPlugin
2025-05-14 18:27:29,990 [INFO] PluginManager:220 - loadIPPluginJar : add touchsensing
2025-05-14 18:27:30,008 [INFO] IPUIPlugin:80 - create IPUIPlugin
2025-05-14 18:27:30,008 [INFO] PluginManager:220 - loadIPPluginJar : add tracer_emb
2025-05-14 18:27:30,030 [INFO] IPUIPlugin:80 - create IPUIPlugin
2025-05-14 18:27:30,030 [INFO] PluginManager:220 - loadIPPluginJar : add ts
2025-05-14 18:27:30,048 [INFO] IPUIPlugin:80 - create IPUIPlugin
2025-05-14 18:27:30,048 [INFO] PluginManager:220 - loadIPPluginJar : add tsc
2025-05-14 18:27:30,065 [INFO] IPUIPlugin:80 - create IPUIPlugin
2025-05-14 18:27:30,065 [INFO] PluginManager:220 - loadIPPluginJar : add ucpd
2025-05-14 18:27:30,098 [INFO] IPUIPlugin:80 - create IPUIPlugin
2025-05-14 18:27:30,098 [INFO] PluginManager:220 - loadIPPluginJar : add usart
2025-05-14 18:27:30,131 [INFO] IPUIPlugin:80 - create IPUIPlugin
2025-05-14 18:27:30,131 [INFO] PluginManager:220 - loadIPPluginJar : add usbx
2025-05-14 18:27:30,243 [FATAL] Updater:351 - Updater called before beeing initialized
2025-05-14 18:27:30,265 [INFO] RulesReader:64 - Compatibility file has been processed (297 Rules)
2025-05-14 18:27:30,275 [INFO] RulesReader:64 - Compatibility file has been processed (297 Rules)
2025-05-14 18:27:30,286 [INFO] CADModel:165 - CPN selected for project level
2025-05-14 18:27:30,286 [INFO] CADModel:114 - Register for checkConnection events
2025-05-14 18:27:30,286 [FATAL] Updater:351 - Updater called before beeing initialized
2025-05-14 18:27:30,287 [ERROR] CADModel:125 - Updater not yet initialized, retry later 
2025-05-14 18:27:30,422 [FATAL] Updater:351 - Updater called before beeing initialized
2025-05-14 18:27:30,423 [INFO] CADModel:165 - CPN selected for project level
2025-05-14 18:27:30,423 [INFO] CADModel:114 - Register for checkConnection events
2025-05-14 18:27:30,423 [FATAL] Updater:351 - Updater called before beeing initialized
2025-05-14 18:27:30,423 [ERROR] CADModel:125 - Updater not yet initialized, retry later 
2025-05-14 18:27:30,425 [FATAL] Updater:351 - Updater called before beeing initialized
2025-05-14 18:27:30,525 [FATAL] Updater:351 - Updater called before beeing initialized
2025-05-14 18:27:30,535 [INFO] DbMcusAds:53 - JSON generation date=Thu Mar 06 15:54:22 CET 2025 (1741272862078)
2025-05-14 18:27:30,535 [FATAL] Updater:351 - Updater called before beeing initialized
2025-05-14 18:27:30,567 [WARN] DetailPanel:346 - Failed to get advertising image, set to default
2025-05-14 18:27:30,721 [FATAL] Updater:351 - Updater called before beeing initialized
2025-05-14 18:27:30,723 [FATAL] Updater:351 - Updater called before beeing initialized
2025-05-14 18:27:30,723 [FATAL] Updater:351 - Updater called before beeing initialized
2025-05-14 18:27:30,723 [WARN] DetailPanel:346 - Failed to get advertising image, set to default
2025-05-14 18:27:30,724 [FATAL] Updater:351 - Updater called before beeing initialized
2025-05-14 18:27:30,778 [ERROR] Updater:1198 - MainUpdater not yet initialized. External WinMGr cannot be set.
2025-05-14 18:27:30,787 [INFO] Updater:1134 - Updater Version found : 6.13.0
2025-05-14 18:27:30,802 [INFO] ApplicationProperties:184 - Using Application install path: C:\ST\STM32CubeIDE_1.16.1\STM32CubeIDE\plugins\com.st.stm32cube.common.mx_6.13.0.202411220809
2025-05-14 18:27:31,271 [INFO] ThirdPartyUpdaterWithRetryManager:70 - Updater plugin not ready yet. [2/15]
2025-05-14 18:27:31,594 [INFO] MainUpdater:2872 - connection check result : 10
2025-05-14 18:27:31,595 [INFO] MainUpdater:3566 - Updater definition file requires update
2025-05-14 18:27:31,595 [INFO] MainUpdater:289 - Updater Check For Update Now.
2025-05-14 18:27:31,596 [INFO] MicroXplorer:498 - Change Database Version : DB.6.0.130
2025-05-14 18:27:31,721 [INFO] ServerAccessManage:473 - Download File updaters.zip
2025-05-14 18:27:31,788 [INFO] FileExtend:240 - Unzip File : updaters.zip
2025-05-14 18:27:31,788 [INFO] FileExtend:255 - Standard Zip Deflate
2025-05-14 18:27:32,110 [INFO] ServerAccessManage:473 - Download File PacksControlFlags.xml
2025-05-14 18:27:32,179 [INFO] ServerAccessManage:473 - Download File cubemx.pidx
2025-05-14 18:27:32,283 [INFO] LoadServerUpdatesThread:375 - End of LoadServerUpdate Thread
2025-05-14 18:27:32,459 [INFO] CheckServerUpdateThread:120 - End of CheckServer Thread
2025-05-14 18:27:32,645 [INFO] MainUpdater:2872 - connection check result : 10
2025-05-14 18:27:32,653 [INFO] MainUpdater:2872 - connection check result : 10
2025-05-14 18:27:32,847 [INFO] MicroXplorer:468 - Change Database Path : 
2025-05-14 18:27:32,847 [INFO] MicroXplorer:498 - Change Database Version : DB.6.0.130
2025-05-14 18:27:32,854 [WARN] ThirdParty:871 - waiting for thirdparty lock release [close project]
2025-05-14 18:27:34,484 [WARN] PackLoader:240 - Cannot read IP mode file for STMicroelectronics.FP-SNS-MOTENVWB1.1.4.0
2025-05-14 18:27:34,499 [WARN] PackLoader:240 - Cannot read IP mode file for STMicroelectronics.FP-ATR-ASTRA1.2.0.2
2025-05-14 18:27:34,510 [WARN] PackLoader:240 - Cannot read IP mode file for STMicroelectronics.FP-ATR-ASTRA1.2.0.1
2025-05-14 18:27:34,524 [WARN] PackLoader:240 - Cannot read IP mode file for STMicroelectronics.X-CUBE-SMBUS.2.1.0
2025-05-14 18:27:34,537 [WARN] PackLoader:240 - Cannot read IP mode file for STMicroelectronics.X-CUBE-WB05N.1.1.0
2025-05-14 18:27:34,572 [WARN] PackLoader:240 - Cannot read IP mode file for STMicroelectronics.X-CUBE-AZRTOS-F7.1.1.0
2025-05-14 18:27:34,637 [WARN] PackLoader:240 - Cannot read IP mode file for STMicroelectronics.X-CUBE-MEMS1.11.0.0
2025-05-14 18:27:34,779 [WARN] PackLoader:240 - Cannot read IP mode file for STMicroelectronics.FP-SNS-FLIGHT1.5.0.2
2025-05-14 18:27:34,795 [WARN] PackLoader:240 - Cannot read IP mode file for STMicroelectronics.X-CUBE-DISPLAY.3.0.0
2025-05-14 18:27:34,811 [WARN] PackLoader:240 - Cannot read IP mode file for STMicroelectronics.X-CUBE-BLE1.7.0.0
2025-05-14 18:27:34,826 [WARN] PackLoader:240 - Cannot read IP mode file for STMicroelectronics.X-CUBE-NFC10.1.0.0
2025-05-14 18:27:34,844 [WARN] PackLoader:240 - Cannot read IP mode file for STMicroelectronics.X-CUBE-BLEMGR.4.0.0
2025-05-14 18:27:34,859 [WARN] PackLoader:240 - Cannot read IP mode file for emotas.I-CUBE-CANOPEN.1.3.0
2025-05-14 18:27:34,874 [WARN] PackLoader:240 - Cannot read IP mode file for STMicroelectronics.X-CUBE-BLEMGR.3.1.0
2025-05-14 18:27:34,887 [WARN] PackLoader:240 - Cannot read IP mode file for STMicroelectronics.X-CUBE-AI.10.0.0
2025-05-14 18:27:34,898 [WARN] PackLoader:240 - Cannot read IP mode file for STMicroelectronics.FP-SNS-SMARTAG2.1.2.0
2025-05-14 18:27:34,909 [WARN] PackLoader:240 - Cannot read IP mode file for STMicroelectronics.FP-SNS-FLIGHT1.5.1.0
2025-05-14 18:27:34,958 [WARN] PackLoader:240 - Cannot read IP mode file for STMicroelectronics.X-CUBE-MEMS1.11.1.0
2025-05-14 18:27:35,048 [INFO] LogOutputStream:77 - [STDOUT_REDIRECT] 1 : Invalid condition id : UX_CORESTACK_Condition cause : null
2025-05-14 18:27:35,049 [INFO] LogOutputStream:77 - [STDOUT_REDIRECT] 1 : Invalid condition id : UX_CORESTACK_Condition cause : null
2025-05-14 18:27:35,050 [INFO] LogOutputStream:77 - [STDOUT_REDIRECT] 1 : Invalid condition id : UX_CORESTACK_Condition cause : null
2025-05-14 18:27:35,052 [INFO] LogOutputStream:77 - [STDOUT_REDIRECT] 1 : Invalid condition id : UX_CORESTACK_Condition cause : null
2025-05-14 18:27:35,053 [INFO] LogOutputStream:77 - [STDOUT_REDIRECT] 1 : Invalid condition id : UX_CORESTACK_Condition cause : null
2025-05-14 18:27:35,056 [WARN] PackLoader:240 - Cannot read IP mode file for STMicroelectronics.X-CUBE-AZRTOS-WL.2.0.0
2025-05-14 18:27:35,069 [WARN] PackLoader:240 - Cannot read IP mode file for STMicroelectronics.FP-SNS-MOTENV1.5.0.0
2025-05-14 18:27:35,081 [WARN] PackLoader:240 - Cannot read IP mode file for wolfSSL.I-CUBE-wolfMQTT.1.19.0
2025-05-14 18:27:35,097 [WARN] PackLoader:240 - Cannot read IP mode file for WES.I-CUBE-Cesium.1.3.0
2025-05-14 18:27:35,109 [WARN] PackLoader:240 - Cannot read IP mode file for STMicroelectronics.X-CUBE-BLE2.3.3.0
2025-05-14 18:27:35,123 [WARN] PackLoader:240 - Cannot read IP mode file for STMicroelectronics.X-CUBE-NFC9.1.0.0
2025-05-14 18:27:35,137 [WARN] PackLoader:240 - Cannot read IP mode file for STMicroelectronics.X-CUBE-BLE1.7.1.0
2025-05-14 18:27:35,150 [WARN] PackLoader:240 - Cannot read IP mode file for STMicroelectronics.X-CUBE-TCPP.4.1.0
2025-05-14 18:27:35,199 [WARN] PackLoader:240 - Cannot read IP mode file for STMicroelectronics.X-CUBE-MEMS1.11.2.0
2025-05-14 18:27:35,297 [WARN] PackLoader:240 - Cannot read IP mode file for STMicroelectronics.X-CUBE-AZRTOS-G0.1.1.0
2025-05-14 18:27:35,312 [WARN] PackLoader:240 - Cannot read IP mode file for STMicroelectronics.X-CUBE-SAFEA1.1.2.2
2025-05-14 18:27:35,325 [WARN] PackLoader:240 - Cannot read IP mode file for STMicroelectronics.X-CUBE-NFC4.3.0.0
2025-05-14 18:27:35,340 [WARN] PackLoader:240 - Cannot read IP mode file for EmbeddedOffice.I-CUBE-FS-RTOS.1.0.1
2025-05-14 18:27:35,353 [WARN] PackLoader:240 - Cannot read IP mode file for STMicroelectronics.X-CUBE-WB05N.2.0.0
2025-05-14 18:27:35,365 [WARN] PackLoader:240 - Cannot read IP mode file for STMicroelectronics.X-CUBE-TCPP.4.2.0
2025-05-14 18:27:35,378 [WARN] PackLoader:240 - Cannot read IP mode file for RealThread.X-CUBE-RT-Thread_Nano.4.1.1
2025-05-14 18:27:35,390 [WARN] PackLoader:240 - Cannot read IP mode file for STMicroelectronics.FP-ATR-SIGFOX1.3.2.0
2025-05-14 18:27:35,401 [WARN] PackLoader:240 - Cannot read IP mode file for wolfSSL.I-CUBE-wolfSSL.5.7.2
2025-05-14 18:27:35,413 [WARN] ConditionMgr:438 - getConditionDescription Invalid condition id : Cortex-A Device cause : null
2025-05-14 18:27:35,431 [WARN] ConditionMgr:1044 - genDependencies : Invalid condition id : Cortex-A Device cause : null
2025-05-14 18:27:35,431 [WARN] ConditionMgr:1044 - genDependencies : Invalid condition id : Cortex-A Device cause : null
2025-05-14 18:27:35,431 [WARN] ConditionMgr:1044 - genDependencies : Invalid condition id : Cortex-A Device cause : null
2025-05-14 18:27:35,443 [WARN] PackLoader:240 - Cannot read IP mode file for STMicroelectronics.X-CUBE-EEPRMA1.5.1.0
2025-05-14 18:27:35,457 [WARN] PackLoader:240 - Cannot read IP mode file for ITTIA_DB.I-CUBE-ITTIADB.8.9.0
2025-05-14 18:27:35,484 [WARN] PackLoader:240 - Cannot read IP mode file for SEGGER.I-CUBE-embOS.1.3.1
2025-05-14 18:27:35,522 [WARN] PackLoader:240 - Cannot read IP mode file for STMicroelectronics.X-CUBE-ALGOBUILD.1.4.0
2025-05-14 18:27:35,534 [WARN] PackLoader:240 - Cannot read IP mode file for STMicroelectronics.X-CUBE-AI.9.1.0
2025-05-14 18:27:35,557 [WARN] PackLoader:240 - Cannot read IP mode file for STMicroelectronics.X-CUBE-AZRTOS-F4.1.1.0
2025-05-14 18:27:35,571 [WARN] PackLoader:240 - Cannot read IP mode file for Avnet-IotConnect.X-CUBE-IoTC-DA16k-PMOD.1.0.0
2025-05-14 18:27:35,582 [WARN] PackLoader:240 - Cannot read IP mode file for STMicroelectronics.X-CUBE-ISPU.2.1.0
2025-05-14 18:27:35,594 [WARN] PackLoader:240 - Cannot read IP mode file for STMicroelectronics.X-CUBE-FREERTOS.1.2.0
2025-05-14 18:27:35,618 [WARN] PackLoader:240 - Cannot read IP mode file for STMicroelectronics.X-CUBE-AZRTOS-L5.2.0.0
2025-05-14 18:27:35,633 [WARN] PackLoader:240 - Cannot read IP mode file for STMicroelectronics.X-CUBE-NFC6.3.1.0
2025-05-14 18:27:35,647 [WARN] PackLoader:240 - Cannot read IP mode file for STMicroelectronics.X-CUBE-DPower.1.2.0
2025-05-14 18:27:35,658 [WARN] PackLoader:240 - Cannot read IP mode file for STMicroelectronics.X-CUBE-FREERTOS.1.3.1
2025-05-14 18:27:35,669 [WARN] PackLoader:240 - Cannot read IP mode file for STMicroelectronics.X-CUBE-FREERTOS.1.3.0
2025-05-14 18:27:35,679 [WARN] PackLoader:240 - Cannot read IP mode file for STMicroelectronics.X-CUBE-NFC7.1.0.1
2025-05-14 18:27:35,690 [WARN] PackLoader:240 - Cannot read IP mode file for STMicroelectronics.X-CUBE-DPower.1.3.0
2025-05-14 18:27:35,712 [WARN] ConditionMgr:438 - getConditionDescription Invalid condition id : LAN8742 Phy interface Condition cause : null
2025-05-14 18:27:35,712 [WARN] PackLoader:240 - Cannot read IP mode file for STMicroelectronics.X-CUBE-AZRTOS-L4.2.0.0
2025-05-14 18:27:35,713 [WARN] ConditionMgr:1044 - genDependencies : Invalid condition id : LAN8742 Phy interface Condition cause : null
2025-05-14 18:27:35,713 [WARN] ConditionMgr:1044 - genDependencies : Invalid condition id : LAN8742 Phy interface Condition cause : null
2025-05-14 18:27:35,713 [WARN] ConditionMgr:1044 - genDependencies : Invalid condition id : LAN8742 Phy interface Condition cause : null
2025-05-14 18:27:35,727 [WARN] PackLoader:240 - Cannot read IP mode file for STMicroelectronics.X-CUBE-SFXS2LP1.4.0.0
2025-05-14 18:27:35,754 [WARN] PackLoader:240 - Cannot read IP mode file for STMicroelectronics.X-CUBE-AZRTOS-H7.3.3.0
2025-05-14 18:27:35,772 [WARN] PackLoader:240 - Cannot read IP mode file for STMicroelectronics.X-CUBE-IPS.3.0.0
2025-05-14 18:27:35,793 [WARN] ConditionMgr:438 - getConditionDescription Invalid condition id : UX DEVICE CLASS RTOS Condition cause : null
2025-05-14 18:27:35,793 [WARN] ConditionMgr:438 - getConditionDescription Invalid condition id : UX DEVICE CLASS RTOS Condition cause : null
2025-05-14 18:27:35,794 [WARN] PackLoader:240 - Cannot read IP mode file for STMicroelectronics.X-CUBE-AZRTOS-WB.2.0.0
2025-05-14 18:27:35,795 [WARN] ConditionMgr:1044 - genDependencies : Invalid condition id : UX DEVICE CLASS RTOS Condition cause : null
2025-05-14 18:27:35,795 [WARN] ConditionMgr:1044 - genDependencies : Invalid condition id : UX DEVICE CLASS RTOS Condition cause : null
2025-05-14 18:27:35,795 [WARN] ConditionMgr:1044 - genDependencies : Invalid condition id : UX DEVICE CLASS RTOS Condition cause : null
2025-05-14 18:27:35,795 [WARN] ConditionMgr:1044 - genDependencies : Invalid condition id : UX DEVICE CLASS RTOS Condition cause : null
2025-05-14 18:27:35,795 [WARN] ConditionMgr:1044 - genDependencies : Invalid condition id : UX DEVICE CLASS RTOS Condition cause : null
2025-05-14 18:27:35,809 [WARN] PackLoader:240 - Cannot read IP mode file for STMicroelectronics.X-CUBE-GNSS1.7.0.0
2025-05-14 18:27:35,820 [WARN] PackLoader:240 - Cannot read IP mode file for STMicroelectronics.X-CUBE-GNSS1.7.0.1
2025-05-14 18:27:35,834 [WARN] PackLoader:240 - Cannot read IP mode file for STMicroelectronics.X-CUBE-TOUCHGFX.4.25.0
2025-05-14 18:27:35,848 [WARN] PackLoader:240 - Cannot read IP mode file for STMicroelectronics.FP-SNS-STBOX1.2.0.0
2025-05-14 18:27:35,865 [WARN] PackLoader:240 - Cannot read IP mode file for STMicroelectronics.X-CUBE-SUBG2.5.0.0
2025-05-14 18:27:35,892 [WARN] PackLoader:240 - Cannot read IP mode file for STMicroelectronics.X-CUBE-AZRTOS-H7RS.1.1.0
2025-05-14 18:27:35,905 [WARN] PackLoader:240 - Cannot read IP mode file for Cesanta.I-CUBE-Mongoose.7.13.0
2025-05-14 18:27:35,923 [WARN] PackLoader:240 - Cannot read IP mode file for STMicroelectronics.X-CUBE-AZRTOS-G4.2.0.0
2025-05-14 18:27:35,936 [WARN] PackLoader:240 - Cannot read IP mode file for STMicroelectronics.X-CUBE-NFC7.2.0.0
2025-05-14 18:27:35,952 [WARN] PackLoader:240 - Cannot read IP mode file for STMicroelectronics.X-CUBE-IPS.3.1.0
2025-05-14 18:27:35,966 [WARN] PackLoader:240 - Cannot read IP mode file for STMicroelectronics.X-CUBE-ALS.1.0.2
2025-05-14 18:27:35,982 [WARN] PackLoader:240 - Cannot read IP mode file for STMicroelectronics.X-CUBE-TOUCHGFX.4.24.2
2025-05-14 18:27:35,992 [WARN] PackLoader:240 - Cannot read IP mode file for STMicroelectronics.X-CUBE-TOUCHGFX.4.24.1
2025-05-14 18:27:36,002 [WARN] PackLoader:240 - Cannot read IP mode file for wolfSSL.I-CUBE-wolfTPM.3.4.0
2025-05-14 18:27:36,014 [WARN] PackLoader:240 - Cannot read IP mode file for portGmbH.I-Cube-SoM-uGOAL.1.1.0
2025-05-14 18:27:36,035 [WARN] PackLoader:240 - Cannot read IP mode file for STMicroelectronics.X-CUBE-AZRTOS-H7RS.1.0.0
2025-05-14 18:27:36,046 [WARN] PackLoader:240 - Cannot read IP mode file for STMicroelectronics.FP-ATR-ASTRA1.2.0.0
2025-05-14 18:27:36,061 [WARN] PackLoader:240 - Cannot read IP mode file for STMicroelectronics.X-CUBE-TOF1.3.4.2
2025-05-14 18:27:36,080 [WARN] PackLoader:240 - Cannot read IP mode file for STMicroelectronics.X-CUBE-TOF1.3.4.3
2025-05-14 18:27:36,105 [WARN] PackLoader:240 - Cannot read IP mode file for Infineon.AIROC-Wi-Fi-Bluetooth-STM32.1.6.1
2025-05-14 18:27:36,119 [WARN] PackLoader:240 - Cannot read IP mode file for wolfSSL.I-CUBE-wolfSSH.1.4.17
2025-05-14 18:27:36,119 [INFO] ThirdParty:978 - Integrity check success = true
2025-05-14 18:27:36,119 [INFO] IntegrityCheckThread:100 - exiting critical section [integrity check]
2025-05-14 18:27:36,119 [INFO] IntegrityCheckThread:103 - End integrity checks thread
2025-05-14 18:27:36,119 [INFO] ThirdParty:873 - entering critical section [close project]
2025-05-14 18:27:36,120 [INFO] ThirdParty:883 - exiting critical section [close project]
2025-05-14 18:27:36,122 [INFO] PinOutPanel:1589 - setPackage(No Configuration,No Configuration)
2025-05-14 18:27:36,125 [INFO] UtilMem:75 - Begin LoadConfig() Used Memory: 291038496 Bytes (686817280)
2025-05-14 18:27:36,126 [INFO] MicroXplorer:468 - Change Database Path : 
2025-05-14 18:27:36,126 [INFO] MicroXplorer:498 - Change Database Version : DB.6.0.130
2025-05-14 18:27:36,126 [INFO] OpenFileManager:332 - Change cursor
2025-05-14 18:27:36,154 [INFO] Mcu:2035 - Initializing MCU STM32G431R(6-8-B)Tx STM32G431RBTx STM32G431RBT6
2025-05-14 18:27:38,762 [INFO] Context:748 - Trying to add GPIOservice into a context  which must be forbidden
2025-05-14 18:27:39,271 [INFO] ApiDbMcu:508 - Load IP Config File for NUCLEO-G431RB
2025-05-14 18:27:39,512 [INFO] RtosManager:555 - Registered RTOS mode: class=CMSIS, group=RTOS, mode=CMSIS_V1, owner=FREERTOS
2025-05-14 18:27:39,512 [INFO] RtosManager:555 - Registered RTOS mode: class=CMSIS, group=RTOS2, mode=CMSIS_V2, owner=FREERTOS
2025-05-14 18:27:39,512 [INFO] RtosManager:555 - Registered RTOS mode: class=RTOS, group=Core, mode=CMSIS_V1, owner=FREERTOS
2025-05-14 18:27:39,512 [INFO] RtosManager:555 - Registered RTOS mode: class=RTOS, group=Core, mode=CMSIS_V2, owner=FREERTOS
2025-05-14 18:27:39,512 [WARN] ModelIntegratedComponent:184 - Missing modes for component STMicroelectronics:FreeRTOS:0.0.1:STMicroelectronics:RTOS:FreeRTOS:Core:::10.2.0:
2025-05-14 18:27:39,518 [WARN] ModelIntegratedComponent:63 - No mode defined for component null
2025-05-14 18:27:39,518 [WARN] ModelIntegratedComponent:63 - No mode defined for component null
2025-05-14 18:27:39,518 [WARN] ModelIntegratedComponent:63 - No mode defined for component null
2025-05-14 18:27:39,518 [WARN] ModelIntegratedComponent:63 - No mode defined for component null
2025-05-14 18:27:39,518 [WARN] ModelIntegratedComponent:63 - No mode defined for component null
2025-05-14 18:27:39,518 [WARN] ModelIntegratedComponent:63 - No mode defined for component null
2025-05-14 18:27:39,518 [WARN] ModelIntegratedComponent:63 - No mode defined for component null
2025-05-14 18:27:39,518 [WARN] ModelIntegratedComponent:63 - No mode defined for component null
2025-05-14 18:27:39,518 [WARN] ModelIntegratedComponent:63 - No mode defined for component null
2025-05-14 18:27:39,518 [WARN] ModelIntegratedComponent:63 - No mode defined for component null
2025-05-14 18:27:39,518 [WARN] ModelIntegratedComponent:63 - No mode defined for component null
2025-05-14 18:27:39,519 [WARN] ModelIntegratedComponent:63 - No mode defined for component null
2025-05-14 18:27:39,519 [WARN] ModelIntegratedComponent:63 - No mode defined for component null
2025-05-14 18:27:39,519 [WARN] ModelIntegratedComponent:63 - No mode defined for component null
2025-05-14 18:27:39,519 [WARN] ModelIntegratedComponent:63 - No mode defined for component null
2025-05-14 18:27:39,519 [WARN] ModelIntegratedComponent:63 - No mode defined for component null
2025-05-14 18:27:39,519 [WARN] ModelIntegratedComponent:63 - No mode defined for component null
2025-05-14 18:27:39,519 [WARN] ModelIntegratedComponent:63 - No mode defined for component null
2025-05-14 18:27:39,519 [WARN] ModelIntegratedComponent:63 - No mode defined for component null
2025-05-14 18:27:39,519 [WARN] ModelIntegratedComponent:63 - No mode defined for component null
2025-05-14 18:27:39,519 [WARN] ModelIntegratedComponent:63 - No mode defined for component null
2025-05-14 18:27:39,519 [WARN] ModelIntegratedComponent:63 - No mode defined for component null
2025-05-14 18:27:39,519 [WARN] ModelIntegratedComponent:63 - No mode defined for component null
2025-05-14 18:27:39,519 [WARN] ModelIntegratedComponent:63 - No mode defined for component null
2025-05-14 18:27:39,519 [WARN] ModelIntegratedComponent:63 - No mode defined for component null
2025-05-14 18:27:39,519 [WARN] ModelIntegratedComponent:63 - No mode defined for component null
2025-05-14 18:27:39,519 [WARN] ModelIntegratedComponent:63 - No mode defined for component null
2025-05-14 18:27:39,519 [WARN] ModelIntegratedComponent:63 - No mode defined for component null
2025-05-14 18:27:39,519 [WARN] ModelIntegratedComponent:63 - No mode defined for component null
2025-05-14 18:27:39,519 [WARN] ModelIntegratedComponent:63 - No mode defined for component null
2025-05-14 18:27:39,519 [WARN] ModelIntegratedComponent:63 - No mode defined for component null
2025-05-14 18:27:39,519 [WARN] ModelIntegratedComponent:63 - No mode defined for component null
2025-05-14 18:27:39,519 [WARN] ModelIntegratedComponent:63 - No mode defined for component null
2025-05-14 18:27:39,519 [WARN] ModelIntegratedComponent:63 - No mode defined for component null
2025-05-14 18:27:39,519 [WARN] ModelIntegratedComponent:63 - No mode defined for component null
2025-05-14 18:27:39,519 [WARN] ModelPack:524 - Component already loaded: STMicroelectronics:HAL Drivers:0.0.0:STMicroelectronics:Device:STMicro_Driver:XSPI:HAL::0.0.1:HAL_XSPI
2025-05-14 18:27:39,639 [INFO] ThirdPartyModel:298 - Start build external matchings
2025-05-14 18:27:40,255 [INFO] ThirdPartyModel:316 - End build external matchings
2025-05-14 18:27:40,275 [INFO] ImportTextPane:218 - (OptionalMessage_ERROR) IP (ADC1) : Parameter (CommonPathInternal) has invalid value (null|null|null|null)
2025-05-14 18:27:40,276 [INFO] ImportTextPane:218 - (OptionalMessage_ERROR) IP (RCC) : Invalid parameter (FamilyName)
2025-05-14 18:27:40,276 [INFO] ImportTextPane:218 - (OptionalMessage_ERROR) IP (RCC) : Parameter (RNGFreq_Value) has invalid value (170000000)
2025-05-14 18:27:40,276 [INFO] ImportTextPane:218 - (OptionalMessage_ERROR) IP (RCC) : Parameter (USBFreq_Value) has invalid value (170000000)
2025-05-14 18:27:40,614 [INFO] ApiDb:581 - Connected to CubeFinder SQLite database (C:\Users\Miloush\.stmcufinder\plugins\mcufinder\mcu\cube-finder-db.db)
2025-05-14 18:27:40,674 [INFO] ApiDb:668 - CubeFinder database Data Model version=2.1
2025-05-14 18:27:40,674 [INFO] ApiDb:669 - CubeFinder database Configuration version=3.0.39
2025-05-14 18:27:40,674 [INFO] ApiDb:670 - CubeFinder database generation date=2025-04-23 (1745419778)
2025-05-14 18:27:40,675 [INFO] ApiDb:671 - CubeFinder database FW Pack versions=[FP-ATR-ASTRA1_V2.0.0, FP-SNS-FLIGHT1_V5.1.0, FP-SNS-MOTENV1_V5.0.0, FP-SNS-MOTENVWB1_V1.4.0, FP-SNS-SMARTAG2_V1.2.0, FP-SNS-STBOX1_V2.0.0, STM32Cube_FW_C0_V1.4.0, STM32Cube_FW_F4_V1.28.1, STM32Cube_FW_F7_V1.17.2, STM32Cube_FW_G0_V1.6.2, STM32Cube_FW_G4_V1.6.1, STM32Cube_FW_H5_V1.5.0, STM32Cube_FW_H7RS_V1.2.0, STM32Cube_FW_H7_V1.12.1, STM32Cube_FW_L0_V1.12.2, STM32Cube_FW_L4_V1.18.1, STM32Cube_FW_L5_V1.5.1, STM32Cube_FW_N6_V1.1.1, STM32Cube_FW_U0_V1.2.0, STM32Cube_FW_U3_V1.1.0, STM32Cube_FW_U5_V1.7.0, STM32Cube_FW_WB0_V1.2.0, STM32Cube_FW_WBA_V1.6.0, STM32Cube_FW_WB_V1.22.0, STM32Cube_FW_WL3_V1.1.0, STM32Cube_FW_WL_V1.3.1, X-CUBE-ALGOBUILD_V1.4.0, X-CUBE-ALS_V1.0.2, X-CUBE-AZRTOS-F4_V1.1.0, X-CUBE-AZRTOS-F7_V1.1.0, X-CUBE-AZRTOS-G0_V1.1.0, X-CUBE-AZRTOS-G4_V2.0.0, X-CUBE-AZRTOS-H7RS_V1.1.0, X-CUBE-AZRTOS-H7_V3.3.0, X-CUBE-AZRTOS-L4_V2.0.0, X-CUBE-AZRTOS-L5_V2.0.0, X-CUBE-AZRTOS-WB_V2.0.0, X-CUBE-AZRTOS-WL_V2.0.0, X-CUBE-BLE1_V7.1.0, X-CUBE-BLE2_V3.3.0, X-CUBE-BLEMGR_V4.0.0, X-CUBE-EEPRMA1_V5.1.0, X-CUBE-FREERTOS_V1.3.0, X-CUBE-GNSS1_V6.0.0, X-CUBE-MEMS1_V11.2.0, X-CUBE-NFC4_V3.0.0, X-CUBE-NFC7_V1.0.1, X-CUBE-SFXS2LP1_V4.0.0, X-CUBE-SUBG2_V5.0.0, X-CUBE-TOF1_V3.4.3]
2025-05-14 18:27:40,764 [INFO] DbBoardsSqlite:226 - include board P-NUCLEO-WB55-NUCLEO as a kit item of type 'Nucleo-64'
2025-05-14 18:27:40,765 [INFO] DbBoardsSqlite:226 - include board P-NUCLEO-WB55-USBDONGLE as a kit item of type 'Nucleo USB Dongle'
2025-05-14 18:27:40,765 [INFO] DbBoardsSqlite:226 - include board STEVAL-IDP005V1 as a kit item of type 'Evaluation Board'
2025-05-14 18:27:40,766 [INFO] DbBoardsSqlite:226 - include board STEVAL-IDP005V2 as a kit item of type 'Evaluation Board'
2025-05-14 18:27:41,150 [INFO] ApiDb:240 - Found 858 in-development CPN: [B-G473E-ZEST1S, B-WB1M-WPAN1, B-WBA5M-WPAN, B-WL5M-SUBG1, NUCLEO-C031C6, NUCLEO-C051C8, NUCLEO-C071RB, NUCLEO-C092RC, NUCLEO-H503RB, NUCLEO-H533RE, NUCLEO-H563ZI, NUCLEO-H7S3L8, NUCLEO-N657X0-Q, NUCLEO-U031R8, NUCLEO-U083RC, NUCLEO-U385RG-Q, NUCLEO-U545RE-Q, NUCLEO-U5A5ZJ-Q, NUCLEO-WB05KZ, NUCLEO-WB07CC, NUCLEO-WB09KE, NUCLEO-WBA52CG, NUCLEO-WBA55CG, NUCLEO-WL33CC1, NUCLEO-WL33CC2, STEVAL-PROTEUS1, STEVAL-SMARTAG2, STEVAL-STWINBX1, STM320518-EVAL, STM32C0116-DK, STM32C011D6Y3TR, STM32C011D6Y6TR, STM32C011F4P3, STM32C011F4P6, STM32C011F4U3, STM32C011F4U6TR, STM32C011F6P3, STM32C011F6P6, STM32C011F6U3, STM32C011F6U6TR, STM32C011J4M3, STM32C011J4M6, STM32C011J6M3, STM32C011J6M6, STM32C0316-DK, STM32C031C4T3, STM32C031C4T6, STM32C031C4U3, STM32C031C4U6, STM32C031C6T3, STM32C031C6T6, STM32C031C6U3, STM32C031C6U6, STM32C031F4P3, STM32C031F4P6, STM32C031F6P3, STM32C031F6P6, STM32C031G4U3, STM32C031G4U6, STM32C031G6U3, STM32C031G6U6, STM32C031K4T3, STM32C031K4T6, STM32C031K4U3, STM32C031K4U6, STM32C031K6T3, STM32C031K6T6, STM32C031K6U3, STM32C031K6U6, STM32C051C6T6, STM32C051C6U6, STM32C051C8T6, STM32C051C8U6, STM32C051D8Y6TR, STM32C051F6P6, STM32C051F8P6, STM32C051G6U6, STM32C051G8U6, STM32C051K6T6, STM32C051K6U6, STM32C051K8T6, STM32C071C8T6, STM32C071C8T6N, STM32C071C8U6, STM32C071C8U6N, STM32C071CBT6, STM32C071CBT6N, STM32C071CBU6, STM32C071CBU6N, STM32C071F8P6, STM32C071F8P6N, STM32C071FBP6, STM32C071FBP6N, STM32C071FBY6TR, STM32C071G8U6, STM32C071G8U6N, STM32C071GBU6, STM32C071GBU6N, STM32C071K8T6, STM32C071K8T6N, STM32C071K8U6, STM32C071K8U6N, STM32C071KBT6, STM32C071KBT6N, STM32C071KBU6, STM32C071KBU6N, STM32C071R8T6, STM32C071R8T6N, STM32C071RBI6N, STM32C071RBT6, STM32C071RBT6N, STM32C091CBT6, STM32C091CBU6, STM32C091CCT6, STM32C091CCU6, STM32C091ECY6TR, STM32C091FBP6, STM32C091FCP6, STM32C091GBU6, STM32C091GCU6, STM32C091KBT6, STM32C091KBU6, STM32C091KCT6, STM32C091KCU6, STM32C091RBT6, STM32C091RCI6, STM32C091RCT6, STM32C092CBT6, STM32C092CBU6, STM32C092CCT6, STM32C092CCU6, STM32C092ECY6TR, STM32C092FBP6, STM32C092FCP6, STM32C092GBU6, STM32C092GCU6, STM32C092KBT6, STM32C092KBU6, STM32C092KCT6, STM32C092KCU6, STM32C092RBT6, STM32C092RCI6, STM32C092RCT6, STM32G071K8TXN, STM32G071K8UXN, STM32G081GBU6N, STM32G081KBT6N, STM32G081KBUXN, STM32G0B1CCT6N, STM32G0B1KCT6, STM32G0B1NEY6TR, STM32G0B1RCT6N, STM32G0C1CCT6, STM32G0C1CCT6N, STM32G0C1CCU6N, STM32G0C1CET6N, STM32G0C1CEU6N, STM32G0C1KCT6, STM32G0C1NEY6TR, STM32G0C1RCI6N, STM32G0C1RCT6N, STM32G0C1REI6N, STM32G0C1RET6N, STM32G0C1VCI6, STM32G0C1VEI6, STM32G411C6T3, STM32G411C6T6, STM32G411C6U3, STM32G411C6U6, STM32G411C8T3, STM32G411C8T6, STM32G411C8U3, STM32G411C8U6, STM32G411CBT3, STM32G411CBT6, STM32G411CBU3, STM32G411CBU6, STM32G411CCT3, STM32G411CCT6, STM32G411CCU3, STM32G411CCU6, STM32G411K6T3, STM32G411K6T6, STM32G411K6U3, STM32G411K6U6, STM32G411K8T3, STM32G411K8T6, STM32G411K8U3, STM32G411K8U6, STM32G411KBT3, STM32G411KBT6, STM32G411KBU3, STM32G411KBU6, STM32G411M6T3, STM32G411M6T6, STM32G411M8T3, STM32G411M8T6, STM32G411MBT3, STM32G411MBT6, STM32G411MCT3, STM32G411MCT6, STM32G411R6T3, STM32G411R6T6, STM32G411R8T3, STM32G411R8T6, STM32G411RBT3, STM32G411RBT6, STM32G411RCT3, STM32G411RCT6, STM32G414CBT3, STM32G414CBT6, STM32G414CBU3, STM32G414CBU6, STM32G414CCT3, STM32G414CCT6, STM32G414CCU3, STM32G414CCU6, STM32G414MBT3, STM32G414MBT6, STM32G414MCT3, STM32G414MCT6, STM32G414RBT3, STM32G414RBT6, STM32G414RCT3, STM32G414RCT6, STM32G414VBT3, STM32G414VBT6, STM32G414VCT3, STM32G414VCT6, STM32G431CBT3Z, STM32G431RBT3Z, STM32G471CCT6, STM32G471CCU6, STM32G471CET3, STM32G471CET6, STM32G471CEU3, STM32G471CEU6, STM32G471MCT6, STM32G471MET3, STM32G471MET6, STM32G471MEY6TR, STM32G471QCT6, STM32G471QET3, STM32G471RCT6, STM32G471RET3, STM32G471RET6, STM32G471VCH6, STM32G471VCI6, STM32G471VCT6, STM32G471VEH3, STM32G471VEH6, STM32G471VEI3, STM32G471VEI6, STM32G471VET3, STM32G471VET6, STM32G473QET3Z, STM32G473RET3Z, STM32G474CCT6, STM32G491RET3Z, STM32H503CBT6, STM32H503CBU6, STM32H503EBY6TR, STM32H503KBU6, STM32H503RBT6, STM32H523CCT6, STM32H523CCU6, STM32H523CET6, STM32H523CEU6, STM32H523HEY6TR, STM32H523RCT6, STM32H523RET6, STM32H523VCI6, STM32H523VCT6, STM32H523VEI6, STM32H523VET6, STM32H523ZCJ6, STM32H523ZCT6, STM32H523ZEJ6, STM32H523ZET6, STM32H533CET6, STM32H533CEU6, STM32H533HEY6TR, STM32H533RET6, STM32H533VEI6, STM32H533VET6, STM32H533ZEJ6, STM32H533ZET6, STM32H562AGI6, STM32H562AII6, STM32H562IGK6, STM32H562IGT6, STM32H562IIK6, STM32H562IIT6, STM32H562RGT6, STM32H562RGV6, STM32H562RIT6, STM32H562RIV6, STM32H562VGT6, STM32H562VIT6, STM32H562ZGT6, STM32H562ZIT6, STM32H563AGI6, STM32H563AII3Q, STM32H563AII6, STM32H563IGK6, STM32H563IGT6, STM32H563IIK3Q, STM32H563IIK6, STM32H563IIT3Q, STM32H563IIT6, STM32H563MIY3QTR, STM32H563RGT6, STM32H563RGV6, STM32H563RIT6, STM32H563RIV6, STM32H563VGT6, STM32H563VIT3Q, STM32H563VIT6, STM32H563ZGT6, STM32H563ZIT3Q, STM32H563ZIT6, STM32H573AII3Q, STM32H573AII6, STM32H573I-DK, STM32H573IIK3Q, STM32H573IIK6, STM32H573IIT3Q, STM32H573IIT6, STM32H573MIY3QTR, STM32H573RIT6, STM32H573RIV6, STM32H573VIT3Q, STM32H573VIT6, STM32H573ZIT3Q, STM32H573ZIT6, STM32H7R3A8I6, STM32H7R3I8K6, STM32H7R3I8T6, STM32H7R3L8H6, STM32H7R3L8H6H, STM32H7R3R8V6, STM32H7R3V8H6, STM32H7R3V8T6, STM32H7R3V8Y6TR, STM32H7R3Z8J6, STM32H7R3Z8T6, STM32H7R7A8I6, STM32H7R7I8K6, STM32H7R7I8T6, STM32H7R7L8H6, STM32H7R7L8H6H, STM32H7R7Z8J6, STM32H7S3A8I6, STM32H7S3I8K6, STM32H7S3I8T6, STM32H7S3L8H6, STM32H7S3L8H6H, STM32H7S3R8V6, STM32H7S3V8H6, STM32H7S3V8T6, STM32H7S3V8Y6TR, STM32H7S3Z8J6, STM32H7S3Z8T6, STM32H7S78-DK, STM32H7S7A8I6, STM32H7S7I8K6, STM32H7S7I8T6, STM32H7S7L8H6, STM32H7S7L8H6H, STM32H7S7Z8J6, STM32L4R5QGI6STR, STM32MP131AAE3, STM32MP131AAF3, STM32MP131AAG3, STM32MP131CAE3, STM32MP131CAF3, STM32MP131CAG3, STM32MP131DAE7, STM32MP131DAF7, STM32MP131DAG7, STM32MP131FAE7, STM32MP131FAF7, STM32MP131FAG7, STM32MP133AAE3, STM32MP133AAF3, STM32MP133AAG3, STM32MP133CAE3, STM32MP133CAF3, STM32MP133CAG3, STM32MP133DAE7, STM32MP133DAF7, STM32MP133DAG7, STM32MP133FAE7, STM32MP133FAF7, STM32MP133FAG7, STM32MP135AAE3, STM32MP135AAF3, STM32MP135AAG3, STM32MP135CAE3, STM32MP135CAF3, STM32MP135CAG3, STM32MP135DAE7, STM32MP135DAF7, STM32MP135DAG7, STM32MP135F-DK, STM32MP135FAE7, STM32MP135FAF7, STM32MP135FAF7T, STM32MP135FAF7U, STM32MP135FAG7, STM32MP231AAJ3, STM32MP231AAK3, STM32MP231AAL3, STM32MP231CAJ3, STM32MP231CAK3, STM32MP231CAL3, STM32MP231DAJ3, STM32MP231DAK3, STM32MP231DAL3, STM32MP231FAJ3, STM32MP231FAK3, STM32MP231FAL3, STM32MP233AAJ3, STM32MP233AAK3, STM32MP233AAL3, STM32MP233CAJ3, STM32MP233CAK3, STM32MP233CAL3, STM32MP233DAJ3, STM32MP233DAK3, STM32MP233DAL3, STM32MP233FAJ3, STM32MP233FAK3, STM32MP233FAL3, STM32MP235AAJ3, STM32MP235AAK3, STM32MP235AAL3, STM32MP235CAJ3, STM32MP235CAK3, STM32MP235CAL3, STM32MP235DAJ3, STM32MP235DAK3, STM32MP235DAL3, STM32MP235FAJ3, STM32MP235FAK3, STM32MP235FAL3, STM32MP251AAI3, STM32MP251AAJ3, STM32MP251AAK3, STM32MP251AAL3, STM32MP251CAI3, STM32MP251CAJ3, STM32MP251CAK3, STM32MP251CAL3, STM32MP251DAI3, STM32MP251DAJ3, STM32MP251DAK3, STM32MP251DAL3, STM32MP251FAI3, STM32MP251FAJ3, STM32MP251FAK3, STM32MP251FAL3, STM32MP253AAI3, STM32MP253AAJ3, STM32MP253AAK3, STM32MP253AAL3, STM32MP253CAI3, STM32MP253CAJ3, STM32MP253CAK3, STM32MP253CAL3, STM32MP253DAI3, STM32MP253DAJ3, STM32MP253DAK3, STM32MP253DAL3, STM32MP253FAI3, STM32MP253FAJ3, STM32MP253FAK3, STM32MP253FAL3, STM32MP255AAI3, STM32MP255AAJ3, STM32MP255AAK3, STM32MP255AAL3, STM32MP255CAI3, STM32MP255CAJ3, STM32MP255CAK3, STM32MP255CAL3, STM32MP255DAI3, STM32MP255DAJ3, STM32MP255DAK3, STM32MP255DAL3, STM32MP255FAI3, STM32MP255FAJ3, STM32MP255FAK3, STM32MP255FAL3, STM32MP257AAI3, STM32MP257AAJ3, STM32MP257AAK3, STM32MP257AAL3, STM32MP257CAI3, STM32MP257CAJ3, STM32MP257CAK3, STM32MP257CAL3, STM32MP257DAI3, STM32MP257DAJ3, STM32MP257DAK3, STM32MP257DAL3, STM32MP257F-DK, STM32MP257F-EV1, STM32MP257FAI3, STM32MP257FAJ3, STM32MP257FAK3, STM32MP257FAL3, STM32N645A0H3Q, STM32N645B0H3Q, STM32N645I0H3Q, STM32N645L0H3Q, STM32N645X0H3Q, STM32N645Z0H3Q, STM32N647A0H3Q, STM32N647B0H3Q, STM32N647I0H3Q, STM32N647L0H3Q, STM32N647X0H3Q, STM32N647Z0H3Q, STM32N655A0H3Q, STM32N655B0H3Q, STM32N655I0H3Q, STM32N655L0H3Q, STM32N655X0H3Q, STM32N655Z0H3Q, STM32N6570-DK, STM32N657A0H3Q, STM32N657B0H3Q, STM32N657I0H3Q, STM32N657L0H3Q, STM32N657X0H3Q, STM32N657Z0H3Q, STM32U031C6T6, STM32U031C6U6, STM32U031C8T6, STM32U031C8U6, STM32U031F4P6, STM32U031F6P6, STM32U031F8P6, STM32U031G6Y6TR, STM32U031G8Y6TR, STM32U031K4U6, STM32U031K6U6, STM32U031K8U6, STM32U031R6I6, STM32U031R6T6, STM32U031R8I6, STM32U031R8T6, STM32U073C8T6, STM32U073C8U6, STM32U073CBT6, STM32U073CBU6, STM32U073CCT6, STM32U073CCU6, STM32U073H8Y6TR, STM32U073HBY6TR, STM32U073HCY6TR, STM32U073K8U6, STM32U073KBU6, STM32U073KCU6, STM32U073M8I6, STM32U073M8T6, STM32U073MBI6, STM32U073MBT6, STM32U073MCI6, STM32U073MCT6, STM32U073R8I6, STM32U073R8T6, STM32U073RBI6, STM32U073RBT6, STM32U073RCI6, STM32U073RCT6, STM32U083C-DK, STM32U083CCT6, STM32U083CCU6, STM32U083HCY6TR, STM32U083KCU6, STM32U083MCI6, STM32U083MCT6, STM32U083RCI6, STM32U083RCT6, STM32U375CET6, STM32U375CET6Q, STM32U375CEU6, STM32U375CEU6Q, STM32U375CEY6QTR, STM32U375CGT6, STM32U375CGT6Q, STM32U375CGU6, STM32U375CGU6Q, STM32U375CGY6QTR, STM32U375KEU6, STM32U375KGU6, STM32U375REI6, STM32U375REI6Q, STM32U375RET6, STM32U375RET6Q, STM32U375REY6GTR, STM32U375REY6QTR, STM32U375RGI6, STM32U375RGI6Q, STM32U375RGT6, STM32U375RGT6Q, STM32U375RGY6GTR, STM32U375RGY6QTR, STM32U375VEI6, STM32U375VEI6Q, STM32U375VET6, STM32U375VET6Q, STM32U375VGI6, STM32U375VGI6Q, STM32U375VGT6, STM32U375VGT6Q, STM32U385CGT6, STM32U385CGT6Q, STM32U385CGU6, STM32U385CGU6Q, STM32U385CGY6QTR, STM32U385KGU6, STM32U385RGI6, STM32U385RGI6Q, STM32U385RGT6, STM32U385RGT6Q, STM32U385RGY6GTR, STM32U385RGY6QTR, STM32U385VGI6, STM32U385VGI6Q, STM32U385VGT6, STM32U385VGT6Q, STM32U535CBT6, STM32U535CBT6Q, STM32U535CBU6, STM32U535CBU6Q, STM32U535CCT6, STM32U535CCT6Q, STM32U535CCU6, STM32U535CCU6Q, STM32U535CET6, STM32U535CET6Q, STM32U535CEU6, STM32U535CEU6Q, STM32U535JEY6QTR, STM32U535NCY6QTR, STM32U535NEY6QTR, STM32U535RBI6, STM32U535RBI6Q, STM32U535RBT6, STM32U535RBT6Q, STM32U535RCI6, STM32U535RCI6Q, STM32U535RCT6, STM32U535RCT6Q, STM32U535REI6, STM32U535REI6Q, STM32U535RET6, STM32U535RET6Q, STM32U535VCI6, STM32U535VCI6Q, STM32U535VCT6, STM32U535VCT6Q, STM32U535VEI6, STM32U535VEI6Q, STM32U535VET6, STM32U535VET6Q, STM32U545CET6, STM32U545CET6Q, STM32U545CEU6, STM32U545CEU6Q, STM32U545JEY6QTR, STM32U545NEY6QTR, STM32U545REI6, STM32U545REI6Q, STM32U545RET6, STM32U545RET6Q, STM32U545VEI6, STM32U545VEI6Q, STM32U545VET6, STM32U545VET6Q, STM32U595AIH6, STM32U595AIH6Q, STM32U595AJH6, STM32U595AJH6Q, STM32U595QII6, STM32U595QII6Q, STM32U595QJI6, STM32U595QJI6Q, STM32U595RIT6, STM32U595RIT6Q, STM32U595RJT6, STM32U595RJT6Q, STM32U595VIT6, STM32U595VIT6Q, STM32U595VJT6, STM32U595VJT6Q, STM32U595ZIT6, STM32U595ZIT6Q, STM32U595ZIY6QTR, STM32U595ZJT6, STM32U595ZJT6Q, STM32U595ZJY6QTR, STM32U599BJY6QTR, STM32U599NIH6Q, STM32U599NJH6Q, STM32U599VIT6Q, STM32U599VJT6, STM32U599VJT6Q, STM32U599ZIT6Q, STM32U599ZIY6QTR, STM32U599ZJT6Q, STM32U599ZJY6QTR, STM32U5A5AJH6, STM32U5A5AJH6Q, STM32U5A5QII3Q , STM32U5A5QJI6, STM32U5A5QJI6Q, STM32U5A5RJT6, STM32U5A5RJT6Q, STM32U5A5VJT6, STM32U5A5VJT6Q, STM32U5A5ZJT6, STM32U5A5ZJT6Q, STM32U5A5ZJY6QTR, STM32U5A9BJY6QTR, STM32U5A9J-DK, STM32U5A9NJH6Q, STM32U5A9VJT6Q, STM32U5A9ZJT6Q, STM32U5A9ZJY6QTR, STM32U5F7VIT6, STM32U5F7VIT6Q, STM32U5F7VJT6, STM32U5F7VJT6Q, STM32U5F9BJY6QTR, STM32U5F9NJH6Q, STM32U5F9VIT6Q, STM32U5F9VJT6Q, STM32U5F9ZIJ6QTR, STM32U5F9ZIT6Q, STM32U5F9ZJJ6QTR, STM32U5F9ZJT6Q, STM32U5G7VJT6, STM32U5G7VJT6Q, STM32U5G9BJY6QTR, STM32U5G9J-DK1, STM32U5G9J-DK2, STM32U5G9NJH6Q, STM32U5G9VJT6Q, STM32U5G9ZJJ6QTR, STM32U5G9ZJT6Q, STM32WB05KZV6TR, STM32WB05KZV7TR, STM32WB05TZF6TR, STM32WB05TZF7TR, STM32WB06CCF6TR, STM32WB06CCF7TR, STM32WB06CCV6TR, STM32WB06CCV7TR, STM32WB06KCV6TR, STM32WB06KCV7TR, STM32WB07CCF6TR, STM32WB07CCF7TR, STM32WB07CCV6TR, STM32WB07CCV7TR, STM32WB07KCV6TR, STM32WB07KCV7TR, STM32WB09KEV6TR, STM32WB09KEV7TR, STM32WB09TEF6TR, STM32WB09TEF7TR, STM32WB1MMCH6, STM32WBA50KGU6, STM32WBA50KGU6TR, STM32WBA52CEU6, STM32WBA52CEU6TR, STM32WBA52CEU7, STM32WBA52CEU7TR, STM32WBA52CGU6, STM32WBA52CGU6TR, STM32WBA52CGU6U, STM32WBA52CGU7, STM32WBA52CGU7TR, STM32WBA52KEU6, STM32WBA52KEU6TR, STM32WBA52KGU6, STM32WBA52KGU6TR, STM32WBA54CEU6, STM32WBA54CEU6TR, STM32WBA54CEU7, STM32WBA54CEU7TR, STM32WBA54CGU6, STM32WBA54CGU6TR, STM32WBA54CGU7, STM32WBA54CGU7TR, STM32WBA54KEU6, STM32WBA54KEU6TR, STM32WBA54KEU7, STM32WBA54KEU7TR, STM32WBA54KGU6, STM32WBA54KGU6TR, STM32WBA54KGU7, STM32WBA54KGU7TR, STM32WBA55CEU6, STM32WBA55CEU6TR, STM32WBA55CEU7, STM32WBA55CEU7TR, STM32WBA55CGU6, STM32WBA55CGU6TR, STM32WBA55CGU6U, STM32WBA55CGU7, STM32WBA55CGU7TR, STM32WBA55G-DK1, STM32WBA55HEF6, STM32WBA55HEF7, STM32WBA55HGF6, STM32WBA55HGF7, STM32WBA55UEI6, STM32WBA55UEI6TR, STM32WBA55UEI7, STM32WBA55UEI7TR, STM32WBA55UGI6, STM32WBA55UGI6TR, STM32WBA55UGI7, STM32WBA55UGI7TR, STM32WBA5MJGH6TR, STM32WBA5MJGH6U, STM32WL33C8V6, STM32WL33C8V6TR, STM32WL33C8V7, STM32WL33C8V7TR, STM32WL33CBV6, STM32WL33CBV6TR, STM32WL33CBV7, STM32WL33CBV7TR, STM32WL33CCV6, STM32WL33CCV6TR, STM32WL33CCV7, STM32WL33CCV7A, STM32WL33CCV7ATR, STM32WL33CCV7TR, STM32WL33K8V6, STM32WL33K8V6TR, STM32WL33K8V7, STM32WL33K8V7TR, STM32WL33KBV6, STM32WL33KBV6TR, STM32WL33KBV7, STM32WL33KBV7TR, STM32WL33KCV6, STM32WL33KCV6TR, STM32WL33KCV7, STM32WL33KCV7TR, STM32WL5MOCH6, STM32WL5MOCH6TR]
2025-05-14 18:27:41,294 [INFO] BoardInfo:889 - No configuration file found for board NUCLEO-WBA65RI
2025-05-14 18:27:41,295 [INFO] DbBoards:161 - Board is not supported: NUCLEO-WBA65RI
2025-05-14 18:27:41,304 [INFO] BoardInfo:889 - No configuration file found for board P-NUCLEO-WB55
2025-05-14 18:27:41,305 [INFO] DbBoards:161 - Kit is not supported: P-NUCLEO-WB55
2025-05-14 18:27:41,310 [INFO] BoardInfo:889 - No configuration file found for board STEVAL-BFA001V1B
2025-05-14 18:27:41,311 [INFO] DbBoards:161 - Kit is not supported: STEVAL-BFA001V1B
2025-05-14 18:27:41,312 [INFO] BoardInfo:889 - No configuration file found for board STEVAL-BFA001V2B
2025-05-14 18:27:41,313 [INFO] DbBoards:161 - Kit is not supported: STEVAL-BFA001V2B
2025-05-14 18:27:41,467 [INFO] BoardInfo:889 - No configuration file found for board STM32WBA65I-DK1
2025-05-14 18:27:41,468 [INFO] DbBoards:161 - Board is not supported: STM32WBA65I-DK1
2025-05-14 18:27:41,468 [INFO] DbBoards:168 - Found 211 boards, 206 are supported
2025-05-14 18:27:41,468 [INFO] DbBoards:169 - Found 211 boards, 42 of them is supported for  Bsp
2025-05-14 18:27:41,470 [INFO] ApiDb:668 - CubeFinder database Data Model version=2.1
2025-05-14 18:27:41,470 [INFO] ApiDb:669 - CubeFinder database Configuration version=3.0.39
2025-05-14 18:27:41,470 [INFO] ApiDb:670 - CubeFinder database generation date=2025-04-23 (1745419778)
2025-05-14 18:27:41,470 [INFO] ApiDb:671 - CubeFinder database FW Pack versions=[FP-ATR-ASTRA1_V2.0.0, FP-SNS-FLIGHT1_V5.1.0, FP-SNS-MOTENV1_V5.0.0, FP-SNS-MOTENVWB1_V1.4.0, FP-SNS-SMARTAG2_V1.2.0, FP-SNS-STBOX1_V2.0.0, STM32Cube_FW_C0_V1.4.0, STM32Cube_FW_F4_V1.28.1, STM32Cube_FW_F7_V1.17.2, STM32Cube_FW_G0_V1.6.2, STM32Cube_FW_G4_V1.6.1, STM32Cube_FW_H5_V1.5.0, STM32Cube_FW_H7RS_V1.2.0, STM32Cube_FW_H7_V1.12.1, STM32Cube_FW_L0_V1.12.2, STM32Cube_FW_L4_V1.18.1, STM32Cube_FW_L5_V1.5.1, STM32Cube_FW_N6_V1.1.1, STM32Cube_FW_U0_V1.2.0, STM32Cube_FW_U3_V1.1.0, STM32Cube_FW_U5_V1.7.0, STM32Cube_FW_WB0_V1.2.0, STM32Cube_FW_WBA_V1.6.0, STM32Cube_FW_WB_V1.22.0, STM32Cube_FW_WL3_V1.1.0, STM32Cube_FW_WL_V1.3.1, X-CUBE-ALGOBUILD_V1.4.0, X-CUBE-ALS_V1.0.2, X-CUBE-AZRTOS-F4_V1.1.0, X-CUBE-AZRTOS-F7_V1.1.0, X-CUBE-AZRTOS-G0_V1.1.0, X-CUBE-AZRTOS-G4_V2.0.0, X-CUBE-AZRTOS-H7RS_V1.1.0, X-CUBE-AZRTOS-H7_V3.3.0, X-CUBE-AZRTOS-L4_V2.0.0, X-CUBE-AZRTOS-L5_V2.0.0, X-CUBE-AZRTOS-WB_V2.0.0, X-CUBE-AZRTOS-WL_V2.0.0, X-CUBE-BLE1_V7.1.0, X-CUBE-BLE2_V3.3.0, X-CUBE-BLEMGR_V4.0.0, X-CUBE-EEPRMA1_V5.1.0, X-CUBE-FREERTOS_V1.3.0, X-CUBE-GNSS1_V6.0.0, X-CUBE-MEMS1_V11.2.0, X-CUBE-NFC4_V3.0.0, X-CUBE-NFC7_V1.0.1, X-CUBE-SFXS2LP1_V4.0.0, X-CUBE-SUBG2_V5.0.0, X-CUBE-TOF1_V3.4.3]
2025-05-14 18:27:43,017 [INFO] ApiDb:240 - Found 858 in-development CPN: [B-G473E-ZEST1S, B-WB1M-WPAN1, B-WBA5M-WPAN, B-WL5M-SUBG1, NUCLEO-C031C6, NUCLEO-C051C8, NUCLEO-C071RB, NUCLEO-C092RC, NUCLEO-H503RB, NUCLEO-H533RE, NUCLEO-H563ZI, NUCLEO-H7S3L8, NUCLEO-N657X0-Q, NUCLEO-U031R8, NUCLEO-U083RC, NUCLEO-U385RG-Q, NUCLEO-U545RE-Q, NUCLEO-U5A5ZJ-Q, NUCLEO-WB05KZ, NUCLEO-WB07CC, NUCLEO-WB09KE, NUCLEO-WBA52CG, NUCLEO-WBA55CG, NUCLEO-WL33CC1, NUCLEO-WL33CC2, STEVAL-PROTEUS1, STEVAL-SMARTAG2, STEVAL-STWINBX1, STM320518-EVAL, STM32C0116-DK, STM32C011D6Y3TR, STM32C011D6Y6TR, STM32C011F4P3, STM32C011F4P6, STM32C011F4U3, STM32C011F4U6TR, STM32C011F6P3, STM32C011F6P6, STM32C011F6U3, STM32C011F6U6TR, STM32C011J4M3, STM32C011J4M6, STM32C011J6M3, STM32C011J6M6, STM32C0316-DK, STM32C031C4T3, STM32C031C4T6, STM32C031C4U3, STM32C031C4U6, STM32C031C6T3, STM32C031C6T6, STM32C031C6U3, STM32C031C6U6, STM32C031F4P3, STM32C031F4P6, STM32C031F6P3, STM32C031F6P6, STM32C031G4U3, STM32C031G4U6, STM32C031G6U3, STM32C031G6U6, STM32C031K4T3, STM32C031K4T6, STM32C031K4U3, STM32C031K4U6, STM32C031K6T3, STM32C031K6T6, STM32C031K6U3, STM32C031K6U6, STM32C051C6T6, STM32C051C6U6, STM32C051C8T6, STM32C051C8U6, STM32C051D8Y6TR, STM32C051F6P6, STM32C051F8P6, STM32C051G6U6, STM32C051G8U6, STM32C051K6T6, STM32C051K6U6, STM32C051K8T6, STM32C071C8T6, STM32C071C8T6N, STM32C071C8U6, STM32C071C8U6N, STM32C071CBT6, STM32C071CBT6N, STM32C071CBU6, STM32C071CBU6N, STM32C071F8P6, STM32C071F8P6N, STM32C071FBP6, STM32C071FBP6N, STM32C071FBY6TR, STM32C071G8U6, STM32C071G8U6N, STM32C071GBU6, STM32C071GBU6N, STM32C071K8T6, STM32C071K8T6N, STM32C071K8U6, STM32C071K8U6N, STM32C071KBT6, STM32C071KBT6N, STM32C071KBU6, STM32C071KBU6N, STM32C071R8T6, STM32C071R8T6N, STM32C071RBI6N, STM32C071RBT6, STM32C071RBT6N, STM32C091CBT6, STM32C091CBU6, STM32C091CCT6, STM32C091CCU6, STM32C091ECY6TR, STM32C091FBP6, STM32C091FCP6, STM32C091GBU6, STM32C091GCU6, STM32C091KBT6, STM32C091KBU6, STM32C091KCT6, STM32C091KCU6, STM32C091RBT6, STM32C091RCI6, STM32C091RCT6, STM32C092CBT6, STM32C092CBU6, STM32C092CCT6, STM32C092CCU6, STM32C092ECY6TR, STM32C092FBP6, STM32C092FCP6, STM32C092GBU6, STM32C092GCU6, STM32C092KBT6, STM32C092KBU6, STM32C092KCT6, STM32C092KCU6, STM32C092RBT6, STM32C092RCI6, STM32C092RCT6, STM32G071K8TXN, STM32G071K8UXN, STM32G081GBU6N, STM32G081KBT6N, STM32G081KBUXN, STM32G0B1CCT6N, STM32G0B1KCT6, STM32G0B1NEY6TR, STM32G0B1RCT6N, STM32G0C1CCT6, STM32G0C1CCT6N, STM32G0C1CCU6N, STM32G0C1CET6N, STM32G0C1CEU6N, STM32G0C1KCT6, STM32G0C1NEY6TR, STM32G0C1RCI6N, STM32G0C1RCT6N, STM32G0C1REI6N, STM32G0C1RET6N, STM32G0C1VCI6, STM32G0C1VEI6, STM32G411C6T3, STM32G411C6T6, STM32G411C6U3, STM32G411C6U6, STM32G411C8T3, STM32G411C8T6, STM32G411C8U3, STM32G411C8U6, STM32G411CBT3, STM32G411CBT6, STM32G411CBU3, STM32G411CBU6, STM32G411CCT3, STM32G411CCT6, STM32G411CCU3, STM32G411CCU6, STM32G411K6T3, STM32G411K6T6, STM32G411K6U3, STM32G411K6U6, STM32G411K8T3, STM32G411K8T6, STM32G411K8U3, STM32G411K8U6, STM32G411KBT3, STM32G411KBT6, STM32G411KBU3, STM32G411KBU6, STM32G411M6T3, STM32G411M6T6, STM32G411M8T3, STM32G411M8T6, STM32G411MBT3, STM32G411MBT6, STM32G411MCT3, STM32G411MCT6, STM32G411R6T3, STM32G411R6T6, STM32G411R8T3, STM32G411R8T6, STM32G411RBT3, STM32G411RBT6, STM32G411RCT3, STM32G411RCT6, STM32G414CBT3, STM32G414CBT6, STM32G414CBU3, STM32G414CBU6, STM32G414CCT3, STM32G414CCT6, STM32G414CCU3, STM32G414CCU6, STM32G414MBT3, STM32G414MBT6, STM32G414MCT3, STM32G414MCT6, STM32G414RBT3, STM32G414RBT6, STM32G414RCT3, STM32G414RCT6, STM32G414VBT3, STM32G414VBT6, STM32G414VCT3, STM32G414VCT6, STM32G431CBT3Z, STM32G431RBT3Z, STM32G471CCT6, STM32G471CCU6, STM32G471CET3, STM32G471CET6, STM32G471CEU3, STM32G471CEU6, STM32G471MCT6, STM32G471MET3, STM32G471MET6, STM32G471MEY6TR, STM32G471QCT6, STM32G471QET3, STM32G471RCT6, STM32G471RET3, STM32G471RET6, STM32G471VCH6, STM32G471VCI6, STM32G471VCT6, STM32G471VEH3, STM32G471VEH6, STM32G471VEI3, STM32G471VEI6, STM32G471VET3, STM32G471VET6, STM32G473QET3Z, STM32G473RET3Z, STM32G474CCT6, STM32G491RET3Z, STM32H503CBT6, STM32H503CBU6, STM32H503EBY6TR, STM32H503KBU6, STM32H503RBT6, STM32H523CCT6, STM32H523CCU6, STM32H523CET6, STM32H523CEU6, STM32H523HEY6TR, STM32H523RCT6, STM32H523RET6, STM32H523VCI6, STM32H523VCT6, STM32H523VEI6, STM32H523VET6, STM32H523ZCJ6, STM32H523ZCT6, STM32H523ZEJ6, STM32H523ZET6, STM32H533CET6, STM32H533CEU6, STM32H533HEY6TR, STM32H533RET6, STM32H533VEI6, STM32H533VET6, STM32H533ZEJ6, STM32H533ZET6, STM32H562AGI6, STM32H562AII6, STM32H562IGK6, STM32H562IGT6, STM32H562IIK6, STM32H562IIT6, STM32H562RGT6, STM32H562RGV6, STM32H562RIT6, STM32H562RIV6, STM32H562VGT6, STM32H562VIT6, STM32H562ZGT6, STM32H562ZIT6, STM32H563AGI6, STM32H563AII3Q, STM32H563AII6, STM32H563IGK6, STM32H563IGT6, STM32H563IIK3Q, STM32H563IIK6, STM32H563IIT3Q, STM32H563IIT6, STM32H563MIY3QTR, STM32H563RGT6, STM32H563RGV6, STM32H563RIT6, STM32H563RIV6, STM32H563VGT6, STM32H563VIT3Q, STM32H563VIT6, STM32H563ZGT6, STM32H563ZIT3Q, STM32H563ZIT6, STM32H573AII3Q, STM32H573AII6, STM32H573I-DK, STM32H573IIK3Q, STM32H573IIK6, STM32H573IIT3Q, STM32H573IIT6, STM32H573MIY3QTR, STM32H573RIT6, STM32H573RIV6, STM32H573VIT3Q, STM32H573VIT6, STM32H573ZIT3Q, STM32H573ZIT6, STM32H7R3A8I6, STM32H7R3I8K6, STM32H7R3I8T6, STM32H7R3L8H6, STM32H7R3L8H6H, STM32H7R3R8V6, STM32H7R3V8H6, STM32H7R3V8T6, STM32H7R3V8Y6TR, STM32H7R3Z8J6, STM32H7R3Z8T6, STM32H7R7A8I6, STM32H7R7I8K6, STM32H7R7I8T6, STM32H7R7L8H6, STM32H7R7L8H6H, STM32H7R7Z8J6, STM32H7S3A8I6, STM32H7S3I8K6, STM32H7S3I8T6, STM32H7S3L8H6, STM32H7S3L8H6H, STM32H7S3R8V6, STM32H7S3V8H6, STM32H7S3V8T6, STM32H7S3V8Y6TR, STM32H7S3Z8J6, STM32H7S3Z8T6, STM32H7S78-DK, STM32H7S7A8I6, STM32H7S7I8K6, STM32H7S7I8T6, STM32H7S7L8H6, STM32H7S7L8H6H, STM32H7S7Z8J6, STM32L4R5QGI6STR, STM32MP131AAE3, STM32MP131AAF3, STM32MP131AAG3, STM32MP131CAE3, STM32MP131CAF3, STM32MP131CAG3, STM32MP131DAE7, STM32MP131DAF7, STM32MP131DAG7, STM32MP131FAE7, STM32MP131FAF7, STM32MP131FAG7, STM32MP133AAE3, STM32MP133AAF3, STM32MP133AAG3, STM32MP133CAE3, STM32MP133CAF3, STM32MP133CAG3, STM32MP133DAE7, STM32MP133DAF7, STM32MP133DAG7, STM32MP133FAE7, STM32MP133FAF7, STM32MP133FAG7, STM32MP135AAE3, STM32MP135AAF3, STM32MP135AAG3, STM32MP135CAE3, STM32MP135CAF3, STM32MP135CAG3, STM32MP135DAE7, STM32MP135DAF7, STM32MP135DAG7, STM32MP135F-DK, STM32MP135FAE7, STM32MP135FAF7, STM32MP135FAF7T, STM32MP135FAF7U, STM32MP135FAG7, STM32MP231AAJ3, STM32MP231AAK3, STM32MP231AAL3, STM32MP231CAJ3, STM32MP231CAK3, STM32MP231CAL3, STM32MP231DAJ3, STM32MP231DAK3, STM32MP231DAL3, STM32MP231FAJ3, STM32MP231FAK3, STM32MP231FAL3, STM32MP233AAJ3, STM32MP233AAK3, STM32MP233AAL3, STM32MP233CAJ3, STM32MP233CAK3, STM32MP233CAL3, STM32MP233DAJ3, STM32MP233DAK3, STM32MP233DAL3, STM32MP233FAJ3, STM32MP233FAK3, STM32MP233FAL3, STM32MP235AAJ3, STM32MP235AAK3, STM32MP235AAL3, STM32MP235CAJ3, STM32MP235CAK3, STM32MP235CAL3, STM32MP235DAJ3, STM32MP235DAK3, STM32MP235DAL3, STM32MP235FAJ3, STM32MP235FAK3, STM32MP235FAL3, STM32MP251AAI3, STM32MP251AAJ3, STM32MP251AAK3, STM32MP251AAL3, STM32MP251CAI3, STM32MP251CAJ3, STM32MP251CAK3, STM32MP251CAL3, STM32MP251DAI3, STM32MP251DAJ3, STM32MP251DAK3, STM32MP251DAL3, STM32MP251FAI3, STM32MP251FAJ3, STM32MP251FAK3, STM32MP251FAL3, STM32MP253AAI3, STM32MP253AAJ3, STM32MP253AAK3, STM32MP253AAL3, STM32MP253CAI3, STM32MP253CAJ3, STM32MP253CAK3, STM32MP253CAL3, STM32MP253DAI3, STM32MP253DAJ3, STM32MP253DAK3, STM32MP253DAL3, STM32MP253FAI3, STM32MP253FAJ3, STM32MP253FAK3, STM32MP253FAL3, STM32MP255AAI3, STM32MP255AAJ3, STM32MP255AAK3, STM32MP255AAL3, STM32MP255CAI3, STM32MP255CAJ3, STM32MP255CAK3, STM32MP255CAL3, STM32MP255DAI3, STM32MP255DAJ3, STM32MP255DAK3, STM32MP255DAL3, STM32MP255FAI3, STM32MP255FAJ3, STM32MP255FAK3, STM32MP255FAL3, STM32MP257AAI3, STM32MP257AAJ3, STM32MP257AAK3, STM32MP257AAL3, STM32MP257CAI3, STM32MP257CAJ3, STM32MP257CAK3, STM32MP257CAL3, STM32MP257DAI3, STM32MP257DAJ3, STM32MP257DAK3, STM32MP257DAL3, STM32MP257F-DK, STM32MP257F-EV1, STM32MP257FAI3, STM32MP257FAJ3, STM32MP257FAK3, STM32MP257FAL3, STM32N645A0H3Q, STM32N645B0H3Q, STM32N645I0H3Q, STM32N645L0H3Q, STM32N645X0H3Q, STM32N645Z0H3Q, STM32N647A0H3Q, STM32N647B0H3Q, STM32N647I0H3Q, STM32N647L0H3Q, STM32N647X0H3Q, STM32N647Z0H3Q, STM32N655A0H3Q, STM32N655B0H3Q, STM32N655I0H3Q, STM32N655L0H3Q, STM32N655X0H3Q, STM32N655Z0H3Q, STM32N6570-DK, STM32N657A0H3Q, STM32N657B0H3Q, STM32N657I0H3Q, STM32N657L0H3Q, STM32N657X0H3Q, STM32N657Z0H3Q, STM32U031C6T6, STM32U031C6U6, STM32U031C8T6, STM32U031C8U6, STM32U031F4P6, STM32U031F6P6, STM32U031F8P6, STM32U031G6Y6TR, STM32U031G8Y6TR, STM32U031K4U6, STM32U031K6U6, STM32U031K8U6, STM32U031R6I6, STM32U031R6T6, STM32U031R8I6, STM32U031R8T6, STM32U073C8T6, STM32U073C8U6, STM32U073CBT6, STM32U073CBU6, STM32U073CCT6, STM32U073CCU6, STM32U073H8Y6TR, STM32U073HBY6TR, STM32U073HCY6TR, STM32U073K8U6, STM32U073KBU6, STM32U073KCU6, STM32U073M8I6, STM32U073M8T6, STM32U073MBI6, STM32U073MBT6, STM32U073MCI6, STM32U073MCT6, STM32U073R8I6, STM32U073R8T6, STM32U073RBI6, STM32U073RBT6, STM32U073RCI6, STM32U073RCT6, STM32U083C-DK, STM32U083CCT6, STM32U083CCU6, STM32U083HCY6TR, STM32U083KCU6, STM32U083MCI6, STM32U083MCT6, STM32U083RCI6, STM32U083RCT6, STM32U375CET6, STM32U375CET6Q, STM32U375CEU6, STM32U375CEU6Q, STM32U375CEY6QTR, STM32U375CGT6, STM32U375CGT6Q, STM32U375CGU6, STM32U375CGU6Q, STM32U375CGY6QTR, STM32U375KEU6, STM32U375KGU6, STM32U375REI6, STM32U375REI6Q, STM32U375RET6, STM32U375RET6Q, STM32U375REY6GTR, STM32U375REY6QTR, STM32U375RGI6, STM32U375RGI6Q, STM32U375RGT6, STM32U375RGT6Q, STM32U375RGY6GTR, STM32U375RGY6QTR, STM32U375VEI6, STM32U375VEI6Q, STM32U375VET6, STM32U375VET6Q, STM32U375VGI6, STM32U375VGI6Q, STM32U375VGT6, STM32U375VGT6Q, STM32U385CGT6, STM32U385CGT6Q, STM32U385CGU6, STM32U385CGU6Q, STM32U385CGY6QTR, STM32U385KGU6, STM32U385RGI6, STM32U385RGI6Q, STM32U385RGT6, STM32U385RGT6Q, STM32U385RGY6GTR, STM32U385RGY6QTR, STM32U385VGI6, STM32U385VGI6Q, STM32U385VGT6, STM32U385VGT6Q, STM32U535CBT6, STM32U535CBT6Q, STM32U535CBU6, STM32U535CBU6Q, STM32U535CCT6, STM32U535CCT6Q, STM32U535CCU6, STM32U535CCU6Q, STM32U535CET6, STM32U535CET6Q, STM32U535CEU6, STM32U535CEU6Q, STM32U535JEY6QTR, STM32U535NCY6QTR, STM32U535NEY6QTR, STM32U535RBI6, STM32U535RBI6Q, STM32U535RBT6, STM32U535RBT6Q, STM32U535RCI6, STM32U535RCI6Q, STM32U535RCT6, STM32U535RCT6Q, STM32U535REI6, STM32U535REI6Q, STM32U535RET6, STM32U535RET6Q, STM32U535VCI6, STM32U535VCI6Q, STM32U535VCT6, STM32U535VCT6Q, STM32U535VEI6, STM32U535VEI6Q, STM32U535VET6, STM32U535VET6Q, STM32U545CET6, STM32U545CET6Q, STM32U545CEU6, STM32U545CEU6Q, STM32U545JEY6QTR, STM32U545NEY6QTR, STM32U545REI6, STM32U545REI6Q, STM32U545RET6, STM32U545RET6Q, STM32U545VEI6, STM32U545VEI6Q, STM32U545VET6, STM32U545VET6Q, STM32U595AIH6, STM32U595AIH6Q, STM32U595AJH6, STM32U595AJH6Q, STM32U595QII6, STM32U595QII6Q, STM32U595QJI6, STM32U595QJI6Q, STM32U595RIT6, STM32U595RIT6Q, STM32U595RJT6, STM32U595RJT6Q, STM32U595VIT6, STM32U595VIT6Q, STM32U595VJT6, STM32U595VJT6Q, STM32U595ZIT6, STM32U595ZIT6Q, STM32U595ZIY6QTR, STM32U595ZJT6, STM32U595ZJT6Q, STM32U595ZJY6QTR, STM32U599BJY6QTR, STM32U599NIH6Q, STM32U599NJH6Q, STM32U599VIT6Q, STM32U599VJT6, STM32U599VJT6Q, STM32U599ZIT6Q, STM32U599ZIY6QTR, STM32U599ZJT6Q, STM32U599ZJY6QTR, STM32U5A5AJH6, STM32U5A5AJH6Q, STM32U5A5QII3Q , STM32U5A5QJI6, STM32U5A5QJI6Q, STM32U5A5RJT6, STM32U5A5RJT6Q, STM32U5A5VJT6, STM32U5A5VJT6Q, STM32U5A5ZJT6, STM32U5A5ZJT6Q, STM32U5A5ZJY6QTR, STM32U5A9BJY6QTR, STM32U5A9J-DK, STM32U5A9NJH6Q, STM32U5A9VJT6Q, STM32U5A9ZJT6Q, STM32U5A9ZJY6QTR, STM32U5F7VIT6, STM32U5F7VIT6Q, STM32U5F7VJT6, STM32U5F7VJT6Q, STM32U5F9BJY6QTR, STM32U5F9NJH6Q, STM32U5F9VIT6Q, STM32U5F9VJT6Q, STM32U5F9ZIJ6QTR, STM32U5F9ZIT6Q, STM32U5F9ZJJ6QTR, STM32U5F9ZJT6Q, STM32U5G7VJT6, STM32U5G7VJT6Q, STM32U5G9BJY6QTR, STM32U5G9J-DK1, STM32U5G9J-DK2, STM32U5G9NJH6Q, STM32U5G9VJT6Q, STM32U5G9ZJJ6QTR, STM32U5G9ZJT6Q, STM32WB05KZV6TR, STM32WB05KZV7TR, STM32WB05TZF6TR, STM32WB05TZF7TR, STM32WB06CCF6TR, STM32WB06CCF7TR, STM32WB06CCV6TR, STM32WB06CCV7TR, STM32WB06KCV6TR, STM32WB06KCV7TR, STM32WB07CCF6TR, STM32WB07CCF7TR, STM32WB07CCV6TR, STM32WB07CCV7TR, STM32WB07KCV6TR, STM32WB07KCV7TR, STM32WB09KEV6TR, STM32WB09KEV7TR, STM32WB09TEF6TR, STM32WB09TEF7TR, STM32WB1MMCH6, STM32WBA50KGU6, STM32WBA50KGU6TR, STM32WBA52CEU6, STM32WBA52CEU6TR, STM32WBA52CEU7, STM32WBA52CEU7TR, STM32WBA52CGU6, STM32WBA52CGU6TR, STM32WBA52CGU6U, STM32WBA52CGU7, STM32WBA52CGU7TR, STM32WBA52KEU6, STM32WBA52KEU6TR, STM32WBA52KGU6, STM32WBA52KGU6TR, STM32WBA54CEU6, STM32WBA54CEU6TR, STM32WBA54CEU7, STM32WBA54CEU7TR, STM32WBA54CGU6, STM32WBA54CGU6TR, STM32WBA54CGU7, STM32WBA54CGU7TR, STM32WBA54KEU6, STM32WBA54KEU6TR, STM32WBA54KEU7, STM32WBA54KEU7TR, STM32WBA54KGU6, STM32WBA54KGU6TR, STM32WBA54KGU7, STM32WBA54KGU7TR, STM32WBA55CEU6, STM32WBA55CEU6TR, STM32WBA55CEU7, STM32WBA55CEU7TR, STM32WBA55CGU6, STM32WBA55CGU6TR, STM32WBA55CGU6U, STM32WBA55CGU7, STM32WBA55CGU7TR, STM32WBA55G-DK1, STM32WBA55HEF6, STM32WBA55HEF7, STM32WBA55HGF6, STM32WBA55HGF7, STM32WBA55UEI6, STM32WBA55UEI6TR, STM32WBA55UEI7, STM32WBA55UEI7TR, STM32WBA55UGI6, STM32WBA55UGI6TR, STM32WBA55UGI7, STM32WBA55UGI7TR, STM32WBA5MJGH6TR, STM32WBA5MJGH6U, STM32WL33C8V6, STM32WL33C8V6TR, STM32WL33C8V7, STM32WL33C8V7TR, STM32WL33CBV6, STM32WL33CBV6TR, STM32WL33CBV7, STM32WL33CBV7TR, STM32WL33CCV6, STM32WL33CCV6TR, STM32WL33CCV7, STM32WL33CCV7A, STM32WL33CCV7ATR, STM32WL33CCV7TR, STM32WL33K8V6, STM32WL33K8V6TR, STM32WL33K8V7, STM32WL33K8V7TR, STM32WL33KBV6, STM32WL33KBV6TR, STM32WL33KBV7, STM32WL33KBV7TR, STM32WL33KCV6, STM32WL33KCV6TR, STM32WL33KCV7, STM32WL33KCV7TR, STM32WL5MOCH6, STM32WL5MOCH6TR]
2025-05-14 18:27:43,023 [INFO] DbMcus:218 - Found 4674 MCUs, 4674 are supported
2025-05-14 18:27:43,031 [INFO] ApiDb:423 - Load user favorites file C:\Users\Miloush/.stm32cubeide/favorites.mcus.txt: 3 item(s)
2025-05-14 18:27:43,031 [INFO] ApiDb:427 - User favorites MCUs=[STM32F446RET6, STM32G431KBT6, STM32G474CBT3]
2025-05-14 18:27:43,032 [INFO] DbMcus:224 - Set 3 / 3 favorites MCUs
2025-05-14 18:27:43,272 [INFO] ApiDb:423 - Load user favorites file C:\Users\Miloush/.stm32cubeide/favorites.boards.txt: 0 item(s)
2025-05-14 18:27:43,272 [INFO] ApiDb:427 - User favorites Boards=[]
2025-05-14 18:27:43,272 [INFO] DbBoards:198 - Set 0 / 0 favorites Boards
2025-05-14 18:27:43,326 [INFO] UtilMem:75 - End LoadConfig() Used Memory: 240011712 Bytes (686817280)
2025-05-14 18:27:43,423 [WARN] ThirdParty:833 - waiting for thirdparty lock release [change project]
2025-05-14 18:27:43,423 [INFO] ThirdParty:835 - entering critical section [change project]
2025-05-14 18:27:43,423 [INFO] ThirdParty:1030 - CMSIS Pack Vendor :STMicroelectronics USBPD 4.1
2025-05-14 18:27:43,423 [INFO] ThirdParty:1030 - CMSIS Pack Vendor :STMicroelectronics USB_HOST 2.0.0
2025-05-14 18:27:43,423 [INFO] ThirdParty:1030 - CMSIS Pack Vendor :STMicroelectronics FP-SNS-MOTENVWB1 1.4.0
2025-05-14 18:27:43,423 [INFO] ThirdParty:1030 - CMSIS Pack Vendor :STMicroelectronics X-CUBE-AZRTOS-F4 1.1.0
2025-05-14 18:27:43,423 [INFO] ThirdParty:1030 - CMSIS Pack Vendor :STMicroelectronics LIBJPEG 8.0.0
2025-05-14 18:27:43,423 [INFO] ThirdParty:1030 - CMSIS Pack Vendor :STMicroelectronics FP-ATR-ASTRA1 2.0.2
2025-05-14 18:27:43,423 [INFO] ThirdParty:1030 - CMSIS Pack Vendor :STMicroelectronics FP-ATR-ASTRA1 2.0.1
2025-05-14 18:27:43,423 [INFO] ThirdParty:1030 - CMSIS Pack Vendor :Avnet-IotConnect X-CUBE-IoTC-DA16k-PMOD 1.0.0
2025-05-14 18:27:43,423 [INFO] ThirdParty:1030 - CMSIS Pack Vendor :STMicroelectronics X-CUBE-SMBUS 2.1.0
2025-05-14 18:27:43,423 [INFO] ThirdParty:1030 - CMSIS Pack Vendor :STMicroelectronics X-CUBE-WB05N 1.1.0
2025-05-14 18:27:43,423 [INFO] ThirdParty:1030 - CMSIS Pack Vendor :STMicroelectronics X-CUBE-ISPU 2.1.0
2025-05-14 18:27:43,423 [INFO] ThirdParty:1030 - CMSIS Pack Vendor :STMicroelectronics X-CUBE-FREERTOS 1.2.0
2025-05-14 18:27:43,424 [INFO] ThirdParty:1030 - CMSIS Pack Vendor :STMicroelectronics X-CUBE-AZRTOS-F7 1.1.0
2025-05-14 18:27:43,424 [INFO] ThirdParty:1030 - CMSIS Pack Vendor :STMicroelectronics X-CUBE-AZRTOS-L5 2.0.0
2025-05-14 18:27:43,424 [INFO] ThirdParty:1030 - CMSIS Pack Vendor :STMicroelectronics USB_DEVICE 2.0.0
2025-05-14 18:27:43,424 [INFO] ThirdParty:1030 - CMSIS Pack Vendor :STMicroelectronics X-CUBE-NFC6 3.1.0
2025-05-14 18:27:43,424 [INFO] ThirdParty:1030 - CMSIS Pack Vendor :STMicroelectronics X-CUBE-MEMS1 11.0.0
2025-05-14 18:27:43,424 [INFO] ThirdParty:1030 - CMSIS Pack Vendor :STMicroelectronics FreeRTOS 0.0.1
2025-05-14 18:27:43,424 [INFO] ThirdParty:1030 - CMSIS Pack Vendor :STMicroelectronics X-CUBE-DPower 1.2.0
2025-05-14 18:27:43,424 [INFO] ThirdParty:1030 - CMSIS Pack Vendor :STMicroelectronics FP-SNS-FLIGHT1 5.0.2
2025-05-14 18:27:43,424 [INFO] ThirdParty:1030 - CMSIS Pack Vendor :STMicroelectronics PDM2PCM 3.3.0
2025-05-14 18:27:43,424 [INFO] ThirdParty:1030 - CMSIS Pack Vendor :STMicroelectronics X-CUBE-DISPLAY 3.0.0
2025-05-14 18:27:43,424 [INFO] ThirdParty:1030 - CMSIS Pack Vendor :STMicroelectronics X-CUBE-BLE1 7.0.0
2025-05-14 18:27:43,424 [INFO] ThirdParty:1030 - CMSIS Pack Vendor :STMicroelectronics X-CUBE-NFC10 1.0.0
2025-05-14 18:27:43,424 [INFO] ThirdParty:1030 - CMSIS Pack Vendor :STMicroelectronics X-CUBE-BLEMGR 4.0.0
2025-05-14 18:27:43,424 [INFO] ThirdParty:1030 - CMSIS Pack Vendor :STMicroelectronics X-CUBE-FREERTOS 1.3.1
2025-05-14 18:27:43,424 [INFO] ThirdParty:1030 - CMSIS Pack Vendor :STMicroelectronics HAL Drivers 0.0.0
2025-05-14 18:27:43,424 [INFO] ThirdParty:1030 - CMSIS Pack Vendor :emotas I-CUBE-CANOPEN 1.3.0
2025-05-14 18:27:43,424 [INFO] ThirdParty:1030 - CMSIS Pack Vendor :STMicroelectronics X-CUBE-FREERTOS 1.3.0
2025-05-14 18:27:43,424 [INFO] ThirdParty:1030 - CMSIS Pack Vendor :STMicroelectronics X-CUBE-NFC7 1.0.1
2025-05-14 18:27:43,424 [INFO] ThirdParty:1030 - CMSIS Pack Vendor :STMicroelectronics MBEDTLS 2.14.1
2025-05-14 18:27:43,424 [INFO] ThirdParty:1030 - CMSIS Pack Vendor :STMicroelectronics X-CUBE-BLEMGR 3.1.0
2025-05-14 18:27:43,424 [INFO] ThirdParty:1030 - CMSIS Pack Vendor :STMicroelectronics X-CUBE-AI 10.0.0
2025-05-14 18:27:43,424 [INFO] ThirdParty:1030 - CMSIS Pack Vendor :STMicroelectronics FP-SNS-SMARTAG2 1.2.0
2025-05-14 18:27:43,424 [INFO] ThirdParty:1030 - CMSIS Pack Vendor :STMicroelectronics FP-SNS-FLIGHT1 5.1.0
2025-05-14 18:27:43,424 [INFO] ThirdParty:1030 - CMSIS Pack Vendor :STMicroelectronics X-CUBE-MEMS1 11.1.0
2025-05-14 18:27:43,424 [INFO] ThirdParty:1030 - CMSIS Pack Vendor :STMicroelectronics X-CUBE-AZRTOS-WL 2.0.0
2025-05-14 18:27:43,424 [INFO] ThirdParty:1030 - CMSIS Pack Vendor :STMicroelectronics X-CUBE-DPower 1.3.0
2025-05-14 18:27:43,424 [INFO] ThirdParty:1030 - CMSIS Pack Vendor :STMicroelectronics FP-SNS-MOTENV1 5.0.0
2025-05-14 18:27:43,424 [INFO] ThirdParty:1030 - CMSIS Pack Vendor :STMicroelectronics USB_DEVICE 1.0.0
2025-05-14 18:27:43,424 [INFO] ThirdParty:1030 - CMSIS Pack Vendor :wolfSSL I-CUBE-wolfMQTT 1.19.0
2025-05-14 18:27:43,424 [INFO] ThirdParty:1030 - CMSIS Pack Vendor :STMicroelectronics X-CUBE-AZRTOS-L4 2.0.0
2025-05-14 18:27:43,424 [INFO] ThirdParty:1030 - CMSIS Pack Vendor :STMicroelectronics ThreadX 0.0.2
2025-05-14 18:27:43,424 [INFO] ThirdParty:1030 - CMSIS Pack Vendor :WES I-CUBE-Cesium 1.3.0
2025-05-14 18:27:43,424 [INFO] ThirdParty:1030 - CMSIS Pack Vendor :STMicroelectronics lwIP 2.1.2
2025-05-14 18:27:43,424 [INFO] ThirdParty:1030 - CMSIS Pack Vendor :STMicroelectronics X-CUBE-SFXS2LP1 4.0.0
2025-05-14 18:27:43,424 [INFO] ThirdParty:1030 - CMSIS Pack Vendor :STMicroelectronics X-CUBE-BLE2 3.3.0
2025-05-14 18:27:43,424 [INFO] ThirdParty:1030 - CMSIS Pack Vendor :STMicroelectronics PDM2PCM 3.2.0
2025-05-14 18:27:43,424 [INFO] ThirdParty:1030 - CMSIS Pack Vendor :STMicroelectronics X-CUBE-AZRTOS-H7 3.3.0
2025-05-14 18:27:43,424 [INFO] ThirdParty:1030 - CMSIS Pack Vendor :STMicroelectronics X-CUBE-NFC9 1.0.0
2025-05-14 18:27:43,424 [INFO] ThirdParty:1030 - CMSIS Pack Vendor :STMicroelectronics X-CUBE-BLE1 7.1.0
2025-05-14 18:27:43,424 [INFO] ThirdParty:1030 - CMSIS Pack Vendor :STMicroelectronics USB_DEVICE 3.0.0
2025-05-14 18:27:43,424 [INFO] ThirdParty:1030 - CMSIS Pack Vendor :STMicroelectronics X-CUBE-TCPP 4.1.0
2025-05-14 18:27:43,424 [INFO] ThirdParty:1030 - CMSIS Pack Vendor :STMicroelectronics X-CUBE-IPS 3.0.0
2025-05-14 18:27:43,424 [INFO] ThirdParty:1030 - CMSIS Pack Vendor :STMicroelectronics X-CUBE-AZRTOS-WB 2.0.0
2025-05-14 18:27:43,424 [INFO] ThirdParty:1030 - CMSIS Pack Vendor :STMicroelectronics X-CUBE-GNSS1 7.0.0
2025-05-14 18:27:43,424 [INFO] ThirdParty:1030 - CMSIS Pack Vendor :STMicroelectronics X-CUBE-GNSS1 7.0.1
2025-05-14 18:27:43,424 [INFO] ThirdParty:1030 - CMSIS Pack Vendor :STMicroelectronics X-CUBE-TOUCHGFX 4.25.0
2025-05-14 18:27:43,424 [INFO] ThirdParty:1030 - CMSIS Pack Vendor :STMicroelectronics FP-SNS-STBOX1 2.0.0
2025-05-14 18:27:43,424 [INFO] ThirdParty:1030 - CMSIS Pack Vendor :STMicroelectronics X-CUBE-MEMS1 11.2.0
2025-05-14 18:27:43,424 [INFO] ThirdParty:1030 - CMSIS Pack Vendor :STMicroelectronics X-CUBE-AZRTOS-G0 1.1.0
2025-05-14 18:27:43,424 [INFO] ThirdParty:1030 - CMSIS Pack Vendor :STMicroelectronics X-CUBE-SAFEA1 1.2.2
2025-05-14 18:27:43,424 [INFO] ThirdParty:1030 - CMSIS Pack Vendor :STMicroelectronics X-CUBE-NFC4 3.0.0
2025-05-14 18:27:43,424 [INFO] ThirdParty:1030 - CMSIS Pack Vendor :STMicroelectronics X-CUBE-SUBG2 5.0.0
2025-05-14 18:27:43,424 [INFO] ThirdParty:1030 - CMSIS Pack Vendor :STMicroelectronics X-CUBE-AZRTOS-H7RS 1.1.0
2025-05-14 18:27:43,424 [INFO] ThirdParty:1030 - CMSIS Pack Vendor :STMicroelectronics STM32_WPAN 1.0.0
2025-05-14 18:27:43,424 [INFO] ThirdParty:1030 - CMSIS Pack Vendor :EmbeddedOffice I-CUBE-FS-RTOS 1.0.1
2025-05-14 18:27:43,424 [INFO] ThirdParty:1030 - CMSIS Pack Vendor :STMicroelectronics lwIP 2.0.3
2025-05-14 18:27:43,424 [INFO] ThirdParty:1030 - CMSIS Pack Vendor :Cesanta I-CUBE-Mongoose 7.13.0
2025-05-14 18:27:43,424 [INFO] ThirdParty:1030 - CMSIS Pack Vendor :STMicroelectronics USB_HOST 1.0.0
2025-05-14 18:27:43,424 [INFO] ThirdParty:1030 - CMSIS Pack Vendor :STMicroelectronics X-CUBE-AZRTOS-G4 2.0.0
2025-05-14 18:27:43,424 [INFO] ThirdParty:1030 - CMSIS Pack Vendor :STMicroelectronics X-CUBE-WB05N 2.0.0
2025-05-14 18:27:43,424 [INFO] ThirdParty:1030 - CMSIS Pack Vendor :STMicroelectronics PDM2PCM 3.1.0
2025-05-14 18:27:43,424 [INFO] ThirdParty:1030 - CMSIS Pack Vendor :STMicroelectronics X-CUBE-NFC7 2.0.0
2025-05-14 18:27:43,424 [INFO] ThirdParty:1030 - CMSIS Pack Vendor :STMicroelectronics X-CUBE-TCPP 4.2.0
2025-05-14 18:27:43,424 [INFO] ThirdParty:1030 - CMSIS Pack Vendor :RealThread X-CUBE-RT-Thread_Nano 4.1.1
2025-05-14 18:27:43,424 [INFO] ThirdParty:1030 - CMSIS Pack Vendor :STMicroelectronics FP-ATR-SIGFOX1 3.2.0
2025-05-14 18:27:43,424 [INFO] ThirdParty:1030 - CMSIS Pack Vendor :wolfSSL I-CUBE-wolfSSL 5.7.2
2025-05-14 18:27:43,424 [INFO] ThirdParty:1030 - CMSIS Pack Vendor :quantropi X-CUBE-qispace-sdk-base 1.9.3
2025-05-14 18:27:43,424 [INFO] ThirdParty:1030 - CMSIS Pack Vendor :STMicroelectronics X-CUBE-EEPRMA1 5.1.0
2025-05-14 18:27:43,424 [INFO] ThirdParty:1030 - CMSIS Pack Vendor :STMicroelectronics MBEDTLS 2.16.2
2025-05-14 18:27:43,424 [INFO] ThirdParty:1030 - CMSIS Pack Vendor :STMicroelectronics X-CUBE-IPS 3.1.0
2025-05-14 18:27:43,424 [INFO] ThirdParty:1030 - CMSIS Pack Vendor :STMicroelectronics X-CUBE-ALS 1.0.2
2025-05-14 18:27:43,426 [INFO] ThirdParty:1030 - CMSIS Pack Vendor :ITTIA_DB I-CUBE-ITTIADB 8.9.0
2025-05-14 18:27:43,426 [INFO] ThirdParty:1030 - CMSIS Pack Vendor :STMicroelectronics X-CUBE-TOUCHGFX 4.24.2
2025-05-14 18:27:43,426 [INFO] ThirdParty:1030 - CMSIS Pack Vendor :STMicroelectronics X-CUBE-TOUCHGFX 4.24.1
2025-05-14 18:27:43,426 [INFO] ThirdParty:1030 - CMSIS Pack Vendor :wolfSSL I-CUBE-wolfTPM 3.4.0
2025-05-14 18:27:43,426 [INFO] ThirdParty:1030 - CMSIS Pack Vendor :portGmbH I-Cube-SoM-uGOAL 1.1.0
2025-05-14 18:27:43,426 [INFO] ThirdParty:1030 - CMSIS Pack Vendor :STMicroelectronics ThreadX 1.0.0
2025-05-14 18:27:43,426 [INFO] ThirdParty:1030 - CMSIS Pack Vendor :SEGGER I-CUBE-embOS 1.3.1
2025-05-14 18:27:43,426 [INFO] ThirdParty:1030 - CMSIS Pack Vendor :STMicroelectronics X-CUBE-ALGOBUILD 1.4.0
2025-05-14 18:27:43,426 [INFO] ThirdParty:1030 - CMSIS Pack Vendor :STMicroelectronics X-CUBE-AZRTOS-H7RS 1.0.0
2025-05-14 18:27:43,426 [INFO] ThirdParty:1030 - CMSIS Pack Vendor :STMicroelectronics FP-ATR-ASTRA1 2.0.0
2025-05-14 18:27:43,426 [INFO] ThirdParty:1030 - CMSIS Pack Vendor :STMicroelectronics X-CUBE-TOF1 3.4.2
2025-05-14 18:27:43,426 [INFO] ThirdParty:1030 - CMSIS Pack Vendor :STMicroelectronics X-CUBE-TOF1 3.4.3
2025-05-14 18:27:43,426 [INFO] ThirdParty:1030 - CMSIS Pack Vendor :STMicroelectronics X-CUBE-AI 9.1.0
2025-05-14 18:27:43,426 [INFO] ThirdParty:1030 - CMSIS Pack Vendor :Infineon AIROC-Wi-Fi-Bluetooth-STM32 1.6.1
2025-05-14 18:27:43,426 [INFO] ThirdParty:1030 - CMSIS Pack Vendor :wolfSSL I-CUBE-wolfSSH 1.4.17
2025-05-14 18:27:43,426 [INFO] ThirdParty:841 - exiting critical section [change project]
2025-05-14 18:27:43,829 [INFO] PinOutPanel:1589 - setPackage(No Configuration,No Configuration)
2025-05-14 18:27:43,831 [INFO] PinOutPanel:1589 - setPackage(STM32G431RBTx,LQFP64)
2025-05-14 18:27:44,200 [INFO] UtilMem:75 - Before build in PCC Used Memory: 506296672 Bytes (686817280)
2025-05-14 18:27:45,024 [INFO] UtilMem:75 - After build in PCC Used Memory: 258998272 Bytes (686817280)
2025-05-14 18:27:45,062 [INFO] IPUIPlugin:80 - create IPUIPlugin
2025-05-14 18:27:45,062 [INFO] IPUIPlugin:80 - create IPUIPlugin
2025-05-14 18:27:45,062 [INFO] IPUIPlugin:80 - create IPUIPlugin
2025-05-14 18:27:45,062 [INFO] IPUIPlugin:80 - create IPUIPlugin
2025-05-14 18:27:45,062 [INFO] IPUIPlugin:80 - create IPUIPlugin
2025-05-14 18:27:45,062 [INFO] IPUIPlugin:80 - create IPUIPlugin
2025-05-14 18:27:45,062 [INFO] IPUIPlugin:80 - create IPUIPlugin
2025-05-14 18:27:45,062 [INFO] IPUIPlugin:80 - create IPUIPlugin
2025-05-14 18:27:45,062 [INFO] IPUIPlugin:80 - create IPUIPlugin
2025-05-14 18:27:45,063 [INFO] IPUIPlugin:80 - create IPUIPlugin
2025-05-14 18:27:45,063 [INFO] IPUIPlugin:80 - create IPUIPlugin
2025-05-14 18:27:45,063 [INFO] IPUIPlugin:80 - create IPUIPlugin
2025-05-14 18:27:45,063 [INFO] IPUIPlugin:80 - create IPUIPlugin
2025-05-14 18:27:45,063 [INFO] IPUIPlugin:80 - create IPUIPlugin
2025-05-14 18:27:45,063 [INFO] IPUIPlugin:80 - create IPUIPlugin
2025-05-14 18:27:45,063 [INFO] IPUIPlugin:80 - create IPUIPlugin
2025-05-14 18:27:45,063 [INFO] IPUIPlugin:80 - create IPUIPlugin
2025-05-14 18:27:45,063 [INFO] IPUIPlugin:80 - create IPUIPlugin
2025-05-14 18:27:45,063 [INFO] IPUIPlugin:80 - create IPUIPlugin
2025-05-14 18:27:45,063 [INFO] IPUIPlugin:80 - create IPUIPlugin
2025-05-14 18:27:45,063 [INFO] IPUIPlugin:80 - create IPUIPlugin
2025-05-14 18:27:45,063 [INFO] IPUIPlugin:80 - create IPUIPlugin
2025-05-14 18:27:45,063 [INFO] IPUIPlugin:80 - create IPUIPlugin
2025-05-14 18:27:45,064 [INFO] IPUIPlugin:80 - create IPUIPlugin
2025-05-14 18:27:45,064 [INFO] IPUIPlugin:80 - create IPUIPlugin
2025-05-14 18:27:45,064 [INFO] IPUIPlugin:80 - create IPUIPlugin
2025-05-14 18:27:45,064 [INFO] IPUIPlugin:80 - create IPUIPlugin
2025-05-14 18:27:45,064 [INFO] IPUIPlugin:80 - create IPUIPlugin
2025-05-14 18:27:45,064 [INFO] IPUIPlugin:80 - create IPUIPlugin
2025-05-14 18:27:45,064 [INFO] IPUIPlugin:80 - create IPUIPlugin
2025-05-14 18:27:45,064 [INFO] IPUIPlugin:80 - create IPUIPlugin
2025-05-14 18:27:45,065 [INFO] IPUIPlugin:80 - create IPUIPlugin
2025-05-14 18:27:45,065 [INFO] IPUIPlugin:80 - create IPUIPlugin
2025-05-14 18:27:45,065 [INFO] IPUIPlugin:80 - create IPUIPlugin
2025-05-14 18:27:45,065 [INFO] IPUIPlugin:80 - create IPUIPlugin
2025-05-14 18:27:45,065 [INFO] IPUIPlugin:80 - create IPUIPlugin
2025-05-14 18:27:45,065 [INFO] IPUIPlugin:80 - create IPUIPlugin
2025-05-14 18:27:45,065 [INFO] IPUIPlugin:80 - create IPUIPlugin
2025-05-14 18:27:45,066 [INFO] IPUIPlugin:80 - create IPUIPlugin
2025-05-14 18:27:45,066 [INFO] IPUIPlugin:80 - create IPUIPlugin
2025-05-14 18:27:45,066 [INFO] IPUIPlugin:80 - create IPUIPlugin
2025-05-14 18:27:45,066 [INFO] IPUIPlugin:80 - create IPUIPlugin
2025-05-14 18:27:45,066 [INFO] IPUIPlugin:80 - create IPUIPlugin
2025-05-14 18:27:45,066 [INFO] IPUIPlugin:80 - create IPUIPlugin
2025-05-14 18:27:45,067 [INFO] IPUIPlugin:80 - create IPUIPlugin
2025-05-14 18:27:45,067 [INFO] IPUIPlugin:80 - create IPUIPlugin
2025-05-14 18:27:45,067 [INFO] IPUIPlugin:80 - create IPUIPlugin
2025-05-14 18:27:45,067 [INFO] IPUIPlugin:80 - create IPUIPlugin
2025-05-14 18:27:45,068 [INFO] IPUIPlugin:80 - create IPUIPlugin
2025-05-14 18:27:45,068 [INFO] IPUIPlugin:80 - create IPUIPlugin
2025-05-14 18:27:45,068 [INFO] IPUIPlugin:80 - create IPUIPlugin
2025-05-14 18:27:45,068 [INFO] IPUIPlugin:80 - create IPUIPlugin
2025-05-14 18:27:45,068 [INFO] IPUIPlugin:80 - create IPUIPlugin
2025-05-14 18:27:45,069 [INFO] IPUIPlugin:80 - create IPUIPlugin
2025-05-14 18:27:45,069 [INFO] IPUIPlugin:80 - create IPUIPlugin
2025-05-14 18:27:45,069 [INFO] IPUIPlugin:80 - create IPUIPlugin
2025-05-14 18:27:45,069 [INFO] IPUIPlugin:80 - create IPUIPlugin
2025-05-14 18:27:45,069 [INFO] IPUIPlugin:80 - create IPUIPlugin
2025-05-14 18:27:45,070 [INFO] IPUIPlugin:80 - create IPUIPlugin
2025-05-14 18:27:45,306 [INFO] CADModel:165 - CPN selected for project levelSTM32G431RBT6
2025-05-14 18:27:45,307 [INFO] CADModel:114 - Register for checkConnection events
2025-05-14 18:27:45,364 [INFO] OpenFileManager:363 - Restore cursor
2025-05-14 18:27:46,984 [INFO] LogOutputStream:77 - [STDOUT_REDIRECT] 
2025-05-14 18:27:48,547 [INFO] McuFinderGlobals:63 - Set McuFinder mode to 2 (CubeIDE integrated)
2025-05-14 18:27:48,553 [INFO] UserAuth:486 - Internet connection configuration mode: 1
2025-05-14 18:27:48,575 [INFO] JxBrowserEngine:152 - Initiate JxBrowser Engine with user profile folder
2025-05-14 18:27:49,370 [INFO] WebApp:168 - Instantiating new browser for Auth
2025-05-14 18:27:49,884 [INFO] WebApp:449 - Apply proxy settings
2025-05-14 18:27:49,884 [INFO] WebApp:534 - Chromium requires no authentication
2025-05-14 18:27:49,890 [INFO] WebApp:477 - Direct internet connection detected
2025-05-14 18:27:49,906 [INFO] WebApp:880 - Register for checkConnection events
2025-05-14 18:27:49,906 [INFO] WebApp:449 - Apply proxy settings
2025-05-14 18:27:49,906 [INFO] WebApp:534 - Chromium requires no authentication
2025-05-14 18:27:49,907 [INFO] WebApp:477 - Direct internet connection detected
2025-05-14 18:27:50,025 [INFO] WebApp:221 - Starting web application
2025-05-14 18:27:50,025 [INFO] WebApp:579 - Web application path used C:\ST\STM32CubeIDE_1.16.1\STM32CubeIDE\plugins\com.st.stm32cube.common.mx_6.13.0.202411220809\db\plugins\mcufinder\reactClient1\index.html
2025-05-14 18:27:50,138 [INFO] WebApp:187 - Connection restablished
2025-05-14 18:27:50,153 [INFO] UserAuth:486 - Internet connection configuration mode: 1
2025-05-14 18:28:53,856 [INFO] Gpio:277 - dependency for GPIO [ADC1, RCC, SPI3, SYS, TIM1]
2025-05-14 18:29:10,250 [ERROR] LogOutputStream:75 - [STDERR_REDIRECT] 
2025-05-14 20:10:57,230 [INFO] Activator:176 - 


2025-05-14 20:10:57,232 [INFO] Activator:177 - !SESSION log4j initialized
2025-05-14 20:11:00,749 [INFO] LogOutputStream:77 - [STDOUT_REDIRECT] 
2025-05-14 20:11:01,434 [INFO] ApplicationProperties:184 - Using Application install path: C:\ST\STM32CubeIDE_1.16.1\STM32CubeIDE\plugins\com.st.stm32cube.common.mx_6.13.0.202411220809
2025-05-14 20:11:01,451 [INFO] DbMcusXml:78 - Set database path to: C:\ST\STM32CubeIDE_1.16.1\STM32CubeIDE\plugins\com.st.stm32cube.common.mx_6.13.0.202411220809\\db\/mcu/
2025-05-14 20:11:01,452 [INFO] ApiDb:274 - Set plugin database path to: C:\ST\STM32CubeIDE_1.16.1\STM32CubeIDE\plugins\com.st.stm32cube.common.mx_6.13.0.202411220809\\db\/plugins/boardmanager/
2025-05-14 20:11:01,452 [WARN] ApiDb:259 - Overriding images path with different value:  => C:\ST\STM32CubeIDE_1.16.1\STM32CubeIDE\plugins\com.st.stm32cube.common.mx_6.13.0.202411220809\\db\/plugins/mcufinder/images/
2025-05-14 20:11:01,455 [INFO] ApiDb:250 - Set database path to: C:\Users\Miloush\.stmcufinder\plugins\mcufinder//mcu/
2025-05-14 20:11:01,456 [INFO] DbMcusAds:125 - Set database path to: C:\Users\Miloush\.stmcufinder\plugins\mcufinder//mcu/
2025-05-14 20:11:01,458 [INFO] CrossReferenceDbSqlite:203 - Set database path to: C:\Users\Miloush\.stmcufinder\plugins\mcufinder//mcu/cs/
2025-05-14 20:11:01,529 [INFO] RulesReader:64 - Compatibility file has been processed (297 Rules)
2025-05-14 20:11:01,591 [INFO] DbMcusXml:78 - Set database path to: C:\ST\STM32CubeIDE_1.16.1\STM32CubeIDE\plugins\com.st.stm32cube.common.mx_6.13.0.202411220809\\db\/mcu/
2025-05-14 20:11:01,591 [INFO] ApiDb:274 - Set plugin database path to: C:\ST\STM32CubeIDE_1.16.1\STM32CubeIDE\plugins\com.st.stm32cube.common.mx_6.13.0.202411220809\\db\/plugins/boardmanager/
2025-05-14 20:11:01,591 [INFO] ApiDb:261 - Set plugin images path to: C:\ST\STM32CubeIDE_1.16.1\STM32CubeIDE\plugins\com.st.stm32cube.common.mx_6.13.0.202411220809\\db\/plugins/mcufinder/images/
2025-05-14 20:11:01,591 [WARN] DbFile:41 - Overriding database path with different value: C:\Users\Miloush\.stmcufinder\plugins\mcufinder/ => C:\Users\Miloush\.stmcufinder\plugins\mcufinder
2025-05-14 20:11:01,591 [INFO] ApiDb:250 - Set database path to: C:\Users\Miloush\.stmcufinder\plugins\mcufinder//mcu/
2025-05-14 20:11:01,591 [WARN] DbFile:41 - Overriding database path with different value: C:\Users\Miloush\.stmcufinder\plugins\mcufinder/ => C:\Users\Miloush\.stmcufinder\plugins\mcufinder
2025-05-14 20:11:01,591 [INFO] DbMcusAds:125 - Set database path to: C:\Users\Miloush\.stmcufinder\plugins\mcufinder//mcu/
2025-05-14 20:11:01,592 [WARN] DbFile:41 - Overriding database path with different value: C:\Users\Miloush\.stmcufinder\plugins\mcufinder/ => C:\Users\Miloush\.stmcufinder\plugins\mcufinder
2025-05-14 20:11:01,592 [WARN] DbFile:41 - Overriding database path with different value: C:\Users\Miloush\.stmcufinder\plugins\mcufinder/ => C:\Users\Miloush\.stmcufinder\plugins\mcufinder
2025-05-14 20:11:01,592 [INFO] CrossReferenceDbSqlite:203 - Set database path to: C:\Users\Miloush\.stmcufinder\plugins\mcufinder//mcu/cs/
2025-05-14 20:11:01,636 [INFO] MainPanel:272 - HeapMemory: 268435456
2025-05-14 20:11:01,686 [INFO] DbMcusXml:78 - Set database path to: C:\ST\STM32CubeIDE_1.16.1\STM32CubeIDE\plugins\com.st.stm32cube.common.mx_6.13.0.202411220809\\db\/mcu/
2025-05-14 20:11:01,687 [INFO] ApiDb:274 - Set plugin database path to: C:\ST\STM32CubeIDE_1.16.1\STM32CubeIDE\plugins\com.st.stm32cube.common.mx_6.13.0.202411220809\\db\/plugins/boardmanager/
2025-05-14 20:11:01,687 [INFO] ApiDb:261 - Set plugin images path to: C:\ST\STM32CubeIDE_1.16.1\STM32CubeIDE\plugins\com.st.stm32cube.common.mx_6.13.0.202411220809\\db\/plugins/mcufinder/images/
2025-05-14 20:11:01,687 [WARN] DbFile:41 - Overriding database path with different value: C:\Users\Miloush\.stmcufinder\plugins\mcufinder/ => C:\Users\Miloush\.stmcufinder\plugins\mcufinder
2025-05-14 20:11:01,687 [INFO] ApiDb:250 - Set database path to: C:\Users\Miloush\.stmcufinder\plugins\mcufinder//mcu/
2025-05-14 20:11:01,687 [WARN] DbFile:41 - Overriding database path with different value: C:\Users\Miloush\.stmcufinder\plugins\mcufinder/ => C:\Users\Miloush\.stmcufinder\plugins\mcufinder
2025-05-14 20:11:01,687 [INFO] DbMcusAds:125 - Set database path to: C:\Users\Miloush\.stmcufinder\plugins\mcufinder//mcu/
2025-05-14 20:11:01,687 [WARN] DbFile:41 - Overriding database path with different value: C:\Users\Miloush\.stmcufinder\plugins\mcufinder/ => C:\Users\Miloush\.stmcufinder\plugins\mcufinder
2025-05-14 20:11:01,687 [WARN] DbFile:41 - Overriding database path with different value: C:\Users\Miloush\.stmcufinder\plugins\mcufinder/ => C:\Users\Miloush\.stmcufinder\plugins\mcufinder
2025-05-14 20:11:01,688 [INFO] CrossReferenceDbSqlite:203 - Set database path to: C:\Users\Miloush\.stmcufinder\plugins\mcufinder//mcu/cs/
2025-05-14 20:11:01,700 [INFO] ApplicationProperties:184 - Using Application install path: C:\ST\STM32CubeIDE_1.16.1\STM32CubeIDE\plugins\com.st.stm32cube.common.mx_6.13.0.202411220809
2025-05-14 20:11:01,701 [INFO] PluginManage:196 - Search for loadable plugins [exclusion list=, ]
2025-05-14 20:11:01,701 [INFO] PluginManage:310 - Check plugin analytics
2025-05-14 20:11:01,836 [INFO] AnalyticsPlugin:253 - Accepted Software Licenses: 
2025-05-14 20:11:01,837 [INFO] AnalyticsPlugin:255 - Accepted CMSIS Pack Licenses: 
2025-05-14 20:11:01,837 [INFO] AnalyticsPlugin:257 - Accepted Firmware Licenses: FW.G4.1.6.0
2025-05-14 20:11:01,839 [INFO] PluginManage:359 - Loaded plugin analytics (category:tool,tabindex:-1)
2025-05-14 20:11:01,841 [INFO] PluginManage:310 - Check plugin cadmodel
2025-05-14 20:11:01,844 [INFO] CADModel:105 - Init CAD model plugin
2025-05-14 20:11:01,844 [INFO] PluginManage:359 - Loaded plugin cadmodel (category:power,tabindex:5)
2025-05-14 20:11:01,844 [INFO] PluginManage:310 - Check plugin clock
2025-05-14 20:11:01,853 [INFO] PluginManage:359 - Loaded plugin clock (category:base,tabindex:2)
2025-05-14 20:11:01,853 [INFO] PluginManage:310 - Check plugin ddr
2025-05-14 20:11:01,855 [INFO] PluginManage:359 - Loaded plugin ddr (category:tool,tabindex:6)
2025-05-14 20:11:01,855 [INFO] PluginManage:310 - Check plugin filemanager
2025-05-14 20:11:01,953 [INFO] PluginManage:359 - Loaded plugin filemanager (category:base,tabindex:10)
2025-05-14 20:11:01,953 [INFO] PluginManage:310 - Check plugin ipmanager
2025-05-14 20:11:01,958 [INFO] PluginManage:359 - Loaded plugin ipmanager (category:base,tabindex:5)
2025-05-14 20:11:01,958 [INFO] PluginManage:310 - Check plugin lpbam
2025-05-14 20:11:01,963 [INFO] PluginManage:359 - Loaded plugin lpbam (category:base,tabindex:0)
2025-05-14 20:11:01,963 [INFO] PluginManage:310 - Check plugin memorymap
2025-05-14 20:11:01,972 [INFO] PluginManage:359 - Loaded plugin memorymap (category:base,tabindex:4)
2025-05-14 20:11:01,972 [INFO] PluginManage:310 - Check plugin pinoutandconfiguration
2025-05-14 20:11:01,978 [INFO] PluginManage:359 - Loaded plugin pinoutandconfiguration (category:base,tabindex:1)
2025-05-14 20:11:01,978 [INFO] PluginManage:310 - Check plugin pinoutconfig
2025-05-14 20:11:02,031 [WARN] SupportedApi:132 - Cannot load RTOS API schema: s4s-elt-must-match.1: The content of 'definitions' must match (annotation?, (simpleType | complexType)?, (unique | key | keyref)*)). A problem was found starting at: attribute.
2025-05-14 20:11:02,123 [INFO] PluginManage:359 - Loaded plugin pinoutconfig (category:base,tabindex:0)
2025-05-14 20:11:02,123 [INFO] PluginManage:310 - Check plugin power
2025-05-14 20:11:02,129 [INFO] PluginManage:359 - Loaded plugin power (category:power,tabindex:4)
2025-05-14 20:11:02,129 [INFO] PluginManage:310 - Check plugin projectmanager
2025-05-14 20:11:02,139 [INFO] PluginManage:359 - Loaded plugin projectmanager (category:projectmanager,tabindex:4)
2025-05-14 20:11:02,140 [INFO] PluginManage:310 - Check plugin rif
2025-05-14 20:11:02,143 [INFO] PluginManage:359 - Loaded plugin rif (category:base,tabindex:3)
2025-05-14 20:11:02,143 [INFO] PluginManage:310 - Check plugin thirdparty
2025-05-14 20:11:02,229 [WARN] IntegrityCheckThread:84 - waiting for thirdparty lock release [integrity check]
2025-05-14 20:11:02,229 [INFO] IntegrityCheckThread:86 - entering critical section [integrity check]
2025-05-14 20:11:02,230 [INFO] ThirdPartyUpdaterWithRetryManager:70 - Updater plugin not ready yet. [1/15]
2025-05-14 20:11:02,230 [INFO] PluginManage:359 - Loaded plugin thirdparty (category:base,tabindex:-1)
2025-05-14 20:11:02,230 [INFO] PluginManage:310 - Check plugin tools
2025-05-14 20:11:02,233 [INFO] PluginManage:359 - Loaded plugin tools (category:base,tabindex:7)
2025-05-14 20:11:02,233 [INFO] PluginManage:310 - Check plugin tutovideos
2025-05-14 20:11:02,337 [INFO] PluginManage:359 - Loaded plugin tutovideos (category:base,tabindex:-1)
2025-05-14 20:11:02,337 [INFO] PluginManage:310 - Check plugin updater
2025-05-14 20:11:02,351 [INFO] PluginManage:359 - Loaded plugin updater (category:base,tabindex:12)
2025-05-14 20:11:02,351 [INFO] PluginManage:310 - Check plugin userauth
2025-05-14 20:11:02,353 [INFO] UserAuth:118 - Init User Auth plugin
2025-05-14 20:11:02,354 [INFO] PluginManage:359 - Loaded plugin userauth (category:base,tabindex:14)
2025-05-14 20:11:02,354 [INFO] PluginManage:283 - PluginManage : Loaded plugins [18]
2025-05-14 20:11:02,492 [INFO] PinOutPanel:1589 - setPackage(No Configuration,No Configuration)
2025-05-14 20:11:02,558 [INFO] CADModel:165 - CPN selected for project level
2025-05-14 20:11:02,558 [INFO] CADModel:114 - Register for checkConnection events
2025-05-14 20:11:02,571 [INFO] IPUIPlugin:80 - create IPUIPlugin
2025-05-14 20:11:02,571 [INFO] PluginManager:220 - loadIPPluginJar : add adc
2025-05-14 20:11:02,573 [INFO] IPUIPlugin:80 - create IPUIPlugin
2025-05-14 20:11:02,573 [INFO] PluginManager:220 - loadIPPluginJar : add aes
2025-05-14 20:11:02,574 [INFO] IPUIPlugin:80 - create IPUIPlugin
2025-05-14 20:11:02,574 [INFO] PluginManager:220 - loadIPPluginJar : add can
2025-05-14 20:11:02,575 [INFO] IPUIPlugin:80 - create IPUIPlugin
2025-05-14 20:11:02,575 [INFO] PluginManager:220 - loadIPPluginJar : add comp
2025-05-14 20:11:02,577 [INFO] IPUIPlugin:80 - create IPUIPlugin
2025-05-14 20:11:02,577 [INFO] PluginManager:220 - loadIPPluginJar : add cryp
2025-05-14 20:11:02,578 [INFO] IPUIPlugin:80 - create IPUIPlugin
2025-05-14 20:11:02,578 [INFO] PluginManager:220 - loadIPPluginJar : add ddr_ctrl_phy
2025-05-14 20:11:02,579 [INFO] IPUIPlugin:80 - create IPUIPlugin
2025-05-14 20:11:02,579 [INFO] PluginManager:220 - loadIPPluginJar : add dfsdm
2025-05-14 20:11:02,583 [INFO] IPUIPlugin:80 - create IPUIPlugin
2025-05-14 20:11:02,584 [INFO] PluginManager:220 - loadIPPluginJar : add dma
2025-05-14 20:11:02,585 [INFO] IPUIPlugin:80 - create IPUIPlugin
2025-05-14 20:11:02,585 [INFO] PluginManager:220 - loadIPPluginJar : add dma3
2025-05-14 20:11:02,586 [INFO] IPUIPlugin:80 - create IPUIPlugin
2025-05-14 20:11:02,586 [INFO] PluginManager:220 - loadIPPluginJar : add extmemmanager
2025-05-14 20:11:02,587 [INFO] IPUIPlugin:80 - create IPUIPlugin
2025-05-14 20:11:02,587 [INFO] PluginManager:220 - loadIPPluginJar : add fatfs
2025-05-14 20:11:02,590 [INFO] IPUIPlugin:80 - create IPUIPlugin
2025-05-14 20:11:02,590 [INFO] PluginManager:220 - loadIPPluginJar : add fmc
2025-05-14 20:11:02,594 [INFO] IPUIPlugin:80 - create IPUIPlugin
2025-05-14 20:11:02,594 [INFO] PluginManager:220 - loadIPPluginJar : add freertos
2025-05-14 20:11:02,595 [INFO] IPUIPlugin:80 - create IPUIPlugin
2025-05-14 20:11:02,595 [INFO] PluginManager:220 - loadIPPluginJar : add genericplugin
2025-05-14 20:11:02,596 [INFO] IPUIPlugin:80 - create IPUIPlugin
2025-05-14 20:11:02,596 [INFO] PluginManager:220 - loadIPPluginJar : add gfxmmu
2025-05-14 20:11:02,599 [INFO] IPUIPlugin:80 - create IPUIPlugin
2025-05-14 20:11:02,599 [INFO] PluginManager:220 - loadIPPluginJar : add gic
2025-05-14 20:11:02,601 [INFO] IPUIPlugin:80 - create IPUIPlugin
2025-05-14 20:11:02,601 [INFO] PluginManager:220 - loadIPPluginJar : add gpio
2025-05-14 20:11:02,603 [INFO] IPUIPlugin:80 - create IPUIPlugin
2025-05-14 20:11:02,603 [INFO] PluginManager:220 - loadIPPluginJar : add gtzc
2025-05-14 20:11:02,604 [INFO] IPUIPlugin:80 - create IPUIPlugin
2025-05-14 20:11:02,604 [INFO] PluginManager:220 - loadIPPluginJar : add hash
2025-05-14 20:11:02,606 [INFO] IPUIPlugin:80 - create IPUIPlugin
2025-05-14 20:11:02,606 [INFO] PluginManager:220 - loadIPPluginJar : add i2c
2025-05-14 20:11:02,607 [INFO] IPUIPlugin:80 - create IPUIPlugin
2025-05-14 20:11:02,607 [INFO] PluginManager:220 - loadIPPluginJar : add i2s
2025-05-14 20:11:02,609 [INFO] IPUIPlugin:80 - create IPUIPlugin
2025-05-14 20:11:02,609 [INFO] PluginManager:220 - loadIPPluginJar : add i3c
2025-05-14 20:11:02,611 [INFO] IPUIPlugin:80 - create IPUIPlugin
2025-05-14 20:11:02,611 [INFO] PluginManager:220 - loadIPPluginJar : add ipddr
2025-05-14 20:11:02,615 [INFO] IPUIPlugin:80 - create IPUIPlugin
2025-05-14 20:11:02,615 [INFO] PluginManager:220 - loadIPPluginJar : add linkedlist
2025-05-14 20:11:02,617 [INFO] IPUIPlugin:80 - create IPUIPlugin
2025-05-14 20:11:02,619 [INFO] PluginManager:220 - loadIPPluginJar : add lorawan
2025-05-14 20:11:02,619 [INFO] IPUIPlugin:80 - create IPUIPlugin
2025-05-14 20:11:02,619 [INFO] PluginManager:220 - loadIPPluginJar : add ltdc
2025-05-14 20:11:02,623 [INFO] IPUIPlugin:80 - create IPUIPlugin
2025-05-14 20:11:02,623 [INFO] PluginManager:220 - loadIPPluginJar : add mdma
2025-05-14 20:11:02,625 [INFO] IPUIPlugin:80 - create IPUIPlugin
2025-05-14 20:11:02,626 [INFO] PluginManager:220 - loadIPPluginJar : add nvic
2025-05-14 20:11:02,627 [INFO] IPUIPlugin:80 - create IPUIPlugin
2025-05-14 20:11:02,627 [INFO] PluginManager:220 - loadIPPluginJar : add opamp
2025-05-14 20:11:02,629 [INFO] IPUIPlugin:80 - create IPUIPlugin
2025-05-14 20:11:02,629 [INFO] PluginManager:220 - loadIPPluginJar : add openamp
2025-05-14 20:11:02,631 [INFO] IPUIPlugin:80 - create IPUIPlugin
2025-05-14 20:11:02,631 [INFO] PluginManager:220 - loadIPPluginJar : add pdm2pcm
2025-05-14 20:11:02,634 [INFO] IPUIPlugin:80 - create IPUIPlugin
2025-05-14 20:11:02,636 [INFO] PluginManager:220 - loadIPPluginJar : add plateformsettings
2025-05-14 20:11:02,637 [INFO] IPUIPlugin:80 - create IPUIPlugin
2025-05-14 20:11:02,637 [INFO] PluginManager:220 - loadIPPluginJar : add quadspi
2025-05-14 20:11:02,638 [INFO] IPUIPlugin:80 - create IPUIPlugin
2025-05-14 20:11:02,638 [INFO] PluginManager:220 - loadIPPluginJar : add radio
2025-05-14 20:11:02,641 [INFO] IPUIPlugin:80 - create IPUIPlugin
2025-05-14 20:11:02,641 [INFO] PluginManager:220 - loadIPPluginJar : add resmgrutility
2025-05-14 20:11:02,643 [INFO] IPUIPlugin:80 - create IPUIPlugin
2025-05-14 20:11:02,643 [INFO] PluginManager:220 - loadIPPluginJar : add sai
2025-05-14 20:11:02,644 [INFO] IPUIPlugin:80 - create IPUIPlugin
2025-05-14 20:11:02,644 [INFO] PluginManager:220 - loadIPPluginJar : add spi
2025-05-14 20:11:02,647 [INFO] IPUIPlugin:80 - create IPUIPlugin
2025-05-14 20:11:02,647 [INFO] PluginManager:220 - loadIPPluginJar : add stm32_wpan
2025-05-14 20:11:02,648 [INFO] IPUIPlugin:80 - create IPUIPlugin
2025-05-14 20:11:02,648 [INFO] PluginManager:220 - loadIPPluginJar : add tim
2025-05-14 20:11:02,650 [INFO] IPUIPlugin:80 - create IPUIPlugin
2025-05-14 20:11:02,650 [INFO] PluginManager:220 - loadIPPluginJar : add touchsensing
2025-05-14 20:11:02,651 [INFO] IPUIPlugin:80 - create IPUIPlugin
2025-05-14 20:11:02,651 [INFO] PluginManager:220 - loadIPPluginJar : add tracer_emb
2025-05-14 20:11:02,652 [INFO] IPUIPlugin:80 - create IPUIPlugin
2025-05-14 20:11:02,652 [INFO] PluginManager:220 - loadIPPluginJar : add ts
2025-05-14 20:11:02,653 [INFO] IPUIPlugin:80 - create IPUIPlugin
2025-05-14 20:11:02,653 [INFO] PluginManager:220 - loadIPPluginJar : add tsc
2025-05-14 20:11:02,653 [INFO] IPUIPlugin:80 - create IPUIPlugin
2025-05-14 20:11:02,653 [INFO] PluginManager:220 - loadIPPluginJar : add ucpd
2025-05-14 20:11:02,655 [INFO] IPUIPlugin:80 - create IPUIPlugin
2025-05-14 20:11:02,655 [INFO] PluginManager:220 - loadIPPluginJar : add usart
2025-05-14 20:11:02,658 [INFO] IPUIPlugin:80 - create IPUIPlugin
2025-05-14 20:11:02,658 [INFO] PluginManager:220 - loadIPPluginJar : add usbx
2025-05-14 20:11:02,765 [FATAL] Updater:351 - Updater called before beeing initialized
2025-05-14 20:11:02,783 [INFO] RulesReader:64 - Compatibility file has been processed (297 Rules)
2025-05-14 20:11:02,791 [INFO] RulesReader:64 - Compatibility file has been processed (297 Rules)
2025-05-14 20:11:02,797 [INFO] CADModel:165 - CPN selected for project level
2025-05-14 20:11:02,798 [INFO] CADModel:114 - Register for checkConnection events
2025-05-14 20:11:02,798 [FATAL] Updater:351 - Updater called before beeing initialized
2025-05-14 20:11:02,798 [ERROR] CADModel:125 - Updater not yet initialized, retry later 
2025-05-14 20:11:02,899 [FATAL] Updater:351 - Updater called before beeing initialized
2025-05-14 20:11:02,901 [INFO] CADModel:165 - CPN selected for project level
2025-05-14 20:11:02,901 [INFO] CADModel:114 - Register for checkConnection events
2025-05-14 20:11:02,901 [FATAL] Updater:351 - Updater called before beeing initialized
2025-05-14 20:11:02,901 [ERROR] CADModel:125 - Updater not yet initialized, retry later 
2025-05-14 20:11:02,903 [FATAL] Updater:351 - Updater called before beeing initialized
2025-05-14 20:11:02,975 [FATAL] Updater:351 - Updater called before beeing initialized
2025-05-14 20:11:02,980 [INFO] DbMcusAds:53 - JSON generation date=Thu Mar 06 15:54:22 CET 2025 (1741272862078)
2025-05-14 20:11:02,981 [FATAL] Updater:351 - Updater called before beeing initialized
2025-05-14 20:11:03,008 [WARN] DetailPanel:346 - Failed to get advertising image, set to default
2025-05-14 20:11:03,164 [FATAL] Updater:351 - Updater called before beeing initialized
2025-05-14 20:11:03,165 [FATAL] Updater:351 - Updater called before beeing initialized
2025-05-14 20:11:03,165 [FATAL] Updater:351 - Updater called before beeing initialized
2025-05-14 20:11:03,166 [WARN] DetailPanel:346 - Failed to get advertising image, set to default
2025-05-14 20:11:03,166 [FATAL] Updater:351 - Updater called before beeing initialized
2025-05-14 20:11:03,196 [ERROR] Updater:1198 - MainUpdater not yet initialized. External WinMGr cannot be set.
2025-05-14 20:11:03,197 [INFO] Updater:1134 - Updater Version found : 6.13.0
2025-05-14 20:11:03,210 [INFO] ApplicationProperties:184 - Using Application install path: C:\ST\STM32CubeIDE_1.16.1\STM32CubeIDE\plugins\com.st.stm32cube.common.mx_6.13.0.202411220809
2025-05-14 20:11:03,573 [INFO] MainUpdater:2872 - connection check result : 10
2025-05-14 20:11:03,573 [INFO] MainUpdater:289 - Updater Check For Update Now.
2025-05-14 20:11:03,573 [INFO] MicroXplorer:498 - Change Database Version : DB.6.0.130
2025-05-14 20:11:03,576 [INFO] McuFinderGlobals:63 - Set McuFinder mode to 2 (CubeIDE integrated)
2025-05-14 20:11:03,576 [INFO] UserAuth:486 - Internet connection configuration mode: 1
2025-05-14 20:11:03,590 [INFO] JxBrowserEngine:152 - Initiate JxBrowser Engine with user profile folder
2025-05-14 20:11:03,725 [INFO] CheckServerUpdateThread:120 - End of CheckServer Thread
2025-05-14 20:11:04,086 [INFO] WebApp:168 - Instantiating new browser for Auth
2025-05-14 20:11:04,496 [INFO] WebApp:449 - Apply proxy settings
2025-05-14 20:11:04,497 [INFO] WebApp:534 - Chromium requires no authentication
2025-05-14 20:11:04,503 [INFO] WebApp:477 - Direct internet connection detected
2025-05-14 20:11:04,518 [INFO] WebApp:880 - Register for checkConnection events
2025-05-14 20:11:04,518 [INFO] WebApp:449 - Apply proxy settings
2025-05-14 20:11:04,518 [INFO] WebApp:534 - Chromium requires no authentication
2025-05-14 20:11:04,519 [INFO] WebApp:477 - Direct internet connection detected
2025-05-14 20:11:04,624 [INFO] WebApp:221 - Starting web application
2025-05-14 20:11:04,624 [INFO] WebApp:579 - Web application path used C:\ST\STM32CubeIDE_1.16.1\STM32CubeIDE\plugins\com.st.stm32cube.common.mx_6.13.0.202411220809\db\plugins\mcufinder\reactClient1\index.html
2025-05-14 20:11:04,676 [INFO] UserAuth:486 - Internet connection configuration mode: 1
2025-05-14 20:11:04,745 [INFO] WebApp:187 - Connection restablished
2025-05-14 20:11:05,369 [WARN] PackLoader:240 - Cannot read IP mode file for STMicroelectronics.FP-SNS-MOTENVWB1.1.4.0
2025-05-14 20:11:05,375 [WARN] PackLoader:240 - Cannot read IP mode file for STMicroelectronics.FP-ATR-ASTRA1.2.0.2
2025-05-14 20:11:05,378 [WARN] PackLoader:240 - Cannot read IP mode file for STMicroelectronics.FP-ATR-ASTRA1.2.0.1
2025-05-14 20:11:05,383 [WARN] PackLoader:240 - Cannot read IP mode file for STMicroelectronics.X-CUBE-SMBUS.2.1.0
2025-05-14 20:11:05,387 [WARN] PackLoader:240 - Cannot read IP mode file for STMicroelectronics.X-CUBE-WB05N.1.1.0
2025-05-14 20:11:05,405 [WARN] PackLoader:240 - Cannot read IP mode file for STMicroelectronics.X-CUBE-AZRTOS-F7.1.1.0
2025-05-14 20:11:05,439 [WARN] PackLoader:240 - Cannot read IP mode file for STMicroelectronics.X-CUBE-MEMS1.11.0.0
2025-05-14 20:11:05,529 [WARN] PackLoader:240 - Cannot read IP mode file for STMicroelectronics.FP-SNS-FLIGHT1.5.0.2
2025-05-14 20:11:05,536 [WARN] PackLoader:240 - Cannot read IP mode file for STMicroelectronics.X-CUBE-DISPLAY.3.0.0
2025-05-14 20:11:05,543 [WARN] PackLoader:240 - Cannot read IP mode file for STMicroelectronics.X-CUBE-BLE1.7.0.0
2025-05-14 20:11:05,563 [WARN] PackLoader:240 - Cannot read IP mode file for STMicroelectronics.X-CUBE-NFC10.1.0.0
2025-05-14 20:11:05,572 [WARN] PackLoader:240 - Cannot read IP mode file for STMicroelectronics.X-CUBE-BLEMGR.4.0.0
2025-05-14 20:11:05,578 [WARN] PackLoader:240 - Cannot read IP mode file for emotas.I-CUBE-CANOPEN.1.3.0
2025-05-14 20:11:05,583 [WARN] PackLoader:240 - Cannot read IP mode file for STMicroelectronics.X-CUBE-BLEMGR.3.1.0
2025-05-14 20:11:05,586 [WARN] PackLoader:240 - Cannot read IP mode file for STMicroelectronics.X-CUBE-AI.10.0.0
2025-05-14 20:11:05,588 [WARN] PackLoader:240 - Cannot read IP mode file for STMicroelectronics.FP-SNS-SMARTAG2.1.2.0
2025-05-14 20:11:05,591 [WARN] PackLoader:240 - Cannot read IP mode file for STMicroelectronics.FP-SNS-FLIGHT1.5.1.0
2025-05-14 20:11:05,616 [WARN] PackLoader:240 - Cannot read IP mode file for STMicroelectronics.X-CUBE-MEMS1.11.1.0
2025-05-14 20:11:05,691 [INFO] LogOutputStream:77 - [STDOUT_REDIRECT] 1 : Invalid condition id : UX_CORESTACK_Condition cause : null
2025-05-14 20:11:05,691 [INFO] LogOutputStream:77 - [STDOUT_REDIRECT] 1 : Invalid condition id : UX_CORESTACK_Condition cause : null
2025-05-14 20:11:05,692 [INFO] LogOutputStream:77 - [STDOUT_REDIRECT] 1 : Invalid condition id : UX_CORESTACK_Condition cause : null
2025-05-14 20:11:05,693 [INFO] LogOutputStream:77 - [STDOUT_REDIRECT] 1 : Invalid condition id : UX_CORESTACK_Condition cause : null
2025-05-14 20:11:05,694 [INFO] LogOutputStream:77 - [STDOUT_REDIRECT] 1 : Invalid condition id : UX_CORESTACK_Condition cause : null
2025-05-14 20:11:05,695 [WARN] PackLoader:240 - Cannot read IP mode file for STMicroelectronics.X-CUBE-AZRTOS-WL.2.0.0
2025-05-14 20:11:05,698 [WARN] PackLoader:240 - Cannot read IP mode file for STMicroelectronics.FP-SNS-MOTENV1.5.0.0
2025-05-14 20:11:05,702 [WARN] PackLoader:240 - Cannot read IP mode file for wolfSSL.I-CUBE-wolfMQTT.1.19.0
2025-05-14 20:11:05,708 [WARN] PackLoader:240 - Cannot read IP mode file for WES.I-CUBE-Cesium.1.3.0
2025-05-14 20:11:05,711 [WARN] PackLoader:240 - Cannot read IP mode file for STMicroelectronics.X-CUBE-BLE2.3.3.0
2025-05-14 20:11:05,715 [WARN] PackLoader:240 - Cannot read IP mode file for STMicroelectronics.X-CUBE-NFC9.1.0.0
2025-05-14 20:11:05,718 [WARN] PackLoader:240 - Cannot read IP mode file for STMicroelectronics.X-CUBE-BLE1.7.1.0
2025-05-14 20:11:05,721 [WARN] PackLoader:240 - Cannot read IP mode file for STMicroelectronics.X-CUBE-TCPP.4.1.0
2025-05-14 20:11:05,745 [WARN] PackLoader:240 - Cannot read IP mode file for STMicroelectronics.X-CUBE-MEMS1.11.2.0
2025-05-14 20:11:05,823 [WARN] PackLoader:240 - Cannot read IP mode file for STMicroelectronics.X-CUBE-AZRTOS-G0.1.1.0
2025-05-14 20:11:05,827 [WARN] PackLoader:240 - Cannot read IP mode file for STMicroelectronics.X-CUBE-SAFEA1.1.2.2
2025-05-14 20:11:05,830 [WARN] PackLoader:240 - Cannot read IP mode file for STMicroelectronics.X-CUBE-NFC4.3.0.0
2025-05-14 20:11:05,836 [WARN] PackLoader:240 - Cannot read IP mode file for EmbeddedOffice.I-CUBE-FS-RTOS.1.0.1
2025-05-14 20:11:05,839 [WARN] PackLoader:240 - Cannot read IP mode file for STMicroelectronics.X-CUBE-WB05N.2.0.0
2025-05-14 20:11:05,842 [WARN] PackLoader:240 - Cannot read IP mode file for STMicroelectronics.X-CUBE-TCPP.4.2.0
2025-05-14 20:11:05,848 [WARN] PackLoader:240 - Cannot read IP mode file for RealThread.X-CUBE-RT-Thread_Nano.4.1.1
2025-05-14 20:11:05,852 [WARN] PackLoader:240 - Cannot read IP mode file for STMicroelectronics.FP-ATR-SIGFOX1.3.2.0
2025-05-14 20:11:05,857 [WARN] PackLoader:240 - Cannot read IP mode file for wolfSSL.I-CUBE-wolfSSL.5.7.2
2025-05-14 20:11:05,863 [WARN] ConditionMgr:438 - getConditionDescription Invalid condition id : Cortex-A Device cause : null
2025-05-14 20:11:05,895 [WARN] ConditionMgr:1044 - genDependencies : Invalid condition id : Cortex-A Device cause : null
2025-05-14 20:11:05,896 [WARN] ConditionMgr:1044 - genDependencies : Invalid condition id : Cortex-A Device cause : null
2025-05-14 20:11:05,896 [WARN] ConditionMgr:1044 - genDependencies : Invalid condition id : Cortex-A Device cause : null
2025-05-14 20:11:05,900 [WARN] PackLoader:240 - Cannot read IP mode file for STMicroelectronics.X-CUBE-EEPRMA1.5.1.0
2025-05-14 20:11:05,906 [WARN] PackLoader:240 - Cannot read IP mode file for ITTIA_DB.I-CUBE-ITTIADB.8.9.0
2025-05-14 20:11:05,921 [WARN] PackLoader:240 - Cannot read IP mode file for SEGGER.I-CUBE-embOS.1.3.1
2025-05-14 20:11:05,947 [WARN] PackLoader:240 - Cannot read IP mode file for STMicroelectronics.X-CUBE-ALGOBUILD.1.4.0
2025-05-14 20:11:05,949 [WARN] PackLoader:240 - Cannot read IP mode file for STMicroelectronics.X-CUBE-AI.9.1.0
2025-05-14 20:11:05,960 [WARN] PackLoader:240 - Cannot read IP mode file for STMicroelectronics.X-CUBE-AZRTOS-F4.1.1.0
2025-05-14 20:11:05,965 [WARN] PackLoader:240 - Cannot read IP mode file for Avnet-IotConnect.X-CUBE-IoTC-DA16k-PMOD.1.0.0
2025-05-14 20:11:05,968 [WARN] PackLoader:240 - Cannot read IP mode file for STMicroelectronics.X-CUBE-ISPU.2.1.0
2025-05-14 20:11:05,970 [WARN] PackLoader:240 - Cannot read IP mode file for STMicroelectronics.X-CUBE-FREERTOS.1.2.0
2025-05-14 20:11:05,992 [WARN] PackLoader:240 - Cannot read IP mode file for STMicroelectronics.X-CUBE-AZRTOS-L5.2.0.0
2025-05-14 20:11:06,001 [WARN] PackLoader:240 - Cannot read IP mode file for STMicroelectronics.X-CUBE-NFC6.3.1.0
2025-05-14 20:11:06,007 [WARN] PackLoader:240 - Cannot read IP mode file for STMicroelectronics.X-CUBE-DPower.1.2.0
2025-05-14 20:11:06,010 [WARN] PackLoader:240 - Cannot read IP mode file for STMicroelectronics.X-CUBE-FREERTOS.1.3.1
2025-05-14 20:11:06,014 [WARN] PackLoader:240 - Cannot read IP mode file for STMicroelectronics.X-CUBE-FREERTOS.1.3.0
2025-05-14 20:11:06,018 [WARN] PackLoader:240 - Cannot read IP mode file for STMicroelectronics.X-CUBE-NFC7.1.0.1
2025-05-14 20:11:06,021 [WARN] PackLoader:240 - Cannot read IP mode file for STMicroelectronics.X-CUBE-DPower.1.3.0
2025-05-14 20:11:06,030 [WARN] ConditionMgr:438 - getConditionDescription Invalid condition id : LAN8742 Phy interface Condition cause : null
2025-05-14 20:11:06,030 [WARN] PackLoader:240 - Cannot read IP mode file for STMicroelectronics.X-CUBE-AZRTOS-L4.2.0.0
2025-05-14 20:11:06,032 [WARN] ConditionMgr:1044 - genDependencies : Invalid condition id : LAN8742 Phy interface Condition cause : null
2025-05-14 20:11:06,032 [WARN] ConditionMgr:1044 - genDependencies : Invalid condition id : LAN8742 Phy interface Condition cause : null
2025-05-14 20:11:06,032 [WARN] ConditionMgr:1044 - genDependencies : Invalid condition id : LAN8742 Phy interface Condition cause : null
2025-05-14 20:11:06,037 [WARN] PackLoader:240 - Cannot read IP mode file for STMicroelectronics.X-CUBE-SFXS2LP1.4.0.0
2025-05-14 20:11:06,046 [WARN] PackLoader:240 - Cannot read IP mode file for STMicroelectronics.X-CUBE-AZRTOS-H7.3.3.0
2025-05-14 20:11:06,053 [WARN] PackLoader:240 - Cannot read IP mode file for STMicroelectronics.X-CUBE-IPS.3.0.0
2025-05-14 20:11:06,060 [WARN] ConditionMgr:438 - getConditionDescription Invalid condition id : UX DEVICE CLASS RTOS Condition cause : null
2025-05-14 20:11:06,060 [WARN] ConditionMgr:438 - getConditionDescription Invalid condition id : UX DEVICE CLASS RTOS Condition cause : null
2025-05-14 20:11:06,061 [WARN] PackLoader:240 - Cannot read IP mode file for STMicroelectronics.X-CUBE-AZRTOS-WB.2.0.0
2025-05-14 20:11:06,061 [WARN] ConditionMgr:1044 - genDependencies : Invalid condition id : UX DEVICE CLASS RTOS Condition cause : null
2025-05-14 20:11:06,061 [WARN] ConditionMgr:1044 - genDependencies : Invalid condition id : UX DEVICE CLASS RTOS Condition cause : null
2025-05-14 20:11:06,061 [WARN] ConditionMgr:1044 - genDependencies : Invalid condition id : UX DEVICE CLASS RTOS Condition cause : null
2025-05-14 20:11:06,062 [WARN] ConditionMgr:1044 - genDependencies : Invalid condition id : UX DEVICE CLASS RTOS Condition cause : null
2025-05-14 20:11:06,062 [WARN] ConditionMgr:1044 - genDependencies : Invalid condition id : UX DEVICE CLASS RTOS Condition cause : null
2025-05-14 20:11:06,066 [WARN] PackLoader:240 - Cannot read IP mode file for STMicroelectronics.X-CUBE-GNSS1.7.0.0
2025-05-14 20:11:06,069 [WARN] PackLoader:240 - Cannot read IP mode file for STMicroelectronics.X-CUBE-GNSS1.7.0.1
2025-05-14 20:11:06,075 [WARN] PackLoader:240 - Cannot read IP mode file for STMicroelectronics.X-CUBE-TOUCHGFX.4.25.0
2025-05-14 20:11:06,078 [WARN] PackLoader:240 - Cannot read IP mode file for STMicroelectronics.FP-SNS-STBOX1.2.0.0
2025-05-14 20:11:06,084 [WARN] PackLoader:240 - Cannot read IP mode file for STMicroelectronics.X-CUBE-SUBG2.5.0.0
2025-05-14 20:11:06,095 [WARN] PackLoader:240 - Cannot read IP mode file for STMicroelectronics.X-CUBE-AZRTOS-H7RS.1.1.0
2025-05-14 20:11:06,099 [WARN] PackLoader:240 - Cannot read IP mode file for Cesanta.I-CUBE-Mongoose.7.13.0
2025-05-14 20:11:06,109 [WARN] PackLoader:240 - Cannot read IP mode file for STMicroelectronics.X-CUBE-AZRTOS-G4.2.0.0
2025-05-14 20:11:06,113 [WARN] PackLoader:240 - Cannot read IP mode file for STMicroelectronics.X-CUBE-NFC7.2.0.0
2025-05-14 20:11:06,119 [WARN] PackLoader:240 - Cannot read IP mode file for STMicroelectronics.X-CUBE-IPS.3.1.0
2025-05-14 20:11:06,124 [WARN] PackLoader:240 - Cannot read IP mode file for STMicroelectronics.X-CUBE-ALS.1.0.2
2025-05-14 20:11:06,126 [WARN] PackLoader:240 - Cannot read IP mode file for STMicroelectronics.X-CUBE-TOUCHGFX.4.24.2
2025-05-14 20:11:06,127 [WARN] PackLoader:240 - Cannot read IP mode file for STMicroelectronics.X-CUBE-TOUCHGFX.4.24.1
2025-05-14 20:11:06,130 [WARN] PackLoader:240 - Cannot read IP mode file for wolfSSL.I-CUBE-wolfTPM.3.4.0
2025-05-14 20:11:06,133 [WARN] PackLoader:240 - Cannot read IP mode file for portGmbH.I-Cube-SoM-uGOAL.1.1.0
2025-05-14 20:11:06,142 [WARN] PackLoader:240 - Cannot read IP mode file for STMicroelectronics.X-CUBE-AZRTOS-H7RS.1.0.0
2025-05-14 20:11:06,146 [WARN] PackLoader:240 - Cannot read IP mode file for STMicroelectronics.FP-ATR-ASTRA1.2.0.0
2025-05-14 20:11:06,151 [WARN] PackLoader:240 - Cannot read IP mode file for STMicroelectronics.X-CUBE-TOF1.3.4.2
2025-05-14 20:11:06,160 [WARN] PackLoader:240 - Cannot read IP mode file for STMicroelectronics.X-CUBE-TOF1.3.4.3
2025-05-14 20:11:06,173 [WARN] PackLoader:240 - Cannot read IP mode file for Infineon.AIROC-Wi-Fi-Bluetooth-STM32.1.6.1
2025-05-14 20:11:06,176 [WARN] PackLoader:240 - Cannot read IP mode file for wolfSSL.I-CUBE-wolfSSH.1.4.17
2025-05-14 20:11:06,177 [INFO] ThirdParty:978 - Integrity check success = true
2025-05-14 20:11:06,177 [INFO] IntegrityCheckThread:100 - exiting critical section [integrity check]
2025-05-14 20:11:06,177 [INFO] IntegrityCheckThread:103 - End integrity checks thread
2025-05-14 20:21:52,078 [INFO] WebApp:190 - Connection lost
2025-05-14 20:21:52,242 [INFO] WebApp:187 - Connection restablished
2025-05-14 20:21:54,866 [INFO] WebApp:190 - Connection lost
2025-05-14 20:21:55,000 [INFO] WebApp:187 - Connection restablished
2025-05-14 21:15:09,387 [ERROR] LogOutputStream:75 - [STDERR_REDIRECT] 
