timestamp,value,variable
1764786261210,,monitor_data.id
1764786261210,,monitor_data.id_ref
1764786261210,,monitor_data.iq
1764786261210,,monitor_data.iq_ref
1764786261210,0,monitor_data.id
1764786261215,0,monitor_data.id
1764786261218,0,monitor_data.id
1764786261222,0,monitor_data.id
1764786261226,0,monitor_data.id
1764786261229,0,monitor_data.id
1764786261233,0,monitor_data.id
1764786261235,0,monitor_data.id
1764786261239,0,monitor_data.id
1764786261242,0,monitor_data.id
1764786261244,0,monitor_data.id
1764786261247,0,monitor_data.id
1764786261249,0,monitor_data.id
1764786261251,0,monitor_data.id
1764786261253,0,monitor_data.id
1764786261256,0,monitor_data.id
1764786261258,0,monitor_data.id
1764786261261,0,monitor_data.id
1764786261263,0,monitor_data.id
1764786261210,0,monitor_data.id_ref
1764786261215,0,monitor_data.id_ref
1764786261218,0,monitor_data.id_ref
1764786261222,0,monitor_data.id_ref
1764786261226,0,monitor_data.id_ref
1764786261229,0,monitor_data.id_ref
1764786261233,0,monitor_data.id_ref
1764786261235,0,monitor_data.id_ref
1764786261239,0,monitor_data.id_ref
1764786261242,0,monitor_data.id_ref
1764786261244,0,monitor_data.id_ref
1764786261247,0,monitor_data.id_ref
1764786261249,0,monitor_data.id_ref
1764786261251,0,monitor_data.id_ref
1764786261253,0,monitor_data.id_ref
1764786261256,0,monitor_data.id_ref
1764786261258,0,monitor_data.id_ref
1764786261261,0,monitor_data.id_ref
1764786261263,0,monitor_data.id_ref
1764786261210,0,monitor_data.iq
1764786261215,0,monitor_data.iq
1764786261218,0,monitor_data.iq
1764786261222,0,monitor_data.iq
1764786261226,0,monitor_data.iq
1764786261229,0,monitor_data.iq
1764786261233,0,monitor_data.iq
1764786261235,0,monitor_data.iq
1764786261239,0,monitor_data.iq
1764786261242,0,monitor_data.iq
1764786261244,0,monitor_data.iq
1764786261247,0,monitor_data.iq
1764786261249,0,monitor_data.iq
1764786261251,0,monitor_data.iq
1764786261253,0,monitor_data.iq
1764786261256,0,monitor_data.iq
1764786261258,0,monitor_data.iq
1764786261261,0,monitor_data.iq
1764786261263,0,monitor_data.iq
1764786261210,0,monitor_data.iq_ref
1764786261215,0,monitor_data.iq_ref
1764786261218,0,monitor_data.iq_ref
1764786261222,0,monitor_data.iq_ref
1764786261226,0,monitor_data.iq_ref
1764786261229,0,monitor_data.iq_ref
1764786261233,0,monitor_data.iq_ref
1764786261235,0,monitor_data.iq_ref
1764786261239,0,monitor_data.iq_ref
1764786261242,0,monitor_data.iq_ref
1764786261244,0,monitor_data.iq_ref
1764786261247,0,monitor_data.iq_ref
1764786261249,0,monitor_data.iq_ref
1764786261251,0,monitor_data.iq_ref
1764786261253,0,monitor_data.iq_ref
1764786261256,0,monitor_data.iq_ref
1764786261258,0,monitor_data.iq_ref
1764786261261,0,monitor_data.iq_ref
1764786261263,0,monitor_data.iq_ref
1764786261265,0,monitor_data.id
1764786261268,0,monitor_data.id
1764786261270,0,monitor_data.id
1764786261274,0,monitor_data.id
1764786261277,0,monitor_data.id
1764786261279,0,monitor_data.id
1764786261282,0,monitor_data.id
1764786261285,0,monitor_data.id
1764786261287,0,monitor_data.id
1764786261290,0,monitor_data.id
1764786261293,0,monitor_data.id
1764786261296,0,monitor_data.id
1764786261299,0,monitor_data.id
1764786261301,0,monitor_data.id
1764786261304,0,monitor_data.id
1764786261307,0,monitor_data.id
1764786261309,0,monitor_data.id
1764786261311,0,monitor_data.id
1764786261314,0,monitor_data.id
1764786261265,0,monitor_data.id_ref
1764786261268,0,monitor_data.id_ref
1764786261270,0,monitor_data.id_ref
1764786261274,0,monitor_data.id_ref
1764786261277,0,monitor_data.id_ref
1764786261279,0,monitor_data.id_ref
1764786261282,0,monitor_data.id_ref
1764786261285,0,monitor_data.id_ref
1764786261287,0,monitor_data.id_ref
1764786261290,0,monitor_data.id_ref
1764786261293,0,monitor_data.id_ref
1764786261296,0,monitor_data.id_ref
1764786261299,0,monitor_data.id_ref
1764786261301,0,monitor_data.id_ref
1764786261304,0,monitor_data.id_ref
1764786261307,0,monitor_data.id_ref
1764786261309,0,monitor_data.id_ref
1764786261311,0,monitor_data.id_ref
1764786261314,0,monitor_data.id_ref
1764786261265,0,monitor_data.iq
1764786261268,0,monitor_data.iq
1764786261270,0,monitor_data.iq
1764786261274,0,monitor_data.iq
1764786261277,0,monitor_data.iq
1764786261279,0,monitor_data.iq
1764786261282,0,monitor_data.iq
1764786261285,0,monitor_data.iq
1764786261287,0,monitor_data.iq
1764786261290,0,monitor_data.iq
1764786261293,0,monitor_data.iq
1764786261296,0,monitor_data.iq
1764786261299,0,monitor_data.iq
1764786261301,0,monitor_data.iq
1764786261304,0,monitor_data.iq
1764786261307,0,monitor_data.iq
1764786261309,0,monitor_data.iq
1764786261311,0,monitor_data.iq
1764786261314,0,monitor_data.iq
1764786261265,0,monitor_data.iq_ref
1764786261268,0,monitor_data.iq_ref
1764786261270,0,monitor_data.iq_ref
1764786261274,0,monitor_data.iq_ref
1764786261277,0,monitor_data.iq_ref
1764786261279,0,monitor_data.iq_ref
1764786261282,0,monitor_data.iq_ref
1764786261285,0,monitor_data.iq_ref
1764786261287,0,monitor_data.iq_ref
1764786261290,0,monitor_data.iq_ref
1764786261293,0,monitor_data.iq_ref
1764786261296,0,monitor_data.iq_ref
1764786261299,0,monitor_data.iq_ref
1764786261301,0,monitor_data.iq_ref
1764786261304,0,monitor_data.iq_ref
1764786261307,0,monitor_data.iq_ref
1764786261309,0,monitor_data.iq_ref
1764786261311,0,monitor_data.iq_ref
1764786261314,0,monitor_data.iq_ref
1764786261316,0,monitor_data.id
1764786261318,0,monitor_data.id
1764786261319,0,monitor_data.id
1764786261322,0,monitor_data.id
1764786261325,0,monitor_data.id
1764786261327,0,monitor_data.id
1764786261329,0,monitor_data.id
1764786261332,0,monitor_data.id
1764786261334,0,monitor_data.id
1764786261337,0,monitor_data.id
1764786261339,0,monitor_data.id
1764786261342,0,monitor_data.id
1764786261345,0,monitor_data.id
1764786261347,0,monitor_data.id
1764786261349,0,monitor_data.id
1764786261351,0,monitor_data.id
1764786261353,0,monitor_data.id
1764786261356,0,monitor_data.id
1764786261359,0,monitor_data.id
1764786261362,0,monitor_data.id
1764786261364,0,monitor_data.id
1764786261316,0,monitor_data.id_ref
1764786261318,0,monitor_data.id_ref
1764786261319,0,monitor_data.id_ref
1764786261322,0,monitor_data.id_ref
1764786261325,0,monitor_data.id_ref
1764786261327,0,monitor_data.id_ref
1764786261329,0,monitor_data.id_ref
1764786261332,0,monitor_data.id_ref
1764786261334,0,monitor_data.id_ref
1764786261337,0,monitor_data.id_ref
1764786261339,0,monitor_data.id_ref
1764786261342,0,monitor_data.id_ref
1764786261345,0,monitor_data.id_ref
1764786261347,0,monitor_data.id_ref
1764786261349,0,monitor_data.id_ref
1764786261351,0,monitor_data.id_ref
1764786261353,0,monitor_data.id_ref
1764786261356,0,monitor_data.id_ref
1764786261359,0,monitor_data.id_ref
1764786261362,0,monitor_data.id_ref
1764786261364,0,monitor_data.id_ref
1764786261316,0,monitor_data.iq
1764786261318,0,monitor_data.iq
1764786261319,0,monitor_data.iq
1764786261322,0,monitor_data.iq
1764786261325,0,monitor_data.iq
1764786261327,0,monitor_data.iq
1764786261329,0,monitor_data.iq
1764786261332,0,monitor_data.iq
1764786261334,0,monitor_data.iq
1764786261337,0,monitor_data.iq
1764786261339,0,monitor_data.iq
1764786261342,0,monitor_data.iq
1764786261345,0,monitor_data.iq
1764786261347,0,monitor_data.iq
1764786261349,0,monitor_data.iq
1764786261351,0,monitor_data.iq
1764786261353,0,monitor_data.iq
1764786261356,0,monitor_data.iq
1764786261359,0,monitor_data.iq
1764786261362,0,monitor_data.iq
1764786261364,0,monitor_data.iq
1764786261316,0,monitor_data.iq_ref
1764786261318,0,monitor_data.iq_ref
1764786261319,0,monitor_data.iq_ref
1764786261322,0,monitor_data.iq_ref
1764786261325,0,monitor_data.iq_ref
1764786261327,0,monitor_data.iq_ref
1764786261329,0,monitor_data.iq_ref
1764786261332,0,monitor_data.iq_ref
1764786261334,0,monitor_data.iq_ref
1764786261337,0,monitor_data.iq_ref
1764786261339,0,monitor_data.iq_ref
1764786261342,0,monitor_data.iq_ref
1764786261345,0,monitor_data.iq_ref
1764786261347,0,monitor_data.iq_ref
1764786261349,0,monitor_data.iq_ref
1764786261351,0,monitor_data.iq_ref
1764786261353,0,monitor_data.iq_ref
1764786261356,0,monitor_data.iq_ref
1764786261359,0,monitor_data.iq_ref
1764786261362,0,monitor_data.iq_ref
1764786261364,0,monitor_data.iq_ref
1764786261367,0,monitor_data.id
1764786261369,0,monitor_data.id
1764786261371,0,monitor_data.id
1764786261374,0,monitor_data.id
1764786261376,0,monitor_data.id
1764786261378,0,monitor_data.id
1764786261380,0,monitor_data.id
1764786261383,0,monitor_data.id
1764786261385,0,monitor_data.id
1764786261387,0,monitor_data.id
1764786261390,0,monitor_data.id
1764786261393,0,monitor_data.id
1764786261396,0,monitor_data.id
1764786261398,0,monitor_data.id
1764786261401,0,monitor_data.id
1764786261403,0,monitor_data.id
1764786261406,0,monitor_data.id
1764786261409,0,monitor_data.id
1764786261411,0,monitor_data.id
1764786261413,0,monitor_data.id
1764786261416,0,monitor_data.id
1764786261367,0,monitor_data.id_ref
1764786261369,0,monitor_data.id_ref
1764786261371,0,monitor_data.id_ref
1764786261374,0,monitor_data.id_ref
1764786261376,0,monitor_data.id_ref
1764786261378,0,monitor_data.id_ref
1764786261380,0,monitor_data.id_ref
1764786261383,0,monitor_data.id_ref
1764786261385,0,monitor_data.id_ref
1764786261387,0,monitor_data.id_ref
1764786261390,0,monitor_data.id_ref
1764786261393,0,monitor_data.id_ref
1764786261396,0,monitor_data.id_ref
1764786261398,0,monitor_data.id_ref
1764786261401,0,monitor_data.id_ref
1764786261403,0,monitor_data.id_ref
1764786261406,0,monitor_data.id_ref
1764786261409,0,monitor_data.id_ref
1764786261411,0,monitor_data.id_ref
1764786261413,0,monitor_data.id_ref
1764786261416,0,monitor_data.id_ref
1764786261367,0,monitor_data.iq
1764786261369,0,monitor_data.iq
1764786261371,0,monitor_data.iq
1764786261374,0,monitor_data.iq
1764786261376,0,monitor_data.iq
1764786261378,0,monitor_data.iq
1764786261380,0,monitor_data.iq
1764786261383,0,monitor_data.iq
1764786261385,0,monitor_data.iq
1764786261387,0,monitor_data.iq
1764786261390,0,monitor_data.iq
1764786261393,0,monitor_data.iq
1764786261396,0,monitor_data.iq
1764786261398,0,monitor_data.iq
1764786261401,0,monitor_data.iq
1764786261403,0,monitor_data.iq
1764786261406,0,monitor_data.iq
1764786261409,0,monitor_data.iq
1764786261411,0,monitor_data.iq
1764786261413,0,monitor_data.iq
1764786261416,0,monitor_data.iq
1764786261367,0,monitor_data.iq_ref
1764786261369,0,monitor_data.iq_ref
1764786261371,0,monitor_data.iq_ref
1764786261374,0,monitor_data.iq_ref
1764786261376,0,monitor_data.iq_ref
1764786261378,0,monitor_data.iq_ref
1764786261380,0,monitor_data.iq_ref
1764786261383,0,monitor_data.iq_ref
1764786261385,0,monitor_data.iq_ref
1764786261387,0,monitor_data.iq_ref
1764786261390,0,monitor_data.iq_ref
1764786261393,0,monitor_data.iq_ref
1764786261396,0,monitor_data.iq_ref
1764786261398,0,monitor_data.iq_ref
1764786261401,0,monitor_data.iq_ref
1764786261403,0,monitor_data.iq_ref
1764786261406,0,monitor_data.iq_ref
1764786261409,0,monitor_data.iq_ref
1764786261411,0,monitor_data.iq_ref
1764786261413,0,monitor_data.iq_ref
1764786261416,0,monitor_data.iq_ref
1764786261418,0,monitor_data.id
1764786261420,0,monitor_data.id
1764786261422,0,monitor_data.id
1764786261425,0,monitor_data.id
1764786261427,0,monitor_data.id
1764786261429,0,monitor_data.id
1764786261432,0,monitor_data.id
1764786261434,0,monitor_data.id
1764786261436,0,monitor_data.id
1764786261439,0,monitor_data.id
1764786261441,0,monitor_data.id
1764786261444,0,monitor_data.id
1764786261446,0,monitor_data.id
1764786261449,0,monitor_data.id
1764786261451,0,monitor_data.id
1764786261454,0,monitor_data.id
1764786261457,0,monitor_data.id
1764786261459,0,monitor_data.id
1764786261461,0,monitor_data.id
1764786261463,0,monitor_data.id
1764786261465,0,monitor_data.id
1764786261467,0,monitor_data.id
1764786261418,0,monitor_data.id_ref
1764786261420,0,monitor_data.id_ref
1764786261422,0,monitor_data.id_ref
1764786261425,0,monitor_data.id_ref
1764786261427,0,monitor_data.id_ref
1764786261429,0,monitor_data.id_ref
1764786261432,0,monitor_data.id_ref
1764786261434,0,monitor_data.id_ref
1764786261436,0,monitor_data.id_ref
1764786261439,0,monitor_data.id_ref
1764786261441,0,monitor_data.id_ref
1764786261444,0,monitor_data.id_ref
1764786261446,0,monitor_data.id_ref
1764786261449,0,monitor_data.id_ref
1764786261451,0,monitor_data.id_ref
1764786261454,0,monitor_data.id_ref
1764786261457,0,monitor_data.id_ref
1764786261459,0,monitor_data.id_ref
1764786261461,0,monitor_data.id_ref
1764786261463,0,monitor_data.id_ref
1764786261465,0,monitor_data.id_ref
1764786261467,0,monitor_data.id_ref
1764786261418,0,monitor_data.iq
1764786261420,0,monitor_data.iq
1764786261422,0,monitor_data.iq
1764786261425,0,monitor_data.iq
1764786261427,0,monitor_data.iq
1764786261429,0,monitor_data.iq
1764786261432,0,monitor_data.iq
1764786261434,0,monitor_data.iq
1764786261436,0,monitor_data.iq
1764786261439,0,monitor_data.iq
1764786261441,0,monitor_data.iq
1764786261444,0,monitor_data.iq
1764786261446,0,monitor_data.iq
1764786261449,0,monitor_data.iq
1764786261451,0,monitor_data.iq
1764786261454,0,monitor_data.iq
1764786261457,0,monitor_data.iq
1764786261459,0,monitor_data.iq
1764786261461,0,monitor_data.iq
1764786261463,0,monitor_data.iq
1764786261465,0,monitor_data.iq
1764786261467,0,monitor_data.iq
1764786261418,0,monitor_data.iq_ref
1764786261420,0,monitor_data.iq_ref
1764786261422,0,monitor_data.iq_ref
1764786261425,0,monitor_data.iq_ref
1764786261427,0,monitor_data.iq_ref
1764786261429,0,monitor_data.iq_ref
1764786261432,0,monitor_data.iq_ref
1764786261434,0,monitor_data.iq_ref
1764786261436,0,monitor_data.iq_ref
1764786261439,0,monitor_data.iq_ref
1764786261441,0,monitor_data.iq_ref
1764786261444,0,monitor_data.iq_ref
1764786261446,0,monitor_data.iq_ref
1764786261449,0,monitor_data.iq_ref
1764786261451,0,monitor_data.iq_ref
1764786261454,0,monitor_data.iq_ref
1764786261457,0,monitor_data.iq_ref
1764786261459,0,monitor_data.iq_ref
1764786261461,0,monitor_data.iq_ref
1764786261463,0,monitor_data.iq_ref
1764786261465,0,monitor_data.iq_ref
1764786261467,0,monitor_data.iq_ref
1764786261470,0,monitor_data.id
1764786261472,0,monitor_data.id
1764786261475,0,monitor_data.id
1764786261476,0,monitor_data.id
1764786261479,0,monitor_data.id
1764786261481,0,monitor_data.id
1764786261483,0,monitor_data.id
1764786261485,0,monitor_data.id
1764786261487,0,monitor_data.id
1764786261490,0,monitor_data.id
1764786261491,0,monitor_data.id
1764786261493,0,monitor_data.id
1764786261495,0,monitor_data.id
1764786261498,0,monitor_data.id
1764786261500,0,monitor_data.id
1764786261504,0,monitor_data.id
1764786261506,0,monitor_data.id
1764786261509,0,monitor_data.id
1764786261511,0,monitor_data.id
1764786261513,0,monitor_data.id
1764786261515,0,monitor_data.id
1764786261517,0,monitor_data.id
1764786261518,0,monitor_data.id
1764786261470,0,monitor_data.id_ref
1764786261472,0,monitor_data.id_ref
1764786261475,0,monitor_data.id_ref
1764786261476,0,monitor_data.id_ref
1764786261479,0,monitor_data.id_ref
1764786261481,0,monitor_data.id_ref
1764786261483,0,monitor_data.id_ref
1764786261485,0,monitor_data.id_ref
1764786261487,0,monitor_data.id_ref
1764786261490,0,monitor_data.id_ref
1764786261491,0,monitor_data.id_ref
1764786261493,0,monitor_data.id_ref
1764786261495,0,monitor_data.id_ref
1764786261498,0,monitor_data.id_ref
1764786261500,0,monitor_data.id_ref
1764786261504,0,monitor_data.id_ref
1764786261506,0,monitor_data.id_ref
1764786261509,0,monitor_data.id_ref
1764786261511,0,monitor_data.id_ref
1764786261513,0,monitor_data.id_ref
1764786261515,0,monitor_data.id_ref
1764786261517,0,monitor_data.id_ref
1764786261518,0,monitor_data.id_ref
1764786261470,0,monitor_data.iq
1764786261472,0,monitor_data.iq
1764786261475,0,monitor_data.iq
1764786261476,0,monitor_data.iq
1764786261479,0,monitor_data.iq
1764786261481,0,monitor_data.iq
1764786261483,0,monitor_data.iq
1764786261485,0,monitor_data.iq
1764786261487,0,monitor_data.iq
1764786261490,0,monitor_data.iq
1764786261491,0,monitor_data.iq
1764786261493,0,monitor_data.iq
1764786261495,0,monitor_data.iq
1764786261498,0,monitor_data.iq
1764786261500,0,monitor_data.iq
1764786261504,0,monitor_data.iq
1764786261506,0,monitor_data.iq
1764786261509,0,monitor_data.iq
1764786261511,0,monitor_data.iq
1764786261513,0,monitor_data.iq
1764786261515,0,monitor_data.iq
1764786261517,0,monitor_data.iq
1764786261518,0,monitor_data.iq
1764786261470,0,monitor_data.iq_ref
1764786261472,0,monitor_data.iq_ref
1764786261475,0,monitor_data.iq_ref
1764786261476,0,monitor_data.iq_ref
1764786261479,0,monitor_data.iq_ref
1764786261481,0,monitor_data.iq_ref
1764786261483,0,monitor_data.iq_ref
1764786261485,0,monitor_data.iq_ref
1764786261487,0,monitor_data.iq_ref
1764786261490,0,monitor_data.iq_ref
1764786261491,0,monitor_data.iq_ref
1764786261493,0,monitor_data.iq_ref
1764786261495,0,monitor_data.iq_ref
1764786261498,0,monitor_data.iq_ref
1764786261500,0,monitor_data.iq_ref
1764786261504,0,monitor_data.iq_ref
1764786261506,0,monitor_data.iq_ref
1764786261509,0,monitor_data.iq_ref
1764786261511,0,monitor_data.iq_ref
1764786261513,0,monitor_data.iq_ref
1764786261515,0,monitor_data.iq_ref
1764786261517,0,monitor_data.iq_ref
1764786261518,0,monitor_data.iq_ref
1764786261521,0,monitor_data.id
1764786261523,0,monitor_data.id
1764786261525,0,monitor_data.id
1764786261527,0,monitor_data.id
1764786261530,0,monitor_data.id
1764786261531,0,monitor_data.id
1764786261534,0,monitor_data.id
1764786261536,0,monitor_data.id
1764786261539,0,monitor_data.id
1764786261541,0,monitor_data.id
1764786261544,0,monitor_data.id
1764786261546,0,monitor_data.id
1764786261548,0,monitor_data.id
1764786261550,0,monitor_data.id
1764786261552,0,monitor_data.id
1764786261555,0,monitor_data.id
1764786261557,0,monitor_data.id
1764786261559,0,monitor_data.id
1764786261562,0,monitor_data.id
1764786261563,0,monitor_data.id
1764786261564,0,monitor_data.id
1764786261566,0,monitor_data.id
1764786261568,0,monitor_data.id
1764786261521,0,monitor_data.id_ref
1764786261523,0,monitor_data.id_ref
1764786261525,0,monitor_data.id_ref
1764786261527,0,monitor_data.id_ref
1764786261530,0,monitor_data.id_ref
1764786261531,0,monitor_data.id_ref
1764786261534,0,monitor_data.id_ref
1764786261536,0,monitor_data.id_ref
1764786261539,0,monitor_data.id_ref
1764786261541,0,monitor_data.id_ref
1764786261544,0,monitor_data.id_ref
1764786261546,0,monitor_data.id_ref
1764786261548,0,monitor_data.id_ref
1764786261550,0,monitor_data.id_ref
1764786261552,0,monitor_data.id_ref
1764786261555,0,monitor_data.id_ref
1764786261557,0,monitor_data.id_ref
1764786261559,0,monitor_data.id_ref
1764786261562,0,monitor_data.id_ref
1764786261563,0,monitor_data.id_ref
1764786261564,0,monitor_data.id_ref
1764786261566,0,monitor_data.id_ref
1764786261568,0,monitor_data.id_ref
1764786261521,0,monitor_data.iq
1764786261523,0,monitor_data.iq
1764786261525,0,monitor_data.iq
1764786261527,0,monitor_data.iq
1764786261530,0,monitor_data.iq
1764786261531,0,monitor_data.iq
1764786261534,0,monitor_data.iq
1764786261536,0,monitor_data.iq
1764786261539,0,monitor_data.iq
1764786261541,0,monitor_data.iq
1764786261544,0,monitor_data.iq
1764786261546,0,monitor_data.iq
1764786261548,0,monitor_data.iq
1764786261550,0,monitor_data.iq
1764786261552,0,monitor_data.iq
1764786261555,0,monitor_data.iq
1764786261557,0,monitor_data.iq
1764786261559,0,monitor_data.iq
1764786261562,0,monitor_data.iq
1764786261563,0,monitor_data.iq
1764786261564,0,monitor_data.iq
1764786261566,0,monitor_data.iq
1764786261568,0,monitor_data.iq
1764786261521,0,monitor_data.iq_ref
1764786261523,0,monitor_data.iq_ref
1764786261525,0,monitor_data.iq_ref
1764786261527,0,monitor_data.iq_ref
1764786261530,0,monitor_data.iq_ref
1764786261531,0,monitor_data.iq_ref
1764786261534,0,monitor_data.iq_ref
1764786261536,0,monitor_data.iq_ref
1764786261539,0,monitor_data.iq_ref
1764786261541,0,monitor_data.iq_ref
1764786261544,0,monitor_data.iq_ref
1764786261546,0,monitor_data.iq_ref
1764786261548,0,monitor_data.iq_ref
1764786261550,0,monitor_data.iq_ref
1764786261552,0,monitor_data.iq_ref
1764786261555,0,monitor_data.iq_ref
1764786261557,0,monitor_data.iq_ref
1764786261559,0,monitor_data.iq_ref
1764786261562,0,monitor_data.iq_ref
1764786261563,0,monitor_data.iq_ref
1764786261564,0,monitor_data.iq_ref
1764786261566,0,monitor_data.iq_ref
1764786261568,0,monitor_data.iq_ref
1764786261570,0,monitor_data.id
1764786261573,0,monitor_data.id
1764786261575,0,monitor_data.id
1764786261577,0,monitor_data.id
1764786261579,0,monitor_data.id
1764786261581,0,monitor_data.id
1764786261582,0,monitor_data.id
1764786261584,0,monitor_data.id
1764786261586,0,monitor_data.id
1764786261590,0,monitor_data.id
1764786261592,0,monitor_data.id
1764786261593,0,monitor_data.id
1764786261594,0,monitor_data.id
1764786261596,0,monitor_data.id
1764786261597,0,monitor_data.id
1764786261599,0,monitor_data.id
1764786261601,0,monitor_data.id
1764786261602,0,monitor_data.id
1764786261605,0,monitor_data.id
1764786261607,0,monitor_data.id
1764786261609,0,monitor_data.id
1764786261611,0,monitor_data.id
1764786261613,0,monitor_data.id
1764786261616,0,monitor_data.id
1764786261618,0,monitor_data.id
1764786261619,0,monitor_data.id
1764786261570,0,monitor_data.id_ref
1764786261573,0,monitor_data.id_ref
1764786261575,0,monitor_data.id_ref
1764786261577,0,monitor_data.id_ref
1764786261579,0,monitor_data.id_ref
1764786261581,0,monitor_data.id_ref
1764786261582,0,monitor_data.id_ref
1764786261584,0,monitor_data.id_ref
1764786261586,0,monitor_data.id_ref
1764786261590,0,monitor_data.id_ref
1764786261592,0,monitor_data.id_ref
1764786261593,0,monitor_data.id_ref
1764786261594,0,monitor_data.id_ref
1764786261596,0,monitor_data.id_ref
1764786261597,0,monitor_data.id_ref
1764786261599,0,monitor_data.id_ref
1764786261601,0,monitor_data.id_ref
1764786261602,0,monitor_data.id_ref
1764786261605,0,monitor_data.id_ref
1764786261607,0,monitor_data.id_ref
1764786261609,0,monitor_data.id_ref
1764786261611,0,monitor_data.id_ref
1764786261613,0,monitor_data.id_ref
1764786261616,0,monitor_data.id_ref
1764786261618,0,monitor_data.id_ref
1764786261619,0,monitor_data.id_ref
1764786261570,0,monitor_data.iq
1764786261573,0,monitor_data.iq
1764786261575,0,monitor_data.iq
1764786261577,0,monitor_data.iq
1764786261579,0,monitor_data.iq
1764786261581,0,monitor_data.iq
1764786261582,0,monitor_data.iq
1764786261584,0,monitor_data.iq
1764786261586,0,monitor_data.iq
1764786261590,0,monitor_data.iq
1764786261592,0,monitor_data.iq
1764786261593,0,monitor_data.iq
1764786261594,0,monitor_data.iq
1764786261596,0,monitor_data.iq
1764786261597,0,monitor_data.iq
1764786261599,0,monitor_data.iq
1764786261601,0,monitor_data.iq
1764786261602,0,monitor_data.iq
1764786261605,0,monitor_data.iq
1764786261607,0,monitor_data.iq
1764786261609,0,monitor_data.iq
1764786261611,0,monitor_data.iq
1764786261613,0,monitor_data.iq
1764786261616,0,monitor_data.iq
1764786261618,0,monitor_data.iq
1764786261619,0,monitor_data.iq
1764786261570,0,monitor_data.iq_ref
1764786261573,0,monitor_data.iq_ref
1764786261575,0,monitor_data.iq_ref
1764786261577,0,monitor_data.iq_ref
1764786261579,0,monitor_data.iq_ref
1764786261581,0,monitor_data.iq_ref
1764786261582,0,monitor_data.iq_ref
1764786261584,0,monitor_data.iq_ref
1764786261586,0,monitor_data.iq_ref
1764786261590,0,monitor_data.iq_ref
1764786261592,0,monitor_data.iq_ref
1764786261593,0,monitor_data.iq_ref
1764786261594,0,monitor_data.iq_ref
1764786261596,0,monitor_data.iq_ref
1764786261597,0,monitor_data.iq_ref
1764786261599,0,monitor_data.iq_ref
1764786261601,0,monitor_data.iq_ref
1764786261602,0,monitor_data.iq_ref
1764786261605,0,monitor_data.iq_ref
1764786261607,0,monitor_data.iq_ref
1764786261609,0,monitor_data.iq_ref
1764786261611,0,monitor_data.iq_ref
1764786261613,0,monitor_data.iq_ref
1764786261616,0,monitor_data.iq_ref
1764786261618,0,monitor_data.iq_ref
1764786261619,0,monitor_data.iq_ref
1764786261622,0,monitor_data.id
1764786261624,0,monitor_data.id
1764786261627,0,monitor_data.id
1764786261630,0,monitor_data.id
1764786261632,0,monitor_data.id
1764786261634,0,monitor_data.id
1764786261637,0,monitor_data.id
1764786261639,0,monitor_data.id
1764786261641,0,monitor_data.id
1764786261643,0,monitor_data.id
1764786261644,0,monitor_data.id
1764786261646,0,monitor_data.id
1764786261648,0,monitor_data.id
1764786261650,0,monitor_data.id
1764786261652,0,monitor_data.id
1764786261653,0,monitor_data.id
1764786261656,0,monitor_data.id
1764786261658,0,monitor_data.id
1764786261660,0,monitor_data.id
1764786261663,0,monitor_data.id
1764786261665,0,monitor_data.id
1764786261667,0,monitor_data.id
1764786261669,0,monitor_data.id
1764786261671,0,monitor_data.id
1764786261622,0,monitor_data.id_ref
1764786261624,0,monitor_data.id_ref
1764786261627,0,monitor_data.id_ref
1764786261630,0,monitor_data.id_ref
1764786261632,0,monitor_data.id_ref
1764786261634,0,monitor_data.id_ref
1764786261637,0,monitor_data.id_ref
1764786261639,0,monitor_data.id_ref
1764786261641,0,monitor_data.id_ref
1764786261643,0,monitor_data.id_ref
1764786261644,0,monitor_data.id_ref
1764786261646,0,monitor_data.id_ref
1764786261648,0,monitor_data.id_ref
1764786261650,0,monitor_data.id_ref
1764786261652,0,monitor_data.id_ref
1764786261653,0,monitor_data.id_ref
1764786261656,0,monitor_data.id_ref
1764786261658,0,monitor_data.id_ref
1764786261660,0,monitor_data.id_ref
1764786261663,0,monitor_data.id_ref
1764786261665,0,monitor_data.id_ref
1764786261667,0,monitor_data.id_ref
1764786261669,0,monitor_data.id_ref
1764786261671,0,monitor_data.id_ref
1764786261622,0,monitor_data.iq
1764786261624,0,monitor_data.iq
1764786261627,0,monitor_data.iq
1764786261630,0,monitor_data.iq
1764786261632,0,monitor_data.iq
1764786261634,0,monitor_data.iq
1764786261637,0,monitor_data.iq
1764786261639,0,monitor_data.iq
1764786261641,0,monitor_data.iq
1764786261643,0,monitor_data.iq
1764786261644,0,monitor_data.iq
1764786261646,0,monitor_data.iq
1764786261648,0,monitor_data.iq
1764786261650,0,monitor_data.iq
1764786261652,0,monitor_data.iq
1764786261653,0,monitor_data.iq
1764786261656,0,monitor_data.iq
1764786261658,0,monitor_data.iq
1764786261660,0,monitor_data.iq
1764786261663,0,monitor_data.iq
1764786261665,0,monitor_data.iq
1764786261667,0,monitor_data.iq
1764786261669,0,monitor_data.iq
1764786261671,0,monitor_data.iq
1764786261622,0,monitor_data.iq_ref
1764786261624,0,monitor_data.iq_ref
1764786261627,0,monitor_data.iq_ref
1764786261630,0,monitor_data.iq_ref
1764786261632,0,monitor_data.iq_ref
1764786261634,0,monitor_data.iq_ref
1764786261637,0,monitor_data.iq_ref
1764786261639,0,monitor_data.iq_ref
1764786261641,0,monitor_data.iq_ref
1764786261643,0,monitor_data.iq_ref
1764786261644,0,monitor_data.iq_ref
1764786261646,0,monitor_data.iq_ref
1764786261648,0,monitor_data.iq_ref
1764786261650,0,monitor_data.iq_ref
1764786261652,0,monitor_data.iq_ref
1764786261653,0,monitor_data.iq_ref
1764786261656,0,monitor_data.iq_ref
1764786261658,0,monitor_data.iq_ref
1764786261660,0,monitor_data.iq_ref
1764786261663,0,monitor_data.iq_ref
1764786261665,0,monitor_data.iq_ref
1764786261667,0,monitor_data.iq_ref
1764786261669,0,monitor_data.iq_ref
1764786261671,0,monitor_data.iq_ref
1764786261672,0,monitor_data.id
1764786261675,0,monitor_data.id
1764786261676,0,monitor_data.id
1764786261678,0,monitor_data.id
1764786261680,0,monitor_data.id
1764786261682,0,monitor_data.id
1764786261684,0,monitor_data.id
1764786261686,0,monitor_data.id
1764786261688,0,monitor_data.id
1764786261691,0,monitor_data.id
1764786261692,0,monitor_data.id
1764786261694,0,monitor_data.id
1764786261695,0,monitor_data.id
1764786261697,0,monitor_data.id
1764786261698,0,monitor_data.id
1764786261700,0,monitor_data.id
1764786261702,0,monitor_data.id
1764786261704,0,monitor_data.id
1764786261706,0,monitor_data.id
1764786261708,0,monitor_data.id
1764786261710,0,monitor_data.id
1764786261711,0,monitor_data.id
1764786261713,0,monitor_data.id
1764786261715,0,monitor_data.id
1764786261716,0,monitor_data.id
1764786261718,0,monitor_data.id
1764786261719,0,monitor_data.id
1764786261672,0,monitor_data.id_ref
1764786261675,0,monitor_data.id_ref
1764786261676,0,monitor_data.id_ref
1764786261678,0,monitor_data.id_ref
1764786261680,0,monitor_data.id_ref
1764786261682,0,monitor_data.id_ref
1764786261684,0,monitor_data.id_ref
1764786261686,0,monitor_data.id_ref
1764786261688,0,monitor_data.id_ref
1764786261691,0,monitor_data.id_ref
1764786261692,0,monitor_data.id_ref
1764786261694,0,monitor_data.id_ref
1764786261695,0,monitor_data.id_ref
1764786261697,0,monitor_data.id_ref
1764786261698,0,monitor_data.id_ref
1764786261700,0,monitor_data.id_ref
1764786261702,0,monitor_data.id_ref
1764786261704,0,monitor_data.id_ref
1764786261706,0,monitor_data.id_ref
1764786261708,0,monitor_data.id_ref
1764786261710,0,monitor_data.id_ref
1764786261711,0,monitor_data.id_ref
1764786261713,0,monitor_data.id_ref
1764786261715,0,monitor_data.id_ref
1764786261716,0,monitor_data.id_ref
1764786261718,0,monitor_data.id_ref
1764786261719,0,monitor_data.id_ref
1764786261672,0,monitor_data.iq
1764786261675,0,monitor_data.iq
1764786261676,0,monitor_data.iq
1764786261678,0,monitor_data.iq
1764786261680,0,monitor_data.iq
1764786261682,0,monitor_data.iq
1764786261684,0,monitor_data.iq
1764786261686,0,monitor_data.iq
1764786261688,0,monitor_data.iq
1764786261691,0,monitor_data.iq
1764786261692,0,monitor_data.iq
1764786261694,0,monitor_data.iq
1764786261695,0,monitor_data.iq
1764786261697,0,monitor_data.iq
1764786261698,0,monitor_data.iq
1764786261700,0,monitor_data.iq
1764786261702,0,monitor_data.iq
1764786261704,0,monitor_data.iq
1764786261706,0,monitor_data.iq
1764786261708,0,monitor_data.iq
1764786261710,0,monitor_data.iq
1764786261711,0,monitor_data.iq
1764786261713,0,monitor_data.iq
1764786261715,0,monitor_data.iq
1764786261716,0,monitor_data.iq
1764786261718,0,monitor_data.iq
1764786261719,0,monitor_data.iq
1764786261672,0,monitor_data.iq_ref
1764786261675,0,monitor_data.iq_ref
1764786261676,0,monitor_data.iq_ref
1764786261678,0,monitor_data.iq_ref
1764786261680,0,monitor_data.iq_ref
1764786261682,0,monitor_data.iq_ref
1764786261684,0,monitor_data.iq_ref
1764786261686,0,monitor_data.iq_ref
1764786261688,0,monitor_data.iq_ref
1764786261691,0,monitor_data.iq_ref
1764786261692,0,monitor_data.iq_ref
1764786261694,0,monitor_data.iq_ref
1764786261695,0,monitor_data.iq_ref
1764786261697,0,monitor_data.iq_ref
1764786261698,0,monitor_data.iq_ref
1764786261700,0,monitor_data.iq_ref
1764786261702,0,monitor_data.iq_ref
1764786261704,0,monitor_data.iq_ref
1764786261706,0,monitor_data.iq_ref
1764786261708,0,monitor_data.iq_ref
1764786261710,0,monitor_data.iq_ref
1764786261711,0,monitor_data.iq_ref
1764786261713,0,monitor_data.iq_ref
1764786261715,0,monitor_data.iq_ref
1764786261716,0,monitor_data.iq_ref
1764786261718,0,monitor_data.iq_ref
1764786261719,0,monitor_data.iq_ref
1764786261722,0,monitor_data.id
1764786261723,0,monitor_data.id
1764786261725,0,monitor_data.id
1764786261727,0,monitor_data.id
1764786261729,0,monitor_data.id
1764786261731,0,monitor_data.id
1764786261734,0,monitor_data.id
1764786261736,0,monitor_data.id
1764786261739,0,monitor_data.id
1764786261741,0,monitor_data.id
1764786261743,0,monitor_data.id
1764786261745,0,monitor_data.id
1764786261747,0,monitor_data.id
1764786261749,0,monitor_data.id
1764786261750,0,monitor_data.id
1764786261751,0,monitor_data.id
1764786261753,0,monitor_data.id
1764786261755,0,monitor_data.id
1764786261757,0,monitor_data.id
1764786261759,0,monitor_data.id
1764786261760,0,monitor_data.id
1764786261762,0,monitor_data.id
1764786261763,0,monitor_data.id
1764786261765,0,monitor_data.id
1764786261767,0,monitor_data.id
1764786261769,0,monitor_data.id
1764786261772,0,monitor_data.id
1764786261722,0,monitor_data.id_ref
1764786261723,0,monitor_data.id_ref
1764786261725,0,monitor_data.id_ref
1764786261727,0,monitor_data.id_ref
1764786261729,0,monitor_data.id_ref
1764786261731,0,monitor_data.id_ref
1764786261734,0,monitor_data.id_ref
1764786261736,0,monitor_data.id_ref
1764786261739,0,monitor_data.id_ref
1764786261741,0,monitor_data.id_ref
1764786261743,0,monitor_data.id_ref
1764786261745,0,monitor_data.id_ref
1764786261747,0,monitor_data.id_ref
1764786261749,0,monitor_data.id_ref
1764786261750,0,monitor_data.id_ref
1764786261751,0,monitor_data.id_ref
1764786261753,0,monitor_data.id_ref
1764786261755,0,monitor_data.id_ref
1764786261757,0,monitor_data.id_ref
1764786261759,0,monitor_data.id_ref
1764786261760,0,monitor_data.id_ref
1764786261762,0,monitor_data.id_ref
1764786261763,0,monitor_data.id_ref
1764786261765,0,monitor_data.id_ref
1764786261767,0,monitor_data.id_ref
1764786261769,0,monitor_data.id_ref
1764786261772,0,monitor_data.id_ref
1764786261722,0,monitor_data.iq
1764786261723,0,monitor_data.iq
1764786261725,0,monitor_data.iq
1764786261727,0,monitor_data.iq
1764786261729,0,monitor_data.iq
1764786261731,0,monitor_data.iq
1764786261734,0,monitor_data.iq
1764786261736,0,monitor_data.iq
1764786261739,0,monitor_data.iq
1764786261741,0,monitor_data.iq
1764786261743,0,monitor_data.iq
1764786261745,0,monitor_data.iq
1764786261747,0,monitor_data.iq
1764786261749,0,monitor_data.iq
1764786261750,0,monitor_data.iq
1764786261751,0,monitor_data.iq
1764786261753,0,monitor_data.iq
1764786261755,0,monitor_data.iq
1764786261757,0,monitor_data.iq
1764786261759,0,monitor_data.iq
1764786261760,0,monitor_data.iq
1764786261762,0,monitor_data.iq
1764786261763,0,monitor_data.iq
1764786261765,0,monitor_data.iq
1764786261767,0,monitor_data.iq
1764786261769,0,monitor_data.iq
1764786261772,0,monitor_data.iq
1764786261722,0,monitor_data.iq_ref
1764786261723,0,monitor_data.iq_ref
1764786261725,0,monitor_data.iq_ref
1764786261727,0,monitor_data.iq_ref
1764786261729,0,monitor_data.iq_ref
1764786261731,0,monitor_data.iq_ref
1764786261734,0,monitor_data.iq_ref
1764786261736,0,monitor_data.iq_ref
1764786261739,0,monitor_data.iq_ref
1764786261741,0,monitor_data.iq_ref
1764786261743,0,monitor_data.iq_ref
1764786261745,0,monitor_data.iq_ref
1764786261747,0,monitor_data.iq_ref
1764786261749,0,monitor_data.iq_ref
1764786261750,0,monitor_data.iq_ref
1764786261751,0,monitor_data.iq_ref
1764786261753,0,monitor_data.iq_ref
1764786261755,0,monitor_data.iq_ref
1764786261757,0,monitor_data.iq_ref
1764786261759,0,monitor_data.iq_ref
1764786261760,0,monitor_data.iq_ref
1764786261762,0,monitor_data.iq_ref
1764786261763,0,monitor_data.iq_ref
1764786261765,0,monitor_data.iq_ref
1764786261767,0,monitor_data.iq_ref
1764786261769,0,monitor_data.iq_ref
1764786261772,0,monitor_data.iq_ref
1764786261774,0,monitor_data.id
1764786261776,0,monitor_data.id
1764786261778,0,monitor_data.id
1764786261780,0,monitor_data.id
1764786261782,0,monitor_data.id
1764786261784,0,monitor_data.id
1764786261785,0,monitor_data.id
1764786261787,0,monitor_data.id
1764786261789,0,monitor_data.id
1764786261791,0,monitor_data.id
1764786261793,0,monitor_data.id
1764786261795,0,monitor_data.id
1764786261797,0,monitor_data.id
1764786261799,0,monitor_data.id
1764786261800,0,monitor_data.id
1764786261802,0,monitor_data.id
1764786261804,0,monitor_data.id
1764786261805,0,monitor_data.id
1764786261807,0,monitor_data.id
1764786261809,0,monitor_data.id
1764786261811,0,monitor_data.id
1764786261813,0,monitor_data.id
1764786261815,0,monitor_data.id
1764786261817,0,monitor_data.id
1764786261819,0,monitor_data.id
1764786261822,0,monitor_data.id
1764786261824,0,monitor_data.id
1764786261774,0,monitor_data.id_ref
1764786261776,0,monitor_data.id_ref
1764786261778,0,monitor_data.id_ref
1764786261780,0,monitor_data.id_ref
1764786261782,0,monitor_data.id_ref
1764786261784,0,monitor_data.id_ref
1764786261785,0,monitor_data.id_ref
1764786261787,0,monitor_data.id_ref
1764786261789,0,monitor_data.id_ref
1764786261791,0,monitor_data.id_ref
1764786261793,0,monitor_data.id_ref
1764786261795,0,monitor_data.id_ref
1764786261797,0,monitor_data.id_ref
1764786261799,0,monitor_data.id_ref
1764786261800,0,monitor_data.id_ref
1764786261802,0,monitor_data.id_ref
1764786261804,0,monitor_data.id_ref
1764786261805,0,monitor_data.id_ref
1764786261807,0,monitor_data.id_ref
1764786261809,0,monitor_data.id_ref
1764786261811,0,monitor_data.id_ref
1764786261813,0,monitor_data.id_ref
1764786261815,0,monitor_data.id_ref
1764786261817,0,monitor_data.id_ref
1764786261819,0,monitor_data.id_ref
1764786261822,0,monitor_data.id_ref
1764786261824,0,monitor_data.id_ref
1764786261774,0,monitor_data.iq
1764786261776,0,monitor_data.iq
1764786261778,0,monitor_data.iq
1764786261780,0,monitor_data.iq
1764786261782,0,monitor_data.iq
1764786261784,0,monitor_data.iq
1764786261785,0,monitor_data.iq
1764786261787,0,monitor_data.iq
1764786261789,0,monitor_data.iq
1764786261791,0,monitor_data.iq
1764786261793,0,monitor_data.iq
1764786261795,0,monitor_data.iq
1764786261797,0,monitor_data.iq
1764786261799,0,monitor_data.iq
1764786261800,0,monitor_data.iq
1764786261802,0,monitor_data.iq
1764786261804,0,monitor_data.iq
1764786261805,0,monitor_data.iq
1764786261807,0,monitor_data.iq
1764786261809,0,monitor_data.iq
1764786261811,0,monitor_data.iq
1764786261813,0,monitor_data.iq
1764786261815,0,monitor_data.iq
1764786261817,0,monitor_data.iq
1764786261819,0,monitor_data.iq
1764786261822,0,monitor_data.iq
1764786261824,0,monitor_data.iq
1764786261774,0,monitor_data.iq_ref
1764786261776,0,monitor_data.iq_ref
1764786261778,0,monitor_data.iq_ref
1764786261780,0,monitor_data.iq_ref
1764786261782,0,monitor_data.iq_ref
1764786261784,0,monitor_data.iq_ref
1764786261785,0,monitor_data.iq_ref
1764786261787,0,monitor_data.iq_ref
1764786261789,0,monitor_data.iq_ref
1764786261791,0,monitor_data.iq_ref
1764786261793,0,monitor_data.iq_ref
1764786261795,0,monitor_data.iq_ref
1764786261797,0,monitor_data.iq_ref
1764786261799,0,monitor_data.iq_ref
1764786261800,0,monitor_data.iq_ref
1764786261802,0,monitor_data.iq_ref
1764786261804,0,monitor_data.iq_ref
1764786261805,0,monitor_data.iq_ref
1764786261807,0,monitor_data.iq_ref
1764786261809,0,monitor_data.iq_ref
1764786261811,0,monitor_data.iq_ref
1764786261813,0,monitor_data.iq_ref
1764786261815,0,monitor_data.iq_ref
1764786261817,0,monitor_data.iq_ref
1764786261819,0,monitor_data.iq_ref
1764786261822,0,monitor_data.iq_ref
1764786261824,0,monitor_data.iq_ref
1764786261826,0,monitor_data.id
1764786261827,0,monitor_data.id
1764786261829,0,monitor_data.id
1764786261830,0,monitor_data.id
1764786261832,0,monitor_data.id
1764786261833,0,monitor_data.id
1764786261835,0,monitor_data.id
1764786261836,0,monitor_data.id
1764786261838,0,monitor_data.id
1764786261840,0,monitor_data.id
1764786261842,0,monitor_data.id
1764786261843,0,monitor_data.id
1764786261845,0,monitor_data.id
1764786261847,0,monitor_data.id
1764786261848,0,monitor_data.id
1764786261850,0,monitor_data.id
1764786261851,0,monitor_data.id
1764786261853,0,monitor_data.id
1764786261855,0,monitor_data.id
1764786261858,0,monitor_data.id
1764786261860,0,monitor_data.id
1764786261862,0,monitor_data.id
1764786261864,0,monitor_data.id
1764786261866,0,monitor_data.id
1764786261867,0,monitor_data.id
1764786261869,0,monitor_data.id
1764786261871,0,monitor_data.id
1764786261874,0,monitor_data.id
1764786261826,0,monitor_data.id_ref
1764786261827,0,monitor_data.id_ref
1764786261829,0,monitor_data.id_ref
1764786261830,0,monitor_data.id_ref
1764786261832,0,monitor_data.id_ref
1764786261833,0,monitor_data.id_ref
1764786261835,0,monitor_data.id_ref
1764786261836,0,monitor_data.id_ref
1764786261838,0,monitor_data.id_ref
1764786261840,0,monitor_data.id_ref
1764786261842,0,monitor_data.id_ref
1764786261843,0,monitor_data.id_ref
1764786261845,0,monitor_data.id_ref
1764786261847,0,monitor_data.id_ref
1764786261848,0,monitor_data.id_ref
1764786261850,0,monitor_data.id_ref
1764786261851,0,monitor_data.id_ref
1764786261853,0,monitor_data.id_ref
1764786261855,0,monitor_data.id_ref
1764786261858,0,monitor_data.id_ref
1764786261860,0,monitor_data.id_ref
1764786261862,0,monitor_data.id_ref
1764786261864,0,monitor_data.id_ref
1764786261866,0,monitor_data.id_ref
1764786261867,0,monitor_data.id_ref
1764786261869,0,monitor_data.id_ref
1764786261871,0,monitor_data.id_ref
1764786261874,0,monitor_data.id_ref
1764786261826,0,monitor_data.iq
1764786261827,0,monitor_data.iq
1764786261829,0,monitor_data.iq
1764786261830,0,monitor_data.iq
1764786261832,0,monitor_data.iq
1764786261833,0,monitor_data.iq
1764786261835,0,monitor_data.iq
1764786261836,0,monitor_data.iq
1764786261838,0,monitor_data.iq
1764786261840,0,monitor_data.iq
1764786261842,0,monitor_data.iq
1764786261843,0,monitor_data.iq
1764786261845,0,monitor_data.iq
1764786261847,0,monitor_data.iq
1764786261848,0,monitor_data.iq
1764786261850,0,monitor_data.iq
1764786261851,0,monitor_data.iq
1764786261853,0,monitor_data.iq
1764786261855,0,monitor_data.iq
1764786261858,0,monitor_data.iq
1764786261860,0,monitor_data.iq
1764786261862,0,monitor_data.iq
1764786261864,0,monitor_data.iq
1764786261866,0,monitor_data.iq
1764786261867,0,monitor_data.iq
1764786261869,0,monitor_data.iq
1764786261871,0,monitor_data.iq
1764786261874,0,monitor_data.iq
1764786261826,0,monitor_data.iq_ref
1764786261827,0,monitor_data.iq_ref
1764786261829,0,monitor_data.iq_ref
1764786261830,0,monitor_data.iq_ref
1764786261832,0,monitor_data.iq_ref
1764786261833,0,monitor_data.iq_ref
1764786261835,0,monitor_data.iq_ref
1764786261836,0,monitor_data.iq_ref
1764786261838,0,monitor_data.iq_ref
1764786261840,0,monitor_data.iq_ref
1764786261842,0,monitor_data.iq_ref
1764786261843,0,monitor_data.iq_ref
1764786261845,0,monitor_data.iq_ref
1764786261847,0,monitor_data.iq_ref
1764786261848,0,monitor_data.iq_ref
1764786261850,0,monitor_data.iq_ref
1764786261851,0,monitor_data.iq_ref
1764786261853,0,monitor_data.iq_ref
1764786261855,0,monitor_data.iq_ref
1764786261858,0,monitor_data.iq_ref
1764786261860,0,monitor_data.iq_ref
1764786261862,0,monitor_data.iq_ref
1764786261864,0,monitor_data.iq_ref
1764786261866,0,monitor_data.iq_ref
1764786261867,0,monitor_data.iq_ref
1764786261869,0,monitor_data.iq_ref
1764786261871,0,monitor_data.iq_ref
1764786261874,0,monitor_data.iq_ref
1764786261876,0,monitor_data.id
1764786261878,0,monitor_data.id
1764786261879,0,monitor_data.id
1764786261881,0,monitor_data.id
1764786261882,0,monitor_data.id
1764786261884,0,monitor_data.id
1764786261885,0,monitor_data.id
1764786261887,0,monitor_data.id
1764786261888,0,monitor_data.id
1764786261891,0,monitor_data.id
1764786261893,0,monitor_data.id
1764786261894,0,monitor_data.id
1764786261896,0,monitor_data.id
1764786261898,0,monitor_data.id
1764786261899,0,monitor_data.id
1764786261900,0,monitor_data.id
1764786261902,0,monitor_data.id
1764786261904,0,monitor_data.id
1764786261906,0,monitor_data.id
1764786261907,0,monitor_data.id
1764786261909,0,monitor_data.id
1764786261911,0,monitor_data.id
1764786261913,0,monitor_data.id
1764786261915,0,monitor_data.id
1764786261916,0,monitor_data.id
1764786261918,0,monitor_data.id
1764786261920,0,monitor_data.id
1764786261923,0,monitor_data.id
1764786261925,0,monitor_data.id
1764786261876,0,monitor_data.id_ref
1764786261878,0,monitor_data.id_ref
1764786261879,0,monitor_data.id_ref
1764786261881,0,monitor_data.id_ref
1764786261882,0,monitor_data.id_ref
1764786261884,0,monitor_data.id_ref
1764786261885,0,monitor_data.id_ref
1764786261887,0,monitor_data.id_ref
1764786261888,0,monitor_data.id_ref
1764786261891,0,monitor_data.id_ref
1764786261893,0,monitor_data.id_ref
1764786261894,0,monitor_data.id_ref
1764786261896,0,monitor_data.id_ref
1764786261898,0,monitor_data.id_ref
1764786261899,0,monitor_data.id_ref
1764786261900,0,monitor_data.id_ref
1764786261902,0,monitor_data.id_ref
1764786261904,0,monitor_data.id_ref
1764786261906,0,monitor_data.id_ref
1764786261907,0,monitor_data.id_ref
1764786261909,0,monitor_data.id_ref
1764786261911,0,monitor_data.id_ref
1764786261913,0,monitor_data.id_ref
1764786261915,0,monitor_data.id_ref
1764786261916,0,monitor_data.id_ref
1764786261918,0,monitor_data.id_ref
1764786261920,0,monitor_data.id_ref
1764786261923,0,monitor_data.id_ref
1764786261925,0,monitor_data.id_ref
1764786261876,0,monitor_data.iq
1764786261878,0,monitor_data.iq
1764786261879,0,monitor_data.iq
1764786261881,0,monitor_data.iq
1764786261882,0,monitor_data.iq
1764786261884,0,monitor_data.iq
1764786261885,0,monitor_data.iq
1764786261887,0,monitor_data.iq
1764786261888,0,monitor_data.iq
1764786261891,0,monitor_data.iq
1764786261893,0,monitor_data.iq
1764786261894,0,monitor_data.iq
1764786261896,0,monitor_data.iq
1764786261898,0,monitor_data.iq
1764786261899,0,monitor_data.iq
1764786261900,0,monitor_data.iq
1764786261902,0,monitor_data.iq
1764786261904,0,monitor_data.iq
1764786261906,0,monitor_data.iq
1764786261907,0,monitor_data.iq
1764786261909,0,monitor_data.iq
1764786261911,0,monitor_data.iq
1764786261913,0,monitor_data.iq
1764786261915,0,monitor_data.iq
1764786261916,0,monitor_data.iq
1764786261918,0,monitor_data.iq
1764786261920,0,monitor_data.iq
1764786261923,0,monitor_data.iq
1764786261925,0,monitor_data.iq
1764786261876,0,monitor_data.iq_ref
1764786261878,0,monitor_data.iq_ref
1764786261879,0,monitor_data.iq_ref
1764786261881,0,monitor_data.iq_ref
1764786261882,0,monitor_data.iq_ref
1764786261884,0,monitor_data.iq_ref
1764786261885,0,monitor_data.iq_ref
1764786261887,0,monitor_data.iq_ref
1764786261888,0,monitor_data.iq_ref
1764786261891,0,monitor_data.iq_ref
1764786261893,0,monitor_data.iq_ref
1764786261894,0,monitor_data.iq_ref
1764786261896,0,monitor_data.iq_ref
1764786261898,0,monitor_data.iq_ref
1764786261899,0,monitor_data.iq_ref
1764786261900,0,monitor_data.iq_ref
1764786261902,0,monitor_data.iq_ref
1764786261904,0,monitor_data.iq_ref
1764786261906,0,monitor_data.iq_ref
1764786261907,0,monitor_data.iq_ref
1764786261909,0,monitor_data.iq_ref
1764786261911,0,monitor_data.iq_ref
1764786261913,0,monitor_data.iq_ref
1764786261915,0,monitor_data.iq_ref
1764786261916,0,monitor_data.iq_ref
1764786261918,0,monitor_data.iq_ref
1764786261920,0,monitor_data.iq_ref
1764786261923,0,monitor_data.iq_ref
1764786261925,0,monitor_data.iq_ref
1764786261927,0,monitor_data.id
1764786261929,0,monitor_data.id
1764786261931,0,monitor_data.id
1764786261932,0,monitor_data.id
1764786261934,0,monitor_data.id
1764786261936,0,monitor_data.id
1764786261939,0,monitor_data.id
1764786261941,0,monitor_data.id
1764786261943,0,monitor_data.id
1764786261945,0,monitor_data.id
1764786261946,0,monitor_data.id
1764786261948,0,monitor_data.id
1764786261950,0,monitor_data.id
1764786261951,0,monitor_data.id
1764786261954,0,monitor_data.id
1764786261956,0,monitor_data.id
1764786261958,0,monitor_data.id
1764786261960,0,monitor_data.id
1764786261962,0,monitor_data.id
1764786261964,0,monitor_data.id
1764786261965,0,monitor_data.id
1764786261968,0,monitor_data.id
1764786261969,0,monitor_data.id
1764786261971,0,monitor_data.id
1764786261972,0,monitor_data.id
1764786261974,0,monitor_data.id
1764786261977,0,monitor_data.id
1764786261927,0,monitor_data.id_ref
1764786261929,0,monitor_data.id_ref
1764786261931,0,monitor_data.id_ref
1764786261932,0,monitor_data.id_ref
1764786261934,0,monitor_data.id_ref
1764786261936,0,monitor_data.id_ref
1764786261939,0,monitor_data.id_ref
1764786261941,0,monitor_data.id_ref
1764786261943,0,monitor_data.id_ref
1764786261945,0,monitor_data.id_ref
1764786261946,0,monitor_data.id_ref
1764786261948,0,monitor_data.id_ref
1764786261950,0,monitor_data.id_ref
1764786261951,0,monitor_data.id_ref
1764786261954,0,monitor_data.id_ref
1764786261956,0,monitor_data.id_ref
1764786261958,0,monitor_data.id_ref
1764786261960,0,monitor_data.id_ref
1764786261962,0,monitor_data.id_ref
1764786261964,0,monitor_data.id_ref
1764786261965,0,monitor_data.id_ref
1764786261968,0,monitor_data.id_ref
1764786261969,0,monitor_data.id_ref
1764786261971,0,monitor_data.id_ref
1764786261972,0,monitor_data.id_ref
1764786261974,0,monitor_data.id_ref
1764786261977,0,monitor_data.id_ref
1764786261927,0,monitor_data.iq
1764786261929,0,monitor_data.iq
1764786261931,0,monitor_data.iq
1764786261932,0,monitor_data.iq
1764786261934,0,monitor_data.iq
1764786261936,0,monitor_data.iq
1764786261939,0,monitor_data.iq
1764786261941,0,monitor_data.iq
1764786261943,0,monitor_data.iq
1764786261945,0,monitor_data.iq
1764786261946,0,monitor_data.iq
1764786261948,0,monitor_data.iq
1764786261950,0,monitor_data.iq
1764786261951,0,monitor_data.iq
1764786261954,0,monitor_data.iq
1764786261956,0,monitor_data.iq
1764786261958,0,monitor_data.iq
1764786261960,0,monitor_data.iq
1764786261962,0,monitor_data.iq
1764786261964,0,monitor_data.iq
1764786261965,0,monitor_data.iq
1764786261968,0,monitor_data.iq
1764786261969,0,monitor_data.iq
1764786261971,0,monitor_data.iq
1764786261972,0,monitor_data.iq
1764786261974,0,monitor_data.iq
1764786261977,0,monitor_data.iq
1764786261927,0,monitor_data.iq_ref
1764786261929,0,monitor_data.iq_ref
1764786261931,0,monitor_data.iq_ref
1764786261932,0,monitor_data.iq_ref
1764786261934,0,monitor_data.iq_ref
1764786261936,0,monitor_data.iq_ref
1764786261939,0,monitor_data.iq_ref
1764786261941,0,monitor_data.iq_ref
1764786261943,0,monitor_data.iq_ref
1764786261945,0,monitor_data.iq_ref
1764786261946,0,monitor_data.iq_ref
1764786261948,0,monitor_data.iq_ref
1764786261950,0,monitor_data.iq_ref
1764786261951,0,monitor_data.iq_ref
1764786261954,0,monitor_data.iq_ref
1764786261956,0,monitor_data.iq_ref
1764786261958,0,monitor_data.iq_ref
1764786261960,0,monitor_data.iq_ref
1764786261962,0,monitor_data.iq_ref
1764786261964,0,monitor_data.iq_ref
1764786261965,0,monitor_data.iq_ref
1764786261968,0,monitor_data.iq_ref
1764786261969,0,monitor_data.iq_ref
1764786261971,0,monitor_data.iq_ref
1764786261972,0,monitor_data.iq_ref
1764786261974,0,monitor_data.iq_ref
1764786261977,0,monitor_data.iq_ref
1764786261979,0,monitor_data.id
1764786261981,0,monitor_data.id
1764786261983,0,monitor_data.id
1764786261985,0,monitor_data.id
1764786261986,0,monitor_data.id
1764786261988,0,monitor_data.id
1764786261990,0,monitor_data.id
1764786261991,0,monitor_data.id
1764786261993,0,monitor_data.id
1764786261994,0,monitor_data.id
1764786261996,0,monitor_data.id
1764786261998,0,monitor_data.id
1764786261999,0,monitor_data.id
1764786262000,0,monitor_data.id
1764786262002,0,monitor_data.id
1764786262004,0,monitor_data.id
1764786262005,0,monitor_data.id
1764786262007,0,monitor_data.id
1764786262009,0,monitor_data.id
1764786262010,0,monitor_data.id
1764786262011,0,monitor_data.id
1764786262013,0,monitor_data.id
1764786262015,0,monitor_data.id
1764786262017,0,monitor_data.id
1764786262018,0,monitor_data.id
1764786262020,0,monitor_data.id
1764786262022,0,monitor_data.id
1764786262024,0,monitor_data.id
1764786262026,0,monitor_data.id
1764786261979,0,monitor_data.id_ref
1764786261981,0,monitor_data.id_ref
1764786261983,0,monitor_data.id_ref
1764786261985,0,monitor_data.id_ref
1764786261986,0,monitor_data.id_ref
1764786261988,0,monitor_data.id_ref
1764786261990,0,monitor_data.id_ref
1764786261991,0,monitor_data.id_ref
1764786261993,0,monitor_data.id_ref
1764786261994,0,monitor_data.id_ref
1764786261996,0,monitor_data.id_ref
1764786261998,0,monitor_data.id_ref
1764786261999,0,monitor_data.id_ref
1764786262000,0,monitor_data.id_ref
1764786262002,0,monitor_data.id_ref
1764786262004,0,monitor_data.id_ref
1764786262005,0,monitor_data.id_ref
1764786262007,0,monitor_data.id_ref
1764786262009,0,monitor_data.id_ref
1764786262010,0,monitor_data.id_ref
1764786262011,0,monitor_data.id_ref
1764786262013,0,monitor_data.id_ref
1764786262015,0,monitor_data.id_ref
1764786262017,0,monitor_data.id_ref
1764786262018,0,monitor_data.id_ref
1764786262020,0,monitor_data.id_ref
1764786262022,0,monitor_data.id_ref
1764786262024,0,monitor_data.id_ref
1764786262026,0,monitor_data.id_ref
1764786261979,0,monitor_data.iq
1764786261981,0,monitor_data.iq
1764786261983,0,monitor_data.iq
1764786261985,0,monitor_data.iq
1764786261986,0,monitor_data.iq
1764786261988,0,monitor_data.iq
1764786261990,0,monitor_data.iq
1764786261991,0,monitor_data.iq
1764786261993,0,monitor_data.iq
1764786261994,0,monitor_data.iq
1764786261996,0,monitor_data.iq
1764786261998,0,monitor_data.iq
1764786261999,0,monitor_data.iq
1764786262000,0,monitor_data.iq
1764786262002,0,monitor_data.iq
1764786262004,0,monitor_data.iq
1764786262005,0,monitor_data.iq
1764786262007,0,monitor_data.iq
1764786262009,0,monitor_data.iq
1764786262010,0,monitor_data.iq
1764786262011,0,monitor_data.iq
1764786262013,0,monitor_data.iq
1764786262015,0,monitor_data.iq
1764786262017,0,monitor_data.iq
1764786262018,0,monitor_data.iq
1764786262020,0,monitor_data.iq
1764786262022,0,monitor_data.iq
1764786262024,0,monitor_data.iq
1764786262026,0,monitor_data.iq
1764786261979,0,monitor_data.iq_ref
1764786261981,0,monitor_data.iq_ref
1764786261983,0,monitor_data.iq_ref
1764786261985,0,monitor_data.iq_ref
1764786261986,0,monitor_data.iq_ref
1764786261988,0,monitor_data.iq_ref
1764786261990,0,monitor_data.iq_ref
1764786261991,0,monitor_data.iq_ref
1764786261993,0,monitor_data.iq_ref
1764786261994,0,monitor_data.iq_ref
1764786261996,0,monitor_data.iq_ref
1764786261998,0,monitor_data.iq_ref
1764786261999,0,monitor_data.iq_ref
1764786262000,0,monitor_data.iq_ref
1764786262002,0,monitor_data.iq_ref
1764786262004,0,monitor_data.iq_ref
1764786262005,0,monitor_data.iq_ref
1764786262007,0,monitor_data.iq_ref
1764786262009,0,monitor_data.iq_ref
1764786262010,0,monitor_data.iq_ref
1764786262011,0,monitor_data.iq_ref
1764786262013,0,monitor_data.iq_ref
1764786262015,0,monitor_data.iq_ref
1764786262017,0,monitor_data.iq_ref
1764786262018,0,monitor_data.iq_ref
1764786262020,0,monitor_data.iq_ref
1764786262022,0,monitor_data.iq_ref
1764786262024,0,monitor_data.iq_ref
1764786262026,0,monitor_data.iq_ref
1764786262028,0,monitor_data.id
1764786262029,0,monitor_data.id
1764786262031,0,monitor_data.id
1764786262033,0,monitor_data.id
1764786262035,0,monitor_data.id
1764786262037,0,monitor_data.id
1764786262038,0,monitor_data.id
1764786262040,0,monitor_data.id
1764786262042,0,monitor_data.id
1764786262044,0,monitor_data.id
1764786262046,0,monitor_data.id
1764786262048,0,monitor_data.id
1764786262049,0,monitor_data.id
1764786262051,0,monitor_data.id
1764786262053,0,monitor_data.id
1764786262054,0,monitor_data.id
1764786262056,0,monitor_data.id
1764786262058,0,monitor_data.id
1764786262060,0,monitor_data.id
1764786262062,0,monitor_data.id
1764786262064,0,monitor_data.id
1764786262066,0,monitor_data.id
1764786262067,0,monitor_data.id
1764786262069,0,monitor_data.id
1764786262071,0,monitor_data.id
1764786262073,0,monitor_data.id
1764786262074,0,monitor_data.id
1764786262076,0,monitor_data.id
1764786262078,0,monitor_data.id
1764786262028,0,monitor_data.id_ref
1764786262029,0,monitor_data.id_ref
1764786262031,0,monitor_data.id_ref
1764786262033,0,monitor_data.id_ref
1764786262035,0,monitor_data.id_ref
1764786262037,0,monitor_data.id_ref
1764786262038,0,monitor_data.id_ref
1764786262040,0,monitor_data.id_ref
1764786262042,0,monitor_data.id_ref
1764786262044,0,monitor_data.id_ref
1764786262046,0,monitor_data.id_ref
1764786262048,0,monitor_data.id_ref
1764786262049,0,monitor_data.id_ref
1764786262051,0,monitor_data.id_ref
1764786262053,0,monitor_data.id_ref
1764786262054,0,monitor_data.id_ref
1764786262056,0,monitor_data.id_ref
1764786262058,0,monitor_data.id_ref
1764786262060,0,monitor_data.id_ref
1764786262062,0,monitor_data.id_ref
1764786262064,0,monitor_data.id_ref
1764786262066,0,monitor_data.id_ref
1764786262067,0,monitor_data.id_ref
1764786262069,0,monitor_data.id_ref
1764786262071,0,monitor_data.id_ref
1764786262073,0,monitor_data.id_ref
1764786262074,0,monitor_data.id_ref
1764786262076,0,monitor_data.id_ref
1764786262078,0,monitor_data.id_ref
1764786262028,0,monitor_data.iq
1764786262029,0,monitor_data.iq
1764786262031,0,monitor_data.iq
1764786262033,0,monitor_data.iq
1764786262035,0,monitor_data.iq
1764786262037,0,monitor_data.iq
1764786262038,0,monitor_data.iq
1764786262040,0,monitor_data.iq
1764786262042,0,monitor_data.iq
1764786262044,0,monitor_data.iq
1764786262046,0,monitor_data.iq
1764786262048,0,monitor_data.iq
1764786262049,0,monitor_data.iq
1764786262051,0,monitor_data.iq
1764786262053,0,monitor_data.iq
1764786262054,0,monitor_data.iq
1764786262056,0,monitor_data.iq
1764786262058,0,monitor_data.iq
1764786262060,0,monitor_data.iq
1764786262062,0,monitor_data.iq
1764786262064,0,monitor_data.iq
1764786262066,0,monitor_data.iq
1764786262067,0,monitor_data.iq
1764786262069,0,monitor_data.iq
1764786262071,0,monitor_data.iq
1764786262073,0,monitor_data.iq
1764786262074,0,monitor_data.iq
1764786262076,0,monitor_data.iq
1764786262078,0,monitor_data.iq
1764786262028,0,monitor_data.iq_ref
1764786262029,0,monitor_data.iq_ref
1764786262031,0,monitor_data.iq_ref
1764786262033,0,monitor_data.iq_ref
1764786262035,0,monitor_data.iq_ref
1764786262037,0,monitor_data.iq_ref
1764786262038,0,monitor_data.iq_ref
1764786262040,0,monitor_data.iq_ref
1764786262042,0,monitor_data.iq_ref
1764786262044,0,monitor_data.iq_ref
1764786262046,0,monitor_data.iq_ref
1764786262048,0,monitor_data.iq_ref
1764786262049,0,monitor_data.iq_ref
1764786262051,0,monitor_data.iq_ref
1764786262053,0,monitor_data.iq_ref
1764786262054,0,monitor_data.iq_ref
1764786262056,0,monitor_data.iq_ref
1764786262058,0,monitor_data.iq_ref
1764786262060,0,monitor_data.iq_ref
1764786262062,0,monitor_data.iq_ref
1764786262064,0,monitor_data.iq_ref
1764786262066,0,monitor_data.iq_ref
1764786262067,0,monitor_data.iq_ref
1764786262069,0,monitor_data.iq_ref
1764786262071,0,monitor_data.iq_ref
1764786262073,0,monitor_data.iq_ref
1764786262074,0,monitor_data.iq_ref
1764786262076,0,monitor_data.iq_ref
1764786262078,0,monitor_data.iq_ref
1764786262080,0,monitor_data.id
1764786262081,0,monitor_data.id
1764786262083,0,monitor_data.id
1764786262084,0,monitor_data.id
1764786262086,0,monitor_data.id
1764786262088,0,monitor_data.id
1764786262090,0,monitor_data.id
1764786262092,0,monitor_data.id
1764786262093,0,monitor_data.id
1764786262095,0,monitor_data.id
1764786262097,0,monitor_data.id
1764786262099,0,monitor_data.id
1764786262100,0,monitor_data.id
1764786262101,0,monitor_data.id
1764786262102,0,monitor_data.id
1764786262104,0,monitor_data.id
1764786262105,0,monitor_data.id
1764786262107,0,monitor_data.id
1764786262109,0,monitor_data.id
1764786262110,0,monitor_data.id
1764786262112,0,monitor_data.id
1764786262114,0,monitor_data.id
1764786262115,0,monitor_data.id
1764786262117,0,monitor_data.id
1764786262118,0,monitor_data.id
1764786262120,0,monitor_data.id
1764786262121,0,monitor_data.id
1764786262124,0,monitor_data.id
1764786262125,0,monitor_data.id
1764786262127,0,monitor_data.id
1764786262080,0,monitor_data.id_ref
1764786262081,0,monitor_data.id_ref
1764786262083,0,monitor_data.id_ref
1764786262084,0,monitor_data.id_ref
1764786262086,0,monitor_data.id_ref
1764786262088,0,monitor_data.id_ref
1764786262090,0,monitor_data.id_ref
1764786262092,0,monitor_data.id_ref
1764786262093,0,monitor_data.id_ref
1764786262095,0,monitor_data.id_ref
1764786262097,0,monitor_data.id_ref
1764786262099,0,monitor_data.id_ref
1764786262100,0,monitor_data.id_ref
1764786262101,0,monitor_data.id_ref
1764786262102,0,monitor_data.id_ref
1764786262104,0,monitor_data.id_ref
1764786262105,0,monitor_data.id_ref
1764786262107,0,monitor_data.id_ref
1764786262109,0,monitor_data.id_ref
1764786262110,0,monitor_data.id_ref
1764786262112,0,monitor_data.id_ref
1764786262114,0,monitor_data.id_ref
1764786262115,0,monitor_data.id_ref
1764786262117,0,monitor_data.id_ref
1764786262118,0,monitor_data.id_ref
1764786262120,0,monitor_data.id_ref
1764786262121,0,monitor_data.id_ref
1764786262124,0,monitor_data.id_ref
1764786262125,0,monitor_data.id_ref
1764786262127,0,monitor_data.id_ref
1764786262080,0,monitor_data.iq
1764786262081,0,monitor_data.iq
1764786262083,0,monitor_data.iq
1764786262084,0,monitor_data.iq
1764786262086,0,monitor_data.iq
1764786262088,0,monitor_data.iq
1764786262090,0,monitor_data.iq
1764786262092,0,monitor_data.iq
1764786262093,0,monitor_data.iq
1764786262095,0,monitor_data.iq
1764786262097,0,monitor_data.iq
1764786262099,0,monitor_data.iq
1764786262100,0,monitor_data.iq
1764786262101,0,monitor_data.iq
1764786262102,0,monitor_data.iq
1764786262104,0,monitor_data.iq
1764786262105,0,monitor_data.iq
1764786262107,0,monitor_data.iq
1764786262109,0,monitor_data.iq
1764786262110,0,monitor_data.iq
1764786262112,0,monitor_data.iq
1764786262114,0,monitor_data.iq
1764786262115,0,monitor_data.iq
1764786262117,0,monitor_data.iq
1764786262118,0,monitor_data.iq
1764786262120,0,monitor_data.iq
1764786262121,0,monitor_data.iq
1764786262124,0,monitor_data.iq
1764786262125,0,monitor_data.iq
1764786262127,0,monitor_data.iq
1764786262080,0,monitor_data.iq_ref
1764786262081,0,monitor_data.iq_ref
1764786262083,0,monitor_data.iq_ref
1764786262084,0,monitor_data.iq_ref
1764786262086,0,monitor_data.iq_ref
1764786262088,0,monitor_data.iq_ref
1764786262090,0,monitor_data.iq_ref
1764786262092,0,monitor_data.iq_ref
1764786262093,0,monitor_data.iq_ref
1764786262095,0,monitor_data.iq_ref
1764786262097,0,monitor_data.iq_ref
1764786262099,0,monitor_data.iq_ref
1764786262100,0,monitor_data.iq_ref
1764786262101,0,monitor_data.iq_ref
1764786262102,0,monitor_data.iq_ref
1764786262104,0,monitor_data.iq_ref
1764786262105,0,monitor_data.iq_ref
1764786262107,0,monitor_data.iq_ref
1764786262109,0,monitor_data.iq_ref
1764786262110,0,monitor_data.iq_ref
1764786262112,0,monitor_data.iq_ref
1764786262114,0,monitor_data.iq_ref
1764786262115,0,monitor_data.iq_ref
1764786262117,0,monitor_data.iq_ref
1764786262118,0,monitor_data.iq_ref
1764786262120,0,monitor_data.iq_ref
1764786262121,0,monitor_data.iq_ref
1764786262124,0,monitor_data.iq_ref
1764786262125,0,monitor_data.iq_ref
1764786262127,0,monitor_data.iq_ref
1764786262129,0,monitor_data.id
1764786262132,0,monitor_data.id
1764786262133,0,monitor_data.id
1764786262135,0,monitor_data.id
1764786262137,0,monitor_data.id
1764786262139,0,monitor_data.id
1764786262140,0,monitor_data.id
1764786262142,0,monitor_data.id
1764786262144,0,monitor_data.id
1764786262146,0,monitor_data.id
1764786262147,0,monitor_data.id
1764786262149,0,monitor_data.id
1764786262151,0,monitor_data.id
1764786262152,0,monitor_data.id
1764786262154,0,monitor_data.id
1764786262156,0,monitor_data.id
1764786262158,0,monitor_data.id
1764786262160,0,monitor_data.id
1764786262161,0,monitor_data.id
1764786262163,0,monitor_data.id
1764786262165,0,monitor_data.id
1764786262167,0,monitor_data.id
1764786262169,0,monitor_data.id
1764786262171,0,monitor_data.id
1764786262173,0,monitor_data.id
1764786262175,0,monitor_data.id
1764786262176,0,monitor_data.id
1764786262178,0,monitor_data.id
1764786262179,0,monitor_data.id
1764786262129,0,monitor_data.id_ref
1764786262132,0,monitor_data.id_ref
1764786262133,0,monitor_data.id_ref
1764786262135,0,monitor_data.id_ref
1764786262137,0,monitor_data.id_ref
1764786262139,0,monitor_data.id_ref
1764786262140,0,monitor_data.id_ref
1764786262142,0,monitor_data.id_ref
1764786262144,0,monitor_data.id_ref
1764786262146,0,monitor_data.id_ref
1764786262147,0,monitor_data.id_ref
1764786262149,0,monitor_data.id_ref
1764786262151,0,monitor_data.id_ref
1764786262152,0,monitor_data.id_ref
1764786262154,0,monitor_data.id_ref
1764786262156,0,monitor_data.id_ref
1764786262158,0,monitor_data.id_ref
1764786262160,0,monitor_data.id_ref
1764786262161,0,monitor_data.id_ref
1764786262163,0,monitor_data.id_ref
1764786262165,0,monitor_data.id_ref
1764786262167,0,monitor_data.id_ref
1764786262169,0,monitor_data.id_ref
1764786262171,0,monitor_data.id_ref
1764786262173,0,monitor_data.id_ref
1764786262175,0,monitor_data.id_ref
1764786262176,0,monitor_data.id_ref
1764786262178,0,monitor_data.id_ref
1764786262179,0,monitor_data.id_ref
1764786262129,0,monitor_data.iq
1764786262132,0,monitor_data.iq
1764786262133,0,monitor_data.iq
1764786262135,0,monitor_data.iq
1764786262137,0,monitor_data.iq
1764786262139,0,monitor_data.iq
1764786262140,0,monitor_data.iq
1764786262142,0,monitor_data.iq
1764786262144,0,monitor_data.iq
1764786262146,0,monitor_data.iq
1764786262147,0,monitor_data.iq
1764786262149,0,monitor_data.iq
1764786262151,0,monitor_data.iq
1764786262152,0,monitor_data.iq
1764786262154,0,monitor_data.iq
1764786262156,0,monitor_data.iq
1764786262158,0,monitor_data.iq
1764786262160,0,monitor_data.iq
1764786262161,0,monitor_data.iq
1764786262163,0,monitor_data.iq
1764786262165,0,monitor_data.iq
1764786262167,0,monitor_data.iq
1764786262169,0,monitor_data.iq
1764786262171,0,monitor_data.iq
1764786262173,0,monitor_data.iq
1764786262175,0,monitor_data.iq
1764786262176,0,monitor_data.iq
1764786262178,0,monitor_data.iq
1764786262179,0,monitor_data.iq
1764786262129,0,monitor_data.iq_ref
1764786262132,0,monitor_data.iq_ref
1764786262133,0,monitor_data.iq_ref
1764786262135,0,monitor_data.iq_ref
1764786262137,0,monitor_data.iq_ref
1764786262139,0,monitor_data.iq_ref
1764786262140,0,monitor_data.iq_ref
1764786262142,0,monitor_data.iq_ref
1764786262144,0,monitor_data.iq_ref
1764786262146,0,monitor_data.iq_ref
1764786262147,0,monitor_data.iq_ref
1764786262149,0,monitor_data.iq_ref
1764786262151,0,monitor_data.iq_ref
1764786262152,0,monitor_data.iq_ref
1764786262154,0,monitor_data.iq_ref
1764786262156,0,monitor_data.iq_ref
1764786262158,0,monitor_data.iq_ref
1764786262160,0,monitor_data.iq_ref
1764786262161,0,monitor_data.iq_ref
1764786262163,0,monitor_data.iq_ref
1764786262165,0,monitor_data.iq_ref
1764786262167,0,monitor_data.iq_ref
1764786262169,0,monitor_data.iq_ref
1764786262171,0,monitor_data.iq_ref
1764786262173,0,monitor_data.iq_ref
1764786262175,0,monitor_data.iq_ref
1764786262176,0,monitor_data.iq_ref
1764786262178,0,monitor_data.iq_ref
1764786262179,0,monitor_data.iq_ref
1764786262181,0,monitor_data.id
1764786262183,0,monitor_data.id
1764786262185,0,monitor_data.id
1764786262187,0,monitor_data.id
1764786262189,0,monitor_data.id
1764786262190,0,monitor_data.id
1764786262192,0,monitor_data.id
1764786262193,0,monitor_data.id
1764786262195,0,monitor_data.id
1764786262197,0,monitor_data.id
1764786262199,0,monitor_data.id
1764786262201,0,monitor_data.id
1764786262202,0,monitor_data.id
1764786262203,0,monitor_data.id
1764786262205,0,monitor_data.id
1764786262207,0,monitor_data.id
1764786262208,0,monitor_data.id
1764786262210,0,monitor_data.id
1764786262211,0,monitor_data.id
1764786262213,0,monitor_data.id
1764786262214,0,monitor_data.id
1764786262216,0,monitor_data.id
1764786262219,0,monitor_data.id
1764786262221,0,monitor_data.id
1764786262223,0,monitor_data.id
1764786262225,0,monitor_data.id
1764786262228,0,monitor_data.id
1764786262229,0,monitor_data.id
1764786262181,0,monitor_data.id_ref
1764786262183,0,monitor_data.id_ref
1764786262185,0,monitor_data.id_ref
1764786262187,0,monitor_data.id_ref
1764786262189,0,monitor_data.id_ref
1764786262190,0,monitor_data.id_ref
1764786262192,0,monitor_data.id_ref
1764786262193,0,monitor_data.id_ref
1764786262195,0,monitor_data.id_ref
1764786262197,0,monitor_data.id_ref
1764786262199,0,monitor_data.id_ref
1764786262201,0,monitor_data.id_ref
1764786262202,0,monitor_data.id_ref
1764786262203,0,monitor_data.id_ref
1764786262205,0,monitor_data.id_ref
1764786262207,0,monitor_data.id_ref
1764786262208,0,monitor_data.id_ref
1764786262210,0,monitor_data.id_ref
1764786262211,0,monitor_data.id_ref
1764786262213,0,monitor_data.id_ref
1764786262214,0,monitor_data.id_ref
1764786262216,0,monitor_data.id_ref
1764786262219,0,monitor_data.id_ref
1764786262221,0,monitor_data.id_ref
1764786262223,0,monitor_data.id_ref
1764786262225,0,monitor_data.id_ref
1764786262228,0,monitor_data.id_ref
1764786262229,0,monitor_data.id_ref
1764786262181,0,monitor_data.iq
1764786262183,0,monitor_data.iq
1764786262185,0,monitor_data.iq
1764786262187,0,monitor_data.iq
1764786262189,0,monitor_data.iq
1764786262190,0,monitor_data.iq
1764786262192,0,monitor_data.iq
1764786262193,0,monitor_data.iq
1764786262195,0,monitor_data.iq
1764786262197,0,monitor_data.iq
1764786262199,0,monitor_data.iq
1764786262201,0,monitor_data.iq
1764786262202,0,monitor_data.iq
1764786262203,0,monitor_data.iq
1764786262205,0,monitor_data.iq
1764786262207,0,monitor_data.iq
1764786262208,0,monitor_data.iq
1764786262210,0,monitor_data.iq
1764786262211,0,monitor_data.iq
1764786262213,0,monitor_data.iq
1764786262214,0,monitor_data.iq
1764786262216,0,monitor_data.iq
1764786262219,0,monitor_data.iq
1764786262221,0,monitor_data.iq
1764786262223,0,monitor_data.iq
1764786262225,0,monitor_data.iq
1764786262228,0,monitor_data.iq
1764786262229,0,monitor_data.iq
1764786262181,0,monitor_data.iq_ref
1764786262183,0,monitor_data.iq_ref
1764786262185,0,monitor_data.iq_ref
1764786262187,0,monitor_data.iq_ref
1764786262189,0,monitor_data.iq_ref
1764786262190,0,monitor_data.iq_ref
1764786262192,0,monitor_data.iq_ref
1764786262193,0,monitor_data.iq_ref
1764786262195,0,monitor_data.iq_ref
1764786262197,0,monitor_data.iq_ref
1764786262199,0,monitor_data.iq_ref
1764786262201,0,monitor_data.iq_ref
1764786262202,0,monitor_data.iq_ref
1764786262203,0,monitor_data.iq_ref
1764786262205,0,monitor_data.iq_ref
1764786262207,0,monitor_data.iq_ref
1764786262208,0,monitor_data.iq_ref
1764786262210,0,monitor_data.iq_ref
1764786262211,0,monitor_data.iq_ref
1764786262213,0,monitor_data.iq_ref
1764786262214,0,monitor_data.iq_ref
1764786262216,0,monitor_data.iq_ref
1764786262219,0,monitor_data.iq_ref
1764786262221,0,monitor_data.iq_ref
1764786262223,0,monitor_data.iq_ref
1764786262225,0,monitor_data.iq_ref
1764786262228,0,monitor_data.iq_ref
1764786262229,0,monitor_data.iq_ref
1764786262231,0,monitor_data.id
1764786262232,0,monitor_data.id
1764786262234,0,monitor_data.id
1764786262235,0,monitor_data.id
1764786262237,0,monitor_data.id
1764786262239,0,monitor_data.id
1764786262241,0,monitor_data.id
1764786262243,0,monitor_data.id
1764786262245,0,monitor_data.id
1764786262247,0,monitor_data.id
1764786262249,0,monitor_data.id
1764786262251,0,monitor_data.id
1764786262253,0,monitor_data.id
1764786262255,0,monitor_data.id
1764786262256,0,monitor_data.id
1764786262257,0,monitor_data.id
1764786262259,0,monitor_data.id
1764786262261,0,monitor_data.id
1764786262263,0,monitor_data.id
1764786262264,0,monitor_data.id
1764786262266,0,monitor_data.id
1764786262267,0,monitor_data.id
1764786262269,0,monitor_data.id
1764786262270,0,monitor_data.id
1764786262272,0,monitor_data.id
1764786262274,0,monitor_data.id
1764786262276,0,monitor_data.id
1764786262278,0,monitor_data.id
1764786262280,0,monitor_data.id
1764786262231,0,monitor_data.id_ref
1764786262232,0,monitor_data.id_ref
1764786262234,0,monitor_data.id_ref
1764786262235,0,monitor_data.id_ref
1764786262237,0,monitor_data.id_ref
1764786262239,0,monitor_data.id_ref
1764786262241,0,monitor_data.id_ref
1764786262243,0,monitor_data.id_ref
1764786262245,0,monitor_data.id_ref
1764786262247,0,monitor_data.id_ref
1764786262249,0,monitor_data.id_ref
1764786262251,0,monitor_data.id_ref
1764786262253,0,monitor_data.id_ref
1764786262255,0,monitor_data.id_ref
1764786262256,0,monitor_data.id_ref
1764786262257,0,monitor_data.id_ref
1764786262259,0,monitor_data.id_ref
1764786262261,0,monitor_data.id_ref
1764786262263,0,monitor_data.id_ref
1764786262264,0,monitor_data.id_ref
1764786262266,0,monitor_data.id_ref
1764786262267,0,monitor_data.id_ref
1764786262269,0,monitor_data.id_ref
1764786262270,0,monitor_data.id_ref
1764786262272,0,monitor_data.id_ref
1764786262274,0,monitor_data.id_ref
1764786262276,0,monitor_data.id_ref
1764786262278,0,monitor_data.id_ref
1764786262280,0,monitor_data.id_ref
1764786262231,0,monitor_data.iq
1764786262232,0,monitor_data.iq
1764786262234,0,monitor_data.iq
1764786262235,0,monitor_data.iq
1764786262237,0,monitor_data.iq
1764786262239,0,monitor_data.iq
1764786262241,0,monitor_data.iq
1764786262243,0,monitor_data.iq
1764786262245,0,monitor_data.iq
1764786262247,0,monitor_data.iq
1764786262249,0,monitor_data.iq
1764786262251,0,monitor_data.iq
1764786262253,0,monitor_data.iq
1764786262255,0,monitor_data.iq
1764786262256,0,monitor_data.iq
1764786262257,0,monitor_data.iq
1764786262259,0,monitor_data.iq
1764786262261,0,monitor_data.iq
1764786262263,0,monitor_data.iq
1764786262264,0,monitor_data.iq
1764786262266,0,monitor_data.iq
1764786262267,0,monitor_data.iq
1764786262269,0,monitor_data.iq
1764786262270,0,monitor_data.iq
1764786262272,0,monitor_data.iq
1764786262274,0,monitor_data.iq
1764786262276,0,monitor_data.iq
1764786262278,0,monitor_data.iq
1764786262280,0,monitor_data.iq
1764786262231,0,monitor_data.iq_ref
1764786262232,0,monitor_data.iq_ref
1764786262234,0,monitor_data.iq_ref
1764786262235,0,monitor_data.iq_ref
1764786262237,0,monitor_data.iq_ref
1764786262239,0,monitor_data.iq_ref
1764786262241,0,monitor_data.iq_ref
1764786262243,0,monitor_data.iq_ref
1764786262245,0,monitor_data.iq_ref
1764786262247,0,monitor_data.iq_ref
1764786262249,0,monitor_data.iq_ref
1764786262251,0,monitor_data.iq_ref
1764786262253,0,monitor_data.iq_ref
1764786262255,0,monitor_data.iq_ref
1764786262256,0,monitor_data.iq_ref
1764786262257,0,monitor_data.iq_ref
1764786262259,0,monitor_data.iq_ref
1764786262261,0,monitor_data.iq_ref
1764786262263,0,monitor_data.iq_ref
1764786262264,0,monitor_data.iq_ref
1764786262266,0,monitor_data.iq_ref
1764786262267,0,monitor_data.iq_ref
1764786262269,0,monitor_data.iq_ref
1764786262270,0,monitor_data.iq_ref
1764786262272,0,monitor_data.iq_ref
1764786262274,0,monitor_data.iq_ref
1764786262276,0,monitor_data.iq_ref
1764786262278,0,monitor_data.iq_ref
1764786262280,0,monitor_data.iq_ref
1764786262281,0,monitor_data.id
1764786262283,0,monitor_data.id
1764786262285,0,monitor_data.id
1764786262287,0,monitor_data.id
1764786262289,0,monitor_data.id
1764786262292,0,monitor_data.id
1764786262293,0,monitor_data.id
1764786262295,0,monitor_data.id
1764786262297,0,monitor_data.id
1764786262299,0,monitor_data.id
1764786262301,0,monitor_data.id
1764786262303,0,monitor_data.id
1764786262305,0,monitor_data.id
1764786262307,0,monitor_data.id
1764786262309,0,monitor_data.id
1764786262311,0,monitor_data.id
1764786262312,0,monitor_data.id
1764786262314,0,monitor_data.id
1764786262315,0,monitor_data.id
1764786262317,0,monitor_data.id
1764786262318,0,monitor_data.id
1764786262321,0,monitor_data.id
1764786262322,0,monitor_data.id
1764786262325,0,monitor_data.id
1764786262326,0,monitor_data.id
1764786262328,0,monitor_data.id
1764786262330,0,monitor_data.id
1764786262281,0,monitor_data.id_ref
1764786262283,0,monitor_data.id_ref
1764786262285,0,monitor_data.id_ref
1764786262287,0,monitor_data.id_ref
1764786262289,0,monitor_data.id_ref
1764786262292,0,monitor_data.id_ref
1764786262293,0,monitor_data.id_ref
1764786262295,0,monitor_data.id_ref
1764786262297,0,monitor_data.id_ref
1764786262299,0,monitor_data.id_ref
1764786262301,0,monitor_data.id_ref
1764786262303,0,monitor_data.id_ref
1764786262305,0,monitor_data.id_ref
1764786262307,0,monitor_data.id_ref
1764786262309,0,monitor_data.id_ref
1764786262311,0,monitor_data.id_ref
1764786262312,0,monitor_data.id_ref
1764786262314,0,monitor_data.id_ref
1764786262315,0,monitor_data.id_ref
1764786262317,0,monitor_data.id_ref
1764786262318,0,monitor_data.id_ref
1764786262321,0,monitor_data.id_ref
1764786262322,0,monitor_data.id_ref
1764786262325,0,monitor_data.id_ref
1764786262326,0,monitor_data.id_ref
1764786262328,0,monitor_data.id_ref
1764786262330,0,monitor_data.id_ref
1764786262281,0,monitor_data.iq
1764786262283,0,monitor_data.iq
1764786262285,0,monitor_data.iq
1764786262287,0,monitor_data.iq
1764786262289,0,monitor_data.iq
1764786262292,0,monitor_data.iq
1764786262293,0,monitor_data.iq
1764786262295,0,monitor_data.iq
1764786262297,0,monitor_data.iq
1764786262299,0,monitor_data.iq
1764786262301,0,monitor_data.iq
1764786262303,0,monitor_data.iq
1764786262305,0,monitor_data.iq
1764786262307,0,monitor_data.iq
1764786262309,0,monitor_data.iq
1764786262311,0,monitor_data.iq
1764786262312,0,monitor_data.iq
1764786262314,0,monitor_data.iq
1764786262315,0,monitor_data.iq
1764786262317,0,monitor_data.iq
1764786262318,0,monitor_data.iq
1764786262321,0,monitor_data.iq
1764786262322,0,monitor_data.iq
1764786262325,0,monitor_data.iq
1764786262326,0,monitor_data.iq
1764786262328,0,monitor_data.iq
1764786262330,0,monitor_data.iq
1764786262281,0,monitor_data.iq_ref
1764786262283,0,monitor_data.iq_ref
1764786262285,0,monitor_data.iq_ref
1764786262287,0,monitor_data.iq_ref
1764786262289,0,monitor_data.iq_ref
1764786262292,0,monitor_data.iq_ref
1764786262293,0,monitor_data.iq_ref
1764786262295,0,monitor_data.iq_ref
1764786262297,0,monitor_data.iq_ref
1764786262299,0,monitor_data.iq_ref
1764786262301,0,monitor_data.iq_ref
1764786262303,0,monitor_data.iq_ref
1764786262305,0,monitor_data.iq_ref
1764786262307,0,monitor_data.iq_ref
1764786262309,0,monitor_data.iq_ref
1764786262311,0,monitor_data.iq_ref
1764786262312,0,monitor_data.iq_ref
1764786262314,0,monitor_data.iq_ref
1764786262315,0,monitor_data.iq_ref
1764786262317,0,monitor_data.iq_ref
1764786262318,0,monitor_data.iq_ref
1764786262321,0,monitor_data.iq_ref
1764786262322,0,monitor_data.iq_ref
1764786262325,0,monitor_data.iq_ref
1764786262326,0,monitor_data.iq_ref
1764786262328,0,monitor_data.iq_ref
1764786262330,0,monitor_data.iq_ref
1764786262332,0,monitor_data.id
1764786262334,0,monitor_data.id
1764786262336,0,monitor_data.id
1764786262338,0,monitor_data.id
1764786262339,0,monitor_data.id
1764786262341,0,monitor_data.id
1764786262343,0,monitor_data.id
1764786262345,0,monitor_data.id
1764786262347,0,monitor_data.id
1764786262349,0,monitor_data.id
1764786262350,0,monitor_data.id
1764786262352,0,monitor_data.id
1764786262354,0,monitor_data.id
1764786262356,0,monitor_data.id
1764786262357,0,monitor_data.id
1764786262359,0,monitor_data.id
1764786262361,0,monitor_data.id
1764786262363,0,monitor_data.id
1764786262365,0,monitor_data.id
1764786262367,0,monitor_data.id
1764786262369,0,monitor_data.id
1764786262371,0,monitor_data.id
1764786262373,0,monitor_data.id
1764786262375,0,monitor_data.id
1764786262377,0,monitor_data.id
1764786262379,0,monitor_data.id
1764786262380,0,monitor_data.id
1764786262383,0,monitor_data.id
1764786262332,0,monitor_data.id_ref
1764786262334,0,monitor_data.id_ref
1764786262336,0,monitor_data.id_ref
1764786262338,0,monitor_data.id_ref
1764786262339,0,monitor_data.id_ref
1764786262341,0,monitor_data.id_ref
1764786262343,0,monitor_data.id_ref
1764786262345,0,monitor_data.id_ref
1764786262347,0,monitor_data.id_ref
1764786262349,0,monitor_data.id_ref
1764786262350,0,monitor_data.id_ref
1764786262352,0,monitor_data.id_ref
1764786262354,0,monitor_data.id_ref
1764786262356,0,monitor_data.id_ref
1764786262357,0,monitor_data.id_ref
1764786262359,0,monitor_data.id_ref
1764786262361,0,monitor_data.id_ref
1764786262363,0,monitor_data.id_ref
1764786262365,0,monitor_data.id_ref
1764786262367,0,monitor_data.id_ref
1764786262369,0,monitor_data.id_ref
1764786262371,0,monitor_data.id_ref
1764786262373,0,monitor_data.id_ref
1764786262375,0,monitor_data.id_ref
1764786262377,0,monitor_data.id_ref
1764786262379,0,monitor_data.id_ref
1764786262380,0,monitor_data.id_ref
1764786262383,0,monitor_data.id_ref
1764786262332,0,monitor_data.iq
1764786262334,0,monitor_data.iq
1764786262336,0,monitor_data.iq
1764786262338,0,monitor_data.iq
1764786262339,0,monitor_data.iq
1764786262341,0,monitor_data.iq
1764786262343,0,monitor_data.iq
1764786262345,0,monitor_data.iq
1764786262347,0,monitor_data.iq
1764786262349,0,monitor_data.iq
1764786262350,0,monitor_data.iq
1764786262352,0,monitor_data.iq
1764786262354,0,monitor_data.iq
1764786262356,0,monitor_data.iq
1764786262357,0,monitor_data.iq
1764786262359,0,monitor_data.iq
1764786262361,0,monitor_data.iq
1764786262363,0,monitor_data.iq
1764786262365,0,monitor_data.iq
1764786262367,0,monitor_data.iq
1764786262369,0,monitor_data.iq
1764786262371,0,monitor_data.iq
1764786262373,0,monitor_data.iq
1764786262375,0,monitor_data.iq
1764786262377,0,monitor_data.iq
1764786262379,0,monitor_data.iq
1764786262380,0,monitor_data.iq
1764786262383,0,monitor_data.iq
1764786262332,0,monitor_data.iq_ref
1764786262334,0,monitor_data.iq_ref
1764786262336,0,monitor_data.iq_ref
1764786262338,0,monitor_data.iq_ref
1764786262339,0,monitor_data.iq_ref
1764786262341,0,monitor_data.iq_ref
1764786262343,0,monitor_data.iq_ref
1764786262345,0,monitor_data.iq_ref
1764786262347,0,monitor_data.iq_ref
1764786262349,0,monitor_data.iq_ref
1764786262350,0,monitor_data.iq_ref
1764786262352,0,monitor_data.iq_ref
1764786262354,0,monitor_data.iq_ref
1764786262356,0,monitor_data.iq_ref
1764786262357,0,monitor_data.iq_ref
1764786262359,0,monitor_data.iq_ref
1764786262361,0,monitor_data.iq_ref
1764786262363,0,monitor_data.iq_ref
1764786262365,0,monitor_data.iq_ref
1764786262367,0,monitor_data.iq_ref
1764786262369,0,monitor_data.iq_ref
1764786262371,0,monitor_data.iq_ref
1764786262373,0,monitor_data.iq_ref
1764786262375,0,monitor_data.iq_ref
1764786262377,0,monitor_data.iq_ref
1764786262379,0,monitor_data.iq_ref
1764786262380,0,monitor_data.iq_ref
1764786262383,0,monitor_data.iq_ref
1764786262384,0,monitor_data.id
1764786262386,0,monitor_data.id
1764786262388,0,monitor_data.id
1764786262390,0,monitor_data.id
1764786262392,0,monitor_data.id
1764786262393,0,monitor_data.id
1764786262395,0,monitor_data.id
1764786262397,0,monitor_data.id
1764786262398,0,monitor_data.id
1764786262400,0,monitor_data.id
1764786262402,0,monitor_data.id
1764786262405,0,monitor_data.id
1764786262408,0,monitor_data.id
1764786262410,0,monitor_data.id
1764786262411,0,monitor_data.id
1764786262413,0,monitor_data.id
1764786262415,0,monitor_data.id
1764786262417,0,monitor_data.id
1764786262419,0,monitor_data.id
1764786262420,0,monitor_data.id
1764786262422,0,monitor_data.id
1764786262424,0,monitor_data.id
1764786262426,0,monitor_data.id
1764786262428,0,monitor_data.id
1764786262430,0,monitor_data.id
1764786262432,0,monitor_data.id
1764786262384,0,monitor_data.id_ref
1764786262386,0,monitor_data.id_ref
1764786262388,0,monitor_data.id_ref
1764786262390,0,monitor_data.id_ref
1764786262392,0,monitor_data.id_ref
1764786262393,0,monitor_data.id_ref
1764786262395,0,monitor_data.id_ref
1764786262397,0,monitor_data.id_ref
1764786262398,0,monitor_data.id_ref
1764786262400,0,monitor_data.id_ref
1764786262402,0,monitor_data.id_ref
1764786262405,0,monitor_data.id_ref
1764786262408,0,monitor_data.id_ref
1764786262410,0,monitor_data.id_ref
1764786262411,0,monitor_data.id_ref
1764786262413,0,monitor_data.id_ref
1764786262415,0,monitor_data.id_ref
1764786262417,0,monitor_data.id_ref
1764786262419,0,monitor_data.id_ref
1764786262420,0,monitor_data.id_ref
1764786262422,0,monitor_data.id_ref
1764786262424,0,monitor_data.id_ref
1764786262426,0,monitor_data.id_ref
1764786262428,0,monitor_data.id_ref
1764786262430,0,monitor_data.id_ref
1764786262432,0,monitor_data.id_ref
1764786262384,0,monitor_data.iq
1764786262386,0,monitor_data.iq
1764786262388,0,monitor_data.iq
1764786262390,0,monitor_data.iq
1764786262392,0,monitor_data.iq
1764786262393,0,monitor_data.iq
1764786262395,0,monitor_data.iq
1764786262397,0,monitor_data.iq
1764786262398,0,monitor_data.iq
1764786262400,0,monitor_data.iq
1764786262402,0,monitor_data.iq
1764786262405,0,monitor_data.iq
1764786262408,0,monitor_data.iq
1764786262410,0,monitor_data.iq
1764786262411,0,monitor_data.iq
1764786262413,0,monitor_data.iq
1764786262415,0,monitor_data.iq
1764786262417,0,monitor_data.iq
1764786262419,0,monitor_data.iq
1764786262420,0,monitor_data.iq
1764786262422,0,monitor_data.iq
1764786262424,0,monitor_data.iq
1764786262426,0,monitor_data.iq
1764786262428,0,monitor_data.iq
1764786262430,0,monitor_data.iq
1764786262432,0,monitor_data.iq
1764786262384,0,monitor_data.iq_ref
1764786262386,0,monitor_data.iq_ref
1764786262388,0,monitor_data.iq_ref
1764786262390,0,monitor_data.iq_ref
1764786262392,0,monitor_data.iq_ref
1764786262393,0,monitor_data.iq_ref
1764786262395,0,monitor_data.iq_ref
1764786262397,0,monitor_data.iq_ref
1764786262398,0,monitor_data.iq_ref
1764786262400,0,monitor_data.iq_ref
1764786262402,0,monitor_data.iq_ref
1764786262405,0,monitor_data.iq_ref
1764786262408,0,monitor_data.iq_ref
1764786262410,0,monitor_data.iq_ref
1764786262411,0,monitor_data.iq_ref
1764786262413,0,monitor_data.iq_ref
1764786262415,0,monitor_data.iq_ref
1764786262417,0,monitor_data.iq_ref
1764786262419,0,monitor_data.iq_ref
1764786262420,0,monitor_data.iq_ref
1764786262422,0,monitor_data.iq_ref
1764786262424,0,monitor_data.iq_ref
1764786262426,0,monitor_data.iq_ref
1764786262428,0,monitor_data.iq_ref
1764786262430,0,monitor_data.iq_ref
1764786262432,0,monitor_data.iq_ref
1764786262434,0,monitor_data.id
1764786262436,0,monitor_data.id
1764786262438,0,monitor_data.id
1764786262439,0,monitor_data.id
1764786262441,0,monitor_data.id
1764786262443,0,monitor_data.id
1764786262445,0,monitor_data.id
1764786262447,0,monitor_data.id
1764786262449,0,monitor_data.id
1764786262451,0,monitor_data.id
1764786262453,0,monitor_data.id
1764786262455,0,monitor_data.id
1764786262457,0,monitor_data.id
1764786262459,0,monitor_data.id
1764786262460,0,monitor_data.id
1764786262462,0,monitor_data.id
1764786262464,0,monitor_data.id
1764786262466,0,monitor_data.id
1764786262468,0,monitor_data.id
1764786262471,0,monitor_data.id
1764786262473,0,monitor_data.id
1764786262476,0,monitor_data.id
1764786262478,0,monitor_data.id
1764786262479,0,monitor_data.id
1764786262481,0,monitor_data.id
1764786262483,0,monitor_data.id
1764786262434,0,monitor_data.id_ref
1764786262436,0,monitor_data.id_ref
1764786262438,0,monitor_data.id_ref
1764786262439,0,monitor_data.id_ref
1764786262441,0,monitor_data.id_ref
1764786262443,0,monitor_data.id_ref
1764786262445,0,monitor_data.id_ref
1764786262447,0,monitor_data.id_ref
1764786262449,0,monitor_data.id_ref
1764786262451,0,monitor_data.id_ref
1764786262453,0,monitor_data.id_ref
1764786262455,0,monitor_data.id_ref
1764786262457,0,monitor_data.id_ref
1764786262459,0,monitor_data.id_ref
1764786262460,0,monitor_data.id_ref
1764786262462,0,monitor_data.id_ref
1764786262464,0,monitor_data.id_ref
1764786262466,0,monitor_data.id_ref
1764786262468,0,monitor_data.id_ref
1764786262471,0,monitor_data.id_ref
1764786262473,0,monitor_data.id_ref
1764786262476,0,monitor_data.id_ref
1764786262478,0,monitor_data.id_ref
1764786262479,0,monitor_data.id_ref
1764786262481,0,monitor_data.id_ref
1764786262483,0,monitor_data.id_ref
1764786262434,0,monitor_data.iq
1764786262436,0,monitor_data.iq
1764786262438,0,monitor_data.iq
1764786262439,0,monitor_data.iq
1764786262441,0,monitor_data.iq
1764786262443,0,monitor_data.iq
1764786262445,0,monitor_data.iq
1764786262447,0,monitor_data.iq
1764786262449,0,monitor_data.iq
1764786262451,0,monitor_data.iq
1764786262453,0,monitor_data.iq
1764786262455,0,monitor_data.iq
1764786262457,0,monitor_data.iq
1764786262459,0,monitor_data.iq
1764786262460,0,monitor_data.iq
1764786262462,0,monitor_data.iq
1764786262464,0,monitor_data.iq
1764786262466,0,monitor_data.iq
1764786262468,0,monitor_data.iq
1764786262471,0,monitor_data.iq
1764786262473,0,monitor_data.iq
1764786262476,0,monitor_data.iq
1764786262478,0,monitor_data.iq
1764786262479,0,monitor_data.iq
1764786262481,0,monitor_data.iq
1764786262483,0,monitor_data.iq
1764786262434,0,monitor_data.iq_ref
1764786262436,0,monitor_data.iq_ref
1764786262438,0,monitor_data.iq_ref
1764786262439,0,monitor_data.iq_ref
1764786262441,0,monitor_data.iq_ref
1764786262443,0,monitor_data.iq_ref
1764786262445,0,monitor_data.iq_ref
1764786262447,0,monitor_data.iq_ref
1764786262449,0,monitor_data.iq_ref
1764786262451,0,monitor_data.iq_ref
1764786262453,0,monitor_data.iq_ref
1764786262455,0,monitor_data.iq_ref
1764786262457,0,monitor_data.iq_ref
1764786262459,0,monitor_data.iq_ref
1764786262460,0,monitor_data.iq_ref
1764786262462,0,monitor_data.iq_ref
1764786262464,0,monitor_data.iq_ref
1764786262466,0,monitor_data.iq_ref
1764786262468,0,monitor_data.iq_ref
1764786262471,0,monitor_data.iq_ref
1764786262473,0,monitor_data.iq_ref
1764786262476,0,monitor_data.iq_ref
1764786262478,0,monitor_data.iq_ref
1764786262479,0,monitor_data.iq_ref
1764786262481,0,monitor_data.iq_ref
1764786262483,0,monitor_data.iq_ref
1764786262486,0,monitor_data.id
1764786262488,0,monitor_data.id
1764786262490,0,monitor_data.id
1764786262492,0,monitor_data.id
1764786262494,0,monitor_data.id
1764786262497,0,monitor_data.id
1764786262499,0,monitor_data.id
1764786262501,0,monitor_data.id
1764786262503,0,monitor_data.id
1764786262505,0,monitor_data.id
1764786262507,0,monitor_data.id
1764786262509,0,monitor_data.id
1764786262510,0,monitor_data.id
1764786262512,0,monitor_data.id
1764786262514,0,monitor_data.id
1764786262515,0,monitor_data.id
1764786262517,0,monitor_data.id
1764786262519,0,monitor_data.id
1764786262520,0,monitor_data.id
1764786262522,0,monitor_data.id
1764786262524,0,monitor_data.id
1764786262525,0,monitor_data.id
1764786262527,0,monitor_data.id
1764786262528,0,monitor_data.id
1764786262530,0,monitor_data.id
1764786262534,0,monitor_data.id
1764786262486,0,monitor_data.id_ref
1764786262488,0,monitor_data.id_ref
1764786262490,0,monitor_data.id_ref
1764786262492,0,monitor_data.id_ref
1764786262494,0,monitor_data.id_ref
1764786262497,0,monitor_data.id_ref
1764786262499,0,monitor_data.id_ref
1764786262501,0,monitor_data.id_ref
1764786262503,0,monitor_data.id_ref
1764786262505,0,monitor_data.id_ref
1764786262507,0,monitor_data.id_ref
1764786262509,0,monitor_data.id_ref
1764786262510,0,monitor_data.id_ref
1764786262512,0,monitor_data.id_ref
1764786262514,0,monitor_data.id_ref
1764786262515,0,monitor_data.id_ref
1764786262517,0,monitor_data.id_ref
1764786262519,0,monitor_data.id_ref
1764786262520,0,monitor_data.id_ref
1764786262522,0,monitor_data.id_ref
1764786262524,0,monitor_data.id_ref
1764786262525,0,monitor_data.id_ref
1764786262527,0,monitor_data.id_ref
1764786262528,0,monitor_data.id_ref
1764786262530,0,monitor_data.id_ref
1764786262534,0,monitor_data.id_ref
1764786262486,0,monitor_data.iq
1764786262488,0,monitor_data.iq
1764786262490,0,monitor_data.iq
1764786262492,0,monitor_data.iq
1764786262494,0,monitor_data.iq
1764786262497,0,monitor_data.iq
1764786262499,0,monitor_data.iq
1764786262501,0,monitor_data.iq
1764786262503,0,monitor_data.iq
1764786262505,0,monitor_data.iq
1764786262507,0,monitor_data.iq
1764786262509,0,monitor_data.iq
1764786262510,0,monitor_data.iq
1764786262512,0,monitor_data.iq
1764786262514,0,monitor_data.iq
1764786262515,0,monitor_data.iq
1764786262517,0,monitor_data.iq
1764786262519,0,monitor_data.iq
1764786262520,0,monitor_data.iq
1764786262522,0,monitor_data.iq
1764786262524,0,monitor_data.iq
1764786262525,0,monitor_data.iq
1764786262527,0,monitor_data.iq
1764786262528,0,monitor_data.iq
1764786262530,0,monitor_data.iq
1764786262534,0,monitor_data.iq
1764786262486,0,monitor_data.iq_ref
1764786262488,0,monitor_data.iq_ref
1764786262490,0,monitor_data.iq_ref
1764786262492,0,monitor_data.iq_ref
1764786262494,0,monitor_data.iq_ref
1764786262497,0,monitor_data.iq_ref
1764786262499,0,monitor_data.iq_ref
1764786262501,0,monitor_data.iq_ref
1764786262503,0,monitor_data.iq_ref
1764786262505,0,monitor_data.iq_ref
1764786262507,0,monitor_data.iq_ref
1764786262509,0,monitor_data.iq_ref
1764786262510,0,monitor_data.iq_ref
1764786262512,0,monitor_data.iq_ref
1764786262514,0,monitor_data.iq_ref
1764786262515,0,monitor_data.iq_ref
1764786262517,0,monitor_data.iq_ref
1764786262519,0,monitor_data.iq_ref
1764786262520,0,monitor_data.iq_ref
1764786262522,0,monitor_data.iq_ref
1764786262524,0,monitor_data.iq_ref
1764786262525,0,monitor_data.iq_ref
1764786262527,0,monitor_data.iq_ref
1764786262528,0,monitor_data.iq_ref
1764786262530,0,monitor_data.iq_ref
1764786262534,0,monitor_data.iq_ref
1764786262536,0,monitor_data.id
1764786262540,0,monitor_data.id
1764786262541,0,monitor_data.id
1764786262543,0,monitor_data.id
1764786262545,0,monitor_data.id
1764786262547,0,monitor_data.id
1764786262549,0,monitor_data.id
1764786262552,0,monitor_data.id
1764786262554,0,monitor_data.id
1764786262556,0,monitor_data.id
1764786262558,0,monitor_data.id
1764786262560,0,monitor_data.id
1764786262562,0,monitor_data.id
1764786262564,0,monitor_data.id
1764786262566,0,monitor_data.id
1764786262568,0,monitor_data.id
1764786262569,0,monitor_data.id
1764786262571,0,monitor_data.id
1764786262574,0,monitor_data.id
1764786262575,0,monitor_data.id
1764786262577,0,monitor_data.id
1764786262579,0,monitor_data.id
1764786262581,0,monitor_data.id
1764786262582,0,monitor_data.id
1764786262584,0,monitor_data.id
1764786262586,0,monitor_data.id
1764786262536,0,monitor_data.id_ref
1764786262540,0,monitor_data.id_ref
1764786262541,0,monitor_data.id_ref
1764786262543,0,monitor_data.id_ref
1764786262545,0,monitor_data.id_ref
1764786262547,0,monitor_data.id_ref
1764786262549,0,monitor_data.id_ref
1764786262552,0,monitor_data.id_ref
1764786262554,0,monitor_data.id_ref
1764786262556,0,monitor_data.id_ref
1764786262558,0,monitor_data.id_ref
1764786262560,0,monitor_data.id_ref
1764786262562,0,monitor_data.id_ref
1764786262564,0,monitor_data.id_ref
1764786262566,0,monitor_data.id_ref
1764786262568,0,monitor_data.id_ref
1764786262569,0,monitor_data.id_ref
1764786262571,0,monitor_data.id_ref
1764786262574,0,monitor_data.id_ref
1764786262575,0,monitor_data.id_ref
1764786262577,0,monitor_data.id_ref
1764786262579,0,monitor_data.id_ref
1764786262581,0,monitor_data.id_ref
1764786262582,0,monitor_data.id_ref
1764786262584,0,monitor_data.id_ref
1764786262586,0,monitor_data.id_ref
1764786262536,0,monitor_data.iq
1764786262540,0,monitor_data.iq
1764786262541,0,monitor_data.iq
1764786262543,0,monitor_data.iq
1764786262545,0,monitor_data.iq
1764786262547,0,monitor_data.iq
1764786262549,0,monitor_data.iq
1764786262552,0,monitor_data.iq
1764786262554,0,monitor_data.iq
1764786262556,0,monitor_data.iq
1764786262558,0,monitor_data.iq
1764786262560,0,monitor_data.iq
1764786262562,0,monitor_data.iq
1764786262564,0,monitor_data.iq
1764786262566,0,monitor_data.iq
1764786262568,0,monitor_data.iq
1764786262569,0,monitor_data.iq
1764786262571,0,monitor_data.iq
1764786262574,0,monitor_data.iq
1764786262575,0,monitor_data.iq
1764786262577,0,monitor_data.iq
1764786262579,0,monitor_data.iq
1764786262581,0,monitor_data.iq
1764786262582,0,monitor_data.iq
1764786262584,0,monitor_data.iq
1764786262586,0,monitor_data.iq
1764786262536,0,monitor_data.iq_ref
1764786262540,0,monitor_data.iq_ref
1764786262541,0,monitor_data.iq_ref
1764786262543,0,monitor_data.iq_ref
1764786262545,0,monitor_data.iq_ref
1764786262547,0,monitor_data.iq_ref
1764786262549,0,monitor_data.iq_ref
1764786262552,0,monitor_data.iq_ref
1764786262554,0,monitor_data.iq_ref
1764786262556,0,monitor_data.iq_ref
1764786262558,0,monitor_data.iq_ref
1764786262560,0,monitor_data.iq_ref
1764786262562,0,monitor_data.iq_ref
1764786262564,0,monitor_data.iq_ref
1764786262566,0,monitor_data.iq_ref
1764786262568,0,monitor_data.iq_ref
1764786262569,0,monitor_data.iq_ref
1764786262571,0,monitor_data.iq_ref
1764786262574,0,monitor_data.iq_ref
1764786262575,0,monitor_data.iq_ref
1764786262577,0,monitor_data.iq_ref
1764786262579,0,monitor_data.iq_ref
1764786262581,0,monitor_data.iq_ref
1764786262582,0,monitor_data.iq_ref
1764786262584,0,monitor_data.iq_ref
1764786262586,0,monitor_data.iq_ref
1764786262588,0,monitor_data.id
1764786262591,0,monitor_data.id
1764786262592,0,monitor_data.id
1764786262595,0,monitor_data.id
1764786262596,0,monitor_data.id
1764786262597,0,monitor_data.id
1764786262599,0,monitor_data.id
1764786262600,0,monitor_data.id
1764786262602,0,monitor_data.id
1764786262604,0,monitor_data.id
1764786262606,0,monitor_data.id
1764786262608,0,monitor_data.id
1764786262609,0,monitor_data.id
1764786262610,0,monitor_data.id
1764786262612,0,monitor_data.id
1764786262614,0,monitor_data.id
1764786262615,0,monitor_data.id
1764786262617,0,monitor_data.id
1764786262619,0,monitor_data.id
1764786262621,0,monitor_data.id
1764786262623,0,monitor_data.id
1764786262624,0,monitor_data.id
1764786262626,0,monitor_data.id
1764786262627,0,monitor_data.id
1764786262629,0,monitor_data.id
1764786262631,0,monitor_data.id
1764786262632,0,monitor_data.id
1764786262634,0,monitor_data.id
1764786262636,0,monitor_data.id
1764786262588,0,monitor_data.id_ref
1764786262591,0,monitor_data.id_ref
1764786262592,0,monitor_data.id_ref
1764786262595,0,monitor_data.id_ref
1764786262596,0,monitor_data.id_ref
1764786262597,0,monitor_data.id_ref
1764786262599,0,monitor_data.id_ref
1764786262600,0,monitor_data.id_ref
1764786262602,0,monitor_data.id_ref
1764786262604,0,monitor_data.id_ref
1764786262606,0,monitor_data.id_ref
1764786262608,0,monitor_data.id_ref
1764786262609,0,monitor_data.id_ref
1764786262610,0,monitor_data.id_ref
1764786262612,0,monitor_data.id_ref
1764786262614,0,monitor_data.id_ref
1764786262615,0,monitor_data.id_ref
1764786262617,0,monitor_data.id_ref
1764786262619,0,monitor_data.id_ref
1764786262621,0,monitor_data.id_ref
1764786262623,0,monitor_data.id_ref
1764786262624,0,monitor_data.id_ref
1764786262626,0,monitor_data.id_ref
1764786262627,0,monitor_data.id_ref
1764786262629,0,monitor_data.id_ref
1764786262631,0,monitor_data.id_ref
1764786262632,0,monitor_data.id_ref
1764786262634,0,monitor_data.id_ref
1764786262636,0,monitor_data.id_ref
1764786262588,0,monitor_data.iq
1764786262591,0,monitor_data.iq
1764786262592,0,monitor_data.iq
1764786262595,0,monitor_data.iq
1764786262596,0,monitor_data.iq
1764786262597,0,monitor_data.iq
1764786262599,0,monitor_data.iq
1764786262600,0,monitor_data.iq
1764786262602,0,monitor_data.iq
1764786262604,0,monitor_data.iq
1764786262606,0,monitor_data.iq
1764786262608,0,monitor_data.iq
1764786262609,0,monitor_data.iq
1764786262610,0,monitor_data.iq
1764786262612,0,monitor_data.iq
1764786262614,0,monitor_data.iq
1764786262615,0,monitor_data.iq
1764786262617,0,monitor_data.iq
1764786262619,0,monitor_data.iq
1764786262621,0,monitor_data.iq
1764786262623,0,monitor_data.iq
1764786262624,0,monitor_data.iq
1764786262626,0,monitor_data.iq
1764786262627,0,monitor_data.iq
1764786262629,0,monitor_data.iq
1764786262631,0,monitor_data.iq
1764786262632,0,monitor_data.iq
1764786262634,0,monitor_data.iq
1764786262636,0,monitor_data.iq
1764786262588,0,monitor_data.iq_ref
1764786262591,0,monitor_data.iq_ref
1764786262592,0,monitor_data.iq_ref
1764786262595,0,monitor_data.iq_ref
1764786262596,0,monitor_data.iq_ref
1764786262597,0,monitor_data.iq_ref
1764786262599,0,monitor_data.iq_ref
1764786262600,0,monitor_data.iq_ref
1764786262602,0,monitor_data.iq_ref
1764786262604,0,monitor_data.iq_ref
1764786262606,0,monitor_data.iq_ref
1764786262608,0,monitor_data.iq_ref
1764786262609,0,monitor_data.iq_ref
1764786262610,0,monitor_data.iq_ref
1764786262612,0,monitor_data.iq_ref
1764786262614,0,monitor_data.iq_ref
1764786262615,0,monitor_data.iq_ref
1764786262617,0,monitor_data.iq_ref
1764786262619,0,monitor_data.iq_ref
1764786262621,0,monitor_data.iq_ref
1764786262623,0,monitor_data.iq_ref
1764786262624,0,monitor_data.iq_ref
1764786262626,0,monitor_data.iq_ref
1764786262627,0,monitor_data.iq_ref
1764786262629,0,monitor_data.iq_ref
1764786262631,0,monitor_data.iq_ref
1764786262632,0,monitor_data.iq_ref
1764786262634,0,monitor_data.iq_ref
1764786262636,0,monitor_data.iq_ref
1764786262638,0,monitor_data.id
1764786262641,0,monitor_data.id
1764786262643,0,monitor_data.id
1764786262644,0,monitor_data.id
1764786262646,0,monitor_data.id
1764786262647,0,monitor_data.id
1764786262648,0,monitor_data.id
1764786262650,0,monitor_data.id
1764786262651,0,monitor_data.id
1764786262653,0,monitor_data.id
1764786262656,0,monitor_data.id
1764786262658,0,monitor_data.id
1764786262659,0,monitor_data.id
1764786262661,0,monitor_data.id
1764786262662,0,monitor_data.id
1764786262664,0,monitor_data.id
1764786262665,0,monitor_data.id
1764786262667,0,monitor_data.id
1764786262668,0,monitor_data.id
1764786262671,0,monitor_data.id
1764786262673,0,monitor_data.id
1764786262675,0,monitor_data.id
1764786262677,0,monitor_data.id
1764786262679,0,monitor_data.id
1764786262680,0,monitor_data.id
1764786262683,0,monitor_data.id
1764786262684,0,monitor_data.id
1764786262687,0,monitor_data.id
1764786262689,0,monitor_data.id
1764786262638,0,monitor_data.id_ref
1764786262641,0,monitor_data.id_ref
1764786262643,0,monitor_data.id_ref
1764786262644,0,monitor_data.id_ref
1764786262646,0,monitor_data.id_ref
1764786262647,0,monitor_data.id_ref
1764786262648,0,monitor_data.id_ref
1764786262650,0,monitor_data.id_ref
1764786262651,0,monitor_data.id_ref
1764786262653,0,monitor_data.id_ref
1764786262656,0,monitor_data.id_ref
1764786262658,0,monitor_data.id_ref
1764786262659,0,monitor_data.id_ref
1764786262661,0,monitor_data.id_ref
1764786262662,0,monitor_data.id_ref
1764786262664,0,monitor_data.id_ref
1764786262665,0,monitor_data.id_ref
1764786262667,0,monitor_data.id_ref
1764786262668,0,monitor_data.id_ref
1764786262671,0,monitor_data.id_ref
1764786262673,0,monitor_data.id_ref
1764786262675,0,monitor_data.id_ref
1764786262677,0,monitor_data.id_ref
1764786262679,0,monitor_data.id_ref
1764786262680,0,monitor_data.id_ref
1764786262683,0,monitor_data.id_ref
1764786262684,0,monitor_data.id_ref
1764786262687,0,monitor_data.id_ref
1764786262689,0,monitor_data.id_ref
1764786262638,0,monitor_data.iq
1764786262641,0,monitor_data.iq
1764786262643,0,monitor_data.iq
1764786262644,0,monitor_data.iq
1764786262646,0,monitor_data.iq
1764786262647,0,monitor_data.iq
1764786262648,0,monitor_data.iq
1764786262650,0,monitor_data.iq
1764786262651,0,monitor_data.iq
1764786262653,0,monitor_data.iq
1764786262656,0,monitor_data.iq
1764786262658,0,monitor_data.iq
1764786262659,0,monitor_data.iq
1764786262661,0,monitor_data.iq
1764786262662,0,monitor_data.iq
1764786262664,0,monitor_data.iq
1764786262665,0,monitor_data.iq
1764786262667,0,monitor_data.iq
1764786262668,0,monitor_data.iq
1764786262671,0,monitor_data.iq
1764786262673,0,monitor_data.iq
1764786262675,0,monitor_data.iq
1764786262677,0,monitor_data.iq
1764786262679,0,monitor_data.iq
1764786262680,0,monitor_data.iq
1764786262683,0,monitor_data.iq
1764786262684,0,monitor_data.iq
1764786262687,0,monitor_data.iq
1764786262689,0,monitor_data.iq
1764786262638,0,monitor_data.iq_ref
1764786262641,0,monitor_data.iq_ref
1764786262643,0,monitor_data.iq_ref
1764786262644,0,monitor_data.iq_ref
1764786262646,0,monitor_data.iq_ref
1764786262647,0,monitor_data.iq_ref
1764786262648,0,monitor_data.iq_ref
1764786262650,0,monitor_data.iq_ref
1764786262651,0,monitor_data.iq_ref
1764786262653,0,monitor_data.iq_ref
1764786262656,0,monitor_data.iq_ref
1764786262658,0,monitor_data.iq_ref
1764786262659,0,monitor_data.iq_ref
1764786262661,0,monitor_data.iq_ref
1764786262662,0,monitor_data.iq_ref
1764786262664,0,monitor_data.iq_ref
1764786262665,0,monitor_data.iq_ref
1764786262667,0,monitor_data.iq_ref
1764786262668,0,monitor_data.iq_ref
1764786262671,0,monitor_data.iq_ref
1764786262673,0,monitor_data.iq_ref
1764786262675,0,monitor_data.iq_ref
1764786262677,0,monitor_data.iq_ref
1764786262679,0,monitor_data.iq_ref
1764786262680,0,monitor_data.iq_ref
1764786262683,0,monitor_data.iq_ref
1764786262684,0,monitor_data.iq_ref
1764786262687,0,monitor_data.iq_ref
1764786262689,0,monitor_data.iq_ref
1764786262691,0,monitor_data.id
1764786262693,0,monitor_data.id
1764786262695,0,monitor_data.id
1764786262697,0,monitor_data.id
1764786262698,0,monitor_data.id
1764786262700,0,monitor_data.id
1764786262701,0,monitor_data.id
1764786262704,0,monitor_data.id
1764786262705,0,monitor_data.id
1764786262707,0,monitor_data.id
1764786262708,0,monitor_data.id
1764786262709,0,monitor_data.id
1764786262711,0,monitor_data.id
1764786262713,0,monitor_data.id
1764786262714,0,monitor_data.id
1764786262716,0,monitor_data.id
1764786262717,0,monitor_data.id
1764786262718,0,monitor_data.id
1764786262720,0,monitor_data.id
1764786262723,0,monitor_data.id
1764786262725,0,monitor_data.id
1764786262727,0,monitor_data.id
1764786262729,0,monitor_data.id
1764786262731,0,monitor_data.id
1764786262733,0,monitor_data.id
1764786262735,0,monitor_data.id
1764786262737,0,monitor_data.id
1764786262739,0,monitor_data.id
1764786262691,0,monitor_data.id_ref
1764786262693,0,monitor_data.id_ref
1764786262695,0,monitor_data.id_ref
1764786262697,0,monitor_data.id_ref
1764786262698,0,monitor_data.id_ref
1764786262700,0,monitor_data.id_ref
1764786262701,0,monitor_data.id_ref
1764786262704,0,monitor_data.id_ref
1764786262705,0,monitor_data.id_ref
1764786262707,0,monitor_data.id_ref
1764786262708,0,monitor_data.id_ref
1764786262709,0,monitor_data.id_ref
1764786262711,0,monitor_data.id_ref
1764786262713,0,monitor_data.id_ref
1764786262714,0,monitor_data.id_ref
1764786262716,0,monitor_data.id_ref
1764786262717,0,monitor_data.id_ref
1764786262718,0,monitor_data.id_ref
1764786262720,0,monitor_data.id_ref
1764786262723,0,monitor_data.id_ref
1764786262725,0,monitor_data.id_ref
1764786262727,0,monitor_data.id_ref
1764786262729,0,monitor_data.id_ref
1764786262731,0,monitor_data.id_ref
1764786262733,0,monitor_data.id_ref
1764786262735,0,monitor_data.id_ref
1764786262737,0,monitor_data.id_ref
1764786262739,0,monitor_data.id_ref
1764786262691,0,monitor_data.iq
1764786262693,0,monitor_data.iq
1764786262695,0,monitor_data.iq
1764786262697,0,monitor_data.iq
1764786262698,0,monitor_data.iq
1764786262700,0,monitor_data.iq
1764786262701,0,monitor_data.iq
1764786262704,0,monitor_data.iq
1764786262705,0,monitor_data.iq
1764786262707,0,monitor_data.iq
1764786262708,0,monitor_data.iq
1764786262709,0,monitor_data.iq
1764786262711,0,monitor_data.iq
1764786262713,0,monitor_data.iq
1764786262714,0,monitor_data.iq
1764786262716,0,monitor_data.iq
1764786262717,0,monitor_data.iq
1764786262718,0,monitor_data.iq
1764786262720,0,monitor_data.iq
1764786262723,0,monitor_data.iq
1764786262725,0,monitor_data.iq
1764786262727,0,monitor_data.iq
1764786262729,0,monitor_data.iq
1764786262731,0,monitor_data.iq
1764786262733,0,monitor_data.iq
1764786262735,0,monitor_data.iq
1764786262737,0,monitor_data.iq
1764786262739,0,monitor_data.iq
1764786262691,0,monitor_data.iq_ref
1764786262693,0,monitor_data.iq_ref
1764786262695,0,monitor_data.iq_ref
1764786262697,0,monitor_data.iq_ref
1764786262698,0,monitor_data.iq_ref
1764786262700,0,monitor_data.iq_ref
1764786262701,0,monitor_data.iq_ref
1764786262704,0,monitor_data.iq_ref
1764786262705,0,monitor_data.iq_ref
1764786262707,0,monitor_data.iq_ref
1764786262708,0,monitor_data.iq_ref
1764786262709,0,monitor_data.iq_ref
1764786262711,0,monitor_data.iq_ref
1764786262713,0,monitor_data.iq_ref
1764786262714,0,monitor_data.iq_ref
1764786262716,0,monitor_data.iq_ref
1764786262717,0,monitor_data.iq_ref
1764786262718,0,monitor_data.iq_ref
1764786262720,0,monitor_data.iq_ref
1764786262723,0,monitor_data.iq_ref
1764786262725,0,monitor_data.iq_ref
1764786262727,0,monitor_data.iq_ref
1764786262729,0,monitor_data.iq_ref
1764786262731,0,monitor_data.iq_ref
1764786262733,0,monitor_data.iq_ref
1764786262735,0,monitor_data.iq_ref
1764786262737,0,monitor_data.iq_ref
1764786262739,0,monitor_data.iq_ref
1764786262740,0,monitor_data.id
1764786262742,0,monitor_data.id
1764786262743,0,monitor_data.id
1764786262745,0,monitor_data.id
1764786262747,0,monitor_data.id
1764786262749,0,monitor_data.id
1764786262751,0,monitor_data.id
1764786262753,0,monitor_data.id
1764786262755,0,monitor_data.id
1764786262756,0,monitor_data.id
1764786262757,0,monitor_data.id
1764786262759,0,monitor_data.id
1764786262760,0,monitor_data.id
1764786262761,0,monitor_data.id
1764786262762,0,monitor_data.id
1764786262764,0,monitor_data.id
1764786262766,0,monitor_data.id
1764786262767,0,monitor_data.id
1764786262769,0,monitor_data.id
1764786262771,0,monitor_data.id
1764786262773,0,monitor_data.id
1764786262775,0,monitor_data.id
1764786262776,0,monitor_data.id
1764786262778,0,monitor_data.id
1764786262780,0,monitor_data.id
1764786262782,0,monitor_data.id
1764786262783,0,monitor_data.id
1764786262785,0,monitor_data.id
1764786262787,0,monitor_data.id
1764786262789,0,monitor_data.id
1764786262740,0,monitor_data.id_ref
1764786262742,0,monitor_data.id_ref
1764786262743,0,monitor_data.id_ref
1764786262745,0,monitor_data.id_ref
1764786262747,0,monitor_data.id_ref
1764786262749,0,monitor_data.id_ref
1764786262751,0,monitor_data.id_ref
1764786262753,0,monitor_data.id_ref
1764786262755,0,monitor_data.id_ref
1764786262756,0,monitor_data.id_ref
1764786262757,0,monitor_data.id_ref
1764786262759,0,monitor_data.id_ref
1764786262760,0,monitor_data.id_ref
1764786262761,0,monitor_data.id_ref
1764786262762,0,monitor_data.id_ref
1764786262764,0,monitor_data.id_ref
1764786262766,0,monitor_data.id_ref
1764786262767,0,monitor_data.id_ref
1764786262769,0,monitor_data.id_ref
1764786262771,0,monitor_data.id_ref
1764786262773,0,monitor_data.id_ref
1764786262775,0,monitor_data.id_ref
1764786262776,0,monitor_data.id_ref
1764786262778,0,monitor_data.id_ref
1764786262780,0,monitor_data.id_ref
1764786262782,0,monitor_data.id_ref
1764786262783,0,monitor_data.id_ref
1764786262785,0,monitor_data.id_ref
1764786262787,0,monitor_data.id_ref
1764786262789,0,monitor_data.id_ref
1764786262740,0,monitor_data.iq
1764786262742,0,monitor_data.iq
1764786262743,0,monitor_data.iq
1764786262745,0,monitor_data.iq
1764786262747,0,monitor_data.iq
1764786262749,0,monitor_data.iq
1764786262751,0,monitor_data.iq
1764786262753,0,monitor_data.iq
1764786262755,0,monitor_data.iq
1764786262756,0,monitor_data.iq
1764786262757,0,monitor_data.iq
1764786262759,0,monitor_data.iq
1764786262760,0,monitor_data.iq
1764786262761,0,monitor_data.iq
1764786262762,0,monitor_data.iq
1764786262764,0,monitor_data.iq
1764786262766,0,monitor_data.iq
1764786262767,0,monitor_data.iq
1764786262769,0,monitor_data.iq
1764786262771,0,monitor_data.iq
1764786262773,0,monitor_data.iq
1764786262775,0,monitor_data.iq
1764786262776,0,monitor_data.iq
1764786262778,0,monitor_data.iq
1764786262780,0,monitor_data.iq
1764786262782,0,monitor_data.iq
1764786262783,0,monitor_data.iq
1764786262785,0,monitor_data.iq
1764786262787,0,monitor_data.iq
1764786262789,0,monitor_data.iq
1764786262740,0,monitor_data.iq_ref
1764786262742,0,monitor_data.iq_ref
1764786262743,0,monitor_data.iq_ref
1764786262745,0,monitor_data.iq_ref
1764786262747,0,monitor_data.iq_ref
1764786262749,0,monitor_data.iq_ref
1764786262751,0,monitor_data.iq_ref
1764786262753,0,monitor_data.iq_ref
1764786262755,0,monitor_data.iq_ref
1764786262756,0,monitor_data.iq_ref
1764786262757,0,monitor_data.iq_ref
1764786262759,0,monitor_data.iq_ref
1764786262760,0,monitor_data.iq_ref
1764786262761,0,monitor_data.iq_ref
1764786262762,0,monitor_data.iq_ref
1764786262764,0,monitor_data.iq_ref
1764786262766,0,monitor_data.iq_ref
1764786262767,0,monitor_data.iq_ref
1764786262769,0,monitor_data.iq_ref
1764786262771,0,monitor_data.iq_ref
1764786262773,0,monitor_data.iq_ref
1764786262775,0,monitor_data.iq_ref
1764786262776,0,monitor_data.iq_ref
1764786262778,0,monitor_data.iq_ref
1764786262780,0,monitor_data.iq_ref
1764786262782,0,monitor_data.iq_ref
1764786262783,0,monitor_data.iq_ref
1764786262785,0,monitor_data.iq_ref
1764786262787,0,monitor_data.iq_ref
1764786262789,0,monitor_data.iq_ref
1764786262790,0,monitor_data.id
1764786262792,0,monitor_data.id
1764786262793,0,monitor_data.id
1764786262795,0,monitor_data.id
1764786262797,0,monitor_data.id
1764786262798,0,monitor_data.id
1764786262799,0,monitor_data.id
1764786262801,0,monitor_data.id
1764786262802,0,monitor_data.id
1764786262804,0,monitor_data.id
1764786262806,0,monitor_data.id
1764786262808,0,monitor_data.id
1764786262809,0,monitor_data.id
1764786262811,0,monitor_data.id
1764786262812,0,monitor_data.id
1764786262814,0,monitor_data.id
1764786262815,0,monitor_data.id
1764786262817,0,monitor_data.id
1764786262819,0,monitor_data.id
1764786262821,0,monitor_data.id
1764786262823,0,monitor_data.id
1764786262824,0,monitor_data.id
1764786262826,0,monitor_data.id
1764786262828,0,monitor_data.id
1764786262829,0,monitor_data.id
1764786262831,0,monitor_data.id
1764786262833,0,monitor_data.id
1764786262834,0,monitor_data.id
1764786262836,0,monitor_data.id
1764786262838,0,monitor_data.id
1764786262840,0,monitor_data.id
1764786262790,0,monitor_data.id_ref
1764786262792,0,monitor_data.id_ref
1764786262793,0,monitor_data.id_ref
1764786262795,0,monitor_data.id_ref
1764786262797,0,monitor_data.id_ref
1764786262798,0,monitor_data.id_ref
1764786262799,0,monitor_data.id_ref
1764786262801,0,monitor_data.id_ref
1764786262802,0,monitor_data.id_ref
1764786262804,0,monitor_data.id_ref
1764786262806,0,monitor_data.id_ref
1764786262808,0,monitor_data.id_ref
1764786262809,0,monitor_data.id_ref
1764786262811,0,monitor_data.id_ref
1764786262812,0,monitor_data.id_ref
1764786262814,0,monitor_data.id_ref
1764786262815,0,monitor_data.id_ref
1764786262817,0,monitor_data.id_ref
1764786262819,0,monitor_data.id_ref
1764786262821,0,monitor_data.id_ref
1764786262823,0,monitor_data.id_ref
1764786262824,0,monitor_data.id_ref
1764786262826,0,monitor_data.id_ref
1764786262828,0,monitor_data.id_ref
1764786262829,0,monitor_data.id_ref
1764786262831,0,monitor_data.id_ref
1764786262833,0,monitor_data.id_ref
1764786262834,0,monitor_data.id_ref
1764786262836,0,monitor_data.id_ref
1764786262838,0,monitor_data.id_ref
1764786262840,0,monitor_data.id_ref
1764786262790,0,monitor_data.iq
1764786262792,0,monitor_data.iq
1764786262793,0,monitor_data.iq
1764786262795,0,monitor_data.iq
1764786262797,0,monitor_data.iq
1764786262798,0,monitor_data.iq
1764786262799,0,monitor_data.iq
1764786262801,0,monitor_data.iq
1764786262802,0,monitor_data.iq
1764786262804,0,monitor_data.iq
1764786262806,0,monitor_data.iq
1764786262808,0,monitor_data.iq
1764786262809,0,monitor_data.iq
1764786262811,0,monitor_data.iq
1764786262812,0,monitor_data.iq
1764786262814,0,monitor_data.iq
1764786262815,0,monitor_data.iq
1764786262817,0,monitor_data.iq
1764786262819,0,monitor_data.iq
1764786262821,0,monitor_data.iq
1764786262823,0,monitor_data.iq
1764786262824,0,monitor_data.iq
1764786262826,0,monitor_data.iq
1764786262828,0,monitor_data.iq
1764786262829,0,monitor_data.iq
1764786262831,0,monitor_data.iq
1764786262833,0,monitor_data.iq
1764786262834,0,monitor_data.iq
1764786262836,0,monitor_data.iq
1764786262838,0,monitor_data.iq
1764786262840,0,monitor_data.iq
1764786262790,0,monitor_data.iq_ref
1764786262792,0,monitor_data.iq_ref
1764786262793,0,monitor_data.iq_ref
1764786262795,0,monitor_data.iq_ref
1764786262797,0,monitor_data.iq_ref
1764786262798,0,monitor_data.iq_ref
1764786262799,0,monitor_data.iq_ref
1764786262801,0,monitor_data.iq_ref
1764786262802,0,monitor_data.iq_ref
1764786262804,0,monitor_data.iq_ref
1764786262806,0,monitor_data.iq_ref
1764786262808,0,monitor_data.iq_ref
1764786262809,0,monitor_data.iq_ref
1764786262811,0,monitor_data.iq_ref
1764786262812,0,monitor_data.iq_ref
1764786262814,0,monitor_data.iq_ref
1764786262815,0,monitor_data.iq_ref
1764786262817,0,monitor_data.iq_ref
1764786262819,0,monitor_data.iq_ref
1764786262821,0,monitor_data.iq_ref
1764786262823,0,monitor_data.iq_ref
1764786262824,0,monitor_data.iq_ref
1764786262826,0,monitor_data.iq_ref
1764786262828,0,monitor_data.iq_ref
1764786262829,0,monitor_data.iq_ref
1764786262831,0,monitor_data.iq_ref
1764786262833,0,monitor_data.iq_ref
1764786262834,0,monitor_data.iq_ref
1764786262836,0,monitor_data.iq_ref
1764786262838,0,monitor_data.iq_ref
1764786262840,0,monitor_data.iq_ref
1764786262842,0,monitor_data.id
1764786262845,0,monitor_data.id
1764786262847,0,monitor_data.id
1764786262848,0,monitor_data.id
1764786262850,0,monitor_data.id
1764786262852,0,monitor_data.id
1764786262854,0,monitor_data.id
1764786262856,0,monitor_data.id
1764786262857,0,monitor_data.id
1764786262859,0,monitor_data.id
1764786262860,0,monitor_data.id
1764786262862,0,monitor_data.id
1764786262863,0,monitor_data.id
1764786262865,0,monitor_data.id
1764786262866,0,monitor_data.id
1764786262868,0,monitor_data.id
1764786262869,0,monitor_data.id
1764786262871,0,monitor_data.id
1764786262873,0,monitor_data.id
1764786262874,0,monitor_data.id
1764786262876,0,monitor_data.id
1764786262877,0,monitor_data.id
1764786262879,0,monitor_data.id
1764786262881,0,monitor_data.id
1764786262882,0,monitor_data.id
1764786262884,0,monitor_data.id
1764786262885,0,monitor_data.id
1764786262888,0,monitor_data.id
1764786262890,0,monitor_data.id
1764786262891,0,monitor_data.id
1764786262842,0,monitor_data.id_ref
1764786262845,0,monitor_data.id_ref
1764786262847,0,monitor_data.id_ref
1764786262848,0,monitor_data.id_ref
1764786262850,0,monitor_data.id_ref
1764786262852,0,monitor_data.id_ref
1764786262854,0,monitor_data.id_ref
1764786262856,0,monitor_data.id_ref
1764786262857,0,monitor_data.id_ref
1764786262859,0,monitor_data.id_ref
1764786262860,0,monitor_data.id_ref
1764786262862,0,monitor_data.id_ref
1764786262863,0,monitor_data.id_ref
1764786262865,0,monitor_data.id_ref
1764786262866,0,monitor_data.id_ref
1764786262868,0,monitor_data.id_ref
1764786262869,0,monitor_data.id_ref
1764786262871,0,monitor_data.id_ref
1764786262873,0,monitor_data.id_ref
1764786262874,0,monitor_data.id_ref
1764786262876,0,monitor_data.id_ref
1764786262877,0,monitor_data.id_ref
1764786262879,0,monitor_data.id_ref
1764786262881,0,monitor_data.id_ref
1764786262882,0,monitor_data.id_ref
1764786262884,0,monitor_data.id_ref
1764786262885,0,monitor_data.id_ref
1764786262888,0,monitor_data.id_ref
1764786262890,0,monitor_data.id_ref
1764786262891,0,monitor_data.id_ref
1764786262842,0,monitor_data.iq
1764786262845,0,monitor_data.iq
1764786262847,0,monitor_data.iq
1764786262848,0,monitor_data.iq
1764786262850,0,monitor_data.iq
1764786262852,0,monitor_data.iq
1764786262854,0,monitor_data.iq
1764786262856,0,monitor_data.iq
1764786262857,0,monitor_data.iq
1764786262859,0,monitor_data.iq
1764786262860,0,monitor_data.iq
1764786262862,0,monitor_data.iq
1764786262863,0,monitor_data.iq
1764786262865,0,monitor_data.iq
1764786262866,0,monitor_data.iq
1764786262868,0,monitor_data.iq
1764786262869,0,monitor_data.iq
1764786262871,0,monitor_data.iq
1764786262873,0,monitor_data.iq
1764786262874,0,monitor_data.iq
1764786262876,0,monitor_data.iq
1764786262877,0,monitor_data.iq
1764786262879,0,monitor_data.iq
1764786262881,0,monitor_data.iq
1764786262882,0,monitor_data.iq
1764786262884,0,monitor_data.iq
1764786262885,0,monitor_data.iq
1764786262888,0,monitor_data.iq
1764786262890,0,monitor_data.iq
1764786262891,0,monitor_data.iq
1764786262842,0,monitor_data.iq_ref
1764786262845,0,monitor_data.iq_ref
1764786262847,0,monitor_data.iq_ref
1764786262848,0,monitor_data.iq_ref
1764786262850,0,monitor_data.iq_ref
1764786262852,0,monitor_data.iq_ref
1764786262854,0,monitor_data.iq_ref
1764786262856,0,monitor_data.iq_ref
1764786262857,0,monitor_data.iq_ref
1764786262859,0,monitor_data.iq_ref
1764786262860,0,monitor_data.iq_ref
1764786262862,0,monitor_data.iq_ref
1764786262863,0,monitor_data.iq_ref
1764786262865,0,monitor_data.iq_ref
1764786262866,0,monitor_data.iq_ref
1764786262868,0,monitor_data.iq_ref
1764786262869,0,monitor_data.iq_ref
1764786262871,0,monitor_data.iq_ref
1764786262873,0,monitor_data.iq_ref
1764786262874,0,monitor_data.iq_ref
1764786262876,0,monitor_data.iq_ref
1764786262877,0,monitor_data.iq_ref
1764786262879,0,monitor_data.iq_ref
1764786262881,0,monitor_data.iq_ref
1764786262882,0,monitor_data.iq_ref
1764786262884,0,monitor_data.iq_ref
1764786262885,0,monitor_data.iq_ref
1764786262888,0,monitor_data.iq_ref
1764786262890,0,monitor_data.iq_ref
1764786262891,0,monitor_data.iq_ref
1764786262893,0,monitor_data.id
1764786262894,0,monitor_data.id
1764786262896,0,monitor_data.id
1764786262898,0,monitor_data.id
1764786262899,0,monitor_data.id
1764786262901,0,monitor_data.id
1764786262903,0,monitor_data.id
1764786262905,0,monitor_data.id
1764786262906,0,monitor_data.id
1764786262907,0,monitor_data.id
1764786262909,0,monitor_data.id
1764786262910,0,monitor_data.id
1764786262912,0,monitor_data.id
1764786262913,0,monitor_data.id
1764786262915,0,monitor_data.id
1764786262918,0,monitor_data.id
1764786262921,0,monitor_data.id
1764786262922,0,monitor_data.id
1764786262924,0,monitor_data.id
1764786262926,0,monitor_data.id
1764786262927,0,monitor_data.id
1764786262929,0,monitor_data.id
1764786262931,0,monitor_data.id
1764786262933,0,monitor_data.id
1764786262935,0,monitor_data.id
1764786262937,0,monitor_data.id
1764786262938,0,monitor_data.id
1764786262940,0,monitor_data.id
1764786262942,0,monitor_data.id
1764786262943,0,monitor_data.id
1764786262893,0,monitor_data.id_ref
1764786262894,0,monitor_data.id_ref
1764786262896,0,monitor_data.id_ref
1764786262898,0,monitor_data.id_ref
1764786262899,0,monitor_data.id_ref
1764786262901,0,monitor_data.id_ref
1764786262903,0,monitor_data.id_ref
1764786262905,0,monitor_data.id_ref
1764786262906,0,monitor_data.id_ref
1764786262907,0,monitor_data.id_ref
1764786262909,0,monitor_data.id_ref
1764786262910,0,monitor_data.id_ref
1764786262912,0,monitor_data.id_ref
1764786262913,0,monitor_data.id_ref
1764786262915,0,monitor_data.id_ref
1764786262918,0,monitor_data.id_ref
1764786262921,0,monitor_data.id_ref
1764786262922,0,monitor_data.id_ref
1764786262924,0,monitor_data.id_ref
1764786262926,0,monitor_data.id_ref
1764786262927,0,monitor_data.id_ref
1764786262929,0,monitor_data.id_ref
1764786262931,0,monitor_data.id_ref
1764786262933,0,monitor_data.id_ref
1764786262935,0,monitor_data.id_ref
1764786262937,0,monitor_data.id_ref
1764786262938,0,monitor_data.id_ref
1764786262940,0,monitor_data.id_ref
1764786262942,0,monitor_data.id_ref
1764786262943,0,monitor_data.id_ref
1764786262893,0,monitor_data.iq
1764786262894,0,monitor_data.iq
1764786262896,0,monitor_data.iq
1764786262898,0,monitor_data.iq
1764786262899,0,monitor_data.iq
1764786262901,0,monitor_data.iq
1764786262903,0,monitor_data.iq
1764786262905,0,monitor_data.iq
1764786262906,0,monitor_data.iq
1764786262907,0,monitor_data.iq
1764786262909,0,monitor_data.iq
1764786262910,0,monitor_data.iq
1764786262912,0,monitor_data.iq
1764786262913,0,monitor_data.iq
1764786262915,0,monitor_data.iq
1764786262918,0,monitor_data.iq
1764786262921,0,monitor_data.iq
1764786262922,0,monitor_data.iq
1764786262924,0,monitor_data.iq
1764786262926,0,monitor_data.iq
1764786262927,0,monitor_data.iq
1764786262929,0,monitor_data.iq
1764786262931,0,monitor_data.iq
1764786262933,0,monitor_data.iq
1764786262935,0,monitor_data.iq
1764786262937,0,monitor_data.iq
1764786262938,0,monitor_data.iq
1764786262940,0,monitor_data.iq
1764786262942,0,monitor_data.iq
1764786262943,0,monitor_data.iq
1764786262893,0,monitor_data.iq_ref
1764786262894,0,monitor_data.iq_ref
1764786262896,0,monitor_data.iq_ref
1764786262898,0,monitor_data.iq_ref
1764786262899,0,monitor_data.iq_ref
1764786262901,0,monitor_data.iq_ref
1764786262903,0,monitor_data.iq_ref
1764786262905,0,monitor_data.iq_ref
1764786262906,0,monitor_data.iq_ref
1764786262907,0,monitor_data.iq_ref
1764786262909,0,monitor_data.iq_ref
1764786262910,0,monitor_data.iq_ref
1764786262912,0,monitor_data.iq_ref
1764786262913,0,monitor_data.iq_ref
1764786262915,0,monitor_data.iq_ref
1764786262918,0,monitor_data.iq_ref
1764786262921,0,monitor_data.iq_ref
1764786262922,0,monitor_data.iq_ref
1764786262924,0,monitor_data.iq_ref
1764786262926,0,monitor_data.iq_ref
1764786262927,0,monitor_data.iq_ref
1764786262929,0,monitor_data.iq_ref
1764786262931,0,monitor_data.iq_ref
1764786262933,0,monitor_data.iq_ref
1764786262935,0,monitor_data.iq_ref
1764786262937,0,monitor_data.iq_ref
1764786262938,0,monitor_data.iq_ref
1764786262940,0,monitor_data.iq_ref
1764786262942,0,monitor_data.iq_ref
1764786262943,0,monitor_data.iq_ref
1764786262945,0,monitor_data.id
1764786262947,0,monitor_data.id
1764786262948,0,monitor_data.id
1764786262950,0,monitor_data.id
1764786262951,0,monitor_data.id
1764786262953,0,monitor_data.id
1764786262955,0,monitor_data.id
1764786262957,0,monitor_data.id
1764786262959,0,monitor_data.id
1764786262960,0,monitor_data.id
1764786262962,0,monitor_data.id
1764786262963,0,monitor_data.id
1764786262965,0,monitor_data.id
1764786262966,0,monitor_data.id
1764786262968,0,monitor_data.id
1764786262970,0,monitor_data.id
1764786262973,0,monitor_data.id
1764786262975,0,monitor_data.id
1764786262976,0,monitor_data.id
1764786262979,0,monitor_data.id
1764786262980,0,monitor_data.id
1764786262982,0,monitor_data.id
1764786262984,0,monitor_data.id
1764786262985,0,monitor_data.id
1764786262987,0,monitor_data.id
1764786262989,0,monitor_data.id
1764786262990,0,monitor_data.id
1764786262992,0,monitor_data.id
1764786262995,0,monitor_data.id
1764786262945,0,monitor_data.id_ref
1764786262947,0,monitor_data.id_ref
1764786262948,0,monitor_data.id_ref
1764786262950,0,monitor_data.id_ref
1764786262951,0,monitor_data.id_ref
1764786262953,0,monitor_data.id_ref
1764786262955,0,monitor_data.id_ref
1764786262957,0,monitor_data.id_ref
1764786262959,0,monitor_data.id_ref
1764786262960,0,monitor_data.id_ref
1764786262962,0,monitor_data.id_ref
1764786262963,0,monitor_data.id_ref
1764786262965,0,monitor_data.id_ref
1764786262966,0,monitor_data.id_ref
1764786262968,0,monitor_data.id_ref
1764786262970,0,monitor_data.id_ref
1764786262973,0,monitor_data.id_ref
1764786262975,0,monitor_data.id_ref
1764786262976,0,monitor_data.id_ref
1764786262979,0,monitor_data.id_ref
1764786262980,0,monitor_data.id_ref
1764786262982,0,monitor_data.id_ref
1764786262984,0,monitor_data.id_ref
1764786262985,0,monitor_data.id_ref
1764786262987,0,monitor_data.id_ref
1764786262989,0,monitor_data.id_ref
1764786262990,0,monitor_data.id_ref
1764786262992,0,monitor_data.id_ref
1764786262995,0,monitor_data.id_ref
1764786262945,0,monitor_data.iq
1764786262947,0,monitor_data.iq
1764786262948,0,monitor_data.iq
1764786262950,0,monitor_data.iq
1764786262951,0,monitor_data.iq
1764786262953,0,monitor_data.iq
1764786262955,0,monitor_data.iq
1764786262957,0,monitor_data.iq
1764786262959,0,monitor_data.iq
1764786262960,0,monitor_data.iq
1764786262962,0,monitor_data.iq
1764786262963,0,monitor_data.iq
1764786262965,0,monitor_data.iq
1764786262966,0,monitor_data.iq
1764786262968,0,monitor_data.iq
1764786262970,0,monitor_data.iq
1764786262973,0,monitor_data.iq
1764786262975,0,monitor_data.iq
1764786262976,0,monitor_data.iq
1764786262979,0,monitor_data.iq
1764786262980,0,monitor_data.iq
1764786262982,0,monitor_data.iq
1764786262984,0,monitor_data.iq
1764786262985,0,monitor_data.iq
1764786262987,0,monitor_data.iq
1764786262989,0,monitor_data.iq
1764786262990,0,monitor_data.iq
1764786262992,0,monitor_data.iq
1764786262995,0,monitor_data.iq
1764786262945,0,monitor_data.iq_ref
1764786262947,0,monitor_data.iq_ref
1764786262948,0,monitor_data.iq_ref
1764786262950,0,monitor_data.iq_ref
1764786262951,0,monitor_data.iq_ref
1764786262953,0,monitor_data.iq_ref
1764786262955,0,monitor_data.iq_ref
1764786262957,0,monitor_data.iq_ref
1764786262959,0,monitor_data.iq_ref
1764786262960,0,monitor_data.iq_ref
1764786262962,0,monitor_data.iq_ref
1764786262963,0,monitor_data.iq_ref
1764786262965,0,monitor_data.iq_ref
1764786262966,0,monitor_data.iq_ref
1764786262968,0,monitor_data.iq_ref
1764786262970,0,monitor_data.iq_ref
1764786262973,0,monitor_data.iq_ref
1764786262975,0,monitor_data.iq_ref
1764786262976,0,monitor_data.iq_ref
1764786262979,0,monitor_data.iq_ref
1764786262980,0,monitor_data.iq_ref
1764786262982,0,monitor_data.iq_ref
1764786262984,0,monitor_data.iq_ref
1764786262985,0,monitor_data.iq_ref
1764786262987,0,monitor_data.iq_ref
1764786262989,0,monitor_data.iq_ref
1764786262990,0,monitor_data.iq_ref
1764786262992,0,monitor_data.iq_ref
1764786262995,0,monitor_data.iq_ref
1764786262997,0,monitor_data.id
1764786262999,0,monitor_data.id
1764786263001,0,monitor_data.id
1764786263004,0,monitor_data.id
1764786263006,0,monitor_data.id
1764786263008,0,monitor_data.id
1764786263009,0,monitor_data.id
1764786263011,0,monitor_data.id
1764786263012,0,monitor_data.id
1764786263014,0,monitor_data.id
1764786263015,0,monitor_data.id
1764786263017,0,monitor_data.id
1764786263018,0,monitor_data.id
1764786263019,0,monitor_data.id
1764786263021,0,monitor_data.id
1764786263023,0,monitor_data.id
1764786263025,0,monitor_data.id
1764786263027,0,monitor_data.id
1764786263028,0,monitor_data.id
1764786263030,0,monitor_data.id
1764786263032,0,monitor_data.id
1764786263034,0,monitor_data.id
1764786263036,0,monitor_data.id
1764786263039,0,monitor_data.id
1764786263040,0,monitor_data.id
1764786263042,0,monitor_data.id
1764786263043,0,monitor_data.id
1764786263045,0,monitor_data.id
1764786262997,0,monitor_data.id_ref
1764786262999,0,monitor_data.id_ref
1764786263001,0,monitor_data.id_ref
1764786263004,0,monitor_data.id_ref
1764786263006,0,monitor_data.id_ref
1764786263008,0,monitor_data.id_ref
1764786263009,0,monitor_data.id_ref
1764786263011,0,monitor_data.id_ref
1764786263012,0,monitor_data.id_ref
1764786263014,0,monitor_data.id_ref
1764786263015,0,monitor_data.id_ref
1764786263017,0,monitor_data.id_ref
1764786263018,0,monitor_data.id_ref
1764786263019,0,monitor_data.id_ref
1764786263021,0,monitor_data.id_ref
1764786263023,0,monitor_data.id_ref
1764786263025,0,monitor_data.id_ref
1764786263027,0,monitor_data.id_ref
1764786263028,0,monitor_data.id_ref
1764786263030,0,monitor_data.id_ref
1764786263032,0,monitor_data.id_ref
1764786263034,0,monitor_data.id_ref
1764786263036,0,monitor_data.id_ref
1764786263039,0,monitor_data.id_ref
1764786263040,0,monitor_data.id_ref
1764786263042,0,monitor_data.id_ref
1764786263043,0,monitor_data.id_ref
1764786263045,0,monitor_data.id_ref
1764786262997,0,monitor_data.iq
1764786262999,0,monitor_data.iq
1764786263001,0,monitor_data.iq
1764786263004,0,monitor_data.iq
1764786263006,0,monitor_data.iq
1764786263008,0,monitor_data.iq
1764786263009,0,monitor_data.iq
1764786263011,0,monitor_data.iq
1764786263012,0,monitor_data.iq
1764786263014,0,monitor_data.iq
1764786263015,0,monitor_data.iq
1764786263017,0,monitor_data.iq
1764786263018,0,monitor_data.iq
1764786263019,0,monitor_data.iq
1764786263021,0,monitor_data.iq
1764786263023,0,monitor_data.iq
1764786263025,0,monitor_data.iq
1764786263027,0,monitor_data.iq
1764786263028,0,monitor_data.iq
1764786263030,0,monitor_data.iq
1764786263032,0,monitor_data.iq
1764786263034,0,monitor_data.iq
1764786263036,0,monitor_data.iq
1764786263039,0,monitor_data.iq
1764786263040,0,monitor_data.iq
1764786263042,0,monitor_data.iq
1764786263043,0,monitor_data.iq
1764786263045,0,monitor_data.iq
1764786262997,0,monitor_data.iq_ref
1764786262999,0,monitor_data.iq_ref
1764786263001,0,monitor_data.iq_ref
1764786263004,0,monitor_data.iq_ref
1764786263006,0,monitor_data.iq_ref
1764786263008,0,monitor_data.iq_ref
1764786263009,0,monitor_data.iq_ref
1764786263011,0,monitor_data.iq_ref
1764786263012,0,monitor_data.iq_ref
1764786263014,0,monitor_data.iq_ref
1764786263015,0,monitor_data.iq_ref
1764786263017,0,monitor_data.iq_ref
1764786263018,0,monitor_data.iq_ref
1764786263019,0,monitor_data.iq_ref
1764786263021,0,monitor_data.iq_ref
1764786263023,0,monitor_data.iq_ref
1764786263025,0,monitor_data.iq_ref
1764786263027,0,monitor_data.iq_ref
1764786263028,0,monitor_data.iq_ref
1764786263030,0,monitor_data.iq_ref
1764786263032,0,monitor_data.iq_ref
1764786263034,0,monitor_data.iq_ref
1764786263036,0,monitor_data.iq_ref
1764786263039,0,monitor_data.iq_ref
1764786263040,0,monitor_data.iq_ref
1764786263042,0,monitor_data.iq_ref
1764786263043,0,monitor_data.iq_ref
1764786263045,0,monitor_data.iq_ref
1764786263047,0,monitor_data.id
1764786263049,0,monitor_data.id
1764786263051,0,monitor_data.id
1764786263053,0,monitor_data.id
1764786263055,0,monitor_data.id
1764786263057,0,monitor_data.id
1764786263058,0,monitor_data.id
1764786263060,0,monitor_data.id
1764786263062,0,monitor_data.id
1764786263063,0,monitor_data.id
1764786263065,0,monitor_data.id
1764786263066,0,monitor_data.id
1764786263069,0,monitor_data.id
1764786263072,0,monitor_data.id
1764786263074,0,monitor_data.id
1764786263076,0,monitor_data.id
1764786263078,0,monitor_data.id
1764786263080,0,monitor_data.id
1764786263082,0,monitor_data.id
1764786263083,0,monitor_data.id
1764786263086,0,monitor_data.id
1764786263087,0,monitor_data.id
1764786263089,0,monitor_data.id
1764786263091,0,monitor_data.id
1764786263093,0,monitor_data.id
1764786263095,0,monitor_data.id
1764786263096,0,monitor_data.id
1764786263047,0,monitor_data.id_ref
1764786263049,0,monitor_data.id_ref
1764786263051,0,monitor_data.id_ref
1764786263053,0,monitor_data.id_ref
1764786263055,0,monitor_data.id_ref
1764786263057,0,monitor_data.id_ref
1764786263058,0,monitor_data.id_ref
1764786263060,0,monitor_data.id_ref
1764786263062,0,monitor_data.id_ref
1764786263063,0,monitor_data.id_ref
1764786263065,0,monitor_data.id_ref
1764786263066,0,monitor_data.id_ref
1764786263069,0,monitor_data.id_ref
1764786263072,0,monitor_data.id_ref
1764786263074,0,monitor_data.id_ref
1764786263076,0,monitor_data.id_ref
1764786263078,0,monitor_data.id_ref
1764786263080,0,monitor_data.id_ref
1764786263082,0,monitor_data.id_ref
1764786263083,0,monitor_data.id_ref
1764786263086,0,monitor_data.id_ref
1764786263087,0,monitor_data.id_ref
1764786263089,0,monitor_data.id_ref
1764786263091,0,monitor_data.id_ref
1764786263093,0,monitor_data.id_ref
1764786263095,0,monitor_data.id_ref
1764786263096,0,monitor_data.id_ref
1764786263047,0,monitor_data.iq
1764786263049,0,monitor_data.iq
1764786263051,0,monitor_data.iq
1764786263053,0,monitor_data.iq
1764786263055,0,monitor_data.iq
1764786263057,0,monitor_data.iq
1764786263058,0,monitor_data.iq
1764786263060,0,monitor_data.iq
1764786263062,0,monitor_data.iq
1764786263063,0,monitor_data.iq
1764786263065,0,monitor_data.iq
1764786263066,0,monitor_data.iq
1764786263069,0,monitor_data.iq
1764786263072,0,monitor_data.iq
1764786263074,0,monitor_data.iq
1764786263076,0,monitor_data.iq
1764786263078,0,monitor_data.iq
1764786263080,0,monitor_data.iq
1764786263082,0,monitor_data.iq
1764786263083,0,monitor_data.iq
1764786263086,0,monitor_data.iq
1764786263087,0,monitor_data.iq
1764786263089,0,monitor_data.iq
1764786263091,0,monitor_data.iq
1764786263093,0,monitor_data.iq
1764786263095,0,monitor_data.iq
1764786263096,0,monitor_data.iq
1764786263047,0,monitor_data.iq_ref
1764786263049,0,monitor_data.iq_ref
1764786263051,0,monitor_data.iq_ref
1764786263053,0,monitor_data.iq_ref
1764786263055,0,monitor_data.iq_ref
1764786263057,0,monitor_data.iq_ref
1764786263058,0,monitor_data.iq_ref
1764786263060,0,monitor_data.iq_ref
1764786263062,0,monitor_data.iq_ref
1764786263063,0,monitor_data.iq_ref
1764786263065,0,monitor_data.iq_ref
1764786263066,0,monitor_data.iq_ref
1764786263069,0,monitor_data.iq_ref
1764786263072,0,monitor_data.iq_ref
1764786263074,0,monitor_data.iq_ref
1764786263076,0,monitor_data.iq_ref
1764786263078,0,monitor_data.iq_ref
1764786263080,0,monitor_data.iq_ref
1764786263082,0,monitor_data.iq_ref
1764786263083,0,monitor_data.iq_ref
1764786263086,0,monitor_data.iq_ref
1764786263087,0,monitor_data.iq_ref
1764786263089,0,monitor_data.iq_ref
1764786263091,0,monitor_data.iq_ref
1764786263093,0,monitor_data.iq_ref
1764786263095,0,monitor_data.iq_ref
1764786263096,0,monitor_data.iq_ref
1764786263098,0,monitor_data.id
1764786263100,0,monitor_data.id
1764786263101,0,monitor_data.id
1764786263104,0,monitor_data.id
1764786263106,0,monitor_data.id
1764786263107,0,monitor_data.id
1764786263109,0,monitor_data.id
1764786263111,0,monitor_data.id
1764786263113,0,monitor_data.id
1764786263114,0,monitor_data.id
1764786263116,0,monitor_data.id
1764786263118,0,monitor_data.id
1764786263119,0,monitor_data.id
1764786263121,0,monitor_data.id
1764786263123,0,monitor_data.id
1764786263125,0,monitor_data.id
1764786263126,0,monitor_data.id
1764786263128,0,monitor_data.id
1764786263129,0,monitor_data.id
1764786263132,0,monitor_data.id
1764786263134,0,monitor_data.id
1764786263135,0,monitor_data.id
1764786263137,0,monitor_data.id
1764786263139,0,monitor_data.id
1764786263141,0,monitor_data.id
1764786263143,0,monitor_data.id
1764786263145,0,monitor_data.id
1764786263147,0,monitor_data.id
1764786263098,0,monitor_data.id_ref
1764786263100,0,monitor_data.id_ref
1764786263101,0,monitor_data.id_ref
1764786263104,0,monitor_data.id_ref
1764786263106,0,monitor_data.id_ref
1764786263107,0,monitor_data.id_ref
1764786263109,0,monitor_data.id_ref
1764786263111,0,monitor_data.id_ref
1764786263113,0,monitor_data.id_ref
1764786263114,0,monitor_data.id_ref
1764786263116,0,monitor_data.id_ref
1764786263118,0,monitor_data.id_ref
1764786263119,0,monitor_data.id_ref
1764786263121,0,monitor_data.id_ref
1764786263123,0,monitor_data.id_ref
1764786263125,0,monitor_data.id_ref
1764786263126,0,monitor_data.id_ref
1764786263128,0,monitor_data.id_ref
1764786263129,0,monitor_data.id_ref
1764786263132,0,monitor_data.id_ref
1764786263134,0,monitor_data.id_ref
1764786263135,0,monitor_data.id_ref
1764786263137,0,monitor_data.id_ref
1764786263139,0,monitor_data.id_ref
1764786263141,0,monitor_data.id_ref
1764786263143,0,monitor_data.id_ref
1764786263145,0,monitor_data.id_ref
1764786263147,0,monitor_data.id_ref
1764786263098,0,monitor_data.iq
1764786263100,0,monitor_data.iq
1764786263101,0,monitor_data.iq
1764786263104,0,monitor_data.iq
1764786263106,0,monitor_data.iq
1764786263107,0,monitor_data.iq
1764786263109,0,monitor_data.iq
1764786263111,0,monitor_data.iq
1764786263113,0,monitor_data.iq
1764786263114,0,monitor_data.iq
1764786263116,0,monitor_data.iq
1764786263118,0,monitor_data.iq
1764786263119,0,monitor_data.iq
1764786263121,0,monitor_data.iq
1764786263123,0,monitor_data.iq
1764786263125,0,monitor_data.iq
1764786263126,0,monitor_data.iq
1764786263128,0,monitor_data.iq
1764786263129,0,monitor_data.iq
1764786263132,0,monitor_data.iq
1764786263134,0,monitor_data.iq
1764786263135,0,monitor_data.iq
1764786263137,0,monitor_data.iq
1764786263139,0,monitor_data.iq
1764786263141,0,monitor_data.iq
1764786263143,0,monitor_data.iq
1764786263145,0,monitor_data.iq
1764786263147,0,monitor_data.iq
1764786263098,0,monitor_data.iq_ref
1764786263100,0,monitor_data.iq_ref
1764786263101,0,monitor_data.iq_ref
1764786263104,0,monitor_data.iq_ref
1764786263106,0,monitor_data.iq_ref
1764786263107,0,monitor_data.iq_ref
1764786263109,0,monitor_data.iq_ref
1764786263111,0,monitor_data.iq_ref
1764786263113,0,monitor_data.iq_ref
1764786263114,0,monitor_data.iq_ref
1764786263116,0,monitor_data.iq_ref
1764786263118,0,monitor_data.iq_ref
1764786263119,0,monitor_data.iq_ref
1764786263121,0,monitor_data.iq_ref
1764786263123,0,monitor_data.iq_ref
1764786263125,0,monitor_data.iq_ref
1764786263126,0,monitor_data.iq_ref
1764786263128,0,monitor_data.iq_ref
1764786263129,0,monitor_data.iq_ref
1764786263132,0,monitor_data.iq_ref
1764786263134,0,monitor_data.iq_ref
1764786263135,0,monitor_data.iq_ref
1764786263137,0,monitor_data.iq_ref
1764786263139,0,monitor_data.iq_ref
1764786263141,0,monitor_data.iq_ref
1764786263143,0,monitor_data.iq_ref
1764786263145,0,monitor_data.iq_ref
1764786263147,0,monitor_data.iq_ref
1764786263148,0,monitor_data.id
1764786263150,0,monitor_data.id
1764786263151,0,monitor_data.id
1764786263153,0,monitor_data.id
1764786263155,0,monitor_data.id
1764786263157,0,monitor_data.id
1764786263159,0,monitor_data.id
1764786263161,0,monitor_data.id
1764786263162,0,monitor_data.id
1764786263164,0,monitor_data.id
1764786263165,0,monitor_data.id
1764786263166,0,monitor_data.id
1764786263167,0,monitor_data.id
1764786263169,0,monitor_data.id
1764786263171,0,monitor_data.id
1764786263172,0,monitor_data.id
1764786263174,0,monitor_data.id
1764786263175,0,monitor_data.id
1764786263176,0,monitor_data.id
1764786263178,0,monitor_data.id
1764786263180,0,monitor_data.id
1764786263182,0,monitor_data.id
1764786263183,0,monitor_data.id
1764786263185,0,monitor_data.id
1764786263187,0,monitor_data.id
1764786263189,0,monitor_data.id
1764786263191,0,monitor_data.id
1764786263193,0,monitor_data.id
1764786263195,0,monitor_data.id
1764786263197,0,monitor_data.id
1764786263198,0,monitor_data.id
1764786263148,0,monitor_data.id_ref
1764786263150,0,monitor_data.id_ref
1764786263151,0,monitor_data.id_ref
1764786263153,0,monitor_data.id_ref
1764786263155,0,monitor_data.id_ref
1764786263157,0,monitor_data.id_ref
1764786263159,0,monitor_data.id_ref
1764786263161,0,monitor_data.id_ref
1764786263162,0,monitor_data.id_ref
1764786263164,0,monitor_data.id_ref
1764786263165,0,monitor_data.id_ref
1764786263166,0,monitor_data.id_ref
1764786263167,0,monitor_data.id_ref
1764786263169,0,monitor_data.id_ref
1764786263171,0,monitor_data.id_ref
1764786263172,0,monitor_data.id_ref
1764786263174,0,monitor_data.id_ref
1764786263175,0,monitor_data.id_ref
1764786263176,0,monitor_data.id_ref
1764786263178,0,monitor_data.id_ref
1764786263180,0,monitor_data.id_ref
1764786263182,0,monitor_data.id_ref
1764786263183,0,monitor_data.id_ref
1764786263185,0,monitor_data.id_ref
1764786263187,0,monitor_data.id_ref
1764786263189,0,monitor_data.id_ref
1764786263191,0,monitor_data.id_ref
1764786263193,0,monitor_data.id_ref
1764786263195,0,monitor_data.id_ref
1764786263197,0,monitor_data.id_ref
1764786263198,0,monitor_data.id_ref
1764786263148,0,monitor_data.iq
1764786263150,0,monitor_data.iq
1764786263151,0,monitor_data.iq
1764786263153,0,monitor_data.iq
1764786263155,0,monitor_data.iq
1764786263157,0,monitor_data.iq
1764786263159,0,monitor_data.iq
1764786263161,0,monitor_data.iq
1764786263162,0,monitor_data.iq
1764786263164,0,monitor_data.iq
1764786263165,0,monitor_data.iq
1764786263166,0,monitor_data.iq
1764786263167,0,monitor_data.iq
1764786263169,0,monitor_data.iq
1764786263171,0,monitor_data.iq
1764786263172,0,monitor_data.iq
1764786263174,0,monitor_data.iq
1764786263175,0,monitor_data.iq
1764786263176,0,monitor_data.iq
1764786263178,0,monitor_data.iq
1764786263180,0,monitor_data.iq
1764786263182,0,monitor_data.iq
1764786263183,0,monitor_data.iq
1764786263185,0,monitor_data.iq
1764786263187,0,monitor_data.iq
1764786263189,0,monitor_data.iq
1764786263191,0,monitor_data.iq
1764786263193,0,monitor_data.iq
1764786263195,0,monitor_data.iq
1764786263197,0,monitor_data.iq
1764786263198,0,monitor_data.iq
1764786263148,0,monitor_data.iq_ref
1764786263150,0,monitor_data.iq_ref
1764786263151,0,monitor_data.iq_ref
1764786263153,0,monitor_data.iq_ref
1764786263155,0,monitor_data.iq_ref
1764786263157,0,monitor_data.iq_ref
1764786263159,0,monitor_data.iq_ref
1764786263161,0,monitor_data.iq_ref
1764786263162,0,monitor_data.iq_ref
1764786263164,0,monitor_data.iq_ref
1764786263165,0,monitor_data.iq_ref
1764786263166,0,monitor_data.iq_ref
1764786263167,0,monitor_data.iq_ref
1764786263169,0,monitor_data.iq_ref
1764786263171,0,monitor_data.iq_ref
1764786263172,0,monitor_data.iq_ref
1764786263174,0,monitor_data.iq_ref
1764786263175,0,monitor_data.iq_ref
1764786263176,0,monitor_data.iq_ref
1764786263178,0,monitor_data.iq_ref
1764786263180,0,monitor_data.iq_ref
1764786263182,0,monitor_data.iq_ref
1764786263183,0,monitor_data.iq_ref
1764786263185,0,monitor_data.iq_ref
1764786263187,0,monitor_data.iq_ref
1764786263189,0,monitor_data.iq_ref
1764786263191,0,monitor_data.iq_ref
1764786263193,0,monitor_data.iq_ref
1764786263195,0,monitor_data.iq_ref
1764786263197,0,monitor_data.iq_ref
1764786263198,0,monitor_data.iq_ref
1764786263200,0,monitor_data.id
1764786263202,0,monitor_data.id
1764786263204,0,monitor_data.id
1764786263206,0,monitor_data.id
1764786263207,0,monitor_data.id
1764786263209,0,monitor_data.id
1764786263210,0,monitor_data.id
1764786263211,0,monitor_data.id
1764786263212,0,monitor_data.id
1764786263214,0,monitor_data.id
1764786263215,0,monitor_data.id
1764786263216,0,monitor_data.id
1764786263218,0,monitor_data.id
1764786263220,0,monitor_data.id
1764786263222,0,monitor_data.id
1764786263224,0,monitor_data.id
1764786263225,0,monitor_data.id
1764786263228,0,monitor_data.id
1764786263229,0,monitor_data.id
1764786263231,0,monitor_data.id
1764786263233,0,monitor_data.id
1764786263235,0,monitor_data.id
1764786263237,0,monitor_data.id
1764786263239,0,monitor_data.id
1764786263241,0,monitor_data.id
1764786263242,0,monitor_data.id
1764786263244,0,monitor_data.id
1764786263246,0,monitor_data.id
1764786263248,0,monitor_data.id
1764786263200,0,monitor_data.id_ref
1764786263202,0,monitor_data.id_ref
1764786263204,0,monitor_data.id_ref
1764786263206,0,monitor_data.id_ref
1764786263207,0,monitor_data.id_ref
1764786263209,0,monitor_data.id_ref
1764786263210,0,monitor_data.id_ref
1764786263211,0,monitor_data.id_ref
1764786263212,0,monitor_data.id_ref
1764786263214,0,monitor_data.id_ref
1764786263215,0,monitor_data.id_ref
1764786263216,0,monitor_data.id_ref
1764786263218,0,monitor_data.id_ref
1764786263220,0,monitor_data.id_ref
1764786263222,0,monitor_data.id_ref
1764786263224,0,monitor_data.id_ref
1764786263225,0,monitor_data.id_ref
1764786263228,0,monitor_data.id_ref
1764786263229,0,monitor_data.id_ref
1764786263231,0,monitor_data.id_ref
1764786263233,0,monitor_data.id_ref
1764786263235,0,monitor_data.id_ref
1764786263237,0,monitor_data.id_ref
1764786263239,0,monitor_data.id_ref
1764786263241,0,monitor_data.id_ref
1764786263242,0,monitor_data.id_ref
1764786263244,0,monitor_data.id_ref
1764786263246,0,monitor_data.id_ref
1764786263248,0,monitor_data.id_ref
1764786263200,0,monitor_data.iq
1764786263202,0,monitor_data.iq
1764786263204,0,monitor_data.iq
1764786263206,0,monitor_data.iq
1764786263207,0,monitor_data.iq
1764786263209,0,monitor_data.iq
1764786263210,0,monitor_data.iq
1764786263211,0,monitor_data.iq
1764786263212,0,monitor_data.iq
1764786263214,0,monitor_data.iq
1764786263215,0,monitor_data.iq
1764786263216,0,monitor_data.iq
1764786263218,0,monitor_data.iq
1764786263220,0,monitor_data.iq
1764786263222,0,monitor_data.iq
1764786263224,0,monitor_data.iq
1764786263225,0,monitor_data.iq
1764786263228,0,monitor_data.iq
1764786263229,0,monitor_data.iq
1764786263231,0,monitor_data.iq
1764786263233,0,monitor_data.iq
1764786263235,0,monitor_data.iq
1764786263237,0,monitor_data.iq
1764786263239,0,monitor_data.iq
1764786263241,0,monitor_data.iq
1764786263242,0,monitor_data.iq
1764786263244,0,monitor_data.iq
1764786263246,0,monitor_data.iq
1764786263248,0,monitor_data.iq
1764786263200,0,monitor_data.iq_ref
1764786263202,0,monitor_data.iq_ref
1764786263204,0,monitor_data.iq_ref
1764786263206,0,monitor_data.iq_ref
1764786263207,0,monitor_data.iq_ref
1764786263209,0,monitor_data.iq_ref
1764786263210,0,monitor_data.iq_ref
1764786263211,0,monitor_data.iq_ref
1764786263212,0,monitor_data.iq_ref
1764786263214,0,monitor_data.iq_ref
1764786263215,0,monitor_data.iq_ref
1764786263216,0,monitor_data.iq_ref
1764786263218,0,monitor_data.iq_ref
1764786263220,0,monitor_data.iq_ref
1764786263222,0,monitor_data.iq_ref
1764786263224,0,monitor_data.iq_ref
1764786263225,0,monitor_data.iq_ref
1764786263228,0,monitor_data.iq_ref
1764786263229,0,monitor_data.iq_ref
1764786263231,0,monitor_data.iq_ref
1764786263233,0,monitor_data.iq_ref
1764786263235,0,monitor_data.iq_ref
1764786263237,0,monitor_data.iq_ref
1764786263239,0,monitor_data.iq_ref
1764786263241,0,monitor_data.iq_ref
1764786263242,0,monitor_data.iq_ref
1764786263244,0,monitor_data.iq_ref
1764786263246,0,monitor_data.iq_ref
1764786263248,0,monitor_data.iq_ref
1764786263250,0,monitor_data.id
1764786263252,0,monitor_data.id
1764786263254,0,monitor_data.id
1764786263255,0,monitor_data.id
1764786263257,0,monitor_data.id
1764786263259,0,monitor_data.id
1764786263261,0,monitor_data.id
1764786263263,0,monitor_data.id
1764786263265,0,monitor_data.id
1764786263266,0,monitor_data.id
1764786263267,0,monitor_data.id
1764786263268,0,monitor_data.id
1764786263270,0,monitor_data.id
1764786263272,0,monitor_data.id
1764786263273,0,monitor_data.id
1764786263274,0,monitor_data.id
1764786263276,0,monitor_data.id
1764786263278,0,monitor_data.id
1764786263280,0,monitor_data.id
1764786263282,0,monitor_data.id
1764786263283,0,monitor_data.id
1764786263285,0,monitor_data.id
1764786263287,0,monitor_data.id
1764786263289,0,monitor_data.id
1764786263290,0,monitor_data.id
1764786263292,0,monitor_data.id
1764786263294,0,monitor_data.id
1764786263296,0,monitor_data.id
1764786263297,0,monitor_data.id
1764786263299,0,monitor_data.id
1764786263250,0,monitor_data.id_ref
1764786263252,0,monitor_data.id_ref
1764786263254,0,monitor_data.id_ref
1764786263255,0,monitor_data.id_ref
1764786263257,0,monitor_data.id_ref
1764786263259,0,monitor_data.id_ref
1764786263261,0,monitor_data.id_ref
1764786263263,0,monitor_data.id_ref
1764786263265,0,monitor_data.id_ref
1764786263266,0,monitor_data.id_ref
1764786263267,0,monitor_data.id_ref
1764786263268,0,monitor_data.id_ref
1764786263270,0,monitor_data.id_ref
1764786263272,0,monitor_data.id_ref
1764786263273,0,monitor_data.id_ref
1764786263274,0,monitor_data.id_ref
1764786263276,0,monitor_data.id_ref
1764786263278,0,monitor_data.id_ref
1764786263280,0,monitor_data.id_ref
1764786263282,0,monitor_data.id_ref
1764786263283,0,monitor_data.id_ref
1764786263285,0,monitor_data.id_ref
1764786263287,0,monitor_data.id_ref
1764786263289,0,monitor_data.id_ref
1764786263290,0,monitor_data.id_ref
1764786263292,0,monitor_data.id_ref
1764786263294,0,monitor_data.id_ref
1764786263296,0,monitor_data.id_ref
1764786263297,0,monitor_data.id_ref
1764786263299,0,monitor_data.id_ref
1764786263250,0,monitor_data.iq
1764786263252,0,monitor_data.iq
1764786263254,0,monitor_data.iq
1764786263255,0,monitor_data.iq
1764786263257,0,monitor_data.iq
1764786263259,0,monitor_data.iq
1764786263261,0,monitor_data.iq
1764786263263,0,monitor_data.iq
1764786263265,0,monitor_data.iq
1764786263266,0,monitor_data.iq
1764786263267,0,monitor_data.iq
1764786263268,0,monitor_data.iq
1764786263270,0,monitor_data.iq
1764786263272,0,monitor_data.iq
1764786263273,0,monitor_data.iq
1764786263274,0,monitor_data.iq
1764786263276,0,monitor_data.iq
1764786263278,0,monitor_data.iq
1764786263280,0,monitor_data.iq
1764786263282,0,monitor_data.iq
1764786263283,0,monitor_data.iq
1764786263285,0,monitor_data.iq
1764786263287,0,monitor_data.iq
1764786263289,0,monitor_data.iq
1764786263290,0,monitor_data.iq
1764786263292,0,monitor_data.iq
1764786263294,0,monitor_data.iq
1764786263296,0,monitor_data.iq
1764786263297,0,monitor_data.iq
1764786263299,0,monitor_data.iq
1764786263250,0,monitor_data.iq_ref
1764786263252,0,monitor_data.iq_ref
1764786263254,0,monitor_data.iq_ref
1764786263255,0,monitor_data.iq_ref
1764786263257,0,monitor_data.iq_ref
1764786263259,0,monitor_data.iq_ref
1764786263261,0,monitor_data.iq_ref
1764786263263,0,monitor_data.iq_ref
1764786263265,0,monitor_data.iq_ref
1764786263266,0,monitor_data.iq_ref
1764786263267,0,monitor_data.iq_ref
1764786263268,0,monitor_data.iq_ref
1764786263270,0,monitor_data.iq_ref
1764786263272,0,monitor_data.iq_ref
1764786263273,0,monitor_data.iq_ref
1764786263274,0,monitor_data.iq_ref
1764786263276,0,monitor_data.iq_ref
1764786263278,0,monitor_data.iq_ref
1764786263280,0,monitor_data.iq_ref
1764786263282,0,monitor_data.iq_ref
1764786263283,0,monitor_data.iq_ref
1764786263285,0,monitor_data.iq_ref
1764786263287,0,monitor_data.iq_ref
1764786263289,0,monitor_data.iq_ref
1764786263290,0,monitor_data.iq_ref
1764786263292,0,monitor_data.iq_ref
1764786263294,0,monitor_data.iq_ref
1764786263296,0,monitor_data.iq_ref
1764786263297,0,monitor_data.iq_ref
1764786263299,0,monitor_data.iq_ref
1764786263301,0,monitor_data.id
1764786263304,0,monitor_data.id
1764786263306,0,monitor_data.id
1764786263307,0,monitor_data.id
1764786263308,0,monitor_data.id
1764786263310,0,monitor_data.id
1764786263312,0,monitor_data.id
1764786263314,0,monitor_data.id
1764786263315,0,monitor_data.id
1764786263317,0,monitor_data.id
1764786263318,0,monitor_data.id
1764786263321,0,monitor_data.id
1764786263323,0,monitor_data.id
1764786263325,0,monitor_data.id
1764786263327,0,monitor_data.id
1764786263328,0,monitor_data.id
1764786263330,0,monitor_data.id
1764786263332,0,monitor_data.id
1764786263334,0,monitor_data.id
1764786263335,0,monitor_data.id
1764786263337,0,monitor_data.id
1764786263339,0,monitor_data.id
1764786263341,0,monitor_data.id
1764786263343,0,monitor_data.id
1764786263345,0,monitor_data.id
1764786263347,0,monitor_data.id
1764786263348,0,monitor_data.id
1764786263301,0,monitor_data.id_ref
1764786263304,0,monitor_data.id_ref
1764786263306,0,monitor_data.id_ref
1764786263307,0,monitor_data.id_ref
1764786263308,0,monitor_data.id_ref
1764786263310,0,monitor_data.id_ref
1764786263312,0,monitor_data.id_ref
1764786263314,0,monitor_data.id_ref
1764786263315,0,monitor_data.id_ref
1764786263317,0,monitor_data.id_ref
1764786263318,0,monitor_data.id_ref
1764786263321,0,monitor_data.id_ref
1764786263323,0,monitor_data.id_ref
1764786263325,0,monitor_data.id_ref
1764786263327,0,monitor_data.id_ref
1764786263328,0,monitor_data.id_ref
1764786263330,0,monitor_data.id_ref
1764786263332,0,monitor_data.id_ref
1764786263334,0,monitor_data.id_ref
1764786263335,0,monitor_data.id_ref
1764786263337,0,monitor_data.id_ref
1764786263339,0,monitor_data.id_ref
1764786263341,0,monitor_data.id_ref
1764786263343,0,monitor_data.id_ref
1764786263345,0,monitor_data.id_ref
1764786263347,0,monitor_data.id_ref
1764786263348,0,monitor_data.id_ref
1764786263301,0,monitor_data.iq
1764786263304,0,monitor_data.iq
1764786263306,0,monitor_data.iq
1764786263307,0,monitor_data.iq
1764786263308,0,monitor_data.iq
1764786263310,0,monitor_data.iq
1764786263312,0,monitor_data.iq
1764786263314,0,monitor_data.iq
1764786263315,0,monitor_data.iq
1764786263317,0,monitor_data.iq
1764786263318,0,monitor_data.iq
1764786263321,0,monitor_data.iq
1764786263323,0,monitor_data.iq
1764786263325,0,monitor_data.iq
1764786263327,0,monitor_data.iq
1764786263328,0,monitor_data.iq
1764786263330,0,monitor_data.iq
1764786263332,0,monitor_data.iq
1764786263334,0,monitor_data.iq
1764786263335,0,monitor_data.iq
1764786263337,0,monitor_data.iq
1764786263339,0,monitor_data.iq
1764786263341,0,monitor_data.iq
1764786263343,0,monitor_data.iq
1764786263345,0,monitor_data.iq
1764786263347,0,monitor_data.iq
1764786263348,0,monitor_data.iq
1764786263301,0,monitor_data.iq_ref
1764786263304,0,monitor_data.iq_ref
1764786263306,0,monitor_data.iq_ref
1764786263307,0,monitor_data.iq_ref
1764786263308,0,monitor_data.iq_ref
1764786263310,0,monitor_data.iq_ref
1764786263312,0,monitor_data.iq_ref
1764786263314,0,monitor_data.iq_ref
1764786263315,0,monitor_data.iq_ref
1764786263317,0,monitor_data.iq_ref
1764786263318,0,monitor_data.iq_ref
1764786263321,0,monitor_data.iq_ref
1764786263323,0,monitor_data.iq_ref
1764786263325,0,monitor_data.iq_ref
1764786263327,0,monitor_data.iq_ref
1764786263328,0,monitor_data.iq_ref
1764786263330,0,monitor_data.iq_ref
1764786263332,0,monitor_data.iq_ref
1764786263334,0,monitor_data.iq_ref
1764786263335,0,monitor_data.iq_ref
1764786263337,0,monitor_data.iq_ref
1764786263339,0,monitor_data.iq_ref
1764786263341,0,monitor_data.iq_ref
1764786263343,0,monitor_data.iq_ref
1764786263345,0,monitor_data.iq_ref
1764786263347,0,monitor_data.iq_ref
1764786263348,0,monitor_data.iq_ref
1764786263350,0,monitor_data.id
1764786263352,0,monitor_data.id
1764786263354,0,monitor_data.id
1764786263356,0,monitor_data.id
1764786263358,0,monitor_data.id
1764786263360,0,monitor_data.id
1764786263361,0,monitor_data.id
1764786263363,0,monitor_data.id
1764786263365,0,monitor_data.id
1764786263367,0,monitor_data.id
1764786263368,0,monitor_data.id
1764786263370,0,monitor_data.id
1764786263372,0,monitor_data.id
1764786263374,0,monitor_data.id
1764786263375,0,monitor_data.id
1764786263377,0,monitor_data.id
1764786263378,0,monitor_data.id
1764786263380,0,monitor_data.id
1764786263382,0,monitor_data.id
1764786263384,0,monitor_data.id
1764786263386,0,monitor_data.id
1764786263387,0,monitor_data.id
1764786263389,0,monitor_data.id
1764786263391,0,monitor_data.id
1764786263393,0,monitor_data.id
1764786263394,0,monitor_data.id
1764786263396,0,monitor_data.id
1764786263398,0,monitor_data.id
1764786263399,0,monitor_data.id
1764786263350,0,monitor_data.id_ref
1764786263352,0,monitor_data.id_ref
1764786263354,0,monitor_data.id_ref
1764786263356,0,monitor_data.id_ref
1764786263358,0,monitor_data.id_ref
1764786263360,0,monitor_data.id_ref
1764786263361,0,monitor_data.id_ref
1764786263363,0,monitor_data.id_ref
1764786263365,0,monitor_data.id_ref
1764786263367,0,monitor_data.id_ref
1764786263368,0,monitor_data.id_ref
1764786263370,0,monitor_data.id_ref
1764786263372,0,monitor_data.id_ref
1764786263374,0,monitor_data.id_ref
1764786263375,0,monitor_data.id_ref
1764786263377,0,monitor_data.id_ref
1764786263378,0,monitor_data.id_ref
1764786263380,0,monitor_data.id_ref
1764786263382,0,monitor_data.id_ref
1764786263384,0,monitor_data.id_ref
1764786263386,0,monitor_data.id_ref
1764786263387,0,monitor_data.id_ref
1764786263389,0,monitor_data.id_ref
1764786263391,0,monitor_data.id_ref
1764786263393,0,monitor_data.id_ref
1764786263394,0,monitor_data.id_ref
1764786263396,0,monitor_data.id_ref
1764786263398,0,monitor_data.id_ref
1764786263399,0,monitor_data.id_ref
1764786263350,0,monitor_data.iq
1764786263352,0,monitor_data.iq
1764786263354,0,monitor_data.iq
1764786263356,0,monitor_data.iq
1764786263358,0,monitor_data.iq
1764786263360,0,monitor_data.iq
1764786263361,0,monitor_data.iq
1764786263363,0,monitor_data.iq
1764786263365,0,monitor_data.iq
1764786263367,0,monitor_data.iq
1764786263368,0,monitor_data.iq
1764786263370,0,monitor_data.iq
1764786263372,0,monitor_data.iq
1764786263374,0,monitor_data.iq
1764786263375,0,monitor_data.iq
1764786263377,0,monitor_data.iq
1764786263378,0,monitor_data.iq
1764786263380,0,monitor_data.iq
1764786263382,0,monitor_data.iq
1764786263384,0,monitor_data.iq
1764786263386,0,monitor_data.iq
1764786263387,0,monitor_data.iq
1764786263389,0,monitor_data.iq
1764786263391,0,monitor_data.iq
1764786263393,0,monitor_data.iq
1764786263394,0,monitor_data.iq
1764786263396,0,monitor_data.iq
1764786263398,0,monitor_data.iq
1764786263399,0,monitor_data.iq
1764786263350,0,monitor_data.iq_ref
1764786263352,0,monitor_data.iq_ref
1764786263354,0,monitor_data.iq_ref
1764786263356,0,monitor_data.iq_ref
1764786263358,0,monitor_data.iq_ref
1764786263360,0,monitor_data.iq_ref
1764786263361,0,monitor_data.iq_ref
1764786263363,0,monitor_data.iq_ref
1764786263365,0,monitor_data.iq_ref
1764786263367,0,monitor_data.iq_ref
1764786263368,0,monitor_data.iq_ref
1764786263370,0,monitor_data.iq_ref
1764786263372,0,monitor_data.iq_ref
1764786263374,0,monitor_data.iq_ref
1764786263375,0,monitor_data.iq_ref
1764786263377,0,monitor_data.iq_ref
1764786263378,0,monitor_data.iq_ref
1764786263380,0,monitor_data.iq_ref
1764786263382,0,monitor_data.iq_ref
1764786263384,0,monitor_data.iq_ref
1764786263386,0,monitor_data.iq_ref
1764786263387,0,monitor_data.iq_ref
1764786263389,0,monitor_data.iq_ref
1764786263391,0,monitor_data.iq_ref
1764786263393,0,monitor_data.iq_ref
1764786263394,0,monitor_data.iq_ref
1764786263396,0,monitor_data.iq_ref
1764786263398,0,monitor_data.iq_ref
1764786263399,0,monitor_data.iq_ref
1764786263401,0,monitor_data.id
1764786263403,0,monitor_data.id
1764786263405,0,monitor_data.id
1764786263406,0,monitor_data.id
1764786263408,0,monitor_data.id
1764786263410,0,monitor_data.id
1764786263411,0,monitor_data.id
1764786263412,0,monitor_data.id
1764786263414,0,monitor_data.id
1764786263416,0,monitor_data.id
1764786263417,0,monitor_data.id
1764786263419,0,monitor_data.id
1764786263421,0,monitor_data.id
1764786263423,0,monitor_data.id
1764786263424,0,monitor_data.id
1764786263426,0,monitor_data.id
1764786263428,0,monitor_data.id
1764786263430,0,monitor_data.id
1764786263432,0,monitor_data.id
1764786263434,0,monitor_data.id
1764786263436,0,monitor_data.id
1764786263438,0,monitor_data.id
1764786263440,0,monitor_data.id
1764786263441,0,monitor_data.id
1764786263443,0,monitor_data.id
1764786263444,0,monitor_data.id
1764786263446,0,monitor_data.id
1764786263448,0,monitor_data.id
1764786263401,0,monitor_data.id_ref
1764786263403,0,monitor_data.id_ref
1764786263405,0,monitor_data.id_ref
1764786263406,0,monitor_data.id_ref
1764786263408,0,monitor_data.id_ref
1764786263410,0,monitor_data.id_ref
1764786263411,0,monitor_data.id_ref
1764786263412,0,monitor_data.id_ref
1764786263414,0,monitor_data.id_ref
1764786263416,0,monitor_data.id_ref
1764786263417,0,monitor_data.id_ref
1764786263419,0,monitor_data.id_ref
1764786263421,0,monitor_data.id_ref
1764786263423,0,monitor_data.id_ref
1764786263424,0,monitor_data.id_ref
1764786263426,0,monitor_data.id_ref
1764786263428,0,monitor_data.id_ref
1764786263430,0,monitor_data.id_ref
1764786263432,0,monitor_data.id_ref
1764786263434,0,monitor_data.id_ref
1764786263436,0,monitor_data.id_ref
1764786263438,0,monitor_data.id_ref
1764786263440,0,monitor_data.id_ref
1764786263441,0,monitor_data.id_ref
1764786263443,0,monitor_data.id_ref
1764786263444,0,monitor_data.id_ref
1764786263446,0,monitor_data.id_ref
1764786263448,0,monitor_data.id_ref
1764786263401,0,monitor_data.iq
1764786263403,0,monitor_data.iq
1764786263405,0,monitor_data.iq
1764786263406,0,monitor_data.iq
1764786263408,0,monitor_data.iq
1764786263410,0,monitor_data.iq
1764786263411,0,monitor_data.iq
1764786263412,0,monitor_data.iq
1764786263414,0,monitor_data.iq
1764786263416,0,monitor_data.iq
1764786263417,0,monitor_data.iq
1764786263419,0,monitor_data.iq
1764786263421,0,monitor_data.iq
1764786263423,0,monitor_data.iq
1764786263424,0,monitor_data.iq
1764786263426,0,monitor_data.iq
1764786263428,0,monitor_data.iq
1764786263430,0,monitor_data.iq
1764786263432,0,monitor_data.iq
1764786263434,0,monitor_data.iq
1764786263436,0,monitor_data.iq
1764786263438,0,monitor_data.iq
1764786263440,0,monitor_data.iq
1764786263441,0,monitor_data.iq
1764786263443,0,monitor_data.iq
1764786263444,0,monitor_data.iq
1764786263446,0,monitor_data.iq
1764786263448,0,monitor_data.iq
1764786263401,0,monitor_data.iq_ref
1764786263403,0,monitor_data.iq_ref
1764786263405,0,monitor_data.iq_ref
1764786263406,0,monitor_data.iq_ref
1764786263408,0,monitor_data.iq_ref
1764786263410,0,monitor_data.iq_ref
1764786263411,0,monitor_data.iq_ref
1764786263412,0,monitor_data.iq_ref
1764786263414,0,monitor_data.iq_ref
1764786263416,0,monitor_data.iq_ref
1764786263417,0,monitor_data.iq_ref
1764786263419,0,monitor_data.iq_ref
1764786263421,0,monitor_data.iq_ref
1764786263423,0,monitor_data.iq_ref
1764786263424,0,monitor_data.iq_ref
1764786263426,0,monitor_data.iq_ref
1764786263428,0,monitor_data.iq_ref
1764786263430,0,monitor_data.iq_ref
1764786263432,0,monitor_data.iq_ref
1764786263434,0,monitor_data.iq_ref
1764786263436,0,monitor_data.iq_ref
1764786263438,0,monitor_data.iq_ref
1764786263440,0,monitor_data.iq_ref
1764786263441,0,monitor_data.iq_ref
1764786263443,0,monitor_data.iq_ref
1764786263444,0,monitor_data.iq_ref
1764786263446,0,monitor_data.iq_ref
1764786263448,0,monitor_data.iq_ref
1764786263450,0,monitor_data.id
1764786263452,0,monitor_data.id
1764786263454,0,monitor_data.id
1764786263455,0,monitor_data.id
1764786263457,0,monitor_data.id
1764786263458,0,monitor_data.id
1764786263460,0,monitor_data.id
1764786263462,0,monitor_data.id
1764786263464,0,monitor_data.id
1764786263465,0,monitor_data.id
1764786263467,0,monitor_data.id
1764786263469,0,monitor_data.id
1764786263471,0,monitor_data.id
1764786263473,0,monitor_data.id
1764786263475,0,monitor_data.id
1764786263476,0,monitor_data.id
1764786263478,0,monitor_data.id
1764786263480,0,monitor_data.id
1764786263482,0,monitor_data.id
1764786263484,0,monitor_data.id
1764786263485,0,monitor_data.id
1764786263488,0,monitor_data.id
1764786263490,0,monitor_data.id
1764786263492,0,monitor_data.id
1764786263493,0,monitor_data.id
1764786263495,0,monitor_data.id
1764786263497,0,monitor_data.id
1764786263499,0,monitor_data.id
1764786263450,0,monitor_data.id_ref
1764786263452,0,monitor_data.id_ref
1764786263454,0,monitor_data.id_ref
1764786263455,0,monitor_data.id_ref
1764786263457,0,monitor_data.id_ref
1764786263458,0,monitor_data.id_ref
1764786263460,0,monitor_data.id_ref
1764786263462,0,monitor_data.id_ref
1764786263464,0,monitor_data.id_ref
1764786263465,0,monitor_data.id_ref
1764786263467,0,monitor_data.id_ref
1764786263469,0,monitor_data.id_ref
1764786263471,0,monitor_data.id_ref
1764786263473,0,monitor_data.id_ref
1764786263475,0,monitor_data.id_ref
1764786263476,0,monitor_data.id_ref
1764786263478,0,monitor_data.id_ref
1764786263480,0,monitor_data.id_ref
1764786263482,0,monitor_data.id_ref
1764786263484,0,monitor_data.id_ref
1764786263485,0,monitor_data.id_ref
1764786263488,0,monitor_data.id_ref
1764786263490,0,monitor_data.id_ref
1764786263492,0,monitor_data.id_ref
1764786263493,0,monitor_data.id_ref
1764786263495,0,monitor_data.id_ref
1764786263497,0,monitor_data.id_ref
1764786263499,0,monitor_data.id_ref
1764786263450,0,monitor_data.iq
1764786263452,0,monitor_data.iq
1764786263454,0,monitor_data.iq
1764786263455,0,monitor_data.iq
1764786263457,0,monitor_data.iq
1764786263458,0,monitor_data.iq
1764786263460,0,monitor_data.iq
1764786263462,0,monitor_data.iq
1764786263464,0,monitor_data.iq
1764786263465,0,monitor_data.iq
1764786263467,0,monitor_data.iq
1764786263469,0,monitor_data.iq
1764786263471,0,monitor_data.iq
1764786263473,0,monitor_data.iq
1764786263475,0,monitor_data.iq
1764786263476,0,monitor_data.iq
1764786263478,0,monitor_data.iq
1764786263480,0,monitor_data.iq
1764786263482,0,monitor_data.iq
1764786263484,0,monitor_data.iq
1764786263485,0,monitor_data.iq
1764786263488,0,monitor_data.iq
1764786263490,0,monitor_data.iq
1764786263492,0,monitor_data.iq
1764786263493,0,monitor_data.iq
1764786263495,0,monitor_data.iq
1764786263497,0,monitor_data.iq
1764786263499,0,monitor_data.iq
1764786263450,0,monitor_data.iq_ref
1764786263452,0,monitor_data.iq_ref
1764786263454,0,monitor_data.iq_ref
1764786263455,0,monitor_data.iq_ref
1764786263457,0,monitor_data.iq_ref
1764786263458,0,monitor_data.iq_ref
1764786263460,0,monitor_data.iq_ref
1764786263462,0,monitor_data.iq_ref
1764786263464,0,monitor_data.iq_ref
1764786263465,0,monitor_data.iq_ref
1764786263467,0,monitor_data.iq_ref
1764786263469,0,monitor_data.iq_ref
1764786263471,0,monitor_data.iq_ref
1764786263473,0,monitor_data.iq_ref
1764786263475,0,monitor_data.iq_ref
1764786263476,0,monitor_data.iq_ref
1764786263478,0,monitor_data.iq_ref
1764786263480,0,monitor_data.iq_ref
1764786263482,0,monitor_data.iq_ref
1764786263484,0,monitor_data.iq_ref
1764786263485,0,monitor_data.iq_ref
1764786263488,0,monitor_data.iq_ref
1764786263490,0,monitor_data.iq_ref
1764786263492,0,monitor_data.iq_ref
1764786263493,0,monitor_data.iq_ref
1764786263495,0,monitor_data.iq_ref
1764786263497,0,monitor_data.iq_ref
1764786263499,0,monitor_data.iq_ref
1764786263500,0,monitor_data.id
1764786263502,0,monitor_data.id
1764786263504,0,monitor_data.id
1764786263505,0,monitor_data.id
1764786263507,0,monitor_data.id
1764786263508,0,monitor_data.id
1764786263509,0,monitor_data.id
1764786263511,0,monitor_data.id
1764786263513,0,monitor_data.id
1764786263514,0,monitor_data.id
1764786263515,0,monitor_data.id
1764786263516,0,monitor_data.id
1764786263518,0,monitor_data.id
1764786263519,0,monitor_data.id
1764786263521,0,monitor_data.id
1764786263523,0,monitor_data.id
1764786263524,0,monitor_data.id
1764786263527,0,monitor_data.id
1764786263528,0,monitor_data.id
1764786263530,0,monitor_data.id
1764786263532,0,monitor_data.id
1764786263533,0,monitor_data.id
1764786263535,0,monitor_data.id
1764786263537,0,monitor_data.id
1764786263539,0,monitor_data.id
1764786263541,0,monitor_data.id
1764786263542,0,monitor_data.id
1764786263544,0,monitor_data.id
1764786263545,0,monitor_data.id
1764786263547,0,monitor_data.id
1764786263549,0,monitor_data.id
1764786263500,0,monitor_data.id_ref
1764786263502,0,monitor_data.id_ref
1764786263504,0,monitor_data.id_ref
1764786263505,0,monitor_data.id_ref
1764786263507,0,monitor_data.id_ref
1764786263508,0,monitor_data.id_ref
1764786263509,0,monitor_data.id_ref
1764786263511,0,monitor_data.id_ref
1764786263513,0,monitor_data.id_ref
1764786263514,0,monitor_data.id_ref
1764786263515,0,monitor_data.id_ref
1764786263516,0,monitor_data.id_ref
1764786263518,0,monitor_data.id_ref
1764786263519,0,monitor_data.id_ref
1764786263521,0,monitor_data.id_ref
1764786263523,0,monitor_data.id_ref
1764786263524,0,monitor_data.id_ref
1764786263527,0,monitor_data.id_ref
1764786263528,0,monitor_data.id_ref
1764786263530,0,monitor_data.id_ref
1764786263532,0,monitor_data.id_ref
1764786263533,0,monitor_data.id_ref
1764786263535,0,monitor_data.id_ref
1764786263537,0,monitor_data.id_ref
1764786263539,0,monitor_data.id_ref
1764786263541,0,monitor_data.id_ref
1764786263542,0,monitor_data.id_ref
1764786263544,0,monitor_data.id_ref
1764786263545,0,monitor_data.id_ref
1764786263547,0,monitor_data.id_ref
1764786263549,0,monitor_data.id_ref
1764786263500,0,monitor_data.iq
1764786263502,0,monitor_data.iq
1764786263504,0,monitor_data.iq
1764786263505,0,monitor_data.iq
1764786263507,0,monitor_data.iq
1764786263508,0,monitor_data.iq
1764786263509,0,monitor_data.iq
1764786263511,0,monitor_data.iq
1764786263513,0,monitor_data.iq
1764786263514,0,monitor_data.iq
1764786263515,0,monitor_data.iq
1764786263516,0,monitor_data.iq
1764786263518,0,monitor_data.iq
1764786263519,0,monitor_data.iq
1764786263521,0,monitor_data.iq
1764786263523,0,monitor_data.iq
1764786263524,0,monitor_data.iq
1764786263527,0,monitor_data.iq
1764786263528,0,monitor_data.iq
1764786263530,0,monitor_data.iq
1764786263532,0,monitor_data.iq
1764786263533,0,monitor_data.iq
1764786263535,0,monitor_data.iq
1764786263537,0,monitor_data.iq
1764786263539,0,monitor_data.iq
1764786263541,0,monitor_data.iq
1764786263542,0,monitor_data.iq
1764786263544,0,monitor_data.iq
1764786263545,0,monitor_data.iq
1764786263547,0,monitor_data.iq
1764786263549,0,monitor_data.iq
1764786263500,0,monitor_data.iq_ref
1764786263502,0,monitor_data.iq_ref
1764786263504,0,monitor_data.iq_ref
1764786263505,0,monitor_data.iq_ref
1764786263507,0,monitor_data.iq_ref
1764786263508,0,monitor_data.iq_ref
1764786263509,0,monitor_data.iq_ref
1764786263511,0,monitor_data.iq_ref
1764786263513,0,monitor_data.iq_ref
1764786263514,0,monitor_data.iq_ref
1764786263515,0,monitor_data.iq_ref
1764786263516,0,monitor_data.iq_ref
1764786263518,0,monitor_data.iq_ref
1764786263519,0,monitor_data.iq_ref
1764786263521,0,monitor_data.iq_ref
1764786263523,0,monitor_data.iq_ref
1764786263524,0,monitor_data.iq_ref
1764786263527,0,monitor_data.iq_ref
1764786263528,0,monitor_data.iq_ref
1764786263530,0,monitor_data.iq_ref
1764786263532,0,monitor_data.iq_ref
1764786263533,0,monitor_data.iq_ref
1764786263535,0,monitor_data.iq_ref
1764786263537,0,monitor_data.iq_ref
1764786263539,0,monitor_data.iq_ref
1764786263541,0,monitor_data.iq_ref
1764786263542,0,monitor_data.iq_ref
1764786263544,0,monitor_data.iq_ref
1764786263545,0,monitor_data.iq_ref
1764786263547,0,monitor_data.iq_ref
1764786263549,0,monitor_data.iq_ref
1764786263551,0,monitor_data.id
1764786263554,0,monitor_data.id
1764786263555,0,monitor_data.id
1764786263557,0,monitor_data.id
1764786263559,0,monitor_data.id
1764786263561,0,monitor_data.id
1764786263562,0,monitor_data.id
1764786263564,0,monitor_data.id
1764786263565,0,monitor_data.id
1764786263567,0,monitor_data.id
1764786263568,0,monitor_data.id
1764786263570,0,monitor_data.id
1764786263572,0,monitor_data.id
1764786263574,0,monitor_data.id
1764786263576,0,monitor_data.id
1764786263577,0,monitor_data.id
1764786263579,0,monitor_data.id
1764786263581,0,monitor_data.id
1764786263582,0,monitor_data.id
1764786263584,0,monitor_data.id
1764786263586,0,monitor_data.id
1764786263588,0,monitor_data.id
1764786263590,0,monitor_data.id
1764786263591,0,monitor_data.id
1764786263593,0,monitor_data.id
1764786263594,0,monitor_data.id
1764786263596,0,monitor_data.id
1764786263597,0,monitor_data.id
1764786263599,0,monitor_data.id
1764786263551,0,monitor_data.id_ref
1764786263554,0,monitor_data.id_ref
1764786263555,0,monitor_data.id_ref
1764786263557,0,monitor_data.id_ref
1764786263559,0,monitor_data.id_ref
1764786263561,0,monitor_data.id_ref
1764786263562,0,monitor_data.id_ref
1764786263564,0,monitor_data.id_ref
1764786263565,0,monitor_data.id_ref
1764786263567,0,monitor_data.id_ref
1764786263568,0,monitor_data.id_ref
1764786263570,0,monitor_data.id_ref
1764786263572,0,monitor_data.id_ref
1764786263574,0,monitor_data.id_ref
1764786263576,0,monitor_data.id_ref
1764786263577,0,monitor_data.id_ref
1764786263579,0,monitor_data.id_ref
1764786263581,0,monitor_data.id_ref
1764786263582,0,monitor_data.id_ref
1764786263584,0,monitor_data.id_ref
1764786263586,0,monitor_data.id_ref
1764786263588,0,monitor_data.id_ref
1764786263590,0,monitor_data.id_ref
1764786263591,0,monitor_data.id_ref
1764786263593,0,monitor_data.id_ref
1764786263594,0,monitor_data.id_ref
1764786263596,0,monitor_data.id_ref
1764786263597,0,monitor_data.id_ref
1764786263599,0,monitor_data.id_ref
1764786263551,0,monitor_data.iq
1764786263554,0,monitor_data.iq
1764786263555,0,monitor_data.iq
1764786263557,0,monitor_data.iq
1764786263559,0,monitor_data.iq
1764786263561,0,monitor_data.iq
1764786263562,0,monitor_data.iq
1764786263564,0,monitor_data.iq
1764786263565,0,monitor_data.iq
1764786263567,0,monitor_data.iq
1764786263568,0,monitor_data.iq
1764786263570,0,monitor_data.iq
1764786263572,0,monitor_data.iq
1764786263574,0,monitor_data.iq
1764786263576,0,monitor_data.iq
1764786263577,0,monitor_data.iq
1764786263579,0,monitor_data.iq
1764786263581,0,monitor_data.iq
1764786263582,0,monitor_data.iq
1764786263584,0,monitor_data.iq
1764786263586,0,monitor_data.iq
1764786263588,0,monitor_data.iq
1764786263590,0,monitor_data.iq
1764786263591,0,monitor_data.iq
1764786263593,0,monitor_data.iq
1764786263594,0,monitor_data.iq
1764786263596,0,monitor_data.iq
1764786263597,0,monitor_data.iq
1764786263599,0,monitor_data.iq
1764786263551,0,monitor_data.iq_ref
1764786263554,0,monitor_data.iq_ref
1764786263555,0,monitor_data.iq_ref
1764786263557,0,monitor_data.iq_ref
1764786263559,0,monitor_data.iq_ref
1764786263561,0,monitor_data.iq_ref
1764786263562,0,monitor_data.iq_ref
1764786263564,0,monitor_data.iq_ref
1764786263565,0,monitor_data.iq_ref
1764786263567,0,monitor_data.iq_ref
1764786263568,0,monitor_data.iq_ref
1764786263570,0,monitor_data.iq_ref
1764786263572,0,monitor_data.iq_ref
1764786263574,0,monitor_data.iq_ref
1764786263576,0,monitor_data.iq_ref
1764786263577,0,monitor_data.iq_ref
1764786263579,0,monitor_data.iq_ref
1764786263581,0,monitor_data.iq_ref
1764786263582,0,monitor_data.iq_ref
1764786263584,0,monitor_data.iq_ref
1764786263586,0,monitor_data.iq_ref
1764786263588,0,monitor_data.iq_ref
1764786263590,0,monitor_data.iq_ref
1764786263591,0,monitor_data.iq_ref
1764786263593,0,monitor_data.iq_ref
1764786263594,0,monitor_data.iq_ref
1764786263596,0,monitor_data.iq_ref
1764786263597,0,monitor_data.iq_ref
1764786263599,0,monitor_data.iq_ref
1764786263601,0,monitor_data.id
1764786263603,0,monitor_data.id
1764786263605,0,monitor_data.id
1764786263607,0,monitor_data.id
1764786263608,0,monitor_data.id
1764786263610,0,monitor_data.id
1764786263611,0,monitor_data.id
1764786263613,0,monitor_data.id
1764786263614,0,monitor_data.id
1764786263616,0,monitor_data.id
1764786263617,0,monitor_data.id
1764786263618,0,monitor_data.id
1764786263620,0,monitor_data.id
1764786263622,0,monitor_data.id
1764786263624,0,monitor_data.id
1764786263625,0,monitor_data.id
1764786263627,0,monitor_data.id
1764786263628,0,monitor_data.id
1764786263630,0,monitor_data.id
1764786263631,0,monitor_data.id
1764786263633,0,monitor_data.id
1764786263635,0,monitor_data.id
1764786263637,0,monitor_data.id
1764786263639,0,monitor_data.id
1764786263640,0,monitor_data.id
1764786263642,0,monitor_data.id
1764786263644,0,monitor_data.id
1764786263646,0,monitor_data.id
1764786263649,0,monitor_data.id
1764786263651,0,monitor_data.id
1764786263601,0,monitor_data.id_ref
1764786263603,0,monitor_data.id_ref
1764786263605,0,monitor_data.id_ref
1764786263607,0,monitor_data.id_ref
1764786263608,0,monitor_data.id_ref
1764786263610,0,monitor_data.id_ref
1764786263611,0,monitor_data.id_ref
1764786263613,0,monitor_data.id_ref
1764786263614,0,monitor_data.id_ref
1764786263616,0,monitor_data.id_ref
1764786263617,0,monitor_data.id_ref
1764786263618,0,monitor_data.id_ref
1764786263620,0,monitor_data.id_ref
1764786263622,0,monitor_data.id_ref
1764786263624,0,monitor_data.id_ref
1764786263625,0,monitor_data.id_ref
1764786263627,0,monitor_data.id_ref
1764786263628,0,monitor_data.id_ref
1764786263630,0,monitor_data.id_ref
1764786263631,0,monitor_data.id_ref
1764786263633,0,monitor_data.id_ref
1764786263635,0,monitor_data.id_ref
1764786263637,0,monitor_data.id_ref
1764786263639,0,monitor_data.id_ref
1764786263640,0,monitor_data.id_ref
1764786263642,0,monitor_data.id_ref
1764786263644,0,monitor_data.id_ref
1764786263646,0,monitor_data.id_ref
1764786263649,0,monitor_data.id_ref
1764786263651,0,monitor_data.id_ref
1764786263601,0,monitor_data.iq
1764786263603,0,monitor_data.iq
1764786263605,0,monitor_data.iq
1764786263607,0,monitor_data.iq
1764786263608,0,monitor_data.iq
1764786263610,0,monitor_data.iq
1764786263611,0,monitor_data.iq
1764786263613,0,monitor_data.iq
1764786263614,0,monitor_data.iq
1764786263616,0,monitor_data.iq
1764786263617,0,monitor_data.iq
1764786263618,0,monitor_data.iq
1764786263620,0,monitor_data.iq
1764786263622,0,monitor_data.iq
1764786263624,0,monitor_data.iq
1764786263625,0,monitor_data.iq
1764786263627,0,monitor_data.iq
1764786263628,0,monitor_data.iq
1764786263630,0,monitor_data.iq
1764786263631,0,monitor_data.iq
1764786263633,0,monitor_data.iq
1764786263635,0,monitor_data.iq
1764786263637,0,monitor_data.iq
1764786263639,0,monitor_data.iq
1764786263640,0,monitor_data.iq
1764786263642,0,monitor_data.iq
1764786263644,0,monitor_data.iq
1764786263646,0,monitor_data.iq
1764786263649,0,monitor_data.iq
1764786263651,0,monitor_data.iq
1764786263601,0,monitor_data.iq_ref
1764786263603,0,monitor_data.iq_ref
1764786263605,0,monitor_data.iq_ref
1764786263607,0,monitor_data.iq_ref
1764786263608,0,monitor_data.iq_ref
1764786263610,0,monitor_data.iq_ref
1764786263611,0,monitor_data.iq_ref
1764786263613,0,monitor_data.iq_ref
1764786263614,0,monitor_data.iq_ref
1764786263616,0,monitor_data.iq_ref
1764786263617,0,monitor_data.iq_ref
1764786263618,0,monitor_data.iq_ref
1764786263620,0,monitor_data.iq_ref
1764786263622,0,monitor_data.iq_ref
1764786263624,0,monitor_data.iq_ref
1764786263625,0,monitor_data.iq_ref
1764786263627,0,monitor_data.iq_ref
1764786263628,0,monitor_data.iq_ref
1764786263630,0,monitor_data.iq_ref
1764786263631,0,monitor_data.iq_ref
1764786263633,0,monitor_data.iq_ref
1764786263635,0,monitor_data.iq_ref
1764786263637,0,monitor_data.iq_ref
1764786263639,0,monitor_data.iq_ref
1764786263640,0,monitor_data.iq_ref
1764786263642,0,monitor_data.iq_ref
1764786263644,0,monitor_data.iq_ref
1764786263646,0,monitor_data.iq_ref
1764786263649,0,monitor_data.iq_ref
1764786263651,0,monitor_data.iq_ref
1764786263653,0,monitor_data.id
1764786263655,0,monitor_data.id
1764786263657,0,monitor_data.id
1764786263658,0,monitor_data.id
1764786263659,0,monitor_data.id
1764786263660,0,monitor_data.id
1764786263662,0,monitor_data.id
1764786263664,0,monitor_data.id
1764786263665,0,monitor_data.id
1764786263667,0,monitor_data.id
1764786263669,0,monitor_data.id
1764786263671,0,monitor_data.id
1764786263673,0,monitor_data.id
1764786263674,0,monitor_data.id
1764786263676,0,monitor_data.id
1764786263678,0,monitor_data.id
1764786263679,0,monitor_data.id
1764786263681,0,monitor_data.id
1764786263683,0,monitor_data.id
1764786263685,0,monitor_data.id
1764786263687,0,monitor_data.id
1764786263689,0,monitor_data.id
1764786263691,0,monitor_data.id
1764786263692,0,monitor_data.id
1764786263694,0,monitor_data.id
1764786263696,0,monitor_data.id
1764786263697,0,monitor_data.id
1764786263699,0,monitor_data.id
1764786263700,0,monitor_data.id
1764786263702,0,monitor_data.id
1764786263653,0,monitor_data.id_ref
1764786263655,0,monitor_data.id_ref
1764786263657,0,monitor_data.id_ref
1764786263658,0,monitor_data.id_ref
1764786263659,0,monitor_data.id_ref
1764786263660,0,monitor_data.id_ref
1764786263662,0,monitor_data.id_ref
1764786263664,0,monitor_data.id_ref
1764786263665,0,monitor_data.id_ref
1764786263667,0,monitor_data.id_ref
1764786263669,0,monitor_data.id_ref
1764786263671,0,monitor_data.id_ref
1764786263673,0,monitor_data.id_ref
1764786263674,0,monitor_data.id_ref
1764786263676,0,monitor_data.id_ref
1764786263678,0,monitor_data.id_ref
1764786263679,0,monitor_data.id_ref
1764786263681,0,monitor_data.id_ref
1764786263683,0,monitor_data.id_ref
1764786263685,0,monitor_data.id_ref
1764786263687,0,monitor_data.id_ref
1764786263689,0,monitor_data.id_ref
1764786263691,0,monitor_data.id_ref
1764786263692,0,monitor_data.id_ref
1764786263694,0,monitor_data.id_ref
1764786263696,0,monitor_data.id_ref
1764786263697,0,monitor_data.id_ref
1764786263699,0,monitor_data.id_ref
1764786263700,0,monitor_data.id_ref
1764786263702,0,monitor_data.id_ref
1764786263653,0,monitor_data.iq
1764786263655,0,monitor_data.iq
1764786263657,0,monitor_data.iq
1764786263658,0,monitor_data.iq
1764786263659,0,monitor_data.iq
1764786263660,0,monitor_data.iq
1764786263662,0,monitor_data.iq
1764786263664,0,monitor_data.iq
1764786263665,0,monitor_data.iq
1764786263667,0,monitor_data.iq
1764786263669,0,monitor_data.iq
1764786263671,0,monitor_data.iq
1764786263673,0,monitor_data.iq
1764786263674,0,monitor_data.iq
1764786263676,0,monitor_data.iq
1764786263678,0,monitor_data.iq
1764786263679,0,monitor_data.iq
1764786263681,0,monitor_data.iq
1764786263683,0,monitor_data.iq
1764786263685,0,monitor_data.iq
1764786263687,0,monitor_data.iq
1764786263689,0,monitor_data.iq
1764786263691,0,monitor_data.iq
1764786263692,0,monitor_data.iq
1764786263694,0,monitor_data.iq
1764786263696,0,monitor_data.iq
1764786263697,0,monitor_data.iq
1764786263699,0,monitor_data.iq
1764786263700,0,monitor_data.iq
1764786263702,0,monitor_data.iq
1764786263653,0,monitor_data.iq_ref
1764786263655,0,monitor_data.iq_ref
1764786263657,0,monitor_data.iq_ref
1764786263658,0,monitor_data.iq_ref
1764786263659,0,monitor_data.iq_ref
1764786263660,0,monitor_data.iq_ref
1764786263662,0,monitor_data.iq_ref
1764786263664,0,monitor_data.iq_ref
1764786263665,0,monitor_data.iq_ref
1764786263667,0,monitor_data.iq_ref
1764786263669,0,monitor_data.iq_ref
1764786263671,0,monitor_data.iq_ref
1764786263673,0,monitor_data.iq_ref
1764786263674,0,monitor_data.iq_ref
1764786263676,0,monitor_data.iq_ref
1764786263678,0,monitor_data.iq_ref
1764786263679,0,monitor_data.iq_ref
1764786263681,0,monitor_data.iq_ref
1764786263683,0,monitor_data.iq_ref
1764786263685,0,monitor_data.iq_ref
1764786263687,0,monitor_data.iq_ref
1764786263689,0,monitor_data.iq_ref
1764786263691,0,monitor_data.iq_ref
1764786263692,0,monitor_data.iq_ref
1764786263694,0,monitor_data.iq_ref
1764786263696,0,monitor_data.iq_ref
1764786263697,0,monitor_data.iq_ref
1764786263699,0,monitor_data.iq_ref
1764786263700,0,monitor_data.iq_ref
1764786263702,0,monitor_data.iq_ref
1764786263704,0,monitor_data.id
1764786263706,0,monitor_data.id
1764786263707,0,monitor_data.id
1764786263708,0,monitor_data.id
1764786263710,0,monitor_data.id
1764786263712,0,monitor_data.id
1764786263713,0,monitor_data.id
1764786263715,0,monitor_data.id
1764786263716,0,monitor_data.id
1764786263718,0,monitor_data.id
1764786263719,0,monitor_data.id
1764786263721,0,monitor_data.id
1764786263723,0,monitor_data.id
1764786263725,0,monitor_data.id
1764786263727,0,monitor_data.id
1764786263728,0,monitor_data.id
1764786263730,0,monitor_data.id
1764786263732,0,monitor_data.id
1764786263734,0,monitor_data.id
1764786263735,0,monitor_data.id
1764786263737,0,monitor_data.id
1764786263739,0,monitor_data.id
1764786263741,0,monitor_data.id
1764786263743,0,monitor_data.id
1764786263745,0,monitor_data.id
1764786263747,0,monitor_data.id
1764786263749,0,monitor_data.id
1764786263751,0,monitor_data.id
1764786263752,0,monitor_data.id
1764786263754,0,monitor_data.id
1764786263704,0,monitor_data.id_ref
1764786263706,0,monitor_data.id_ref
1764786263707,0,monitor_data.id_ref
1764786263708,0,monitor_data.id_ref
1764786263710,0,monitor_data.id_ref
1764786263712,0,monitor_data.id_ref
1764786263713,0,monitor_data.id_ref
1764786263715,0,monitor_data.id_ref
1764786263716,0,monitor_data.id_ref
1764786263718,0,monitor_data.id_ref
1764786263719,0,monitor_data.id_ref
1764786263721,0,monitor_data.id_ref
1764786263723,0,monitor_data.id_ref
1764786263725,0,monitor_data.id_ref
1764786263727,0,monitor_data.id_ref
1764786263728,0,monitor_data.id_ref
1764786263730,0,monitor_data.id_ref
1764786263732,0,monitor_data.id_ref
1764786263734,0,monitor_data.id_ref
1764786263735,0,monitor_data.id_ref
1764786263737,0,monitor_data.id_ref
1764786263739,0,monitor_data.id_ref
1764786263741,0,monitor_data.id_ref
1764786263743,0,monitor_data.id_ref
1764786263745,0,monitor_data.id_ref
1764786263747,0,monitor_data.id_ref
1764786263749,0,monitor_data.id_ref
1764786263751,0,monitor_data.id_ref
1764786263752,0,monitor_data.id_ref
1764786263754,0,monitor_data.id_ref
1764786263704,0,monitor_data.iq
1764786263706,0,monitor_data.iq
1764786263707,0,monitor_data.iq
1764786263708,0,monitor_data.iq
1764786263710,0,monitor_data.iq
1764786263712,0,monitor_data.iq
1764786263713,0,monitor_data.iq
1764786263715,0,monitor_data.iq
1764786263716,0,monitor_data.iq
1764786263718,0,monitor_data.iq
1764786263719,0,monitor_data.iq
1764786263721,0,monitor_data.iq
1764786263723,0,monitor_data.iq
1764786263725,0,monitor_data.iq
1764786263727,0,monitor_data.iq
1764786263728,0,monitor_data.iq
1764786263730,0,monitor_data.iq
1764786263732,0,monitor_data.iq
1764786263734,0,monitor_data.iq
1764786263735,0,monitor_data.iq
1764786263737,0,monitor_data.iq
1764786263739,0,monitor_data.iq
1764786263741,0,monitor_data.iq
1764786263743,0,monitor_data.iq
1764786263745,0,monitor_data.iq
1764786263747,0,monitor_data.iq
1764786263749,0,monitor_data.iq
1764786263751,0,monitor_data.iq
1764786263752,0,monitor_data.iq
1764786263754,0,monitor_data.iq
1764786263704,0,monitor_data.iq_ref
1764786263706,0,monitor_data.iq_ref
1764786263707,0,monitor_data.iq_ref
1764786263708,0,monitor_data.iq_ref
1764786263710,0,monitor_data.iq_ref
1764786263712,0,monitor_data.iq_ref
1764786263713,0,monitor_data.iq_ref
1764786263715,0,monitor_data.iq_ref
1764786263716,0,monitor_data.iq_ref
1764786263718,0,monitor_data.iq_ref
1764786263719,0,monitor_data.iq_ref
1764786263721,0,monitor_data.iq_ref
1764786263723,0,monitor_data.iq_ref
1764786263725,0,monitor_data.iq_ref
1764786263727,0,monitor_data.iq_ref
1764786263728,0,monitor_data.iq_ref
1764786263730,0,monitor_data.iq_ref
1764786263732,0,monitor_data.iq_ref
1764786263734,0,monitor_data.iq_ref
1764786263735,0,monitor_data.iq_ref
1764786263737,0,monitor_data.iq_ref
1764786263739,0,monitor_data.iq_ref
1764786263741,0,monitor_data.iq_ref
1764786263743,0,monitor_data.iq_ref
1764786263745,0,monitor_data.iq_ref
1764786263747,0,monitor_data.iq_ref
1764786263749,0,monitor_data.iq_ref
1764786263751,0,monitor_data.iq_ref
1764786263752,0,monitor_data.iq_ref
1764786263754,0,monitor_data.iq_ref
1764786263756,0,monitor_data.id
1764786263758,0,monitor_data.id
1764786263759,0,monitor_data.id
1764786263762,0,monitor_data.id
1764786263764,0,monitor_data.id
1764786263765,0,monitor_data.id
1764786263768,0,monitor_data.id
1764786263770,0,monitor_data.id
1764786263772,0,monitor_data.id
1764786263773,0,monitor_data.id
1764786263775,0,monitor_data.id
1764786263776,0,monitor_data.id
1764786263778,0,monitor_data.id
1764786263780,0,monitor_data.id
1764786263781,0,monitor_data.id
1764786263783,0,monitor_data.id
1764786263784,0,monitor_data.id
1764786263786,0,monitor_data.id
1764786263788,0,monitor_data.id
1764786263790,0,monitor_data.id
1764786263792,0,monitor_data.id
1764786263793,0,monitor_data.id
1764786263795,0,monitor_data.id
1764786263796,0,monitor_data.id
1764786263798,0,monitor_data.id
1764786263799,0,monitor_data.id
1764786263801,0,monitor_data.id
1764786263803,0,monitor_data.id
1764786263805,0,monitor_data.id
1764786263756,0,monitor_data.id_ref
1764786263758,0,monitor_data.id_ref
1764786263759,0,monitor_data.id_ref
1764786263762,0,monitor_data.id_ref
1764786263764,0,monitor_data.id_ref
1764786263765,0,monitor_data.id_ref
1764786263768,0,monitor_data.id_ref
1764786263770,0,monitor_data.id_ref
1764786263772,0,monitor_data.id_ref
1764786263773,0,monitor_data.id_ref
1764786263775,0,monitor_data.id_ref
1764786263776,0,monitor_data.id_ref
1764786263778,0,monitor_data.id_ref
1764786263780,0,monitor_data.id_ref
1764786263781,0,monitor_data.id_ref
1764786263783,0,monitor_data.id_ref
1764786263784,0,monitor_data.id_ref
1764786263786,0,monitor_data.id_ref
1764786263788,0,monitor_data.id_ref
1764786263790,0,monitor_data.id_ref
1764786263792,0,monitor_data.id_ref
1764786263793,0,monitor_data.id_ref
1764786263795,0,monitor_data.id_ref
1764786263796,0,monitor_data.id_ref
1764786263798,0,monitor_data.id_ref
1764786263799,0,monitor_data.id_ref
1764786263801,0,monitor_data.id_ref
1764786263803,0,monitor_data.id_ref
1764786263805,0,monitor_data.id_ref
1764786263756,0,monitor_data.iq
1764786263758,0,monitor_data.iq
1764786263759,0,monitor_data.iq
1764786263762,0,monitor_data.iq
1764786263764,0,monitor_data.iq
1764786263765,0,monitor_data.iq
1764786263768,0,monitor_data.iq
1764786263770,0,monitor_data.iq
1764786263772,0,monitor_data.iq
1764786263773,0,monitor_data.iq
1764786263775,0,monitor_data.iq
1764786263776,0,monitor_data.iq
1764786263778,0,monitor_data.iq
1764786263780,0,monitor_data.iq
1764786263781,0,monitor_data.iq
1764786263783,0,monitor_data.iq
1764786263784,0,monitor_data.iq
1764786263786,0,monitor_data.iq
1764786263788,0,monitor_data.iq
1764786263790,0,monitor_data.iq
1764786263792,0,monitor_data.iq
1764786263793,0,monitor_data.iq
1764786263795,0,monitor_data.iq
1764786263796,0,monitor_data.iq
1764786263798,0,monitor_data.iq
1764786263799,0,monitor_data.iq
1764786263801,0,monitor_data.iq
1764786263803,0,monitor_data.iq
1764786263805,0,monitor_data.iq
1764786263756,0,monitor_data.iq_ref
1764786263758,0,monitor_data.iq_ref
1764786263759,0,monitor_data.iq_ref
1764786263762,0,monitor_data.iq_ref
1764786263764,0,monitor_data.iq_ref
1764786263765,0,monitor_data.iq_ref
1764786263768,0,monitor_data.iq_ref
1764786263770,0,monitor_data.iq_ref
1764786263772,0,monitor_data.iq_ref
1764786263773,0,monitor_data.iq_ref
1764786263775,0,monitor_data.iq_ref
1764786263776,0,monitor_data.iq_ref
1764786263778,0,monitor_data.iq_ref
1764786263780,0,monitor_data.iq_ref
1764786263781,0,monitor_data.iq_ref
1764786263783,0,monitor_data.iq_ref
1764786263784,0,monitor_data.iq_ref
1764786263786,0,monitor_data.iq_ref
1764786263788,0,monitor_data.iq_ref
1764786263790,0,monitor_data.iq_ref
1764786263792,0,monitor_data.iq_ref
1764786263793,0,monitor_data.iq_ref
1764786263795,0,monitor_data.iq_ref
1764786263796,0,monitor_data.iq_ref
1764786263798,0,monitor_data.iq_ref
1764786263799,0,monitor_data.iq_ref
1764786263801,0,monitor_data.iq_ref
1764786263803,0,monitor_data.iq_ref
1764786263805,0,monitor_data.iq_ref
1764786263807,0,monitor_data.id
1764786263808,0,monitor_data.id
1764786263810,0,monitor_data.id
1764786263811,0,monitor_data.id
1764786263813,0,monitor_data.id
1764786263814,0,monitor_data.id
1764786263815,0,monitor_data.id
1764786263816,0,monitor_data.id
1764786263818,0,monitor_data.id
1764786263820,0,monitor_data.id
1764786263822,0,monitor_data.id
1764786263824,0,monitor_data.id
1764786263826,0,monitor_data.id
1764786263827,0,monitor_data.id
1764786263828,0,monitor_data.id
1764786263830,0,monitor_data.id
1764786263832,0,monitor_data.id
1764786263833,0,monitor_data.id
1764786263835,0,monitor_data.id
1764786263837,0,monitor_data.id
1764786263839,0,monitor_data.id
1764786263841,0,monitor_data.id
1764786263843,0,monitor_data.id
1764786263845,0,monitor_data.id
1764786263847,0,monitor_data.id
1764786263849,0,monitor_data.id
1764786263850,0,monitor_data.id
1764786263852,0,monitor_data.id
1764786263854,0,monitor_data.id
1764786263807,0,monitor_data.id_ref
1764786263808,0,monitor_data.id_ref
1764786263810,0,monitor_data.id_ref
1764786263811,0,monitor_data.id_ref
1764786263813,0,monitor_data.id_ref
1764786263814,0,monitor_data.id_ref
1764786263815,0,monitor_data.id_ref
1764786263816,0,monitor_data.id_ref
1764786263818,0,monitor_data.id_ref
1764786263820,0,monitor_data.id_ref
1764786263822,0,monitor_data.id_ref
1764786263824,0,monitor_data.id_ref
1764786263826,0,monitor_data.id_ref
1764786263827,0,monitor_data.id_ref
1764786263828,0,monitor_data.id_ref
1764786263830,0,monitor_data.id_ref
1764786263832,0,monitor_data.id_ref
1764786263833,0,monitor_data.id_ref
1764786263835,0,monitor_data.id_ref
1764786263837,0,monitor_data.id_ref
1764786263839,0,monitor_data.id_ref
1764786263841,0,monitor_data.id_ref
1764786263843,0,monitor_data.id_ref
1764786263845,0,monitor_data.id_ref
1764786263847,0,monitor_data.id_ref
1764786263849,0,monitor_data.id_ref
1764786263850,0,monitor_data.id_ref
1764786263852,0,monitor_data.id_ref
1764786263854,0,monitor_data.id_ref
1764786263807,0,monitor_data.iq
1764786263808,0,monitor_data.iq
1764786263810,0,monitor_data.iq
1764786263811,0,monitor_data.iq
1764786263813,0,monitor_data.iq
1764786263814,0,monitor_data.iq
1764786263815,0,monitor_data.iq
1764786263816,0,monitor_data.iq
1764786263818,0,monitor_data.iq
1764786263820,0,monitor_data.iq
1764786263822,0,monitor_data.iq
1764786263824,0,monitor_data.iq
1764786263826,0,monitor_data.iq
1764786263827,0,monitor_data.iq
1764786263828,0,monitor_data.iq
1764786263830,0,monitor_data.iq
1764786263832,0,monitor_data.iq
1764786263833,0,monitor_data.iq
1764786263835,0,monitor_data.iq
1764786263837,0,monitor_data.iq
1764786263839,0,monitor_data.iq
1764786263841,0,monitor_data.iq
1764786263843,0,monitor_data.iq
1764786263845,0,monitor_data.iq
1764786263847,0,monitor_data.iq
1764786263849,0,monitor_data.iq
1764786263850,0,monitor_data.iq
1764786263852,0,monitor_data.iq
1764786263854,0,monitor_data.iq
1764786263807,0,monitor_data.iq_ref
1764786263808,0,monitor_data.iq_ref
1764786263810,0,monitor_data.iq_ref
1764786263811,0,monitor_data.iq_ref
1764786263813,0,monitor_data.iq_ref
1764786263814,0,monitor_data.iq_ref
1764786263815,0,monitor_data.iq_ref
1764786263816,0,monitor_data.iq_ref
1764786263818,0,monitor_data.iq_ref
1764786263820,0,monitor_data.iq_ref
1764786263822,0,monitor_data.iq_ref
1764786263824,0,monitor_data.iq_ref
1764786263826,0,monitor_data.iq_ref
1764786263827,0,monitor_data.iq_ref
1764786263828,0,monitor_data.iq_ref
1764786263830,0,monitor_data.iq_ref
1764786263832,0,monitor_data.iq_ref
1764786263833,0,monitor_data.iq_ref
1764786263835,0,monitor_data.iq_ref
1764786263837,0,monitor_data.iq_ref
1764786263839,0,monitor_data.iq_ref
1764786263841,0,monitor_data.iq_ref
1764786263843,0,monitor_data.iq_ref
1764786263845,0,monitor_data.iq_ref
1764786263847,0,monitor_data.iq_ref
1764786263849,0,monitor_data.iq_ref
1764786263850,0,monitor_data.iq_ref
1764786263852,0,monitor_data.iq_ref
1764786263854,0,monitor_data.iq_ref
1764786263855,0,monitor_data.id
1764786263857,0,monitor_data.id
1764786263859,0,monitor_data.id
1764786263860,0,monitor_data.id
1764786263862,0,monitor_data.id
1764786263864,0,monitor_data.id
1764786263866,0,monitor_data.id
1764786263867,0,monitor_data.id
1764786263869,0,monitor_data.id
1764786263871,0,monitor_data.id
1764786263873,0,monitor_data.id
1764786263875,0,monitor_data.id
1764786263876,0,monitor_data.id
1764786263878,0,monitor_data.id
1764786263879,0,monitor_data.id
1764786263881,0,monitor_data.id
1764786263882,0,monitor_data.id
1764786263884,0,monitor_data.id
1764786263886,0,monitor_data.id
1764786263888,0,monitor_data.id
1764786263890,0,monitor_data.id
1764786263892,0,monitor_data.id
1764786263893,0,monitor_data.id
1764786263895,0,monitor_data.id
1764786263897,0,monitor_data.id
1764786263855,0,monitor_data.id_ref
1764786263857,0,monitor_data.id_ref
1764786263859,0,monitor_data.id_ref
1764786263860,0,monitor_data.id_ref
1764786263862,0,monitor_data.id_ref
1764786263864,0,monitor_data.id_ref
1764786263866,0,monitor_data.id_ref
1764786263867,0,monitor_data.id_ref
1764786263869,0,monitor_data.id_ref
1764786263871,0,monitor_data.id_ref
1764786263873,0,monitor_data.id_ref
1764786263875,0,monitor_data.id_ref
1764786263876,0,monitor_data.id_ref
1764786263878,0,monitor_data.id_ref
1764786263879,0,monitor_data.id_ref
1764786263881,0,monitor_data.id_ref
1764786263882,0,monitor_data.id_ref
1764786263884,0,monitor_data.id_ref
1764786263886,0,monitor_data.id_ref
1764786263888,0,monitor_data.id_ref
1764786263890,0,monitor_data.id_ref
1764786263892,0,monitor_data.id_ref
1764786263893,0,monitor_data.id_ref
1764786263895,0,monitor_data.id_ref
1764786263897,0,monitor_data.id_ref
1764786263855,0,monitor_data.iq
1764786263857,0,monitor_data.iq
1764786263859,0,monitor_data.iq
1764786263860,0,monitor_data.iq
1764786263862,0,monitor_data.iq
1764786263864,0,monitor_data.iq
1764786263866,0,monitor_data.iq
1764786263867,0,monitor_data.iq
1764786263869,0,monitor_data.iq
1764786263871,0,monitor_data.iq
1764786263873,0,monitor_data.iq
1764786263875,0,monitor_data.iq
1764786263876,0,monitor_data.iq
1764786263878,0,monitor_data.iq
1764786263879,0,monitor_data.iq
1764786263881,0,monitor_data.iq
1764786263882,0,monitor_data.iq
1764786263884,0,monitor_data.iq
1764786263886,0,monitor_data.iq
1764786263888,0,monitor_data.iq
1764786263890,0,monitor_data.iq
1764786263892,0,monitor_data.iq
1764786263893,0,monitor_data.iq
1764786263895,0,monitor_data.iq
1764786263897,0,monitor_data.iq
1764786263855,0,monitor_data.iq_ref
1764786263857,0,monitor_data.iq_ref
1764786263859,0,monitor_data.iq_ref
1764786263860,0,monitor_data.iq_ref
1764786263862,0,monitor_data.iq_ref
1764786263864,0,monitor_data.iq_ref
1764786263866,0,monitor_data.iq_ref
1764786263867,0,monitor_data.iq_ref
1764786263869,0,monitor_data.iq_ref
1764786263871,0,monitor_data.iq_ref
1764786263873,0,monitor_data.iq_ref
1764786263875,0,monitor_data.iq_ref
1764786263876,0,monitor_data.iq_ref
1764786263878,0,monitor_data.iq_ref
1764786263879,0,monitor_data.iq_ref
1764786263881,0,monitor_data.iq_ref
1764786263882,0,monitor_data.iq_ref
1764786263884,0,monitor_data.iq_ref
1764786263886,0,monitor_data.iq_ref
1764786263888,0,monitor_data.iq_ref
1764786263890,0,monitor_data.iq_ref
1764786263892,0,monitor_data.iq_ref
1764786263893,0,monitor_data.iq_ref
1764786263895,0,monitor_data.iq_ref
1764786263897,0,monitor_data.iq_ref
1764786263899,0,monitor_data.id
1764786263900,0,monitor_data.id
1764786263901,0,monitor_data.id
1764786263904,0,monitor_data.id
1764786263905,0,monitor_data.id
1764786263906,0,monitor_data.id
1764786263908,0,monitor_data.id
1764786263910,0,monitor_data.id
1764786263912,0,monitor_data.id
1764786263913,0,monitor_data.id
1764786263914,0,monitor_data.id
1764786263916,0,monitor_data.id
1764786263918,0,monitor_data.id
1764786263920,0,monitor_data.id
1764786263921,0,monitor_data.id
1764786263923,0,monitor_data.id
1764786263925,0,monitor_data.id
1764786263927,0,monitor_data.id
1764786263928,0,monitor_data.id
1764786263930,0,monitor_data.id
1764786263931,0,monitor_data.id
1764786263933,0,monitor_data.id
1764786263935,0,monitor_data.id
1764786263938,0,monitor_data.id
1764786263939,0,monitor_data.id
1764786263941,0,monitor_data.id
1764786263943,0,monitor_data.id
1764786263945,0,monitor_data.id
1764786263946,0,monitor_data.id
1764786263948,0,monitor_data.id
1764786263950,0,monitor_data.id
1764786263952,0,monitor_data.id
1764786263954,0,monitor_data.id
1764786263956,0,monitor_data.id
1764786263899,0,monitor_data.id_ref
1764786263900,0,monitor_data.id_ref
1764786263901,0,monitor_data.id_ref
1764786263904,0,monitor_data.id_ref
1764786263905,0,monitor_data.id_ref
1764786263906,0,monitor_data.id_ref
1764786263908,0,monitor_data.id_ref
1764786263910,0,monitor_data.id_ref
1764786263912,0,monitor_data.id_ref
1764786263913,0,monitor_data.id_ref
1764786263914,0,monitor_data.id_ref
1764786263916,0,monitor_data.id_ref
1764786263918,0,monitor_data.id_ref
1764786263920,0,monitor_data.id_ref
1764786263921,0,monitor_data.id_ref
1764786263923,0,monitor_data.id_ref
1764786263925,0,monitor_data.id_ref
1764786263927,0,monitor_data.id_ref
1764786263928,0,monitor_data.id_ref
1764786263930,0,monitor_data.id_ref
1764786263931,0,monitor_data.id_ref
1764786263933,0,monitor_data.id_ref
1764786263935,0,monitor_data.id_ref
1764786263938,0,monitor_data.id_ref
1764786263939,0,monitor_data.id_ref
1764786263941,0,monitor_data.id_ref
1764786263943,0,monitor_data.id_ref
1764786263945,0,monitor_data.id_ref
1764786263946,0,monitor_data.id_ref
1764786263948,0,monitor_data.id_ref
1764786263950,0,monitor_data.id_ref
1764786263952,0,monitor_data.id_ref
1764786263954,0,monitor_data.id_ref
1764786263956,0,monitor_data.id_ref
1764786263899,0,monitor_data.iq
1764786263900,0,monitor_data.iq
1764786263901,0,monitor_data.iq
1764786263904,0,monitor_data.iq
1764786263905,0,monitor_data.iq
1764786263906,0,monitor_data.iq
1764786263908,0,monitor_data.iq
1764786263910,0,monitor_data.iq
1764786263912,0,monitor_data.iq
1764786263913,0,monitor_data.iq
1764786263914,0,monitor_data.iq
1764786263916,0,monitor_data.iq
1764786263918,0,monitor_data.iq
1764786263920,0,monitor_data.iq
1764786263921,0,monitor_data.iq
1764786263923,0,monitor_data.iq
1764786263925,0,monitor_data.iq
1764786263927,0,monitor_data.iq
1764786263928,0,monitor_data.iq
1764786263930,0,monitor_data.iq
1764786263931,0,monitor_data.iq
1764786263933,0,monitor_data.iq
1764786263935,0,monitor_data.iq
1764786263938,0,monitor_data.iq
1764786263939,0,monitor_data.iq
1764786263941,0,monitor_data.iq
1764786263943,0,monitor_data.iq
1764786263945,0,monitor_data.iq
1764786263946,0,monitor_data.iq
1764786263948,0,monitor_data.iq
1764786263950,0,monitor_data.iq
1764786263952,0,monitor_data.iq
1764786263954,0,monitor_data.iq
1764786263956,0,monitor_data.iq
1764786263899,0,monitor_data.iq_ref
1764786263900,0,monitor_data.iq_ref
1764786263901,0,monitor_data.iq_ref
1764786263904,0,monitor_data.iq_ref
1764786263905,0,monitor_data.iq_ref
1764786263906,0,monitor_data.iq_ref
1764786263908,0,monitor_data.iq_ref
1764786263910,0,monitor_data.iq_ref
1764786263912,0,monitor_data.iq_ref
1764786263913,0,monitor_data.iq_ref
1764786263914,0,monitor_data.iq_ref
1764786263916,0,monitor_data.iq_ref
1764786263918,0,monitor_data.iq_ref
1764786263920,0,monitor_data.iq_ref
1764786263921,0,monitor_data.iq_ref
1764786263923,0,monitor_data.iq_ref
1764786263925,0,monitor_data.iq_ref
1764786263927,0,monitor_data.iq_ref
1764786263928,0,monitor_data.iq_ref
1764786263930,0,monitor_data.iq_ref
1764786263931,0,monitor_data.iq_ref
1764786263933,0,monitor_data.iq_ref
1764786263935,0,monitor_data.iq_ref
1764786263938,0,monitor_data.iq_ref
1764786263939,0,monitor_data.iq_ref
1764786263941,0,monitor_data.iq_ref
1764786263943,0,monitor_data.iq_ref
1764786263945,0,monitor_data.iq_ref
1764786263946,0,monitor_data.iq_ref
1764786263948,0,monitor_data.iq_ref
1764786263950,0,monitor_data.iq_ref
1764786263952,0,monitor_data.iq_ref
1764786263954,0,monitor_data.iq_ref
1764786263956,0,monitor_data.iq_ref
1764786263958,0,monitor_data.id
1764786263960,0,monitor_data.id
1764786263962,0,monitor_data.id
1764786263964,0,monitor_data.id
1764786263965,0,monitor_data.id
1764786263967,0,monitor_data.id
1764786263969,0,monitor_data.id
1764786263971,0,monitor_data.id
1764786263973,0,monitor_data.id
1764786263974,0,monitor_data.id
1764786263976,0,monitor_data.id
1764786263977,0,monitor_data.id
1764786263980,0,monitor_data.id
1764786263981,0,monitor_data.id
1764786263983,0,monitor_data.id
1764786263985,0,monitor_data.id
1764786263986,0,monitor_data.id
1764786263988,0,monitor_data.id
1764786263991,0,monitor_data.id
1764786263993,0,monitor_data.id
1764786263995,0,monitor_data.id
1764786263996,0,monitor_data.id
1764786263998,0,monitor_data.id
1764786264000,0,monitor_data.id
1764786264002,0,monitor_data.id
1764786264004,0,monitor_data.id
1764786264006,0,monitor_data.id
1764786264008,0,monitor_data.id
1764786263958,0,monitor_data.id_ref
1764786263960,0,monitor_data.id_ref
1764786263962,0,monitor_data.id_ref
1764786263964,0,monitor_data.id_ref
1764786263965,0,monitor_data.id_ref
1764786263967,0,monitor_data.id_ref
1764786263969,0,monitor_data.id_ref
1764786263971,0,monitor_data.id_ref
1764786263973,0,monitor_data.id_ref
1764786263974,0,monitor_data.id_ref
1764786263976,0,monitor_data.id_ref
1764786263977,0,monitor_data.id_ref
1764786263980,0,monitor_data.id_ref
1764786263981,0,monitor_data.id_ref
1764786263983,0,monitor_data.id_ref
1764786263985,0,monitor_data.id_ref
1764786263986,0,monitor_data.id_ref
1764786263988,0,monitor_data.id_ref
1764786263991,0,monitor_data.id_ref
1764786263993,0,monitor_data.id_ref
1764786263995,0,monitor_data.id_ref
1764786263996,0,monitor_data.id_ref
1764786263998,0,monitor_data.id_ref
1764786264000,0,monitor_data.id_ref
1764786264002,0,monitor_data.id_ref
1764786264004,0,monitor_data.id_ref
1764786264006,0,monitor_data.id_ref
1764786264008,0,monitor_data.id_ref
1764786263958,0,monitor_data.iq
1764786263960,0,monitor_data.iq
1764786263962,0,monitor_data.iq
1764786263964,0,monitor_data.iq
1764786263965,0,monitor_data.iq
1764786263967,0,monitor_data.iq
1764786263969,0,monitor_data.iq
1764786263971,0,monitor_data.iq
1764786263973,0,monitor_data.iq
1764786263974,0,monitor_data.iq
1764786263976,0,monitor_data.iq
1764786263977,0,monitor_data.iq
1764786263980,0,monitor_data.iq
1764786263981,0,monitor_data.iq
1764786263983,0,monitor_data.iq
1764786263985,0,monitor_data.iq
1764786263986,0,monitor_data.iq
1764786263988,0,monitor_data.iq
1764786263991,0,monitor_data.iq
1764786263993,0,monitor_data.iq
1764786263995,0,monitor_data.iq
1764786263996,0,monitor_data.iq
1764786263998,0,monitor_data.iq
1764786264000,0,monitor_data.iq
1764786264002,0,monitor_data.iq
1764786264004,0,monitor_data.iq
1764786264006,0,monitor_data.iq
1764786264008,0,monitor_data.iq
1764786263958,0,monitor_data.iq_ref
1764786263960,0,monitor_data.iq_ref
1764786263962,0,monitor_data.iq_ref
1764786263964,0,monitor_data.iq_ref
1764786263965,0,monitor_data.iq_ref
1764786263967,0,monitor_data.iq_ref
1764786263969,0,monitor_data.iq_ref
1764786263971,0,monitor_data.iq_ref
1764786263973,0,monitor_data.iq_ref
1764786263974,0,monitor_data.iq_ref
1764786263976,0,monitor_data.iq_ref
1764786263977,0,monitor_data.iq_ref
1764786263980,0,monitor_data.iq_ref
1764786263981,0,monitor_data.iq_ref
1764786263983,0,monitor_data.iq_ref
1764786263985,0,monitor_data.iq_ref
1764786263986,0,monitor_data.iq_ref
1764786263988,0,monitor_data.iq_ref
1764786263991,0,monitor_data.iq_ref
1764786263993,0,monitor_data.iq_ref
1764786263995,0,monitor_data.iq_ref
1764786263996,0,monitor_data.iq_ref
1764786263998,0,monitor_data.iq_ref
1764786264000,0,monitor_data.iq_ref
1764786264002,0,monitor_data.iq_ref
1764786264004,0,monitor_data.iq_ref
1764786264006,0,monitor_data.iq_ref
1764786264008,0,monitor_data.iq_ref
1764786264010,0,monitor_data.id
1764786264012,0,monitor_data.id
1764786264014,0,monitor_data.id
1764786264015,0,monitor_data.id
1764786264017,0,monitor_data.id
1764786264019,0,monitor_data.id
1764786264021,0,monitor_data.id
1764786264023,0,monitor_data.id
1764786264024,0,monitor_data.id
1764786264026,0,monitor_data.id
1764786264028,0,monitor_data.id
1764786264030,0,monitor_data.id
1764786264032,0,monitor_data.id
1764786264033,0,monitor_data.id
1764786264035,0,monitor_data.id
1764786264037,0,monitor_data.id
1764786264039,0,monitor_data.id
1764786264042,0,monitor_data.id
1764786264043,0,monitor_data.id
1764786264045,0,monitor_data.id
1764786264047,0,monitor_data.id
1764786264049,0,monitor_data.id
1764786264051,0,monitor_data.id
1764786264053,0,monitor_data.id
1764786264055,0,monitor_data.id
1764786264056,0,monitor_data.id
1764786264058,0,monitor_data.id
1764786264010,0,monitor_data.id_ref
1764786264012,0,monitor_data.id_ref
1764786264014,0,monitor_data.id_ref
1764786264015,0,monitor_data.id_ref
1764786264017,0,monitor_data.id_ref
1764786264019,0,monitor_data.id_ref
1764786264021,0,monitor_data.id_ref
1764786264023,0,monitor_data.id_ref
1764786264024,0,monitor_data.id_ref
1764786264026,0,monitor_data.id_ref
1764786264028,0,monitor_data.id_ref
1764786264030,0,monitor_data.id_ref
1764786264032,0,monitor_data.id_ref
1764786264033,0,monitor_data.id_ref
1764786264035,0,monitor_data.id_ref
1764786264037,0,monitor_data.id_ref
1764786264039,0,monitor_data.id_ref
1764786264042,0,monitor_data.id_ref
1764786264043,0,monitor_data.id_ref
1764786264045,0,monitor_data.id_ref
1764786264047,0,monitor_data.id_ref
1764786264049,0,monitor_data.id_ref
1764786264051,0,monitor_data.id_ref
1764786264053,0,monitor_data.id_ref
1764786264055,0,monitor_data.id_ref
1764786264056,0,monitor_data.id_ref
1764786264058,0,monitor_data.id_ref
1764786264010,0,monitor_data.iq
1764786264012,0,monitor_data.iq
1764786264014,0,monitor_data.iq
1764786264015,0,monitor_data.iq
1764786264017,0,monitor_data.iq
1764786264019,0,monitor_data.iq
1764786264021,0,monitor_data.iq
1764786264023,0,monitor_data.iq
1764786264024,0,monitor_data.iq
1764786264026,0,monitor_data.iq
1764786264028,0,monitor_data.iq
1764786264030,0,monitor_data.iq
1764786264032,0,monitor_data.iq
1764786264033,0,monitor_data.iq
1764786264035,0,monitor_data.iq
1764786264037,0,monitor_data.iq
1764786264039,0,monitor_data.iq
1764786264042,0,monitor_data.iq
1764786264043,0,monitor_data.iq
1764786264045,0,monitor_data.iq
1764786264047,0,monitor_data.iq
1764786264049,0,monitor_data.iq
1764786264051,0,monitor_data.iq
1764786264053,0,monitor_data.iq
1764786264055,0,monitor_data.iq
1764786264056,0,monitor_data.iq
1764786264058,0,monitor_data.iq
1764786264010,0,monitor_data.iq_ref
1764786264012,0,monitor_data.iq_ref
1764786264014,0,monitor_data.iq_ref
1764786264015,0,monitor_data.iq_ref
1764786264017,0,monitor_data.iq_ref
1764786264019,0,monitor_data.iq_ref
1764786264021,0,monitor_data.iq_ref
1764786264023,0,monitor_data.iq_ref
1764786264024,0,monitor_data.iq_ref
1764786264026,0,monitor_data.iq_ref
1764786264028,0,monitor_data.iq_ref
1764786264030,0,monitor_data.iq_ref
1764786264032,0,monitor_data.iq_ref
1764786264033,0,monitor_data.iq_ref
1764786264035,0,monitor_data.iq_ref
1764786264037,0,monitor_data.iq_ref
1764786264039,0,monitor_data.iq_ref
1764786264042,0,monitor_data.iq_ref
1764786264043,0,monitor_data.iq_ref
1764786264045,0,monitor_data.iq_ref
1764786264047,0,monitor_data.iq_ref
1764786264049,0,monitor_data.iq_ref
1764786264051,0,monitor_data.iq_ref
1764786264053,0,monitor_data.iq_ref
1764786264055,0,monitor_data.iq_ref
1764786264056,0,monitor_data.iq_ref
1764786264058,0,monitor_data.iq_ref
1764786264060,0,monitor_data.id
1764786264062,0,monitor_data.id
1764786264064,0,monitor_data.id
1764786264065,0,monitor_data.id
1764786264067,0,monitor_data.id
1764786264070,0,monitor_data.id
1764786264072,0,monitor_data.id
1764786264074,0,monitor_data.id
1764786264076,0,monitor_data.id
1764786264078,0,monitor_data.id
1764786264080,0,monitor_data.id
1764786264081,0,monitor_data.id
1764786264083,0,monitor_data.id
1764786264085,0,monitor_data.id
1764786264087,0,monitor_data.id
1764786264089,0,monitor_data.id
1764786264091,0,monitor_data.id
1764786264092,0,monitor_data.id
1764786264093,0,monitor_data.id
1764786264095,0,monitor_data.id
1764786264096,0,monitor_data.id
1764786264098,0,monitor_data.id
1764786264099,0,monitor_data.id
1764786264101,0,monitor_data.id
1764786264103,0,monitor_data.id
1764786264105,0,monitor_data.id
1764786264106,0,monitor_data.id
1764786264108,0,monitor_data.id
1764786264060,0,monitor_data.id_ref
1764786264062,0,monitor_data.id_ref
1764786264064,0,monitor_data.id_ref
1764786264065,0,monitor_data.id_ref
1764786264067,0,monitor_data.id_ref
1764786264070,0,monitor_data.id_ref
1764786264072,0,monitor_data.id_ref
1764786264074,0,monitor_data.id_ref
1764786264076,0,monitor_data.id_ref
1764786264078,0,monitor_data.id_ref
1764786264080,0,monitor_data.id_ref
1764786264081,0,monitor_data.id_ref
1764786264083,0,monitor_data.id_ref
1764786264085,0,monitor_data.id_ref
1764786264087,0,monitor_data.id_ref
1764786264089,0,monitor_data.id_ref
1764786264091,0,monitor_data.id_ref
1764786264092,0,monitor_data.id_ref
1764786264093,0,monitor_data.id_ref
1764786264095,0,monitor_data.id_ref
1764786264096,0,monitor_data.id_ref
1764786264098,0,monitor_data.id_ref
1764786264099,0,monitor_data.id_ref
1764786264101,0,monitor_data.id_ref
1764786264103,0,monitor_data.id_ref
1764786264105,0,monitor_data.id_ref
1764786264106,0,monitor_data.id_ref
1764786264108,0,monitor_data.id_ref
1764786264060,0,monitor_data.iq
1764786264062,0,monitor_data.iq
1764786264064,0,monitor_data.iq
1764786264065,0,monitor_data.iq
1764786264067,0,monitor_data.iq
1764786264070,0,monitor_data.iq
1764786264072,0,monitor_data.iq
1764786264074,0,monitor_data.iq
1764786264076,0,monitor_data.iq
1764786264078,0,monitor_data.iq
1764786264080,0,monitor_data.iq
1764786264081,0,monitor_data.iq
1764786264083,0,monitor_data.iq
1764786264085,0,monitor_data.iq
1764786264087,0,monitor_data.iq
1764786264089,0,monitor_data.iq
1764786264091,0,monitor_data.iq
1764786264092,0,monitor_data.iq
1764786264093,0,monitor_data.iq
1764786264095,0,monitor_data.iq
1764786264096,0,monitor_data.iq
1764786264098,0,monitor_data.iq
1764786264099,0,monitor_data.iq
1764786264101,0,monitor_data.iq
1764786264103,0,monitor_data.iq
1764786264105,0,monitor_data.iq
1764786264106,0,monitor_data.iq
1764786264108,0,monitor_data.iq
1764786264060,0,monitor_data.iq_ref
1764786264062,0,monitor_data.iq_ref
1764786264064,0,monitor_data.iq_ref
1764786264065,0,monitor_data.iq_ref
1764786264067,0,monitor_data.iq_ref
1764786264070,0,monitor_data.iq_ref
1764786264072,0,monitor_data.iq_ref
1764786264074,0,monitor_data.iq_ref
1764786264076,0,monitor_data.iq_ref
1764786264078,0,monitor_data.iq_ref
1764786264080,0,monitor_data.iq_ref
1764786264081,0,monitor_data.iq_ref
1764786264083,0,monitor_data.iq_ref
1764786264085,0,monitor_data.iq_ref
1764786264087,0,monitor_data.iq_ref
1764786264089,0,monitor_data.iq_ref
1764786264091,0,monitor_data.iq_ref
1764786264092,0,monitor_data.iq_ref
1764786264093,0,monitor_data.iq_ref
1764786264095,0,monitor_data.iq_ref
1764786264096,0,monitor_data.iq_ref
1764786264098,0,monitor_data.iq_ref
1764786264099,0,monitor_data.iq_ref
1764786264101,0,monitor_data.iq_ref
1764786264103,0,monitor_data.iq_ref
1764786264105,0,monitor_data.iq_ref
1764786264106,0,monitor_data.iq_ref
1764786264108,0,monitor_data.iq_ref
1764786264110,0,monitor_data.id
1764786264112,0,monitor_data.id
1764786264114,0,monitor_data.id
1764786264115,0,monitor_data.id
1764786264117,0,monitor_data.id
1764786264118,0,monitor_data.id
1764786264120,0,monitor_data.id
1764786264122,0,monitor_data.id
1764786264123,0,monitor_data.id
1764786264125,0,monitor_data.id
1764786264126,0,monitor_data.id
1764786264127,0,monitor_data.id
1764786264129,0,monitor_data.id
1764786264131,0,monitor_data.id
1764786264132,0,monitor_data.id
1764786264134,0,monitor_data.id
1764786264136,0,monitor_data.id
1764786264138,0,monitor_data.id
1764786264140,0,monitor_data.id
1764786264142,0,monitor_data.id
1764786264143,0,monitor_data.id
1764786264145,0,monitor_data.id
1764786264147,0,monitor_data.id
1764786264149,0,monitor_data.id
1764786264151,0,monitor_data.id
1764786264153,0,monitor_data.id
1764786264154,0,monitor_data.id
1764786264156,0,monitor_data.id
1764786264158,0,monitor_data.id
1764786264159,0,monitor_data.id
1764786264161,0,monitor_data.id
1764786264110,0,monitor_data.id_ref
1764786264112,0,monitor_data.id_ref
1764786264114,0,monitor_data.id_ref
1764786264115,0,monitor_data.id_ref
1764786264117,0,monitor_data.id_ref
1764786264118,0,monitor_data.id_ref
1764786264120,0,monitor_data.id_ref
1764786264122,0,monitor_data.id_ref
1764786264123,0,monitor_data.id_ref
1764786264125,0,monitor_data.id_ref
1764786264126,0,monitor_data.id_ref
1764786264127,0,monitor_data.id_ref
1764786264129,0,monitor_data.id_ref
1764786264131,0,monitor_data.id_ref
1764786264132,0,monitor_data.id_ref
1764786264134,0,monitor_data.id_ref
1764786264136,0,monitor_data.id_ref
1764786264138,0,monitor_data.id_ref
1764786264140,0,monitor_data.id_ref
1764786264142,0,monitor_data.id_ref
1764786264143,0,monitor_data.id_ref
1764786264145,0,monitor_data.id_ref
1764786264147,0,monitor_data.id_ref
1764786264149,0,monitor_data.id_ref
1764786264151,0,monitor_data.id_ref
1764786264153,0,monitor_data.id_ref
1764786264154,0,monitor_data.id_ref
1764786264156,0,monitor_data.id_ref
1764786264158,0,monitor_data.id_ref
1764786264159,0,monitor_data.id_ref
1764786264161,0,monitor_data.id_ref
1764786264110,0,monitor_data.iq
1764786264112,0,monitor_data.iq
1764786264114,0,monitor_data.iq
1764786264115,0,monitor_data.iq
1764786264117,0,monitor_data.iq
1764786264118,0,monitor_data.iq
1764786264120,0,monitor_data.iq
1764786264122,0,monitor_data.iq
1764786264123,0,monitor_data.iq
1764786264125,0,monitor_data.iq
1764786264126,0,monitor_data.iq
1764786264127,0,monitor_data.iq
1764786264129,0,monitor_data.iq
1764786264131,0,monitor_data.iq
1764786264132,0,monitor_data.iq
1764786264134,0,monitor_data.iq
1764786264136,0,monitor_data.iq
1764786264138,0,monitor_data.iq
1764786264140,0,monitor_data.iq
1764786264142,0,monitor_data.iq
1764786264143,0,monitor_data.iq
1764786264145,0,monitor_data.iq
1764786264147,0,monitor_data.iq
1764786264149,0,monitor_data.iq
1764786264151,0,monitor_data.iq
1764786264153,0,monitor_data.iq
1764786264154,0,monitor_data.iq
1764786264156,0,monitor_data.iq
1764786264158,0,monitor_data.iq
1764786264159,0,monitor_data.iq
1764786264161,0,monitor_data.iq
1764786264110,0,monitor_data.iq_ref
1764786264112,0,monitor_data.iq_ref
1764786264114,0,monitor_data.iq_ref
1764786264115,0,monitor_data.iq_ref
1764786264117,0,monitor_data.iq_ref
1764786264118,0,monitor_data.iq_ref
1764786264120,0,monitor_data.iq_ref
1764786264122,0,monitor_data.iq_ref
1764786264123,0,monitor_data.iq_ref
1764786264125,0,monitor_data.iq_ref
1764786264126,0,monitor_data.iq_ref
1764786264127,0,monitor_data.iq_ref
1764786264129,0,monitor_data.iq_ref
1764786264131,0,monitor_data.iq_ref
1764786264132,0,monitor_data.iq_ref
1764786264134,0,monitor_data.iq_ref
1764786264136,0,monitor_data.iq_ref
1764786264138,0,monitor_data.iq_ref
1764786264140,0,monitor_data.iq_ref
1764786264142,0,monitor_data.iq_ref
1764786264143,0,monitor_data.iq_ref
1764786264145,0,monitor_data.iq_ref
1764786264147,0,monitor_data.iq_ref
1764786264149,0,monitor_data.iq_ref
1764786264151,0,monitor_data.iq_ref
1764786264153,0,monitor_data.iq_ref
1764786264154,0,monitor_data.iq_ref
1764786264156,0,monitor_data.iq_ref
1764786264158,0,monitor_data.iq_ref
1764786264159,0,monitor_data.iq_ref
1764786264161,0,monitor_data.iq_ref
1764786264163,0,monitor_data.id
1764786264164,0,monitor_data.id
1764786264166,0,monitor_data.id
1764786264168,0,monitor_data.id
1764786264170,0,monitor_data.id
1764786264172,0,monitor_data.id
1764786264174,0,monitor_data.id
1764786264175,0,monitor_data.id
1764786264176,0,monitor_data.id
1764786264177,0,monitor_data.id
1764786264179,0,monitor_data.id
1764786264180,0,monitor_data.id
1764786264182,0,monitor_data.id
1764786264183,0,monitor_data.id
1764786264185,0,monitor_data.id
1764786264188,0,monitor_data.id
1764786264189,0,monitor_data.id
1764786264191,0,monitor_data.id
1764786264193,0,monitor_data.id
1764786264194,0,monitor_data.id
1764786264196,0,monitor_data.id
1764786264198,0,monitor_data.id
1764786264200,0,monitor_data.id
1764786264202,0,monitor_data.id
1764786264204,0,monitor_data.id
1764786264206,0,monitor_data.id
1764786264207,0,monitor_data.id
1764786264209,0,monitor_data.id
1764786264210,0,monitor_data.id
1764786264212,0,monitor_data.id
1764786264163,0,monitor_data.id_ref
1764786264164,0,monitor_data.id_ref
1764786264166,0,monitor_data.id_ref
1764786264168,0,monitor_data.id_ref
1764786264170,0,monitor_data.id_ref
1764786264172,0,monitor_data.id_ref
1764786264174,0,monitor_data.id_ref
1764786264175,0,monitor_data.id_ref
1764786264176,0,monitor_data.id_ref
1764786264177,0,monitor_data.id_ref
1764786264179,0,monitor_data.id_ref
1764786264180,0,monitor_data.id_ref
1764786264182,0,monitor_data.id_ref
1764786264183,0,monitor_data.id_ref
1764786264185,0,monitor_data.id_ref
1764786264188,0,monitor_data.id_ref
1764786264189,0,monitor_data.id_ref
1764786264191,0,monitor_data.id_ref
1764786264193,0,monitor_data.id_ref
1764786264194,0,monitor_data.id_ref
1764786264196,0,monitor_data.id_ref
1764786264198,0,monitor_data.id_ref
1764786264200,0,monitor_data.id_ref
1764786264202,0,monitor_data.id_ref
1764786264204,0,monitor_data.id_ref
1764786264206,0,monitor_data.id_ref
1764786264207,0,monitor_data.id_ref
1764786264209,0,monitor_data.id_ref
1764786264210,0,monitor_data.id_ref
1764786264212,0,monitor_data.id_ref
1764786264163,0,monitor_data.iq
1764786264164,0,monitor_data.iq
1764786264166,0,monitor_data.iq
1764786264168,0,monitor_data.iq
1764786264170,0,monitor_data.iq
1764786264172,0,monitor_data.iq
1764786264174,0,monitor_data.iq
1764786264175,0,monitor_data.iq
1764786264176,0,monitor_data.iq
1764786264177,0,monitor_data.iq
1764786264179,0,monitor_data.iq
1764786264180,0,monitor_data.iq
1764786264182,0,monitor_data.iq
1764786264183,0,monitor_data.iq
1764786264185,0,monitor_data.iq
1764786264188,0,monitor_data.iq
1764786264189,0,monitor_data.iq
1764786264191,0,monitor_data.iq
1764786264193,0,monitor_data.iq
1764786264194,0,monitor_data.iq
1764786264196,0,monitor_data.iq
1764786264198,0,monitor_data.iq
1764786264200,0,monitor_data.iq
1764786264202,0,monitor_data.iq
1764786264204,0,monitor_data.iq
1764786264206,0,monitor_data.iq
1764786264207,0,monitor_data.iq
1764786264209,0,monitor_data.iq
1764786264210,0,monitor_data.iq
1764786264212,0,monitor_data.iq
1764786264163,0,monitor_data.iq_ref
1764786264164,0,monitor_data.iq_ref
1764786264166,0,monitor_data.iq_ref
1764786264168,0,monitor_data.iq_ref
1764786264170,0,monitor_data.iq_ref
1764786264172,0,monitor_data.iq_ref
1764786264174,0,monitor_data.iq_ref
1764786264175,0,monitor_data.iq_ref
1764786264176,0,monitor_data.iq_ref
1764786264177,0,monitor_data.iq_ref
1764786264179,0,monitor_data.iq_ref
1764786264180,0,monitor_data.iq_ref
1764786264182,0,monitor_data.iq_ref
1764786264183,0,monitor_data.iq_ref
1764786264185,0,monitor_data.iq_ref
1764786264188,0,monitor_data.iq_ref
1764786264189,0,monitor_data.iq_ref
1764786264191,0,monitor_data.iq_ref
1764786264193,0,monitor_data.iq_ref
1764786264194,0,monitor_data.iq_ref
1764786264196,0,monitor_data.iq_ref
1764786264198,0,monitor_data.iq_ref
1764786264200,0,monitor_data.iq_ref
1764786264202,0,monitor_data.iq_ref
1764786264204,0,monitor_data.iq_ref
1764786264206,0,monitor_data.iq_ref
1764786264207,0,monitor_data.iq_ref
1764786264209,0,monitor_data.iq_ref
1764786264210,0,monitor_data.iq_ref
1764786264212,0,monitor_data.iq_ref
1764786264214,0,monitor_data.id
1764786264216,0,monitor_data.id
1764786264217,0,monitor_data.id
1764786264219,0,monitor_data.id
1764786264221,0,monitor_data.id
1764786264223,0,monitor_data.id
1764786264224,0,monitor_data.id
1764786264226,0,monitor_data.id
1764786264227,0,monitor_data.id
1764786264229,0,monitor_data.id
1764786264230,0,monitor_data.id
1764786264232,0,monitor_data.id
1764786264234,0,monitor_data.id
1764786264235,0,monitor_data.id
1764786264237,0,monitor_data.id
1764786264239,0,monitor_data.id
1764786264241,0,monitor_data.id
1764786264242,0,monitor_data.id
1764786264244,0,monitor_data.id
1764786264246,0,monitor_data.id
1764786264247,0,monitor_data.id
1764786264249,0,monitor_data.id
1764786264251,0,monitor_data.id
1764786264252,0,monitor_data.id
1764786264254,0,monitor_data.id
1764786264256,0,monitor_data.id
1764786264257,0,monitor_data.id
1764786264259,0,monitor_data.id
1764786264262,0,monitor_data.id
1764786264263,0,monitor_data.id
1764786264214,0,monitor_data.id_ref
1764786264216,0,monitor_data.id_ref
1764786264217,0,monitor_data.id_ref
1764786264219,0,monitor_data.id_ref
1764786264221,0,monitor_data.id_ref
1764786264223,0,monitor_data.id_ref
1764786264224,0,monitor_data.id_ref
1764786264226,0,monitor_data.id_ref
1764786264227,0,monitor_data.id_ref
1764786264229,0,monitor_data.id_ref
1764786264230,0,monitor_data.id_ref
1764786264232,0,monitor_data.id_ref
1764786264234,0,monitor_data.id_ref
1764786264235,0,monitor_data.id_ref
1764786264237,0,monitor_data.id_ref
1764786264239,0,monitor_data.id_ref
1764786264241,0,monitor_data.id_ref
1764786264242,0,monitor_data.id_ref
1764786264244,0,monitor_data.id_ref
1764786264246,0,monitor_data.id_ref
1764786264247,0,monitor_data.id_ref
1764786264249,0,monitor_data.id_ref
1764786264251,0,monitor_data.id_ref
1764786264252,0,monitor_data.id_ref
1764786264254,0,monitor_data.id_ref
1764786264256,0,monitor_data.id_ref
1764786264257,0,monitor_data.id_ref
1764786264259,0,monitor_data.id_ref
1764786264262,0,monitor_data.id_ref
1764786264263,0,monitor_data.id_ref
1764786264214,0,monitor_data.iq
1764786264216,0,monitor_data.iq
1764786264217,0,monitor_data.iq
1764786264219,0,monitor_data.iq
1764786264221,0,monitor_data.iq
1764786264223,0,monitor_data.iq
1764786264224,0,monitor_data.iq
1764786264226,0,monitor_data.iq
1764786264227,0,monitor_data.iq
1764786264229,0,monitor_data.iq
1764786264230,0,monitor_data.iq
1764786264232,0,monitor_data.iq
1764786264234,0,monitor_data.iq
1764786264235,0,monitor_data.iq
1764786264237,0,monitor_data.iq
1764786264239,0,monitor_data.iq
1764786264241,0,monitor_data.iq
1764786264242,0,monitor_data.iq
1764786264244,0,monitor_data.iq
1764786264246,0,monitor_data.iq
1764786264247,0,monitor_data.iq
1764786264249,0,monitor_data.iq
1764786264251,0,monitor_data.iq
1764786264252,0,monitor_data.iq
1764786264254,0,monitor_data.iq
1764786264256,0,monitor_data.iq
1764786264257,0,monitor_data.iq
1764786264259,0,monitor_data.iq
1764786264262,0,monitor_data.iq
1764786264263,0,monitor_data.iq
1764786264214,0,monitor_data.iq_ref
1764786264216,0,monitor_data.iq_ref
1764786264217,0,monitor_data.iq_ref
1764786264219,0,monitor_data.iq_ref
1764786264221,0,monitor_data.iq_ref
1764786264223,0,monitor_data.iq_ref
1764786264224,0,monitor_data.iq_ref
1764786264226,0,monitor_data.iq_ref
1764786264227,0,monitor_data.iq_ref
1764786264229,0,monitor_data.iq_ref
1764786264230,0,monitor_data.iq_ref
1764786264232,0,monitor_data.iq_ref
1764786264234,0,monitor_data.iq_ref
1764786264235,0,monitor_data.iq_ref
1764786264237,0,monitor_data.iq_ref
1764786264239,0,monitor_data.iq_ref
1764786264241,0,monitor_data.iq_ref
1764786264242,0,monitor_data.iq_ref
1764786264244,0,monitor_data.iq_ref
1764786264246,0,monitor_data.iq_ref
1764786264247,0,monitor_data.iq_ref
1764786264249,0,monitor_data.iq_ref
1764786264251,0,monitor_data.iq_ref
1764786264252,0,monitor_data.iq_ref
1764786264254,0,monitor_data.iq_ref
1764786264256,0,monitor_data.iq_ref
1764786264257,0,monitor_data.iq_ref
1764786264259,0,monitor_data.iq_ref
1764786264262,0,monitor_data.iq_ref
1764786264263,0,monitor_data.iq_ref
1764786264265,0,monitor_data.id
1764786264267,0,monitor_data.id
1764786264268,0,monitor_data.id
1764786264270,0,monitor_data.id
1764786264272,0,monitor_data.id
1764786264273,0,monitor_data.id
1764786264275,0,monitor_data.id
1764786264277,0,monitor_data.id
1764786264279,0,monitor_data.id
1764786264280,0,monitor_data.id
1764786264282,0,monitor_data.id
1764786264283,0,monitor_data.id
1764786264285,0,monitor_data.id
1764786264287,0,monitor_data.id
1764786264289,0,monitor_data.id
1764786264290,0,monitor_data.id
1764786264292,0,monitor_data.id
1764786264293,0,monitor_data.id
1764786264295,0,monitor_data.id
1764786264297,0,monitor_data.id
1764786264299,0,monitor_data.id
1764786264301,0,monitor_data.id
1764786264303,0,monitor_data.id
1764786264304,0,monitor_data.id
1764786264306,0,monitor_data.id
1764786264307,0,monitor_data.id
1764786264309,0,monitor_data.id
1764786264311,0,monitor_data.id
1764786264312,0,monitor_data.id
1764786264314,0,monitor_data.id
1764786264265,0,monitor_data.id_ref
1764786264267,0,monitor_data.id_ref
1764786264268,0,monitor_data.id_ref
1764786264270,0,monitor_data.id_ref
1764786264272,0,monitor_data.id_ref
1764786264273,0,monitor_data.id_ref
1764786264275,0,monitor_data.id_ref
1764786264277,0,monitor_data.id_ref
1764786264279,0,monitor_data.id_ref
1764786264280,0,monitor_data.id_ref
1764786264282,0,monitor_data.id_ref
1764786264283,0,monitor_data.id_ref
1764786264285,0,monitor_data.id_ref
1764786264287,0,monitor_data.id_ref
1764786264289,0,monitor_data.id_ref
1764786264290,0,monitor_data.id_ref
1764786264292,0,monitor_data.id_ref
1764786264293,0,monitor_data.id_ref
1764786264295,0,monitor_data.id_ref
1764786264297,0,monitor_data.id_ref
1764786264299,0,monitor_data.id_ref
1764786264301,0,monitor_data.id_ref
1764786264303,0,monitor_data.id_ref
1764786264304,0,monitor_data.id_ref
1764786264306,0,monitor_data.id_ref
1764786264307,0,monitor_data.id_ref
1764786264309,0,monitor_data.id_ref
1764786264311,0,monitor_data.id_ref
1764786264312,0,monitor_data.id_ref
1764786264314,0,monitor_data.id_ref
1764786264265,0,monitor_data.iq
1764786264267,0,monitor_data.iq
1764786264268,0,monitor_data.iq
1764786264270,0,monitor_data.iq
1764786264272,0,monitor_data.iq
1764786264273,0,monitor_data.iq
1764786264275,0,monitor_data.iq
1764786264277,0,monitor_data.iq
1764786264279,0,monitor_data.iq
1764786264280,0,monitor_data.iq
1764786264282,0,monitor_data.iq
1764786264283,0,monitor_data.iq
1764786264285,0,monitor_data.iq
1764786264287,0,monitor_data.iq
1764786264289,0,monitor_data.iq
1764786264290,0,monitor_data.iq
1764786264292,0,monitor_data.iq
1764786264293,0,monitor_data.iq
1764786264295,0,monitor_data.iq
1764786264297,0,monitor_data.iq
1764786264299,0,monitor_data.iq
1764786264301,0,monitor_data.iq
1764786264303,0,monitor_data.iq
1764786264304,0,monitor_data.iq
1764786264306,0,monitor_data.iq
1764786264307,0,monitor_data.iq
1764786264309,0,monitor_data.iq
1764786264311,0,monitor_data.iq
1764786264312,0,monitor_data.iq
1764786264314,0,monitor_data.iq
1764786264265,0,monitor_data.iq_ref
1764786264267,0,monitor_data.iq_ref
1764786264268,0,monitor_data.iq_ref
1764786264270,0,monitor_data.iq_ref
1764786264272,0,monitor_data.iq_ref
1764786264273,0,monitor_data.iq_ref
1764786264275,0,monitor_data.iq_ref
1764786264277,0,monitor_data.iq_ref
1764786264279,0,monitor_data.iq_ref
1764786264280,0,monitor_data.iq_ref
1764786264282,0,monitor_data.iq_ref
1764786264283,0,monitor_data.iq_ref
1764786264285,0,monitor_data.iq_ref
1764786264287,0,monitor_data.iq_ref
1764786264289,0,monitor_data.iq_ref
1764786264290,0,monitor_data.iq_ref
1764786264292,0,monitor_data.iq_ref
1764786264293,0,monitor_data.iq_ref
1764786264295,0,monitor_data.iq_ref
1764786264297,0,monitor_data.iq_ref
1764786264299,0,monitor_data.iq_ref
1764786264301,0,monitor_data.iq_ref
1764786264303,0,monitor_data.iq_ref
1764786264304,0,monitor_data.iq_ref
1764786264306,0,monitor_data.iq_ref
1764786264307,0,monitor_data.iq_ref
1764786264309,0,monitor_data.iq_ref
1764786264311,0,monitor_data.iq_ref
1764786264312,0,monitor_data.iq_ref
1764786264314,0,monitor_data.iq_ref
1764786264315,0,monitor_data.id
1764786264317,0,monitor_data.id
1764786264318,0,monitor_data.id
1764786264320,0,monitor_data.id
1764786264322,0,monitor_data.id
1764786264324,0,monitor_data.id
1764786264325,0,monitor_data.id
1764786264326,0,monitor_data.id
1764786264327,0,monitor_data.id
1764786264328,0,monitor_data.id
1764786264330,0,monitor_data.id
1764786264331,0,monitor_data.id
1764786264332,0,monitor_data.id
1764786264334,0,monitor_data.id
1764786264336,0,monitor_data.id
1764786264337,0,monitor_data.id
1764786264339,0,monitor_data.id
1764786264341,0,monitor_data.id
1764786264343,0,monitor_data.id
1764786264344,0,monitor_data.id
1764786264346,0,monitor_data.id
1764786264347,0,monitor_data.id
1764786264349,0,monitor_data.id
1764786264351,0,monitor_data.id
1764786264353,0,monitor_data.id
1764786264354,0,monitor_data.id
1764786264356,0,monitor_data.id
1764786264358,0,monitor_data.id
1764786264359,0,monitor_data.id
1764786264361,0,monitor_data.id
1764786264362,0,monitor_data.id
1764786264364,0,monitor_data.id
1764786264315,0,monitor_data.id_ref
1764786264317,0,monitor_data.id_ref
1764786264318,0,monitor_data.id_ref
1764786264320,0,monitor_data.id_ref
1764786264322,0,monitor_data.id_ref
1764786264324,0,monitor_data.id_ref
1764786264325,0,monitor_data.id_ref
1764786264326,0,monitor_data.id_ref
1764786264327,0,monitor_data.id_ref
1764786264328,0,monitor_data.id_ref
1764786264330,0,monitor_data.id_ref
1764786264331,0,monitor_data.id_ref
1764786264332,0,monitor_data.id_ref
1764786264334,0,monitor_data.id_ref
1764786264336,0,monitor_data.id_ref
1764786264337,0,monitor_data.id_ref
1764786264339,0,monitor_data.id_ref
1764786264341,0,monitor_data.id_ref
1764786264343,0,monitor_data.id_ref
1764786264344,0,monitor_data.id_ref
1764786264346,0,monitor_data.id_ref
1764786264347,0,monitor_data.id_ref
1764786264349,0,monitor_data.id_ref
1764786264351,0,monitor_data.id_ref
1764786264353,0,monitor_data.id_ref
1764786264354,0,monitor_data.id_ref
1764786264356,0,monitor_data.id_ref
1764786264358,0,monitor_data.id_ref
1764786264359,0,monitor_data.id_ref
1764786264361,0,monitor_data.id_ref
1764786264362,0,monitor_data.id_ref
1764786264364,0,monitor_data.id_ref
1764786264315,0,monitor_data.iq
1764786264317,0,monitor_data.iq
1764786264318,0,monitor_data.iq
1764786264320,0,monitor_data.iq
1764786264322,0,monitor_data.iq
1764786264324,0,monitor_data.iq
1764786264325,0,monitor_data.iq
1764786264326,0,monitor_data.iq
1764786264327,0,monitor_data.iq
1764786264328,0,monitor_data.iq
1764786264330,0,monitor_data.iq
1764786264331,0,monitor_data.iq
1764786264332,0,monitor_data.iq
1764786264334,0,monitor_data.iq
1764786264336,0,monitor_data.iq
1764786264337,0,monitor_data.iq
1764786264339,0,monitor_data.iq
1764786264341,0,monitor_data.iq
1764786264343,0,monitor_data.iq
1764786264344,0,monitor_data.iq
1764786264346,0,monitor_data.iq
1764786264347,0,monitor_data.iq
1764786264349,0,monitor_data.iq
1764786264351,0,monitor_data.iq
1764786264353,0,monitor_data.iq
1764786264354,0,monitor_data.iq
1764786264356,0,monitor_data.iq
1764786264358,0,monitor_data.iq
1764786264359,0,monitor_data.iq
1764786264361,0,monitor_data.iq
1764786264362,0,monitor_data.iq
1764786264364,0,monitor_data.iq
1764786264315,0,monitor_data.iq_ref
1764786264317,0,monitor_data.iq_ref
1764786264318,0,monitor_data.iq_ref
1764786264320,0,monitor_data.iq_ref
1764786264322,0,monitor_data.iq_ref
1764786264324,0,monitor_data.iq_ref
1764786264325,0,monitor_data.iq_ref
1764786264326,0,monitor_data.iq_ref
1764786264327,0,monitor_data.iq_ref
1764786264328,0,monitor_data.iq_ref
1764786264330,0,monitor_data.iq_ref
1764786264331,0,monitor_data.iq_ref
1764786264332,0,monitor_data.iq_ref
1764786264334,0,monitor_data.iq_ref
1764786264336,0,monitor_data.iq_ref
1764786264337,0,monitor_data.iq_ref
1764786264339,0,monitor_data.iq_ref
1764786264341,0,monitor_data.iq_ref
1764786264343,0,monitor_data.iq_ref
1764786264344,0,monitor_data.iq_ref
1764786264346,0,monitor_data.iq_ref
1764786264347,0,monitor_data.iq_ref
1764786264349,0,monitor_data.iq_ref
1764786264351,0,monitor_data.iq_ref
1764786264353,0,monitor_data.iq_ref
1764786264354,0,monitor_data.iq_ref
1764786264356,0,monitor_data.iq_ref
1764786264358,0,monitor_data.iq_ref
1764786264359,0,monitor_data.iq_ref
1764786264361,0,monitor_data.iq_ref
1764786264362,0,monitor_data.iq_ref
1764786264364,0,monitor_data.iq_ref
1764786264366,0,monitor_data.id
1764786264368,0,monitor_data.id
1764786264370,0,monitor_data.id
1764786264372,0,monitor_data.id
1764786264374,0,monitor_data.id
1764786264375,0,monitor_data.id
1764786264376,0,monitor_data.id
1764786264378,0,monitor_data.id
1764786264380,0,monitor_data.id
1764786264381,0,monitor_data.id
1764786264382,0,monitor_data.id
1764786264383,0,monitor_data.id
1764786264384,0,monitor_data.id
1764786264386,0,monitor_data.id
1764786264388,0,monitor_data.id
1764786264389,0,monitor_data.id
1764786264391,0,monitor_data.id
1764786264393,0,monitor_data.id
1764786264394,0,monitor_data.id
1764786264396,0,monitor_data.id
1764786264398,0,monitor_data.id
1764786264399,0,monitor_data.id
1764786264401,0,monitor_data.id
1764786264402,0,monitor_data.id
1764786264404,0,monitor_data.id
1764786264406,0,monitor_data.id
1764786264408,0,monitor_data.id
1764786264410,0,monitor_data.id
1764786264412,0,monitor_data.id
1764786264413,0,monitor_data.id
1764786264416,0,monitor_data.id
1764786264366,0,monitor_data.id_ref
1764786264368,0,monitor_data.id_ref
1764786264370,0,monitor_data.id_ref
1764786264372,0,monitor_data.id_ref
1764786264374,0,monitor_data.id_ref
1764786264375,0,monitor_data.id_ref
1764786264376,0,monitor_data.id_ref
1764786264378,0,monitor_data.id_ref
1764786264380,0,monitor_data.id_ref
1764786264381,0,monitor_data.id_ref
1764786264382,0,monitor_data.id_ref
1764786264383,0,monitor_data.id_ref
1764786264384,0,monitor_data.id_ref
1764786264386,0,monitor_data.id_ref
1764786264388,0,monitor_data.id_ref
1764786264389,0,monitor_data.id_ref
1764786264391,0,monitor_data.id_ref
1764786264393,0,monitor_data.id_ref
1764786264394,0,monitor_data.id_ref
1764786264396,0,monitor_data.id_ref
1764786264398,0,monitor_data.id_ref
1764786264399,0,monitor_data.id_ref
1764786264401,0,monitor_data.id_ref
1764786264402,0,monitor_data.id_ref
1764786264404,0,monitor_data.id_ref
1764786264406,0,monitor_data.id_ref
1764786264408,0,monitor_data.id_ref
1764786264410,0,monitor_data.id_ref
1764786264412,0,monitor_data.id_ref
1764786264413,0,monitor_data.id_ref
1764786264416,0,monitor_data.id_ref
1764786264366,0,monitor_data.iq
1764786264368,0,monitor_data.iq
1764786264370,0,monitor_data.iq
1764786264372,0,monitor_data.iq
1764786264374,0,monitor_data.iq
1764786264375,0,monitor_data.iq
1764786264376,0,monitor_data.iq
1764786264378,0,monitor_data.iq
1764786264380,0,monitor_data.iq
1764786264381,0,monitor_data.iq
1764786264382,0,monitor_data.iq
1764786264383,0,monitor_data.iq
1764786264384,0,monitor_data.iq
1764786264386,0,monitor_data.iq
1764786264388,0,monitor_data.iq
1764786264389,0,monitor_data.iq
1764786264391,0,monitor_data.iq
1764786264393,0,monitor_data.iq
1764786264394,0,monitor_data.iq
1764786264396,0,monitor_data.iq
1764786264398,0,monitor_data.iq
1764786264399,0,monitor_data.iq
1764786264401,0,monitor_data.iq
1764786264402,0,monitor_data.iq
1764786264404,0,monitor_data.iq
1764786264406,0,monitor_data.iq
1764786264408,0,monitor_data.iq
1764786264410,0,monitor_data.iq
1764786264412,0,monitor_data.iq
1764786264413,0,monitor_data.iq
1764786264416,0,monitor_data.iq
1764786264366,0,monitor_data.iq_ref
1764786264368,0,monitor_data.iq_ref
1764786264370,0,monitor_data.iq_ref
1764786264372,0,monitor_data.iq_ref
1764786264374,0,monitor_data.iq_ref
1764786264375,0,monitor_data.iq_ref
1764786264376,0,monitor_data.iq_ref
1764786264378,0,monitor_data.iq_ref
1764786264380,0,monitor_data.iq_ref
1764786264381,0,monitor_data.iq_ref
1764786264382,0,monitor_data.iq_ref
1764786264383,0,monitor_data.iq_ref
1764786264384,0,monitor_data.iq_ref
1764786264386,0,monitor_data.iq_ref
1764786264388,0,monitor_data.iq_ref
1764786264389,0,monitor_data.iq_ref
1764786264391,0,monitor_data.iq_ref
1764786264393,0,monitor_data.iq_ref
1764786264394,0,monitor_data.iq_ref
1764786264396,0,monitor_data.iq_ref
1764786264398,0,monitor_data.iq_ref
1764786264399,0,monitor_data.iq_ref
1764786264401,0,monitor_data.iq_ref
1764786264402,0,monitor_data.iq_ref
1764786264404,0,monitor_data.iq_ref
1764786264406,0,monitor_data.iq_ref
1764786264408,0,monitor_data.iq_ref
1764786264410,0,monitor_data.iq_ref
1764786264412,0,monitor_data.iq_ref
1764786264413,0,monitor_data.iq_ref
1764786264416,0,monitor_data.iq_ref
1764786264417,0,monitor_data.id
1764786264420,0,monitor_data.id
1764786264421,0,monitor_data.id
1764786264423,0,monitor_data.id
1764786264425,0,monitor_data.id
1764786264427,0,monitor_data.id
1764786264428,0,monitor_data.id
1764786264429,0,monitor_data.id
1764786264431,0,monitor_data.id
1764786264433,0,monitor_data.id
1764786264435,0,monitor_data.id
1764786264437,0,monitor_data.id
1764786264439,0,monitor_data.id
1764786264441,0,monitor_data.id
1764786264442,0,monitor_data.id
1764786264444,0,monitor_data.id
1764786264446,0,monitor_data.id
1764786264449,0,monitor_data.id
1764786264451,0,monitor_data.id
1764786264453,0,monitor_data.id
1764786264455,0,monitor_data.id
1764786264456,0,monitor_data.id
1764786264458,0,monitor_data.id
1764786264461,0,monitor_data.id
1764786264463,0,monitor_data.id
1764786264465,0,monitor_data.id
1764786264417,0,monitor_data.id_ref
1764786264420,0,monitor_data.id_ref
1764786264421,0,monitor_data.id_ref
1764786264423,0,monitor_data.id_ref
1764786264425,0,monitor_data.id_ref
1764786264427,0,monitor_data.id_ref
1764786264428,0,monitor_data.id_ref
1764786264429,0,monitor_data.id_ref
1764786264431,0,monitor_data.id_ref
1764786264433,0,monitor_data.id_ref
1764786264435,0,monitor_data.id_ref
1764786264437,0,monitor_data.id_ref
1764786264439,0,monitor_data.id_ref
1764786264441,0,monitor_data.id_ref
1764786264442,0,monitor_data.id_ref
1764786264444,0,monitor_data.id_ref
1764786264446,0,monitor_data.id_ref
1764786264449,0,monitor_data.id_ref
1764786264451,0,monitor_data.id_ref
1764786264453,0,monitor_data.id_ref
1764786264455,0,monitor_data.id_ref
1764786264456,0,monitor_data.id_ref
1764786264458,0,monitor_data.id_ref
1764786264461,0,monitor_data.id_ref
1764786264463,0,monitor_data.id_ref
1764786264465,0,monitor_data.id_ref
1764786264417,0,monitor_data.iq
1764786264420,0,monitor_data.iq
1764786264421,0,monitor_data.iq
1764786264423,0,monitor_data.iq
1764786264425,0,monitor_data.iq
1764786264427,0,monitor_data.iq
1764786264428,0,monitor_data.iq
1764786264429,0,monitor_data.iq
1764786264431,0,monitor_data.iq
1764786264433,0,monitor_data.iq
1764786264435,0,monitor_data.iq
1764786264437,0,monitor_data.iq
1764786264439,0,monitor_data.iq
1764786264441,0,monitor_data.iq
1764786264442,0,monitor_data.iq
1764786264444,0,monitor_data.iq
1764786264446,0,monitor_data.iq
1764786264449,0,monitor_data.iq
1764786264451,0,monitor_data.iq
1764786264453,0,monitor_data.iq
1764786264455,0,monitor_data.iq
1764786264456,0,monitor_data.iq
1764786264458,0,monitor_data.iq
1764786264461,0,monitor_data.iq
1764786264463,0,monitor_data.iq
1764786264465,0,monitor_data.iq
1764786264417,0,monitor_data.iq_ref
1764786264420,0,monitor_data.iq_ref
1764786264421,0,monitor_data.iq_ref
1764786264423,0,monitor_data.iq_ref
1764786264425,0,monitor_data.iq_ref
1764786264427,0,monitor_data.iq_ref
1764786264428,0,monitor_data.iq_ref
1764786264429,0,monitor_data.iq_ref
1764786264431,0,monitor_data.iq_ref
1764786264433,0,monitor_data.iq_ref
1764786264435,0,monitor_data.iq_ref
1764786264437,0,monitor_data.iq_ref
1764786264439,0,monitor_data.iq_ref
1764786264441,0,monitor_data.iq_ref
1764786264442,0,monitor_data.iq_ref
1764786264444,0,monitor_data.iq_ref
1764786264446,0,monitor_data.iq_ref
1764786264449,0,monitor_data.iq_ref
1764786264451,0,monitor_data.iq_ref
1764786264453,0,monitor_data.iq_ref
1764786264455,0,monitor_data.iq_ref
1764786264456,0,monitor_data.iq_ref
1764786264458,0,monitor_data.iq_ref
1764786264461,0,monitor_data.iq_ref
1764786264463,0,monitor_data.iq_ref
1764786264465,0,monitor_data.iq_ref
1764786264466,0,monitor_data.id
1764786264469,0,monitor_data.id
1764786264471,0,monitor_data.id
1764786264474,0,monitor_data.id
1764786264476,0,monitor_data.id
1764786264478,0,monitor_data.id
1764786264480,0,monitor_data.id
1764786264481,0,monitor_data.id
1764786264483,0,monitor_data.id
1764786264484,0,monitor_data.id
1764786264486,0,monitor_data.id
1764786264489,0,monitor_data.id
1764786264490,0,monitor_data.id
1764786264492,0,monitor_data.id
1764786264494,0,monitor_data.id
1764786264496,0,monitor_data.id
1764786264497,0,monitor_data.id
1764786264499,0,monitor_data.id
1764786264501,0,monitor_data.id
1764786264503,0,monitor_data.id
1764786264505,0,monitor_data.id
1764786264507,0,monitor_data.id
1764786264509,0,monitor_data.id
1764786264510,0,monitor_data.id
1764786264512,0,monitor_data.id
1764786264514,0,monitor_data.id
1764786264466,0,monitor_data.id_ref
1764786264469,0,monitor_data.id_ref
1764786264471,0,monitor_data.id_ref
1764786264474,0,monitor_data.id_ref
1764786264476,0,monitor_data.id_ref
1764786264478,0,monitor_data.id_ref
1764786264480,0,monitor_data.id_ref
1764786264481,0,monitor_data.id_ref
1764786264483,0,monitor_data.id_ref
1764786264484,0,monitor_data.id_ref
1764786264486,0,monitor_data.id_ref
1764786264489,0,monitor_data.id_ref
1764786264490,0,monitor_data.id_ref
1764786264492,0,monitor_data.id_ref
1764786264494,0,monitor_data.id_ref
1764786264496,0,monitor_data.id_ref
1764786264497,0,monitor_data.id_ref
1764786264499,0,monitor_data.id_ref
1764786264501,0,monitor_data.id_ref
1764786264503,0,monitor_data.id_ref
1764786264505,0,monitor_data.id_ref
1764786264507,0,monitor_data.id_ref
1764786264509,0,monitor_data.id_ref
1764786264510,0,monitor_data.id_ref
1764786264512,0,monitor_data.id_ref
1764786264514,0,monitor_data.id_ref
1764786264466,0,monitor_data.iq
1764786264469,0,monitor_data.iq
1764786264471,0,monitor_data.iq
1764786264474,0,monitor_data.iq
1764786264476,0,monitor_data.iq
1764786264478,0,monitor_data.iq
1764786264480,0,monitor_data.iq
1764786264481,0,monitor_data.iq
1764786264483,0,monitor_data.iq
1764786264484,0,monitor_data.iq
1764786264486,0,monitor_data.iq
1764786264489,0,monitor_data.iq
1764786264490,0,monitor_data.iq
1764786264492,0,monitor_data.iq
1764786264494,0,monitor_data.iq
1764786264496,0,monitor_data.iq
1764786264497,0,monitor_data.iq
1764786264499,0,monitor_data.iq
1764786264501,0,monitor_data.iq
1764786264503,0,monitor_data.iq
1764786264505,0,monitor_data.iq
1764786264507,0,monitor_data.iq
1764786264509,0,monitor_data.iq
1764786264510,0,monitor_data.iq
1764786264512,0,monitor_data.iq
1764786264514,0,monitor_data.iq
1764786264466,0,monitor_data.iq_ref
1764786264469,0,monitor_data.iq_ref
1764786264471,0,monitor_data.iq_ref
1764786264474,0,monitor_data.iq_ref
1764786264476,0,monitor_data.iq_ref
1764786264478,0,monitor_data.iq_ref
1764786264480,0,monitor_data.iq_ref
1764786264481,0,monitor_data.iq_ref
1764786264483,0,monitor_data.iq_ref
1764786264484,0,monitor_data.iq_ref
1764786264486,0,monitor_data.iq_ref
1764786264489,0,monitor_data.iq_ref
1764786264490,0,monitor_data.iq_ref
1764786264492,0,monitor_data.iq_ref
1764786264494,0,monitor_data.iq_ref
1764786264496,0,monitor_data.iq_ref
1764786264497,0,monitor_data.iq_ref
1764786264499,0,monitor_data.iq_ref
1764786264501,0,monitor_data.iq_ref
1764786264503,0,monitor_data.iq_ref
1764786264505,0,monitor_data.iq_ref
1764786264507,0,monitor_data.iq_ref
1764786264509,0,monitor_data.iq_ref
1764786264510,0,monitor_data.iq_ref
1764786264512,0,monitor_data.iq_ref
1764786264514,0,monitor_data.iq_ref
1764786264515,0,monitor_data.id
1764786264517,0,monitor_data.id
1764786264515,0,monitor_data.id_ref
1764786264517,0,monitor_data.id_ref
1764786264515,0,monitor_data.iq
1764786264517,0,monitor_data.iq
1764786264515,0,monitor_data.iq_ref
1764786264517,0,monitor_data.iq_ref
