timestamp,value,variable
1764786261212,,monitor_data.speed
1764786261212,,monitor_data.speed_ref
1764786261212,0,monitor_data.speed
1764786261216,0,monitor_data.speed
1764786261219,0,monitor_data.speed
1764786261224,0,monitor_data.speed
1764786261228,0,monitor_data.speed
1764786261230,0,monitor_data.speed
1764786261233,0,monitor_data.speed
1764786261236,0,monitor_data.speed
1764786261240,0,monitor_data.speed
1764786261243,0,monitor_data.speed
1764786261245,0,monitor_data.speed
1764786261247,0,monitor_data.speed
1764786261250,0,monitor_data.speed
1764786261252,0,monitor_data.speed
1764786261254,0,monitor_data.speed
1764786261257,0,monitor_data.speed
1764786261259,0,monitor_data.speed
1764786261261,0,monitor_data.speed
1764786261263,0,monitor_data.speed
1764786261265,0,monitor_data.speed
1764786261212,0,monitor_data.speed_ref
1764786261216,0,monitor_data.speed_ref
1764786261219,0,monitor_data.speed_ref
1764786261224,0,monitor_data.speed_ref
1764786261228,0,monitor_data.speed_ref
1764786261230,0,monitor_data.speed_ref
1764786261233,0,monitor_data.speed_ref
1764786261236,0,monitor_data.speed_ref
1764786261240,0,monitor_data.speed_ref
1764786261243,0,monitor_data.speed_ref
1764786261245,0,monitor_data.speed_ref
1764786261247,0,monitor_data.speed_ref
1764786261250,0,monitor_data.speed_ref
1764786261252,0,monitor_data.speed_ref
1764786261254,0,monitor_data.speed_ref
1764786261257,0,monitor_data.speed_ref
1764786261259,0,monitor_data.speed_ref
1764786261261,0,monitor_data.speed_ref
1764786261263,0,monitor_data.speed_ref
1764786261265,0,monitor_data.speed_ref
1764786261268,0,monitor_data.speed
1764786261271,0,monitor_data.speed
1764786261275,0,monitor_data.speed
1764786261277,0,monitor_data.speed
1764786261280,0,monitor_data.speed
1764786261284,0,monitor_data.speed
1764786261285,0,monitor_data.speed
1764786261288,0,monitor_data.speed
1764786261291,0,monitor_data.speed
1764786261294,0,monitor_data.speed
1764786261297,0,monitor_data.speed
1764786261300,0,monitor_data.speed
1764786261302,0,monitor_data.speed
1764786261305,0,monitor_data.speed
1764786261308,0,monitor_data.speed
1764786261310,0,monitor_data.speed
1764786261312,0,monitor_data.speed
1764786261314,0,monitor_data.speed
1764786261316,0,monitor_data.speed
1764786261268,0,monitor_data.speed_ref
1764786261271,0,monitor_data.speed_ref
1764786261275,0,monitor_data.speed_ref
1764786261277,0,monitor_data.speed_ref
1764786261280,0,monitor_data.speed_ref
1764786261284,0,monitor_data.speed_ref
1764786261285,0,monitor_data.speed_ref
1764786261288,0,monitor_data.speed_ref
1764786261291,0,monitor_data.speed_ref
1764786261294,0,monitor_data.speed_ref
1764786261297,0,monitor_data.speed_ref
1764786261300,0,monitor_data.speed_ref
1764786261302,0,monitor_data.speed_ref
1764786261305,0,monitor_data.speed_ref
1764786261308,0,monitor_data.speed_ref
1764786261310,0,monitor_data.speed_ref
1764786261312,0,monitor_data.speed_ref
1764786261314,0,monitor_data.speed_ref
1764786261316,0,monitor_data.speed_ref
1764786261318,0,monitor_data.speed
1764786261320,0,monitor_data.speed
1764786261323,0,monitor_data.speed
1764786261325,0,monitor_data.speed
1764786261327,0,monitor_data.speed
1764786261331,0,monitor_data.speed
1764786261333,0,monitor_data.speed
1764786261335,0,monitor_data.speed
1764786261337,0,monitor_data.speed
1764786261340,0,monitor_data.speed
1764786261343,0,monitor_data.speed
1764786261345,0,monitor_data.speed
1764786261348,0,monitor_data.speed
1764786261350,0,monitor_data.speed
1764786261352,0,monitor_data.speed
1764786261354,0,monitor_data.speed
1764786261357,0,monitor_data.speed
1764786261360,0,monitor_data.speed
1764786261362,0,monitor_data.speed
1764786261365,0,monitor_data.speed
1764786261318,0,monitor_data.speed_ref
1764786261320,0,monitor_data.speed_ref
1764786261323,0,monitor_data.speed_ref
1764786261325,0,monitor_data.speed_ref
1764786261327,0,monitor_data.speed_ref
1764786261331,0,monitor_data.speed_ref
1764786261333,0,monitor_data.speed_ref
1764786261335,0,monitor_data.speed_ref
1764786261337,0,monitor_data.speed_ref
1764786261340,0,monitor_data.speed_ref
1764786261343,0,monitor_data.speed_ref
1764786261345,0,monitor_data.speed_ref
1764786261348,0,monitor_data.speed_ref
1764786261350,0,monitor_data.speed_ref
1764786261352,0,monitor_data.speed_ref
1764786261354,0,monitor_data.speed_ref
1764786261357,0,monitor_data.speed_ref
1764786261360,0,monitor_data.speed_ref
1764786261362,0,monitor_data.speed_ref
1764786261365,0,monitor_data.speed_ref
1764786261367,0,monitor_data.speed
1764786261369,0,monitor_data.speed
1764786261372,0,monitor_data.speed
1764786261375,0,monitor_data.speed
1764786261377,0,monitor_data.speed
1764786261379,0,monitor_data.speed
1764786261381,0,monitor_data.speed
1764786261384,0,monitor_data.speed
1764786261386,0,monitor_data.speed
1764786261389,0,monitor_data.speed
1764786261392,0,monitor_data.speed
1764786261394,0,monitor_data.speed
1764786261397,0,monitor_data.speed
1764786261399,0,monitor_data.speed
1764786261402,0,monitor_data.speed
1764786261404,0,monitor_data.speed
1764786261407,0,monitor_data.speed
1764786261409,0,monitor_data.speed
1764786261412,0,monitor_data.speed
1764786261414,0,monitor_data.speed
1764786261417,0,monitor_data.speed
1764786261419,0,monitor_data.speed
1764786261367,0,monitor_data.speed_ref
1764786261369,0,monitor_data.speed_ref
1764786261372,0,monitor_data.speed_ref
1764786261375,0,monitor_data.speed_ref
1764786261377,0,monitor_data.speed_ref
1764786261379,0,monitor_data.speed_ref
1764786261381,0,monitor_data.speed_ref
1764786261384,0,monitor_data.speed_ref
1764786261386,0,monitor_data.speed_ref
1764786261389,0,monitor_data.speed_ref
1764786261392,0,monitor_data.speed_ref
1764786261394,0,monitor_data.speed_ref
1764786261397,0,monitor_data.speed_ref
1764786261399,0,monitor_data.speed_ref
1764786261402,0,monitor_data.speed_ref
1764786261404,0,monitor_data.speed_ref
1764786261407,0,monitor_data.speed_ref
1764786261409,0,monitor_data.speed_ref
1764786261412,0,monitor_data.speed_ref
1764786261414,0,monitor_data.speed_ref
1764786261417,0,monitor_data.speed_ref
1764786261419,0,monitor_data.speed_ref
1764786261421,0,monitor_data.speed
1764786261423,0,monitor_data.speed
1764786261426,0,monitor_data.speed
1764786261428,0,monitor_data.speed
1764786261430,0,monitor_data.speed
1764786261433,0,monitor_data.speed
1764786261435,0,monitor_data.speed
1764786261437,0,monitor_data.speed
1764786261439,0,monitor_data.speed
1764786261442,0,monitor_data.speed
1764786261444,0,monitor_data.speed
1764786261447,0,monitor_data.speed
1764786261450,0,monitor_data.speed
1764786261452,0,monitor_data.speed
1764786261455,0,monitor_data.speed
1764786261458,0,monitor_data.speed
1764786261460,0,monitor_data.speed
1764786261462,0,monitor_data.speed
1764786261464,0,monitor_data.speed
1764786261466,0,monitor_data.speed
1764786261468,0,monitor_data.speed
1764786261471,0,monitor_data.speed
1764786261421,0,monitor_data.speed_ref
1764786261423,0,monitor_data.speed_ref
1764786261426,0,monitor_data.speed_ref
1764786261428,0,monitor_data.speed_ref
1764786261430,0,monitor_data.speed_ref
1764786261433,0,monitor_data.speed_ref
1764786261435,0,monitor_data.speed_ref
1764786261437,0,monitor_data.speed_ref
1764786261439,0,monitor_data.speed_ref
1764786261442,0,monitor_data.speed_ref
1764786261444,0,monitor_data.speed_ref
1764786261447,0,monitor_data.speed_ref
1764786261450,0,monitor_data.speed_ref
1764786261452,0,monitor_data.speed_ref
1764786261455,0,monitor_data.speed_ref
1764786261458,0,monitor_data.speed_ref
1764786261460,0,monitor_data.speed_ref
1764786261462,0,monitor_data.speed_ref
1764786261464,0,monitor_data.speed_ref
1764786261466,0,monitor_data.speed_ref
1764786261468,0,monitor_data.speed_ref
1764786261471,0,monitor_data.speed_ref
1764786261473,0,monitor_data.speed
1764786261475,0,monitor_data.speed
1764786261477,0,monitor_data.speed
1764786261479,0,monitor_data.speed
1764786261481,0,monitor_data.speed
1764786261484,0,monitor_data.speed
1764786261486,0,monitor_data.speed
1764786261488,0,monitor_data.speed
1764786261490,0,monitor_data.speed
1764786261492,0,monitor_data.speed
1764786261494,0,monitor_data.speed
1764786261496,0,monitor_data.speed
1764786261498,0,monitor_data.speed
1764786261502,0,monitor_data.speed
1764786261505,0,monitor_data.speed
1764786261507,0,monitor_data.speed
1764786261509,0,monitor_data.speed
1764786261511,0,monitor_data.speed
1764786261514,0,monitor_data.speed
1764786261516,0,monitor_data.speed
1764786261517,0,monitor_data.speed
1764786261519,0,monitor_data.speed
1764786261522,0,monitor_data.speed
1764786261524,0,monitor_data.speed
1764786261473,0,monitor_data.speed_ref
1764786261475,0,monitor_data.speed_ref
1764786261477,0,monitor_data.speed_ref
1764786261479,0,monitor_data.speed_ref
1764786261481,0,monitor_data.speed_ref
1764786261484,0,monitor_data.speed_ref
1764786261486,0,monitor_data.speed_ref
1764786261488,0,monitor_data.speed_ref
1764786261490,0,monitor_data.speed_ref
1764786261492,0,monitor_data.speed_ref
1764786261494,0,monitor_data.speed_ref
1764786261496,0,monitor_data.speed_ref
1764786261498,0,monitor_data.speed_ref
1764786261502,0,monitor_data.speed_ref
1764786261505,0,monitor_data.speed_ref
1764786261507,0,monitor_data.speed_ref
1764786261509,0,monitor_data.speed_ref
1764786261511,0,monitor_data.speed_ref
1764786261514,0,monitor_data.speed_ref
1764786261516,0,monitor_data.speed_ref
1764786261517,0,monitor_data.speed_ref
1764786261519,0,monitor_data.speed_ref
1764786261522,0,monitor_data.speed_ref
1764786261524,0,monitor_data.speed_ref
1764786261526,0,monitor_data.speed
1764786261528,0,monitor_data.speed
1764786261530,0,monitor_data.speed
1764786261532,0,monitor_data.speed
1764786261534,0,monitor_data.speed
1764786261536,0,monitor_data.speed
1764786261540,0,monitor_data.speed
1764786261542,0,monitor_data.speed
1764786261545,0,monitor_data.speed
1764786261547,0,monitor_data.speed
1764786261549,0,monitor_data.speed
1764786261551,0,monitor_data.speed
1764786261553,0,monitor_data.speed
1764786261555,0,monitor_data.speed
1764786261558,0,monitor_data.speed
1764786261560,0,monitor_data.speed
1764786261562,0,monitor_data.speed
1764786261563,0,monitor_data.speed
1764786261565,0,monitor_data.speed
1764786261567,0,monitor_data.speed
1764786261569,0,monitor_data.speed
1764786261571,0,monitor_data.speed
1764786261574,0,monitor_data.speed
1764786261576,0,monitor_data.speed
1764786261578,0,monitor_data.speed
1764786261580,0,monitor_data.speed
1764786261581,0,monitor_data.speed
1764786261583,0,monitor_data.speed
1764786261526,0,monitor_data.speed_ref
1764786261528,0,monitor_data.speed_ref
1764786261530,0,monitor_data.speed_ref
1764786261532,0,monitor_data.speed_ref
1764786261534,0,monitor_data.speed_ref
1764786261536,0,monitor_data.speed_ref
1764786261540,0,monitor_data.speed_ref
1764786261542,0,monitor_data.speed_ref
1764786261545,0,monitor_data.speed_ref
1764786261547,0,monitor_data.speed_ref
1764786261549,0,monitor_data.speed_ref
1764786261551,0,monitor_data.speed_ref
1764786261553,0,monitor_data.speed_ref
1764786261555,0,monitor_data.speed_ref
1764786261558,0,monitor_data.speed_ref
1764786261560,0,monitor_data.speed_ref
1764786261562,0,monitor_data.speed_ref
1764786261563,0,monitor_data.speed_ref
1764786261565,0,monitor_data.speed_ref
1764786261567,0,monitor_data.speed_ref
1764786261569,0,monitor_data.speed_ref
1764786261571,0,monitor_data.speed_ref
1764786261574,0,monitor_data.speed_ref
1764786261576,0,monitor_data.speed_ref
1764786261578,0,monitor_data.speed_ref
1764786261580,0,monitor_data.speed_ref
1764786261581,0,monitor_data.speed_ref
1764786261583,0,monitor_data.speed_ref
1764786261585,0,monitor_data.speed
1764786261588,0,monitor_data.speed
1764786261590,0,monitor_data.speed
1764786261592,0,monitor_data.speed
1764786261594,0,monitor_data.speed
1764786261595,0,monitor_data.speed
1764786261596,0,monitor_data.speed
1764786261597,0,monitor_data.speed
1764786261599,0,monitor_data.speed
1764786261601,0,monitor_data.speed
1764786261603,0,monitor_data.speed
1764786261605,0,monitor_data.speed
1764786261607,0,monitor_data.speed
1764786261610,0,monitor_data.speed
1764786261612,0,monitor_data.speed
1764786261614,0,monitor_data.speed
1764786261616,0,monitor_data.speed
1764786261618,0,monitor_data.speed
1764786261620,0,monitor_data.speed
1764786261623,0,monitor_data.speed
1764786261625,0,monitor_data.speed
1764786261628,0,monitor_data.speed
1764786261630,0,monitor_data.speed
1764786261633,0,monitor_data.speed
1764786261635,0,monitor_data.speed
1764786261638,0,monitor_data.speed
1764786261585,0,monitor_data.speed_ref
1764786261588,0,monitor_data.speed_ref
1764786261590,0,monitor_data.speed_ref
1764786261592,0,monitor_data.speed_ref
1764786261594,0,monitor_data.speed_ref
1764786261595,0,monitor_data.speed_ref
1764786261596,0,monitor_data.speed_ref
1764786261597,0,monitor_data.speed_ref
1764786261599,0,monitor_data.speed_ref
1764786261601,0,monitor_data.speed_ref
1764786261603,0,monitor_data.speed_ref
1764786261605,0,monitor_data.speed_ref
1764786261607,0,monitor_data.speed_ref
1764786261610,0,monitor_data.speed_ref
1764786261612,0,monitor_data.speed_ref
1764786261614,0,monitor_data.speed_ref
1764786261616,0,monitor_data.speed_ref
1764786261618,0,monitor_data.speed_ref
1764786261620,0,monitor_data.speed_ref
1764786261623,0,monitor_data.speed_ref
1764786261625,0,monitor_data.speed_ref
1764786261628,0,monitor_data.speed_ref
1764786261630,0,monitor_data.speed_ref
1764786261633,0,monitor_data.speed_ref
1764786261635,0,monitor_data.speed_ref
1764786261638,0,monitor_data.speed_ref
1764786261640,0,monitor_data.speed
1764786261642,0,monitor_data.speed
1764786261643,0,monitor_data.speed
1764786261644,0,monitor_data.speed
1764786261646,0,monitor_data.speed
1764786261648,0,monitor_data.speed
1764786261651,0,monitor_data.speed
1764786261652,0,monitor_data.speed
1764786261654,0,monitor_data.speed
1764786261657,0,monitor_data.speed
1764786261659,0,monitor_data.speed
1764786261661,0,monitor_data.speed
1764786261664,0,monitor_data.speed
1764786261666,0,monitor_data.speed
1764786261667,0,monitor_data.speed
1764786261669,0,monitor_data.speed
1764786261671,0,monitor_data.speed
1764786261673,0,monitor_data.speed
1764786261675,0,monitor_data.speed
1764786261677,0,monitor_data.speed
1764786261679,0,monitor_data.speed
1764786261681,0,monitor_data.speed
1764786261683,0,monitor_data.speed
1764786261685,0,monitor_data.speed
1764786261686,0,monitor_data.speed
1764786261640,0,monitor_data.speed_ref
1764786261642,0,monitor_data.speed_ref
1764786261643,0,monitor_data.speed_ref
1764786261644,0,monitor_data.speed_ref
1764786261646,0,monitor_data.speed_ref
1764786261648,0,monitor_data.speed_ref
1764786261651,0,monitor_data.speed_ref
1764786261652,0,monitor_data.speed_ref
1764786261654,0,monitor_data.speed_ref
1764786261657,0,monitor_data.speed_ref
1764786261659,0,monitor_data.speed_ref
1764786261661,0,monitor_data.speed_ref
1764786261664,0,monitor_data.speed_ref
1764786261666,0,monitor_data.speed_ref
1764786261667,0,monitor_data.speed_ref
1764786261669,0,monitor_data.speed_ref
1764786261671,0,monitor_data.speed_ref
1764786261673,0,monitor_data.speed_ref
1764786261675,0,monitor_data.speed_ref
1764786261677,0,monitor_data.speed_ref
1764786261679,0,monitor_data.speed_ref
1764786261681,0,monitor_data.speed_ref
1764786261683,0,monitor_data.speed_ref
1764786261685,0,monitor_data.speed_ref
1764786261686,0,monitor_data.speed_ref
1764786261689,0,monitor_data.speed
1764786261691,0,monitor_data.speed
1764786261693,0,monitor_data.speed
1764786261694,0,monitor_data.speed
1764786261696,0,monitor_data.speed
1764786261697,0,monitor_data.speed
1764786261699,0,monitor_data.speed
1764786261701,0,monitor_data.speed
1764786261703,0,monitor_data.speed
1764786261704,0,monitor_data.speed
1764786261707,0,monitor_data.speed
1764786261708,0,monitor_data.speed
1764786261710,0,monitor_data.speed
1764786261712,0,monitor_data.speed
1764786261713,0,monitor_data.speed
1764786261716,0,monitor_data.speed
1764786261717,0,monitor_data.speed
1764786261718,0,monitor_data.speed
1764786261720,0,monitor_data.speed
1764786261722,0,monitor_data.speed
1764786261724,0,monitor_data.speed
1764786261726,0,monitor_data.speed
1764786261728,0,monitor_data.speed
1764786261730,0,monitor_data.speed
1764786261732,0,monitor_data.speed
1764786261734,0,monitor_data.speed
1764786261736,0,monitor_data.speed
1764786261740,0,monitor_data.speed
1764786261742,0,monitor_data.speed
1764786261744,0,monitor_data.speed
1764786261689,0,monitor_data.speed_ref
1764786261691,0,monitor_data.speed_ref
1764786261693,0,monitor_data.speed_ref
1764786261694,0,monitor_data.speed_ref
1764786261696,0,monitor_data.speed_ref
1764786261697,0,monitor_data.speed_ref
1764786261699,0,monitor_data.speed_ref
1764786261701,0,monitor_data.speed_ref
1764786261703,0,monitor_data.speed_ref
1764786261704,0,monitor_data.speed_ref
1764786261707,0,monitor_data.speed_ref
1764786261708,0,monitor_data.speed_ref
1764786261710,0,monitor_data.speed_ref
1764786261712,0,monitor_data.speed_ref
1764786261713,0,monitor_data.speed_ref
1764786261716,0,monitor_data.speed_ref
1764786261717,0,monitor_data.speed_ref
1764786261718,0,monitor_data.speed_ref
1764786261720,0,monitor_data.speed_ref
1764786261722,0,monitor_data.speed_ref
1764786261724,0,monitor_data.speed_ref
1764786261726,0,monitor_data.speed_ref
1764786261728,0,monitor_data.speed_ref
1764786261730,0,monitor_data.speed_ref
1764786261732,0,monitor_data.speed_ref
1764786261734,0,monitor_data.speed_ref
1764786261736,0,monitor_data.speed_ref
1764786261740,0,monitor_data.speed_ref
1764786261742,0,monitor_data.speed_ref
1764786261744,0,monitor_data.speed_ref
1764786261746,0,monitor_data.speed
1764786261747,0,monitor_data.speed
1764786261749,0,monitor_data.speed
1764786261750,0,monitor_data.speed
1764786261752,0,monitor_data.speed
1764786261754,0,monitor_data.speed
1764786261756,0,monitor_data.speed
1764786261757,0,monitor_data.speed
1764786261759,0,monitor_data.speed
1764786261761,0,monitor_data.speed
1764786261762,0,monitor_data.speed
1764786261764,0,monitor_data.speed
1764786261766,0,monitor_data.speed
1764786261768,0,monitor_data.speed
1764786261770,0,monitor_data.speed
1764786261772,0,monitor_data.speed
1764786261774,0,monitor_data.speed
1764786261776,0,monitor_data.speed
1764786261778,0,monitor_data.speed
1764786261780,0,monitor_data.speed
1764786261782,0,monitor_data.speed
1764786261784,0,monitor_data.speed
1764786261786,0,monitor_data.speed
1764786261788,0,monitor_data.speed
1764786261790,0,monitor_data.speed
1764786261792,0,monitor_data.speed
1764786261746,0,monitor_data.speed_ref
1764786261747,0,monitor_data.speed_ref
1764786261749,0,monitor_data.speed_ref
1764786261750,0,monitor_data.speed_ref
1764786261752,0,monitor_data.speed_ref
1764786261754,0,monitor_data.speed_ref
1764786261756,0,monitor_data.speed_ref
1764786261757,0,monitor_data.speed_ref
1764786261759,0,monitor_data.speed_ref
1764786261761,0,monitor_data.speed_ref
1764786261762,0,monitor_data.speed_ref
1764786261764,0,monitor_data.speed_ref
1764786261766,0,monitor_data.speed_ref
1764786261768,0,monitor_data.speed_ref
1764786261770,0,monitor_data.speed_ref
1764786261772,0,monitor_data.speed_ref
1764786261774,0,monitor_data.speed_ref
1764786261776,0,monitor_data.speed_ref
1764786261778,0,monitor_data.speed_ref
1764786261780,0,monitor_data.speed_ref
1764786261782,0,monitor_data.speed_ref
1764786261784,0,monitor_data.speed_ref
1764786261786,0,monitor_data.speed_ref
1764786261788,0,monitor_data.speed_ref
1764786261790,0,monitor_data.speed_ref
1764786261792,0,monitor_data.speed_ref
1764786261793,0,monitor_data.speed
1764786261795,0,monitor_data.speed
1764786261798,0,monitor_data.speed
1764786261799,0,monitor_data.speed
1764786261801,0,monitor_data.speed
1764786261802,0,monitor_data.speed
1764786261804,0,monitor_data.speed
1764786261806,0,monitor_data.speed
1764786261808,0,monitor_data.speed
1764786261810,0,monitor_data.speed
1764786261812,0,monitor_data.speed
1764786261813,0,monitor_data.speed
1764786261815,0,monitor_data.speed
1764786261818,0,monitor_data.speed
1764786261821,0,monitor_data.speed
1764786261823,0,monitor_data.speed
1764786261825,0,monitor_data.speed
1764786261826,0,monitor_data.speed
1764786261827,0,monitor_data.speed
1764786261829,0,monitor_data.speed
1764786261830,0,monitor_data.speed
1764786261833,0,monitor_data.speed
1764786261834,0,monitor_data.speed
1764786261836,0,monitor_data.speed
1764786261837,0,monitor_data.speed
1764786261839,0,monitor_data.speed
1764786261841,0,monitor_data.speed
1764786261842,0,monitor_data.speed
1764786261844,0,monitor_data.speed
1764786261793,0,monitor_data.speed_ref
1764786261795,0,monitor_data.speed_ref
1764786261798,0,monitor_data.speed_ref
1764786261799,0,monitor_data.speed_ref
1764786261801,0,monitor_data.speed_ref
1764786261802,0,monitor_data.speed_ref
1764786261804,0,monitor_data.speed_ref
1764786261806,0,monitor_data.speed_ref
1764786261808,0,monitor_data.speed_ref
1764786261810,0,monitor_data.speed_ref
1764786261812,0,monitor_data.speed_ref
1764786261813,0,monitor_data.speed_ref
1764786261815,0,monitor_data.speed_ref
1764786261818,0,monitor_data.speed_ref
1764786261821,0,monitor_data.speed_ref
1764786261823,0,monitor_data.speed_ref
1764786261825,0,monitor_data.speed_ref
1764786261826,0,monitor_data.speed_ref
1764786261827,0,monitor_data.speed_ref
1764786261829,0,monitor_data.speed_ref
1764786261830,0,monitor_data.speed_ref
1764786261833,0,monitor_data.speed_ref
1764786261834,0,monitor_data.speed_ref
1764786261836,0,monitor_data.speed_ref
1764786261837,0,monitor_data.speed_ref
1764786261839,0,monitor_data.speed_ref
1764786261841,0,monitor_data.speed_ref
1764786261842,0,monitor_data.speed_ref
1764786261844,0,monitor_data.speed_ref
1764786261846,0,monitor_data.speed
1764786261848,0,monitor_data.speed
1764786261849,0,monitor_data.speed
1764786261850,0,monitor_data.speed
1764786261852,0,monitor_data.speed
1764786261854,0,monitor_data.speed
1764786261856,0,monitor_data.speed
1764786261859,0,monitor_data.speed
1764786261860,0,monitor_data.speed
1764786261862,0,monitor_data.speed
1764786261864,0,monitor_data.speed
1764786261866,0,monitor_data.speed
1764786261868,0,monitor_data.speed
1764786261870,0,monitor_data.speed
1764786261872,0,monitor_data.speed
1764786261874,0,monitor_data.speed
1764786261876,0,monitor_data.speed
1764786261878,0,monitor_data.speed
1764786261880,0,monitor_data.speed
1764786261881,0,monitor_data.speed
1764786261882,0,monitor_data.speed
1764786261884,0,monitor_data.speed
1764786261885,0,monitor_data.speed
1764786261887,0,monitor_data.speed
1764786261889,0,monitor_data.speed
1764786261891,0,monitor_data.speed
1764786261893,0,monitor_data.speed
1764786261895,0,monitor_data.speed
1764786261897,0,monitor_data.speed
1764786261846,0,monitor_data.speed_ref
1764786261848,0,monitor_data.speed_ref
1764786261849,0,monitor_data.speed_ref
1764786261850,0,monitor_data.speed_ref
1764786261852,0,monitor_data.speed_ref
1764786261854,0,monitor_data.speed_ref
1764786261856,0,monitor_data.speed_ref
1764786261859,0,monitor_data.speed_ref
1764786261860,0,monitor_data.speed_ref
1764786261862,0,monitor_data.speed_ref
1764786261864,0,monitor_data.speed_ref
1764786261866,0,monitor_data.speed_ref
1764786261868,0,monitor_data.speed_ref
1764786261870,0,monitor_data.speed_ref
1764786261872,0,monitor_data.speed_ref
1764786261874,0,monitor_data.speed_ref
1764786261876,0,monitor_data.speed_ref
1764786261878,0,monitor_data.speed_ref
1764786261880,0,monitor_data.speed_ref
1764786261881,0,monitor_data.speed_ref
1764786261882,0,monitor_data.speed_ref
1764786261884,0,monitor_data.speed_ref
1764786261885,0,monitor_data.speed_ref
1764786261887,0,monitor_data.speed_ref
1764786261889,0,monitor_data.speed_ref
1764786261891,0,monitor_data.speed_ref
1764786261893,0,monitor_data.speed_ref
1764786261895,0,monitor_data.speed_ref
1764786261897,0,monitor_data.speed_ref
1764786261898,0,monitor_data.speed
1764786261900,0,monitor_data.speed
1764786261901,0,monitor_data.speed
1764786261902,0,monitor_data.speed
1764786261904,0,monitor_data.speed
1764786261906,0,monitor_data.speed
1764786261908,0,monitor_data.speed
1764786261910,0,monitor_data.speed
1764786261911,0,monitor_data.speed
1764786261914,0,monitor_data.speed
1764786261915,0,monitor_data.speed
1764786261917,0,monitor_data.speed
1764786261919,0,monitor_data.speed
1764786261921,0,monitor_data.speed
1764786261923,0,monitor_data.speed
1764786261926,0,monitor_data.speed
1764786261927,0,monitor_data.speed
1764786261929,0,monitor_data.speed
1764786261931,0,monitor_data.speed
1764786261933,0,monitor_data.speed
1764786261935,0,monitor_data.speed
1764786261937,0,monitor_data.speed
1764786261939,0,monitor_data.speed
1764786261941,0,monitor_data.speed
1764786261943,0,monitor_data.speed
1764786261945,0,monitor_data.speed
1764786261947,0,monitor_data.speed
1764786261898,0,monitor_data.speed_ref
1764786261900,0,monitor_data.speed_ref
1764786261901,0,monitor_data.speed_ref
1764786261902,0,monitor_data.speed_ref
1764786261904,0,monitor_data.speed_ref
1764786261906,0,monitor_data.speed_ref
1764786261908,0,monitor_data.speed_ref
1764786261910,0,monitor_data.speed_ref
1764786261911,0,monitor_data.speed_ref
1764786261914,0,monitor_data.speed_ref
1764786261915,0,monitor_data.speed_ref
1764786261917,0,monitor_data.speed_ref
1764786261919,0,monitor_data.speed_ref
1764786261921,0,monitor_data.speed_ref
1764786261923,0,monitor_data.speed_ref
1764786261926,0,monitor_data.speed_ref
1764786261927,0,monitor_data.speed_ref
1764786261929,0,monitor_data.speed_ref
1764786261931,0,monitor_data.speed_ref
1764786261933,0,monitor_data.speed_ref
1764786261935,0,monitor_data.speed_ref
1764786261937,0,monitor_data.speed_ref
1764786261939,0,monitor_data.speed_ref
1764786261941,0,monitor_data.speed_ref
1764786261943,0,monitor_data.speed_ref
1764786261945,0,monitor_data.speed_ref
1764786261947,0,monitor_data.speed_ref
1764786261949,0,monitor_data.speed
1764786261950,0,monitor_data.speed
1764786261952,0,monitor_data.speed
1764786261954,0,monitor_data.speed
1764786261957,0,monitor_data.speed
1764786261959,0,monitor_data.speed
1764786261961,0,monitor_data.speed
1764786261963,0,monitor_data.speed
1764786261964,0,monitor_data.speed
1764786261966,0,monitor_data.speed
1764786261968,0,monitor_data.speed
1764786261970,0,monitor_data.speed
1764786261971,0,monitor_data.speed
1764786261973,0,monitor_data.speed
1764786261975,0,monitor_data.speed
1764786261977,0,monitor_data.speed
1764786261980,0,monitor_data.speed
1764786261982,0,monitor_data.speed
1764786261983,0,monitor_data.speed
1764786261985,0,monitor_data.speed
1764786261986,0,monitor_data.speed
1764786261988,0,monitor_data.speed
1764786261990,0,monitor_data.speed
1764786261992,0,monitor_data.speed
1764786261993,0,monitor_data.speed
1764786261995,0,monitor_data.speed
1764786261997,0,monitor_data.speed
1764786261998,0,monitor_data.speed
1764786261999,0,monitor_data.speed
1764786262001,0,monitor_data.speed
1764786262003,0,monitor_data.speed
1764786261949,0,monitor_data.speed_ref
1764786261950,0,monitor_data.speed_ref
1764786261952,0,monitor_data.speed_ref
1764786261954,0,monitor_data.speed_ref
1764786261957,0,monitor_data.speed_ref
1764786261959,0,monitor_data.speed_ref
1764786261961,0,monitor_data.speed_ref
1764786261963,0,monitor_data.speed_ref
1764786261964,0,monitor_data.speed_ref
1764786261966,0,monitor_data.speed_ref
1764786261968,0,monitor_data.speed_ref
1764786261970,0,monitor_data.speed_ref
1764786261971,0,monitor_data.speed_ref
1764786261973,0,monitor_data.speed_ref
1764786261975,0,monitor_data.speed_ref
1764786261977,0,monitor_data.speed_ref
1764786261980,0,monitor_data.speed_ref
1764786261982,0,monitor_data.speed_ref
1764786261983,0,monitor_data.speed_ref
1764786261985,0,monitor_data.speed_ref
1764786261986,0,monitor_data.speed_ref
1764786261988,0,monitor_data.speed_ref
1764786261990,0,monitor_data.speed_ref
1764786261992,0,monitor_data.speed_ref
1764786261993,0,monitor_data.speed_ref
1764786261995,0,monitor_data.speed_ref
1764786261997,0,monitor_data.speed_ref
1764786261998,0,monitor_data.speed_ref
1764786261999,0,monitor_data.speed_ref
1764786262001,0,monitor_data.speed_ref
1764786262003,0,monitor_data.speed_ref
1764786262004,0,monitor_data.speed
1764786262006,0,monitor_data.speed
1764786262008,0,monitor_data.speed
1764786262009,0,monitor_data.speed
1764786262010,0,monitor_data.speed
1764786262012,0,monitor_data.speed
1764786262014,0,monitor_data.speed
1764786262016,0,monitor_data.speed
1764786262017,0,monitor_data.speed
1764786262019,0,monitor_data.speed
1764786262021,0,monitor_data.speed
1764786262023,0,monitor_data.speed
1764786262024,0,monitor_data.speed
1764786262026,0,monitor_data.speed
1764786262028,0,monitor_data.speed
1764786262030,0,monitor_data.speed
1764786262032,0,monitor_data.speed
1764786262034,0,monitor_data.speed
1764786262035,0,monitor_data.speed
1764786262037,0,monitor_data.speed
1764786262039,0,monitor_data.speed
1764786262041,0,monitor_data.speed
1764786262043,0,monitor_data.speed
1764786262044,0,monitor_data.speed
1764786262046,0,monitor_data.speed
1764786262048,0,monitor_data.speed
1764786262004,0,monitor_data.speed_ref
1764786262006,0,monitor_data.speed_ref
1764786262008,0,monitor_data.speed_ref
1764786262009,0,monitor_data.speed_ref
1764786262010,0,monitor_data.speed_ref
1764786262012,0,monitor_data.speed_ref
1764786262014,0,monitor_data.speed_ref
1764786262016,0,monitor_data.speed_ref
1764786262017,0,monitor_data.speed_ref
1764786262019,0,monitor_data.speed_ref
1764786262021,0,monitor_data.speed_ref
1764786262023,0,monitor_data.speed_ref
1764786262024,0,monitor_data.speed_ref
1764786262026,0,monitor_data.speed_ref
1764786262028,0,monitor_data.speed_ref
1764786262030,0,monitor_data.speed_ref
1764786262032,0,monitor_data.speed_ref
1764786262034,0,monitor_data.speed_ref
1764786262035,0,monitor_data.speed_ref
1764786262037,0,monitor_data.speed_ref
1764786262039,0,monitor_data.speed_ref
1764786262041,0,monitor_data.speed_ref
1764786262043,0,monitor_data.speed_ref
1764786262044,0,monitor_data.speed_ref
1764786262046,0,monitor_data.speed_ref
1764786262048,0,monitor_data.speed_ref
1764786262049,0,monitor_data.speed
1764786262051,0,monitor_data.speed
1764786262053,0,monitor_data.speed
1764786262055,0,monitor_data.speed
1764786262057,0,monitor_data.speed
1764786262059,0,monitor_data.speed
1764786262061,0,monitor_data.speed
1764786262063,0,monitor_data.speed
1764786262064,0,monitor_data.speed
1764786262066,0,monitor_data.speed
1764786262068,0,monitor_data.speed
1764786262069,0,monitor_data.speed
1764786262071,0,monitor_data.speed
1764786262073,0,monitor_data.speed
1764786262075,0,monitor_data.speed
1764786262077,0,monitor_data.speed
1764786262079,0,monitor_data.speed
1764786262080,0,monitor_data.speed
1764786262082,0,monitor_data.speed
1764786262083,0,monitor_data.speed
1764786262085,0,monitor_data.speed
1764786262087,0,monitor_data.speed
1764786262089,0,monitor_data.speed
1764786262090,0,monitor_data.speed
1764786262092,0,monitor_data.speed
1764786262094,0,monitor_data.speed
1764786262096,0,monitor_data.speed
1764786262049,0,monitor_data.speed_ref
1764786262051,0,monitor_data.speed_ref
1764786262053,0,monitor_data.speed_ref
1764786262055,0,monitor_data.speed_ref
1764786262057,0,monitor_data.speed_ref
1764786262059,0,monitor_data.speed_ref
1764786262061,0,monitor_data.speed_ref
1764786262063,0,monitor_data.speed_ref
1764786262064,0,monitor_data.speed_ref
1764786262066,0,monitor_data.speed_ref
1764786262068,0,monitor_data.speed_ref
1764786262069,0,monitor_data.speed_ref
1764786262071,0,monitor_data.speed_ref
1764786262073,0,monitor_data.speed_ref
1764786262075,0,monitor_data.speed_ref
1764786262077,0,monitor_data.speed_ref
1764786262079,0,monitor_data.speed_ref
1764786262080,0,monitor_data.speed_ref
1764786262082,0,monitor_data.speed_ref
1764786262083,0,monitor_data.speed_ref
1764786262085,0,monitor_data.speed_ref
1764786262087,0,monitor_data.speed_ref
1764786262089,0,monitor_data.speed_ref
1764786262090,0,monitor_data.speed_ref
1764786262092,0,monitor_data.speed_ref
1764786262094,0,monitor_data.speed_ref
1764786262096,0,monitor_data.speed_ref
1764786262098,0,monitor_data.speed
1764786262099,0,monitor_data.speed
1764786262100,0,monitor_data.speed
1764786262101,0,monitor_data.speed
1764786262103,0,monitor_data.speed
1764786262104,0,monitor_data.speed
1764786262105,0,monitor_data.speed
1764786262107,0,monitor_data.speed
1764786262109,0,monitor_data.speed
1764786262111,0,monitor_data.speed
1764786262112,0,monitor_data.speed
1764786262114,0,monitor_data.speed
1764786262116,0,monitor_data.speed
1764786262117,0,monitor_data.speed
1764786262119,0,monitor_data.speed
1764786262120,0,monitor_data.speed
1764786262122,0,monitor_data.speed
1764786262124,0,monitor_data.speed
1764786262126,0,monitor_data.speed
1764786262128,0,monitor_data.speed
1764786262130,0,monitor_data.speed
1764786262132,0,monitor_data.speed
1764786262134,0,monitor_data.speed
1764786262135,0,monitor_data.speed
1764786262137,0,monitor_data.speed
1764786262139,0,monitor_data.speed
1764786262141,0,monitor_data.speed
1764786262142,0,monitor_data.speed
1764786262144,0,monitor_data.speed
1764786262146,0,monitor_data.speed
1764786262148,0,monitor_data.speed
1764786262149,0,monitor_data.speed
1764786262151,0,monitor_data.speed
1764786262153,0,monitor_data.speed
1764786262098,0,monitor_data.speed_ref
1764786262099,0,monitor_data.speed_ref
1764786262100,0,monitor_data.speed_ref
1764786262101,0,monitor_data.speed_ref
1764786262103,0,monitor_data.speed_ref
1764786262104,0,monitor_data.speed_ref
1764786262105,0,monitor_data.speed_ref
1764786262107,0,monitor_data.speed_ref
1764786262109,0,monitor_data.speed_ref
1764786262111,0,monitor_data.speed_ref
1764786262112,0,monitor_data.speed_ref
1764786262114,0,monitor_data.speed_ref
1764786262116,0,monitor_data.speed_ref
1764786262117,0,monitor_data.speed_ref
1764786262119,0,monitor_data.speed_ref
1764786262120,0,monitor_data.speed_ref
1764786262122,0,monitor_data.speed_ref
1764786262124,0,monitor_data.speed_ref
1764786262126,0,monitor_data.speed_ref
1764786262128,0,monitor_data.speed_ref
1764786262130,0,monitor_data.speed_ref
1764786262132,0,monitor_data.speed_ref
1764786262134,0,monitor_data.speed_ref
1764786262135,0,monitor_data.speed_ref
1764786262137,0,monitor_data.speed_ref
1764786262139,0,monitor_data.speed_ref
1764786262141,0,monitor_data.speed_ref
1764786262142,0,monitor_data.speed_ref
1764786262144,0,monitor_data.speed_ref
1764786262146,0,monitor_data.speed_ref
1764786262148,0,monitor_data.speed_ref
1764786262149,0,monitor_data.speed_ref
1764786262151,0,monitor_data.speed_ref
1764786262153,0,monitor_data.speed_ref
1764786262155,0,monitor_data.speed
1764786262157,0,monitor_data.speed
1764786262159,0,monitor_data.speed
1764786262160,0,monitor_data.speed
1764786262162,0,monitor_data.speed
1764786262164,0,monitor_data.speed
1764786262165,0,monitor_data.speed
1764786262168,0,monitor_data.speed
1764786262170,0,monitor_data.speed
1764786262172,0,monitor_data.speed
1764786262173,0,monitor_data.speed
1764786262175,0,monitor_data.speed
1764786262177,0,monitor_data.speed
1764786262178,0,monitor_data.speed
1764786262180,0,monitor_data.speed
1764786262182,0,monitor_data.speed
1764786262184,0,monitor_data.speed
1764786262186,0,monitor_data.speed
1764786262188,0,monitor_data.speed
1764786262189,0,monitor_data.speed
1764786262191,0,monitor_data.speed
1764786262192,0,monitor_data.speed
1764786262194,0,monitor_data.speed
1764786262196,0,monitor_data.speed
1764786262197,0,monitor_data.speed
1764786262155,0,monitor_data.speed_ref
1764786262157,0,monitor_data.speed_ref
1764786262159,0,monitor_data.speed_ref
1764786262160,0,monitor_data.speed_ref
1764786262162,0,monitor_data.speed_ref
1764786262164,0,monitor_data.speed_ref
1764786262165,0,monitor_data.speed_ref
1764786262168,0,monitor_data.speed_ref
1764786262170,0,monitor_data.speed_ref
1764786262172,0,monitor_data.speed_ref
1764786262173,0,monitor_data.speed_ref
1764786262175,0,monitor_data.speed_ref
1764786262177,0,monitor_data.speed_ref
1764786262178,0,monitor_data.speed_ref
1764786262180,0,monitor_data.speed_ref
1764786262182,0,monitor_data.speed_ref
1764786262184,0,monitor_data.speed_ref
1764786262186,0,monitor_data.speed_ref
1764786262188,0,monitor_data.speed_ref
1764786262189,0,monitor_data.speed_ref
1764786262191,0,monitor_data.speed_ref
1764786262192,0,monitor_data.speed_ref
1764786262194,0,monitor_data.speed_ref
1764786262196,0,monitor_data.speed_ref
1764786262197,0,monitor_data.speed_ref
1764786262199,0,monitor_data.speed
1764786262201,0,monitor_data.speed
1764786262202,0,monitor_data.speed
1764786262204,0,monitor_data.speed
1764786262206,0,monitor_data.speed
1764786262207,0,monitor_data.speed
1764786262209,0,monitor_data.speed
1764786262211,0,monitor_data.speed
1764786262212,0,monitor_data.speed
1764786262213,0,monitor_data.speed
1764786262215,0,monitor_data.speed
1764786262217,0,monitor_data.speed
1764786262220,0,monitor_data.speed
1764786262222,0,monitor_data.speed
1764786262224,0,monitor_data.speed
1764786262226,0,monitor_data.speed
1764786262228,0,monitor_data.speed
1764786262230,0,monitor_data.speed
1764786262231,0,monitor_data.speed
1764786262233,0,monitor_data.speed
1764786262234,0,monitor_data.speed
1764786262236,0,monitor_data.speed
1764786262238,0,monitor_data.speed
1764786262240,0,monitor_data.speed
1764786262242,0,monitor_data.speed
1764786262244,0,monitor_data.speed
1764786262246,0,monitor_data.speed
1764786262248,0,monitor_data.speed
1764786262250,0,monitor_data.speed
1764786262199,0,monitor_data.speed_ref
1764786262201,0,monitor_data.speed_ref
1764786262202,0,monitor_data.speed_ref
1764786262204,0,monitor_data.speed_ref
1764786262206,0,monitor_data.speed_ref
1764786262207,0,monitor_data.speed_ref
1764786262209,0,monitor_data.speed_ref
1764786262211,0,monitor_data.speed_ref
1764786262212,0,monitor_data.speed_ref
1764786262213,0,monitor_data.speed_ref
1764786262215,0,monitor_data.speed_ref
1764786262217,0,monitor_data.speed_ref
1764786262220,0,monitor_data.speed_ref
1764786262222,0,monitor_data.speed_ref
1764786262224,0,monitor_data.speed_ref
1764786262226,0,monitor_data.speed_ref
1764786262228,0,monitor_data.speed_ref
1764786262230,0,monitor_data.speed_ref
1764786262231,0,monitor_data.speed_ref
1764786262233,0,monitor_data.speed_ref
1764786262234,0,monitor_data.speed_ref
1764786262236,0,monitor_data.speed_ref
1764786262238,0,monitor_data.speed_ref
1764786262240,0,monitor_data.speed_ref
1764786262242,0,monitor_data.speed_ref
1764786262244,0,monitor_data.speed_ref
1764786262246,0,monitor_data.speed_ref
1764786262248,0,monitor_data.speed_ref
1764786262250,0,monitor_data.speed_ref
1764786262251,0,monitor_data.speed
1764786262253,0,monitor_data.speed
1764786262255,0,monitor_data.speed
1764786262256,0,monitor_data.speed
1764786262258,0,monitor_data.speed
1764786262260,0,monitor_data.speed
1764786262262,0,monitor_data.speed
1764786262263,0,monitor_data.speed
1764786262265,0,monitor_data.speed
1764786262267,0,monitor_data.speed
1764786262268,0,monitor_data.speed
1764786262269,0,monitor_data.speed
1764786262271,0,monitor_data.speed
1764786262273,0,monitor_data.speed
1764786262275,0,monitor_data.speed
1764786262277,0,monitor_data.speed
1764786262278,0,monitor_data.speed
1764786262280,0,monitor_data.speed
1764786262282,0,monitor_data.speed
1764786262284,0,monitor_data.speed
1764786262286,0,monitor_data.speed
1764786262288,0,monitor_data.speed
1764786262290,0,monitor_data.speed
1764786262292,0,monitor_data.speed
1764786262294,0,monitor_data.speed
1764786262296,0,monitor_data.speed
1764786262297,0,monitor_data.speed
1764786262300,0,monitor_data.speed
1764786262301,0,monitor_data.speed
1764786262251,0,monitor_data.speed_ref
1764786262253,0,monitor_data.speed_ref
1764786262255,0,monitor_data.speed_ref
1764786262256,0,monitor_data.speed_ref
1764786262258,0,monitor_data.speed_ref
1764786262260,0,monitor_data.speed_ref
1764786262262,0,monitor_data.speed_ref
1764786262263,0,monitor_data.speed_ref
1764786262265,0,monitor_data.speed_ref
1764786262267,0,monitor_data.speed_ref
1764786262268,0,monitor_data.speed_ref
1764786262269,0,monitor_data.speed_ref
1764786262271,0,monitor_data.speed_ref
1764786262273,0,monitor_data.speed_ref
1764786262275,0,monitor_data.speed_ref
1764786262277,0,monitor_data.speed_ref
1764786262278,0,monitor_data.speed_ref
1764786262280,0,monitor_data.speed_ref
1764786262282,0,monitor_data.speed_ref
1764786262284,0,monitor_data.speed_ref
1764786262286,0,monitor_data.speed_ref
1764786262288,0,monitor_data.speed_ref
1764786262290,0,monitor_data.speed_ref
1764786262292,0,monitor_data.speed_ref
1764786262294,0,monitor_data.speed_ref
1764786262296,0,monitor_data.speed_ref
1764786262297,0,monitor_data.speed_ref
1764786262300,0,monitor_data.speed_ref
1764786262301,0,monitor_data.speed_ref
1764786262304,0,monitor_data.speed
1764786262306,0,monitor_data.speed
1764786262308,0,monitor_data.speed
1764786262309,0,monitor_data.speed
1764786262311,0,monitor_data.speed
1764786262312,0,monitor_data.speed
1764786262314,0,monitor_data.speed
1764786262315,0,monitor_data.speed
1764786262317,0,monitor_data.speed
1764786262319,0,monitor_data.speed
1764786262321,0,monitor_data.speed
1764786262323,0,monitor_data.speed
1764786262325,0,monitor_data.speed
1764786262327,0,monitor_data.speed
1764786262329,0,monitor_data.speed
1764786262331,0,monitor_data.speed
1764786262333,0,monitor_data.speed
1764786262334,0,monitor_data.speed
1764786262337,0,monitor_data.speed
1764786262338,0,monitor_data.speed
1764786262340,0,monitor_data.speed
1764786262342,0,monitor_data.speed
1764786262344,0,monitor_data.speed
1764786262346,0,monitor_data.speed
1764786262348,0,monitor_data.speed
1764786262349,0,monitor_data.speed
1764786262351,0,monitor_data.speed
1764786262353,0,monitor_data.speed
1764786262304,0,monitor_data.speed_ref
1764786262306,0,monitor_data.speed_ref
1764786262308,0,monitor_data.speed_ref
1764786262309,0,monitor_data.speed_ref
1764786262311,0,monitor_data.speed_ref
1764786262312,0,monitor_data.speed_ref
1764786262314,0,monitor_data.speed_ref
1764786262315,0,monitor_data.speed_ref
1764786262317,0,monitor_data.speed_ref
1764786262319,0,monitor_data.speed_ref
1764786262321,0,monitor_data.speed_ref
1764786262323,0,monitor_data.speed_ref
1764786262325,0,monitor_data.speed_ref
1764786262327,0,monitor_data.speed_ref
1764786262329,0,monitor_data.speed_ref
1764786262331,0,monitor_data.speed_ref
1764786262333,0,monitor_data.speed_ref
1764786262334,0,monitor_data.speed_ref
1764786262337,0,monitor_data.speed_ref
1764786262338,0,monitor_data.speed_ref
1764786262340,0,monitor_data.speed_ref
1764786262342,0,monitor_data.speed_ref
1764786262344,0,monitor_data.speed_ref
1764786262346,0,monitor_data.speed_ref
1764786262348,0,monitor_data.speed_ref
1764786262349,0,monitor_data.speed_ref
1764786262351,0,monitor_data.speed_ref
1764786262353,0,monitor_data.speed_ref
1764786262355,0,monitor_data.speed
1764786262356,0,monitor_data.speed
1764786262358,0,monitor_data.speed
1764786262360,0,monitor_data.speed
1764786262361,0,monitor_data.speed
1764786262364,0,monitor_data.speed
1764786262365,0,monitor_data.speed
1764786262367,0,monitor_data.speed
1764786262369,0,monitor_data.speed
1764786262371,0,monitor_data.speed
1764786262373,0,monitor_data.speed
1764786262375,0,monitor_data.speed
1764786262377,0,monitor_data.speed
1764786262379,0,monitor_data.speed
1764786262381,0,monitor_data.speed
1764786262383,0,monitor_data.speed
1764786262385,0,monitor_data.speed
1764786262387,0,monitor_data.speed
1764786262389,0,monitor_data.speed
1764786262391,0,monitor_data.speed
1764786262392,0,monitor_data.speed
1764786262394,0,monitor_data.speed
1764786262396,0,monitor_data.speed
1764786262397,0,monitor_data.speed
1764786262399,0,monitor_data.speed
1764786262401,0,monitor_data.speed
1764786262403,0,monitor_data.speed
1764786262406,0,monitor_data.speed
1764786262408,0,monitor_data.speed
1764786262355,0,monitor_data.speed_ref
1764786262356,0,monitor_data.speed_ref
1764786262358,0,monitor_data.speed_ref
1764786262360,0,monitor_data.speed_ref
1764786262361,0,monitor_data.speed_ref
1764786262364,0,monitor_data.speed_ref
1764786262365,0,monitor_data.speed_ref
1764786262367,0,monitor_data.speed_ref
1764786262369,0,monitor_data.speed_ref
1764786262371,0,monitor_data.speed_ref
1764786262373,0,monitor_data.speed_ref
1764786262375,0,monitor_data.speed_ref
1764786262377,0,monitor_data.speed_ref
1764786262379,0,monitor_data.speed_ref
1764786262381,0,monitor_data.speed_ref
1764786262383,0,monitor_data.speed_ref
1764786262385,0,monitor_data.speed_ref
1764786262387,0,monitor_data.speed_ref
1764786262389,0,monitor_data.speed_ref
1764786262391,0,monitor_data.speed_ref
1764786262392,0,monitor_data.speed_ref
1764786262394,0,monitor_data.speed_ref
1764786262396,0,monitor_data.speed_ref
1764786262397,0,monitor_data.speed_ref
1764786262399,0,monitor_data.speed_ref
1764786262401,0,monitor_data.speed_ref
1764786262403,0,monitor_data.speed_ref
1764786262406,0,monitor_data.speed_ref
1764786262408,0,monitor_data.speed_ref
1764786262410,0,monitor_data.speed
1764786262412,0,monitor_data.speed
1764786262414,0,monitor_data.speed
1764786262416,0,monitor_data.speed
1764786262418,0,monitor_data.speed
1764786262419,0,monitor_data.speed
1764786262421,0,monitor_data.speed
1764786262423,0,monitor_data.speed
1764786262425,0,monitor_data.speed
1764786262426,0,monitor_data.speed
1764786262429,0,monitor_data.speed
1764786262431,0,monitor_data.speed
1764786262433,0,monitor_data.speed
1764786262435,0,monitor_data.speed
1764786262437,0,monitor_data.speed
1764786262438,0,monitor_data.speed
1764786262440,0,monitor_data.speed
1764786262442,0,monitor_data.speed
1764786262444,0,monitor_data.speed
1764786262446,0,monitor_data.speed
1764786262448,0,monitor_data.speed
1764786262450,0,monitor_data.speed
1764786262452,0,monitor_data.speed
1764786262454,0,monitor_data.speed
1764786262455,0,monitor_data.speed
1764786262457,0,monitor_data.speed
1764786262410,0,monitor_data.speed_ref
1764786262412,0,monitor_data.speed_ref
1764786262414,0,monitor_data.speed_ref
1764786262416,0,monitor_data.speed_ref
1764786262418,0,monitor_data.speed_ref
1764786262419,0,monitor_data.speed_ref
1764786262421,0,monitor_data.speed_ref
1764786262423,0,monitor_data.speed_ref
1764786262425,0,monitor_data.speed_ref
1764786262426,0,monitor_data.speed_ref
1764786262429,0,monitor_data.speed_ref
1764786262431,0,monitor_data.speed_ref
1764786262433,0,monitor_data.speed_ref
1764786262435,0,monitor_data.speed_ref
1764786262437,0,monitor_data.speed_ref
1764786262438,0,monitor_data.speed_ref
1764786262440,0,monitor_data.speed_ref
1764786262442,0,monitor_data.speed_ref
1764786262444,0,monitor_data.speed_ref
1764786262446,0,monitor_data.speed_ref
1764786262448,0,monitor_data.speed_ref
1764786262450,0,monitor_data.speed_ref
1764786262452,0,monitor_data.speed_ref
1764786262454,0,monitor_data.speed_ref
1764786262455,0,monitor_data.speed_ref
1764786262457,0,monitor_data.speed_ref
1764786262459,0,monitor_data.speed
1764786262461,0,monitor_data.speed
1764786262463,0,monitor_data.speed
1764786262465,0,monitor_data.speed
1764786262467,0,monitor_data.speed
1764786262469,0,monitor_data.speed
1764786262472,0,monitor_data.speed
1764786262474,0,monitor_data.speed
1764786262476,0,monitor_data.speed
1764786262478,0,monitor_data.speed
1764786262480,0,monitor_data.speed
1764786262482,0,monitor_data.speed
1764786262484,0,monitor_data.speed
1764786262486,0,monitor_data.speed
1764786262488,0,monitor_data.speed
1764786262491,0,monitor_data.speed
1764786262493,0,monitor_data.speed
1764786262495,0,monitor_data.speed
1764786262497,0,monitor_data.speed
1764786262499,0,monitor_data.speed
1764786262501,0,monitor_data.speed
1764786262503,0,monitor_data.speed
1764786262505,0,monitor_data.speed
1764786262459,0,monitor_data.speed_ref
1764786262461,0,monitor_data.speed_ref
1764786262463,0,monitor_data.speed_ref
1764786262465,0,monitor_data.speed_ref
1764786262467,0,monitor_data.speed_ref
1764786262469,0,monitor_data.speed_ref
1764786262472,0,monitor_data.speed_ref
1764786262474,0,monitor_data.speed_ref
1764786262476,0,monitor_data.speed_ref
1764786262478,0,monitor_data.speed_ref
1764786262480,0,monitor_data.speed_ref
1764786262482,0,monitor_data.speed_ref
1764786262484,0,monitor_data.speed_ref
1764786262486,0,monitor_data.speed_ref
1764786262488,0,monitor_data.speed_ref
1764786262491,0,monitor_data.speed_ref
1764786262493,0,monitor_data.speed_ref
1764786262495,0,monitor_data.speed_ref
1764786262497,0,monitor_data.speed_ref
1764786262499,0,monitor_data.speed_ref
1764786262501,0,monitor_data.speed_ref
1764786262503,0,monitor_data.speed_ref
1764786262505,0,monitor_data.speed_ref
1764786262507,0,monitor_data.speed
1764786262509,0,monitor_data.speed
1764786262511,0,monitor_data.speed
1764786262513,0,monitor_data.speed
1764786262514,0,monitor_data.speed
1764786262516,0,monitor_data.speed
1764786262517,0,monitor_data.speed
1764786262519,0,monitor_data.speed
1764786262521,0,monitor_data.speed
1764786262522,0,monitor_data.speed
1764786262524,0,monitor_data.speed
1764786262526,0,monitor_data.speed
1764786262527,0,monitor_data.speed
1764786262529,0,monitor_data.speed
1764786262531,0,monitor_data.speed
1764786262535,0,monitor_data.speed
1764786262539,0,monitor_data.speed
1764786262540,0,monitor_data.speed
1764786262542,0,monitor_data.speed
1764786262544,0,monitor_data.speed
1764786262546,0,monitor_data.speed
1764786262548,0,monitor_data.speed
1764786262550,0,monitor_data.speed
1764786262552,0,monitor_data.speed
1764786262555,0,monitor_data.speed
1764786262507,0,monitor_data.speed_ref
1764786262509,0,monitor_data.speed_ref
1764786262511,0,monitor_data.speed_ref
1764786262513,0,monitor_data.speed_ref
1764786262514,0,monitor_data.speed_ref
1764786262516,0,monitor_data.speed_ref
1764786262517,0,monitor_data.speed_ref
1764786262519,0,monitor_data.speed_ref
1764786262521,0,monitor_data.speed_ref
1764786262522,0,monitor_data.speed_ref
1764786262524,0,monitor_data.speed_ref
1764786262526,0,monitor_data.speed_ref
1764786262527,0,monitor_data.speed_ref
1764786262529,0,monitor_data.speed_ref
1764786262531,0,monitor_data.speed_ref
1764786262535,0,monitor_data.speed_ref
1764786262539,0,monitor_data.speed_ref
1764786262540,0,monitor_data.speed_ref
1764786262542,0,monitor_data.speed_ref
1764786262544,0,monitor_data.speed_ref
1764786262546,0,monitor_data.speed_ref
1764786262548,0,monitor_data.speed_ref
1764786262550,0,monitor_data.speed_ref
1764786262552,0,monitor_data.speed_ref
1764786262555,0,monitor_data.speed_ref
1764786262557,0,monitor_data.speed
1764786262559,0,monitor_data.speed
1764786262560,0,monitor_data.speed
1764786262562,0,monitor_data.speed
1764786262564,0,monitor_data.speed
1764786262567,0,monitor_data.speed
1764786262568,0,monitor_data.speed
1764786262570,0,monitor_data.speed
1764786262572,0,monitor_data.speed
1764786262574,0,monitor_data.speed
1764786262576,0,monitor_data.speed
1764786262578,0,monitor_data.speed
1764786262579,0,monitor_data.speed
1764786262581,0,monitor_data.speed
1764786262583,0,monitor_data.speed
1764786262585,0,monitor_data.speed
1764786262587,0,monitor_data.speed
1764786262589,0,monitor_data.speed
1764786262591,0,monitor_data.speed
1764786262593,0,monitor_data.speed
1764786262595,0,monitor_data.speed
1764786262596,0,monitor_data.speed
1764786262598,0,monitor_data.speed
1764786262600,0,monitor_data.speed
1764786262601,0,monitor_data.speed
1764786262602,0,monitor_data.speed
1764786262604,0,monitor_data.speed
1764786262557,0,monitor_data.speed_ref
1764786262559,0,monitor_data.speed_ref
1764786262560,0,monitor_data.speed_ref
1764786262562,0,monitor_data.speed_ref
1764786262564,0,monitor_data.speed_ref
1764786262567,0,monitor_data.speed_ref
1764786262568,0,monitor_data.speed_ref
1764786262570,0,monitor_data.speed_ref
1764786262572,0,monitor_data.speed_ref
1764786262574,0,monitor_data.speed_ref
1764786262576,0,monitor_data.speed_ref
1764786262578,0,monitor_data.speed_ref
1764786262579,0,monitor_data.speed_ref
1764786262581,0,monitor_data.speed_ref
1764786262583,0,monitor_data.speed_ref
1764786262585,0,monitor_data.speed_ref
1764786262587,0,monitor_data.speed_ref
1764786262589,0,monitor_data.speed_ref
1764786262591,0,monitor_data.speed_ref
1764786262593,0,monitor_data.speed_ref
1764786262595,0,monitor_data.speed_ref
1764786262596,0,monitor_data.speed_ref
1764786262598,0,monitor_data.speed_ref
1764786262600,0,monitor_data.speed_ref
1764786262601,0,monitor_data.speed_ref
1764786262602,0,monitor_data.speed_ref
1764786262604,0,monitor_data.speed_ref
1764786262606,0,monitor_data.speed
1764786262608,0,monitor_data.speed
1764786262609,0,monitor_data.speed
1764786262610,0,monitor_data.speed
1764786262612,0,monitor_data.speed
1764786262614,0,monitor_data.speed
1764786262616,0,monitor_data.speed
1764786262618,0,monitor_data.speed
1764786262619,0,monitor_data.speed
1764786262621,0,monitor_data.speed
1764786262623,0,monitor_data.speed
1764786262625,0,monitor_data.speed
1764786262626,0,monitor_data.speed
1764786262628,0,monitor_data.speed
1764786262630,0,monitor_data.speed
1764786262631,0,monitor_data.speed
1764786262633,0,monitor_data.speed
1764786262635,0,monitor_data.speed
1764786262637,0,monitor_data.speed
1764786262639,0,monitor_data.speed
1764786262641,0,monitor_data.speed
1764786262643,0,monitor_data.speed
1764786262645,0,monitor_data.speed
1764786262646,0,monitor_data.speed
1764786262647,0,monitor_data.speed
1764786262649,0,monitor_data.speed
1764786262650,0,monitor_data.speed
1764786262652,0,monitor_data.speed
1764786262606,0,monitor_data.speed_ref
1764786262608,0,monitor_data.speed_ref
1764786262609,0,monitor_data.speed_ref
1764786262610,0,monitor_data.speed_ref
1764786262612,0,monitor_data.speed_ref
1764786262614,0,monitor_data.speed_ref
1764786262616,0,monitor_data.speed_ref
1764786262618,0,monitor_data.speed_ref
1764786262619,0,monitor_data.speed_ref
1764786262621,0,monitor_data.speed_ref
1764786262623,0,monitor_data.speed_ref
1764786262625,0,monitor_data.speed_ref
1764786262626,0,monitor_data.speed_ref
1764786262628,0,monitor_data.speed_ref
1764786262630,0,monitor_data.speed_ref
1764786262631,0,monitor_data.speed_ref
1764786262633,0,monitor_data.speed_ref
1764786262635,0,monitor_data.speed_ref
1764786262637,0,monitor_data.speed_ref
1764786262639,0,monitor_data.speed_ref
1764786262641,0,monitor_data.speed_ref
1764786262643,0,monitor_data.speed_ref
1764786262645,0,monitor_data.speed_ref
1764786262646,0,monitor_data.speed_ref
1764786262647,0,monitor_data.speed_ref
1764786262649,0,monitor_data.speed_ref
1764786262650,0,monitor_data.speed_ref
1764786262652,0,monitor_data.speed_ref
1764786262654,0,monitor_data.speed
1764786262656,0,monitor_data.speed
1764786262658,0,monitor_data.speed
1764786262660,0,monitor_data.speed
1764786262661,0,monitor_data.speed
1764786262663,0,monitor_data.speed
1764786262664,0,monitor_data.speed
1764786262666,0,monitor_data.speed
1764786262667,0,monitor_data.speed
1764786262669,0,monitor_data.speed
1764786262671,0,monitor_data.speed
1764786262673,0,monitor_data.speed
1764786262675,0,monitor_data.speed
1764786262677,0,monitor_data.speed
1764786262679,0,monitor_data.speed
1764786262681,0,monitor_data.speed
1764786262683,0,monitor_data.speed
1764786262685,0,monitor_data.speed
1764786262688,0,monitor_data.speed
1764786262690,0,monitor_data.speed
1764786262692,0,monitor_data.speed
1764786262694,0,monitor_data.speed
1764786262696,0,monitor_data.speed
1764786262697,0,monitor_data.speed
1764786262699,0,monitor_data.speed
1764786262700,0,monitor_data.speed
1764786262702,0,monitor_data.speed
1764786262704,0,monitor_data.speed
1764786262706,0,monitor_data.speed
1764786262707,0,monitor_data.speed
1764786262654,0,monitor_data.speed_ref
1764786262656,0,monitor_data.speed_ref
1764786262658,0,monitor_data.speed_ref
1764786262660,0,monitor_data.speed_ref
1764786262661,0,monitor_data.speed_ref
1764786262663,0,monitor_data.speed_ref
1764786262664,0,monitor_data.speed_ref
1764786262666,0,monitor_data.speed_ref
1764786262667,0,monitor_data.speed_ref
1764786262669,0,monitor_data.speed_ref
1764786262671,0,monitor_data.speed_ref
1764786262673,0,monitor_data.speed_ref
1764786262675,0,monitor_data.speed_ref
1764786262677,0,monitor_data.speed_ref
1764786262679,0,monitor_data.speed_ref
1764786262681,0,monitor_data.speed_ref
1764786262683,0,monitor_data.speed_ref
1764786262685,0,monitor_data.speed_ref
1764786262688,0,monitor_data.speed_ref
1764786262690,0,monitor_data.speed_ref
1764786262692,0,monitor_data.speed_ref
1764786262694,0,monitor_data.speed_ref
1764786262696,0,monitor_data.speed_ref
1764786262697,0,monitor_data.speed_ref
1764786262699,0,monitor_data.speed_ref
1764786262700,0,monitor_data.speed_ref
1764786262702,0,monitor_data.speed_ref
1764786262704,0,monitor_data.speed_ref
1764786262706,0,monitor_data.speed_ref
1764786262707,0,monitor_data.speed_ref
1764786262708,0,monitor_data.speed
1764786262710,0,monitor_data.speed
1764786262711,0,monitor_data.speed
1764786262713,0,monitor_data.speed
1764786262715,0,monitor_data.speed
1764786262716,0,monitor_data.speed
1764786262718,0,monitor_data.speed
1764786262719,0,monitor_data.speed
1764786262721,0,monitor_data.speed
1764786262723,0,monitor_data.speed
1764786262725,0,monitor_data.speed
1764786262727,0,monitor_data.speed
1764786262729,0,monitor_data.speed
1764786262731,0,monitor_data.speed
1764786262734,0,monitor_data.speed
1764786262735,0,monitor_data.speed
1764786262737,0,monitor_data.speed
1764786262739,0,monitor_data.speed
1764786262741,0,monitor_data.speed
1764786262742,0,monitor_data.speed
1764786262744,0,monitor_data.speed
1764786262745,0,monitor_data.speed
1764786262747,0,monitor_data.speed
1764786262750,0,monitor_data.speed
1764786262752,0,monitor_data.speed
1764786262754,0,monitor_data.speed
1764786262756,0,monitor_data.speed
1764786262757,0,monitor_data.speed
1764786262758,0,monitor_data.speed
1764786262759,0,monitor_data.speed
1764786262760,0,monitor_data.speed
1764786262761,0,monitor_data.speed
1764786262708,0,monitor_data.speed_ref
1764786262710,0,monitor_data.speed_ref
1764786262711,0,monitor_data.speed_ref
1764786262713,0,monitor_data.speed_ref
1764786262715,0,monitor_data.speed_ref
1764786262716,0,monitor_data.speed_ref
1764786262718,0,monitor_data.speed_ref
1764786262719,0,monitor_data.speed_ref
1764786262721,0,monitor_data.speed_ref
1764786262723,0,monitor_data.speed_ref
1764786262725,0,monitor_data.speed_ref
1764786262727,0,monitor_data.speed_ref
1764786262729,0,monitor_data.speed_ref
1764786262731,0,monitor_data.speed_ref
1764786262734,0,monitor_data.speed_ref
1764786262735,0,monitor_data.speed_ref
1764786262737,0,monitor_data.speed_ref
1764786262739,0,monitor_data.speed_ref
1764786262741,0,monitor_data.speed_ref
1764786262742,0,monitor_data.speed_ref
1764786262744,0,monitor_data.speed_ref
1764786262745,0,monitor_data.speed_ref
1764786262747,0,monitor_data.speed_ref
1764786262750,0,monitor_data.speed_ref
1764786262752,0,monitor_data.speed_ref
1764786262754,0,monitor_data.speed_ref
1764786262756,0,monitor_data.speed_ref
1764786262757,0,monitor_data.speed_ref
1764786262758,0,monitor_data.speed_ref
1764786262759,0,monitor_data.speed_ref
1764786262760,0,monitor_data.speed_ref
1764786262761,0,monitor_data.speed_ref
1764786262763,0,monitor_data.speed
1764786262765,0,monitor_data.speed
1764786262766,0,monitor_data.speed
1764786262768,0,monitor_data.speed
1764786262770,0,monitor_data.speed
1764786262772,0,monitor_data.speed
1764786262774,0,monitor_data.speed
1764786262775,0,monitor_data.speed
1764786262777,0,monitor_data.speed
1764786262779,0,monitor_data.speed
1764786262780,0,monitor_data.speed
1764786262782,0,monitor_data.speed
1764786262784,0,monitor_data.speed
1764786262785,0,monitor_data.speed
1764786262788,0,monitor_data.speed
1764786262789,0,monitor_data.speed
1764786262791,0,monitor_data.speed
1764786262792,0,monitor_data.speed
1764786262794,0,monitor_data.speed
1764786262795,0,monitor_data.speed
1764786262797,0,monitor_data.speed
1764786262798,0,monitor_data.speed
1764786262800,0,monitor_data.speed
1764786262801,0,monitor_data.speed
1764786262803,0,monitor_data.speed
1764786262763,0,monitor_data.speed_ref
1764786262765,0,monitor_data.speed_ref
1764786262766,0,monitor_data.speed_ref
1764786262768,0,monitor_data.speed_ref
1764786262770,0,monitor_data.speed_ref
1764786262772,0,monitor_data.speed_ref
1764786262774,0,monitor_data.speed_ref
1764786262775,0,monitor_data.speed_ref
1764786262777,0,monitor_data.speed_ref
1764786262779,0,monitor_data.speed_ref
1764786262780,0,monitor_data.speed_ref
1764786262782,0,monitor_data.speed_ref
1764786262784,0,monitor_data.speed_ref
1764786262785,0,monitor_data.speed_ref
1764786262788,0,monitor_data.speed_ref
1764786262789,0,monitor_data.speed_ref
1764786262791,0,monitor_data.speed_ref
1764786262792,0,monitor_data.speed_ref
1764786262794,0,monitor_data.speed_ref
1764786262795,0,monitor_data.speed_ref
1764786262797,0,monitor_data.speed_ref
1764786262798,0,monitor_data.speed_ref
1764786262800,0,monitor_data.speed_ref
1764786262801,0,monitor_data.speed_ref
1764786262803,0,monitor_data.speed_ref
1764786262805,0,monitor_data.speed
1764786262807,0,monitor_data.speed
1764786262808,0,monitor_data.speed
1764786262810,0,monitor_data.speed
1764786262812,0,monitor_data.speed
1764786262813,0,monitor_data.speed
1764786262814,0,monitor_data.speed
1764786262816,0,monitor_data.speed
1764786262817,0,monitor_data.speed
1764786262819,0,monitor_data.speed
1764786262821,0,monitor_data.speed
1764786262823,0,monitor_data.speed
1764786262825,0,monitor_data.speed
1764786262827,0,monitor_data.speed
1764786262828,0,monitor_data.speed
1764786262830,0,monitor_data.speed
1764786262832,0,monitor_data.speed
1764786262833,0,monitor_data.speed
1764786262835,0,monitor_data.speed
1764786262837,0,monitor_data.speed
1764786262839,0,monitor_data.speed
1764786262841,0,monitor_data.speed
1764786262843,0,monitor_data.speed
1764786262846,0,monitor_data.speed
1764786262847,0,monitor_data.speed
1764786262849,0,monitor_data.speed
1764786262850,0,monitor_data.speed
1764786262852,0,monitor_data.speed
1764786262854,0,monitor_data.speed
1764786262856,0,monitor_data.speed
1764786262805,0,monitor_data.speed_ref
1764786262807,0,monitor_data.speed_ref
1764786262808,0,monitor_data.speed_ref
1764786262810,0,monitor_data.speed_ref
1764786262812,0,monitor_data.speed_ref
1764786262813,0,monitor_data.speed_ref
1764786262814,0,monitor_data.speed_ref
1764786262816,0,monitor_data.speed_ref
1764786262817,0,monitor_data.speed_ref
1764786262819,0,monitor_data.speed_ref
1764786262821,0,monitor_data.speed_ref
1764786262823,0,monitor_data.speed_ref
1764786262825,0,monitor_data.speed_ref
1764786262827,0,monitor_data.speed_ref
1764786262828,0,monitor_data.speed_ref
1764786262830,0,monitor_data.speed_ref
1764786262832,0,monitor_data.speed_ref
1764786262833,0,monitor_data.speed_ref
1764786262835,0,monitor_data.speed_ref
1764786262837,0,monitor_data.speed_ref
1764786262839,0,monitor_data.speed_ref
1764786262841,0,monitor_data.speed_ref
1764786262843,0,monitor_data.speed_ref
1764786262846,0,monitor_data.speed_ref
1764786262847,0,monitor_data.speed_ref
1764786262849,0,monitor_data.speed_ref
1764786262850,0,monitor_data.speed_ref
1764786262852,0,monitor_data.speed_ref
1764786262854,0,monitor_data.speed_ref
1764786262856,0,monitor_data.speed_ref
1764786262858,0,monitor_data.speed
1764786262859,0,monitor_data.speed
1764786262861,0,monitor_data.speed
1764786262862,0,monitor_data.speed
1764786262864,0,monitor_data.speed
1764786262865,0,monitor_data.speed
1764786262867,0,monitor_data.speed
1764786262868,0,monitor_data.speed
1764786262870,0,monitor_data.speed
1764786262872,0,monitor_data.speed
1764786262873,0,monitor_data.speed
1764786262875,0,monitor_data.speed
1764786262876,0,monitor_data.speed
1764786262878,0,monitor_data.speed
1764786262879,0,monitor_data.speed
1764786262881,0,monitor_data.speed
1764786262883,0,monitor_data.speed
1764786262884,0,monitor_data.speed
1764786262887,0,monitor_data.speed
1764786262888,0,monitor_data.speed
1764786262890,0,monitor_data.speed
1764786262892,0,monitor_data.speed
1764786262893,0,monitor_data.speed
1764786262895,0,monitor_data.speed
1764786262897,0,monitor_data.speed
1764786262898,0,monitor_data.speed
1764786262900,0,monitor_data.speed
1764786262902,0,monitor_data.speed
1764786262904,0,monitor_data.speed
1764786262905,0,monitor_data.speed
1764786262907,0,monitor_data.speed
1764786262908,0,monitor_data.speed
1764786262909,0,monitor_data.speed
1764786262911,0,monitor_data.speed
1764786262912,0,monitor_data.speed
1764786262858,0,monitor_data.speed_ref
1764786262859,0,monitor_data.speed_ref
1764786262861,0,monitor_data.speed_ref
1764786262862,0,monitor_data.speed_ref
1764786262864,0,monitor_data.speed_ref
1764786262865,0,monitor_data.speed_ref
1764786262867,0,monitor_data.speed_ref
1764786262868,0,monitor_data.speed_ref
1764786262870,0,monitor_data.speed_ref
1764786262872,0,monitor_data.speed_ref
1764786262873,0,monitor_data.speed_ref
1764786262875,0,monitor_data.speed_ref
1764786262876,0,monitor_data.speed_ref
1764786262878,0,monitor_data.speed_ref
1764786262879,0,monitor_data.speed_ref
1764786262881,0,monitor_data.speed_ref
1764786262883,0,monitor_data.speed_ref
1764786262884,0,monitor_data.speed_ref
1764786262887,0,monitor_data.speed_ref
1764786262888,0,monitor_data.speed_ref
1764786262890,0,monitor_data.speed_ref
1764786262892,0,monitor_data.speed_ref
1764786262893,0,monitor_data.speed_ref
1764786262895,0,monitor_data.speed_ref
1764786262897,0,monitor_data.speed_ref
1764786262898,0,monitor_data.speed_ref
1764786262900,0,monitor_data.speed_ref
1764786262902,0,monitor_data.speed_ref
1764786262904,0,monitor_data.speed_ref
1764786262905,0,monitor_data.speed_ref
1764786262907,0,monitor_data.speed_ref
1764786262908,0,monitor_data.speed_ref
1764786262909,0,monitor_data.speed_ref
1764786262911,0,monitor_data.speed_ref
1764786262912,0,monitor_data.speed_ref
1764786262914,0,monitor_data.speed
1764786262916,0,monitor_data.speed
1764786262919,0,monitor_data.speed
1764786262921,0,monitor_data.speed
1764786262923,0,monitor_data.speed
1764786262924,0,monitor_data.speed
1764786262926,0,monitor_data.speed
1764786262928,0,monitor_data.speed
1764786262930,0,monitor_data.speed
1764786262932,0,monitor_data.speed
1764786262934,0,monitor_data.speed
1764786262935,0,monitor_data.speed
1764786262937,0,monitor_data.speed
1764786262939,0,monitor_data.speed
1764786262940,0,monitor_data.speed
1764786262942,0,monitor_data.speed
1764786262944,0,monitor_data.speed
1764786262945,0,monitor_data.speed
1764786262947,0,monitor_data.speed
1764786262949,0,monitor_data.speed
1764786262950,0,monitor_data.speed
1764786262952,0,monitor_data.speed
1764786262953,0,monitor_data.speed
1764786262956,0,monitor_data.speed
1764786262957,0,monitor_data.speed
1764786262914,0,monitor_data.speed_ref
1764786262916,0,monitor_data.speed_ref
1764786262919,0,monitor_data.speed_ref
1764786262921,0,monitor_data.speed_ref
1764786262923,0,monitor_data.speed_ref
1764786262924,0,monitor_data.speed_ref
1764786262926,0,monitor_data.speed_ref
1764786262928,0,monitor_data.speed_ref
1764786262930,0,monitor_data.speed_ref
1764786262932,0,monitor_data.speed_ref
1764786262934,0,monitor_data.speed_ref
1764786262935,0,monitor_data.speed_ref
1764786262937,0,monitor_data.speed_ref
1764786262939,0,monitor_data.speed_ref
1764786262940,0,monitor_data.speed_ref
1764786262942,0,monitor_data.speed_ref
1764786262944,0,monitor_data.speed_ref
1764786262945,0,monitor_data.speed_ref
1764786262947,0,monitor_data.speed_ref
1764786262949,0,monitor_data.speed_ref
1764786262950,0,monitor_data.speed_ref
1764786262952,0,monitor_data.speed_ref
1764786262953,0,monitor_data.speed_ref
1764786262956,0,monitor_data.speed_ref
1764786262957,0,monitor_data.speed_ref
1764786262959,0,monitor_data.speed
1764786262961,0,monitor_data.speed
1764786262962,0,monitor_data.speed
1764786262964,0,monitor_data.speed
1764786262965,0,monitor_data.speed
1764786262966,0,monitor_data.speed
1764786262969,0,monitor_data.speed
1764786262971,0,monitor_data.speed
1764786262973,0,monitor_data.speed
1764786262975,0,monitor_data.speed
1764786262977,0,monitor_data.speed
1764786262979,0,monitor_data.speed
1764786262981,0,monitor_data.speed
1764786262983,0,monitor_data.speed
1764786262984,0,monitor_data.speed
1764786262986,0,monitor_data.speed
1764786262988,0,monitor_data.speed
1764786262989,0,monitor_data.speed
1764786262991,0,monitor_data.speed
1764786262993,0,monitor_data.speed
1764786262996,0,monitor_data.speed
1764786262998,0,monitor_data.speed
1764786263000,0,monitor_data.speed
1764786263003,0,monitor_data.speed
1764786263005,0,monitor_data.speed
1764786263007,0,monitor_data.speed
1764786263008,0,monitor_data.speed
1764786263010,0,monitor_data.speed
1764786262959,0,monitor_data.speed_ref
1764786262961,0,monitor_data.speed_ref
1764786262962,0,monitor_data.speed_ref
1764786262964,0,monitor_data.speed_ref
1764786262965,0,monitor_data.speed_ref
1764786262966,0,monitor_data.speed_ref
1764786262969,0,monitor_data.speed_ref
1764786262971,0,monitor_data.speed_ref
1764786262973,0,monitor_data.speed_ref
1764786262975,0,monitor_data.speed_ref
1764786262977,0,monitor_data.speed_ref
1764786262979,0,monitor_data.speed_ref
1764786262981,0,monitor_data.speed_ref
1764786262983,0,monitor_data.speed_ref
1764786262984,0,monitor_data.speed_ref
1764786262986,0,monitor_data.speed_ref
1764786262988,0,monitor_data.speed_ref
1764786262989,0,monitor_data.speed_ref
1764786262991,0,monitor_data.speed_ref
1764786262993,0,monitor_data.speed_ref
1764786262996,0,monitor_data.speed_ref
1764786262998,0,monitor_data.speed_ref
1764786263000,0,monitor_data.speed_ref
1764786263003,0,monitor_data.speed_ref
1764786263005,0,monitor_data.speed_ref
1764786263007,0,monitor_data.speed_ref
1764786263008,0,monitor_data.speed_ref
1764786263010,0,monitor_data.speed_ref
1764786263011,0,monitor_data.speed
1764786263013,0,monitor_data.speed
1764786263014,0,monitor_data.speed
1764786263016,0,monitor_data.speed
1764786263017,0,monitor_data.speed
1764786263018,0,monitor_data.speed
1764786263020,0,monitor_data.speed
1764786263022,0,monitor_data.speed
1764786263023,0,monitor_data.speed
1764786263025,0,monitor_data.speed
1764786263027,0,monitor_data.speed
1764786263029,0,monitor_data.speed
1764786263031,0,monitor_data.speed
1764786263033,0,monitor_data.speed
1764786263035,0,monitor_data.speed
1764786263037,0,monitor_data.speed
1764786263039,0,monitor_data.speed
1764786263041,0,monitor_data.speed
1764786263042,0,monitor_data.speed
1764786263044,0,monitor_data.speed
1764786263046,0,monitor_data.speed
1764786263048,0,monitor_data.speed
1764786263050,0,monitor_data.speed
1764786263051,0,monitor_data.speed
1764786263053,0,monitor_data.speed
1764786263055,0,monitor_data.speed
1764786263011,0,monitor_data.speed_ref
1764786263013,0,monitor_data.speed_ref
1764786263014,0,monitor_data.speed_ref
1764786263016,0,monitor_data.speed_ref
1764786263017,0,monitor_data.speed_ref
1764786263018,0,monitor_data.speed_ref
1764786263020,0,monitor_data.speed_ref
1764786263022,0,monitor_data.speed_ref
1764786263023,0,monitor_data.speed_ref
1764786263025,0,monitor_data.speed_ref
1764786263027,0,monitor_data.speed_ref
1764786263029,0,monitor_data.speed_ref
1764786263031,0,monitor_data.speed_ref
1764786263033,0,monitor_data.speed_ref
1764786263035,0,monitor_data.speed_ref
1764786263037,0,monitor_data.speed_ref
1764786263039,0,monitor_data.speed_ref
1764786263041,0,monitor_data.speed_ref
1764786263042,0,monitor_data.speed_ref
1764786263044,0,monitor_data.speed_ref
1764786263046,0,monitor_data.speed_ref
1764786263048,0,monitor_data.speed_ref
1764786263050,0,monitor_data.speed_ref
1764786263051,0,monitor_data.speed_ref
1764786263053,0,monitor_data.speed_ref
1764786263055,0,monitor_data.speed_ref
1764786263057,0,monitor_data.speed
1764786263059,0,monitor_data.speed
1764786263060,0,monitor_data.speed
1764786263062,0,monitor_data.speed
1764786263064,0,monitor_data.speed
1764786263065,0,monitor_data.speed
1764786263067,0,monitor_data.speed
1764786263070,0,monitor_data.speed
1764786263073,0,monitor_data.speed
1764786263074,0,monitor_data.speed
1764786263076,0,monitor_data.speed
1764786263078,0,monitor_data.speed
1764786263080,0,monitor_data.speed
1764786263082,0,monitor_data.speed
1764786263084,0,monitor_data.speed
1764786263086,0,monitor_data.speed
1764786263088,0,monitor_data.speed
1764786263090,0,monitor_data.speed
1764786263092,0,monitor_data.speed
1764786263094,0,monitor_data.speed
1764786263095,0,monitor_data.speed
1764786263097,0,monitor_data.speed
1764786263099,0,monitor_data.speed
1764786263100,0,monitor_data.speed
1764786263102,0,monitor_data.speed
1764786263105,0,monitor_data.speed
1764786263106,0,monitor_data.speed
1764786263057,0,monitor_data.speed_ref
1764786263059,0,monitor_data.speed_ref
1764786263060,0,monitor_data.speed_ref
1764786263062,0,monitor_data.speed_ref
1764786263064,0,monitor_data.speed_ref
1764786263065,0,monitor_data.speed_ref
1764786263067,0,monitor_data.speed_ref
1764786263070,0,monitor_data.speed_ref
1764786263073,0,monitor_data.speed_ref
1764786263074,0,monitor_data.speed_ref
1764786263076,0,monitor_data.speed_ref
1764786263078,0,monitor_data.speed_ref
1764786263080,0,monitor_data.speed_ref
1764786263082,0,monitor_data.speed_ref
1764786263084,0,monitor_data.speed_ref
1764786263086,0,monitor_data.speed_ref
1764786263088,0,monitor_data.speed_ref
1764786263090,0,monitor_data.speed_ref
1764786263092,0,monitor_data.speed_ref
1764786263094,0,monitor_data.speed_ref
1764786263095,0,monitor_data.speed_ref
1764786263097,0,monitor_data.speed_ref
1764786263099,0,monitor_data.speed_ref
1764786263100,0,monitor_data.speed_ref
1764786263102,0,monitor_data.speed_ref
1764786263105,0,monitor_data.speed_ref
1764786263106,0,monitor_data.speed_ref
1764786263108,0,monitor_data.speed
1764786263110,0,monitor_data.speed
1764786263112,0,monitor_data.speed
1764786263113,0,monitor_data.speed
1764786263114,0,monitor_data.speed
1764786263117,0,monitor_data.speed
1764786263118,0,monitor_data.speed
1764786263120,0,monitor_data.speed
1764786263122,0,monitor_data.speed
1764786263123,0,monitor_data.speed
1764786263125,0,monitor_data.speed
1764786263127,0,monitor_data.speed
1764786263128,0,monitor_data.speed
1764786263130,0,monitor_data.speed
1764786263132,0,monitor_data.speed
1764786263134,0,monitor_data.speed
1764786263136,0,monitor_data.speed
1764786263138,0,monitor_data.speed
1764786263140,0,monitor_data.speed
1764786263141,0,monitor_data.speed
1764786263144,0,monitor_data.speed
1764786263146,0,monitor_data.speed
1764786263147,0,monitor_data.speed
1764786263149,0,monitor_data.speed
1764786263150,0,monitor_data.speed
1764786263152,0,monitor_data.speed
1764786263154,0,monitor_data.speed
1764786263156,0,monitor_data.speed
1764786263158,0,monitor_data.speed
1764786263160,0,monitor_data.speed
1764786263108,0,monitor_data.speed_ref
1764786263110,0,monitor_data.speed_ref
1764786263112,0,monitor_data.speed_ref
1764786263113,0,monitor_data.speed_ref
1764786263114,0,monitor_data.speed_ref
1764786263117,0,monitor_data.speed_ref
1764786263118,0,monitor_data.speed_ref
1764786263120,0,monitor_data.speed_ref
1764786263122,0,monitor_data.speed_ref
1764786263123,0,monitor_data.speed_ref
1764786263125,0,monitor_data.speed_ref
1764786263127,0,monitor_data.speed_ref
1764786263128,0,monitor_data.speed_ref
1764786263130,0,monitor_data.speed_ref
1764786263132,0,monitor_data.speed_ref
1764786263134,0,monitor_data.speed_ref
1764786263136,0,monitor_data.speed_ref
1764786263138,0,monitor_data.speed_ref
1764786263140,0,monitor_data.speed_ref
1764786263141,0,monitor_data.speed_ref
1764786263144,0,monitor_data.speed_ref
1764786263146,0,monitor_data.speed_ref
1764786263147,0,monitor_data.speed_ref
1764786263149,0,monitor_data.speed_ref
1764786263150,0,monitor_data.speed_ref
1764786263152,0,monitor_data.speed_ref
1764786263154,0,monitor_data.speed_ref
1764786263156,0,monitor_data.speed_ref
1764786263158,0,monitor_data.speed_ref
1764786263160,0,monitor_data.speed_ref
1764786263162,0,monitor_data.speed
1764786263163,0,monitor_data.speed
1764786263164,0,monitor_data.speed
1764786263165,0,monitor_data.speed
1764786263166,0,monitor_data.speed
1764786263168,0,monitor_data.speed
1764786263170,0,monitor_data.speed
1764786263171,0,monitor_data.speed
1764786263173,0,monitor_data.speed
1764786263174,0,monitor_data.speed
1764786263176,0,monitor_data.speed
1764786263177,0,monitor_data.speed
1764786263179,0,monitor_data.speed
1764786263180,0,monitor_data.speed
1764786263182,0,monitor_data.speed
1764786263184,0,monitor_data.speed
1764786263186,0,monitor_data.speed
1764786263188,0,monitor_data.speed
1764786263189,0,monitor_data.speed
1764786263192,0,monitor_data.speed
1764786263194,0,monitor_data.speed
1764786263195,0,monitor_data.speed
1764786263197,0,monitor_data.speed
1764786263199,0,monitor_data.speed
1764786263201,0,monitor_data.speed
1764786263203,0,monitor_data.speed
1764786263204,0,monitor_data.speed
1764786263206,0,monitor_data.speed
1764786263208,0,monitor_data.speed
1764786263209,0,monitor_data.speed
1764786263211,0,monitor_data.speed
1764786263162,0,monitor_data.speed_ref
1764786263163,0,monitor_data.speed_ref
1764786263164,0,monitor_data.speed_ref
1764786263165,0,monitor_data.speed_ref
1764786263166,0,monitor_data.speed_ref
1764786263168,0,monitor_data.speed_ref
1764786263170,0,monitor_data.speed_ref
1764786263171,0,monitor_data.speed_ref
1764786263173,0,monitor_data.speed_ref
1764786263174,0,monitor_data.speed_ref
1764786263176,0,monitor_data.speed_ref
1764786263177,0,monitor_data.speed_ref
1764786263179,0,monitor_data.speed_ref
1764786263180,0,monitor_data.speed_ref
1764786263182,0,monitor_data.speed_ref
1764786263184,0,monitor_data.speed_ref
1764786263186,0,monitor_data.speed_ref
1764786263188,0,monitor_data.speed_ref
1764786263189,0,monitor_data.speed_ref
1764786263192,0,monitor_data.speed_ref
1764786263194,0,monitor_data.speed_ref
1764786263195,0,monitor_data.speed_ref
1764786263197,0,monitor_data.speed_ref
1764786263199,0,monitor_data.speed_ref
1764786263201,0,monitor_data.speed_ref
1764786263203,0,monitor_data.speed_ref
1764786263204,0,monitor_data.speed_ref
1764786263206,0,monitor_data.speed_ref
1764786263208,0,monitor_data.speed_ref
1764786263209,0,monitor_data.speed_ref
1764786263211,0,monitor_data.speed_ref
1764786263212,0,monitor_data.speed
1764786263213,0,monitor_data.speed
1764786263214,0,monitor_data.speed
1764786263215,0,monitor_data.speed
1764786263217,0,monitor_data.speed
1764786263219,0,monitor_data.speed
1764786263221,0,monitor_data.speed
1764786263223,0,monitor_data.speed
1764786263224,0,monitor_data.speed
1764786263226,0,monitor_data.speed
1764786263228,0,monitor_data.speed
1764786263230,0,monitor_data.speed
1764786263232,0,monitor_data.speed
1764786263234,0,monitor_data.speed
1764786263236,0,monitor_data.speed
1764786263238,0,monitor_data.speed
1764786263239,0,monitor_data.speed
1764786263241,0,monitor_data.speed
1764786263243,0,monitor_data.speed
1764786263245,0,monitor_data.speed
1764786263247,0,monitor_data.speed
1764786263249,0,monitor_data.speed
1764786263250,0,monitor_data.speed
1764786263252,0,monitor_data.speed
1764786263254,0,monitor_data.speed
1764786263256,0,monitor_data.speed
1764786263258,0,monitor_data.speed
1764786263260,0,monitor_data.speed
1764786263212,0,monitor_data.speed_ref
1764786263213,0,monitor_data.speed_ref
1764786263214,0,monitor_data.speed_ref
1764786263215,0,monitor_data.speed_ref
1764786263217,0,monitor_data.speed_ref
1764786263219,0,monitor_data.speed_ref
1764786263221,0,monitor_data.speed_ref
1764786263223,0,monitor_data.speed_ref
1764786263224,0,monitor_data.speed_ref
1764786263226,0,monitor_data.speed_ref
1764786263228,0,monitor_data.speed_ref
1764786263230,0,monitor_data.speed_ref
1764786263232,0,monitor_data.speed_ref
1764786263234,0,monitor_data.speed_ref
1764786263236,0,monitor_data.speed_ref
1764786263238,0,monitor_data.speed_ref
1764786263239,0,monitor_data.speed_ref
1764786263241,0,monitor_data.speed_ref
1764786263243,0,monitor_data.speed_ref
1764786263245,0,monitor_data.speed_ref
1764786263247,0,monitor_data.speed_ref
1764786263249,0,monitor_data.speed_ref
1764786263250,0,monitor_data.speed_ref
1764786263252,0,monitor_data.speed_ref
1764786263254,0,monitor_data.speed_ref
1764786263256,0,monitor_data.speed_ref
1764786263258,0,monitor_data.speed_ref
1764786263260,0,monitor_data.speed_ref
1764786263262,0,monitor_data.speed
1764786263264,0,monitor_data.speed
1764786263265,0,monitor_data.speed
1764786263266,0,monitor_data.speed
1764786263268,0,monitor_data.speed
1764786263269,0,monitor_data.speed
1764786263271,0,monitor_data.speed
1764786263272,0,monitor_data.speed
1764786263274,0,monitor_data.speed
1764786263275,0,monitor_data.speed
1764786263277,0,monitor_data.speed
1764786263279,0,monitor_data.speed
1764786263281,0,monitor_data.speed
1764786263282,0,monitor_data.speed
1764786263284,0,monitor_data.speed
1764786263286,0,monitor_data.speed
1764786263287,0,monitor_data.speed
1764786263289,0,monitor_data.speed
1764786263291,0,monitor_data.speed
1764786263293,0,monitor_data.speed
1764786263295,0,monitor_data.speed
1764786263296,0,monitor_data.speed
1764786263298,0,monitor_data.speed
1764786263300,0,monitor_data.speed
1764786263302,0,monitor_data.speed
1764786263304,0,monitor_data.speed
1764786263306,0,monitor_data.speed
1764786263308,0,monitor_data.speed
1764786263309,0,monitor_data.speed
1764786263311,0,monitor_data.speed
1764786263313,0,monitor_data.speed
1764786263314,0,monitor_data.speed
1764786263262,0,monitor_data.speed_ref
1764786263264,0,monitor_data.speed_ref
1764786263265,0,monitor_data.speed_ref
1764786263266,0,monitor_data.speed_ref
1764786263268,0,monitor_data.speed_ref
1764786263269,0,monitor_data.speed_ref
1764786263271,0,monitor_data.speed_ref
1764786263272,0,monitor_data.speed_ref
1764786263274,0,monitor_data.speed_ref
1764786263275,0,monitor_data.speed_ref
1764786263277,0,monitor_data.speed_ref
1764786263279,0,monitor_data.speed_ref
1764786263281,0,monitor_data.speed_ref
1764786263282,0,monitor_data.speed_ref
1764786263284,0,monitor_data.speed_ref
1764786263286,0,monitor_data.speed_ref
1764786263287,0,monitor_data.speed_ref
1764786263289,0,monitor_data.speed_ref
1764786263291,0,monitor_data.speed_ref
1764786263293,0,monitor_data.speed_ref
1764786263295,0,monitor_data.speed_ref
1764786263296,0,monitor_data.speed_ref
1764786263298,0,monitor_data.speed_ref
1764786263300,0,monitor_data.speed_ref
1764786263302,0,monitor_data.speed_ref
1764786263304,0,monitor_data.speed_ref
1764786263306,0,monitor_data.speed_ref
1764786263308,0,monitor_data.speed_ref
1764786263309,0,monitor_data.speed_ref
1764786263311,0,monitor_data.speed_ref
1764786263313,0,monitor_data.speed_ref
1764786263314,0,monitor_data.speed_ref
1764786263316,0,monitor_data.speed
1764786263317,0,monitor_data.speed
1764786263319,0,monitor_data.speed
1764786263321,0,monitor_data.speed
1764786263323,0,monitor_data.speed
1764786263325,0,monitor_data.speed
1764786263327,0,monitor_data.speed
1764786263329,0,monitor_data.speed
1764786263331,0,monitor_data.speed
1764786263333,0,monitor_data.speed
1764786263334,0,monitor_data.speed
1764786263336,0,monitor_data.speed
1764786263338,0,monitor_data.speed
1764786263340,0,monitor_data.speed
1764786263342,0,monitor_data.speed
1764786263344,0,monitor_data.speed
1764786263346,0,monitor_data.speed
1764786263347,0,monitor_data.speed
1764786263349,0,monitor_data.speed
1764786263351,0,monitor_data.speed
1764786263353,0,monitor_data.speed
1764786263355,0,monitor_data.speed
1764786263357,0,monitor_data.speed
1764786263358,0,monitor_data.speed
1764786263360,0,monitor_data.speed
1764786263362,0,monitor_data.speed
1764786263364,0,monitor_data.speed
1764786263365,0,monitor_data.speed
1764786263367,0,monitor_data.speed
1764786263316,0,monitor_data.speed_ref
1764786263317,0,monitor_data.speed_ref
1764786263319,0,monitor_data.speed_ref
1764786263321,0,monitor_data.speed_ref
1764786263323,0,monitor_data.speed_ref
1764786263325,0,monitor_data.speed_ref
1764786263327,0,monitor_data.speed_ref
1764786263329,0,monitor_data.speed_ref
1764786263331,0,monitor_data.speed_ref
1764786263333,0,monitor_data.speed_ref
1764786263334,0,monitor_data.speed_ref
1764786263336,0,monitor_data.speed_ref
1764786263338,0,monitor_data.speed_ref
1764786263340,0,monitor_data.speed_ref
1764786263342,0,monitor_data.speed_ref
1764786263344,0,monitor_data.speed_ref
1764786263346,0,monitor_data.speed_ref
1764786263347,0,monitor_data.speed_ref
1764786263349,0,monitor_data.speed_ref
1764786263351,0,monitor_data.speed_ref
1764786263353,0,monitor_data.speed_ref
1764786263355,0,monitor_data.speed_ref
1764786263357,0,monitor_data.speed_ref
1764786263358,0,monitor_data.speed_ref
1764786263360,0,monitor_data.speed_ref
1764786263362,0,monitor_data.speed_ref
1764786263364,0,monitor_data.speed_ref
1764786263365,0,monitor_data.speed_ref
1764786263367,0,monitor_data.speed_ref
1764786263369,0,monitor_data.speed
1764786263371,0,monitor_data.speed
1764786263373,0,monitor_data.speed
1764786263374,0,monitor_data.speed
1764786263376,0,monitor_data.speed
1764786263377,0,monitor_data.speed
1764786263379,0,monitor_data.speed
1764786263381,0,monitor_data.speed
1764786263383,0,monitor_data.speed
1764786263384,0,monitor_data.speed
1764786263386,0,monitor_data.speed
1764786263388,0,monitor_data.speed
1764786263390,0,monitor_data.speed
1764786263392,0,monitor_data.speed
1764786263393,0,monitor_data.speed
1764786263395,0,monitor_data.speed
1764786263397,0,monitor_data.speed
1764786263398,0,monitor_data.speed
1764786263400,0,monitor_data.speed
1764786263402,0,monitor_data.speed
1764786263403,0,monitor_data.speed
1764786263405,0,monitor_data.speed
1764786263407,0,monitor_data.speed
1764786263409,0,monitor_data.speed
1764786263410,0,monitor_data.speed
1764786263412,0,monitor_data.speed
1764786263413,0,monitor_data.speed
1764786263415,0,monitor_data.speed
1764786263416,0,monitor_data.speed
1764786263417,0,monitor_data.speed
1764786263369,0,monitor_data.speed_ref
1764786263371,0,monitor_data.speed_ref
1764786263373,0,monitor_data.speed_ref
1764786263374,0,monitor_data.speed_ref
1764786263376,0,monitor_data.speed_ref
1764786263377,0,monitor_data.speed_ref
1764786263379,0,monitor_data.speed_ref
1764786263381,0,monitor_data.speed_ref
1764786263383,0,monitor_data.speed_ref
1764786263384,0,monitor_data.speed_ref
1764786263386,0,monitor_data.speed_ref
1764786263388,0,monitor_data.speed_ref
1764786263390,0,monitor_data.speed_ref
1764786263392,0,monitor_data.speed_ref
1764786263393,0,monitor_data.speed_ref
1764786263395,0,monitor_data.speed_ref
1764786263397,0,monitor_data.speed_ref
1764786263398,0,monitor_data.speed_ref
1764786263400,0,monitor_data.speed_ref
1764786263402,0,monitor_data.speed_ref
1764786263403,0,monitor_data.speed_ref
1764786263405,0,monitor_data.speed_ref
1764786263407,0,monitor_data.speed_ref
1764786263409,0,monitor_data.speed_ref
1764786263410,0,monitor_data.speed_ref
1764786263412,0,monitor_data.speed_ref
1764786263413,0,monitor_data.speed_ref
1764786263415,0,monitor_data.speed_ref
1764786263416,0,monitor_data.speed_ref
1764786263417,0,monitor_data.speed_ref
1764786263419,0,monitor_data.speed
1764786263421,0,monitor_data.speed
1764786263423,0,monitor_data.speed
1764786263425,0,monitor_data.speed
1764786263427,0,monitor_data.speed
1764786263429,0,monitor_data.speed
1764786263431,0,monitor_data.speed
1764786263433,0,monitor_data.speed
1764786263435,0,monitor_data.speed
1764786263436,0,monitor_data.speed
1764786263438,0,monitor_data.speed
1764786263440,0,monitor_data.speed
1764786263442,0,monitor_data.speed
1764786263443,0,monitor_data.speed
1764786263445,0,monitor_data.speed
1764786263447,0,monitor_data.speed
1764786263448,0,monitor_data.speed
1764786263451,0,monitor_data.speed
1764786263452,0,monitor_data.speed
1764786263454,0,monitor_data.speed
1764786263456,0,monitor_data.speed
1764786263457,0,monitor_data.speed
1764786263459,0,monitor_data.speed
1764786263460,0,monitor_data.speed
1764786263462,0,monitor_data.speed
1764786263464,0,monitor_data.speed
1764786263466,0,monitor_data.speed
1764786263468,0,monitor_data.speed
1764786263419,0,monitor_data.speed_ref
1764786263421,0,monitor_data.speed_ref
1764786263423,0,monitor_data.speed_ref
1764786263425,0,monitor_data.speed_ref
1764786263427,0,monitor_data.speed_ref
1764786263429,0,monitor_data.speed_ref
1764786263431,0,monitor_data.speed_ref
1764786263433,0,monitor_data.speed_ref
1764786263435,0,monitor_data.speed_ref
1764786263436,0,monitor_data.speed_ref
1764786263438,0,monitor_data.speed_ref
1764786263440,0,monitor_data.speed_ref
1764786263442,0,monitor_data.speed_ref
1764786263443,0,monitor_data.speed_ref
1764786263445,0,monitor_data.speed_ref
1764786263447,0,monitor_data.speed_ref
1764786263448,0,monitor_data.speed_ref
1764786263451,0,monitor_data.speed_ref
1764786263452,0,monitor_data.speed_ref
1764786263454,0,monitor_data.speed_ref
1764786263456,0,monitor_data.speed_ref
1764786263457,0,monitor_data.speed_ref
1764786263459,0,monitor_data.speed_ref
1764786263460,0,monitor_data.speed_ref
1764786263462,0,monitor_data.speed_ref
1764786263464,0,monitor_data.speed_ref
1764786263466,0,monitor_data.speed_ref
1764786263468,0,monitor_data.speed_ref
1764786263470,0,monitor_data.speed
1764786263472,0,monitor_data.speed
1764786263474,0,monitor_data.speed
1764786263475,0,monitor_data.speed
1764786263477,0,monitor_data.speed
1764786263479,0,monitor_data.speed
1764786263480,0,monitor_data.speed
1764786263482,0,monitor_data.speed
1764786263484,0,monitor_data.speed
1764786263486,0,monitor_data.speed
1764786263488,0,monitor_data.speed
1764786263490,0,monitor_data.speed
1764786263492,0,monitor_data.speed
1764786263494,0,monitor_data.speed
1764786263496,0,monitor_data.speed
1764786263497,0,monitor_data.speed
1764786263499,0,monitor_data.speed
1764786263501,0,monitor_data.speed
1764786263502,0,monitor_data.speed
1764786263504,0,monitor_data.speed
1764786263506,0,monitor_data.speed
1764786263507,0,monitor_data.speed
1764786263509,0,monitor_data.speed
1764786263510,0,monitor_data.speed
1764786263512,0,monitor_data.speed
1764786263513,0,monitor_data.speed
1764786263514,0,monitor_data.speed
1764786263515,0,monitor_data.speed
1764786263517,0,monitor_data.speed
1764786263518,0,monitor_data.speed
1764786263520,0,monitor_data.speed
1764786263470,0,monitor_data.speed_ref
1764786263472,0,monitor_data.speed_ref
1764786263474,0,monitor_data.speed_ref
1764786263475,0,monitor_data.speed_ref
1764786263477,0,monitor_data.speed_ref
1764786263479,0,monitor_data.speed_ref
1764786263480,0,monitor_data.speed_ref
1764786263482,0,monitor_data.speed_ref
1764786263484,0,monitor_data.speed_ref
1764786263486,0,monitor_data.speed_ref
1764786263488,0,monitor_data.speed_ref
1764786263490,0,monitor_data.speed_ref
1764786263492,0,monitor_data.speed_ref
1764786263494,0,monitor_data.speed_ref
1764786263496,0,monitor_data.speed_ref
1764786263497,0,monitor_data.speed_ref
1764786263499,0,monitor_data.speed_ref
1764786263501,0,monitor_data.speed_ref
1764786263502,0,monitor_data.speed_ref
1764786263504,0,monitor_data.speed_ref
1764786263506,0,monitor_data.speed_ref
1764786263507,0,monitor_data.speed_ref
1764786263509,0,monitor_data.speed_ref
1764786263510,0,monitor_data.speed_ref
1764786263512,0,monitor_data.speed_ref
1764786263513,0,monitor_data.speed_ref
1764786263514,0,monitor_data.speed_ref
1764786263515,0,monitor_data.speed_ref
1764786263517,0,monitor_data.speed_ref
1764786263518,0,monitor_data.speed_ref
1764786263520,0,monitor_data.speed_ref
1764786263521,0,monitor_data.speed
1764786263523,0,monitor_data.speed
1764786263525,0,monitor_data.speed
1764786263527,0,monitor_data.speed
1764786263529,0,monitor_data.speed
1764786263530,0,monitor_data.speed
1764786263532,0,monitor_data.speed
1764786263534,0,monitor_data.speed
1764786263536,0,monitor_data.speed
1764786263538,0,monitor_data.speed
1764786263539,0,monitor_data.speed
1764786263541,0,monitor_data.speed
1764786263542,0,monitor_data.speed
1764786263544,0,monitor_data.speed
1764786263546,0,monitor_data.speed
1764786263548,0,monitor_data.speed
1764786263550,0,monitor_data.speed
1764786263552,0,monitor_data.speed
1764786263554,0,monitor_data.speed
1764786263556,0,monitor_data.speed
1764786263558,0,monitor_data.speed
1764786263559,0,monitor_data.speed
1764786263561,0,monitor_data.speed
1764786263563,0,monitor_data.speed
1764786263564,0,monitor_data.speed
1764786263566,0,monitor_data.speed
1764786263567,0,monitor_data.speed
1764786263569,0,monitor_data.speed
1764786263571,0,monitor_data.speed
1764786263521,0,monitor_data.speed_ref
1764786263523,0,monitor_data.speed_ref
1764786263525,0,monitor_data.speed_ref
1764786263527,0,monitor_data.speed_ref
1764786263529,0,monitor_data.speed_ref
1764786263530,0,monitor_data.speed_ref
1764786263532,0,monitor_data.speed_ref
1764786263534,0,monitor_data.speed_ref
1764786263536,0,monitor_data.speed_ref
1764786263538,0,monitor_data.speed_ref
1764786263539,0,monitor_data.speed_ref
1764786263541,0,monitor_data.speed_ref
1764786263542,0,monitor_data.speed_ref
1764786263544,0,monitor_data.speed_ref
1764786263546,0,monitor_data.speed_ref
1764786263548,0,monitor_data.speed_ref
1764786263550,0,monitor_data.speed_ref
1764786263552,0,monitor_data.speed_ref
1764786263554,0,monitor_data.speed_ref
1764786263556,0,monitor_data.speed_ref
1764786263558,0,monitor_data.speed_ref
1764786263559,0,monitor_data.speed_ref
1764786263561,0,monitor_data.speed_ref
1764786263563,0,monitor_data.speed_ref
1764786263564,0,monitor_data.speed_ref
1764786263566,0,monitor_data.speed_ref
1764786263567,0,monitor_data.speed_ref
1764786263569,0,monitor_data.speed_ref
1764786263571,0,monitor_data.speed_ref
1764786263573,0,monitor_data.speed
1764786263575,0,monitor_data.speed
1764786263576,0,monitor_data.speed
1764786263578,0,monitor_data.speed
1764786263579,0,monitor_data.speed
1764786263581,0,monitor_data.speed
1764786263583,0,monitor_data.speed
1764786263584,0,monitor_data.speed
1764786263587,0,monitor_data.speed
1764786263589,0,monitor_data.speed
1764786263590,0,monitor_data.speed
1764786263592,0,monitor_data.speed
1764786263593,0,monitor_data.speed
1764786263595,0,monitor_data.speed
1764786263596,0,monitor_data.speed
1764786263598,0,monitor_data.speed
1764786263599,0,monitor_data.speed
1764786263601,0,monitor_data.speed
1764786263604,0,monitor_data.speed
1764786263605,0,monitor_data.speed
1764786263607,0,monitor_data.speed
1764786263609,0,monitor_data.speed
1764786263611,0,monitor_data.speed
1764786263612,0,monitor_data.speed
1764786263613,0,monitor_data.speed
1764786263615,0,monitor_data.speed
1764786263616,0,monitor_data.speed
1764786263617,0,monitor_data.speed
1764786263619,0,monitor_data.speed
1764786263621,0,monitor_data.speed
1764786263573,0,monitor_data.speed_ref
1764786263575,0,monitor_data.speed_ref
1764786263576,0,monitor_data.speed_ref
1764786263578,0,monitor_data.speed_ref
1764786263579,0,monitor_data.speed_ref
1764786263581,0,monitor_data.speed_ref
1764786263583,0,monitor_data.speed_ref
1764786263584,0,monitor_data.speed_ref
1764786263587,0,monitor_data.speed_ref
1764786263589,0,monitor_data.speed_ref
1764786263590,0,monitor_data.speed_ref
1764786263592,0,monitor_data.speed_ref
1764786263593,0,monitor_data.speed_ref
1764786263595,0,monitor_data.speed_ref
1764786263596,0,monitor_data.speed_ref
1764786263598,0,monitor_data.speed_ref
1764786263599,0,monitor_data.speed_ref
1764786263601,0,monitor_data.speed_ref
1764786263604,0,monitor_data.speed_ref
1764786263605,0,monitor_data.speed_ref
1764786263607,0,monitor_data.speed_ref
1764786263609,0,monitor_data.speed_ref
1764786263611,0,monitor_data.speed_ref
1764786263612,0,monitor_data.speed_ref
1764786263613,0,monitor_data.speed_ref
1764786263615,0,monitor_data.speed_ref
1764786263616,0,monitor_data.speed_ref
1764786263617,0,monitor_data.speed_ref
1764786263619,0,monitor_data.speed_ref
1764786263621,0,monitor_data.speed_ref
1764786263623,0,monitor_data.speed
1764786263624,0,monitor_data.speed
1764786263626,0,monitor_data.speed
1764786263627,0,monitor_data.speed
1764786263629,0,monitor_data.speed
1764786263630,0,monitor_data.speed
1764786263632,0,monitor_data.speed
1764786263634,0,monitor_data.speed
1764786263635,0,monitor_data.speed
1764786263638,0,monitor_data.speed
1764786263639,0,monitor_data.speed
1764786263641,0,monitor_data.speed
1764786263643,0,monitor_data.speed
1764786263644,0,monitor_data.speed
1764786263647,0,monitor_data.speed
1764786263650,0,monitor_data.speed
1764786263652,0,monitor_data.speed
1764786263654,0,monitor_data.speed
1764786263656,0,monitor_data.speed
1764786263657,0,monitor_data.speed
1764786263658,0,monitor_data.speed
1764786263659,0,monitor_data.speed
1764786263661,0,monitor_data.speed
1764786263662,0,monitor_data.speed
1764786263664,0,monitor_data.speed
1764786263666,0,monitor_data.speed
1764786263668,0,monitor_data.speed
1764786263670,0,monitor_data.speed
1764786263671,0,monitor_data.speed
1764786263623,0,monitor_data.speed_ref
1764786263624,0,monitor_data.speed_ref
1764786263626,0,monitor_data.speed_ref
1764786263627,0,monitor_data.speed_ref
1764786263629,0,monitor_data.speed_ref
1764786263630,0,monitor_data.speed_ref
1764786263632,0,monitor_data.speed_ref
1764786263634,0,monitor_data.speed_ref
1764786263635,0,monitor_data.speed_ref
1764786263638,0,monitor_data.speed_ref
1764786263639,0,monitor_data.speed_ref
1764786263641,0,monitor_data.speed_ref
1764786263643,0,monitor_data.speed_ref
1764786263644,0,monitor_data.speed_ref
1764786263647,0,monitor_data.speed_ref
1764786263650,0,monitor_data.speed_ref
1764786263652,0,monitor_data.speed_ref
1764786263654,0,monitor_data.speed_ref
1764786263656,0,monitor_data.speed_ref
1764786263657,0,monitor_data.speed_ref
1764786263658,0,monitor_data.speed_ref
1764786263659,0,monitor_data.speed_ref
1764786263661,0,monitor_data.speed_ref
1764786263662,0,monitor_data.speed_ref
1764786263664,0,monitor_data.speed_ref
1764786263666,0,monitor_data.speed_ref
1764786263668,0,monitor_data.speed_ref
1764786263670,0,monitor_data.speed_ref
1764786263671,0,monitor_data.speed_ref
1764786263673,0,monitor_data.speed
1764786263675,0,monitor_data.speed
1764786263677,0,monitor_data.speed
1764786263678,0,monitor_data.speed
1764786263680,0,monitor_data.speed
1764786263682,0,monitor_data.speed
1764786263683,0,monitor_data.speed
1764786263686,0,monitor_data.speed
1764786263688,0,monitor_data.speed
1764786263690,0,monitor_data.speed
1764786263691,0,monitor_data.speed
1764786263693,0,monitor_data.speed
1764786263695,0,monitor_data.speed
1764786263696,0,monitor_data.speed
1764786263698,0,monitor_data.speed
1764786263699,0,monitor_data.speed
1764786263701,0,monitor_data.speed
1764786263703,0,monitor_data.speed
1764786263704,0,monitor_data.speed
1764786263706,0,monitor_data.speed
1764786263707,0,monitor_data.speed
1764786263709,0,monitor_data.speed
1764786263711,0,monitor_data.speed
1764786263712,0,monitor_data.speed
1764786263714,0,monitor_data.speed
1764786263715,0,monitor_data.speed
1764786263717,0,monitor_data.speed
1764786263673,0,monitor_data.speed_ref
1764786263675,0,monitor_data.speed_ref
1764786263677,0,monitor_data.speed_ref
1764786263678,0,monitor_data.speed_ref
1764786263680,0,monitor_data.speed_ref
1764786263682,0,monitor_data.speed_ref
1764786263683,0,monitor_data.speed_ref
1764786263686,0,monitor_data.speed_ref
1764786263688,0,monitor_data.speed_ref
1764786263690,0,monitor_data.speed_ref
1764786263691,0,monitor_data.speed_ref
1764786263693,0,monitor_data.speed_ref
1764786263695,0,monitor_data.speed_ref
1764786263696,0,monitor_data.speed_ref
1764786263698,0,monitor_data.speed_ref
1764786263699,0,monitor_data.speed_ref
1764786263701,0,monitor_data.speed_ref
1764786263703,0,monitor_data.speed_ref
1764786263704,0,monitor_data.speed_ref
1764786263706,0,monitor_data.speed_ref
1764786263707,0,monitor_data.speed_ref
1764786263709,0,monitor_data.speed_ref
1764786263711,0,monitor_data.speed_ref
1764786263712,0,monitor_data.speed_ref
1764786263714,0,monitor_data.speed_ref
1764786263715,0,monitor_data.speed_ref
1764786263717,0,monitor_data.speed_ref
1764786263718,0,monitor_data.speed
1764786263720,0,monitor_data.speed
1764786263722,0,monitor_data.speed
1764786263724,0,monitor_data.speed
1764786263726,0,monitor_data.speed
1764786263727,0,monitor_data.speed
1764786263729,0,monitor_data.speed
1764786263731,0,monitor_data.speed
1764786263733,0,monitor_data.speed
1764786263734,0,monitor_data.speed
1764786263736,0,monitor_data.speed
1764786263738,0,monitor_data.speed
1764786263740,0,monitor_data.speed
1764786263742,0,monitor_data.speed
1764786263744,0,monitor_data.speed
1764786263746,0,monitor_data.speed
1764786263747,0,monitor_data.speed
1764786263749,0,monitor_data.speed
1764786263751,0,monitor_data.speed
1764786263752,0,monitor_data.speed
1764786263754,0,monitor_data.speed
1764786263756,0,monitor_data.speed
1764786263758,0,monitor_data.speed
1764786263760,0,monitor_data.speed
1764786263763,0,monitor_data.speed
1764786263764,0,monitor_data.speed
1764786263718,0,monitor_data.speed_ref
1764786263720,0,monitor_data.speed_ref
1764786263722,0,monitor_data.speed_ref
1764786263724,0,monitor_data.speed_ref
1764786263726,0,monitor_data.speed_ref
1764786263727,0,monitor_data.speed_ref
1764786263729,0,monitor_data.speed_ref
1764786263731,0,monitor_data.speed_ref
1764786263733,0,monitor_data.speed_ref
1764786263734,0,monitor_data.speed_ref
1764786263736,0,monitor_data.speed_ref
1764786263738,0,monitor_data.speed_ref
1764786263740,0,monitor_data.speed_ref
1764786263742,0,monitor_data.speed_ref
1764786263744,0,monitor_data.speed_ref
1764786263746,0,monitor_data.speed_ref
1764786263747,0,monitor_data.speed_ref
1764786263749,0,monitor_data.speed_ref
1764786263751,0,monitor_data.speed_ref
1764786263752,0,monitor_data.speed_ref
1764786263754,0,monitor_data.speed_ref
1764786263756,0,monitor_data.speed_ref
1764786263758,0,monitor_data.speed_ref
1764786263760,0,monitor_data.speed_ref
1764786263763,0,monitor_data.speed_ref
1764786263764,0,monitor_data.speed_ref
1764786263766,0,monitor_data.speed
1764786263769,0,monitor_data.speed
1764786263771,0,monitor_data.speed
1764786263772,0,monitor_data.speed
1764786263773,0,monitor_data.speed
1764786263775,0,monitor_data.speed
1764786263777,0,monitor_data.speed
1764786263779,0,monitor_data.speed
1764786263780,0,monitor_data.speed
1764786263782,0,monitor_data.speed
1764786263783,0,monitor_data.speed
1764786263785,0,monitor_data.speed
1764786263787,0,monitor_data.speed
1764786263789,0,monitor_data.speed
1764786263791,0,monitor_data.speed
1764786263792,0,monitor_data.speed
1764786263794,0,monitor_data.speed
1764786263795,0,monitor_data.speed
1764786263797,0,monitor_data.speed
1764786263798,0,monitor_data.speed
1764786263800,0,monitor_data.speed
1764786263802,0,monitor_data.speed
1764786263804,0,monitor_data.speed
1764786263806,0,monitor_data.speed
1764786263808,0,monitor_data.speed
1764786263809,0,monitor_data.speed
1764786263810,0,monitor_data.speed
1764786263811,0,monitor_data.speed
1764786263813,0,monitor_data.speed
1764786263814,0,monitor_data.speed
1764786263766,0,monitor_data.speed_ref
1764786263769,0,monitor_data.speed_ref
1764786263771,0,monitor_data.speed_ref
1764786263772,0,monitor_data.speed_ref
1764786263773,0,monitor_data.speed_ref
1764786263775,0,monitor_data.speed_ref
1764786263777,0,monitor_data.speed_ref
1764786263779,0,monitor_data.speed_ref
1764786263780,0,monitor_data.speed_ref
1764786263782,0,monitor_data.speed_ref
1764786263783,0,monitor_data.speed_ref
1764786263785,0,monitor_data.speed_ref
1764786263787,0,monitor_data.speed_ref
1764786263789,0,monitor_data.speed_ref
1764786263791,0,monitor_data.speed_ref
1764786263792,0,monitor_data.speed_ref
1764786263794,0,monitor_data.speed_ref
1764786263795,0,monitor_data.speed_ref
1764786263797,0,monitor_data.speed_ref
1764786263798,0,monitor_data.speed_ref
1764786263800,0,monitor_data.speed_ref
1764786263802,0,monitor_data.speed_ref
1764786263804,0,monitor_data.speed_ref
1764786263806,0,monitor_data.speed_ref
1764786263808,0,monitor_data.speed_ref
1764786263809,0,monitor_data.speed_ref
1764786263810,0,monitor_data.speed_ref
1764786263811,0,monitor_data.speed_ref
1764786263813,0,monitor_data.speed_ref
1764786263814,0,monitor_data.speed_ref
1764786263816,0,monitor_data.speed
1764786263817,0,monitor_data.speed
1764786263819,0,monitor_data.speed
1764786263821,0,monitor_data.speed
1764786263823,0,monitor_data.speed
1764786263824,0,monitor_data.speed
1764786263826,0,monitor_data.speed
1764786263827,0,monitor_data.speed
1764786263829,0,monitor_data.speed
1764786263831,0,monitor_data.speed
1764786263832,0,monitor_data.speed
1764786263834,0,monitor_data.speed
1764786263836,0,monitor_data.speed
1764786263838,0,monitor_data.speed
1764786263839,0,monitor_data.speed
1764786263841,0,monitor_data.speed
1764786263844,0,monitor_data.speed
1764786263845,0,monitor_data.speed
1764786263847,0,monitor_data.speed
1764786263849,0,monitor_data.speed
1764786263851,0,monitor_data.speed
1764786263852,0,monitor_data.speed
1764786263854,0,monitor_data.speed
1764786263856,0,monitor_data.speed
1764786263857,0,monitor_data.speed
1764786263859,0,monitor_data.speed
1764786263861,0,monitor_data.speed
1764786263863,0,monitor_data.speed
1764786263864,0,monitor_data.speed
1764786263816,0,monitor_data.speed_ref
1764786263817,0,monitor_data.speed_ref
1764786263819,0,monitor_data.speed_ref
1764786263821,0,monitor_data.speed_ref
1764786263823,0,monitor_data.speed_ref
1764786263824,0,monitor_data.speed_ref
1764786263826,0,monitor_data.speed_ref
1764786263827,0,monitor_data.speed_ref
1764786263829,0,monitor_data.speed_ref
1764786263831,0,monitor_data.speed_ref
1764786263832,0,monitor_data.speed_ref
1764786263834,0,monitor_data.speed_ref
1764786263836,0,monitor_data.speed_ref
1764786263838,0,monitor_data.speed_ref
1764786263839,0,monitor_data.speed_ref
1764786263841,0,monitor_data.speed_ref
1764786263844,0,monitor_data.speed_ref
1764786263845,0,monitor_data.speed_ref
1764786263847,0,monitor_data.speed_ref
1764786263849,0,monitor_data.speed_ref
1764786263851,0,monitor_data.speed_ref
1764786263852,0,monitor_data.speed_ref
1764786263854,0,monitor_data.speed_ref
1764786263856,0,monitor_data.speed_ref
1764786263857,0,monitor_data.speed_ref
1764786263859,0,monitor_data.speed_ref
1764786263861,0,monitor_data.speed_ref
1764786263863,0,monitor_data.speed_ref
1764786263864,0,monitor_data.speed_ref
1764786263866,0,monitor_data.speed
1764786263868,0,monitor_data.speed
1764786263870,0,monitor_data.speed
1764786263871,0,monitor_data.speed
1764786263873,0,monitor_data.speed
1764786263875,0,monitor_data.speed
1764786263877,0,monitor_data.speed
1764786263878,0,monitor_data.speed
1764786263879,0,monitor_data.speed
1764786263881,0,monitor_data.speed
1764786263883,0,monitor_data.speed
1764786263885,0,monitor_data.speed
1764786263887,0,monitor_data.speed
1764786263889,0,monitor_data.speed
1764786263891,0,monitor_data.speed
1764786263892,0,monitor_data.speed
1764786263894,0,monitor_data.speed
1764786263896,0,monitor_data.speed
1764786263897,0,monitor_data.speed
1764786263899,0,monitor_data.speed
1764786263900,0,monitor_data.speed
1764786263902,0,monitor_data.speed
1764786263904,0,monitor_data.speed
1764786263905,0,monitor_data.speed
1764786263907,0,monitor_data.speed
1764786263909,0,monitor_data.speed
1764786263910,0,monitor_data.speed
1764786263912,0,monitor_data.speed
1764786263914,0,monitor_data.speed
1764786263915,0,monitor_data.speed
1764786263916,0,monitor_data.speed
1764786263918,0,monitor_data.speed
1764786263920,0,monitor_data.speed
1764786263922,0,monitor_data.speed
1764786263924,0,monitor_data.speed
1764786263866,0,monitor_data.speed_ref
1764786263868,0,monitor_data.speed_ref
1764786263870,0,monitor_data.speed_ref
1764786263871,0,monitor_data.speed_ref
1764786263873,0,monitor_data.speed_ref
1764786263875,0,monitor_data.speed_ref
1764786263877,0,monitor_data.speed_ref
1764786263878,0,monitor_data.speed_ref
1764786263879,0,monitor_data.speed_ref
1764786263881,0,monitor_data.speed_ref
1764786263883,0,monitor_data.speed_ref
1764786263885,0,monitor_data.speed_ref
1764786263887,0,monitor_data.speed_ref
1764786263889,0,monitor_data.speed_ref
1764786263891,0,monitor_data.speed_ref
1764786263892,0,monitor_data.speed_ref
1764786263894,0,monitor_data.speed_ref
1764786263896,0,monitor_data.speed_ref
1764786263897,0,monitor_data.speed_ref
1764786263899,0,monitor_data.speed_ref
1764786263900,0,monitor_data.speed_ref
1764786263902,0,monitor_data.speed_ref
1764786263904,0,monitor_data.speed_ref
1764786263905,0,monitor_data.speed_ref
1764786263907,0,monitor_data.speed_ref
1764786263909,0,monitor_data.speed_ref
1764786263910,0,monitor_data.speed_ref
1764786263912,0,monitor_data.speed_ref
1764786263914,0,monitor_data.speed_ref
1764786263915,0,monitor_data.speed_ref
1764786263916,0,monitor_data.speed_ref
1764786263918,0,monitor_data.speed_ref
1764786263920,0,monitor_data.speed_ref
1764786263922,0,monitor_data.speed_ref
1764786263924,0,monitor_data.speed_ref
1764786263926,0,monitor_data.speed
1764786263927,0,monitor_data.speed
1764786263929,0,monitor_data.speed
1764786263930,0,monitor_data.speed
1764786263932,0,monitor_data.speed
1764786263934,0,monitor_data.speed
1764786263936,0,monitor_data.speed
1764786263938,0,monitor_data.speed
1764786263940,0,monitor_data.speed
1764786263942,0,monitor_data.speed
1764786263944,0,monitor_data.speed
1764786263945,0,monitor_data.speed
1764786263947,0,monitor_data.speed
1764786263949,0,monitor_data.speed
1764786263951,0,monitor_data.speed
1764786263953,0,monitor_data.speed
1764786263955,0,monitor_data.speed
1764786263957,0,monitor_data.speed
1764786263959,0,monitor_data.speed
1764786263961,0,monitor_data.speed
1764786263963,0,monitor_data.speed
1764786263964,0,monitor_data.speed
1764786263966,0,monitor_data.speed
1764786263968,0,monitor_data.speed
1764786263969,0,monitor_data.speed
1764786263926,0,monitor_data.speed_ref
1764786263927,0,monitor_data.speed_ref
1764786263929,0,monitor_data.speed_ref
1764786263930,0,monitor_data.speed_ref
1764786263932,0,monitor_data.speed_ref
1764786263934,0,monitor_data.speed_ref
1764786263936,0,monitor_data.speed_ref
1764786263938,0,monitor_data.speed_ref
1764786263940,0,monitor_data.speed_ref
1764786263942,0,monitor_data.speed_ref
1764786263944,0,monitor_data.speed_ref
1764786263945,0,monitor_data.speed_ref
1764786263947,0,monitor_data.speed_ref
1764786263949,0,monitor_data.speed_ref
1764786263951,0,monitor_data.speed_ref
1764786263953,0,monitor_data.speed_ref
1764786263955,0,monitor_data.speed_ref
1764786263957,0,monitor_data.speed_ref
1764786263959,0,monitor_data.speed_ref
1764786263961,0,monitor_data.speed_ref
1764786263963,0,monitor_data.speed_ref
1764786263964,0,monitor_data.speed_ref
1764786263966,0,monitor_data.speed_ref
1764786263968,0,monitor_data.speed_ref
1764786263969,0,monitor_data.speed_ref
1764786263971,0,monitor_data.speed
1764786263973,0,monitor_data.speed
1764786263975,0,monitor_data.speed
1764786263976,0,monitor_data.speed
1764786263978,0,monitor_data.speed
1764786263980,0,monitor_data.speed
1764786263982,0,monitor_data.speed
1764786263984,0,monitor_data.speed
1764786263985,0,monitor_data.speed
1764786263987,0,monitor_data.speed
1764786263989,0,monitor_data.speed
1764786263992,0,monitor_data.speed
1764786263993,0,monitor_data.speed
1764786263995,0,monitor_data.speed
1764786263997,0,monitor_data.speed
1764786263999,0,monitor_data.speed
1764786264001,0,monitor_data.speed
1764786264003,0,monitor_data.speed
1764786264005,0,monitor_data.speed
1764786264007,0,monitor_data.speed
1764786264008,0,monitor_data.speed
1764786264010,0,monitor_data.speed
1764786264013,0,monitor_data.speed
1764786264014,0,monitor_data.speed
1764786264016,0,monitor_data.speed
1764786264018,0,monitor_data.speed
1764786264020,0,monitor_data.speed
1764786264022,0,monitor_data.speed
1764786263971,0,monitor_data.speed_ref
1764786263973,0,monitor_data.speed_ref
1764786263975,0,monitor_data.speed_ref
1764786263976,0,monitor_data.speed_ref
1764786263978,0,monitor_data.speed_ref
1764786263980,0,monitor_data.speed_ref
1764786263982,0,monitor_data.speed_ref
1764786263984,0,monitor_data.speed_ref
1764786263985,0,monitor_data.speed_ref
1764786263987,0,monitor_data.speed_ref
1764786263989,0,monitor_data.speed_ref
1764786263992,0,monitor_data.speed_ref
1764786263993,0,monitor_data.speed_ref
1764786263995,0,monitor_data.speed_ref
1764786263997,0,monitor_data.speed_ref
1764786263999,0,monitor_data.speed_ref
1764786264001,0,monitor_data.speed_ref
1764786264003,0,monitor_data.speed_ref
1764786264005,0,monitor_data.speed_ref
1764786264007,0,monitor_data.speed_ref
1764786264008,0,monitor_data.speed_ref
1764786264010,0,monitor_data.speed_ref
1764786264013,0,monitor_data.speed_ref
1764786264014,0,monitor_data.speed_ref
1764786264016,0,monitor_data.speed_ref
1764786264018,0,monitor_data.speed_ref
1764786264020,0,monitor_data.speed_ref
1764786264022,0,monitor_data.speed_ref
1764786264023,0,monitor_data.speed
1764786264025,0,monitor_data.speed
1764786264027,0,monitor_data.speed
1764786264029,0,monitor_data.speed
1764786264030,0,monitor_data.speed
1764786264032,0,monitor_data.speed
1764786264034,0,monitor_data.speed
1764786264036,0,monitor_data.speed
1764786264037,0,monitor_data.speed
1764786264040,0,monitor_data.speed
1764786264042,0,monitor_data.speed
1764786264044,0,monitor_data.speed
1764786264046,0,monitor_data.speed
1764786264047,0,monitor_data.speed
1764786264049,0,monitor_data.speed
1764786264051,0,monitor_data.speed
1764786264053,0,monitor_data.speed
1764786264055,0,monitor_data.speed
1764786264057,0,monitor_data.speed
1764786264059,0,monitor_data.speed
1764786264061,0,monitor_data.speed
1764786264062,0,monitor_data.speed
1764786264064,0,monitor_data.speed
1764786264066,0,monitor_data.speed
1764786264068,0,monitor_data.speed
1764786264071,0,monitor_data.speed
1764786264023,0,monitor_data.speed_ref
1764786264025,0,monitor_data.speed_ref
1764786264027,0,monitor_data.speed_ref
1764786264029,0,monitor_data.speed_ref
1764786264030,0,monitor_data.speed_ref
1764786264032,0,monitor_data.speed_ref
1764786264034,0,monitor_data.speed_ref
1764786264036,0,monitor_data.speed_ref
1764786264037,0,monitor_data.speed_ref
1764786264040,0,monitor_data.speed_ref
1764786264042,0,monitor_data.speed_ref
1764786264044,0,monitor_data.speed_ref
1764786264046,0,monitor_data.speed_ref
1764786264047,0,monitor_data.speed_ref
1764786264049,0,monitor_data.speed_ref
1764786264051,0,monitor_data.speed_ref
1764786264053,0,monitor_data.speed_ref
1764786264055,0,monitor_data.speed_ref
1764786264057,0,monitor_data.speed_ref
1764786264059,0,monitor_data.speed_ref
1764786264061,0,monitor_data.speed_ref
1764786264062,0,monitor_data.speed_ref
1764786264064,0,monitor_data.speed_ref
1764786264066,0,monitor_data.speed_ref
1764786264068,0,monitor_data.speed_ref
1764786264071,0,monitor_data.speed_ref
1764786264073,0,monitor_data.speed
1764786264075,0,monitor_data.speed
1764786264077,0,monitor_data.speed
1764786264078,0,monitor_data.speed
1764786264080,0,monitor_data.speed
1764786264082,0,monitor_data.speed
1764786264083,0,monitor_data.speed
1764786264086,0,monitor_data.speed
1764786264088,0,monitor_data.speed
1764786264090,0,monitor_data.speed
1764786264091,0,monitor_data.speed
1764786264093,0,monitor_data.speed
1764786264094,0,monitor_data.speed
1764786264095,0,monitor_data.speed
1764786264097,0,monitor_data.speed
1764786264098,0,monitor_data.speed
1764786264100,0,monitor_data.speed
1764786264102,0,monitor_data.speed
1764786264104,0,monitor_data.speed
1764786264105,0,monitor_data.speed
1764786264107,0,monitor_data.speed
1764786264109,0,monitor_data.speed
1764786264111,0,monitor_data.speed
1764786264113,0,monitor_data.speed
1764786264114,0,monitor_data.speed
1764786264116,0,monitor_data.speed
1764786264117,0,monitor_data.speed
1764786264119,0,monitor_data.speed
1764786264121,0,monitor_data.speed
1764786264122,0,monitor_data.speed
1764786264124,0,monitor_data.speed
1764786264125,0,monitor_data.speed
1764786264126,0,monitor_data.speed
1764786264128,0,monitor_data.speed
1764786264073,0,monitor_data.speed_ref
1764786264075,0,monitor_data.speed_ref
1764786264077,0,monitor_data.speed_ref
1764786264078,0,monitor_data.speed_ref
1764786264080,0,monitor_data.speed_ref
1764786264082,0,monitor_data.speed_ref
1764786264083,0,monitor_data.speed_ref
1764786264086,0,monitor_data.speed_ref
1764786264088,0,monitor_data.speed_ref
1764786264090,0,monitor_data.speed_ref
1764786264091,0,monitor_data.speed_ref
1764786264093,0,monitor_data.speed_ref
1764786264094,0,monitor_data.speed_ref
1764786264095,0,monitor_data.speed_ref
1764786264097,0,monitor_data.speed_ref
1764786264098,0,monitor_data.speed_ref
1764786264100,0,monitor_data.speed_ref
1764786264102,0,monitor_data.speed_ref
1764786264104,0,monitor_data.speed_ref
1764786264105,0,monitor_data.speed_ref
1764786264107,0,monitor_data.speed_ref
1764786264109,0,monitor_data.speed_ref
1764786264111,0,monitor_data.speed_ref
1764786264113,0,monitor_data.speed_ref
1764786264114,0,monitor_data.speed_ref
1764786264116,0,monitor_data.speed_ref
1764786264117,0,monitor_data.speed_ref
1764786264119,0,monitor_data.speed_ref
1764786264121,0,monitor_data.speed_ref
1764786264122,0,monitor_data.speed_ref
1764786264124,0,monitor_data.speed_ref
1764786264125,0,monitor_data.speed_ref
1764786264126,0,monitor_data.speed_ref
1764786264128,0,monitor_data.speed_ref
1764786264129,0,monitor_data.speed
1764786264131,0,monitor_data.speed
1764786264133,0,monitor_data.speed
1764786264134,0,monitor_data.speed
1764786264137,0,monitor_data.speed
1764786264139,0,monitor_data.speed
1764786264140,0,monitor_data.speed
1764786264142,0,monitor_data.speed
1764786264144,0,monitor_data.speed
1764786264146,0,monitor_data.speed
1764786264148,0,monitor_data.speed
1764786264149,0,monitor_data.speed
1764786264151,0,monitor_data.speed
1764786264153,0,monitor_data.speed
1764786264155,0,monitor_data.speed
1764786264157,0,monitor_data.speed
1764786264158,0,monitor_data.speed
1764786264160,0,monitor_data.speed
1764786264161,0,monitor_data.speed
1764786264163,0,monitor_data.speed
1764786264165,0,monitor_data.speed
1764786264167,0,monitor_data.speed
1764786264169,0,monitor_data.speed
1764786264171,0,monitor_data.speed
1764786264173,0,monitor_data.speed
1764786264129,0,monitor_data.speed_ref
1764786264131,0,monitor_data.speed_ref
1764786264133,0,monitor_data.speed_ref
1764786264134,0,monitor_data.speed_ref
1764786264137,0,monitor_data.speed_ref
1764786264139,0,monitor_data.speed_ref
1764786264140,0,monitor_data.speed_ref
1764786264142,0,monitor_data.speed_ref
1764786264144,0,monitor_data.speed_ref
1764786264146,0,monitor_data.speed_ref
1764786264148,0,monitor_data.speed_ref
1764786264149,0,monitor_data.speed_ref
1764786264151,0,monitor_data.speed_ref
1764786264153,0,monitor_data.speed_ref
1764786264155,0,monitor_data.speed_ref
1764786264157,0,monitor_data.speed_ref
1764786264158,0,monitor_data.speed_ref
1764786264160,0,monitor_data.speed_ref
1764786264161,0,monitor_data.speed_ref
1764786264163,0,monitor_data.speed_ref
1764786264165,0,monitor_data.speed_ref
1764786264167,0,monitor_data.speed_ref
1764786264169,0,monitor_data.speed_ref
1764786264171,0,monitor_data.speed_ref
1764786264173,0,monitor_data.speed_ref
1764786264174,0,monitor_data.speed
1764786264175,0,monitor_data.speed
1764786264176,0,monitor_data.speed
1764786264177,0,monitor_data.speed
1764786264179,0,monitor_data.speed
1764786264181,0,monitor_data.speed
1764786264182,0,monitor_data.speed
1764786264184,0,monitor_data.speed
1764786264186,0,monitor_data.speed
1764786264188,0,monitor_data.speed
1764786264190,0,monitor_data.speed
1764786264192,0,monitor_data.speed
1764786264193,0,monitor_data.speed
1764786264195,0,monitor_data.speed
1764786264197,0,monitor_data.speed
1764786264199,0,monitor_data.speed
1764786264200,0,monitor_data.speed
1764786264203,0,monitor_data.speed
1764786264205,0,monitor_data.speed
1764786264206,0,monitor_data.speed
1764786264207,0,monitor_data.speed
1764786264209,0,monitor_data.speed
1764786264211,0,monitor_data.speed
1764786264213,0,monitor_data.speed
1764786264214,0,monitor_data.speed
1764786264216,0,monitor_data.speed
1764786264218,0,monitor_data.speed
1764786264220,0,monitor_data.speed
1764786264222,0,monitor_data.speed
1764786264174,0,monitor_data.speed_ref
1764786264175,0,monitor_data.speed_ref
1764786264176,0,monitor_data.speed_ref
1764786264177,0,monitor_data.speed_ref
1764786264179,0,monitor_data.speed_ref
1764786264181,0,monitor_data.speed_ref
1764786264182,0,monitor_data.speed_ref
1764786264184,0,monitor_data.speed_ref
1764786264186,0,monitor_data.speed_ref
1764786264188,0,monitor_data.speed_ref
1764786264190,0,monitor_data.speed_ref
1764786264192,0,monitor_data.speed_ref
1764786264193,0,monitor_data.speed_ref
1764786264195,0,monitor_data.speed_ref
1764786264197,0,monitor_data.speed_ref
1764786264199,0,monitor_data.speed_ref
1764786264200,0,monitor_data.speed_ref
1764786264203,0,monitor_data.speed_ref
1764786264205,0,monitor_data.speed_ref
1764786264206,0,monitor_data.speed_ref
1764786264207,0,monitor_data.speed_ref
1764786264209,0,monitor_data.speed_ref
1764786264211,0,monitor_data.speed_ref
1764786264213,0,monitor_data.speed_ref
1764786264214,0,monitor_data.speed_ref
1764786264216,0,monitor_data.speed_ref
1764786264218,0,monitor_data.speed_ref
1764786264220,0,monitor_data.speed_ref
1764786264222,0,monitor_data.speed_ref
1764786264223,0,monitor_data.speed
1764786264225,0,monitor_data.speed
1764786264226,0,monitor_data.speed
1764786264228,0,monitor_data.speed
1764786264229,0,monitor_data.speed
1764786264231,0,monitor_data.speed
1764786264233,0,monitor_data.speed
1764786264234,0,monitor_data.speed
1764786264236,0,monitor_data.speed
1764786264238,0,monitor_data.speed
1764786264239,0,monitor_data.speed
1764786264241,0,monitor_data.speed
1764786264243,0,monitor_data.speed
1764786264244,0,monitor_data.speed
1764786264246,0,monitor_data.speed
1764786264248,0,monitor_data.speed
1764786264250,0,monitor_data.speed
1764786264251,0,monitor_data.speed
1764786264253,0,monitor_data.speed
1764786264255,0,monitor_data.speed
1764786264256,0,monitor_data.speed
1764786264258,0,monitor_data.speed
1764786264260,0,monitor_data.speed
1764786264262,0,monitor_data.speed
1764786264264,0,monitor_data.speed
1764786264266,0,monitor_data.speed
1764786264267,0,monitor_data.speed
1764786264269,0,monitor_data.speed
1764786264271,0,monitor_data.speed
1764786264272,0,monitor_data.speed
1764786264274,0,monitor_data.speed
1764786264223,0,monitor_data.speed_ref
1764786264225,0,monitor_data.speed_ref
1764786264226,0,monitor_data.speed_ref
1764786264228,0,monitor_data.speed_ref
1764786264229,0,monitor_data.speed_ref
1764786264231,0,monitor_data.speed_ref
1764786264233,0,monitor_data.speed_ref
1764786264234,0,monitor_data.speed_ref
1764786264236,0,monitor_data.speed_ref
1764786264238,0,monitor_data.speed_ref
1764786264239,0,monitor_data.speed_ref
1764786264241,0,monitor_data.speed_ref
1764786264243,0,monitor_data.speed_ref
1764786264244,0,monitor_data.speed_ref
1764786264246,0,monitor_data.speed_ref
1764786264248,0,monitor_data.speed_ref
1764786264250,0,monitor_data.speed_ref
1764786264251,0,monitor_data.speed_ref
1764786264253,0,monitor_data.speed_ref
1764786264255,0,monitor_data.speed_ref
1764786264256,0,monitor_data.speed_ref
1764786264258,0,monitor_data.speed_ref
1764786264260,0,monitor_data.speed_ref
1764786264262,0,monitor_data.speed_ref
1764786264264,0,monitor_data.speed_ref
1764786264266,0,monitor_data.speed_ref
1764786264267,0,monitor_data.speed_ref
1764786264269,0,monitor_data.speed_ref
1764786264271,0,monitor_data.speed_ref
1764786264272,0,monitor_data.speed_ref
1764786264274,0,monitor_data.speed_ref
1764786264276,0,monitor_data.speed
1764786264278,0,monitor_data.speed
1764786264280,0,monitor_data.speed
1764786264281,0,monitor_data.speed
1764786264282,0,monitor_data.speed
1764786264284,0,monitor_data.speed
1764786264286,0,monitor_data.speed
1764786264288,0,monitor_data.speed
1764786264289,0,monitor_data.speed
1764786264291,0,monitor_data.speed
1764786264292,0,monitor_data.speed
1764786264294,0,monitor_data.speed
1764786264296,0,monitor_data.speed
1764786264298,0,monitor_data.speed
1764786264300,0,monitor_data.speed
1764786264302,0,monitor_data.speed
1764786264304,0,monitor_data.speed
1764786264305,0,monitor_data.speed
1764786264306,0,monitor_data.speed
1764786264308,0,monitor_data.speed
1764786264310,0,monitor_data.speed
1764786264311,0,monitor_data.speed
1764786264313,0,monitor_data.speed
1764786264315,0,monitor_data.speed
1764786264316,0,monitor_data.speed
1764786264317,0,monitor_data.speed
1764786264319,0,monitor_data.speed
1764786264321,0,monitor_data.speed
1764786264323,0,monitor_data.speed
1764786264324,0,monitor_data.speed
1764786264276,0,monitor_data.speed_ref
1764786264278,0,monitor_data.speed_ref
1764786264280,0,monitor_data.speed_ref
1764786264281,0,monitor_data.speed_ref
1764786264282,0,monitor_data.speed_ref
1764786264284,0,monitor_data.speed_ref
1764786264286,0,monitor_data.speed_ref
1764786264288,0,monitor_data.speed_ref
1764786264289,0,monitor_data.speed_ref
1764786264291,0,monitor_data.speed_ref
1764786264292,0,monitor_data.speed_ref
1764786264294,0,monitor_data.speed_ref
1764786264296,0,monitor_data.speed_ref
1764786264298,0,monitor_data.speed_ref
1764786264300,0,monitor_data.speed_ref
1764786264302,0,monitor_data.speed_ref
1764786264304,0,monitor_data.speed_ref
1764786264305,0,monitor_data.speed_ref
1764786264306,0,monitor_data.speed_ref
1764786264308,0,monitor_data.speed_ref
1764786264310,0,monitor_data.speed_ref
1764786264311,0,monitor_data.speed_ref
1764786264313,0,monitor_data.speed_ref
1764786264315,0,monitor_data.speed_ref
1764786264316,0,monitor_data.speed_ref
1764786264317,0,monitor_data.speed_ref
1764786264319,0,monitor_data.speed_ref
1764786264321,0,monitor_data.speed_ref
1764786264323,0,monitor_data.speed_ref
1764786264324,0,monitor_data.speed_ref
1764786264325,0,monitor_data.speed
1764786264327,0,monitor_data.speed
1764786264328,0,monitor_data.speed
1764786264329,0,monitor_data.speed
1764786264330,0,monitor_data.speed
1764786264331,0,monitor_data.speed
1764786264333,0,monitor_data.speed
1764786264335,0,monitor_data.speed
1764786264337,0,monitor_data.speed
1764786264338,0,monitor_data.speed
1764786264340,0,monitor_data.speed
1764786264342,0,monitor_data.speed
1764786264343,0,monitor_data.speed
1764786264345,0,monitor_data.speed
1764786264346,0,monitor_data.speed
1764786264348,0,monitor_data.speed
1764786264350,0,monitor_data.speed
1764786264352,0,monitor_data.speed
1764786264353,0,monitor_data.speed
1764786264355,0,monitor_data.speed
1764786264357,0,monitor_data.speed
1764786264358,0,monitor_data.speed
1764786264360,0,monitor_data.speed
1764786264361,0,monitor_data.speed
1764786264363,0,monitor_data.speed
1764786264365,0,monitor_data.speed
1764786264367,0,monitor_data.speed
1764786264368,0,monitor_data.speed
1764786264371,0,monitor_data.speed
1764786264373,0,monitor_data.speed
1764786264374,0,monitor_data.speed
1764786264375,0,monitor_data.speed
1764786264377,0,monitor_data.speed
1764786264325,0,monitor_data.speed_ref
1764786264327,0,monitor_data.speed_ref
1764786264328,0,monitor_data.speed_ref
1764786264329,0,monitor_data.speed_ref
1764786264330,0,monitor_data.speed_ref
1764786264331,0,monitor_data.speed_ref
1764786264333,0,monitor_data.speed_ref
1764786264335,0,monitor_data.speed_ref
1764786264337,0,monitor_data.speed_ref
1764786264338,0,monitor_data.speed_ref
1764786264340,0,monitor_data.speed_ref
1764786264342,0,monitor_data.speed_ref
1764786264343,0,monitor_data.speed_ref
1764786264345,0,monitor_data.speed_ref
1764786264346,0,monitor_data.speed_ref
1764786264348,0,monitor_data.speed_ref
1764786264350,0,monitor_data.speed_ref
1764786264352,0,monitor_data.speed_ref
1764786264353,0,monitor_data.speed_ref
1764786264355,0,monitor_data.speed_ref
1764786264357,0,monitor_data.speed_ref
1764786264358,0,monitor_data.speed_ref
1764786264360,0,monitor_data.speed_ref
1764786264361,0,monitor_data.speed_ref
1764786264363,0,monitor_data.speed_ref
1764786264365,0,monitor_data.speed_ref
1764786264367,0,monitor_data.speed_ref
1764786264368,0,monitor_data.speed_ref
1764786264371,0,monitor_data.speed_ref
1764786264373,0,monitor_data.speed_ref
1764786264374,0,monitor_data.speed_ref
1764786264375,0,monitor_data.speed_ref
1764786264377,0,monitor_data.speed_ref
1764786264378,0,monitor_data.speed
1764786264380,0,monitor_data.speed
1764786264382,0,monitor_data.speed
1764786264383,0,monitor_data.speed
1764786264384,0,monitor_data.speed
1764786264385,0,monitor_data.speed
1764786264387,0,monitor_data.speed
1764786264388,0,monitor_data.speed
1764786264390,0,monitor_data.speed
1764786264392,0,monitor_data.speed
1764786264393,0,monitor_data.speed
1764786264394,0,monitor_data.speed
1764786264396,0,monitor_data.speed
1764786264398,0,monitor_data.speed
1764786264400,0,monitor_data.speed
1764786264401,0,monitor_data.speed
1764786264403,0,monitor_data.speed
1764786264405,0,monitor_data.speed
1764786264406,0,monitor_data.speed
1764786264408,0,monitor_data.speed
1764786264410,0,monitor_data.speed
1764786264412,0,monitor_data.speed
1764786264414,0,monitor_data.speed
1764786264416,0,monitor_data.speed
1764786264418,0,monitor_data.speed
1764786264420,0,monitor_data.speed
1764786264422,0,monitor_data.speed
1764786264424,0,monitor_data.speed
1764786264425,0,monitor_data.speed
1764786264427,0,monitor_data.speed
1764786264428,0,monitor_data.speed
1764786264430,0,monitor_data.speed
1764786264378,0,monitor_data.speed_ref
1764786264380,0,monitor_data.speed_ref
1764786264382,0,monitor_data.speed_ref
1764786264383,0,monitor_data.speed_ref
1764786264384,0,monitor_data.speed_ref
1764786264385,0,monitor_data.speed_ref
1764786264387,0,monitor_data.speed_ref
1764786264388,0,monitor_data.speed_ref
1764786264390,0,monitor_data.speed_ref
1764786264392,0,monitor_data.speed_ref
1764786264393,0,monitor_data.speed_ref
1764786264394,0,monitor_data.speed_ref
1764786264396,0,monitor_data.speed_ref
1764786264398,0,monitor_data.speed_ref
1764786264400,0,monitor_data.speed_ref
1764786264401,0,monitor_data.speed_ref
1764786264403,0,monitor_data.speed_ref
1764786264405,0,monitor_data.speed_ref
1764786264406,0,monitor_data.speed_ref
1764786264408,0,monitor_data.speed_ref
1764786264410,0,monitor_data.speed_ref
1764786264412,0,monitor_data.speed_ref
1764786264414,0,monitor_data.speed_ref
1764786264416,0,monitor_data.speed_ref
1764786264418,0,monitor_data.speed_ref
1764786264420,0,monitor_data.speed_ref
1764786264422,0,monitor_data.speed_ref
1764786264424,0,monitor_data.speed_ref
1764786264425,0,monitor_data.speed_ref
1764786264427,0,monitor_data.speed_ref
1764786264428,0,monitor_data.speed_ref
1764786264430,0,monitor_data.speed_ref
1764786264432,0,monitor_data.speed
1764786264434,0,monitor_data.speed
1764786264436,0,monitor_data.speed
1764786264438,0,monitor_data.speed
1764786264440,0,monitor_data.speed
1764786264441,0,monitor_data.speed
1764786264443,0,monitor_data.speed
1764786264445,0,monitor_data.speed
1764786264447,0,monitor_data.speed
1764786264449,0,monitor_data.speed
1764786264451,0,monitor_data.speed
1764786264453,0,monitor_data.speed
1764786264455,0,monitor_data.speed
1764786264457,0,monitor_data.speed
1764786264459,0,monitor_data.speed
1764786264462,0,monitor_data.speed
1764786264463,0,monitor_data.speed
1764786264465,0,monitor_data.speed
1764786264467,0,monitor_data.speed
1764786264470,0,monitor_data.speed
1764786264472,0,monitor_data.speed
1764786264474,0,monitor_data.speed
1764786264477,0,monitor_data.speed
1764786264478,0,monitor_data.speed
1764786264480,0,monitor_data.speed
1764786264482,0,monitor_data.speed
1764786264483,0,monitor_data.speed
1764786264485,0,monitor_data.speed
1764786264432,0,monitor_data.speed_ref
1764786264434,0,monitor_data.speed_ref
1764786264436,0,monitor_data.speed_ref
1764786264438,0,monitor_data.speed_ref
1764786264440,0,monitor_data.speed_ref
1764786264441,0,monitor_data.speed_ref
1764786264443,0,monitor_data.speed_ref
1764786264445,0,monitor_data.speed_ref
1764786264447,0,monitor_data.speed_ref
1764786264449,0,monitor_data.speed_ref
1764786264451,0,monitor_data.speed_ref
1764786264453,0,monitor_data.speed_ref
1764786264455,0,monitor_data.speed_ref
1764786264457,0,monitor_data.speed_ref
1764786264459,0,monitor_data.speed_ref
1764786264462,0,monitor_data.speed_ref
1764786264463,0,monitor_data.speed_ref
1764786264465,0,monitor_data.speed_ref
1764786264467,0,monitor_data.speed_ref
1764786264470,0,monitor_data.speed_ref
1764786264472,0,monitor_data.speed_ref
1764786264474,0,monitor_data.speed_ref
1764786264477,0,monitor_data.speed_ref
1764786264478,0,monitor_data.speed_ref
1764786264480,0,monitor_data.speed_ref
1764786264482,0,monitor_data.speed_ref
1764786264483,0,monitor_data.speed_ref
1764786264485,0,monitor_data.speed_ref
1764786264487,0,monitor_data.speed
1764786264489,0,monitor_data.speed
1764786264491,0,monitor_data.speed
1764786264493,0,monitor_data.speed
1764786264495,0,monitor_data.speed
1764786264496,0,monitor_data.speed
1764786264497,0,monitor_data.speed
1764786264499,0,monitor_data.speed
1764786264502,0,monitor_data.speed
1764786264504,0,monitor_data.speed
1764786264506,0,monitor_data.speed
1764786264508,0,monitor_data.speed
1764786264509,0,monitor_data.speed
1764786264511,0,monitor_data.speed
1764786264512,0,monitor_data.speed
1764786264514,0,monitor_data.speed
1764786264516,0,monitor_data.speed
1764786264518,0,monitor_data.speed
1764786264487,0,monitor_data.speed_ref
1764786264489,0,monitor_data.speed_ref
1764786264491,0,monitor_data.speed_ref
1764786264493,0,monitor_data.speed_ref
1764786264495,0,monitor_data.speed_ref
1764786264496,0,monitor_data.speed_ref
1764786264497,0,monitor_data.speed_ref
1764786264499,0,monitor_data.speed_ref
1764786264502,0,monitor_data.speed_ref
1764786264504,0,monitor_data.speed_ref
1764786264506,0,monitor_data.speed_ref
1764786264508,0,monitor_data.speed_ref
1764786264509,0,monitor_data.speed_ref
1764786264511,0,monitor_data.speed_ref
1764786264512,0,monitor_data.speed_ref
1764786264514,0,monitor_data.speed_ref
1764786264516,0,monitor_data.speed_ref
1764786264518,0,monitor_data.speed_ref
