timestamp,value,variable
1764786261214,,currents.a
1764786261214,,currents.b
1764786261214,,currents.c
1764786261214,0.12942008674144745,currents.a
1764786261217,0.19972234964370728,currents.a
1764786261221,0.27481794357299805,currents.a
1764786261225,0.32914242148399353,currents.a
1764786261228,0.37707579135894775,currents.a
1764786261232,0.42181360721588135,currents.a
1764786261234,0.43299806118011475,currents.a
1764786261237,0.44578030705451965,currents.a
1764786261241,0.44258472323417664,currents.a
1764786261243,0.425009161233902,currents.a
1764786261246,0.39944469928741455,currents.a
1764786261248,0.3690869212150574,currents.a
1764786261250,0.3275446593761444,currents.a
1764786261252,0.2828068435192108,currents.a
1764786261255,0.22209125757217407,currents.a
1764786261258,0.1453978717327118,currents.a
1764786261260,0.08148672431707382,currents.a
1764786261262,0.01917334459722042,currents.a
1764786261264,-0.039944469928741455,currents.a
1764786261214,-0.4489758610725403,currents.b
1764786261217,-0.4537692070007324,currents.b
1764786261221,-0.4409869611263275,currents.b
1764786261225,-0.42021581530570984,currents.b
1764786261228,-0.3850646913051605,currents.b
1764786261232,-0.34192466735839844,currents.b
1764786261234,-0.3035779893398285,currents.b
1764786261237,-0.22209125757217407,currents.b
1764786261241,-0.1453978717327118,currents.b
1764786261243,-0.06391115486621857,currents.b
1764786261246,0,currents.b
1764786261248,0.062313374131917953,currents.b
1764786261250,0.12782230973243713,currents.b
1764786261252,0.178951233625412,currents.b
1764786261255,0.24605792760849,currents.b
1764786261258,0.31156688928604126,currents.b
1764786261260,0.3595002293586731,currents.b
1764786261262,0.39784693717956543,currents.b
1764786261264,0.42021581530570984,currents.b
1764786261214,0.31955575942993164,currents.c
1764786261217,0.25404685735702515,currents.c
1764786261221,0.16616901755332947,currents.c
1764786261225,0.09107339382171631,currents.c
1764786261228,0.007988899946212769,currents.c
1764786261232,-0.07988893985748291,currents.c
1764786261234,-0.14060452580451965,currents.c
1764786261237,-0.22368904948234558,currents.c
1764786261241,-0.29718685150146484,currents.c
1764786261243,-0.3610979914665222,currents.c
1764786261246,-0.39944469928741455,currents.c
1764786261248,-0.4314002990722656,currents.c
1764786261250,-0.45536696910858154,currents.c
1764786261252,-0.4617580771446228,currents.c
1764786261255,-0.46814918518066406,currents.c
1764786261258,-0.45696476101875305,currents.c
1764786261260,-0.4409869611263275,currents.c
1764786261262,-0.4170202910900116,currents.c
1764786261264,-0.3802713453769684,currents.c
1764786261266,-0.09426894783973694,currents.a
1764786261269,-0.16137565672397614,currents.a
1764786261273,-0.25085127353668213,currents.a
1764786261276,-0.31156688928604126,currents.a
1764786261278,-0.3499135673046112,currents.a
1764786261281,-0.3850646913051605,currents.a
1764786261285,-0.42021581530570984,currents.a
1764786261286,-0.43459582328796387,currents.a
1764786261289,-0.4489758610725403,currents.a
1764786261291,-0.4601602852344513,currents.a
1764786261295,-0.44578030705451965,currents.a
1764786261298,-0.4154224991798401,currents.a
1764786261300,-0.39145582914352417,currents.a
1764786261303,-0.35470688343048096,currents.a
1764786261306,-0.29878464341163635,currents.a
1764786261309,-0.260437935590744,currents.a
1764786261311,-0.22209125757217407,currents.a
1764786261313,-0.16137565672397614,currents.a
1764786261315,-0.1118445172905922,currents.a
1764786261317,-0.0671067088842392,currents.a
1764786261266,0.439389169216156,currents.b
1764786261269,0.4521713852882385,currents.b
1764786261273,0.4489758610725403,currents.b
1764786261276,0.43459582328796387,currents.b
1764786261278,0.41062915325164795,currents.b
1764786261281,0.3834669291973114,currents.b
1764786261285,0.33074021339416504,currents.b
1764786261286,0.3035779893398285,currents.b
1764786261289,0.24446016550064087,currents.b
1764786261291,0.19492901861667633,currents.b
1764786261295,0.09426894783973694,currents.b
1764786261298,0.0223689042031765,currents.b
1764786261300,-0.03195557743310928,currents.b
1764786261303,-0.09426894783973694,currents.b
1764786261306,-0.17575567960739136,currents.b
1764786261309,-0.2236890345811844,currents.b
1764786261311,-0.2620357275009155,currents.b
1764786261313,-0.3035779893398285,currents.b
1764786261315,-0.34192466735839844,currents.b
1764786261317,-0.37867358326911926,currents.b
1764786261266,-0.34512022137641907,currents.c
1764786261269,-0.2907957434654236,currents.c
1764786261273,-0.19013568758964539,currents.c
1764786261276,-0.12302893400192261,currents.c
1764786261278,-0.06071558594703674,currents.c
1764786261281,0.001597762107849121,currents.c
1764786261285,0.09746450185775757,currents.c
1764786261286,0.13101783394813538,currents.c
1764786261289,0.20451569557189941,currents.c
1764786261291,0.26523125171661377,currents.c
1764786261295,0.34352245926856995,currents.c
1764786261298,0.40104249119758606,currents.c
1764786261300,0.42341139912605286,currents.c
1764786261303,0.4489758312702179,currents.c
1764786261306,0.4745403230190277,currents.c
1764786261309,0.4841269850730896,currents.c
1764786261311,0.4841269850730896,currents.c
1764786261313,0.4649536609649658,currents.c
1764786261315,0.45376917719841003,currents.c
1764786261317,0.4377914071083069,currents.c
1764786261319,-0.01917334459722042,currents.a
1764786261321,0.0335533544421196,currents.a
1764786261324,0.089475616812706,currents.a
1764786261326,0.14060454070568085,currents.a
1764786261329,0.19333124160766602,currents.a
1764786261331,0.24925349652767181,currents.a
1764786261334,0.28440460562705994,currents.a
1764786261336,0.32914242148399353,currents.a
1764786261338,0.3626957833766937,currents.a
1764786261341,0.39784693717956543,currents.a
1764786261344,0.425009161233902,currents.a
1764786261346,0.4377914071083069,currents.a
1764786261348,0.4473780691623688,currents.a
1764786261351,0.44578030705451965,currents.a
1764786261353,0.4361936151981354,currents.a
1764786261355,0.4266069531440735,currents.a
1764786261358,0.3930535912513733,currents.a
1764786261361,0.3515113592147827,currents.a
1764786261363,0.30837130546569824,currents.a
1764786261366,0.24925349652767181,currents.a
1764786261368,0.1901356726884842,currents.a
1764786261319,-0.39784693717956543,currents.b
1764786261321,-0.4170202612876892,currents.b
1764786261324,-0.4409869611263275,currents.b
1764786261326,-0.4505736231803894,currents.b
1764786261329,-0.45536696910858154,currents.b
1764786261331,-0.44578030705451965,currents.b
1764786261334,-0.4377914071083069,currents.b
1764786261336,-0.4266069531440735,currents.b
1764786261338,-0.4042380154132843,currents.b
1764786261341,-0.37547802925109863,currents.b
1764786261344,-0.33393579721450806,currents.b
1764786261346,-0.2955890893936157,currents.b
1764786261348,-0.25244903564453125,currents.b
1764786261351,-0.19333124160766602,currents.b
1764786261353,-0.13900676369667053,currents.b
1764786261355,-0.06550893187522888,currents.b
1764786261358,0.01118445210158825,currents.b
1764786261361,0.08148672431707382,currents.b
1764786261363,0.15019120275974274,currents.b
1764786261366,0.21889570355415344,currents.b
1764786261368,0.2828068435192108,currents.b
1764786261319,0.4170202910900116,currents.c
1764786261321,0.383466899394989,currents.c
1764786261324,0.3515113592147827,currents.c
1764786261326,0.30996906757354736,currents.c
1764786261329,0.2620357275009155,currents.c
1764786261331,0.19652681052684784,currents.c
1764786261334,0.15338680148124695,currents.c
1764786261336,0.09746453166007996,currents.c
1764786261338,0.03355333209037781,currents.c
1764786261341,-0.022368907928466797,currents.c
1764786261344,-0.09107336401939392,currents.c
1764786261346,-0.14220231771469116,currents.c
1764786261348,-0.19492903351783752,currents.c
1764786261351,-0.25244906544685364,currents.c
1764786261353,-0.29718685150146484,currents.c
1764786261355,-0.3610980212688446,currents.c
1764786261358,-0.4042380452156067,currents.c
1764786261361,-0.43299809098243713,currents.c
1764786261363,-0.4585624933242798,currents.c
1764786261366,-0.46814918518066406,currents.c
1764786261368,-0.4729425311088562,currents.c
1764786261370,0.123028963804245,currents.a
1764786261373,0.04633558541536331,currents.a
1764786261375,-0.0223689042031765,currents.a
1764786261378,-0.08628005534410477,currents.a
1764786261380,-0.1469956636428833,currents.a
1764786261382,-0.19972234964370728,currents.a
1764786261385,-0.25404682755470276,currents.a
1764786261386,-0.28760018944740295,currents.a
1764786261390,-0.3355335593223572,currents.a
1764786261392,-0.37707579135894775,currents.a
1764786261395,-0.41062915325164795,currents.a
1764786261398,-0.4361936151981354,currents.a
1764786261400,-0.4409869611263275,currents.a
1764786261403,-0.45696473121643066,currents.a
1764786261405,-0.4585625231266022,currents.a
1764786261408,-0.4314002990722656,currents.a
1764786261410,-0.4186180531978607,currents.a
1764786261412,-0.38826024532318115,currents.a
1764786261415,-0.35470688343048096,currents.a
1764786261417,-0.31156688928604126,currents.a
1764786261420,-0.2700246274471283,currents.a
1764786261370,0.33074021339416504,currents.b
1764786261373,0.37867358326911926,currents.b
1764786261375,0.41222691535949707,currents.b
1764786261378,0.4361936151981354,currents.b
1764786261380,0.4505736231803894,currents.b
1764786261382,0.4537692070007324,currents.b
1764786261385,0.44578030705451965,currents.b
1764786261386,0.4361936151981354,currents.b
1764786261390,0.41382473707199097,currents.b
1764786261392,0.38985803723335266,currents.b
1764786261395,0.35310912132263184,currents.b
1764786261398,0.31156688928604126,currents.b
1764786261400,0.26523128151893616,currents.b
1764786261403,0.20611345767974854,currents.b
1764786261405,0.1469956636428833,currents.b
1764786261408,0.0671067088842392,currents.b
1764786261410,0.01597778871655464,currents.b
1764786261412,-0.036748915910720825,currents.b
1764786261415,-0.10545340180397034,currents.b
1764786261417,-0.15338675677776337,currents.b
1764786261420,-0.20611345767974854,currents.b
1764786261370,-0.45376917719841003,currents.c
1764786261373,-0.4314002990722656,currents.c
1764786261375,-0.3898580074310303,currents.c
1764786261378,-0.3467180132865906,currents.c
1764786261380,-0.3035779595375061,currents.c
1764786261382,-0.25404685735702515,currents.c
1764786261385,-0.1917334794998169,currents.c
1764786261386,-0.14859342575073242,currents.c
1764786261390,-0.07829117774963379,currents.c
1764786261392,-0.012782245874404907,currents.c
1764786261395,0.05752003192901611,currents.c
1764786261398,0.12462672591209412,currents.c
1764786261400,0.18374457955360413,currents.c
1764786261403,0.25085127353668213,currents.c
1764786261405,0.31156685948371887,currents.c
1764786261408,0.36429357528686523,currents.c
1764786261410,0.40104246139526367,currents.c
1764786261412,0.425009161233902,currents.c
1764786261415,0.4601602852344513,currents.c
1764786261417,0.4649536609649658,currents.c
1764786261420,0.47613808512687683,currents.c
1764786261422,-0.23008014261722565,currents.a
1764786261424,-0.18214677274227142,currents.a
1764786261426,-0.12462674826383591,currents.a
1764786261429,-0.07190004736185074,currents.a
1764786261431,-0.01118445210158825,currents.a
1764786261433,0.044737808406353,currents.a
1764786261435,0.08628005534410477,currents.a
1764786261437,0.12782230973243713,currents.a
1764786261440,0.18694013357162476,currents.a
1764786261443,0.23327571153640747,currents.a
1764786261445,0.28600242733955383,currents.a
1764786261448,0.3355335593223572,currents.a
1764786261451,0.3610980212688446,currents.a
1764786261453,0.39145582914352417,currents.a
1764786261456,0.425009161233902,currents.a
1764786261458,0.44578030705451965,currents.a
1764786261461,0.44578030705451965,currents.a
1764786261463,0.4473780691623688,currents.a
1764786261465,0.44258472323417664,currents.a
1764786261467,0.42341139912605286,currents.a
1764786261469,0.39944469928741455,currents.a
1764786261471,0.37547802925109863,currents.a
1764786261422,-0.2476557195186615,currents.b
1764786261424,-0.2907957434654236,currents.b
1764786261426,-0.3355335593223572,currents.b
1764786261429,-0.3690869212150574,currents.b
1764786261431,-0.40104249119758606,currents.b
1764786261433,-0.42181360721588135,currents.b
1764786261435,-0.4361936151981354,currents.b
1764786261437,-0.4489758610725403,currents.b
1764786261440,-0.4521713852882385,currents.b
1764786261443,-0.4489758610725403,currents.b
1764786261445,-0.439389169216156,currents.b
1764786261448,-0.4266069531440735,currents.b
1764786261451,-0.40104249119758606,currents.b
1764786261453,-0.37707579135894775,currents.b
1764786261456,-0.33233797550201416,currents.b
1764786261458,-0.2891979515552521,currents.b
1764786261461,-0.24126459658145905,currents.b
1764786261463,-0.1901356726884842,currents.b
1764786261465,-0.12942008674144745,currents.b
1764786261467,-0.08308449387550354,currents.b
1764786261469,-0.01597778871655464,currents.b
1764786261471,0.044737808406353,currents.b
1764786261422,0.47773587703704834,currents.c
1764786261424,0.4729425311088562,currents.c
1764786261426,0.4601603150367737,currents.c
1764786261429,0.4409869611263275,currents.c
1764786261431,0.41062912344932556,currents.c
1764786261433,0.37707579135894775,currents.c
1764786261435,0.3499135673046112,currents.c
1764786261437,0.32115355134010315,currents.c
1764786261440,0.26523125171661377,currents.c
1764786261443,0.2157001495361328,currents.c
1764786261445,0.15338674187660217,currents.c
1764786261448,0.09107339382171631,currents.c
1764786261451,0.039944469928741455,currents.c
1764786261453,-0.014380037784576416,currents.c
1764786261456,-0.09267118573188782,currents.c
1764786261458,-0.1485934555530548,currents.c
1764786261461,-0.2045157104730606,currents.c
1764786261463,-0.2572423815727234,currents.c
1764786261465,-0.3131646513938904,currents.c
1764786261467,-0.3403269052505493,currents.c
1764786261469,-0.383466899394989,currents.c
1764786261471,-0.4202158451080322,currents.c
1764786261473,0.33393579721450806,currents.a
1764786261476,0.28440460562705994,currents.a
1764786261478,0.23008014261722565,currents.a
1764786261480,0.19652679562568665,currents.a
1764786261482,0.12782230973243713,currents.a
1764786261484,0.06071559712290764,currents.a
1764786261486,0.00798889435827732,currents.a
1764786261489,-0.0671067088842392,currents.a
1764786261491,-0.11983340978622437,currents.a
1764786261493,-0.17415788769721985,currents.a
1764786261494,-0.20451569557189941,currents.a
1764786261497,-0.2588401734828949,currents.a
1764786261500,-0.30837130546569824,currents.a
1764786261503,-0.35470688343048096,currents.a
1764786261506,-0.3962491452693939,currents.a
1764786261508,-0.4186180531978607,currents.a
1764786261510,-0.4361936151981354,currents.a
1764786261512,-0.44418251514434814,currents.a
1764786261515,-0.45536696910858154,currents.a
1764786261516,-0.45536696910858154,currents.a
1764786261518,-0.44578030705451965,currents.a
1764786261520,-0.4361936151981354,currents.a
1764786261523,-0.41062915325164795,currents.a
1764786261473,0.10864895582199097,currents.b
1764786261476,0.1693645566701889,currents.b
1764786261478,0.23167793452739716,currents.b
1764786261480,0.27481794357299805,currents.b
1764786261482,0.3259468972682953,currents.b
1764786261484,0.3706846833229065,currents.b
1764786261486,0.39944469928741455,currents.b
1764786261489,0.43459582328796387,currents.b
1764786261491,0.4473780691623688,currents.b
1764786261493,0.4521713852882385,currents.b
1764786261494,0.4537692070007324,currents.b
1764786261497,0.4473780691623688,currents.b
1764786261500,0.4298025071620941,currents.b
1764786261503,0.39784693717956543,currents.b
1764786261506,0.37547802925109863,currents.b
1764786261508,0.3387291133403778,currents.b
1764786261510,0.30996909737586975,currents.b
1764786261512,0.260437935590744,currents.b
1764786261515,0.20611345767974854,currents.b
1764786261516,0.1693645566701889,currents.b
1764786261518,0.1342134177684784,currents.b
1764786261520,0.07030227035284042,currents.b
1764786261523,0.00798889435827732,currents.b
1764786261473,-0.442584753036499,currents.c
1764786261476,-0.45376914739608765,currents.c
1764786261478,-0.4617580771446228,currents.c
1764786261480,-0.4713447391986847,currents.c
1764786261482,-0.4537692070007324,currents.c
1764786261484,-0.42980247735977173,currents.c
1764786261486,-0.4074335992336273,currents.c
1764786261489,-0.3674890995025635,currents.c
1764786261491,-0.3275446593761444,currents.c
1764786261493,-0.2780134975910187,currents.c
1764786261494,-0.249253511428833,currents.c
1764786261497,-0.18853789567947388,currents.c
1764786261500,-0.12143120169639587,currents.c
1764786261503,-0.04314005374908447,currents.c
1764786261506,0.020771116018295288,currents.c
1764786261508,0.07988893985748291,currents.c
1764786261510,0.12622451782226562,currents.c
1764786261512,0.18374457955360413,currents.c
1764786261515,0.249253511428833,currents.c
1764786261516,0.28600239753723145,currents.c
1764786261518,0.31156688928604126,currents.c
1764786261520,0.36589133739471436,currents.c
1764786261523,0.4026402533054352,currents.c
1764786261525,-0.38985803723335266,currents.a
1764786261527,-0.357902467250824,currents.a
1764786261529,-0.3147624135017395,currents.a
1764786261531,-0.28600242733955383,currents.a
1764786261533,-0.23327571153640747,currents.a
1764786261535,-0.19972234964370728,currents.a
1764786261538,-0.12782230973243713,currents.a
1764786261540,-0.0782911628484726,currents.a
1764786261543,-0.012782230973243713,currents.a
1764786261546,0.04633558541536331,currents.a
1764786261548,0.089475616812706,currents.a
1764786261549,0.12462674826383591,currents.a
1764786261551,0.17415788769721985,currents.a
1764786261554,0.22209125757217407,currents.a
1764786261556,0.26523128151893616,currents.a
1764786261559,0.30677351355552673,currents.a
1764786261561,0.34512022137641907,currents.a
1764786261562,0.36748912930488586,currents.a
1764786261563,0.3738802671432495,currents.a
1764786261565,0.3962491452693939,currents.a
1764786261567,0.42181360721588135,currents.a
1764786261569,0.43299806118011475,currents.a
1764786261572,0.44578030705451965,currents.a
1764786261574,0.44258472323417664,currents.a
1764786261576,0.4489758610725403,currents.a
1764786261578,0.43459582328796387,currents.a
1764786261580,0.41062915325164795,currents.a
1764786261582,0.3946513533592224,currents.a
1764786261525,-0.04633558541536331,currents.b
1764786261527,-0.09906228631734848,currents.b
1764786261529,-0.15019120275974274,currents.b
1764786261531,-0.1917334645986557,currents.b
1764786261533,-0.24126459658145905,currents.b
1764786261535,-0.2732201814651489,currents.b
1764786261538,-0.33233797550201416,currents.b
1764786261540,-0.36429354548454285,currents.b
1764786261543,-0.4026402533054352,currents.b
1764786261546,-0.42181360721588135,currents.b
1764786261548,-0.439389169216156,currents.b
1764786261549,-0.4489758610725403,currents.b
1764786261551,-0.4521713852882385,currents.b
1764786261554,-0.4489758610725403,currents.b
1764786261556,-0.44578030705451965,currents.b
1764786261559,-0.43459582328796387,currents.b
1764786261561,-0.4154224991798401,currents.b
1764786261562,-0.39784693717956543,currents.b
1764786261563,-0.39145582914352417,currents.b
1764786261565,-0.3706846833229065,currents.b
1764786261567,-0.34032687544822693,currents.b
1764786261569,-0.3035779893398285,currents.b
1764786261572,-0.26363351941108704,currents.b
1764786261574,-0.1917334645986557,currents.b
1764786261576,-0.14859342575073242,currents.b
1764786261578,-0.09746450930833817,currents.b
1764786261580,-0.03834668919444084,currents.b
1764786261582,0.0015977788716554642,currents.b
1764786261525,0.4361936151981354,currents.c
1764786261527,0.45696476101875305,currents.c
1764786261529,0.46495360136032104,currents.c
1764786261531,0.47773587703704834,currents.c
1764786261533,0.4745402932167053,currents.c
1764786261535,0.4729425311088562,currents.c
1764786261538,0.4601602852344513,currents.c
1764786261540,0.44258469343185425,currents.c
1764786261543,0.4154224991798401,currents.c
1764786261546,0.37547802925109863,currents.c
1764786261548,0.3483157753944397,currents.c
1764786261549,0.3163602352142334,currents.c
1764786261551,0.2780134975910187,currents.c
1764786261554,0.2268846035003662,currents.c
1764786261556,0.17415791749954224,currents.c
1764786261559,0.11983340978622437,currents.c
1764786261561,0.07030227780342102,currents.c
1764786261562,0.030357807874679565,currents.c
1764786261563,0.017575562000274658,currents.c
1764786261565,-0.025564461946487427,currents.c
1764786261567,-0.07988893985748291,currents.c
1764786261569,-0.12942007184028625,currents.c
1764786261572,-0.18214678764343262,currents.c
1764786261574,-0.25085127353668213,currents.c
1764786261576,-0.30038243532180786,currents.c
1764786261578,-0.3371313214302063,currents.c
1764786261580,-0.372282475233078,currents.c
1764786261582,-0.3962491452693939,currents.c
1764786261584,0.3690869212150574,currents.a
1764786261586,0.33074021339416504,currents.a
1764786261589,0.2668290436267853,currents.a
1764786261591,0.21090680360794067,currents.a
1764786261593,0.16457121074199677,currents.a
1764786261594,0.12622451782226562,currents.a
1764786261595,0.089475616812706,currents.a
1764786261597,0.044737808406353,currents.a
1764786261598,0.006391115486621857,currents.a
1764786261600,-0.04314002767205238,currents.a
1764786261601,-0.08308449387550354,currents.a
1764786261604,-0.15338675677776337,currents.a
1764786261606,-0.2013201266527176,currents.a
1764786261608,-0.25404682755470276,currents.a
1764786261610,-0.2907957434654236,currents.a
1764786261613,-0.32115355134010315,currents.a
1764786261615,-0.3626957833766937,currents.a
1764786261617,-0.38985803723335266,currents.a
1764786261619,-0.4058358371257782,currents.a
1764786261621,-0.4314002990722656,currents.a
1764786261624,-0.4521713852882385,currents.a
1764786261626,-0.4521713852882385,currents.a
1764786261629,-0.4521713852882385,currents.a
1764786261584,0.06550893187522888,currents.b
1764786261586,0.11024674028158188,currents.b
1764786261589,0.19333124160766602,currents.b
1764786261591,0.260437935590744,currents.b
1764786261593,0.3003824055194855,currents.b
1764786261594,0.3243490755558014,currents.b
1764786261595,0.35470688343048096,currents.b
1764786261597,0.37867358326911926,currents.b
1764786261598,0.39944469928741455,currents.b
1764786261600,0.425009161233902,currents.b
1764786261601,0.439389169216156,currents.b
1764786261604,0.4489758610725403,currents.b
1764786261606,0.4521713852882385,currents.b
1764786261608,0.44578030705451965,currents.b
1764786261610,0.439389169216156,currents.b
1764786261613,0.42181360721588135,currents.b
1764786261615,0.4042380154132843,currents.b
1764786261617,0.37867358326911926,currents.b
1764786261619,0.3595002293586731,currents.b
1764786261621,0.3275446593761444,currents.b
1764786261624,0.2620357275009155,currents.b
1764786261626,0.21729791164398193,currents.b
1764786261629,0.14380009472370148,currents.b
1764786261584,-0.43459585309028625,currents.c
1764786261586,-0.4409869611263275,currents.c
1764786261589,-0.4601602852344513,currents.c
1764786261591,-0.4713447391986847,currents.c
1764786261593,-0.46495360136032104,currents.c
1764786261594,-0.450573593378067,currents.c
1764786261595,-0.44418251514434814,currents.c
1764786261597,-0.42341139912605286,currents.c
1764786261598,-0.4058358073234558,currents.c
1764786261600,-0.3818691372871399,currents.c
1764786261601,-0.35630467534065247,currents.c
1764786261604,-0.2955890893936157,currents.c
1764786261606,-0.25085127353668213,currents.c
1764786261608,-0.1917334794998169,currents.c
1764786261610,-0.14859342575073242,currents.c
1764786261613,-0.09906229376792908,currents.c
1764786261615,-0.041542232036590576,currents.c
1764786261617,0.011184453964233398,currents.c
1764786261619,0.0463356077671051,currents.c
1764786261621,0.10385563969612122,currents.c
1764786261624,0.190135657787323,currents.c
1764786261626,0.2348734736442566,currents.c
1764786261629,0.30837130546569824,currents.c
1764786261631,-0.439389169216156,currents.a
1764786261633,-0.4186180531978607,currents.a
1764786261636,-0.3962491452693939,currents.a
1764786261639,-0.3610980212688446,currents.a
1764786261641,-0.3179579973220825,currents.a
1764786261642,-0.2923935055732727,currents.a
1764786261643,-0.2684268355369568,currents.a
1764786261645,-0.23487348854541779,currents.a
1764786261647,-0.19652679562568665,currents.a
1764786261649,-0.15338675677776337,currents.a
1764786261651,-0.10545340180397034,currents.a
1764786261653,-0.06870448589324951,currents.a
1764786261655,-0.01118445210158825,currents.a
1764786261657,0.04314002767205238,currents.a
1764786261660,0.09107338637113571,currents.a
1764786261662,0.14220230281352997,currents.a
1764786261665,0.2029179185628891,currents.a
1764786261666,0.23806904256343842,currents.a
1764786261668,0.2732201814651489,currents.a
1764786261670,0.3035779893398285,currents.a
1764786261672,0.3259468972682953,currents.a
1764786261674,0.35630467534065247,currents.a
1764786261676,0.3834669291973114,currents.a
1764786261678,0.3962491452693939,currents.a
1764786261680,0.42021581530570984,currents.a
1764786261682,0.4377914071083069,currents.a
1764786261683,0.44578030705451965,currents.a
1764786261631,0.09107338637113571,currents.b
1764786261633,0.020771123468875885,currents.b
1764786261636,-0.028760017827153206,currents.b
1764786261639,-0.1006600633263588,currents.b
1764786261641,-0.14380009472370148,currents.b
1764786261642,-0.18853789567947388,currents.b
1764786261643,-0.20771124958992004,currents.b
1764786261645,-0.23966681957244873,currents.b
1764786261647,-0.27641573548316956,currents.b
1764786261649,-0.316360205411911,currents.b
1764786261651,-0.3467179834842682,currents.b
1764786261653,-0.3722824454307556,currents.b
1764786261655,-0.4058358371257782,currents.b
1764786261657,-0.425009161233902,currents.b
1764786261660,-0.4409869611263275,currents.b
1764786261662,-0.4489758610725403,currents.b
1764786261665,-0.45536696910858154,currents.b
1764786261666,-0.4505736231803894,currents.b
1764786261668,-0.44578030705451965,currents.b
1764786261670,-0.43459582328796387,currents.b
1764786261672,-0.4266069531440735,currents.b
1764786261674,-0.4042380154132843,currents.b
1764786261676,-0.38826024532318115,currents.b
1764786261678,-0.3610980212688446,currents.b
1764786261680,-0.3355335593223572,currents.b
1764786261682,-0.29718685150146484,currents.b
1764786261683,-0.2684268355369568,currents.b
1764786261631,0.3483157753944397,currents.c
1764786261633,0.39784693717956543,currents.c
1764786261636,0.425009161233902,currents.c
1764786261639,0.4617580771446228,currents.c
1764786261641,0.4617580771446228,currents.c
1764786261642,0.4809314012527466,currents.c
1764786261643,0.47613808512687683,currents.c
1764786261645,0.4745402932167053,currents.c
1764786261647,0.4729425311088562,currents.c
1764786261649,0.4697469472885132,currents.c
1764786261651,0.4521713852882385,currents.c
1764786261653,0.4409869313240051,currents.c
1764786261655,0.4170202910900116,currents.c
1764786261657,0.3818691372871399,currents.c
1764786261660,0.3499135673046112,currents.c
1764786261662,0.3067735433578491,currents.c
1764786261665,0.25244903564453125,currents.c
1764786261666,0.212504580616951,currents.c
1764786261668,0.17256012558937073,currents.c
1764786261670,0.13261562585830688,currents.c
1764786261672,0.08628007769584656,currents.c
1764786261674,0.047933340072631836,currents.c
1764786261676,0.004793316125869751,currents.c
1764786261678,-0.035151124000549316,currents.c
1764786261680,-0.08787783980369568,currents.c
1764786261682,-0.14060455560684204,currents.c
1764786261683,-0.17735347151756287,currents.c
1764786261685,0.4505736231803894,currents.a
1764786261687,0.4473780691623688,currents.a
1764786261690,0.4314002990722656,currents.a
1764786261692,0.4154224991798401,currents.a
1764786261693,0.3962491452693939,currents.a
1764786261695,0.3850646913051605,currents.a
1764786261696,0.35310912132263184,currents.a
1764786261698,0.3243490755558014,currents.a
1764786261699,0.2955890893936157,currents.a
1764786261701,0.24126459658145905,currents.a
1764786261703,0.2141023576259613,currents.a
1764786261705,0.14060454070568085,currents.a
1764786261707,0.08148672431707382,currents.a
1764786261709,0.023966683074831963,currents.a
1764786261711,-0.01597778871655464,currents.a
1764786261712,-0.062313374131917953,currents.a
1764786261714,-0.10705117881298065,currents.a
1764786261716,-0.1453978717327118,currents.a
1764786261717,-0.18534234166145325,currents.a
1764786261719,-0.212504580616951,currents.a
1764786261721,-0.2716223895549774,currents.a
1764786261723,-0.2923935055732727,currents.a
1764786261725,-0.32914242148399353,currents.a
1764786261726,-0.3499135673046112,currents.a
1764786261728,-0.37547802925109863,currents.a
1764786261730,-0.4026402533054352,currents.a
1764786261733,-0.4361936151981354,currents.a
1764786261735,-0.44258472323417664,currents.a
1764786261685,-0.22848236560821533,currents.b
1764786261687,-0.1677667796611786,currents.b
1764786261690,-0.09586673229932785,currents.b
1764786261692,-0.04314002767205238,currents.b
1764786261693,-0.0031955577433109283,currents.b
1764786261695,0.0335533544421196,currents.b
1764786261696,0.0782911628484726,currents.b
1764786261698,0.12462674826383591,currents.b
1764786261699,0.16297344863414764,currents.b
1764786261701,0.2236890345811844,currents.b
1764786261703,0.2684268355369568,currents.b
1764786261705,0.3147624135017395,currents.b
1764786261707,0.35630467534065247,currents.b
1764786261709,0.38985803723335266,currents.b
1764786261711,0.41062915325164795,currents.b
1764786261712,0.4282047152519226,currents.b
1764786261714,0.44258472323417664,currents.b
1764786261716,0.4521713852882385,currents.b
1764786261717,0.4537692070007324,currents.b
1764786261719,0.4537692070007324,currents.b
1764786261721,0.44418251514434814,currents.b
1764786261723,0.4377914071083069,currents.b
1764786261725,0.42021581530570984,currents.b
1764786261726,0.4058358371257782,currents.b
1764786261728,0.38666248321533203,currents.b
1764786261730,0.36429354548454285,currents.b
1764786261733,0.3147624135017395,currents.b
1764786261735,0.2716223895549774,currents.b
1764786261685,-0.22209125757217407,currents.c
1764786261687,-0.2796112895011902,currents.c
1764786261690,-0.3355335593223572,currents.c
1764786261692,-0.372282475233078,currents.c
1764786261693,-0.3930535912513733,currents.c
1764786261695,-0.4186180531978607,currents.c
1764786261696,-0.4314002990722656,currents.c
1764786261698,-0.4489758312702179,currents.c
1764786261699,-0.45856255292892456,currents.c
1764786261701,-0.46495363116264343,currents.c
1764786261703,-0.4825291931629181,currents.c
1764786261705,-0.45536696910858154,currents.c
1764786261707,-0.4377914071083069,currents.c
1764786261709,-0.4138247072696686,currents.c
1764786261711,-0.3946513533592224,currents.c
1764786261712,-0.36589133739471436,currents.c
1764786261714,-0.3355335593223572,currents.c
1764786261716,-0.30677351355552673,currents.c
1764786261717,-0.2684268653392792,currents.c
1764786261719,-0.24126462638378143,currents.c
1764786261721,-0.17256012558937073,currents.c
1764786261723,-0.14539790153503418,currents.c
1764786261725,-0.09107339382171631,currents.c
1764786261726,-0.05592226982116699,currents.c
1764786261728,-0.011184453964233398,currents.c
1764786261730,0.038346707820892334,currents.c
1764786261733,0.11823564767837524,currents.c
1764786261735,0.17096233367919922,currents.c
1764786261737,-0.4521713852882385,currents.a
1764786261741,-0.4473780691623688,currents.a
1764786261742,-0.4377914071083069,currents.a
1764786261744,-0.4266069531440735,currents.a
1764786261746,-0.40903139114379883,currents.a
1764786261748,-0.40104249119758606,currents.a
1764786261750,-0.3722824454307556,currents.a
1764786261751,-0.3515113592147827,currents.a
1764786261752,-0.3275446593761444,currents.a
1764786261754,-0.28600242733955383,currents.a
1764786261756,-0.25404682755470276,currents.a
1764786261758,-0.20771124958992004,currents.a
1764786261760,-0.178951233625412,currents.a
1764786261761,-0.13900676369667053,currents.a
1764786261763,-0.10864895582199097,currents.a
1764786261764,-0.07030227035284042,currents.a
1764786261766,-0.02716223895549774,currents.a
1764786261768,0.023966683074831963,currents.a
1764786261771,0.08628005534410477,currents.a
1764786261773,0.12942008674144745,currents.a
1764786261775,0.17096233367919922,currents.a
1764786261777,0.21729791164398193,currents.a
1764786261779,0.25244903564453125,currents.a
1764786261781,0.2891979515552521,currents.a
1764786261783,0.31156688928604126,currents.a
1764786261785,0.34032687544822693,currents.a
1764786261787,0.36589136719703674,currents.a
1764786261789,0.38666248321533203,currents.a
1764786261737,0.2236890345811844,currents.b
1764786261741,0.15019120275974274,currents.b
1764786261742,0.10385562479496002,currents.b
1764786261744,0.05752003565430641,currents.b
1764786261746,0.00958667229861021,currents.b
1764786261748,-0.02716223895549774,currents.b
1764786261750,-0.07349783182144165,currents.b
1764786261751,-0.10864895582199097,currents.b
1764786261752,-0.14220230281352997,currents.b
1764786261754,-0.18694013357162476,currents.b
1764786261756,-0.22848236560821533,currents.b
1764786261758,-0.2668290436267853,currents.b
1764786261760,-0.2939913272857666,currents.b
1764786261761,-0.31955575942993164,currents.b
1764786261763,-0.34352245926856995,currents.b
1764786261764,-0.3690869212150574,currents.b
1764786261766,-0.3962491452693939,currents.b
1764786261768,-0.4186180531978607,currents.b
1764786261771,-0.4377914071083069,currents.b
1764786261773,-0.44418251514434814,currents.b
1764786261775,-0.4521713852882385,currents.b
1764786261777,-0.4537692070007324,currents.b
1764786261779,-0.4505736231803894,currents.b
1764786261781,-0.4377914071083069,currents.b
1764786261783,-0.4266069531440735,currents.b
1764786261785,-0.4154224991798401,currents.b
1764786261787,-0.3962491452693939,currents.b
1764786261789,-0.3722824454307556,currents.b
1764786261737,0.22848235070705414,currents.c
1764786261741,0.29718685150146484,currents.c
1764786261742,0.33393579721450806,currents.c
1764786261744,0.3786735534667969,currents.c
1764786261746,0.39944472908973694,currents.c
1764786261748,0.4282047152519226,currents.c
1764786261750,0.442584753036499,currents.c
1764786261751,0.4601603150367737,currents.c
1764786261752,0.4697469472885132,currents.c
1764786261754,0.4729425609111786,currents.c
1764786261756,0.4825291931629181,currents.c
1764786261758,0.4745402932167053,currents.c
1764786261760,0.4729425609111786,currents.c
1764786261761,0.4585625231266022,currents.c
1764786261763,0.4521714150905609,currents.c
1764786261764,0.4393891990184784,currents.c
1764786261766,0.42341136932373047,currents.c
1764786261768,0.3946513831615448,currents.c
1764786261771,0.3515113592147827,currents.c
1764786261773,0.31955575942993164,currents.c
1764786261775,0.2812090516090393,currents.c
1764786261777,0.2364712953567505,currents.c
1764786261779,0.19812458753585815,currents.c
1764786261781,0.1453978419303894,currents.c
1764786261783,0.11504006385803223,currents.c
1764786261785,0.07509562373161316,currents.c
1764786261787,0.030357778072357178,currents.c
1764786261789,-0.014380037784576416,currents.c
1764786261791,0.42021581530570984,currents.a
1764786261792,0.4266069531440735,currents.a
1764786261794,0.44418251514434814,currents.a
1764786261796,0.44258472323417664,currents.a
1764786261798,0.44578030705451965,currents.a
1764786261800,0.44418251514434814,currents.a
1764786261801,0.4409869611263275,currents.a
1764786261803,0.4186180531978607,currents.a
1764786261805,0.4026402533054352,currents.a
1764786261807,0.3850646913051605,currents.a
1764786261809,0.3467179834842682,currents.a
1764786261811,0.3147624135017395,currents.a
1764786261812,0.26523128151893616,currents.a
1764786261814,0.23167793452739716,currents.a
1764786261816,0.1677667796611786,currents.a
1764786261818,0.09746450930833817,currents.a
1764786261822,0.00798889435827732,currents.a
1764786261823,-0.036748915910720825,currents.a
1764786261825,-0.09107338637113571,currents.a
1764786261826,-0.11823563277721405,currents.a
1764786261828,-0.15498454868793488,currents.a
1764786261830,-0.18853789567947388,currents.a
1764786261831,-0.22848236560821533,currents.a
1764786261833,-0.2732201814651489,currents.a
1764786261834,-0.2939913272857666,currents.a
1764786261836,-0.32115355134010315,currents.a
1764786261838,-0.3467179834842682,currents.a
1764786261840,-0.3706846833229065,currents.a
1764786261791,-0.3467179834842682,currents.b
1764786261792,-0.32115355134010315,currents.b
1764786261794,-0.2891979515552521,currents.b
1764786261796,-0.24286238849163055,currents.b
1764786261798,-0.1901356726884842,currents.b
1764786261800,-0.16297344863414764,currents.b
1764786261801,-0.11663785576820374,currents.b
1764786261803,-0.059117816388607025,currents.b
1764786261805,-0.006391115486621857,currents.b
1764786261807,0.03834668919444084,currents.b
1764786261809,0.09267117083072662,currents.b
1764786261811,0.14859342575073242,currents.b
1764786261812,0.19492901861667633,currents.b
1764786261814,0.23966681957244873,currents.b
1764786261816,0.29718685150146484,currents.b
1764786261818,0.34352245926856995,currents.b
1764786261822,0.39944469928741455,currents.b
1764786261823,0.42021581530570984,currents.b
1764786261825,0.4361936151981354,currents.b
1764786261826,0.4473780691623688,currents.b
1764786261828,0.4505736231803894,currents.b
1764786261830,0.4505736231803894,currents.b
1764786261831,0.4505736231803894,currents.b
1764786261833,0.4409869611263275,currents.b
1764786261834,0.4361936151981354,currents.b
1764786261836,0.42341139912605286,currents.b
1764786261838,0.41222691535949707,currents.b
1764786261840,0.38985803723335266,currents.b
1764786261791,-0.07349783182144165,currents.c
1764786261792,-0.10545340180397034,currents.c
1764786261794,-0.15498456358909607,currents.c
1764786261796,-0.19972233474254608,currents.c
1764786261798,-0.25564461946487427,currents.c
1764786261800,-0.2812090516090393,currents.c
1764786261801,-0.3243491053581238,currents.c
1764786261803,-0.3595002293586731,currents.c
1764786261805,-0.3962491452693939,currents.c
1764786261807,-0.42341136932373047,currents.c
1764786261809,-0.439389169216156,currents.c
1764786261811,-0.4633558392524719,currents.c
1764786261812,-0.4601603150367737,currents.c
1764786261814,-0.4713447690010071,currents.c
1764786261816,-0.46495363116264343,currents.c
1764786261818,-0.4409869611263275,currents.c
1764786261822,-0.4026402533054352,currents.c
1764786261823,-0.383466899394989,currents.c
1764786261825,-0.34512022137641907,currents.c
1764786261826,-0.3291424512863159,currents.c
1764786261828,-0.2955890893936157,currents.c
1764786261830,-0.2620357275009155,currents.c
1764786261831,-0.21570013463497162,currents.c
1764786261833,-0.1677667796611786,currents.c
1764786261834,-0.14220228791236877,currents.c
1764786261836,-0.10225784778594971,currents.c
1764786261838,-0.06550893187522888,currents.c
1764786261840,-0.019173353910446167,currents.c
1764786261841,-0.39784693717956543,currents.a
1764786261843,-0.40903139114379883,currents.a
1764786261845,-0.4282047152519226,currents.a
1764786261846,-0.44258472323417664,currents.a
1764786261848,-0.4537692070007324,currents.a
1764786261849,-0.4505736231803894,currents.a
1764786261851,-0.4505736231803894,currents.a
1764786261853,-0.4473780691623688,currents.a
1764786261855,-0.44418251514434814,currents.a
1764786261857,-0.4266069531440735,currents.a
1764786261859,-0.4042380154132843,currents.a
1764786261861,-0.3818691372871399,currents.a
1764786261863,-0.34512022137641907,currents.a
1764786261865,-0.30837130546569824,currents.a
1764786261867,-0.27641573548316956,currents.a
1764786261868,-0.24286238849163055,currents.a
1764786261870,-0.19812457263469696,currents.a
1764786261873,-0.14380009472370148,currents.a
1764786261875,-0.10225784778594971,currents.a
1764786261877,-0.059117816388607025,currents.a
1764786261879,-0.01597778871655464,currents.a
1764786261880,0.01917334459722042,currents.a
1764786261882,0.047933366149663925,currents.a
1764786261883,0.09107338637113571,currents.a
1764786261885,0.12622451782226562,currents.a
1764786261886,0.15977787971496582,currents.a
1764786261888,0.19333124160766602,currents.a
1764786261890,0.24126459658145905,currents.a
1764786261841,0.3738802671432495,currents.b
1764786261843,0.3515113592147827,currents.b
1764786261845,0.31955575942993164,currents.b
1764786261846,0.2828068435192108,currents.b
1764786261848,0.25085127353668213,currents.b
1764786261849,0.22209125757217407,currents.b
1764786261851,0.18694013357162476,currents.b
1764786261853,0.1453978717327118,currents.b
1764786261855,0.08468227833509445,currents.b
1764786261857,0.04154224693775177,currents.b
1764786261859,-0.012782230973243713,currents.b
1764786261861,-0.06391115486621857,currents.b
1764786261863,-0.11663785576820374,currents.b
1764786261865,-0.16297344863414764,currents.b
1764786261867,-0.19972234964370728,currents.b
1764786261868,-0.2364712655544281,currents.b
1764786261870,-0.2732201814651489,currents.b
1764786261873,-0.31955575942993164,currents.b
1764786261875,-0.3515113592147827,currents.b
1764786261877,-0.37867358326911926,currents.b
1764786261879,-0.40104249119758606,currents.b
1764786261880,-0.4154224991798401,currents.b
1764786261882,-0.4298025071620941,currents.b
1764786261883,-0.439389169216156,currents.b
1764786261885,-0.4473780691623688,currents.b
1764786261886,-0.4537692070007324,currents.b
1764786261888,-0.4537692070007324,currents.b
1764786261890,-0.4505736231803894,currents.b
1764786261841,0.023966670036315918,currents.c
1764786261843,0.05752003192901611,currents.c
1764786261845,0.10864895582199097,currents.c
1764786261846,0.15977787971496582,currents.c
1764786261848,0.2029179334640503,currents.c
1764786261849,0.22848236560821533,currents.c
1764786261851,0.26682907342910767,currents.c
1764786261853,0.301980197429657,currents.c
1764786261855,0.3595002293586731,currents.c
1764786261857,0.3850647211074829,currents.c
1764786261859,0.4170202612876892,currents.c
1764786261861,0.44578027725219727,currents.c
1764786261863,0.4617580771446228,currents.c
1764786261865,0.4713447690010071,currents.c
1764786261867,0.47613808512687683,currents.c
1764786261868,0.47773587703704834,currents.c
1764786261870,0.4713447690010071,currents.c
1764786261873,0.4633558392524719,currents.c
1764786261875,0.4537692070007324,currents.c
1764786261877,0.4377914071083069,currents.c
1764786261879,0.4170202910900116,currents.c
1764786261880,0.3962491452693939,currents.c
1764786261882,0.3818691372871399,currents.c
1764786261883,0.3483157753944397,currents.c
1764786261885,0.32115355134010315,currents.c
1764786261886,0.2939913272857666,currents.c
1764786261888,0.2604379653930664,currents.c
1764786261890,0.20930902659893036,currents.c
1764786261892,0.2812090814113617,currents.a
1764786261894,0.30677351355552673,currents.a
1764786261896,0.32275131344795227,currents.a
1764786261897,0.3515113592147827,currents.a
1764786261899,0.3706846833229065,currents.a
1764786261900,0.3818691372871399,currents.a
1764786261901,0.3962491452693939,currents.a
1764786261903,0.42021581530570984,currents.a
1764786261905,0.4314002990722656,currents.a
1764786261907,0.4377914071083069,currents.a
1764786261909,0.4521713852882385,currents.a
1764786261910,0.4473780691623688,currents.a
1764786261912,0.4473780691623688,currents.a
1764786261914,0.4282047152519226,currents.a
1764786261916,0.41222691535949707,currents.a
1764786261918,0.39145582914352417,currents.a
1764786261920,0.35630467534065247,currents.a
1764786261922,0.316360205411911,currents.a
1764786261924,0.2684268355369568,currents.a
1764786261926,0.21889570355415344,currents.a
1764786261928,0.1693645566701889,currents.a
1764786261930,0.11024674028158188,currents.a
1764786261932,0.059117816388607025,currents.a
1764786261933,0.00958667229861021,currents.a
1764786261935,-0.044737808406353,currents.a
1764786261938,-0.10864895582199097,currents.a
1764786261940,-0.16297344863414764,currents.a
1764786261892,-0.44578030705451965,currents.b
1764786261894,-0.4314002990722656,currents.b
1764786261896,-0.42341139912605286,currents.b
1764786261897,-0.4074335992336273,currents.b
1764786261899,-0.38985803723335266,currents.b
1764786261900,-0.37867358326911926,currents.b
1764786261901,-0.36589136719703674,currents.b
1764786261903,-0.34032687544822693,currents.b
1764786261905,-0.30837130546569824,currents.b
1764786261907,-0.27641573548316956,currents.b
1764786261909,-0.23008014261722565,currents.b
1764786261910,-0.18374456465244293,currents.b
1764786261912,-0.14220230281352997,currents.b
1764786261914,-0.08308449387550354,currents.b
1764786261916,-0.03195557743310928,currents.b
1764786261918,0.012782230973243713,currents.b
1764786261920,0.07669337838888168,currents.b
1764786261922,0.14060454070568085,currents.b
1764786261924,0.19972234964370728,currents.b
1764786261926,0.2476557195186615,currents.b
1764786261928,0.2939913272857666,currents.b
1764786261930,0.3371313214302063,currents.b
1764786261932,0.3722824454307556,currents.b
1764786261933,0.40104249119758606,currents.b
1764786261935,0.42341139912605286,currents.b
1764786261938,0.44258472323417664,currents.b
1764786261940,0.4505736231803894,currents.b
1764786261892,0.16457122564315796,currents.c
1764786261894,0.12462678551673889,currents.c
1764786261896,0.10066008567810059,currents.c
1764786261897,0.055922240018844604,currents.c
1764786261899,0.019173353910446167,currents.c
1764786261900,-0.00319555401802063,currents.c
1764786261901,-0.030357778072357178,currents.c
1764786261903,-0.07988893985748291,currents.c
1764786261905,-0.12302899360656738,currents.c
1764786261907,-0.16137567162513733,currents.c
1764786261909,-0.22209124267101288,currents.c
1764786261910,-0.26363348960876465,currents.c
1764786261912,-0.30517578125,currents.c
1764786261914,-0.34512022137641907,currents.c
1764786261916,-0.3802713453769684,currents.c
1764786261918,-0.4042380452156067,currents.c
1764786261920,-0.439389169216156,currents.c
1764786261922,-0.45696473121643066,currents.c
1764786261924,-0.46814918518066406,currents.c
1764786261926,-0.46655142307281494,currents.c
1764786261928,-0.4633558988571167,currents.c
1764786261930,-0.4473780691623688,currents.c
1764786261932,-0.43140026926994324,currents.c
1764786261933,-0.41062915325164795,currents.c
1764786261935,-0.37867358326911926,currents.c
1764786261938,-0.33393576741218567,currents.c
1764786261940,-0.28760015964508057,currents.c
1764786261942,-0.2157001495361328,currents.a
1764786261944,-0.2476557195186615,currents.a
1764786261946,-0.2907957434654236,currents.a
1764786261947,-0.30837130546569824,currents.a
1764786261949,-0.34192466735839844,currents.a
1764786261951,-0.36589136719703674,currents.a
1764786261953,-0.38985803723335266,currents.a
1764786261955,-0.42341139912605286,currents.a
1764786261957,-0.4361936151981354,currents.a
1764786261959,-0.4473780691623688,currents.a
1764786261961,-0.4521713852882385,currents.a
1764786261963,-0.4505736231803894,currents.a
1764786261965,-0.4521713852882385,currents.a
1764786261967,-0.4298025071620941,currents.a
1764786261969,-0.42021581530570984,currents.a
1764786261970,-0.40903139114379883,currents.a
1764786261972,-0.39145582914352417,currents.a
1764786261974,-0.36589136719703674,currents.a
1764786261976,-0.33074021339416504,currents.a
1764786261978,-0.2812090814113617,currents.a
1764786261981,-0.23327571153640747,currents.a
1764786261982,-0.19812457263469696,currents.a
1764786261984,-0.1581801027059555,currents.a
1764786261986,-0.12462674826383591,currents.a
1764786261987,-0.08628005534410477,currents.a
1764786261989,-0.047933366149663925,currents.a
1764786261991,-0.00798889435827732,currents.a
1764786261942,0.4521713852882385,currents.b
1764786261944,0.44578030705451965,currents.b
1764786261946,0.44258472323417664,currents.b
1764786261947,0.4314002990722656,currents.b
1764786261949,0.4170202612876892,currents.b
1764786261951,0.4026402533054352,currents.b
1764786261953,0.37707579135894775,currents.b
1764786261955,0.34192466735839844,currents.b
1764786261957,0.3035779893398285,currents.b
1764786261959,0.2668290436267853,currents.b
1764786261961,0.21889570355415344,currents.b
1764786261963,0.17575567960739136,currents.b
1764786261965,0.1358111947774887,currents.b
1764786261967,0.08308449387550354,currents.b
1764786261969,0.039944469928741455,currents.b
1764786261970,0.0031955577433109283,currents.b
1764786261972,-0.04154224693775177,currents.b
1764786261974,-0.07669337838888168,currents.b
1764786261976,-0.13900676369667053,currents.b
1764786261978,-0.19492901861667633,currents.b
1764786261981,-0.24605792760849,currents.b
1764786261982,-0.2732201814651489,currents.b
1764786261984,-0.3051757514476776,currents.b
1764786261986,-0.33393579721450806,currents.b
1764786261987,-0.35630467534065247,currents.b
1764786261989,-0.3802713453769684,currents.b
1764786261991,-0.40104249119758606,currents.b
1764786261942,-0.2364712357521057,currents.c
1764786261944,-0.19812458753585815,currents.c
1764786261946,-0.15178897976875305,currents.c
1764786261947,-0.12302899360656738,currents.c
1764786261949,-0.07509559392929077,currents.c
1764786261951,-0.03674888610839844,currents.c
1764786261953,0.012782245874404907,currents.c
1764786261955,0.08148673176765442,currents.c
1764786261957,0.13261562585830688,currents.c
1764786261959,0.1805490255355835,currents.c
1764786261961,0.23327568173408508,currents.c
1764786261963,0.27481794357299805,currents.c
1764786261965,0.3163601756095886,currents.c
1764786261967,0.3467180132865906,currents.c
1764786261969,0.3802713453769684,currents.c
1764786261970,0.4058358371257782,currents.c
1764786261972,0.43299806118011475,currents.c
1764786261974,0.442584753036499,currents.c
1764786261976,0.46974697709083557,currents.c
1764786261978,0.4745402932167053,currents.c
1764786261981,0.47933363914489746,currents.c
1764786261982,0.4713447690010071,currents.c
1764786261984,0.4633558392524719,currents.c
1764786261986,0.45856255292892456,currents.c
1764786261987,0.44258472323417664,currents.c
1764786261989,0.4282047152519226,currents.c
1764786261991,0.40903139114379883,currents.c
1764786261992,0.02716223895549774,currents.a
1764786261994,0.062313374131917953,currents.a
1764786261996,0.10864895582199097,currents.a
1764786261997,0.13740897178649902,currents.a
1764786261998,0.16616898775100708,currents.a
1764786262000,0.19652679562568665,currents.a
1764786262001,0.2252868115901947,currents.a
1764786262003,0.26523128151893616,currents.a
1764786262005,0.2907957434654236,currents.a
1764786262007,0.3147624135017395,currents.a
1764786262008,0.33393579721450806,currents.a
1764786262009,0.35630467534065247,currents.a
1764786262011,0.3706846833229065,currents.a
1764786262012,0.38666248321533203,currents.a
1764786262014,0.4170202612876892,currents.a
1764786262016,0.4298025071620941,currents.a
1764786262018,0.4361936151981354,currents.a
1764786262019,0.44418251514434814,currents.a
1764786262021,0.4505736231803894,currents.a
1764786262023,0.4473780691623688,currents.a
1764786262025,0.43299806118011475,currents.a
1764786262027,0.4186180531978607,currents.a
1764786262029,0.39784693717956543,currents.a
1764786262031,0.37707579135894775,currents.a
1764786262033,0.3387291133403778,currents.a
1764786262034,0.30996909737586975,currents.a
1764786262036,0.2716223895549774,currents.a
1764786262038,0.23008014261722565,currents.a
1764786262040,0.17256011068820953,currents.a
1764786261992,-0.4170202612876892,currents.b
1764786261994,-0.4282047152519226,currents.b
1764786261996,-0.44258472323417664,currents.b
1764786261997,-0.4505736231803894,currents.b
1764786261998,-0.4505736231803894,currents.b
1764786262000,-0.4521713852882385,currents.b
1764786262001,-0.4537692070007324,currents.b
1764786262003,-0.4473780691623688,currents.b
1764786262005,-0.4361936151981354,currents.b
1764786262007,-0.4298025071620941,currents.b
1764786262008,-0.4154224991798401,currents.b
1764786262009,-0.4074335992336273,currents.b
1764786262011,-0.38826024532318115,currents.b
1764786262012,-0.37547802925109863,currents.b
1764786262014,-0.35470688343048096,currents.b
1764786262016,-0.31955575942993164,currents.b
1764786262018,-0.28600242733955383,currents.b
1764786262019,-0.25404682755470276,currents.b
1764786262021,-0.20451569557189941,currents.b
1764786262023,-0.15977787971496582,currents.b
1764786262025,-0.1118445172905922,currents.b
1764786262027,-0.051128923892974854,currents.b
1764786262029,0.0015977788716554642,currents.b
1764786262031,0.04314002767205238,currents.b
1764786262033,0.1006600633263588,currents.b
1764786262034,0.15178899466991425,currents.b
1764786262036,0.19492901861667633,currents.b
1764786262038,0.24126459658145905,currents.b
1764786262040,0.2939913272857666,currents.b
1764786261992,0.3898580074310303,currents.c
1764786261994,0.36589133739471436,currents.c
1764786261996,0.33393576741218567,currents.c
1764786261997,0.3131646513938904,currents.c
1764786261998,0.2844046354293823,currents.c
1764786262000,0.2556445896625519,currents.c
1764786262001,0.22848239541053772,currents.c
1764786262003,0.18214678764343262,currents.c
1764786262005,0.1453978717327118,currents.c
1764786262007,0.11504009366035461,currents.c
1764786262008,0.08148670196533203,currents.c
1764786262009,0.051128923892974854,currents.c
1764786262011,0.017575562000274658,currents.c
1764786262012,-0.011184453964233398,currents.c
1764786262014,-0.06231337785720825,currents.c
1764786262016,-0.11024674773216248,currents.c
1764786262018,-0.15019118785858154,currents.c
1764786262019,-0.19013568758964539,currents.c
1764786262021,-0.24605792760849,currents.c
1764786262023,-0.28760018944740295,currents.c
1764786262025,-0.32115355134010315,currents.c
1764786262027,-0.36748912930488586,currents.c
1764786262029,-0.39944472908973694,currents.c
1764786262031,-0.42021581530570984,currents.c
1764786262033,-0.439389169216156,currents.c
1764786262034,-0.4617580771446228,currents.c
1764786262036,-0.46655142307281494,currents.c
1764786262038,-0.4713447391986847,currents.c
1764786262040,-0.46655142307281494,currents.c
1764786262041,0.12622451782226562,currents.a
1764786262043,0.07190004736185074,currents.a
1764786262045,0.020771123468875885,currents.a
1764786262047,-0.0335533544421196,currents.a
1764786262049,-0.07509560137987137,currents.a
1764786262050,-0.11823563277721405,currents.a
1764786262052,-0.15977787971496582,currents.a
1764786262054,-0.21090680360794067,currents.a
1764786262056,-0.24605792760849,currents.a
1764786262058,-0.28760018944740295,currents.a
1764786262060,-0.3259468972682953,currents.a
1764786262061,-0.3499135673046112,currents.a
1764786262063,-0.37867358326911926,currents.a
1764786262065,-0.3946513533592224,currents.a
1764786262067,-0.4154224991798401,currents.a
1764786262068,-0.4298025071620941,currents.a
1764786262070,-0.4377914071083069,currents.a
1764786262072,-0.4489758610725403,currents.a
1764786262074,-0.45696473121643066,currents.a
1764786262075,-0.45536696910858154,currents.a
1764786262077,-0.44578030705451965,currents.a
1764786262079,-0.4361936151981354,currents.a
1764786262081,-0.4170202612876892,currents.a
1764786262082,-0.4042380154132843,currents.a
1764786262084,-0.38666248321533203,currents.a
1764786262085,-0.36589136719703674,currents.a
1764786262087,-0.3371313214302063,currents.a
1764786262089,-0.30837130546569824,currents.a
1764786262091,-0.26523128151893616,currents.a
1764786262093,-0.22848236560821533,currents.a
1764786262041,0.3259468972682953,currents.b
1764786262043,0.36429354548454285,currents.b
1764786262045,0.3930535912513733,currents.b
1764786262047,0.42021581530570984,currents.b
1764786262049,0.43459582328796387,currents.b
1764786262050,0.4473780691623688,currents.b
1764786262052,0.4521713852882385,currents.b
1764786262054,0.4505736231803894,currents.b
1764786262056,0.4489758610725403,currents.b
1764786262058,0.4409869611263275,currents.b
1764786262060,0.4266069531440735,currents.b
1764786262061,0.41222691535949707,currents.b
1764786262063,0.3930535912513733,currents.b
1764786262065,0.36748912930488586,currents.b
1764786262067,0.3467179834842682,currents.b
1764786262068,0.32115355134010315,currents.b
1764786262070,0.28600242733955383,currents.b
1764786262072,0.24446016550064087,currents.b
1764786262074,0.20930902659893036,currents.b
1764786262075,0.17096233367919922,currents.b
1764786262077,0.123028963804245,currents.b
1764786262079,0.07509560137987137,currents.b
1764786262081,0.03035779856145382,currents.b
1764786262082,-0.0015977788716554642,currents.b
1764786262084,-0.04154224693775177,currents.b
1764786262085,-0.07988893985748291,currents.b
1764786262087,-0.12942008674144745,currents.b
1764786262089,-0.1693645566701889,currents.b
1764786262091,-0.20771124958992004,currents.b
1764786262093,-0.24925349652767181,currents.b
1764786262041,-0.4521714150905609,currents.c
1764786262043,-0.436193585395813,currents.c
1764786262045,-0.4138247072696686,currents.c
1764786262047,-0.38666245341300964,currents.c
1764786262049,-0.3595002293586731,currents.c
1764786262050,-0.32275131344795227,currents.c
1764786262052,-0.2923935055732727,currents.c
1764786262054,-0.23966681957244873,currents.c
1764786262056,-0.2029179334640503,currents.c
1764786262058,-0.15338677167892456,currents.c
1764786262060,-0.1006600558757782,currents.c
1764786262061,-0.062313348054885864,currents.c
1764786262063,-0.014380007982254028,currents.c
1764786262065,0.027162224054336548,currents.c
1764786262067,0.0687045156955719,currents.c
1764786262068,0.10864895582199097,currents.c
1764786262070,0.15178897976875305,currents.c
1764786262072,0.20451569557189941,currents.c
1764786262074,0.2476557046175003,currents.c
1764786262075,0.2844046354293823,currents.c
1764786262077,0.32275134325027466,currents.c
1764786262079,0.3610980212688446,currents.c
1764786262081,0.38666245341300964,currents.c
1764786262082,0.4058358073234558,currents.c
1764786262084,0.4282047152519226,currents.c
1764786262085,0.44578030705451965,currents.c
1764786262087,0.46655142307281494,currents.c
1764786262089,0.4713447690010071,currents.c
1764786262091,0.4729425311088562,currents.c
1764786262093,0.47773587703704834,currents.c
1764786262095,-0.18694013357162476,currents.a
1764786262096,-0.15019120275974274,currents.a
1764786262098,-0.10864895582199097,currents.a
1764786262100,-0.07190004736185074,currents.a
1764786262101,-0.04633558541536331,currents.a
1764786262102,-0.0223689042031765,currents.a
1764786262103,0.006391115486621857,currents.a
1764786262105,0.03834668919444084,currents.a
1764786262106,0.07349783182144165,currents.a
1764786262108,0.11983340978622437,currents.a
1764786262110,0.15498454868793488,currents.a
1764786262111,0.18694013357162476,currents.a
1764786262113,0.2236890345811844,currents.a
1764786262115,0.2476557195186615,currents.a
1764786262116,0.2796112895011902,currents.a
1764786262118,0.3035779893398285,currents.a
1764786262119,0.32914242148399353,currents.a
1764786262121,0.3483157753944397,currents.a
1764786262123,0.37547802925109863,currents.a
1764786262125,0.39944469928741455,currents.a
1764786262127,0.42181360721588135,currents.a
1764786262129,0.439389169216156,currents.a
1764786262131,0.4409869611263275,currents.a
1764786262133,0.4537692070007324,currents.a
1764786262134,0.4473780691623688,currents.a
1764786262136,0.43459582328796387,currents.a
1764786262138,0.4282047152519226,currents.a
1764786262140,0.41222691535949707,currents.a
1764786262141,0.38826024532318115,currents.a
1764786262143,0.3738802671432495,currents.a
1764786262095,-0.2796112895011902,currents.b
1764786262096,-0.3131646513938904,currents.b
1764786262098,-0.34512022137641907,currents.b
1764786262100,-0.3690869212150574,currents.b
1764786262101,-0.3802713453769684,currents.b
1764786262102,-0.3962491452693939,currents.b
1764786262103,-0.40903139114379883,currents.b
1764786262105,-0.42181360721588135,currents.b
1764786262106,-0.43299806118011475,currents.b
1764786262108,-0.44258472323417664,currents.b
1764786262110,-0.4505736231803894,currents.b
1764786262111,-0.45696473121643066,currents.b
1764786262113,-0.4521713852882385,currents.b
1764786262115,-0.4489758610725403,currents.b
1764786262116,-0.44418251514434814,currents.b
1764786262118,-0.4361936151981354,currents.b
1764786262119,-0.42181360721588135,currents.b
1764786262121,-0.41062915325164795,currents.b
1764786262123,-0.38985803723335266,currents.b
1764786262125,-0.3690869212150574,currents.b
1764786262127,-0.3387291133403778,currents.b
1764786262129,-0.29718685150146484,currents.b
1764786262131,-0.25404682755470276,currents.b
1764786262133,-0.2141023576259613,currents.b
1764786262134,-0.17735344171524048,currents.b
1764786262136,-0.14060454070568085,currents.b
1764786262138,-0.08308449387550354,currents.b
1764786262140,-0.03515113517642021,currents.b
1764786262141,0.014380008913576603,currents.b
1764786262143,0.059117816388607025,currents.b
1764786262095,0.46655142307281494,currents.c
1764786262096,0.4633558392524719,currents.c
1764786262098,0.45376917719841003,currents.c
1764786262100,0.4409869611263275,currents.c
1764786262101,0.4266069233417511,currents.c
1764786262102,0.4154224991798401,currents.c
1764786262103,0.40264028310775757,currents.c
1764786262105,0.3834669291973114,currents.c
1764786262106,0.3595002293586731,currents.c
1764786262108,0.32275131344795227,currents.c
1764786262110,0.2955890893936157,currents.c
1764786262111,0.2700245976448059,currents.c
1764786262113,0.22848235070705414,currents.c
1764786262115,0.19013568758964539,currents.c
1764786262116,0.16457122564315796,currents.c
1764786262118,0.13261562585830688,currents.c
1764786262119,0.09267118573188782,currents.c
1764786262121,0.06231337785720825,currents.c
1764786262123,0.014380007982254028,currents.c
1764786262125,-0.03355333209037781,currents.c
1764786262127,-0.08308449387550354,currents.c
1764786262129,-0.14220231771469116,currents.c
1764786262131,-0.18694013357162476,currents.c
1764786262133,-0.23966684937477112,currents.c
1764786262134,-0.2700246274471283,currents.c
1764786262136,-0.3035779595375061,currents.c
1764786262138,-0.34512022137641907,currents.c
1764786262140,-0.37707579135894775,currents.c
1764786262141,-0.4026402533054352,currents.c
1764786262143,-0.43299809098243713,currents.c
1764786262145,0.33393579721450806,currents.a
1764786262147,0.2907957434654236,currents.a
1764786262148,0.25085127353668213,currents.a
1764786262150,0.21889570355415344,currents.a
1764786262152,0.16137565672397614,currents.a
1764786262154,0.10864895582199097,currents.a
1764786262156,0.05272670090198517,currents.a
1764786262158,0,currents.a
1764786262159,-0.04633558541536331,currents.a
1764786262161,-0.089475616812706,currents.a
1764786262163,-0.13900676369667053,currents.a
1764786262164,-0.18374456465244293,currents.a
1764786262166,-0.21729791164398193,currents.a
1764786262168,-0.27481794357299805,currents.a
1764786262170,-0.3003824055194855,currents.a
1764786262173,-0.33393579721450806,currents.a
1764786262174,-0.357902467250824,currents.a
1764786262176,-0.38826024532318115,currents.a
1764786262177,-0.39784693717956543,currents.a
1764786262179,-0.42341139912605286,currents.a
1764786262181,-0.44418251514434814,currents.a
1764786262183,-0.4505736231803894,currents.a
1764786262184,-0.45536696910858154,currents.a
1764786262186,-0.45536696910858154,currents.a
1764786262188,-0.4489758610725403,currents.a
1764786262189,-0.44258472323417664,currents.a
1764786262191,-0.4361936151981354,currents.a
1764786262193,-0.4170202612876892,currents.a
1764786262145,0.11504007130861282,currents.b
1764786262147,0.16616898775100708,currents.b
1764786262148,0.20930902659893036,currents.b
1764786262150,0.24925349652767181,currents.b
1764786262152,0.29718685150146484,currents.b
1764786262154,0.33393579721450806,currents.b
1764786262156,0.3738802671432495,currents.b
1764786262158,0.4058358371257782,currents.b
1764786262159,0.4266069531440735,currents.b
1764786262161,0.4377914071083069,currents.b
1764786262163,0.4473780691623688,currents.b
1764786262164,0.4505736231803894,currents.b
1764786262166,0.4521713852882385,currents.b
1764786262168,0.44258472323417664,currents.b
1764786262170,0.4314002990722656,currents.b
1764786262173,0.4186180531978607,currents.b
1764786262174,0.4058358371257782,currents.b
1764786262176,0.3850646913051605,currents.b
1764786262177,0.3690869212150574,currents.b
1764786262179,0.34032687544822693,currents.b
1764786262181,0.3051757514476776,currents.b
1764786262183,0.2620357275009155,currents.b
1764786262184,0.22848236560821533,currents.b
1764786262186,0.18694013357162476,currents.b
1764786262188,0.13900676369667053,currents.b
1764786262189,0.1118445172905922,currents.b
1764786262191,0.0671067088842392,currents.b
1764786262193,0.03035779856145382,currents.b
1764786262145,-0.4489758610725403,currents.c
1764786262147,-0.45696473121643066,currents.c
1764786262148,-0.4601603150367737,currents.c
1764786262150,-0.46814918518066406,currents.c
1764786262152,-0.4585624933242798,currents.c
1764786262154,-0.442584753036499,currents.c
1764786262156,-0.4266069531440735,currents.c
1764786262158,-0.4058358371257782,currents.c
1764786262159,-0.38027137517929077,currents.c
1764786262161,-0.3483157753944397,currents.c
1764786262163,-0.30996906757354736,currents.c
1764786262164,-0.26682907342910767,currents.c
1764786262166,-0.2348734736442566,currents.c
1764786262168,-0.1677667796611786,currents.c
1764786262170,-0.13101789355278015,currents.c
1764786262173,-0.08468225598335266,currents.c
1764786262174,-0.047933369874954224,currents.c
1764786262176,0.00319555401802063,currents.c
1764786262177,0.028760015964508057,currents.c
1764786262179,0.08148673176765442,currents.c
1764786262181,0.1342134177684784,currents.c
1764786262183,0.18853789567947388,currents.c
1764786262184,0.2268846035003662,currents.c
1764786262186,0.2684268355369568,currents.c
1764786262188,0.30996909737586975,currents.c
1764786262189,0.33074021339416504,currents.c
1764786262191,0.3690869212150574,currents.c
1764786262193,0.39145582914352417,currents.c
1764786262195,-0.39944469928741455,currents.a
1764786262196,-0.3802713453769684,currents.a
1764786262198,-0.3595002293586731,currents.a
1764786262200,-0.3243490755558014,currents.a
1764786262202,-0.2907957434654236,currents.a
1764786262203,-0.27641573548316956,currents.a
1764786262205,-0.23487348854541779,currents.a
1764786262206,-0.1901356726884842,currents.a
1764786262208,-0.16137565672397614,currents.a
1764786262210,-0.12143119424581528,currents.a
1764786262211,-0.08308449387550354,currents.a
1764786262212,-0.05752003565430641,currents.a
1764786262214,-0.01597778871655464,currents.a
1764786262216,0.03195557743310928,currents.a
1764786262218,0.07669337838888168,currents.a
1764786262220,0.12782230973243713,currents.a
1764786262222,0.1805490106344223,currents.a
1764786262224,0.20771124958992004,currents.a
1764786262227,0.2572423815727234,currents.a
1764786262229,0.28760018944740295,currents.a
1764786262230,0.3179579973220825,currents.a
1764786262232,0.3387291133403778,currents.a
1764786262233,0.3626957833766937,currents.a
1764786262235,0.3834669291973114,currents.a
1764786262237,0.4026402533054352,currents.a
1764786262238,0.42181360721588135,currents.a
1764786262240,0.43459582328796387,currents.a
1764786262242,0.44258472323417664,currents.a
1764786262244,0.4537692070007324,currents.a
1764786262195,-0.014380008913576603,currents.b
1764786262196,-0.05432447791099548,currents.b
1764786262198,-0.09586673229932785,currents.b
1764786262200,-0.1469956636428833,currents.b
1764786262202,-0.1805490106344223,currents.b
1764786262203,-0.2013201266527176,currents.b
1764786262205,-0.24605792760849,currents.b
1764786262206,-0.2796112895011902,currents.b
1764786262208,-0.3051757514476776,currents.b
1764786262210,-0.3387291133403778,currents.b
1764786262211,-0.3610980212688446,currents.b
1764786262212,-0.37867358326911926,currents.b
1764786262214,-0.39944469928741455,currents.b
1764786262216,-0.4154224991798401,currents.b
1764786262218,-0.43299806118011475,currents.b
1764786262220,-0.4473780691623688,currents.b
1764786262222,-0.4521713852882385,currents.b
1764786262224,-0.4505736231803894,currents.b
1764786262227,-0.44578030705451965,currents.b
1764786262229,-0.4409869611263275,currents.b
1764786262230,-0.43459582328796387,currents.b
1764786262232,-0.4170202612876892,currents.b
1764786262233,-0.40104249119758606,currents.b
1764786262235,-0.38985803723335266,currents.b
1764786262237,-0.3722824454307556,currents.b
1764786262238,-0.3387291133403778,currents.b
1764786262240,-0.31156688928604126,currents.b
1764786262242,-0.2700246274471283,currents.b
1764786262244,-0.2236890345811844,currents.b
1764786262195,0.41062915325164795,currents.c
1764786262196,0.43459582328796387,currents.c
1764786262198,0.45536696910858154,currents.c
1764786262200,0.4713447391986847,currents.c
1764786262202,0.4761381149291992,currents.c
1764786262203,0.47773587703704834,currents.c
1764786262205,0.4809314012527466,currents.c
1764786262206,0.47933363914489746,currents.c
1764786262208,0.46655142307281494,currents.c
1764786262210,0.4601603150367737,currents.c
1764786262211,0.4473780691623688,currents.c
1764786262212,0.4361936151981354,currents.c
1764786262214,0.4074335992336273,currents.c
1764786262216,0.39145582914352417,currents.c
1764786262218,0.35630467534065247,currents.c
1764786262220,0.31955575942993164,currents.c
1764786262222,0.27162235975265503,currents.c
1764786262224,0.2364712357521057,currents.c
1764786262227,0.18853792548179626,currents.c
1764786262229,0.15338677167892456,currents.c
1764786262230,0.11663782596588135,currents.c
1764786262232,0.0782911479473114,currents.c
1764786262233,0.038346707820892334,currents.c
1764786262235,0.00639110803604126,currents.c
1764786262237,-0.030357807874679565,currents.c
1764786262238,-0.08308449387550354,currents.c
1764786262240,-0.126224547624588,currents.c
1764786262242,-0.17256009578704834,currents.c
1764786262244,-0.23008017241954803,currents.c
1764786262247,0.4489758610725403,currents.a
1764786262248,0.43299806118011475,currents.a
1764786262250,0.425009161233902,currents.a
1764786262252,0.4074335992336273,currents.a
1764786262254,0.3834669291973114,currents.a
1764786262256,0.3467179834842682,currents.a
1764786262257,0.32115355134010315,currents.a
1764786262259,0.28440460562705994,currents.a
1764786262261,0.24925349652767181,currents.a
1764786262262,0.2157001495361328,currents.a
1764786262264,0.16457121074199677,currents.a
1764786262265,0.11983340978622437,currents.a
1764786262267,0.07509560137987137,currents.a
1764786262268,0.03834668919444084,currents.a
1764786262270,-0.0031955577433109283,currents.a
1764786262272,-0.062313374131917953,currents.a
1764786262273,-0.11663785576820374,currents.a
1764786262275,-0.1581801027059555,currents.a
1764786262277,-0.19492901861667633,currents.a
1764786262279,-0.2476557195186615,currents.a
1764786262281,-0.27481794357299805,currents.a
1764786262283,-0.301980197429657,currents.a
1764786262284,-0.34032687544822693,currents.a
1764786262286,-0.35630467534065247,currents.a
1764786262288,-0.3946513533592224,currents.a
1764786262291,-0.42021581530570984,currents.a
1764786262293,-0.439389169216156,currents.a
1764786262294,-0.44258472323417664,currents.a
1764786262296,-0.4505736231803894,currents.a
1764786262247,-0.16616898775100708,currents.b
1764786262248,-0.11663785576820374,currents.b
1764786262250,-0.06391115486621857,currents.b
1764786262252,-0.00958667229861021,currents.b
1764786262254,0.036748915910720825,currents.b
1764786262256,0.08308449387550354,currents.b
1764786262257,0.12622451782226562,currents.b
1764786262259,0.17415788769721985,currents.b
1764786262261,0.2236890345811844,currents.b
1764786262262,0.2620357275009155,currents.b
1764786262264,0.29718685150146484,currents.b
1764786262265,0.33233797550201416,currents.b
1764786262267,0.36429354548454285,currents.b
1764786262268,0.3834669291973114,currents.b
1764786262270,0.4042380154132843,currents.b
1764786262272,0.4282047152519226,currents.b
1764786262273,0.44578030705451965,currents.b
1764786262275,0.4489758610725403,currents.b
1764786262277,0.45536696910858154,currents.b
1764786262279,0.4521713852882385,currents.b
1764786262281,0.44418251514434814,currents.b
1764786262283,0.4314002990722656,currents.b
1764786262284,0.41222691535949707,currents.b
1764786262286,0.39784693717956543,currents.b
1764786262288,0.37707579135894775,currents.b
1764786262291,0.33393579721450806,currents.b
1764786262293,0.30677351355552673,currents.b
1764786262294,0.2668290436267853,currents.b
1764786262296,0.23327571153640747,currents.b
1764786262247,-0.2828068733215332,currents.c
1764786262248,-0.32115355134010315,currents.c
1764786262250,-0.3610979914665222,currents.c
1764786262252,-0.39784693717956543,currents.c
1764786262254,-0.4202158451080322,currents.c
1764786262256,-0.42980247735977173,currents.c
1764786262257,-0.4473780691623688,currents.c
1764786262259,-0.4585624933242798,currents.c
1764786262261,-0.4729425311088562,currents.c
1764786262262,-0.47773587703704834,currents.c
1764786262264,-0.4617580771446228,currents.c
1764786262265,-0.4521713852882385,currents.c
1764786262267,-0.4393891394138336,currents.c
1764786262268,-0.42181360721588135,currents.c
1764786262270,-0.40104246139526367,currents.c
1764786262272,-0.36589133739471436,currents.c
1764786262273,-0.3291424512863159,currents.c
1764786262275,-0.2907957434654236,currents.c
1764786262277,-0.2604379653930664,currents.c
1764786262279,-0.20451566576957703,currents.c
1764786262281,-0.1693645715713501,currents.c
1764786262283,-0.12942010164260864,currents.c
1764786262284,-0.07190003991127014,currents.c
1764786262286,-0.041542261838912964,currents.c
1764786262288,0.017575562000274658,currents.c
1764786262291,0.08628001809120178,currents.c
1764786262293,0.13261565566062927,currents.c
1764786262294,0.17575567960739136,currents.c
1764786262296,0.21729791164398193,currents.c
1764786262298,-0.45696473121643066,currents.a
1764786262300,-0.4505736231803894,currents.a
1764786262302,-0.44258472323417664,currents.a
1764786262304,-0.42021581530570984,currents.a
1764786262306,-0.4074335992336273,currents.a
1764786262308,-0.3834669291973114,currents.a
1764786262310,-0.35470688343048096,currents.a
1764786262311,-0.32914242148399353,currents.a
1764786262313,-0.301980197429657,currents.a
1764786262315,-0.26363351941108704,currents.a
1764786262316,-0.23008014261722565,currents.a
1764786262318,-0.19333124160766602,currents.a
1764786262320,-0.15178899466991425,currents.a
1764786262322,-0.1134423017501831,currents.a
1764786262324,-0.0559222586452961,currents.a
1764786262326,-0.014380008913576603,currents.a
1764786262327,0.01917334459722042,currents.a
1764786262329,0.06550893187522888,currents.a
1764786262331,0.10864895582199097,currents.a
1764786262333,0.1469956636428833,currents.a
1764786262335,0.18853789567947388,currents.a
1764786262337,0.23167793452739716,currents.a
1764786262339,0.25244903564453125,currents.a
1764786262340,0.28760018944740295,currents.a
1764786262342,0.31156688928604126,currents.a
1764786262344,0.3515113592147827,currents.a
1764786262298,0.1901356726884842,currents.b
1764786262300,0.14380009472370148,currents.b
1764786262302,0.1006600633263588,currents.b
1764786262304,0.03195557743310928,currents.b
1764786262306,-0.00798889435827732,currents.b
1764786262308,-0.05752003565430641,currents.b
1764786262310,-0.10385562479496002,currents.b
1764786262311,-0.14060454070568085,currents.b
1764786262313,-0.17575567960739136,currents.b
1764786262315,-0.20930902659893036,currents.b
1764786262316,-0.24446016550064087,currents.b
1764786262318,-0.2732201814651489,currents.b
1764786262320,-0.3147624135017395,currents.b
1764786262322,-0.34192466735839844,currents.b
1764786262324,-0.37707579135894775,currents.b
1764786262326,-0.39784693717956543,currents.b
1764786262327,-0.4154224991798401,currents.b
1764786262329,-0.4298025071620941,currents.b
1764786262331,-0.44258472323417664,currents.b
1764786262333,-0.4505736231803894,currents.b
1764786262335,-0.4537692070007324,currents.b
1764786262337,-0.4521713852882385,currents.b
1764786262339,-0.44418251514434814,currents.b
1764786262340,-0.4409869611263275,currents.b
1764786262342,-0.4314002990722656,currents.b
1764786262344,-0.41222691535949707,currents.b
1764786262298,0.26682907342910767,currents.c
1764786262300,0.3067735433578491,currents.c
1764786262302,0.34192466735839844,currents.c
1764786262304,0.38826024532318115,currents.c
1764786262306,0.4154224991798401,currents.c
1764786262308,0.4377913773059845,currents.c
1764786262310,0.4617580771446228,currents.c
1764786262311,0.4697469472885132,currents.c
1764786262313,0.47773587703704834,currents.c
1764786262315,0.4729425311088562,currents.c
1764786262316,0.4745402932167053,currents.c
1764786262318,0.46655142307281494,currents.c
1764786262320,0.4649536609649658,currents.c
1764786262322,0.45536696910858154,currents.c
1764786262324,0.43299806118011475,currents.c
1764786262326,0.41222694516181946,currents.c
1764786262327,0.3962491452693939,currents.c
1764786262329,0.36429357528686523,currents.c
1764786262331,0.33393576741218567,currents.c
1764786262333,0.3035779595375061,currents.c
1764786262335,0.2620357275009155,currents.c
1764786262337,0.2236890196800232,currents.c
1764786262339,0.1917334794998169,currents.c
1764786262340,0.15338677167892456,currents.c
1764786262342,0.11184453964233398,currents.c
1764786262344,0.060715556144714355,currents.c
1764786262346,0.3834669291973114,currents.a
1764786262348,0.3946513533592224,currents.a
1764786262350,0.41382473707199097,currents.a
1764786262351,0.42341139912605286,currents.a
1764786262353,0.4377914071083069,currents.a
1764786262355,0.4473780691623688,currents.a
1764786262357,0.44578030705451965,currents.a
1764786262359,0.4473780691623688,currents.a
1764786262360,0.4361936151981354,currents.a
1764786262362,0.425009161233902,currents.a
1764786262364,0.4026402533054352,currents.a
1764786262366,0.3802713453769684,currents.a
1764786262368,0.3467179834842682,currents.a
1764786262370,0.30837130546569824,currents.a
1764786262372,0.2588401734828949,currents.a
1764786262374,0.2013201266527176,currents.a
1764786262376,0.15019120275974274,currents.a
1764786262378,0.09267117083072662,currents.a
1764786262380,0.04154224693775177,currents.a
1764786262382,-0.028760017827153206,currents.a
1764786262384,-0.07190004736185074,currents.a
1764786262386,-0.1342134177684784,currents.a
1764786262388,-0.17415788769721985,currents.a
1764786262389,-0.212504580616951,currents.a
1764786262391,-0.2476557195186615,currents.a
1764786262393,-0.28600242733955383,currents.a
1764786262395,-0.3179579973220825,currents.a
1764786262396,-0.33393579721450806,currents.a
1764786262346,-0.38985803723335266,currents.b
1764786262348,-0.3690869212150574,currents.b
1764786262350,-0.35470688343048096,currents.b
1764786262351,-0.32115355134010315,currents.b
1764786262353,-0.28760018944740295,currents.b
1764786262355,-0.24286238849163055,currents.b
1764786262357,-0.212504580616951,currents.b
1764786262359,-0.16616898775100708,currents.b
1764786262360,-0.11504007130861282,currents.b
1764786262362,-0.06391115486621857,currents.b
1764786262364,-0.00958667229861021,currents.b
1764786262366,0.0335533544421196,currents.b
1764786262368,0.09107338637113571,currents.b
1764786262370,0.1581801027059555,currents.b
1764786262372,0.20771124958992004,currents.b
1764786262374,0.26363351941108704,currents.b
1764786262376,0.30996909737586975,currents.b
1764786262378,0.3515113592147827,currents.b
1764786262380,0.3818691372871399,currents.b
1764786262382,0.4154224991798401,currents.b
1764786262384,0.43459582328796387,currents.b
1764786262386,0.44578030705451965,currents.b
1764786262388,0.45536696910858154,currents.b
1764786262389,0.4537692070007324,currents.b
1764786262391,0.4473780691623688,currents.b
1764786262393,0.439389169216156,currents.b
1764786262395,0.4282047152519226,currents.b
1764786262396,0.42021581530570984,currents.b
1764786262346,0.00639110803604126,currents.c
1764786262348,-0.02556443214416504,currents.c
1764786262350,-0.05911785364151001,currents.c
1764786262351,-0.10225784778594971,currents.c
1764786262353,-0.15019121766090393,currents.c
1764786262355,-0.20451568067073822,currents.c
1764786262357,-0.23327572643756866,currents.c
1764786262359,-0.2812091112136841,currents.c
1764786262360,-0.32115355134010315,currents.c
1764786262362,-0.3610979914665222,currents.c
1764786262364,-0.3930535912513733,currents.c
1764786262366,-0.4138247072696686,currents.c
1764786262368,-0.4361936151981354,currents.c
1764786262370,-0.46655142307281494,currents.c
1764786262372,-0.46655142307281494,currents.c
1764786262374,-0.4649536609649658,currents.c
1764786262376,-0.4601603150367737,currents.c
1764786262378,-0.44418251514434814,currents.c
1764786262380,-0.42341136932373047,currents.c
1764786262382,-0.38666248321533203,currents.c
1764786262384,-0.3626957833766937,currents.c
1764786262386,-0.31156688928604126,currents.c
1764786262388,-0.27481794357299805,currents.c
1764786262389,-0.24126462638378143,currents.c
1764786262391,-0.19652679562568665,currents.c
1764786262393,-0.15338674187660217,currents.c
1764786262395,-0.11024671792984009,currents.c
1764786262396,-0.08628001809120178,currents.c
1764786262398,-0.35310912132263184,currents.a
1764786262399,-0.37867358326911926,currents.a
1764786262401,-0.4058358371257782,currents.a
1764786262404,-0.4377914071083069,currents.a
1764786262407,-0.4473780691623688,currents.a
1764786262409,-0.4601602852344513,currents.a
1764786262411,-0.4537692070007324,currents.a
1764786262412,-0.44578030705451965,currents.a
1764786262414,-0.4361936151981354,currents.a
1764786262416,-0.4154224991798401,currents.a
1764786262418,-0.4058358371257782,currents.a
1764786262420,-0.3818691372871399,currents.a
1764786262422,-0.3626957833766937,currents.a
1764786262423,-0.3179579973220825,currents.a
1764786262425,-0.28600242733955383,currents.a
1764786262428,-0.2364712655544281,currents.a
1764786262430,-0.20451569557189941,currents.a
1764786262432,-0.15977787971496582,currents.a
1764786262434,-0.11983340978622437,currents.a
1764786262435,-0.07030227035284042,currents.a
1764786262437,-0.02716223895549774,currents.a
1764786262439,0.012782230973243713,currents.a
1764786262441,0.05272670090198517,currents.a
1764786262443,0.09746450930833817,currents.a
1764786262444,0.14220230281352997,currents.a
1764786262398,0.4026402533054352,currents.b
1764786262399,0.38985803723335266,currents.b
1764786262401,0.3706846833229065,currents.b
1764786262404,0.30996909737586975,currents.b
1764786262407,0.25404682755470276,currents.b
1764786262409,0.20771124958992004,currents.b
1764786262411,0.17415788769721985,currents.b
1764786262412,0.13261564075946808,currents.b
1764786262414,0.08787783980369568,currents.b
1764786262416,0.03195557743310928,currents.b
1764786262418,-0.01118445210158825,currents.b
1764786262420,-0.05272670090198517,currents.b
1764786262422,-0.09746450930833817,currents.b
1764786262423,-0.1453978717327118,currents.b
1764786262425,-0.1805490106344223,currents.b
1764786262428,-0.2364712655544281,currents.b
1764786262430,-0.2732201814651489,currents.b
1764786262432,-0.30996909737586975,currents.b
1764786262434,-0.34032687544822693,currents.b
1764786262435,-0.3690869212150574,currents.b
1764786262437,-0.3930535912513733,currents.b
1764786262439,-0.41222691535949707,currents.b
1764786262441,-0.4282047152519226,currents.b
1764786262443,-0.44418251514434814,currents.b
1764786262444,-0.4489758610725403,currents.b
1764786262398,-0.046335577964782715,currents.c
1764786262399,-0.011184453964233398,currents.c
1764786262401,0.035151153802871704,currents.c
1764786262404,0.12782230973243713,currents.c
1764786262407,0.19333124160766602,currents.c
1764786262409,0.25244903564453125,currents.c
1764786262411,0.2796113193035126,currents.c
1764786262412,0.3131646513938904,currents.c
1764786262414,0.3483157753944397,currents.c
1764786262416,0.3834669291973114,currents.c
1764786262418,0.4170202910900116,currents.c
1764786262420,0.43459582328796387,currents.c
1764786262422,0.4505736231803894,currents.c
1764786262423,0.4633558690547943,currents.c
1764786262425,0.46655142307281494,currents.c
1764786262428,0.4745402932167053,currents.c
1764786262430,0.47773587703704834,currents.c
1764786262432,0.46974697709083557,currents.c
1764786262434,0.4601602852344513,currents.c
1764786262435,0.4393891990184784,currents.c
1764786262437,0.4202158451080322,currents.c
1764786262439,0.39944469928741455,currents.c
1764786262441,0.37547802925109863,currents.c
1764786262443,0.3467180132865906,currents.c
1764786262444,0.3067735433578491,currents.c
1764786262446,0.18374456465244293,currents.a
1764786262449,0.2236890345811844,currents.a
1764786262450,0.2572423815727234,currents.a
1764786262453,0.2907957434654236,currents.a
1764786262454,0.3259468972682953,currents.a
1764786262456,0.3483157753944397,currents.a
1764786262458,0.37867358326911926,currents.a
1764786262460,0.39145582914352417,currents.a
1764786262461,0.42181360721588135,currents.a
1764786262463,0.42341139912605286,currents.a
1764786262465,0.439389169216156,currents.a
1764786262467,0.4473780691623688,currents.a
1764786262470,0.44418251514434814,currents.a
1764786262473,0.43459582328796387,currents.a
1764786262475,0.41222691535949707,currents.a
1764786262477,0.39145582914352417,currents.a
1764786262479,0.36429354548454285,currents.a
1764786262481,0.3275446593761444,currents.a
1764786262483,0.28600242733955383,currents.a
1764786262485,0.2364712655544281,currents.a
1764786262487,0.17415788769721985,currents.a
1764786262489,0.12143119424581528,currents.a
1764786262491,0.039944469928741455,currents.a
1764786262494,-0.012782230973243713,currents.a
1764786262496,-0.07349783182144165,currents.a
1764786262446,-0.4537692070007324,currents.b
1764786262449,-0.4505736231803894,currents.b
1764786262450,-0.44418251514434814,currents.b
1764786262453,-0.4361936151981354,currents.b
1764786262454,-0.4266069531440735,currents.b
1764786262456,-0.41062915325164795,currents.b
1764786262458,-0.39145582914352417,currents.b
1764786262460,-0.3722824454307556,currents.b
1764786262461,-0.35310912132263184,currents.b
1764786262463,-0.32115355134010315,currents.b
1764786262465,-0.2828068435192108,currents.b
1764786262467,-0.2476557195186615,currents.b
1764786262470,-0.17256011068820953,currents.b
1764786262473,-0.09586673229932785,currents.b
1764786262475,-0.025564461946487427,currents.b
1764786262477,0.020771123468875885,currents.b
1764786262479,0.07190004736185074,currents.b
1764786262481,0.11983340978622437,currents.b
1764786262483,0.17735344171524048,currents.b
1764786262485,0.23806904256343842,currents.b
1764786262487,0.28440460562705994,currents.b
1764786262489,0.33393579721450806,currents.b
1764786262491,0.3802713453769684,currents.b
1764786262494,0.40903139114379883,currents.b
1764786262496,0.43459582328796387,currents.b
1764786262446,0.2700246572494507,currents.c
1764786262449,0.22688458859920502,currents.c
1764786262450,0.18694013357162476,currents.c
1764786262453,0.1453978717327118,currents.c
1764786262454,0.1006600558757782,currents.c
1764786262456,0.06231337785720825,currents.c
1764786262458,0.012782245874404907,currents.c
1764786262460,-0.019173383712768555,currents.c
1764786262461,-0.06870448589324951,currents.c
1764786262463,-0.10225784778594971,currents.c
1764786262465,-0.1565823256969452,currents.c
1764786262467,-0.19972234964370728,currents.c
1764786262470,-0.2716224193572998,currents.c
1764786262473,-0.3387290835380554,currents.c
1764786262475,-0.38666245341300964,currents.c
1764786262477,-0.41222694516181946,currents.c
1764786262479,-0.4314002990722656,currents.c
1764786262481,-0.4473780691623688,currents.c
1764786262483,-0.4633558690547943,currents.c
1764786262485,-0.4745402932167053,currents.c
1764786262487,-0.4585624933242798,currents.c
1764786262489,-0.45536699891090393,currents.c
1764786262491,-0.42021581530570984,currents.c
1764786262494,-0.3962491750717163,currents.c
1764786262496,-0.3610979914665222,currents.c
1764786262498,-0.12622451782226562,currents.a
1764786262500,-0.17256011068820953,currents.a
1764786262502,-0.22209125757217407,currents.a
1764786262504,-0.2700246274471283,currents.a
1764786262506,-0.3003824055194855,currents.a
1764786262508,-0.3371313214302063,currents.a
1764786262510,-0.36429354548454285,currents.a
1764786262512,-0.38985803723335266,currents.a
1764786262513,-0.40903139114379883,currents.a
1764786262515,-0.4170202612876892,currents.a
1764786262516,-0.439389169216156,currents.a
1764786262518,-0.44258472323417664,currents.a
1764786262520,-0.44418251514434814,currents.a
1764786262521,-0.4505736231803894,currents.a
1764786262523,-0.4489758610725403,currents.a
1764786262525,-0.44578030705451965,currents.a
1764786262526,-0.4298025071620941,currents.a
1764786262528,-0.425009161233902,currents.a
1764786262529,-0.41062915325164795,currents.a
1764786262533,-0.36589136719703674,currents.a
1764786262535,-0.3243490755558014,currents.a
1764786262498,0.44418251514434814,currents.b
1764786262500,0.4537692070007324,currents.b
1764786262502,0.4505736231803894,currents.b
1764786262504,0.4409869611263275,currents.b
1764786262506,0.4361936151981354,currents.b
1764786262508,0.42021581530570984,currents.b
1764786262510,0.4026402533054352,currents.b
1764786262512,0.3818691372871399,currents.b
1764786262513,0.3626957833766937,currents.b
1764786262515,0.3387291133403778,currents.b
1764786262516,0.30837130546569824,currents.b
1764786262518,0.2700246274471283,currents.b
1764786262520,0.23008014261722565,currents.b
1764786262521,0.19812457263469696,currents.b
1764786262523,0.16297344863414764,currents.b
1764786262525,0.12462674826383591,currents.b
1764786262526,0.08468227833509445,currents.b
1764786262528,0.039944469928741455,currents.b
1764786262529,0.004793336149305105,currents.b
1764786262533,-0.08308449387550354,currents.b
1764786262535,-0.14220230281352997,currents.b
1764786262498,-0.3179579973220825,currents.c
1764786262500,-0.2812091112136841,currents.c
1764786262502,-0.22848236560821533,currents.c
1764786262504,-0.17096233367919922,currents.c
1764786262506,-0.1358112096786499,currents.c
1764786262508,-0.08308449387550354,currents.c
1764786262510,-0.038346707820892334,currents.c
1764786262512,0.007988899946212769,currents.c
1764786262513,0.05272671580314636,currents.c
1764786262515,0.0782911479473114,currents.c
1764786262516,0.1358112096786499,currents.c
1764786262518,0.17256009578704834,currents.c
1764786262520,0.22368906438350677,currents.c
1764786262521,0.25244903564453125,currents.c
1764786262523,0.28600239753723145,currents.c
1764786262525,0.32115355134010315,currents.c
1764786262526,0.34512022137641907,currents.c
1764786262528,0.3850646913051605,currents.c
1764786262529,0.40903139114379883,currents.c
1764786262533,0.4489758610725403,currents.c
1764786262535,0.46655136346817017,currents.c
1764786262539,-0.25404682755470276,currents.a
1764786262541,-0.21729791164398193,currents.a
1764786262542,-0.17256011068820953,currents.a
1764786262545,-0.14060454070568085,currents.a
1764786262546,-0.09107338637113571,currents.a
1764786262548,-0.059117816388607025,currents.a
1764786262551,0.00958667229861021,currents.a
1764786262553,0.06550893187522888,currents.a
1764786262556,0.13101786375045776,currents.a
1764786262557,0.15977787971496582,currents.a
1764786262559,0.19492901861667633,currents.a
1764786262561,0.2364712655544281,currents.a
1764786262563,0.2668290436267853,currents.a
1764786262565,0.3035779893398285,currents.a
1764786262567,0.33393579721450806,currents.a
1764786262569,0.3595002293586731,currents.a
1764786262571,0.38826024532318115,currents.a
1764786262573,0.41222691535949707,currents.a
1764786262575,0.4298025071620941,currents.a
1764786262576,0.4361936151981354,currents.a
1764786262578,0.4377914071083069,currents.a
1764786262580,0.4537692070007324,currents.a
1764786262582,0.4505736231803894,currents.a
1764786262584,0.4361936151981354,currents.a
1764786262585,0.4282047152519226,currents.a
1764786262588,0.4058358371257782,currents.a
1764786262590,0.3690869212150574,currents.a
1764786262592,0.34192466735839844,currents.a
1764786262594,0.30677351355552673,currents.a
1764786262595,0.2732201814651489,currents.a
1764786262597,0.23327571153640747,currents.a
1764786262539,-0.23008014261722565,currents.b
1764786262541,-0.2572423815727234,currents.b
1764786262542,-0.28760018944740295,currents.b
1764786262545,-0.3275446593761444,currents.b
1764786262546,-0.35310912132263184,currents.b
1764786262548,-0.37867358326911926,currents.b
1764786262551,-0.41382473707199097,currents.b
1764786262553,-0.43459582328796387,currents.b
1764786262556,-0.4489758610725403,currents.b
1764786262557,-0.4521713852882385,currents.b
1764786262559,-0.4537692070007324,currents.b
1764786262561,-0.4537692070007324,currents.b
1764786262563,-0.44418251514434814,currents.b
1764786262565,-0.4361936151981354,currents.b
1764786262567,-0.42021581530570984,currents.b
1764786262569,-0.4074335992336273,currents.b
1764786262571,-0.38666248321533203,currents.b
1764786262573,-0.3610980212688446,currents.b
1764786262575,-0.3259468972682953,currents.b
1764786262576,-0.30677351355552673,currents.b
1764786262578,-0.260437935590744,currents.b
1764786262580,-0.21889570355415344,currents.b
1764786262582,-0.17575567960739136,currents.b
1764786262584,-0.123028963804245,currents.b
1764786262585,-0.08468227833509445,currents.b
1764786262588,-0.004793336149305105,currents.b
1764786262590,0.051128923892974854,currents.b
1764786262592,0.09586673229932785,currents.b
1764786262594,0.15338675677776337,currents.b
1764786262595,0.19652679562568665,currents.b
1764786262597,0.23806904256343842,currents.b
1764786262539,0.4841269850730896,currents.c
1764786262541,0.4697469472885132,currents.c
1764786262542,0.4601603150367737,currents.c
1764786262545,0.46814918518066406,currents.c
1764786262546,0.44418251514434814,currents.c
1764786262548,0.442584753036499,currents.c
1764786262551,0.4042380750179291,currents.c
1764786262553,0.369086891412735,currents.c
1764786262556,0.3179579973220825,currents.c
1764786262557,0.2923935055732727,currents.c
1764786262559,0.2588402032852173,currents.c
1764786262561,0.21729794144630432,currents.c
1764786262563,0.17735347151756287,currents.c
1764786262565,0.13101786375045776,currents.c
1764786262567,0.08628001809120178,currents.c
1764786262569,0.047933369874954224,currents.c
1764786262571,-0.001597762107849121,currents.c
1764786262573,-0.051128894090652466,currents.c
1764786262575,-0.10385560989379883,currents.c
1764786262576,-0.12942010164260864,currents.c
1764786262578,-0.17735347151756287,currents.c
1764786262580,-0.23487350344657898,currents.c
1764786262582,-0.27481794357299805,currents.c
1764786262584,-0.3131646513938904,currents.c
1764786262585,-0.34352242946624756,currents.c
1764786262588,-0.3946513533592224,currents.c
1764786262590,-0.4202158451080322,currents.c
1764786262592,-0.439389169216156,currents.c
1764786262594,-0.4601602554321289,currents.c
1764786262595,-0.46974697709083557,currents.c
1764786262597,-0.4713447690010071,currents.c
1764786262599,0.18214677274227142,currents.a
1764786262600,0.1469956636428833,currents.a
1764786262601,0.10545340180397034,currents.a
1764786262603,0.0559222586452961,currents.a
1764786262605,-0.004793336149305105,currents.a
1764786262607,-0.059117816388607025,currents.a
1764786262608,-0.09107338637113571,currents.a
1764786262609,-0.1134423017501831,currents.a
1764786262611,-0.16457121074199677,currents.a
1764786262613,-0.20771124958992004,currents.a
1764786262615,-0.2476557195186615,currents.a
1764786262617,-0.27641573548316956,currents.a
1764786262618,-0.30677351355552673,currents.a
1764786262620,-0.34352245926856995,currents.a
1764786262622,-0.36429354548454285,currents.a
1764786262624,-0.38826024532318115,currents.a
1764786262625,-0.41382473707199097,currents.a
1764786262627,-0.42341139912605286,currents.a
1764786262629,-0.44258472323417664,currents.a
1764786262630,-0.4505736231803894,currents.a
1764786262632,-0.4521713852882385,currents.a
1764786262634,-0.4601602852344513,currents.a
1764786262635,-0.4537692070007324,currents.a
1764786262637,-0.44258472323417664,currents.a
1764786262639,-0.4298025071620941,currents.a
1764786262642,-0.4042380154132843,currents.a
1764786262644,-0.3850646913051605,currents.a
1764786262645,-0.3515113592147827,currents.a
1764786262646,-0.34192466735839844,currents.a
1764786262648,-0.3131646513938904,currents.a
1764786262649,-0.27641573548316956,currents.a
1764786262599,0.2812090814113617,currents.b
1764786262600,0.316360205411911,currents.b
1764786262601,0.34352245926856995,currents.b
1764786262603,0.37547802925109863,currents.b
1764786262605,0.4042380154132843,currents.b
1764786262607,0.4282047152519226,currents.b
1764786262608,0.43459582328796387,currents.b
1764786262609,0.44418251514434814,currents.b
1764786262611,0.4489758610725403,currents.b
1764786262613,0.4537692070007324,currents.b
1764786262615,0.4473780691623688,currents.b
1764786262617,0.44258472323417664,currents.b
1764786262618,0.43299806118011475,currents.b
1764786262620,0.4154224991798401,currents.b
1764786262622,0.3962491452693939,currents.b
1764786262624,0.3802713453769684,currents.b
1764786262625,0.3626957833766937,currents.b
1764786262627,0.33393579721450806,currents.b
1764786262629,0.2955890893936157,currents.b
1764786262630,0.2684268355369568,currents.b
1764786262632,0.23487348854541779,currents.b
1764786262634,0.18853789567947388,currents.b
1764786262635,0.1453978717327118,currents.b
1764786262637,0.10225784778594971,currents.b
1764786262639,0.05272670090198517,currents.b
1764786262642,-0.006391115486621857,currents.b
1764786262644,-0.059117816388607025,currents.b
1764786262645,-0.09906228631734848,currents.b
1764786262646,-0.12622451782226562,currents.b
1764786262648,-0.16137565672397614,currents.b
1764786262649,-0.19492901861667633,currents.b
1764786262599,-0.4633558392524719,currents.c
1764786262600,-0.4633558690547943,currents.c
1764786262601,-0.4489758610725403,currents.c
1764786262603,-0.4314002990722656,currents.c
1764786262605,-0.39944466948509216,currents.c
1764786262607,-0.369086891412735,currents.c
1764786262608,-0.34352242946624756,currents.c
1764786262609,-0.3275446593761444,currents.c
1764786262611,-0.2844046354293823,currents.c
1764786262613,-0.24605795741081238,currents.c
1764786262615,-0.19972234964370728,currents.c
1764786262617,-0.16616898775100708,currents.c
1764786262618,-0.126224547624588,currents.c
1764786262620,-0.07190003991127014,currents.c
1764786262622,-0.031955599784851074,currents.c
1764786262624,0.011184453964233398,currents.c
1764786262625,0.05112895369529724,currents.c
1764786262627,0.0894756019115448,currents.c
1764786262629,0.1469956338405609,currents.c
1764786262630,0.18214678764343262,currents.c
1764786262632,0.21729789674282074,currents.c
1764786262634,0.2716223895549774,currents.c
1764786262635,0.30837133526802063,currents.c
1764786262637,0.34032687544822693,currents.c
1764786262639,0.37707579135894775,currents.c
1764786262642,0.41062912344932556,currents.c
1764786262644,0.44418251514434814,currents.c
1764786262645,0.45696473121643066,currents.c
1764786262646,0.46814918518066406,currents.c
1764786262648,0.4745402932167053,currents.c
1764786262649,0.4713447690010071,currents.c
1764786262651,-0.24925349652767181,currents.a
1764786262653,-0.2141023576259613,currents.a
1764786262655,-0.1677667796611786,currents.a
1764786262657,-0.12462674826383591,currents.a
1764786262659,-0.07988893985748291,currents.a
1764786262660,-0.051128923892974854,currents.a
1764786262661,-0.01597778871655464,currents.a
1764786262663,0.0223689042031765,currents.a
1764786262665,0.05432447791099548,currents.a
1764786262666,0.10225784778594971,currents.a
1764786262668,0.1342134177684784,currents.a
1764786262669,0.1693645566701889,currents.a
1764786262672,0.22209125757217407,currents.a
1764786262674,0.2620357275009155,currents.a
1764786262676,0.28440460562705994,currents.a
1764786262678,0.3131646513938904,currents.a
1764786262680,0.34512022137641907,currents.a
1764786262682,0.3738802671432495,currents.a
1764786262684,0.4026402533054352,currents.a
1764786262686,0.42181360721588135,currents.a
1764786262688,0.43459582328796387,currents.a
1764786262690,0.4489758610725403,currents.a
1764786262692,0.44578030705451965,currents.a
1764786262694,0.4473780691623688,currents.a
1764786262696,0.4298025071620941,currents.a
1764786262698,0.42341139912605286,currents.a
1764786262699,0.4042380154132843,currents.a
1764786262651,-0.2236890345811844,currents.b
1764786262653,-0.25564461946487427,currents.b
1764786262655,-0.2955890893936157,currents.b
1764786262657,-0.33393579721450806,currents.b
1764786262659,-0.36429354548454285,currents.b
1764786262660,-0.3818691372871399,currents.b
1764786262661,-0.3962491452693939,currents.b
1764786262663,-0.4154224991798401,currents.b
1764786262665,-0.4282047152519226,currents.b
1764786262666,-0.4409869611263275,currents.b
1764786262668,-0.4489758610725403,currents.b
1764786262669,-0.45536696910858154,currents.b
1764786262672,-0.45536696910858154,currents.b
1764786262674,-0.4473780691623688,currents.b
1764786262676,-0.4409869611263275,currents.b
1764786262678,-0.43299806118011475,currents.b
1764786262680,-0.41062915325164795,currents.b
1764786262682,-0.38985803723335266,currents.b
1764786262684,-0.3706846833229065,currents.b
1764786262686,-0.34352245926856995,currents.b
1764786262688,-0.3003824055194855,currents.b
1764786262690,-0.260437935590744,currents.b
1764786262692,-0.20930902659893036,currents.b
1764786262694,-0.16297344863414764,currents.b
1764786262696,-0.10864895582199097,currents.b
1764786262698,-0.0671067088842392,currents.b
1764786262699,-0.025564461946487427,currents.b
1764786262651,0.48093143105506897,currents.c
1764786262653,0.46974697709083557,currents.c
1764786262655,0.4633558690547943,currents.c
1764786262657,0.45856255292892456,currents.c
1764786262659,0.44418248534202576,currents.c
1764786262660,0.43299806118011475,currents.c
1764786262661,0.41222694516181946,currents.c
1764786262663,0.3930535912513733,currents.c
1764786262665,0.3738802373409271,currents.c
1764786262666,0.3387291133403778,currents.c
1764786262668,0.3147624433040619,currents.c
1764786262669,0.28600239753723145,currents.c
1764786262672,0.23327571153640747,currents.c
1764786262674,0.18534234166145325,currents.c
1764786262676,0.15658235549926758,currents.c
1764786262678,0.11983340978622437,currents.c
1764786262680,0.06550893187522888,currents.c
1764786262682,0.01597777009010315,currents.c
1764786262684,-0.031955569982528687,currents.c
1764786262686,-0.0782911479473114,currents.c
1764786262688,-0.1342134177684784,currents.c
1764786262690,-0.18853792548179626,currents.c
1764786262692,-0.2364712804555893,currents.c
1764786262694,-0.2844046354293823,currents.c
1764786262696,-0.32115355134010315,currents.c
1764786262698,-0.3595002293586731,currents.c
1764786262699,-0.3786735534667969,currents.c
1764786262701,0.3962491452693939,currents.a
1764786262703,0.35470688343048096,currents.a
1764786262705,0.3275446593761444,currents.a
1764786262706,0.2891979515552521,currents.a
1764786262708,0.2620357275009155,currents.a
1764786262709,0.23327571153640747,currents.a
1764786262710,0.18694013357162476,currents.a
1764786262712,0.13261564075946808,currents.a
1764786262714,0.08468227833509445,currents.a
1764786262715,0.047933366149663925,currents.a
1764786262716,0.014380008913576603,currents.a
1764786262718,-0.03195557743310928,currents.a
1764786262720,-0.07509560137987137,currents.a
1764786262722,-0.13740897178649902,currents.a
1764786262724,-0.18534234166145325,currents.a
1764786262726,-0.23327571153640747,currents.a
1764786262728,-0.2668290436267853,currents.a
1764786262730,-0.3003824055194855,currents.a
1764786262732,-0.3387291133403778,currents.a
1764786262734,-0.37867358326911926,currents.a
1764786262736,-0.4026402533054352,currents.a
1764786262738,-0.4170202612876892,currents.a
1764786262740,-0.43299806118011475,currents.a
1764786262742,-0.4409869611263275,currents.a
1764786262743,-0.4601602852344513,currents.a
1764786262744,-0.4521713852882385,currents.a
1764786262746,-0.4489758610725403,currents.a
1764786262748,-0.4521713852882385,currents.a
1764786262750,-0.4282047152519226,currents.a
1764786262701,0.020771123468875885,currents.b
1764786262703,0.08308449387550354,currents.b
1764786262705,0.12782230973243713,currents.b
1764786262706,0.17256011068820953,currents.b
1764786262708,0.20771124958992004,currents.b
1764786262709,0.23806904256343842,currents.b
1764786262710,0.2796112895011902,currents.b
1764786262712,0.32115355134010315,currents.b
1764786262714,0.35310912132263184,currents.b
1764786262715,0.37867358326911926,currents.b
1764786262716,0.40104249119758606,currents.b
1764786262718,0.4170202612876892,currents.b
1764786262720,0.43459582328796387,currents.b
1764786262722,0.44578030705451965,currents.b
1764786262724,0.4537692070007324,currents.b
1764786262726,0.4473780691623688,currents.b
1764786262728,0.44418251514434814,currents.b
1764786262730,0.4361936151981354,currents.b
1764786262732,0.4170202612876892,currents.b
1764786262734,0.3930535912513733,currents.b
1764786262736,0.3706846833229065,currents.b
1764786262738,0.34512022137641907,currents.b
1764786262740,0.3131646513938904,currents.b
1764786262742,0.27481794357299805,currents.b
1764786262743,0.24925349652767181,currents.b
1764786262744,0.22049348056316376,currents.b
1764786262746,0.18534234166145325,currents.b
1764786262748,0.13101786375045776,currents.b
1764786262750,0.06870448589324951,currents.b
1764786262701,-0.4170202612876892,currents.c
1764786262703,-0.4377913773059845,currents.c
1764786262705,-0.45536696910858154,currents.c
1764786262706,-0.4617580771446228,currents.c
1764786262708,-0.46974697709083557,currents.c
1764786262709,-0.4713447690010071,currents.c
1764786262710,-0.46655142307281494,currents.c
1764786262712,-0.4537692070007324,currents.c
1764786262714,-0.4377914071083069,currents.c
1764786262715,-0.4266069531440735,currents.c
1764786262716,-0.4154224991798401,currents.c
1764786262718,-0.3850646913051605,currents.c
1764786262720,-0.3595002293586731,currents.c
1764786262722,-0.30837133526802063,currents.c
1764786262724,-0.2668290436267853,currents.c
1764786262726,-0.2141023576259613,currents.c
1764786262728,-0.17735347151756287,currents.c
1764786262730,-0.1358112096786499,currents.c
1764786262732,-0.0782911479473114,currents.c
1764786262734,-0.014380007982254028,currents.c
1764786262736,0.031955569982528687,currents.c
1764786262738,0.07190003991127014,currents.c
1764786262740,0.11983340978622437,currents.c
1764786262742,0.16616901755332947,currents.c
1764786262743,0.21090678870677948,currents.c
1764786262744,0.23167790472507477,currents.c
1764786262746,0.26363351941108704,currents.c
1764786262748,0.32115352153778076,currents.c
1764786262750,0.3595002293586731,currents.c
1764786262752,-0.4186180531978607,currents.a
1764786262754,-0.4042380154132843,currents.a
1764786262756,-0.37867358326911926,currents.a
1764786262757,-0.36429354548454285,currents.a
1764786262758,-0.3387291133403778,currents.a
1764786262759,-0.3275446593761444,currents.a
1764786262760,-0.29878464341163635,currents.a
1764786262762,-0.27801352739334106,currents.a
1764786262763,-0.24446016550064087,currents.a
1764786262765,-0.20451569557189941,currents.a
1764786262767,-0.16297344863414764,currents.a
1764786262768,-0.123028963804245,currents.a
1764786262771,-0.08148672431707382,currents.a
1764786262773,-0.028760017827153206,currents.a
1764786262774,0.006391115486621857,currents.a
1764786262776,0.039944469928741455,currents.a
1764786262777,0.07509560137987137,currents.a
1764786262779,0.123028963804245,currents.a
1764786262781,0.16457121074199677,currents.a
1764786262783,0.2013201266527176,currents.a
1764786262784,0.23327571153640747,currents.a
1764786262786,0.2684268355369568,currents.a
1764786262788,0.2891979515552521,currents.a
1764786262790,0.31955575942993164,currents.a
1764786262791,0.33074021339416504,currents.a
1764786262793,0.3595002293586731,currents.a
1764786262794,0.37707579135894775,currents.a
1764786262796,0.39944469928741455,currents.a
1764786262797,0.41382473707199097,currents.a
1764786262799,0.4282047152519226,currents.a
1764786262800,0.439389169216156,currents.a
1764786262752,0.020771123468875885,currents.b
1764786262754,-0.0223689042031765,currents.b
1764786262756,-0.06391115486621857,currents.b
1764786262757,-0.09267117083072662,currents.b
1764786262758,-0.123028963804245,currents.b
1764786262759,-0.1469956636428833,currents.b
1764786262760,-0.17256011068820953,currents.b
1764786262762,-0.2013201266527176,currents.b
1764786262763,-0.2364712655544281,currents.b
1764786262765,-0.2716223895549774,currents.b
1764786262767,-0.3003824055194855,currents.b
1764786262768,-0.33393579721450806,currents.b
1764786262771,-0.3690869212150574,currents.b
1764786262773,-0.39145582914352417,currents.b
1764786262774,-0.41062915325164795,currents.b
1764786262776,-0.42341139912605286,currents.b
1764786262777,-0.4361936151981354,currents.b
1764786262779,-0.44418251514434814,currents.b
1764786262781,-0.4537692070007324,currents.b
1764786262783,-0.45696473121643066,currents.b
1764786262784,-0.4521713852882385,currents.b
1764786262786,-0.44418251514434814,currents.b
1764786262788,-0.4361936151981354,currents.b
1764786262790,-0.4314002990722656,currents.b
1764786262791,-0.41382473707199097,currents.b
1764786262793,-0.4058358371257782,currents.b
1764786262794,-0.38985803723335266,currents.b
1764786262796,-0.36748912930488586,currents.b
1764786262797,-0.3483157753944397,currents.b
1764786262799,-0.3259468972682953,currents.b
1764786262800,-0.2939913272857666,currents.b
1764786262752,0.39784693717956543,currents.c
1764786262754,0.4266069233417511,currents.c
1764786262756,0.442584753036499,currents.c
1764786262757,0.45696473121643066,currents.c
1764786262758,0.4617580771446228,currents.c
1764786262759,0.4745403230190277,currents.c
1764786262760,0.4713447690010071,currents.c
1764786262762,0.47933363914489746,currents.c
1764786262763,0.48093143105506897,currents.c
1764786262765,0.47613808512687683,currents.c
1764786262767,0.4633558392524719,currents.c
1764786262768,0.45696476101875305,currents.c
1764786262771,0.4505736529827118,currents.c
1764786262773,0.4202158451080322,currents.c
1764786262774,0.4042380452156067,currents.c
1764786262776,0.3834669291973114,currents.c
1764786262777,0.3610980212688446,currents.c
1764786262779,0.32115355134010315,currents.c
1764786262781,0.28919798135757446,currents.c
1764786262783,0.25564461946487427,currents.c
1764786262784,0.21889567375183105,currents.c
1764786262786,0.17575567960739136,currents.c
1764786262788,0.1469956636428833,currents.c
1764786262790,0.11184453964233398,currents.c
1764786262791,0.08308452367782593,currents.c
1764786262793,0.0463356077671051,currents.c
1764786262794,0.012782245874404907,currents.c
1764786262796,-0.031955569982528687,currents.c
1764786262797,-0.06550896167755127,currents.c
1764786262799,-0.10225781798362732,currents.c
1764786262800,-0.1453978419303894,currents.c
1764786262802,0.4409869611263275,currents.a
1764786262804,0.4521713852882385,currents.a
1764786262805,0.4489758610725403,currents.a
1764786262808,0.44258472323417664,currents.a
1764786262809,0.4266069531440735,currents.a
1764786262810,0.41062915325164795,currents.a
1764786262812,0.4026402533054352,currents.a
1764786262813,0.38985803723335266,currents.a
1764786262815,0.35630467534065247,currents.a
1764786262816,0.3259468972682953,currents.a
1764786262818,0.2891979515552521,currents.a
1764786262820,0.24126459658145905,currents.a
1764786262822,0.1917334645986557,currents.a
1764786262824,0.14060454070568085,currents.a
1764786262825,0.09426894783973694,currents.a
1764786262827,0.036748915910720825,currents.a
1764786262829,0,currents.a
1764786262830,-0.04154224693775177,currents.a
1764786262832,-0.10225784778594971,currents.a
1764786262834,-0.14380009472370148,currents.a
1764786262836,-0.18214677274227142,currents.a
1764786262838,-0.2364712655544281,currents.a
1764786262840,-0.27481794357299805,currents.a
1764786262842,-0.3035779893398285,currents.a
1764786262844,-0.3467179834842682,currents.a
1764786262846,-0.37707579135894775,currents.a
1764786262848,-0.39784693717956543,currents.a
1764786262849,-0.41062915325164795,currents.a
1764786262802,-0.2588401734828949,currents.b
1764786262804,-0.2157001495361328,currents.b
1764786262805,-0.18214677274227142,currents.b
1764786262808,-0.12622451782226562,currents.b
1764786262809,-0.09746450930833817,currents.b
1764786262810,-0.04314002767205238,currents.b
1764786262812,0.0015977788716554642,currents.b
1764786262813,0.0335533544421196,currents.b
1764786262815,0.07669337838888168,currents.b
1764786262816,0.123028963804245,currents.b
1764786262818,0.1677667796611786,currents.b
1764786262820,0.2236890345811844,currents.b
1764786262822,0.2732201814651489,currents.b
1764786262824,0.31156688928604126,currents.b
1764786262825,0.3483157753944397,currents.b
1764786262827,0.3834669291973114,currents.b
1764786262829,0.4058358371257782,currents.b
1764786262830,0.4266069531440735,currents.b
1764786262832,0.439389169216156,currents.b
1764786262834,0.4489758610725403,currents.b
1764786262836,0.45536696910858154,currents.b
1764786262838,0.4505736231803894,currents.b
1764786262840,0.44258472323417664,currents.b
1764786262842,0.4314002990722656,currents.b
1764786262844,0.41382473707199097,currents.b
1764786262846,0.39145582914352417,currents.b
1764786262848,0.3738802671432495,currents.b
1764786262849,0.35310912132263184,currents.b
1764786262802,-0.18214678764343262,currents.c
1764786262804,-0.23008015751838684,currents.c
1764786262805,-0.26682907342910767,currents.c
1764786262808,-0.316360205411911,currents.c
1764786262809,-0.33393576741218567,currents.c
1764786262810,-0.36748912930488586,currents.c
1764786262812,-0.4042380452156067,currents.c
1764786262813,-0.42341139912605286,currents.c
1764786262815,-0.43299806118011475,currents.c
1764786262816,-0.4489758610725403,currents.c
1764786262818,-0.45696473121643066,currents.c
1764786262820,-0.46495363116264343,currents.c
1764786262822,-0.4649536609649658,currents.c
1764786262824,-0.4521714448928833,currents.c
1764786262825,-0.44258472323417664,currents.c
1764786262827,-0.4202158451080322,currents.c
1764786262829,-0.4058358371257782,currents.c
1764786262830,-0.3850647211074829,currents.c
1764786262832,-0.3371313214302063,currents.c
1764786262834,-0.30517578125,currents.c
1764786262836,-0.2732201814651489,currents.c
1764786262838,-0.2141023576259613,currents.c
1764786262840,-0.1677667796611786,currents.c
1764786262842,-0.12782230973243713,currents.c
1764786262844,-0.06710675358772278,currents.c
1764786262846,-0.014380037784576416,currents.c
1764786262848,0.023966670036315918,currents.c
1764786262849,0.05752003192901611,currents.c
1764786262851,-0.4314002990722656,currents.a
1764786262853,-0.4473780691623688,currents.a
1764786262855,-0.4473780691623688,currents.a
1764786262857,-0.4521713852882385,currents.a
1764786262858,-0.4521713852882385,currents.a
1764786262860,-0.4521713852882385,currents.a
1764786262861,-0.43459582328796387,currents.a
1764786262863,-0.43459582328796387,currents.a
1764786262864,-0.41222691535949707,currents.a
1764786262866,-0.39944469928741455,currents.a
1764786262867,-0.3834669291973114,currents.a
1764786262869,-0.36589136719703674,currents.a
1764786262871,-0.3259468972682953,currents.a
1764786262873,-0.2907957434654236,currents.a
1764786262874,-0.2700246274471283,currents.a
1764786262875,-0.23966681957244873,currents.a
1764786262877,-0.212504580616951,currents.a
1764786262878,-0.17575567960739136,currents.a
1764786262880,-0.12782230973243713,currents.a
1764786262882,-0.09426894783973694,currents.a
1764786262883,-0.051128923892974854,currents.a
1764786262885,-0.023966683074831963,currents.a
1764786262887,0.03195557743310928,currents.a
1764786262889,0.07190004736185074,currents.a
1764786262891,0.1134423017501831,currents.a
1764786262892,0.1453978717327118,currents.a
1764786262894,0.17735344171524048,currents.a
1764786262895,0.21090680360794067,currents.a
1764786262897,0.24286238849163055,currents.a
1764786262899,0.27481794357299805,currents.a
1764786262900,0.2939913272857666,currents.a
1764786262851,0.32115355134010315,currents.b
1764786262853,0.2828068435192108,currents.b
1764786262855,0.24446016550064087,currents.b
1764786262857,0.2013201266527176,currents.b
1764786262858,0.17415788769721985,currents.b
1764786262860,0.13261564075946808,currents.b
1764786262861,0.09107338637113571,currents.b
1764786262863,0.05752003565430641,currents.b
1764786262864,0.017575567588210106,currents.b
1764786262866,-0.01597778871655464,currents.b
1764786262867,-0.04314002767205238,currents.b
1764786262869,-0.089475616812706,currents.b
1764786262871,-0.13740897178649902,currents.b
1764786262873,-0.18534234166145325,currents.b
1764786262874,-0.2029179185628891,currents.b
1764786262875,-0.23487348854541779,currents.b
1764786262877,-0.2620357275009155,currents.b
1764786262878,-0.2955890893936157,currents.b
1764786262880,-0.32115355134010315,currents.b
1764786262882,-0.35310912132263184,currents.b
1764786262883,-0.37867358326911926,currents.b
1764786262885,-0.39944469928741455,currents.b
1764786262887,-0.42181360721588135,currents.b
1764786262889,-0.4361936151981354,currents.b
1764786262891,-0.439389169216156,currents.b
1764786262892,-0.44578030705451965,currents.b
1764786262894,-0.4521713852882385,currents.b
1764786262895,-0.4537692070007324,currents.b
1764786262897,-0.4505736231803894,currents.b
1764786262899,-0.44578030705451965,currents.b
1764786262900,-0.4409869611263275,currents.b
1764786262851,0.11344227194786072,currents.c
1764786262853,0.16457122564315796,currents.c
1764786262855,0.2029179036617279,currents.c
1764786262857,0.25085127353668213,currents.c
1764786262858,0.2844046354293823,currents.c
1764786262860,0.31955575942993164,currents.c
1764786262861,0.34352242946624756,currents.c
1764786262863,0.37707579135894775,currents.c
1764786262864,0.3946513533592224,currents.c
1764786262866,0.4154224991798401,currents.c
1764786262867,0.4266069531440735,currents.c
1764786262869,0.45536696910858154,currents.c
1764786262871,0.4633558690547943,currents.c
1764786262873,0.47933366894721985,currents.c
1764786262874,0.47613808512687683,currents.c
1764786262875,0.4745402932167053,currents.c
1764786262877,0.4745402932167053,currents.c
1764786262878,0.46495363116264343,currents.c
1764786262880,0.4489758610725403,currents.c
1764786262882,0.4473780691623688,currents.c
1764786262883,0.4298025071620941,currents.c
1764786262885,0.42341136932373047,currents.c
1764786262887,0.38985803723335266,currents.c
1764786262889,0.36429357528686523,currents.c
1764786262891,0.3259468674659729,currents.c
1764786262892,0.30038243532180786,currents.c
1764786262894,0.27481794357299805,currents.c
1764786262895,0.24286240339279175,currents.c
1764786262897,0.2029179036617279,currents.c
1764786262899,0.1709623634815216,currents.c
1764786262900,0.1469956338405609,currents.c
1764786262903,0.3275446593761444,currents.a
1764786262904,0.3595002293586731,currents.a
1764786262906,0.37707579135894775,currents.a
1764786262907,0.39784693717956543,currents.a
1764786262908,0.41062915325164795,currents.a
1764786262910,0.42181360721588135,currents.a
1764786262911,0.4314002990722656,currents.a
1764786262913,0.4409869611263275,currents.a
1764786262914,0.4489758610725403,currents.a
1764786262917,0.44258472323417664,currents.a
1764786262920,0.4377914071083069,currents.a
1764786262922,0.42181360721588135,currents.a
1764786262923,0.40903139114379883,currents.a
1764786262925,0.38666248321533203,currents.a
1764786262927,0.35310912132263184,currents.a
1764786262928,0.3179579973220825,currents.a
1764786262931,0.2716223895549774,currents.a
1764786262933,0.2268846035003662,currents.a
1764786262934,0.18214677274227142,currents.a
1764786262936,0.12782230973243713,currents.a
1764786262938,0.0782911628484726,currents.a
1764786262939,0.02716223895549774,currents.a
1764786262941,-0.004793336149305105,currents.a
1764786262943,-0.06391115486621857,currents.a
1764786262944,-0.10225784778594971,currents.a
1764786262946,-0.14859342575073242,currents.a
1764786262948,-0.19333124160766602,currents.a
1764786262949,-0.23008014261722565,currents.a
1764786262903,-0.42021581530570984,currents.b
1764786262904,-0.4042380154132843,currents.b
1764786262906,-0.38826024532318115,currents.b
1764786262907,-0.37867358326911926,currents.b
1764786262908,-0.357902467250824,currents.b
1764786262910,-0.34352245926856995,currents.b
1764786262911,-0.316360205411911,currents.b
1764786262913,-0.2812090814113617,currents.b
1764786262914,-0.25564461946487427,currents.b
1764786262917,-0.1901356726884842,currents.b
1764786262920,-0.10705117881298065,currents.b
1764786262922,-0.059117816388607025,currents.b
1764786262923,-0.01597778871655464,currents.b
1764786262925,0.03195557743310928,currents.b
1764786262927,0.08628005534410477,currents.b
1764786262928,0.13740897178649902,currents.b
1764786262931,0.1901356726884842,currents.b
1764786262933,0.24286238849163055,currents.b
1764786262934,0.28760018944740295,currents.b
1764786262936,0.3243490755558014,currents.b
1764786262938,0.3610980212688446,currents.b
1764786262939,0.38666248321533203,currents.b
1764786262941,0.4074335992336273,currents.b
1764786262943,0.4298025071620941,currents.b
1764786262944,0.44258472323417664,currents.b
1764786262946,0.4537692070007324,currents.b
1764786262948,0.4537692070007324,currents.b
1764786262949,0.4489758610725403,currents.b
1764786262903,0.08787783980369568,currents.c
1764786262904,0.044737786054611206,currents.c
1764786262906,0.007988899946212769,currents.c
1764786262907,-0.019173353910446167,currents.c
1764786262908,-0.052726686000823975,currents.c
1764786262910,-0.07349780201911926,currents.c
1764786262911,-0.11504009366035461,currents.c
1764786262913,-0.16616898775100708,currents.c
1764786262914,-0.19333124160766602,currents.c
1764786262917,-0.2572423815727234,currents.c
1764786262920,-0.33074021339416504,currents.c
1764786262922,-0.3626957833766937,currents.c
1764786262923,-0.3930535912513733,currents.c
1764786262925,-0.4186180531978607,currents.c
1764786262927,-0.439389169216156,currents.c
1764786262928,-0.45536696910858154,currents.c
1764786262931,-0.4617580771446228,currents.c
1764786262933,-0.46974700689315796,currents.c
1764786262934,-0.4697469472885132,currents.c
1764786262936,-0.4521713852882385,currents.c
1764786262938,-0.439389169216156,currents.c
1764786262939,-0.41382473707199097,currents.c
1764786262941,-0.4026402533054352,currents.c
1764786262943,-0.36589133739471436,currents.c
1764786262944,-0.34032687544822693,currents.c
1764786262946,-0.30517578125,currents.c
1764786262948,-0.2604379653930664,currents.c
1764786262949,-0.21889571845531464,currents.c
1764786262951,-0.25244903564453125,currents.a
1764786262952,-0.2828068435192108,currents.a
1764786262954,-0.3147624135017395,currents.a
1764786262956,-0.34192466735839844,currents.a
1764786262958,-0.3722824454307556,currents.a
1764786262960,-0.40104249119758606,currents.a
1764786262961,-0.42021581530570984,currents.a
1764786262963,-0.43299806118011475,currents.a
1764786262964,-0.44258472323417664,currents.a
1764786262965,-0.4489758610725403,currents.a
1764786262967,-0.4489758610725403,currents.a
1764786262969,-0.44418251514434814,currents.a
1764786262972,-0.4409869611263275,currents.a
1764786262974,-0.4361936151981354,currents.a
1764786262976,-0.42181360721588135,currents.a
1764786262978,-0.38985803723335266,currents.a
1764786262980,-0.3738802671432495,currents.a
1764786262981,-0.3467179834842682,currents.a
1764786262983,-0.32115355134010315,currents.a
1764786262985,-0.28760018944740295,currents.a
1764786262987,-0.2572423815727234,currents.a
1764786262988,-0.22209125757217407,currents.a
1764786262990,-0.18374456465244293,currents.a
1764786262992,-0.14220230281352997,currents.a
1764786262994,-0.07509560137987137,currents.a
1764786262997,-0.014380008913576603,currents.a
1764786262951,0.44418251514434814,currents.b
1764786262952,0.44258472323417664,currents.b
1764786262954,0.4282047152519226,currents.b
1764786262956,0.4074335992336273,currents.b
1764786262958,0.39145582914352417,currents.b
1764786262960,0.3706846833229065,currents.b
1764786262961,0.35310912132263184,currents.b
1764786262963,0.3259468972682953,currents.b
1764786262964,0.29878464341163635,currents.b
1764786262965,0.2732201814651489,currents.b
1764786262967,0.23806904256343842,currents.b
1764786262969,0.18694013357162476,currents.b
1764786262972,0.123028963804245,currents.b
1764786262974,0.0782911628484726,currents.b
1764786262976,0.02716223895549774,currents.b
1764786262978,-0.025564461946487427,currents.b
1764786262980,-0.0671067088842392,currents.b
1764786262981,-0.11024674028158188,currents.b
1764786262983,-0.15019120275974274,currents.b
1764786262985,-0.18534234166145325,currents.b
1764786262987,-0.22209125757217407,currents.b
1764786262988,-0.2588401734828949,currents.b
1764786262990,-0.2923935055732727,currents.b
1764786262992,-0.3243490755558014,currents.b
1764786262994,-0.3626957833766937,currents.b
1764786262997,-0.40104249119758606,currents.b
1764786262951,-0.1917334794998169,currents.c
1764786262952,-0.15977787971496582,currents.c
1764786262954,-0.1134423017501831,currents.c
1764786262956,-0.06071561574935913,currents.c
1764786262958,-0.019173383712768555,currents.c
1764786262960,0.030357807874679565,currents.c
1764786262961,0.067106693983078,currents.c
1764786262963,0.10705116391181946,currents.c
1764786262964,0.14380007982254028,currents.c
1764786262965,0.17575567960739136,currents.c
1764786262967,0.21090681850910187,currents.c
1764786262969,0.2572423815727234,currents.c
1764786262972,0.3179579973220825,currents.c
1764786262974,0.357902467250824,currents.c
1764786262976,0.3946513533592224,currents.c
1764786262978,0.4186180531978607,currents.c
1764786262980,0.4409869909286499,currents.c
1764786262981,0.45696473121643066,currents.c
1764786262983,0.4713447690010071,currents.c
1764786262985,0.4729425311088562,currents.c
1764786262987,0.47933363914489746,currents.c
1764786262988,0.48093143105506897,currents.c
1764786262990,0.4729425311088562,currents.c
1764786262992,0.46655136346817017,currents.c
1764786262994,0.4377913773059845,currents.c
1764786262997,0.4154224991798401,currents.c
1764786262999,0.03035779856145382,currents.a
1764786263001,0.07509560137987137,currents.a
1764786263004,0.1358111947774887,currents.a
1764786263006,0.17415788769721985,currents.a
1764786263007,0.2029179185628891,currents.a
1764786263009,0.23806904256343842,currents.a
1764786263010,0.26523128151893616,currents.a
1764786263012,0.28440460562705994,currents.a
1764786263013,0.30677351355552673,currents.a
1764786263015,0.34032687544822693,currents.a
1764786263016,0.3595002293586731,currents.a
1764786263017,0.37707579135894775,currents.a
1764786263019,0.38985803723335266,currents.a
1764786263020,0.41382473707199097,currents.a
1764786263022,0.4298025071620941,currents.a
1764786263024,0.44258472323417664,currents.a
1764786263026,0.4473780691623688,currents.a
1764786263028,0.4473780691623688,currents.a
1764786263029,0.4473780691623688,currents.a
1764786263032,0.43299806118011475,currents.a
1764786263033,0.42021581530570984,currents.a
1764786263036,0.4026402533054352,currents.a
1764786263037,0.3802713453769684,currents.a
1764786263040,0.3275446593761444,currents.a
1764786263041,0.2923935055732727,currents.a
1764786263043,0.2588401734828949,currents.a
1764786263045,0.22049348056316376,currents.a
1764786263047,0.15977787971496582,currents.a
1764786263049,0.11504007130861282,currents.a
1764786262999,-0.4154224991798401,currents.b
1764786263001,-0.43459582328796387,currents.b
1764786263004,-0.4473780691623688,currents.b
1764786263006,-0.4537692070007324,currents.b
1764786263007,-0.4521713852882385,currents.b
1764786263009,-0.4489758610725403,currents.b
1764786263010,-0.44578030705451965,currents.b
1764786263012,-0.4409869611263275,currents.b
1764786263013,-0.4314002990722656,currents.b
1764786263015,-0.4186180531978607,currents.b
1764786263016,-0.4058358371257782,currents.b
1764786263017,-0.3930535912513733,currents.b
1764786263019,-0.37867358326911926,currents.b
1764786263020,-0.35470688343048096,currents.b
1764786263022,-0.32914242148399353,currents.b
1764786263024,-0.29718685150146484,currents.b
1764786263026,-0.25564461946487427,currents.b
1764786263028,-0.2157001495361328,currents.b
1764786263029,-0.17415788769721985,currents.b
1764786263032,-0.10864895582199097,currents.b
1764786263033,-0.0559222586452961,currents.b
1764786263036,0.004793336149305105,currents.b
1764786263037,0.04633558541536331,currents.b
1764786263040,0.12143119424581528,currents.b
1764786263041,0.16616898775100708,currents.b
1764786263043,0.20451569557189941,currents.b
1764786263045,0.24925349652767181,currents.b
1764786263047,0.3003824055194855,currents.b
1764786263049,0.3371313214302063,currents.b
1764786262999,0.3850646913051605,currents.c
1764786263001,0.3595002293586731,currents.c
1764786263004,0.31156688928604126,currents.c
1764786263006,0.2796113193035126,currents.c
1764786263007,0.24925346672534943,currents.c
1764786263009,0.20611345767974854,currents.c
1764786263010,0.1805490255355835,currents.c
1764786263012,0.15658235549926758,currents.c
1764786263013,0.12462678551673889,currents.c
1764786263015,0.07829117774963379,currents.c
1764786263016,0.0463356077671051,currents.c
1764786263017,0.015977799892425537,currents.c
1764786263019,-0.011184453964233398,currents.c
1764786263020,-0.05911785364151001,currents.c
1764786263022,-0.10066008567810059,currents.c
1764786263024,-0.1453978717327118,currents.c
1764786263026,-0.1917334496974945,currents.c
1764786263028,-0.23167791962623596,currents.c
1764786263029,-0.2732201814651489,currents.c
1764786263032,-0.3243491053581238,currents.c
1764786263033,-0.36429354548454285,currents.c
1764786263036,-0.4074335992336273,currents.c
1764786263037,-0.4266069531440735,currents.c
1764786263040,-0.4489758610725403,currents.c
1764786263041,-0.4585624933242798,currents.c
1764786263043,-0.4633558690547943,currents.c
1764786263045,-0.46814918518066406,currents.c
1764786263047,-0.4601602852344513,currents.c
1764786263049,-0.4521713852882385,currents.c
1764786263050,0.051128923892974854,currents.a
1764786263052,0.004793336149305105,currents.a
1764786263054,-0.04314002767205238,currents.a
1764786263056,-0.09426894783973694,currents.a
1764786263058,-0.1469956636428833,currents.a
1764786263059,-0.18374456465244293,currents.a
1764786263061,-0.2236890345811844,currents.a
1764786263063,-0.2572423815727234,currents.a
1764786263064,-0.28440460562705994,currents.a
1764786263066,-0.30677351355552673,currents.a
1764786263068,-0.34032687544822693,currents.a
1764786263071,-0.3930535912513733,currents.a
1764786263073,-0.42341139912605286,currents.a
1764786263075,-0.43459582328796387,currents.a
1764786263077,-0.4521713852882385,currents.a
1764786263079,-0.4537692070007324,currents.a
1764786263081,-0.4537692070007324,currents.a
1764786263083,-0.4489758610725403,currents.a
1764786263085,-0.4361936151981354,currents.a
1764786263087,-0.4282047152519226,currents.a
1764786263088,-0.4154224991798401,currents.a
1764786263090,-0.3946513533592224,currents.a
1764786263092,-0.36748912930488586,currents.a
1764786263094,-0.3275446593761444,currents.a
1764786263096,-0.2955890893936157,currents.a
1764786263097,-0.2716223895549774,currents.a
1764786263050,0.3706846833229065,currents.b
1764786263052,0.40104249119758606,currents.b
1764786263054,0.42341139912605286,currents.b
1764786263056,0.4409869611263275,currents.b
1764786263058,0.4505736231803894,currents.b
1764786263059,0.4537692070007324,currents.b
1764786263061,0.4521713852882385,currents.b
1764786263063,0.4473780691623688,currents.b
1764786263064,0.439389169216156,currents.b
1764786263066,0.4298025071620941,currents.b
1764786263068,0.40903139114379883,currents.b
1764786263071,0.3850646913051605,currents.b
1764786263073,0.3515113592147827,currents.b
1764786263075,0.316360205411911,currents.b
1764786263077,0.2812090814113617,currents.b
1764786263079,0.23167793452739716,currents.b
1764786263081,0.1917334645986557,currents.b
1764786263083,0.1453978717327118,currents.b
1764786263085,0.09746450930833817,currents.b
1764786263087,0.05432447791099548,currents.b
1764786263088,0.006391115486621857,currents.b
1764786263090,-0.036748915910720825,currents.b
1764786263092,-0.089475616812706,currents.b
1764786263094,-0.14060454070568085,currents.b
1764786263096,-0.17256011068820953,currents.b
1764786263097,-0.21090680360794067,currents.b
1764786263050,-0.42181360721588135,currents.c
1764786263052,-0.4058358371257782,currents.c
1764786263054,-0.38027137517929077,currents.c
1764786263056,-0.3467180132865906,currents.c
1764786263058,-0.3035779595375061,currents.c
1764786263059,-0.2700246572494507,currents.c
1764786263061,-0.22848235070705414,currents.c
1764786263063,-0.19013568758964539,currents.c
1764786263064,-0.15498456358909607,currents.c
1764786263066,-0.12302899360656738,currents.c
1764786263068,-0.0687045156955719,currents.c
1764786263071,0.007988899946212769,currents.c
1764786263073,0.06870445609092712,currents.c
1764786263075,0.11823561787605286,currents.c
1764786263077,0.16457122564315796,currents.c
1764786263079,0.22209127247333527,currents.c
1764786263081,0.2620357275009155,currents.c
1764786263083,0.3035779893398285,currents.c
1764786263085,0.3387291133403778,currents.c
1764786263087,0.3738802373409271,currents.c
1764786263088,0.40903139114379883,currents.c
1764786263090,0.43140026926994324,currents.c
1764786263092,0.45696473121643066,currents.c
1764786263094,0.4617580771446228,currents.c
1764786263096,0.46814918518066406,currents.c
1764786263097,0.47613808512687683,currents.c
1764786263099,-0.23966681957244873,currents.a
1764786263101,-0.1917334645986557,currents.a
1764786263103,-0.14380009472370148,currents.a
1764786263105,-0.089475616812706,currents.a
1764786263107,-0.0559222586452961,currents.a
1764786263109,-0.017575567588210106,currents.a
1764786263111,0.02716223895549774,currents.a
1764786263112,0.05752003565430641,currents.a
1764786263113,0.08787783980369568,currents.a
1764786263115,0.12782230973243713,currents.a
1764786263117,0.1677667796611786,currents.a
1764786263119,0.19492901861667633,currents.a
1764786263120,0.23487348854541779,currents.a
1764786263122,0.2668290436267853,currents.a
1764786263124,0.2939913272857666,currents.a
1764786263125,0.3259468972682953,currents.a
1764786263127,0.3467179834842682,currents.a
1764786263129,0.3690869212150574,currents.a
1764786263131,0.39944469928741455,currents.a
1764786263133,0.41382473707199097,currents.a
1764786263135,0.4298025071620941,currents.a
1764786263137,0.43299806118011475,currents.a
1764786263138,0.4473780691623688,currents.a
1764786263140,0.4537692070007324,currents.a
1764786263142,0.439389169216156,currents.a
1764786263144,0.4266069531440735,currents.a
1764786263146,0.41222691535949707,currents.a
1764786263148,0.39145582914352417,currents.a
1764786263149,0.3722824454307556,currents.a
1764786263099,-0.24605792760849,currents.b
1764786263101,-0.2796112895011902,currents.b
1764786263103,-0.3147624135017395,currents.b
1764786263105,-0.3515113592147827,currents.b
1764786263107,-0.37547802925109863,currents.b
1764786263109,-0.39784693717956543,currents.b
1764786263111,-0.4154224991798401,currents.b
1764786263112,-0.4282047152519226,currents.b
1764786263113,-0.439389169216156,currents.b
1764786263115,-0.4473780691623688,currents.b
1764786263117,-0.4521713852882385,currents.b
1764786263119,-0.4521713852882385,currents.b
1764786263120,-0.4537692070007324,currents.b
1764786263122,-0.4489758610725403,currents.b
1764786263124,-0.4409869611263275,currents.b
1764786263125,-0.4298025071620941,currents.b
1764786263127,-0.41222691535949707,currents.b
1764786263129,-0.39784693717956543,currents.b
1764786263131,-0.3690869212150574,currents.b
1764786263133,-0.34352245926856995,currents.b
1764786263135,-0.3131646513938904,currents.b
1764786263137,-0.28440460562705994,currents.b
1764786263138,-0.23966681957244873,currents.b
1764786263140,-0.19812457263469696,currents.b
1764786263142,-0.1453978717327118,currents.b
1764786263144,-0.08628005534410477,currents.b
1764786263146,-0.0335533544421196,currents.b
1764786263148,0.006391115486621857,currents.b
1764786263149,0.047933366149663925,currents.b
1764786263099,0.4857247471809387,currents.c
1764786263101,0.4713447690010071,currents.c
1764786263103,0.4585624933242798,currents.c
1764786263105,0.4409869909286499,currents.c
1764786263107,0.4314002990722656,currents.c
1764786263109,0.4154224991798401,currents.c
1764786263111,0.38826024532318115,currents.c
1764786263112,0.3706846833229065,currents.c
1764786263113,0.3515113294124603,currents.c
1764786263115,0.31955575942993164,currents.c
1764786263117,0.28440460562705994,currents.c
1764786263119,0.2572423815727234,currents.c
1764786263120,0.21889571845531464,currents.c
1764786263122,0.182146817445755,currents.c
1764786263124,0.15178900957107544,currents.c
1764786263125,0.10385560989379883,currents.c
1764786263127,0.06550893187522888,currents.c
1764786263129,0.028760015964508057,currents.c
1764786263131,-0.030357778072357178,currents.c
1764786263133,-0.07030227780342102,currents.c
1764786263135,-0.11663785576820374,currents.c
1764786263137,-0.1485934555530548,currents.c
1764786263138,-0.20771124958992004,currents.c
1764786263140,-0.25564461946487427,currents.c
1764786263142,-0.2939912974834442,currents.c
1764786263144,-0.3403269052505493,currents.c
1764786263146,-0.3786735534667969,currents.c
1764786263148,-0.4042380452156067,currents.c
1764786263149,-0.42021581530570984,currents.c
1764786263151,0.3499135673046112,currents.a
1764786263152,0.30677351355552673,currents.a
1764786263154,0.2700246274471283,currents.a
1764786263156,0.22049348056316376,currents.a
1764786263158,0.16457121074199677,currents.a
1764786263160,0.1118445172905922,currents.a
1764786263162,0.06071559712290764,currents.a
1764786263163,0.020771123468875885,currents.a
1764786263164,-0.00958667229861021,currents.a
1764786263165,-0.03195557743310928,currents.a
1764786263167,-0.07030227035284042,currents.a
1764786263168,-0.1118445172905922,currents.a
1764786263170,-0.15977787971496582,currents.a
1764786263172,-0.19652679562568665,currents.a
1764786263173,-0.23167793452739716,currents.a
1764786263175,-0.25564461946487427,currents.a
1764786263176,-0.28440460562705994,currents.a
1764786263178,-0.3131646513938904,currents.a
1764786263179,-0.33074021339416504,currents.a
1764786263181,-0.36429354548454285,currents.a
1764786263183,-0.38826024532318115,currents.a
1764786263184,-0.4074335992336273,currents.a
1764786263186,-0.4266069531440735,currents.a
1764786263188,-0.439389169216156,currents.a
1764786263190,-0.4521713852882385,currents.a
1764786263192,-0.45536696910858154,currents.a
1764786263194,-0.4505736231803894,currents.a
1764786263196,-0.4537692070007324,currents.a
1764786263198,-0.4298025071620941,currents.a
1764786263199,-0.42341139912605286,currents.a
1764786263151,0.09426894783973694,currents.b
1764786263152,0.1469956636428833,currents.b
1764786263154,0.19492901861667633,currents.b
1764786263156,0.24925349652767181,currents.b
1764786263158,0.3003824055194855,currents.b
1764786263160,0.34192466735839844,currents.b
1764786263162,0.37547802925109863,currents.b
1764786263163,0.3930535912513733,currents.b
1764786263164,0.4058358371257782,currents.b
1764786263165,0.4170202612876892,currents.b
1764786263167,0.4314002990722656,currents.b
1764786263168,0.44258472323417664,currents.b
1764786263170,0.4521713852882385,currents.b
1764786263172,0.45536696910858154,currents.b
1764786263173,0.4489758610725403,currents.b
1764786263175,0.44578030705451965,currents.b
1764786263176,0.439389169216156,currents.b
1764786263178,0.4298025071620941,currents.b
1764786263179,0.4154224991798401,currents.b
1764786263181,0.4026402533054352,currents.b
1764786263183,0.3802713453769684,currents.b
1764786263184,0.357902467250824,currents.b
1764786263186,0.3275446593761444,currents.b
1764786263188,0.28600242733955383,currents.b
1764786263190,0.25085127353668213,currents.b
1764786263192,0.20611345767974854,currents.b
1764786263194,0.16616898775100708,currents.b
1764786263196,0.1118445172905922,currents.b
1764786263198,0.07030227035284042,currents.b
1764786263199,0.0223689042031765,currents.b
1764786263151,-0.4409869313240051,currents.c
1764786263152,-0.45376917719841003,currents.c
1764786263154,-0.4649536609649658,currents.c
1764786263156,-0.46655142307281494,currents.c
1764786263158,-0.4585625231266022,currents.c
1764786263160,-0.45376917719841003,currents.c
1764786263162,-0.4361936151981354,currents.c
1764786263163,-0.4138247072696686,currents.c
1764786263164,-0.3962491750717163,currents.c
1764786263165,-0.3850646913051605,currents.c
1764786263167,-0.3610980212688446,currents.c
1764786263168,-0.33074021339416504,currents.c
1764786263170,-0.2923935055732727,currents.c
1764786263172,-0.2588401734828949,currents.c
1764786263173,-0.21729792654514313,currents.c
1764786263175,-0.19013568758964539,currents.c
1764786263176,-0.15498456358909607,currents.c
1764786263178,-0.11663785576820374,currents.c
1764786263179,-0.08468228578567505,currents.c
1764786263181,-0.041542232036590576,currents.c
1764786263183,0.007988899946212769,currents.c
1764786263184,0.049531131982803345,currents.c
1764786263186,0.09906229376792908,currents.c
1764786263188,0.1565822958946228,currents.c
1764786263190,0.2013201117515564,currents.c
1764786263192,0.249253511428833,currents.c
1764786263194,0.2844046354293823,currents.c
1764786263196,0.3419246971607208,currents.c
1764786263198,0.3595002293586731,currents.c
1764786263199,0.40104249119758606,currents.c
1764786263201,-0.39784693717956543,currents.a
1764786263203,-0.37707579135894775,currents.a
1764786263205,-0.34512022137641907,currents.a
1764786263207,-0.30996909737586975,currents.a
1764786263208,-0.2891979515552521,currents.a
1764786263210,-0.25564461946487427,currents.a
1764786263211,-0.23487348854541779,currents.a
1764786263212,-0.21729791164398193,currents.a
1764786263213,-0.18534234166145325,currents.a
1764786263214,-0.16137565672397614,currents.a
1764786263216,-0.12622451782226562,currents.a
1764786263218,-0.089475616812706,currents.a
1764786263220,-0.036748915910720825,currents.a
1764786263222,0.0015977788716554642,currents.a
1764786263223,0.04154224693775177,currents.a
1764786263225,0.08628005534410477,currents.a
1764786263227,0.12462674826383591,currents.a
1764786263229,0.17415788769721985,currents.a
1764786263231,0.212504580616951,currents.a
1764786263233,0.25564461946487427,currents.a
1764786263234,0.2812090814113617,currents.a
1764786263236,0.3051757514476776,currents.a
1764786263238,0.3371313214302063,currents.a
1764786263240,0.36429354548454285,currents.a
1764786263241,0.3818691372871399,currents.a
1764786263243,0.40104249119758606,currents.a
1764786263245,0.42181360721588135,currents.a
1764786263247,0.43459582328796387,currents.a
1764786263249,0.44418251514434814,currents.a
1764786263251,0.4505736231803894,currents.a
1764786263253,0.4521713852882385,currents.a
1764786263201,-0.0223689042031765,currents.b
1764786263203,-0.06550893187522888,currents.b
1764786263205,-0.11663785576820374,currents.b
1764786263207,-0.1565823256969452,currents.b
1764786263208,-0.18853789567947388,currents.b
1764786263210,-0.2157001495361328,currents.b
1764786263211,-0.24126459658145905,currents.b
1764786263212,-0.26523128151893616,currents.b
1764786263213,-0.28760018944740295,currents.b
1764786263214,-0.3051757514476776,currents.b
1764786263216,-0.32914242148399353,currents.b
1764786263218,-0.35470688343048096,currents.b
1764786263220,-0.38826024532318115,currents.b
1764786263222,-0.41062915325164795,currents.b
1764786263223,-0.42341139912605286,currents.b
1764786263225,-0.439389169216156,currents.b
1764786263227,-0.4489758610725403,currents.b
1764786263229,-0.4521713852882385,currents.b
1764786263231,-0.4505736231803894,currents.b
1764786263233,-0.4521713852882385,currents.b
1764786263234,-0.44418251514434814,currents.b
1764786263236,-0.43299806118011475,currents.b
1764786263238,-0.4170202612876892,currents.b
1764786263240,-0.40104249119758606,currents.b
1764786263241,-0.3834669291973114,currents.b
1764786263243,-0.36429354548454285,currents.b
1764786263245,-0.3371313214302063,currents.b
1764786263247,-0.3035779893398285,currents.b
1764786263249,-0.2684268355369568,currents.b
1764786263251,-0.2252868115901947,currents.b
1764786263253,-0.17415788769721985,currents.b
1764786263201,0.4202158451080322,currents.c
1764786263203,0.44258472323417664,currents.c
1764786263205,0.4617580771446228,currents.c
1764786263207,0.46655142307281494,currents.c
1764786263208,0.47773584723472595,currents.c
1764786263210,0.4713447690010071,currents.c
1764786263211,0.47613808512687683,currents.c
1764786263212,0.4825291931629181,currents.c
1764786263213,0.4729425311088562,currents.c
1764786263214,0.46655142307281494,currents.c
1764786263216,0.45536693930625916,currents.c
1764786263218,0.44418251514434814,currents.c
1764786263220,0.425009161233902,currents.c
1764786263222,0.40903136134147644,currents.c
1764786263223,0.3818691372871399,currents.c
1764786263225,0.35310912132263184,currents.c
1764786263227,0.3243491053581238,currents.c
1764786263229,0.2780134975910187,currents.c
1764786263231,0.23806904256343842,currents.c
1764786263233,0.19652676582336426,currents.c
1764786263234,0.16297343373298645,currents.c
1764786263236,0.12782230973243713,currents.c
1764786263238,0.07988893985748291,currents.c
1764786263240,0.03674894571304321,currents.c
1764786263241,0.0015977919101715088,currents.c
1764786263243,-0.03674894571304321,currents.c
1764786263245,-0.08468228578567505,currents.c
1764786263247,-0.13101783394813538,currents.c
1764786263249,-0.17575567960739136,currents.c
1764786263251,-0.2252868115901947,currents.c
1764786263253,-0.2780134975910187,currents.c
1764786263255,0.44418251514434814,currents.a
1764786263256,0.42341139912605286,currents.a
1764786263258,0.4042380154132843,currents.a
1764786263260,0.37707579135894775,currents.a
1764786263262,0.3499135673046112,currents.a
1764786263264,0.31156688928604126,currents.a
1764786263265,0.2907957434654236,currents.a
1764786263267,0.2684268355369568,currents.a
1764786263268,0.2268846035003662,currents.a
1764786263270,0.18214677274227142,currents.a
1764786263271,0.12942008674144745,currents.a
1764786263273,0.09267117083072662,currents.a
1764786263274,0.062313374131917953,currents.a
1764786263276,0.0031955577433109283,currents.a
1764786263277,-0.0335533544421196,currents.a
1764786263279,-0.09267117083072662,currents.a
1764786263281,-0.14220230281352997,currents.a
1764786263283,-0.17735344171524048,currents.a
1764786263284,-0.22049348056316376,currents.a
1764786263286,-0.2572423815727234,currents.a
1764786263288,-0.2923935055732727,currents.a
1764786263290,-0.32115355134010315,currents.a
1764786263291,-0.34192466735839844,currents.a
1764786263293,-0.3722824454307556,currents.a
1764786263295,-0.3946513533592224,currents.a
1764786263297,-0.41222691535949707,currents.a
1764786263299,-0.43459582328796387,currents.a
1764786263301,-0.4521713852882385,currents.a
1764786263303,-0.4521713852882385,currents.a
1764786263255,-0.12942008674144745,currents.b
1764786263256,-0.07669337838888168,currents.b
1764786263258,-0.017575567588210106,currents.b
1764786263260,0.03515113517642021,currents.b
1764786263262,0.09107338637113571,currents.b
1764786263264,0.14060454070568085,currents.b
1764786263265,0.1693645566701889,currents.b
1764786263267,0.2029179185628891,currents.b
1764786263268,0.24286238849163055,currents.b
1764786263270,0.28440460562705994,currents.b
1764786263271,0.31955575942993164,currents.b
1764786263273,0.3483157753944397,currents.b
1764786263274,0.3722824454307556,currents.b
1764786263276,0.39784693717956543,currents.b
1764786263277,0.4186180531978607,currents.b
1764786263279,0.439389169216156,currents.b
1764786263281,0.4473780691623688,currents.b
1764786263283,0.4505736231803894,currents.b
1764786263284,0.4537692070007324,currents.b
1764786263286,0.44578030705451965,currents.b
1764786263288,0.439389169216156,currents.b
1764786263290,0.4266069531440735,currents.b
1764786263291,0.4154224991798401,currents.b
1764786263293,0.39145582914352417,currents.b
1764786263295,0.37547802925109863,currents.b
1764786263297,0.3515113592147827,currents.b
1764786263299,0.30996909737586975,currents.b
1764786263301,0.2684268355369568,currents.b
1764786263303,0.22848236560821533,currents.b
1764786263255,-0.3147624135017395,currents.c
1764786263256,-0.3467180132865906,currents.c
1764786263258,-0.38666245341300964,currents.c
1764786263260,-0.41222691535949707,currents.c
1764786263262,-0.4409869611263275,currents.c
1764786263264,-0.4521714448928833,currents.c
1764786263265,-0.4601603150367737,currents.c
1764786263267,-0.4713447690010071,currents.c
1764786263268,-0.46974700689315796,currents.c
1764786263270,-0.46655136346817017,currents.c
1764786263271,-0.4489758610725403,currents.c
1764786263273,-0.439389169216156,currents.c
1764786263274,-0.425009161233902,currents.c
1764786263276,-0.40104249119758606,currents.c
1764786263277,-0.3850646913051605,currents.c
1764786263279,-0.3467180132865906,currents.c
1764786263281,-0.30517578125,currents.c
1764786263283,-0.2732201814651489,currents.c
1764786263284,-0.23327572643756866,currents.c
1764786263286,-0.18214678764343262,currents.c
1764786263288,-0.1469956636428833,currents.c
1764786263290,-0.10545340180397034,currents.c
1764786263291,-0.07349783182144165,currents.c
1764786263293,-0.019173383712768555,currents.c
1764786263295,0.01917332410812378,currents.c
1764786263297,0.060715556144714355,currents.c
1764786263299,0.12462672591209412,currents.c
1764786263301,0.18374454975128174,currents.c
1764786263303,0.2236890196800232,currents.c
1764786263305,-0.4601602852344513,currents.a
1764786263307,-0.4505736231803894,currents.a
1764786263308,-0.44418251514434814,currents.a
1764786263310,-0.4361936151981354,currents.a
1764786263311,-0.41222691535949707,currents.a
1764786263313,-0.3946513533592224,currents.a
1764786263315,-0.37547802925109863,currents.a
1764786263316,-0.3626957833766937,currents.a
1764786263318,-0.32914242148399353,currents.a
1764786263320,-0.2828068435192108,currents.a
1764786263322,-0.2476557195186615,currents.a
1764786263324,-0.19492901861667633,currents.a
1764786263326,-0.16457121074199677,currents.a
1764786263328,-0.12942008674144745,currents.a
1764786263330,-0.08308449387550354,currents.a
1764786263332,-0.039944469928741455,currents.a
1764786263333,0.0031955577433109283,currents.a
1764786263335,0.03834668919444084,currents.a
1764786263337,0.08308449387550354,currents.a
1764786263339,0.12782230973243713,currents.a
1764786263341,0.17575567960739136,currents.a
1764786263342,0.20611345767974854,currents.a
1764786263344,0.23966681957244873,currents.a
1764786263346,0.27641573548316956,currents.a
1764786263348,0.3051757514476776,currents.a
1764786263350,0.3259468972682953,currents.a
1764786263352,0.3626957833766937,currents.a
1764786263354,0.3818691372871399,currents.a
1764786263355,0.4058358371257782,currents.a
1764786263305,0.18374456465244293,currents.b
1764786263307,0.14220230281352997,currents.b
1764786263308,0.1134423017501831,currents.b
1764786263310,0.07190004736185074,currents.b
1764786263311,0.028760017827153206,currents.b
1764786263313,-0.025564461946487427,currents.b
1764786263315,-0.06071559712290764,currents.b
1764786263316,-0.09586673229932785,currents.b
1764786263318,-0.13740897178649902,currents.b
1764786263320,-0.1917334645986557,currents.b
1764786263322,-0.2268846035003662,currents.b
1764786263324,-0.2732201814651489,currents.b
1764786263326,-0.3035779893398285,currents.b
1764786263328,-0.32914242148399353,currents.b
1764786263330,-0.35630467534065247,currents.b
1764786263332,-0.38826024532318115,currents.b
1764786263333,-0.4058358371257782,currents.b
1764786263335,-0.42181360721588135,currents.b
1764786263337,-0.439389169216156,currents.b
1764786263339,-0.4489758610725403,currents.b
1764786263341,-0.45536696910858154,currents.b
1764786263342,-0.4505736231803894,currents.b
1764786263344,-0.4521713852882385,currents.b
1764786263346,-0.4377914071083069,currents.b
1764786263348,-0.43459582328796387,currents.b
1764786263350,-0.42181360721588135,currents.b
1764786263352,-0.4026402533054352,currents.b
1764786263354,-0.3834669291973114,currents.b
1764786263355,-0.3610980212688446,currents.b
1764786263305,0.27641570568084717,currents.c
1764786263307,0.30837130546569824,currents.c
1764786263308,0.33074021339416504,currents.c
1764786263310,0.36429357528686523,currents.c
1764786263311,0.383466899394989,currents.c
1764786263313,0.42021581530570984,currents.c
1764786263315,0.439389169216156,currents.c
1764786263316,0.4585625231266022,currents.c
1764786263318,0.46655139327049255,currents.c
1764786263320,0.4745402932167053,currents.c
1764786263322,0.4745403230190277,currents.c
1764786263324,0.46814918518066406,currents.c
1764786263326,0.46814918518066406,currents.c
1764786263328,0.45376917719841003,currents.c
1764786263330,0.439389169216156,currents.c
1764786263332,0.4282047152519226,currents.c
1764786263333,0.40264028310775757,currents.c
1764786263335,0.3834669291973114,currents.c
1764786263337,0.35630467534065247,currents.c
1764786263339,0.3131646513938904,currents.c
1764786263341,0.2796112895011902,currents.c
1764786263342,0.24446016550064087,currents.c
1764786263344,0.2125045657157898,currents.c
1764786263346,0.16137567162513733,currents.c
1764786263348,0.12942007184028625,currents.c
1764786263350,0.09586670994758606,currents.c
1764786263352,0.039944469928741455,currents.c
1764786263354,0,currents.c
1764786263355,-0.044737815856933594,currents.c
1764786263357,0.42341139912605286,currents.a
1764786263359,0.4298025071620941,currents.a
1764786263361,0.4377914071083069,currents.a
1764786263363,0.4489758610725403,currents.a
1764786263365,0.44578030705451965,currents.a
1764786263366,0.44418251514434814,currents.a
1764786263368,0.4314002990722656,currents.a
1764786263370,0.40903139114379883,currents.a
1764786263372,0.3962491452693939,currents.a
1764786263373,0.3738802671432495,currents.a
1764786263375,0.34352245926856995,currents.a
1764786263376,0.30996909737586975,currents.a
1764786263378,0.2796112895011902,currents.a
1764786263380,0.2364712655544281,currents.a
1764786263381,0.18214677274227142,currents.a
1764786263383,0.1342134177684784,currents.a
1764786263385,0.07988893985748291,currents.a
1764786263387,0.01917334459722042,currents.a
1764786263389,-0.03195557743310928,currents.a
1764786263390,-0.0782911628484726,currents.a
1764786263392,-0.11983340978622437,currents.a
1764786263394,-0.1581801027059555,currents.a
1764786263396,-0.20451569557189941,currents.a
1764786263397,-0.2364712655544281,currents.a
1764786263399,-0.2668290436267853,currents.a
1764786263400,-0.29718685150146484,currents.a
1764786263402,-0.3275446593761444,currents.a
1764786263357,-0.3371313214302063,currents.b
1764786263359,-0.3051757514476776,currents.b
1764786263361,-0.2700246274471283,currents.b
1764786263363,-0.2236890345811844,currents.b
1764786263365,-0.18214677274227142,currents.b
1764786263366,-0.14060454070568085,currents.b
1764786263368,-0.09267117083072662,currents.b
1764786263370,-0.036748915910720825,currents.b
1764786263372,0.020771123468875885,currents.b
1764786263373,0.0559222586452961,currents.b
1764786263375,0.10225784778594971,currents.b
1764786263376,0.1453978717327118,currents.b
1764786263378,0.18374456465244293,currents.b
1764786263380,0.23327571153640747,currents.b
1764786263381,0.2828068435192108,currents.b
1764786263383,0.32115355134010315,currents.b
1764786263385,0.3595002293586731,currents.b
1764786263387,0.3946513533592224,currents.b
1764786263389,0.41382473707199097,currents.b
1764786263390,0.43459582328796387,currents.b
1764786263392,0.44418251514434814,currents.b
1764786263394,0.4489758610725403,currents.b
1764786263396,0.4537692070007324,currents.b
1764786263397,0.4473780691623688,currents.b
1764786263399,0.44258472323417664,currents.b
1764786263400,0.4361936151981354,currents.b
1764786263402,0.42181360721588135,currents.b
1764786263357,-0.08628007769584656,currents.c
1764786263359,-0.1246267557144165,currents.c
1764786263361,-0.17096233367919922,currents.c
1764786263363,-0.2252868264913559,currents.c
1764786263365,-0.2636335492134094,currents.c
1764786263366,-0.3035779595375061,currents.c
1764786263368,-0.3387291431427002,currents.c
1764786263370,-0.372282475233078,currents.c
1764786263372,-0.4170202612876892,currents.c
1764786263373,-0.4298025369644165,currents.c
1764786263375,-0.44418251514434814,currents.c
1764786263376,-0.45536696910858154,currents.c
1764786263378,-0.4633558392524719,currents.c
1764786263380,-0.46974697709083557,currents.c
1764786263381,-0.46495360136032104,currents.c
1764786263383,-0.45536696910858154,currents.c
1764786263385,-0.4409869611263275,currents.c
1764786263387,-0.4138247072696686,currents.c
1764786263389,-0.3818691670894623,currents.c
1764786263390,-0.3563046455383301,currents.c
1764786263392,-0.3243491053581238,currents.c
1764786263394,-0.2907957434654236,currents.c
1764786263396,-0.249253511428833,currents.c
1764786263397,-0.21090680360794067,currents.c
1764786263399,-0.17575567960739136,currents.c
1764786263400,-0.13900676369667053,currents.c
1764786263402,-0.09426894783973694,currents.c
1764786263404,-0.35310912132263184,currents.a
1764786263406,-0.38826024532318115,currents.a
1764786263408,-0.4042380154132843,currents.a
1764786263409,-0.42341139912605286,currents.a
1764786263411,-0.4314002990722656,currents.a
1764786263412,-0.44258472323417664,currents.a
1764786263414,-0.4489758610725403,currents.a
1764786263415,-0.45696473121643066,currents.a
1764786263417,-0.45536696910858154,currents.a
1764786263418,-0.45536696910858154,currents.a
1764786263420,-0.439389169216156,currents.a
1764786263422,-0.4266069531440735,currents.a
1764786263424,-0.40903139114379883,currents.a
1764786263426,-0.38985803723335266,currents.a
1764786263427,-0.3706846833229065,currents.a
1764786263429,-0.33393579721450806,currents.a
1764786263431,-0.2939913272857666,currents.a
1764786263433,-0.260437935590744,currents.a
1764786263435,-0.21729791164398193,currents.a
1764786263437,-0.1901356726884842,currents.a
1764786263439,-0.13900676369667053,currents.a
1764786263441,-0.10225784778594971,currents.a
1764786263442,-0.07030227035284042,currents.a
1764786263444,-0.02716223895549774,currents.a
1764786263446,0.014380008913576603,currents.a
1764786263447,0.05752003565430641,currents.a
1764786263449,0.09586673229932785,currents.a
1764786263451,0.15178899466991425,currents.a
1764786263404,0.4042380154132843,currents.b
1764786263406,0.3850646913051605,currents.b
1764786263408,0.36429354548454285,currents.b
1764786263409,0.34032687544822693,currents.b
1764786263411,0.3131646513938904,currents.b
1764786263412,0.28440460562705994,currents.b
1764786263414,0.2572423815727234,currents.b
1764786263415,0.2141023576259613,currents.b
1764786263417,0.18534234166145325,currents.b
1764786263418,0.15977787971496582,currents.b
1764786263420,0.1006600633263588,currents.b
1764786263422,0.05432447791099548,currents.b
1764786263424,0.00798889435827732,currents.b
1764786263426,-0.03515113517642021,currents.b
1764786263427,-0.08308449387550354,currents.b
1764786263429,-0.1342134177684784,currents.b
1764786263431,-0.17415788769721985,currents.b
1764786263433,-0.2157001495361328,currents.b
1764786263435,-0.25244903564453125,currents.b
1764786263437,-0.28760018944740295,currents.b
1764786263439,-0.32275131344795227,currents.b
1764786263441,-0.3499135673046112,currents.b
1764786263442,-0.36748912930488586,currents.b
1764786263444,-0.3930535912513733,currents.b
1764786263446,-0.41382473707199097,currents.b
1764786263447,-0.4282047152519226,currents.b
1764786263449,-0.4409869611263275,currents.b
1764786263451,-0.4521713852882385,currents.b
1764786263404,-0.051128894090652466,currents.c
1764786263406,0.00319555401802063,currents.c
1764786263408,0.039944469928741455,currents.c
1764786263409,0.08308452367782593,currents.c
1764786263411,0.11823564767837524,currents.c
1764786263412,0.1581801176071167,currents.c
1764786263414,0.19492901861667633,currents.c
1764786263415,0.24286237359046936,currents.c
1764786263417,0.2700246274471283,currents.c
1764786263418,0.2955890893936157,currents.c
1764786263420,0.3387291133403778,currents.c
1764786263422,0.372282475233078,currents.c
1764786263424,0.40104249119758606,currents.c
1764786263426,0.4266069531440735,currents.c
1764786263427,0.45376917719841003,currents.c
1764786263429,0.45696473121643066,currents.c
1764786263431,0.46814921498298645,currents.c
1764786263433,0.47613808512687683,currents.c
1764786263435,0.4697469472885132,currents.c
1764786263437,0.4697469472885132,currents.c
1764786263439,0.4617580771446228,currents.c
1764786263441,0.4521714150905609,currents.c
1764786263442,0.4377914071083069,currents.c
1764786263444,0.4202158451080322,currents.c
1764786263446,0.39944472908973694,currents.c
1764786263447,0.3706846833229065,currents.c
1764786263449,0.34512022137641907,currents.c
1764786263451,0.3003823757171631,currents.c
1764786263453,0.18694013357162476,currents.a
1764786263455,0.2236890345811844,currents.a
1764786263456,0.25085127353668213,currents.a
1764786263458,0.2716223895549774,currents.a
1764786263459,0.3051757514476776,currents.a
1764786263461,0.32275131344795227,currents.a
1764786263463,0.3515113592147827,currents.a
1764786263465,0.3738802671432495,currents.a
1764786263466,0.3962491452693939,currents.a
1764786263468,0.41062915325164795,currents.a
1764786263470,0.4409869611263275,currents.a
1764786263472,0.4489758610725403,currents.a
1764786263474,0.4489758610725403,currents.a
1764786263476,0.4473780691623688,currents.a
1764786263478,0.4409869611263275,currents.a
1764786263479,0.439389169216156,currents.a
1764786263481,0.4170202612876892,currents.a
1764786263483,0.3946513533592224,currents.a
1764786263485,0.37547802925109863,currents.a
1764786263487,0.33233797550201416,currents.a
1764786263489,0.2828068435192108,currents.a
1764786263491,0.2364712655544281,currents.a
1764786263493,0.19492901861667633,currents.a
1764786263495,0.14380009472370148,currents.a
1764786263496,0.08787783980369568,currents.a
1764786263498,0.0335533544421196,currents.a
1764786263500,-0.00798889435827732,currents.a
1764786263501,-0.051128923892974854,currents.a
1764786263503,-0.09586673229932785,currents.a
1764786263453,-0.45696473121643066,currents.b
1764786263455,-0.4521713852882385,currents.b
1764786263456,-0.4489758610725403,currents.b
1764786263458,-0.44258472323417664,currents.b
1764786263459,-0.4361936151981354,currents.b
1764786263461,-0.425009161233902,currents.b
1764786263463,-0.40903139114379883,currents.b
1764786263465,-0.39145582914352417,currents.b
1764786263466,-0.37547802925109863,currents.b
1764786263468,-0.3483157753944397,currents.b
1764786263470,-0.30837130546569824,currents.b
1764786263472,-0.2700246274471283,currents.b
1764786263474,-0.23008014261722565,currents.b
1764786263476,-0.19492901861667633,currents.b
1764786263478,-0.15019120275974274,currents.b
1764786263479,-0.10705117881298065,currents.b
1764786263481,-0.04154224693775177,currents.b
1764786263483,0.01118445210158825,currents.b
1764786263485,0.05272670090198517,currents.b
1764786263487,0.11823563277721405,currents.b
1764786263489,0.17256011068820953,currents.b
1764786263491,0.23167793452739716,currents.b
1764786263493,0.2732201814651489,currents.b
1764786263495,0.3147624135017395,currents.b
1764786263496,0.35310912132263184,currents.b
1764786263498,0.3834669291973114,currents.b
1764786263500,0.40903139114379883,currents.b
1764786263501,0.42341139912605286,currents.b
1764786263503,0.4377914071083069,currents.b
1764786263453,0.2700245976448059,currents.c
1764786263455,0.22848235070705414,currents.c
1764786263456,0.19812458753585815,currents.c
1764786263458,0.17096233367919922,currents.c
1764786263459,0.13101786375045776,currents.c
1764786263461,0.10225784778594971,currents.c
1764786263463,0.05752003192901611,currents.c
1764786263465,0.017575562000274658,currents.c
1764786263466,-0.020771116018295288,currents.c
1764786263468,-0.06231337785720825,currents.c
1764786263470,-0.13261565566062927,currents.c
1764786263472,-0.178951233625412,currents.c
1764786263474,-0.21889571845531464,currents.c
1764786263476,-0.25244903564453125,currents.c
1764786263478,-0.2907957434654236,currents.c
1764786263479,-0.33233797550201416,currents.c
1764786263481,-0.37547802925109863,currents.c
1764786263483,-0.4058358073234558,currents.c
1764786263485,-0.4282047152519226,currents.c
1764786263487,-0.4505736231803894,currents.c
1764786263489,-0.45536696910858154,currents.c
1764786263491,-0.46814918518066406,currents.c
1764786263493,-0.46814918518066406,currents.c
1764786263495,-0.4585624933242798,currents.c
1764786263496,-0.4409869611263275,currents.c
1764786263498,-0.4170202910900116,currents.c
1764786263500,-0.40104249119758606,currents.c
1764786263501,-0.372282475233078,currents.c
1764786263503,-0.34192466735839844,currents.c
1764786263505,-0.1358111947774887,currents.a
1764786263506,-0.18374456465244293,currents.a
1764786263508,-0.2013201266527176,currents.a
1764786263509,-0.22848236560821533,currents.a
1764786263511,-0.26363351941108704,currents.a
1764786263512,-0.3003824055194855,currents.a
1764786263513,-0.3147624135017395,currents.a
1764786263515,-0.34032687544822693,currents.a
1764786263516,-0.357902467250824,currents.a
1764786263517,-0.3818691372871399,currents.a
1764786263519,-0.3962491452693939,currents.a
1764786263520,-0.41382473707199097,currents.a
1764786263522,-0.4361936151981354,currents.a
1764786263524,-0.4505736231803894,currents.a
1764786263526,-0.4505736231803894,currents.a
1764786263528,-0.4585625231266022,currents.a
1764786263529,-0.4521713852882385,currents.a
1764786263531,-0.4409869611263275,currents.a
1764786263533,-0.4361936151981354,currents.a
1764786263534,-0.4266069531440735,currents.a
1764786263536,-0.4058358371257782,currents.a
1764786263538,-0.3850646913051605,currents.a
1764786263540,-0.357902467250824,currents.a
1764786263542,-0.3275446593761444,currents.a
1764786263543,-0.301980197429657,currents.a
1764786263545,-0.2668290436267853,currents.a
1764786263547,-0.2268846035003662,currents.a
1764786263549,-0.18534234166145325,currents.a
1764786263550,-0.14220230281352997,currents.a
1764786263553,-0.08468227833509445,currents.a
1764786263555,-0.036748915910720825,currents.a
1764786263505,0.4473780691623688,currents.b
1764786263506,0.4505736231803894,currents.b
1764786263508,0.4521713852882385,currents.b
1764786263509,0.4489758610725403,currents.b
1764786263511,0.44258472323417664,currents.b
1764786263512,0.4361936151981354,currents.b
1764786263513,0.4266069531440735,currents.b
1764786263515,0.4186180531978607,currents.b
1764786263516,0.4058358371257782,currents.b
1764786263517,0.3930535912513733,currents.b
1764786263519,0.3722824454307556,currents.b
1764786263520,0.3483157753944397,currents.b
1764786263522,0.3179579973220825,currents.b
1764786263524,0.28440460562705994,currents.b
1764786263526,0.24605792760849,currents.b
1764786263528,0.20771124958992004,currents.b
1764786263529,0.1693645566701889,currents.b
1764786263531,0.12143119424581528,currents.b
1764786263533,0.089475616812706,currents.b
1764786263534,0.03515113517642021,currents.b
1764786263536,-0.004793336149305105,currents.b
1764786263538,-0.05432447791099548,currents.b
1764786263540,-0.09906228631734848,currents.b
1764786263542,-0.1358111947774887,currents.b
1764786263543,-0.17096233367919922,currents.b
1764786263545,-0.20771124958992004,currents.b
1764786263547,-0.25085127353668213,currents.b
1764786263549,-0.28440460562705994,currents.b
1764786263550,-0.3179579973220825,currents.b
1764786263553,-0.3595002293586731,currents.b
1764786263555,-0.3834669291973114,currents.b
1764786263505,-0.31156688928604126,currents.c
1764786263506,-0.26682907342910767,currents.c
1764786263508,-0.23966681957244873,currents.c
1764786263509,-0.21250459551811218,currents.c
1764786263511,-0.1789512038230896,currents.c
1764786263512,-0.1358112096786499,currents.c
1764786263513,-0.11184453964233398,currents.c
1764786263515,-0.07190006971359253,currents.c
1764786263516,-0.047933369874954224,currents.c
1764786263517,-0.011184453964233398,currents.c
1764786263519,0.023966699838638306,currents.c
1764786263520,0.06550896167755127,currents.c
1764786263522,0.11823561787605286,currents.c
1764786263524,0.16616901755332947,currents.c
1764786263526,0.20451569557189941,currents.c
1764786263528,0.25085127353668213,currents.c
1764786263529,0.2828068137168884,currents.c
1764786263531,0.31955575942993164,currents.c
1764786263533,0.3467180132865906,currents.c
1764786263534,0.39145582914352417,currents.c
1764786263536,0.41062918305397034,currents.c
1764786263538,0.439389169216156,currents.c
1764786263540,0.45696476101875305,currents.c
1764786263542,0.4633558392524719,currents.c
1764786263543,0.4729425311088562,currents.c
1764786263545,0.4745402932167053,currents.c
1764786263547,0.47773587703704834,currents.c
1764786263549,0.4617581069469452,currents.c
1764786263550,0.4601603150367737,currents.c
1764786263553,0.44418251514434814,currents.c
1764786263555,0.4202158451080322,currents.c
1764786263557,-0.00958667229861021,currents.a
1764786263558,0.03515113517642021,currents.a
1764786263560,0.0782911628484726,currents.a
1764786263562,0.11983340978622437,currents.a
1764786263563,0.1565823256969452,currents.a
1764786263565,0.178951233625412,currents.a
1764786263566,0.20611345767974854,currents.a
1764786263568,0.23487348854541779,currents.a
1764786263569,0.27481794357299805,currents.a
1764786263571,0.3035779893398285,currents.a
1764786263573,0.34192466735839844,currents.a
1764786263575,0.357902467250824,currents.a
1764786263577,0.3802713453769684,currents.a
1764786263578,0.39784693717956543,currents.a
1764786263580,0.41382473707199097,currents.a
1764786263582,0.4314002990722656,currents.a
1764786263583,0.4409869611263275,currents.a
1764786263585,0.44418251514434814,currents.a
1764786263588,0.44578030705451965,currents.a
1764786263589,0.44258472323417664,currents.a
1764786263591,0.4409869611263275,currents.a
1764786263592,0.42341139912605286,currents.a
1764786263594,0.40903139114379883,currents.a
1764786263595,0.38985803723335266,currents.a
1764786263597,0.3690869212150574,currents.a
1764786263598,0.34192466735839844,currents.a
1764786263600,0.30677351355552673,currents.a
1764786263602,0.25085127353668213,currents.a
1764786263604,0.1917334645986557,currents.a
1764786263557,-0.4026402533054352,currents.b
1764786263558,-0.42021581530570984,currents.b
1764786263560,-0.43459582328796387,currents.b
1764786263562,-0.4489758610725403,currents.b
1764786263563,-0.4521713852882385,currents.b
1764786263565,-0.45696473121643066,currents.b
1764786263566,-0.4505736231803894,currents.b
1764786263568,-0.4521713852882385,currents.b
1764786263569,-0.44258472323417664,currents.b
1764786263571,-0.4298025071620941,currents.b
1764786263573,-0.42021581530570984,currents.b
1764786263575,-0.4042380154132843,currents.b
1764786263577,-0.39145582914352417,currents.b
1764786263578,-0.3738802671432495,currents.b
1764786263580,-0.3467179834842682,currents.b
1764786263582,-0.3147624135017395,currents.b
1764786263583,-0.2828068435192108,currents.b
1764786263585,-0.2476557195186615,currents.b
1764786263588,-0.1917334645986557,currents.b
1764786263589,-0.15178899466991425,currents.b
1764786263591,-0.10864895582199097,currents.b
1764786263592,-0.06550893187522888,currents.b
1764786263594,-0.03195557743310928,currents.b
1764786263595,0.017575567588210106,currents.b
1764786263597,0.059117816388607025,currents.b
1764786263598,0.10545340180397034,currents.b
1764786263600,0.15338675677776337,currents.b
1764786263602,0.22049348056316376,currents.b
1764786263604,0.2700246274471283,currents.b
1764786263557,0.4026402533054352,currents.c
1764786263558,0.3850646913051605,currents.c
1764786263560,0.3563046455383301,currents.c
1764786263562,0.3291424512863159,currents.c
1764786263563,0.29558905959129333,currents.c
1764786263565,0.2780134975910187,currents.c
1764786263566,0.24446016550064087,currents.c
1764786263568,0.21729789674282074,currents.c
1764786263569,0.1677667796611786,currents.c
1764786263571,0.12622451782226562,currents.c
1764786263573,0.0782911479473114,currents.c
1764786263575,0.04633554816246033,currents.c
1764786263577,0.011184483766555786,currents.c
1764786263578,-0.023966670036315918,currents.c
1764786263580,-0.06710675358772278,currents.c
1764786263582,-0.11663788557052612,currents.c
1764786263583,-0.1581801176071167,currents.c
1764786263585,-0.19652679562568665,currents.c
1764786263588,-0.25404685735702515,currents.c
1764786263589,-0.2907957434654236,currents.c
1764786263591,-0.33233800530433655,currents.c
1764786263592,-0.357902467250824,currents.c
1764786263594,-0.37707582116127014,currents.c
1764786263595,-0.4074335992336273,currents.c
1764786263597,-0.428204745054245,currents.c
1764786263598,-0.4473780691623688,currents.c
1764786263600,-0.4649536609649658,currents.c
1764786263602,-0.4713447690010071,currents.c
1764786263604,-0.4617580771446228,currents.c
1764786263606,0.1453978717327118,currents.a
1764786263608,0.09746450930833817,currents.a
1764786263609,0.0559222586452961,currents.a
1764786263611,0.01118445210158825,currents.a
1764786263612,-0.02716223895549774,currents.a
1764786263614,-0.0559222586452961,currents.a
1764786263615,-0.10545340180397034,currents.a
1764786263616,-0.13740897178649902,currents.a
1764786263618,-0.16616898775100708,currents.a
1764786263620,-0.20771124958992004,currents.a
1764786263621,-0.25244903564453125,currents.a
1764786263623,-0.2812090814113617,currents.a
1764786263625,-0.30837130546569824,currents.a
1764786263626,-0.34352245926856995,currents.a
1764786263628,-0.357902467250824,currents.a
1764786263629,-0.3690869212150574,currents.a
1764786263631,-0.40104249119758606,currents.a
1764786263633,-0.42341139912605286,currents.a
1764786263634,-0.43299806118011475,currents.a
1764786263636,-0.4409869611263275,currents.a
1764786263638,-0.4521713852882385,currents.a
1764786263640,-0.4537692070007324,currents.a
1764786263642,-0.4489758610725403,currents.a
1764786263643,-0.44418251514434814,currents.a
1764786263645,-0.43459582328796387,currents.a
1764786263648,-0.40104249119758606,currents.a
1764786263651,-0.3706846833229065,currents.a
1764786263653,-0.3355335593223572,currents.a
1764786263655,-0.3003824055194855,currents.a
1764786263606,0.3131646513938904,currents.b
1764786263608,0.3499135673046112,currents.b
1764786263609,0.37707579135894775,currents.b
1764786263611,0.39944469928741455,currents.b
1764786263612,0.4186180531978607,currents.b
1764786263614,0.43299806118011475,currents.b
1764786263615,0.439389169216156,currents.b
1764786263616,0.4505736231803894,currents.b
1764786263618,0.4521713852882385,currents.b
1764786263620,0.45536696910858154,currents.b
1764786263621,0.4489758610725403,currents.b
1764786263623,0.44258472323417664,currents.b
1764786263625,0.43299806118011475,currents.b
1764786263626,0.4170202612876892,currents.b
1764786263628,0.4026402533054352,currents.b
1764786263629,0.38985803723335266,currents.b
1764786263631,0.3722824454307556,currents.b
1764786263633,0.34512022137641907,currents.b
1764786263634,0.31156688928604126,currents.b
1764786263636,0.2812090814113617,currents.b
1764786263638,0.23806904256343842,currents.b
1764786263640,0.19812457263469696,currents.b
1764786263642,0.1581801027059555,currents.b
1764786263643,0.10864895582199097,currents.b
1764786263645,0.059117816388607025,currents.b
1764786263648,-0.00958667229861021,currents.b
1764786263651,-0.07190004736185074,currents.b
1764786263653,-0.123028963804245,currents.b
1764786263655,-0.16457121074199677,currents.b
1764786263606,-0.4585625231266022,currents.c
1764786263608,-0.4473780691623688,currents.c
1764786263609,-0.43299806118011475,currents.c
1764786263611,-0.41062915325164795,currents.c
1764786263612,-0.39145582914352417,currents.c
1764786263614,-0.37707579135894775,currents.c
1764786263615,-0.33393576741218567,currents.c
1764786263616,-0.3131646513938904,currents.c
1764786263618,-0.28600239753723145,currents.c
1764786263620,-0.2476557195186615,currents.c
1764786263621,-0.19652682542800903,currents.c
1764786263623,-0.16137564182281494,currents.c
1764786263625,-0.1246267557144165,currents.c
1764786263626,-0.07988893985748291,currents.c
1764786263628,-0.044737786054611206,currents.c
1764786263629,-0.020771116018295288,currents.c
1764786263631,0.028760045766830444,currents.c
1764786263633,0.07829117774963379,currents.c
1764786263634,0.12143117189407349,currents.c
1764786263636,0.15977787971496582,currents.c
1764786263638,0.2141023427248001,currents.c
1764786263640,0.25564461946487427,currents.c
1764786263642,0.2907957434654236,currents.c
1764786263643,0.3355335593223572,currents.c
1764786263645,0.37547799944877625,currents.c
1764786263648,0.41062915325164795,currents.c
1764786263651,0.44258472323417664,currents.c
1764786263653,0.4585625231266022,currents.c
1764786263655,0.46495360136032104,currents.c
1764786263656,-0.27641573548316956,currents.a
1764786263658,-0.24446016550064087,currents.a
1764786263658,-0.23487348854541779,currents.a
1764786263660,-0.19972234964370728,currents.a
1764786263661,-0.16616898775100708,currents.a
1764786263663,-0.13261564075946808,currents.a
1764786263664,-0.09586673229932785,currents.a
1764786263667,-0.03195557743310928,currents.a
1764786263668,0.0015977788716554642,currents.a
1764786263670,0.03834668919444084,currents.a
1764786263672,0.07988893985748291,currents.a
1764786263674,0.12462674826383591,currents.a
1764786263676,0.16137565672397614,currents.a
1764786263677,0.19812457263469696,currents.a
1764786263679,0.21729791164398193,currents.a
1764786263680,0.2572423815727234,currents.a
1764786263682,0.2907957434654236,currents.a
1764786263684,0.32275131344795227,currents.a
1764786263687,0.3595002293586731,currents.a
1764786263688,0.3818691372871399,currents.a
1764786263690,0.4026402533054352,currents.a
1764786263692,0.41062915325164795,currents.a
1764786263694,0.43299806118011475,currents.a
1764786263695,0.4409869611263275,currents.a
1764786263697,0.45536696910858154,currents.a
1764786263698,0.44578030705451965,currents.a
1764786263700,0.44258472323417664,currents.a
1764786263701,0.4377914071083069,currents.a
1764786263703,0.4298025071620941,currents.a
1764786263705,0.41222691535949707,currents.a
1764786263656,-0.20451569557189941,currents.b
1764786263658,-0.2268846035003662,currents.b
1764786263658,-0.24605792760849,currents.b
1764786263660,-0.2700246274471283,currents.b
1764786263661,-0.29878464341163635,currents.b
1764786263663,-0.3355335593223572,currents.b
1764786263664,-0.35470688343048096,currents.b
1764786263667,-0.38826024532318115,currents.b
1764786263668,-0.4042380154132843,currents.b
1764786263670,-0.42181360721588135,currents.b
1764786263672,-0.4361936151981354,currents.b
1764786263674,-0.4489758610725403,currents.b
1764786263676,-0.4505736231803894,currents.b
1764786263677,-0.4537692070007324,currents.b
1764786263679,-0.4521713852882385,currents.b
1764786263680,-0.44578030705451965,currents.b
1764786263682,-0.44578030705451965,currents.b
1764786263684,-0.4298025071620941,currents.b
1764786263687,-0.4042380154132843,currents.b
1764786263688,-0.38985803723335266,currents.b
1764786263690,-0.3738802671432495,currents.b
1764786263692,-0.3483157753944397,currents.b
1764786263694,-0.3131646513938904,currents.b
1764786263695,-0.2812090814113617,currents.b
1764786263697,-0.25404682755470276,currents.b
1764786263698,-0.212504580616951,currents.b
1764786263700,-0.178951233625412,currents.b
1764786263701,-0.13740897178649902,currents.b
1764786263703,-0.08787783980369568,currents.b
1764786263705,-0.04314002767205238,currents.b
1764786263656,0.48093143105506897,currents.c
1764786263658,0.4713447690010071,currents.c
1764786263658,0.4809314012527466,currents.c
1764786263660,0.46974697709083557,currents.c
1764786263661,0.46495363116264343,currents.c
1764786263663,0.46814918518066406,currents.c
1764786263664,0.4505736231803894,currents.c
1764786263667,0.42021581530570984,currents.c
1764786263668,0.4026402235031128,currents.c
1764786263670,0.3834669291973114,currents.c
1764786263672,0.35630467534065247,currents.c
1764786263674,0.3243491053581238,currents.c
1764786263676,0.28919798135757446,currents.c
1764786263677,0.25564461946487427,currents.c
1764786263679,0.2348734736442566,currents.c
1764786263680,0.18853792548179626,currents.c
1764786263682,0.15498456358909607,currents.c
1764786263684,0.10705119371414185,currents.c
1764786263687,0.044737786054611206,currents.c
1764786263688,0.007988899946212769,currents.c
1764786263690,-0.02875998616218567,currents.c
1764786263692,-0.06231337785720825,currents.c
1764786263694,-0.11983340978622437,currents.c
1764786263695,-0.15977787971496582,currents.c
1764786263697,-0.19972234964370728,currents.c
1764786263698,-0.23327572643756866,currents.c
1764786263700,-0.26363348960876465,currents.c
1764786263701,-0.301980197429657,currents.c
1764786263703,-0.3371313214302063,currents.c
1764786263705,-0.369086891412735,currents.c
1764786263707,0.40104249119758606,currents.a
1764786263708,0.38666248321533203,currents.a
1764786263709,0.3483157753944397,currents.a
1764786263711,0.31156688928604126,currents.a
1764786263713,0.2907957434654236,currents.a
1764786263714,0.25085127353668213,currents.a
1764786263716,0.2157001495361328,currents.a
1764786263717,0.1693645566701889,currents.a
1764786263719,0.12622451782226562,currents.a
1764786263721,0.07030227035284042,currents.a
1764786263723,0.017575567588210106,currents.a
1764786263724,-0.03195557743310928,currents.a
1764786263726,-0.08308449387550354,currents.a
1764786263728,-0.1342134177684784,currents.a
1764786263730,-0.17415788769721985,currents.a
1764786263731,-0.21889570355415344,currents.a
1764786263733,-0.2620357275009155,currents.a
1764786263735,-0.28440460562705994,currents.a
1764786263737,-0.316360205411911,currents.a
1764786263739,-0.3483157753944397,currents.a
1764786263740,-0.3738802671432495,currents.a
1764786263742,-0.39784693717956543,currents.a
1764786263744,-0.4266069531440735,currents.a
1764786263746,-0.439389169216156,currents.a
1764786263748,-0.4361936151981354,currents.a
1764786263750,-0.45536696910858154,currents.a
1764786263751,-0.4505736231803894,currents.a
1764786263753,-0.4521713852882385,currents.a
1764786263755,-0.44578030705451965,currents.a
1764786263757,-0.4266069531440735,currents.a
1764786263707,0.0015977788716554642,currents.b
1764786263708,0.0335533544421196,currents.b
1764786263709,0.08787783980369568,currents.b
1764786263711,0.14060454070568085,currents.b
1764786263713,0.17575567960739136,currents.b
1764786263714,0.22049348056316376,currents.b
1764786263716,0.25564461946487427,currents.b
1764786263717,0.2891979515552521,currents.b
1764786263719,0.3243490755558014,currents.b
1764786263721,0.36429354548454285,currents.b
1764786263723,0.3962491452693939,currents.b
1764786263724,0.42181360721588135,currents.b
1764786263726,0.4361936151981354,currents.b
1764786263728,0.4489758610725403,currents.b
1764786263730,0.4505736231803894,currents.b
1764786263731,0.4489758610725403,currents.b
1764786263733,0.44578030705451965,currents.b
1764786263735,0.439389169216156,currents.b
1764786263737,0.4266069531440735,currents.b
1764786263739,0.41062915325164795,currents.b
1764786263740,0.39784693717956543,currents.b
1764786263742,0.3722824454307556,currents.b
1764786263744,0.34032687544822693,currents.b
1764786263746,0.30837130546569824,currents.b
1764786263748,0.2684268355369568,currents.b
1764786263750,0.23167793452739716,currents.b
1764786263751,0.19972234964370728,currents.b
1764786263753,0.16297344863414764,currents.b
1764786263755,0.11823563277721405,currents.b
1764786263757,0.06391115486621857,currents.b
1764786263707,-0.40264028310775757,currents.c
1764786263708,-0.4202158451080322,currents.c
1764786263709,-0.4361936151981354,currents.c
1764786263711,-0.4521714448928833,currents.c
1764786263713,-0.46655142307281494,currents.c
1764786263714,-0.4713447690010071,currents.c
1764786263716,-0.4713447690010071,currents.c
1764786263717,-0.4585624933242798,currents.c
1764786263719,-0.450573593378067,currents.c
1764786263721,-0.43459582328796387,currents.c
1764786263723,-0.40903139114379883,currents.c
1764786263724,-0.38985803723335266,currents.c
1764786263726,-0.35310912132263184,currents.c
1764786263728,-0.3147624433040619,currents.c
1764786263730,-0.27641573548316956,currents.c
1764786263731,-0.23008015751838684,currents.c
1764786263733,-0.18374457955360413,currents.c
1764786263735,-0.15498456358909607,currents.c
1764786263737,-0.10705116391181946,currents.c
1764786263739,-0.06231337785720825,currents.c
1764786263740,-0.02875998616218567,currents.c
1764786263742,0.025564491748809814,currents.c
1764786263744,0.08628007769584656,currents.c
1764786263746,0.13101786375045776,currents.c
1764786263748,0.1677667796611786,currents.c
1764786263750,0.22049349546432495,currents.c
1764786263751,0.25085127353668213,currents.c
1764786263753,0.2891979217529297,currents.c
1764786263755,0.3275446891784668,currents.c
1764786263757,0.3626958131790161,currents.c
1764786263759,-0.4074335992336273,currents.a
1764786263761,-0.38826024532318115,currents.a
1764786263763,-0.36429354548454285,currents.a
1764786263765,-0.33393579721450806,currents.a
1764786263767,-0.2939913272857666,currents.a
1764786263769,-0.2476557195186615,currents.a
1764786263771,-0.20611345767974854,currents.a
1764786263772,-0.18214677274227142,currents.a
1764786263774,-0.15019120275974274,currents.a
1764786263776,-0.10705117881298065,currents.a
1764786263777,-0.0671067088842392,currents.a
1764786263779,-0.020771123468875885,currents.a
1764786263781,0.012782230973243713,currents.a
1764786263782,0.03834668919444084,currents.a
1764786263784,0.07988893985748291,currents.a
1764786263786,0.123028963804245,currents.a
1764786263787,0.16616898775100708,currents.a
1764786263789,0.19972234964370728,currents.a
1764786263791,0.22848236560821533,currents.a
1764786263793,0.2668290436267853,currents.a
1764786263794,0.2939913272857666,currents.a
1764786263796,0.316360205411911,currents.a
1764786263797,0.3355335593223572,currents.a
1764786263798,0.3467179834842682,currents.a
1764786263800,0.3802713453769684,currents.a
1764786263802,0.4042380154132843,currents.a
1764786263805,0.4282047152519226,currents.a
1764786263806,0.43459582328796387,currents.a
1764786263808,0.4409869611263275,currents.a
1764786263759,0.014380008913576603,currents.b
1764786263761,-0.03035779856145382,currents.b
1764786263763,-0.08148672431707382,currents.b
1764786263765,-0.12622451782226562,currents.b
1764786263767,-0.17575567960739136,currents.b
1764786263769,-0.2268846035003662,currents.b
1764786263771,-0.26363351941108704,currents.b
1764786263772,-0.2891979515552521,currents.b
1764786263774,-0.32115355134010315,currents.b
1764786263776,-0.34512022137641907,currents.b
1764786263777,-0.3722824454307556,currents.b
1764786263779,-0.3962491452693939,currents.b
1764786263781,-0.41222691535949707,currents.b
1764786263782,-0.42341139912605286,currents.b
1764786263784,-0.43459582328796387,currents.b
1764786263786,-0.44578030705451965,currents.b
1764786263787,-0.4489758610725403,currents.b
1764786263789,-0.4537692070007324,currents.b
1764786263791,-0.4505736231803894,currents.b
1764786263793,-0.44258472323417664,currents.b
1764786263794,-0.439389169216156,currents.b
1764786263796,-0.43299806118011475,currents.b
1764786263797,-0.42181360721588135,currents.b
1764786263798,-0.41222691535949707,currents.b
1764786263800,-0.38666248321533203,currents.b
1764786263802,-0.36589136719703674,currents.b
1764786263805,-0.33074021339416504,currents.b
1764786263806,-0.2955890893936157,currents.b
1764786263808,-0.2668290436267853,currents.b
1764786263759,0.3930535912513733,currents.c
1764786263761,0.4186180531978607,currents.c
1764786263763,0.44578027725219727,currents.c
1764786263765,0.4601603150367737,currents.c
1764786263767,0.46974700689315796,currents.c
1764786263769,0.4745403230190277,currents.c
1764786263771,0.4745402932167053,currents.c
1764786263772,0.4713447093963623,currents.c
1764786263774,0.4713447690010071,currents.c
1764786263776,0.4521713852882385,currents.c
1764786263777,0.439389169216156,currents.c
1764786263779,0.4170202612876892,currents.c
1764786263781,0.39944469928741455,currents.c
1764786263782,0.3850647211074829,currents.c
1764786263784,0.35470688343048096,currents.c
1764786263786,0.32275134325027466,currents.c
1764786263787,0.2828068733215332,currents.c
1764786263789,0.25404685735702515,currents.c
1764786263791,0.22049348056316376,currents.c
1764786263793,0.17575567960739136,currents.c
1764786263794,0.1453978419303894,currents.c
1764786263796,0.11663785576820374,currents.c
1764786263797,0.08628004789352417,currents.c
1764786263798,0.06550893187522888,currents.c
1764786263800,0.0063911378383636475,currents.c
1764786263802,-0.03834664821624756,currents.c
1764786263805,-0.09746450185775757,currents.c
1764786263806,-0.14380010962486267,currents.c
1764786263808,-0.17415791749954224,currents.c
1764786263809,0.4473780691623688,currents.a
1764786263810,0.4489758610725403,currents.a
1764786263812,0.44578030705451965,currents.a
1764786263813,0.44258472323417664,currents.a
1764786263814,0.4314002990722656,currents.a
1764786263816,0.4186180531978607,currents.a
1764786263817,0.4042380154132843,currents.a
1764786263820,0.3706846833229065,currents.a
1764786263822,0.34512022137641907,currents.a
1764786263823,0.30837130546569824,currents.a
1764786263825,0.2700246274471283,currents.a
1764786263826,0.24605792760849,currents.a
1764786263828,0.20930902659893036,currents.a
1764786263829,0.16297344863414764,currents.a
1764786263831,0.12143119424581528,currents.a
1764786263833,0.06870448589324951,currents.a
1764786263834,0.020771123468875885,currents.a
1764786263837,-0.044737808406353,currents.a
1764786263838,-0.08787783980369568,currents.a
1764786263840,-0.13740897178649902,currents.a
1764786263842,-0.1901356726884842,currents.a
1764786263844,-0.2268846035003662,currents.a
1764786263846,-0.2716223895549774,currents.a
1764786263848,-0.30677351355552673,currents.a
1764786263850,-0.3355335593223572,currents.a
1764786263851,-0.35310912132263184,currents.a
1764786263853,-0.37547802925109863,currents.a
1764786263855,-0.4074335992336273,currents.a
1764786263856,-0.42181360721588135,currents.a
1764786263858,-0.43299806118011475,currents.a
1764786263809,-0.2476557195186615,currents.b
1764786263810,-0.21729791164398193,currents.b
1764786263812,-0.17415788769721985,currents.b
1764786263813,-0.13740897178649902,currents.b
1764786263814,-0.10545340180397034,currents.b
1764786263816,-0.05752003565430641,currents.b
1764786263817,-0.01917334459722042,currents.b
1764786263820,0.051128923892974854,currents.b
1764786263822,0.1006600633263588,currents.b
1764786263823,0.14859342575073242,currents.b
1764786263825,0.1901356726884842,currents.b
1764786263826,0.2236890345811844,currents.b
1764786263828,0.2588401734828949,currents.b
1764786263829,0.3003824055194855,currents.b
1764786263831,0.33233797550201416,currents.b
1764786263833,0.3610980212688446,currents.b
1764786263834,0.39145582914352417,currents.b
1764786263837,0.42341139912605286,currents.b
1764786263838,0.439389169216156,currents.b
1764786263840,0.4521713852882385,currents.b
1764786263842,0.4537692070007324,currents.b
1764786263844,0.4505736231803894,currents.b
1764786263846,0.44258472323417664,currents.b
1764786263848,0.4314002990722656,currents.b
1764786263850,0.42021581530570984,currents.b
1764786263851,0.4042380154132843,currents.b
1764786263853,0.38985803723335266,currents.b
1764786263855,0.36589136719703674,currents.b
1764786263856,0.3387291133403778,currents.b
1764786263858,0.30677351355552673,currents.b
1764786263809,-0.19972234964370728,currents.c
1764786263810,-0.23167794942855835,currents.c
1764786263812,-0.2716224193572998,currents.c
1764786263813,-0.3051757514476776,currents.c
1764786263814,-0.3259468972682953,currents.c
1764786263816,-0.3610980212688446,currents.c
1764786263817,-0.38506466150283813,currents.c
1764786263820,-0.42181360721588135,currents.c
1764786263822,-0.44578027725219727,currents.c
1764786263823,-0.45536696910858154,currents.c
1764786263825,-0.4601603150367737,currents.c
1764786263826,-0.4697469472885132,currents.c
1764786263828,-0.4633558690547943,currents.c
1764786263829,-0.4633558392524719,currents.c
1764786263831,-0.45376917719841003,currents.c
1764786263833,-0.43140023946762085,currents.c
1764786263834,-0.41222694516181946,currents.c
1764786263837,-0.37867358326911926,currents.c
1764786263838,-0.3515113294124603,currents.c
1764786263840,-0.3147624135017395,currents.c
1764786263842,-0.2636335492134094,currents.c
1764786263844,-0.2236890196800232,currents.c
1764786263846,-0.17096233367919922,currents.c
1764786263848,-0.12462678551673889,currents.c
1764786263850,-0.0894756019115448,currents.c
1764786263851,-0.051128894090652466,currents.c
1764786263853,-0.011184453964233398,currents.c
1764786263855,0.041542232036590576,currents.c
1764786263856,0.08308449387550354,currents.c
1764786263858,0.13261562585830688,currents.c
1764786263860,-0.4473780691623688,currents.a
1764786263862,-0.45536696910858154,currents.a
1764786263863,-0.4521713852882385,currents.a
1764786263865,-0.4489758610725403,currents.a
1764786263867,-0.44578030705451965,currents.a
1764786263869,-0.43459582328796387,currents.a
1764786263870,-0.42021581530570984,currents.a
1764786263872,-0.41062915325164795,currents.a
1764786263874,-0.37547802925109863,currents.a
1764786263876,-0.3515113592147827,currents.a
1764786263877,-0.3259468972682953,currents.a
1764786263878,-0.29878464341163635,currents.a
1764786263880,-0.26523128151893616,currents.a
1764786263882,-0.23167793452739716,currents.a
1764786263883,-0.2013201266527176,currents.a
1764786263885,-0.15498454868793488,currents.a
1764786263887,-0.10864895582199097,currents.a
1764786263889,-0.05432447791099548,currents.a
1764786263891,-0.01917334459722042,currents.a
1764786263893,0.012782230973243713,currents.a
1764786263894,0.0559222586452961,currents.a
1764786263896,0.08787783980369568,currents.a
1764786263898,0.12782230973243713,currents.a
1764786263900,0.16137565672397614,currents.a
1764786263901,0.18853789567947388,currents.a
1764786263903,0.22848236560821533,currents.a
1764786263904,0.260437935590744,currents.a
1764786263906,0.28760018944740295,currents.a
1764786263908,0.31156688928604126,currents.a
1764786263909,0.34512022137641907,currents.a
1764786263911,0.36429354548454285,currents.a
1764786263860,0.2716223895549774,currents.b
1764786263862,0.23487348854541779,currents.b
1764786263863,0.20451569557189941,currents.b
1764786263865,0.16297344863414764,currents.b
1764786263867,0.11663785576820374,currents.b
1764786263869,0.062313374131917953,currents.b
1764786263870,0.0223689042031765,currents.b
1764786263872,-0.01118445210158825,currents.b
1764786263874,-0.059117816388607025,currents.b
1764786263876,-0.10864895582199097,currents.b
1764786263877,-0.14380009472370148,currents.b
1764786263878,-0.17415788769721985,currents.b
1764786263880,-0.20771124958992004,currents.b
1764786263882,-0.24605792760849,currents.b
1764786263883,-0.2700246274471283,currents.b
1764786263885,-0.3131646513938904,currents.b
1764786263887,-0.3467179834842682,currents.b
1764786263889,-0.37547802925109863,currents.b
1764786263891,-0.39784693717956543,currents.b
1764786263893,-0.4154224991798401,currents.b
1764786263894,-0.4298025071620941,currents.b
1764786263896,-0.4409869611263275,currents.b
1764786263898,-0.4489758610725403,currents.b
1764786263900,-0.4521713852882385,currents.b
1764786263901,-0.4537692070007324,currents.b
1764786263903,-0.4505736231803894,currents.b
1764786263904,-0.4489758610725403,currents.b
1764786263906,-0.44578030705451965,currents.b
1764786263908,-0.4314002990722656,currents.b
1764786263909,-0.42181360721588135,currents.b
1764786263911,-0.40104249119758606,currents.b
1764786263860,0.17575567960739136,currents.c
1764786263862,0.22049348056316376,currents.c
1764786263863,0.2476556897163391,currents.c
1764786263865,0.28600239753723145,currents.c
1764786263867,0.3291424512863159,currents.c
1764786263869,0.3722824454307556,currents.c
1764786263870,0.39784690737724304,currents.c
1764786263872,0.42181360721588135,currents.c
1764786263874,0.43459585309028625,currents.c
1764786263876,0.4601603150367737,currents.c
1764786263877,0.46974700689315796,currents.c
1764786263878,0.4729425311088562,currents.c
1764786263880,0.4729425311088562,currents.c
1764786263882,0.47773587703704834,currents.c
1764786263883,0.4713447690010071,currents.c
1764786263885,0.46814918518066406,currents.c
1764786263887,0.45536693930625916,currents.c
1764786263889,0.4298025071620941,currents.c
1764786263891,0.40903139114379883,currents.c
1764786263893,0.40264028310775757,currents.c
1764786263894,0.3738802373409271,currents.c
1764786263896,0.35310912132263184,currents.c
1764786263898,0.32115355134010315,currents.c
1764786263900,0.2907957434654236,currents.c
1764786263901,0.26523131132125854,currents.c
1764786263903,0.22209125757217407,currents.c
1764786263904,0.18853792548179626,currents.c
1764786263906,0.1581801176071167,currents.c
1764786263908,0.11983340978622437,currents.c
1764786263909,0.07669338583946228,currents.c
1764786263911,0.03674894571304321,currents.c
1764786263913,0.38985803723335266,currents.a
1764786263914,0.39944469928741455,currents.a
1764786263915,0.41062915325164795,currents.a
1764786263917,0.4314002990722656,currents.a
1764786263919,0.43299806118011475,currents.a
1764786263921,0.4473780691623688,currents.a
1764786263923,0.4505736231803894,currents.a
1764786263924,0.44258472323417664,currents.a
1764786263926,0.4409869611263275,currents.a
1764786263928,0.42341139912605286,currents.a
1764786263929,0.4058358371257782,currents.a
1764786263931,0.38666248321533203,currents.a
1764786263933,0.3595002293586731,currents.a
1764786263935,0.3179579973220825,currents.a
1764786263937,0.2684268355369568,currents.a
1764786263939,0.23008014261722565,currents.a
1764786263941,0.17735344171524048,currents.a
1764786263942,0.13261564075946808,currents.a
1764786263944,0.0782911628484726,currents.a
1764786263946,0.025564461946487427,currents.a
1764786263947,-0.00958667229861021,currents.a
1764786263949,-0.062313374131917953,currents.a
1764786263952,-0.13740897178649902,currents.a
1764786263954,-0.18374456465244293,currents.a
1764786263956,-0.23167793452739716,currents.a
1764786263958,-0.2732201814651489,currents.a
1764786263960,-0.3003824055194855,currents.a
1764786263913,-0.3818691372871399,currents.b
1764786263914,-0.3690869212150574,currents.b
1764786263915,-0.3499135673046112,currents.b
1764786263917,-0.32275131344795227,currents.b
1764786263919,-0.2812090814113617,currents.b
1764786263921,-0.2476557195186615,currents.b
1764786263923,-0.20451569557189941,currents.b
1764786263924,-0.15498454868793488,currents.b
1764786263926,-0.10864895582199097,currents.b
1764786263928,-0.062313374131917953,currents.b
1764786263929,-0.020771123468875885,currents.b
1764786263931,0.023966683074831963,currents.b
1764786263933,0.07030227035284042,currents.b
1764786263935,0.12622451782226562,currents.b
1764786263937,0.19333124160766602,currents.b
1764786263939,0.23806904256343842,currents.b
1764786263941,0.28600242733955383,currents.b
1764786263942,0.3243490755558014,currents.b
1764786263944,0.3610980212688446,currents.b
1764786263946,0.38985803723335266,currents.b
1764786263947,0.41062915325164795,currents.b
1764786263949,0.43299806118011475,currents.b
1764786263952,0.4473780691623688,currents.b
1764786263954,0.45536696910858154,currents.b
1764786263956,0.4521713852882385,currents.b
1764786263958,0.44258472323417664,currents.b
1764786263960,0.43299806118011475,currents.b
1764786263913,-0.007988899946212769,currents.c
1764786263914,-0.030357778072357178,currents.c
1764786263915,-0.06071558594703674,currents.c
1764786263917,-0.10545340180397034,currents.c
1764786263919,-0.15178897976875305,currents.c
1764786263921,-0.19972234964370728,currents.c
1764786263923,-0.24605792760849,currents.c
1764786263924,-0.28760015964508057,currents.c
1764786263926,-0.33233800530433655,currents.c
1764786263928,-0.3610980212688446,currents.c
1764786263929,-0.3850647211074829,currents.c
1764786263931,-0.41062915325164795,currents.c
1764786263933,-0.4298025071620941,currents.c
1764786263935,-0.44418251514434814,currents.c
1764786263937,-0.4617580771446228,currents.c
1764786263939,-0.46814918518066406,currents.c
1764786263941,-0.4633558690547943,currents.c
1764786263942,-0.4585624933242798,currents.c
1764786263944,-0.439389169216156,currents.c
1764786263946,-0.4154224991798401,currents.c
1764786263947,-0.40104249119758606,currents.c
1764786263949,-0.3706846833229065,currents.c
1764786263952,-0.30996909737586975,currents.c
1764786263954,-0.2716224193572998,currents.c
1764786263956,-0.22049345076084137,currents.c
1764786263958,-0.1693645417690277,currents.c
1764786263960,-0.13261565566062927,currents.c
1764786263961,-0.3275446593761444,currents.a
1764786263963,-0.3499135673046112,currents.a
1764786263965,-0.37707579135894775,currents.a
1764786263966,-0.4074335992336273,currents.a
1764786263968,-0.4266069531440735,currents.a
1764786263970,-0.43459582328796387,currents.a
1764786263972,-0.4473780691623688,currents.a
1764786263974,-0.4489758610725403,currents.a
1764786263975,-0.45696473121643066,currents.a
1764786263977,-0.45696473121643066,currents.a
1764786263979,-0.44418251514434814,currents.a
1764786263981,-0.4298025071620941,currents.a
1764786263983,-0.41222691535949707,currents.a
1764786263984,-0.4026402533054352,currents.a
1764786263986,-0.3802713453769684,currents.a
1764786263988,-0.3499135673046112,currents.a
1764786263990,-0.31156688928604126,currents.a
1764786263992,-0.2572423815727234,currents.a
1764786263994,-0.23008014261722565,currents.a
1764786263996,-0.1901356726884842,currents.a
1764786263998,-0.14859342575073242,currents.a
1764786263999,-0.10705117881298065,currents.a
1764786264002,-0.047933366149663925,currents.a
1764786264004,-0.0031955577433109283,currents.a
1764786264005,0.03195557743310928,currents.a
1764786264007,0.0782911628484726,currents.a
1764786264009,0.11504007130861282,currents.a
1764786264011,0.17256011068820953,currents.a
1764786263961,0.42181360721588135,currents.b
1764786263963,0.4074335992336273,currents.b
1764786263965,0.39145582914352417,currents.b
1764786263966,0.3690869212150574,currents.b
1764786263968,0.3387291133403778,currents.b
1764786263970,0.30677351355552673,currents.b
1764786263972,0.2588401734828949,currents.b
1764786263974,0.23008014261722565,currents.b
1764786263975,0.19652679562568665,currents.b
1764786263977,0.16297344863414764,currents.b
1764786263979,0.11024674028158188,currents.b
1764786263981,0.06391115486621857,currents.b
1764786263983,0.012782230973243713,currents.b
1764786263984,-0.023966683074831963,currents.b
1764786263986,-0.0671067088842392,currents.b
1764786263988,-0.11663785576820374,currents.b
1764786263990,-0.16457121074199677,currents.b
1764786263992,-0.22049348056316376,currents.b
1764786263994,-0.25244903564453125,currents.b
1764786263996,-0.2828068435192108,currents.b
1764786263998,-0.3179579973220825,currents.b
1764786263999,-0.34512022137641907,currents.b
1764786264002,-0.37867358326911926,currents.b
1764786264004,-0.4042380154132843,currents.b
1764786264005,-0.42021581530570984,currents.b
1764786264007,-0.4361936151981354,currents.b
1764786264009,-0.44578030705451965,currents.b
1764786264011,-0.4537692070007324,currents.b
1764786263961,-0.09267118573188782,currents.c
1764786263963,-0.05752003192901611,currents.c
1764786263965,-0.014380037784576416,currents.c
1764786263966,0.038346678018569946,currents.c
1764786263968,0.08787783980369568,currents.c
1764786263970,0.12782230973243713,currents.c
1764786263972,0.18853789567947388,currents.c
1764786263974,0.21889571845531464,currents.c
1764786263975,0.260437935590744,currents.c
1764786263977,0.2939912676811218,currents.c
1764786263979,0.33393576741218567,currents.c
1764786263981,0.36589133739471436,currents.c
1764786263983,0.39944469928741455,currents.c
1764786263984,0.42341136932373047,currents.c
1764786263986,0.4473780393600464,currents.c
1764786263988,0.46655142307281494,currents.c
1764786263990,0.4761381149291992,currents.c
1764786263992,0.4713447690010071,currents.c
1764786263994,0.4729425311088562,currents.c
1764786263996,0.46814918518066406,currents.c
1764786263998,0.4713447690010071,currents.c
1764786263999,0.4521713852882385,currents.c
1764786264002,0.4266069531440735,currents.c
1764786264004,0.40743356943130493,currents.c
1764786264005,0.38826024532318115,currents.c
1764786264007,0.357902467250824,currents.c
1764786264009,0.3307402431964874,currents.c
1764786264011,0.2812091112136841,currents.c
1764786264013,0.20930902659893036,currents.a
1764786264015,0.24286238849163055,currents.a
1764786264017,0.2684268355369568,currents.a
1764786264018,0.29718685150146484,currents.a
1764786264020,0.3243490755558014,currents.a
1764786264022,0.35310912132263184,currents.a
1764786264024,0.3706846833229065,currents.a
1764786264025,0.39944469928741455,currents.a
1764786264027,0.4154224991798401,currents.a
1764786264029,0.4298025071620941,currents.a
1764786264031,0.4377914071083069,currents.a
1764786264033,0.44578030705451965,currents.a
1764786264035,0.45696473121643066,currents.a
1764786264036,0.44418251514434814,currents.a
1764786264038,0.4409869611263275,currents.a
1764786264041,0.39784693717956543,currents.a
1764786264043,0.3802713453769684,currents.a
1764786264045,0.3626957833766937,currents.a
1764786264046,0.3275446593761444,currents.a
1764786264048,0.28760018944740295,currents.a
1764786264050,0.23327571153640747,currents.a
1764786264052,0.18694013357162476,currents.a
1764786264054,0.12462674826383591,currents.a
1764786264056,0.08787783980369568,currents.a
1764786264058,0.025564461946487427,currents.a
1764786264059,-0.01917334459722042,currents.a
1764786264061,-0.06071559712290764,currents.a
1764786264013,-0.45536696910858154,currents.b
1764786264015,-0.4489758610725403,currents.b
1764786264017,-0.44258472323417664,currents.b
1764786264018,-0.4361936151981354,currents.b
1764786264020,-0.425009161233902,currents.b
1764786264022,-0.4058358371257782,currents.b
1764786264024,-0.38826024532318115,currents.b
1764786264025,-0.37707579135894775,currents.b
1764786264027,-0.34192466735839844,currents.b
1764786264029,-0.3147624135017395,currents.b
1764786264031,-0.2923935055732727,currents.b
1764786264033,-0.2476557195186615,currents.b
1764786264035,-0.19812457263469696,currents.b
1764786264036,-0.1581801027059555,currents.b
1764786264038,-0.10545340180397034,currents.b
1764786264041,-0.00958667229861021,currents.b
1764786264043,0.03195557743310928,currents.b
1764786264045,0.07509560137987137,currents.b
1764786264046,0.12143119424581528,currents.b
1764786264048,0.17415788769721985,currents.b
1764786264050,0.23008014261722565,currents.b
1764786264052,0.2796112895011902,currents.b
1764786264054,0.32275131344795227,currents.b
1764786264056,0.35630467534065247,currents.b
1764786264058,0.38985803723335266,currents.b
1764786264059,0.41222691535949707,currents.b
1764786264061,0.4298025071620941,currents.b
1764786264013,0.24605794250965118,currents.c
1764786264015,0.20611347258090973,currents.c
1764786264017,0.1693645417690277,currents.c
1764786264018,0.13900676369667053,currents.c
1764786264020,0.09746450185775757,currents.c
1764786264022,0.05272671580314636,currents.c
1764786264024,0.017575562000274658,currents.c
1764786264025,-0.022368907928466797,currents.c
1764786264027,-0.07349783182144165,currents.c
1764786264029,-0.11504009366035461,currents.c
1764786264031,-0.14539790153503418,currents.c
1764786264033,-0.19812458753585815,currents.c
1764786264035,-0.2588401436805725,currents.c
1764786264036,-0.28600239753723145,currents.c
1764786264038,-0.3291424512863159,currents.c
1764786264041,-0.38826027512550354,currents.c
1764786264043,-0.41222691535949707,currents.c
1764786264045,-0.4377913773059845,currents.c
1764786264046,-0.4489758610725403,currents.c
1764786264048,-0.4617580771446228,currents.c
1764786264050,-0.4633558392524719,currents.c
1764786264052,-0.46655142307281494,currents.c
1764786264054,-0.4473780691623688,currents.c
1764786264056,-0.44418251514434814,currents.c
1764786264058,-0.4154224991798401,currents.c
1764786264059,-0.3930535614490509,currents.c
1764786264061,-0.3690869212150574,currents.c
1764786264063,-0.12143119424581528,currents.a
1764786264065,-0.15338675677776337,currents.a
1764786264067,-0.2013201266527176,currents.a
1764786264069,-0.26523128151893616,currents.a
1764786264072,-0.30677351355552673,currents.a
1764786264074,-0.33393579721450806,currents.a
1764786264076,-0.3690869212150574,currents.a
1764786264077,-0.38985803723335266,currents.a
1764786264079,-0.41382473707199097,currents.a
1764786264081,-0.4282047152519226,currents.a
1764786264082,-0.44418251514434814,currents.a
1764786264084,-0.44258472323417664,currents.a
1764786264086,-0.4617581069469452,currents.a
1764786264088,-0.44578030705451965,currents.a
1764786264090,-0.44258472323417664,currents.a
1764786264092,-0.4361936151981354,currents.a
1764786264093,-0.4266069531440735,currents.a
1764786264095,-0.41062915325164795,currents.a
1764786264096,-0.4026402533054352,currents.a
1764786264097,-0.3850646913051605,currents.a
1764786264099,-0.35470688343048096,currents.a
1764786264101,-0.32914242148399353,currents.a
1764786264102,-0.2923935055732727,currents.a
1764786264104,-0.2620357275009155,currents.a
1764786264106,-0.2268846035003662,currents.a
1764786264108,-0.1901356726884842,currents.a
1764786264110,-0.14060454070568085,currents.a
1764786264111,-0.10864895582199097,currents.a
1764786264063,0.44258472323417664,currents.b
1764786264065,0.4505736231803894,currents.b
1764786264067,0.4505736231803894,currents.b
1764786264069,0.44418251514434814,currents.b
1764786264072,0.43299806118011475,currents.b
1764786264074,0.4186180531978607,currents.b
1764786264076,0.3962491452693939,currents.b
1764786264077,0.3738802671432495,currents.b
1764786264079,0.3595002293586731,currents.b
1764786264081,0.33074021339416504,currents.b
1764786264082,0.29718685150146484,currents.b
1764786264084,0.25564461946487427,currents.b
1764786264086,0.212504580616951,currents.b
1764786264088,0.17096233367919922,currents.b
1764786264090,0.123028963804245,currents.b
1764786264092,0.08308449387550354,currents.b
1764786264093,0.051128923892974854,currents.b
1764786264095,0.00798889435827732,currents.b
1764786264096,-0.01917334459722042,currents.b
1764786264097,-0.05272670090198517,currents.b
1764786264099,-0.09586673229932785,currents.b
1764786264101,-0.13900676369667053,currents.b
1764786264102,-0.1805490106344223,currents.b
1764786264104,-0.21729791164398193,currents.b
1764786264106,-0.25244903564453125,currents.b
1764786264108,-0.28600242733955383,currents.b
1764786264110,-0.31955575942993164,currents.b
1764786264111,-0.3499135673046112,currents.b
1764786264063,-0.32115352153778076,currents.c
1764786264065,-0.29718685150146484,currents.c
1764786264067,-0.24925349652767181,currents.c
1764786264069,-0.1805489957332611,currents.c
1764786264072,-0.12942007184028625,currents.c
1764786264074,-0.08468225598335266,currents.c
1764786264076,-0.027162224054336548,currents.c
1764786264077,0.01597777009010315,currents.c
1764786264079,0.05432450771331787,currents.c
1764786264081,0.09746450185775757,currents.c
1764786264082,0.14380007982254028,currents.c
1764786264084,0.18694010376930237,currents.c
1764786264086,0.2492535263299942,currents.c
1764786264088,0.27481797337532043,currents.c
1764786264090,0.31955575942993164,currents.c
1764786264092,0.35310912132263184,currents.c
1764786264093,0.37547802925109863,currents.c
1764786264095,0.4026402533054352,currents.c
1764786264096,0.42181360721588135,currents.c
1764786264097,0.4377914071083069,currents.c
1764786264099,0.4505736231803894,currents.c
1764786264101,0.46814918518066406,currents.c
1764786264102,0.4729425311088562,currents.c
1764786264104,0.47933363914489746,currents.c
1764786264106,0.47933363914489746,currents.c
1764786264108,0.4761381149291992,currents.c
1764786264110,0.4601603150367737,currents.c
1764786264111,0.4585625231266022,currents.c
1764786264113,-0.06391115486621857,currents.a
1764786264115,-0.020771123468875885,currents.a
1764786264116,0.006391115486621857,currents.a
1764786264118,0.04314002767205238,currents.a
1764786264120,0.09267117083072662,currents.a
1764786264121,0.13261564075946808,currents.a
1764786264123,0.16457121074199677,currents.a
1764786264124,0.1917334645986557,currents.a
1764786264125,0.212504580616951,currents.a
1764786264127,0.24286238849163055,currents.a
1764786264128,0.2668290436267853,currents.a
1764786264130,0.2955890893936157,currents.a
1764786264132,0.3179579973220825,currents.a
1764786264133,0.3515113592147827,currents.a
1764786264135,0.36589136719703674,currents.a
1764786264137,0.3962491452693939,currents.a
1764786264139,0.41222691535949707,currents.a
1764786264141,0.4282047152519226,currents.a
1764786264143,0.44418251514434814,currents.a
1764786264145,0.4537692070007324,currents.a
1764786264147,0.4505736231803894,currents.a
1764786264148,0.44578030705451965,currents.a
1764786264150,0.439389169216156,currents.a
1764786264152,0.4170202612876892,currents.a
1764786264154,0.38985803723335266,currents.a
1764786264155,0.37867358326911926,currents.a
1764786264157,0.34192466735839844,currents.a
1764786264159,0.316360205411911,currents.a
1764786264160,0.2828068435192108,currents.a
1764786264162,0.23966681957244873,currents.a
1764786264113,-0.3722824454307556,currents.b
1764786264115,-0.3946513533592224,currents.b
1764786264116,-0.41222691535949707,currents.b
1764786264118,-0.42021581530570984,currents.b
1764786264120,-0.44258472323417664,currents.b
1764786264121,-0.4489758610725403,currents.b
1764786264123,-0.4537692070007324,currents.b
1764786264124,-0.4537692070007324,currents.b
1764786264125,-0.4521713852882385,currents.b
1764786264127,-0.4505736231803894,currents.b
1764786264128,-0.44578030705451965,currents.b
1764786264130,-0.43299806118011475,currents.b
1764786264132,-0.425009161233902,currents.b
1764786264133,-0.4154224991798401,currents.b
1764786264135,-0.3962491452693939,currents.b
1764786264137,-0.3706846833229065,currents.b
1764786264139,-0.34192466735839844,currents.b
1764786264141,-0.3131646513938904,currents.b
1764786264143,-0.28440460562705994,currents.b
1764786264145,-0.23487348854541779,currents.b
1764786264147,-0.1917334645986557,currents.b
1764786264148,-0.15338675677776337,currents.b
1764786264150,-0.09746450930833817,currents.b
1764786264152,-0.039944469928741455,currents.b
1764786264154,0.006391115486621857,currents.b
1764786264155,0.047933366149663925,currents.b
1764786264157,0.09586673229932785,currents.b
1764786264159,0.14060454070568085,currents.b
1764786264160,0.18374456465244293,currents.b
1764786264162,0.23327571153640747,currents.b
1764786264113,0.436193585395813,currents.c
1764786264115,0.4154224693775177,currents.c
1764786264116,0.4058358073234558,currents.c
1764786264118,0.37707579135894775,currents.c
1764786264120,0.3499135375022888,currents.c
1764786264121,0.3163602352142334,currents.c
1764786264123,0.28919798135757446,currents.c
1764786264124,0.2620357275009155,currents.c
1764786264125,0.23966680467128754,currents.c
1764786264127,0.20771123468875885,currents.c
1764786264128,0.17895126342773438,currents.c
1764786264130,0.13740897178649902,currents.c
1764786264132,0.10705116391181946,currents.c
1764786264133,0.06391113996505737,currents.c
1764786264135,0.030357778072357178,currents.c
1764786264137,-0.025564461946487427,currents.c
1764786264139,-0.07030224800109863,currents.c
1764786264141,-0.11504006385803223,currents.c
1764786264143,-0.1597779095172882,currents.c
1764786264145,-0.21889571845531464,currents.c
1764786264147,-0.2588401436805725,currents.c
1764786264148,-0.2923935651779175,currents.c
1764786264150,-0.33393579721450806,currents.c
1764786264152,-0.37707579135894775,currents.c
1764786264154,-0.3962491452693939,currents.c
1764786264155,-0.4266069531440735,currents.c
1764786264157,-0.4377914071083069,currents.c
1764786264159,-0.45696473121643066,currents.c
1764786264160,-0.4649536609649658,currents.c
1764786264162,-0.4649536609649658,currents.c
1764786264164,0.19972234964370728,currents.a
1764786264165,0.1469956636428833,currents.a
1764786264167,0.08787783980369568,currents.a
1764786264170,0.023966683074831963,currents.a
1764786264172,-0.04314002767205238,currents.a
1764786264173,-0.07669337838888168,currents.a
1764786264175,-0.10225784778594971,currents.a
1764786264176,-0.14380009472370148,currents.a
1764786264177,-0.17096233367919922,currents.a
1764786264178,-0.19972234964370728,currents.a
1764786264180,-0.22848236560821533,currents.a
1764786264181,-0.26363351941108704,currents.a
1764786264183,-0.28600242733955383,currents.a
1764786264184,-0.3179579973220825,currents.a
1764786264187,-0.357902467250824,currents.a
1764786264189,-0.37867358326911926,currents.a
1764786264190,-0.4042380154132843,currents.a
1764786264192,-0.42341139912605286,currents.a
1764786264194,-0.439389169216156,currents.a
1764786264196,-0.44578030705451965,currents.a
1764786264197,-0.45696473121643066,currents.a
1764786264199,-0.45536696910858154,currents.a
1764786264201,-0.4521713852882385,currents.a
1764786264203,-0.4409869611263275,currents.a
1764786264205,-0.42341139912605286,currents.a
1764786264207,-0.4058358371257782,currents.a
1764786264208,-0.39944469928741455,currents.a
1764786264210,-0.3706846833229065,currents.a
1764786264211,-0.3515113592147827,currents.a
1764786264214,-0.3131646513938904,currents.a
1764786264215,-0.2732201814651489,currents.a
1764786264164,0.27641573548316956,currents.b
1764786264165,0.3131646513938904,currents.b
1764786264167,0.35630467534065247,currents.b
1764786264170,0.39145582914352417,currents.b
1764786264172,0.42181360721588135,currents.b
1764786264173,0.43459582328796387,currents.b
1764786264175,0.44418251514434814,currents.b
1764786264176,0.4505736231803894,currents.b
1764786264177,0.4505736231803894,currents.b
1764786264178,0.4521713852882385,currents.b
1764786264180,0.4505736231803894,currents.b
1764786264181,0.44578030705451965,currents.b
1764786264183,0.439389169216156,currents.b
1764786264184,0.425009161233902,currents.b
1764786264187,0.40104249119758606,currents.b
1764786264189,0.3818691372871399,currents.b
1764786264190,0.3610980212688446,currents.b
1764786264192,0.33233797550201416,currents.b
1764786264194,0.3003824055194855,currents.b
1764786264196,0.2620357275009155,currents.b
1764786264197,0.22209125757217407,currents.b
1764786264199,0.1901356726884842,currents.b
1764786264201,0.14060454070568085,currents.b
1764786264203,0.08468227833509445,currents.b
1764786264205,0.044737808406353,currents.b
1764786264207,0.006391115486621857,currents.b
1764786264208,-0.02716223895549774,currents.b
1764786264210,-0.07349783182144165,currents.b
1764786264211,-0.11024674028158188,currents.b
1764786264214,-0.1693645566701889,currents.b
1764786264215,-0.19652679562568665,currents.b
1764786264164,-0.47613808512687683,currents.c
1764786264165,-0.4601603150367737,currents.c
1764786264167,-0.44418251514434814,currents.c
1764786264170,-0.40743356943130493,currents.c
1764786264172,-0.37867358326911926,currents.c
1764786264173,-0.3579024374485016,currents.c
1764786264175,-0.3259468674659729,currents.c
1764786264176,-0.3067735433578491,currents.c
1764786264177,-0.2796112895011902,currents.c
1764786264178,-0.25244903564453125,currents.c
1764786264180,-0.22209125757217407,currents.c
1764786264181,-0.18214678764343262,currents.c
1764786264183,-0.15338674187660217,currents.c
1764786264184,-0.10705116391181946,currents.c
1764786264187,-0.043140023946762085,currents.c
1764786264189,0.0015977919101715088,currents.c
1764786264190,0.0431399941444397,currents.c
1764786264192,0.0910734236240387,currents.c
1764786264194,0.13900676369667053,currents.c
1764786264196,0.18374457955360413,currents.c
1764786264197,0.2348734736442566,currents.c
1764786264199,0.26523131132125854,currents.c
1764786264201,0.3035779595375061,currents.c
1764786264203,0.3483157753944397,currents.c
1764786264205,0.37867358326911926,currents.c
1764786264207,0.39944472908973694,currents.c
1764786264208,0.4266069531440735,currents.c
1764786264210,0.44418251514434814,currents.c
1764786264211,0.4617581069469452,currents.c
1764786264214,0.4697469472885132,currents.c
1764786264215,0.46974697709083557,currents.c
1764786264216,-0.2476557195186615,currents.a
1764786264218,-0.21090680360794067,currents.a
1764786264220,-0.16616898775100708,currents.a
1764786264222,-0.12622451782226562,currents.a
1764786264224,-0.09426894783973694,currents.a
1764786264225,-0.05432447791099548,currents.a
1764786264227,-0.017575567588210106,currents.a
1764786264228,0.01597778871655464,currents.a
1764786264230,0.05272670090198517,currents.a
1764786264231,0.09107338637113571,currents.a
1764786264233,0.12782230973243713,currents.a
1764786264235,0.1693645566701889,currents.a
1764786264237,0.20611345767974854,currents.a
1764786264238,0.24126459658145905,currents.a
1764786264240,0.26523128151893616,currents.a
1764786264242,0.2955890893936157,currents.a
1764786264243,0.30996909737586975,currents.a
1764786264245,0.3355335593223572,currents.a
1764786264247,0.36589136719703674,currents.a
1764786264248,0.37547802925109863,currents.a
1764786264250,0.40903139114379883,currents.a
1764786264251,0.425009161233902,currents.a
1764786264254,0.4361936151981354,currents.a
1764786264255,0.4473780691623688,currents.a
1764786264257,0.4521713852882385,currents.a
1764786264259,0.44578030705451965,currents.a
1764786264261,0.43459582328796387,currents.a
1764786264263,0.4282047152519226,currents.a
1764786264264,0.4058358371257782,currents.a
1764786264266,0.38666248321533203,currents.a
1764786264216,-0.2268846035003662,currents.b
1764786264218,-0.2620357275009155,currents.b
1764786264220,-0.3035779893398285,currents.b
1764786264222,-0.33074021339416504,currents.b
1764786264224,-0.35630467534065247,currents.b
1764786264225,-0.37867358326911926,currents.b
1764786264227,-0.3962491452693939,currents.b
1764786264228,-0.4154224991798401,currents.b
1764786264230,-0.4282047152519226,currents.b
1764786264231,-0.439389169216156,currents.b
1764786264233,-0.4505736231803894,currents.b
1764786264235,-0.4521713852882385,currents.b
1764786264237,-0.4521713852882385,currents.b
1764786264238,-0.4489758610725403,currents.b
1764786264240,-0.4473780691623688,currents.b
1764786264242,-0.4361936151981354,currents.b
1764786264243,-0.4266069531440735,currents.b
1764786264245,-0.4170202612876892,currents.b
1764786264247,-0.3930535912513733,currents.b
1764786264248,-0.3834669291973114,currents.b
1764786264250,-0.3626957833766937,currents.b
1764786264251,-0.3355335593223572,currents.b
1764786264254,-0.29878464341163635,currents.b
1764786264255,-0.2620357275009155,currents.b
1764786264257,-0.24286238849163055,currents.b
1764786264259,-0.18694013357162476,currents.b
1764786264261,-0.13900676369667053,currents.b
1764786264263,-0.08148672431707382,currents.b
1764786264264,-0.02716223895549774,currents.b
1764786264266,0.017575567588210106,currents.b
1764786264216,0.4745403230190277,currents.c
1764786264218,0.4729425311088562,currents.c
1764786264220,0.46974697709083557,currents.c
1764786264222,0.4617580771446228,currents.c
1764786264224,0.4505736231803894,currents.c
1764786264225,0.4298025071620941,currents.c
1764786264227,0.4138247072696686,currents.c
1764786264228,0.39944469928741455,currents.c
1764786264230,0.37547802925109863,currents.c
1764786264231,0.3483157753944397,currents.c
1764786264233,0.32275131344795227,currents.c
1764786264235,0.2828068137168884,currents.c
1764786264237,0.24605792760849,currents.c
1764786264238,0.20771126449108124,currents.c
1764786264240,0.18214678764343262,currents.c
1764786264242,0.14060452580451965,currents.c
1764786264243,0.11663785576820374,currents.c
1764786264245,0.08148670196533203,currents.c
1764786264247,0.027162224054336548,currents.c
1764786264248,0.007988899946212769,currents.c
1764786264250,-0.0463356077671051,currents.c
1764786264251,-0.0894756019115448,currents.c
1764786264254,-0.13740897178649902,currents.c
1764786264255,-0.18534234166145325,currents.c
1764786264257,-0.20771124958992004,currents.c
1764786264259,-0.26523125171661377,currents.c
1764786264261,-0.29558905959129333,currents.c
1764786264263,-0.3467179834842682,currents.c
1764786264264,-0.37867361307144165,currents.c
1764786264266,-0.4042380452156067,currents.c
1764786264268,0.36748912930488586,currents.a
1764786264270,0.3275446593761444,currents.a
1764786264271,0.29718685150146484,currents.a
1764786264273,0.26523128151893616,currents.a
1764786264275,0.2157001495361328,currents.a
1764786264277,0.15338675677776337,currents.a
1764786264278,0.10385562479496002,currents.a
1764786264280,0.059117816388607025,currents.a
1764786264281,0.020771123468875885,currents.a
1764786264283,-0.014380008913576603,currents.a
1764786264284,-0.05752003565430641,currents.a
1764786264286,-0.11983340978622437,currents.a
1764786264288,-0.1565823256969452,currents.a
1764786264290,-0.18534234166145325,currents.a
1764786264291,-0.2268846035003662,currents.a
1764786264293,-0.260437935590744,currents.a
1764786264294,-0.2891979515552521,currents.a
1764786264297,-0.33074021339416504,currents.a
1764786264298,-0.35630467534065247,currents.a
1764786264300,-0.3818691372871399,currents.a
1764786264302,-0.4026402533054352,currents.a
1764786264304,-0.4266069531440735,currents.a
1764786264305,-0.4361936151981354,currents.a
1764786264307,-0.44578030705451965,currents.a
1764786264308,-0.4537692070007324,currents.a
1764786264310,-0.45536696910858154,currents.a
1764786264312,-0.44578030705451965,currents.a
1764786264313,-0.44578030705451965,currents.a
1764786264315,-0.44418251514434814,currents.a
1764786264316,-0.4298025071620941,currents.a
1764786264268,0.06071559712290764,currents.b
1764786264270,0.11983340978622437,currents.b
1764786264271,0.16616898775100708,currents.b
1764786264273,0.20771124958992004,currents.b
1764786264275,0.25564461946487427,currents.b
1764786264277,0.30837130546569824,currents.b
1764786264278,0.34352245926856995,currents.b
1764786264280,0.3706846833229065,currents.b
1764786264281,0.3946513533592224,currents.b
1764786264283,0.41222691535949707,currents.b
1764786264284,0.4266069531440735,currents.b
1764786264286,0.44258472323417664,currents.b
1764786264288,0.4489758610725403,currents.b
1764786264290,0.4521713852882385,currents.b
1764786264291,0.4473780691623688,currents.b
1764786264293,0.44578030705451965,currents.b
1764786264294,0.439389169216156,currents.b
1764786264297,0.42021581530570984,currents.b
1764786264298,0.40903139114379883,currents.b
1764786264300,0.3850646913051605,currents.b
1764786264302,0.357902467250824,currents.b
1764786264304,0.33233797550201416,currents.b
1764786264305,0.3051757514476776,currents.b
1764786264307,0.2796112895011902,currents.b
1764786264308,0.24446016550064087,currents.b
1764786264310,0.20771124958992004,currents.b
1764786264312,0.17256011068820953,currents.b
1764786264313,0.13101786375045776,currents.b
1764786264315,0.08787783980369568,currents.b
1764786264316,0.05432447791099548,currents.b
1764786264268,-0.4282047152519226,currents.c
1764786264270,-0.4473780691623688,currents.c
1764786264271,-0.4633558392524719,currents.c
1764786264273,-0.4729425311088562,currents.c
1764786264275,-0.4713447690010071,currents.c
1764786264277,-0.4617580771446228,currents.c
1764786264278,-0.44737809896469116,currents.c
1764786264280,-0.4298025071620941,currents.c
1764786264281,-0.4154224693775177,currents.c
1764786264283,-0.3898580074310303,currents.c
1764786264284,-0.3690869212150574,currents.c
1764786264286,-0.32275131344795227,currents.c
1764786264288,-0.2923935353755951,currents.c
1764786264290,-0.2668290436267853,currents.c
1764786264291,-0.22049346566200256,currents.c
1764786264293,-0.18853792548179626,currents.c
1764786264294,-0.15178897976875305,currents.c
1764786264297,-0.0894756019115448,currents.c
1764786264298,-0.05272671580314636,currents.c
1764786264300,-0.00319555401802063,currents.c
1764786264302,0.044737786054611206,currents.c
1764786264304,0.09426897764205933,currents.c
1764786264305,0.13101786375045776,currents.c
1764786264307,0.16616901755332947,currents.c
1764786264308,0.20930904150009155,currents.c
1764786264310,0.2476557195186615,currents.c
1764786264312,0.2732201814651489,currents.c
1764786264313,0.3147624433040619,currents.c
1764786264315,0.35630467534065247,currents.c
1764786264316,0.37547802925109863,currents.c
1764786264318,-0.42341139912605286,currents.a
1764786264320,-0.3962491452693939,currents.a
1764786264321,-0.3722824454307556,currents.a
1764786264323,-0.34352245926856995,currents.a
1764786264325,-0.32115355134010315,currents.a
1764786264326,-0.30677351355552673,currents.a
1764786264327,-0.2700246274471283,currents.a
1764786264328,-0.260437935590744,currents.a
1764786264329,-0.2364712655544281,currents.a
1764786264330,-0.20930902659893036,currents.a
1764786264332,-0.1805490106344223,currents.a
1764786264333,-0.14220230281352997,currents.a
1764786264335,-0.089475616812706,currents.a
1764786264337,-0.047933366149663925,currents.a
1764786264338,-0.01917334459722042,currents.a
1764786264340,0.020771123468875885,currents.a
1764786264342,0.07030227035284042,currents.a
1764786264344,0.09586673229932785,currents.a
1764786264345,0.13261564075946808,currents.a
1764786264347,0.17256011068820953,currents.a
1764786264349,0.212504580616951,currents.a
1764786264350,0.24286238849163055,currents.a
1764786264352,0.27641573548316956,currents.a
1764786264354,0.301980197429657,currents.a
1764786264355,0.32115355134010315,currents.a
1764786264357,0.34352245926856995,currents.a
1764786264359,0.3738802671432495,currents.a
1764786264360,0.38985803723335266,currents.a
1764786264362,0.41222691535949707,currents.a
1764786264364,0.4298025071620941,currents.a
1764786264365,0.43459582328796387,currents.a
1764786264367,0.439389169216156,currents.a
1764786264369,0.4521713852882385,currents.a
1764786264318,0.01597778871655464,currents.b
1764786264320,-0.023966683074831963,currents.b
1764786264321,-0.07030227035284042,currents.b
1764786264323,-0.1118445172905922,currents.b
1764786264325,-0.1453978717327118,currents.b
1764786264326,-0.1693645566701889,currents.b
1764786264327,-0.2029179185628891,currents.b
1764786264328,-0.22049348056316376,currents.b
1764786264329,-0.24446016550064087,currents.b
1764786264330,-0.2700246274471283,currents.b
1764786264332,-0.2891979515552521,currents.b
1764786264333,-0.3275446593761444,currents.b
1764786264335,-0.357902467250824,currents.b
1764786264337,-0.3818691372871399,currents.b
1764786264338,-0.39944469928741455,currents.b
1764786264340,-0.4186180531978607,currents.b
1764786264342,-0.4314002990722656,currents.b
1764786264344,-0.4409869611263275,currents.b
1764786264345,-0.4473780691623688,currents.b
1764786264347,-0.4537692070007324,currents.b
1764786264349,-0.4537692070007324,currents.b
1764786264350,-0.4489758610725403,currents.b
1764786264352,-0.44578030705451965,currents.b
1764786264354,-0.4361936151981354,currents.b
1764786264355,-0.425009161233902,currents.b
1764786264357,-0.41062915325164795,currents.b
1764786264359,-0.3930535912513733,currents.b
1764786264360,-0.3802713453769684,currents.b
1764786264362,-0.3595002293586731,currents.b
1764786264364,-0.3259468972682953,currents.b
1764786264365,-0.2955890893936157,currents.b
1764786264367,-0.260437935590744,currents.b
1764786264369,-0.22049348056316376,currents.b
1764786264318,0.3946513533592224,currents.c
1764786264320,0.42021581530570984,currents.c
1764786264321,0.44258472323417664,currents.c
1764786264323,0.45536696910858154,currents.c
1764786264325,0.4633558690547943,currents.c
1764786264326,0.4729425311088562,currents.c
1764786264327,0.4729425311088562,currents.c
1764786264328,0.4809314012527466,currents.c
1764786264329,0.48093143105506897,currents.c
1764786264330,0.47933363914489746,currents.c
1764786264332,0.4697469472885132,currents.c
1764786264333,0.4697469472885132,currents.c
1764786264335,0.44737809896469116,currents.c
1764786264337,0.4298025071620941,currents.c
1764786264338,0.4186180531978607,currents.c
1764786264340,0.39784693717956543,currents.c
1764786264342,0.3610980212688446,currents.c
1764786264344,0.3483158051967621,currents.c
1764786264345,0.3147624135017395,currents.c
1764786264347,0.2812091112136841,currents.c
1764786264349,0.24126462638378143,currents.c
1764786264350,0.20930904150009155,currents.c
1764786264352,0.1693645715713501,currents.c
1764786264354,0.1342134177684784,currents.c
1764786264355,0.10385560989379883,currents.c
1764786264357,0.067106693983078,currents.c
1764786264359,0.028760015964508057,currents.c
1764786264360,-0.009586691856384277,currents.c
1764786264362,-0.052726686000823975,currents.c
1764786264364,-0.10385560989379883,currents.c
1764786264365,-0.14380007982254028,currents.c
1764786264367,-0.178951233625412,currents.c
1764786264369,-0.23167790472507477,currents.c
1764786264371,0.44418251514434814,currents.a
1764786264373,0.44258472323417664,currents.a
1764786264374,0.4298025071620941,currents.a
1764786264376,0.41062915325164795,currents.a
1764786264377,0.3930535912513733,currents.a
1764786264379,0.3722824454307556,currents.a
1764786264381,0.3483157753944397,currents.a
1764786264382,0.3147624135017395,currents.a
1764786264383,0.2939913272857666,currents.a
1764786264384,0.27481794357299805,currents.a
1764786264386,0.23327571153640747,currents.a
1764786264387,0.20451569557189941,currents.a
1764786264389,0.15338675677776337,currents.a
1764786264390,0.1006600633263588,currents.a
1764786264392,0.05272670090198517,currents.a
1764786264393,0.014380008913576603,currents.a
1764786264395,-0.03515113517642021,currents.a
1764786264397,-0.08468227833509445,currents.a
1764786264399,-0.12942008674144745,currents.a
1764786264400,-0.1677667796611786,currents.a
1764786264402,-0.20451569557189941,currents.a
1764786264403,-0.23487348854541779,currents.a
1764786264405,-0.2796112895011902,currents.a
1764786264407,-0.31156688928604126,currents.a
1764786264409,-0.34352245926856995,currents.a
1764786264411,-0.3626957833766937,currents.a
1764786264413,-0.39784693717956543,currents.a
1764786264415,-0.41062915325164795,currents.a
1764786264417,-0.43299806118011475,currents.a
1764786264419,-0.44578030705451965,currents.a
1764786264371,-0.16457121074199677,currents.b
1764786264373,-0.11663785576820374,currents.b
1764786264374,-0.08308449387550354,currents.b
1764786264376,-0.039944469928741455,currents.b
1764786264377,0.0015977788716554642,currents.b
1764786264379,0.05272670090198517,currents.b
1764786264381,0.09586673229932785,currents.b
1764786264382,0.1358111947774887,currents.b
1764786264383,0.16297344863414764,currents.b
1764786264384,0.1917334645986557,currents.b
1764786264386,0.23966681957244873,currents.b
1764786264387,0.27641573548316956,currents.b
1764786264389,0.31156688928604126,currents.b
1764786264390,0.34512022137641907,currents.b
1764786264392,0.3738802671432495,currents.b
1764786264393,0.3962491452693939,currents.b
1764786264395,0.42181360721588135,currents.b
1764786264397,0.4377914071083069,currents.b
1764786264399,0.4473780691623688,currents.b
1764786264400,0.4537692070007324,currents.b
1764786264402,0.4505736231803894,currents.b
1764786264403,0.4521713852882385,currents.b
1764786264405,0.4409869611263275,currents.b
1764786264407,0.4314002990722656,currents.b
1764786264409,0.4170202612876892,currents.b
1764786264411,0.3962491452693939,currents.b
1764786264413,0.37707579135894775,currents.b
1764786264415,0.3483157753944397,currents.b
1764786264417,0.3131646513938904,currents.b
1764786264419,0.2732201814651489,currents.b
1764786264371,-0.2796112895011902,currents.c
1764786264373,-0.3259468674659729,currents.c
1764786264374,-0.3467180132865906,currents.c
1764786264376,-0.3706846833229065,currents.c
1764786264377,-0.3946513831615448,currents.c
1764786264379,-0.4250091314315796,currents.c
1764786264381,-0.44418251514434814,currents.c
1764786264382,-0.4505736231803894,currents.c
1764786264383,-0.45856255292892456,currents.c
1764786264384,-0.46655142307281494,currents.c
1764786264386,-0.4729425311088562,currents.c
1764786264387,-0.48093143105506897,currents.c
1764786264389,-0.4649536609649658,currents.c
1764786264390,-0.44578027725219727,currents.c
1764786264392,-0.4266069531440735,currents.c
1764786264393,-0.41062915325164795,currents.c
1764786264395,-0.37707579135894775,currents.c
1764786264397,-0.35310912132263184,currents.c
1764786264399,-0.3179579973220825,currents.c
1764786264400,-0.28600242733955383,currents.c
1764786264402,-0.24605792760849,currents.c
1764786264403,-0.21729789674282074,currents.c
1764786264405,-0.16137567162513733,currents.c
1764786264407,-0.11983340978622437,currents.c
1764786264409,-0.07349780201911926,currents.c
1764786264411,-0.033553361892700195,currents.c
1764786264413,0.020771145820617676,currents.c
1764786264415,0.06231337785720825,currents.c
1764786264417,0.11983340978622437,currents.c
1764786264419,0.17256012558937073,currents.c
1764786264421,-0.45536696910858154,currents.a
1764786264423,-0.4505736231803894,currents.a
1764786264424,-0.4473780691623688,currents.a
1764786264426,-0.4473780691623688,currents.a
1764786264427,-0.4377914071083069,currents.a
1764786264429,-0.425009161233902,currents.a
1764786264430,-0.41222691535949707,currents.a
1764786264432,-0.38666248321533203,currents.a
1764786264434,-0.35310912132263184,currents.a
1764786264436,-0.32275131344795227,currents.a
1764786264438,-0.28600242733955383,currents.a
1764786264440,-0.24446016550064087,currents.a
1764786264442,-0.20611345767974854,currents.a
1764786264443,-0.17735344171524048,currents.a
1764786264446,-0.12622451782226562,currents.a
1764786264448,-0.06391115486621857,currents.a
1764786264450,-0.01917334459722042,currents.a
1764786264452,0.023966683074831963,currents.a
1764786264454,0.06550893187522888,currents.a
1764786264456,0.10705117881298065,currents.a
1764786264458,0.1469956636428833,currents.a
1764786264460,0.19812457263469696,currents.a
1764786264462,0.23806904256343842,currents.a
1764786264464,0.2684268355369568,currents.a
1764786264466,0.3035779893398285,currents.a
1764786264468,0.3275446593761444,currents.a
1764786264421,0.23966681957244873,currents.b
1764786264423,0.1917334645986557,currents.b
1764786264424,0.15178899466991425,currents.b
1764786264426,0.10705117881298065,currents.b
1764786264427,0.07509560137987137,currents.b
1764786264429,0.03834668919444084,currents.b
1764786264430,-0.0015977788716554642,currents.b
1764786264432,-0.051128923892974854,currents.b
1764786264434,-0.09906228631734848,currents.b
1764786264436,-0.14859342575073242,currents.b
1764786264438,-0.1917334645986557,currents.b
1764786264440,-0.23327571153640747,currents.b
1764786264442,-0.26523128151893616,currents.b
1764786264443,-0.2907957434654236,currents.b
1764786264446,-0.3355335593223572,currents.b
1764786264448,-0.3706846833229065,currents.b
1764786264450,-0.39784693717956543,currents.b
1764786264452,-0.4170202612876892,currents.b
1764786264454,-0.4314002990722656,currents.b
1764786264456,-0.44418251514434814,currents.b
1764786264458,-0.4489758610725403,currents.b
1764786264460,-0.45536696910858154,currents.b
1764786264462,-0.4489758610725403,currents.b
1764786264464,-0.4409869611263275,currents.b
1764786264466,-0.4361936151981354,currents.b
1764786264468,-0.4266069531440735,currents.b
1764786264421,0.2157001495361328,currents.c
1764786264423,0.2588401436805725,currents.c
1764786264424,0.2955890893936157,currents.c
1764786264426,0.3355335593223572,currents.c
1764786264427,0.3626958131790161,currents.c
1764786264429,0.38666248321533203,currents.c
1764786264430,0.4138247072696686,currents.c
1764786264432,0.44258472323417664,currents.c
1764786264434,0.4521714150905609,currents.c
1764786264436,0.4713447391986847,currents.c
1764786264438,0.47773587703704834,currents.c
1764786264440,0.47773587703704834,currents.c
1764786264442,0.4713447391986847,currents.c
1764786264443,0.46814918518066406,currents.c
1764786264446,0.4617580771446228,currents.c
1764786264448,0.43459582328796387,currents.c
1764786264450,0.4170202910900116,currents.c
1764786264452,0.3930535912513733,currents.c
1764786264454,0.36589136719703674,currents.c
1764786264456,0.3371313214302063,currents.c
1764786264458,0.301980197429657,currents.c
1764786264460,0.2572423815727234,currents.c
1764786264462,0.21090681850910187,currents.c
1764786264464,0.17256012558937073,currents.c
1764786264466,0.13261562585830688,currents.c
1764786264468,0.09586673974990845,currents.c
1764786264471,0.3722824454307556,currents.a
1764786264473,0.4026402533054352,currents.a
1764786264475,0.4266069531440735,currents.a
1764786264477,0.43299806118011475,currents.a
1764786264479,0.44418251514434814,currents.a
1764786264481,0.4505736231803894,currents.a
1764786264482,0.4521713852882385,currents.a
1764786264484,0.4409869611263275,currents.a
1764786264486,0.43459582328796387,currents.a
1764786264488,0.4026402533054352,currents.a
1764786264490,0.3930535912513733,currents.a
1764786264491,0.3595002293586731,currents.a
1764786264493,0.3243490755558014,currents.a
1764786264495,0.28600242733955383,currents.a
1764786264496,0.2572423815727234,currents.a
1764786264498,0.2236890345811844,currents.a
1764786264500,0.16616898775100708,currents.a
1764786264503,0.08468227833509445,currents.a
1764786264505,0.028760017827153206,currents.a
1764786264507,-0.01597778871655464,currents.a
1764786264508,-0.06391115486621857,currents.a
1764786264510,-0.11504007130861282,currents.a
1764786264511,-0.15178899466991425,currents.a
1764786264513,-0.1917334645986557,currents.a
1764786264515,-0.22848236560821533,currents.a
1764786264517,-0.2700246274471283,currents.a
1764786264519,-0.301980197429657,currents.a
1764786264471,-0.39784693717956543,currents.b
1764786264473,-0.36589136719703674,currents.b
1764786264475,-0.32914242148399353,currents.b
1764786264477,-0.2907957434654236,currents.b
1764786264479,-0.26523128151893616,currents.b
1764786264481,-0.21729791164398193,currents.b
1764786264482,-0.178951233625412,currents.b
1764786264484,-0.1453978717327118,currents.b
1764786264486,-0.10225784778594971,currents.b
1764786264488,-0.03834668919444084,currents.b
1764786264490,0.0223689042031765,currents.b
1764786264491,0.07030227035284042,currents.b
1764786264493,0.123028963804245,currents.b
1764786264495,0.17256011068820953,currents.b
1764786264496,0.20771124958992004,currents.b
1764786264498,0.24605792760849,currents.b
1764786264500,0.2923935055732727,currents.b
1764786264503,0.35470688343048096,currents.b
1764786264505,0.38826024532318115,currents.b
1764786264507,0.41382473707199097,currents.b
1764786264508,0.43299806118011475,currents.b
1764786264510,0.44578030705451965,currents.b
1764786264511,0.4505736231803894,currents.b
1764786264513,0.4537692070007324,currents.b
1764786264515,0.4473780691623688,currents.b
1764786264517,0.44258472323417664,currents.b
1764786264519,0.43459582328796387,currents.b
1764786264471,0.025564491748809814,currents.c
1764786264473,-0.03674888610839844,currents.c
1764786264475,-0.09746453166007996,currents.c
1764786264477,-0.14220231771469116,currents.c
1764786264479,-0.178951233625412,currents.c
1764786264481,-0.23327571153640747,currents.c
1764786264482,-0.27322015166282654,currents.c
1764786264484,-0.2955890893936157,currents.c
1764786264486,-0.33233797550201416,currents.c
1764786264488,-0.36429357528686523,currents.c
1764786264490,-0.4074335992336273,currents.c
1764786264491,-0.4298025071620941,currents.c
1764786264493,-0.4473780393600464,currents.c
1764786264495,-0.45856255292892456,currents.c
1764786264496,-0.46495363116264343,currents.c
1764786264498,-0.4697469472885132,currents.c
1764786264500,-0.4585624933242798,currents.c
1764786264503,-0.439389169216156,currents.c
1764786264505,-0.4170202612876892,currents.c
1764786264507,-0.39784693717956543,currents.c
1764786264508,-0.3690869212150574,currents.c
1764786264510,-0.3307402431964874,currents.c
1764786264511,-0.29878461360931396,currents.c
1764786264513,-0.2620357275009155,currents.c
1764786264515,-0.21889567375183105,currents.c
1764786264517,-0.17256009578704834,currents.c
1764786264519,-0.13261562585830688,currents.c
